{"@type":"Process","@id":"1e4fd434-9cd2-402a-8ebf-43891d0dd591","name":"Steam, purchased by containerboard mills","description":"This unit process represent the emissions and resources used in producing steam purchased by containerboard mills.","category":"22: Utilities/2213: Water, Sewage and Other Systems","version":"00.00.005","lastChange":"2023-03-31T19:04:07.134Z","processType":"UNIT_PROCESS","defaultAllocationMethod":"NO_ALLOCATION","isInfrastructureProcess":false,"location":{"@type":"Location","@id":"b320e7db-c758-3ba6-8839-81eb83c9d7d7","name":"Northern America"},"processDocumentation":{"technologyDescription":"Average technology. ","dataCollectionDescription":"2009","completenessDescription":"This data is 100% based on other US LCI datasets for fuel combustion w/ exception of the quantities of fuels used in producing 1 MJ of steam for which the assumptions are described in \"modeling constants\".","reviewDetails":"The LCA study that produced this unit process was critically reviewed per ISO 14040 and 14044 standards by Dr. Lindita Bushi, Senior Research Associate of Athena Sustainable Materials Institute.","dataTreatmentDescription":"This data is 100% based on other US LCI datasets for fuel combustion w/ exception of the quantities of fuels used in producing 1 MJ of steam for which the assumptions are described in \"modeling constants\".","inventoryMethodDescription":"Attributional","modelingConstantsDescription":"Five containerboard mills reported purchasing steam from local utility plants that operate combined heat and power (CHP) systems compared to seven in 2010. For the 2010 LCA, detailed information pertaining to the fuels consumed and operating characteristics of five of the utility CHP systems providing steam to the containerboard mills were obtained from the US EPA’s eGRID database, pertaining to 2009 (2010 data were not yet available from eGRID; it was not possible to definitively identify the utilities supplying steam to two of the containerboard mills). It was assumed that the five utilities for which data were available were representative of the seven. From this information, the fraction of each fuel making up the total fuel input to the five utility CHP systems and the fraction of the total (considering all five utilities) utility fuel input energy that is allocated to the CHP-produced steam (remainder of fuel energy allocated to produced electricity) were calculated using the Efficiency Method as recommended by the WRI/WBCSD GHG Protocol (WRI and WBCSD). 2006). In this manner, the average quantities of individual fuels consumed during production of steam by the utility CHP plants serving the containerboard mills were estimated (1.24 MJ HHV/MJ sold steam). It was assumed that that steam mix also applies to the 100%-recycled product. For the 2014 LCA, fuel mixes from the most recent eGrid database were checked and compared to that used for the 2010 data. Because the fuel mix was almost identical, the data used in 2010 were also used for the 2014 LCA.\r\n","samplingDescription":"Evaluation of e-grid data for containerboard mills that purchase steam.","restrictionsDescription":"All information can be accessed by everybody.","isCopyrightProtected":false,"intendedApplication":"In order to respond to increasing interest among product manufacturers and consumer retail markets in selecting more sustainable packaging options, CPA engaged NCASI to update the results of a LCA they published in 2014 that relied primarily on 2010 data to the most recent available data (i.e., 2014 data). SITUATION A -- MICRO-LEVEL DECISION SUPPORT: The intended application for this process is for micro-level decision support as described in Goal Situation A from the ILCD Handbook\u0027s Detailed Guidance. These data were developed as specific, average or generic unit process LCI results for use in answering internal company product-related questions. A full inventory of environmental flows are included, thus this unit process can be used for a full range of LCIA impact categories, on the fate and transport considerations have been applied. The original study results were analyzed using the TRACI LCIA factors.","projectDescription":"This LCA was commissioned by the Corrugated Packaging Alliance (CPA), a joint venture of the American Forest \u0026 Paper Association (AF\u0026PA), Fibre Box Association (FBA), the Association of Independent Corrugated Converters (AICC) and TAPPI. For this study, a core project team was established to direct, review, and coordinate the activities associated with the methodologies employed, data collection, modeling, presentation and dissemination of the LCI data and corresponding LCA results. The core group for this project consisted of a technical advisory group within the Fibre Box Association (FBA) Sustainability Committee along with various staff from the National Council for Air and Stream Improvement (NCASI).","geographyDescription":"","creationDate":"2015-08-06T13:07:44.220","validFrom":"2008-12-31","validUntil":"2009-12-30","dataDocumentor":{"@type":"Actor","@id":"dd108a6d-7d70-3aa5-a864-34e6850e46d7","name":"Caroline Gaudreault"},"dataGenerator":{"@type":"Actor","@id":"dd108a6d-7d70-3aa5-a864-34e6850e46d7","name":"Caroline Gaudreault"},"publication":{"@type":"Source","@id":"3f572a02-a88d-4a6e-a6cf-e06f4bcbf8e3","name":"NCASI (2017) LCA Average Corrugated Product"},"sources":[{"@type":"Source","@id":"3f572a02-a88d-4a6e-a6cf-e06f4bcbf8e3","name":"NCASI (2017) LCA Average Corrugated Product"}]},"lastInternalId":6,"parameters":[],"exchanges":[{"@type":"Exchange","isAvoidedProduct":false,"isInput":false,"amount":1.0,"internalId":1,"flow":{"@type":"Flow","@id":"caca451d-e5df-4bf4-91f8-2c4be75af6dc","name":"Steam, purchased by containerboard mills","category":"Technosphere Flows/22: Utilities/2213: Water, Sewage and Other Systems","flowType":"PRODUCT_FLOW","refUnit":"MJ"},"unit":{"@type":"Unit","@id":"52765a6c-3896-43c2-b2f4-c679acf13efe","name":"MJ"},"flowProperty":{"@type":"FlowProperty","@id":"f6811440-ee37-11de-8a39-0800200c9a66","name":"Energy","category":"Technical flow properties","refUnit":"MJ"},"isQuantitativeReference":true},{"@type":"Exchange","isAvoidedProduct":false,"isInput":true,"amount":5.6634E-6,"amountFormula":"2.0E-4*0.028317","description":"1.24 MJ HHV per MJ of sold energy. Of this, 0.02% is from natural gas. An heat value of 1.09E3 MJ HHV/1000 ft3 was assumed.","internalId":5,"flow":{"@type":"Flow","@id":"bb1dc159-fe13-3f8e-8197-361e8c770ba3","name":"Natural gas, combusted in industrial boiler","category":"Technosphere Flows/22: Utilities/2213: Water, Sewage and Other Systems","flowType":"PRODUCT_FLOW","location":"RNA","refUnit":"m3"},"unit":{"@type":"Unit","@id":"1c3a9695-398d-4b1f-b07e-a8715b610f70","name":"m3"},"flowProperty":{"@type":"FlowProperty","@id":"93a60a56-a3c8-22da-a746-0800200c9a66","name":"Volume","category":"Technical flow properties","refUnit":"m3"},"defaultProvider":{"@type":"Process","@id":"5b81b61c-4d10-3bed-9926-8a5f868f5174","name":"Natural gas, combusted in industrial boiler","category":"22: Utilities/2213: Water, Sewage and Other Systems","processType":"UNIT_PROCESS","flowType":"PRODUCT_FLOW","location":"RNA"}},{"@type":"Exchange","isAvoidedProduct":false,"isInput":true,"amount":0.0274,"description":"1.24 MJ HHV per MJ of sold energy. Of this, 65.8% is from bituminous coal 0.7% from other fossil lumped into coal. An heat value of 30 MJHHV/kg was assumed.","internalId":2,"flow":{"@type":"Flow","@id":"73cd1596-214d-3403-87f1-f69fc3818886","name":"Bituminous coal, combusted in industrial boiler","category":"Technosphere Flows/22: Utilities/2213: Water, Sewage and Other Systems","flowType":"PRODUCT_FLOW","location":"RNA","refUnit":"kg"},"unit":{"@type":"Unit","@id":"20aadc24-a391-41cf-b340-3e4529f44bde","name":"kg"},"flowProperty":{"@type":"FlowProperty","@id":"93a60a56-a3c8-11da-a746-0800200b9a66","name":"Mass","category":"Technical flow properties","refUnit":"kg"},"defaultProvider":{"@type":"Process","@id":"26465530-69ff-3c68-834f-c67ccb6ee1b2","name":"Bituminous coal, combusted in industrial boiler","category":"22: Utilities/2213: Water, Sewage and Other Systems","processType":"UNIT_PROCESS","flowType":"PRODUCT_FLOW","location":"RNA"}},{"@type":"Exchange","isAvoidedProduct":false,"isInput":true,"amount":0.0125,"description":"1.24 MJ HHV per MJ of sold energy. Of this, 30.3% is from subbituminous coal. An heat value of 30 MJHHV/kg was assumed. Lignite was used as a proxy for sub-bituminous coal.","internalId":3,"flow":{"@type":"Flow","@id":"eb6394c1-0d19-3be3-99ab-ec572dec9926","name":"Lignite coal, combusted in industrial boiler","category":"Technosphere Flows/22: Utilities/2213: Water, Sewage and Other Systems","flowType":"PRODUCT_FLOW","location":"RNA","refUnit":"kg"},"unit":{"@type":"Unit","@id":"20aadc24-a391-41cf-b340-3e4529f44bde","name":"kg"},"flowProperty":{"@type":"FlowProperty","@id":"93a60a56-a3c8-11da-a746-0800200b9a66","name":"Mass","category":"Technical flow properties","refUnit":"kg"},"defaultProvider":{"@type":"Process","@id":"1b0f75b8-e749-3eb2-8727-de6a22f60646","name":"Lignite coal, combusted in industrial boiler","category":"22: Utilities/2213: Water, Sewage and Other Systems","processType":"UNIT_PROCESS","flowType":"PRODUCT_FLOW","location":"RNA"}},{"@type":"Exchange","isAvoidedProduct":false,"isInput":true,"amount":4.7696166E-4,"amountFormula":"1.26E-4*3.78541","description":"1.24 MJ HHV per MJ of sold energy. Of this, 1.6% is from oil coal. An heat value of 158 MJHHV/gal was assumed.","internalId":4,"flow":{"@type":"Flow","@id":"654a5cf6-185f-3d91-89ef-42442d1825e8","name":"Residual fuel oil, combusted in industrial boiler","category":"Technosphere Flows/22: Utilities/2213: Water, Sewage and Other Systems","flowType":"PRODUCT_FLOW","location":"RNA","refUnit":"m3"},"unit":{"@type":"Unit","@id":"b80a512e-e402-4363-8ad0-7d02dcf4a459","name":"l"},"flowProperty":{"@type":"FlowProperty","@id":"93a60a56-a3c8-22da-a746-0800200c9a66","name":"Volume","category":"Technical flow properties","refUnit":"m3"},"defaultProvider":{"@type":"Process","@id":"9d9b6815-9349-30af-869b-57362428c42e","name":"Residual fuel oil, combusted in industrial boiler","category":"22: Utilities/2213: Water, Sewage and Other Systems","processType":"UNIT_PROCESS","flowType":"PRODUCT_FLOW","location":"RNA"}},{"@type":"Exchange","isAvoidedProduct":false,"isInput":true,"amount":0.00108,"description":"1.24 MJ HHV per MJ of sold energy. Of this, 1.5% is from biomass. An heat value of 17.2 MJHHV/kg was assumed.","internalId":6,"flow":{"@type":"Flow","@id":"1a76ed77-b97d-3070-85b7-b1f41906cece","name":"Wood waste, unspecified, combusted in industrial boiler","category":"Technosphere Flows/22: Utilities/2213: Water, Sewage and Other Systems","flowType":"PRODUCT_FLOW","location":"RNA","refUnit":"kg"},"unit":{"@type":"Unit","@id":"20aadc24-a391-41cf-b340-3e4529f44bde","name":"kg"},"flowProperty":{"@type":"FlowProperty","@id":"93a60a56-a3c8-11da-a746-0800200b9a66","name":"Mass","category":"Technical flow properties","refUnit":"kg"},"defaultProvider":{"@type":"Process","@id":"3455f918-4a43-3b09-b06e-7402c12b8d45","name":"Wood waste, unspecified, combusted in industrial boiler","category":"22: Utilities/2213: Water, Sewage and Other Systems","processType":"UNIT_PROCESS","flowType":"PRODUCT_FLOW","location":"RNA"}}],"socialAspects":[],"allocationFactors":[]}