{"@type":"Process","@id":"3b1cd62b-7788-3096-8b6e-9cb6cdc359f2","name":"Engineered flooring, hardwood, unfinished, E","description":"All weights given on an ovendry basis. All moisture contents are on an ovendry basis.  MC% \u003d(weight of water in wood / weight of oven dry wood) *100. Reference to specific gravities use oven dry mass and volumes at specified moisture contents.  Reference to densities use mass and volume at specified moistrue contents.\n\nImportant note: although most of the data in the US LCI database has \nundergone some sort of review, the database as a whole has not yet \nundergone a formal validation process.\nPlease email comments to lci@nrel.gov.","category":"31-33: Manufacturing/3219: Other Wood Product Manufacturing","version":"00.00.010","lastChange":"2023-03-31T19:04:06.667Z","processType":"UNIT_PROCESS","defaultAllocationMethod":"PHYSICAL_ALLOCATION","isInfrastructureProcess":false,"location":{"@type":"Location","@id":"0b3b97fa-6688-3c56-88ee-4ae80ec0c3c2","name":"United States"},"processDocumentation":{"technologyDescription":"Typical","samplingDescription":"Questionnaires from  4 veneer and 5 flooring mills in the E. United States representing 32 states.","restrictionsDescription":"All information can be accessed by everybody.","isCopyrightProtected":false,"intendedApplication":"Only mass allocation factors are available for the multi-functional processes (disregard economic allocation factor values-they are mass allocation factors).","geographyDescription":"E\u003d Eastern US United States. The states included MN, IA, MO, WI, IL, NJ, OH, IN, MI, WV, PA, MD, DW, NJ, NY, ME, VT, NH, RI, MA, CT, VA, KY, AR, LA, MS, AL, FL,GA, NC, SC, and TN","creationDate":"2011-10-26T03:48:24","validFrom":"2006-12-31","validUntil":"2006-12-31","dataDocumentor":{"@type":"Actor","@id":"ae081e38-d629-3c22-86de-dbc3bb038016","name":"Maureen Puetmann"},"dataGenerator":{"@type":"Actor","@id":"ae081e38-d629-3c22-86de-dbc3bb038016","name":"Maureen Puetmann"},"publication":{"@type":"Source","@id":"90575c97-9cbe-3bfb-979d-e6986f221aaf","name":"Richard D. Bergman "},"sources":[{"@type":"Source","@id":"90575c97-9cbe-3bfb-979d-e6986f221aaf","name":"Richard D. Bergman "},{"@type":"Source","@id":"d6a8566d-d2eb-317c-a4fc-b6fd621a6e3c","name":"Maureen Puettmann "}]},"lastInternalId":11,"parameters":[],"exchanges":[{"@type":"Exchange","isAvoidedProduct":false,"isInput":false,"amount":1.0,"description":"Based on a weighted average green density and specific gravity of 613 kg/m3 and 0.578.  Moisture content (ovendry basis) \u003d 6.0%.    ","internalId":1,"flow":{"@type":"Flow","@id":"765ec5e3-20b0-3d0d-8d3f-75f42b37efc6","name":"Engineered flooring; hardwood; unfinished","category":"Technosphere Flows/31-33: Manufacturing/3219: Other Wood Product Manufacturing","flowType":"PRODUCT_FLOW","location":"US","refUnit":"m3"},"unit":{"@type":"Unit","@id":"1c3a9695-398d-4b1f-b07e-a8715b610f70","name":"m3"},"flowProperty":{"@type":"FlowProperty","@id":"93a60a56-a3c8-22da-a746-0800200c9a66","name":"Volume","category":"Technical flow properties","refUnit":"m3"},"isQuantitativeReference":true},{"@type":"Exchange","isAvoidedProduct":false,"isInput":true,"amount":0.3503,"description":"Amount of diesel consumed during trimming.  Represents 5% of mill use of diesel","internalId":3,"flow":{"@type":"Flow","@id":"d815ff18-015c-3afb-be18-be03bdf325da","name":"Diesel, combusted in industrial equipment","category":"Technosphere Flows/22: Utilities/2213: Water, Sewage and Other Systems","flowType":"PRODUCT_FLOW","location":"RNA","refUnit":"m3"},"unit":{"@type":"Unit","@id":"b80a512e-e402-4363-8ad0-7d02dcf4a459","name":"l"},"flowProperty":{"@type":"FlowProperty","@id":"93a60a56-a3c8-22da-a746-0800200c9a66","name":"Volume","category":"Technical flow properties","refUnit":"m3"},"defaultProvider":{"@type":"Process","@id":"d6ad7035-5498-3237-8abd-50e93b1eef89","name":"Diesel, combusted in industrial equipment","category":"22: Utilities/2213: Water, Sewage and Other Systems","processType":"UNIT_PROCESS","flowType":"PRODUCT_FLOW","location":"RNA"}},{"@type":"Exchange","isAvoidedProduct":false,"isInput":true,"amount":4.425E-4,"description":"Amount of natural gas consumed during trimming.  Represents 14.3% of mill use of natural gas; proxy for propane","internalId":6,"flow":{"@type":"Flow","@id":"9dfc02c2-db7e-3c19-b120-165cab1a22c5","name":"Natural gas, combusted in industrial equipment, 1.357 m3/kg, 52.13 MJ/kg","category":"Technosphere Flows/22: Utilities/2213: Water, Sewage and Other Systems","flowType":"PRODUCT_FLOW","location":"RNA","refUnit":"m3"},"unit":{"@type":"Unit","@id":"1c3a9695-398d-4b1f-b07e-a8715b610f70","name":"m3"},"flowProperty":{"@type":"FlowProperty","@id":"93a60a56-a3c8-22da-a746-0800200c9a66","name":"Volume","category":"Technical flow properties","refUnit":"m3"},"defaultProvider":{"@type":"Process","@id":"7b7babef-a97a-3510-88f2-ee70aa1fa03b","name":"Natural gas, combusted in industrial equipment","category":"22: Utilities/2213: Water, Sewage and Other Systems","processType":"UNIT_PROCESS","flowType":"PRODUCT_FLOW","location":"RNA"}},{"@type":"Exchange","isAvoidedProduct":false,"isInput":false,"amount":4.148,"description":"Based on a weighted average green density and specific gravity of 613 kg/m3 and 0.578.  Moisture content (ovendry basis) \u003d 6.0%.    ","internalId":2,"flow":{"@type":"Flow","@id":"115967d8-5c6a-32ee-9868-6a786b34ecf2","name":"Wood fuel; hardwood; dry; at engineered wood flooring plant","category":"Technosphere Flows/31-33: Manufacturing/3219: Other Wood Product Manufacturing","flowType":"PRODUCT_FLOW","location":"US","refUnit":"kg"},"unit":{"@type":"Unit","@id":"20aadc24-a391-41cf-b340-3e4529f44bde","name":"kg"},"flowProperty":{"@type":"FlowProperty","@id":"93a60a56-a3c8-11da-a746-0800200b9a66","name":"Mass","category":"Technical flow properties","refUnit":"kg"}},{"@type":"Exchange","isAvoidedProduct":false,"isInput":true,"amount":596.0,"description":"Panels manufactured on-site","internalId":11,"flow":{"@type":"Flow","@id":"249e7a19-e940-32c5-9591-4cc0a06d53c6","name":"Pressed raw panels; hardwood; at engineered wood flooring plant","category":"Technosphere Flows/31-33: Manufacturing/3219: Other Wood Product Manufacturing","flowType":"PRODUCT_FLOW","location":"US","refUnit":"kg"},"unit":{"@type":"Unit","@id":"20aadc24-a391-41cf-b340-3e4529f44bde","name":"kg"},"flowProperty":{"@type":"FlowProperty","@id":"93a60a56-a3c8-11da-a746-0800200b9a66","name":"Mass","category":"Technical flow properties","refUnit":"kg"},"defaultProvider":{"@type":"Process","@id":"4b4bf45b-2bfd-3e0f-bdde-bae1bd5d7c41","name":"Pressed raw panels, hardwood, at engineered wood flooring plant, E","category":"31-33: Manufacturing/3219: Other Wood Product Manufacturing","processType":"UNIT_PROCESS","flowType":"PRODUCT_FLOW","location":"US"}},{"@type":"Exchange","isAvoidedProduct":false,"isInput":true,"amount":0.0817,"description":"Amount of gasoline consumed during trimming.  Represents 14.3% of mill use of gasoline","internalId":9,"flow":{"@type":"Flow","@id":"bc38e349-1ccf-3855-a615-a4f581ab875b","name":"Gasoline, combusted in equipment","category":"Technosphere Flows/22: Utilities/2213: Water, Sewage and Other Systems","flowType":"PRODUCT_FLOW","location":"RNA","refUnit":"m3"},"unit":{"@type":"Unit","@id":"b80a512e-e402-4363-8ad0-7d02dcf4a459","name":"l"},"flowProperty":{"@type":"FlowProperty","@id":"93a60a56-a3c8-22da-a746-0800200c9a66","name":"Volume","category":"Technical flow properties","refUnit":"m3"},"defaultProvider":{"@type":"Process","@id":"d3e13675-1455-375f-a557-bb8234de75ff","name":"Gasoline, combusted in equipment","category":"22: Utilities/2213: Water, Sewage and Other Systems","processType":"UNIT_PROCESS","flowType":"PRODUCT_FLOW","location":"RNA"}},{"@type":"Exchange","isAvoidedProduct":false,"isInput":true,"amount":177.0,"description":"Panesl purchased off-site","internalId":8,"flow":{"@type":"Flow","@id":"e4a5b60f-dee4-3648-b2fd-7e7131fa21b2","name":"Pressed raw panels; purchased; hardwood; at eng wood flooring plant","category":"Technosphere Flows/31-33: Manufacturing/3219: Other Wood Product Manufacturing","flowType":"PRODUCT_FLOW","location":"US","refUnit":"kg"},"unit":{"@type":"Unit","@id":"20aadc24-a391-41cf-b340-3e4529f44bde","name":"kg"},"flowProperty":{"@type":"FlowProperty","@id":"93a60a56-a3c8-11da-a746-0800200b9a66","name":"Mass","category":"Technical flow properties","refUnit":"kg"},"defaultProvider":{"@type":"Process","@id":"89268f85-c58a-3224-8a61-28e8848a2797","name":"Pressed raw panels, purchased, hardwood, at eng wood flooring plant, E","category":"31-33: Manufacturing/3219: Other Wood Product Manufacturing","processType":"UNIT_PROCESS","flowType":"PRODUCT_FLOW","location":"US"}},{"@type":"Exchange","isAvoidedProduct":false,"isInput":false,"amount":114.5,"description":"Based on a weighted average green density and specific gravity of 613 kg/m3 and 0.578.  Moisture content (ovendry basis) \u003d 6.0%.    ","internalId":4,"flow":{"@type":"Flow","@id":"2ff86a3f-6fb4-3437-939c-3c42d6d037d6","name":"Sawdust; hardwood; dry; at engineered wood flooring plant","category":"Technosphere Flows/31-33: Manufacturing/3219: Other Wood Product Manufacturing","flowType":"PRODUCT_FLOW","location":"US","refUnit":"kg"},"unit":{"@type":"Unit","@id":"20aadc24-a391-41cf-b340-3e4529f44bde","name":"kg"},"flowProperty":{"@type":"FlowProperty","@id":"93a60a56-a3c8-11da-a746-0800200b9a66","name":"Mass","category":"Technical flow properties","refUnit":"kg"}},{"@type":"Exchange","isAvoidedProduct":false,"isInput":true,"amount":66.97,"description":"Amount of electricity consumed during trimming.  Represents 6% of mill use of electricity","internalId":7,"flow":{"@type":"Flow","@id":"06581fb2-1de0-3e78-8298-f37605dea142","name":"Electricity, at grid","category":"Technosphere Flows/22: Utilities/2211: Electric Power Generation, Transmission and Distribution","flowType":"PRODUCT_FLOW","location":"RNA","refUnit":"MJ"},"unit":{"@type":"Unit","@id":"86ad2244-1f0e-4912-af53-7865283103e4","name":"kWh"},"flowProperty":{"@type":"FlowProperty","@id":"f6811440-ee37-11de-8a39-0800200c9a66","name":"Energy","category":"Technical flow properties","refUnit":"MJ"},"defaultProvider":{"@type":"Process","@id":"e5856077-a966-4692-9d10-e747237d4fa6","name":"Electricity, Eastern US, 2014","category":"22: Utilities/2211: Electric Power Generation, Transmission and Distribution","processType":"UNIT_PROCESS","flowType":"PRODUCT_FLOW","location":"US"}},{"@type":"Exchange","isAvoidedProduct":false,"isInput":false,"amount":11.44,"description":"Based on a weighted average green density and specific gravity of 613 kg/m3 and 0.578.  Moisture content (ovendry basis) \u003d 6.0%.    ","internalId":5,"flow":{"@type":"Flow","@id":"90317723-deb2-3db0-8b02-233704e100b7","name":"Shavings; hardwood; dry; at engineered wood flooring plant","category":"Technosphere Flows/31-33: Manufacturing/3219: Other Wood Product Manufacturing","flowType":"PRODUCT_FLOW","location":"US","refUnit":"kg"},"unit":{"@type":"Unit","@id":"20aadc24-a391-41cf-b340-3e4529f44bde","name":"kg"},"flowProperty":{"@type":"FlowProperty","@id":"93a60a56-a3c8-11da-a746-0800200b9a66","name":"Mass","category":"Technical flow properties","refUnit":"kg"}},{"@type":"Exchange","isAvoidedProduct":false,"isInput":false,"amount":0.07,"description":"Two mills reported","internalId":10,"flow":{"@type":"Flow","@id":"e3e3e95b-0d76-3089-bd1f-aa577a3d986a","name":"Particulate matter, ≤ 10μm","category":"Elementary Flows/emission/air/troposphere/rural","flowType":"ELEMENTARY_FLOW","refUnit":"kg"},"unit":{"@type":"Unit","@id":"20aadc24-a391-41cf-b340-3e4529f44bde","name":"kg"},"flowProperty":{"@type":"FlowProperty","@id":"93a60a56-a3c8-11da-a746-0800200b9a66","name":"Mass","category":"Technical flow properties","refUnit":"kg"}}],"socialAspects":[],"allocationFactors":[{"allocationType":"CAUSAL_ALLOCATION","exchange":{"@type":"Exchange","internalId":8,"flow":{"@type":"Flow","@id":"e4a5b60f-dee4-3648-b2fd-7e7131fa21b2","name":"Pressed raw panels; purchased; hardwood; at eng wood flooring plant","category":"Technosphere Flows/31-33: Manufacturing/3219: Other Wood Product Manufacturing","flowType":"PRODUCT_FLOW","location":"US","refUnit":"kg"}},"product":{"@type":"Flow","@id":"115967d8-5c6a-32ee-9868-6a786b34ecf2","name":"Wood fuel; hardwood; dry; at engineered wood flooring plant","category":"Technosphere Flows/31-33: Manufacturing/3219: Other Wood Product Manufacturing","flowType":"PRODUCT_FLOW","location":"US","refUnit":"kg"},"value":0.005582111},{"allocationType":"CAUSAL_ALLOCATION","exchange":{"@type":"Exchange","internalId":9,"flow":{"@type":"Flow","@id":"bc38e349-1ccf-3855-a615-a4f581ab875b","name":"Gasoline, combusted in equipment","category":"Technosphere Flows/22: Utilities/2213: Water, Sewage and Other Systems","flowType":"PRODUCT_FLOW","location":"RNA","refUnit":"m3"}},"product":{"@type":"Flow","@id":"90317723-deb2-3db0-8b02-233704e100b7","name":"Shavings; hardwood; dry; at engineered wood flooring plant","category":"Technosphere Flows/31-33: Manufacturing/3219: Other Wood Product Manufacturing","flowType":"PRODUCT_FLOW","location":"US","refUnit":"kg"},"value":0.015395216},{"allocationType":"CAUSAL_ALLOCATION","exchange":{"@type":"Exchange","internalId":7,"flow":{"@type":"Flow","@id":"06581fb2-1de0-3e78-8298-f37605dea142","name":"Electricity, at grid","category":"Technosphere Flows/22: Utilities/2211: Electric Power Generation, Transmission and Distribution","flowType":"PRODUCT_FLOW","location":"RNA","refUnit":"MJ"}},"product":{"@type":"Flow","@id":"90317723-deb2-3db0-8b02-233704e100b7","name":"Shavings; hardwood; dry; at engineered wood flooring plant","category":"Technosphere Flows/31-33: Manufacturing/3219: Other Wood Product Manufacturing","flowType":"PRODUCT_FLOW","location":"US","refUnit":"kg"},"value":0.015395216},{"allocationType":"CAUSAL_ALLOCATION","exchange":{"@type":"Exchange","internalId":3,"flow":{"@type":"Flow","@id":"d815ff18-015c-3afb-be18-be03bdf325da","name":"Diesel, combusted in industrial equipment","category":"Technosphere Flows/22: Utilities/2213: Water, Sewage and Other Systems","flowType":"PRODUCT_FLOW","location":"RNA","refUnit":"m3"}},"product":{"@type":"Flow","@id":"115967d8-5c6a-32ee-9868-6a786b34ecf2","name":"Wood fuel; hardwood; dry; at engineered wood flooring plant","category":"Technosphere Flows/31-33: Manufacturing/3219: Other Wood Product Manufacturing","flowType":"PRODUCT_FLOW","location":"US","refUnit":"kg"},"value":0.005582111},{"allocationType":"CAUSAL_ALLOCATION","exchange":{"@type":"Exchange","internalId":6,"flow":{"@type":"Flow","@id":"9dfc02c2-db7e-3c19-b120-165cab1a22c5","name":"Natural gas, combusted in industrial equipment, 1.357 m3/kg, 52.13 MJ/kg","category":"Technosphere Flows/22: Utilities/2213: Water, Sewage and Other Systems","flowType":"PRODUCT_FLOW","location":"RNA","refUnit":"m3"}},"product":{"@type":"Flow","@id":"2ff86a3f-6fb4-3437-939c-3c42d6d037d6","name":"Sawdust; hardwood; dry; at engineered wood flooring plant","category":"Technosphere Flows/31-33: Manufacturing/3219: Other Wood Product Manufacturing","flowType":"PRODUCT_FLOW","location":"US","refUnit":"kg"},"value":0.15408673},{"allocationType":"CAUSAL_ALLOCATION","exchange":{"@type":"Exchange","internalId":9,"flow":{"@type":"Flow","@id":"bc38e349-1ccf-3855-a615-a4f581ab875b","name":"Gasoline, combusted in equipment","category":"Technosphere Flows/22: Utilities/2213: Water, Sewage and Other Systems","flowType":"PRODUCT_FLOW","location":"RNA","refUnit":"m3"}},"product":{"@type":"Flow","@id":"115967d8-5c6a-32ee-9868-6a786b34ecf2","name":"Wood fuel; hardwood; dry; at engineered wood flooring plant","category":"Technosphere Flows/31-33: Manufacturing/3219: Other Wood Product Manufacturing","flowType":"PRODUCT_FLOW","location":"US","refUnit":"kg"},"value":0.005582111},{"allocationType":"CAUSAL_ALLOCATION","exchange":{"@type":"Exchange","internalId":7,"flow":{"@type":"Flow","@id":"06581fb2-1de0-3e78-8298-f37605dea142","name":"Electricity, at grid","category":"Technosphere Flows/22: Utilities/2211: Electric Power Generation, Transmission and Distribution","flowType":"PRODUCT_FLOW","location":"RNA","refUnit":"MJ"}},"product":{"@type":"Flow","@id":"765ec5e3-20b0-3d0d-8d3f-75f42b37efc6","name":"Engineered flooring; hardwood; unfinished","category":"Technosphere Flows/31-33: Manufacturing/3219: Other Wood Product Manufacturing","flowType":"PRODUCT_FLOW","location":"US","refUnit":"m3"},"value":0.824935943},{"allocationType":"CAUSAL_ALLOCATION","exchange":{"@type":"Exchange","internalId":11,"flow":{"@type":"Flow","@id":"249e7a19-e940-32c5-9591-4cc0a06d53c6","name":"Pressed raw panels; hardwood; at engineered wood flooring plant","category":"Technosphere Flows/31-33: Manufacturing/3219: Other Wood Product Manufacturing","flowType":"PRODUCT_FLOW","location":"US","refUnit":"kg"}},"product":{"@type":"Flow","@id":"765ec5e3-20b0-3d0d-8d3f-75f42b37efc6","name":"Engineered flooring; hardwood; unfinished","category":"Technosphere Flows/31-33: Manufacturing/3219: Other Wood Product Manufacturing","flowType":"PRODUCT_FLOW","location":"US","refUnit":"m3"},"value":0.824935943},{"allocationType":"CAUSAL_ALLOCATION","exchange":{"@type":"Exchange","internalId":8,"flow":{"@type":"Flow","@id":"e4a5b60f-dee4-3648-b2fd-7e7131fa21b2","name":"Pressed raw panels; purchased; hardwood; at eng wood flooring plant","category":"Technosphere Flows/31-33: Manufacturing/3219: Other Wood Product Manufacturing","flowType":"PRODUCT_FLOW","location":"US","refUnit":"kg"}},"product":{"@type":"Flow","@id":"765ec5e3-20b0-3d0d-8d3f-75f42b37efc6","name":"Engineered flooring; hardwood; unfinished","category":"Technosphere Flows/31-33: Manufacturing/3219: Other Wood Product Manufacturing","flowType":"PRODUCT_FLOW","location":"US","refUnit":"m3"},"value":0.824935943},{"allocationType":"PHYSICAL_ALLOCATION","product":{"@type":"Flow","@id":"90317723-deb2-3db0-8b02-233704e100b7","name":"Shavings; hardwood; dry; at engineered wood flooring plant","category":"Technosphere Flows/31-33: Manufacturing/3219: Other Wood Product Manufacturing","flowType":"PRODUCT_FLOW","location":"US","refUnit":"kg"},"value":0.015395216},{"allocationType":"CAUSAL_ALLOCATION","exchange":{"@type":"Exchange","internalId":7,"flow":{"@type":"Flow","@id":"06581fb2-1de0-3e78-8298-f37605dea142","name":"Electricity, at grid","category":"Technosphere Flows/22: Utilities/2211: Electric Power Generation, Transmission and Distribution","flowType":"PRODUCT_FLOW","location":"RNA","refUnit":"MJ"}},"product":{"@type":"Flow","@id":"2ff86a3f-6fb4-3437-939c-3c42d6d037d6","name":"Sawdust; hardwood; dry; at engineered wood flooring plant","category":"Technosphere Flows/31-33: Manufacturing/3219: Other Wood Product Manufacturing","flowType":"PRODUCT_FLOW","location":"US","refUnit":"kg"},"value":0.15408673},{"allocationType":"CAUSAL_ALLOCATION","exchange":{"@type":"Exchange","internalId":7,"flow":{"@type":"Flow","@id":"06581fb2-1de0-3e78-8298-f37605dea142","name":"Electricity, at grid","category":"Technosphere Flows/22: Utilities/2211: Electric Power Generation, Transmission and Distribution","flowType":"PRODUCT_FLOW","location":"RNA","refUnit":"MJ"}},"product":{"@type":"Flow","@id":"115967d8-5c6a-32ee-9868-6a786b34ecf2","name":"Wood fuel; hardwood; dry; at engineered wood flooring plant","category":"Technosphere Flows/31-33: Manufacturing/3219: Other Wood Product Manufacturing","flowType":"PRODUCT_FLOW","location":"US","refUnit":"kg"},"value":0.005582111},{"allocationType":"CAUSAL_ALLOCATION","exchange":{"@type":"Exchange","internalId":9,"flow":{"@type":"Flow","@id":"bc38e349-1ccf-3855-a615-a4f581ab875b","name":"Gasoline, combusted in equipment","category":"Technosphere Flows/22: Utilities/2213: Water, Sewage and Other Systems","flowType":"PRODUCT_FLOW","location":"RNA","refUnit":"m3"}},"product":{"@type":"Flow","@id":"2ff86a3f-6fb4-3437-939c-3c42d6d037d6","name":"Sawdust; hardwood; dry; at engineered wood flooring plant","category":"Technosphere Flows/31-33: Manufacturing/3219: Other Wood Product Manufacturing","flowType":"PRODUCT_FLOW","location":"US","refUnit":"kg"},"value":0.15408673},{"allocationType":"CAUSAL_ALLOCATION","exchange":{"@type":"Exchange","internalId":8,"flow":{"@type":"Flow","@id":"e4a5b60f-dee4-3648-b2fd-7e7131fa21b2","name":"Pressed raw panels; purchased; hardwood; at eng wood flooring plant","category":"Technosphere Flows/31-33: Manufacturing/3219: Other Wood Product Manufacturing","flowType":"PRODUCT_FLOW","location":"US","refUnit":"kg"}},"product":{"@type":"Flow","@id":"90317723-deb2-3db0-8b02-233704e100b7","name":"Shavings; hardwood; dry; at engineered wood flooring plant","category":"Technosphere Flows/31-33: Manufacturing/3219: Other Wood Product Manufacturing","flowType":"PRODUCT_FLOW","location":"US","refUnit":"kg"},"value":0.015395216},{"allocationType":"CAUSAL_ALLOCATION","exchange":{"@type":"Exchange","internalId":10,"flow":{"@type":"Flow","@id":"e3e3e95b-0d76-3089-bd1f-aa577a3d986a","name":"Particulate matter, ≤ 10μm","category":"Elementary Flows/emission/air/troposphere/rural","flowType":"ELEMENTARY_FLOW","refUnit":"kg"}},"product":{"@type":"Flow","@id":"90317723-deb2-3db0-8b02-233704e100b7","name":"Shavings; hardwood; dry; at engineered wood flooring plant","category":"Technosphere Flows/31-33: Manufacturing/3219: Other Wood Product Manufacturing","flowType":"PRODUCT_FLOW","location":"US","refUnit":"kg"},"value":0.015395216},{"allocationType":"CAUSAL_ALLOCATION","exchange":{"@type":"Exchange","internalId":8,"flow":{"@type":"Flow","@id":"e4a5b60f-dee4-3648-b2fd-7e7131fa21b2","name":"Pressed raw panels; purchased; hardwood; at eng wood flooring plant","category":"Technosphere Flows/31-33: Manufacturing/3219: Other Wood Product Manufacturing","flowType":"PRODUCT_FLOW","location":"US","refUnit":"kg"}},"product":{"@type":"Flow","@id":"2ff86a3f-6fb4-3437-939c-3c42d6d037d6","name":"Sawdust; hardwood; dry; at engineered wood flooring plant","category":"Technosphere Flows/31-33: Manufacturing/3219: Other Wood Product Manufacturing","flowType":"PRODUCT_FLOW","location":"US","refUnit":"kg"},"value":0.15408673},{"allocationType":"ECONOMIC_ALLOCATION","product":{"@type":"Flow","@id":"90317723-deb2-3db0-8b02-233704e100b7","name":"Shavings; hardwood; dry; at engineered wood flooring plant","category":"Technosphere Flows/31-33: Manufacturing/3219: Other Wood Product Manufacturing","flowType":"PRODUCT_FLOW","location":"US","refUnit":"kg"},"value":0.015395216},{"allocationType":"CAUSAL_ALLOCATION","exchange":{"@type":"Exchange","internalId":3,"flow":{"@type":"Flow","@id":"d815ff18-015c-3afb-be18-be03bdf325da","name":"Diesel, combusted in industrial equipment","category":"Technosphere Flows/22: Utilities/2213: Water, Sewage and Other Systems","flowType":"PRODUCT_FLOW","location":"RNA","refUnit":"m3"}},"product":{"@type":"Flow","@id":"765ec5e3-20b0-3d0d-8d3f-75f42b37efc6","name":"Engineered flooring; hardwood; unfinished","category":"Technosphere Flows/31-33: Manufacturing/3219: Other Wood Product Manufacturing","flowType":"PRODUCT_FLOW","location":"US","refUnit":"m3"},"value":0.824935943},{"allocationType":"ECONOMIC_ALLOCATION","product":{"@type":"Flow","@id":"765ec5e3-20b0-3d0d-8d3f-75f42b37efc6","name":"Engineered flooring; hardwood; unfinished","category":"Technosphere Flows/31-33: Manufacturing/3219: Other Wood Product Manufacturing","flowType":"PRODUCT_FLOW","location":"US","refUnit":"m3"},"value":0.824935943},{"allocationType":"ECONOMIC_ALLOCATION","product":{"@type":"Flow","@id":"2ff86a3f-6fb4-3437-939c-3c42d6d037d6","name":"Sawdust; hardwood; dry; at engineered wood flooring plant","category":"Technosphere Flows/31-33: Manufacturing/3219: Other Wood Product Manufacturing","flowType":"PRODUCT_FLOW","location":"US","refUnit":"kg"},"value":0.15408673},{"allocationType":"PHYSICAL_ALLOCATION","product":{"@type":"Flow","@id":"2ff86a3f-6fb4-3437-939c-3c42d6d037d6","name":"Sawdust; hardwood; dry; at engineered wood flooring plant","category":"Technosphere Flows/31-33: Manufacturing/3219: Other Wood Product Manufacturing","flowType":"PRODUCT_FLOW","location":"US","refUnit":"kg"},"value":0.15408673},{"allocationType":"CAUSAL_ALLOCATION","exchange":{"@type":"Exchange","internalId":11,"flow":{"@type":"Flow","@id":"249e7a19-e940-32c5-9591-4cc0a06d53c6","name":"Pressed raw panels; hardwood; at engineered wood flooring plant","category":"Technosphere Flows/31-33: Manufacturing/3219: Other Wood Product Manufacturing","flowType":"PRODUCT_FLOW","location":"US","refUnit":"kg"}},"product":{"@type":"Flow","@id":"90317723-deb2-3db0-8b02-233704e100b7","name":"Shavings; hardwood; dry; at engineered wood flooring plant","category":"Technosphere Flows/31-33: Manufacturing/3219: Other Wood Product Manufacturing","flowType":"PRODUCT_FLOW","location":"US","refUnit":"kg"},"value":0.015395216},{"allocationType":"CAUSAL_ALLOCATION","exchange":{"@type":"Exchange","internalId":10,"flow":{"@type":"Flow","@id":"e3e3e95b-0d76-3089-bd1f-aa577a3d986a","name":"Particulate matter, ≤ 10μm","category":"Elementary Flows/emission/air/troposphere/rural","flowType":"ELEMENTARY_FLOW","refUnit":"kg"}},"product":{"@type":"Flow","@id":"765ec5e3-20b0-3d0d-8d3f-75f42b37efc6","name":"Engineered flooring; hardwood; unfinished","category":"Technosphere Flows/31-33: Manufacturing/3219: Other Wood Product Manufacturing","flowType":"PRODUCT_FLOW","location":"US","refUnit":"m3"},"value":0.824935943},{"allocationType":"PHYSICAL_ALLOCATION","product":{"@type":"Flow","@id":"115967d8-5c6a-32ee-9868-6a786b34ecf2","name":"Wood fuel; hardwood; dry; at engineered wood flooring plant","category":"Technosphere Flows/31-33: Manufacturing/3219: Other Wood Product Manufacturing","flowType":"PRODUCT_FLOW","location":"US","refUnit":"kg"},"value":0.005582111},{"allocationType":"CAUSAL_ALLOCATION","exchange":{"@type":"Exchange","internalId":6,"flow":{"@type":"Flow","@id":"9dfc02c2-db7e-3c19-b120-165cab1a22c5","name":"Natural gas, combusted in industrial equipment, 1.357 m3/kg, 52.13 MJ/kg","category":"Technosphere Flows/22: Utilities/2213: Water, Sewage and Other Systems","flowType":"PRODUCT_FLOW","location":"RNA","refUnit":"m3"}},"product":{"@type":"Flow","@id":"90317723-deb2-3db0-8b02-233704e100b7","name":"Shavings; hardwood; dry; at engineered wood flooring plant","category":"Technosphere Flows/31-33: Manufacturing/3219: Other Wood Product Manufacturing","flowType":"PRODUCT_FLOW","location":"US","refUnit":"kg"},"value":0.015395216},{"allocationType":"CAUSAL_ALLOCATION","exchange":{"@type":"Exchange","internalId":10,"flow":{"@type":"Flow","@id":"e3e3e95b-0d76-3089-bd1f-aa577a3d986a","name":"Particulate matter, ≤ 10μm","category":"Elementary Flows/emission/air/troposphere/rural","flowType":"ELEMENTARY_FLOW","refUnit":"kg"}},"product":{"@type":"Flow","@id":"2ff86a3f-6fb4-3437-939c-3c42d6d037d6","name":"Sawdust; hardwood; dry; at engineered wood flooring plant","category":"Technosphere Flows/31-33: Manufacturing/3219: Other Wood Product Manufacturing","flowType":"PRODUCT_FLOW","location":"US","refUnit":"kg"},"value":0.15408673},{"allocationType":"CAUSAL_ALLOCATION","exchange":{"@type":"Exchange","internalId":6,"flow":{"@type":"Flow","@id":"9dfc02c2-db7e-3c19-b120-165cab1a22c5","name":"Natural gas, combusted in industrial equipment, 1.357 m3/kg, 52.13 MJ/kg","category":"Technosphere Flows/22: Utilities/2213: Water, Sewage and Other Systems","flowType":"PRODUCT_FLOW","location":"RNA","refUnit":"m3"}},"product":{"@type":"Flow","@id":"765ec5e3-20b0-3d0d-8d3f-75f42b37efc6","name":"Engineered flooring; hardwood; unfinished","category":"Technosphere Flows/31-33: Manufacturing/3219: Other Wood Product Manufacturing","flowType":"PRODUCT_FLOW","location":"US","refUnit":"m3"},"value":0.824935943},{"allocationType":"CAUSAL_ALLOCATION","exchange":{"@type":"Exchange","internalId":11,"flow":{"@type":"Flow","@id":"249e7a19-e940-32c5-9591-4cc0a06d53c6","name":"Pressed raw panels; hardwood; at engineered wood flooring plant","category":"Technosphere Flows/31-33: Manufacturing/3219: Other Wood Product Manufacturing","flowType":"PRODUCT_FLOW","location":"US","refUnit":"kg"}},"product":{"@type":"Flow","@id":"2ff86a3f-6fb4-3437-939c-3c42d6d037d6","name":"Sawdust; hardwood; dry; at engineered wood flooring plant","category":"Technosphere Flows/31-33: Manufacturing/3219: Other Wood Product Manufacturing","flowType":"PRODUCT_FLOW","location":"US","refUnit":"kg"},"value":0.15408673},{"allocationType":"CAUSAL_ALLOCATION","exchange":{"@type":"Exchange","internalId":3,"flow":{"@type":"Flow","@id":"d815ff18-015c-3afb-be18-be03bdf325da","name":"Diesel, combusted in industrial equipment","category":"Technosphere Flows/22: Utilities/2213: Water, Sewage and Other Systems","flowType":"PRODUCT_FLOW","location":"RNA","refUnit":"m3"}},"product":{"@type":"Flow","@id":"90317723-deb2-3db0-8b02-233704e100b7","name":"Shavings; hardwood; dry; at engineered wood flooring plant","category":"Technosphere Flows/31-33: Manufacturing/3219: Other Wood Product Manufacturing","flowType":"PRODUCT_FLOW","location":"US","refUnit":"kg"},"value":0.015395216},{"allocationType":"ECONOMIC_ALLOCATION","product":{"@type":"Flow","@id":"115967d8-5c6a-32ee-9868-6a786b34ecf2","name":"Wood fuel; hardwood; dry; at engineered wood flooring plant","category":"Technosphere Flows/31-33: Manufacturing/3219: Other Wood Product Manufacturing","flowType":"PRODUCT_FLOW","location":"US","refUnit":"kg"},"value":0.005582111},{"allocationType":"CAUSAL_ALLOCATION","exchange":{"@type":"Exchange","internalId":10,"flow":{"@type":"Flow","@id":"e3e3e95b-0d76-3089-bd1f-aa577a3d986a","name":"Particulate matter, ≤ 10μm","category":"Elementary Flows/emission/air/troposphere/rural","flowType":"ELEMENTARY_FLOW","refUnit":"kg"}},"product":{"@type":"Flow","@id":"115967d8-5c6a-32ee-9868-6a786b34ecf2","name":"Wood fuel; hardwood; dry; at engineered wood flooring plant","category":"Technosphere Flows/31-33: Manufacturing/3219: Other Wood Product Manufacturing","flowType":"PRODUCT_FLOW","location":"US","refUnit":"kg"},"value":0.005582111},{"allocationType":"CAUSAL_ALLOCATION","exchange":{"@type":"Exchange","internalId":9,"flow":{"@type":"Flow","@id":"bc38e349-1ccf-3855-a615-a4f581ab875b","name":"Gasoline, combusted in equipment","category":"Technosphere Flows/22: Utilities/2213: Water, Sewage and Other Systems","flowType":"PRODUCT_FLOW","location":"RNA","refUnit":"m3"}},"product":{"@type":"Flow","@id":"765ec5e3-20b0-3d0d-8d3f-75f42b37efc6","name":"Engineered flooring; hardwood; unfinished","category":"Technosphere Flows/31-33: Manufacturing/3219: Other Wood Product Manufacturing","flowType":"PRODUCT_FLOW","location":"US","refUnit":"m3"},"value":0.824935943},{"allocationType":"CAUSAL_ALLOCATION","exchange":{"@type":"Exchange","internalId":3,"flow":{"@type":"Flow","@id":"d815ff18-015c-3afb-be18-be03bdf325da","name":"Diesel, combusted in industrial equipment","category":"Technosphere Flows/22: Utilities/2213: Water, Sewage and Other Systems","flowType":"PRODUCT_FLOW","location":"RNA","refUnit":"m3"}},"product":{"@type":"Flow","@id":"2ff86a3f-6fb4-3437-939c-3c42d6d037d6","name":"Sawdust; hardwood; dry; at engineered wood flooring plant","category":"Technosphere Flows/31-33: Manufacturing/3219: Other Wood Product Manufacturing","flowType":"PRODUCT_FLOW","location":"US","refUnit":"kg"},"value":0.15408673},{"allocationType":"CAUSAL_ALLOCATION","exchange":{"@type":"Exchange","internalId":11,"flow":{"@type":"Flow","@id":"249e7a19-e940-32c5-9591-4cc0a06d53c6","name":"Pressed raw panels; hardwood; at engineered wood flooring plant","category":"Technosphere Flows/31-33: Manufacturing/3219: Other Wood Product Manufacturing","flowType":"PRODUCT_FLOW","location":"US","refUnit":"kg"}},"product":{"@type":"Flow","@id":"115967d8-5c6a-32ee-9868-6a786b34ecf2","name":"Wood fuel; hardwood; dry; at engineered wood flooring plant","category":"Technosphere Flows/31-33: Manufacturing/3219: Other Wood Product Manufacturing","flowType":"PRODUCT_FLOW","location":"US","refUnit":"kg"},"value":0.005582111},{"allocationType":"PHYSICAL_ALLOCATION","product":{"@type":"Flow","@id":"765ec5e3-20b0-3d0d-8d3f-75f42b37efc6","name":"Engineered flooring; hardwood; unfinished","category":"Technosphere Flows/31-33: Manufacturing/3219: Other Wood Product Manufacturing","flowType":"PRODUCT_FLOW","location":"US","refUnit":"m3"},"value":0.824935943},{"allocationType":"CAUSAL_ALLOCATION","exchange":{"@type":"Exchange","internalId":6,"flow":{"@type":"Flow","@id":"9dfc02c2-db7e-3c19-b120-165cab1a22c5","name":"Natural gas, combusted in industrial equipment, 1.357 m3/kg, 52.13 MJ/kg","category":"Technosphere Flows/22: Utilities/2213: Water, Sewage and Other Systems","flowType":"PRODUCT_FLOW","location":"RNA","refUnit":"m3"}},"product":{"@type":"Flow","@id":"115967d8-5c6a-32ee-9868-6a786b34ecf2","name":"Wood fuel; hardwood; dry; at engineered wood flooring plant","category":"Technosphere Flows/31-33: Manufacturing/3219: Other Wood Product Manufacturing","flowType":"PRODUCT_FLOW","location":"US","refUnit":"kg"},"value":0.005582111}]}