{"@type":"Process","@id":"41ecdfe1-8026-3373-96c4-ee1921f2525c","name":"Galvanized steel coil, coated, at plant","description":"The coil coating process includes all known cradle-to-gate processes necessary for the treatment of metallic sheets. This process includes galvanized sheet as the metal feedstock.  Raw materials include all known pre-treatments, cleaners, paints, and packaging materials to protect the finished sheets--as well as inbound transport.  Manufacturing processes require electricity, heat from natural gas, and process water.  Air and water emissions are captured in the output of the process.","category":"31-33: Manufacturing/3328: Coating, Engraving, Heat Treating, and Allied Activities","version":"00.00.005","lastChange":"2023-03-31T19:04:06.668Z","processType":"UNIT_PROCESS","defaultAllocationMethod":"NO_ALLOCATION","isInfrastructureProcess":false,"location":{"@type":"Location","@id":"b320e7db-c758-3ba6-8839-81eb83c9d7d7","name":"Northern America"},"processDocumentation":{"technologyDescription":"Coil coating of galvanized steel sheet. Technology based on companies identified by Metal Construction Association to be representative of industry.","restrictionsDescription":"All information can be accessed by everybody.","isCopyrightProtected":false,"geographyDescription":"North America","creationDate":"2014-05-16T16:52:45","validFrom":"2013-12-31","validUntil":"2015-02-27","dataDocumentor":{"@type":"Actor","@id":"e73e828c-b2d9-3c9e-8c53-c69230ea733f","name":"PE INTERNATIONAL"},"dataGenerator":{"@type":"Actor","@id":"e73e828c-b2d9-3c9e-8c53-c69230ea733f","name":"PE INTERNATIONAL"},"publication":{"@type":"Source","@id":"5bbd4651-4877-3e98-ac3a-a3a3fd933ca5","name":"PE INTERNATIONAL "},"sources":[{"@type":"Source","@id":"5bbd4651-4877-3e98-ac3a-a3a3fd933ca5","name":"PE INTERNATIONAL "}]},"lastInternalId":4,"parameters":[],"exchanges":[{"@type":"Exchange","isAvoidedProduct":false,"isInput":false,"amount":5.8256312303985,"description":"","internalId":1,"flow":{"@type":"Flow","@id":"55725953-49d5-3d31-97ab-40077034f62d","name":"Galvanized steel coil, coated, at plant","category":"Technosphere Flows/31-33: Manufacturing/3328: Coating, Engraving, Heat Treating, and Allied Activities","flowType":"PRODUCT_FLOW","location":"RNA","refUnit":"kg"},"unit":{"@type":"Unit","@id":"20aadc24-a391-41cf-b340-3e4529f44bde","name":"kg"},"flowProperty":{"@type":"FlowProperty","@id":"93a60a56-a3c8-11da-a746-0800200b9a66","name":"Mass","category":"Technical flow properties","refUnit":"kg"},"defaultProvider":{"@type":"Process","@id":"dcfd311d-d8be-4c39-bd16-a5bd0dd9eec8","name":"Steel; hot-dip galvanised coil, at plant","category":"31-33: Manufacturing/3311: Iron and Steel Mills and Ferroalloy Manufacturing","processType":"LCI_RESULT","flowType":"PRODUCT_FLOW","location":"RNA"},"isQuantitativeReference":true},{"@type":"Exchange","isAvoidedProduct":false,"isInput":true,"amount":5.8256312303985,"internalId":3,"flow":{"@type":"Flow","@id":"fe598843-aa58-4c99-b4a4-d47d9c8adbe5","name":"Steel; hot-dip galvanised coil, at plant","category":"Technosphere Flows/31-33: Manufacturing/3311: Iron and Steel Mills and Ferroalloy Manufacturing","flowType":"PRODUCT_FLOW","refUnit":"kg"},"unit":{"@type":"Unit","@id":"20aadc24-a391-41cf-b340-3e4529f44bde","name":"kg"},"flowProperty":{"@type":"FlowProperty","@id":"93a60a56-a3c8-11da-a746-0800200b9a66","name":"Mass","category":"Technical flow properties","refUnit":"kg"},"defaultProvider":{"@type":"Process","@id":"dcfd311d-d8be-4c39-bd16-a5bd0dd9eec8","name":"Steel; hot-dip galvanised coil, at plant","category":"31-33: Manufacturing/3311: Iron and Steel Mills and Ferroalloy Manufacturing","processType":"LCI_RESULT","flowType":"PRODUCT_FLOW","location":"RNA"}},{"@type":"Exchange","isAvoidedProduct":false,"isInput":true,"amount":0.156869727618722,"internalId":4,"flow":{"@type":"Flow","@id":"b9805c17-55a5-3f41-ae31-a866a39232fc","name":"Recycling, Steel scrap","category":"Technosphere Flows/CUTOFF Flows","flowType":"PRODUCT_FLOW","refUnit":"kg"},"unit":{"@type":"Unit","@id":"20aadc24-a391-41cf-b340-3e4529f44bde","name":"kg"},"flowProperty":{"@type":"FlowProperty","@id":"93a60a56-a3c8-11da-a746-0800200b9a66","name":"Mass","category":"Technical flow properties","refUnit":"kg"},"defaultProvider":{"@type":"Process","@id":"c493f95f-0143-3c66-b62a-3494133eb337","name":"Coil, coating, m2, at plant","category":"31-33: Manufacturing/3328: Coating, Engraving, Heat Treating, and Allied Activities","processType":"UNIT_PROCESS","flowType":"PRODUCT_FLOW","location":"RNA"}},{"@type":"Exchange","isAvoidedProduct":false,"isInput":true,"amount":1.0,"internalId":2,"flow":{"@type":"Flow","@id":"c87f2d03-e6fb-43ed-9347-766eb2147782","name":"Coil, coating, m2, at plant","category":"Technosphere Flows/31-33: Manufacturing/3328: Coating, Engraving, Heat Treating, and Allied Activities","flowType":"PRODUCT_FLOW","location":"RNA","refUnit":"m2"},"unit":{"@type":"Unit","@id":"3ce61faa-5716-41c1-aef6-b5920054acc9","name":"m2"},"flowProperty":{"@type":"FlowProperty","@id":"93a60a56-a3c8-19da-a746-0800200c9a66","name":"Area","category":"Technical flow properties","refUnit":"m2"},"defaultProvider":{"@type":"Process","@id":"c493f95f-0143-3c66-b62a-3494133eb337","name":"Coil, coating, m2, at plant","category":"31-33: Manufacturing/3328: Coating, Engraving, Heat Treating, and Allied Activities","processType":"UNIT_PROCESS","flowType":"PRODUCT_FLOW","location":"RNA"}}],"socialAspects":[],"allocationFactors":[]}