{"@type":"Process","@id":"982230dc-87c0-4ea0-8511-8e36064f66be","name":"Solid oxide electrolysis plant; construction","description":"This cradle to gate unit process is for the construction of one solid oxide electrolysis plant. This model is based on the solid oxide fuel cell balance of plant data for two facilities and has been adapted to represent US conditions. Data were originally collected by Schreiber et al., 2020 and have been adapted by the National Renewable Energy Laboratory (NREL). The system boundary of this dataset includes the main incoming materials with transportation but excludes the construction and materials for the pressure swing adsorption. ","category":"23: Construction/2362: Nonresidential Building Construction","version":"00.00.006","lastChange":"2023-06-28T19:35:51.606Z","processType":"UNIT_PROCESS","isInfrastructureProcess":false,"location":{"@type":"Location","@id":"0b3b97fa-6688-3c56-88ee-4ae80ec0c3c2","name":"United States"},"processDocumentation":{"timeDescription":"This unit process is representative of data collected from a study that was published in 2020. The data is based on various studies. This dataset has been adapted recently to reflect US conditions and to allocate flows as needed.","technologyDescription":"This process represents the construction of a solid oxide electrolysis plant. Steel for the construction of the water evaporator, compressor, heat exchanger, piping, and inverter are included. Process energy, incoming transport, water, and wastewater are also included in this inventory.","dataCollectionDescription":"Data were collected from Schreiber et al., 2020. The data for this model was obtained from various sources.","completenessDescription":"TREATMENT OF MISSING ENVIRONMENTAL DATA: It is unknown whether a cutoff for elementary flows was used in the original study.\r\n\r\nTREATMENT OF MISSING TECHNOSPHERE FLOWS: It is unknown whether a cutoff for elementary flows was used in the original study. Missing technosphere flows are unknown.\r\n\r\nMASS BALANCE: The mass imbalance for this unit process is unknown.","dataSelectionDescription":"Data for the construction of an electrolysis plant was collected and adapted from the original study, Schreiber et al., 2020. The data in the original study was collected from various studies.","dataTreatmentDescription":"The original model used European incoming datasets, which have been switched to US based incoming datasets in this model. Flows have been adapted and emissions have been calculated for this dataset. ","inventoryMethodDescription":"An attributional LCI method was used to develop the dataset.","modelingConstantsDescription":"This process was adapted from Schreiber et al., 2020. ","samplingDescription":"BOUNDARY CONDITIONS: The system boundary includes upstream burdens from incoming materials and process energy. The construction of the pressure swing adsorption is excluded from the system boundary.\r\n\r\nDATA COLLECTION: Data were collected from Schreiber et al., 2020.\r\n\r\nUNCERTAINTY ESTIMATION: It is unknown whether an uncertainty estimation was performed.","restrictionsDescription":"These U.S. LCI Database Project data (\"Data\") are provided by the National Renewable Energy Laboratory (\"NREL\"), operated by the Alliance for Sustainable Energy, LLC (\"Alliance\") for the US Department of Energy (\"DOE\") under Contract No. DE-AC36-08GO28308. The United States Government (the \"Government\") retains and the user acknowledges that the Government retains a non-exclusive, paid-up, irrevocable, worldwide license to publish or reproduce the published form of these data, or allow others to do so, for Government purposes.\r\n\r\nAccess to and use of these Data shall impose the following obligations on the user, as set forth in this Agreement. The user is granted the right, without any fee or cost, to use, copy, modify, alter, enhance and distribute these Data for any purpose whatsoever, provided that this entire notice appears in all copies of the Data. Any modification, alteration or enhancement of these data shall be identified and documented by the user. Further, the user agrees to credit the DOE/NREL/Alliance in any publication that results from the use of these Data. The names DOE/NREL/Alliance, however, may not be used in any advertising or publicity to endorse or promote any products or commercial entities unless specific written permission is obtained from DOE/NREL/Alliance. The user also understands that DOE/NREL/Alliance is not obligated to provide the user with any support, consulting, training or assistance of any kind with regard to the use of these Data or to provide the user with any updates, revisions or new versions of these Data.\r\n\r\nYOU AGREE TO INDEMNIFY THE GOVERNMENT AND DOE/NREL/ALLIANCE, AND ITS SUBSIDIARIES, AFFILIATES, OFFICERS, AGENTS, AND EMPLOYEES AGAINST ANY CLAIM OR DEMAND, INCLUDING REASONABLE ATTORNEYS\u0027 FEES, RELATED TO YOUR USE OF THESE DATA. THESE DATA ARE PROVIDED BY DOE/NREL/ALLIANCE \"AS IS\" AND ANY EXPRESS OR IMPLIED WARRANTIES, INCLUDING BUT NOT LIMITED TO, THE IMPLIED WARRANTIES OF MERCHANTABILITY AND FITNESS FOR A PARTICULAR PURPOSE ARE DISCLAIMED. IN NO EVENT SHALL THE GOVERNMENT OR DOE/NREL/ALLIANCE BE LIABLE FOR ANY SPECIAL, INDIRECT OR CONSEQUENTIAL DAMAGES OR ANY DAMAGES WHATSOEVER, INCLUDING BUT NOT LIMITED TO CLAIMS ASSOCIATED WITH THE LOSS OF DATA OR PROFITS, WHICH MAY RESULT FROM AN ACTION IN CONTRACT, NEGLIGENCE OR OTHER TORTIOUS CLAIM THAT ARISES OUT OF OR IN CONNECTION WITH THE ACCESS, USE OR PERFORMANCE OF THESE DATA.","isCopyrightProtected":false,"intendedApplication":"The intended application for this process is for accounting purposes as described in Goal Situation C1 from the ILCD Handbook\u0027s Detailed Guidance. LCA studies with this intended application offer \"purely descriptive documentation of the system under analysis (e.g., a product, sector or country), without being interested in any potential consequences on other parts of the economy.” The studies categorized under Goal Situation C1 do NOT consider existing benefits outside the analyzed system such as recycling. The target audience of this dataset is LCA practitioners, industry, the general public, and policymakers. This model was originally built for an LCA and was originally developed and analyzed with the ReCiPe and CML2001 impact assessment methods. The completeness of elementary flows is unknown and it is not an update to a previous USLCI dataset.","projectDescription":"This project was funded by NREL.","geographyDescription":"This process is representative of the production of a solid oxide electrolysis plant under US conditions. This study was originally conducted under European conditions but this dataset has been adapted to represent US conditions.","creationDate":"2023-02-23T11:07:42.821","validFrom":"2015-01-01","validUntil":"2022-12-31","reviewer":{"@type":"Actor","@id":"f05dd60a-8d40-4909-b7e9-973efe81ed5e","name":"National Renewable Energy Laboratory"},"dataDocumentor":{"@type":"Actor","@id":"38e67478-a915-43d9-ad67-e25db79a4acc","name":"Franklin Associates, A Division of ERG"},"dataGenerator":{"@type":"Actor","@id":"f05dd60a-8d40-4909-b7e9-973efe81ed5e","name":"National Renewable Energy Laboratory"},"dataSetOwner":{"@type":"Actor","@id":"f05dd60a-8d40-4909-b7e9-973efe81ed5e","name":"National Renewable Energy Laboratory"},"publication":{"@type":"Source","@id":"cb140124-3b71-4764-9c16-1378edd3ddf0","name":"Schreiber, A"},"sources":[{"@type":"Source","@id":"cb140124-3b71-4764-9c16-1378edd3ddf0","name":"Schreiber, A"}]},"lastInternalId":17,"dqSystem":{"@type":"DQSystem","@id":"70bf370f-9912-4ec1-baa3-fbd4eaf85a10","name":"US EPA - Process Pedigree Matrix"},"dqEntry":"(4;5)","parameters":[],"exchanges":[{"@type":"Exchange","isAvoidedProduct":false,"isInput":false,"amount":1.0,"description":"8760 h load per year","internalId":1,"flow":{"@type":"Flow","@id":"69ccdef6-6b7d-4105-ab11-d8ca62c46f49","name":"Solid oxide electrolysis plant; construction","category":"Technosphere Flows/23: Construction/2362: Nonresidential Building Construction","flowType":"PRODUCT_FLOW","refUnit":"Item(s)"},"unit":{"@type":"Unit","@id":"6dabe201-aaac-4509-92f0-d00c26cb72ab","name":"Item(s)"},"flowProperty":{"@type":"FlowProperty","@id":"01846770-4cfe-4a25-8ad9-919d8d378345","name":"Number of items","category":"Technical flow properties","refUnit":"Item(s)"},"isQuantitativeReference":true},{"@type":"Exchange","isAvoidedProduct":false,"isInput":true,"amount":2.42,"internalId":11,"flow":{"@type":"Flow","@id":"0e6a0c9e-ced9-3e7e-8fbf-a8cf18791884","name":"Transformation, to industrial area","category":"Ecosystem Services","flowType":"PRODUCT_FLOW","refUnit":"m2"},"unit":{"@type":"Unit","@id":"3ce61faa-5716-41c1-aef6-b5920054acc9","name":"m2"},"flowProperty":{"@type":"FlowProperty","@id":"93a60a56-a3c8-19da-a746-0800200c9a66","name":"Area","category":"Technical flow properties","refUnit":"m2"}},{"@type":"Exchange","isAvoidedProduct":false,"isInput":true,"amount":375.0,"internalId":15,"flow":{"@type":"Flow","@id":"73c7494d-4e93-3769-896b-8bb82f0dfccc","name":"Transport, train, diesel powered","category":"Technosphere Flows/48-49: Transportation and Warehousing/4821: Rail Transportation","flowType":"PRODUCT_FLOW","location":"RNA","refUnit":"t*km"},"unit":{"@type":"Unit","@id":"0dea4ed8-bb6b-4049-b2b4-b2c413ef2180","name":"t*km"},"flowProperty":{"@type":"FlowProperty","@id":"838aaa20-0117-11db-92e3-0800200c9a66","name":"Goods transport (mass*distance)","category":"Technical flow properties","refUnit":"t*km"},"defaultProvider":{"@type":"Process","@id":"7de9c230-fd0f-3478-be87-f80181132faa","name":"Transport, train, diesel powered","category":"48-49: Transportation and Warehousing/4821: Rail Transportation","processType":"UNIT_PROCESS","flowType":"PRODUCT_FLOW","location":"RNA"}},{"@type":"Exchange","isAvoidedProduct":false,"isInput":true,"amount":272.72727272727275,"amountFormula":"3000/11","description":"Surrogate for \"heat production, light fuel oil, at boiler 100kW condensing, non-modulating\". Assumed 11 kWh/m3","internalId":8,"flow":{"@type":"Flow","@id":"654a5cf6-185f-3d91-89ef-42442d1825e8","name":"Residual fuel oil, combusted in industrial boiler","category":"Technosphere Flows/22: Utilities/2213: Water, Sewage and Other Systems","flowType":"PRODUCT_FLOW","location":"RNA","refUnit":"m3"},"unit":{"@type":"Unit","@id":"1c3a9695-398d-4b1f-b07e-a8715b610f70","name":"m3"},"flowProperty":{"@type":"FlowProperty","@id":"93a60a56-a3c8-22da-a746-0800200c9a66","name":"Volume","category":"Technical flow properties","refUnit":"m3"},"defaultProvider":{"@type":"Process","@id":"9d9b6815-9349-30af-869b-57362428c42e","name":"Residual fuel oil, combusted in industrial boiler","category":"22: Utilities/2213: Water, Sewage and Other Systems","processType":"UNIT_PROCESS","flowType":"PRODUCT_FLOW","location":"RNA"}},{"@type":"Exchange","isAvoidedProduct":false,"isInput":true,"amount":3600.0,"internalId":9,"flow":{"@type":"Flow","@id":"19ac1c40-d97e-3a44-b978-6d8150738d52","name":"Transport, passenger car, diesel powered","category":"Technosphere Flows/48-49: Transportation and Warehousing/4859: Other Transit and Ground Passenger Transportation","flowType":"PRODUCT_FLOW","location":"RNA","refUnit":"p*km"},"unit":{"@type":"Unit","@id":"fe8da65d-f0ea-4496-b13e-1955aaa412d7","name":"p*km"},"flowProperty":{"@type":"FlowProperty","@id":"8766e10f-9f41-4db0-8173-ad0d002a5b98","name":"Person transport","category":"Technical flow properties","refUnit":"p*km"},"defaultProvider":{"@type":"Process","@id":"c01e63be-688d-36c6-ba41-07d900691186","name":"Transport, passenger car, diesel powered","category":"48-49: Transportation and Warehousing/4859: Other Transit and Ground Passenger Transportation","processType":"UNIT_PROCESS","flowType":"PRODUCT_FLOW","location":"RNA"}},{"@type":"Exchange","isAvoidedProduct":false,"isInput":true,"amount":4090.0,"amountFormula":"4.09*1000","description":"Surrogate for \"treatment of wastewater, unpolluted, from residence, capacity 1.1E10l/year\"","internalId":2,"flow":{"@type":"Flow","@id":"e8114e27-89d7-3568-a3e3-f9c3f3521c08","name":"Water treatment, at plant","category":"Technosphere Flows/CUTOFF Flows","flowType":"PRODUCT_FLOW","refUnit":"kg"},"unit":{"@type":"Unit","@id":"20aadc24-a391-41cf-b340-3e4529f44bde","name":"kg"},"flowProperty":{"@type":"FlowProperty","@id":"93a60a56-a3c8-11da-a746-0800200b9a66","name":"Mass","category":"Technical flow properties","refUnit":"kg"}},{"@type":"Exchange","isAvoidedProduct":false,"isInput":true,"amount":2.42,"internalId":10,"flow":{"@type":"Flow","@id":"29630a65-f38c-48a5-9744-c0121f586640","name":"Transformation, from unknown","category":"Ecosystem Services","flowType":"PRODUCT_FLOW","refUnit":"m2"},"unit":{"@type":"Unit","@id":"3ce61faa-5716-41c1-aef6-b5920054acc9","name":"m2"},"flowProperty":{"@type":"FlowProperty","@id":"93a60a56-a3c8-19da-a746-0800200c9a66","name":"Area","category":"Technical flow properties","refUnit":"m2"}},{"@type":"Exchange","isAvoidedProduct":false,"isInput":true,"amount":0.672,"internalId":3,"flow":{"@type":"Flow","@id":"9e408e4c-a57d-46e5-89f1-e56888a20f24","name":"Building construction, multi-storey","category":"Technosphere Flows/CUTOFF Flows","flowType":"PRODUCT_FLOW","refUnit":"m3"},"unit":{"@type":"Unit","@id":"1c3a9695-398d-4b1f-b07e-a8715b610f70","name":"m3"},"flowProperty":{"@type":"FlowProperty","@id":"93a60a56-a3c8-22da-a746-0800200c9a66","name":"Volume","category":"Technical flow properties","refUnit":"m3"}},{"@type":"Exchange","isAvoidedProduct":false,"isInput":true,"amount":1875.0,"description":"Surrogate for \"steel production, converter, chromium steel 18/8\" and \"sheet rolling, chromium steel\"","internalId":4,"flow":{"@type":"Flow","@id":"3f2fed05-f530-32e9-b0f9-0dcb5280aa9d","name":"Steel, stainless 304, flat rolled coil","category":"Technosphere Flows/31-33: Manufacturing/3311: Iron and Steel Mills and Ferroalloy Manufacturing","flowType":"PRODUCT_FLOW","location":"RNA","refUnit":"kg"},"unit":{"@type":"Unit","@id":"20aadc24-a391-41cf-b340-3e4529f44bde","name":"kg"},"flowProperty":{"@type":"FlowProperty","@id":"93a60a56-a3c8-11da-a746-0800200b9a66","name":"Mass","category":"Technical flow properties","refUnit":"kg"},"defaultProvider":{"@type":"Process","@id":"49f5324b-fc33-36e9-b5af-3c80d73492bd","name":"Steel, stainless 304, flat rolled coil","category":"31-33: Manufacturing/3311: Iron and Steel Mills and Ferroalloy Manufacturing","processType":"UNIT_PROCESS","flowType":"PRODUCT_FLOW","location":"RNA"}},{"@type":"Exchange","isAvoidedProduct":false,"isInput":true,"amount":335.07109004739334,"amountFormula":"3535/10.55","description":"Surrogate for \"heat production, natural gas, at industrial furnace low-NOx \u003e100kW\". Assumed 10.55 kWh/m3 natural gas","internalId":7,"flow":{"@type":"Flow","@id":"9dfc02c2-db7e-3c19-b120-165cab1a22c5","name":"Natural gas, combusted in industrial equipment, 1.357 m3/kg, 52.13 MJ/kg","category":"Technosphere Flows/22: Utilities/2213: Water, Sewage and Other Systems","flowType":"PRODUCT_FLOW","location":"RNA","refUnit":"m3"},"unit":{"@type":"Unit","@id":"1c3a9695-398d-4b1f-b07e-a8715b610f70","name":"m3"},"flowProperty":{"@type":"FlowProperty","@id":"93a60a56-a3c8-22da-a746-0800200c9a66","name":"Volume","category":"Technical flow properties","refUnit":"m3"},"defaultProvider":{"@type":"Process","@id":"7b7babef-a97a-3510-88f2-ee70aa1fa03b","name":"Natural gas, combusted in industrial equipment","category":"22: Utilities/2213: Water, Sewage and Other Systems","processType":"UNIT_PROCESS","flowType":"PRODUCT_FLOW","location":"RNA"}},{"@type":"Exchange","isAvoidedProduct":false,"isInput":true,"amount":188.0,"internalId":14,"flow":{"@type":"Flow","@id":"2afb4e2f-b224-3900-956f-03e3f27b276b","name":"Transport, combination truck, average fuel mix","category":"Technosphere Flows/48-49: Transportation and Warehousing/4841: General Freight Trucking","flowType":"PRODUCT_FLOW","location":"RNA","refUnit":"t*km"},"unit":{"@type":"Unit","@id":"0dea4ed8-bb6b-4049-b2b4-b2c413ef2180","name":"t*km"},"flowProperty":{"@type":"FlowProperty","@id":"838aaa20-0117-11db-92e3-0800200c9a66","name":"Goods transport (mass*distance)","category":"Technical flow properties","refUnit":"t*km"},"defaultProvider":{"@type":"Process","@id":"dce702f1-03a1-3fe9-bb48-94a5217fd8cb","name":"Transport, combination truck, average fuel mix","category":"48-49: Transportation and Warehousing/4841: General Freight Trucking","processType":"UNIT_PROCESS","flowType":"PRODUCT_FLOW","location":"RNA"}},{"@type":"Exchange","isAvoidedProduct":false,"isInput":true,"amount":4086.0,"description":"Surrogate for \"market for tap water\"","internalId":5,"flow":{"@type":"Flow","@id":"8ba7dd57-b502-397b-944a-f63c6615f754","name":"Water, fresh","category":"Elementary Flows/resource/water","flowType":"ELEMENTARY_FLOW","refUnit":"kg"},"unit":{"@type":"Unit","@id":"20aadc24-a391-41cf-b340-3e4529f44bde","name":"kg"},"flowProperty":{"@type":"FlowProperty","@id":"93a60a56-a3c8-11da-a746-0800200b9a66","name":"Mass","category":"Technical flow properties","refUnit":"kg"}},{"@type":"Exchange","isAvoidedProduct":false,"isInput":true,"amount":121.0,"internalId":13,"flow":{"@type":"Flow","@id":"4b92c75e-e528-3f23-bc67-e92977682eb4","name":"Land use","category":"Elementary Flows/resource/ground/human-dominated/industrial","flowType":"ELEMENTARY_FLOW","refUnit":"m2*a"},"unit":{"@type":"Unit","@id":"c7266b67-4ea2-457f-b391-9b94e26e195a","name":"m2*a"},"flowProperty":{"@type":"FlowProperty","@id":"93a60a56-a3c8-21da-a746-0800200c9a66","name":"Area*time","category":"Technical flow properties","refUnit":"m2*a"}},{"@type":"Exchange","isAvoidedProduct":false,"isInput":true,"amount":0.3,"internalId":17,"flow":{"@type":"Flow","@id":"93b7a331-1544-4d46-96f5-19dfcf4173db","name":"Inverter, 500kW, at plant","category":"Technosphere Flows/CUTOFF Flows","flowType":"PRODUCT_FLOW","refUnit":"Item(s)"},"unit":{"@type":"Unit","@id":"6dabe201-aaac-4509-92f0-d00c26cb72ab","name":"Item(s)"},"flowProperty":{"@type":"FlowProperty","@id":"01846770-4cfe-4a25-8ad9-919d8d378345","name":"Number of items","category":"Technical flow properties","refUnit":"Item(s)"}},{"@type":"Exchange","isAvoidedProduct":false,"isInput":true,"amount":8682.0,"amountFormula":"1440+7242","description":"Surrogate for 1440 kWh \"market group for electricity, low voltage\" + 7242 kWh \"market group for electricity, medium voltage\"\r\n","internalId":6,"flow":{"@type":"Flow","@id":"06581fb2-1de0-3e78-8298-f37605dea142","name":"Electricity, at grid","category":"Technosphere Flows/22: Utilities/2211: Electric Power Generation, Transmission and Distribution","flowType":"PRODUCT_FLOW","location":"RNA","refUnit":"MJ"},"unit":{"@type":"Unit","@id":"86ad2244-1f0e-4912-af53-7865283103e4","name":"kWh"},"flowProperty":{"@type":"FlowProperty","@id":"f6811440-ee37-11de-8a39-0800200c9a66","name":"Energy","category":"Technical flow properties","refUnit":"MJ"},"defaultProvider":{"@type":"Process","@id":"89389d98-1ba6-30c5-9c33-92443694936b","name":"Electricity, at Grid, US, 2010","category":"22: Utilities/2211: Electric Power Generation, Transmission and Distribution","processType":"UNIT_PROCESS","flowType":"PRODUCT_FLOW","location":"RNA"}},{"@type":"Exchange","isAvoidedProduct":false,"isInput":true,"amount":4.2,"internalId":16,"flow":{"@type":"Flow","@id":"43b9b0c8-a972-4069-83b8-d0b2e8e6f6df","name":"Construction work, heat and power co-generation, 160kW electrical","category":"Technosphere Flows/CUTOFF Flows","flowType":"PRODUCT_FLOW","refUnit":"Item(s)"},"unit":{"@type":"Unit","@id":"6dabe201-aaac-4509-92f0-d00c26cb72ab","name":"Item(s)"},"flowProperty":{"@type":"FlowProperty","@id":"01846770-4cfe-4a25-8ad9-919d8d378345","name":"Number of items","category":"Technical flow properties","refUnit":"Item(s)"}}],"socialAspects":[],"allocationFactors":[]}