{"@type":"Process","@id":"ddfd007a-ce49-451a-8bff-d7f268ed177c","name":"Glass fiber, reinforced polymer; at plant","description":"This gate-to-gate unit process is for the production of 1 kg carbon fiber reinforced polymer. The modeled system is only representative of key material and energy inputs required to produce glass fiber, reinforced polymer. Exchanges associated with production capital are not modeled. Production inventory data were developed using GREET 2019. ","category":"31-33: Manufacturing/3272: Glass and Glass Product Manufacturing","version":"00.00.006","lastChange":"2023-06-30T15:33:18.619Z","processType":"UNIT_PROCESS","defaultAllocationMethod":"NO_ALLOCATION","isInfrastructureProcess":false,"location":{"@type":"Location","@id":"0b3b97fa-6688-3c56-88ee-4ae80ec0c3c2","name":"United States"},"processDocumentation":{"timeDescription":"The inventory is representative of average glass fiber, reinforced polymer production in 2019.","technologyDescription":"The inventory is representative of average technological conditions for the manufacturing of glass fiber, reinforced polymer.\r\n","dataCollectionDescription":"The 2021 calendar year.","completenessDescription":"TREATMENT OF MISSING ENVIRONMENTAL DATA: It is unknown whether a cutoff for elementary flows was used in the original study.\n\n\r\n\r\nTREATMENT OF MISSING TECHNOSPHERE FLOWS: \nIt is unknown whether a cutoff for technosphere flows was used in the original study. Missing technosphere flows are unknown.\n\n\r\n\r\nMASS BALANCE: \nThe mass imbalance for this unit process is unknown.","dataSelectionDescription":"Data for the production of glass fiber, reinforced polymer were collected and adapted from the original study by Argonne National Laboratory.\r\n","dataTreatmentDescription":"Source inventory data were allocated to the production of 1 kg glass fiber, reinforced polymer.","inventoryMethodDescription":"An attributional LCI method was used to develop the dataset.","modelingConstantsDescription":"This process was adapted from inventory data developed by Argonne National Laboratory.\r\n","samplingDescription":"Data for the production of glass fiber, reinforced polymer were collected and adapted from GREET 2019 and the Argonne National Laboratory report. The original study was developed as average production data for the US.","restrictionsDescription":"These U.S. LCI Database Project data (\"\"Data\"\") are provided by the National Renewable Energy Laboratory (\"\"NREL\"\"), operated by the Alliance for Sustainable Energy, LLC (\"\"Alliance\"\") for the US Department of Energy (\"\"DOE\"\") under Contract No. DE-AC36-08GO28308. The United States Government (the \"\"Government\"\") retains and the user acknowledges that the Government retains a non-exclusive, paid-up, irrevocable, worldwide license to publish or reproduce the published form of these data, or allow others to do so, for Government purposes.\n\nAccess to and use of these Data shall impose the following obligations on the user, as set forth in this Agreement. The user is granted the right, without any fee or cost, to use, copy, modify, alter, enhance and distribute these Data for any purpose whatsoever, provided that this entire notice appears in all copies of the Data. Any modification, alteration or enhancement of these data shall be identified and documented by the user. Further, the user agrees to credit the DOE/NREL/Alliance in any publication that results from the use of these Data. The names DOE/NREL/Alliance, however, may not be used in any advertising or publicity to endorse or promote any products or commercial entities unless specific written permission is obtained from DOE/NREL/Alliance. The user also understands that DOE/NREL/Alliance is not obligated to provide the user with any support, consulting, training or assistance of any kind with regard to the use of these Data or to provide the user with any updates, revisions or new versions of these Data.\n\nYOU AGREE TO INDEMNIFY THE GOVERNMENT AND DOE/NREL/ALLIANCE, AND ITS SUBSIDIARIES, AFFILIATES, OFFICERS, AGENTS, AND EMPLOYEES AGAINST ANY CLAIM OR DEMAND, INCLUDING REASONABLE ATTORNEYS\u0027 FEES, RELATED TO YOUR USE OF THESE DATA. THESE DATA ARE PROVIDED BY DOE/NREL/ALLIANCE \"\"AS IS\"\" AND ANY EXPRESS OR IMPLIED WARRANTIES, INCLUDING BUT NOT LIMITED TO, THE IMPLIED WARRANTIES OF MERCHANTABILITY AND FITNESS FOR A PARTICULAR PURPOSE ARE DISCLAIMED. IN NO EVENT SHALL THE GOVERNMENT OR DOE/NREL/ALLIANCE BE LIABLE FOR ANY SPECIAL, INDIRECT OR CONSEQUENTIAL DAMAGES OR ANY DAMAGES WHATSOEVER, INCLUDING BUT NOT LIMITED TO CLAIMS ASSOCIATED WITH THE LOSS OF DATA OR PROFITS, WHICH MAY RESULT FROM AN ACTION IN CONTRACT, NEGLIGENCE OR OTHER TORTIOUS CLAIM THAT ARISES OUT OF OR IN CONNECTION WITH THE ACCESS, USE OR PERFORMANCE OF THESE DATA.","isCopyrightProtected":false,"intendedApplication":"Situation C2 - Accounting (no external benefits): The intended application for this process is for accounting purposes as described in Goal Situation C1 from the ILCD Handbook\u0027s Detailed Guidance. LCA studies with this intended application offer \"purely descriptive documentation of the system under analysis (e.g., a product, sector or country), without being interested in any potential consequences on other parts of the economy.” The studies categorized under Goal Situation C2 do NOT consider existing benefits outside the analyzed system such as recycling.","projectDescription":"Original data collection was performed by Argonne National Laboratory and was adapted by the National Renewable Energy Laboratory.\r\n","geographyDescription":"This process is representative of average glass fiber, reinforced polymer production under US conditions. \r\n","creationDate":"2023-06-22T13:24:21.280","validFrom":"2019-01-01","validUntil":"2019-12-31","reviewer":{"@type":"Actor","@id":"f05dd60a-8d40-4909-b7e9-973efe81ed5e","name":"National Renewable Energy Laboratory"},"dataDocumentor":{"@type":"Actor","@id":"38e67478-a915-43d9-ad67-e25db79a4acc","name":"Franklin Associates, A Division of ERG"},"dataGenerator":{"@type":"Actor","@id":"f05dd60a-8d40-4909-b7e9-973efe81ed5e","name":"National Renewable Energy Laboratory"},"dataSetOwner":{"@type":"Actor","@id":"f05dd60a-8d40-4909-b7e9-973efe81ed5e","name":"National Renewable Energy Laboratory"},"publication":{"@type":"Source","@id":"6097cf97-97f1-4325-be3f-6510529834ed","name":"Argonne National Laboratory, 2019"},"sources":[{"@type":"Source","@id":"b92ded1b-1a0a-4f5d-9757-39e3f980a76b","name":"Tapajyoti et al. 2021"},{"@type":"Source","@id":"6097cf97-97f1-4325-be3f-6510529834ed","name":"Argonne National Laboratory, 2019"}]},"lastInternalId":5,"dqSystem":{"@type":"DQSystem","@id":"70bf370f-9912-4ec1-baa3-fbd4eaf85a10","name":"US EPA - Process Pedigree Matrix"},"dqEntry":"(4;5)","parameters":[],"exchanges":[{"@type":"Exchange","isAvoidedProduct":false,"isInput":false,"amount":1.0,"internalId":1,"flow":{"@type":"Flow","@id":"645b107e-dca0-40f0-93c5-b411a41866c4","name":"Glass fiber, reinforced polymer","category":"Technosphere Flows/31-33: Manufacturing/3272: Glass and Glass Product Manufacturing","flowType":"PRODUCT_FLOW","refUnit":"kg"},"unit":{"@type":"Unit","@id":"20aadc24-a391-41cf-b340-3e4529f44bde","name":"kg"},"flowProperty":{"@type":"FlowProperty","@id":"93a60a56-a3c8-11da-a746-0800200b9a66","name":"Mass","category":"Technical flow properties","refUnit":"kg"},"isQuantitativeReference":true},{"@type":"Exchange","isAvoidedProduct":false,"isInput":true,"amount":0.342,"internalId":3,"flow":{"@type":"Flow","@id":"32ed714f-405b-4678-9589-c5c0b5e055d4","name":"Epoxy, at plant","category":"Technosphere Flows/31-33: Manufacturing/3252: Resin, Synthetic Rubber, and Artificial and Synthetic Fibers and Filaments Manufacturing","flowType":"PRODUCT_FLOW","refUnit":"kg"},"unit":{"@type":"Unit","@id":"20aadc24-a391-41cf-b340-3e4529f44bde","name":"kg"},"flowProperty":{"@type":"FlowProperty","@id":"93a60a56-a3c8-11da-a746-0800200b9a66","name":"Mass","category":"Technical flow properties","refUnit":"kg"},"defaultProvider":{"@type":"Process","@id":"2daa9b57-fd08-4bdf-9e15-2ec7a432aa70","name":"Epoxy; at plant","category":"31-33: Manufacturing/3252: Resin, Synthetic Rubber, and Artificial and Synthetic Fibers and Filaments Manufacturing","processType":"UNIT_PROCESS","flowType":"PRODUCT_FLOW","location":"US"}},{"@type":"Exchange","isAvoidedProduct":false,"isInput":true,"amount":0.342,"internalId":5,"flow":{"@type":"Flow","@id":"15308ddd-aecc-4226-b15c-ac5ee9864378","name":"Glass fiber","category":"Technosphere Flows/31-33: Manufacturing/3272: Glass and Glass Product Manufacturing","flowType":"PRODUCT_FLOW","refUnit":"kg"},"unit":{"@type":"Unit","@id":"20aadc24-a391-41cf-b340-3e4529f44bde","name":"kg"},"flowProperty":{"@type":"FlowProperty","@id":"93a60a56-a3c8-11da-a746-0800200b9a66","name":"Mass","category":"Technical flow properties","refUnit":"kg"},"defaultProvider":{"@type":"Process","@id":"60970f46-7a3f-47d7-ab17-e102327bed27","name":"Glass fiber; at plant","category":"31-33: Manufacturing/3272: Glass and Glass Product Manufacturing","processType":"UNIT_PROCESS","flowType":"PRODUCT_FLOW","location":"US"}},{"@type":"Exchange","isAvoidedProduct":false,"isInput":true,"amount":0.973,"internalId":2,"flow":{"@type":"Flow","@id":"06581fb2-1de0-3e78-8298-f37605dea142","name":"Electricity, at grid","category":"Technosphere Flows/22: Utilities/2211: Electric Power Generation, Transmission and Distribution","flowType":"PRODUCT_FLOW","location":"RNA","refUnit":"MJ"},"unit":{"@type":"Unit","@id":"86ad2244-1f0e-4912-af53-7865283103e4","name":"kWh"},"flowProperty":{"@type":"FlowProperty","@id":"f6811440-ee37-11de-8a39-0800200c9a66","name":"Energy","category":"Technical flow properties","refUnit":"MJ"},"defaultProvider":{"@type":"Process","@id":"89389d98-1ba6-30c5-9c33-92443694936b","name":"Electricity, at Grid, US, 2010","category":"22: Utilities/2211: Electric Power Generation, Transmission and Distribution","processType":"UNIT_PROCESS","flowType":"PRODUCT_FLOW","location":"RNA"}},{"@type":"Exchange","isAvoidedProduct":false,"isInput":true,"amount":0.456,"internalId":4,"flow":{"@type":"Flow","@id":"c2de65aa-af44-37e3-913b-e91b6df1ff4a","name":"Filler, synthetic, at plant","category":"Technosphere Flows/CUTOFF Flows","flowType":"PRODUCT_FLOW","refUnit":"kg"},"unit":{"@type":"Unit","@id":"20aadc24-a391-41cf-b340-3e4529f44bde","name":"kg"},"flowProperty":{"@type":"FlowProperty","@id":"93a60a56-a3c8-11da-a746-0800200b9a66","name":"Mass","category":"Technical flow properties","refUnit":"kg"}}],"socialAspects":[],"allocationFactors":[]}