{"@type":"Process","@id":"fa3871c0-d563-3300-9ec7-f26aafdabfa5","name":"Propylene oxide, at plant","description":"This gate-to-gate unit process represents the production of one kilogram of propylene oxide produced in North America. The studied system boundary includes elementary flows associated with upstream raw material extraction and processing, incoming transport, manufacturing of propylene oxide, and disposal of process wastes. This dataset is a weighted average of three technologies based on an estimated 2020 production capacity: chlorohydrin (50 percent), isobutene hydroperoxidation (33.9 percent), and ethylbenzene hydroperoxidation (16.1 percent). Newer technologies such as hyperoxidation using cumene hydroperoxide or hydrogen peroxide make up approximately 10 percent of the technology use but data was unavailable for these processes so these were excluded from this dataset. The energy, environmental emissions and raw materials for all three technologies included are based on datasets from a confidential secondary source from 1992. Energy requirement data for the two peroxidation technologies from a Department of Energy (DOE) report (US DOE, 2000) were used to check the older data. This unit process includes a cutoff flow that represents process waste disposal. In the two hydroperoxidation datasets, coproduct credit was given on a mass basis. \r\n\r\nAn excess amount of brine water is produced during one of the technologies but is not presented as an output to nature; these output amounts would likely explain the inconsistency in the mass balance shown for this hybrid technology inventory.","category":"31-33: Manufacturing/3251: Basic Chemical Manufacturing","version":"00.00.014","lastChange":"2023-03-31T19:04:04.671Z","processType":"UNIT_PROCESS","defaultAllocationMethod":"NO_ALLOCATION","isInfrastructureProcess":false,"location":{"@type":"Location","@id":"b320e7db-c758-3ba6-8839-81eb83c9d7d7","name":"Northern America"},"processDocumentation":{"timeDescription":"The energy, environmental emissions and raw materials data for the three technologies used for propylene oxide production in this dataset are representative of production from 1992. Energy data from a 2000 DOE report which is based on 1997 data were used to validate the older data.","technologyDescription":"Three propylene oxide production technologies are included in this dataset: chlorohydrin, isobutene hydroperoxidation, and ethylbenzene.\r\n\r\nThe chlorohydrin process begins with an equal molar mixture of propylene and chlorine in water, which forms the solution propylene chlorohydrin. The chlorohydrin solution is treated with a base, usually cell liquor from a chlorine plant, to form the oxide. Propylene oxide is then stripped from the alkaline solution and purified by distilling the light ends, then the oxide.\r\n\r\nIn the isobutene hydroperoxide process, propylene oxide and tert-butyl alcohol are formed from isobutene, oxygen, and propylene. Isobutane is first oxidized to the intermediate, tert-butyl hydroperoxide. This intermediate and an alcohol mixture coproduct is combined with propylene. This is reacted to nearly 100 percent conversion of the hydroperoxide over a catalyst. The products stream contains propylene oxide and tert-butyl alcohol. The products are separated in distillation columns.\r\n\r\nIn the ethylbenzene hydroperoxide reaction, propylene oxide and styrene are produced. Ethylbenzene and oxygen are reacted to form ethylbenzene hydroperoxide and small amounts of methylbenzyl alcohol and acetophenone. This solution and propylene are fed to the epoxidation reactor. The products stream contains propylene oxide, propylene, methylbenzyl alcohol, and small amounts of several other hydrocarbons. Propylene oxide is purified by a multi-tower distillation scheme.","dataCollectionDescription":"The environmental emissions and raw materials data for the three technologies used for propylene oxide production in this dataset are representative of production from 1992. Energy data were collected from a 2000 DOE report which is based on 1997 data.","completenessDescription":"TREATMENT OF MISSING ENVIRONMENTAL DATA: Elementary and technosphere flows are cut-off at less than 1% based on environmental relevance.\r\n\r\nTREATMENT OF MISSING TECHNOSPHERE DATA: Miscellaneous materials and additives, capital equipment, facilities and infrastructure, space conditioning, and support personnel requirements are not included in this unit process. No gaps have been identified in this dataset.\r\n\r\nMASS BALANCE: The mass balance for this process was calculated. An excess amount of brine water is produced during one of the technologies but is not presented as an output to nature; these output amounts would likely explain the inconsistency in the mass balance shown for this hybrid inventory.","dataSelectionDescription":"All propylene oxide production data was sourced from a confidential secondary source and reviewed. All data obtained specifically for this study were considered the most representative available for the systems studied. Datasets were reviewed for completeness and material balances.","reviewDetails":"The data was reviewed internally and by two ACC members and an ACC consultant. Internal ERG review of data entry proofreading and data documentation were also carried out.","dataTreatmentDescription":"This dataset is a weighted average of three propylene oxide technologies based on an estimated 2020 production capacity. The chlorohydrin process generates 50 percent of the propylene oxide, the isobutene hydroperoxidation (including MTBE hydroperoxidation) 33.9 percent, and the ethylbenzene hydroperoxidation 16.1 percent (ECHEMI, 2021 and Nexant, 2009). Newer technologies such as hyperoxidation using cumene hydroperoxide or hydrogen peroxide make up approximately 10 percent of the technology use but data was unavailable for these processes so these were excluded from this dataset. In the two included hydroperoxidation datasets, coproduct credit was given on a mass basis.","inventoryMethodDescription":"Attributional and gate to gate process. Developed with the intention to be compatible with TRACI.","modelingConstantsDescription":"Confidential secondary data were used to model the production of propylene oxide. The propylene oxide data is an average of three different technologies from the 1990s. The technologies are all still in use in North America, and the weightings of each dataset have been updated to reflect recent use of these technologies. All data collected were carefully evaluated and reviewed.","samplingDescription":"BOUNDARY CONDITIONS: The system boundary includes propylene oxide manufacturing, upstream material manufacturing, and incoming transportation for each material. The following are excluded from the system boundary: miscellaneous materials and additives, capital equipment, facilities and infrastructure, space conditioning, and support personnel requirements. \r\n\r\nDATA COLLECTION: Data were collected from secondary sources.\r\n\r\nUNCERTAINTY ESTIMATION: Uncertainty was not calculated.","restrictionsDescription":"These U.S. LCI Database Project data (\"Data\") are provided by the National Renewable Energy Laboratory (\"NREL\"), operated by the Alliance for Sustainable Energy, LLC (\"Alliance\") for the US Department of Energy (\"DOE\") under Contract No. DE-AC36-08GO28308. The United States Government (the \"Government\") retains and the user acknowledges that the Government retains a non-exclusive, paid-up, irrevocable, worldwide license to publish or reproduce the published form of these data, or allow others to do so, for Government purposes.\r\n\r\nAccess to and use of these Data shall impose the following obligations on the user, as set forth in this Agreement. The user is granted the right, without any fee or cost, to use, copy, modify, alter, enhance and distribute these Data for any purpose whatsoever, provided that this entire notice appears in all copies of the Data. Any modification, alteration or enhancement of these data shall be identified and documented by the user. Further, the user agrees to credit the DOE/NREL/Alliance in any publication that results from the use of these Data. The names DOE/NREL/Alliance, however, may not be used in any advertising or publicity to endorse or promote any products or commercial entities unless specific written permission is obtained from DOE/NREL/Alliance. The user also understands that DOE/NREL/Alliance is not obligated to provide the user with any support, consulting, training or assistance of any kind with regard to the use of these Data or to provide the user with any updates, revisions or new versions of these Data.\r\n\r\nYOU AGREE TO INDEMNIFY THE GOVERNMENT AND DOE/NREL/ALLIANCE, AND ITS SUBSIDIARIES, AFFILIATES, OFFICERS, AGENTS, AND EMPLOYEES AGAINST ANY CLAIM OR DEMAND, INCLUDING REASONABLE ATTORNEYS\u0027 FEES, RELATED TO YOUR USE OF THESE DATA. THESE DATA ARE PROVIDED BY DOE/NREL/ALLIANCE \"AS IS\" AND ANY EXPRESS OR IMPLIED WARRANTIES, INCLUDING BUT NOT LIMITED TO, THE IMPLIED WARRANTIES OF MERCHANTABILITY AND FITNESS FOR A PARTICULAR PURPOSE ARE DISCLAIMED. IN NO EVENT SHALL THE GOVERNMENT OR DOE/NREL/ALLIANCE BE LIABLE FOR ANY SPECIAL, INDIRECT OR CONSEQUENTIAL DAMAGES OR ANY DAMAGES WHATSOEVER, INCLUDING BUT NOT LIMITED TO CLAIMS ASSOCIATED WITH THE LOSS OF DATA OR PROFITS, WHICH MAY RESULT FROM AN ACTION IN CONTRACT, NEGLIGENCE OR OTHER TORTIOUS CLAIM THAT ARISES OUT OF OR IN CONNECTION WITH THE ACCESS, USE OR PERFORMANCE OF THESE DATA.","isCopyrightProtected":false,"intendedApplication":"Situation C1 - Accounting, with system-external interactions - The intended application is a purely descriptive accounting / documentation of the analysed system including existing interactions with other systems in the LCI model. These data are an update to a previously published dataset which is a generic unit process model. The target audience of this model includes LCA practitioners, industry, and the general public. This dataset has been accepted by the North American plastics/chemical industry and is intended for use as an industry average. An inventory of environmental emission flows are included to the extent that the producers provided; thus this unit process can be used for a full range of LCIA impact categories. The original study results were analyzed using the TRACI LCIA factors.","projectDescription":"This project was funded by and submitted to the American Chemistry Council (ACC). These data are an update to a previously published ACC dataset.","geographyDescription":"This unit process is representative of propylene oxide produced in the United States.","creationDate":"2015-08-20T15:32:00.053","validFrom":"1992-01-01","validUntil":"1992-12-31","reviewer":{"@type":"Actor","@id":"38e67478-a915-43d9-ad67-e25db79a4acc","name":"Franklin Associates, A Division of ERG"},"dataDocumentor":{"@type":"Actor","@id":"38e67478-a915-43d9-ad67-e25db79a4acc","name":"Franklin Associates, A Division of ERG"},"dataGenerator":{"@type":"Actor","@id":"38e67478-a915-43d9-ad67-e25db79a4acc","name":"Franklin Associates, A Division of ERG"},"dataSetOwner":{"@type":"Actor","@id":"0f4ac171-7e61-4c89-b075-1561c3bb621d","name":"American Chemistry Council"},"publication":{"@type":"Source","@id":"2e0b26c4-fb98-4a60-a22c-1c1071b7e23f","name":"American Chemistry Council, 2022, Polyether Polyol for Flexible Foam Polyurethanes"},"sources":[{"@type":"Source","@id":"2e0b26c4-fb98-4a60-a22c-1c1071b7e23f","name":"American Chemistry Council, 2022, Polyether Polyol for Flexible Foam Polyurethanes"},{"@type":"Source","@id":"795272c6-a10a-4308-840e-b5f278186ec0","name":"DOE"}]},"lastInternalId":31,"dqSystem":{"@type":"DQSystem","@id":"70bf370f-9912-4ec1-baa3-fbd4eaf85a10","name":"US EPA - Process Pedigree Matrix"},"dqEntry":"(4;1)","parameters":[],"exchanges":[{"@type":"Exchange","isAvoidedProduct":false,"isInput":false,"amount":1.0,"description":"This data module is a weighted average of the inventory for several technologies. An excess amount of brine water is produced during one of the technologies but is not presented as an output to nature; these output amounts would likely explain the upset in the mass balance shown for this hybrid inventory.","internalId":29,"flow":{"@type":"Flow","@id":"e3e36b0b-cd9f-3394-924d-2e565e97d38d","name":"Propylene oxide, at plant","category":"Technosphere Flows/31-33: Manufacturing/3251: Basic Chemical Manufacturing","flowType":"PRODUCT_FLOW","location":"RNA","refUnit":"kg"},"unit":{"@type":"Unit","@id":"20aadc24-a391-41cf-b340-3e4529f44bde","name":"kg"},"flowProperty":{"@type":"FlowProperty","@id":"93a60a56-a3c8-11da-a746-0800200b9a66","name":"Mass","category":"Technical flow properties","refUnit":"kg"},"isQuantitativeReference":true},{"@type":"Exchange","isAvoidedProduct":false,"isInput":true,"amount":0.27,"internalId":11,"flow":{"@type":"Flow","@id":"628c07ec-0802-39c1-ab88-1c62848ef436","name":"Transport, combination truck, diesel powered","category":"Technosphere Flows/48-49: Transportation and Warehousing/4841: General Freight Trucking","flowType":"PRODUCT_FLOW","location":"RNA","refUnit":"t*km"},"unit":{"@type":"Unit","@id":"0dea4ed8-bb6b-4049-b2b4-b2c413ef2180","name":"t*km"},"flowProperty":{"@type":"FlowProperty","@id":"838aaa20-0117-11db-92e3-0800200c9a66","name":"Goods transport (mass*distance)","category":"Technical flow properties","refUnit":"t*km"},"defaultProvider":{"@type":"Process","@id":"34156f3c-28ef-33db-9ad0-6293a2aa0d52","name":"Transport, combination truck, diesel powered","category":"48-49: Transportation and Warehousing/4841: General Freight Trucking","processType":"UNIT_PROCESS","flowType":"PRODUCT_FLOW","location":"RNA"}},{"@type":"Exchange","isAvoidedProduct":false,"isInput":false,"amount":0.0033,"internalId":21,"flow":{"@type":"Flow","@id":"42983b7d-3999-3fa9-b172-a0fc678236fe","name":"Hydrocarbons","category":"Elementary Flows/emission/water","flowType":"ELEMENTARY_FLOW","refUnit":"kg"},"unit":{"@type":"Unit","@id":"20aadc24-a391-41cf-b340-3e4529f44bde","name":"kg"},"flowProperty":{"@type":"FlowProperty","@id":"93a60a56-a3c8-11da-a746-0800200b9a66","name":"Mass","category":"Technical flow properties","refUnit":"kg"}},{"@type":"Exchange","isAvoidedProduct":false,"isInput":false,"amount":4.0E-6,"internalId":14,"flow":{"@type":"Flow","@id":"7a4d317f-256d-3438-8a96-90ece2935d31","name":"Acetic acid","category":"Elementary Flows/emission/air","flowType":"ELEMENTARY_FLOW","refUnit":"kg"},"unit":{"@type":"Unit","@id":"20aadc24-a391-41cf-b340-3e4529f44bde","name":"kg"},"flowProperty":{"@type":"FlowProperty","@id":"93a60a56-a3c8-11da-a746-0800200b9a66","name":"Mass","category":"Technical flow properties","refUnit":"kg"}},{"@type":"Exchange","isAvoidedProduct":false,"isInput":false,"amount":0.0021,"internalId":23,"flow":{"@type":"Flow","@id":"8a5b0c0e-7b72-3f3d-94de-02da365e0057","name":"Sodium hydroxide","category":"Elementary Flows/emission/water","flowType":"ELEMENTARY_FLOW","refUnit":"kg"},"unit":{"@type":"Unit","@id":"20aadc24-a391-41cf-b340-3e4529f44bde","name":"kg"},"flowProperty":{"@type":"FlowProperty","@id":"93a60a56-a3c8-11da-a746-0800200b9a66","name":"Mass","category":"Technical flow properties","refUnit":"kg"}},{"@type":"Exchange","isAvoidedProduct":false,"isInput":true,"amount":0.251,"internalId":3,"flow":{"@type":"Flow","@id":"06581fb2-1de0-3e78-8298-f37605dea142","name":"Electricity, at grid","category":"Technosphere Flows/22: Utilities/2211: Electric Power Generation, Transmission and Distribution","flowType":"PRODUCT_FLOW","location":"RNA","refUnit":"MJ"},"unit":{"@type":"Unit","@id":"86ad2244-1f0e-4912-af53-7865283103e4","name":"kWh"},"flowProperty":{"@type":"FlowProperty","@id":"f6811440-ee37-11de-8a39-0800200c9a66","name":"Energy","category":"Technical flow properties","refUnit":"MJ"},"defaultProvider":{"@type":"Process","@id":"89389d98-1ba6-30c5-9c33-92443694936b","name":"Electricity, at Grid, US, 2010","category":"22: Utilities/2211: Electric Power Generation, Transmission and Distribution","processType":"UNIT_PROCESS","flowType":"PRODUCT_FLOW","location":"RNA"}},{"@type":"Exchange","isAvoidedProduct":false,"isInput":false,"amount":0.0023,"internalId":19,"flow":{"@type":"Flow","@id":"3d558588-1b21-320f-b384-5d25c8a87bf4","name":"Acid compounds","category":"Elementary Flows/emission/water","flowType":"ELEMENTARY_FLOW","refUnit":"kg"},"unit":{"@type":"Unit","@id":"20aadc24-a391-41cf-b340-3e4529f44bde","name":"kg"},"flowProperty":{"@type":"FlowProperty","@id":"93a60a56-a3c8-11da-a746-0800200b9a66","name":"Mass","category":"Technical flow properties","refUnit":"kg"}},{"@type":"Exchange","isAvoidedProduct":false,"isInput":false,"amount":1.8E-4,"internalId":12,"flow":{"@type":"Flow","@id":"2014edbf-fd15-3674-8927-701264cb597f","name":"Propylene","category":"Elementary Flows/emission/air","flowType":"ELEMENTARY_FLOW","refUnit":"kg"},"unit":{"@type":"Unit","@id":"20aadc24-a391-41cf-b340-3e4529f44bde","name":"kg"},"flowProperty":{"@type":"FlowProperty","@id":"93a60a56-a3c8-11da-a746-0800200b9a66","name":"Mass","category":"Technical flow properties","refUnit":"kg"}},{"@type":"Exchange","isAvoidedProduct":false,"isInput":true,"amount":0.087,"internalId":31,"flow":{"@type":"Flow","@id":"73c7494d-4e93-3769-896b-8bb82f0dfccc","name":"Transport, train, diesel powered","category":"Technosphere Flows/48-49: Transportation and Warehousing/4821: Rail Transportation","flowType":"PRODUCT_FLOW","location":"RNA","refUnit":"t*km"},"unit":{"@type":"Unit","@id":"0dea4ed8-bb6b-4049-b2b4-b2c413ef2180","name":"t*km"},"flowProperty":{"@type":"FlowProperty","@id":"838aaa20-0117-11db-92e3-0800200c9a66","name":"Goods transport (mass*distance)","category":"Technical flow properties","refUnit":"t*km"},"defaultProvider":{"@type":"Process","@id":"a3e150d0-770e-4e2a-9b19-f7daa8cda38b","name":"Chlorine; chlor-alkali average, membrane cell; at plant","category":"31-33: Manufacturing/3251: Basic Chemical Manufacturing","processType":"UNIT_PROCESS","flowType":"PRODUCT_FLOW","location":"RNA"}},{"@type":"Exchange","isAvoidedProduct":false,"isInput":false,"amount":1.5E-7,"internalId":25,"flow":{"@type":"Flow","@id":"c4da1480-4f19-3d01-8f04-8432c38991b1","name":"Chlorine","category":"Elementary Flows/emission/air","flowType":"ELEMENTARY_FLOW","refUnit":"kg"},"unit":{"@type":"Unit","@id":"20aadc24-a391-41cf-b340-3e4529f44bde","name":"kg"},"flowProperty":{"@type":"FlowProperty","@id":"93a60a56-a3c8-11da-a746-0800200b9a66","name":"Mass","category":"Technical flow properties","refUnit":"kg"}},{"@type":"Exchange","isAvoidedProduct":false,"isInput":false,"amount":9.6E-4,"internalId":27,"flow":{"@type":"Flow","@id":"515e9797-af84-335a-a30f-a48f9a9e2ed7","name":"Isobutane","category":"Elementary Flows/emission/air","flowType":"ELEMENTARY_FLOW","refUnit":"kg"},"unit":{"@type":"Unit","@id":"20aadc24-a391-41cf-b340-3e4529f44bde","name":"kg"},"flowProperty":{"@type":"FlowProperty","@id":"93a60a56-a3c8-11da-a746-0800200b9a66","name":"Mass","category":"Technical flow properties","refUnit":"kg"}},{"@type":"Exchange","isAvoidedProduct":false,"isInput":true,"amount":0.00376,"internalId":1,"flow":{"@type":"Flow","@id":"4069483a-8d94-3b6b-81be-5f0a249b74f4","name":"Transport, barge, average fuel mix","category":"Technosphere Flows/48-49: Transportation and Warehousing/4832: Inland Water Transportation","flowType":"PRODUCT_FLOW","location":"RNA","refUnit":"t*km"},"unit":{"@type":"Unit","@id":"0dea4ed8-bb6b-4049-b2b4-b2c413ef2180","name":"t*km"},"flowProperty":{"@type":"FlowProperty","@id":"838aaa20-0117-11db-92e3-0800200c9a66","name":"Goods transport (mass*distance)","category":"Technical flow properties","refUnit":"t*km"},"defaultProvider":{"@type":"Process","@id":"099c3d09-08a3-3cac-9ffd-0558c12033b9","name":"Transport, barge, average fuel mix","category":"48-49: Transportation and Warehousing/4832: Inland Water Transportation","processType":"UNIT_PROCESS","flowType":"PRODUCT_FLOW","location":"RNA"}},{"@type":"Exchange","isAvoidedProduct":false,"isInput":true,"amount":0.2623,"description":"Steam is assumed to be produced by natural gas","internalId":4,"flow":{"@type":"Flow","@id":"bb1dc159-fe13-3f8e-8197-361e8c770ba3","name":"Natural gas, combusted in industrial boiler","category":"Technosphere Flows/22: Utilities/2213: Water, Sewage and Other Systems","flowType":"PRODUCT_FLOW","location":"RNA","refUnit":"m3"},"unit":{"@type":"Unit","@id":"1c3a9695-398d-4b1f-b07e-a8715b610f70","name":"m3"},"flowProperty":{"@type":"FlowProperty","@id":"93a60a56-a3c8-22da-a746-0800200c9a66","name":"Volume","category":"Technical flow properties","refUnit":"m3"},"defaultProvider":{"@type":"Process","@id":"5b81b61c-4d10-3bed-9926-8a5f868f5174","name":"Natural gas, combusted in industrial boiler","category":"22: Utilities/2213: Water, Sewage and Other Systems","processType":"UNIT_PROCESS","flowType":"PRODUCT_FLOW","location":"RNA"}},{"@type":"Exchange","isAvoidedProduct":false,"isInput":true,"amount":0.046,"internalId":5,"flow":{"@type":"Flow","@id":"055e3f80-da33-3f27-be5f-8d0c59872b9a","name":"Oxygen, liquid, at plant","category":"Technosphere Flows/31-33: Manufacturing/3251: Basic Chemical Manufacturing","flowType":"PRODUCT_FLOW","location":"RNA","refUnit":"kg"},"unit":{"@type":"Unit","@id":"20aadc24-a391-41cf-b340-3e4529f44bde","name":"kg"},"flowProperty":{"@type":"FlowProperty","@id":"93a60a56-a3c8-11da-a746-0800200b9a66","name":"Mass","category":"Technical flow properties","refUnit":"kg"},"defaultProvider":{"@type":"Process","@id":"7a2565f8-4a48-3263-9bc9-bcb28dbd58ad","name":"Oxygen, liquid, at plant","category":"31-33: Manufacturing/3251: Basic Chemical Manufacturing","processType":"UNIT_PROCESS","flowType":"PRODUCT_FLOW","location":"RNA"}},{"@type":"Exchange","isAvoidedProduct":false,"isInput":false,"amount":0.0034,"internalId":17,"flow":{"@type":"Flow","@id":"6f861846-1c4c-3fc9-a198-56b2d9abd83b","name":"Volatile organic compounds","category":"Elementary Flows/emission/air","flowType":"ELEMENTARY_FLOW","refUnit":"kg"},"unit":{"@type":"Unit","@id":"20aadc24-a391-41cf-b340-3e4529f44bde","name":"kg"},"flowProperty":{"@type":"FlowProperty","@id":"93a60a56-a3c8-11da-a746-0800200b9a66","name":"Mass","category":"Technical flow properties","refUnit":"kg"}},{"@type":"Exchange","isAvoidedProduct":false,"isInput":true,"amount":0.68,"internalId":2,"flow":{"@type":"Flow","@id":"8db1425d-16fb-4003-98f5-1d12d5995feb","name":"Chlorine; chlor-alkali average, membrane cell; at plant","category":"Technosphere Flows/31-33: Manufacturing/3251: Basic Chemical Manufacturing","flowType":"PRODUCT_FLOW","refUnit":"kg"},"unit":{"@type":"Unit","@id":"20aadc24-a391-41cf-b340-3e4529f44bde","name":"kg"},"flowProperty":{"@type":"FlowProperty","@id":"93a60a56-a3c8-11da-a746-0800200b9a66","name":"Mass","category":"Technical flow properties","refUnit":"kg"},"defaultProvider":{"@type":"Process","@id":"a3e150d0-770e-4e2a-9b19-f7daa8cda38b","name":"Chlorine; chlor-alkali average, membrane cell; at plant","category":"31-33: Manufacturing/3251: Basic Chemical Manufacturing","processType":"UNIT_PROCESS","flowType":"PRODUCT_FLOW","location":"RNA"}},{"@type":"Exchange","isAvoidedProduct":false,"isInput":true,"amount":0.791,"internalId":8,"flow":{"@type":"Flow","@id":"d12c4a32-12a8-4673-9b14-5d227d2a128e","name":"Sodium hydroxide; chlor-alkali average, membrane cell; at plant; 50% solution state","category":"Technosphere Flows/31-33: Manufacturing/3251: Basic Chemical Manufacturing","flowType":"PRODUCT_FLOW","refUnit":"kg"},"unit":{"@type":"Unit","@id":"20aadc24-a391-41cf-b340-3e4529f44bde","name":"kg"},"flowProperty":{"@type":"FlowProperty","@id":"93a60a56-a3c8-11da-a746-0800200b9a66","name":"Mass","category":"Technical flow properties","refUnit":"kg"},"defaultProvider":{"@type":"Process","@id":"344a7ac0-8c18-4869-bb63-3e44e811a1d9","name":"Sodium hydroxide; chlor-alkali average, membrane cell; at plant; 50% solution state","category":"31-33: Manufacturing/3251: Basic Chemical Manufacturing","processType":"UNIT_PROCESS","flowType":"PRODUCT_FLOW","location":"RNA"}},{"@type":"Exchange","isAvoidedProduct":false,"isInput":true,"amount":1.6E-4,"internalId":18,"flow":{"@type":"Flow","@id":"057a281a-908b-3adf-8f51-ed79fe5c5a9b","name":"Transport, pipeline, natural gas","category":"Technosphere Flows/48-49: Transportation and Warehousing/4862: Pipeline Transportation of Natural Gas","flowType":"PRODUCT_FLOW","location":"RNA","refUnit":"t*km"},"unit":{"@type":"Unit","@id":"0dea4ed8-bb6b-4049-b2b4-b2c413ef2180","name":"t*km"},"flowProperty":{"@type":"FlowProperty","@id":"838aaa20-0117-11db-92e3-0800200c9a66","name":"Goods transport (mass*distance)","category":"Technical flow properties","refUnit":"t*km"},"defaultProvider":{"@type":"Process","@id":"57cdac3b-a289-330e-8e55-6b7e2c6885fb","name":"Transport, pipeline, natural gas","category":"48-49: Transportation and Warehousing/4862: Pipeline Transportation of Natural Gas","processType":"UNIT_PROCESS","flowType":"PRODUCT_FLOW","location":"RNA"}},{"@type":"Exchange","isAvoidedProduct":false,"isInput":false,"amount":7.2E-5,"internalId":15,"flow":{"@type":"Flow","@id":"65b5d5dd-95b5-36b2-8cb0-7c5501ff1e32","name":"Ammonia","category":"Elementary Flows/emission/air","flowType":"ELEMENTARY_FLOW","refUnit":"kg"},"unit":{"@type":"Unit","@id":"20aadc24-a391-41cf-b340-3e4529f44bde","name":"kg"},"flowProperty":{"@type":"FlowProperty","@id":"93a60a56-a3c8-11da-a746-0800200b9a66","name":"Mass","category":"Technical flow properties","refUnit":"kg"}},{"@type":"Exchange","isAvoidedProduct":false,"isInput":false,"amount":0.0027,"internalId":20,"flow":{"@type":"Flow","@id":"8b67e596-b3af-30d7-84d5-c710373ed376","name":"Formic acid","category":"Elementary Flows/emission/water","flowType":"ELEMENTARY_FLOW","refUnit":"kg"},"unit":{"@type":"Unit","@id":"20aadc24-a391-41cf-b340-3e4529f44bde","name":"kg"},"flowProperty":{"@type":"FlowProperty","@id":"93a60a56-a3c8-11da-a746-0800200b9a66","name":"Mass","category":"Technical flow properties","refUnit":"kg"}},{"@type":"Exchange","isAvoidedProduct":false,"isInput":true,"amount":1.117,"internalId":7,"flow":{"@type":"Flow","@id":"c28f9211-98eb-3509-95cc-771d8fefae51","name":"Sodium chloride, at plant","category":"Technosphere Flows/21: Mining, Quarrying, and Oil and Gas Extraction/2123: Nonmetallic Mineral Mining and Quarrying","flowType":"PRODUCT_FLOW","location":"RNA","refUnit":"kg"},"unit":{"@type":"Unit","@id":"20aadc24-a391-41cf-b340-3e4529f44bde","name":"kg"},"flowProperty":{"@type":"FlowProperty","@id":"93a60a56-a3c8-11da-a746-0800200b9a66","name":"Mass","category":"Technical flow properties","refUnit":"kg"},"defaultProvider":{"@type":"Process","@id":"5dacfb93-571f-3502-bf9e-1ce678de151d","name":"Sodium chloride, at plant","category":"21: Mining, Quarrying, and Oil and Gas Extraction/2123: Nonmetallic Mineral Mining and Quarrying","processType":"UNIT_PROCESS","flowType":"PRODUCT_FLOW","location":"RNA"}},{"@type":"Exchange","isAvoidedProduct":false,"isInput":false,"amount":0.0019,"internalId":22,"flow":{"@type":"Flow","@id":"12812f0a-dd3e-3a55-b1fc-9fc7d5ea994f","name":"Phenols","category":"Elementary Flows/emission/water","flowType":"ELEMENTARY_FLOW","refUnit":"kg"},"unit":{"@type":"Unit","@id":"20aadc24-a391-41cf-b340-3e4529f44bde","name":"kg"},"flowProperty":{"@type":"FlowProperty","@id":"93a60a56-a3c8-11da-a746-0800200b9a66","name":"Mass","category":"Technical flow properties","refUnit":"kg"}},{"@type":"Exchange","isAvoidedProduct":false,"isInput":false,"amount":6.2E-5,"internalId":10,"flow":{"@type":"Flow","@id":"9f9ccf8f-0135-34ae-8c01-4e41813a9311","name":"Formic acid","category":"Elementary Flows/emission/air","flowType":"ELEMENTARY_FLOW","refUnit":"kg"},"unit":{"@type":"Unit","@id":"20aadc24-a391-41cf-b340-3e4529f44bde","name":"kg"},"flowProperty":{"@type":"FlowProperty","@id":"93a60a56-a3c8-11da-a746-0800200b9a66","name":"Mass","category":"Technical flow properties","refUnit":"kg"}},{"@type":"Exchange","isAvoidedProduct":false,"isInput":true,"amount":0.39,"internalId":16,"flow":{"@type":"Flow","@id":"acbe5bc4-6afd-31aa-bf3f-4a3fdc491945","name":"Transport, pipeline, unspecified petroleum products","category":"Technosphere Flows/48-49: Transportation and Warehousing/4869: Other Pipeline Transportation","flowType":"PRODUCT_FLOW","location":"RNA","refUnit":"t*km"},"unit":{"@type":"Unit","@id":"0dea4ed8-bb6b-4049-b2b4-b2c413ef2180","name":"t*km"},"flowProperty":{"@type":"FlowProperty","@id":"838aaa20-0117-11db-92e3-0800200c9a66","name":"Goods transport (mass*distance)","category":"Technical flow properties","refUnit":"t*km"},"defaultProvider":{"@type":"Process","@id":"0855376f-1ec5-3f3e-bead-959c932539b7","name":"Transport, pipeline, unspecified petroleum products","category":"48-49: Transportation and Warehousing/4869: Other Pipeline Transportation","processType":"UNIT_PROCESS","flowType":"PRODUCT_FLOW","location":"RNA"}},{"@type":"Exchange","isAvoidedProduct":false,"isInput":true,"amount":0.787,"internalId":6,"flow":{"@type":"Flow","@id":"e86e8b04-8e64-3a17-95c3-04c07229f0ac","name":"Propylene, at plant","category":"Technosphere Flows/31-33: Manufacturing/3241: Petroleum and Coal Products Manufacturing","flowType":"PRODUCT_FLOW","location":"RNA","refUnit":"kg"},"unit":{"@type":"Unit","@id":"20aadc24-a391-41cf-b340-3e4529f44bde","name":"kg"},"flowProperty":{"@type":"FlowProperty","@id":"93a60a56-a3c8-11da-a746-0800200b9a66","name":"Mass","category":"Technical flow properties","refUnit":"kg"},"defaultProvider":{"@type":"Process","@id":"49d309a8-0c93-4eeb-a342-2fe2254a0bec","name":"Propylene, materials production, organic compound, at plant, kg","category":"31-33: Manufacturing/3251: Basic Chemical Manufacturing","processType":"UNIT_PROCESS","flowType":"PRODUCT_FLOW","location":"RNA"}},{"@type":"Exchange","isAvoidedProduct":false,"isInput":false,"amount":0.0014,"internalId":9,"flow":{"@type":"Flow","@id":"7b2a26ef-86ec-39e1-82e6-016b31800e2b","name":"Ethylbenzene","category":"Elementary Flows/emission/air","flowType":"ELEMENTARY_FLOW","refUnit":"kg"},"unit":{"@type":"Unit","@id":"20aadc24-a391-41cf-b340-3e4529f44bde","name":"kg"},"flowProperty":{"@type":"FlowProperty","@id":"93a60a56-a3c8-11da-a746-0800200b9a66","name":"Mass","category":"Technical flow properties","refUnit":"kg"}},{"@type":"Exchange","isAvoidedProduct":false,"isInput":false,"amount":0.014,"internalId":28,"flow":{"@type":"Flow","@id":"b6f010fb-a764-3063-af2d-bcb8309a97b7","name":"Carbon dioxide","category":"Elementary Flows/emission/air","flowType":"ELEMENTARY_FLOW","refUnit":"kg"},"unit":{"@type":"Unit","@id":"20aadc24-a391-41cf-b340-3e4529f44bde","name":"kg"},"flowProperty":{"@type":"FlowProperty","@id":"93a60a56-a3c8-11da-a746-0800200b9a66","name":"Mass","category":"Technical flow properties","refUnit":"kg"}},{"@type":"Exchange","isAvoidedProduct":false,"isInput":false,"amount":0.0031,"internalId":26,"flow":{"@type":"Flow","@id":"bffbba00-357a-3d54-8f8b-bdd5476ba8a3","name":"Acetic acid","category":"Elementary Flows/emission/water","flowType":"ELEMENTARY_FLOW","refUnit":"kg"},"unit":{"@type":"Unit","@id":"20aadc24-a391-41cf-b340-3e4529f44bde","name":"kg"},"flowProperty":{"@type":"FlowProperty","@id":"93a60a56-a3c8-11da-a746-0800200b9a66","name":"Mass","category":"Technical flow properties","refUnit":"kg"}},{"@type":"Exchange","isAvoidedProduct":false,"isInput":false,"amount":6.9E-4,"internalId":13,"flow":{"@type":"Flow","@id":"4925db0d-7f56-3efa-ada9-eb799c3edd5b","name":"Propylene oxide","category":"Elementary Flows/emission/air","flowType":"ELEMENTARY_FLOW","refUnit":"kg"},"unit":{"@type":"Unit","@id":"20aadc24-a391-41cf-b340-3e4529f44bde","name":"kg"},"flowProperty":{"@type":"FlowProperty","@id":"93a60a56-a3c8-11da-a746-0800200b9a66","name":"Mass","category":"Technical flow properties","refUnit":"kg"}},{"@type":"Exchange","isAvoidedProduct":false,"isInput":false,"amount":2.2E-4,"internalId":30,"flow":{"@type":"Flow","@id":"df2b3c59-4923-41b4-ac38-967884123025","name":"Disposal, solid waste, process, to sanitary landfill","category":"Technosphere Flows/CUTOFF Flows","flowType":"WASTE_FLOW","refUnit":"kg"},"unit":{"@type":"Unit","@id":"20aadc24-a391-41cf-b340-3e4529f44bde","name":"kg"},"flowProperty":{"@type":"FlowProperty","@id":"93a60a56-a3c8-11da-a746-0800200b9a66","name":"Mass","category":"Technical flow properties","refUnit":"kg"}}],"socialAspects":[],"allocationFactors":[]}