{"@context":"http://greendelta.github.io/olca-schema/context.jsonld","@type":"FlowProperty","@id":"01846770-4cfe-4a25-8ad9-919d8d378345","name":"Number of items","version":"00.00.000","lastChange":"2019-06-18T11:20:52.760-06:00","category":{"@type":"Category","@id":"87cfd36b-db77-3a88-8c0e-7102ce682690","name":"Technical flow properties","categoryType":"FlowProperty"},"flowPropertyType":"PHYSICAL_QUANTITY","unitGroup":{"@type":"UnitGroup","@id":"5beb6eed-33a9-47b8-9ede-1dfe8f679159","name":"Units of items","categoryPath":["Technical unit groups"]}}