{"@context":"http://greendelta.github.io/olca-schema/context.jsonld","@type":"FlowProperty","@id":"93a60a56-a3c8-22da-a746-0800200c9a66","name":"Volume","version":"00.00.000","lastChange":"2019-06-18T11:21:11.955-06:00","category":{"@type":"Category","@id":"87cfd36b-db77-3a88-8c0e-7102ce682690","name":"Technical flow properties","categoryType":"FlowProperty"},"flowPropertyType":"PHYSICAL_QUANTITY","unitGroup":{"@type":"UnitGroup","@id":"93a60a57-a3c8-12da-a746-0800200c9a66","name":"Units of volume","categoryPath":["Technical unit groups"]}}