{"@type":"Process","@id":"faa85914-ec68-377e-aee5-0e0af4e27fc8","name":"Chlorine, production mix, at plant","description":"Diaphragm, membrane, and mercury cells are considered as the main source of chlorine/caustic in this module dataset.  Per the Chemical Economics Handbook, SRI Consulting, 2011, the production mix data module assigns 96.5% of chlorine and caustic soda production to diaphragm/membrane cell electrolysis and 3.5% to mercury cathode cell electrolysis. This data module for average production assigns 96.5 percent of chlorine and caustic soda production to diaphragm/membrane cell electrolysis and 3.5 percent of chlorine and caustic soda production to mercury cathode cell electrolysis.  The collected datasets were weighted using these fractions.  Co-product credit is given because sodium hydroxide and a small amount of hydrogen are produced when chlorine is produced from salt using an electrolytic cell.  Mass imbalance is due to unavailability of the weight of water inputs to production.  Complete inventory data and metadata are available in full in the final report and appendices, Cradle-to-Gate Life Cycle Inventory of Nine Plastic Resins and Four Polyurethane Precursors. This report has been extensively reviewed within Franklin Associates by Rebe Feraldi and Melissa Huff and has undergone partial critical review by ACC Plastics Division members and is available at: www.americanchemistry.com. Quantities may vary slightly between the reference to main source and this module due to rounding. Important note: although most of the data in the US LCI database has undergone some sort of review, the database as a whole has not yet undergone a formal validation process.  Please email comments to lci@nrel.gov.","category":"31-33: Manufacturing/3251: Basic Chemical Manufacturing","version":"00.00.007","lastChange":"2024-06-24T18:26:57.009Z","processType":"UNIT_PROCESS","defaultAllocationMethod":"NO_ALLOCATION","isInfrastructureProcess":false,"location":{"@type":"Location","@id":"0b3b97fa-6688-3c56-88ee-4ae80ec0c3c2","name":"United States"},"processDocumentation":{"validFrom":"1988-12-31","validUntil":"2003-12-31","geographyDescription":"US","technologyDescription":"There are three commercial processes for the electrolysis of sodium chloride: (1) the diaphragm cell process-67%, (2) the mercury cathode cell process-3.5%, and (3) the membrane cell process-29.5%. These three technologies are represented in this average mix using the production percentages listed.","samplingDescription":"Data are from primary sources. The chlorine/caustic data collected for this module represent 1 producer and 3 plants in the U.S. The chlorine/caustic producer who provided data for this module verified that the characteristics of their plant are representative of the diaphragm/membrane cell technology for North American chlorine/caustic production. ","sources":[{"@type":"Source","@id":"9cdb0fb9-c3f9-37c7-98e0-ca7d811e1555","name":"Franklin Associates (2011) Cradle-to-Gate LCI 9 Plastic Resins \u0026 4 Polyurethane Precursors - REPORT"}],"dataGenerator":{"@type":"Actor","@id":"38e67478-a915-43d9-ad67-e25db79a4acc","name":"Franklin Associates, A Division of ERG","category":"Organisations"},"dataDocumentor":{"@type":"Actor","@id":"38e67478-a915-43d9-ad67-e25db79a4acc","name":"Franklin Associates, A Division of ERG","category":"Organisations"},"creationDate":"2015-08-24T12:06:57.636","publication":{"@type":"Source","@id":"9cdb0fb9-c3f9-37c7-98e0-ca7d811e1555","name":"Franklin Associates (2011) Cradle-to-Gate LCI 9 Plastic Resins \u0026 4 Polyurethane Precursors - REPORT"},"isCopyrightProtected":false,"restrictionsDescription":"All information can be accessed by everybody."},"lastInternalId":42,"parameters":[],"exchanges":[{"@type":"Exchange","isAvoidedProduct":false,"isInput":false,"amount":0.48,"internalId":1,"flow":{"@type":"Flow","@id":"a1167c39-1c98-360a-b834-c22a9726c001","name":"Chlorine, production mix, at plant","category":"Technosphere Flows/31-33: Manufacturing/3251: Basic Chemical Manufacturing","flowType":"PRODUCT_FLOW","location":"US","refUnit":"kg"},"unit":{"@type":"Unit","@id":"20aadc24-a391-41cf-b340-3e4529f44bde","name":"kg"},"flowProperty":{"@type":"FlowProperty","@id":"93a60a56-a3c8-11da-a746-0800200b9a66","name":"Mass","category":"Technical flow properties","refUnit":"kg"},"isQuantitativeReference":true},{"@type":"Exchange","isAvoidedProduct":false,"isInput":false,"amount":1.1454E-6,"internalId":34,"flow":{"@type":"Flow","@id":"c4da1480-4f19-3d01-8f04-8432c38991b1","name":"Chlorine","category":"Elementary Flows/emission/air","flowType":"ELEMENTARY_FLOW","refUnit":"kg"},"unit":{"@type":"Unit","@id":"20aadc24-a391-41cf-b340-3e4529f44bde","name":"kg"},"flowProperty":{"@type":"FlowProperty","@id":"93a60a56-a3c8-11da-a746-0800200b9a66","name":"Mass","category":"Technical flow properties","refUnit":"kg"},"uncertainty":{"@type":"Uncertainty","distributionType":"LOG_NORMAL_DISTRIBUTION","geomMean":1.1454E-6,"geomSd":1.0}},{"@type":"Exchange","isAvoidedProduct":false,"isInput":true,"amount":0.36634,"internalId":28,"flow":{"@type":"Flow","@id":"ed1981de-52d1-366c-b629-4abfe56fffd3","name":"Electricity, at cogen, for natural gas turbine","category":"Technosphere Flows/22: Utilities/2211: Electric Power Generation, Transmission and Distribution","flowType":"PRODUCT_FLOW","location":"US","refUnit":"MJ"},"unit":{"@type":"Unit","@id":"86ad2244-1f0e-4912-af53-7865283103e4","name":"kWh"},"flowProperty":{"@type":"FlowProperty","@id":"f6811440-ee37-11de-8a39-0800200c9a66","name":"Energy","category":"Technical flow properties","refUnit":"MJ"},"uncertainty":{"@type":"Uncertainty","distributionType":"LOG_NORMAL_DISTRIBUTION","geomMean":0.36634,"geomSd":1.0},"defaultProvider":{"@type":"Process","@id":"e6586e69-95a4-3396-a934-f379fbdd28f4","name":"Electricity, at cogen, for natural gas turbine","category":"22: Utilities/2211: Electric Power Generation, Transmission and Distribution","processType":"UNIT_PROCESS","flowType":"PRODUCT_FLOW","location":"PY"}},{"@type":"Exchange","isAvoidedProduct":false,"isInput":false,"amount":2.7485E-6,"internalId":35,"flow":{"@type":"Flow","@id":"0418b561-ecf8-33c8-9c81-225789f15bd3","name":"Particulate matter","category":"Elementary Flows/emission/air","flowType":"ELEMENTARY_FLOW","refUnit":"kg"},"unit":{"@type":"Unit","@id":"20aadc24-a391-41cf-b340-3e4529f44bde","name":"kg"},"flowProperty":{"@type":"FlowProperty","@id":"93a60a56-a3c8-11da-a746-0800200b9a66","name":"Mass","category":"Technical flow properties","refUnit":"kg"},"uncertainty":{"@type":"Uncertainty","distributionType":"LOG_NORMAL_DISTRIBUTION","geomMean":2.7485E-6,"geomSd":1.0}},{"@type":"Exchange","isAvoidedProduct":false,"isInput":true,"amount":6.9398E-4,"internalId":17,"flow":{"@type":"Flow","@id":"654a5cf6-185f-3d91-89ef-42442d1825e8","name":"Residual fuel oil, combusted in industrial boiler","category":"Technosphere Flows/22: Utilities/2213: Water, Sewage and Other Systems","flowType":"PRODUCT_FLOW","location":"RNA","refUnit":"m3"},"unit":{"@type":"Unit","@id":"b80a512e-e402-4363-8ad0-7d02dcf4a459","name":"l"},"flowProperty":{"@type":"FlowProperty","@id":"93a60a56-a3c8-22da-a746-0800200c9a66","name":"Volume","category":"Technical flow properties","refUnit":"m3"},"uncertainty":{"@type":"Uncertainty","distributionType":"LOG_NORMAL_DISTRIBUTION","geomMean":6.9398E-4,"geomSd":1.0},"defaultProvider":{"@type":"Process","@id":"9d9b6815-9349-30af-869b-57362428c42e","name":"Residual fuel oil, combusted in industrial boiler","category":"22: Utilities/2213: Water, Sewage and Other Systems","processType":"UNIT_PROCESS","flowType":"PRODUCT_FLOW","location":"RNA"}},{"@type":"Exchange","isAvoidedProduct":false,"isInput":false,"amount":1.8168E-8,"internalId":33,"flow":{"@type":"Flow","@id":"caa29242-717c-37bd-b57b-de22a122d579","name":"Sulfide","category":"Elementary Flows/emission/water","flowType":"ELEMENTARY_FLOW","refUnit":"kg"},"unit":{"@type":"Unit","@id":"20aadc24-a391-41cf-b340-3e4529f44bde","name":"kg"},"flowProperty":{"@type":"FlowProperty","@id":"93a60a56-a3c8-11da-a746-0800200b9a66","name":"Mass","category":"Technical flow properties","refUnit":"kg"},"uncertainty":{"@type":"Uncertainty","distributionType":"LOG_NORMAL_DISTRIBUTION","geomMean":1.8168E-8,"geomSd":1.0}},{"@type":"Exchange","isAvoidedProduct":false,"isInput":false,"amount":7.8472E-5,"internalId":2,"flow":{"@type":"Flow","@id":"f0c2682e-2a68-33f1-80bb-005ee7844eb0","name":"Suspended solids, inorganic","category":"Elementary Flows/emission/water","flowType":"ELEMENTARY_FLOW","refUnit":"kg"},"unit":{"@type":"Unit","@id":"20aadc24-a391-41cf-b340-3e4529f44bde","name":"kg"},"flowProperty":{"@type":"FlowProperty","@id":"93a60a56-a3c8-11da-a746-0800200b9a66","name":"Mass","category":"Technical flow properties","refUnit":"kg"},"uncertainty":{"@type":"Uncertainty","distributionType":"LOG_NORMAL_DISTRIBUTION","geomMean":7.8472E-5,"geomSd":1.0}},{"@type":"Exchange","isAvoidedProduct":false,"isInput":false,"amount":2.6406E-7,"internalId":30,"flow":{"@type":"Flow","@id":"6f861846-1c4c-3fc9-a198-56b2d9abd83b","name":"Volatile organic compounds","category":"Elementary Flows/emission/air","flowType":"ELEMENTARY_FLOW","refUnit":"kg"},"unit":{"@type":"Unit","@id":"20aadc24-a391-41cf-b340-3e4529f44bde","name":"kg"},"flowProperty":{"@type":"FlowProperty","@id":"93a60a56-a3c8-11da-a746-0800200b9a66","name":"Mass","category":"Technical flow properties","refUnit":"kg"},"uncertainty":{"@type":"Uncertainty","distributionType":"LOG_NORMAL_DISTRIBUTION","geomMean":2.6406E-7,"geomSd":1.0}},{"@type":"Exchange","isAvoidedProduct":false,"isInput":false,"amount":2.643E-4,"internalId":24,"flow":{"@type":"Flow","@id":"27b840cc-1f41-3943-8ea8-6d68b44b7f81","name":"Biological Oxygen Demand","category":"Elementary Flows/emission/water","flowType":"ELEMENTARY_FLOW","refUnit":"kg"},"unit":{"@type":"Unit","@id":"20aadc24-a391-41cf-b340-3e4529f44bde","name":"kg"},"flowProperty":{"@type":"FlowProperty","@id":"93a60a56-a3c8-11da-a746-0800200b9a66","name":"Mass","category":"Technical flow properties","refUnit":"kg"},"uncertainty":{"@type":"Uncertainty","distributionType":"LOG_NORMAL_DISTRIBUTION","geomMean":2.643E-4,"geomSd":1.0}},{"@type":"Exchange","isAvoidedProduct":false,"isInput":false,"amount":5.6977E-10,"internalId":36,"flow":{"@type":"Flow","@id":"5a0f4337-3cdb-3484-84b4-67f1f5d0c113","name":"Nickel","category":"Elementary Flows/emission/water","flowType":"ELEMENTARY_FLOW","refUnit":"kg"},"unit":{"@type":"Unit","@id":"20aadc24-a391-41cf-b340-3e4529f44bde","name":"kg"},"flowProperty":{"@type":"FlowProperty","@id":"93a60a56-a3c8-11da-a746-0800200b9a66","name":"Mass","category":"Technical flow properties","refUnit":"kg"},"uncertainty":{"@type":"Uncertainty","distributionType":"LOG_NORMAL_DISTRIBUTION","geomMean":5.6977E-10,"geomSd":1.0}},{"@type":"Exchange","isAvoidedProduct":false,"isInput":false,"amount":1.0495E-9,"internalId":20,"flow":{"@type":"Flow","@id":"aab83476-ec6c-3742-af85-15d320b7ce80","name":"Methane","category":"Elementary Flows/emission/air","flowType":"ELEMENTARY_FLOW","refUnit":"kg"},"unit":{"@type":"Unit","@id":"20aadc24-a391-41cf-b340-3e4529f44bde","name":"kg"},"flowProperty":{"@type":"FlowProperty","@id":"93a60a56-a3c8-11da-a746-0800200b9a66","name":"Mass","category":"Technical flow properties","refUnit":"kg"},"uncertainty":{"@type":"Uncertainty","distributionType":"LOG_NORMAL_DISTRIBUTION","geomMean":1.0495E-9,"geomSd":1.0}},{"@type":"Exchange","isAvoidedProduct":false,"isInput":false,"amount":7.8472E-9,"internalId":39,"flow":{"@type":"Flow","@id":"1767d662-f96c-38d8-98e4-cc840d9aafd3","name":"Organic compounds","category":"Elementary Flows/emission/air","flowType":"ELEMENTARY_FLOW","refUnit":"kg"},"unit":{"@type":"Unit","@id":"20aadc24-a391-41cf-b340-3e4529f44bde","name":"kg"},"flowProperty":{"@type":"FlowProperty","@id":"93a60a56-a3c8-11da-a746-0800200b9a66","name":"Mass","category":"Technical flow properties","refUnit":"kg"},"uncertainty":{"@type":"Uncertainty","distributionType":"LOG_NORMAL_DISTRIBUTION","geomMean":7.8472E-9,"geomSd":1.0}},{"@type":"Exchange","isAvoidedProduct":false,"isInput":true,"amount":0.0035793,"internalId":13,"flow":{"@type":"Flow","@id":"73c7494d-4e93-3769-896b-8bb82f0dfccc","name":"Transport, train, diesel powered","category":"Technosphere Flows/48-49: Transportation and Warehousing/4821: Rail Transportation","flowType":"PRODUCT_FLOW","location":"RNA","refUnit":"t*km"},"unit":{"@type":"Unit","@id":"0dea4ed8-bb6b-4049-b2b4-b2c413ef2180","name":"t*km"},"flowProperty":{"@type":"FlowProperty","@id":"838aaa20-0117-11db-92e3-0800200c9a66","name":"Goods transport (mass*distance)","category":"Technical flow properties","refUnit":"t*km"},"uncertainty":{"@type":"Uncertainty","distributionType":"LOG_NORMAL_DISTRIBUTION","geomMean":0.0035793,"geomSd":1.0},"defaultProvider":{"@type":"Process","@id":"7de9c230-fd0f-3478-be87-f80181132faa","name":"Transport, train, diesel powered","category":"48-49: Transportation and Warehousing/4821: Rail Transportation","processType":"UNIT_PROCESS","flowType":"PRODUCT_FLOW","location":"US"}},{"@type":"Exchange","isAvoidedProduct":false,"isInput":false,"amount":1.151E-7,"internalId":15,"flow":{"@type":"Flow","@id":"49a9c581-7c83-36b0-b1bd-455ea4c665a6","name":"Particulate matter, ≤ 2.5μm","category":"Elementary Flows/emission/air","flowType":"ELEMENTARY_FLOW","refUnit":"kg"},"unit":{"@type":"Unit","@id":"20aadc24-a391-41cf-b340-3e4529f44bde","name":"kg"},"flowProperty":{"@type":"FlowProperty","@id":"93a60a56-a3c8-11da-a746-0800200b9a66","name":"Mass","category":"Technical flow properties","refUnit":"kg"},"uncertainty":{"@type":"Uncertainty","distributionType":"LOG_NORMAL_DISTRIBUTION","geomMean":1.151E-7,"geomSd":1.0}},{"@type":"Exchange","isAvoidedProduct":false,"isInput":false,"amount":2.0549E-5,"internalId":16,"flow":{"@type":"Flow","@id":"a320e284-d276-3167-89b3-19d790081c08","name":"Particulate matter, \u003e 2.5μm and ≤ 10μm","category":"Elementary Flows/emission/air","flowType":"ELEMENTARY_FLOW","refUnit":"kg"},"unit":{"@type":"Unit","@id":"20aadc24-a391-41cf-b340-3e4529f44bde","name":"kg"},"flowProperty":{"@type":"FlowProperty","@id":"93a60a56-a3c8-11da-a746-0800200b9a66","name":"Mass","category":"Technical flow properties","refUnit":"kg"},"uncertainty":{"@type":"Uncertainty","distributionType":"LOG_NORMAL_DISTRIBUTION","geomMean":2.0549E-5,"geomSd":1.0}},{"@type":"Exchange","isAvoidedProduct":false,"isInput":false,"amount":0.043313,"internalId":26,"flow":{"@type":"Flow","@id":"61a45604-2ff4-384b-8d90-bae7206c2540","name":"Total dissolved solids","category":"Elementary Flows/emission/water","flowType":"ELEMENTARY_FLOW","refUnit":"kg"},"unit":{"@type":"Unit","@id":"20aadc24-a391-41cf-b340-3e4529f44bde","name":"kg"},"flowProperty":{"@type":"FlowProperty","@id":"93a60a56-a3c8-11da-a746-0800200b9a66","name":"Mass","category":"Technical flow properties","refUnit":"kg"},"uncertainty":{"@type":"Uncertainty","distributionType":"LOG_NORMAL_DISTRIBUTION","geomMean":0.043313,"geomSd":1.0}},{"@type":"Exchange","isAvoidedProduct":false,"isInput":false,"amount":0.52,"internalId":38,"flow":{"@type":"Flow","@id":"bf2b1e5a-4c92-3974-a2fd-a68898833086","name":"Sodium hydroxide, production mix, at plant","category":"Technosphere Flows/31-33: Manufacturing/3251: Basic Chemical Manufacturing","flowType":"PRODUCT_FLOW","location":"US","refUnit":"kg"},"unit":{"@type":"Unit","@id":"20aadc24-a391-41cf-b340-3e4529f44bde","name":"kg"},"flowProperty":{"@type":"FlowProperty","@id":"93a60a56-a3c8-11da-a746-0800200b9a66","name":"Mass","category":"Technical flow properties","refUnit":"kg"}},{"@type":"Exchange","isAvoidedProduct":false,"isInput":false,"amount":7.2592E-5,"internalId":8,"flow":{"@type":"Flow","@id":"b6f010fb-a764-3063-af2d-bcb8309a97b7","name":"Carbon dioxide","category":"Elementary Flows/emission/air","flowType":"ELEMENTARY_FLOW","refUnit":"kg"},"unit":{"@type":"Unit","@id":"20aadc24-a391-41cf-b340-3e4529f44bde","name":"kg"},"flowProperty":{"@type":"FlowProperty","@id":"93a60a56-a3c8-11da-a746-0800200b9a66","name":"Mass","category":"Technical flow properties","refUnit":"kg"},"uncertainty":{"@type":"Uncertainty","distributionType":"LOG_NORMAL_DISTRIBUTION","geomMean":7.2592E-5,"geomSd":1.0}},{"@type":"Exchange","isAvoidedProduct":false,"isInput":true,"amount":0.32643,"internalId":11,"flow":{"@type":"Flow","@id":"acbe5bc4-6afd-31aa-bf3f-4a3fdc491945","name":"Transport, pipeline, unspecified petroleum products","category":"Technosphere Flows/48-49: Transportation and Warehousing/4869: Other Pipeline Transportation","flowType":"PRODUCT_FLOW","location":"RNA","refUnit":"t*km"},"unit":{"@type":"Unit","@id":"0dea4ed8-bb6b-4049-b2b4-b2c413ef2180","name":"t*km"},"flowProperty":{"@type":"FlowProperty","@id":"838aaa20-0117-11db-92e3-0800200c9a66","name":"Goods transport (mass*distance)","category":"Technical flow properties","refUnit":"t*km"},"uncertainty":{"@type":"Uncertainty","distributionType":"LOG_NORMAL_DISTRIBUTION","geomMean":0.32643,"geomSd":1.0},"defaultProvider":{"@type":"Process","@id":"0855376f-1ec5-3f3e-bead-959c932539b7","name":"Transport, pipeline, unspecified petroleum products","category":"48-49: Transportation and Warehousing/4869: Other Pipeline Transportation","processType":"UNIT_PROCESS","flowType":"PRODUCT_FLOW","location":"RNA"}},{"@type":"Exchange","isAvoidedProduct":false,"isInput":false,"amount":1.8708E-7,"internalId":3,"flow":{"@type":"Flow","@id":"f7467352-e7d9-3924-b763-f26bb26ce4cc","name":"Carbon tetrachloride","category":"Elementary Flows/emission/air","flowType":"ELEMENTARY_FLOW","refUnit":"kg"},"unit":{"@type":"Unit","@id":"20aadc24-a391-41cf-b340-3e4529f44bde","name":"kg"},"flowProperty":{"@type":"FlowProperty","@id":"93a60a56-a3c8-11da-a746-0800200b9a66","name":"Mass","category":"Technical flow properties","refUnit":"kg"},"uncertainty":{"@type":"Uncertainty","distributionType":"LOG_NORMAL_DISTRIBUTION","geomMean":1.8708E-7,"geomSd":1.0}},{"@type":"Exchange","isAvoidedProduct":false,"isInput":false,"amount":8.7523E-8,"internalId":37,"flow":{"@type":"Flow","@id":"c1b0f3c7-546f-3bfa-ba02-fc5e657c2ea3","name":"HCFC-123","category":"Elementary Flows/emission/air","flowType":"ELEMENTARY_FLOW","refUnit":"kg"},"unit":{"@type":"Unit","@id":"20aadc24-a391-41cf-b340-3e4529f44bde","name":"kg"},"flowProperty":{"@type":"FlowProperty","@id":"93a60a56-a3c8-11da-a746-0800200b9a66","name":"Mass","category":"Technical flow properties","refUnit":"kg"},"uncertainty":{"@type":"Uncertainty","distributionType":"LOG_NORMAL_DISTRIBUTION","geomMean":8.7523E-8,"geomSd":1.0}},{"@type":"Exchange","isAvoidedProduct":false,"isInput":false,"amount":1.1989E-10,"internalId":10,"flow":{"@type":"Flow","@id":"965958b3-8368-3395-a55d-f6f819e40587","name":"Copper","category":"Elementary Flows/emission/water","flowType":"ELEMENTARY_FLOW","refUnit":"kg"},"unit":{"@type":"Unit","@id":"20aadc24-a391-41cf-b340-3e4529f44bde","name":"kg"},"flowProperty":{"@type":"FlowProperty","@id":"93a60a56-a3c8-11da-a746-0800200b9a66","name":"Mass","category":"Technical flow properties","refUnit":"kg"},"uncertainty":{"@type":"Uncertainty","distributionType":"LOG_NORMAL_DISTRIBUTION","geomMean":1.1989E-10,"geomSd":1.0}},{"@type":"Exchange","isAvoidedProduct":false,"isInput":false,"amount":3.1499E-7,"internalId":19,"flow":{"@type":"Flow","@id":"e2230ed6-8d5e-3315-8bc9-ce337d1283ce","name":"Hydrochloric acid","category":"Elementary Flows/emission/air","flowType":"ELEMENTARY_FLOW","refUnit":"kg"},"unit":{"@type":"Unit","@id":"20aadc24-a391-41cf-b340-3e4529f44bde","name":"kg"},"flowProperty":{"@type":"FlowProperty","@id":"93a60a56-a3c8-11da-a746-0800200b9a66","name":"Mass","category":"Technical flow properties","refUnit":"kg"},"uncertainty":{"@type":"Uncertainty","distributionType":"LOG_NORMAL_DISTRIBUTION","geomMean":3.1499E-7,"geomSd":1.0}},{"@type":"Exchange","isAvoidedProduct":false,"isInput":true,"amount":2.2644,"internalId":7,"flow":{"@type":"Flow","@id":"3bca3bc6-2443-3184-8976-72dc98d258f6","name":"Electricity, AC, 120 V","category":"Technosphere Flows/22: Utilities/2211: Electric Power Generation, Transmission and Distribution","flowType":"PRODUCT_FLOW","refUnit":"MJ"},"unit":{"@type":"Unit","@id":"52765a6c-3896-43c2-b2f4-c679acf13efe","name":"MJ"},"flowProperty":{"@type":"FlowProperty","@id":"f6811440-ee37-11de-8a39-0800200c9a66","name":"Energy","category":"Technical flow properties","refUnit":"MJ"},"uncertainty":{"@type":"Uncertainty","distributionType":"LOG_NORMAL_DISTRIBUTION","geomMean":2.2644,"geomSd":1.0},"defaultProvider":{"@type":"Process","@id":"75d4be66-12a7-30b3-bc57-fa724c941b0e","name":"Electricity; at user; consumption mix - US - US","category":"22: Utilities/2211: Electric Power Generation, Transmission and Distribution","processType":"UNIT_PROCESS","flowType":"PRODUCT_FLOW"}},{"@type":"Exchange","isAvoidedProduct":false,"isInput":false,"amount":2.1798E-8,"internalId":21,"flow":{"@type":"Flow","@id":"565c5d1a-1e0e-35f3-82a0-4845c43d3dcf","name":"Benzene","category":"Elementary Flows/emission/air","flowType":"ELEMENTARY_FLOW","refUnit":"kg"},"unit":{"@type":"Unit","@id":"20aadc24-a391-41cf-b340-3e4529f44bde","name":"kg"},"flowProperty":{"@type":"FlowProperty","@id":"93a60a56-a3c8-11da-a746-0800200b9a66","name":"Mass","category":"Technical flow properties","refUnit":"kg"},"uncertainty":{"@type":"Uncertainty","distributionType":"LOG_NORMAL_DISTRIBUTION","geomMean":2.1798E-8,"geomSd":1.0}},{"@type":"Exchange","isAvoidedProduct":false,"isInput":true,"amount":0.025421,"internalId":12,"flow":{"@type":"Flow","@id":"73cd1596-214d-3403-87f1-f69fc3818886","name":"Bituminous coal, combusted in industrial boiler","category":"Technosphere Flows/22: Utilities/2213: Water, Sewage and Other Systems","flowType":"PRODUCT_FLOW","location":"RNA","refUnit":"kg"},"unit":{"@type":"Unit","@id":"20aadc24-a391-41cf-b340-3e4529f44bde","name":"kg"},"flowProperty":{"@type":"FlowProperty","@id":"93a60a56-a3c8-11da-a746-0800200b9a66","name":"Mass","category":"Technical flow properties","refUnit":"kg"},"uncertainty":{"@type":"Uncertainty","distributionType":"LOG_NORMAL_DISTRIBUTION","geomMean":0.025421,"geomSd":1.0},"defaultProvider":{"@type":"Process","@id":"26465530-69ff-3c68-834f-c67ccb6ee1b2","name":"Bituminous coal, combusted in industrial boiler","category":"22: Utilities/2213: Water, Sewage and Other Systems","processType":"UNIT_PROCESS","flowType":"PRODUCT_FLOW","location":"RNA"}},{"@type":"Exchange","isAvoidedProduct":false,"isInput":false,"amount":8.7523E-8,"internalId":5,"flow":{"@type":"Flow","@id":"4fd60c2c-8625-3b10-8618-e3eacc121bbb","name":"HFC-134a","category":"Elementary Flows/emission/air","flowType":"ELEMENTARY_FLOW","refUnit":"kg"},"unit":{"@type":"Unit","@id":"20aadc24-a391-41cf-b340-3e4529f44bde","name":"kg"},"flowProperty":{"@type":"FlowProperty","@id":"93a60a56-a3c8-11da-a746-0800200b9a66","name":"Mass","category":"Technical flow properties","refUnit":"kg"},"uncertainty":{"@type":"Uncertainty","distributionType":"LOG_NORMAL_DISTRIBUTION","geomMean":8.7523E-8,"geomSd":1.0}},{"@type":"Exchange","isAvoidedProduct":false,"isInput":true,"amount":0.0035793,"internalId":14,"flow":{"@type":"Flow","@id":"4069483a-8d94-3b6b-81be-5f0a249b74f4","name":"Transport, barge, average fuel mix","category":"Technosphere Flows/48-49: Transportation and Warehousing/4832: Inland Water Transportation","flowType":"PRODUCT_FLOW","location":"RNA","refUnit":"t*km"},"unit":{"@type":"Unit","@id":"0dea4ed8-bb6b-4049-b2b4-b2c413ef2180","name":"t*km"},"flowProperty":{"@type":"FlowProperty","@id":"838aaa20-0117-11db-92e3-0800200c9a66","name":"Goods transport (mass*distance)","category":"Technical flow properties","refUnit":"t*km"},"uncertainty":{"@type":"Uncertainty","distributionType":"LOG_NORMAL_DISTRIBUTION","geomMean":0.0035793,"geomSd":1.0},"defaultProvider":{"@type":"Process","@id":"099c3d09-08a3-3cac-9ffd-0558c12033b9","name":"Transport, barge, average fuel mix","category":"48-49: Transportation and Warehousing/4832: Inland Water Transportation","processType":"UNIT_PROCESS","flowType":"PRODUCT_FLOW","location":"US"}},{"@type":"Exchange","isAvoidedProduct":false,"isInput":false,"amount":1.5443E-10,"internalId":18,"flow":{"@type":"Flow","@id":"687b7004-d26d-3dfc-b8f2-81e092bc4bca","name":"Mercury","category":"Elementary Flows/emission/water","flowType":"ELEMENTARY_FLOW","refUnit":"kg"},"unit":{"@type":"Unit","@id":"20aadc24-a391-41cf-b340-3e4529f44bde","name":"kg"},"flowProperty":{"@type":"FlowProperty","@id":"93a60a56-a3c8-11da-a746-0800200b9a66","name":"Mass","category":"Technical flow properties","refUnit":"kg"},"uncertainty":{"@type":"Uncertainty","distributionType":"LOG_NORMAL_DISTRIBUTION","geomMean":1.5443E-10,"geomSd":1.0}},{"@type":"Exchange","isAvoidedProduct":false,"isInput":false,"amount":6.5404E-8,"internalId":9,"flow":{"@type":"Flow","@id":"e2c65e04-f613-33db-9a6e-4cb4577b0005","name":"Mercury","category":"Elementary Flows/emission/air","flowType":"ELEMENTARY_FLOW","refUnit":"kg"},"unit":{"@type":"Unit","@id":"20aadc24-a391-41cf-b340-3e4529f44bde","name":"kg"},"flowProperty":{"@type":"FlowProperty","@id":"93a60a56-a3c8-11da-a746-0800200b9a66","name":"Mass","category":"Technical flow properties","refUnit":"kg"},"uncertainty":{"@type":"Uncertainty","distributionType":"LOG_NORMAL_DISTRIBUTION","geomMean":6.5404E-8,"geomSd":1.0}},{"@type":"Exchange","isAvoidedProduct":false,"isInput":true,"amount":0.88982,"internalId":25,"flow":{"@type":"Flow","@id":"c28f9211-98eb-3509-95cc-771d8fefae51","name":"Sodium chloride, at plant","category":"Technosphere Flows/21: Mining, Quarrying, and Oil and Gas Extraction/2123: Nonmetallic Mineral Mining and Quarrying","flowType":"PRODUCT_FLOW","location":"RNA","refUnit":"kg"},"unit":{"@type":"Unit","@id":"20aadc24-a391-41cf-b340-3e4529f44bde","name":"kg"},"flowProperty":{"@type":"FlowProperty","@id":"93a60a56-a3c8-11da-a746-0800200b9a66","name":"Mass","category":"Technical flow properties","refUnit":"kg"},"uncertainty":{"@type":"Uncertainty","distributionType":"LOG_NORMAL_DISTRIBUTION","geomMean":0.88982,"geomSd":1.0},"defaultProvider":{"@type":"Process","@id":"5dacfb93-571f-3502-bf9e-1ce678de151d","name":"Sodium chloride, at plant","category":"21: Mining, Quarrying, and Oil and Gas Extraction/2123: Nonmetallic Mineral Mining and Quarrying","processType":"UNIT_PROCESS","flowType":"PRODUCT_FLOW","location":"RNA"}},{"@type":"Exchange","isAvoidedProduct":false,"isInput":false,"amount":1.0899E-11,"internalId":23,"flow":{"@type":"Flow","@id":"fe829136-3042-36e6-b4cb-7ff591e8db98","name":"Lead","category":"Elementary Flows/emission/air","flowType":"ELEMENTARY_FLOW","refUnit":"kg"},"unit":{"@type":"Unit","@id":"20aadc24-a391-41cf-b340-3e4529f44bde","name":"kg"},"flowProperty":{"@type":"FlowProperty","@id":"93a60a56-a3c8-11da-a746-0800200b9a66","name":"Mass","category":"Technical flow properties","refUnit":"kg"},"uncertainty":{"@type":"Uncertainty","distributionType":"LOG_NORMAL_DISTRIBUTION","geomMean":1.0899E-11,"geomSd":1.0}},{"@type":"Exchange","isAvoidedProduct":false,"isInput":false,"amount":5.3396E-7,"internalId":31,"flow":{"@type":"Flow","@id":"42e4c3cb-8468-3004-bd4b-19e6cbb81687","name":"Sulfur oxides","category":"Elementary Flows/emission/air","flowType":"ELEMENTARY_FLOW","refUnit":"kg"},"unit":{"@type":"Unit","@id":"20aadc24-a391-41cf-b340-3e4529f44bde","name":"kg"},"flowProperty":{"@type":"FlowProperty","@id":"93a60a56-a3c8-11da-a746-0800200b9a66","name":"Mass","category":"Technical flow properties","refUnit":"kg"},"uncertainty":{"@type":"Uncertainty","distributionType":"LOG_NORMAL_DISTRIBUTION","geomMean":5.3396E-7,"geomSd":1.0}},{"@type":"Exchange","isAvoidedProduct":false,"isInput":false,"amount":3.7239E-6,"internalId":27,"flow":{"@type":"Flow","@id":"4382ba18-dd21-3837-80b2-94283ef5490e","name":"Nitrogen oxides","category":"Elementary Flows/emission/air","flowType":"ELEMENTARY_FLOW","refUnit":"kg"},"unit":{"@type":"Unit","@id":"20aadc24-a391-41cf-b340-3e4529f44bde","name":"kg"},"flowProperty":{"@type":"FlowProperty","@id":"93a60a56-a3c8-11da-a746-0800200b9a66","name":"Mass","category":"Technical flow properties","refUnit":"kg"},"uncertainty":{"@type":"Uncertainty","distributionType":"LOG_NORMAL_DISTRIBUTION","geomMean":3.7239E-6,"geomSd":1.0}},{"@type":"Exchange","isAvoidedProduct":false,"isInput":true,"amount":3.3419,"internalId":6,"flow":{"@type":"Flow","@id":"e2eb491c-78ff-3123-9e42-494c7d199b44","name":"Water","category":"Elementary Flows/resource/water","flowType":"ELEMENTARY_FLOW","refUnit":"kg"},"unit":{"@type":"Unit","@id":"20aadc24-a391-41cf-b340-3e4529f44bde","name":"kg"},"flowProperty":{"@type":"FlowProperty","@id":"93a60a56-a3c8-11da-a746-0800200b9a66","name":"Mass","category":"Technical flow properties","refUnit":"kg"},"uncertainty":{"@type":"Uncertainty","distributionType":"LOG_NORMAL_DISTRIBUTION","geomMean":3.3419,"geomSd":1.0}},{"@type":"Exchange","isAvoidedProduct":false,"isInput":false,"amount":1.3332E-7,"internalId":22,"flow":{"@type":"Flow","@id":"187c525c-3715-388c-b303-a0671524a615","name":"Carbon monoxide","category":"Elementary Flows/emission/air","flowType":"ELEMENTARY_FLOW","refUnit":"kg"},"unit":{"@type":"Unit","@id":"20aadc24-a391-41cf-b340-3e4529f44bde","name":"kg"},"flowProperty":{"@type":"FlowProperty","@id":"93a60a56-a3c8-11da-a746-0800200b9a66","name":"Mass","category":"Technical flow properties","refUnit":"kg"},"uncertainty":{"@type":"Uncertainty","distributionType":"LOG_NORMAL_DISTRIBUTION","geomMean":1.3332E-7,"geomSd":1.0}},{"@type":"Exchange","isAvoidedProduct":false,"isInput":true,"amount":0.11918,"internalId":40,"flow":{"@type":"Flow","@id":"ea8515c5-e3d4-4f42-a856-67a9b85b30a0","name":"Natural gas, combusted in industrial boiler","category":"Technosphere Flows/22: Utilities/2213: Water, Sewage and Other Systems","flowType":"PRODUCT_FLOW","location":"RNA","refUnit":"m3"},"unit":{"@type":"Unit","@id":"1c3a9695-398d-4b1f-b07e-a8715b610f70","name":"m3"},"flowProperty":{"@type":"FlowProperty","@id":"93a60a56-a3c8-22da-a746-0800200c9a66","name":"Volume","category":"Technical flow properties","refUnit":"m3"},"uncertainty":{"@type":"Uncertainty","distributionType":"LOG_NORMAL_DISTRIBUTION","geomMean":0.11918,"geomSd":1.0},"defaultProvider":{"@type":"Process","@id":"f347daea-82be-4e62-8872-a0dc0ca24ca3","name":"Natural gas, combusted in industrial boiler","category":"22: Utilities/2213: Water, Sewage and Other Systems","processType":"UNIT_PROCESS","flowType":"PRODUCT_FLOW","location":"RNA"}},{"@type":"Exchange","isAvoidedProduct":false,"isInput":false,"amount":0.0013933,"internalId":41,"flow":{"@type":"Flow","@id":"4e2612b8-ad76-485a-99bf-06fed508f0a7","name":"Disposal, solid waste, unspecified, to municipal incineration","category":"Technosphere Flows/CUTOFF Flows/CUTOFF Waste Flows","flowType":"WASTE_FLOW","refUnit":"kg"},"unit":{"@type":"Unit","@id":"20aadc24-a391-41cf-b340-3e4529f44bde","name":"kg"},"flowProperty":{"@type":"FlowProperty","@id":"93a60a56-a3c8-11da-a746-0800200b9a66","name":"Mass","category":"Technical flow properties","refUnit":"kg"},"uncertainty":{"@type":"Uncertainty","distributionType":"LOG_NORMAL_DISTRIBUTION","geomMean":0.0013933,"geomSd":1.0}},{"@type":"Exchange","isAvoidedProduct":false,"isInput":false,"amount":7.9308E-4,"internalId":42,"flow":{"@type":"Flow","@id":"7c7fe391-b1aa-4e0d-9859-832725ec0f4f","name":"Disposal, solid waste, unspecified, to sanitary landfill","category":"Technosphere Flows/CUTOFF Flows/CUTOFF Waste Flows","flowType":"WASTE_FLOW","refUnit":"kg"},"unit":{"@type":"Unit","@id":"20aadc24-a391-41cf-b340-3e4529f44bde","name":"kg"},"flowProperty":{"@type":"FlowProperty","@id":"93a60a56-a3c8-11da-a746-0800200b9a66","name":"Mass","category":"Technical flow properties","refUnit":"kg"},"uncertainty":{"@type":"Uncertainty","distributionType":"LOG_NORMAL_DISTRIBUTION","geomMean":7.9308E-4,"geomSd":1.0}}],"socialAspects":[],"allocationFactors":[{"allocationType":"CAUSAL_ALLOCATION","exchange":{"@type":"Exchange","internalId":19,"flow":{"@type":"Flow","@id":"e2230ed6-8d5e-3315-8bc9-ce337d1283ce","name":"Hydrochloric acid","category":"Elementary Flows/emission/air","flowType":"ELEMENTARY_FLOW","refUnit":"kg"}},"product":{"@type":"Flow","@id":"bf2b1e5a-4c92-3974-a2fd-a68898833086","name":"Sodium hydroxide, production mix, at plant","category":"Technosphere Flows/31-33: Manufacturing/3251: Basic Chemical Manufacturing","flowType":"PRODUCT_FLOW","location":"US","refUnit":"kg"},"value":0.0},{"allocationType":"ECONOMIC_ALLOCATION","product":{"@type":"Flow","@id":"bf2b1e5a-4c92-3974-a2fd-a68898833086","name":"Sodium hydroxide, production mix, at plant","category":"Technosphere Flows/31-33: Manufacturing/3251: Basic Chemical Manufacturing","flowType":"PRODUCT_FLOW","location":"US","refUnit":"kg"},"value":0.0},{"allocationType":"CAUSAL_ALLOCATION","exchange":{"@type":"Exchange","internalId":34,"flow":{"@type":"Flow","@id":"c4da1480-4f19-3d01-8f04-8432c38991b1","name":"Chlorine","category":"Elementary Flows/emission/air","flowType":"ELEMENTARY_FLOW","refUnit":"kg"}},"product":{"@type":"Flow","@id":"bf2b1e5a-4c92-3974-a2fd-a68898833086","name":"Sodium hydroxide, production mix, at plant","category":"Technosphere Flows/31-33: Manufacturing/3251: Basic Chemical Manufacturing","flowType":"PRODUCT_FLOW","location":"US","refUnit":"kg"},"value":0.0},{"allocationType":"CAUSAL_ALLOCATION","exchange":{"@type":"Exchange","internalId":20,"flow":{"@type":"Flow","@id":"aab83476-ec6c-3742-af85-15d320b7ce80","name":"Methane","category":"Elementary Flows/emission/air","flowType":"ELEMENTARY_FLOW","refUnit":"kg"}},"product":{"@type":"Flow","@id":"a1167c39-1c98-360a-b834-c22a9726c001","name":"Chlorine, production mix, at plant","category":"Technosphere Flows/31-33: Manufacturing/3251: Basic Chemical Manufacturing","flowType":"PRODUCT_FLOW","location":"US","refUnit":"kg"},"value":1.0},{"allocationType":"CAUSAL_ALLOCATION","exchange":{"@type":"Exchange","internalId":15,"flow":{"@type":"Flow","@id":"49a9c581-7c83-36b0-b1bd-455ea4c665a6","name":"Particulate matter, ≤ 2.5μm","category":"Elementary Flows/emission/air","flowType":"ELEMENTARY_FLOW","refUnit":"kg"}},"product":{"@type":"Flow","@id":"bf2b1e5a-4c92-3974-a2fd-a68898833086","name":"Sodium hydroxide, production mix, at plant","category":"Technosphere Flows/31-33: Manufacturing/3251: Basic Chemical Manufacturing","flowType":"PRODUCT_FLOW","location":"US","refUnit":"kg"},"value":0.0},{"allocationType":"CAUSAL_ALLOCATION","exchange":{"@type":"Exchange","internalId":11,"flow":{"@type":"Flow","@id":"acbe5bc4-6afd-31aa-bf3f-4a3fdc491945","name":"Transport, pipeline, unspecified petroleum products","category":"Technosphere Flows/48-49: Transportation and Warehousing/4869: Other Pipeline Transportation","flowType":"PRODUCT_FLOW","location":"RNA","refUnit":"t*km"}},"product":{"@type":"Flow","@id":"a1167c39-1c98-360a-b834-c22a9726c001","name":"Chlorine, production mix, at plant","category":"Technosphere Flows/31-33: Manufacturing/3251: Basic Chemical Manufacturing","flowType":"PRODUCT_FLOW","location":"US","refUnit":"kg"},"value":1.0},{"allocationType":"PHYSICAL_ALLOCATION","product":{"@type":"Flow","@id":"bf2b1e5a-4c92-3974-a2fd-a68898833086","name":"Sodium hydroxide, production mix, at plant","category":"Technosphere Flows/31-33: Manufacturing/3251: Basic Chemical Manufacturing","flowType":"PRODUCT_FLOW","location":"US","refUnit":"kg"},"value":0.0},{"allocationType":"CAUSAL_ALLOCATION","exchange":{"@type":"Exchange","internalId":20,"flow":{"@type":"Flow","@id":"aab83476-ec6c-3742-af85-15d320b7ce80","name":"Methane","category":"Elementary Flows/emission/air","flowType":"ELEMENTARY_FLOW","refUnit":"kg"}},"product":{"@type":"Flow","@id":"bf2b1e5a-4c92-3974-a2fd-a68898833086","name":"Sodium hydroxide, production mix, at plant","category":"Technosphere Flows/31-33: Manufacturing/3251: Basic Chemical Manufacturing","flowType":"PRODUCT_FLOW","location":"US","refUnit":"kg"},"value":0.0},{"allocationType":"CAUSAL_ALLOCATION","exchange":{"@type":"Exchange","internalId":37,"flow":{"@type":"Flow","@id":"c1b0f3c7-546f-3bfa-ba02-fc5e657c2ea3","name":"HCFC-123","category":"Elementary Flows/emission/air","flowType":"ELEMENTARY_FLOW","refUnit":"kg"}},"product":{"@type":"Flow","@id":"bf2b1e5a-4c92-3974-a2fd-a68898833086","name":"Sodium hydroxide, production mix, at plant","category":"Technosphere Flows/31-33: Manufacturing/3251: Basic Chemical Manufacturing","flowType":"PRODUCT_FLOW","location":"US","refUnit":"kg"},"value":0.0},{"allocationType":"CAUSAL_ALLOCATION","exchange":{"@type":"Exchange","internalId":8,"flow":{"@type":"Flow","@id":"b6f010fb-a764-3063-af2d-bcb8309a97b7","name":"Carbon dioxide","category":"Elementary Flows/emission/air","flowType":"ELEMENTARY_FLOW","refUnit":"kg"}},"product":{"@type":"Flow","@id":"bf2b1e5a-4c92-3974-a2fd-a68898833086","name":"Sodium hydroxide, production mix, at plant","category":"Technosphere Flows/31-33: Manufacturing/3251: Basic Chemical Manufacturing","flowType":"PRODUCT_FLOW","location":"US","refUnit":"kg"},"value":0.0},{"allocationType":"CAUSAL_ALLOCATION","exchange":{"@type":"Exchange","internalId":11,"flow":{"@type":"Flow","@id":"acbe5bc4-6afd-31aa-bf3f-4a3fdc491945","name":"Transport, pipeline, unspecified petroleum products","category":"Technosphere Flows/48-49: Transportation and Warehousing/4869: Other Pipeline Transportation","flowType":"PRODUCT_FLOW","location":"RNA","refUnit":"t*km"}},"product":{"@type":"Flow","@id":"bf2b1e5a-4c92-3974-a2fd-a68898833086","name":"Sodium hydroxide, production mix, at plant","category":"Technosphere Flows/31-33: Manufacturing/3251: Basic Chemical Manufacturing","flowType":"PRODUCT_FLOW","location":"US","refUnit":"kg"},"value":0.0},{"allocationType":"CAUSAL_ALLOCATION","exchange":{"@type":"Exchange","internalId":26,"flow":{"@type":"Flow","@id":"61a45604-2ff4-384b-8d90-bae7206c2540","name":"Total dissolved solids","category":"Elementary Flows/emission/water","flowType":"ELEMENTARY_FLOW","refUnit":"kg"}},"product":{"@type":"Flow","@id":"bf2b1e5a-4c92-3974-a2fd-a68898833086","name":"Sodium hydroxide, production mix, at plant","category":"Technosphere Flows/31-33: Manufacturing/3251: Basic Chemical Manufacturing","flowType":"PRODUCT_FLOW","location":"US","refUnit":"kg"},"value":0.0},{"allocationType":"CAUSAL_ALLOCATION","exchange":{"@type":"Exchange","internalId":19,"flow":{"@type":"Flow","@id":"e2230ed6-8d5e-3315-8bc9-ce337d1283ce","name":"Hydrochloric acid","category":"Elementary Flows/emission/air","flowType":"ELEMENTARY_FLOW","refUnit":"kg"}},"product":{"@type":"Flow","@id":"a1167c39-1c98-360a-b834-c22a9726c001","name":"Chlorine, production mix, at plant","category":"Technosphere Flows/31-33: Manufacturing/3251: Basic Chemical Manufacturing","flowType":"PRODUCT_FLOW","location":"US","refUnit":"kg"},"value":1.0},{"allocationType":"CAUSAL_ALLOCATION","exchange":{"@type":"Exchange","internalId":22,"flow":{"@type":"Flow","@id":"187c525c-3715-388c-b303-a0671524a615","name":"Carbon monoxide","category":"Elementary Flows/emission/air","flowType":"ELEMENTARY_FLOW","refUnit":"kg"}},"product":{"@type":"Flow","@id":"bf2b1e5a-4c92-3974-a2fd-a68898833086","name":"Sodium hydroxide, production mix, at plant","category":"Technosphere Flows/31-33: Manufacturing/3251: Basic Chemical Manufacturing","flowType":"PRODUCT_FLOW","location":"US","refUnit":"kg"},"value":0.0},{"allocationType":"CAUSAL_ALLOCATION","exchange":{"@type":"Exchange","internalId":31,"flow":{"@type":"Flow","@id":"42e4c3cb-8468-3004-bd4b-19e6cbb81687","name":"Sulfur oxides","category":"Elementary Flows/emission/air","flowType":"ELEMENTARY_FLOW","refUnit":"kg"}},"product":{"@type":"Flow","@id":"a1167c39-1c98-360a-b834-c22a9726c001","name":"Chlorine, production mix, at plant","category":"Technosphere Flows/31-33: Manufacturing/3251: Basic Chemical Manufacturing","flowType":"PRODUCT_FLOW","location":"US","refUnit":"kg"},"value":1.0},{"allocationType":"ECONOMIC_ALLOCATION","product":{"@type":"Flow","@id":"a1167c39-1c98-360a-b834-c22a9726c001","name":"Chlorine, production mix, at plant","category":"Technosphere Flows/31-33: Manufacturing/3251: Basic Chemical Manufacturing","flowType":"PRODUCT_FLOW","location":"US","refUnit":"kg"},"value":1.0},{"allocationType":"CAUSAL_ALLOCATION","exchange":{"@type":"Exchange","internalId":15,"flow":{"@type":"Flow","@id":"49a9c581-7c83-36b0-b1bd-455ea4c665a6","name":"Particulate matter, ≤ 2.5μm","category":"Elementary Flows/emission/air","flowType":"ELEMENTARY_FLOW","refUnit":"kg"}},"product":{"@type":"Flow","@id":"a1167c39-1c98-360a-b834-c22a9726c001","name":"Chlorine, production mix, at plant","category":"Technosphere Flows/31-33: Manufacturing/3251: Basic Chemical Manufacturing","flowType":"PRODUCT_FLOW","location":"US","refUnit":"kg"},"value":1.0},{"allocationType":"CAUSAL_ALLOCATION","exchange":{"@type":"Exchange","internalId":14,"flow":{"@type":"Flow","@id":"4069483a-8d94-3b6b-81be-5f0a249b74f4","name":"Transport, barge, average fuel mix","category":"Technosphere Flows/48-49: Transportation and Warehousing/4832: Inland Water Transportation","flowType":"PRODUCT_FLOW","location":"RNA","refUnit":"t*km"}},"product":{"@type":"Flow","@id":"a1167c39-1c98-360a-b834-c22a9726c001","name":"Chlorine, production mix, at plant","category":"Technosphere Flows/31-33: Manufacturing/3251: Basic Chemical Manufacturing","flowType":"PRODUCT_FLOW","location":"US","refUnit":"kg"},"value":1.0},{"allocationType":"CAUSAL_ALLOCATION","exchange":{"@type":"Exchange","internalId":35,"flow":{"@type":"Flow","@id":"0418b561-ecf8-33c8-9c81-225789f15bd3","name":"Particulate matter","category":"Elementary Flows/emission/air","flowType":"ELEMENTARY_FLOW","refUnit":"kg"}},"product":{"@type":"Flow","@id":"a1167c39-1c98-360a-b834-c22a9726c001","name":"Chlorine, production mix, at plant","category":"Technosphere Flows/31-33: Manufacturing/3251: Basic Chemical Manufacturing","flowType":"PRODUCT_FLOW","location":"US","refUnit":"kg"},"value":1.0},{"allocationType":"CAUSAL_ALLOCATION","exchange":{"@type":"Exchange","internalId":16,"flow":{"@type":"Flow","@id":"a320e284-d276-3167-89b3-19d790081c08","name":"Particulate matter, \u003e 2.5μm and ≤ 10μm","category":"Elementary Flows/emission/air","flowType":"ELEMENTARY_FLOW","refUnit":"kg"}},"product":{"@type":"Flow","@id":"bf2b1e5a-4c92-3974-a2fd-a68898833086","name":"Sodium hydroxide, production mix, at plant","category":"Technosphere Flows/31-33: Manufacturing/3251: Basic Chemical Manufacturing","flowType":"PRODUCT_FLOW","location":"US","refUnit":"kg"},"value":0.0},{"allocationType":"CAUSAL_ALLOCATION","exchange":{"@type":"Exchange","internalId":40,"flow":{"@type":"Flow","@id":"ea8515c5-e3d4-4f42-a856-67a9b85b30a0","name":"Natural gas, combusted in industrial boiler","category":"Technosphere Flows/22: Utilities/2213: Water, Sewage and Other Systems","flowType":"PRODUCT_FLOW","location":"RNA","refUnit":"m3"}},"product":{"@type":"Flow","@id":"bf2b1e5a-4c92-3974-a2fd-a68898833086","name":"Sodium hydroxide, production mix, at plant","category":"Technosphere Flows/31-33: Manufacturing/3251: Basic Chemical Manufacturing","flowType":"PRODUCT_FLOW","location":"US","refUnit":"kg"},"value":0.0},{"allocationType":"CAUSAL_ALLOCATION","exchange":{"@type":"Exchange","internalId":28,"flow":{"@type":"Flow","@id":"ed1981de-52d1-366c-b629-4abfe56fffd3","name":"Electricity, at cogen, for natural gas turbine","category":"Technosphere Flows/22: Utilities/2211: Electric Power Generation, Transmission and Distribution","flowType":"PRODUCT_FLOW","location":"US","refUnit":"MJ"}},"product":{"@type":"Flow","@id":"bf2b1e5a-4c92-3974-a2fd-a68898833086","name":"Sodium hydroxide, production mix, at plant","category":"Technosphere Flows/31-33: Manufacturing/3251: Basic Chemical Manufacturing","flowType":"PRODUCT_FLOW","location":"US","refUnit":"kg"},"value":0.0},{"allocationType":"CAUSAL_ALLOCATION","exchange":{"@type":"Exchange","internalId":27,"flow":{"@type":"Flow","@id":"4382ba18-dd21-3837-80b2-94283ef5490e","name":"Nitrogen oxides","category":"Elementary Flows/emission/air","flowType":"ELEMENTARY_FLOW","refUnit":"kg"}},"product":{"@type":"Flow","@id":"bf2b1e5a-4c92-3974-a2fd-a68898833086","name":"Sodium hydroxide, production mix, at plant","category":"Technosphere Flows/31-33: Manufacturing/3251: Basic Chemical Manufacturing","flowType":"PRODUCT_FLOW","location":"US","refUnit":"kg"},"value":0.0},{"allocationType":"CAUSAL_ALLOCATION","exchange":{"@type":"Exchange","internalId":30,"flow":{"@type":"Flow","@id":"6f861846-1c4c-3fc9-a198-56b2d9abd83b","name":"Volatile organic compounds","category":"Elementary Flows/emission/air","flowType":"ELEMENTARY_FLOW","refUnit":"kg"}},"product":{"@type":"Flow","@id":"bf2b1e5a-4c92-3974-a2fd-a68898833086","name":"Sodium hydroxide, production mix, at plant","category":"Technosphere Flows/31-33: Manufacturing/3251: Basic Chemical Manufacturing","flowType":"PRODUCT_FLOW","location":"US","refUnit":"kg"},"value":0.0},{"allocationType":"CAUSAL_ALLOCATION","exchange":{"@type":"Exchange","internalId":24,"flow":{"@type":"Flow","@id":"27b840cc-1f41-3943-8ea8-6d68b44b7f81","name":"Biological Oxygen Demand","category":"Elementary Flows/emission/water","flowType":"ELEMENTARY_FLOW","refUnit":"kg"}},"product":{"@type":"Flow","@id":"a1167c39-1c98-360a-b834-c22a9726c001","name":"Chlorine, production mix, at plant","category":"Technosphere Flows/31-33: Manufacturing/3251: Basic Chemical Manufacturing","flowType":"PRODUCT_FLOW","location":"US","refUnit":"kg"},"value":1.0},{"allocationType":"CAUSAL_ALLOCATION","exchange":{"@type":"Exchange","internalId":23,"flow":{"@type":"Flow","@id":"fe829136-3042-36e6-b4cb-7ff591e8db98","name":"Lead","category":"Elementary Flows/emission/air","flowType":"ELEMENTARY_FLOW","refUnit":"kg"}},"product":{"@type":"Flow","@id":"a1167c39-1c98-360a-b834-c22a9726c001","name":"Chlorine, production mix, at plant","category":"Technosphere Flows/31-33: Manufacturing/3251: Basic Chemical Manufacturing","flowType":"PRODUCT_FLOW","location":"US","refUnit":"kg"},"value":1.0},{"allocationType":"CAUSAL_ALLOCATION","exchange":{"@type":"Exchange","internalId":18,"flow":{"@type":"Flow","@id":"687b7004-d26d-3dfc-b8f2-81e092bc4bca","name":"Mercury","category":"Elementary Flows/emission/water","flowType":"ELEMENTARY_FLOW","refUnit":"kg"}},"product":{"@type":"Flow","@id":"bf2b1e5a-4c92-3974-a2fd-a68898833086","name":"Sodium hydroxide, production mix, at plant","category":"Technosphere Flows/31-33: Manufacturing/3251: Basic Chemical Manufacturing","flowType":"PRODUCT_FLOW","location":"US","refUnit":"kg"},"value":0.0},{"allocationType":"CAUSAL_ALLOCATION","exchange":{"@type":"Exchange","internalId":16,"flow":{"@type":"Flow","@id":"a320e284-d276-3167-89b3-19d790081c08","name":"Particulate matter, \u003e 2.5μm and ≤ 10μm","category":"Elementary Flows/emission/air","flowType":"ELEMENTARY_FLOW","refUnit":"kg"}},"product":{"@type":"Flow","@id":"a1167c39-1c98-360a-b834-c22a9726c001","name":"Chlorine, production mix, at plant","category":"Technosphere Flows/31-33: Manufacturing/3251: Basic Chemical Manufacturing","flowType":"PRODUCT_FLOW","location":"US","refUnit":"kg"},"value":1.0},{"allocationType":"CAUSAL_ALLOCATION","exchange":{"@type":"Exchange","internalId":28,"flow":{"@type":"Flow","@id":"ed1981de-52d1-366c-b629-4abfe56fffd3","name":"Electricity, at cogen, for natural gas turbine","category":"Technosphere Flows/22: Utilities/2211: Electric Power Generation, Transmission and Distribution","flowType":"PRODUCT_FLOW","location":"US","refUnit":"MJ"}},"product":{"@type":"Flow","@id":"a1167c39-1c98-360a-b834-c22a9726c001","name":"Chlorine, production mix, at plant","category":"Technosphere Flows/31-33: Manufacturing/3251: Basic Chemical Manufacturing","flowType":"PRODUCT_FLOW","location":"US","refUnit":"kg"},"value":1.0},{"allocationType":"CAUSAL_ALLOCATION","exchange":{"@type":"Exchange","internalId":8,"flow":{"@type":"Flow","@id":"b6f010fb-a764-3063-af2d-bcb8309a97b7","name":"Carbon dioxide","category":"Elementary Flows/emission/air","flowType":"ELEMENTARY_FLOW","refUnit":"kg"}},"product":{"@type":"Flow","@id":"a1167c39-1c98-360a-b834-c22a9726c001","name":"Chlorine, production mix, at plant","category":"Technosphere Flows/31-33: Manufacturing/3251: Basic Chemical Manufacturing","flowType":"PRODUCT_FLOW","location":"US","refUnit":"kg"},"value":1.0},{"allocationType":"CAUSAL_ALLOCATION","exchange":{"@type":"Exchange","internalId":6,"flow":{"@type":"Flow","@id":"e2eb491c-78ff-3123-9e42-494c7d199b44","name":"Water","category":"Elementary Flows/resource/water","flowType":"ELEMENTARY_FLOW","refUnit":"kg"}},"product":{"@type":"Flow","@id":"a1167c39-1c98-360a-b834-c22a9726c001","name":"Chlorine, production mix, at plant","category":"Technosphere Flows/31-33: Manufacturing/3251: Basic Chemical Manufacturing","flowType":"PRODUCT_FLOW","location":"US","refUnit":"kg"},"value":1.0},{"allocationType":"CAUSAL_ALLOCATION","exchange":{"@type":"Exchange","internalId":9,"flow":{"@type":"Flow","@id":"e2c65e04-f613-33db-9a6e-4cb4577b0005","name":"Mercury","category":"Elementary Flows/emission/air","flowType":"ELEMENTARY_FLOW","refUnit":"kg"}},"product":{"@type":"Flow","@id":"bf2b1e5a-4c92-3974-a2fd-a68898833086","name":"Sodium hydroxide, production mix, at plant","category":"Technosphere Flows/31-33: Manufacturing/3251: Basic Chemical Manufacturing","flowType":"PRODUCT_FLOW","location":"US","refUnit":"kg"},"value":0.0},{"allocationType":"CAUSAL_ALLOCATION","exchange":{"@type":"Exchange","internalId":6,"flow":{"@type":"Flow","@id":"e2eb491c-78ff-3123-9e42-494c7d199b44","name":"Water","category":"Elementary Flows/resource/water","flowType":"ELEMENTARY_FLOW","refUnit":"kg"}},"product":{"@type":"Flow","@id":"bf2b1e5a-4c92-3974-a2fd-a68898833086","name":"Sodium hydroxide, production mix, at plant","category":"Technosphere Flows/31-33: Manufacturing/3251: Basic Chemical Manufacturing","flowType":"PRODUCT_FLOW","location":"US","refUnit":"kg"},"value":0.0},{"allocationType":"CAUSAL_ALLOCATION","exchange":{"@type":"Exchange","internalId":37,"flow":{"@type":"Flow","@id":"c1b0f3c7-546f-3bfa-ba02-fc5e657c2ea3","name":"HCFC-123","category":"Elementary Flows/emission/air","flowType":"ELEMENTARY_FLOW","refUnit":"kg"}},"product":{"@type":"Flow","@id":"a1167c39-1c98-360a-b834-c22a9726c001","name":"Chlorine, production mix, at plant","category":"Technosphere Flows/31-33: Manufacturing/3251: Basic Chemical Manufacturing","flowType":"PRODUCT_FLOW","location":"US","refUnit":"kg"},"value":1.0},{"allocationType":"CAUSAL_ALLOCATION","exchange":{"@type":"Exchange","internalId":3,"flow":{"@type":"Flow","@id":"f7467352-e7d9-3924-b763-f26bb26ce4cc","name":"Carbon tetrachloride","category":"Elementary Flows/emission/air","flowType":"ELEMENTARY_FLOW","refUnit":"kg"}},"product":{"@type":"Flow","@id":"a1167c39-1c98-360a-b834-c22a9726c001","name":"Chlorine, production mix, at plant","category":"Technosphere Flows/31-33: Manufacturing/3251: Basic Chemical Manufacturing","flowType":"PRODUCT_FLOW","location":"US","refUnit":"kg"},"value":1.0},{"allocationType":"CAUSAL_ALLOCATION","exchange":{"@type":"Exchange","internalId":21,"flow":{"@type":"Flow","@id":"565c5d1a-1e0e-35f3-82a0-4845c43d3dcf","name":"Benzene","category":"Elementary Flows/emission/air","flowType":"ELEMENTARY_FLOW","refUnit":"kg"}},"product":{"@type":"Flow","@id":"bf2b1e5a-4c92-3974-a2fd-a68898833086","name":"Sodium hydroxide, production mix, at plant","category":"Technosphere Flows/31-33: Manufacturing/3251: Basic Chemical Manufacturing","flowType":"PRODUCT_FLOW","location":"US","refUnit":"kg"},"value":0.0},{"allocationType":"CAUSAL_ALLOCATION","exchange":{"@type":"Exchange","internalId":17,"flow":{"@type":"Flow","@id":"654a5cf6-185f-3d91-89ef-42442d1825e8","name":"Residual fuel oil, combusted in industrial boiler","category":"Technosphere Flows/22: Utilities/2213: Water, Sewage and Other Systems","flowType":"PRODUCT_FLOW","location":"RNA","refUnit":"m3"}},"product":{"@type":"Flow","@id":"bf2b1e5a-4c92-3974-a2fd-a68898833086","name":"Sodium hydroxide, production mix, at plant","category":"Technosphere Flows/31-33: Manufacturing/3251: Basic Chemical Manufacturing","flowType":"PRODUCT_FLOW","location":"US","refUnit":"kg"},"value":0.0},{"allocationType":"CAUSAL_ALLOCATION","exchange":{"@type":"Exchange","internalId":10,"flow":{"@type":"Flow","@id":"965958b3-8368-3395-a55d-f6f819e40587","name":"Copper","category":"Elementary Flows/emission/water","flowType":"ELEMENTARY_FLOW","refUnit":"kg"}},"product":{"@type":"Flow","@id":"bf2b1e5a-4c92-3974-a2fd-a68898833086","name":"Sodium hydroxide, production mix, at plant","category":"Technosphere Flows/31-33: Manufacturing/3251: Basic Chemical Manufacturing","flowType":"PRODUCT_FLOW","location":"US","refUnit":"kg"},"value":0.0},{"allocationType":"CAUSAL_ALLOCATION","exchange":{"@type":"Exchange","internalId":33,"flow":{"@type":"Flow","@id":"caa29242-717c-37bd-b57b-de22a122d579","name":"Sulfide","category":"Elementary Flows/emission/water","flowType":"ELEMENTARY_FLOW","refUnit":"kg"}},"product":{"@type":"Flow","@id":"bf2b1e5a-4c92-3974-a2fd-a68898833086","name":"Sodium hydroxide, production mix, at plant","category":"Technosphere Flows/31-33: Manufacturing/3251: Basic Chemical Manufacturing","flowType":"PRODUCT_FLOW","location":"US","refUnit":"kg"},"value":0.0},{"allocationType":"CAUSAL_ALLOCATION","exchange":{"@type":"Exchange","internalId":13,"flow":{"@type":"Flow","@id":"73c7494d-4e93-3769-896b-8bb82f0dfccc","name":"Transport, train, diesel powered","category":"Technosphere Flows/48-49: Transportation and Warehousing/4821: Rail Transportation","flowType":"PRODUCT_FLOW","location":"RNA","refUnit":"t*km"}},"product":{"@type":"Flow","@id":"a1167c39-1c98-360a-b834-c22a9726c001","name":"Chlorine, production mix, at plant","category":"Technosphere Flows/31-33: Manufacturing/3251: Basic Chemical Manufacturing","flowType":"PRODUCT_FLOW","location":"US","refUnit":"kg"},"value":1.0},{"allocationType":"CAUSAL_ALLOCATION","exchange":{"@type":"Exchange","internalId":2,"flow":{"@type":"Flow","@id":"f0c2682e-2a68-33f1-80bb-005ee7844eb0","name":"Suspended solids, inorganic","category":"Elementary Flows/emission/water","flowType":"ELEMENTARY_FLOW","refUnit":"kg"}},"product":{"@type":"Flow","@id":"a1167c39-1c98-360a-b834-c22a9726c001","name":"Chlorine, production mix, at plant","category":"Technosphere Flows/31-33: Manufacturing/3251: Basic Chemical Manufacturing","flowType":"PRODUCT_FLOW","location":"US","refUnit":"kg"},"value":1.0},{"allocationType":"CAUSAL_ALLOCATION","exchange":{"@type":"Exchange","internalId":5,"flow":{"@type":"Flow","@id":"4fd60c2c-8625-3b10-8618-e3eacc121bbb","name":"HFC-134a","category":"Elementary Flows/emission/air","flowType":"ELEMENTARY_FLOW","refUnit":"kg"}},"product":{"@type":"Flow","@id":"a1167c39-1c98-360a-b834-c22a9726c001","name":"Chlorine, production mix, at plant","category":"Technosphere Flows/31-33: Manufacturing/3251: Basic Chemical Manufacturing","flowType":"PRODUCT_FLOW","location":"US","refUnit":"kg"},"value":1.0},{"allocationType":"CAUSAL_ALLOCATION","exchange":{"@type":"Exchange","internalId":39,"flow":{"@type":"Flow","@id":"1767d662-f96c-38d8-98e4-cc840d9aafd3","name":"Organic compounds","category":"Elementary Flows/emission/air","flowType":"ELEMENTARY_FLOW","refUnit":"kg"}},"product":{"@type":"Flow","@id":"a1167c39-1c98-360a-b834-c22a9726c001","name":"Chlorine, production mix, at plant","category":"Technosphere Flows/31-33: Manufacturing/3251: Basic Chemical Manufacturing","flowType":"PRODUCT_FLOW","location":"US","refUnit":"kg"},"value":1.0},{"allocationType":"CAUSAL_ALLOCATION","exchange":{"@type":"Exchange","internalId":31,"flow":{"@type":"Flow","@id":"42e4c3cb-8468-3004-bd4b-19e6cbb81687","name":"Sulfur oxides","category":"Elementary Flows/emission/air","flowType":"ELEMENTARY_FLOW","refUnit":"kg"}},"product":{"@type":"Flow","@id":"bf2b1e5a-4c92-3974-a2fd-a68898833086","name":"Sodium hydroxide, production mix, at plant","category":"Technosphere Flows/31-33: Manufacturing/3251: Basic Chemical Manufacturing","flowType":"PRODUCT_FLOW","location":"US","refUnit":"kg"},"value":0.0},{"allocationType":"CAUSAL_ALLOCATION","exchange":{"@type":"Exchange","internalId":7,"flow":{"@type":"Flow","@id":"3bca3bc6-2443-3184-8976-72dc98d258f6","name":"Electricity, AC, 120 V","category":"Technosphere Flows/22: Utilities/2211: Electric Power Generation, Transmission and Distribution","flowType":"PRODUCT_FLOW","refUnit":"MJ"}},"product":{"@type":"Flow","@id":"bf2b1e5a-4c92-3974-a2fd-a68898833086","name":"Sodium hydroxide, production mix, at plant","category":"Technosphere Flows/31-33: Manufacturing/3251: Basic Chemical Manufacturing","flowType":"PRODUCT_FLOW","location":"US","refUnit":"kg"},"value":0.0},{"allocationType":"CAUSAL_ALLOCATION","exchange":{"@type":"Exchange","internalId":26,"flow":{"@type":"Flow","@id":"61a45604-2ff4-384b-8d90-bae7206c2540","name":"Total dissolved solids","category":"Elementary Flows/emission/water","flowType":"ELEMENTARY_FLOW","refUnit":"kg"}},"product":{"@type":"Flow","@id":"a1167c39-1c98-360a-b834-c22a9726c001","name":"Chlorine, production mix, at plant","category":"Technosphere Flows/31-33: Manufacturing/3251: Basic Chemical Manufacturing","flowType":"PRODUCT_FLOW","location":"US","refUnit":"kg"},"value":1.0},{"allocationType":"CAUSAL_ALLOCATION","exchange":{"@type":"Exchange","internalId":36,"flow":{"@type":"Flow","@id":"5a0f4337-3cdb-3484-84b4-67f1f5d0c113","name":"Nickel","category":"Elementary Flows/emission/water","flowType":"ELEMENTARY_FLOW","refUnit":"kg"}},"product":{"@type":"Flow","@id":"a1167c39-1c98-360a-b834-c22a9726c001","name":"Chlorine, production mix, at plant","category":"Technosphere Flows/31-33: Manufacturing/3251: Basic Chemical Manufacturing","flowType":"PRODUCT_FLOW","location":"US","refUnit":"kg"},"value":1.0},{"allocationType":"CAUSAL_ALLOCATION","exchange":{"@type":"Exchange","internalId":18,"flow":{"@type":"Flow","@id":"687b7004-d26d-3dfc-b8f2-81e092bc4bca","name":"Mercury","category":"Elementary Flows/emission/water","flowType":"ELEMENTARY_FLOW","refUnit":"kg"}},"product":{"@type":"Flow","@id":"a1167c39-1c98-360a-b834-c22a9726c001","name":"Chlorine, production mix, at plant","category":"Technosphere Flows/31-33: Manufacturing/3251: Basic Chemical Manufacturing","flowType":"PRODUCT_FLOW","location":"US","refUnit":"kg"},"value":1.0},{"allocationType":"CAUSAL_ALLOCATION","exchange":{"@type":"Exchange","internalId":14,"flow":{"@type":"Flow","@id":"4069483a-8d94-3b6b-81be-5f0a249b74f4","name":"Transport, barge, average fuel mix","category":"Technosphere Flows/48-49: Transportation and Warehousing/4832: Inland Water Transportation","flowType":"PRODUCT_FLOW","location":"RNA","refUnit":"t*km"}},"product":{"@type":"Flow","@id":"bf2b1e5a-4c92-3974-a2fd-a68898833086","name":"Sodium hydroxide, production mix, at plant","category":"Technosphere Flows/31-33: Manufacturing/3251: Basic Chemical Manufacturing","flowType":"PRODUCT_FLOW","location":"US","refUnit":"kg"},"value":0.0},{"allocationType":"CAUSAL_ALLOCATION","exchange":{"@type":"Exchange","internalId":7,"flow":{"@type":"Flow","@id":"3bca3bc6-2443-3184-8976-72dc98d258f6","name":"Electricity, AC, 120 V","category":"Technosphere Flows/22: Utilities/2211: Electric Power Generation, Transmission and Distribution","flowType":"PRODUCT_FLOW","refUnit":"MJ"}},"product":{"@type":"Flow","@id":"a1167c39-1c98-360a-b834-c22a9726c001","name":"Chlorine, production mix, at plant","category":"Technosphere Flows/31-33: Manufacturing/3251: Basic Chemical Manufacturing","flowType":"PRODUCT_FLOW","location":"US","refUnit":"kg"},"value":1.0},{"allocationType":"CAUSAL_ALLOCATION","exchange":{"@type":"Exchange","internalId":40,"flow":{"@type":"Flow","@id":"ea8515c5-e3d4-4f42-a856-67a9b85b30a0","name":"Natural gas, combusted in industrial boiler","category":"Technosphere Flows/22: Utilities/2213: Water, Sewage and Other Systems","flowType":"PRODUCT_FLOW","location":"RNA","refUnit":"m3"}},"product":{"@type":"Flow","@id":"a1167c39-1c98-360a-b834-c22a9726c001","name":"Chlorine, production mix, at plant","category":"Technosphere Flows/31-33: Manufacturing/3251: Basic Chemical Manufacturing","flowType":"PRODUCT_FLOW","location":"US","refUnit":"kg"},"value":0.0},{"allocationType":"CAUSAL_ALLOCATION","exchange":{"@type":"Exchange","internalId":24,"flow":{"@type":"Flow","@id":"27b840cc-1f41-3943-8ea8-6d68b44b7f81","name":"Biological Oxygen Demand","category":"Elementary Flows/emission/water","flowType":"ELEMENTARY_FLOW","refUnit":"kg"}},"product":{"@type":"Flow","@id":"bf2b1e5a-4c92-3974-a2fd-a68898833086","name":"Sodium hydroxide, production mix, at plant","category":"Technosphere Flows/31-33: Manufacturing/3251: Basic Chemical Manufacturing","flowType":"PRODUCT_FLOW","location":"US","refUnit":"kg"},"value":0.0},{"allocationType":"CAUSAL_ALLOCATION","exchange":{"@type":"Exchange","internalId":39,"flow":{"@type":"Flow","@id":"1767d662-f96c-38d8-98e4-cc840d9aafd3","name":"Organic compounds","category":"Elementary Flows/emission/air","flowType":"ELEMENTARY_FLOW","refUnit":"kg"}},"product":{"@type":"Flow","@id":"bf2b1e5a-4c92-3974-a2fd-a68898833086","name":"Sodium hydroxide, production mix, at plant","category":"Technosphere Flows/31-33: Manufacturing/3251: Basic Chemical Manufacturing","flowType":"PRODUCT_FLOW","location":"US","refUnit":"kg"},"value":0.0},{"allocationType":"CAUSAL_ALLOCATION","exchange":{"@type":"Exchange","internalId":9,"flow":{"@type":"Flow","@id":"e2c65e04-f613-33db-9a6e-4cb4577b0005","name":"Mercury","category":"Elementary Flows/emission/air","flowType":"ELEMENTARY_FLOW","refUnit":"kg"}},"product":{"@type":"Flow","@id":"a1167c39-1c98-360a-b834-c22a9726c001","name":"Chlorine, production mix, at plant","category":"Technosphere Flows/31-33: Manufacturing/3251: Basic Chemical Manufacturing","flowType":"PRODUCT_FLOW","location":"US","refUnit":"kg"},"value":1.0},{"allocationType":"PHYSICAL_ALLOCATION","product":{"@type":"Flow","@id":"a1167c39-1c98-360a-b834-c22a9726c001","name":"Chlorine, production mix, at plant","category":"Technosphere Flows/31-33: Manufacturing/3251: Basic Chemical Manufacturing","flowType":"PRODUCT_FLOW","location":"US","refUnit":"kg"},"value":1.0},{"allocationType":"CAUSAL_ALLOCATION","exchange":{"@type":"Exchange","internalId":33,"flow":{"@type":"Flow","@id":"caa29242-717c-37bd-b57b-de22a122d579","name":"Sulfide","category":"Elementary Flows/emission/water","flowType":"ELEMENTARY_FLOW","refUnit":"kg"}},"product":{"@type":"Flow","@id":"a1167c39-1c98-360a-b834-c22a9726c001","name":"Chlorine, production mix, at plant","category":"Technosphere Flows/31-33: Manufacturing/3251: Basic Chemical Manufacturing","flowType":"PRODUCT_FLOW","location":"US","refUnit":"kg"},"value":1.0},{"allocationType":"CAUSAL_ALLOCATION","exchange":{"@type":"Exchange","internalId":12,"flow":{"@type":"Flow","@id":"73cd1596-214d-3403-87f1-f69fc3818886","name":"Bituminous coal, combusted in industrial boiler","category":"Technosphere Flows/22: Utilities/2213: Water, Sewage and Other Systems","flowType":"PRODUCT_FLOW","location":"RNA","refUnit":"kg"}},"product":{"@type":"Flow","@id":"bf2b1e5a-4c92-3974-a2fd-a68898833086","name":"Sodium hydroxide, production mix, at plant","category":"Technosphere Flows/31-33: Manufacturing/3251: Basic Chemical Manufacturing","flowType":"PRODUCT_FLOW","location":"US","refUnit":"kg"},"value":0.0},{"allocationType":"CAUSAL_ALLOCATION","exchange":{"@type":"Exchange","internalId":25,"flow":{"@type":"Flow","@id":"c28f9211-98eb-3509-95cc-771d8fefae51","name":"Sodium chloride, at plant","category":"Technosphere Flows/21: Mining, Quarrying, and Oil and Gas Extraction/2123: Nonmetallic Mineral Mining and Quarrying","flowType":"PRODUCT_FLOW","location":"RNA","refUnit":"kg"}},"product":{"@type":"Flow","@id":"a1167c39-1c98-360a-b834-c22a9726c001","name":"Chlorine, production mix, at plant","category":"Technosphere Flows/31-33: Manufacturing/3251: Basic Chemical Manufacturing","flowType":"PRODUCT_FLOW","location":"US","refUnit":"kg"},"value":1.0},{"allocationType":"CAUSAL_ALLOCATION","exchange":{"@type":"Exchange","internalId":2,"flow":{"@type":"Flow","@id":"f0c2682e-2a68-33f1-80bb-005ee7844eb0","name":"Suspended solids, inorganic","category":"Elementary Flows/emission/water","flowType":"ELEMENTARY_FLOW","refUnit":"kg"}},"product":{"@type":"Flow","@id":"bf2b1e5a-4c92-3974-a2fd-a68898833086","name":"Sodium hydroxide, production mix, at plant","category":"Technosphere Flows/31-33: Manufacturing/3251: Basic Chemical Manufacturing","flowType":"PRODUCT_FLOW","location":"US","refUnit":"kg"},"value":0.0},{"allocationType":"CAUSAL_ALLOCATION","exchange":{"@type":"Exchange","internalId":25,"flow":{"@type":"Flow","@id":"c28f9211-98eb-3509-95cc-771d8fefae51","name":"Sodium chloride, at plant","category":"Technosphere Flows/21: Mining, Quarrying, and Oil and Gas Extraction/2123: Nonmetallic Mineral Mining and Quarrying","flowType":"PRODUCT_FLOW","location":"RNA","refUnit":"kg"}},"product":{"@type":"Flow","@id":"bf2b1e5a-4c92-3974-a2fd-a68898833086","name":"Sodium hydroxide, production mix, at plant","category":"Technosphere Flows/31-33: Manufacturing/3251: Basic Chemical Manufacturing","flowType":"PRODUCT_FLOW","location":"US","refUnit":"kg"},"value":0.0},{"allocationType":"CAUSAL_ALLOCATION","exchange":{"@type":"Exchange","internalId":12,"flow":{"@type":"Flow","@id":"73cd1596-214d-3403-87f1-f69fc3818886","name":"Bituminous coal, combusted in industrial boiler","category":"Technosphere Flows/22: Utilities/2213: Water, Sewage and Other Systems","flowType":"PRODUCT_FLOW","location":"RNA","refUnit":"kg"}},"product":{"@type":"Flow","@id":"a1167c39-1c98-360a-b834-c22a9726c001","name":"Chlorine, production mix, at plant","category":"Technosphere Flows/31-33: Manufacturing/3251: Basic Chemical Manufacturing","flowType":"PRODUCT_FLOW","location":"US","refUnit":"kg"},"value":1.0},{"allocationType":"CAUSAL_ALLOCATION","exchange":{"@type":"Exchange","internalId":27,"flow":{"@type":"Flow","@id":"4382ba18-dd21-3837-80b2-94283ef5490e","name":"Nitrogen oxides","category":"Elementary Flows/emission/air","flowType":"ELEMENTARY_FLOW","refUnit":"kg"}},"product":{"@type":"Flow","@id":"a1167c39-1c98-360a-b834-c22a9726c001","name":"Chlorine, production mix, at plant","category":"Technosphere Flows/31-33: Manufacturing/3251: Basic Chemical Manufacturing","flowType":"PRODUCT_FLOW","location":"US","refUnit":"kg"},"value":1.0},{"allocationType":"CAUSAL_ALLOCATION","exchange":{"@type":"Exchange","internalId":23,"flow":{"@type":"Flow","@id":"fe829136-3042-36e6-b4cb-7ff591e8db98","name":"Lead","category":"Elementary Flows/emission/air","flowType":"ELEMENTARY_FLOW","refUnit":"kg"}},"product":{"@type":"Flow","@id":"bf2b1e5a-4c92-3974-a2fd-a68898833086","name":"Sodium hydroxide, production mix, at plant","category":"Technosphere Flows/31-33: Manufacturing/3251: Basic Chemical Manufacturing","flowType":"PRODUCT_FLOW","location":"US","refUnit":"kg"},"value":0.0},{"allocationType":"CAUSAL_ALLOCATION","exchange":{"@type":"Exchange","internalId":35,"flow":{"@type":"Flow","@id":"0418b561-ecf8-33c8-9c81-225789f15bd3","name":"Particulate matter","category":"Elementary Flows/emission/air","flowType":"ELEMENTARY_FLOW","refUnit":"kg"}},"product":{"@type":"Flow","@id":"bf2b1e5a-4c92-3974-a2fd-a68898833086","name":"Sodium hydroxide, production mix, at plant","category":"Technosphere Flows/31-33: Manufacturing/3251: Basic Chemical Manufacturing","flowType":"PRODUCT_FLOW","location":"US","refUnit":"kg"},"value":0.0},{"allocationType":"CAUSAL_ALLOCATION","exchange":{"@type":"Exchange","internalId":36,"flow":{"@type":"Flow","@id":"5a0f4337-3cdb-3484-84b4-67f1f5d0c113","name":"Nickel","category":"Elementary Flows/emission/water","flowType":"ELEMENTARY_FLOW","refUnit":"kg"}},"product":{"@type":"Flow","@id":"bf2b1e5a-4c92-3974-a2fd-a68898833086","name":"Sodium hydroxide, production mix, at plant","category":"Technosphere Flows/31-33: Manufacturing/3251: Basic Chemical Manufacturing","flowType":"PRODUCT_FLOW","location":"US","refUnit":"kg"},"value":0.0},{"allocationType":"CAUSAL_ALLOCATION","exchange":{"@type":"Exchange","internalId":34,"flow":{"@type":"Flow","@id":"c4da1480-4f19-3d01-8f04-8432c38991b1","name":"Chlorine","category":"Elementary Flows/emission/air","flowType":"ELEMENTARY_FLOW","refUnit":"kg"}},"product":{"@type":"Flow","@id":"a1167c39-1c98-360a-b834-c22a9726c001","name":"Chlorine, production mix, at plant","category":"Technosphere Flows/31-33: Manufacturing/3251: Basic Chemical Manufacturing","flowType":"PRODUCT_FLOW","location":"US","refUnit":"kg"},"value":1.0},{"allocationType":"CAUSAL_ALLOCATION","exchange":{"@type":"Exchange","internalId":5,"flow":{"@type":"Flow","@id":"4fd60c2c-8625-3b10-8618-e3eacc121bbb","name":"HFC-134a","category":"Elementary Flows/emission/air","flowType":"ELEMENTARY_FLOW","refUnit":"kg"}},"product":{"@type":"Flow","@id":"bf2b1e5a-4c92-3974-a2fd-a68898833086","name":"Sodium hydroxide, production mix, at plant","category":"Technosphere Flows/31-33: Manufacturing/3251: Basic Chemical Manufacturing","flowType":"PRODUCT_FLOW","location":"US","refUnit":"kg"},"value":0.0},{"allocationType":"CAUSAL_ALLOCATION","exchange":{"@type":"Exchange","internalId":17,"flow":{"@type":"Flow","@id":"654a5cf6-185f-3d91-89ef-42442d1825e8","name":"Residual fuel oil, combusted in industrial boiler","category":"Technosphere Flows/22: Utilities/2213: Water, Sewage and Other Systems","flowType":"PRODUCT_FLOW","location":"RNA","refUnit":"m3"}},"product":{"@type":"Flow","@id":"a1167c39-1c98-360a-b834-c22a9726c001","name":"Chlorine, production mix, at plant","category":"Technosphere Flows/31-33: Manufacturing/3251: Basic Chemical Manufacturing","flowType":"PRODUCT_FLOW","location":"US","refUnit":"kg"},"value":1.0},{"allocationType":"CAUSAL_ALLOCATION","exchange":{"@type":"Exchange","internalId":21,"flow":{"@type":"Flow","@id":"565c5d1a-1e0e-35f3-82a0-4845c43d3dcf","name":"Benzene","category":"Elementary Flows/emission/air","flowType":"ELEMENTARY_FLOW","refUnit":"kg"}},"product":{"@type":"Flow","@id":"a1167c39-1c98-360a-b834-c22a9726c001","name":"Chlorine, production mix, at plant","category":"Technosphere Flows/31-33: Manufacturing/3251: Basic Chemical Manufacturing","flowType":"PRODUCT_FLOW","location":"US","refUnit":"kg"},"value":1.0},{"allocationType":"CAUSAL_ALLOCATION","exchange":{"@type":"Exchange","internalId":13,"flow":{"@type":"Flow","@id":"73c7494d-4e93-3769-896b-8bb82f0dfccc","name":"Transport, train, diesel powered","category":"Technosphere Flows/48-49: Transportation and Warehousing/4821: Rail Transportation","flowType":"PRODUCT_FLOW","location":"RNA","refUnit":"t*km"}},"product":{"@type":"Flow","@id":"bf2b1e5a-4c92-3974-a2fd-a68898833086","name":"Sodium hydroxide, production mix, at plant","category":"Technosphere Flows/31-33: Manufacturing/3251: Basic Chemical Manufacturing","flowType":"PRODUCT_FLOW","location":"US","refUnit":"kg"},"value":0.0},{"allocationType":"CAUSAL_ALLOCATION","exchange":{"@type":"Exchange","internalId":10,"flow":{"@type":"Flow","@id":"965958b3-8368-3395-a55d-f6f819e40587","name":"Copper","category":"Elementary Flows/emission/water","flowType":"ELEMENTARY_FLOW","refUnit":"kg"}},"product":{"@type":"Flow","@id":"a1167c39-1c98-360a-b834-c22a9726c001","name":"Chlorine, production mix, at plant","category":"Technosphere Flows/31-33: Manufacturing/3251: Basic Chemical Manufacturing","flowType":"PRODUCT_FLOW","location":"US","refUnit":"kg"},"value":1.0},{"allocationType":"CAUSAL_ALLOCATION","exchange":{"@type":"Exchange","internalId":30,"flow":{"@type":"Flow","@id":"6f861846-1c4c-3fc9-a198-56b2d9abd83b","name":"Volatile organic compounds","category":"Elementary Flows/emission/air","flowType":"ELEMENTARY_FLOW","refUnit":"kg"}},"product":{"@type":"Flow","@id":"a1167c39-1c98-360a-b834-c22a9726c001","name":"Chlorine, production mix, at plant","category":"Technosphere Flows/31-33: Manufacturing/3251: Basic Chemical Manufacturing","flowType":"PRODUCT_FLOW","location":"US","refUnit":"kg"},"value":1.0},{"allocationType":"CAUSAL_ALLOCATION","exchange":{"@type":"Exchange","internalId":22,"flow":{"@type":"Flow","@id":"187c525c-3715-388c-b303-a0671524a615","name":"Carbon monoxide","category":"Elementary Flows/emission/air","flowType":"ELEMENTARY_FLOW","refUnit":"kg"}},"product":{"@type":"Flow","@id":"a1167c39-1c98-360a-b834-c22a9726c001","name":"Chlorine, production mix, at plant","category":"Technosphere Flows/31-33: Manufacturing/3251: Basic Chemical Manufacturing","flowType":"PRODUCT_FLOW","location":"US","refUnit":"kg"},"value":1.0},{"allocationType":"CAUSAL_ALLOCATION","exchange":{"@type":"Exchange","internalId":3,"flow":{"@type":"Flow","@id":"f7467352-e7d9-3924-b763-f26bb26ce4cc","name":"Carbon tetrachloride","category":"Elementary Flows/emission/air","flowType":"ELEMENTARY_FLOW","refUnit":"kg"}},"product":{"@type":"Flow","@id":"bf2b1e5a-4c92-3974-a2fd-a68898833086","name":"Sodium hydroxide, production mix, at plant","category":"Technosphere Flows/31-33: Manufacturing/3251: Basic Chemical Manufacturing","flowType":"PRODUCT_FLOW","location":"US","refUnit":"kg"},"value":0.0},{"allocationType":"CAUSAL_ALLOCATION","exchange":{"@type":"Exchange","internalId":42,"flow":{"@type":"Flow","@id":"7c7fe391-b1aa-4e0d-9859-832725ec0f4f","name":"Disposal, solid waste, unspecified, to sanitary landfill","category":"Technosphere Flows/CUTOFF Flows/CUTOFF Waste Flows","flowType":"WASTE_FLOW","refUnit":"kg"}},"product":{"@type":"Flow","@id":"a1167c39-1c98-360a-b834-c22a9726c001","name":"Chlorine, production mix, at plant","category":"Technosphere Flows/31-33: Manufacturing/3251: Basic Chemical Manufacturing","flowType":"PRODUCT_FLOW","location":"US","refUnit":"kg"},"value":0.0},{"allocationType":"CAUSAL_ALLOCATION","exchange":{"@type":"Exchange","internalId":42,"flow":{"@type":"Flow","@id":"7c7fe391-b1aa-4e0d-9859-832725ec0f4f","name":"Disposal, solid waste, unspecified, to sanitary landfill","category":"Technosphere Flows/CUTOFF Flows/CUTOFF Waste Flows","flowType":"WASTE_FLOW","refUnit":"kg"}},"product":{"@type":"Flow","@id":"bf2b1e5a-4c92-3974-a2fd-a68898833086","name":"Sodium hydroxide, production mix, at plant","category":"Technosphere Flows/31-33: Manufacturing/3251: Basic Chemical Manufacturing","flowType":"PRODUCT_FLOW","location":"US","refUnit":"kg"},"value":0.0},{"allocationType":"CAUSAL_ALLOCATION","exchange":{"@type":"Exchange","internalId":41,"flow":{"@type":"Flow","@id":"4e2612b8-ad76-485a-99bf-06fed508f0a7","name":"Disposal, solid waste, unspecified, to municipal incineration","category":"Technosphere Flows/CUTOFF Flows/CUTOFF Waste Flows","flowType":"WASTE_FLOW","refUnit":"kg"}},"product":{"@type":"Flow","@id":"bf2b1e5a-4c92-3974-a2fd-a68898833086","name":"Sodium hydroxide, production mix, at plant","category":"Technosphere Flows/31-33: Manufacturing/3251: Basic Chemical Manufacturing","flowType":"PRODUCT_FLOW","location":"US","refUnit":"kg"},"value":0.0},{"allocationType":"CAUSAL_ALLOCATION","exchange":{"@type":"Exchange","internalId":41,"flow":{"@type":"Flow","@id":"4e2612b8-ad76-485a-99bf-06fed508f0a7","name":"Disposal, solid waste, unspecified, to municipal incineration","category":"Technosphere Flows/CUTOFF Flows/CUTOFF Waste Flows","flowType":"WASTE_FLOW","refUnit":"kg"}},"product":{"@type":"Flow","@id":"a1167c39-1c98-360a-b834-c22a9726c001","name":"Chlorine, production mix, at plant","category":"Technosphere Flows/31-33: Manufacturing/3251: Basic Chemical Manufacturing","flowType":"PRODUCT_FLOW","location":"US","refUnit":"kg"},"value":0.0}]}