{"@context":"http://greendelta.github.io/olca-schema/context.jsonld","@type":"Process","@id":"0a075756-e4af-3da7-a521-c6f460e8470e","name":"Ethylene dichloride-vinyl chloride monomer, at plant","version":"00.00.000","lastChange":"2015-08-20T12:01:40.201-06:00","category":{"@type":"Category","@id":"05ee7247-d00d-304a-97e8-4a376ca05972","name":"Petrochemical Manufacturing"},"processType":"UNIT_PROCESS","infrastructureProcess":false,"location":{"@type":"Location","@id":"b320e7db-c758-3ba6-8839-81eb83c9d7d7","name":"Northern America"},"processDocumentation":{"@type":"ProcessDocumentation","technologyDescription":"Ethylene dichloride is produced from the reaction of ethylene and chlorine. Vinyl chloride monomer (VCM) is produced almost exclusively by thermal cleavage (dehydrochlorination) of ethylene dichloride.","samplingDescription":"Data are from primary sources. Data for the production of EDC/VCM were provided by three leading producers (3 plants) in North America. At the time this data was collected, there were 8 companies and 12 plants producing VCM. The companies that provided data were the 3 largest producers of VCM at the time. Due to this, we are estimating that these companies produced greater than 50% of the VCM market share. The EDC/VCM producers who provided data for this module verified that the characteristics of their plants are representative of a majority of North American EDC/VCM production. ","restrictionsDescription":"All information can be accessed by everybody.","copyright":false,"validFrom":"2002-12-31-07:00","validUntil":"2003-12-31-07:00","creationDate":"2015-08-20T12:01:40-06:00","geographyDescription":"US","dataDocumentor":{"@type":"Actor","@id":"721bcfe4-ee92-33bc-a9bd-bbf5ba3cb52d","name":"Franklin Associates"},"dataGenerator":{"@type":"Actor","@id":"721bcfe4-ee92-33bc-a9bd-bbf5ba3cb52d","name":"Franklin Associates"},"publication":{"@type":"Source","@id":"9cdb0fb9-c3f9-37c7-98e0-ca7d811e1555","name":"THE PLASTICS DIVISION OF THE ACC "},"sources":[{"@type":"Source","@id":"9cdb0fb9-c3f9-37c7-98e0-ca7d811e1555","name":"THE PLASTICS DIVISION OF THE ACC "}]},"exchanges":[{"@type":"Exchange","avoidedProduct":false,"input":false,"amount":1.0,"description":"This process has net water outputs. The mass imbalance is due to unavailability of the weight of water inputs to production and outputs to nature. ","internalId":1,"flow":{"@type":"Flow","@id":"d9aa7527-5ab6-3052-9b26-07e930d95ec6","name":"Ethylene dichloride-vinyl chloride monomer, at plant","flowType":"PRODUCT_FLOW"},"unit":{"@type":"Unit","@id":"20aadc24-a391-41cf-b340-3e4529f44bde","name":"kg"},"flowProperty":{"@type":"FlowProperty","@id":"93a60a56-a3c8-11da-a746-0800200b9a66","name":"Mass"},"quantitativeReference":true},{"@type":"Exchange","avoidedProduct":false,"input":true,"amount":3.6E-4,"description":"Solid Wastes consists of sludge and undisclosed process wastes.","internalId":23,"flow":{"@type":"Flow","@id":"838cef47-a3a6-3dce-bcb2-560991c5e95c","name":"CUTOFF Disposal, solid waste, unspecified, to sanitary landfill","flowType":"PRODUCT_FLOW"},"unit":{"@type":"Unit","@id":"20aadc24-a391-41cf-b340-3e4529f44bde","name":"kg"},"flowProperty":{"@type":"FlowProperty","@id":"93a60a56-a3c8-11da-a746-0800200b9a66","name":"Mass"}},{"@type":"Exchange","avoidedProduct":false,"input":false,"amount":1.0E-8,"description":"This emission was reported by fewer than three companies. To indicate known emissions while protecting the confidentiality of individual company responses, the emission is reported only by order of magnitude.","internalId":17,"flow":{"@type":"Flow","@id":"a6c86e25-c8cb-3f16-b821-0f2f97f84d14","name":"Chlorides, unspecified","flowType":"ELEMENTARY_FLOW"},"unit":{"@type":"Unit","@id":"20aadc24-a391-41cf-b340-3e4529f44bde","name":"kg"},"flowProperty":{"@type":"FlowProperty","@id":"93a60a56-a3c8-11da-a746-0800200b9a66","name":"Mass"}},{"@type":"Exchange","avoidedProduct":false,"input":false,"amount":4.25E-9,"description":"This vinyl chloride emission was provided by the Vinyl Institute, based on 2011 Vinyl Chloride TRI reported values and 2011 PVC production reported by ACC Resin Statistic Report.  This value was used to represent a more industry wide average value to account for facilities that did not participate in the LCI inventory.  Actual reported figures were lower than the industry average.","internalId":8,"flow":{"@type":"Flow","@id":"576b0588-e949-35e3-8265-dedb5a0174b3","name":"Ethene, chloro-","flowType":"ELEMENTARY_FLOW"},"unit":{"@type":"Unit","@id":"20aadc24-a391-41cf-b340-3e4529f44bde","name":"kg"},"flowProperty":{"@type":"FlowProperty","@id":"93a60a56-a3c8-11da-a746-0800200b9a66","name":"Mass"}},{"@type":"Exchange","avoidedProduct":false,"input":false,"amount":0.0373,"internalId":19,"flow":{"@type":"Flow","@id":"63af114b-afcb-3a82-801a-9c66208a673a","name":"Carbon dioxide, fossil ","flowType":"ELEMENTARY_FLOW"},"unit":{"@type":"Unit","@id":"20aadc24-a391-41cf-b340-3e4529f44bde","name":"kg"},"flowProperty":{"@type":"FlowProperty","@id":"93a60a56-a3c8-11da-a746-0800200b9a66","name":"Mass"}},{"@type":"Exchange","avoidedProduct":false,"input":true,"amount":0.042352,"description":"Individual amounts of each incoming material were multiplied by the incoming distance travelled. These are totaled weighted averages of the primary incoming transport data from each participating open mold caster.","internalId":13,"flow":{"@type":"Flow","@id":"628c07ec-0802-39c1-ab88-1c62848ef436","name":"Transport, combination truck, diesel powered","flowType":"PRODUCT_FLOW"},"unit":{"@type":"Unit","@id":"0dea4ed8-bb6b-4049-b2b4-b2c413ef2180","name":"t*km"},"flowProperty":{"@type":"FlowProperty","@id":"838aaa20-0117-11db-92e3-0800200c9a66","name":"Goods transport (mass*distance)"}},{"@type":"Exchange","avoidedProduct":false,"input":false,"amount":2.6E-6,"internalId":18,"flow":{"@type":"Flow","@id":"bd6eb54f-0d2e-3a63-a3ac-98e0cf458d35","name":"Hydrogen Chloride","flowType":"ELEMENTARY_FLOW"},"unit":{"@type":"Unit","@id":"20aadc24-a391-41cf-b340-3e4529f44bde","name":"kg"},"flowProperty":{"@type":"FlowProperty","@id":"93a60a56-a3c8-11da-a746-0800200b9a66","name":"Mass"}},{"@type":"Exchange","avoidedProduct":false,"input":true,"amount":0.144,"internalId":21,"flow":{"@type":"Flow","@id":"055e3f80-da33-3f27-be5f-8d0c59872b9a","name":"Oxygen, liquid, at plant","flowType":"PRODUCT_FLOW"},"unit":{"@type":"Unit","@id":"20aadc24-a391-41cf-b340-3e4529f44bde","name":"kg"},"flowProperty":{"@type":"FlowProperty","@id":"93a60a56-a3c8-11da-a746-0800200b9a66","name":"Mass"}},{"@type":"Exchange","avoidedProduct":false,"input":true,"amount":0.535,"internalId":6,"flow":{"@type":"Flow","@id":"0bcf4ff4-9e43-380e-aba6-5722e03fad05","name":"Chlor-alkali electrolysis, chlorine for PVC, at plant","flowType":"PRODUCT_FLOW"},"unit":{"@type":"Unit","@id":"20aadc24-a391-41cf-b340-3e4529f44bde","name":"kg"},"flowProperty":{"@type":"FlowProperty","@id":"93a60a56-a3c8-11da-a746-0800200b9a66","name":"Mass"}},{"@type":"Exchange","avoidedProduct":false,"input":true,"amount":0.12523,"internalId":15,"flow":{"@type":"Flow","@id":"bb1dc159-fe13-3f8e-8197-361e8c770ba3","name":"Natural gas, combusted in industrial boiler","flowType":"PRODUCT_FLOW"},"unit":{"@type":"Unit","@id":"1c3a9695-398d-4b1f-b07e-a8715b610f70","name":"m3"},"flowProperty":{"@type":"FlowProperty","@id":"93a60a56-a3c8-22da-a746-0800200c9a66","name":"Volume"}},{"@type":"Exchange","avoidedProduct":false,"input":false,"amount":1.0E-10,"description":"This emission was reported by fewer than three companies. To indicate known emissions while protecting the confidentiality of individual company responses, the emission is reported only by order of magnitude.","internalId":9,"flow":{"@type":"Flow","@id":"b9b924b4-e60b-3a85-8f35-a9619c4fd532","name":"Copper","flowType":"ELEMENTARY_FLOW"},"unit":{"@type":"Unit","@id":"20aadc24-a391-41cf-b340-3e4529f44bde","name":"kg"},"flowProperty":{"@type":"FlowProperty","@id":"93a60a56-a3c8-11da-a746-0800200b9a66","name":"Mass"}},{"@type":"Exchange","avoidedProduct":false,"input":true,"amount":8.6778E-4,"description":"Franklin Associates uses a default as opposed to Egalitarian approach in collecting data for water use. During data collection, water use data were only requested and compiled in terms of \u0027evaporative\u0027 or consumptive use (i.e., ultimate withdraws, evaporation, or incorporation into the product). Data were not collected to determine reliable averages for non-evaporative water use. In other words, averages for water inputs and outputs are not available for this unit process.  Consumptive use includes: water incorporated into the product, water evaporated during the process, and/or water used and released to a body other than that from which it was drawn.","internalId":20,"flow":{"@type":"Flow","@id":"7fefc941-9acb-39f7-9e3b-dd4e8f07ed0b","name":"Water, process, unspecified natural origin/m3","flowType":"ELEMENTARY_FLOW"},"unit":{"@type":"Unit","@id":"1c3a9695-398d-4b1f-b07e-a8715b610f70","name":"m3"},"flowProperty":{"@type":"FlowProperty","@id":"93a60a56-a3c8-22da-a746-0800200c9a66","name":"Volume"}},{"@type":"Exchange","avoidedProduct":false,"input":false,"amount":6.9E-6,"description":"This category contains small amounts of EDC and VCM as well as other hydrocarbons which were not separated out by the data providers. These amounts may be overcounting the VCM emissions as the Vinyl Institute provided atmospheric VCM emissions for the production of EDC/VCM/PVC as shown in this dataset.","internalId":7,"flow":{"@type":"Flow","@id":"c746fcf6-c553-3f40-9445-6f0b14a727de","name":"Organic substances, unspecified","flowType":"ELEMENTARY_FLOW"},"unit":{"@type":"Unit","@id":"20aadc24-a391-41cf-b340-3e4529f44bde","name":"kg"},"flowProperty":{"@type":"FlowProperty","@id":"93a60a56-a3c8-11da-a746-0800200b9a66","name":"Mass"}},{"@type":"Exchange","avoidedProduct":false,"input":true,"amount":0.20922,"internalId":27,"flow":{"@type":"Flow","@id":"fc76d79e-b0fb-376f-807b-02fe2098aa88","name":"Electricity, at cogen, for natural gas turbine","flowType":"PRODUCT_FLOW"},"unit":{"@type":"Unit","@id":"86ad2244-1f0e-4912-af53-7865283103e4","name":"kWh"},"flowProperty":{"@type":"FlowProperty","@id":"f6811440-ee37-11de-8a39-0800200c9a66","name":"Energy"}},{"@type":"Exchange","avoidedProduct":false,"input":true,"amount":0.453,"internalId":4,"flow":{"@type":"Flow","@id":"8a2f201e-cf8a-3017-9247-a4f98b9e1aba","name":"Ethylene, at plant","flowType":"PRODUCT_FLOW"},"unit":{"@type":"Unit","@id":"20aadc24-a391-41cf-b340-3e4529f44bde","name":"kg"},"flowProperty":{"@type":"FlowProperty","@id":"93a60a56-a3c8-11da-a746-0800200b9a66","name":"Mass"}},{"@type":"Exchange","avoidedProduct":false,"input":false,"amount":1.0E-6,"description":"This emission was reported by fewer than three companies. To indicate known emissions while protecting the confidentiality of individual company responses, the emission is reported only by order of magnitude.","internalId":5,"flow":{"@type":"Flow","@id":"fce7dbb7-d08d-34ae-875c-1afb623e7213","name":"Chlorine","flowType":"ELEMENTARY_FLOW"},"unit":{"@type":"Unit","@id":"20aadc24-a391-41cf-b340-3e4529f44bde","name":"kg"},"flowProperty":{"@type":"FlowProperty","@id":"93a60a56-a3c8-11da-a746-0800200b9a66","name":"Mass"}},{"@type":"Exchange","avoidedProduct":false,"input":true,"amount":0.11449,"description":"Individual amounts of each incoming material were multiplied by the incoming distance travelled. These are totaled weighted averages of the primary incoming transport data from each participating open mold caster.","internalId":26,"flow":{"@type":"Flow","@id":"73c7494d-4e93-3769-896b-8bb82f0dfccc","name":"Transport, train, diesel powered","flowType":"PRODUCT_FLOW"},"unit":{"@type":"Unit","@id":"0dea4ed8-bb6b-4049-b2b4-b2c413ef2180","name":"t*km"},"flowProperty":{"@type":"FlowProperty","@id":"838aaa20-0117-11db-92e3-0800200c9a66","name":"Goods transport (mass*distance)"}},{"@type":"Exchange","avoidedProduct":false,"input":true,"amount":2.317E-4,"description":"Individual amounts of each incoming material were multiplied by the incoming distance travelled. These are totaled weighted averages of the primary incoming transport data from each participating open mold caster.","internalId":16,"flow":{"@type":"Flow","@id":"057a281a-908b-3adf-8f51-ed79fe5c5a9b","name":"Transport, pipeline, natural gas","flowType":"PRODUCT_FLOW"},"unit":{"@type":"Unit","@id":"0dea4ed8-bb6b-4049-b2b4-b2c413ef2180","name":"t*km"},"flowProperty":{"@type":"FlowProperty","@id":"838aaa20-0117-11db-92e3-0800200c9a66","name":"Goods transport (mass*distance)"}},{"@type":"Exchange","avoidedProduct":false,"input":true,"amount":0.00332,"description":"Solid Wastes consists of light ends/heavy ends and hazardous wastes.","internalId":10,"flow":{"@type":"Flow","@id":"ee9ac558-402f-3594-a3e3-0ee7dec4440d","name":"CUTOFF Disposal, solid waste, unspecified, to municipal incineration","flowType":"PRODUCT_FLOW"},"unit":{"@type":"Unit","@id":"20aadc24-a391-41cf-b340-3e4529f44bde","name":"kg"},"flowProperty":{"@type":"FlowProperty","@id":"93a60a56-a3c8-11da-a746-0800200b9a66","name":"Mass"}},{"@type":"Exchange","avoidedProduct":false,"input":true,"amount":0.0217,"description":"Solid Wastes consists of light ends/heavy ends and hazardous wastes.","internalId":12,"flow":{"@type":"Flow","@id":"5d2b8abb-4d07-3515-b955-46a086e599f6","name":"CUTOFF Disposal, solid waste, unspecified, to waste-to-energy","flowType":"PRODUCT_FLOW"},"unit":{"@type":"Unit","@id":"20aadc24-a391-41cf-b340-3e4529f44bde","name":"kg"},"flowProperty":{"@type":"FlowProperty","@id":"93a60a56-a3c8-11da-a746-0800200b9a66","name":"Mass"}},{"@type":"Exchange","avoidedProduct":false,"input":false,"amount":1.0E-6,"description":"This emission was reported by fewer than three companies. To indicate known emissions while protecting the confidentiality of individual company responses, the emission is reported only by order of magnitude.","internalId":24,"flow":{"@type":"Flow","@id":"e10319a4-662e-3d3a-b3dc-03bbbca0e66f","name":"Particulates, \u003c 2.5 um ","flowType":"ELEMENTARY_FLOW"},"unit":{"@type":"Unit","@id":"20aadc24-a391-41cf-b340-3e4529f44bde","name":"kg"},"flowProperty":{"@type":"FlowProperty","@id":"93a60a56-a3c8-11da-a746-0800200b9a66","name":"Mass"}},{"@type":"Exchange","avoidedProduct":false,"input":true,"amount":0.15123,"internalId":14,"flow":{"@type":"Flow","@id":"06581fb2-1de0-3e78-8298-f37605dea142","name":"Electricity, at grid, US, 2008","flowType":"PRODUCT_FLOW"},"unit":{"@type":"Unit","@id":"86ad2244-1f0e-4912-af53-7865283103e4","name":"kWh"},"flowProperty":{"@type":"FlowProperty","@id":"f6811440-ee37-11de-8a39-0800200c9a66","name":"Energy"}},{"@type":"Exchange","avoidedProduct":false,"input":true,"amount":0.092491,"description":"Individual amounts of each incoming material were multiplied by the incoming distance travelled. These are totaled weighted averages of the primary incoming transport data from each participating open mold caster.","internalId":11,"flow":{"@type":"Flow","@id":"acbe5bc4-6afd-31aa-bf3f-4a3fdc491945","name":"Transport, pipeline, unspecified petroleum products","flowType":"PRODUCT_FLOW"},"unit":{"@type":"Unit","@id":"0dea4ed8-bb6b-4049-b2b4-b2c413ef2180","name":"t*km"},"flowProperty":{"@type":"FlowProperty","@id":"838aaa20-0117-11db-92e3-0800200c9a66","name":"Goods transport (mass*distance)"}},{"@type":"Exchange","avoidedProduct":false,"input":false,"amount":3.2E-5,"internalId":22,"flow":{"@type":"Flow","@id":"1827a862-ccac-37ac-9ad7-d2dffe71058c","name":"Nitrogen oxides ","flowType":"ELEMENTARY_FLOW"},"unit":{"@type":"Unit","@id":"20aadc24-a391-41cf-b340-3e4529f44bde","name":"kg"},"flowProperty":{"@type":"FlowProperty","@id":"93a60a56-a3c8-11da-a746-0800200b9a66","name":"Mass"}},{"@type":"Exchange","avoidedProduct":false,"input":false,"amount":1.0E-5,"description":"This emission was reported by fewer than three companies. To indicate known emissions while protecting the confidentiality of individual company responses, the emission is reported only by order of magnitude.","internalId":3,"flow":{"@type":"Flow","@id":"b641465b-5594-34f2-a9f8-72ceb302de17","name":"Particulates, unspecified","flowType":"ELEMENTARY_FLOW"},"unit":{"@type":"Unit","@id":"20aadc24-a391-41cf-b340-3e4529f44bde","name":"kg"},"flowProperty":{"@type":"FlowProperty","@id":"93a60a56-a3c8-11da-a746-0800200b9a66","name":"Mass"}},{"@type":"Exchange","avoidedProduct":false,"input":false,"amount":1.0E-6,"description":"This emission was reported by fewer than three companies. To indicate known emissions while protecting the confidentiality of individual company responses, the emission is reported only by order of magnitude.","internalId":2,"flow":{"@type":"Flow","@id":"441e7e96-6101-3856-ac4f-8f74c8005ba9","name":"Particulates, \u003e 2.5 um, and \u003c 10um","flowType":"ELEMENTARY_FLOW"},"unit":{"@type":"Unit","@id":"20aadc24-a391-41cf-b340-3e4529f44bde","name":"kg"},"flowProperty":{"@type":"FlowProperty","@id":"93a60a56-a3c8-11da-a746-0800200b9a66","name":"Mass"}},{"@type":"Exchange","avoidedProduct":false,"input":false,"amount":1.1E-5,"internalId":25,"flow":{"@type":"Flow","@id":"80c9c183-6e8e-3cba-a608-1d70820c3ce9","name":"Carbon monoxide","flowType":"ELEMENTARY_FLOW"},"unit":{"@type":"Unit","@id":"20aadc24-a391-41cf-b340-3e4529f44bde","name":"kg"},"flowProperty":{"@type":"FlowProperty","@id":"93a60a56-a3c8-11da-a746-0800200b9a66","name":"Mass"}}]}