{"@context":"http://greendelta.github.io/olca-schema/context.jsonld","@type":"Process","@id":"29d771d7-71ec-3a22-bbd0-8709d5a328e2","name":"Natural gas, combusted in industrial boiler, at hydrocracker, for ethylene","version":"00.00.000","lastChange":"2015-11-24T09:46:02.246-07:00","category":{"@type":"Category","@id":"05ee7247-d00d-304a-97e8-4a376ca05972","name":"Petrochemical Manufacturing"},"processType":"UNIT_PROCESS","infrastructureProcess":false,"location":{"@type":"Location","@id":"b320e7db-c758-3ba6-8839-81eb83c9d7d7","name":"Northern America"},"processDocumentation":{"@type":"ProcessDocumentation","technologyDescription":"Natural gas combustion in industrial boiler at hydrocracker","samplingDescription":"Data are from primary sources.","restrictionsDescription":"All information can be accessed by everybody.","copyright":false,"validFrom":"1997-12-31-07:00","validUntil":"2002-12-31-07:00","creationDate":"2015-11-24T09:46:02-07:00","geographyDescription":"North America (US and Canada)","dataDocumentor":{"@type":"Actor","@id":"721bcfe4-ee92-33bc-a9bd-bbf5ba3cb52d","name":"Franklin Associates"},"dataGenerator":{"@type":"Actor","@id":"721bcfe4-ee92-33bc-a9bd-bbf5ba3cb52d","name":"Franklin Associates"},"publication":{"@type":"Source","@id":"bf627fcb-bea3-3085-87ee-2d24ac940458","name":"THE PLASTICS DIVISION OF \nTHE AMERICAN C "},"sources":[{"@type":"Source","@id":"a68e3052-e373-39b6-914c-5fe65365fab6","name":"Center for Transportation Research, Argo "},{"@type":"Source","@id":"66f489ef-aba2-3d11-b27f-fb035a4f6c91","name":"EPA "},{"@type":"Source","@id":"2d5445fd-2e56-3139-9389-b7392c8a79f6","name":"unspecified "},{"@type":"Source","@id":"80ad5408-38e0-325c-8397-3e046e53baa6","name":"Franklin Associates "},{"@type":"Source","@id":"22c51732-c60f-3d8e-9573-d350b2ac165c","name":"U.S. EPA "},{"@type":"Source","@id":"fe1263dd-feb5-3dce-b12d-257d05ea0e6f","name":"U.S. EPA Office of Solid Waste and Emerg "},{"@type":"Source","@id":"bf627fcb-bea3-3085-87ee-2d24ac940458","name":"THE PLASTICS DIVISION OF \nTHE AMERICAN C "}]},"exchanges":[{"@type":"Exchange","avoidedProduct":false,"input":false,"amount":1.0,"internalId":1,"flow":{"@type":"Flow","@id":"f179160d-d402-3e37-8d65-93d09f309b99","name":"Natural gas, combusted in industrial boiler, at hydrocracker, for ethylene","flowType":"PRODUCT_FLOW"},"unit":{"@type":"Unit","@id":"1c3a9695-398d-4b1f-b07e-a8715b610f70","name":"m3"},"flowProperty":{"@type":"FlowProperty","@id":"93a60a56-a3c8-22da-a746-0800200c9a66","name":"Volume"},"quantitativeReference":true},{"@type":"Exchange","avoidedProduct":false,"input":false,"amount":6.087E-9,"internalId":21,"flow":{"@type":"Flow","@id":"cf073fce-ea44-3b44-a451-0ac2894f0bbf","name":"Manganese","flowType":"ELEMENTARY_FLOW"},"unit":{"@type":"Unit","@id":"20aadc24-a391-41cf-b340-3e4529f44bde","name":"kg"},"flowProperty":{"@type":"FlowProperty","@id":"93a60a56-a3c8-11da-a746-0800200b9a66","name":"Mass"}},{"@type":"Exchange","avoidedProduct":false,"input":true,"amount":1.0,"internalId":12,"flow":{"@type":"Flow","@id":"bd83ce23-816f-3589-b25f-dfca03b42932","name":"Natural gas, processed, at plant","flowType":"PRODUCT_FLOW"},"unit":{"@type":"Unit","@id":"1c3a9695-398d-4b1f-b07e-a8715b610f70","name":"m3"},"flowProperty":{"@type":"FlowProperty","@id":"93a60a56-a3c8-22da-a746-0800200c9a66","name":"Volume"}},{"@type":"Exchange","avoidedProduct":false,"input":false,"amount":4.56845313186331,"internalId":7,"flow":{"@type":"Flow","@id":"63af114b-afcb-3a82-801a-9c66208a673a","name":"Carbon dioxide, fossil ","flowType":"ELEMENTARY_FLOW"},"unit":{"@type":"Unit","@id":"20aadc24-a391-41cf-b340-3e4529f44bde","name":"kg"},"flowProperty":{"@type":"FlowProperty","@id":"93a60a56-a3c8-11da-a746-0800200b9a66","name":"Mass"}},{"@type":"Exchange","avoidedProduct":false,"input":false,"amount":8.8405E-5,"internalId":25,"flow":{"@type":"Flow","@id":"14dde4c7-2655-3a40-897a-1a8fa48c777a","name":"VOC, volatile organic compounds","flowType":"ELEMENTARY_FLOW"},"unit":{"@type":"Unit","@id":"20aadc24-a391-41cf-b340-3e4529f44bde","name":"kg"},"flowProperty":{"@type":"FlowProperty","@id":"93a60a56-a3c8-11da-a746-0800200b9a66","name":"Mass"}},{"@type":"Exchange","avoidedProduct":false,"input":false,"amount":3.3639E-8,"internalId":8,"flow":{"@type":"Flow","@id":"33f4a26e-9b49-3487-a296-b32ebb25be8f","name":"Nickel","flowType":"ELEMENTARY_FLOW"},"unit":{"@type":"Unit","@id":"20aadc24-a391-41cf-b340-3e4529f44bde","name":"kg"},"flowProperty":{"@type":"FlowProperty","@id":"93a60a56-a3c8-11da-a746-0800200b9a66","name":"Mass"}},{"@type":"Exchange","avoidedProduct":false,"input":false,"amount":6.0E-4,"internalId":9,"flow":{"@type":"Flow","@id":"1827a862-ccac-37ac-9ad7-d2dffe71058c","name":"Nitrogen oxides ","flowType":"ELEMENTARY_FLOW"},"unit":{"@type":"Unit","@id":"20aadc24-a391-41cf-b340-3e4529f44bde","name":"kg"},"flowProperty":{"@type":"FlowProperty","@id":"93a60a56-a3c8-11da-a746-0800200b9a66","name":"Mass"}},{"@type":"Exchange","avoidedProduct":false,"input":false,"amount":1.9222E-10,"internalId":3,"flow":{"@type":"Flow","@id":"ed6487a9-6261-36ce-88f3-f4216e8428a1","name":"Beryllium","flowType":"ELEMENTARY_FLOW"},"unit":{"@type":"Unit","@id":"20aadc24-a391-41cf-b340-3e4529f44bde","name":"kg"},"flowProperty":{"@type":"FlowProperty","@id":"93a60a56-a3c8-11da-a746-0800200b9a66","name":"Mass"}},{"@type":"Exchange","avoidedProduct":false,"input":false,"amount":9.7713E-9,"internalId":17,"flow":{"@type":"Flow","@id":"3249ff13-4bf2-3f84-857d-67cd0cc92bc2","name":"Naphthalene","flowType":"ELEMENTARY_FLOW"},"unit":{"@type":"Unit","@id":"20aadc24-a391-41cf-b340-3e4529f44bde","name":"kg"},"flowProperty":{"@type":"FlowProperty","@id":"93a60a56-a3c8-11da-a746-0800200b9a66","name":"Mass"}},{"@type":"Exchange","avoidedProduct":false,"input":false,"amount":3.9E-4,"internalId":10,"flow":{"@type":"Flow","@id":"8f6e6949-f569-3d05-abe1-de3608895d47","name":"Carbon monoxide, fossil ","flowType":"ELEMENTARY_FLOW"},"unit":{"@type":"Unit","@id":"20aadc24-a391-41cf-b340-3e4529f44bde","name":"kg"},"flowProperty":{"@type":"FlowProperty","@id":"93a60a56-a3c8-11da-a746-0800200b9a66","name":"Mass"}},{"@type":"Exchange","avoidedProduct":false,"input":true,"amount":0.1985,"description":"Represents transportation from natural gas plant to combustion.","internalId":19,"flow":{"@type":"Flow","@id":"2afb4e2f-b224-3900-956f-03e3f27b276b","name":"Transport, combination truck, average fuel mix","flowType":"PRODUCT_FLOW"},"unit":{"@type":"Unit","@id":"0dea4ed8-bb6b-4049-b2b4-b2c413ef2180","name":"t*km"},"flowProperty":{"@type":"FlowProperty","@id":"838aaa20-0117-11db-92e3-0800200c9a66","name":"Goods transport (mass*distance)"}},{"@type":"Exchange","avoidedProduct":false,"input":false,"amount":4.1648E-9,"internalId":26,"flow":{"@type":"Flow","@id":"1a1e28d7-6444-30e8-b792-e1e23089c058","name":"Mercury","flowType":"ELEMENTARY_FLOW"},"unit":{"@type":"Unit","@id":"20aadc24-a391-41cf-b340-3e4529f44bde","name":"kg"},"flowProperty":{"@type":"FlowProperty","@id":"93a60a56-a3c8-11da-a746-0800200b9a66","name":"Mass"}},{"@type":"Exchange","avoidedProduct":false,"input":false,"amount":1.3456E-9,"internalId":27,"flow":{"@type":"Flow","@id":"726d9288-bc45-3496-a824-86a4b3874fae","name":"Cobalt","flowType":"ELEMENTARY_FLOW"},"unit":{"@type":"Unit","@id":"20aadc24-a391-41cf-b340-3e4529f44bde","name":"kg"},"flowProperty":{"@type":"FlowProperty","@id":"93a60a56-a3c8-11da-a746-0800200b9a66","name":"Mass"}},{"@type":"Exchange","avoidedProduct":false,"input":false,"amount":6.55657625406309E-5,"internalId":6,"flow":{"@type":"Flow","@id":"ae4dd6ba-67a2-3884-b7ce-2f5b38c0571a","name":"Particulates, \u003c 10 um ","flowType":"ELEMENTARY_FLOW"},"unit":{"@type":"Unit","@id":"20aadc24-a391-41cf-b340-3e4529f44bde","name":"kg"},"flowProperty":{"@type":"FlowProperty","@id":"93a60a56-a3c8-11da-a746-0800200b9a66","name":"Mass"}},{"@type":"Exchange","avoidedProduct":false,"input":true,"amount":1.186,"description":"Represents transportation from natural gas plant to combustion.","internalId":20,"flow":{"@type":"Flow","@id":"057a281a-908b-3adf-8f51-ed79fe5c5a9b","name":"Transport, pipeline, natural gas","flowType":"PRODUCT_FLOW"},"unit":{"@type":"Unit","@id":"0dea4ed8-bb6b-4049-b2b4-b2c413ef2180","name":"t*km"},"flowProperty":{"@type":"FlowProperty","@id":"838aaa20-0117-11db-92e3-0800200c9a66","name":"Goods transport (mass*distance)"}},{"@type":"Exchange","avoidedProduct":false,"input":false,"amount":3.3639E-8,"internalId":22,"flow":{"@type":"Flow","@id":"0ba9c977-5398-3e0f-b3c9-d922e39d7894","name":"Benzene","flowType":"ELEMENTARY_FLOW"},"unit":{"@type":"Unit","@id":"20aadc24-a391-41cf-b340-3e4529f44bde","name":"kg"},"flowProperty":{"@type":"FlowProperty","@id":"93a60a56-a3c8-11da-a746-0800200b9a66","name":"Mass"}},{"@type":"Exchange","avoidedProduct":false,"input":false,"amount":3.6017E-5,"internalId":16,"flow":{"@type":"Flow","@id":"4c1ecfe9-347c-3704-88a1-15c21dac8d18","name":"Methane, fossil","flowType":"ELEMENTARY_FLOW"},"unit":{"@type":"Unit","@id":"20aadc24-a391-41cf-b340-3e4529f44bde","name":"kg"},"flowProperty":{"@type":"FlowProperty","@id":"93a60a56-a3c8-11da-a746-0800200b9a66","name":"Mass"}},{"@type":"Exchange","avoidedProduct":false,"input":false,"amount":3.2037E-9,"internalId":14,"flow":{"@type":"Flow","@id":"6505c252-8e98-3e73-8e2b-e49deaf2598b","name":"Arsenic","flowType":"ELEMENTARY_FLOW"},"unit":{"@type":"Unit","@id":"20aadc24-a391-41cf-b340-3e4529f44bde","name":"kg"},"flowProperty":{"@type":"FlowProperty","@id":"93a60a56-a3c8-11da-a746-0800200b9a66","name":"Mass"}},{"@type":"Exchange","avoidedProduct":false,"input":false,"amount":1.2014E-6,"internalId":5,"flow":{"@type":"Flow","@id":"428037ab-78b5-389e-acb6-fb8b0c1c2bc8","name":"Formaldehyde","flowType":"ELEMENTARY_FLOW"},"unit":{"@type":"Unit","@id":"20aadc24-a391-41cf-b340-3e4529f44bde","name":"kg"},"flowProperty":{"@type":"FlowProperty","@id":"93a60a56-a3c8-11da-a746-0800200b9a66","name":"Mass"}},{"@type":"Exchange","avoidedProduct":false,"input":false,"amount":0.0034247,"internalId":2,"flow":{"@type":"Flow","@id":"50c6806b-7c56-360d-9b67-8c78107c3c10","name":"Radioactive species, unspecified","flowType":"ELEMENTARY_FLOW"},"unit":{"@type":"Unit","@id":"e9773595-284e-46dd-9671-5fc9ff406833","name":"kBq"},"flowProperty":{"@type":"FlowProperty","@id":"93a60a56-a3c8-17da-a746-0800200c9a66","name":"Radioactivity"}},{"@type":"Exchange","avoidedProduct":false,"input":false,"amount":5.9E-5,"internalId":11,"flow":{"@type":"Flow","@id":"3398b3ee-0652-3778-a374-804cd0d7b6a6","name":"Sulfur oxides","flowType":"ELEMENTARY_FLOW"},"unit":{"@type":"Unit","@id":"20aadc24-a391-41cf-b340-3e4529f44bde","name":"kg"},"flowProperty":{"@type":"FlowProperty","@id":"93a60a56-a3c8-11da-a746-0800200b9a66","name":"Mass"}},{"@type":"Exchange","avoidedProduct":false,"input":true,"amount":0.011858,"description":"Represents transportation from natural gas plant to combustion.","internalId":4,"flow":{"@type":"Flow","@id":"73c7494d-4e93-3769-896b-8bb82f0dfccc","name":"Transport, train, diesel powered","flowType":"PRODUCT_FLOW"},"unit":{"@type":"Unit","@id":"0dea4ed8-bb6b-4049-b2b4-b2c413ef2180","name":"t*km"},"flowProperty":{"@type":"FlowProperty","@id":"838aaa20-0117-11db-92e3-0800200c9a66","name":"Goods transport (mass*distance)"}},{"@type":"Exchange","avoidedProduct":false,"input":false,"amount":2.2426E-8,"internalId":24,"flow":{"@type":"Flow","@id":"c643d09b-c28b-3703-b6a3-c90bfe087475","name":"Chromium","flowType":"ELEMENTARY_FLOW"},"unit":{"@type":"Unit","@id":"20aadc24-a391-41cf-b340-3e4529f44bde","name":"kg"},"flowProperty":{"@type":"FlowProperty","@id":"93a60a56-a3c8-11da-a746-0800200b9a66","name":"Mass"}},{"@type":"Exchange","avoidedProduct":false,"input":false,"amount":3.8444E-10,"internalId":23,"flow":{"@type":"Flow","@id":"c1683bc0-0bb2-3012-b0d4-628ca7b440d7","name":"Selenium","flowType":"ELEMENTARY_FLOW"},"unit":{"@type":"Unit","@id":"20aadc24-a391-41cf-b340-3e4529f44bde","name":"kg"},"flowProperty":{"@type":"FlowProperty","@id":"93a60a56-a3c8-11da-a746-0800200b9a66","name":"Mass"}},{"@type":"Exchange","avoidedProduct":false,"input":false,"amount":8.0092E-9,"internalId":18,"flow":{"@type":"Flow","@id":"18166cf9-36ea-3daf-9190-d9a7e90451de","name":"Lead","flowType":"ELEMENTARY_FLOW"},"unit":{"@type":"Unit","@id":"20aadc24-a391-41cf-b340-3e4529f44bde","name":"kg"},"flowProperty":{"@type":"FlowProperty","@id":"93a60a56-a3c8-11da-a746-0800200b9a66","name":"Mass"}},{"@type":"Exchange","avoidedProduct":false,"input":false,"amount":1.762E-8,"internalId":15,"flow":{"@type":"Flow","@id":"3060d691-b5a6-3641-9ad3-f5b0e7c8af27","name":"Cadmium","flowType":"ELEMENTARY_FLOW"},"unit":{"@type":"Unit","@id":"20aadc24-a391-41cf-b340-3e4529f44bde","name":"kg"},"flowProperty":{"@type":"FlowProperty","@id":"93a60a56-a3c8-11da-a746-0800200b9a66","name":"Mass"}},{"@type":"Exchange","avoidedProduct":false,"input":false,"amount":3.6017E-5,"internalId":13,"flow":{"@type":"Flow","@id":"14f27675-0674-31fa-937a-3a093bbda3ca","name":"Nitrous oxide","flowType":"ELEMENTARY_FLOW"},"unit":{"@type":"Unit","@id":"20aadc24-a391-41cf-b340-3e4529f44bde","name":"kg"},"flowProperty":{"@type":"FlowProperty","@id":"93a60a56-a3c8-11da-a746-0800200b9a66","name":"Mass"}}]}