{"@context":"http://greendelta.github.io/olca-schema/context.jsonld","@type":"Process","@id":"7b69255a-a7b2-318e-9433-54b7c4d13ece","name":"Polyethylene terephthalate, resin, at plant","version":"00.00.000","lastChange":"2011-10-26T03:48:34-06:00","category":{"@type":"Category","@id":"05ee7247-d00d-304a-97e8-4a376ca05972","name":"Petrochemical Manufacturing"},"processType":"UNIT_PROCESS","infrastructureProcess":false,"location":{"@type":"Location","@id":"b320e7db-c758-3ba6-8839-81eb83c9d7d7","name":"Northern America"},"processDocumentation":{"@type":"ProcessDocumentation","technologyDescription":"Melt phase and the solid state polymerization from both PTA and DMT","samplingDescription":"Data are from primary sources.","restrictionsDescription":"All information can be accessed by everybody.","copyright":false,"validFrom":"2000-12-31-07:00","validUntil":"2003-12-31-07:00","creationDate":"2011-10-26T03:48:34-06:00","geographyDescription":"US","dataDocumentor":{"@type":"Actor","@id":"721bcfe4-ee92-33bc-a9bd-bbf5ba3cb52d","name":"Franklin Associates"},"dataGenerator":{"@type":"Actor","@id":"721bcfe4-ee92-33bc-a9bd-bbf5ba3cb52d","name":"Franklin Associates"},"publication":{"@type":"Source","@id":"bf627fcb-bea3-3085-87ee-2d24ac940458","name":"THE PLASTICS DIVISION OF \nTHE AMERICAN C "},"sources":[{"@type":"Source","@id":"bf627fcb-bea3-3085-87ee-2d24ac940458","name":"THE PLASTICS DIVISION OF \nTHE AMERICAN C "}]},"exchanges":[{"@type":"Exchange","avoidedProduct":false,"input":false,"amount":1.0,"description":"The data for production of this product includes an aggregation of crude terephthalic acid (TPA), purified TPA (PTA), dimethyl terephthalate (DMT), PET melt phase polymerization, and PET solid phase polymerization. The mass imbalance is due to the unavailability of the weight of water inputs to production.","internalId":1,"flow":{"@type":"Flow","@id":"5f45d3f7-ccd5-32f1-88fa-a5885001d138","name":"Polyethylene terephthalate, resin, at plant","flowType":"PRODUCT_FLOW"},"unit":{"@type":"Unit","@id":"20aadc24-a391-41cf-b340-3e4529f44bde","name":"kg"},"flowProperty":{"@type":"FlowProperty","@id":"93a60a56-a3c8-11da-a746-0800200b9a66","name":"Mass"},"quantitativeReference":true},{"@type":"Exchange","avoidedProduct":false,"input":false,"amount":9.4E-5,"internalId":4,"flow":{"@type":"Flow","@id":"6ebddc9c-464a-3e0b-826d-2200927fc5f6","name":"Aldehydes","flowType":"ELEMENTARY_FLOW"},"unit":{"@type":"Unit","@id":"20aadc24-a391-41cf-b340-3e4529f44bde","name":"kg"},"flowProperty":{"@type":"FlowProperty","@id":"93a60a56-a3c8-11da-a746-0800200b9a66","name":"Mass"}},{"@type":"Exchange","avoidedProduct":false,"input":false,"amount":2.8E-4,"internalId":26,"flow":{"@type":"Flow","@id":"6b41ff0f-2c11-3d98-aee6-ca2f5d4c817c","name":"NMVOC, non-methane volatile organic compounds, unspecified ","flowType":"ELEMENTARY_FLOW"},"unit":{"@type":"Unit","@id":"20aadc24-a391-41cf-b340-3e4529f44bde","name":"kg"},"flowProperty":{"@type":"FlowProperty","@id":"93a60a56-a3c8-11da-a746-0800200b9a66","name":"Mass"}},{"@type":"Exchange","avoidedProduct":false,"input":false,"amount":4.5E-9,"internalId":25,"flow":{"@type":"Flow","@id":"05c5a907-1a8b-3810-bb1a-ea297a61846a","name":"Metallic ions, unspecified","flowType":"ELEMENTARY_FLOW"},"unit":{"@type":"Unit","@id":"20aadc24-a391-41cf-b340-3e4529f44bde","name":"kg"},"flowProperty":{"@type":"FlowProperty","@id":"93a60a56-a3c8-11da-a746-0800200b9a66","name":"Mass"}},{"@type":"Exchange","avoidedProduct":false,"input":true,"amount":0.0189,"internalId":40,"flow":{"@type":"Flow","@id":"73cd1596-214d-3403-87f1-f69fc3818886","name":"Bituminous coal, combusted in industrial boiler","flowType":"PRODUCT_FLOW"},"unit":{"@type":"Unit","@id":"20aadc24-a391-41cf-b340-3e4529f44bde","name":"kg"},"flowProperty":{"@type":"FlowProperty","@id":"93a60a56-a3c8-11da-a746-0800200b9a66","name":"Mass"}},{"@type":"Exchange","avoidedProduct":false,"input":false,"amount":4.1E-5,"internalId":27,"flow":{"@type":"Flow","@id":"ba21b581-543c-38df-b9b5-3f94fa5053e4","name":"Xylene","flowType":"ELEMENTARY_FLOW"},"unit":{"@type":"Unit","@id":"20aadc24-a391-41cf-b340-3e4529f44bde","name":"kg"},"flowProperty":{"@type":"FlowProperty","@id":"93a60a56-a3c8-11da-a746-0800200b9a66","name":"Mass"}},{"@type":"Exchange","avoidedProduct":false,"input":true,"amount":3.1E-4,"internalId":12,"flow":{"@type":"Flow","@id":"ee9ac558-402f-3594-a3e3-0ee7dec4440d","name":"CUTOFF Disposal, solid waste, unspecified, to municipal incineration","flowType":"PRODUCT_FLOW"},"unit":{"@type":"Unit","@id":"20aadc24-a391-41cf-b340-3e4529f44bde","name":"kg"},"flowProperty":{"@type":"FlowProperty","@id":"93a60a56-a3c8-11da-a746-0800200b9a66","name":"Mass"}},{"@type":"Exchange","avoidedProduct":false,"input":false,"amount":1.6E-4,"internalId":10,"flow":{"@type":"Flow","@id":"d25cd0b7-4fc5-3be0-88d3-2d661482fde2","name":"Methane ","flowType":"ELEMENTARY_FLOW"},"unit":{"@type":"Unit","@id":"20aadc24-a391-41cf-b340-3e4529f44bde","name":"kg"},"flowProperty":{"@type":"FlowProperty","@id":"93a60a56-a3c8-11da-a746-0800200b9a66","name":"Mass"}},{"@type":"Exchange","avoidedProduct":false,"input":false,"amount":3.6E-9,"internalId":3,"flow":{"@type":"Flow","@id":"d53034f6-f44f-3ece-b946-c5e885833fab","name":"Phenol compounds, unspecified","flowType":"ELEMENTARY_FLOW"},"unit":{"@type":"Unit","@id":"20aadc24-a391-41cf-b340-3e4529f44bde","name":"kg"},"flowProperty":{"@type":"FlowProperty","@id":"93a60a56-a3c8-11da-a746-0800200b9a66","name":"Mass"}},{"@type":"Exchange","avoidedProduct":false,"input":true,"amount":0.0372,"internalId":14,"flow":{"@type":"Flow","@id":"2c696e73-bd01-3f7b-a6c5-a56dee44d66e","name":"Acetic acid, at plant","flowType":"PRODUCT_FLOW"},"unit":{"@type":"Unit","@id":"20aadc24-a391-41cf-b340-3e4529f44bde","name":"kg"},"flowProperty":{"@type":"FlowProperty","@id":"93a60a56-a3c8-11da-a746-0800200b9a66","name":"Mass"}},{"@type":"Exchange","avoidedProduct":false,"input":false,"amount":9.7E-10,"internalId":20,"flow":{"@type":"Flow","@id":"eb8fa4b7-47d8-3603-acda-f41a4ec76770","name":"Antimony","flowType":"ELEMENTARY_FLOW"},"unit":{"@type":"Unit","@id":"20aadc24-a391-41cf-b340-3e4529f44bde","name":"kg"},"flowProperty":{"@type":"FlowProperty","@id":"93a60a56-a3c8-11da-a746-0800200b9a66","name":"Mass"}},{"@type":"Exchange","avoidedProduct":false,"input":false,"amount":0.142232527336861,"description":"Credit for steam or heat co-product sold externally.","internalId":16,"flow":{"@type":"Flow","@id":"bdd323b8-1b5c-340d-9301-e2d28c075cca","name":"Recovered energy","flowType":"PRODUCT_FLOW"},"unit":{"@type":"Unit","@id":"52765a6c-3896-43c2-b2f4-c679acf13efe","name":"MJ"},"flowProperty":{"@type":"FlowProperty","@id":"f6811440-ee37-11de-8a39-0800200c9a66","name":"Energy"}},{"@type":"Exchange","avoidedProduct":false,"input":false,"amount":5.4E-5,"internalId":9,"flow":{"@type":"Flow","@id":"91c6fb89-85ed-310b-8197-fb35a753bd97","name":"Suspended solids, unspecified","flowType":"ELEMENTARY_FLOW"},"unit":{"@type":"Unit","@id":"20aadc24-a391-41cf-b340-3e4529f44bde","name":"kg"},"flowProperty":{"@type":"FlowProperty","@id":"93a60a56-a3c8-11da-a746-0800200b9a66","name":"Mass"}},{"@type":"Exchange","avoidedProduct":false,"input":false,"amount":5.1E-7,"internalId":44,"flow":{"@type":"Flow","@id":"1e8cc60c-35be-3d7a-8f13-5a46881dc0cb","name":"Phosphates","flowType":"ELEMENTARY_FLOW"},"unit":{"@type":"Unit","@id":"20aadc24-a391-41cf-b340-3e4529f44bde","name":"kg"},"flowProperty":{"@type":"FlowProperty","@id":"93a60a56-a3c8-11da-a746-0800200b9a66","name":"Mass"}},{"@type":"Exchange","avoidedProduct":false,"input":false,"amount":9.7E-10,"internalId":34,"flow":{"@type":"Flow","@id":"e475fe8b-bdbb-39dd-a68e-b8c6173b5bf3","name":"Iron","flowType":"ELEMENTARY_FLOW"},"unit":{"@type":"Unit","@id":"20aadc24-a391-41cf-b340-3e4529f44bde","name":"kg"},"flowProperty":{"@type":"FlowProperty","@id":"93a60a56-a3c8-11da-a746-0800200b9a66","name":"Mass"}},{"@type":"Exchange","avoidedProduct":false,"input":false,"amount":3.0E-4,"internalId":11,"flow":{"@type":"Flow","@id":"16a0fc94-eaec-315c-9f2f-328d8833dcad","name":"BOD5, Biological Oxygen Demand","flowType":"ELEMENTARY_FLOW"},"unit":{"@type":"Unit","@id":"20aadc24-a391-41cf-b340-3e4529f44bde","name":"kg"},"flowProperty":{"@type":"FlowProperty","@id":"93a60a56-a3c8-11da-a746-0800200b9a66","name":"Mass"}},{"@type":"Exchange","avoidedProduct":false,"input":true,"amount":1.61292596,"internalId":8,"flow":{"@type":"Flow","@id":"73c7494d-4e93-3769-896b-8bb82f0dfccc","name":"Transport, train, diesel powered","flowType":"PRODUCT_FLOW"},"unit":{"@type":"Unit","@id":"0dea4ed8-bb6b-4049-b2b4-b2c413ef2180","name":"t*km"},"flowProperty":{"@type":"FlowProperty","@id":"838aaa20-0117-11db-92e3-0800200c9a66","name":"Goods transport (mass*distance)"}},{"@type":"Exchange","avoidedProduct":false,"input":false,"amount":1.1E-4,"internalId":39,"flow":{"@type":"Flow","@id":"018872d0-ebce-3dfe-9552-3ff163fb468c","name":"Ammonia","flowType":"ELEMENTARY_FLOW"},"unit":{"@type":"Unit","@id":"20aadc24-a391-41cf-b340-3e4529f44bde","name":"kg"},"flowProperty":{"@type":"FlowProperty","@id":"93a60a56-a3c8-11da-a746-0800200b9a66","name":"Mass"}},{"@type":"Exchange","avoidedProduct":false,"input":false,"amount":9.7E-10,"internalId":18,"flow":{"@type":"Flow","@id":"dc52a4db-da65-3119-8e62-70228d090990","name":"Aluminum","flowType":"ELEMENTARY_FLOW"},"unit":{"@type":"Unit","@id":"20aadc24-a391-41cf-b340-3e4529f44bde","name":"kg"},"flowProperty":{"@type":"FlowProperty","@id":"93a60a56-a3c8-11da-a746-0800200b9a66","name":"Mass"}},{"@type":"Exchange","avoidedProduct":false,"input":true,"amount":5.9E-4,"internalId":29,"flow":{"@type":"Flow","@id":"5d2b8abb-4d07-3515-b955-46a086e599f6","name":"CUTOFF Disposal, solid waste, unspecified, to waste-to-energy","flowType":"PRODUCT_FLOW"},"unit":{"@type":"Unit","@id":"20aadc24-a391-41cf-b340-3e4529f44bde","name":"kg"},"flowProperty":{"@type":"FlowProperty","@id":"93a60a56-a3c8-11da-a746-0800200b9a66","name":"Mass"}},{"@type":"Exchange","avoidedProduct":false,"input":false,"amount":3.0E-5,"internalId":38,"flow":{"@type":"Flow","@id":"a3ed03de-f771-3946-94f3-a02a10d4ca74","name":"Dissolved solids","flowType":"ELEMENTARY_FLOW"},"unit":{"@type":"Unit","@id":"20aadc24-a391-41cf-b340-3e4529f44bde","name":"kg"},"flowProperty":{"@type":"FlowProperty","@id":"93a60a56-a3c8-11da-a746-0800200b9a66","name":"Mass"}},{"@type":"Exchange","avoidedProduct":false,"input":true,"amount":0.00217707930635838,"description":"Values for barge transport are calculated based on average fuel consumption rates as reported in Transportation Energy Data Book: Edition 22 from Oak Ridge National Laboratory, September 2002: 22% of barges use diesel fuel in their engines, 78% use residual oil to generate steam for steam turbines, and a barge that consumes residual oil consumes 3.4 gallons per 1,000 ton-miles ","internalId":42,"flow":{"@type":"Flow","@id":"c2cc68fe-1754-3468-a973-51c2f5c82fcd","name":"Transport, barge, residual fuel oil powered","flowType":"PRODUCT_FLOW"},"unit":{"@type":"Unit","@id":"0dea4ed8-bb6b-4049-b2b4-b2c413ef2180","name":"t*km"},"flowProperty":{"@type":"FlowProperty","@id":"838aaa20-0117-11db-92e3-0800200c9a66","name":"Goods transport (mass*distance)"}},{"@type":"Exchange","avoidedProduct":false,"input":true,"amount":2.43782890320239E-4,"description":"Consumptive use includes: water incorporated into the product, water evaporated during the process, and/or water used and released to a body other than that from which it was drawn.","internalId":33,"flow":{"@type":"Flow","@id":"7fefc941-9acb-39f7-9e3b-dd4e8f07ed0b","name":"Water, process, unspecified natural origin/m3","flowType":"ELEMENTARY_FLOW"},"unit":{"@type":"Unit","@id":"1c3a9695-398d-4b1f-b07e-a8715b610f70","name":"m3"},"flowProperty":{"@type":"FlowProperty","@id":"93a60a56-a3c8-22da-a746-0800200c9a66","name":"Volume"}},{"@type":"Exchange","avoidedProduct":false,"input":false,"amount":5.2E-5,"internalId":17,"flow":{"@type":"Flow","@id":"1827a862-ccac-37ac-9ad7-d2dffe71058c","name":"Nitrogen oxides ","flowType":"ELEMENTARY_FLOW"},"unit":{"@type":"Unit","@id":"20aadc24-a391-41cf-b340-3e4529f44bde","name":"kg"},"flowProperty":{"@type":"FlowProperty","@id":"93a60a56-a3c8-11da-a746-0800200b9a66","name":"Mass"}},{"@type":"Exchange","avoidedProduct":false,"input":false,"amount":5.5E-6,"internalId":13,"flow":{"@type":"Flow","@id":"dbe659c1-d252-37bd-a77e-a0674ded4f4a","name":"Zinc","flowType":"ELEMENTARY_FLOW"},"unit":{"@type":"Unit","@id":"20aadc24-a391-41cf-b340-3e4529f44bde","name":"kg"},"flowProperty":{"@type":"FlowProperty","@id":"93a60a56-a3c8-11da-a746-0800200b9a66","name":"Mass"}},{"@type":"Exchange","avoidedProduct":false,"input":true,"amount":0.0511463844797178,"internalId":41,"flow":{"@type":"Flow","@id":"fc76d79e-b0fb-376f-807b-02fe2098aa88","name":"Electricity, at cogen, for natural gas turbine","flowType":"PRODUCT_FLOW"},"unit":{"@type":"Unit","@id":"86ad2244-1f0e-4912-af53-7865283103e4","name":"kWh"},"flowProperty":{"@type":"FlowProperty","@id":"f6811440-ee37-11de-8a39-0800200c9a66","name":"Energy"}},{"@type":"Exchange","avoidedProduct":false,"input":true,"amount":0.322,"description":"The energy and emissions data for ethylene glycol production is from a confidential source and is not shown to protect its confidentiality ","internalId":15,"flow":{"@type":"Flow","@id":"c25df7dd-fbae-3d03-acab-f6545b0787ac","name":"CUTOFF Ethylene glycol, at plant","flowType":"PRODUCT_FLOW"},"unit":{"@type":"Unit","@id":"20aadc24-a391-41cf-b340-3e4529f44bde","name":"kg"},"flowProperty":{"@type":"FlowProperty","@id":"93a60a56-a3c8-11da-a746-0800200b9a66","name":"Mass"}},{"@type":"Exchange","avoidedProduct":false,"input":false,"amount":1.3E-6,"internalId":23,"flow":{"@type":"Flow","@id":"91f6ddbc-501b-39fa-90c4-56f38b2526ad","name":"Ammonium ion","flowType":"ELEMENTARY_FLOW"},"unit":{"@type":"Unit","@id":"20aadc24-a391-41cf-b340-3e4529f44bde","name":"kg"},"flowProperty":{"@type":"FlowProperty","@id":"93a60a56-a3c8-11da-a746-0800200b9a66","name":"Mass"}},{"@type":"Exchange","avoidedProduct":false,"input":true,"amount":0.098072817,"internalId":21,"flow":{"@type":"Flow","@id":"bb1dc159-fe13-3f8e-8197-361e8c770ba3","name":"Natural gas, combusted in industrial boiler","flowType":"PRODUCT_FLOW"},"unit":{"@type":"Unit","@id":"1c3a9695-398d-4b1f-b07e-a8715b610f70","name":"m3"},"flowProperty":{"@type":"FlowProperty","@id":"93a60a56-a3c8-22da-a746-0800200c9a66","name":"Volume"}},{"@type":"Exchange","avoidedProduct":false,"input":true,"amount":0.557760141093474,"internalId":24,"flow":{"@type":"Flow","@id":"06581fb2-1de0-3e78-8298-f37605dea142","name":"Electricity, at grid, US, 2008","flowType":"PRODUCT_FLOW"},"unit":{"@type":"Unit","@id":"86ad2244-1f0e-4912-af53-7865283103e4","name":"kWh"},"flowProperty":{"@type":"FlowProperty","@id":"f6811440-ee37-11de-8a39-0800200c9a66","name":"Energy"}},{"@type":"Exchange","avoidedProduct":false,"input":false,"amount":0.00568,"internalId":5,"flow":{"@type":"Flow","@id":"80c9c183-6e8e-3cba-a608-1d70820c3ce9","name":"Carbon monoxide","flowType":"ELEMENTARY_FLOW"},"unit":{"@type":"Unit","@id":"20aadc24-a391-41cf-b340-3e4529f44bde","name":"kg"},"flowProperty":{"@type":"FlowProperty","@id":"93a60a56-a3c8-11da-a746-0800200b9a66","name":"Mass"}},{"@type":"Exchange","avoidedProduct":false,"input":true,"amount":0.00419,"internalId":31,"flow":{"@type":"Flow","@id":"838cef47-a3a6-3dce-bcb2-560991c5e95c","name":"CUTOFF Disposal, solid waste, unspecified, to sanitary landfill","flowType":"PRODUCT_FLOW"},"unit":{"@type":"Unit","@id":"20aadc24-a391-41cf-b340-3e4529f44bde","name":"kg"},"flowProperty":{"@type":"FlowProperty","@id":"93a60a56-a3c8-11da-a746-0800200b9a66","name":"Mass"}},{"@type":"Exchange","avoidedProduct":false,"input":false,"amount":4.4E-5,"internalId":45,"flow":{"@type":"Flow","@id":"2061de48-36c9-36ac-b7d2-2a02af0fa6df","name":"TOC, Total Organic Carbon","flowType":"ELEMENTARY_FLOW"},"unit":{"@type":"Unit","@id":"20aadc24-a391-41cf-b340-3e4529f44bde","name":"kg"},"flowProperty":{"@type":"FlowProperty","@id":"93a60a56-a3c8-11da-a746-0800200b9a66","name":"Mass"}},{"@type":"Exchange","avoidedProduct":false,"input":false,"amount":9.4E-4,"internalId":22,"flow":{"@type":"Flow","@id":"c746fcf6-c553-3f40-9445-6f0b14a727de","name":"Organic substances, unspecified","flowType":"ELEMENTARY_FLOW"},"unit":{"@type":"Unit","@id":"20aadc24-a391-41cf-b340-3e4529f44bde","name":"kg"},"flowProperty":{"@type":"FlowProperty","@id":"93a60a56-a3c8-11da-a746-0800200b9a66","name":"Mass"}},{"@type":"Exchange","avoidedProduct":false,"input":false,"amount":5.1E-5,"internalId":7,"flow":{"@type":"Flow","@id":"b1f8e9bc-873c-39fe-8655-553d0e0146a6","name":"Acetic acid","flowType":"ELEMENTARY_FLOW"},"unit":{"@type":"Unit","@id":"20aadc24-a391-41cf-b340-3e4529f44bde","name":"kg"},"flowProperty":{"@type":"FlowProperty","@id":"93a60a56-a3c8-11da-a746-0800200b9a66","name":"Mass"}},{"@type":"Exchange","avoidedProduct":false,"input":true,"amount":0.0352,"internalId":35,"flow":{"@type":"Flow","@id":"0a086de3-ddb0-3c48-b5db-2f36f5322de4","name":"Methanol, at plant","flowType":"PRODUCT_FLOW"},"unit":{"@type":"Unit","@id":"20aadc24-a391-41cf-b340-3e4529f44bde","name":"kg"},"flowProperty":{"@type":"FlowProperty","@id":"93a60a56-a3c8-11da-a746-0800200b9a66","name":"Mass"}},{"@type":"Exchange","avoidedProduct":false,"input":true,"amount":0.02678424,"internalId":32,"flow":{"@type":"Flow","@id":"654a5cf6-185f-3d91-89ef-42442d1825e8","name":"Residual fuel oil, combusted in industrial boiler","flowType":"PRODUCT_FLOW"},"unit":{"@type":"Unit","@id":"b80a512e-e402-4363-8ad0-7d02dcf4a459","name":"l"},"flowProperty":{"@type":"FlowProperty","@id":"93a60a56-a3c8-22da-a746-0800200c9a66","name":"Volume"}},{"@type":"Exchange","avoidedProduct":false,"input":false,"amount":1.5E-4,"internalId":28,"flow":{"@type":"Flow","@id":"b641465b-5594-34f2-a9f8-72ceb302de17","name":"Particulates, unspecified","flowType":"ELEMENTARY_FLOW"},"unit":{"@type":"Unit","@id":"20aadc24-a391-41cf-b340-3e4529f44bde","name":"kg"},"flowProperty":{"@type":"FlowProperty","@id":"93a60a56-a3c8-11da-a746-0800200b9a66","name":"Mass"}},{"@type":"Exchange","avoidedProduct":false,"input":true,"amount":0.01276632,"description":"Includes diesel fuel and distillate oil amounts.","internalId":46,"flow":{"@type":"Flow","@id":"d815ff18-015c-3afb-be18-be03bdf325da","name":"Diesel, combusted in industrial equipment","flowType":"PRODUCT_FLOW"},"unit":{"@type":"Unit","@id":"b80a512e-e402-4363-8ad0-7d02dcf4a459","name":"l"},"flowProperty":{"@type":"FlowProperty","@id":"93a60a56-a3c8-22da-a746-0800200c9a66","name":"Volume"}},{"@type":"Exchange","avoidedProduct":false,"input":false,"amount":4.0E-5,"internalId":36,"flow":{"@type":"Flow","@id":"8ce7955e-3874-3112-b468-acff5eec3e49","name":"Methyl acetate","flowType":"ELEMENTARY_FLOW"},"unit":{"@type":"Unit","@id":"20aadc24-a391-41cf-b340-3e4529f44bde","name":"kg"},"flowProperty":{"@type":"FlowProperty","@id":"93a60a56-a3c8-11da-a746-0800200b9a66","name":"Mass"}},{"@type":"Exchange","avoidedProduct":false,"input":true,"amount":0.521,"internalId":37,"flow":{"@type":"Flow","@id":"491f0bfc-bb41-3b04-8e84-6628c2b42211","name":"Paraxylene, at plant","flowType":"PRODUCT_FLOW"},"unit":{"@type":"Unit","@id":"20aadc24-a391-41cf-b340-3e4529f44bde","name":"kg"},"flowProperty":{"@type":"FlowProperty","@id":"93a60a56-a3c8-11da-a746-0800200b9a66","name":"Mass"}},{"@type":"Exchange","avoidedProduct":false,"input":false,"amount":0.0724,"internalId":2,"flow":{"@type":"Flow","@id":"63af114b-afcb-3a82-801a-9c66208a673a","name":"Carbon dioxide, fossil ","flowType":"ELEMENTARY_FLOW"},"unit":{"@type":"Unit","@id":"20aadc24-a391-41cf-b340-3e4529f44bde","name":"kg"},"flowProperty":{"@type":"FlowProperty","@id":"93a60a56-a3c8-11da-a746-0800200b9a66","name":"Mass"}},{"@type":"Exchange","avoidedProduct":false,"input":true,"amount":6.54760693641619E-4,"description":"Values for barge transport are calculated based on average fuel consumption rates as reported in Transportation Energy Data Book: Edition 22 from Oak Ridge National Laboratory, September 2002: 22% of barges use diesel fuel in their engines, 78% use residual oil to generate steam for steam turbines, and a barge that consumes residual oil consumes 3.4 gallons per 1,000 ton-miles ","internalId":19,"flow":{"@type":"Flow","@id":"a1242640-8306-366c-9c55-6dfd23e77bd7","name":"Transport, barge, diesel powered","flowType":"PRODUCT_FLOW"},"unit":{"@type":"Unit","@id":"0dea4ed8-bb6b-4049-b2b4-b2c413ef2180","name":"t*km"},"flowProperty":{"@type":"FlowProperty","@id":"838aaa20-0117-11db-92e3-0800200c9a66","name":"Goods transport (mass*distance)"}},{"@type":"Exchange","avoidedProduct":false,"input":false,"amount":7.9E-5,"internalId":43,"flow":{"@type":"Flow","@id":"992430f3-e0f2-35fd-9492-4619884b7629","name":"Bromine","flowType":"ELEMENTARY_FLOW"},"unit":{"@type":"Unit","@id":"20aadc24-a391-41cf-b340-3e4529f44bde","name":"kg"},"flowProperty":{"@type":"FlowProperty","@id":"93a60a56-a3c8-11da-a746-0800200b9a66","name":"Mass"}},{"@type":"Exchange","avoidedProduct":false,"input":false,"amount":7.6E-4,"internalId":30,"flow":{"@type":"Flow","@id":"33d5907f-322f-336d-b23f-f2959923f99f","name":"COD, Chemical Oxygen Demand","flowType":"ELEMENTARY_FLOW"},"unit":{"@type":"Unit","@id":"20aadc24-a391-41cf-b340-3e4529f44bde","name":"kg"},"flowProperty":{"@type":"FlowProperty","@id":"93a60a56-a3c8-11da-a746-0800200b9a66","name":"Mass"}},{"@type":"Exchange","avoidedProduct":false,"input":true,"amount":8.75817316E-5,"internalId":6,"flow":{"@type":"Flow","@id":"057a281a-908b-3adf-8f51-ed79fe5c5a9b","name":"Transport, pipeline, natural gas","flowType":"PRODUCT_FLOW"},"unit":{"@type":"Unit","@id":"0dea4ed8-bb6b-4049-b2b4-b2c413ef2180","name":"t*km"},"flowProperty":{"@type":"FlowProperty","@id":"838aaa20-0117-11db-92e3-0800200c9a66","name":"Goods transport (mass*distance)"}}],"allocationFactors":[{"@type":"AllocationFactor","allocationType":"CAUSAL_ALLOCATION","exchange":{"@type":"Exchange","internalId":22,"flow":{"@type":"Flow","@id":"c746fcf6-c553-3f40-9445-6f0b14a727de","name":"Organic substances, unspecified"}},"product":{"@type":"Flow","@id":"5f45d3f7-ccd5-32f1-88fa-a5885001d138","name":"Polyethylene terephthalate, resin, at plant"},"value":1.0},{"@type":"AllocationFactor","allocationType":"CAUSAL_ALLOCATION","exchange":{"@type":"Exchange","internalId":28,"flow":{"@type":"Flow","@id":"b641465b-5594-34f2-a9f8-72ceb302de17","name":"Particulates, unspecified"}},"product":{"@type":"Flow","@id":"5f45d3f7-ccd5-32f1-88fa-a5885001d138","name":"Polyethylene terephthalate, resin, at plant"},"value":1.0},{"@type":"AllocationFactor","allocationType":"CAUSAL_ALLOCATION","exchange":{"@type":"Exchange","internalId":40,"flow":{"@type":"Flow","@id":"73cd1596-214d-3403-87f1-f69fc3818886","name":"Bituminous coal, combusted in industrial boiler"}},"product":{"@type":"Flow","@id":"bdd323b8-1b5c-340d-9301-e2d28c075cca","name":"Recovered energy"},"value":0.0},{"@type":"AllocationFactor","allocationType":"CAUSAL_ALLOCATION","exchange":{"@type":"Exchange","internalId":13,"flow":{"@type":"Flow","@id":"dbe659c1-d252-37bd-a77e-a0674ded4f4a","name":"Zinc"}},"product":{"@type":"Flow","@id":"5f45d3f7-ccd5-32f1-88fa-a5885001d138","name":"Polyethylene terephthalate, resin, at plant"},"value":1.0},{"@type":"AllocationFactor","allocationType":"CAUSAL_ALLOCATION","exchange":{"@type":"Exchange","internalId":20,"flow":{"@type":"Flow","@id":"eb8fa4b7-47d8-3603-acda-f41a4ec76770","name":"Antimony"}},"product":{"@type":"Flow","@id":"5f45d3f7-ccd5-32f1-88fa-a5885001d138","name":"Polyethylene terephthalate, resin, at plant"},"value":1.0},{"@type":"AllocationFactor","allocationType":"CAUSAL_ALLOCATION","exchange":{"@type":"Exchange","internalId":25,"flow":{"@type":"Flow","@id":"05c5a907-1a8b-3810-bb1a-ea297a61846a","name":"Metallic ions, unspecified"}},"product":{"@type":"Flow","@id":"bdd323b8-1b5c-340d-9301-e2d28c075cca","name":"Recovered energy"},"value":0.0},{"@type":"AllocationFactor","allocationType":"CAUSAL_ALLOCATION","exchange":{"@type":"Exchange","internalId":20,"flow":{"@type":"Flow","@id":"eb8fa4b7-47d8-3603-acda-f41a4ec76770","name":"Antimony"}},"product":{"@type":"Flow","@id":"bdd323b8-1b5c-340d-9301-e2d28c075cca","name":"Recovered energy"},"value":0.0},{"@type":"AllocationFactor","allocationType":"CAUSAL_ALLOCATION","exchange":{"@type":"Exchange","internalId":6,"flow":{"@type":"Flow","@id":"057a281a-908b-3adf-8f51-ed79fe5c5a9b","name":"Transport, pipeline, natural gas"}},"product":{"@type":"Flow","@id":"5f45d3f7-ccd5-32f1-88fa-a5885001d138","name":"Polyethylene terephthalate, resin, at plant"},"value":1.0},{"@type":"AllocationFactor","allocationType":"CAUSAL_ALLOCATION","exchange":{"@type":"Exchange","internalId":2,"flow":{"@type":"Flow","@id":"63af114b-afcb-3a82-801a-9c66208a673a","name":"Carbon dioxide, fossil "}},"product":{"@type":"Flow","@id":"bdd323b8-1b5c-340d-9301-e2d28c075cca","name":"Recovered energy"},"value":0.0},{"@type":"AllocationFactor","allocationType":"CAUSAL_ALLOCATION","exchange":{"@type":"Exchange","internalId":17,"flow":{"@type":"Flow","@id":"1827a862-ccac-37ac-9ad7-d2dffe71058c","name":"Nitrogen oxides "}},"product":{"@type":"Flow","@id":"5f45d3f7-ccd5-32f1-88fa-a5885001d138","name":"Polyethylene terephthalate, resin, at plant"},"value":1.0},{"@type":"AllocationFactor","allocationType":"CAUSAL_ALLOCATION","exchange":{"@type":"Exchange","internalId":14,"flow":{"@type":"Flow","@id":"2c696e73-bd01-3f7b-a6c5-a56dee44d66e","name":"Acetic acid, at plant"}},"product":{"@type":"Flow","@id":"5f45d3f7-ccd5-32f1-88fa-a5885001d138","name":"Polyethylene terephthalate, resin, at plant"},"value":1.0},{"@type":"AllocationFactor","allocationType":"ECONOMIC_ALLOCATION","product":{"@type":"Flow","@id":"5f45d3f7-ccd5-32f1-88fa-a5885001d138","name":"Polyethylene terephthalate, resin, at plant"},"value":1.0},{"@type":"AllocationFactor","allocationType":"CAUSAL_ALLOCATION","exchange":{"@type":"Exchange","internalId":29,"flow":{"@type":"Flow","@id":"5d2b8abb-4d07-3515-b955-46a086e599f6","name":"CUTOFF Disposal, solid waste, unspecified, to waste-to-energy"}},"product":{"@type":"Flow","@id":"5f45d3f7-ccd5-32f1-88fa-a5885001d138","name":"Polyethylene terephthalate, resin, at plant"},"value":1.0},{"@type":"AllocationFactor","allocationType":"CAUSAL_ALLOCATION","exchange":{"@type":"Exchange","internalId":29,"flow":{"@type":"Flow","@id":"5d2b8abb-4d07-3515-b955-46a086e599f6","name":"CUTOFF Disposal, solid waste, unspecified, to waste-to-energy"}},"product":{"@type":"Flow","@id":"bdd323b8-1b5c-340d-9301-e2d28c075cca","name":"Recovered energy"},"value":0.0},{"@type":"AllocationFactor","allocationType":"CAUSAL_ALLOCATION","exchange":{"@type":"Exchange","internalId":41,"flow":{"@type":"Flow","@id":"fc76d79e-b0fb-376f-807b-02fe2098aa88","name":"Electricity, at cogen, for natural gas turbine"}},"product":{"@type":"Flow","@id":"5f45d3f7-ccd5-32f1-88fa-a5885001d138","name":"Polyethylene terephthalate, resin, at plant"},"value":1.0},{"@type":"AllocationFactor","allocationType":"CAUSAL_ALLOCATION","exchange":{"@type":"Exchange","internalId":18,"flow":{"@type":"Flow","@id":"dc52a4db-da65-3119-8e62-70228d090990","name":"Aluminum"}},"product":{"@type":"Flow","@id":"bdd323b8-1b5c-340d-9301-e2d28c075cca","name":"Recovered energy"},"value":0.0},{"@type":"AllocationFactor","allocationType":"CAUSAL_ALLOCATION","exchange":{"@type":"Exchange","internalId":39,"flow":{"@type":"Flow","@id":"018872d0-ebce-3dfe-9552-3ff163fb468c","name":"Ammonia"}},"product":{"@type":"Flow","@id":"bdd323b8-1b5c-340d-9301-e2d28c075cca","name":"Recovered energy"},"value":0.0},{"@type":"AllocationFactor","allocationType":"CAUSAL_ALLOCATION","exchange":{"@type":"Exchange","internalId":7,"flow":{"@type":"Flow","@id":"b1f8e9bc-873c-39fe-8655-553d0e0146a6","name":"Acetic acid"}},"product":{"@type":"Flow","@id":"5f45d3f7-ccd5-32f1-88fa-a5885001d138","name":"Polyethylene terephthalate, resin, at plant"},"value":1.0},{"@type":"AllocationFactor","allocationType":"CAUSAL_ALLOCATION","exchange":{"@type":"Exchange","internalId":41,"flow":{"@type":"Flow","@id":"fc76d79e-b0fb-376f-807b-02fe2098aa88","name":"Electricity, at cogen, for natural gas turbine"}},"product":{"@type":"Flow","@id":"bdd323b8-1b5c-340d-9301-e2d28c075cca","name":"Recovered energy"},"value":0.0},{"@type":"AllocationFactor","allocationType":"CAUSAL_ALLOCATION","exchange":{"@type":"Exchange","internalId":15,"flow":{"@type":"Flow","@id":"c25df7dd-fbae-3d03-acab-f6545b0787ac","name":"CUTOFF Ethylene glycol, at plant"}},"product":{"@type":"Flow","@id":"bdd323b8-1b5c-340d-9301-e2d28c075cca","name":"Recovered energy"},"value":0.0},{"@type":"AllocationFactor","allocationType":"CAUSAL_ALLOCATION","exchange":{"@type":"Exchange","internalId":35,"flow":{"@type":"Flow","@id":"0a086de3-ddb0-3c48-b5db-2f36f5322de4","name":"Methanol, at plant"}},"product":{"@type":"Flow","@id":"bdd323b8-1b5c-340d-9301-e2d28c075cca","name":"Recovered energy"},"value":0.0},{"@type":"AllocationFactor","allocationType":"CAUSAL_ALLOCATION","exchange":{"@type":"Exchange","internalId":4,"flow":{"@type":"Flow","@id":"6ebddc9c-464a-3e0b-826d-2200927fc5f6","name":"Aldehydes"}},"product":{"@type":"Flow","@id":"5f45d3f7-ccd5-32f1-88fa-a5885001d138","name":"Polyethylene terephthalate, resin, at plant"},"value":1.0},{"@type":"AllocationFactor","allocationType":"CAUSAL_ALLOCATION","exchange":{"@type":"Exchange","internalId":27,"flow":{"@type":"Flow","@id":"ba21b581-543c-38df-b9b5-3f94fa5053e4","name":"Xylene"}},"product":{"@type":"Flow","@id":"bdd323b8-1b5c-340d-9301-e2d28c075cca","name":"Recovered energy"},"value":0.0},{"@type":"AllocationFactor","allocationType":"CAUSAL_ALLOCATION","exchange":{"@type":"Exchange","internalId":36,"flow":{"@type":"Flow","@id":"8ce7955e-3874-3112-b468-acff5eec3e49","name":"Methyl acetate"}},"product":{"@type":"Flow","@id":"5f45d3f7-ccd5-32f1-88fa-a5885001d138","name":"Polyethylene terephthalate, resin, at plant"},"value":1.0},{"@type":"AllocationFactor","allocationType":"CAUSAL_ALLOCATION","exchange":{"@type":"Exchange","internalId":30,"flow":{"@type":"Flow","@id":"33d5907f-322f-336d-b23f-f2959923f99f","name":"COD, Chemical Oxygen Demand"}},"product":{"@type":"Flow","@id":"5f45d3f7-ccd5-32f1-88fa-a5885001d138","name":"Polyethylene terephthalate, resin, at plant"},"value":1.0},{"@type":"AllocationFactor","allocationType":"CAUSAL_ALLOCATION","exchange":{"@type":"Exchange","internalId":21,"flow":{"@type":"Flow","@id":"bb1dc159-fe13-3f8e-8197-361e8c770ba3","name":"Natural gas, combusted in industrial boiler"}},"product":{"@type":"Flow","@id":"5f45d3f7-ccd5-32f1-88fa-a5885001d138","name":"Polyethylene terephthalate, resin, at plant"},"value":1.0},{"@type":"AllocationFactor","allocationType":"CAUSAL_ALLOCATION","exchange":{"@type":"Exchange","internalId":30,"flow":{"@type":"Flow","@id":"33d5907f-322f-336d-b23f-f2959923f99f","name":"COD, Chemical Oxygen Demand"}},"product":{"@type":"Flow","@id":"bdd323b8-1b5c-340d-9301-e2d28c075cca","name":"Recovered energy"},"value":0.0},{"@type":"AllocationFactor","allocationType":"CAUSAL_ALLOCATION","exchange":{"@type":"Exchange","internalId":4,"flow":{"@type":"Flow","@id":"6ebddc9c-464a-3e0b-826d-2200927fc5f6","name":"Aldehydes"}},"product":{"@type":"Flow","@id":"bdd323b8-1b5c-340d-9301-e2d28c075cca","name":"Recovered energy"},"value":0.0},{"@type":"AllocationFactor","allocationType":"CAUSAL_ALLOCATION","exchange":{"@type":"Exchange","internalId":32,"flow":{"@type":"Flow","@id":"654a5cf6-185f-3d91-89ef-42442d1825e8","name":"Residual fuel oil, combusted in industrial boiler"}},"product":{"@type":"Flow","@id":"bdd323b8-1b5c-340d-9301-e2d28c075cca","name":"Recovered energy"},"value":0.0},{"@type":"AllocationFactor","allocationType":"CAUSAL_ALLOCATION","exchange":{"@type":"Exchange","internalId":10,"flow":{"@type":"Flow","@id":"d25cd0b7-4fc5-3be0-88d3-2d661482fde2","name":"Methane "}},"product":{"@type":"Flow","@id":"5f45d3f7-ccd5-32f1-88fa-a5885001d138","name":"Polyethylene terephthalate, resin, at plant"},"value":1.0},{"@type":"AllocationFactor","allocationType":"CAUSAL_ALLOCATION","exchange":{"@type":"Exchange","internalId":42,"flow":{"@type":"Flow","@id":"c2cc68fe-1754-3468-a973-51c2f5c82fcd","name":"Transport, barge, residual fuel oil powered"}},"product":{"@type":"Flow","@id":"5f45d3f7-ccd5-32f1-88fa-a5885001d138","name":"Polyethylene terephthalate, resin, at plant"},"value":1.0},{"@type":"AllocationFactor","allocationType":"CAUSAL_ALLOCATION","exchange":{"@type":"Exchange","internalId":21,"flow":{"@type":"Flow","@id":"bb1dc159-fe13-3f8e-8197-361e8c770ba3","name":"Natural gas, combusted in industrial boiler"}},"product":{"@type":"Flow","@id":"bdd323b8-1b5c-340d-9301-e2d28c075cca","name":"Recovered energy"},"value":0.0},{"@type":"AllocationFactor","allocationType":"CAUSAL_ALLOCATION","exchange":{"@type":"Exchange","internalId":18,"flow":{"@type":"Flow","@id":"dc52a4db-da65-3119-8e62-70228d090990","name":"Aluminum"}},"product":{"@type":"Flow","@id":"5f45d3f7-ccd5-32f1-88fa-a5885001d138","name":"Polyethylene terephthalate, resin, at plant"},"value":1.0},{"@type":"AllocationFactor","allocationType":"CAUSAL_ALLOCATION","exchange":{"@type":"Exchange","internalId":45,"flow":{"@type":"Flow","@id":"2061de48-36c9-36ac-b7d2-2a02af0fa6df","name":"TOC, Total Organic Carbon"}},"product":{"@type":"Flow","@id":"bdd323b8-1b5c-340d-9301-e2d28c075cca","name":"Recovered energy"},"value":0.0},{"@type":"AllocationFactor","allocationType":"CAUSAL_ALLOCATION","exchange":{"@type":"Exchange","internalId":44,"flow":{"@type":"Flow","@id":"1e8cc60c-35be-3d7a-8f13-5a46881dc0cb","name":"Phosphates"}},"product":{"@type":"Flow","@id":"5f45d3f7-ccd5-32f1-88fa-a5885001d138","name":"Polyethylene terephthalate, resin, at plant"},"value":1.0},{"@type":"AllocationFactor","allocationType":"CAUSAL_ALLOCATION","exchange":{"@type":"Exchange","internalId":10,"flow":{"@type":"Flow","@id":"d25cd0b7-4fc5-3be0-88d3-2d661482fde2","name":"Methane "}},"product":{"@type":"Flow","@id":"bdd323b8-1b5c-340d-9301-e2d28c075cca","name":"Recovered energy"},"value":0.0},{"@type":"AllocationFactor","allocationType":"CAUSAL_ALLOCATION","exchange":{"@type":"Exchange","internalId":46,"flow":{"@type":"Flow","@id":"d815ff18-015c-3afb-be18-be03bdf325da","name":"Diesel, combusted in industrial equipment"}},"product":{"@type":"Flow","@id":"bdd323b8-1b5c-340d-9301-e2d28c075cca","name":"Recovered energy"},"value":0.0},{"@type":"AllocationFactor","allocationType":"CAUSAL_ALLOCATION","exchange":{"@type":"Exchange","internalId":40,"flow":{"@type":"Flow","@id":"73cd1596-214d-3403-87f1-f69fc3818886","name":"Bituminous coal, combusted in industrial boiler"}},"product":{"@type":"Flow","@id":"5f45d3f7-ccd5-32f1-88fa-a5885001d138","name":"Polyethylene terephthalate, resin, at plant"},"value":1.0},{"@type":"AllocationFactor","allocationType":"CAUSAL_ALLOCATION","exchange":{"@type":"Exchange","internalId":25,"flow":{"@type":"Flow","@id":"05c5a907-1a8b-3810-bb1a-ea297a61846a","name":"Metallic ions, unspecified"}},"product":{"@type":"Flow","@id":"5f45d3f7-ccd5-32f1-88fa-a5885001d138","name":"Polyethylene terephthalate, resin, at plant"},"value":1.0},{"@type":"AllocationFactor","allocationType":"CAUSAL_ALLOCATION","exchange":{"@type":"Exchange","internalId":37,"flow":{"@type":"Flow","@id":"491f0bfc-bb41-3b04-8e84-6628c2b42211","name":"Paraxylene, at plant"}},"product":{"@type":"Flow","@id":"bdd323b8-1b5c-340d-9301-e2d28c075cca","name":"Recovered energy"},"value":0.0},{"@type":"AllocationFactor","allocationType":"CAUSAL_ALLOCATION","exchange":{"@type":"Exchange","internalId":45,"flow":{"@type":"Flow","@id":"2061de48-36c9-36ac-b7d2-2a02af0fa6df","name":"TOC, Total Organic Carbon"}},"product":{"@type":"Flow","@id":"5f45d3f7-ccd5-32f1-88fa-a5885001d138","name":"Polyethylene terephthalate, resin, at plant"},"value":1.0},{"@type":"AllocationFactor","allocationType":"CAUSAL_ALLOCATION","exchange":{"@type":"Exchange","internalId":22,"flow":{"@type":"Flow","@id":"c746fcf6-c553-3f40-9445-6f0b14a727de","name":"Organic substances, unspecified"}},"product":{"@type":"Flow","@id":"bdd323b8-1b5c-340d-9301-e2d28c075cca","name":"Recovered energy"},"value":0.0},{"@type":"AllocationFactor","allocationType":"CAUSAL_ALLOCATION","exchange":{"@type":"Exchange","internalId":27,"flow":{"@type":"Flow","@id":"ba21b581-543c-38df-b9b5-3f94fa5053e4","name":"Xylene"}},"product":{"@type":"Flow","@id":"5f45d3f7-ccd5-32f1-88fa-a5885001d138","name":"Polyethylene terephthalate, resin, at plant"},"value":1.0},{"@type":"AllocationFactor","allocationType":"CAUSAL_ALLOCATION","exchange":{"@type":"Exchange","internalId":42,"flow":{"@type":"Flow","@id":"c2cc68fe-1754-3468-a973-51c2f5c82fcd","name":"Transport, barge, residual fuel oil powered"}},"product":{"@type":"Flow","@id":"bdd323b8-1b5c-340d-9301-e2d28c075cca","name":"Recovered energy"},"value":0.0},{"@type":"AllocationFactor","allocationType":"CAUSAL_ALLOCATION","exchange":{"@type":"Exchange","internalId":38,"flow":{"@type":"Flow","@id":"a3ed03de-f771-3946-94f3-a02a10d4ca74","name":"Dissolved solids"}},"product":{"@type":"Flow","@id":"bdd323b8-1b5c-340d-9301-e2d28c075cca","name":"Recovered energy"},"value":0.0},{"@type":"AllocationFactor","allocationType":"CAUSAL_ALLOCATION","exchange":{"@type":"Exchange","internalId":33,"flow":{"@type":"Flow","@id":"7fefc941-9acb-39f7-9e3b-dd4e8f07ed0b","name":"Water, process, unspecified natural origin/m3"}},"product":{"@type":"Flow","@id":"5f45d3f7-ccd5-32f1-88fa-a5885001d138","name":"Polyethylene terephthalate, resin, at plant"},"value":1.0},{"@type":"AllocationFactor","allocationType":"CAUSAL_ALLOCATION","exchange":{"@type":"Exchange","internalId":13,"flow":{"@type":"Flow","@id":"dbe659c1-d252-37bd-a77e-a0674ded4f4a","name":"Zinc"}},"product":{"@type":"Flow","@id":"bdd323b8-1b5c-340d-9301-e2d28c075cca","name":"Recovered energy"},"value":0.0},{"@type":"AllocationFactor","allocationType":"CAUSAL_ALLOCATION","exchange":{"@type":"Exchange","internalId":32,"flow":{"@type":"Flow","@id":"654a5cf6-185f-3d91-89ef-42442d1825e8","name":"Residual fuel oil, combusted in industrial boiler"}},"product":{"@type":"Flow","@id":"5f45d3f7-ccd5-32f1-88fa-a5885001d138","name":"Polyethylene terephthalate, resin, at plant"},"value":1.0},{"@type":"AllocationFactor","allocationType":"CAUSAL_ALLOCATION","exchange":{"@type":"Exchange","internalId":9,"flow":{"@type":"Flow","@id":"91c6fb89-85ed-310b-8197-fb35a753bd97","name":"Suspended solids, unspecified"}},"product":{"@type":"Flow","@id":"5f45d3f7-ccd5-32f1-88fa-a5885001d138","name":"Polyethylene terephthalate, resin, at plant"},"value":1.0},{"@type":"AllocationFactor","allocationType":"CAUSAL_ALLOCATION","exchange":{"@type":"Exchange","internalId":24,"flow":{"@type":"Flow","@id":"06581fb2-1de0-3e78-8298-f37605dea142","name":"Electricity, at grid, US, 2008"}},"product":{"@type":"Flow","@id":"5f45d3f7-ccd5-32f1-88fa-a5885001d138","name":"Polyethylene terephthalate, resin, at plant"},"value":1.0},{"@type":"AllocationFactor","allocationType":"CAUSAL_ALLOCATION","exchange":{"@type":"Exchange","internalId":43,"flow":{"@type":"Flow","@id":"992430f3-e0f2-35fd-9492-4619884b7629","name":"Bromine"}},"product":{"@type":"Flow","@id":"bdd323b8-1b5c-340d-9301-e2d28c075cca","name":"Recovered energy"},"value":0.0},{"@type":"AllocationFactor","allocationType":"CAUSAL_ALLOCATION","exchange":{"@type":"Exchange","internalId":9,"flow":{"@type":"Flow","@id":"91c6fb89-85ed-310b-8197-fb35a753bd97","name":"Suspended solids, unspecified"}},"product":{"@type":"Flow","@id":"bdd323b8-1b5c-340d-9301-e2d28c075cca","name":"Recovered energy"},"value":0.0},{"@type":"AllocationFactor","allocationType":"CAUSAL_ALLOCATION","exchange":{"@type":"Exchange","internalId":31,"flow":{"@type":"Flow","@id":"838cef47-a3a6-3dce-bcb2-560991c5e95c","name":"CUTOFF Disposal, solid waste, unspecified, to sanitary landfill"}},"product":{"@type":"Flow","@id":"bdd323b8-1b5c-340d-9301-e2d28c075cca","name":"Recovered energy"},"value":0.0},{"@type":"AllocationFactor","allocationType":"CAUSAL_ALLOCATION","exchange":{"@type":"Exchange","internalId":8,"flow":{"@type":"Flow","@id":"73c7494d-4e93-3769-896b-8bb82f0dfccc","name":"Transport, train, diesel powered"}},"product":{"@type":"Flow","@id":"bdd323b8-1b5c-340d-9301-e2d28c075cca","name":"Recovered energy"},"value":0.0},{"@type":"AllocationFactor","allocationType":"CAUSAL_ALLOCATION","exchange":{"@type":"Exchange","internalId":11,"flow":{"@type":"Flow","@id":"16a0fc94-eaec-315c-9f2f-328d8833dcad","name":"BOD5, Biological Oxygen Demand"}},"product":{"@type":"Flow","@id":"5f45d3f7-ccd5-32f1-88fa-a5885001d138","name":"Polyethylene terephthalate, resin, at plant"},"value":1.0},{"@type":"AllocationFactor","allocationType":"PHYSICAL_ALLOCATION","product":{"@type":"Flow","@id":"bdd323b8-1b5c-340d-9301-e2d28c075cca","name":"Recovered energy"},"value":0.0},{"@type":"AllocationFactor","allocationType":"CAUSAL_ALLOCATION","exchange":{"@type":"Exchange","internalId":19,"flow":{"@type":"Flow","@id":"a1242640-8306-366c-9c55-6dfd23e77bd7","name":"Transport, barge, diesel powered"}},"product":{"@type":"Flow","@id":"bdd323b8-1b5c-340d-9301-e2d28c075cca","name":"Recovered energy"},"value":0.0},{"@type":"AllocationFactor","allocationType":"CAUSAL_ALLOCATION","exchange":{"@type":"Exchange","internalId":12,"flow":{"@type":"Flow","@id":"ee9ac558-402f-3594-a3e3-0ee7dec4440d","name":"CUTOFF Disposal, solid waste, unspecified, to municipal incineration"}},"product":{"@type":"Flow","@id":"bdd323b8-1b5c-340d-9301-e2d28c075cca","name":"Recovered energy"},"value":0.0},{"@type":"AllocationFactor","allocationType":"CAUSAL_ALLOCATION","exchange":{"@type":"Exchange","internalId":8,"flow":{"@type":"Flow","@id":"73c7494d-4e93-3769-896b-8bb82f0dfccc","name":"Transport, train, diesel powered"}},"product":{"@type":"Flow","@id":"5f45d3f7-ccd5-32f1-88fa-a5885001d138","name":"Polyethylene terephthalate, resin, at plant"},"value":1.0},{"@type":"AllocationFactor","allocationType":"CAUSAL_ALLOCATION","exchange":{"@type":"Exchange","internalId":15,"flow":{"@type":"Flow","@id":"c25df7dd-fbae-3d03-acab-f6545b0787ac","name":"CUTOFF Ethylene glycol, at plant"}},"product":{"@type":"Flow","@id":"5f45d3f7-ccd5-32f1-88fa-a5885001d138","name":"Polyethylene terephthalate, resin, at plant"},"value":1.0},{"@type":"AllocationFactor","allocationType":"CAUSAL_ALLOCATION","exchange":{"@type":"Exchange","internalId":5,"flow":{"@type":"Flow","@id":"80c9c183-6e8e-3cba-a608-1d70820c3ce9","name":"Carbon monoxide"}},"product":{"@type":"Flow","@id":"5f45d3f7-ccd5-32f1-88fa-a5885001d138","name":"Polyethylene terephthalate, resin, at plant"},"value":1.0},{"@type":"AllocationFactor","allocationType":"CAUSAL_ALLOCATION","exchange":{"@type":"Exchange","internalId":34,"flow":{"@type":"Flow","@id":"e475fe8b-bdbb-39dd-a68e-b8c6173b5bf3","name":"Iron"}},"product":{"@type":"Flow","@id":"5f45d3f7-ccd5-32f1-88fa-a5885001d138","name":"Polyethylene terephthalate, resin, at plant"},"value":1.0},{"@type":"AllocationFactor","allocationType":"CAUSAL_ALLOCATION","exchange":{"@type":"Exchange","internalId":26,"flow":{"@type":"Flow","@id":"6b41ff0f-2c11-3d98-aee6-ca2f5d4c817c","name":"NMVOC, non-methane volatile organic compounds, unspecified "}},"product":{"@type":"Flow","@id":"bdd323b8-1b5c-340d-9301-e2d28c075cca","name":"Recovered energy"},"value":0.0},{"@type":"AllocationFactor","allocationType":"CAUSAL_ALLOCATION","exchange":{"@type":"Exchange","internalId":5,"flow":{"@type":"Flow","@id":"80c9c183-6e8e-3cba-a608-1d70820c3ce9","name":"Carbon monoxide"}},"product":{"@type":"Flow","@id":"bdd323b8-1b5c-340d-9301-e2d28c075cca","name":"Recovered energy"},"value":0.0},{"@type":"AllocationFactor","allocationType":"CAUSAL_ALLOCATION","exchange":{"@type":"Exchange","internalId":28,"flow":{"@type":"Flow","@id":"b641465b-5594-34f2-a9f8-72ceb302de17","name":"Particulates, unspecified"}},"product":{"@type":"Flow","@id":"bdd323b8-1b5c-340d-9301-e2d28c075cca","name":"Recovered energy"},"value":0.0},{"@type":"AllocationFactor","allocationType":"CAUSAL_ALLOCATION","exchange":{"@type":"Exchange","internalId":44,"flow":{"@type":"Flow","@id":"1e8cc60c-35be-3d7a-8f13-5a46881dc0cb","name":"Phosphates"}},"product":{"@type":"Flow","@id":"bdd323b8-1b5c-340d-9301-e2d28c075cca","name":"Recovered energy"},"value":0.0},{"@type":"AllocationFactor","allocationType":"CAUSAL_ALLOCATION","exchange":{"@type":"Exchange","internalId":11,"flow":{"@type":"Flow","@id":"16a0fc94-eaec-315c-9f2f-328d8833dcad","name":"BOD5, Biological Oxygen Demand"}},"product":{"@type":"Flow","@id":"bdd323b8-1b5c-340d-9301-e2d28c075cca","name":"Recovered energy"},"value":0.0},{"@type":"AllocationFactor","allocationType":"CAUSAL_ALLOCATION","exchange":{"@type":"Exchange","internalId":17,"flow":{"@type":"Flow","@id":"1827a862-ccac-37ac-9ad7-d2dffe71058c","name":"Nitrogen oxides "}},"product":{"@type":"Flow","@id":"bdd323b8-1b5c-340d-9301-e2d28c075cca","name":"Recovered energy"},"value":0.0},{"@type":"AllocationFactor","allocationType":"CAUSAL_ALLOCATION","exchange":{"@type":"Exchange","internalId":39,"flow":{"@type":"Flow","@id":"018872d0-ebce-3dfe-9552-3ff163fb468c","name":"Ammonia"}},"product":{"@type":"Flow","@id":"5f45d3f7-ccd5-32f1-88fa-a5885001d138","name":"Polyethylene terephthalate, resin, at plant"},"value":1.0},{"@type":"AllocationFactor","allocationType":"CAUSAL_ALLOCATION","exchange":{"@type":"Exchange","internalId":6,"flow":{"@type":"Flow","@id":"057a281a-908b-3adf-8f51-ed79fe5c5a9b","name":"Transport, pipeline, natural gas"}},"product":{"@type":"Flow","@id":"bdd323b8-1b5c-340d-9301-e2d28c075cca","name":"Recovered energy"},"value":0.0},{"@type":"AllocationFactor","allocationType":"CAUSAL_ALLOCATION","exchange":{"@type":"Exchange","internalId":7,"flow":{"@type":"Flow","@id":"b1f8e9bc-873c-39fe-8655-553d0e0146a6","name":"Acetic acid"}},"product":{"@type":"Flow","@id":"bdd323b8-1b5c-340d-9301-e2d28c075cca","name":"Recovered energy"},"value":0.0},{"@type":"AllocationFactor","allocationType":"ECONOMIC_ALLOCATION","product":{"@type":"Flow","@id":"bdd323b8-1b5c-340d-9301-e2d28c075cca","name":"Recovered energy"},"value":0.0},{"@type":"AllocationFactor","allocationType":"CAUSAL_ALLOCATION","exchange":{"@type":"Exchange","internalId":34,"flow":{"@type":"Flow","@id":"e475fe8b-bdbb-39dd-a68e-b8c6173b5bf3","name":"Iron"}},"product":{"@type":"Flow","@id":"bdd323b8-1b5c-340d-9301-e2d28c075cca","name":"Recovered energy"},"value":0.0},{"@type":"AllocationFactor","allocationType":"CAUSAL_ALLOCATION","exchange":{"@type":"Exchange","internalId":23,"flow":{"@type":"Flow","@id":"91f6ddbc-501b-39fa-90c4-56f38b2526ad","name":"Ammonium ion"}},"product":{"@type":"Flow","@id":"bdd323b8-1b5c-340d-9301-e2d28c075cca","name":"Recovered energy"},"value":0.0},{"@type":"AllocationFactor","allocationType":"CAUSAL_ALLOCATION","exchange":{"@type":"Exchange","internalId":24,"flow":{"@type":"Flow","@id":"06581fb2-1de0-3e78-8298-f37605dea142","name":"Electricity, at grid, US, 2008"}},"product":{"@type":"Flow","@id":"bdd323b8-1b5c-340d-9301-e2d28c075cca","name":"Recovered energy"},"value":0.0},{"@type":"AllocationFactor","allocationType":"CAUSAL_ALLOCATION","exchange":{"@type":"Exchange","internalId":26,"flow":{"@type":"Flow","@id":"6b41ff0f-2c11-3d98-aee6-ca2f5d4c817c","name":"NMVOC, non-methane volatile organic compounds, unspecified "}},"product":{"@type":"Flow","@id":"5f45d3f7-ccd5-32f1-88fa-a5885001d138","name":"Polyethylene terephthalate, resin, at plant"},"value":1.0},{"@type":"AllocationFactor","allocationType":"CAUSAL_ALLOCATION","exchange":{"@type":"Exchange","internalId":19,"flow":{"@type":"Flow","@id":"a1242640-8306-366c-9c55-6dfd23e77bd7","name":"Transport, barge, diesel powered"}},"product":{"@type":"Flow","@id":"5f45d3f7-ccd5-32f1-88fa-a5885001d138","name":"Polyethylene terephthalate, resin, at plant"},"value":1.0},{"@type":"AllocationFactor","allocationType":"CAUSAL_ALLOCATION","exchange":{"@type":"Exchange","internalId":33,"flow":{"@type":"Flow","@id":"7fefc941-9acb-39f7-9e3b-dd4e8f07ed0b","name":"Water, process, unspecified natural origin/m3"}},"product":{"@type":"Flow","@id":"bdd323b8-1b5c-340d-9301-e2d28c075cca","name":"Recovered energy"},"value":0.0},{"@type":"AllocationFactor","allocationType":"CAUSAL_ALLOCATION","exchange":{"@type":"Exchange","internalId":14,"flow":{"@type":"Flow","@id":"2c696e73-bd01-3f7b-a6c5-a56dee44d66e","name":"Acetic acid, at plant"}},"product":{"@type":"Flow","@id":"bdd323b8-1b5c-340d-9301-e2d28c075cca","name":"Recovered energy"},"value":0.0},{"@type":"AllocationFactor","allocationType":"CAUSAL_ALLOCATION","exchange":{"@type":"Exchange","internalId":31,"flow":{"@type":"Flow","@id":"838cef47-a3a6-3dce-bcb2-560991c5e95c","name":"CUTOFF Disposal, solid waste, unspecified, to sanitary landfill"}},"product":{"@type":"Flow","@id":"5f45d3f7-ccd5-32f1-88fa-a5885001d138","name":"Polyethylene terephthalate, resin, at plant"},"value":1.0},{"@type":"AllocationFactor","allocationType":"CAUSAL_ALLOCATION","exchange":{"@type":"Exchange","internalId":46,"flow":{"@type":"Flow","@id":"d815ff18-015c-3afb-be18-be03bdf325da","name":"Diesel, combusted in industrial equipment"}},"product":{"@type":"Flow","@id":"5f45d3f7-ccd5-32f1-88fa-a5885001d138","name":"Polyethylene terephthalate, resin, at plant"},"value":1.0},{"@type":"AllocationFactor","allocationType":"CAUSAL_ALLOCATION","exchange":{"@type":"Exchange","internalId":12,"flow":{"@type":"Flow","@id":"ee9ac558-402f-3594-a3e3-0ee7dec4440d","name":"CUTOFF Disposal, solid waste, unspecified, to municipal incineration"}},"product":{"@type":"Flow","@id":"5f45d3f7-ccd5-32f1-88fa-a5885001d138","name":"Polyethylene terephthalate, resin, at plant"},"value":1.0},{"@type":"AllocationFactor","allocationType":"CAUSAL_ALLOCATION","exchange":{"@type":"Exchange","internalId":43,"flow":{"@type":"Flow","@id":"992430f3-e0f2-35fd-9492-4619884b7629","name":"Bromine"}},"product":{"@type":"Flow","@id":"5f45d3f7-ccd5-32f1-88fa-a5885001d138","name":"Polyethylene terephthalate, resin, at plant"},"value":1.0},{"@type":"AllocationFactor","allocationType":"CAUSAL_ALLOCATION","exchange":{"@type":"Exchange","internalId":3,"flow":{"@type":"Flow","@id":"d53034f6-f44f-3ece-b946-c5e885833fab","name":"Phenol compounds, unspecified"}},"product":{"@type":"Flow","@id":"5f45d3f7-ccd5-32f1-88fa-a5885001d138","name":"Polyethylene terephthalate, resin, at plant"},"value":1.0},{"@type":"AllocationFactor","allocationType":"CAUSAL_ALLOCATION","exchange":{"@type":"Exchange","internalId":3,"flow":{"@type":"Flow","@id":"d53034f6-f44f-3ece-b946-c5e885833fab","name":"Phenol compounds, unspecified"}},"product":{"@type":"Flow","@id":"bdd323b8-1b5c-340d-9301-e2d28c075cca","name":"Recovered energy"},"value":0.0},{"@type":"AllocationFactor","allocationType":"CAUSAL_ALLOCATION","exchange":{"@type":"Exchange","internalId":38,"flow":{"@type":"Flow","@id":"a3ed03de-f771-3946-94f3-a02a10d4ca74","name":"Dissolved solids"}},"product":{"@type":"Flow","@id":"5f45d3f7-ccd5-32f1-88fa-a5885001d138","name":"Polyethylene terephthalate, resin, at plant"},"value":1.0},{"@type":"AllocationFactor","allocationType":"CAUSAL_ALLOCATION","exchange":{"@type":"Exchange","internalId":35,"flow":{"@type":"Flow","@id":"0a086de3-ddb0-3c48-b5db-2f36f5322de4","name":"Methanol, at plant"}},"product":{"@type":"Flow","@id":"5f45d3f7-ccd5-32f1-88fa-a5885001d138","name":"Polyethylene terephthalate, resin, at plant"},"value":1.0},{"@type":"AllocationFactor","allocationType":"CAUSAL_ALLOCATION","exchange":{"@type":"Exchange","internalId":23,"flow":{"@type":"Flow","@id":"91f6ddbc-501b-39fa-90c4-56f38b2526ad","name":"Ammonium ion"}},"product":{"@type":"Flow","@id":"5f45d3f7-ccd5-32f1-88fa-a5885001d138","name":"Polyethylene terephthalate, resin, at plant"},"value":1.0},{"@type":"AllocationFactor","allocationType":"CAUSAL_ALLOCATION","exchange":{"@type":"Exchange","internalId":36,"flow":{"@type":"Flow","@id":"8ce7955e-3874-3112-b468-acff5eec3e49","name":"Methyl acetate"}},"product":{"@type":"Flow","@id":"bdd323b8-1b5c-340d-9301-e2d28c075cca","name":"Recovered energy"},"value":0.0},{"@type":"AllocationFactor","allocationType":"CAUSAL_ALLOCATION","exchange":{"@type":"Exchange","internalId":2,"flow":{"@type":"Flow","@id":"63af114b-afcb-3a82-801a-9c66208a673a","name":"Carbon dioxide, fossil "}},"product":{"@type":"Flow","@id":"5f45d3f7-ccd5-32f1-88fa-a5885001d138","name":"Polyethylene terephthalate, resin, at plant"},"value":1.0},{"@type":"AllocationFactor","allocationType":"CAUSAL_ALLOCATION","exchange":{"@type":"Exchange","internalId":37,"flow":{"@type":"Flow","@id":"491f0bfc-bb41-3b04-8e84-6628c2b42211","name":"Paraxylene, at plant"}},"product":{"@type":"Flow","@id":"5f45d3f7-ccd5-32f1-88fa-a5885001d138","name":"Polyethylene terephthalate, resin, at plant"},"value":1.0},{"@type":"AllocationFactor","allocationType":"PHYSICAL_ALLOCATION","product":{"@type":"Flow","@id":"5f45d3f7-ccd5-32f1-88fa-a5885001d138","name":"Polyethylene terephthalate, resin, at plant"},"value":1.0}]}