{"@context":"http://greendelta.github.io/olca-schema/context.jsonld","@type":"Process","@id":"e0368d96-44a3-3628-8220-e6ae975b0931","name":"Carbon monoxide, at plant","version":"00.00.000","lastChange":"2013-11-13T17:23:30-07:00","category":{"@type":"Category","@id":"05ee7247-d00d-304a-97e8-4a376ca05972","name":"Petrochemical Manufacturing"},"processType":"UNIT_PROCESS","infrastructureProcess":false,"location":{"@type":"Location","@id":"b320e7db-c758-3ba6-8839-81eb83c9d7d7","name":"Northern America"},"processDocumentation":{"@type":"ProcessDocumentation","technologyDescription":"The raw materials necessary for the production of carbon monoxide are the gases resulting from steam reformation, as in the production of synthesis gas for ammonia manufacture, or from partial combustion of hydrocarbons. The feed gas must be stripped of carbon dioxide by scrubbing with ethanolamine solution and then passed through a molecular sieve to remove traces of carbon dioxide and water. Carbon monoxide and unconverted methane are condensed from the gas mixture and separated by lowering the pressure to remove entrained gases. The methane is recycled and the carbon monoxide comes out as a product after evaporation, warming, and compression.","samplingDescription":"The energy and emissions data for carbon monoxide are from secondary sources and estimates. The transportation energy was collected from an acetic acid producer and calculated using estimates.","restrictionsDescription":"All information can be accessed by everybody.","copyright":false,"validFrom":"2002-12-31-07:00","validUntil":"2003-12-31-07:00","creationDate":"2013-11-13T17:23:30-07:00","geographyDescription":"Representative of North America (US and Canada)","dataDocumentor":{"@type":"Actor","@id":"721bcfe4-ee92-33bc-a9bd-bbf5ba3cb52d","name":"Franklin Associates"},"dataGenerator":{"@type":"Actor","@id":"721bcfe4-ee92-33bc-a9bd-bbf5ba3cb52d","name":"Franklin Associates"},"publication":{"@type":"Source","@id":"120143da-004e-38fa-987d-fab82fa5a3c1","name":"THE PLASTICS DIVISION OF \nTHE ACC\n "},"sources":[{"@type":"Source","@id":"120143da-004e-38fa-987d-fab82fa5a3c1","name":"THE PLASTICS DIVISION OF \nTHE ACC\n "}]},"exchanges":[{"@type":"Exchange","avoidedProduct":false,"input":false,"amount":1.0,"internalId":1,"flow":{"@type":"Flow","@id":"0461a6e2-75a9-36af-8e1a-c9ad9dcdb99d","name":"Carbon monoxide, at plant","flowType":"PRODUCT_FLOW"},"unit":{"@type":"Unit","@id":"20aadc24-a391-41cf-b340-3e4529f44bde","name":"kg"},"flowProperty":{"@type":"FlowProperty","@id":"93a60a56-a3c8-11da-a746-0800200b9a66","name":"Mass"},"quantitativeReference":true},{"@type":"Exchange","avoidedProduct":false,"input":false,"amount":6.2311E-7,"internalId":152,"flow":{"@type":"Flow","@id":"b8d7c779-e771-335b-9443-1ce11dab8237","name":"Chromium","flowType":"ELEMENTARY_FLOW"},"unit":{"@type":"Unit","@id":"20aadc24-a391-41cf-b340-3e4529f44bde","name":"kg"},"flowProperty":{"@type":"FlowProperty","@id":"93a60a56-a3c8-11da-a746-0800200b9a66","name":"Mass"}},{"@type":"Exchange","avoidedProduct":false,"input":false,"amount":1.927E-9,"internalId":8,"flow":{"@type":"Flow","@id":"bd1b1118-6b87-3c2c-9bca-15efa8068aa3","name":"PAH, polycyclic aromatic hydrocarbons","flowType":"ELEMENTARY_FLOW"},"unit":{"@type":"Unit","@id":"20aadc24-a391-41cf-b340-3e4529f44bde","name":"kg"},"flowProperty":{"@type":"FlowProperty","@id":"93a60a56-a3c8-11da-a746-0800200b9a66","name":"Mass"}},{"@type":"Exchange","avoidedProduct":false,"input":false,"amount":4.7685E-8,"internalId":51,"flow":{"@type":"Flow","@id":"ffe55999-19d9-3ac1-b89e-97076f36c437","name":"Arsenic, ion","flowType":"ELEMENTARY_FLOW"},"unit":{"@type":"Unit","@id":"20aadc24-a391-41cf-b340-3e4529f44bde","name":"kg"},"flowProperty":{"@type":"FlowProperty","@id":"93a60a56-a3c8-11da-a746-0800200b9a66","name":"Mass"}},{"@type":"Exchange","avoidedProduct":false,"input":false,"amount":4.6137E-12,"internalId":35,"flow":{"@type":"Flow","@id":"7300c2bc-0200-3a7a-9aea-3371fd29fdf6","name":"Methane, monochloro-, R-40","flowType":"ELEMENTARY_FLOW"},"unit":{"@type":"Unit","@id":"20aadc24-a391-41cf-b340-3e4529f44bde","name":"kg"},"flowProperty":{"@type":"FlowProperty","@id":"93a60a56-a3c8-11da-a746-0800200b9a66","name":"Mass"}},{"@type":"Exchange","avoidedProduct":false,"input":false,"amount":2.1763E-11,"internalId":67,"flow":{"@type":"Flow","@id":"1b13284e-474c-3968-8273-11c0f2918243","name":"Cyanide","flowType":"ELEMENTARY_FLOW"},"unit":{"@type":"Unit","@id":"20aadc24-a391-41cf-b340-3e4529f44bde","name":"kg"},"flowProperty":{"@type":"FlowProperty","@id":"93a60a56-a3c8-11da-a746-0800200b9a66","name":"Mass"}},{"@type":"Exchange","avoidedProduct":false,"input":false,"amount":7.4295E-10,"internalId":100,"flow":{"@type":"Flow","@id":"28ed9d12-e522-3bfb-b74b-f5d68aa23254","name":"4-Methyl-2-pentanone","flowType":"ELEMENTARY_FLOW"},"unit":{"@type":"Unit","@id":"20aadc24-a391-41cf-b340-3e4529f44bde","name":"kg"},"flowProperty":{"@type":"FlowProperty","@id":"93a60a56-a3c8-11da-a746-0800200b9a66","name":"Mass"}},{"@type":"Exchange","avoidedProduct":false,"input":false,"amount":3.3008E-9,"internalId":182,"flow":{"@type":"Flow","@id":"1a1e28d7-6444-30e8-b792-e1e23089c058","name":"Mercury","flowType":"ELEMENTARY_FLOW"},"unit":{"@type":"Unit","@id":"20aadc24-a391-41cf-b340-3e4529f44bde","name":"kg"},"flowProperty":{"@type":"FlowProperty","@id":"93a60a56-a3c8-11da-a746-0800200b9a66","name":"Mass"}},{"@type":"Exchange","avoidedProduct":false,"input":false,"amount":7.0841E-12,"internalId":60,"flow":{"@type":"Flow","@id":"55d397ed-1326-3239-bf9b-c6644f59275a","name":"Methane, monochloro-, R-40","flowType":"ELEMENTARY_FLOW"},"unit":{"@type":"Unit","@id":"20aadc24-a391-41cf-b340-3e4529f44bde","name":"kg"},"flowProperty":{"@type":"FlowProperty","@id":"93a60a56-a3c8-11da-a746-0800200b9a66","name":"Mass"}},{"@type":"Exchange","avoidedProduct":false,"input":false,"amount":1.5051E-4,"internalId":93,"flow":{"@type":"Flow","@id":"4db739d9-a558-3e67-84b3-8d6cf0edafc3","name":"Lithium, ion","flowType":"ELEMENTARY_FLOW"},"unit":{"@type":"Unit","@id":"20aadc24-a391-41cf-b340-3e4529f44bde","name":"kg"},"flowProperty":{"@type":"FlowProperty","@id":"93a60a56-a3c8-11da-a746-0800200b9a66","name":"Mass"}},{"@type":"Exchange","avoidedProduct":false,"input":false,"amount":1.1051E-10,"internalId":113,"flow":{"@type":"Flow","@id":"66a50de2-82d3-3841-b595-02311544b582","name":"Methane, chlorotrifluoro-, CFC-13","flowType":"ELEMENTARY_FLOW"},"unit":{"@type":"Unit","@id":"20aadc24-a391-41cf-b340-3e4529f44bde","name":"kg"},"flowProperty":{"@type":"FlowProperty","@id":"93a60a56-a3c8-11da-a746-0800200b9a66","name":"Mass"}},{"@type":"Exchange","avoidedProduct":false,"input":false,"amount":7.9845E-4,"internalId":107,"flow":{"@type":"Flow","@id":"1827a862-ccac-37ac-9ad7-d2dffe71058c","name":"Nitrogen oxides ","flowType":"ELEMENTARY_FLOW"},"unit":{"@type":"Unit","@id":"20aadc24-a391-41cf-b340-3e4529f44bde","name":"kg"},"flowProperty":{"@type":"FlowProperty","@id":"93a60a56-a3c8-11da-a746-0800200b9a66","name":"Mass"}},{"@type":"Exchange","avoidedProduct":false,"input":false,"amount":3.1735E-5,"internalId":206,"flow":{"@type":"Flow","@id":"8f540c79-5d4c-3d31-82fd-42347bef721a","name":"Sulfate","flowType":"ELEMENTARY_FLOW"},"unit":{"@type":"Unit","@id":"20aadc24-a391-41cf-b340-3e4529f44bde","name":"kg"},"flowProperty":{"@type":"FlowProperty","@id":"93a60a56-a3c8-11da-a746-0800200b9a66","name":"Mass"}},{"@type":"Exchange","avoidedProduct":false,"input":false,"amount":1.4961E-4,"internalId":195,"flow":{"@type":"Flow","@id":"73d49c21-3419-3a99-98de-75152649f291","name":"Toluene","flowType":"ELEMENTARY_FLOW"},"unit":{"@type":"Unit","@id":"20aadc24-a391-41cf-b340-3e4529f44bde","name":"kg"},"flowProperty":{"@type":"FlowProperty","@id":"93a60a56-a3c8-11da-a746-0800200b9a66","name":"Mass"}},{"@type":"Exchange","avoidedProduct":false,"input":false,"amount":1.0026,"internalId":213,"flow":{"@type":"Flow","@id":"63af114b-afcb-3a82-801a-9c66208a673a","name":"Carbon dioxide, fossil ","flowType":"ELEMENTARY_FLOW"},"unit":{"@type":"Unit","@id":"20aadc24-a391-41cf-b340-3e4529f44bde","name":"kg"},"flowProperty":{"@type":"FlowProperty","@id":"93a60a56-a3c8-11da-a746-0800200b9a66","name":"Mass"}},{"@type":"Exchange","avoidedProduct":false,"input":false,"amount":4.41E-5,"internalId":205,"flow":{"@type":"Flow","@id":"e475fe8b-bdbb-39dd-a68e-b8c6173b5bf3","name":"Iron","flowType":"ELEMENTARY_FLOW"},"unit":{"@type":"Unit","@id":"20aadc24-a391-41cf-b340-3e4529f44bde","name":"kg"},"flowProperty":{"@type":"FlowProperty","@id":"93a60a56-a3c8-11da-a746-0800200b9a66","name":"Mass"}},{"@type":"Exchange","avoidedProduct":false,"input":false,"amount":3.971E-9,"internalId":73,"flow":{"@type":"Flow","@id":"218578bc-756c-3b08-a962-4e94034e2b70","name":"Naphthalene, 2-methyl-","flowType":"ELEMENTARY_FLOW"},"unit":{"@type":"Unit","@id":"20aadc24-a391-41cf-b340-3e4529f44bde","name":"kg"},"flowProperty":{"@type":"FlowProperty","@id":"93a60a56-a3c8-11da-a746-0800200b9a66","name":"Mass"}},{"@type":"Exchange","avoidedProduct":false,"input":false,"amount":5.8242E-8,"internalId":109,"flow":{"@type":"Flow","@id":"2d9b2782-3264-37bc-91c3-5d6de543512f","name":"Tin","flowType":"ELEMENTARY_FLOW"},"unit":{"@type":"Unit","@id":"20aadc24-a391-41cf-b340-3e4529f44bde","name":"kg"},"flowProperty":{"@type":"FlowProperty","@id":"93a60a56-a3c8-11da-a746-0800200b9a66","name":"Mass"}},{"@type":"Exchange","avoidedProduct":false,"input":false,"amount":8.2667E-9,"internalId":174,"flow":{"@type":"Flow","@id":"3060d691-b5a6-3641-9ad3-f5b0e7c8af27","name":"Cadmium","flowType":"ELEMENTARY_FLOW"},"unit":{"@type":"Unit","@id":"20aadc24-a391-41cf-b340-3e4529f44bde","name":"kg"},"flowProperty":{"@type":"FlowProperty","@id":"93a60a56-a3c8-11da-a746-0800200b9a66","name":"Mass"}},{"@type":"Exchange","avoidedProduct":false,"input":false,"amount":4.6709E-9,"internalId":115,"flow":{"@type":"Flow","@id":"f5f01495-a252-38d0-bf8e-815ebd08ddea","name":"Naphthalene","flowType":"ELEMENTARY_FLOW"},"unit":{"@type":"Unit","@id":"20aadc24-a391-41cf-b340-3e4529f44bde","name":"kg"},"flowProperty":{"@type":"FlowProperty","@id":"93a60a56-a3c8-11da-a746-0800200b9a66","name":"Mass"}},{"@type":"Exchange","avoidedProduct":false,"input":false,"amount":1.3928E-13,"internalId":85,"flow":{"@type":"Flow","@id":"927f6049-c89d-3bcb-a356-3451af4c668e","name":"Phenol","flowType":"ELEMENTARY_FLOW"},"unit":{"@type":"Unit","@id":"20aadc24-a391-41cf-b340-3e4529f44bde","name":"kg"},"flowProperty":{"@type":"FlowProperty","@id":"93a60a56-a3c8-11da-a746-0800200b9a66","name":"Mass"}},{"@type":"Exchange","avoidedProduct":false,"input":false,"amount":1.4705E-9,"internalId":103,"flow":{"@type":"Flow","@id":"cbf426db-ee70-335e-b994-b1e736762889","name":"Fluoride","flowType":"ELEMENTARY_FLOW"},"unit":{"@type":"Unit","@id":"20aadc24-a391-41cf-b340-3e4529f44bde","name":"kg"},"flowProperty":{"@type":"FlowProperty","@id":"93a60a56-a3c8-11da-a746-0800200b9a66","name":"Mass"}},{"@type":"Exchange","avoidedProduct":false,"input":false,"amount":2.0032E-11,"internalId":42,"flow":{"@type":"Flow","@id":"2873c4e7-53eb-3b22-a2e9-6d07e016e100","name":"Fluorene, 1-methyl-","flowType":"ELEMENTARY_FLOW"},"unit":{"@type":"Unit","@id":"20aadc24-a391-41cf-b340-3e4529f44bde","name":"kg"},"flowProperty":{"@type":"FlowProperty","@id":"93a60a56-a3c8-11da-a746-0800200b9a66","name":"Mass"}},{"@type":"Exchange","avoidedProduct":false,"input":true,"amount":0.0036578,"internalId":45,"flow":{"@type":"Flow","@id":"557b78a7-942c-31de-8200-ffee9871920e","name":"Coal, lignite, in ground","flowType":"ELEMENTARY_FLOW"},"unit":{"@type":"Unit","@id":"20aadc24-a391-41cf-b340-3e4529f44bde","name":"kg"},"flowProperty":{"@type":"FlowProperty","@id":"93a60a56-a3c8-11da-a746-0800200b9a66","name":"Mass"}},{"@type":"Exchange","avoidedProduct":false,"input":false,"amount":1.1336E-10,"internalId":167,"flow":{"@type":"Flow","@id":"597aa1ed-e1b7-3919-b21d-7f72aafde510","name":"Zinc","flowType":"ELEMENTARY_FLOW"},"unit":{"@type":"Unit","@id":"20aadc24-a391-41cf-b340-3e4529f44bde","name":"kg"},"flowProperty":{"@type":"FlowProperty","@id":"93a60a56-a3c8-11da-a746-0800200b9a66","name":"Mass"}},{"@type":"Exchange","avoidedProduct":false,"input":false,"amount":7.378E-9,"internalId":128,"flow":{"@type":"Flow","@id":"1a070fd7-b649-3193-9fc2-6ca401aab70b","name":"o-Cresol","flowType":"ELEMENTARY_FLOW"},"unit":{"@type":"Unit","@id":"20aadc24-a391-41cf-b340-3e4529f44bde","name":"kg"},"flowProperty":{"@type":"FlowProperty","@id":"93a60a56-a3c8-11da-a746-0800200b9a66","name":"Mass"}},{"@type":"Exchange","avoidedProduct":false,"input":false,"amount":5.681E-9,"internalId":196,"flow":{"@type":"Flow","@id":"f6fbb3f9-ee39-3d9d-b874-20841ac7d55f","name":"Cobalt","flowType":"ELEMENTARY_FLOW"},"unit":{"@type":"Unit","@id":"20aadc24-a391-41cf-b340-3e4529f44bde","name":"kg"},"flowProperty":{"@type":"FlowProperty","@id":"93a60a56-a3c8-11da-a746-0800200b9a66","name":"Mass"}},{"@type":"Exchange","avoidedProduct":false,"input":false,"amount":3.3079E-12,"internalId":47,"flow":{"@type":"Flow","@id":"b44c5153-6d36-3254-a893-1159d7871502","name":"Propanal","flowType":"ELEMENTARY_FLOW"},"unit":{"@type":"Unit","@id":"20aadc24-a391-41cf-b340-3e4529f44bde","name":"kg"},"flowProperty":{"@type":"FlowProperty","@id":"93a60a56-a3c8-11da-a746-0800200b9a66","name":"Mass"}},{"@type":"Exchange","avoidedProduct":false,"input":false,"amount":3.482E-13,"internalId":203,"flow":{"@type":"Flow","@id":"5bb354bf-64b1-397b-b2eb-5e3853749926","name":"Ethane, 1,2-dichloro-","flowType":"ELEMENTARY_FLOW"},"unit":{"@type":"Unit","@id":"20aadc24-a391-41cf-b340-3e4529f44bde","name":"kg"},"flowProperty":{"@type":"FlowProperty","@id":"93a60a56-a3c8-11da-a746-0800200b9a66","name":"Mass"}},{"@type":"Exchange","avoidedProduct":false,"input":false,"amount":1.3965E-5,"internalId":46,"flow":{"@type":"Flow","@id":"3f1a6be6-0400-3638-ab4a-ffe9fa11d1ab","name":"Strontium","flowType":"ELEMENTARY_FLOW"},"unit":{"@type":"Unit","@id":"20aadc24-a391-41cf-b340-3e4529f44bde","name":"kg"},"flowProperty":{"@type":"FlowProperty","@id":"93a60a56-a3c8-11da-a746-0800200b9a66","name":"Mass"}},{"@type":"Exchange","avoidedProduct":false,"input":false,"amount":1.2417E-7,"internalId":80,"flow":{"@type":"Flow","@id":"a0372906-7f36-3295-b092-ecef58b7d23f","name":"Surfactants, unspecified","flowType":"ELEMENTARY_FLOW"},"unit":{"@type":"Unit","@id":"20aadc24-a391-41cf-b340-3e4529f44bde","name":"kg"},"flowProperty":{"@type":"FlowProperty","@id":"93a60a56-a3c8-11da-a746-0800200b9a66","name":"Mass"}},{"@type":"Exchange","avoidedProduct":false,"input":false,"amount":1.412E-8,"internalId":21,"flow":{"@type":"Flow","@id":"e3b7cf63-388d-3647-8750-e5ce42f7b53d","name":"Dodecane","flowType":"ELEMENTARY_FLOW"},"unit":{"@type":"Unit","@id":"20aadc24-a391-41cf-b340-3e4529f44bde","name":"kg"},"flowProperty":{"@type":"FlowProperty","@id":"93a60a56-a3c8-11da-a746-0800200b9a66","name":"Mass"}},{"@type":"Exchange","avoidedProduct":false,"input":false,"amount":3.395E-12,"internalId":159,"flow":{"@type":"Flow","@id":"02519f4d-6743-3cdb-bc0e-4655d0841a8e","name":"Methyl ethyl ketone","flowType":"ELEMENTARY_FLOW"},"unit":{"@type":"Unit","@id":"20aadc24-a391-41cf-b340-3e4529f44bde","name":"kg"},"flowProperty":{"@type":"FlowProperty","@id":"93a60a56-a3c8-11da-a746-0800200b9a66","name":"Mass"}},{"@type":"Exchange","avoidedProduct":false,"input":false,"amount":4.6629E-6,"internalId":104,"flow":{"@type":"Flow","@id":"39587969-515b-3599-a403-78c461a936eb","name":"Oils, unspecified","flowType":"ELEMENTARY_FLOW"},"unit":{"@type":"Unit","@id":"20aadc24-a391-41cf-b340-3e4529f44bde","name":"kg"},"flowProperty":{"@type":"FlowProperty","@id":"93a60a56-a3c8-11da-a746-0800200b9a66","name":"Mass"}},{"@type":"Exchange","avoidedProduct":false,"input":false,"amount":1.3058E-13,"internalId":108,"flow":{"@type":"Flow","@id":"fc8ca3f8-0ab7-3a46-9183-9577c6c5f9b4","name":"Acetophenone","flowType":"ELEMENTARY_FLOW"},"unit":{"@type":"Unit","@id":"20aadc24-a391-41cf-b340-3e4529f44bde","name":"kg"},"flowProperty":{"@type":"FlowProperty","@id":"93a60a56-a3c8-11da-a746-0800200b9a66","name":"Mass"}},{"@type":"Exchange","avoidedProduct":false,"input":false,"amount":5.5175E-5,"internalId":92,"flow":{"@type":"Flow","@id":"ae4dd6ba-67a2-3884-b7ce-2f5b38c0571a","name":"Particulates, \u003c 10 um ","flowType":"ELEMENTARY_FLOW"},"unit":{"@type":"Unit","@id":"20aadc24-a391-41cf-b340-3e4529f44bde","name":"kg"},"flowProperty":{"@type":"FlowProperty","@id":"93a60a56-a3c8-11da-a746-0800200b9a66","name":"Mass"}},{"@type":"Exchange","avoidedProduct":false,"input":false,"amount":1.4799E-12,"internalId":212,"flow":{"@type":"Flow","@id":"989fc728-cef9-3c1a-be55-7867ddf882a8","name":"Hydrazine, methyl-","flowType":"ELEMENTARY_FLOW"},"unit":{"@type":"Unit","@id":"20aadc24-a391-41cf-b340-3e4529f44bde","name":"kg"},"flowProperty":{"@type":"FlowProperty","@id":"93a60a56-a3c8-11da-a746-0800200b9a66","name":"Mass"}},{"@type":"Exchange","avoidedProduct":false,"input":false,"amount":1.3255E-6,"internalId":30,"flow":{"@type":"Flow","@id":"444176fb-329e-3745-91e5-e2aefd718b28","name":"Radionuclides (Including Radon)","flowType":"ELEMENTARY_FLOW"},"unit":{"@type":"Unit","@id":"20aadc24-a391-41cf-b340-3e4529f44bde","name":"kg"},"flowProperty":{"@type":"FlowProperty","@id":"93a60a56-a3c8-11da-a746-0800200b9a66","name":"Mass"}},{"@type":"Exchange","avoidedProduct":false,"input":false,"amount":3.0561E-6,"internalId":68,"flow":{"@type":"Flow","@id":"441e7e96-6101-3856-ac4f-8f74c8005ba9","name":"Particulates, \u003e 2.5 um, and \u003c 10um","flowType":"ELEMENTARY_FLOW"},"unit":{"@type":"Unit","@id":"20aadc24-a391-41cf-b340-3e4529f44bde","name":"kg"},"flowProperty":{"@type":"FlowProperty","@id":"93a60a56-a3c8-11da-a746-0800200b9a66","name":"Mass"}},{"@type":"Exchange","avoidedProduct":false,"input":false,"amount":6.3547E-13,"internalId":145,"flow":{"@type":"Flow","@id":"0ae5691f-9565-37eb-880a-d64b7f7c0cc7","name":"Phthalate, dioctyl-","flowType":"ELEMENTARY_FLOW"},"unit":{"@type":"Unit","@id":"20aadc24-a391-41cf-b340-3e4529f44bde","name":"kg"},"flowProperty":{"@type":"FlowProperty","@id":"93a60a56-a3c8-11da-a746-0800200b9a66","name":"Mass"}},{"@type":"Exchange","avoidedProduct":false,"input":false,"amount":1.2898E-9,"internalId":133,"flow":{"@type":"Flow","@id":"fcad40b6-e7f5-392d-add7-e05e4c05a60a","name":"Fluorene","flowType":"ELEMENTARY_FLOW"},"unit":{"@type":"Unit","@id":"20aadc24-a391-41cf-b340-3e4529f44bde","name":"kg"},"flowProperty":{"@type":"FlowProperty","@id":"93a60a56-a3c8-11da-a746-0800200b9a66","name":"Mass"}},{"@type":"Exchange","avoidedProduct":false,"input":false,"amount":6.6159E-14,"internalId":124,"flow":{"@type":"Flow","@id":"5ca5b9b8-5c4f-3596-9bab-6cc9e3c6cf1a","name":"Vinyl acetate","flowType":"ELEMENTARY_FLOW"},"unit":{"@type":"Unit","@id":"20aadc24-a391-41cf-b340-3e4529f44bde","name":"kg"},"flowProperty":{"@type":"FlowProperty","@id":"93a60a56-a3c8-11da-a746-0800200b9a66","name":"Mass"}},{"@type":"Exchange","avoidedProduct":false,"input":false,"amount":5.8869E-12,"internalId":183,"flow":{"@type":"Flow","@id":"ef420826-7def-3af7-af29-b28b56ee845f","name":"Pyrene","flowType":"ELEMENTARY_FLOW"},"unit":{"@type":"Unit","@id":"20aadc24-a391-41cf-b340-3e4529f44bde","name":"kg"},"flowProperty":{"@type":"FlowProperty","@id":"93a60a56-a3c8-11da-a746-0800200b9a66","name":"Mass"}},{"@type":"Exchange","avoidedProduct":false,"input":false,"amount":1.7452E-9,"internalId":175,"flow":{"@type":"Flow","@id":"1fc7cc6f-2aa9-3e77-b20a-592e14f148c2","name":"Mercaptans, unspecified","flowType":"ELEMENTARY_FLOW"},"unit":{"@type":"Unit","@id":"20aadc24-a391-41cf-b340-3e4529f44bde","name":"kg"},"flowProperty":{"@type":"FlowProperty","@id":"93a60a56-a3c8-11da-a746-0800200b9a66","name":"Mass"}},{"@type":"Exchange","avoidedProduct":false,"input":false,"amount":2.7585E-9,"internalId":118,"flow":{"@type":"Flow","@id":"382c434b-4131-3cb7-8c90-c3afc262ac23","name":"Fluorenes, alkylated, unspecified","flowType":"ELEMENTARY_FLOW"},"unit":{"@type":"Unit","@id":"20aadc24-a391-41cf-b340-3e4529f44bde","name":"kg"},"flowProperty":{"@type":"FlowProperty","@id":"93a60a56-a3c8-11da-a746-0800200b9a66","name":"Mass"}},{"@type":"Exchange","avoidedProduct":false,"input":false,"amount":8.8022E-9,"internalId":168,"flow":{"@type":"Flow","@id":"3c5d727a-673d-334c-9018-3aa68edad2f5","name":"Acetaldehyde","flowType":"ELEMENTARY_FLOW"},"unit":{"@type":"Unit","@id":"20aadc24-a391-41cf-b340-3e4529f44bde","name":"kg"},"flowProperty":{"@type":"FlowProperty","@id":"93a60a56-a3c8-11da-a746-0800200b9a66","name":"Mass"}},{"@type":"Exchange","avoidedProduct":false,"input":false,"amount":1.4105E-8,"internalId":44,"flow":{"@type":"Flow","@id":"eb8fa4b7-47d8-3603-acda-f41a4ec76770","name":"Antimony","flowType":"ELEMENTARY_FLOW"},"unit":{"@type":"Unit","@id":"20aadc24-a391-41cf-b340-3e4529f44bde","name":"kg"},"flowProperty":{"@type":"FlowProperty","@id":"93a60a56-a3c8-11da-a746-0800200b9a66","name":"Mass"}},{"@type":"Exchange","avoidedProduct":false,"input":false,"amount":1.3928E-12,"internalId":55,"flow":{"@type":"Flow","@id":"f3ecfc81-3d4c-3f02-ba6e-eead8c1aa3c7","name":"Methane, bromo-, Halon 1001","flowType":"ELEMENTARY_FLOW"},"unit":{"@type":"Unit","@id":"20aadc24-a391-41cf-b340-3e4529f44bde","name":"kg"},"flowProperty":{"@type":"FlowProperty","@id":"93a60a56-a3c8-11da-a746-0800200b9a66","name":"Mass"}},{"@type":"Exchange","avoidedProduct":false,"input":false,"amount":3.0201E-5,"internalId":170,"flow":{"@type":"Flow","@id":"66858f3e-29ef-3d70-98cc-7860ec71f647","name":"Bromide","flowType":"ELEMENTARY_FLOW"},"unit":{"@type":"Unit","@id":"20aadc24-a391-41cf-b340-3e4529f44bde","name":"kg"},"flowProperty":{"@type":"FlowProperty","@id":"93a60a56-a3c8-11da-a746-0800200b9a66","name":"Mass"}},{"@type":"Exchange","avoidedProduct":false,"input":false,"amount":2.4714E-5,"internalId":36,"flow":{"@type":"Flow","@id":"16a0fc94-eaec-315c-9f2f-328d8833dcad","name":"BOD5, Biological Oxygen Demand","flowType":"ELEMENTARY_FLOW"},"unit":{"@type":"Unit","@id":"20aadc24-a391-41cf-b340-3e4529f44bde","name":"kg"},"flowProperty":{"@type":"FlowProperty","@id":"93a60a56-a3c8-11da-a746-0800200b9a66","name":"Mass"}},{"@type":"Exchange","avoidedProduct":false,"input":false,"amount":3.3135E-10,"internalId":198,"flow":{"@type":"Flow","@id":"c699151a-d569-3534-8ac8-36d6c0615820","name":"Antimony","flowType":"ELEMENTARY_FLOW"},"unit":{"@type":"Unit","@id":"20aadc24-a391-41cf-b340-3e4529f44bde","name":"kg"},"flowProperty":{"@type":"FlowProperty","@id":"93a60a56-a3c8-11da-a746-0800200b9a66","name":"Mass"}},{"@type":"Exchange","avoidedProduct":false,"input":false,"amount":2.8564E-7,"internalId":188,"flow":{"@type":"Flow","@id":"82fad29c-841d-3081-a092-25a3417f7651","name":"Hydrocarbons, unspecified","flowType":"ELEMENTARY_FLOW"},"unit":{"@type":"Unit","@id":"20aadc24-a391-41cf-b340-3e4529f44bde","name":"kg"},"flowProperty":{"@type":"FlowProperty","@id":"93a60a56-a3c8-11da-a746-0800200b9a66","name":"Mass"}},{"@type":"Exchange","avoidedProduct":false,"input":false,"amount":3.01E-9,"internalId":204,"flow":{"@type":"Flow","@id":"6dd6d910-2219-3203-a25f-6630ce2ce2a7","name":"Beryllium","flowType":"ELEMENTARY_FLOW"},"unit":{"@type":"Unit","@id":"20aadc24-a391-41cf-b340-3e4529f44bde","name":"kg"},"flowProperty":{"@type":"FlowProperty","@id":"93a60a56-a3c8-11da-a746-0800200b9a66","name":"Mass"}},{"@type":"Exchange","avoidedProduct":false,"input":false,"amount":5.0908E-4,"internalId":25,"flow":{"@type":"Flow","@id":"8f6e6949-f569-3d05-abe1-de3608895d47","name":"Carbon monoxide, fossil ","flowType":"ELEMENTARY_FLOW"},"unit":{"@type":"Unit","@id":"20aadc24-a391-41cf-b340-3e4529f44bde","name":"kg"},"flowProperty":{"@type":"FlowProperty","@id":"93a60a56-a3c8-11da-a746-0800200b9a66","name":"Mass"}},{"@type":"Exchange","avoidedProduct":false,"input":false,"amount":9.0978E-12,"internalId":19,"flow":{"@type":"Flow","@id":"11bddf47-5536-35b4-a86e-d1b166631ae5","name":"Acenaphthene","flowType":"ELEMENTARY_FLOW"},"unit":{"@type":"Unit","@id":"20aadc24-a391-41cf-b340-3e4529f44bde","name":"kg"},"flowProperty":{"@type":"FlowProperty","@id":"93a60a56-a3c8-11da-a746-0800200b9a66","name":"Mass"}},{"@type":"Exchange","avoidedProduct":false,"input":false,"amount":9.5441E-10,"internalId":154,"flow":{"@type":"Flow","@id":"94b59522-e080-3971-a363-f5a5d4b271df","name":"Sulfide","flowType":"ELEMENTARY_FLOW"},"unit":{"@type":"Unit","@id":"20aadc24-a391-41cf-b340-3e4529f44bde","name":"kg"},"flowProperty":{"@type":"FlowProperty","@id":"93a60a56-a3c8-11da-a746-0800200b9a66","name":"Mass"}},{"@type":"Exchange","avoidedProduct":false,"input":false,"amount":6.7789E-13,"internalId":123,"flow":{"@type":"Flow","@id":"fa363494-7f03-3b85-96c8-4b9dc50adc40","name":"Benzo(a)pyrene","flowType":"ELEMENTARY_FLOW"},"unit":{"@type":"Unit","@id":"20aadc24-a391-41cf-b340-3e4529f44bde","name":"kg"},"flowProperty":{"@type":"FlowProperty","@id":"93a60a56-a3c8-11da-a746-0800200b9a66","name":"Mass"}},{"@type":"Exchange","avoidedProduct":false,"input":false,"amount":7.8E-10,"internalId":87,"flow":{"@type":"Flow","@id":"29212dbf-5c92-3200-aebd-52f80075b202","name":"Naphthalenes, alkylated, unspecified","flowType":"ELEMENTARY_FLOW"},"unit":{"@type":"Unit","@id":"20aadc24-a391-41cf-b340-3e4529f44bde","name":"kg"},"flowProperty":{"@type":"FlowProperty","@id":"93a60a56-a3c8-11da-a746-0800200b9a66","name":"Mass"}},{"@type":"Exchange","avoidedProduct":false,"input":false,"amount":6.0936E-12,"internalId":58,"flow":{"@type":"Flow","@id":"e788d9df-3d25-330c-b939-1221f2807a73","name":"Benzyl chloride","flowType":"ELEMENTARY_FLOW"},"unit":{"@type":"Unit","@id":"20aadc24-a391-41cf-b340-3e4529f44bde","name":"kg"},"flowProperty":{"@type":"FlowProperty","@id":"93a60a56-a3c8-11da-a746-0800200b9a66","name":"Mass"}},{"@type":"Exchange","avoidedProduct":false,"input":false,"amount":1.721E-7,"internalId":99,"flow":{"@type":"Flow","@id":"836ad619-f5d6-30d5-a7c3-5b7a798064f7","name":"Fluoride","flowType":"ELEMENTARY_FLOW"},"unit":{"@type":"Unit","@id":"20aadc24-a391-41cf-b340-3e4529f44bde","name":"kg"},"flowProperty":{"@type":"FlowProperty","@id":"93a60a56-a3c8-11da-a746-0800200b9a66","name":"Mass"}},{"@type":"Exchange","avoidedProduct":false,"input":false,"amount":1.9886E-14,"internalId":153,"flow":{"@type":"Flow","@id":"6ad5b5fd-6792-31d6-a0af-bd9fef54361f","name":"Dioxins, measured as 2,3,7,8-tetrachlorodibenzo-p-dioxin","flowType":"ELEMENTARY_FLOW"},"unit":{"@type":"Unit","@id":"20aadc24-a391-41cf-b340-3e4529f44bde","name":"kg"},"flowProperty":{"@type":"FlowProperty","@id":"93a60a56-a3c8-11da-a746-0800200b9a66","name":"Mass"}},{"@type":"Exchange","avoidedProduct":false,"input":false,"amount":5.3414E-5,"internalId":2,"flow":{"@type":"Flow","@id":"e10319a4-662e-3d3a-b3dc-03bbbca0e66f","name":"Particulates, \u003c 2.5 um ","flowType":"ELEMENTARY_FLOW"},"unit":{"@type":"Unit","@id":"20aadc24-a391-41cf-b340-3e4529f44bde","name":"kg"},"flowProperty":{"@type":"FlowProperty","@id":"93a60a56-a3c8-11da-a746-0800200b9a66","name":"Mass"}},{"@type":"Exchange","avoidedProduct":false,"input":false,"amount":1.9623E-12,"internalId":176,"flow":{"@type":"Flow","@id":"3a5999bf-e8e4-371d-a3b3-07196be42e01","name":"Benzo(b,j,k)fluoranthene","flowType":"ELEMENTARY_FLOW"},"unit":{"@type":"Unit","@id":"20aadc24-a391-41cf-b340-3e4529f44bde","name":"kg"},"flowProperty":{"@type":"FlowProperty","@id":"93a60a56-a3c8-11da-a746-0800200b9a66","name":"Mass"}},{"@type":"Exchange","avoidedProduct":false,"input":false,"amount":4.7655E-5,"internalId":71,"flow":{"@type":"Flow","@id":"3398b3ee-0652-3778-a374-804cd0d7b6a6","name":"Sulfur oxides","flowType":"ELEMENTARY_FLOW"},"unit":{"@type":"Unit","@id":"20aadc24-a391-41cf-b340-3e4529f44bde","name":"kg"},"flowProperty":{"@type":"FlowProperty","@id":"93a60a56-a3c8-11da-a746-0800200b9a66","name":"Mass"}},{"@type":"Exchange","avoidedProduct":false,"input":false,"amount":3.0744E-9,"internalId":189,"flow":{"@type":"Flow","@id":"e0d4e7fa-637f-3a85-8419-341f0b632d26","name":"Thallium","flowType":"ELEMENTARY_FLOW"},"unit":{"@type":"Unit","@id":"20aadc24-a391-41cf-b340-3e4529f44bde","name":"kg"},"flowProperty":{"@type":"FlowProperty","@id":"93a60a56-a3c8-11da-a746-0800200b9a66","name":"Mass"}},{"@type":"Exchange","avoidedProduct":false,"input":false,"amount":1.5256E-9,"internalId":172,"flow":{"@type":"Flow","@id":"c99b594a-70e7-3b22-9fcb-bcfdefa2411c","name":"Phenol","flowType":"ELEMENTARY_FLOW"},"unit":{"@type":"Unit","@id":"20aadc24-a391-41cf-b340-3e4529f44bde","name":"kg"},"flowProperty":{"@type":"FlowProperty","@id":"93a60a56-a3c8-11da-a746-0800200b9a66","name":"Mass"}},{"@type":"Exchange","avoidedProduct":false,"input":false,"amount":3.6561E-13,"internalId":11,"flow":{"@type":"Flow","@id":"d1d3e24a-d2c7-36e2-8392-bee2bcd1080a","name":"Ethane, chloro-","flowType":"ELEMENTARY_FLOW"},"unit":{"@type":"Unit","@id":"20aadc24-a391-41cf-b340-3e4529f44bde","name":"kg"},"flowProperty":{"@type":"FlowProperty","@id":"93a60a56-a3c8-11da-a746-0800200b9a66","name":"Mass"}},{"@type":"Exchange","avoidedProduct":false,"input":false,"amount":1.4083E-8,"internalId":125,"flow":{"@type":"Flow","@id":"c643d09b-c28b-3703-b6a3-c90bfe087475","name":"Chromium","flowType":"ELEMENTARY_FLOW"},"unit":{"@type":"Unit","@id":"20aadc24-a391-41cf-b340-3e4529f44bde","name":"kg"},"flowProperty":{"@type":"FlowProperty","@id":"93a60a56-a3c8-11da-a746-0800200b9a66","name":"Mass"}},{"@type":"Exchange","avoidedProduct":false,"input":false,"amount":1.741E-13,"internalId":59,"flow":{"@type":"Flow","@id":"c4a5c5a9-81c3-3d8f-a63e-69bfbe857e66","name":"Ethane, 1,1,1-trichloro-, HCFC-140","flowType":"ELEMENTARY_FLOW"},"unit":{"@type":"Unit","@id":"20aadc24-a391-41cf-b340-3e4529f44bde","name":"kg"},"flowProperty":{"@type":"FlowProperty","@id":"93a60a56-a3c8-11da-a746-0800200b9a66","name":"Mass"}},{"@type":"Exchange","avoidedProduct":false,"input":false,"amount":4.5393E-9,"internalId":202,"flow":{"@type":"Flow","@id":"3249ff13-4bf2-3f84-857d-67cd0cc92bc2","name":"Naphthalene","flowType":"ELEMENTARY_FLOW"},"unit":{"@type":"Unit","@id":"20aadc24-a391-41cf-b340-3e4529f44bde","name":"kg"},"flowProperty":{"@type":"FlowProperty","@id":"93a60a56-a3c8-11da-a746-0800200b9a66","name":"Mass"}},{"@type":"Exchange","avoidedProduct":false,"input":false,"amount":3.1228E-4,"internalId":163,"flow":{"@type":"Flow","@id":"df1d0d1c-64b4-3ca7-9edb-970676393c7f","name":"Barium","flowType":"ELEMENTARY_FLOW"},"unit":{"@type":"Unit","@id":"20aadc24-a391-41cf-b340-3e4529f44bde","name":"kg"},"flowProperty":{"@type":"FlowProperty","@id":"93a60a56-a3c8-11da-a746-0800200b9a66","name":"Mass"}},{"@type":"Exchange","avoidedProduct":false,"input":false,"amount":0.0014366,"internalId":197,"flow":{"@type":"Flow","@id":"93ebc557-2901-3beb-9d3a-e57f66ec252b","name":"Sodium, ion","flowType":"ELEMENTARY_FLOW"},"unit":{"@type":"Unit","@id":"20aadc24-a391-41cf-b340-3e4529f44bde","name":"kg"},"flowProperty":{"@type":"FlowProperty","@id":"93a60a56-a3c8-11da-a746-0800200b9a66","name":"Mass"}},{"@type":"Exchange","avoidedProduct":false,"input":false,"amount":0.0062796,"internalId":117,"flow":{"@type":"Flow","@id":"a3ed03de-f771-3946-94f3-a02a10d4ca74","name":"Dissolved solids","flowType":"ELEMENTARY_FLOW"},"unit":{"@type":"Unit","@id":"20aadc24-a391-41cf-b340-3e4529f44bde","name":"kg"},"flowProperty":{"@type":"FlowProperty","@id":"93a60a56-a3c8-11da-a746-0800200b9a66","name":"Mass"}},{"@type":"Exchange","avoidedProduct":false,"input":false,"amount":4.8166E-11,"internalId":54,"flow":{"@type":"Flow","@id":"914af894-d203-3f8c-825c-66fa421b5332","name":"Phenanthrene","flowType":"ELEMENTARY_FLOW"},"unit":{"@type":"Unit","@id":"20aadc24-a391-41cf-b340-3e4529f44bde","name":"kg"},"flowProperty":{"@type":"FlowProperty","@id":"93a60a56-a3c8-11da-a746-0800200b9a66","name":"Mass"}},{"@type":"Exchange","avoidedProduct":false,"input":true,"amount":7.8997E-5,"internalId":146,"flow":{"@type":"Flow","@id":"51a4da6b-5596-376c-bc99-2aef486353ee","name":"Energy, solar","flowType":"ELEMENTARY_FLOW"},"unit":{"@type":"Unit","@id":"52765a6c-3896-43c2-b2f4-c679acf13efe","name":"MJ"},"flowProperty":{"@type":"FlowProperty","@id":"f6811440-ee37-11de-8a39-0800200c9a66","name":"Energy"}},{"@type":"Exchange","avoidedProduct":false,"input":false,"amount":2.7783E-9,"internalId":140,"flow":{"@type":"Flow","@id":"89e3d707-c058-3566-a47b-c480679ea6bd","name":"o-Xylene","flowType":"ELEMENTARY_FLOW"},"unit":{"@type":"Unit","@id":"20aadc24-a391-41cf-b340-3e4529f44bde","name":"kg"},"flowProperty":{"@type":"FlowProperty","@id":"93a60a56-a3c8-11da-a746-0800200b9a66","name":"Mass"}},{"@type":"Exchange","avoidedProduct":false,"input":false,"amount":2.6648E-17,"internalId":6,"flow":{"@type":"Flow","@id":"56dda061-eb7b-3b15-815c-5298cba73949","name":"Lead-210/kg","flowType":"ELEMENTARY_FLOW"},"unit":{"@type":"Unit","@id":"20aadc24-a391-41cf-b340-3e4529f44bde","name":"kg"},"flowProperty":{"@type":"FlowProperty","@id":"93a60a56-a3c8-11da-a746-0800200b9a66","name":"Mass"}},{"@type":"Exchange","avoidedProduct":false,"input":false,"amount":2.16E-11,"internalId":139,"flow":{"@type":"Flow","@id":"756b14c9-02cc-3903-817e-a6763a830a63","name":"Ethylene dibromide","flowType":"ELEMENTARY_FLOW"},"unit":{"@type":"Unit","@id":"20aadc24-a391-41cf-b340-3e4529f44bde","name":"kg"},"flowProperty":{"@type":"FlowProperty","@id":"93a60a56-a3c8-11da-a746-0800200b9a66","name":"Mass"}},{"@type":"Exchange","avoidedProduct":false,"input":false,"amount":1.2666E-11,"internalId":91,"flow":{"@type":"Flow","@id":"104bb1c7-4fcb-3282-8ff8-18645e3b199c","name":"Fluoranthene","flowType":"ELEMENTARY_FLOW"},"unit":{"@type":"Unit","@id":"20aadc24-a391-41cf-b340-3e4529f44bde","name":"kg"},"flowProperty":{"@type":"FlowProperty","@id":"93a60a56-a3c8-11da-a746-0800200b9a66","name":"Mass"}},{"@type":"Exchange","avoidedProduct":false,"input":false,"amount":1.8071E-9,"internalId":137,"flow":{"@type":"Flow","@id":"e22eb6cb-aa35-3ef1-8b0f-a3685281ebd0","name":"Acetone","flowType":"ELEMENTARY_FLOW"},"unit":{"@type":"Unit","@id":"20aadc24-a391-41cf-b340-3e4529f44bde","name":"kg"},"flowProperty":{"@type":"FlowProperty","@id":"93a60a56-a3c8-11da-a746-0800200b9a66","name":"Mass"}},{"@type":"Exchange","avoidedProduct":false,"input":false,"amount":5.136E-13,"internalId":10,"flow":{"@type":"Flow","@id":"25493146-8ce5-3efd-874b-a0e339330b2a","name":"Chloroform","flowType":"ELEMENTARY_FLOW"},"unit":{"@type":"Unit","@id":"20aadc24-a391-41cf-b340-3e4529f44bde","name":"kg"},"flowProperty":{"@type":"FlowProperty","@id":"93a60a56-a3c8-11da-a746-0800200b9a66","name":"Mass"}},{"@type":"Exchange","avoidedProduct":false,"input":false,"amount":4.1784E-13,"internalId":29,"flow":{"@type":"Flow","@id":"66fa7698-562c-3444-b493-058c71d92a79","name":"Sulfuric acid, dimethyl ester","flowType":"ELEMENTARY_FLOW"},"unit":{"@type":"Unit","@id":"20aadc24-a391-41cf-b340-3e4529f44bde","name":"kg"},"flowProperty":{"@type":"FlowProperty","@id":"93a60a56-a3c8-11da-a746-0800200b9a66","name":"Mass"}},{"@type":"Exchange","avoidedProduct":false,"input":false,"amount":2.3702E-8,"internalId":41,"flow":{"@type":"Flow","@id":"49f1d021-a8ef-3b5f-9f5b-343133a9debe","name":"Kerosene","flowType":"ELEMENTARY_FLOW"},"unit":{"@type":"Unit","@id":"20aadc24-a391-41cf-b340-3e4529f44bde","name":"kg"},"flowProperty":{"@type":"FlowProperty","@id":"93a60a56-a3c8-11da-a746-0800200b9a66","name":"Mass"}},{"@type":"Exchange","avoidedProduct":false,"input":false,"amount":2.6993E-10,"internalId":79,"flow":{"@type":"Flow","@id":"984bef7c-3a39-337f-8383-93457f65d597","name":"Mercury","flowType":"ELEMENTARY_FLOW"},"unit":{"@type":"Unit","@id":"20aadc24-a391-41cf-b340-3e4529f44bde","name":"kg"},"flowProperty":{"@type":"FlowProperty","@id":"93a60a56-a3c8-11da-a746-0800200b9a66","name":"Mass"}},{"@type":"Exchange","avoidedProduct":false,"input":false,"amount":4.4304E-8,"internalId":181,"flow":{"@type":"Flow","@id":"33f4a26e-9b49-3487-a296-b32ebb25be8f","name":"Nickel","flowType":"ELEMENTARY_FLOW"},"unit":{"@type":"Unit","@id":"20aadc24-a391-41cf-b340-3e4529f44bde","name":"kg"},"flowProperty":{"@type":"FlowProperty","@id":"93a60a56-a3c8-11da-a746-0800200b9a66","name":"Mass"}},{"@type":"Exchange","avoidedProduct":false,"input":false,"amount":0.0011,"internalId":34,"flow":{"@type":"Flow","@id":"609069a0-462c-3a2e-b0a1-8f22cf9585d1","name":"Ammonia ","flowType":"ELEMENTARY_FLOW"},"unit":{"@type":"Unit","@id":"20aadc24-a391-41cf-b340-3e4529f44bde","name":"kg"},"flowProperty":{"@type":"FlowProperty","@id":"93a60a56-a3c8-11da-a746-0800200b9a66","name":"Mass"}},{"@type":"Exchange","avoidedProduct":false,"input":false,"amount":0.006346,"internalId":84,"flow":{"@type":"Flow","@id":"2b12e42f-cfca-3dc8-97cf-abe04f8dc67b","name":"Chloride","flowType":"ELEMENTARY_FLOW"},"unit":{"@type":"Unit","@id":"20aadc24-a391-41cf-b340-3e4529f44bde","name":"kg"},"flowProperty":{"@type":"FlowProperty","@id":"93a60a56-a3c8-11da-a746-0800200b9a66","name":"Mass"}},{"@type":"Exchange","avoidedProduct":false,"input":false,"amount":3.8248E-9,"internalId":143,"flow":{"@type":"Flow","@id":"c744b4a6-728e-3e7d-b9df-106ecdf0b7aa","name":"Octadecane","flowType":"ELEMENTARY_FLOW"},"unit":{"@type":"Unit","@id":"20aadc24-a391-41cf-b340-3e4529f44bde","name":"kg"},"flowProperty":{"@type":"FlowProperty","@id":"93a60a56-a3c8-11da-a746-0800200b9a66","name":"Mass"}},{"@type":"Exchange","avoidedProduct":false,"input":false,"amount":8.0567E-10,"internalId":186,"flow":{"@type":"Flow","@id":"a86e5507-1798-3356-9a6a-c087d0977654","name":"Ethene, tetrachloro-","flowType":"ELEMENTARY_FLOW"},"unit":{"@type":"Unit","@id":"20aadc24-a391-41cf-b340-3e4529f44bde","name":"kg"},"flowProperty":{"@type":"FlowProperty","@id":"93a60a56-a3c8-11da-a746-0800200b9a66","name":"Mass"}},{"@type":"Exchange","avoidedProduct":false,"input":false,"amount":1.1571E-8,"internalId":74,"flow":{"@type":"Flow","@id":"18166cf9-36ea-3daf-9190-d9a7e90451de","name":"Lead","flowType":"ELEMENTARY_FLOW"},"unit":{"@type":"Unit","@id":"20aadc24-a391-41cf-b340-3e4529f44bde","name":"kg"},"flowProperty":{"@type":"FlowProperty","@id":"93a60a56-a3c8-11da-a746-0800200b9a66","name":"Mass"}},{"@type":"Exchange","avoidedProduct":false,"input":false,"amount":2.4155E-7,"internalId":162,"flow":{"@type":"Flow","@id":"a1901307-75ac-3691-987d-7e2e9ff4ede8","name":"Toluene","flowType":"ELEMENTARY_FLOW"},"unit":{"@type":"Unit","@id":"20aadc24-a391-41cf-b340-3e4529f44bde","name":"kg"},"flowProperty":{"@type":"FlowProperty","@id":"93a60a56-a3c8-11da-a746-0800200b9a66","name":"Mass"}},{"@type":"Exchange","avoidedProduct":false,"input":false,"amount":7.0325E-12,"internalId":70,"flow":{"@type":"Flow","@id":"6996fb26-c610-3dbe-8739-20b8a01d77b3","name":"Methane, tetrachloro-, CFC-10","flowType":"ELEMENTARY_FLOW"},"unit":{"@type":"Unit","@id":"20aadc24-a391-41cf-b340-3e4529f44bde","name":"kg"},"flowProperty":{"@type":"FlowProperty","@id":"93a60a56-a3c8-11da-a746-0800200b9a66","name":"Mass"}},{"@type":"Exchange","avoidedProduct":false,"input":false,"amount":1.5437E-8,"internalId":20,"flow":{"@type":"Flow","@id":"710091cb-d225-38e4-b4f0-580746c4c26c","name":"Hexadecane","flowType":"ELEMENTARY_FLOW"},"unit":{"@type":"Unit","@id":"20aadc24-a391-41cf-b340-3e4529f44bde","name":"kg"},"flowProperty":{"@type":"FlowProperty","@id":"93a60a56-a3c8-11da-a746-0800200b9a66","name":"Mass"}},{"@type":"Exchange","avoidedProduct":false,"input":false,"amount":1.9623E-7,"internalId":200,"flow":{"@type":"Flow","@id":"789b2d1d-ed5f-383e-a86f-114b88cc06be","name":"Magnesium","flowType":"ELEMENTARY_FLOW"},"unit":{"@type":"Unit","@id":"20aadc24-a391-41cf-b340-3e4529f44bde","name":"kg"},"flowProperty":{"@type":"FlowProperty","@id":"93a60a56-a3c8-11da-a746-0800200b9a66","name":"Mass"}},{"@type":"Exchange","avoidedProduct":false,"input":false,"amount":4.1498E-9,"internalId":119,"flow":{"@type":"Flow","@id":"726d9288-bc45-3496-a824-86a4b3874fae","name":"Cobalt","flowType":"ELEMENTARY_FLOW"},"unit":{"@type":"Unit","@id":"20aadc24-a391-41cf-b340-3e4529f44bde","name":"kg"},"flowProperty":{"@type":"FlowProperty","@id":"93a60a56-a3c8-11da-a746-0800200b9a66","name":"Mass"}},{"@type":"Exchange","avoidedProduct":false,"input":false,"amount":1.6233E-11,"internalId":142,"flow":{"@type":"Flow","@id":"df99d8e9-e534-3df5-a247-ef24d0ae4fc4","name":"Fluorene","flowType":"ELEMENTARY_FLOW"},"unit":{"@type":"Unit","@id":"20aadc24-a391-41cf-b340-3e4529f44bde","name":"kg"},"flowProperty":{"@type":"FlowProperty","@id":"93a60a56-a3c8-11da-a746-0800200b9a66","name":"Mass"}},{"@type":"Exchange","avoidedProduct":false,"input":true,"amount":0.0029612,"description":"Franklin Associates uses a default as opposed to Egalitarian approach in collecting data for water use. During data collection, water use data were only requested and compiled in terms of \u0027evaporative\u0027 or consumptive use (i.e., ultimate withdraws, evaporation, or incorporation into the product). Data were not collected to determine reliable averages for non-evaporative water use. In other words, averages for water inputs and outputs are not available for this unit process.  Consumptive use includes: water incorporated into the product, water evaporated during the process, and/or water used and released to a body other than that from which it was drawn.","internalId":3,"flow":{"@type":"Flow","@id":"2a814eae-4ee4-38b6-a824-d9fbf90688e8","name":"Water, consumptive use, unspecified origin/m3","flowType":"ELEMENTARY_FLOW"},"unit":{"@type":"Unit","@id":"1c3a9695-398d-4b1f-b07e-a8715b610f70","name":"m3"},"flowProperty":{"@type":"FlowProperty","@id":"93a60a56-a3c8-22da-a746-0800200c9a66","name":"Volume"}},{"@type":"Exchange","avoidedProduct":false,"input":false,"amount":2.0562E-9,"internalId":121,"flow":{"@type":"Flow","@id":"af618eb6-3088-3ff2-94a5-8b84985438b8","name":"Phenols, unspecified","flowType":"ELEMENTARY_FLOW"},"unit":{"@type":"Unit","@id":"20aadc24-a391-41cf-b340-3e4529f44bde","name":"kg"},"flowProperty":{"@type":"FlowProperty","@id":"93a60a56-a3c8-11da-a746-0800200b9a66","name":"Mass"}},{"@type":"Exchange","avoidedProduct":false,"input":false,"amount":5.8324E-13,"internalId":148,"flow":{"@type":"Flow","@id":"ab9316f9-3389-362b-af1e-4c703da5b12e","name":"Hexane","flowType":"ELEMENTARY_FLOW"},"unit":{"@type":"Unit","@id":"20aadc24-a391-41cf-b340-3e4529f44bde","name":"kg"},"flowProperty":{"@type":"FlowProperty","@id":"93a60a56-a3c8-11da-a746-0800200b9a66","name":"Mass"}},{"@type":"Exchange","avoidedProduct":false,"input":false,"amount":2.4374E-15,"internalId":110,"flow":{"@type":"Flow","@id":"02e0b6d4-8708-3f0b-8dec-0173c9c9ae11","name":"Toluene, 2,4-dinitro-","flowType":"ELEMENTARY_FLOW"},"unit":{"@type":"Unit","@id":"20aadc24-a391-41cf-b340-3e4529f44bde","name":"kg"},"flowProperty":{"@type":"FlowProperty","@id":"93a60a56-a3c8-11da-a746-0800200b9a66","name":"Mass"}},{"@type":"Exchange","avoidedProduct":false,"input":true,"amount":0.0018811,"internalId":12,"flow":{"@type":"Flow","@id":"0c044a43-62f0-3a5e-97c6-f6c667e94081","name":"Energy, geothermal","flowType":"ELEMENTARY_FLOW"},"unit":{"@type":"Unit","@id":"52765a6c-3896-43c2-b2f4-c679acf13efe","name":"MJ"},"flowProperty":{"@type":"FlowProperty","@id":"f6811440-ee37-11de-8a39-0800200c9a66","name":"Energy"}},{"@type":"Exchange","avoidedProduct":false,"input":false,"amount":1.4168E-11,"internalId":98,"flow":{"@type":"Flow","@id":"86fb4f76-4ecc-3529-8eb0-b34b3fccd10b","name":"Methyl ethyl ketone","flowType":"ELEMENTARY_FLOW"},"unit":{"@type":"Unit","@id":"20aadc24-a391-41cf-b340-3e4529f44bde","name":"kg"},"flowProperty":{"@type":"FlowProperty","@id":"93a60a56-a3c8-11da-a746-0800200b9a66","name":"Mass"}},{"@type":"Exchange","avoidedProduct":false,"input":false,"amount":2.9593E-8,"internalId":17,"flow":{"@type":"Flow","@id":"52acd8aa-5e54-39d0-93de-56586dc830f2","name":"Propene","flowType":"ELEMENTARY_FLOW"},"unit":{"@type":"Unit","@id":"20aadc24-a391-41cf-b340-3e4529f44bde","name":"kg"},"flowProperty":{"@type":"FlowProperty","@id":"93a60a56-a3c8-11da-a746-0800200b9a66","name":"Mass"}},{"@type":"Exchange","avoidedProduct":false,"input":false,"amount":4.8166E-13,"internalId":136,"flow":{"@type":"Flow","@id":"2b16f422-4f39-321d-baa5-505a17a328c9","name":"Benzo(ghi)perylene","flowType":"ELEMENTARY_FLOW"},"unit":{"@type":"Unit","@id":"20aadc24-a391-41cf-b340-3e4529f44bde","name":"kg"},"flowProperty":{"@type":"FlowProperty","@id":"93a60a56-a3c8-11da-a746-0800200b9a66","name":"Mass"}},{"@type":"Exchange","avoidedProduct":false,"input":false,"amount":1.741E-13,"internalId":78,"flow":{"@type":"Flow","@id":"21ad2d9f-a0ad-3b07-82bb-b0209211729c","name":"Methacrylic acid, methyl ester","flowType":"ELEMENTARY_FLOW"},"unit":{"@type":"Unit","@id":"20aadc24-a391-41cf-b340-3e4529f44bde","name":"kg"},"flowProperty":{"@type":"FlowProperty","@id":"93a60a56-a3c8-11da-a746-0800200b9a66","name":"Mass"}},{"@type":"Exchange","avoidedProduct":false,"input":false,"amount":1.0882E-12,"internalId":62,"flow":{"@type":"Flow","@id":"ca32d24e-c8de-31ce-8eca-e34f3e77ddd8","name":"Indeno(1,2,3-cd)pyrene","flowType":"ELEMENTARY_FLOW"},"unit":{"@type":"Unit","@id":"20aadc24-a391-41cf-b340-3e4529f44bde","name":"kg"},"flowProperty":{"@type":"FlowProperty","@id":"93a60a56-a3c8-11da-a746-0800200b9a66","name":"Mass"}},{"@type":"Exchange","avoidedProduct":false,"input":false,"amount":5.0489E-12,"internalId":23,"flow":{"@type":"Flow","@id":"4fd5a8c5-7d12-361d-a3de-612edf73d12f","name":"Isophorone","flowType":"ELEMENTARY_FLOW"},"unit":{"@type":"Unit","@id":"20aadc24-a391-41cf-b340-3e4529f44bde","name":"kg"},"flowProperty":{"@type":"FlowProperty","@id":"93a60a56-a3c8-11da-a746-0800200b9a66","name":"Mass"}},{"@type":"Exchange","avoidedProduct":false,"input":true,"amount":0.035746,"internalId":161,"flow":{"@type":"Flow","@id":"041533cf-558b-3e44-a98c-76b1f67a5338","name":"Energy, from hydro power","flowType":"ELEMENTARY_FLOW"},"unit":{"@type":"Unit","@id":"52765a6c-3896-43c2-b2f4-c679acf13efe","name":"MJ"},"flowProperty":{"@type":"FlowProperty","@id":"f6811440-ee37-11de-8a39-0800200c9a66","name":"Energy"}},{"@type":"Exchange","avoidedProduct":false,"input":false,"amount":0.012866,"internalId":37,"flow":{"@type":"Flow","@id":"4c1ecfe9-347c-3704-88a1-15c21dac8d18","name":"Methane, fossil","flowType":"ELEMENTARY_FLOW"},"unit":{"@type":"Unit","@id":"20aadc24-a391-41cf-b340-3e4529f44bde","name":"kg"},"flowProperty":{"@type":"FlowProperty","@id":"93a60a56-a3c8-11da-a746-0800200b9a66","name":"Mass"}},{"@type":"Exchange","avoidedProduct":false,"input":false,"amount":5.3877E-8,"internalId":120,"flow":{"@type":"Flow","@id":"ed985804-e100-3e5a-9e97-8ce924124936","name":"Hexanoic acid","flowType":"ELEMENTARY_FLOW"},"unit":{"@type":"Unit","@id":"20aadc24-a391-41cf-b340-3e4529f44bde","name":"kg"},"flowProperty":{"@type":"FlowProperty","@id":"93a60a56-a3c8-11da-a746-0800200b9a66","name":"Mass"}},{"@type":"Exchange","avoidedProduct":false,"input":false,"amount":1.2287E-8,"internalId":208,"flow":{"@type":"Flow","@id":"cf073fce-ea44-3b44-a451-0ac2894f0bbf","name":"Manganese","flowType":"ELEMENTARY_FLOW"},"unit":{"@type":"Unit","@id":"20aadc24-a391-41cf-b340-3e4529f44bde","name":"kg"},"flowProperty":{"@type":"FlowProperty","@id":"93a60a56-a3c8-11da-a746-0800200b9a66","name":"Mass"}},{"@type":"Exchange","avoidedProduct":false,"input":false,"amount":1.8834E-10,"internalId":180,"flow":{"@type":"Flow","@id":"e28ad813-0924-3808-93db-a008e5e0e425","name":"Docosane","flowType":"ELEMENTARY_FLOW"},"unit":{"@type":"Unit","@id":"20aadc24-a391-41cf-b340-3e4529f44bde","name":"kg"},"flowProperty":{"@type":"FlowProperty","@id":"93a60a56-a3c8-11da-a746-0800200b9a66","name":"Mass"}},{"@type":"Exchange","avoidedProduct":false,"input":false,"amount":6.0304E-5,"internalId":138,"flow":{"@type":"Flow","@id":"b641465b-5594-34f2-a9f8-72ceb302de17","name":"Particulates, unspecified","flowType":"ELEMENTARY_FLOW"},"unit":{"@type":"Unit","@id":"20aadc24-a391-41cf-b340-3e4529f44bde","name":"kg"},"flowProperty":{"@type":"FlowProperty","@id":"93a60a56-a3c8-11da-a746-0800200b9a66","name":"Mass"}},{"@type":"Exchange","avoidedProduct":false,"input":false,"amount":7.1837E-9,"internalId":101,"flow":{"@type":"Flow","@id":"1d7a5d94-22c4-37ac-8551-2dc47b9a5d27","name":"Phenol, 2,4-dimethyl-","flowType":"ELEMENTARY_FLOW"},"unit":{"@type":"Unit","@id":"20aadc24-a391-41cf-b340-3e4529f44bde","name":"kg"},"flowProperty":{"@type":"FlowProperty","@id":"93a60a56-a3c8-11da-a746-0800200b9a66","name":"Mass"}},{"@type":"Exchange","avoidedProduct":false,"input":true,"amount":0.017184,"internalId":112,"flow":{"@type":"Flow","@id":"b35ecc2a-e40e-32bb-b5a0-5510499d96e2","name":"CUTOFF Disposal, solid waste, process, to sanitary landfill","flowType":"PRODUCT_FLOW"},"unit":{"@type":"Unit","@id":"20aadc24-a391-41cf-b340-3e4529f44bde","name":"kg"},"flowProperty":{"@type":"FlowProperty","@id":"93a60a56-a3c8-11da-a746-0800200b9a66","name":"Mass"}},{"@type":"Exchange","avoidedProduct":false,"input":false,"amount":9.1272E-9,"internalId":72,"flow":{"@type":"Flow","@id":"6505c252-8e98-3e73-8e2b-e49deaf2598b","name":"Arsenic","flowType":"ELEMENTARY_FLOW"},"unit":{"@type":"Unit","@id":"20aadc24-a391-41cf-b340-3e4529f44bde","name":"kg"},"flowProperty":{"@type":"FlowProperty","@id":"93a60a56-a3c8-11da-a746-0800200b9a66","name":"Mass"}},{"@type":"Exchange","avoidedProduct":false,"input":true,"amount":9.3244E-7,"internalId":207,"flow":{"@type":"Flow","@id":"1e72866e-36b2-3013-907f-0c1b62ef8c28","name":"Uranium oxide, 332 GJ per kg, in ore","flowType":"ELEMENTARY_FLOW"},"unit":{"@type":"Unit","@id":"20aadc24-a391-41cf-b340-3e4529f44bde","name":"kg"},"flowProperty":{"@type":"FlowProperty","@id":"93a60a56-a3c8-11da-a746-0800200b9a66","name":"Mass"}},{"@type":"Exchange","avoidedProduct":false,"input":true,"amount":0.71375,"description":"This flow represents the amount of natural gas that is a material input for producing the resin output. The energy content of the natural gas used as EMR/feedstock is 49.8 MJ per kg.  The energy content multiplied by the mass should be considered an Energy of Material Resource (EMR)/feedstock energy. ","internalId":150,"flow":{"@type":"Flow","@id":"788e7896-f182-3f1e-8f57-9aaf8d2aa17b","name":"Gas, natural, in ground ","flowType":"ELEMENTARY_FLOW"},"unit":{"@type":"Unit","@id":"20aadc24-a391-41cf-b340-3e4529f44bde","name":"kg"},"flowProperty":{"@type":"FlowProperty","@id":"93a60a56-a3c8-11da-a746-0800200b9a66","name":"Mass"}},{"@type":"Exchange","avoidedProduct":false,"input":false,"amount":1.7236E-9,"internalId":13,"flow":{"@type":"Flow","@id":"1d8f2c0c-0700-3cc2-987d-3a2ed96337ae","name":"Yttrium","flowType":"ELEMENTARY_FLOW"},"unit":{"@type":"Unit","@id":"20aadc24-a391-41cf-b340-3e4529f44bde","name":"kg"},"flowProperty":{"@type":"FlowProperty","@id":"93a60a56-a3c8-11da-a746-0800200b9a66","name":"Mass"}},{"@type":"Exchange","avoidedProduct":false,"input":false,"amount":3.88E-9,"internalId":69,"flow":{"@type":"Flow","@id":"c9771a31-6e96-3956-8639-85e76ee1f075","name":"Eicosane","flowType":"ELEMENTARY_FLOW"},"unit":{"@type":"Unit","@id":"20aadc24-a391-41cf-b340-3e4529f44bde","name":"kg"},"flowProperty":{"@type":"FlowProperty","@id":"93a60a56-a3c8-11da-a746-0800200b9a66","name":"Mass"}},{"@type":"Exchange","avoidedProduct":false,"input":false,"amount":3.0468E-13,"internalId":130,"flow":{"@type":"Flow","@id":"77f38705-115b-3ce6-a7fa-30858a13859a","name":"t-Butyl methyl ether","flowType":"ELEMENTARY_FLOW"},"unit":{"@type":"Unit","@id":"20aadc24-a391-41cf-b340-3e4529f44bde","name":"kg"},"flowProperty":{"@type":"FlowProperty","@id":"93a60a56-a3c8-11da-a746-0800200b9a66","name":"Mass"}},{"@type":"Exchange","avoidedProduct":false,"input":false,"amount":1.7119E-9,"internalId":56,"flow":{"@type":"Flow","@id":"ff6c05ff-c7fa-30f1-a0ea-2cb3326453f5","name":"2-Hexanone","flowType":"ELEMENTARY_FLOW"},"unit":{"@type":"Unit","@id":"20aadc24-a391-41cf-b340-3e4529f44bde","name":"kg"},"flowProperty":{"@type":"FlowProperty","@id":"93a60a56-a3c8-11da-a746-0800200b9a66","name":"Mass"}},{"@type":"Exchange","avoidedProduct":false,"input":false,"amount":6.0936E-14,"internalId":65,"flow":{"@type":"Flow","@id":"b10db815-a858-3331-8c2b-923d78d11ce6","name":"2-Chloroacetophenone","flowType":"ELEMENTARY_FLOW"},"unit":{"@type":"Unit","@id":"20aadc24-a391-41cf-b340-3e4529f44bde","name":"kg"},"flowProperty":{"@type":"FlowProperty","@id":"93a60a56-a3c8-11da-a746-0800200b9a66","name":"Mass"}},{"@type":"Exchange","avoidedProduct":false,"input":false,"amount":7.9821E-14,"internalId":102,"flow":{"@type":"Flow","@id":"b2a42fa7-f853-36ab-ac94-68ac43186627","name":"Furan","flowType":"ELEMENTARY_FLOW"},"unit":{"@type":"Unit","@id":"20aadc24-a391-41cf-b340-3e4529f44bde","name":"kg"},"flowProperty":{"@type":"FlowProperty","@id":"93a60a56-a3c8-11da-a746-0800200b9a66","name":"Mass"}},{"@type":"Exchange","avoidedProduct":false,"input":false,"amount":1.1968E-5,"internalId":50,"flow":{"@type":"Flow","@id":"0a7c4d6c-8916-38c0-91af-8c41addd2588","name":"Benzene, ethyl-","flowType":"ELEMENTARY_FLOW"},"unit":{"@type":"Unit","@id":"20aadc24-a391-41cf-b340-3e4529f44bde","name":"kg"},"flowProperty":{"@type":"FlowProperty","@id":"93a60a56-a3c8-11da-a746-0800200b9a66","name":"Mass"}},{"@type":"Exchange","avoidedProduct":false,"input":false,"amount":4.7422E-17,"internalId":111,"flow":{"@type":"Flow","@id":"f192132f-6e86-34c8-a8cf-13ee333a5e01","name":"Radium-228/kg","flowType":"ELEMENTARY_FLOW"},"unit":{"@type":"Unit","@id":"20aadc24-a391-41cf-b340-3e4529f44bde","name":"kg"},"flowProperty":{"@type":"FlowProperty","@id":"93a60a56-a3c8-11da-a746-0800200b9a66","name":"Mass"}},{"@type":"Exchange","avoidedProduct":false,"input":true,"amount":0.03805,"internalId":31,"flow":{"@type":"Flow","@id":"9240063c-463a-3e24-9d17-d6cdf4bcb8e8","name":"Coal, unprocessed bituminous, in ground","flowType":"ELEMENTARY_FLOW"},"unit":{"@type":"Unit","@id":"20aadc24-a391-41cf-b340-3e4529f44bde","name":"kg"},"flowProperty":{"@type":"FlowProperty","@id":"93a60a56-a3c8-11da-a746-0800200b9a66","name":"Mass"}},{"@type":"Exchange","avoidedProduct":false,"input":false,"amount":1.0446E-14,"internalId":43,"flow":{"@type":"Flow","@id":"3092b9ca-e2ad-3ce1-8e6d-29c0825d93c4","name":"Ethane, 1,2-dibromo-","flowType":"ELEMENTARY_FLOW"},"unit":{"@type":"Unit","@id":"20aadc24-a391-41cf-b340-3e4529f44bde","name":"kg"},"flowProperty":{"@type":"FlowProperty","@id":"93a60a56-a3c8-11da-a746-0800200b9a66","name":"Mass"}},{"@type":"Exchange","avoidedProduct":false,"input":false,"amount":1.0261E-4,"internalId":211,"flow":{"@type":"Flow","@id":"018872d0-ebce-3dfe-9552-3ff163fb468c","name":"Ammonia","flowType":"ELEMENTARY_FLOW"},"unit":{"@type":"Unit","@id":"20aadc24-a391-41cf-b340-3e4529f44bde","name":"kg"},"flowProperty":{"@type":"FlowProperty","@id":"93a60a56-a3c8-11da-a746-0800200b9a66","name":"Mass"}},{"@type":"Exchange","avoidedProduct":false,"input":false,"amount":1010.7,"internalId":82,"flow":{"@type":"Flow","@id":"50c6806b-7c56-360d-9b67-8c78107c3c10","name":"Radioactive species, unspecified","flowType":"ELEMENTARY_FLOW"},"unit":{"@type":"Unit","@id":"ac324d87-9961-463a-81a1-099bb0f7d89b","name":"Bq"},"flowProperty":{"@type":"FlowProperty","@id":"93a60a56-a3c8-17da-a746-0800200c9a66","name":"Radioactivity"}},{"@type":"Exchange","avoidedProduct":false,"input":false,"amount":0.0024177,"internalId":64,"flow":{"@type":"Flow","@id":"f3b780ae-13cf-385a-80b1-f2aede2ed839","name":"Sulfur dioxide ","flowType":"ELEMENTARY_FLOW"},"unit":{"@type":"Unit","@id":"20aadc24-a391-41cf-b340-3e4529f44bde","name":"kg"},"flowProperty":{"@type":"FlowProperty","@id":"93a60a56-a3c8-11da-a746-0800200b9a66","name":"Mass"}},{"@type":"Exchange","avoidedProduct":false,"input":false,"amount":2.0587E-10,"internalId":90,"flow":{"@type":"Flow","@id":"c83f4c91-8cfc-3d72-a5f5-ee4e6d331d8d","name":"Phenanthrene","flowType":"ELEMENTARY_FLOW"},"unit":{"@type":"Unit","@id":"20aadc24-a391-41cf-b340-3e4529f44bde","name":"kg"},"flowProperty":{"@type":"FlowProperty","@id":"93a60a56-a3c8-11da-a746-0800200b9a66","name":"Mass"}},{"@type":"Exchange","avoidedProduct":false,"input":false,"amount":5.0783E-4,"internalId":94,"flow":{"@type":"Flow","@id":"0baf0278-2f1b-369a-9a1a-839ef6ec6a22","name":"Calcium, ion","flowType":"ELEMENTARY_FLOW"},"unit":{"@type":"Unit","@id":"20aadc24-a391-41cf-b340-3e4529f44bde","name":"kg"},"flowProperty":{"@type":"FlowProperty","@id":"93a60a56-a3c8-11da-a746-0800200b9a66","name":"Mass"}},{"@type":"Exchange","avoidedProduct":false,"input":false,"amount":6.7403E-8,"internalId":28,"flow":{"@type":"Flow","@id":"b9b924b4-e60b-3a85-8f35-a9619c4fd532","name":"Copper","flowType":"ELEMENTARY_FLOW"},"unit":{"@type":"Unit","@id":"20aadc24-a391-41cf-b340-3e4529f44bde","name":"kg"},"flowProperty":{"@type":"FlowProperty","@id":"93a60a56-a3c8-11da-a746-0800200b9a66","name":"Mass"}},{"@type":"Exchange","avoidedProduct":false,"input":false,"amount":1.7004E-10,"internalId":105,"flow":{"@type":"Flow","@id":"68645e0d-dc3f-3d22-b886-7eff1d63add4","name":"Copper","flowType":"ELEMENTARY_FLOW"},"unit":{"@type":"Unit","@id":"20aadc24-a391-41cf-b340-3e4529f44bde","name":"kg"},"flowProperty":{"@type":"FlowProperty","@id":"93a60a56-a3c8-11da-a746-0800200b9a66","name":"Mass"}},{"@type":"Exchange","avoidedProduct":false,"input":false,"amount":2.3557E-5,"internalId":199,"flow":{"@type":"Flow","@id":"dc52a4db-da65-3119-8e62-70228d090990","name":"Aluminum","flowType":"ELEMENTARY_FLOW"},"unit":{"@type":"Unit","@id":"20aadc24-a391-41cf-b340-3e4529f44bde","name":"kg"},"flowProperty":{"@type":"FlowProperty","@id":"93a60a56-a3c8-11da-a746-0800200b9a66","name":"Mass"}},{"@type":"Exchange","avoidedProduct":false,"input":false,"amount":3.3467E-11,"internalId":165,"flow":{"@type":"Flow","@id":"dfbb9de1-b04c-387e-97b7-cc7619476784","name":"Dibenzofuran","flowType":"ELEMENTARY_FLOW"},"unit":{"@type":"Unit","@id":"20aadc24-a391-41cf-b340-3e4529f44bde","name":"kg"},"flowProperty":{"@type":"FlowProperty","@id":"93a60a56-a3c8-11da-a746-0800200b9a66","name":"Mass"}},{"@type":"Exchange","avoidedProduct":false,"input":false,"amount":3.395E-13,"internalId":149,"flow":{"@type":"Flow","@id":"679ac5ec-bd93-303d-a87f-68dfe7ce872a","name":"Bromoform","flowType":"ELEMENTARY_FLOW"},"unit":{"@type":"Unit","@id":"20aadc24-a391-41cf-b340-3e4529f44bde","name":"kg"},"flowProperty":{"@type":"FlowProperty","@id":"93a60a56-a3c8-11da-a746-0800200b9a66","name":"Mass"}},{"@type":"Exchange","avoidedProduct":false,"input":false,"amount":3.082E-9,"internalId":83,"flow":{"@type":"Flow","@id":"6340ccf7-7bd6-3df4-bce8-4e3abd6eec19","name":"Biphenyl","flowType":"ELEMENTARY_FLOW"},"unit":{"@type":"Unit","@id":"20aadc24-a391-41cf-b340-3e4529f44bde","name":"kg"},"flowProperty":{"@type":"FlowProperty","@id":"93a60a56-a3c8-11da-a746-0800200b9a66","name":"Mass"}},{"@type":"Exchange","avoidedProduct":false,"input":false,"amount":6.5209E-7,"internalId":95,"flow":{"@type":"Flow","@id":"dc7efbbb-2193-3001-88fe-e4a7bd4a003b","name":"Sulfur","flowType":"ELEMENTARY_FLOW"},"unit":{"@type":"Unit","@id":"20aadc24-a391-41cf-b340-3e4529f44bde","name":"kg"},"flowProperty":{"@type":"FlowProperty","@id":"93a60a56-a3c8-11da-a746-0800200b9a66","name":"Mass"}},{"@type":"Exchange","avoidedProduct":false,"input":false,"amount":1.3093E-4,"internalId":134,"flow":{"@type":"Flow","@id":"d25cd0b7-4fc5-3be0-88d3-2d661482fde2","name":"Methane ","flowType":"ELEMENTARY_FLOW"},"unit":{"@type":"Unit","@id":"20aadc24-a391-41cf-b340-3e4529f44bde","name":"kg"},"flowProperty":{"@type":"FlowProperty","@id":"93a60a56-a3c8-11da-a746-0800200b9a66","name":"Mass"}},{"@type":"Exchange","avoidedProduct":false,"input":false,"amount":2.1756E-5,"internalId":86,"flow":{"@type":"Flow","@id":"bd6eb54f-0d2e-3a63-a3ac-98e0cf458d35","name":"Hydrogen Chloride","flowType":"ELEMENTARY_FLOW"},"unit":{"@type":"Unit","@id":"20aadc24-a391-41cf-b340-3e4529f44bde","name":"kg"},"flowProperty":{"@type":"FlowProperty","@id":"93a60a56-a3c8-11da-a746-0800200b9a66","name":"Mass"}},{"@type":"Exchange","avoidedProduct":false,"input":false,"amount":2.6203E-7,"internalId":39,"flow":{"@type":"Flow","@id":"62d93580-597b-306f-b17b-15c7bfb5747a","name":"Benzene","flowType":"ELEMENTARY_FLOW"},"unit":{"@type":"Unit","@id":"20aadc24-a391-41cf-b340-3e4529f44bde","name":"kg"},"flowProperty":{"@type":"FlowProperty","@id":"93a60a56-a3c8-11da-a746-0800200b9a66","name":"Mass"}},{"@type":"Exchange","avoidedProduct":false,"input":false,"amount":2.6755E-6,"internalId":191,"flow":{"@type":"Flow","@id":"355d165a-8be8-3b91-be79-89f5aaa52408","name":"Hydrogen fluoride","flowType":"ELEMENTARY_FLOW"},"unit":{"@type":"Unit","@id":"20aadc24-a391-41cf-b340-3e4529f44bde","name":"kg"},"flowProperty":{"@type":"FlowProperty","@id":"93a60a56-a3c8-11da-a746-0800200b9a66","name":"Mass"}},{"@type":"Exchange","avoidedProduct":false,"input":false,"amount":7.5712E-9,"internalId":147,"flow":{"@type":"Flow","@id":"d017a101-7440-3c63-836a-ee563a2a8a6b","name":"m-Xylene","flowType":"ELEMENTARY_FLOW"},"unit":{"@type":"Unit","@id":"20aadc24-a391-41cf-b340-3e4529f44bde","name":"kg"},"flowProperty":{"@type":"FlowProperty","@id":"93a60a56-a3c8-11da-a746-0800200b9a66","name":"Mass"}},{"@type":"Exchange","avoidedProduct":false,"input":false,"amount":9.2708E-15,"internalId":63,"flow":{"@type":"Flow","@id":"9f17e382-d373-35e5-8ca4-99fdad2f939a","name":"Radium-226/kg","flowType":"ELEMENTARY_FLOW"},"unit":{"@type":"Unit","@id":"20aadc24-a391-41cf-b340-3e4529f44bde","name":"kg"},"flowProperty":{"@type":"FlowProperty","@id":"93a60a56-a3c8-11da-a746-0800200b9a66","name":"Mass"}},{"@type":"Exchange","avoidedProduct":false,"input":false,"amount":1.4271E-12,"internalId":131,"flow":{"@type":"Flow","@id":"223c9ae0-cad5-34fe-a93c-e36a2fbda49f","name":"Benzo(a)anthracene","flowType":"ELEMENTARY_FLOW"},"unit":{"@type":"Unit","@id":"20aadc24-a391-41cf-b340-3e4529f44bde","name":"kg"},"flowProperty":{"@type":"FlowProperty","@id":"93a60a56-a3c8-11da-a746-0800200b9a66","name":"Mass"}},{"@type":"Exchange","avoidedProduct":false,"input":false,"amount":8.0325E-7,"internalId":7,"flow":{"@type":"Flow","@id":"b13651eb-5a15-3f08-b4ca-fba03bd3569b","name":"Boron","flowType":"ELEMENTARY_FLOW"},"unit":{"@type":"Unit","@id":"20aadc24-a391-41cf-b340-3e4529f44bde","name":"kg"},"flowProperty":{"@type":"FlowProperty","@id":"93a60a56-a3c8-11da-a746-0800200b9a66","name":"Mass"}},{"@type":"Exchange","avoidedProduct":false,"input":false,"amount":1.3191E-11,"internalId":127,"flow":{"@type":"Flow","@id":"257416fb-9dad-339f-860c-aae989d0490c","name":"Benzene, pentamethyl-","flowType":"ELEMENTARY_FLOW"},"unit":{"@type":"Unit","@id":"20aadc24-a391-41cf-b340-3e4529f44bde","name":"kg"},"flowProperty":{"@type":"FlowProperty","@id":"93a60a56-a3c8-11da-a746-0800200b9a66","name":"Mass"}},{"@type":"Exchange","avoidedProduct":false,"input":false,"amount":8.1033E-4,"internalId":129,"flow":{"@type":"Flow","@id":"14dde4c7-2655-3a40-897a-1a8fa48c777a","name":"VOC, volatile organic compounds","flowType":"ELEMENTARY_FLOW"},"unit":{"@type":"Unit","@id":"20aadc24-a391-41cf-b340-3e4529f44bde","name":"kg"},"flowProperty":{"@type":"FlowProperty","@id":"93a60a56-a3c8-11da-a746-0800200b9a66","name":"Mass"}},{"@type":"Exchange","avoidedProduct":false,"input":false,"amount":1.7588E-11,"internalId":122,"flow":{"@type":"Flow","@id":"7bc52241-a3b4-319f-aac4-ab8b3182a44f","name":"Benzene, 1-methyl-4-(1-methylethyl)-","flowType":"ELEMENTARY_FLOW"},"unit":{"@type":"Unit","@id":"20aadc24-a391-41cf-b340-3e4529f44bde","name":"kg"},"flowProperty":{"@type":"FlowProperty","@id":"93a60a56-a3c8-11da-a746-0800200b9a66","name":"Mass"}},{"@type":"Exchange","avoidedProduct":false,"input":false,"amount":3.9246E-13,"internalId":157,"flow":{"@type":"Flow","@id":"85d76322-ac52-3492-b6b3-01444c0e996b","name":"5-methyl Chrysene","flowType":"ELEMENTARY_FLOW"},"unit":{"@type":"Unit","@id":"20aadc24-a391-41cf-b340-3e4529f44bde","name":"kg"},"flowProperty":{"@type":"FlowProperty","@id":"93a60a56-a3c8-11da-a746-0800200b9a66","name":"Mass"}},{"@type":"Exchange","avoidedProduct":false,"input":false,"amount":7.1063E-9,"internalId":24,"flow":{"@type":"Flow","@id":"05d25fc1-11cb-3e52-bdfc-c382779992c8","name":"Vanadium","flowType":"ELEMENTARY_FLOW"},"unit":{"@type":"Unit","@id":"20aadc24-a391-41cf-b340-3e4529f44bde","name":"kg"},"flowProperty":{"@type":"FlowProperty","@id":"93a60a56-a3c8-11da-a746-0800200b9a66","name":"Mass"}},{"@type":"Exchange","avoidedProduct":false,"input":false,"amount":4.4848E-10,"internalId":52,"flow":{"@type":"Flow","@id":"18ee0424-b390-3af5-acf5-4e434e29cd88","name":"Butadiene","flowType":"ELEMENTARY_FLOW"},"unit":{"@type":"Unit","@id":"20aadc24-a391-41cf-b340-3e4529f44bde","name":"kg"},"flowProperty":{"@type":"FlowProperty","@id":"93a60a56-a3c8-11da-a746-0800200b9a66","name":"Mass"}},{"@type":"Exchange","avoidedProduct":false,"input":false,"amount":5.8193E-8,"internalId":4,"flow":{"@type":"Flow","@id":"c83d2d24-3e15-38d0-9f2b-9dec15356bb6","name":"Nickel","flowType":"ELEMENTARY_FLOW"},"unit":{"@type":"Unit","@id":"20aadc24-a391-41cf-b340-3e4529f44bde","name":"kg"},"flowProperty":{"@type":"FlowProperty","@id":"93a60a56-a3c8-11da-a746-0800200b9a66","name":"Mass"}},{"@type":"Exchange","avoidedProduct":false,"input":false,"amount":1.9151E-13,"internalId":61,"flow":{"@type":"Flow","@id":"861ce24c-65a3-307c-b57a-e6b28a900301","name":"Benzene, chloro-","flowType":"ELEMENTARY_FLOW"},"unit":{"@type":"Unit","@id":"20aadc24-a391-41cf-b340-3e4529f44bde","name":"kg"},"flowProperty":{"@type":"FlowProperty","@id":"93a60a56-a3c8-11da-a746-0800200b9a66","name":"Mass"}},{"@type":"Exchange","avoidedProduct":false,"input":false,"amount":3.0477E-7,"internalId":135,"flow":{"@type":"Flow","@id":"defdeb63-c940-3af5-add7-5af7d67156db","name":"Silver","flowType":"ELEMENTARY_FLOW"},"unit":{"@type":"Unit","@id":"20aadc24-a391-41cf-b340-3e4529f44bde","name":"kg"},"flowProperty":{"@type":"FlowProperty","@id":"93a60a56-a3c8-11da-a746-0800200b9a66","name":"Mass"}},{"@type":"Exchange","avoidedProduct":false,"input":false,"amount":1.175E-10,"internalId":116,"flow":{"@type":"Flow","@id":"589fc0be-4a57-3639-a0f3-61f322768ed9","name":"n-Hexacosane","flowType":"ELEMENTARY_FLOW"},"unit":{"@type":"Unit","@id":"20aadc24-a391-41cf-b340-3e4529f44bde","name":"kg"},"flowProperty":{"@type":"FlowProperty","@id":"93a60a56-a3c8-11da-a746-0800200b9a66","name":"Mass"}},{"@type":"Exchange","avoidedProduct":false,"input":false,"amount":3.2342E-10,"internalId":53,"flow":{"@type":"Flow","@id":"08e63ddf-e187-31d8-8acd-47ba881b2812","name":"Phenanthrenes, alkylated, unspecified","flowType":"ELEMENTARY_FLOW"},"unit":{"@type":"Unit","@id":"20aadc24-a391-41cf-b340-3e4529f44bde","name":"kg"},"flowProperty":{"@type":"FlowProperty","@id":"93a60a56-a3c8-11da-a746-0800200b9a66","name":"Mass"}},{"@type":"Exchange","avoidedProduct":false,"input":false,"amount":4.4598E-12,"internalId":210,"flow":{"@type":"Flow","@id":"c8c87e1c-9c4c-36d0-a982-bbf811ab988f","name":"Acenaphthylene","flowType":"ELEMENTARY_FLOW"},"unit":{"@type":"Unit","@id":"20aadc24-a391-41cf-b340-3e4529f44bde","name":"kg"},"flowProperty":{"@type":"FlowProperty","@id":"93a60a56-a3c8-11da-a746-0800200b9a66","name":"Mass"}},{"@type":"Exchange","avoidedProduct":false,"input":true,"amount":0.44352,"description":"This flow represents the amount of natural gas that is used for fuel.  The energy content of the natural gas used for fuel is 36.7 MJ per m3.","internalId":5,"flow":{"@type":"Flow","@id":"e7446857-a38a-3f26-a42b-0a8053a9a2ad","name":"Gas, natural, in ground ","flowType":"ELEMENTARY_FLOW"},"unit":{"@type":"Unit","@id":"1c3a9695-398d-4b1f-b07e-a8715b610f70","name":"m3"},"flowProperty":{"@type":"FlowProperty","@id":"93a60a56-a3c8-22da-a746-0800200c9a66","name":"Volume"}},{"@type":"Exchange","avoidedProduct":false,"input":false,"amount":2.1763E-13,"internalId":194,"flow":{"@type":"Flow","@id":"e821f94c-6c24-34df-a7a1-979e2bfb6520","name":"Styrene","flowType":"ELEMENTARY_FLOW"},"unit":{"@type":"Unit","@id":"20aadc24-a391-41cf-b340-3e4529f44bde","name":"kg"},"flowProperty":{"@type":"FlowProperty","@id":"93a60a56-a3c8-11da-a746-0800200b9a66","name":"Mass"}},{"@type":"Exchange","avoidedProduct":false,"input":false,"amount":0.0076182,"internalId":187,"flow":{"@type":"Flow","@id":"80c9c183-6e8e-3cba-a608-1d70820c3ce9","name":"Carbon monoxide","flowType":"ELEMENTARY_FLOW"},"unit":{"@type":"Unit","@id":"20aadc24-a391-41cf-b340-3e4529f44bde","name":"kg"},"flowProperty":{"@type":"FlowProperty","@id":"93a60a56-a3c8-11da-a746-0800200b9a66","name":"Mass"}},{"@type":"Exchange","avoidedProduct":false,"input":false,"amount":1.0192E-4,"internalId":38,"flow":{"@type":"Flow","@id":"c0f23ce6-a65a-3146-9a84-719a4662ef2d","name":"Magnesium","flowType":"ELEMENTARY_FLOW"},"unit":{"@type":"Unit","@id":"20aadc24-a391-41cf-b340-3e4529f44bde","name":"kg"},"flowProperty":{"@type":"FlowProperty","@id":"93a60a56-a3c8-11da-a746-0800200b9a66","name":"Mass"}},{"@type":"Exchange","avoidedProduct":false,"input":false,"amount":4.6137E-14,"internalId":192,"flow":{"@type":"Flow","@id":"4b2e8924-9870-3bed-9f05-3a3b9b6a324d","name":"Cumene","flowType":"ELEMENTARY_FLOW"},"unit":{"@type":"Unit","@id":"20aadc24-a391-41cf-b340-3e4529f44bde","name":"kg"},"flowProperty":{"@type":"FlowProperty","@id":"93a60a56-a3c8-11da-a746-0800200b9a66","name":"Mass"}},{"@type":"Exchange","avoidedProduct":false,"input":true,"amount":0.021476,"internalId":185,"flow":{"@type":"Flow","@id":"63879c83-7f9b-3aa5-a79d-53dc50fa5729","name":"CUTOFF Disposal, solid waste, fuel, to municipal incineration","flowType":"PRODUCT_FLOW"},"unit":{"@type":"Unit","@id":"20aadc24-a391-41cf-b340-3e4529f44bde","name":"kg"},"flowProperty":{"@type":"FlowProperty","@id":"93a60a56-a3c8-11da-a746-0800200b9a66","name":"Mass"}},{"@type":"Exchange","avoidedProduct":false,"input":false,"amount":1.7121E-8,"internalId":155,"flow":{"@type":"Flow","@id":"9a36d2c5-a47d-3020-9dd2-00b6713b2e0c","name":"Aldehydes, unspecified","flowType":"ELEMENTARY_FLOW"},"unit":{"@type":"Unit","@id":"20aadc24-a391-41cf-b340-3e4529f44bde","name":"kg"},"flowProperty":{"@type":"FlowProperty","@id":"93a60a56-a3c8-11da-a746-0800200b9a66","name":"Mass"}},{"@type":"Exchange","avoidedProduct":false,"input":false,"amount":3.0327E-11,"internalId":81,"flow":{"@type":"Flow","@id":"8f9e856a-1968-3399-bbe6-935da3e1cb64","name":"Biphenyl","flowType":"ELEMENTARY_FLOW"},"unit":{"@type":"Unit","@id":"20aadc24-a391-41cf-b340-3e4529f44bde","name":"kg"},"flowProperty":{"@type":"FlowProperty","@id":"93a60a56-a3c8-11da-a746-0800200b9a66","name":"Mass"}},{"@type":"Exchange","avoidedProduct":false,"input":false,"amount":5.4602E-10,"internalId":49,"flow":{"@type":"Flow","@id":"ed6487a9-6261-36ce-88f3-f4216e8428a1","name":"Beryllium","flowType":"ELEMENTARY_FLOW"},"unit":{"@type":"Unit","@id":"20aadc24-a391-41cf-b340-3e4529f44bde","name":"kg"},"flowProperty":{"@type":"FlowProperty","@id":"93a60a56-a3c8-11da-a746-0800200b9a66","name":"Mass"}},{"@type":"Exchange","avoidedProduct":false,"input":false,"amount":7.445E-9,"internalId":166,"flow":{"@type":"Flow","@id":"cafd767a-a7eb-3b1b-9d95-9a585de4e868","name":"Decane","flowType":"ELEMENTARY_FLOW"},"unit":{"@type":"Unit","@id":"20aadc24-a391-41cf-b340-3e4529f44bde","name":"kg"},"flowProperty":{"@type":"FlowProperty","@id":"93a60a56-a3c8-11da-a746-0800200b9a66","name":"Mass"}},{"@type":"Exchange","avoidedProduct":false,"input":false,"amount":4.1704E-5,"internalId":66,"flow":{"@type":"Flow","@id":"33d5907f-322f-336d-b23f-f2959923f99f","name":"COD, Chemical Oxygen Demand","flowType":"ELEMENTARY_FLOW"},"unit":{"@type":"Unit","@id":"20aadc24-a391-41cf-b340-3e4529f44bde","name":"kg"},"flowProperty":{"@type":"FlowProperty","@id":"93a60a56-a3c8-11da-a746-0800200b9a66","name":"Mass"}},{"@type":"Exchange","avoidedProduct":false,"input":false,"amount":7.4241E-8,"internalId":156,"flow":{"@type":"Flow","@id":"b71e3860-8ef4-31e4-9302-ceac32d0ff78","name":"Phenols, unspecified","flowType":"ELEMENTARY_FLOW"},"unit":{"@type":"Unit","@id":"20aadc24-a391-41cf-b340-3e4529f44bde","name":"kg"},"flowProperty":{"@type":"FlowProperty","@id":"93a60a56-a3c8-11da-a746-0800200b9a66","name":"Mass"}},{"@type":"Exchange","avoidedProduct":false,"input":false,"amount":9.5802E-5,"internalId":114,"flow":{"@type":"Flow","@id":"0ba9c977-5398-3e0f-b3c9-d922e39d7894","name":"Benzene","flowType":"ELEMENTARY_FLOW"},"unit":{"@type":"Unit","@id":"20aadc24-a391-41cf-b340-3e4529f44bde","name":"kg"},"flowProperty":{"@type":"FlowProperty","@id":"93a60a56-a3c8-11da-a746-0800200b9a66","name":"Mass"}},{"@type":"Exchange","avoidedProduct":false,"input":false,"amount":2.6017E-7,"internalId":178,"flow":{"@type":"Flow","@id":"e1ab137f-2d17-3328-aedb-a67b98a11056","name":"Benzoic acid","flowType":"ELEMENTARY_FLOW"},"unit":{"@type":"Unit","@id":"20aadc24-a391-41cf-b340-3e4529f44bde","name":"kg"},"flowProperty":{"@type":"FlowProperty","@id":"93a60a56-a3c8-11da-a746-0800200b9a66","name":"Mass"}},{"@type":"Exchange","avoidedProduct":false,"input":false,"amount":0.0025789,"internalId":193,"flow":{"@type":"Flow","@id":"91c6fb89-85ed-310b-8197-fb35a753bd97","name":"Suspended solids, unspecified","flowType":"ELEMENTARY_FLOW"},"unit":{"@type":"Unit","@id":"20aadc24-a391-41cf-b340-3e4529f44bde","name":"kg"},"flowProperty":{"@type":"FlowProperty","@id":"93a60a56-a3c8-11da-a746-0800200b9a66","name":"Mass"}},{"@type":"Exchange","avoidedProduct":false,"input":true,"amount":0.0025194,"description":"Energy unspecified reflects \"other fossil\" fuels","internalId":48,"flow":{"@type":"Flow","@id":"46dc4693-2f24-39d2-b69f-dd059737fd5e","name":"Energy, unspecified","flowType":"ELEMENTARY_FLOW"},"unit":{"@type":"Unit","@id":"52765a6c-3896-43c2-b2f4-c679acf13efe","name":"MJ"},"flowProperty":{"@type":"FlowProperty","@id":"f6811440-ee37-11de-8a39-0800200c9a66","name":"Energy"}},{"@type":"Exchange","avoidedProduct":false,"input":false,"amount":6.5377E-9,"internalId":9,"flow":{"@type":"Flow","@id":"b4cec7e5-b107-3e94-8152-1d30a754387f","name":"Selenium","flowType":"ELEMENTARY_FLOW"},"unit":{"@type":"Unit","@id":"20aadc24-a391-41cf-b340-3e4529f44bde","name":"kg"},"flowProperty":{"@type":"FlowProperty","@id":"93a60a56-a3c8-11da-a746-0800200b9a66","name":"Mass"}},{"@type":"Exchange","avoidedProduct":false,"input":false,"amount":2.7783E-9,"internalId":179,"flow":{"@type":"Flow","@id":"bb7e8be4-9c3c-34a7-b29f-b964a9748324","name":"p-Xylene","flowType":"ELEMENTARY_FLOW"},"unit":{"@type":"Unit","@id":"20aadc24-a391-41cf-b340-3e4529f44bde","name":"kg"},"flowProperty":{"@type":"FlowProperty","@id":"93a60a56-a3c8-11da-a746-0800200b9a66","name":"Mass"}},{"@type":"Exchange","avoidedProduct":false,"input":false,"amount":5.8885E-9,"internalId":88,"flow":{"@type":"Flow","@id":"eb8b0400-9d65-3b1b-b30e-0f2d112569e6","name":"Molybdenum","flowType":"ELEMENTARY_FLOW"},"unit":{"@type":"Unit","@id":"20aadc24-a391-41cf-b340-3e4529f44bde","name":"kg"},"flowProperty":{"@type":"FlowProperty","@id":"93a60a56-a3c8-11da-a746-0800200b9a66","name":"Mass"}},{"@type":"Exchange","avoidedProduct":false,"input":false,"amount":1.0238E-8,"internalId":184,"flow":{"@type":"Flow","@id":"ab16a3a2-869f-36ed-9233-5302d79cf1f9","name":"Copper, ion","flowType":"ELEMENTARY_FLOW"},"unit":{"@type":"Unit","@id":"20aadc24-a391-41cf-b340-3e4529f44bde","name":"kg"},"flowProperty":{"@type":"FlowProperty","@id":"93a60a56-a3c8-11da-a746-0800200b9a66","name":"Mass"}},{"@type":"Exchange","avoidedProduct":false,"input":true,"amount":0.0018614,"internalId":160,"flow":{"@type":"Flow","@id":"008f0e22-35e7-39a6-b726-0b1fe2d68112","name":"Energy, kinetic (in wind), converted","flowType":"ELEMENTARY_FLOW"},"unit":{"@type":"Unit","@id":"52765a6c-3896-43c2-b2f4-c679acf13efe","name":"MJ"},"flowProperty":{"@type":"FlowProperty","@id":"f6811440-ee37-11de-8a39-0800200c9a66","name":"Energy"}},{"@type":"Exchange","avoidedProduct":false,"input":false,"amount":1.1317E-12,"internalId":97,"flow":{"@type":"Flow","@id":"3dbacede-9927-3669-95bb-ae13fdc565a5","name":"Carbon disulfide","flowType":"ELEMENTARY_FLOW"},"unit":{"@type":"Unit","@id":"20aadc24-a391-41cf-b340-3e4529f44bde","name":"kg"},"flowProperty":{"@type":"FlowProperty","@id":"93a60a56-a3c8-11da-a746-0800200b9a66","name":"Mass"}},{"@type":"Exchange","avoidedProduct":false,"input":false,"amount":1.2702E-11,"internalId":144,"flow":{"@type":"Flow","@id":"029965e2-8227-3af2-a379-0bec2d656e7f","name":"Cyanide","flowType":"ELEMENTARY_FLOW"},"unit":{"@type":"Unit","@id":"20aadc24-a391-41cf-b340-3e4529f44bde","name":"kg"},"flowProperty":{"@type":"FlowProperty","@id":"93a60a56-a3c8-11da-a746-0800200b9a66","name":"Mass"}},{"@type":"Exchange","avoidedProduct":false,"input":true,"amount":7.7516E-4,"internalId":15,"flow":{"@type":"Flow","@id":"26be1fa9-6bfb-3c17-b119-905dc481c3c8","name":"Energy, from biomass","flowType":"ELEMENTARY_FLOW"},"unit":{"@type":"Unit","@id":"52765a6c-3896-43c2-b2f4-c679acf13efe","name":"MJ"},"flowProperty":{"@type":"FlowProperty","@id":"f6811440-ee37-11de-8a39-0800200c9a66","name":"Energy"}},{"@type":"Exchange","avoidedProduct":false,"input":false,"amount":6.1875E-10,"internalId":57,"flow":{"@type":"Flow","@id":"c90fa9d9-1ec5-3acc-849f-fb2af9581262","name":"Surfactants","flowType":"ELEMENTARY_FLOW"},"unit":{"@type":"Unit","@id":"20aadc24-a391-41cf-b340-3e4529f44bde","name":"kg"},"flowProperty":{"@type":"FlowProperty","@id":"93a60a56-a3c8-11da-a746-0800200b9a66","name":"Mass"}},{"@type":"Exchange","avoidedProduct":false,"input":false,"amount":3.7463E-12,"internalId":132,"flow":{"@type":"Flow","@id":"4ed5e106-3a21-358b-ab25-79d86d4e94e3","name":"Anthracene","flowType":"ELEMENTARY_FLOW"},"unit":{"@type":"Unit","@id":"20aadc24-a391-41cf-b340-3e4529f44bde","name":"kg"},"flowProperty":{"@type":"FlowProperty","@id":"93a60a56-a3c8-11da-a746-0800200b9a66","name":"Mass"}},{"@type":"Exchange","avoidedProduct":false,"input":false,"amount":1.8187E-10,"internalId":89,"flow":{"@type":"Flow","@id":"2ceaf954-3f37-390d-a1df-b705f837158f","name":"Organic acids","flowType":"ELEMENTARY_FLOW"},"unit":{"@type":"Unit","@id":"20aadc24-a391-41cf-b340-3e4529f44bde","name":"kg"},"flowProperty":{"@type":"FlowProperty","@id":"93a60a56-a3c8-11da-a746-0800200b9a66","name":"Mass"}},{"@type":"Exchange","avoidedProduct":false,"input":false,"amount":1.1279E-7,"internalId":126,"flow":{"@type":"Flow","@id":"77fcca9a-7ac9-3513-8bd9-9e849e08bb6f","name":"Xylene","flowType":"ELEMENTARY_FLOW"},"unit":{"@type":"Unit","@id":"20aadc24-a391-41cf-b340-3e4529f44bde","name":"kg"},"flowProperty":{"@type":"FlowProperty","@id":"93a60a56-a3c8-11da-a746-0800200b9a66","name":"Mass"}},{"@type":"Exchange","avoidedProduct":false,"input":false,"amount":5.463E-7,"internalId":190,"flow":{"@type":"Flow","@id":"dbe659c1-d252-37bd-a77e-a0674ded4f4a","name":"Zinc","flowType":"ELEMENTARY_FLOW"},"unit":{"@type":"Unit","@id":"20aadc24-a391-41cf-b340-3e4529f44bde","name":"kg"},"flowProperty":{"@type":"FlowProperty","@id":"93a60a56-a3c8-11da-a746-0800200b9a66","name":"Mass"}},{"@type":"Exchange","avoidedProduct":false,"input":false,"amount":0.0042001,"internalId":26,"flow":{"@type":"Flow","@id":"c746fcf6-c553-3f40-9445-6f0b14a727de","name":"Organic substances, unspecified","flowType":"ELEMENTARY_FLOW"},"unit":{"@type":"Unit","@id":"20aadc24-a391-41cf-b340-3e4529f44bde","name":"kg"},"flowProperty":{"@type":"FlowProperty","@id":"93a60a56-a3c8-11da-a746-0800200b9a66","name":"Mass"}},{"@type":"Exchange","avoidedProduct":false,"input":false,"amount":7.9603E-9,"internalId":22,"flow":{"@type":"Flow","@id":"b2038eb8-cb99-3d58-9560-9c6a152f005b","name":"p-Cresol","flowType":"ELEMENTARY_FLOW"},"unit":{"@type":"Unit","@id":"20aadc24-a391-41cf-b340-3e4529f44bde","name":"kg"},"flowProperty":{"@type":"FlowProperty","@id":"93a60a56-a3c8-11da-a746-0800200b9a66","name":"Mass"}},{"@type":"Exchange","avoidedProduct":false,"input":false,"amount":1.7839E-12,"internalId":177,"flow":{"@type":"Flow","@id":"ae508680-8701-3491-84ba-ae2781e762e6","name":"Chrysene","flowType":"ELEMENTARY_FLOW"},"unit":{"@type":"Unit","@id":"20aadc24-a391-41cf-b340-3e4529f44bde","name":"kg"},"flowProperty":{"@type":"FlowProperty","@id":"93a60a56-a3c8-11da-a746-0800200b9a66","name":"Mass"}},{"@type":"Exchange","avoidedProduct":false,"input":false,"amount":5.3268E-6,"internalId":77,"flow":{"@type":"Flow","@id":"8fd25939-5072-3efe-a38a-8d995b9e7f2e","name":"NMVOC, non-methane volatile organic compounds, unspecified origin","flowType":"ELEMENTARY_FLOW"},"unit":{"@type":"Unit","@id":"20aadc24-a391-41cf-b340-3e4529f44bde","name":"kg"},"flowProperty":{"@type":"FlowProperty","@id":"93a60a56-a3c8-11da-a746-0800200b9a66","name":"Mass"}},{"@type":"Exchange","avoidedProduct":false,"input":false,"amount":2.813E-10,"internalId":141,"flow":{"@type":"Flow","@id":"581e3536-c3b3-3ef9-881b-3004509ec4b5","name":"Polycyclic organic matter, unspecified","flowType":"ELEMENTARY_FLOW"},"unit":{"@type":"Unit","@id":"20aadc24-a391-41cf-b340-3e4529f44bde","name":"kg"},"flowProperty":{"@type":"FlowProperty","@id":"93a60a56-a3c8-11da-a746-0800200b9a66","name":"Mass"}},{"@type":"Exchange","avoidedProduct":false,"input":false,"amount":2.3979E-8,"internalId":201,"flow":{"@type":"Flow","@id":"c1683bc0-0bb2-3012-b0d4-628ca7b440d7","name":"Selenium","flowType":"ELEMENTARY_FLOW"},"unit":{"@type":"Unit","@id":"20aadc24-a391-41cf-b340-3e4529f44bde","name":"kg"},"flowProperty":{"@type":"FlowProperty","@id":"93a60a56-a3c8-11da-a746-0800200b9a66","name":"Mass"}},{"@type":"Exchange","avoidedProduct":false,"input":false,"amount":4.7598E-8,"internalId":76,"flow":{"@type":"Flow","@id":"6187175f-c6b5-313b-9128-f3a0a1ccd2c5","name":"Benzenes, alkylated, unspecified","flowType":"ELEMENTARY_FLOW"},"unit":{"@type":"Unit","@id":"20aadc24-a391-41cf-b340-3e4529f44bde","name":"kg"},"flowProperty":{"@type":"FlowProperty","@id":"93a60a56-a3c8-11da-a746-0800200b9a66","name":"Mass"}},{"@type":"Exchange","avoidedProduct":false,"input":true,"amount":0.0052926,"description":"This flow represents the amount of crude oil that is used for fuel.  The energy content of the crude oil used for fuel is 43.7 MJ per kg.","internalId":151,"flow":{"@type":"Flow","@id":"cbd20be2-9634-3ace-905e-3157601b959b","name":"Oil, crude, in ground ","flowType":"ELEMENTARY_FLOW"},"unit":{"@type":"Unit","@id":"20aadc24-a391-41cf-b340-3e4529f44bde","name":"kg"},"flowProperty":{"@type":"FlowProperty","@id":"93a60a56-a3c8-11da-a746-0800200b9a66","name":"Mass"}},{"@type":"Exchange","avoidedProduct":false,"input":false,"amount":1.746E-5,"internalId":96,"flow":{"@type":"Flow","@id":"562c7271-4b04-3929-aa0c-5c7cd03bdfa2","name":"Dinitrogen monoxide","flowType":"ELEMENTARY_FLOW"},"unit":{"@type":"Unit","@id":"20aadc24-a391-41cf-b340-3e4529f44bde","name":"kg"},"flowProperty":{"@type":"FlowProperty","@id":"93a60a56-a3c8-11da-a746-0800200b9a66","name":"Mass"}},{"@type":"Exchange","avoidedProduct":false,"input":false,"amount":1.0581E-8,"internalId":209,"flow":{"@type":"Flow","@id":"7052b271-cf8a-31bd-9d02-c15b03ed2346","name":"Ammonium, ion","flowType":"ELEMENTARY_FLOW"},"unit":{"@type":"Unit","@id":"20aadc24-a391-41cf-b340-3e4529f44bde","name":"kg"},"flowProperty":{"@type":"FlowProperty","@id":"93a60a56-a3c8-11da-a746-0800200b9a66","name":"Mass"}},{"@type":"Exchange","avoidedProduct":false,"input":false,"amount":1.2856E-7,"internalId":16,"flow":{"@type":"Flow","@id":"2300c22d-fa07-34a3-81a2-6fb72e63b09c","name":"Lead","flowType":"ELEMENTARY_FLOW"},"unit":{"@type":"Unit","@id":"20aadc24-a391-41cf-b340-3e4529f44bde","name":"kg"},"flowProperty":{"@type":"FlowProperty","@id":"93a60a56-a3c8-11da-a746-0800200b9a66","name":"Mass"}},{"@type":"Exchange","avoidedProduct":false,"input":false,"amount":7.5234E-9,"internalId":32,"flow":{"@type":"Flow","@id":"5fd898af-49e1-3250-9045-61ee32ba4f1c","name":"Methane, dichloro-, HCC-30","flowType":"ELEMENTARY_FLOW"},"unit":{"@type":"Unit","@id":"20aadc24-a391-41cf-b340-3e4529f44bde","name":"kg"},"flowProperty":{"@type":"FlowProperty","@id":"93a60a56-a3c8-11da-a746-0800200b9a66","name":"Mass"}},{"@type":"Exchange","avoidedProduct":false,"input":false,"amount":2.6341E-8,"internalId":27,"flow":{"@type":"Flow","@id":"608bad76-918a-3d91-8858-a3c7517deace","name":"Nitrogen, total","flowType":"ELEMENTARY_FLOW"},"unit":{"@type":"Unit","@id":"20aadc24-a391-41cf-b340-3e4529f44bde","name":"kg"},"flowProperty":{"@type":"FlowProperty","@id":"93a60a56-a3c8-11da-a746-0800200b9a66","name":"Mass"}},{"@type":"Exchange","avoidedProduct":false,"input":false,"amount":4.9491E-8,"internalId":169,"flow":{"@type":"Flow","@id":"bf17deab-b393-3853-9a6d-53e4dca6fc8f","name":"Ammonium chloride","flowType":"ELEMENTARY_FLOW"},"unit":{"@type":"Unit","@id":"20aadc24-a391-41cf-b340-3e4529f44bde","name":"kg"},"flowProperty":{"@type":"FlowProperty","@id":"93a60a56-a3c8-11da-a746-0800200b9a66","name":"Mass"}},{"@type":"Exchange","avoidedProduct":false,"input":false,"amount":7.5275E-9,"internalId":75,"flow":{"@type":"Flow","@id":"c3b0146d-ff46-3105-908f-bed7960d1299","name":"Cadmium, ion","flowType":"ELEMENTARY_FLOW"},"unit":{"@type":"Unit","@id":"20aadc24-a391-41cf-b340-3e4529f44bde","name":"kg"},"flowProperty":{"@type":"FlowProperty","@id":"93a60a56-a3c8-11da-a746-0800200b9a66","name":"Mass"}},{"@type":"Exchange","avoidedProduct":false,"input":false,"amount":1.4093E-9,"internalId":40,"flow":{"@type":"Flow","@id":"b20d52a4-11eb-39bf-be61-2ac0535decec","name":"Chromium VI","flowType":"ELEMENTARY_FLOW"},"unit":{"@type":"Unit","@id":"20aadc24-a391-41cf-b340-3e4529f44bde","name":"kg"},"flowProperty":{"@type":"FlowProperty","@id":"93a60a56-a3c8-11da-a746-0800200b9a66","name":"Mass"}},{"@type":"Exchange","avoidedProduct":false,"input":false,"amount":1.4717E-8,"internalId":164,"flow":{"@type":"Flow","@id":"56f667ce-eaf9-3e5b-b45d-88e2bea24ff5","name":"Benzene, ethyl-","flowType":"ELEMENTARY_FLOW"},"unit":{"@type":"Unit","@id":"20aadc24-a391-41cf-b340-3e4529f44bde","name":"kg"},"flowProperty":{"@type":"FlowProperty","@id":"93a60a56-a3c8-11da-a746-0800200b9a66","name":"Mass"}},{"@type":"Exchange","avoidedProduct":false,"input":false,"amount":5.1545E-7,"internalId":173,"flow":{"@type":"Flow","@id":"428037ab-78b5-389e-acb6-fb8b0c1c2bc8","name":"Formaldehyde","flowType":"ELEMENTARY_FLOW"},"unit":{"@type":"Unit","@id":"20aadc24-a391-41cf-b340-3e4529f44bde","name":"kg"},"flowProperty":{"@type":"FlowProperty","@id":"93a60a56-a3c8-11da-a746-0800200b9a66","name":"Mass"}},{"@type":"Exchange","avoidedProduct":false,"input":false,"amount":6.0783E-9,"internalId":14,"flow":{"@type":"Flow","@id":"09e56f2b-3265-3ce9-9ff5-3053fd5a9b27","name":"Tetradecane","flowType":"ELEMENTARY_FLOW"},"unit":{"@type":"Unit","@id":"20aadc24-a391-41cf-b340-3e4529f44bde","name":"kg"},"flowProperty":{"@type":"FlowProperty","@id":"93a60a56-a3c8-11da-a746-0800200b9a66","name":"Mass"}},{"@type":"Exchange","avoidedProduct":false,"input":false,"amount":8.6775E-5,"internalId":106,"flow":{"@type":"Flow","@id":"ba21b581-543c-38df-b9b5-3f94fa5053e4","name":"Xylene","flowType":"ELEMENTARY_FLOW"},"unit":{"@type":"Unit","@id":"20aadc24-a391-41cf-b340-3e4529f44bde","name":"kg"},"flowProperty":{"@type":"FlowProperty","@id":"93a60a56-a3c8-11da-a746-0800200b9a66","name":"Mass"}},{"@type":"Exchange","avoidedProduct":false,"input":false,"amount":4.5215E-7,"internalId":171,"flow":{"@type":"Flow","@id":"e365a57e-7d05-3a70-ae11-a1526339b813","name":"Manganese","flowType":"ELEMENTARY_FLOW"},"unit":{"@type":"Unit","@id":"20aadc24-a391-41cf-b340-3e4529f44bde","name":"kg"},"flowProperty":{"@type":"FlowProperty","@id":"93a60a56-a3c8-11da-a746-0800200b9a66","name":"Mass"}},{"@type":"Exchange","avoidedProduct":false,"input":false,"amount":3.6132E-11,"internalId":158,"flow":{"@type":"Flow","@id":"48a50c28-900f-38e2-ad2d-de1589c5c0c6","name":"Dibenzothiophene","flowType":"ELEMENTARY_FLOW"},"unit":{"@type":"Unit","@id":"20aadc24-a391-41cf-b340-3e4529f44bde","name":"kg"},"flowProperty":{"@type":"FlowProperty","@id":"93a60a56-a3c8-11da-a746-0800200b9a66","name":"Mass"}},{"@type":"Exchange","avoidedProduct":false,"input":false,"amount":2.2417E-7,"internalId":18,"flow":{"@type":"Flow","@id":"97a06573-4c7c-37cf-94c3-14e7cbe6b4e3","name":"Titanium, ion","flowType":"ELEMENTARY_FLOW"},"unit":{"@type":"Unit","@id":"20aadc24-a391-41cf-b340-3e4529f44bde","name":"kg"},"flowProperty":{"@type":"FlowProperty","@id":"93a60a56-a3c8-11da-a746-0800200b9a66","name":"Mass"}},{"@type":"Exchange","avoidedProduct":false,"input":false,"amount":1.5369,"internalId":33,"flow":{"@type":"Flow","@id":"68b515f9-f08a-35d6-bc21-60d9e3831d49","name":"Radioactive species, Nuclides, unspecified","flowType":"ELEMENTARY_FLOW"},"unit":{"@type":"Unit","@id":"ac324d87-9961-463a-81a1-099bb0f7d89b","name":"Bq"},"flowProperty":{"@type":"FlowProperty","@id":"93a60a56-a3c8-17da-a746-0800200c9a66","name":"Radioactivity"}}]}