{"@context":"http://greendelta.github.io/olca-schema/context.jsonld","@type":"Process","@id":"e10de570-42e6-3cb6-98fe-7bf6da57046c","name":"Polystyrene, high impact, resin, at plant","version":"00.00.000","lastChange":"2011-10-26T03:48:28-06:00","category":{"@type":"Category","@id":"05ee7247-d00d-304a-97e8-4a376ca05972","name":"Petrochemical Manufacturing"},"processType":"UNIT_PROCESS","infrastructureProcess":false,"location":{"@type":"Location","@id":"b320e7db-c758-3ba6-8839-81eb83c9d7d7","name":"Northern America"},"processDocumentation":{"@type":"ProcessDocumentation","technologyDescription":"Sterilization, removal of stalk/stem and homogenization of fresh fruit bunches followed by removal of crude palm oil by screw press,  purification and refining","samplingDescription":"Data are from primary sources.","restrictionsDescription":"All information can be accessed by everybody.","copyright":false,"validFrom":"1999-12-31-07:00","validUntil":"2002-12-31-07:00","creationDate":"2011-10-26T03:48:28-06:00","geographyDescription":"US","dataDocumentor":{"@type":"Actor","@id":"721bcfe4-ee92-33bc-a9bd-bbf5ba3cb52d","name":"Franklin Associates"},"dataGenerator":{"@type":"Actor","@id":"721bcfe4-ee92-33bc-a9bd-bbf5ba3cb52d","name":"Franklin Associates"},"publication":{"@type":"Source","@id":"bf627fcb-bea3-3085-87ee-2d24ac940458","name":"THE PLASTICS DIVISION OF \nTHE AMERICAN C "},"sources":[{"@type":"Source","@id":"bf627fcb-bea3-3085-87ee-2d24ac940458","name":"THE PLASTICS DIVISION OF \nTHE AMERICAN C "}]},"exchanges":[{"@type":"Exchange","avoidedProduct":false,"input":false,"amount":1.0,"internalId":1,"flow":{"@type":"Flow","@id":"dbbb1705-6acf-3025-b225-8c9480d79a32","name":"Polystyrene, high impact, resin, at plant","flowType":"PRODUCT_FLOW"},"unit":{"@type":"Unit","@id":"20aadc24-a391-41cf-b340-3e4529f44bde","name":"kg"},"flowProperty":{"@type":"FlowProperty","@id":"93a60a56-a3c8-11da-a746-0800200b9a66","name":"Mass"},"quantitativeReference":true},{"@type":"Exchange","avoidedProduct":false,"input":true,"amount":0.2114457696,"description":"Transport is specific to ethylbenzene styrene and polybutadiene delivered to styrene producers. Values for ocean freighter transport are calculated based on average fuel consumption rates as determined from a personal communication with Rich Sonnenschein, U.S. Department of Transportation, Maritime Administration in February 2004: 10% of ocean freighters use diesel fuel, 90% use residual fuel, and a freighter that consumes residual fuel consumes 1.9 gallons per 1,000 ton-miles","internalId":3,"flow":{"@type":"Flow","@id":"455470fa-1a78-344b-ae09-ffa4e22c1f8b","name":"Transport, ocean freighter, residual fuel oil powered","flowType":"PRODUCT_FLOW"},"unit":{"@type":"Unit","@id":"0dea4ed8-bb6b-4049-b2b4-b2c413ef2180","name":"t*km"},"flowProperty":{"@type":"FlowProperty","@id":"838aaa20-0117-11db-92e3-0800200c9a66","name":"Goods transport (mass*distance)"}},{"@type":"Exchange","avoidedProduct":false,"input":false,"amount":3.8E-5,"internalId":24,"flow":{"@type":"Flow","@id":"1827a862-ccac-37ac-9ad7-d2dffe71058c","name":"Nitrogen oxides ","flowType":"ELEMENTARY_FLOW"},"unit":{"@type":"Unit","@id":"20aadc24-a391-41cf-b340-3e4529f44bde","name":"kg"},"flowProperty":{"@type":"FlowProperty","@id":"93a60a56-a3c8-11da-a746-0800200b9a66","name":"Mass"}},{"@type":"Exchange","avoidedProduct":false,"input":true,"amount":0.064,"internalId":4,"flow":{"@type":"Flow","@id":"cba81a11-592f-3984-9f10-86b0607258d1","name":"Polybutadiene, at plant","flowType":"PRODUCT_FLOW"},"unit":{"@type":"Unit","@id":"20aadc24-a391-41cf-b340-3e4529f44bde","name":"kg"},"flowProperty":{"@type":"FlowProperty","@id":"93a60a56-a3c8-11da-a746-0800200b9a66","name":"Mass"}},{"@type":"Exchange","avoidedProduct":false,"input":true,"amount":0.0234939744,"description":"Transport is specific to ethylbenzene styrene and polybutadiene delivered to styrene producers. Values for ocean freighter transport are calculated based on average fuel consumption rates as determined from a personal communication with Rich Sonnenschein, U.S. Department of Transportation, Maritime Administration in February 2004: 10% of ocean freighters use diesel fuel, 90% use residual fuel, and a freighter that consumes residual fuel consumes 1.9 gallons per 1,000 ton-miles","internalId":6,"flow":{"@type":"Flow","@id":"bdfa087f-b7fe-30da-8912-66722f328da6","name":"Transport, ocean freighter, diesel powered","flowType":"PRODUCT_FLOW"},"unit":{"@type":"Unit","@id":"0dea4ed8-bb6b-4049-b2b4-b2c413ef2180","name":"t*km"},"flowProperty":{"@type":"FlowProperty","@id":"838aaa20-0117-11db-92e3-0800200c9a66","name":"Goods transport (mass*distance)"}},{"@type":"Exchange","avoidedProduct":false,"input":false,"amount":0.00249,"internalId":18,"flow":{"@type":"Flow","@id":"a3ed03de-f771-3946-94f3-a02a10d4ca74","name":"Dissolved solids","flowType":"ELEMENTARY_FLOW"},"unit":{"@type":"Unit","@id":"20aadc24-a391-41cf-b340-3e4529f44bde","name":"kg"},"flowProperty":{"@type":"FlowProperty","@id":"93a60a56-a3c8-11da-a746-0800200b9a66","name":"Mass"}},{"@type":"Exchange","avoidedProduct":false,"input":false,"amount":1.0E-5,"internalId":26,"flow":{"@type":"Flow","@id":"441e7e96-6101-3856-ac4f-8f74c8005ba9","name":"Particulates, \u003e 2.5 um, and \u003c 10um","flowType":"ELEMENTARY_FLOW"},"unit":{"@type":"Unit","@id":"20aadc24-a391-41cf-b340-3e4529f44bde","name":"kg"},"flowProperty":{"@type":"FlowProperty","@id":"93a60a56-a3c8-11da-a746-0800200b9a66","name":"Mass"}},{"@type":"Exchange","avoidedProduct":false,"input":true,"amount":0.0181,"internalId":5,"flow":{"@type":"Flow","@id":"5b187fd4-1b60-3d48-83b7-bf743efcbd86","name":"White mineral oil, at plant","flowType":"PRODUCT_FLOW"},"unit":{"@type":"Unit","@id":"20aadc24-a391-41cf-b340-3e4529f44bde","name":"kg"},"flowProperty":{"@type":"FlowProperty","@id":"93a60a56-a3c8-11da-a746-0800200b9a66","name":"Mass"}},{"@type":"Exchange","avoidedProduct":false,"input":false,"amount":1.0E-7,"description":"This emission was reported by fewer than three companies. To indicate known emissions while protecting the confidentiality of individual company responses, the emission is reported only by order of magnitude.","internalId":36,"flow":{"@type":"Flow","@id":"16a0fc94-eaec-315c-9f2f-328d8833dcad","name":"BOD5, Biological Oxygen Demand","flowType":"ELEMENTARY_FLOW"},"unit":{"@type":"Unit","@id":"20aadc24-a391-41cf-b340-3e4529f44bde","name":"kg"},"flowProperty":{"@type":"FlowProperty","@id":"93a60a56-a3c8-11da-a746-0800200b9a66","name":"Mass"}},{"@type":"Exchange","avoidedProduct":false,"input":false,"amount":9.4E-6,"internalId":20,"flow":{"@type":"Flow","@id":"c746fcf6-c553-3f40-9445-6f0b14a727de","name":"Organic substances, unspecified","flowType":"ELEMENTARY_FLOW"},"unit":{"@type":"Unit","@id":"20aadc24-a391-41cf-b340-3e4529f44bde","name":"kg"},"flowProperty":{"@type":"FlowProperty","@id":"93a60a56-a3c8-11da-a746-0800200b9a66","name":"Mass"}},{"@type":"Exchange","avoidedProduct":false,"input":false,"amount":2.9E-5,"internalId":14,"flow":{"@type":"Flow","@id":"91c6fb89-85ed-310b-8197-fb35a753bd97","name":"Suspended solids, unspecified","flowType":"ELEMENTARY_FLOW"},"unit":{"@type":"Unit","@id":"20aadc24-a391-41cf-b340-3e4529f44bde","name":"kg"},"flowProperty":{"@type":"FlowProperty","@id":"93a60a56-a3c8-11da-a746-0800200b9a66","name":"Mass"}},{"@type":"Exchange","avoidedProduct":false,"input":false,"amount":1.0E-7,"description":"This emission was reported by fewer than three companies. To indicate known emissions while protecting the confidentiality of individual company responses, the emission is reported only by order of magnitude.","internalId":32,"flow":{"@type":"Flow","@id":"3398b3ee-0652-3778-a374-804cd0d7b6a6","name":"Sulfur oxides","flowType":"ELEMENTARY_FLOW"},"unit":{"@type":"Unit","@id":"20aadc24-a391-41cf-b340-3e4529f44bde","name":"kg"},"flowProperty":{"@type":"FlowProperty","@id":"93a60a56-a3c8-11da-a746-0800200b9a66","name":"Mass"}},{"@type":"Exchange","avoidedProduct":false,"input":false,"amount":1.6E-5,"description":"This emission was reported by fewer than three companies. To indicate known emissions while protecting the confidentiality of individual company responses, the emission is reported only by order of magnitude.","internalId":21,"flow":{"@type":"Flow","@id":"b641465b-5594-34f2-a9f8-72ceb302de17","name":"Particulates, unspecified","flowType":"ELEMENTARY_FLOW"},"unit":{"@type":"Unit","@id":"20aadc24-a391-41cf-b340-3e4529f44bde","name":"kg"},"flowProperty":{"@type":"FlowProperty","@id":"93a60a56-a3c8-11da-a746-0800200b9a66","name":"Mass"}},{"@type":"Exchange","avoidedProduct":false,"input":false,"amount":1.0E-7,"description":"This emission was reported by fewer than three companies. To indicate known emissions while protecting the confidentiality of individual company responses, the emission is reported only by order of magnitude.","internalId":13,"flow":{"@type":"Flow","@id":"018872d0-ebce-3dfe-9552-3ff163fb468c","name":"Ammonia","flowType":"ELEMENTARY_FLOW"},"unit":{"@type":"Unit","@id":"20aadc24-a391-41cf-b340-3e4529f44bde","name":"kg"},"flowProperty":{"@type":"FlowProperty","@id":"93a60a56-a3c8-11da-a746-0800200b9a66","name":"Mass"}},{"@type":"Exchange","avoidedProduct":false,"input":true,"amount":0.336105619,"description":"Transport is specific to ethylbenzene styrene and polybutadiene delivered to styrene producers.","internalId":25,"flow":{"@type":"Flow","@id":"628c07ec-0802-39c1-ab88-1c62848ef436","name":"Transport, combination truck, diesel powered","flowType":"PRODUCT_FLOW"},"unit":{"@type":"Unit","@id":"0dea4ed8-bb6b-4049-b2b4-b2c413ef2180","name":"t*km"},"flowProperty":{"@type":"FlowProperty","@id":"838aaa20-0117-11db-92e3-0800200c9a66","name":"Goods transport (mass*distance)"}},{"@type":"Exchange","avoidedProduct":false,"input":false,"amount":1.0E-9,"description":"This emission was reported by fewer than three companies. To indicate known emissions while protecting the confidentiality of individual company responses, the emission is reported only by order of magnitude.","internalId":31,"flow":{"@type":"Flow","@id":"db2ec074-8c29-343a-bf04-00af6b343551","name":"Acid gases, unspecified","flowType":"ELEMENTARY_FLOW"},"unit":{"@type":"Unit","@id":"20aadc24-a391-41cf-b340-3e4529f44bde","name":"kg"},"flowProperty":{"@type":"FlowProperty","@id":"93a60a56-a3c8-11da-a746-0800200b9a66","name":"Mass"}},{"@type":"Exchange","avoidedProduct":false,"input":false,"amount":1.0E-8,"description":"This emission was reported by fewer than three companies. To indicate known emissions while protecting the confidentiality of individual company responses, the emission is reported only by order of magnitude.","internalId":33,"flow":{"@type":"Flow","@id":"2300c22d-fa07-34a3-81a2-6fb72e63b09c","name":"Lead","flowType":"ELEMENTARY_FLOW"},"unit":{"@type":"Unit","@id":"20aadc24-a391-41cf-b340-3e4529f44bde","name":"kg"},"flowProperty":{"@type":"FlowProperty","@id":"93a60a56-a3c8-11da-a746-0800200b9a66","name":"Mass"}},{"@type":"Exchange","avoidedProduct":false,"input":false,"amount":1.0E-6,"description":"This emission was reported by fewer than three companies. To indicate known emissions while protecting the confidentiality of individual company responses, the emission is reported only by order of magnitude.","internalId":34,"flow":{"@type":"Flow","@id":"8edf326a-2e6d-3491-adef-f99e27e35043","name":"Methane, difluromonochloro-, HCFC-22","flowType":"ELEMENTARY_FLOW"},"unit":{"@type":"Unit","@id":"20aadc24-a391-41cf-b340-3e4529f44bde","name":"kg"},"flowProperty":{"@type":"FlowProperty","@id":"93a60a56-a3c8-11da-a746-0800200b9a66","name":"Mass"}},{"@type":"Exchange","avoidedProduct":false,"input":true,"amount":1.21571916984143E-4,"description":"Consumptive use includes: water incorporated into the product, water evaporated during the process, and/or water used and released to a body other than that from which it was drawn.","internalId":2,"flow":{"@type":"Flow","@id":"7fefc941-9acb-39f7-9e3b-dd4e8f07ed0b","name":"Water, process, unspecified natural origin/m3","flowType":"ELEMENTARY_FLOW"},"unit":{"@type":"Unit","@id":"1c3a9695-398d-4b1f-b07e-a8715b610f70","name":"m3"},"flowProperty":{"@type":"FlowProperty","@id":"93a60a56-a3c8-22da-a746-0800200c9a66","name":"Volume"}},{"@type":"Exchange","avoidedProduct":false,"input":false,"amount":1.0E-8,"description":"This emission was reported by fewer than three companies. To indicate known emissions while protecting the confidentiality of individual company responses, the emission is reported only by order of magnitude.","internalId":11,"flow":{"@type":"Flow","@id":"b6c641ee-4834-350c-96c1-1acb1906e7df","name":"Chromium, unspecified","flowType":"ELEMENTARY_FLOW"},"unit":{"@type":"Unit","@id":"20aadc24-a391-41cf-b340-3e4529f44bde","name":"kg"},"flowProperty":{"@type":"FlowProperty","@id":"93a60a56-a3c8-11da-a746-0800200b9a66","name":"Mass"}},{"@type":"Exchange","avoidedProduct":false,"input":false,"amount":1.0E-8,"description":"This emission was reported by fewer than three companies. To indicate known emissions while protecting the confidentiality of individual company responses, the emission is reported only by order of magnitude.","internalId":17,"flow":{"@type":"Flow","@id":"e475fe8b-bdbb-39dd-a68e-b8c6173b5bf3","name":"Iron","flowType":"ELEMENTARY_FLOW"},"unit":{"@type":"Unit","@id":"20aadc24-a391-41cf-b340-3e4529f44bde","name":"kg"},"flowProperty":{"@type":"FlowProperty","@id":"93a60a56-a3c8-11da-a746-0800200b9a66","name":"Mass"}},{"@type":"Exchange","avoidedProduct":false,"input":false,"amount":1.0E-9,"description":"This emission was reported by fewer than three companies. To indicate known emissions while protecting the confidentiality of individual company responses, the emission is reported only by order of magnitude.","internalId":9,"flow":{"@type":"Flow","@id":"d53034f6-f44f-3ece-b946-c5e885833fab","name":"Phenol compounds, unspecified","flowType":"ELEMENTARY_FLOW"},"unit":{"@type":"Unit","@id":"20aadc24-a391-41cf-b340-3e4529f44bde","name":"kg"},"flowProperty":{"@type":"FlowProperty","@id":"93a60a56-a3c8-11da-a746-0800200b9a66","name":"Mass"}},{"@type":"Exchange","avoidedProduct":false,"input":false,"amount":1.1E-5,"internalId":22,"flow":{"@type":"Flow","@id":"80c9c183-6e8e-3cba-a608-1d70820c3ce9","name":"Carbon monoxide","flowType":"ELEMENTARY_FLOW"},"unit":{"@type":"Unit","@id":"20aadc24-a391-41cf-b340-3e4529f44bde","name":"kg"},"flowProperty":{"@type":"FlowProperty","@id":"93a60a56-a3c8-11da-a746-0800200b9a66","name":"Mass"}},{"@type":"Exchange","avoidedProduct":false,"input":true,"amount":0.936,"internalId":35,"flow":{"@type":"Flow","@id":"4a72778b-37b3-3c70-bcdc-b47701e7fe74","name":"Ethylbenzene styrene, at plant","flowType":"PRODUCT_FLOW"},"unit":{"@type":"Unit","@id":"20aadc24-a391-41cf-b340-3e4529f44bde","name":"kg"},"flowProperty":{"@type":"FlowProperty","@id":"93a60a56-a3c8-11da-a746-0800200b9a66","name":"Mass"}},{"@type":"Exchange","avoidedProduct":false,"input":false,"amount":6.0E-5,"internalId":10,"flow":{"@type":"Flow","@id":"dbe659c1-d252-37bd-a77e-a0674ded4f4a","name":"Zinc","flowType":"ELEMENTARY_FLOW"},"unit":{"@type":"Unit","@id":"20aadc24-a391-41cf-b340-3e4529f44bde","name":"kg"},"flowProperty":{"@type":"FlowProperty","@id":"93a60a56-a3c8-11da-a746-0800200b9a66","name":"Mass"}},{"@type":"Exchange","avoidedProduct":false,"input":true,"amount":0.330931075,"description":"Transport is specific to ethylbenzene styrene and polybutadiene delivered to styrene producers.","internalId":19,"flow":{"@type":"Flow","@id":"73c7494d-4e93-3769-896b-8bb82f0dfccc","name":"Transport, train, diesel powered","flowType":"PRODUCT_FLOW"},"unit":{"@type":"Unit","@id":"0dea4ed8-bb6b-4049-b2b4-b2c413ef2180","name":"t*km"},"flowProperty":{"@type":"FlowProperty","@id":"838aaa20-0117-11db-92e3-0800200c9a66","name":"Goods transport (mass*distance)"}},{"@type":"Exchange","avoidedProduct":false,"input":false,"amount":1.0E-8,"description":"This emission was reported by fewer than three companies. To indicate known emissions while protecting the confidentiality of individual company responses, the emission is reported only by order of magnitude.","internalId":16,"flow":{"@type":"Flow","@id":"c83d2d24-3e15-38d0-9f2b-9dec15356bb6","name":"Nickel","flowType":"ELEMENTARY_FLOW"},"unit":{"@type":"Unit","@id":"20aadc24-a391-41cf-b340-3e4529f44bde","name":"kg"},"flowProperty":{"@type":"FlowProperty","@id":"93a60a56-a3c8-11da-a746-0800200b9a66","name":"Mass"}},{"@type":"Exchange","avoidedProduct":false,"input":true,"amount":0.824558891468208,"description":"Transport is specific to ethylbenzene styrene delivered to styrene producers. Values for barge transport are calculated based on average fuel consumption rates as reported in Transportation Energy Data Book: Edition 22 from Oak Ridge National Laboratory, September 2002: 22% of barges use diesel fuel in their engines, 78% use residual oil to generate steam for steam turbines, and a barge that consumes residual oil consumes 3.4 gallons per 1,000 ton-miles ","internalId":27,"flow":{"@type":"Flow","@id":"c2cc68fe-1754-3468-a973-51c2f5c82fcd","name":"Transport, barge, residual fuel oil powered","flowType":"PRODUCT_FLOW"},"unit":{"@type":"Unit","@id":"0dea4ed8-bb6b-4049-b2b4-b2c413ef2180","name":"t*km"},"flowProperty":{"@type":"FlowProperty","@id":"838aaa20-0117-11db-92e3-0800200c9a66","name":"Goods transport (mass*distance)"}},{"@type":"Exchange","avoidedProduct":false,"input":false,"amount":1.0E-6,"description":"This emission was reported by fewer than three companies. To indicate known emissions while protecting the confidentiality of individual company responses, the emission is reported only by order of magnitude.","internalId":7,"flow":{"@type":"Flow","@id":"1e8cc60c-35be-3d7a-8f13-5a46881dc0cb","name":"Phosphates","flowType":"ELEMENTARY_FLOW"},"unit":{"@type":"Unit","@id":"20aadc24-a391-41cf-b340-3e4529f44bde","name":"kg"},"flowProperty":{"@type":"FlowProperty","@id":"93a60a56-a3c8-11da-a746-0800200b9a66","name":"Mass"}},{"@type":"Exchange","avoidedProduct":false,"input":false,"amount":1.0E-7,"description":"This emission was reported by fewer than three companies. To indicate known emissions while protecting the confidentiality of individual company responses, the emission is reported only by order of magnitude.","internalId":8,"flow":{"@type":"Flow","@id":"86957ef8-d6c4-3521-a7ef-db7121f6d813","name":"Oil and grease, unspecified","flowType":"ELEMENTARY_FLOW"},"unit":{"@type":"Unit","@id":"20aadc24-a391-41cf-b340-3e4529f44bde","name":"kg"},"flowProperty":{"@type":"FlowProperty","@id":"93a60a56-a3c8-11da-a746-0800200b9a66","name":"Mass"}},{"@type":"Exchange","avoidedProduct":false,"input":true,"amount":0.00114,"internalId":12,"flow":{"@type":"Flow","@id":"5d2b8abb-4d07-3515-b955-46a086e599f6","name":"CUTOFF Disposal, solid waste, unspecified, to waste-to-energy","flowType":"PRODUCT_FLOW"},"unit":{"@type":"Unit","@id":"20aadc24-a391-41cf-b340-3e4529f44bde","name":"kg"},"flowProperty":{"@type":"FlowProperty","@id":"93a60a56-a3c8-11da-a746-0800200b9a66","name":"Mass"}},{"@type":"Exchange","avoidedProduct":false,"input":false,"amount":2.8E-5,"internalId":29,"flow":{"@type":"Flow","@id":"6b41ff0f-2c11-3d98-aee6-ca2f5d4c817c","name":"NMVOC, non-methane volatile organic compounds, unspecified ","flowType":"ELEMENTARY_FLOW"},"unit":{"@type":"Unit","@id":"20aadc24-a391-41cf-b340-3e4529f44bde","name":"kg"},"flowProperty":{"@type":"FlowProperty","@id":"93a60a56-a3c8-11da-a746-0800200b9a66","name":"Mass"}},{"@type":"Exchange","avoidedProduct":false,"input":false,"amount":1.0E-6,"description":"This emission was reported by fewer than three companies. To indicate known emissions while protecting the confidentiality of individual company responses, the emission is reported only by order of magnitude.","internalId":30,"flow":{"@type":"Flow","@id":"d25cd0b7-4fc5-3be0-88d3-2d661482fde2","name":"Methane ","flowType":"ELEMENTARY_FLOW"},"unit":{"@type":"Unit","@id":"20aadc24-a391-41cf-b340-3e4529f44bde","name":"kg"},"flowProperty":{"@type":"FlowProperty","@id":"93a60a56-a3c8-11da-a746-0800200b9a66","name":"Mass"}},{"@type":"Exchange","avoidedProduct":false,"input":true,"amount":0.247987636531792,"description":"Transport is specific to ethylbenzene styrene delivered to styrene producers. Values for barge transport are calculated based on average fuel consumption rates as reported in Transportation Energy Data Book: Edition 22 from Oak Ridge National Laboratory, September 2002: 22% of barges use diesel fuel in their engines, 78% use residual oil to generate steam for steam turbines, and a barge that consumes residual oil consumes 3.4 gallons per 1,000 ton-miles ","internalId":15,"flow":{"@type":"Flow","@id":"a1242640-8306-366c-9c55-6dfd23e77bd7","name":"Transport, barge, diesel powered","flowType":"PRODUCT_FLOW"},"unit":{"@type":"Unit","@id":"0dea4ed8-bb6b-4049-b2b4-b2c413ef2180","name":"t*km"},"flowProperty":{"@type":"FlowProperty","@id":"838aaa20-0117-11db-92e3-0800200c9a66","name":"Goods transport (mass*distance)"}},{"@type":"Exchange","avoidedProduct":false,"input":false,"amount":1.0E-9,"description":"This emission was reported by fewer than three companies. To indicate known emissions while protecting the confidentiality of individual company responses, the emission is reported only by order of magnitude.","internalId":23,"flow":{"@type":"Flow","@id":"029965e2-8227-3af2-a379-0bec2d656e7f","name":"Cyanide","flowType":"ELEMENTARY_FLOW"},"unit":{"@type":"Unit","@id":"20aadc24-a391-41cf-b340-3e4529f44bde","name":"kg"},"flowProperty":{"@type":"FlowProperty","@id":"93a60a56-a3c8-11da-a746-0800200b9a66","name":"Mass"}},{"@type":"Exchange","avoidedProduct":false,"input":true,"amount":0.0147927689594356,"internalId":37,"flow":{"@type":"Flow","@id":"fc76d79e-b0fb-376f-807b-02fe2098aa88","name":"Electricity, at cogen, for natural gas turbine","flowType":"PRODUCT_FLOW"},"unit":{"@type":"Unit","@id":"86ad2244-1f0e-4912-af53-7865283103e4","name":"kWh"},"flowProperty":{"@type":"FlowProperty","@id":"f6811440-ee37-11de-8a39-0800200c9a66","name":"Energy"}},{"@type":"Exchange","avoidedProduct":false,"input":true,"amount":0.114197530864198,"internalId":38,"flow":{"@type":"Flow","@id":"06581fb2-1de0-3e78-8298-f37605dea142","name":"Electricity, at grid, US, 2008","flowType":"PRODUCT_FLOW"},"unit":{"@type":"Unit","@id":"86ad2244-1f0e-4912-af53-7865283103e4","name":"kWh"},"flowProperty":{"@type":"FlowProperty","@id":"f6811440-ee37-11de-8a39-0800200c9a66","name":"Energy"}},{"@type":"Exchange","avoidedProduct":false,"input":true,"amount":0.022099158,"internalId":28,"flow":{"@type":"Flow","@id":"bb1dc159-fe13-3f8e-8197-361e8c770ba3","name":"Natural gas, combusted in industrial boiler","flowType":"PRODUCT_FLOW"},"unit":{"@type":"Unit","@id":"1c3a9695-398d-4b1f-b07e-a8715b610f70","name":"m3"},"flowProperty":{"@type":"FlowProperty","@id":"93a60a56-a3c8-22da-a746-0800200c9a66","name":"Volume"}}]}