{"@context":"http://greendelta.github.io/olca-schema/context.jsonld","@type":"Process","@id":"e53e0de4-6c90-3519-850b-eb670f2c641b","name":"Crude oil, extracted","version":"00.00.000","lastChange":"2011-09-27T02:20:15-06:00","category":{"@type":"Category","@id":"05ee7247-d00d-304a-97e8-4a376ca05972","name":"Petrochemical Manufacturing"},"processType":"UNIT_PROCESS","infrastructureProcess":false,"location":{"@type":"Location","@id":"b320e7db-c758-3ba6-8839-81eb83c9d7d7","name":"Northern America"},"processDocumentation":{"@type":"ProcessDocumentation","technologyDescription":"Onshore and offshore drilling into underground porous rock structures using natural pressure or automated pump to surface oil, followed by water removal","samplingDescription":"Data collected from secondary sources.","restrictionsDescription":"All information can be accessed by everybody.","copyright":false,"validFrom":"2002-12-31-07:00","validUntil":"2002-12-31-07:00","creationDate":"2011-09-27T02:20:15-06:00","geographyDescription":"North America (US and Canada)","dataDocumentor":{"@type":"Actor","@id":"721bcfe4-ee92-33bc-a9bd-bbf5ba3cb52d","name":"Franklin Associates"},"dataGenerator":{"@type":"Actor","@id":"721bcfe4-ee92-33bc-a9bd-bbf5ba3cb52d","name":"Franklin Associates"},"publication":{"@type":"Source","@id":"bf627fcb-bea3-3085-87ee-2d24ac940458","name":"THE PLASTICS DIVISION OF \nTHE AMERICAN C "},"sources":[{"@type":"Source","@id":"bf627fcb-bea3-3085-87ee-2d24ac940458","name":"THE PLASTICS DIVISION OF \nTHE AMERICAN C "}]},"exchanges":[{"@type":"Exchange","avoidedProduct":false,"input":false,"amount":1.0,"internalId":1,"flow":{"@type":"Flow","@id":"67d71d59-8951-30d6-a5c8-2ddbe3cc92de","name":"Crude oil, extracted","flowType":"PRODUCT_FLOW"},"unit":{"@type":"Unit","@id":"20aadc24-a391-41cf-b340-3e4529f44bde","name":"kg"},"flowProperty":{"@type":"FlowProperty","@id":"93a60a56-a3c8-11da-a746-0800200b9a66","name":"Mass"},"quantitativeReference":true},{"@type":"Exchange","avoidedProduct":false,"input":false,"amount":3.04E-11,"internalId":9,"flow":{"@type":"Flow","@id":"589fc0be-4a57-3639-a0f3-61f322768ed9","name":"n-Hexacosane","flowType":"ELEMENTARY_FLOW"},"unit":{"@type":"Unit","@id":"20aadc24-a391-41cf-b340-3e4529f44bde","name":"kg"},"flowProperty":{"@type":"FlowProperty","@id":"93a60a56-a3c8-11da-a746-0800200b9a66","name":"Mass"}},{"@type":"Exchange","avoidedProduct":false,"input":false,"amount":2.779E-6,"internalId":79,"flow":{"@type":"Flow","@id":"018872d0-ebce-3dfe-9552-3ff163fb468c","name":"Ammonia","flowType":"ELEMENTARY_FLOW"},"unit":{"@type":"Unit","@id":"20aadc24-a391-41cf-b340-3e4529f44bde","name":"kg"},"flowProperty":{"@type":"FlowProperty","@id":"93a60a56-a3c8-11da-a746-0800200b9a66","name":"Mass"}},{"@type":"Exchange","avoidedProduct":false,"input":false,"amount":4.55E-12,"internalId":72,"flow":{"@type":"Flow","@id":"7bc52241-a3b4-319f-aac4-ab8b3182a44f","name":"Benzene, 1-methyl-4-(1-methylethyl)-","flowType":"ELEMENTARY_FLOW"},"unit":{"@type":"Unit","@id":"20aadc24-a391-41cf-b340-3e4529f44bde","name":"kg"},"flowProperty":{"@type":"FlowProperty","@id":"93a60a56-a3c8-11da-a746-0800200b9a66","name":"Mass"}},{"@type":"Exchange","avoidedProduct":false,"input":false,"amount":3.286E-12,"internalId":70,"flow":{"@type":"Flow","@id":"029965e2-8227-3af2-a379-0bec2d656e7f","name":"Cyanide","flowType":"ELEMENTARY_FLOW"},"unit":{"@type":"Unit","@id":"20aadc24-a391-41cf-b340-3e4529f44bde","name":"kg"},"flowProperty":{"@type":"FlowProperty","@id":"93a60a56-a3c8-11da-a746-0800200b9a66","name":"Mass"}},{"@type":"Exchange","avoidedProduct":false,"input":false,"amount":6.165E-8,"internalId":92,"flow":{"@type":"Flow","@id":"ab16a3a2-869f-36ed-9233-5302d79cf1f9","name":"Copper, ion","flowType":"ELEMENTARY_FLOW"},"unit":{"@type":"Unit","@id":"20aadc24-a391-41cf-b340-3e4529f44bde","name":"kg"},"flowProperty":{"@type":"FlowProperty","@id":"93a60a56-a3c8-11da-a746-0800200b9a66","name":"Mass"}},{"@type":"Exchange","avoidedProduct":false,"input":false,"amount":0.0053,"internalId":33,"flow":{"@type":"Flow","@id":"d25cd0b7-4fc5-3be0-88d3-2d661482fde2","name":"Methane ","flowType":"ELEMENTARY_FLOW"},"unit":{"@type":"Unit","@id":"20aadc24-a391-41cf-b340-3e4529f44bde","name":"kg"},"flowProperty":{"@type":"FlowProperty","@id":"93a60a56-a3c8-11da-a746-0800200b9a66","name":"Mass"}},{"@type":"Exchange","avoidedProduct":false,"input":false,"amount":1.18E-7,"internalId":62,"flow":{"@type":"Flow","@id":"2300c22d-fa07-34a3-81a2-6fb72e63b09c","name":"Lead","flowType":"ELEMENTARY_FLOW"},"unit":{"@type":"Unit","@id":"20aadc24-a391-41cf-b340-3e4529f44bde","name":"kg"},"flowProperty":{"@type":"FlowProperty","@id":"93a60a56-a3c8-11da-a746-0800200b9a66","name":"Mass"}},{"@type":"Exchange","avoidedProduct":false,"input":true,"amount":6.84208E-4,"internalId":14,"flow":{"@type":"Flow","@id":"bc38e349-1ccf-3855-a615-a4f581ab875b","name":"Gasoline, combusted in equipment","flowType":"PRODUCT_FLOW"},"unit":{"@type":"Unit","@id":"b80a512e-e402-4363-8ad0-7d02dcf4a459","name":"l"},"flowProperty":{"@type":"FlowProperty","@id":"93a60a56-a3c8-22da-a746-0800200c9a66","name":"Volume"}},{"@type":"Exchange","avoidedProduct":false,"input":false,"amount":3.308E-9,"internalId":61,"flow":{"@type":"Flow","@id":"218578bc-756c-3b08-a962-4e94034e2b70","name":"Naphthalene, 2-methyl-","flowType":"ELEMENTARY_FLOW"},"unit":{"@type":"Unit","@id":"20aadc24-a391-41cf-b340-3e4529f44bde","name":"kg"},"flowProperty":{"@type":"FlowProperty","@id":"93a60a56-a3c8-11da-a746-0800200b9a66","name":"Mass"}},{"@type":"Exchange","avoidedProduct":false,"input":false,"amount":1.833E-12,"internalId":73,"flow":{"@type":"Flow","@id":"55d397ed-1326-3239-bf9b-c6644f59275a","name":"Methane, monochloro-, R-40","flowType":"ELEMENTARY_FLOW"},"unit":{"@type":"Unit","@id":"20aadc24-a391-41cf-b340-3e4529f44bde","name":"kg"},"flowProperty":{"@type":"FlowProperty","@id":"93a60a56-a3c8-11da-a746-0800200b9a66","name":"Mass"}},{"@type":"Exchange","avoidedProduct":false,"input":false,"amount":2.421E-7,"internalId":52,"flow":{"@type":"Flow","@id":"a1901307-75ac-3691-987d-7e2e9ff4ede8","name":"Toluene","flowType":"ELEMENTARY_FLOW"},"unit":{"@type":"Unit","@id":"20aadc24-a391-41cf-b340-3e4529f44bde","name":"kg"},"flowProperty":{"@type":"FlowProperty","@id":"93a60a56-a3c8-11da-a746-0800200b9a66","name":"Mass"}},{"@type":"Exchange","avoidedProduct":false,"input":false,"amount":5.4E-8,"internalId":18,"flow":{"@type":"Flow","@id":"c83d2d24-3e15-38d0-9f2b-9dec15356bb6","name":"Nickel","flowType":"ELEMENTARY_FLOW"},"unit":{"@type":"Unit","@id":"20aadc24-a391-41cf-b340-3e4529f44bde","name":"kg"},"flowProperty":{"@type":"FlowProperty","@id":"93a60a56-a3c8-11da-a746-0800200b9a66","name":"Mass"}},{"@type":"Exchange","avoidedProduct":false,"input":true,"amount":0.0327731931018355,"internalId":49,"flow":{"@type":"Flow","@id":"bb1dc159-fe13-3f8e-8197-361e8c770ba3","name":"Natural gas, combusted in industrial boiler","flowType":"PRODUCT_FLOW"},"unit":{"@type":"Unit","@id":"1c3a9695-398d-4b1f-b07e-a8715b610f70","name":"m3"},"flowProperty":{"@type":"FlowProperty","@id":"93a60a56-a3c8-22da-a746-0800200c9a66","name":"Volume"}},{"@type":"Exchange","avoidedProduct":false,"input":false,"amount":4.643E-8,"internalId":53,"flow":{"@type":"Flow","@id":"ffe55999-19d9-3ac1-b89e-97076f36c437","name":"Arsenic, ion","flowType":"ELEMENTARY_FLOW"},"unit":{"@type":"Unit","@id":"20aadc24-a391-41cf-b340-3e4529f44bde","name":"kg"},"flowProperty":{"@type":"FlowProperty","@id":"93a60a56-a3c8-11da-a746-0800200b9a66","name":"Mass"}},{"@type":"Exchange","avoidedProduct":false,"input":false,"amount":2.612E-7,"internalId":12,"flow":{"@type":"Flow","@id":"62d93580-597b-306f-b17b-15c7bfb5747a","name":"Benzene","flowType":"ELEMENTARY_FLOW"},"unit":{"@type":"Unit","@id":"20aadc24-a391-41cf-b340-3e4529f44bde","name":"kg"},"flowProperty":{"@type":"FlowProperty","@id":"93a60a56-a3c8-11da-a746-0800200b9a66","name":"Mass"}},{"@type":"Exchange","avoidedProduct":false,"input":false,"amount":2.102E-5,"internalId":5,"flow":{"@type":"Flow","@id":"dc52a4db-da65-3119-8e62-70228d090990","name":"Aluminum","flowType":"ELEMENTARY_FLOW"},"unit":{"@type":"Unit","@id":"20aadc24-a391-41cf-b340-3e4529f44bde","name":"kg"},"flowProperty":{"@type":"FlowProperty","@id":"93a60a56-a3c8-11da-a746-0800200b9a66","name":"Mass"}},{"@type":"Exchange","avoidedProduct":false,"input":false,"amount":4.652E-8,"internalId":40,"flow":{"@type":"Flow","@id":"ed985804-e100-3e5a-9e97-8ce924124936","name":"Hexanoic acid","flowType":"ELEMENTARY_FLOW"},"unit":{"@type":"Unit","@id":"20aadc24-a391-41cf-b340-3e4529f44bde","name":"kg"},"flowProperty":{"@type":"FlowProperty","@id":"93a60a56-a3c8-11da-a746-0800200b9a66","name":"Mass"}},{"@type":"Exchange","avoidedProduct":false,"input":true,"amount":0.0261454653238431,"internalId":42,"flow":{"@type":"Flow","@id":"838cef47-a3a6-3dce-bcb2-560991c5e95c","name":"CUTOFF Disposal, solid waste, unspecified, to sanitary landfill","flowType":"PRODUCT_FLOW"},"unit":{"@type":"Unit","@id":"20aadc24-a391-41cf-b340-3e4529f44bde","name":"kg"},"flowProperty":{"@type":"FlowProperty","@id":"93a60a56-a3c8-11da-a746-0800200b9a66","name":"Mass"}},{"@type":"Exchange","avoidedProduct":false,"input":false,"amount":5.616E-7,"internalId":93,"flow":{"@type":"Flow","@id":"b8d7c779-e771-335b-9443-1ce11dab8237","name":"Chromium","flowType":"ELEMENTARY_FLOW"},"unit":{"@type":"Unit","@id":"20aadc24-a391-41cf-b340-3e4529f44bde","name":"kg"},"flowProperty":{"@type":"FlowProperty","@id":"93a60a56-a3c8-11da-a746-0800200b9a66","name":"Mass"}},{"@type":"Exchange","avoidedProduct":false,"input":false,"amount":4.873E-11,"internalId":85,"flow":{"@type":"Flow","@id":"e28ad813-0924-3808-93db-a008e5e0e425","name":"Docosane","flowType":"ELEMENTARY_FLOW"},"unit":{"@type":"Unit","@id":"20aadc24-a391-41cf-b340-3e4529f44bde","name":"kg"},"flowProperty":{"@type":"FlowProperty","@id":"93a60a56-a3c8-11da-a746-0800200b9a66","name":"Mass"}},{"@type":"Exchange","avoidedProduct":false,"input":false,"amount":1.914E-10,"internalId":44,"flow":{"@type":"Flow","@id":"28ed9d12-e522-3bfb-b74b-f5d68aa23254","name":"4-Methyl-2-pentanone","flowType":"ELEMENTARY_FLOW"},"unit":{"@type":"Unit","@id":"20aadc24-a391-41cf-b340-3e4529f44bde","name":"kg"},"flowProperty":{"@type":"FlowProperty","@id":"93a60a56-a3c8-11da-a746-0800200b9a66","name":"Mass"}},{"@type":"Exchange","avoidedProduct":false,"input":false,"amount":7.035E-10,"internalId":46,"flow":{"@type":"Flow","@id":"29212dbf-5c92-3200-aebd-52f80075b202","name":"Naphthalenes, alkylated, unspecified","flowType":"ELEMENTARY_FLOW"},"unit":{"@type":"Unit","@id":"20aadc24-a391-41cf-b340-3e4529f44bde","name":"kg"},"flowProperty":{"@type":"FlowProperty","@id":"93a60a56-a3c8-11da-a746-0800200b9a66","name":"Mass"}},{"@type":"Exchange","avoidedProduct":false,"input":false,"amount":4.553E-10,"internalId":6,"flow":{"@type":"Flow","@id":"e22eb6cb-aa35-3ef1-8b0f-a3685281ebd0","name":"Acetone","flowType":"ELEMENTARY_FLOW"},"unit":{"@type":"Unit","@id":"20aadc24-a391-41cf-b340-3e4529f44bde","name":"kg"},"flowProperty":{"@type":"FlowProperty","@id":"93a60a56-a3c8-11da-a746-0800200b9a66","name":"Mass"}},{"@type":"Exchange","avoidedProduct":false,"input":false,"amount":1.204E-5,"internalId":71,"flow":{"@type":"Flow","@id":"3f1a6be6-0400-3638-ab4a-ffe9fa11d1ab","name":"Strontium","flowType":"ELEMENTARY_FLOW"},"unit":{"@type":"Unit","@id":"20aadc24-a391-41cf-b340-3e4529f44bde","name":"kg"},"flowProperty":{"@type":"FlowProperty","@id":"93a60a56-a3c8-11da-a746-0800200b9a66","name":"Mass"}},{"@type":"Exchange","avoidedProduct":false,"input":true,"amount":0.0390077609229103,"internalId":43,"flow":{"@type":"Flow","@id":"06581fb2-1de0-3e78-8298-f37605dea142","name":"Electricity, at grid, US, 2008","flowType":"PRODUCT_FLOW"},"unit":{"@type":"Unit","@id":"86ad2244-1f0e-4912-af53-7865283103e4","name":"kWh"},"flowProperty":{"@type":"FlowProperty","@id":"f6811440-ee37-11de-8a39-0800200c9a66","name":"Energy"}},{"@type":"Exchange","avoidedProduct":false,"input":false,"amount":4.293E-8,"internalId":30,"flow":{"@type":"Flow","@id":"6187175f-c6b5-313b-9128-f3a0a1ccd2c5","name":"Benzenes, alkylated, unspecified","flowType":"ELEMENTARY_FLOW"},"unit":{"@type":"Unit","@id":"20aadc24-a391-41cf-b340-3e4529f44bde","name":"kg"},"flowProperty":{"@type":"FlowProperty","@id":"93a60a56-a3c8-11da-a746-0800200b9a66","name":"Mass"}},{"@type":"Exchange","avoidedProduct":false,"input":false,"amount":5.065E-9,"internalId":3,"flow":{"@type":"Flow","@id":"09e56f2b-3265-3ce9-9ff5-3053fd5a9b27","name":"Tetradecane","flowType":"ELEMENTARY_FLOW"},"unit":{"@type":"Unit","@id":"20aadc24-a391-41cf-b340-3e4529f44bde","name":"kg"},"flowProperty":{"@type":"FlowProperty","@id":"93a60a56-a3c8-11da-a746-0800200b9a66","name":"Mass"}},{"@type":"Exchange","avoidedProduct":false,"input":false,"amount":5.012E-4,"internalId":4,"flow":{"@type":"Flow","@id":"0baf0278-2f1b-369a-9a1a-839ef6ec6a22","name":"Calcium, ion","flowType":"ELEMENTARY_FLOW"},"unit":{"@type":"Unit","@id":"20aadc24-a391-41cf-b340-3e4529f44bde","name":"kg"},"flowProperty":{"@type":"FlowProperty","@id":"93a60a56-a3c8-11da-a746-0800200b9a66","name":"Mass"}},{"@type":"Exchange","avoidedProduct":false,"input":false,"amount":6.388E-9,"internalId":36,"flow":{"@type":"Flow","@id":"cafd767a-a7eb-3b1b-9d95-9a585de4e868","name":"Decane","flowType":"ELEMENTARY_FLOW"},"unit":{"@type":"Unit","@id":"20aadc24-a391-41cf-b340-3e4529f44bde","name":"kg"},"flowProperty":{"@type":"FlowProperty","@id":"93a60a56-a3c8-11da-a746-0800200b9a66","name":"Mass"}},{"@type":"Exchange","avoidedProduct":false,"input":true,"amount":0.0012928412292199,"description":"Includes diesel fuel and distillate oil amounts.","internalId":32,"flow":{"@type":"Flow","@id":"d815ff18-015c-3afb-be18-be03bdf325da","name":"Diesel, combusted in industrial equipment","flowType":"PRODUCT_FLOW"},"unit":{"@type":"Unit","@id":"b80a512e-e402-4363-8ad0-7d02dcf4a459","name":"l"},"flowProperty":{"@type":"FlowProperty","@id":"93a60a56-a3c8-22da-a746-0800200c9a66","name":"Volume"}},{"@type":"Exchange","avoidedProduct":false,"input":false,"amount":3.11E-7,"internalId":66,"flow":{"@type":"Flow","@id":"defdeb63-c940-3af5-add7-5af7d67156db","name":"Silver","flowType":"ELEMENTARY_FLOW"},"unit":{"@type":"Unit","@id":"20aadc24-a391-41cf-b340-3e4529f44bde","name":"kg"},"flowProperty":{"@type":"FlowProperty","@id":"93a60a56-a3c8-11da-a746-0800200b9a66","name":"Mass"}},{"@type":"Exchange","avoidedProduct":false,"input":false,"amount":6.203E-9,"internalId":35,"flow":{"@type":"Flow","@id":"1d7a5d94-22c4-37ac-8551-2dc47b9a5d27","name":"Phenol, 2,4-dimethyl-","flowType":"ELEMENTARY_FLOW"},"unit":{"@type":"Unit","@id":"20aadc24-a391-41cf-b340-3e4529f44bde","name":"kg"},"flowProperty":{"@type":"FlowProperty","@id":"93a60a56-a3c8-11da-a746-0800200b9a66","name":"Mass"}},{"@type":"Exchange","avoidedProduct":false,"input":false,"amount":2.488E-9,"internalId":11,"flow":{"@type":"Flow","@id":"382c434b-4131-3cb7-8c90-c3afc262ac23","name":"Fluorenes, alkylated, unspecified","flowType":"ELEMENTARY_FLOW"},"unit":{"@type":"Unit","@id":"20aadc24-a391-41cf-b340-3e4529f44bde","name":"kg"},"flowProperty":{"@type":"FlowProperty","@id":"93a60a56-a3c8-11da-a746-0800200b9a66","name":"Mass"}},{"@type":"Exchange","avoidedProduct":false,"input":false,"amount":7.241E-8,"internalId":68,"flow":{"@type":"Flow","@id":"c99b594a-70e7-3b22-9fcb-bcfdefa2411c","name":"Phenol","flowType":"ELEMENTARY_FLOW"},"unit":{"@type":"Unit","@id":"20aadc24-a391-41cf-b340-3e4529f44bde","name":"kg"},"flowProperty":{"@type":"FlowProperty","@id":"93a60a56-a3c8-11da-a746-0800200b9a66","name":"Mass"}},{"@type":"Exchange","avoidedProduct":false,"input":false,"amount":3.932E-5,"internalId":63,"flow":{"@type":"Flow","@id":"e475fe8b-bdbb-39dd-a68e-b8c6173b5bf3","name":"Iron","flowType":"ELEMENTARY_FLOW"},"unit":{"@type":"Unit","@id":"20aadc24-a391-41cf-b340-3e4529f44bde","name":"kg"},"flowProperty":{"@type":"FlowProperty","@id":"93a60a56-a3c8-11da-a746-0800200b9a66","name":"Mass"}},{"@type":"Exchange","avoidedProduct":false,"input":false,"amount":2.771E-9,"internalId":75,"flow":{"@type":"Flow","@id":"e0d4e7fa-637f-3a85-8419-341f0b632d26","name":"Thallium","flowType":"ELEMENTARY_FLOW"},"unit":{"@type":"Unit","@id":"20aadc24-a391-41cf-b340-3e4529f44bde","name":"kg"},"flowProperty":{"@type":"FlowProperty","@id":"93a60a56-a3c8-11da-a746-0800200b9a66","name":"Mass"}},{"@type":"Exchange","avoidedProduct":false,"input":false,"amount":6.37E-9,"internalId":20,"flow":{"@type":"Flow","@id":"1a070fd7-b649-3193-9fc2-6ca401aab70b","name":"o-Cresol","flowType":"ELEMENTARY_FLOW"},"unit":{"@type":"Unit","@id":"20aadc24-a391-41cf-b340-3e4529f44bde","name":"kg"},"flowProperty":{"@type":"FlowProperty","@id":"93a60a56-a3c8-11da-a746-0800200b9a66","name":"Mass"}},{"@type":"Exchange","avoidedProduct":false,"input":false,"amount":2.53E-5,"internalId":59,"flow":{"@type":"Flow","@id":"16a0fc94-eaec-315c-9f2f-328d8833dcad","name":"BOD5, Biological Oxygen Demand","flowType":"ELEMENTARY_FLOW"},"unit":{"@type":"Unit","@id":"20aadc24-a391-41cf-b340-3e4529f44bde","name":"kg"},"flowProperty":{"@type":"FlowProperty","@id":"93a60a56-a3c8-11da-a746-0800200b9a66","name":"Mass"}},{"@type":"Exchange","avoidedProduct":false,"input":false,"amount":1.21E-7,"internalId":37,"flow":{"@type":"Flow","@id":"c90fa9d9-1ec5-3acc-849f-fb2af9581262","name":"Surfactants","flowType":"ELEMENTARY_FLOW"},"unit":{"@type":"Unit","@id":"20aadc24-a391-41cf-b340-3e4529f44bde","name":"kg"},"flowProperty":{"@type":"FlowProperty","@id":"93a60a56-a3c8-11da-a746-0800200b9a66","name":"Mass"}},{"@type":"Exchange","avoidedProduct":false,"input":false,"amount":1.056E-5,"internalId":90,"flow":{"@type":"Flow","@id":"8f540c79-5d4c-3d31-82fd-42347bef721a","name":"Sulfate","flowType":"ELEMENTARY_FLOW"},"unit":{"@type":"Unit","@id":"20aadc24-a391-41cf-b340-3e4529f44bde","name":"kg"},"flowProperty":{"@type":"FlowProperty","@id":"93a60a56-a3c8-11da-a746-0800200b9a66","name":"Mass"}},{"@type":"Exchange","avoidedProduct":false,"input":false,"amount":2.333E-9,"internalId":2,"flow":{"@type":"Flow","@id":"89e3d707-c058-3566-a47b-c480679ea6bd","name":"o-Xylene","flowType":"ELEMENTARY_FLOW"},"unit":{"@type":"Unit","@id":"20aadc24-a391-41cf-b340-3e4529f44bde","name":"kg"},"flowProperty":{"@type":"FlowProperty","@id":"93a60a56-a3c8-11da-a746-0800200b9a66","name":"Mass"}},{"@type":"Exchange","avoidedProduct":false,"input":false,"amount":6.273E-9,"internalId":78,"flow":{"@type":"Flow","@id":"d017a101-7440-3c63-836a-ee563a2a8a6b","name":"m-Xylene","flowType":"ELEMENTARY_FLOW"},"unit":{"@type":"Unit","@id":"20aadc24-a391-41cf-b340-3e4529f44bde","name":"kg"},"flowProperty":{"@type":"FlowProperty","@id":"93a60a56-a3c8-11da-a746-0800200b9a66","name":"Mass"}},{"@type":"Exchange","avoidedProduct":false,"input":false,"amount":8.005E-15,"internalId":80,"flow":{"@type":"Flow","@id":"9f17e382-d373-35e5-8ca4-99fdad2f939a","name":"Radium-226/kg","flowType":"ELEMENTARY_FLOW"},"unit":{"@type":"Unit","@id":"20aadc24-a391-41cf-b340-3e4529f44bde","name":"kg"},"flowProperty":{"@type":"FlowProperty","@id":"93a60a56-a3c8-11da-a746-0800200b9a66","name":"Mass"}},{"@type":"Exchange","avoidedProduct":false,"input":false,"amount":3.113E-5,"internalId":69,"flow":{"@type":"Flow","@id":"66858f3e-29ef-3d70-98cc-7860ec71f647","name":"Bromide","flowType":"ELEMENTARY_FLOW"},"unit":{"@type":"Unit","@id":"20aadc24-a391-41cf-b340-3e4529f44bde","name":"kg"},"flowProperty":{"@type":"FlowProperty","@id":"93a60a56-a3c8-11da-a746-0800200b9a66","name":"Mass"}},{"@type":"Exchange","avoidedProduct":false,"input":false,"amount":4.18E-5,"internalId":16,"flow":{"@type":"Flow","@id":"33d5907f-322f-336d-b23f-f2959923f99f","name":"COD, Chemical Oxygen Demand","flowType":"ELEMENTARY_FLOW"},"unit":{"@type":"Unit","@id":"20aadc24-a391-41cf-b340-3e4529f44bde","name":"kg"},"flowProperty":{"@type":"FlowProperty","@id":"93a60a56-a3c8-11da-a746-0800200b9a66","name":"Mass"}},{"@type":"Exchange","avoidedProduct":false,"input":false,"amount":0.0011,"internalId":21,"flow":{"@type":"Flow","@id":"63af114b-afcb-3a82-801a-9c66208a673a","name":"Carbon dioxide, fossil ","flowType":"ELEMENTARY_FLOW"},"unit":{"@type":"Unit","@id":"20aadc24-a391-41cf-b340-3e4529f44bde","name":"kg"},"flowProperty":{"@type":"FlowProperty","@id":"93a60a56-a3c8-11da-a746-0800200b9a66","name":"Mass"}},{"@type":"Exchange","avoidedProduct":false,"input":false,"amount":2.022E-7,"internalId":67,"flow":{"@type":"Flow","@id":"97a06573-4c7c-37cf-94c3-14e7cbe6b4e3","name":"Titanium, ion","flowType":"ELEMENTARY_FLOW"},"unit":{"@type":"Unit","@id":"20aadc24-a391-41cf-b340-3e4529f44bde","name":"kg"},"flowProperty":{"@type":"FlowProperty","@id":"93a60a56-a3c8-11da-a746-0800200b9a66","name":"Mass"}},{"@type":"Exchange","avoidedProduct":false,"input":false,"amount":1.154E-9,"internalId":7,"flow":{"@type":"Flow","@id":"fcad40b6-e7f5-392d-add7-e05e4c05a60a","name":"Fluorene","flowType":"ELEMENTARY_FLOW"},"unit":{"@type":"Unit","@id":"20aadc24-a391-41cf-b340-3e4529f44bde","name":"kg"},"flowProperty":{"@type":"FlowProperty","@id":"93a60a56-a3c8-11da-a746-0800200b9a66","name":"Mass"}},{"@type":"Exchange","avoidedProduct":false,"input":false,"amount":2.542E-9,"internalId":56,"flow":{"@type":"Flow","@id":"b4cec7e5-b107-3e94-8152-1d30a754387f","name":"Selenium","flowType":"ELEMENTARY_FLOW"},"unit":{"@type":"Unit","@id":"20aadc24-a391-41cf-b340-3e4529f44bde","name":"kg"},"flowProperty":{"@type":"FlowProperty","@id":"93a60a56-a3c8-11da-a746-0800200b9a66","name":"Mass"}},{"@type":"Exchange","avoidedProduct":false,"input":false,"amount":4.787E-7,"internalId":41,"flow":{"@type":"Flow","@id":"dbe659c1-d252-37bd-a77e-a0674ded4f4a","name":"Zinc","flowType":"ELEMENTARY_FLOW"},"unit":{"@type":"Unit","@id":"20aadc24-a391-41cf-b340-3e4529f44bde","name":"kg"},"flowProperty":{"@type":"FlowProperty","@id":"93a60a56-a3c8-11da-a746-0800200b9a66","name":"Mass"}},{"@type":"Exchange","avoidedProduct":false,"input":false,"amount":9.92E-5,"internalId":77,"flow":{"@type":"Flow","@id":"c0f23ce6-a65a-3146-9a84-719a4662ef2d","name":"Magnesium","flowType":"ELEMENTARY_FLOW"},"unit":{"@type":"Unit","@id":"20aadc24-a391-41cf-b340-3e4529f44bde","name":"kg"},"flowProperty":{"@type":"FlowProperty","@id":"93a60a56-a3c8-11da-a746-0800200b9a66","name":"Mass"}},{"@type":"Exchange","avoidedProduct":false,"input":false,"amount":1.482E-9,"internalId":58,"flow":{"@type":"Flow","@id":"1d8f2c0c-0700-3cc2-987d-3a2ed96337ae","name":"Yttrium","flowType":"ELEMENTARY_FLOW"},"unit":{"@type":"Unit","@id":"20aadc24-a391-41cf-b340-3e4529f44bde","name":"kg"},"flowProperty":{"@type":"FlowProperty","@id":"93a60a56-a3c8-11da-a746-0800200b9a66","name":"Mass"}},{"@type":"Exchange","avoidedProduct":false,"input":false,"amount":7.107E-9,"internalId":17,"flow":{"@type":"Flow","@id":"c3b0146d-ff46-3105-908f-bed7960d1299","name":"Cadmium, ion","flowType":"ELEMENTARY_FLOW"},"unit":{"@type":"Unit","@id":"20aadc24-a391-41cf-b340-3e4529f44bde","name":"kg"},"flowProperty":{"@type":"FlowProperty","@id":"93a60a56-a3c8-11da-a746-0800200b9a66","name":"Mass"}},{"@type":"Exchange","avoidedProduct":false,"input":false,"amount":5.075E-9,"internalId":39,"flow":{"@type":"Flow","@id":"eb8b0400-9d65-3b1b-b30e-0f2d112569e6","name":"Molybdenum","flowType":"ELEMENTARY_FLOW"},"unit":{"@type":"Unit","@id":"20aadc24-a391-41cf-b340-3e4529f44bde","name":"kg"},"flowProperty":{"@type":"FlowProperty","@id":"93a60a56-a3c8-11da-a746-0800200b9a66","name":"Mass"}},{"@type":"Exchange","avoidedProduct":false,"input":false,"amount":1.327E-8,"internalId":13,"flow":{"@type":"Flow","@id":"710091cb-d225-38e4-b4f0-580746c4c26c","name":"Hexadecane","flowType":"ELEMENTARY_FLOW"},"unit":{"@type":"Unit","@id":"20aadc24-a391-41cf-b340-3e4529f44bde","name":"kg"},"flowProperty":{"@type":"FlowProperty","@id":"93a60a56-a3c8-11da-a746-0800200b9a66","name":"Mass"}},{"@type":"Exchange","avoidedProduct":false,"input":false,"amount":7.01495591964437E-12,"internalId":94,"flow":{"@type":"Flow","@id":"48a50c28-900f-38e2-ad2d-de1589c5c0c6","name":"Dibenzothiophene","flowType":"ELEMENTARY_FLOW"},"unit":{"@type":"Unit","@id":"20aadc24-a391-41cf-b340-3e4529f44bde","name":"kg"},"flowProperty":{"@type":"FlowProperty","@id":"93a60a56-a3c8-11da-a746-0800200b9a66","name":"Mass"}},{"@type":"Exchange","avoidedProduct":false,"input":false,"amount":3.958E-9,"internalId":82,"flow":{"@type":"Flow","@id":"f5f01495-a252-38d0-bf8e-815ebd08ddea","name":"Naphthalene","flowType":"ELEMENTARY_FLOW"},"unit":{"@type":"Unit","@id":"20aadc24-a391-41cf-b340-3e4529f44bde","name":"kg"},"flowProperty":{"@type":"FlowProperty","@id":"93a60a56-a3c8-11da-a746-0800200b9a66","name":"Mass"}},{"@type":"Exchange","avoidedProduct":false,"input":false,"amount":2.846E-4,"internalId":74,"flow":{"@type":"Flow","@id":"df1d0d1c-64b4-3ca7-9edb-970676393c7f","name":"Barium","flowType":"ELEMENTARY_FLOW"},"unit":{"@type":"Unit","@id":"20aadc24-a391-41cf-b340-3e4529f44bde","name":"kg"},"flowProperty":{"@type":"FlowProperty","@id":"93a60a56-a3c8-11da-a746-0800200b9a66","name":"Mass"}},{"@type":"Exchange","avoidedProduct":false,"input":false,"amount":1.458E-7,"internalId":19,"flow":{"@type":"Flow","@id":"e365a57e-7d05-3a70-ae11-a1526339b813","name":"Manganese","flowType":"ELEMENTARY_FLOW"},"unit":{"@type":"Unit","@id":"20aadc24-a391-41cf-b340-3e4529f44bde","name":"kg"},"flowProperty":{"@type":"FlowProperty","@id":"93a60a56-a3c8-11da-a746-0800200b9a66","name":"Mass"}},{"@type":"Exchange","avoidedProduct":false,"input":false,"amount":0.001477,"internalId":57,"flow":{"@type":"Flow","@id":"93ebc557-2901-3beb-9d3a-e57f66ec252b","name":"Sodium, ion","flowType":"ELEMENTARY_FLOW"},"unit":{"@type":"Unit","@id":"20aadc24-a391-41cf-b340-3e4529f44bde","name":"kg"},"flowProperty":{"@type":"FlowProperty","@id":"93a60a56-a3c8-11da-a746-0800200b9a66","name":"Mass"}},{"@type":"Exchange","avoidedProduct":false,"input":false,"amount":1.316E-8,"internalId":45,"flow":{"@type":"Flow","@id":"eb8fa4b7-47d8-3603-acda-f41a4ec76770","name":"Antimony","flowType":"ELEMENTARY_FLOW"},"unit":{"@type":"Unit","@id":"20aadc24-a391-41cf-b340-3e4529f44bde","name":"kg"},"flowProperty":{"@type":"FlowProperty","@id":"93a60a56-a3c8-11da-a746-0800200b9a66","name":"Mass"}},{"@type":"Exchange","avoidedProduct":false,"input":false,"amount":3.413E-12,"internalId":10,"flow":{"@type":"Flow","@id":"257416fb-9dad-339f-860c-aae989d0490c","name":"Benzene, pentamethyl-","flowType":"ELEMENTARY_FLOW"},"unit":{"@type":"Unit","@id":"20aadc24-a391-41cf-b340-3e4529f44bde","name":"kg"},"flowProperty":{"@type":"FlowProperty","@id":"93a60a56-a3c8-11da-a746-0800200b9a66","name":"Mass"}},{"@type":"Exchange","avoidedProduct":false,"input":false,"amount":2.87E-9,"internalId":87,"flow":{"@type":"Flow","@id":"6dd6d910-2219-3203-a25f-6630ce2ce2a7","name":"Beryllium","flowType":"ELEMENTARY_FLOW"},"unit":{"@type":"Unit","@id":"20aadc24-a391-41cf-b340-3e4529f44bde","name":"kg"},"flowProperty":{"@type":"FlowProperty","@id":"93a60a56-a3c8-11da-a746-0800200b9a66","name":"Mass"}},{"@type":"Exchange","avoidedProduct":false,"input":false,"amount":3.317E-9,"internalId":31,"flow":{"@type":"Flow","@id":"c9771a31-6e96-3956-8639-85e76ee1f075","name":"Eicosane","flowType":"ELEMENTARY_FLOW"},"unit":{"@type":"Unit","@id":"20aadc24-a391-41cf-b340-3e4529f44bde","name":"kg"},"flowProperty":{"@type":"FlowProperty","@id":"93a60a56-a3c8-11da-a746-0800200b9a66","name":"Mass"}},{"@type":"Exchange","avoidedProduct":false,"input":false,"amount":5.172E-8,"internalId":28,"flow":{"@type":"Flow","@id":"2d9b2782-3264-37bc-91c3-5d6de543512f","name":"Tin","flowType":"ELEMENTARY_FLOW"},"unit":{"@type":"Unit","@id":"20aadc24-a391-41cf-b340-3e4529f44bde","name":"kg"},"flowProperty":{"@type":"FlowProperty","@id":"93a60a56-a3c8-11da-a746-0800200b9a66","name":"Mass"}},{"@type":"Exchange","avoidedProduct":false,"input":false,"amount":5.268E-7,"internalId":50,"flow":{"@type":"Flow","@id":"dc7efbbb-2193-3001-88fe-e4a7bd4a003b","name":"Sulfur","flowType":"ELEMENTARY_FLOW"},"unit":{"@type":"Unit","@id":"20aadc24-a391-41cf-b340-3e4529f44bde","name":"kg"},"flowProperty":{"@type":"FlowProperty","@id":"93a60a56-a3c8-11da-a746-0800200b9a66","name":"Mass"}},{"@type":"Exchange","avoidedProduct":false,"input":false,"amount":6.873E-9,"internalId":54,"flow":{"@type":"Flow","@id":"b2038eb8-cb99-3d58-9560-9c6a152f005b","name":"p-Cresol","flowType":"ELEMENTARY_FLOW"},"unit":{"@type":"Unit","@id":"20aadc24-a391-41cf-b340-3e4529f44bde","name":"kg"},"flowProperty":{"@type":"FlowProperty","@id":"93a60a56-a3c8-11da-a746-0800200b9a66","name":"Mass"}},{"@type":"Exchange","avoidedProduct":false,"input":false,"amount":1.445E-8,"internalId":64,"flow":{"@type":"Flow","@id":"56f667ce-eaf9-3e5b-b45d-88e2bea24ff5","name":"Benzene, ethyl-","flowType":"ELEMENTARY_FLOW"},"unit":{"@type":"Unit","@id":"20aadc24-a391-41cf-b340-3e4529f44bde","name":"kg"},"flowProperty":{"@type":"FlowProperty","@id":"93a60a56-a3c8-11da-a746-0800200b9a66","name":"Mass"}},{"@type":"Exchange","avoidedProduct":false,"input":false,"amount":4.904E-9,"internalId":65,"flow":{"@type":"Flow","@id":"f6fbb3f9-ee39-3d9d-b874-20841ac7d55f","name":"Cobalt","flowType":"ELEMENTARY_FLOW"},"unit":{"@type":"Unit","@id":"20aadc24-a391-41cf-b340-3e4529f44bde","name":"kg"},"flowProperty":{"@type":"FlowProperty","@id":"93a60a56-a3c8-11da-a746-0800200b9a66","name":"Mass"}},{"@type":"Exchange","avoidedProduct":false,"input":false,"amount":5.731E-9,"internalId":23,"flow":{"@type":"Flow","@id":"05d25fc1-11cb-3e52-bdfc-c382779992c8","name":"Vanadium","flowType":"ELEMENTARY_FLOW"},"unit":{"@type":"Unit","@id":"20aadc24-a391-41cf-b340-3e4529f44bde","name":"kg"},"flowProperty":{"@type":"FlowProperty","@id":"93a60a56-a3c8-11da-a746-0800200b9a66","name":"Mass"}},{"@type":"Exchange","avoidedProduct":false,"input":false,"amount":3.302E-9,"internalId":83,"flow":{"@type":"Flow","@id":"c744b4a6-728e-3e7d-b9df-106ecdf0b7aa","name":"Octadecane","flowType":"ELEMENTARY_FLOW"},"unit":{"@type":"Unit","@id":"20aadc24-a391-41cf-b340-3e4529f44bde","name":"kg"},"flowProperty":{"@type":"FlowProperty","@id":"93a60a56-a3c8-11da-a746-0800200b9a66","name":"Mass"}},{"@type":"Exchange","avoidedProduct":false,"input":false,"amount":8.658E-12,"internalId":47,"flow":{"@type":"Flow","@id":"dfbb9de1-b04c-387e-97b7-cc7619476784","name":"Dibenzofuran","flowType":"ELEMENTARY_FLOW"},"unit":{"@type":"Unit","@id":"20aadc24-a391-41cf-b340-3e4529f44bde","name":"kg"},"flowProperty":{"@type":"FlowProperty","@id":"93a60a56-a3c8-11da-a746-0800200b9a66","name":"Mass"}},{"@type":"Exchange","avoidedProduct":false,"input":false,"amount":0.006074,"internalId":91,"flow":{"@type":"Flow","@id":"2b12e42f-cfca-3dc8-97cf-abe04f8dc67b","name":"Chloride","flowType":"ELEMENTARY_FLOW"},"unit":{"@type":"Unit","@id":"20aadc24-a391-41cf-b340-3e4529f44bde","name":"kg"},"flowProperty":{"@type":"FlowProperty","@id":"93a60a56-a3c8-11da-a746-0800200b9a66","name":"Mass"}},{"@type":"Exchange","avoidedProduct":false,"input":false,"amount":1.211E-8,"internalId":24,"flow":{"@type":"Flow","@id":"e3b7cf63-388d-3647-8750-e5ce42f7b53d","name":"Dodecane","flowType":"ELEMENTARY_FLOW"},"unit":{"@type":"Unit","@id":"20aadc24-a391-41cf-b340-3e4529f44bde","name":"kg"},"flowProperty":{"@type":"FlowProperty","@id":"93a60a56-a3c8-11da-a746-0800200b9a66","name":"Mass"}},{"@type":"Exchange","avoidedProduct":false,"input":false,"amount":5.182E-12,"internalId":38,"flow":{"@type":"Flow","@id":"2873c4e7-53eb-3b22-a2e9-6d07e016e100","name":"Fluorene, 1-methyl-","flowType":"ELEMENTARY_FLOW"},"unit":{"@type":"Unit","@id":"20aadc24-a391-41cf-b340-3e4529f44bde","name":"kg"},"flowProperty":{"@type":"FlowProperty","@id":"93a60a56-a3c8-11da-a746-0800200b9a66","name":"Mass"}},{"@type":"Exchange","avoidedProduct":false,"input":false,"amount":1.163E-7,"description":"Additional unspeciated xylenes","internalId":88,"flow":{"@type":"Flow","@id":"77fcca9a-7ac9-3513-8bd9-9e849e08bb6f","name":"Xylene","flowType":"ELEMENTARY_FLOW"},"unit":{"@type":"Unit","@id":"20aadc24-a391-41cf-b340-3e4529f44bde","name":"kg"},"flowProperty":{"@type":"FlowProperty","@id":"93a60a56-a3c8-11da-a746-0800200b9a66","name":"Mass"}},{"@type":"Exchange","avoidedProduct":false,"input":false,"amount":2.308E-10,"internalId":81,"flow":{"@type":"Flow","@id":"984bef7c-3a39-337f-8383-93457f65d597","name":"Mercury","flowType":"ELEMENTARY_FLOW"},"unit":{"@type":"Unit","@id":"20aadc24-a391-41cf-b340-3e4529f44bde","name":"kg"},"flowProperty":{"@type":"FlowProperty","@id":"93a60a56-a3c8-11da-a746-0800200b9a66","name":"Mass"}},{"@type":"Exchange","avoidedProduct":false,"input":false,"amount":2.246E-7,"internalId":15,"flow":{"@type":"Flow","@id":"e1ab137f-2d17-3328-aedb-a67b98a11056","name":"Benzoic acid","flowType":"ELEMENTARY_FLOW"},"unit":{"@type":"Unit","@id":"20aadc24-a391-41cf-b340-3e4529f44bde","name":"kg"},"flowProperty":{"@type":"FlowProperty","@id":"93a60a56-a3c8-11da-a746-0800200b9a66","name":"Mass"}},{"@type":"Exchange","avoidedProduct":false,"input":false,"amount":1.446E-9,"internalId":76,"flow":{"@type":"Flow","@id":"ff6c05ff-c7fa-30f1-a0ea-2cb3326453f5","name":"2-Hexanone","flowType":"ELEMENTARY_FLOW"},"unit":{"@type":"Unit","@id":"20aadc24-a391-41cf-b340-3e4529f44bde","name":"kg"},"flowProperty":{"@type":"FlowProperty","@id":"93a60a56-a3c8-11da-a746-0800200b9a66","name":"Mass"}},{"@type":"Exchange","avoidedProduct":false,"input":false,"amount":2.301E-17,"internalId":22,"flow":{"@type":"Flow","@id":"56dda061-eb7b-3b15-815c-5298cba73949","name":"Lead-210/kg","flowType":"ELEMENTARY_FLOW"},"unit":{"@type":"Unit","@id":"20aadc24-a391-41cf-b340-3e4529f44bde","name":"kg"},"flowProperty":{"@type":"FlowProperty","@id":"93a60a56-a3c8-11da-a746-0800200b9a66","name":"Mass"}},{"@type":"Exchange","avoidedProduct":false,"input":false,"amount":1.756E-10,"internalId":89,"flow":{"@type":"Flow","@id":"c83f4c91-8cfc-3d72-a5f5-ee4e6d331d8d","name":"Phenanthrene","flowType":"ELEMENTARY_FLOW"},"unit":{"@type":"Unit","@id":"20aadc24-a391-41cf-b340-3e4529f44bde","name":"kg"},"flowProperty":{"@type":"FlowProperty","@id":"93a60a56-a3c8-11da-a746-0800200b9a66","name":"Mass"}},{"@type":"Exchange","avoidedProduct":false,"input":false,"amount":1.56E-7,"internalId":29,"flow":{"@type":"Flow","@id":"4db739d9-a558-3e67-84b3-8d6cf0edafc3","name":"Lithium, ion","flowType":"ELEMENTARY_FLOW"},"unit":{"@type":"Unit","@id":"20aadc24-a391-41cf-b340-3e4529f44bde","name":"kg"},"flowProperty":{"@type":"FlowProperty","@id":"93a60a56-a3c8-11da-a746-0800200b9a66","name":"Mass"}},{"@type":"Exchange","avoidedProduct":false,"input":false,"amount":3.665E-12,"internalId":84,"flow":{"@type":"Flow","@id":"86fb4f76-4ecc-3529-8eb0-b34b3fccd10b","name":"Methyl ethyl ketone","flowType":"ELEMENTARY_FLOW"},"unit":{"@type":"Unit","@id":"20aadc24-a391-41cf-b340-3e4529f44bde","name":"kg"},"flowProperty":{"@type":"FlowProperty","@id":"93a60a56-a3c8-11da-a746-0800200b9a66","name":"Mass"}},{"@type":"Exchange","avoidedProduct":false,"input":false,"amount":4.095E-17,"internalId":86,"flow":{"@type":"Flow","@id":"f192132f-6e86-34c8-a8cf-13ee333a5e01","name":"Radium-228/kg","flowType":"ELEMENTARY_FLOW"},"unit":{"@type":"Unit","@id":"20aadc24-a391-41cf-b340-3e4529f44bde","name":"kg"},"flowProperty":{"@type":"FlowProperty","@id":"93a60a56-a3c8-11da-a746-0800200b9a66","name":"Mass"}},{"@type":"Exchange","avoidedProduct":false,"input":false,"amount":4.264E-6,"internalId":60,"flow":{"@type":"Flow","@id":"39587969-515b-3599-a403-78c461a936eb","name":"Oils, unspecified","flowType":"ELEMENTARY_FLOW"},"unit":{"@type":"Unit","@id":"20aadc24-a391-41cf-b340-3e4529f44bde","name":"kg"},"flowProperty":{"@type":"FlowProperty","@id":"93a60a56-a3c8-11da-a746-0800200b9a66","name":"Mass"}},{"@type":"Exchange","avoidedProduct":false,"input":false,"amount":6.913E-7,"internalId":25,"flow":{"@type":"Flow","@id":"b13651eb-5a15-3f08-b4ca-fba03bd3569b","name":"Boron","flowType":"ELEMENTARY_FLOW"},"unit":{"@type":"Unit","@id":"20aadc24-a391-41cf-b340-3e4529f44bde","name":"kg"},"flowProperty":{"@type":"FlowProperty","@id":"93a60a56-a3c8-11da-a746-0800200b9a66","name":"Mass"}},{"@type":"Exchange","avoidedProduct":false,"input":false,"amount":0.006472,"internalId":55,"flow":{"@type":"Flow","@id":"a3ed03de-f771-3946-94f3-a02a10d4ca74","name":"Dissolved solids","flowType":"ELEMENTARY_FLOW"},"unit":{"@type":"Unit","@id":"20aadc24-a391-41cf-b340-3e4529f44bde","name":"kg"},"flowProperty":{"@type":"FlowProperty","@id":"93a60a56-a3c8-11da-a746-0800200b9a66","name":"Mass"}},{"@type":"Exchange","avoidedProduct":false,"input":false,"amount":2.78E-9,"internalId":34,"flow":{"@type":"Flow","@id":"6340ccf7-7bd6-3df4-bce8-4e3abd6eec19","name":"Biphenyl","flowType":"ELEMENTARY_FLOW"},"unit":{"@type":"Unit","@id":"20aadc24-a391-41cf-b340-3e4529f44bde","name":"kg"},"flowProperty":{"@type":"FlowProperty","@id":"93a60a56-a3c8-11da-a746-0800200b9a66","name":"Mass"}},{"@type":"Exchange","avoidedProduct":false,"input":false,"amount":2.333E-9,"internalId":48,"flow":{"@type":"Flow","@id":"bb7e8be4-9c3c-34a7-b29f-b964a9748324","name":"p-Xylene","flowType":"ELEMENTARY_FLOW"},"unit":{"@type":"Unit","@id":"20aadc24-a391-41cf-b340-3e4529f44bde","name":"kg"},"flowProperty":{"@type":"FlowProperty","@id":"93a60a56-a3c8-11da-a746-0800200b9a66","name":"Mass"}},{"@type":"Exchange","avoidedProduct":false,"input":false,"amount":0.002324,"internalId":51,"flow":{"@type":"Flow","@id":"91c6fb89-85ed-310b-8197-fb35a753bd97","name":"Suspended solids, unspecified","flowType":"ELEMENTARY_FLOW"},"unit":{"@type":"Unit","@id":"20aadc24-a391-41cf-b340-3e4529f44bde","name":"kg"},"flowProperty":{"@type":"FlowProperty","@id":"93a60a56-a3c8-11da-a746-0800200b9a66","name":"Mass"}},{"@type":"Exchange","avoidedProduct":false,"input":true,"amount":7.98118013715448E-4,"internalId":27,"flow":{"@type":"Flow","@id":"654a5cf6-185f-3d91-89ef-42442d1825e8","name":"Residual fuel oil, combusted in industrial boiler","flowType":"PRODUCT_FLOW"},"unit":{"@type":"Unit","@id":"b80a512e-e402-4363-8ad0-7d02dcf4a459","name":"l"},"flowProperty":{"@type":"FlowProperty","@id":"93a60a56-a3c8-22da-a746-0800200c9a66","name":"Volume"}},{"@type":"Exchange","avoidedProduct":false,"input":true,"amount":1.035,"description":"This weight reflects material loss at extraction.","internalId":26,"flow":{"@type":"Flow","@id":"a7f3d4af-2e52-3a91-8748-f36fb76c0992","name":"Oil, crude, 43.7 MJ per kg, in ground","flowType":"ELEMENTARY_FLOW"},"unit":{"@type":"Unit","@id":"20aadc24-a391-41cf-b340-3e4529f44bde","name":"kg"},"flowProperty":{"@type":"FlowProperty","@id":"93a60a56-a3c8-11da-a746-0800200b9a66","name":"Mass"}},{"@type":"Exchange","avoidedProduct":false,"input":false,"amount":2.917E-10,"internalId":8,"flow":{"@type":"Flow","@id":"08e63ddf-e187-31d8-8acd-47ba881b2812","name":"Phenanthrenes, alkylated, unspecified","flowType":"ELEMENTARY_FLOW"},"unit":{"@type":"Unit","@id":"20aadc24-a391-41cf-b340-3e4529f44bde","name":"kg"},"flowProperty":{"@type":"FlowProperty","@id":"93a60a56-a3c8-11da-a746-0800200b9a66","name":"Mass"}}]}