{"@type":"Flow","@id":"02e907be-62ba-33b1-8552-a6cdd525a9e2","name":"Cadmium(II)","description":"From FedElemFlowList_1.0.1. Flow Class: Chemicals. Not a preferred flow.","category":"Elementary Flows/emission/water/fresh water body/lake","version":"01.00.001","lastChange":"2020-01-13T21:09:45.924Z","flowType":"ELEMENTARY_FLOW","cas":"22537-48-0","formula":"[Cd++]","isInfrastructureFlow":false,"flowProperties":[{"@type":"FlowPropertyFactor","isRefFlowProperty":true,"flowProperty":{"@type":"FlowProperty","@id":"93a60a56-a3c8-11da-a746-0800200b9a66","name":"Mass","category":"Technical flow properties","refUnit":"kg"},"conversionFactor":1.0}]}