{"@type":"Flow","@id":"104d992d-2ada-35c1-8987-0ece6de7d336","name":"Total Organic Carbon","description":"From FedElemFlowList_1.0.1. Flow Class: Other. Not a preferred flow.","category":"Elementary Flows/emission/water/fresh water body/river","version":"01.00.001","lastChange":"2020-01-13T21:09:46.079Z","flowType":"ELEMENTARY_FLOW","isInfrastructureFlow":false,"flowProperties":[{"@type":"FlowPropertyFactor","isRefFlowProperty":true,"flowProperty":{"@type":"FlowProperty","@id":"93a60a56-a3c8-11da-a746-0800200b9a66","name":"Mass","category":"Technical flow properties","refUnit":"kg"},"conversionFactor":1.0}]}