{"@type":"Flow","@id":"22266e09-69c3-4ed7-a1a1-12a6696afb7c","name":"Methyl tert-butyl, at plant","description":"CUTOFF Flow","category":"Technosphere Flows/CUTOFF Flows","version":"00.00.001","lastChange":"2023-12-15T22:07:24.808Z","flowType":"PRODUCT_FLOW","isInfrastructureFlow":false,"flowProperties":[{"@type":"FlowPropertyFactor","isRefFlowProperty":true,"flowProperty":{"@type":"FlowProperty","@id":"93a60a56-a3c8-11da-a746-0800200b9a66","name":"Mass","category":"Technical flow properties","refUnit":"kg"},"conversionFactor":1.0}]}