{"@type":"Flow","@id":"25d73e00-0b36-4a76-b168-087f1ab49c03","name":"Disposal, solid waste, unspecified, to unspecified treatment","description":"CUTOFF flow","category":"Technosphere Flows/CUTOFF Flows/CUTOFF Waste Flows","version":"00.00.000","lastChange":"2024-06-20T14:43:08.887Z","flowType":"WASTE_FLOW","isInfrastructureFlow":false,"flowProperties":[{"@type":"FlowPropertyFactor","isRefFlowProperty":true,"flowProperty":{"@type":"FlowProperty","@id":"93a60a56-a3c8-11da-a746-0800200b9a66","name":"Mass","category":"Technical flow properties","refUnit":"kg"},"conversionFactor":1.0}]}