{"@type":"Flow","@id":"29212dbf-5c92-3200-aebd-52f80075b202","name":"Naphthalenes, alkylated, unspecified","description":"Non-FEDEFL Unmappable flow","category":"Elementary Flows/emission/water","version":"00.00.003","lastChange":"2021-08-10T18:21:33.945Z","flowType":"ELEMENTARY_FLOW","isInfrastructureFlow":false,"flowProperties":[{"@type":"FlowPropertyFactor","isRefFlowProperty":true,"flowProperty":{"@type":"FlowProperty","@id":"93a60a56-a3c8-11da-a746-0800200b9a66","name":"Mass","category":"Technical flow properties","refUnit":"kg"},"conversionFactor":1.0}]}