{"@type":"Flow","@id":"3a1aa0d4-0faf-318d-8e92-0b0817460c94","name":"Nitrate","description":"From FedElemFlowList_1.0.1. Flow Class: Chemicals. Not a preferred flow.","category":"Elementary Flows/emission/water/subterranean","version":"01.00.001","lastChange":"2020-01-13T21:09:45.714Z","flowType":"ELEMENTARY_FLOW","cas":"14797-55-8","formula":"NO3","isInfrastructureFlow":false,"flowProperties":[{"@type":"FlowPropertyFactor","isRefFlowProperty":true,"flowProperty":{"@type":"FlowProperty","@id":"93a60a56-a3c8-11da-a746-0800200b9a66","name":"Mass","category":"Technical flow properties","refUnit":"kg"},"conversionFactor":1.0}]}