{"@type":"Flow","@id":"457679e0-817e-3175-b6db-6d18eef2c392","name":"Carbon dioxide","description":"From FedElemFlowList_1.0.1. Flow Class: Chemicals. Not a preferred flow.","category":"Elementary Flows/emission/air/troposphere/rural","version":"01.00.001","lastChange":"2020-01-13T21:09:45.402Z","flowType":"ELEMENTARY_FLOW","cas":"124-38-9","formula":"CO2","isInfrastructureFlow":false,"flowProperties":[{"@type":"FlowPropertyFactor","isRefFlowProperty":true,"flowProperty":{"@type":"FlowProperty","@id":"93a60a56-a3c8-11da-a746-0800200b9a66","name":"Mass","category":"Technical flow properties","refUnit":"kg"},"conversionFactor":1.0}]}