{"@type":"Flow","@id":"62b45ece-f0ca-3947-a31d-d5c73fa821f4","name":"Transformation, from shrub land, sclerophyllous","category":"Ecosystem Services","version":"00.00.002","lastChange":"2018-06-27T16:38:49.808Z","flowType":"PRODUCT_FLOW","isInfrastructureFlow":false,"flowProperties":[{"@type":"FlowPropertyFactor","isRefFlowProperty":true,"flowProperty":{"@type":"FlowProperty","@id":"93a60a56-a3c8-19da-a746-0800200c9a66","name":"Area","category":"Technical flow properties","refUnit":"m2"},"conversionFactor":1.0}]}