{"@type":"Flow","@id":"640aa69e-8de3-3a77-897d-8bcae885ce3d","name":"Pyrazon","description":"From FedElemFlowList_1.0. Flow Class: Chemicals. Not a preferred flow.","category":"Elementary Flows/emission/ground","version":"01.00.000","lastChange":"2019-09-11T14:12:03.378Z","flowType":"ELEMENTARY_FLOW","cas":"1698-60-8","formula":"C10H8ClN3O","isInfrastructureFlow":false,"flowProperties":[{"@type":"FlowPropertyFactor","isRefFlowProperty":true,"flowProperty":{"@type":"FlowProperty","@id":"93a60a56-a3c8-11da-a746-0800200b9a66","name":"Mass","category":"Technical flow properties","refUnit":"kg"},"conversionFactor":1.0}]}