{"@type":"Flow","@id":"6c0c25ac-f2ad-32a8-954d-38b0d74e2769","name":"Phenol","description":"From FedElemFlowList_1.0.1. Flow Class: Chemicals. Not a preferred flow.","category":"Elementary Flows/emission/air/troposphere/urban","version":"01.00.001","lastChange":"2020-01-13T21:09:45.245Z","flowType":"ELEMENTARY_FLOW","cas":"108-95-2","formula":"C6H6O","isInfrastructureFlow":false,"flowProperties":[{"@type":"FlowPropertyFactor","isRefFlowProperty":true,"flowProperty":{"@type":"FlowProperty","@id":"93a60a56-a3c8-11da-a746-0800200b9a66","name":"Mass","category":"Technical flow properties","refUnit":"kg"},"conversionFactor":1.0}]}