{"@type":"Flow","@id":"755886b4-39b7-4033-a6d2-28472c688c6a","name":"Electricity, natural gas, at power plant","category":"Technosphere Flows/22: Utilities/2211: Electric Power Generation, Transmission and Distribution","version":"00.00.008","lastChange":"2024-10-08T19:08:16.508Z","flowType":"PRODUCT_FLOW","isInfrastructureFlow":false,"location":{"@type":"Location","@id":"b320e7db-c758-3ba6-8839-81eb83c9d7d7","name":"Northern America"},"flowProperties":[{"@type":"FlowPropertyFactor","isRefFlowProperty":true,"flowProperty":{"@type":"FlowProperty","@id":"f6811440-ee37-11de-8a39-0800200c9a66","name":"Energy","category":"Technical flow properties","refUnit":"MJ"},"conversionFactor":1.0}]}