{"@type":"Flow","@id":"796a409c-131b-3cfc-8444-5fa0a57c818e","name":"Boron","description":"From FedElemFlowList_1.0.1. Flow Class: Chemicals. Not a preferred flow.","category":"Elementary Flows/emission/water/subterranean","version":"01.00.001","lastChange":"2020-01-13T21:09:45.892Z","flowType":"ELEMENTARY_FLOW","cas":"7440-42-8","formula":"B","isInfrastructureFlow":false,"flowProperties":[{"@type":"FlowPropertyFactor","isRefFlowProperty":true,"flowProperty":{"@type":"FlowProperty","@id":"93a60a56-a3c8-11da-a746-0800200b9a66","name":"Mass","category":"Technical flow properties","refUnit":"kg"},"conversionFactor":1.0}]}