{"@type":"Flow","@id":"8ad32ac6-f979-31ff-a95e-e338f98d733b","name":"Beryllium","description":"From FedElemFlowList_1.0.1. Flow Class: Chemicals. Not a preferred flow.","category":"Elementary Flows/emission/water/fresh water body/river","version":"01.00.001","lastChange":"2020-01-13T21:09:45.846Z","flowType":"ELEMENTARY_FLOW","cas":"7440-41-7","formula":"Be","isInfrastructureFlow":false,"flowProperties":[{"@type":"FlowPropertyFactor","isRefFlowProperty":true,"flowProperty":{"@type":"FlowProperty","@id":"93a60a56-a3c8-11da-a746-0800200b9a66","name":"Mass","category":"Technical flow properties","refUnit":"kg"},"conversionFactor":1.0}]}