{"@type":"Flow","@id":"913a14d0-a5e9-4286-bd0e-e44c5903787f","name":"Disposal, propylene glycol butyl ether, to sanitary landfill","description":"CUTOFF flow","category":"Technosphere Flows/CUTOFF Flows/CUTOFF Waste Flows","version":"00.00.000","lastChange":"2024-06-20T13:36:40.052Z","flowType":"WASTE_FLOW","isInfrastructureFlow":false,"flowProperties":[{"@type":"FlowPropertyFactor","isRefFlowProperty":true,"flowProperty":{"@type":"FlowProperty","@id":"93a60a56-a3c8-11da-a746-0800200b9a66","name":"Mass","category":"Technical flow properties","refUnit":"kg"},"conversionFactor":1.0}]}