{"@type":"Flow","@id":"9a9d71c7-79f7-42d0-af47-282d22a7cf07","name":"Volume occupied, reservoir","description":"Non-FEDEFL Unmappable flow","category":"Elementary Flows/resource/ground/human-dominated","version":"00.00.002","lastChange":"2021-08-10T18:36:16.554Z","flowType":"ELEMENTARY_FLOW","isInfrastructureFlow":false,"flowProperties":[{"@type":"FlowPropertyFactor","isRefFlowProperty":true,"flowProperty":{"@type":"FlowProperty","@id":"441238a3-ba09-46ec-b35b-c30cfba746d1","name":"Volume*time","category":"Technical flow properties","refUnit":"m3*a"},"conversionFactor":1.0}]}