{"@type":"Flow","@id":"9f2b8e30-145b-30c5-a476-dcda99b6376e","name":"Phosphorus","description":"From FedElemFlowList_1.0.1. Flow Class: Chemicals. Not a preferred flow.","category":"Elementary Flows/emission/ground/human-dominated/agricultural","version":"01.00.001","lastChange":"2020-01-13T21:09:45.620Z","flowType":"ELEMENTARY_FLOW","cas":"7723-14-0","formula":"P","isInfrastructureFlow":false,"flowProperties":[{"@type":"FlowPropertyFactor","isRefFlowProperty":true,"flowProperty":{"@type":"FlowProperty","@id":"93a60a56-a3c8-11da-a746-0800200b9a66","name":"Mass","category":"Technical flow properties","refUnit":"kg"},"conversionFactor":1.0}]}