{"@type":"Flow","@id":"bbcf6df1-d2d7-36f3-a3d5-a256c92a5f26","name":"Transformation, to forest, intensive, normal","category":"Ecosystem Services","version":"00.00.002","lastChange":"2018-06-27T16:38:49.932Z","flowType":"PRODUCT_FLOW","isInfrastructureFlow":false,"flowProperties":[{"@type":"FlowPropertyFactor","isRefFlowProperty":true,"flowProperty":{"@type":"FlowProperty","@id":"93a60a56-a3c8-19da-a746-0800200c9a66","name":"Area","category":"Technical flow properties","refUnit":"m2"},"conversionFactor":1.0}]}