{"@type":"Flow","@id":"bc38e349-1ccf-3855-a615-a4f581ab875b","name":"Gasoline, combusted in equipment","category":"Technosphere Flows/22: Utilities/2213: Water, Sewage and Other Systems","version":"00.00.003","lastChange":"2019-09-19T17:18:37.173Z","flowType":"PRODUCT_FLOW","isInfrastructureFlow":false,"location":{"@type":"Location","@id":"b320e7db-c758-3ba6-8839-81eb83c9d7d7","name":"Northern America"},"flowProperties":[{"@type":"FlowPropertyFactor","isRefFlowProperty":true,"flowProperty":{"@type":"FlowProperty","@id":"93a60a56-a3c8-22da-a746-0800200c9a66","name":"Volume","category":"Technical flow properties","refUnit":"m3"},"conversionFactor":1.0}]}