{"@type":"Flow","@id":"c3019f2c-8e84-4f0d-9529-093d2d0ae5e1","name":"Hydrochloric acid, at plant, kg","description":"","category":"Technosphere Flows/31-33: Manufacturing/3251: Basic Chemical Manufacturing","version":"00.00.002","lastChange":"2022-09-29T14:27:58.056Z","flowType":"PRODUCT_FLOW","cas":"","formula":"","isInfrastructureFlow":false,"flowProperties":[{"@type":"FlowPropertyFactor","isRefFlowProperty":true,"flowProperty":{"@type":"FlowProperty","@id":"93a60a56-a3c8-11da-a746-0800200b9a66","name":"Mass","category":"Technical flow properties","refUnit":"kg"},"conversionFactor":1.0}]}