{"@type":"Flow","@id":"c5411904-9bab-3aa2-a7b4-30c084595961","name":"Selenium","description":"From FedElemFlowList_1.0.1. Flow Class: Chemicals. Not a preferred flow.","category":"Elementary Flows/emission/air/stratosphere","version":"01.00.001","lastChange":"2020-01-13T21:09:45.370Z","flowType":"ELEMENTARY_FLOW","cas":"7782-49-2","formula":"Se","isInfrastructureFlow":false,"flowProperties":[{"@type":"FlowPropertyFactor","isRefFlowProperty":true,"flowProperty":{"@type":"FlowProperty","@id":"93a60a56-a3c8-11da-a746-0800200b9a66","name":"Mass","category":"Technical flow properties","refUnit":"kg"},"conversionFactor":1.0}]}