{"@type":"Flow","@id":"c5d5a21d-dd57-3775-aabd-6b0e74fc5e9f","name":"Sodium(I)","description":"From FedElemFlowList_1.0.1. Flow Class: Chemicals. Not a preferred flow.","category":"Elementary Flows/emission/water/subterranean","version":"01.00.001","lastChange":"2020-01-13T21:09:45.924Z","flowType":"ELEMENTARY_FLOW","cas":"17341-25-2","formula":"[Na+]","isInfrastructureFlow":false,"flowProperties":[{"@type":"FlowPropertyFactor","isRefFlowProperty":true,"flowProperty":{"@type":"FlowProperty","@id":"93a60a56-a3c8-11da-a746-0800200b9a66","name":"Mass","category":"Technical flow properties","refUnit":"kg"},"conversionFactor":1.0}]}