{"@type":"Flow","@id":"cdb461f0-d603-44b5-9104-57b5b85c25a9","name":"Transformation, to traffic area, rail/road embankment","category":"Ecosystem Services","version":"00.00.003","lastChange":"2021-07-27T03:05:01.067Z","flowType":"PRODUCT_FLOW","isInfrastructureFlow":false,"flowProperties":[{"@type":"FlowPropertyFactor","isRefFlowProperty":true,"flowProperty":{"@type":"FlowProperty","@id":"93a60a56-a3c8-19da-a746-0800200c9a66","name":"Area","category":"Technical flow properties","refUnit":"m2"},"conversionFactor":1.0}]}