{"@type":"Flow","@id":"d3b35bb8-a869-478d-9610-ca9860b8f98a","name":"Transformation, from permanent crop, irrigated","category":"Ecosystem Services","version":"00.00.002","lastChange":"2021-07-26T21:34:15.708Z","flowType":"PRODUCT_FLOW","formula":"CORINE 22","isInfrastructureFlow":false,"flowProperties":[{"@type":"FlowPropertyFactor","isRefFlowProperty":true,"flowProperty":{"@type":"FlowProperty","@id":"93a60a56-a3c8-19da-a746-0800200c9a66","name":"Area","category":"Technical flow properties","refUnit":"m2"},"conversionFactor":1.0}]}