{"@type":"Flow","@id":"e71f95a5-fd82-4128-9fd1-be3f0e85d0fc","name":"Transformation, from tropical rain forest","category":"Ecosystem Services","version":"00.00.001","flowType":"PRODUCT_FLOW","formula":"CORINE not known","isInfrastructureFlow":false,"flowProperties":[{"@type":"FlowPropertyFactor","isRefFlowProperty":true,"flowProperty":{"@type":"FlowProperty","@id":"93a60a56-a3c8-19da-a746-0800200c9a66","name":"Area","category":"Technical flow properties","refUnit":"m2"},"conversionFactor":1.0}]}