{"@type":"Flow","@id":"e830da68-2d3a-343d-a09e-1d064bea9575","name":"Triphenyltin chloride","description":"From FedElemFlowList_1.0. Flow Class: Chemicals. Not a preferred flow.","category":"Elementary Flows/emission/water/saline water body/ocean","version":"01.00.000","lastChange":"2019-09-11T14:21:41.832Z","flowType":"ELEMENTARY_FLOW","cas":"639-58-7","formula":"C18H15ClSn","isInfrastructureFlow":false,"flowProperties":[{"@type":"FlowPropertyFactor","isRefFlowProperty":true,"flowProperty":{"@type":"FlowProperty","@id":"93a60a56-a3c8-11da-a746-0800200b9a66","name":"Mass","category":"Technical flow properties","refUnit":"kg"},"conversionFactor":1.0}]}