{"@type":"Flow","@id":"e8aa9145-7148-3421-81ac-76dbbd712326","name":"Transformation, to forest, intensive, clear-cutting","category":"Ecosystem Services","version":"00.00.002","lastChange":"2018-06-27T16:38:49.868Z","flowType":"PRODUCT_FLOW","isInfrastructureFlow":false,"flowProperties":[{"@type":"FlowPropertyFactor","isRefFlowProperty":true,"flowProperty":{"@type":"FlowProperty","@id":"93a60a56-a3c8-19da-a746-0800200c9a66","name":"Area","category":"Technical flow properties","refUnit":"m2"},"conversionFactor":1.0}]}