{"@type":"Flow","@id":"f0e4f26b-b184-3825-bde9-aa829c3c281d","name":"Tungsten","description":"From FedElemFlowList_1.0.1. Flow Class: Chemicals. Not a preferred flow.","category":"Elementary Flows/emission/water/subterranean","version":"01.00.001","lastChange":"2020-01-13T21:09:45.892Z","flowType":"ELEMENTARY_FLOW","cas":"7440-33-7","formula":"W","isInfrastructureFlow":false,"flowProperties":[{"@type":"FlowPropertyFactor","isRefFlowProperty":true,"flowProperty":{"@type":"FlowProperty","@id":"93a60a56-a3c8-11da-a746-0800200b9a66","name":"Mass","category":"Technical flow properties","refUnit":"kg"},"conversionFactor":1.0}]}