{"@type":"Flow","@id":"fe92ae46-75fd-3fd4-9b7d-994ba86f29ca","name":"Calcium(II)","description":"From FedElemFlowList_1.0.1. Flow Class: Chemicals. Not a preferred flow.","category":"Elementary Flows/emission/water/fresh water body/lake","version":"01.00.001","lastChange":"2020-01-13T21:09:45.924Z","flowType":"ELEMENTARY_FLOW","cas":"14127-61-8","formula":"[Ca++]","isInfrastructureFlow":false,"flowProperties":[{"@type":"FlowPropertyFactor","isRefFlowProperty":true,"flowProperty":{"@type":"FlowProperty","@id":"93a60a56-a3c8-11da-a746-0800200b9a66","name":"Mass","category":"Technical flow properties","refUnit":"kg"},"conversionFactor":1.0}]}