{"@context":"http://greendelta.github.io/olca-schema/context.jsonld","@type":"Flow","@id":"0e44e579-abb0-3c77-af64-c774d65be529","name":"Gasoline, at refinery","version":"00.00.004","lastChange":"2020-06-27T13:57:03.302-04:00","category":{"@type":"Category","@id":"fad87d56-559c-3cfe-9da7-5c02c4ca5355","name":"3241: Petroleum and Coal Products Manufacturing","categoryPath":["Technosphere Flows","31-33: Manufacturing"],"categoryType":"Flow"},"flowType":"PRODUCT_FLOW","infrastructureFlow":false,"flowProperties":[{"@type":"FlowPropertyFactor","flowProperty":{"@type":"FlowProperty","@id":"93a60a56-a3c8-11da-a746-0800200b9a66","name":"Mass","categoryPath":["Technical flow properties"]},"conversionFactor":739.0983001},{"@type":"FlowPropertyFactor","referenceFlowProperty":true,"flowProperty":{"@type":"FlowProperty","@id":"93a60a56-a3c8-22da-a746-0800200c9a66","name":"Volume","categoryPath":["Technical flow properties"]},"conversionFactor":1.0}]}