{"@context":"http://greendelta.github.io/olca-schema/context.jsonld","@type":"Flow","@id":"0ed0590b-2e71-385e-86bb-3d2ea0505734","name":"Crude oil","description":"From FedElemFlowList_1.0.1. Flow Class: Geological. Preferred flow.","version":"01.00.001","lastChange":"2020-01-13T16:09:46.002-05:00","category":{"@type":"Category","@id":"a876e194-92a3-3e46-96aa-8f270c9372dd","name":"subterranean","categoryPath":["Elementary Flows","resource","water"],"categoryType":"Flow"},"flowType":"ELEMENTARY_FLOW","infrastructureFlow":false,"flowProperties":[{"@type":"FlowPropertyFactor","referenceFlowProperty":true,"flowProperty":{"@type":"FlowProperty","@id":"f6811440-ee37-11de-8a39-0800200c9a66","name":"Energy","categoryPath":["Technical flow properties"]},"conversionFactor":1.0},{"@type":"FlowPropertyFactor","flowProperty":{"@type":"FlowProperty","@id":"93a60a56-a3c8-11da-a746-0800200b9a66","name":"Mass","categoryPath":["Technical flow properties"]},"conversionFactor":0.0221}]}