{"@context":"http://greendelta.github.io/olca-schema/context.jsonld","@type":"Flow","@id":"277959d5-1a12-33d4-9d7f-1604f2227c09","name":"Portland cement, at plant","version":"00.00.003","lastChange":"2019-09-19T13:52:14.062-04:00","category":{"@type":"Category","@id":"3a3440cd-96fe-3b4a-9d58-ecb2c595fab8","name":"3273: Cement and Concrete Product Manufacturing","categoryPath":["Technosphere Flows","31-33: Manufacturing"],"categoryType":"Flow"},"flowType":"PRODUCT_FLOW","infrastructureFlow":false,"flowProperties":[{"@type":"FlowPropertyFactor","referenceFlowProperty":true,"flowProperty":{"@type":"FlowProperty","@id":"93a60a56-a3c8-11da-a746-0800200b9a66","name":"Mass","categoryPath":["Technical flow properties"]},"conversionFactor":1.0}]}