{"@context":"http://greendelta.github.io/olca-schema/context.jsonld","@type":"Flow","@id":"42f408e1-26cd-3ed2-9bdb-d406ec7b968d","name":"Surfaced dried lumber; at planer mill","version":"00.00.005","lastChange":"2019-10-02T02:09:46.243-04:00","category":{"@type":"Category","@id":"b8362b57-38d0-3296-aa02-f5cc4d910525","name":"3219: Other Wood Product Manufacturing","categoryPath":["Technosphere Flows","31-33: Manufacturing"],"categoryType":"Flow"},"flowType":"PRODUCT_FLOW","infrastructureFlow":false,"location":{"@type":"Location","@id":"0b3b97fa-6688-3c56-88ee-4ae80ec0c3c2","name":"United States"},"flowProperties":[{"@type":"FlowPropertyFactor","referenceFlowProperty":true,"flowProperty":{"@type":"FlowProperty","@id":"93a60a56-a3c8-11da-a746-0800200b9a66","name":"Mass","categoryPath":["Technical flow properties"]},"conversionFactor":1.0}]}