{"@context":"http://greendelta.github.io/olca-schema/context.jsonld","@type":"Flow","@id":"43ab3de2-e1a2-4e1a-9613-68e9cbd7aab5","name":"Natural gas, at extraction, Barnett Shale, kg","description":"This flow provides natural gas extracted from Barnett Shale.","version":"00.00.007","lastChange":"2019-10-02T13:24:14.928-04:00","category":{"@type":"Category","@id":"be53b4a2-856a-3235-8a18-5a03ed69f80a","name":"2111: Oil and Gas Extraction","categoryPath":["Technosphere Flows","21: Mining, Quarrying, and Oil and Gas Extraction"],"categoryType":"Flow"},"flowType":"PRODUCT_FLOW","cas":"","formula":"","infrastructureFlow":false,"flowProperties":[{"@type":"FlowPropertyFactor","referenceFlowProperty":true,"flowProperty":{"@type":"FlowProperty","@id":"93a60a56-a3c8-11da-a746-0800200b9a66","name":"Mass","categoryPath":["Technical flow properties"]},"conversionFactor":1.0}]}