{"@context":"http://greendelta.github.io/olca-schema/context.jsonld","@type":"Flow","@id":"5eead0e3-01ba-3a72-8e10-f9c865857a61","name":"Wood waste, at MDF mill","version":"00.00.003","lastChange":"2019-09-19T13:38:06.038-04:00","category":{"@type":"Category","@id":"913b2035-23b5-3922-b2b9-f7e4f9e36074","name":"3212: Veneer, Plywood, and Engineered Wood Product Manufacturing","categoryPath":["Technosphere Flows","31-33: Manufacturing"],"categoryType":"Flow"},"flowType":"PRODUCT_FLOW","infrastructureFlow":false,"location":{"@type":"Location","@id":"b320e7db-c758-3ba6-8839-81eb83c9d7d7","name":"Northern America"},"flowProperties":[{"@type":"FlowPropertyFactor","referenceFlowProperty":true,"flowProperty":{"@type":"FlowProperty","@id":"93a60a56-a3c8-11da-a746-0800200b9a66","name":"Mass","categoryPath":["Technical flow properties"]},"conversionFactor":1.0}]}