{"@context":"http://greendelta.github.io/olca-schema/context.jsonld","@type":"Flow","@id":"767ae502-93b3-3cd9-8992-486ce5e939d2","name":"Fly ash","version":"00.00.003","lastChange":"2020-04-22T16:32:05.610-04:00","category":{"@type":"Category","@id":"a9e7424f-8571-3a86-b6da-ecbbfe10e397","name":"5622: Waste Treatment and Disposal","categoryPath":["Technosphere Flows","56: Administrative and Support and Waste Management and Remediation Services"],"categoryType":"Flow"},"flowType":"WASTE_FLOW","infrastructureFlow":false,"location":{"@type":"Location","@id":"b320e7db-c758-3ba6-8839-81eb83c9d7d7","name":"Northern America"},"flowProperties":[{"@type":"FlowPropertyFactor","referenceFlowProperty":true,"flowProperty":{"@type":"FlowProperty","@id":"93a60a56-a3c8-11da-a746-0800200b9a66","name":"Mass","categoryPath":["Technical flow properties"]},"conversionFactor":1.0}]}