{"@context":"http://greendelta.github.io/olca-schema/context.jsonld","@type":"Flow","@id":"88cece78-622d-322a-9bae-dab8e4183545","name":"Natural gas, combusted in industrial boiler, at pulp and paper mill (EXCL.)","version":"00.00.003","lastChange":"2019-09-19T13:40:34.101-04:00","category":{"@type":"Category","@id":"a595427b-def0-3ee9-8608-81e6d36e1152","name":"3221: Pulp, Paper, and Paperboard Mills","categoryPath":["Technosphere Flows","31-33: Manufacturing"],"categoryType":"Flow"},"flowType":"PRODUCT_FLOW","infrastructureFlow":false,"location":{"@type":"Location","@id":"b320e7db-c758-3ba6-8839-81eb83c9d7d7","name":"Northern America"},"flowProperties":[{"@type":"FlowPropertyFactor","referenceFlowProperty":true,"flowProperty":{"@type":"FlowProperty","@id":"93a60a56-a3c8-22da-a746-0800200c9a66","name":"Volume","categoryPath":["Technical flow properties"]},"conversionFactor":1.0}]}