{"@context":"http://greendelta.github.io/olca-schema/context.jsonld","@type":"Flow","@id":"a14d1b51-57d1-31ea-9bce-9fed339e7930","name":"Wood","description":"From FedElemFlowList_1.0.1. Flow Class: Biological. Not a preferred flow.","version":"01.00.001","lastChange":"2020-01-13T16:09:45.214-05:00","category":{"@type":"Category","@id":"377c08bc-8c6e-3536-89ab-ae479326c8d4","name":"air","categoryPath":["Elementary Flows","emission"],"categoryType":"Flow"},"flowType":"ELEMENTARY_FLOW","infrastructureFlow":false,"flowProperties":[{"@type":"FlowPropertyFactor","flowProperty":{"@type":"FlowProperty","@id":"f6811440-ee37-11de-8a39-0800200c9a66","name":"Energy","categoryPath":["Technical flow properties"]},"conversionFactor":20.2},{"@type":"FlowPropertyFactor","referenceFlowProperty":true,"flowProperty":{"@type":"FlowProperty","@id":"93a60a56-a3c8-11da-a746-0800200b9a66","name":"Mass","categoryPath":["Technical flow properties"]},"conversionFactor":1.0}]}