{"@context":"http://greendelta.github.io/olca-schema/context.jsonld","@type":"Flow","@id":"a5c7d642-4e3a-40af-a919-a2f7601340b0","name":"Ethylene glycol, at plant, kg","description":"","version":"00.00.005","lastChange":"2019-10-02T13:17:17.716-04:00","category":{"@type":"Category","@id":"2665bab2-c905-3680-8ad7-16954f1ea251","name":"3251: Basic Chemical Manufacturing","categoryPath":["Technosphere Flows","31-33: Manufacturing"],"categoryType":"Flow"},"flowType":"PRODUCT_FLOW","infrastructureFlow":false,"flowProperties":[{"@type":"FlowPropertyFactor","referenceFlowProperty":true,"flowProperty":{"@type":"FlowProperty","@id":"93a60a56-a3c8-11da-a746-0800200b9a66","name":"Mass","categoryPath":["Technical flow properties"]},"conversionFactor":1.0}]}