{"@context":"http://greendelta.github.io/olca-schema/context.jsonld","@type":"Flow","@id":"ba4fbc4f-a9ab-387c-8bdd-9308dc19f404","name":"Wood fuel, unspecified","version":"00.00.003","lastChange":"2019-09-19T13:18:37.295-04:00","category":{"@type":"Category","@id":"b754929a-d887-3a15-9d11-69cdccc77689","name":"2213: Water, Sewage and Other Systems","categoryPath":["Technosphere Flows","22: Utilities"],"categoryType":"Flow"},"flowType":"PRODUCT_FLOW","infrastructureFlow":false,"location":{"@type":"Location","@id":"b320e7db-c758-3ba6-8839-81eb83c9d7d7","name":"Northern America"},"flowProperties":[{"@type":"FlowPropertyFactor","referenceFlowProperty":true,"flowProperty":{"@type":"FlowProperty","@id":"93a60a56-a3c8-11da-a746-0800200b9a66","name":"Mass","categoryPath":["Technical flow properties"]},"conversionFactor":1.0}]}