{"@context":"http://greendelta.github.io/olca-schema/context.jsonld","@type":"Flow","@id":"da9d5cb9-ad52-3bca-99a9-650145f9cab5","name":"Methyl isobutyl ketone","description":"From FedElemFlowList_1.0.1. Flow Class: Chemicals. Not a preferred flow.","version":"01.00.002","lastChange":"2020-09-10T19:56:33.212-04:00","category":{"@type":"Category","@id":"4d599e48-40f7-33ea-8c13-b39bc7fc2fd6","name":"water","categoryPath":["Elementary Flows","emission"],"categoryType":"Flow"},"flowType":"ELEMENTARY_FLOW","cas":"108-10-1","formula":"C6H12O","synonyms":"4-methylpentan-2-one, Isopropylacetone, MIBK","infrastructureFlow":false,"flowProperties":[{"@type":"FlowPropertyFactor","referenceFlowProperty":true,"flowProperty":{"@type":"FlowProperty","@id":"93a60a56-a3c8-11da-a746-0800200b9a66","name":"Mass","categoryPath":["Technical flow properties"]},"conversionFactor":1.0}]}