{"@context":"http://greendelta.github.io/olca-schema/context.jsonld","@type":"Flow","@id":"e788cf0b-9dbd-341c-9ab2-5a80db504bc0","name":"Polyol ether, for rigid foam polyurethane production, at plant","version":"00.00.004","lastChange":"2019-10-02T16:58:24.165-04:00","category":{"@type":"Category","@id":"fedad44c-774e-361d-a007-8ad332a7e93a","name":"3252: Resin, Synthetic Rubber, and Artificial and Synthetic Fibers and Filaments Manufacturing","categoryPath":["Technosphere Flows","31-33: Manufacturing"],"categoryType":"Flow"},"flowType":"PRODUCT_FLOW","infrastructureFlow":false,"location":{"@type":"Location","@id":"b320e7db-c758-3ba6-8839-81eb83c9d7d7","name":"Northern America"},"flowProperties":[{"@type":"FlowPropertyFactor","referenceFlowProperty":true,"flowProperty":{"@type":"FlowProperty","@id":"93a60a56-a3c8-11da-a746-0800200b9a66","name":"Mass","categoryPath":["Technical flow properties"]},"conversionFactor":1.0}]}