{"@context":"http://greendelta.github.io/olca-schema/context.jsonld","@type":"Flow","@id":"f1cdcdc8-5284-3d7c-8d2e-679484c3a06d","name":"Acetaldehyde","description":"From FedElemFlowList_1.0.1. Flow Class: Chemicals. Not a preferred flow.","version":"01.00.001","lastChange":"2020-01-13T16:09:45.339-05:00","category":{"@type":"Category","@id":"fdb15b0c-5b3a-33c9-aa2d-5ee8b3e65456","name":"rural","categoryPath":["Elementary Flows","emission","air","troposphere"],"categoryType":"Flow"},"flowType":"ELEMENTARY_FLOW","cas":"75-07-0","formula":"C2H4O","infrastructureFlow":false,"flowProperties":[{"@type":"FlowPropertyFactor","referenceFlowProperty":true,"flowProperty":{"@type":"FlowProperty","@id":"93a60a56-a3c8-11da-a746-0800200b9a66","name":"Mass","categoryPath":["Technical flow properties"]},"conversionFactor":1.0}]}