{"@context":"http://greendelta.github.io/olca-schema/context.jsonld","@type":"Flow","@id":"f4e19741-e926-3559-bf34-d54bd937ab6a","name":"Chips; softwood; green; at sawmill","version":"00.00.004","lastChange":"2019-12-20T16:23:49.137-05:00","category":{"@type":"Category","@id":"0c8c8566-d7cb-366f-9aa8-94a5ef2860d6","name":"3211: Sawmills and Wood Preservation","categoryPath":["Technosphere Flows","31-33: Manufacturing"],"categoryType":"Flow"},"flowType":"PRODUCT_FLOW","infrastructureFlow":false,"location":{"@type":"Location","@id":"0b3b97fa-6688-3c56-88ee-4ae80ec0c3c2","name":"United States"},"flowProperties":[{"@type":"FlowPropertyFactor","referenceFlowProperty":true,"flowProperty":{"@type":"FlowProperty","@id":"93a60a56-a3c8-11da-a746-0800200b9a66","name":"Mass","categoryPath":["Technical flow properties"]},"conversionFactor":1.0}]}