<?xml version="1.0" encoding="UTF-8" standalone="yes"?>
<ns2:contactDataSet xmlns="http://lca.jrc.it/ILCD/Common" xmlns:ns2="http://lca.jrc.it/ILCD/Contact" xmlns:ns3="http://lca.jrc.it/ILCD/Flow" xmlns:ns4="http://lca.jrc.it/ILCD/FlowProperty" xmlns:ns5="http://lca.jrc.it/ILCD/Process" xmlns:ns6="http://lca.jrc.it/ILCD/Source" xmlns:ns7="http://lca.jrc.it/ILCD/UnitGroup" xmlns:ns8="http://lca.jrc.it/ILCD/Wrapper" version="1.1">
    <ns2:contactInformation>
        <ns2:dataSetInformation>
            <UUID>27b30ff8-9b81-432f-a25c-fa0db3c59ef4</UUID>
            <name xml:lang="en">Timothy Skone</name>
            <ns2:classificationInformation>
                <classification>
                    <class level="0" classId="aff385fb-d760-4c5e-b0b2-8f293af071a7">NETL Coal Actors</class>
                </classification>
            </ns2:classificationInformation>
            <ns2:contactAddress xml:lang="en">626 Cochrans Mill Road | PO Box 10940, 15236-0940 Pittsburgh, PA</ns2:contactAddress>
            <ns2:email>Timothy.Skone@netl.doe.gov</ns2:email>
            <ns2:contactDescriptionOrComment xml:lang="en">Strategic Energy Analysis &amp; Planning Division</ns2:contactDescriptionOrComment>
        </ns2:dataSetInformation>
    </ns2:contactInformation>
    <ns2:administrativeInformation>
        <ns2:dataEntryBy>
            <referenceToDataSetFormat type="source data set" refObjectId="a97a0155-0234-4b87-b4ce-a45da52f2a40" version="01.01.000" uri="../sources/a97a0155-0234-4b87-b4ce-a45da52f2a40_01.01.000.xml">
                <shortDescription xml:lang="en">ILCD format</shortDescription>
            </referenceToDataSetFormat>
        </ns2:dataEntryBy>
        <ns2:publicationAndOwnership>
            <dataSetVersion>00.00.000</dataSetVersion>
            <permanentDataSetURI>http://openlca.org/ilcd/resource/contacts/27b30ff8-9b81-432f-a25c-fa0db3c59ef4</permanentDataSetURI>
        </ns2:publicationAndOwnership>
    </ns2:administrativeInformation>
</ns2:contactDataSet>
