<?xml version="1.0" encoding="UTF-8" standalone="yes"?>
<ns2:contactDataSet xmlns="http://lca.jrc.it/ILCD/Common" xmlns:ns2="http://lca.jrc.it/ILCD/Contact" xmlns:ns3="http://lca.jrc.it/ILCD/Flow" xmlns:ns4="http://lca.jrc.it/ILCD/FlowProperty" xmlns:ns5="http://lca.jrc.it/ILCD/Process" xmlns:ns6="http://lca.jrc.it/ILCD/Source" xmlns:ns7="http://lca.jrc.it/ILCD/UnitGroup" xmlns:ns8="http://lca.jrc.it/ILCD/Wrapper" version="1.1">
    <ns2:contactInformation>
        <ns2:dataSetInformation>
            <UUID>639d0c69-dddc-4092-a120-6b8dd5369391</UUID>
            <name xml:lang="en">National Energy Technology Laboratory</name>
            <ns2:classificationInformation>
                <classification>
                    <class level="0" classId="aff385fb-d760-4c5e-b0b2-8f293af071a7">NETL Coal Actors</class>
                </classification>
            </ns2:classificationInformation>
            <ns2:contactAddress xml:lang="en">626 Cochrans Mill Road | PO Box 10940, 15236-0940 Pittsburgh, PA</ns2:contactAddress>
            <ns2:telephone>412-386-4984</ns2:telephone>
            <ns2:telefax>412-386-4604</ns2:telefax>
            <ns2:contactDescriptionOrComment xml:lang="en">The National Energy Technology Laboratory (NETL), part of the U.S. Department of Energy (DOE) national laboratory system, is owned and operated by the DOE. NETL supports the DOE mission to advance the energy security of the United States.&#xD;
&#xD;
NETL implements a broad spectrum of energy and environmental research and development (R&amp;D) programs that will return benefits for generations to come. These include:&#xD;
1) Enabling domestic coal, natural gas, and oil to economically power our Nation’s homes, industries, businesses, and transportation.&#xD;
2) Protecting our environment and enhancing our energy independence.&#xD;
&#xD;
NETL has expertise in coal, natural gas, and oil technologies; contract and project management; analysis of energy systems; and international energy issues.&#xD;
&#xD;
In addition to research conducted onsite, NETL’s project portfolio includes R&amp;D conducted through partnerships, cooperative research and development agreements, financial assistance, and contractual arrangements with universities and the private sector. Together, these efforts focus a wealth of scientific and engineering talent on creating commercially viable solutions to national energy and environmental problems.</ns2:contactDescriptionOrComment>
        </ns2:dataSetInformation>
    </ns2:contactInformation>
    <ns2:administrativeInformation>
        <ns2:dataEntryBy>
            <referenceToDataSetFormat type="source data set" refObjectId="a97a0155-0234-4b87-b4ce-a45da52f2a40" version="01.01.000" uri="../sources/a97a0155-0234-4b87-b4ce-a45da52f2a40_01.01.000.xml">
                <shortDescription xml:lang="en">ILCD format</shortDescription>
            </referenceToDataSetFormat>
        </ns2:dataEntryBy>
        <ns2:publicationAndOwnership>
            <dataSetVersion>00.00.000</dataSetVersion>
            <permanentDataSetURI>http://openlca.org/ilcd/resource/contacts/639d0c69-dddc-4092-a120-6b8dd5369391</permanentDataSetURI>
        </ns2:publicationAndOwnership>
    </ns2:administrativeInformation>
</ns2:contactDataSet>
