<?xml version="1.0" encoding="UTF-8" standalone="yes"?>
<ns2:contactDataSet xmlns="http://lca.jrc.it/ILCD/Common" xmlns:ns2="http://lca.jrc.it/ILCD/Contact" xmlns:ns3="http://lca.jrc.it/ILCD/Flow" xmlns:ns4="http://lca.jrc.it/ILCD/FlowProperty" xmlns:ns5="http://lca.jrc.it/ILCD/Process" xmlns:ns6="http://lca.jrc.it/ILCD/Source" xmlns:ns7="http://lca.jrc.it/ILCD/UnitGroup" xmlns:ns8="http://lca.jrc.it/ILCD/Wrapper" version="1.1">
    <ns2:contactInformation>
        <ns2:dataSetInformation>
            <UUID>66c3f44f-4975-4ac5-bb22-ef8cce6992e6</UUID>
            <name xml:lang="en">Robert James</name>
            <ns2:classificationInformation>
                <classification>
                    <class level="0" classId="aff385fb-d760-4c5e-b0b2-8f293af071a7">NETL Coal Actors</class>
                </classification>
            </ns2:classificationInformation>
            <ns2:contactAddress xml:lang="en">3610 Collins Ferry Rd., 26507 Morgantown, WV</ns2:contactAddress>
            <ns2:telephone>(304) 285-4309</ns2:telephone>
            <ns2:telefax>(304) 285-1301</ns2:telefax>
            <ns2:email>Robert.James@netl.doe.gov</ns2:email>
            <ns2:contactDescriptionOrComment xml:lang="en">Office of Strategic Energy Analysis and Planning&#xD;
National Energy Technology Laboratory</ns2:contactDescriptionOrComment>
        </ns2:dataSetInformation>
    </ns2:contactInformation>
    <ns2:administrativeInformation>
        <ns2:dataEntryBy>
            <referenceToDataSetFormat type="source data set" refObjectId="a97a0155-0234-4b87-b4ce-a45da52f2a40" version="01.01.000" uri="../sources/a97a0155-0234-4b87-b4ce-a45da52f2a40_01.01.000.xml">
                <shortDescription xml:lang="en">ILCD format</shortDescription>
            </referenceToDataSetFormat>
        </ns2:dataEntryBy>
        <ns2:publicationAndOwnership>
            <dataSetVersion>00.00.000</dataSetVersion>
            <permanentDataSetURI>http://openlca.org/ilcd/resource/contacts/66c3f44f-4975-4ac5-bb22-ef8cce6992e6</permanentDataSetURI>
        </ns2:publicationAndOwnership>
    </ns2:administrativeInformation>
</ns2:contactDataSet>
