<?xml version="1.0" encoding="UTF-8" standalone="yes"?>
<ns2:contactDataSet xmlns="http://lca.jrc.it/ILCD/Common" xmlns:ns2="http://lca.jrc.it/ILCD/Contact" xmlns:ns3="http://lca.jrc.it/ILCD/Flow" xmlns:ns4="http://lca.jrc.it/ILCD/FlowProperty" xmlns:ns5="http://lca.jrc.it/ILCD/Process" xmlns:ns6="http://lca.jrc.it/ILCD/Source" xmlns:ns7="http://lca.jrc.it/ILCD/UnitGroup" xmlns:ns8="http://lca.jrc.it/ILCD/Wrapper" version="1.1">
    <ns2:contactInformation>
        <ns2:dataSetInformation>
            <UUID>fa9a073d-3ea7-3ed9-a63f-d4fe9d0083f6</UUID>
            <name xml:lang="en">Franklin Associates</name>
            <ns2:contactAddress xml:lang="en">4121 W. 83rd St, Suite 108</ns2:contactAddress>
            <ns2:telephone>Prairie Village, KS 66208</ns2:telephone>
            <ns2:email>jlittlefield@fal.com</ns2:email>
        </ns2:dataSetInformation>
    </ns2:contactInformation>
    <ns2:administrativeInformation>
        <ns2:dataEntryBy>
            <referenceToDataSetFormat type="source data set" refObjectId="a97a0155-0234-4b87-b4ce-a45da52f2a40" version="01.01.000" uri="../sources/a97a0155-0234-4b87-b4ce-a45da52f2a40_01.01.000.xml">
                <shortDescription xml:lang="en">ILCD format</shortDescription>
            </referenceToDataSetFormat>
        </ns2:dataEntryBy>
        <ns2:publicationAndOwnership>
            <dataSetVersion>00.00.000</dataSetVersion>
            <permanentDataSetURI>http://openlca.org/ilcd/resource/contacts/fa9a073d-3ea7-3ed9-a63f-d4fe9d0083f6</permanentDataSetURI>
        </ns2:publicationAndOwnership>
    </ns2:administrativeInformation>
</ns2:contactDataSet>
