<?xml version="1.0" encoding="UTF-8" standalone="yes"?>
<ns2:contactDataSet xmlns="http://lca.jrc.it/ILCD/Common" xmlns:ns2="http://lca.jrc.it/ILCD/Contact" xmlns:ns3="http://lca.jrc.it/ILCD/Flow" xmlns:ns4="http://lca.jrc.it/ILCD/FlowProperty" xmlns:ns5="http://lca.jrc.it/ILCD/Process" xmlns:ns6="http://lca.jrc.it/ILCD/Source" xmlns:ns7="http://lca.jrc.it/ILCD/UnitGroup" xmlns:ns8="http://lca.jrc.it/ILCD/Wrapper" version="1.1">
    <ns2:contactInformation>
        <ns2:dataSetInformation>
            <UUID>ffc062c6-ded4-32f4-8445-3d4def423704</UUID>
            <name xml:lang="en">James Pollack, PE</name>
            <ns2:contactAddress xml:lang="en">Midland, Michigan</ns2:contactAddress>
            <ns2:telephone>989-631-3377 x 233</ns2:telephone>
            <ns2:email>jpollack@omnitechintl.com</ns2:email>
        </ns2:dataSetInformation>
    </ns2:contactInformation>
    <ns2:administrativeInformation>
        <ns2:dataEntryBy>
            <referenceToDataSetFormat type="source data set" refObjectId="a97a0155-0234-4b87-b4ce-a45da52f2a40" version="01.01.000" uri="../sources/a97a0155-0234-4b87-b4ce-a45da52f2a40_01.01.000.xml">
                <shortDescription xml:lang="en">ILCD format</shortDescription>
            </referenceToDataSetFormat>
        </ns2:dataEntryBy>
        <ns2:publicationAndOwnership>
            <dataSetVersion>00.00.000</dataSetVersion>
            <permanentDataSetURI>http://openlca.org/ilcd/resource/contacts/ffc062c6-ded4-32f4-8445-3d4def423704</permanentDataSetURI>
        </ns2:publicationAndOwnership>
    </ns2:administrativeInformation>
</ns2:contactDataSet>
