{"@type":"UnitGroup","@id":"93a60a57-a3c8-16da-a746-0800200c9a66","name":"Units of radioactivity","category":"Technical unit groups","version":"00.00.000","defaultFlowProperty":{"@type":"FlowProperty","@id":"93a60a56-a3c8-17da-a746-0800200c9a66","name":"Radioactivity","category":"Technical flow properties","refUnit":"kBq"},"units":[{"@type":"Unit","@id":"e2987dad-3b7e-451e-82df-fe91756e752a","name":"mBq","description":"miliBequerel","conversionFactor":1.0E-6},{"@type":"Unit","@id":"ac324d87-9961-463a-81a1-099bb0f7d89b","name":"Bq","description":"Bequerel, 1 event per second","conversionFactor":0.001},{"@type":"Unit","@id":"a9736781-d59e-43dc-8584-147b50595c1c","name":"µBq","description":"microBequerel","conversionFactor":1.0E-9},{"@type":"Unit","@id":"df1ceca8-2d2a-46fa-91c1-24e5dd0f248f","name":"nBq","description":"nanoBequerel","conversionFactor":1.0E-12},{"@type":"Unit","@id":"e9773595-284e-46dd-9671-5fc9ff406833","name":"kBq","description":"Kilo-Bequerel, 1000 events per second","conversionFactor":1.0,"isRefUnit":true},{"@type":"Unit","@id":"a45722ee-fc30-4bb1-aa95-5c8fb56c6bfb","name":"Rutherford","description":"Rutherford","conversionFactor":1000.0},{"@type":"Unit","@id":"ef6d9358-a156-4c73-b678-320ddee7d2eb","name":"Ci","description":"Curie","conversionFactor":3.7E7}]}