{"@context":"http://greendelta.github.io/olca-schema/context.jsonld","@type":"Process","@id":"05561830-e889-31a3-b2be-7c52ee2ea545","name":"Polyethylene, low density, resin, at plant","version":"00.00.000","lastChange":"2011-10-26T03:48:29-06:00","category":{"@type":"Category","@id":"05ee7247-d00d-304a-97e8-4a376ca05972","name":"Petrochemical Manufacturing"},"processType":"UNIT_PROCESS","infrastructureProcess":false,"location":{"@type":"Location","@id":"b320e7db-c758-3ba6-8839-81eb83c9d7d7","name":"Northern America"},"processDocumentation":{"@type":"ProcessDocumentation","technologyDescription":"Free-radical or ionic polymerization of ethylene via a combination of tubular and autoclave high-pressure reactors","samplingDescription":"Data are from primary sources.","restrictionsDescription":"All information can be accessed by everybody.","copyright":false,"validFrom":"2001-12-31T00:00:00-07:00","validUntil":"2002-12-31T00:00:00-07:00","creationDate":"2011-10-26T03:48:29-06:00","geographyDescription":"North America (US and Canada)","dataDocumentor":{"@type":"Actor","@id":"721bcfe4-ee92-33bc-a9bd-bbf5ba3cb52d","name":"Franklin Associates"},"dataGenerator":{"@type":"Actor","@id":"721bcfe4-ee92-33bc-a9bd-bbf5ba3cb52d","name":"Franklin Associates"},"publication":{"@type":"Source","@id":"bf627fcb-bea3-3085-87ee-2d24ac940458","name":"THE PLASTICS DIVISION OF \nTHE AMERICAN C "},"sources":[{"@type":"Source","@id":"bf627fcb-bea3-3085-87ee-2d24ac940458","name":"THE PLASTICS DIVISION OF \nTHE AMERICAN C "}]},"exchanges":[{"@type":"Exchange","avoidedProduct":false,"input":false,"amount":1.0,"flow":{"@type":"Flow","@id":"050234ce-b360-3b94-a283-4af00f8a86c1","name":"Polyethylene, low density, resin, at plant","flowType":"PRODUCT_FLOW"},"unit":{"@type":"Unit","@id":"20aadc24-a391-41cf-b340-3e4529f44bde","name":"kg"},"flowProperty":{"@type":"FlowProperty","@id":"93a60a56-a3c8-11da-a746-0800200b9a66","name":"Mass"},"@id":"c105a7d7-4fa1-3775-9d1a-b1345e3ec32c","quantitativeReference":true},{"@type":"Exchange","avoidedProduct":false,"input":true,"amount":0.00188893885512111,"description":"Consumptive use includes: water incorporated into the product, water evaporated during the process, and/or water used and released to a body other than that from which it was drawn.","flow":{"@type":"Flow","@id":"7fefc941-9acb-39f7-9e3b-dd4e8f07ed0b","name":"Water, process, unspecified natural origin/m3","flowType":"ELEMENTARY_FLOW"},"unit":{"@type":"Unit","@id":"1c3a9695-398d-4b1f-b07e-a8715b610f70","name":"m3"},"flowProperty":{"@type":"FlowProperty","@id":"93a60a56-a3c8-22da-a746-0800200c9a66","name":"Volume"},"@id":"e9ac1a83-c13c-3c6a-98f0-3af4c7d19c13"},{"@type":"Exchange","avoidedProduct":false,"input":false,"amount":1.0E-5,"description":"This emission was reported by fewer than three companies. To indicate known emissions while protecting the confidentiality of individual company responses, the emission is reported only by order of magnitude.","flow":{"@type":"Flow","@id":"16a0fc94-eaec-315c-9f2f-328d8833dcad","name":"BOD5, Biological Oxygen Demand","flowType":"ELEMENTARY_FLOW"},"unit":{"@type":"Unit","@id":"20aadc24-a391-41cf-b340-3e4529f44bde","name":"kg"},"flowProperty":{"@type":"FlowProperty","@id":"93a60a56-a3c8-11da-a746-0800200b9a66","name":"Mass"},"@id":"64be4d26-0ca7-31a3-9ab3-e55f1f99541a"},{"@type":"Exchange","avoidedProduct":false,"input":false,"amount":1.0E-6,"description":"This emission was reported by fewer than three companies. To indicate known emissions while protecting the confidentiality of individual company responses, the emission is reported only by order of magnitude.","flow":{"@type":"Flow","@id":"86957ef8-d6c4-3521-a7ef-db7121f6d813","name":"Oil and grease, unspecified","flowType":"ELEMENTARY_FLOW"},"unit":{"@type":"Unit","@id":"20aadc24-a391-41cf-b340-3e4529f44bde","name":"kg"},"flowProperty":{"@type":"FlowProperty","@id":"93a60a56-a3c8-11da-a746-0800200b9a66","name":"Mass"},"@id":"3ddfb909-1b4b-359e-bdbd-d06fa2ce2ec6"},{"@type":"Exchange","avoidedProduct":false,"input":true,"amount":0.0483712780965061,"flow":{"@type":"Flow","@id":"bb1dc159-fe13-3f8e-8197-361e8c770ba3","name":"Natural gas, combusted in industrial boiler","flowType":"PRODUCT_FLOW"},"unit":{"@type":"Unit","@id":"1c3a9695-398d-4b1f-b07e-a8715b610f70","name":"m3"},"flowProperty":{"@type":"FlowProperty","@id":"93a60a56-a3c8-22da-a746-0800200c9a66","name":"Volume"},"@id":"0d06ad5a-88a2-3ded-b881-f5d9573440d5"},{"@type":"Exchange","avoidedProduct":false,"input":true,"amount":6.28655664764876E-5,"flow":{"@type":"Flow","@id":"838cef47-a3a6-3dce-bcb2-560991c5e95c","name":"CUTOFF Disposal, solid waste, unspecified, to sanitary landfill","flowType":"PRODUCT_FLOW"},"unit":{"@type":"Unit","@id":"20aadc24-a391-41cf-b340-3e4529f44bde","name":"kg"},"flowProperty":{"@type":"FlowProperty","@id":"93a60a56-a3c8-11da-a746-0800200b9a66","name":"Mass"},"@id":"fdeee2bf-5f0c-338c-8b6a-6e77a3c0b606"},{"@type":"Exchange","avoidedProduct":false,"input":false,"amount":1.0E-6,"description":"This emission was reported by fewer than three companies. To indicate known emissions while protecting the confidentiality of individual company responses, the emission is reported only by order of magnitude.","flow":{"@type":"Flow","@id":"a3ed03de-f771-3946-94f3-a02a10d4ca74","name":"Dissolved solids","flowType":"ELEMENTARY_FLOW"},"unit":{"@type":"Unit","@id":"20aadc24-a391-41cf-b340-3e4529f44bde","name":"kg"},"flowProperty":{"@type":"FlowProperty","@id":"93a60a56-a3c8-11da-a746-0800200b9a66","name":"Mass"},"@id":"baae560f-38c0-3767-abca-ab7ea8588c0c"},{"@type":"Exchange","avoidedProduct":false,"input":false,"amount":5.54459867178315E-6,"flow":{"@type":"Flow","@id":"e10319a4-662e-3d3a-b3dc-03bbbca0e66f","name":"Particulates, \u003c 2.5 um ","flowType":"ELEMENTARY_FLOW"},"unit":{"@type":"Unit","@id":"20aadc24-a391-41cf-b340-3e4529f44bde","name":"kg"},"flowProperty":{"@type":"FlowProperty","@id":"93a60a56-a3c8-11da-a746-0800200b9a66","name":"Mass"},"@id":"3c25a9ce-ebfb-321e-a15b-0eaf1207a117"},{"@type":"Exchange","avoidedProduct":false,"input":false,"amount":8.73290146857218E-4,"flow":{"@type":"Flow","@id":"6b41ff0f-2c11-3d98-aee6-ca2f5d4c817c","name":"NMVOC, non-methane volatile organic compounds, unspecified ","flowType":"ELEMENTARY_FLOW"},"unit":{"@type":"Unit","@id":"20aadc24-a391-41cf-b340-3e4529f44bde","name":"kg"},"flowProperty":{"@type":"FlowProperty","@id":"93a60a56-a3c8-11da-a746-0800200b9a66","name":"Mass"},"@id":"2b79efb8-c533-347f-bff6-bf50671112fe"},{"@type":"Exchange","avoidedProduct":false,"input":false,"amount":1.0E-6,"description":"This emission was reported by fewer than three companies. To indicate known emissions while protecting the confidentiality of individual company responses, the emission is reported only by order of magnitude.","flow":{"@type":"Flow","@id":"14f27675-0674-31fa-937a-3a093bbda3ca","name":"Nitrous oxide","flowType":"ELEMENTARY_FLOW"},"unit":{"@type":"Unit","@id":"20aadc24-a391-41cf-b340-3e4529f44bde","name":"kg"},"flowProperty":{"@type":"FlowProperty","@id":"93a60a56-a3c8-11da-a746-0800200b9a66","name":"Mass"},"@id":"abf21a0c-2bd0-3979-a1c1-3c0ffb881f00"},{"@type":"Exchange","avoidedProduct":false,"input":false,"amount":1.0E-6,"description":"This emission was reported by fewer than three companies. To indicate known emissions while protecting the confidentiality of individual company responses, the emission is reported only by order of magnitude.","flow":{"@type":"Flow","@id":"8edf326a-2e6d-3491-adef-f99e27e35043","name":"Methane, difluromonochloro-, HCFC-22","flowType":"ELEMENTARY_FLOW"},"unit":{"@type":"Unit","@id":"20aadc24-a391-41cf-b340-3e4529f44bde","name":"kg"},"flowProperty":{"@type":"FlowProperty","@id":"93a60a56-a3c8-11da-a746-0800200b9a66","name":"Mass"},"@id":"c14843a8-e15c-3f6e-b19c-704d9ff19f10"},{"@type":"Exchange","avoidedProduct":false,"input":false,"amount":0.01,"description":"This emission was reported by fewer than three companies. To indicate known emissions while protecting the confidentiality of individual company responses, the emission is reported only by order of magnitude.","flow":{"@type":"Flow","@id":"63af114b-afcb-3a82-801a-9c66208a673a","name":"Carbon dioxide, fossil ","flowType":"ELEMENTARY_FLOW"},"unit":{"@type":"Unit","@id":"20aadc24-a391-41cf-b340-3e4529f44bde","name":"kg"},"flowProperty":{"@type":"FlowProperty","@id":"93a60a56-a3c8-11da-a746-0800200b9a66","name":"Mass"},"@id":"fbdd7b80-b872-3e0e-aadf-b365a539652a"},{"@type":"Exchange","avoidedProduct":false,"input":true,"amount":0.188497651976108,"flow":{"@type":"Flow","@id":"06581fb2-1de0-3e78-8298-f37605dea142","name":"Electricity, at grid, US, 2008","flowType":"PRODUCT_FLOW"},"unit":{"@type":"Unit","@id":"86ad2244-1f0e-4912-af53-7865283103e4","name":"kWh"},"flowProperty":{"@type":"FlowProperty","@id":"f6811440-ee37-11de-8a39-0800200c9a66","name":"Energy"},"@id":"d25418fd-8e70-362b-a688-832ee2db5f93"},{"@type":"Exchange","avoidedProduct":false,"input":false,"amount":1.0E-6,"description":"This emission was reported by fewer than three companies. To indicate known emissions while protecting the confidentiality of individual company responses, the emission is reported only by order of magnitude.","flow":{"@type":"Flow","@id":"1827a862-ccac-37ac-9ad7-d2dffe71058c","name":"Nitrogen oxides ","flowType":"ELEMENTARY_FLOW"},"unit":{"@type":"Unit","@id":"20aadc24-a391-41cf-b340-3e4529f44bde","name":"kg"},"flowProperty":{"@type":"FlowProperty","@id":"93a60a56-a3c8-11da-a746-0800200b9a66","name":"Mass"},"@id":"d524118a-071d-3544-b392-aa852b71cb78"},{"@type":"Exchange","avoidedProduct":false,"input":false,"amount":1.0E-9,"description":"This emission was reported by fewer than three companies. To indicate known emissions while protecting the confidentiality of individual company responses, the emission is reported only by order of magnitude.","flow":{"@type":"Flow","@id":"d53034f6-f44f-3ece-b946-c5e885833fab","name":"Phenol compounds, unspecified","flowType":"ELEMENTARY_FLOW"},"unit":{"@type":"Unit","@id":"20aadc24-a391-41cf-b340-3e4529f44bde","name":"kg"},"flowProperty":{"@type":"FlowProperty","@id":"93a60a56-a3c8-11da-a746-0800200b9a66","name":"Mass"},"@id":"44662a90-57b0-3554-88b7-562faabf5a60"},{"@type":"Exchange","avoidedProduct":false,"input":false,"amount":2.5970484062599E-5,"flow":{"@type":"Flow","@id":"441e7e96-6101-3856-ac4f-8f74c8005ba9","name":"Particulates, \u003e 2.5 um, and \u003c 10um","flowType":"ELEMENTARY_FLOW"},"unit":{"@type":"Unit","@id":"20aadc24-a391-41cf-b340-3e4529f44bde","name":"kg"},"flowProperty":{"@type":"FlowProperty","@id":"93a60a56-a3c8-11da-a746-0800200b9a66","name":"Mass"},"@id":"603f62b9-63b8-32a2-a3a0-498f1162ef69"},{"@type":"Exchange","avoidedProduct":false,"input":false,"amount":4.5130771069694E-5,"flow":{"@type":"Flow","@id":"b641465b-5594-34f2-a9f8-72ceb302de17","name":"Particulates, unspecified","flowType":"ELEMENTARY_FLOW"},"unit":{"@type":"Unit","@id":"20aadc24-a391-41cf-b340-3e4529f44bde","name":"kg"},"flowProperty":{"@type":"FlowProperty","@id":"93a60a56-a3c8-11da-a746-0800200b9a66","name":"Mass"},"@id":"405a0c4b-05d5-301c-b146-2f9b72fed17f"},{"@type":"Exchange","avoidedProduct":false,"input":false,"amount":6.59412596360513E-6,"flow":{"@type":"Flow","@id":"d25cd0b7-4fc5-3be0-88d3-2d661482fde2","name":"Methane ","flowType":"ELEMENTARY_FLOW"},"unit":{"@type":"Unit","@id":"20aadc24-a391-41cf-b340-3e4529f44bde","name":"kg"},"flowProperty":{"@type":"FlowProperty","@id":"93a60a56-a3c8-11da-a746-0800200b9a66","name":"Mass"},"@id":"4a258506-235b-36c7-be60-42eac7f99ba0"},{"@type":"Exchange","avoidedProduct":false,"input":false,"amount":1.0E-8,"description":"This emission was reported by fewer than three companies. To indicate known emissions while protecting the confidentiality of individual company responses, the emission is reported only by order of magnitude.","flow":{"@type":"Flow","@id":"dbe659c1-d252-37bd-a77e-a0674ded4f4a","name":"Zinc","flowType":"ELEMENTARY_FLOW"},"unit":{"@type":"Unit","@id":"20aadc24-a391-41cf-b340-3e4529f44bde","name":"kg"},"flowProperty":{"@type":"FlowProperty","@id":"93a60a56-a3c8-11da-a746-0800200b9a66","name":"Mass"},"@id":"74f444cd-d8eb-331b-ad9f-0c4626342347"},{"@type":"Exchange","avoidedProduct":false,"input":true,"amount":3.18476959769886E-5,"flow":{"@type":"Flow","@id":"f77da622-e84d-3639-8917-fcf792aaee13","name":"Liquefied petroleum gas, combusted in industrial boiler","flowType":"PRODUCT_FLOW"},"unit":{"@type":"Unit","@id":"b80a512e-e402-4363-8ad0-7d02dcf4a459","name":"l"},"flowProperty":{"@type":"FlowProperty","@id":"93a60a56-a3c8-22da-a746-0800200c9a66","name":"Volume"},"@id":"62b4fcc6-07dc-393d-b1dd-33c17819b2bb"},{"@type":"Exchange","avoidedProduct":false,"input":false,"amount":1.0E-9,"description":"This emission was reported by fewer than three companies. To indicate known emissions while protecting the confidentiality of individual company responses, the emission is reported only by order of magnitude.","flow":{"@type":"Flow","@id":"fce7dbb7-d08d-34ae-875c-1afb623e7213","name":"Chlorine","flowType":"ELEMENTARY_FLOW"},"unit":{"@type":"Unit","@id":"20aadc24-a391-41cf-b340-3e4529f44bde","name":"kg"},"flowProperty":{"@type":"FlowProperty","@id":"93a60a56-a3c8-11da-a746-0800200b9a66","name":"Mass"},"@id":"65bcbefb-b9e5-3bc7-b36b-288c98057650"},{"@type":"Exchange","avoidedProduct":false,"input":false,"amount":1.0E-8,"description":"This emission was reported by fewer than three companies. To indicate known emissions while protecting the confidentiality of individual company responses, the emission is reported only by order of magnitude.","flow":{"@type":"Flow","@id":"3398b3ee-0652-3778-a374-804cd0d7b6a6","name":"Sulfur oxides","flowType":"ELEMENTARY_FLOW"},"unit":{"@type":"Unit","@id":"20aadc24-a391-41cf-b340-3e4529f44bde","name":"kg"},"flowProperty":{"@type":"FlowProperty","@id":"93a60a56-a3c8-11da-a746-0800200b9a66","name":"Mass"},"@id":"0cf6489b-0e33-3b1c-8a85-7210ec6a1bfd"},{"@type":"Exchange","avoidedProduct":false,"input":true,"amount":0.724055157785065,"flow":{"@type":"Flow","@id":"fc76d79e-b0fb-376f-807b-02fe2098aa88","name":"Electricity, at cogen, for natural gas turbine","flowType":"PRODUCT_FLOW"},"unit":{"@type":"Unit","@id":"86ad2244-1f0e-4912-af53-7865283103e4","name":"kWh"},"flowProperty":{"@type":"FlowProperty","@id":"f6811440-ee37-11de-8a39-0800200c9a66","name":"Energy"},"@id":"9cbb131d-6055-3d83-9f20-d1c467fa37c5"},{"@type":"Exchange","avoidedProduct":false,"input":false,"amount":1.0E-7,"description":"This emission was reported by fewer than three companies. To indicate known emissions while protecting the confidentiality of individual company responses, the emission is reported only by order of magnitude.","flow":{"@type":"Flow","@id":"dc52a4db-da65-3119-8e62-70228d090990","name":"Aluminum","flowType":"ELEMENTARY_FLOW"},"unit":{"@type":"Unit","@id":"20aadc24-a391-41cf-b340-3e4529f44bde","name":"kg"},"flowProperty":{"@type":"FlowProperty","@id":"93a60a56-a3c8-11da-a746-0800200b9a66","name":"Mass"},"@id":"b69f55c7-ce25-3cc6-95b6-868d7bbcb021"},{"@type":"Exchange","avoidedProduct":false,"input":false,"amount":1.0E-7,"description":"This emission was reported by fewer than three companies. To indicate known emissions while protecting the confidentiality of individual company responses, the emission is reported only by order of magnitude.","flow":{"@type":"Flow","@id":"89a76b43-5da7-32ea-8450-190787d59fb8","name":"Methane, trichlorofluoro-, CFC-11","flowType":"ELEMENTARY_FLOW"},"unit":{"@type":"Unit","@id":"20aadc24-a391-41cf-b340-3e4529f44bde","name":"kg"},"flowProperty":{"@type":"FlowProperty","@id":"93a60a56-a3c8-11da-a746-0800200b9a66","name":"Mass"},"@id":"16788594-4d2d-363a-a0b2-640e062af5d0"},{"@type":"Exchange","avoidedProduct":false,"input":false,"amount":1.0E-4,"description":"This emission was reported by fewer than three companies. To indicate known emissions while protecting the confidentiality of individual company responses, the emission is reported only by order of magnitude.","flow":{"@type":"Flow","@id":"33d5907f-322f-336d-b23f-f2959923f99f","name":"COD, Chemical Oxygen Demand","flowType":"ELEMENTARY_FLOW"},"unit":{"@type":"Unit","@id":"20aadc24-a391-41cf-b340-3e4529f44bde","name":"kg"},"flowProperty":{"@type":"FlowProperty","@id":"93a60a56-a3c8-11da-a746-0800200b9a66","name":"Mass"},"@id":"01483f32-185a-303f-a6d6-2030b9998153"},{"@type":"Exchange","avoidedProduct":false,"input":false,"amount":1.0E-7,"description":"This emission was reported by fewer than three companies. To indicate known emissions while protecting the confidentiality of individual company responses, the emission is reported only by order of magnitude.","flow":{"@type":"Flow","@id":"576f2ee2-5c02-3d4e-b96c-1fc74d6c053e","name":"2-Propanol","flowType":"ELEMENTARY_FLOW"},"unit":{"@type":"Unit","@id":"20aadc24-a391-41cf-b340-3e4529f44bde","name":"kg"},"flowProperty":{"@type":"FlowProperty","@id":"93a60a56-a3c8-11da-a746-0800200b9a66","name":"Mass"},"@id":"602bc0df-89c8-3ca7-b5c3-4d56f2c7106f"},{"@type":"Exchange","avoidedProduct":false,"input":true,"amount":1.00778656990501,"flow":{"@type":"Flow","@id":"8a2f201e-cf8a-3017-9247-a4f98b9e1aba","name":"Ethylene, at plant","flowType":"PRODUCT_FLOW"},"unit":{"@type":"Unit","@id":"20aadc24-a391-41cf-b340-3e4529f44bde","name":"kg"},"flowProperty":{"@type":"FlowProperty","@id":"93a60a56-a3c8-11da-a746-0800200b9a66","name":"Mass"},"@id":"36610a83-df72-3811-b4b5-97dc8c1e6ff6"},{"@type":"Exchange","avoidedProduct":false,"input":false,"amount":5.0E-5,"flow":{"@type":"Flow","@id":"c746fcf6-c553-3f40-9445-6f0b14a727de","name":"Organic substances, unspecified","flowType":"ELEMENTARY_FLOW"},"unit":{"@type":"Unit","@id":"20aadc24-a391-41cf-b340-3e4529f44bde","name":"kg"},"flowProperty":{"@type":"FlowProperty","@id":"93a60a56-a3c8-11da-a746-0800200b9a66","name":"Mass"},"@id":"ee87e1a1-b300-3310-98be-e212830ade33"},{"@type":"Exchange","avoidedProduct":false,"input":true,"amount":2.36868473688194E-4,"flow":{"@type":"Flow","@id":"ee9ac558-402f-3594-a3e3-0ee7dec4440d","name":"CUTOFF Disposal, solid waste, unspecified, to municipal incineration","flowType":"PRODUCT_FLOW"},"unit":{"@type":"Unit","@id":"20aadc24-a391-41cf-b340-3e4529f44bde","name":"kg"},"flowProperty":{"@type":"FlowProperty","@id":"93a60a56-a3c8-11da-a746-0800200b9a66","name":"Mass"},"@id":"7340b0e2-da56-314d-a54f-3d9318cb0598"},{"@type":"Exchange","avoidedProduct":false,"input":true,"amount":0.19458343091726,"flow":{"@type":"Flow","@id":"acbe5bc4-6afd-31aa-bf3f-4a3fdc491945","name":"Transport, pipeline, unspecified petroleum products","flowType":"PRODUCT_FLOW"},"unit":{"@type":"Unit","@id":"0dea4ed8-bb6b-4049-b2b4-b2c413ef2180","name":"t*km"},"flowProperty":{"@type":"FlowProperty","@id":"838aaa20-0117-11db-92e3-0800200c9a66","name":"Goods transport (mass*distance)"},"@id":"e8e3332e-c7d5-3ca1-91d5-481a30ee313d"},{"@type":"Exchange","avoidedProduct":false,"input":false,"amount":1.0E-5,"description":"This emission was reported by fewer than three companies. To indicate known emissions while protecting the confidentiality of individual company responses, the emission is reported only by order of magnitude.","flow":{"@type":"Flow","@id":"91c6fb89-85ed-310b-8197-fb35a753bd97","name":"Suspended solids, unspecified","flowType":"ELEMENTARY_FLOW"},"unit":{"@type":"Unit","@id":"20aadc24-a391-41cf-b340-3e4529f44bde","name":"kg"},"flowProperty":{"@type":"FlowProperty","@id":"93a60a56-a3c8-11da-a746-0800200b9a66","name":"Mass"},"@id":"b4ff080c-64bf-38d3-a87b-5f7656728585"},{"@type":"Exchange","avoidedProduct":false,"input":false,"amount":1.0E-7,"flow":{"@type":"Flow","@id":"1d91ba69-9367-32d9-9acc-b6884944eda8","name":"Phosphorus","flowType":"ELEMENTARY_FLOW"},"unit":{"@type":"Unit","@id":"20aadc24-a391-41cf-b340-3e4529f44bde","name":"kg"},"flowProperty":{"@type":"FlowProperty","@id":"93a60a56-a3c8-11da-a746-0800200b9a66","name":"Mass"},"@id":"65dd2ddb-a87c-36cc-b7ff-7835d3bf52d2"},{"@type":"Exchange","avoidedProduct":false,"input":true,"amount":0.00133010965550953,"flow":{"@type":"Flow","@id":"654a5cf6-185f-3d91-89ef-42442d1825e8","name":"Residual fuel oil, combusted in industrial boiler","flowType":"PRODUCT_FLOW"},"unit":{"@type":"Unit","@id":"b80a512e-e402-4363-8ad0-7d02dcf4a459","name":"l"},"flowProperty":{"@type":"FlowProperty","@id":"93a60a56-a3c8-22da-a746-0800200c9a66","name":"Volume"},"@id":"c4639d77-13cd-3bbe-9d5d-ae85359de88e"},{"@type":"Exchange","avoidedProduct":false,"input":false,"amount":1.0E-5,"description":"This emission was reported by fewer than three companies. To indicate known emissions while protecting the confidentiality of individual company responses, the emission is reported only by order of magnitude.","flow":{"@type":"Flow","@id":"80c9c183-6e8e-3cba-a608-1d70820c3ce9","name":"Carbon monoxide","flowType":"ELEMENTARY_FLOW"},"unit":{"@type":"Unit","@id":"20aadc24-a391-41cf-b340-3e4529f44bde","name":"kg"},"flowProperty":{"@type":"FlowProperty","@id":"93a60a56-a3c8-11da-a746-0800200b9a66","name":"Mass"},"@id":"d9b545aa-220b-31e5-97c0-dcb978504886"},{"@type":"Exchange","avoidedProduct":false,"input":false,"amount":0.397739365079365,"flow":{"@type":"Flow","@id":"bdd323b8-1b5c-340d-9301-e2d28c075cca","name":"Recovered energy","flowType":"PRODUCT_FLOW"},"unit":{"@type":"Unit","@id":"52765a6c-3896-43c2-b2f4-c679acf13efe","name":"MJ"},"flowProperty":{"@type":"FlowProperty","@id":"f6811440-ee37-11de-8a39-0800200c9a66","name":"Energy"},"@id":"ecaa4383-022d-36e2-9138-88760170c403"}],"allocationFactors":[{"@type":"AllocationFactor","product":{"@type":"Flow","@id":"bdd323b8-1b5c-340d-9301-e2d28c075cca","name":"Recovered energy"},"value":0.0,"allocationType":"CAUSAL_ALLOCATION"},{"@type":"AllocationFactor","product":{"@type":"Flow","@id":"050234ce-b360-3b94-a283-4af00f8a86c1","name":"Polyethylene, low density, resin, at plant"},"value":1.0,"allocationType":"CAUSAL_ALLOCATION"},{"@type":"AllocationFactor","product":{"@type":"Flow","@id":"bdd323b8-1b5c-340d-9301-e2d28c075cca","name":"Recovered energy"},"value":0.0,"allocationType":"CAUSAL_ALLOCATION"},{"@type":"AllocationFactor","product":{"@type":"Flow","@id":"050234ce-b360-3b94-a283-4af00f8a86c1","name":"Polyethylene, low density, resin, at plant"},"value":1.0,"allocationType":"CAUSAL_ALLOCATION"},{"@type":"AllocationFactor","product":{"@type":"Flow","@id":"bdd323b8-1b5c-340d-9301-e2d28c075cca","name":"Recovered energy"},"value":0.0,"allocationType":"CAUSAL_ALLOCATION"},{"@type":"AllocationFactor","product":{"@type":"Flow","@id":"bdd323b8-1b5c-340d-9301-e2d28c075cca","name":"Recovered energy"},"value":0.0,"allocationType":"CAUSAL_ALLOCATION"},{"@type":"AllocationFactor","product":{"@type":"Flow","@id":"bdd323b8-1b5c-340d-9301-e2d28c075cca","name":"Recovered energy"},"value":0.0,"allocationType":"CAUSAL_ALLOCATION"},{"@type":"AllocationFactor","product":{"@type":"Flow","@id":"050234ce-b360-3b94-a283-4af00f8a86c1","name":"Polyethylene, low density, resin, at plant"},"value":1.0,"allocationType":"CAUSAL_ALLOCATION"},{"@type":"AllocationFactor","product":{"@type":"Flow","@id":"050234ce-b360-3b94-a283-4af00f8a86c1","name":"Polyethylene, low density, resin, at plant"},"value":1.0,"allocationType":"CAUSAL_ALLOCATION"},{"@type":"AllocationFactor","product":{"@type":"Flow","@id":"bdd323b8-1b5c-340d-9301-e2d28c075cca","name":"Recovered energy"},"value":0.0,"allocationType":"CAUSAL_ALLOCATION"},{"@type":"AllocationFactor","product":{"@type":"Flow","@id":"bdd323b8-1b5c-340d-9301-e2d28c075cca","name":"Recovered energy"},"value":0.0,"allocationType":"CAUSAL_ALLOCATION"},{"@type":"AllocationFactor","product":{"@type":"Flow","@id":"050234ce-b360-3b94-a283-4af00f8a86c1","name":"Polyethylene, low density, resin, at plant"},"value":1.0,"allocationType":"CAUSAL_ALLOCATION"},{"@type":"AllocationFactor","product":{"@type":"Flow","@id":"bdd323b8-1b5c-340d-9301-e2d28c075cca","name":"Recovered energy"},"value":0.0,"allocationType":"CAUSAL_ALLOCATION"},{"@type":"AllocationFactor","product":{"@type":"Flow","@id":"050234ce-b360-3b94-a283-4af00f8a86c1","name":"Polyethylene, low density, resin, at plant"},"value":1.0,"allocationType":"CAUSAL_ALLOCATION"},{"@type":"AllocationFactor","product":{"@type":"Flow","@id":"050234ce-b360-3b94-a283-4af00f8a86c1","name":"Polyethylene, low density, resin, at plant"},"value":1.0,"allocationType":"CAUSAL_ALLOCATION"},{"@type":"AllocationFactor","product":{"@type":"Flow","@id":"bdd323b8-1b5c-340d-9301-e2d28c075cca","name":"Recovered energy"},"value":0.0,"allocationType":"CAUSAL_ALLOCATION"},{"@type":"AllocationFactor","product":{"@type":"Flow","@id":"050234ce-b360-3b94-a283-4af00f8a86c1","name":"Polyethylene, low density, resin, at plant"},"value":1.0,"allocationType":"CAUSAL_ALLOCATION"},{"@type":"AllocationFactor","product":{"@type":"Flow","@id":"050234ce-b360-3b94-a283-4af00f8a86c1","name":"Polyethylene, low density, resin, at plant"},"value":1.0,"allocationType":"CAUSAL_ALLOCATION"},{"@type":"AllocationFactor","product":{"@type":"Flow","@id":"050234ce-b360-3b94-a283-4af00f8a86c1","name":"Polyethylene, low density, resin, at plant"},"value":1.0,"allocationType":"CAUSAL_ALLOCATION"},{"@type":"AllocationFactor","product":{"@type":"Flow","@id":"bdd323b8-1b5c-340d-9301-e2d28c075cca","name":"Recovered energy"},"value":0.0,"allocationType":"CAUSAL_ALLOCATION"},{"@type":"AllocationFactor","product":{"@type":"Flow","@id":"050234ce-b360-3b94-a283-4af00f8a86c1","name":"Polyethylene, low density, resin, at plant"},"value":1.0,"allocationType":"CAUSAL_ALLOCATION"},{"@type":"AllocationFactor","product":{"@type":"Flow","@id":"050234ce-b360-3b94-a283-4af00f8a86c1","name":"Polyethylene, low density, resin, at plant"},"value":1.0,"allocationType":"CAUSAL_ALLOCATION"},{"@type":"AllocationFactor","product":{"@type":"Flow","@id":"050234ce-b360-3b94-a283-4af00f8a86c1","name":"Polyethylene, low density, resin, at plant"},"value":1.0,"allocationType":"CAUSAL_ALLOCATION"},{"@type":"AllocationFactor","product":{"@type":"Flow","@id":"050234ce-b360-3b94-a283-4af00f8a86c1","name":"Polyethylene, low density, resin, at plant"},"value":1.0,"allocationType":"CAUSAL_ALLOCATION"},{"@type":"AllocationFactor","product":{"@type":"Flow","@id":"bdd323b8-1b5c-340d-9301-e2d28c075cca","name":"Recovered energy"},"value":0.0,"allocationType":"CAUSAL_ALLOCATION"},{"@type":"AllocationFactor","product":{"@type":"Flow","@id":"050234ce-b360-3b94-a283-4af00f8a86c1","name":"Polyethylene, low density, resin, at plant"},"value":1.0,"allocationType":"CAUSAL_ALLOCATION"},{"@type":"AllocationFactor","product":{"@type":"Flow","@id":"bdd323b8-1b5c-340d-9301-e2d28c075cca","name":"Recovered energy"},"value":0.0,"allocationType":"CAUSAL_ALLOCATION"},{"@type":"AllocationFactor","product":{"@type":"Flow","@id":"050234ce-b360-3b94-a283-4af00f8a86c1","name":"Polyethylene, low density, resin, at plant"},"value":1.0,"allocationType":"CAUSAL_ALLOCATION"},{"@type":"AllocationFactor","product":{"@type":"Flow","@id":"050234ce-b360-3b94-a283-4af00f8a86c1","name":"Polyethylene, low density, resin, at plant"},"value":1.0,"allocationType":"CAUSAL_ALLOCATION"},{"@type":"AllocationFactor","product":{"@type":"Flow","@id":"050234ce-b360-3b94-a283-4af00f8a86c1","name":"Polyethylene, low density, resin, at plant"},"value":1.0,"allocationType":"CAUSAL_ALLOCATION"},{"@type":"AllocationFactor","product":{"@type":"Flow","@id":"bdd323b8-1b5c-340d-9301-e2d28c075cca","name":"Recovered energy"},"value":0.0,"allocationType":"CAUSAL_ALLOCATION"},{"@type":"AllocationFactor","product":{"@type":"Flow","@id":"050234ce-b360-3b94-a283-4af00f8a86c1","name":"Polyethylene, low density, resin, at plant"},"value":1.0,"allocationType":"CAUSAL_ALLOCATION"},{"@type":"AllocationFactor","product":{"@type":"Flow","@id":"bdd323b8-1b5c-340d-9301-e2d28c075cca","name":"Recovered energy"},"value":0.0,"allocationType":"CAUSAL_ALLOCATION"},{"@type":"AllocationFactor","product":{"@type":"Flow","@id":"bdd323b8-1b5c-340d-9301-e2d28c075cca","name":"Recovered energy"},"value":0.0,"allocationType":"CAUSAL_ALLOCATION"},{"@type":"AllocationFactor","product":{"@type":"Flow","@id":"bdd323b8-1b5c-340d-9301-e2d28c075cca","name":"Recovered energy"},"value":0.0,"allocationType":"CAUSAL_ALLOCATION"},{"@type":"AllocationFactor","product":{"@type":"Flow","@id":"050234ce-b360-3b94-a283-4af00f8a86c1","name":"Polyethylene, low density, resin, at plant"},"value":1.0,"allocationType":"CAUSAL_ALLOCATION"},{"@type":"AllocationFactor","product":{"@type":"Flow","@id":"bdd323b8-1b5c-340d-9301-e2d28c075cca","name":"Recovered energy"},"value":0.0,"allocationType":"CAUSAL_ALLOCATION"},{"@type":"AllocationFactor","product":{"@type":"Flow","@id":"050234ce-b360-3b94-a283-4af00f8a86c1","name":"Polyethylene, low density, resin, at plant"},"value":1.0,"allocationType":"CAUSAL_ALLOCATION"},{"@type":"AllocationFactor","product":{"@type":"Flow","@id":"bdd323b8-1b5c-340d-9301-e2d28c075cca","name":"Recovered energy"},"value":0.0,"allocationType":"PHYSICAL_ALLOCATION"},{"@type":"AllocationFactor","product":{"@type":"Flow","@id":"050234ce-b360-3b94-a283-4af00f8a86c1","name":"Polyethylene, low density, resin, at plant"},"value":1.0,"allocationType":"ECONOMIC_ALLOCATION"},{"@type":"AllocationFactor","product":{"@type":"Flow","@id":"bdd323b8-1b5c-340d-9301-e2d28c075cca","name":"Recovered energy"},"value":0.0,"allocationType":"CAUSAL_ALLOCATION"},{"@type":"AllocationFactor","product":{"@type":"Flow","@id":"bdd323b8-1b5c-340d-9301-e2d28c075cca","name":"Recovered energy"},"value":0.0,"allocationType":"CAUSAL_ALLOCATION"},{"@type":"AllocationFactor","product":{"@type":"Flow","@id":"bdd323b8-1b5c-340d-9301-e2d28c075cca","name":"Recovered energy"},"value":0.0,"allocationType":"CAUSAL_ALLOCATION"},{"@type":"AllocationFactor","product":{"@type":"Flow","@id":"050234ce-b360-3b94-a283-4af00f8a86c1","name":"Polyethylene, low density, resin, at plant"},"value":1.0,"allocationType":"CAUSAL_ALLOCATION"},{"@type":"AllocationFactor","product":{"@type":"Flow","@id":"bdd323b8-1b5c-340d-9301-e2d28c075cca","name":"Recovered energy"},"value":0.0,"allocationType":"CAUSAL_ALLOCATION"},{"@type":"AllocationFactor","product":{"@type":"Flow","@id":"bdd323b8-1b5c-340d-9301-e2d28c075cca","name":"Recovered energy"},"value":0.0,"allocationType":"CAUSAL_ALLOCATION"},{"@type":"AllocationFactor","product":{"@type":"Flow","@id":"bdd323b8-1b5c-340d-9301-e2d28c075cca","name":"Recovered energy"},"value":0.0,"allocationType":"CAUSAL_ALLOCATION"},{"@type":"AllocationFactor","product":{"@type":"Flow","@id":"050234ce-b360-3b94-a283-4af00f8a86c1","name":"Polyethylene, low density, resin, at plant"},"value":1.0,"allocationType":"CAUSAL_ALLOCATION"},{"@type":"AllocationFactor","product":{"@type":"Flow","@id":"bdd323b8-1b5c-340d-9301-e2d28c075cca","name":"Recovered energy"},"value":0.0,"allocationType":"CAUSAL_ALLOCATION"},{"@type":"AllocationFactor","product":{"@type":"Flow","@id":"bdd323b8-1b5c-340d-9301-e2d28c075cca","name":"Recovered energy"},"value":0.0,"allocationType":"CAUSAL_ALLOCATION"},{"@type":"AllocationFactor","product":{"@type":"Flow","@id":"050234ce-b360-3b94-a283-4af00f8a86c1","name":"Polyethylene, low density, resin, at plant"},"value":1.0,"allocationType":"CAUSAL_ALLOCATION"},{"@type":"AllocationFactor","product":{"@type":"Flow","@id":"050234ce-b360-3b94-a283-4af00f8a86c1","name":"Polyethylene, low density, resin, at plant"},"value":1.0,"allocationType":"CAUSAL_ALLOCATION"},{"@type":"AllocationFactor","product":{"@type":"Flow","@id":"bdd323b8-1b5c-340d-9301-e2d28c075cca","name":"Recovered energy"},"value":0.0,"allocationType":"CAUSAL_ALLOCATION"},{"@type":"AllocationFactor","product":{"@type":"Flow","@id":"bdd323b8-1b5c-340d-9301-e2d28c075cca","name":"Recovered energy"},"value":0.0,"allocationType":"CAUSAL_ALLOCATION"},{"@type":"AllocationFactor","product":{"@type":"Flow","@id":"050234ce-b360-3b94-a283-4af00f8a86c1","name":"Polyethylene, low density, resin, at plant"},"value":1.0,"allocationType":"CAUSAL_ALLOCATION"},{"@type":"AllocationFactor","product":{"@type":"Flow","@id":"050234ce-b360-3b94-a283-4af00f8a86c1","name":"Polyethylene, low density, resin, at plant"},"value":1.0,"allocationType":"CAUSAL_ALLOCATION"},{"@type":"AllocationFactor","product":{"@type":"Flow","@id":"050234ce-b360-3b94-a283-4af00f8a86c1","name":"Polyethylene, low density, resin, at plant"},"value":1.0,"allocationType":"CAUSAL_ALLOCATION"},{"@type":"AllocationFactor","product":{"@type":"Flow","@id":"050234ce-b360-3b94-a283-4af00f8a86c1","name":"Polyethylene, low density, resin, at plant"},"value":1.0,"allocationType":"CAUSAL_ALLOCATION"},{"@type":"AllocationFactor","product":{"@type":"Flow","@id":"050234ce-b360-3b94-a283-4af00f8a86c1","name":"Polyethylene, low density, resin, at plant"},"value":1.0,"allocationType":"PHYSICAL_ALLOCATION"},{"@type":"AllocationFactor","product":{"@type":"Flow","@id":"bdd323b8-1b5c-340d-9301-e2d28c075cca","name":"Recovered energy"},"value":0.0,"allocationType":"CAUSAL_ALLOCATION"},{"@type":"AllocationFactor","product":{"@type":"Flow","@id":"bdd323b8-1b5c-340d-9301-e2d28c075cca","name":"Recovered energy"},"value":0.0,"allocationType":"CAUSAL_ALLOCATION"},{"@type":"AllocationFactor","product":{"@type":"Flow","@id":"050234ce-b360-3b94-a283-4af00f8a86c1","name":"Polyethylene, low density, resin, at plant"},"value":1.0,"allocationType":"CAUSAL_ALLOCATION"},{"@type":"AllocationFactor","product":{"@type":"Flow","@id":"bdd323b8-1b5c-340d-9301-e2d28c075cca","name":"Recovered energy"},"value":0.0,"allocationType":"CAUSAL_ALLOCATION"},{"@type":"AllocationFactor","product":{"@type":"Flow","@id":"050234ce-b360-3b94-a283-4af00f8a86c1","name":"Polyethylene, low density, resin, at plant"},"value":1.0,"allocationType":"CAUSAL_ALLOCATION"},{"@type":"AllocationFactor","product":{"@type":"Flow","@id":"bdd323b8-1b5c-340d-9301-e2d28c075cca","name":"Recovered energy"},"value":0.0,"allocationType":"CAUSAL_ALLOCATION"},{"@type":"AllocationFactor","product":{"@type":"Flow","@id":"050234ce-b360-3b94-a283-4af00f8a86c1","name":"Polyethylene, low density, resin, at plant"},"value":1.0,"allocationType":"CAUSAL_ALLOCATION"},{"@type":"AllocationFactor","product":{"@type":"Flow","@id":"bdd323b8-1b5c-340d-9301-e2d28c075cca","name":"Recovered energy"},"value":0.0,"allocationType":"CAUSAL_ALLOCATION"},{"@type":"AllocationFactor","product":{"@type":"Flow","@id":"bdd323b8-1b5c-340d-9301-e2d28c075cca","name":"Recovered energy"},"value":0.0,"allocationType":"ECONOMIC_ALLOCATION"},{"@type":"AllocationFactor","product":{"@type":"Flow","@id":"050234ce-b360-3b94-a283-4af00f8a86c1","name":"Polyethylene, low density, resin, at plant"},"value":1.0,"allocationType":"CAUSAL_ALLOCATION"},{"@type":"AllocationFactor","product":{"@type":"Flow","@id":"bdd323b8-1b5c-340d-9301-e2d28c075cca","name":"Recovered energy"},"value":0.0,"allocationType":"CAUSAL_ALLOCATION"},{"@type":"AllocationFactor","product":{"@type":"Flow","@id":"bdd323b8-1b5c-340d-9301-e2d28c075cca","name":"Recovered energy"},"value":0.0,"allocationType":"CAUSAL_ALLOCATION"},{"@type":"AllocationFactor","product":{"@type":"Flow","@id":"050234ce-b360-3b94-a283-4af00f8a86c1","name":"Polyethylene, low density, resin, at plant"},"value":1.0,"allocationType":"CAUSAL_ALLOCATION"}]}