{"@context":"http://greendelta.github.io/olca-schema/context.jsonld","@type":"Process","@id":"66691548-5be9-3c87-bf87-2f38136bc7bf","name":"EPS insulation board, at plant","version":"00.00.000","lastChange":"2015-11-24T10:03:13.935-07:00","category":{"@type":"Category","@id":"82f64466-cde8-3159-9f81-e4cd47b619ac","name":"Unspecified"},"processType":"UNIT_PROCESS","infrastructureProcess":false,"location":{"@type":"Location","@id":"b320e7db-c758-3ba6-8839-81eb83c9d7d7","name":"Northern America"},"processDocumentation":{"@type":"ProcessDocumentation","technologyDescription":"EPS block molding","samplingDescription":"questionaires to ……","restrictionsDescription":"All information can be accessed by everybody.","copyright":false,"validFrom":"2004-12-31T00:00:00-07:00","validUntil":"2007-12-31T00:00:00-07:00","creationDate":"2015-11-24T10:03:13-07:00","geographyDescription":"10 EPS insulation board manufacturers in the US and Canada; 2 US EPS resin producers","dataDocumentor":{"@type":"Actor","@id":"f238e394-b16d-3194-9c3d-cfd600a1cc95","name":"Franklin Associates"},"dataGenerator":{"@type":"Actor","@id":"f238e394-b16d-3194-9c3d-cfd600a1cc95","name":"Franklin Associates"},"publication":{"@type":"Source","@id":"5c66894d-673c-38d4-8df6-caedfd67e28d","name":"Franklin Associates "},"sources":[{"@type":"Source","@id":"430fbde3-cbf0-3de7-8e56-33bc2240729b","name":"Franklin Associates "},{"@type":"Source","@id":"5c66894d-673c-38d4-8df6-caedfd67e28d","name":"Franklin Associates "}]},"exchanges":[{"@type":"Exchange","avoidedProduct":false,"input":false,"amount":1.0,"flow":{"@type":"Flow","@id":"34c5d9a7-8301-3088-9f4f-ee200cdccdf3","name":"EPS insulation board, at plant","flowType":"PRODUCT_FLOW"},"unit":{"@type":"Unit","@id":"20aadc24-a391-41cf-b340-3e4529f44bde","name":"kg"},"flowProperty":{"@type":"FlowProperty","@id":"93a60a56-a3c8-11da-a746-0800200b9a66","name":"Mass"},"@id":"6a28e6c1-7306-3326-9299-707a01852665","quantitativeReference":true},{"@type":"Exchange","avoidedProduct":false,"input":false,"amount":2.1E-5,"flow":{"@type":"Flow","@id":"8f6e6949-f569-3d05-abe1-de3608895d47","name":"Carbon monoxide, fossil ","flowType":"ELEMENTARY_FLOW"},"unit":{"@type":"Unit","@id":"20aadc24-a391-41cf-b340-3e4529f44bde","name":"kg"},"flowProperty":{"@type":"FlowProperty","@id":"93a60a56-a3c8-11da-a746-0800200b9a66","name":"Mass"},"@id":"0f8c52f2-7625-3cbb-8e03-b9afd5d52689"},{"@type":"Exchange","avoidedProduct":false,"input":true,"amount":0.021,"flow":{"@type":"Flow","@id":"ca34628a-0960-3652-88a1-54c45af40c65","name":"CUTOFF Disposal, solid waste to sanitary landfill","flowType":"PRODUCT_FLOW"},"unit":{"@type":"Unit","@id":"20aadc24-a391-41cf-b340-3e4529f44bde","name":"kg"},"flowProperty":{"@type":"FlowProperty","@id":"93a60a56-a3c8-11da-a746-0800200b9a66","name":"Mass"},"@id":"f25b6e60-a9d5-3e73-a108-a474f2c6f7db"},{"@type":"Exchange","avoidedProduct":false,"input":true,"amount":0.55,"flow":{"@type":"Flow","@id":"628c07ec-0802-39c1-ab88-1c62848ef436","name":"Transport, combination truck, diesel powered","flowType":"PRODUCT_FLOW"},"unit":{"@type":"Unit","@id":"0dea4ed8-bb6b-4049-b2b4-b2c413ef2180","name":"t*km"},"flowProperty":{"@type":"FlowProperty","@id":"838aaa20-0117-11db-92e3-0800200c9a66","name":"Goods transport (mass*distance)"},"@id":"93dd1f95-1635-3a0a-b805-c3f53e344583"},{"@type":"Exchange","avoidedProduct":false,"input":false,"amount":2.2E-4,"flow":{"@type":"Flow","@id":"e821f94c-6c24-34df-a7a1-979e2bfb6520","name":"Styrene","flowType":"ELEMENTARY_FLOW"},"unit":{"@type":"Unit","@id":"20aadc24-a391-41cf-b340-3e4529f44bde","name":"kg"},"flowProperty":{"@type":"FlowProperty","@id":"93a60a56-a3c8-11da-a746-0800200b9a66","name":"Mass"},"@id":"8d375be5-5742-31f3-8765-83ea5e9f3adb"},{"@type":"Exchange","avoidedProduct":false,"input":false,"amount":3.6E-7,"flow":{"@type":"Flow","@id":"3398b3ee-0652-3778-a374-804cd0d7b6a6","name":"Sulfur oxides","flowType":"ELEMENTARY_FLOW"},"unit":{"@type":"Unit","@id":"20aadc24-a391-41cf-b340-3e4529f44bde","name":"kg"},"flowProperty":{"@type":"FlowProperty","@id":"93a60a56-a3c8-11da-a746-0800200b9a66","name":"Mass"},"@id":"34a7d746-e470-36dc-8e12-7455b626241a"},{"@type":"Exchange","avoidedProduct":false,"input":true,"amount":0.79,"flow":{"@type":"Flow","@id":"73e33e2a-67d5-31e2-8449-b6f2d7b46bb2","name":"Electricity, at grid, US, 2000","flowType":"PRODUCT_FLOW"},"unit":{"@type":"Unit","@id":"86ad2244-1f0e-4912-af53-7865283103e4","name":"kWh"},"flowProperty":{"@type":"FlowProperty","@id":"f6811440-ee37-11de-8a39-0800200c9a66","name":"Energy"},"@id":"5ae9b7ad-41c6-311a-936f-c8aea315f690"},{"@type":"Exchange","avoidedProduct":false,"input":false,"amount":4.6E-5,"flow":{"@type":"Flow","@id":"1827a862-ccac-37ac-9ad7-d2dffe71058c","name":"Nitrogen oxides ","flowType":"ELEMENTARY_FLOW"},"unit":{"@type":"Unit","@id":"20aadc24-a391-41cf-b340-3e4529f44bde","name":"kg"},"flowProperty":{"@type":"FlowProperty","@id":"93a60a56-a3c8-11da-a746-0800200b9a66","name":"Mass"},"@id":"d18d98b0-fb13-3fdb-a7b3-62c57b50e222"},{"@type":"Exchange","avoidedProduct":false,"input":true,"amount":0.029,"flow":{"@type":"Flow","@id":"5f96ad43-abab-3b62-bcf8-c71f9d6c7881","name":"Petroleum refining coproduct, at refinery","flowType":"PRODUCT_FLOW"},"unit":{"@type":"Unit","@id":"20aadc24-a391-41cf-b340-3e4529f44bde","name":"kg"},"flowProperty":{"@type":"FlowProperty","@id":"93a60a56-a3c8-11da-a746-0800200b9a66","name":"Mass"},"@id":"f604bc73-13b1-39c5-ab0c-4f1ecab8cd05"},{"@type":"Exchange","avoidedProduct":false,"input":true,"amount":1.06,"flow":{"@type":"Flow","@id":"0e63d1db-e383-3c9a-b02a-b5eebafe87d1","name":"Transport, ocean freighter, average fuel mix","flowType":"PRODUCT_FLOW"},"unit":{"@type":"Unit","@id":"0dea4ed8-bb6b-4049-b2b4-b2c413ef2180","name":"t*km"},"flowProperty":{"@type":"FlowProperty","@id":"838aaa20-0117-11db-92e3-0800200c9a66","name":"Goods transport (mass*distance)"},"@id":"7c98912d-e56e-35bb-b00a-802c9a2c9e1f"},{"@type":"Exchange","avoidedProduct":false,"input":true,"amount":1.01,"flow":{"@type":"Flow","@id":"4a72778b-37b3-3c70-bcdc-b47701e7fe74","name":"Ethylbenzene styrene, at plant","flowType":"PRODUCT_FLOW"},"unit":{"@type":"Unit","@id":"20aadc24-a391-41cf-b340-3e4529f44bde","name":"kg"},"flowProperty":{"@type":"FlowProperty","@id":"93a60a56-a3c8-11da-a746-0800200b9a66","name":"Mass"},"@id":"ba43cc9f-ca6b-3254-a73c-b6d076162a01"},{"@type":"Exchange","avoidedProduct":false,"input":true,"amount":0.28,"flow":{"@type":"Flow","@id":"bb1dc159-fe13-3f8e-8197-361e8c770ba3","name":"Natural gas, combusted in industrial boiler","flowType":"PRODUCT_FLOW"},"unit":{"@type":"Unit","@id":"1c3a9695-398d-4b1f-b07e-a8715b610f70","name":"m3"},"flowProperty":{"@type":"FlowProperty","@id":"93a60a56-a3c8-22da-a746-0800200c9a66","name":"Volume"},"@id":"42453b1c-9060-354e-9996-34509d6cc0ac"},{"@type":"Exchange","avoidedProduct":false,"input":false,"amount":1.1E-5,"flow":{"@type":"Flow","@id":"c746fcf6-c553-3f40-9445-6f0b14a727de","name":"Organic substances, unspecified","flowType":"ELEMENTARY_FLOW"},"unit":{"@type":"Unit","@id":"20aadc24-a391-41cf-b340-3e4529f44bde","name":"kg"},"flowProperty":{"@type":"FlowProperty","@id":"93a60a56-a3c8-11da-a746-0800200b9a66","name":"Mass"},"@id":"3209794b-2386-3c2f-8e9c-2e2d86356f2f"},{"@type":"Exchange","avoidedProduct":false,"input":false,"amount":3.2E-5,"flow":{"@type":"Flow","@id":"b641465b-5594-34f2-a9f8-72ceb302de17","name":"Particulates, unspecified","flowType":"ELEMENTARY_FLOW"},"unit":{"@type":"Unit","@id":"20aadc24-a391-41cf-b340-3e4529f44bde","name":"kg"},"flowProperty":{"@type":"FlowProperty","@id":"93a60a56-a3c8-11da-a746-0800200b9a66","name":"Mass"},"@id":"711a7a95-facc-3f40-a2c6-2b76c700f96b"},{"@type":"Exchange","avoidedProduct":false,"input":true,"amount":1.8E-5,"flow":{"@type":"Flow","@id":"e3ec7d45-2c51-31b9-a927-ed2474635e32","name":"CUTOFF Disposal, solid waste to incineration without energy recovery","flowType":"PRODUCT_FLOW"},"unit":{"@type":"Unit","@id":"20aadc24-a391-41cf-b340-3e4529f44bde","name":"kg"},"flowProperty":{"@type":"FlowProperty","@id":"93a60a56-a3c8-11da-a746-0800200b9a66","name":"Mass"},"@id":"dc01686a-ee5d-3515-860e-938357ff3a67"},{"@type":"Exchange","avoidedProduct":false,"input":true,"amount":2.38,"flow":{"@type":"Flow","@id":"4069483a-8d94-3b6b-81be-5f0a249b74f4","name":"Transport, barge, average fuel mix","flowType":"PRODUCT_FLOW"},"unit":{"@type":"Unit","@id":"0dea4ed8-bb6b-4049-b2b4-b2c413ef2180","name":"t*km"},"flowProperty":{"@type":"FlowProperty","@id":"838aaa20-0117-11db-92e3-0800200c9a66","name":"Goods transport (mass*distance)"},"@id":"6f99b93d-3d29-3073-9a36-cd28c4fbe49d"},{"@type":"Exchange","avoidedProduct":false,"input":false,"amount":0.041,"flow":{"@type":"Flow","@id":"4d920467-c292-361c-8640-9ab6b0acaa52","name":"Pentane","flowType":"ELEMENTARY_FLOW"},"unit":{"@type":"Unit","@id":"20aadc24-a391-41cf-b340-3e4529f44bde","name":"kg"},"flowProperty":{"@type":"FlowProperty","@id":"93a60a56-a3c8-11da-a746-0800200b9a66","name":"Mass"},"@id":"a39e6b7b-30f9-3fd9-96f2-07395880f2aa"},{"@type":"Exchange","avoidedProduct":false,"input":false,"amount":0.0039,"flow":{"@type":"Flow","@id":"63af114b-afcb-3a82-801a-9c66208a673a","name":"Carbon dioxide, fossil ","flowType":"ELEMENTARY_FLOW"},"unit":{"@type":"Unit","@id":"20aadc24-a391-41cf-b340-3e4529f44bde","name":"kg"},"flowProperty":{"@type":"FlowProperty","@id":"93a60a56-a3c8-11da-a746-0800200b9a66","name":"Mass"},"@id":"d0738469-c032-3ca4-82ab-26eddc4c28c9"},{"@type":"Exchange","avoidedProduct":false,"input":false,"amount":1.1E-6,"flow":{"@type":"Flow","@id":"1f9d6dc2-805b-397c-a3fe-19e77edfe3e8","name":"HFCs and HCFCs, unspecified","flowType":"ELEMENTARY_FLOW"},"unit":{"@type":"Unit","@id":"20aadc24-a391-41cf-b340-3e4529f44bde","name":"kg"},"flowProperty":{"@type":"FlowProperty","@id":"93a60a56-a3c8-11da-a746-0800200b9a66","name":"Mass"},"@id":"d5f2498f-90c7-35de-bd6b-72de756900fa"},{"@type":"Exchange","avoidedProduct":false,"input":true,"amount":0.043,"flow":{"@type":"Flow","@id":"5346e475-e7c4-38bf-b1b7-8c23549d2081","name":"Natural gas, processed, for olefins production, at plant","flowType":"PRODUCT_FLOW"},"unit":{"@type":"Unit","@id":"20aadc24-a391-41cf-b340-3e4529f44bde","name":"kg"},"flowProperty":{"@type":"FlowProperty","@id":"93a60a56-a3c8-11da-a746-0800200b9a66","name":"Mass"},"@id":"77589461-c5e1-3fdf-a9e9-e74a3a7ed95e"},{"@type":"Exchange","avoidedProduct":false,"input":true,"amount":0.002,"flow":{"@type":"Flow","@id":"f77da622-e84d-3639-8917-fcf792aaee13","name":"Liquefied petroleum gas, combusted in industrial boiler","flowType":"PRODUCT_FLOW"},"unit":{"@type":"Unit","@id":"b80a512e-e402-4363-8ad0-7d02dcf4a459","name":"l"},"flowProperty":{"@type":"FlowProperty","@id":"93a60a56-a3c8-22da-a746-0800200c9a66","name":"Volume"},"@id":"9bc83bb5-5652-34a7-b2fc-661f7c7602ec"},{"@type":"Exchange","avoidedProduct":false,"input":true,"amount":1.81,"flow":{"@type":"Flow","@id":"73c7494d-4e93-3769-896b-8bb82f0dfccc","name":"Transport, train, diesel powered","flowType":"PRODUCT_FLOW"},"unit":{"@type":"Unit","@id":"0dea4ed8-bb6b-4049-b2b4-b2c413ef2180","name":"t*km"},"flowProperty":{"@type":"FlowProperty","@id":"838aaa20-0117-11db-92e3-0800200c9a66","name":"Goods transport (mass*distance)"},"@id":"72404610-5464-3bbe-a9d2-9e5b51192837"},{"@type":"Exchange","avoidedProduct":false,"input":false,"amount":1.3E-4,"flow":{"@type":"Flow","@id":"c6da16cc-6303-3e51-8e8b-fd1d1cd0f0f1","name":"NMVOC, non-methane volatile organic compounds","flowType":"ELEMENTARY_FLOW"},"unit":{"@type":"Unit","@id":"20aadc24-a391-41cf-b340-3e4529f44bde","name":"kg"},"flowProperty":{"@type":"FlowProperty","@id":"93a60a56-a3c8-11da-a746-0800200b9a66","name":"Mass"},"@id":"4e42135e-5835-3575-8bb3-3215898cc77e"},{"@type":"Exchange","avoidedProduct":false,"input":true,"amount":0.0017,"flow":{"@type":"Flow","@id":"c747a0a0-bd5d-3a78-af02-58a5027d6cf5","name":"CUTOFF Disposal, solid waste to incineration with energy recovery","flowType":"PRODUCT_FLOW"},"unit":{"@type":"Unit","@id":"20aadc24-a391-41cf-b340-3e4529f44bde","name":"kg"},"flowProperty":{"@type":"FlowProperty","@id":"93a60a56-a3c8-11da-a746-0800200b9a66","name":"Mass"},"@id":"21787a1b-1671-3eaa-a09c-20661cab1a8a"}]}