{"@context":"http://greendelta.github.io/olca-schema/context.jsonld","@type":"Process","@id":"7b69255a-a7b2-318e-9433-54b7c4d13ece","name":"Polyethylene terephthalate, resin, at plant","version":"00.00.000","lastChange":"2011-10-26T03:48:34-06:00","category":{"@type":"Category","@id":"05ee7247-d00d-304a-97e8-4a376ca05972","name":"Petrochemical Manufacturing"},"processType":"UNIT_PROCESS","infrastructureProcess":false,"location":{"@type":"Location","@id":"b320e7db-c758-3ba6-8839-81eb83c9d7d7","name":"Northern America"},"processDocumentation":{"@type":"ProcessDocumentation","technologyDescription":"Melt phase and the solid state polymerization from both PTA and DMT","samplingDescription":"Data are from primary sources.","restrictionsDescription":"All information can be accessed by everybody.","copyright":false,"validFrom":"2000-12-31T00:00:00-07:00","validUntil":"2003-12-31T00:00:00-07:00","creationDate":"2011-10-26T03:48:34-06:00","geographyDescription":"US","dataDocumentor":{"@type":"Actor","@id":"721bcfe4-ee92-33bc-a9bd-bbf5ba3cb52d","name":"Franklin Associates"},"dataGenerator":{"@type":"Actor","@id":"721bcfe4-ee92-33bc-a9bd-bbf5ba3cb52d","name":"Franklin Associates"},"publication":{"@type":"Source","@id":"bf627fcb-bea3-3085-87ee-2d24ac940458","name":"THE PLASTICS DIVISION OF \nTHE AMERICAN C "},"sources":[{"@type":"Source","@id":"bf627fcb-bea3-3085-87ee-2d24ac940458","name":"THE PLASTICS DIVISION OF \nTHE AMERICAN C "}]},"exchanges":[{"@type":"Exchange","avoidedProduct":false,"input":false,"amount":1.0,"description":"The data for production of this product includes an aggregation of crude terephthalic acid (TPA), purified TPA (PTA), dimethyl terephthalate (DMT), PET melt phase polymerization, and PET solid phase polymerization. The mass imbalance is due to the unavailability of the weight of water inputs to production.","flow":{"@type":"Flow","@id":"5f45d3f7-ccd5-32f1-88fa-a5885001d138","name":"Polyethylene terephthalate, resin, at plant","flowType":"PRODUCT_FLOW"},"unit":{"@type":"Unit","@id":"20aadc24-a391-41cf-b340-3e4529f44bde","name":"kg"},"flowProperty":{"@type":"FlowProperty","@id":"93a60a56-a3c8-11da-a746-0800200b9a66","name":"Mass"},"@id":"4fdb5be2-e43b-3d19-94df-f47e1a027746","quantitativeReference":true},{"@type":"Exchange","avoidedProduct":false,"input":false,"amount":9.7E-10,"flow":{"@type":"Flow","@id":"e475fe8b-bdbb-39dd-a68e-b8c6173b5bf3","name":"Iron","flowType":"ELEMENTARY_FLOW"},"unit":{"@type":"Unit","@id":"20aadc24-a391-41cf-b340-3e4529f44bde","name":"kg"},"flowProperty":{"@type":"FlowProperty","@id":"93a60a56-a3c8-11da-a746-0800200b9a66","name":"Mass"},"@id":"6c7ce81b-972b-3ee9-b908-5379e2be817b"},{"@type":"Exchange","avoidedProduct":false,"input":false,"amount":1.3E-6,"flow":{"@type":"Flow","@id":"91f6ddbc-501b-39fa-90c4-56f38b2526ad","name":"Ammonium ion","flowType":"ELEMENTARY_FLOW"},"unit":{"@type":"Unit","@id":"20aadc24-a391-41cf-b340-3e4529f44bde","name":"kg"},"flowProperty":{"@type":"FlowProperty","@id":"93a60a56-a3c8-11da-a746-0800200b9a66","name":"Mass"},"@id":"1fe9d936-f0e8-3124-bc05-1b450fbf9049"},{"@type":"Exchange","avoidedProduct":false,"input":true,"amount":0.098072817,"flow":{"@type":"Flow","@id":"bb1dc159-fe13-3f8e-8197-361e8c770ba3","name":"Natural gas, combusted in industrial boiler","flowType":"PRODUCT_FLOW"},"unit":{"@type":"Unit","@id":"1c3a9695-398d-4b1f-b07e-a8715b610f70","name":"m3"},"flowProperty":{"@type":"FlowProperty","@id":"93a60a56-a3c8-22da-a746-0800200c9a66","name":"Volume"},"@id":"e7395ce8-dce6-379e-a21f-c9808bf80201"},{"@type":"Exchange","avoidedProduct":false,"input":true,"amount":0.00217707930635838,"description":"Values for barge transport are calculated based on average fuel consumption rates as reported in Transportation Energy Data Book: Edition 22 from Oak Ridge National Laboratory, September 2002: 22% of barges use diesel fuel in their engines, 78% use residual oil to generate steam for steam turbines, and a barge that consumes residual oil consumes 3.4 gallons per 1,000 ton-miles ","flow":{"@type":"Flow","@id":"c2cc68fe-1754-3468-a973-51c2f5c82fcd","name":"Transport, barge, residual fuel oil powered","flowType":"PRODUCT_FLOW"},"unit":{"@type":"Unit","@id":"0dea4ed8-bb6b-4049-b2b4-b2c413ef2180","name":"t*km"},"flowProperty":{"@type":"FlowProperty","@id":"838aaa20-0117-11db-92e3-0800200c9a66","name":"Goods transport (mass*distance)"},"@id":"1f6a5a94-582f-3c85-bf46-8ed8d194ee2a"},{"@type":"Exchange","avoidedProduct":false,"input":false,"amount":4.0E-5,"flow":{"@type":"Flow","@id":"8ce7955e-3874-3112-b468-acff5eec3e49","name":"Methyl acetate","flowType":"ELEMENTARY_FLOW"},"unit":{"@type":"Unit","@id":"20aadc24-a391-41cf-b340-3e4529f44bde","name":"kg"},"flowProperty":{"@type":"FlowProperty","@id":"93a60a56-a3c8-11da-a746-0800200b9a66","name":"Mass"},"@id":"020b3217-bfc3-3a35-9da1-c9cd282858a5"},{"@type":"Exchange","avoidedProduct":false,"input":false,"amount":7.9E-5,"flow":{"@type":"Flow","@id":"992430f3-e0f2-35fd-9492-4619884b7629","name":"Bromine","flowType":"ELEMENTARY_FLOW"},"unit":{"@type":"Unit","@id":"20aadc24-a391-41cf-b340-3e4529f44bde","name":"kg"},"flowProperty":{"@type":"FlowProperty","@id":"93a60a56-a3c8-11da-a746-0800200b9a66","name":"Mass"},"@id":"41a33022-b4c9-3927-825e-c75b5c4419b0"},{"@type":"Exchange","avoidedProduct":false,"input":true,"amount":0.01276632,"description":"Includes diesel fuel and distillate oil amounts.","flow":{"@type":"Flow","@id":"d815ff18-015c-3afb-be18-be03bdf325da","name":"Diesel, combusted in industrial equipment","flowType":"PRODUCT_FLOW"},"unit":{"@type":"Unit","@id":"b80a512e-e402-4363-8ad0-7d02dcf4a459","name":"l"},"flowProperty":{"@type":"FlowProperty","@id":"93a60a56-a3c8-22da-a746-0800200c9a66","name":"Volume"},"@id":"d6adcdce-ef9b-3726-8e22-1c39fef4c799"},{"@type":"Exchange","avoidedProduct":false,"input":true,"amount":8.75817316E-5,"flow":{"@type":"Flow","@id":"057a281a-908b-3adf-8f51-ed79fe5c5a9b","name":"Transport, pipeline, natural gas","flowType":"PRODUCT_FLOW"},"unit":{"@type":"Unit","@id":"0dea4ed8-bb6b-4049-b2b4-b2c413ef2180","name":"t*km"},"flowProperty":{"@type":"FlowProperty","@id":"838aaa20-0117-11db-92e3-0800200c9a66","name":"Goods transport (mass*distance)"},"@id":"3b52e58d-b1b4-3cba-b20c-27c5d3be2519"},{"@type":"Exchange","avoidedProduct":false,"input":false,"amount":0.0724,"flow":{"@type":"Flow","@id":"63af114b-afcb-3a82-801a-9c66208a673a","name":"Carbon dioxide, fossil ","flowType":"ELEMENTARY_FLOW"},"unit":{"@type":"Unit","@id":"20aadc24-a391-41cf-b340-3e4529f44bde","name":"kg"},"flowProperty":{"@type":"FlowProperty","@id":"93a60a56-a3c8-11da-a746-0800200b9a66","name":"Mass"},"@id":"4a0a26e5-1983-3de8-8249-bc8bda106ef4"},{"@type":"Exchange","avoidedProduct":false,"input":true,"amount":3.1E-4,"flow":{"@type":"Flow","@id":"ee9ac558-402f-3594-a3e3-0ee7dec4440d","name":"CUTOFF Disposal, solid waste, unspecified, to municipal incineration","flowType":"PRODUCT_FLOW"},"unit":{"@type":"Unit","@id":"20aadc24-a391-41cf-b340-3e4529f44bde","name":"kg"},"flowProperty":{"@type":"FlowProperty","@id":"93a60a56-a3c8-11da-a746-0800200b9a66","name":"Mass"},"@id":"1d9cf21c-91e0-37ad-a8d1-37f2b6799919"},{"@type":"Exchange","avoidedProduct":false,"input":false,"amount":1.5E-4,"flow":{"@type":"Flow","@id":"b641465b-5594-34f2-a9f8-72ceb302de17","name":"Particulates, unspecified","flowType":"ELEMENTARY_FLOW"},"unit":{"@type":"Unit","@id":"20aadc24-a391-41cf-b340-3e4529f44bde","name":"kg"},"flowProperty":{"@type":"FlowProperty","@id":"93a60a56-a3c8-11da-a746-0800200b9a66","name":"Mass"},"@id":"20badfba-6c06-333b-a6b5-29387f2700ef"},{"@type":"Exchange","avoidedProduct":false,"input":false,"amount":5.1E-7,"flow":{"@type":"Flow","@id":"1e8cc60c-35be-3d7a-8f13-5a46881dc0cb","name":"Phosphates","flowType":"ELEMENTARY_FLOW"},"unit":{"@type":"Unit","@id":"20aadc24-a391-41cf-b340-3e4529f44bde","name":"kg"},"flowProperty":{"@type":"FlowProperty","@id":"93a60a56-a3c8-11da-a746-0800200b9a66","name":"Mass"},"@id":"58434618-151f-300a-8641-4b5b0293f3b1"},{"@type":"Exchange","avoidedProduct":false,"input":false,"amount":3.6E-9,"flow":{"@type":"Flow","@id":"d53034f6-f44f-3ece-b946-c5e885833fab","name":"Phenol compounds, unspecified","flowType":"ELEMENTARY_FLOW"},"unit":{"@type":"Unit","@id":"20aadc24-a391-41cf-b340-3e4529f44bde","name":"kg"},"flowProperty":{"@type":"FlowProperty","@id":"93a60a56-a3c8-11da-a746-0800200b9a66","name":"Mass"},"@id":"9f2e7739-511d-3eac-b509-85c1e7df709a"},{"@type":"Exchange","avoidedProduct":false,"input":true,"amount":0.557760141093474,"flow":{"@type":"Flow","@id":"06581fb2-1de0-3e78-8298-f37605dea142","name":"Electricity, at grid, US, 2008","flowType":"PRODUCT_FLOW"},"unit":{"@type":"Unit","@id":"86ad2244-1f0e-4912-af53-7865283103e4","name":"kWh"},"flowProperty":{"@type":"FlowProperty","@id":"f6811440-ee37-11de-8a39-0800200c9a66","name":"Energy"},"@id":"b8f4fc8e-6a3e-3e3f-a1ca-dd6859d08d8c"},{"@type":"Exchange","avoidedProduct":false,"input":false,"amount":4.1E-5,"flow":{"@type":"Flow","@id":"ba21b581-543c-38df-b9b5-3f94fa5053e4","name":"Xylene","flowType":"ELEMENTARY_FLOW"},"unit":{"@type":"Unit","@id":"20aadc24-a391-41cf-b340-3e4529f44bde","name":"kg"},"flowProperty":{"@type":"FlowProperty","@id":"93a60a56-a3c8-11da-a746-0800200b9a66","name":"Mass"},"@id":"f12b0716-7aae-3040-8a06-9aff3f59043f"},{"@type":"Exchange","avoidedProduct":false,"input":true,"amount":0.0511463844797178,"flow":{"@type":"Flow","@id":"fc76d79e-b0fb-376f-807b-02fe2098aa88","name":"Electricity, at cogen, for natural gas turbine","flowType":"PRODUCT_FLOW"},"unit":{"@type":"Unit","@id":"86ad2244-1f0e-4912-af53-7865283103e4","name":"kWh"},"flowProperty":{"@type":"FlowProperty","@id":"f6811440-ee37-11de-8a39-0800200c9a66","name":"Energy"},"@id":"0433e0ff-6230-3103-bbf2-0dac1e8ef634"},{"@type":"Exchange","avoidedProduct":false,"input":true,"amount":0.00419,"flow":{"@type":"Flow","@id":"838cef47-a3a6-3dce-bcb2-560991c5e95c","name":"CUTOFF Disposal, solid waste, unspecified, to sanitary landfill","flowType":"PRODUCT_FLOW"},"unit":{"@type":"Unit","@id":"20aadc24-a391-41cf-b340-3e4529f44bde","name":"kg"},"flowProperty":{"@type":"FlowProperty","@id":"93a60a56-a3c8-11da-a746-0800200b9a66","name":"Mass"},"@id":"9cae0f43-ba3d-3d6c-aca8-beb5a64f0758"},{"@type":"Exchange","avoidedProduct":false,"input":true,"amount":1.61292596,"flow":{"@type":"Flow","@id":"73c7494d-4e93-3769-896b-8bb82f0dfccc","name":"Transport, train, diesel powered","flowType":"PRODUCT_FLOW"},"unit":{"@type":"Unit","@id":"0dea4ed8-bb6b-4049-b2b4-b2c413ef2180","name":"t*km"},"flowProperty":{"@type":"FlowProperty","@id":"838aaa20-0117-11db-92e3-0800200c9a66","name":"Goods transport (mass*distance)"},"@id":"13553230-725a-3b34-9321-9ea3f3a727ac"},{"@type":"Exchange","avoidedProduct":false,"input":false,"amount":1.1E-4,"flow":{"@type":"Flow","@id":"018872d0-ebce-3dfe-9552-3ff163fb468c","name":"Ammonia","flowType":"ELEMENTARY_FLOW"},"unit":{"@type":"Unit","@id":"20aadc24-a391-41cf-b340-3e4529f44bde","name":"kg"},"flowProperty":{"@type":"FlowProperty","@id":"93a60a56-a3c8-11da-a746-0800200b9a66","name":"Mass"},"@id":"d3cda6e5-d9d2-3165-85a1-ca61cb78e3be"},{"@type":"Exchange","avoidedProduct":false,"input":false,"amount":3.0E-4,"flow":{"@type":"Flow","@id":"16a0fc94-eaec-315c-9f2f-328d8833dcad","name":"BOD5, Biological Oxygen Demand","flowType":"ELEMENTARY_FLOW"},"unit":{"@type":"Unit","@id":"20aadc24-a391-41cf-b340-3e4529f44bde","name":"kg"},"flowProperty":{"@type":"FlowProperty","@id":"93a60a56-a3c8-11da-a746-0800200b9a66","name":"Mass"},"@id":"510a6876-329c-3b65-8611-4d8441c17936"},{"@type":"Exchange","avoidedProduct":false,"input":false,"amount":9.4E-4,"flow":{"@type":"Flow","@id":"c746fcf6-c553-3f40-9445-6f0b14a727de","name":"Organic substances, unspecified","flowType":"ELEMENTARY_FLOW"},"unit":{"@type":"Unit","@id":"20aadc24-a391-41cf-b340-3e4529f44bde","name":"kg"},"flowProperty":{"@type":"FlowProperty","@id":"93a60a56-a3c8-11da-a746-0800200b9a66","name":"Mass"},"@id":"acafa142-8155-3af7-8dbc-ae848fe8bca4"},{"@type":"Exchange","avoidedProduct":false,"input":false,"amount":5.5E-6,"flow":{"@type":"Flow","@id":"dbe659c1-d252-37bd-a77e-a0674ded4f4a","name":"Zinc","flowType":"ELEMENTARY_FLOW"},"unit":{"@type":"Unit","@id":"20aadc24-a391-41cf-b340-3e4529f44bde","name":"kg"},"flowProperty":{"@type":"FlowProperty","@id":"93a60a56-a3c8-11da-a746-0800200b9a66","name":"Mass"},"@id":"76a7f93e-dc2b-3b0a-bead-4f15b6751241"},{"@type":"Exchange","avoidedProduct":false,"input":false,"amount":0.00568,"flow":{"@type":"Flow","@id":"80c9c183-6e8e-3cba-a608-1d70820c3ce9","name":"Carbon monoxide","flowType":"ELEMENTARY_FLOW"},"unit":{"@type":"Unit","@id":"20aadc24-a391-41cf-b340-3e4529f44bde","name":"kg"},"flowProperty":{"@type":"FlowProperty","@id":"93a60a56-a3c8-11da-a746-0800200b9a66","name":"Mass"},"@id":"b7d720cc-e7b2-3c2f-a5e6-59b59a136d17"},{"@type":"Exchange","avoidedProduct":false,"input":true,"amount":0.322,"description":"The energy and emissions data for ethylene glycol production is from a confidential source and is not shown to protect its confidentiality ","flow":{"@type":"Flow","@id":"c25df7dd-fbae-3d03-acab-f6545b0787ac","name":"CUTOFF Ethylene glycol, at plant","flowType":"PRODUCT_FLOW"},"unit":{"@type":"Unit","@id":"20aadc24-a391-41cf-b340-3e4529f44bde","name":"kg"},"flowProperty":{"@type":"FlowProperty","@id":"93a60a56-a3c8-11da-a746-0800200b9a66","name":"Mass"},"@id":"d0e52c19-40a5-38d2-ac2c-11d709a515c8"},{"@type":"Exchange","avoidedProduct":false,"input":true,"amount":2.43782890320239E-4,"description":"Consumptive use includes: water incorporated into the product, water evaporated during the process, and/or water used and released to a body other than that from which it was drawn.","flow":{"@type":"Flow","@id":"7fefc941-9acb-39f7-9e3b-dd4e8f07ed0b","name":"Water, process, unspecified natural origin/m3","flowType":"ELEMENTARY_FLOW"},"unit":{"@type":"Unit","@id":"1c3a9695-398d-4b1f-b07e-a8715b610f70","name":"m3"},"flowProperty":{"@type":"FlowProperty","@id":"93a60a56-a3c8-22da-a746-0800200c9a66","name":"Volume"},"@id":"9b4c7c5c-4a14-3194-98de-d74ece05ca1d"},{"@type":"Exchange","avoidedProduct":false,"input":false,"amount":4.4E-5,"flow":{"@type":"Flow","@id":"2061de48-36c9-36ac-b7d2-2a02af0fa6df","name":"TOC, Total Organic Carbon","flowType":"ELEMENTARY_FLOW"},"unit":{"@type":"Unit","@id":"20aadc24-a391-41cf-b340-3e4529f44bde","name":"kg"},"flowProperty":{"@type":"FlowProperty","@id":"93a60a56-a3c8-11da-a746-0800200b9a66","name":"Mass"},"@id":"c97a252b-ba01-3dc5-8ec2-0fc4d292d998"},{"@type":"Exchange","avoidedProduct":false,"input":false,"amount":9.7E-10,"flow":{"@type":"Flow","@id":"eb8fa4b7-47d8-3603-acda-f41a4ec76770","name":"Antimony","flowType":"ELEMENTARY_FLOW"},"unit":{"@type":"Unit","@id":"20aadc24-a391-41cf-b340-3e4529f44bde","name":"kg"},"flowProperty":{"@type":"FlowProperty","@id":"93a60a56-a3c8-11da-a746-0800200b9a66","name":"Mass"},"@id":"6a834840-afa6-3e1a-bd55-075852ec507e"},{"@type":"Exchange","avoidedProduct":false,"input":true,"amount":0.521,"flow":{"@type":"Flow","@id":"491f0bfc-bb41-3b04-8e84-6628c2b42211","name":"Paraxylene, at plant","flowType":"PRODUCT_FLOW"},"unit":{"@type":"Unit","@id":"20aadc24-a391-41cf-b340-3e4529f44bde","name":"kg"},"flowProperty":{"@type":"FlowProperty","@id":"93a60a56-a3c8-11da-a746-0800200b9a66","name":"Mass"},"@id":"77ee4c42-e421-3f40-bc50-b3c2cfb11252"},{"@type":"Exchange","avoidedProduct":false,"input":true,"amount":0.0189,"flow":{"@type":"Flow","@id":"73cd1596-214d-3403-87f1-f69fc3818886","name":"Bituminous coal, combusted in industrial boiler","flowType":"PRODUCT_FLOW"},"unit":{"@type":"Unit","@id":"20aadc24-a391-41cf-b340-3e4529f44bde","name":"kg"},"flowProperty":{"@type":"FlowProperty","@id":"93a60a56-a3c8-11da-a746-0800200b9a66","name":"Mass"},"@id":"9bb5e314-0409-32b2-a247-f433fefe6cad"},{"@type":"Exchange","avoidedProduct":false,"input":true,"amount":6.54760693641619E-4,"description":"Values for barge transport are calculated based on average fuel consumption rates as reported in Transportation Energy Data Book: Edition 22 from Oak Ridge National Laboratory, September 2002: 22% of barges use diesel fuel in their engines, 78% use residual oil to generate steam for steam turbines, and a barge that consumes residual oil consumes 3.4 gallons per 1,000 ton-miles ","flow":{"@type":"Flow","@id":"a1242640-8306-366c-9c55-6dfd23e77bd7","name":"Transport, barge, diesel powered","flowType":"PRODUCT_FLOW"},"unit":{"@type":"Unit","@id":"0dea4ed8-bb6b-4049-b2b4-b2c413ef2180","name":"t*km"},"flowProperty":{"@type":"FlowProperty","@id":"838aaa20-0117-11db-92e3-0800200c9a66","name":"Goods transport (mass*distance)"},"@id":"6acd82f2-e3e8-3b92-b490-72089ffa64e0"},{"@type":"Exchange","avoidedProduct":false,"input":true,"amount":0.0372,"flow":{"@type":"Flow","@id":"2c696e73-bd01-3f7b-a6c5-a56dee44d66e","name":"Acetic acid, at plant","flowType":"PRODUCT_FLOW"},"unit":{"@type":"Unit","@id":"20aadc24-a391-41cf-b340-3e4529f44bde","name":"kg"},"flowProperty":{"@type":"FlowProperty","@id":"93a60a56-a3c8-11da-a746-0800200b9a66","name":"Mass"},"@id":"a2781856-b956-391f-829a-3cbf754a943b"},{"@type":"Exchange","avoidedProduct":false,"input":true,"amount":0.0352,"flow":{"@type":"Flow","@id":"0a086de3-ddb0-3c48-b5db-2f36f5322de4","name":"Methanol, at plant","flowType":"PRODUCT_FLOW"},"unit":{"@type":"Unit","@id":"20aadc24-a391-41cf-b340-3e4529f44bde","name":"kg"},"flowProperty":{"@type":"FlowProperty","@id":"93a60a56-a3c8-11da-a746-0800200b9a66","name":"Mass"},"@id":"7682df92-737d-39a5-a8fb-501f2c843ecd"},{"@type":"Exchange","avoidedProduct":false,"input":false,"amount":5.4E-5,"flow":{"@type":"Flow","@id":"91c6fb89-85ed-310b-8197-fb35a753bd97","name":"Suspended solids, unspecified","flowType":"ELEMENTARY_FLOW"},"unit":{"@type":"Unit","@id":"20aadc24-a391-41cf-b340-3e4529f44bde","name":"kg"},"flowProperty":{"@type":"FlowProperty","@id":"93a60a56-a3c8-11da-a746-0800200b9a66","name":"Mass"},"@id":"b4dd4cf3-b42d-3ecb-b548-d9de3a1921cb"},{"@type":"Exchange","avoidedProduct":false,"input":false,"amount":2.8E-4,"flow":{"@type":"Flow","@id":"6b41ff0f-2c11-3d98-aee6-ca2f5d4c817c","name":"NMVOC, non-methane volatile organic compounds, unspecified ","flowType":"ELEMENTARY_FLOW"},"unit":{"@type":"Unit","@id":"20aadc24-a391-41cf-b340-3e4529f44bde","name":"kg"},"flowProperty":{"@type":"FlowProperty","@id":"93a60a56-a3c8-11da-a746-0800200b9a66","name":"Mass"},"@id":"4768f539-3b10-3f72-ba8e-1c7456ac6f43"},{"@type":"Exchange","avoidedProduct":false,"input":false,"amount":9.4E-5,"flow":{"@type":"Flow","@id":"6ebddc9c-464a-3e0b-826d-2200927fc5f6","name":"Aldehydes","flowType":"ELEMENTARY_FLOW"},"unit":{"@type":"Unit","@id":"20aadc24-a391-41cf-b340-3e4529f44bde","name":"kg"},"flowProperty":{"@type":"FlowProperty","@id":"93a60a56-a3c8-11da-a746-0800200b9a66","name":"Mass"},"@id":"26ba3575-17df-3da5-bc59-131f36a1c54a"},{"@type":"Exchange","avoidedProduct":false,"input":false,"amount":5.2E-5,"flow":{"@type":"Flow","@id":"1827a862-ccac-37ac-9ad7-d2dffe71058c","name":"Nitrogen oxides ","flowType":"ELEMENTARY_FLOW"},"unit":{"@type":"Unit","@id":"20aadc24-a391-41cf-b340-3e4529f44bde","name":"kg"},"flowProperty":{"@type":"FlowProperty","@id":"93a60a56-a3c8-11da-a746-0800200b9a66","name":"Mass"},"@id":"c78220d5-80c8-3eb2-a797-afe8e171f074"},{"@type":"Exchange","avoidedProduct":false,"input":false,"amount":9.7E-10,"flow":{"@type":"Flow","@id":"dc52a4db-da65-3119-8e62-70228d090990","name":"Aluminum","flowType":"ELEMENTARY_FLOW"},"unit":{"@type":"Unit","@id":"20aadc24-a391-41cf-b340-3e4529f44bde","name":"kg"},"flowProperty":{"@type":"FlowProperty","@id":"93a60a56-a3c8-11da-a746-0800200b9a66","name":"Mass"},"@id":"b40b8ee5-4656-3c5a-a70b-a5bcc1acf6ae"},{"@type":"Exchange","avoidedProduct":false,"input":true,"amount":5.9E-4,"flow":{"@type":"Flow","@id":"5d2b8abb-4d07-3515-b955-46a086e599f6","name":"CUTOFF Disposal, solid waste, unspecified, to waste-to-energy","flowType":"PRODUCT_FLOW"},"unit":{"@type":"Unit","@id":"20aadc24-a391-41cf-b340-3e4529f44bde","name":"kg"},"flowProperty":{"@type":"FlowProperty","@id":"93a60a56-a3c8-11da-a746-0800200b9a66","name":"Mass"},"@id":"67d35b87-a706-3a23-9259-857d7e9a08f7"},{"@type":"Exchange","avoidedProduct":false,"input":false,"amount":3.0E-5,"flow":{"@type":"Flow","@id":"a3ed03de-f771-3946-94f3-a02a10d4ca74","name":"Dissolved solids","flowType":"ELEMENTARY_FLOW"},"unit":{"@type":"Unit","@id":"20aadc24-a391-41cf-b340-3e4529f44bde","name":"kg"},"flowProperty":{"@type":"FlowProperty","@id":"93a60a56-a3c8-11da-a746-0800200b9a66","name":"Mass"},"@id":"bf89bb29-06b3-3680-b4f9-878bee90dc52"},{"@type":"Exchange","avoidedProduct":false,"input":true,"amount":0.02678424,"flow":{"@type":"Flow","@id":"654a5cf6-185f-3d91-89ef-42442d1825e8","name":"Residual fuel oil, combusted in industrial boiler","flowType":"PRODUCT_FLOW"},"unit":{"@type":"Unit","@id":"b80a512e-e402-4363-8ad0-7d02dcf4a459","name":"l"},"flowProperty":{"@type":"FlowProperty","@id":"93a60a56-a3c8-22da-a746-0800200c9a66","name":"Volume"},"@id":"7e1200c9-c12d-33bb-8340-ac08d76e23f7"},{"@type":"Exchange","avoidedProduct":false,"input":false,"amount":4.5E-9,"flow":{"@type":"Flow","@id":"05c5a907-1a8b-3810-bb1a-ea297a61846a","name":"Metallic ions, unspecified","flowType":"ELEMENTARY_FLOW"},"unit":{"@type":"Unit","@id":"20aadc24-a391-41cf-b340-3e4529f44bde","name":"kg"},"flowProperty":{"@type":"FlowProperty","@id":"93a60a56-a3c8-11da-a746-0800200b9a66","name":"Mass"},"@id":"1c6d718b-2293-3ab7-bb85-375f9df405d0"},{"@type":"Exchange","avoidedProduct":false,"input":false,"amount":1.6E-4,"flow":{"@type":"Flow","@id":"d25cd0b7-4fc5-3be0-88d3-2d661482fde2","name":"Methane ","flowType":"ELEMENTARY_FLOW"},"unit":{"@type":"Unit","@id":"20aadc24-a391-41cf-b340-3e4529f44bde","name":"kg"},"flowProperty":{"@type":"FlowProperty","@id":"93a60a56-a3c8-11da-a746-0800200b9a66","name":"Mass"},"@id":"98f898dd-aeee-3c0d-a0f6-4f2afae3b673"},{"@type":"Exchange","avoidedProduct":false,"input":false,"amount":7.6E-4,"flow":{"@type":"Flow","@id":"33d5907f-322f-336d-b23f-f2959923f99f","name":"COD, Chemical Oxygen Demand","flowType":"ELEMENTARY_FLOW"},"unit":{"@type":"Unit","@id":"20aadc24-a391-41cf-b340-3e4529f44bde","name":"kg"},"flowProperty":{"@type":"FlowProperty","@id":"93a60a56-a3c8-11da-a746-0800200b9a66","name":"Mass"},"@id":"e132c41d-3add-38b8-a6ea-03f7e43f3778"},{"@type":"Exchange","avoidedProduct":false,"input":false,"amount":5.1E-5,"flow":{"@type":"Flow","@id":"b1f8e9bc-873c-39fe-8655-553d0e0146a6","name":"Acetic acid","flowType":"ELEMENTARY_FLOW"},"unit":{"@type":"Unit","@id":"20aadc24-a391-41cf-b340-3e4529f44bde","name":"kg"},"flowProperty":{"@type":"FlowProperty","@id":"93a60a56-a3c8-11da-a746-0800200b9a66","name":"Mass"},"@id":"3ab00299-0a64-3db2-8db1-e8d20790b9f4"},{"@type":"Exchange","avoidedProduct":false,"input":false,"amount":0.142232527336861,"description":"Credit for steam or heat co-product sold externally.","flow":{"@type":"Flow","@id":"bdd323b8-1b5c-340d-9301-e2d28c075cca","name":"Recovered energy","flowType":"PRODUCT_FLOW"},"unit":{"@type":"Unit","@id":"52765a6c-3896-43c2-b2f4-c679acf13efe","name":"MJ"},"flowProperty":{"@type":"FlowProperty","@id":"f6811440-ee37-11de-8a39-0800200c9a66","name":"Energy"},"@id":"cd6baf9d-c28c-394f-9980-6ad004ff33f0"}],"allocationFactors":[{"@type":"AllocationFactor","product":{"@type":"Flow","@id":"bdd323b8-1b5c-340d-9301-e2d28c075cca","name":"Recovered energy"},"value":0.0,"allocationType":"CAUSAL_ALLOCATION"},{"@type":"AllocationFactor","product":{"@type":"Flow","@id":"5f45d3f7-ccd5-32f1-88fa-a5885001d138","name":"Polyethylene terephthalate, resin, at plant"},"value":1.0,"allocationType":"CAUSAL_ALLOCATION"},{"@type":"AllocationFactor","product":{"@type":"Flow","@id":"bdd323b8-1b5c-340d-9301-e2d28c075cca","name":"Recovered energy"},"value":0.0,"allocationType":"CAUSAL_ALLOCATION"},{"@type":"AllocationFactor","product":{"@type":"Flow","@id":"5f45d3f7-ccd5-32f1-88fa-a5885001d138","name":"Polyethylene terephthalate, resin, at plant"},"value":1.0,"allocationType":"CAUSAL_ALLOCATION"},{"@type":"AllocationFactor","product":{"@type":"Flow","@id":"bdd323b8-1b5c-340d-9301-e2d28c075cca","name":"Recovered energy"},"value":0.0,"allocationType":"CAUSAL_ALLOCATION"},{"@type":"AllocationFactor","product":{"@type":"Flow","@id":"5f45d3f7-ccd5-32f1-88fa-a5885001d138","name":"Polyethylene terephthalate, resin, at plant"},"value":1.0,"allocationType":"PHYSICAL_ALLOCATION"},{"@type":"AllocationFactor","product":{"@type":"Flow","@id":"5f45d3f7-ccd5-32f1-88fa-a5885001d138","name":"Polyethylene terephthalate, resin, at plant"},"value":1.0,"allocationType":"CAUSAL_ALLOCATION"},{"@type":"AllocationFactor","product":{"@type":"Flow","@id":"5f45d3f7-ccd5-32f1-88fa-a5885001d138","name":"Polyethylene terephthalate, resin, at plant"},"value":1.0,"allocationType":"CAUSAL_ALLOCATION"},{"@type":"AllocationFactor","product":{"@type":"Flow","@id":"bdd323b8-1b5c-340d-9301-e2d28c075cca","name":"Recovered energy"},"value":0.0,"allocationType":"CAUSAL_ALLOCATION"},{"@type":"AllocationFactor","product":{"@type":"Flow","@id":"bdd323b8-1b5c-340d-9301-e2d28c075cca","name":"Recovered energy"},"value":0.0,"allocationType":"CAUSAL_ALLOCATION"},{"@type":"AllocationFactor","product":{"@type":"Flow","@id":"5f45d3f7-ccd5-32f1-88fa-a5885001d138","name":"Polyethylene terephthalate, resin, at plant"},"value":1.0,"allocationType":"CAUSAL_ALLOCATION"},{"@type":"AllocationFactor","product":{"@type":"Flow","@id":"5f45d3f7-ccd5-32f1-88fa-a5885001d138","name":"Polyethylene terephthalate, resin, at plant"},"value":1.0,"allocationType":"ECONOMIC_ALLOCATION"},{"@type":"AllocationFactor","product":{"@type":"Flow","@id":"5f45d3f7-ccd5-32f1-88fa-a5885001d138","name":"Polyethylene terephthalate, resin, at plant"},"value":1.0,"allocationType":"CAUSAL_ALLOCATION"},{"@type":"AllocationFactor","product":{"@type":"Flow","@id":"bdd323b8-1b5c-340d-9301-e2d28c075cca","name":"Recovered energy"},"value":0.0,"allocationType":"CAUSAL_ALLOCATION"},{"@type":"AllocationFactor","product":{"@type":"Flow","@id":"5f45d3f7-ccd5-32f1-88fa-a5885001d138","name":"Polyethylene terephthalate, resin, at plant"},"value":1.0,"allocationType":"CAUSAL_ALLOCATION"},{"@type":"AllocationFactor","product":{"@type":"Flow","@id":"5f45d3f7-ccd5-32f1-88fa-a5885001d138","name":"Polyethylene terephthalate, resin, at plant"},"value":1.0,"allocationType":"CAUSAL_ALLOCATION"},{"@type":"AllocationFactor","product":{"@type":"Flow","@id":"5f45d3f7-ccd5-32f1-88fa-a5885001d138","name":"Polyethylene terephthalate, resin, at plant"},"value":1.0,"allocationType":"CAUSAL_ALLOCATION"},{"@type":"AllocationFactor","product":{"@type":"Flow","@id":"bdd323b8-1b5c-340d-9301-e2d28c075cca","name":"Recovered energy"},"value":0.0,"allocationType":"CAUSAL_ALLOCATION"},{"@type":"AllocationFactor","product":{"@type":"Flow","@id":"bdd323b8-1b5c-340d-9301-e2d28c075cca","name":"Recovered energy"},"value":0.0,"allocationType":"CAUSAL_ALLOCATION"},{"@type":"AllocationFactor","product":{"@type":"Flow","@id":"bdd323b8-1b5c-340d-9301-e2d28c075cca","name":"Recovered energy"},"value":0.0,"allocationType":"CAUSAL_ALLOCATION"},{"@type":"AllocationFactor","product":{"@type":"Flow","@id":"5f45d3f7-ccd5-32f1-88fa-a5885001d138","name":"Polyethylene terephthalate, resin, at plant"},"value":1.0,"allocationType":"CAUSAL_ALLOCATION"},{"@type":"AllocationFactor","product":{"@type":"Flow","@id":"bdd323b8-1b5c-340d-9301-e2d28c075cca","name":"Recovered energy"},"value":0.0,"allocationType":"ECONOMIC_ALLOCATION"},{"@type":"AllocationFactor","product":{"@type":"Flow","@id":"5f45d3f7-ccd5-32f1-88fa-a5885001d138","name":"Polyethylene terephthalate, resin, at plant"},"value":1.0,"allocationType":"CAUSAL_ALLOCATION"},{"@type":"AllocationFactor","product":{"@type":"Flow","@id":"5f45d3f7-ccd5-32f1-88fa-a5885001d138","name":"Polyethylene terephthalate, resin, at plant"},"value":1.0,"allocationType":"CAUSAL_ALLOCATION"},{"@type":"AllocationFactor","product":{"@type":"Flow","@id":"bdd323b8-1b5c-340d-9301-e2d28c075cca","name":"Recovered energy"},"value":0.0,"allocationType":"CAUSAL_ALLOCATION"},{"@type":"AllocationFactor","product":{"@type":"Flow","@id":"5f45d3f7-ccd5-32f1-88fa-a5885001d138","name":"Polyethylene terephthalate, resin, at plant"},"value":1.0,"allocationType":"CAUSAL_ALLOCATION"},{"@type":"AllocationFactor","product":{"@type":"Flow","@id":"bdd323b8-1b5c-340d-9301-e2d28c075cca","name":"Recovered energy"},"value":0.0,"allocationType":"CAUSAL_ALLOCATION"},{"@type":"AllocationFactor","product":{"@type":"Flow","@id":"bdd323b8-1b5c-340d-9301-e2d28c075cca","name":"Recovered energy"},"value":0.0,"allocationType":"CAUSAL_ALLOCATION"},{"@type":"AllocationFactor","product":{"@type":"Flow","@id":"bdd323b8-1b5c-340d-9301-e2d28c075cca","name":"Recovered energy"},"value":0.0,"allocationType":"CAUSAL_ALLOCATION"},{"@type":"AllocationFactor","product":{"@type":"Flow","@id":"bdd323b8-1b5c-340d-9301-e2d28c075cca","name":"Recovered energy"},"value":0.0,"allocationType":"CAUSAL_ALLOCATION"},{"@type":"AllocationFactor","product":{"@type":"Flow","@id":"5f45d3f7-ccd5-32f1-88fa-a5885001d138","name":"Polyethylene terephthalate, resin, at plant"},"value":1.0,"allocationType":"CAUSAL_ALLOCATION"},{"@type":"AllocationFactor","product":{"@type":"Flow","@id":"5f45d3f7-ccd5-32f1-88fa-a5885001d138","name":"Polyethylene terephthalate, resin, at plant"},"value":1.0,"allocationType":"CAUSAL_ALLOCATION"},{"@type":"AllocationFactor","product":{"@type":"Flow","@id":"5f45d3f7-ccd5-32f1-88fa-a5885001d138","name":"Polyethylene terephthalate, resin, at plant"},"value":1.0,"allocationType":"CAUSAL_ALLOCATION"},{"@type":"AllocationFactor","product":{"@type":"Flow","@id":"5f45d3f7-ccd5-32f1-88fa-a5885001d138","name":"Polyethylene terephthalate, resin, at plant"},"value":1.0,"allocationType":"CAUSAL_ALLOCATION"},{"@type":"AllocationFactor","product":{"@type":"Flow","@id":"bdd323b8-1b5c-340d-9301-e2d28c075cca","name":"Recovered energy"},"value":0.0,"allocationType":"CAUSAL_ALLOCATION"},{"@type":"AllocationFactor","product":{"@type":"Flow","@id":"5f45d3f7-ccd5-32f1-88fa-a5885001d138","name":"Polyethylene terephthalate, resin, at plant"},"value":1.0,"allocationType":"CAUSAL_ALLOCATION"},{"@type":"AllocationFactor","product":{"@type":"Flow","@id":"5f45d3f7-ccd5-32f1-88fa-a5885001d138","name":"Polyethylene terephthalate, resin, at plant"},"value":1.0,"allocationType":"CAUSAL_ALLOCATION"},{"@type":"AllocationFactor","product":{"@type":"Flow","@id":"bdd323b8-1b5c-340d-9301-e2d28c075cca","name":"Recovered energy"},"value":0.0,"allocationType":"CAUSAL_ALLOCATION"},{"@type":"AllocationFactor","product":{"@type":"Flow","@id":"bdd323b8-1b5c-340d-9301-e2d28c075cca","name":"Recovered energy"},"value":0.0,"allocationType":"CAUSAL_ALLOCATION"},{"@type":"AllocationFactor","product":{"@type":"Flow","@id":"bdd323b8-1b5c-340d-9301-e2d28c075cca","name":"Recovered energy"},"value":0.0,"allocationType":"CAUSAL_ALLOCATION"},{"@type":"AllocationFactor","product":{"@type":"Flow","@id":"bdd323b8-1b5c-340d-9301-e2d28c075cca","name":"Recovered energy"},"value":0.0,"allocationType":"CAUSAL_ALLOCATION"},{"@type":"AllocationFactor","product":{"@type":"Flow","@id":"bdd323b8-1b5c-340d-9301-e2d28c075cca","name":"Recovered energy"},"value":0.0,"allocationType":"CAUSAL_ALLOCATION"},{"@type":"AllocationFactor","product":{"@type":"Flow","@id":"5f45d3f7-ccd5-32f1-88fa-a5885001d138","name":"Polyethylene terephthalate, resin, at plant"},"value":1.0,"allocationType":"CAUSAL_ALLOCATION"},{"@type":"AllocationFactor","product":{"@type":"Flow","@id":"5f45d3f7-ccd5-32f1-88fa-a5885001d138","name":"Polyethylene terephthalate, resin, at plant"},"value":1.0,"allocationType":"CAUSAL_ALLOCATION"},{"@type":"AllocationFactor","product":{"@type":"Flow","@id":"5f45d3f7-ccd5-32f1-88fa-a5885001d138","name":"Polyethylene terephthalate, resin, at plant"},"value":1.0,"allocationType":"CAUSAL_ALLOCATION"},{"@type":"AllocationFactor","product":{"@type":"Flow","@id":"5f45d3f7-ccd5-32f1-88fa-a5885001d138","name":"Polyethylene terephthalate, resin, at plant"},"value":1.0,"allocationType":"CAUSAL_ALLOCATION"},{"@type":"AllocationFactor","product":{"@type":"Flow","@id":"5f45d3f7-ccd5-32f1-88fa-a5885001d138","name":"Polyethylene terephthalate, resin, at plant"},"value":1.0,"allocationType":"CAUSAL_ALLOCATION"},{"@type":"AllocationFactor","product":{"@type":"Flow","@id":"bdd323b8-1b5c-340d-9301-e2d28c075cca","name":"Recovered energy"},"value":0.0,"allocationType":"CAUSAL_ALLOCATION"},{"@type":"AllocationFactor","product":{"@type":"Flow","@id":"bdd323b8-1b5c-340d-9301-e2d28c075cca","name":"Recovered energy"},"value":0.0,"allocationType":"CAUSAL_ALLOCATION"},{"@type":"AllocationFactor","product":{"@type":"Flow","@id":"bdd323b8-1b5c-340d-9301-e2d28c075cca","name":"Recovered energy"},"value":0.0,"allocationType":"CAUSAL_ALLOCATION"},{"@type":"AllocationFactor","product":{"@type":"Flow","@id":"bdd323b8-1b5c-340d-9301-e2d28c075cca","name":"Recovered energy"},"value":0.0,"allocationType":"CAUSAL_ALLOCATION"},{"@type":"AllocationFactor","product":{"@type":"Flow","@id":"5f45d3f7-ccd5-32f1-88fa-a5885001d138","name":"Polyethylene terephthalate, resin, at plant"},"value":1.0,"allocationType":"CAUSAL_ALLOCATION"},{"@type":"AllocationFactor","product":{"@type":"Flow","@id":"5f45d3f7-ccd5-32f1-88fa-a5885001d138","name":"Polyethylene terephthalate, resin, at plant"},"value":1.0,"allocationType":"CAUSAL_ALLOCATION"},{"@type":"AllocationFactor","product":{"@type":"Flow","@id":"5f45d3f7-ccd5-32f1-88fa-a5885001d138","name":"Polyethylene terephthalate, resin, at plant"},"value":1.0,"allocationType":"CAUSAL_ALLOCATION"},{"@type":"AllocationFactor","product":{"@type":"Flow","@id":"bdd323b8-1b5c-340d-9301-e2d28c075cca","name":"Recovered energy"},"value":0.0,"allocationType":"CAUSAL_ALLOCATION"},{"@type":"AllocationFactor","product":{"@type":"Flow","@id":"bdd323b8-1b5c-340d-9301-e2d28c075cca","name":"Recovered energy"},"value":0.0,"allocationType":"CAUSAL_ALLOCATION"},{"@type":"AllocationFactor","product":{"@type":"Flow","@id":"bdd323b8-1b5c-340d-9301-e2d28c075cca","name":"Recovered energy"},"value":0.0,"allocationType":"CAUSAL_ALLOCATION"},{"@type":"AllocationFactor","product":{"@type":"Flow","@id":"bdd323b8-1b5c-340d-9301-e2d28c075cca","name":"Recovered energy"},"value":0.0,"allocationType":"CAUSAL_ALLOCATION"},{"@type":"AllocationFactor","product":{"@type":"Flow","@id":"bdd323b8-1b5c-340d-9301-e2d28c075cca","name":"Recovered energy"},"value":0.0,"allocationType":"CAUSAL_ALLOCATION"},{"@type":"AllocationFactor","product":{"@type":"Flow","@id":"5f45d3f7-ccd5-32f1-88fa-a5885001d138","name":"Polyethylene terephthalate, resin, at plant"},"value":1.0,"allocationType":"CAUSAL_ALLOCATION"},{"@type":"AllocationFactor","product":{"@type":"Flow","@id":"5f45d3f7-ccd5-32f1-88fa-a5885001d138","name":"Polyethylene terephthalate, resin, at plant"},"value":1.0,"allocationType":"CAUSAL_ALLOCATION"},{"@type":"AllocationFactor","product":{"@type":"Flow","@id":"5f45d3f7-ccd5-32f1-88fa-a5885001d138","name":"Polyethylene terephthalate, resin, at plant"},"value":1.0,"allocationType":"CAUSAL_ALLOCATION"},{"@type":"AllocationFactor","product":{"@type":"Flow","@id":"bdd323b8-1b5c-340d-9301-e2d28c075cca","name":"Recovered energy"},"value":0.0,"allocationType":"CAUSAL_ALLOCATION"},{"@type":"AllocationFactor","product":{"@type":"Flow","@id":"5f45d3f7-ccd5-32f1-88fa-a5885001d138","name":"Polyethylene terephthalate, resin, at plant"},"value":1.0,"allocationType":"CAUSAL_ALLOCATION"},{"@type":"AllocationFactor","product":{"@type":"Flow","@id":"5f45d3f7-ccd5-32f1-88fa-a5885001d138","name":"Polyethylene terephthalate, resin, at plant"},"value":1.0,"allocationType":"CAUSAL_ALLOCATION"},{"@type":"AllocationFactor","product":{"@type":"Flow","@id":"5f45d3f7-ccd5-32f1-88fa-a5885001d138","name":"Polyethylene terephthalate, resin, at plant"},"value":1.0,"allocationType":"CAUSAL_ALLOCATION"},{"@type":"AllocationFactor","product":{"@type":"Flow","@id":"5f45d3f7-ccd5-32f1-88fa-a5885001d138","name":"Polyethylene terephthalate, resin, at plant"},"value":1.0,"allocationType":"CAUSAL_ALLOCATION"},{"@type":"AllocationFactor","product":{"@type":"Flow","@id":"bdd323b8-1b5c-340d-9301-e2d28c075cca","name":"Recovered energy"},"value":0.0,"allocationType":"CAUSAL_ALLOCATION"},{"@type":"AllocationFactor","product":{"@type":"Flow","@id":"bdd323b8-1b5c-340d-9301-e2d28c075cca","name":"Recovered energy"},"value":0.0,"allocationType":"CAUSAL_ALLOCATION"},{"@type":"AllocationFactor","product":{"@type":"Flow","@id":"5f45d3f7-ccd5-32f1-88fa-a5885001d138","name":"Polyethylene terephthalate, resin, at plant"},"value":1.0,"allocationType":"CAUSAL_ALLOCATION"},{"@type":"AllocationFactor","product":{"@type":"Flow","@id":"5f45d3f7-ccd5-32f1-88fa-a5885001d138","name":"Polyethylene terephthalate, resin, at plant"},"value":1.0,"allocationType":"CAUSAL_ALLOCATION"},{"@type":"AllocationFactor","product":{"@type":"Flow","@id":"bdd323b8-1b5c-340d-9301-e2d28c075cca","name":"Recovered energy"},"value":0.0,"allocationType":"CAUSAL_ALLOCATION"},{"@type":"AllocationFactor","product":{"@type":"Flow","@id":"bdd323b8-1b5c-340d-9301-e2d28c075cca","name":"Recovered energy"},"value":0.0,"allocationType":"PHYSICAL_ALLOCATION"},{"@type":"AllocationFactor","product":{"@type":"Flow","@id":"bdd323b8-1b5c-340d-9301-e2d28c075cca","name":"Recovered energy"},"value":0.0,"allocationType":"CAUSAL_ALLOCATION"},{"@type":"AllocationFactor","product":{"@type":"Flow","@id":"5f45d3f7-ccd5-32f1-88fa-a5885001d138","name":"Polyethylene terephthalate, resin, at plant"},"value":1.0,"allocationType":"CAUSAL_ALLOCATION"},{"@type":"AllocationFactor","product":{"@type":"Flow","@id":"bdd323b8-1b5c-340d-9301-e2d28c075cca","name":"Recovered energy"},"value":0.0,"allocationType":"CAUSAL_ALLOCATION"},{"@type":"AllocationFactor","product":{"@type":"Flow","@id":"5f45d3f7-ccd5-32f1-88fa-a5885001d138","name":"Polyethylene terephthalate, resin, at plant"},"value":1.0,"allocationType":"CAUSAL_ALLOCATION"},{"@type":"AllocationFactor","product":{"@type":"Flow","@id":"bdd323b8-1b5c-340d-9301-e2d28c075cca","name":"Recovered energy"},"value":0.0,"allocationType":"CAUSAL_ALLOCATION"},{"@type":"AllocationFactor","product":{"@type":"Flow","@id":"bdd323b8-1b5c-340d-9301-e2d28c075cca","name":"Recovered energy"},"value":0.0,"allocationType":"CAUSAL_ALLOCATION"},{"@type":"AllocationFactor","product":{"@type":"Flow","@id":"bdd323b8-1b5c-340d-9301-e2d28c075cca","name":"Recovered energy"},"value":0.0,"allocationType":"CAUSAL_ALLOCATION"},{"@type":"AllocationFactor","product":{"@type":"Flow","@id":"5f45d3f7-ccd5-32f1-88fa-a5885001d138","name":"Polyethylene terephthalate, resin, at plant"},"value":1.0,"allocationType":"CAUSAL_ALLOCATION"},{"@type":"AllocationFactor","product":{"@type":"Flow","@id":"bdd323b8-1b5c-340d-9301-e2d28c075cca","name":"Recovered energy"},"value":0.0,"allocationType":"CAUSAL_ALLOCATION"},{"@type":"AllocationFactor","product":{"@type":"Flow","@id":"bdd323b8-1b5c-340d-9301-e2d28c075cca","name":"Recovered energy"},"value":0.0,"allocationType":"CAUSAL_ALLOCATION"},{"@type":"AllocationFactor","product":{"@type":"Flow","@id":"5f45d3f7-ccd5-32f1-88fa-a5885001d138","name":"Polyethylene terephthalate, resin, at plant"},"value":1.0,"allocationType":"CAUSAL_ALLOCATION"},{"@type":"AllocationFactor","product":{"@type":"Flow","@id":"5f45d3f7-ccd5-32f1-88fa-a5885001d138","name":"Polyethylene terephthalate, resin, at plant"},"value":1.0,"allocationType":"CAUSAL_ALLOCATION"},{"@type":"AllocationFactor","product":{"@type":"Flow","@id":"5f45d3f7-ccd5-32f1-88fa-a5885001d138","name":"Polyethylene terephthalate, resin, at plant"},"value":1.0,"allocationType":"CAUSAL_ALLOCATION"},{"@type":"AllocationFactor","product":{"@type":"Flow","@id":"5f45d3f7-ccd5-32f1-88fa-a5885001d138","name":"Polyethylene terephthalate, resin, at plant"},"value":1.0,"allocationType":"CAUSAL_ALLOCATION"},{"@type":"AllocationFactor","product":{"@type":"Flow","@id":"bdd323b8-1b5c-340d-9301-e2d28c075cca","name":"Recovered energy"},"value":0.0,"allocationType":"CAUSAL_ALLOCATION"},{"@type":"AllocationFactor","product":{"@type":"Flow","@id":"bdd323b8-1b5c-340d-9301-e2d28c075cca","name":"Recovered energy"},"value":0.0,"allocationType":"CAUSAL_ALLOCATION"},{"@type":"AllocationFactor","product":{"@type":"Flow","@id":"5f45d3f7-ccd5-32f1-88fa-a5885001d138","name":"Polyethylene terephthalate, resin, at plant"},"value":1.0,"allocationType":"CAUSAL_ALLOCATION"},{"@type":"AllocationFactor","product":{"@type":"Flow","@id":"bdd323b8-1b5c-340d-9301-e2d28c075cca","name":"Recovered energy"},"value":0.0,"allocationType":"CAUSAL_ALLOCATION"},{"@type":"AllocationFactor","product":{"@type":"Flow","@id":"bdd323b8-1b5c-340d-9301-e2d28c075cca","name":"Recovered energy"},"value":0.0,"allocationType":"CAUSAL_ALLOCATION"}]}