{"@context":"http://greendelta.github.io/olca-schema/context.jsonld","@type":"Process","@id":"7f4424b8-da85-3804-ad14-2650343af83c","name":"Polyol ether, for rigid foam polyurethane production, at plant","version":"00.00.000","lastChange":"2011-10-26T03:48:40-06:00","category":{"@type":"Category","@id":"05ee7247-d00d-304a-97e8-4a376ca05972","name":"Petrochemical Manufacturing"},"processType":"UNIT_PROCESS","infrastructureProcess":false,"location":{"@type":"Location","@id":"b320e7db-c758-3ba6-8839-81eb83c9d7d7","name":"Northern America"},"processDocumentation":{"@type":"ProcessDocumentation","technologyDescription":"Reaction of sucrose initiator with hydroxide catalyst and propylene oxide, followed by separation and purification by distillation","samplingDescription":"Data are from primary sources.","restrictionsDescription":"All information can be accessed by everybody.","copyright":false,"validFrom":"2002-12-31T00:00:00-07:00","validUntil":"2002-12-31T00:00:00-07:00","creationDate":"2011-10-26T03:48:40-06:00","geographyDescription":"US","dataDocumentor":{"@type":"Actor","@id":"721bcfe4-ee92-33bc-a9bd-bbf5ba3cb52d","name":"Franklin Associates"},"dataGenerator":{"@type":"Actor","@id":"721bcfe4-ee92-33bc-a9bd-bbf5ba3cb52d","name":"Franklin Associates"},"publication":{"@type":"Source","@id":"bf627fcb-bea3-3085-87ee-2d24ac940458","name":"THE PLASTICS DIVISION OF \nTHE AMERICAN C "},"sources":[{"@type":"Source","@id":"bf627fcb-bea3-3085-87ee-2d24ac940458","name":"THE PLASTICS DIVISION OF \nTHE AMERICAN C "}]},"exchanges":[{"@type":"Exchange","avoidedProduct":false,"input":false,"amount":1.0,"description":"This data module includes cradle-to-gate inventory data for sucrose production from sugar beets. The mass imbalance is due to the inclusion of total sugar beets used from harvest; no outputs are shown for land-applied wastes or animal feed from sugar beet processing to sucrose.","flow":{"@type":"Flow","@id":"1ada3cba-253f-3aad-8f2b-5ed447b39f26","name":"Polyol ether, for rigid foam polyurethane production, at plant","flowType":"PRODUCT_FLOW"},"unit":{"@type":"Unit","@id":"20aadc24-a391-41cf-b340-3e4529f44bde","name":"kg"},"flowProperty":{"@type":"FlowProperty","@id":"93a60a56-a3c8-11da-a746-0800200b9a66","name":"Mass"},"@id":"edb9c723-c0ad-3268-a9f1-07575ba55ece","quantitativeReference":true},{"@type":"Exchange","avoidedProduct":false,"input":true,"amount":0.0544,"flow":{"@type":"Flow","@id":"73cd1596-214d-3403-87f1-f69fc3818886","name":"Bituminous coal, combusted in industrial boiler","flowType":"PRODUCT_FLOW"},"unit":{"@type":"Unit","@id":"20aadc24-a391-41cf-b340-3e4529f44bde","name":"kg"},"flowProperty":{"@type":"FlowProperty","@id":"93a60a56-a3c8-11da-a746-0800200b9a66","name":"Mass"},"@id":"eae9284b-13a8-305c-9fb8-8a33cbf42ea3"},{"@type":"Exchange","avoidedProduct":false,"input":true,"amount":0.00233170141618497,"description":"Values for barge transport are calculated based on average fuel consumption rates as reported in Transportation Energy Data Book: Edition 22 from Oak Ridge National Laboratory, September 2002: 22% of barges use diesel fuel in their engines, 78% use residual oil to generate steam for steam turbines, and a barge that consumes residual oil consumes 3.4 gallons per 1,000 ton-miles ","flow":{"@type":"Flow","@id":"c2cc68fe-1754-3468-a973-51c2f5c82fcd","name":"Transport, barge, residual fuel oil powered","flowType":"PRODUCT_FLOW"},"unit":{"@type":"Unit","@id":"0dea4ed8-bb6b-4049-b2b4-b2c413ef2180","name":"t*km"},"flowProperty":{"@type":"FlowProperty","@id":"838aaa20-0117-11db-92e3-0800200c9a66","name":"Goods transport (mass*distance)"},"@id":"9da8d5df-d3d9-3501-b0db-3fb07d75b49f"},{"@type":"Exchange","avoidedProduct":false,"input":false,"amount":0.01682,"flow":{"@type":"Flow","@id":"63af114b-afcb-3a82-801a-9c66208a673a","name":"Carbon dioxide, fossil ","flowType":"ELEMENTARY_FLOW"},"unit":{"@type":"Unit","@id":"20aadc24-a391-41cf-b340-3e4529f44bde","name":"kg"},"flowProperty":{"@type":"FlowProperty","@id":"93a60a56-a3c8-11da-a746-0800200b9a66","name":"Mass"},"@id":"c99454a9-16a2-3f72-a26d-6c696e3c5c91"},{"@type":"Exchange","avoidedProduct":false,"input":true,"amount":0.0725,"flow":{"@type":"Flow","@id":"8fe57bef-7504-3270-8dbd-13c0df6ddaac","name":"Limestone, at mine","flowType":"PRODUCT_FLOW"},"unit":{"@type":"Unit","@id":"20aadc24-a391-41cf-b340-3e4529f44bde","name":"kg"},"flowProperty":{"@type":"FlowProperty","@id":"93a60a56-a3c8-11da-a746-0800200b9a66","name":"Mass"},"@id":"55bfa6cc-0302-31a3-be47-0cb3cf41d802"},{"@type":"Exchange","avoidedProduct":false,"input":true,"amount":0.2571140166,"description":"Transport is specific to propylene oxide delivered to producers of polyether polyol for rigid foam PUR. It also represents transporting the sugar beets to the sucrose plant and the sucrose to the polyols plant. ","flow":{"@type":"Flow","@id":"628c07ec-0802-39c1-ab88-1c62848ef436","name":"Transport, combination truck, diesel powered","flowType":"PRODUCT_FLOW"},"unit":{"@type":"Unit","@id":"0dea4ed8-bb6b-4049-b2b4-b2c413ef2180","name":"t*km"},"flowProperty":{"@type":"FlowProperty","@id":"838aaa20-0117-11db-92e3-0800200c9a66","name":"Goods transport (mass*distance)"},"@id":"5fc269f0-2f66-3e13-8d25-6678a1ecde37"},{"@type":"Exchange","avoidedProduct":false,"input":true,"amount":0.0333072654,"description":"Transportation energy includes that for transporting the sugar beets to the sucrose plant and the sucrose to the polyols plant.","flow":{"@type":"Flow","@id":"73c7494d-4e93-3769-896b-8bb82f0dfccc","name":"Transport, train, diesel powered","flowType":"PRODUCT_FLOW"},"unit":{"@type":"Unit","@id":"0dea4ed8-bb6b-4049-b2b4-b2c413ef2180","name":"t*km"},"flowProperty":{"@type":"FlowProperty","@id":"838aaa20-0117-11db-92e3-0800200c9a66","name":"Goods transport (mass*distance)"},"@id":"f1a12ff3-79fc-3c76-827f-3bfc5448d509"},{"@type":"Exchange","avoidedProduct":false,"input":false,"amount":1.1E-4,"flow":{"@type":"Flow","@id":"c746fcf6-c553-3f40-9445-6f0b14a727de","name":"Organic substances, unspecified","flowType":"ELEMENTARY_FLOW"},"unit":{"@type":"Unit","@id":"20aadc24-a391-41cf-b340-3e4529f44bde","name":"kg"},"flowProperty":{"@type":"FlowProperty","@id":"93a60a56-a3c8-11da-a746-0800200b9a66","name":"Mass"},"@id":"2410103b-d2c5-3191-846b-68939b623283"},{"@type":"Exchange","avoidedProduct":false,"input":true,"amount":7.01263583815029E-4,"description":"Values for barge transport are calculated based on average fuel consumption rates as reported in Transportation Energy Data Book: Edition 22 from Oak Ridge National Laboratory, September 2002: 22% of barges use diesel fuel in their engines, 78% use residual oil to generate steam for steam turbines, and a barge that consumes residual oil consumes 3.4 gallons per 1,000 ton-miles ","flow":{"@type":"Flow","@id":"a1242640-8306-366c-9c55-6dfd23e77bd7","name":"Transport, barge, diesel powered","flowType":"PRODUCT_FLOW"},"unit":{"@type":"Unit","@id":"0dea4ed8-bb6b-4049-b2b4-b2c413ef2180","name":"t*km"},"flowProperty":{"@type":"FlowProperty","@id":"838aaa20-0117-11db-92e3-0800200c9a66","name":"Goods transport (mass*distance)"},"@id":"9469bd69-0b76-3594-b4c9-1ac3183aa633"},{"@type":"Exchange","avoidedProduct":false,"input":true,"amount":0.013,"description":"Data for the production of sodium hydroxide are used as a surrogate for the production of the potassium hydroxide required for the resin.","flow":{"@type":"Flow","@id":"4024ebbc-8077-37c4-b8a8-07d54267c5fa","name":"CUTOFF Potassium hydroxide, production mix, at plant, for polyol foams","flowType":"PRODUCT_FLOW"},"unit":{"@type":"Unit","@id":"20aadc24-a391-41cf-b340-3e4529f44bde","name":"kg"},"flowProperty":{"@type":"FlowProperty","@id":"93a60a56-a3c8-11da-a746-0800200b9a66","name":"Mass"},"@id":"fb51370a-da9e-3d37-b2a6-47719898d263"},{"@type":"Exchange","avoidedProduct":false,"input":false,"amount":1.0E-7,"description":"This emission was reported by fewer than three companies. To indicate known emissions while protecting the confidentiality of individual company responses, the emission is reported only by order of magnitude.","flow":{"@type":"Flow","@id":"91c6fb89-85ed-310b-8197-fb35a753bd97","name":"Suspended solids, unspecified","flowType":"ELEMENTARY_FLOW"},"unit":{"@type":"Unit","@id":"20aadc24-a391-41cf-b340-3e4529f44bde","name":"kg"},"flowProperty":{"@type":"FlowProperty","@id":"93a60a56-a3c8-11da-a746-0800200b9a66","name":"Mass"},"@id":"f8210123-91ef-3145-aa9f-e6e20c29b511"},{"@type":"Exchange","avoidedProduct":false,"input":true,"amount":0.00122284,"description":"Transport is specific to propylene oxide delivered to producers of polyether polyol for rigid foam PUR","flow":{"@type":"Flow","@id":"acbe5bc4-6afd-31aa-bf3f-4a3fdc491945","name":"Transport, pipeline, unspecified petroleum products","flowType":"PRODUCT_FLOW"},"unit":{"@type":"Unit","@id":"0dea4ed8-bb6b-4049-b2b4-b2c413ef2180","name":"t*km"},"flowProperty":{"@type":"FlowProperty","@id":"838aaa20-0117-11db-92e3-0800200c9a66","name":"Goods transport (mass*distance)"},"@id":"9509a566-a89b-3012-a49a-154d19b13b17"},{"@type":"Exchange","avoidedProduct":false,"input":true,"amount":0.067858149,"flow":{"@type":"Flow","@id":"bb1dc159-fe13-3f8e-8197-361e8c770ba3","name":"Natural gas, combusted in industrial boiler","flowType":"PRODUCT_FLOW"},"unit":{"@type":"Unit","@id":"1c3a9695-398d-4b1f-b07e-a8715b610f70","name":"m3"},"flowProperty":{"@type":"FlowProperty","@id":"93a60a56-a3c8-22da-a746-0800200c9a66","name":"Volume"},"@id":"9492969b-1af6-3845-acd7-160b6af9c7f4"},{"@type":"Exchange","avoidedProduct":false,"input":true,"amount":6.4E-5,"flow":{"@type":"Flow","@id":"838cef47-a3a6-3dce-bcb2-560991c5e95c","name":"CUTOFF Disposal, solid waste, unspecified, to sanitary landfill","flowType":"PRODUCT_FLOW"},"unit":{"@type":"Unit","@id":"20aadc24-a391-41cf-b340-3e4529f44bde","name":"kg"},"flowProperty":{"@type":"FlowProperty","@id":"93a60a56-a3c8-11da-a746-0800200b9a66","name":"Mass"},"@id":"c8a714b3-a6ac-3b90-836c-9fd75e5fcc24"},{"@type":"Exchange","avoidedProduct":false,"input":false,"amount":9.1E-4,"flow":{"@type":"Flow","@id":"53b5ce8f-c792-3f05-a4b1-3e8f2cc3aad1","name":"Nitrogen","flowType":"ELEMENTARY_FLOW"},"unit":{"@type":"Unit","@id":"20aadc24-a391-41cf-b340-3e4529f44bde","name":"kg"},"flowProperty":{"@type":"FlowProperty","@id":"93a60a56-a3c8-11da-a746-0800200b9a66","name":"Mass"},"@id":"812f0316-0b0a-307b-88c3-9bcce2f37fdf"},{"@type":"Exchange","avoidedProduct":false,"input":false,"amount":0.231319641727125,"description":"Credit for steam or heat co-product sold externally.","flow":{"@type":"Flow","@id":"bdd323b8-1b5c-340d-9301-e2d28c075cca","name":"Recovered energy","flowType":"PRODUCT_FLOW"},"unit":{"@type":"Unit","@id":"52765a6c-3896-43c2-b2f4-c679acf13efe","name":"MJ"},"flowProperty":{"@type":"FlowProperty","@id":"f6811440-ee37-11de-8a39-0800200c9a66","name":"Energy"},"@id":"6ddb114f-7c67-3868-b6ea-b746e1f8d2b7"},{"@type":"Exchange","avoidedProduct":false,"input":true,"amount":0.133597883597884,"flow":{"@type":"Flow","@id":"fc76d79e-b0fb-376f-807b-02fe2098aa88","name":"Electricity, at cogen, for natural gas turbine","flowType":"PRODUCT_FLOW"},"unit":{"@type":"Unit","@id":"86ad2244-1f0e-4912-af53-7865283103e4","name":"kWh"},"flowProperty":{"@type":"FlowProperty","@id":"f6811440-ee37-11de-8a39-0800200c9a66","name":"Energy"},"@id":"f50bff8a-9c4f-3a81-86e8-baacda6eea10"},{"@type":"Exchange","avoidedProduct":false,"input":true,"amount":0.106481481481481,"flow":{"@type":"Flow","@id":"06581fb2-1de0-3e78-8298-f37605dea142","name":"Electricity, at grid, US, 2008","flowType":"PRODUCT_FLOW"},"unit":{"@type":"Unit","@id":"86ad2244-1f0e-4912-af53-7865283103e4","name":"kWh"},"flowProperty":{"@type":"FlowProperty","@id":"f6811440-ee37-11de-8a39-0800200c9a66","name":"Energy"},"@id":"e32a7bee-c071-3311-9eb1-94489e000df3"},{"@type":"Exchange","avoidedProduct":false,"input":true,"amount":0.02536576,"flow":{"@type":"Flow","@id":"bc38e349-1ccf-3855-a615-a4f581ab875b","name":"Gasoline, combusted in equipment","flowType":"PRODUCT_FLOW"},"unit":{"@type":"Unit","@id":"b80a512e-e402-4363-8ad0-7d02dcf4a459","name":"l"},"flowProperty":{"@type":"FlowProperty","@id":"93a60a56-a3c8-22da-a746-0800200c9a66","name":"Volume"},"@id":"f6ecc799-53b3-30fa-ac05-16f4c64799d7"},{"@type":"Exchange","avoidedProduct":false,"input":false,"amount":0.001,"description":"This emission was reported by fewer than three companies. To indicate known emissions while protecting the confidentiality of individual company responses, the emission is reported only by order of magnitude.","flow":{"@type":"Flow","@id":"33d5907f-322f-336d-b23f-f2959923f99f","name":"COD, Chemical Oxygen Demand","flowType":"ELEMENTARY_FLOW"},"unit":{"@type":"Unit","@id":"20aadc24-a391-41cf-b340-3e4529f44bde","name":"kg"},"flowProperty":{"@type":"FlowProperty","@id":"93a60a56-a3c8-11da-a746-0800200b9a66","name":"Mass"},"@id":"d399b66c-5142-3090-9745-7bea235c8ed6"},{"@type":"Exchange","avoidedProduct":false,"input":false,"amount":4.2E-4,"flow":{"@type":"Flow","@id":"1827a862-ccac-37ac-9ad7-d2dffe71058c","name":"Nitrogen oxides ","flowType":"ELEMENTARY_FLOW"},"unit":{"@type":"Unit","@id":"20aadc24-a391-41cf-b340-3e4529f44bde","name":"kg"},"flowProperty":{"@type":"FlowProperty","@id":"93a60a56-a3c8-11da-a746-0800200b9a66","name":"Mass"},"@id":"28f53691-803c-3d05-bcda-ad2f91fd2946"},{"@type":"Exchange","avoidedProduct":false,"input":false,"amount":1.3E-4,"flow":{"@type":"Flow","@id":"80c9c183-6e8e-3cba-a608-1d70820c3ce9","name":"Carbon monoxide","flowType":"ELEMENTARY_FLOW"},"unit":{"@type":"Unit","@id":"20aadc24-a391-41cf-b340-3e4529f44bde","name":"kg"},"flowProperty":{"@type":"FlowProperty","@id":"93a60a56-a3c8-11da-a746-0800200b9a66","name":"Mass"},"@id":"32faf202-3b7f-3fed-b475-964a8f0a409f"},{"@type":"Exchange","avoidedProduct":false,"input":true,"amount":1.215,"description":"Mass imbalance is due to the inclusion of total sugar beets used from harvest; no outputs are shown for land-applied wastes or animal feed from sugar beet processing to sucrose.","flow":{"@type":"Flow","@id":"b99fc89a-89e8-34a1-b57b-f01a71119c9b","name":"Sugar beets, in ground","flowType":"ELEMENTARY_FLOW"},"unit":{"@type":"Unit","@id":"20aadc24-a391-41cf-b340-3e4529f44bde","name":"kg"},"flowProperty":{"@type":"FlowProperty","@id":"93a60a56-a3c8-11da-a746-0800200b9a66","name":"Mass"},"@id":"2fff9785-b3f6-3380-b0c5-4d590ad4c8e7"},{"@type":"Exchange","avoidedProduct":false,"input":true,"amount":0.01518608,"description":"Includes diesel fuel and distillate oil amounts.","flow":{"@type":"Flow","@id":"d815ff18-015c-3afb-be18-be03bdf325da","name":"Diesel, combusted in industrial equipment","flowType":"PRODUCT_FLOW"},"unit":{"@type":"Unit","@id":"b80a512e-e402-4363-8ad0-7d02dcf4a459","name":"l"},"flowProperty":{"@type":"FlowProperty","@id":"93a60a56-a3c8-22da-a746-0800200c9a66","name":"Volume"},"@id":"10fa2030-3efb-383b-8673-5acc09f3b4e9"},{"@type":"Exchange","avoidedProduct":false,"input":false,"amount":1.0E-5,"description":"This emission was reported by fewer than three companies. To indicate known emissions while protecting the confidentiality of individual company responses, the emission is reported only by order of magnitude.","flow":{"@type":"Flow","@id":"e10319a4-662e-3d3a-b3dc-03bbbca0e66f","name":"Particulates, \u003c 2.5 um ","flowType":"ELEMENTARY_FLOW"},"unit":{"@type":"Unit","@id":"20aadc24-a391-41cf-b340-3e4529f44bde","name":"kg"},"flowProperty":{"@type":"FlowProperty","@id":"93a60a56-a3c8-11da-a746-0800200b9a66","name":"Mass"},"@id":"d8c42390-d618-3465-8853-3e5f377fdd7f"},{"@type":"Exchange","avoidedProduct":false,"input":false,"amount":3.3E-5,"flow":{"@type":"Flow","@id":"441e7e96-6101-3856-ac4f-8f74c8005ba9","name":"Particulates, \u003e 2.5 um, and \u003c 10um","flowType":"ELEMENTARY_FLOW"},"unit":{"@type":"Unit","@id":"20aadc24-a391-41cf-b340-3e4529f44bde","name":"kg"},"flowProperty":{"@type":"FlowProperty","@id":"93a60a56-a3c8-11da-a746-0800200b9a66","name":"Mass"},"@id":"199eb584-766a-3e1d-8280-774314a5556c"},{"@type":"Exchange","avoidedProduct":false,"input":false,"amount":2.5E-4,"flow":{"@type":"Flow","@id":"b641465b-5594-34f2-a9f8-72ceb302de17","name":"Particulates, unspecified","flowType":"ELEMENTARY_FLOW"},"unit":{"@type":"Unit","@id":"20aadc24-a391-41cf-b340-3e4529f44bde","name":"kg"},"flowProperty":{"@type":"FlowProperty","@id":"93a60a56-a3c8-11da-a746-0800200b9a66","name":"Mass"},"@id":"6c55a9ec-290c-3d64-a302-8bf6e0645435"},{"@type":"Exchange","avoidedProduct":false,"input":true,"amount":0.76,"flow":{"@type":"Flow","@id":"e3e36b0b-cd9f-3394-924d-2e565e97d38d","name":"Propylene oxide, at plant","flowType":"PRODUCT_FLOW"},"unit":{"@type":"Unit","@id":"20aadc24-a391-41cf-b340-3e4529f44bde","name":"kg"},"flowProperty":{"@type":"FlowProperty","@id":"93a60a56-a3c8-11da-a746-0800200b9a66","name":"Mass"},"@id":"4e7ab506-330d-374e-b9bc-01a336a81c09"},{"@type":"Exchange","avoidedProduct":false,"input":false,"amount":8.9E-4,"flow":{"@type":"Flow","@id":"16a0fc94-eaec-315c-9f2f-328d8833dcad","name":"BOD5, Biological Oxygen Demand","flowType":"ELEMENTARY_FLOW"},"unit":{"@type":"Unit","@id":"20aadc24-a391-41cf-b340-3e4529f44bde","name":"kg"},"flowProperty":{"@type":"FlowProperty","@id":"93a60a56-a3c8-11da-a746-0800200b9a66","name":"Mass"},"@id":"067d452b-583d-3e92-b708-9e51b45a528f"},{"@type":"Exchange","avoidedProduct":false,"input":false,"amount":1.0E-7,"description":"This emission was reported by fewer than three companies. To indicate known emissions while protecting the confidentiality of individual company responses, the emission is reported only by order of magnitude.","flow":{"@type":"Flow","@id":"fce7dbb7-d08d-34ae-875c-1afb623e7213","name":"Chlorine","flowType":"ELEMENTARY_FLOW"},"unit":{"@type":"Unit","@id":"20aadc24-a391-41cf-b340-3e4529f44bde","name":"kg"},"flowProperty":{"@type":"FlowProperty","@id":"93a60a56-a3c8-11da-a746-0800200b9a66","name":"Mass"},"@id":"b1f82781-852a-360b-9dc8-f74809100780"},{"@type":"Exchange","avoidedProduct":false,"input":false,"amount":9.9E-7,"flow":{"@type":"Flow","@id":"3398b3ee-0652-3778-a374-804cd0d7b6a6","name":"Sulfur oxides","flowType":"ELEMENTARY_FLOW"},"unit":{"@type":"Unit","@id":"20aadc24-a391-41cf-b340-3e4529f44bde","name":"kg"},"flowProperty":{"@type":"FlowProperty","@id":"93a60a56-a3c8-11da-a746-0800200b9a66","name":"Mass"},"@id":"7660bae3-493a-33c9-a38c-d42bfaedd8ee"}],"allocationFactors":[{"@type":"AllocationFactor","product":{"@type":"Flow","@id":"bdd323b8-1b5c-340d-9301-e2d28c075cca","name":"Recovered energy"},"value":0.0,"allocationType":"ECONOMIC_ALLOCATION"},{"@type":"AllocationFactor","product":{"@type":"Flow","@id":"1ada3cba-253f-3aad-8f2b-5ed447b39f26","name":"Polyol ether, for rigid foam polyurethane production, at plant"},"value":1.0,"allocationType":"ECONOMIC_ALLOCATION"},{"@type":"AllocationFactor","product":{"@type":"Flow","@id":"1ada3cba-253f-3aad-8f2b-5ed447b39f26","name":"Polyol ether, for rigid foam polyurethane production, at plant"},"value":1.0,"allocationType":"CAUSAL_ALLOCATION"},{"@type":"AllocationFactor","product":{"@type":"Flow","@id":"bdd323b8-1b5c-340d-9301-e2d28c075cca","name":"Recovered energy"},"value":0.0,"allocationType":"CAUSAL_ALLOCATION"},{"@type":"AllocationFactor","product":{"@type":"Flow","@id":"1ada3cba-253f-3aad-8f2b-5ed447b39f26","name":"Polyol ether, for rigid foam polyurethane production, at plant"},"value":1.0,"allocationType":"CAUSAL_ALLOCATION"},{"@type":"AllocationFactor","product":{"@type":"Flow","@id":"1ada3cba-253f-3aad-8f2b-5ed447b39f26","name":"Polyol ether, for rigid foam polyurethane production, at plant"},"value":1.0,"allocationType":"CAUSAL_ALLOCATION"},{"@type":"AllocationFactor","product":{"@type":"Flow","@id":"1ada3cba-253f-3aad-8f2b-5ed447b39f26","name":"Polyol ether, for rigid foam polyurethane production, at plant"},"value":1.0,"allocationType":"CAUSAL_ALLOCATION"},{"@type":"AllocationFactor","product":{"@type":"Flow","@id":"1ada3cba-253f-3aad-8f2b-5ed447b39f26","name":"Polyol ether, for rigid foam polyurethane production, at plant"},"value":1.0,"allocationType":"CAUSAL_ALLOCATION"},{"@type":"AllocationFactor","product":{"@type":"Flow","@id":"bdd323b8-1b5c-340d-9301-e2d28c075cca","name":"Recovered energy"},"value":0.0,"allocationType":"CAUSAL_ALLOCATION"},{"@type":"AllocationFactor","product":{"@type":"Flow","@id":"bdd323b8-1b5c-340d-9301-e2d28c075cca","name":"Recovered energy"},"value":0.0,"allocationType":"CAUSAL_ALLOCATION"},{"@type":"AllocationFactor","product":{"@type":"Flow","@id":"bdd323b8-1b5c-340d-9301-e2d28c075cca","name":"Recovered energy"},"value":0.0,"allocationType":"CAUSAL_ALLOCATION"},{"@type":"AllocationFactor","product":{"@type":"Flow","@id":"bdd323b8-1b5c-340d-9301-e2d28c075cca","name":"Recovered energy"},"value":0.0,"allocationType":"CAUSAL_ALLOCATION"},{"@type":"AllocationFactor","product":{"@type":"Flow","@id":"1ada3cba-253f-3aad-8f2b-5ed447b39f26","name":"Polyol ether, for rigid foam polyurethane production, at plant"},"value":1.0,"allocationType":"CAUSAL_ALLOCATION"},{"@type":"AllocationFactor","product":{"@type":"Flow","@id":"bdd323b8-1b5c-340d-9301-e2d28c075cca","name":"Recovered energy"},"value":0.0,"allocationType":"CAUSAL_ALLOCATION"},{"@type":"AllocationFactor","product":{"@type":"Flow","@id":"1ada3cba-253f-3aad-8f2b-5ed447b39f26","name":"Polyol ether, for rigid foam polyurethane production, at plant"},"value":1.0,"allocationType":"CAUSAL_ALLOCATION"},{"@type":"AllocationFactor","product":{"@type":"Flow","@id":"1ada3cba-253f-3aad-8f2b-5ed447b39f26","name":"Polyol ether, for rigid foam polyurethane production, at plant"},"value":1.0,"allocationType":"CAUSAL_ALLOCATION"},{"@type":"AllocationFactor","product":{"@type":"Flow","@id":"bdd323b8-1b5c-340d-9301-e2d28c075cca","name":"Recovered energy"},"value":0.0,"allocationType":"CAUSAL_ALLOCATION"},{"@type":"AllocationFactor","product":{"@type":"Flow","@id":"1ada3cba-253f-3aad-8f2b-5ed447b39f26","name":"Polyol ether, for rigid foam polyurethane production, at plant"},"value":1.0,"allocationType":"CAUSAL_ALLOCATION"},{"@type":"AllocationFactor","product":{"@type":"Flow","@id":"1ada3cba-253f-3aad-8f2b-5ed447b39f26","name":"Polyol ether, for rigid foam polyurethane production, at plant"},"value":1.0,"allocationType":"CAUSAL_ALLOCATION"},{"@type":"AllocationFactor","product":{"@type":"Flow","@id":"1ada3cba-253f-3aad-8f2b-5ed447b39f26","name":"Polyol ether, for rigid foam polyurethane production, at plant"},"value":1.0,"allocationType":"CAUSAL_ALLOCATION"},{"@type":"AllocationFactor","product":{"@type":"Flow","@id":"1ada3cba-253f-3aad-8f2b-5ed447b39f26","name":"Polyol ether, for rigid foam polyurethane production, at plant"},"value":1.0,"allocationType":"CAUSAL_ALLOCATION"},{"@type":"AllocationFactor","product":{"@type":"Flow","@id":"1ada3cba-253f-3aad-8f2b-5ed447b39f26","name":"Polyol ether, for rigid foam polyurethane production, at plant"},"value":1.0,"allocationType":"CAUSAL_ALLOCATION"},{"@type":"AllocationFactor","product":{"@type":"Flow","@id":"bdd323b8-1b5c-340d-9301-e2d28c075cca","name":"Recovered energy"},"value":0.0,"allocationType":"CAUSAL_ALLOCATION"},{"@type":"AllocationFactor","product":{"@type":"Flow","@id":"bdd323b8-1b5c-340d-9301-e2d28c075cca","name":"Recovered energy"},"value":0.0,"allocationType":"CAUSAL_ALLOCATION"},{"@type":"AllocationFactor","product":{"@type":"Flow","@id":"bdd323b8-1b5c-340d-9301-e2d28c075cca","name":"Recovered energy"},"value":0.0,"allocationType":"CAUSAL_ALLOCATION"},{"@type":"AllocationFactor","product":{"@type":"Flow","@id":"bdd323b8-1b5c-340d-9301-e2d28c075cca","name":"Recovered energy"},"value":0.0,"allocationType":"CAUSAL_ALLOCATION"},{"@type":"AllocationFactor","product":{"@type":"Flow","@id":"bdd323b8-1b5c-340d-9301-e2d28c075cca","name":"Recovered energy"},"value":0.0,"allocationType":"CAUSAL_ALLOCATION"},{"@type":"AllocationFactor","product":{"@type":"Flow","@id":"1ada3cba-253f-3aad-8f2b-5ed447b39f26","name":"Polyol ether, for rigid foam polyurethane production, at plant"},"value":1.0,"allocationType":"CAUSAL_ALLOCATION"},{"@type":"AllocationFactor","product":{"@type":"Flow","@id":"bdd323b8-1b5c-340d-9301-e2d28c075cca","name":"Recovered energy"},"value":0.0,"allocationType":"CAUSAL_ALLOCATION"},{"@type":"AllocationFactor","product":{"@type":"Flow","@id":"1ada3cba-253f-3aad-8f2b-5ed447b39f26","name":"Polyol ether, for rigid foam polyurethane production, at plant"},"value":1.0,"allocationType":"CAUSAL_ALLOCATION"},{"@type":"AllocationFactor","product":{"@type":"Flow","@id":"bdd323b8-1b5c-340d-9301-e2d28c075cca","name":"Recovered energy"},"value":0.0,"allocationType":"CAUSAL_ALLOCATION"},{"@type":"AllocationFactor","product":{"@type":"Flow","@id":"1ada3cba-253f-3aad-8f2b-5ed447b39f26","name":"Polyol ether, for rigid foam polyurethane production, at plant"},"value":1.0,"allocationType":"CAUSAL_ALLOCATION"},{"@type":"AllocationFactor","product":{"@type":"Flow","@id":"1ada3cba-253f-3aad-8f2b-5ed447b39f26","name":"Polyol ether, for rigid foam polyurethane production, at plant"},"value":1.0,"allocationType":"CAUSAL_ALLOCATION"},{"@type":"AllocationFactor","product":{"@type":"Flow","@id":"1ada3cba-253f-3aad-8f2b-5ed447b39f26","name":"Polyol ether, for rigid foam polyurethane production, at plant"},"value":1.0,"allocationType":"CAUSAL_ALLOCATION"},{"@type":"AllocationFactor","product":{"@type":"Flow","@id":"1ada3cba-253f-3aad-8f2b-5ed447b39f26","name":"Polyol ether, for rigid foam polyurethane production, at plant"},"value":1.0,"allocationType":"CAUSAL_ALLOCATION"},{"@type":"AllocationFactor","product":{"@type":"Flow","@id":"1ada3cba-253f-3aad-8f2b-5ed447b39f26","name":"Polyol ether, for rigid foam polyurethane production, at plant"},"value":1.0,"allocationType":"CAUSAL_ALLOCATION"},{"@type":"AllocationFactor","product":{"@type":"Flow","@id":"bdd323b8-1b5c-340d-9301-e2d28c075cca","name":"Recovered energy"},"value":0.0,"allocationType":"CAUSAL_ALLOCATION"},{"@type":"AllocationFactor","product":{"@type":"Flow","@id":"bdd323b8-1b5c-340d-9301-e2d28c075cca","name":"Recovered energy"},"value":0.0,"allocationType":"CAUSAL_ALLOCATION"},{"@type":"AllocationFactor","product":{"@type":"Flow","@id":"1ada3cba-253f-3aad-8f2b-5ed447b39f26","name":"Polyol ether, for rigid foam polyurethane production, at plant"},"value":1.0,"allocationType":"CAUSAL_ALLOCATION"},{"@type":"AllocationFactor","product":{"@type":"Flow","@id":"1ada3cba-253f-3aad-8f2b-5ed447b39f26","name":"Polyol ether, for rigid foam polyurethane production, at plant"},"value":1.0,"allocationType":"CAUSAL_ALLOCATION"},{"@type":"AllocationFactor","product":{"@type":"Flow","@id":"bdd323b8-1b5c-340d-9301-e2d28c075cca","name":"Recovered energy"},"value":0.0,"allocationType":"CAUSAL_ALLOCATION"},{"@type":"AllocationFactor","product":{"@type":"Flow","@id":"bdd323b8-1b5c-340d-9301-e2d28c075cca","name":"Recovered energy"},"value":0.0,"allocationType":"CAUSAL_ALLOCATION"},{"@type":"AllocationFactor","product":{"@type":"Flow","@id":"bdd323b8-1b5c-340d-9301-e2d28c075cca","name":"Recovered energy"},"value":0.0,"allocationType":"PHYSICAL_ALLOCATION"},{"@type":"AllocationFactor","product":{"@type":"Flow","@id":"1ada3cba-253f-3aad-8f2b-5ed447b39f26","name":"Polyol ether, for rigid foam polyurethane production, at plant"},"value":1.0,"allocationType":"CAUSAL_ALLOCATION"},{"@type":"AllocationFactor","product":{"@type":"Flow","@id":"bdd323b8-1b5c-340d-9301-e2d28c075cca","name":"Recovered energy"},"value":0.0,"allocationType":"CAUSAL_ALLOCATION"},{"@type":"AllocationFactor","product":{"@type":"Flow","@id":"1ada3cba-253f-3aad-8f2b-5ed447b39f26","name":"Polyol ether, for rigid foam polyurethane production, at plant"},"value":1.0,"allocationType":"CAUSAL_ALLOCATION"},{"@type":"AllocationFactor","product":{"@type":"Flow","@id":"bdd323b8-1b5c-340d-9301-e2d28c075cca","name":"Recovered energy"},"value":0.0,"allocationType":"CAUSAL_ALLOCATION"},{"@type":"AllocationFactor","product":{"@type":"Flow","@id":"bdd323b8-1b5c-340d-9301-e2d28c075cca","name":"Recovered energy"},"value":0.0,"allocationType":"CAUSAL_ALLOCATION"},{"@type":"AllocationFactor","product":{"@type":"Flow","@id":"bdd323b8-1b5c-340d-9301-e2d28c075cca","name":"Recovered energy"},"value":0.0,"allocationType":"CAUSAL_ALLOCATION"},{"@type":"AllocationFactor","product":{"@type":"Flow","@id":"1ada3cba-253f-3aad-8f2b-5ed447b39f26","name":"Polyol ether, for rigid foam polyurethane production, at plant"},"value":1.0,"allocationType":"CAUSAL_ALLOCATION"},{"@type":"AllocationFactor","product":{"@type":"Flow","@id":"bdd323b8-1b5c-340d-9301-e2d28c075cca","name":"Recovered energy"},"value":0.0,"allocationType":"CAUSAL_ALLOCATION"},{"@type":"AllocationFactor","product":{"@type":"Flow","@id":"1ada3cba-253f-3aad-8f2b-5ed447b39f26","name":"Polyol ether, for rigid foam polyurethane production, at plant"},"value":1.0,"allocationType":"CAUSAL_ALLOCATION"},{"@type":"AllocationFactor","product":{"@type":"Flow","@id":"bdd323b8-1b5c-340d-9301-e2d28c075cca","name":"Recovered energy"},"value":0.0,"allocationType":"CAUSAL_ALLOCATION"},{"@type":"AllocationFactor","product":{"@type":"Flow","@id":"1ada3cba-253f-3aad-8f2b-5ed447b39f26","name":"Polyol ether, for rigid foam polyurethane production, at plant"},"value":1.0,"allocationType":"PHYSICAL_ALLOCATION"},{"@type":"AllocationFactor","product":{"@type":"Flow","@id":"1ada3cba-253f-3aad-8f2b-5ed447b39f26","name":"Polyol ether, for rigid foam polyurethane production, at plant"},"value":1.0,"allocationType":"CAUSAL_ALLOCATION"},{"@type":"AllocationFactor","product":{"@type":"Flow","@id":"bdd323b8-1b5c-340d-9301-e2d28c075cca","name":"Recovered energy"},"value":0.0,"allocationType":"CAUSAL_ALLOCATION"},{"@type":"AllocationFactor","product":{"@type":"Flow","@id":"1ada3cba-253f-3aad-8f2b-5ed447b39f26","name":"Polyol ether, for rigid foam polyurethane production, at plant"},"value":1.0,"allocationType":"CAUSAL_ALLOCATION"},{"@type":"AllocationFactor","product":{"@type":"Flow","@id":"1ada3cba-253f-3aad-8f2b-5ed447b39f26","name":"Polyol ether, for rigid foam polyurethane production, at plant"},"value":1.0,"allocationType":"CAUSAL_ALLOCATION"},{"@type":"AllocationFactor","product":{"@type":"Flow","@id":"bdd323b8-1b5c-340d-9301-e2d28c075cca","name":"Recovered energy"},"value":0.0,"allocationType":"CAUSAL_ALLOCATION"},{"@type":"AllocationFactor","product":{"@type":"Flow","@id":"bdd323b8-1b5c-340d-9301-e2d28c075cca","name":"Recovered energy"},"value":0.0,"allocationType":"CAUSAL_ALLOCATION"},{"@type":"AllocationFactor","product":{"@type":"Flow","@id":"bdd323b8-1b5c-340d-9301-e2d28c075cca","name":"Recovered energy"},"value":0.0,"allocationType":"CAUSAL_ALLOCATION"},{"@type":"AllocationFactor","product":{"@type":"Flow","@id":"bdd323b8-1b5c-340d-9301-e2d28c075cca","name":"Recovered energy"},"value":0.0,"allocationType":"CAUSAL_ALLOCATION"}]}