{"@context":"http://greendelta.github.io/olca-schema/context.jsonld","@type":"Process","@id":"9ee66dd5-dcc9-3e94-9da3-3a7cc6cddeb3","name":"Hydrochloric acid, at plant ","version":"00.00.000","lastChange":"2013-11-13T17:24:14-07:00","category":{"@type":"Category","@id":"05ee7247-d00d-304a-97e8-4a376ca05972","name":"Petrochemical Manufacturing"},"processType":"UNIT_PROCESS","infrastructureProcess":false,"location":{"@type":"Location","@id":"b320e7db-c758-3ba6-8839-81eb83c9d7d7","name":"Northern America"},"processDocumentation":{"@type":"ProcessDocumentation","technologyDescription":"Although there are a number of processes used to produce hydrochloric acid, this dataset assumes that it is produced from the synthesis of the elements hydrogen and chloride.","samplingDescription":"The dataset is adapted from ecoinvent and is provided by Swiss Centre for LCI, EMPA from the 2007 Life Cycle Inventories of Chemicals. the data represents a cross-section of actual plants in Europe for the years 1997-2000. ","restrictionsDescription":"All information can be accessed by everybody.","copyright":false,"validFrom":"2002-12-31T00:00:00-07:00","validUntil":"2003-12-31T00:00:00-07:00","creationDate":"2013-11-13T17:24:14-07:00","geographyDescription":"Representative of North America (US and Canada)","dataDocumentor":{"@type":"Actor","@id":"721bcfe4-ee92-33bc-a9bd-bbf5ba3cb52d","name":"Franklin Associates"},"dataGenerator":{"@type":"Actor","@id":"721bcfe4-ee92-33bc-a9bd-bbf5ba3cb52d","name":"Franklin Associates"},"publication":{"@type":"Source","@id":"120143da-004e-38fa-987d-fab82fa5a3c1","name":"THE PLASTICS DIVISION OF \nTHE ACC\n "},"sources":[{"@type":"Source","@id":"120143da-004e-38fa-987d-fab82fa5a3c1","name":"THE PLASTICS DIVISION OF \nTHE ACC\n "}]},"exchanges":[{"@type":"Exchange","avoidedProduct":false,"input":false,"amount":1.0,"flow":{"@type":"Flow","@id":"1a0678a7-09b1-339d-8f05-259a14f0ab84","name":"Hydrochloric acid, at plant ","flowType":"PRODUCT_FLOW"},"unit":{"@type":"Unit","@id":"20aadc24-a391-41cf-b340-3e4529f44bde","name":"kg"},"flowProperty":{"@type":"FlowProperty","@id":"93a60a56-a3c8-11da-a746-0800200b9a66","name":"Mass"},"@id":"ba923854-faf0-31ad-a087-923e732547de","quantitativeReference":true},{"@type":"Exchange","avoidedProduct":false,"input":false,"amount":3.0989E-11,"flow":{"@type":"Flow","@id":"4ed5e106-3a21-358b-ab25-79d86d4e94e3","name":"Anthracene","flowType":"ELEMENTARY_FLOW"},"unit":{"@type":"Unit","@id":"20aadc24-a391-41cf-b340-3e4529f44bde","name":"kg"},"flowProperty":{"@type":"FlowProperty","@id":"93a60a56-a3c8-11da-a746-0800200b9a66","name":"Mass"},"@id":"c22d21b9-0a8d-352e-b7a6-9b9dea31d2e0"},{"@type":"Exchange","avoidedProduct":false,"input":false,"amount":3.0453E-9,"flow":{"@type":"Flow","@id":"989fc728-cef9-3c1a-be55-7867ddf882a8","name":"Hydrazine, methyl-","flowType":"ELEMENTARY_FLOW"},"unit":{"@type":"Unit","@id":"20aadc24-a391-41cf-b340-3e4529f44bde","name":"kg"},"flowProperty":{"@type":"FlowProperty","@id":"93a60a56-a3c8-11da-a746-0800200b9a66","name":"Mass"},"@id":"2aab4a6f-acab-3c20-82b2-ff66d071ad23"},{"@type":"Exchange","avoidedProduct":false,"input":false,"amount":9.4941E-11,"flow":{"@type":"Flow","@id":"4b2e8924-9870-3bed-9f05-3a3b9b6a324d","name":"Cumene","flowType":"ELEMENTARY_FLOW"},"unit":{"@type":"Unit","@id":"20aadc24-a391-41cf-b340-3e4529f44bde","name":"kg"},"flowProperty":{"@type":"FlowProperty","@id":"93a60a56-a3c8-11da-a746-0800200b9a66","name":"Mass"},"@id":"31dd5685-7809-348b-8283-996993622d47"},{"@type":"Exchange","avoidedProduct":false,"input":false,"amount":7.1653E-10,"flow":{"@type":"Flow","@id":"5bb354bf-64b1-397b-b2eb-5e3853749926","name":"Ethane, 1,2-dichloro-","flowType":"ELEMENTARY_FLOW"},"unit":{"@type":"Unit","@id":"20aadc24-a391-41cf-b340-3e4529f44bde","name":"kg"},"flowProperty":{"@type":"FlowProperty","@id":"93a60a56-a3c8-11da-a746-0800200b9a66","name":"Mass"},"@id":"a769f5cb-4897-3729-8674-28feee79c530"},{"@type":"Exchange","avoidedProduct":false,"input":false,"amount":9.5876E-10,"flow":{"@type":"Flow","@id":"e0d4e7fa-637f-3a85-8419-341f0b632d26","name":"Thallium","flowType":"ELEMENTARY_FLOW"},"unit":{"@type":"Unit","@id":"20aadc24-a391-41cf-b340-3e4529f44bde","name":"kg"},"flowProperty":{"@type":"FlowProperty","@id":"93a60a56-a3c8-11da-a746-0800200b9a66","name":"Mass"},"@id":"0f307645-58da-3ef9-8aaf-a8eba3683b25"},{"@type":"Exchange","avoidedProduct":false,"input":false,"amount":2.4971E-7,"flow":{"@type":"Flow","@id":"b13651eb-5a15-3f08-b4ca-fba03bd3569b","name":"Boron","flowType":"ELEMENTARY_FLOW"},"unit":{"@type":"Unit","@id":"20aadc24-a391-41cf-b340-3e4529f44bde","name":"kg"},"flowProperty":{"@type":"FlowProperty","@id":"93a60a56-a3c8-11da-a746-0800200b9a66","name":"Mass"},"@id":"559e41ad-5211-3618-90c6-014a9cbd6efb"},{"@type":"Exchange","avoidedProduct":false,"input":false,"amount":2.4326E-10,"flow":{"@type":"Flow","@id":"29212dbf-5c92-3200-aebd-52f80075b202","name":"Naphthalenes, alkylated, unspecified","flowType":"ELEMENTARY_FLOW"},"unit":{"@type":"Unit","@id":"20aadc24-a391-41cf-b340-3e4529f44bde","name":"kg"},"flowProperty":{"@type":"FlowProperty","@id":"93a60a56-a3c8-11da-a746-0800200b9a66","name":"Mass"},"@id":"0ed9f81a-e9e4-3e11-b35f-284ea78a8094"},{"@type":"Exchange","avoidedProduct":false,"input":false,"amount":9.0696E-7,"flow":{"@type":"Flow","@id":"c746fcf6-c553-3f40-9445-6f0b14a727de","name":"Organic substances, unspecified","flowType":"ELEMENTARY_FLOW"},"unit":{"@type":"Unit","@id":"20aadc24-a391-41cf-b340-3e4529f44bde","name":"kg"},"flowProperty":{"@type":"FlowProperty","@id":"93a60a56-a3c8-11da-a746-0800200b9a66","name":"Mass"},"@id":"909342bf-61b6-383e-9be3-e549ca714756"},{"@type":"Exchange","avoidedProduct":false,"input":false,"amount":1.2539E-10,"flow":{"@type":"Flow","@id":"b10db815-a858-3331-8c2b-923d78d11ce6","name":"2-Chloroacetophenone","flowType":"ELEMENTARY_FLOW"},"unit":{"@type":"Unit","@id":"20aadc24-a391-41cf-b340-3e4529f44bde","name":"kg"},"flowProperty":{"@type":"FlowProperty","@id":"93a60a56-a3c8-11da-a746-0800200b9a66","name":"Mass"},"@id":"ecb0b96a-5d16-31c1-99c0-8ff2b3973e51"},{"@type":"Exchange","avoidedProduct":false,"input":false,"amount":2.0427E-5,"flow":{"@type":"Flow","@id":"e475fe8b-bdbb-39dd-a68e-b8c6173b5bf3","name":"Iron","flowType":"ELEMENTARY_FLOW"},"unit":{"@type":"Unit","@id":"20aadc24-a391-41cf-b340-3e4529f44bde","name":"kg"},"flowProperty":{"@type":"FlowProperty","@id":"93a60a56-a3c8-11da-a746-0800200b9a66","name":"Mass"},"@id":"ae4cf3d2-fb03-3404-b770-bbe2b244ae86"},{"@type":"Exchange","avoidedProduct":false,"input":false,"amount":5.5823E-11,"flow":{"@type":"Flow","@id":"e28ad813-0924-3808-93db-a008e5e0e425","name":"Docosane","flowType":"ELEMENTARY_FLOW"},"unit":{"@type":"Unit","@id":"20aadc24-a391-41cf-b340-3e4529f44bde","name":"kg"},"flowProperty":{"@type":"FlowProperty","@id":"93a60a56-a3c8-11da-a746-0800200b9a66","name":"Mass"},"@id":"043d42f0-7824-3d04-8e1e-71b9f74da04c"},{"@type":"Exchange","avoidedProduct":false,"input":false,"amount":1.6232E-6,"flow":{"@type":"Flow","@id":"789b2d1d-ed5f-383e-a86f-114b88cc06be","name":"Magnesium","flowType":"ELEMENTARY_FLOW"},"unit":{"@type":"Unit","@id":"20aadc24-a391-41cf-b340-3e4529f44bde","name":"kg"},"flowProperty":{"@type":"FlowProperty","@id":"93a60a56-a3c8-11da-a746-0800200b9a66","name":"Mass"},"@id":"8429015c-d752-3a41-9c9f-b7229d3fc394"},{"@type":"Exchange","avoidedProduct":false,"input":false,"amount":1.8856E-9,"flow":{"@type":"Flow","@id":"09e56f2b-3265-3ce9-9ff5-3053fd5a9b27","name":"Tetradecane","flowType":"ELEMENTARY_FLOW"},"unit":{"@type":"Unit","@id":"20aadc24-a391-41cf-b340-3e4529f44bde","name":"kg"},"flowProperty":{"@type":"FlowProperty","@id":"93a60a56-a3c8-11da-a746-0800200b9a66","name":"Mass"},"@id":"f3381fce-3aa0-363a-bfec-26d825e36e7c"},{"@type":"Exchange","avoidedProduct":false,"input":false,"amount":0.0019011,"flow":{"@type":"Flow","@id":"fce7dbb7-d08d-34ae-875c-1afb623e7213","name":"Chlorine","flowType":"ELEMENTARY_FLOW"},"unit":{"@type":"Unit","@id":"20aadc24-a391-41cf-b340-3e4529f44bde","name":"kg"},"flowProperty":{"@type":"FlowProperty","@id":"93a60a56-a3c8-11da-a746-0800200b9a66","name":"Mass"},"@id":"afdd8c2f-11cd-3669-a1a9-7d31576f13c6"},{"@type":"Exchange","avoidedProduct":false,"input":false,"amount":5.804E-13,"flow":{"@type":"Flow","@id":"b2a42fa7-f853-36ab-ac94-68ac43186627","name":"Furan","flowType":"ELEMENTARY_FLOW"},"unit":{"@type":"Unit","@id":"20aadc24-a391-41cf-b340-3e4529f44bde","name":"kg"},"flowProperty":{"@type":"FlowProperty","@id":"93a60a56-a3c8-11da-a746-0800200b9a66","name":"Mass"},"@id":"5873f753-24d9-3b4c-ae64-9f99d66ac11b"},{"@type":"Exchange","avoidedProduct":false,"input":false,"amount":4.618E-9,"flow":{"@type":"Flow","@id":"56f667ce-eaf9-3e5b-b45d-88e2bea24ff5","name":"Benzene, ethyl-","flowType":"ELEMENTARY_FLOW"},"unit":{"@type":"Unit","@id":"20aadc24-a391-41cf-b340-3e4529f44bde","name":"kg"},"flowProperty":{"@type":"FlowProperty","@id":"93a60a56-a3c8-11da-a746-0800200b9a66","name":"Mass"},"@id":"e9dc07de-4f59-3a75-a119-271046f43416"},{"@type":"Exchange","avoidedProduct":false,"input":false,"amount":5.3533E-10,"flow":{"@type":"Flow","@id":"e22eb6cb-aa35-3ef1-8b0f-a3685281ebd0","name":"Acetone","flowType":"ELEMENTARY_FLOW"},"unit":{"@type":"Unit","@id":"20aadc24-a391-41cf-b340-3e4529f44bde","name":"kg"},"flowProperty":{"@type":"FlowProperty","@id":"93a60a56-a3c8-11da-a746-0800200b9a66","name":"Mass"},"@id":"9de570a3-42e7-394a-ad95-da546260b0d2"},{"@type":"Exchange","avoidedProduct":false,"input":false,"amount":7.4607E-5,"flow":{"@type":"Flow","@id":"ae4dd6ba-67a2-3884-b7ce-2f5b38c0571a","name":"Particulates, \u003c 10 um ","flowType":"ELEMENTARY_FLOW"},"unit":{"@type":"Unit","@id":"20aadc24-a391-41cf-b340-3e4529f44bde","name":"kg"},"flowProperty":{"@type":"FlowProperty","@id":"93a60a56-a3c8-11da-a746-0800200b9a66","name":"Mass"},"@id":"c4265c12-cdb4-33b3-8ddb-d48da9fb855b"},{"@type":"Exchange","avoidedProduct":false,"input":false,"amount":4.342E-6,"flow":{"@type":"Flow","@id":"3f1a6be6-0400-3638-ab4a-ffe9fa11d1ab","name":"Strontium","flowType":"ELEMENTARY_FLOW"},"unit":{"@type":"Unit","@id":"20aadc24-a391-41cf-b340-3e4529f44bde","name":"kg"},"flowProperty":{"@type":"FlowProperty","@id":"93a60a56-a3c8-11da-a746-0800200b9a66","name":"Mass"},"@id":"5cad99cd-43ab-3532-b457-0d7f88dc6b4a"},{"@type":"Exchange","avoidedProduct":false,"input":false,"amount":2.077E-6,"flow":{"@type":"Flow","@id":"82fad29c-841d-3081-a092-25a3417f7651","name":"Hydrocarbons, unspecified","flowType":"ELEMENTARY_FLOW"},"unit":{"@type":"Unit","@id":"20aadc24-a391-41cf-b340-3e4529f44bde","name":"kg"},"flowProperty":{"@type":"FlowProperty","@id":"93a60a56-a3c8-11da-a746-0800200b9a66","name":"Mass"},"@id":"a8edd3c9-6ff9-34d5-99cb-82ece132bf36"},{"@type":"Exchange","avoidedProduct":false,"input":false,"amount":2.7854E-8,"flow":{"@type":"Flow","@id":"b4cec7e5-b107-3e94-8152-1d30a754387f","name":"Selenium","flowType":"ELEMENTARY_FLOW"},"unit":{"@type":"Unit","@id":"20aadc24-a391-41cf-b340-3e4529f44bde","name":"kg"},"flowProperty":{"@type":"FlowProperty","@id":"93a60a56-a3c8-11da-a746-0800200b9a66","name":"Mass"},"@id":"3da83aaf-5731-3b1d-9adb-7173157b30f0"},{"@type":"Exchange","avoidedProduct":false,"input":false,"amount":6.573E-9,"flow":{"@type":"Flow","@id":"a86e5507-1798-3356-9a6a-c087d0977654","name":"Ethene, tetrachloro-","flowType":"ELEMENTARY_FLOW"},"unit":{"@type":"Unit","@id":"20aadc24-a391-41cf-b340-3e4529f44bde","name":"kg"},"flowProperty":{"@type":"FlowProperty","@id":"93a60a56-a3c8-11da-a746-0800200b9a66","name":"Mass"},"@id":"e333cc59-b2f9-3a2f-afbf-01d0914f435d"},{"@type":"Exchange","avoidedProduct":false,"input":false,"amount":2.6451E-4,"flow":{"@type":"Flow","@id":"3398b3ee-0652-3778-a374-804cd0d7b6a6","name":"Sulfur oxides","flowType":"ELEMENTARY_FLOW"},"unit":{"@type":"Unit","@id":"20aadc24-a391-41cf-b340-3e4529f44bde","name":"kg"},"flowProperty":{"@type":"FlowProperty","@id":"93a60a56-a3c8-11da-a746-0800200b9a66","name":"Mass"},"@id":"f9668933-aa35-3c48-95eb-26ca81d4bc07"},{"@type":"Exchange","avoidedProduct":false,"input":false,"amount":6.8071E-9,"flow":{"@type":"Flow","@id":"b44c5153-6d36-3254-a893-1159d7871502","name":"Propanal","flowType":"ELEMENTARY_FLOW"},"unit":{"@type":"Unit","@id":"20aadc24-a391-41cf-b340-3e4529f44bde","name":"kg"},"flowProperty":{"@type":"FlowProperty","@id":"93a60a56-a3c8-11da-a746-0800200b9a66","name":"Mass"},"@id":"44c01474-6c1e-3349-9c2f-433078b987bd"},{"@type":"Exchange","avoidedProduct":false,"input":false,"amount":2.8661E-9,"flow":{"@type":"Flow","@id":"f3ecfc81-3d4c-3f02-ba6e-eead8c1aa3c7","name":"Methane, bromo-, Halon 1001","flowType":"ELEMENTARY_FLOW"},"unit":{"@type":"Unit","@id":"20aadc24-a391-41cf-b340-3e4529f44bde","name":"kg"},"flowProperty":{"@type":"FlowProperty","@id":"93a60a56-a3c8-11da-a746-0800200b9a66","name":"Mass"},"@id":"c5470f10-7c15-34b3-a6e7-58c504275ca7"},{"@type":"Exchange","avoidedProduct":false,"input":false,"amount":7.5914E-8,"flow":{"@type":"Flow","@id":"a1901307-75ac-3691-987d-7e2e9ff4ede8","name":"Toluene","flowType":"ELEMENTARY_FLOW"},"unit":{"@type":"Unit","@id":"20aadc24-a391-41cf-b340-3e4529f44bde","name":"kg"},"flowProperty":{"@type":"FlowProperty","@id":"93a60a56-a3c8-11da-a746-0800200b9a66","name":"Mass"},"@id":"a1300f20-a1da-3326-8f38-bd11b42ff2bc"},{"@type":"Exchange","avoidedProduct":false,"input":false,"amount":1.2319E-9,"flow":{"@type":"Flow","@id":"218578bc-756c-3b08-a962-4e94034e2b70","name":"Naphthalene, 2-methyl-","flowType":"ELEMENTARY_FLOW"},"unit":{"@type":"Unit","@id":"20aadc24-a391-41cf-b340-3e4529f44bde","name":"kg"},"flowProperty":{"@type":"FlowProperty","@id":"93a60a56-a3c8-11da-a746-0800200b9a66","name":"Mass"},"@id":"c1997945-333f-31b8-9b86-dcc97157b7ee"},{"@type":"Exchange","avoidedProduct":false,"input":false,"amount":5.6278E-8,"flow":{"@type":"Flow","@id":"5fd898af-49e1-3250-9045-61ee32ba4f1c","name":"Methane, dichloro-, HCC-30","flowType":"ELEMENTARY_FLOW"},"unit":{"@type":"Unit","@id":"20aadc24-a391-41cf-b340-3e4529f44bde","name":"kg"},"flowProperty":{"@type":"FlowProperty","@id":"93a60a56-a3c8-11da-a746-0800200b9a66","name":"Mass"},"@id":"e00ca5ad-0b8b-33f7-b904-ff51901c0fe4"},{"@type":"Exchange","avoidedProduct":false,"input":false,"amount":6.3963E-11,"flow":{"@type":"Flow","@id":"c83f4c91-8cfc-3d72-a5f5-ee4e6d331d8d","name":"Phenanthrene","flowType":"ELEMENTARY_FLOW"},"unit":{"@type":"Unit","@id":"20aadc24-a391-41cf-b340-3e4529f44bde","name":"kg"},"flowProperty":{"@type":"FlowProperty","@id":"93a60a56-a3c8-11da-a746-0800200b9a66","name":"Mass"},"@id":"c8979c5f-3de5-360e-87e3-1c5b48ee08fb"},{"@type":"Exchange","avoidedProduct":false,"input":false,"amount":9.6117E-10,"flow":{"@type":"Flow","@id":"6340ccf7-7bd6-3df4-bce8-4e3abd6eec19","name":"Biphenyl","flowType":"ELEMENTARY_FLOW"},"unit":{"@type":"Unit","@id":"20aadc24-a391-41cf-b340-3e4529f44bde","name":"kg"},"flowProperty":{"@type":"FlowProperty","@id":"93a60a56-a3c8-11da-a746-0800200b9a66","name":"Mass"},"@id":"07fa61b1-347c-3a16-97a3-445bce45a721"},{"@type":"Exchange","avoidedProduct":false,"input":false,"amount":1.7664E-9,"flow":{"@type":"Flow","@id":"f6fbb3f9-ee39-3d9d-b874-20841ac7d55f","name":"Cobalt","flowType":"ELEMENTARY_FLOW"},"unit":{"@type":"Unit","@id":"20aadc24-a391-41cf-b340-3e4529f44bde","name":"kg"},"flowProperty":{"@type":"FlowProperty","@id":"93a60a56-a3c8-11da-a746-0800200b9a66","name":"Mass"},"@id":"a20dec08-62ba-325c-b7f8-51a832e75250"},{"@type":"Exchange","avoidedProduct":false,"input":false,"amount":4.4783E-8,"flow":{"@type":"Flow","@id":"1b13284e-474c-3968-8273-11c0f2918243","name":"Cyanide","flowType":"ELEMENTARY_FLOW"},"unit":{"@type":"Unit","@id":"20aadc24-a391-41cf-b340-3e4529f44bde","name":"kg"},"flowProperty":{"@type":"FlowProperty","@id":"93a60a56-a3c8-11da-a746-0800200b9a66","name":"Mass"},"@id":"b6fd11c1-763f-3690-bed6-de4fb57de2e8"},{"@type":"Exchange","avoidedProduct":false,"input":false,"amount":1.2057E-9,"flow":{"@type":"Flow","@id":"c9771a31-6e96-3956-8639-85e76ee1f075","name":"Eicosane","flowType":"ELEMENTARY_FLOW"},"unit":{"@type":"Unit","@id":"20aadc24-a391-41cf-b340-3e4529f44bde","name":"kg"},"flowProperty":{"@type":"FlowProperty","@id":"93a60a56-a3c8-11da-a746-0800200b9a66","name":"Mass"},"@id":"710046d7-dd40-37c0-97c4-a5fddcd94154"},{"@type":"Exchange","avoidedProduct":false,"input":false,"amount":1.7868E-7,"flow":{"@type":"Flow","@id":"33f4a26e-9b49-3487-a296-b32ebb25be8f","name":"Nickel","flowType":"ELEMENTARY_FLOW"},"unit":{"@type":"Unit","@id":"20aadc24-a391-41cf-b340-3e4529f44bde","name":"kg"},"flowProperty":{"@type":"FlowProperty","@id":"93a60a56-a3c8-11da-a746-0800200b9a66","name":"Mass"},"@id":"da759468-4099-31dc-a266-cfd6aed07298"},{"@type":"Exchange","avoidedProduct":false,"input":true,"amount":0.11786,"flow":{"@type":"Flow","@id":"63879c83-7f9b-3aa5-a79d-53dc50fa5729","name":"CUTOFF Disposal, solid waste, fuel, to municipal incineration","flowType":"PRODUCT_FLOW"},"unit":{"@type":"Unit","@id":"20aadc24-a391-41cf-b340-3e4529f44bde","name":"kg"},"flowProperty":{"@type":"FlowProperty","@id":"93a60a56-a3c8-11da-a746-0800200b9a66","name":"Mass"},"@id":"775c71f0-0282-3f4e-99f9-476ffc9aa8cf"},{"@type":"Exchange","avoidedProduct":false,"input":false,"amount":2.1543E-8,"flow":{"@type":"Flow","@id":"b71e3860-8ef4-31e4-9302-ceac32d0ff78","name":"Phenols, unspecified","flowType":"ELEMENTARY_FLOW"},"unit":{"@type":"Unit","@id":"20aadc24-a391-41cf-b340-3e4529f44bde","name":"kg"},"flowProperty":{"@type":"FlowProperty","@id":"93a60a56-a3c8-11da-a746-0800200b9a66","name":"Mass"},"@id":"987514cd-5e2d-3f53-80f1-41f3d67d965f"},{"@type":"Exchange","avoidedProduct":false,"input":false,"amount":2.2019E-10,"flow":{"@type":"Flow","@id":"28ed9d12-e522-3bfb-b74b-f5d68aa23254","name":"4-Methyl-2-pentanone","flowType":"ELEMENTARY_FLOW"},"unit":{"@type":"Unit","@id":"20aadc24-a391-41cf-b340-3e4529f44bde","name":"kg"},"flowProperty":{"@type":"FlowProperty","@id":"93a60a56-a3c8-11da-a746-0800200b9a66","name":"Mass"},"@id":"735125d7-3103-3ea6-b997-263fc0da731a"},{"@type":"Exchange","avoidedProduct":false,"input":false,"amount":8.5984E-10,"flow":{"@type":"Flow","@id":"66fa7698-562c-3444-b493-058c71d92a79","name":"Sulfuric acid, dimethyl ester","flowType":"ELEMENTARY_FLOW"},"unit":{"@type":"Unit","@id":"20aadc24-a391-41cf-b340-3e4529f44bde","name":"kg"},"flowProperty":{"@type":"FlowProperty","@id":"93a60a56-a3c8-11da-a746-0800200b9a66","name":"Mass"},"@id":"6d9685a7-714c-3e79-8ff9-ea64b23291e0"},{"@type":"Exchange","avoidedProduct":false,"input":true,"amount":0.29841,"description":"This flow represents the amount of natural gas that is used for fuel.  The energy content of the natural gas used for fuel is 36.7 MJ per m3.","flow":{"@type":"Flow","@id":"e7446857-a38a-3f26-a42b-0a8053a9a2ad","name":"Gas, natural, in ground ","flowType":"ELEMENTARY_FLOW"},"unit":{"@type":"Unit","@id":"1c3a9695-398d-4b1f-b07e-a8715b610f70","name":"m3"},"flowProperty":{"@type":"FlowProperty","@id":"93a60a56-a3c8-22da-a746-0800200c9a66","name":"Volume"},"@id":"ac971e3b-cb55-3db8-a858-f7358b319053"},{"@type":"Exchange","avoidedProduct":false,"input":false,"amount":1.7207E-8,"flow":{"@type":"Flow","@id":"ffe55999-19d9-3ac1-b89e-97076f36c437","name":"Arsenic, ion","flowType":"ELEMENTARY_FLOW"},"unit":{"@type":"Unit","@id":"20aadc24-a391-41cf-b340-3e4529f44bde","name":"kg"},"flowProperty":{"@type":"FlowProperty","@id":"93a60a56-a3c8-11da-a746-0800200b9a66","name":"Mass"},"@id":"e4a1aaa2-cf0f-3180-9a92-81d0da1a622d"},{"@type":"Exchange","avoidedProduct":false,"input":false,"amount":1.9428E-7,"flow":{"@type":"Flow","@id":"609069a0-462c-3a2e-b0a1-8f22cf9585d1","name":"Ammonia ","flowType":"ELEMENTARY_FLOW"},"unit":{"@type":"Unit","@id":"20aadc24-a391-41cf-b340-3e4529f44bde","name":"kg"},"flowProperty":{"@type":"FlowProperty","@id":"93a60a56-a3c8-11da-a746-0800200b9a66","name":"Mass"},"@id":"45c7f41d-a54a-3ec3-9191-85706d5b8b62"},{"@type":"Exchange","avoidedProduct":false,"input":false,"amount":4.4152E-4,"flow":{"@type":"Flow","@id":"8f6e6949-f569-3d05-abe1-de3608895d47","name":"Carbon monoxide, fossil ","flowType":"ELEMENTARY_FLOW"},"unit":{"@type":"Unit","@id":"20aadc24-a391-41cf-b340-3e4529f44bde","name":"kg"},"flowProperty":{"@type":"FlowProperty","@id":"93a60a56-a3c8-11da-a746-0800200b9a66","name":"Mass"},"@id":"475c6ee2-9a26-3292-b103-1a1aa9fd1e3b"},{"@type":"Exchange","avoidedProduct":false,"input":false,"amount":4.1994E-12,"flow":{"@type":"Flow","@id":"86fb4f76-4ecc-3529-8eb0-b34b3fccd10b","name":"Methyl ethyl ketone","flowType":"ELEMENTARY_FLOW"},"unit":{"@type":"Unit","@id":"20aadc24-a391-41cf-b340-3e4529f44bde","name":"kg"},"flowProperty":{"@type":"FlowProperty","@id":"93a60a56-a3c8-11da-a746-0800200b9a66","name":"Mass"},"@id":"333e42d0-3c23-3669-a727-3ca788580333"},{"@type":"Exchange","avoidedProduct":false,"input":false,"amount":9.4941E-9,"flow":{"@type":"Flow","@id":"7300c2bc-0200-3a7a-9aea-3371fd29fdf6","name":"Methane, monochloro-, R-40","flowType":"ELEMENTARY_FLOW"},"unit":{"@type":"Unit","@id":"20aadc24-a391-41cf-b340-3e4529f44bde","name":"kg"},"flowProperty":{"@type":"FlowProperty","@id":"93a60a56-a3c8-11da-a746-0800200b9a66","name":"Mass"},"@id":"e7d91352-2b45-38cd-be83-08c06ef18956"},{"@type":"Exchange","avoidedProduct":false,"input":false,"amount":1.3224E-9,"flow":{"@type":"Flow","@id":"2ceaf954-3f37-390d-a1df-b705f837158f","name":"Organic acids","flowType":"ELEMENTARY_FLOW"},"unit":{"@type":"Unit","@id":"20aadc24-a391-41cf-b340-3e4529f44bde","name":"kg"},"flowProperty":{"@type":"FlowProperty","@id":"93a60a56-a3c8-11da-a746-0800200b9a66","name":"Mass"},"@id":"259e0567-9a5d-3c2e-ad33-607ddd74d207"},{"@type":"Exchange","avoidedProduct":false,"input":false,"amount":8.0896E-8,"flow":{"@type":"Flow","@id":"e1ab137f-2d17-3328-aedb-a67b98a11056","name":"Benzoic acid","flowType":"ELEMENTARY_FLOW"},"unit":{"@type":"Unit","@id":"20aadc24-a391-41cf-b340-3e4529f44bde","name":"kg"},"flowProperty":{"@type":"FlowProperty","@id":"93a60a56-a3c8-11da-a746-0800200b9a66","name":"Mass"},"@id":"a44f51b5-6de9-358b-b7b9-4e276193e72e"},{"@type":"Exchange","avoidedProduct":false,"input":true,"amount":0.026597,"flow":{"@type":"Flow","@id":"557b78a7-942c-31de-8200-ffee9871920e","name":"Coal, lignite, in ground","flowType":"ELEMENTARY_FLOW"},"unit":{"@type":"Unit","@id":"20aadc24-a391-41cf-b340-3e4529f44bde","name":"kg"},"flowProperty":{"@type":"FlowProperty","@id":"93a60a56-a3c8-11da-a746-0800200b9a66","name":"Mass"},"@id":"f9d236de-0837-3d35-be4c-d717b3c63ebd"},{"@type":"Exchange","avoidedProduct":false,"input":false,"amount":1.4746E-17,"flow":{"@type":"Flow","@id":"f192132f-6e86-34c8-a8cf-13ee333a5e01","name":"Radium-228/kg","flowType":"ELEMENTARY_FLOW"},"unit":{"@type":"Unit","@id":"20aadc24-a391-41cf-b340-3e4529f44bde","name":"kg"},"flowProperty":{"@type":"FlowProperty","@id":"93a60a56-a3c8-11da-a746-0800200b9a66","name":"Mass"},"@id":"9caff9e1-05b4-3262-8742-a14e73aa2f29"},{"@type":"Exchange","avoidedProduct":false,"input":false,"amount":1.3614E-10,"flow":{"@type":"Flow","@id":"5ca5b9b8-5c4f-3596-9bab-6cc9e3c6cf1a","name":"Vinyl acetate","flowType":"ELEMENTARY_FLOW"},"unit":{"@type":"Unit","@id":"20aadc24-a391-41cf-b340-3e4529f44bde","name":"kg"},"flowProperty":{"@type":"FlowProperty","@id":"93a60a56-a3c8-11da-a746-0800200b9a66","name":"Mass"},"@id":"e46be640-92c2-39be-946b-9fad3843d323"},{"@type":"Exchange","avoidedProduct":false,"input":true,"amount":0.0024508,"flow":{"@type":"Flow","@id":"b35ecc2a-e40e-32bb-b5a0-5510499d96e2","name":"CUTOFF Disposal, solid waste, process, to sanitary landfill","flowType":"PRODUCT_FLOW"},"unit":{"@type":"Unit","@id":"20aadc24-a391-41cf-b340-3e4529f44bde","name":"kg"},"flowProperty":{"@type":"FlowProperty","@id":"93a60a56-a3c8-11da-a746-0800200b9a66","name":"Mass"},"@id":"603ca7d2-6d2a-3b49-ab2c-f589deb88237"},{"@type":"Exchange","avoidedProduct":false,"input":false,"amount":1.9154E-7,"flow":{"@type":"Flow","@id":"608bad76-918a-3d91-8858-a3c7517deace","name":"Nitrogen, total","flowType":"ELEMENTARY_FLOW"},"unit":{"@type":"Unit","@id":"20aadc24-a391-41cf-b340-3e4529f44bde","name":"kg"},"flowProperty":{"@type":"FlowProperty","@id":"93a60a56-a3c8-11da-a746-0800200b9a66","name":"Mass"},"@id":"9df24125-7246-30ff-81d4-4a8719a68917"},{"@type":"Exchange","avoidedProduct":false,"input":false,"amount":3.5986E-7,"flow":{"@type":"Flow","@id":"bf17deab-b393-3853-9a6d-53e4dca6fc8f","name":"Ammonium chloride","flowType":"ELEMENTARY_FLOW"},"unit":{"@type":"Unit","@id":"20aadc24-a391-41cf-b340-3e4529f44bde","name":"kg"},"flowProperty":{"@type":"FlowProperty","@id":"93a60a56-a3c8-11da-a746-0800200b9a66","name":"Mass"},"@id":"69beb275-3a4c-3b35-9429-fa6fddf90430"},{"@type":"Exchange","avoidedProduct":false,"input":false,"amount":2.9727E-5,"flow":{"@type":"Flow","@id":"0ba9c977-5398-3e0f-b3c9-d922e39d7894","name":"Benzene","flowType":"ELEMENTARY_FLOW"},"unit":{"@type":"Unit","@id":"20aadc24-a391-41cf-b340-3e4529f44bde","name":"kg"},"flowProperty":{"@type":"FlowProperty","@id":"93a60a56-a3c8-11da-a746-0800200b9a66","name":"Mass"},"@id":"c39e931d-fb13-3608-84b3-73beffd68fda"},{"@type":"Exchange","avoidedProduct":false,"input":true,"amount":0.013678,"flow":{"@type":"Flow","@id":"0c044a43-62f0-3a5e-97c6-f6c667e94081","name":"Energy, geothermal","flowType":"ELEMENTARY_FLOW"},"unit":{"@type":"Unit","@id":"52765a6c-3896-43c2-b2f4-c679acf13efe","name":"MJ"},"flowProperty":{"@type":"FlowProperty","@id":"f6811440-ee37-11de-8a39-0800200c9a66","name":"Energy"},"@id":"82f339be-92d3-37d1-a140-ca5cc2e2c311"},{"@type":"Exchange","avoidedProduct":false,"input":false,"amount":4.3886E-9,"flow":{"@type":"Flow","@id":"e3b7cf63-388d-3647-8750-e5ce42f7b53d","name":"Dodecane","flowType":"ELEMENTARY_FLOW"},"unit":{"@type":"Unit","@id":"20aadc24-a391-41cf-b340-3e4529f44bde","name":"kg"},"flowProperty":{"@type":"FlowProperty","@id":"93a60a56-a3c8-11da-a746-0800200b9a66","name":"Mass"},"@id":"2fc0fac1-a18b-3537-8cec-b70c2cc3a79e"},{"@type":"Exchange","avoidedProduct":false,"input":false,"amount":8.918E-8,"flow":{"@type":"Flow","@id":"f4038835-9b3b-32bb-8d95-d1c10b474b08","name":"Ethane, 1,2-dichloro-1,1,2-trifluoro-, HCFC-123","flowType":"ELEMENTARY_FLOW"},"unit":{"@type":"Unit","@id":"20aadc24-a391-41cf-b340-3e4529f44bde","name":"kg"},"flowProperty":{"@type":"FlowProperty","@id":"93a60a56-a3c8-11da-a746-0800200b9a66","name":"Mass"},"@id":"1ef06df1-6457-36cb-abde-b0c678892c6c"},{"@type":"Exchange","avoidedProduct":false,"input":false,"amount":1.1893E-9,"flow":{"@type":"Flow","@id":"c744b4a6-728e-3e7d-b9df-106ecdf0b7aa","name":"Octadecane","flowType":"ELEMENTARY_FLOW"},"unit":{"@type":"Unit","@id":"20aadc24-a391-41cf-b340-3e4529f44bde","name":"kg"},"flowProperty":{"@type":"FlowProperty","@id":"93a60a56-a3c8-11da-a746-0800200b9a66","name":"Mass"},"@id":"ed633412-2cda-35c5-8fea-4fb120e86bc1"},{"@type":"Exchange","avoidedProduct":false,"input":false,"amount":2.7073E-9,"flow":{"@type":"Flow","@id":"c699151a-d569-3534-8ac8-36d6c0615820","name":"Antimony","flowType":"ELEMENTARY_FLOW"},"unit":{"@type":"Unit","@id":"20aadc24-a391-41cf-b340-3e4529f44bde","name":"kg"},"flowProperty":{"@type":"FlowProperty","@id":"93a60a56-a3c8-11da-a746-0800200b9a66","name":"Mass"},"@id":"d2e50e52-e31b-366a-8c4d-08548e45aee3"},{"@type":"Exchange","avoidedProduct":false,"input":false,"amount":2.3479E-9,"flow":{"@type":"Flow","@id":"d017a101-7440-3c63-836a-ee563a2a8a6b","name":"m-Xylene","flowType":"ELEMENTARY_FLOW"},"unit":{"@type":"Unit","@id":"20aadc24-a391-41cf-b340-3e4529f44bde","name":"kg"},"flowProperty":{"@type":"FlowProperty","@id":"93a60a56-a3c8-11da-a746-0800200b9a66","name":"Mass"},"@id":"c6ece62a-b78c-3052-b255-9868022e09af"},{"@type":"Exchange","avoidedProduct":false,"input":false,"amount":4.526E-4,"flow":{"@type":"Flow","@id":"93ebc557-2901-3beb-9d3a-e57f66ec252b","name":"Sodium, ion","flowType":"ELEMENTARY_FLOW"},"unit":{"@type":"Unit","@id":"20aadc24-a391-41cf-b340-3e4529f44bde","name":"kg"},"flowProperty":{"@type":"FlowProperty","@id":"93a60a56-a3c8-11da-a746-0800200b9a66","name":"Mass"},"@id":"581865eb-2834-3075-b1bb-9358b9451ef8"},{"@type":"Exchange","avoidedProduct":false,"input":false,"amount":1.4048E-9,"flow":{"@type":"Flow","@id":"581e3536-c3b3-3ef9-881b-3004509ec4b5","name":"Polycyclic organic matter, unspecified","flowType":"ELEMENTARY_FLOW"},"unit":{"@type":"Unit","@id":"20aadc24-a391-41cf-b340-3e4529f44bde","name":"kg"},"flowProperty":{"@type":"FlowProperty","@id":"93a60a56-a3c8-11da-a746-0800200b9a66","name":"Mass"},"@id":"7fbc8e9b-c936-30a8-b042-d034b4fafeae"},{"@type":"Exchange","avoidedProduct":false,"input":false,"amount":0.001988,"flow":{"@type":"Flow","@id":"2b12e42f-cfca-3dc8-97cf-abe04f8dc67b","name":"Chloride","flowType":"ELEMENTARY_FLOW"},"unit":{"@type":"Unit","@id":"20aadc24-a391-41cf-b340-3e4529f44bde","name":"kg"},"flowProperty":{"@type":"FlowProperty","@id":"93a60a56-a3c8-11da-a746-0800200b9a66","name":"Mass"},"@id":"b539e950-135e-304a-a482-cfb52f3fa0fa"},{"@type":"Exchange","avoidedProduct":false,"input":false,"amount":1.6753E-8,"flow":{"@type":"Flow","@id":"ed985804-e100-3e5a-9e97-8ce924124936","name":"Hexanoic acid","flowType":"ELEMENTARY_FLOW"},"unit":{"@type":"Unit","@id":"20aadc24-a391-41cf-b340-3e4529f44bde","name":"kg"},"flowProperty":{"@type":"FlowProperty","@id":"93a60a56-a3c8-11da-a746-0800200b9a66","name":"Mass"},"@id":"ec0146e6-ecd8-363f-be34-fd2a00b7f69c"},{"@type":"Exchange","avoidedProduct":false,"input":false,"amount":9.6378E-6,"flow":{"@type":"Flow","@id":"444176fb-329e-3745-91e5-e2aefd718b28","name":"Radionuclides (Including Radon)","flowType":"ELEMENTARY_FLOW"},"unit":{"@type":"Unit","@id":"20aadc24-a391-41cf-b340-3e4529f44bde","name":"kg"},"flowProperty":{"@type":"FlowProperty","@id":"93a60a56-a3c8-11da-a746-0800200b9a66","name":"Mass"},"@id":"4068abc0-3ffe-3b1c-8941-2bce91c9424c"},{"@type":"Exchange","avoidedProduct":false,"input":false,"amount":7.3463E-8,"flow":{"@type":"Flow","@id":"ab16a3a2-869f-36ed-9233-5302d79cf1f9","name":"Copper, ion","flowType":"ELEMENTARY_FLOW"},"unit":{"@type":"Unit","@id":"20aadc24-a391-41cf-b340-3e4529f44bde","name":"kg"},"flowProperty":{"@type":"FlowProperty","@id":"93a60a56-a3c8-11da-a746-0800200b9a66","name":"Mass"},"@id":"d037c3a9-6dfd-3b29-942a-3ebdb2897c63"},{"@type":"Exchange","avoidedProduct":false,"input":false,"amount":6.2697E-10,"flow":{"@type":"Flow","@id":"77f38705-115b-3ce6-a7fa-30858a13859a","name":"t-Butyl methyl ether","flowType":"ELEMENTARY_FLOW"},"unit":{"@type":"Unit","@id":"20aadc24-a391-41cf-b340-3e4529f44bde","name":"kg"},"flowProperty":{"@type":"FlowProperty","@id":"93a60a56-a3c8-11da-a746-0800200b9a66","name":"Mass"},"@id":"ac97837e-8138-339a-80bd-326848e09cb8"},{"@type":"Exchange","avoidedProduct":false,"input":false,"amount":4.3419E-5,"flow":{"@type":"Flow","@id":"73d49c21-3419-3a99-98de-75152649f291","name":"Toluene","flowType":"ELEMENTARY_FLOW"},"unit":{"@type":"Unit","@id":"20aadc24-a391-41cf-b340-3e4529f44bde","name":"kg"},"flowProperty":{"@type":"FlowProperty","@id":"93a60a56-a3c8-11da-a746-0800200b9a66","name":"Mass"},"@id":"d3742753-fc50-3db1-806c-88f0221fea4a"},{"@type":"Exchange","avoidedProduct":false,"input":false,"amount":1.8144E-8,"flow":{"@type":"Flow","@id":"2d9b2782-3264-37bc-91c3-5d6de543512f","name":"Tin","flowType":"ELEMENTARY_FLOW"},"unit":{"@type":"Unit","@id":"20aadc24-a391-41cf-b340-3e4529f44bde","name":"kg"},"flowProperty":{"@type":"FlowProperty","@id":"93a60a56-a3c8-11da-a746-0800200b9a66","name":"Mass"},"@id":"247e068a-40ea-3094-b7a3-9a43664974f9"},{"@type":"Exchange","avoidedProduct":false,"input":false,"amount":8.2316E-8,"flow":{"@type":"Flow","@id":"62d93580-597b-306f-b17b-15c7bfb5747a","name":"Benzene","flowType":"ELEMENTARY_FLOW"},"unit":{"@type":"Unit","@id":"20aadc24-a391-41cf-b340-3e4529f44bde","name":"kg"},"flowProperty":{"@type":"FlowProperty","@id":"93a60a56-a3c8-11da-a746-0800200b9a66","name":"Mass"},"@id":"ffe7552b-a3d9-3116-887a-35c11f9cb30e"},{"@type":"Exchange","avoidedProduct":false,"input":false,"amount":2.5086E-10,"flow":{"@type":"Flow","@id":"8f9e856a-1968-3399-bbe6-935da3e1cb64","name":"Biphenyl","flowType":"ELEMENTARY_FLOW"},"unit":{"@type":"Unit","@id":"20aadc24-a391-41cf-b340-3e4529f44bde","name":"kg"},"flowProperty":{"@type":"FlowProperty","@id":"93a60a56-a3c8-11da-a746-0800200b9a66","name":"Mass"},"@id":"a7919261-2810-3328-8514-c8d5af0429ed"},{"@type":"Exchange","avoidedProduct":false,"input":false,"amount":4.9933E-4,"flow":{"@type":"Flow","@id":"b641465b-5594-34f2-a9f8-72ceb302de17","name":"Particulates, unspecified","flowType":"ELEMENTARY_FLOW"},"unit":{"@type":"Unit","@id":"20aadc24-a391-41cf-b340-3e4529f44bde","name":"kg"},"flowProperty":{"@type":"FlowProperty","@id":"93a60a56-a3c8-11da-a746-0800200b9a66","name":"Mass"},"@id":"df14c726-6766-354f-a1ef-f53a01aabccf"},{"@type":"Exchange","avoidedProduct":false,"input":false,"amount":5.5187E-10,"flow":{"@type":"Flow","@id":"66a50de2-82d3-3841-b595-02311544b582","name":"Methane, chlorotrifluoro-, CFC-13","flowType":"ELEMENTARY_FLOW"},"unit":{"@type":"Unit","@id":"20aadc24-a391-41cf-b340-3e4529f44bde","name":"kg"},"flowProperty":{"@type":"FlowProperty","@id":"93a60a56-a3c8-11da-a746-0800200b9a66","name":"Mass"},"@id":"c6cfc86e-6a1a-3207-9974-1b8e6f354531"},{"@type":"Exchange","avoidedProduct":false,"input":false,"amount":7.6941E-8,"flow":{"@type":"Flow","@id":"7052b271-cf8a-31bd-9d02-c15b03ed2346","name":"Ammonium, ion","flowType":"ELEMENTARY_FLOW"},"unit":{"@type":"Unit","@id":"20aadc24-a391-41cf-b340-3e4529f44bde","name":"kg"},"flowProperty":{"@type":"FlowProperty","@id":"93a60a56-a3c8-11da-a746-0800200b9a66","name":"Mass"},"@id":"bf39bc6a-5a61-3ca6-98c5-75ea0c9ea9e5"},{"@type":"Exchange","avoidedProduct":false,"input":false,"amount":3.6156E-8,"flow":{"@type":"Flow","@id":"1a1e28d7-6444-30e8-b792-e1e23089c058","name":"Mercury","flowType":"ELEMENTARY_FLOW"},"unit":{"@type":"Unit","@id":"20aadc24-a391-41cf-b340-3e4529f44bde","name":"kg"},"flowProperty":{"@type":"FlowProperty","@id":"93a60a56-a3c8-11da-a746-0800200b9a66","name":"Mass"},"@id":"65ec9d9e-f75e-36cf-a749-c29c3d3d25dc"},{"@type":"Exchange","avoidedProduct":false,"input":false,"amount":3.6983E-9,"flow":{"@type":"Flow","@id":"ed6487a9-6261-36ce-88f3-f4216e8428a1","name":"Beryllium","flowType":"ELEMENTARY_FLOW"},"unit":{"@type":"Unit","@id":"20aadc24-a391-41cf-b340-3e4529f44bde","name":"kg"},"flowProperty":{"@type":"FlowProperty","@id":"93a60a56-a3c8-11da-a746-0800200b9a66","name":"Mass"},"@id":"9dc7cd58-8731-3f49-9225-c69eca067849"},{"@type":"Exchange","avoidedProduct":false,"input":false,"amount":7.5256E-11,"flow":{"@type":"Flow","@id":"11bddf47-5536-35b4-a86e-d1b166631ae5","name":"Acenaphthene","flowType":"ELEMENTARY_FLOW"},"unit":{"@type":"Unit","@id":"20aadc24-a391-41cf-b340-3e4529f44bde","name":"kg"},"flowProperty":{"@type":"FlowProperty","@id":"93a60a56-a3c8-11da-a746-0800200b9a66","name":"Mass"},"@id":"18adc40e-2e99-3d1c-a592-8402f81be8d7"},{"@type":"Exchange","avoidedProduct":false,"input":false,"amount":1.592E-4,"flow":{"@type":"Flow","@id":"8f540c79-5d4c-3d31-82fd-42347bef721a","name":"Sulfate","flowType":"ELEMENTARY_FLOW"},"unit":{"@type":"Unit","@id":"20aadc24-a391-41cf-b340-3e4529f44bde","name":"kg"},"flowProperty":{"@type":"FlowProperty","@id":"93a60a56-a3c8-11da-a746-0800200b9a66","name":"Mass"},"@id":"1e8425a9-6d88-3306-888a-20ad486d1dbf"},{"@type":"Exchange","avoidedProduct":false,"input":false,"amount":9.7461E-5,"flow":{"@type":"Flow","@id":"df1d0d1c-64b4-3ca7-9edb-970676393c7f","name":"Barium","flowType":"ELEMENTARY_FLOW"},"unit":{"@type":"Unit","@id":"20aadc24-a391-41cf-b340-3e4529f44bde","name":"kg"},"flowProperty":{"@type":"FlowProperty","@id":"93a60a56-a3c8-11da-a746-0800200b9a66","name":"Mass"},"@id":"60a6b630-c07a-3b44-873b-c2da60cb3a6f"},{"@type":"Exchange","avoidedProduct":false,"input":false,"amount":3.6031E-8,"flow":{"@type":"Flow","@id":"a0372906-7f36-3295-b092-ecef58b7d23f","name":"Surfactants, unspecified","flowType":"ELEMENTARY_FLOW"},"unit":{"@type":"Unit","@id":"20aadc24-a391-41cf-b340-3e4529f44bde","name":"kg"},"flowProperty":{"@type":"FlowProperty","@id":"93a60a56-a3c8-11da-a746-0800200b9a66","name":"Mass"},"@id":"94f0ef33-d4f3-353c-8ce6-82b7c82aae28"},{"@type":"Exchange","avoidedProduct":false,"input":false,"amount":1.4757E-11,"flow":{"@type":"Flow","@id":"ae508680-8701-3491-84ba-ae2781e762e6","name":"Chrysene","flowType":"ELEMENTARY_FLOW"},"unit":{"@type":"Unit","@id":"20aadc24-a391-41cf-b340-3e4529f44bde","name":"kg"},"flowProperty":{"@type":"FlowProperty","@id":"93a60a56-a3c8-11da-a746-0800200b9a66","name":"Mass"},"@id":"56691118-d085-3707-a937-abd5de397e43"},{"@type":"Exchange","avoidedProduct":false,"input":false,"amount":1.0086E-10,"flow":{"@type":"Flow","@id":"08e63ddf-e187-31d8-8acd-47ba881b2812","name":"Phenanthrenes, alkylated, unspecified","flowType":"ELEMENTARY_FLOW"},"unit":{"@type":"Unit","@id":"20aadc24-a391-41cf-b340-3e4529f44bde","name":"kg"},"flowProperty":{"@type":"FlowProperty","@id":"93a60a56-a3c8-11da-a746-0800200b9a66","name":"Mass"},"@id":"62c15639-f3c8-3265-808f-446dd9810357"},{"@type":"Exchange","avoidedProduct":false,"input":false,"amount":3.137E-4,"flow":{"@type":"Flow","@id":"80c9c183-6e8e-3cba-a608-1d70820c3ce9","name":"Carbon monoxide","flowType":"ELEMENTARY_FLOW"},"unit":{"@type":"Unit","@id":"20aadc24-a391-41cf-b340-3e4529f44bde","name":"kg"},"flowProperty":{"@type":"FlowProperty","@id":"93a60a56-a3c8-11da-a746-0800200b9a66","name":"Mass"},"@id":"ab8d2a07-2542-3b4e-85cb-443a6818342a"},{"@type":"Exchange","avoidedProduct":false,"input":false,"amount":3.2464E-12,"flow":{"@type":"Flow","@id":"85d76322-ac52-3492-b6b3-01444c0e996b","name":"5-methyl Chrysene","flowType":"ELEMENTARY_FLOW"},"unit":{"@type":"Unit","@id":"20aadc24-a391-41cf-b340-3e4529f44bde","name":"kg"},"flowProperty":{"@type":"FlowProperty","@id":"93a60a56-a3c8-11da-a746-0800200b9a66","name":"Mass"},"@id":"27c1f960-acc5-3f3b-9391-513a9553064e"},{"@type":"Exchange","avoidedProduct":false,"input":false,"amount":2.1324E-5,"flow":{"@type":"Flow","@id":"355d165a-8be8-3b91-be79-89f5aaa52408","name":"Hydrogen fluoride","flowType":"ELEMENTARY_FLOW"},"unit":{"@type":"Unit","@id":"20aadc24-a391-41cf-b340-3e4529f44bde","name":"kg"},"flowProperty":{"@type":"FlowProperty","@id":"93a60a56-a3c8-11da-a746-0800200b9a66","name":"Mass"},"@id":"85659d39-deaa-362d-b71d-3aada6525711"},{"@type":"Exchange","avoidedProduct":false,"input":false,"amount":4.0203E-10,"flow":{"@type":"Flow","@id":"fcad40b6-e7f5-392d-add7-e05e4c05a60a","name":"Fluorene","flowType":"ELEMENTARY_FLOW"},"unit":{"@type":"Unit","@id":"20aadc24-a391-41cf-b340-3e4529f44bde","name":"kg"},"flowProperty":{"@type":"FlowProperty","@id":"93a60a56-a3c8-11da-a746-0800200b9a66","name":"Mass"},"@id":"89177272-b73f-3f38-b0a7-e5ee041ceea2"},{"@type":"Exchange","avoidedProduct":false,"input":true,"amount":0.02643,"description":"This flow represents the amount of crude oil that is used for fuel.  The energy content of the crude oil used for fuel is 43.7 MJ per kg.","flow":{"@type":"Flow","@id":"cbd20be2-9634-3ace-905e-3157601b959b","name":"Oil, crude, in ground ","flowType":"ELEMENTARY_FLOW"},"unit":{"@type":"Unit","@id":"20aadc24-a391-41cf-b340-3e4529f44bde","name":"kg"},"flowProperty":{"@type":"FlowProperty","@id":"93a60a56-a3c8-11da-a746-0800200b9a66","name":"Mass"},"@id":"4bb2db04-3222-372d-b273-34a4b0db8e51"},{"@type":"Exchange","avoidedProduct":false,"input":false,"amount":1.9597E-7,"flow":{"@type":"Flow","@id":"c1683bc0-0bb2-3012-b0d4-628ca7b440d7","name":"Selenium","flowType":"ELEMENTARY_FLOW"},"unit":{"@type":"Unit","@id":"20aadc24-a391-41cf-b340-3e4529f44bde","name":"kg"},"flowProperty":{"@type":"FlowProperty","@id":"93a60a56-a3c8-11da-a746-0800200b9a66","name":"Mass"},"@id":"5b1b7822-732c-3ff8-9d02-0eebd08d7189"},{"@type":"Exchange","avoidedProduct":false,"input":true,"amount":0.001372,"flow":{"@type":"Flow","@id":"6edd015a-523c-348b-b133-98ac73e73371","name":"CUTOFF Disposal, solid waste,process, to municipal incineration","flowType":"PRODUCT_FLOW"},"unit":{"@type":"Unit","@id":"20aadc24-a391-41cf-b340-3e4529f44bde","name":"kg"},"flowProperty":{"@type":"FlowProperty","@id":"93a60a56-a3c8-11da-a746-0800200b9a66","name":"Mass"},"@id":"95e65312-917c-302f-8e90-cef7eaa73319"},{"@type":"Exchange","avoidedProduct":false,"input":false,"amount":1.5946E-4,"flow":{"@type":"Flow","@id":"0baf0278-2f1b-369a-9a1a-839ef6ec6a22","name":"Calcium, ion","flowType":"ELEMENTARY_FLOW"},"unit":{"@type":"Unit","@id":"20aadc24-a391-41cf-b340-3e4529f44bde","name":"kg"},"flowProperty":{"@type":"FlowProperty","@id":"93a60a56-a3c8-11da-a746-0800200b9a66","name":"Mass"},"@id":"8973f09b-54a2-3447-aaea-733092c55d68"},{"@type":"Exchange","avoidedProduct":false,"input":false,"amount":2.7318E-4,"flow":{"@type":"Flow","@id":"16a0fc94-eaec-315c-9f2f-328d8833dcad","name":"BOD5, Biological Oxygen Demand","flowType":"ELEMENTARY_FLOW"},"unit":{"@type":"Unit","@id":"20aadc24-a391-41cf-b340-3e4529f44bde","name":"kg"},"flowProperty":{"@type":"FlowProperty","@id":"93a60a56-a3c8-11da-a746-0800200b9a66","name":"Mass"},"@id":"1ba5f73f-31e4-3359-9c85-ad19f189f040"},{"@type":"Exchange","avoidedProduct":false,"input":false,"amount":6.9862E-9,"flow":{"@type":"Flow","@id":"02519f4d-6743-3cdb-bc0e-4655d0841a8e","name":"Methyl ethyl ketone","flowType":"ELEMENTARY_FLOW"},"unit":{"@type":"Unit","@id":"20aadc24-a391-41cf-b340-3e4529f44bde","name":"kg"},"flowProperty":{"@type":"FlowProperty","@id":"93a60a56-a3c8-11da-a746-0800200b9a66","name":"Mass"},"@id":"45876c92-3bcf-3be9-b181-1b11bc5a6dd2"},{"@type":"Exchange","avoidedProduct":false,"input":false,"amount":8.6029E-10,"flow":{"@type":"Flow","@id":"382c434b-4131-3cb7-8c90-c3afc262ac23","name":"Fluorenes, alkylated, unspecified","flowType":"ELEMENTARY_FLOW"},"unit":{"@type":"Unit","@id":"20aadc24-a391-41cf-b340-3e4529f44bde","name":"kg"},"flowProperty":{"@type":"FlowProperty","@id":"93a60a56-a3c8-11da-a746-0800200b9a66","name":"Mass"},"@id":"ed69a843-d358-309b-ba78-5ffd3a215915"},{"@type":"Exchange","avoidedProduct":false,"input":false,"amount":1.8763E-8,"flow":{"@type":"Flow","@id":"c83d2d24-3e15-38d0-9f2b-9dec15356bb6","name":"Nickel","flowType":"ELEMENTARY_FLOW"},"unit":{"@type":"Unit","@id":"20aadc24-a391-41cf-b340-3e4529f44bde","name":"kg"},"flowProperty":{"@type":"FlowProperty","@id":"93a60a56-a3c8-11da-a746-0800200b9a66","name":"Mass"},"@id":"f7daec5b-2c83-34ea-8926-a477414902b9"},{"@type":"Exchange","avoidedProduct":false,"input":false,"amount":5.5388E-7,"flow":{"@type":"Flow","@id":"428037ab-78b5-389e-acb6-fb8b0c1c2bc8","name":"Formaldehyde","flowType":"ELEMENTARY_FLOW"},"unit":{"@type":"Unit","@id":"20aadc24-a391-41cf-b340-3e4529f44bde","name":"kg"},"flowProperty":{"@type":"FlowProperty","@id":"93a60a56-a3c8-11da-a746-0800200b9a66","name":"Mass"},"@id":"7b77bdab-aff2-378a-931b-79c59f5b0ec4"},{"@type":"Exchange","avoidedProduct":false,"input":false,"amount":2.4944E-6,"flow":{"@type":"Flow","@id":"e365a57e-7d05-3a70-ae11-a1526339b813","name":"Manganese","flowType":"ELEMENTARY_FLOW"},"unit":{"@type":"Unit","@id":"20aadc24-a391-41cf-b340-3e4529f44bde","name":"kg"},"flowProperty":{"@type":"FlowProperty","@id":"93a60a56-a3c8-11da-a746-0800200b9a66","name":"Mass"},"@id":"3c55d0a3-5bc3-355d-95e9-62c66df51f2b"},{"@type":"Exchange","avoidedProduct":false,"input":true,"amount":0.25992,"flow":{"@type":"Flow","@id":"041533cf-558b-3e44-a98c-76b1f67a5338","name":"Energy, from hydro power","flowType":"ELEMENTARY_FLOW"},"unit":{"@type":"Unit","@id":"52765a6c-3896-43c2-b2f4-c679acf13efe","name":"MJ"},"flowProperty":{"@type":"FlowProperty","@id":"f6811440-ee37-11de-8a39-0800200c9a66","name":"Energy"},"@id":"c5c1ac2b-0eb1-3fc4-b79d-f6b57b140d10"},{"@type":"Exchange","avoidedProduct":false,"input":false,"amount":3.5827E-10,"flow":{"@type":"Flow","@id":"c4a5c5a9-81c3-3d8f-a63e-69bfbe857e66","name":"Ethane, 1,1,1-trichloro-, HCFC-140","flowType":"ELEMENTARY_FLOW"},"unit":{"@type":"Unit","@id":"20aadc24-a391-41cf-b340-3e4529f44bde","name":"kg"},"flowProperty":{"@type":"FlowProperty","@id":"93a60a56-a3c8-11da-a746-0800200b9a66","name":"Mass"},"@id":"25e1182d-8071-3ba6-9714-b11d672dc639"},{"@type":"Exchange","avoidedProduct":false,"input":false,"amount":1.7235E-7,"flow":{"@type":"Flow","@id":"49f1d021-a8ef-3b5f-9f5b-343133a9debe","name":"Kerosene","flowType":"ELEMENTARY_FLOW"},"unit":{"@type":"Unit","@id":"20aadc24-a391-41cf-b340-3e4529f44bde","name":"kg"},"flowProperty":{"@type":"FlowProperty","@id":"93a60a56-a3c8-11da-a746-0800200b9a66","name":"Mass"},"@id":"1b658445-9f08-3cb4-a307-0c30af721fb9"},{"@type":"Exchange","avoidedProduct":false,"input":false,"amount":1.0653E-11,"flow":{"@type":"Flow","@id":"48a50c28-900f-38e2-ad2d-de1589c5c0c6","name":"Dibenzothiophene","flowType":"ELEMENTARY_FLOW"},"unit":{"@type":"Unit","@id":"20aadc24-a391-41cf-b340-3e4529f44bde","name":"kg"},"flowProperty":{"@type":"FlowProperty","@id":"93a60a56-a3c8-11da-a746-0800200b9a66","name":"Mass"},"@id":"277ed613-50b4-36e0-afa7-39ea316a5cf4"},{"@type":"Exchange","avoidedProduct":false,"input":false,"amount":2.7469E-4,"flow":{"@type":"Flow","@id":"14dde4c7-2655-3a40-897a-1a8fa48c777a","name":"VOC, volatile organic compounds","flowType":"ELEMENTARY_FLOW"},"unit":{"@type":"Unit","@id":"20aadc24-a391-41cf-b340-3e4529f44bde","name":"kg"},"flowProperty":{"@type":"FlowProperty","@id":"93a60a56-a3c8-11da-a746-0800200b9a66","name":"Mass"},"@id":"573ffa91-6e94-3aa6-86af-66b32820e7ae"},{"@type":"Exchange","avoidedProduct":false,"input":false,"amount":2.9051E-10,"flow":{"@type":"Flow","@id":"18ee0424-b390-3af5-acf5-4e434e29cd88","name":"Butadiene","flowType":"ELEMENTARY_FLOW"},"unit":{"@type":"Unit","@id":"20aadc24-a391-41cf-b340-3e4529f44bde","name":"kg"},"flowProperty":{"@type":"FlowProperty","@id":"93a60a56-a3c8-11da-a746-0800200b9a66","name":"Mass"},"@id":"c15505f1-d619-3e54-9eb4-124d48a850d6"},{"@type":"Exchange","avoidedProduct":false,"input":false,"amount":9.0017E-12,"flow":{"@type":"Flow","@id":"ca32d24e-c8de-31ce-8eca-e34f3e77ddd8","name":"Indeno(1,2,3-cd)pyrene","flowType":"ELEMENTARY_FLOW"},"unit":{"@type":"Unit","@id":"20aadc24-a391-41cf-b340-3e4529f44bde","name":"kg"},"flowProperty":{"@type":"FlowProperty","@id":"93a60a56-a3c8-11da-a746-0800200b9a66","name":"Mass"},"@id":"5761e976-989f-330e-aedf-550863603ee0"},{"@type":"Exchange","avoidedProduct":false,"input":false,"amount":1.2514E-6,"flow":{"@type":"Flow","@id":"836ad619-f5d6-30d5-a7c3-5b7a798064f7","name":"Fluoride","flowType":"ELEMENTARY_FLOW"},"unit":{"@type":"Unit","@id":"20aadc24-a391-41cf-b340-3e4529f44bde","name":"kg"},"flowProperty":{"@type":"FlowProperty","@id":"93a60a56-a3c8-11da-a746-0800200b9a66","name":"Mass"},"@id":"50461b9b-ca1f-3504-b5ce-93e11ac5f9f6"},{"@type":"Exchange","avoidedProduct":false,"input":false,"amount":7.734E-8,"flow":{"@type":"Flow","@id":"cf073fce-ea44-3b44-a451-0ac2894f0bbf","name":"Manganese","flowType":"ELEMENTARY_FLOW"},"unit":{"@type":"Unit","@id":"20aadc24-a391-41cf-b340-3e4529f44bde","name":"kg"},"flowProperty":{"@type":"FlowProperty","@id":"93a60a56-a3c8-11da-a746-0800200b9a66","name":"Mass"},"@id":"a96bde57-c6f6-3afb-b1cc-81982f90fe04"},{"@type":"Exchange","avoidedProduct":false,"input":false,"amount":9.72E-5,"flow":{"@type":"Flow","@id":"8c943a85-1d5c-3a38-83d1-7b0b74999ff1","name":"TOC, Total Organic Carbon","flowType":"ELEMENTARY_FLOW"},"unit":{"@type":"Unit","@id":"20aadc24-a391-41cf-b340-3e4529f44bde","name":"kg"},"flowProperty":{"@type":"FlowProperty","@id":"93a60a56-a3c8-11da-a746-0800200b9a66","name":"Mass"},"@id":"66ce7225-a073-39d7-8b29-204081300f9e"},{"@type":"Exchange","avoidedProduct":false,"input":false,"amount":2.8827E-15,"flow":{"@type":"Flow","@id":"9f17e382-d373-35e5-8ca4-99fdad2f939a","name":"Radium-226/kg","flowType":"ELEMENTARY_FLOW"},"unit":{"@type":"Unit","@id":"20aadc24-a391-41cf-b340-3e4529f44bde","name":"kg"},"flowProperty":{"@type":"FlowProperty","@id":"93a60a56-a3c8-11da-a746-0800200b9a66","name":"Mass"},"@id":"ef91d2ac-8ebc-3857-9521-ca17f6910235"},{"@type":"Exchange","avoidedProduct":false,"input":false,"amount":5.213E-12,"flow":{"@type":"Flow","@id":"7bc52241-a3b4-319f-aac4-ab8b3182a44f","name":"Benzene, 1-methyl-4-(1-methylethyl)-","flowType":"ELEMENTARY_FLOW"},"unit":{"@type":"Unit","@id":"20aadc24-a391-41cf-b340-3e4529f44bde","name":"kg"},"flowProperty":{"@type":"FlowProperty","@id":"93a60a56-a3c8-11da-a746-0800200b9a66","name":"Mass"},"@id":"cb879716-4845-30f8-9b4a-44e621acceca"},{"@type":"Exchange","avoidedProduct":false,"input":false,"amount":3.6891E-11,"flow":{"@type":"Flow","@id":"c8c87e1c-9c4c-36d0-a982-bbf811ab988f","name":"Acenaphthylene","flowType":"ELEMENTARY_FLOW"},"unit":{"@type":"Unit","@id":"20aadc24-a391-41cf-b340-3e4529f44bde","name":"kg"},"flowProperty":{"@type":"FlowProperty","@id":"93a60a56-a3c8-11da-a746-0800200b9a66","name":"Mass"},"@id":"78362f19-c8ae-3952-b39a-a884c5189031"},{"@type":"Exchange","avoidedProduct":false,"input":false,"amount":1.9169E-8,"flow":{"@type":"Flow","@id":"52acd8aa-5e54-39d0-93de-56586dc830f2","name":"Propene","flowType":"ELEMENTARY_FLOW"},"unit":{"@type":"Unit","@id":"20aadc24-a391-41cf-b340-3e4529f44bde","name":"kg"},"flowProperty":{"@type":"FlowProperty","@id":"93a60a56-a3c8-11da-a746-0800200b9a66","name":"Mass"},"@id":"81fac7bb-899e-3622-9873-7eb2a2388cbd"},{"@type":"Exchange","avoidedProduct":false,"input":false,"amount":1.0477E-10,"flow":{"@type":"Flow","@id":"104bb1c7-4fcb-3282-8ff8-18645e3b199c","name":"Fluoranthene","flowType":"ELEMENTARY_FLOW"},"unit":{"@type":"Unit","@id":"20aadc24-a391-41cf-b340-3e4529f44bde","name":"kg"},"flowProperty":{"@type":"FlowProperty","@id":"93a60a56-a3c8-11da-a746-0800200b9a66","name":"Mass"},"@id":"ddfda83d-7d36-3a46-b0f8-7f28cf121844"},{"@type":"Exchange","avoidedProduct":false,"input":false,"amount":1.2539E-8,"flow":{"@type":"Flow","@id":"e788d9df-3d25-330c-b939-1221f2807a73","name":"Benzyl chloride","flowType":"ELEMENTARY_FLOW"},"unit":{"@type":"Unit","@id":"20aadc24-a391-41cf-b340-3e4529f44bde","name":"kg"},"flowProperty":{"@type":"FlowProperty","@id":"93a60a56-a3c8-11da-a746-0800200b9a66","name":"Mass"},"@id":"9fe3bba7-d399-3f29-9fb7-fbf2fa95d9f8"},{"@type":"Exchange","avoidedProduct":false,"input":false,"amount":3.9409E-10,"flow":{"@type":"Flow","@id":"861ce24c-65a3-307c-b57a-e6b28a900301","name":"Benzene, chloro-","flowType":"ELEMENTARY_FLOW"},"unit":{"@type":"Unit","@id":"20aadc24-a391-41cf-b340-3e4529f44bde","name":"kg"},"flowProperty":{"@type":"FlowProperty","@id":"93a60a56-a3c8-11da-a746-0800200b9a66","name":"Mass"},"@id":"9adcf505-8aba-380f-9fc7-adf45632dfa8"},{"@type":"Exchange","avoidedProduct":false,"input":false,"amount":1.3342E-13,"flow":{"@type":"Flow","@id":"6ad5b5fd-6792-31d6-a0af-bd9fef54361f","name":"Dioxins, measured as 2,3,7,8-tetrachlorodibenzo-p-dioxin","flowType":"ELEMENTARY_FLOW"},"unit":{"@type":"Unit","@id":"20aadc24-a391-41cf-b340-3e4529f44bde","name":"kg"},"flowProperty":{"@type":"FlowProperty","@id":"93a60a56-a3c8-11da-a746-0800200b9a66","name":"Mass"},"@id":"eb16cb4e-9cf6-3d43-b69c-4f75c2693ea5"},{"@type":"Exchange","avoidedProduct":false,"input":false,"amount":1.4506E-9,"flow":{"@type":"Flow","@id":"f5f01495-a252-38d0-bf8e-815ebd08ddea","name":"Naphthalene","flowType":"ELEMENTARY_FLOW"},"unit":{"@type":"Unit","@id":"20aadc24-a391-41cf-b340-3e4529f44bde","name":"kg"},"flowProperty":{"@type":"FlowProperty","@id":"93a60a56-a3c8-11da-a746-0800200b9a66","name":"Mass"},"@id":"3fc12d7a-8995-325a-988d-62e904986c26"},{"@type":"Exchange","avoidedProduct":false,"input":true,"amount":6.7801E-6,"flow":{"@type":"Flow","@id":"1e72866e-36b2-3013-907f-0c1b62ef8c28","name":"Uranium oxide, 332 GJ per kg, in ore","flowType":"ELEMENTARY_FLOW"},"unit":{"@type":"Unit","@id":"20aadc24-a391-41cf-b340-3e4529f44bde","name":"kg"},"flowProperty":{"@type":"FlowProperty","@id":"93a60a56-a3c8-11da-a746-0800200b9a66","name":"Mass"},"@id":"79e50118-be6b-36f4-b3ff-a4e7becb8f65"},{"@type":"Exchange","avoidedProduct":false,"input":false,"amount":3.4758E-9,"flow":{"@type":"Flow","@id":"05d25fc1-11cb-3e52-bdfc-c382779992c8","name":"Vanadium","flowType":"ELEMENTARY_FLOW"},"unit":{"@type":"Unit","@id":"20aadc24-a391-41cf-b340-3e4529f44bde","name":"kg"},"flowProperty":{"@type":"FlowProperty","@id":"93a60a56-a3c8-11da-a746-0800200b9a66","name":"Mass"},"@id":"94d97416-da77-3f22-a05a-cd1548c91875"},{"@type":"Exchange","avoidedProduct":false,"input":false,"amount":1.0787E-10,"flow":{"@type":"Flow","@id":"756b14c9-02cc-3903-817e-a6763a830a63","name":"Ethylene dibromide","flowType":"ELEMENTARY_FLOW"},"unit":{"@type":"Unit","@id":"20aadc24-a391-41cf-b340-3e4529f44bde","name":"kg"},"flowProperty":{"@type":"FlowProperty","@id":"93a60a56-a3c8-11da-a746-0800200b9a66","name":"Mass"},"@id":"ba3d4a63-e3ad-3c35-8cbd-52d1dee560a5"},{"@type":"Exchange","avoidedProduct":false,"input":false,"amount":1.5909E-8,"flow":{"@type":"Flow","@id":"3c5d727a-673d-334c-9018-3aa68edad2f5","name":"Acetaldehyde","flowType":"ELEMENTARY_FLOW"},"unit":{"@type":"Unit","@id":"20aadc24-a391-41cf-b340-3e4529f44bde","name":"kg"},"flowProperty":{"@type":"FlowProperty","@id":"93a60a56-a3c8-11da-a746-0800200b9a66","name":"Mass"},"@id":"448e0ba9-7633-3b74-bccb-80cef1869336"},{"@type":"Exchange","avoidedProduct":false,"input":true,"amount":0.8722,"flow":{"@type":"Flow","@id":"3974340e-0e02-3d82-a7c8-2962291ce239","name":"Salt, unspecified","flowType":"ELEMENTARY_FLOW"},"unit":{"@type":"Unit","@id":"20aadc24-a391-41cf-b340-3e4529f44bde","name":"kg"},"flowProperty":{"@type":"FlowProperty","@id":"93a60a56-a3c8-11da-a746-0800200b9a66","name":"Mass"},"@id":"cd79cc02-c95e-3c7b-a8ee-2dadb41e5895"},{"@type":"Exchange","avoidedProduct":false,"input":false,"amount":6.2491E-8,"flow":{"@type":"Flow","@id":"6505c252-8e98-3e73-8e2b-e49deaf2598b","name":"Arsenic","flowType":"ELEMENTARY_FLOW"},"unit":{"@type":"Unit","@id":"20aadc24-a391-41cf-b340-3e4529f44bde","name":"kg"},"flowProperty":{"@type":"FlowProperty","@id":"93a60a56-a3c8-11da-a746-0800200b9a66","name":"Mass"},"@id":"febcc471-98ef-3a0c-bbf3-74ea96813356"},{"@type":"Exchange","avoidedProduct":false,"input":false,"amount":9.1645E-4,"flow":{"@type":"Flow","@id":"91c6fb89-85ed-310b-8197-fb35a753bd97","name":"Suspended solids, unspecified","flowType":"ELEMENTARY_FLOW"},"unit":{"@type":"Unit","@id":"20aadc24-a391-41cf-b340-3e4529f44bde","name":"kg"},"flowProperty":{"@type":"FlowProperty","@id":"93a60a56-a3c8-11da-a746-0800200b9a66","name":"Mass"},"@id":"e9f8a660-2b5a-377b-a3aa-919950cf7a6f"},{"@type":"Exchange","avoidedProduct":false,"input":false,"amount":3.1218E-5,"flow":{"@type":"Flow","@id":"8fd25939-5072-3efe-a38a-8d995b9e7f2e","name":"NMVOC, non-methane volatile organic compounds, unspecified origin","flowType":"ELEMENTARY_FLOW"},"unit":{"@type":"Unit","@id":"20aadc24-a391-41cf-b340-3e4529f44bde","name":"kg"},"flowProperty":{"@type":"FlowProperty","@id":"93a60a56-a3c8-11da-a746-0800200b9a66","name":"Mass"},"@id":"4a9625d9-2cac-3cba-a731-774086b68d22"},{"@type":"Exchange","avoidedProduct":false,"input":false,"amount":6.65E-5,"flow":{"@type":"Flow","@id":"e10319a4-662e-3d3a-b3dc-03bbbca0e66f","name":"Particulates, \u003c 2.5 um ","flowType":"ELEMENTARY_FLOW"},"unit":{"@type":"Unit","@id":"20aadc24-a391-41cf-b340-3e4529f44bde","name":"kg"},"flowProperty":{"@type":"FlowProperty","@id":"93a60a56-a3c8-11da-a746-0800200b9a66","name":"Mass"},"@id":"e11b8aa7-0c61-3478-80ee-aa65845f797a"},{"@type":"Exchange","avoidedProduct":false,"input":false,"amount":1.2483E-9,"flow":{"@type":"Flow","@id":"bd1b1118-6b87-3c2c-9bca-15efa8068aa3","name":"PAH, polycyclic aromatic hydrocarbons","flowType":"ELEMENTARY_FLOW"},"unit":{"@type":"Unit","@id":"20aadc24-a391-41cf-b340-3e4529f44bde","name":"kg"},"flowProperty":{"@type":"FlowProperty","@id":"93a60a56-a3c8-11da-a746-0800200b9a66","name":"Mass"},"@id":"1d51b771-5ce5-3722-bafa-9f0a4be24330"},{"@type":"Exchange","avoidedProduct":false,"input":false,"amount":1.3428E-10,"flow":{"@type":"Flow","@id":"df99d8e9-e534-3df5-a247-ef24d0ae4fc4","name":"Fluorene","flowType":"ELEMENTARY_FLOW"},"unit":{"@type":"Unit","@id":"20aadc24-a391-41cf-b340-3e4529f44bde","name":"kg"},"flowProperty":{"@type":"FlowProperty","@id":"93a60a56-a3c8-11da-a746-0800200b9a66","name":"Mass"},"@id":"8a32d5d6-e276-3ab8-8da5-de9e742589d1"},{"@type":"Exchange","avoidedProduct":false,"input":true,"amount":0.013535,"flow":{"@type":"Flow","@id":"008f0e22-35e7-39a6-b726-0b1fe2d68112","name":"Energy, kinetic (in wind), converted","flowType":"ELEMENTARY_FLOW"},"unit":{"@type":"Unit","@id":"52765a6c-3896-43c2-b2f4-c679acf13efe","name":"MJ"},"flowProperty":{"@type":"FlowProperty","@id":"f6811440-ee37-11de-8a39-0800200c9a66","name":"Energy"},"@id":"2abbc5f2-3b52-30be-a8c5-3d575c61bfc8"},{"@type":"Exchange","avoidedProduct":false,"input":false,"amount":8.918E-8,"flow":{"@type":"Flow","@id":"2d90fe8c-8482-338e-b41e-b1829c1c3860","name":"Ethane, 1,1,1,2-tetrafluoro-, HFC-134a","flowType":"ELEMENTARY_FLOW"},"unit":{"@type":"Unit","@id":"20aadc24-a391-41cf-b340-3e4529f44bde","name":"kg"},"flowProperty":{"@type":"FlowProperty","@id":"93a60a56-a3c8-11da-a746-0800200b9a66","name":"Mass"},"@id":"e93d714f-3041-3d86-a9ee-b65eb7f33856"},{"@type":"Exchange","avoidedProduct":false,"input":false,"amount":1.2416E-6,"flow":{"@type":"Flow","@id":"018872d0-ebce-3dfe-9552-3ff163fb468c","name":"Ammonia","flowType":"ELEMENTARY_FLOW"},"unit":{"@type":"Unit","@id":"20aadc24-a391-41cf-b340-3e4529f44bde","name":"kg"},"flowProperty":{"@type":"FlowProperty","@id":"93a60a56-a3c8-11da-a746-0800200b9a66","name":"Mass"},"@id":"9975f199-cf93-3140-8bd1-f998abe14f8b"},{"@type":"Exchange","avoidedProduct":false,"input":false,"amount":4.4093E-9,"flow":{"@type":"Flow","@id":"eb8fa4b7-47d8-3603-acda-f41a4ec76770","name":"Antimony","flowType":"ELEMENTARY_FLOW"},"unit":{"@type":"Unit","@id":"20aadc24-a391-41cf-b340-3e4529f44bde","name":"kg"},"flowProperty":{"@type":"FlowProperty","@id":"93a60a56-a3c8-11da-a746-0800200b9a66","name":"Mass"},"@id":"8cc2a7b1-a20c-3fab-85ca-8bbdfb8cc9c6"},{"@type":"Exchange","avoidedProduct":false,"input":true,"amount":0.018319,"description":"Energy unspecified reflects \"other fossil\" fuels","flow":{"@type":"Flow","@id":"46dc4693-2f24-39d2-b69f-dd059737fd5e","name":"Energy, unspecified","flowType":"ELEMENTARY_FLOW"},"unit":{"@type":"Unit","@id":"52765a6c-3896-43c2-b2f4-c679acf13efe","name":"MJ"},"flowProperty":{"@type":"FlowProperty","@id":"f6811440-ee37-11de-8a39-0800200c9a66","name":"Energy"},"@id":"d40ea13b-9a6b-3149-b9d6-c57d478e9780"},{"@type":"Exchange","avoidedProduct":false,"input":false,"amount":4.7662E-9,"flow":{"@type":"Flow","@id":"94b59522-e080-3971-a363-f5a5d4b271df","name":"Sulfide","flowType":"ELEMENTARY_FLOW"},"unit":{"@type":"Unit","@id":"20aadc24-a391-41cf-b340-3e4529f44bde","name":"kg"},"flowProperty":{"@type":"FlowProperty","@id":"93a60a56-a3c8-11da-a746-0800200b9a66","name":"Mass"},"@id":"d8915bab-1af2-36aa-96a7-b0b8cf62345c"},{"@type":"Exchange","avoidedProduct":false,"input":false,"amount":0.0049394,"flow":{"@type":"Flow","@id":"f3b780ae-13cf-385a-80b1-f2aede2ed839","name":"Sulfur dioxide ","flowType":"ELEMENTARY_FLOW"},"unit":{"@type":"Unit","@id":"20aadc24-a391-41cf-b340-3e4529f44bde","name":"kg"},"flowProperty":{"@type":"FlowProperty","@id":"93a60a56-a3c8-11da-a746-0800200b9a66","name":"Mass"},"@id":"be778772-c6bd-31f9-89a6-2597cc9158cf"},{"@type":"Exchange","avoidedProduct":false,"input":false,"amount":7.6187E-9,"flow":{"@type":"Flow","@id":"c99b594a-70e7-3b22-9fcb-bcfdefa2411c","name":"Phenol","flowType":"ELEMENTARY_FLOW"},"unit":{"@type":"Unit","@id":"20aadc24-a391-41cf-b340-3e4529f44bde","name":"kg"},"flowProperty":{"@type":"FlowProperty","@id":"93a60a56-a3c8-11da-a746-0800200b9a66","name":"Mass"},"@id":"d6275461-f784-3151-841e-fc938ffbc2bd"},{"@type":"Exchange","avoidedProduct":false,"input":false,"amount":0.046078,"flow":{"@type":"Flow","@id":"a3ed03de-f771-3946-94f3-a02a10d4ca74","name":"Dissolved solids","flowType":"ELEMENTARY_FLOW"},"unit":{"@type":"Unit","@id":"20aadc24-a391-41cf-b340-3e4529f44bde","name":"kg"},"flowProperty":{"@type":"FlowProperty","@id":"93a60a56-a3c8-11da-a746-0800200b9a66","name":"Mass"},"@id":"42e01629-37bb-3d9e-be17-20dec07476ca"},{"@type":"Exchange","avoidedProduct":false,"input":false,"amount":4.8696E-11,"flow":{"@type":"Flow","@id":"ef420826-7def-3af7-af29-b28b56ee845f","name":"Pyrene","flowType":"ELEMENTARY_FLOW"},"unit":{"@type":"Unit","@id":"20aadc24-a391-41cf-b340-3e4529f44bde","name":"kg"},"flowProperty":{"@type":"FlowProperty","@id":"93a60a56-a3c8-11da-a746-0800200b9a66","name":"Mass"},"@id":"903c8a0a-b53b-3195-ab50-a8a4700bda06"},{"@type":"Exchange","avoidedProduct":false,"input":false,"amount":3.9099E-12,"flow":{"@type":"Flow","@id":"257416fb-9dad-339f-860c-aae989d0490c","name":"Benzene, pentamethyl-","flowType":"ELEMENTARY_FLOW"},"unit":{"@type":"Unit","@id":"20aadc24-a391-41cf-b340-3e4529f44bde","name":"kg"},"flowProperty":{"@type":"FlowProperty","@id":"93a60a56-a3c8-11da-a746-0800200b9a66","name":"Mass"},"@id":"f6dc7d68-89c4-3450-b4e3-efd82cfad469"},{"@type":"Exchange","avoidedProduct":false,"input":false,"amount":2.2458E-6,"flow":{"@type":"Flow","@id":"39587969-515b-3599-a403-78c461a936eb","name":"Oils, unspecified","flowType":"ELEMENTARY_FLOW"},"unit":{"@type":"Unit","@id":"20aadc24-a391-41cf-b340-3e4529f44bde","name":"kg"},"flowProperty":{"@type":"FlowProperty","@id":"93a60a56-a3c8-11da-a746-0800200b9a66","name":"Mass"},"@id":"fd24a851-1c12-30e8-a813-416adad23810"},{"@type":"Exchange","avoidedProduct":false,"input":false,"amount":1.9676E-8,"flow":{"@type":"Flow","@id":"b9b924b4-e60b-3a85-8f35-a9619c4fd532","name":"Copper","flowType":"ELEMENTARY_FLOW"},"unit":{"@type":"Unit","@id":"20aadc24-a391-41cf-b340-3e4529f44bde","name":"kg"},"flowProperty":{"@type":"FlowProperty","@id":"93a60a56-a3c8-11da-a746-0800200b9a66","name":"Mass"},"@id":"6e34719d-0019-326c-beaf-ff1b0635e5ba"},{"@type":"Exchange","avoidedProduct":false,"input":false,"amount":4.9669E-8,"flow":{"@type":"Flow","@id":"2300c22d-fa07-34a3-81a2-6fb72e63b09c","name":"Lead","flowType":"ELEMENTARY_FLOW"},"unit":{"@type":"Unit","@id":"20aadc24-a391-41cf-b340-3e4529f44bde","name":"kg"},"flowProperty":{"@type":"FlowProperty","@id":"93a60a56-a3c8-11da-a746-0800200b9a66","name":"Mass"},"@id":"1ed07e6d-8648-3db6-a0e6-830a8ab5a8b1"},{"@type":"Exchange","avoidedProduct":false,"input":false,"amount":3.8862E-6,"flow":{"@type":"Flow","@id":"1fc7cc6f-2aa9-3e77-b20a-592e14f148c2","name":"Mercaptans, unspecified","flowType":"ELEMENTARY_FLOW"},"unit":{"@type":"Unit","@id":"20aadc24-a391-41cf-b340-3e4529f44bde","name":"kg"},"flowProperty":{"@type":"FlowProperty","@id":"93a60a56-a3c8-11da-a746-0800200b9a66","name":"Mass"},"@id":"11f46cbf-c8b9-314b-a825-f17cc1de180f"},{"@type":"Exchange","avoidedProduct":false,"input":false,"amount":6.9911E-8,"flow":{"@type":"Flow","@id":"97a06573-4c7c-37cf-94c3-14e7cbe6b4e3","name":"Titanium, ion","flowType":"ELEMENTARY_FLOW"},"unit":{"@type":"Unit","@id":"20aadc24-a391-41cf-b340-3e4529f44bde","name":"kg"},"flowProperty":{"@type":"FlowProperty","@id":"93a60a56-a3c8-11da-a746-0800200b9a66","name":"Mass"},"@id":"a220b115-d90b-3b2b-9db3-5b0d10481d47"},{"@type":"Exchange","avoidedProduct":false,"input":false,"amount":4.5549E-8,"flow":{"@type":"Flow","@id":"c643d09b-c28b-3703-b6a3-c90bfe087475","name":"Chromium","flowType":"ELEMENTARY_FLOW"},"unit":{"@type":"Unit","@id":"20aadc24-a391-41cf-b340-3e4529f44bde","name":"kg"},"flowProperty":{"@type":"FlowProperty","@id":"93a60a56-a3c8-11da-a746-0800200b9a66","name":"Mass"},"@id":"769c7c56-12b7-316c-8d8b-9315444503b5"},{"@type":"Exchange","avoidedProduct":false,"input":false,"amount":3.4876E-9,"flow":{"@type":"Flow","@id":"c3b0146d-ff46-3105-908f-bed7960d1299","name":"Cadmium, ion","flowType":"ELEMENTARY_FLOW"},"unit":{"@type":"Unit","@id":"20aadc24-a391-41cf-b340-3e4529f44bde","name":"kg"},"flowProperty":{"@type":"FlowProperty","@id":"93a60a56-a3c8-11da-a746-0800200b9a66","name":"Mass"},"@id":"8bfbc8f2-8650-3802-9f8a-5c90beb550f1"},{"@type":"Exchange","avoidedProduct":false,"input":false,"amount":1.8541E-5,"flow":{"@type":"Flow","@id":"33d5907f-322f-336d-b23f-f2959923f99f","name":"COD, Chemical Oxygen Demand","flowType":"ELEMENTARY_FLOW"},"unit":{"@type":"Unit","@id":"20aadc24-a391-41cf-b340-3e4529f44bde","name":"kg"},"flowProperty":{"@type":"FlowProperty","@id":"93a60a56-a3c8-11da-a746-0800200b9a66","name":"Mass"},"@id":"1fc77214-9e1f-3957-98fb-925c8afa6cd3"},{"@type":"Exchange","avoidedProduct":false,"input":false,"amount":3.5527E-8,"flow":{"@type":"Flow","@id":"77fcca9a-7ac9-3513-8bd9-9e849e08bb6f","name":"Xylene","flowType":"ELEMENTARY_FLOW"},"unit":{"@type":"Unit","@id":"20aadc24-a391-41cf-b340-3e4529f44bde","name":"kg"},"flowProperty":{"@type":"FlowProperty","@id":"93a60a56-a3c8-11da-a746-0800200b9a66","name":"Mass"},"@id":"f4d4a53b-8139-3226-b769-7f04584794f2"},{"@type":"Exchange","avoidedProduct":false,"input":false,"amount":1.8094E-10,"flow":{"@type":"Flow","@id":"984bef7c-3a39-337f-8383-93457f65d597","name":"Mercury","flowType":"ELEMENTARY_FLOW"},"unit":{"@type":"Unit","@id":"20aadc24-a391-41cf-b340-3e4529f44bde","name":"kg"},"flowProperty":{"@type":"FlowProperty","@id":"93a60a56-a3c8-11da-a746-0800200b9a66","name":"Mass"},"@id":"2713b08d-05b6-3921-9ee0-db2044686bef"},{"@type":"Exchange","avoidedProduct":false,"input":false,"amount":2.314E-9,"flow":{"@type":"Flow","@id":"cafd767a-a7eb-3b1b-9d95-9a585de4e868","name":"Decane","flowType":"ELEMENTARY_FLOW"},"unit":{"@type":"Unit","@id":"20aadc24-a391-41cf-b340-3e4529f44bde","name":"kg"},"flowProperty":{"@type":"FlowProperty","@id":"93a60a56-a3c8-11da-a746-0800200b9a66","name":"Mass"},"@id":"ef903def-a377-3c1b-91c3-b4ab674a470a"},{"@type":"Exchange","avoidedProduct":false,"input":false,"amount":3.4826E-11,"flow":{"@type":"Flow","@id":"589fc0be-4a57-3639-a0f3-61f322768ed9","name":"n-Hexacosane","flowType":"ELEMENTARY_FLOW"},"unit":{"@type":"Unit","@id":"20aadc24-a391-41cf-b340-3e4529f44bde","name":"kg"},"flowProperty":{"@type":"FlowProperty","@id":"93a60a56-a3c8-11da-a746-0800200b9a66","name":"Mass"},"@id":"63a05131-b0e4-3358-9dd5-7b1cd35ae887"},{"@type":"Exchange","avoidedProduct":false,"input":false,"amount":1.0056E-5,"flow":{"@type":"Flow","@id":"dc52a4db-da65-3119-8e62-70228d090990","name":"Aluminum","flowType":"ELEMENTARY_FLOW"},"unit":{"@type":"Unit","@id":"20aadc24-a391-41cf-b340-3e4529f44bde","name":"kg"},"flowProperty":{"@type":"FlowProperty","@id":"93a60a56-a3c8-11da-a746-0800200b9a66","name":"Mass"},"@id":"6246c4ab-9a87-349e-8b4e-d6d3cd5699a6"},{"@type":"Exchange","avoidedProduct":false,"input":false,"amount":8.067E-7,"flow":{"@type":"Flow","@id":"cbf426db-ee70-335e-b994-b1e736762889","name":"Fluoride","flowType":"ELEMENTARY_FLOW"},"unit":{"@type":"Unit","@id":"20aadc24-a391-41cf-b340-3e4529f44bde","name":"kg"},"flowProperty":{"@type":"FlowProperty","@id":"93a60a56-a3c8-11da-a746-0800200b9a66","name":"Mass"},"@id":"27d5fdee-8672-38f5-98f7-16787e221582"},{"@type":"Exchange","avoidedProduct":false,"input":false,"amount":1.6232E-11,"flow":{"@type":"Flow","@id":"3a5999bf-e8e4-371d-a3b3-07196be42e01","name":"Benzo(b,j,k)fluoranthene","flowType":"ELEMENTARY_FLOW"},"unit":{"@type":"Unit","@id":"20aadc24-a391-41cf-b340-3e4529f44bde","name":"kg"},"flowProperty":{"@type":"FlowProperty","@id":"93a60a56-a3c8-11da-a746-0800200b9a66","name":"Mass"},"@id":"727cc82e-9a63-3122-a9f1-3e1bfd5b9e89"},{"@type":"Exchange","avoidedProduct":false,"input":false,"amount":1.1657E-8,"flow":{"@type":"Flow","@id":"b20d52a4-11eb-39bf-be61-2ac0535decec","name":"Chromium VI","flowType":"ELEMENTARY_FLOW"},"unit":{"@type":"Unit","@id":"20aadc24-a391-41cf-b340-3e4529f44bde","name":"kg"},"flowProperty":{"@type":"FlowProperty","@id":"93a60a56-a3c8-11da-a746-0800200b9a66","name":"Mass"},"@id":"323372e0-0c5b-360d-818c-fe781191cb9d"},{"@type":"Exchange","avoidedProduct":false,"input":true,"amount":0.081988,"description":"This flow represents the amount of natural gas that is a material input for producing the resin output. The energy content of the natural gas used as EMR/feedstock is 49.8 MJ per kg.  The energy content multiplied by the mass should be considered an Energy of Material Resource (EMR)/feedstock energy. ","flow":{"@type":"Flow","@id":"788e7896-f182-3f1e-8f57-9aaf8d2aa17b","name":"Gas, natural, in ground ","flowType":"ELEMENTARY_FLOW"},"unit":{"@type":"Unit","@id":"20aadc24-a391-41cf-b340-3e4529f44bde","name":"kg"},"flowProperty":{"@type":"FlowProperty","@id":"93a60a56-a3c8-11da-a746-0800200b9a66","name":"Mass"},"@id":"176ed146-9384-39c9-85b1-91511050ebc1"},{"@type":"Exchange","avoidedProduct":false,"input":false,"amount":8.623E-10,"flow":{"@type":"Flow","@id":"89e3d707-c058-3566-a47b-c480679ea6bd","name":"o-Xylene","flowType":"ELEMENTARY_FLOW"},"unit":{"@type":"Unit","@id":"20aadc24-a391-41cf-b340-3e4529f44bde","name":"kg"},"flowProperty":{"@type":"FlowProperty","@id":"93a60a56-a3c8-11da-a746-0800200b9a66","name":"Mass"},"@id":"22ce637a-7135-3dcd-a360-2347e835635e"},{"@type":"Exchange","avoidedProduct":false,"input":false,"amount":9.5918E-8,"flow":{"@type":"Flow","@id":"defdeb63-c940-3af5-add7-5af7d67156db","name":"Silver","flowType":"ELEMENTARY_FLOW"},"unit":{"@type":"Unit","@id":"20aadc24-a391-41cf-b340-3e4529f44bde","name":"kg"},"flowProperty":{"@type":"FlowProperty","@id":"93a60a56-a3c8-11da-a746-0800200b9a66","name":"Mass"},"@id":"d0bf807c-019b-3964-ae8f-f33a4b42a395"},{"@type":"Exchange","avoidedProduct":false,"input":false,"amount":1.9439E-7,"flow":{"@type":"Flow","@id":"b8d7c779-e771-335b-9443-1ce11dab8237","name":"Chromium","flowType":"ELEMENTARY_FLOW"},"unit":{"@type":"Unit","@id":"20aadc24-a391-41cf-b340-3e4529f44bde","name":"kg"},"flowProperty":{"@type":"FlowProperty","@id":"93a60a56-a3c8-11da-a746-0800200b9a66","name":"Mass"},"@id":"3ee5d317-0859-3917-8c6c-4819ad3ef22b"},{"@type":"Exchange","avoidedProduct":false,"input":false,"amount":1.4432E-8,"flow":{"@type":"Flow","@id":"3060d691-b5a6-3641-9ad3-f5b0e7c8af27","name":"Cadmium","flowType":"ELEMENTARY_FLOW"},"unit":{"@type":"Unit","@id":"20aadc24-a391-41cf-b340-3e4529f44bde","name":"kg"},"flowProperty":{"@type":"FlowProperty","@id":"93a60a56-a3c8-11da-a746-0800200b9a66","name":"Mass"},"@id":"95977445-8fc6-3d0e-bdbb-d14c0fa1fa91"},{"@type":"Exchange","avoidedProduct":false,"input":false,"amount":1.0569E-9,"flow":{"@type":"Flow","@id":"25493146-8ce5-3efd-874b-a0e339330b2a","name":"Chloroform","flowType":"ELEMENTARY_FLOW"},"unit":{"@type":"Unit","@id":"20aadc24-a391-41cf-b340-3e4529f44bde","name":"kg"},"flowProperty":{"@type":"FlowProperty","@id":"93a60a56-a3c8-11da-a746-0800200b9a66","name":"Mass"},"@id":"f118a050-2676-377d-aca8-23772afd2cb2"},{"@type":"Exchange","avoidedProduct":false,"input":true,"amount":0.0056364,"flow":{"@type":"Flow","@id":"26be1fa9-6bfb-3c17-b119-905dc481c3c8","name":"Energy, from biomass","flowType":"ELEMENTARY_FLOW"},"unit":{"@type":"Unit","@id":"52765a6c-3896-43c2-b2f4-c679acf13efe","name":"MJ"},"flowProperty":{"@type":"FlowProperty","@id":"f6811440-ee37-11de-8a39-0800200c9a66","name":"Energy"},"@id":"c6acfeff-bc62-3183-9265-5a7c867c8679"},{"@type":"Exchange","avoidedProduct":false,"input":false,"amount":1.6894E-4,"flow":{"@type":"Flow","@id":"bd6eb54f-0d2e-3a63-a3ac-98e0cf458d35","name":"Hydrogen Chloride","flowType":"ELEMENTARY_FLOW"},"unit":{"@type":"Unit","@id":"20aadc24-a391-41cf-b340-3e4529f44bde","name":"kg"},"flowProperty":{"@type":"FlowProperty","@id":"93a60a56-a3c8-11da-a746-0800200b9a66","name":"Mass"},"@id":"009e317b-c0d2-3f8b-be7b-6a413df28fd2"},{"@type":"Exchange","avoidedProduct":false,"input":false,"amount":1.8308E-9,"flow":{"@type":"Flow","@id":"eb8b0400-9d65-3b1b-b30e-0f2d112569e6","name":"Molybdenum","flowType":"ELEMENTARY_FLOW"},"unit":{"@type":"Unit","@id":"20aadc24-a391-41cf-b340-3e4529f44bde","name":"kg"},"flowProperty":{"@type":"FlowProperty","@id":"93a60a56-a3c8-11da-a746-0800200b9a66","name":"Mass"},"@id":"058bf7df-687f-3476-9d78-6d6fc95b8bc6"},{"@type":"Exchange","avoidedProduct":false,"input":false,"amount":1.4844E-8,"flow":{"@type":"Flow","@id":"6187175f-c6b5-313b-9128-f3a0a1ccd2c5","name":"Benzenes, alkylated, unspecified","flowType":"ELEMENTARY_FLOW"},"unit":{"@type":"Unit","@id":"20aadc24-a391-41cf-b340-3e4529f44bde","name":"kg"},"flowProperty":{"@type":"FlowProperty","@id":"93a60a56-a3c8-11da-a746-0800200b9a66","name":"Mass"},"@id":"7bf3a231-d60b-3512-8e48-cac82085a572"},{"@type":"Exchange","avoidedProduct":false,"input":false,"amount":8.0161E-10,"flow":{"@type":"Flow","@id":"597aa1ed-e1b7-3919-b21d-7f72aafde510","name":"Zinc","flowType":"ELEMENTARY_FLOW"},"unit":{"@type":"Unit","@id":"20aadc24-a391-41cf-b340-3e4529f44bde","name":"kg"},"flowProperty":{"@type":"FlowProperty","@id":"93a60a56-a3c8-11da-a746-0800200b9a66","name":"Mass"},"@id":"e3bc482c-066a-3ae8-809e-11ad6c1ff5b5"},{"@type":"Exchange","avoidedProduct":false,"input":false,"amount":1.3077E-9,"flow":{"@type":"Flow","@id":"0ae5691f-9565-37eb-880a-d64b7f7c0cc7","name":"Phthalate, dioctyl-","flowType":"ELEMENTARY_FLOW"},"unit":{"@type":"Unit","@id":"20aadc24-a391-41cf-b340-3e4529f44bde","name":"kg"},"flowProperty":{"@type":"FlowProperty","@id":"93a60a56-a3c8-11da-a746-0800200b9a66","name":"Mass"},"@id":"58bce3c0-bb49-300e-bd2d-3123a461f286"},{"@type":"Exchange","avoidedProduct":false,"input":false,"amount":1.2002E-9,"flow":{"@type":"Flow","@id":"ab9316f9-3389-362b-af1e-4c703da5b12e","name":"Hexane","flowType":"ELEMENTARY_FLOW"},"unit":{"@type":"Unit","@id":"20aadc24-a391-41cf-b340-3e4529f44bde","name":"kg"},"flowProperty":{"@type":"FlowProperty","@id":"93a60a56-a3c8-11da-a746-0800200b9a66","name":"Mass"},"@id":"e74d2fa1-6372-3c21-ac8c-90636f76d70f"},{"@type":"Exchange","avoidedProduct":false,"input":false,"amount":9.5123E-6,"flow":{"@type":"Flow","@id":"66858f3e-29ef-3d70-98cc-7860ec71f647","name":"Bromide","flowType":"ELEMENTARY_FLOW"},"unit":{"@type":"Unit","@id":"20aadc24-a391-41cf-b340-3e4529f44bde","name":"kg"},"flowProperty":{"@type":"FlowProperty","@id":"93a60a56-a3c8-11da-a746-0800200b9a66","name":"Mass"},"@id":"4523b0d4-bce3-340c-bb9b-24d1a7681161"},{"@type":"Exchange","avoidedProduct":false,"input":false,"amount":5.0157E-12,"flow":{"@type":"Flow","@id":"02e0b6d4-8708-3f0b-8dec-0173c9c9ae11","name":"Toluene, 2,4-dinitro-","flowType":"ELEMENTARY_FLOW"},"unit":{"@type":"Unit","@id":"20aadc24-a391-41cf-b340-3e4529f44bde","name":"kg"},"flowProperty":{"@type":"FlowProperty","@id":"93a60a56-a3c8-11da-a746-0800200b9a66","name":"Mass"},"@id":"9219a773-5a85-3419-97bc-57cfd63b198b"},{"@type":"Exchange","avoidedProduct":false,"input":false,"amount":1.2521E-8,"flow":{"@type":"Flow","@id":"af618eb6-3088-3ff2-94a5-8b84985438b8","name":"Phenols, unspecified","flowType":"ELEMENTARY_FLOW"},"unit":{"@type":"Unit","@id":"20aadc24-a391-41cf-b340-3e4529f44bde","name":"kg"},"flowProperty":{"@type":"FlowProperty","@id":"93a60a56-a3c8-11da-a746-0800200b9a66","name":"Mass"},"@id":"54f306cd-ad30-34ad-aa0c-e930e9cfbc61"},{"@type":"Exchange","avoidedProduct":false,"input":false,"amount":1.8624E-7,"flow":{"@type":"Flow","@id":"6996fb26-c610-3dbe-8739-20b8a01d77b3","name":"Methane, tetrachloro-, CFC-10","flowType":"ELEMENTARY_FLOW"},"unit":{"@type":"Unit","@id":"20aadc24-a391-41cf-b340-3e4529f44bde","name":"kg"},"flowProperty":{"@type":"FlowProperty","@id":"93a60a56-a3c8-11da-a746-0800200b9a66","name":"Mass"},"@id":"afea3b0e-5451-31b5-a962-5722924f1361"},{"@type":"Exchange","avoidedProduct":false,"input":false,"amount":1.5526,"flow":{"@type":"Flow","@id":"63af114b-afcb-3a82-801a-9c66208a673a","name":"Carbon dioxide, fossil ","flowType":"ELEMENTARY_FLOW"},"unit":{"@type":"Unit","@id":"20aadc24-a391-41cf-b340-3e4529f44bde","name":"kg"},"flowProperty":{"@type":"FlowProperty","@id":"93a60a56-a3c8-11da-a746-0800200b9a66","name":"Mass"},"@id":"4d1036e3-4b3f-3fbf-ae78-b64a15e2d7e3"},{"@type":"Exchange","avoidedProduct":false,"input":false,"amount":5.358E-10,"flow":{"@type":"Flow","@id":"1d8f2c0c-0700-3cc2-987d-3a2ed96337ae","name":"Yttrium","flowType":"ELEMENTARY_FLOW"},"unit":{"@type":"Unit","@id":"20aadc24-a391-41cf-b340-3e4529f44bde","name":"kg"},"flowProperty":{"@type":"FlowProperty","@id":"93a60a56-a3c8-11da-a746-0800200b9a66","name":"Mass"},"@id":"5a59aa2b-ca3b-32d3-abdd-3d78b4b53ed0"},{"@type":"Exchange","avoidedProduct":false,"input":false,"amount":4.7985E-9,"flow":{"@type":"Flow","@id":"710091cb-d225-38e4-b4f0-580746c4c26c","name":"Hexadecane","flowType":"ELEMENTARY_FLOW"},"unit":{"@type":"Unit","@id":"20aadc24-a391-41cf-b340-3e4529f44bde","name":"kg"},"flowProperty":{"@type":"FlowProperty","@id":"93a60a56-a3c8-11da-a746-0800200b9a66","name":"Mass"},"@id":"d610311b-54df-3b60-8a32-adb7b147e818"},{"@type":"Exchange","avoidedProduct":false,"input":false,"amount":9.4247E-10,"flow":{"@type":"Flow","@id":"6dd6d910-2219-3203-a25f-6630ce2ce2a7","name":"Beryllium","flowType":"ELEMENTARY_FLOW"},"unit":{"@type":"Unit","@id":"20aadc24-a391-41cf-b340-3e4529f44bde","name":"kg"},"flowProperty":{"@type":"FlowProperty","@id":"93a60a56-a3c8-11da-a746-0800200b9a66","name":"Mass"},"@id":"739fd09b-4c89-3c68-b391-563e3e8b7905"},{"@type":"Exchange","avoidedProduct":false,"input":false,"amount":0.0035087,"flow":{"@type":"Flow","@id":"4c1ecfe9-347c-3704-88a1-15c21dac8d18","name":"Methane, fossil","flowType":"ELEMENTARY_FLOW"},"unit":{"@type":"Unit","@id":"20aadc24-a391-41cf-b340-3e4529f44bde","name":"kg"},"flowProperty":{"@type":"FlowProperty","@id":"93a60a56-a3c8-11da-a746-0800200b9a66","name":"Mass"},"@id":"1f6bdf07-ed3c-3f4d-a99e-68901ab301a3"},{"@type":"Exchange","avoidedProduct":false,"input":false,"amount":6.9862E-10,"flow":{"@type":"Flow","@id":"679ac5ec-bd93-303d-a87f-68dfe7ce872a","name":"Bromoform","flowType":"ELEMENTARY_FLOW"},"unit":{"@type":"Unit","@id":"20aadc24-a391-41cf-b340-3e4529f44bde","name":"kg"},"flowProperty":{"@type":"FlowProperty","@id":"93a60a56-a3c8-11da-a746-0800200b9a66","name":"Mass"},"@id":"2b21b35a-ed0a-3ef7-8c35-f43ab819e965"},{"@type":"Exchange","avoidedProduct":false,"input":false,"amount":2.5182E-5,"flow":{"@type":"Flow","@id":"ba21b581-543c-38df-b9b5-3f94fa5053e4","name":"Xylene","flowType":"ELEMENTARY_FLOW"},"unit":{"@type":"Unit","@id":"20aadc24-a391-41cf-b340-3e4529f44bde","name":"kg"},"flowProperty":{"@type":"FlowProperty","@id":"93a60a56-a3c8-11da-a746-0800200b9a66","name":"Mass"},"@id":"afad5a97-39ab-3c4f-a02f-d5d18376a6fa"},{"@type":"Exchange","avoidedProduct":false,"input":false,"amount":11.176,"flow":{"@type":"Flow","@id":"68b515f9-f08a-35d6-bc21-60d9e3831d49","name":"Radioactive species, Nuclides, unspecified","flowType":"ELEMENTARY_FLOW"},"unit":{"@type":"Unit","@id":"ac324d87-9961-463a-81a1-099bb0f7d89b","name":"Bq"},"flowProperty":{"@type":"FlowProperty","@id":"93a60a56-a3c8-17da-a746-0800200c9a66","name":"Radioactivity"},"@id":"a6066f13-567d-382e-98ce-83ca289e6d9b"},{"@type":"Exchange","avoidedProduct":false,"input":false,"amount":4.4783E-10,"flow":{"@type":"Flow","@id":"e821f94c-6c24-34df-a7a1-979e2bfb6520","name":"Styrene","flowType":"ELEMENTARY_FLOW"},"unit":{"@type":"Unit","@id":"20aadc24-a391-41cf-b340-3e4529f44bde","name":"kg"},"flowProperty":{"@type":"FlowProperty","@id":"93a60a56-a3c8-11da-a746-0800200b9a66","name":"Mass"},"@id":"086db21c-f57d-3194-a9cd-148be5f33309"},{"@type":"Exchange","avoidedProduct":false,"input":false,"amount":7339.5,"flow":{"@type":"Flow","@id":"50c6806b-7c56-360d-9b67-8c78107c3c10","name":"Radioactive species, unspecified","flowType":"ELEMENTARY_FLOW"},"unit":{"@type":"Unit","@id":"ac324d87-9961-463a-81a1-099bb0f7d89b","name":"Bq"},"flowProperty":{"@type":"FlowProperty","@id":"93a60a56-a3c8-17da-a746-0800200c9a66","name":"Radioactivity"},"@id":"0468feda-8870-348e-84fc-578b291f6bc9"},{"@type":"Exchange","avoidedProduct":false,"input":false,"amount":3.9843E-10,"flow":{"@type":"Flow","@id":"914af894-d203-3f8c-825c-66fa421b5332","name":"Phenanthrene","flowType":"ELEMENTARY_FLOW"},"unit":{"@type":"Unit","@id":"20aadc24-a391-41cf-b340-3e4529f44bde","name":"kg"},"flowProperty":{"@type":"FlowProperty","@id":"93a60a56-a3c8-11da-a746-0800200b9a66","name":"Mass"},"@id":"5358b8da-36c8-31a4-bfae-3bdfdd633f56"},{"@type":"Exchange","avoidedProduct":false,"input":false,"amount":3.9843E-12,"flow":{"@type":"Flow","@id":"2b16f422-4f39-321d-baa5-505a17a328c9","name":"Benzo(ghi)perylene","flowType":"ELEMENTARY_FLOW"},"unit":{"@type":"Unit","@id":"20aadc24-a391-41cf-b340-3e4529f44bde","name":"kg"},"flowProperty":{"@type":"FlowProperty","@id":"93a60a56-a3c8-11da-a746-0800200b9a66","name":"Mass"},"@id":"b02f5b12-19a6-3ef0-bf8f-abb93736f674"},{"@type":"Exchange","avoidedProduct":false,"input":false,"amount":3.5827E-10,"flow":{"@type":"Flow","@id":"21ad2d9f-a0ad-3b07-82bb-b0209211729c","name":"Methacrylic acid, methyl ester","flowType":"ELEMENTARY_FLOW"},"unit":{"@type":"Unit","@id":"20aadc24-a391-41cf-b340-3e4529f44bde","name":"kg"},"flowProperty":{"@type":"FlowProperty","@id":"93a60a56-a3c8-11da-a746-0800200b9a66","name":"Mass"},"@id":"5f19367e-f9b6-3c99-86eb-e43b90551fe9"},{"@type":"Exchange","avoidedProduct":false,"input":false,"amount":1.039E-8,"flow":{"@type":"Flow","@id":"4fd5a8c5-7d12-361d-a3de-612edf73d12f","name":"Isophorone","flowType":"ELEMENTARY_FLOW"},"unit":{"@type":"Unit","@id":"20aadc24-a391-41cf-b340-3e4529f44bde","name":"kg"},"flowProperty":{"@type":"FlowProperty","@id":"93a60a56-a3c8-11da-a746-0800200b9a66","name":"Mass"},"@id":"b54bb10e-74f4-3fe7-91e4-72410f6a985c"},{"@type":"Exchange","avoidedProduct":false,"input":false,"amount":1.2544E-7,"flow":{"@type":"Flow","@id":"18166cf9-36ea-3daf-9190-d9a7e90451de","name":"Lead","flowType":"ELEMENTARY_FLOW"},"unit":{"@type":"Unit","@id":"20aadc24-a391-41cf-b340-3e4529f44bde","name":"kg"},"flowProperty":{"@type":"FlowProperty","@id":"93a60a56-a3c8-11da-a746-0800200b9a66","name":"Mass"},"@id":"bfe410ab-d00e-30fe-babb-e7b4244bde77"},{"@type":"Exchange","avoidedProduct":false,"input":false,"amount":8.623E-10,"flow":{"@type":"Flow","@id":"bb7e8be4-9c3c-34a7-b29f-b964a9748324","name":"p-Xylene","flowType":"ELEMENTARY_FLOW"},"unit":{"@type":"Unit","@id":"20aadc24-a391-41cf-b340-3e4529f44bde","name":"kg"},"flowProperty":{"@type":"FlowProperty","@id":"93a60a56-a3c8-11da-a746-0800200b9a66","name":"Mass"},"@id":"ac306dcb-5a8e-3b5e-be15-193ad2be870d"},{"@type":"Exchange","avoidedProduct":false,"input":false,"amount":8.2861E-18,"flow":{"@type":"Flow","@id":"56dda061-eb7b-3b15-815c-5298cba73949","name":"Lead-210/kg","flowType":"ELEMENTARY_FLOW"},"unit":{"@type":"Unit","@id":"20aadc24-a391-41cf-b340-3e4529f44bde","name":"kg"},"flowProperty":{"@type":"FlowProperty","@id":"93a60a56-a3c8-11da-a746-0800200b9a66","name":"Mass"},"@id":"277c2121-5f57-33e5-a50e-c100661a8200"},{"@type":"Exchange","avoidedProduct":false,"input":false,"amount":2.2337E-9,"flow":{"@type":"Flow","@id":"1d7a5d94-22c4-37ac-8551-2dc47b9a5d27","name":"Phenol, 2,4-dimethyl-","flowType":"ELEMENTARY_FLOW"},"unit":{"@type":"Unit","@id":"20aadc24-a391-41cf-b340-3e4529f44bde","name":"kg"},"flowProperty":{"@type":"FlowProperty","@id":"93a60a56-a3c8-11da-a746-0800200b9a66","name":"Mass"},"@id":"128a6740-9e62-33fd-9a63-d7b7f8ceeb0f"},{"@type":"Exchange","avoidedProduct":false,"input":false,"amount":2.1496E-11,"flow":{"@type":"Flow","@id":"3092b9ca-e2ad-3ce1-8e6d-29c0825d93c4","name":"Ethane, 1,2-dibromo-","flowType":"ELEMENTARY_FLOW"},"unit":{"@type":"Unit","@id":"20aadc24-a391-41cf-b340-3e4529f44bde","name":"kg"},"flowProperty":{"@type":"FlowProperty","@id":"93a60a56-a3c8-11da-a746-0800200b9a66","name":"Mass"},"@id":"e0ae86f1-c903-32eb-a90b-ed051ad40506"},{"@type":"Exchange","avoidedProduct":false,"input":false,"amount":4.3678E-5,"flow":{"@type":"Flow","@id":"4db739d9-a558-3e67-84b3-8d6cf0edafc3","name":"Lithium, ion","flowType":"ELEMENTARY_FLOW"},"unit":{"@type":"Unit","@id":"20aadc24-a391-41cf-b340-3e4529f44bde","name":"kg"},"flowProperty":{"@type":"FlowProperty","@id":"93a60a56-a3c8-11da-a746-0800200b9a66","name":"Mass"},"@id":"912795de-27fb-39d5-a581-3a41f108d140"},{"@type":"Exchange","avoidedProduct":false,"input":false,"amount":2.8661E-10,"flow":{"@type":"Flow","@id":"927f6049-c89d-3bcb-a356-3451af4c668e","name":"Phenol","flowType":"ELEMENTARY_FLOW"},"unit":{"@type":"Unit","@id":"20aadc24-a391-41cf-b340-3e4529f44bde","name":"kg"},"flowProperty":{"@type":"FlowProperty","@id":"93a60a56-a3c8-11da-a746-0800200b9a66","name":"Mass"},"@id":"16348a5a-c81b-3633-96e4-173869f01997"},{"@type":"Exchange","avoidedProduct":false,"input":false,"amount":2.0189E-7,"flow":{"@type":"Flow","@id":"dc7efbbb-2193-3001-88fe-e4a7bd4a003b","name":"Sulfur","flowType":"ELEMENTARY_FLOW"},"unit":{"@type":"Unit","@id":"20aadc24-a391-41cf-b340-3e4529f44bde","name":"kg"},"flowProperty":{"@type":"FlowProperty","@id":"93a60a56-a3c8-11da-a746-0800200b9a66","name":"Mass"},"@id":"33b1b76f-7013-3d14-9822-5cdd39d27f16"},{"@type":"Exchange","avoidedProduct":false,"input":true,"amount":5.7441E-4,"flow":{"@type":"Flow","@id":"51a4da6b-5596-376c-bc99-2aef486353ee","name":"Energy, solar","flowType":"ELEMENTARY_FLOW"},"unit":{"@type":"Unit","@id":"52765a6c-3896-43c2-b2f4-c679acf13efe","name":"MJ"},"flowProperty":{"@type":"FlowProperty","@id":"f6811440-ee37-11de-8a39-0800200c9a66","name":"Energy"},"@id":"6dd70224-a004-3473-bb88-88e9456efeb9"},{"@type":"Exchange","avoidedProduct":false,"input":false,"amount":2.0997E-12,"flow":{"@type":"Flow","@id":"55d397ed-1326-3239-bf9b-c6644f59275a","name":"Methane, monochloro-, R-40","flowType":"ELEMENTARY_FLOW"},"unit":{"@type":"Unit","@id":"20aadc24-a391-41cf-b340-3e4529f44bde","name":"kg"},"flowProperty":{"@type":"FlowProperty","@id":"93a60a56-a3c8-11da-a746-0800200b9a66","name":"Mass"},"@id":"e3896935-216e-3ca9-8464-79a6a31cbea4"},{"@type":"Exchange","avoidedProduct":false,"input":false,"amount":2.4102E-8,"flow":{"@type":"Flow","@id":"726d9288-bc45-3496-a824-86a4b3874fae","name":"Cobalt","flowType":"ELEMENTARY_FLOW"},"unit":{"@type":"Unit","@id":"20aadc24-a391-41cf-b340-3e4529f44bde","name":"kg"},"flowProperty":{"@type":"FlowProperty","@id":"93a60a56-a3c8-11da-a746-0800200b9a66","name":"Mass"},"@id":"7d99c3d9-b74b-3884-90e7-bad5c527336b"},{"@type":"Exchange","avoidedProduct":false,"input":false,"amount":1.1805E-11,"flow":{"@type":"Flow","@id":"223c9ae0-cad5-34fe-a93c-e36a2fbda49f","name":"Benzo(a)anthracene","flowType":"ELEMENTARY_FLOW"},"unit":{"@type":"Unit","@id":"20aadc24-a391-41cf-b340-3e4529f44bde","name":"kg"},"flowProperty":{"@type":"FlowProperty","@id":"93a60a56-a3c8-11da-a746-0800200b9a66","name":"Mass"},"@id":"242d09e6-6100-3d12-8652-4a9162a42f45"},{"@type":"Exchange","avoidedProduct":false,"input":false,"amount":5.3154E-10,"flow":{"@type":"Flow","@id":"ff6c05ff-c7fa-30f1-a0ea-2cb3326453f5","name":"2-Hexanone","flowType":"ELEMENTARY_FLOW"},"unit":{"@type":"Unit","@id":"20aadc24-a391-41cf-b340-3e4529f44bde","name":"kg"},"flowProperty":{"@type":"FlowProperty","@id":"93a60a56-a3c8-11da-a746-0800200b9a66","name":"Mass"},"@id":"eebba2c5-94f3-3d81-974a-7418118c8f2f"},{"@type":"Exchange","avoidedProduct":false,"input":false,"amount":3.196E-5,"flow":{"@type":"Flow","@id":"c0f23ce6-a65a-3146-9a84-719a4662ef2d","name":"Magnesium","flowType":"ELEMENTARY_FLOW"},"unit":{"@type":"Unit","@id":"20aadc24-a391-41cf-b340-3e4529f44bde","name":"kg"},"flowProperty":{"@type":"FlowProperty","@id":"93a60a56-a3c8-11da-a746-0800200b9a66","name":"Mass"},"@id":"ebd69c20-28b6-3ff1-a6d9-6212b08a3536"},{"@type":"Exchange","avoidedProduct":false,"input":false,"amount":2.3287E-9,"flow":{"@type":"Flow","@id":"3dbacede-9927-3669-95bb-ae13fdc565a5","name":"Carbon disulfide","flowType":"ELEMENTARY_FLOW"},"unit":{"@type":"Unit","@id":"20aadc24-a391-41cf-b340-3e4529f44bde","name":"kg"},"flowProperty":{"@type":"FlowProperty","@id":"93a60a56-a3c8-11da-a746-0800200b9a66","name":"Mass"},"@id":"2a7ed2af-61b5-308f-8265-1409e4883d42"},{"@type":"Exchange","avoidedProduct":false,"input":false,"amount":3.0899E-9,"flow":{"@type":"Flow","@id":"c90fa9d9-1ec5-3acc-849f-fb2af9581262","name":"Surfactants","flowType":"ELEMENTARY_FLOW"},"unit":{"@type":"Unit","@id":"20aadc24-a391-41cf-b340-3e4529f44bde","name":"kg"},"flowProperty":{"@type":"FlowProperty","@id":"93a60a56-a3c8-11da-a746-0800200b9a66","name":"Mass"},"@id":"183a882d-e1db-3aa2-a044-5cb7719cabd0"},{"@type":"Exchange","avoidedProduct":false,"input":false,"amount":3.765E-12,"flow":{"@type":"Flow","@id":"029965e2-8227-3af2-a379-0bec2d656e7f","name":"Cyanide","flowType":"ELEMENTARY_FLOW"},"unit":{"@type":"Unit","@id":"20aadc24-a391-41cf-b340-3e4529f44bde","name":"kg"},"flowProperty":{"@type":"FlowProperty","@id":"93a60a56-a3c8-11da-a746-0800200b9a66","name":"Mass"},"@id":"a07ef033-227f-3771-a246-9c831e33c012"},{"@type":"Exchange","avoidedProduct":false,"input":false,"amount":1.2449E-7,"flow":{"@type":"Flow","@id":"9a36d2c5-a47d-3020-9dd2-00b6713b2e0c","name":"Aldehydes, unspecified","flowType":"ELEMENTARY_FLOW"},"unit":{"@type":"Unit","@id":"20aadc24-a391-41cf-b340-3e4529f44bde","name":"kg"},"flowProperty":{"@type":"FlowProperty","@id":"93a60a56-a3c8-11da-a746-0800200b9a66","name":"Mass"},"@id":"d5d4449f-192e-3076-9123-05cc14dc0e51"},{"@type":"Exchange","avoidedProduct":false,"input":false,"amount":3.4746E-6,"flow":{"@type":"Flow","@id":"0a7c4d6c-8916-38c0-91af-8c41addd2588","name":"Benzene, ethyl-","flowType":"ELEMENTARY_FLOW"},"unit":{"@type":"Unit","@id":"20aadc24-a391-41cf-b340-3e4529f44bde","name":"kg"},"flowProperty":{"@type":"FlowProperty","@id":"93a60a56-a3c8-11da-a746-0800200b9a66","name":"Mass"},"@id":"73617393-5513-3015-9132-ec24a3e8f500"},{"@type":"Exchange","avoidedProduct":false,"input":false,"amount":3.8206E-5,"flow":{"@type":"Flow","@id":"562c7271-4b04-3929-aa0c-5c7cd03bdfa2","name":"Dinitrogen monoxide","flowType":"ELEMENTARY_FLOW"},"unit":{"@type":"Unit","@id":"20aadc24-a391-41cf-b340-3e4529f44bde","name":"kg"},"flowProperty":{"@type":"FlowProperty","@id":"93a60a56-a3c8-11da-a746-0800200b9a66","name":"Mass"},"@id":"f421c87a-6ba8-36f9-a198-0d8398c8f122"},{"@type":"Exchange","avoidedProduct":false,"input":false,"amount":1.2024E-9,"flow":{"@type":"Flow","@id":"68645e0d-dc3f-3d22-b886-7eff1d63add4","name":"Copper","flowType":"ELEMENTARY_FLOW"},"unit":{"@type":"Unit","@id":"20aadc24-a391-41cf-b340-3e4529f44bde","name":"kg"},"flowProperty":{"@type":"FlowProperty","@id":"93a60a56-a3c8-11da-a746-0800200b9a66","name":"Mass"},"@id":"4e64c13d-0ae1-36c5-8d7d-509e74cbd227"},{"@type":"Exchange","avoidedProduct":false,"input":false,"amount":1.1431E-4,"flow":{"@type":"Flow","@id":"441e7e96-6101-3856-ac4f-8f74c8005ba9","name":"Particulates, \u003e 2.5 um, and \u003c 10um","flowType":"ELEMENTARY_FLOW"},"unit":{"@type":"Unit","@id":"20aadc24-a391-41cf-b340-3e4529f44bde","name":"kg"},"flowProperty":{"@type":"FlowProperty","@id":"93a60a56-a3c8-11da-a746-0800200b9a66","name":"Mass"},"@id":"f4a29a40-a1a4-3f62-8cba-29b4a1a8ebac"},{"@type":"Exchange","avoidedProduct":false,"input":true,"amount":0.31809,"flow":{"@type":"Flow","@id":"9240063c-463a-3e24-9d17-d6cdf4bcb8e8","name":"Coal, unprocessed bituminous, in ground","flowType":"ELEMENTARY_FLOW"},"unit":{"@type":"Unit","@id":"20aadc24-a391-41cf-b340-3e4529f44bde","name":"kg"},"flowProperty":{"@type":"FlowProperty","@id":"93a60a56-a3c8-11da-a746-0800200b9a66","name":"Mass"},"@id":"d99bb4db-d5c7-35da-8732-18eb7922dd28"},{"@type":"Exchange","avoidedProduct":false,"input":false,"amount":2.854E-7,"flow":{"@type":"Flow","@id":"dbe659c1-d252-37bd-a77e-a0674ded4f4a","name":"Zinc","flowType":"ELEMENTARY_FLOW"},"unit":{"@type":"Unit","@id":"20aadc24-a391-41cf-b340-3e4529f44bde","name":"kg"},"flowProperty":{"@type":"FlowProperty","@id":"93a60a56-a3c8-11da-a746-0800200b9a66","name":"Mass"},"@id":"640ed46f-3817-3b0f-9109-746b4a308017"},{"@type":"Exchange","avoidedProduct":false,"input":false,"amount":2.4752E-9,"flow":{"@type":"Flow","@id":"b2038eb8-cb99-3d58-9560-9c6a152f005b","name":"p-Cresol","flowType":"ELEMENTARY_FLOW"},"unit":{"@type":"Unit","@id":"20aadc24-a391-41cf-b340-3e4529f44bde","name":"kg"},"flowProperty":{"@type":"FlowProperty","@id":"93a60a56-a3c8-11da-a746-0800200b9a66","name":"Mass"},"@id":"ca1caf7a-6c82-342c-893c-79eff83c2e2e"},{"@type":"Exchange","avoidedProduct":false,"input":false,"amount":2.2949E-9,"flow":{"@type":"Flow","@id":"1a070fd7-b649-3193-9fc2-6ca401aab70b","name":"o-Cresol","flowType":"ELEMENTARY_FLOW"},"unit":{"@type":"Unit","@id":"20aadc24-a391-41cf-b340-3e4529f44bde","name":"kg"},"flowProperty":{"@type":"FlowProperty","@id":"93a60a56-a3c8-11da-a746-0800200b9a66","name":"Mass"},"@id":"51d3110a-cec5-3858-a24f-79b01e0b3199"},{"@type":"Exchange","avoidedProduct":false,"input":false,"amount":0.002539,"flow":{"@type":"Flow","@id":"1827a862-ccac-37ac-9ad7-d2dffe71058c","name":"Nitrogen oxides ","flowType":"ELEMENTARY_FLOW"},"unit":{"@type":"Unit","@id":"20aadc24-a391-41cf-b340-3e4529f44bde","name":"kg"},"flowProperty":{"@type":"FlowProperty","@id":"93a60a56-a3c8-11da-a746-0800200b9a66","name":"Mass"},"@id":"237a49a1-1ceb-3ae9-890b-ff4e00349054"},{"@type":"Exchange","avoidedProduct":false,"input":false,"amount":0.0010945,"flow":{"@type":"Flow","@id":"d25cd0b7-4fc5-3be0-88d3-2d661482fde2","name":"Methane ","flowType":"ELEMENTARY_FLOW"},"unit":{"@type":"Unit","@id":"20aadc24-a391-41cf-b340-3e4529f44bde","name":"kg"},"flowProperty":{"@type":"FlowProperty","@id":"93a60a56-a3c8-11da-a746-0800200b9a66","name":"Mass"},"@id":"7223b252-f498-3783-b444-164603ed1f24"},{"@type":"Exchange","avoidedProduct":false,"input":false,"amount":5.6075E-12,"flow":{"@type":"Flow","@id":"fa363494-7f03-3b85-96c8-4b9dc50adc40","name":"Benzo(a)pyrene","flowType":"ELEMENTARY_FLOW"},"unit":{"@type":"Unit","@id":"20aadc24-a391-41cf-b340-3e4529f44bde","name":"kg"},"flowProperty":{"@type":"FlowProperty","@id":"93a60a56-a3c8-11da-a746-0800200b9a66","name":"Mass"},"@id":"b45cbcec-48e2-3d4c-829d-eb2464be4dcb"},{"@type":"Exchange","avoidedProduct":false,"input":false,"amount":7.5236E-10,"flow":{"@type":"Flow","@id":"d1d3e24a-d2c7-36e2-8392-bee2bcd1080a","name":"Ethane, chloro-","flowType":"ELEMENTARY_FLOW"},"unit":{"@type":"Unit","@id":"20aadc24-a391-41cf-b340-3e4529f44bde","name":"kg"},"flowProperty":{"@type":"FlowProperty","@id":"93a60a56-a3c8-11da-a746-0800200b9a66","name":"Mass"},"@id":"9f111b73-7e05-3995-a0cd-6f4fd26f55c8"},{"@type":"Exchange","avoidedProduct":false,"input":false,"amount":6.3955E-9,"flow":{"@type":"Flow","@id":"3249ff13-4bf2-3f84-857d-67cd0cc92bc2","name":"Naphthalene","flowType":"ELEMENTARY_FLOW"},"unit":{"@type":"Unit","@id":"20aadc24-a391-41cf-b340-3e4529f44bde","name":"kg"},"flowProperty":{"@type":"FlowProperty","@id":"93a60a56-a3c8-11da-a746-0800200b9a66","name":"Mass"},"@id":"d789dd93-5bec-3c90-bebb-da65593ea6eb"},{"@type":"Exchange","avoidedProduct":false,"input":false,"amount":5.9373E-12,"flow":{"@type":"Flow","@id":"2873c4e7-53eb-3b22-a2e9-6d07e016e100","name":"Fluorene, 1-methyl-","flowType":"ELEMENTARY_FLOW"},"unit":{"@type":"Unit","@id":"20aadc24-a391-41cf-b340-3e4529f44bde","name":"kg"},"flowProperty":{"@type":"FlowProperty","@id":"93a60a56-a3c8-11da-a746-0800200b9a66","name":"Mass"},"@id":"562206cc-c253-3d1f-832e-14248781957b"},{"@type":"Exchange","avoidedProduct":false,"input":false,"amount":2.687E-10,"flow":{"@type":"Flow","@id":"fc8ca3f8-0ab7-3a46-9183-9577c6c5f9b4","name":"Acetophenone","flowType":"ELEMENTARY_FLOW"},"unit":{"@type":"Unit","@id":"20aadc24-a391-41cf-b340-3e4529f44bde","name":"kg"},"flowProperty":{"@type":"FlowProperty","@id":"93a60a56-a3c8-11da-a746-0800200b9a66","name":"Mass"},"@id":"269dc165-a9a6-3c19-ad83-17cb9be3129e"},{"@type":"Exchange","avoidedProduct":false,"input":true,"amount":0.010376,"description":"Franklin Associates uses a default as opposed to Egalitarian approach in collecting data for water use. During data collection, water use data were only requested and compiled in terms of \u0027evaporative\u0027 or consumptive use (i.e., ultimate withdraws, evaporation, or incorporation into the product). Data were not collected to determine reliable averages for non-evaporative water use. In other words, averages for water inputs and outputs are not available for this unit process.  Consumptive use includes: water incorporated into the product, water evaporated during the process, and/or water used and released to a body other than that from which it was drawn.","flow":{"@type":"Flow","@id":"2a814eae-4ee4-38b6-a824-d9fbf90688e8","name":"Water, consumptive use, unspecified origin/m3","flowType":"ELEMENTARY_FLOW"},"unit":{"@type":"Unit","@id":"1c3a9695-398d-4b1f-b07e-a8715b610f70","name":"m3"},"flowProperty":{"@type":"FlowProperty","@id":"93a60a56-a3c8-22da-a746-0800200c9a66","name":"Volume"},"@id":"7ccd6223-c397-3c0b-85d7-9310b6cda214"},{"@type":"Exchange","avoidedProduct":false,"input":false,"amount":9.9195E-12,"flow":{"@type":"Flow","@id":"dfbb9de1-b04c-387e-97b7-cc7619476784","name":"Dibenzofuran","flowType":"ELEMENTARY_FLOW"},"unit":{"@type":"Unit","@id":"20aadc24-a391-41cf-b340-3e4529f44bde","name":"kg"},"flowProperty":{"@type":"FlowProperty","@id":"93a60a56-a3c8-11da-a746-0800200b9a66","name":"Mass"},"@id":"c1ace4c7-a483-3b90-85cb-57a67655fd37"}]}