{"@context":"http://greendelta.github.io/olca-schema/context.jsonld","@type":"Process","@id":"b04c9662-b353-3d13-a485-296acbd68840","name":"Petroleum refining, for olefins production, at plant","version":"00.00.000","lastChange":"2011-10-26T03:48:34-06:00","category":{"@type":"Category","@id":"05ee7247-d00d-304a-97e8-4a376ca05972","name":"Petrochemical Manufacturing"},"processType":"UNIT_PROCESS","infrastructureProcess":false,"location":{"@type":"Location","@id":"b320e7db-c758-3ba6-8839-81eb83c9d7d7","name":"Northern America"},"processDocumentation":{"@type":"ProcessDocumentation","technologyDescription":"Desalting, atmospheric distillation, vacuum distillation, and hydrotreating","samplingDescription":"Data collected from secondary sources.","restrictionsDescription":"All information can be accessed by everybody.","copyright":false,"validFrom":"2002-12-31T00:00:00-07:00","validUntil":"2002-12-31T00:00:00-07:00","creationDate":"2011-10-26T03:48:34-06:00","geographyDescription":"US","dataDocumentor":{"@type":"Actor","@id":"721bcfe4-ee92-33bc-a9bd-bbf5ba3cb52d","name":"Franklin Associates"},"dataGenerator":{"@type":"Actor","@id":"721bcfe4-ee92-33bc-a9bd-bbf5ba3cb52d","name":"Franklin Associates"},"publication":{"@type":"Source","@id":"bf627fcb-bea3-3085-87ee-2d24ac940458","name":"THE PLASTICS DIVISION OF \nTHE AMERICAN C "},"sources":[{"@type":"Source","@id":"bf627fcb-bea3-3085-87ee-2d24ac940458","name":"THE PLASTICS DIVISION OF \nTHE AMERICAN C "}]},"exchanges":[{"@type":"Exchange","avoidedProduct":false,"input":false,"amount":1.0,"flow":{"@type":"Flow","@id":"3b7c9d95-04b9-3278-9a85-c153903d594c","name":"Petroleum refining, for olefins production, at plant","flowType":"PRODUCT_FLOW"},"unit":{"@type":"Unit","@id":"20aadc24-a391-41cf-b340-3e4529f44bde","name":"kg"},"flowProperty":{"@type":"FlowProperty","@id":"93a60a56-a3c8-11da-a746-0800200b9a66","name":"Mass"},"@id":"4b9442a7-a1de-3fcc-be75-677622bf9ece","quantitativeReference":true},{"@type":"Exchange","avoidedProduct":false,"input":true,"amount":1.018,"description":"This weight reflects material loss at processing. INTERNAL OFFGAS USE.","flow":{"@type":"Flow","@id":"67d71d59-8951-30d6-a5c8-2ddbe3cc92de","name":"Crude oil, extracted","flowType":"PRODUCT_FLOW"},"unit":{"@type":"Unit","@id":"20aadc24-a391-41cf-b340-3e4529f44bde","name":"kg"},"flowProperty":{"@type":"FlowProperty","@id":"93a60a56-a3c8-11da-a746-0800200b9a66","name":"Mass"},"@id":"7fd2b556-365f-3932-98ae-b38c99bf22b1"},{"@type":"Exchange","avoidedProduct":false,"input":false,"amount":2.1E-5,"flow":{"@type":"Flow","@id":"609069a0-462c-3a2e-b0a1-8f22cf9585d1","name":"Ammonia ","flowType":"ELEMENTARY_FLOW"},"unit":{"@type":"Unit","@id":"20aadc24-a391-41cf-b340-3e4529f44bde","name":"kg"},"flowProperty":{"@type":"FlowProperty","@id":"93a60a56-a3c8-11da-a746-0800200b9a66","name":"Mass"},"@id":"058f69d7-ca2f-35d5-b635-d2487e04ec49"},{"@type":"Exchange","avoidedProduct":false,"input":false,"amount":1.1E-5,"flow":{"@type":"Flow","@id":"39587969-515b-3599-a403-78c461a936eb","name":"Oils, unspecified","flowType":"ELEMENTARY_FLOW"},"unit":{"@type":"Unit","@id":"20aadc24-a391-41cf-b340-3e4529f44bde","name":"kg"},"flowProperty":{"@type":"FlowProperty","@id":"93a60a56-a3c8-11da-a746-0800200b9a66","name":"Mass"},"@id":"f678a3d8-4d75-39c4-b7f5-392d1e2f267f"},{"@type":"Exchange","avoidedProduct":false,"input":false,"amount":5.6E-8,"flow":{"@type":"Flow","@id":"581e3536-c3b3-3ef9-881b-3004509ec4b5","name":"Polycyclic organic matter, unspecified","flowType":"ELEMENTARY_FLOW"},"unit":{"@type":"Unit","@id":"20aadc24-a391-41cf-b340-3e4529f44bde","name":"kg"},"flowProperty":{"@type":"FlowProperty","@id":"93a60a56-a3c8-11da-a746-0800200b9a66","name":"Mass"},"@id":"1dd45bcc-07ad-3144-b8ab-ccc14502b9a9"},{"@type":"Exchange","avoidedProduct":false,"input":true,"amount":2.88147846822302E-4,"description":"Values for barge transport are calculated based on average fuel consumption rates as reported in Transportation Energy Data Book: Edition 22 from Oak Ridge National Laboratory, September 2002: 22% of barges use diesel fuel in their engines, 78% use residual oil to generate steam for steam turbines, and a barge that consumes residual oil consumes 3.4 gallons per 1,000 ton-miles ","flow":{"@type":"Flow","@id":"a1242640-8306-366c-9c55-6dfd23e77bd7","name":"Transport, barge, diesel powered","flowType":"PRODUCT_FLOW"},"unit":{"@type":"Unit","@id":"0dea4ed8-bb6b-4049-b2b4-b2c413ef2180","name":"t*km"},"flowProperty":{"@type":"FlowProperty","@id":"838aaa20-0117-11db-92e3-0800200c9a66","name":"Goods transport (mass*distance)"},"@id":"91c4b342-604e-301a-9aff-a53bb008719d"},{"@type":"Exchange","avoidedProduct":false,"input":true,"amount":0.652170539921939,"flow":{"@type":"Flow","@id":"acbe5bc4-6afd-31aa-bf3f-4a3fdc491945","name":"Transport, pipeline, unspecified petroleum products","flowType":"PRODUCT_FLOW"},"unit":{"@type":"Unit","@id":"0dea4ed8-bb6b-4049-b2b4-b2c413ef2180","name":"t*km"},"flowProperty":{"@type":"FlowProperty","@id":"838aaa20-0117-11db-92e3-0800200c9a66","name":"Goods transport (mass*distance)"},"@id":"419341b7-15a4-389a-b45e-3134aa89576b"},{"@type":"Exchange","avoidedProduct":false,"input":true,"amount":0.00114922534711027,"flow":{"@type":"Flow","@id":"f77da622-e84d-3639-8917-fcf792aaee13","name":"Liquefied petroleum gas, combusted in industrial boiler","flowType":"PRODUCT_FLOW"},"unit":{"@type":"Unit","@id":"b80a512e-e402-4363-8ad0-7d02dcf4a459","name":"l"},"flowProperty":{"@type":"FlowProperty","@id":"93a60a56-a3c8-22da-a746-0800200c9a66","name":"Volume"},"@id":"311c33b3-0dc9-35dd-9d96-6844fe2d9bce"},{"@type":"Exchange","avoidedProduct":false,"input":false,"amount":0.002,"flow":{"@type":"Flow","@id":"8fd25939-5072-3efe-a38a-8d995b9e7f2e","name":"NMVOC, non-methane volatile organic compounds, unspecified origin","flowType":"ELEMENTARY_FLOW"},"unit":{"@type":"Unit","@id":"20aadc24-a391-41cf-b340-3e4529f44bde","name":"kg"},"flowProperty":{"@type":"FlowProperty","@id":"93a60a56-a3c8-11da-a746-0800200b9a66","name":"Mass"},"@id":"8b599ef4-8539-3c04-821d-99a960e2f6bc"},{"@type":"Exchange","avoidedProduct":false,"input":false,"amount":3.3E-4,"flow":{"@type":"Flow","@id":"1827a862-ccac-37ac-9ad7-d2dffe71058c","name":"Nitrogen oxides ","flowType":"ELEMENTARY_FLOW"},"unit":{"@type":"Unit","@id":"20aadc24-a391-41cf-b340-3e4529f44bde","name":"kg"},"flowProperty":{"@type":"FlowProperty","@id":"93a60a56-a3c8-11da-a746-0800200b9a66","name":"Mass"},"@id":"ae480692-ab7f-3714-a8e0-82d070ea4d9b"},{"@type":"Exchange","avoidedProduct":false,"input":false,"amount":5.4E-8,"flow":{"@type":"Flow","@id":"05d25fc1-11cb-3e52-bdfc-c382779992c8","name":"Vanadium","flowType":"ELEMENTARY_FLOW"},"unit":{"@type":"Unit","@id":"20aadc24-a391-41cf-b340-3e4529f44bde","name":"kg"},"flowProperty":{"@type":"FlowProperty","@id":"93a60a56-a3c8-11da-a746-0800200b9a66","name":"Mass"},"@id":"42115d6e-ea76-34b4-8d05-5659f62340b5"},{"@type":"Exchange","avoidedProduct":false,"input":false,"amount":0.0024,"flow":{"@type":"Flow","@id":"ae4dd6ba-67a2-3884-b7ce-2f5b38c0571a","name":"Particulates, \u003c 10 um ","flowType":"ELEMENTARY_FLOW"},"unit":{"@type":"Unit","@id":"20aadc24-a391-41cf-b340-3e4529f44bde","name":"kg"},"flowProperty":{"@type":"FlowProperty","@id":"93a60a56-a3c8-11da-a746-0800200b9a66","name":"Mass"},"@id":"799af782-6c74-33b2-b1f8-8144382ebbae"},{"@type":"Exchange","avoidedProduct":false,"input":false,"amount":6.76E-10,"flow":{"@type":"Flow","@id":"c643d09b-c28b-3703-b6a3-c90bfe087475","name":"Chromium","flowType":"ELEMENTARY_FLOW"},"unit":{"@type":"Unit","@id":"20aadc24-a391-41cf-b340-3e4529f44bde","name":"kg"},"flowProperty":{"@type":"FlowProperty","@id":"93a60a56-a3c8-11da-a746-0800200b9a66","name":"Mass"},"@id":"584e24d7-6f90-3ef5-be83-66d65b8c42e7"},{"@type":"Exchange","avoidedProduct":false,"input":false,"amount":7.1E-5,"flow":{"@type":"Flow","@id":"4c1ecfe9-347c-3704-88a1-15c21dac8d18","name":"Methane, fossil","flowType":"ELEMENTARY_FLOW"},"unit":{"@type":"Unit","@id":"20aadc24-a391-41cf-b340-3e4529f44bde","name":"kg"},"flowProperty":{"@type":"FlowProperty","@id":"93a60a56-a3c8-11da-a746-0800200b9a66","name":"Mass"},"@id":"122b4536-ac67-392b-a34f-ecf79a7d3381"},{"@type":"Exchange","avoidedProduct":false,"input":false,"amount":2.4E-4,"flow":{"@type":"Flow","@id":"e10319a4-662e-3d3a-b3dc-03bbbca0e66f","name":"Particulates, \u003c 2.5 um ","flowType":"ELEMENTARY_FLOW"},"unit":{"@type":"Unit","@id":"20aadc24-a391-41cf-b340-3e4529f44bde","name":"kg"},"flowProperty":{"@type":"FlowProperty","@id":"93a60a56-a3c8-11da-a746-0800200b9a66","name":"Mass"},"@id":"fa571674-5c28-386a-8465-15fd2474c00e"},{"@type":"Exchange","avoidedProduct":false,"input":false,"amount":1.2E-11,"flow":{"@type":"Flow","@id":"6996fb26-c610-3dbe-8739-20b8a01d77b3","name":"Methane, tetrachloro-, CFC-10","flowType":"ELEMENTARY_FLOW"},"unit":{"@type":"Unit","@id":"20aadc24-a391-41cf-b340-3e4529f44bde","name":"kg"},"flowProperty":{"@type":"FlowProperty","@id":"93a60a56-a3c8-11da-a746-0800200b9a66","name":"Mass"},"@id":"d3d28fc5-fe62-3981-aaf0-c525d37ea726"},{"@type":"Exchange","avoidedProduct":false,"input":false,"amount":3.0E-9,"flow":{"@type":"Flow","@id":"b8d7c779-e771-335b-9443-1ce11dab8237","name":"Chromium","flowType":"ELEMENTARY_FLOW"},"unit":{"@type":"Unit","@id":"20aadc24-a391-41cf-b340-3e4529f44bde","name":"kg"},"flowProperty":{"@type":"FlowProperty","@id":"93a60a56-a3c8-11da-a746-0800200b9a66","name":"Mass"},"@id":"e51dc02e-e7db-3fb1-abdd-ba599a73292a"},{"@type":"Exchange","avoidedProduct":false,"input":false,"amount":1.5E-5,"flow":{"@type":"Flow","@id":"018872d0-ebce-3dfe-9552-3ff163fb468c","name":"Ammonia","flowType":"ELEMENTARY_FLOW"},"unit":{"@type":"Unit","@id":"20aadc24-a391-41cf-b340-3e4529f44bde","name":"kg"},"flowProperty":{"@type":"FlowProperty","@id":"93a60a56-a3c8-11da-a746-0800200b9a66","name":"Mass"},"@id":"ff3850c7-76db-3bf5-aba3-bf784b396521"},{"@type":"Exchange","avoidedProduct":false,"input":false,"amount":2.04E-9,"flow":{"@type":"Flow","@id":"c699151a-d569-3534-8ac8-36d6c0615820","name":"Antimony","flowType":"ELEMENTARY_FLOW"},"unit":{"@type":"Unit","@id":"20aadc24-a391-41cf-b340-3e4529f44bde","name":"kg"},"flowProperty":{"@type":"FlowProperty","@id":"93a60a56-a3c8-11da-a746-0800200b9a66","name":"Mass"},"@id":"edce4f3a-6b98-3f6e-99c0-afb1af9d2c62"},{"@type":"Exchange","avoidedProduct":false,"input":false,"amount":2.3E-7,"flow":{"@type":"Flow","@id":"c99b594a-70e7-3b22-9fcb-bcfdefa2411c","name":"Phenol","flowType":"ELEMENTARY_FLOW"},"unit":{"@type":"Unit","@id":"20aadc24-a391-41cf-b340-3e4529f44bde","name":"kg"},"flowProperty":{"@type":"FlowProperty","@id":"93a60a56-a3c8-11da-a746-0800200b9a66","name":"Mass"},"@id":"b1f661e0-1d22-36a0-81db-f69a2df5e172"},{"@type":"Exchange","avoidedProduct":false,"input":true,"amount":4.40889504679002,"description":"Values for ocean freighter transport are calculated based on average fuel consumption rates as determined from a personal communication with Rich Sonnenschein, U.S. Department of Transportation, Maritime Administration in February 2004: 10% of ocean freighters use diesel fuel, 90% use residual fuel, and a freighter that consumes residual fuel consumes 1.9 gallons per 1,000 ton-miles","flow":{"@type":"Flow","@id":"455470fa-1a78-344b-ae09-ffa4e22c1f8b","name":"Transport, ocean freighter, residual fuel oil powered","flowType":"PRODUCT_FLOW"},"unit":{"@type":"Unit","@id":"0dea4ed8-bb6b-4049-b2b4-b2c413ef2180","name":"t*km"},"flowProperty":{"@type":"FlowProperty","@id":"838aaa20-0117-11db-92e3-0800200c9a66","name":"Goods transport (mass*distance)"},"@id":"77ad2907-331b-3377-8e25-e22478240d43"},{"@type":"Exchange","avoidedProduct":false,"input":false,"amount":1.1E-6,"flow":{"@type":"Flow","@id":"0ba9c977-5398-3e0f-b3c9-d922e39d7894","name":"Benzene","flowType":"ELEMENTARY_FLOW"},"unit":{"@type":"Unit","@id":"20aadc24-a391-41cf-b340-3e4529f44bde","name":"kg"},"flowProperty":{"@type":"FlowProperty","@id":"93a60a56-a3c8-11da-a746-0800200b9a66","name":"Mass"},"@id":"97b83e3e-012f-33c0-9c4a-51feca2eec9b"},{"@type":"Exchange","avoidedProduct":false,"input":false,"amount":1.9E-7,"flow":{"@type":"Flow","@id":"94b59522-e080-3971-a363-f5a5d4b271df","name":"Sulfide","flowType":"ELEMENTARY_FLOW"},"unit":{"@type":"Unit","@id":"20aadc24-a391-41cf-b340-3e4529f44bde","name":"kg"},"flowProperty":{"@type":"FlowProperty","@id":"93a60a56-a3c8-11da-a746-0800200b9a66","name":"Mass"},"@id":"7a954512-3dc1-3060-925c-4a93effb0a4b"},{"@type":"Exchange","avoidedProduct":false,"input":false,"amount":3.4E-5,"flow":{"@type":"Flow","@id":"16a0fc94-eaec-315c-9f2f-328d8833dcad","name":"BOD5, Biological Oxygen Demand","flowType":"ELEMENTARY_FLOW"},"unit":{"@type":"Unit","@id":"20aadc24-a391-41cf-b340-3e4529f44bde","name":"kg"},"flowProperty":{"@type":"FlowProperty","@id":"93a60a56-a3c8-11da-a746-0800200b9a66","name":"Mass"},"@id":"8b25a6b1-0c9b-3acf-8459-e82bbe98c313"},{"@type":"Exchange","avoidedProduct":false,"input":false,"amount":6.0E-11,"flow":{"@type":"Flow","@id":"984bef7c-3a39-337f-8383-93457f65d597","name":"Mercury","flowType":"ELEMENTARY_FLOW"},"unit":{"@type":"Unit","@id":"20aadc24-a391-41cf-b340-3e4529f44bde","name":"kg"},"flowProperty":{"@type":"FlowProperty","@id":"93a60a56-a3c8-11da-a746-0800200b9a66","name":"Mass"},"@id":"a5267855-697e-3a32-84b7-9d68420bdd5b"},{"@type":"Exchange","avoidedProduct":false,"input":false,"amount":2.2E-8,"flow":{"@type":"Flow","@id":"66a50de2-82d3-3841-b595-02311544b582","name":"Methane, chlorotrifluoro-, CFC-13","flowType":"ELEMENTARY_FLOW"},"unit":{"@type":"Unit","@id":"20aadc24-a391-41cf-b340-3e4529f44bde","name":"kg"},"flowProperty":{"@type":"FlowProperty","@id":"93a60a56-a3c8-11da-a746-0800200b9a66","name":"Mass"},"@id":"ab572b9c-a1b7-3e9d-ae1c-00647cff6bc8"},{"@type":"Exchange","avoidedProduct":false,"input":false,"amount":9.8E-10,"flow":{"@type":"Flow","@id":"2300c22d-fa07-34a3-81a2-6fb72e63b09c","name":"Lead","flowType":"ELEMENTARY_FLOW"},"unit":{"@type":"Unit","@id":"20aadc24-a391-41cf-b340-3e4529f44bde","name":"kg"},"flowProperty":{"@type":"FlowProperty","@id":"93a60a56-a3c8-11da-a746-0800200b9a66","name":"Mass"},"@id":"2500c785-6dc6-3643-9ccf-48238168b979"},{"@type":"Exchange","avoidedProduct":false,"input":true,"amount":0.143,"flow":{"@type":"Flow","@id":"06581fb2-1de0-3e78-8298-f37605dea142","name":"Electricity, at grid, US, 2008","flowType":"PRODUCT_FLOW"},"unit":{"@type":"Unit","@id":"86ad2244-1f0e-4912-af53-7865283103e4","name":"kWh"},"flowProperty":{"@type":"FlowProperty","@id":"f6811440-ee37-11de-8a39-0800200c9a66","name":"Energy"},"@id":"0c246a1f-f0b8-3180-a5b8-9f1ab2693435"},{"@type":"Exchange","avoidedProduct":false,"input":false,"amount":0.0024,"flow":{"@type":"Flow","@id":"3398b3ee-0652-3778-a374-804cd0d7b6a6","name":"Sulfur oxides","flowType":"ELEMENTARY_FLOW"},"unit":{"@type":"Unit","@id":"20aadc24-a391-41cf-b340-3e4529f44bde","name":"kg"},"flowProperty":{"@type":"FlowProperty","@id":"93a60a56-a3c8-11da-a746-0800200b9a66","name":"Mass"},"@id":"e37db8e8-bb43-32b3-9931-b979059baa67"},{"@type":"Exchange","avoidedProduct":false,"input":false,"amount":1.6E-9,"flow":{"@type":"Flow","@id":"b4cec7e5-b107-3e94-8152-1d30a754387f","name":"Selenium","flowType":"ELEMENTARY_FLOW"},"unit":{"@type":"Unit","@id":"20aadc24-a391-41cf-b340-3e4529f44bde","name":"kg"},"flowProperty":{"@type":"FlowProperty","@id":"93a60a56-a3c8-11da-a746-0800200b9a66","name":"Mass"},"@id":"0f4b383a-d032-3362-ad49-97236e645a39"},{"@type":"Exchange","avoidedProduct":false,"input":false,"amount":5.75E-9,"flow":{"@type":"Flow","@id":"33f4a26e-9b49-3487-a296-b32ebb25be8f","name":"Nickel","flowType":"ELEMENTARY_FLOW"},"unit":{"@type":"Unit","@id":"20aadc24-a391-41cf-b340-3e4529f44bde","name":"kg"},"flowProperty":{"@type":"FlowProperty","@id":"93a60a56-a3c8-11da-a746-0800200b9a66","name":"Mass"},"@id":"eb897586-b9db-35c0-a48b-5ddb54cdabc0"},{"@type":"Exchange","avoidedProduct":false,"input":false,"amount":2.57E-10,"flow":{"@type":"Flow","@id":"6505c252-8e98-3e73-8e2b-e49deaf2598b","name":"Arsenic","flowType":"ELEMENTARY_FLOW"},"unit":{"@type":"Unit","@id":"20aadc24-a391-41cf-b340-3e4529f44bde","name":"kg"},"flowProperty":{"@type":"FlowProperty","@id":"93a60a56-a3c8-11da-a746-0800200b9a66","name":"Mass"},"@id":"5cdb36da-1794-30bb-9b97-8e4c57a0d39a"},{"@type":"Exchange","avoidedProduct":false,"input":false,"amount":0.013,"flow":{"@type":"Flow","@id":"80c9c183-6e8e-3cba-a608-1d70820c3ce9","name":"Carbon monoxide","flowType":"ELEMENTARY_FLOW"},"unit":{"@type":"Unit","@id":"20aadc24-a391-41cf-b340-3e4529f44bde","name":"kg"},"flowProperty":{"@type":"FlowProperty","@id":"93a60a56-a3c8-11da-a746-0800200b9a66","name":"Mass"},"@id":"369d39c7-28bd-3c55-b928-671025140c26"},{"@type":"Exchange","avoidedProduct":false,"input":false,"amount":4.3E-9,"flow":{"@type":"Flow","@id":"756b14c9-02cc-3903-817e-a6763a830a63","name":"Ethylene dibromide","flowType":"ELEMENTARY_FLOW"},"unit":{"@type":"Unit","@id":"20aadc24-a391-41cf-b340-3e4529f44bde","name":"kg"},"flowProperty":{"@type":"FlowProperty","@id":"93a60a56-a3c8-11da-a746-0800200b9a66","name":"Mass"},"@id":"2345d034-80b4-3039-8dd5-fc4d410ff601"},{"@type":"Exchange","avoidedProduct":false,"input":true,"amount":0.0272,"flow":{"@type":"Flow","@id":"654a5cf6-185f-3d91-89ef-42442d1825e8","name":"Residual fuel oil, combusted in industrial boiler","flowType":"PRODUCT_FLOW"},"unit":{"@type":"Unit","@id":"b80a512e-e402-4363-8ad0-7d02dcf4a459","name":"l"},"flowProperty":{"@type":"FlowProperty","@id":"93a60a56-a3c8-22da-a746-0800200c9a66","name":"Volume"},"@id":"264b946d-2c34-3586-ad4d-ba40f4fb128c"},{"@type":"Exchange","avoidedProduct":false,"input":true,"amount":9.58091590684154E-4,"description":"Values for barge transport are calculated based on average fuel consumption rates as reported in Transportation Energy Data Book: Edition 22 from Oak Ridge National Laboratory, September 2002: 22% of barges use diesel fuel in their engines, 78% use residual oil to generate steam for steam turbines, and a barge that consumes residual oil consumes 3.4 gallons per 1,000 ton-miles ","flow":{"@type":"Flow","@id":"c2cc68fe-1754-3468-a973-51c2f5c82fcd","name":"Transport, barge, residual fuel oil powered","flowType":"PRODUCT_FLOW"},"unit":{"@type":"Unit","@id":"0dea4ed8-bb6b-4049-b2b4-b2c413ef2180","name":"t*km"},"flowProperty":{"@type":"FlowProperty","@id":"838aaa20-0117-11db-92e3-0800200c9a66","name":"Goods transport (mass*distance)"},"@id":"a4fbf0c8-d978-352d-a045-4f1b420a7ae9"},{"@type":"Exchange","avoidedProduct":false,"input":true,"amount":0.0111,"flow":{"@type":"Flow","@id":"bb1dc159-fe13-3f8e-8197-361e8c770ba3","name":"Natural gas, combusted in industrial boiler","flowType":"PRODUCT_FLOW"},"unit":{"@type":"Unit","@id":"1c3a9695-398d-4b1f-b07e-a8715b610f70","name":"m3"},"flowProperty":{"@type":"FlowProperty","@id":"93a60a56-a3c8-22da-a746-0800200c9a66","name":"Volume"},"@id":"bd7ac02a-4b6b-3735-9202-d18ad82a7961"},{"@type":"Exchange","avoidedProduct":false,"input":false,"amount":2.8E-5,"flow":{"@type":"Flow","@id":"91c6fb89-85ed-310b-8197-fb35a753bd97","name":"Suspended solids, unspecified","flowType":"ELEMENTARY_FLOW"},"unit":{"@type":"Unit","@id":"20aadc24-a391-41cf-b340-3e4529f44bde","name":"kg"},"flowProperty":{"@type":"FlowProperty","@id":"93a60a56-a3c8-11da-a746-0800200b9a66","name":"Mass"},"@id":"7bbc2e29-73c3-327c-be80-f398040d4232"},{"@type":"Exchange","avoidedProduct":false,"input":false,"amount":2.5E-4,"flow":{"@type":"Flow","@id":"63af114b-afcb-3a82-801a-9c66208a673a","name":"Carbon dioxide, fossil ","flowType":"ELEMENTARY_FLOW"},"unit":{"@type":"Unit","@id":"20aadc24-a391-41cf-b340-3e4529f44bde","name":"kg"},"flowProperty":{"@type":"FlowProperty","@id":"93a60a56-a3c8-11da-a746-0800200b9a66","name":"Mass"},"@id":"4e541420-b95e-3bc7-8757-a1fd055e146b"},{"@type":"Exchange","avoidedProduct":false,"input":false,"amount":2.3E-4,"flow":{"@type":"Flow","@id":"33d5907f-322f-336d-b23f-f2959923f99f","name":"COD, Chemical Oxygen Demand","flowType":"ELEMENTARY_FLOW"},"unit":{"@type":"Unit","@id":"20aadc24-a391-41cf-b340-3e4529f44bde","name":"kg"},"flowProperty":{"@type":"FlowProperty","@id":"93a60a56-a3c8-11da-a746-0800200b9a66","name":"Mass"},"@id":"191db156-2685-3046-8ee3-3bd8e6aed969"},{"@type":"Exchange","avoidedProduct":false,"input":true,"amount":0.00560421083986623,"flow":{"@type":"Flow","@id":"838cef47-a3a6-3dce-bcb2-560991c5e95c","name":"CUTOFF Disposal, solid waste, unspecified, to sanitary landfill","flowType":"PRODUCT_FLOW"},"unit":{"@type":"Unit","@id":"20aadc24-a391-41cf-b340-3e4529f44bde","name":"kg"},"flowProperty":{"@type":"FlowProperty","@id":"93a60a56-a3c8-11da-a746-0800200b9a66","name":"Mass"},"@id":"3bb9fb97-8ec1-372a-9994-6c89c47d3a09"},{"@type":"Exchange","avoidedProduct":false,"input":true,"amount":0.489877227421113,"description":"Values for ocean freighter transport are calculated based on average fuel consumption rates as determined from a personal communication with Rich Sonnenschein, U.S. Department of Transportation, Maritime Administration in February 2004: 10% of ocean freighters use diesel fuel, 90% use residual fuel, and a freighter that consumes residual fuel consumes 1.9 gallons per 1,000 ton-miles","flow":{"@type":"Flow","@id":"bdfa087f-b7fe-30da-8912-66722f328da6","name":"Transport, ocean freighter, diesel powered","flowType":"PRODUCT_FLOW"},"unit":{"@type":"Unit","@id":"0dea4ed8-bb6b-4049-b2b4-b2c413ef2180","name":"t*km"},"flowProperty":{"@type":"FlowProperty","@id":"838aaa20-0117-11db-92e3-0800200c9a66","name":"Goods transport (mass*distance)"},"@id":"4d74c67b-9469-3f6c-952e-1b016d42967f"}]}