{"@context":"http://greendelta.github.io/olca-schema/context.jsonld","@type":"Process","@id":"b15aa6b2-a8be-3afc-a149-0a1a13facb12","name":"Recycled postconsumer HDPE pellet","version":"00.00.000","lastChange":"2015-08-20T15:35:54.679-06:00","category":{"@type":"Category","@id":"d412ec7e-7b80-3ad2-921e-72c868be9148","name":"Processing postconsumer HDPE to pellet"},"processType":"UNIT_PROCESS","infrastructureProcess":false,"location":{"@type":"Location","@id":"b320e7db-c758-3ba6-8839-81eb83c9d7d7","name":"Northern America"},"processDocumentation":{"@type":"ProcessDocumentation","technologyDescription":"Typical","restrictionsDescription":"All information can be accessed by everybody.","copyright":false,"validFrom":"2006-12-31T00:00:00-07:00","validUntil":"2008-12-31T00:00:00-07:00","creationDate":"2015-08-20T15:35:54-06:00","geographyDescription":"United States","dataDocumentor":{"@type":"Actor","@id":"f238e394-b16d-3194-9c3d-cfd600a1cc95","name":"Franklin Associates"},"dataGenerator":{"@type":"Actor","@id":"f238e394-b16d-3194-9c3d-cfd600a1cc95","name":"Franklin Associates"},"sources":[{"@type":"Source","@id":"7c9805e8-276e-3f66-bfa5-aa9d723cd357","name":"THE PLASTICS DIVISION OF THE AMERICAN CH "}]},"exchanges":[{"@type":"Exchange","avoidedProduct":false,"input":false,"amount":1.0,"description":"Depending on the practitioner\u0027s choice of methodology, some share of the virgin material burdens for initially producing the plastic may be allocated to the recycled resin.","flow":{"@type":"Flow","@id":"c0e21190-462d-3466-b90f-a32b241a70f4","name":"Recycled postconsumer HDPE pellet","flowType":"PRODUCT_FLOW"},"unit":{"@type":"Unit","@id":"20aadc24-a391-41cf-b340-3e4529f44bde","name":"kg"},"flowProperty":{"@type":"FlowProperty","@id":"93a60a56-a3c8-11da-a746-0800200b9a66","name":"Mass"},"@id":"760a9d6e-d389-326f-8177-4d683e7347cf","quantitativeReference":true},{"@type":"Exchange","avoidedProduct":false,"input":true,"amount":0.49,"flow":{"@type":"Flow","@id":"73e33e2a-67d5-31e2-8449-b6f2d7b46bb2","name":"Electricity, at grid, US, 2000","flowType":"PRODUCT_FLOW"},"unit":{"@type":"Unit","@id":"86ad2244-1f0e-4912-af53-7865283103e4","name":"kWh"},"flowProperty":{"@type":"FlowProperty","@id":"f6811440-ee37-11de-8a39-0800200c9a66","name":"Energy"},"@id":"3aebaed2-e067-3a79-b2d6-db4b30b01eec"},{"@type":"Exchange","avoidedProduct":false,"input":false,"amount":9.1E-6,"flow":{"@type":"Flow","@id":"a3ed03de-f771-3946-94f3-a02a10d4ca74","name":"Dissolved solids","flowType":"ELEMENTARY_FLOW"},"unit":{"@type":"Unit","@id":"20aadc24-a391-41cf-b340-3e4529f44bde","name":"kg"},"flowProperty":{"@type":"FlowProperty","@id":"93a60a56-a3c8-11da-a746-0800200b9a66","name":"Mass"},"@id":"78206533-de45-30f4-a729-393925f3ff27"},{"@type":"Exchange","avoidedProduct":false,"input":true,"amount":0.013,"flow":{"@type":"Flow","@id":"9235b8f6-8af5-3c80-9da1-09d6f3ad3e04","name":"CUTOFF Disposal, solid waste, unspecified, to incineration with energy recovery","flowType":"PRODUCT_FLOW"},"unit":{"@type":"Unit","@id":"20aadc24-a391-41cf-b340-3e4529f44bde","name":"kg"},"flowProperty":{"@type":"FlowProperty","@id":"93a60a56-a3c8-11da-a746-0800200b9a66","name":"Mass"},"@id":"9b2c02a2-abd1-3ced-b5cc-8517ecdec83e"},{"@type":"Exchange","avoidedProduct":false,"input":false,"amount":1.5E-5,"flow":{"@type":"Flow","@id":"e10319a4-662e-3d3a-b3dc-03bbbca0e66f","name":"Particulates, \u003c 2.5 um ","flowType":"ELEMENTARY_FLOW"},"unit":{"@type":"Unit","@id":"20aadc24-a391-41cf-b340-3e4529f44bde","name":"kg"},"flowProperty":{"@type":"FlowProperty","@id":"93a60a56-a3c8-11da-a746-0800200b9a66","name":"Mass"},"@id":"0d746304-7904-369d-a769-7707ae5ade65"},{"@type":"Exchange","avoidedProduct":false,"input":false,"amount":3.0E-4,"description":"Unknown how much of the waterborne emissions are from washing chemicals versus material washed off received plastic. These emissions are not included in the material balance.","flow":{"@type":"Flow","@id":"16a0fc94-eaec-315c-9f2f-328d8833dcad","name":"BOD5, Biological Oxygen Demand","flowType":"ELEMENTARY_FLOW"},"unit":{"@type":"Unit","@id":"20aadc24-a391-41cf-b340-3e4529f44bde","name":"kg"},"flowProperty":{"@type":"FlowProperty","@id":"93a60a56-a3c8-11da-a746-0800200b9a66","name":"Mass"},"@id":"24721735-eb46-335d-a4fe-09f82a3149f7"},{"@type":"Exchange","avoidedProduct":false,"input":true,"amount":0.066,"description":"Wastes landfilled or incinerated include bale wire trash, labels, PVC in incoming bale, and other materials that become processing wastes or sludges. ","flow":{"@type":"Flow","@id":"f8973d41-1ca2-3034-94da-5bfa0f7a0202","name":"CUTOFF Disposal, solid waste, unspecified, to unspecified landfill","flowType":"PRODUCT_FLOW"},"unit":{"@type":"Unit","@id":"20aadc24-a391-41cf-b340-3e4529f44bde","name":"kg"},"flowProperty":{"@type":"FlowProperty","@id":"93a60a56-a3c8-11da-a746-0800200b9a66","name":"Mass"},"@id":"fd9e4e39-a10c-350c-9af9-632163d540cd"},{"@type":"Exchange","avoidedProduct":false,"input":false,"amount":2.9E-4,"flow":{"@type":"Flow","@id":"91c6fb89-85ed-310b-8197-fb35a753bd97","name":"Suspended solids, unspecified","flowType":"ELEMENTARY_FLOW"},"unit":{"@type":"Unit","@id":"20aadc24-a391-41cf-b340-3e4529f44bde","name":"kg"},"flowProperty":{"@type":"FlowProperty","@id":"93a60a56-a3c8-11da-a746-0800200b9a66","name":"Mass"},"@id":"646d88bd-0db1-3864-8962-a184ef5f0147"},{"@type":"Exchange","avoidedProduct":false,"input":true,"amount":5.7E-4,"flow":{"@type":"Flow","@id":"95726986-e5b2-3b0d-b9bb-a81ec812252b","name":"CUTOFF Wetting agent, unspecified","flowType":"PRODUCT_FLOW"},"unit":{"@type":"Unit","@id":"20aadc24-a391-41cf-b340-3e4529f44bde","name":"kg"},"flowProperty":{"@type":"FlowProperty","@id":"93a60a56-a3c8-11da-a746-0800200b9a66","name":"Mass"},"@id":"12d25747-5698-3ad1-9362-7bc858fe4d47"},{"@type":"Exchange","avoidedProduct":false,"input":true,"amount":6.0E-5,"flow":{"@type":"Flow","@id":"afb14b66-ed8f-3acf-8080-7fcfde4019ab","name":"CUTOFF Alkaline cleaner, unspecified","flowType":"PRODUCT_FLOW"},"unit":{"@type":"Unit","@id":"20aadc24-a391-41cf-b340-3e4529f44bde","name":"kg"},"flowProperty":{"@type":"FlowProperty","@id":"93a60a56-a3c8-11da-a746-0800200b9a66","name":"Mass"},"@id":"15bcdbae-b55e-3653-a758-d761cdc50862"},{"@type":"Exchange","avoidedProduct":false,"input":true,"amount":2.7E-4,"description":"Pure weight of NaOH for the solution used","flow":{"@type":"Flow","@id":"bf2b1e5a-4c92-3974-a2fd-a68898833086","name":"Sodium hydroxide, production mix, at plant","flowType":"PRODUCT_FLOW"},"unit":{"@type":"Unit","@id":"20aadc24-a391-41cf-b340-3e4529f44bde","name":"kg"},"flowProperty":{"@type":"FlowProperty","@id":"93a60a56-a3c8-11da-a746-0800200b9a66","name":"Mass"},"@id":"4d197dd5-2f98-3d5a-9e93-f9e31bd2e33b"},{"@type":"Exchange","avoidedProduct":false,"input":true,"amount":0.00152,"flow":{"@type":"Flow","@id":"2f568e74-ba85-3184-8269-40725b2d19c6","name":"CUTOFF Defoamant, unspecified","flowType":"PRODUCT_FLOW"},"unit":{"@type":"Unit","@id":"20aadc24-a391-41cf-b340-3e4529f44bde","name":"kg"},"flowProperty":{"@type":"FlowProperty","@id":"93a60a56-a3c8-11da-a746-0800200b9a66","name":"Mass"},"@id":"07c2ad62-4440-356b-9d73-528e0f2cbd32"},{"@type":"Exchange","avoidedProduct":false,"input":true,"amount":0.046397,"description":"Percentage of postconsumer HDPE collected via California container refund value (CRV) system. Includes wt of contaminants in incoming material.","flow":{"@type":"Flow","@id":"feb3d390-bacc-37ce-8568-1776c96a78a1","name":"Deposit containers, at collection, CRV","flowType":"PRODUCT_FLOW"},"unit":{"@type":"Unit","@id":"20aadc24-a391-41cf-b340-3e4529f44bde","name":"kg"},"flowProperty":{"@type":"FlowProperty","@id":"93a60a56-a3c8-11da-a746-0800200b9a66","name":"Mass"},"@id":"176a20f0-998d-33dc-aefe-aa0eb27483d0"},{"@type":"Exchange","avoidedProduct":false,"input":true,"amount":0.0077,"flow":{"@type":"Flow","@id":"bb1dc159-fe13-3f8e-8197-361e8c770ba3","name":"Natural gas, combusted in industrial boiler","flowType":"PRODUCT_FLOW"},"unit":{"@type":"Unit","@id":"1c3a9695-398d-4b1f-b07e-a8715b610f70","name":"m3"},"flowProperty":{"@type":"FlowProperty","@id":"93a60a56-a3c8-22da-a746-0800200c9a66","name":"Volume"},"@id":"b3a50e74-3ce5-38fc-bd8c-b67fbad710bf"},{"@type":"Exchange","avoidedProduct":false,"input":true,"amount":3.9124483223422,"description":"Water input to washing","flow":{"@type":"Flow","@id":"48719b78-8f64-373c-b99d-ac1003335dc3","name":"Water, process","flowType":"ELEMENTARY_FLOW"},"unit":{"@type":"Unit","@id":"b80a512e-e402-4363-8ad0-7d02dcf4a459","name":"l"},"flowProperty":{"@type":"FlowProperty","@id":"93a60a56-a3c8-22da-a746-0800200c9a66","name":"Volume"},"@id":"05fa3fe0-30d1-3759-8116-411239f8f7cf"},{"@type":"Exchange","avoidedProduct":false,"input":false,"amount":1.5E-6,"flow":{"@type":"Flow","@id":"33d5907f-322f-336d-b23f-f2959923f99f","name":"COD, Chemical Oxygen Demand","flowType":"ELEMENTARY_FLOW"},"unit":{"@type":"Unit","@id":"20aadc24-a391-41cf-b340-3e4529f44bde","name":"kg"},"flowProperty":{"@type":"FlowProperty","@id":"93a60a56-a3c8-11da-a746-0800200b9a66","name":"Mass"},"@id":"84363f36-32ee-3597-9d64-4277ef7f91c4"},{"@type":"Exchange","avoidedProduct":false,"input":true,"amount":1.8E-4,"flow":{"@type":"Flow","@id":"e04995fa-935b-316c-b112-5b436c8ea3d6","name":"Diesel, combusted in industrial boiler","flowType":"PRODUCT_FLOW"},"unit":{"@type":"Unit","@id":"b80a512e-e402-4363-8ad0-7d02dcf4a459","name":"l"},"flowProperty":{"@type":"FlowProperty","@id":"93a60a56-a3c8-22da-a746-0800200c9a66","name":"Volume"},"@id":"b14e26d4-3e12-3088-ae34-5a1b577fd6cb"},{"@type":"Exchange","avoidedProduct":false,"input":false,"amount":2.3E-5,"flow":{"@type":"Flow","@id":"45165759-cf7d-3e13-92fd-6da29a0fe5b6","name":"Particulates, \u003e10um","flowType":"ELEMENTARY_FLOW"},"unit":{"@type":"Unit","@id":"20aadc24-a391-41cf-b340-3e4529f44bde","name":"kg"},"flowProperty":{"@type":"FlowProperty","@id":"93a60a56-a3c8-11da-a746-0800200b9a66","name":"Mass"},"@id":"62cbd2b6-460b-32c5-8862-093ff5ba642b"},{"@type":"Exchange","avoidedProduct":false,"input":false,"amount":3.4663853464726,"description":"Water returned after washing (reflects evaporative losses of water carried out with washed resin and evaporated during drying)","flow":{"@type":"Flow","@id":"11f48c74-8e87-3dfa-ad91-74dc4ef12fa9","name":"Water","flowType":"ELEMENTARY_FLOW"},"unit":{"@type":"Unit","@id":"b80a512e-e402-4363-8ad0-7d02dcf4a459","name":"l"},"flowProperty":{"@type":"FlowProperty","@id":"93a60a56-a3c8-22da-a746-0800200c9a66","name":"Volume"},"@id":"1757939a-d2a4-35d4-b637-5e212f8e8e78"},{"@type":"Exchange","avoidedProduct":false,"input":true,"amount":0.0011,"flow":{"@type":"Flow","@id":"f77da622-e84d-3639-8917-fcf792aaee13","name":"Liquefied petroleum gas, combusted in industrial boiler","flowType":"PRODUCT_FLOW"},"unit":{"@type":"Unit","@id":"b80a512e-e402-4363-8ad0-7d02dcf4a459","name":"l"},"flowProperty":{"@type":"FlowProperty","@id":"93a60a56-a3c8-22da-a746-0800200c9a66","name":"Volume"},"@id":"482aa692-5cbd-3688-a509-8019ce4f0dcf"},{"@type":"Exchange","avoidedProduct":false,"input":true,"amount":0.911123245546004,"description":"Represents transport of inbound material (HDPE and contaminants).","flow":{"@type":"Flow","@id":"628c07ec-0802-39c1-ab88-1c62848ef436","name":"Transport, combination truck, diesel powered","flowType":"PRODUCT_FLOW"},"unit":{"@type":"Unit","@id":"0dea4ed8-bb6b-4049-b2b4-b2c413ef2180","name":"t*km"},"flowProperty":{"@type":"FlowProperty","@id":"838aaa20-0117-11db-92e3-0800200c9a66","name":"Goods transport (mass*distance)"},"@id":"35a1c0c2-05d3-3061-abb4-c10f047ab862"},{"@type":"Exchange","avoidedProduct":false,"input":true,"amount":1.032603,"description":"Includes wt of contaminants in incoming material from MRF.","flow":{"@type":"Flow","@id":"2be6ce29-93cb-3106-8a99-4b9cf7dd27ef","name":"Mixed recyclables, sorted at MRF","flowType":"PRODUCT_FLOW"},"unit":{"@type":"Unit","@id":"20aadc24-a391-41cf-b340-3e4529f44bde","name":"kg"},"flowProperty":{"@type":"FlowProperty","@id":"93a60a56-a3c8-11da-a746-0800200b9a66","name":"Mass"},"@id":"6aa7c716-3613-35c2-b624-4d77931d2c38"},{"@type":"Exchange","avoidedProduct":false,"input":true,"amount":7.7E-4,"flow":{"@type":"Flow","@id":"a5aa7b59-9ac1-3dd9-a0d2-f7f3451c05e1","name":"CUTOFF Surfactant, unspecified","flowType":"PRODUCT_FLOW"},"unit":{"@type":"Unit","@id":"20aadc24-a391-41cf-b340-3e4529f44bde","name":"kg"},"flowProperty":{"@type":"FlowProperty","@id":"93a60a56-a3c8-11da-a746-0800200b9a66","name":"Mass"},"@id":"569faff3-76ae-32b0-b1bb-f0230b785c49"}]}