{"@context":"http://greendelta.github.io/olca-schema/context.jsonld","@type":"Process","@id":"b19fe3da-392e-36af-9342-910be1d2160a","name":"Polyvinyl chloride, resin, at plant","version":"00.00.000","lastChange":"2013-10-22T14:04:35-06:00","category":{"@type":"Category","@id":"05ee7247-d00d-304a-97e8-4a376ca05972","name":"Petrochemical Manufacturing"},"processType":"UNIT_PROCESS","infrastructureProcess":false,"location":{"@type":"Location","@id":"b320e7db-c758-3ba6-8839-81eb83c9d7d7","name":"Northern America"},"processDocumentation":{"@type":"ProcessDocumentation","technologyDescription":"Suspension polymerization of PVC resin.","samplingDescription":"Data are from primary sources. Data for the production of PVC were provided by three leading producers (3 plants) in North America.  At the time this data was collected, there were 12 companies and 25 plants producing PVC. The companies that provided data were the 3 largest producers of PVC at the time. Due to this, we are estimating that these companies produced greater than 50% of the PVC market share. The PVC producers who provided data for this module verified that the characteristics of their plants are representative of a majority of North American PVC suspension technology production. ","restrictionsDescription":"All information can be accessed by everybody.","copyright":false,"validFrom":"2002-12-31T00:00:00-07:00","validUntil":"2003-12-31T00:00:00-07:00","creationDate":"2013-10-22T14:04:35-06:00","geographyDescription":"US","dataDocumentor":{"@type":"Actor","@id":"721bcfe4-ee92-33bc-a9bd-bbf5ba3cb52d","name":"Franklin Associates"},"dataGenerator":{"@type":"Actor","@id":"721bcfe4-ee92-33bc-a9bd-bbf5ba3cb52d","name":"Franklin Associates"},"publication":{"@type":"Source","@id":"9cdb0fb9-c3f9-37c7-98e0-ca7d811e1555","name":"THE PLASTICS DIVISION OF THE ACC "},"sources":[{"@type":"Source","@id":"9cdb0fb9-c3f9-37c7-98e0-ca7d811e1555","name":"THE PLASTICS DIVISION OF THE ACC "}]},"exchanges":[{"@type":"Exchange","avoidedProduct":false,"input":false,"amount":1.0,"flow":{"@type":"Flow","@id":"f5d9a8c8-53d8-37a2-8b48-49412b0b9fad","name":"Polyvinyl chloride, resin, at plant","flowType":"PRODUCT_FLOW"},"unit":{"@type":"Unit","@id":"20aadc24-a391-41cf-b340-3e4529f44bde","name":"kg"},"flowProperty":{"@type":"FlowProperty","@id":"93a60a56-a3c8-11da-a746-0800200b9a66","name":"Mass"},"@id":"e71f9667-5fdb-3bc9-bc7f-35d9f013d2ef","quantitativeReference":true},{"@type":"Exchange","avoidedProduct":false,"input":false,"amount":1.0E-7,"description":"This emission was reported by fewer than three companies. To indicate known emissions while protecting the confidentiality of individual company responses, the emission is reported only by order of magnitude.","flow":{"@type":"Flow","@id":"b6c641ee-4834-350c-96c1-1acb1906e7df","name":"Chromium, unspecified","flowType":"ELEMENTARY_FLOW"},"unit":{"@type":"Unit","@id":"20aadc24-a391-41cf-b340-3e4529f44bde","name":"kg"},"flowProperty":{"@type":"FlowProperty","@id":"93a60a56-a3c8-11da-a746-0800200b9a66","name":"Mass"},"@id":"5b09f67e-6e34-3247-bc9e-431e54e448a9"},{"@type":"Exchange","avoidedProduct":false,"input":true,"amount":0.28059,"description":"Transport is specific to chlorine transported to PVC producers. Individual amounts of each incoming material were multiplied by the incoming distance travelled. These are totaled weighted averages of the primary incoming transport data from each participating facility.","flow":{"@type":"Flow","@id":"73c7494d-4e93-3769-896b-8bb82f0dfccc","name":"Transport, train, diesel powered","flowType":"PRODUCT_FLOW"},"unit":{"@type":"Unit","@id":"0dea4ed8-bb6b-4049-b2b4-b2c413ef2180","name":"t*km"},"flowProperty":{"@type":"FlowProperty","@id":"838aaa20-0117-11db-92e3-0800200c9a66","name":"Goods transport (mass*distance)"},"@id":"7b94124d-3e3b-3a6f-80ef-52c5d4b33c73"},{"@type":"Exchange","avoidedProduct":false,"input":false,"amount":1.0E-5,"description":"This emission was reported by fewer than three companies. To indicate known emissions while protecting the confidentiality of individual company responses, the emission is reported only by order of magnitude.","flow":{"@type":"Flow","@id":"fce7dbb7-d08d-34ae-875c-1afb623e7213","name":"Chlorine","flowType":"ELEMENTARY_FLOW"},"unit":{"@type":"Unit","@id":"20aadc24-a391-41cf-b340-3e4529f44bde","name":"kg"},"flowProperty":{"@type":"FlowProperty","@id":"93a60a56-a3c8-11da-a746-0800200b9a66","name":"Mass"},"@id":"26b0f7aa-5db1-32a3-afed-df2ad2c6c9c2"},{"@type":"Exchange","avoidedProduct":false,"input":false,"amount":1.0E-6,"description":"This emission was reported by fewer than three companies. To indicate known emissions while protecting the confidentiality of individual company responses, the emission is reported only by order of magnitude.","flow":{"@type":"Flow","@id":"018872d0-ebce-3dfe-9552-3ff163fb468c","name":"Ammonia","flowType":"ELEMENTARY_FLOW"},"unit":{"@type":"Unit","@id":"20aadc24-a391-41cf-b340-3e4529f44bde","name":"kg"},"flowProperty":{"@type":"FlowProperty","@id":"93a60a56-a3c8-11da-a746-0800200b9a66","name":"Mass"},"@id":"9c185d22-ce85-3882-a1c2-3a9741830975"},{"@type":"Exchange","avoidedProduct":false,"input":true,"amount":0.091116,"flow":{"@type":"Flow","@id":"fc76d79e-b0fb-376f-807b-02fe2098aa88","name":"Electricity, at cogen, for natural gas turbine","flowType":"PRODUCT_FLOW"},"unit":{"@type":"Unit","@id":"86ad2244-1f0e-4912-af53-7865283103e4","name":"kWh"},"flowProperty":{"@type":"FlowProperty","@id":"f6811440-ee37-11de-8a39-0800200c9a66","name":"Energy"},"@id":"28bc9976-e17e-3945-b659-9b600c94bb6e"},{"@type":"Exchange","avoidedProduct":false,"input":true,"amount":0.057745,"flow":{"@type":"Flow","@id":"bb1dc159-fe13-3f8e-8197-361e8c770ba3","name":"Natural gas, combusted in industrial boiler","flowType":"PRODUCT_FLOW"},"unit":{"@type":"Unit","@id":"1c3a9695-398d-4b1f-b07e-a8715b610f70","name":"m3"},"flowProperty":{"@type":"FlowProperty","@id":"93a60a56-a3c8-22da-a746-0800200c9a66","name":"Volume"},"@id":"e6d7bd54-9bdb-3109-9dfe-6273a489d1b7"},{"@type":"Exchange","avoidedProduct":false,"input":false,"amount":8.67E-13,"description":"This emission was provided by the Vinyl Institute based on 2011 Dioxin TRI values and accounts for the entire EDC/VCM/PVC production emissions. These amounts were calculated as toxic equivalent values (TEQ).","flow":{"@type":"Flow","@id":"4d9fb0a2-f6b0-344e-b830-af5ace8bba5c","name":"Dioxins, measured as 2,3,7,8-tetrachlorodibenzo-p-dioxin","flowType":"ELEMENTARY_FLOW"},"unit":{"@type":"Unit","@id":"20aadc24-a391-41cf-b340-3e4529f44bde","name":"kg"},"flowProperty":{"@type":"FlowProperty","@id":"93a60a56-a3c8-11da-a746-0800200b9a66","name":"Mass"},"@id":"4ea6deab-7922-3d02-a575-758425070e69"},{"@type":"Exchange","avoidedProduct":false,"input":false,"amount":1.0E-7,"description":"This emission was reported by fewer than three companies. To indicate known emissions while protecting the confidentiality of individual company responses, the emission is reported only by order of magnitude.","flow":{"@type":"Flow","@id":"dbe659c1-d252-37bd-a77e-a0674ded4f4a","name":"Zinc","flowType":"ELEMENTARY_FLOW"},"unit":{"@type":"Unit","@id":"20aadc24-a391-41cf-b340-3e4529f44bde","name":"kg"},"flowProperty":{"@type":"FlowProperty","@id":"93a60a56-a3c8-11da-a746-0800200b9a66","name":"Mass"},"@id":"419d1d94-7cd1-36f1-80d4-8d5192774e7e"},{"@type":"Exchange","avoidedProduct":false,"input":true,"amount":0.0038603,"description":"Transport is specific to chlorine transported to PVC producers. Individual amounts of each incoming material were multiplied by the incoming distance travelled. These are totaled weighted averages of the primary incoming transport data from each participating facility.","flow":{"@type":"Flow","@id":"acbe5bc4-6afd-31aa-bf3f-4a3fdc491945","name":"Transport, pipeline, unspecified petroleum products","flowType":"PRODUCT_FLOW"},"unit":{"@type":"Unit","@id":"0dea4ed8-bb6b-4049-b2b4-b2c413ef2180","name":"t*km"},"flowProperty":{"@type":"FlowProperty","@id":"838aaa20-0117-11db-92e3-0800200c9a66","name":"Goods transport (mass*distance)"},"@id":"01f5f960-cfbc-3a55-903b-b3d10215f3e5"},{"@type":"Exchange","avoidedProduct":false,"input":true,"amount":0.16402,"flow":{"@type":"Flow","@id":"06581fb2-1de0-3e78-8298-f37605dea142","name":"Electricity, at grid, US, 2008","flowType":"PRODUCT_FLOW"},"unit":{"@type":"Unit","@id":"86ad2244-1f0e-4912-af53-7865283103e4","name":"kWh"},"flowProperty":{"@type":"FlowProperty","@id":"f6811440-ee37-11de-8a39-0800200c9a66","name":"Energy"},"@id":"1d322fe7-de62-3582-96f1-cc47a8382a0d"},{"@type":"Exchange","avoidedProduct":false,"input":true,"amount":1.001,"flow":{"@type":"Flow","@id":"d9aa7527-5ab6-3052-9b26-07e930d95ec6","name":"Ethylene dichloride-vinyl chloride monomer, at plant","flowType":"PRODUCT_FLOW"},"unit":{"@type":"Unit","@id":"20aadc24-a391-41cf-b340-3e4529f44bde","name":"kg"},"flowProperty":{"@type":"FlowProperty","@id":"93a60a56-a3c8-11da-a746-0800200b9a66","name":"Mass"},"@id":"cfcb4873-8f67-3ef9-a3dd-5c0db46d6fa8"},{"@type":"Exchange","avoidedProduct":false,"input":false,"amount":6.8E-5,"flow":{"@type":"Flow","@id":"33d5907f-322f-336d-b23f-f2959923f99f","name":"COD, Chemical Oxygen Demand","flowType":"ELEMENTARY_FLOW"},"unit":{"@type":"Unit","@id":"20aadc24-a391-41cf-b340-3e4529f44bde","name":"kg"},"flowProperty":{"@type":"FlowProperty","@id":"93a60a56-a3c8-11da-a746-0800200b9a66","name":"Mass"},"@id":"f40f6bc3-ced6-3008-96a2-f6413b57573b"},{"@type":"Exchange","avoidedProduct":false,"input":false,"amount":8.7E-5,"flow":{"@type":"Flow","@id":"b641465b-5594-34f2-a9f8-72ceb302de17","name":"Particulates, unspecified","flowType":"ELEMENTARY_FLOW"},"unit":{"@type":"Unit","@id":"20aadc24-a391-41cf-b340-3e4529f44bde","name":"kg"},"flowProperty":{"@type":"FlowProperty","@id":"93a60a56-a3c8-11da-a746-0800200b9a66","name":"Mass"},"@id":"1899b14d-de25-331c-83db-81f81657ef61"},{"@type":"Exchange","avoidedProduct":false,"input":false,"amount":1.0E-9,"description":"This emission was reported by fewer than three companies. To indicate known emissions while protecting the confidentiality of individual company responses, the emission is reported only by order of magnitude.","flow":{"@type":"Flow","@id":"029965e2-8227-3af2-a379-0bec2d656e7f","name":"Cyanide","flowType":"ELEMENTARY_FLOW"},"unit":{"@type":"Unit","@id":"20aadc24-a391-41cf-b340-3e4529f44bde","name":"kg"},"flowProperty":{"@type":"FlowProperty","@id":"93a60a56-a3c8-11da-a746-0800200b9a66","name":"Mass"},"@id":"d9cbf114-2c0f-3777-b331-ea16c10e4170"},{"@type":"Exchange","avoidedProduct":false,"input":false,"amount":9.9E-8,"flow":{"@type":"Flow","@id":"d53034f6-f44f-3ece-b946-c5e885833fab","name":"Phenol compounds, unspecified","flowType":"ELEMENTARY_FLOW"},"unit":{"@type":"Unit","@id":"20aadc24-a391-41cf-b340-3e4529f44bde","name":"kg"},"flowProperty":{"@type":"FlowProperty","@id":"93a60a56-a3c8-11da-a746-0800200b9a66","name":"Mass"},"@id":"4fbf00df-7973-37aa-80ef-b69d05102219"},{"@type":"Exchange","avoidedProduct":false,"input":false,"amount":1.0E-7,"description":"This emission was reported by fewer than three companies. To indicate known emissions while protecting the confidentiality of individual company responses, the emission is reported only by order of magnitude.","flow":{"@type":"Flow","@id":"bd6eb54f-0d2e-3a63-a3ac-98e0cf458d35","name":"Hydrogen Chloride","flowType":"ELEMENTARY_FLOW"},"unit":{"@type":"Unit","@id":"20aadc24-a391-41cf-b340-3e4529f44bde","name":"kg"},"flowProperty":{"@type":"FlowProperty","@id":"93a60a56-a3c8-11da-a746-0800200b9a66","name":"Mass"},"@id":"d5ca637a-7e30-374a-9dfe-fea01415f01e"},{"@type":"Exchange","avoidedProduct":false,"input":false,"amount":1.0E-6,"description":"This emission was reported by fewer than three companies. To indicate known emissions while protecting the confidentiality of individual company responses, the emission is reported only by order of magnitude.","flow":{"@type":"Flow","@id":"8edf326a-2e6d-3491-adef-f99e27e35043","name":"Methane, difluromonochloro-, HCFC-22","flowType":"ELEMENTARY_FLOW"},"unit":{"@type":"Unit","@id":"20aadc24-a391-41cf-b340-3e4529f44bde","name":"kg"},"flowProperty":{"@type":"FlowProperty","@id":"93a60a56-a3c8-11da-a746-0800200b9a66","name":"Mass"},"@id":"d62021fd-bc13-3d1c-ada9-7963e96c8095"},{"@type":"Exchange","avoidedProduct":false,"input":false,"amount":1.0E-5,"description":"This emission was reported by fewer than three companies. To indicate known emissions while protecting the confidentiality of individual company responses, the emission is reported only by order of magnitude.","flow":{"@type":"Flow","@id":"58240a5f-4fe6-30b7-8a82-23994552108d","name":"Nitrates","flowType":"ELEMENTARY_FLOW"},"unit":{"@type":"Unit","@id":"20aadc24-a391-41cf-b340-3e4529f44bde","name":"kg"},"flowProperty":{"@type":"FlowProperty","@id":"93a60a56-a3c8-11da-a746-0800200b9a66","name":"Mass"},"@id":"47a81129-8cd1-3646-9c2b-59c22a92ad4c"},{"@type":"Exchange","avoidedProduct":false,"input":true,"amount":0.0010096,"description":"Franklin Associates uses a default as opposed to Egalitarian approach in collecting data for water use. During data collection, water use data were only requested and compiled in terms of \u0027evaporative\u0027 or consumptive use (i.e., ultimate withdraws, evaporation, or incorporation into the product). Data were not collected to determine reliable averages for non-evaporative water use. In other words, averages for water inputs and outputs are not available for this unit process.  Consumptive use includes: water incorporated into the product, water evaporated during the process, and/or water used and released to a body other than that from which it was drawn.","flow":{"@type":"Flow","@id":"7fefc941-9acb-39f7-9e3b-dd4e8f07ed0b","name":"Water, process, unspecified natural origin/m3","flowType":"ELEMENTARY_FLOW"},"unit":{"@type":"Unit","@id":"1c3a9695-398d-4b1f-b07e-a8715b610f70","name":"m3"},"flowProperty":{"@type":"FlowProperty","@id":"93a60a56-a3c8-22da-a746-0800200c9a66","name":"Volume"},"@id":"3023c871-9d44-3206-b11d-9d82e6935d07"},{"@type":"Exchange","avoidedProduct":false,"input":false,"amount":1.6E-4,"flow":{"@type":"Flow","@id":"91c6fb89-85ed-310b-8197-fb35a753bd97","name":"Suspended solids, unspecified","flowType":"ELEMENTARY_FLOW"},"unit":{"@type":"Unit","@id":"20aadc24-a391-41cf-b340-3e4529f44bde","name":"kg"},"flowProperty":{"@type":"FlowProperty","@id":"93a60a56-a3c8-11da-a746-0800200b9a66","name":"Mass"},"@id":"8d5b7db0-0482-33c2-9d8e-fd351be104a4"},{"@type":"Exchange","avoidedProduct":false,"input":false,"amount":1.0E-6,"description":"This emission was reported by fewer than three companies. To indicate known emissions while protecting the confidentiality of individual company responses, the emission is reported only by order of magnitude.","flow":{"@type":"Flow","@id":"86957ef8-d6c4-3521-a7ef-db7121f6d813","name":"Oil and grease, unspecified","flowType":"ELEMENTARY_FLOW"},"unit":{"@type":"Unit","@id":"20aadc24-a391-41cf-b340-3e4529f44bde","name":"kg"},"flowProperty":{"@type":"FlowProperty","@id":"93a60a56-a3c8-11da-a746-0800200b9a66","name":"Mass"},"@id":"ced77091-3a18-3538-b0f7-463eb1a77279"},{"@type":"Exchange","avoidedProduct":false,"input":false,"amount":2.15E-13,"description":"This emission was provided by the Vinyl Institute based on 2011 Dioxin TRI values and accounts for the entire EDC/VCM/PVC production emissions. These amounts were calculated as toxic equivalent values (TEQ). U98% of dioxin emissions are process related and 2% are fuel-related. ","flow":{"@type":"Flow","@id":"6ad5b5fd-6792-31d6-a0af-bd9fef54361f","name":"Dioxins, measured as 2,3,7,8-tetrachlorodibenzo-p-dioxin","flowType":"ELEMENTARY_FLOW"},"unit":{"@type":"Unit","@id":"20aadc24-a391-41cf-b340-3e4529f44bde","name":"kg"},"flowProperty":{"@type":"FlowProperty","@id":"93a60a56-a3c8-11da-a746-0800200b9a66","name":"Mass"},"@id":"c18111a5-a40c-3d81-b5cd-e785c1bfd57d"},{"@type":"Exchange","avoidedProduct":false,"input":false,"amount":3.9E-5,"flow":{"@type":"Flow","@id":"c746fcf6-c553-3f40-9445-6f0b14a727de","name":"Organic substances, unspecified","flowType":"ELEMENTARY_FLOW"},"unit":{"@type":"Unit","@id":"20aadc24-a391-41cf-b340-3e4529f44bde","name":"kg"},"flowProperty":{"@type":"FlowProperty","@id":"93a60a56-a3c8-11da-a746-0800200b9a66","name":"Mass"},"@id":"ec8e1cfc-6873-3f40-aec7-954e8ecb88d3"},{"@type":"Exchange","avoidedProduct":false,"input":true,"amount":0.00109,"description":"Solid waste consists of sludge and incoming packaging materials.","flow":{"@type":"Flow","@id":"838cef47-a3a6-3dce-bcb2-560991c5e95c","name":"CUTOFF Disposal, solid waste, unspecified, to sanitary landfill","flowType":"PRODUCT_FLOW"},"unit":{"@type":"Unit","@id":"20aadc24-a391-41cf-b340-3e4529f44bde","name":"kg"},"flowProperty":{"@type":"FlowProperty","@id":"93a60a56-a3c8-11da-a746-0800200b9a66","name":"Mass"},"@id":"de171581-f371-3561-a9d2-a25c27c11024"},{"@type":"Exchange","avoidedProduct":false,"input":true,"amount":5.2E-7,"description":"Hazardous wastes","flow":{"@type":"Flow","@id":"ee9ac558-402f-3594-a3e3-0ee7dec4440d","name":"CUTOFF Disposal, solid waste, unspecified, to municipal incineration","flowType":"PRODUCT_FLOW"},"unit":{"@type":"Unit","@id":"20aadc24-a391-41cf-b340-3e4529f44bde","name":"kg"},"flowProperty":{"@type":"FlowProperty","@id":"93a60a56-a3c8-11da-a746-0800200b9a66","name":"Mass"},"@id":"81a43ab2-6f8b-3150-a980-7ac70d1231b0"},{"@type":"Exchange","avoidedProduct":false,"input":false,"amount":1.2E-5,"flow":{"@type":"Flow","@id":"16a0fc94-eaec-315c-9f2f-328d8833dcad","name":"BOD5, Biological Oxygen Demand","flowType":"ELEMENTARY_FLOW"},"unit":{"@type":"Unit","@id":"20aadc24-a391-41cf-b340-3e4529f44bde","name":"kg"},"flowProperty":{"@type":"FlowProperty","@id":"93a60a56-a3c8-11da-a746-0800200b9a66","name":"Mass"},"@id":"7178d605-d65d-3977-aaeb-24f259dc1b72"},{"@type":"Exchange","avoidedProduct":false,"input":false,"amount":3.15E-5,"description":"This vinyl chloride emission was provided by the Vinyl Institute, based on 2011 Vinyl Chloride TRI reported values and 2011 PVC production reported by ACC Resin Statistic Report.  This amount includes both the EDC/VCM plant as well as the PVC plant. This value was used to represent a more industry wide average value to account for facilities that did not participate in the LCI inventory.  Actual reported figures were lower than the industry average.","flow":{"@type":"Flow","@id":"dbec6078-0891-33d7-8134-029dad6125a4","name":"Ethene, chloro-","flowType":"ELEMENTARY_FLOW"},"unit":{"@type":"Unit","@id":"20aadc24-a391-41cf-b340-3e4529f44bde","name":"kg"},"flowProperty":{"@type":"FlowProperty","@id":"93a60a56-a3c8-11da-a746-0800200b9a66","name":"Mass"},"@id":"37e17422-527f-39d4-961e-ff2b87985803"}]}