{"@context":"http://greendelta.github.io/olca-schema/context.jsonld","@type":"Process","@id":"cd082abe-1655-3803-9a92-e951947a3034","name":"Acrylonitrile-butadiene-styrene copolymer, resin, at plant","version":"00.00.000","lastChange":"2011-10-26T03:48:21-06:00","category":{"@type":"Category","@id":"05ee7247-d00d-304a-97e8-4a376ca05972","name":"Petrochemical Manufacturing"},"processType":"UNIT_PROCESS","infrastructureProcess":false,"location":{"@type":"Location","@id":"b320e7db-c758-3ba6-8839-81eb83c9d7d7","name":"Northern America"},"processDocumentation":{"@type":"ProcessDocumentation","technologyDescription":"Suspension and mass polymerization","samplingDescription":"Data are from primary sources.","restrictionsDescription":"All information can be accessed by everybody.","copyright":false,"validFrom":"2002-12-31T00:00:00-07:00","validUntil":"2003-12-31T00:00:00-07:00","creationDate":"2011-10-26T03:48:21-06:00","geographyDescription":"US and Mexico","dataDocumentor":{"@type":"Actor","@id":"721bcfe4-ee92-33bc-a9bd-bbf5ba3cb52d","name":"Franklin Associates"},"dataGenerator":{"@type":"Actor","@id":"721bcfe4-ee92-33bc-a9bd-bbf5ba3cb52d","name":"Franklin Associates"},"publication":{"@type":"Source","@id":"bf627fcb-bea3-3085-87ee-2d24ac940458","name":"THE PLASTICS DIVISION OF \nTHE AMERICAN C "},"sources":[{"@type":"Source","@id":"bf627fcb-bea3-3085-87ee-2d24ac940458","name":"THE PLASTICS DIVISION OF \nTHE AMERICAN C "}]},"exchanges":[{"@type":"Exchange","avoidedProduct":false,"input":false,"amount":1.0,"description":"Mass imbalance is due to data not shown for acrylonitrile production to provide confidentiality. ","flow":{"@type":"Flow","@id":"798d6174-a580-3568-a02b-ca90f0428386","name":"Acrylonitrile-butadiene-styrene copolymer, resin, at plant","flowType":"PRODUCT_FLOW"},"unit":{"@type":"Unit","@id":"20aadc24-a391-41cf-b340-3e4529f44bde","name":"kg"},"flowProperty":{"@type":"FlowProperty","@id":"93a60a56-a3c8-11da-a746-0800200b9a66","name":"Mass"},"@id":"15a842b2-ba2d-3296-b3fd-982b4019032c","quantitativeReference":true},{"@type":"Exchange","avoidedProduct":false,"input":true,"amount":0.0412257495590829,"flow":{"@type":"Flow","@id":"fc76d79e-b0fb-376f-807b-02fe2098aa88","name":"Electricity, at cogen, for natural gas turbine","flowType":"PRODUCT_FLOW"},"unit":{"@type":"Unit","@id":"86ad2244-1f0e-4912-af53-7865283103e4","name":"kWh"},"flowProperty":{"@type":"FlowProperty","@id":"f6811440-ee37-11de-8a39-0800200c9a66","name":"Energy"},"@id":"743cba78-baf5-3f38-a389-48fa5998c211"},{"@type":"Exchange","avoidedProduct":false,"input":true,"amount":6.93086140459913E-5,"flow":{"@type":"Flow","@id":"acbe5bc4-6afd-31aa-bf3f-4a3fdc491945","name":"Transport, pipeline, unspecified petroleum products","flowType":"PRODUCT_FLOW"},"unit":{"@type":"Unit","@id":"0dea4ed8-bb6b-4049-b2b4-b2c413ef2180","name":"t*km"},"flowProperty":{"@type":"FlowProperty","@id":"838aaa20-0117-11db-92e3-0800200c9a66","name":"Goods transport (mass*distance)"},"@id":"8643b99d-d66f-3246-9455-142e47ae0f4a"},{"@type":"Exchange","avoidedProduct":false,"input":false,"amount":1.0E-4,"description":"This emission was reported by fewer than three companies. To indicate known emissions while protecting the confidentiality of individual company responses, the emission is reported only by order of magnitude.","flow":{"@type":"Flow","@id":"018872d0-ebce-3dfe-9552-3ff163fb468c","name":"Ammonia","flowType":"ELEMENTARY_FLOW"},"unit":{"@type":"Unit","@id":"20aadc24-a391-41cf-b340-3e4529f44bde","name":"kg"},"flowProperty":{"@type":"FlowProperty","@id":"93a60a56-a3c8-11da-a746-0800200b9a66","name":"Mass"},"@id":"3313634c-7c38-389c-b46e-47e64865c8aa"},{"@type":"Exchange","avoidedProduct":false,"input":false,"amount":0.001,"description":"This emission was reported by fewer than three companies. To indicate known emissions while protecting the confidentiality of individual company responses, the emission is reported only by order of magnitude.","flow":{"@type":"Flow","@id":"a3ed03de-f771-3946-94f3-a02a10d4ca74","name":"Dissolved solids","flowType":"ELEMENTARY_FLOW"},"unit":{"@type":"Unit","@id":"20aadc24-a391-41cf-b340-3e4529f44bde","name":"kg"},"flowProperty":{"@type":"FlowProperty","@id":"93a60a56-a3c8-11da-a746-0800200b9a66","name":"Mass"},"@id":"b398b7d3-3298-389c-ac24-706a169862a2"},{"@type":"Exchange","avoidedProduct":false,"input":true,"amount":0.672,"flow":{"@type":"Flow","@id":"4a72778b-37b3-3c70-bcdc-b47701e7fe74","name":"Ethylbenzene styrene, at plant","flowType":"PRODUCT_FLOW"},"unit":{"@type":"Unit","@id":"20aadc24-a391-41cf-b340-3e4529f44bde","name":"kg"},"flowProperty":{"@type":"FlowProperty","@id":"93a60a56-a3c8-11da-a746-0800200b9a66","name":"Mass"},"@id":"ef5f3125-a22f-3bef-8fe4-1f32704d5dd5"},{"@type":"Exchange","avoidedProduct":false,"input":false,"amount":0.00291,"flow":{"@type":"Flow","@id":"33d5907f-322f-336d-b23f-f2959923f99f","name":"COD, Chemical Oxygen Demand","flowType":"ELEMENTARY_FLOW"},"unit":{"@type":"Unit","@id":"20aadc24-a391-41cf-b340-3e4529f44bde","name":"kg"},"flowProperty":{"@type":"FlowProperty","@id":"93a60a56-a3c8-11da-a746-0800200b9a66","name":"Mass"},"@id":"8a1d3028-cf7a-3630-80aa-707946c69fca"},{"@type":"Exchange","avoidedProduct":false,"input":true,"amount":8.0E-4,"flow":{"@type":"Flow","@id":"5d2b8abb-4d07-3515-b955-46a086e599f6","name":"CUTOFF Disposal, solid waste, unspecified, to waste-to-energy","flowType":"PRODUCT_FLOW"},"unit":{"@type":"Unit","@id":"20aadc24-a391-41cf-b340-3e4529f44bde","name":"kg"},"flowProperty":{"@type":"FlowProperty","@id":"93a60a56-a3c8-11da-a746-0800200b9a66","name":"Mass"},"@id":"cbaf6788-6a08-3746-aa2b-48185ad9d631"},{"@type":"Exchange","avoidedProduct":false,"input":false,"amount":1.0E-5,"description":"This emission was reported by fewer than three companies. To indicate known emissions while protecting the confidentiality of individual company responses, the emission is reported only by order of magnitude.","flow":{"@type":"Flow","@id":"80c9c183-6e8e-3cba-a608-1d70820c3ce9","name":"Carbon monoxide","flowType":"ELEMENTARY_FLOW"},"unit":{"@type":"Unit","@id":"20aadc24-a391-41cf-b340-3e4529f44bde","name":"kg"},"flowProperty":{"@type":"FlowProperty","@id":"93a60a56-a3c8-11da-a746-0800200b9a66","name":"Mass"},"@id":"5c7f9d0c-b551-3bce-97a8-9d2fc1f60d42"},{"@type":"Exchange","avoidedProduct":false,"input":true,"amount":0.144,"flow":{"@type":"Flow","@id":"cba81a11-592f-3984-9f10-86b0607258d1","name":"Polybutadiene, at plant","flowType":"PRODUCT_FLOW"},"unit":{"@type":"Unit","@id":"20aadc24-a391-41cf-b340-3e4529f44bde","name":"kg"},"flowProperty":{"@type":"FlowProperty","@id":"93a60a56-a3c8-11da-a746-0800200b9a66","name":"Mass"},"@id":"cd1de3a8-9036-39b6-bb5c-a47f556a2339"},{"@type":"Exchange","avoidedProduct":false,"input":false,"amount":9.8E-4,"flow":{"@type":"Flow","@id":"91c6fb89-85ed-310b-8197-fb35a753bd97","name":"Suspended solids, unspecified","flowType":"ELEMENTARY_FLOW"},"unit":{"@type":"Unit","@id":"20aadc24-a391-41cf-b340-3e4529f44bde","name":"kg"},"flowProperty":{"@type":"FlowProperty","@id":"93a60a56-a3c8-11da-a746-0800200b9a66","name":"Mass"},"@id":"134b00c7-53f6-352d-8a41-57e9c1ef5bc2"},{"@type":"Exchange","avoidedProduct":false,"input":false,"amount":1.6988384,"description":"Credit for steam or heat co-product sold externally.","flow":{"@type":"Flow","@id":"bdd323b8-1b5c-340d-9301-e2d28c075cca","name":"Recovered energy","flowType":"PRODUCT_FLOW"},"unit":{"@type":"Unit","@id":"52765a6c-3896-43c2-b2f4-c679acf13efe","name":"MJ"},"flowProperty":{"@type":"FlowProperty","@id":"f6811440-ee37-11de-8a39-0800200c9a66","name":"Energy"},"@id":"28852dcd-53b4-3d8a-af4b-3da7c33ab60d"},{"@type":"Exchange","avoidedProduct":false,"input":true,"amount":0.652557319223986,"flow":{"@type":"Flow","@id":"06581fb2-1de0-3e78-8298-f37605dea142","name":"Electricity, at grid, US, 2008","flowType":"PRODUCT_FLOW"},"unit":{"@type":"Unit","@id":"86ad2244-1f0e-4912-af53-7865283103e4","name":"kWh"},"flowProperty":{"@type":"FlowProperty","@id":"f6811440-ee37-11de-8a39-0800200c9a66","name":"Energy"},"@id":"6a2a88b8-f540-3a4d-9a46-105755d0b5ba"},{"@type":"Exchange","avoidedProduct":false,"input":true,"amount":0.22,"description":"","flow":{"@type":"Flow","@id":"aa9ec257-b529-33c9-8028-a99566895383","name":"Acrylonitrile, at plant","flowType":"PRODUCT_FLOW"},"unit":{"@type":"Unit","@id":"20aadc24-a391-41cf-b340-3e4529f44bde","name":"kg"},"flowProperty":{"@type":"FlowProperty","@id":"93a60a56-a3c8-11da-a746-0800200b9a66","name":"Mass"},"@id":"e9ab15ba-15c8-33aa-a7b0-ba51555ca1af"},{"@type":"Exchange","avoidedProduct":false,"input":true,"amount":0.00229,"flow":{"@type":"Flow","@id":"ee9ac558-402f-3594-a3e3-0ee7dec4440d","name":"CUTOFF Disposal, solid waste, unspecified, to municipal incineration","flowType":"PRODUCT_FLOW"},"unit":{"@type":"Unit","@id":"20aadc24-a391-41cf-b340-3e4529f44bde","name":"kg"},"flowProperty":{"@type":"FlowProperty","@id":"93a60a56-a3c8-11da-a746-0800200b9a66","name":"Mass"},"@id":"fd6e2462-d8d8-3d6d-b90b-718d9d5fc989"},{"@type":"Exchange","avoidedProduct":false,"input":true,"amount":0.0348668915385638,"description":"Tranport is specific to ethylbenzene styrene delivered to ABS resin producers. Values for barge transport are calculated based on average fuel consumption rates as reported in Transportation Energy Data Book: Edition 22 from Oak Ridge National Laboratory, September 2002: 22% of barges use diesel fuel in their engines, 78% use residual oil to generate steam for steam turbines, and a barge that consumes residual oil consumes 3.4 gallons per 1,000 ton-miles ","flow":{"@type":"Flow","@id":"a1242640-8306-366c-9c55-6dfd23e77bd7","name":"Transport, barge, diesel powered","flowType":"PRODUCT_FLOW"},"unit":{"@type":"Unit","@id":"0dea4ed8-bb6b-4049-b2b4-b2c413ef2180","name":"t*km"},"flowProperty":{"@type":"FlowProperty","@id":"838aaa20-0117-11db-92e3-0800200c9a66","name":"Goods transport (mass*distance)"},"@id":"ecbd1644-b208-3a85-8d40-9de17c3af726"},{"@type":"Exchange","avoidedProduct":false,"input":true,"amount":0.0181056596643878,"description":"Transport is specific to polybutadiene deliverd to ABS producers.","flow":{"@type":"Flow","@id":"628c07ec-0802-39c1-ab88-1c62848ef436","name":"Transport, combination truck, diesel powered","flowType":"PRODUCT_FLOW"},"unit":{"@type":"Unit","@id":"0dea4ed8-bb6b-4049-b2b4-b2c413ef2180","name":"t*km"},"flowProperty":{"@type":"FlowProperty","@id":"838aaa20-0117-11db-92e3-0800200c9a66","name":"Goods transport (mass*distance)"},"@id":"9919d359-2b7d-34d9-8de0-2450ad8dd08d"},{"@type":"Exchange","avoidedProduct":false,"input":false,"amount":3.6E-5,"flow":{"@type":"Flow","@id":"c746fcf6-c553-3f40-9445-6f0b14a727de","name":"Organic substances, unspecified","flowType":"ELEMENTARY_FLOW"},"unit":{"@type":"Unit","@id":"20aadc24-a391-41cf-b340-3e4529f44bde","name":"kg"},"flowProperty":{"@type":"FlowProperty","@id":"93a60a56-a3c8-11da-a746-0800200b9a66","name":"Mass"},"@id":"47703142-1ec4-3038-9333-86732562a5c4"},{"@type":"Exchange","avoidedProduct":false,"input":true,"amount":0.0800578684101926,"description":"Transport is specific to thylbenzene styrene and polybutadiene deliverd to ABS producers. Values for ocean freighter transport are calculated based on average fuel consumption rates as determined from a personal communication with Rich Sonnenschein, U.S. Department of Transportation, Maritime Administration in February 2004: 10% of ocean freighters use diesel fuel, 90% use residual fuel, and a freighter that consumes residual fuel consumes 1.9 gallons per 1,000 ton-miles","flow":{"@type":"Flow","@id":"455470fa-1a78-344b-ae09-ffa4e22c1f8b","name":"Transport, ocean freighter, residual fuel oil powered","flowType":"PRODUCT_FLOW"},"unit":{"@type":"Unit","@id":"0dea4ed8-bb6b-4049-b2b4-b2c413ef2180","name":"t*km"},"flowProperty":{"@type":"FlowProperty","@id":"838aaa20-0117-11db-92e3-0800200c9a66","name":"Goods transport (mass*distance)"},"@id":"bc2e23dd-1807-3afc-aa38-eebfb3f1db8f"},{"@type":"Exchange","avoidedProduct":false,"input":false,"amount":1.0E-5,"description":"This emission was reported by fewer than three companies. To indicate known emissions while protecting the confidentiality of individual company responses, the emission is reported only by order of magnitude.","flow":{"@type":"Flow","@id":"16a0fc94-eaec-315c-9f2f-328d8833dcad","name":"BOD5, Biological Oxygen Demand","flowType":"ELEMENTARY_FLOW"},"unit":{"@type":"Unit","@id":"20aadc24-a391-41cf-b340-3e4529f44bde","name":"kg"},"flowProperty":{"@type":"FlowProperty","@id":"93a60a56-a3c8-11da-a746-0800200b9a66","name":"Mass"},"@id":"18eea19e-bb17-3b85-abf1-a08e3f2952f4"},{"@type":"Exchange","avoidedProduct":false,"input":false,"amount":1.0E-7,"description":"This emission was reported by fewer than three companies. To indicate known emissions while protecting the confidentiality of individual company responses, the emission is reported only by order of magnitude.","flow":{"@type":"Flow","@id":"72bda874-eece-3827-b006-cc525e8aeb2e","name":"Organic substances, unspecified","flowType":"ELEMENTARY_FLOW"},"unit":{"@type":"Unit","@id":"20aadc24-a391-41cf-b340-3e4529f44bde","name":"kg"},"flowProperty":{"@type":"FlowProperty","@id":"93a60a56-a3c8-11da-a746-0800200b9a66","name":"Mass"},"@id":"6591bf8b-57c8-3686-91bd-1a6db5101c93"},{"@type":"Exchange","avoidedProduct":false,"input":true,"amount":0.115932414365725,"description":"Tranport is specific to ethylbenzene styrene delivered to ABS resin producers. Values for barge transport are calculated based on average fuel consumption rates as reported in Transportation Energy Data Book: Edition 22 from Oak Ridge National Laboratory, September 2002: 22% of barges use diesel fuel in their engines, 78% use residual oil to generate steam for steam turbines, and a barge that consumes residual oil consumes 3.4 gallons per 1,000 ton-miles ","flow":{"@type":"Flow","@id":"c2cc68fe-1754-3468-a973-51c2f5c82fcd","name":"Transport, barge, residual fuel oil powered","flowType":"PRODUCT_FLOW"},"unit":{"@type":"Unit","@id":"0dea4ed8-bb6b-4049-b2b4-b2c413ef2180","name":"t*km"},"flowProperty":{"@type":"FlowProperty","@id":"838aaa20-0117-11db-92e3-0800200c9a66","name":"Goods transport (mass*distance)"},"@id":"b16fad18-e767-348c-be26-a8f588fb80bf"},{"@type":"Exchange","avoidedProduct":false,"input":true,"amount":0.046882677,"flow":{"@type":"Flow","@id":"bb1dc159-fe13-3f8e-8197-361e8c770ba3","name":"Natural gas, combusted in industrial boiler","flowType":"PRODUCT_FLOW"},"unit":{"@type":"Unit","@id":"1c3a9695-398d-4b1f-b07e-a8715b610f70","name":"m3"},"flowProperty":{"@type":"FlowProperty","@id":"93a60a56-a3c8-22da-a746-0800200c9a66","name":"Volume"},"@id":"aa8cfa31-e259-3561-9541-99d0eb29e5de"},{"@type":"Exchange","avoidedProduct":false,"input":false,"amount":1.0E-5,"description":"This emission was reported by fewer than three companies. To indicate known emissions while protecting the confidentiality of individual company responses, the emission is reported only by order of magnitude.","flow":{"@type":"Flow","@id":"58240a5f-4fe6-30b7-8a82-23994552108d","name":"Nitrates","flowType":"ELEMENTARY_FLOW"},"unit":{"@type":"Unit","@id":"20aadc24-a391-41cf-b340-3e4529f44bde","name":"kg"},"flowProperty":{"@type":"FlowProperty","@id":"93a60a56-a3c8-11da-a746-0800200b9a66","name":"Mass"},"@id":"b6c7c13e-3dde-30a9-b092-686ec08b98be"},{"@type":"Exchange","avoidedProduct":false,"input":true,"amount":0.0684,"flow":{"@type":"Flow","@id":"73cd1596-214d-3403-87f1-f69fc3818886","name":"Bituminous coal, combusted in industrial boiler","flowType":"PRODUCT_FLOW"},"unit":{"@type":"Unit","@id":"20aadc24-a391-41cf-b340-3e4529f44bde","name":"kg"},"flowProperty":{"@type":"FlowProperty","@id":"93a60a56-a3c8-11da-a746-0800200b9a66","name":"Mass"},"@id":"51752135-c6a7-3ae8-87b9-7f6a400d532c"},{"@type":"Exchange","avoidedProduct":false,"input":true,"amount":0.00889531871224363,"description":"Transport is specific to thylbenzene styrene and polybutadiene deliverd to ABS producers. Values for ocean freighter transport are calculated based on average fuel consumption rates as determined from a personal communication with Rich Sonnenschein, U.S. Department of Transportation, Maritime Administration in February 2004: 10% of ocean freighters use diesel fuel, 90% use residual fuel, and a freighter that consumes residual fuel consumes 1.9 gallons per 1,000 ton-miles","flow":{"@type":"Flow","@id":"bdfa087f-b7fe-30da-8912-66722f328da6","name":"Transport, ocean freighter, diesel powered","flowType":"PRODUCT_FLOW"},"unit":{"@type":"Unit","@id":"0dea4ed8-bb6b-4049-b2b4-b2c413ef2180","name":"t*km"},"flowProperty":{"@type":"FlowProperty","@id":"838aaa20-0117-11db-92e3-0800200c9a66","name":"Goods transport (mass*distance)"},"@id":"a22e94a6-01e9-3b34-a2bd-cb894343a695"},{"@type":"Exchange","avoidedProduct":false,"input":false,"amount":1.1E-4,"flow":{"@type":"Flow","@id":"b641465b-5594-34f2-a9f8-72ceb302de17","name":"Particulates, unspecified","flowType":"ELEMENTARY_FLOW"},"unit":{"@type":"Unit","@id":"20aadc24-a391-41cf-b340-3e4529f44bde","name":"kg"},"flowProperty":{"@type":"FlowProperty","@id":"93a60a56-a3c8-11da-a746-0800200b9a66","name":"Mass"},"@id":"fed64e07-8deb-3fd4-a0d7-95bd40a95b3a"},{"@type":"Exchange","avoidedProduct":false,"input":false,"amount":1.0E-7,"description":"This emission was reported by fewer than three companies. To indicate known emissions while protecting the confidentiality of individual company responses, the emission is reported only by order of magnitude.","flow":{"@type":"Flow","@id":"05c5a907-1a8b-3810-bb1a-ea297a61846a","name":"Metallic ions, unspecified","flowType":"ELEMENTARY_FLOW"},"unit":{"@type":"Unit","@id":"20aadc24-a391-41cf-b340-3e4529f44bde","name":"kg"},"flowProperty":{"@type":"FlowProperty","@id":"93a60a56-a3c8-11da-a746-0800200b9a66","name":"Mass"},"@id":"2617b034-837d-3f79-afb0-aa4c505782f3"},{"@type":"Exchange","avoidedProduct":false,"input":false,"amount":1.0E-7,"description":"This emission was reported by fewer than three companies. To indicate known emissions while protecting the confidentiality of individual company responses, the emission is reported only by order of magnitude.","flow":{"@type":"Flow","@id":"8edf326a-2e6d-3491-adef-f99e27e35043","name":"Methane, difluromonochloro-, HCFC-22","flowType":"ELEMENTARY_FLOW"},"unit":{"@type":"Unit","@id":"20aadc24-a391-41cf-b340-3e4529f44bde","name":"kg"},"flowProperty":{"@type":"FlowProperty","@id":"93a60a56-a3c8-11da-a746-0800200b9a66","name":"Mass"},"@id":"c91068f9-c126-380d-a4d8-c9e6cd281c12"},{"@type":"Exchange","avoidedProduct":false,"input":true,"amount":0.0137,"flow":{"@type":"Flow","@id":"838cef47-a3a6-3dce-bcb2-560991c5e95c","name":"CUTOFF Disposal, solid waste, unspecified, to sanitary landfill","flowType":"PRODUCT_FLOW"},"unit":{"@type":"Unit","@id":"20aadc24-a391-41cf-b340-3e4529f44bde","name":"kg"},"flowProperty":{"@type":"FlowProperty","@id":"93a60a56-a3c8-11da-a746-0800200b9a66","name":"Mass"},"@id":"154a2c16-b62f-3ec9-a2ff-ac773616987a"},{"@type":"Exchange","avoidedProduct":false,"input":false,"amount":1.0E-5,"description":"This emission was reported by fewer than three companies. To indicate known emissions while protecting the confidentiality of individual company responses, the emission is reported only by order of magnitude.","flow":{"@type":"Flow","@id":"410492c4-d5d3-3a3a-9f69-a64448982778","name":"Phosphate","flowType":"ELEMENTARY_FLOW"},"unit":{"@type":"Unit","@id":"20aadc24-a391-41cf-b340-3e4529f44bde","name":"kg"},"flowProperty":{"@type":"FlowProperty","@id":"93a60a56-a3c8-11da-a746-0800200b9a66","name":"Mass"},"@id":"05cd7a52-4488-3de8-917c-3c28a9de8f17"},{"@type":"Exchange","avoidedProduct":false,"input":true,"amount":0.00118879175402562,"description":"Consumptive use includes: water incorporated into the product, water evaporated during the process, and/or water used and released to a body other than that from which it was drawn.","flow":{"@type":"Flow","@id":"7fefc941-9acb-39f7-9e3b-dd4e8f07ed0b","name":"Water, process, unspecified natural origin/m3","flowType":"ELEMENTARY_FLOW"},"unit":{"@type":"Unit","@id":"1c3a9695-398d-4b1f-b07e-a8715b610f70","name":"m3"},"flowProperty":{"@type":"FlowProperty","@id":"93a60a56-a3c8-22da-a746-0800200c9a66","name":"Volume"},"@id":"ac815231-8050-303e-aa0f-02396cc888f9"},{"@type":"Exchange","avoidedProduct":false,"input":false,"amount":1.0E-4,"description":"This emission was reported by fewer than three companies. To indicate known emissions while protecting the confidentiality of individual company responses, the emission is reported only by order of magnitude.","flow":{"@type":"Flow","@id":"86957ef8-d6c4-3521-a7ef-db7121f6d813","name":"Oil and grease, unspecified","flowType":"ELEMENTARY_FLOW"},"unit":{"@type":"Unit","@id":"20aadc24-a391-41cf-b340-3e4529f44bde","name":"kg"},"flowProperty":{"@type":"FlowProperty","@id":"93a60a56-a3c8-11da-a746-0800200b9a66","name":"Mass"},"@id":"7ef69e6c-e682-3889-9d67-6a8e4e9384cc"},{"@type":"Exchange","avoidedProduct":false,"input":false,"amount":1.0E-5,"description":"This emission was reported by fewer than three companies. To indicate known emissions while protecting the confidentiality of individual company responses, the emission is reported only by order of magnitude.","flow":{"@type":"Flow","@id":"1827a862-ccac-37ac-9ad7-d2dffe71058c","name":"Nitrogen oxides ","flowType":"ELEMENTARY_FLOW"},"unit":{"@type":"Unit","@id":"20aadc24-a391-41cf-b340-3e4529f44bde","name":"kg"},"flowProperty":{"@type":"FlowProperty","@id":"93a60a56-a3c8-11da-a746-0800200b9a66","name":"Mass"},"@id":"e92d1363-223f-3ff7-90bf-e966125d7357"},{"@type":"Exchange","avoidedProduct":false,"input":false,"amount":1.0E-7,"description":"This emission was reported by fewer than three companies. To indicate known emissions while protecting the confidentiality of individual company responses, the emission is reported only by order of magnitude.","flow":{"@type":"Flow","@id":"dbe659c1-d252-37bd-a77e-a0674ded4f4a","name":"Zinc","flowType":"ELEMENTARY_FLOW"},"unit":{"@type":"Unit","@id":"20aadc24-a391-41cf-b340-3e4529f44bde","name":"kg"},"flowProperty":{"@type":"FlowProperty","@id":"93a60a56-a3c8-11da-a746-0800200b9a66","name":"Mass"},"@id":"77040f5d-8c2b-3e0c-be7b-271939a72a81"},{"@type":"Exchange","avoidedProduct":false,"input":true,"amount":3.7548E-4,"flow":{"@type":"Flow","@id":"654a5cf6-185f-3d91-89ef-42442d1825e8","name":"Residual fuel oil, combusted in industrial boiler","flowType":"PRODUCT_FLOW"},"unit":{"@type":"Unit","@id":"b80a512e-e402-4363-8ad0-7d02dcf4a459","name":"l"},"flowProperty":{"@type":"FlowProperty","@id":"93a60a56-a3c8-22da-a746-0800200c9a66","name":"Volume"},"@id":"075a45a1-0f21-3b71-be18-6dd50fc0cf88"},{"@type":"Exchange","avoidedProduct":false,"input":false,"amount":1.2E-4,"flow":{"@type":"Flow","@id":"6b41ff0f-2c11-3d98-aee6-ca2f5d4c817c","name":"NMVOC, non-methane volatile organic compounds, unspecified ","flowType":"ELEMENTARY_FLOW"},"unit":{"@type":"Unit","@id":"20aadc24-a391-41cf-b340-3e4529f44bde","name":"kg"},"flowProperty":{"@type":"FlowProperty","@id":"93a60a56-a3c8-11da-a746-0800200b9a66","name":"Mass"},"@id":"11294a0f-737d-3b8c-97c2-c44cdae4b012"},{"@type":"Exchange","avoidedProduct":false,"input":true,"amount":0.0409716666749534,"description":"Transport is specific to thylbenzene styrene and polybutadiene deliverd to ABS producers.","flow":{"@type":"Flow","@id":"73c7494d-4e93-3769-896b-8bb82f0dfccc","name":"Transport, train, diesel powered","flowType":"PRODUCT_FLOW"},"unit":{"@type":"Unit","@id":"0dea4ed8-bb6b-4049-b2b4-b2c413ef2180","name":"t*km"},"flowProperty":{"@type":"FlowProperty","@id":"838aaa20-0117-11db-92e3-0800200c9a66","name":"Goods transport (mass*distance)"},"@id":"659fea9e-3d87-37bd-9cd6-9a71a6321eef"}],"allocationFactors":[{"@type":"AllocationFactor","product":{"@type":"Flow","@id":"bdd323b8-1b5c-340d-9301-e2d28c075cca","name":"Recovered energy"},"value":0.0,"allocationType":"CAUSAL_ALLOCATION"},{"@type":"AllocationFactor","product":{"@type":"Flow","@id":"bdd323b8-1b5c-340d-9301-e2d28c075cca","name":"Recovered energy"},"value":0.0,"allocationType":"CAUSAL_ALLOCATION"},{"@type":"AllocationFactor","product":{"@type":"Flow","@id":"798d6174-a580-3568-a02b-ca90f0428386","name":"Acrylonitrile-butadiene-styrene copolymer, resin, at plant"},"value":1.0,"allocationType":"PHYSICAL_ALLOCATION"},{"@type":"AllocationFactor","product":{"@type":"Flow","@id":"bdd323b8-1b5c-340d-9301-e2d28c075cca","name":"Recovered energy"},"value":0.0,"allocationType":"CAUSAL_ALLOCATION"},{"@type":"AllocationFactor","product":{"@type":"Flow","@id":"bdd323b8-1b5c-340d-9301-e2d28c075cca","name":"Recovered energy"},"value":0.0,"allocationType":"CAUSAL_ALLOCATION"},{"@type":"AllocationFactor","product":{"@type":"Flow","@id":"bdd323b8-1b5c-340d-9301-e2d28c075cca","name":"Recovered energy"},"value":0.0,"allocationType":"CAUSAL_ALLOCATION"},{"@type":"AllocationFactor","product":{"@type":"Flow","@id":"798d6174-a580-3568-a02b-ca90f0428386","name":"Acrylonitrile-butadiene-styrene copolymer, resin, at plant"},"value":1.0,"allocationType":"CAUSAL_ALLOCATION"},{"@type":"AllocationFactor","product":{"@type":"Flow","@id":"798d6174-a580-3568-a02b-ca90f0428386","name":"Acrylonitrile-butadiene-styrene copolymer, resin, at plant"},"value":1.0,"allocationType":"CAUSAL_ALLOCATION"},{"@type":"AllocationFactor","product":{"@type":"Flow","@id":"bdd323b8-1b5c-340d-9301-e2d28c075cca","name":"Recovered energy"},"value":0.0,"allocationType":"CAUSAL_ALLOCATION"},{"@type":"AllocationFactor","product":{"@type":"Flow","@id":"798d6174-a580-3568-a02b-ca90f0428386","name":"Acrylonitrile-butadiene-styrene copolymer, resin, at plant"},"value":1.0,"allocationType":"CAUSAL_ALLOCATION"},{"@type":"AllocationFactor","product":{"@type":"Flow","@id":"798d6174-a580-3568-a02b-ca90f0428386","name":"Acrylonitrile-butadiene-styrene copolymer, resin, at plant"},"value":1.0,"allocationType":"CAUSAL_ALLOCATION"},{"@type":"AllocationFactor","product":{"@type":"Flow","@id":"798d6174-a580-3568-a02b-ca90f0428386","name":"Acrylonitrile-butadiene-styrene copolymer, resin, at plant"},"value":1.0,"allocationType":"CAUSAL_ALLOCATION"},{"@type":"AllocationFactor","product":{"@type":"Flow","@id":"798d6174-a580-3568-a02b-ca90f0428386","name":"Acrylonitrile-butadiene-styrene copolymer, resin, at plant"},"value":1.0,"allocationType":"CAUSAL_ALLOCATION"},{"@type":"AllocationFactor","product":{"@type":"Flow","@id":"bdd323b8-1b5c-340d-9301-e2d28c075cca","name":"Recovered energy"},"value":0.0,"allocationType":"CAUSAL_ALLOCATION"},{"@type":"AllocationFactor","product":{"@type":"Flow","@id":"798d6174-a580-3568-a02b-ca90f0428386","name":"Acrylonitrile-butadiene-styrene copolymer, resin, at plant"},"value":1.0,"allocationType":"CAUSAL_ALLOCATION"},{"@type":"AllocationFactor","product":{"@type":"Flow","@id":"bdd323b8-1b5c-340d-9301-e2d28c075cca","name":"Recovered energy"},"value":0.0,"allocationType":"CAUSAL_ALLOCATION"},{"@type":"AllocationFactor","product":{"@type":"Flow","@id":"798d6174-a580-3568-a02b-ca90f0428386","name":"Acrylonitrile-butadiene-styrene copolymer, resin, at plant"},"value":1.0,"allocationType":"CAUSAL_ALLOCATION"},{"@type":"AllocationFactor","product":{"@type":"Flow","@id":"bdd323b8-1b5c-340d-9301-e2d28c075cca","name":"Recovered energy"},"value":0.0,"allocationType":"CAUSAL_ALLOCATION"},{"@type":"AllocationFactor","product":{"@type":"Flow","@id":"798d6174-a580-3568-a02b-ca90f0428386","name":"Acrylonitrile-butadiene-styrene copolymer, resin, at plant"},"value":1.0,"allocationType":"CAUSAL_ALLOCATION"},{"@type":"AllocationFactor","product":{"@type":"Flow","@id":"bdd323b8-1b5c-340d-9301-e2d28c075cca","name":"Recovered energy"},"value":0.0,"allocationType":"CAUSAL_ALLOCATION"},{"@type":"AllocationFactor","product":{"@type":"Flow","@id":"798d6174-a580-3568-a02b-ca90f0428386","name":"Acrylonitrile-butadiene-styrene copolymer, resin, at plant"},"value":1.0,"allocationType":"CAUSAL_ALLOCATION"},{"@type":"AllocationFactor","product":{"@type":"Flow","@id":"bdd323b8-1b5c-340d-9301-e2d28c075cca","name":"Recovered energy"},"value":0.0,"allocationType":"CAUSAL_ALLOCATION"},{"@type":"AllocationFactor","product":{"@type":"Flow","@id":"798d6174-a580-3568-a02b-ca90f0428386","name":"Acrylonitrile-butadiene-styrene copolymer, resin, at plant"},"value":1.0,"allocationType":"CAUSAL_ALLOCATION"},{"@type":"AllocationFactor","product":{"@type":"Flow","@id":"798d6174-a580-3568-a02b-ca90f0428386","name":"Acrylonitrile-butadiene-styrene copolymer, resin, at plant"},"value":1.0,"allocationType":"CAUSAL_ALLOCATION"},{"@type":"AllocationFactor","product":{"@type":"Flow","@id":"bdd323b8-1b5c-340d-9301-e2d28c075cca","name":"Recovered energy"},"value":0.0,"allocationType":"CAUSAL_ALLOCATION"},{"@type":"AllocationFactor","product":{"@type":"Flow","@id":"bdd323b8-1b5c-340d-9301-e2d28c075cca","name":"Recovered energy"},"value":0.0,"allocationType":"CAUSAL_ALLOCATION"},{"@type":"AllocationFactor","product":{"@type":"Flow","@id":"bdd323b8-1b5c-340d-9301-e2d28c075cca","name":"Recovered energy"},"value":0.0,"allocationType":"CAUSAL_ALLOCATION"},{"@type":"AllocationFactor","product":{"@type":"Flow","@id":"798d6174-a580-3568-a02b-ca90f0428386","name":"Acrylonitrile-butadiene-styrene copolymer, resin, at plant"},"value":1.0,"allocationType":"ECONOMIC_ALLOCATION"},{"@type":"AllocationFactor","product":{"@type":"Flow","@id":"798d6174-a580-3568-a02b-ca90f0428386","name":"Acrylonitrile-butadiene-styrene copolymer, resin, at plant"},"value":1.0,"allocationType":"CAUSAL_ALLOCATION"},{"@type":"AllocationFactor","product":{"@type":"Flow","@id":"bdd323b8-1b5c-340d-9301-e2d28c075cca","name":"Recovered energy"},"value":0.0,"allocationType":"CAUSAL_ALLOCATION"},{"@type":"AllocationFactor","product":{"@type":"Flow","@id":"798d6174-a580-3568-a02b-ca90f0428386","name":"Acrylonitrile-butadiene-styrene copolymer, resin, at plant"},"value":1.0,"allocationType":"CAUSAL_ALLOCATION"},{"@type":"AllocationFactor","product":{"@type":"Flow","@id":"bdd323b8-1b5c-340d-9301-e2d28c075cca","name":"Recovered energy"},"value":0.0,"allocationType":"PHYSICAL_ALLOCATION"},{"@type":"AllocationFactor","product":{"@type":"Flow","@id":"bdd323b8-1b5c-340d-9301-e2d28c075cca","name":"Recovered energy"},"value":0.0,"allocationType":"CAUSAL_ALLOCATION"},{"@type":"AllocationFactor","product":{"@type":"Flow","@id":"798d6174-a580-3568-a02b-ca90f0428386","name":"Acrylonitrile-butadiene-styrene copolymer, resin, at plant"},"value":1.0,"allocationType":"CAUSAL_ALLOCATION"},{"@type":"AllocationFactor","product":{"@type":"Flow","@id":"bdd323b8-1b5c-340d-9301-e2d28c075cca","name":"Recovered energy"},"value":0.0,"allocationType":"CAUSAL_ALLOCATION"},{"@type":"AllocationFactor","product":{"@type":"Flow","@id":"798d6174-a580-3568-a02b-ca90f0428386","name":"Acrylonitrile-butadiene-styrene copolymer, resin, at plant"},"value":1.0,"allocationType":"CAUSAL_ALLOCATION"},{"@type":"AllocationFactor","product":{"@type":"Flow","@id":"bdd323b8-1b5c-340d-9301-e2d28c075cca","name":"Recovered energy"},"value":0.0,"allocationType":"CAUSAL_ALLOCATION"},{"@type":"AllocationFactor","product":{"@type":"Flow","@id":"bdd323b8-1b5c-340d-9301-e2d28c075cca","name":"Recovered energy"},"value":0.0,"allocationType":"CAUSAL_ALLOCATION"},{"@type":"AllocationFactor","product":{"@type":"Flow","@id":"798d6174-a580-3568-a02b-ca90f0428386","name":"Acrylonitrile-butadiene-styrene copolymer, resin, at plant"},"value":1.0,"allocationType":"CAUSAL_ALLOCATION"},{"@type":"AllocationFactor","product":{"@type":"Flow","@id":"bdd323b8-1b5c-340d-9301-e2d28c075cca","name":"Recovered energy"},"value":0.0,"allocationType":"ECONOMIC_ALLOCATION"},{"@type":"AllocationFactor","product":{"@type":"Flow","@id":"798d6174-a580-3568-a02b-ca90f0428386","name":"Acrylonitrile-butadiene-styrene copolymer, resin, at plant"},"value":1.0,"allocationType":"CAUSAL_ALLOCATION"},{"@type":"AllocationFactor","product":{"@type":"Flow","@id":"798d6174-a580-3568-a02b-ca90f0428386","name":"Acrylonitrile-butadiene-styrene copolymer, resin, at plant"},"value":1.0,"allocationType":"CAUSAL_ALLOCATION"},{"@type":"AllocationFactor","product":{"@type":"Flow","@id":"798d6174-a580-3568-a02b-ca90f0428386","name":"Acrylonitrile-butadiene-styrene copolymer, resin, at plant"},"value":1.0,"allocationType":"CAUSAL_ALLOCATION"},{"@type":"AllocationFactor","product":{"@type":"Flow","@id":"bdd323b8-1b5c-340d-9301-e2d28c075cca","name":"Recovered energy"},"value":0.0,"allocationType":"CAUSAL_ALLOCATION"},{"@type":"AllocationFactor","product":{"@type":"Flow","@id":"798d6174-a580-3568-a02b-ca90f0428386","name":"Acrylonitrile-butadiene-styrene copolymer, resin, at plant"},"value":1.0,"allocationType":"CAUSAL_ALLOCATION"},{"@type":"AllocationFactor","product":{"@type":"Flow","@id":"bdd323b8-1b5c-340d-9301-e2d28c075cca","name":"Recovered energy"},"value":0.0,"allocationType":"CAUSAL_ALLOCATION"},{"@type":"AllocationFactor","product":{"@type":"Flow","@id":"798d6174-a580-3568-a02b-ca90f0428386","name":"Acrylonitrile-butadiene-styrene copolymer, resin, at plant"},"value":1.0,"allocationType":"CAUSAL_ALLOCATION"},{"@type":"AllocationFactor","product":{"@type":"Flow","@id":"bdd323b8-1b5c-340d-9301-e2d28c075cca","name":"Recovered energy"},"value":0.0,"allocationType":"CAUSAL_ALLOCATION"},{"@type":"AllocationFactor","product":{"@type":"Flow","@id":"798d6174-a580-3568-a02b-ca90f0428386","name":"Acrylonitrile-butadiene-styrene copolymer, resin, at plant"},"value":1.0,"allocationType":"CAUSAL_ALLOCATION"},{"@type":"AllocationFactor","product":{"@type":"Flow","@id":"798d6174-a580-3568-a02b-ca90f0428386","name":"Acrylonitrile-butadiene-styrene copolymer, resin, at plant"},"value":1.0,"allocationType":"CAUSAL_ALLOCATION"},{"@type":"AllocationFactor","product":{"@type":"Flow","@id":"bdd323b8-1b5c-340d-9301-e2d28c075cca","name":"Recovered energy"},"value":0.0,"allocationType":"CAUSAL_ALLOCATION"},{"@type":"AllocationFactor","product":{"@type":"Flow","@id":"bdd323b8-1b5c-340d-9301-e2d28c075cca","name":"Recovered energy"},"value":0.0,"allocationType":"CAUSAL_ALLOCATION"},{"@type":"AllocationFactor","product":{"@type":"Flow","@id":"bdd323b8-1b5c-340d-9301-e2d28c075cca","name":"Recovered energy"},"value":0.0,"allocationType":"CAUSAL_ALLOCATION"},{"@type":"AllocationFactor","product":{"@type":"Flow","@id":"bdd323b8-1b5c-340d-9301-e2d28c075cca","name":"Recovered energy"},"value":0.0,"allocationType":"CAUSAL_ALLOCATION"},{"@type":"AllocationFactor","product":{"@type":"Flow","@id":"bdd323b8-1b5c-340d-9301-e2d28c075cca","name":"Recovered energy"},"value":0.0,"allocationType":"CAUSAL_ALLOCATION"},{"@type":"AllocationFactor","product":{"@type":"Flow","@id":"bdd323b8-1b5c-340d-9301-e2d28c075cca","name":"Recovered energy"},"value":0.0,"allocationType":"CAUSAL_ALLOCATION"},{"@type":"AllocationFactor","product":{"@type":"Flow","@id":"798d6174-a580-3568-a02b-ca90f0428386","name":"Acrylonitrile-butadiene-styrene copolymer, resin, at plant"},"value":1.0,"allocationType":"CAUSAL_ALLOCATION"},{"@type":"AllocationFactor","product":{"@type":"Flow","@id":"798d6174-a580-3568-a02b-ca90f0428386","name":"Acrylonitrile-butadiene-styrene copolymer, resin, at plant"},"value":1.0,"allocationType":"CAUSAL_ALLOCATION"},{"@type":"AllocationFactor","product":{"@type":"Flow","@id":"798d6174-a580-3568-a02b-ca90f0428386","name":"Acrylonitrile-butadiene-styrene copolymer, resin, at plant"},"value":1.0,"allocationType":"CAUSAL_ALLOCATION"},{"@type":"AllocationFactor","product":{"@type":"Flow","@id":"bdd323b8-1b5c-340d-9301-e2d28c075cca","name":"Recovered energy"},"value":0.0,"allocationType":"CAUSAL_ALLOCATION"},{"@type":"AllocationFactor","product":{"@type":"Flow","@id":"bdd323b8-1b5c-340d-9301-e2d28c075cca","name":"Recovered energy"},"value":0.0,"allocationType":"CAUSAL_ALLOCATION"},{"@type":"AllocationFactor","product":{"@type":"Flow","@id":"798d6174-a580-3568-a02b-ca90f0428386","name":"Acrylonitrile-butadiene-styrene copolymer, resin, at plant"},"value":1.0,"allocationType":"CAUSAL_ALLOCATION"},{"@type":"AllocationFactor","product":{"@type":"Flow","@id":"798d6174-a580-3568-a02b-ca90f0428386","name":"Acrylonitrile-butadiene-styrene copolymer, resin, at plant"},"value":1.0,"allocationType":"CAUSAL_ALLOCATION"},{"@type":"AllocationFactor","product":{"@type":"Flow","@id":"798d6174-a580-3568-a02b-ca90f0428386","name":"Acrylonitrile-butadiene-styrene copolymer, resin, at plant"},"value":1.0,"allocationType":"CAUSAL_ALLOCATION"},{"@type":"AllocationFactor","product":{"@type":"Flow","@id":"bdd323b8-1b5c-340d-9301-e2d28c075cca","name":"Recovered energy"},"value":0.0,"allocationType":"CAUSAL_ALLOCATION"},{"@type":"AllocationFactor","product":{"@type":"Flow","@id":"bdd323b8-1b5c-340d-9301-e2d28c075cca","name":"Recovered energy"},"value":0.0,"allocationType":"CAUSAL_ALLOCATION"},{"@type":"AllocationFactor","product":{"@type":"Flow","@id":"bdd323b8-1b5c-340d-9301-e2d28c075cca","name":"Recovered energy"},"value":0.0,"allocationType":"CAUSAL_ALLOCATION"},{"@type":"AllocationFactor","product":{"@type":"Flow","@id":"798d6174-a580-3568-a02b-ca90f0428386","name":"Acrylonitrile-butadiene-styrene copolymer, resin, at plant"},"value":1.0,"allocationType":"CAUSAL_ALLOCATION"},{"@type":"AllocationFactor","product":{"@type":"Flow","@id":"798d6174-a580-3568-a02b-ca90f0428386","name":"Acrylonitrile-butadiene-styrene copolymer, resin, at plant"},"value":1.0,"allocationType":"CAUSAL_ALLOCATION"},{"@type":"AllocationFactor","product":{"@type":"Flow","@id":"bdd323b8-1b5c-340d-9301-e2d28c075cca","name":"Recovered energy"},"value":0.0,"allocationType":"CAUSAL_ALLOCATION"},{"@type":"AllocationFactor","product":{"@type":"Flow","@id":"bdd323b8-1b5c-340d-9301-e2d28c075cca","name":"Recovered energy"},"value":0.0,"allocationType":"CAUSAL_ALLOCATION"},{"@type":"AllocationFactor","product":{"@type":"Flow","@id":"798d6174-a580-3568-a02b-ca90f0428386","name":"Acrylonitrile-butadiene-styrene copolymer, resin, at plant"},"value":1.0,"allocationType":"CAUSAL_ALLOCATION"},{"@type":"AllocationFactor","product":{"@type":"Flow","@id":"798d6174-a580-3568-a02b-ca90f0428386","name":"Acrylonitrile-butadiene-styrene copolymer, resin, at plant"},"value":1.0,"allocationType":"CAUSAL_ALLOCATION"},{"@type":"AllocationFactor","product":{"@type":"Flow","@id":"bdd323b8-1b5c-340d-9301-e2d28c075cca","name":"Recovered energy"},"value":0.0,"allocationType":"CAUSAL_ALLOCATION"},{"@type":"AllocationFactor","product":{"@type":"Flow","@id":"798d6174-a580-3568-a02b-ca90f0428386","name":"Acrylonitrile-butadiene-styrene copolymer, resin, at plant"},"value":1.0,"allocationType":"CAUSAL_ALLOCATION"},{"@type":"AllocationFactor","product":{"@type":"Flow","@id":"798d6174-a580-3568-a02b-ca90f0428386","name":"Acrylonitrile-butadiene-styrene copolymer, resin, at plant"},"value":1.0,"allocationType":"CAUSAL_ALLOCATION"}]}