{"@context":"http://greendelta.github.io/olca-schema/context.jsonld","@type":"Process","@id":"dacaeae9-aeed-3366-912d-6a31de09eef9","name":"Nitrogen fertilizer, production mix, at plant","version":"00.00.000","lastChange":"2011-07-10T03:10:10-06:00","category":{"@type":"Category","@id":"e23b03e4-ad66-3cab-ad80-db541533a910","name":"Nitrogenous Fertilizer Manufacturing"},"processType":"UNIT_PROCESS","infrastructureProcess":false,"location":{"@type":"Location","@id":"b320e7db-c758-3ba6-8839-81eb83c9d7d7","name":"Northern America"},"processDocumentation":{"@type":"ProcessDocumentation","technologyDescription":"Typical","restrictionsDescription":"All information can be accessed by everybody.","copyright":false,"validFrom":"9998-12-31T00:00:00-07:00","validUntil":"9998-12-31T00:00:00-07:00","creationDate":"2011-07-10T03:10:10-06:00","geographyDescription":"US Southeast","dataDocumentor":{"@type":"Actor","@id":"0fd3778a-1e86-3dd2-a010-0d055620ef21","name":"Jamie Meil"},"dataGenerator":{"@type":"Actor","@id":"0fd3778a-1e86-3dd2-a010-0d055620ef21","name":"Jamie Meil"},"publication":{"@type":"Source","@id":"e8bed76c-bbb8-305a-b6e1-37fff94c1af5","name":"Maureen Puetmann "},"sources":[{"@type":"Source","@id":"da3bb17d-53d4-35d5-8f5c-c5212a708a13","name":"Michael Milota "},{"@type":"Source","@id":"e8bed76c-bbb8-305a-b6e1-37fff94c1af5","name":"Maureen Puetmann "},{"@type":"Source","@id":"c802869a-677e-3a91-8e5d-a5774bcb76c4","name":"Leonard R. Johnson "}]},"exchanges":[{"@type":"Exchange","avoidedProduct":false,"input":false,"amount":1.0,"flow":{"@type":"Flow","@id":"45f1fd00-2093-3e05-9b41-e942b9e8cec9","name":"Nitrogen fertilizer, production mix, at plant","flowType":"PRODUCT_FLOW"},"unit":{"@type":"Unit","@id":"20aadc24-a391-41cf-b340-3e4529f44bde","name":"kg"},"flowProperty":{"@type":"FlowProperty","@id":"93a60a56-a3c8-11da-a746-0800200b9a66","name":"Mass"},"@id":"cb876ba0-6b6c-3933-b1d5-0dfeb7ce0201","quantitativeReference":true},{"@type":"Exchange","avoidedProduct":false,"input":false,"amount":0.531,"flow":{"@type":"Flow","@id":"5e738bf0-6bfe-3acd-8dcb-c74fe4f18b53","name":"carbon dioxide","flowType":"ELEMENTARY_FLOW"},"unit":{"@type":"Unit","@id":"20aadc24-a391-41cf-b340-3e4529f44bde","name":"kg"},"flowProperty":{"@type":"FlowProperty","@id":"93a60a56-a3c8-11da-a746-0800200b9a66","name":"Mass"},"@id":"5a04ad11-9de9-3622-b27e-6c2489582f34"},{"@type":"Exchange","avoidedProduct":false,"input":true,"amount":0.0507,"flow":{"@type":"Flow","@id":"73e33e2a-67d5-31e2-8449-b6f2d7b46bb2","name":"Electricity, at grid, US, 2000","flowType":"PRODUCT_FLOW"},"unit":{"@type":"Unit","@id":"86ad2244-1f0e-4912-af53-7865283103e4","name":"kWh"},"flowProperty":{"@type":"FlowProperty","@id":"f6811440-ee37-11de-8a39-0800200c9a66","name":"Energy"},"@id":"e6ae9bc6-c69a-340b-8803-cc26c01afbae"},{"@type":"Exchange","avoidedProduct":false,"input":false,"amount":2.65E-4,"flow":{"@type":"Flow","@id":"04f6cb51-2540-3e36-90a2-d34a0e11c917","name":"Dust, unspecified","flowType":"ELEMENTARY_FLOW"},"unit":{"@type":"Unit","@id":"20aadc24-a391-41cf-b340-3e4529f44bde","name":"kg"},"flowProperty":{"@type":"FlowProperty","@id":"93a60a56-a3c8-11da-a746-0800200b9a66","name":"Mass"},"@id":"41d35ca1-5b5b-3952-b2e8-d2f15673aae2"},{"@type":"Exchange","avoidedProduct":false,"input":true,"amount":0.73,"flow":{"@type":"Flow","@id":"2e6ce32f-a248-3ebb-9fc0-da590cdcb3a5","name":"CUTOFF Energy, unspecified","flowType":"PRODUCT_FLOW"},"unit":{"@type":"Unit","@id":"52765a6c-3896-43c2-b2f4-c679acf13efe","name":"MJ"},"flowProperty":{"@type":"FlowProperty","@id":"f6811440-ee37-11de-8a39-0800200c9a66","name":"Energy"},"@id":"5b1e3d90-f505-3dd5-b584-6886b33f6401"},{"@type":"Exchange","avoidedProduct":false,"input":false,"amount":4.5E-5,"flow":{"@type":"Flow","@id":"14dde4c7-2655-3a40-897a-1a8fa48c777a","name":"VOC, volatile organic compounds","flowType":"ELEMENTARY_FLOW"},"unit":{"@type":"Unit","@id":"20aadc24-a391-41cf-b340-3e4529f44bde","name":"kg"},"flowProperty":{"@type":"FlowProperty","@id":"93a60a56-a3c8-11da-a746-0800200b9a66","name":"Mass"},"@id":"151b2ed8-b83a-3a3e-b749-dce7b7a63840"},{"@type":"Exchange","avoidedProduct":false,"input":false,"amount":4.05E-4,"flow":{"@type":"Flow","@id":"609069a0-462c-3a2e-b0a1-8f22cf9585d1","name":"Ammonia ","flowType":"ELEMENTARY_FLOW"},"unit":{"@type":"Unit","@id":"20aadc24-a391-41cf-b340-3e4529f44bde","name":"kg"},"flowProperty":{"@type":"FlowProperty","@id":"93a60a56-a3c8-11da-a746-0800200b9a66","name":"Mass"},"@id":"49ba1495-8b54-3bf9-9c6b-7b1e2eb96f5e"},{"@type":"Exchange","avoidedProduct":false,"input":true,"amount":0.62,"flow":{"@type":"Flow","@id":"73c7494d-4e93-3769-896b-8bb82f0dfccc","name":"Transport, train, diesel powered","flowType":"PRODUCT_FLOW"},"unit":{"@type":"Unit","@id":"0dea4ed8-bb6b-4049-b2b4-b2c413ef2180","name":"t*km"},"flowProperty":{"@type":"FlowProperty","@id":"838aaa20-0117-11db-92e3-0800200c9a66","name":"Goods transport (mass*distance)"},"@id":"c01a2210-7c9c-3c8f-940b-4ea2228b37c1"},{"@type":"Exchange","avoidedProduct":false,"input":false,"amount":1.4E-4,"flow":{"@type":"Flow","@id":"1827a862-ccac-37ac-9ad7-d2dffe71058c","name":"Nitrogen oxides ","flowType":"ELEMENTARY_FLOW"},"unit":{"@type":"Unit","@id":"20aadc24-a391-41cf-b340-3e4529f44bde","name":"kg"},"flowProperty":{"@type":"FlowProperty","@id":"93a60a56-a3c8-11da-a746-0800200b9a66","name":"Mass"},"@id":"0eb37af3-3424-3a3a-b0e9-6b2824d31ee3"},{"@type":"Exchange","avoidedProduct":false,"input":true,"amount":0.0081,"flow":{"@type":"Flow","@id":"73cd1596-214d-3403-87f1-f69fc3818886","name":"Bituminous coal, combusted in industrial boiler","flowType":"PRODUCT_FLOW"},"unit":{"@type":"Unit","@id":"20aadc24-a391-41cf-b340-3e4529f44bde","name":"kg"},"flowProperty":{"@type":"FlowProperty","@id":"93a60a56-a3c8-11da-a746-0800200b9a66","name":"Mass"},"@id":"3bfb284b-136f-3327-9b80-ace9abdf012c"},{"@type":"Exchange","avoidedProduct":false,"input":false,"amount":0.0031,"flow":{"@type":"Flow","@id":"562c7271-4b04-3929-aa0c-5c7cd03bdfa2","name":"Dinitrogen monoxide","flowType":"ELEMENTARY_FLOW"},"unit":{"@type":"Unit","@id":"20aadc24-a391-41cf-b340-3e4529f44bde","name":"kg"},"flowProperty":{"@type":"FlowProperty","@id":"93a60a56-a3c8-11da-a746-0800200b9a66","name":"Mass"},"@id":"83f56ef9-efb6-38d4-be73-a91946c75211"},{"@type":"Exchange","avoidedProduct":false,"input":true,"amount":9.0E-5,"flow":{"@type":"Flow","@id":"14efa61d-49e5-3c13-a0f2-90d8febe3caa","name":"CUTOFF Disposal, chemical waste, unspecified, to sanitary landfill","flowType":"PRODUCT_FLOW"},"unit":{"@type":"Unit","@id":"20aadc24-a391-41cf-b340-3e4529f44bde","name":"kg"},"flowProperty":{"@type":"FlowProperty","@id":"93a60a56-a3c8-11da-a746-0800200b9a66","name":"Mass"},"@id":"bc00ba00-aae0-3dc5-93a6-a6b2ba40e6c7"},{"@type":"Exchange","avoidedProduct":false,"input":false,"amount":1.2E-4,"flow":{"@type":"Flow","@id":"ec981a46-b3ab-31c4-a80c-5239500c9177","name":"Nitrogen, total","flowType":"ELEMENTARY_FLOW"},"unit":{"@type":"Unit","@id":"20aadc24-a391-41cf-b340-3e4529f44bde","name":"kg"},"flowProperty":{"@type":"FlowProperty","@id":"93a60a56-a3c8-11da-a746-0800200b9a66","name":"Mass"},"@id":"743edd49-3399-32bb-b584-262485327000"},{"@type":"Exchange","avoidedProduct":false,"input":false,"amount":5.0E-7,"flow":{"@type":"Flow","@id":"597aa1ed-e1b7-3919-b21d-7f72aafde510","name":"Zinc","flowType":"ELEMENTARY_FLOW"},"unit":{"@type":"Unit","@id":"20aadc24-a391-41cf-b340-3e4529f44bde","name":"kg"},"flowProperty":{"@type":"FlowProperty","@id":"93a60a56-a3c8-11da-a746-0800200b9a66","name":"Mass"},"@id":"6857e46a-8ddf-385a-a727-0e91c258de9d"},{"@type":"Exchange","avoidedProduct":false,"input":true,"amount":0.204,"flow":{"@type":"Flow","@id":"2afb4e2f-b224-3900-956f-03e3f27b276b","name":"Transport, combination truck, average fuel mix","flowType":"PRODUCT_FLOW"},"unit":{"@type":"Unit","@id":"0dea4ed8-bb6b-4049-b2b4-b2c413ef2180","name":"t*km"},"flowProperty":{"@type":"FlowProperty","@id":"838aaa20-0117-11db-92e3-0800200c9a66","name":"Goods transport (mass*distance)"},"@id":"1f6c5b11-06af-340a-a639-70b4eea39bee"},{"@type":"Exchange","avoidedProduct":false,"input":true,"amount":9.0E-5,"flow":{"@type":"Flow","@id":"88f2f98d-4af4-36f4-a9ba-21e88be74c0f","name":"CUTOFF Disposal, inert solid waste, to inert material landfill","flowType":"PRODUCT_FLOW"},"unit":{"@type":"Unit","@id":"20aadc24-a391-41cf-b340-3e4529f44bde","name":"kg"},"flowProperty":{"@type":"FlowProperty","@id":"93a60a56-a3c8-11da-a746-0800200b9a66","name":"Mass"},"@id":"9051becc-b485-399e-aaec-c6cdd3c2805b"},{"@type":"Exchange","avoidedProduct":false,"input":false,"amount":2.15E-4,"flow":{"@type":"Flow","@id":"d25cd0b7-4fc5-3be0-88d3-2d661482fde2","name":"Methane ","flowType":"ELEMENTARY_FLOW"},"unit":{"@type":"Unit","@id":"20aadc24-a391-41cf-b340-3e4529f44bde","name":"kg"},"flowProperty":{"@type":"FlowProperty","@id":"93a60a56-a3c8-11da-a746-0800200b9a66","name":"Mass"},"@id":"9ad54471-9d4d-3b1b-a0f9-c96dc6297453"},{"@type":"Exchange","avoidedProduct":false,"input":false,"amount":3.5E-5,"flow":{"@type":"Flow","@id":"80c9c183-6e8e-3cba-a608-1d70820c3ce9","name":"Carbon monoxide","flowType":"ELEMENTARY_FLOW"},"unit":{"@type":"Unit","@id":"20aadc24-a391-41cf-b340-3e4529f44bde","name":"kg"},"flowProperty":{"@type":"FlowProperty","@id":"93a60a56-a3c8-11da-a746-0800200b9a66","name":"Mass"},"@id":"b6be344f-7acf-3806-b6af-4627878928db"},{"@type":"Exchange","avoidedProduct":false,"input":true,"amount":0.946,"description":"Used as feedstock","flow":{"@type":"Flow","@id":"bd83ce23-816f-3589-b25f-dfca03b42932","name":"Natural gas, processed, at plant","flowType":"PRODUCT_FLOW"},"unit":{"@type":"Unit","@id":"1c3a9695-398d-4b1f-b07e-a8715b610f70","name":"m3"},"flowProperty":{"@type":"FlowProperty","@id":"93a60a56-a3c8-22da-a746-0800200c9a66","name":"Volume"},"@id":"2518a4e2-ccdd-384f-b1e2-48be9b19230c"}]}