{"@context":"http://greendelta.github.io/olca-schema/context.jsonld","@type":"Process","@id":"e0368d96-44a3-3628-8220-e6ae975b0931","name":"Carbon monoxide, at plant","version":"00.00.000","lastChange":"2013-11-13T17:23:30-07:00","category":{"@type":"Category","@id":"05ee7247-d00d-304a-97e8-4a376ca05972","name":"Petrochemical Manufacturing"},"processType":"UNIT_PROCESS","infrastructureProcess":false,"location":{"@type":"Location","@id":"b320e7db-c758-3ba6-8839-81eb83c9d7d7","name":"Northern America"},"processDocumentation":{"@type":"ProcessDocumentation","technologyDescription":"The raw materials necessary for the production of carbon monoxide are the gases resulting from steam reformation, as in the production of synthesis gas for ammonia manufacture, or from partial combustion of hydrocarbons. The feed gas must be stripped of carbon dioxide by scrubbing with ethanolamine solution and then passed through a molecular sieve to remove traces of carbon dioxide and water. Carbon monoxide and unconverted methane are condensed from the gas mixture and separated by lowering the pressure to remove entrained gases. The methane is recycled and the carbon monoxide comes out as a product after evaporation, warming, and compression.","samplingDescription":"The energy and emissions data for carbon monoxide are from secondary sources and estimates. The transportation energy was collected from an acetic acid producer and calculated using estimates.","restrictionsDescription":"All information can be accessed by everybody.","copyright":false,"validFrom":"2002-12-31T00:00:00-07:00","validUntil":"2003-12-31T00:00:00-07:00","creationDate":"2013-11-13T17:23:30-07:00","geographyDescription":"Representative of North America (US and Canada)","dataDocumentor":{"@type":"Actor","@id":"721bcfe4-ee92-33bc-a9bd-bbf5ba3cb52d","name":"Franklin Associates"},"dataGenerator":{"@type":"Actor","@id":"721bcfe4-ee92-33bc-a9bd-bbf5ba3cb52d","name":"Franklin Associates"},"publication":{"@type":"Source","@id":"120143da-004e-38fa-987d-fab82fa5a3c1","name":"THE PLASTICS DIVISION OF \nTHE ACC\n "},"sources":[{"@type":"Source","@id":"120143da-004e-38fa-987d-fab82fa5a3c1","name":"THE PLASTICS DIVISION OF \nTHE ACC\n "}]},"exchanges":[{"@type":"Exchange","avoidedProduct":false,"input":false,"amount":1.0,"flow":{"@type":"Flow","@id":"0461a6e2-75a9-36af-8e1a-c9ad9dcdb99d","name":"Carbon monoxide, at plant","flowType":"PRODUCT_FLOW"},"unit":{"@type":"Unit","@id":"20aadc24-a391-41cf-b340-3e4529f44bde","name":"kg"},"flowProperty":{"@type":"FlowProperty","@id":"93a60a56-a3c8-11da-a746-0800200b9a66","name":"Mass"},"@id":"8eef31f3-3623-38bf-a2fd-2add514872a4","quantitativeReference":true},{"@type":"Exchange","avoidedProduct":false,"input":false,"amount":5.3414E-5,"flow":{"@type":"Flow","@id":"e10319a4-662e-3d3a-b3dc-03bbbca0e66f","name":"Particulates, \u003c 2.5 um ","flowType":"ELEMENTARY_FLOW"},"unit":{"@type":"Unit","@id":"20aadc24-a391-41cf-b340-3e4529f44bde","name":"kg"},"flowProperty":{"@type":"FlowProperty","@id":"93a60a56-a3c8-11da-a746-0800200b9a66","name":"Mass"},"@id":"b3aa3832-682d-3160-9e59-bdbef9fc6dc6"},{"@type":"Exchange","avoidedProduct":false,"input":false,"amount":7.378E-9,"flow":{"@type":"Flow","@id":"1a070fd7-b649-3193-9fc2-6ca401aab70b","name":"o-Cresol","flowType":"ELEMENTARY_FLOW"},"unit":{"@type":"Unit","@id":"20aadc24-a391-41cf-b340-3e4529f44bde","name":"kg"},"flowProperty":{"@type":"FlowProperty","@id":"93a60a56-a3c8-11da-a746-0800200b9a66","name":"Mass"},"@id":"0cb6b040-61f4-32dc-8d4c-349494b4c1e6"},{"@type":"Exchange","avoidedProduct":false,"input":true,"amount":0.021476,"flow":{"@type":"Flow","@id":"63879c83-7f9b-3aa5-a79d-53dc50fa5729","name":"CUTOFF Disposal, solid waste, fuel, to municipal incineration","flowType":"PRODUCT_FLOW"},"unit":{"@type":"Unit","@id":"20aadc24-a391-41cf-b340-3e4529f44bde","name":"kg"},"flowProperty":{"@type":"FlowProperty","@id":"93a60a56-a3c8-11da-a746-0800200b9a66","name":"Mass"},"@id":"7ab6e921-1ac5-36c6-a6a7-7f1df5137dad"},{"@type":"Exchange","avoidedProduct":false,"input":false,"amount":1.3093E-4,"flow":{"@type":"Flow","@id":"d25cd0b7-4fc5-3be0-88d3-2d661482fde2","name":"Methane ","flowType":"ELEMENTARY_FLOW"},"unit":{"@type":"Unit","@id":"20aadc24-a391-41cf-b340-3e4529f44bde","name":"kg"},"flowProperty":{"@type":"FlowProperty","@id":"93a60a56-a3c8-11da-a746-0800200b9a66","name":"Mass"},"@id":"743e9c1d-5e53-330c-8102-8d95b8d80c78"},{"@type":"Exchange","avoidedProduct":false,"input":false,"amount":2.3557E-5,"flow":{"@type":"Flow","@id":"dc52a4db-da65-3119-8e62-70228d090990","name":"Aluminum","flowType":"ELEMENTARY_FLOW"},"unit":{"@type":"Unit","@id":"20aadc24-a391-41cf-b340-3e4529f44bde","name":"kg"},"flowProperty":{"@type":"FlowProperty","@id":"93a60a56-a3c8-11da-a746-0800200b9a66","name":"Mass"},"@id":"504511b5-f050-3fe7-861c-7370a746a3e0"},{"@type":"Exchange","avoidedProduct":false,"input":false,"amount":5.681E-9,"flow":{"@type":"Flow","@id":"f6fbb3f9-ee39-3d9d-b874-20841ac7d55f","name":"Cobalt","flowType":"ELEMENTARY_FLOW"},"unit":{"@type":"Unit","@id":"20aadc24-a391-41cf-b340-3e4529f44bde","name":"kg"},"flowProperty":{"@type":"FlowProperty","@id":"93a60a56-a3c8-11da-a746-0800200b9a66","name":"Mass"},"@id":"71b9683a-752f-3e15-805f-115b796167ed"},{"@type":"Exchange","avoidedProduct":false,"input":false,"amount":9.5802E-5,"flow":{"@type":"Flow","@id":"0ba9c977-5398-3e0f-b3c9-d922e39d7894","name":"Benzene","flowType":"ELEMENTARY_FLOW"},"unit":{"@type":"Unit","@id":"20aadc24-a391-41cf-b340-3e4529f44bde","name":"kg"},"flowProperty":{"@type":"FlowProperty","@id":"93a60a56-a3c8-11da-a746-0800200b9a66","name":"Mass"},"@id":"cbb3301f-3634-362c-9fc8-6e138967416f"},{"@type":"Exchange","avoidedProduct":false,"input":false,"amount":5.3268E-6,"flow":{"@type":"Flow","@id":"8fd25939-5072-3efe-a38a-8d995b9e7f2e","name":"NMVOC, non-methane volatile organic compounds, unspecified origin","flowType":"ELEMENTARY_FLOW"},"unit":{"@type":"Unit","@id":"20aadc24-a391-41cf-b340-3e4529f44bde","name":"kg"},"flowProperty":{"@type":"FlowProperty","@id":"93a60a56-a3c8-11da-a746-0800200b9a66","name":"Mass"},"@id":"7af0f2f6-4dae-3dbc-87b0-380dda0b2092"},{"@type":"Exchange","avoidedProduct":false,"input":false,"amount":3.1228E-4,"flow":{"@type":"Flow","@id":"df1d0d1c-64b4-3ca7-9edb-970676393c7f","name":"Barium","flowType":"ELEMENTARY_FLOW"},"unit":{"@type":"Unit","@id":"20aadc24-a391-41cf-b340-3e4529f44bde","name":"kg"},"flowProperty":{"@type":"FlowProperty","@id":"93a60a56-a3c8-11da-a746-0800200b9a66","name":"Mass"},"@id":"b8570e23-cfe7-32c1-9113-9a0a35871f82"},{"@type":"Exchange","avoidedProduct":false,"input":false,"amount":1.4105E-8,"flow":{"@type":"Flow","@id":"eb8fa4b7-47d8-3603-acda-f41a4ec76770","name":"Antimony","flowType":"ELEMENTARY_FLOW"},"unit":{"@type":"Unit","@id":"20aadc24-a391-41cf-b340-3e4529f44bde","name":"kg"},"flowProperty":{"@type":"FlowProperty","@id":"93a60a56-a3c8-11da-a746-0800200b9a66","name":"Mass"},"@id":"0a1053d1-b51f-3827-89c1-e85572209f4f"},{"@type":"Exchange","avoidedProduct":false,"input":false,"amount":1.1279E-7,"flow":{"@type":"Flow","@id":"77fcca9a-7ac9-3513-8bd9-9e849e08bb6f","name":"Xylene","flowType":"ELEMENTARY_FLOW"},"unit":{"@type":"Unit","@id":"20aadc24-a391-41cf-b340-3e4529f44bde","name":"kg"},"flowProperty":{"@type":"FlowProperty","@id":"93a60a56-a3c8-11da-a746-0800200b9a66","name":"Mass"},"@id":"4ba08e5b-da8a-3bc7-b7da-280360a092dc"},{"@type":"Exchange","avoidedProduct":false,"input":false,"amount":5.8324E-13,"flow":{"@type":"Flow","@id":"ab9316f9-3389-362b-af1e-4c703da5b12e","name":"Hexane","flowType":"ELEMENTARY_FLOW"},"unit":{"@type":"Unit","@id":"20aadc24-a391-41cf-b340-3e4529f44bde","name":"kg"},"flowProperty":{"@type":"FlowProperty","@id":"93a60a56-a3c8-11da-a746-0800200b9a66","name":"Mass"},"@id":"95714810-65fb-3950-8ce8-d446a2940aa6"},{"@type":"Exchange","avoidedProduct":false,"input":false,"amount":8.6775E-5,"flow":{"@type":"Flow","@id":"ba21b581-543c-38df-b9b5-3f94fa5053e4","name":"Xylene","flowType":"ELEMENTARY_FLOW"},"unit":{"@type":"Unit","@id":"20aadc24-a391-41cf-b340-3e4529f44bde","name":"kg"},"flowProperty":{"@type":"FlowProperty","@id":"93a60a56-a3c8-11da-a746-0800200b9a66","name":"Mass"},"@id":"162538db-c805-35b5-a0e2-9111b9c50186"},{"@type":"Exchange","avoidedProduct":false,"input":false,"amount":1.3928E-12,"flow":{"@type":"Flow","@id":"f3ecfc81-3d4c-3f02-ba6e-eead8c1aa3c7","name":"Methane, bromo-, Halon 1001","flowType":"ELEMENTARY_FLOW"},"unit":{"@type":"Unit","@id":"20aadc24-a391-41cf-b340-3e4529f44bde","name":"kg"},"flowProperty":{"@type":"FlowProperty","@id":"93a60a56-a3c8-11da-a746-0800200b9a66","name":"Mass"},"@id":"4da366f2-46e2-3c12-957d-bb5181572e73"},{"@type":"Exchange","avoidedProduct":false,"input":false,"amount":5.8885E-9,"flow":{"@type":"Flow","@id":"eb8b0400-9d65-3b1b-b30e-0f2d112569e6","name":"Molybdenum","flowType":"ELEMENTARY_FLOW"},"unit":{"@type":"Unit","@id":"20aadc24-a391-41cf-b340-3e4529f44bde","name":"kg"},"flowProperty":{"@type":"FlowProperty","@id":"93a60a56-a3c8-11da-a746-0800200b9a66","name":"Mass"},"@id":"c2485cf7-ad0d-3e67-9dae-02f7116df641"},{"@type":"Exchange","avoidedProduct":false,"input":false,"amount":1.4799E-12,"flow":{"@type":"Flow","@id":"989fc728-cef9-3c1a-be55-7867ddf882a8","name":"Hydrazine, methyl-","flowType":"ELEMENTARY_FLOW"},"unit":{"@type":"Unit","@id":"20aadc24-a391-41cf-b340-3e4529f44bde","name":"kg"},"flowProperty":{"@type":"FlowProperty","@id":"93a60a56-a3c8-11da-a746-0800200b9a66","name":"Mass"},"@id":"e0e5cf8b-f6a4-3897-91d8-aba1fa63e53a"},{"@type":"Exchange","avoidedProduct":false,"input":false,"amount":4.4848E-10,"flow":{"@type":"Flow","@id":"18ee0424-b390-3af5-acf5-4e434e29cd88","name":"Butadiene","flowType":"ELEMENTARY_FLOW"},"unit":{"@type":"Unit","@id":"20aadc24-a391-41cf-b340-3e4529f44bde","name":"kg"},"flowProperty":{"@type":"FlowProperty","@id":"93a60a56-a3c8-11da-a746-0800200b9a66","name":"Mass"},"@id":"8fbd4991-2b51-3ff4-a200-12c0ae44f736"},{"@type":"Exchange","avoidedProduct":false,"input":false,"amount":1.5369,"flow":{"@type":"Flow","@id":"68b515f9-f08a-35d6-bc21-60d9e3831d49","name":"Radioactive species, Nuclides, unspecified","flowType":"ELEMENTARY_FLOW"},"unit":{"@type":"Unit","@id":"ac324d87-9961-463a-81a1-099bb0f7d89b","name":"Bq"},"flowProperty":{"@type":"FlowProperty","@id":"93a60a56-a3c8-17da-a746-0800200c9a66","name":"Radioactivity"},"@id":"85bc0037-8dbd-3e77-bff1-87400b49a8ab"},{"@type":"Exchange","avoidedProduct":false,"input":true,"amount":0.44352,"description":"This flow represents the amount of natural gas that is used for fuel.  The energy content of the natural gas used for fuel is 36.7 MJ per m3.","flow":{"@type":"Flow","@id":"e7446857-a38a-3f26-a42b-0a8053a9a2ad","name":"Gas, natural, in ground ","flowType":"ELEMENTARY_FLOW"},"unit":{"@type":"Unit","@id":"1c3a9695-398d-4b1f-b07e-a8715b610f70","name":"m3"},"flowProperty":{"@type":"FlowProperty","@id":"93a60a56-a3c8-22da-a746-0800200c9a66","name":"Volume"},"@id":"1c864dd7-fda3-387c-a8f9-991a3cef19fa"},{"@type":"Exchange","avoidedProduct":false,"input":false,"amount":4.4304E-8,"flow":{"@type":"Flow","@id":"33f4a26e-9b49-3487-a296-b32ebb25be8f","name":"Nickel","flowType":"ELEMENTARY_FLOW"},"unit":{"@type":"Unit","@id":"20aadc24-a391-41cf-b340-3e4529f44bde","name":"kg"},"flowProperty":{"@type":"FlowProperty","@id":"93a60a56-a3c8-11da-a746-0800200b9a66","name":"Mass"},"@id":"d15dd01b-0fae-3b3d-ad65-fcec4951745a"},{"@type":"Exchange","avoidedProduct":false,"input":false,"amount":1.175E-10,"flow":{"@type":"Flow","@id":"589fc0be-4a57-3639-a0f3-61f322768ed9","name":"n-Hexacosane","flowType":"ELEMENTARY_FLOW"},"unit":{"@type":"Unit","@id":"20aadc24-a391-41cf-b340-3e4529f44bde","name":"kg"},"flowProperty":{"@type":"FlowProperty","@id":"93a60a56-a3c8-11da-a746-0800200b9a66","name":"Mass"},"@id":"ea7aac90-83ce-36f7-8b67-9f3b212fb3d4"},{"@type":"Exchange","avoidedProduct":false,"input":false,"amount":1.412E-8,"flow":{"@type":"Flow","@id":"e3b7cf63-388d-3647-8750-e5ce42f7b53d","name":"Dodecane","flowType":"ELEMENTARY_FLOW"},"unit":{"@type":"Unit","@id":"20aadc24-a391-41cf-b340-3e4529f44bde","name":"kg"},"flowProperty":{"@type":"FlowProperty","@id":"93a60a56-a3c8-11da-a746-0800200b9a66","name":"Mass"},"@id":"593ae6db-dcfb-3300-b138-89a34710f75d"},{"@type":"Exchange","avoidedProduct":false,"input":false,"amount":2.6203E-7,"flow":{"@type":"Flow","@id":"62d93580-597b-306f-b17b-15c7bfb5747a","name":"Benzene","flowType":"ELEMENTARY_FLOW"},"unit":{"@type":"Unit","@id":"20aadc24-a391-41cf-b340-3e4529f44bde","name":"kg"},"flowProperty":{"@type":"FlowProperty","@id":"93a60a56-a3c8-11da-a746-0800200b9a66","name":"Mass"},"@id":"bdb21a0c-cddf-3467-a658-344a87ef9110"},{"@type":"Exchange","avoidedProduct":false,"input":false,"amount":1.741E-13,"flow":{"@type":"Flow","@id":"c4a5c5a9-81c3-3d8f-a63e-69bfbe857e66","name":"Ethane, 1,1,1-trichloro-, HCFC-140","flowType":"ELEMENTARY_FLOW"},"unit":{"@type":"Unit","@id":"20aadc24-a391-41cf-b340-3e4529f44bde","name":"kg"},"flowProperty":{"@type":"FlowProperty","@id":"93a60a56-a3c8-11da-a746-0800200b9a66","name":"Mass"},"@id":"7718e2ce-4b7e-3442-a693-a7e4defcdae7"},{"@type":"Exchange","avoidedProduct":false,"input":false,"amount":4.1498E-9,"flow":{"@type":"Flow","@id":"726d9288-bc45-3496-a824-86a4b3874fae","name":"Cobalt","flowType":"ELEMENTARY_FLOW"},"unit":{"@type":"Unit","@id":"20aadc24-a391-41cf-b340-3e4529f44bde","name":"kg"},"flowProperty":{"@type":"FlowProperty","@id":"93a60a56-a3c8-11da-a746-0800200b9a66","name":"Mass"},"@id":"7e5db9eb-a7cf-35e4-8e63-56ff4e0a9b9e"},{"@type":"Exchange","avoidedProduct":false,"input":false,"amount":1.746E-5,"flow":{"@type":"Flow","@id":"562c7271-4b04-3929-aa0c-5c7cd03bdfa2","name":"Dinitrogen monoxide","flowType":"ELEMENTARY_FLOW"},"unit":{"@type":"Unit","@id":"20aadc24-a391-41cf-b340-3e4529f44bde","name":"kg"},"flowProperty":{"@type":"FlowProperty","@id":"93a60a56-a3c8-11da-a746-0800200b9a66","name":"Mass"},"@id":"5eb0a139-418b-356e-a2a7-5cef12459b3d"},{"@type":"Exchange","avoidedProduct":false,"input":false,"amount":3.9246E-13,"flow":{"@type":"Flow","@id":"85d76322-ac52-3492-b6b3-01444c0e996b","name":"5-methyl Chrysene","flowType":"ELEMENTARY_FLOW"},"unit":{"@type":"Unit","@id":"20aadc24-a391-41cf-b340-3e4529f44bde","name":"kg"},"flowProperty":{"@type":"FlowProperty","@id":"93a60a56-a3c8-11da-a746-0800200b9a66","name":"Mass"},"@id":"86cbb51f-bcb8-3262-bd3b-cbb54c4140a0"},{"@type":"Exchange","avoidedProduct":false,"input":false,"amount":2.8564E-7,"flow":{"@type":"Flow","@id":"82fad29c-841d-3081-a092-25a3417f7651","name":"Hydrocarbons, unspecified","flowType":"ELEMENTARY_FLOW"},"unit":{"@type":"Unit","@id":"20aadc24-a391-41cf-b340-3e4529f44bde","name":"kg"},"flowProperty":{"@type":"FlowProperty","@id":"93a60a56-a3c8-11da-a746-0800200b9a66","name":"Mass"},"@id":"c8eb12be-6a78-34ed-8ab4-152466e97e9d"},{"@type":"Exchange","avoidedProduct":false,"input":false,"amount":1.4168E-11,"flow":{"@type":"Flow","@id":"86fb4f76-4ecc-3529-8eb0-b34b3fccd10b","name":"Methyl ethyl ketone","flowType":"ELEMENTARY_FLOW"},"unit":{"@type":"Unit","@id":"20aadc24-a391-41cf-b340-3e4529f44bde","name":"kg"},"flowProperty":{"@type":"FlowProperty","@id":"93a60a56-a3c8-11da-a746-0800200b9a66","name":"Mass"},"@id":"2e97ee87-d9b5-3dec-8479-af79098a8af8"},{"@type":"Exchange","avoidedProduct":false,"input":false,"amount":1.0882E-12,"flow":{"@type":"Flow","@id":"ca32d24e-c8de-31ce-8eca-e34f3e77ddd8","name":"Indeno(1,2,3-cd)pyrene","flowType":"ELEMENTARY_FLOW"},"unit":{"@type":"Unit","@id":"20aadc24-a391-41cf-b340-3e4529f44bde","name":"kg"},"flowProperty":{"@type":"FlowProperty","@id":"93a60a56-a3c8-11da-a746-0800200b9a66","name":"Mass"},"@id":"b72e483a-d4fb-3f55-aa13-5db9db49c43c"},{"@type":"Exchange","avoidedProduct":false,"input":false,"amount":7.4295E-10,"flow":{"@type":"Flow","@id":"28ed9d12-e522-3bfb-b74b-f5d68aa23254","name":"4-Methyl-2-pentanone","flowType":"ELEMENTARY_FLOW"},"unit":{"@type":"Unit","@id":"20aadc24-a391-41cf-b340-3e4529f44bde","name":"kg"},"flowProperty":{"@type":"FlowProperty","@id":"93a60a56-a3c8-11da-a746-0800200b9a66","name":"Mass"},"@id":"3df08cc7-df9b-32c3-981a-ed623d9933ba"},{"@type":"Exchange","avoidedProduct":false,"input":false,"amount":1.2702E-11,"flow":{"@type":"Flow","@id":"029965e2-8227-3af2-a379-0bec2d656e7f","name":"Cyanide","flowType":"ELEMENTARY_FLOW"},"unit":{"@type":"Unit","@id":"20aadc24-a391-41cf-b340-3e4529f44bde","name":"kg"},"flowProperty":{"@type":"FlowProperty","@id":"93a60a56-a3c8-11da-a746-0800200b9a66","name":"Mass"},"@id":"0044e811-e56d-372a-b786-9493ffb56e07"},{"@type":"Exchange","avoidedProduct":false,"input":false,"amount":3.01E-9,"flow":{"@type":"Flow","@id":"6dd6d910-2219-3203-a25f-6630ce2ce2a7","name":"Beryllium","flowType":"ELEMENTARY_FLOW"},"unit":{"@type":"Unit","@id":"20aadc24-a391-41cf-b340-3e4529f44bde","name":"kg"},"flowProperty":{"@type":"FlowProperty","@id":"93a60a56-a3c8-11da-a746-0800200b9a66","name":"Mass"},"@id":"c1d30772-aaf2-3e75-a700-0681994a9b9c"},{"@type":"Exchange","avoidedProduct":false,"input":false,"amount":8.1033E-4,"flow":{"@type":"Flow","@id":"14dde4c7-2655-3a40-897a-1a8fa48c777a","name":"VOC, volatile organic compounds","flowType":"ELEMENTARY_FLOW"},"unit":{"@type":"Unit","@id":"20aadc24-a391-41cf-b340-3e4529f44bde","name":"kg"},"flowProperty":{"@type":"FlowProperty","@id":"93a60a56-a3c8-11da-a746-0800200b9a66","name":"Mass"},"@id":"3bfd0e82-8227-3dd5-8809-9b4b3333fe34"},{"@type":"Exchange","avoidedProduct":false,"input":false,"amount":1.5437E-8,"flow":{"@type":"Flow","@id":"710091cb-d225-38e4-b4f0-580746c4c26c","name":"Hexadecane","flowType":"ELEMENTARY_FLOW"},"unit":{"@type":"Unit","@id":"20aadc24-a391-41cf-b340-3e4529f44bde","name":"kg"},"flowProperty":{"@type":"FlowProperty","@id":"93a60a56-a3c8-11da-a746-0800200b9a66","name":"Mass"},"@id":"246372ac-3e44-3062-8a5c-bfd1c10795ac"},{"@type":"Exchange","avoidedProduct":false,"input":false,"amount":2.9593E-8,"flow":{"@type":"Flow","@id":"52acd8aa-5e54-39d0-93de-56586dc830f2","name":"Propene","flowType":"ELEMENTARY_FLOW"},"unit":{"@type":"Unit","@id":"20aadc24-a391-41cf-b340-3e4529f44bde","name":"kg"},"flowProperty":{"@type":"FlowProperty","@id":"93a60a56-a3c8-11da-a746-0800200b9a66","name":"Mass"},"@id":"e2712434-df21-356b-86b1-e3aa708f2e4e"},{"@type":"Exchange","avoidedProduct":false,"input":false,"amount":5.8242E-8,"flow":{"@type":"Flow","@id":"2d9b2782-3264-37bc-91c3-5d6de543512f","name":"Tin","flowType":"ELEMENTARY_FLOW"},"unit":{"@type":"Unit","@id":"20aadc24-a391-41cf-b340-3e4529f44bde","name":"kg"},"flowProperty":{"@type":"FlowProperty","@id":"93a60a56-a3c8-11da-a746-0800200b9a66","name":"Mass"},"@id":"b8e78573-7a55-3707-97aa-a695b2a2c2ad"},{"@type":"Exchange","avoidedProduct":false,"input":false,"amount":6.7789E-13,"flow":{"@type":"Flow","@id":"fa363494-7f03-3b85-96c8-4b9dc50adc40","name":"Benzo(a)pyrene","flowType":"ELEMENTARY_FLOW"},"unit":{"@type":"Unit","@id":"20aadc24-a391-41cf-b340-3e4529f44bde","name":"kg"},"flowProperty":{"@type":"FlowProperty","@id":"93a60a56-a3c8-11da-a746-0800200b9a66","name":"Mass"},"@id":"efa8fe33-54d9-35fc-8af5-83b94274315d"},{"@type":"Exchange","avoidedProduct":false,"input":true,"amount":0.017184,"flow":{"@type":"Flow","@id":"b35ecc2a-e40e-32bb-b5a0-5510499d96e2","name":"CUTOFF Disposal, solid waste, process, to sanitary landfill","flowType":"PRODUCT_FLOW"},"unit":{"@type":"Unit","@id":"20aadc24-a391-41cf-b340-3e4529f44bde","name":"kg"},"flowProperty":{"@type":"FlowProperty","@id":"93a60a56-a3c8-11da-a746-0800200b9a66","name":"Mass"},"@id":"6bd2d754-55cb-31c6-9992-1ac4af81b0d1"},{"@type":"Exchange","avoidedProduct":false,"input":true,"amount":0.0029612,"description":"Franklin Associates uses a default as opposed to Egalitarian approach in collecting data for water use. During data collection, water use data were only requested and compiled in terms of \u0027evaporative\u0027 or consumptive use (i.e., ultimate withdraws, evaporation, or incorporation into the product). Data were not collected to determine reliable averages for non-evaporative water use. In other words, averages for water inputs and outputs are not available for this unit process.  Consumptive use includes: water incorporated into the product, water evaporated during the process, and/or water used and released to a body other than that from which it was drawn.","flow":{"@type":"Flow","@id":"2a814eae-4ee4-38b6-a824-d9fbf90688e8","name":"Water, consumptive use, unspecified origin/m3","flowType":"ELEMENTARY_FLOW"},"unit":{"@type":"Unit","@id":"1c3a9695-398d-4b1f-b07e-a8715b610f70","name":"m3"},"flowProperty":{"@type":"FlowProperty","@id":"93a60a56-a3c8-22da-a746-0800200c9a66","name":"Volume"},"@id":"78cabfc9-8c60-31d1-85dc-c2e0a821bde6"},{"@type":"Exchange","avoidedProduct":false,"input":false,"amount":0.0025789,"flow":{"@type":"Flow","@id":"91c6fb89-85ed-310b-8197-fb35a753bd97","name":"Suspended solids, unspecified","flowType":"ELEMENTARY_FLOW"},"unit":{"@type":"Unit","@id":"20aadc24-a391-41cf-b340-3e4529f44bde","name":"kg"},"flowProperty":{"@type":"FlowProperty","@id":"93a60a56-a3c8-11da-a746-0800200b9a66","name":"Mass"},"@id":"2f7ae647-8100-376c-bc28-6b358b579da9"},{"@type":"Exchange","avoidedProduct":false,"input":false,"amount":7.1063E-9,"flow":{"@type":"Flow","@id":"05d25fc1-11cb-3e52-bdfc-c382779992c8","name":"Vanadium","flowType":"ELEMENTARY_FLOW"},"unit":{"@type":"Unit","@id":"20aadc24-a391-41cf-b340-3e4529f44bde","name":"kg"},"flowProperty":{"@type":"FlowProperty","@id":"93a60a56-a3c8-11da-a746-0800200b9a66","name":"Mass"},"@id":"19d865c4-c3bc-30fe-b36f-68f6bae046e8"},{"@type":"Exchange","avoidedProduct":false,"input":false,"amount":3.0327E-11,"flow":{"@type":"Flow","@id":"8f9e856a-1968-3399-bbe6-935da3e1cb64","name":"Biphenyl","flowType":"ELEMENTARY_FLOW"},"unit":{"@type":"Unit","@id":"20aadc24-a391-41cf-b340-3e4529f44bde","name":"kg"},"flowProperty":{"@type":"FlowProperty","@id":"93a60a56-a3c8-11da-a746-0800200b9a66","name":"Mass"},"@id":"63f99c22-5bd0-37a6-8ac4-1b57cc800e6a"},{"@type":"Exchange","avoidedProduct":false,"input":false,"amount":1.5256E-9,"flow":{"@type":"Flow","@id":"c99b594a-70e7-3b22-9fcb-bcfdefa2411c","name":"Phenol","flowType":"ELEMENTARY_FLOW"},"unit":{"@type":"Unit","@id":"20aadc24-a391-41cf-b340-3e4529f44bde","name":"kg"},"flowProperty":{"@type":"FlowProperty","@id":"93a60a56-a3c8-11da-a746-0800200b9a66","name":"Mass"},"@id":"a606edf7-2d4f-3eb0-bcee-ae792b6fd07c"},{"@type":"Exchange","avoidedProduct":false,"input":false,"amount":1.0581E-8,"flow":{"@type":"Flow","@id":"7052b271-cf8a-31bd-9d02-c15b03ed2346","name":"Ammonium, ion","flowType":"ELEMENTARY_FLOW"},"unit":{"@type":"Unit","@id":"20aadc24-a391-41cf-b340-3e4529f44bde","name":"kg"},"flowProperty":{"@type":"FlowProperty","@id":"93a60a56-a3c8-11da-a746-0800200b9a66","name":"Mass"},"@id":"34e47881-6932-31ec-8f73-7e4a699d14a4"},{"@type":"Exchange","avoidedProduct":false,"input":false,"amount":7.0325E-12,"flow":{"@type":"Flow","@id":"6996fb26-c610-3dbe-8739-20b8a01d77b3","name":"Methane, tetrachloro-, CFC-10","flowType":"ELEMENTARY_FLOW"},"unit":{"@type":"Unit","@id":"20aadc24-a391-41cf-b340-3e4529f44bde","name":"kg"},"flowProperty":{"@type":"FlowProperty","@id":"93a60a56-a3c8-11da-a746-0800200b9a66","name":"Mass"},"@id":"dfef4bf9-19f6-3fd0-9d09-0e9b4363aa35"},{"@type":"Exchange","avoidedProduct":false,"input":false,"amount":1.2856E-7,"flow":{"@type":"Flow","@id":"2300c22d-fa07-34a3-81a2-6fb72e63b09c","name":"Lead","flowType":"ELEMENTARY_FLOW"},"unit":{"@type":"Unit","@id":"20aadc24-a391-41cf-b340-3e4529f44bde","name":"kg"},"flowProperty":{"@type":"FlowProperty","@id":"93a60a56-a3c8-11da-a746-0800200b9a66","name":"Mass"},"@id":"97933a7f-bb85-3588-b0ee-ccfff54ad2b5"},{"@type":"Exchange","avoidedProduct":false,"input":false,"amount":1.2287E-8,"flow":{"@type":"Flow","@id":"cf073fce-ea44-3b44-a451-0ac2894f0bbf","name":"Manganese","flowType":"ELEMENTARY_FLOW"},"unit":{"@type":"Unit","@id":"20aadc24-a391-41cf-b340-3e4529f44bde","name":"kg"},"flowProperty":{"@type":"FlowProperty","@id":"93a60a56-a3c8-11da-a746-0800200b9a66","name":"Mass"},"@id":"6f60e5cf-df43-3b55-a367-572f79f54650"},{"@type":"Exchange","avoidedProduct":false,"input":false,"amount":9.2708E-15,"flow":{"@type":"Flow","@id":"9f17e382-d373-35e5-8ca4-99fdad2f939a","name":"Radium-226/kg","flowType":"ELEMENTARY_FLOW"},"unit":{"@type":"Unit","@id":"20aadc24-a391-41cf-b340-3e4529f44bde","name":"kg"},"flowProperty":{"@type":"FlowProperty","@id":"93a60a56-a3c8-11da-a746-0800200b9a66","name":"Mass"},"@id":"dbc8b9a5-4cab-335f-bde0-537bdd9315d1"},{"@type":"Exchange","avoidedProduct":false,"input":false,"amount":8.0567E-10,"flow":{"@type":"Flow","@id":"a86e5507-1798-3356-9a6a-c087d0977654","name":"Ethene, tetrachloro-","flowType":"ELEMENTARY_FLOW"},"unit":{"@type":"Unit","@id":"20aadc24-a391-41cf-b340-3e4529f44bde","name":"kg"},"flowProperty":{"@type":"FlowProperty","@id":"93a60a56-a3c8-11da-a746-0800200b9a66","name":"Mass"},"@id":"1095498e-588a-38be-8294-82fa340561ed"},{"@type":"Exchange","avoidedProduct":false,"input":false,"amount":6.5377E-9,"flow":{"@type":"Flow","@id":"b4cec7e5-b107-3e94-8152-1d30a754387f","name":"Selenium","flowType":"ELEMENTARY_FLOW"},"unit":{"@type":"Unit","@id":"20aadc24-a391-41cf-b340-3e4529f44bde","name":"kg"},"flowProperty":{"@type":"FlowProperty","@id":"93a60a56-a3c8-11da-a746-0800200b9a66","name":"Mass"},"@id":"b2a218ce-fe8a-3266-9934-62b7b9c6a98a"},{"@type":"Exchange","avoidedProduct":false,"input":false,"amount":2.6017E-7,"flow":{"@type":"Flow","@id":"e1ab137f-2d17-3328-aedb-a67b98a11056","name":"Benzoic acid","flowType":"ELEMENTARY_FLOW"},"unit":{"@type":"Unit","@id":"20aadc24-a391-41cf-b340-3e4529f44bde","name":"kg"},"flowProperty":{"@type":"FlowProperty","@id":"93a60a56-a3c8-11da-a746-0800200b9a66","name":"Mass"},"@id":"bcb53bb5-8d32-3213-9c28-e8c7b2cb5bcb"},{"@type":"Exchange","avoidedProduct":false,"input":false,"amount":7.8E-10,"flow":{"@type":"Flow","@id":"29212dbf-5c92-3200-aebd-52f80075b202","name":"Naphthalenes, alkylated, unspecified","flowType":"ELEMENTARY_FLOW"},"unit":{"@type":"Unit","@id":"20aadc24-a391-41cf-b340-3e4529f44bde","name":"kg"},"flowProperty":{"@type":"FlowProperty","@id":"93a60a56-a3c8-11da-a746-0800200b9a66","name":"Mass"},"@id":"1041a44d-4ec1-32bd-9579-884c15d40ff4"},{"@type":"Exchange","avoidedProduct":false,"input":false,"amount":2.6755E-6,"flow":{"@type":"Flow","@id":"355d165a-8be8-3b91-be79-89f5aaa52408","name":"Hydrogen fluoride","flowType":"ELEMENTARY_FLOW"},"unit":{"@type":"Unit","@id":"20aadc24-a391-41cf-b340-3e4529f44bde","name":"kg"},"flowProperty":{"@type":"FlowProperty","@id":"93a60a56-a3c8-11da-a746-0800200b9a66","name":"Mass"},"@id":"c8fa83a2-8319-350e-921c-6fc58eece957"},{"@type":"Exchange","avoidedProduct":false,"input":false,"amount":4.6709E-9,"flow":{"@type":"Flow","@id":"f5f01495-a252-38d0-bf8e-815ebd08ddea","name":"Naphthalene","flowType":"ELEMENTARY_FLOW"},"unit":{"@type":"Unit","@id":"20aadc24-a391-41cf-b340-3e4529f44bde","name":"kg"},"flowProperty":{"@type":"FlowProperty","@id":"93a60a56-a3c8-11da-a746-0800200b9a66","name":"Mass"},"@id":"e8492ab7-7f98-38d4-8939-6ebbd7275f09"},{"@type":"Exchange","avoidedProduct":false,"input":false,"amount":1.4271E-12,"flow":{"@type":"Flow","@id":"223c9ae0-cad5-34fe-a93c-e36a2fbda49f","name":"Benzo(a)anthracene","flowType":"ELEMENTARY_FLOW"},"unit":{"@type":"Unit","@id":"20aadc24-a391-41cf-b340-3e4529f44bde","name":"kg"},"flowProperty":{"@type":"FlowProperty","@id":"93a60a56-a3c8-11da-a746-0800200b9a66","name":"Mass"},"@id":"4235928d-8192-35fa-9641-65031bbf8545"},{"@type":"Exchange","avoidedProduct":false,"input":false,"amount":2.6648E-17,"flow":{"@type":"Flow","@id":"56dda061-eb7b-3b15-815c-5298cba73949","name":"Lead-210/kg","flowType":"ELEMENTARY_FLOW"},"unit":{"@type":"Unit","@id":"20aadc24-a391-41cf-b340-3e4529f44bde","name":"kg"},"flowProperty":{"@type":"FlowProperty","@id":"93a60a56-a3c8-11da-a746-0800200b9a66","name":"Mass"},"@id":"a3eb793d-044e-3fea-b18f-17fdfb612790"},{"@type":"Exchange","avoidedProduct":false,"input":false,"amount":2.4155E-7,"flow":{"@type":"Flow","@id":"a1901307-75ac-3691-987d-7e2e9ff4ede8","name":"Toluene","flowType":"ELEMENTARY_FLOW"},"unit":{"@type":"Unit","@id":"20aadc24-a391-41cf-b340-3e4529f44bde","name":"kg"},"flowProperty":{"@type":"FlowProperty","@id":"93a60a56-a3c8-11da-a746-0800200b9a66","name":"Mass"},"@id":"cc441a90-27b6-3198-a5b6-626d94767187"},{"@type":"Exchange","avoidedProduct":false,"input":false,"amount":3.0468E-13,"flow":{"@type":"Flow","@id":"77f38705-115b-3ce6-a7fa-30858a13859a","name":"t-Butyl methyl ether","flowType":"ELEMENTARY_FLOW"},"unit":{"@type":"Unit","@id":"20aadc24-a391-41cf-b340-3e4529f44bde","name":"kg"},"flowProperty":{"@type":"FlowProperty","@id":"93a60a56-a3c8-11da-a746-0800200b9a66","name":"Mass"},"@id":"79a5aef9-e252-3b87-a6d4-dde24def2971"},{"@type":"Exchange","avoidedProduct":false,"input":false,"amount":4.8166E-11,"flow":{"@type":"Flow","@id":"914af894-d203-3f8c-825c-66fa421b5332","name":"Phenanthrene","flowType":"ELEMENTARY_FLOW"},"unit":{"@type":"Unit","@id":"20aadc24-a391-41cf-b340-3e4529f44bde","name":"kg"},"flowProperty":{"@type":"FlowProperty","@id":"93a60a56-a3c8-11da-a746-0800200b9a66","name":"Mass"},"@id":"ddf42009-bb82-3d41-b346-3893afe97d07"},{"@type":"Exchange","avoidedProduct":false,"input":false,"amount":4.7598E-8,"flow":{"@type":"Flow","@id":"6187175f-c6b5-313b-9128-f3a0a1ccd2c5","name":"Benzenes, alkylated, unspecified","flowType":"ELEMENTARY_FLOW"},"unit":{"@type":"Unit","@id":"20aadc24-a391-41cf-b340-3e4529f44bde","name":"kg"},"flowProperty":{"@type":"FlowProperty","@id":"93a60a56-a3c8-11da-a746-0800200b9a66","name":"Mass"},"@id":"57943e6f-3550-3fe1-92d8-3736e4b2c1d1"},{"@type":"Exchange","avoidedProduct":false,"input":false,"amount":7.1837E-9,"flow":{"@type":"Flow","@id":"1d7a5d94-22c4-37ac-8551-2dc47b9a5d27","name":"Phenol, 2,4-dimethyl-","flowType":"ELEMENTARY_FLOW"},"unit":{"@type":"Unit","@id":"20aadc24-a391-41cf-b340-3e4529f44bde","name":"kg"},"flowProperty":{"@type":"FlowProperty","@id":"93a60a56-a3c8-11da-a746-0800200b9a66","name":"Mass"},"@id":"2617c2c4-1c84-3103-aff5-1e1bb96aa22e"},{"@type":"Exchange","avoidedProduct":false,"input":false,"amount":3.3467E-11,"flow":{"@type":"Flow","@id":"dfbb9de1-b04c-387e-97b7-cc7619476784","name":"Dibenzofuran","flowType":"ELEMENTARY_FLOW"},"unit":{"@type":"Unit","@id":"20aadc24-a391-41cf-b340-3e4529f44bde","name":"kg"},"flowProperty":{"@type":"FlowProperty","@id":"93a60a56-a3c8-11da-a746-0800200b9a66","name":"Mass"},"@id":"a73354fa-ce65-3f8c-8f55-1823894f34c6"},{"@type":"Exchange","avoidedProduct":false,"input":false,"amount":7.5234E-9,"flow":{"@type":"Flow","@id":"5fd898af-49e1-3250-9045-61ee32ba4f1c","name":"Methane, dichloro-, HCC-30","flowType":"ELEMENTARY_FLOW"},"unit":{"@type":"Unit","@id":"20aadc24-a391-41cf-b340-3e4529f44bde","name":"kg"},"flowProperty":{"@type":"FlowProperty","@id":"93a60a56-a3c8-11da-a746-0800200b9a66","name":"Mass"},"@id":"e220ac99-c122-30ce-b7e4-63a4af94b2b1"},{"@type":"Exchange","avoidedProduct":false,"input":false,"amount":2.1756E-5,"flow":{"@type":"Flow","@id":"bd6eb54f-0d2e-3a63-a3ac-98e0cf458d35","name":"Hydrogen Chloride","flowType":"ELEMENTARY_FLOW"},"unit":{"@type":"Unit","@id":"20aadc24-a391-41cf-b340-3e4529f44bde","name":"kg"},"flowProperty":{"@type":"FlowProperty","@id":"93a60a56-a3c8-11da-a746-0800200b9a66","name":"Mass"},"@id":"5cc1b13a-ffe5-3543-afd3-115deaf19560"},{"@type":"Exchange","avoidedProduct":false,"input":false,"amount":4.41E-5,"flow":{"@type":"Flow","@id":"e475fe8b-bdbb-39dd-a68e-b8c6173b5bf3","name":"Iron","flowType":"ELEMENTARY_FLOW"},"unit":{"@type":"Unit","@id":"20aadc24-a391-41cf-b340-3e4529f44bde","name":"kg"},"flowProperty":{"@type":"FlowProperty","@id":"93a60a56-a3c8-11da-a746-0800200b9a66","name":"Mass"},"@id":"15e76194-8838-39e9-816a-90552fb48b59"},{"@type":"Exchange","avoidedProduct":false,"input":false,"amount":0.006346,"flow":{"@type":"Flow","@id":"2b12e42f-cfca-3dc8-97cf-abe04f8dc67b","name":"Chloride","flowType":"ELEMENTARY_FLOW"},"unit":{"@type":"Unit","@id":"20aadc24-a391-41cf-b340-3e4529f44bde","name":"kg"},"flowProperty":{"@type":"FlowProperty","@id":"93a60a56-a3c8-11da-a746-0800200b9a66","name":"Mass"},"@id":"ad6321c6-9727-3ac8-96e5-f275b5e1c6d2"},{"@type":"Exchange","avoidedProduct":false,"input":false,"amount":2.4714E-5,"flow":{"@type":"Flow","@id":"16a0fc94-eaec-315c-9f2f-328d8833dcad","name":"BOD5, Biological Oxygen Demand","flowType":"ELEMENTARY_FLOW"},"unit":{"@type":"Unit","@id":"20aadc24-a391-41cf-b340-3e4529f44bde","name":"kg"},"flowProperty":{"@type":"FlowProperty","@id":"93a60a56-a3c8-11da-a746-0800200b9a66","name":"Mass"},"@id":"d2eefd77-4fa2-35d9-847f-4ec80ce99bc6"},{"@type":"Exchange","avoidedProduct":false,"input":false,"amount":4.5215E-7,"flow":{"@type":"Flow","@id":"e365a57e-7d05-3a70-ae11-a1526339b813","name":"Manganese","flowType":"ELEMENTARY_FLOW"},"unit":{"@type":"Unit","@id":"20aadc24-a391-41cf-b340-3e4529f44bde","name":"kg"},"flowProperty":{"@type":"FlowProperty","@id":"93a60a56-a3c8-11da-a746-0800200b9a66","name":"Mass"},"@id":"ec453dac-98bb-3b84-85c6-72e6c6b9b1e8"},{"@type":"Exchange","avoidedProduct":false,"input":true,"amount":0.0018614,"flow":{"@type":"Flow","@id":"008f0e22-35e7-39a6-b726-0b1fe2d68112","name":"Energy, kinetic (in wind), converted","flowType":"ELEMENTARY_FLOW"},"unit":{"@type":"Unit","@id":"52765a6c-3896-43c2-b2f4-c679acf13efe","name":"MJ"},"flowProperty":{"@type":"FlowProperty","@id":"f6811440-ee37-11de-8a39-0800200c9a66","name":"Energy"},"@id":"a29853d4-826e-34c0-9b59-ab13a8c72daa"},{"@type":"Exchange","avoidedProduct":false,"input":false,"amount":1.8187E-10,"flow":{"@type":"Flow","@id":"2ceaf954-3f37-390d-a1df-b705f837158f","name":"Organic acids","flowType":"ELEMENTARY_FLOW"},"unit":{"@type":"Unit","@id":"20aadc24-a391-41cf-b340-3e4529f44bde","name":"kg"},"flowProperty":{"@type":"FlowProperty","@id":"93a60a56-a3c8-11da-a746-0800200b9a66","name":"Mass"},"@id":"5957a54a-3242-3204-acd8-94502a81a63d"},{"@type":"Exchange","avoidedProduct":false,"input":false,"amount":6.2311E-7,"flow":{"@type":"Flow","@id":"b8d7c779-e771-335b-9443-1ce11dab8237","name":"Chromium","flowType":"ELEMENTARY_FLOW"},"unit":{"@type":"Unit","@id":"20aadc24-a391-41cf-b340-3e4529f44bde","name":"kg"},"flowProperty":{"@type":"FlowProperty","@id":"93a60a56-a3c8-11da-a746-0800200b9a66","name":"Mass"},"@id":"a9d54662-a1f6-3053-86d9-b247b1ccef80"},{"@type":"Exchange","avoidedProduct":false,"input":false,"amount":3.6132E-11,"flow":{"@type":"Flow","@id":"48a50c28-900f-38e2-ad2d-de1589c5c0c6","name":"Dibenzothiophene","flowType":"ELEMENTARY_FLOW"},"unit":{"@type":"Unit","@id":"20aadc24-a391-41cf-b340-3e4529f44bde","name":"kg"},"flowProperty":{"@type":"FlowProperty","@id":"93a60a56-a3c8-11da-a746-0800200b9a66","name":"Mass"},"@id":"48ae0c57-ddc0-3bd7-b413-94682b5e1e71"},{"@type":"Exchange","avoidedProduct":false,"input":false,"amount":1.3965E-5,"flow":{"@type":"Flow","@id":"3f1a6be6-0400-3638-ab4a-ffe9fa11d1ab","name":"Strontium","flowType":"ELEMENTARY_FLOW"},"unit":{"@type":"Unit","@id":"20aadc24-a391-41cf-b340-3e4529f44bde","name":"kg"},"flowProperty":{"@type":"FlowProperty","@id":"93a60a56-a3c8-11da-a746-0800200b9a66","name":"Mass"},"@id":"f86a19dd-75ad-3a74-ac94-e1f6f08615b9"},{"@type":"Exchange","avoidedProduct":false,"input":false,"amount":1.0192E-4,"flow":{"@type":"Flow","@id":"c0f23ce6-a65a-3146-9a84-719a4662ef2d","name":"Magnesium","flowType":"ELEMENTARY_FLOW"},"unit":{"@type":"Unit","@id":"20aadc24-a391-41cf-b340-3e4529f44bde","name":"kg"},"flowProperty":{"@type":"FlowProperty","@id":"93a60a56-a3c8-11da-a746-0800200b9a66","name":"Mass"},"@id":"d9f50765-c892-38dc-b368-06b4ea3e9a8c"},{"@type":"Exchange","avoidedProduct":false,"input":false,"amount":1.4083E-8,"flow":{"@type":"Flow","@id":"c643d09b-c28b-3703-b6a3-c90bfe087475","name":"Chromium","flowType":"ELEMENTARY_FLOW"},"unit":{"@type":"Unit","@id":"20aadc24-a391-41cf-b340-3e4529f44bde","name":"kg"},"flowProperty":{"@type":"FlowProperty","@id":"93a60a56-a3c8-11da-a746-0800200b9a66","name":"Mass"},"@id":"cbc36453-a905-30f1-9458-be23a5a9ad63"},{"@type":"Exchange","avoidedProduct":false,"input":false,"amount":2.16E-11,"flow":{"@type":"Flow","@id":"756b14c9-02cc-3903-817e-a6763a830a63","name":"Ethylene dibromide","flowType":"ELEMENTARY_FLOW"},"unit":{"@type":"Unit","@id":"20aadc24-a391-41cf-b340-3e4529f44bde","name":"kg"},"flowProperty":{"@type":"FlowProperty","@id":"93a60a56-a3c8-11da-a746-0800200b9a66","name":"Mass"},"@id":"e6020f04-fbb6-3780-ab40-462c38ea5257"},{"@type":"Exchange","avoidedProduct":false,"input":false,"amount":8.8022E-9,"flow":{"@type":"Flow","@id":"3c5d727a-673d-334c-9018-3aa68edad2f5","name":"Acetaldehyde","flowType":"ELEMENTARY_FLOW"},"unit":{"@type":"Unit","@id":"20aadc24-a391-41cf-b340-3e4529f44bde","name":"kg"},"flowProperty":{"@type":"FlowProperty","@id":"93a60a56-a3c8-11da-a746-0800200b9a66","name":"Mass"},"@id":"e742fc8d-d047-3906-a0dd-e4164aeb42a0"},{"@type":"Exchange","avoidedProduct":false,"input":false,"amount":1.7452E-9,"flow":{"@type":"Flow","@id":"1fc7cc6f-2aa9-3e77-b20a-592e14f148c2","name":"Mercaptans, unspecified","flowType":"ELEMENTARY_FLOW"},"unit":{"@type":"Unit","@id":"20aadc24-a391-41cf-b340-3e4529f44bde","name":"kg"},"flowProperty":{"@type":"FlowProperty","@id":"93a60a56-a3c8-11da-a746-0800200b9a66","name":"Mass"},"@id":"d50aa831-7ec0-399a-93e3-ee623929b535"},{"@type":"Exchange","avoidedProduct":false,"input":false,"amount":2.7783E-9,"flow":{"@type":"Flow","@id":"89e3d707-c058-3566-a47b-c480679ea6bd","name":"o-Xylene","flowType":"ELEMENTARY_FLOW"},"unit":{"@type":"Unit","@id":"20aadc24-a391-41cf-b340-3e4529f44bde","name":"kg"},"flowProperty":{"@type":"FlowProperty","@id":"93a60a56-a3c8-11da-a746-0800200b9a66","name":"Mass"},"@id":"a639899a-3487-38c1-8666-aece86cbbad6"},{"@type":"Exchange","avoidedProduct":false,"input":false,"amount":2.0032E-11,"flow":{"@type":"Flow","@id":"2873c4e7-53eb-3b22-a2e9-6d07e016e100","name":"Fluorene, 1-methyl-","flowType":"ELEMENTARY_FLOW"},"unit":{"@type":"Unit","@id":"20aadc24-a391-41cf-b340-3e4529f44bde","name":"kg"},"flowProperty":{"@type":"FlowProperty","@id":"93a60a56-a3c8-11da-a746-0800200b9a66","name":"Mass"},"@id":"0f88a996-6ae4-3cf5-a1fb-64ded909ddb3"},{"@type":"Exchange","avoidedProduct":false,"input":false,"amount":4.9491E-8,"flow":{"@type":"Flow","@id":"bf17deab-b393-3853-9a6d-53e4dca6fc8f","name":"Ammonium chloride","flowType":"ELEMENTARY_FLOW"},"unit":{"@type":"Unit","@id":"20aadc24-a391-41cf-b340-3e4529f44bde","name":"kg"},"flowProperty":{"@type":"FlowProperty","@id":"93a60a56-a3c8-11da-a746-0800200b9a66","name":"Mass"},"@id":"7e73f7be-a0a3-32b0-ad5e-4fc3803dea1b"},{"@type":"Exchange","avoidedProduct":false,"input":false,"amount":4.6137E-12,"flow":{"@type":"Flow","@id":"7300c2bc-0200-3a7a-9aea-3371fd29fdf6","name":"Methane, monochloro-, R-40","flowType":"ELEMENTARY_FLOW"},"unit":{"@type":"Unit","@id":"20aadc24-a391-41cf-b340-3e4529f44bde","name":"kg"},"flowProperty":{"@type":"FlowProperty","@id":"93a60a56-a3c8-11da-a746-0800200b9a66","name":"Mass"},"@id":"042ef7ed-e130-3918-bf59-e9da213bda1f"},{"@type":"Exchange","avoidedProduct":false,"input":false,"amount":1.2666E-11,"flow":{"@type":"Flow","@id":"104bb1c7-4fcb-3282-8ff8-18645e3b199c","name":"Fluoranthene","flowType":"ELEMENTARY_FLOW"},"unit":{"@type":"Unit","@id":"20aadc24-a391-41cf-b340-3e4529f44bde","name":"kg"},"flowProperty":{"@type":"FlowProperty","@id":"93a60a56-a3c8-11da-a746-0800200b9a66","name":"Mass"},"@id":"b44b7546-e306-32fc-8951-b525cddba44d"},{"@type":"Exchange","avoidedProduct":false,"input":false,"amount":5.8869E-12,"flow":{"@type":"Flow","@id":"ef420826-7def-3af7-af29-b28b56ee845f","name":"Pyrene","flowType":"ELEMENTARY_FLOW"},"unit":{"@type":"Unit","@id":"20aadc24-a391-41cf-b340-3e4529f44bde","name":"kg"},"flowProperty":{"@type":"FlowProperty","@id":"93a60a56-a3c8-11da-a746-0800200b9a66","name":"Mass"},"@id":"84962051-99bd-3d56-987e-f4b96d68a30c"},{"@type":"Exchange","avoidedProduct":false,"input":false,"amount":5.3877E-8,"flow":{"@type":"Flow","@id":"ed985804-e100-3e5a-9e97-8ce924124936","name":"Hexanoic acid","flowType":"ELEMENTARY_FLOW"},"unit":{"@type":"Unit","@id":"20aadc24-a391-41cf-b340-3e4529f44bde","name":"kg"},"flowProperty":{"@type":"FlowProperty","@id":"93a60a56-a3c8-11da-a746-0800200b9a66","name":"Mass"},"@id":"6c823dcf-3896-3e1a-bace-9711e76bf93c"},{"@type":"Exchange","avoidedProduct":false,"input":false,"amount":2.0587E-10,"flow":{"@type":"Flow","@id":"c83f4c91-8cfc-3d72-a5f5-ee4e6d331d8d","name":"Phenanthrene","flowType":"ELEMENTARY_FLOW"},"unit":{"@type":"Unit","@id":"20aadc24-a391-41cf-b340-3e4529f44bde","name":"kg"},"flowProperty":{"@type":"FlowProperty","@id":"93a60a56-a3c8-11da-a746-0800200b9a66","name":"Mass"},"@id":"bc1bf49d-37e5-3bea-9315-36f92c457456"},{"@type":"Exchange","avoidedProduct":false,"input":false,"amount":3.2342E-10,"flow":{"@type":"Flow","@id":"08e63ddf-e187-31d8-8acd-47ba881b2812","name":"Phenanthrenes, alkylated, unspecified","flowType":"ELEMENTARY_FLOW"},"unit":{"@type":"Unit","@id":"20aadc24-a391-41cf-b340-3e4529f44bde","name":"kg"},"flowProperty":{"@type":"FlowProperty","@id":"93a60a56-a3c8-11da-a746-0800200b9a66","name":"Mass"},"@id":"db3639f2-a550-327d-995c-965d332793fb"},{"@type":"Exchange","avoidedProduct":false,"input":false,"amount":6.0936E-12,"flow":{"@type":"Flow","@id":"e788d9df-3d25-330c-b939-1221f2807a73","name":"Benzyl chloride","flowType":"ELEMENTARY_FLOW"},"unit":{"@type":"Unit","@id":"20aadc24-a391-41cf-b340-3e4529f44bde","name":"kg"},"flowProperty":{"@type":"FlowProperty","@id":"93a60a56-a3c8-11da-a746-0800200b9a66","name":"Mass"},"@id":"46a898ab-f41e-36e7-b73f-87c3e8462d6a"},{"@type":"Exchange","avoidedProduct":false,"input":false,"amount":1.4705E-9,"flow":{"@type":"Flow","@id":"cbf426db-ee70-335e-b994-b1e736762889","name":"Fluoride","flowType":"ELEMENTARY_FLOW"},"unit":{"@type":"Unit","@id":"20aadc24-a391-41cf-b340-3e4529f44bde","name":"kg"},"flowProperty":{"@type":"FlowProperty","@id":"93a60a56-a3c8-11da-a746-0800200b9a66","name":"Mass"},"@id":"56dc5ab8-b407-381e-8167-95f373e6ac27"},{"@type":"Exchange","avoidedProduct":false,"input":false,"amount":3.0561E-6,"flow":{"@type":"Flow","@id":"441e7e96-6101-3856-ac4f-8f74c8005ba9","name":"Particulates, \u003e 2.5 um, and \u003c 10um","flowType":"ELEMENTARY_FLOW"},"unit":{"@type":"Unit","@id":"20aadc24-a391-41cf-b340-3e4529f44bde","name":"kg"},"flowProperty":{"@type":"FlowProperty","@id":"93a60a56-a3c8-11da-a746-0800200b9a66","name":"Mass"},"@id":"262cbd54-c621-3646-85bb-3543a3aeba32"},{"@type":"Exchange","avoidedProduct":false,"input":true,"amount":0.0036578,"flow":{"@type":"Flow","@id":"557b78a7-942c-31de-8200-ffee9871920e","name":"Coal, lignite, in ground","flowType":"ELEMENTARY_FLOW"},"unit":{"@type":"Unit","@id":"20aadc24-a391-41cf-b340-3e4529f44bde","name":"kg"},"flowProperty":{"@type":"FlowProperty","@id":"93a60a56-a3c8-11da-a746-0800200b9a66","name":"Mass"},"@id":"a3f0f475-4876-3eb1-9426-434b68321b71"},{"@type":"Exchange","avoidedProduct":false,"input":false,"amount":1.7236E-9,"flow":{"@type":"Flow","@id":"1d8f2c0c-0700-3cc2-987d-3a2ed96337ae","name":"Yttrium","flowType":"ELEMENTARY_FLOW"},"unit":{"@type":"Unit","@id":"20aadc24-a391-41cf-b340-3e4529f44bde","name":"kg"},"flowProperty":{"@type":"FlowProperty","@id":"93a60a56-a3c8-11da-a746-0800200b9a66","name":"Mass"},"@id":"0710af88-2b22-3de2-a765-72fc8a23e8a4"},{"@type":"Exchange","avoidedProduct":false,"input":false,"amount":3.0477E-7,"flow":{"@type":"Flow","@id":"defdeb63-c940-3af5-add7-5af7d67156db","name":"Silver","flowType":"ELEMENTARY_FLOW"},"unit":{"@type":"Unit","@id":"20aadc24-a391-41cf-b340-3e4529f44bde","name":"kg"},"flowProperty":{"@type":"FlowProperty","@id":"93a60a56-a3c8-11da-a746-0800200b9a66","name":"Mass"},"@id":"8a03a59e-2777-3e4a-9274-9be317c61c30"},{"@type":"Exchange","avoidedProduct":false,"input":false,"amount":1.3191E-11,"flow":{"@type":"Flow","@id":"257416fb-9dad-339f-860c-aae989d0490c","name":"Benzene, pentamethyl-","flowType":"ELEMENTARY_FLOW"},"unit":{"@type":"Unit","@id":"20aadc24-a391-41cf-b340-3e4529f44bde","name":"kg"},"flowProperty":{"@type":"FlowProperty","@id":"93a60a56-a3c8-11da-a746-0800200b9a66","name":"Mass"},"@id":"58d05e01-e2a0-3680-8faf-36f8f79ede2a"},{"@type":"Exchange","avoidedProduct":false,"input":false,"amount":7.445E-9,"flow":{"@type":"Flow","@id":"cafd767a-a7eb-3b1b-9d95-9a585de4e868","name":"Decane","flowType":"ELEMENTARY_FLOW"},"unit":{"@type":"Unit","@id":"20aadc24-a391-41cf-b340-3e4529f44bde","name":"kg"},"flowProperty":{"@type":"FlowProperty","@id":"93a60a56-a3c8-11da-a746-0800200b9a66","name":"Mass"},"@id":"3dc9c7dd-1e4c-3c9e-82ec-55c2a9dc74bf"},{"@type":"Exchange","avoidedProduct":false,"input":false,"amount":1.0261E-4,"flow":{"@type":"Flow","@id":"018872d0-ebce-3dfe-9552-3ff163fb468c","name":"Ammonia","flowType":"ELEMENTARY_FLOW"},"unit":{"@type":"Unit","@id":"20aadc24-a391-41cf-b340-3e4529f44bde","name":"kg"},"flowProperty":{"@type":"FlowProperty","@id":"93a60a56-a3c8-11da-a746-0800200b9a66","name":"Mass"},"@id":"b5d9cc38-080e-33c9-a246-cdfdd04c67bb"},{"@type":"Exchange","avoidedProduct":false,"input":false,"amount":1.4717E-8,"flow":{"@type":"Flow","@id":"56f667ce-eaf9-3e5b-b45d-88e2bea24ff5","name":"Benzene, ethyl-","flowType":"ELEMENTARY_FLOW"},"unit":{"@type":"Unit","@id":"20aadc24-a391-41cf-b340-3e4529f44bde","name":"kg"},"flowProperty":{"@type":"FlowProperty","@id":"93a60a56-a3c8-11da-a746-0800200b9a66","name":"Mass"},"@id":"fe6cb894-cf71-3a34-b39a-e3c3cf230893"},{"@type":"Exchange","avoidedProduct":false,"input":false,"amount":5.8193E-8,"flow":{"@type":"Flow","@id":"c83d2d24-3e15-38d0-9f2b-9dec15356bb6","name":"Nickel","flowType":"ELEMENTARY_FLOW"},"unit":{"@type":"Unit","@id":"20aadc24-a391-41cf-b340-3e4529f44bde","name":"kg"},"flowProperty":{"@type":"FlowProperty","@id":"93a60a56-a3c8-11da-a746-0800200b9a66","name":"Mass"},"@id":"f5f980b9-1e10-3a46-8854-49f0b58f76a6"},{"@type":"Exchange","avoidedProduct":false,"input":true,"amount":9.3244E-7,"flow":{"@type":"Flow","@id":"1e72866e-36b2-3013-907f-0c1b62ef8c28","name":"Uranium oxide, 332 GJ per kg, in ore","flowType":"ELEMENTARY_FLOW"},"unit":{"@type":"Unit","@id":"20aadc24-a391-41cf-b340-3e4529f44bde","name":"kg"},"flowProperty":{"@type":"FlowProperty","@id":"93a60a56-a3c8-11da-a746-0800200b9a66","name":"Mass"},"@id":"019c55e3-9aef-3040-ad23-221fbf765dd3"},{"@type":"Exchange","avoidedProduct":false,"input":false,"amount":1.2417E-7,"flow":{"@type":"Flow","@id":"a0372906-7f36-3295-b092-ecef58b7d23f","name":"Surfactants, unspecified","flowType":"ELEMENTARY_FLOW"},"unit":{"@type":"Unit","@id":"20aadc24-a391-41cf-b340-3e4529f44bde","name":"kg"},"flowProperty":{"@type":"FlowProperty","@id":"93a60a56-a3c8-11da-a746-0800200b9a66","name":"Mass"},"@id":"1a595fd4-1eef-3fb4-9c02-ddf131e518a2"},{"@type":"Exchange","avoidedProduct":false,"input":false,"amount":1.3928E-13,"flow":{"@type":"Flow","@id":"927f6049-c89d-3bcb-a356-3451af4c668e","name":"Phenol","flowType":"ELEMENTARY_FLOW"},"unit":{"@type":"Unit","@id":"20aadc24-a391-41cf-b340-3e4529f44bde","name":"kg"},"flowProperty":{"@type":"FlowProperty","@id":"93a60a56-a3c8-11da-a746-0800200b9a66","name":"Mass"},"@id":"8a99338e-94c6-3ede-9a70-ea767727ddb5"},{"@type":"Exchange","avoidedProduct":false,"input":false,"amount":5.5175E-5,"flow":{"@type":"Flow","@id":"ae4dd6ba-67a2-3884-b7ce-2f5b38c0571a","name":"Particulates, \u003c 10 um ","flowType":"ELEMENTARY_FLOW"},"unit":{"@type":"Unit","@id":"20aadc24-a391-41cf-b340-3e4529f44bde","name":"kg"},"flowProperty":{"@type":"FlowProperty","@id":"93a60a56-a3c8-11da-a746-0800200b9a66","name":"Mass"},"@id":"2e25bc45-8e75-301a-9c79-42ba1bcffa63"},{"@type":"Exchange","avoidedProduct":false,"input":false,"amount":5.0783E-4,"flow":{"@type":"Flow","@id":"0baf0278-2f1b-369a-9a1a-839ef6ec6a22","name":"Calcium, ion","flowType":"ELEMENTARY_FLOW"},"unit":{"@type":"Unit","@id":"20aadc24-a391-41cf-b340-3e4529f44bde","name":"kg"},"flowProperty":{"@type":"FlowProperty","@id":"93a60a56-a3c8-11da-a746-0800200b9a66","name":"Mass"},"@id":"5d148e93-6a0b-3ecc-8b28-2085d8e82414"},{"@type":"Exchange","avoidedProduct":false,"input":false,"amount":6.1875E-10,"flow":{"@type":"Flow","@id":"c90fa9d9-1ec5-3acc-849f-fb2af9581262","name":"Surfactants","flowType":"ELEMENTARY_FLOW"},"unit":{"@type":"Unit","@id":"20aadc24-a391-41cf-b340-3e4529f44bde","name":"kg"},"flowProperty":{"@type":"FlowProperty","@id":"93a60a56-a3c8-11da-a746-0800200b9a66","name":"Mass"},"@id":"b5f104a8-a272-3b61-a23d-707d9013018e"},{"@type":"Exchange","avoidedProduct":false,"input":false,"amount":1.8834E-10,"flow":{"@type":"Flow","@id":"e28ad813-0924-3808-93db-a008e5e0e425","name":"Docosane","flowType":"ELEMENTARY_FLOW"},"unit":{"@type":"Unit","@id":"20aadc24-a391-41cf-b340-3e4529f44bde","name":"kg"},"flowProperty":{"@type":"FlowProperty","@id":"93a60a56-a3c8-11da-a746-0800200b9a66","name":"Mass"},"@id":"72c6f0c8-d132-3f13-bcb4-870a9f1cff87"},{"@type":"Exchange","avoidedProduct":false,"input":false,"amount":2.0562E-9,"flow":{"@type":"Flow","@id":"af618eb6-3088-3ff2-94a5-8b84985438b8","name":"Phenols, unspecified","flowType":"ELEMENTARY_FLOW"},"unit":{"@type":"Unit","@id":"20aadc24-a391-41cf-b340-3e4529f44bde","name":"kg"},"flowProperty":{"@type":"FlowProperty","@id":"93a60a56-a3c8-11da-a746-0800200b9a66","name":"Mass"},"@id":"feb04abc-8499-31cb-8faf-c2377512ad27"},{"@type":"Exchange","avoidedProduct":false,"input":false,"amount":7.9603E-9,"flow":{"@type":"Flow","@id":"b2038eb8-cb99-3d58-9560-9c6a152f005b","name":"p-Cresol","flowType":"ELEMENTARY_FLOW"},"unit":{"@type":"Unit","@id":"20aadc24-a391-41cf-b340-3e4529f44bde","name":"kg"},"flowProperty":{"@type":"FlowProperty","@id":"93a60a56-a3c8-11da-a746-0800200b9a66","name":"Mass"},"@id":"82dee2ee-9b60-3792-bef6-54c7cf6ee247"},{"@type":"Exchange","avoidedProduct":false,"input":false,"amount":6.0304E-5,"flow":{"@type":"Flow","@id":"b641465b-5594-34f2-a9f8-72ceb302de17","name":"Particulates, unspecified","flowType":"ELEMENTARY_FLOW"},"unit":{"@type":"Unit","@id":"20aadc24-a391-41cf-b340-3e4529f44bde","name":"kg"},"flowProperty":{"@type":"FlowProperty","@id":"93a60a56-a3c8-11da-a746-0800200b9a66","name":"Mass"},"@id":"19de6945-4fa1-377d-9db1-3cb603111bb9"},{"@type":"Exchange","avoidedProduct":false,"input":false,"amount":5.0908E-4,"flow":{"@type":"Flow","@id":"8f6e6949-f569-3d05-abe1-de3608895d47","name":"Carbon monoxide, fossil ","flowType":"ELEMENTARY_FLOW"},"unit":{"@type":"Unit","@id":"20aadc24-a391-41cf-b340-3e4529f44bde","name":"kg"},"flowProperty":{"@type":"FlowProperty","@id":"93a60a56-a3c8-11da-a746-0800200b9a66","name":"Mass"},"@id":"c870c6ea-73b1-337a-8216-7a89e6cdbcfc"},{"@type":"Exchange","avoidedProduct":false,"input":true,"amount":7.7516E-4,"flow":{"@type":"Flow","@id":"26be1fa9-6bfb-3c17-b119-905dc481c3c8","name":"Energy, from biomass","flowType":"ELEMENTARY_FLOW"},"unit":{"@type":"Unit","@id":"52765a6c-3896-43c2-b2f4-c679acf13efe","name":"MJ"},"flowProperty":{"@type":"FlowProperty","@id":"f6811440-ee37-11de-8a39-0800200c9a66","name":"Energy"},"@id":"7b1ab041-807c-37cf-87a1-79a2cf01b077"},{"@type":"Exchange","avoidedProduct":false,"input":false,"amount":3.395E-12,"flow":{"@type":"Flow","@id":"02519f4d-6743-3cdb-bc0e-4655d0841a8e","name":"Methyl ethyl ketone","flowType":"ELEMENTARY_FLOW"},"unit":{"@type":"Unit","@id":"20aadc24-a391-41cf-b340-3e4529f44bde","name":"kg"},"flowProperty":{"@type":"FlowProperty","@id":"93a60a56-a3c8-11da-a746-0800200b9a66","name":"Mass"},"@id":"a345dfc2-9d38-3975-ba0b-70fb2ae16fd4"},{"@type":"Exchange","avoidedProduct":false,"input":true,"amount":0.0052926,"description":"This flow represents the amount of crude oil that is used for fuel.  The energy content of the crude oil used for fuel is 43.7 MJ per kg.","flow":{"@type":"Flow","@id":"cbd20be2-9634-3ace-905e-3157601b959b","name":"Oil, crude, in ground ","flowType":"ELEMENTARY_FLOW"},"unit":{"@type":"Unit","@id":"20aadc24-a391-41cf-b340-3e4529f44bde","name":"kg"},"flowProperty":{"@type":"FlowProperty","@id":"93a60a56-a3c8-11da-a746-0800200b9a66","name":"Mass"},"@id":"dd8c704e-3bd1-3b06-81cf-7954478f63f9"},{"@type":"Exchange","avoidedProduct":false,"input":false,"amount":4.1784E-13,"flow":{"@type":"Flow","@id":"66fa7698-562c-3444-b493-058c71d92a79","name":"Sulfuric acid, dimethyl ester","flowType":"ELEMENTARY_FLOW"},"unit":{"@type":"Unit","@id":"20aadc24-a391-41cf-b340-3e4529f44bde","name":"kg"},"flowProperty":{"@type":"FlowProperty","@id":"93a60a56-a3c8-11da-a746-0800200b9a66","name":"Mass"},"@id":"f8061ffd-17d0-38ec-9496-a930aab7584f"},{"@type":"Exchange","avoidedProduct":false,"input":false,"amount":1.3255E-6,"flow":{"@type":"Flow","@id":"444176fb-329e-3745-91e5-e2aefd718b28","name":"Radionuclides (Including Radon)","flowType":"ELEMENTARY_FLOW"},"unit":{"@type":"Unit","@id":"20aadc24-a391-41cf-b340-3e4529f44bde","name":"kg"},"flowProperty":{"@type":"FlowProperty","@id":"93a60a56-a3c8-11da-a746-0800200b9a66","name":"Mass"},"@id":"38dbc1b1-bc3f-3988-bf0f-e3d9c7319fe7"},{"@type":"Exchange","avoidedProduct":false,"input":false,"amount":0.0076182,"flow":{"@type":"Flow","@id":"80c9c183-6e8e-3cba-a608-1d70820c3ce9","name":"Carbon monoxide","flowType":"ELEMENTARY_FLOW"},"unit":{"@type":"Unit","@id":"20aadc24-a391-41cf-b340-3e4529f44bde","name":"kg"},"flowProperty":{"@type":"FlowProperty","@id":"93a60a56-a3c8-11da-a746-0800200b9a66","name":"Mass"},"@id":"9cd86521-fbbe-387b-b653-5f7389365468"},{"@type":"Exchange","avoidedProduct":false,"input":false,"amount":2.6993E-10,"flow":{"@type":"Flow","@id":"984bef7c-3a39-337f-8383-93457f65d597","name":"Mercury","flowType":"ELEMENTARY_FLOW"},"unit":{"@type":"Unit","@id":"20aadc24-a391-41cf-b340-3e4529f44bde","name":"kg"},"flowProperty":{"@type":"FlowProperty","@id":"93a60a56-a3c8-11da-a746-0800200b9a66","name":"Mass"},"@id":"8956de4a-e56b-36aa-8ecf-bc1e52f13b6a"},{"@type":"Exchange","avoidedProduct":false,"input":false,"amount":1.927E-9,"flow":{"@type":"Flow","@id":"bd1b1118-6b87-3c2c-9bca-15efa8068aa3","name":"PAH, polycyclic aromatic hydrocarbons","flowType":"ELEMENTARY_FLOW"},"unit":{"@type":"Unit","@id":"20aadc24-a391-41cf-b340-3e4529f44bde","name":"kg"},"flowProperty":{"@type":"FlowProperty","@id":"93a60a56-a3c8-11da-a746-0800200b9a66","name":"Mass"},"@id":"a8e827ba-7df0-307f-a5ca-bdee67af8df0"},{"@type":"Exchange","avoidedProduct":false,"input":false,"amount":1.0446E-14,"flow":{"@type":"Flow","@id":"3092b9ca-e2ad-3ce1-8e6d-29c0825d93c4","name":"Ethane, 1,2-dibromo-","flowType":"ELEMENTARY_FLOW"},"unit":{"@type":"Unit","@id":"20aadc24-a391-41cf-b340-3e4529f44bde","name":"kg"},"flowProperty":{"@type":"FlowProperty","@id":"93a60a56-a3c8-11da-a746-0800200b9a66","name":"Mass"},"@id":"31dc9c8e-8bfb-3598-900e-c3bfa2635ec0"},{"@type":"Exchange","avoidedProduct":false,"input":false,"amount":3.8248E-9,"flow":{"@type":"Flow","@id":"c744b4a6-728e-3e7d-b9df-106ecdf0b7aa","name":"Octadecane","flowType":"ELEMENTARY_FLOW"},"unit":{"@type":"Unit","@id":"20aadc24-a391-41cf-b340-3e4529f44bde","name":"kg"},"flowProperty":{"@type":"FlowProperty","@id":"93a60a56-a3c8-11da-a746-0800200b9a66","name":"Mass"},"@id":"0f52e43a-e4f8-38d0-aa1a-65c3ff38de1f"},{"@type":"Exchange","avoidedProduct":false,"input":false,"amount":3.3135E-10,"flow":{"@type":"Flow","@id":"c699151a-d569-3534-8ac8-36d6c0615820","name":"Antimony","flowType":"ELEMENTARY_FLOW"},"unit":{"@type":"Unit","@id":"20aadc24-a391-41cf-b340-3e4529f44bde","name":"kg"},"flowProperty":{"@type":"FlowProperty","@id":"93a60a56-a3c8-11da-a746-0800200b9a66","name":"Mass"},"@id":"df9d05b2-8276-3eb8-b8eb-86d3e9d105ff"},{"@type":"Exchange","avoidedProduct":false,"input":false,"amount":1.8071E-9,"flow":{"@type":"Flow","@id":"e22eb6cb-aa35-3ef1-8b0f-a3685281ebd0","name":"Acetone","flowType":"ELEMENTARY_FLOW"},"unit":{"@type":"Unit","@id":"20aadc24-a391-41cf-b340-3e4529f44bde","name":"kg"},"flowProperty":{"@type":"FlowProperty","@id":"93a60a56-a3c8-11da-a746-0800200b9a66","name":"Mass"},"@id":"5bd95194-17dd-3c00-ac59-d88c0f0374da"},{"@type":"Exchange","avoidedProduct":false,"input":false,"amount":3.0201E-5,"flow":{"@type":"Flow","@id":"66858f3e-29ef-3d70-98cc-7860ec71f647","name":"Bromide","flowType":"ELEMENTARY_FLOW"},"unit":{"@type":"Unit","@id":"20aadc24-a391-41cf-b340-3e4529f44bde","name":"kg"},"flowProperty":{"@type":"FlowProperty","@id":"93a60a56-a3c8-11da-a746-0800200b9a66","name":"Mass"},"@id":"f5822f4b-089f-3b00-afc1-135cbcf139d3"},{"@type":"Exchange","avoidedProduct":false,"input":false,"amount":0.0014366,"flow":{"@type":"Flow","@id":"93ebc557-2901-3beb-9d3a-e57f66ec252b","name":"Sodium, ion","flowType":"ELEMENTARY_FLOW"},"unit":{"@type":"Unit","@id":"20aadc24-a391-41cf-b340-3e4529f44bde","name":"kg"},"flowProperty":{"@type":"FlowProperty","@id":"93a60a56-a3c8-11da-a746-0800200b9a66","name":"Mass"},"@id":"ebd78d1f-3953-3d39-8254-60154363d43b"},{"@type":"Exchange","avoidedProduct":false,"input":false,"amount":1010.7,"flow":{"@type":"Flow","@id":"50c6806b-7c56-360d-9b67-8c78107c3c10","name":"Radioactive species, unspecified","flowType":"ELEMENTARY_FLOW"},"unit":{"@type":"Unit","@id":"ac324d87-9961-463a-81a1-099bb0f7d89b","name":"Bq"},"flowProperty":{"@type":"FlowProperty","@id":"93a60a56-a3c8-17da-a746-0800200c9a66","name":"Radioactivity"},"@id":"514eab80-4905-3d4c-a4bd-64c49e696791"},{"@type":"Exchange","avoidedProduct":false,"input":false,"amount":5.4602E-10,"flow":{"@type":"Flow","@id":"ed6487a9-6261-36ce-88f3-f4216e8428a1","name":"Beryllium","flowType":"ELEMENTARY_FLOW"},"unit":{"@type":"Unit","@id":"20aadc24-a391-41cf-b340-3e4529f44bde","name":"kg"},"flowProperty":{"@type":"FlowProperty","@id":"93a60a56-a3c8-11da-a746-0800200b9a66","name":"Mass"},"@id":"c181411e-10fa-3266-82f0-0f2b86bd18b1"},{"@type":"Exchange","avoidedProduct":false,"input":false,"amount":6.7403E-8,"flow":{"@type":"Flow","@id":"b9b924b4-e60b-3a85-8f35-a9619c4fd532","name":"Copper","flowType":"ELEMENTARY_FLOW"},"unit":{"@type":"Unit","@id":"20aadc24-a391-41cf-b340-3e4529f44bde","name":"kg"},"flowProperty":{"@type":"FlowProperty","@id":"93a60a56-a3c8-11da-a746-0800200b9a66","name":"Mass"},"@id":"ae41ef88-ed4b-319d-85c9-aa5c58d06e0c"},{"@type":"Exchange","avoidedProduct":false,"input":false,"amount":1.1336E-10,"flow":{"@type":"Flow","@id":"597aa1ed-e1b7-3919-b21d-7f72aafde510","name":"Zinc","flowType":"ELEMENTARY_FLOW"},"unit":{"@type":"Unit","@id":"20aadc24-a391-41cf-b340-3e4529f44bde","name":"kg"},"flowProperty":{"@type":"FlowProperty","@id":"93a60a56-a3c8-11da-a746-0800200b9a66","name":"Mass"},"@id":"b824d458-79ae-3345-89d9-6893cf61459f"},{"@type":"Exchange","avoidedProduct":false,"input":false,"amount":1.9623E-7,"flow":{"@type":"Flow","@id":"789b2d1d-ed5f-383e-a86f-114b88cc06be","name":"Magnesium","flowType":"ELEMENTARY_FLOW"},"unit":{"@type":"Unit","@id":"20aadc24-a391-41cf-b340-3e4529f44bde","name":"kg"},"flowProperty":{"@type":"FlowProperty","@id":"93a60a56-a3c8-11da-a746-0800200b9a66","name":"Mass"},"@id":"ab7086ba-477b-36a8-98f3-b8c3f88b6a68"},{"@type":"Exchange","avoidedProduct":false,"input":false,"amount":2.4374E-15,"flow":{"@type":"Flow","@id":"02e0b6d4-8708-3f0b-8dec-0173c9c9ae11","name":"Toluene, 2,4-dinitro-","flowType":"ELEMENTARY_FLOW"},"unit":{"@type":"Unit","@id":"20aadc24-a391-41cf-b340-3e4529f44bde","name":"kg"},"flowProperty":{"@type":"FlowProperty","@id":"93a60a56-a3c8-11da-a746-0800200b9a66","name":"Mass"},"@id":"90bf2b35-f8b8-308b-b392-7385690bb6c5"},{"@type":"Exchange","avoidedProduct":false,"input":false,"amount":1.721E-7,"flow":{"@type":"Flow","@id":"836ad619-f5d6-30d5-a7c3-5b7a798064f7","name":"Fluoride","flowType":"ELEMENTARY_FLOW"},"unit":{"@type":"Unit","@id":"20aadc24-a391-41cf-b340-3e4529f44bde","name":"kg"},"flowProperty":{"@type":"FlowProperty","@id":"93a60a56-a3c8-11da-a746-0800200b9a66","name":"Mass"},"@id":"78fb99c3-8463-3362-8d13-d95fa84f57bc"},{"@type":"Exchange","avoidedProduct":false,"input":false,"amount":7.0841E-12,"flow":{"@type":"Flow","@id":"55d397ed-1326-3239-bf9b-c6644f59275a","name":"Methane, monochloro-, R-40","flowType":"ELEMENTARY_FLOW"},"unit":{"@type":"Unit","@id":"20aadc24-a391-41cf-b340-3e4529f44bde","name":"kg"},"flowProperty":{"@type":"FlowProperty","@id":"93a60a56-a3c8-11da-a746-0800200b9a66","name":"Mass"},"@id":"b18fc073-7320-3126-b884-a6b4243a9033"},{"@type":"Exchange","avoidedProduct":false,"input":false,"amount":5.136E-13,"flow":{"@type":"Flow","@id":"25493146-8ce5-3efd-874b-a0e339330b2a","name":"Chloroform","flowType":"ELEMENTARY_FLOW"},"unit":{"@type":"Unit","@id":"20aadc24-a391-41cf-b340-3e4529f44bde","name":"kg"},"flowProperty":{"@type":"FlowProperty","@id":"93a60a56-a3c8-11da-a746-0800200b9a66","name":"Mass"},"@id":"b485314a-2cdd-3448-8bf3-484c4a753bfe"},{"@type":"Exchange","avoidedProduct":false,"input":false,"amount":0.0011,"flow":{"@type":"Flow","@id":"609069a0-462c-3a2e-b0a1-8f22cf9585d1","name":"Ammonia ","flowType":"ELEMENTARY_FLOW"},"unit":{"@type":"Unit","@id":"20aadc24-a391-41cf-b340-3e4529f44bde","name":"kg"},"flowProperty":{"@type":"FlowProperty","@id":"93a60a56-a3c8-11da-a746-0800200b9a66","name":"Mass"},"@id":"6817c2ad-2a1c-3068-a1d8-a6ccd9d1a1d2"},{"@type":"Exchange","avoidedProduct":false,"input":false,"amount":3.7463E-12,"flow":{"@type":"Flow","@id":"4ed5e106-3a21-358b-ab25-79d86d4e94e3","name":"Anthracene","flowType":"ELEMENTARY_FLOW"},"unit":{"@type":"Unit","@id":"20aadc24-a391-41cf-b340-3e4529f44bde","name":"kg"},"flowProperty":{"@type":"FlowProperty","@id":"93a60a56-a3c8-11da-a746-0800200b9a66","name":"Mass"},"@id":"9192734d-9895-3f5e-9f7f-a19fab57bda1"},{"@type":"Exchange","avoidedProduct":false,"input":false,"amount":0.0024177,"flow":{"@type":"Flow","@id":"f3b780ae-13cf-385a-80b1-f2aede2ed839","name":"Sulfur dioxide ","flowType":"ELEMENTARY_FLOW"},"unit":{"@type":"Unit","@id":"20aadc24-a391-41cf-b340-3e4529f44bde","name":"kg"},"flowProperty":{"@type":"FlowProperty","@id":"93a60a56-a3c8-11da-a746-0800200b9a66","name":"Mass"},"@id":"64e678b2-8b88-376d-afeb-f2d3a8fa6903"},{"@type":"Exchange","avoidedProduct":false,"input":false,"amount":1.0238E-8,"flow":{"@type":"Flow","@id":"ab16a3a2-869f-36ed-9233-5302d79cf1f9","name":"Copper, ion","flowType":"ELEMENTARY_FLOW"},"unit":{"@type":"Unit","@id":"20aadc24-a391-41cf-b340-3e4529f44bde","name":"kg"},"flowProperty":{"@type":"FlowProperty","@id":"93a60a56-a3c8-11da-a746-0800200b9a66","name":"Mass"},"@id":"742aac58-358c-3bac-9345-af7a38ff11a0"},{"@type":"Exchange","avoidedProduct":false,"input":false,"amount":4.6629E-6,"flow":{"@type":"Flow","@id":"39587969-515b-3599-a403-78c461a936eb","name":"Oils, unspecified","flowType":"ELEMENTARY_FLOW"},"unit":{"@type":"Unit","@id":"20aadc24-a391-41cf-b340-3e4529f44bde","name":"kg"},"flowProperty":{"@type":"FlowProperty","@id":"93a60a56-a3c8-11da-a746-0800200b9a66","name":"Mass"},"@id":"d1d84648-9dc6-3f76-8621-28e58d8543e2"},{"@type":"Exchange","avoidedProduct":false,"input":false,"amount":1.4961E-4,"flow":{"@type":"Flow","@id":"73d49c21-3419-3a99-98de-75152649f291","name":"Toluene","flowType":"ELEMENTARY_FLOW"},"unit":{"@type":"Unit","@id":"20aadc24-a391-41cf-b340-3e4529f44bde","name":"kg"},"flowProperty":{"@type":"FlowProperty","@id":"93a60a56-a3c8-11da-a746-0800200b9a66","name":"Mass"},"@id":"01ae2556-3d05-33f9-8325-229c8ce8d427"},{"@type":"Exchange","avoidedProduct":false,"input":false,"amount":5.463E-7,"flow":{"@type":"Flow","@id":"dbe659c1-d252-37bd-a77e-a0674ded4f4a","name":"Zinc","flowType":"ELEMENTARY_FLOW"},"unit":{"@type":"Unit","@id":"20aadc24-a391-41cf-b340-3e4529f44bde","name":"kg"},"flowProperty":{"@type":"FlowProperty","@id":"93a60a56-a3c8-11da-a746-0800200b9a66","name":"Mass"},"@id":"83b5e7d0-0aed-3adf-940d-7279c8f7a9d1"},{"@type":"Exchange","avoidedProduct":false,"input":false,"amount":3.0744E-9,"flow":{"@type":"Flow","@id":"e0d4e7fa-637f-3a85-8419-341f0b632d26","name":"Thallium","flowType":"ELEMENTARY_FLOW"},"unit":{"@type":"Unit","@id":"20aadc24-a391-41cf-b340-3e4529f44bde","name":"kg"},"flowProperty":{"@type":"FlowProperty","@id":"93a60a56-a3c8-11da-a746-0800200b9a66","name":"Mass"},"@id":"0a96926e-a703-36b0-a9b4-f5ef13e56168"},{"@type":"Exchange","avoidedProduct":false,"input":false,"amount":1.7004E-10,"flow":{"@type":"Flow","@id":"68645e0d-dc3f-3d22-b886-7eff1d63add4","name":"Copper","flowType":"ELEMENTARY_FLOW"},"unit":{"@type":"Unit","@id":"20aadc24-a391-41cf-b340-3e4529f44bde","name":"kg"},"flowProperty":{"@type":"FlowProperty","@id":"93a60a56-a3c8-11da-a746-0800200b9a66","name":"Mass"},"@id":"fecb954a-ede2-3b3c-a3dd-9881bac86843"},{"@type":"Exchange","avoidedProduct":false,"input":false,"amount":4.5393E-9,"flow":{"@type":"Flow","@id":"3249ff13-4bf2-3f84-857d-67cd0cc92bc2","name":"Naphthalene","flowType":"ELEMENTARY_FLOW"},"unit":{"@type":"Unit","@id":"20aadc24-a391-41cf-b340-3e4529f44bde","name":"kg"},"flowProperty":{"@type":"FlowProperty","@id":"93a60a56-a3c8-11da-a746-0800200b9a66","name":"Mass"},"@id":"86a458b3-959b-35b6-a5f7-62539594501e"},{"@type":"Exchange","avoidedProduct":false,"input":true,"amount":0.035746,"flow":{"@type":"Flow","@id":"041533cf-558b-3e44-a98c-76b1f67a5338","name":"Energy, from hydro power","flowType":"ELEMENTARY_FLOW"},"unit":{"@type":"Unit","@id":"52765a6c-3896-43c2-b2f4-c679acf13efe","name":"MJ"},"flowProperty":{"@type":"FlowProperty","@id":"f6811440-ee37-11de-8a39-0800200c9a66","name":"Energy"},"@id":"91e50c02-7fe8-3b1e-9049-fff7d59d61b5"},{"@type":"Exchange","avoidedProduct":false,"input":false,"amount":6.0936E-14,"flow":{"@type":"Flow","@id":"b10db815-a858-3331-8c2b-923d78d11ce6","name":"2-Chloroacetophenone","flowType":"ELEMENTARY_FLOW"},"unit":{"@type":"Unit","@id":"20aadc24-a391-41cf-b340-3e4529f44bde","name":"kg"},"flowProperty":{"@type":"FlowProperty","@id":"93a60a56-a3c8-11da-a746-0800200b9a66","name":"Mass"},"@id":"e6843368-a508-300a-be2a-4df901817e20"},{"@type":"Exchange","avoidedProduct":false,"input":false,"amount":2.813E-10,"flow":{"@type":"Flow","@id":"581e3536-c3b3-3ef9-881b-3004509ec4b5","name":"Polycyclic organic matter, unspecified","flowType":"ELEMENTARY_FLOW"},"unit":{"@type":"Unit","@id":"20aadc24-a391-41cf-b340-3e4529f44bde","name":"kg"},"flowProperty":{"@type":"FlowProperty","@id":"93a60a56-a3c8-11da-a746-0800200b9a66","name":"Mass"},"@id":"06529c66-7b0d-37b6-ab72-065301753bee"},{"@type":"Exchange","avoidedProduct":false,"input":true,"amount":7.8997E-5,"flow":{"@type":"Flow","@id":"51a4da6b-5596-376c-bc99-2aef486353ee","name":"Energy, solar","flowType":"ELEMENTARY_FLOW"},"unit":{"@type":"Unit","@id":"52765a6c-3896-43c2-b2f4-c679acf13efe","name":"MJ"},"flowProperty":{"@type":"FlowProperty","@id":"f6811440-ee37-11de-8a39-0800200c9a66","name":"Energy"},"@id":"de0b0534-6587-3d1b-80a8-91bbe966542c"},{"@type":"Exchange","avoidedProduct":false,"input":false,"amount":4.7422E-17,"flow":{"@type":"Flow","@id":"f192132f-6e86-34c8-a8cf-13ee333a5e01","name":"Radium-228/kg","flowType":"ELEMENTARY_FLOW"},"unit":{"@type":"Unit","@id":"20aadc24-a391-41cf-b340-3e4529f44bde","name":"kg"},"flowProperty":{"@type":"FlowProperty","@id":"93a60a56-a3c8-11da-a746-0800200b9a66","name":"Mass"},"@id":"ac95c803-4e6a-32a3-a8f0-24ac534efc30"},{"@type":"Exchange","avoidedProduct":false,"input":false,"amount":2.7585E-9,"flow":{"@type":"Flow","@id":"382c434b-4131-3cb7-8c90-c3afc262ac23","name":"Fluorenes, alkylated, unspecified","flowType":"ELEMENTARY_FLOW"},"unit":{"@type":"Unit","@id":"20aadc24-a391-41cf-b340-3e4529f44bde","name":"kg"},"flowProperty":{"@type":"FlowProperty","@id":"93a60a56-a3c8-11da-a746-0800200b9a66","name":"Mass"},"@id":"1c9309d9-03c0-302a-8b14-e5f2dcae34dd"},{"@type":"Exchange","avoidedProduct":false,"input":false,"amount":0.0062796,"flow":{"@type":"Flow","@id":"a3ed03de-f771-3946-94f3-a02a10d4ca74","name":"Dissolved solids","flowType":"ELEMENTARY_FLOW"},"unit":{"@type":"Unit","@id":"20aadc24-a391-41cf-b340-3e4529f44bde","name":"kg"},"flowProperty":{"@type":"FlowProperty","@id":"93a60a56-a3c8-11da-a746-0800200b9a66","name":"Mass"},"@id":"092b9b96-cab8-3847-94ce-f9fbb4f7c7de"},{"@type":"Exchange","avoidedProduct":false,"input":false,"amount":4.7685E-8,"flow":{"@type":"Flow","@id":"ffe55999-19d9-3ac1-b89e-97076f36c437","name":"Arsenic, ion","flowType":"ELEMENTARY_FLOW"},"unit":{"@type":"Unit","@id":"20aadc24-a391-41cf-b340-3e4529f44bde","name":"kg"},"flowProperty":{"@type":"FlowProperty","@id":"93a60a56-a3c8-11da-a746-0800200b9a66","name":"Mass"},"@id":"a8224281-6217-39d3-8f3d-cc6b749688f0"},{"@type":"Exchange","avoidedProduct":false,"input":false,"amount":1.7839E-12,"flow":{"@type":"Flow","@id":"ae508680-8701-3491-84ba-ae2781e762e6","name":"Chrysene","flowType":"ELEMENTARY_FLOW"},"unit":{"@type":"Unit","@id":"20aadc24-a391-41cf-b340-3e4529f44bde","name":"kg"},"flowProperty":{"@type":"FlowProperty","@id":"93a60a56-a3c8-11da-a746-0800200b9a66","name":"Mass"},"@id":"99387b9c-186f-3ee2-aa5c-d85720157b3c"},{"@type":"Exchange","avoidedProduct":false,"input":false,"amount":3.971E-9,"flow":{"@type":"Flow","@id":"218578bc-756c-3b08-a962-4e94034e2b70","name":"Naphthalene, 2-methyl-","flowType":"ELEMENTARY_FLOW"},"unit":{"@type":"Unit","@id":"20aadc24-a391-41cf-b340-3e4529f44bde","name":"kg"},"flowProperty":{"@type":"FlowProperty","@id":"93a60a56-a3c8-11da-a746-0800200b9a66","name":"Mass"},"@id":"60895b30-8604-3564-aea5-d6e79dfaf199"},{"@type":"Exchange","avoidedProduct":false,"input":false,"amount":1.1051E-10,"flow":{"@type":"Flow","@id":"66a50de2-82d3-3841-b595-02311544b582","name":"Methane, chlorotrifluoro-, CFC-13","flowType":"ELEMENTARY_FLOW"},"unit":{"@type":"Unit","@id":"20aadc24-a391-41cf-b340-3e4529f44bde","name":"kg"},"flowProperty":{"@type":"FlowProperty","@id":"93a60a56-a3c8-11da-a746-0800200b9a66","name":"Mass"},"@id":"f979e473-6f8f-3b1b-a971-7f8763f1b97d"},{"@type":"Exchange","avoidedProduct":false,"input":false,"amount":7.5712E-9,"flow":{"@type":"Flow","@id":"d017a101-7440-3c63-836a-ee563a2a8a6b","name":"m-Xylene","flowType":"ELEMENTARY_FLOW"},"unit":{"@type":"Unit","@id":"20aadc24-a391-41cf-b340-3e4529f44bde","name":"kg"},"flowProperty":{"@type":"FlowProperty","@id":"93a60a56-a3c8-11da-a746-0800200b9a66","name":"Mass"},"@id":"97bf01a5-eeca-3a63-8ce4-8661160426ba"},{"@type":"Exchange","avoidedProduct":false,"input":false,"amount":1.9623E-12,"flow":{"@type":"Flow","@id":"3a5999bf-e8e4-371d-a3b3-07196be42e01","name":"Benzo(b,j,k)fluoranthene","flowType":"ELEMENTARY_FLOW"},"unit":{"@type":"Unit","@id":"20aadc24-a391-41cf-b340-3e4529f44bde","name":"kg"},"flowProperty":{"@type":"FlowProperty","@id":"93a60a56-a3c8-11da-a746-0800200b9a66","name":"Mass"},"@id":"193d6854-e4e0-3a47-b24a-e53933c4b1b7"},{"@type":"Exchange","avoidedProduct":false,"input":false,"amount":5.1545E-7,"flow":{"@type":"Flow","@id":"428037ab-78b5-389e-acb6-fb8b0c1c2bc8","name":"Formaldehyde","flowType":"ELEMENTARY_FLOW"},"unit":{"@type":"Unit","@id":"20aadc24-a391-41cf-b340-3e4529f44bde","name":"kg"},"flowProperty":{"@type":"FlowProperty","@id":"93a60a56-a3c8-11da-a746-0800200b9a66","name":"Mass"},"@id":"1544a811-3a5b-3d91-896b-fd9fb96810dd"},{"@type":"Exchange","avoidedProduct":false,"input":false,"amount":1.5051E-4,"flow":{"@type":"Flow","@id":"4db739d9-a558-3e67-84b3-8d6cf0edafc3","name":"Lithium, ion","flowType":"ELEMENTARY_FLOW"},"unit":{"@type":"Unit","@id":"20aadc24-a391-41cf-b340-3e4529f44bde","name":"kg"},"flowProperty":{"@type":"FlowProperty","@id":"93a60a56-a3c8-11da-a746-0800200b9a66","name":"Mass"},"@id":"56857d03-7340-3566-be6a-8325becd006a"},{"@type":"Exchange","avoidedProduct":false,"input":false,"amount":2.3702E-8,"flow":{"@type":"Flow","@id":"49f1d021-a8ef-3b5f-9f5b-343133a9debe","name":"Kerosene","flowType":"ELEMENTARY_FLOW"},"unit":{"@type":"Unit","@id":"20aadc24-a391-41cf-b340-3e4529f44bde","name":"kg"},"flowProperty":{"@type":"FlowProperty","@id":"93a60a56-a3c8-11da-a746-0800200b9a66","name":"Mass"},"@id":"20b9f604-787e-3483-84f6-67796bce9efc"},{"@type":"Exchange","avoidedProduct":false,"input":false,"amount":4.7655E-5,"flow":{"@type":"Flow","@id":"3398b3ee-0652-3778-a374-804cd0d7b6a6","name":"Sulfur oxides","flowType":"ELEMENTARY_FLOW"},"unit":{"@type":"Unit","@id":"20aadc24-a391-41cf-b340-3e4529f44bde","name":"kg"},"flowProperty":{"@type":"FlowProperty","@id":"93a60a56-a3c8-11da-a746-0800200b9a66","name":"Mass"},"@id":"a51bf426-5a4c-3aba-85f4-c6d7eb0c209e"},{"@type":"Exchange","avoidedProduct":false,"input":false,"amount":1.6233E-11,"flow":{"@type":"Flow","@id":"df99d8e9-e534-3df5-a247-ef24d0ae4fc4","name":"Fluorene","flowType":"ELEMENTARY_FLOW"},"unit":{"@type":"Unit","@id":"20aadc24-a391-41cf-b340-3e4529f44bde","name":"kg"},"flowProperty":{"@type":"FlowProperty","@id":"93a60a56-a3c8-11da-a746-0800200b9a66","name":"Mass"},"@id":"b9bf6255-6746-3a94-bd00-d013179e040d"},{"@type":"Exchange","avoidedProduct":false,"input":false,"amount":4.1704E-5,"flow":{"@type":"Flow","@id":"33d5907f-322f-336d-b23f-f2959923f99f","name":"COD, Chemical Oxygen Demand","flowType":"ELEMENTARY_FLOW"},"unit":{"@type":"Unit","@id":"20aadc24-a391-41cf-b340-3e4529f44bde","name":"kg"},"flowProperty":{"@type":"FlowProperty","@id":"93a60a56-a3c8-11da-a746-0800200b9a66","name":"Mass"},"@id":"cc86da6d-aa80-3e52-a0f9-ed178edb5fc4"},{"@type":"Exchange","avoidedProduct":false,"input":false,"amount":1.7588E-11,"flow":{"@type":"Flow","@id":"7bc52241-a3b4-319f-aac4-ab8b3182a44f","name":"Benzene, 1-methyl-4-(1-methylethyl)-","flowType":"ELEMENTARY_FLOW"},"unit":{"@type":"Unit","@id":"20aadc24-a391-41cf-b340-3e4529f44bde","name":"kg"},"flowProperty":{"@type":"FlowProperty","@id":"93a60a56-a3c8-11da-a746-0800200b9a66","name":"Mass"},"@id":"5a73b6db-95d5-31b4-afc6-f1ba7ba47ce8"},{"@type":"Exchange","avoidedProduct":false,"input":false,"amount":3.88E-9,"flow":{"@type":"Flow","@id":"c9771a31-6e96-3956-8639-85e76ee1f075","name":"Eicosane","flowType":"ELEMENTARY_FLOW"},"unit":{"@type":"Unit","@id":"20aadc24-a391-41cf-b340-3e4529f44bde","name":"kg"},"flowProperty":{"@type":"FlowProperty","@id":"93a60a56-a3c8-11da-a746-0800200b9a66","name":"Mass"},"@id":"49aaa8d3-e19f-3680-80f4-a70d977e9779"},{"@type":"Exchange","avoidedProduct":false,"input":false,"amount":7.9845E-4,"flow":{"@type":"Flow","@id":"1827a862-ccac-37ac-9ad7-d2dffe71058c","name":"Nitrogen oxides ","flowType":"ELEMENTARY_FLOW"},"unit":{"@type":"Unit","@id":"20aadc24-a391-41cf-b340-3e4529f44bde","name":"kg"},"flowProperty":{"@type":"FlowProperty","@id":"93a60a56-a3c8-11da-a746-0800200b9a66","name":"Mass"},"@id":"4683c0ce-c634-331e-8eda-cd8a22f8819c"},{"@type":"Exchange","avoidedProduct":false,"input":false,"amount":1.1317E-12,"flow":{"@type":"Flow","@id":"3dbacede-9927-3669-95bb-ae13fdc565a5","name":"Carbon disulfide","flowType":"ELEMENTARY_FLOW"},"unit":{"@type":"Unit","@id":"20aadc24-a391-41cf-b340-3e4529f44bde","name":"kg"},"flowProperty":{"@type":"FlowProperty","@id":"93a60a56-a3c8-11da-a746-0800200b9a66","name":"Mass"},"@id":"e359ece4-2a38-34d9-bdfe-1a5fe507a43f"},{"@type":"Exchange","avoidedProduct":false,"input":false,"amount":8.2667E-9,"flow":{"@type":"Flow","@id":"3060d691-b5a6-3641-9ad3-f5b0e7c8af27","name":"Cadmium","flowType":"ELEMENTARY_FLOW"},"unit":{"@type":"Unit","@id":"20aadc24-a391-41cf-b340-3e4529f44bde","name":"kg"},"flowProperty":{"@type":"FlowProperty","@id":"93a60a56-a3c8-11da-a746-0800200b9a66","name":"Mass"},"@id":"dd18423a-35d3-3f65-b26d-9fbb237a1457"},{"@type":"Exchange","avoidedProduct":false,"input":false,"amount":7.9821E-14,"flow":{"@type":"Flow","@id":"b2a42fa7-f853-36ab-ac94-68ac43186627","name":"Furan","flowType":"ELEMENTARY_FLOW"},"unit":{"@type":"Unit","@id":"20aadc24-a391-41cf-b340-3e4529f44bde","name":"kg"},"flowProperty":{"@type":"FlowProperty","@id":"93a60a56-a3c8-11da-a746-0800200b9a66","name":"Mass"},"@id":"dfa8e063-4e4d-3224-ba25-a5914a585bd8"},{"@type":"Exchange","avoidedProduct":false,"input":false,"amount":2.6341E-8,"flow":{"@type":"Flow","@id":"608bad76-918a-3d91-8858-a3c7517deace","name":"Nitrogen, total","flowType":"ELEMENTARY_FLOW"},"unit":{"@type":"Unit","@id":"20aadc24-a391-41cf-b340-3e4529f44bde","name":"kg"},"flowProperty":{"@type":"FlowProperty","@id":"93a60a56-a3c8-11da-a746-0800200b9a66","name":"Mass"},"@id":"9dbfe554-2212-3218-98d9-30c6535abc54"},{"@type":"Exchange","avoidedProduct":false,"input":false,"amount":1.7121E-8,"flow":{"@type":"Flow","@id":"9a36d2c5-a47d-3020-9dd2-00b6713b2e0c","name":"Aldehydes, unspecified","flowType":"ELEMENTARY_FLOW"},"unit":{"@type":"Unit","@id":"20aadc24-a391-41cf-b340-3e4529f44bde","name":"kg"},"flowProperty":{"@type":"FlowProperty","@id":"93a60a56-a3c8-11da-a746-0800200b9a66","name":"Mass"},"@id":"2f0d24a5-e75f-3222-a251-6193db2df256"},{"@type":"Exchange","avoidedProduct":false,"input":false,"amount":3.082E-9,"flow":{"@type":"Flow","@id":"6340ccf7-7bd6-3df4-bce8-4e3abd6eec19","name":"Biphenyl","flowType":"ELEMENTARY_FLOW"},"unit":{"@type":"Unit","@id":"20aadc24-a391-41cf-b340-3e4529f44bde","name":"kg"},"flowProperty":{"@type":"FlowProperty","@id":"93a60a56-a3c8-11da-a746-0800200b9a66","name":"Mass"},"@id":"a4217828-a868-3be5-b6f1-e2c2508199f0"},{"@type":"Exchange","avoidedProduct":false,"input":false,"amount":1.4093E-9,"flow":{"@type":"Flow","@id":"b20d52a4-11eb-39bf-be61-2ac0535decec","name":"Chromium VI","flowType":"ELEMENTARY_FLOW"},"unit":{"@type":"Unit","@id":"20aadc24-a391-41cf-b340-3e4529f44bde","name":"kg"},"flowProperty":{"@type":"FlowProperty","@id":"93a60a56-a3c8-11da-a746-0800200b9a66","name":"Mass"},"@id":"4b059862-ab2c-3d2b-bb41-5ae2e279bfb4"},{"@type":"Exchange","avoidedProduct":false,"input":true,"amount":0.0025194,"description":"Energy unspecified reflects \"other fossil\" fuels","flow":{"@type":"Flow","@id":"46dc4693-2f24-39d2-b69f-dd059737fd5e","name":"Energy, unspecified","flowType":"ELEMENTARY_FLOW"},"unit":{"@type":"Unit","@id":"52765a6c-3896-43c2-b2f4-c679acf13efe","name":"MJ"},"flowProperty":{"@type":"FlowProperty","@id":"f6811440-ee37-11de-8a39-0800200c9a66","name":"Energy"},"@id":"4e9f07be-50b8-3eeb-be99-ac4e55636647"},{"@type":"Exchange","avoidedProduct":false,"input":false,"amount":3.3079E-12,"flow":{"@type":"Flow","@id":"b44c5153-6d36-3254-a893-1159d7871502","name":"Propanal","flowType":"ELEMENTARY_FLOW"},"unit":{"@type":"Unit","@id":"20aadc24-a391-41cf-b340-3e4529f44bde","name":"kg"},"flowProperty":{"@type":"FlowProperty","@id":"93a60a56-a3c8-11da-a746-0800200b9a66","name":"Mass"},"@id":"7f5a7b12-797e-325b-83d0-d4dc4d46e335"},{"@type":"Exchange","avoidedProduct":false,"input":false,"amount":6.6159E-14,"flow":{"@type":"Flow","@id":"5ca5b9b8-5c4f-3596-9bab-6cc9e3c6cf1a","name":"Vinyl acetate","flowType":"ELEMENTARY_FLOW"},"unit":{"@type":"Unit","@id":"20aadc24-a391-41cf-b340-3e4529f44bde","name":"kg"},"flowProperty":{"@type":"FlowProperty","@id":"93a60a56-a3c8-11da-a746-0800200b9a66","name":"Mass"},"@id":"9629da39-8889-37ce-a47b-776e9d1529d5"},{"@type":"Exchange","avoidedProduct":false,"input":false,"amount":6.5209E-7,"flow":{"@type":"Flow","@id":"dc7efbbb-2193-3001-88fe-e4a7bd4a003b","name":"Sulfur","flowType":"ELEMENTARY_FLOW"},"unit":{"@type":"Unit","@id":"20aadc24-a391-41cf-b340-3e4529f44bde","name":"kg"},"flowProperty":{"@type":"FlowProperty","@id":"93a60a56-a3c8-11da-a746-0800200b9a66","name":"Mass"},"@id":"5c963d7c-7e7c-3fde-9f49-c16a8416363b"},{"@type":"Exchange","avoidedProduct":false,"input":false,"amount":0.0042001,"flow":{"@type":"Flow","@id":"c746fcf6-c553-3f40-9445-6f0b14a727de","name":"Organic substances, unspecified","flowType":"ELEMENTARY_FLOW"},"unit":{"@type":"Unit","@id":"20aadc24-a391-41cf-b340-3e4529f44bde","name":"kg"},"flowProperty":{"@type":"FlowProperty","@id":"93a60a56-a3c8-11da-a746-0800200b9a66","name":"Mass"},"@id":"750fc02e-86ae-35eb-bb9a-9cefe2ebdf2b"},{"@type":"Exchange","avoidedProduct":false,"input":false,"amount":4.8166E-13,"flow":{"@type":"Flow","@id":"2b16f422-4f39-321d-baa5-505a17a328c9","name":"Benzo(ghi)perylene","flowType":"ELEMENTARY_FLOW"},"unit":{"@type":"Unit","@id":"20aadc24-a391-41cf-b340-3e4529f44bde","name":"kg"},"flowProperty":{"@type":"FlowProperty","@id":"93a60a56-a3c8-11da-a746-0800200b9a66","name":"Mass"},"@id":"96a7b070-17fa-371e-9016-9ab358151385"},{"@type":"Exchange","avoidedProduct":false,"input":false,"amount":0.012866,"flow":{"@type":"Flow","@id":"4c1ecfe9-347c-3704-88a1-15c21dac8d18","name":"Methane, fossil","flowType":"ELEMENTARY_FLOW"},"unit":{"@type":"Unit","@id":"20aadc24-a391-41cf-b340-3e4529f44bde","name":"kg"},"flowProperty":{"@type":"FlowProperty","@id":"93a60a56-a3c8-11da-a746-0800200b9a66","name":"Mass"},"@id":"92fda29f-74b7-331e-a064-92dc2b95de2c"},{"@type":"Exchange","avoidedProduct":false,"input":false,"amount":1.3058E-13,"flow":{"@type":"Flow","@id":"fc8ca3f8-0ab7-3a46-9183-9577c6c5f9b4","name":"Acetophenone","flowType":"ELEMENTARY_FLOW"},"unit":{"@type":"Unit","@id":"20aadc24-a391-41cf-b340-3e4529f44bde","name":"kg"},"flowProperty":{"@type":"FlowProperty","@id":"93a60a56-a3c8-11da-a746-0800200b9a66","name":"Mass"},"@id":"85936908-62b1-3d6a-9d06-d1c08a9f9930"},{"@type":"Exchange","avoidedProduct":false,"input":false,"amount":3.3008E-9,"flow":{"@type":"Flow","@id":"1a1e28d7-6444-30e8-b792-e1e23089c058","name":"Mercury","flowType":"ELEMENTARY_FLOW"},"unit":{"@type":"Unit","@id":"20aadc24-a391-41cf-b340-3e4529f44bde","name":"kg"},"flowProperty":{"@type":"FlowProperty","@id":"93a60a56-a3c8-11da-a746-0800200b9a66","name":"Mass"},"@id":"fedd0382-69dd-3763-bb77-fc81bd7195c5"},{"@type":"Exchange","avoidedProduct":false,"input":false,"amount":1.7119E-9,"flow":{"@type":"Flow","@id":"ff6c05ff-c7fa-30f1-a0ea-2cb3326453f5","name":"2-Hexanone","flowType":"ELEMENTARY_FLOW"},"unit":{"@type":"Unit","@id":"20aadc24-a391-41cf-b340-3e4529f44bde","name":"kg"},"flowProperty":{"@type":"FlowProperty","@id":"93a60a56-a3c8-11da-a746-0800200b9a66","name":"Mass"},"@id":"8bfbef76-fc6d-3c19-ae80-c9636195a890"},{"@type":"Exchange","avoidedProduct":false,"input":false,"amount":8.0325E-7,"flow":{"@type":"Flow","@id":"b13651eb-5a15-3f08-b4ca-fba03bd3569b","name":"Boron","flowType":"ELEMENTARY_FLOW"},"unit":{"@type":"Unit","@id":"20aadc24-a391-41cf-b340-3e4529f44bde","name":"kg"},"flowProperty":{"@type":"FlowProperty","@id":"93a60a56-a3c8-11da-a746-0800200b9a66","name":"Mass"},"@id":"de2d6f70-8f2a-3719-b4b4-1276b9ecf096"},{"@type":"Exchange","avoidedProduct":false,"input":false,"amount":2.1763E-11,"flow":{"@type":"Flow","@id":"1b13284e-474c-3968-8273-11c0f2918243","name":"Cyanide","flowType":"ELEMENTARY_FLOW"},"unit":{"@type":"Unit","@id":"20aadc24-a391-41cf-b340-3e4529f44bde","name":"kg"},"flowProperty":{"@type":"FlowProperty","@id":"93a60a56-a3c8-11da-a746-0800200b9a66","name":"Mass"},"@id":"9c295fe9-7c24-3c55-9fd2-46245b58c594"},{"@type":"Exchange","avoidedProduct":false,"input":false,"amount":1.2898E-9,"flow":{"@type":"Flow","@id":"fcad40b6-e7f5-392d-add7-e05e4c05a60a","name":"Fluorene","flowType":"ELEMENTARY_FLOW"},"unit":{"@type":"Unit","@id":"20aadc24-a391-41cf-b340-3e4529f44bde","name":"kg"},"flowProperty":{"@type":"FlowProperty","@id":"93a60a56-a3c8-11da-a746-0800200b9a66","name":"Mass"},"@id":"43d1c4d6-0bc3-326a-a4b7-20f6c6264e23"},{"@type":"Exchange","avoidedProduct":false,"input":false,"amount":3.1735E-5,"flow":{"@type":"Flow","@id":"8f540c79-5d4c-3d31-82fd-42347bef721a","name":"Sulfate","flowType":"ELEMENTARY_FLOW"},"unit":{"@type":"Unit","@id":"20aadc24-a391-41cf-b340-3e4529f44bde","name":"kg"},"flowProperty":{"@type":"FlowProperty","@id":"93a60a56-a3c8-11da-a746-0800200b9a66","name":"Mass"},"@id":"00dd4298-a225-309c-98f6-1e2858f24dd1"},{"@type":"Exchange","avoidedProduct":false,"input":false,"amount":3.482E-13,"flow":{"@type":"Flow","@id":"5bb354bf-64b1-397b-b2eb-5e3853749926","name":"Ethane, 1,2-dichloro-","flowType":"ELEMENTARY_FLOW"},"unit":{"@type":"Unit","@id":"20aadc24-a391-41cf-b340-3e4529f44bde","name":"kg"},"flowProperty":{"@type":"FlowProperty","@id":"93a60a56-a3c8-11da-a746-0800200b9a66","name":"Mass"},"@id":"12cd72bc-0e53-3ae3-baf0-cd77412c2dd0"},{"@type":"Exchange","avoidedProduct":false,"input":false,"amount":6.3547E-13,"flow":{"@type":"Flow","@id":"0ae5691f-9565-37eb-880a-d64b7f7c0cc7","name":"Phthalate, dioctyl-","flowType":"ELEMENTARY_FLOW"},"unit":{"@type":"Unit","@id":"20aadc24-a391-41cf-b340-3e4529f44bde","name":"kg"},"flowProperty":{"@type":"FlowProperty","@id":"93a60a56-a3c8-11da-a746-0800200b9a66","name":"Mass"},"@id":"b410185a-ff82-3003-a363-c554745e6633"},{"@type":"Exchange","avoidedProduct":false,"input":false,"amount":1.9151E-13,"flow":{"@type":"Flow","@id":"861ce24c-65a3-307c-b57a-e6b28a900301","name":"Benzene, chloro-","flowType":"ELEMENTARY_FLOW"},"unit":{"@type":"Unit","@id":"20aadc24-a391-41cf-b340-3e4529f44bde","name":"kg"},"flowProperty":{"@type":"FlowProperty","@id":"93a60a56-a3c8-11da-a746-0800200b9a66","name":"Mass"},"@id":"a9e4c58d-6ee9-3e11-a7fe-710c11ca26d9"},{"@type":"Exchange","avoidedProduct":false,"input":false,"amount":6.0783E-9,"flow":{"@type":"Flow","@id":"09e56f2b-3265-3ce9-9ff5-3053fd5a9b27","name":"Tetradecane","flowType":"ELEMENTARY_FLOW"},"unit":{"@type":"Unit","@id":"20aadc24-a391-41cf-b340-3e4529f44bde","name":"kg"},"flowProperty":{"@type":"FlowProperty","@id":"93a60a56-a3c8-11da-a746-0800200b9a66","name":"Mass"},"@id":"0e704da7-8ebe-347f-ad00-b1a5cf75c95e"},{"@type":"Exchange","avoidedProduct":false,"input":true,"amount":0.71375,"description":"This flow represents the amount of natural gas that is a material input for producing the resin output. The energy content of the natural gas used as EMR/feedstock is 49.8 MJ per kg.  The energy content multiplied by the mass should be considered an Energy of Material Resource (EMR)/feedstock energy. ","flow":{"@type":"Flow","@id":"788e7896-f182-3f1e-8f57-9aaf8d2aa17b","name":"Gas, natural, in ground ","flowType":"ELEMENTARY_FLOW"},"unit":{"@type":"Unit","@id":"20aadc24-a391-41cf-b340-3e4529f44bde","name":"kg"},"flowProperty":{"@type":"FlowProperty","@id":"93a60a56-a3c8-11da-a746-0800200b9a66","name":"Mass"},"@id":"0ea5d2ed-58dc-356d-86b4-2ad0a6b36f32"},{"@type":"Exchange","avoidedProduct":false,"input":true,"amount":0.03805,"flow":{"@type":"Flow","@id":"9240063c-463a-3e24-9d17-d6cdf4bcb8e8","name":"Coal, unprocessed bituminous, in ground","flowType":"ELEMENTARY_FLOW"},"unit":{"@type":"Unit","@id":"20aadc24-a391-41cf-b340-3e4529f44bde","name":"kg"},"flowProperty":{"@type":"FlowProperty","@id":"93a60a56-a3c8-11da-a746-0800200b9a66","name":"Mass"},"@id":"d65de6de-ee90-3562-9478-5995374d4e08"},{"@type":"Exchange","avoidedProduct":false,"input":false,"amount":2.1763E-13,"flow":{"@type":"Flow","@id":"e821f94c-6c24-34df-a7a1-979e2bfb6520","name":"Styrene","flowType":"ELEMENTARY_FLOW"},"unit":{"@type":"Unit","@id":"20aadc24-a391-41cf-b340-3e4529f44bde","name":"kg"},"flowProperty":{"@type":"FlowProperty","@id":"93a60a56-a3c8-11da-a746-0800200b9a66","name":"Mass"},"@id":"797ab0d6-0376-3946-ae70-9ee49c44c919"},{"@type":"Exchange","avoidedProduct":false,"input":false,"amount":5.0489E-12,"flow":{"@type":"Flow","@id":"4fd5a8c5-7d12-361d-a3de-612edf73d12f","name":"Isophorone","flowType":"ELEMENTARY_FLOW"},"unit":{"@type":"Unit","@id":"20aadc24-a391-41cf-b340-3e4529f44bde","name":"kg"},"flowProperty":{"@type":"FlowProperty","@id":"93a60a56-a3c8-11da-a746-0800200b9a66","name":"Mass"},"@id":"9f7acdd9-635a-3fc5-847e-52da7fca29ed"},{"@type":"Exchange","avoidedProduct":false,"input":false,"amount":4.6137E-14,"flow":{"@type":"Flow","@id":"4b2e8924-9870-3bed-9f05-3a3b9b6a324d","name":"Cumene","flowType":"ELEMENTARY_FLOW"},"unit":{"@type":"Unit","@id":"20aadc24-a391-41cf-b340-3e4529f44bde","name":"kg"},"flowProperty":{"@type":"FlowProperty","@id":"93a60a56-a3c8-11da-a746-0800200b9a66","name":"Mass"},"@id":"ed127d4a-43b6-36b7-8419-57e959d3ea85"},{"@type":"Exchange","avoidedProduct":false,"input":false,"amount":2.3979E-8,"flow":{"@type":"Flow","@id":"c1683bc0-0bb2-3012-b0d4-628ca7b440d7","name":"Selenium","flowType":"ELEMENTARY_FLOW"},"unit":{"@type":"Unit","@id":"20aadc24-a391-41cf-b340-3e4529f44bde","name":"kg"},"flowProperty":{"@type":"FlowProperty","@id":"93a60a56-a3c8-11da-a746-0800200b9a66","name":"Mass"},"@id":"4ca02982-a4a0-319b-81d0-af3a15cf27dc"},{"@type":"Exchange","avoidedProduct":false,"input":false,"amount":1.741E-13,"flow":{"@type":"Flow","@id":"21ad2d9f-a0ad-3b07-82bb-b0209211729c","name":"Methacrylic acid, methyl ester","flowType":"ELEMENTARY_FLOW"},"unit":{"@type":"Unit","@id":"20aadc24-a391-41cf-b340-3e4529f44bde","name":"kg"},"flowProperty":{"@type":"FlowProperty","@id":"93a60a56-a3c8-11da-a746-0800200b9a66","name":"Mass"},"@id":"2216cbbd-cc46-389f-84f4-b564847d5425"},{"@type":"Exchange","avoidedProduct":false,"input":false,"amount":9.5441E-10,"flow":{"@type":"Flow","@id":"94b59522-e080-3971-a363-f5a5d4b271df","name":"Sulfide","flowType":"ELEMENTARY_FLOW"},"unit":{"@type":"Unit","@id":"20aadc24-a391-41cf-b340-3e4529f44bde","name":"kg"},"flowProperty":{"@type":"FlowProperty","@id":"93a60a56-a3c8-11da-a746-0800200b9a66","name":"Mass"},"@id":"28f4ae9f-2b8c-3526-84e0-bc83cbbfe4fb"},{"@type":"Exchange","avoidedProduct":false,"input":false,"amount":2.2417E-7,"flow":{"@type":"Flow","@id":"97a06573-4c7c-37cf-94c3-14e7cbe6b4e3","name":"Titanium, ion","flowType":"ELEMENTARY_FLOW"},"unit":{"@type":"Unit","@id":"20aadc24-a391-41cf-b340-3e4529f44bde","name":"kg"},"flowProperty":{"@type":"FlowProperty","@id":"93a60a56-a3c8-11da-a746-0800200b9a66","name":"Mass"},"@id":"7aee5a69-51bb-33e2-8867-176b38101962"},{"@type":"Exchange","avoidedProduct":false,"input":false,"amount":1.1968E-5,"flow":{"@type":"Flow","@id":"0a7c4d6c-8916-38c0-91af-8c41addd2588","name":"Benzene, ethyl-","flowType":"ELEMENTARY_FLOW"},"unit":{"@type":"Unit","@id":"20aadc24-a391-41cf-b340-3e4529f44bde","name":"kg"},"flowProperty":{"@type":"FlowProperty","@id":"93a60a56-a3c8-11da-a746-0800200b9a66","name":"Mass"},"@id":"fb322bbf-f2e8-3cc5-8832-8e99e26c2c42"},{"@type":"Exchange","avoidedProduct":false,"input":false,"amount":2.7783E-9,"flow":{"@type":"Flow","@id":"bb7e8be4-9c3c-34a7-b29f-b964a9748324","name":"p-Xylene","flowType":"ELEMENTARY_FLOW"},"unit":{"@type":"Unit","@id":"20aadc24-a391-41cf-b340-3e4529f44bde","name":"kg"},"flowProperty":{"@type":"FlowProperty","@id":"93a60a56-a3c8-11da-a746-0800200b9a66","name":"Mass"},"@id":"d96b48f3-7a7d-3a10-b013-bfc2a09fb03c"},{"@type":"Exchange","avoidedProduct":false,"input":false,"amount":7.5275E-9,"flow":{"@type":"Flow","@id":"c3b0146d-ff46-3105-908f-bed7960d1299","name":"Cadmium, ion","flowType":"ELEMENTARY_FLOW"},"unit":{"@type":"Unit","@id":"20aadc24-a391-41cf-b340-3e4529f44bde","name":"kg"},"flowProperty":{"@type":"FlowProperty","@id":"93a60a56-a3c8-11da-a746-0800200b9a66","name":"Mass"},"@id":"8e3d6804-34dd-3a05-9291-d9097ddf5fba"},{"@type":"Exchange","avoidedProduct":false,"input":false,"amount":4.4598E-12,"flow":{"@type":"Flow","@id":"c8c87e1c-9c4c-36d0-a982-bbf811ab988f","name":"Acenaphthylene","flowType":"ELEMENTARY_FLOW"},"unit":{"@type":"Unit","@id":"20aadc24-a391-41cf-b340-3e4529f44bde","name":"kg"},"flowProperty":{"@type":"FlowProperty","@id":"93a60a56-a3c8-11da-a746-0800200b9a66","name":"Mass"},"@id":"4a1e14e5-063b-3c10-a3e4-a4a97cac870f"},{"@type":"Exchange","avoidedProduct":false,"input":false,"amount":7.4241E-8,"flow":{"@type":"Flow","@id":"b71e3860-8ef4-31e4-9302-ceac32d0ff78","name":"Phenols, unspecified","flowType":"ELEMENTARY_FLOW"},"unit":{"@type":"Unit","@id":"20aadc24-a391-41cf-b340-3e4529f44bde","name":"kg"},"flowProperty":{"@type":"FlowProperty","@id":"93a60a56-a3c8-11da-a746-0800200b9a66","name":"Mass"},"@id":"41ca3986-1f90-38ba-b1f1-1bc65e8025f0"},{"@type":"Exchange","avoidedProduct":false,"input":false,"amount":1.1571E-8,"flow":{"@type":"Flow","@id":"18166cf9-36ea-3daf-9190-d9a7e90451de","name":"Lead","flowType":"ELEMENTARY_FLOW"},"unit":{"@type":"Unit","@id":"20aadc24-a391-41cf-b340-3e4529f44bde","name":"kg"},"flowProperty":{"@type":"FlowProperty","@id":"93a60a56-a3c8-11da-a746-0800200b9a66","name":"Mass"},"@id":"46809669-569e-3ce9-90f5-5cb12d8e0cd7"},{"@type":"Exchange","avoidedProduct":false,"input":false,"amount":3.395E-13,"flow":{"@type":"Flow","@id":"679ac5ec-bd93-303d-a87f-68dfe7ce872a","name":"Bromoform","flowType":"ELEMENTARY_FLOW"},"unit":{"@type":"Unit","@id":"20aadc24-a391-41cf-b340-3e4529f44bde","name":"kg"},"flowProperty":{"@type":"FlowProperty","@id":"93a60a56-a3c8-11da-a746-0800200b9a66","name":"Mass"},"@id":"35220d26-1a12-32f6-8a28-d8ba13664857"},{"@type":"Exchange","avoidedProduct":false,"input":false,"amount":1.0026,"flow":{"@type":"Flow","@id":"63af114b-afcb-3a82-801a-9c66208a673a","name":"Carbon dioxide, fossil ","flowType":"ELEMENTARY_FLOW"},"unit":{"@type":"Unit","@id":"20aadc24-a391-41cf-b340-3e4529f44bde","name":"kg"},"flowProperty":{"@type":"FlowProperty","@id":"93a60a56-a3c8-11da-a746-0800200b9a66","name":"Mass"},"@id":"f7aff294-75cd-340e-a8e0-d45b770c0185"},{"@type":"Exchange","avoidedProduct":false,"input":false,"amount":3.6561E-13,"flow":{"@type":"Flow","@id":"d1d3e24a-d2c7-36e2-8392-bee2bcd1080a","name":"Ethane, chloro-","flowType":"ELEMENTARY_FLOW"},"unit":{"@type":"Unit","@id":"20aadc24-a391-41cf-b340-3e4529f44bde","name":"kg"},"flowProperty":{"@type":"FlowProperty","@id":"93a60a56-a3c8-11da-a746-0800200b9a66","name":"Mass"},"@id":"894b0892-b1da-3865-97ce-cef4c62beafa"},{"@type":"Exchange","avoidedProduct":false,"input":false,"amount":1.9886E-14,"flow":{"@type":"Flow","@id":"6ad5b5fd-6792-31d6-a0af-bd9fef54361f","name":"Dioxins, measured as 2,3,7,8-tetrachlorodibenzo-p-dioxin","flowType":"ELEMENTARY_FLOW"},"unit":{"@type":"Unit","@id":"20aadc24-a391-41cf-b340-3e4529f44bde","name":"kg"},"flowProperty":{"@type":"FlowProperty","@id":"93a60a56-a3c8-11da-a746-0800200b9a66","name":"Mass"},"@id":"cf2da371-ad1d-305b-8fe8-a7cf7a5c9a20"},{"@type":"Exchange","avoidedProduct":false,"input":false,"amount":9.0978E-12,"flow":{"@type":"Flow","@id":"11bddf47-5536-35b4-a86e-d1b166631ae5","name":"Acenaphthene","flowType":"ELEMENTARY_FLOW"},"unit":{"@type":"Unit","@id":"20aadc24-a391-41cf-b340-3e4529f44bde","name":"kg"},"flowProperty":{"@type":"FlowProperty","@id":"93a60a56-a3c8-11da-a746-0800200b9a66","name":"Mass"},"@id":"a3568efc-6446-3884-96b8-522bfef41288"},{"@type":"Exchange","avoidedProduct":false,"input":false,"amount":9.1272E-9,"flow":{"@type":"Flow","@id":"6505c252-8e98-3e73-8e2b-e49deaf2598b","name":"Arsenic","flowType":"ELEMENTARY_FLOW"},"unit":{"@type":"Unit","@id":"20aadc24-a391-41cf-b340-3e4529f44bde","name":"kg"},"flowProperty":{"@type":"FlowProperty","@id":"93a60a56-a3c8-11da-a746-0800200b9a66","name":"Mass"},"@id":"d44e33bb-cb23-3129-9750-a0f8a368f246"},{"@type":"Exchange","avoidedProduct":false,"input":true,"amount":0.0018811,"flow":{"@type":"Flow","@id":"0c044a43-62f0-3a5e-97c6-f6c667e94081","name":"Energy, geothermal","flowType":"ELEMENTARY_FLOW"},"unit":{"@type":"Unit","@id":"52765a6c-3896-43c2-b2f4-c679acf13efe","name":"MJ"},"flowProperty":{"@type":"FlowProperty","@id":"f6811440-ee37-11de-8a39-0800200c9a66","name":"Energy"},"@id":"f4512d3b-9acc-3fc5-a1dd-6a98d10b2725"}]}