{"@context":"http://greendelta.github.io/olca-schema/context.jsonld","@type":"Process","@id":"f7b7280d-f372-3a4b-86cf-caa588ca67ea","name":"Recycled postconsumer PET flake","version":"00.00.000","lastChange":"2015-08-20T15:33:46.886-06:00","category":{"@type":"Category","@id":"6008bb4b-9075-3504-bd80-796aa5550213","name":"Processing postconsumer PET to flake"},"processType":"UNIT_PROCESS","infrastructureProcess":false,"location":{"@type":"Location","@id":"b320e7db-c758-3ba6-8839-81eb83c9d7d7","name":"Northern America"},"processDocumentation":{"@type":"ProcessDocumentation","technologyDescription":"Typical","restrictionsDescription":"All information can be accessed by everybody.","copyright":false,"validFrom":"2006-12-31T00:00:00-07:00","validUntil":"2007-12-31T00:00:00-07:00","creationDate":"2015-08-20T15:33:46-06:00","geographyDescription":"United States","dataDocumentor":{"@type":"Actor","@id":"f238e394-b16d-3194-9c3d-cfd600a1cc95","name":"Franklin Associates"},"dataGenerator":{"@type":"Actor","@id":"f238e394-b16d-3194-9c3d-cfd600a1cc95","name":"Franklin Associates"},"sources":[{"@type":"Source","@id":"7c9805e8-276e-3f66-bfa5-aa9d723cd357","name":"THE PLASTICS DIVISION OF THE AMERICAN CH "}]},"exchanges":[{"@type":"Exchange","avoidedProduct":false,"input":false,"amount":1.0,"description":"Depending on the practitioner\u0027s choice of methodology, some share of the virgin material burdens for initially producing the plastic may be allocated to the recycled resin.","flow":{"@type":"Flow","@id":"83f59491-2195-3f40-a111-15459445aa9c","name":"Recycled postconsumer PET flake","flowType":"PRODUCT_FLOW"},"unit":{"@type":"Unit","@id":"20aadc24-a391-41cf-b340-3e4529f44bde","name":"kg"},"flowProperty":{"@type":"FlowProperty","@id":"93a60a56-a3c8-11da-a746-0800200b9a66","name":"Mass"},"@id":"fa3045da-d474-346c-a659-ac5be41e945f","quantitativeReference":true},{"@type":"Exchange","avoidedProduct":false,"input":true,"amount":0.46,"flow":{"@type":"Flow","@id":"73e33e2a-67d5-31e2-8449-b6f2d7b46bb2","name":"Electricity, at grid, US, 2000","flowType":"PRODUCT_FLOW"},"unit":{"@type":"Unit","@id":"86ad2244-1f0e-4912-af53-7865283103e4","name":"kWh"},"flowProperty":{"@type":"FlowProperty","@id":"f6811440-ee37-11de-8a39-0800200c9a66","name":"Energy"},"@id":"1461ff7b-e2cd-3e16-96ba-7d9f3cfd292f"},{"@type":"Exchange","avoidedProduct":false,"input":true,"amount":0.27206,"description":"Percentage of postconsumer PET collected via California container refund value (CRV) system. Includes wt of contaminants in incoming material.","flow":{"@type":"Flow","@id":"feb3d390-bacc-37ce-8568-1776c96a78a1","name":"Deposit containers, at collection, CRV","flowType":"PRODUCT_FLOW"},"unit":{"@type":"Unit","@id":"20aadc24-a391-41cf-b340-3e4529f44bde","name":"kg"},"flowProperty":{"@type":"FlowProperty","@id":"93a60a56-a3c8-11da-a746-0800200b9a66","name":"Mass"},"@id":"0cc8b80b-a940-39fc-946f-937714ed5b95"},{"@type":"Exchange","avoidedProduct":false,"input":false,"amount":0.02,"flow":{"@type":"Flow","@id":"33d5907f-322f-336d-b23f-f2959923f99f","name":"COD, Chemical Oxygen Demand","flowType":"ELEMENTARY_FLOW"},"unit":{"@type":"Unit","@id":"20aadc24-a391-41cf-b340-3e4529f44bde","name":"kg"},"flowProperty":{"@type":"FlowProperty","@id":"93a60a56-a3c8-11da-a746-0800200b9a66","name":"Mass"},"@id":"4ae7155f-3ca4-38ea-ac13-6fcf6db493cc"},{"@type":"Exchange","avoidedProduct":false,"input":true,"amount":0.974719187567312,"description":"Represents transport of inbound material (PET and contaminants)","flow":{"@type":"Flow","@id":"628c07ec-0802-39c1-ab88-1c62848ef436","name":"Transport, combination truck, diesel powered","flowType":"PRODUCT_FLOW"},"unit":{"@type":"Unit","@id":"0dea4ed8-bb6b-4049-b2b4-b2c413ef2180","name":"t*km"},"flowProperty":{"@type":"FlowProperty","@id":"838aaa20-0117-11db-92e3-0800200c9a66","name":"Goods transport (mass*distance)"},"@id":"096605ef-e9a1-3746-8b6f-e9ce5938e9e9"},{"@type":"Exchange","avoidedProduct":false,"input":true,"amount":0.075,"flow":{"@type":"Flow","@id":"bb1dc159-fe13-3f8e-8197-361e8c770ba3","name":"Natural gas, combusted in industrial boiler","flowType":"PRODUCT_FLOW"},"unit":{"@type":"Unit","@id":"1c3a9695-398d-4b1f-b07e-a8715b610f70","name":"m3"},"flowProperty":{"@type":"FlowProperty","@id":"93a60a56-a3c8-22da-a746-0800200c9a66","name":"Volume"},"@id":"a22b5851-73dd-36cc-8cea-2fab59fe070f"},{"@type":"Exchange","avoidedProduct":false,"input":true,"amount":0.024,"description":"Pure weight of NaOH for the solution used","flow":{"@type":"Flow","@id":"bf2b1e5a-4c92-3974-a2fd-a68898833086","name":"Sodium hydroxide, production mix, at plant","flowType":"PRODUCT_FLOW"},"unit":{"@type":"Unit","@id":"20aadc24-a391-41cf-b340-3e4529f44bde","name":"kg"},"flowProperty":{"@type":"FlowProperty","@id":"93a60a56-a3c8-11da-a746-0800200b9a66","name":"Mass"},"@id":"0492c971-627a-3599-b4ee-003f338b17b9"},{"@type":"Exchange","avoidedProduct":false,"input":false,"amount":3.7E-5,"flow":{"@type":"Flow","@id":"14dde4c7-2655-3a40-897a-1a8fa48c777a","name":"VOC, volatile organic compounds","flowType":"ELEMENTARY_FLOW"},"unit":{"@type":"Unit","@id":"20aadc24-a391-41cf-b340-3e4529f44bde","name":"kg"},"flowProperty":{"@type":"FlowProperty","@id":"93a60a56-a3c8-11da-a746-0800200b9a66","name":"Mass"},"@id":"40e4837f-4e1b-338c-a030-612caf3911d7"},{"@type":"Exchange","avoidedProduct":false,"input":false,"amount":0.0073,"description":"Unknown how much of the waterborne emissions are from washing chemicals versus material washed off received plastic. These emissions are not included in the material balance.","flow":{"@type":"Flow","@id":"16a0fc94-eaec-315c-9f2f-328d8833dcad","name":"BOD5, Biological Oxygen Demand","flowType":"ELEMENTARY_FLOW"},"unit":{"@type":"Unit","@id":"20aadc24-a391-41cf-b340-3e4529f44bde","name":"kg"},"flowProperty":{"@type":"FlowProperty","@id":"93a60a56-a3c8-11da-a746-0800200b9a66","name":"Mass"},"@id":"a55f8736-bb60-3d30-a9f6-8c91bfa3dc8e"},{"@type":"Exchange","avoidedProduct":false,"input":true,"amount":0.78934,"description":"Includes wt of contaminants in incoming material from MRF.","flow":{"@type":"Flow","@id":"2be6ce29-93cb-3106-8a99-4b9cf7dd27ef","name":"Mixed recyclables, sorted at MRF","flowType":"PRODUCT_FLOW"},"unit":{"@type":"Unit","@id":"20aadc24-a391-41cf-b340-3e4529f44bde","name":"kg"},"flowProperty":{"@type":"FlowProperty","@id":"93a60a56-a3c8-11da-a746-0800200b9a66","name":"Mass"},"@id":"78adde8a-0660-3826-be87-f47eed43952a"},{"@type":"Exchange","avoidedProduct":false,"input":true,"amount":0.0022,"flow":{"@type":"Flow","@id":"2f568e74-ba85-3184-8269-40725b2d19c6","name":"CUTOFF Defoamant, unspecified","flowType":"PRODUCT_FLOW"},"unit":{"@type":"Unit","@id":"20aadc24-a391-41cf-b340-3e4529f44bde","name":"kg"},"flowProperty":{"@type":"FlowProperty","@id":"93a60a56-a3c8-11da-a746-0800200b9a66","name":"Mass"},"@id":"f732298f-aa9c-30c4-8f4d-e642abf150e1"},{"@type":"Exchange","avoidedProduct":false,"input":false,"amount":4.40114091275273,"description":"Water returned after washing (reflects evaporative losses of water carried out with washed resin and evaporated during drying)","flow":{"@type":"Flow","@id":"ade5a988-82b5-38b9-ab2f-3fa032cfecc0","name":"Water","flowType":"ELEMENTARY_FLOW"},"unit":{"@type":"Unit","@id":"b80a512e-e402-4363-8ad0-7d02dcf4a459","name":"l"},"flowProperty":{"@type":"FlowProperty","@id":"93a60a56-a3c8-22da-a746-0800200c9a66","name":"Volume"},"@id":"f8ebfe7f-c495-3487-8877-936e42fd2f2b"},{"@type":"Exchange","avoidedProduct":false,"input":true,"amount":4.80105636115205,"description":"Water input to washing","flow":{"@type":"Flow","@id":"48719b78-8f64-373c-b99d-ac1003335dc3","name":"Water, process","flowType":"ELEMENTARY_FLOW"},"unit":{"@type":"Unit","@id":"b80a512e-e402-4363-8ad0-7d02dcf4a459","name":"l"},"flowProperty":{"@type":"FlowProperty","@id":"93a60a56-a3c8-22da-a746-0800200c9a66","name":"Volume"},"@id":"756e38af-c0ee-314e-a2c9-b4581dcc0f29"},{"@type":"Exchange","avoidedProduct":false,"input":true,"amount":0.235906450186985,"description":"Represents transport of inbound material (PET and contaminants)","flow":{"@type":"Flow","@id":"73c7494d-4e93-3769-896b-8bb82f0dfccc","name":"Transport, train, diesel powered","flowType":"PRODUCT_FLOW"},"unit":{"@type":"Unit","@id":"0dea4ed8-bb6b-4049-b2b4-b2c413ef2180","name":"t*km"},"flowProperty":{"@type":"FlowProperty","@id":"838aaa20-0117-11db-92e3-0800200c9a66","name":"Goods transport (mass*distance)"},"@id":"4d3d8712-c88c-3c46-b99e-d6dd5b8f43b6"},{"@type":"Exchange","avoidedProduct":false,"input":true,"amount":8.7E-4,"flow":{"@type":"Flow","@id":"95726986-e5b2-3b0d-b9bb-a81ec812252b","name":"CUTOFF Wetting agent, unspecified","flowType":"PRODUCT_FLOW"},"unit":{"@type":"Unit","@id":"20aadc24-a391-41cf-b340-3e4529f44bde","name":"kg"},"flowProperty":{"@type":"FlowProperty","@id":"93a60a56-a3c8-11da-a746-0800200b9a66","name":"Mass"},"@id":"b3205440-b9c5-3073-8da7-c98f6232753c"},{"@type":"Exchange","avoidedProduct":false,"input":true,"amount":7.6E-4,"flow":{"@type":"Flow","@id":"a5aa7b59-9ac1-3dd9-a0d2-f7f3451c05e1","name":"CUTOFF Surfactant, unspecified","flowType":"PRODUCT_FLOW"},"unit":{"@type":"Unit","@id":"20aadc24-a391-41cf-b340-3e4529f44bde","name":"kg"},"flowProperty":{"@type":"FlowProperty","@id":"93a60a56-a3c8-11da-a746-0800200b9a66","name":"Mass"},"@id":"a866d265-de56-3f80-af2c-5ef7484b47f0"},{"@type":"Exchange","avoidedProduct":false,"input":false,"amount":0.003,"flow":{"@type":"Flow","@id":"91c6fb89-85ed-310b-8197-fb35a753bd97","name":"Suspended solids, unspecified","flowType":"ELEMENTARY_FLOW"},"unit":{"@type":"Unit","@id":"20aadc24-a391-41cf-b340-3e4529f44bde","name":"kg"},"flowProperty":{"@type":"FlowProperty","@id":"93a60a56-a3c8-11da-a746-0800200b9a66","name":"Mass"},"@id":"7aaf2849-cb4b-3fe7-9ee6-545b4a69a5b2"},{"@type":"Exchange","avoidedProduct":false,"input":true,"amount":0.1586,"description":"Percentage of postconsumer PET collected via deposit programs. Includes wt of contaminants in incoming material.","flow":{"@type":"Flow","@id":"0fe54247-1f28-3597-bd5e-98431dc2f685","name":"Deposit containers, at collection","flowType":"PRODUCT_FLOW"},"unit":{"@type":"Unit","@id":"20aadc24-a391-41cf-b340-3e4529f44bde","name":"kg"},"flowProperty":{"@type":"FlowProperty","@id":"93a60a56-a3c8-11da-a746-0800200b9a66","name":"Mass"},"@id":"bbbe1c7b-d272-3313-ae35-cda2842686bc"},{"@type":"Exchange","avoidedProduct":false,"input":true,"amount":0.22,"description":"Includes bale wire trash, labels, PVC in incoming bale, and other materials that become processing wastes or sludges. ","flow":{"@type":"Flow","@id":"f8973d41-1ca2-3034-94da-5bfa0f7a0202","name":"CUTOFF Disposal, solid waste, unspecified, to unspecified landfill","flowType":"PRODUCT_FLOW"},"unit":{"@type":"Unit","@id":"20aadc24-a391-41cf-b340-3e4529f44bde","name":"kg"},"flowProperty":{"@type":"FlowProperty","@id":"93a60a56-a3c8-11da-a746-0800200b9a66","name":"Mass"},"@id":"43aa6c32-f1c8-3525-9f33-f4b6e729749f"},{"@type":"Exchange","avoidedProduct":false,"input":false,"amount":3.9E-5,"flow":{"@type":"Flow","@id":"b641465b-5594-34f2-a9f8-72ceb302de17","name":"Particulates, unspecified","flowType":"ELEMENTARY_FLOW"},"unit":{"@type":"Unit","@id":"20aadc24-a391-41cf-b340-3e4529f44bde","name":"kg"},"flowProperty":{"@type":"FlowProperty","@id":"93a60a56-a3c8-11da-a746-0800200b9a66","name":"Mass"},"@id":"abf648f5-d61f-3816-abde-4489e974442f"},{"@type":"Exchange","avoidedProduct":false,"input":true,"amount":3.03659076664067E-4,"flow":{"@type":"Flow","@id":"f77da622-e84d-3639-8917-fcf792aaee13","name":"Liquefied petroleum gas, combusted in industrial boiler","flowType":"PRODUCT_FLOW"},"unit":{"@type":"Unit","@id":"b80a512e-e402-4363-8ad0-7d02dcf4a459","name":"l"},"flowProperty":{"@type":"FlowProperty","@id":"93a60a56-a3c8-22da-a746-0800200c9a66","name":"Volume"},"@id":"805f7a97-345d-3a6b-a7f6-000372682ba0"}]}