<?xml version="1.0" encoding="UTF-8" standalone="yes"?>
<ns2:unitGroupDataSet xmlns="http://lca.jrc.it/ILCD/Common" xmlns:ns2="http://lca.jrc.it/ILCD/UnitGroup" xmlns:ns3="http://lca.jrc.it/ILCD/Flow" xmlns:ns4="http://lca.jrc.it/ILCD/Contact" xmlns:ns5="http://lca.jrc.it/ILCD/FlowProperty" xmlns:ns6="http://lca.jrc.it/ILCD/Process" xmlns:ns7="http://lca.jrc.it/ILCD/Source" xmlns:ns8="http://lca.jrc.it/ILCD/Wrapper" version="1.1">
    <ns2:unitGroupInformation>
        <ns2:dataSetInformation>
            <UUID>93a60a57-a3c8-12da-a746-0800200c9a66</UUID>
            <name xml:lang="en">Units of volume</name>
            <ns2:classificationInformation>
                <classification>
                    <class level="0" classId="e38f841d-bc83-49a3-ab86-2783de8cebfb">Technical unit groups</class>
                </classification>
            </ns2:classificationInformation>
        </ns2:dataSetInformation>
        <ns2:quantitativeReference>
            <ns2:referenceToReferenceUnit>0</ns2:referenceToReferenceUnit>
        </ns2:quantitativeReference>
    </ns2:unitGroupInformation>
    <ns2:administrativeInformation>
        <ns2:dataEntryBy>
            <referenceToDataSetFormat type="source data set" refObjectId="a97a0155-0234-4b87-b4ce-a45da52f2a40" version="01.01.000" uri="../sources/a97a0155-0234-4b87-b4ce-a45da52f2a40_01.01.000.xml">
                <shortDescription xml:lang="en">ILCD format</shortDescription>
            </referenceToDataSetFormat>
        </ns2:dataEntryBy>
        <ns2:publicationAndOwnership>
            <dataSetVersion>00.00.000</dataSetVersion>
            <permanentDataSetURI>http://openlca.org/ilcd/resource/unitgroups/93a60a57-a3c8-12da-a746-0800200c9a66</permanentDataSetURI>
        </ns2:publicationAndOwnership>
    </ns2:administrativeInformation>
    <ns2:units>
        <ns2:unit xmlns:olca="http://openlca.org/ilcd-extensions" dataSetInternalID="1" olca:unitId="078c7a18-a743-491d-87c2-530454661ef1">
            <ns2:name>gill</ns2:name>
            <ns2:meanValue>1.18294E-4</ns2:meanValue>
            <ns2:generalComment xml:lang="en">Gill</ns2:generalComment>
        </ns2:unit>
        <ns2:unit xmlns:olca="http://openlca.org/ilcd-extensions" dataSetInternalID="2" olca:unitId="07973a41-56b3-4e1b-a208-fd75a09fbd4b">
            <ns2:name>cu ft</ns2:name>
            <ns2:meanValue>0.02</ns2:meanValue>
            <ns2:generalComment xml:lang="en">Cubic feet</ns2:generalComment>
        </ns2:unit>
        <ns2:unit xmlns:olca="http://openlca.org/ilcd-extensions" dataSetInternalID="3" olca:unitId="08d8bee4-32ca-4cc3-ad33-838377e6517a">
            <ns2:name>qt (US dry)</ns2:name>
            <ns2:meanValue>0.001101221</ns2:meanValue>
            <ns2:generalComment xml:lang="en">Quart (US dry)</ns2:generalComment>
        </ns2:unit>
        <ns2:unit xmlns:olca="http://openlca.org/ilcd-extensions" dataSetInternalID="0" olca:unitId="1c3a9695-398d-4b1f-b07e-a8715b610f70">
            <ns2:name>m3</ns2:name>
            <ns2:meanValue>1.0</ns2:meanValue>
            <ns2:generalComment xml:lang="en">Cubic metre</ns2:generalComment>
        </ns2:unit>
        <ns2:unit xmlns:olca="http://openlca.org/ilcd-extensions" dataSetInternalID="4" olca:unitId="1c4169d1-4fee-40e3-9868-953ee15e26ae">
            <ns2:name>bl (US dry)</ns2:name>
            <ns2:meanValue>0.11</ns2:meanValue>
            <ns2:generalComment xml:lang="en">Barrel (US dry)</ns2:generalComment>
        </ns2:unit>
        <ns2:unit xmlns:olca="http://openlca.org/ilcd-extensions" dataSetInternalID="5" olca:unitId="2d64c7e0-1167-42ec-9988-c441c261a35c">
            <ns2:name>US fl oz</ns2:name>
            <ns2:meanValue>2.96E-5</ns2:meanValue>
            <ns2:generalComment xml:lang="en">US customary fluid ounce</ns2:generalComment>
        </ns2:unit>
        <ns2:unit xmlns:olca="http://openlca.org/ilcd-extensions" dataSetInternalID="6" olca:unitId="2d895297-8e96-45f1-b256-a6d4ccd4bbc4">
            <ns2:name>dal</ns2:name>
            <ns2:meanValue>0.01</ns2:meanValue>
            <ns2:generalComment xml:lang="en">Decalitre</ns2:generalComment>
        </ns2:unit>
        <ns2:unit xmlns:olca="http://openlca.org/ilcd-extensions" dataSetInternalID="7" olca:unitId="2df86f1f-293e-4e07-9cde-34eebc6d2c5f">
            <ns2:name>pt (US fl)</ns2:name>
            <ns2:meanValue>4.73E-4</ns2:meanValue>
            <ns2:generalComment xml:lang="en">Pint (US fluid)</ns2:generalComment>
        </ns2:unit>
        <ns2:unit xmlns:olca="http://openlca.org/ilcd-extensions" dataSetInternalID="8" olca:unitId="2ea37335-f10b-4fcc-b4a9-0a742d651fa2">
            <ns2:name>dm3</ns2:name>
            <ns2:meanValue>0.001</ns2:meanValue>
            <ns2:generalComment xml:lang="en">Cubic decimeter</ns2:generalComment>
        </ns2:unit>
        <ns2:unit xmlns:olca="http://openlca.org/ilcd-extensions" dataSetInternalID="9" olca:unitId="431df202-da83-4baa-b576-5d17f59f0c8a">
            <ns2:name>gal (US fl)</ns2:name>
            <ns2:meanValue>0.00379</ns2:meanValue>
            <ns2:generalComment xml:lang="en">Gallon (US fluid); used in US e.g. for fuel</ns2:generalComment>
        </ns2:unit>
        <ns2:unit xmlns:olca="http://openlca.org/ilcd-extensions" dataSetInternalID="10" olca:unitId="4669b8ce-894d-405a-95d1-3211accaa739">
            <ns2:name>Nm3</ns2:name>
            <ns2:meanValue>1.0</ns2:meanValue>
            <ns2:generalComment xml:lang="en">Normal cubic metres</ns2:generalComment>
        </ns2:unit>
        <ns2:unit xmlns:olca="http://openlca.org/ilcd-extensions" dataSetInternalID="11" olca:unitId="46930fb7-8660-42a4-983e-19cf53da740b">
            <ns2:name>cm3</ns2:name>
            <ns2:meanValue>1.0E-6</ns2:meanValue>
            <ns2:generalComment xml:lang="en">Cubic centimetres</ns2:generalComment>
        </ns2:unit>
        <ns2:unit xmlns:olca="http://openlca.org/ilcd-extensions" dataSetInternalID="12" olca:unitId="505845e0-3f71-46d4-acfa-8c4ed8d3c305">
            <ns2:name>mm3</ns2:name>
            <ns2:meanValue>1.0E-9</ns2:meanValue>
            <ns2:generalComment xml:lang="en">Cubic millimetres</ns2:generalComment>
        </ns2:unit>
        <ns2:unit xmlns:olca="http://openlca.org/ilcd-extensions" dataSetInternalID="13" olca:unitId="5ec65531-6bb4-4990-a687-44e9ab8f3529">
            <ns2:name>bsh (US)</ns2:name>
            <ns2:meanValue>0.03</ns2:meanValue>
            <ns2:generalComment xml:lang="en">US bushel</ns2:generalComment>
        </ns2:unit>
        <ns2:unit xmlns:olca="http://openlca.org/ilcd-extensions" dataSetInternalID="14" olca:unitId="626c92d5-dcc2-40d4-b28b-4a4f82123740">
            <ns2:name>dl</ns2:name>
            <ns2:meanValue>1.0E-4</ns2:meanValue>
            <ns2:generalComment xml:lang="en">Decilitre</ns2:generalComment>
        </ns2:unit>
        <ns2:unit xmlns:olca="http://openlca.org/ilcd-extensions" dataSetInternalID="15" olca:unitId="62eb6f51-0574-4489-ae1a-1bd806f6c2ac">
            <ns2:name>gal (US liq)</ns2:name>
            <ns2:meanValue>0.00379</ns2:meanValue>
            <ns2:generalComment xml:lang="en">Gallon (US liquid)</ns2:generalComment>
        </ns2:unit>
        <ns2:unit xmlns:olca="http://openlca.org/ilcd-extensions" dataSetInternalID="16" olca:unitId="6a7531d3-3b83-4dda-8b18-4e3528491f9e">
            <ns2:name>in3</ns2:name>
            <ns2:meanValue>1.64E-5</ns2:meanValue>
            <ns2:generalComment xml:lang="en">Cubic inches</ns2:generalComment>
        </ns2:unit>
        <ns2:unit xmlns:olca="http://openlca.org/ilcd-extensions" dataSetInternalID="17" olca:unitId="72ef94e2-bf0c-4e85-a74c-f3b5ed1bd73e">
            <ns2:name>dr (Fl)</ns2:name>
            <ns2:meanValue>3.7E-6</ns2:meanValue>
            <ns2:generalComment xml:lang="en">Dram (Fluid)</ns2:generalComment>
        </ns2:unit>
        <ns2:unit xmlns:olca="http://openlca.org/ilcd-extensions" dataSetInternalID="18" olca:unitId="7642bdc2-cdfa-4cc5-9e12-2255f561842a">
            <ns2:name>pk</ns2:name>
            <ns2:meanValue>0.008809768</ns2:meanValue>
            <ns2:generalComment xml:lang="en">Peck</ns2:generalComment>
        </ns2:unit>
        <ns2:unit xmlns:olca="http://openlca.org/ilcd-extensions" dataSetInternalID="19" olca:unitId="806c64aa-8609-4ff6-a033-6714a3348f24">
            <ns2:name>fl oz (Imp)</ns2:name>
            <ns2:meanValue>2.84E-5</ns2:meanValue>
            <ns2:generalComment xml:lang="en">Fluid ounce (Imperial)</ns2:generalComment>
        </ns2:unit>
        <ns2:unit xmlns:olca="http://openlca.org/ilcd-extensions" dataSetInternalID="20" olca:unitId="81696a66-6919-4bbb-a3ab-c79b2900de7d">
            <ns2:name>ml</ns2:name>
            <ns2:meanValue>1.0E-6</ns2:meanValue>
            <ns2:generalComment xml:lang="en">Millilitre</ns2:generalComment>
        </ns2:unit>
        <ns2:unit xmlns:olca="http://openlca.org/ilcd-extensions" dataSetInternalID="21" olca:unitId="89121cea-0d98-4466-9b0f-e33e448db7ec">
            <ns2:name>bl (US fl)</ns2:name>
            <ns2:meanValue>0.11</ns2:meanValue>
            <ns2:generalComment xml:lang="en">Barrel (US non-beer fluid)</ns2:generalComment>
        </ns2:unit>
        <ns2:unit xmlns:olca="http://openlca.org/ilcd-extensions" dataSetInternalID="22" olca:unitId="8aa31dda-e324-469c-a29d-56476584f5ca">
            <ns2:name>gal (Imp)</ns2:name>
            <ns2:meanValue>0.00455</ns2:meanValue>
            <ns2:generalComment xml:lang="en">Gallon (Imperial); used in UK, United Arab Emirates for fuels</ns2:generalComment>
        </ns2:unit>
        <ns2:unit xmlns:olca="http://openlca.org/ilcd-extensions" dataSetInternalID="23" olca:unitId="90888d8d-3d57-497f-a3fa-12aefd2bc774">
            <ns2:name>bsh (Imp)</ns2:name>
            <ns2:meanValue>0.03</ns2:meanValue>
            <ns2:generalComment xml:lang="en">Imperial bushel</ns2:generalComment>
        </ns2:unit>
        <ns2:unit xmlns:olca="http://openlca.org/ilcd-extensions" dataSetInternalID="24" olca:unitId="91995a9e-3cb4-4fc9-a93b-8c618ff9b948">
            <ns2:name>bbl</ns2:name>
            <ns2:meanValue>0.15</ns2:meanValue>
            <ns2:generalComment xml:lang="en">Barrel (petroleum)</ns2:generalComment>
        </ns2:unit>
        <ns2:unit xmlns:olca="http://openlca.org/ilcd-extensions" dataSetInternalID="25" olca:unitId="9bc2cfb2-fb43-42e6-9783-6c7479c78cce">
            <ns2:name>bl (Imp)</ns2:name>
            <ns2:meanValue>0.16</ns2:meanValue>
            <ns2:generalComment xml:lang="en">Barrel (Imperial)</ns2:generalComment>
        </ns2:unit>
        <ns2:unit xmlns:olca="http://openlca.org/ilcd-extensions" dataSetInternalID="26" olca:unitId="9cd2a2c5-77a2-4b58-b893-b039dfe635ed">
            <ns2:name>yd3</ns2:name>
            <ns2:meanValue>0.76</ns2:meanValue>
            <ns2:generalComment xml:lang="en">Cubic yards</ns2:generalComment>
        </ns2:unit>
        <ns2:unit xmlns:olca="http://openlca.org/ilcd-extensions" dataSetInternalID="27" olca:unitId="a19bcd84-e836-4764-8367-419dac3d2434">
            <ns2:name>pt (US dry)</ns2:name>
            <ns2:meanValue>5.51E-4</ns2:meanValue>
            <ns2:generalComment xml:lang="en">Pint (US dry)</ns2:generalComment>
        </ns2:unit>
        <ns2:unit xmlns:olca="http://openlca.org/ilcd-extensions" dataSetInternalID="28" olca:unitId="a681e9e5-6304-45f0-a5f4-df413eee0724">
            <ns2:name>bl (US beer)</ns2:name>
            <ns2:meanValue>0.11</ns2:meanValue>
            <ns2:generalComment xml:lang="en">Barrel (US beer)</ns2:generalComment>
        </ns2:unit>
        <ns2:unit xmlns:olca="http://openlca.org/ilcd-extensions" dataSetInternalID="29" olca:unitId="ac4057f9-ec4a-4b31-9d3b-ff96969e50ff">
            <ns2:name>cl</ns2:name>
            <ns2:meanValue>1.0E-5</ns2:meanValue>
            <ns2:generalComment xml:lang="en">Centilitre</ns2:generalComment>
        </ns2:unit>
        <ns2:unit xmlns:olca="http://openlca.org/ilcd-extensions" dataSetInternalID="30" olca:unitId="b80a512e-e402-4363-8ad0-7d02dcf4a459">
            <ns2:name>l</ns2:name>
            <ns2:meanValue>0.001</ns2:meanValue>
            <ns2:generalComment xml:lang="en">Litre</ns2:generalComment>
        </ns2:unit>
        <ns2:unit xmlns:olca="http://openlca.org/ilcd-extensions" dataSetInternalID="31" olca:unitId="c026770b-5b4f-467d-8fdb-15dfb8e52913">
            <ns2:name>pt (Imp)</ns2:name>
            <ns2:meanValue>5.68E-4</ns2:meanValue>
            <ns2:generalComment xml:lang="en">Pint (Imperial)</ns2:generalComment>
        </ns2:unit>
        <ns2:unit xmlns:olca="http://openlca.org/ilcd-extensions" dataSetInternalID="32" olca:unitId="c530708d-be50-4207-b536-23d0857210bf">
            <ns2:name>gal (US dry)</ns2:name>
            <ns2:meanValue>0.0044</ns2:meanValue>
            <ns2:generalComment xml:lang="en">Gallon (US dry)</ns2:generalComment>
        </ns2:unit>
        <ns2:unit xmlns:olca="http://openlca.org/ilcd-extensions" dataSetInternalID="33" olca:unitId="cff8f1bf-bda0-4fc1-b14c-537d8861dcce">
            <ns2:name>min</ns2:name>
            <ns2:meanValue>6.16E-8</ns2:meanValue>
            <ns2:generalComment xml:lang="en">Minim</ns2:generalComment>
        </ns2:unit>
        <ns2:unit xmlns:olca="http://openlca.org/ilcd-extensions" dataSetInternalID="34" olca:unitId="df6987d7-afcc-4c92-ae2c-3ce3bc6f5578">
            <ns2:name>ul</ns2:name>
            <ns2:meanValue>1.0E-9</ns2:meanValue>
            <ns2:generalComment xml:lang="en">Microlitre</ns2:generalComment>
        </ns2:unit>
        <ns2:unit xmlns:olca="http://openlca.org/ilcd-extensions" dataSetInternalID="35" olca:unitId="e24e5e7b-6c5c-4847-969d-7772ed5df017">
            <ns2:name>hl</ns2:name>
            <ns2:meanValue>0.1</ns2:meanValue>
            <ns2:generalComment xml:lang="en">Hectolitre</ns2:generalComment>
        </ns2:unit>
        <ns2:unit xmlns:olca="http://openlca.org/ilcd-extensions" dataSetInternalID="36" olca:unitId="fea33583-ae83-4398-b7fb-7f90fd097269">
            <ns2:name>qt (US liq)</ns2:name>
            <ns2:meanValue>9.46353E-4</ns2:meanValue>
            <ns2:generalComment xml:lang="en">Quart (US liquid)</ns2:generalComment>
        </ns2:unit>
    </ns2:units>
</ns2:unitGroupDataSet>
