<?xml version="1.0" encoding="UTF-8" standalone="yes"?>
<ns2:unitGroupDataSet xmlns="http://lca.jrc.it/ILCD/Common" xmlns:ns2="http://lca.jrc.it/ILCD/UnitGroup" xmlns:ns3="http://lca.jrc.it/ILCD/Flow" xmlns:ns4="http://lca.jrc.it/ILCD/Contact" xmlns:ns5="http://lca.jrc.it/ILCD/FlowProperty" xmlns:ns6="http://lca.jrc.it/ILCD/Process" xmlns:ns7="http://lca.jrc.it/ILCD/Source" xmlns:ns8="http://lca.jrc.it/ILCD/Wrapper" version="1.1">
    <ns2:unitGroupInformation>
        <ns2:dataSetInformation>
            <UUID>93a60a57-a4c8-11da-a746-0800200c9a66</UUID>
            <name xml:lang="en">Units of mass</name>
            <ns2:classificationInformation>
                <classification>
                    <class level="0" classId="e38f841d-bc83-49a3-ab86-2783de8cebfb">Technical unit groups</class>
                </classification>
            </ns2:classificationInformation>
        </ns2:dataSetInformation>
        <ns2:quantitativeReference>
            <ns2:referenceToReferenceUnit>0</ns2:referenceToReferenceUnit>
        </ns2:quantitativeReference>
    </ns2:unitGroupInformation>
    <ns2:administrativeInformation>
        <ns2:dataEntryBy>
            <referenceToDataSetFormat type="source data set" refObjectId="a97a0155-0234-4b87-b4ce-a45da52f2a40" version="01.01.000" uri="../sources/a97a0155-0234-4b87-b4ce-a45da52f2a40_01.01.000.xml">
                <shortDescription xml:lang="en">ILCD format</shortDescription>
            </referenceToDataSetFormat>
        </ns2:dataEntryBy>
        <ns2:publicationAndOwnership>
            <dataSetVersion>00.00.000</dataSetVersion>
            <permanentDataSetURI>http://openlca.org/ilcd/resource/unitgroups/93a60a57-a4c8-11da-a746-0800200c9a66</permanentDataSetURI>
        </ns2:publicationAndOwnership>
    </ns2:administrativeInformation>
    <ns2:units>
        <ns2:unit xmlns:olca="http://openlca.org/ilcd-extensions" dataSetInternalID="1" olca:unitId="0300ec69-ce1a-45f0-bcf0-7b33845dc53e">
            <ns2:name>lb av</ns2:name>
            <ns2:meanValue>0.45</ns2:meanValue>
            <ns2:generalComment xml:lang="en">British pound (avoirdupois)</ns2:generalComment>
        </ns2:unit>
        <ns2:unit xmlns:olca="http://openlca.org/ilcd-extensions" dataSetInternalID="0" olca:unitId="20aadc24-a391-41cf-b340-3e4529f44bde">
            <ns2:name>kg</ns2:name>
            <ns2:meanValue>1.0</ns2:meanValue>
            <ns2:generalComment xml:lang="en">Kilogram</ns2:generalComment>
        </ns2:unit>
        <ns2:unit xmlns:olca="http://openlca.org/ilcd-extensions" dataSetInternalID="2" olca:unitId="218bf752-ec01-43a9-b87c-0e733374fffd">
            <ns2:name>cg</ns2:name>
            <ns2:meanValue>1.0E-5</ns2:meanValue>
            <ns2:generalComment xml:lang="en">Centigram</ns2:generalComment>
        </ns2:unit>
        <ns2:unit xmlns:olca="http://openlca.org/ilcd-extensions" dataSetInternalID="3" olca:unitId="2457aee5-c7ee-4416-a65a-5be4ff2b2976">
            <ns2:name>oz t</ns2:name>
            <ns2:meanValue>0.03</ns2:meanValue>
            <ns2:generalComment xml:lang="en">Ounce (troy)</ns2:generalComment>
        </ns2:unit>
        <ns2:unit xmlns:olca="http://openlca.org/ilcd-extensions" dataSetInternalID="4" olca:unitId="2a0b9356-a2dd-444f-991e-ce66cd174c9e">
            <ns2:name>cwt</ns2:name>
            <ns2:meanValue>45.359237</ns2:meanValue>
            <ns2:generalComment xml:lang="en">Short hundredweight</ns2:generalComment>
        </ns2:unit>
        <ns2:unit xmlns:olca="http://openlca.org/ilcd-extensions" dataSetInternalID="5" olca:unitId="2ac22d0d-9e02-4459-9402-923490e4e1b4">
            <ns2:name>dg</ns2:name>
            <ns2:meanValue>1.0E-4</ns2:meanValue>
            <ns2:generalComment xml:lang="en">Decigram</ns2:generalComment>
        </ns2:unit>
        <ns2:unit xmlns:olca="http://openlca.org/ilcd-extensions" dataSetInternalID="6" olca:unitId="56f42b51-bb05-4dcd-a069-0693f167304c">
            <ns2:name>dr (Av)</ns2:name>
            <ns2:meanValue>0.001771845</ns2:meanValue>
            <ns2:generalComment xml:lang="en">Dram (Avoirdupois)</ns2:generalComment>
        </ns2:unit>
        <ns2:unit xmlns:olca="http://openlca.org/ilcd-extensions" dataSetInternalID="7" olca:unitId="63214902-17d4-41a0-be10-d1cad375c32e">
            <ns2:name>ng</ns2:name>
            <ns2:meanValue>1.0E-12</ns2:meanValue>
            <ns2:generalComment xml:lang="en">Nanogram</ns2:generalComment>
        </ns2:unit>
        <ns2:unit xmlns:olca="http://openlca.org/ilcd-extensions" dataSetInternalID="8" olca:unitId="68c83ad3-bc5b-414a-81f7-5b47af2c8a23">
            <ns2:name>pg</ns2:name>
            <ns2:meanValue>1.0E-15</ns2:meanValue>
            <ns2:generalComment xml:lang="en">Picogram; 10^-12 g</ns2:generalComment>
        </ns2:unit>
        <ns2:unit xmlns:olca="http://openlca.org/ilcd-extensions" dataSetInternalID="9" olca:unitId="78af80e7-ede4-4a65-b04d-97d9ce4f39d3">
            <ns2:name>gr</ns2:name>
            <ns2:meanValue>6.48E-5</ns2:meanValue>
            <ns2:generalComment xml:lang="en">Grain</ns2:generalComment>
        </ns2:unit>
        <ns2:unit xmlns:olca="http://openlca.org/ilcd-extensions" dataSetInternalID="10" olca:unitId="83192ffa-5990-490b-a23a-b45ca072db6f">
            <ns2:name>t</ns2:name>
            <ns2:meanValue>1000.0</ns2:meanValue>
            <ns2:generalComment xml:lang="en">Tonne</ns2:generalComment>
        </ns2:unit>
        <ns2:unit xmlns:olca="http://openlca.org/ilcd-extensions" dataSetInternalID="11" olca:unitId="86dfd16d-d1d8-4b71-88af-0e1126425c77">
            <ns2:name>hg</ns2:name>
            <ns2:meanValue>0.1</ns2:meanValue>
            <ns2:generalComment xml:lang="en">Hectogram</ns2:generalComment>
        </ns2:unit>
        <ns2:unit xmlns:olca="http://openlca.org/ilcd-extensions" dataSetInternalID="12" olca:unitId="90d59045-3565-4c5a-bb27-ebc365aacbd0">
            <ns2:name>dag</ns2:name>
            <ns2:meanValue>0.01</ns2:meanValue>
            <ns2:generalComment xml:lang="en">Decagram</ns2:generalComment>
        </ns2:unit>
        <ns2:unit xmlns:olca="http://openlca.org/ilcd-extensions" dataSetInternalID="13" olca:unitId="95dd50e9-c184-4412-9afc-9764b1ffcf8f">
            <ns2:name>kg SWU</ns2:name>
            <ns2:meanValue>1.0</ns2:meanValue>
            <ns2:generalComment xml:lang="en">Kilogram SWU</ns2:generalComment>
        </ns2:unit>
        <ns2:unit xmlns:olca="http://openlca.org/ilcd-extensions" dataSetInternalID="14" olca:unitId="9dd23b40-4394-4f9a-9572-5f2ee9643864">
            <ns2:name>Mt</ns2:name>
            <ns2:meanValue>1.0E9</ns2:meanValue>
            <ns2:generalComment xml:lang="en">Megatonne</ns2:generalComment>
        </ns2:unit>
        <ns2:unit xmlns:olca="http://openlca.org/ilcd-extensions" dataSetInternalID="15" olca:unitId="a3350a8a-5cb0-440d-9752-8afe8c08c455">
            <ns2:name>dwt</ns2:name>
            <ns2:meanValue>0.001555174</ns2:meanValue>
            <ns2:generalComment xml:lang="en">Pennyweight</ns2:generalComment>
        </ns2:unit>
        <ns2:unit xmlns:olca="http://openlca.org/ilcd-extensions" dataSetInternalID="16" olca:unitId="ae5cced9-f9f1-4719-bd37-837b36013d96">
            <ns2:name>ct</ns2:name>
            <ns2:meanValue>2.0E-4</ns2:meanValue>
            <ns2:generalComment xml:lang="en">Carat (metric)</ns2:generalComment>
        </ns2:unit>
        <ns2:unit xmlns:olca="http://openlca.org/ilcd-extensions" dataSetInternalID="17" olca:unitId="b872a063-0500-42b7-9e5d-441642d84417">
            <ns2:name>mg</ns2:name>
            <ns2:meanValue>1.0E-6</ns2:meanValue>
            <ns2:generalComment xml:lang="en">Milligram</ns2:generalComment>
        </ns2:unit>
        <ns2:unit xmlns:olca="http://openlca.org/ilcd-extensions" dataSetInternalID="18" olca:unitId="d01259b2-24c2-46af-a7fe-36dd025ead15">
            <ns2:name>ug</ns2:name>
            <ns2:meanValue>1.0E-9</ns2:meanValue>
            <ns2:generalComment xml:lang="en">Microgram</ns2:generalComment>
        </ns2:unit>
        <ns2:unit xmlns:olca="http://openlca.org/ilcd-extensions" dataSetInternalID="19" olca:unitId="d022bf34-1162-4579-90ab-dcca9620ce54">
            <ns2:name>Mg</ns2:name>
            <ns2:meanValue>1000.0</ns2:meanValue>
            <ns2:generalComment xml:lang="en">Megagram = 1 metric tonne</ns2:generalComment>
        </ns2:unit>
        <ns2:unit xmlns:olca="http://openlca.org/ilcd-extensions" dataSetInternalID="20" olca:unitId="d4922696-9c95-4b5d-a876-425e98276978">
            <ns2:name>sh tn</ns2:name>
            <ns2:meanValue>907.18</ns2:meanValue>
            <ns2:generalComment xml:lang="en">Short ton</ns2:generalComment>
        </ns2:unit>
        <ns2:unit xmlns:olca="http://openlca.org/ilcd-extensions" dataSetInternalID="21" olca:unitId="e1317ffc-7f83-4a85-bc65-4fb229a25cf8">
            <ns2:name>g</ns2:name>
            <ns2:meanValue>0.001</ns2:meanValue>
            <ns2:generalComment xml:lang="en">Gram</ns2:generalComment>
        </ns2:unit>
        <ns2:unit xmlns:olca="http://openlca.org/ilcd-extensions" dataSetInternalID="22" olca:unitId="e5ccc940-eb40-41f9-847e-5ee691ba8c2f">
            <ns2:name>long tn</ns2:name>
            <ns2:meanValue>1016.04</ns2:meanValue>
            <ns2:generalComment xml:lang="en">Long ton</ns2:generalComment>
        </ns2:unit>
        <ns2:unit xmlns:olca="http://openlca.org/ilcd-extensions" dataSetInternalID="23" olca:unitId="e720c842-19f5-4a38-8573-78dd13719f5b">
            <ns2:name>kt</ns2:name>
            <ns2:meanValue>1000000.0</ns2:meanValue>
            <ns2:generalComment xml:lang="en">Kilotonne</ns2:generalComment>
        </ns2:unit>
        <ns2:unit xmlns:olca="http://openlca.org/ilcd-extensions" dataSetInternalID="24" olca:unitId="fa44e424-f37b-419d-8475-723429d63c08">
            <ns2:name>oz av</ns2:name>
            <ns2:meanValue>0.02</ns2:meanValue>
            <ns2:generalComment xml:lang="en">Ounce (avoirdupois); commonly used, but NOT for gold, platinum etc. (see Ounce (troy))</ns2:generalComment>
        </ns2:unit>
    </ns2:units>
</ns2:unitGroupDataSet>
