<?xml version="1.0" encoding="UTF-8" standalone="yes"?>
<ns2:unitGroupDataSet xmlns="http://lca.jrc.it/ILCD/Common" xmlns:ns2="http://lca.jrc.it/ILCD/UnitGroup" xmlns:ns3="http://lca.jrc.it/ILCD/Flow" xmlns:ns4="http://lca.jrc.it/ILCD/Contact" xmlns:ns5="http://lca.jrc.it/ILCD/FlowProperty" xmlns:ns6="http://lca.jrc.it/ILCD/Process" xmlns:ns7="http://lca.jrc.it/ILCD/Source" xmlns:ns8="http://lca.jrc.it/ILCD/Wrapper" version="1.1">
    <ns2:unitGroupInformation>
        <ns2:dataSetInformation>
            <UUID>93a60a57-a3c8-16da-a746-0800200c9a66</UUID>
            <name xml:lang="en">Units of radioactivity</name>
            <ns2:classificationInformation>
                <classification>
                    <class level="0" classId="e38f841d-bc83-49a3-ab86-2783de8cebfb">Technical unit groups</class>
                </classification>
            </ns2:classificationInformation>
        </ns2:dataSetInformation>
        <ns2:quantitativeReference>
            <ns2:referenceToReferenceUnit>0</ns2:referenceToReferenceUnit>
        </ns2:quantitativeReference>
    </ns2:unitGroupInformation>
    <ns2:administrativeInformation>
        <ns2:dataEntryBy>
            <referenceToDataSetFormat type="source data set" refObjectId="a97a0155-0234-4b87-b4ce-a45da52f2a40" version="01.01.000" uri="../sources/a97a0155-0234-4b87-b4ce-a45da52f2a40_01.01.000.xml">
                <shortDescription xml:lang="en">ILCD format</shortDescription>
            </referenceToDataSetFormat>
        </ns2:dataEntryBy>
        <ns2:publicationAndOwnership>
            <dataSetVersion>00.00.000</dataSetVersion>
            <permanentDataSetURI>http://openlca.org/ilcd/resource/unitgroups/93a60a57-a3c8-16da-a746-0800200c9a66</permanentDataSetURI>
        </ns2:publicationAndOwnership>
    </ns2:administrativeInformation>
    <ns2:units>
        <ns2:unit xmlns:olca="http://openlca.org/ilcd-extensions" dataSetInternalID="1" olca:unitId="a45722ee-fc30-4bb1-aa95-5c8fb56c6bfb">
            <ns2:name>Rutherford</ns2:name>
            <ns2:meanValue>1000.0</ns2:meanValue>
            <ns2:generalComment xml:lang="en">Rutherford</ns2:generalComment>
        </ns2:unit>
        <ns2:unit xmlns:olca="http://openlca.org/ilcd-extensions" dataSetInternalID="2" olca:unitId="a9736781-d59e-43dc-8584-147b50595c1c">
            <ns2:name>µBq</ns2:name>
            <ns2:meanValue>1.0E-9</ns2:meanValue>
            <ns2:generalComment xml:lang="en">microBequerel</ns2:generalComment>
        </ns2:unit>
        <ns2:unit xmlns:olca="http://openlca.org/ilcd-extensions" dataSetInternalID="3" olca:unitId="ac324d87-9961-463a-81a1-099bb0f7d89b">
            <ns2:name>Bq</ns2:name>
            <ns2:meanValue>0.001</ns2:meanValue>
            <ns2:generalComment xml:lang="en">Bequerel, 1 event per second</ns2:generalComment>
        </ns2:unit>
        <ns2:unit xmlns:olca="http://openlca.org/ilcd-extensions" dataSetInternalID="4" olca:unitId="df1ceca8-2d2a-46fa-91c1-24e5dd0f248f">
            <ns2:name>nBq</ns2:name>
            <ns2:meanValue>1.0E-12</ns2:meanValue>
            <ns2:generalComment xml:lang="en">nanoBequerel</ns2:generalComment>
        </ns2:unit>
        <ns2:unit xmlns:olca="http://openlca.org/ilcd-extensions" dataSetInternalID="5" olca:unitId="e2987dad-3b7e-451e-82df-fe91756e752a">
            <ns2:name>mBq</ns2:name>
            <ns2:meanValue>1.0E-6</ns2:meanValue>
            <ns2:generalComment xml:lang="en">miliBequerel</ns2:generalComment>
        </ns2:unit>
        <ns2:unit xmlns:olca="http://openlca.org/ilcd-extensions" dataSetInternalID="0" olca:unitId="e9773595-284e-46dd-9671-5fc9ff406833">
            <ns2:name>kBq</ns2:name>
            <ns2:meanValue>1.0</ns2:meanValue>
            <ns2:generalComment xml:lang="en">Kilo-Bequerel, 1000 events per second</ns2:generalComment>
        </ns2:unit>
        <ns2:unit xmlns:olca="http://openlca.org/ilcd-extensions" dataSetInternalID="6" olca:unitId="ef6d9358-a156-4c73-b678-320ddee7d2eb">
            <ns2:name>Ci</ns2:name>
            <ns2:meanValue>3.7E7</ns2:meanValue>
            <ns2:generalComment xml:lang="en">Curie</ns2:generalComment>
        </ns2:unit>
    </ns2:units>
</ns2:unitGroupDataSet>
