{"@context":"http://greendelta.github.io/olca-schema/context.jsonld","@type":"Source","@id":"2fb7e48c-7361-4fc4-bf08-177437fa5a15","name":"Sarang Supekar","description":"See File for Figure 1. Sources and end-use markets of merchant market CO2 in the United States. CO2 source colors on the map correspond to CO2 source colors on the CO2 supply pie chart.","version":"00.00.001","lastChange":"2018-04-11T18:00:50.442-06:00","url":"https://github.com/FreelyShaltThouPartake","externalFile":"Supekar \u0026 Skerlos 2014 Merchant CO2 Supply-Demand Map from ES\u0026T Article.png","textReference":"Sarang \u0026 Skerlos 2014 ES\u0026T Market-Driven Emissions from Recovery of Carbon Dioxide Gas","year":2014}