<?xml version="1.0" encoding="UTF-8" standalone="yes"?>
<ns2:sourceDataSet xmlns="http://lca.jrc.it/ILCD/Common" xmlns:ns2="http://lca.jrc.it/ILCD/Source" xmlns:ns3="http://lca.jrc.it/ILCD/Flow" xmlns:ns4="http://lca.jrc.it/ILCD/Contact" xmlns:ns5="http://lca.jrc.it/ILCD/FlowProperty" xmlns:ns6="http://lca.jrc.it/ILCD/Process" xmlns:ns7="http://lca.jrc.it/ILCD/UnitGroup" xmlns:ns8="http://lca.jrc.it/ILCD/Wrapper" version="1.1">
    <ns2:sourceInformation>
        <ns2:dataSetInformation>
            <UUID>386922de-0949-4e86-a31a-23a076fba0e3</UUID>
            <shortName xml:lang="en">Reade Advanced Materials. 2006. Weight Per Cubic Foot And Specific Gravity</shortName>
            <ns2:classificationInformation>
                <classification>
                    <class level="0" classId="6719ab70-748c-4c64-9575-6577db6272e0">NETL Coal Sources</class>
                    <class level="1" classId="369f3ffb-73be-46f4-a218-698e93e1c3c1">Other sources</class>
                </classification>
            </ns2:classificationInformation>
            <ns2:sourceCitation>Reade Advanced Materials 2006</ns2:sourceCitation>
            <ns2:sourceDescriptionOrComment xml:lang="en">DESCRIPTION&#xD;
Weight per cubic foot obtained for Cement, Portland (94 lb/ft^3) from table "Specific Gravity &amp; Weight Per Cubic Foot".&#xD;
&#xD;
FULL CITATION&#xD;
Reade Advanced Materials. 2006. Weight Per Cubic Foot And Specific Gravity. Reade Advanced Materials. http://www.reade.com/Particle_Briefings/spec_gra2.html (Accessed December 14, 2009).</ns2:sourceDescriptionOrComment>
        </ns2:dataSetInformation>
    </ns2:sourceInformation>
    <ns2:administrativeInformation>
        <ns2:dataEntryBy>
            <referenceToDataSetFormat type="source data set" refObjectId="a97a0155-0234-4b87-b4ce-a45da52f2a40" version="01.01.000" uri="../sources/a97a0155-0234-4b87-b4ce-a45da52f2a40_01.01.000.xml">
                <shortDescription xml:lang="en">ILCD format</shortDescription>
            </referenceToDataSetFormat>
        </ns2:dataEntryBy>
        <ns2:publicationAndOwnership>
            <dataSetVersion>00.00.000</dataSetVersion>
            <permanentDataSetURI>http://openlca.org/ilcd/resource/sources/386922de-0949-4e86-a31a-23a076fba0e3</permanentDataSetURI>
        </ns2:publicationAndOwnership>
    </ns2:administrativeInformation>
</ns2:sourceDataSet>
