<?xml version="1.0" encoding="UTF-8" standalone="yes"?>
<ns2:sourceDataSet xmlns="http://lca.jrc.it/ILCD/Common" xmlns:ns2="http://lca.jrc.it/ILCD/Source" xmlns:ns3="http://lca.jrc.it/ILCD/Flow" xmlns:ns4="http://lca.jrc.it/ILCD/Contact" xmlns:ns5="http://lca.jrc.it/ILCD/FlowProperty" xmlns:ns6="http://lca.jrc.it/ILCD/Process" xmlns:ns7="http://lca.jrc.it/ILCD/UnitGroup" xmlns:ns8="http://lca.jrc.it/ILCD/Wrapper" version="1.1">
    <ns2:sourceInformation>
        <ns2:dataSetInformation>
            <UUID>461e7d9f-93d0-3b50-ac64-987cc78f6a4c</UUID>
            <shortName xml:lang="en">U.S. Environmental Protection Agency (EPA). 1999. Nitrogen Oxides (NOx), Why and How They Are Controlled</shortName>
            <ns2:classificationInformation>
                <classification>
                    <class level="0" classId="6719ab70-748c-4c64-9575-6577db6272e0">NETL Coal Sources</class>
                    <class level="1" classId="369f3ffb-73be-46f4-a218-698e93e1c3c1">Other sources</class>
                </classification>
            </ns2:classificationInformation>
            <ns2:sourceCitation>U.S. Environmental Protection Agency Clean Air Technology Center (1999). Nitrogen Oxides (NOx), Why and How They Are Controlled. EPA. http://www.google.com/url?sa=t&amp;rct=j&amp;q=&amp;esrc=s&amp;source=web&amp;cd=1&amp;ved=0CB4QFjAA&amp;url=http%3A%2F%2Fwww.epa.gov%2Fttncatc1%2Fdir1%2Ffnoxdoc.pdf&amp;ei=PsiZVPiUB4mVyQSOyYCgAw&amp;usg=AFQjCNGu6k86L7ZWQLyNOjAkEdt__uHFqg&amp;bvm=bv.82001339,d.aWw 1999</ns2:sourceCitation>
            <ns2:sourceDescriptionOrComment xml:lang="en">Nitrogen Oxides (NOx), Why and How They Are Controlled</ns2:sourceDescriptionOrComment>
        </ns2:dataSetInformation>
    </ns2:sourceInformation>
    <ns2:administrativeInformation>
        <ns2:dataEntryBy>
            <referenceToDataSetFormat type="source data set" refObjectId="a97a0155-0234-4b87-b4ce-a45da52f2a40" version="01.01.000" uri="../sources/a97a0155-0234-4b87-b4ce-a45da52f2a40_01.01.000.xml">
                <shortDescription xml:lang="en">ILCD format</shortDescription>
            </referenceToDataSetFormat>
        </ns2:dataEntryBy>
        <ns2:publicationAndOwnership>
            <dataSetVersion>00.00.000</dataSetVersion>
            <permanentDataSetURI>http://openlca.org/ilcd/resource/sources/461e7d9f-93d0-3b50-ac64-987cc78f6a4c</permanentDataSetURI>
        </ns2:publicationAndOwnership>
    </ns2:administrativeInformation>
</ns2:sourceDataSet>
