<?xml version="1.0" encoding="UTF-8" standalone="yes"?>
<ns2:sourceDataSet xmlns="http://lca.jrc.it/ILCD/Common" xmlns:ns2="http://lca.jrc.it/ILCD/Source" xmlns:ns3="http://lca.jrc.it/ILCD/Flow" xmlns:ns4="http://lca.jrc.it/ILCD/Contact" xmlns:ns5="http://lca.jrc.it/ILCD/FlowProperty" xmlns:ns6="http://lca.jrc.it/ILCD/Process" xmlns:ns7="http://lca.jrc.it/ILCD/UnitGroup" xmlns:ns8="http://lca.jrc.it/ILCD/Wrapper" version="1.1">
    <ns2:sourceInformation>
        <ns2:dataSetInformation>
            <UUID>6c12f58d-0bb6-3304-88b3-be151844c78a</UUID>
            <shortName xml:lang="en">U.S. Environmental Protection Agency (EPA). 2009. Regulatory Impact Analysis: Control of Emissions of Air Pollution from Category 3 Marine Diesel Engines</shortName>
            <ns2:classificationInformation>
                <classification>
                    <class level="0" classId="6719ab70-748c-4c64-9575-6577db6272e0">NETL Coal Sources</class>
                    <class level="1" classId="369f3ffb-73be-46f4-a218-698e93e1c3c1">Other sources</class>
                </classification>
            </ns2:classificationInformation>
            <ns2:sourceCitation>U.S. Environmental Protection Agency  Assessment and Standards Division&#xD;
Office of Transportation and Air Quality &#xD;
(2009). Regulatory Impact Analysis:&#xD;
Control of Emissions of Air Pollution from Category 3 Marine Diesel Engines &lt;http://www.google.com/url?sa=t&amp;rct=j&amp;q=&amp;esrc=s&amp;source=web&amp;cd=1&amp;ved=0CCAQFjAA&amp;url=http%3A%2F%2Fwww.epa.gov%2Fnonroad%2Fmarine%2Fci%2F420r09019.pdf&amp;ei=WiS0VMC8KMvroASP74HADQ&amp;usg=AFQjCNEDmeAkLWsrnegZD0ZHxlD98IIc_g&amp;sig2=TovxSmuOaMT2fJkwPTS-sA&amp;bvm=bv.83339334,d.cGU&gt; 2009</ns2:sourceCitation>
            <ns2:sourceDescriptionOrComment xml:lang="en">Regulatory Impact Analysis: Control of Emissions of Air Pollution from Category 3 Marine Diesel Engines</ns2:sourceDescriptionOrComment>
        </ns2:dataSetInformation>
    </ns2:sourceInformation>
    <ns2:administrativeInformation>
        <ns2:dataEntryBy>
            <referenceToDataSetFormat type="source data set" refObjectId="a97a0155-0234-4b87-b4ce-a45da52f2a40" version="01.01.000" uri="../sources/a97a0155-0234-4b87-b4ce-a45da52f2a40_01.01.000.xml">
                <shortDescription xml:lang="en">ILCD format</shortDescription>
            </referenceToDataSetFormat>
        </ns2:dataEntryBy>
        <ns2:publicationAndOwnership>
            <dataSetVersion>00.00.000</dataSetVersion>
            <permanentDataSetURI>http://openlca.org/ilcd/resource/sources/6c12f58d-0bb6-3304-88b3-be151844c78a</permanentDataSetURI>
        </ns2:publicationAndOwnership>
    </ns2:administrativeInformation>
</ns2:sourceDataSet>
