<?xml version="1.0" encoding="UTF-8" standalone="yes"?>
<ns2:sourceDataSet xmlns="http://lca.jrc.it/ILCD/Common" xmlns:ns2="http://lca.jrc.it/ILCD/Source" xmlns:ns3="http://lca.jrc.it/ILCD/Flow" xmlns:ns4="http://lca.jrc.it/ILCD/Contact" xmlns:ns5="http://lca.jrc.it/ILCD/FlowProperty" xmlns:ns6="http://lca.jrc.it/ILCD/Process" xmlns:ns7="http://lca.jrc.it/ILCD/UnitGroup" xmlns:ns8="http://lca.jrc.it/ILCD/Wrapper" version="1.1">
    <ns2:sourceInformation>
        <ns2:dataSetInformation>
            <UUID>7fa90fcd-d619-4f08-a8f2-5cc027b93c0e</UUID>
            <shortName xml:lang="en">U.S. Bureau of Land Management (BLM). 2009a. Red Cliff Mine Draft Environmental Impact Statement, Appendix H: Air Quality Analysis Modeling Report</shortName>
            <ns2:classificationInformation>
                <classification>
                    <class level="0" classId="6719ab70-748c-4c64-9575-6577db6272e0">NETL Coal Sources</class>
                    <class level="1" classId="369f3ffb-73be-46f4-a218-698e93e1c3c1">Other sources</class>
                </classification>
            </ns2:classificationInformation>
            <ns2:sourceCitation>BLM 2009</ns2:sourceCitation>
            <ns2:sourceDescriptionOrComment xml:lang="en">DESCRIPTION&#xD;
Production rate and lifetime of mine on PDF page 8, highlighted text. Expected period of time for mine commissioning, PDF page 43. Fuel consumption and emissions data, PDF page 47.&#xD;
&#xD;
FULL CITATION&#xD;
U.S. Bureau of Land Management. 2009. Red Cliff Mine Draft Environmental Impact Statement, Appendix H: Air Quality Analysis Modeling Report. U.S. Department of the Interior. http://www.blm.gov/pgdata/etc/medialib/blm/co/programs/land_use_planning/rmp/red_cliff_mine/documents/draft_eis/volume_ii.Par.22224.File.dat/Appendix_H_Air_Quality_Analysis_Modeling_Report.pdf (Accessed December 11, 2009).</ns2:sourceDescriptionOrComment>
        </ns2:dataSetInformation>
    </ns2:sourceInformation>
    <ns2:administrativeInformation>
        <ns2:dataEntryBy>
            <referenceToDataSetFormat type="source data set" refObjectId="a97a0155-0234-4b87-b4ce-a45da52f2a40" version="01.01.000" uri="../sources/a97a0155-0234-4b87-b4ce-a45da52f2a40_01.01.000.xml">
                <shortDescription xml:lang="en">ILCD format</shortDescription>
            </referenceToDataSetFormat>
        </ns2:dataEntryBy>
        <ns2:publicationAndOwnership>
            <dataSetVersion>00.00.000</dataSetVersion>
            <permanentDataSetURI>http://openlca.org/ilcd/resource/sources/7fa90fcd-d619-4f08-a8f2-5cc027b93c0e</permanentDataSetURI>
        </ns2:publicationAndOwnership>
    </ns2:administrativeInformation>
</ns2:sourceDataSet>
