<?xml version="1.0" encoding="UTF-8" standalone="yes"?>
<ns2:sourceDataSet xmlns="http://lca.jrc.it/ILCD/Common" xmlns:ns2="http://lca.jrc.it/ILCD/Source" xmlns:ns3="http://lca.jrc.it/ILCD/Flow" xmlns:ns4="http://lca.jrc.it/ILCD/Contact" xmlns:ns5="http://lca.jrc.it/ILCD/FlowProperty" xmlns:ns6="http://lca.jrc.it/ILCD/Process" xmlns:ns7="http://lca.jrc.it/ILCD/UnitGroup" xmlns:ns8="http://lca.jrc.it/ILCD/Wrapper" version="1.1">
    <ns2:sourceInformation>
        <ns2:dataSetInformation>
            <UUID>8ba86ccc-0647-31ef-8fd0-7d8f82c09c4e</UUID>
            <shortName xml:lang="en">National Renewable Energy Laboratory (NREL). 2011. Transport, passenger truck, gasoline powered.</shortName>
            <ns2:classificationInformation>
                <classification>
                    <class level="0" classId="6719ab70-748c-4c64-9575-6577db6272e0">NETL Coal Sources</class>
                    <class level="1" classId="369f3ffb-73be-46f4-a218-698e93e1c3c1">Other sources</class>
                </classification>
            </ns2:classificationInformation>
            <ns2:sourceCitation>National Renewable Energy Laboratory (NREL). 2011. Transport, passenger truck, gasoline powered. NREL. 2011</ns2:sourceCitation>
            <ns2:sourceDescriptionOrComment xml:lang="en">Transport, passenger truck, gasoline powered&#xD;
https://www.lcacommons.gov/nrel/process/show/55625?qlookup=&amp;max=35&amp;hfacet=%22Transit+and+Ground+Passenger+Trans.%2FOther+Transit+and+Ground+Passenger+Tran%22&amp;hfacetCat=&amp;loc=&amp;year=&amp;dtype=&amp;crop=&amp;index=7&amp;numfound=7&amp;offset=</ns2:sourceDescriptionOrComment>
        </ns2:dataSetInformation>
    </ns2:sourceInformation>
    <ns2:administrativeInformation>
        <ns2:dataEntryBy>
            <referenceToDataSetFormat type="source data set" refObjectId="a97a0155-0234-4b87-b4ce-a45da52f2a40" version="01.01.000" uri="../sources/a97a0155-0234-4b87-b4ce-a45da52f2a40_01.01.000.xml">
                <shortDescription xml:lang="en">ILCD format</shortDescription>
            </referenceToDataSetFormat>
        </ns2:dataEntryBy>
        <ns2:publicationAndOwnership>
            <dataSetVersion>00.00.000</dataSetVersion>
            <permanentDataSetURI>http://openlca.org/ilcd/resource/sources/8ba86ccc-0647-31ef-8fd0-7d8f82c09c4e</permanentDataSetURI>
        </ns2:publicationAndOwnership>
    </ns2:administrativeInformation>
</ns2:sourceDataSet>
