<?xml version="1.0" encoding="UTF-8" standalone="yes"?>
<ns2:sourceDataSet xmlns="http://lca.jrc.it/ILCD/Common" xmlns:ns2="http://lca.jrc.it/ILCD/Source" xmlns:ns3="http://lca.jrc.it/ILCD/Flow" xmlns:ns4="http://lca.jrc.it/ILCD/Contact" xmlns:ns5="http://lca.jrc.it/ILCD/FlowProperty" xmlns:ns6="http://lca.jrc.it/ILCD/Process" xmlns:ns7="http://lca.jrc.it/ILCD/UnitGroup" xmlns:ns8="http://lca.jrc.it/ILCD/Wrapper" version="1.1">
    <ns2:sourceInformation>
        <ns2:dataSetInformation>
            <UUID>8f12b23a-529c-41e0-8383-016c71dde7cd</UUID>
            <shortName xml:lang="en">P&amp;H Mining Equipment. 2009. P&amp;H 250XP-DL Dragline Application Drill, Rotary Blasthole Drill: Operating Specifications.</shortName>
            <ns2:classificationInformation>
                <classification>
                    <class level="0" classId="6719ab70-748c-4c64-9575-6577db6272e0">NETL Coal Sources</class>
                    <class level="1" classId="369f3ffb-73be-46f4-a218-698e93e1c3c1">Other sources</class>
                </classification>
            </ns2:classificationInformation>
            <ns2:sourceCitation>P&amp;H Mining Equipment 2009</ns2:sourceCitation>
            <ns2:sourceDescriptionOrComment xml:lang="en">FULL CITATION&#xD;
P&amp;H Mining Equipment. 2009. P&amp;H 250XP-DL Dragline Application Drill, Rotary Blasthole Drill: Operating Specifications. P&amp;H Mining Equipment. http://www.phmining.com/MinePro/Literature/Spec/250XP-DL.pdf (Accessed December 18, 2009).&#xD;
&#xD;
DESCRIPTION&#xD;
Specifications for weights and components of a rotary drill for blasthole drilling at a dragline application.</ns2:sourceDescriptionOrComment>
        </ns2:dataSetInformation>
    </ns2:sourceInformation>
    <ns2:administrativeInformation>
        <ns2:dataEntryBy>
            <referenceToDataSetFormat type="source data set" refObjectId="a97a0155-0234-4b87-b4ce-a45da52f2a40" version="01.01.000" uri="../sources/a97a0155-0234-4b87-b4ce-a45da52f2a40_01.01.000.xml">
                <shortDescription xml:lang="en">ILCD format</shortDescription>
            </referenceToDataSetFormat>
        </ns2:dataEntryBy>
        <ns2:publicationAndOwnership>
            <dataSetVersion>00.00.000</dataSetVersion>
            <permanentDataSetURI>http://openlca.org/ilcd/resource/sources/8f12b23a-529c-41e0-8383-016c71dde7cd</permanentDataSetURI>
        </ns2:publicationAndOwnership>
    </ns2:administrativeInformation>
</ns2:sourceDataSet>
