<?xml version="1.0" encoding="UTF-8" standalone="yes"?>
<ns2:sourceDataSet xmlns="http://lca.jrc.it/ILCD/Common" xmlns:ns2="http://lca.jrc.it/ILCD/Source" xmlns:ns3="http://lca.jrc.it/ILCD/Flow" xmlns:ns4="http://lca.jrc.it/ILCD/Contact" xmlns:ns5="http://lca.jrc.it/ILCD/FlowProperty" xmlns:ns6="http://lca.jrc.it/ILCD/Process" xmlns:ns7="http://lca.jrc.it/ILCD/UnitGroup" xmlns:ns8="http://lca.jrc.it/ILCD/Wrapper" version="1.1">
    <ns2:sourceInformation>
        <ns2:dataSetInformation>
            <UUID>a8fb025c-8388-382c-b6a9-799a6fba867b</UUID>
            <shortName xml:lang="en">USDA NASS </shortName>
            <ns2:classificationInformation>
                <classification/>
            </ns2:classificationInformation>
            <ns2:sourceCitation>National Agricultural Statistics Service Quick Stats, Corn for grain 2007</ns2:sourceCitation>
        </ns2:dataSetInformation>
    </ns2:sourceInformation>
    <ns2:administrativeInformation>
        <ns2:dataEntryBy>
            <referenceToDataSetFormat type="source data set" refObjectId="a97a0155-0234-4b87-b4ce-a45da52f2a40" version="01.01.000" uri="../sources/a97a0155-0234-4b87-b4ce-a45da52f2a40_01.01.000.xml">
                <shortDescription xml:lang="en">ILCD format</shortDescription>
            </referenceToDataSetFormat>
        </ns2:dataEntryBy>
        <ns2:publicationAndOwnership>
            <dataSetVersion>00.00.000</dataSetVersion>
            <permanentDataSetURI>http://openlca.org/ilcd/resource/sources/a8fb025c-8388-382c-b6a9-799a6fba867b</permanentDataSetURI>
        </ns2:publicationAndOwnership>
    </ns2:administrativeInformation>
</ns2:sourceDataSet>
