<?xml version="1.0" encoding="UTF-8" standalone="yes"?>
<ns2:sourceDataSet xmlns="http://lca.jrc.it/ILCD/Common" xmlns:ns2="http://lca.jrc.it/ILCD/Source" xmlns:ns3="http://lca.jrc.it/ILCD/Flow" xmlns:ns4="http://lca.jrc.it/ILCD/Contact" xmlns:ns5="http://lca.jrc.it/ILCD/FlowProperty" xmlns:ns6="http://lca.jrc.it/ILCD/Process" xmlns:ns7="http://lca.jrc.it/ILCD/UnitGroup" xmlns:ns8="http://lca.jrc.it/ILCD/Wrapper" version="1.1">
    <ns2:sourceInformation>
        <ns2:dataSetInformation>
            <UUID>abc8a6b4-80cb-423f-82b5-fd43bc0f3f92</UUID>
            <shortName xml:lang="en">Society for Mining, Metallurgy, and Exploration, Inc. (SMME). 1992. SME Mining Engineering Handbook</shortName>
            <ns2:classificationInformation>
                <classification>
                    <class level="0" classId="6719ab70-748c-4c64-9575-6577db6272e0">NETL Coal Sources</class>
                    <class level="1" classId="369f3ffb-73be-46f4-a218-698e93e1c3c1">Other sources</class>
                </classification>
            </ns2:classificationInformation>
            <ns2:sourceCitation>SMME 1992</ns2:sourceCitation>
            <ns2:sourceDescriptionOrComment xml:lang="en">DESCRIPTION&#xD;
Section 14.3.3.4 (Unit Operations) on pg 1417 lists three rotary drills used for cast blasting&#xD;
&#xD;
FULL CITATION&#xD;
Society for Mining, Metallurgy, and Exploration, Inc. 1992. SME Mining Engineering Handbook, 2nd Edition, Volume 2. Hartman, R.L. Society for Mining, Metallurgy, and Exploration, Inc. http://books.google.com/books?id=DsSmPKEOWDcC&amp;pg=PA1417&amp;lpg=PA1417&amp;dq=number+of+drills+cast+blasting&amp;source=bl&amp;ots=2Nx2t1dJKk&amp;sig=fbJjLoiHnjrLR0rnag-RZMdQrXA&amp;hl=en&amp;ei=xwrvSt_zI5SolAffrpGABQ&amp;sa=X&amp;oi=book_result&amp;ct=result&amp;resnum=2&amp;ved=0CBIQ6AEwAQ#v=onepage&amp;q=number%20of%20drills%20cast%20blasting&amp;f=false (Accessed December 18, 2009).</ns2:sourceDescriptionOrComment>
        </ns2:dataSetInformation>
    </ns2:sourceInformation>
    <ns2:administrativeInformation>
        <ns2:dataEntryBy>
            <referenceToDataSetFormat type="source data set" refObjectId="a97a0155-0234-4b87-b4ce-a45da52f2a40" version="01.01.000" uri="../sources/a97a0155-0234-4b87-b4ce-a45da52f2a40_01.01.000.xml">
                <shortDescription xml:lang="en">ILCD format</shortDescription>
            </referenceToDataSetFormat>
        </ns2:dataEntryBy>
        <ns2:publicationAndOwnership>
            <dataSetVersion>00.00.000</dataSetVersion>
            <permanentDataSetURI>http://openlca.org/ilcd/resource/sources/abc8a6b4-80cb-423f-82b5-fd43bc0f3f92</permanentDataSetURI>
        </ns2:publicationAndOwnership>
    </ns2:administrativeInformation>
</ns2:sourceDataSet>
