<?xml version="1.0" encoding="UTF-8" standalone="yes"?>
<ns2:sourceDataSet xmlns="http://lca.jrc.it/ILCD/Common" xmlns:ns2="http://lca.jrc.it/ILCD/Source" xmlns:ns3="http://lca.jrc.it/ILCD/Flow" xmlns:ns4="http://lca.jrc.it/ILCD/Contact" xmlns:ns5="http://lca.jrc.it/ILCD/FlowProperty" xmlns:ns6="http://lca.jrc.it/ILCD/Process" xmlns:ns7="http://lca.jrc.it/ILCD/UnitGroup" xmlns:ns8="http://lca.jrc.it/ILCD/Wrapper" version="1.1">
    <ns2:sourceInformation>
        <ns2:dataSetInformation>
            <UUID>bb2c3485-c12c-3da8-8bbf-0fda9d40dd75</UUID>
            <shortName xml:lang="en">U.S. Environmental Protection Agency (EPA). 2012. Report to Congress on Black Carbon</shortName>
            <ns2:classificationInformation>
                <classification>
                    <class level="0" classId="6719ab70-748c-4c64-9575-6577db6272e0">NETL Coal Sources</class>
                    <class level="1" classId="369f3ffb-73be-46f4-a218-698e93e1c3c1">Other sources</class>
                </classification>
            </ns2:classificationInformation>
            <ns2:sourceCitation>U.S. Environmental Protection Agency (2012). Report to Congress on Black Carbon. EPA. Washington, DC. http://www.epa.gov/blackcarbon/2012report/Chapter4.pdf. Last Accessed: March 25, 2014 2012</ns2:sourceCitation>
            <ns2:sourceDescriptionOrComment xml:lang="en">Report to Congress on Black Carbon</ns2:sourceDescriptionOrComment>
        </ns2:dataSetInformation>
    </ns2:sourceInformation>
    <ns2:administrativeInformation>
        <ns2:dataEntryBy>
            <referenceToDataSetFormat type="source data set" refObjectId="a97a0155-0234-4b87-b4ce-a45da52f2a40" version="01.01.000" uri="../sources/a97a0155-0234-4b87-b4ce-a45da52f2a40_01.01.000.xml">
                <shortDescription xml:lang="en">ILCD format</shortDescription>
            </referenceToDataSetFormat>
        </ns2:dataEntryBy>
        <ns2:publicationAndOwnership>
            <dataSetVersion>00.00.000</dataSetVersion>
            <permanentDataSetURI>http://openlca.org/ilcd/resource/sources/bb2c3485-c12c-3da8-8bbf-0fda9d40dd75</permanentDataSetURI>
        </ns2:publicationAndOwnership>
    </ns2:administrativeInformation>
</ns2:sourceDataSet>
