<?xml version="1.0" encoding="UTF-8" standalone="yes"?>
<ns2:sourceDataSet xmlns="http://lca.jrc.it/ILCD/Common" xmlns:ns2="http://lca.jrc.it/ILCD/Source" xmlns:ns3="http://lca.jrc.it/ILCD/Flow" xmlns:ns4="http://lca.jrc.it/ILCD/Contact" xmlns:ns5="http://lca.jrc.it/ILCD/FlowProperty" xmlns:ns6="http://lca.jrc.it/ILCD/Process" xmlns:ns7="http://lca.jrc.it/ILCD/UnitGroup" xmlns:ns8="http://lca.jrc.it/ILCD/Wrapper" version="1.1">
    <ns2:sourceInformation>
        <ns2:dataSetInformation>
            <UUID>d3cce361-9caa-4667-995a-ae072dfc2624</UUID>
            <shortName xml:lang="en">National Energy Technology Laboratory (NETL). 2013. Coal shuttle car; Manufacture; For underground mine, at plant; 28.6 metric tonnes</shortName>
            <ns2:classificationInformation>
                <classification>
                    <class level="0" classId="6719ab70-748c-4c64-9575-6577db6272e0">NETL Coal Sources</class>
                    <class level="1" classId="c5d2934e-498e-4213-b7dd-99f839d41f1a">NETL Sources</class>
                </classification>
            </ns2:classificationInformation>
            <ns2:sourceCitation>NETL 2013</ns2:sourceCitation>
            <ns2:sourceDescriptionOrComment xml:lang="en">DESCRIPTION&#xD;
This unit process considers the amount of steel used in the construction of one shuttle car to be used to haul coal from the working mine face to the conveyor belt.									&#xD;
&#xD;
CITATION AND ASSOCIATED DOCUMENTATION&#xD;
This document should be cited as: &#xD;
National Energy Technology Laboratory (NETL). 2013. NETL Life Cycle Inventory Data – Source: Coal shuttle car; Manufacture; At point-of-sale. U.S. Department of Energy, National Energy Technology Laboratory. Last Updated: September 2008 (version 01). Retrieved on [DATE] from [URL for this dataset].&#xD;
&#xD;
This dataset is part of the NETL Unit Process Library.  The Library offers additional information concerning this dataset in the form of a Detailed Spreadsheet  Documentation (DS) file and a Process Documentation File (DF).  The DS file  is an Excel file that contains all of the parameters, inputs, and outputs for a given system as well as background data, calculations and quality scores.  The DF file is a PDF document that contains major assumptions and data sources that are the basis for each unit process.  The NETL Unit Process Library is located on the NETL website (netl.doe.gov) under Research / Energy Analysis / Energy Trends and Issues / Life Cycle Analysis / Unit Process Library.&#xD;
&#xD;
Full citations for the DS and DF are given below.&#xD;
&#xD;
DS File&#xD;
National Energy Technology Laboratory (NETL). 2013. NETL Life Cycle Inventory Data – Unit Process: Coal shuttle car; Manufacture; At point-of-sale. U.S. Department of Energy, National Energy Technology Laboratory. Last Updated: September 2008 (version 01). Retreived on 06/30/2014 through personal correspondence with NETL.&#xD;
&#xD;
DF File&#xD;
National Energy Technology Laboratory (NETL). 2013. NETL Life Cycle Inventory Data – Unit Process: Coal shuttle car; Manufacture; At point-of-sale. U.S. Department of Energy, National Energy Technology Laboratory. Last Updated: September 2008 (version 01). Retreived on 06/30/2014 through personal correspondence with NETL.</ns2:sourceDescriptionOrComment>
        </ns2:dataSetInformation>
    </ns2:sourceInformation>
    <ns2:administrativeInformation>
        <ns2:dataEntryBy>
            <referenceToDataSetFormat type="source data set" refObjectId="a97a0155-0234-4b87-b4ce-a45da52f2a40" version="01.01.000" uri="../sources/a97a0155-0234-4b87-b4ce-a45da52f2a40_01.01.000.xml">
                <shortDescription xml:lang="en">ILCD format</shortDescription>
            </referenceToDataSetFormat>
        </ns2:dataEntryBy>
        <ns2:publicationAndOwnership>
            <dataSetVersion>00.00.000</dataSetVersion>
            <permanentDataSetURI>http://openlca.org/ilcd/resource/sources/d3cce361-9caa-4667-995a-ae072dfc2624</permanentDataSetURI>
        </ns2:publicationAndOwnership>
    </ns2:administrativeInformation>
</ns2:sourceDataSet>
