<?xml version="1.0" encoding="UTF-8" standalone="yes"?>
<u:unitGroupDataSet xmlns:m="http://lca.jrc.it/ILCD/LCIAMethod" xmlns:common="http://lca.jrc.it/ILCD/Common" xmlns:s="http://lca.jrc.it/ILCD/Source" xmlns:c="http://lca.jrc.it/ILCD/Contact" xmlns:f="http://lca.jrc.it/ILCD/Flow" xmlns="http://lca.jrc.it/ILCD/Process" xmlns:fp="http://lca.jrc.it/ILCD/FlowProperty" xmlns:u="http://lca.jrc.it/ILCD/UnitGroup" version="1.1">
    <u:unitGroupInformation>
        <u:dataSetInformation>
            <common:UUID>838aaa21-0117-11db-92e3-0800200c9a66</common:UUID>
            <common:name xml:lang="en">Units of mass*length</common:name>
            <u:classificationInformation>
                <common:classification>
                    <common:class level="0" classId="00d44049-4768-313c-b2a5-c2d545f8e0ec">Technical unit groups</common:class>
                </common:classification>
            </u:classificationInformation>
        </u:dataSetInformation>
        <u:quantitativeReference>
            <u:referenceToReferenceUnit>0</u:referenceToReferenceUnit>
        </u:quantitativeReference>
    </u:unitGroupInformation>
    <u:administrativeInformation>
        <u:dataEntryBy>
            <common:referenceToDataSetFormat type="source data set" refObjectId="a97a0155-0234-4b87-b4ce-a45da52f2a40" version="01.01.000" uri="../sources/a97a0155-0234-4b87-b4ce-a45da52f2a40_01.01.000.xml">
                <common:shortDescription xml:lang="en">ILCD format</common:shortDescription>
            </common:referenceToDataSetFormat>
        </u:dataEntryBy>
        <u:publicationAndOwnership>
            <common:dataSetVersion>00.00.000</common:dataSetVersion>
            <common:permanentDataSetURI>http://openlca.org/ilcd/resource/unitgroups/838aaa21-0117-11db-92e3-0800200c9a66</common:permanentDataSetURI>
        </u:publicationAndOwnership>
    </u:administrativeInformation>
    <u:units>
        <u:unit xmlns:olca="http://openlca.org/ilcd-extensions" dataSetInternalID="1" olca:unitId="097768e6-0763-4126-a253-e323cafdf77e">
            <u:name>kt*km</u:name>
            <u:meanValue>1000.0</u:meanValue>
            <u:generalComment xml:lang="en">Kilotonne * kilometre</u:generalComment>
        </u:unit>
        <u:unit xmlns:olca="http://openlca.org/ilcd-extensions" dataSetInternalID="0" olca:unitId="0dea4ed8-bb6b-4049-b2b4-b2c413ef2180">
            <u:name>t*km</u:name>
            <u:meanValue>1.0</u:meanValue>
            <u:generalComment xml:lang="en">Metric tonne-kilometre</u:generalComment>
        </u:unit>
        <u:unit xmlns:olca="http://openlca.org/ilcd-extensions" dataSetInternalID="2" olca:unitId="3cc51ae9-b993-4a3d-964e-0aed8d7f3966">
            <u:name>t*mi</u:name>
            <u:meanValue>1.609344</u:meanValue>
            <u:generalComment xml:lang="en">Metric tonne times international mile</u:generalComment>
        </u:unit>
        <u:unit xmlns:olca="http://openlca.org/ilcd-extensions" dataSetInternalID="3" olca:unitId="5458351a-f6f7-4e0b-a449-823c9b6374db">
            <u:name>lb*mi</u:name>
            <u:meanValue>7.3E-4</u:meanValue>
            <u:generalComment xml:lang="en">British pound (avoirdupois) times international mile</u:generalComment>
        </u:unit>
        <u:unit xmlns:olca="http://openlca.org/ilcd-extensions" dataSetInternalID="4" olca:unitId="7dd57df4-c092-41aa-966e-c93a27797ea1">
            <u:name>t*nmi</u:name>
            <u:meanValue>1.85</u:meanValue>
            <u:generalComment xml:lang="en">Metric tonne times nautical mile</u:generalComment>
        </u:unit>
        <u:unit xmlns:olca="http://openlca.org/ilcd-extensions" dataSetInternalID="5" olca:unitId="a40229e6-7275-42e3-a304-23d590044770">
            <u:name>kg*km</u:name>
            <u:meanValue>0.001</u:meanValue>
            <u:generalComment xml:lang="en">Kilogram-kilometre</u:generalComment>
        </u:unit>
        <u:unit xmlns:olca="http://openlca.org/ilcd-extensions" dataSetInternalID="6" olca:unitId="d24270f0-c1f2-49ec-a6bf-e86a74177070">
            <u:name>lb*nmi</u:name>
            <u:meanValue>8.4E-4</u:meanValue>
            <u:generalComment xml:lang="en">British pound (avoirdupois) times nautical mile</u:generalComment>
        </u:unit>
    </u:units>
</u:unitGroupDataSet>
