<?xml version="1.0" encoding="UTF-8" standalone="yes"?>
<u:unitGroupDataSet xmlns:m="http://lca.jrc.it/ILCD/LCIAMethod" xmlns:common="http://lca.jrc.it/ILCD/Common" xmlns:s="http://lca.jrc.it/ILCD/Source" xmlns:c="http://lca.jrc.it/ILCD/Contact" xmlns:f="http://lca.jrc.it/ILCD/Flow" xmlns="http://lca.jrc.it/ILCD/Process" xmlns:fp="http://lca.jrc.it/ILCD/FlowProperty" xmlns:u="http://lca.jrc.it/ILCD/UnitGroup" version="1.1">
    <u:unitGroupInformation>
        <u:dataSetInformation>
            <common:UUID>93a60a57-a3c8-11da-a746-0800200c9a66</common:UUID>
            <common:name xml:lang="en">Units of energy</common:name>
            <u:classificationInformation>
                <common:classification>
                    <common:class level="0" classId="00d44049-4768-313c-b2a5-c2d545f8e0ec">Technical unit groups</common:class>
                </common:classification>
            </u:classificationInformation>
        </u:dataSetInformation>
        <u:quantitativeReference>
            <u:referenceToReferenceUnit>0</u:referenceToReferenceUnit>
        </u:quantitativeReference>
    </u:unitGroupInformation>
    <u:administrativeInformation>
        <u:dataEntryBy>
            <common:referenceToDataSetFormat type="source data set" refObjectId="a97a0155-0234-4b87-b4ce-a45da52f2a40" version="01.01.000" uri="../sources/a97a0155-0234-4b87-b4ce-a45da52f2a40_01.01.000.xml">
                <common:shortDescription xml:lang="en">ILCD format</common:shortDescription>
            </common:referenceToDataSetFormat>
        </u:dataEntryBy>
        <u:publicationAndOwnership>
            <common:dataSetVersion>00.00.000</common:dataSetVersion>
            <common:permanentDataSetURI>http://openlca.org/ilcd/resource/unitgroups/93a60a57-a3c8-11da-a746-0800200c9a66</common:permanentDataSetURI>
        </u:publicationAndOwnership>
    </u:administrativeInformation>
    <u:units>
        <u:unit xmlns:olca="http://openlca.org/ilcd-extensions" dataSetInternalID="1" olca:unitId="010f811e-3cc2-4b14-a901-337da9b3e49c">
            <u:name>kcal</u:name>
            <u:meanValue>0.00419</u:meanValue>
            <u:generalComment xml:lang="en">Kilocalorie (International table)</u:generalComment>
        </u:unit>
        <u:unit xmlns:olca="http://openlca.org/ilcd-extensions" dataSetInternalID="2" olca:unitId="01e58eb9-0aba-4c76-ba0c-03f6f3be1353">
            <u:name>GJ</u:name>
            <u:meanValue>1000.0</u:meanValue>
            <u:generalComment xml:lang="en">Gigajoule</u:generalComment>
        </u:unit>
        <u:unit xmlns:olca="http://openlca.org/ilcd-extensions" dataSetInternalID="3" olca:unitId="425aff51-b7e5-4561-aa5a-562ec103a79e">
            <u:name>TOE</u:name>
            <u:meanValue>41868.0</u:meanValue>
            <u:generalComment xml:lang="en">Tonne oil equivalent</u:generalComment>
        </u:unit>
        <u:unit xmlns:olca="http://openlca.org/ilcd-extensions" dataSetInternalID="4" olca:unitId="469d61f1-3bc4-4841-8adf-873825c1bc11">
            <u:name>J</u:name>
            <u:meanValue>1.0E-6</u:meanValue>
            <u:generalComment xml:lang="en">Joule</u:generalComment>
        </u:unit>
        <u:unit xmlns:olca="http://openlca.org/ilcd-extensions" dataSetInternalID="0" olca:unitId="52765a6c-3896-43c2-b2f4-c679acf13efe">
            <u:name>MJ</u:name>
            <u:meanValue>1.0</u:meanValue>
            <u:generalComment xml:lang="en">Megajoule</u:generalComment>
        </u:unit>
        <u:unit xmlns:olca="http://openlca.org/ilcd-extensions" dataSetInternalID="5" olca:unitId="55244053-94ba-404e-9172-cb279d905e00">
            <u:name>btu</u:name>
            <u:meanValue>0.00106</u:meanValue>
            <u:generalComment xml:lang="en">British thermal unit (International table)</u:generalComment>
        </u:unit>
        <u:unit xmlns:olca="http://openlca.org/ilcd-extensions" dataSetInternalID="6" olca:unitId="57c492e7-d94b-4fcc-98df-cdc4163b754c">
            <u:name>TJ</u:name>
            <u:meanValue>1000000.0</u:meanValue>
            <u:generalComment xml:lang="en">Terajoule</u:generalComment>
        </u:unit>
        <u:unit xmlns:olca="http://openlca.org/ilcd-extensions" dataSetInternalID="7" olca:unitId="787f2ac9-7bcd-4a91-9fab-55bfe414138f">
            <u:name>TCE</u:name>
            <u:meanValue>29307.6</u:meanValue>
            <u:generalComment xml:lang="en">Tonne coal equivalent</u:generalComment>
        </u:unit>
        <u:unit xmlns:olca="http://openlca.org/ilcd-extensions" dataSetInternalID="8" olca:unitId="86ad2244-1f0e-4912-af53-7865283103e4">
            <u:name>kWh</u:name>
            <u:meanValue>3.6</u:meanValue>
            <u:generalComment xml:lang="en">Kilowatt times hour</u:generalComment>
        </u:unit>
        <u:unit xmlns:olca="http://openlca.org/ilcd-extensions" dataSetInternalID="9" olca:unitId="92e3bd49-8ed5-4885-9db6-fc88c7afcfcb">
            <u:name>MWh</u:name>
            <u:meanValue>3600.0</u:meanValue>
            <u:generalComment xml:lang="en">Megawatt times hour</u:generalComment>
        </u:unit>
        <u:unit xmlns:olca="http://openlca.org/ilcd-extensions" dataSetInternalID="10" olca:unitId="f4119718-2d50-47fe-9154-cab6fd2d30eb">
            <u:name>kJ</u:name>
            <u:meanValue>0.001</u:meanValue>
            <u:generalComment xml:lang="en">Kilojoule</u:generalComment>
        </u:unit>
        <u:unit xmlns:olca="http://openlca.org/ilcd-extensions" dataSetInternalID="11" olca:unitId="fc3604f7-aa93-4aa3-8ae9-8f822874da5f">
            <u:name>Wh</u:name>
            <u:meanValue>0.0036</u:meanValue>
            <u:generalComment xml:lang="en">Watt times hour</u:generalComment>
        </u:unit>
        <u:unit xmlns:olca="http://openlca.org/ilcd-extensions" dataSetInternalID="12" olca:unitId="ff1a332f-967c-4084-8b01-8d3ca81b3121">
            <u:name>PJ</u:name>
            <u:meanValue>1.0E9</u:meanValue>
            <u:generalComment xml:lang="en">PetaJoules</u:generalComment>
        </u:unit>
    </u:units>
</u:unitGroupDataSet>
