{"@context":"http://greendelta.github.io/olca-schema/context.jsonld","@type":"Source","@id":"1adfcd82-775c-3fc7-8614-5ea0abd66b02","name":"Aluminum Association (2013). Semi-Finished Aluminum Products in NA","description":"http://www.aluminum.org/sites/default/files/LCA_Report_Aluminum_Association_12_13.pdf","version":"00.00.002","lastChange":"2021-01-20T17:44:04.836-05:00","url":"http://www.aluminum.org/sites/default/files/LCA_Report_Aluminum_Association_12_13.pdf","textReference":"The Aluminum Association- The Envrionmental Footprint of Semi-Finished Aluminum Products in NA","year":2013}