{"@context":"http://greendelta.github.io/olca-schema/context.jsonld","@type":"Source","@id":"628b0fb1-2b3e-30dc-bcf0-2d9b46f8853f","name":"Alam \u0026 Rajamanickam (2007). Development of TPEF","description":"Development of truck payload equivalent factor (TPEF)\r\nTitle\tDevelopment of truck payload equivalent factor (TPEF)\r\nPublication Type\tReport\r\nYear of Publication\t2007\r\nAuthors\tAlam M., Rajamanickam G.\r\nTertiary Authors\tAdministration FHighway\r\nCity\tWashington, D.C.\r\nKeywords\tB4.1 Truck Trip/Truck Movement Models","version":"00.00.003","lastChange":"2021-01-20T17:44:52.983-05:00","url":"https://tmip.org/content/development-truck-payload-equivalent-factor-tpef","textReference":"Development of Truck Payload Equivalence Factor (TPEF)","year":2007}