{"@type":"Source","@id":"9cdb0fb9-c3f9-37c7-98e0-ca7d811e1555","name":"Franklin Associates (2011) Cradle-to-Gate LCI 9 Plastic Resins \u0026 4 Polyurethane Precursors - REPORT","description":"Franklin Associates (2011). REVISED FINAL REPORT CRADLE-TO-GATE LIFE CYCLE INVENTORY OF NINE PLASTIC RESINS AND FOUR POLYURETHANE PRECURSORS Prepared for PLASTICS DIVISION  OF THE AMERICAN CHEMISTRY COUNCIL (ACC) by FRANKLIN ASSOCIATES, A DIVISION OF EASTERN RESEARCH GROUP, INC. Prairie Village, Kansas. August, 2011.  https://plastics.americanchemistry.com/LifeCycle-Inventory-of-9-Plastics-Resins-and-4-Polyurethane-Precursors-Rpt-Only/.","version":"00.00.002","lastChange":"2021-01-08T00:34:09.867Z","url":"https://plastics.americanchemistry.com/LifeCycle-Inventory-of-9-Plastics-Resins-and-4-Polyurethane-Precursors-Rpt-Only/","textReference":"CRADLE-TO-GATE LIFE CYCLE INVENTORY OF NINE PLASTIC RESINS AND FOUR POLYURETHANE PRECURSORS","year":2011}