<?xml version="1.0" encoding="UTF-8" standalone="yes"?>
<processDataSet xmlns:m="http://lca.jrc.it/ILCD/LCIAMethod" xmlns:common="http://lca.jrc.it/ILCD/Common" xmlns:s="http://lca.jrc.it/ILCD/Source" xmlns:c="http://lca.jrc.it/ILCD/Contact" xmlns:f="http://lca.jrc.it/ILCD/Flow" xmlns="http://lca.jrc.it/ILCD/Process" xmlns:fp="http://lca.jrc.it/ILCD/FlowProperty" xmlns:u="http://lca.jrc.it/ILCD/UnitGroup" version="1.1">
    <processInformation>
        <dataSetInformation>
            <common:UUID>058ef703-9452-44a8-84e6-d14551e61713</common:UUID>
            <name>
                <baseName xml:lang="en">Natural gas, at extraction, production mixture, to consumer, kg</baseName>
            </name>
            <classificationInformation>
                <common:classification>
                    <common:class level="0" classId="d374ae23-7148-3bd0-9630-022020e9fcb9">21: Mining, Quarrying, and Oil and Gas Extraction</common:class>
                    <common:class level="1" classId="b22278b5-8607-3d1e-8456-ef3fd9a84857">2111: Oil and Gas Extraction</common:class>
                </common:classification>
            </classificationInformation>
            <common:generalComment xml:lang="en">This process combines the sources of natural gas extraction based on their percentage share in the US natural gas production mix. The percentages are based on US EIA 2017 data. The data module also apportions environmental emissions according to the percent share of conventional and shale processing.</common:generalComment>
        </dataSetInformation>
        <quantitativeReference type="Reference flow(s)">
            <referenceToReferenceFlow>1</referenceToReferenceFlow>
        </quantitativeReference>
        <time xmlns:olca="http://openlca.org/ilcd-extensions" olca:startDate="1388473200000" olca:endDate="1417330800000">
            <common:referenceYear>2013</common:referenceYear>
            <common:dataSetValidUntil>2014</common:dataSetValidUntil>
        </time>
        <geography>
            <locationOfOperationSupplyOrProduction location="US" latitudeAndLongitude="39.62;-98.6"/>
        </geography>
        <technology>
            <technologyDescriptionAndIncludedProcesses xml:lang="en">Natural gas extraction by percentage source</technologyDescriptionAndIncludedProcesses>
        </technology>
    </processInformation>
    <modellingAndValidation>
        <LCIMethodAndAllocation>
            <typeOfDataSet>Unit process, black box</typeOfDataSet>
            <LCIMethodPrinciple>Other</LCIMethodPrinciple>
            <deviationsFromLCIMethodPrinciple xml:lang="en">Compatible with TRACI</deviationsFromLCIMethodPrinciple>
            <modellingConstants xml:lang="en">Attributional. Compatible with TRACI</modellingConstants>
        </LCIMethodAndAllocation>
        <dataSourcesTreatmentAndRepresentativeness>
            <dataCutOffAndCompletenessPrinciples xml:lang="en">The composite process used data from NETL 2010 and percentage in production mix from EIA 2017</dataCutOffAndCompletenessPrinciples>
            <deviationsFromCutOffAndCompletenessPrinciples xml:lang="en">None.</deviationsFromCutOffAndCompletenessPrinciples>
            <dataSelectionAndCombinationPrinciples xml:lang="en">TREATMENT OF MISSING ENVIRONMENTAL DATA: Elementary flows are cut-off at less than 1% based on environmental relevance.&#xD;
TREATMENT OF MISSING TECHNOSPHERE DATA: Intermediate flows are cut-off is at 1%  based on environmental relevance.&#xD;
MASS BALANCE: The mass balance was calculated by a straight comparison of inputs and outputs</dataSelectionAndCombinationPrinciples>
            <deviationsFromSelectionAndCombinationPrinciples xml:lang="en">None.</deviationsFromSelectionAndCombinationPrinciples>
            <dataTreatmentAndExtrapolationsPrinciples xml:lang="en">An estimated 40 percent of natural gas was sources from conventional onshore and offshore sources including associated onshore natural gas production and an estimated 60 percent of natural gas was sourced from unconventional natural gas resources including shale well and CBM extraction. This dataset was used to model the aggregate natural gas extraction production mix process based on percentages from EIA, 2017.</dataTreatmentAndExtrapolationsPrinciples>
            <referenceToDataSource type="source data set" refObjectId="6a1bdfd4-f69f-4aab-b9b2-38fc99b0c0a4" version="01.00.000" uri="../sources/6a1bdfd4-f69f-4aab-b9b2-38fc99b0c0a4">
                <common:shortDescription xml:lang="en">US EIA, 2014</common:shortDescription>
            </referenceToDataSource>
            <samplingProcedure xml:lang="en">BOUNDARY CONDITIONS: The scope of this unit process encompasses the energy inputs and material outputs for the extraction of natural gas. The inputs to this unit process are natural gas, ground water, and surface water. These three inputs are natural resources and thus enter the boundary of this unit process with no upstream environmental burdens. The output of this unit process is dehydrated natural gas that is suitable for pipeline transport and subsequent processing steps. In addition to resource inputs and outputs that are used by downstream unit processes, this unit process also accounts for environmental emissions to air and water but does not track wastewater. &#xD;
DATA COLLECTION: NETL LCA Unit Process Library, Natural gas extraction processes 2010.&#xD;
UNCERTAINTY ESTIMATION: No uncertainty analysis was carried out due to the lack of uncertainty data or probability distributions for key parameters, which are often only available as single point estimates from NETL.</samplingProcedure>
        </dataSourcesTreatmentAndRepresentativeness>
        <validation>
            <review type="Not reviewed">
                <common:reviewDetails xml:lang="en">Internal review of data entry proofreading, mass balance verification and data documentation.</common:reviewDetails>
                <common:referenceToNameOfReviewerAndInstitution type="contact data set" refObjectId="38e67478-a915-43d9-ad67-e25db79a4acc" version="01.00.000" uri="../contacts/38e67478-a915-43d9-ad67-e25db79a4acc">
                    <common:shortDescription xml:lang="en">Franklin Associates, A Division of ERG</common:shortDescription>
                </common:referenceToNameOfReviewerAndInstitution>
            </review>
        </validation>
    </modellingAndValidation>
    <administrativeInformation>
        <common:commissionerAndGoal>
            <common:intendedApplications xml:lang="en">"Accounting, with system-external interactions" - The intended application is a purely descriptive accounting / documentation of the analysed system including existing interactions with other systems in the LCI model. These data are an update to a previously published dataset which is a generic unit process data.</common:intendedApplications>
        </common:commissionerAndGoal>
        <dataGenerator>
            <common:referenceToPersonOrEntityGeneratingTheDataSet type="contact data set" refObjectId="38e67478-a915-43d9-ad67-e25db79a4acc" version="01.00.000" uri="../contacts/38e67478-a915-43d9-ad67-e25db79a4acc">
                <common:shortDescription xml:lang="en">Franklin Associates, A Division of ERG</common:shortDescription>
            </common:referenceToPersonOrEntityGeneratingTheDataSet>
        </dataGenerator>
        <dataEntryBy>
            <common:timeStamp>2019-10-15T12:34:40.428-06:00</common:timeStamp>
            <common:referenceToDataSetFormat type="source data set" refObjectId="a97a0155-0234-4b87-b4ce-a45da52f2a40" version="01.01.000" uri="../sources/a97a0155-0234-4b87-b4ce-a45da52f2a40_01.01.000.xml">
                <common:shortDescription xml:lang="en">ILCD format</common:shortDescription>
            </common:referenceToDataSetFormat>
            <common:referenceToPersonOrEntityEnteringTheData type="contact data set" refObjectId="38e67478-a915-43d9-ad67-e25db79a4acc" version="01.00.000" uri="../contacts/38e67478-a915-43d9-ad67-e25db79a4acc">
                <common:shortDescription xml:lang="en">Franklin Associates, A Division of ERG</common:shortDescription>
            </common:referenceToPersonOrEntityEnteringTheData>
        </dataEntryBy>
        <publicationAndOwnership>
            <common:dateOfLastRevision>2019-10-02T11:13:46.160-06:00</common:dateOfLastRevision>
            <common:dataSetVersion>00.00.023</common:dataSetVersion>
            <common:copyright>false</common:copyright>
        </publicationAndOwnership>
    </administrativeInformation>
    <exchanges>
        <exchange xmlns:olca="http://openlca.org/ilcd-extensions" dataSetInternalID="2" olca:unitId="20aadc24-a391-41cf-b340-3e4529f44bde" olca:propertyId="93a60a56-a3c8-11da-a746-0800200b9a66" olca:defaultProvider="f2996639-3901-4d02-8046-4e647947b7cb" olca:amount="0.269">
            <referenceToFlowDataSet type="flow data set" refObjectId="f1deade7-12b4-45c8-a00f-946a33de6d2c" version="01.00.000" uri="../flows/f1deade7-12b4-45c8-a00f-946a33de6d2c">
                <common:shortDescription xml:lang="en">Natural gas, at extraction, conventional onshore, kg</common:shortDescription>
            </referenceToFlowDataSet>
            <exchangeDirection>Input</exchangeDirection>
            <meanAmount>0.269</meanAmount>
            <resultingAmount>0.269</resultingAmount>
        </exchange>
        <exchange xmlns:olca="http://openlca.org/ilcd-extensions" dataSetInternalID="1" olca:unitId="20aadc24-a391-41cf-b340-3e4529f44bde" olca:propertyId="93a60a56-a3c8-11da-a746-0800200b9a66" olca:amount="1.0">
            <referenceToFlowDataSet type="flow data set" refObjectId="c1618370-1fc6-45fc-a2cc-2458bc9ddf6a" version="01.00.000" uri="../flows/c1618370-1fc6-45fc-a2cc-2458bc9ddf6a">
                <common:shortDescription xml:lang="en">Natural gas, at extraction, composite, kg</common:shortDescription>
            </referenceToFlowDataSet>
            <exchangeDirection>Output</exchangeDirection>
            <meanAmount>1.0</meanAmount>
            <resultingAmount>1.0</resultingAmount>
        </exchange>
        <exchange xmlns:olca="http://openlca.org/ilcd-extensions" dataSetInternalID="4" olca:unitId="20aadc24-a391-41cf-b340-3e4529f44bde" olca:propertyId="93a60a56-a3c8-11da-a746-0800200b9a66" olca:defaultProvider="7ae49a74-3d24-4b32-ae19-ddbf6e0ae94a" olca:amount="0.132">
            <referenceToFlowDataSet type="flow data set" refObjectId="4398eda3-a9ac-444b-bc90-0e042335fa2f" version="01.00.000" uri="../flows/4398eda3-a9ac-444b-bc90-0e042335fa2f">
                <common:shortDescription xml:lang="en">Natural gas, at extraction, conventional onshore associated, kg</common:shortDescription>
            </referenceToFlowDataSet>
            <exchangeDirection>Input</exchangeDirection>
            <meanAmount>0.132</meanAmount>
            <resultingAmount>0.132</resultingAmount>
        </exchange>
        <exchange xmlns:olca="http://openlca.org/ilcd-extensions" dataSetInternalID="6" olca:unitId="20aadc24-a391-41cf-b340-3e4529f44bde" olca:propertyId="93a60a56-a3c8-11da-a746-0800200b9a66" olca:defaultProvider="5b7c9f9b-8460-4afd-a560-b441f0fcf408" olca:amount="0.171">
            <referenceToFlowDataSet type="flow data set" refObjectId="c3550488-240f-4674-883a-ccf7dbf0ecf3" version="01.00.000" uri="../flows/c3550488-240f-4674-883a-ccf7dbf0ecf3">
                <common:shortDescription xml:lang="en">Natural gas, at extraction, Marcellus Shale, kg</common:shortDescription>
            </referenceToFlowDataSet>
            <exchangeDirection>Input</exchangeDirection>
            <meanAmount>0.171</meanAmount>
            <resultingAmount>0.171</resultingAmount>
        </exchange>
        <exchange xmlns:olca="http://openlca.org/ilcd-extensions" dataSetInternalID="7" olca:unitId="20aadc24-a391-41cf-b340-3e4529f44bde" olca:propertyId="93a60a56-a3c8-11da-a746-0800200b9a66" olca:defaultProvider="0945cc82-1126-45c3-b525-6d4fc913aa09" olca:amount="0.042">
            <referenceToFlowDataSet type="flow data set" refObjectId="1d674722-7562-4360-8677-93bf36a9a57a" version="01.00.000" uri="../flows/1d674722-7562-4360-8677-93bf36a9a57a">
                <common:shortDescription xml:lang="en">Natural gas, at extraction, coal bed methane, kg</common:shortDescription>
            </referenceToFlowDataSet>
            <exchangeDirection>Input</exchangeDirection>
            <meanAmount>0.042</meanAmount>
            <resultingAmount>0.042</resultingAmount>
        </exchange>
        <exchange xmlns:olca="http://openlca.org/ilcd-extensions" dataSetInternalID="3" olca:unitId="20aadc24-a391-41cf-b340-3e4529f44bde" olca:propertyId="93a60a56-a3c8-11da-a746-0800200b9a66" olca:defaultProvider="bc4c2bad-4bdb-4402-8aed-74efc5781057" olca:amount="0.113">
            <referenceToFlowDataSet type="flow data set" refObjectId="fdfa1dbf-3593-45ff-b0dc-6b3f9d8fa4bd" version="01.00.000" uri="../flows/fdfa1dbf-3593-45ff-b0dc-6b3f9d8fa4bd">
                <common:shortDescription xml:lang="en">Natural gas, at extraction, conventional offshore, kg</common:shortDescription>
            </referenceToFlowDataSet>
            <exchangeDirection>Input</exchangeDirection>
            <meanAmount>0.113</meanAmount>
            <resultingAmount>0.113</resultingAmount>
        </exchange>
        <exchange xmlns:olca="http://openlca.org/ilcd-extensions" dataSetInternalID="5" olca:unitId="20aadc24-a391-41cf-b340-3e4529f44bde" olca:propertyId="93a60a56-a3c8-11da-a746-0800200b9a66" olca:defaultProvider="e7425edd-537c-497f-aa4b-7a8a79b1ab4a" olca:amount="0.274">
            <referenceToFlowDataSet type="flow data set" refObjectId="43ab3de2-e1a2-4e1a-9613-68e9cbd7aab5" version="01.00.000" uri="../flows/43ab3de2-e1a2-4e1a-9613-68e9cbd7aab5">
                <common:shortDescription xml:lang="en">Natural gas, at extraction, Barnett Shale, kg</common:shortDescription>
            </referenceToFlowDataSet>
            <exchangeDirection>Input</exchangeDirection>
            <meanAmount>0.274</meanAmount>
            <resultingAmount>0.274</resultingAmount>
        </exchange>
    </exchanges>
</processDataSet>
