<?xml version="1.0" encoding="UTF-8" standalone="yes"?>
<processDataSet xmlns:m="http://lca.jrc.it/ILCD/LCIAMethod" xmlns:common="http://lca.jrc.it/ILCD/Common" xmlns:s="http://lca.jrc.it/ILCD/Source" xmlns:c="http://lca.jrc.it/ILCD/Contact" xmlns:f="http://lca.jrc.it/ILCD/Flow" xmlns="http://lca.jrc.it/ILCD/Process" xmlns:fp="http://lca.jrc.it/ILCD/FlowProperty" xmlns:u="http://lca.jrc.it/ILCD/UnitGroup" version="1.1">
    <processInformation>
        <dataSetInformation>
            <common:UUID>0d95cc8b-a9a0-3630-a760-1ab4d88257d8</common:UUID>
            <name>
                <baseName xml:lang="en">Natural soda ash (Sodium carbonate), at plant</baseName>
            </name>
            <classificationInformation>
                <common:classification>
                    <common:class level="0" classId="d374ae23-7148-3bd0-9630-022020e9fcb9">21: Mining, Quarrying, and Oil and Gas Extraction</common:class>
                    <common:class level="1" classId="02cd98fd-f9d7-3dde-b46a-9cf336791f70">2123: Nonmetallic Mineral Mining and Quarrying</common:class>
                </common:classification>
            </classificationInformation>
            <common:generalComment xml:lang="en">The monohydrate process is the dominant process to produce soda ash but a weighted average of all natural soda ash production is accounted for. The collected datasets were weighted based on total annual production.  Complete inventory data and metadata are available in full in the final report and appendices, IMA-NA Soda Ash Life Cycle Assessment. This report has been extensively reviewed within Sustainable Solutions Corporation by Tad Radzinski, Jim Mellentine and Cara Watson, as well as IMA-NA soda ash producers. This report has undergone a full critical review by Dennis S. Kostick, Lyle Nehls and Andrew Swanson. Quantities may vary slightly between the reference to main source and this module due to rounding. Important note: although most of the data in the US LCI database has undergone some sort of review, the database as a whole has not yet undergone a formal validation process.  Please email comments to lci@nrel.gov.

Includes material and energy requirements and environmental emissions for one tonne of soda ash production from trona extracted from dry and solution mining. Soda ash is produced using either of two processes - the monohydrate process or the sesquicarbonate process. The monohydrate process is the dominant process The mined ore is screened and crushed, then the crushed ore is calcined to decompose the sodium sesquicarbonate in the trona ore, releasing carbon dioxide and water and leaving anhydrous sodium carbonate and insoluble impurities.  The calcined trona is dissolved in water where the insoluble material settles out, leaving a sodium carbonate solution which is filtered and sent to multistage evaporative crystallizers.  The settled and filtered insolubles are sent to tailings waste ponds.  The crystallizers produce soda ash as monohydrate crystals which are recovered in centrifuges and then dried to remove the water, producing granular dense soda ash. The sesquicarbonate process dissolves trona in water and that solution is settled to remove insolubles and filtered to a clean solution.  That solution is then sent to multistage crystallizers where sesquicarbonate crystals are formed.  The sesquicarbonate crystals are recovered in centrifuges and sent to a calciner, where water and carbon dioxide are driven off by heat to form medium density granular soda ash. Several of the US soda ash producers make a portion of their soda ash by dissolving trona in water below the surface, bringing the solution to the surface through wells, and then recovering the sodium carbonate on the surface.  One facility recovers trona from a shallow mixed salt deposits by injecting lake water into the formation and recovering via wells as a saturated brine. </common:generalComment>
        </dataSetInformation>
        <quantitativeReference type="Reference flow(s)">
            <referenceToReferenceFlow>1</referenceToReferenceFlow>
        </quantitativeReference>
        <time xmlns:olca="http://openlca.org/ilcd-extensions" olca:startDate="1356850800000" olca:endDate="1356850800000">
            <common:referenceYear>2012</common:referenceYear>
            <common:dataSetValidUntil>2012</common:dataSetValidUntil>
        </time>
        <geography>
            <locationOfOperationSupplyOrProduction location="US" latitudeAndLongitude="39.62;-98.6">
                <descriptionOfRestrictions xml:lang="en">US</descriptionOfRestrictions>
            </locationOfOperationSupplyOrProduction>
        </geography>
        <technology>
            <technologyDescriptionAndIncludedProcesses xml:lang="en">There are multiple processes for the prodcution of soda ash: (1) the monohydrate process, (2) the sesquicarbonate process, (3) ELDM process, and (4) solution process. These  technologies are represented in this average mix.</technologyDescriptionAndIncludedProcesses>
        </technology>
    </processInformation>
    <modellingAndValidation>
        <LCIMethodAndAllocation>
            <typeOfDataSet>Unit process, black box</typeOfDataSet>
            <LCIMethodPrinciple>Other</LCIMethodPrinciple>
        </LCIMethodAndAllocation>
        <dataSourcesTreatmentAndRepresentativeness>
            <deviationsFromCutOffAndCompletenessPrinciples xml:lang="en">None.</deviationsFromCutOffAndCompletenessPrinciples>
            <deviationsFromSelectionAndCombinationPrinciples xml:lang="en">None.</deviationsFromSelectionAndCombinationPrinciples>
            <referenceToDataSource type="source data set" refObjectId="e047a2fd-64f4-3165-8c62-4a4d4ee17c75" version="01.00.000" uri="../sources/e047a2fd-64f4-3165-8c62-4a4d4ee17c75">
                <common:shortDescription xml:lang="en">Sustainable Solutions Corporation. (2015). IMA-NA Soda Ash Life Cycle Assessment </common:shortDescription>
            </referenceToDataSource>
            <samplingProcedure xml:lang="en">Data are from primary sources. The data collected for this module represent all 5 producers and 5 plants in the U.S. </samplingProcedure>
        </dataSourcesTreatmentAndRepresentativeness>
        <validation>
            <review type="Not reviewed">
                <common:reviewDetails xml:lang="en">The peer review board for this dataset: 
 
Dennis S. Kostick 
Formerly Mineral Commodiry Specialist dor Soda Ash 
US Geological Survey 
 
Lyle Nehls 
Former Director of Technology 
FMC Alkali Chemicals 
 
Andrew Swanson 
Managing Director 
IHS Chemical Consulting</common:reviewDetails>
                <common:referenceToNameOfReviewerAndInstitution type="contact data set" refObjectId="f27bd976-1487-33ed-9fa8-9baebe044042" version="01.00.000" uri="../contacts/f27bd976-1487-33ed-9fa8-9baebe044042">
                    <common:shortDescription xml:lang="en">Sustainble Solutions Corporation</common:shortDescription>
                </common:referenceToNameOfReviewerAndInstitution>
            </review>
        </validation>
    </modellingAndValidation>
    <administrativeInformation>
        <dataGenerator>
            <common:referenceToPersonOrEntityGeneratingTheDataSet type="contact data set" refObjectId="5317635c-61cc-32a1-8f8f-467fda76bc41" version="01.00.000" uri="../contacts/5317635c-61cc-32a1-8f8f-467fda76bc41">
                <common:shortDescription xml:lang="en">Cara Watson</common:shortDescription>
            </common:referenceToPersonOrEntityGeneratingTheDataSet>
        </dataGenerator>
        <dataEntryBy>
            <common:timeStamp>2019-10-15T12:34:40.644-06:00</common:timeStamp>
            <common:referenceToDataSetFormat type="source data set" refObjectId="a97a0155-0234-4b87-b4ce-a45da52f2a40" version="01.01.000" uri="../sources/a97a0155-0234-4b87-b4ce-a45da52f2a40_01.01.000.xml">
                <common:shortDescription xml:lang="en">ILCD format</common:shortDescription>
            </common:referenceToDataSetFormat>
            <common:referenceToPersonOrEntityEnteringTheData type="contact data set" refObjectId="f1bde5cc-cae8-3d11-ba50-acaed3215eff" version="01.00.000" uri="../contacts/f1bde5cc-cae8-3d11-ba50-acaed3215eff">
                <common:shortDescription xml:lang="en">James Mellentine</common:shortDescription>
            </common:referenceToPersonOrEntityEnteringTheData>
        </dataEntryBy>
        <publicationAndOwnership>
            <common:dateOfLastRevision>2019-07-20T18:31:30.293-06:00</common:dateOfLastRevision>
            <common:dataSetVersion>00.00.002</common:dataSetVersion>
            <common:referenceToUnchangedRepublication type="source data set" refObjectId="e047a2fd-64f4-3165-8c62-4a4d4ee17c75" version="01.00.000" uri="../sources/e047a2fd-64f4-3165-8c62-4a4d4ee17c75">
                <common:shortDescription xml:lang="en">Sustainable Solutions Corporation. (2015). IMA-NA Soda Ash Life Cycle Assessment </common:shortDescription>
            </common:referenceToUnchangedRepublication>
            <common:copyright>false</common:copyright>
            <common:accessRestrictions xml:lang="en">All information can be accessed by everybody.</common:accessRestrictions>
        </publicationAndOwnership>
    </administrativeInformation>
    <exchanges>
        <exchange xmlns:olca="http://openlca.org/ilcd-extensions" dataSetInternalID="34" olca:unitId="20aadc24-a391-41cf-b340-3e4529f44bde" olca:propertyId="93a60a56-a3c8-11da-a746-0800200b9a66" olca:amount="0.00277">
            <referenceToFlowDataSet type="flow data set" refObjectId="20185046-64bb-4c09-a8e7-e8a9e144ca98" version="01.00.000" uri="../flows/20185046-64bb-4c09-a8e7-e8a9e144ca98">
                <common:shortDescription xml:lang="en">Dinitrogen monoxide</common:shortDescription>
            </referenceToFlowDataSet>
            <exchangeDirection>Output</exchangeDirection>
            <meanAmount>0.00277</meanAmount>
            <resultingAmount>0.00277</resultingAmount>
        </exchange>
        <exchange xmlns:olca="http://openlca.org/ilcd-extensions" dataSetInternalID="1" olca:unitId="20aadc24-a391-41cf-b340-3e4529f44bde" olca:propertyId="93a60a56-a3c8-11da-a746-0800200b9a66" olca:amount="1.0">
            <referenceToFlowDataSet type="flow data set" refObjectId="c0af8d39-2a03-3e1d-8548-67989e0fda5a" version="01.00.000" uri="../flows/c0af8d39-2a03-3e1d-8548-67989e0fda5a">
                <common:shortDescription xml:lang="en">Natural soda ash (Sodium carbonate), at plant</common:shortDescription>
            </referenceToFlowDataSet>
            <exchangeDirection>Output</exchangeDirection>
            <meanAmount>1.0</meanAmount>
            <resultingAmount>1.0</resultingAmount>
        </exchange>
        <exchange xmlns:olca="http://openlca.org/ilcd-extensions" dataSetInternalID="23" olca:unitId="20aadc24-a391-41cf-b340-3e4529f44bde" olca:propertyId="93a60a56-a3c8-11da-a746-0800200b9a66" olca:amount="57.9">
            <referenceToFlowDataSet type="flow data set" refObjectId="e4ec2890-3537-3231-9363-ec1c7aad997f" version="01.00.000" uri="../flows/e4ec2890-3537-3231-9363-ec1c7aad997f">
                <common:shortDescription xml:lang="en">Waste in inert landfill</common:shortDescription>
            </referenceToFlowDataSet>
            <exchangeDirection>Output</exchangeDirection>
            <meanAmount>57.9</meanAmount>
            <resultingAmount>57.9</resultingAmount>
        </exchange>
        <exchange xmlns:olca="http://openlca.org/ilcd-extensions" dataSetInternalID="11" olca:unitId="20aadc24-a391-41cf-b340-3e4529f44bde" olca:propertyId="93a60a56-a3c8-11da-a746-0800200b9a66" olca:amount="8.49">
            <referenceToFlowDataSet type="flow data set" refObjectId="c34c4451-297f-3b5c-a15f-2c16cdb52ad9" version="01.00.000" uri="../flows/c34c4451-297f-3b5c-a15f-2c16cdb52ad9">
                <common:shortDescription xml:lang="en">Quicklime, at plant</common:shortDescription>
            </referenceToFlowDataSet>
            <exchangeDirection>Input</exchangeDirection>
            <meanAmount>8.49</meanAmount>
            <resultingAmount>8.49</resultingAmount>
        </exchange>
        <exchange xmlns:olca="http://openlca.org/ilcd-extensions" dataSetInternalID="79" olca:unitId="20aadc24-a391-41cf-b340-3e4529f44bde" olca:propertyId="93a60a56-a3c8-11da-a746-0800200b9a66" olca:amount="0.0021591">
            <referenceToFlowDataSet type="flow data set" refObjectId="9d9d90af-24a0-33e8-a9d6-1e54f59aa207" version="01.00.000" uri="../flows/9d9d90af-24a0-33e8-a9d6-1e54f59aa207">
                <common:shortDescription xml:lang="en">CUTOFF Copper, at regional storage</common:shortDescription>
            </referenceToFlowDataSet>
            <exchangeDirection>Input</exchangeDirection>
            <meanAmount>0.0021591</meanAmount>
            <resultingAmount>0.0021591</resultingAmount>
        </exchange>
        <exchange xmlns:olca="http://openlca.org/ilcd-extensions" dataSetInternalID="70" olca:unitId="1c3a9695-398d-4b1f-b07e-a8715b610f70" olca:propertyId="93a60a56-a3c8-22da-a746-0800200c9a66" olca:amount="0.00112">
            <referenceToFlowDataSet type="flow data set" refObjectId="d815ff18-015c-3afb-be18-be03bdf325da" version="01.00.000" uri="../flows/d815ff18-015c-3afb-be18-be03bdf325da">
                <common:shortDescription xml:lang="en">Diesel, combusted in industrial equipment</common:shortDescription>
            </referenceToFlowDataSet>
            <exchangeDirection>Input</exchangeDirection>
            <meanAmount>0.00112</meanAmount>
            <resultingAmount>0.00112</resultingAmount>
        </exchange>
        <exchange xmlns:olca="http://openlca.org/ilcd-extensions" dataSetInternalID="62" olca:unitId="0dea4ed8-bb6b-4049-b2b4-b2c413ef2180" olca:propertyId="838aaa20-0117-11db-92e3-0800200c9a66" olca:amount="0.0105">
            <referenceToFlowDataSet type="flow data set" refObjectId="2afb4e2f-b224-3900-956f-03e3f27b276b" version="01.00.000" uri="../flows/2afb4e2f-b224-3900-956f-03e3f27b276b">
                <common:shortDescription xml:lang="en">Transport, combination truck, average fuel mix</common:shortDescription>
            </referenceToFlowDataSet>
            <exchangeDirection>Input</exchangeDirection>
            <meanAmount>0.0105</meanAmount>
            <resultingAmount>0.0105</resultingAmount>
        </exchange>
        <exchange xmlns:olca="http://openlca.org/ilcd-extensions" dataSetInternalID="48" olca:unitId="1c3a9695-398d-4b1f-b07e-a8715b610f70" olca:propertyId="93a60a56-a3c8-22da-a746-0800200c9a66" olca:amount="0.061324">
            <referenceToFlowDataSet type="flow data set" refObjectId="f7c00d19-9601-373a-ba23-593e251b4dee" version="01.00.000" uri="../flows/f7c00d19-9601-373a-ba23-593e251b4dee">
                <common:shortDescription xml:lang="en">Residual fuel oil, at refinery</common:shortDescription>
            </referenceToFlowDataSet>
            <exchangeDirection>Input</exchangeDirection>
            <meanAmount>0.061324</meanAmount>
            <resultingAmount>0.061324</resultingAmount>
        </exchange>
        <exchange xmlns:olca="http://openlca.org/ilcd-extensions" dataSetInternalID="56" olca:unitId="20aadc24-a391-41cf-b340-3e4529f44bde" olca:propertyId="93a60a56-a3c8-11da-a746-0800200b9a66" olca:amount="0.0288">
            <referenceToFlowDataSet type="flow data set" refObjectId="bf42d200-52c8-3d08-8110-3e9243f2d4f4" version="01.00.000" uri="../flows/bf42d200-52c8-3d08-8110-3e9243f2d4f4">
                <common:shortDescription xml:lang="en">Particulates</common:shortDescription>
            </referenceToFlowDataSet>
            <exchangeDirection>Output</exchangeDirection>
            <meanAmount>0.0288</meanAmount>
            <resultingAmount>0.0288</resultingAmount>
        </exchange>
        <exchange xmlns:olca="http://openlca.org/ilcd-extensions" dataSetInternalID="53" olca:unitId="20aadc24-a391-41cf-b340-3e4529f44bde" olca:propertyId="93a60a56-a3c8-11da-a746-0800200b9a66" olca:amount="0.0179">
            <referenceToFlowDataSet type="flow data set" refObjectId="0795345f-c7ae-410c-ad25-1845784c75f5" version="01.00.000" uri="../flows/0795345f-c7ae-410c-ad25-1845784c75f5">
                <common:shortDescription xml:lang="en">Methane, fossil</common:shortDescription>
            </referenceToFlowDataSet>
            <exchangeDirection>Output</exchangeDirection>
            <meanAmount>0.0179</meanAmount>
            <resultingAmount>0.0179</resultingAmount>
        </exchange>
        <exchange xmlns:olca="http://openlca.org/ilcd-extensions" dataSetInternalID="45" olca:unitId="20aadc24-a391-41cf-b340-3e4529f44bde" olca:propertyId="93a60a56-a3c8-11da-a746-0800200b9a66" olca:amount="8.22E-4">
            <referenceToFlowDataSet type="flow data set" refObjectId="e821f94c-6c24-34df-a7a1-979e2bfb6520" version="01.00.000" uri="../flows/e821f94c-6c24-34df-a7a1-979e2bfb6520">
                <common:shortDescription xml:lang="en">Styrene</common:shortDescription>
            </referenceToFlowDataSet>
            <exchangeDirection>Output</exchangeDirection>
            <meanAmount>8.22E-4</meanAmount>
            <resultingAmount>8.22E-4</resultingAmount>
        </exchange>
        <exchange xmlns:olca="http://openlca.org/ilcd-extensions" dataSetInternalID="51" olca:unitId="20aadc24-a391-41cf-b340-3e4529f44bde" olca:propertyId="93a60a56-a3c8-11da-a746-0800200b9a66" olca:amount="893.58">
            <referenceToFlowDataSet type="flow data set" refObjectId="c9eaca71-6924-483f-9e86-51265bc0e9ef" version="01.00.000" uri="../flows/c9eaca71-6924-483f-9e86-51265bc0e9ef">
                <common:shortDescription xml:lang="en">Water</common:shortDescription>
            </referenceToFlowDataSet>
            <exchangeDirection>Output</exchangeDirection>
            <meanAmount>893.58</meanAmount>
            <resultingAmount>893.58</resultingAmount>
        </exchange>
        <exchange xmlns:olca="http://openlca.org/ilcd-extensions" dataSetInternalID="77" olca:unitId="20aadc24-a391-41cf-b340-3e4529f44bde" olca:propertyId="93a60a56-a3c8-11da-a746-0800200b9a66" olca:amount="0.00242">
            <referenceToFlowDataSet type="flow data set" refObjectId="ba21b581-543c-38df-b9b5-3f94fa5053e4" version="01.00.000" uri="../flows/ba21b581-543c-38df-b9b5-3f94fa5053e4">
                <common:shortDescription xml:lang="en">Xylene</common:shortDescription>
            </referenceToFlowDataSet>
            <exchangeDirection>Output</exchangeDirection>
            <meanAmount>0.00242</meanAmount>
            <resultingAmount>0.00242</resultingAmount>
        </exchange>
        <exchange xmlns:olca="http://openlca.org/ilcd-extensions" dataSetInternalID="63" olca:unitId="20aadc24-a391-41cf-b340-3e4529f44bde" olca:propertyId="93a60a56-a3c8-11da-a746-0800200b9a66" olca:amount="0.0481">
            <referenceToFlowDataSet type="flow data set" refObjectId="12ce83f5-6029-3b58-b03d-8721560be5cc" version="01.00.000" uri="../flows/12ce83f5-6029-3b58-b03d-8721560be5cc">
                <common:shortDescription xml:lang="en">CUTOFF Guar, at plant</common:shortDescription>
            </referenceToFlowDataSet>
            <exchangeDirection>Input</exchangeDirection>
            <meanAmount>0.0481</meanAmount>
            <resultingAmount>0.0481</resultingAmount>
        </exchange>
        <exchange xmlns:olca="http://openlca.org/ilcd-extensions" dataSetInternalID="42" olca:unitId="20aadc24-a391-41cf-b340-3e4529f44bde" olca:propertyId="93a60a56-a3c8-11da-a746-0800200b9a66" olca:amount="0.3">
            <referenceToFlowDataSet type="flow data set" refObjectId="7ae3bfc4-8532-11e0-9d78-0800200c9a66" version="01.00.000" uri="../flows/7ae3bfc4-8532-11e0-9d78-0800200c9a66">
                <common:shortDescription xml:lang="en">VOC, volatile organic compounds</common:shortDescription>
            </referenceToFlowDataSet>
            <exchangeDirection>Output</exchangeDirection>
            <meanAmount>0.3</meanAmount>
            <resultingAmount>0.3</resultingAmount>
        </exchange>
        <exchange xmlns:olca="http://openlca.org/ilcd-extensions" dataSetInternalID="74" olca:unitId="20aadc24-a391-41cf-b340-3e4529f44bde" olca:propertyId="93a60a56-a3c8-11da-a746-0800200b9a66" olca:amount="7.37E-5">
            <referenceToFlowDataSet type="flow data set" refObjectId="e3e36b0b-cd9f-3394-924d-2e565e97d38d" version="01.00.000" uri="../flows/e3e36b0b-cd9f-3394-924d-2e565e97d38d">
                <common:shortDescription xml:lang="en">Propylene oxide, at plant</common:shortDescription>
            </referenceToFlowDataSet>
            <exchangeDirection>Input</exchangeDirection>
            <meanAmount>7.37E-5</meanAmount>
            <resultingAmount>7.37E-5</resultingAmount>
        </exchange>
        <exchange xmlns:olca="http://openlca.org/ilcd-extensions" dataSetInternalID="17" olca:unitId="20aadc24-a391-41cf-b340-3e4529f44bde" olca:propertyId="93a60a56-a3c8-11da-a746-0800200b9a66" olca:amount="9.79E-4">
            <referenceToFlowDataSet type="flow data set" refObjectId="cbf426db-ee70-335e-b994-b1e736762889" version="01.00.000" uri="../flows/cbf426db-ee70-335e-b994-b1e736762889">
                <common:shortDescription xml:lang="en">Fluoride</common:shortDescription>
            </referenceToFlowDataSet>
            <exchangeDirection>Output</exchangeDirection>
            <meanAmount>9.79E-4</meanAmount>
            <resultingAmount>9.79E-4</resultingAmount>
        </exchange>
        <exchange xmlns:olca="http://openlca.org/ilcd-extensions" dataSetInternalID="69" olca:unitId="20aadc24-a391-41cf-b340-3e4529f44bde" olca:propertyId="93a60a56-a3c8-11da-a746-0800200b9a66" olca:amount="0.592">
            <referenceToFlowDataSet type="flow data set" refObjectId="7ae371ac-8532-11e0-9d78-0800200c9a66" version="01.00.000" uri="../flows/7ae371ac-8532-11e0-9d78-0800200c9a66">
                <common:shortDescription xml:lang="en">Carbon monoxide</common:shortDescription>
            </referenceToFlowDataSet>
            <exchangeDirection>Output</exchangeDirection>
            <meanAmount>0.592</meanAmount>
            <resultingAmount>0.592</resultingAmount>
        </exchange>
        <exchange xmlns:olca="http://openlca.org/ilcd-extensions" dataSetInternalID="76" olca:unitId="20aadc24-a391-41cf-b340-3e4529f44bde" olca:propertyId="93a60a56-a3c8-11da-a746-0800200b9a66" olca:amount="0.044724">
            <referenceToFlowDataSet type="flow data set" refObjectId="fefb6ecd-88b9-3c8b-93f5-cf9ff3169463" version="01.00.000" uri="../flows/fefb6ecd-88b9-3c8b-93f5-cf9ff3169463">
                <common:shortDescription xml:lang="en">CUTOFF Diethanolamine, at plant</common:shortDescription>
            </referenceToFlowDataSet>
            <exchangeDirection>Input</exchangeDirection>
            <meanAmount>0.044724</meanAmount>
            <resultingAmount>0.044724</resultingAmount>
        </exchange>
        <exchange xmlns:olca="http://openlca.org/ilcd-extensions" dataSetInternalID="75" olca:unitId="20aadc24-a391-41cf-b340-3e4529f44bde" olca:propertyId="93a60a56-a3c8-11da-a746-0800200b9a66" olca:amount="3.14E-6">
            <referenceToFlowDataSet type="flow data set" refObjectId="8e123669-94d3-41d8-9480-a79211fe7c43" version="01.00.000" uri="../flows/8e123669-94d3-41d8-9480-a79211fe7c43">
                <common:shortDescription xml:lang="en">Lead</common:shortDescription>
            </referenceToFlowDataSet>
            <exchangeDirection>Output</exchangeDirection>
            <meanAmount>3.14E-6</meanAmount>
            <resultingAmount>3.14E-6</resultingAmount>
        </exchange>
        <exchange xmlns:olca="http://openlca.org/ilcd-extensions" dataSetInternalID="2" olca:unitId="20aadc24-a391-41cf-b340-3e4529f44bde" olca:propertyId="93a60a56-a3c8-11da-a746-0800200b9a66" olca:amount="0.107">
            <referenceToFlowDataSet type="flow data set" refObjectId="e20ae2e6-868f-3926-93c5-37cbdf6ba0ee" version="01.00.000" uri="../flows/e20ae2e6-868f-3926-93c5-37cbdf6ba0ee">
                <common:shortDescription xml:lang="en">Hazardous waste, DK</common:shortDescription>
            </referenceToFlowDataSet>
            <exchangeDirection>Output</exchangeDirection>
            <meanAmount>0.107</meanAmount>
            <resultingAmount>0.107</resultingAmount>
        </exchange>
        <exchange xmlns:olca="http://openlca.org/ilcd-extensions" dataSetInternalID="44" olca:unitId="20aadc24-a391-41cf-b340-3e4529f44bde" olca:propertyId="93a60a56-a3c8-11da-a746-0800200b9a66" olca:amount="0.643">
            <referenceToFlowDataSet type="flow data set" refObjectId="fd7aa71c-508c-480d-81a6-8052aad92646" version="01.00.000" uri="../flows/fd7aa71c-508c-480d-81a6-8052aad92646">
                <common:shortDescription xml:lang="en">Sulfur dioxide</common:shortDescription>
            </referenceToFlowDataSet>
            <exchangeDirection>Output</exchangeDirection>
            <meanAmount>0.643</meanAmount>
            <resultingAmount>0.643</resultingAmount>
        </exchange>
        <exchange xmlns:olca="http://openlca.org/ilcd-extensions" dataSetInternalID="54" olca:unitId="20aadc24-a391-41cf-b340-3e4529f44bde" olca:propertyId="93a60a56-a3c8-11da-a746-0800200b9a66" olca:amount="114.0">
            <referenceToFlowDataSet type="flow data set" refObjectId="ad43e6b7-c3c2-3cd3-8391-bca65befbc11" version="01.00.000" uri="../flows/ad43e6b7-c3c2-3cd3-8391-bca65befbc11">
                <common:shortDescription xml:lang="en">Natural gas, at extraction site</common:shortDescription>
            </referenceToFlowDataSet>
            <exchangeDirection>Input</exchangeDirection>
            <meanAmount>114.0</meanAmount>
            <resultingAmount>114.0</resultingAmount>
        </exchange>
        <exchange xmlns:olca="http://openlca.org/ilcd-extensions" dataSetInternalID="10" olca:unitId="20aadc24-a391-41cf-b340-3e4529f44bde" olca:propertyId="93a60a56-a3c8-11da-a746-0800200b9a66" olca:amount="0.10614">
            <referenceToFlowDataSet type="flow data set" refObjectId="3f320acb-d585-3f57-8f2d-bdcf28c87899" version="01.00.000" uri="../flows/3f320acb-d585-3f57-8f2d-bdcf28c87899">
                <common:shortDescription xml:lang="en">CUTOFF Carbon dioxide, liquid, at plant</common:shortDescription>
            </referenceToFlowDataSet>
            <exchangeDirection>Input</exchangeDirection>
            <meanAmount>0.10614</meanAmount>
            <resultingAmount>0.10614</resultingAmount>
        </exchange>
        <exchange xmlns:olca="http://openlca.org/ilcd-extensions" dataSetInternalID="57" olca:unitId="20aadc24-a391-41cf-b340-3e4529f44bde" olca:propertyId="93a60a56-a3c8-11da-a746-0800200b9a66" olca:amount="8.93E-6">
            <referenceToFlowDataSet type="flow data set" refObjectId="b010a3a3-594f-3a82-8fd2-148e3713b84d" version="01.00.000" uri="../flows/b010a3a3-594f-3a82-8fd2-148e3713b84d">
                <common:shortDescription xml:lang="en">Heavy metals, unspecified</common:shortDescription>
            </referenceToFlowDataSet>
            <exchangeDirection>Output</exchangeDirection>
            <meanAmount>8.93E-6</meanAmount>
            <resultingAmount>8.93E-6</resultingAmount>
        </exchange>
        <exchange xmlns:olca="http://openlca.org/ilcd-extensions" dataSetInternalID="9" olca:unitId="0dea4ed8-bb6b-4049-b2b4-b2c413ef2180" olca:propertyId="838aaa20-0117-11db-92e3-0800200c9a66" olca:amount="33.7">
            <referenceToFlowDataSet type="flow data set" refObjectId="2afb4e2f-b224-3900-956f-03e3f27b276b" version="01.00.000" uri="../flows/2afb4e2f-b224-3900-956f-03e3f27b276b">
                <common:shortDescription xml:lang="en">Transport, combination truck, average fuel mix</common:shortDescription>
            </referenceToFlowDataSet>
            <exchangeDirection>Input</exchangeDirection>
            <meanAmount>33.7</meanAmount>
            <resultingAmount>33.7</resultingAmount>
        </exchange>
        <exchange xmlns:olca="http://openlca.org/ilcd-extensions" dataSetInternalID="67" olca:unitId="20aadc24-a391-41cf-b340-3e4529f44bde" olca:propertyId="93a60a56-a3c8-11da-a746-0800200b9a66" olca:amount="57.9">
            <referenceToFlowDataSet type="flow data set" refObjectId="13d018fb-f51a-3875-8cf9-2d9a27eb9b9c" version="01.00.000" uri="../flows/13d018fb-f51a-3875-8cf9-2d9a27eb9b9c">
                <common:shortDescription xml:lang="en">CUTOFF Process-specific burdens, residual material landfill</common:shortDescription>
            </referenceToFlowDataSet>
            <exchangeDirection>Input</exchangeDirection>
            <meanAmount>57.9</meanAmount>
            <resultingAmount>57.9</resultingAmount>
        </exchange>
        <exchange xmlns:olca="http://openlca.org/ilcd-extensions" dataSetInternalID="46" olca:unitId="52765a6c-3896-43c2-b2f4-c679acf13efe" olca:propertyId="f6811440-ee37-11de-8a39-0800200c9a66" olca:amount="121.0">
            <referenceToFlowDataSet type="flow data set" refObjectId="06581fb2-1de0-3e78-8298-f37605dea142" version="01.00.000" uri="../flows/06581fb2-1de0-3e78-8298-f37605dea142">
                <common:shortDescription xml:lang="en">Electricity, at grid</common:shortDescription>
            </referenceToFlowDataSet>
            <exchangeDirection>Input</exchangeDirection>
            <meanAmount>121.0</meanAmount>
            <resultingAmount>121.0</resultingAmount>
        </exchange>
        <exchange xmlns:olca="http://openlca.org/ilcd-extensions" dataSetInternalID="5" olca:unitId="20aadc24-a391-41cf-b340-3e4529f44bde" olca:propertyId="93a60a56-a3c8-11da-a746-0800200b9a66" olca:amount="0.0032">
            <referenceToFlowDataSet type="flow data set" refObjectId="18ee0424-b390-3af5-acf5-4e434e29cd88" version="01.00.000" uri="../flows/18ee0424-b390-3af5-acf5-4e434e29cd88">
                <common:shortDescription xml:lang="en">Butadiene</common:shortDescription>
            </referenceToFlowDataSet>
            <exchangeDirection>Output</exchangeDirection>
            <meanAmount>0.0032</meanAmount>
            <resultingAmount>0.0032</resultingAmount>
        </exchange>
        <exchange xmlns:olca="http://openlca.org/ilcd-extensions" dataSetInternalID="28" olca:unitId="20aadc24-a391-41cf-b340-3e4529f44bde" olca:propertyId="93a60a56-a3c8-11da-a746-0800200b9a66" olca:amount="160.0">
            <referenceToFlowDataSet type="flow data set" refObjectId="e2521d7b-8dcf-32fc-97b0-be7e3c75e8b5" version="01.00.000" uri="../flows/e2521d7b-8dcf-32fc-97b0-be7e3c75e8b5">
                <common:shortDescription xml:lang="en">CUTOFF Disposal, non-sulfidic tailings, off-site</common:shortDescription>
            </referenceToFlowDataSet>
            <exchangeDirection>Input</exchangeDirection>
            <meanAmount>160.0</meanAmount>
            <resultingAmount>160.0</resultingAmount>
        </exchange>
        <exchange xmlns:olca="http://openlca.org/ilcd-extensions" dataSetInternalID="61" olca:unitId="20aadc24-a391-41cf-b340-3e4529f44bde" olca:propertyId="93a60a56-a3c8-11da-a746-0800200b9a66" olca:amount="7.5E-5">
            <referenceToFlowDataSet type="flow data set" refObjectId="19be7ab4-faf2-3c43-8cda-bd039890ddc9" version="01.00.000" uri="../flows/19be7ab4-faf2-3c43-8cda-bd039890ddc9">
                <common:shortDescription xml:lang="en">CUTOFF Sodium perborate, monohydrate, powder, at plant</common:shortDescription>
            </referenceToFlowDataSet>
            <exchangeDirection>Input</exchangeDirection>
            <meanAmount>7.5E-5</meanAmount>
            <resultingAmount>7.5E-5</resultingAmount>
        </exchange>
        <exchange xmlns:olca="http://openlca.org/ilcd-extensions" dataSetInternalID="38" olca:unitId="20aadc24-a391-41cf-b340-3e4529f44bde" olca:propertyId="93a60a56-a3c8-11da-a746-0800200b9a66" olca:amount="0.00137">
            <referenceToFlowDataSet type="flow data set" refObjectId="ab9316f9-3389-362b-af1e-4c703da5b12e" version="01.00.000" uri="../flows/ab9316f9-3389-362b-af1e-4c703da5b12e">
                <common:shortDescription xml:lang="en">Hexane</common:shortDescription>
            </referenceToFlowDataSet>
            <exchangeDirection>Output</exchangeDirection>
            <meanAmount>0.00137</meanAmount>
            <resultingAmount>0.00137</resultingAmount>
        </exchange>
        <exchange xmlns:olca="http://openlca.org/ilcd-extensions" dataSetInternalID="32" olca:unitId="20aadc24-a391-41cf-b340-3e4529f44bde" olca:propertyId="93a60a56-a3c8-11da-a746-0800200b9a66" olca:amount="0.0557">
            <referenceToFlowDataSet type="flow data set" refObjectId="94482ca8-2794-367c-912e-e650cf4671c4" version="01.00.000" uri="../flows/94482ca8-2794-367c-912e-e650cf4671c4">
                <common:shortDescription xml:lang="en">CUTOFF Urea, as n, at regional storehouse</common:shortDescription>
            </referenceToFlowDataSet>
            <exchangeDirection>Input</exchangeDirection>
            <meanAmount>0.0557</meanAmount>
            <resultingAmount>0.0557</resultingAmount>
        </exchange>
        <exchange xmlns:olca="http://openlca.org/ilcd-extensions" dataSetInternalID="7" olca:unitId="20aadc24-a391-41cf-b340-3e4529f44bde" olca:propertyId="93a60a56-a3c8-11da-a746-0800200b9a66" olca:amount="0.073">
            <referenceToFlowDataSet type="flow data set" refObjectId="bf42d200-52c8-3d08-8110-3e9243f2d4f4" version="01.00.000" uri="../flows/bf42d200-52c8-3d08-8110-3e9243f2d4f4">
                <common:shortDescription xml:lang="en">Particulates</common:shortDescription>
            </referenceToFlowDataSet>
            <exchangeDirection>Output</exchangeDirection>
            <meanAmount>0.073</meanAmount>
            <resultingAmount>0.073</resultingAmount>
        </exchange>
        <exchange xmlns:olca="http://openlca.org/ilcd-extensions" dataSetInternalID="31" olca:unitId="20aadc24-a391-41cf-b340-3e4529f44bde" olca:propertyId="93a60a56-a3c8-11da-a746-0800200b9a66" olca:amount="160.0">
            <referenceToFlowDataSet type="flow data set" refObjectId="efd10a1b-966e-39f7-a12e-f47e7b9b28f7" version="01.00.000" uri="../flows/efd10a1b-966e-39f7-a12e-f47e7b9b28f7">
                <common:shortDescription xml:lang="en">Tailings, unspecified</common:shortDescription>
            </referenceToFlowDataSet>
            <exchangeDirection>Output</exchangeDirection>
            <meanAmount>160.0</meanAmount>
            <resultingAmount>160.0</resultingAmount>
        </exchange>
        <exchange xmlns:olca="http://openlca.org/ilcd-extensions" dataSetInternalID="52" olca:unitId="20aadc24-a391-41cf-b340-3e4529f44bde" olca:propertyId="93a60a56-a3c8-11da-a746-0800200b9a66" olca:amount="0.205">
            <referenceToFlowDataSet type="flow data set" refObjectId="889db3d1-a55e-3c24-984e-ee23c829f41a" version="01.00.000" uri="../flows/889db3d1-a55e-3c24-984e-ee23c829f41a">
                <common:shortDescription xml:lang="en">CUTOFF Activated carbon, at plant</common:shortDescription>
            </referenceToFlowDataSet>
            <exchangeDirection>Input</exchangeDirection>
            <meanAmount>0.205</meanAmount>
            <resultingAmount>0.205</resultingAmount>
        </exchange>
        <exchange xmlns:olca="http://openlca.org/ilcd-extensions" dataSetInternalID="25" olca:unitId="20aadc24-a391-41cf-b340-3e4529f44bde" olca:propertyId="93a60a56-a3c8-11da-a746-0800200b9a66" olca:amount="0.616">
            <referenceToFlowDataSet type="flow data set" refObjectId="277959d5-1a12-33d4-9d7f-1604f2227c09" version="01.00.000" uri="../flows/277959d5-1a12-33d4-9d7f-1604f2227c09">
                <common:shortDescription xml:lang="en">Portland cement, at plant</common:shortDescription>
            </referenceToFlowDataSet>
            <exchangeDirection>Input</exchangeDirection>
            <meanAmount>0.616</meanAmount>
            <resultingAmount>0.616</resultingAmount>
        </exchange>
        <exchange xmlns:olca="http://openlca.org/ilcd-extensions" dataSetInternalID="35" olca:unitId="20aadc24-a391-41cf-b340-3e4529f44bde" olca:propertyId="93a60a56-a3c8-11da-a746-0800200b9a66" olca:amount="6.8946E-5">
            <referenceToFlowDataSet type="flow data set" refObjectId="7353751b-4b85-367e-a076-18f2eef8a00c" version="01.00.000" uri="../flows/7353751b-4b85-367e-a076-18f2eef8a00c">
                <common:shortDescription xml:lang="en">CUTOFF Sodium silicate, spray powder 80%, at plant</common:shortDescription>
            </referenceToFlowDataSet>
            <exchangeDirection>Input</exchangeDirection>
            <meanAmount>6.8946E-5</meanAmount>
            <resultingAmount>6.8946E-5</resultingAmount>
        </exchange>
        <exchange xmlns:olca="http://openlca.org/ilcd-extensions" dataSetInternalID="73" olca:unitId="20aadc24-a391-41cf-b340-3e4529f44bde" olca:propertyId="93a60a56-a3c8-11da-a746-0800200b9a66" olca:amount="0.00256">
            <referenceToFlowDataSet type="flow data set" refObjectId="73d49c21-3419-3a99-98de-75152649f291" version="01.00.000" uri="../flows/73d49c21-3419-3a99-98de-75152649f291">
                <common:shortDescription xml:lang="en">Toluene</common:shortDescription>
            </referenceToFlowDataSet>
            <exchangeDirection>Output</exchangeDirection>
            <meanAmount>0.00256</meanAmount>
            <resultingAmount>0.00256</resultingAmount>
        </exchange>
        <exchange xmlns:olca="http://openlca.org/ilcd-extensions" dataSetInternalID="3" olca:unitId="1c3a9695-398d-4b1f-b07e-a8715b610f70" olca:propertyId="93a60a56-a3c8-22da-a746-0800200c9a66" olca:amount="58.05">
            <referenceToFlowDataSet type="flow data set" refObjectId="bd83ce23-816f-3589-b25f-dfca03b42932" version="01.00.000" uri="../flows/bd83ce23-816f-3589-b25f-dfca03b42932">
                <common:shortDescription xml:lang="en">Natural gas, processed, at plant, 1.357 m3/kg</common:shortDescription>
            </referenceToFlowDataSet>
            <exchangeDirection>Input</exchangeDirection>
            <meanAmount>58.05</meanAmount>
            <resultingAmount>58.05</resultingAmount>
        </exchange>
        <exchange xmlns:olca="http://openlca.org/ilcd-extensions" dataSetInternalID="6" olca:unitId="20aadc24-a391-41cf-b340-3e4529f44bde" olca:propertyId="93a60a56-a3c8-11da-a746-0800200b9a66" olca:amount="0.00115">
            <referenceToFlowDataSet type="flow data set" refObjectId="94cf1faf-56a4-3c2c-b6a5-d4e6ef8e6f1e" version="01.00.000" uri="../flows/94cf1faf-56a4-3c2c-b6a5-d4e6ef8e6f1e">
                <common:shortDescription xml:lang="en">CUTOFF Dipropylene glycol monomethyl ether, at plant</common:shortDescription>
            </referenceToFlowDataSet>
            <exchangeDirection>Input</exchangeDirection>
            <meanAmount>0.00115</meanAmount>
            <resultingAmount>0.00115</resultingAmount>
        </exchange>
        <exchange xmlns:olca="http://openlca.org/ilcd-extensions" dataSetInternalID="59" olca:unitId="20aadc24-a391-41cf-b340-3e4529f44bde" olca:propertyId="93a60a56-a3c8-11da-a746-0800200b9a66" olca:amount="0.00571">
            <referenceToFlowDataSet type="flow data set" refObjectId="2b9ae257-21ec-371b-b2d7-6a9924c84d15" version="01.00.000" uri="../flows/2b9ae257-21ec-371b-b2d7-6a9924c84d15">
                <common:shortDescription xml:lang="en">Sulfuric acid</common:shortDescription>
            </referenceToFlowDataSet>
            <exchangeDirection>Output</exchangeDirection>
            <meanAmount>0.00571</meanAmount>
            <resultingAmount>0.00571</resultingAmount>
        </exchange>
        <exchange xmlns:olca="http://openlca.org/ilcd-extensions" dataSetInternalID="64" olca:unitId="20aadc24-a391-41cf-b340-3e4529f44bde" olca:propertyId="93a60a56-a3c8-11da-a746-0800200b9a66" olca:amount="5.48E-4">
            <referenceToFlowDataSet type="flow data set" refObjectId="0a7c4d6c-8916-38c0-91af-8c41addd2588" version="01.00.000" uri="../flows/0a7c4d6c-8916-38c0-91af-8c41addd2588">
                <common:shortDescription xml:lang="en">Benzene, ethyl-</common:shortDescription>
            </referenceToFlowDataSet>
            <exchangeDirection>Output</exchangeDirection>
            <meanAmount>5.48E-4</meanAmount>
            <resultingAmount>5.48E-4</resultingAmount>
        </exchange>
        <exchange xmlns:olca="http://openlca.org/ilcd-extensions" dataSetInternalID="24" olca:unitId="20aadc24-a391-41cf-b340-3e4529f44bde" olca:propertyId="93a60a56-a3c8-11da-a746-0800200b9a66" olca:amount="0.0016647">
            <referenceToFlowDataSet type="flow data set" refObjectId="67b50031-6239-3514-a37f-2b17de803c88" version="01.00.000" uri="../flows/67b50031-6239-3514-a37f-2b17de803c88">
                <common:shortDescription xml:lang="en">Polystyrene, general purpose, at plant</common:shortDescription>
            </referenceToFlowDataSet>
            <exchangeDirection>Input</exchangeDirection>
            <meanAmount>0.0016647</meanAmount>
            <resultingAmount>0.0016647</resultingAmount>
        </exchange>
        <exchange xmlns:olca="http://openlca.org/ilcd-extensions" dataSetInternalID="58" olca:unitId="0dea4ed8-bb6b-4049-b2b4-b2c413ef2180" olca:propertyId="838aaa20-0117-11db-92e3-0800200c9a66" olca:amount="0.357">
            <referenceToFlowDataSet type="flow data set" refObjectId="73c7494d-4e93-3769-896b-8bb82f0dfccc" version="01.00.000" uri="../flows/73c7494d-4e93-3769-896b-8bb82f0dfccc">
                <common:shortDescription xml:lang="en">Transport, train, diesel powered</common:shortDescription>
            </referenceToFlowDataSet>
            <exchangeDirection>Input</exchangeDirection>
            <meanAmount>0.357</meanAmount>
            <resultingAmount>0.357</resultingAmount>
        </exchange>
        <exchange xmlns:olca="http://openlca.org/ilcd-extensions" dataSetInternalID="68" olca:unitId="20aadc24-a391-41cf-b340-3e4529f44bde" olca:propertyId="93a60a56-a3c8-11da-a746-0800200b9a66" olca:amount="0.018098">
            <referenceToFlowDataSet type="flow data set" refObjectId="fa2aabaa-cfb7-3ee7-b7b1-606d681ff15a" version="01.00.000" uri="../flows/fa2aabaa-cfb7-3ee7-b7b1-606d681ff15a">
                <common:shortDescription xml:lang="en">Polyethylene, high density, resin, at plant</common:shortDescription>
            </referenceToFlowDataSet>
            <exchangeDirection>Input</exchangeDirection>
            <meanAmount>0.018098</meanAmount>
            <resultingAmount>0.018098</resultingAmount>
        </exchange>
        <exchange xmlns:olca="http://openlca.org/ilcd-extensions" dataSetInternalID="18" olca:unitId="1c3a9695-398d-4b1f-b07e-a8715b610f70" olca:propertyId="93a60a56-a3c8-22da-a746-0800200c9a66" olca:amount="0.001412">
            <referenceToFlowDataSet type="flow data set" refObjectId="f77da622-e84d-3639-8917-fcf792aaee13" version="01.00.000" uri="../flows/f77da622-e84d-3639-8917-fcf792aaee13">
                <common:shortDescription xml:lang="en">Liquefied petroleum gas, combusted in industrial boiler</common:shortDescription>
            </referenceToFlowDataSet>
            <exchangeDirection>Input</exchangeDirection>
            <meanAmount>0.001412</meanAmount>
            <resultingAmount>0.001412</resultingAmount>
        </exchange>
        <exchange xmlns:olca="http://openlca.org/ilcd-extensions" dataSetInternalID="78" olca:unitId="20aadc24-a391-41cf-b340-3e4529f44bde" olca:propertyId="93a60a56-a3c8-11da-a746-0800200b9a66" olca:amount="2.74E-4">
            <referenceToFlowDataSet type="flow data set" refObjectId="27f50545-345c-3fb5-a853-9c2ff309ed28" version="01.00.000" uri="../flows/27f50545-345c-3fb5-a853-9c2ff309ed28">
                <common:shortDescription xml:lang="en">Acrolein</common:shortDescription>
            </referenceToFlowDataSet>
            <exchangeDirection>Output</exchangeDirection>
            <meanAmount>2.74E-4</meanAmount>
            <resultingAmount>2.74E-4</resultingAmount>
        </exchange>
        <exchange xmlns:olca="http://openlca.org/ilcd-extensions" dataSetInternalID="21" olca:unitId="20aadc24-a391-41cf-b340-3e4529f44bde" olca:propertyId="93a60a56-a3c8-11da-a746-0800200b9a66" olca:amount="0.107">
            <referenceToFlowDataSet type="flow data set" refObjectId="44dc94df-557d-337c-8d2e-ab275a393842" version="01.00.000" uri="../flows/44dc94df-557d-337c-8d2e-ab275a393842">
                <common:shortDescription xml:lang="en">CUTOFF Disposal, hazardous waste, 25% water, to hazardous waste incineration</common:shortDescription>
            </referenceToFlowDataSet>
            <exchangeDirection>Input</exchangeDirection>
            <meanAmount>0.107</meanAmount>
            <resultingAmount>0.107</resultingAmount>
        </exchange>
        <exchange xmlns:olca="http://openlca.org/ilcd-extensions" dataSetInternalID="26" olca:unitId="20aadc24-a391-41cf-b340-3e4529f44bde" olca:propertyId="93a60a56-a3c8-11da-a746-0800200b9a66" olca:amount="0.26">
            <referenceToFlowDataSet type="flow data set" refObjectId="e3e36b0b-cd9f-3394-924d-2e565e97d38d" version="01.00.000" uri="../flows/e3e36b0b-cd9f-3394-924d-2e565e97d38d">
                <common:shortDescription xml:lang="en">Propylene oxide, at plant</common:shortDescription>
            </referenceToFlowDataSet>
            <exchangeDirection>Input</exchangeDirection>
            <meanAmount>0.26</meanAmount>
            <resultingAmount>0.26</resultingAmount>
        </exchange>
        <exchange xmlns:olca="http://openlca.org/ilcd-extensions" dataSetInternalID="29" olca:unitId="20aadc24-a391-41cf-b340-3e4529f44bde" olca:propertyId="93a60a56-a3c8-11da-a746-0800200b9a66" olca:amount="0.043817">
            <referenceToFlowDataSet type="flow data set" refObjectId="8850417f-b844-34b8-8f39-b373e9783d52" version="01.00.000" uri="../flows/8850417f-b844-34b8-8f39-b373e9783d52">
                <common:shortDescription xml:lang="en">Methylene diphenyl diisocyanate resin, at plant</common:shortDescription>
            </referenceToFlowDataSet>
            <exchangeDirection>Input</exchangeDirection>
            <meanAmount>0.043817</meanAmount>
            <resultingAmount>0.043817</resultingAmount>
        </exchange>
        <exchange xmlns:olca="http://openlca.org/ilcd-extensions" dataSetInternalID="12" olca:unitId="20aadc24-a391-41cf-b340-3e4529f44bde" olca:propertyId="93a60a56-a3c8-11da-a746-0800200b9a66" olca:amount="6.75">
            <referenceToFlowDataSet type="flow data set" refObjectId="a4a2236b-cca1-3c02-8146-75545992cfd7" version="01.00.000" uri="../flows/a4a2236b-cca1-3c02-8146-75545992cfd7">
                <common:shortDescription xml:lang="en">CUTOFF Disposal, hard coal ash, 0% water, to residual material landfill</common:shortDescription>
            </referenceToFlowDataSet>
            <exchangeDirection>Input</exchangeDirection>
            <meanAmount>6.75</meanAmount>
            <resultingAmount>6.75</resultingAmount>
        </exchange>
        <exchange xmlns:olca="http://openlca.org/ilcd-extensions" dataSetInternalID="20" olca:unitId="1c3a9695-398d-4b1f-b07e-a8715b610f70" olca:propertyId="93a60a56-a3c8-22da-a746-0800200c9a66" olca:amount="0.28277">
            <referenceToFlowDataSet type="flow data set" refObjectId="d815ff18-015c-3afb-be18-be03bdf325da" version="01.00.000" uri="../flows/d815ff18-015c-3afb-be18-be03bdf325da">
                <common:shortDescription xml:lang="en">Diesel, combusted in industrial equipment</common:shortDescription>
            </referenceToFlowDataSet>
            <exchangeDirection>Input</exchangeDirection>
            <meanAmount>0.28277</meanAmount>
            <resultingAmount>0.28277</resultingAmount>
        </exchange>
        <exchange xmlns:olca="http://openlca.org/ilcd-extensions" dataSetInternalID="15" olca:unitId="20aadc24-a391-41cf-b340-3e4529f44bde" olca:propertyId="93a60a56-a3c8-11da-a746-0800200b9a66" olca:amount="2.21E-4">
            <referenceToFlowDataSet type="flow data set" refObjectId="20d4d821-f4f7-4017-8810-f822fcdf619e" version="01.00.000" uri="../flows/20d4d821-f4f7-4017-8810-f822fcdf619e">
                <common:shortDescription xml:lang="en">Hydrogen sulfide</common:shortDescription>
            </referenceToFlowDataSet>
            <exchangeDirection>Output</exchangeDirection>
            <meanAmount>2.21E-4</meanAmount>
            <resultingAmount>2.21E-4</resultingAmount>
        </exchange>
        <exchange xmlns:olca="http://openlca.org/ilcd-extensions" dataSetInternalID="16" olca:unitId="20aadc24-a391-41cf-b340-3e4529f44bde" olca:propertyId="93a60a56-a3c8-11da-a746-0800200b9a66" olca:amount="0.029211">
            <referenceToFlowDataSet type="flow data set" refObjectId="e788cf0b-9dbd-341c-9ab2-5a80db504bc0" version="01.00.000" uri="../flows/e788cf0b-9dbd-341c-9ab2-5a80db504bc0">
                <common:shortDescription xml:lang="en">Polyol ether, for rigid foam polyurethane production, at plant</common:shortDescription>
            </referenceToFlowDataSet>
            <exchangeDirection>Input</exchangeDirection>
            <meanAmount>0.029211</meanAmount>
            <resultingAmount>0.029211</resultingAmount>
        </exchange>
        <exchange xmlns:olca="http://openlca.org/ilcd-extensions" dataSetInternalID="40" olca:unitId="1c3a9695-398d-4b1f-b07e-a8715b610f70" olca:propertyId="93a60a56-a3c8-22da-a746-0800200c9a66" olca:amount="4.1261">
            <referenceToFlowDataSet type="flow data set" refObjectId="797f3d85-41ed-3e5b-b8d0-e932c5a26f39" version="01.00.000" uri="../flows/797f3d85-41ed-3e5b-b8d0-e932c5a26f39">
                <common:shortDescription xml:lang="en">Water, river</common:shortDescription>
            </referenceToFlowDataSet>
            <exchangeDirection>Input</exchangeDirection>
            <meanAmount>4.1261</meanAmount>
            <resultingAmount>4.1261</resultingAmount>
        </exchange>
        <exchange xmlns:olca="http://openlca.org/ilcd-extensions" dataSetInternalID="43" olca:unitId="20aadc24-a391-41cf-b340-3e4529f44bde" olca:propertyId="93a60a56-a3c8-11da-a746-0800200b9a66" olca:amount="2.18E-5">
            <referenceToFlowDataSet type="flow data set" refObjectId="277959d5-1a12-33d4-9d7f-1604f2227c09" version="01.00.000" uri="../flows/277959d5-1a12-33d4-9d7f-1604f2227c09">
                <common:shortDescription xml:lang="en">Portland cement, at plant</common:shortDescription>
            </referenceToFlowDataSet>
            <exchangeDirection>Input</exchangeDirection>
            <meanAmount>2.18E-5</meanAmount>
            <resultingAmount>2.18E-5</resultingAmount>
        </exchange>
        <exchange xmlns:olca="http://openlca.org/ilcd-extensions" dataSetInternalID="33" olca:unitId="20aadc24-a391-41cf-b340-3e4529f44bde" olca:propertyId="93a60a56-a3c8-11da-a746-0800200b9a66" olca:amount="565.0">
            <referenceToFlowDataSet type="flow data set" refObjectId="7ae371aa-8532-11e0-9d78-0800200c9a66" version="01.00.000" uri="../flows/7ae371aa-8532-11e0-9d78-0800200c9a66">
                <common:shortDescription xml:lang="en">Carbon dioxide</common:shortDescription>
            </referenceToFlowDataSet>
            <exchangeDirection>Output</exchangeDirection>
            <meanAmount>565.0</meanAmount>
            <resultingAmount>565.0</resultingAmount>
        </exchange>
        <exchange xmlns:olca="http://openlca.org/ilcd-extensions" dataSetInternalID="8" olca:unitId="20aadc24-a391-41cf-b340-3e4529f44bde" olca:propertyId="93a60a56-a3c8-11da-a746-0800200b9a66" olca:amount="149.69">
            <referenceToFlowDataSet type="flow data set" refObjectId="90247271-0884-3a25-af40-be7abccb922c" version="01.00.000" uri="../flows/90247271-0884-3a25-af40-be7abccb922c">
                <common:shortDescription xml:lang="en">Lignite coal, at surface mine</common:shortDescription>
            </referenceToFlowDataSet>
            <exchangeDirection>Input</exchangeDirection>
            <meanAmount>149.69</meanAmount>
            <resultingAmount>149.69</resultingAmount>
        </exchange>
        <exchange xmlns:olca="http://openlca.org/ilcd-extensions" dataSetInternalID="65" olca:unitId="20aadc24-a391-41cf-b340-3e4529f44bde" olca:propertyId="93a60a56-a3c8-11da-a746-0800200b9a66" olca:amount="0.6">
            <referenceToFlowDataSet type="flow data set" refObjectId="7eb5fa0a-92fc-34d5-a0ba-68eb39e736f5" version="01.00.000" uri="../flows/7eb5fa0a-92fc-34d5-a0ba-68eb39e736f5">
                <common:shortDescription xml:lang="en">CUTOFF Expanded perlite, at plant</common:shortDescription>
            </referenceToFlowDataSet>
            <exchangeDirection>Input</exchangeDirection>
            <meanAmount>0.6</meanAmount>
            <resultingAmount>0.6</resultingAmount>
        </exchange>
        <exchange xmlns:olca="http://openlca.org/ilcd-extensions" dataSetInternalID="39" olca:unitId="20aadc24-a391-41cf-b340-3e4529f44bde" olca:propertyId="93a60a56-a3c8-11da-a746-0800200b9a66" olca:amount="6.75">
            <referenceToFlowDataSet type="flow data set" refObjectId="767ae502-93b3-3cd9-8992-486ce5e939d2" version="01.00.000" uri="../flows/767ae502-93b3-3cd9-8992-486ce5e939d2">
                <common:shortDescription xml:lang="en">Fly ash</common:shortDescription>
            </referenceToFlowDataSet>
            <exchangeDirection>Output</exchangeDirection>
            <meanAmount>6.75</meanAmount>
            <resultingAmount>6.75</resultingAmount>
        </exchange>
        <exchange xmlns:olca="http://openlca.org/ilcd-extensions" dataSetInternalID="55" olca:unitId="20aadc24-a391-41cf-b340-3e4529f44bde" olca:propertyId="93a60a56-a3c8-11da-a746-0800200b9a66" olca:amount="2.2861">
            <referenceToFlowDataSet type="flow data set" refObjectId="e3d97362-bb7a-3a33-acbf-c2d69c622ed0" version="01.00.000" uri="../flows/e3d97362-bb7a-3a33-acbf-c2d69c622ed0">
                <common:shortDescription xml:lang="en">Iron and steel, production mix</common:shortDescription>
            </referenceToFlowDataSet>
            <exchangeDirection>Input</exchangeDirection>
            <meanAmount>2.2861</meanAmount>
            <resultingAmount>2.2861</resultingAmount>
        </exchange>
        <exchange xmlns:olca="http://openlca.org/ilcd-extensions" dataSetInternalID="66" olca:unitId="20aadc24-a391-41cf-b340-3e4529f44bde" olca:propertyId="93a60a56-a3c8-11da-a746-0800200b9a66" olca:amount="0.0364">
            <referenceToFlowDataSet type="flow data set" refObjectId="a1167c39-1c98-360a-b834-c22a9726c001" version="01.00.000" uri="../flows/a1167c39-1c98-360a-b834-c22a9726c001">
                <common:shortDescription xml:lang="en">Chlorine, production mix, at plant</common:shortDescription>
            </referenceToFlowDataSet>
            <exchangeDirection>Input</exchangeDirection>
            <meanAmount>0.0364</meanAmount>
            <resultingAmount>0.0364</resultingAmount>
        </exchange>
        <exchange xmlns:olca="http://openlca.org/ilcd-extensions" dataSetInternalID="71" olca:unitId="20aadc24-a391-41cf-b340-3e4529f44bde" olca:propertyId="93a60a56-a3c8-11da-a746-0800200b9a66" olca:amount="0.187">
            <referenceToFlowDataSet type="flow data set" refObjectId="bf42d200-52c8-3d08-8110-3e9243f2d4f4" version="01.00.000" uri="../flows/bf42d200-52c8-3d08-8110-3e9243f2d4f4">
                <common:shortDescription xml:lang="en">Particulates</common:shortDescription>
            </referenceToFlowDataSet>
            <exchangeDirection>Output</exchangeDirection>
            <meanAmount>0.187</meanAmount>
            <resultingAmount>0.187</resultingAmount>
        </exchange>
        <exchange xmlns:olca="http://openlca.org/ilcd-extensions" dataSetInternalID="13" olca:unitId="20aadc24-a391-41cf-b340-3e4529f44bde" olca:propertyId="93a60a56-a3c8-11da-a746-0800200b9a66" olca:amount="12.4">
            <referenceToFlowDataSet type="flow data set" refObjectId="c34c4451-297f-3b5c-a15f-2c16cdb52ad9" version="01.00.000" uri="../flows/c34c4451-297f-3b5c-a15f-2c16cdb52ad9">
                <common:shortDescription xml:lang="en">Quicklime, at plant</common:shortDescription>
            </referenceToFlowDataSet>
            <exchangeDirection>Input</exchangeDirection>
            <meanAmount>12.4</meanAmount>
            <resultingAmount>12.4</resultingAmount>
        </exchange>
        <exchange xmlns:olca="http://openlca.org/ilcd-extensions" dataSetInternalID="30" olca:unitId="20aadc24-a391-41cf-b340-3e4529f44bde" olca:propertyId="93a60a56-a3c8-11da-a746-0800200b9a66" olca:amount="0.672">
            <referenceToFlowDataSet type="flow data set" refObjectId="c1b91234-6f24-417b-8309-46111d09c457" version="01.00.000" uri="../flows/c1b91234-6f24-417b-8309-46111d09c457">
                <common:shortDescription xml:lang="en">Nitrogen oxides</common:shortDescription>
            </referenceToFlowDataSet>
            <exchangeDirection>Output</exchangeDirection>
            <meanAmount>0.672</meanAmount>
            <resultingAmount>0.672</resultingAmount>
        </exchange>
        <exchange xmlns:olca="http://openlca.org/ilcd-extensions" dataSetInternalID="37" olca:unitId="1c3a9695-398d-4b1f-b07e-a8715b610f70" olca:propertyId="93a60a56-a3c8-22da-a746-0800200c9a66" olca:amount="0.0255">
            <referenceToFlowDataSet type="flow data set" refObjectId="d939590b-a0d7-310c-8952-9921ed64a078" version="01.00.000" uri="../flows/d939590b-a0d7-310c-8952-9921ed64a078">
                <common:shortDescription xml:lang="en">Diesel, at refinery</common:shortDescription>
            </referenceToFlowDataSet>
            <exchangeDirection>Input</exchangeDirection>
            <meanAmount>0.0255</meanAmount>
            <resultingAmount>0.0255</resultingAmount>
        </exchange>
        <exchange xmlns:olca="http://openlca.org/ilcd-extensions" dataSetInternalID="49" olca:unitId="20aadc24-a391-41cf-b340-3e4529f44bde" olca:propertyId="93a60a56-a3c8-11da-a746-0800200b9a66" olca:amount="6.441E-4">
            <referenceToFlowDataSet type="flow data set" refObjectId="7470c643-cdb4-34dc-8ee5-14dfc6b04de6" version="01.00.000" uri="../flows/7470c643-cdb4-34dc-8ee5-14dfc6b04de6">
                <common:shortDescription xml:lang="en">CUTOFF Silicone product, at plant</common:shortDescription>
            </referenceToFlowDataSet>
            <exchangeDirection>Input</exchangeDirection>
            <meanAmount>6.441E-4</meanAmount>
            <resultingAmount>6.441E-4</resultingAmount>
        </exchange>
        <exchange xmlns:olca="http://openlca.org/ilcd-extensions" dataSetInternalID="22" olca:unitId="20aadc24-a391-41cf-b340-3e4529f44bde" olca:propertyId="93a60a56-a3c8-11da-a746-0800200b9a66" olca:amount="0.0012">
            <referenceToFlowDataSet type="flow data set" refObjectId="bf42d200-52c8-3d08-8110-3e9243f2d4f4" version="01.00.000" uri="../flows/bf42d200-52c8-3d08-8110-3e9243f2d4f4">
                <common:shortDescription xml:lang="en">Particulates</common:shortDescription>
            </referenceToFlowDataSet>
            <exchangeDirection>Output</exchangeDirection>
            <meanAmount>0.0012</meanAmount>
            <resultingAmount>0.0012</resultingAmount>
        </exchange>
        <exchange xmlns:olca="http://openlca.org/ilcd-extensions" dataSetInternalID="80" olca:unitId="0dea4ed8-bb6b-4049-b2b4-b2c413ef2180" olca:propertyId="838aaa20-0117-11db-92e3-0800200c9a66" olca:amount="0.0945">
            <referenceToFlowDataSet type="flow data set" refObjectId="4069483a-8d94-3b6b-81be-5f0a249b74f4" version="01.00.000" uri="../flows/4069483a-8d94-3b6b-81be-5f0a249b74f4">
                <common:shortDescription xml:lang="en">Transport, barge, average fuel mix</common:shortDescription>
            </referenceToFlowDataSet>
            <exchangeDirection>Input</exchangeDirection>
            <meanAmount>0.0945</meanAmount>
            <resultingAmount>0.0945</resultingAmount>
        </exchange>
        <exchange xmlns:olca="http://openlca.org/ilcd-extensions" dataSetInternalID="27" olca:unitId="20aadc24-a391-41cf-b340-3e4529f44bde" olca:propertyId="93a60a56-a3c8-11da-a746-0800200b9a66" olca:amount="9.25E-4">
            <referenceToFlowDataSet type="flow data set" refObjectId="c28f9211-98eb-3509-95cc-771d8fefae51" version="01.00.000" uri="../flows/c28f9211-98eb-3509-95cc-771d8fefae51">
                <common:shortDescription xml:lang="en">Sodium chloride, at plant</common:shortDescription>
            </referenceToFlowDataSet>
            <exchangeDirection>Input</exchangeDirection>
            <meanAmount>9.25E-4</meanAmount>
            <resultingAmount>9.25E-4</resultingAmount>
        </exchange>
        <exchange xmlns:olca="http://openlca.org/ilcd-extensions" dataSetInternalID="72" olca:unitId="20aadc24-a391-41cf-b340-3e4529f44bde" olca:propertyId="93a60a56-a3c8-11da-a746-0800200b9a66" olca:amount="0.027987">
            <referenceToFlowDataSet type="flow data set" refObjectId="fa5304ba-de40-35cf-a5d6-3e09d9b79205" version="01.00.000" uri="../flows/fa5304ba-de40-35cf-a5d6-3e09d9b79205">
                <common:shortDescription xml:lang="en">Acrylonitrile-butadiene-styrene copolymer resin, at plant</common:shortDescription>
            </referenceToFlowDataSet>
            <exchangeDirection>Input</exchangeDirection>
            <meanAmount>0.027987</meanAmount>
            <resultingAmount>0.027987</resultingAmount>
        </exchange>
        <exchange xmlns:olca="http://openlca.org/ilcd-extensions" dataSetInternalID="60" olca:unitId="20aadc24-a391-41cf-b340-3e4529f44bde" olca:propertyId="93a60a56-a3c8-11da-a746-0800200b9a66" olca:amount="0.0357">
            <referenceToFlowDataSet type="flow data set" refObjectId="45b3e55b-7892-341a-a0cc-6b6bb421c08c" version="01.00.000" uri="../flows/45b3e55b-7892-341a-a0cc-6b6bb421c08c">
                <common:shortDescription xml:lang="en">CUTOFF Gravel, unspecified, at mine</common:shortDescription>
            </referenceToFlowDataSet>
            <exchangeDirection>Input</exchangeDirection>
            <meanAmount>0.0357</meanAmount>
            <resultingAmount>0.0357</resultingAmount>
        </exchange>
        <exchange xmlns:olca="http://openlca.org/ilcd-extensions" dataSetInternalID="19" olca:unitId="20aadc24-a391-41cf-b340-3e4529f44bde" olca:propertyId="93a60a56-a3c8-11da-a746-0800200b9a66" olca:amount="0.0013336">
            <referenceToFlowDataSet type="flow data set" refObjectId="96f75f3f-66af-3b40-8cd4-7a7fe91a4e17" version="01.00.000" uri="../flows/96f75f3f-66af-3b40-8cd4-7a7fe91a4e17">
                <common:shortDescription xml:lang="en">CUTOFF Biocides, for paper production, unspecified, at plant</common:shortDescription>
            </referenceToFlowDataSet>
            <exchangeDirection>Input</exchangeDirection>
            <meanAmount>0.0013336</meanAmount>
            <resultingAmount>0.0013336</resultingAmount>
        </exchange>
        <exchange xmlns:olca="http://openlca.org/ilcd-extensions" dataSetInternalID="14" olca:unitId="20aadc24-a391-41cf-b340-3e4529f44bde" olca:propertyId="93a60a56-a3c8-11da-a746-0800200b9a66" olca:amount="1.05E-4">
            <referenceToFlowDataSet type="flow data set" refObjectId="e3d97362-bb7a-3a33-acbf-c2d69c622ed0" version="01.00.000" uri="../flows/e3d97362-bb7a-3a33-acbf-c2d69c622ed0">
                <common:shortDescription xml:lang="en">Iron and steel, production mix</common:shortDescription>
            </referenceToFlowDataSet>
            <exchangeDirection>Input</exchangeDirection>
            <meanAmount>1.05E-4</meanAmount>
            <resultingAmount>1.05E-4</resultingAmount>
        </exchange>
        <exchange xmlns:olca="http://openlca.org/ilcd-extensions" dataSetInternalID="4" olca:unitId="20aadc24-a391-41cf-b340-3e4529f44bde" olca:propertyId="93a60a56-a3c8-11da-a746-0800200b9a66" olca:amount="0.00475">
            <referenceToFlowDataSet type="flow data set" refObjectId="0ba9c977-5398-3e0f-b3c9-d922e39d7894" version="01.00.000" uri="../flows/0ba9c977-5398-3e0f-b3c9-d922e39d7894">
                <common:shortDescription xml:lang="en">Benzene</common:shortDescription>
            </referenceToFlowDataSet>
            <exchangeDirection>Output</exchangeDirection>
            <meanAmount>0.00475</meanAmount>
            <resultingAmount>0.00475</resultingAmount>
        </exchange>
        <exchange xmlns:olca="http://openlca.org/ilcd-extensions" dataSetInternalID="47" olca:unitId="20aadc24-a391-41cf-b340-3e4529f44bde" olca:propertyId="93a60a56-a3c8-11da-a746-0800200b9a66" olca:amount="6.441E-4">
            <referenceToFlowDataSet type="flow data set" refObjectId="34e362f6-cb00-3540-87b1-45c8d3cf9e63" version="01.00.000" uri="../flows/34e362f6-cb00-3540-87b1-45c8d3cf9e63">
                <common:shortDescription xml:lang="en">CUTOFF Water, at user</common:shortDescription>
            </referenceToFlowDataSet>
            <exchangeDirection>Input</exchangeDirection>
            <meanAmount>6.441E-4</meanAmount>
            <resultingAmount>6.441E-4</resultingAmount>
        </exchange>
        <exchange xmlns:olca="http://openlca.org/ilcd-extensions" dataSetInternalID="36" olca:unitId="20aadc24-a391-41cf-b340-3e4529f44bde" olca:propertyId="93a60a56-a3c8-11da-a746-0800200b9a66" olca:amount="0.0010251">
            <referenceToFlowDataSet type="flow data set" refObjectId="2bb0cd6b-941b-38da-856c-1b7bd0cc5f49" version="01.00.000" uri="../flows/2bb0cd6b-941b-38da-856c-1b7bd0cc5f49">
                <common:shortDescription xml:lang="en">Polyvinyl chloride, resin, at plant</common:shortDescription>
            </referenceToFlowDataSet>
            <exchangeDirection>Input</exchangeDirection>
            <meanAmount>0.0010251</meanAmount>
            <resultingAmount>0.0010251</resultingAmount>
        </exchange>
        <exchange xmlns:olca="http://openlca.org/ilcd-extensions" dataSetInternalID="41" olca:unitId="20aadc24-a391-41cf-b340-3e4529f44bde" olca:propertyId="93a60a56-a3c8-11da-a746-0800200b9a66" olca:amount="9.13E-4">
            <referenceToFlowDataSet type="flow data set" refObjectId="02519f4d-6743-3cdb-bc0e-4655d0841a8e" version="01.00.000" uri="../flows/02519f4d-6743-3cdb-bc0e-4655d0841a8e">
                <common:shortDescription xml:lang="en">Methyl ethyl ketone</common:shortDescription>
            </referenceToFlowDataSet>
            <exchangeDirection>Output</exchangeDirection>
            <meanAmount>9.13E-4</meanAmount>
            <resultingAmount>9.13E-4</resultingAmount>
        </exchange>
        <exchange xmlns:olca="http://openlca.org/ilcd-extensions" dataSetInternalID="50" olca:unitId="1c3a9695-398d-4b1f-b07e-a8715b610f70" olca:propertyId="93a60a56-a3c8-22da-a746-0800200c9a66" olca:amount="0.061702">
            <referenceToFlowDataSet type="flow data set" refObjectId="bc38e349-1ccf-3855-a615-a4f581ab875b" version="01.00.000" uri="../flows/bc38e349-1ccf-3855-a615-a4f581ab875b">
                <common:shortDescription xml:lang="en">Gasoline, combusted in equipment</common:shortDescription>
            </referenceToFlowDataSet>
            <exchangeDirection>Input</exchangeDirection>
            <meanAmount>0.061702</meanAmount>
            <resultingAmount>0.061702</resultingAmount>
        </exchange>
    </exchanges>
</processDataSet>
