<?xml version="1.0" encoding="UTF-8" standalone="yes"?>
<processDataSet xmlns:m="http://lca.jrc.it/ILCD/LCIAMethod" xmlns:common="http://lca.jrc.it/ILCD/Common" xmlns:s="http://lca.jrc.it/ILCD/Source" xmlns:c="http://lca.jrc.it/ILCD/Contact" xmlns:f="http://lca.jrc.it/ILCD/Flow" xmlns="http://lca.jrc.it/ILCD/Process" xmlns:fp="http://lca.jrc.it/ILCD/FlowProperty" xmlns:u="http://lca.jrc.it/ILCD/UnitGroup" version="1.1">
    <processInformation>
        <dataSetInformation>
            <common:UUID>1e4fd434-9cd2-402a-8ebf-43891d0dd591</common:UUID>
            <name>
                <baseName xml:lang="en">Steam, purchased by containerboard mills</baseName>
            </name>
            <classificationInformation>
                <common:classification>
                    <common:class level="0" classId="b68bc311-dac6-3892-9112-4199641c1026">22: Utilities</common:class>
                    <common:class level="1" classId="4da1e9cd-0458-3a61-a8f9-b04fa15e8699">2213: Water, Sewage and Other Systems</common:class>
                </common:classification>
            </classificationInformation>
            <common:generalComment xml:lang="en">This unit process represent the emissions and resources used in producing steam purchased by containerboard mills.</common:generalComment>
        </dataSetInformation>
        <quantitativeReference type="Reference flow(s)">
            <referenceToReferenceFlow>1</referenceToReferenceFlow>
        </quantitativeReference>
        <time xmlns:olca="http://openlca.org/ilcd-extensions" olca:startDate="1230706800000" olca:endDate="1262156400000">
            <common:referenceYear>2008</common:referenceYear>
            <common:dataSetValidUntil>2009</common:dataSetValidUntil>
        </time>
        <geography>
            <locationOfOperationSupplyOrProduction location="RNA" latitudeAndLongitude="58.71;-91.96"/>
        </geography>
        <technology>
            <technologyDescriptionAndIncludedProcesses xml:lang="en">Average technology. </technologyDescriptionAndIncludedProcesses>
        </technology>
    </processInformation>
    <modellingAndValidation>
        <LCIMethodAndAllocation>
            <typeOfDataSet>Unit process, black box</typeOfDataSet>
            <LCIMethodPrinciple>Other</LCIMethodPrinciple>
            <deviationsFromLCIMethodPrinciple xml:lang="en">Attributional</deviationsFromLCIMethodPrinciple>
            <modellingConstants xml:lang="en">Five containerboard mills reported purchasing steam from local utility plants that operate combined heat and power (CHP) systems compared to seven in 2010. For the 2010 LCA, detailed information pertaining to the fuels consumed and operating characteristics of five of the utility CHP systems providing steam to the containerboard mills were obtained from the US EPA’s eGRID database, pertaining to 2009 (2010 data were not yet available from eGRID; it was not possible to definitively identify the utilities supplying steam to two of the containerboard mills). It was assumed that the five utilities for which data were available were representative of the seven. From this information, the fraction of each fuel making up the total fuel input to the five utility CHP systems and the fraction of the total (considering all five utilities) utility fuel input energy that is allocated to the CHP-produced steam (remainder of fuel energy allocated to produced electricity) were calculated using the Efficiency Method as recommended by the WRI/WBCSD GHG Protocol (WRI and WBCSD). 2006). In this manner, the average quantities of individual fuels consumed during production of steam by the utility CHP plants serving the containerboard mills were estimated (1.24 MJ HHV/MJ sold steam). It was assumed that that steam mix also applies to the 100%-recycled product. For the 2014 LCA, fuel mixes from the most recent eGrid database were checked and compared to that used for the 2010 data. Because the fuel mix was almost identical, the data used in 2010 were also used for the 2014 LCA.&#xD;
</modellingConstants>
        </LCIMethodAndAllocation>
        <dataSourcesTreatmentAndRepresentativeness>
            <dataCutOffAndCompletenessPrinciples xml:lang="en">This data is 100% based on other US LCI datasets for fuel combustion w/ exception of the quantities of fuels used in producing 1 MJ of steam for which the assumptions are described in "modeling constants".</dataCutOffAndCompletenessPrinciples>
            <deviationsFromCutOffAndCompletenessPrinciples xml:lang="en">None.</deviationsFromCutOffAndCompletenessPrinciples>
            <deviationsFromSelectionAndCombinationPrinciples xml:lang="en">None.</deviationsFromSelectionAndCombinationPrinciples>
            <dataTreatmentAndExtrapolationsPrinciples xml:lang="en">This data is 100% based on other US LCI datasets for fuel combustion w/ exception of the quantities of fuels used in producing 1 MJ of steam for which the assumptions are described in "modeling constants".</dataTreatmentAndExtrapolationsPrinciples>
            <referenceToDataSource type="source data set" refObjectId="3f572a02-a88d-4a6e-a6cf-e06f4bcbf8e3" version="01.00.000" uri="../sources/3f572a02-a88d-4a6e-a6cf-e06f4bcbf8e3">
                <common:shortDescription xml:lang="en">NCASI (2017)</common:shortDescription>
            </referenceToDataSource>
            <samplingProcedure xml:lang="en">Evaluation of e-grid data for containerboard mills that purchase steam.</samplingProcedure>
            <dataCollectionPeriod xml:lang="en">2009</dataCollectionPeriod>
        </dataSourcesTreatmentAndRepresentativeness>
        <validation>
            <review type="Not reviewed">
                <common:reviewDetails xml:lang="en">The LCA study that produced this unit process was critically reviewed per ISO 14040 and 14044 standards by Dr. Lindita Bushi, Senior Research Associate of Athena Sustainable Materials Institute.</common:reviewDetails>
            </review>
        </validation>
    </modellingAndValidation>
    <administrativeInformation>
        <common:commissionerAndGoal>
            <common:project xml:lang="en">This LCA was commissioned by the Corrugated Packaging Alliance (CPA), a joint venture of the American Forest &amp; Paper Association (AF&amp;PA), Fibre Box Association (FBA), the Association of Independent Corrugated Converters (AICC) and TAPPI. For this study, a core project team was established to direct, review, and coordinate the activities associated with the methodologies employed, data collection, modeling, presentation and dissemination of the LCI data and corresponding LCA results. The core group for this project consisted of a technical advisory group within the Fibre Box Association (FBA) Sustainability Committee along with various staff from the National Council for Air and Stream Improvement (NCASI).</common:project>
            <common:intendedApplications xml:lang="en">In order to respond to increasing interest among product manufacturers and consumer retail markets in selecting more sustainable packaging options, CPA engaged NCASI to update the results of a LCA they published in 2014 that relied primarily on 2010 data to the most recent available data (i.e., 2014 data). SITUATION A -- MICRO-LEVEL DECISION SUPPORT: The intended application for this process is for micro-level decision support as described in Goal Situation A from the ILCD Handbook's Detailed Guidance. These data were developed as specific, average or generic unit process LCI results for use in answering internal company product-related questions. A full inventory of environmental flows are included, thus this unit process can be used for a full range of LCIA impact categories, on the fate and transport considerations have been applied. The original study results were analyzed using the TRACI LCIA factors.</common:intendedApplications>
        </common:commissionerAndGoal>
        <dataGenerator>
            <common:referenceToPersonOrEntityGeneratingTheDataSet type="contact data set" refObjectId="dd108a6d-7d70-3aa5-a864-34e6850e46d7" version="01.00.000" uri="../contacts/dd108a6d-7d70-3aa5-a864-34e6850e46d7">
                <common:shortDescription xml:lang="en">Caroline Gaudreault</common:shortDescription>
            </common:referenceToPersonOrEntityGeneratingTheDataSet>
        </dataGenerator>
        <dataEntryBy>
            <common:timeStamp>2019-10-15T12:34:42.018-06:00</common:timeStamp>
            <common:referenceToDataSetFormat type="source data set" refObjectId="a97a0155-0234-4b87-b4ce-a45da52f2a40" version="01.01.000" uri="../sources/a97a0155-0234-4b87-b4ce-a45da52f2a40_01.01.000.xml">
                <common:shortDescription xml:lang="en">ILCD format</common:shortDescription>
            </common:referenceToDataSetFormat>
            <common:referenceToPersonOrEntityEnteringTheData type="contact data set" refObjectId="dd108a6d-7d70-3aa5-a864-34e6850e46d7" version="01.00.000" uri="../contacts/dd108a6d-7d70-3aa5-a864-34e6850e46d7">
                <common:shortDescription xml:lang="en">Caroline Gaudreault</common:shortDescription>
            </common:referenceToPersonOrEntityEnteringTheData>
        </dataEntryBy>
        <publicationAndOwnership>
            <common:dateOfLastRevision>2019-07-22T15:23:23.507-06:00</common:dateOfLastRevision>
            <common:dataSetVersion>00.00.003</common:dataSetVersion>
            <common:referenceToUnchangedRepublication type="source data set" refObjectId="3f572a02-a88d-4a6e-a6cf-e06f4bcbf8e3" version="01.00.000" uri="../sources/3f572a02-a88d-4a6e-a6cf-e06f4bcbf8e3">
                <common:shortDescription xml:lang="en">NCASI (2017)</common:shortDescription>
            </common:referenceToUnchangedRepublication>
            <common:copyright>false</common:copyright>
            <common:accessRestrictions xml:lang="en">All information can be accessed by everybody.</common:accessRestrictions>
        </publicationAndOwnership>
    </administrativeInformation>
    <exchanges>
        <exchange xmlns:olca="http://openlca.org/ilcd-extensions" dataSetInternalID="4" olca:unitId="1c3a9695-398d-4b1f-b07e-a8715b610f70" olca:propertyId="93a60a56-a3c8-22da-a746-0800200c9a66" olca:amount="1.26E-4">
            <referenceToFlowDataSet type="flow data set" refObjectId="654a5cf6-185f-3d91-89ef-42442d1825e8" version="01.00.000" uri="../flows/654a5cf6-185f-3d91-89ef-42442d1825e8">
                <common:shortDescription xml:lang="en">Residual fuel oil, combusted in industrial boiler</common:shortDescription>
            </referenceToFlowDataSet>
            <exchangeDirection>Input</exchangeDirection>
            <meanAmount>1.26E-4</meanAmount>
            <resultingAmount>1.26E-4</resultingAmount>
            <generalComment xml:lang="en">1.24 MJ HHV per MJ of sold energy. Of this, 1.6% is from oil coal. An heat value of 158 MJHHV/gal was assumed.</generalComment>
        </exchange>
        <exchange xmlns:olca="http://openlca.org/ilcd-extensions" dataSetInternalID="3" olca:unitId="20aadc24-a391-41cf-b340-3e4529f44bde" olca:propertyId="93a60a56-a3c8-11da-a746-0800200b9a66" olca:amount="0.0125">
            <referenceToFlowDataSet type="flow data set" refObjectId="eb6394c1-0d19-3be3-99ab-ec572dec9926" version="01.00.000" uri="../flows/eb6394c1-0d19-3be3-99ab-ec572dec9926">
                <common:shortDescription xml:lang="en">Lignite coal, combusted in industrial boiler</common:shortDescription>
            </referenceToFlowDataSet>
            <exchangeDirection>Input</exchangeDirection>
            <meanAmount>0.0125</meanAmount>
            <resultingAmount>0.0125</resultingAmount>
            <generalComment xml:lang="en">1.24 MJ HHV per MJ of sold energy. Of this, 30.3% is from subbituminous coal. An heat value of 30 MJHHV/kg was assumed. Lignite was used as a proxy for sub-bituminous coal.</generalComment>
        </exchange>
        <exchange xmlns:olca="http://openlca.org/ilcd-extensions" dataSetInternalID="1" olca:unitId="52765a6c-3896-43c2-b2f4-c679acf13efe" olca:propertyId="f6811440-ee37-11de-8a39-0800200c9a66" olca:amount="1.0">
            <referenceToFlowDataSet type="flow data set" refObjectId="caca451d-e5df-4bf4-91f8-2c4be75af6dc" version="01.00.000" uri="../flows/caca451d-e5df-4bf4-91f8-2c4be75af6dc">
                <common:shortDescription xml:lang="en">Steam, purchased by containerboard mills</common:shortDescription>
            </referenceToFlowDataSet>
            <exchangeDirection>Output</exchangeDirection>
            <meanAmount>1.0</meanAmount>
            <resultingAmount>1.0</resultingAmount>
        </exchange>
        <exchange xmlns:olca="http://openlca.org/ilcd-extensions" dataSetInternalID="2" olca:unitId="20aadc24-a391-41cf-b340-3e4529f44bde" olca:propertyId="93a60a56-a3c8-11da-a746-0800200b9a66" olca:amount="0.0274">
            <referenceToFlowDataSet type="flow data set" refObjectId="73cd1596-214d-3403-87f1-f69fc3818886" version="01.00.000" uri="../flows/73cd1596-214d-3403-87f1-f69fc3818886">
                <common:shortDescription xml:lang="en">Bituminous coal, combusted in industrial boiler</common:shortDescription>
            </referenceToFlowDataSet>
            <exchangeDirection>Input</exchangeDirection>
            <meanAmount>0.0274</meanAmount>
            <resultingAmount>0.0274</resultingAmount>
            <generalComment xml:lang="en">1.24 MJ HHV per MJ of sold energy. Of this, 65.8% is from bituminous coal 0.7% from other fossil lumped into coal. An heat value of 30 MJHHV/kg was assumed.</generalComment>
        </exchange>
        <exchange xmlns:olca="http://openlca.org/ilcd-extensions" dataSetInternalID="5" olca:unitId="1c3a9695-398d-4b1f-b07e-a8715b610f70" olca:propertyId="93a60a56-a3c8-22da-a746-0800200c9a66" olca:amount="2.0E-4">
            <referenceToFlowDataSet type="flow data set" refObjectId="bb1dc159-fe13-3f8e-8197-361e8c770ba3" version="01.00.000" uri="../flows/bb1dc159-fe13-3f8e-8197-361e8c770ba3">
                <common:shortDescription xml:lang="en">Natural gas, combusted in industrial boiler</common:shortDescription>
            </referenceToFlowDataSet>
            <exchangeDirection>Input</exchangeDirection>
            <meanAmount>2.0E-4</meanAmount>
            <resultingAmount>2.0E-4</resultingAmount>
            <generalComment xml:lang="en">1.24 MJ HHV per MJ of sold energy. Of this, 0.02% is from natural gas. An heat value of 1.09E3 MJ HHV/1000 ft3 was assumed.</generalComment>
        </exchange>
        <exchange xmlns:olca="http://openlca.org/ilcd-extensions" dataSetInternalID="6" olca:unitId="20aadc24-a391-41cf-b340-3e4529f44bde" olca:propertyId="93a60a56-a3c8-11da-a746-0800200b9a66" olca:amount="0.00108">
            <referenceToFlowDataSet type="flow data set" refObjectId="1a76ed77-b97d-3070-85b7-b1f41906cece" version="01.00.000" uri="../flows/1a76ed77-b97d-3070-85b7-b1f41906cece">
                <common:shortDescription xml:lang="en">Wood waste, unspecified, combusted in industrial boiler</common:shortDescription>
            </referenceToFlowDataSet>
            <exchangeDirection>Input</exchangeDirection>
            <meanAmount>0.00108</meanAmount>
            <resultingAmount>0.00108</resultingAmount>
            <generalComment xml:lang="en">1.24 MJ HHV per MJ of sold energy. Of this, 1.5% is from biomass. An heat value of 17.2 MJHHV/kg was assumed.</generalComment>
        </exchange>
    </exchanges>
</processDataSet>
