<?xml version="1.0" encoding="UTF-8" standalone="yes"?>
<processDataSet xmlns:m="http://lca.jrc.it/ILCD/LCIAMethod" xmlns:common="http://lca.jrc.it/ILCD/Common" xmlns:s="http://lca.jrc.it/ILCD/Source" xmlns:c="http://lca.jrc.it/ILCD/Contact" xmlns:f="http://lca.jrc.it/ILCD/Flow" xmlns="http://lca.jrc.it/ILCD/Process" xmlns:fp="http://lca.jrc.it/ILCD/FlowProperty" xmlns:u="http://lca.jrc.it/ILCD/UnitGroup" version="1.1">
    <processInformation>
        <dataSetInformation>
            <common:UUID>22057e9b-d484-397e-8f63-ceae302f0eb0</common:UUID>
            <name>
                <baseName xml:lang="en">Heat, onsite boiler, softwood mill, average, NE-NC</baseName>
            </name>
            <classificationInformation>
                <common:classification>
                    <common:class level="0" classId="b68bc311-dac6-3892-9112-4199641c1026">22: Utilities</common:class>
                    <common:class level="1" classId="4da1e9cd-0458-3a61-a8f9-b04fa15e8699">2213: Water, Sewage and Other Systems</common:class>
                </common:classification>
            </classificationInformation>
            <common:generalComment xml:lang="en">Allocation on an energy basis (HHV).
Important note: although most of the data in the US LCI database has 
undergone some sort of review, the database as a whole has not yet 
undergone a formal validation process.
Please email comments to lci@nrel.gov.</common:generalComment>
        </dataSetInformation>
        <quantitativeReference type="Reference flow(s)">
            <referenceToReferenceFlow>1</referenceToReferenceFlow>
        </quantitativeReference>
        <time xmlns:olca="http://openlca.org/ilcd-extensions" olca:startDate="1104476400000" olca:endDate="1136012400000">
            <common:referenceYear>2004</common:referenceYear>
            <common:dataSetValidUntil>2005</common:dataSetValidUntil>
        </time>
        <geography>
            <locationOfOperationSupplyOrProduction location="RNA" latitudeAndLongitude="58.71;-91.96">
                <descriptionOfRestrictions xml:lang="en">NE/NC = Northeast (NE) and Northcentral (NC) United States.  Some states are however omitted: Connecticut, Delaware, Illinois, Iowa, New Jersey, and Ohio.</descriptionOfRestrictions>
            </locationOfOperationSupplyOrProduction>
        </geography>
        <technology>
            <technologyDescriptionAndIncludedProcesses xml:lang="en">Average technology.</technologyDescriptionAndIncludedProcesses>
        </technology>
    </processInformation>
    <modellingAndValidation>
        <LCIMethodAndAllocation>
            <typeOfDataSet>Unit process, black box</typeOfDataSet>
            <LCIMethodPrinciple>Other</LCIMethodPrinciple>
        </LCIMethodAndAllocation>
        <dataSourcesTreatmentAndRepresentativeness>
            <deviationsFromCutOffAndCompletenessPrinciples xml:lang="en">None.</deviationsFromCutOffAndCompletenessPrinciples>
            <deviationsFromSelectionAndCombinationPrinciples xml:lang="en">None.</deviationsFromSelectionAndCombinationPrinciples>
            <referenceToDataSource type="source data set" refObjectId="e02a1888-18d7-3087-a366-45ccd881871a" version="01.00.000" uri="../sources/e02a1888-18d7-3087-a366-45ccd881871a">
                <common:shortDescription xml:lang="en">Richard D. Bergman </common:shortDescription>
            </referenceToDataSource>
            <referenceToDataSource type="source data set" refObjectId="bc230add-ed20-38a9-ba57-f2b58c312b4e" version="01.00.000" uri="../sources/bc230add-ed20-38a9-ba57-f2b58c312b4e">
                <common:shortDescription xml:lang="en">Maureen Puettmann </common:shortDescription>
            </referenceToDataSource>
            <samplingProcedure xml:lang="en">Questionnaires from 6 mills member of the Northeastern Lumber Manufacturer’s Association (NeLMA). Mills of the NeLMA are assumed to be representative of the softwood industry in the NE/NC region.</samplingProcedure>
        </dataSourcesTreatmentAndRepresentativeness>
    </modellingAndValidation>
    <administrativeInformation>
        <dataGenerator>
            <common:referenceToPersonOrEntityGeneratingTheDataSet type="contact data set" refObjectId="e74f6c6d-4013-3e95-9a5b-42ce76aca955" version="01.00.000" uri="../contacts/e74f6c6d-4013-3e95-9a5b-42ce76aca955">
                <common:shortDescription xml:lang="en">Pascal Lesage</common:shortDescription>
            </common:referenceToPersonOrEntityGeneratingTheDataSet>
        </dataGenerator>
        <dataEntryBy>
            <common:timeStamp>2019-10-15T12:34:42.130-06:00</common:timeStamp>
            <common:referenceToDataSetFormat type="source data set" refObjectId="a97a0155-0234-4b87-b4ce-a45da52f2a40" version="01.01.000" uri="../sources/a97a0155-0234-4b87-b4ce-a45da52f2a40_01.01.000.xml">
                <common:shortDescription xml:lang="en">ILCD format</common:shortDescription>
            </common:referenceToDataSetFormat>
            <common:referenceToPersonOrEntityEnteringTheData type="contact data set" refObjectId="e74f6c6d-4013-3e95-9a5b-42ce76aca955" version="01.00.000" uri="../contacts/e74f6c6d-4013-3e95-9a5b-42ce76aca955">
                <common:shortDescription xml:lang="en">Pascal Lesage</common:shortDescription>
            </common:referenceToPersonOrEntityEnteringTheData>
        </dataEntryBy>
        <publicationAndOwnership>
            <common:dateOfLastRevision>2019-07-22T15:20:14.173-06:00</common:dateOfLastRevision>
            <common:dataSetVersion>00.00.002</common:dataSetVersion>
            <common:referenceToUnchangedRepublication type="source data set" refObjectId="e02a1888-18d7-3087-a366-45ccd881871a" version="01.00.000" uri="../sources/e02a1888-18d7-3087-a366-45ccd881871a">
                <common:shortDescription xml:lang="en">Richard D. Bergman </common:shortDescription>
            </common:referenceToUnchangedRepublication>
            <common:copyright>false</common:copyright>
            <common:accessRestrictions xml:lang="en">All information can be accessed by everybody.</common:accessRestrictions>
        </publicationAndOwnership>
    </administrativeInformation>
    <exchanges>
        <exchange xmlns:olca="http://openlca.org/ilcd-extensions" dataSetInternalID="5" olca:unitId="52765a6c-3896-43c2-b2f4-c679acf13efe" olca:propertyId="f6811440-ee37-11de-8a39-0800200c9a66" olca:amount="0.00632">
            <referenceToFlowDataSet type="flow data set" refObjectId="9b3398f7-5e90-3072-8fa9-a1ba21193813" version="01.00.000" uri="../flows/9b3398f7-5e90-3072-8fa9-a1ba21193813">
                <common:shortDescription xml:lang="en">Electricity, onsite boiler, softwood mill, average, NE-NC</common:shortDescription>
            </referenceToFlowDataSet>
            <exchangeDirection>Output</exchangeDirection>
            <meanAmount>0.00632</meanAmount>
            <resultingAmount>0.00632</resultingAmount>
            <allocations>
                <allocation internalReferenceToCoProduct="5" allocatedFraction="0.0"/>
            </allocations>
            <generalComment xml:lang="en">Net electricity output.</generalComment>
        </exchange>
        <exchange xmlns:olca="http://openlca.org/ilcd-extensions" dataSetInternalID="2" olca:unitId="52765a6c-3896-43c2-b2f4-c679acf13efe" olca:propertyId="f6811440-ee37-11de-8a39-0800200c9a66" olca:amount="0.00149">
            <referenceToFlowDataSet type="flow data set" refObjectId="1e68baef-0ed7-37bb-9919-61963f9fbd08" version="01.00.000" uri="../flows/1e68baef-0ed7-37bb-9919-61963f9fbd08">
                <common:shortDescription xml:lang="en">Electricity, diesel, at power plant</common:shortDescription>
            </referenceToFlowDataSet>
            <exchangeDirection>Input</exchangeDirection>
            <meanAmount>0.00149</meanAmount>
            <resultingAmount>0.00149</resultingAmount>
            <allocations>
                <allocation internalReferenceToCoProduct="5" allocatedFraction="0.0"/>
                <allocation internalReferenceToCoProduct="1" allocatedFraction="100.0"/>
            </allocations>
            <generalComment xml:lang="en">Proxy for distilate fuel oil combusted in back-up generator</generalComment>
        </exchange>
        <exchange xmlns:olca="http://openlca.org/ilcd-extensions" dataSetInternalID="4" olca:unitId="1c3a9695-398d-4b1f-b07e-a8715b610f70" olca:propertyId="93a60a56-a3c8-22da-a746-0800200c9a66" olca:amount="0.004">
            <referenceToFlowDataSet type="flow data set" refObjectId="e04995fa-935b-316c-b112-5b436c8ea3d6" version="01.00.000" uri="../flows/e04995fa-935b-316c-b112-5b436c8ea3d6">
                <common:shortDescription xml:lang="en">Diesel, combusted in industrial boiler</common:shortDescription>
            </referenceToFlowDataSet>
            <exchangeDirection>Input</exchangeDirection>
            <meanAmount>0.004</meanAmount>
            <resultingAmount>0.004</resultingAmount>
            <allocations>
                <allocation internalReferenceToCoProduct="1" allocatedFraction="100.0"/>
                <allocation internalReferenceToCoProduct="5" allocatedFraction="0.0"/>
            </allocations>
            <generalComment xml:lang="en">Proxy for both Fuel oil #1 and #2 combusted in the onsite boiler</generalComment>
        </exchange>
        <exchange xmlns:olca="http://openlca.org/ilcd-extensions" dataSetInternalID="1" olca:unitId="52765a6c-3896-43c2-b2f4-c679acf13efe" olca:propertyId="f6811440-ee37-11de-8a39-0800200c9a66" olca:amount="1.0">
            <referenceToFlowDataSet type="flow data set" refObjectId="be0bd4fa-5b46-30cd-afc0-f0422ad638a5" version="01.00.000" uri="../flows/be0bd4fa-5b46-30cd-afc0-f0422ad638a5">
                <common:shortDescription xml:lang="en">Heat, onsite boiler, softwood mill, average, NE-NC</common:shortDescription>
            </referenceToFlowDataSet>
            <exchangeDirection>Output</exchangeDirection>
            <meanAmount>1.0</meanAmount>
            <resultingAmount>1.0</resultingAmount>
            <allocations>
                <allocation internalReferenceToCoProduct="1" allocatedFraction="100.0"/>
            </allocations>
        </exchange>
        <exchange xmlns:olca="http://openlca.org/ilcd-extensions" dataSetInternalID="3" olca:unitId="20aadc24-a391-41cf-b340-3e4529f44bde" olca:propertyId="93a60a56-a3c8-11da-a746-0800200b9a66" olca:amount="0.02045">
            <referenceToFlowDataSet type="flow data set" refObjectId="eb188759-a3a8-35f9-8827-bccffc0a68eb" version="01.00.000" uri="../flows/eb188759-a3a8-35f9-8827-bccffc0a68eb">
                <common:shortDescription xml:lang="en">Wood fuel, softwood, purchased, combusted in industrial boiler, NE-NC</common:shortDescription>
            </referenceToFlowDataSet>
            <exchangeDirection>Input</exchangeDirection>
            <meanAmount>0.02045</meanAmount>
            <resultingAmount>0.02045</resultingAmount>
            <allocations>
                <allocation internalReferenceToCoProduct="5" allocatedFraction="0.0"/>
                <allocation internalReferenceToCoProduct="1" allocatedFraction="100.0"/>
            </allocations>
            <generalComment xml:lang="en">Oven-dry mass</generalComment>
        </exchange>
        <exchange xmlns:olca="http://openlca.org/ilcd-extensions" dataSetInternalID="6" olca:unitId="20aadc24-a391-41cf-b340-3e4529f44bde" olca:propertyId="93a60a56-a3c8-11da-a746-0800200b9a66" olca:amount="0.0304">
            <referenceToFlowDataSet type="flow data set" refObjectId="7790c31b-ad49-308e-8909-f1af0931f198" version="01.00.000" uri="../flows/7790c31b-ad49-308e-8909-f1af0931f198">
                <common:shortDescription xml:lang="en">Wood fuel, softwood, gen at lumber mill, combusted in industrial boiler, NE-NC</common:shortDescription>
            </referenceToFlowDataSet>
            <exchangeDirection>Input</exchangeDirection>
            <meanAmount>0.0304</meanAmount>
            <resultingAmount>0.0304</resultingAmount>
            <allocations>
                <allocation internalReferenceToCoProduct="5" allocatedFraction="0.0"/>
                <allocation internalReferenceToCoProduct="1" allocatedFraction="100.0"/>
            </allocations>
            <generalComment xml:lang="en">Oven-dry mass</generalComment>
        </exchange>
    </exchanges>
</processDataSet>
