<?xml version="1.0" encoding="UTF-8" standalone="yes"?>
<processDataSet xmlns:m="http://lca.jrc.it/ILCD/LCIAMethod" xmlns:common="http://lca.jrc.it/ILCD/Common" xmlns:s="http://lca.jrc.it/ILCD/Source" xmlns:c="http://lca.jrc.it/ILCD/Contact" xmlns:f="http://lca.jrc.it/ILCD/Flow" xmlns="http://lca.jrc.it/ILCD/Process" xmlns:fp="http://lca.jrc.it/ILCD/FlowProperty" xmlns:u="http://lca.jrc.it/ILCD/UnitGroup" version="1.1">
    <processInformation>
        <dataSetInformation>
            <common:UUID>27e8fce4-a5c1-37af-84b9-763582a5ca3e</common:UUID>
            <name>
                <baseName xml:lang="en">Anthracite coal, combusted in industrial boiler</baseName>
            </name>
            <classificationInformation>
                <common:classification>
                    <common:class level="0" classId="b68bc311-dac6-3892-9112-4199641c1026">22: Utilities</common:class>
                    <common:class level="1" classId="4da1e9cd-0458-3a61-a8f9-b04fa15e8699">2213: Water, Sewage and Other Systems</common:class>
                </common:classification>
            </classificationInformation>
            <common:generalComment xml:lang="en">In cases where industrial boiler data were not available, utility boiler data were adjusted accordingly., 
Important note: although most of the data in the US LCI database has 
undergone some sort of review, the database as a whole has not yet 
undergone a formal validation process.
Please email comments to lci@nrel.gov.</common:generalComment>
        </dataSetInformation>
        <quantitativeReference type="Reference flow(s)">
            <referenceToReferenceFlow>1</referenceToReferenceFlow>
        </quantitativeReference>
        <time xmlns:olca="http://openlca.org/ilcd-extensions" olca:startDate="253370703600000" olca:endDate="253370703600000">
            <common:referenceYear>9998</common:referenceYear>
            <common:dataSetValidUntil>9998</common:dataSetValidUntil>
        </time>
        <geography>
            <locationOfOperationSupplyOrProduction location="RNA" latitudeAndLongitude="58.71;-91.96">
                <descriptionOfRestrictions xml:lang="en">North America</descriptionOfRestrictions>
            </locationOfOperationSupplyOrProduction>
        </geography>
    </processInformation>
    <modellingAndValidation>
        <LCIMethodAndAllocation>
            <typeOfDataSet>Unit process, black box</typeOfDataSet>
            <LCIMethodPrinciple>Other</LCIMethodPrinciple>
        </LCIMethodAndAllocation>
        <dataSourcesTreatmentAndRepresentativeness>
            <deviationsFromCutOffAndCompletenessPrinciples xml:lang="en">None.</deviationsFromCutOffAndCompletenessPrinciples>
            <deviationsFromSelectionAndCombinationPrinciples xml:lang="en">None.</deviationsFromSelectionAndCombinationPrinciples>
            <referenceToDataSource type="source data set" refObjectId="86358224-24b5-3644-8b83-2b7d081bac07" version="01.00.000" uri="../sources/86358224-24b5-3644-8b83-2b7d081bac07">
                <common:shortDescription xml:lang="en">Speight </common:shortDescription>
            </referenceToDataSource>
            <referenceToDataSource type="source data set" refObjectId="b87ffaa1-b7e6-3ac0-87fd-22a23da27115" version="01.00.000" uri="../sources/b87ffaa1-b7e6-3ac0-87fd-22a23da27115">
                <common:shortDescription xml:lang="en">EPA </common:shortDescription>
            </referenceToDataSource>
            <referenceToDataSource type="source data set" refObjectId="d356398c-5f24-3878-819c-c86ad7bb2e58" version="01.00.000" uri="../sources/d356398c-5f24-3878-819c-c86ad7bb2e58">
                <common:shortDescription xml:lang="en">Minerals Yearbook </common:shortDescription>
            </referenceToDataSource>
            <referenceToDataSource type="source data set" refObjectId="330eac55-eb5b-3b63-9eec-5580c48471f0" version="01.00.000" uri="../sources/330eac55-eb5b-3b63-9eec-5580c48471f0">
                <common:shortDescription xml:lang="en">unspecified </common:shortDescription>
            </referenceToDataSource>
            <referenceToDataSource type="source data set" refObjectId="4e9fd5bb-3255-3b60-a01a-732fe6db4a43" version="01.00.000" uri="../sources/4e9fd5bb-3255-3b60-a01a-732fe6db4a43">
                <common:shortDescription xml:lang="en">unspecified </common:shortDescription>
            </referenceToDataSource>
            <referenceToDataSource type="source data set" refObjectId="0042feaf-8478-331c-a624-0b81a946e611" version="01.00.000" uri="../sources/0042feaf-8478-331c-a624-0b81a946e611">
                <common:shortDescription xml:lang="en">EPA </common:shortDescription>
            </referenceToDataSource>
            <referenceToDataSource type="source data set" refObjectId="dd96d452-b34f-3575-9c31-17d2149b5af8" version="01.00.000" uri="../sources/dd96d452-b34f-3575-9c31-17d2149b5af8">
                <common:shortDescription xml:lang="en">unspecified </common:shortDescription>
            </referenceToDataSource>
            <referenceToDataSource type="source data set" refObjectId="ee2228a4-0d3c-39ea-9d40-33ce42732708" version="01.00.000" uri="../sources/ee2228a4-0d3c-39ea-9d40-33ce42732708">
                <common:shortDescription xml:lang="en">Franklin Associates </common:shortDescription>
            </referenceToDataSource>
            <referenceToDataSource type="source data set" refObjectId="08485c0e-7e37-3211-95bc-78ccb2f74c1c" version="01.00.000" uri="../sources/08485c0e-7e37-3211-95bc-78ccb2f74c1c">
                <common:shortDescription xml:lang="en">unspecified </common:shortDescription>
            </referenceToDataSource>
            <referenceToDataSource type="source data set" refObjectId="3bdfcb6b-4fce-3291-b2ce-3f9b84389560" version="01.00.000" uri="../sources/3bdfcb6b-4fce-3291-b2ce-3f9b84389560">
                <common:shortDescription xml:lang="en">EPA </common:shortDescription>
            </referenceToDataSource>
            <referenceToDataSource type="source data set" refObjectId="32a5bb2b-cc8c-385b-90d0-7bece4c4c33c" version="01.00.000" uri="../sources/32a5bb2b-cc8c-385b-90d0-7bece4c4c33c">
                <common:shortDescription xml:lang="en">Franklin Associates </common:shortDescription>
            </referenceToDataSource>
            <referenceToDataSource type="source data set" refObjectId="a15c668d-1ca6-3382-a6ea-dba728647ff4" version="01.00.000" uri="../sources/a15c668d-1ca6-3382-a6ea-dba728647ff4">
                <common:shortDescription xml:lang="en">EIA </common:shortDescription>
            </referenceToDataSource>
            <referenceToDataSource type="source data set" refObjectId="8dbbc175-aa57-3f34-840b-ac7c0b36fb59" version="01.00.000" uri="../sources/8dbbc175-aa57-3f34-840b-ac7c0b36fb59">
                <common:shortDescription xml:lang="en">DOE </common:shortDescription>
            </referenceToDataSource>
            <referenceToDataSource type="source data set" refObjectId="9316a67e-fabb-3a1e-bbb6-521943d7da4a" version="01.00.000" uri="../sources/9316a67e-fabb-3a1e-bbb6-521943d7da4a">
                <common:shortDescription xml:lang="en">EPA </common:shortDescription>
            </referenceToDataSource>
        </dataSourcesTreatmentAndRepresentativeness>
    </modellingAndValidation>
    <administrativeInformation>
        <dataGenerator>
            <common:referenceToPersonOrEntityGeneratingTheDataSet type="contact data set" refObjectId="3c3cdb41-4128-3abd-8791-50eccc5b0228" version="01.00.000" uri="../contacts/3c3cdb41-4128-3abd-8791-50eccc5b0228">
                <common:shortDescription xml:lang="en">Jeff Hernbloom</common:shortDescription>
            </common:referenceToPersonOrEntityGeneratingTheDataSet>
        </dataGenerator>
        <dataEntryBy>
            <common:timeStamp>2019-10-15T12:34:41.910-06:00</common:timeStamp>
            <common:referenceToDataSetFormat type="source data set" refObjectId="a97a0155-0234-4b87-b4ce-a45da52f2a40" version="01.01.000" uri="../sources/a97a0155-0234-4b87-b4ce-a45da52f2a40_01.01.000.xml">
                <common:shortDescription xml:lang="en">ILCD format</common:shortDescription>
            </common:referenceToDataSetFormat>
            <common:referenceToPersonOrEntityEnteringTheData type="contact data set" refObjectId="3c3cdb41-4128-3abd-8791-50eccc5b0228" version="01.00.000" uri="../contacts/3c3cdb41-4128-3abd-8791-50eccc5b0228">
                <common:shortDescription xml:lang="en">Jeff Hernbloom</common:shortDescription>
            </common:referenceToPersonOrEntityEnteringTheData>
        </dataEntryBy>
        <publicationAndOwnership>
            <common:dateOfLastRevision>2019-07-22T15:20:14.169-06:00</common:dateOfLastRevision>
            <common:dataSetVersion>00.00.002</common:dataSetVersion>
            <common:referenceToUnchangedRepublication type="source data set" refObjectId="32a5bb2b-cc8c-385b-90d0-7bece4c4c33c" version="01.00.000" uri="../sources/32a5bb2b-cc8c-385b-90d0-7bece4c4c33c">
                <common:shortDescription xml:lang="en">Franklin Associates </common:shortDescription>
            </common:referenceToUnchangedRepublication>
            <common:copyright>false</common:copyright>
            <common:accessRestrictions xml:lang="en">All information can be accessed by everybody.</common:accessRestrictions>
        </publicationAndOwnership>
    </administrativeInformation>
    <exchanges>
        <exchange xmlns:olca="http://openlca.org/ilcd-extensions" dataSetInternalID="1" olca:unitId="20aadc24-a391-41cf-b340-3e4529f44bde" olca:propertyId="93a60a56-a3c8-11da-a746-0800200b9a66" olca:amount="1.0">
            <referenceToFlowDataSet type="flow data set" refObjectId="46495019-6f20-3587-8624-0399a6c016c9" version="01.00.000" uri="../flows/46495019-6f20-3587-8624-0399a6c016c9">
                <common:shortDescription xml:lang="en">Anthracite coal, combusted in industrial boiler</common:shortDescription>
            </referenceToFlowDataSet>
            <exchangeDirection>Output</exchangeDirection>
            <meanAmount>1.0</meanAmount>
            <resultingAmount>1.0</resultingAmount>
        </exchange>
        <exchange xmlns:olca="http://openlca.org/ilcd-extensions" dataSetInternalID="25" olca:unitId="20aadc24-a391-41cf-b340-3e4529f44bde" olca:propertyId="93a60a56-a3c8-11da-a746-0800200b9a66" olca:amount="4.9278E-8">
            <referenceToFlowDataSet type="flow data set" refObjectId="1c5a7322-9261-4d59-a692-adde6c12de92" version="01.00.000" uri="../flows/1c5a7322-9261-4d59-a692-adde6c12de92">
                <common:shortDescription xml:lang="en">Cadmium</common:shortDescription>
            </referenceToFlowDataSet>
            <exchangeDirection>Output</exchangeDirection>
            <meanAmount>4.9278E-8</meanAmount>
            <resultingAmount>4.9278E-8</resultingAmount>
        </exchange>
        <exchange xmlns:olca="http://openlca.org/ilcd-extensions" dataSetInternalID="23" olca:unitId="20aadc24-a391-41cf-b340-3e4529f44bde" olca:propertyId="93a60a56-a3c8-11da-a746-0800200b9a66" olca:amount="4.392E-9">
            <referenceToFlowDataSet type="flow data set" refObjectId="27f50545-345c-3fb5-a853-9c2ff309ed28" version="01.00.000" uri="../flows/27f50545-345c-3fb5-a853-9c2ff309ed28">
                <common:shortDescription xml:lang="en">Acrolein</common:shortDescription>
            </referenceToFlowDataSet>
            <exchangeDirection>Output</exchangeDirection>
            <meanAmount>4.392E-9</meanAmount>
            <resultingAmount>4.392E-9</resultingAmount>
        </exchange>
        <exchange xmlns:olca="http://openlca.org/ilcd-extensions" dataSetInternalID="3" olca:unitId="20aadc24-a391-41cf-b340-3e4529f44bde" olca:propertyId="93a60a56-a3c8-11da-a746-0800200b9a66" olca:amount="9.4685E-5">
            <referenceToFlowDataSet type="flow data set" refObjectId="0ba9c977-5398-3e0f-b3c9-d922e39d7894" version="01.00.000" uri="../flows/0ba9c977-5398-3e0f-b3c9-d922e39d7894">
                <common:shortDescription xml:lang="en">Benzene</common:shortDescription>
            </referenceToFlowDataSet>
            <exchangeDirection>Output</exchangeDirection>
            <meanAmount>9.4685E-5</meanAmount>
            <resultingAmount>9.4685E-5</resultingAmount>
        </exchange>
        <exchange xmlns:olca="http://openlca.org/ilcd-extensions" dataSetInternalID="30" olca:unitId="20aadc24-a391-41cf-b340-3e4529f44bde" olca:propertyId="93a60a56-a3c8-11da-a746-0800200b9a66" olca:amount="6.5E-7">
            <referenceToFlowDataSet type="flow data set" refObjectId="c1683bc0-0bb2-3012-b0d4-628ca7b440d7" version="01.00.000" uri="../flows/c1683bc0-0bb2-3012-b0d4-628ca7b440d7">
                <common:shortDescription xml:lang="en">Selenium</common:shortDescription>
            </referenceToFlowDataSet>
            <exchangeDirection>Output</exchangeDirection>
            <meanAmount>6.5E-7</meanAmount>
            <resultingAmount>6.5E-7</resultingAmount>
        </exchange>
        <exchange xmlns:olca="http://openlca.org/ilcd-extensions" dataSetInternalID="21" olca:unitId="20aadc24-a391-41cf-b340-3e4529f44bde" olca:propertyId="93a60a56-a3c8-11da-a746-0800200b9a66" olca:amount="0.0136">
            <referenceToFlowDataSet type="flow data set" refObjectId="87a3f603-1fcb-3e33-9d9c-75dcd0429ff5" version="01.00.000" uri="../flows/87a3f603-1fcb-3e33-9d9c-75dcd0429ff5">
                <common:shortDescription xml:lang="en">CUTOFF Disposal, anthracite coal combustion byproducts, to unspecified reuse</common:shortDescription>
            </referenceToFlowDataSet>
            <exchangeDirection>Input</exchangeDirection>
            <meanAmount>0.0136</meanAmount>
            <resultingAmount>0.0136</resultingAmount>
        </exchange>
        <exchange xmlns:olca="http://openlca.org/ilcd-extensions" dataSetInternalID="27" olca:unitId="0dea4ed8-bb6b-4049-b2b4-b2c413ef2180" olca:propertyId="838aaa20-0117-11db-92e3-0800200c9a66" olca:amount="1.036">
            <referenceToFlowDataSet type="flow data set" refObjectId="73c7494d-4e93-3769-896b-8bb82f0dfccc" version="01.00.000" uri="../flows/73c7494d-4e93-3769-896b-8bb82f0dfccc">
                <common:shortDescription xml:lang="en">Transport, train, diesel powered</common:shortDescription>
            </referenceToFlowDataSet>
            <exchangeDirection>Input</exchangeDirection>
            <meanAmount>1.036</meanAmount>
            <resultingAmount>1.036</resultingAmount>
            <generalComment xml:lang="en">Represents transportation from coal production/processing to industrial boiler.</generalComment>
        </exchange>
        <exchange xmlns:olca="http://openlca.org/ilcd-extensions" dataSetInternalID="33" olca:unitId="20aadc24-a391-41cf-b340-3e4529f44bde" olca:propertyId="93a60a56-a3c8-11da-a746-0800200b9a66" olca:amount="8.001E-8">
            <referenceToFlowDataSet type="flow data set" refObjectId="ed6487a9-6261-36ce-88f3-f4216e8428a1" version="01.00.000" uri="../flows/ed6487a9-6261-36ce-88f3-f4216e8428a1">
                <common:shortDescription xml:lang="en">Beryllium</common:shortDescription>
            </referenceToFlowDataSet>
            <exchangeDirection>Output</exchangeDirection>
            <meanAmount>8.001E-8</meanAmount>
            <resultingAmount>8.001E-8</resultingAmount>
        </exchange>
        <exchange xmlns:olca="http://openlca.org/ilcd-extensions" dataSetInternalID="20" olca:unitId="20aadc24-a391-41cf-b340-3e4529f44bde" olca:propertyId="93a60a56-a3c8-11da-a746-0800200b9a66" olca:amount="1.0256E-7">
            <referenceToFlowDataSet type="flow data set" refObjectId="6505c252-8e98-3e73-8e2b-e49deaf2598b" version="01.00.000" uri="../flows/6505c252-8e98-3e73-8e2b-e49deaf2598b">
                <common:shortDescription xml:lang="en">Arsenic</common:shortDescription>
            </referenceToFlowDataSet>
            <exchangeDirection>Output</exchangeDirection>
            <meanAmount>1.0256E-7</meanAmount>
            <resultingAmount>1.0256E-7</resultingAmount>
        </exchange>
        <exchange xmlns:olca="http://openlca.org/ilcd-extensions" dataSetInternalID="6" olca:unitId="20aadc24-a391-41cf-b340-3e4529f44bde" olca:propertyId="93a60a56-a3c8-11da-a746-0800200b9a66" olca:amount="2.84">
            <referenceToFlowDataSet type="flow data set" refObjectId="63af114b-afcb-3a82-801a-9c66208a673a" version="01.00.000" uri="../flows/63af114b-afcb-3a82-801a-9c66208a673a">
                <common:shortDescription xml:lang="en">Carbon dioxide, fossil </common:shortDescription>
            </referenceToFlowDataSet>
            <exchangeDirection>Output</exchangeDirection>
            <meanAmount>2.84</meanAmount>
            <resultingAmount>2.84</resultingAmount>
        </exchange>
        <exchange xmlns:olca="http://openlca.org/ilcd-extensions" dataSetInternalID="7" olca:unitId="20aadc24-a391-41cf-b340-3e4529f44bde" olca:propertyId="93a60a56-a3c8-11da-a746-0800200b9a66" olca:amount="0.010649">
            <referenceToFlowDataSet type="flow data set" refObjectId="87dd9cbf-4600-380f-b294-f41d08863cf8" version="01.00.000" uri="../flows/87dd9cbf-4600-380f-b294-f41d08863cf8">
                <common:shortDescription xml:lang="en">CUTOFF Disposal, solid waste, unspecified, to unspecified treatment</common:shortDescription>
            </referenceToFlowDataSet>
            <exchangeDirection>Input</exchangeDirection>
            <meanAmount>0.010649</meanAmount>
            <resultingAmount>0.010649</resultingAmount>
        </exchange>
        <exchange xmlns:olca="http://openlca.org/ilcd-extensions" dataSetInternalID="11" olca:unitId="20aadc24-a391-41cf-b340-3e4529f44bde" olca:propertyId="93a60a56-a3c8-11da-a746-0800200b9a66" olca:amount="6.8487E-5">
            <referenceToFlowDataSet type="flow data set" refObjectId="7ae3bfc4-8532-11e0-9d78-0800200c9a66" version="01.00.000" uri="../flows/7ae3bfc4-8532-11e0-9d78-0800200c9a66">
                <common:shortDescription xml:lang="en">VOC, volatile organic compounds</common:shortDescription>
            </referenceToFlowDataSet>
            <exchangeDirection>Output</exchangeDirection>
            <meanAmount>6.8487E-5</meanAmount>
            <resultingAmount>6.8487E-5</resultingAmount>
        </exchange>
        <exchange xmlns:olca="http://openlca.org/ilcd-extensions" dataSetInternalID="32" olca:unitId="20aadc24-a391-41cf-b340-3e4529f44bde" olca:propertyId="93a60a56-a3c8-11da-a746-0800200b9a66" olca:amount="1.0914E-6">
            <referenceToFlowDataSet type="flow data set" refObjectId="39587969-515b-3599-a403-78c461a936eb" version="01.00.000" uri="../flows/39587969-515b-3599-a403-78c461a936eb">
                <common:shortDescription xml:lang="en">Oils, unspecified</common:shortDescription>
            </referenceToFlowDataSet>
            <exchangeDirection>Output</exchangeDirection>
            <meanAmount>1.0914E-6</meanAmount>
            <resultingAmount>1.0914E-6</resultingAmount>
        </exchange>
        <exchange xmlns:olca="http://openlca.org/ilcd-extensions" dataSetInternalID="2" olca:unitId="20aadc24-a391-41cf-b340-3e4529f44bde" olca:propertyId="93a60a56-a3c8-11da-a746-0800200b9a66" olca:amount="4.5399E-4">
            <referenceToFlowDataSet type="flow data set" refObjectId="b967e1bf-f09b-4c89-8740-ace21db47bba" version="01.00.000" uri="../flows/b967e1bf-f09b-4c89-8740-ace21db47bba">
                <common:shortDescription xml:lang="en">Particulates, &gt; 2.5 um, and &lt; 10um</common:shortDescription>
            </referenceToFlowDataSet>
            <exchangeDirection>Output</exchangeDirection>
            <meanAmount>4.5399E-4</meanAmount>
            <resultingAmount>4.5399E-4</resultingAmount>
        </exchange>
        <exchange xmlns:olca="http://openlca.org/ilcd-extensions" dataSetInternalID="4" olca:unitId="20aadc24-a391-41cf-b340-3e4529f44bde" olca:propertyId="93a60a56-a3c8-11da-a746-0800200b9a66" olca:amount="6.5E-5">
            <referenceToFlowDataSet type="flow data set" refObjectId="3249ff13-4bf2-3f84-857d-67cd0cc92bc2" version="01.00.000" uri="../flows/3249ff13-4bf2-3f84-857d-67cd0cc92bc2">
                <common:shortDescription xml:lang="en">Naphthalene</common:shortDescription>
            </referenceToFlowDataSet>
            <exchangeDirection>Output</exchangeDirection>
            <meanAmount>6.5E-5</meanAmount>
            <resultingAmount>6.5E-5</resultingAmount>
            <generalComment xml:lang="en">Sources for PAH data are old or unverifiable. Use this PAH data with caution.</generalComment>
        </exchange>
        <exchange xmlns:olca="http://openlca.org/ilcd-extensions" dataSetInternalID="26" olca:unitId="20aadc24-a391-41cf-b340-3e4529f44bde" olca:propertyId="93a60a56-a3c8-11da-a746-0800200b9a66" olca:amount="7.034E-6">
            <referenceToFlowDataSet type="flow data set" refObjectId="e142b577-e934-4085-9a07-3983d4d92afb" version="01.00.000" uri="../flows/e142b577-e934-4085-9a07-3983d4d92afb">
                <common:shortDescription xml:lang="en">Chromium</common:shortDescription>
            </referenceToFlowDataSet>
            <exchangeDirection>Output</exchangeDirection>
            <meanAmount>7.034E-6</meanAmount>
            <resultingAmount>7.034E-6</resultingAmount>
        </exchange>
        <exchange xmlns:olca="http://openlca.org/ilcd-extensions" dataSetInternalID="29" olca:unitId="20aadc24-a391-41cf-b340-3e4529f44bde" olca:propertyId="93a60a56-a3c8-11da-a746-0800200b9a66" olca:amount="1.25E-5">
            <referenceToFlowDataSet type="flow data set" refObjectId="8f9e856a-1968-3399-bbe6-935da3e1cb64" version="01.00.000" uri="../flows/8f9e856a-1968-3399-bbe6-935da3e1cb64">
                <common:shortDescription xml:lang="en">Biphenyl</common:shortDescription>
            </referenceToFlowDataSet>
            <exchangeDirection>Output</exchangeDirection>
            <meanAmount>1.25E-5</meanAmount>
            <resultingAmount>1.25E-5</resultingAmount>
            <generalComment xml:lang="en">Sources for PAH data are old or unverifiable. Use this PAH data with caution.</generalComment>
        </exchange>
        <exchange xmlns:olca="http://openlca.org/ilcd-extensions" dataSetInternalID="19" olca:unitId="20aadc24-a391-41cf-b340-3e4529f44bde" olca:propertyId="93a60a56-a3c8-11da-a746-0800200b9a66" olca:amount="0.045449">
            <referenceToFlowDataSet type="flow data set" refObjectId="fd7aa71c-508c-480d-81a6-8052aad92646" version="01.00.000" uri="../flows/fd7aa71c-508c-480d-81a6-8052aad92646">
                <common:shortDescription xml:lang="en">Sulfur dioxide</common:shortDescription>
            </referenceToFlowDataSet>
            <exchangeDirection>Output</exchangeDirection>
            <meanAmount>0.045449</meanAmount>
            <resultingAmount>0.045449</resultingAmount>
        </exchange>
        <exchange xmlns:olca="http://openlca.org/ilcd-extensions" dataSetInternalID="12" olca:unitId="20aadc24-a391-41cf-b340-3e4529f44bde" olca:propertyId="93a60a56-a3c8-11da-a746-0800200b9a66" olca:amount="4.9642E-4">
            <referenceToFlowDataSet type="flow data set" refObjectId="355d165a-8be8-3b91-be79-89f5aaa52408" version="01.00.000" uri="../flows/355d165a-8be8-3b91-be79-89f5aaa52408">
                <common:shortDescription xml:lang="en">Hydrogen fluoride</common:shortDescription>
            </referenceToFlowDataSet>
            <exchangeDirection>Output</exchangeDirection>
            <meanAmount>4.9642E-4</meanAmount>
            <resultingAmount>4.9642E-4</resultingAmount>
        </exchange>
        <exchange xmlns:olca="http://openlca.org/ilcd-extensions" dataSetInternalID="13" olca:unitId="20aadc24-a391-41cf-b340-3e4529f44bde" olca:propertyId="93a60a56-a3c8-11da-a746-0800200b9a66" olca:amount="2.1828E-6">
            <referenceToFlowDataSet type="flow data set" refObjectId="693921ef-e02d-4072-add0-55aa4631b213" version="01.00.000" uri="../flows/693921ef-e02d-4072-add0-55aa4631b213">
                <common:shortDescription xml:lang="en">Suspended solids, unspecified</common:shortDescription>
            </referenceToFlowDataSet>
            <exchangeDirection>Output</exchangeDirection>
            <meanAmount>2.1828E-6</meanAmount>
            <resultingAmount>2.1828E-6</resultingAmount>
        </exchange>
        <exchange xmlns:olca="http://openlca.org/ilcd-extensions" dataSetInternalID="28" olca:unitId="20aadc24-a391-41cf-b340-3e4529f44bde" olca:propertyId="93a60a56-a3c8-11da-a746-0800200b9a66" olca:amount="3.4E-6">
            <referenceToFlowDataSet type="flow data set" refObjectId="914af894-d203-3f8c-825c-66fa421b5332" version="01.00.000" uri="../flows/914af894-d203-3f8c-825c-66fa421b5332">
                <common:shortDescription xml:lang="en">Phenanthrene</common:shortDescription>
            </referenceToFlowDataSet>
            <exchangeDirection>Output</exchangeDirection>
            <meanAmount>3.4E-6</meanAmount>
            <resultingAmount>3.4E-6</resultingAmount>
            <generalComment xml:lang="en">Sources for PAH data are old or unverifiable. Use this PAH data with caution.</generalComment>
        </exchange>
        <exchange xmlns:olca="http://openlca.org/ilcd-extensions" dataSetInternalID="15" olca:unitId="20aadc24-a391-41cf-b340-3e4529f44bde" olca:propertyId="93a60a56-a3c8-11da-a746-0800200b9a66" olca:amount="0.0071206">
            <referenceToFlowDataSet type="flow data set" refObjectId="c1b91234-6f24-417b-8309-46111d09c457" version="01.00.000" uri="../flows/c1b91234-6f24-417b-8309-46111d09c457">
                <common:shortDescription xml:lang="en">Nitrogen oxides</common:shortDescription>
            </referenceToFlowDataSet>
            <exchangeDirection>Output</exchangeDirection>
            <meanAmount>0.0071206</meanAmount>
            <resultingAmount>0.0071206</resultingAmount>
        </exchange>
        <exchange xmlns:olca="http://openlca.org/ilcd-extensions" dataSetInternalID="5" olca:unitId="20aadc24-a391-41cf-b340-3e4529f44bde" olca:propertyId="93a60a56-a3c8-11da-a746-0800200b9a66" olca:amount="3.6778E-7">
            <referenceToFlowDataSet type="flow data set" refObjectId="3c5d727a-673d-334c-9018-3aa68edad2f5" version="01.00.000" uri="../flows/3c5d727a-673d-334c-9018-3aa68edad2f5">
                <common:shortDescription xml:lang="en">Acetaldehyde</common:shortDescription>
            </referenceToFlowDataSet>
            <exchangeDirection>Output</exchangeDirection>
            <meanAmount>3.6778E-7</meanAmount>
            <resultingAmount>3.6778E-7</resultingAmount>
        </exchange>
        <exchange xmlns:olca="http://openlca.org/ilcd-extensions" dataSetInternalID="14" olca:unitId="0dea4ed8-bb6b-4049-b2b4-b2c413ef2180" olca:propertyId="838aaa20-0117-11db-92e3-0800200c9a66" olca:amount="0.17381">
            <referenceToFlowDataSet type="flow data set" refObjectId="2afb4e2f-b224-3900-956f-03e3f27b276b" version="01.00.000" uri="../flows/2afb4e2f-b224-3900-956f-03e3f27b276b">
                <common:shortDescription xml:lang="en">Transport, combination truck, average fuel mix</common:shortDescription>
            </referenceToFlowDataSet>
            <exchangeDirection>Input</exchangeDirection>
            <meanAmount>0.17381</meanAmount>
            <resultingAmount>0.17381</resultingAmount>
            <generalComment xml:lang="en">Represents transportation from coal production/processing to industrial boiler.</generalComment>
        </exchange>
        <exchange xmlns:olca="http://openlca.org/ilcd-extensions" dataSetInternalID="8" olca:unitId="20aadc24-a391-41cf-b340-3e4529f44bde" olca:propertyId="93a60a56-a3c8-11da-a746-0800200b9a66" olca:amount="6.6041E-6">
            <referenceToFlowDataSet type="flow data set" refObjectId="a5506f4b-113f-4713-95c3-c819dde6e48b" version="01.00.000" uri="../flows/a5506f4b-113f-4713-95c3-c819dde6e48b">
                <common:shortDescription xml:lang="en">Nickel</common:shortDescription>
            </referenceToFlowDataSet>
            <exchangeDirection>Output</exchangeDirection>
            <meanAmount>6.6041E-6</meanAmount>
            <resultingAmount>6.6041E-6</resultingAmount>
        </exchange>
        <exchange xmlns:olca="http://openlca.org/ilcd-extensions" dataSetInternalID="17" olca:unitId="20aadc24-a391-41cf-b340-3e4529f44bde" olca:propertyId="93a60a56-a3c8-11da-a746-0800200b9a66" olca:amount="6.6584E-7">
            <referenceToFlowDataSet type="flow data set" refObjectId="71234253-b3a7-4dfe-b166-a484ad15bee7" version="01.00.000" uri="../flows/71234253-b3a7-4dfe-b166-a484ad15bee7">
                <common:shortDescription xml:lang="en">Mercury</common:shortDescription>
            </referenceToFlowDataSet>
            <exchangeDirection>Output</exchangeDirection>
            <meanAmount>6.6584E-7</meanAmount>
            <resultingAmount>6.6584E-7</resultingAmount>
        </exchange>
        <exchange xmlns:olca="http://openlca.org/ilcd-extensions" dataSetInternalID="18" olca:unitId="20aadc24-a391-41cf-b340-3e4529f44bde" olca:propertyId="93a60a56-a3c8-11da-a746-0800200b9a66" olca:amount="0.003224">
            <referenceToFlowDataSet type="flow data set" refObjectId="7ae398c3-8532-11e0-9d78-0800200c9a66" version="01.00.000" uri="../flows/7ae398c3-8532-11e0-9d78-0800200c9a66">
                <common:shortDescription xml:lang="en">Particulates, unspecified</common:shortDescription>
            </referenceToFlowDataSet>
            <exchangeDirection>Output</exchangeDirection>
            <meanAmount>0.003224</meanAmount>
            <resultingAmount>0.003224</resultingAmount>
        </exchange>
        <exchange xmlns:olca="http://openlca.org/ilcd-extensions" dataSetInternalID="9" olca:unitId="20aadc24-a391-41cf-b340-3e4529f44bde" olca:propertyId="93a60a56-a3c8-11da-a746-0800200b9a66" olca:amount="6.8043E-4">
            <referenceToFlowDataSet type="flow data set" refObjectId="8f6e6949-f569-3d05-abe1-de3608895d47" version="01.00.000" uri="../flows/8f6e6949-f569-3d05-abe1-de3608895d47">
                <common:shortDescription xml:lang="en">Carbon monoxide, fossil </common:shortDescription>
            </referenceToFlowDataSet>
            <exchangeDirection>Output</exchangeDirection>
            <meanAmount>6.8043E-4</meanAmount>
            <resultingAmount>6.8043E-4</resultingAmount>
        </exchange>
        <exchange xmlns:olca="http://openlca.org/ilcd-extensions" dataSetInternalID="10" olca:unitId="20aadc24-a391-41cf-b340-3e4529f44bde" olca:propertyId="93a60a56-a3c8-11da-a746-0800200b9a66" olca:amount="2.8662E-6">
            <referenceToFlowDataSet type="flow data set" refObjectId="8e123669-94d3-41d8-9480-a79211fe7c43" version="01.00.000" uri="../flows/8e123669-94d3-41d8-9480-a79211fe7c43">
                <common:shortDescription xml:lang="en">Lead</common:shortDescription>
            </referenceToFlowDataSet>
            <exchangeDirection>Output</exchangeDirection>
            <meanAmount>2.8662E-6</meanAmount>
            <resultingAmount>2.8662E-6</resultingAmount>
        </exchange>
        <exchange xmlns:olca="http://openlca.org/ilcd-extensions" dataSetInternalID="24" olca:unitId="20aadc24-a391-41cf-b340-3e4529f44bde" olca:propertyId="93a60a56-a3c8-11da-a746-0800200b9a66" olca:amount="6.6461E-6">
            <referenceToFlowDataSet type="flow data set" refObjectId="428037ab-78b5-389e-acb6-fb8b0c1c2bc8" version="01.00.000" uri="../flows/428037ab-78b5-389e-acb6-fb8b0c1c2bc8">
                <common:shortDescription xml:lang="en">Formaldehyde</common:shortDescription>
            </referenceToFlowDataSet>
            <exchangeDirection>Output</exchangeDirection>
            <meanAmount>6.6461E-6</meanAmount>
            <resultingAmount>6.6461E-6</resultingAmount>
        </exchange>
        <exchange xmlns:olca="http://openlca.org/ilcd-extensions" dataSetInternalID="22" olca:unitId="20aadc24-a391-41cf-b340-3e4529f44bde" olca:propertyId="93a60a56-a3c8-11da-a746-0800200b9a66" olca:amount="1.0">
            <referenceToFlowDataSet type="flow data set" refObjectId="81b85c3d-aeef-3a29-81d1-b39e1de928a8" version="01.00.000" uri="../flows/81b85c3d-aeef-3a29-81d1-b39e1de928a8">
                <common:shortDescription xml:lang="en">Anthracite coal, at mine</common:shortDescription>
            </referenceToFlowDataSet>
            <exchangeDirection>Input</exchangeDirection>
            <meanAmount>1.0</meanAmount>
            <resultingAmount>1.0</resultingAmount>
        </exchange>
        <exchange xmlns:olca="http://openlca.org/ilcd-extensions" dataSetInternalID="16" olca:unitId="20aadc24-a391-41cf-b340-3e4529f44bde" olca:propertyId="93a60a56-a3c8-11da-a746-0800200b9a66" olca:amount="2.0E-5">
            <referenceToFlowDataSet type="flow data set" refObjectId="0795345f-c7ae-410c-ad25-1845784c75f5" version="01.00.000" uri="../flows/0795345f-c7ae-410c-ad25-1845784c75f5">
                <common:shortDescription xml:lang="en">Methane, fossil</common:shortDescription>
            </referenceToFlowDataSet>
            <exchangeDirection>Output</exchangeDirection>
            <meanAmount>2.0E-5</meanAmount>
            <resultingAmount>2.0E-5</resultingAmount>
        </exchange>
        <exchange xmlns:olca="http://openlca.org/ilcd-extensions" dataSetInternalID="31" olca:unitId="20aadc24-a391-41cf-b340-3e4529f44bde" olca:propertyId="93a60a56-a3c8-11da-a746-0800200b9a66" olca:amount="9.5626E-7">
            <referenceToFlowDataSet type="flow data set" refObjectId="cf073fce-ea44-3b44-a451-0ac2894f0bbf" version="01.00.000" uri="../flows/cf073fce-ea44-3b44-a451-0ac2894f0bbf">
                <common:shortDescription xml:lang="en">Manganese</common:shortDescription>
            </referenceToFlowDataSet>
            <exchangeDirection>Output</exchangeDirection>
            <meanAmount>9.5626E-7</meanAmount>
            <resultingAmount>9.5626E-7</resultingAmount>
        </exchange>
    </exchanges>
</processDataSet>
