<?xml version="1.0" encoding="UTF-8" standalone="yes"?>
<processDataSet xmlns:m="http://lca.jrc.it/ILCD/LCIAMethod" xmlns:common="http://lca.jrc.it/ILCD/Common" xmlns:s="http://lca.jrc.it/ILCD/Source" xmlns:c="http://lca.jrc.it/ILCD/Contact" xmlns:f="http://lca.jrc.it/ILCD/Flow" xmlns="http://lca.jrc.it/ILCD/Process" xmlns:fp="http://lca.jrc.it/ILCD/FlowProperty" xmlns:u="http://lca.jrc.it/ILCD/UnitGroup" version="1.1">
    <processInformation>
        <dataSetInformation>
            <common:UUID>317adcbc-b3e3-3ec3-80c3-82b18d0f3207</common:UUID>
            <name>
                <baseName xml:lang="en">Bituminous coal, at mine</baseName>
            </name>
            <classificationInformation>
                <common:classification>
                    <common:class level="0" classId="d374ae23-7148-3bd0-9630-022020e9fcb9">21: Mining, Quarrying, and Oil and Gas Extraction</common:class>
                    <common:class level="1" classId="8375ea8d-e1ac-35d9-8d8f-632a9ab8884b">2121: Coal Mining</common:class>
                </common:classification>
            </classificationInformation>
            <common:generalComment xml:lang="en">
Important note: although most of the data in the US LCI database has 
undergone some sort of review, the database as a whole has not yet 
undergone a formal validation process.
Please email comments to lci@nrel.gov.</common:generalComment>
        </dataSetInformation>
        <quantitativeReference type="Reference flow(s)">
            <referenceToReferenceFlow>1</referenceToReferenceFlow>
        </quantitativeReference>
        <time xmlns:olca="http://openlca.org/ilcd-extensions" olca:startDate="757321200000" olca:endDate="1009782000000">
            <common:referenceYear>1993</common:referenceYear>
            <common:dataSetValidUntil>2001</common:dataSetValidUntil>
        </time>
        <geography>
            <locationOfOperationSupplyOrProduction location="RNA" latitudeAndLongitude="58.71;-91.96">
                <descriptionOfRestrictions xml:lang="en">United States</descriptionOfRestrictions>
            </locationOfOperationSupplyOrProduction>
        </geography>
        <technology>
            <technologyDescriptionAndIncludedProcesses xml:lang="en">Represents surface and underground mining. Coal cleaning is done by mechanical, not chemical, methods.</technologyDescriptionAndIncludedProcesses>
        </technology>
    </processInformation>
    <modellingAndValidation>
        <LCIMethodAndAllocation>
            <typeOfDataSet>Unit process, black box</typeOfDataSet>
            <LCIMethodPrinciple>Other</LCIMethodPrinciple>
        </LCIMethodAndAllocation>
        <dataSourcesTreatmentAndRepresentativeness>
            <deviationsFromCutOffAndCompletenessPrinciples xml:lang="en">None.</deviationsFromCutOffAndCompletenessPrinciples>
            <deviationsFromSelectionAndCombinationPrinciples xml:lang="en">None.</deviationsFromSelectionAndCombinationPrinciples>
            <referenceToDataSource type="source data set" refObjectId="8e430cc7-7892-3631-842d-4a13eb3f600d" version="01.00.000" uri="../sources/8e430cc7-7892-3631-842d-4a13eb3f600d">
                <common:shortDescription xml:lang="en">Energy Information Administration </common:shortDescription>
            </referenceToDataSource>
            <referenceToDataSource type="source data set" refObjectId="184f5694-1059-3d11-bf3b-cabb043d3ad3" version="01.00.000" uri="../sources/184f5694-1059-3d11-bf3b-cabb043d3ad3">
                <common:shortDescription xml:lang="en">U.S. Census bureau </common:shortDescription>
            </referenceToDataSource>
            <referenceToDataSource type="source data set" refObjectId="cdd2e6b3-ce71-3785-8c1c-1cdfb8a03daa" version="01.00.000" uri="../sources/cdd2e6b3-ce71-3785-8c1c-1cdfb8a03daa">
                <common:shortDescription xml:lang="en">Franklin Associates </common:shortDescription>
            </referenceToDataSource>
            <referenceToDataSource type="source data set" refObjectId="b958bba2-126d-371a-a492-188fda0c8316" version="01.00.000" uri="../sources/b958bba2-126d-371a-a492-188fda0c8316">
                <common:shortDescription xml:lang="en">unspecified </common:shortDescription>
            </referenceToDataSource>
            <referenceToDataSource type="source data set" refObjectId="72399fd9-6c6a-3b5b-9be5-ad5086ad0bf6" version="01.00.000" uri="../sources/72399fd9-6c6a-3b5b-9be5-ad5086ad0bf6">
                <common:shortDescription xml:lang="en">J.G. Speight </common:shortDescription>
            </referenceToDataSource>
            <referenceToDataSource type="source data set" refObjectId="e6a55661-8d1a-3a5f-a408-52c6f9be1d33" version="01.00.000" uri="../sources/e6a55661-8d1a-3a5f-a408-52c6f9be1d33">
                <common:shortDescription xml:lang="en">D.A. Kirchgessner </common:shortDescription>
            </referenceToDataSource>
            <referenceToDataSource type="source data set" refObjectId="cab575ed-c97b-32bd-b5ac-80503154ebed" version="01.00.000" uri="../sources/cab575ed-c97b-32bd-b5ac-80503154ebed">
                <common:shortDescription xml:lang="en">U.S. Census bureau </common:shortDescription>
            </referenceToDataSource>
            <referenceToDataSource type="source data set" refObjectId="ea6266b7-5ee0-3855-acf5-532dfd8b1a62" version="01.00.000" uri="../sources/ea6266b7-5ee0-3855-acf5-532dfd8b1a62">
                <common:shortDescription xml:lang="en">Energy Information Administration </common:shortDescription>
            </referenceToDataSource>
            <referenceToDataSource type="source data set" refObjectId="88ca590b-ba12-3cc7-a603-1b5cbff81af9" version="01.00.000" uri="../sources/88ca590b-ba12-3cc7-a603-1b5cbff81af9">
                <common:shortDescription xml:lang="en">Energy Information Administration </common:shortDescription>
            </referenceToDataSource>
            <referenceToDataSource type="source data set" refObjectId="4c640d55-6a29-3566-8cc5-93e8d3fd146b" version="01.00.000" uri="../sources/4c640d55-6a29-3566-8cc5-93e8d3fd146b">
                <common:shortDescription xml:lang="en">Energy Information Administration </common:shortDescription>
            </referenceToDataSource>
            <referenceToDataSource type="source data set" refObjectId="efe8b206-d7cc-3bd4-af63-b85659ffd048" version="01.00.000" uri="../sources/efe8b206-d7cc-3bd4-af63-b85659ffd048">
                <common:shortDescription xml:lang="en">unspecified </common:shortDescription>
            </referenceToDataSource>
            <referenceToDataSource type="source data set" refObjectId="47dddf2e-e123-39e9-a812-3af9081792cc" version="01.00.000" uri="../sources/47dddf2e-e123-39e9-a812-3af9081792cc">
                <common:shortDescription xml:lang="en">Hong, B.D </common:shortDescription>
            </referenceToDataSource>
            <referenceToDataSource type="source data set" refObjectId="885a528c-8db1-3ae4-9b29-066418f6a742" version="01.00.000" uri="../sources/885a528c-8db1-3ae4-9b29-066418f6a742">
                <common:shortDescription xml:lang="en">U.S. Department of Energy </common:shortDescription>
            </referenceToDataSource>
            <referenceToDataSource type="source data set" refObjectId="15db056e-ad13-30ab-99a5-0bd33e5452a9" version="01.00.000" uri="../sources/15db056e-ad13-30ab-99a5-0bd33e5452a9">
                <common:shortDescription xml:lang="en">unspecified </common:shortDescription>
            </referenceToDataSource>
            <referenceToDataSource type="source data set" refObjectId="ee70af1f-0215-3cbc-ac20-8f6d80df9f46" version="01.00.000" uri="../sources/ee70af1f-0215-3cbc-ac20-8f6d80df9f46">
                <common:shortDescription xml:lang="en">U.S. EPA </common:shortDescription>
            </referenceToDataSource>
            <referenceToDataSource type="source data set" refObjectId="9e29e241-8083-3ab9-99da-e7347a8232c8" version="01.00.000" uri="../sources/9e29e241-8083-3ab9-99da-e7347a8232c8">
                <common:shortDescription xml:lang="en">unspecified </common:shortDescription>
            </referenceToDataSource>
            <referenceToDataSource type="source data set" refObjectId="d6c7115e-752c-3d99-a4ce-1ddce8e4573a" version="01.00.000" uri="../sources/d6c7115e-752c-3d99-a4ce-1ddce8e4573a">
                <common:shortDescription xml:lang="en">unspecified </common:shortDescription>
            </referenceToDataSource>
            <referenceToDataSource type="source data set" refObjectId="1ec2081b-1f35-3144-b824-0dd8270b9679" version="01.00.000" uri="../sources/1ec2081b-1f35-3144-b824-0dd8270b9679">
                <common:shortDescription xml:lang="en">U.S. EPA </common:shortDescription>
            </referenceToDataSource>
        </dataSourcesTreatmentAndRepresentativeness>
    </modellingAndValidation>
    <administrativeInformation>
        <dataGenerator>
            <common:referenceToPersonOrEntityGeneratingTheDataSet type="contact data set" refObjectId="c4c3ffcf-9ee5-3bc4-994f-87ae13f997a7" version="01.00.000" uri="../contacts/c4c3ffcf-9ee5-3bc4-994f-87ae13f997a7">
                <common:shortDescription xml:lang="en">Franklin Associates</common:shortDescription>
            </common:referenceToPersonOrEntityGeneratingTheDataSet>
        </dataGenerator>
        <dataEntryBy>
            <common:timeStamp>2019-10-15T12:34:41.831-06:00</common:timeStamp>
            <common:referenceToDataSetFormat type="source data set" refObjectId="a97a0155-0234-4b87-b4ce-a45da52f2a40" version="01.01.000" uri="../sources/a97a0155-0234-4b87-b4ce-a45da52f2a40_01.01.000.xml">
                <common:shortDescription xml:lang="en">ILCD format</common:shortDescription>
            </common:referenceToDataSetFormat>
            <common:referenceToPersonOrEntityEnteringTheData type="contact data set" refObjectId="c4c3ffcf-9ee5-3bc4-994f-87ae13f997a7" version="01.00.000" uri="../contacts/c4c3ffcf-9ee5-3bc4-994f-87ae13f997a7">
                <common:shortDescription xml:lang="en">Franklin Associates</common:shortDescription>
            </common:referenceToPersonOrEntityEnteringTheData>
        </dataEntryBy>
        <publicationAndOwnership>
            <common:dateOfLastRevision>2019-07-21T10:38:27.563-06:00</common:dateOfLastRevision>
            <common:dataSetVersion>00.00.002</common:dataSetVersion>
            <common:referenceToUnchangedRepublication type="source data set" refObjectId="cdd2e6b3-ce71-3785-8c1c-1cdfb8a03daa" version="01.00.000" uri="../sources/cdd2e6b3-ce71-3785-8c1c-1cdfb8a03daa">
                <common:shortDescription xml:lang="en">Franklin Associates </common:shortDescription>
            </common:referenceToUnchangedRepublication>
            <common:copyright>false</common:copyright>
            <common:accessRestrictions xml:lang="en">All information can be accessed by everybody.</common:accessRestrictions>
        </publicationAndOwnership>
    </administrativeInformation>
    <exchanges>
        <exchange xmlns:olca="http://openlca.org/ilcd-extensions" dataSetInternalID="1" olca:unitId="20aadc24-a391-41cf-b340-3e4529f44bde" olca:propertyId="93a60a56-a3c8-11da-a746-0800200b9a66" olca:amount="1.0">
            <referenceToFlowDataSet type="flow data set" refObjectId="55b4aeab-0576-3a9b-b476-b561197ec3f2" version="01.00.000" uri="../flows/55b4aeab-0576-3a9b-b476-b561197ec3f2">
                <common:shortDescription xml:lang="en">Bituminous coal, at mine</common:shortDescription>
            </referenceToFlowDataSet>
            <exchangeDirection>Output</exchangeDirection>
            <meanAmount>1.0</meanAmount>
            <resultingAmount>1.0</resultingAmount>
        </exchange>
        <exchange xmlns:olca="http://openlca.org/ilcd-extensions" dataSetInternalID="5" olca:unitId="52765a6c-3896-43c2-b2f4-c679acf13efe" olca:propertyId="f6811440-ee37-11de-8a39-0800200c9a66" olca:amount="0.0387">
            <referenceToFlowDataSet type="flow data set" refObjectId="06581fb2-1de0-3e78-8298-f37605dea142" version="01.00.000" uri="../flows/06581fb2-1de0-3e78-8298-f37605dea142">
                <common:shortDescription xml:lang="en">Electricity, at grid</common:shortDescription>
            </referenceToFlowDataSet>
            <exchangeDirection>Input</exchangeDirection>
            <meanAmount>0.0387</meanAmount>
            <resultingAmount>0.0387</resultingAmount>
        </exchange>
        <exchange xmlns:olca="http://openlca.org/ilcd-extensions" dataSetInternalID="6" olca:unitId="20aadc24-a391-41cf-b340-3e4529f44bde" olca:propertyId="93a60a56-a3c8-11da-a746-0800200b9a66" olca:amount="1.24">
            <referenceToFlowDataSet type="flow data set" refObjectId="eaaa17d0-52c2-36ed-a39b-406e7bb80359" version="01.00.000" uri="../flows/eaaa17d0-52c2-36ed-a39b-406e7bb80359">
                <common:shortDescription xml:lang="en">Coal, bituminous, 24.8 MJ per kg</common:shortDescription>
            </referenceToFlowDataSet>
            <exchangeDirection>Input</exchangeDirection>
            <meanAmount>1.24</meanAmount>
            <resultingAmount>1.24</resultingAmount>
        </exchange>
        <exchange xmlns:olca="http://openlca.org/ilcd-extensions" dataSetInternalID="13" olca:unitId="1c3a9695-398d-4b1f-b07e-a8715b610f70" olca:propertyId="93a60a56-a3c8-22da-a746-0800200c9a66" olca:amount="1.62E-4">
            <referenceToFlowDataSet type="flow data set" refObjectId="bb1dc159-fe13-3f8e-8197-361e8c770ba3" version="01.00.000" uri="../flows/bb1dc159-fe13-3f8e-8197-361e8c770ba3">
                <common:shortDescription xml:lang="en">Natural gas, combusted in industrial boiler</common:shortDescription>
            </referenceToFlowDataSet>
            <exchangeDirection>Input</exchangeDirection>
            <meanAmount>1.62E-4</meanAmount>
            <resultingAmount>1.62E-4</resultingAmount>
        </exchange>
        <exchange xmlns:olca="http://openlca.org/ilcd-extensions" dataSetInternalID="15" olca:unitId="20aadc24-a391-41cf-b340-3e4529f44bde" olca:propertyId="93a60a56-a3c8-11da-a746-0800200b9a66" olca:amount="0.00163">
            <referenceToFlowDataSet type="flow data set" refObjectId="7ae398c3-8532-11e0-9d78-0800200c9a66" version="01.00.000" uri="../flows/7ae398c3-8532-11e0-9d78-0800200c9a66">
                <common:shortDescription xml:lang="en">Particulates, unspecified</common:shortDescription>
            </referenceToFlowDataSet>
            <exchangeDirection>Output</exchangeDirection>
            <meanAmount>0.00163</meanAmount>
            <resultingAmount>0.00163</resultingAmount>
        </exchange>
        <exchange xmlns:olca="http://openlca.org/ilcd-extensions" dataSetInternalID="2" olca:unitId="1c3a9695-398d-4b1f-b07e-a8715b610f70" olca:propertyId="93a60a56-a3c8-22da-a746-0800200c9a66" olca:amount="8.7E-4">
            <referenceToFlowDataSet type="flow data set" refObjectId="654a5cf6-185f-3d91-89ef-42442d1825e8" version="01.00.000" uri="../flows/654a5cf6-185f-3d91-89ef-42442d1825e8">
                <common:shortDescription xml:lang="en">Residual fuel oil, combusted in industrial boiler</common:shortDescription>
            </referenceToFlowDataSet>
            <exchangeDirection>Input</exchangeDirection>
            <meanAmount>8.7E-4</meanAmount>
            <resultingAmount>8.7E-4</resultingAmount>
        </exchange>
        <exchange xmlns:olca="http://openlca.org/ilcd-extensions" dataSetInternalID="12" olca:unitId="20aadc24-a391-41cf-b340-3e4529f44bde" olca:propertyId="93a60a56-a3c8-11da-a746-0800200b9a66" olca:amount="4.31E-4">
            <referenceToFlowDataSet type="flow data set" refObjectId="73cd1596-214d-3403-87f1-f69fc3818886" version="01.00.000" uri="../flows/73cd1596-214d-3403-87f1-f69fc3818886">
                <common:shortDescription xml:lang="en">Bituminous coal, combusted in industrial boiler</common:shortDescription>
            </referenceToFlowDataSet>
            <exchangeDirection>Input</exchangeDirection>
            <meanAmount>4.31E-4</meanAmount>
            <resultingAmount>4.31E-4</resultingAmount>
        </exchange>
        <exchange xmlns:olca="http://openlca.org/ilcd-extensions" dataSetInternalID="3" olca:unitId="20aadc24-a391-41cf-b340-3e4529f44bde" olca:propertyId="93a60a56-a3c8-11da-a746-0800200b9a66" olca:amount="2.57E-5">
            <referenceToFlowDataSet type="flow data set" refObjectId="7ae3bfc4-8532-11e0-9d78-0800200c9a66" version="01.00.000" uri="../flows/7ae3bfc4-8532-11e0-9d78-0800200c9a66">
                <common:shortDescription xml:lang="en">VOC, volatile organic compounds</common:shortDescription>
            </referenceToFlowDataSet>
            <exchangeDirection>Output</exchangeDirection>
            <meanAmount>2.57E-5</meanAmount>
            <resultingAmount>2.57E-5</resultingAmount>
        </exchange>
        <exchange xmlns:olca="http://openlca.org/ilcd-extensions" dataSetInternalID="8" olca:unitId="20aadc24-a391-41cf-b340-3e4529f44bde" olca:propertyId="93a60a56-a3c8-11da-a746-0800200b9a66" olca:amount="0.235">
            <referenceToFlowDataSet type="flow data set" refObjectId="627f237d-8d6e-3257-b539-0637dacdf768" version="01.00.000" uri="../flows/627f237d-8d6e-3257-b539-0637dacdf768">
                <common:shortDescription xml:lang="en">CUTOFF Disposal, solid waste, unspecified, to underground deposit</common:shortDescription>
            </referenceToFlowDataSet>
            <exchangeDirection>Input</exchangeDirection>
            <meanAmount>0.235</meanAmount>
            <resultingAmount>0.235</resultingAmount>
        </exchange>
        <exchange xmlns:olca="http://openlca.org/ilcd-extensions" dataSetInternalID="14" olca:unitId="20aadc24-a391-41cf-b340-3e4529f44bde" olca:propertyId="93a60a56-a3c8-11da-a746-0800200b9a66" olca:amount="8.64E-6">
            <referenceToFlowDataSet type="flow data set" refObjectId="63e7d74e-8549-11e0-9d78-0800200c9a66" version="01.00.000" uri="../flows/63e7d74e-8549-11e0-9d78-0800200c9a66">
                <common:shortDescription xml:lang="en">Iron</common:shortDescription>
            </referenceToFlowDataSet>
            <exchangeDirection>Output</exchangeDirection>
            <meanAmount>8.64E-6</meanAmount>
            <resultingAmount>8.64E-6</resultingAmount>
        </exchange>
        <exchange xmlns:olca="http://openlca.org/ilcd-extensions" dataSetInternalID="10" olca:unitId="20aadc24-a391-41cf-b340-3e4529f44bde" olca:propertyId="93a60a56-a3c8-11da-a746-0800200b9a66" olca:amount="5.76E-6">
            <referenceToFlowDataSet type="flow data set" refObjectId="10cbd2f7-c41b-4bb4-b636-d8fc15cf0282" version="01.00.000" uri="../flows/10cbd2f7-c41b-4bb4-b636-d8fc15cf0282">
                <common:shortDescription xml:lang="en">Manganese</common:shortDescription>
            </referenceToFlowDataSet>
            <exchangeDirection>Output</exchangeDirection>
            <meanAmount>5.76E-6</meanAmount>
            <resultingAmount>5.76E-6</resultingAmount>
        </exchange>
        <exchange xmlns:olca="http://openlca.org/ilcd-extensions" dataSetInternalID="4" olca:unitId="1c3a9695-398d-4b1f-b07e-a8715b610f70" olca:propertyId="93a60a56-a3c8-22da-a746-0800200c9a66" olca:amount="8.36E-4">
            <referenceToFlowDataSet type="flow data set" refObjectId="bc38e349-1ccf-3855-a615-a4f581ab875b" version="01.00.000" uri="../flows/bc38e349-1ccf-3855-a615-a4f581ab875b">
                <common:shortDescription xml:lang="en">Gasoline, combusted in equipment</common:shortDescription>
            </referenceToFlowDataSet>
            <exchangeDirection>Input</exchangeDirection>
            <meanAmount>8.36E-4</meanAmount>
            <resultingAmount>8.36E-4</resultingAmount>
        </exchange>
        <exchange xmlns:olca="http://openlca.org/ilcd-extensions" dataSetInternalID="7" olca:unitId="20aadc24-a391-41cf-b340-3e4529f44bde" olca:propertyId="93a60a56-a3c8-11da-a746-0800200b9a66" olca:amount="0.00399">
            <referenceToFlowDataSet type="flow data set" refObjectId="20408dd1-8534-11e0-9d78-0800200c9a66" version="01.00.000" uri="../flows/20408dd1-8534-11e0-9d78-0800200c9a66">
                <common:shortDescription xml:lang="en">Methane</common:shortDescription>
            </referenceToFlowDataSet>
            <exchangeDirection>Output</exchangeDirection>
            <meanAmount>0.00399</meanAmount>
            <resultingAmount>0.00399</resultingAmount>
        </exchange>
        <exchange xmlns:olca="http://openlca.org/ilcd-extensions" dataSetInternalID="9" olca:unitId="20aadc24-a391-41cf-b340-3e4529f44bde" olca:propertyId="93a60a56-a3c8-11da-a746-0800200b9a66" olca:amount="1.0E-4">
            <referenceToFlowDataSet type="flow data set" refObjectId="693921ef-e02d-4072-add0-55aa4631b213" version="01.00.000" uri="../flows/693921ef-e02d-4072-add0-55aa4631b213">
                <common:shortDescription xml:lang="en">Suspended solids, unspecified</common:shortDescription>
            </referenceToFlowDataSet>
            <exchangeDirection>Output</exchangeDirection>
            <meanAmount>1.0E-4</meanAmount>
            <resultingAmount>1.0E-4</resultingAmount>
        </exchange>
        <exchange xmlns:olca="http://openlca.org/ilcd-extensions" dataSetInternalID="11" olca:unitId="1c3a9695-398d-4b1f-b07e-a8715b610f70" olca:propertyId="93a60a56-a3c8-22da-a746-0800200c9a66" olca:amount="0.0088">
            <referenceToFlowDataSet type="flow data set" refObjectId="e04995fa-935b-316c-b112-5b436c8ea3d6" version="01.00.000" uri="../flows/e04995fa-935b-316c-b112-5b436c8ea3d6">
                <common:shortDescription xml:lang="en">Diesel, combusted in industrial boiler</common:shortDescription>
            </referenceToFlowDataSet>
            <exchangeDirection>Input</exchangeDirection>
            <meanAmount>0.0088</meanAmount>
            <resultingAmount>0.0088</resultingAmount>
        </exchange>
    </exchanges>
</processDataSet>
