<?xml version="1.0" encoding="UTF-8" standalone="yes"?>
<processDataSet xmlns:m="http://lca.jrc.it/ILCD/LCIAMethod" xmlns:common="http://lca.jrc.it/ILCD/Common" xmlns:s="http://lca.jrc.it/ILCD/Source" xmlns:c="http://lca.jrc.it/ILCD/Contact" xmlns:f="http://lca.jrc.it/ILCD/Flow" xmlns="http://lca.jrc.it/ILCD/Process" xmlns:fp="http://lca.jrc.it/ILCD/FlowProperty" xmlns:u="http://lca.jrc.it/ILCD/UnitGroup" version="1.1">
    <processInformation>
        <dataSetInformation>
            <common:UUID>5198d618-7bc8-3639-b4a1-de71d6d5f49a</common:UUID>
            <name>
                <baseName xml:lang="en">Combustion, wet wood residue, AP-42</baseName>
            </name>
            <classificationInformation>
                <common:classification>
                    <common:class level="0" classId="b68bc311-dac6-3892-9112-4199641c1026">22: Utilities</common:class>
                    <common:class level="1" classId="4da1e9cd-0458-3a61-a8f9-b04fa15e8699">2213: Water, Sewage and Other Systems</common:class>
                </common:classification>
            </classificationInformation>
            <common:generalComment xml:lang="en">From EPA AP-42 document for External Combustion Sources: Wood Residue Combusition. http://www.epa.gov/ttn/chief/ap42/ch01/final/c01s06.pdf. Accessed May 2008. 
 
Use background spreadsheet to pick "fluidized bed" as firing configuration, where available. 
</common:generalComment>
        </dataSetInformation>
        <quantitativeReference type="Reference flow(s)">
            <referenceToReferenceFlow>1</referenceToReferenceFlow>
        </quantitativeReference>
        <time xmlns:olca="http://openlca.org/ilcd-extensions" olca:startDate="788857200000" olca:endDate="788857200000">
            <common:referenceYear>1994</common:referenceYear>
            <common:dataSetValidUntil>1994</common:dataSetValidUntil>
        </time>
        <geography>
            <locationOfOperationSupplyOrProduction location="RNA" latitudeAndLongitude="58.71;-91.96">
                <descriptionOfRestrictions xml:lang="en">North America</descriptionOfRestrictions>
            </locationOfOperationSupplyOrProduction>
        </geography>
        <technology>
            <technologyDescriptionAndIncludedProcesses xml:lang="en">current</technologyDescriptionAndIncludedProcesses>
        </technology>
    </processInformation>
    <modellingAndValidation>
        <LCIMethodAndAllocation>
            <typeOfDataSet>Unit process, black box</typeOfDataSet>
            <LCIMethodPrinciple>Other</LCIMethodPrinciple>
        </LCIMethodAndAllocation>
        <dataSourcesTreatmentAndRepresentativeness>
            <deviationsFromCutOffAndCompletenessPrinciples xml:lang="en">None.</deviationsFromCutOffAndCompletenessPrinciples>
            <deviationsFromSelectionAndCombinationPrinciples xml:lang="en">None.</deviationsFromSelectionAndCombinationPrinciples>
            <referenceToDataSource type="source data set" refObjectId="913ef818-e9ba-30a7-bff5-def5616916b8" version="01.00.000" uri="../sources/913ef818-e9ba-30a7-bff5-def5616916b8">
                <common:shortDescription xml:lang="en">USEPA </common:shortDescription>
            </referenceToDataSource>
            <referenceToDataSource type="source data set" refObjectId="9470d035-8909-308b-8647-9abc24c9bd24" version="01.00.000" uri="../sources/9470d035-8909-308b-8647-9abc24c9bd24">
                <common:shortDescription xml:lang="en">Unknown </common:shortDescription>
            </referenceToDataSource>
            <referenceToDataSource type="source data set" refObjectId="a1d1d73e-7d93-3a6b-a3bc-3b2f4f025b86" version="01.00.000" uri="../sources/a1d1d73e-7d93-3a6b-a3bc-3b2f4f025b86">
                <common:shortDescription xml:lang="en">Hsu, D. </common:shortDescription>
            </referenceToDataSource>
        </dataSourcesTreatmentAndRepresentativeness>
    </modellingAndValidation>
    <administrativeInformation>
        <dataGenerator>
            <common:referenceToPersonOrEntityGeneratingTheDataSet type="contact data set" refObjectId="04ed125f-ffa7-33b1-af24-77f5bdb21a05" version="01.00.000" uri="../contacts/04ed125f-ffa7-33b1-af24-77f5bdb21a05">
                <common:shortDescription xml:lang="en">Daniel Inman</common:shortDescription>
            </common:referenceToPersonOrEntityGeneratingTheDataSet>
        </dataGenerator>
        <dataEntryBy>
            <common:timeStamp>2019-10-15T12:34:42.084-06:00</common:timeStamp>
            <common:referenceToDataSetFormat type="source data set" refObjectId="a97a0155-0234-4b87-b4ce-a45da52f2a40" version="01.01.000" uri="../sources/a97a0155-0234-4b87-b4ce-a45da52f2a40_01.01.000.xml">
                <common:shortDescription xml:lang="en">ILCD format</common:shortDescription>
            </common:referenceToDataSetFormat>
            <common:referenceToPersonOrEntityEnteringTheData type="contact data set" refObjectId="04ed125f-ffa7-33b1-af24-77f5bdb21a05" version="01.00.000" uri="../contacts/04ed125f-ffa7-33b1-af24-77f5bdb21a05">
                <common:shortDescription xml:lang="en">Daniel Inman</common:shortDescription>
            </common:referenceToPersonOrEntityEnteringTheData>
        </dataEntryBy>
        <publicationAndOwnership>
            <common:dateOfLastRevision>2019-07-22T15:13:36.461-06:00</common:dateOfLastRevision>
            <common:dataSetVersion>00.00.003</common:dataSetVersion>
            <common:referenceToUnchangedRepublication type="source data set" refObjectId="9470d035-8909-308b-8647-9abc24c9bd24" version="01.00.000" uri="../sources/9470d035-8909-308b-8647-9abc24c9bd24">
                <common:shortDescription xml:lang="en">Unknown </common:shortDescription>
            </common:referenceToUnchangedRepublication>
            <common:copyright>false</common:copyright>
            <common:accessRestrictions xml:lang="en">All information can be accessed by everybody.</common:accessRestrictions>
        </publicationAndOwnership>
    </administrativeInformation>
    <exchanges>
        <exchange xmlns:olca="http://openlca.org/ilcd-extensions" dataSetInternalID="1" olca:unitId="52765a6c-3896-43c2-b2f4-c679acf13efe" olca:propertyId="f6811440-ee37-11de-8a39-0800200c9a66" olca:amount="1055.87">
            <referenceToFlowDataSet type="flow data set" refObjectId="e76b9e39-7437-3612-98bc-6940592ebf2a" version="01.00.000" uri="../flows/e76b9e39-7437-3612-98bc-6940592ebf2a">
                <common:shortDescription xml:lang="en">Combustion, wet wood residue, AP-42</common:shortDescription>
            </referenceToFlowDataSet>
            <exchangeDirection>Output</exchangeDirection>
            <meanAmount>1055.87</meanAmount>
            <resultingAmount>1055.87</resultingAmount>
            <generalComment xml:lang="en">based on heat input (HHV)</generalComment>
        </exchange>
        <exchange xmlns:olca="http://openlca.org/ilcd-extensions" dataSetInternalID="8" olca:unitId="20aadc24-a391-41cf-b340-3e4529f44bde" olca:propertyId="93a60a56-a3c8-11da-a746-0800200b9a66" olca:amount="0.017690104">
            <referenceToFlowDataSet type="flow data set" refObjectId="c746fcf6-c553-3f40-9445-6f0b14a727de" version="01.00.000" uri="../flows/c746fcf6-c553-3f40-9445-6f0b14a727de">
                <common:shortDescription xml:lang="en">Organic substances, unspecified</common:shortDescription>
            </referenceToFlowDataSet>
            <exchangeDirection>Output</exchangeDirection>
            <meanAmount>0.017690104</meanAmount>
            <resultingAmount>0.017690104</resultingAmount>
        </exchange>
        <exchange xmlns:olca="http://openlca.org/ilcd-extensions" dataSetInternalID="11" olca:unitId="20aadc24-a391-41cf-b340-3e4529f44bde" olca:propertyId="93a60a56-a3c8-11da-a746-0800200b9a66" olca:amount="0.0058967012">
            <referenceToFlowDataSet type="flow data set" refObjectId="20185046-64bb-4c09-a8e7-e8a9e144ca98" version="01.00.000" uri="../flows/20185046-64bb-4c09-a8e7-e8a9e144ca98">
                <common:shortDescription xml:lang="en">Dinitrogen monoxide</common:shortDescription>
            </referenceToFlowDataSet>
            <exchangeDirection>Output</exchangeDirection>
            <meanAmount>0.0058967012</meanAmount>
            <resultingAmount>0.0058967012</resultingAmount>
        </exchange>
        <exchange xmlns:olca="http://openlca.org/ilcd-extensions" dataSetInternalID="9" olca:unitId="20aadc24-a391-41cf-b340-3e4529f44bde" olca:propertyId="93a60a56-a3c8-11da-a746-0800200b9a66" olca:amount="0.0081646632">
            <referenceToFlowDataSet type="flow data set" refObjectId="fd7aa71c-508c-480d-81a6-8052aad92646" version="01.00.000" uri="../flows/fd7aa71c-508c-480d-81a6-8052aad92646">
                <common:shortDescription xml:lang="en">Sulfur dioxide</common:shortDescription>
            </referenceToFlowDataSet>
            <exchangeDirection>Output</exchangeDirection>
            <meanAmount>0.0081646632</meanAmount>
            <resultingAmount>0.0081646632</resultingAmount>
            <generalComment xml:lang="en">wet wood-fired boiler, fluidized bed configuration</generalComment>
        </exchange>
        <exchange xmlns:olca="http://openlca.org/ilcd-extensions" dataSetInternalID="2" olca:unitId="20aadc24-a391-41cf-b340-3e4529f44bde" olca:propertyId="93a60a56-a3c8-11da-a746-0800200b9a66" olca:amount="0.084368186">
            <referenceToFlowDataSet type="flow data set" refObjectId="65c20b8e-6d3e-3c11-bbb1-824471e32211" version="01.00.000" uri="../flows/65c20b8e-6d3e-3c11-bbb1-824471e32211">
                <common:shortDescription xml:lang="en">Carbon monoxide, biogenic</common:shortDescription>
            </referenceToFlowDataSet>
            <exchangeDirection>Output</exchangeDirection>
            <meanAmount>0.084368186</meanAmount>
            <resultingAmount>0.084368186</resultingAmount>
            <generalComment xml:lang="en">wet wood-fired boiler, fluidized bed configuration</generalComment>
        </exchange>
        <exchange xmlns:olca="http://openlca.org/ilcd-extensions" dataSetInternalID="12" olca:unitId="20aadc24-a391-41cf-b340-3e4529f44bde" olca:propertyId="93a60a56-a3c8-11da-a746-0800200b9a66" olca:amount="0.0095254404">
            <referenceToFlowDataSet type="flow data set" refObjectId="c34b0387-3e0e-3443-aa95-da82f0bdca12" version="01.00.000" uri="../flows/c34b0387-3e0e-3443-aa95-da82f0bdca12">
                <common:shortDescription xml:lang="en">Methane, biogenic</common:shortDescription>
            </referenceToFlowDataSet>
            <exchangeDirection>Output</exchangeDirection>
            <meanAmount>0.0095254404</meanAmount>
            <resultingAmount>0.0095254404</resultingAmount>
        </exchange>
        <exchange xmlns:olca="http://openlca.org/ilcd-extensions" dataSetInternalID="6" olca:unitId="20aadc24-a391-41cf-b340-3e4529f44bde" olca:propertyId="93a60a56-a3c8-11da-a746-0800200b9a66" olca:amount="0.0086182556">
            <referenceToFlowDataSet type="flow data set" refObjectId="c941d6d0-a56c-4e6c-95de-ac685635218d" version="01.00.000" uri="../flows/c941d6d0-a56c-4e6c-95de-ac685635218d">
                <common:shortDescription xml:lang="en">Hydrogen chloride</common:shortDescription>
            </referenceToFlowDataSet>
            <exchangeDirection>Output</exchangeDirection>
            <meanAmount>0.0086182556</meanAmount>
            <resultingAmount>0.0086182556</resultingAmount>
        </exchange>
        <exchange xmlns:olca="http://openlca.org/ilcd-extensions" dataSetInternalID="3" olca:unitId="20aadc24-a391-41cf-b340-3e4529f44bde" olca:propertyId="93a60a56-a3c8-11da-a746-0800200b9a66" olca:amount="0.033565838">
            <referenceToFlowDataSet type="flow data set" refObjectId="ae4dd6ba-67a2-3884-b7ce-2f5b38c0571a" version="01.00.000" uri="../flows/ae4dd6ba-67a2-3884-b7ce-2f5b38c0571a">
                <common:shortDescription xml:lang="en">Particulates, &lt; 10 um </common:shortDescription>
            </referenceToFlowDataSet>
            <exchangeDirection>Output</exchangeDirection>
            <meanAmount>0.033565838</meanAmount>
            <resultingAmount>0.033565838</resultingAmount>
            <generalComment xml:lang="en">for fabric filter</generalComment>
        </exchange>
        <exchange xmlns:olca="http://openlca.org/ilcd-extensions" dataSetInternalID="4" olca:unitId="20aadc24-a391-41cf-b340-3e4529f44bde" olca:propertyId="93a60a56-a3c8-11da-a746-0800200b9a66" olca:amount="0.072574784">
            <referenceToFlowDataSet type="flow data set" refObjectId="c1b91234-6f24-417b-8309-46111d09c457" version="01.00.000" uri="../flows/c1b91234-6f24-417b-8309-46111d09c457">
                <common:shortDescription xml:lang="en">Nitrogen oxides</common:shortDescription>
            </referenceToFlowDataSet>
            <exchangeDirection>Output</exchangeDirection>
            <meanAmount>0.072574784</meanAmount>
            <resultingAmount>0.072574784</resultingAmount>
            <generalComment xml:lang="en">wet wood-fired boiler, fluidized bed configuration</generalComment>
        </exchange>
        <exchange xmlns:olca="http://openlca.org/ilcd-extensions" dataSetInternalID="5" olca:unitId="20aadc24-a391-41cf-b340-3e4529f44bde" olca:propertyId="93a60a56-a3c8-11da-a746-0800200b9a66" olca:amount="0.04535924">
            <referenceToFlowDataSet type="flow data set" refObjectId="7ae398c3-8532-11e0-9d78-0800200c9a66" version="01.00.000" uri="../flows/7ae398c3-8532-11e0-9d78-0800200c9a66">
                <common:shortDescription xml:lang="en">Particulates, unspecified</common:shortDescription>
            </referenceToFlowDataSet>
            <exchangeDirection>Output</exchangeDirection>
            <meanAmount>0.04535924</meanAmount>
            <resultingAmount>0.04535924</resultingAmount>
            <generalComment xml:lang="en">for fabric filter</generalComment>
        </exchange>
        <exchange xmlns:olca="http://openlca.org/ilcd-extensions" dataSetInternalID="7" olca:unitId="20aadc24-a391-41cf-b340-3e4529f44bde" olca:propertyId="93a60a56-a3c8-11da-a746-0800200b9a66" olca:amount="0.0077110708">
            <referenceToFlowDataSet type="flow data set" refObjectId="7ae3bfc4-8532-11e0-9d78-0800200c9a66" version="01.00.000" uri="../flows/7ae3bfc4-8532-11e0-9d78-0800200c9a66">
                <common:shortDescription xml:lang="en">VOC, volatile organic compounds</common:shortDescription>
            </referenceToFlowDataSet>
            <exchangeDirection>Output</exchangeDirection>
            <meanAmount>0.0077110708</meanAmount>
            <resultingAmount>0.0077110708</resultingAmount>
        </exchange>
        <exchange xmlns:olca="http://openlca.org/ilcd-extensions" dataSetInternalID="10" olca:unitId="20aadc24-a391-41cf-b340-3e4529f44bde" olca:propertyId="93a60a56-a3c8-11da-a746-0800200b9a66" olca:amount="0.029483506">
            <referenceToFlowDataSet type="flow data set" refObjectId="21e46cb8-6233-4c99-bac3-c41d2ab99498" version="01.00.000" uri="../flows/21e46cb8-6233-4c99-bac3-c41d2ab99498">
                <common:shortDescription xml:lang="en">Particulates, &lt; 2.5 um</common:shortDescription>
            </referenceToFlowDataSet>
            <exchangeDirection>Output</exchangeDirection>
            <meanAmount>0.029483506</meanAmount>
            <resultingAmount>0.029483506</resultingAmount>
            <generalComment xml:lang="en">for fabric filter</generalComment>
        </exchange>
    </exchanges>
</processDataSet>
