<?xml version="1.0" encoding="UTF-8" standalone="yes"?>
<processDataSet xmlns:m="http://lca.jrc.it/ILCD/LCIAMethod" xmlns:common="http://lca.jrc.it/ILCD/Common" xmlns:s="http://lca.jrc.it/ILCD/Source" xmlns:c="http://lca.jrc.it/ILCD/Contact" xmlns:f="http://lca.jrc.it/ILCD/Flow" xmlns="http://lca.jrc.it/ILCD/Process" xmlns:fp="http://lca.jrc.it/ILCD/FlowProperty" xmlns:u="http://lca.jrc.it/ILCD/UnitGroup" version="1.1">
    <processInformation>
        <dataSetInformation>
            <common:UUID>5b7c9f9b-8460-4afd-a560-b441f0fcf408</common:UUID>
            <name>
                <baseName xml:lang="en">Natural gas, at extraction, Marcellus Shale, kg</baseName>
            </name>
            <classificationInformation>
                <common:classification>
                    <common:class level="0" classId="d374ae23-7148-3bd0-9630-022020e9fcb9">21: Mining, Quarrying, and Oil and Gas Extraction</common:class>
                    <common:class level="1" classId="b22278b5-8607-3d1e-8456-ef3fd9a84857">2111: Oil and Gas Extraction</common:class>
                </common:classification>
            </classificationInformation>
            <common:generalComment xml:lang="en">NETL LCA Unit Process Library, Natural gas extraction processes 2010. In 2012, the overall Appalachian natural gas production was 7.8 billion cubic feet per day and has increased to 23.8 billion cubic feet per day in 2017 (US EIA, 2017). The Marcellus shale unit process is based on the Barnet shale gas extraction unit process with water inputs from the surface and ground sources specific to the Marcellus region. </common:generalComment>
        </dataSetInformation>
        <quantitativeReference type="Reference flow(s)">
            <referenceToReferenceFlow>13</referenceToReferenceFlow>
        </quantitativeReference>
        <time xmlns:olca="http://openlca.org/ilcd-extensions" olca:startDate="1388473200000" olca:endDate="1417330800000">
            <common:referenceYear>2013</common:referenceYear>
            <common:dataSetValidUntil>2014</common:dataSetValidUntil>
        </time>
        <geography>
            <locationOfOperationSupplyOrProduction location="US" latitudeAndLongitude="39.62;-98.6"/>
        </geography>
        <technology>
            <technologyDescriptionAndIncludedProcesses xml:lang="en">Unconventional natural gas extraction</technologyDescriptionAndIncludedProcesses>
        </technology>
    </processInformation>
    <modellingAndValidation>
        <LCIMethodAndAllocation>
            <typeOfDataSet>Unit process, black box</typeOfDataSet>
            <LCIMethodPrinciple>Other</LCIMethodPrinciple>
            <deviationsFromLCIMethodPrinciple xml:lang="en">Attributional. Compatible with TRACI</deviationsFromLCIMethodPrinciple>
            <modellingConstants xml:lang="en">The input and output data for each of the subprocesses is taken from NETL unit process library and the most recent data is from 2010. The inputs to this unit process are natural gas, ground water, and surface water. These three inputs are natural resources and thus enter the boundary of this unit process with no upstream environmental burdens. If the natural gas extraction site is near a source of electricity, it is financially preferable to use electrically-powered equipment instead of gas-powered equipment. The output of this unit process is dehydrated natural gas that is suitable for pipeline transport and subsequent processing steps such as sweetening or, in the case of imported natural gas, liquefaction. This unit process also accounts for environmental emissions to air and water but does not track wastewater. </modellingConstants>
        </LCIMethodAndAllocation>
        <dataSourcesTreatmentAndRepresentativeness>
            <dataCutOffAndCompletenessPrinciples xml:lang="en">TREATMENT OF MISSING ENVIRONMENTAL DATA: Elementary flows are cut-off at less than 1% based on environmental relevance.&#xD;
TREATMENT OF MISSING TECHNOSPHERE DATA: Intermediate flows are cut-off is at 1%  based on environmental relevance.&#xD;
MASS BALANCE: The mass balance was calculated by a straight comparison of inputs and outputs</dataCutOffAndCompletenessPrinciples>
            <deviationsFromCutOffAndCompletenessPrinciples xml:lang="en">None.</deviationsFromCutOffAndCompletenessPrinciples>
            <dataSelectionAndCombinationPrinciples xml:lang="en">This dataset was used in the aggregate natural gas extraction production mix process.</dataSelectionAndCombinationPrinciples>
            <deviationsFromSelectionAndCombinationPrinciples xml:lang="en">None.</deviationsFromSelectionAndCombinationPrinciples>
            <dataTreatmentAndExtrapolationsPrinciples xml:lang="en">An estimated 60 percent of natural gas was sourced from unconventional natural gas resources including shale well and coalbed methane extraction. This dataset was used to model the aggregate natural gas extraction production mix process based on percentages from EIA, 2017.</dataTreatmentAndExtrapolationsPrinciples>
            <referenceToDataSource type="source data set" refObjectId="f34c916a-6a17-47d6-9a08-9bdb1aaef0ab" version="01.00.000" uri="../sources/f34c916a-6a17-47d6-9a08-9bdb1aaef0ab">
                <common:shortDescription xml:lang="en">US EIA, 2017a</common:shortDescription>
            </referenceToDataSource>
            <samplingProcedure xml:lang="en">BOUNDARY CONDITIONS: The scope of this unit process encompasses the energy inputs and material outputs for the extraction of natural gas from Marcellus Shale. The inputs to this unit process are natural gas, ground water, and surface water. These three inputs are natural resources and thus enter the boundary of this unit process with no upstream environmental burdens. The output of this unit process is dehydrated natural gas that is suitable for pipeline transport and subsequent processing steps. In addition to resource inputs and outputs that are used by downstream unit processes, this unit process also accounts for environmental emissions to air and water but does not track wastewater. &#xD;
DATA COLLECTION: NETL LCA Unit Process Library, Natural gas extraction processes 2010.&#xD;
UNCERTAINTY ESTIMATION: No uncertainty analysis was carried out due to the lack of uncertainty data or probability distributions for key parameters, which are often only available as single point estimates from NETL.</samplingProcedure>
            <dataCollectionPeriod xml:lang="en">Data is from 2010</dataCollectionPeriod>
        </dataSourcesTreatmentAndRepresentativeness>
        <validation>
            <review type="Not reviewed">
                <common:reviewDetails xml:lang="en">Internal review of data entry proofreading, mass balance verification and data documentation.</common:reviewDetails>
                <common:referenceToNameOfReviewerAndInstitution type="contact data set" refObjectId="38e67478-a915-43d9-ad67-e25db79a4acc" version="01.00.000" uri="../contacts/38e67478-a915-43d9-ad67-e25db79a4acc">
                    <common:shortDescription xml:lang="en">Franklin Associates, A Division of ERG</common:shortDescription>
                </common:referenceToNameOfReviewerAndInstitution>
            </review>
        </validation>
    </modellingAndValidation>
    <administrativeInformation>
        <common:commissionerAndGoal>
            <common:project xml:lang="en">https://www.netl.doe.gov/projects/files/DF_Stage1_O_WaterUse_MarcShale_NG_Extraction_2011-01.pdf</common:project>
            <common:intendedApplications xml:lang="en">"Accounting, with system-external interactions" - The intended application is a purely descriptive accounting / documentation of the analysed system including existing interactions with other systems in the LCI model. These data are an update to a previously published dataset which is a generic unit process data.</common:intendedApplications>
        </common:commissionerAndGoal>
        <dataGenerator>
            <common:referenceToPersonOrEntityGeneratingTheDataSet type="contact data set" refObjectId="38e67478-a915-43d9-ad67-e25db79a4acc" version="01.00.000" uri="../contacts/38e67478-a915-43d9-ad67-e25db79a4acc">
                <common:shortDescription xml:lang="en">Franklin Associates, A Division of ERG</common:shortDescription>
            </common:referenceToPersonOrEntityGeneratingTheDataSet>
        </dataGenerator>
        <dataEntryBy>
            <common:timeStamp>2019-10-15T12:34:40.537-06:00</common:timeStamp>
            <common:referenceToDataSetFormat type="source data set" refObjectId="a97a0155-0234-4b87-b4ce-a45da52f2a40" version="01.01.000" uri="../sources/a97a0155-0234-4b87-b4ce-a45da52f2a40_01.01.000.xml">
                <common:shortDescription xml:lang="en">ILCD format</common:shortDescription>
            </common:referenceToDataSetFormat>
            <common:referenceToPersonOrEntityEnteringTheData type="contact data set" refObjectId="38e67478-a915-43d9-ad67-e25db79a4acc" version="01.00.000" uri="../contacts/38e67478-a915-43d9-ad67-e25db79a4acc">
                <common:shortDescription xml:lang="en">Franklin Associates, A Division of ERG</common:shortDescription>
            </common:referenceToPersonOrEntityEnteringTheData>
        </dataEntryBy>
        <publicationAndOwnership>
            <common:dateOfLastRevision>2019-10-02T11:13:46.149-06:00</common:dateOfLastRevision>
            <common:dataSetVersion>00.00.025</common:dataSetVersion>
            <common:referenceToOwnershipOfDataSet type="contact data set" refObjectId="510d0a32-f727-4faa-9ac9-09bdf47beffe" version="01.00.000" uri="../contacts/510d0a32-f727-4faa-9ac9-09bdf47beffe">
                <common:shortDescription xml:lang="en">National Energy Technology Laboratory </common:shortDescription>
            </common:referenceToOwnershipOfDataSet>
            <common:copyright>false</common:copyright>
        </publicationAndOwnership>
    </administrativeInformation>
    <exchanges>
        <exchange xmlns:olca="http://openlca.org/ilcd-extensions" dataSetInternalID="5" olca:unitId="20aadc24-a391-41cf-b340-3e4529f44bde" olca:propertyId="93a60a56-a3c8-11da-a746-0800200b9a66" olca:amount="2.22E-4">
            <referenceToFlowDataSet type="flow data set" refObjectId="7ae371ac-8532-11e0-9d78-0800200c9a66" version="01.00.000" uri="../flows/7ae371ac-8532-11e0-9d78-0800200c9a66">
                <common:shortDescription xml:lang="en">Carbon monoxide</common:shortDescription>
            </referenceToFlowDataSet>
            <exchangeDirection>Output</exchangeDirection>
            <meanAmount>2.22E-4</meanAmount>
            <resultingAmount>2.22E-4</resultingAmount>
            <generalComment xml:lang="en">Data from NETL 2014</generalComment>
        </exchange>
        <exchange xmlns:olca="http://openlca.org/ilcd-extensions" dataSetInternalID="2" olca:unitId="1c3a9695-398d-4b1f-b07e-a8715b610f70" olca:propertyId="93a60a56-a3c8-22da-a746-0800200c9a66" olca:amount="0.043567">
            <referenceToFlowDataSet type="flow data set" refObjectId="bb1dc159-fe13-3f8e-8197-361e8c770ba3" version="01.00.000" uri="../flows/bb1dc159-fe13-3f8e-8197-361e8c770ba3">
                <common:shortDescription xml:lang="en">Natural gas, combusted in industrial boiler</common:shortDescription>
            </referenceToFlowDataSet>
            <exchangeDirection>Input</exchangeDirection>
            <meanAmount>0.043567</meanAmount>
            <resultingAmount>0.043567</resultingAmount>
            <generalComment xml:lang="en">Data from NETL 2014</generalComment>
        </exchange>
        <exchange xmlns:olca="http://openlca.org/ilcd-extensions" dataSetInternalID="22" olca:unitId="20aadc24-a391-41cf-b340-3e4529f44bde" olca:propertyId="93a60a56-a3c8-11da-a746-0800200b9a66" olca:amount="0.0106">
            <referenceToFlowDataSet type="flow data set" refObjectId="f835e4b9-3073-4547-ab20-ba20886fd6a3" version="01.00.000" uri="../flows/f835e4b9-3073-4547-ab20-ba20886fd6a3">
                <common:shortDescription xml:lang="en">Water, groundwater consumption</common:shortDescription>
            </referenceToFlowDataSet>
            <exchangeDirection>Input</exchangeDirection>
            <meanAmount>0.0106</meanAmount>
            <resultingAmount>0.0106</resultingAmount>
            <generalComment xml:lang="en">Data from NETL 2014</generalComment>
        </exchange>
        <exchange xmlns:olca="http://openlca.org/ilcd-extensions" dataSetInternalID="18" olca:unitId="20aadc24-a391-41cf-b340-3e4529f44bde" olca:propertyId="93a60a56-a3c8-11da-a746-0800200b9a66" olca:amount="7.95E-6">
            <referenceToFlowDataSet type="flow data set" refObjectId="28bca51a-6cc7-46af-961a-fd2b675a1376" version="01.00.000" uri="../flows/28bca51a-6cc7-46af-961a-fd2b675a1376">
                <common:shortDescription xml:lang="en">Sulfate</common:shortDescription>
            </referenceToFlowDataSet>
            <exchangeDirection>Output</exchangeDirection>
            <meanAmount>7.95E-6</meanAmount>
            <resultingAmount>7.95E-6</resultingAmount>
            <generalComment xml:lang="en">Data from NETL 2014</generalComment>
        </exchange>
        <exchange xmlns:olca="http://openlca.org/ilcd-extensions" dataSetInternalID="19" olca:unitId="20aadc24-a391-41cf-b340-3e4529f44bde" olca:propertyId="93a60a56-a3c8-11da-a746-0800200b9a66" olca:amount="4.12E-7">
            <referenceToFlowDataSet type="flow data set" refObjectId="fd7aa71c-508c-480d-81a6-8052aad92646" version="01.00.000" uri="../flows/fd7aa71c-508c-480d-81a6-8052aad92646">
                <common:shortDescription xml:lang="en">Sulfur dioxide</common:shortDescription>
            </referenceToFlowDataSet>
            <exchangeDirection>Output</exchangeDirection>
            <meanAmount>4.12E-7</meanAmount>
            <resultingAmount>4.12E-7</resultingAmount>
            <generalComment xml:lang="en">Data from NETL 2014</generalComment>
        </exchange>
        <exchange xmlns:olca="http://openlca.org/ilcd-extensions" dataSetInternalID="1" olca:unitId="92e3bd49-8ed5-4885-9db6-fc88c7afcfcb" olca:propertyId="f6811440-ee37-11de-8a39-0800200c9a66" olca:amount="4.62E-5">
            <referenceToFlowDataSet type="flow data set" refObjectId="06581fb2-1de0-3e78-8298-f37605dea142" version="01.00.000" uri="../flows/06581fb2-1de0-3e78-8298-f37605dea142">
                <common:shortDescription xml:lang="en">Electricity, at grid</common:shortDescription>
            </referenceToFlowDataSet>
            <exchangeDirection>Input</exchangeDirection>
            <meanAmount>0.16632</meanAmount>
            <resultingAmount>0.16632</resultingAmount>
            <generalComment xml:lang="en">Data from NETL 2014</generalComment>
        </exchange>
        <exchange xmlns:olca="http://openlca.org/ilcd-extensions" dataSetInternalID="13" olca:unitId="20aadc24-a391-41cf-b340-3e4529f44bde" olca:propertyId="93a60a56-a3c8-11da-a746-0800200b9a66" olca:amount="1.0">
            <referenceToFlowDataSet type="flow data set" refObjectId="c3550488-240f-4674-883a-ccf7dbf0ecf3" version="01.00.000" uri="../flows/c3550488-240f-4674-883a-ccf7dbf0ecf3">
                <common:shortDescription xml:lang="en">Natural gas, at extraction, Marcellus Shale, kg</common:shortDescription>
            </referenceToFlowDataSet>
            <exchangeDirection>Output</exchangeDirection>
            <meanAmount>1.0</meanAmount>
            <resultingAmount>1.0</resultingAmount>
            <generalComment xml:lang="en">Data from NETL 2014</generalComment>
        </exchange>
        <exchange xmlns:olca="http://openlca.org/ilcd-extensions" dataSetInternalID="11" olca:unitId="20aadc24-a391-41cf-b340-3e4529f44bde" olca:propertyId="93a60a56-a3c8-11da-a746-0800200b9a66" olca:amount="2.5E-5">
            <referenceToFlowDataSet type="flow data set" refObjectId="9783014c-4ec6-4c9c-84d7-d34c8b390a0b" version="01.00.000" uri="../flows/9783014c-4ec6-4c9c-84d7-d34c8b390a0b">
                <common:shortDescription xml:lang="en">Magnesium</common:shortDescription>
            </referenceToFlowDataSet>
            <exchangeDirection>Output</exchangeDirection>
            <meanAmount>2.5E-5</meanAmount>
            <resultingAmount>2.5E-5</resultingAmount>
            <generalComment xml:lang="en">Data from NETL 2014</generalComment>
        </exchange>
        <exchange xmlns:olca="http://openlca.org/ilcd-extensions" dataSetInternalID="16" olca:unitId="20aadc24-a391-41cf-b340-3e4529f44bde" olca:propertyId="93a60a56-a3c8-11da-a746-0800200b9a66" olca:amount="6.99E-6">
            <referenceToFlowDataSet type="flow data set" refObjectId="08a91e70-3ddc-11dd-91be-0050c2490048" version="01.00.000" uri="../flows/08a91e70-3ddc-11dd-91be-0050c2490048">
                <common:shortDescription xml:lang="en">Particulates, &lt; 10 um</common:shortDescription>
            </referenceToFlowDataSet>
            <exchangeDirection>Output</exchangeDirection>
            <meanAmount>6.99E-6</meanAmount>
            <resultingAmount>6.99E-6</resultingAmount>
            <generalComment xml:lang="en">Data from NETL 2014. Represents PM &gt; 2.5 and &lt;10.</generalComment>
        </exchange>
        <exchange xmlns:olca="http://openlca.org/ilcd-extensions" dataSetInternalID="10" olca:unitId="20aadc24-a391-41cf-b340-3e4529f44bde" olca:propertyId="93a60a56-a3c8-11da-a746-0800200b9a66" olca:amount="1.09E-6">
            <referenceToFlowDataSet type="flow data set" refObjectId="63e7d74e-8549-11e0-9d78-0800200c9a66" version="01.00.000" uri="../flows/63e7d74e-8549-11e0-9d78-0800200c9a66">
                <common:shortDescription xml:lang="en">Iron</common:shortDescription>
            </referenceToFlowDataSet>
            <exchangeDirection>Output</exchangeDirection>
            <meanAmount>1.09E-6</meanAmount>
            <resultingAmount>1.09E-6</resultingAmount>
            <generalComment xml:lang="en">Data from NETL 2014</generalComment>
        </exchange>
        <exchange xmlns:olca="http://openlca.org/ilcd-extensions" dataSetInternalID="7" olca:unitId="20aadc24-a391-41cf-b340-3e4529f44bde" olca:propertyId="93a60a56-a3c8-11da-a746-0800200b9a66" olca:amount="0.0247">
            <referenceToFlowDataSet type="flow data set" refObjectId="f2960e88-4ca9-4f6c-9813-71e66edc37b7" version="01.00.000" uri="../flows/f2960e88-4ca9-4f6c-9813-71e66edc37b7">
                <common:shortDescription xml:lang="en">CUTOFF Disposal, solid waste, unspecified</common:shortDescription>
            </referenceToFlowDataSet>
            <exchangeDirection>Output</exchangeDirection>
            <meanAmount>0.0247</meanAmount>
            <resultingAmount>0.0247</resultingAmount>
            <generalComment xml:lang="en">Solid waste to landfill. Data from NETL 2014</generalComment>
        </exchange>
        <exchange xmlns:olca="http://openlca.org/ilcd-extensions" dataSetInternalID="6" olca:unitId="20aadc24-a391-41cf-b340-3e4529f44bde" olca:propertyId="93a60a56-a3c8-11da-a746-0800200b9a66" olca:amount="0.00205">
            <referenceToFlowDataSet type="flow data set" refObjectId="6d25e386-4ef9-4d40-85c6-e694f523a4da" version="01.00.000" uri="../flows/6d25e386-4ef9-4d40-85c6-e694f523a4da">
                <common:shortDescription xml:lang="en">Chloride</common:shortDescription>
            </referenceToFlowDataSet>
            <exchangeDirection>Output</exchangeDirection>
            <meanAmount>0.00205</meanAmount>
            <resultingAmount>0.00205</resultingAmount>
            <generalComment xml:lang="en">Data from NETL 2014</generalComment>
        </exchange>
        <exchange xmlns:olca="http://openlca.org/ilcd-extensions" dataSetInternalID="23" olca:unitId="20aadc24-a391-41cf-b340-3e4529f44bde" olca:propertyId="93a60a56-a3c8-11da-a746-0800200b9a66" olca:amount="0.675">
            <referenceToFlowDataSet type="flow data set" refObjectId="75b5c052-b7fa-48f6-8ce8-cfefed1f6fd2" version="01.00.000" uri="../flows/75b5c052-b7fa-48f6-8ce8-cfefed1f6fd2">
                <common:shortDescription xml:lang="en">Water, Surface water consumption</common:shortDescription>
            </referenceToFlowDataSet>
            <exchangeDirection>Input</exchangeDirection>
            <meanAmount>0.675</meanAmount>
            <resultingAmount>0.675</resultingAmount>
            <generalComment xml:lang="en">Data from NETL 2014</generalComment>
        </exchange>
        <exchange xmlns:olca="http://openlca.org/ilcd-extensions" dataSetInternalID="8" olca:unitId="20aadc24-a391-41cf-b340-3e4529f44bde" olca:propertyId="93a60a56-a3c8-11da-a746-0800200b9a66" olca:amount="1.05E-7">
            <referenceToFlowDataSet type="flow data set" refObjectId="20185046-64bb-4c09-a8e7-e8a9e144ca98" version="01.00.000" uri="../flows/20185046-64bb-4c09-a8e7-e8a9e144ca98">
                <common:shortDescription xml:lang="en">Dinitrogen monoxide</common:shortDescription>
            </referenceToFlowDataSet>
            <exchangeDirection>Output</exchangeDirection>
            <meanAmount>1.05E-7</meanAmount>
            <resultingAmount>1.05E-7</resultingAmount>
            <generalComment xml:lang="en">Data from NETL 2014</generalComment>
        </exchange>
        <exchange xmlns:olca="http://openlca.org/ilcd-extensions" dataSetInternalID="9" olca:unitId="20aadc24-a391-41cf-b340-3e4529f44bde" olca:propertyId="93a60a56-a3c8-11da-a746-0800200b9a66" olca:amount="0.00372">
            <referenceToFlowDataSet type="flow data set" refObjectId="5ce634de-b810-4533-9efb-719c38fe7c09" version="01.00.000" uri="../flows/5ce634de-b810-4533-9efb-719c38fe7c09">
                <common:shortDescription xml:lang="en">Dissolved solids</common:shortDescription>
            </referenceToFlowDataSet>
            <exchangeDirection>Output</exchangeDirection>
            <meanAmount>0.00372</meanAmount>
            <resultingAmount>0.00372</resultingAmount>
            <generalComment xml:lang="en">Data from NETL 2014</generalComment>
        </exchange>
        <exchange xmlns:olca="http://openlca.org/ilcd-extensions" dataSetInternalID="12" olca:unitId="20aadc24-a391-41cf-b340-3e4529f44bde" olca:propertyId="93a60a56-a3c8-11da-a746-0800200b9a66" olca:amount="0.00127">
            <referenceToFlowDataSet type="flow data set" refObjectId="20408dd1-8534-11e0-9d78-0800200c9a66" version="01.00.000" uri="../flows/20408dd1-8534-11e0-9d78-0800200c9a66">
                <common:shortDescription xml:lang="en">Methane</common:shortDescription>
            </referenceToFlowDataSet>
            <exchangeDirection>Output</exchangeDirection>
            <meanAmount>0.00127</meanAmount>
            <resultingAmount>0.00127</resultingAmount>
            <generalComment xml:lang="en">Data from NETL 2014</generalComment>
        </exchange>
        <exchange xmlns:olca="http://openlca.org/ilcd-extensions" dataSetInternalID="15" olca:unitId="20aadc24-a391-41cf-b340-3e4529f44bde" olca:propertyId="93a60a56-a3c8-11da-a746-0800200b9a66" olca:amount="8.26E-5">
            <referenceToFlowDataSet type="flow data set" refObjectId="d3260d0e-8203-4cbb-a45a-6a13131a5108" version="01.00.000" uri="../flows/d3260d0e-8203-4cbb-a45a-6a13131a5108">
                <common:shortDescription xml:lang="en">NMVOC, non-methane volatile organic compounds, unspecified origin</common:shortDescription>
            </referenceToFlowDataSet>
            <exchangeDirection>Output</exchangeDirection>
            <meanAmount>8.26E-5</meanAmount>
            <resultingAmount>8.26E-5</resultingAmount>
            <generalComment xml:lang="en">Data from NETL 2014</generalComment>
        </exchange>
        <exchange xmlns:olca="http://openlca.org/ilcd-extensions" dataSetInternalID="4" olca:unitId="20aadc24-a391-41cf-b340-3e4529f44bde" olca:propertyId="93a60a56-a3c8-11da-a746-0800200b9a66" olca:amount="0.0863">
            <referenceToFlowDataSet type="flow data set" refObjectId="7ae371aa-8532-11e0-9d78-0800200c9a66" version="01.00.000" uri="../flows/7ae371aa-8532-11e0-9d78-0800200c9a66">
                <common:shortDescription xml:lang="en">Carbon dioxide</common:shortDescription>
            </referenceToFlowDataSet>
            <exchangeDirection>Output</exchangeDirection>
            <meanAmount>0.0863</meanAmount>
            <resultingAmount>0.0863</resultingAmount>
            <generalComment xml:lang="en">Data from NETL 2014</generalComment>
        </exchange>
        <exchange xmlns:olca="http://openlca.org/ilcd-extensions" dataSetInternalID="3" olca:unitId="20aadc24-a391-41cf-b340-3e4529f44bde" olca:propertyId="93a60a56-a3c8-11da-a746-0800200b9a66" olca:amount="2.03E-4">
            <referenceToFlowDataSet type="flow data set" refObjectId="2feed42c-5c1a-4770-a233-6d4e0cf8f02e" version="01.00.000" uri="../flows/2feed42c-5c1a-4770-a233-6d4e0cf8f02e">
                <common:shortDescription xml:lang="en">Calcium</common:shortDescription>
            </referenceToFlowDataSet>
            <exchangeDirection>Output</exchangeDirection>
            <meanAmount>2.03E-4</meanAmount>
            <resultingAmount>2.03E-4</resultingAmount>
            <generalComment xml:lang="en">Data from NETL 2014</generalComment>
        </exchange>
        <exchange xmlns:olca="http://openlca.org/ilcd-extensions" dataSetInternalID="14" olca:unitId="20aadc24-a391-41cf-b340-3e4529f44bde" olca:propertyId="93a60a56-a3c8-11da-a746-0800200b9a66" olca:amount="0.00286">
            <referenceToFlowDataSet type="flow data set" refObjectId="c1b91234-6f24-417b-8309-46111d09c457" version="01.00.000" uri="../flows/c1b91234-6f24-417b-8309-46111d09c457">
                <common:shortDescription xml:lang="en">Nitrogen oxides</common:shortDescription>
            </referenceToFlowDataSet>
            <exchangeDirection>Output</exchangeDirection>
            <meanAmount>0.00286</meanAmount>
            <resultingAmount>0.00286</resultingAmount>
            <generalComment xml:lang="en">Data from NETL 2014</generalComment>
        </exchange>
        <exchange xmlns:olca="http://openlca.org/ilcd-extensions" dataSetInternalID="17" olca:unitId="20aadc24-a391-41cf-b340-3e4529f44bde" olca:propertyId="93a60a56-a3c8-11da-a746-0800200b9a66" olca:amount="7.4E-7">
            <referenceToFlowDataSet type="flow data set" refObjectId="3a573e13-bb98-4083-b218-10d625962c00" version="01.00.000" uri="../flows/3a573e13-bb98-4083-b218-10d625962c00">
                <common:shortDescription xml:lang="en">Silicate particles</common:shortDescription>
            </referenceToFlowDataSet>
            <exchangeDirection>Output</exchangeDirection>
            <meanAmount>7.4E-7</meanAmount>
            <resultingAmount>7.4E-7</resultingAmount>
            <generalComment xml:lang="en">Data from NETL 2014</generalComment>
        </exchange>
    </exchanges>
</processDataSet>
