<?xml version="1.0" encoding="UTF-8" standalone="yes"?>
<processDataSet xmlns:m="http://lca.jrc.it/ILCD/LCIAMethod" xmlns:common="http://lca.jrc.it/ILCD/Common" xmlns:s="http://lca.jrc.it/ILCD/Source" xmlns:c="http://lca.jrc.it/ILCD/Contact" xmlns:f="http://lca.jrc.it/ILCD/Flow" xmlns="http://lca.jrc.it/ILCD/Process" xmlns:fp="http://lca.jrc.it/ILCD/FlowProperty" xmlns:u="http://lca.jrc.it/ILCD/UnitGroup" version="1.1">
    <processInformation>
        <dataSetInformation>
            <common:UUID>5b81b61c-4d10-3bed-9926-8a5f868f5174</common:UUID>
            <name>
                <baseName xml:lang="en">Natural gas, combusted in industrial boiler</baseName>
            </name>
            <classificationInformation>
                <common:classification>
                    <common:class level="0" classId="b68bc311-dac6-3892-9112-4199641c1026">22: Utilities</common:class>
                    <common:class level="1" classId="4da1e9cd-0458-3a61-a8f9-b04fa15e8699">2213: Water, Sewage and Other Systems</common:class>
                </common:classification>
            </classificationInformation>
            <common:generalComment xml:lang="en">
Important note: although most of the data in the US LCI database has 
undergone some sort of review, the database as a whole has not yet 
undergone a formal validation process.
Please email comments to lci@nrel.gov.</common:generalComment>
        </dataSetInformation>
        <quantitativeReference type="Reference flow(s)">
            <referenceToReferenceFlow>1</referenceToReferenceFlow>
        </quantitativeReference>
        <time xmlns:olca="http://openlca.org/ilcd-extensions" olca:startDate="883551600000" olca:endDate="978246000000">
            <common:referenceYear>1997</common:referenceYear>
            <common:dataSetValidUntil>2000</common:dataSetValidUntil>
        </time>
        <geography>
            <locationOfOperationSupplyOrProduction location="RNA" latitudeAndLongitude="58.71;-91.96">
                <descriptionOfRestrictions xml:lang="en">United States</descriptionOfRestrictions>
            </locationOfOperationSupplyOrProduction>
        </geography>
        <technology>
            <technologyDescriptionAndIncludedProcesses xml:lang="en">Natural gas combustion in average industrial boiler.</technologyDescriptionAndIncludedProcesses>
        </technology>
    </processInformation>
    <modellingAndValidation>
        <LCIMethodAndAllocation>
            <typeOfDataSet>Unit process, black box</typeOfDataSet>
            <LCIMethodPrinciple>Other</LCIMethodPrinciple>
        </LCIMethodAndAllocation>
        <dataSourcesTreatmentAndRepresentativeness>
            <deviationsFromCutOffAndCompletenessPrinciples xml:lang="en">None.</deviationsFromCutOffAndCompletenessPrinciples>
            <deviationsFromSelectionAndCombinationPrinciples xml:lang="en">None.</deviationsFromSelectionAndCombinationPrinciples>
            <referenceToDataSource type="source data set" refObjectId="80ad5408-38e0-325c-8397-3e046e53baa6" version="01.00.000" uri="../sources/80ad5408-38e0-325c-8397-3e046e53baa6">
                <common:shortDescription xml:lang="en">Franklin Associates </common:shortDescription>
            </referenceToDataSource>
            <referenceToDataSource type="source data set" refObjectId="fe1263dd-feb5-3dce-b12d-257d05ea0e6f" version="01.00.000" uri="../sources/fe1263dd-feb5-3dce-b12d-257d05ea0e6f">
                <common:shortDescription xml:lang="en">U.S. EPA Office of Solid Waste and Emerg </common:shortDescription>
            </referenceToDataSource>
            <referenceToDataSource type="source data set" refObjectId="66f489ef-aba2-3d11-b27f-fb035a4f6c91" version="01.00.000" uri="../sources/66f489ef-aba2-3d11-b27f-fb035a4f6c91">
                <common:shortDescription xml:lang="en">EPA </common:shortDescription>
            </referenceToDataSource>
            <referenceToDataSource type="source data set" refObjectId="a68e3052-e373-39b6-914c-5fe65365fab6" version="01.00.000" uri="../sources/a68e3052-e373-39b6-914c-5fe65365fab6">
                <common:shortDescription xml:lang="en">Center for Transportation Research, Argo </common:shortDescription>
            </referenceToDataSource>
            <referenceToDataSource type="source data set" refObjectId="2d5445fd-2e56-3139-9389-b7392c8a79f6" version="01.00.000" uri="../sources/2d5445fd-2e56-3139-9389-b7392c8a79f6">
                <common:shortDescription xml:lang="en">unspecified </common:shortDescription>
            </referenceToDataSource>
            <referenceToDataSource type="source data set" refObjectId="22c51732-c60f-3d8e-9573-d350b2ac165c" version="01.00.000" uri="../sources/22c51732-c60f-3d8e-9573-d350b2ac165c">
                <common:shortDescription xml:lang="en">U.S. EPA </common:shortDescription>
            </referenceToDataSource>
        </dataSourcesTreatmentAndRepresentativeness>
    </modellingAndValidation>
    <administrativeInformation>
        <dataGenerator>
            <common:referenceToPersonOrEntityGeneratingTheDataSet type="contact data set" refObjectId="2b6d62da-50ea-31f4-9085-049cfd4f5023" version="01.00.000" uri="../contacts/2b6d62da-50ea-31f4-9085-049cfd4f5023">
                <common:shortDescription xml:lang="en">Franklin Associates</common:shortDescription>
            </common:referenceToPersonOrEntityGeneratingTheDataSet>
        </dataGenerator>
        <dataEntryBy>
            <common:timeStamp>2019-10-15T12:34:42.150-06:00</common:timeStamp>
            <common:referenceToDataSetFormat type="source data set" refObjectId="a97a0155-0234-4b87-b4ce-a45da52f2a40" version="01.01.000" uri="../sources/a97a0155-0234-4b87-b4ce-a45da52f2a40_01.01.000.xml">
                <common:shortDescription xml:lang="en">ILCD format</common:shortDescription>
            </common:referenceToDataSetFormat>
            <common:referenceToPersonOrEntityEnteringTheData type="contact data set" refObjectId="2b6d62da-50ea-31f4-9085-049cfd4f5023" version="01.00.000" uri="../contacts/2b6d62da-50ea-31f4-9085-049cfd4f5023">
                <common:shortDescription xml:lang="en">Franklin Associates</common:shortDescription>
            </common:referenceToPersonOrEntityEnteringTheData>
        </dataEntryBy>
        <publicationAndOwnership>
            <common:dateOfLastRevision>2019-07-22T15:20:14.175-06:00</common:dateOfLastRevision>
            <common:dataSetVersion>00.00.002</common:dataSetVersion>
            <common:referenceToUnchangedRepublication type="source data set" refObjectId="80ad5408-38e0-325c-8397-3e046e53baa6" version="01.00.000" uri="../sources/80ad5408-38e0-325c-8397-3e046e53baa6">
                <common:shortDescription xml:lang="en">Franklin Associates </common:shortDescription>
            </common:referenceToUnchangedRepublication>
            <common:copyright>false</common:copyright>
            <common:accessRestrictions xml:lang="en">All information can be accessed by everybody.</common:accessRestrictions>
        </publicationAndOwnership>
    </administrativeInformation>
    <exchanges>
        <exchange xmlns:olca="http://openlca.org/ilcd-extensions" dataSetInternalID="1" olca:unitId="1c3a9695-398d-4b1f-b07e-a8715b610f70" olca:propertyId="93a60a56-a3c8-22da-a746-0800200c9a66" olca:amount="1.0">
            <referenceToFlowDataSet type="flow data set" refObjectId="bb1dc159-fe13-3f8e-8197-361e8c770ba3" version="01.00.000" uri="../flows/bb1dc159-fe13-3f8e-8197-361e8c770ba3">
                <common:shortDescription xml:lang="en">Natural gas, combusted in industrial boiler</common:shortDescription>
            </referenceToFlowDataSet>
            <exchangeDirection>Output</exchangeDirection>
            <meanAmount>1.0</meanAmount>
            <resultingAmount>1.0</resultingAmount>
        </exchange>
        <exchange xmlns:olca="http://openlca.org/ilcd-extensions" dataSetInternalID="17" olca:unitId="20aadc24-a391-41cf-b340-3e4529f44bde" olca:propertyId="93a60a56-a3c8-11da-a746-0800200b9a66" olca:amount="1.0126E-5">
            <referenceToFlowDataSet type="flow data set" refObjectId="e3569b8d-34ca-4712-93b5-b0d81f955663" version="01.00.000" uri="../flows/e3569b8d-34ca-4712-93b5-b0d81f955663">
                <common:shortDescription xml:lang="en">Sulfur oxides</common:shortDescription>
            </referenceToFlowDataSet>
            <exchangeDirection>Output</exchangeDirection>
            <meanAmount>1.0126E-5</meanAmount>
            <resultingAmount>1.0126E-5</resultingAmount>
        </exchange>
        <exchange xmlns:olca="http://openlca.org/ilcd-extensions" dataSetInternalID="26" olca:unitId="20aadc24-a391-41cf-b340-3e4529f44bde" olca:propertyId="93a60a56-a3c8-11da-a746-0800200b9a66" olca:amount="6.087E-9">
            <referenceToFlowDataSet type="flow data set" refObjectId="cf073fce-ea44-3b44-a451-0ac2894f0bbf" version="01.00.000" uri="../flows/cf073fce-ea44-3b44-a451-0ac2894f0bbf">
                <common:shortDescription xml:lang="en">Manganese</common:shortDescription>
            </referenceToFlowDataSet>
            <exchangeDirection>Output</exchangeDirection>
            <meanAmount>6.087E-9</meanAmount>
            <resultingAmount>6.087E-9</resultingAmount>
        </exchange>
        <exchange xmlns:olca="http://openlca.org/ilcd-extensions" dataSetInternalID="5" olca:unitId="20aadc24-a391-41cf-b340-3e4529f44bde" olca:propertyId="93a60a56-a3c8-11da-a746-0800200b9a66" olca:amount="3.6017E-5">
            <referenceToFlowDataSet type="flow data set" refObjectId="0795345f-c7ae-410c-ad25-1845784c75f5" version="01.00.000" uri="../flows/0795345f-c7ae-410c-ad25-1845784c75f5">
                <common:shortDescription xml:lang="en">Methane, fossil</common:shortDescription>
            </referenceToFlowDataSet>
            <exchangeDirection>Output</exchangeDirection>
            <meanAmount>3.6017E-5</meanAmount>
            <resultingAmount>3.6017E-5</resultingAmount>
        </exchange>
        <exchange xmlns:olca="http://openlca.org/ilcd-extensions" dataSetInternalID="18" olca:unitId="20aadc24-a391-41cf-b340-3e4529f44bde" olca:propertyId="93a60a56-a3c8-11da-a746-0800200b9a66" olca:amount="1.2014E-6">
            <referenceToFlowDataSet type="flow data set" refObjectId="428037ab-78b5-389e-acb6-fb8b0c1c2bc8" version="01.00.000" uri="../flows/428037ab-78b5-389e-acb6-fb8b0c1c2bc8">
                <common:shortDescription xml:lang="en">Formaldehyde</common:shortDescription>
            </referenceToFlowDataSet>
            <exchangeDirection>Output</exchangeDirection>
            <meanAmount>1.2014E-6</meanAmount>
            <resultingAmount>1.2014E-6</resultingAmount>
        </exchange>
        <exchange xmlns:olca="http://openlca.org/ilcd-extensions" dataSetInternalID="23" olca:unitId="e9773595-284e-46dd-9671-5fc9ff406833" olca:propertyId="93a60a56-a3c8-17da-a746-0800200c9a66" olca:amount="0.0034247">
            <referenceToFlowDataSet type="flow data set" refObjectId="50c6806b-7c56-360d-9b67-8c78107c3c10" version="01.00.000" uri="../flows/50c6806b-7c56-360d-9b67-8c78107c3c10">
                <common:shortDescription xml:lang="en">Radioactive species, unspecified</common:shortDescription>
            </referenceToFlowDataSet>
            <exchangeDirection>Output</exchangeDirection>
            <meanAmount>0.0034247</meanAmount>
            <resultingAmount>0.0034247</resultingAmount>
        </exchange>
        <exchange xmlns:olca="http://openlca.org/ilcd-extensions" dataSetInternalID="9" olca:unitId="0dea4ed8-bb6b-4049-b2b4-b2c413ef2180" olca:propertyId="838aaa20-0117-11db-92e3-0800200c9a66" olca:amount="0.1985">
            <referenceToFlowDataSet type="flow data set" refObjectId="2afb4e2f-b224-3900-956f-03e3f27b276b" version="01.00.000" uri="../flows/2afb4e2f-b224-3900-956f-03e3f27b276b">
                <common:shortDescription xml:lang="en">Transport, combination truck, average fuel mix</common:shortDescription>
            </referenceToFlowDataSet>
            <exchangeDirection>Input</exchangeDirection>
            <meanAmount>0.1985</meanAmount>
            <resultingAmount>0.1985</resultingAmount>
            <generalComment xml:lang="en">Represents transportation from natural gas plant to combustion.</generalComment>
        </exchange>
        <exchange xmlns:olca="http://openlca.org/ilcd-extensions" dataSetInternalID="13" olca:unitId="0dea4ed8-bb6b-4049-b2b4-b2c413ef2180" olca:propertyId="838aaa20-0117-11db-92e3-0800200c9a66" olca:amount="1.186">
            <referenceToFlowDataSet type="flow data set" refObjectId="057a281a-908b-3adf-8f51-ed79fe5c5a9b" version="01.00.000" uri="../flows/057a281a-908b-3adf-8f51-ed79fe5c5a9b">
                <common:shortDescription xml:lang="en">Transport, pipeline, natural gas</common:shortDescription>
            </referenceToFlowDataSet>
            <exchangeDirection>Input</exchangeDirection>
            <meanAmount>1.186</meanAmount>
            <resultingAmount>1.186</resultingAmount>
            <generalComment xml:lang="en">Represents transportation from natural gas plant to combustion.</generalComment>
        </exchange>
        <exchange xmlns:olca="http://openlca.org/ilcd-extensions" dataSetInternalID="11" olca:unitId="20aadc24-a391-41cf-b340-3e4529f44bde" olca:propertyId="93a60a56-a3c8-11da-a746-0800200b9a66" olca:amount="0.0016011">
            <referenceToFlowDataSet type="flow data set" refObjectId="c1b91234-6f24-417b-8309-46111d09c457" version="01.00.000" uri="../flows/c1b91234-6f24-417b-8309-46111d09c457">
                <common:shortDescription xml:lang="en">Nitrogen oxides</common:shortDescription>
            </referenceToFlowDataSet>
            <exchangeDirection>Output</exchangeDirection>
            <meanAmount>0.0016011</meanAmount>
            <resultingAmount>0.0016011</resultingAmount>
        </exchange>
        <exchange xmlns:olca="http://openlca.org/ilcd-extensions" dataSetInternalID="20" olca:unitId="20aadc24-a391-41cf-b340-3e4529f44bde" olca:propertyId="93a60a56-a3c8-11da-a746-0800200b9a66" olca:amount="1.9222E-10">
            <referenceToFlowDataSet type="flow data set" refObjectId="ed6487a9-6261-36ce-88f3-f4216e8428a1" version="01.00.000" uri="../flows/ed6487a9-6261-36ce-88f3-f4216e8428a1">
                <common:shortDescription xml:lang="en">Beryllium</common:shortDescription>
            </referenceToFlowDataSet>
            <exchangeDirection>Output</exchangeDirection>
            <meanAmount>1.9222E-10</meanAmount>
            <resultingAmount>1.9222E-10</resultingAmount>
        </exchange>
        <exchange xmlns:olca="http://openlca.org/ilcd-extensions" dataSetInternalID="22" olca:unitId="20aadc24-a391-41cf-b340-3e4529f44bde" olca:propertyId="93a60a56-a3c8-11da-a746-0800200b9a66" olca:amount="2.2426E-8">
            <referenceToFlowDataSet type="flow data set" refObjectId="e142b577-e934-4085-9a07-3983d4d92afb" version="01.00.000" uri="../flows/e142b577-e934-4085-9a07-3983d4d92afb">
                <common:shortDescription xml:lang="en">Chromium</common:shortDescription>
            </referenceToFlowDataSet>
            <exchangeDirection>Output</exchangeDirection>
            <meanAmount>2.2426E-8</meanAmount>
            <resultingAmount>2.2426E-8</resultingAmount>
        </exchange>
        <exchange xmlns:olca="http://openlca.org/ilcd-extensions" dataSetInternalID="21" olca:unitId="20aadc24-a391-41cf-b340-3e4529f44bde" olca:propertyId="93a60a56-a3c8-11da-a746-0800200b9a66" olca:amount="1.96">
            <referenceToFlowDataSet type="flow data set" refObjectId="63af114b-afcb-3a82-801a-9c66208a673a" version="01.00.000" uri="../flows/63af114b-afcb-3a82-801a-9c66208a673a">
                <common:shortDescription xml:lang="en">Carbon dioxide, fossil </common:shortDescription>
            </referenceToFlowDataSet>
            <exchangeDirection>Output</exchangeDirection>
            <meanAmount>1.96</meanAmount>
            <resultingAmount>1.96</resultingAmount>
        </exchange>
        <exchange xmlns:olca="http://openlca.org/ilcd-extensions" dataSetInternalID="4" olca:unitId="20aadc24-a391-41cf-b340-3e4529f44bde" olca:propertyId="93a60a56-a3c8-11da-a746-0800200b9a66" olca:amount="9.7713E-9">
            <referenceToFlowDataSet type="flow data set" refObjectId="3249ff13-4bf2-3f84-857d-67cd0cc92bc2" version="01.00.000" uri="../flows/3249ff13-4bf2-3f84-857d-67cd0cc92bc2">
                <common:shortDescription xml:lang="en">Naphthalene</common:shortDescription>
            </referenceToFlowDataSet>
            <exchangeDirection>Output</exchangeDirection>
            <meanAmount>9.7713E-9</meanAmount>
            <resultingAmount>9.7713E-9</resultingAmount>
        </exchange>
        <exchange xmlns:olca="http://openlca.org/ilcd-extensions" dataSetInternalID="16" olca:unitId="20aadc24-a391-41cf-b340-3e4529f44bde" olca:propertyId="93a60a56-a3c8-11da-a746-0800200b9a66" olca:amount="1.3456E-9">
            <referenceToFlowDataSet type="flow data set" refObjectId="726d9288-bc45-3496-a824-86a4b3874fae" version="01.00.000" uri="../flows/726d9288-bc45-3496-a824-86a4b3874fae">
                <common:shortDescription xml:lang="en">Cobalt</common:shortDescription>
            </referenceToFlowDataSet>
            <exchangeDirection>Output</exchangeDirection>
            <meanAmount>1.3456E-9</meanAmount>
            <resultingAmount>1.3456E-9</resultingAmount>
        </exchange>
        <exchange xmlns:olca="http://openlca.org/ilcd-extensions" dataSetInternalID="6" olca:unitId="20aadc24-a391-41cf-b340-3e4529f44bde" olca:propertyId="93a60a56-a3c8-11da-a746-0800200b9a66" olca:amount="8.0092E-9">
            <referenceToFlowDataSet type="flow data set" refObjectId="8e123669-94d3-41d8-9480-a79211fe7c43" version="01.00.000" uri="../flows/8e123669-94d3-41d8-9480-a79211fe7c43">
                <common:shortDescription xml:lang="en">Lead</common:shortDescription>
            </referenceToFlowDataSet>
            <exchangeDirection>Output</exchangeDirection>
            <meanAmount>8.0092E-9</meanAmount>
            <resultingAmount>8.0092E-9</resultingAmount>
        </exchange>
        <exchange xmlns:olca="http://openlca.org/ilcd-extensions" dataSetInternalID="12" olca:unitId="0dea4ed8-bb6b-4049-b2b4-b2c413ef2180" olca:propertyId="838aaa20-0117-11db-92e3-0800200c9a66" olca:amount="0.011858">
            <referenceToFlowDataSet type="flow data set" refObjectId="73c7494d-4e93-3769-896b-8bb82f0dfccc" version="01.00.000" uri="../flows/73c7494d-4e93-3769-896b-8bb82f0dfccc">
                <common:shortDescription xml:lang="en">Transport, train, diesel powered</common:shortDescription>
            </referenceToFlowDataSet>
            <exchangeDirection>Input</exchangeDirection>
            <meanAmount>0.011858</meanAmount>
            <resultingAmount>0.011858</resultingAmount>
            <generalComment xml:lang="en">Represents transportation from natural gas plant to combustion.</generalComment>
        </exchange>
        <exchange xmlns:olca="http://openlca.org/ilcd-extensions" dataSetInternalID="15" olca:unitId="20aadc24-a391-41cf-b340-3e4529f44bde" olca:propertyId="93a60a56-a3c8-11da-a746-0800200b9a66" olca:amount="3.2037E-9">
            <referenceToFlowDataSet type="flow data set" refObjectId="6505c252-8e98-3e73-8e2b-e49deaf2598b" version="01.00.000" uri="../flows/6505c252-8e98-3e73-8e2b-e49deaf2598b">
                <common:shortDescription xml:lang="en">Arsenic</common:shortDescription>
            </referenceToFlowDataSet>
            <exchangeDirection>Output</exchangeDirection>
            <meanAmount>3.2037E-9</meanAmount>
            <resultingAmount>3.2037E-9</resultingAmount>
        </exchange>
        <exchange xmlns:olca="http://openlca.org/ilcd-extensions" dataSetInternalID="3" olca:unitId="20aadc24-a391-41cf-b340-3e4529f44bde" olca:propertyId="93a60a56-a3c8-11da-a746-0800200b9a66" olca:amount="4.1648E-9">
            <referenceToFlowDataSet type="flow data set" refObjectId="71234253-b3a7-4dfe-b166-a484ad15bee7" version="01.00.000" uri="../flows/71234253-b3a7-4dfe-b166-a484ad15bee7">
                <common:shortDescription xml:lang="en">Mercury</common:shortDescription>
            </referenceToFlowDataSet>
            <exchangeDirection>Output</exchangeDirection>
            <meanAmount>4.1648E-9</meanAmount>
            <resultingAmount>4.1648E-9</resultingAmount>
        </exchange>
        <exchange xmlns:olca="http://openlca.org/ilcd-extensions" dataSetInternalID="19" olca:unitId="20aadc24-a391-41cf-b340-3e4529f44bde" olca:propertyId="93a60a56-a3c8-11da-a746-0800200b9a66" olca:amount="1.762E-8">
            <referenceToFlowDataSet type="flow data set" refObjectId="1c5a7322-9261-4d59-a692-adde6c12de92" version="01.00.000" uri="../flows/1c5a7322-9261-4d59-a692-adde6c12de92">
                <common:shortDescription xml:lang="en">Cadmium</common:shortDescription>
            </referenceToFlowDataSet>
            <exchangeDirection>Output</exchangeDirection>
            <meanAmount>1.762E-8</meanAmount>
            <resultingAmount>1.762E-8</resultingAmount>
        </exchange>
        <exchange xmlns:olca="http://openlca.org/ilcd-extensions" dataSetInternalID="27" olca:unitId="20aadc24-a391-41cf-b340-3e4529f44bde" olca:propertyId="93a60a56-a3c8-11da-a746-0800200b9a66" olca:amount="1.2115E-4">
            <referenceToFlowDataSet type="flow data set" refObjectId="ae4dd6ba-67a2-3884-b7ce-2f5b38c0571a" version="01.00.000" uri="../flows/ae4dd6ba-67a2-3884-b7ce-2f5b38c0571a">
                <common:shortDescription xml:lang="en">Particulates, &lt; 10 um </common:shortDescription>
            </referenceToFlowDataSet>
            <exchangeDirection>Output</exchangeDirection>
            <meanAmount>1.2115E-4</meanAmount>
            <resultingAmount>1.2115E-4</resultingAmount>
        </exchange>
        <exchange xmlns:olca="http://openlca.org/ilcd-extensions" dataSetInternalID="14" olca:unitId="20aadc24-a391-41cf-b340-3e4529f44bde" olca:propertyId="93a60a56-a3c8-11da-a746-0800200b9a66" olca:amount="8.8405E-5">
            <referenceToFlowDataSet type="flow data set" refObjectId="7ae3bfc4-8532-11e0-9d78-0800200c9a66" version="01.00.000" uri="../flows/7ae3bfc4-8532-11e0-9d78-0800200c9a66">
                <common:shortDescription xml:lang="en">VOC, volatile organic compounds</common:shortDescription>
            </referenceToFlowDataSet>
            <exchangeDirection>Output</exchangeDirection>
            <meanAmount>8.8405E-5</meanAmount>
            <resultingAmount>8.8405E-5</resultingAmount>
        </exchange>
        <exchange xmlns:olca="http://openlca.org/ilcd-extensions" dataSetInternalID="25" olca:unitId="20aadc24-a391-41cf-b340-3e4529f44bde" olca:propertyId="93a60a56-a3c8-11da-a746-0800200b9a66" olca:amount="3.3639E-8">
            <referenceToFlowDataSet type="flow data set" refObjectId="a5506f4b-113f-4713-95c3-c819dde6e48b" version="01.00.000" uri="../flows/a5506f4b-113f-4713-95c3-c819dde6e48b">
                <common:shortDescription xml:lang="en">Nickel</common:shortDescription>
            </referenceToFlowDataSet>
            <exchangeDirection>Output</exchangeDirection>
            <meanAmount>3.3639E-8</meanAmount>
            <resultingAmount>3.3639E-8</resultingAmount>
        </exchange>
        <exchange xmlns:olca="http://openlca.org/ilcd-extensions" dataSetInternalID="8" olca:unitId="20aadc24-a391-41cf-b340-3e4529f44bde" olca:propertyId="93a60a56-a3c8-11da-a746-0800200b9a66" olca:amount="3.8444E-10">
            <referenceToFlowDataSet type="flow data set" refObjectId="c1683bc0-0bb2-3012-b0d4-628ca7b440d7" version="01.00.000" uri="../flows/c1683bc0-0bb2-3012-b0d4-628ca7b440d7">
                <common:shortDescription xml:lang="en">Selenium</common:shortDescription>
            </referenceToFlowDataSet>
            <exchangeDirection>Output</exchangeDirection>
            <meanAmount>3.8444E-10</meanAmount>
            <resultingAmount>3.8444E-10</resultingAmount>
        </exchange>
        <exchange xmlns:olca="http://openlca.org/ilcd-extensions" dataSetInternalID="10" olca:unitId="1c3a9695-398d-4b1f-b07e-a8715b610f70" olca:propertyId="93a60a56-a3c8-22da-a746-0800200c9a66" olca:amount="1.0">
            <referenceToFlowDataSet type="flow data set" refObjectId="bd83ce23-816f-3589-b25f-dfca03b42932" version="01.00.000" uri="../flows/bd83ce23-816f-3589-b25f-dfca03b42932">
                <common:shortDescription xml:lang="en">Natural gas, processed, at plant, 1.357 m3/kg</common:shortDescription>
            </referenceToFlowDataSet>
            <exchangeDirection>Input</exchangeDirection>
            <meanAmount>1.0</meanAmount>
            <resultingAmount>1.0</resultingAmount>
        </exchange>
        <exchange xmlns:olca="http://openlca.org/ilcd-extensions" dataSetInternalID="24" olca:unitId="20aadc24-a391-41cf-b340-3e4529f44bde" olca:propertyId="93a60a56-a3c8-11da-a746-0800200b9a66" olca:amount="0.0013457">
            <referenceToFlowDataSet type="flow data set" refObjectId="8f6e6949-f569-3d05-abe1-de3608895d47" version="01.00.000" uri="../flows/8f6e6949-f569-3d05-abe1-de3608895d47">
                <common:shortDescription xml:lang="en">Carbon monoxide, fossil </common:shortDescription>
            </referenceToFlowDataSet>
            <exchangeDirection>Output</exchangeDirection>
            <meanAmount>0.0013457</meanAmount>
            <resultingAmount>0.0013457</resultingAmount>
        </exchange>
        <exchange xmlns:olca="http://openlca.org/ilcd-extensions" dataSetInternalID="7" olca:unitId="20aadc24-a391-41cf-b340-3e4529f44bde" olca:propertyId="93a60a56-a3c8-11da-a746-0800200b9a66" olca:amount="3.6017E-5">
            <referenceToFlowDataSet type="flow data set" refObjectId="20185046-64bb-4c09-a8e7-e8a9e144ca98" version="01.00.000" uri="../flows/20185046-64bb-4c09-a8e7-e8a9e144ca98">
                <common:shortDescription xml:lang="en">Dinitrogen monoxide</common:shortDescription>
            </referenceToFlowDataSet>
            <exchangeDirection>Output</exchangeDirection>
            <meanAmount>3.6017E-5</meanAmount>
            <resultingAmount>3.6017E-5</resultingAmount>
        </exchange>
        <exchange xmlns:olca="http://openlca.org/ilcd-extensions" dataSetInternalID="2" olca:unitId="20aadc24-a391-41cf-b340-3e4529f44bde" olca:propertyId="93a60a56-a3c8-11da-a746-0800200b9a66" olca:amount="3.3639E-8">
            <referenceToFlowDataSet type="flow data set" refObjectId="0ba9c977-5398-3e0f-b3c9-d922e39d7894" version="01.00.000" uri="../flows/0ba9c977-5398-3e0f-b3c9-d922e39d7894">
                <common:shortDescription xml:lang="en">Benzene</common:shortDescription>
            </referenceToFlowDataSet>
            <exchangeDirection>Output</exchangeDirection>
            <meanAmount>3.3639E-8</meanAmount>
            <resultingAmount>3.3639E-8</resultingAmount>
        </exchange>
    </exchanges>
</processDataSet>
