<?xml version="1.0" encoding="UTF-8" standalone="yes"?>
<processDataSet xmlns:m="http://lca.jrc.it/ILCD/LCIAMethod" xmlns:common="http://lca.jrc.it/ILCD/Common" xmlns:s="http://lca.jrc.it/ILCD/Source" xmlns:c="http://lca.jrc.it/ILCD/Contact" xmlns:f="http://lca.jrc.it/ILCD/Flow" xmlns="http://lca.jrc.it/ILCD/Process" xmlns:fp="http://lca.jrc.it/ILCD/FlowProperty" xmlns:u="http://lca.jrc.it/ILCD/UnitGroup" version="1.1">
    <processInformation>
        <dataSetInformation>
            <common:UUID>76a47261-8a9c-30a2-93a6-f5a029aded6f</common:UUID>
            <name>
                <baseName xml:lang="en">Bauxite, at mine</baseName>
            </name>
            <classificationInformation>
                <common:classification>
                    <common:class level="0" classId="d374ae23-7148-3bd0-9630-022020e9fcb9">21: Mining, Quarrying, and Oil and Gas Extraction</common:class>
                    <common:class level="1" classId="1a164588-e9c3-386e-8108-3f9cda8dcd6d">2122: Metal Ore Mining</common:class>
                </common:classification>
            </classificationInformation>
            <common:generalComment xml:lang="en">Aluminum is the most widely distributed metal in the earth’s crust, with only the nonmetallic elements oxygen and silicon surpassing it in abundance. However, bauxite ore is the only commercially exploited source of aluminum. Although other types of earth, including ordinary clay, contain aluminum, economics favor the use of bauxite. Bauxite is formed by the action of rain and erosion on materials containing aluminum oxide (alumina). The heavy rainfall and warm temperatures of the tropics provide nearly ideal conditions for this process, and most of the world’s bauxite is mined in these regions. Australia is the leading producer of bauxite, followed by Guinea, Jamaica, Brazil, and Guyana. Greater than 99 percent of the total bauxite imported by the U.S. is supplied by these countries. This analysis assumes that the Canadian supply of bauxite is similar to that of the U.S.

Important note: although most of the data in the US LCI database has 
undergone some sort of review, the database as a whole has not yet 
undergone a formal validation process.
Please email comments to lci@nrel.gov.</common:generalComment>
        </dataSetInformation>
        <quantitativeReference type="Reference flow(s)">
            <referenceToReferenceFlow>1</referenceToReferenceFlow>
        </quantitativeReference>
        <time xmlns:olca="http://openlca.org/ilcd-extensions" olca:startDate="883551600000" olca:endDate="883551600000">
            <common:referenceYear>1997</common:referenceYear>
            <common:dataSetValidUntil>1997</common:dataSetValidUntil>
        </time>
        <geography>
            <locationOfOperationSupplyOrProduction location="GLO">
                <descriptionOfRestrictions xml:lang="en">Australia (2%), Jamaica (55 %), Guinea (30%), Brazil (3%), Suriname (1%), and Guyana (9%).</descriptionOfRestrictions>
            </locationOfOperationSupplyOrProduction>
        </geography>
        <technology>
            <technologyDescriptionAndIncludedProcesses xml:lang="en">Mining of bauxite ore.</technologyDescriptionAndIncludedProcesses>
        </technology>
    </processInformation>
    <modellingAndValidation>
        <LCIMethodAndAllocation>
            <typeOfDataSet>Unit process, black box</typeOfDataSet>
            <LCIMethodPrinciple>Other</LCIMethodPrinciple>
        </LCIMethodAndAllocation>
        <dataSourcesTreatmentAndRepresentativeness>
            <deviationsFromCutOffAndCompletenessPrinciples xml:lang="en">None.</deviationsFromCutOffAndCompletenessPrinciples>
            <deviationsFromSelectionAndCombinationPrinciples xml:lang="en">None.</deviationsFromSelectionAndCombinationPrinciples>
            <referenceToDataSource type="source data set" refObjectId="bcba9db5-9a6e-3f09-b855-dcf922b3400f" version="01.00.000" uri="../sources/bcba9db5-9a6e-3f09-b855-dcf922b3400f">
                <common:shortDescription xml:lang="en">US Geological Survey </common:shortDescription>
            </referenceToDataSource>
            <referenceToDataSource type="source data set" refObjectId="8ffe6372-efdf-3790-be24-d0d7aa01414e" version="01.00.000" uri="../sources/8ffe6372-efdf-3790-be24-d0d7aa01414e">
                <common:shortDescription xml:lang="en">Franklin Associates, A Division of ERG </common:shortDescription>
            </referenceToDataSource>
            <referenceToDataSource type="source data set" refObjectId="78e447c5-8ba0-3be1-80d7-c04bd816a33a" version="01.00.000" uri="../sources/78e447c5-8ba0-3be1-80d7-c04bd816a33a">
                <common:shortDescription xml:lang="en">The Aluminum Association </common:shortDescription>
            </referenceToDataSource>
            <referenceToDataSource type="source data set" refObjectId="c96c522d-1e9e-37fb-9a3c-0044c72934e3" version="01.00.000" uri="../sources/c96c522d-1e9e-37fb-9a3c-0044c72934e3">
                <common:shortDescription xml:lang="en">Energy Information Administration (EIA) </common:shortDescription>
            </referenceToDataSource>
            <referenceToDataSource type="source data set" refObjectId="9cbc979d-9f69-34a1-9e4a-d553ce7792e5" version="01.00.000" uri="../sources/9cbc979d-9f69-34a1-9e4a-d553ce7792e5">
                <common:shortDescription xml:lang="en">IAI Statistical Report: Electrical Power </common:shortDescription>
            </referenceToDataSource>
            <referenceToDataSource type="source data set" refObjectId="4e6743c5-f585-3b51-92a2-0714f8e71a69" version="01.00.000" uri="../sources/4e6743c5-f585-3b51-92a2-0714f8e71a69">
                <common:shortDescription xml:lang="en">US EPA </common:shortDescription>
            </referenceToDataSource>
        </dataSourcesTreatmentAndRepresentativeness>
    </modellingAndValidation>
    <administrativeInformation>
        <dataGenerator>
            <common:referenceToPersonOrEntityGeneratingTheDataSet type="contact data set" refObjectId="fb33a31c-73ee-3e3f-aa92-fae93a1d5d5f" version="01.00.000" uri="../contacts/fb33a31c-73ee-3e3f-aa92-fae93a1d5d5f">
                <common:shortDescription xml:lang="en">James Littlefield, Franklin Associates</common:shortDescription>
            </common:referenceToPersonOrEntityGeneratingTheDataSet>
        </dataGenerator>
        <dataEntryBy>
            <common:timeStamp>2019-10-15T12:34:36.926-06:00</common:timeStamp>
            <common:referenceToDataSetFormat type="source data set" refObjectId="a97a0155-0234-4b87-b4ce-a45da52f2a40" version="01.01.000" uri="../sources/a97a0155-0234-4b87-b4ce-a45da52f2a40_01.01.000.xml">
                <common:shortDescription xml:lang="en">ILCD format</common:shortDescription>
            </common:referenceToDataSetFormat>
            <common:referenceToPersonOrEntityEnteringTheData type="contact data set" refObjectId="fb33a31c-73ee-3e3f-aa92-fae93a1d5d5f" version="01.00.000" uri="../contacts/fb33a31c-73ee-3e3f-aa92-fae93a1d5d5f">
                <common:shortDescription xml:lang="en">James Littlefield, Franklin Associates</common:shortDescription>
            </common:referenceToPersonOrEntityEnteringTheData>
        </dataEntryBy>
        <publicationAndOwnership>
            <common:dateOfLastRevision>2019-07-20T23:13:09.517-06:00</common:dateOfLastRevision>
            <common:dataSetVersion>00.00.002</common:dataSetVersion>
            <common:referenceToUnchangedRepublication type="source data set" refObjectId="8ffe6372-efdf-3790-be24-d0d7aa01414e" version="01.00.000" uri="../sources/8ffe6372-efdf-3790-be24-d0d7aa01414e">
                <common:shortDescription xml:lang="en">Franklin Associates, A Division of ERG </common:shortDescription>
            </common:referenceToUnchangedRepublication>
            <common:copyright>false</common:copyright>
            <common:accessRestrictions xml:lang="en">All information can be accessed by everybody.</common:accessRestrictions>
        </publicationAndOwnership>
    </administrativeInformation>
    <exchanges>
        <exchange xmlns:olca="http://openlca.org/ilcd-extensions" dataSetInternalID="20" olca:unitId="0dea4ed8-bb6b-4049-b2b4-b2c413ef2180" olca:propertyId="838aaa20-0117-11db-92e3-0800200c9a66" olca:amount="2.527">
            <referenceToFlowDataSet type="flow data set" refObjectId="735f1d86-f99a-3ffa-adae-176c545744ab" version="01.00.000" uri="../flows/735f1d86-f99a-3ffa-adae-176c545744ab">
                <common:shortDescription xml:lang="en">Transport, ocean freighter, residual fuel oil powered</common:shortDescription>
            </referenceToFlowDataSet>
            <exchangeDirection>Input</exchangeDirection>
            <meanAmount>2.527</meanAmount>
            <resultingAmount>2.527</resultingAmount>
        </exchange>
        <exchange xmlns:olca="http://openlca.org/ilcd-extensions" dataSetInternalID="22" olca:unitId="20aadc24-a391-41cf-b340-3e4529f44bde" olca:propertyId="93a60a56-a3c8-11da-a746-0800200b9a66" olca:amount="1.1E-6">
            <referenceToFlowDataSet type="flow data set" refObjectId="e3569b8d-34ca-4712-93b5-b0d81f955663" version="01.00.000" uri="../flows/e3569b8d-34ca-4712-93b5-b0d81f955663">
                <common:shortDescription xml:lang="en">Sulfur oxides</common:shortDescription>
            </referenceToFlowDataSet>
            <exchangeDirection>Output</exchangeDirection>
            <meanAmount>1.1E-6</meanAmount>
            <resultingAmount>1.1E-6</resultingAmount>
        </exchange>
        <exchange xmlns:olca="http://openlca.org/ilcd-extensions" dataSetInternalID="12" olca:unitId="52765a6c-3896-43c2-b2f4-c679acf13efe" olca:propertyId="f6811440-ee37-11de-8a39-0800200c9a66" olca:amount="3.9683E-4">
            <referenceToFlowDataSet type="flow data set" refObjectId="34477c97-cd27-366c-a5e7-17ebd2127b9f" version="01.00.000" uri="../flows/34477c97-cd27-366c-a5e7-17ebd2127b9f">
                <common:shortDescription xml:lang="en">Electricity, at bauxite mining regions</common:shortDescription>
            </referenceToFlowDataSet>
            <exchangeDirection>Input</exchangeDirection>
            <meanAmount>3.9683E-4</meanAmount>
            <resultingAmount>3.9683E-4</resultingAmount>
        </exchange>
        <exchange xmlns:olca="http://openlca.org/ilcd-extensions" dataSetInternalID="11" olca:unitId="1c3a9695-398d-4b1f-b07e-a8715b610f70" olca:propertyId="93a60a56-a3c8-22da-a746-0800200c9a66" olca:amount="0.0043396">
            <referenceToFlowDataSet type="flow data set" refObjectId="e04995fa-935b-316c-b112-5b436c8ea3d6" version="01.00.000" uri="../flows/e04995fa-935b-316c-b112-5b436c8ea3d6">
                <common:shortDescription xml:lang="en">Diesel, combusted in industrial boiler</common:shortDescription>
            </referenceToFlowDataSet>
            <exchangeDirection>Input</exchangeDirection>
            <meanAmount>0.0043396</meanAmount>
            <resultingAmount>0.0043396</resultingAmount>
        </exchange>
        <exchange xmlns:olca="http://openlca.org/ilcd-extensions" dataSetInternalID="24" olca:unitId="20aadc24-a391-41cf-b340-3e4529f44bde" olca:propertyId="93a60a56-a3c8-11da-a746-0800200b9a66" olca:amount="6.5E-10">
            <referenceToFlowDataSet type="flow data set" refObjectId="53b5ce8f-c792-3f05-a4b1-3e8f2cc3aad1" version="01.00.000" uri="../flows/53b5ce8f-c792-3f05-a4b1-3e8f2cc3aad1">
                <common:shortDescription xml:lang="en">Nitrogen</common:shortDescription>
            </referenceToFlowDataSet>
            <exchangeDirection>Output</exchangeDirection>
            <meanAmount>6.5E-10</meanAmount>
            <resultingAmount>6.5E-10</resultingAmount>
        </exchange>
        <exchange xmlns:olca="http://openlca.org/ilcd-extensions" dataSetInternalID="9" olca:unitId="20aadc24-a391-41cf-b340-3e4529f44bde" olca:propertyId="93a60a56-a3c8-11da-a746-0800200b9a66" olca:amount="2.5E-9">
            <referenceToFlowDataSet type="flow data set" refObjectId="d0db2837-7f4b-3306-bca9-52f9e761c196" version="01.00.000" uri="../flows/d0db2837-7f4b-3306-bca9-52f9e761c196">
                <common:shortDescription xml:lang="en">Detergents, unspecified</common:shortDescription>
            </referenceToFlowDataSet>
            <exchangeDirection>Output</exchangeDirection>
            <meanAmount>2.5E-9</meanAmount>
            <resultingAmount>2.5E-9</resultingAmount>
        </exchange>
        <exchange xmlns:olca="http://openlca.org/ilcd-extensions" dataSetInternalID="23" olca:unitId="0dea4ed8-bb6b-4049-b2b4-b2c413ef2180" olca:propertyId="838aaa20-0117-11db-92e3-0800200c9a66" olca:amount="0.28081">
            <referenceToFlowDataSet type="flow data set" refObjectId="6c65fc34-c25e-3eb4-bc92-15bbfc457725" version="01.00.000" uri="../flows/6c65fc34-c25e-3eb4-bc92-15bbfc457725">
                <common:shortDescription xml:lang="en">Transport, ocean freighter, diesel powered</common:shortDescription>
            </referenceToFlowDataSet>
            <exchangeDirection>Input</exchangeDirection>
            <meanAmount>0.28081</meanAmount>
            <resultingAmount>0.28081</resultingAmount>
        </exchange>
        <exchange xmlns:olca="http://openlca.org/ilcd-extensions" dataSetInternalID="5" olca:unitId="0dea4ed8-bb6b-4049-b2b4-b2c413ef2180" olca:propertyId="838aaa20-0117-11db-92e3-0800200c9a66" olca:amount="0.34901">
            <referenceToFlowDataSet type="flow data set" refObjectId="73c7494d-4e93-3769-896b-8bb82f0dfccc" version="01.00.000" uri="../flows/73c7494d-4e93-3769-896b-8bb82f0dfccc">
                <common:shortDescription xml:lang="en">Transport, train, diesel powered</common:shortDescription>
            </referenceToFlowDataSet>
            <exchangeDirection>Input</exchangeDirection>
            <meanAmount>0.34901</meanAmount>
            <resultingAmount>0.34901</resultingAmount>
        </exchange>
        <exchange xmlns:olca="http://openlca.org/ilcd-extensions" dataSetInternalID="19" olca:unitId="20aadc24-a391-41cf-b340-3e4529f44bde" olca:propertyId="93a60a56-a3c8-11da-a746-0800200b9a66" olca:amount="4.5E-7">
            <referenceToFlowDataSet type="flow data set" refObjectId="d3260d0e-8203-4cbb-a45a-6a13131a5108" version="01.00.000" uri="../flows/d3260d0e-8203-4cbb-a45a-6a13131a5108">
                <common:shortDescription xml:lang="en">NMVOC, non-methane volatile organic compounds, unspecified origin</common:shortDescription>
            </referenceToFlowDataSet>
            <exchangeDirection>Output</exchangeDirection>
            <meanAmount>4.5E-7</meanAmount>
            <resultingAmount>4.5E-7</resultingAmount>
        </exchange>
        <exchange xmlns:olca="http://openlca.org/ilcd-extensions" dataSetInternalID="6" olca:unitId="20aadc24-a391-41cf-b340-3e4529f44bde" olca:propertyId="93a60a56-a3c8-11da-a746-0800200b9a66" olca:amount="1.5E-8">
            <referenceToFlowDataSet type="flow data set" refObjectId="693921ef-e02d-4072-add0-55aa4631b213" version="01.00.000" uri="../flows/693921ef-e02d-4072-add0-55aa4631b213">
                <common:shortDescription xml:lang="en">Suspended solids, unspecified</common:shortDescription>
            </referenceToFlowDataSet>
            <exchangeDirection>Output</exchangeDirection>
            <meanAmount>1.5E-8</meanAmount>
            <resultingAmount>1.5E-8</resultingAmount>
        </exchange>
        <exchange xmlns:olca="http://openlca.org/ilcd-extensions" dataSetInternalID="17" olca:unitId="20aadc24-a391-41cf-b340-3e4529f44bde" olca:propertyId="93a60a56-a3c8-11da-a746-0800200b9a66" olca:amount="1.0">
            <referenceToFlowDataSet type="flow data set" refObjectId="344d141e-3d9b-312b-9bda-e234a2abd380" version="01.00.000" uri="../flows/344d141e-3d9b-312b-9bda-e234a2abd380">
                <common:shortDescription xml:lang="en">Bauxite</common:shortDescription>
            </referenceToFlowDataSet>
            <exchangeDirection>Input</exchangeDirection>
            <meanAmount>1.0</meanAmount>
            <resultingAmount>1.0</resultingAmount>
        </exchange>
        <exchange xmlns:olca="http://openlca.org/ilcd-extensions" dataSetInternalID="18" olca:unitId="20aadc24-a391-41cf-b340-3e4529f44bde" olca:propertyId="93a60a56-a3c8-11da-a746-0800200b9a66" olca:amount="0.13604">
            <referenceToFlowDataSet type="flow data set" refObjectId="87dd9cbf-4600-380f-b294-f41d08863cf8" version="01.00.000" uri="../flows/87dd9cbf-4600-380f-b294-f41d08863cf8">
                <common:shortDescription xml:lang="en">CUTOFF Disposal, solid waste, unspecified, to unspecified treatment</common:shortDescription>
            </referenceToFlowDataSet>
            <exchangeDirection>Input</exchangeDirection>
            <meanAmount>0.13604</meanAmount>
            <resultingAmount>0.13604</resultingAmount>
            <generalComment xml:lang="en">Overburden</generalComment>
        </exchange>
        <exchange xmlns:olca="http://openlca.org/ilcd-extensions" dataSetInternalID="14" olca:unitId="20aadc24-a391-41cf-b340-3e4529f44bde" olca:propertyId="93a60a56-a3c8-11da-a746-0800200b9a66" olca:amount="3.2E-6">
            <referenceToFlowDataSet type="flow data set" refObjectId="7ae371ac-8532-11e0-9d78-0800200c9a66" version="01.00.000" uri="../flows/7ae371ac-8532-11e0-9d78-0800200c9a66">
                <common:shortDescription xml:lang="en">Carbon monoxide</common:shortDescription>
            </referenceToFlowDataSet>
            <exchangeDirection>Output</exchangeDirection>
            <meanAmount>3.2E-6</meanAmount>
            <resultingAmount>3.2E-6</resultingAmount>
        </exchange>
        <exchange xmlns:olca="http://openlca.org/ilcd-extensions" dataSetInternalID="8" olca:unitId="1c3a9695-398d-4b1f-b07e-a8715b610f70" olca:propertyId="93a60a56-a3c8-22da-a746-0800200c9a66" olca:amount="2.6705E-4">
            <referenceToFlowDataSet type="flow data set" refObjectId="bc38e349-1ccf-3855-a615-a4f581ab875b" version="01.00.000" uri="../flows/bc38e349-1ccf-3855-a615-a4f581ab875b">
                <common:shortDescription xml:lang="en">Gasoline, combusted in equipment</common:shortDescription>
            </referenceToFlowDataSet>
            <exchangeDirection>Input</exchangeDirection>
            <meanAmount>2.6705E-4</meanAmount>
            <resultingAmount>2.6705E-4</resultingAmount>
        </exchange>
        <exchange xmlns:olca="http://openlca.org/ilcd-extensions" dataSetInternalID="10" olca:unitId="20aadc24-a391-41cf-b340-3e4529f44bde" olca:propertyId="93a60a56-a3c8-11da-a746-0800200b9a66" olca:amount="4.0E-5">
            <referenceToFlowDataSet type="flow data set" refObjectId="c1b91234-6f24-417b-8309-46111d09c457" version="01.00.000" uri="../flows/c1b91234-6f24-417b-8309-46111d09c457">
                <common:shortDescription xml:lang="en">Nitrogen oxides</common:shortDescription>
            </referenceToFlowDataSet>
            <exchangeDirection>Output</exchangeDirection>
            <meanAmount>4.0E-5</meanAmount>
            <resultingAmount>4.0E-5</resultingAmount>
        </exchange>
        <exchange xmlns:olca="http://openlca.org/ilcd-extensions" dataSetInternalID="2" olca:unitId="20aadc24-a391-41cf-b340-3e4529f44bde" olca:propertyId="93a60a56-a3c8-11da-a746-0800200b9a66" olca:amount="1.9E-9">
            <referenceToFlowDataSet type="flow data set" refObjectId="39587969-515b-3599-a403-78c461a936eb" version="01.00.000" uri="../flows/39587969-515b-3599-a403-78c461a936eb">
                <common:shortDescription xml:lang="en">Oils, unspecified</common:shortDescription>
            </referenceToFlowDataSet>
            <exchangeDirection>Output</exchangeDirection>
            <meanAmount>1.9E-9</meanAmount>
            <resultingAmount>1.9E-9</resultingAmount>
        </exchange>
        <exchange xmlns:olca="http://openlca.org/ilcd-extensions" dataSetInternalID="16" olca:unitId="20aadc24-a391-41cf-b340-3e4529f44bde" olca:propertyId="93a60a56-a3c8-11da-a746-0800200b9a66" olca:amount="7.9E-4">
            <referenceToFlowDataSet type="flow data set" refObjectId="63af114b-afcb-3a82-801a-9c66208a673a" version="01.00.000" uri="../flows/63af114b-afcb-3a82-801a-9c66208a673a">
                <common:shortDescription xml:lang="en">Carbon dioxide, fossil </common:shortDescription>
            </referenceToFlowDataSet>
            <exchangeDirection>Output</exchangeDirection>
            <meanAmount>7.9E-4</meanAmount>
            <resultingAmount>7.9E-4</resultingAmount>
        </exchange>
        <exchange xmlns:olca="http://openlca.org/ilcd-extensions" dataSetInternalID="15" olca:unitId="20aadc24-a391-41cf-b340-3e4529f44bde" olca:propertyId="93a60a56-a3c8-11da-a746-0800200b9a66" olca:amount="3.4E-7">
            <referenceToFlowDataSet type="flow data set" refObjectId="20185046-64bb-4c09-a8e7-e8a9e144ca98" version="01.00.000" uri="../flows/20185046-64bb-4c09-a8e7-e8a9e144ca98">
                <common:shortDescription xml:lang="en">Dinitrogen monoxide</common:shortDescription>
            </referenceToFlowDataSet>
            <exchangeDirection>Output</exchangeDirection>
            <meanAmount>3.4E-7</meanAmount>
            <resultingAmount>3.4E-7</resultingAmount>
        </exchange>
        <exchange xmlns:olca="http://openlca.org/ilcd-extensions" dataSetInternalID="13" olca:unitId="20aadc24-a391-41cf-b340-3e4529f44bde" olca:propertyId="93a60a56-a3c8-11da-a746-0800200b9a66" olca:amount="2.5E-9">
            <referenceToFlowDataSet type="flow data set" refObjectId="c8791f3c-3c4a-4278-91c0-483797d14da2" version="01.00.000" uri="../flows/c8791f3c-3c4a-4278-91c0-483797d14da2">
                <common:shortDescription xml:lang="en">Phosphate</common:shortDescription>
            </referenceToFlowDataSet>
            <exchangeDirection>Output</exchangeDirection>
            <meanAmount>2.5E-9</meanAmount>
            <resultingAmount>2.5E-9</resultingAmount>
        </exchange>
        <exchange xmlns:olca="http://openlca.org/ilcd-extensions" dataSetInternalID="21" olca:unitId="20aadc24-a391-41cf-b340-3e4529f44bde" olca:propertyId="93a60a56-a3c8-11da-a746-0800200b9a66" olca:amount="2.1E-7">
            <referenceToFlowDataSet type="flow data set" refObjectId="a3ed03de-f771-3946-94f3-a02a10d4ca74" version="01.00.000" uri="../flows/a3ed03de-f771-3946-94f3-a02a10d4ca74">
                <common:shortDescription xml:lang="en">Dissolved solids</common:shortDescription>
            </referenceToFlowDataSet>
            <exchangeDirection>Output</exchangeDirection>
            <meanAmount>2.1E-7</meanAmount>
            <resultingAmount>2.1E-7</resultingAmount>
        </exchange>
        <exchange xmlns:olca="http://openlca.org/ilcd-extensions" dataSetInternalID="4" olca:unitId="1c3a9695-398d-4b1f-b07e-a8715b610f70" olca:propertyId="93a60a56-a3c8-22da-a746-0800200c9a66" olca:amount="0.0012518">
            <referenceToFlowDataSet type="flow data set" refObjectId="654a5cf6-185f-3d91-89ef-42442d1825e8" version="01.00.000" uri="../flows/654a5cf6-185f-3d91-89ef-42442d1825e8">
                <common:shortDescription xml:lang="en">Residual fuel oil, combusted in industrial boiler</common:shortDescription>
            </referenceToFlowDataSet>
            <exchangeDirection>Input</exchangeDirection>
            <meanAmount>0.0012518</meanAmount>
            <resultingAmount>0.0012518</resultingAmount>
        </exchange>
        <exchange xmlns:olca="http://openlca.org/ilcd-extensions" dataSetInternalID="3" olca:unitId="20aadc24-a391-41cf-b340-3e4529f44bde" olca:propertyId="93a60a56-a3c8-11da-a746-0800200b9a66" olca:amount="0.00235">
            <referenceToFlowDataSet type="flow data set" refObjectId="7ae398c3-8532-11e0-9d78-0800200c9a66" version="01.00.000" uri="../flows/7ae398c3-8532-11e0-9d78-0800200c9a66">
                <common:shortDescription xml:lang="en">Particulates, unspecified</common:shortDescription>
            </referenceToFlowDataSet>
            <exchangeDirection>Output</exchangeDirection>
            <meanAmount>0.00235</meanAmount>
            <resultingAmount>0.00235</resultingAmount>
        </exchange>
        <exchange xmlns:olca="http://openlca.org/ilcd-extensions" dataSetInternalID="7" olca:unitId="20aadc24-a391-41cf-b340-3e4529f44bde" olca:propertyId="93a60a56-a3c8-11da-a746-0800200b9a66" olca:amount="6.6E-6">
            <referenceToFlowDataSet type="flow data set" refObjectId="20408dd1-8534-11e0-9d78-0800200c9a66" version="01.00.000" uri="../flows/20408dd1-8534-11e0-9d78-0800200c9a66">
                <common:shortDescription xml:lang="en">Methane</common:shortDescription>
            </referenceToFlowDataSet>
            <exchangeDirection>Output</exchangeDirection>
            <meanAmount>6.6E-6</meanAmount>
            <resultingAmount>6.6E-6</resultingAmount>
        </exchange>
        <exchange xmlns:olca="http://openlca.org/ilcd-extensions" dataSetInternalID="1" olca:unitId="20aadc24-a391-41cf-b340-3e4529f44bde" olca:propertyId="93a60a56-a3c8-11da-a746-0800200b9a66" olca:amount="1.0">
            <referenceToFlowDataSet type="flow data set" refObjectId="3ca71da3-edfd-3ad6-b756-f08a12542156" version="01.00.000" uri="../flows/3ca71da3-edfd-3ad6-b756-f08a12542156">
                <common:shortDescription xml:lang="en">Bauxite, at mine</common:shortDescription>
            </referenceToFlowDataSet>
            <exchangeDirection>Output</exchangeDirection>
            <meanAmount>1.0</meanAmount>
            <resultingAmount>1.0</resultingAmount>
        </exchange>
    </exchanges>
</processDataSet>
