<?xml version="1.0" encoding="UTF-8" standalone="yes"?>
<processDataSet xmlns:m="http://lca.jrc.it/ILCD/LCIAMethod" xmlns:common="http://lca.jrc.it/ILCD/Common" xmlns:s="http://lca.jrc.it/ILCD/Source" xmlns:c="http://lca.jrc.it/ILCD/Contact" xmlns:f="http://lca.jrc.it/ILCD/Flow" xmlns="http://lca.jrc.it/ILCD/Process" xmlns:fp="http://lca.jrc.it/ILCD/FlowProperty" xmlns:u="http://lca.jrc.it/ILCD/UnitGroup" version="1.1">
    <processInformation>
        <dataSetInformation>
            <common:UUID>7bfdfa88-b857-4a4a-bbb9-3f51ddc15d30</common:UUID>
            <name>
                <baseName xml:lang="en">Natural gas, at processing, shale, kg</baseName>
            </name>
            <classificationInformation>
                <common:classification>
                    <common:class level="0" classId="d374ae23-7148-3bd0-9630-022020e9fcb9">21: Mining, Quarrying, and Oil and Gas Extraction</common:class>
                    <common:class level="1" classId="b22278b5-8607-3d1e-8456-ef3fd9a84857">2111: Oil and Gas Extraction</common:class>
                </common:classification>
            </classificationInformation>
            <common:generalComment xml:lang="en">Shale gas processing for fuel use, Data from GREET 2017. Natural gas is extracted from deep underground wells and is frequently co-produced with crude oil. Because of its gaseous nature, natural gas flows quite freely from wells which produce primarily natural gas, but some energy is required to pump natural gas and crude oil mixtures to the surface. An estimated 80 percent of natural gas is extracted onshore and 20 percent is extracted offshore. Atmospheric emissions from natural gas production result primarily from unflared venting, as well as fugitive CO2 emissions. Sulfur was given no coproduct allocation in this process.&#xD;
</common:generalComment>
        </dataSetInformation>
        <quantitativeReference type="Reference flow(s)">
            <referenceToReferenceFlow>1</referenceToReferenceFlow>
        </quantitativeReference>
        <time xmlns:olca="http://openlca.org/ilcd-extensions" olca:startDate="1483167600000" olca:endDate="1512025200000">
            <common:referenceYear>2016</common:referenceYear>
            <common:dataSetValidUntil>2017</common:dataSetValidUntil>
        </time>
        <geography>
            <locationOfOperationSupplyOrProduction location="US" latitudeAndLongitude="39.62;-98.6"/>
        </geography>
        <technology>
            <technologyDescriptionAndIncludedProcesses xml:lang="en">Unconventinal natural gas processing for fuel use</technologyDescriptionAndIncludedProcesses>
        </technology>
    </processInformation>
    <modellingAndValidation>
        <LCIMethodAndAllocation>
            <typeOfDataSet>Unit process, black box</typeOfDataSet>
            <LCIMethodPrinciple>Other</LCIMethodPrinciple>
            <deviationsFromLCIMethodPrinciple xml:lang="en">Compatible with TRACI</deviationsFromLCIMethodPrinciple>
            <modellingConstants xml:lang="en">For the shale gas processing unit process, inputs include energy sources, electricity and water and outputs include emissions to air. Natural gas is transported primarily by pipeline. Pipeline transportation data were calculated from the total marketed production of natural gas in the U.S. in 2017 (EIA, 2017b) and the annual mileage of natural gas transmission and gathering pipeline in the U.S. (PHMSA, 2018).</modellingConstants>
        </LCIMethodAndAllocation>
        <dataSourcesTreatmentAndRepresentativeness>
            <dataCutOffAndCompletenessPrinciples xml:lang="en">TREATMENT OF MISSING ENVIRONMENTAL DATA: Elementary flows are cut-off at less than 1% based on environmental relevance.&#xD;
TREATMENT OF MISSING TECHNOSPHERE DATA: Intermediate flows are cut-off is at 1%  based on environmental relevance.&#xD;
MASS BALANCE: The mass balance was calculated by a straight comparison of inputs and outputs.</dataCutOffAndCompletenessPrinciples>
            <deviationsFromCutOffAndCompletenessPrinciples xml:lang="en">None.</deviationsFromCutOffAndCompletenessPrinciples>
            <dataSelectionAndCombinationPrinciples xml:lang="en">This process contributes to the natural gas processing production mix process based on the extraction method and its percentage share in the US natural gas production mix. The percentages are based on EIA 2014 for each of the extraction type which Franklin Associates summed up to calculate the total percentages for conventional and shale gas extraction in the US natural gas production mix. </dataSelectionAndCombinationPrinciples>
            <deviationsFromSelectionAndCombinationPrinciples xml:lang="en">None.</deviationsFromSelectionAndCombinationPrinciples>
            <dataTreatmentAndExtrapolationsPrinciples xml:lang="en">The data module also apportions environmental emissions according to the percent share of conventional and unconventional natural gas.</dataTreatmentAndExtrapolationsPrinciples>
            <referenceToDataSource type="source data set" refObjectId="c011f41f-2586-45aa-96f8-4d61150136ad" version="01.00.000" uri="../sources/c011f41f-2586-45aa-96f8-4d61150136ad">
                <common:shortDescription xml:lang="en">GREET 2017</common:shortDescription>
            </referenceToDataSource>
            <referenceToDataSource type="source data set" refObjectId="27c9f186-2deb-4b3e-8054-3c8653f564a8" version="01.00.000" uri="../sources/27c9f186-2deb-4b3e-8054-3c8653f564a8">
                <common:shortDescription xml:lang="en">PHMSA, 2018</common:shortDescription>
            </referenceToDataSource>
            <referenceToDataSource type="source data set" refObjectId="3b61482c-5463-43fe-93da-d54584286949" version="01.00.000" uri="../sources/3b61482c-5463-43fe-93da-d54584286949">
                <common:shortDescription xml:lang="en">US EIA, 2017b</common:shortDescription>
            </referenceToDataSource>
            <samplingProcedure xml:lang="en">BOUNDARY CONDITIONS: The system boundary includes (1) natural gas extraction (2) energy inputs for the process, and (3) water inputs for the process.&#xD;
DATA COLLECTION: A weighted average was calculated from the processing data for conventionally and unconventionally extracted natural gas and used to develop the composite produced natural gas process. &#xD;
UNCERTAINTY ESTIMATION: All data were carefully evaluated before compiling the production-weighted average data sets used to generate results. No uncertainty analysis was carried out due to the lack of uncertainty data or probability distributions for key parameters, which are often only available as single point estimates from the producers.&#xD;
</samplingProcedure>
            <dataCollectionPeriod xml:lang="en">NETL LCA Unit Process Library, Natural gas extraction processes 2014.</dataCollectionPeriod>
        </dataSourcesTreatmentAndRepresentativeness>
        <validation>
            <review type="Not reviewed">
                <common:reviewDetails xml:lang="en">Internal review of data entry proofreading, mass balance verification and data documentation.</common:reviewDetails>
                <common:referenceToNameOfReviewerAndInstitution type="contact data set" refObjectId="38e67478-a915-43d9-ad67-e25db79a4acc" version="01.00.000" uri="../contacts/38e67478-a915-43d9-ad67-e25db79a4acc">
                    <common:shortDescription xml:lang="en">Franklin Associates, A Division of ERG</common:shortDescription>
                </common:referenceToNameOfReviewerAndInstitution>
            </review>
        </validation>
    </modellingAndValidation>
    <administrativeInformation>
        <common:commissionerAndGoal>
            <common:project xml:lang="en">GREET 2017</common:project>
            <common:intendedApplications xml:lang="en">"Accounting, with system-external interactions" - The intended application is a purely descriptive accounting / documentation of the analysed system including existing interactions with other systems in the LCI model. These data are an update to a previously published dataset which is a generic unit process data.</common:intendedApplications>
        </common:commissionerAndGoal>
        <dataGenerator>
            <common:referenceToPersonOrEntityGeneratingTheDataSet type="contact data set" refObjectId="38e67478-a915-43d9-ad67-e25db79a4acc" version="01.00.000" uri="../contacts/38e67478-a915-43d9-ad67-e25db79a4acc">
                <common:shortDescription xml:lang="en">Franklin Associates, A Division of ERG</common:shortDescription>
            </common:referenceToPersonOrEntityGeneratingTheDataSet>
        </dataGenerator>
        <dataEntryBy>
            <common:timeStamp>2019-10-15T12:34:40.568-06:00</common:timeStamp>
            <common:referenceToDataSetFormat type="source data set" refObjectId="a97a0155-0234-4b87-b4ce-a45da52f2a40" version="01.01.000" uri="../sources/a97a0155-0234-4b87-b4ce-a45da52f2a40_01.01.000.xml">
                <common:shortDescription xml:lang="en">ILCD format</common:shortDescription>
            </common:referenceToDataSetFormat>
            <common:referenceToPersonOrEntityEnteringTheData type="contact data set" refObjectId="38e67478-a915-43d9-ad67-e25db79a4acc" version="01.00.000" uri="../contacts/38e67478-a915-43d9-ad67-e25db79a4acc">
                <common:shortDescription xml:lang="en">Franklin Associates, A Division of ERG</common:shortDescription>
            </common:referenceToPersonOrEntityEnteringTheData>
        </dataEntryBy>
        <publicationAndOwnership>
            <common:dateOfLastRevision>2019-10-02T11:12:32.953-06:00</common:dateOfLastRevision>
            <common:dataSetVersion>00.00.022</common:dataSetVersion>
            <common:referenceToOwnershipOfDataSet type="contact data set" refObjectId="38e67478-a915-43d9-ad67-e25db79a4acc" version="01.00.000" uri="../contacts/38e67478-a915-43d9-ad67-e25db79a4acc">
                <common:shortDescription xml:lang="en">Franklin Associates, A Division of ERG</common:shortDescription>
            </common:referenceToOwnershipOfDataSet>
            <common:copyright>false</common:copyright>
        </publicationAndOwnership>
    </administrativeInformation>
    <exchanges>
        <exchange xmlns:olca="http://openlca.org/ilcd-extensions" dataSetInternalID="1" olca:unitId="20aadc24-a391-41cf-b340-3e4529f44bde" olca:propertyId="93a60a56-a3c8-11da-a746-0800200b9a66" olca:amount="1.0">
            <referenceToFlowDataSet type="flow data set" refObjectId="5fad297f-057e-468c-8ae1-bd4ef37514f3" version="01.00.000" uri="../flows/5fad297f-057e-468c-8ae1-bd4ef37514f3">
                <common:shortDescription xml:lang="en">Natural gas, at processing, shale, kg</common:shortDescription>
            </referenceToFlowDataSet>
            <exchangeDirection>Output</exchangeDirection>
            <meanAmount>1.0</meanAmount>
            <resultingAmount>1.0</resultingAmount>
        </exchange>
        <exchange xmlns:olca="http://openlca.org/ilcd-extensions" dataSetInternalID="4" olca:unitId="b872a063-0500-42b7-9e5d-441642d84417" olca:propertyId="93a60a56-a3c8-11da-a746-0800200b9a66" olca:amount="96.92">
            <referenceToFlowDataSet type="flow data set" refObjectId="7ae371ac-8532-11e0-9d78-0800200c9a66" version="01.00.000" uri="../flows/7ae371ac-8532-11e0-9d78-0800200c9a66">
                <common:shortDescription xml:lang="en">Carbon monoxide</common:shortDescription>
            </referenceToFlowDataSet>
            <exchangeDirection>Output</exchangeDirection>
            <meanAmount>9.692E-5</meanAmount>
            <resultingAmount>9.692E-5</resultingAmount>
        </exchange>
        <exchange xmlns:olca="http://openlca.org/ilcd-extensions" dataSetInternalID="17" olca:unitId="46930fb7-8660-42a4-983e-19cf53da740b" olca:propertyId="93a60a56-a3c8-22da-a746-0800200c9a66" olca:amount="287.54">
            <referenceToFlowDataSet type="flow data set" refObjectId="bea8ee06-61e8-4770-abce-6ed950985dfe" version="01.00.000" uri="../flows/bea8ee06-61e8-4770-abce-6ed950985dfe">
                <common:shortDescription xml:lang="en">Water, unspecified origin</common:shortDescription>
            </referenceToFlowDataSet>
            <exchangeDirection>Input</exchangeDirection>
            <meanAmount>2.8754000000000003E-4</meanAmount>
            <resultingAmount>2.8754000000000003E-4</resultingAmount>
        </exchange>
        <exchange xmlns:olca="http://openlca.org/ilcd-extensions" dataSetInternalID="6" olca:unitId="b872a063-0500-42b7-9e5d-441642d84417" olca:propertyId="93a60a56-a3c8-11da-a746-0800200b9a66" olca:amount="5.89">
            <referenceToFlowDataSet type="flow data set" refObjectId="08a91e70-3ddc-11dd-91be-0050c2490048" version="01.00.000" uri="../flows/08a91e70-3ddc-11dd-91be-0050c2490048">
                <common:shortDescription xml:lang="en">Particulates, &lt; 10 um</common:shortDescription>
            </referenceToFlowDataSet>
            <exchangeDirection>Output</exchangeDirection>
            <meanAmount>5.8899999999999995E-6</meanAmount>
            <resultingAmount>5.8899999999999995E-6</resultingAmount>
            <generalComment xml:lang="en">Represents PM &gt; 2.5 and &lt;10.</generalComment>
        </exchange>
        <exchange xmlns:olca="http://openlca.org/ilcd-extensions" dataSetInternalID="7" olca:unitId="b872a063-0500-42b7-9e5d-441642d84417" olca:propertyId="93a60a56-a3c8-11da-a746-0800200b9a66" olca:amount="5.35">
            <referenceToFlowDataSet type="flow data set" refObjectId="21e46cb8-6233-4c99-bac3-c41d2ab99498" version="01.00.000" uri="../flows/21e46cb8-6233-4c99-bac3-c41d2ab99498">
                <common:shortDescription xml:lang="en">Particulates, &lt; 2.5 um</common:shortDescription>
            </referenceToFlowDataSet>
            <exchangeDirection>Output</exchangeDirection>
            <meanAmount>5.35E-6</meanAmount>
            <resultingAmount>5.35E-6</resultingAmount>
        </exchange>
        <exchange xmlns:olca="http://openlca.org/ilcd-extensions" dataSetInternalID="13" olca:unitId="1c3a9695-398d-4b1f-b07e-a8715b610f70" olca:propertyId="93a60a56-a3c8-22da-a746-0800200c9a66" olca:amount="6.80109E-4">
            <referenceToFlowDataSet type="flow data set" refObjectId="bb1dc159-fe13-3f8e-8197-361e8c770ba3" version="01.00.000" uri="../flows/bb1dc159-fe13-3f8e-8197-361e8c770ba3">
                <common:shortDescription xml:lang="en">Natural gas, combusted in industrial boiler</common:shortDescription>
            </referenceToFlowDataSet>
            <exchangeDirection>Input</exchangeDirection>
            <meanAmount>6.80109E-4</meanAmount>
            <resultingAmount>6.80109E-4</resultingAmount>
        </exchange>
        <exchange xmlns:olca="http://openlca.org/ilcd-extensions" dataSetInternalID="14" olca:unitId="3cc51ae9-b993-4a3d-964e-0aed8d7f3966" olca:propertyId="838aaa20-0117-11db-92e3-0800200c9a66" olca:amount="2.62E-4">
            <referenceToFlowDataSet type="flow data set" refObjectId="057a281a-908b-3adf-8f51-ed79fe5c5a9b" version="01.00.000" uri="../flows/057a281a-908b-3adf-8f51-ed79fe5c5a9b">
                <common:shortDescription xml:lang="en">Transport, pipeline, natural gas</common:shortDescription>
            </referenceToFlowDataSet>
            <exchangeDirection>Input</exchangeDirection>
            <meanAmount>4.216481280000001E-4</meanAmount>
            <resultingAmount>4.216481280000001E-4</resultingAmount>
        </exchange>
        <exchange xmlns:olca="http://openlca.org/ilcd-extensions" dataSetInternalID="5" olca:unitId="e1317ffc-7f83-4a85-bc65-4fb229a25cf8" olca:propertyId="93a60a56-a3c8-11da-a746-0800200b9a66" olca:amount="0.13">
            <referenceToFlowDataSet type="flow data set" refObjectId="c1b91234-6f24-417b-8309-46111d09c457" version="01.00.000" uri="../flows/c1b91234-6f24-417b-8309-46111d09c457">
                <common:shortDescription xml:lang="en">Nitrogen oxides</common:shortDescription>
            </referenceToFlowDataSet>
            <exchangeDirection>Output</exchangeDirection>
            <meanAmount>1.3000000000000002E-4</meanAmount>
            <resultingAmount>1.3000000000000002E-4</resultingAmount>
        </exchange>
        <exchange xmlns:olca="http://openlca.org/ilcd-extensions" dataSetInternalID="8" olca:unitId="e1317ffc-7f83-4a85-bc65-4fb229a25cf8" olca:propertyId="93a60a56-a3c8-11da-a746-0800200b9a66" olca:amount="0.45">
            <referenceToFlowDataSet type="flow data set" refObjectId="fd7aa71c-508c-480d-81a6-8052aad92646" version="01.00.000" uri="../flows/fd7aa71c-508c-480d-81a6-8052aad92646">
                <common:shortDescription xml:lang="en">Sulfur dioxide</common:shortDescription>
            </referenceToFlowDataSet>
            <exchangeDirection>Output</exchangeDirection>
            <meanAmount>4.5000000000000004E-4</meanAmount>
            <resultingAmount>4.5000000000000004E-4</resultingAmount>
        </exchange>
        <exchange xmlns:olca="http://openlca.org/ilcd-extensions" dataSetInternalID="12" olca:unitId="b80a512e-e402-4363-8ad0-7d02dcf4a459" olca:propertyId="93a60a56-a3c8-22da-a746-0800200c9a66" olca:amount="3.32E-4">
            <referenceToFlowDataSet type="flow data set" refObjectId="d815ff18-015c-3afb-be18-be03bdf325da" version="01.00.000" uri="../flows/d815ff18-015c-3afb-be18-be03bdf325da">
                <common:shortDescription xml:lang="en">Diesel, combusted in industrial equipment</common:shortDescription>
            </referenceToFlowDataSet>
            <exchangeDirection>Input</exchangeDirection>
            <meanAmount>3.32E-7</meanAmount>
            <resultingAmount>3.32E-7</resultingAmount>
        </exchange>
        <exchange xmlns:olca="http://openlca.org/ilcd-extensions" dataSetInternalID="16" olca:unitId="f4119718-2d50-47fe-9154-cab6fd2d30eb" olca:propertyId="f6811440-ee37-11de-8a39-0800200c9a66" olca:amount="38.5">
            <referenceToFlowDataSet type="flow data set" refObjectId="06581fb2-1de0-3e78-8298-f37605dea142" version="01.00.000" uri="../flows/06581fb2-1de0-3e78-8298-f37605dea142">
                <common:shortDescription xml:lang="en">Electricity, at grid</common:shortDescription>
            </referenceToFlowDataSet>
            <exchangeDirection>Input</exchangeDirection>
            <meanAmount>0.0385</meanAmount>
            <resultingAmount>0.0385</resultingAmount>
        </exchange>
        <exchange xmlns:olca="http://openlca.org/ilcd-extensions" dataSetInternalID="11" olca:unitId="20aadc24-a391-41cf-b340-3e4529f44bde" olca:propertyId="93a60a56-a3c8-11da-a746-0800200b9a66" olca:amount="0.1">
            <referenceToFlowDataSet type="flow data set" refObjectId="349b29d1-3e58-4c66-98b9-9d1a076efd2e" version="01.00.000" uri="../flows/349b29d1-3e58-4c66-98b9-9d1a076efd2e">
                <common:shortDescription xml:lang="en">Carbon dioxide, fossil</common:shortDescription>
            </referenceToFlowDataSet>
            <exchangeDirection>Output</exchangeDirection>
            <meanAmount>0.1</meanAmount>
            <resultingAmount>0.1</resultingAmount>
        </exchange>
        <exchange xmlns:olca="http://openlca.org/ilcd-extensions" dataSetInternalID="15" olca:unitId="20aadc24-a391-41cf-b340-3e4529f44bde" olca:propertyId="93a60a56-a3c8-11da-a746-0800200b9a66" olca:amount="1.0">
            <referenceToFlowDataSet type="flow data set" refObjectId="c1618370-1fc6-45fc-a2cc-2458bc9ddf6a" version="01.00.000" uri="../flows/c1618370-1fc6-45fc-a2cc-2458bc9ddf6a">
                <common:shortDescription xml:lang="en">Natural gas, at extraction, composite, kg</common:shortDescription>
            </referenceToFlowDataSet>
            <exchangeDirection>Input</exchangeDirection>
            <meanAmount>1.0</meanAmount>
            <resultingAmount>1.0</resultingAmount>
        </exchange>
        <exchange xmlns:olca="http://openlca.org/ilcd-extensions" dataSetInternalID="10" olca:unitId="b872a063-0500-42b7-9e5d-441642d84417" olca:propertyId="93a60a56-a3c8-11da-a746-0800200b9a66" olca:amount="0.65">
            <referenceToFlowDataSet type="flow data set" refObjectId="0b7e10a8-6ca0-4a50-a39b-f2a019cb3610" version="01.00.000" uri="../flows/0b7e10a8-6ca0-4a50-a39b-f2a019cb3610">
                <common:shortDescription xml:lang="en">Nitrogen dioxide</common:shortDescription>
            </referenceToFlowDataSet>
            <exchangeDirection>Output</exchangeDirection>
            <meanAmount>6.5E-7</meanAmount>
            <resultingAmount>6.5E-7</resultingAmount>
        </exchange>
        <exchange xmlns:olca="http://openlca.org/ilcd-extensions" dataSetInternalID="9" olca:unitId="e1317ffc-7f83-4a85-bc65-4fb229a25cf8" olca:propertyId="93a60a56-a3c8-11da-a746-0800200b9a66" olca:amount="0.27">
            <referenceToFlowDataSet type="flow data set" refObjectId="20408dd1-8534-11e0-9d78-0800200c9a66" version="01.00.000" uri="../flows/20408dd1-8534-11e0-9d78-0800200c9a66">
                <common:shortDescription xml:lang="en">Methane</common:shortDescription>
            </referenceToFlowDataSet>
            <exchangeDirection>Output</exchangeDirection>
            <meanAmount>2.7E-4</meanAmount>
            <resultingAmount>2.7E-4</resultingAmount>
        </exchange>
        <exchange xmlns:olca="http://openlca.org/ilcd-extensions" dataSetInternalID="3" olca:unitId="e1317ffc-7f83-4a85-bc65-4fb229a25cf8" olca:propertyId="93a60a56-a3c8-11da-a746-0800200b9a66" olca:amount="0.2">
            <referenceToFlowDataSet type="flow data set" refObjectId="a028e2af-de2b-4e29-9d6b-a56d6a50f10f" version="01.00.000" uri="../flows/a028e2af-de2b-4e29-9d6b-a56d6a50f10f">
                <common:shortDescription xml:lang="en">VOC, volatile organic compounds, unspecified origin</common:shortDescription>
            </referenceToFlowDataSet>
            <exchangeDirection>Output</exchangeDirection>
            <meanAmount>2.0E-4</meanAmount>
            <resultingAmount>2.0E-4</resultingAmount>
        </exchange>
    </exchanges>
</processDataSet>
