<?xml version="1.0" encoding="UTF-8" standalone="yes"?>
<processDataSet xmlns:m="http://lca.jrc.it/ILCD/LCIAMethod" xmlns:common="http://lca.jrc.it/ILCD/Common" xmlns:s="http://lca.jrc.it/ILCD/Source" xmlns:c="http://lca.jrc.it/ILCD/Contact" xmlns:f="http://lca.jrc.it/ILCD/Flow" xmlns="http://lca.jrc.it/ILCD/Process" xmlns:fp="http://lca.jrc.it/ILCD/FlowProperty" xmlns:u="http://lca.jrc.it/ILCD/UnitGroup" version="1.1">
    <processInformation>
        <dataSetInformation>
            <common:UUID>9a2fa4bc-32f7-31a1-99d4-7b8c6e0c9aa9</common:UUID>
            <name>
                <baseName xml:lang="en">Natural gas, processed, for olefins production, at plant</baseName>
            </name>
            <classificationInformation>
                <common:classification>
                    <common:class level="0" classId="d374ae23-7148-3bd0-9630-022020e9fcb9">21: Mining, Quarrying, and Oil and Gas Extraction</common:class>
                    <common:class level="1" classId="b22278b5-8607-3d1e-8456-ef3fd9a84857">2111: Oil and Gas Extraction</common:class>
                </common:classification>
            </classificationInformation>
            <common:generalComment xml:lang="en">Sulfur was given no coproduct allocation in this process. The amount of H2S in the sour natural gas varies widely depending on where it is extracted. Complete inventory data and metadata are available in full in the final report and appendices, Cradle-to-Gate Life Cycle Inventory of Nine Plastic Resins and Four Polyurethane Precursors. This report has been extensively reviewed within Franklin Associates and has undergone partial critical review by ACC Plastics Division members and is available at: www.americanchemistry.com. Quantities may vary slightly between the reference to main source and and this module due to rounding. Important note: although most of the data in the US LCI database has undergone some sort of review, the database as a whole has not yet undergone a formal validation process.  Please email comments to lci@nrel.gov.</common:generalComment>
        </dataSetInformation>
        <quantitativeReference type="Reference flow(s)">
            <referenceToReferenceFlow>1</referenceToReferenceFlow>
        </quantitativeReference>
        <time xmlns:olca="http://openlca.org/ilcd-extensions" olca:startDate="1041318000000" olca:endDate="1041318000000">
            <common:referenceYear>2002</common:referenceYear>
            <common:dataSetValidUntil>2002</common:dataSetValidUntil>
        </time>
        <geography>
            <locationOfOperationSupplyOrProduction location="RNA" latitudeAndLongitude="58.71;-91.96">
                <descriptionOfRestrictions xml:lang="en">North America (US and Canada)</descriptionOfRestrictions>
            </locationOfOperationSupplyOrProduction>
        </geography>
        <technology>
            <technologyDescriptionAndIncludedProcesses xml:lang="en">Removal of heavier hydrocarbons followed by hydrogen sulfide removal with amine solution</technologyDescriptionAndIncludedProcesses>
        </technology>
    </processInformation>
    <modellingAndValidation>
        <LCIMethodAndAllocation>
            <typeOfDataSet>Unit process, black box</typeOfDataSet>
            <LCIMethodPrinciple>Other</LCIMethodPrinciple>
        </LCIMethodAndAllocation>
        <dataSourcesTreatmentAndRepresentativeness>
            <deviationsFromCutOffAndCompletenessPrinciples xml:lang="en">None.</deviationsFromCutOffAndCompletenessPrinciples>
            <deviationsFromSelectionAndCombinationPrinciples xml:lang="en">None.</deviationsFromSelectionAndCombinationPrinciples>
            <referenceToDataSource type="source data set" refObjectId="bf627fcb-bea3-3085-87ee-2d24ac940458" version="01.00.000" uri="../sources/bf627fcb-bea3-3085-87ee-2d24ac940458">
                <common:shortDescription xml:lang="en">THE PLASTICS DIVISION OF 
THE AMERICAN C </common:shortDescription>
            </referenceToDataSource>
            <samplingProcedure xml:lang="en">Data collected from secondary sources.</samplingProcedure>
        </dataSourcesTreatmentAndRepresentativeness>
    </modellingAndValidation>
    <administrativeInformation>
        <dataGenerator>
            <common:referenceToPersonOrEntityGeneratingTheDataSet type="contact data set" refObjectId="721bcfe4-ee92-33bc-a9bd-bbf5ba3cb52d" version="01.00.000" uri="../contacts/721bcfe4-ee92-33bc-a9bd-bbf5ba3cb52d">
                <common:shortDescription xml:lang="en">Franklin Associates</common:shortDescription>
            </common:referenceToPersonOrEntityGeneratingTheDataSet>
        </dataGenerator>
        <dataEntryBy>
            <common:timeStamp>2019-10-15T12:34:38.409-06:00</common:timeStamp>
            <common:referenceToDataSetFormat type="source data set" refObjectId="a97a0155-0234-4b87-b4ce-a45da52f2a40" version="01.01.000" uri="../sources/a97a0155-0234-4b87-b4ce-a45da52f2a40_01.01.000.xml">
                <common:shortDescription xml:lang="en">ILCD format</common:shortDescription>
            </common:referenceToDataSetFormat>
            <common:referenceToPersonOrEntityEnteringTheData type="contact data set" refObjectId="721bcfe4-ee92-33bc-a9bd-bbf5ba3cb52d" version="01.00.000" uri="../contacts/721bcfe4-ee92-33bc-a9bd-bbf5ba3cb52d">
                <common:shortDescription xml:lang="en">Franklin Associates</common:shortDescription>
            </common:referenceToPersonOrEntityEnteringTheData>
        </dataEntryBy>
        <publicationAndOwnership>
            <common:dateOfLastRevision>2019-08-12T18:52:38.667-06:00</common:dateOfLastRevision>
            <common:dataSetVersion>00.00.003</common:dataSetVersion>
            <common:referenceToUnchangedRepublication type="source data set" refObjectId="bf627fcb-bea3-3085-87ee-2d24ac940458" version="01.00.000" uri="../sources/bf627fcb-bea3-3085-87ee-2d24ac940458">
                <common:shortDescription xml:lang="en">THE PLASTICS DIVISION OF 
THE AMERICAN C </common:shortDescription>
            </common:referenceToUnchangedRepublication>
            <common:copyright>false</common:copyright>
            <common:accessRestrictions xml:lang="en">All information can be accessed by everybody.</common:accessRestrictions>
        </publicationAndOwnership>
    </administrativeInformation>
    <exchanges>
        <exchange xmlns:olca="http://openlca.org/ilcd-extensions" dataSetInternalID="4" olca:unitId="20aadc24-a391-41cf-b340-3e4529f44bde" olca:propertyId="93a60a56-a3c8-11da-a746-0800200b9a66" olca:amount="9.6E-5">
            <referenceToFlowDataSet type="flow data set" refObjectId="0ba9c977-5398-3e0f-b3c9-d922e39d7894" version="01.00.000" uri="../flows/0ba9c977-5398-3e0f-b3c9-d922e39d7894">
                <common:shortDescription xml:lang="en">Benzene</common:shortDescription>
            </referenceToFlowDataSet>
            <exchangeDirection>Output</exchangeDirection>
            <meanAmount>9.6E-5</meanAmount>
            <resultingAmount>9.6E-5</resultingAmount>
        </exchange>
        <exchange xmlns:olca="http://openlca.org/ilcd-extensions" dataSetInternalID="7" olca:unitId="1c3a9695-398d-4b1f-b07e-a8715b610f70" olca:propertyId="93a60a56-a3c8-22da-a746-0800200c9a66" olca:amount="4.76E-5">
            <referenceToFlowDataSet type="flow data set" refObjectId="bc38e349-1ccf-3855-a615-a4f581ab875b" version="01.00.000" uri="../flows/bc38e349-1ccf-3855-a615-a4f581ab875b">
                <common:shortDescription xml:lang="en">Gasoline, combusted in equipment</common:shortDescription>
            </referenceToFlowDataSet>
            <exchangeDirection>Input</exchangeDirection>
            <meanAmount>4.76E-5</meanAmount>
            <resultingAmount>4.76E-5</resultingAmount>
        </exchange>
        <exchange xmlns:olca="http://openlca.org/ilcd-extensions" dataSetInternalID="14" olca:unitId="20aadc24-a391-41cf-b340-3e4529f44bde" olca:propertyId="93a60a56-a3c8-11da-a746-0800200b9a66" olca:amount="8.7E-5">
            <referenceToFlowDataSet type="flow data set" refObjectId="ba21b581-543c-38df-b9b5-3f94fa5053e4" version="01.00.000" uri="../flows/ba21b581-543c-38df-b9b5-3f94fa5053e4">
                <common:shortDescription xml:lang="en">Xylene</common:shortDescription>
            </referenceToFlowDataSet>
            <exchangeDirection>Output</exchangeDirection>
            <meanAmount>8.7E-5</meanAmount>
            <resultingAmount>8.7E-5</resultingAmount>
        </exchange>
        <exchange xmlns:olca="http://openlca.org/ilcd-extensions" dataSetInternalID="5" olca:unitId="20aadc24-a391-41cf-b340-3e4529f44bde" olca:propertyId="93a60a56-a3c8-11da-a746-0800200b9a66" olca:amount="1.2E-5">
            <referenceToFlowDataSet type="flow data set" refObjectId="0a7c4d6c-8916-38c0-91af-8c41addd2588" version="01.00.000" uri="../flows/0a7c4d6c-8916-38c0-91af-8c41addd2588">
                <common:shortDescription xml:lang="en">Benzene, ethyl-</common:shortDescription>
            </referenceToFlowDataSet>
            <exchangeDirection>Output</exchangeDirection>
            <meanAmount>1.2E-5</meanAmount>
            <resultingAmount>1.2E-5</resultingAmount>
        </exchange>
        <exchange xmlns:olca="http://openlca.org/ilcd-extensions" dataSetInternalID="8" olca:unitId="20aadc24-a391-41cf-b340-3e4529f44bde" olca:propertyId="93a60a56-a3c8-11da-a746-0800200b9a66" olca:amount="0.0019">
            <referenceToFlowDataSet type="flow data set" refObjectId="fd7aa71c-508c-480d-81a6-8052aad92646" version="01.00.000" uri="../flows/fd7aa71c-508c-480d-81a6-8052aad92646">
                <common:shortDescription xml:lang="en">Sulfur dioxide</common:shortDescription>
            </referenceToFlowDataSet>
            <exchangeDirection>Output</exchangeDirection>
            <meanAmount>0.0019</meanAmount>
            <resultingAmount>0.0019</resultingAmount>
        </exchange>
        <exchange xmlns:olca="http://openlca.org/ilcd-extensions" dataSetInternalID="3" olca:unitId="1c3a9695-398d-4b1f-b07e-a8715b610f70" olca:propertyId="93a60a56-a3c8-22da-a746-0800200c9a66" olca:amount="4.96E-5">
            <referenceToFlowDataSet type="flow data set" refObjectId="654a5cf6-185f-3d91-89ef-42442d1825e8" version="01.00.000" uri="../flows/654a5cf6-185f-3d91-89ef-42442d1825e8">
                <common:shortDescription xml:lang="en">Residual fuel oil, combusted in industrial boiler</common:shortDescription>
            </referenceToFlowDataSet>
            <exchangeDirection>Input</exchangeDirection>
            <meanAmount>4.96E-5</meanAmount>
            <resultingAmount>4.96E-5</resultingAmount>
        </exchange>
        <exchange xmlns:olca="http://openlca.org/ilcd-extensions" dataSetInternalID="15" olca:unitId="20aadc24-a391-41cf-b340-3e4529f44bde" olca:propertyId="93a60a56-a3c8-11da-a746-0800200b9a66" olca:amount="7.7E-4">
            <referenceToFlowDataSet type="flow data set" refObjectId="7ae3bfc4-8532-11e0-9d78-0800200c9a66" version="01.00.000" uri="../flows/7ae3bfc4-8532-11e0-9d78-0800200c9a66">
                <common:shortDescription xml:lang="en">VOC, volatile organic compounds</common:shortDescription>
            </referenceToFlowDataSet>
            <exchangeDirection>Output</exchangeDirection>
            <meanAmount>7.7E-4</meanAmount>
            <resultingAmount>7.7E-4</resultingAmount>
        </exchange>
        <exchange xmlns:olca="http://openlca.org/ilcd-extensions" dataSetInternalID="6" olca:unitId="20aadc24-a391-41cf-b340-3e4529f44bde" olca:propertyId="93a60a56-a3c8-11da-a746-0800200b9a66" olca:amount="1.01">
            <referenceToFlowDataSet type="flow data set" refObjectId="f8f274bf-d047-3676-be1a-753ba2f6f965" version="01.00.000" uri="../flows/f8f274bf-d047-3676-be1a-753ba2f6f965">
                <common:shortDescription xml:lang="en">Natural gas, extracted, 0.7369 kg/m3</common:shortDescription>
            </referenceToFlowDataSet>
            <exchangeDirection>Input</exchangeDirection>
            <meanAmount>1.01</meanAmount>
            <resultingAmount>1.01</resultingAmount>
            <generalComment xml:lang="en">This weight reflects material loss at processing.  MATERIAL USE.</generalComment>
        </exchange>
        <exchange xmlns:olca="http://openlca.org/ilcd-extensions" dataSetInternalID="13" olca:unitId="1c3a9695-398d-4b1f-b07e-a8715b610f70" olca:propertyId="93a60a56-a3c8-22da-a746-0800200c9a66" olca:amount="5.02E-5">
            <referenceToFlowDataSet type="flow data set" refObjectId="d815ff18-015c-3afb-be18-be03bdf325da" version="01.00.000" uri="../flows/d815ff18-015c-3afb-be18-be03bdf325da">
                <common:shortDescription xml:lang="en">Diesel, combusted in industrial equipment</common:shortDescription>
            </referenceToFlowDataSet>
            <exchangeDirection>Input</exchangeDirection>
            <meanAmount>5.02E-5</meanAmount>
            <resultingAmount>5.02E-5</resultingAmount>
            <generalComment xml:lang="en">Includes diesel fuel and distillate oil amounts.</generalComment>
        </exchange>
        <exchange xmlns:olca="http://openlca.org/ilcd-extensions" dataSetInternalID="9" olca:unitId="20aadc24-a391-41cf-b340-3e4529f44bde" olca:propertyId="93a60a56-a3c8-11da-a746-0800200b9a66" olca:amount="0.053">
            <referenceToFlowDataSet type="flow data set" refObjectId="63af114b-afcb-3a82-801a-9c66208a673a" version="01.00.000" uri="../flows/63af114b-afcb-3a82-801a-9c66208a673a">
                <common:shortDescription xml:lang="en">Carbon dioxide, fossil </common:shortDescription>
            </referenceToFlowDataSet>
            <exchangeDirection>Output</exchangeDirection>
            <meanAmount>0.053</meanAmount>
            <resultingAmount>0.053</resultingAmount>
            <generalComment xml:lang="en">Updated to reflect the amount of carbon dioxide in extracted natural gas that is removed and vented during acid gas removal; Value calculated from the US GHG Inventory and EIA processed natural gas (2007).</generalComment>
        </exchange>
        <exchange xmlns:olca="http://openlca.org/ilcd-extensions" dataSetInternalID="1" olca:unitId="20aadc24-a391-41cf-b340-3e4529f44bde" olca:propertyId="93a60a56-a3c8-11da-a746-0800200b9a66" olca:amount="1.0">
            <referenceToFlowDataSet type="flow data set" refObjectId="5346e475-e7c4-38bf-b1b7-8c23549d2081" version="01.00.000" uri="../flows/5346e475-e7c4-38bf-b1b7-8c23549d2081">
                <common:shortDescription xml:lang="en">Natural gas, processed, at plant, 0.7369 kg/m3</common:shortDescription>
            </referenceToFlowDataSet>
            <exchangeDirection>Output</exchangeDirection>
            <meanAmount>1.0</meanAmount>
            <resultingAmount>1.0</resultingAmount>
        </exchange>
        <exchange xmlns:olca="http://openlca.org/ilcd-extensions" dataSetInternalID="12" olca:unitId="20aadc24-a391-41cf-b340-3e4529f44bde" olca:propertyId="93a60a56-a3c8-11da-a746-0800200b9a66" olca:amount="1.5E-4">
            <referenceToFlowDataSet type="flow data set" refObjectId="73d49c21-3419-3a99-98de-75152649f291" version="01.00.000" uri="../flows/73d49c21-3419-3a99-98de-75152649f291">
                <common:shortDescription xml:lang="en">Toluene</common:shortDescription>
            </referenceToFlowDataSet>
            <exchangeDirection>Output</exchangeDirection>
            <meanAmount>1.5E-4</meanAmount>
            <resultingAmount>1.5E-4</resultingAmount>
        </exchange>
        <exchange xmlns:olca="http://openlca.org/ilcd-extensions" dataSetInternalID="10" olca:unitId="20aadc24-a391-41cf-b340-3e4529f44bde" olca:propertyId="93a60a56-a3c8-11da-a746-0800200b9a66" olca:amount="0.0019">
            <referenceToFlowDataSet type="flow data set" refObjectId="0795345f-c7ae-410c-ad25-1845784c75f5" version="01.00.000" uri="../flows/0795345f-c7ae-410c-ad25-1845784c75f5">
                <common:shortDescription xml:lang="en">Methane, fossil</common:shortDescription>
            </referenceToFlowDataSet>
            <exchangeDirection>Output</exchangeDirection>
            <meanAmount>0.0019</meanAmount>
            <resultingAmount>0.0019</resultingAmount>
            <generalComment xml:lang="en">Updated to adjust for the percentages of natural gas sweetened with and without sulfur recovery and for the hydrogen sulfide concentration in each fraction (previous value assumed all sour gas hydrogen sulfide content and that all hydrogen sulfide was converted to sulfur dioxide).</generalComment>
        </exchange>
        <exchange xmlns:olca="http://openlca.org/ilcd-extensions" dataSetInternalID="2" olca:unitId="52765a6c-3896-43c2-b2f4-c679acf13efe" olca:propertyId="f6811440-ee37-11de-8a39-0800200c9a66" olca:amount="0.0213">
            <referenceToFlowDataSet type="flow data set" refObjectId="06581fb2-1de0-3e78-8298-f37605dea142" version="01.00.000" uri="../flows/06581fb2-1de0-3e78-8298-f37605dea142">
                <common:shortDescription xml:lang="en">Electricity, at grid</common:shortDescription>
            </referenceToFlowDataSet>
            <exchangeDirection>Input</exchangeDirection>
            <meanAmount>0.0213</meanAmount>
            <resultingAmount>0.0213</resultingAmount>
        </exchange>
        <exchange xmlns:olca="http://openlca.org/ilcd-extensions" dataSetInternalID="11" olca:unitId="1c3a9695-398d-4b1f-b07e-a8715b610f70" olca:propertyId="93a60a56-a3c8-22da-a746-0800200c9a66" olca:amount="0.0346">
            <referenceToFlowDataSet type="flow data set" refObjectId="bb1dc159-fe13-3f8e-8197-361e8c770ba3" version="01.00.000" uri="../flows/bb1dc159-fe13-3f8e-8197-361e8c770ba3">
                <common:shortDescription xml:lang="en">Natural gas, combusted in industrial boiler</common:shortDescription>
            </referenceToFlowDataSet>
            <exchangeDirection>Input</exchangeDirection>
            <meanAmount>0.0346</meanAmount>
            <resultingAmount>0.0346</resultingAmount>
        </exchange>
    </exchanges>
</processDataSet>
