<?xml version="1.0" encoding="UTF-8" standalone="yes"?>
<processDataSet xmlns:m="http://lca.jrc.it/ILCD/LCIAMethod" xmlns:common="http://lca.jrc.it/ILCD/Common" xmlns:s="http://lca.jrc.it/ILCD/Source" xmlns:c="http://lca.jrc.it/ILCD/Contact" xmlns:f="http://lca.jrc.it/ILCD/Flow" xmlns="http://lca.jrc.it/ILCD/Process" xmlns:fp="http://lca.jrc.it/ILCD/FlowProperty" xmlns:u="http://lca.jrc.it/ILCD/UnitGroup" version="1.1">
    <processInformation>
        <dataSetInformation>
            <common:UUID>ae8c5758-4473-3791-9339-22ff52cacb23</common:UUID>
            <name>
                <baseName xml:lang="en">Lignite coal, at surface mine</baseName>
            </name>
            <classificationInformation>
                <common:classification>
                    <common:class level="0" classId="d374ae23-7148-3bd0-9630-022020e9fcb9">21: Mining, Quarrying, and Oil and Gas Extraction</common:class>
                    <common:class level="1" classId="8375ea8d-e1ac-35d9-8d8f-632a9ab8884b">2121: Coal Mining</common:class>
                </common:classification>
            </classificationInformation>
            <common:generalComment xml:lang="en">
Important note: although most of the data in the US LCI database has 
undergone some sort of review, the database as a whole has not yet 
undergone a formal validation process.
Please email comments to lci@nrel.gov.</common:generalComment>
        </dataSetInformation>
        <quantitativeReference type="Reference flow(s)">
            <referenceToReferenceFlow>1</referenceToReferenceFlow>
        </quantitativeReference>
        <time xmlns:olca="http://openlca.org/ilcd-extensions" olca:startDate="725785200000" olca:endDate="1009782000000">
            <common:referenceYear>1992</common:referenceYear>
            <common:dataSetValidUntil>2001</common:dataSetValidUntil>
        </time>
        <geography>
            <locationOfOperationSupplyOrProduction location="RNA" latitudeAndLongitude="58.71;-91.96">
                <descriptionOfRestrictions xml:lang="en">United States</descriptionOfRestrictions>
            </locationOfOperationSupplyOrProduction>
        </geography>
        <technology>
            <technologyDescriptionAndIncludedProcesses xml:lang="en">Surface mining of shallow lignite deposits.</technologyDescriptionAndIncludedProcesses>
        </technology>
    </processInformation>
    <modellingAndValidation>
        <LCIMethodAndAllocation>
            <typeOfDataSet>Unit process, black box</typeOfDataSet>
            <LCIMethodPrinciple>Other</LCIMethodPrinciple>
        </LCIMethodAndAllocation>
        <dataSourcesTreatmentAndRepresentativeness>
            <deviationsFromCutOffAndCompletenessPrinciples xml:lang="en">None.</deviationsFromCutOffAndCompletenessPrinciples>
            <deviationsFromSelectionAndCombinationPrinciples xml:lang="en">None.</deviationsFromSelectionAndCombinationPrinciples>
            <referenceToDataSource type="source data set" refObjectId="8e430cc7-7892-3631-842d-4a13eb3f600d" version="01.00.000" uri="../sources/8e430cc7-7892-3631-842d-4a13eb3f600d">
                <common:shortDescription xml:lang="en">Energy Information Administration </common:shortDescription>
            </referenceToDataSource>
            <referenceToDataSource type="source data set" refObjectId="5e00a3a6-1ee0-3223-8a4c-901f22e472da" version="01.00.000" uri="../sources/5e00a3a6-1ee0-3223-8a4c-901f22e472da">
                <common:shortDescription xml:lang="en">Franklin Associates </common:shortDescription>
            </referenceToDataSource>
            <referenceToDataSource type="source data set" refObjectId="dc7b97f7-7e5c-3fcb-8955-836fe23d2d39" version="01.00.000" uri="../sources/dc7b97f7-7e5c-3fcb-8955-836fe23d2d39">
                <common:shortDescription xml:lang="en">unspecified </common:shortDescription>
            </referenceToDataSource>
            <referenceToDataSource type="source data set" refObjectId="a8a675f4-5cb4-38a9-bef6-b4a43e9e8e5d" version="01.00.000" uri="../sources/a8a675f4-5cb4-38a9-bef6-b4a43e9e8e5d">
                <common:shortDescription xml:lang="en">unspecified </common:shortDescription>
            </referenceToDataSource>
            <referenceToDataSource type="source data set" refObjectId="62bda50e-863f-3760-8912-ad142686cda8" version="01.00.000" uri="../sources/62bda50e-863f-3760-8912-ad142686cda8">
                <common:shortDescription xml:lang="en">unspecified </common:shortDescription>
            </referenceToDataSource>
            <referenceToDataSource type="source data set" refObjectId="e6a55661-8d1a-3a5f-a408-52c6f9be1d33" version="01.00.000" uri="../sources/e6a55661-8d1a-3a5f-a408-52c6f9be1d33">
                <common:shortDescription xml:lang="en">D.A. Kirchgessner </common:shortDescription>
            </referenceToDataSource>
            <referenceToDataSource type="source data set" refObjectId="cab575ed-c97b-32bd-b5ac-80503154ebed" version="01.00.000" uri="../sources/cab575ed-c97b-32bd-b5ac-80503154ebed">
                <common:shortDescription xml:lang="en">U.S. Census bureau </common:shortDescription>
            </referenceToDataSource>
            <referenceToDataSource type="source data set" refObjectId="33fca476-f58c-3ad0-96d9-26876f57bb5f" version="01.00.000" uri="../sources/33fca476-f58c-3ad0-96d9-26876f57bb5f">
                <common:shortDescription xml:lang="en">unspecified </common:shortDescription>
            </referenceToDataSource>
            <referenceToDataSource type="source data set" refObjectId="c3638522-bdba-3df4-8d63-326babc5166c" version="01.00.000" uri="../sources/c3638522-bdba-3df4-8d63-326babc5166c">
                <common:shortDescription xml:lang="en">unspecified </common:shortDescription>
            </referenceToDataSource>
            <referenceToDataSource type="source data set" refObjectId="ea6266b7-5ee0-3855-acf5-532dfd8b1a62" version="01.00.000" uri="../sources/ea6266b7-5ee0-3855-acf5-532dfd8b1a62">
                <common:shortDescription xml:lang="en">Energy Information Administration </common:shortDescription>
            </referenceToDataSource>
            <referenceToDataSource type="source data set" refObjectId="88ca590b-ba12-3cc7-a603-1b5cbff81af9" version="01.00.000" uri="../sources/88ca590b-ba12-3cc7-a603-1b5cbff81af9">
                <common:shortDescription xml:lang="en">Energy Information Administration </common:shortDescription>
            </referenceToDataSource>
            <referenceToDataSource type="source data set" refObjectId="635f83e0-91d3-365c-92ae-6fbb32b9016d" version="01.00.000" uri="../sources/635f83e0-91d3-365c-92ae-6fbb32b9016d">
                <common:shortDescription xml:lang="en">US LCI Mini-Report with Sources Detail </common:shortDescription>
            </referenceToDataSource>
            <referenceToDataSource type="source data set" refObjectId="4c640d55-6a29-3566-8cc5-93e8d3fd146b" version="01.00.000" uri="../sources/4c640d55-6a29-3566-8cc5-93e8d3fd146b">
                <common:shortDescription xml:lang="en">Energy Information Administration </common:shortDescription>
            </referenceToDataSource>
            <referenceToDataSource type="source data set" refObjectId="efe8b206-d7cc-3bd4-af63-b85659ffd048" version="01.00.000" uri="../sources/efe8b206-d7cc-3bd4-af63-b85659ffd048">
                <common:shortDescription xml:lang="en">unspecified </common:shortDescription>
            </referenceToDataSource>
            <referenceToDataSource type="source data set" refObjectId="19918d7a-0419-308b-b611-1dbfef164656" version="01.00.000" uri="../sources/19918d7a-0419-308b-b611-1dbfef164656">
                <common:shortDescription xml:lang="en">U.S. Department of Energy </common:shortDescription>
            </referenceToDataSource>
            <referenceToDataSource type="source data set" refObjectId="47dddf2e-e123-39e9-a812-3af9081792cc" version="01.00.000" uri="../sources/47dddf2e-e123-39e9-a812-3af9081792cc">
                <common:shortDescription xml:lang="en">Hong, B.D </common:shortDescription>
            </referenceToDataSource>
            <referenceToDataSource type="source data set" refObjectId="bc226a9c-3ef5-3097-a7a1-9841085f4bb0" version="01.00.000" uri="../sources/bc226a9c-3ef5-3097-a7a1-9841085f4bb0">
                <common:shortDescription xml:lang="en">Energy Information Administration </common:shortDescription>
            </referenceToDataSource>
            <referenceToDataSource type="source data set" refObjectId="45effce5-f5a2-36d9-aae7-ebc5a8fba151" version="01.00.000" uri="../sources/45effce5-f5a2-36d9-aae7-ebc5a8fba151">
                <common:shortDescription xml:lang="en">Energy Information Administration </common:shortDescription>
            </referenceToDataSource>
            <referenceToDataSource type="source data set" refObjectId="bdf607ee-e697-3344-8a46-68c969ea0a88" version="01.00.000" uri="../sources/bdf607ee-e697-3344-8a46-68c969ea0a88">
                <common:shortDescription xml:lang="en">U.S. EPA </common:shortDescription>
            </referenceToDataSource>
            <referenceToDataSource type="source data set" refObjectId="1ec2081b-1f35-3144-b824-0dd8270b9679" version="01.00.000" uri="../sources/1ec2081b-1f35-3144-b824-0dd8270b9679">
                <common:shortDescription xml:lang="en">U.S. EPA </common:shortDescription>
            </referenceToDataSource>
            <referenceToDataSource type="source data set" refObjectId="76c348d0-012c-3b1f-8548-536bc59d2236" version="01.00.000" uri="../sources/76c348d0-012c-3b1f-8548-536bc59d2236">
                <common:shortDescription xml:lang="en">USGS </common:shortDescription>
            </referenceToDataSource>
        </dataSourcesTreatmentAndRepresentativeness>
    </modellingAndValidation>
    <administrativeInformation>
        <dataGenerator>
            <common:referenceToPersonOrEntityGeneratingTheDataSet type="contact data set" refObjectId="2b6d62da-50ea-31f4-9085-049cfd4f5023" version="01.00.000" uri="../contacts/2b6d62da-50ea-31f4-9085-049cfd4f5023">
                <common:shortDescription xml:lang="en">Franklin Associates</common:shortDescription>
            </common:referenceToPersonOrEntityGeneratingTheDataSet>
        </dataGenerator>
        <dataEntryBy>
            <common:timeStamp>2019-10-15T12:34:41.867-06:00</common:timeStamp>
            <common:referenceToDataSetFormat type="source data set" refObjectId="a97a0155-0234-4b87-b4ce-a45da52f2a40" version="01.01.000" uri="../sources/a97a0155-0234-4b87-b4ce-a45da52f2a40_01.01.000.xml">
                <common:shortDescription xml:lang="en">ILCD format</common:shortDescription>
            </common:referenceToDataSetFormat>
            <common:referenceToPersonOrEntityEnteringTheData type="contact data set" refObjectId="2b6d62da-50ea-31f4-9085-049cfd4f5023" version="01.00.000" uri="../contacts/2b6d62da-50ea-31f4-9085-049cfd4f5023">
                <common:shortDescription xml:lang="en">Franklin Associates</common:shortDescription>
            </common:referenceToPersonOrEntityEnteringTheData>
        </dataEntryBy>
        <publicationAndOwnership>
            <common:dateOfLastRevision>2019-07-21T10:20:20.715-06:00</common:dateOfLastRevision>
            <common:dataSetVersion>00.00.002</common:dataSetVersion>
            <common:referenceToUnchangedRepublication type="source data set" refObjectId="5e00a3a6-1ee0-3223-8a4c-901f22e472da" version="01.00.000" uri="../sources/5e00a3a6-1ee0-3223-8a4c-901f22e472da">
                <common:shortDescription xml:lang="en">Franklin Associates </common:shortDescription>
            </common:referenceToUnchangedRepublication>
            <common:copyright>false</common:copyright>
            <common:accessRestrictions xml:lang="en">All information can be accessed by everybody.</common:accessRestrictions>
        </publicationAndOwnership>
    </administrativeInformation>
    <exchanges>
        <exchange xmlns:olca="http://openlca.org/ilcd-extensions" dataSetInternalID="10" olca:unitId="20aadc24-a391-41cf-b340-3e4529f44bde" olca:propertyId="93a60a56-a3c8-11da-a746-0800200b9a66" olca:amount="3.62E-4">
            <referenceToFlowDataSet type="flow data set" refObjectId="eb6394c1-0d19-3be3-99ab-ec572dec9926" version="01.00.000" uri="../flows/eb6394c1-0d19-3be3-99ab-ec572dec9926">
                <common:shortDescription xml:lang="en">Lignite coal, combusted in industrial boiler</common:shortDescription>
            </referenceToFlowDataSet>
            <exchangeDirection>Input</exchangeDirection>
            <meanAmount>3.62E-4</meanAmount>
            <resultingAmount>3.62E-4</resultingAmount>
        </exchange>
        <exchange xmlns:olca="http://openlca.org/ilcd-extensions" dataSetInternalID="5" olca:unitId="20aadc24-a391-41cf-b340-3e4529f44bde" olca:propertyId="93a60a56-a3c8-11da-a746-0800200b9a66" olca:amount="1.98E-6">
            <referenceToFlowDataSet type="flow data set" refObjectId="693921ef-e02d-4072-add0-55aa4631b213" version="01.00.000" uri="../flows/693921ef-e02d-4072-add0-55aa4631b213">
                <common:shortDescription xml:lang="en">Suspended solids, unspecified</common:shortDescription>
            </referenceToFlowDataSet>
            <exchangeDirection>Output</exchangeDirection>
            <meanAmount>1.98E-6</meanAmount>
            <resultingAmount>1.98E-6</resultingAmount>
        </exchange>
        <exchange xmlns:olca="http://openlca.org/ilcd-extensions" dataSetInternalID="9" olca:unitId="52765a6c-3896-43c2-b2f4-c679acf13efe" olca:propertyId="f6811440-ee37-11de-8a39-0800200c9a66" olca:amount="0.0533">
            <referenceToFlowDataSet type="flow data set" refObjectId="06581fb2-1de0-3e78-8298-f37605dea142" version="01.00.000" uri="../flows/06581fb2-1de0-3e78-8298-f37605dea142">
                <common:shortDescription xml:lang="en">Electricity, at grid</common:shortDescription>
            </referenceToFlowDataSet>
            <exchangeDirection>Input</exchangeDirection>
            <meanAmount>0.0533</meanAmount>
            <resultingAmount>0.0533</resultingAmount>
        </exchange>
        <exchange xmlns:olca="http://openlca.org/ilcd-extensions" dataSetInternalID="11" olca:unitId="20aadc24-a391-41cf-b340-3e4529f44bde" olca:propertyId="93a60a56-a3c8-11da-a746-0800200b9a66" olca:amount="0.00113">
            <referenceToFlowDataSet type="flow data set" refObjectId="0795345f-c7ae-410c-ad25-1845784c75f5" version="01.00.000" uri="../flows/0795345f-c7ae-410c-ad25-1845784c75f5">
                <common:shortDescription xml:lang="en">Methane, fossil</common:shortDescription>
            </referenceToFlowDataSet>
            <exchangeDirection>Output</exchangeDirection>
            <meanAmount>0.00113</meanAmount>
            <resultingAmount>0.00113</resultingAmount>
        </exchange>
        <exchange xmlns:olca="http://openlca.org/ilcd-extensions" dataSetInternalID="4" olca:unitId="20aadc24-a391-41cf-b340-3e4529f44bde" olca:propertyId="93a60a56-a3c8-11da-a746-0800200b9a66" olca:amount="1.0">
            <referenceToFlowDataSet type="flow data set" refObjectId="eaaa17d0-52c2-36ed-a39b-406e7bb80359" version="01.00.000" uri="../flows/eaaa17d0-52c2-36ed-a39b-406e7bb80359">
                <common:shortDescription xml:lang="en">Coal, bituminous, 24.8 MJ per kg</common:shortDescription>
            </referenceToFlowDataSet>
            <exchangeDirection>Input</exchangeDirection>
            <meanAmount>1.0</meanAmount>
            <resultingAmount>1.0</resultingAmount>
        </exchange>
        <exchange xmlns:olca="http://openlca.org/ilcd-extensions" dataSetInternalID="7" olca:unitId="20aadc24-a391-41cf-b340-3e4529f44bde" olca:propertyId="93a60a56-a3c8-11da-a746-0800200b9a66" olca:amount="1.76E-7">
            <referenceToFlowDataSet type="flow data set" refObjectId="10cbd2f7-c41b-4bb4-b636-d8fc15cf0282" version="01.00.000" uri="../flows/10cbd2f7-c41b-4bb4-b636-d8fc15cf0282">
                <common:shortDescription xml:lang="en">Manganese</common:shortDescription>
            </referenceToFlowDataSet>
            <exchangeDirection>Output</exchangeDirection>
            <meanAmount>1.76E-7</meanAmount>
            <resultingAmount>1.76E-7</resultingAmount>
        </exchange>
        <exchange xmlns:olca="http://openlca.org/ilcd-extensions" dataSetInternalID="13" olca:unitId="1c3a9695-398d-4b1f-b07e-a8715b610f70" olca:propertyId="93a60a56-a3c8-22da-a746-0800200c9a66" olca:amount="0.00141">
            <referenceToFlowDataSet type="flow data set" refObjectId="bc38e349-1ccf-3855-a615-a4f581ab875b" version="01.00.000" uri="../flows/bc38e349-1ccf-3855-a615-a4f581ab875b">
                <common:shortDescription xml:lang="en">Gasoline, combusted in equipment</common:shortDescription>
            </referenceToFlowDataSet>
            <exchangeDirection>Input</exchangeDirection>
            <meanAmount>0.00141</meanAmount>
            <resultingAmount>0.00141</resultingAmount>
        </exchange>
        <exchange xmlns:olca="http://openlca.org/ilcd-extensions" dataSetInternalID="6" olca:unitId="1c3a9695-398d-4b1f-b07e-a8715b610f70" olca:propertyId="93a60a56-a3c8-22da-a746-0800200c9a66" olca:amount="0.015">
            <referenceToFlowDataSet type="flow data set" refObjectId="e04995fa-935b-316c-b112-5b436c8ea3d6" version="01.00.000" uri="../flows/e04995fa-935b-316c-b112-5b436c8ea3d6">
                <common:shortDescription xml:lang="en">Diesel, combusted in industrial boiler</common:shortDescription>
            </referenceToFlowDataSet>
            <exchangeDirection>Input</exchangeDirection>
            <meanAmount>0.015</meanAmount>
            <resultingAmount>0.015</resultingAmount>
        </exchange>
        <exchange xmlns:olca="http://openlca.org/ilcd-extensions" dataSetInternalID="8" olca:unitId="1c3a9695-398d-4b1f-b07e-a8715b610f70" olca:propertyId="93a60a56-a3c8-22da-a746-0800200c9a66" olca:amount="0.00145">
            <referenceToFlowDataSet type="flow data set" refObjectId="654a5cf6-185f-3d91-89ef-42442d1825e8" version="01.00.000" uri="../flows/654a5cf6-185f-3d91-89ef-42442d1825e8">
                <common:shortDescription xml:lang="en">Residual fuel oil, combusted in industrial boiler</common:shortDescription>
            </referenceToFlowDataSet>
            <exchangeDirection>Input</exchangeDirection>
            <meanAmount>0.00145</meanAmount>
            <resultingAmount>0.00145</resultingAmount>
        </exchange>
        <exchange xmlns:olca="http://openlca.org/ilcd-extensions" dataSetInternalID="1" olca:unitId="20aadc24-a391-41cf-b340-3e4529f44bde" olca:propertyId="93a60a56-a3c8-11da-a746-0800200b9a66" olca:amount="1.0">
            <referenceToFlowDataSet type="flow data set" refObjectId="90247271-0884-3a25-af40-be7abccb922c" version="01.00.000" uri="../flows/90247271-0884-3a25-af40-be7abccb922c">
                <common:shortDescription xml:lang="en">Lignite coal, at surface mine</common:shortDescription>
            </referenceToFlowDataSet>
            <exchangeDirection>Output</exchangeDirection>
            <meanAmount>1.0</meanAmount>
            <resultingAmount>1.0</resultingAmount>
        </exchange>
        <exchange xmlns:olca="http://openlca.org/ilcd-extensions" dataSetInternalID="14" olca:unitId="1c3a9695-398d-4b1f-b07e-a8715b610f70" olca:propertyId="93a60a56-a3c8-22da-a746-0800200c9a66" olca:amount="2.51E-4">
            <referenceToFlowDataSet type="flow data set" refObjectId="bb1dc159-fe13-3f8e-8197-361e8c770ba3" version="01.00.000" uri="../flows/bb1dc159-fe13-3f8e-8197-361e8c770ba3">
                <common:shortDescription xml:lang="en">Natural gas, combusted in industrial boiler</common:shortDescription>
            </referenceToFlowDataSet>
            <exchangeDirection>Input</exchangeDirection>
            <meanAmount>2.51E-4</meanAmount>
            <resultingAmount>2.51E-4</resultingAmount>
        </exchange>
        <exchange xmlns:olca="http://openlca.org/ilcd-extensions" dataSetInternalID="2" olca:unitId="20aadc24-a391-41cf-b340-3e4529f44bde" olca:propertyId="93a60a56-a3c8-11da-a746-0800200b9a66" olca:amount="2.65E-8">
            <referenceToFlowDataSet type="flow data set" refObjectId="63e7d74e-8549-11e0-9d78-0800200c9a66" version="01.00.000" uri="../flows/63e7d74e-8549-11e0-9d78-0800200c9a66">
                <common:shortDescription xml:lang="en">Iron</common:shortDescription>
            </referenceToFlowDataSet>
            <exchangeDirection>Output</exchangeDirection>
            <meanAmount>2.65E-8</meanAmount>
            <resultingAmount>2.65E-8</resultingAmount>
        </exchange>
        <exchange xmlns:olca="http://openlca.org/ilcd-extensions" dataSetInternalID="3" olca:unitId="20aadc24-a391-41cf-b340-3e4529f44bde" olca:propertyId="93a60a56-a3c8-11da-a746-0800200b9a66" olca:amount="0.235">
            <referenceToFlowDataSet type="flow data set" refObjectId="87dd9cbf-4600-380f-b294-f41d08863cf8" version="01.00.000" uri="../flows/87dd9cbf-4600-380f-b294-f41d08863cf8">
                <common:shortDescription xml:lang="en">CUTOFF Disposal, solid waste, unspecified, to unspecified treatment</common:shortDescription>
            </referenceToFlowDataSet>
            <exchangeDirection>Input</exchangeDirection>
            <meanAmount>0.235</meanAmount>
            <resultingAmount>0.235</resultingAmount>
        </exchange>
        <exchange xmlns:olca="http://openlca.org/ilcd-extensions" dataSetInternalID="12" olca:unitId="20aadc24-a391-41cf-b340-3e4529f44bde" olca:propertyId="93a60a56-a3c8-11da-a746-0800200b9a66" olca:amount="9.8E-5">
            <referenceToFlowDataSet type="flow data set" refObjectId="7ae398c3-8532-11e0-9d78-0800200c9a66" version="01.00.000" uri="../flows/7ae398c3-8532-11e0-9d78-0800200c9a66">
                <common:shortDescription xml:lang="en">Particulates, unspecified</common:shortDescription>
            </referenceToFlowDataSet>
            <exchangeDirection>Output</exchangeDirection>
            <meanAmount>9.8E-5</meanAmount>
            <resultingAmount>9.8E-5</resultingAmount>
        </exchange>
    </exchanges>
</processDataSet>
