<?xml version="1.0" encoding="UTF-8" standalone="yes"?>
<processDataSet xmlns:m="http://lca.jrc.it/ILCD/LCIAMethod" xmlns:common="http://lca.jrc.it/ILCD/Common" xmlns:s="http://lca.jrc.it/ILCD/Source" xmlns:c="http://lca.jrc.it/ILCD/Contact" xmlns:f="http://lca.jrc.it/ILCD/Flow" xmlns="http://lca.jrc.it/ILCD/Process" xmlns:fp="http://lca.jrc.it/ILCD/FlowProperty" xmlns:u="http://lca.jrc.it/ILCD/UnitGroup" version="1.1">
    <processInformation>
        <dataSetInformation>
            <common:UUID>bc4c2bad-4bdb-4402-8aed-74efc5781057</common:UUID>
            <name>
                <baseName xml:lang="en">Natural gas, at extraction, conventional offshore, kg</baseName>
            </name>
            <classificationInformation>
                <common:classification>
                    <common:class level="0" classId="d374ae23-7148-3bd0-9630-022020e9fcb9">21: Mining, Quarrying, and Oil and Gas Extraction</common:class>
                    <common:class level="1" classId="b22278b5-8607-3d1e-8456-ef3fd9a84857">2111: Oil and Gas Extraction</common:class>
                </common:classification>
            </classificationInformation>
            <common:generalComment xml:lang="en">NETL LCA Unit Process Library, Natural gas extraction processes 2010. Conventional offshore natural gas is recovered by vertical drilling techniques. Once a conventional offshore gas well has been discovered, the natural gas reservoir does not require significant preparation or stimulation for natural gas recovery. A natural gas reservoir must be large in order to justify the capital outlay for the completion of the well and construction of an offshore drilling platform. The majority of U.S. offshore wells are in the Gulf of Mexico. This analysis assumes that an offshore well produces 25 million cubic feet of natural gas per day (Offshore-technology.com, 2010).</common:generalComment>
        </dataSetInformation>
        <quantitativeReference type="Reference flow(s)">
            <referenceToReferenceFlow>10</referenceToReferenceFlow>
        </quantitativeReference>
        <time xmlns:olca="http://openlca.org/ilcd-extensions" olca:startDate="1388473200000" olca:endDate="1417330800000">
            <common:referenceYear>2013</common:referenceYear>
            <common:dataSetValidUntil>2014</common:dataSetValidUntil>
        </time>
        <geography>
            <locationOfOperationSupplyOrProduction location="US" latitudeAndLongitude="39.62;-98.6"/>
        </geography>
        <technology>
            <technologyDescriptionAndIncludedProcesses xml:lang="en">Conventional natural gas extraction</technologyDescriptionAndIncludedProcesses>
        </technology>
    </processInformation>
    <modellingAndValidation>
        <LCIMethodAndAllocation>
            <typeOfDataSet>Unit process, black box</typeOfDataSet>
            <LCIMethodPrinciple>Other</LCIMethodPrinciple>
            <deviationsFromLCIMethodPrinciple xml:lang="en">Attributional. Compatible with TRACI</deviationsFromLCIMethodPrinciple>
            <modellingConstants xml:lang="en">The input and output data for each of the subprocesses is taken from NETL unit process library and the most recent data is from 2010. The inputs to this unit process are natural gas, ground water, and surface water. These three inputs are natural resources and thus enter the boundary of this unit process with no upstream environmental burdens. If the natural gas extraction site is near a source of electricity, it is financially preferable to use electrically-powered equipment instead of gas-powered equipment. The output of this unit process is dehydrated natural gas that is suitable for pipeline transport and subsequent processing steps such as sweetening or, in the case of imported natural gas, liquefaction. This unit process also accounts for environmental emissions to air and water but does not track wastewater. </modellingConstants>
        </LCIMethodAndAllocation>
        <dataSourcesTreatmentAndRepresentativeness>
            <dataCutOffAndCompletenessPrinciples xml:lang="en">TREATMENT OF MISSING ENVIRONMENTAL DATA: Elementary flows are cut-off at less than 1% based on environmental relevance.&#xD;
TREATMENT OF MISSING TECHNOSPHERE DATA: Intermediate flows are cut-off is at 1%  based on environmental relevance.&#xD;
MASS BALANCE: The mass balance was calculated by a straight comparison of inputs and outputs</dataCutOffAndCompletenessPrinciples>
            <deviationsFromCutOffAndCompletenessPrinciples xml:lang="en">None.</deviationsFromCutOffAndCompletenessPrinciples>
            <dataSelectionAndCombinationPrinciples xml:lang="en">This dataset was used in the aggregate natural gas extraction production mix process</dataSelectionAndCombinationPrinciples>
            <deviationsFromSelectionAndCombinationPrinciples xml:lang="en">None.</deviationsFromSelectionAndCombinationPrinciples>
            <dataTreatmentAndExtrapolationsPrinciples xml:lang="en">An estimated 40 percent of natural gas was sourced from conventional onshore and offshore sources including associated onshore natural gas production. This dataset was used to model the aggregate natural gas extraction production mix process based on percentages from EIA, 2017.</dataTreatmentAndExtrapolationsPrinciples>
            <referenceToDataSource type="source data set" refObjectId="f34c916a-6a17-47d6-9a08-9bdb1aaef0ab" version="01.00.000" uri="../sources/f34c916a-6a17-47d6-9a08-9bdb1aaef0ab">
                <common:shortDescription xml:lang="en">US EIA, 2017a</common:shortDescription>
            </referenceToDataSource>
            <samplingProcedure xml:lang="en">BOUNDARY CONDITIONS: The system boundary includes (1) natural gas extraction (2) energy inputs for the process, and (3) water inputs for the process.&#xD;
DATA COLLECTION: A weighted average was calculated from the data collected for 6 extraction methods and used to develop the composite natural gas extraction process. &#xD;
UNCERTAINTY ESTIMATION: All data were carefully evaluated before compiling the production-weighted average data sets used to generate results. No uncertainty analysis was carried out due to the lack of uncertainty data or probability distributions for key parameters, which are often only available as single point estimates from the producers.&#xD;
</samplingProcedure>
            <dataCollectionPeriod xml:lang="en">NETL LCA Unit Process Library, Natural gas extraction processes 2010</dataCollectionPeriod>
        </dataSourcesTreatmentAndRepresentativeness>
        <validation>
            <review type="Not reviewed">
                <common:reviewDetails xml:lang="en">Internal review of data entry proofreading, mass balance verification and data documentation.</common:reviewDetails>
                <common:referenceToNameOfReviewerAndInstitution type="contact data set" refObjectId="38e67478-a915-43d9-ad67-e25db79a4acc" version="01.00.000" uri="../contacts/38e67478-a915-43d9-ad67-e25db79a4acc">
                    <common:shortDescription xml:lang="en">Franklin Associates, A Division of ERG</common:shortDescription>
                </common:referenceToNameOfReviewerAndInstitution>
            </review>
        </validation>
    </modellingAndValidation>
    <administrativeInformation>
        <common:commissionerAndGoal>
            <common:project xml:lang="en">https://www.netl.doe.gov/projects/files/DF_Stage1_O_Conventional_Offshore_NG_Extraction_2010-01.pdf</common:project>
            <common:intendedApplications xml:lang="en">"Accounting, with system-external interactions" - The intended application is a purely descriptive accounting / documentation of the analysed system including existing interactions with other systems in the LCI model. These data are an update to a previously published dataset which is a generic unit process data.</common:intendedApplications>
        </common:commissionerAndGoal>
        <dataGenerator>
            <common:referenceToPersonOrEntityGeneratingTheDataSet type="contact data set" refObjectId="38e67478-a915-43d9-ad67-e25db79a4acc" version="01.00.000" uri="../contacts/38e67478-a915-43d9-ad67-e25db79a4acc">
                <common:shortDescription xml:lang="en">Franklin Associates, A Division of ERG</common:shortDescription>
            </common:referenceToPersonOrEntityGeneratingTheDataSet>
        </dataGenerator>
        <dataEntryBy>
            <common:timeStamp>2019-10-15T12:34:40.588-06:00</common:timeStamp>
            <common:referenceToDataSetFormat type="source data set" refObjectId="a97a0155-0234-4b87-b4ce-a45da52f2a40" version="01.01.000" uri="../sources/a97a0155-0234-4b87-b4ce-a45da52f2a40_01.01.000.xml">
                <common:shortDescription xml:lang="en">ILCD format</common:shortDescription>
            </common:referenceToDataSetFormat>
            <common:referenceToPersonOrEntityEnteringTheData type="contact data set" refObjectId="38e67478-a915-43d9-ad67-e25db79a4acc" version="01.00.000" uri="../contacts/38e67478-a915-43d9-ad67-e25db79a4acc">
                <common:shortDescription xml:lang="en">Franklin Associates, A Division of ERG</common:shortDescription>
            </common:referenceToPersonOrEntityEnteringTheData>
        </dataEntryBy>
        <publicationAndOwnership>
            <common:dateOfLastRevision>2019-10-02T11:13:46.154-06:00</common:dateOfLastRevision>
            <common:dataSetVersion>00.00.014</common:dataSetVersion>
            <common:referenceToOwnershipOfDataSet type="contact data set" refObjectId="510d0a32-f727-4faa-9ac9-09bdf47beffe" version="01.00.000" uri="../contacts/510d0a32-f727-4faa-9ac9-09bdf47beffe">
                <common:shortDescription xml:lang="en">National Energy Technology Laboratory </common:shortDescription>
            </common:referenceToOwnershipOfDataSet>
            <common:copyright>false</common:copyright>
        </publicationAndOwnership>
    </administrativeInformation>
    <exchanges>
        <exchange xmlns:olca="http://openlca.org/ilcd-extensions" dataSetInternalID="16" olca:unitId="20aadc24-a391-41cf-b340-3e4529f44bde" olca:propertyId="93a60a56-a3c8-11da-a746-0800200b9a66" olca:amount="2.79E-6">
            <referenceToFlowDataSet type="flow data set" refObjectId="fd7aa71c-508c-480d-81a6-8052aad92646" version="01.00.000" uri="../flows/fd7aa71c-508c-480d-81a6-8052aad92646">
                <common:shortDescription xml:lang="en">Sulfur dioxide</common:shortDescription>
            </referenceToFlowDataSet>
            <exchangeDirection>Output</exchangeDirection>
            <meanAmount>2.79E-6</meanAmount>
            <resultingAmount>2.79E-6</resultingAmount>
            <generalComment xml:lang="en">Data from NETL 2014</generalComment>
        </exchange>
        <exchange xmlns:olca="http://openlca.org/ilcd-extensions" dataSetInternalID="10" olca:unitId="20aadc24-a391-41cf-b340-3e4529f44bde" olca:propertyId="93a60a56-a3c8-11da-a746-0800200b9a66" olca:amount="1.0">
            <referenceToFlowDataSet type="flow data set" refObjectId="fdfa1dbf-3593-45ff-b0dc-6b3f9d8fa4bd" version="01.00.000" uri="../flows/fdfa1dbf-3593-45ff-b0dc-6b3f9d8fa4bd">
                <common:shortDescription xml:lang="en">Natural gas, at extraction, conventional offshore, kg</common:shortDescription>
            </referenceToFlowDataSet>
            <exchangeDirection>Output</exchangeDirection>
            <meanAmount>1.0</meanAmount>
            <resultingAmount>1.0</resultingAmount>
            <generalComment xml:lang="en">Data from NETL 2014</generalComment>
        </exchange>
        <exchange xmlns:olca="http://openlca.org/ilcd-extensions" dataSetInternalID="11" olca:unitId="20aadc24-a391-41cf-b340-3e4529f44bde" olca:propertyId="93a60a56-a3c8-11da-a746-0800200b9a66" olca:amount="1.07E-4">
            <referenceToFlowDataSet type="flow data set" refObjectId="c1b91234-6f24-417b-8309-46111d09c457" version="01.00.000" uri="../flows/c1b91234-6f24-417b-8309-46111d09c457">
                <common:shortDescription xml:lang="en">Nitrogen oxides</common:shortDescription>
            </referenceToFlowDataSet>
            <exchangeDirection>Output</exchangeDirection>
            <meanAmount>1.07E-4</meanAmount>
            <resultingAmount>1.07E-4</resultingAmount>
            <generalComment xml:lang="en">Data from NETL 2014</generalComment>
        </exchange>
        <exchange xmlns:olca="http://openlca.org/ilcd-extensions" dataSetInternalID="6" olca:unitId="20aadc24-a391-41cf-b340-3e4529f44bde" olca:propertyId="93a60a56-a3c8-11da-a746-0800200b9a66" olca:amount="0.0247">
            <referenceToFlowDataSet type="flow data set" refObjectId="f2960e88-4ca9-4f6c-9813-71e66edc37b7" version="01.00.000" uri="../flows/f2960e88-4ca9-4f6c-9813-71e66edc37b7">
                <common:shortDescription xml:lang="en">CUTOFF Disposal, solid waste, unspecified</common:shortDescription>
            </referenceToFlowDataSet>
            <exchangeDirection>Output</exchangeDirection>
            <meanAmount>0.0247</meanAmount>
            <resultingAmount>0.0247</resultingAmount>
            <generalComment xml:lang="en">Solid waste to landfill. Data from NETL 2014</generalComment>
        </exchange>
        <exchange xmlns:olca="http://openlca.org/ilcd-extensions" dataSetInternalID="12" olca:unitId="20aadc24-a391-41cf-b340-3e4529f44bde" olca:propertyId="93a60a56-a3c8-11da-a746-0800200b9a66" olca:amount="4.43E-5">
            <referenceToFlowDataSet type="flow data set" refObjectId="34a99cf0-860e-11e0-9d78-0800200c9a66" version="01.00.000" uri="../flows/34a99cf0-860e-11e0-9d78-0800200c9a66">
                <common:shortDescription xml:lang="en">Nitrogen, total</common:shortDescription>
            </referenceToFlowDataSet>
            <exchangeDirection>Output</exchangeDirection>
            <meanAmount>4.43E-5</meanAmount>
            <resultingAmount>4.43E-5</resultingAmount>
            <generalComment xml:lang="en">Data from NETL 2014</generalComment>
        </exchange>
        <exchange xmlns:olca="http://openlca.org/ilcd-extensions" dataSetInternalID="17" olca:unitId="20aadc24-a391-41cf-b340-3e4529f44bde" olca:propertyId="93a60a56-a3c8-11da-a746-0800200b9a66" olca:amount="6.06E-4">
            <referenceToFlowDataSet type="flow data set" refObjectId="cec4a04d-562a-4a38-a98f-5fb3d07eea6b" version="01.00.000" uri="../flows/cec4a04d-562a-4a38-a98f-5fb3d07eea6b">
                <common:shortDescription xml:lang="en">TOC, Total Organic Carbon</common:shortDescription>
            </referenceToFlowDataSet>
            <exchangeDirection>Output</exchangeDirection>
            <meanAmount>6.06E-4</meanAmount>
            <resultingAmount>6.06E-4</resultingAmount>
            <generalComment xml:lang="en">Data from NETL 2014</generalComment>
        </exchange>
        <exchange xmlns:olca="http://openlca.org/ilcd-extensions" dataSetInternalID="1" olca:unitId="b80a512e-e402-4363-8ad0-7d02dcf4a459" olca:propertyId="93a60a56-a3c8-22da-a746-0800200c9a66" olca:amount="3.44E-5">
            <referenceToFlowDataSet type="flow data set" refObjectId="bc38e349-1ccf-3855-a615-a4f581ab875b" version="01.00.000" uri="../flows/bc38e349-1ccf-3855-a615-a4f581ab875b">
                <common:shortDescription xml:lang="en">Gasoline, combusted in equipment</common:shortDescription>
            </referenceToFlowDataSet>
            <exchangeDirection>Input</exchangeDirection>
            <meanAmount>3.4400000000000004E-8</meanAmount>
            <resultingAmount>3.4400000000000004E-8</resultingAmount>
            <generalComment xml:lang="en">Data from NETL 2014</generalComment>
        </exchange>
        <exchange xmlns:olca="http://openlca.org/ilcd-extensions" dataSetInternalID="14" olca:unitId="20aadc24-a391-41cf-b340-3e4529f44bde" olca:propertyId="93a60a56-a3c8-11da-a746-0800200b9a66" olca:amount="5.41E-6">
            <referenceToFlowDataSet type="flow data set" refObjectId="08a91e70-3ddc-11dd-91be-0050c2490048" version="01.00.000" uri="../flows/08a91e70-3ddc-11dd-91be-0050c2490048">
                <common:shortDescription xml:lang="en">Particulates, &lt; 10 um</common:shortDescription>
            </referenceToFlowDataSet>
            <exchangeDirection>Output</exchangeDirection>
            <meanAmount>5.41E-6</meanAmount>
            <resultingAmount>5.41E-6</resultingAmount>
            <generalComment xml:lang="en">Data from NETL 2014. Represents PM &gt; 2.5 and &lt;10.</generalComment>
        </exchange>
        <exchange xmlns:olca="http://openlca.org/ilcd-extensions" dataSetInternalID="13" olca:unitId="20aadc24-a391-41cf-b340-3e4529f44bde" olca:propertyId="93a60a56-a3c8-11da-a746-0800200b9a66" olca:amount="1.72E-6">
            <referenceToFlowDataSet type="flow data set" refObjectId="d3260d0e-8203-4cbb-a45a-6a13131a5108" version="01.00.000" uri="../flows/d3260d0e-8203-4cbb-a45a-6a13131a5108">
                <common:shortDescription xml:lang="en">NMVOC, non-methane volatile organic compounds, unspecified origin</common:shortDescription>
            </referenceToFlowDataSet>
            <exchangeDirection>Output</exchangeDirection>
            <meanAmount>1.72E-6</meanAmount>
            <resultingAmount>1.72E-6</resultingAmount>
            <generalComment xml:lang="en">Data from NETL 2014</generalComment>
        </exchange>
        <exchange xmlns:olca="http://openlca.org/ilcd-extensions" dataSetInternalID="9" olca:unitId="20aadc24-a391-41cf-b340-3e4529f44bde" olca:propertyId="93a60a56-a3c8-11da-a746-0800200b9a66" olca:amount="4.29E-4">
            <referenceToFlowDataSet type="flow data set" refObjectId="20408dd1-8534-11e0-9d78-0800200c9a66" version="01.00.000" uri="../flows/20408dd1-8534-11e0-9d78-0800200c9a66">
                <common:shortDescription xml:lang="en">Methane</common:shortDescription>
            </referenceToFlowDataSet>
            <exchangeDirection>Output</exchangeDirection>
            <meanAmount>4.29E-4</meanAmount>
            <resultingAmount>4.29E-4</resultingAmount>
            <generalComment xml:lang="en">Data from NETL 2014</generalComment>
        </exchange>
        <exchange xmlns:olca="http://openlca.org/ilcd-extensions" dataSetInternalID="3" olca:unitId="20aadc24-a391-41cf-b340-3e4529f44bde" olca:propertyId="93a60a56-a3c8-11da-a746-0800200b9a66" olca:amount="9.85E-4">
            <referenceToFlowDataSet type="flow data set" refObjectId="91955aba-6ebc-4413-9342-f0298860b4aa" version="01.00.000" uri="../flows/91955aba-6ebc-4413-9342-f0298860b4aa">
                <common:shortDescription xml:lang="en">BOD5, Biological Oxygen Demand</common:shortDescription>
            </referenceToFlowDataSet>
            <exchangeDirection>Output</exchangeDirection>
            <meanAmount>9.85E-4</meanAmount>
            <resultingAmount>9.85E-4</resultingAmount>
            <generalComment xml:lang="en">Data from NETL 2014</generalComment>
        </exchange>
        <exchange xmlns:olca="http://openlca.org/ilcd-extensions" dataSetInternalID="5" olca:unitId="20aadc24-a391-41cf-b340-3e4529f44bde" olca:propertyId="93a60a56-a3c8-11da-a746-0800200b9a66" olca:amount="2.46E-5">
            <referenceToFlowDataSet type="flow data set" refObjectId="7ae371ac-8532-11e0-9d78-0800200c9a66" version="01.00.000" uri="../flows/7ae371ac-8532-11e0-9d78-0800200c9a66">
                <common:shortDescription xml:lang="en">Carbon monoxide</common:shortDescription>
            </referenceToFlowDataSet>
            <exchangeDirection>Output</exchangeDirection>
            <meanAmount>2.46E-5</meanAmount>
            <resultingAmount>2.46E-5</resultingAmount>
            <generalComment xml:lang="en">Data from NETL 2014</generalComment>
        </exchange>
        <exchange xmlns:olca="http://openlca.org/ilcd-extensions" dataSetInternalID="8" olca:unitId="20aadc24-a391-41cf-b340-3e4529f44bde" olca:propertyId="93a60a56-a3c8-11da-a746-0800200b9a66" olca:amount="0.0467">
            <referenceToFlowDataSet type="flow data set" refObjectId="5ce634de-b810-4533-9efb-719c38fe7c09" version="01.00.000" uri="../flows/5ce634de-b810-4533-9efb-719c38fe7c09">
                <common:shortDescription xml:lang="en">Dissolved solids</common:shortDescription>
            </referenceToFlowDataSet>
            <exchangeDirection>Output</exchangeDirection>
            <meanAmount>0.0467</meanAmount>
            <resultingAmount>0.0467</resultingAmount>
            <generalComment xml:lang="en">Data from NETL 2014</generalComment>
        </exchange>
        <exchange xmlns:olca="http://openlca.org/ilcd-extensions" dataSetInternalID="2" olca:unitId="1c3a9695-398d-4b1f-b07e-a8715b610f70" olca:propertyId="93a60a56-a3c8-22da-a746-0800200c9a66" olca:amount="0.05269">
            <referenceToFlowDataSet type="flow data set" refObjectId="bb1dc159-fe13-3f8e-8197-361e8c770ba3" version="01.00.000" uri="../flows/bb1dc159-fe13-3f8e-8197-361e8c770ba3">
                <common:shortDescription xml:lang="en">Natural gas, combusted in industrial boiler</common:shortDescription>
            </referenceToFlowDataSet>
            <exchangeDirection>Input</exchangeDirection>
            <meanAmount>0.05269</meanAmount>
            <resultingAmount>0.05269</resultingAmount>
            <generalComment xml:lang="en">Data from NETL 2014</generalComment>
        </exchange>
        <exchange xmlns:olca="http://openlca.org/ilcd-extensions" dataSetInternalID="7" olca:unitId="20aadc24-a391-41cf-b340-3e4529f44bde" olca:propertyId="93a60a56-a3c8-11da-a746-0800200b9a66" olca:amount="2.64E-6">
            <referenceToFlowDataSet type="flow data set" refObjectId="20185046-64bb-4c09-a8e7-e8a9e144ca98" version="01.00.000" uri="../flows/20185046-64bb-4c09-a8e7-e8a9e144ca98">
                <common:shortDescription xml:lang="en">Dinitrogen monoxide</common:shortDescription>
            </referenceToFlowDataSet>
            <exchangeDirection>Output</exchangeDirection>
            <meanAmount>2.64E-6</meanAmount>
            <resultingAmount>2.64E-6</resultingAmount>
            <generalComment xml:lang="en">Data from NETL 2014</generalComment>
        </exchange>
        <exchange xmlns:olca="http://openlca.org/ilcd-extensions" dataSetInternalID="4" olca:unitId="20aadc24-a391-41cf-b340-3e4529f44bde" olca:propertyId="93a60a56-a3c8-11da-a746-0800200b9a66" olca:amount="0.105">
            <referenceToFlowDataSet type="flow data set" refObjectId="7ae371aa-8532-11e0-9d78-0800200c9a66" version="01.00.000" uri="../flows/7ae371aa-8532-11e0-9d78-0800200c9a66">
                <common:shortDescription xml:lang="en">Carbon dioxide</common:shortDescription>
            </referenceToFlowDataSet>
            <exchangeDirection>Output</exchangeDirection>
            <meanAmount>0.105</meanAmount>
            <resultingAmount>0.105</resultingAmount>
            <generalComment xml:lang="en">Data from NETL 2014</generalComment>
        </exchange>
        <exchange xmlns:olca="http://openlca.org/ilcd-extensions" dataSetInternalID="15" olca:unitId="20aadc24-a391-41cf-b340-3e4529f44bde" olca:propertyId="93a60a56-a3c8-11da-a746-0800200b9a66" olca:amount="5.87E-7">
            <referenceToFlowDataSet type="flow data set" refObjectId="18e1aef2-00e7-410d-9613-fdfb305a689e" version="01.00.000" uri="../flows/18e1aef2-00e7-410d-9613-fdfb305a689e">
                <common:shortDescription xml:lang="en">Phosphorus, total</common:shortDescription>
            </referenceToFlowDataSet>
            <exchangeDirection>Output</exchangeDirection>
            <meanAmount>5.87E-7</meanAmount>
            <resultingAmount>5.87E-7</resultingAmount>
            <generalComment xml:lang="en">Data from NETL 2014</generalComment>
        </exchange>
    </exchanges>
</processDataSet>
