<?xml version="1.0" encoding="UTF-8" standalone="yes"?>
<processDataSet xmlns:m="http://lca.jrc.it/ILCD/LCIAMethod" xmlns:common="http://lca.jrc.it/ILCD/Common" xmlns:s="http://lca.jrc.it/ILCD/Source" xmlns:c="http://lca.jrc.it/ILCD/Contact" xmlns:f="http://lca.jrc.it/ILCD/Flow" xmlns="http://lca.jrc.it/ILCD/Process" xmlns:fp="http://lca.jrc.it/ILCD/FlowProperty" xmlns:u="http://lca.jrc.it/ILCD/UnitGroup" version="1.1">
    <processInformation>
        <dataSetInformation>
            <common:UUID>de182d9f-35b5-333a-8012-445b93549447</common:UUID>
            <name>
                <baseName xml:lang="en">Anthracite coal, at mine</baseName>
            </name>
            <classificationInformation>
                <common:classification>
                    <common:class level="0" classId="d374ae23-7148-3bd0-9630-022020e9fcb9">21: Mining, Quarrying, and Oil and Gas Extraction</common:class>
                    <common:class level="1" classId="8375ea8d-e1ac-35d9-8d8f-632a9ab8884b">2121: Coal Mining</common:class>
                </common:classification>
            </classificationInformation>
            <common:generalComment xml:lang="en">
Important note: although most of the data in the US LCI database has 
undergone some sort of review, the database as a whole has not yet 
undergone a formal validation process.
Please email comments to lci@nrel.gov.</common:generalComment>
        </dataSetInformation>
        <quantitativeReference type="Reference flow(s)">
            <referenceToReferenceFlow>1</referenceToReferenceFlow>
        </quantitativeReference>
        <time xmlns:olca="http://openlca.org/ilcd-extensions" olca:startDate="253370703600000" olca:endDate="253370703600000">
            <common:referenceYear>9998</common:referenceYear>
            <common:dataSetValidUntil>9998</common:dataSetValidUntil>
        </time>
        <geography>
            <locationOfOperationSupplyOrProduction location="RNA" latitudeAndLongitude="58.71;-91.96">
                <descriptionOfRestrictions xml:lang="en">North America</descriptionOfRestrictions>
            </locationOfOperationSupplyOrProduction>
        </geography>
        <technology>
            <technologyDescriptionAndIncludedProcesses xml:lang="en">Unspecified</technologyDescriptionAndIncludedProcesses>
        </technology>
    </processInformation>
    <modellingAndValidation>
        <LCIMethodAndAllocation>
            <typeOfDataSet>Unit process, black box</typeOfDataSet>
            <LCIMethodPrinciple>Other</LCIMethodPrinciple>
        </LCIMethodAndAllocation>
        <dataSourcesTreatmentAndRepresentativeness>
            <deviationsFromCutOffAndCompletenessPrinciples xml:lang="en">None.</deviationsFromCutOffAndCompletenessPrinciples>
            <deviationsFromSelectionAndCombinationPrinciples xml:lang="en">None.</deviationsFromSelectionAndCombinationPrinciples>
            <referenceToDataSource type="source data set" refObjectId="8e430cc7-7892-3631-842d-4a13eb3f600d" version="01.00.000" uri="../sources/8e430cc7-7892-3631-842d-4a13eb3f600d">
                <common:shortDescription xml:lang="en">Energy Information Administration </common:shortDescription>
            </referenceToDataSource>
            <referenceToDataSource type="source data set" refObjectId="8a25a9eb-0930-3ff4-9d69-206157b5c453" version="01.00.000" uri="../sources/8a25a9eb-0930-3ff4-9d69-206157b5c453">
                <common:shortDescription xml:lang="en">Franklin Associates </common:shortDescription>
            </referenceToDataSource>
            <referenceToDataSource type="source data set" refObjectId="72399fd9-6c6a-3b5b-9be5-ad5086ad0bf6" version="01.00.000" uri="../sources/72399fd9-6c6a-3b5b-9be5-ad5086ad0bf6">
                <common:shortDescription xml:lang="en">J.G. Speight </common:shortDescription>
            </referenceToDataSource>
            <referenceToDataSource type="source data set" refObjectId="e6a55661-8d1a-3a5f-a408-52c6f9be1d33" version="01.00.000" uri="../sources/e6a55661-8d1a-3a5f-a408-52c6f9be1d33">
                <common:shortDescription xml:lang="en">D.A. Kirchgessner </common:shortDescription>
            </referenceToDataSource>
            <referenceToDataSource type="source data set" refObjectId="ea6266b7-5ee0-3855-acf5-532dfd8b1a62" version="01.00.000" uri="../sources/ea6266b7-5ee0-3855-acf5-532dfd8b1a62">
                <common:shortDescription xml:lang="en">Energy Information Administration </common:shortDescription>
            </referenceToDataSource>
            <referenceToDataSource type="source data set" refObjectId="88ca590b-ba12-3cc7-a603-1b5cbff81af9" version="01.00.000" uri="../sources/88ca590b-ba12-3cc7-a603-1b5cbff81af9">
                <common:shortDescription xml:lang="en">Energy Information Administration </common:shortDescription>
            </referenceToDataSource>
            <referenceToDataSource type="source data set" refObjectId="08b85575-2245-3969-b5ea-df43e67404d6" version="01.00.000" uri="../sources/08b85575-2245-3969-b5ea-df43e67404d6">
                <common:shortDescription xml:lang="en">U.S. EPA </common:shortDescription>
            </referenceToDataSource>
            <referenceToDataSource type="source data set" refObjectId="c407d425-4ac8-343a-92b0-9238a3fd59a9" version="01.00.000" uri="../sources/c407d425-4ac8-343a-92b0-9238a3fd59a9">
                <common:shortDescription xml:lang="en">U.S. Census Bureau </common:shortDescription>
            </referenceToDataSource>
            <referenceToDataSource type="source data set" refObjectId="4c640d55-6a29-3566-8cc5-93e8d3fd146b" version="01.00.000" uri="../sources/4c640d55-6a29-3566-8cc5-93e8d3fd146b">
                <common:shortDescription xml:lang="en">Energy Information Administration </common:shortDescription>
            </referenceToDataSource>
            <referenceToDataSource type="source data set" refObjectId="efe8b206-d7cc-3bd4-af63-b85659ffd048" version="01.00.000" uri="../sources/efe8b206-d7cc-3bd4-af63-b85659ffd048">
                <common:shortDescription xml:lang="en">unspecified </common:shortDescription>
            </referenceToDataSource>
            <referenceToDataSource type="source data set" refObjectId="b3b7aea4-6884-394c-be45-fb0cddcb5536" version="01.00.000" uri="../sources/b3b7aea4-6884-394c-be45-fb0cddcb5536">
                <common:shortDescription xml:lang="en">USDA/ERS </common:shortDescription>
            </referenceToDataSource>
            <referenceToDataSource type="source data set" refObjectId="6ad7569e-c7c1-33e8-bc14-22fd00c0ae22" version="01.00.000" uri="../sources/6ad7569e-c7c1-33e8-bc14-22fd00c0ae22">
                <common:shortDescription xml:lang="en">unspecified </common:shortDescription>
            </referenceToDataSource>
            <referenceToDataSource type="source data set" refObjectId="47dddf2e-e123-39e9-a812-3af9081792cc" version="01.00.000" uri="../sources/47dddf2e-e123-39e9-a812-3af9081792cc">
                <common:shortDescription xml:lang="en">Hong, B.D </common:shortDescription>
            </referenceToDataSource>
            <referenceToDataSource type="source data set" refObjectId="ee70af1f-0215-3cbc-ac20-8f6d80df9f46" version="01.00.000" uri="../sources/ee70af1f-0215-3cbc-ac20-8f6d80df9f46">
                <common:shortDescription xml:lang="en">U.S. EPA </common:shortDescription>
            </referenceToDataSource>
            <referenceToDataSource type="source data set" refObjectId="f94e15ae-7c7e-3a00-97d5-78982882eb74" version="01.00.000" uri="../sources/f94e15ae-7c7e-3a00-97d5-78982882eb74">
                <common:shortDescription xml:lang="en">unspecified </common:shortDescription>
            </referenceToDataSource>
            <referenceToDataSource type="source data set" refObjectId="4df1005d-e454-300a-8d58-b8bd5dfb47b6" version="01.00.000" uri="../sources/4df1005d-e454-300a-8d58-b8bd5dfb47b6">
                <common:shortDescription xml:lang="en">USDA/NCRS </common:shortDescription>
            </referenceToDataSource>
            <referenceToDataSource type="source data set" refObjectId="994c1708-5efa-3e95-925e-203715f87ffe" version="01.00.000" uri="../sources/994c1708-5efa-3e95-925e-203715f87ffe">
                <common:shortDescription xml:lang="en">U.S. Department of Energy </common:shortDescription>
            </referenceToDataSource>
        </dataSourcesTreatmentAndRepresentativeness>
    </modellingAndValidation>
    <administrativeInformation>
        <dataGenerator>
            <common:referenceToPersonOrEntityGeneratingTheDataSet type="contact data set" refObjectId="3c3cdb41-4128-3abd-8791-50eccc5b0228" version="01.00.000" uri="../contacts/3c3cdb41-4128-3abd-8791-50eccc5b0228">
                <common:shortDescription xml:lang="en">Jeff Hernbloom</common:shortDescription>
            </common:referenceToPersonOrEntityGeneratingTheDataSet>
        </dataGenerator>
        <dataEntryBy>
            <common:timeStamp>2019-10-15T12:34:40.823-06:00</common:timeStamp>
            <common:referenceToDataSetFormat type="source data set" refObjectId="a97a0155-0234-4b87-b4ce-a45da52f2a40" version="01.01.000" uri="../sources/a97a0155-0234-4b87-b4ce-a45da52f2a40_01.01.000.xml">
                <common:shortDescription xml:lang="en">ILCD format</common:shortDescription>
            </common:referenceToDataSetFormat>
            <common:referenceToPersonOrEntityEnteringTheData type="contact data set" refObjectId="3c3cdb41-4128-3abd-8791-50eccc5b0228" version="01.00.000" uri="../contacts/3c3cdb41-4128-3abd-8791-50eccc5b0228">
                <common:shortDescription xml:lang="en">Jeff Hernbloom</common:shortDescription>
            </common:referenceToPersonOrEntityEnteringTheData>
        </dataEntryBy>
        <publicationAndOwnership>
            <common:dateOfLastRevision>2019-07-20T23:17:24.519-06:00</common:dateOfLastRevision>
            <common:dataSetVersion>00.00.002</common:dataSetVersion>
            <common:referenceToUnchangedRepublication type="source data set" refObjectId="8a25a9eb-0930-3ff4-9d69-206157b5c453" version="01.00.000" uri="../sources/8a25a9eb-0930-3ff4-9d69-206157b5c453">
                <common:shortDescription xml:lang="en">Franklin Associates </common:shortDescription>
            </common:referenceToUnchangedRepublication>
            <common:copyright>false</common:copyright>
            <common:accessRestrictions xml:lang="en">All information can be accessed by everybody.</common:accessRestrictions>
        </publicationAndOwnership>
    </administrativeInformation>
    <exchanges>
        <exchange xmlns:olca="http://openlca.org/ilcd-extensions" dataSetInternalID="2" olca:unitId="20aadc24-a391-41cf-b340-3e4529f44bde" olca:propertyId="93a60a56-a3c8-11da-a746-0800200b9a66" olca:amount="2.22E-5">
            <referenceToFlowDataSet type="flow data set" refObjectId="63e7d74e-8549-11e0-9d78-0800200c9a66" version="01.00.000" uri="../flows/63e7d74e-8549-11e0-9d78-0800200c9a66">
                <common:shortDescription xml:lang="en">Iron</common:shortDescription>
            </referenceToFlowDataSet>
            <exchangeDirection>Output</exchangeDirection>
            <meanAmount>2.22E-5</meanAmount>
            <resultingAmount>2.22E-5</resultingAmount>
        </exchange>
        <exchange xmlns:olca="http://openlca.org/ilcd-extensions" dataSetInternalID="12" olca:unitId="1c3a9695-398d-4b1f-b07e-a8715b610f70" olca:propertyId="93a60a56-a3c8-22da-a746-0800200c9a66" olca:amount="2.68E-4">
            <referenceToFlowDataSet type="flow data set" refObjectId="bc38e349-1ccf-3855-a615-a4f581ab875b" version="01.00.000" uri="../flows/bc38e349-1ccf-3855-a615-a4f581ab875b">
                <common:shortDescription xml:lang="en">Gasoline, combusted in equipment</common:shortDescription>
            </referenceToFlowDataSet>
            <exchangeDirection>Input</exchangeDirection>
            <meanAmount>2.68E-4</meanAmount>
            <resultingAmount>2.68E-4</resultingAmount>
        </exchange>
        <exchange xmlns:olca="http://openlca.org/ilcd-extensions" dataSetInternalID="9" olca:unitId="1c3a9695-398d-4b1f-b07e-a8715b610f70" olca:propertyId="93a60a56-a3c8-22da-a746-0800200c9a66" olca:amount="0.00134">
            <referenceToFlowDataSet type="flow data set" refObjectId="654a5cf6-185f-3d91-89ef-42442d1825e8" version="01.00.000" uri="../flows/654a5cf6-185f-3d91-89ef-42442d1825e8">
                <common:shortDescription xml:lang="en">Residual fuel oil, combusted in industrial boiler</common:shortDescription>
            </referenceToFlowDataSet>
            <exchangeDirection>Input</exchangeDirection>
            <meanAmount>0.00134</meanAmount>
            <resultingAmount>0.00134</resultingAmount>
        </exchange>
        <exchange xmlns:olca="http://openlca.org/ilcd-extensions" dataSetInternalID="10" olca:unitId="20aadc24-a391-41cf-b340-3e4529f44bde" olca:propertyId="93a60a56-a3c8-11da-a746-0800200b9a66" olca:amount="3.18E-5">
            <referenceToFlowDataSet type="flow data set" refObjectId="7ae3bfc4-8532-11e0-9d78-0800200c9a66" version="01.00.000" uri="../flows/7ae3bfc4-8532-11e0-9d78-0800200c9a66">
                <common:shortDescription xml:lang="en">VOC, volatile organic compounds</common:shortDescription>
            </referenceToFlowDataSet>
            <exchangeDirection>Output</exchangeDirection>
            <meanAmount>3.18E-5</meanAmount>
            <resultingAmount>3.18E-5</resultingAmount>
        </exchange>
        <exchange xmlns:olca="http://openlca.org/ilcd-extensions" dataSetInternalID="8" olca:unitId="20aadc24-a391-41cf-b340-3e4529f44bde" olca:propertyId="93a60a56-a3c8-11da-a746-0800200b9a66" olca:amount="0.00159">
            <referenceToFlowDataSet type="flow data set" refObjectId="20408dd1-8534-11e0-9d78-0800200c9a66" version="01.00.000" uri="../flows/20408dd1-8534-11e0-9d78-0800200c9a66">
                <common:shortDescription xml:lang="en">Methane</common:shortDescription>
            </referenceToFlowDataSet>
            <exchangeDirection>Output</exchangeDirection>
            <meanAmount>0.00159</meanAmount>
            <resultingAmount>0.00159</resultingAmount>
        </exchange>
        <exchange xmlns:olca="http://openlca.org/ilcd-extensions" dataSetInternalID="5" olca:unitId="52765a6c-3896-43c2-b2f4-c679acf13efe" olca:propertyId="f6811440-ee37-11de-8a39-0800200c9a66" olca:amount="0.0212">
            <referenceToFlowDataSet type="flow data set" refObjectId="06581fb2-1de0-3e78-8298-f37605dea142" version="01.00.000" uri="../flows/06581fb2-1de0-3e78-8298-f37605dea142">
                <common:shortDescription xml:lang="en">Electricity, at grid</common:shortDescription>
            </referenceToFlowDataSet>
            <exchangeDirection>Input</exchangeDirection>
            <meanAmount>0.0212</meanAmount>
            <resultingAmount>0.0212</resultingAmount>
        </exchange>
        <exchange xmlns:olca="http://openlca.org/ilcd-extensions" dataSetInternalID="3" olca:unitId="1c3a9695-398d-4b1f-b07e-a8715b610f70" olca:propertyId="93a60a56-a3c8-22da-a746-0800200c9a66" olca:amount="2.32E-4">
            <referenceToFlowDataSet type="flow data set" refObjectId="bb1dc159-fe13-3f8e-8197-361e8c770ba3" version="01.00.000" uri="../flows/bb1dc159-fe13-3f8e-8197-361e8c770ba3">
                <common:shortDescription xml:lang="en">Natural gas, combusted in industrial boiler</common:shortDescription>
            </referenceToFlowDataSet>
            <exchangeDirection>Input</exchangeDirection>
            <meanAmount>2.32E-4</meanAmount>
            <resultingAmount>2.32E-4</resultingAmount>
        </exchange>
        <exchange xmlns:olca="http://openlca.org/ilcd-extensions" dataSetInternalID="13" olca:unitId="1c3a9695-398d-4b1f-b07e-a8715b610f70" olca:propertyId="93a60a56-a3c8-22da-a746-0800200c9a66" olca:amount="0.00364">
            <referenceToFlowDataSet type="flow data set" refObjectId="e04995fa-935b-316c-b112-5b436c8ea3d6" version="01.00.000" uri="../flows/e04995fa-935b-316c-b112-5b436c8ea3d6">
                <common:shortDescription xml:lang="en">Diesel, combusted in industrial boiler</common:shortDescription>
            </referenceToFlowDataSet>
            <exchangeDirection>Input</exchangeDirection>
            <meanAmount>0.00364</meanAmount>
            <resultingAmount>0.00364</resultingAmount>
        </exchange>
        <exchange xmlns:olca="http://openlca.org/ilcd-extensions" dataSetInternalID="11" olca:unitId="20aadc24-a391-41cf-b340-3e4529f44bde" olca:propertyId="93a60a56-a3c8-11da-a746-0800200b9a66" olca:amount="0.17">
            <referenceToFlowDataSet type="flow data set" refObjectId="46495019-6f20-3587-8624-0399a6c016c9" version="01.00.000" uri="../flows/46495019-6f20-3587-8624-0399a6c016c9">
                <common:shortDescription xml:lang="en">Anthracite coal, combusted in industrial boiler</common:shortDescription>
            </referenceToFlowDataSet>
            <exchangeDirection>Input</exchangeDirection>
            <meanAmount>0.17</meanAmount>
            <resultingAmount>0.17</resultingAmount>
        </exchange>
        <exchange xmlns:olca="http://openlca.org/ilcd-extensions" dataSetInternalID="1" olca:unitId="20aadc24-a391-41cf-b340-3e4529f44bde" olca:propertyId="93a60a56-a3c8-11da-a746-0800200b9a66" olca:amount="1.0">
            <referenceToFlowDataSet type="flow data set" refObjectId="81b85c3d-aeef-3a29-81d1-b39e1de928a8" version="01.00.000" uri="../flows/81b85c3d-aeef-3a29-81d1-b39e1de928a8">
                <common:shortDescription xml:lang="en">Anthracite coal, at mine</common:shortDescription>
            </referenceToFlowDataSet>
            <exchangeDirection>Output</exchangeDirection>
            <meanAmount>1.0</meanAmount>
            <resultingAmount>1.0</resultingAmount>
        </exchange>
        <exchange xmlns:olca="http://openlca.org/ilcd-extensions" dataSetInternalID="15" olca:unitId="20aadc24-a391-41cf-b340-3e4529f44bde" olca:propertyId="93a60a56-a3c8-11da-a746-0800200b9a66" olca:amount="0.0021">
            <referenceToFlowDataSet type="flow data set" refObjectId="7ae398c3-8532-11e0-9d78-0800200c9a66" version="01.00.000" uri="../flows/7ae398c3-8532-11e0-9d78-0800200c9a66">
                <common:shortDescription xml:lang="en">Particulates, unspecified</common:shortDescription>
            </referenceToFlowDataSet>
            <exchangeDirection>Output</exchangeDirection>
            <meanAmount>0.0021</meanAmount>
            <resultingAmount>0.0021</resultingAmount>
        </exchange>
        <exchange xmlns:olca="http://openlca.org/ilcd-extensions" dataSetInternalID="4" olca:unitId="20aadc24-a391-41cf-b340-3e4529f44bde" olca:propertyId="93a60a56-a3c8-11da-a746-0800200b9a66" olca:amount="1.48E-5">
            <referenceToFlowDataSet type="flow data set" refObjectId="10cbd2f7-c41b-4bb4-b636-d8fc15cf0282" version="01.00.000" uri="../flows/10cbd2f7-c41b-4bb4-b636-d8fc15cf0282">
                <common:shortDescription xml:lang="en">Manganese</common:shortDescription>
            </referenceToFlowDataSet>
            <exchangeDirection>Output</exchangeDirection>
            <meanAmount>1.48E-5</meanAmount>
            <resultingAmount>1.48E-5</resultingAmount>
        </exchange>
        <exchange xmlns:olca="http://openlca.org/ilcd-extensions" dataSetInternalID="6" olca:unitId="20aadc24-a391-41cf-b340-3e4529f44bde" olca:propertyId="93a60a56-a3c8-11da-a746-0800200b9a66" olca:amount="0.271">
            <referenceToFlowDataSet type="flow data set" refObjectId="87dd9cbf-4600-380f-b294-f41d08863cf8" version="01.00.000" uri="../flows/87dd9cbf-4600-380f-b294-f41d08863cf8">
                <common:shortDescription xml:lang="en">CUTOFF Disposal, solid waste, unspecified, to unspecified treatment</common:shortDescription>
            </referenceToFlowDataSet>
            <exchangeDirection>Input</exchangeDirection>
            <meanAmount>0.271</meanAmount>
            <resultingAmount>0.271</resultingAmount>
        </exchange>
        <exchange xmlns:olca="http://openlca.org/ilcd-extensions" dataSetInternalID="14" olca:unitId="20aadc24-a391-41cf-b340-3e4529f44bde" olca:propertyId="93a60a56-a3c8-11da-a746-0800200b9a66" olca:amount="1.27">
            <referenceToFlowDataSet type="flow data set" refObjectId="7b6047a4-6a08-36a2-a05a-74540ba2a207" version="01.00.000" uri="../flows/7b6047a4-6a08-36a2-a05a-74540ba2a207">
                <common:shortDescription xml:lang="en">Coal, hard, 30.7 MJ per kg</common:shortDescription>
            </referenceToFlowDataSet>
            <exchangeDirection>Input</exchangeDirection>
            <meanAmount>1.27</meanAmount>
            <resultingAmount>1.27</resultingAmount>
        </exchange>
        <exchange xmlns:olca="http://openlca.org/ilcd-extensions" dataSetInternalID="7" olca:unitId="20aadc24-a391-41cf-b340-3e4529f44bde" olca:propertyId="93a60a56-a3c8-11da-a746-0800200b9a66" olca:amount="2.59E-4">
            <referenceToFlowDataSet type="flow data set" refObjectId="693921ef-e02d-4072-add0-55aa4631b213" version="01.00.000" uri="../flows/693921ef-e02d-4072-add0-55aa4631b213">
                <common:shortDescription xml:lang="en">Suspended solids, unspecified</common:shortDescription>
            </referenceToFlowDataSet>
            <exchangeDirection>Output</exchangeDirection>
            <meanAmount>2.59E-4</meanAmount>
            <resultingAmount>2.59E-4</resultingAmount>
        </exchange>
    </exchanges>
</processDataSet>
