<?xml version="1.0" encoding="UTF-8" standalone="yes"?>
<processDataSet xmlns:m="http://lca.jrc.it/ILCD/LCIAMethod" xmlns:common="http://lca.jrc.it/ILCD/Common" xmlns:s="http://lca.jrc.it/ILCD/Source" xmlns:c="http://lca.jrc.it/ILCD/Contact" xmlns:f="http://lca.jrc.it/ILCD/Flow" xmlns="http://lca.jrc.it/ILCD/Process" xmlns:fp="http://lca.jrc.it/ILCD/FlowProperty" xmlns:u="http://lca.jrc.it/ILCD/UnitGroup" version="1.1">
    <processInformation>
        <dataSetInformation>
            <common:UUID>dfa7acbc-4a41-3329-951d-b6cde899c91e</common:UUID>
            <name>
                <baseName xml:lang="en">Sulfur, at plant</baseName>
            </name>
            <classificationInformation>
                <common:classification>
                    <common:class level="0" classId="d374ae23-7148-3bd0-9630-022020e9fcb9">21: Mining, Quarrying, and Oil and Gas Extraction</common:class>
                    <common:class level="1" classId="b22278b5-8607-3d1e-8456-ef3fd9a84857">2111: Oil and Gas Extraction</common:class>
                </common:classification>
            </classificationInformation>
            <common:generalComment xml:lang="en">Heat is a coproduct released from cooling during the exothermic reaction. Complete inventory data and metadata are available in full in the final report and appendices, Cradle-to-Gate Life Cycle Inventory of Nine Plastic Resins and Four Polyurethane Precursors. This report has been extensively reviewed within Franklin Associates and has undergone partial critical review by ACC Plastics Division members and is available at: www.americanchemistry.com. Quantities may vary slightly between the reference to main source and and this module due to rounding.  Important note: although most of the data in the US LCI database has undergone some sort of review, the database as a whole has not yet undergone a formal validation process.  Please email comments to lci@nrel.gov.</common:generalComment>
        </dataSetInformation>
        <quantitativeReference type="Reference flow(s)">
            <referenceToReferenceFlow>1</referenceToReferenceFlow>
        </quantitativeReference>
        <time xmlns:olca="http://openlca.org/ilcd-extensions" olca:startDate="441702000000" olca:endDate="1072854000000">
            <common:referenceYear>1983</common:referenceYear>
            <common:dataSetValidUntil>2003</common:dataSetValidUntil>
        </time>
        <geography>
            <locationOfOperationSupplyOrProduction location="RNA" latitudeAndLongitude="58.71;-91.96">
                <descriptionOfRestrictions xml:lang="en">North America (US and Canada)</descriptionOfRestrictions>
            </locationOfOperationSupplyOrProduction>
        </geography>
        <technology>
            <technologyDescriptionAndIncludedProcesses xml:lang="en">Recovery from petroleum refining and natural gas sweetening via the Claus process</technologyDescriptionAndIncludedProcesses>
        </technology>
    </processInformation>
    <modellingAndValidation>
        <LCIMethodAndAllocation>
            <typeOfDataSet>Unit process, black box</typeOfDataSet>
            <LCIMethodPrinciple>Other</LCIMethodPrinciple>
        </LCIMethodAndAllocation>
        <dataSourcesTreatmentAndRepresentativeness>
            <deviationsFromCutOffAndCompletenessPrinciples xml:lang="en">None.</deviationsFromCutOffAndCompletenessPrinciples>
            <deviationsFromSelectionAndCombinationPrinciples xml:lang="en">None.</deviationsFromSelectionAndCombinationPrinciples>
            <referenceToDataSource type="source data set" refObjectId="bf627fcb-bea3-3085-87ee-2d24ac940458" version="01.00.000" uri="../sources/bf627fcb-bea3-3085-87ee-2d24ac940458">
                <common:shortDescription xml:lang="en">THE PLASTICS DIVISION OF 
THE AMERICAN C </common:shortDescription>
            </referenceToDataSource>
            <samplingProcedure xml:lang="en">Data are from secondary sources.</samplingProcedure>
        </dataSourcesTreatmentAndRepresentativeness>
    </modellingAndValidation>
    <administrativeInformation>
        <dataGenerator>
            <common:referenceToPersonOrEntityGeneratingTheDataSet type="contact data set" refObjectId="721bcfe4-ee92-33bc-a9bd-bbf5ba3cb52d" version="01.00.000" uri="../contacts/721bcfe4-ee92-33bc-a9bd-bbf5ba3cb52d">
                <common:shortDescription xml:lang="en">Franklin Associates</common:shortDescription>
            </common:referenceToPersonOrEntityGeneratingTheDataSet>
        </dataGenerator>
        <dataEntryBy>
            <common:timeStamp>2019-10-15T12:34:38.595-06:00</common:timeStamp>
            <common:referenceToDataSetFormat type="source data set" refObjectId="a97a0155-0234-4b87-b4ce-a45da52f2a40" version="01.01.000" uri="../sources/a97a0155-0234-4b87-b4ce-a45da52f2a40_01.01.000.xml">
                <common:shortDescription xml:lang="en">ILCD format</common:shortDescription>
            </common:referenceToDataSetFormat>
            <common:referenceToPersonOrEntityEnteringTheData type="contact data set" refObjectId="721bcfe4-ee92-33bc-a9bd-bbf5ba3cb52d" version="01.00.000" uri="../contacts/721bcfe4-ee92-33bc-a9bd-bbf5ba3cb52d">
                <common:shortDescription xml:lang="en">Franklin Associates</common:shortDescription>
            </common:referenceToPersonOrEntityEnteringTheData>
        </dataEntryBy>
        <publicationAndOwnership>
            <common:dateOfLastRevision>2019-05-28T01:38:32.752-06:00</common:dateOfLastRevision>
            <common:dataSetVersion>00.00.003</common:dataSetVersion>
            <common:referenceToUnchangedRepublication type="source data set" refObjectId="bf627fcb-bea3-3085-87ee-2d24ac940458" version="01.00.000" uri="../sources/bf627fcb-bea3-3085-87ee-2d24ac940458">
                <common:shortDescription xml:lang="en">THE PLASTICS DIVISION OF 
THE AMERICAN C </common:shortDescription>
            </common:referenceToUnchangedRepublication>
            <common:copyright>false</common:copyright>
            <common:accessRestrictions xml:lang="en">All information can be accessed by everybody.</common:accessRestrictions>
        </publicationAndOwnership>
    </administrativeInformation>
    <exchanges>
        <exchange xmlns:olca="http://openlca.org/ilcd-extensions" dataSetInternalID="95" olca:unitId="20aadc24-a391-41cf-b340-3e4529f44bde" olca:propertyId="93a60a56-a3c8-11da-a746-0800200b9a66" olca:amount="0.00186">
            <referenceToFlowDataSet type="flow data set" refObjectId="93ebc557-2901-3beb-9d3a-e57f66ec252b" version="01.00.000" uri="../flows/93ebc557-2901-3beb-9d3a-e57f66ec252b">
                <common:shortDescription xml:lang="en">Sodium, ion</common:shortDescription>
            </referenceToFlowDataSet>
            <exchangeDirection>Output</exchangeDirection>
            <meanAmount>0.00186</meanAmount>
            <resultingAmount>0.00186</resultingAmount>
            <allocations>
                <allocation internalReferenceToCoProduct="13" allocatedFraction="0.0"/>
                <allocation internalReferenceToCoProduct="1" allocatedFraction="100.0"/>
            </allocations>
        </exchange>
        <exchange xmlns:olca="http://openlca.org/ilcd-extensions" dataSetInternalID="36" olca:unitId="20aadc24-a391-41cf-b340-3e4529f44bde" olca:propertyId="93a60a56-a3c8-11da-a746-0800200b9a66" olca:amount="4.27E-9">
            <referenceToFlowDataSet type="flow data set" refObjectId="c744b4a6-728e-3e7d-b9df-106ecdf0b7aa" version="01.00.000" uri="../flows/c744b4a6-728e-3e7d-b9df-106ecdf0b7aa">
                <common:shortDescription xml:lang="en">Octadecane</common:shortDescription>
            </referenceToFlowDataSet>
            <exchangeDirection>Output</exchangeDirection>
            <meanAmount>4.27E-9</meanAmount>
            <resultingAmount>4.27E-9</resultingAmount>
            <allocations>
                <allocation internalReferenceToCoProduct="1" allocatedFraction="100.0"/>
                <allocation internalReferenceToCoProduct="13" allocatedFraction="0.0"/>
            </allocations>
        </exchange>
        <exchange xmlns:olca="http://openlca.org/ilcd-extensions" dataSetInternalID="21" olca:unitId="20aadc24-a391-41cf-b340-3e4529f44bde" olca:propertyId="93a60a56-a3c8-11da-a746-0800200b9a66" olca:amount="8.89E-9">
            <referenceToFlowDataSet type="flow data set" refObjectId="b2038eb8-cb99-3d58-9560-9c6a152f005b" version="01.00.000" uri="../flows/b2038eb8-cb99-3d58-9560-9c6a152f005b">
                <common:shortDescription xml:lang="en">p-Cresol</common:shortDescription>
            </referenceToFlowDataSet>
            <exchangeDirection>Output</exchangeDirection>
            <meanAmount>8.89E-9</meanAmount>
            <resultingAmount>8.89E-9</resultingAmount>
            <allocations>
                <allocation internalReferenceToCoProduct="1" allocatedFraction="100.0"/>
                <allocation internalReferenceToCoProduct="13" allocatedFraction="0.0"/>
            </allocations>
        </exchange>
        <exchange xmlns:olca="http://openlca.org/ilcd-extensions" dataSetInternalID="6" olca:unitId="20aadc24-a391-41cf-b340-3e4529f44bde" olca:propertyId="93a60a56-a3c8-11da-a746-0800200b9a66" olca:amount="3.65E-4">
            <referenceToFlowDataSet type="flow data set" refObjectId="df1d0d1c-64b4-3ca7-9edb-970676393c7f" version="01.00.000" uri="../flows/df1d0d1c-64b4-3ca7-9edb-970676393c7f">
                <common:shortDescription xml:lang="en">Barium</common:shortDescription>
            </referenceToFlowDataSet>
            <exchangeDirection>Output</exchangeDirection>
            <meanAmount>3.65E-4</meanAmount>
            <resultingAmount>3.65E-4</resultingAmount>
            <allocations>
                <allocation internalReferenceToCoProduct="13" allocatedFraction="0.0"/>
                <allocation internalReferenceToCoProduct="1" allocatedFraction="100.0"/>
            </allocations>
        </exchange>
        <exchange xmlns:olca="http://openlca.org/ilcd-extensions" dataSetInternalID="42" olca:unitId="20aadc24-a391-41cf-b340-3e4529f44bde" olca:propertyId="93a60a56-a3c8-11da-a746-0800200b9a66" olca:amount="6.34E-9">
            <referenceToFlowDataSet type="flow data set" refObjectId="f6fbb3f9-ee39-3d9d-b874-20841ac7d55f" version="01.00.000" uri="../flows/f6fbb3f9-ee39-3d9d-b874-20841ac7d55f">
                <common:shortDescription xml:lang="en">Cobalt</common:shortDescription>
            </referenceToFlowDataSet>
            <exchangeDirection>Output</exchangeDirection>
            <meanAmount>6.34E-9</meanAmount>
            <resultingAmount>6.34E-9</resultingAmount>
            <allocations>
                <allocation internalReferenceToCoProduct="13" allocatedFraction="0.0"/>
                <allocation internalReferenceToCoProduct="1" allocatedFraction="100.0"/>
            </allocations>
        </exchange>
        <exchange xmlns:olca="http://openlca.org/ilcd-extensions" dataSetInternalID="4" olca:unitId="20aadc24-a391-41cf-b340-3e4529f44bde" olca:propertyId="93a60a56-a3c8-11da-a746-0800200b9a66" olca:amount="8.31E-10">
            <referenceToFlowDataSet type="flow data set" refObjectId="e22eb6cb-aa35-3ef1-8b0f-a3685281ebd0" version="01.00.000" uri="../flows/e22eb6cb-aa35-3ef1-8b0f-a3685281ebd0">
                <common:shortDescription xml:lang="en">Acetone</common:shortDescription>
            </referenceToFlowDataSet>
            <exchangeDirection>Output</exchangeDirection>
            <meanAmount>8.31E-10</meanAmount>
            <resultingAmount>8.31E-10</resultingAmount>
            <allocations>
                <allocation internalReferenceToCoProduct="1" allocatedFraction="100.0"/>
                <allocation internalReferenceToCoProduct="13" allocatedFraction="0.0"/>
            </allocations>
        </exchange>
        <exchange xmlns:olca="http://openlca.org/ilcd-extensions" dataSetInternalID="54" olca:unitId="20aadc24-a391-41cf-b340-3e4529f44bde" olca:propertyId="93a60a56-a3c8-11da-a746-0800200b9a66" olca:amount="2.96E-10">
            <referenceToFlowDataSet type="flow data set" refObjectId="984bef7c-3a39-337f-8383-93457f65d597" version="01.00.000" uri="../flows/984bef7c-3a39-337f-8383-93457f65d597">
                <common:shortDescription xml:lang="en">Mercury</common:shortDescription>
            </referenceToFlowDataSet>
            <exchangeDirection>Output</exchangeDirection>
            <meanAmount>2.96E-10</meanAmount>
            <resultingAmount>2.96E-10</resultingAmount>
            <allocations>
                <allocation internalReferenceToCoProduct="1" allocatedFraction="100.0"/>
                <allocation internalReferenceToCoProduct="13" allocatedFraction="0.0"/>
            </allocations>
        </exchange>
        <exchange xmlns:olca="http://openlca.org/ilcd-extensions" dataSetInternalID="27" olca:unitId="20aadc24-a391-41cf-b340-3e4529f44bde" olca:propertyId="93a60a56-a3c8-11da-a746-0800200b9a66" olca:amount="9.03E-9">
            <referenceToFlowDataSet type="flow data set" refObjectId="c3b0146d-ff46-3105-908f-bed7960d1299" version="01.00.000" uri="../flows/c3b0146d-ff46-3105-908f-bed7960d1299">
                <common:shortDescription xml:lang="en">Cadmium, ion</common:shortDescription>
            </referenceToFlowDataSet>
            <exchangeDirection>Output</exchangeDirection>
            <meanAmount>9.03E-9</meanAmount>
            <resultingAmount>9.03E-9</resultingAmount>
            <allocations>
                <allocation internalReferenceToCoProduct="13" allocatedFraction="0.0"/>
                <allocation internalReferenceToCoProduct="1" allocatedFraction="100.0"/>
            </allocations>
        </exchange>
        <exchange xmlns:olca="http://openlca.org/ilcd-extensions" dataSetInternalID="12" olca:unitId="20aadc24-a391-41cf-b340-3e4529f44bde" olca:propertyId="93a60a56-a3c8-11da-a746-0800200b9a66" olca:amount="5.26E-5">
            <referenceToFlowDataSet type="flow data set" refObjectId="961ccd56-2eee-4f57-bb18-fc4362b49000" version="01.00.000" uri="../flows/961ccd56-2eee-4f57-bb18-fc4362b49000">
                <common:shortDescription xml:lang="en">COD, Chemical Oxygen Demand</common:shortDescription>
            </referenceToFlowDataSet>
            <exchangeDirection>Output</exchangeDirection>
            <meanAmount>5.26E-5</meanAmount>
            <resultingAmount>5.26E-5</resultingAmount>
            <allocations>
                <allocation internalReferenceToCoProduct="13" allocatedFraction="0.0"/>
                <allocation internalReferenceToCoProduct="1" allocatedFraction="100.0"/>
            </allocations>
        </exchange>
        <exchange xmlns:olca="http://openlca.org/ilcd-extensions" dataSetInternalID="59" olca:unitId="20aadc24-a391-41cf-b340-3e4529f44bde" olca:propertyId="93a60a56-a3c8-11da-a746-0800200b9a66" olca:amount="1.46E-7">
            <referenceToFlowDataSet type="flow data set" refObjectId="77fcca9a-7ac9-3513-8bd9-9e849e08bb6f" version="01.00.000" uri="../flows/77fcca9a-7ac9-3513-8bd9-9e849e08bb6f">
                <common:shortDescription xml:lang="en">Xylene</common:shortDescription>
            </referenceToFlowDataSet>
            <exchangeDirection>Output</exchangeDirection>
            <meanAmount>1.46E-7</meanAmount>
            <resultingAmount>1.46E-7</resultingAmount>
            <allocations>
                <allocation internalReferenceToCoProduct="13" allocatedFraction="0.0"/>
                <allocation internalReferenceToCoProduct="1" allocatedFraction="100.0"/>
            </allocations>
        </exchange>
        <exchange xmlns:olca="http://openlca.org/ilcd-extensions" dataSetInternalID="69" olca:unitId="20aadc24-a391-41cf-b340-3e4529f44bde" olca:propertyId="93a60a56-a3c8-11da-a746-0800200b9a66" olca:amount="8.17E-9">
            <referenceToFlowDataSet type="flow data set" refObjectId="d017a101-7440-3c63-836a-ee563a2a8a6b" version="01.00.000" uri="../flows/d017a101-7440-3c63-836a-ee563a2a8a6b">
                <common:shortDescription xml:lang="en">m-Xylene</common:shortDescription>
            </referenceToFlowDataSet>
            <exchangeDirection>Output</exchangeDirection>
            <meanAmount>8.17E-9</meanAmount>
            <resultingAmount>8.17E-9</resultingAmount>
            <allocations>
                <allocation internalReferenceToCoProduct="1" allocatedFraction="100.0"/>
                <allocation internalReferenceToCoProduct="13" allocatedFraction="0.0"/>
            </allocations>
        </exchange>
        <exchange xmlns:olca="http://openlca.org/ilcd-extensions" dataSetInternalID="75" olca:unitId="20aadc24-a391-41cf-b340-3e4529f44bde" olca:propertyId="93a60a56-a3c8-11da-a746-0800200b9a66" olca:amount="5.88E-8">
            <referenceToFlowDataSet type="flow data set" refObjectId="ffe55999-19d9-3ac1-b89e-97076f36c437" version="01.00.000" uri="../flows/ffe55999-19d9-3ac1-b89e-97076f36c437">
                <common:shortDescription xml:lang="en">Arsenic, ion</common:shortDescription>
            </referenceToFlowDataSet>
            <exchangeDirection>Output</exchangeDirection>
            <meanAmount>5.88E-8</meanAmount>
            <resultingAmount>5.88E-8</resultingAmount>
            <allocations>
                <allocation internalReferenceToCoProduct="13" allocatedFraction="0.0"/>
                <allocation internalReferenceToCoProduct="1" allocatedFraction="100.0"/>
            </allocations>
        </exchange>
        <exchange xmlns:olca="http://openlca.org/ilcd-extensions" dataSetInternalID="58" olca:unitId="20aadc24-a391-41cf-b340-3e4529f44bde" olca:propertyId="93a60a56-a3c8-11da-a746-0800200b9a66" olca:amount="3.75E-10">
            <referenceToFlowDataSet type="flow data set" refObjectId="08e63ddf-e187-31d8-8acd-47ba881b2812" version="01.00.000" uri="../flows/08e63ddf-e187-31d8-8acd-47ba881b2812">
                <common:shortDescription xml:lang="en">Phenanthrenes, alkylated, unspecified</common:shortDescription>
            </referenceToFlowDataSet>
            <exchangeDirection>Output</exchangeDirection>
            <meanAmount>3.75E-10</meanAmount>
            <resultingAmount>3.75E-10</resultingAmount>
            <allocations>
                <allocation internalReferenceToCoProduct="13" allocatedFraction="0.0"/>
                <allocation internalReferenceToCoProduct="1" allocatedFraction="100.0"/>
            </allocations>
        </exchange>
        <exchange xmlns:olca="http://openlca.org/ilcd-extensions" dataSetInternalID="35" olca:unitId="20aadc24-a391-41cf-b340-3e4529f44bde" olca:propertyId="93a60a56-a3c8-11da-a746-0800200b9a66" olca:amount="5.93E-12">
            <referenceToFlowDataSet type="flow data set" refObjectId="029965e2-8227-3af2-a379-0bec2d656e7f" version="01.00.000" uri="../flows/029965e2-8227-3af2-a379-0bec2d656e7f">
                <common:shortDescription xml:lang="en">Cyanide</common:shortDescription>
            </referenceToFlowDataSet>
            <exchangeDirection>Output</exchangeDirection>
            <meanAmount>5.93E-12</meanAmount>
            <resultingAmount>5.93E-12</resultingAmount>
            <allocations>
                <allocation internalReferenceToCoProduct="1" allocatedFraction="100.0"/>
                <allocation internalReferenceToCoProduct="13" allocatedFraction="0.0"/>
            </allocations>
        </exchange>
        <exchange xmlns:olca="http://openlca.org/ilcd-extensions" dataSetInternalID="49" olca:unitId="20aadc24-a391-41cf-b340-3e4529f44bde" olca:propertyId="93a60a56-a3c8-11da-a746-0800200b9a66" olca:amount="3.18E-5">
            <referenceToFlowDataSet type="flow data set" refObjectId="16a0fc94-eaec-315c-9f2f-328d8833dcad" version="01.00.000" uri="../flows/16a0fc94-eaec-315c-9f2f-328d8833dcad">
                <common:shortDescription xml:lang="en">BOD5, Biological Oxygen Demand</common:shortDescription>
            </referenceToFlowDataSet>
            <exchangeDirection>Output</exchangeDirection>
            <meanAmount>3.18E-5</meanAmount>
            <resultingAmount>3.18E-5</resultingAmount>
            <allocations>
                <allocation internalReferenceToCoProduct="1" allocatedFraction="100.0"/>
                <allocation internalReferenceToCoProduct="13" allocatedFraction="0.0"/>
            </allocations>
        </exchange>
        <exchange xmlns:olca="http://openlca.org/ilcd-extensions" dataSetInternalID="24" olca:unitId="20aadc24-a391-41cf-b340-3e4529f44bde" olca:propertyId="93a60a56-a3c8-11da-a746-0800200b9a66" olca:amount="3.03E-9">
            <referenceToFlowDataSet type="flow data set" refObjectId="bb7e8be4-9c3c-34a7-b29f-b964a9748324" version="01.00.000" uri="../flows/bb7e8be4-9c3c-34a7-b29f-b964a9748324">
                <common:shortDescription xml:lang="en">p-Xylene</common:shortDescription>
            </referenceToFlowDataSet>
            <exchangeDirection>Output</exchangeDirection>
            <meanAmount>3.03E-9</meanAmount>
            <resultingAmount>3.03E-9</resultingAmount>
            <allocations>
                <allocation internalReferenceToCoProduct="13" allocatedFraction="0.0"/>
                <allocation internalReferenceToCoProduct="1" allocatedFraction="100.0"/>
            </allocations>
        </exchange>
        <exchange xmlns:olca="http://openlca.org/ilcd-extensions" dataSetInternalID="78" olca:unitId="20aadc24-a391-41cf-b340-3e4529f44bde" olca:propertyId="93a60a56-a3c8-11da-a746-0800200b9a66" olca:amount="3.92E-5">
            <referenceToFlowDataSet type="flow data set" refObjectId="66858f3e-29ef-3d70-98cc-7860ec71f647" version="01.00.000" uri="../flows/66858f3e-29ef-3d70-98cc-7860ec71f647">
                <common:shortDescription xml:lang="en">Bromide</common:shortDescription>
            </referenceToFlowDataSet>
            <exchangeDirection>Output</exchangeDirection>
            <meanAmount>3.92E-5</meanAmount>
            <resultingAmount>3.92E-5</resultingAmount>
            <allocations>
                <allocation internalReferenceToCoProduct="1" allocatedFraction="100.0"/>
                <allocation internalReferenceToCoProduct="13" allocatedFraction="0.0"/>
            </allocations>
        </exchange>
        <exchange xmlns:olca="http://openlca.org/ilcd-extensions" dataSetInternalID="25" olca:unitId="20aadc24-a391-41cf-b340-3e4529f44bde" olca:propertyId="93a60a56-a3c8-11da-a746-0800200b9a66" olca:amount="1.83E-8">
            <referenceToFlowDataSet type="flow data set" refObjectId="56f667ce-eaf9-3e5b-b45d-88e2bea24ff5" version="01.00.000" uri="../flows/56f667ce-eaf9-3e5b-b45d-88e2bea24ff5">
                <common:shortDescription xml:lang="en">Benzene, ethyl-</common:shortDescription>
            </referenceToFlowDataSet>
            <exchangeDirection>Output</exchangeDirection>
            <meanAmount>1.83E-8</meanAmount>
            <resultingAmount>1.83E-8</resultingAmount>
            <allocations>
                <allocation internalReferenceToCoProduct="1" allocatedFraction="100.0"/>
                <allocation internalReferenceToCoProduct="13" allocatedFraction="0.0"/>
            </allocations>
        </exchange>
        <exchange xmlns:olca="http://openlca.org/ilcd-extensions" dataSetInternalID="77" olca:unitId="20aadc24-a391-41cf-b340-3e4529f44bde" olca:propertyId="93a60a56-a3c8-11da-a746-0800200b9a66" olca:amount="1.04E-14">
            <referenceToFlowDataSet type="flow data set" refObjectId="9f17e382-d373-35e5-8ca4-99fdad2f939a" version="01.00.000" uri="../flows/9f17e382-d373-35e5-8ca4-99fdad2f939a">
                <common:shortDescription xml:lang="en">Radium-226/kg</common:shortDescription>
            </referenceToFlowDataSet>
            <exchangeDirection>Output</exchangeDirection>
            <meanAmount>1.04E-14</meanAmount>
            <resultingAmount>1.04E-14</resultingAmount>
            <allocations>
                <allocation internalReferenceToCoProduct="13" allocatedFraction="0.0"/>
                <allocation internalReferenceToCoProduct="1" allocatedFraction="100.0"/>
            </allocations>
        </exchange>
        <exchange xmlns:olca="http://openlca.org/ilcd-extensions" dataSetInternalID="39" olca:unitId="20aadc24-a391-41cf-b340-3e4529f44bde" olca:propertyId="93a60a56-a3c8-11da-a746-0800200b9a66" olca:amount="6.02E-8">
            <referenceToFlowDataSet type="flow data set" refObjectId="ed985804-e100-3e5a-9e97-8ce924124936" version="01.00.000" uri="../flows/ed985804-e100-3e5a-9e97-8ce924124936">
                <common:shortDescription xml:lang="en">Hexanoic acid</common:shortDescription>
            </referenceToFlowDataSet>
            <exchangeDirection>Output</exchangeDirection>
            <meanAmount>6.02E-8</meanAmount>
            <resultingAmount>6.02E-8</resultingAmount>
            <allocations>
                <allocation internalReferenceToCoProduct="1" allocatedFraction="100.0"/>
                <allocation internalReferenceToCoProduct="13" allocatedFraction="0.0"/>
            </allocations>
        </exchange>
        <exchange xmlns:olca="http://openlca.org/ilcd-extensions" dataSetInternalID="73" olca:unitId="20aadc24-a391-41cf-b340-3e4529f44bde" olca:propertyId="93a60a56-a3c8-11da-a746-0800200b9a66" olca:amount="3.56E-9">
            <referenceToFlowDataSet type="flow data set" refObjectId="e0d4e7fa-637f-3a85-8419-341f0b632d26" version="01.00.000" uri="../flows/e0d4e7fa-637f-3a85-8419-341f0b632d26">
                <common:shortDescription xml:lang="en">Thallium</common:shortDescription>
            </referenceToFlowDataSet>
            <exchangeDirection>Output</exchangeDirection>
            <meanAmount>3.56E-9</meanAmount>
            <resultingAmount>3.56E-9</resultingAmount>
            <allocations>
                <allocation internalReferenceToCoProduct="1" allocatedFraction="100.0"/>
                <allocation internalReferenceToCoProduct="13" allocatedFraction="0.0"/>
            </allocations>
        </exchange>
        <exchange xmlns:olca="http://openlca.org/ilcd-extensions" dataSetInternalID="46" olca:unitId="20aadc24-a391-41cf-b340-3e4529f44bde" olca:propertyId="93a60a56-a3c8-11da-a746-0800200b9a66" olca:amount="1.92E-9">
            <referenceToFlowDataSet type="flow data set" refObjectId="1d8f2c0c-0700-3cc2-987d-3a2ed96337ae" version="01.00.000" uri="../flows/1d8f2c0c-0700-3cc2-987d-3a2ed96337ae">
                <common:shortDescription xml:lang="en">Yttrium</common:shortDescription>
            </referenceToFlowDataSet>
            <exchangeDirection>Output</exchangeDirection>
            <meanAmount>1.92E-9</meanAmount>
            <resultingAmount>1.92E-9</resultingAmount>
            <allocations>
                <allocation internalReferenceToCoProduct="1" allocatedFraction="100.0"/>
                <allocation internalReferenceToCoProduct="13" allocatedFraction="0.0"/>
            </allocations>
        </exchange>
        <exchange xmlns:olca="http://openlca.org/ilcd-extensions" dataSetInternalID="5" olca:unitId="20aadc24-a391-41cf-b340-3e4529f44bde" olca:propertyId="93a60a56-a3c8-11da-a746-0800200b9a66" olca:amount="3.27E-9">
            <referenceToFlowDataSet type="flow data set" refObjectId="b4cec7e5-b107-3e94-8152-1d30a754387f" version="01.00.000" uri="../flows/b4cec7e5-b107-3e94-8152-1d30a754387f">
                <common:shortDescription xml:lang="en">Selenium</common:shortDescription>
            </referenceToFlowDataSet>
            <exchangeDirection>Output</exchangeDirection>
            <meanAmount>3.27E-9</meanAmount>
            <resultingAmount>3.27E-9</resultingAmount>
            <allocations>
                <allocation internalReferenceToCoProduct="1" allocatedFraction="100.0"/>
                <allocation internalReferenceToCoProduct="13" allocatedFraction="0.0"/>
            </allocations>
        </exchange>
        <exchange xmlns:olca="http://openlca.org/ilcd-extensions" dataSetInternalID="65" olca:unitId="20aadc24-a391-41cf-b340-3e4529f44bde" olca:propertyId="93a60a56-a3c8-11da-a746-0800200b9a66" olca:amount="7.21E-7">
            <referenceToFlowDataSet type="flow data set" refObjectId="63e7b036-8549-11e0-9d78-0800200c9a66" version="01.00.000" uri="../flows/63e7b036-8549-11e0-9d78-0800200c9a66">
                <common:shortDescription xml:lang="en">Chromium</common:shortDescription>
            </referenceToFlowDataSet>
            <exchangeDirection>Output</exchangeDirection>
            <meanAmount>7.21E-7</meanAmount>
            <resultingAmount>7.21E-7</resultingAmount>
            <allocations>
                <allocation internalReferenceToCoProduct="1" allocatedFraction="100.0"/>
                <allocation internalReferenceToCoProduct="13" allocatedFraction="0.0"/>
            </allocations>
        </exchange>
        <exchange xmlns:olca="http://openlca.org/ilcd-extensions" dataSetInternalID="93" olca:unitId="20aadc24-a391-41cf-b340-3e4529f44bde" olca:propertyId="93a60a56-a3c8-11da-a746-0800200b9a66" olca:amount="3.31E-12">
            <referenceToFlowDataSet type="flow data set" refObjectId="55d397ed-1326-3239-bf9b-c6644f59275a" version="01.00.000" uri="../flows/55d397ed-1326-3239-bf9b-c6644f59275a">
                <common:shortDescription xml:lang="en">Methane, monochloro-, R-40</common:shortDescription>
            </referenceToFlowDataSet>
            <exchangeDirection>Output</exchangeDirection>
            <meanAmount>3.31E-12</meanAmount>
            <resultingAmount>3.31E-12</resultingAmount>
            <allocations>
                <allocation internalReferenceToCoProduct="1" allocatedFraction="100.0"/>
                <allocation internalReferenceToCoProduct="13" allocatedFraction="0.0"/>
            </allocations>
        </exchange>
        <exchange xmlns:olca="http://openlca.org/ilcd-extensions" dataSetInternalID="31" olca:unitId="20aadc24-a391-41cf-b340-3e4529f44bde" olca:propertyId="93a60a56-a3c8-11da-a746-0800200b9a66" olca:amount="0.00634">
            <referenceToFlowDataSet type="flow data set" refObjectId="20408dd1-8534-11e0-9d78-0800200c9a66" version="01.00.000" uri="../flows/20408dd1-8534-11e0-9d78-0800200c9a66">
                <common:shortDescription xml:lang="en">Methane</common:shortDescription>
            </referenceToFlowDataSet>
            <exchangeDirection>Output</exchangeDirection>
            <meanAmount>0.00634</meanAmount>
            <resultingAmount>0.00634</resultingAmount>
            <allocations>
                <allocation internalReferenceToCoProduct="13" allocatedFraction="0.0"/>
                <allocation internalReferenceToCoProduct="1" allocatedFraction="100.0"/>
            </allocations>
        </exchange>
        <exchange xmlns:olca="http://openlca.org/ilcd-extensions" dataSetInternalID="28" olca:unitId="20aadc24-a391-41cf-b340-3e4529f44bde" olca:propertyId="93a60a56-a3c8-11da-a746-0800200b9a66" olca:amount="3.46E-6">
            <referenceToFlowDataSet type="flow data set" refObjectId="63e78926-8549-11e0-9d78-0800200c9a66" version="01.00.000" uri="../flows/63e78926-8549-11e0-9d78-0800200c9a66">
                <common:shortDescription xml:lang="en">Ammonia</common:shortDescription>
            </referenceToFlowDataSet>
            <exchangeDirection>Output</exchangeDirection>
            <meanAmount>3.46E-6</meanAmount>
            <resultingAmount>3.46E-6</resultingAmount>
            <allocations>
                <allocation internalReferenceToCoProduct="13" allocatedFraction="0.0"/>
                <allocation internalReferenceToCoProduct="1" allocatedFraction="100.0"/>
            </allocations>
        </exchange>
        <exchange xmlns:olca="http://openlca.org/ilcd-extensions" dataSetInternalID="62" olca:unitId="20aadc24-a391-41cf-b340-3e4529f44bde" olca:propertyId="93a60a56-a3c8-11da-a746-0800200b9a66" olca:amount="6.15E-7">
            <referenceToFlowDataSet type="flow data set" refObjectId="63e8256f-8549-11e0-9d78-0800200c9a66" version="01.00.000" uri="../flows/63e8256f-8549-11e0-9d78-0800200c9a66">
                <common:shortDescription xml:lang="en">Zinc</common:shortDescription>
            </referenceToFlowDataSet>
            <exchangeDirection>Output</exchangeDirection>
            <meanAmount>6.15E-7</meanAmount>
            <resultingAmount>6.15E-7</resultingAmount>
            <allocations>
                <allocation internalReferenceToCoProduct="1" allocatedFraction="100.0"/>
                <allocation internalReferenceToCoProduct="13" allocatedFraction="0.0"/>
            </allocations>
        </exchange>
        <exchange xmlns:olca="http://openlca.org/ilcd-extensions" dataSetInternalID="88" olca:unitId="20aadc24-a391-41cf-b340-3e4529f44bde" olca:propertyId="93a60a56-a3c8-11da-a746-0800200b9a66" olca:amount="0.00773">
            <referenceToFlowDataSet type="flow data set" refObjectId="2b12e42f-cfca-3dc8-97cf-abe04f8dc67b" version="01.00.000" uri="../flows/2b12e42f-cfca-3dc8-97cf-abe04f8dc67b">
                <common:shortDescription xml:lang="en">Chloride</common:shortDescription>
            </referenceToFlowDataSet>
            <exchangeDirection>Output</exchangeDirection>
            <meanAmount>0.00773</meanAmount>
            <resultingAmount>0.00773</resultingAmount>
            <allocations>
                <allocation internalReferenceToCoProduct="1" allocatedFraction="100.0"/>
                <allocation internalReferenceToCoProduct="13" allocatedFraction="0.0"/>
            </allocations>
        </exchange>
        <exchange xmlns:olca="http://openlca.org/ilcd-extensions" dataSetInternalID="11" olca:unitId="20aadc24-a391-41cf-b340-3e4529f44bde" olca:propertyId="93a60a56-a3c8-11da-a746-0800200b9a66" olca:amount="1.48E-9">
            <referenceToFlowDataSet type="flow data set" refObjectId="adc14f27-8ee5-3312-9606-910052d43d68" version="01.00.000" uri="../flows/adc14f27-8ee5-3312-9606-910052d43d68">
                <common:shortDescription xml:lang="en">Fluorine</common:shortDescription>
            </referenceToFlowDataSet>
            <exchangeDirection>Output</exchangeDirection>
            <meanAmount>1.48E-9</meanAmount>
            <resultingAmount>1.48E-9</resultingAmount>
            <allocations>
                <allocation internalReferenceToCoProduct="13" allocatedFraction="0.0"/>
                <allocation internalReferenceToCoProduct="1" allocatedFraction="100.0"/>
            </allocations>
        </exchange>
        <exchange xmlns:olca="http://openlca.org/ilcd-extensions" dataSetInternalID="23" olca:unitId="20aadc24-a391-41cf-b340-3e4529f44bde" olca:propertyId="93a60a56-a3c8-11da-a746-0800200b9a66" olca:amount="1.88E-9">
            <referenceToFlowDataSet type="flow data set" refObjectId="ff6c05ff-c7fa-30f1-a0ea-2cb3326453f5" version="01.00.000" uri="../flows/ff6c05ff-c7fa-30f1-a0ea-2cb3326453f5">
                <common:shortDescription xml:lang="en">2-Hexanone</common:shortDescription>
            </referenceToFlowDataSet>
            <exchangeDirection>Output</exchangeDirection>
            <meanAmount>1.88E-9</meanAmount>
            <resultingAmount>1.88E-9</resultingAmount>
            <allocations>
                <allocation internalReferenceToCoProduct="13" allocatedFraction="0.0"/>
                <allocation internalReferenceToCoProduct="1" allocatedFraction="100.0"/>
            </allocations>
        </exchange>
        <exchange xmlns:olca="http://openlca.org/ilcd-extensions" dataSetInternalID="85" olca:unitId="20aadc24-a391-41cf-b340-3e4529f44bde" olca:propertyId="93a60a56-a3c8-11da-a746-0800200b9a66" olca:amount="1.54E-7">
            <referenceToFlowDataSet type="flow data set" refObjectId="c90fa9d9-1ec5-3acc-849f-fb2af9581262" version="01.00.000" uri="../flows/c90fa9d9-1ec5-3acc-849f-fb2af9581262">
                <common:shortDescription xml:lang="en">Surfactants</common:shortDescription>
            </referenceToFlowDataSet>
            <exchangeDirection>Output</exchangeDirection>
            <meanAmount>1.54E-7</meanAmount>
            <resultingAmount>1.54E-7</resultingAmount>
            <allocations>
                <allocation internalReferenceToCoProduct="13" allocatedFraction="0.0"/>
                <allocation internalReferenceToCoProduct="1" allocatedFraction="100.0"/>
            </allocations>
        </exchange>
        <exchange xmlns:olca="http://openlca.org/ilcd-extensions" dataSetInternalID="79" olca:unitId="20aadc24-a391-41cf-b340-3e4529f44bde" olca:propertyId="93a60a56-a3c8-11da-a746-0800200b9a66" olca:amount="5.44E-6">
            <referenceToFlowDataSet type="flow data set" refObjectId="39587969-515b-3599-a403-78c461a936eb" version="01.00.000" uri="../flows/39587969-515b-3599-a403-78c461a936eb">
                <common:shortDescription xml:lang="en">Oils, unspecified</common:shortDescription>
            </referenceToFlowDataSet>
            <exchangeDirection>Output</exchangeDirection>
            <meanAmount>5.44E-6</meanAmount>
            <resultingAmount>5.44E-6</resultingAmount>
            <allocations>
                <allocation internalReferenceToCoProduct="13" allocatedFraction="0.0"/>
                <allocation internalReferenceToCoProduct="1" allocatedFraction="100.0"/>
            </allocations>
        </exchange>
        <exchange xmlns:olca="http://openlca.org/ilcd-extensions" dataSetInternalID="18" olca:unitId="20aadc24-a391-41cf-b340-3e4529f44bde" olca:propertyId="93a60a56-a3c8-11da-a746-0800200b9a66" olca:amount="2.7E-5">
            <referenceToFlowDataSet type="flow data set" refObjectId="dc52a4db-da65-3119-8e62-70228d090990" version="01.00.000" uri="../flows/dc52a4db-da65-3119-8e62-70228d090990">
                <common:shortDescription xml:lang="en">Aluminum</common:shortDescription>
            </referenceToFlowDataSet>
            <exchangeDirection>Output</exchangeDirection>
            <meanAmount>2.7E-5</meanAmount>
            <resultingAmount>2.7E-5</resultingAmount>
            <allocations>
                <allocation internalReferenceToCoProduct="1" allocatedFraction="100.0"/>
                <allocation internalReferenceToCoProduct="13" allocatedFraction="0.0"/>
            </allocations>
        </exchange>
        <exchange xmlns:olca="http://openlca.org/ilcd-extensions" dataSetInternalID="17" olca:unitId="1c3a9695-398d-4b1f-b07e-a8715b610f70" olca:propertyId="93a60a56-a3c8-22da-a746-0800200c9a66" olca:amount="0.00101">
            <referenceToFlowDataSet type="flow data set" refObjectId="654a5cf6-185f-3d91-89ef-42442d1825e8" version="01.00.000" uri="../flows/654a5cf6-185f-3d91-89ef-42442d1825e8">
                <common:shortDescription xml:lang="en">Residual fuel oil, combusted in industrial boiler</common:shortDescription>
            </referenceToFlowDataSet>
            <exchangeDirection>Input</exchangeDirection>
            <meanAmount>0.00101</meanAmount>
            <resultingAmount>0.00101</resultingAmount>
            <allocations>
                <allocation internalReferenceToCoProduct="1" allocatedFraction="100.0"/>
                <allocation internalReferenceToCoProduct="13" allocatedFraction="0.0"/>
            </allocations>
        </exchange>
        <exchange xmlns:olca="http://openlca.org/ilcd-extensions" dataSetInternalID="53" olca:unitId="20aadc24-a391-41cf-b340-3e4529f44bde" olca:propertyId="93a60a56-a3c8-11da-a746-0800200b9a66" olca:amount="0.214">
            <referenceToFlowDataSet type="flow data set" refObjectId="63af114b-afcb-3a82-801a-9c66208a673a" version="01.00.000" uri="../flows/63af114b-afcb-3a82-801a-9c66208a673a">
                <common:shortDescription xml:lang="en">Carbon dioxide, fossil </common:shortDescription>
            </referenceToFlowDataSet>
            <exchangeDirection>Output</exchangeDirection>
            <meanAmount>0.214</meanAmount>
            <resultingAmount>0.214</resultingAmount>
            <allocations>
                <allocation internalReferenceToCoProduct="13" allocatedFraction="0.0"/>
                <allocation internalReferenceToCoProduct="1" allocatedFraction="100.0"/>
            </allocations>
        </exchange>
        <exchange xmlns:olca="http://openlca.org/ilcd-extensions" dataSetInternalID="56" olca:unitId="20aadc24-a391-41cf-b340-3e4529f44bde" olca:propertyId="93a60a56-a3c8-11da-a746-0800200b9a66" olca:amount="6.35E-4">
            <referenceToFlowDataSet type="flow data set" refObjectId="0baf0278-2f1b-369a-9a1a-839ef6ec6a22" version="01.00.000" uri="../flows/0baf0278-2f1b-369a-9a1a-839ef6ec6a22">
                <common:shortDescription xml:lang="en">Calcium, ion</common:shortDescription>
            </referenceToFlowDataSet>
            <exchangeDirection>Output</exchangeDirection>
            <meanAmount>6.35E-4</meanAmount>
            <resultingAmount>6.35E-4</resultingAmount>
            <allocations>
                <allocation internalReferenceToCoProduct="13" allocatedFraction="0.0"/>
                <allocation internalReferenceToCoProduct="1" allocatedFraction="100.0"/>
            </allocations>
        </exchange>
        <exchange xmlns:olca="http://openlca.org/ilcd-extensions" dataSetInternalID="16" olca:unitId="20aadc24-a391-41cf-b340-3e4529f44bde" olca:propertyId="93a60a56-a3c8-11da-a746-0800200b9a66" olca:amount="7.92E-8">
            <referenceToFlowDataSet type="flow data set" refObjectId="c99b594a-70e7-3b22-9fcb-bcfdefa2411c" version="01.00.000" uri="../flows/c99b594a-70e7-3b22-9fcb-bcfdefa2411c">
                <common:shortDescription xml:lang="en">Phenol</common:shortDescription>
            </referenceToFlowDataSet>
            <exchangeDirection>Output</exchangeDirection>
            <meanAmount>7.92E-8</meanAmount>
            <resultingAmount>7.92E-8</resultingAmount>
            <allocations>
                <allocation internalReferenceToCoProduct="1" allocatedFraction="100.0"/>
                <allocation internalReferenceToCoProduct="13" allocatedFraction="0.0"/>
            </allocations>
        </exchange>
        <exchange xmlns:olca="http://openlca.org/ilcd-extensions" dataSetInternalID="86" olca:unitId="20aadc24-a391-41cf-b340-3e4529f44bde" olca:propertyId="93a60a56-a3c8-11da-a746-0800200b9a66" olca:amount="2.6E-7">
            <referenceToFlowDataSet type="flow data set" refObjectId="97a06573-4c7c-37cf-94c3-14e7cbe6b4e3" version="01.00.000" uri="../flows/97a06573-4c7c-37cf-94c3-14e7cbe6b4e3">
                <common:shortDescription xml:lang="en">Titanium, ion</common:shortDescription>
            </referenceToFlowDataSet>
            <exchangeDirection>Output</exchangeDirection>
            <meanAmount>2.6E-7</meanAmount>
            <resultingAmount>2.6E-7</resultingAmount>
            <allocations>
                <allocation internalReferenceToCoProduct="13" allocatedFraction="0.0"/>
                <allocation internalReferenceToCoProduct="1" allocatedFraction="100.0"/>
            </allocations>
        </exchange>
        <exchange xmlns:olca="http://openlca.org/ilcd-extensions" dataSetInternalID="64" olca:unitId="20aadc24-a391-41cf-b340-3e4529f44bde" olca:propertyId="93a60a56-a3c8-11da-a746-0800200b9a66" olca:amount="2.98E-17">
            <referenceToFlowDataSet type="flow data set" refObjectId="56dda061-eb7b-3b15-815c-5298cba73949" version="01.00.000" uri="../flows/56dda061-eb7b-3b15-815c-5298cba73949">
                <common:shortDescription xml:lang="en">Lead-210/kg</common:shortDescription>
            </referenceToFlowDataSet>
            <exchangeDirection>Output</exchangeDirection>
            <meanAmount>2.98E-17</meanAmount>
            <resultingAmount>2.98E-17</resultingAmount>
            <allocations>
                <allocation internalReferenceToCoProduct="13" allocatedFraction="0.0"/>
                <allocation internalReferenceToCoProduct="1" allocatedFraction="100.0"/>
            </allocations>
        </exchange>
        <exchange xmlns:olca="http://openlca.org/ilcd-extensions" dataSetInternalID="94" olca:unitId="20aadc24-a391-41cf-b340-3e4529f44bde" olca:propertyId="93a60a56-a3c8-11da-a746-0800200b9a66" olca:amount="2.87E-5">
            <referenceToFlowDataSet type="flow data set" refObjectId="4db739d9-a558-3e67-84b3-8d6cf0edafc3" version="01.00.000" uri="../flows/4db739d9-a558-3e67-84b3-8d6cf0edafc3">
                <common:shortDescription xml:lang="en">Lithium, ion</common:shortDescription>
            </referenceToFlowDataSet>
            <exchangeDirection>Output</exchangeDirection>
            <meanAmount>2.87E-5</meanAmount>
            <resultingAmount>2.87E-5</resultingAmount>
            <allocations>
                <allocation internalReferenceToCoProduct="1" allocatedFraction="100.0"/>
                <allocation internalReferenceToCoProduct="13" allocatedFraction="0.0"/>
            </allocations>
        </exchange>
        <exchange xmlns:olca="http://openlca.org/ilcd-extensions" dataSetInternalID="1" olca:unitId="20aadc24-a391-41cf-b340-3e4529f44bde" olca:propertyId="93a60a56-a3c8-11da-a746-0800200b9a66" olca:amount="1.0">
            <referenceToFlowDataSet type="flow data set" refObjectId="48187a93-fc4e-3c80-98c2-5b0eaafc07d4" version="01.00.000" uri="../flows/48187a93-fc4e-3c80-98c2-5b0eaafc07d4">
                <common:shortDescription xml:lang="en">Sulfur, at plant</common:shortDescription>
            </referenceToFlowDataSet>
            <exchangeDirection>Output</exchangeDirection>
            <meanAmount>1.0</meanAmount>
            <resultingAmount>1.0</resultingAmount>
            <allocations>
                <allocation internalReferenceToCoProduct="1" allocatedFraction="100.0"/>
            </allocations>
        </exchange>
        <exchange xmlns:olca="http://openlca.org/ilcd-extensions" dataSetInternalID="43" olca:unitId="20aadc24-a391-41cf-b340-3e4529f44bde" olca:propertyId="93a60a56-a3c8-11da-a746-0800200b9a66" olca:amount="6.16E-12">
            <referenceToFlowDataSet type="flow data set" refObjectId="257416fb-9dad-339f-860c-aae989d0490c" version="01.00.000" uri="../flows/257416fb-9dad-339f-860c-aae989d0490c">
                <common:shortDescription xml:lang="en">Benzene, pentamethyl-</common:shortDescription>
            </referenceToFlowDataSet>
            <exchangeDirection>Output</exchangeDirection>
            <meanAmount>6.16E-12</meanAmount>
            <resultingAmount>6.16E-12</resultingAmount>
            <allocations>
                <allocation internalReferenceToCoProduct="1" allocatedFraction="100.0"/>
                <allocation internalReferenceToCoProduct="13" allocatedFraction="0.0"/>
            </allocations>
        </exchange>
        <exchange xmlns:olca="http://openlca.org/ilcd-extensions" dataSetInternalID="37" olca:unitId="52765a6c-3896-43c2-b2f4-c679acf13efe" olca:propertyId="f6811440-ee37-11de-8a39-0800200c9a66" olca:amount="0.159">
            <referenceToFlowDataSet type="flow data set" refObjectId="06581fb2-1de0-3e78-8298-f37605dea142" version="01.00.000" uri="../flows/06581fb2-1de0-3e78-8298-f37605dea142">
                <common:shortDescription xml:lang="en">Electricity, at grid</common:shortDescription>
            </referenceToFlowDataSet>
            <exchangeDirection>Input</exchangeDirection>
            <meanAmount>0.159</meanAmount>
            <resultingAmount>0.159</resultingAmount>
            <allocations>
                <allocation internalReferenceToCoProduct="1" allocatedFraction="100.0"/>
                <allocation internalReferenceToCoProduct="13" allocatedFraction="0.0"/>
            </allocations>
        </exchange>
        <exchange xmlns:olca="http://openlca.org/ilcd-extensions" dataSetInternalID="74" olca:unitId="20aadc24-a391-41cf-b340-3e4529f44bde" olca:propertyId="93a60a56-a3c8-11da-a746-0800200b9a66" olca:amount="8.22E-12">
            <referenceToFlowDataSet type="flow data set" refObjectId="7bc52241-a3b4-319f-aac4-ab8b3182a44f" version="01.00.000" uri="../flows/7bc52241-a3b4-319f-aac4-ab8b3182a44f">
                <common:shortDescription xml:lang="en">Benzene, 1-methyl-4-(1-methylethyl)-</common:shortDescription>
            </referenceToFlowDataSet>
            <exchangeDirection>Output</exchangeDirection>
            <meanAmount>8.22E-12</meanAmount>
            <resultingAmount>8.22E-12</resultingAmount>
            <allocations>
                <allocation internalReferenceToCoProduct="13" allocatedFraction="0.0"/>
                <allocation internalReferenceToCoProduct="1" allocatedFraction="100.0"/>
            </allocations>
        </exchange>
        <exchange xmlns:olca="http://openlca.org/ilcd-extensions" dataSetInternalID="57" olca:unitId="20aadc24-a391-41cf-b340-3e4529f44bde" olca:propertyId="93a60a56-a3c8-11da-a746-0800200b9a66" olca:amount="8.95E-7">
            <referenceToFlowDataSet type="flow data set" refObjectId="b13651eb-5a15-3f08-b4ca-fba03bd3569b" version="01.00.000" uri="../flows/b13651eb-5a15-3f08-b4ca-fba03bd3569b">
                <common:shortDescription xml:lang="en">Boron</common:shortDescription>
            </referenceToFlowDataSet>
            <exchangeDirection>Output</exchangeDirection>
            <meanAmount>8.95E-7</meanAmount>
            <resultingAmount>8.95E-7</resultingAmount>
            <allocations>
                <allocation internalReferenceToCoProduct="1" allocatedFraction="100.0"/>
                <allocation internalReferenceToCoProduct="13" allocatedFraction="0.0"/>
            </allocations>
        </exchange>
        <exchange xmlns:olca="http://openlca.org/ilcd-extensions" dataSetInternalID="51" olca:unitId="1c3a9695-398d-4b1f-b07e-a8715b610f70" olca:propertyId="93a60a56-a3c8-22da-a746-0800200c9a66" olca:amount="0.113">
            <referenceToFlowDataSet type="flow data set" refObjectId="bb1dc159-fe13-3f8e-8197-361e8c770ba3" version="01.00.000" uri="../flows/bb1dc159-fe13-3f8e-8197-361e8c770ba3">
                <common:shortDescription xml:lang="en">Natural gas, combusted in industrial boiler</common:shortDescription>
            </referenceToFlowDataSet>
            <exchangeDirection>Input</exchangeDirection>
            <meanAmount>0.113</meanAmount>
            <resultingAmount>0.113</resultingAmount>
            <allocations>
                <allocation internalReferenceToCoProduct="13" allocatedFraction="0.0"/>
                <allocation internalReferenceToCoProduct="1" allocatedFraction="100.0"/>
            </allocations>
        </exchange>
        <exchange xmlns:olca="http://openlca.org/ilcd-extensions" dataSetInternalID="41" olca:unitId="20aadc24-a391-41cf-b340-3e4529f44bde" olca:propertyId="93a60a56-a3c8-11da-a746-0800200b9a66" olca:amount="4.3E-9">
            <referenceToFlowDataSet type="flow data set" refObjectId="c9771a31-6e96-3956-8639-85e76ee1f075" version="01.00.000" uri="../flows/c9771a31-6e96-3956-8639-85e76ee1f075">
                <common:shortDescription xml:lang="en">Eicosane</common:shortDescription>
            </referenceToFlowDataSet>
            <exchangeDirection>Output</exchangeDirection>
            <meanAmount>4.3E-9</meanAmount>
            <resultingAmount>4.3E-9</resultingAmount>
            <allocations>
                <allocation internalReferenceToCoProduct="13" allocatedFraction="0.0"/>
                <allocation internalReferenceToCoProduct="1" allocatedFraction="100.0"/>
            </allocations>
        </exchange>
        <exchange xmlns:olca="http://openlca.org/ilcd-extensions" dataSetInternalID="80" olca:unitId="20aadc24-a391-41cf-b340-3e4529f44bde" olca:propertyId="93a60a56-a3c8-11da-a746-0800200b9a66" olca:amount="2.07E-8">
            <referenceToFlowDataSet type="flow data set" refObjectId="1d7a5d94-22c4-37ac-8551-2dc47b9a5d27" version="01.00.000" uri="../flows/1d7a5d94-22c4-37ac-8551-2dc47b9a5d27">
                <common:shortDescription xml:lang="en">Phenol, 2,4-dimethyl-</common:shortDescription>
            </referenceToFlowDataSet>
            <exchangeDirection>Output</exchangeDirection>
            <meanAmount>2.07E-8</meanAmount>
            <resultingAmount>2.07E-8</resultingAmount>
            <allocations>
                <allocation internalReferenceToCoProduct="1" allocatedFraction="100.0"/>
                <allocation internalReferenceToCoProduct="13" allocatedFraction="0.0"/>
            </allocations>
        </exchange>
        <exchange xmlns:olca="http://openlca.org/ilcd-extensions" dataSetInternalID="29" olca:unitId="20aadc24-a391-41cf-b340-3e4529f44bde" olca:propertyId="93a60a56-a3c8-11da-a746-0800200b9a66" olca:amount="7.45E-9">
            <referenceToFlowDataSet type="flow data set" refObjectId="05d25fc1-11cb-3e52-bdfc-c382779992c8" version="01.00.000" uri="../flows/05d25fc1-11cb-3e52-bdfc-c382779992c8">
                <common:shortDescription xml:lang="en">Vanadium</common:shortDescription>
            </referenceToFlowDataSet>
            <exchangeDirection>Output</exchangeDirection>
            <meanAmount>7.45E-9</meanAmount>
            <resultingAmount>7.45E-9</resultingAmount>
            <allocations>
                <allocation internalReferenceToCoProduct="1" allocatedFraction="100.0"/>
                <allocation internalReferenceToCoProduct="13" allocatedFraction="0.0"/>
            </allocations>
        </exchange>
        <exchange xmlns:olca="http://openlca.org/ilcd-extensions" dataSetInternalID="9" olca:unitId="20aadc24-a391-41cf-b340-3e4529f44bde" olca:propertyId="93a60a56-a3c8-11da-a746-0800200b9a66" olca:amount="1.68E-8">
            <referenceToFlowDataSet type="flow data set" refObjectId="eb8fa4b7-47d8-3603-acda-f41a4ec76770" version="01.00.000" uri="../flows/eb8fa4b7-47d8-3603-acda-f41a4ec76770">
                <common:shortDescription xml:lang="en">Antimony</common:shortDescription>
            </referenceToFlowDataSet>
            <exchangeDirection>Output</exchangeDirection>
            <meanAmount>1.68E-8</meanAmount>
            <resultingAmount>1.68E-8</resultingAmount>
            <allocations>
                <allocation internalReferenceToCoProduct="13" allocatedFraction="0.0"/>
                <allocation internalReferenceToCoProduct="1" allocatedFraction="100.0"/>
            </allocations>
        </exchange>
        <exchange xmlns:olca="http://openlca.org/ilcd-extensions" dataSetInternalID="82" olca:unitId="20aadc24-a391-41cf-b340-3e4529f44bde" olca:propertyId="93a60a56-a3c8-11da-a746-0800200b9a66" olca:amount="5.51E-8">
            <referenceToFlowDataSet type="flow data set" refObjectId="6187175f-c6b5-313b-9128-f3a0a1ccd2c5" version="01.00.000" uri="../flows/6187175f-c6b5-313b-9128-f3a0a1ccd2c5">
                <common:shortDescription xml:lang="en">Benzenes, alkylated, unspecified</common:shortDescription>
            </referenceToFlowDataSet>
            <exchangeDirection>Output</exchangeDirection>
            <meanAmount>5.51E-8</meanAmount>
            <resultingAmount>5.51E-8</resultingAmount>
            <allocations>
                <allocation internalReferenceToCoProduct="13" allocatedFraction="0.0"/>
                <allocation internalReferenceToCoProduct="1" allocatedFraction="100.0"/>
            </allocations>
        </exchange>
        <exchange xmlns:olca="http://openlca.org/ilcd-extensions" dataSetInternalID="70" olca:unitId="20aadc24-a391-41cf-b340-3e4529f44bde" olca:propertyId="93a60a56-a3c8-11da-a746-0800200b9a66" olca:amount="1.33E-5">
            <referenceToFlowDataSet type="flow data set" refObjectId="8f540c79-5d4c-3d31-82fd-42347bef721a" version="01.00.000" uri="../flows/8f540c79-5d4c-3d31-82fd-42347bef721a">
                <common:shortDescription xml:lang="en">Sulfate</common:shortDescription>
            </referenceToFlowDataSet>
            <exchangeDirection>Output</exchangeDirection>
            <meanAmount>1.33E-5</meanAmount>
            <resultingAmount>1.33E-5</resultingAmount>
            <allocations>
                <allocation internalReferenceToCoProduct="1" allocatedFraction="100.0"/>
                <allocation internalReferenceToCoProduct="13" allocatedFraction="0.0"/>
            </allocations>
        </exchange>
        <exchange xmlns:olca="http://openlca.org/ilcd-extensions" dataSetInternalID="44" olca:unitId="1c3a9695-398d-4b1f-b07e-a8715b610f70" olca:propertyId="93a60a56-a3c8-22da-a746-0800200c9a66" olca:amount="8.66E-4">
            <referenceToFlowDataSet type="flow data set" refObjectId="bc38e349-1ccf-3855-a615-a4f581ab875b" version="01.00.000" uri="../flows/bc38e349-1ccf-3855-a615-a4f581ab875b">
                <common:shortDescription xml:lang="en">Gasoline, combusted in equipment</common:shortDescription>
            </referenceToFlowDataSet>
            <exchangeDirection>Input</exchangeDirection>
            <meanAmount>8.66E-4</meanAmount>
            <resultingAmount>8.66E-4</resultingAmount>
            <allocations>
                <allocation internalReferenceToCoProduct="1" allocatedFraction="100.0"/>
                <allocation internalReferenceToCoProduct="13" allocatedFraction="0.0"/>
            </allocations>
        </exchange>
        <exchange xmlns:olca="http://openlca.org/ilcd-extensions" dataSetInternalID="40" olca:unitId="20aadc24-a391-41cf-b340-3e4529f44bde" olca:propertyId="93a60a56-a3c8-11da-a746-0800200b9a66" olca:amount="8.27E-9">
            <referenceToFlowDataSet type="flow data set" refObjectId="cafd767a-a7eb-3b1b-9d95-9a585de4e868" version="01.00.000" uri="../flows/cafd767a-a7eb-3b1b-9d95-9a585de4e868">
                <common:shortDescription xml:lang="en">Decane</common:shortDescription>
            </referenceToFlowDataSet>
            <exchangeDirection>Output</exchangeDirection>
            <meanAmount>8.27E-9</meanAmount>
            <resultingAmount>8.27E-9</resultingAmount>
            <allocations>
                <allocation internalReferenceToCoProduct="13" allocatedFraction="0.0"/>
                <allocation internalReferenceToCoProduct="1" allocatedFraction="100.0"/>
            </allocations>
        </exchange>
        <exchange xmlns:olca="http://openlca.org/ilcd-extensions" dataSetInternalID="32" olca:unitId="20aadc24-a391-41cf-b340-3e4529f44bde" olca:propertyId="93a60a56-a3c8-11da-a746-0800200b9a66" olca:amount="3.65E-9">
            <referenceToFlowDataSet type="flow data set" refObjectId="6dd6d910-2219-3203-a25f-6630ce2ce2a7" version="01.00.000" uri="../flows/6dd6d910-2219-3203-a25f-6630ce2ce2a7">
                <common:shortDescription xml:lang="en">Beryllium</common:shortDescription>
            </referenceToFlowDataSet>
            <exchangeDirection>Output</exchangeDirection>
            <meanAmount>3.65E-9</meanAmount>
            <resultingAmount>3.65E-9</resultingAmount>
            <allocations>
                <allocation internalReferenceToCoProduct="1" allocatedFraction="100.0"/>
                <allocation internalReferenceToCoProduct="13" allocatedFraction="0.0"/>
            </allocations>
        </exchange>
        <exchange xmlns:olca="http://openlca.org/ilcd-extensions" dataSetInternalID="67" olca:unitId="20aadc24-a391-41cf-b340-3e4529f44bde" olca:propertyId="93a60a56-a3c8-11da-a746-0800200b9a66" olca:amount="1.84E-7">
            <referenceToFlowDataSet type="flow data set" refObjectId="10cbd2f7-c41b-4bb4-b636-d8fc15cf0282" version="01.00.000" uri="../flows/10cbd2f7-c41b-4bb4-b636-d8fc15cf0282">
                <common:shortDescription xml:lang="en">Manganese</common:shortDescription>
            </referenceToFlowDataSet>
            <exchangeDirection>Output</exchangeDirection>
            <meanAmount>1.84E-7</meanAmount>
            <resultingAmount>1.84E-7</resultingAmount>
            <allocations>
                <allocation internalReferenceToCoProduct="1" allocatedFraction="100.0"/>
                <allocation internalReferenceToCoProduct="13" allocatedFraction="0.0"/>
            </allocations>
        </exchange>
        <exchange xmlns:olca="http://openlca.org/ilcd-extensions" dataSetInternalID="63" olca:unitId="20aadc24-a391-41cf-b340-3e4529f44bde" olca:propertyId="93a60a56-a3c8-11da-a746-0800200b9a66" olca:amount="3.19E-9">
            <referenceToFlowDataSet type="flow data set" refObjectId="382c434b-4131-3cb7-8c90-c3afc262ac23" version="01.00.000" uri="../flows/382c434b-4131-3cb7-8c90-c3afc262ac23">
                <common:shortDescription xml:lang="en">Fluorenes, alkylated, unspecified</common:shortDescription>
            </referenceToFlowDataSet>
            <exchangeDirection>Output</exchangeDirection>
            <meanAmount>3.19E-9</meanAmount>
            <resultingAmount>3.19E-9</resultingAmount>
            <allocations>
                <allocation internalReferenceToCoProduct="1" allocatedFraction="100.0"/>
                <allocation internalReferenceToCoProduct="13" allocatedFraction="0.0"/>
            </allocations>
        </exchange>
        <exchange xmlns:olca="http://openlca.org/ilcd-extensions" dataSetInternalID="84" olca:unitId="20aadc24-a391-41cf-b340-3e4529f44bde" olca:propertyId="93a60a56-a3c8-11da-a746-0800200b9a66" olca:amount="6.9E-8">
            <referenceToFlowDataSet type="flow data set" refObjectId="63e7fe55-8549-11e0-9d78-0800200c9a66" version="01.00.000" uri="../flows/63e7fe55-8549-11e0-9d78-0800200c9a66">
                <common:shortDescription xml:lang="en">Nickel</common:shortDescription>
            </referenceToFlowDataSet>
            <exchangeDirection>Output</exchangeDirection>
            <meanAmount>6.9E-8</meanAmount>
            <resultingAmount>6.9E-8</resultingAmount>
            <allocations>
                <allocation internalReferenceToCoProduct="13" allocatedFraction="0.0"/>
                <allocation internalReferenceToCoProduct="1" allocatedFraction="100.0"/>
            </allocations>
        </exchange>
        <exchange xmlns:olca="http://openlca.org/ilcd-extensions" dataSetInternalID="61" olca:unitId="20aadc24-a391-41cf-b340-3e4529f44bde" olca:propertyId="93a60a56-a3c8-11da-a746-0800200b9a66" olca:amount="5.04E-5">
            <referenceToFlowDataSet type="flow data set" refObjectId="63e7d74e-8549-11e0-9d78-0800200c9a66" version="01.00.000" uri="../flows/63e7d74e-8549-11e0-9d78-0800200c9a66">
                <common:shortDescription xml:lang="en">Iron</common:shortDescription>
            </referenceToFlowDataSet>
            <exchangeDirection>Output</exchangeDirection>
            <meanAmount>5.04E-5</meanAmount>
            <resultingAmount>5.04E-5</resultingAmount>
            <allocations>
                <allocation internalReferenceToCoProduct="13" allocatedFraction="0.0"/>
                <allocation internalReferenceToCoProduct="1" allocatedFraction="100.0"/>
            </allocations>
        </exchange>
        <exchange xmlns:olca="http://openlca.org/ilcd-extensions" dataSetInternalID="50" olca:unitId="20aadc24-a391-41cf-b340-3e4529f44bde" olca:propertyId="93a60a56-a3c8-11da-a746-0800200b9a66" olca:amount="1.56E-5">
            <referenceToFlowDataSet type="flow data set" refObjectId="3f1a6be6-0400-3638-ab4a-ffe9fa11d1ab" version="01.00.000" uri="../flows/3f1a6be6-0400-3638-ab4a-ffe9fa11d1ab">
                <common:shortDescription xml:lang="en">Strontium</common:shortDescription>
            </referenceToFlowDataSet>
            <exchangeDirection>Output</exchangeDirection>
            <meanAmount>1.56E-5</meanAmount>
            <resultingAmount>1.56E-5</resultingAmount>
            <allocations>
                <allocation internalReferenceToCoProduct="1" allocatedFraction="100.0"/>
                <allocation internalReferenceToCoProduct="13" allocatedFraction="0.0"/>
            </allocations>
        </exchange>
        <exchange xmlns:olca="http://openlca.org/ilcd-extensions" dataSetInternalID="7" olca:unitId="20aadc24-a391-41cf-b340-3e4529f44bde" olca:propertyId="93a60a56-a3c8-11da-a746-0800200b9a66" olca:amount="3.06E-7">
            <referenceToFlowDataSet type="flow data set" refObjectId="a1901307-75ac-3691-987d-7e2e9ff4ede8" version="01.00.000" uri="../flows/a1901307-75ac-3691-987d-7e2e9ff4ede8">
                <common:shortDescription xml:lang="en">Toluene</common:shortDescription>
            </referenceToFlowDataSet>
            <exchangeDirection>Output</exchangeDirection>
            <meanAmount>3.06E-7</meanAmount>
            <resultingAmount>3.06E-7</resultingAmount>
            <allocations>
                <allocation internalReferenceToCoProduct="13" allocatedFraction="0.0"/>
                <allocation internalReferenceToCoProduct="1" allocatedFraction="100.0"/>
            </allocations>
        </exchange>
        <exchange xmlns:olca="http://openlca.org/ilcd-extensions" dataSetInternalID="89" olca:unitId="20aadc24-a391-41cf-b340-3e4529f44bde" olca:propertyId="93a60a56-a3c8-11da-a746-0800200b9a66" olca:amount="3.57E-9">
            <referenceToFlowDataSet type="flow data set" refObjectId="6340ccf7-7bd6-3df4-bce8-4e3abd6eec19" version="01.00.000" uri="../flows/6340ccf7-7bd6-3df4-bce8-4e3abd6eec19">
                <common:shortDescription xml:lang="en">Biphenyl</common:shortDescription>
            </referenceToFlowDataSet>
            <exchangeDirection>Output</exchangeDirection>
            <meanAmount>3.57E-9</meanAmount>
            <resultingAmount>3.57E-9</resultingAmount>
            <allocations>
                <allocation internalReferenceToCoProduct="1" allocatedFraction="100.0"/>
                <allocation internalReferenceToCoProduct="13" allocatedFraction="0.0"/>
            </allocations>
        </exchange>
        <exchange xmlns:olca="http://openlca.org/ilcd-extensions" dataSetInternalID="83" olca:unitId="20aadc24-a391-41cf-b340-3e4529f44bde" olca:propertyId="93a60a56-a3c8-11da-a746-0800200b9a66" olca:amount="1.56E-11">
            <referenceToFlowDataSet type="flow data set" refObjectId="dfbb9de1-b04c-387e-97b7-cc7619476784" version="01.00.000" uri="../flows/dfbb9de1-b04c-387e-97b7-cc7619476784">
                <common:shortDescription xml:lang="en">Dibenzofuran</common:shortDescription>
            </referenceToFlowDataSet>
            <exchangeDirection>Output</exchangeDirection>
            <meanAmount>1.56E-11</meanAmount>
            <resultingAmount>1.56E-11</resultingAmount>
            <allocations>
                <allocation internalReferenceToCoProduct="13" allocatedFraction="0.0"/>
                <allocation internalReferenceToCoProduct="1" allocatedFraction="100.0"/>
            </allocations>
        </exchange>
        <exchange xmlns:olca="http://openlca.org/ilcd-extensions" dataSetInternalID="52" olca:unitId="20aadc24-a391-41cf-b340-3e4529f44bde" olca:propertyId="93a60a56-a3c8-11da-a746-0800200b9a66" olca:amount="5.3E-17">
            <referenceToFlowDataSet type="flow data set" refObjectId="f192132f-6e86-34c8-a8cf-13ee333a5e01" version="01.00.000" uri="../flows/f192132f-6e86-34c8-a8cf-13ee333a5e01">
                <common:shortDescription xml:lang="en">Radium-228/kg</common:shortDescription>
            </referenceToFlowDataSet>
            <exchangeDirection>Output</exchangeDirection>
            <meanAmount>5.3E-17</meanAmount>
            <resultingAmount>5.3E-17</resultingAmount>
            <allocations>
                <allocation internalReferenceToCoProduct="13" allocatedFraction="0.0"/>
                <allocation internalReferenceToCoProduct="1" allocatedFraction="100.0"/>
            </allocations>
        </exchange>
        <exchange xmlns:olca="http://openlca.org/ilcd-extensions" dataSetInternalID="76" olca:unitId="20aadc24-a391-41cf-b340-3e4529f44bde" olca:propertyId="93a60a56-a3c8-11da-a746-0800200b9a66" olca:amount="8.9E-5">
            <referenceToFlowDataSet type="flow data set" refObjectId="9a36d2c5-a47d-3020-9dd2-00b6713b2e0c" version="01.00.000" uri="../flows/9a36d2c5-a47d-3020-9dd2-00b6713b2e0c">
                <common:shortDescription xml:lang="en">Aldehydes, unspecified</common:shortDescription>
            </referenceToFlowDataSet>
            <exchangeDirection>Output</exchangeDirection>
            <meanAmount>8.9E-5</meanAmount>
            <resultingAmount>8.9E-5</resultingAmount>
            <allocations>
                <allocation internalReferenceToCoProduct="1" allocatedFraction="100.0"/>
                <allocation internalReferenceToCoProduct="13" allocatedFraction="0.0"/>
            </allocations>
        </exchange>
        <exchange xmlns:olca="http://openlca.org/ilcd-extensions" dataSetInternalID="19" olca:unitId="20aadc24-a391-41cf-b340-3e4529f44bde" olca:propertyId="93a60a56-a3c8-11da-a746-0800200b9a66" olca:amount="2.28E-10">
            <referenceToFlowDataSet type="flow data set" refObjectId="c83f4c91-8cfc-3d72-a5f5-ee4e6d331d8d" version="01.00.000" uri="../flows/c83f4c91-8cfc-3d72-a5f5-ee4e6d331d8d">
                <common:shortDescription xml:lang="en">Phenanthrene</common:shortDescription>
            </referenceToFlowDataSet>
            <exchangeDirection>Output</exchangeDirection>
            <meanAmount>2.28E-10</meanAmount>
            <resultingAmount>2.28E-10</resultingAmount>
            <allocations>
                <allocation internalReferenceToCoProduct="1" allocatedFraction="100.0"/>
                <allocation internalReferenceToCoProduct="13" allocatedFraction="0.0"/>
            </allocations>
        </exchange>
        <exchange xmlns:olca="http://openlca.org/ilcd-extensions" dataSetInternalID="2" olca:unitId="20aadc24-a391-41cf-b340-3e4529f44bde" olca:propertyId="93a60a56-a3c8-11da-a746-0800200b9a66" olca:amount="6.89E-7">
            <referenceToFlowDataSet type="flow data set" refObjectId="5ac2254e-6b60-45f5-a700-6e0b93f411c8" version="01.00.000" uri="../flows/5ac2254e-6b60-45f5-a700-6e0b93f411c8">
                <common:shortDescription xml:lang="en">Sulfur</common:shortDescription>
            </referenceToFlowDataSet>
            <exchangeDirection>Output</exchangeDirection>
            <meanAmount>6.89E-7</meanAmount>
            <resultingAmount>6.89E-7</resultingAmount>
            <allocations>
                <allocation internalReferenceToCoProduct="1" allocatedFraction="100.0"/>
                <allocation internalReferenceToCoProduct="13" allocatedFraction="0.0"/>
            </allocations>
        </exchange>
        <exchange xmlns:olca="http://openlca.org/ilcd-extensions" dataSetInternalID="55" olca:unitId="20aadc24-a391-41cf-b340-3e4529f44bde" olca:propertyId="93a60a56-a3c8-11da-a746-0800200b9a66" olca:amount="6.66E-8">
            <referenceToFlowDataSet type="flow data set" refObjectId="63e8256a-8549-11e0-9d78-0800200c9a66" version="01.00.000" uri="../flows/63e8256a-8549-11e0-9d78-0800200c9a66">
                <common:shortDescription xml:lang="en">Tin</common:shortDescription>
            </referenceToFlowDataSet>
            <exchangeDirection>Output</exchangeDirection>
            <meanAmount>6.66E-8</meanAmount>
            <resultingAmount>6.66E-8</resultingAmount>
            <allocations>
                <allocation internalReferenceToCoProduct="1" allocatedFraction="100.0"/>
                <allocation internalReferenceToCoProduct="13" allocatedFraction="0.0"/>
            </allocations>
        </exchange>
        <exchange xmlns:olca="http://openlca.org/ilcd-extensions" dataSetInternalID="68" olca:unitId="20aadc24-a391-41cf-b340-3e4529f44bde" olca:propertyId="93a60a56-a3c8-11da-a746-0800200b9a66" olca:amount="1.72E-8">
            <referenceToFlowDataSet type="flow data set" refObjectId="710091cb-d225-38e4-b4f0-580746c4c26c" version="01.00.000" uri="../flows/710091cb-d225-38e4-b4f0-580746c4c26c">
                <common:shortDescription xml:lang="en">Hexadecane</common:shortDescription>
            </referenceToFlowDataSet>
            <exchangeDirection>Output</exchangeDirection>
            <meanAmount>1.72E-8</meanAmount>
            <resultingAmount>1.72E-8</resultingAmount>
            <allocations>
                <allocation internalReferenceToCoProduct="13" allocatedFraction="0.0"/>
                <allocation internalReferenceToCoProduct="1" allocatedFraction="100.0"/>
            </allocations>
        </exchange>
        <exchange xmlns:olca="http://openlca.org/ilcd-extensions" dataSetInternalID="66" olca:unitId="20aadc24-a391-41cf-b340-3e4529f44bde" olca:propertyId="93a60a56-a3c8-11da-a746-0800200b9a66" olca:amount="9.03E-10">
            <referenceToFlowDataSet type="flow data set" refObjectId="29212dbf-5c92-3200-aebd-52f80075b202" version="01.00.000" uri="../flows/29212dbf-5c92-3200-aebd-52f80075b202">
                <common:shortDescription xml:lang="en">Naphthalenes, alkylated, unspecified</common:shortDescription>
            </referenceToFlowDataSet>
            <exchangeDirection>Output</exchangeDirection>
            <meanAmount>9.03E-10</meanAmount>
            <resultingAmount>9.03E-10</resultingAmount>
            <allocations>
                <allocation internalReferenceToCoProduct="1" allocatedFraction="100.0"/>
                <allocation internalReferenceToCoProduct="13" allocatedFraction="0.0"/>
            </allocations>
        </exchange>
        <exchange xmlns:olca="http://openlca.org/ilcd-extensions" dataSetInternalID="30" olca:unitId="20aadc24-a391-41cf-b340-3e4529f44bde" olca:propertyId="93a60a56-a3c8-11da-a746-0800200b9a66" olca:amount="8.78E-9">
            <referenceToFlowDataSet type="flow data set" refObjectId="1a070fd7-b649-3193-9fc2-6ca401aab70b" version="01.00.000" uri="../flows/1a070fd7-b649-3193-9fc2-6ca401aab70b">
                <common:shortDescription xml:lang="en">o-Cresol</common:shortDescription>
            </referenceToFlowDataSet>
            <exchangeDirection>Output</exchangeDirection>
            <meanAmount>8.78E-9</meanAmount>
            <resultingAmount>8.78E-9</resultingAmount>
            <allocations>
                <allocation internalReferenceToCoProduct="13" allocatedFraction="0.0"/>
                <allocation internalReferenceToCoProduct="1" allocatedFraction="100.0"/>
            </allocations>
        </exchange>
        <exchange xmlns:olca="http://openlca.org/ilcd-extensions" dataSetInternalID="45" olca:unitId="20aadc24-a391-41cf-b340-3e4529f44bde" olca:propertyId="93a60a56-a3c8-11da-a746-0800200b9a66" olca:amount="1.27E-11">
            <referenceToFlowDataSet type="flow data set" refObjectId="48a50c28-900f-38e2-ad2d-de1589c5c0c6" version="01.00.000" uri="../flows/48a50c28-900f-38e2-ad2d-de1589c5c0c6">
                <common:shortDescription xml:lang="en">Dibenzothiophene</common:shortDescription>
            </referenceToFlowDataSet>
            <exchangeDirection>Output</exchangeDirection>
            <meanAmount>1.27E-11</meanAmount>
            <resultingAmount>1.27E-11</resultingAmount>
            <allocations>
                <allocation internalReferenceToCoProduct="1" allocatedFraction="100.0"/>
                <allocation internalReferenceToCoProduct="13" allocatedFraction="0.0"/>
            </allocations>
        </exchange>
        <exchange xmlns:olca="http://openlca.org/ilcd-extensions" dataSetInternalID="47" olca:unitId="20aadc24-a391-41cf-b340-3e4529f44bde" olca:propertyId="93a60a56-a3c8-11da-a746-0800200b9a66" olca:amount="0.00815">
            <referenceToFlowDataSet type="flow data set" refObjectId="a3ed03de-f771-3946-94f3-a02a10d4ca74" version="01.00.000" uri="../flows/a3ed03de-f771-3946-94f3-a02a10d4ca74">
                <common:shortDescription xml:lang="en">Dissolved solids</common:shortDescription>
            </referenceToFlowDataSet>
            <exchangeDirection>Output</exchangeDirection>
            <meanAmount>0.00815</meanAmount>
            <resultingAmount>0.00815</resultingAmount>
            <allocations>
                <allocation internalReferenceToCoProduct="1" allocatedFraction="100.0"/>
                <allocation internalReferenceToCoProduct="13" allocatedFraction="0.0"/>
            </allocations>
        </exchange>
        <exchange xmlns:olca="http://openlca.org/ilcd-extensions" dataSetInternalID="10" olca:unitId="1c3a9695-398d-4b1f-b07e-a8715b610f70" olca:propertyId="93a60a56-a3c8-22da-a746-0800200c9a66" olca:amount="0.00164">
            <referenceToFlowDataSet type="flow data set" refObjectId="d815ff18-015c-3afb-be18-be03bdf325da" version="01.00.000" uri="../flows/d815ff18-015c-3afb-be18-be03bdf325da">
                <common:shortDescription xml:lang="en">Diesel, combusted in industrial equipment</common:shortDescription>
            </referenceToFlowDataSet>
            <exchangeDirection>Input</exchangeDirection>
            <meanAmount>0.00164</meanAmount>
            <resultingAmount>0.00164</resultingAmount>
            <allocations>
                <allocation internalReferenceToCoProduct="1" allocatedFraction="100.0"/>
                <allocation internalReferenceToCoProduct="13" allocatedFraction="0.0"/>
            </allocations>
            <generalComment xml:lang="en">Includes diesel fuel and distillate oil amounts.</generalComment>
        </exchange>
        <exchange xmlns:olca="http://openlca.org/ilcd-extensions" dataSetInternalID="20" olca:unitId="20aadc24-a391-41cf-b340-3e4529f44bde" olca:propertyId="93a60a56-a3c8-11da-a746-0800200b9a66" olca:amount="8.8E-11">
            <referenceToFlowDataSet type="flow data set" refObjectId="e28ad813-0924-3808-93db-a008e5e0e425" version="01.00.000" uri="../flows/e28ad813-0924-3808-93db-a008e5e0e425">
                <common:shortDescription xml:lang="en">Docosane</common:shortDescription>
            </referenceToFlowDataSet>
            <exchangeDirection>Output</exchangeDirection>
            <meanAmount>8.8E-11</meanAmount>
            <resultingAmount>8.8E-11</resultingAmount>
            <allocations>
                <allocation internalReferenceToCoProduct="1" allocatedFraction="100.0"/>
                <allocation internalReferenceToCoProduct="13" allocatedFraction="0.0"/>
            </allocations>
        </exchange>
        <exchange xmlns:olca="http://openlca.org/ilcd-extensions" dataSetInternalID="71" olca:unitId="20aadc24-a391-41cf-b340-3e4529f44bde" olca:propertyId="93a60a56-a3c8-11da-a746-0800200b9a66" olca:amount="5.49E-11">
            <referenceToFlowDataSet type="flow data set" refObjectId="589fc0be-4a57-3639-a0f3-61f322768ed9" version="01.00.000" uri="../flows/589fc0be-4a57-3639-a0f3-61f322768ed9">
                <common:shortDescription xml:lang="en">n-Hexacosane</common:shortDescription>
            </referenceToFlowDataSet>
            <exchangeDirection>Output</exchangeDirection>
            <meanAmount>5.49E-11</meanAmount>
            <resultingAmount>5.49E-11</resultingAmount>
            <allocations>
                <allocation internalReferenceToCoProduct="1" allocatedFraction="100.0"/>
                <allocation internalReferenceToCoProduct="13" allocatedFraction="0.0"/>
            </allocations>
        </exchange>
        <exchange xmlns:olca="http://openlca.org/ilcd-extensions" dataSetInternalID="26" olca:unitId="20aadc24-a391-41cf-b340-3e4529f44bde" olca:propertyId="93a60a56-a3c8-11da-a746-0800200b9a66" olca:amount="1.26E-4">
            <referenceToFlowDataSet type="flow data set" refObjectId="c0f23ce6-a65a-3146-9a84-719a4662ef2d" version="01.00.000" uri="../flows/c0f23ce6-a65a-3146-9a84-719a4662ef2d">
                <common:shortDescription xml:lang="en">Magnesium</common:shortDescription>
            </referenceToFlowDataSet>
            <exchangeDirection>Output</exchangeDirection>
            <meanAmount>1.26E-4</meanAmount>
            <resultingAmount>1.26E-4</resultingAmount>
            <allocations>
                <allocation internalReferenceToCoProduct="13" allocatedFraction="0.0"/>
                <allocation internalReferenceToCoProduct="1" allocatedFraction="100.0"/>
            </allocations>
        </exchange>
        <exchange xmlns:olca="http://openlca.org/ilcd-extensions" dataSetInternalID="60" olca:unitId="20aadc24-a391-41cf-b340-3e4529f44bde" olca:propertyId="93a60a56-a3c8-11da-a746-0800200b9a66" olca:amount="2.91E-7">
            <referenceToFlowDataSet type="flow data set" refObjectId="e1ab137f-2d17-3328-aedb-a67b98a11056" version="01.00.000" uri="../flows/e1ab137f-2d17-3328-aedb-a67b98a11056">
                <common:shortDescription xml:lang="en">Benzoic acid</common:shortDescription>
            </referenceToFlowDataSet>
            <exchangeDirection>Output</exchangeDirection>
            <meanAmount>2.91E-7</meanAmount>
            <resultingAmount>2.91E-7</resultingAmount>
            <allocations>
                <allocation internalReferenceToCoProduct="1" allocatedFraction="100.0"/>
                <allocation internalReferenceToCoProduct="13" allocatedFraction="0.0"/>
            </allocations>
        </exchange>
        <exchange xmlns:olca="http://openlca.org/ilcd-extensions" dataSetInternalID="8" olca:unitId="20aadc24-a391-41cf-b340-3e4529f44bde" olca:propertyId="93a60a56-a3c8-11da-a746-0800200b9a66" olca:amount="4.31E-9">
            <referenceToFlowDataSet type="flow data set" refObjectId="218578bc-756c-3b08-a962-4e94034e2b70" version="01.00.000" uri="../flows/218578bc-756c-3b08-a962-4e94034e2b70">
                <common:shortDescription xml:lang="en">Naphthalene, 2-methyl-</common:shortDescription>
            </referenceToFlowDataSet>
            <exchangeDirection>Output</exchangeDirection>
            <meanAmount>4.31E-9</meanAmount>
            <resultingAmount>4.31E-9</resultingAmount>
            <allocations>
                <allocation internalReferenceToCoProduct="1" allocatedFraction="100.0"/>
                <allocation internalReferenceToCoProduct="13" allocatedFraction="0.0"/>
            </allocations>
        </exchange>
        <exchange xmlns:olca="http://openlca.org/ilcd-extensions" dataSetInternalID="48" olca:unitId="20aadc24-a391-41cf-b340-3e4529f44bde" olca:propertyId="93a60a56-a3c8-11da-a746-0800200b9a66" olca:amount="5.14E-9">
            <referenceToFlowDataSet type="flow data set" refObjectId="f5f01495-a252-38d0-bf8e-815ebd08ddea" version="01.00.000" uri="../flows/f5f01495-a252-38d0-bf8e-815ebd08ddea">
                <common:shortDescription xml:lang="en">Naphthalene</common:shortDescription>
            </referenceToFlowDataSet>
            <exchangeDirection>Output</exchangeDirection>
            <meanAmount>5.14E-9</meanAmount>
            <resultingAmount>5.14E-9</resultingAmount>
            <allocations>
                <allocation internalReferenceToCoProduct="13" allocatedFraction="0.0"/>
                <allocation internalReferenceToCoProduct="1" allocatedFraction="100.0"/>
            </allocations>
        </exchange>
        <exchange xmlns:olca="http://openlca.org/ilcd-extensions" dataSetInternalID="81" olca:unitId="20aadc24-a391-41cf-b340-3e4529f44bde" olca:propertyId="93a60a56-a3c8-11da-a746-0800200b9a66" olca:amount="0.0328">
            <referenceToFlowDataSet type="flow data set" refObjectId="838cef47-a3a6-3dce-bcb2-560991c5e95c" version="01.00.000" uri="../flows/838cef47-a3a6-3dce-bcb2-560991c5e95c">
                <common:shortDescription xml:lang="en">CUTOFF Disposal, solid waste, unspecified, to sanitary landfill</common:shortDescription>
            </referenceToFlowDataSet>
            <exchangeDirection>Input</exchangeDirection>
            <meanAmount>0.0328</meanAmount>
            <resultingAmount>0.0328</resultingAmount>
            <allocations>
                <allocation internalReferenceToCoProduct="1" allocatedFraction="100.0"/>
                <allocation internalReferenceToCoProduct="13" allocatedFraction="0.0"/>
            </allocations>
        </exchange>
        <exchange xmlns:olca="http://openlca.org/ilcd-extensions" dataSetInternalID="15" olca:unitId="20aadc24-a391-41cf-b340-3e4529f44bde" olca:propertyId="93a60a56-a3c8-11da-a746-0800200b9a66" olca:amount="3.3E-7">
            <referenceToFlowDataSet type="flow data set" refObjectId="62d93580-597b-306f-b17b-15c7bfb5747a" version="01.00.000" uri="../flows/62d93580-597b-306f-b17b-15c7bfb5747a">
                <common:shortDescription xml:lang="en">Benzene</common:shortDescription>
            </referenceToFlowDataSet>
            <exchangeDirection>Output</exchangeDirection>
            <meanAmount>3.3E-7</meanAmount>
            <resultingAmount>3.3E-7</resultingAmount>
            <allocations>
                <allocation internalReferenceToCoProduct="1" allocatedFraction="100.0"/>
                <allocation internalReferenceToCoProduct="13" allocatedFraction="0.0"/>
            </allocations>
        </exchange>
        <exchange xmlns:olca="http://openlca.org/ilcd-extensions" dataSetInternalID="33" olca:unitId="20aadc24-a391-41cf-b340-3e4529f44bde" olca:propertyId="93a60a56-a3c8-11da-a746-0800200b9a66" olca:amount="6.57E-9">
            <referenceToFlowDataSet type="flow data set" refObjectId="fdaaef05-0d10-4032-b2e7-85cae3c7bd5c" version="01.00.000" uri="../flows/fdaaef05-0d10-4032-b2e7-85cae3c7bd5c">
                <common:shortDescription xml:lang="en">Molybdenum</common:shortDescription>
            </referenceToFlowDataSet>
            <exchangeDirection>Output</exchangeDirection>
            <meanAmount>6.57E-9</meanAmount>
            <resultingAmount>6.57E-9</resultingAmount>
            <allocations>
                <allocation internalReferenceToCoProduct="1" allocatedFraction="100.0"/>
                <allocation internalReferenceToCoProduct="13" allocatedFraction="0.0"/>
            </allocations>
        </exchange>
        <exchange xmlns:olca="http://openlca.org/ilcd-extensions" dataSetInternalID="90" olca:unitId="20aadc24-a391-41cf-b340-3e4529f44bde" olca:propertyId="93a60a56-a3c8-11da-a746-0800200b9a66" olca:amount="9.36E-12">
            <referenceToFlowDataSet type="flow data set" refObjectId="2873c4e7-53eb-3b22-a2e9-6d07e016e100" version="01.00.000" uri="../flows/2873c4e7-53eb-3b22-a2e9-6d07e016e100">
                <common:shortDescription xml:lang="en">Fluorene, 1-methyl-</common:shortDescription>
            </referenceToFlowDataSet>
            <exchangeDirection>Output</exchangeDirection>
            <meanAmount>9.36E-12</meanAmount>
            <resultingAmount>9.36E-12</resultingAmount>
            <allocations>
                <allocation internalReferenceToCoProduct="1" allocatedFraction="100.0"/>
                <allocation internalReferenceToCoProduct="13" allocatedFraction="0.0"/>
            </allocations>
        </exchange>
        <exchange xmlns:olca="http://openlca.org/ilcd-extensions" dataSetInternalID="13" olca:unitId="52765a6c-3896-43c2-b2f4-c679acf13efe" olca:propertyId="f6811440-ee37-11de-8a39-0800200c9a66" olca:amount="6.0">
            <referenceToFlowDataSet type="flow data set" refObjectId="bdd323b8-1b5c-340d-9301-e2d28c075cca" version="01.00.000" uri="../flows/bdd323b8-1b5c-340d-9301-e2d28c075cca">
                <common:shortDescription xml:lang="en">Recovered energy</common:shortDescription>
            </referenceToFlowDataSet>
            <exchangeDirection>Output</exchangeDirection>
            <meanAmount>6.0</meanAmount>
            <resultingAmount>6.0</resultingAmount>
            <allocations>
                <allocation internalReferenceToCoProduct="13" allocatedFraction="0.0"/>
            </allocations>
            <generalComment xml:lang="en">Credit for steam or heat co-product sold externally.</generalComment>
        </exchange>
        <exchange xmlns:olca="http://openlca.org/ilcd-extensions" dataSetInternalID="3" olca:unitId="20aadc24-a391-41cf-b340-3e4529f44bde" olca:propertyId="93a60a56-a3c8-11da-a746-0800200b9a66" olca:amount="1.57E-8">
            <referenceToFlowDataSet type="flow data set" refObjectId="e3b7cf63-388d-3647-8750-e5ce42f7b53d" version="01.00.000" uri="../flows/e3b7cf63-388d-3647-8750-e5ce42f7b53d">
                <common:shortDescription xml:lang="en">Dodecane</common:shortDescription>
            </referenceToFlowDataSet>
            <exchangeDirection>Output</exchangeDirection>
            <meanAmount>1.57E-8</meanAmount>
            <resultingAmount>1.57E-8</resultingAmount>
            <allocations>
                <allocation internalReferenceToCoProduct="13" allocatedFraction="0.0"/>
                <allocation internalReferenceToCoProduct="1" allocatedFraction="100.0"/>
            </allocations>
        </exchange>
        <exchange xmlns:olca="http://openlca.org/ilcd-extensions" dataSetInternalID="34" olca:unitId="20aadc24-a391-41cf-b340-3e4529f44bde" olca:propertyId="93a60a56-a3c8-11da-a746-0800200b9a66" olca:amount="3.92E-7">
            <referenceToFlowDataSet type="flow data set" refObjectId="defdeb63-c940-3af5-add7-5af7d67156db" version="01.00.000" uri="../flows/defdeb63-c940-3af5-add7-5af7d67156db">
                <common:shortDescription xml:lang="en">Silver</common:shortDescription>
            </referenceToFlowDataSet>
            <exchangeDirection>Output</exchangeDirection>
            <meanAmount>3.92E-7</meanAmount>
            <resultingAmount>3.92E-7</resultingAmount>
            <allocations>
                <allocation internalReferenceToCoProduct="1" allocatedFraction="100.0"/>
                <allocation internalReferenceToCoProduct="13" allocatedFraction="0.0"/>
            </allocations>
        </exchange>
        <exchange xmlns:olca="http://openlca.org/ilcd-extensions" dataSetInternalID="72" olca:unitId="20aadc24-a391-41cf-b340-3e4529f44bde" olca:propertyId="93a60a56-a3c8-11da-a746-0800200b9a66" olca:amount="7.9E-8">
            <referenceToFlowDataSet type="flow data set" refObjectId="ab16a3a2-869f-36ed-9233-5302d79cf1f9" version="01.00.000" uri="../flows/ab16a3a2-869f-36ed-9233-5302d79cf1f9">
                <common:shortDescription xml:lang="en">Copper, ion</common:shortDescription>
            </referenceToFlowDataSet>
            <exchangeDirection>Output</exchangeDirection>
            <meanAmount>7.9E-8</meanAmount>
            <resultingAmount>7.9E-8</resultingAmount>
            <allocations>
                <allocation internalReferenceToCoProduct="13" allocatedFraction="0.0"/>
                <allocation internalReferenceToCoProduct="1" allocatedFraction="100.0"/>
            </allocations>
        </exchange>
        <exchange xmlns:olca="http://openlca.org/ilcd-extensions" dataSetInternalID="22" olca:unitId="20aadc24-a391-41cf-b340-3e4529f44bde" olca:propertyId="93a60a56-a3c8-11da-a746-0800200b9a66" olca:amount="6.62E-12">
            <referenceToFlowDataSet type="flow data set" refObjectId="86fb4f76-4ecc-3529-8eb0-b34b3fccd10b" version="01.00.000" uri="../flows/86fb4f76-4ecc-3529-8eb0-b34b3fccd10b">
                <common:shortDescription xml:lang="en">Methyl ethyl ketone</common:shortDescription>
            </referenceToFlowDataSet>
            <exchangeDirection>Output</exchangeDirection>
            <meanAmount>6.62E-12</meanAmount>
            <resultingAmount>6.62E-12</resultingAmount>
            <allocations>
                <allocation internalReferenceToCoProduct="13" allocatedFraction="0.0"/>
                <allocation internalReferenceToCoProduct="1" allocatedFraction="100.0"/>
            </allocations>
        </exchange>
        <exchange xmlns:olca="http://openlca.org/ilcd-extensions" dataSetInternalID="14" olca:unitId="20aadc24-a391-41cf-b340-3e4529f44bde" olca:propertyId="93a60a56-a3c8-11da-a746-0800200b9a66" olca:amount="3.03E-9">
            <referenceToFlowDataSet type="flow data set" refObjectId="89e3d707-c058-3566-a47b-c480679ea6bd" version="01.00.000" uri="../flows/89e3d707-c058-3566-a47b-c480679ea6bd">
                <common:shortDescription xml:lang="en">o-Xylene</common:shortDescription>
            </referenceToFlowDataSet>
            <exchangeDirection>Output</exchangeDirection>
            <meanAmount>3.03E-9</meanAmount>
            <resultingAmount>3.03E-9</resultingAmount>
            <allocations>
                <allocation internalReferenceToCoProduct="13" allocatedFraction="0.0"/>
                <allocation internalReferenceToCoProduct="1" allocatedFraction="100.0"/>
            </allocations>
        </exchange>
        <exchange xmlns:olca="http://openlca.org/ilcd-extensions" dataSetInternalID="92" olca:unitId="20aadc24-a391-41cf-b340-3e4529f44bde" olca:propertyId="93a60a56-a3c8-11da-a746-0800200b9a66" olca:amount="0.00298">
            <referenceToFlowDataSet type="flow data set" refObjectId="693921ef-e02d-4072-add0-55aa4631b213" version="01.00.000" uri="../flows/693921ef-e02d-4072-add0-55aa4631b213">
                <common:shortDescription xml:lang="en">Suspended solids, unspecified</common:shortDescription>
            </referenceToFlowDataSet>
            <exchangeDirection>Output</exchangeDirection>
            <meanAmount>0.00298</meanAmount>
            <resultingAmount>0.00298</resultingAmount>
            <allocations>
                <allocation internalReferenceToCoProduct="1" allocatedFraction="100.0"/>
                <allocation internalReferenceToCoProduct="13" allocatedFraction="0.0"/>
            </allocations>
        </exchange>
        <exchange xmlns:olca="http://openlca.org/ilcd-extensions" dataSetInternalID="87" olca:unitId="20aadc24-a391-41cf-b340-3e4529f44bde" olca:propertyId="93a60a56-a3c8-11da-a746-0800200b9a66" olca:amount="3.46E-10">
            <referenceToFlowDataSet type="flow data set" refObjectId="28ed9d12-e522-3bfb-b74b-f5d68aa23254" version="01.00.000" uri="../flows/28ed9d12-e522-3bfb-b74b-f5d68aa23254">
                <common:shortDescription xml:lang="en">4-Methyl-2-pentanone</common:shortDescription>
            </referenceToFlowDataSet>
            <exchangeDirection>Output</exchangeDirection>
            <meanAmount>3.46E-10</meanAmount>
            <resultingAmount>3.46E-10</resultingAmount>
            <allocations>
                <allocation internalReferenceToCoProduct="13" allocatedFraction="0.0"/>
                <allocation internalReferenceToCoProduct="1" allocatedFraction="100.0"/>
            </allocations>
        </exchange>
        <exchange xmlns:olca="http://openlca.org/ilcd-extensions" dataSetInternalID="38" olca:unitId="20aadc24-a391-41cf-b340-3e4529f44bde" olca:propertyId="93a60a56-a3c8-11da-a746-0800200b9a66" olca:amount="1.51E-7">
            <referenceToFlowDataSet type="flow data set" refObjectId="31c4d160-b21e-41b3-b9c1-3d7a72377653" version="01.00.000" uri="../flows/31c4d160-b21e-41b3-b9c1-3d7a72377653">
                <common:shortDescription xml:lang="en">Lead</common:shortDescription>
            </referenceToFlowDataSet>
            <exchangeDirection>Output</exchangeDirection>
            <meanAmount>1.51E-7</meanAmount>
            <resultingAmount>1.51E-7</resultingAmount>
            <allocations>
                <allocation internalReferenceToCoProduct="1" allocatedFraction="100.0"/>
                <allocation internalReferenceToCoProduct="13" allocatedFraction="0.0"/>
            </allocations>
        </exchange>
        <exchange xmlns:olca="http://openlca.org/ilcd-extensions" dataSetInternalID="91" olca:unitId="20aadc24-a391-41cf-b340-3e4529f44bde" olca:propertyId="93a60a56-a3c8-11da-a746-0800200b9a66" olca:amount="6.59E-9">
            <referenceToFlowDataSet type="flow data set" refObjectId="09e56f2b-3265-3ce9-9ff5-3053fd5a9b27" version="01.00.000" uri="../flows/09e56f2b-3265-3ce9-9ff5-3053fd5a9b27">
                <common:shortDescription xml:lang="en">Tetradecane</common:shortDescription>
            </referenceToFlowDataSet>
            <exchangeDirection>Output</exchangeDirection>
            <meanAmount>6.59E-9</meanAmount>
            <resultingAmount>6.59E-9</resultingAmount>
            <allocations>
                <allocation internalReferenceToCoProduct="1" allocatedFraction="100.0"/>
                <allocation internalReferenceToCoProduct="13" allocatedFraction="0.0"/>
            </allocations>
        </exchange>
    </exchanges>
</processDataSet>
