<?xml version="1.0" encoding="UTF-8" standalone="yes"?>
<processDataSet xmlns:m="http://lca.jrc.it/ILCD/LCIAMethod" xmlns:common="http://lca.jrc.it/ILCD/Common" xmlns:s="http://lca.jrc.it/ILCD/Source" xmlns:c="http://lca.jrc.it/ILCD/Contact" xmlns:f="http://lca.jrc.it/ILCD/Flow" xmlns="http://lca.jrc.it/ILCD/Process" xmlns:fp="http://lca.jrc.it/ILCD/FlowProperty" xmlns:u="http://lca.jrc.it/ILCD/UnitGroup" version="1.1">
    <processInformation>
        <dataSetInformation>
            <common:UUID>ee8077d4-d28c-46c4-9f15-5b22bce6063d</common:UUID>
            <name>
                <baseName xml:lang="en">Natural gas, at processing, production mixture, to consumer, kg</baseName>
            </name>
            <classificationInformation>
                <common:classification>
                    <common:class level="0" classId="d374ae23-7148-3bd0-9630-022020e9fcb9">21: Mining, Quarrying, and Oil and Gas Extraction</common:class>
                    <common:class level="1" classId="b22278b5-8607-3d1e-8456-ef3fd9a84857">2111: Oil and Gas Extraction</common:class>
                </common:classification>
            </classificationInformation>
            <common:generalComment xml:lang="en">This process combines natural gas extracted by conventional and unconventional means for processing, based on their percentage share in the US natural gas production mix. The percentages are based on EIA 2014 for each of the extraction type which Franklin Associates summed up to calculate the total percentages for conventional and shale gas extraction in the US natural gas production mix. The data module also apportions environmental emissions according to the percent share of conventional and unconventional natural gas.</common:generalComment>
        </dataSetInformation>
        <quantitativeReference type="Reference flow(s)">
            <referenceToReferenceFlow>1</referenceToReferenceFlow>
        </quantitativeReference>
        <time xmlns:olca="http://openlca.org/ilcd-extensions" olca:startDate="1388473200000" olca:endDate="1417330800000">
            <common:referenceYear>2013</common:referenceYear>
            <common:dataSetValidUntil>2014</common:dataSetValidUntil>
        </time>
        <geography>
            <locationOfOperationSupplyOrProduction location="US" latitudeAndLongitude="39.62;-98.6"/>
        </geography>
    </processInformation>
    <modellingAndValidation>
        <LCIMethodAndAllocation>
            <typeOfDataSet>Unit process, black box</typeOfDataSet>
            <LCIMethodPrinciple>Other</LCIMethodPrinciple>
            <deviationsFromLCIMethodPrinciple xml:lang="en">LCI method was attributional. Compatible with TRACI</deviationsFromLCIMethodPrinciple>
            <modellingConstants xml:lang="en">For the natural gas, at processing, production mix, to consumer, unit process, the inputs are natural gas, at processing, conventional and natural gas, at processing, shale gas unit processes with data from GREET 2017.</modellingConstants>
        </LCIMethodAndAllocation>
        <dataSourcesTreatmentAndRepresentativeness>
            <dataCutOffAndCompletenessPrinciples xml:lang="en">TREATMENT OF MISSING ENVIRONMENTAL DATA: Elementary flows are cut-off at less than 1% based on environmental relevance.&#xD;
TREATMENT OF MISSING TECHNOSPHERE DATA: Intermediate flows are cut-off is at 1%  based on environmental relevance.&#xD;
MASS BALANCE: The mass balance was calculated by a straight comparison of inputs and outputs</dataCutOffAndCompletenessPrinciples>
            <deviationsFromCutOffAndCompletenessPrinciples xml:lang="en">None.</deviationsFromCutOffAndCompletenessPrinciples>
            <dataSelectionAndCombinationPrinciples xml:lang="en">This process combines the sources of natural gasextraction based on their percentage share in the US natural gas production mix. The percentages are based on EIA 2014 for each of the extraction type which Franklin Associates summed up to calculate the total percentages for conventional and shale gas extraction in the US natural gas production mix. </dataSelectionAndCombinationPrinciples>
            <deviationsFromSelectionAndCombinationPrinciples xml:lang="en">None.</deviationsFromSelectionAndCombinationPrinciples>
            <dataTreatmentAndExtrapolationsPrinciples xml:lang="en">The data module also apportions environmental emissions according to the percent share of conventional and unconventional natural gas.</dataTreatmentAndExtrapolationsPrinciples>
            <referenceToDataSource type="source data set" refObjectId="6a1bdfd4-f69f-4aab-b9b2-38fc99b0c0a4" version="01.00.000" uri="../sources/6a1bdfd4-f69f-4aab-b9b2-38fc99b0c0a4">
                <common:shortDescription xml:lang="en">US EIA, 2014</common:shortDescription>
            </referenceToDataSource>
            <referenceToDataSource type="source data set" refObjectId="c011f41f-2586-45aa-96f8-4d61150136ad" version="01.00.000" uri="../sources/c011f41f-2586-45aa-96f8-4d61150136ad">
                <common:shortDescription xml:lang="en">GREET 2017</common:shortDescription>
            </referenceToDataSource>
            <samplingProcedure xml:lang="en">BOUNDARY CONDITIONS: The system boundary includes (1) natural gas extraction (2) energy inputs for the process, and (3) water inputs for the process.&#xD;
DATA COLLECTION: A weighted average was calculated from the processing data for conventionally and unconventionally extracted natural gas and used to develop the composite produced natural gas process. &#xD;
UNCERTAINTY ESTIMATION: All data were carefully evaluated before compiling the production-weighted average data sets used to generate results. No uncertainty analysis was carried out due to the lack of uncertainty data or probability distributions for key parameters, which are often only available as single point estimates from the producers.&#xD;
</samplingProcedure>
            <dataCollectionPeriod xml:lang="en">GREET 2017</dataCollectionPeriod>
        </dataSourcesTreatmentAndRepresentativeness>
        <validation>
            <review type="Not reviewed">
                <common:reviewDetails xml:lang="en">Internal review of data entry proofreading, mass balance verification and data documentation.</common:reviewDetails>
                <common:referenceToNameOfReviewerAndInstitution type="contact data set" refObjectId="38e67478-a915-43d9-ad67-e25db79a4acc" version="01.00.000" uri="../contacts/38e67478-a915-43d9-ad67-e25db79a4acc">
                    <common:shortDescription xml:lang="en">Franklin Associates, A Division of ERG</common:shortDescription>
                </common:referenceToNameOfReviewerAndInstitution>
            </review>
        </validation>
    </modellingAndValidation>
    <administrativeInformation>
        <common:commissionerAndGoal>
            <common:intendedApplications xml:lang="en">"Accounting, with system-external interactions" - The intended application is a purely descriptive accounting / documentation of the analysed system including existing interactions with other systems in the LCI model. These data are an update to a previously published dataset which is a generic unit process data.</common:intendedApplications>
        </common:commissionerAndGoal>
        <dataGenerator>
            <common:referenceToPersonOrEntityGeneratingTheDataSet type="contact data set" refObjectId="38e67478-a915-43d9-ad67-e25db79a4acc" version="01.00.000" uri="../contacts/38e67478-a915-43d9-ad67-e25db79a4acc">
                <common:shortDescription xml:lang="en">Franklin Associates, A Division of ERG</common:shortDescription>
            </common:referenceToPersonOrEntityGeneratingTheDataSet>
        </dataGenerator>
        <dataEntryBy>
            <common:timeStamp>2019-10-15T12:34:40.408-06:00</common:timeStamp>
            <common:referenceToDataSetFormat type="source data set" refObjectId="a97a0155-0234-4b87-b4ce-a45da52f2a40" version="01.01.000" uri="../sources/a97a0155-0234-4b87-b4ce-a45da52f2a40_01.01.000.xml">
                <common:shortDescription xml:lang="en">ILCD format</common:shortDescription>
            </common:referenceToDataSetFormat>
            <common:referenceToPersonOrEntityEnteringTheData type="contact data set" refObjectId="38e67478-a915-43d9-ad67-e25db79a4acc" version="01.00.000" uri="../contacts/38e67478-a915-43d9-ad67-e25db79a4acc">
                <common:shortDescription xml:lang="en">Franklin Associates, A Division of ERG</common:shortDescription>
            </common:referenceToPersonOrEntityEnteringTheData>
        </dataEntryBy>
        <publicationAndOwnership>
            <common:dateOfLastRevision>2019-10-02T11:12:32.952-06:00</common:dateOfLastRevision>
            <common:dataSetVersion>00.00.018</common:dataSetVersion>
            <common:referenceToOwnershipOfDataSet type="contact data set" refObjectId="38e67478-a915-43d9-ad67-e25db79a4acc" version="01.00.000" uri="../contacts/38e67478-a915-43d9-ad67-e25db79a4acc">
                <common:shortDescription xml:lang="en">Franklin Associates, A Division of ERG</common:shortDescription>
            </common:referenceToOwnershipOfDataSet>
            <common:copyright>false</common:copyright>
        </publicationAndOwnership>
    </administrativeInformation>
    <exchanges>
        <exchange xmlns:olca="http://openlca.org/ilcd-extensions" dataSetInternalID="2" olca:unitId="20aadc24-a391-41cf-b340-3e4529f44bde" olca:propertyId="93a60a56-a3c8-11da-a746-0800200b9a66" olca:defaultProvider="8dcef86f-cf2c-4207-91aa-1398401fe8b7" olca:amount="0.51">
            <referenceToFlowDataSet type="flow data set" refObjectId="7445d544-fd68-4cb8-9f75-00428a6b4c98" version="01.00.000" uri="../flows/7445d544-fd68-4cb8-9f75-00428a6b4c98">
                <common:shortDescription xml:lang="en">Natural gas, at processing, conventional, kg</common:shortDescription>
            </referenceToFlowDataSet>
            <exchangeDirection>Input</exchangeDirection>
            <meanAmount>0.51</meanAmount>
            <resultingAmount>0.51</resultingAmount>
        </exchange>
        <exchange xmlns:olca="http://openlca.org/ilcd-extensions" dataSetInternalID="3" olca:unitId="20aadc24-a391-41cf-b340-3e4529f44bde" olca:propertyId="93a60a56-a3c8-11da-a746-0800200b9a66" olca:defaultProvider="7bfdfa88-b857-4a4a-bbb9-3f51ddc15d30" olca:amount="0.49">
            <referenceToFlowDataSet type="flow data set" refObjectId="5fad297f-057e-468c-8ae1-bd4ef37514f3" version="01.00.000" uri="../flows/5fad297f-057e-468c-8ae1-bd4ef37514f3">
                <common:shortDescription xml:lang="en">Natural gas, at processing, shale, kg</common:shortDescription>
            </referenceToFlowDataSet>
            <exchangeDirection>Input</exchangeDirection>
            <meanAmount>0.49</meanAmount>
            <resultingAmount>0.49</resultingAmount>
        </exchange>
        <exchange xmlns:olca="http://openlca.org/ilcd-extensions" dataSetInternalID="1" olca:unitId="20aadc24-a391-41cf-b340-3e4529f44bde" olca:propertyId="93a60a56-a3c8-11da-a746-0800200b9a66" olca:amount="1.0">
            <referenceToFlowDataSet type="flow data set" refObjectId="1a30ee75-215c-47ab-8927-8d15cdf63407" version="01.00.000" uri="../flows/1a30ee75-215c-47ab-8927-8d15cdf63407">
                <common:shortDescription xml:lang="en">Natural gas, at processing, composite, kg</common:shortDescription>
            </referenceToFlowDataSet>
            <exchangeDirection>Output</exchangeDirection>
            <meanAmount>1.0</meanAmount>
            <resultingAmount>1.0</resultingAmount>
        </exchange>
    </exchanges>
</processDataSet>
