<?xml version="1.0" encoding="UTF-8" standalone="yes"?>
<s:sourceDataSet xmlns:m="http://lca.jrc.it/ILCD/LCIAMethod" xmlns:common="http://lca.jrc.it/ILCD/Common" xmlns:s="http://lca.jrc.it/ILCD/Source" xmlns:c="http://lca.jrc.it/ILCD/Contact" xmlns:f="http://lca.jrc.it/ILCD/Flow" xmlns="http://lca.jrc.it/ILCD/Process" xmlns:fp="http://lca.jrc.it/ILCD/FlowProperty" xmlns:u="http://lca.jrc.it/ILCD/UnitGroup" version="1.1">
    <s:sourceInformation>
        <s:dataSetInformation>
            <common:UUID>08b85575-2245-3969-b5ea-df43e67404d6</common:UUID>
            <common:shortName xml:lang="en">U.S. EPA </common:shortName>
            <s:classificationInformation/>
            <s:sourceCitation>AP-42 Sec 11.9 Emis Fac, Mineral Products Industry: Western Surface Coal Mining 1998</s:sourceCitation>
        </s:dataSetInformation>
    </s:sourceInformation>
    <s:administrativeInformation>
        <s:dataEntryBy>
            <common:referenceToDataSetFormat type="source data set" refObjectId="a97a0155-0234-4b87-b4ce-a45da52f2a40" version="01.01.000" uri="../sources/a97a0155-0234-4b87-b4ce-a45da52f2a40_01.01.000.xml">
                <common:shortDescription xml:lang="en">ILCD format</common:shortDescription>
            </common:referenceToDataSetFormat>
        </s:dataEntryBy>
        <s:publicationAndOwnership>
            <common:dataSetVersion>00.00.000</common:dataSetVersion>
            <common:permanentDataSetURI>http://openlca.org/ilcd/resource/sources/08b85575-2245-3969-b5ea-df43e67404d6</common:permanentDataSetURI>
        </s:publicationAndOwnership>
    </s:administrativeInformation>
</s:sourceDataSet>
