<?xml version="1.0" encoding="UTF-8" standalone="yes"?>
<s:sourceDataSet xmlns:m="http://lca.jrc.it/ILCD/LCIAMethod" xmlns:common="http://lca.jrc.it/ILCD/Common" xmlns:s="http://lca.jrc.it/ILCD/Source" xmlns:c="http://lca.jrc.it/ILCD/Contact" xmlns:f="http://lca.jrc.it/ILCD/Flow" xmlns="http://lca.jrc.it/ILCD/Process" xmlns:fp="http://lca.jrc.it/ILCD/FlowProperty" xmlns:u="http://lca.jrc.it/ILCD/UnitGroup" version="1.1">
    <s:sourceInformation>
        <s:dataSetInformation>
            <common:UUID>6a1bdfd4-f69f-4aab-b9b2-38fc99b0c0a4</common:UUID>
            <common:shortName xml:lang="en">US EIA, 2014</common:shortName>
            <s:classificationInformation/>
            <s:sourceDescriptionOrComment xml:lang="en">US EIA (2014). U.S. EIA webpage. Natural Gas Gross Withdrawls and Production Table.  Retrieved from: https://www.eia.gov/dnav/ng/ng_prod_sum_a_EPG0_FGG_mmcf_a.htm.</s:sourceDescriptionOrComment>
        </s:dataSetInformation>
    </s:sourceInformation>
    <s:administrativeInformation>
        <s:dataEntryBy>
            <common:timeStamp>2019-03-29T10:46:10.289-06:00</common:timeStamp>
            <common:referenceToDataSetFormat type="source data set" refObjectId="a97a0155-0234-4b87-b4ce-a45da52f2a40" version="01.01.000" uri="../sources/a97a0155-0234-4b87-b4ce-a45da52f2a40_01.01.000.xml">
                <common:shortDescription xml:lang="en">ILCD format</common:shortDescription>
            </common:referenceToDataSetFormat>
        </s:dataEntryBy>
        <s:publicationAndOwnership>
            <common:dataSetVersion>00.00.000</common:dataSetVersion>
            <common:permanentDataSetURI>http://openlca.org/ilcd/resource/sources/6a1bdfd4-f69f-4aab-b9b2-38fc99b0c0a4</common:permanentDataSetURI>
        </s:publicationAndOwnership>
    </s:administrativeInformation>
</s:sourceDataSet>
