<?xml version="1.0" encoding="UTF-8" standalone="yes"?>
<f:flowDataSet xmlns:m="http://lca.jrc.it/ILCD/LCIAMethod" xmlns:common="http://lca.jrc.it/ILCD/Common" xmlns:s="http://lca.jrc.it/ILCD/Source" xmlns:c="http://lca.jrc.it/ILCD/Contact" xmlns:f="http://lca.jrc.it/ILCD/Flow" xmlns="http://lca.jrc.it/ILCD/Process" xmlns:fp="http://lca.jrc.it/ILCD/FlowProperty" xmlns:u="http://lca.jrc.it/ILCD/UnitGroup" version="1.1">
    <f:flowInformation>
        <f:dataSetInformation>
            <common:UUID>a75c0045-05c6-3d81-8894-607c5e9d2f74</common:UUID>
            <f:name>
                <f:baseName xml:lang="en">Pulpwood, softwood, average, at forest road, INW</f:baseName>
            </f:name>
            <f:classificationInformation>
                <common:classification>
                    <common:class level="0" classId="ff58460a-3ab5-3a0a-b634-e5386689a65b">Forestry and Logging</common:class>
                    <common:class level="1" classId="7e48db2d-2790-34d3-8a47-b10850c0cba1">Logging</common:class>
                </common:classification>
            </f:classificationInformation>
        </f:dataSetInformation>
        <f:quantitativeReference>
            <f:referenceToReferenceFlowProperty>0</f:referenceToReferenceFlowProperty>
        </f:quantitativeReference>
        <f:geography>
            <f:locationOfSupply xml:lang="en">RNA</f:locationOfSupply>
        </f:geography>
    </f:flowInformation>
    <f:modellingAndValidation>
        <f:LCIMethod>
            <f:typeOfDataSet>Product flow</f:typeOfDataSet>
        </f:LCIMethod>
    </f:modellingAndValidation>
    <f:administrativeInformation>
        <f:dataEntryBy>
            <common:timeStamp>2018-06-27T10:38:51.363-06:00</common:timeStamp>
            <common:referenceToDataSetFormat type="source data set" refObjectId="a97a0155-0234-4b87-b4ce-a45da52f2a40" version="01.01.000" uri="../sources/a97a0155-0234-4b87-b4ce-a45da52f2a40_01.01.000.xml">
                <common:shortDescription xml:lang="en">ILCD format</common:shortDescription>
            </common:referenceToDataSetFormat>
        </f:dataEntryBy>
        <f:publicationAndOwnership>
            <common:dataSetVersion>00.00.001</common:dataSetVersion>
            <common:permanentDataSetURI>http://openlca.org/ilcd/resource/flows/a75c0045-05c6-3d81-8894-607c5e9d2f74</common:permanentDataSetURI>
        </f:publicationAndOwnership>
    </f:administrativeInformation>
    <f:flowProperties>
        <f:flowProperty dataSetInternalID="0">
            <f:referenceToFlowPropertyDataSet type="flow property data set" refObjectId="93a60a56-a3c8-22da-a746-0800200c9a66" version="01.00.000" uri="../flowproperties/93a60a56-a3c8-22da-a746-0800200c9a66">
                <common:shortDescription xml:lang="en">Volume</common:shortDescription>
            </f:referenceToFlowPropertyDataSet>
            <f:meanValue>1.0</f:meanValue>
        </f:flowProperty>
    </f:flowProperties>
</f:flowDataSet>
