{"@context":"http://greendelta.github.io/olca-schema/context.jsonld","@type":"UnitGroup","@id":"258d6abd-14f2-4484-956c-c88e8f6fd8ed","name":"Units of energy/mass*time","version":"00.00.000","category":{"@type":"Category","@id":"00d44049-4768-313c-b2a5-c2d545f8e0ec","name":"Technical unit groups"},"units":[{"@type":"Unit","@id":"94dcd768-ea3e-47da-ba1b-11fea4b5f4cc","name":"MJ/kg*d","description":"Megajoule per kilogram times day","version":"00.00.000","referenceUnit":true,"conversionFactor":1.0}],"defaultFlowProperty":{"@type":"FlowProperty","@id":"c6984745-192d-416f-9728-d6169ba6267f","name":"Energy/mass*time"}}