{"@context":"http://greendelta.github.io/olca-schema/context.jsonld","@type":"UnitGroup","@id":"3dbb60e1-edde-49f7-b28d-f34b4af727b3","name":"Units of mole*area/mass","version":"00.00.000","category":{"@type":"Category","@id":"00d44049-4768-313c-b2a5-c2d545f8e0ec","name":"Technical unit groups"},"units":[{"@type":"Unit","@id":"691ae73c-3fc1-4157-85d0-2659bdc2380a","name":"(cmol*m2)/kg","description":"Centimole times square metre per kilogram","version":"00.00.000","referenceUnit":true,"conversionFactor":1.0}],"defaultFlowProperty":{"@type":"FlowProperty","@id":"ac95ed26-5038-4862-8b82-94f1412875cd","name":"Physicochemical Filtration (Transf.)"}}