{"@context":"http://greendelta.github.io/olca-schema/context.jsonld","@type":"UnitGroup","@id":"5454b231-270e-45e6-89b2-7f4f3e482245","name":"Units of items*length","version":"00.00.000","category":{"@type":"Category","@id":"00d44049-4768-313c-b2a5-c2d545f8e0ec","name":"Technical unit groups"},"units":[{"@type":"Unit","@id":"2abb86b6-e71b-4de5-a766-a20e80e59b6d","name":"Items*km","description":"Items times kilometre","version":"00.00.000","referenceUnit":true,"conversionFactor":1.0},{"@type":"Unit","@id":"9bf0166c-fa76-47d0-95af-054ea9125f2c","name":"Items*nmi","description":"Items times nautical mile","version":"00.00.000","conversionFactor":1.85},{"@type":"Unit","@id":"ce39138f-55f8-47bc-b55a-66027fc836d9","name":"Items*mi","description":"Items times international mile","version":"00.00.000","conversionFactor":1.6}],"defaultFlowProperty":{"@type":"FlowProperty","@id":"0ddc622a-bc4a-4cf8-a551-9e112864b77f","name":"Items*Length"}}