{"@context":"http://greendelta.github.io/olca-schema/context.jsonld","@type":"UnitGroup","@id":"876adcd3-29e6-44e2-acdd-11be304ae654","name":"Units of energy/area*time","version":"00.00.000","category":{"@type":"Category","@id":"00d44049-4768-313c-b2a5-c2d545f8e0ec","name":"Technical unit groups"},"units":[{"@type":"Unit","@id":"aff60d84-007c-4f30-bfda-3853760f6954","name":"kWh/m2*d","description":"Kilowatthour per square metre times day","version":"00.00.000","referenceUnit":true,"conversionFactor":1.0,"synonyms":["kWh/m2*d","kWh/m2d","kWh/m²d"]}],"defaultFlowProperty":{"@type":"FlowProperty","@id":"e2f7001e-a331-4fc7-8052-c0b9bcf6a05f","name":"Energy/area*time"}}