{"@context":"http://greendelta.github.io/olca-schema/context.jsonld","@type":"UnitGroup","@id":"f2275057-f8be-4db9-bb78-5dfc276967a0","name":"Units of length*area/time","version":"00.00.000","category":{"@type":"Category","@id":"00d44049-4768-313c-b2a5-c2d545f8e0ec","name":"Technical unit groups"},"units":[{"@type":"Unit","@id":"aa14a795-2239-496a-81b0-ad7cb8bbe0d2","name":"cm*m2/d","description":"Centimetre times square metre per day","version":"00.00.000","referenceUnit":true,"conversionFactor":1.0}],"defaultFlowProperty":{"@type":"FlowProperty","@id":"05e42ba1-dbcd-4dc2-b735-a2f17dd211ae","name":"Mechanical Filtration (Transf.)"}}