{"@context":"http://greendelta.github.io/olca-schema/context.jsonld","@type":"Process","@id":"2753c5de-221b-369a-84de-689d354b8b2d","name":"Forest residue, preprocessed, at conversion facility","description":"It assumes two transport steps by semi-tractor trailer. It assumes the trailer will be loaded at the preprcessing facility by gravity, i.e., no additional step or equipment necessary. The distance from the preprocessing facility to the conversion plant is assumed to be 1/2 the distance from the landing to the conversion facility. We assume unloading is by gravity at the conversion facility (either a trailer that has a \"live bottom\" or is tipped) requiring, if any, negligable energy/emissions which we omit consideration of. (Leinonen 2004 provides foundation for the loading and unloading assertions on pgs 44-45 and Fig 14, respetively.) Thus, the only step modeled is transport. Transport infrastructure is accounted for by utilizing Ecoinvent \"transport\" modules. The transport vehicle is a \"chip van.\" We use the closest approximation to the chip van that the Ecoinvent database has available (a lorry).\n\nThis process assumes incremental allocation of co-products in the feedstock production processes.","version":"00.00.003","lastChange":"2023-03-31T15:04:02.612-04:00","category":{"@type":"Category","@id":"06d36dce-ff74-35b2-9148-ee963d3c754b","name":"4842: Specialized Freight Trucking","categoryPath":["48-49: Transportation and Warehousing"],"categoryType":"Process"},"processType":"UNIT_PROCESS","defaultAllocationMethod":"NO_ALLOCATION","infrastructureProcess":false,"location":{"@type":"Location","@id":"b320e7db-c758-3ba6-8839-81eb83c9d7d7","name":"Northern America"},"processDocumentation":{"@type":"ProcessDocumentation","timeDescription":"2008","technologyDescription":"Unspecified","restrictionsDescription":"All information can be accessed by everybody.","copyright":false,"validFrom":"2007-12-31-05:00","validUntil":"2007-12-31-05:00","creationDate":"2013-10-22T13:59:20-04:00","geographyDescription":"North America","dataDocumentor":{"@type":"Actor","@id":"dd4e5378-7978-3203-bfdf-acc867500cb3","name":"Daniel Inman"},"dataGenerator":{"@type":"Actor","@id":"dd4e5378-7978-3203-bfdf-acc867500cb3","name":"Daniel Inman"},"publication":{"@type":"Source","@id":"a1d1d73e-7d93-3a6b-a3bc-3b2f4f025b86","name":"Hsu, D. "},"sources":[{"@type":"Source","@id":"a1d1d73e-7d93-3a6b-a3bc-3b2f4f025b86","name":"Hsu, D. "},{"@type":"Source","@id":"9ae25d02-376e-30ad-bf4c-110138e6cdee","name":"Pan, F. "}]},"lastInternalId":3,"exchanges":[{"@type":"Exchange","avoidedProduct":false,"input":false,"amount":1000.0,"amountFormula":"1.0*1000","internalId":1,"flow":{"@type":"Flow","@id":"658f8e12-f566-3e01-930c-e95cf9fa2c2b","name":"Forest residue, preprocessed, at conversion facility","categoryPath":["Technosphere Flows","48-49: Transportation and Warehousing","4842: Specialized Freight Trucking"],"flowType":"PRODUCT_FLOW","location":"RNA","refUnit":"kg"},"unit":{"@type":"Unit","@id":"20aadc24-a391-41cf-b340-3e4529f44bde","name":"kg"},"flowProperty":{"@type":"FlowProperty","@id":"93a60a56-a3c8-11da-a746-0800200b9a66","name":"Mass","categoryPath":["Technical flow properties"]},"quantitativeReference":true},{"@type":"Exchange","avoidedProduct":false,"input":true,"amount":1000.0,"amountFormula":"1.0*1000","internalId":2,"defaultProvider":{"@type":"Process","@id":"96087256-d181-30c8-ae17-f25e1f0eab0c","name":"Forest residue, dried, stored","categoryPath":["11: Agriculture, Forestry, Fishing and Hunting","1132: Forest Nurseries and Gathering of Forest Products"],"processType":"UNIT_PROCESS","location":"RNA"},"flow":{"@type":"Flow","@id":"d56acd63-a8ae-3308-a626-fa858ee121dd","name":"Forest residue, dried, stored","categoryPath":["Technosphere Flows","11: Agriculture, Forestry, Fishing and Hunting","1132: Forest Nurseries and Gathering of Forest Products"],"flowType":"PRODUCT_FLOW","location":"RNA","refUnit":"kg"},"unit":{"@type":"Unit","@id":"20aadc24-a391-41cf-b340-3e4529f44bde","name":"kg"},"flowProperty":{"@type":"FlowProperty","@id":"93a60a56-a3c8-11da-a746-0800200b9a66","name":"Mass","categoryPath":["Technical flow properties"]}},{"@type":"Exchange","avoidedProduct":false,"input":true,"amount":34.0,"description":"This Ecoinvent lorry was chosen because Leinonen 2004 (p.48) quotes US DOT regs as typically limiting payload to 25 short tons. EURO5 is the most stringest emission standard and is used to represent 2022 regulations in the USA even though it is likely that standards will be tighter by then.","internalId":3,"defaultProvider":{"@type":"Process","@id":"34156f3c-28ef-33db-9ad0-6293a2aa0d52","name":"Transport, combination truck, diesel powered","categoryPath":["48-49: Transportation and Warehousing","4841: General Freight Trucking"],"processType":"UNIT_PROCESS","location":"RNA"},"flow":{"@type":"Flow","@id":"628c07ec-0802-39c1-ab88-1c62848ef436","name":"Transport, combination truck, diesel powered","categoryPath":["Technosphere Flows","48-49: Transportation and Warehousing","4841: General Freight Trucking"],"flowType":"PRODUCT_FLOW","location":"RNA","refUnit":"t*km"},"unit":{"@type":"Unit","@id":"0dea4ed8-bb6b-4049-b2b4-b2c413ef2180","name":"t*km"},"flowProperty":{"@type":"FlowProperty","@id":"838aaa20-0117-11db-92e3-0800200c9a66","name":"Goods transport (mass*distance)","categoryPath":["Technical flow properties"]}}]}