{"@context":"http://greendelta.github.io/olca-schema/context.jsonld","@type":"Process","@id":"9109d57c-8234-3569-a2e6-0e4671b524d9","name":"Corn grain, at conversion plant, 2022","description":"This process transports corn grain to the conversion plant. It does so using transportation modal allocation from the USDA Ethanol Backgrounder (2007), assuming this current allocation will apply in 2022. Distances for each mode are from a combination of references; still missing a good distance estimate for barge, but since the share of barge transportation is ~2%, the final result will not be sensititive to this parameter.Infrastructure impacts are included in this process by calling the Ecoinvent \"transport\" processes.\nThe production of corn grain feedstock utilized in this transport process allocates inputs to the stover and grain based on the amount of ethanol that can be produced from each co-product (so-called \"EtOH allocation\").","version":"00.00.003","lastChange":"2023-03-31T15:04:02.612-04:00","category":{"@type":"Category","@id":"06d36dce-ff74-35b2-9148-ee963d3c754b","name":"4842: Specialized Freight Trucking","categoryPath":["48-49: Transportation and Warehousing"],"categoryType":"Process"},"processType":"UNIT_PROCESS","defaultAllocationMethod":"NO_ALLOCATION","infrastructureProcess":false,"location":{"@type":"Location","@id":"b320e7db-c758-3ba6-8839-81eb83c9d7d7","name":"Northern America"},"processDocumentation":{"@type":"ProcessDocumentation","timeDescription":"2010","technologyDescription":"future","restrictionsDescription":"All information can be accessed by everybody.","copyright":false,"validFrom":"2009-12-31-05:00","validUntil":"2099-12-31-05:00","creationDate":"2013-10-22T11:00:28-04:00","geographyDescription":"North America","dataDocumentor":{"@type":"Actor","@id":"4abc5016-b922-34c0-a2c1-136c5cfa7083","name":"Garvin Heath"},"dataGenerator":{"@type":"Actor","@id":"4abc5016-b922-34c0-a2c1-136c5cfa7083","name":"Garvin Heath"},"publication":{"@type":"Source","@id":"a1d1d73e-7d93-3a6b-a3bc-3b2f4f025b86","name":"Hsu, D. "},"sources":[{"@type":"Source","@id":"a1d1d73e-7d93-3a6b-a3bc-3b2f4f025b86","name":"Hsu, D. "}]},"lastInternalId":5,"exchanges":[{"@type":"Exchange","avoidedProduct":false,"input":false,"amount":1000.0,"amountFormula":"1.0*1000","internalId":1,"flow":{"@type":"Flow","@id":"2766f5e7-9d42-36cb-8a03-11aa4f7ecd3a","name":"Corn grain, at conversion plant","categoryPath":["Technosphere Flows","48-49: Transportation and Warehousing","4842: Specialized Freight Trucking"],"flowType":"PRODUCT_FLOW","location":"RNA","refUnit":"kg"},"unit":{"@type":"Unit","@id":"20aadc24-a391-41cf-b340-3e4529f44bde","name":"kg"},"flowProperty":{"@type":"FlowProperty","@id":"93a60a56-a3c8-11da-a746-0800200b9a66","name":"Mass","categoryPath":["Technical flow properties"]},"quantitativeReference":true},{"@type":"Exchange","avoidedProduct":false,"input":true,"amount":200.0,"description":"This process uses European train data extrapolated to US by ecoinvent. This process relates to \"average\" (current) trains, even though emissions will presumably be considerably lower in 2022.  Assumes backhauling of gasoline (i.e., no attributable empty return trip).  Assumes 2005 modal allocation and distances apply to 2022.","internalId":4,"defaultProvider":{"@type":"Process","@id":"7de9c230-fd0f-3478-be87-f80181132faa","name":"Transport, train, diesel powered","categoryPath":["48-49: Transportation and Warehousing","4821: Rail Transportation"],"processType":"UNIT_PROCESS","location":"RNA"},"flow":{"@type":"Flow","@id":"73c7494d-4e93-3769-896b-8bb82f0dfccc","name":"Transport, train, diesel powered","categoryPath":["Technosphere Flows","48-49: Transportation and Warehousing","4821: Rail Transportation"],"flowType":"PRODUCT_FLOW","location":"RNA","refUnit":"t*km"},"unit":{"@type":"Unit","@id":"0dea4ed8-bb6b-4049-b2b4-b2c413ef2180","name":"t*km"},"flowProperty":{"@type":"FlowProperty","@id":"838aaa20-0117-11db-92e3-0800200c9a66","name":"Goods transport (mass*distance)","categoryPath":["Technical flow properties"]}},{"@type":"Exchange","avoidedProduct":false,"input":true,"amount":11.3,"description":"assuming barge is for dry goods, barge tanker for liquid. This process relates to \"average\" (current) barges, even though emissions will presumably be considerably lower in 2022.  Assumes backhauling of gasoline (i.e., no attributable empty return trip).  Assumes 2005 modal allocation and distances apply to 2022.","internalId":2,"defaultProvider":{"@type":"Process","@id":"c2300fc3-5496-3d12-9135-67dc0ef740c9","name":"Transport, barge, diesel powered","categoryPath":["48-49: Transportation and Warehousing","4832: Inland Water Transportation"],"processType":"UNIT_PROCESS","location":"RNA"},"flow":{"@type":"Flow","@id":"a1242640-8306-366c-9c55-6dfd23e77bd7","name":"Transport, barge, diesel powered","categoryPath":["Technosphere Flows","48-49: Transportation and Warehousing","4832: Inland Water Transportation"],"flowType":"PRODUCT_FLOW","location":"RNA","refUnit":"t*km"},"unit":{"@type":"Unit","@id":"0dea4ed8-bb6b-4049-b2b4-b2c413ef2180","name":"t*km"},"flowProperty":{"@type":"FlowProperty","@id":"838aaa20-0117-11db-92e3-0800200c9a66","name":"Goods transport (mass*distance)","categoryPath":["Technical flow properties"]}},{"@type":"Exchange","avoidedProduct":false,"input":true,"amount":1000.0,"internalId":3,"defaultProvider":{"@type":"Process","@id":"8504caf4-bea5-3ab2-b8f9-d4861e819f92","name":"Corn grain, harvested and stored","categoryPath":["11: Agriculture, Forestry, Fishing and Hunting","1151: Support Activities for Crop Production"],"processType":"UNIT_PROCESS","location":"RNA"},"flow":{"@type":"Flow","@id":"510d2c9a-5542-30fb-b8e6-2d9460fe055c","name":"Corn grain, harvested and stored","categoryPath":["Technosphere Flows","11: Agriculture, Forestry, Fishing and Hunting","1151: Support Activities for Crop Production"],"flowType":"PRODUCT_FLOW","location":"RNA","refUnit":"kg"},"unit":{"@type":"Unit","@id":"20aadc24-a391-41cf-b340-3e4529f44bde","name":"kg"},"flowProperty":{"@type":"FlowProperty","@id":"93a60a56-a3c8-11da-a746-0800200b9a66","name":"Mass","categoryPath":["Technical flow properties"]}},{"@type":"Exchange","avoidedProduct":false,"input":true,"amount":67.0,"description":"This is the most stringest European emission standard for lorries, though presumably considerably higher than standards in place in 2022. Assumes backhauling of gasoline (i.e., no attributable empty return trip). Assumes 2005 modal allocation and distances apply to 2022.","internalId":5,"defaultProvider":{"@type":"Process","@id":"34156f3c-28ef-33db-9ad0-6293a2aa0d52","name":"Transport, combination truck, diesel powered","categoryPath":["48-49: Transportation and Warehousing","4841: General Freight Trucking"],"processType":"UNIT_PROCESS","location":"RNA"},"flow":{"@type":"Flow","@id":"628c07ec-0802-39c1-ab88-1c62848ef436","name":"Transport, combination truck, diesel powered","categoryPath":["Technosphere Flows","48-49: Transportation and Warehousing","4841: General Freight Trucking"],"flowType":"PRODUCT_FLOW","location":"RNA","refUnit":"t*km"},"unit":{"@type":"Unit","@id":"0dea4ed8-bb6b-4049-b2b4-b2c413ef2180","name":"t*km"},"flowProperty":{"@type":"FlowProperty","@id":"838aaa20-0117-11db-92e3-0800200c9a66","name":"Goods transport (mass*distance)","categoryPath":["Technical flow properties"]}}]}