{"@context":"http://greendelta.github.io/olca-schema/context.jsonld","@type":"Flow","@id":"057a281a-908b-3adf-8f51-ed79fe5c5a9b","name":"Transport, pipeline, natural gas","version":"00.00.003","lastChange":"2019-09-19T12:33:09.966-06:00","category":{"@type":"Category","@id":"bd832f14-12bf-322a-bd49-5d825c337c4b","name":"4862: Pipeline Transportation of Natural Gas","categoryPath":["Technosphere Flows","48-49: Transportation and Warehousing"],"categoryType":"Flow"},"flowType":"PRODUCT_FLOW","infrastructureFlow":false,"location":{"@type":"Location","@id":"b320e7db-c758-3ba6-8839-81eb83c9d7d7","name":"Northern America"},"flowProperties":[{"@type":"FlowPropertyFactor","referenceFlowProperty":true,"flowProperty":{"@type":"FlowProperty","@id":"838aaa20-0117-11db-92e3-0800200c9a66","name":"Goods transport (mass*distance)","categoryPath":["Technical flow properties"]},"conversionFactor":1.0}]}