{"@context":"http://greendelta.github.io/olca-schema/context.jsonld","@type":"Flow","@id":"115967d8-5c6a-32ee-9868-6a786b34ecf2","name":"Wood fuel, hardwood, dry, at engineered wood flooring plant, E","version":"00.00.005","lastChange":"2019-10-02T00:10:33.532-06:00","category":{"@type":"Category","@id":"b8362b57-38d0-3296-aa02-f5cc4d910525","name":"3219: Other Wood Product Manufacturing","categoryPath":["Technosphere Flows","31-33: Manufacturing"],"categoryType":"Flow"},"flowType":"PRODUCT_FLOW","infrastructureFlow":false,"location":{"@type":"Location","@id":"b320e7db-c758-3ba6-8839-81eb83c9d7d7","name":"Northern America"},"flowProperties":[{"@type":"FlowPropertyFactor","referenceFlowProperty":true,"flowProperty":{"@type":"FlowProperty","@id":"93a60a56-a3c8-11da-a746-0800200b9a66","name":"Mass","categoryPath":["Technical flow properties"]},"conversionFactor":1.0}]}