{"@context":"http://greendelta.github.io/olca-schema/context.jsonld","@type":"Flow","@id":"20d4d821-f4f7-4017-8810-f822fcdf619e","name":"Hydrogen sulfide","version":"00.00.002","lastChange":"2018-10-05T14:19:41.720-06:00","category":{"@type":"Category","@id":"5ee13ccb-a299-3d36-8d7e-be8281e8891a","name":"unspecified","categoryPath":["Elementary Flows","Emission to air"],"categoryType":"Flow"},"flowType":"ELEMENTARY_FLOW","cas":"007783-06-4","formula":"H2S","infrastructureFlow":false,"flowProperties":[{"@type":"FlowPropertyFactor","referenceFlowProperty":true,"flowProperty":{"@type":"FlowProperty","@id":"93a60a56-a3c8-11da-a746-0800200b9a66","name":"Mass","categoryPath":["Technical flow properties"]},"conversionFactor":1.0}]}