{"@context":"http://greendelta.github.io/olca-schema/context.jsonld","@type":"Flow","@id":"21e46cb8-6233-4c99-bac3-c41d2ab99498","name":"Particulates, \u003c 2.5 um","version":"00.00.002","lastChange":"2018-10-05T14:20:27.493-06:00","category":{"@type":"Category","@id":"5ee13ccb-a299-3d36-8d7e-be8281e8891a","name":"unspecified","categoryPath":["Elementary Flows","Emission to air"],"categoryType":"Flow"},"flowType":"ELEMENTARY_FLOW","formula":"PM2.5","infrastructureFlow":false,"flowProperties":[{"@type":"FlowPropertyFactor","referenceFlowProperty":true,"flowProperty":{"@type":"FlowProperty","@id":"93a60a56-a3c8-11da-a746-0800200b9a66","name":"Mass","categoryPath":["Technical flow properties"]},"conversionFactor":1.0}]}