{"@context":"http://greendelta.github.io/olca-schema/context.jsonld","@type":"Flow","@id":"2f100cfa-4feb-45e9-a43a-357128228889","name":"Copper","version":"00.00.002","lastChange":"2018-10-05T14:24:05.911-06:00","category":{"@type":"Category","@id":"fab13f44-02b6-39d4-b75b-1fef2146c199","name":"unspecified","categoryPath":["Elementary Flows","Emission to water"],"categoryType":"Flow"},"flowType":"ELEMENTARY_FLOW","cas":"007440-50-8","formula":"Cu","infrastructureFlow":false,"flowProperties":[{"@type":"FlowPropertyFactor","referenceFlowProperty":true,"flowProperty":{"@type":"FlowProperty","@id":"93a60a56-a3c8-11da-a746-0800200b9a66","name":"Mass","categoryPath":["Technical flow properties"]},"conversionFactor":1.0}]}