{"@context":"http://greendelta.github.io/olca-schema/context.jsonld","@type":"Flow","@id":"33a84b45-cfc6-3601-9c0a-3b7c5695dc8a","name":"Trona ore, in ground","version":"00.00.001","lastChange":"2018-06-27T10:38:49.689-06:00","category":{"@type":"Category","@id":"2781ef1b-ecc9-3e6a-af93-ce48f6f16362","name":"ground-","categoryPath":["resource"],"categoryType":"Flow"},"flowType":"ELEMENTARY_FLOW","infrastructureFlow":false,"flowProperties":[{"@type":"FlowPropertyFactor","referenceFlowProperty":true,"flowProperty":{"@type":"FlowProperty","@id":"93a60a56-a3c8-11da-a746-0800200b9a66","name":"Mass","categoryPath":["Technical flow properties"]},"conversionFactor":1.0}]}