{"@context":"http://greendelta.github.io/olca-schema/context.jsonld","@type":"Flow","@id":"48187a93-fc4e-3c80-98c2-5b0eaafc07d4","name":"Sulfur, at plant","version":"00.00.003","lastChange":"2019-09-19T11:19:19.715-06:00","category":{"@type":"Category","@id":"be53b4a2-856a-3235-8a18-5a03ed69f80a","name":"2111: Oil and Gas Extraction","categoryPath":["Technosphere Flows","21: Mining, Quarrying, and Oil and Gas Extraction"],"categoryType":"Flow"},"flowType":"PRODUCT_FLOW","infrastructureFlow":false,"location":{"@type":"Location","@id":"b320e7db-c758-3ba6-8839-81eb83c9d7d7","name":"Northern America"},"flowProperties":[{"@type":"FlowPropertyFactor","referenceFlowProperty":true,"flowProperty":{"@type":"FlowProperty","@id":"93a60a56-a3c8-11da-a746-0800200b9a66","name":"Mass","categoryPath":["Technical flow properties"]},"conversionFactor":1.0}]}