{"@context":"http://greendelta.github.io/olca-schema/context.jsonld","@type":"Flow","@id":"4db739d9-a558-3e67-84b3-8d6cf0edafc3","name":"Lithium, ion","version":"00.00.001","lastChange":"2018-06-27T10:38:47.102-06:00","category":{"@type":"Category","@id":"ebacb70b-4c61-3e12-87b3-fbf61dff3ded","name":"unspecified","categoryPath":["water"],"categoryType":"Flow"},"flowType":"ELEMENTARY_FLOW","infrastructureFlow":false,"flowProperties":[{"@type":"FlowPropertyFactor","referenceFlowProperty":true,"flowProperty":{"@type":"FlowProperty","@id":"93a60a56-a3c8-11da-a746-0800200b9a66","name":"Mass","categoryPath":["Technical flow properties"]},"conversionFactor":1.0}]}