{"@context":"http://greendelta.github.io/olca-schema/context.jsonld","@type":"Flow","@id":"5fad297f-057e-468c-8ae1-bd4ef37514f3","name":"Natural gas, at processing, shale, kg","description":"Conventional natural gas processing uses extracted natural gas by unconventional technologies such as hydraulic fracturing or coal bed methane extraction, and processes it to yield a marketable product. This flow provides natural gas extracted by unconventional means.","version":"00.00.008","lastChange":"2019-10-02T11:23:09.058-06:00","category":{"@type":"Category","@id":"be53b4a2-856a-3235-8a18-5a03ed69f80a","name":"2111: Oil and Gas Extraction","categoryPath":["Technosphere Flows","21: Mining, Quarrying, and Oil and Gas Extraction"],"categoryType":"Flow"},"flowType":"PRODUCT_FLOW","cas":"","formula":"","infrastructureFlow":false,"flowProperties":[{"@type":"FlowPropertyFactor","referenceFlowProperty":true,"flowProperty":{"@type":"FlowProperty","@id":"93a60a56-a3c8-11da-a746-0800200b9a66","name":"Mass","categoryPath":["Technical flow properties"]},"conversionFactor":1.0}]}