{"@context":"http://greendelta.github.io/olca-schema/context.jsonld","@type":"Flow","@id":"746745dd-26b9-30c9-961b-f3b0c49363c5","name":"Gas, natural, 49.8 MJ per kg, in ground","version":"00.00.001","lastChange":"2018-06-27T10:38:49.058-06:00","category":{"@type":"Category","@id":"239d7631-e95e-33e7-bec0-159b334f6ac6","name":"fossil-","categoryPath":["resource"],"categoryType":"Flow"},"flowType":"ELEMENTARY_FLOW","infrastructureFlow":false,"flowProperties":[{"@type":"FlowPropertyFactor","referenceFlowProperty":true,"flowProperty":{"@type":"FlowProperty","@id":"93a60a56-a3c8-11da-a746-0800200b9a66","name":"Mass","categoryPath":["Technical flow properties"]},"conversionFactor":1.0}]}