{"@context":"http://greendelta.github.io/olca-schema/context.jsonld","@type":"Flow","@id":"797f3d85-41ed-3e5b-b8d0-e932c5a26f39","name":"Water, river","version":"00.00.001","lastChange":"2018-06-27T10:38:48.059-06:00","category":{"@type":"Category","@id":"9cee2d9a-1018-3259-b2b5-f74c3a34548b","name":"river","categoryPath":["water"],"categoryType":"Flow"},"flowType":"ELEMENTARY_FLOW","infrastructureFlow":false,"flowProperties":[{"@type":"FlowPropertyFactor","referenceFlowProperty":true,"flowProperty":{"@type":"FlowProperty","@id":"93a60a56-a3c8-22da-a746-0800200c9a66","name":"Volume","categoryPath":["Technical flow properties"]},"conversionFactor":1.0}]}