{"@context":"http://greendelta.github.io/olca-schema/context.jsonld","@type":"Flow","@id":"87dd9cbf-4600-380f-b294-f41d08863cf8","name":"CUTOFF Disposal, solid waste, unspecified, to unspecified treatment","version":"00.00.003","lastChange":"2019-10-01T10:21:27.963-06:00","category":{"@type":"Category","@id":"1a656790-0bd7-3fbc-b193-50dfbba1e8a0","name":"CUTOFF Flows","categoryPath":["Technosphere Flows"],"categoryType":"Flow"},"flowType":"PRODUCT_FLOW","infrastructureFlow":false,"location":{"@type":"Location","@id":"b320e7db-c758-3ba6-8839-81eb83c9d7d7","name":"Northern America"},"flowProperties":[{"@type":"FlowPropertyFactor","referenceFlowProperty":true,"flowProperty":{"@type":"FlowProperty","@id":"93a60a56-a3c8-11da-a746-0800200b9a66","name":"Mass","categoryPath":["Technical flow properties"]},"conversionFactor":1.0}]}