{"@context":"http://greendelta.github.io/olca-schema/context.jsonld","@type":"Flow","@id":"96f75f3f-66af-3b40-8cd4-7a7fe91a4e17","name":"CUTOFF Biocides, for paper production, unspecified, at plant","version":"00.00.003","lastChange":"2019-10-01T10:21:28.527-06:00","category":{"@type":"Category","@id":"1a656790-0bd7-3fbc-b193-50dfbba1e8a0","name":"CUTOFF Flows","categoryPath":["Technosphere Flows"],"categoryType":"Flow"},"flowType":"PRODUCT_FLOW","infrastructureFlow":false,"location":{"@type":"Location","@id":"0b3b97fa-6688-3c56-88ee-4ae80ec0c3c2","name":"United States"},"flowProperties":[{"@type":"FlowPropertyFactor","referenceFlowProperty":true,"flowProperty":{"@type":"FlowProperty","@id":"93a60a56-a3c8-11da-a746-0800200b9a66","name":"Mass","categoryPath":["Technical flow properties"]},"conversionFactor":1.0}]}