{"@context":"http://greendelta.github.io/olca-schema/context.jsonld","@type":"Flow","@id":"a5506f4b-113f-4713-95c3-c819dde6e48b","name":"Nickel","version":"00.00.002","lastChange":"2018-10-05T14:20:07.795-06:00","category":{"@type":"Category","@id":"5ee13ccb-a299-3d36-8d7e-be8281e8891a","name":"unspecified","categoryPath":["Elementary Flows","Emission to air"],"categoryType":"Flow"},"flowType":"ELEMENTARY_FLOW","cas":"007440-02-0","formula":"Ni","infrastructureFlow":false,"flowProperties":[{"@type":"FlowPropertyFactor","referenceFlowProperty":true,"flowProperty":{"@type":"FlowProperty","@id":"93a60a56-a3c8-11da-a746-0800200b9a66","name":"Mass","categoryPath":["Technical flow properties"]},"conversionFactor":1.0}]}