{"@context":"http://greendelta.github.io/olca-schema/context.jsonld","@type":"Flow","@id":"a95cc6c7-3e5c-3dbe-ae50-f2b9679a7de2","name":"Natural gas, combusted in industrial boiler, at hydrocracker, for propylene","version":"00.00.003","lastChange":"2019-09-19T11:18:37.212-06:00","category":{"@type":"Category","@id":"b754929a-d887-3a15-9d11-69cdccc77689","name":"2213: Water, Sewage and Other Systems","categoryPath":["Technosphere Flows","22: Utilities"],"categoryType":"Flow"},"flowType":"PRODUCT_FLOW","infrastructureFlow":false,"location":{"@type":"Location","@id":"b320e7db-c758-3ba6-8839-81eb83c9d7d7","name":"Northern America"},"flowProperties":[{"@type":"FlowPropertyFactor","referenceFlowProperty":true,"flowProperty":{"@type":"FlowProperty","@id":"93a60a56-a3c8-22da-a746-0800200c9a66","name":"Volume","categoryPath":["Technical flow properties"]},"conversionFactor":1.0}]}