{"@context":"http://greendelta.github.io/olca-schema/context.jsonld","@type":"Flow","@id":"ad43e6b7-c3c2-3cd3-8391-bca65befbc11","name":"Natural gas, at extraction site","version":"00.00.001","lastChange":"2018-06-27T10:38:49.674-06:00","category":{"@type":"Category","@id":"2781ef1b-ecc9-3e6a-af93-ce48f6f16362","name":"ground-","categoryPath":["resource"],"categoryType":"Flow"},"flowType":"ELEMENTARY_FLOW","infrastructureFlow":false,"flowProperties":[{"@type":"FlowPropertyFactor","referenceFlowProperty":true,"flowProperty":{"@type":"FlowProperty","@id":"93a60a56-a3c8-11da-a746-0800200b9a66","name":"Mass","categoryPath":["Technical flow properties"]},"conversionFactor":1.0}]}