{"@context":"http://greendelta.github.io/olca-schema/context.jsonld","@type":"Flow","@id":"adc14f27-8ee5-3312-9606-910052d43d68","name":"Fluorine","version":"00.00.001","lastChange":"2018-06-27T10:38:47.389-06:00","category":{"@type":"Category","@id":"ebacb70b-4c61-3e12-87b3-fbf61dff3ded","name":"unspecified","categoryPath":["water"],"categoryType":"Flow"},"flowType":"ELEMENTARY_FLOW","infrastructureFlow":false,"flowProperties":[{"@type":"FlowPropertyFactor","referenceFlowProperty":true,"flowProperty":{"@type":"FlowProperty","@id":"93a60a56-a3c8-11da-a746-0800200b9a66","name":"Mass","categoryPath":["Technical flow properties"]},"conversionFactor":1.0}]}