{"@context":"http://greendelta.github.io/olca-schema/context.jsonld","@type":"Flow","@id":"bb916783-9073-3ac2-b6b0-d72a7b22d503","name":"Gas, natural","version":"00.00.001","lastChange":"2018-06-27T10:38:49.672-06:00","category":{"@type":"Category","@id":"2781ef1b-ecc9-3e6a-af93-ce48f6f16362","name":"ground-","categoryPath":["resource"],"categoryType":"Flow"},"flowType":"ELEMENTARY_FLOW","infrastructureFlow":false,"flowProperties":[{"@type":"FlowPropertyFactor","referenceFlowProperty":true,"flowProperty":{"@type":"FlowProperty","@id":"93a60a56-a3c8-22da-a746-0800200c9a66","name":"Volume","categoryPath":["Technical flow properties"]},"conversionFactor":1.0}]}