{"@context":"http://greendelta.github.io/olca-schema/context.jsonld","@type":"Flow","@id":"bd83ce23-816f-3589-b25f-dfca03b42932","name":"Natural gas, processed, at plant, 1.357 m3/kg","version":"00.00.006","lastChange":"2019-10-02T16:07:47.053-06:00","category":{"@type":"Category","@id":"be53b4a2-856a-3235-8a18-5a03ed69f80a","name":"2111: Oil and Gas Extraction","categoryPath":["Technosphere Flows","21: Mining, Quarrying, and Oil and Gas Extraction"],"categoryType":"Flow"},"flowType":"PRODUCT_FLOW","infrastructureFlow":false,"location":{"@type":"Location","@id":"b320e7db-c758-3ba6-8839-81eb83c9d7d7","name":"Northern America"},"flowProperties":[{"@type":"FlowPropertyFactor","referenceFlowProperty":true,"flowProperty":{"@type":"FlowProperty","@id":"93a60a56-a3c8-22da-a746-0800200c9a66","name":"Volume","categoryPath":["Technical flow properties"]},"conversionFactor":1.0},{"@type":"FlowPropertyFactor","flowProperty":{"@type":"FlowProperty","@id":"93a60a56-a3c8-11da-a746-0800200b9a66","name":"Mass","categoryPath":["Technical flow properties"]},"conversionFactor":0.7369}]}