{"@context":"http://greendelta.github.io/olca-schema/context.jsonld","@type":"Flow","@id":"c34c4451-297f-3b5c-a15f-2c16cdb52ad9","name":"Quicklime, at plant","version":"00.00.003","lastChange":"2019-09-19T11:53:00.470-06:00","category":{"@type":"Category","@id":"6d6d4399-8828-33a7-8d52-346b3bc9df82","name":"3274: Lime and Gypsum Product Manufacturing","categoryPath":["Technosphere Flows","31-33: Manufacturing"],"categoryType":"Flow"},"flowType":"PRODUCT_FLOW","infrastructureFlow":false,"location":{"@type":"Location","@id":"b320e7db-c758-3ba6-8839-81eb83c9d7d7","name":"Northern America"},"flowProperties":[{"@type":"FlowPropertyFactor","referenceFlowProperty":true,"flowProperty":{"@type":"FlowProperty","@id":"93a60a56-a3c8-11da-a746-0800200b9a66","name":"Mass","categoryPath":["Technical flow properties"]},"conversionFactor":1.0}]}