{"@context":"http://greendelta.github.io/olca-schema/context.jsonld","@type":"Flow","@id":"deb2f9c9-421d-3786-bd8e-cea642271147","name":"Limestone","version":"00.00.001","lastChange":"2018-06-27T10:38:49.669-06:00","category":{"@type":"Category","@id":"2781ef1b-ecc9-3e6a-af93-ce48f6f16362","name":"ground-","categoryPath":["resource"],"categoryType":"Flow"},"flowType":"ELEMENTARY_FLOW","infrastructureFlow":false,"flowProperties":[{"@type":"FlowPropertyFactor","referenceFlowProperty":true,"flowProperty":{"@type":"FlowProperty","@id":"93a60a56-a3c8-11da-a746-0800200b9a66","name":"Mass","categoryPath":["Technical flow properties"]},"conversionFactor":1.0}]}