{"@context":"http://greendelta.github.io/olca-schema/context.jsonld","@type":"Flow","@id":"e142b577-e934-4085-9a07-3983d4d92afb","name":"Chromium","version":"00.00.002","lastChange":"2018-10-05T14:19:17.319-06:00","category":{"@type":"Category","@id":"5ee13ccb-a299-3d36-8d7e-be8281e8891a","name":"unspecified","categoryPath":["Elementary Flows","Emission to air"],"categoryType":"Flow"},"flowType":"ELEMENTARY_FLOW","cas":"007440-47-3","formula":"Cr","infrastructureFlow":false,"flowProperties":[{"@type":"FlowPropertyFactor","referenceFlowProperty":true,"flowProperty":{"@type":"FlowProperty","@id":"93a60a56-a3c8-11da-a746-0800200b9a66","name":"Mass","categoryPath":["Technical flow properties"]},"conversionFactor":1.0}]}