{"@context":"http://greendelta.github.io/olca-schema/context.jsonld","@type":"Flow","@id":"e20ae2e6-868f-3926-93c5-37cbdf6ba0ee","name":"Hazardous waste, DK","version":"00.00.001","lastChange":"2018-06-27T10:38:50.624-06:00","category":{"@type":"Category","@id":"488026cc-e36c-3855-87b8-8af6c0847dc3","name":"unspecified","categoryPath":["final-waste-flow"],"categoryType":"Flow"},"flowType":"ELEMENTARY_FLOW","infrastructureFlow":false,"flowProperties":[{"@type":"FlowPropertyFactor","referenceFlowProperty":true,"flowProperty":{"@type":"FlowProperty","@id":"93a60a56-a3c8-11da-a746-0800200b9a66","name":"Mass","categoryPath":["Technical flow properties"]},"conversionFactor":1.0}]}