{"@context":"http://greendelta.github.io/olca-schema/context.jsonld","@type":"Flow","@id":"e28ad813-0924-3808-93db-a008e5e0e425","name":"Docosane","version":"00.00.001","lastChange":"2018-06-27T10:38:47.123-06:00","category":{"@type":"Category","@id":"ebacb70b-4c61-3e12-87b3-fbf61dff3ded","name":"unspecified","categoryPath":["water"],"categoryType":"Flow"},"flowType":"ELEMENTARY_FLOW","infrastructureFlow":false,"flowProperties":[{"@type":"FlowPropertyFactor","referenceFlowProperty":true,"flowProperty":{"@type":"FlowProperty","@id":"93a60a56-a3c8-11da-a746-0800200b9a66","name":"Mass","categoryPath":["Technical flow properties"]},"conversionFactor":1.0}]}