{"@context":"http://greendelta.github.io/olca-schema/context.jsonld","@type":"Flow","@id":"eaaa17d0-52c2-36ed-a39b-406e7bb80359","name":"Coal, bituminous, 24.8 MJ per kg","version":"00.00.001","lastChange":"2018-06-27T10:38:49.655-06:00","category":{"@type":"Category","@id":"2781ef1b-ecc9-3e6a-af93-ce48f6f16362","name":"ground-","categoryPath":["resource"],"categoryType":"Flow"},"flowType":"ELEMENTARY_FLOW","infrastructureFlow":false,"flowProperties":[{"@type":"FlowPropertyFactor","referenceFlowProperty":true,"flowProperty":{"@type":"FlowProperty","@id":"93a60a56-a3c8-11da-a746-0800200b9a66","name":"Mass","categoryPath":["Technical flow properties"]},"conversionFactor":1.0}]}