{"@context":"http://greendelta.github.io/olca-schema/context.jsonld","@type":"Flow","@id":"efd10a1b-966e-39f7-a12e-f47e7b9b28f7","name":"Tailings, unspecified","version":"00.00.001","lastChange":"2018-06-27T10:38:50.622-06:00","category":{"@type":"Category","@id":"488026cc-e36c-3855-87b8-8af6c0847dc3","name":"unspecified","categoryPath":["final-waste-flow"],"categoryType":"Flow"},"flowType":"ELEMENTARY_FLOW","infrastructureFlow":false,"flowProperties":[{"@type":"FlowPropertyFactor","referenceFlowProperty":true,"flowProperty":{"@type":"FlowProperty","@id":"93a60a56-a3c8-11da-a746-0800200b9a66","name":"Mass","categoryPath":["Technical flow properties"]},"conversionFactor":1.0}]}