{"@context":"http://greendelta.github.io/olca-schema/context.jsonld","@type":"Flow","@id":"f2960e88-4ca9-4f6c-9813-71e66edc37b7","name":"CUTOFF Disposal, solid waste, unspecified","description":"","version":"00.00.004","lastChange":"2019-10-02T11:15:32.336-06:00","category":{"@type":"Category","@id":"1a656790-0bd7-3fbc-b193-50dfbba1e8a0","name":"CUTOFF Flows","categoryPath":["Technosphere Flows"],"categoryType":"Flow"},"flowType":"WASTE_FLOW","infrastructureFlow":false,"flowProperties":[{"@type":"FlowPropertyFactor","referenceFlowProperty":true,"flowProperty":{"@type":"FlowProperty","@id":"93a60a56-a3c8-11da-a746-0800200b9a66","name":"Mass","categoryPath":["Technical flow properties"]},"conversionFactor":1.0}]}