{"@context":"http://greendelta.github.io/olca-schema/context.jsonld","@type":"Process","@id":"32a3732b-30c8-3605-8306-ca12599f8e91","name":"Gasoline, combusted in equipment, at pulp and paper mill (EXCL.)","description":"This process was built to be used within the processes named \"Fuels burned at bleached kraft market pulp mill\", \"Fuels burned at uncoated freesheet paper mill\", \"Fuels burned at coated freesheet paper mill\", \"Fuels burned at uncoated mechanical paper mill\", \"Fuels burned at coated mechanical paper mill\" and \"Fuels burned at bag and sack paper mill\". It was built from the process named \"Gasoline, combusted in equipment\" v.1.6 available in the US LCI database. Transport and waste processes were removed. The following emissions to air were excluded (excl.): Sulfur oxidesand Nitrogen oxides. ","version":"00.00.001","lastChange":"2018-06-27T10:38:51.553-06:00","category":{"@type":"Category","@id":"cc05d3a5-657a-32dd-ace5-480164b8cacb","name":"Pulp, Paper, and Paperboard Mills","categoryPath":["Paper Manufacturing"],"categoryType":"Process"},"processType":"UNIT_PROCESS","infrastructureProcess":false,"location":{"@type":"Location","@id":"b320e7db-c758-3ba6-8839-81eb83c9d7d7","name":"Northern America"},"processDocumentation":{"@type":"ProcessDocumentation","technologyDescription":"Gasoline combustion in equipment such as mobile refrigeration units, generators, pumps, and portable well-drilling equipment.","reviewDetails":"unknown","restrictionsDescription":"All information can be accessed by everybody.","copyright":false,"validFrom":"1995-12-31-07:00","validUntil":"2002-12-31-07:00","creationDate":"2015-09-11T08:46:19.283-06:00","geographyDescription":"United States","reviewer":{"@type":"Actor","@id":"c71c2be4-29ec-3a4c-80a6-77242fa644f1","name":"Martha Stevenson"},"dataDocumentor":{"@type":"Actor","@id":"bf3f36bd-8fbb-33a7-8317-3a366007dd91","name":"Chantal Lavigne"},"dataGenerator":{"@type":"Actor","@id":"0d6cba77-2eff-3519-92d7-8a87dab88049","name":"Caroline Gaudreault"},"publication":{"@type":"Source","@id":"467bbad1-c18f-3bac-8f74-b95ef887c99c","name":"Franklin Associates "},"sources":[{"@type":"Source","@id":"5e3e2764-4c8c-3c76-a336-50f266cb4ff0","name":"EPA "},{"@type":"Source","@id":"467bbad1-c18f-3bac-8f74-b95ef887c99c","name":"Franklin Associates "},{"@type":"Source","@id":"e6f7d676-1804-3acf-b7e8-82cf84db3281","name":"AF\u0026PA "},{"@type":"Source","@id":"f259fd64-0a3f-378e-a5fe-62986163c8dd","name":"Center for Transportation Research, Argo "}]},"lastInternalId":0,"exchanges":[{"@type":"Exchange","avoidedProduct":false,"input":false,"amount":1.0,"internalId":1,"flow":{"@type":"Flow","@id":"a9f20cd5-506f-3e75-b62e-c39872598439","name":"Gasoline, combusted in equipment, at pulp and paper mill (EXCL.)","categoryPath":["Paper Manufacturing","Pulp, Paper, and Paperboard Mills"],"flowType":"PRODUCT_FLOW","location":"RNA","refUnit":"m3"},"flowProperty":{"@type":"FlowProperty","@id":"93a60a56-a3c8-22da-a746-0800200c9a66","name":"Volume","categoryPath":["Technical flow properties"]},"quantitativeReference":true},{"@type":"Exchange","avoidedProduct":false,"input":false,"amount":6.1261E-6,"internalId":3,"flow":{"@type":"Flow","@id":"73d49c21-3419-3a99-98de-75152649f291","name":"Toluene","categoryPath":["air","unspecified"],"flowType":"ELEMENTARY_FLOW","refUnit":"kg"},"flowProperty":{"@type":"FlowProperty","@id":"93a60a56-a3c8-11da-a746-0800200b9a66","name":"Mass","categoryPath":["Technical flow properties"]}},{"@type":"Exchange","avoidedProduct":false,"input":false,"amount":2.5164E-6,"internalId":12,"flow":{"@type":"Flow","@id":"bd1b1118-6b87-3c2c-9bca-15efa8068aa3","name":"PAH, polycyclic aromatic hydrocarbons","categoryPath":["air","unspecified"],"flowType":"ELEMENTARY_FLOW","refUnit":"kg"},"flowProperty":{"@type":"FlowProperty","@id":"93a60a56-a3c8-11da-a746-0800200b9a66","name":"Mass","categoryPath":["Technical flow properties"]}},{"@type":"Exchange","avoidedProduct":false,"input":false,"amount":0.13535,"internalId":14,"flow":{"@type":"Flow","@id":"8f6e6949-f569-3d05-abe1-de3608895d47","name":"Carbon monoxide, fossil ","categoryPath":["air","unspecified"],"flowType":"ELEMENTARY_FLOW","refUnit":"kg"},"flowProperty":{"@type":"FlowProperty","@id":"93a60a56-a3c8-11da-a746-0800200b9a66","name":"Mass","categoryPath":["Technical flow properties"]}},{"@type":"Exchange","avoidedProduct":false,"input":false,"amount":5.8565E-7,"internalId":2,"flow":{"@type":"Flow","@id":"18ee0424-b390-3af5-acf5-4e434e29cd88","name":"Butadiene","categoryPath":["air","unspecified"],"flowType":"ELEMENTARY_FLOW","refUnit":"kg"},"flowProperty":{"@type":"FlowProperty","@id":"93a60a56-a3c8-11da-a746-0800200b9a66","name":"Mass","categoryPath":["Technical flow properties"]}},{"@type":"Exchange","avoidedProduct":false,"input":false,"amount":1.3975E-5,"internalId":9,"flow":{"@type":"Flow","@id":"0ba9c977-5398-3e0f-b3c9-d922e39d7894","name":"Benzene","categoryPath":["air","unspecified"],"flowType":"ELEMENTARY_FLOW","refUnit":"kg"},"flowProperty":{"@type":"FlowProperty","@id":"93a60a56-a3c8-11da-a746-0800200b9a66","name":"Mass","categoryPath":["Technical flow properties"]}},{"@type":"Exchange","avoidedProduct":false,"input":false,"amount":4.2688E-6,"internalId":11,"flow":{"@type":"Flow","@id":"ba21b581-543c-38df-b9b5-3f94fa5053e4","name":"Xylene","categoryPath":["air","unspecified"],"flowType":"ELEMENTARY_FLOW","refUnit":"kg"},"flowProperty":{"@type":"FlowProperty","@id":"93a60a56-a3c8-11da-a746-0800200b9a66","name":"Mass","categoryPath":["Technical flow properties"]}},{"@type":"Exchange","avoidedProduct":false,"input":false,"amount":1.7674E-5,"internalId":17,"flow":{"@type":"Flow","@id":"428037ab-78b5-389e-acb6-fb8b0c1c2bc8","name":"Formaldehyde","categoryPath":["air","unspecified"],"flowType":"ELEMENTARY_FLOW","refUnit":"kg"},"flowProperty":{"@type":"FlowProperty","@id":"93a60a56-a3c8-11da-a746-0800200b9a66","name":"Mass","categoryPath":["Technical flow properties"]}},{"@type":"Exchange","avoidedProduct":false,"input":false,"amount":3.8644E-5,"internalId":13,"flow":{"@type":"Flow","@id":"52acd8aa-5e54-39d0-93de-56586dc830f2","name":"Propene","categoryPath":["air","unspecified"],"flowType":"ELEMENTARY_FLOW","refUnit":"kg"},"flowProperty":{"@type":"FlowProperty","@id":"93a60a56-a3c8-11da-a746-0800200b9a66","name":"Mass","categoryPath":["Technical flow properties"]}},{"@type":"Exchange","avoidedProduct":false,"input":true,"amount":1.0,"internalId":4,"flow":{"@type":"Flow","@id":"0e44e579-abb0-3c77-af64-c774d65be529","name":"Gasoline, at refinery","categoryPath":["Petroleum and Coal Products Manufacturing","Petroleum Refineries"],"flowType":"PRODUCT_FLOW","refUnit":"m3"},"flowProperty":{"@type":"FlowProperty","@id":"93a60a56-a3c8-22da-a746-0800200c9a66","name":"Volume","categoryPath":["Technical flow properties"]}},{"@type":"Exchange","avoidedProduct":false,"input":false,"amount":0.0028351,"internalId":6,"flow":{"@type":"Flow","@id":"7ae3bfc4-8532-11e0-9d78-0800200c9a66","name":"VOC, volatile organic compounds","categoryPath":["Elementary flows","Emission to air","unspecified"],"flowType":"ELEMENTARY_FLOW","refUnit":"kg"}},{"@type":"Exchange","avoidedProduct":false,"input":false,"amount":2.6521E-4,"internalId":7,"flow":{"@type":"Flow","@id":"b967e1bf-f09b-4c89-8740-ace21db47bba","name":"Particulates, \u003e 2.5 um, and \u003c 10um","categoryPath":["Elementary flows","Emission to air","unspecified"],"flowType":"ELEMENTARY_FLOW","refUnit":"kg"}},{"@type":"Exchange","avoidedProduct":false,"input":false,"amount":1.3855E-6,"internalId":16,"flow":{"@type":"Flow","@id":"27f50545-345c-3fb5-a853-9c2ff309ed28","name":"Acrolein","categoryPath":["air","unspecified"],"flowType":"ELEMENTARY_FLOW","refUnit":"kg"},"flowProperty":{"@type":"FlowProperty","@id":"93a60a56-a3c8-11da-a746-0800200b9a66","name":"Mass","categoryPath":["Technical flow properties"]}},{"@type":"Exchange","avoidedProduct":false,"input":false,"amount":6.0969E-5,"internalId":15,"flow":{"@type":"Flow","@id":"20185046-64bb-4c09-a8e7-e8a9e144ca98","name":"Dinitrogen monoxide","categoryPath":["Elementary flows","Emission to air","unspecified"],"flowType":"ELEMENTARY_FLOW","refUnit":"kg"}},{"@type":"Exchange","avoidedProduct":false,"input":false,"amount":9.2063E-4,"internalId":8,"flow":{"@type":"Flow","@id":"0795345f-c7ae-410c-ad25-1845784c75f5","name":"Methane, fossil","categoryPath":["Elementary flows","Emission to air","unspecified"],"flowType":"ELEMENTARY_FLOW","refUnit":"kg"}},{"@type":"Exchange","avoidedProduct":false,"input":false,"amount":1.1488E-5,"internalId":5,"flow":{"@type":"Flow","@id":"3c5d727a-673d-334c-9018-3aa68edad2f5","name":"Acetaldehyde","categoryPath":["air","unspecified"],"flowType":"ELEMENTARY_FLOW","refUnit":"kg"},"flowProperty":{"@type":"FlowProperty","@id":"93a60a56-a3c8-11da-a746-0800200b9a66","name":"Mass","categoryPath":["Technical flow properties"]}},{"@type":"Exchange","avoidedProduct":false,"input":false,"amount":2.085,"internalId":10,"flow":{"@type":"Flow","@id":"63af114b-afcb-3a82-801a-9c66208a673a","name":"Carbon dioxide, fossil ","categoryPath":["air","unspecified"],"flowType":"ELEMENTARY_FLOW","refUnit":"kg"},"flowProperty":{"@type":"FlowProperty","@id":"93a60a56-a3c8-11da-a746-0800200b9a66","name":"Mass","categoryPath":["Technical flow properties"]}}]}