{"@context":"http://greendelta.github.io/olca-schema/context.jsonld","@type":"Process","@id":"91050d57-0daf-3947-a2d4-ccc5d0ccbbd7","name":"Fuels, burned at coated freesheet, average production, at mill","description":"Coated Freesheet, average North American production, at mill.  All flows are production-weighted means. Data were developed for a full LCA that was critically reviewed.  Reviewers were: • Martha Stevenson, Chairperson – Private Consultant to the public interest with ten years of experience in sustainability, environmental management, packaging and materials recovery; led the development of the Design Guidelines for Sustainable Packaging and the COMPASS software used to compare the environmental impacts of package designs; • Pascal Lesage – Life cycle assessment consultant, Researcher at École Polytechnique de Montréal [at the Inter-University Research Centre for the Life Cycle of Products, Processes and Services (CIRAIG) in Montreal]; and • Dale Phenicie, Environmental Affairs Consulting – Consultant with 35 years of experience in environmental protection and process consulting for the forest products industry. Has served on several U.S. EPA Task Forces dealing with water quality issues and authored several AF\u0026PA Environmental, Health and Safety/Sustainability reports.","version":"00.00.001","lastChange":"2018-06-27T10:38:51.543-06:00","category":{"@type":"Category","@id":"cc05d3a5-657a-32dd-ace5-480164b8cacb","name":"Pulp, Paper, and Paperboard Mills","categoryPath":["Paper Manufacturing"],"categoryType":"Process"},"processType":"UNIT_PROCESS","infrastructureProcess":false,"location":{"@type":"Location","@id":"b320e7db-c758-3ba6-8839-81eb83c9d7d7","name":"Northern America"},"processDocumentation":{"@type":"ProcessDocumentation","timeDescription":"Primary data collected from participating companies and associations for their operational activities are representative for 2006 and 2007. ","technologyDescription":"current technology mix for coated freesheet","reviewDetails":"unknown","samplingDescription":"The survey included results from 15 mills representing 5 million short tons per year (TPY), nearly 76% of 2006/2007 North American production volume. ","restrictionsDescription":"All information can be accessed by everybody.","copyright":false,"validFrom":"2005-12-31-07:00","validUntil":"2005-12-31-07:00","creationDate":"2014-08-25T07:04:41-06:00","reviewer":{"@type":"Actor","@id":"c71c2be4-29ec-3a4c-80a6-77242fa644f1","name":"Martha Stevenson"},"dataDocumentor":{"@type":"Actor","@id":"bf3f36bd-8fbb-33a7-8317-3a366007dd91","name":"Chantal Lavigne"},"dataGenerator":{"@type":"Actor","@id":"0d6cba77-2eff-3519-92d7-8a87dab88049","name":"Caroline Gaudreault"},"publication":{"@type":"Source","@id":"e6f7d676-1804-3acf-b7e8-82cf84db3281","name":"AF\u0026PA "},"sources":[{"@type":"Source","@id":"e6f7d676-1804-3acf-b7e8-82cf84db3281","name":"AF\u0026PA "}]},"lastInternalId":0,"exchanges":[{"@type":"Exchange","avoidedProduct":false,"input":false,"amount":15145.0,"internalId":1,"flow":{"@type":"Flow","@id":"699b73a7-78f7-3e7d-92f0-5a751f4a5c56","name":"Fuels, burned at coated freesheet, average production, at mill","categoryPath":["Paper Manufacturing","Pulp, Paper, and Paperboard Mills"],"flowType":"PRODUCT_FLOW","location":"RNA","refUnit":"MJ"},"flowProperty":{"@type":"FlowProperty","@id":"f6811440-ee37-11de-8a39-0800200c9a66","name":"Energy","categoryPath":["Technical flow properties"]},"quantitativeReference":true},{"@type":"Exchange","avoidedProduct":false,"input":true,"amount":0.99561,"description":"Proxy for light fuel oil. ","internalId":35,"flow":{"@type":"Flow","@id":"e184833d-06cf-3cac-9fd8-df1dc06bb137","name":"Diesel, combusted in industrial boiler, at pulp and paper mill (EXCL.)","categoryPath":["Paper Manufacturing","Pulp, Paper, and Paperboard Mills"],"flowType":"PRODUCT_FLOW","location":"RNA","refUnit":"m3"},"flowProperty":{"@type":"FlowProperty","@id":"93a60a56-a3c8-22da-a746-0800200c9a66","name":"Volume","categoryPath":["Technical flow properties"]}},{"@type":"Exchange","avoidedProduct":false,"input":false,"amount":0.004573,"description":"From black liquor recovery, non-recyclable paper combustion and wastewater residuals combustion","internalId":15,"flow":{"@type":"Flow","@id":"927f6049-c89d-3bcb-a356-3451af4c668e","name":"Phenol","categoryPath":["air","unspecified"],"flowType":"ELEMENTARY_FLOW","refUnit":"kg"},"flowProperty":{"@type":"FlowProperty","@id":"93a60a56-a3c8-11da-a746-0800200b9a66","name":"Mass","categoryPath":["Technical flow properties"]}},{"@type":"Exchange","avoidedProduct":false,"input":false,"amount":1.1814E-4,"description":"From black liquor recovery, non-recyclable paper combustion and wastewater residuals combustion","internalId":21,"flow":{"@type":"Flow","@id":"27f50545-345c-3fb5-a853-9c2ff309ed28","name":"Acrolein","categoryPath":["air","unspecified"],"flowType":"ELEMENTARY_FLOW","refUnit":"kg"},"flowProperty":{"@type":"FlowProperty","@id":"93a60a56-a3c8-11da-a746-0800200b9a66","name":"Mass","categoryPath":["Technical flow properties"]}},{"@type":"Exchange","avoidedProduct":false,"input":true,"amount":139.39,"description":"Purchased hogged fuel.  Typically from wood products manufacturing.  ","internalId":7,"flow":{"@type":"Flow","@id":"cd2343aa-210e-3d54-87df-c939bc9296b5","name":"Hog fuel, pur., combusted in industrial boiler, at pulp and paper mill (EXCL.)","categoryPath":["Paper Manufacturing","Pulp, Paper, and Paperboard Mills"],"flowType":"PRODUCT_FLOW","location":"RNA","refUnit":"kg"},"flowProperty":{"@type":"FlowProperty","@id":"93a60a56-a3c8-11da-a746-0800200b9a66","name":"Mass","categoryPath":["Technical flow properties"]}},{"@type":"Exchange","avoidedProduct":false,"input":false,"amount":2.0611E-4,"description":"From black liquor recovery, non-recyclable paper combustion and wastewater residuals combustion","internalId":29,"flow":{"@type":"Flow","@id":"34bd8b57-ed93-30d3-94eb-eb0abceebbe8","name":"Barium","categoryPath":["air","unspecified"],"flowType":"ELEMENTARY_FLOW","refUnit":"kg"},"flowProperty":{"@type":"FlowProperty","@id":"93a60a56-a3c8-11da-a746-0800200b9a66","name":"Mass","categoryPath":["Technical flow properties"]}},{"@type":"Exchange","avoidedProduct":false,"input":false,"amount":1.6458E-5,"description":"From black liquor recovery, non-recyclable paper combustion and wastewater residuals combustion","internalId":50,"flow":{"@type":"Flow","@id":"6996fb26-c610-3dbe-8739-20b8a01d77b3","name":"Methane, tetrachloro-, CFC-10","categoryPath":["air","unspecified"],"flowType":"ELEMENTARY_FLOW","refUnit":"kg"},"flowProperty":{"@type":"FlowProperty","@id":"93a60a56-a3c8-11da-a746-0800200b9a66","name":"Mass","categoryPath":["Technical flow properties"]}},{"@type":"Exchange","avoidedProduct":false,"input":false,"amount":8.8687E-6,"description":"From black liquor recovery, non-recyclable paper combustion and wastewater residuals combustion","internalId":2,"flow":{"@type":"Flow","@id":"a5506f4b-113f-4713-95c3-c819dde6e48b","name":"Nickel","categoryPath":["Elementary flows","Emission to air","unspecified"],"flowType":"ELEMENTARY_FLOW","refUnit":"kg"}},{"@type":"Exchange","avoidedProduct":false,"input":true,"amount":120.96,"description":"Combustion of self-generated hogged fuel from pulpwood. Wood inputs are accounted for in the process named Coated freesheet, average production, at mill","internalId":31,"flow":{"@type":"Flow","@id":"64aec2f1-a029-3332-8f3b-8e8e2a865f61","name":"Hog fuel, self-gen., combusted in ind. boiler, at pulp and paper mill (EXCL.)","categoryPath":["Paper Manufacturing","Pulp, Paper, and Paperboard Mills"],"flowType":"PRODUCT_FLOW","location":"RNA","refUnit":"kg"},"flowProperty":{"@type":"FlowProperty","@id":"93a60a56-a3c8-11da-a746-0800200b9a66","name":"Mass","categoryPath":["Technical flow properties"]}},{"@type":"Exchange","avoidedProduct":false,"input":false,"amount":5.1399E-5,"description":"From black liquor recovery, non-recyclable paper combustion and wastewater residuals combustion","internalId":58,"flow":{"@type":"Flow","@id":"5ce378a0-b48d-471c-977d-79681521efde","name":"Zinc","categoryPath":["Elementary flows","Emission to air","unspecified"],"flowType":"ELEMENTARY_FLOW","refUnit":"kg"}},{"@type":"Exchange","avoidedProduct":false,"input":false,"amount":2.8908E-4,"description":"From black liquor recovery, non-recyclable paper combustion and wastewater residuals combustion","internalId":22,"flow":{"@type":"Flow","@id":"0ba9c977-5398-3e0f-b3c9-d922e39d7894","name":"Benzene","categoryPath":["air","unspecified"],"flowType":"ELEMENTARY_FLOW","refUnit":"kg"},"flowProperty":{"@type":"FlowProperty","@id":"93a60a56-a3c8-11da-a746-0800200b9a66","name":"Mass","categoryPath":["Technical flow properties"]}},{"@type":"Exchange","avoidedProduct":false,"input":false,"amount":1.3684E-5,"description":"From black liquor recovery, non-recyclable paper combustion and wastewater residuals combustion","internalId":4,"flow":{"@type":"Flow","@id":"61550c0f-dccd-3f55-9003-db2a1ad637a4","name":"Ethane, 1,1,2-trichloro-","categoryPath":["air","unspecified"],"flowType":"ELEMENTARY_FLOW","refUnit":"kg"},"flowProperty":{"@type":"FlowProperty","@id":"93a60a56-a3c8-11da-a746-0800200b9a66","name":"Mass","categoryPath":["Technical flow properties"]}},{"@type":"Exchange","avoidedProduct":false,"input":false,"amount":0.048917,"description":"From black liquor recovery, non-recyclable paper combustion and wastewater residuals combustion","internalId":57,"flow":{"@type":"Flow","@id":"8ea4c7d5-472d-3f8e-b3a3-c65e9aa08ac0","name":"Methanol","categoryPath":["air","unspecified"],"flowType":"ELEMENTARY_FLOW","refUnit":"kg"},"flowProperty":{"@type":"FlowProperty","@id":"93a60a56-a3c8-11da-a746-0800200b9a66","name":"Mass","categoryPath":["Technical flow properties"]}},{"@type":"Exchange","avoidedProduct":false,"input":false,"amount":0.018017,"description":"From black liquor recovery, non-recyclable paper combustion and wastewater residuals combustion","internalId":8,"flow":{"@type":"Flow","@id":"20185046-64bb-4c09-a8e7-e8a9e144ca98","name":"Dinitrogen monoxide","categoryPath":["Elementary flows","Emission to air","unspecified"],"flowType":"ELEMENTARY_FLOW","refUnit":"kg"}},{"@type":"Exchange","avoidedProduct":false,"input":false,"amount":1.2389E-6,"description":"From black liquor recovery, non-recyclable paper combustion and wastewater residuals combustion","internalId":51,"flow":{"@type":"Flow","@id":"2b16f422-4f39-321d-baa5-505a17a328c9","name":"Benzo(ghi)perylene","categoryPath":["air","unspecified"],"flowType":"ELEMENTARY_FLOW","refUnit":"kg"},"flowProperty":{"@type":"FlowProperty","@id":"93a60a56-a3c8-11da-a746-0800200b9a66","name":"Mass","categoryPath":["Technical flow properties"]}},{"@type":"Exchange","avoidedProduct":false,"input":false,"amount":4.1277E-4,"description":"From black liquor recovery, non-recyclable paper combustion and wastewater residuals combustion","internalId":20,"flow":{"@type":"Flow","@id":"355d165a-8be8-3b91-be79-89f5aaa52408","name":"Hydrogen fluoride","categoryPath":["air","unspecified"],"flowType":"ELEMENTARY_FLOW","refUnit":"kg"},"flowProperty":{"@type":"FlowProperty","@id":"93a60a56-a3c8-11da-a746-0800200b9a66","name":"Mass","categoryPath":["Technical flow properties"]}},{"@type":"Exchange","avoidedProduct":false,"input":false,"amount":1.8032E-5,"description":"From black liquor recovery, non-recyclable paper combustion and wastewater residuals combustion","internalId":17,"flow":{"@type":"Flow","@id":"c4a5c5a9-81c3-3d8f-a63e-69bfbe857e66","name":"Ethane, 1,1,1-trichloro-, HCFC-140","categoryPath":["air","unspecified"],"flowType":"ELEMENTARY_FLOW","refUnit":"kg"},"flowProperty":{"@type":"FlowProperty","@id":"93a60a56-a3c8-11da-a746-0800200b9a66","name":"Mass","categoryPath":["Technical flow properties"]}},{"@type":"Exchange","avoidedProduct":false,"input":false,"amount":5.5133E-5,"description":"From black liquor recovery, non-recyclable paper combustion and wastewater residuals combustion","internalId":33,"flow":{"@type":"Flow","@id":"3249ff13-4bf2-3f84-857d-67cd0cc92bc2","name":"Naphthalene","categoryPath":["air","unspecified"],"flowType":"ELEMENTARY_FLOW","refUnit":"kg"},"flowProperty":{"@type":"FlowProperty","@id":"93a60a56-a3c8-11da-a746-0800200b9a66","name":"Mass","categoryPath":["Technical flow properties"]}},{"@type":"Exchange","avoidedProduct":false,"input":false,"amount":1.6754E-4,"description":"From black liquor recovery, non-recyclable paper combustion and wastewater residuals combustion","internalId":36,"flow":{"@type":"Flow","@id":"84971d72-67be-3de6-a236-d8fe52881252","name":"4-Methyl-2-pentanone","categoryPath":["air","unspecified"],"flowType":"ELEMENTARY_FLOW","refUnit":"kg"},"flowProperty":{"@type":"FlowProperty","@id":"93a60a56-a3c8-11da-a746-0800200b9a66","name":"Mass","categoryPath":["Technical flow properties"]}},{"@type":"Exchange","avoidedProduct":false,"input":false,"amount":0.00537,"description":"From black liquor recovery, non-recyclable paper combustion and wastewater residuals combustion","internalId":54,"flow":{"@type":"Flow","@id":"3c5d727a-673d-334c-9018-3aa68edad2f5","name":"Acetaldehyde","categoryPath":["air","unspecified"],"flowType":"ELEMENTARY_FLOW","refUnit":"kg"},"flowProperty":{"@type":"FlowProperty","@id":"93a60a56-a3c8-11da-a746-0800200b9a66","name":"Mass","categoryPath":["Technical flow properties"]}},{"@type":"Exchange","avoidedProduct":false,"input":false,"amount":4.7483E-6,"description":"From black liquor recovery, non-recyclable paper combustion and wastewater residuals combustion","internalId":46,"flow":{"@type":"Flow","@id":"8e123669-94d3-41d8-9480-a79211fe7c43","name":"Lead","categoryPath":["Elementary flows","Emission to air","unspecified"],"flowType":"ELEMENTARY_FLOW","refUnit":"kg"}},{"@type":"Exchange","avoidedProduct":false,"input":false,"amount":0.0025055,"description":"From black liquor recovery, non-recyclable paper combustion and wastewater residuals combustion","internalId":5,"flow":{"@type":"Flow","@id":"428037ab-78b5-389e-acb6-fb8b0c1c2bc8","name":"Formaldehyde","categoryPath":["air","unspecified"],"flowType":"ELEMENTARY_FLOW","refUnit":"kg"},"flowProperty":{"@type":"FlowProperty","@id":"93a60a56-a3c8-11da-a746-0800200b9a66","name":"Mass","categoryPath":["Technical flow properties"]}},{"@type":"Exchange","avoidedProduct":false,"input":false,"amount":3.1301E-10,"description":"From black liquor recovery, non-recyclable paper combustion and wastewater residuals combustion","internalId":3,"flow":{"@type":"Flow","@id":"34b53655-28b6-3a55-b114-d19eb59b0fb9","name":"Benzene, hexachloro-","categoryPath":["air","unspecified"],"flowType":"ELEMENTARY_FLOW","refUnit":"kg"},"flowProperty":{"@type":"FlowProperty","@id":"93a60a56-a3c8-11da-a746-0800200b9a66","name":"Mass","categoryPath":["Technical flow properties"]}},{"@type":"Exchange","avoidedProduct":false,"input":false,"amount":1.072E-5,"description":"From black liquor recovery, non-recyclable paper combustion and wastewater residuals combustion","internalId":6,"flow":{"@type":"Flow","@id":"25493146-8ce5-3efd-874b-a0e339330b2a","name":"Chloroform","categoryPath":["air","unspecified"],"flowType":"ELEMENTARY_FLOW","refUnit":"kg"},"flowProperty":{"@type":"FlowProperty","@id":"93a60a56-a3c8-11da-a746-0800200b9a66","name":"Mass","categoryPath":["Technical flow properties"]}},{"@type":"Exchange","avoidedProduct":false,"input":false,"amount":6.2871E-4,"description":"From black liquor recovery, non-recyclable paper combustion and wastewater residuals combustion","internalId":47,"flow":{"@type":"Flow","@id":"c1683bc0-0bb2-3012-b0d4-628ca7b440d7","name":"Selenium","categoryPath":["air","unspecified"],"flowType":"ELEMENTARY_FLOW","refUnit":"kg"},"flowProperty":{"@type":"FlowProperty","@id":"93a60a56-a3c8-11da-a746-0800200b9a66","name":"Mass","categoryPath":["Technical flow properties"]}},{"@type":"Exchange","avoidedProduct":false,"input":false,"amount":3.1887E-5,"description":"From black liquor recovery, non-recyclable paper combustion and wastewater residuals combustion","internalId":32,"flow":{"@type":"Flow","@id":"c699151a-d569-3534-8ac8-36d6c0615820","name":"Antimony","categoryPath":["air","unspecified"],"flowType":"ELEMENTARY_FLOW","refUnit":"kg"},"flowProperty":{"@type":"FlowProperty","@id":"93a60a56-a3c8-11da-a746-0800200b9a66","name":"Mass","categoryPath":["Technical flow properties"]}},{"@type":"Exchange","avoidedProduct":false,"input":false,"amount":2.769,"description":"From all combustion processes at pulp and paper mill.","internalId":39,"flow":{"@type":"Flow","@id":"0b7e10a8-6ca0-4a50-a39b-f2a019cb3610","name":"Nitrogen dioxide","categoryPath":["Elementary flows","Emission to air","unspecified"],"flowType":"ELEMENTARY_FLOW","refUnit":"kg"}},{"@type":"Exchange","avoidedProduct":false,"input":false,"amount":0.0093031,"description":"From black liquor recovery, non-recyclable paper combustion and wastewater residuals combustion","internalId":12,"flow":{"@type":"Flow","@id":"2b9ae257-21ec-371b-b2d7-6a9924c84d15","name":"Sulfuric acid","categoryPath":["air","unspecified"],"flowType":"ELEMENTARY_FLOW","refUnit":"kg"},"flowProperty":{"@type":"FlowProperty","@id":"93a60a56-a3c8-11da-a746-0800200b9a66","name":"Mass","categoryPath":["Technical flow properties"]}},{"@type":"Exchange","avoidedProduct":false,"input":false,"amount":3.9721E-5,"description":"From black liquor recovery, non-recyclable paper combustion and wastewater residuals combustion","internalId":55,"flow":{"@type":"Flow","@id":"203442b3-37e6-355d-abbb-8c6b934597ca","name":"Silver","categoryPath":["air","unspecified"],"flowType":"ELEMENTARY_FLOW","refUnit":"kg"},"flowProperty":{"@type":"FlowProperty","@id":"93a60a56-a3c8-11da-a746-0800200b9a66","name":"Mass","categoryPath":["Technical flow properties"]}},{"@type":"Exchange","avoidedProduct":false,"input":false,"amount":2.337E-4,"description":"From black liquor recovery, non-recyclable paper combustion and wastewater residuals combustion","internalId":61,"flow":{"@type":"Flow","@id":"73d49c21-3419-3a99-98de-75152649f291","name":"Toluene","categoryPath":["air","unspecified"],"flowType":"ELEMENTARY_FLOW","refUnit":"kg"},"flowProperty":{"@type":"FlowProperty","@id":"93a60a56-a3c8-11da-a746-0800200b9a66","name":"Mass","categoryPath":["Technical flow properties"]}},{"@type":"Exchange","avoidedProduct":false,"input":false,"amount":1.7622E-6,"description":"From black liquor recovery, non-recyclable paper combustion and wastewater residuals combustion","internalId":59,"flow":{"@type":"Flow","@id":"a86e5507-1798-3356-9a6a-c087d0977654","name":"Ethene, tetrachloro-","categoryPath":["air","unspecified"],"flowType":"ELEMENTARY_FLOW","refUnit":"kg"},"flowProperty":{"@type":"FlowProperty","@id":"93a60a56-a3c8-11da-a746-0800200b9a66","name":"Mass","categoryPath":["Technical flow properties"]}},{"@type":"Exchange","avoidedProduct":false,"input":false,"amount":5.747E-5,"description":"From black liquor recovery, non-recyclable paper combustion and wastewater residuals combustion","internalId":43,"flow":{"@type":"Flow","@id":"8f9e856a-1968-3399-bbe6-935da3e1cb64","name":"Biphenyl","categoryPath":["air","unspecified"],"flowType":"ELEMENTARY_FLOW","refUnit":"kg"},"flowProperty":{"@type":"FlowProperty","@id":"93a60a56-a3c8-11da-a746-0800200b9a66","name":"Mass","categoryPath":["Technical flow properties"]}},{"@type":"Exchange","avoidedProduct":false,"input":false,"amount":0.008161,"description":"From black liquor recovery, non-recyclable paper combustion and wastewater residuals combustion","internalId":40,"flow":{"@type":"Flow","@id":"7300c2bc-0200-3a7a-9aea-3371fd29fdf6","name":"Methane, monochloro-, R-40","categoryPath":["air","unspecified"],"flowType":"ELEMENTARY_FLOW","refUnit":"kg"},"flowProperty":{"@type":"FlowProperty","@id":"93a60a56-a3c8-11da-a746-0800200b9a66","name":"Mass","categoryPath":["Technical flow properties"]}},{"@type":"Exchange","avoidedProduct":false,"input":true,"amount":185.44,"internalId":56,"flow":{"@type":"Flow","@id":"f1e8d961-1c36-3b57-a3fa-73b1be2bc1c5","name":"Bituminous coal, combusted in industrial boiler, at pulp and paper mill (EXCL.)","categoryPath":["Paper Manufacturing","Pulp, Paper, and Paperboard Mills"],"flowType":"PRODUCT_FLOW","location":"RNA","refUnit":"kg"},"flowProperty":{"@type":"FlowProperty","@id":"93a60a56-a3c8-11da-a746-0800200b9a66","name":"Mass","categoryPath":["Technical flow properties"]}},{"@type":"Exchange","avoidedProduct":false,"input":false,"amount":1.7537E-4,"description":"From black liquor recovery, non-recyclable paper combustion and wastewater residuals combustion","internalId":52,"flow":{"@type":"Flow","@id":"ab9316f9-3389-362b-af1e-4c703da5b12e","name":"Hexane","categoryPath":["air","unspecified"],"flowType":"ELEMENTARY_FLOW","refUnit":"kg"},"flowProperty":{"@type":"FlowProperty","@id":"93a60a56-a3c8-11da-a746-0800200b9a66","name":"Mass","categoryPath":["Technical flow properties"]}},{"@type":"Exchange","avoidedProduct":false,"input":false,"amount":1.0244E-4,"description":"From black liquor recovery, non-recyclable paper combustion and wastewater residuals combustion","internalId":34,"flow":{"@type":"Flow","@id":"581e3536-c3b3-3ef9-881b-3004509ec4b5","name":"Polycyclic organic matter, unspecified","categoryPath":["air","unspecified"],"flowType":"ELEMENTARY_FLOW","refUnit":"kg"},"flowProperty":{"@type":"FlowProperty","@id":"93a60a56-a3c8-11da-a746-0800200b9a66","name":"Mass","categoryPath":["Technical flow properties"]}},{"@type":"Exchange","avoidedProduct":false,"input":false,"amount":1.4921E-13,"description":"From black liquor recovery, non-recyclable paper combustion and wastewater residuals combustion","internalId":10,"flow":{"@type":"Flow","@id":"5bbe9024-8f6b-3a96-a4e5-f3f508db3e0b","name":"Dioxin, 2,3,7,8 Tetrachlorodibenzo-p-","categoryPath":["air","unspecified"],"flowType":"ELEMENTARY_FLOW","refUnit":"kg"},"flowProperty":{"@type":"FlowProperty","@id":"93a60a56-a3c8-11da-a746-0800200b9a66","name":"Mass","categoryPath":["Technical flow properties"]}},{"@type":"Exchange","avoidedProduct":false,"input":true,"amount":60.48,"internalId":16,"flow":{"@type":"Flow","@id":"88cece78-622d-322a-9bae-dab8e4183545","name":"Natural gas, combusted in industrial boiler, at pulp and paper mill (EXCL.)","categoryPath":["Paper Manufacturing","Pulp, Paper, and Paperboard Mills"],"flowType":"PRODUCT_FLOW","location":"RNA","refUnit":"m3"},"flowProperty":{"@type":"FlowProperty","@id":"93a60a56-a3c8-22da-a746-0800200c9a66","name":"Volume","categoryPath":["Technical flow properties"]}},{"@type":"Exchange","avoidedProduct":false,"input":false,"amount":0.084726,"description":"From black liquor recovery, non-recyclable paper combustion and wastewater residuals combustion","internalId":67,"flow":{"@type":"Flow","@id":"7ae371ac-8532-11e0-9d78-0800200c9a66","name":"Carbon monoxide","categoryPath":["Elementary flows","Emission to air","unspecified"],"flowType":"ELEMENTARY_FLOW","refUnit":"kg"}},{"@type":"Exchange","avoidedProduct":false,"input":true,"amount":39.531,"description":"All combusted on site.  Actually received at supplier, not refinery.","internalId":49,"flow":{"@type":"Flow","@id":"11b6f8e6-4c6c-395a-a27a-2609c58d32a0","name":"RFO, combusted in industrial boiler, at pulp and paper mill (EXCL.)","categoryPath":["Paper Manufacturing","Pulp, Paper, and Paperboard Mills"],"flowType":"PRODUCT_FLOW","location":"RNA","refUnit":"m3"},"flowProperty":{"@type":"FlowProperty","@id":"93a60a56-a3c8-22da-a746-0800200c9a66","name":"Volume","categoryPath":["Technical flow properties"]}},{"@type":"Exchange","avoidedProduct":false,"input":true,"amount":0.087824,"description":"Other fossil fuels assumed to be diesel. ","internalId":63,"flow":{"@type":"Flow","@id":"e184833d-06cf-3cac-9fd8-df1dc06bb137","name":"Diesel, combusted in industrial boiler, at pulp and paper mill (EXCL.)","categoryPath":["Paper Manufacturing","Pulp, Paper, and Paperboard Mills"],"flowType":"PRODUCT_FLOW","location":"RNA","refUnit":"m3"},"flowProperty":{"@type":"FlowProperty","@id":"93a60a56-a3c8-22da-a746-0800200c9a66","name":"Volume","categoryPath":["Technical flow properties"]}},{"@type":"Exchange","avoidedProduct":false,"input":false,"amount":0.023177,"description":"From black liquor recovery, non-recyclable paper combustion and wastewater residuals combustion","internalId":42,"flow":{"@type":"Flow","@id":"20408dd1-8534-11e0-9d78-0800200c9a66","name":"Methane","categoryPath":["Elementary flows","Emission to air","unspecified"],"flowType":"ELEMENTARY_FLOW","refUnit":"kg"}},{"@type":"Exchange","avoidedProduct":false,"input":false,"amount":1.1016E-6,"description":"From black liquor recovery, non-recyclable paper combustion and wastewater residuals combustion","internalId":66,"flow":{"@type":"Flow","@id":"71234253-b3a7-4dfe-b166-a484ad15bee7","name":"Mercury","categoryPath":["Elementary flows","Emission to air","unspecified"],"flowType":"ELEMENTARY_FLOW","refUnit":"kg"}},{"@type":"Exchange","avoidedProduct":false,"input":false,"amount":1.1294E-6,"description":"From black liquor recovery, non-recyclable paper combustion and wastewater residuals combustion","internalId":18,"flow":{"@type":"Flow","@id":"6505c252-8e98-3e73-8e2b-e49deaf2598b","name":"Arsenic","categoryPath":["air","unspecified"],"flowType":"ELEMENTARY_FLOW","refUnit":"kg"},"flowProperty":{"@type":"FlowProperty","@id":"93a60a56-a3c8-11da-a746-0800200b9a66","name":"Mass","categoryPath":["Technical flow properties"]}},{"@type":"Exchange","avoidedProduct":false,"input":false,"amount":1.8534E-5,"description":"From black liquor recovery, non-recyclable paper combustion and wastewater residuals combustion","internalId":60,"flow":{"@type":"Flow","@id":"68645e0d-dc3f-3d22-b886-7eff1d63add4","name":"Copper","categoryPath":["air","unspecified"],"flowType":"ELEMENTARY_FLOW","refUnit":"kg"},"flowProperty":{"@type":"FlowProperty","@id":"93a60a56-a3c8-11da-a746-0800200b9a66","name":"Mass","categoryPath":["Technical flow properties"]}},{"@type":"Exchange","avoidedProduct":false,"input":false,"amount":8.4253E-5,"description":"From black liquor recovery, non-recyclable paper combustion and wastewater residuals combustion","internalId":28,"flow":{"@type":"Flow","@id":"5fd898af-49e1-3250-9045-61ee32ba4f1c","name":"Methane, dichloro-, HCC-30","categoryPath":["air","unspecified"],"flowType":"ELEMENTARY_FLOW","refUnit":"kg"},"flowProperty":{"@type":"FlowProperty","@id":"93a60a56-a3c8-11da-a746-0800200b9a66","name":"Mass","categoryPath":["Technical flow properties"]}},{"@type":"Exchange","avoidedProduct":false,"input":false,"amount":5.5629E-4,"description":"From black liquor recovery, non-recyclable paper combustion and wastewater residuals combustion","internalId":19,"flow":{"@type":"Flow","@id":"ed6487a9-6261-36ce-88f3-f4216e8428a1","name":"Beryllium","categoryPath":["air","unspecified"],"flowType":"ELEMENTARY_FLOW","refUnit":"kg"},"flowProperty":{"@type":"FlowProperty","@id":"93a60a56-a3c8-11da-a746-0800200b9a66","name":"Mass","categoryPath":["Technical flow properties"]}},{"@type":"Exchange","avoidedProduct":false,"input":false,"amount":2.9461E-5,"description":"From black liquor recovery, non-recyclable paper combustion and wastewater residuals combustion","internalId":53,"flow":{"@type":"Flow","@id":"1c5a7322-9261-4d59-a692-adde6c12de92","name":"Cadmium","categoryPath":["Elementary flows","Emission to air","unspecified"],"flowType":"ELEMENTARY_FLOW","refUnit":"kg"}},{"@type":"Exchange","avoidedProduct":false,"input":false,"amount":0.027178,"description":"From black liquor recovery, non-recyclable paper combustion and wastewater residuals combustion","internalId":11,"flow":{"@type":"Flow","@id":"c941d6d0-a56c-4e6c-95de-ac685635218d","name":"Hydrogen chloride","categoryPath":["Elementary flows","Emission to air","unspecified"],"flowType":"ELEMENTARY_FLOW","refUnit":"kg"}},{"@type":"Exchange","avoidedProduct":false,"input":false,"amount":6.9726,"description":"From all combustion processes at pulp and paper mill.","internalId":48,"flow":{"@type":"Flow","@id":"fd7aa71c-508c-480d-81a6-8052aad92646","name":"Sulfur dioxide","categoryPath":["Elementary flows","Emission to air","unspecified"],"flowType":"ELEMENTARY_FLOW","refUnit":"kg"}},{"@type":"Exchange","avoidedProduct":false,"input":false,"amount":2.0961E-4,"description":"From black liquor recovery, non-recyclable paper combustion and wastewater residuals combustion","internalId":9,"flow":{"@type":"Flow","@id":"3dbacede-9927-3669-95bb-ae13fdc565a5","name":"Carbon disulfide","categoryPath":["air","unspecified"],"flowType":"ELEMENTARY_FLOW","refUnit":"kg"},"flowProperty":{"@type":"FlowProperty","@id":"93a60a56-a3c8-11da-a746-0800200b9a66","name":"Mass","categoryPath":["Technical flow properties"]}},{"@type":"Exchange","avoidedProduct":false,"input":false,"amount":9.9572E-5,"description":"From black liquor recovery, non-recyclable paper combustion and wastewater residuals combustion","internalId":25,"flow":{"@type":"Flow","@id":"cf073fce-ea44-3b44-a451-0ac2894f0bbf","name":"Manganese","categoryPath":["air","unspecified"],"flowType":"ELEMENTARY_FLOW","refUnit":"kg"},"flowProperty":{"@type":"FlowProperty","@id":"93a60a56-a3c8-11da-a746-0800200b9a66","name":"Mass","categoryPath":["Technical flow properties"]}},{"@type":"Exchange","avoidedProduct":false,"input":false,"amount":0.0013558,"description":"From black liquor recovery, non-recyclable paper combustion and wastewater residuals combustion","internalId":27,"flow":{"@type":"Flow","@id":"74a45bbe-083b-38cf-98a4-aa5402fbc5e2","name":"Cresol","categoryPath":["air","unspecified"],"flowType":"ELEMENTARY_FLOW","refUnit":"kg"},"flowProperty":{"@type":"FlowProperty","@id":"93a60a56-a3c8-11da-a746-0800200b9a66","name":"Mass","categoryPath":["Technical flow properties"]}},{"@type":"Exchange","avoidedProduct":false,"input":true,"amount":0.018174,"description":"Gasoline and kerosene, assumed to be gasoline.","internalId":38,"flow":{"@type":"Flow","@id":"a9f20cd5-506f-3e75-b62e-c39872598439","name":"Gasoline, combusted in equipment, at pulp and paper mill (EXCL.)","categoryPath":["Paper Manufacturing","Pulp, Paper, and Paperboard Mills"],"flowType":"PRODUCT_FLOW","location":"RNA","refUnit":"m3"},"flowProperty":{"@type":"FlowProperty","@id":"93a60a56-a3c8-22da-a746-0800200c9a66","name":"Volume","categoryPath":["Technical flow properties"]}},{"@type":"Exchange","avoidedProduct":false,"input":false,"amount":818.28,"description":"From black liquor recovery, non-recyclable paper combustion and wastewater residuals combustion","internalId":13,"flow":{"@type":"Flow","@id":"71b0c9e8-35a3-37f1-b606-7539a9eaea99","name":"Carbon dioxide, biogenic","categoryPath":["air","unspecified"],"flowType":"ELEMENTARY_FLOW","refUnit":"kg"},"flowProperty":{"@type":"FlowProperty","@id":"93a60a56-a3c8-11da-a746-0800200b9a66","name":"Mass","categoryPath":["Technical flow properties"]}},{"@type":"Exchange","avoidedProduct":false,"input":false,"amount":5.6405E-7,"description":"From black liquor recovery, non-recyclable paper combustion and wastewater residuals combustion","internalId":45,"flow":{"@type":"Flow","@id":"31d4c6b7-d309-3381-8692-b1df5c12466e","name":"Vanadium","categoryPath":["air","unspecified"],"flowType":"ELEMENTARY_FLOW","refUnit":"kg"},"flowProperty":{"@type":"FlowProperty","@id":"93a60a56-a3c8-11da-a746-0800200b9a66","name":"Mass","categoryPath":["Technical flow properties"]}},{"@type":"Exchange","avoidedProduct":false,"input":false,"amount":0.0020715,"description":"From black liquor recovery, non-recyclable paper combustion and wastewater residuals combustion","internalId":14,"flow":{"@type":"Flow","@id":"92991493-2713-38b5-93ec-4b1027471271","name":"Aldehydes, C3","categoryPath":["air","unspecified"],"flowType":"ELEMENTARY_FLOW","refUnit":"kg"},"flowProperty":{"@type":"FlowProperty","@id":"93a60a56-a3c8-11da-a746-0800200b9a66","name":"Mass","categoryPath":["Technical flow properties"]}},{"@type":"Exchange","avoidedProduct":false,"input":false,"amount":5.2153E-5,"description":"From black liquor recovery, non-recyclable paper combustion and wastewater residuals combustion","internalId":65,"flow":{"@type":"Flow","@id":"0771aaa5-a95a-347b-9cba-aab7f59b63c8","name":"Benzene, 1,2,4-trichloro-","categoryPath":["air","unspecified"],"flowType":"ELEMENTARY_FLOW","refUnit":"kg"},"flowProperty":{"@type":"FlowProperty","@id":"93a60a56-a3c8-11da-a746-0800200b9a66","name":"Mass","categoryPath":["Technical flow properties"]}},{"@type":"Exchange","avoidedProduct":false,"input":false,"amount":0.067546,"description":"Total reduced sulfur assumed to be hydrogen sulfide. From all combustion processes at pulp and paper mill.","internalId":37,"flow":{"@type":"Flow","@id":"20d4d821-f4f7-4017-8810-f822fcdf619e","name":"Hydrogen sulfide","categoryPath":["Elementary flows","Emission to air","unspecified"],"flowType":"ELEMENTARY_FLOW","refUnit":"kg"}},{"@type":"Exchange","avoidedProduct":false,"input":false,"amount":0.031139,"description":"From black liquor recovery, non-recyclable paper combustion and wastewater residuals combustion","internalId":44,"flow":{"@type":"Flow","@id":"64910b99-0c9e-37aa-8ed2-1664707ea296","name":"TSP","categoryPath":["air","unspecified"],"flowType":"ELEMENTARY_FLOW","refUnit":"kg"},"flowProperty":{"@type":"FlowProperty","@id":"93a60a56-a3c8-11da-a746-0800200b9a66","name":"Mass","categoryPath":["Technical flow properties"]}},{"@type":"Exchange","avoidedProduct":false,"input":false,"amount":2.9919E-4,"description":"From black liquor recovery, non-recyclable paper combustion and wastewater residuals combustion","internalId":30,"flow":{"@type":"Flow","@id":"4b2e8924-9870-3bed-9f05-3a3b9b6a324d","name":"Cumene","categoryPath":["air","unspecified"],"flowType":"ELEMENTARY_FLOW","refUnit":"kg"},"flowProperty":{"@type":"FlowProperty","@id":"93a60a56-a3c8-11da-a746-0800200b9a66","name":"Mass","categoryPath":["Technical flow properties"]}},{"@type":"Exchange","avoidedProduct":false,"input":false,"amount":9.5933E-6,"description":"From black liquor recovery, non-recyclable paper combustion and wastewater residuals combustion","internalId":62,"flow":{"@type":"Flow","@id":"05198cc8-d407-3e8c-a9cf-674cb7f6c734","name":"Ethene, trichloro-","categoryPath":["air","unspecified"],"flowType":"ELEMENTARY_FLOW","refUnit":"kg"},"flowProperty":{"@type":"FlowProperty","@id":"93a60a56-a3c8-11da-a746-0800200b9a66","name":"Mass","categoryPath":["Technical flow properties"]}},{"@type":"Exchange","avoidedProduct":false,"input":true,"amount":5.3691,"description":"All combusted. Not present in any database.","internalId":23,"flow":{"@type":"Flow","@id":"73f6d99c-51b9-3e90-b358-b7caa6cbfe21","name":"TDF, combusted in industrial boiler, at pulp and paper mill (EXCL.)","categoryPath":["Paper Manufacturing","Pulp, Paper, and Paperboard Mills"],"flowType":"PRODUCT_FLOW","location":"RNA","refUnit":"kg"},"flowProperty":{"@type":"FlowProperty","@id":"93a60a56-a3c8-11da-a746-0800200b9a66","name":"Mass","categoryPath":["Technical flow properties"]}},{"@type":"Exchange","avoidedProduct":false,"input":true,"amount":0.34796,"internalId":24,"flow":{"@type":"Flow","@id":"4c536a81-63c3-3f13-9e03-4dae3da1a6df","name":"LPG, combusted in industrial boiler, at pulp and paper mill (EXCL.)","categoryPath":["Paper Manufacturing","Pulp, Paper, and Paperboard Mills"],"flowType":"PRODUCT_FLOW","location":"RNA","refUnit":"m3"},"flowProperty":{"@type":"FlowProperty","@id":"93a60a56-a3c8-22da-a746-0800200c9a66","name":"Volume","categoryPath":["Technical flow properties"]}},{"@type":"Exchange","avoidedProduct":false,"input":false,"amount":1.5332E-5,"description":"From black liquor recovery, non-recyclable paper combustion and wastewater residuals combustion","internalId":64,"flow":{"@type":"Flow","@id":"e142b577-e934-4085-9a07-3983d4d92afb","name":"Chromium","categoryPath":["Elementary flows","Emission to air","unspecified"],"flowType":"ELEMENTARY_FLOW","refUnit":"kg"}},{"@type":"Exchange","avoidedProduct":false,"input":false,"amount":8.5146E-5,"description":"From black liquor recovery, non-recyclable paper combustion and wastewater residuals combustion","internalId":41,"flow":{"@type":"Flow","@id":"e821f94c-6c24-34df-a7a1-979e2bfb6520","name":"Styrene","categoryPath":["air","unspecified"],"flowType":"ELEMENTARY_FLOW","refUnit":"kg"},"flowProperty":{"@type":"FlowProperty","@id":"93a60a56-a3c8-11da-a746-0800200b9a66","name":"Mass","categoryPath":["Technical flow properties"]}},{"@type":"Exchange","avoidedProduct":false,"input":false,"amount":3.4425E-4,"description":"From black liquor recovery, non-recyclable paper combustion and wastewater residuals combustion","internalId":26,"flow":{"@type":"Flow","@id":"ba21b581-543c-38df-b9b5-3f94fa5053e4","name":"Xylene","categoryPath":["air","unspecified"],"flowType":"ELEMENTARY_FLOW","refUnit":"kg"},"flowProperty":{"@type":"FlowProperty","@id":"93a60a56-a3c8-11da-a746-0800200b9a66","name":"Mass","categoryPath":["Technical flow properties"]}}]}