{"@context":"http://greendelta.github.io/olca-schema/context.jsonld","@type":"Process","@id":"b6884185-30b8-391a-9dff-dbded4429a66","name":"Hog fuel, pur., combusted in industrial boiler, at pulp and paper mill (EXCL.)","description":"This process, \"Hog fuel, purchased (pur.), combusted in industrial boiler, at pulp and paper mill (EXCL.), was built to be used within the processes named \"Fuels burned at bleached kraft market pulp mill\", \"Fuels burned at uncoated freesheet paper mill\", \"Fuels burned at coated freesheet paper mill\", \"Fuels burned at uncoated mechanical paper mill\", \"Fuels burned at coated mechanical paper mill\" and \"Fuels burned at bag and sack paper mill\". It was built from the process named \"Wood fuel, SE hardwood, purchased, combusted in industrial boiler\" v.1.0 available in the US LCI database. Transport and waste processes were removed. The following emissions to air were excluded (excl.): Sulfur oxidesand Nitrogen oxides. These processes and emissions are reported in pulp and paper mill process chain in which this process is integrated.\nImportant note: although most of the data in the US LCI database has \nundergone some sort of review, the database as a whole has not yet \nundergone a formal validation process.\nPlease email comments to lci@nrel.gov.","version":"00.00.001","lastChange":"2018-06-27T10:38:51.555-06:00","category":{"@type":"Category","@id":"cc05d3a5-657a-32dd-ace5-480164b8cacb","name":"Pulp, Paper, and Paperboard Mills","categoryPath":["Paper Manufacturing"],"categoryType":"Process"},"processType":"UNIT_PROCESS","infrastructureProcess":false,"location":{"@type":"Location","@id":"b320e7db-c758-3ba6-8839-81eb83c9d7d7","name":"Northern America"},"processDocumentation":{"@type":"ProcessDocumentation","technologyDescription":"This process is a copy of the FAL \"Wood waste, unspecified, combusted into industrial boilers\" for which (1) the wood input was changed to an adapted version of the Franklin fuel wood dataset; (2) wood weight is expressed on oven dry basis; (3) outputs to nature have been scaled to reflect 1 kg of oven dry wood input and (4) waste flow is changed to waste treatment input.","reviewDetails":"unknown","restrictionsDescription":"All information can be accessed by everybody.","copyright":false,"validFrom":"2003-12-31-07:00","validUntil":"2003-12-31-07:00","creationDate":"2014-08-25T07:07:18-06:00","geographyDescription":"US","reviewer":{"@type":"Actor","@id":"c71c2be4-29ec-3a4c-80a6-77242fa644f1","name":"Martha Stevenson"},"dataDocumentor":{"@type":"Actor","@id":"bf3f36bd-8fbb-33a7-8317-3a366007dd91","name":"Chantal Lavigne"},"dataGenerator":{"@type":"Actor","@id":"0d6cba77-2eff-3519-92d7-8a87dab88049","name":"Caroline Gaudreault"},"publication":{"@type":"Source","@id":"c3cb7bf4-8551-35a4-9493-fe0a49a1f622","name":"Franklin Associates "},"sources":[{"@type":"Source","@id":"e6f7d676-1804-3acf-b7e8-82cf84db3281","name":"AF\u0026PA "},{"@type":"Source","@id":"fa3861a0-7c98-3bde-b610-815efeabb78a","name":"U.S. DoE "},{"@type":"Source","@id":"a48ecfbd-d8fa-3582-b7e4-9cb314ede4aa","name":"Sassenrath, Charles P "},{"@type":"Source","@id":"a7386e44-8401-3454-a27f-010170b21151","name":"Argonne National Laboratory  "},{"@type":"Source","@id":"d35533b9-1e24-3cf8-980e-d25be60c88ae","name":"Kaminski, Paul "},{"@type":"Source","@id":"2a3e056f-1438-3277-a00c-9b412f077c68","name":"Combustion Engineering Inc. "},{"@type":"Source","@id":"cede9e8b-5942-3be1-8340-5b04d59106bb","name":"U.S. EPA "},{"@type":"Source","@id":"c3cb7bf4-8551-35a4-9493-fe0a49a1f622","name":"Franklin Associates "},{"@type":"Source","@id":"bc230add-ed20-38a9-ba57-f2b58c312b4e","name":"Maureen Puettmann "}]},"lastInternalId":0,"exchanges":[{"@type":"Exchange","avoidedProduct":false,"input":false,"amount":1.0,"description":"Weight reported on an ovendry basis. ","internalId":1,"flow":{"@type":"Flow","@id":"cd2343aa-210e-3d54-87df-c939bc9296b5","name":"Hog fuel, pur., combusted in industrial boiler, at pulp and paper mill (EXCL.)","categoryPath":["Paper Manufacturing","Pulp, Paper, and Paperboard Mills"],"flowType":"PRODUCT_FLOW","location":"RNA","refUnit":"kg"},"flowProperty":{"@type":"FlowProperty","@id":"93a60a56-a3c8-11da-a746-0800200b9a66","name":"Mass","categoryPath":["Technical flow properties"]},"quantitativeReference":true},{"@type":"Exchange","avoidedProduct":false,"input":false,"amount":3.8494E-4,"internalId":24,"flow":{"@type":"Flow","@id":"ca89db9b-eae1-3e60-ad1e-b8bd2543680d","name":"Metals, unspecified","categoryPath":["air","unspecified"],"flowType":"ELEMENTARY_FLOW","refUnit":"kg"},"flowProperty":{"@type":"FlowProperty","@id":"93a60a56-a3c8-11da-a746-0800200b9a66","name":"Mass","categoryPath":["Technical flow properties"]}},{"@type":"Exchange","avoidedProduct":false,"input":false,"amount":2.61E-6,"internalId":20,"flow":{"@type":"Flow","@id":"5fd898af-49e1-3250-9045-61ee32ba4f1c","name":"Methane, dichloro-, HCC-30","categoryPath":["air","unspecified"],"flowType":"ELEMENTARY_FLOW","refUnit":"kg"},"flowProperty":{"@type":"FlowProperty","@id":"93a60a56-a3c8-11da-a746-0800200b9a66","name":"Mass","categoryPath":["Technical flow properties"]}},{"@type":"Exchange","avoidedProduct":false,"input":false,"amount":7.47E-6,"internalId":21,"flow":{"@type":"Flow","@id":"3c5d727a-673d-334c-9018-3aa68edad2f5","name":"Acetaldehyde","categoryPath":["air","unspecified"],"flowType":"ELEMENTARY_FLOW","refUnit":"kg"},"flowProperty":{"@type":"FlowProperty","@id":"93a60a56-a3c8-11da-a746-0800200b9a66","name":"Mass","categoryPath":["Technical flow properties"]}},{"@type":"Exchange","avoidedProduct":false,"input":false,"amount":7.11E-6,"internalId":27,"flow":{"@type":"Flow","@id":"fce7dbb7-d08d-34ae-875c-1afb623e7213","name":"Chlorine","categoryPath":["air","unspecified"],"flowType":"ELEMENTARY_FLOW","refUnit":"kg"},"flowProperty":{"@type":"FlowProperty","@id":"93a60a56-a3c8-11da-a746-0800200b9a66","name":"Mass","categoryPath":["Technical flow properties"]}},{"@type":"Exchange","avoidedProduct":false,"input":false,"amount":4.32E-7,"internalId":29,"flow":{"@type":"Flow","@id":"8e123669-94d3-41d8-9480-a79211fe7c43","name":"Lead","categoryPath":["Elementary flows","Emission to air","unspecified"],"flowType":"ELEMENTARY_FLOW","refUnit":"kg"}},{"@type":"Exchange","avoidedProduct":false,"input":false,"amount":1.71E-4,"internalId":17,"flow":{"@type":"Flow","@id":"c941d6d0-a56c-4e6c-95de-ac685635218d","name":"Hydrogen chloride","categoryPath":["Elementary flows","Emission to air","unspecified"],"flowType":"ELEMENTARY_FLOW","refUnit":"kg"}},{"@type":"Exchange","avoidedProduct":false,"input":false,"amount":0.0045,"internalId":13,"flow":{"@type":"Flow","@id":"b967e1bf-f09b-4c89-8740-ace21db47bba","name":"Particulates, \u003e 2.5 um, and \u003c 10um","categoryPath":["Elementary flows","Emission to air","unspecified"],"flowType":"ELEMENTARY_FLOW","refUnit":"kg"}},{"@type":"Exchange","avoidedProduct":false,"input":false,"amount":5.85E-8,"internalId":26,"flow":{"@type":"Flow","@id":"726d9288-bc45-3496-a824-86a4b3874fae","name":"Cobalt","categoryPath":["air","unspecified"],"flowType":"ELEMENTARY_FLOW","refUnit":"kg"},"flowProperty":{"@type":"FlowProperty","@id":"93a60a56-a3c8-11da-a746-0800200b9a66","name":"Mass","categoryPath":["Technical flow properties"]}},{"@type":"Exchange","avoidedProduct":false,"input":false,"amount":1.83,"description":"1.83 kg CO2/kg of wood to preserve mass balance (Printing \u0026 Writing Papers Life-Cycle Assessment Summary Report)","internalId":11,"flow":{"@type":"Flow","@id":"71b0c9e8-35a3-37f1-b606-7539a9eaea99","name":"Carbon dioxide, biogenic","categoryPath":["air","unspecified"],"flowType":"ELEMENTARY_FLOW","refUnit":"kg"},"flowProperty":{"@type":"FlowProperty","@id":"93a60a56-a3c8-11da-a746-0800200b9a66","name":"Mass","categoryPath":["Technical flow properties"]}},{"@type":"Exchange","avoidedProduct":false,"input":false,"amount":3.69E-8,"internalId":7,"flow":{"@type":"Flow","@id":"1c5a7322-9261-4d59-a692-adde6c12de92","name":"Cadmium","categoryPath":["Elementary flows","Emission to air","unspecified"],"flowType":"ELEMENTARY_FLOW","refUnit":"kg"}},{"@type":"Exchange","avoidedProduct":false,"input":false,"amount":0.0054,"internalId":28,"flow":{"@type":"Flow","@id":"7ae371ac-8532-11e0-9d78-0800200c9a66","name":"Carbon monoxide","categoryPath":["Elementary flows","Emission to air","unspecified"],"flowType":"ELEMENTARY_FLOW","refUnit":"kg"}},{"@type":"Exchange","avoidedProduct":false,"input":false,"amount":1.89E-4,"internalId":9,"flow":{"@type":"Flow","@id":"20408dd1-8534-11e0-9d78-0800200c9a66","name":"Methane","categoryPath":["Elementary flows","Emission to air","unspecified"],"flowType":"ELEMENTARY_FLOW","refUnit":"kg"}},{"@type":"Exchange","avoidedProduct":false,"input":false,"amount":3.6E-5,"internalId":22,"flow":{"@type":"Flow","@id":"27f50545-345c-3fb5-a853-9c2ff309ed28","name":"Acrolein","categoryPath":["air","unspecified"],"flowType":"ELEMENTARY_FLOW","refUnit":"kg"},"flowProperty":{"@type":"FlowProperty","@id":"93a60a56-a3c8-11da-a746-0800200b9a66","name":"Mass","categoryPath":["Technical flow properties"]}},{"@type":"Exchange","avoidedProduct":false,"input":false,"amount":3.681E-5,"internalId":6,"flow":{"@type":"Flow","@id":"8c943a85-1d5c-3a38-83d1-7b0b74999ff1","name":"TOC, Total Organic Carbon","categoryPath":["air","unspecified"],"flowType":"ELEMENTARY_FLOW","refUnit":"kg"},"flowProperty":{"@type":"FlowProperty","@id":"93a60a56-a3c8-11da-a746-0800200b9a66","name":"Mass","categoryPath":["Technical flow properties"]}},{"@type":"Exchange","avoidedProduct":false,"input":false,"amount":1.503E-8,"internalId":16,"flow":{"@type":"Flow","@id":"082903e4-45d8-4078-94cb-736b15279277","name":"Dioxins, measured as 2,3,7,8-tetrachlorodibenzo-p-dioxin","categoryPath":["Elementary flows","Emission to air","unspecified"],"flowType":"ELEMENTARY_FLOW","refUnit":"kg"}},{"@type":"Exchange","avoidedProduct":false,"input":false,"amount":0.0175,"internalId":14,"flow":{"@type":"Flow","@id":"7f684f3f-54eb-3173-b08f-3bee7d9d4faf","name":"BOD5, Biological Oxygen Demand","categoryPath":["air","unspecified"],"flowType":"ELEMENTARY_FLOW","refUnit":"kg"},"flowProperty":{"@type":"FlowProperty","@id":"93a60a56-a3c8-11da-a746-0800200b9a66","name":"Mass","categoryPath":["Technical flow properties"]}},{"@type":"Exchange","avoidedProduct":false,"input":false,"amount":2.52E-8,"internalId":31,"flow":{"@type":"Flow","@id":"c1683bc0-0bb2-3012-b0d4-628ca7b440d7","name":"Selenium","categoryPath":["air","unspecified"],"flowType":"ELEMENTARY_FLOW","refUnit":"kg"},"flowProperty":{"@type":"FlowProperty","@id":"93a60a56-a3c8-11da-a746-0800200b9a66","name":"Mass","categoryPath":["Technical flow properties"]}},{"@type":"Exchange","avoidedProduct":false,"input":false,"amount":3.96E-5,"internalId":25,"flow":{"@type":"Flow","@id":"428037ab-78b5-389e-acb6-fb8b0c1c2bc8","name":"Formaldehyde","categoryPath":["air","unspecified"],"flowType":"ELEMENTARY_FLOW","refUnit":"kg"},"flowProperty":{"@type":"FlowProperty","@id":"93a60a56-a3c8-11da-a746-0800200b9a66","name":"Mass","categoryPath":["Technical flow properties"]}},{"@type":"Exchange","avoidedProduct":false,"input":false,"amount":1.44E-5,"internalId":2,"flow":{"@type":"Flow","@id":"cf073fce-ea44-3b44-a451-0ac2894f0bbf","name":"Manganese","categoryPath":["air","unspecified"],"flowType":"ELEMENTARY_FLOW","refUnit":"kg"},"flowProperty":{"@type":"FlowProperty","@id":"93a60a56-a3c8-11da-a746-0800200b9a66","name":"Mass","categoryPath":["Technical flow properties"]}},{"@type":"Exchange","avoidedProduct":false,"input":true,"amount":1.0,"description":"Weight reported on an ovendry basis.","internalId":4,"flow":{"@type":"Flow","@id":"ba4fbc4f-a9ab-387c-8bdd-9308dc19f404","name":"Wood fuel, unspecified","categoryPath":["Wood Product Manufacturing","Sawmills"],"flowType":"PRODUCT_FLOW","location":"RNA","refUnit":"kg"},"flowProperty":{"@type":"FlowProperty","@id":"93a60a56-a3c8-11da-a746-0800200b9a66","name":"Mass","categoryPath":["Technical flow properties"]}},{"@type":"Exchange","avoidedProduct":false,"input":false,"amount":4.59E-7,"internalId":19,"flow":{"@type":"Flow","@id":"af618eb6-3088-3ff2-94a5-8b84985438b8","name":"Phenols, unspecified","categoryPath":["air","unspecified"],"flowType":"ELEMENTARY_FLOW","refUnit":"kg"},"flowProperty":{"@type":"FlowProperty","@id":"93a60a56-a3c8-11da-a746-0800200b9a66","name":"Mass","categoryPath":["Technical flow properties"]}},{"@type":"Exchange","avoidedProduct":false,"input":false,"amount":7.11E-8,"internalId":12,"flow":{"@type":"Flow","@id":"c699151a-d569-3534-8ac8-36d6c0615820","name":"Antimony","categoryPath":["air","unspecified"],"flowType":"ELEMENTARY_FLOW","refUnit":"kg"},"flowProperty":{"@type":"FlowProperty","@id":"93a60a56-a3c8-11da-a746-0800200b9a66","name":"Mass","categoryPath":["Technical flow properties"]}},{"@type":"Exchange","avoidedProduct":false,"input":false,"amount":2.97E-7,"internalId":23,"flow":{"@type":"Flow","@id":"a5506f4b-113f-4713-95c3-c819dde6e48b","name":"Nickel","categoryPath":["Elementary flows","Emission to air","unspecified"],"flowType":"ELEMENTARY_FLOW","refUnit":"kg"}},{"@type":"Exchange","avoidedProduct":false,"input":false,"amount":3.15E-8,"internalId":30,"flow":{"@type":"Flow","@id":"71234253-b3a7-4dfe-b166-a484ad15bee7","name":"Mercury","categoryPath":["Elementary flows","Emission to air","unspecified"],"flowType":"ELEMENTARY_FLOW","refUnit":"kg"}},{"@type":"Exchange","avoidedProduct":false,"input":false,"amount":4.05E-7,"internalId":3,"flow":{"@type":"Flow","@id":"6996fb26-c610-3dbe-8739-20b8a01d77b3","name":"Methane, tetrachloro-, CFC-10","categoryPath":["air","unspecified"],"flowType":"ELEMENTARY_FLOW","refUnit":"kg"},"flowProperty":{"@type":"FlowProperty","@id":"93a60a56-a3c8-11da-a746-0800200b9a66","name":"Mass","categoryPath":["Technical flow properties"]}},{"@type":"Exchange","avoidedProduct":false,"input":false,"amount":1.89E-7,"internalId":10,"flow":{"@type":"Flow","@id":"e142b577-e934-4085-9a07-3983d4d92afb","name":"Chromium","categoryPath":["Elementary flows","Emission to air","unspecified"],"flowType":"ELEMENTARY_FLOW","refUnit":"kg"}},{"@type":"Exchange","avoidedProduct":false,"input":false,"amount":3.78E-5,"internalId":5,"flow":{"@type":"Flow","@id":"0ba9c977-5398-3e0f-b3c9-d922e39d7894","name":"Benzene","categoryPath":["air","unspecified"],"flowType":"ELEMENTARY_FLOW","refUnit":"kg"},"flowProperty":{"@type":"FlowProperty","@id":"93a60a56-a3c8-11da-a746-0800200b9a66","name":"Mass","categoryPath":["Technical flow properties"]}},{"@type":"Exchange","avoidedProduct":false,"input":false,"amount":8.73E-7,"internalId":15,"flow":{"@type":"Flow","@id":"3249ff13-4bf2-3f84-857d-67cd0cc92bc2","name":"Naphthalene","categoryPath":["air","unspecified"],"flowType":"ELEMENTARY_FLOW","refUnit":"kg"},"flowProperty":{"@type":"FlowProperty","@id":"93a60a56-a3c8-11da-a746-0800200b9a66","name":"Mass","categoryPath":["Technical flow properties"]}},{"@type":"Exchange","avoidedProduct":false,"input":false,"amount":9.9E-9,"internalId":18,"flow":{"@type":"Flow","@id":"ed6487a9-6261-36ce-88f3-f4216e8428a1","name":"Beryllium","categoryPath":["air","unspecified"],"flowType":"ELEMENTARY_FLOW","refUnit":"kg"},"flowProperty":{"@type":"FlowProperty","@id":"93a60a56-a3c8-11da-a746-0800200b9a66","name":"Mass","categoryPath":["Technical flow properties"]}},{"@type":"Exchange","avoidedProduct":false,"input":false,"amount":1.98E-7,"internalId":8,"flow":{"@type":"Flow","@id":"6505c252-8e98-3e73-8e2b-e49deaf2598b","name":"Arsenic","categoryPath":["air","unspecified"],"flowType":"ELEMENTARY_FLOW","refUnit":"kg"},"flowProperty":{"@type":"FlowProperty","@id":"93a60a56-a3c8-11da-a746-0800200b9a66","name":"Mass","categoryPath":["Technical flow properties"]}}]}