{"@context":"http://greendelta.github.io/olca-schema/context.jsonld","@type":"Process","@id":"c245a252-0860-41d2-9789-802bab7984ab","name":"Containerboard, average production, at mill","description":"Containerboard (linerboard and corrugating medium), average U.S. production, at mill. By-products were allocated 0% of the impacts to enable the user to choose and apply their own allocation method more easily.  All flows are production-weighted means. Data were developed for a full LCA that was critically reviewed by Lindita Bushi, Athena Institute.\r\n\r\nThe unit process includes pulp production from wood and recovered paper, papermaking, and preparation for shipping to customers. Net purchased energy is included, but upstream flows associated with its generation are excluded. Flows associated with transportation of inputs from the technosphere are included.  Product transportation is excluded.","version":"00.00.022","lastChange":"2018-10-05T18:12:19.616-06:00","category":{"@type":"Category","@id":"cc05d3a5-657a-32dd-ace5-480164b8cacb","name":"Pulp, Paper, and Paperboard Mills","categoryPath":["Paper Manufacturing"],"categoryType":"Process"},"processType":"UNIT_PROCESS","infrastructureProcess":false,"location":{"@type":"Location","@id":"0b3b97fa-6688-3c56-88ee-4ae80ec0c3c2","name":"United States"},"processDocumentation":{"@type":"ProcessDocumentation","timeDescription":"Primary data was collected from participating companies and associations for their operational activities representative of 2014. ","technologyDescription":"Current technology mix for containerboard","dataCollectionDescription":"All primary data and secondary data were collected from 2015-2016 for the reference year 2014.","completenessDescription":"TREATMENT OF MISSING ENVIRONMENTAL DATA: All known air-related substances associated with combustion, which are deemed significant through U.S. EPA’s TRI (SARA 313) regulation and other national and international combustion-related air contaminant programs, were included for containerboard production.\r\nTREATMENT OF MISSING TECHNOSPHERE DATA: The data collection was performed in a way that ensured that any flow contributing to more than 1% of the mass inputs of those processes was included, except for chemicals, where only those chemicals contributing more than 10% of the total dry mass of chemicals used in each containerboard component were included. No chemicals with significant individual contribution to any environmental indicator (i.e. \u003e 5%) were ignored. In addition, the mills were asked to report the total mass of \"other fillers\" required to calculate the average carbon content of containerboard. No significant energy input was omitted. Capital equipment and maintenance, maintenance and operation of support equipment, or transport of employees were excluded. In addition, the study did not include energy related to the use of the packaging product, nor that of the product packaged by it. Other overhead functions such as HVAC and lighting were included to the extent they are considered in total mill energy usage as reported by participating companies.\r\nMASS BALANCE: Water, fiber and carbon balances were performed for the containerboard production and converting unit processes. Where adequate, the results of the mass balances were used to correct the collected data.","reviewDetails":"The LCA study that produced this unit process was critically reviewed per ISO 14040 and 14044 standards by Dr. Lindita Bushi, Senior Research Associate of Athena Sustainable Materials Institute.","dataTreatmentDescription":"Primary data were from survey data odetailing production, energy and raw material inputs from 42 containerboard mills representing 70% of overal production volume for 2014. Data on water inputs, environmental loads, solid waste management, and energy (quantity and types of fuels) for the relevant pulp and paper mills were drawn from responses to the 2014 AF\u0026PA Enironmental, Health, and Safety (EHS) Survey. Information on quantity of energy used, fiber input, furnish production, and chemical consumption (quantity and type) at the department level were collected in a supplemental survey. Data regarding the emissions of toxic substances (as defined by the U.S. Toxics Release Inventory-TRI) were modeled using U.S. LCI and NCASI information. It was assumed that the mills for which data were collected were spread out geographically in a way that was representative of the average. Data on nutrient content of treated wastewater effluents from pulp and paper mills were derived from available information in the U.S. EPA Permit Compliance System database https://www.epa.gov/enviro/pcs-icis-overview; these data are insufficient to allow characterization of effluents from the specific mills in the database, but they do allow general characterization of effluents from U.S. pulp and paper mills. Data submitted by the industry in connection with the TSCA Inventory Update Rule (IUR, www.epa.gov/iur/) were used to estimate quantities of kraft pulping co-products produced (e.g., tall oil and turpentine); the IUR data were not sufficient to characterize every mill in the database, but were sufficient to characterize kraft pulping processes in general. Information provided via the surveys was quality-assured (QA) using a combination of cross-checking with data previously submitted to the AF\u0026PA EHS survey (which had previously been subjected to a quality-assurance protocol) and by evaluating internal consistency of various data elements based on engineering principles. This process resulted in the inclusion of data for all the 42 containerboard mills. Purchased electricity was assigned upstream loads for the electrical grid serving the specific facilities on which the LCA is based (based on eGrid regions). Containerboard facility location was used to determine the applicable region-specific emission factor. Facility electricity use by product (pro-rated by production mass) was then used to develop the overall electricity mix by product grade, which was different for the industryaverage corrugated products and the product made from 100%-recycled fiber. The load for electricity and steam sold by those facilities was not included in the study. The average quantities of individual fuels consumed during production of steam by the utility CHP plants serving the containerboard mills were estimated using detailed facility information from the 2010 LCA, the US EPA eGRID database, and the Efficiency Method as recommended by the WRI/WBCSD GHG Protocol. Foreground transportation distances were modeled using the 2012 Commodity Flow Survey (CFS) (U.S. Department of Transportation and U.S. Department of Commerce, 2015) and the CORRIM database.","inventoryMethodDescription":"Attributional","modelingConstantsDescription":"his process is generated per survey data detailing production, energy and raw material inputs from 42 containerboard mills representing 70% of overal production volume for 2014. Based on the survey data collected directly from the mills, the utilization rate (quantity of recovered fiber used per unit of production) in 2014 was 0.52 kg/kg containerboard produced and used in the U.S. (or 0.58 kg/kg of corrugated product). This resulted in a utilization rate of 0.48 kg/kg total containerboard produced in the U.S. This compares to a value of 0.47 kg/kg containerboard reported by AF\u0026PA (2015). Recovered fiber used in 2014 containerboard production comes from three main sources: converting wastes, post-consumer old corrugated containers and recovery from other product systems.","samplingDescription":"BOUNDARY CONDITIONS: The system boundary includes: debarking and chipping of wood delivered to mills; on-site virgin pulp production in a high-pressure/temperature digester; on-site recycled pulp production/re-pulping; papermaking and conversion (feeding through headbox and wire section, pressing, pre-drying, size pressing, final drying, and winding); and supporting activities (on-site steam and power production, effluent treatment, on-site residual managment, etc.).\r\nDATA COLLECTION: Primary data were from survey data detailing production, energy and raw material inputs from 42 containerboard mills representing 70% of overal production volume for 2014. Data on water inputs, environmental loads, solid waste management, and energy (quantity and types of fuels) for the relevant pulp and paper mills were drawn from responses to the 2014 AF\u0026PA Enironmental, Health, and Safety (EHS) Survey. Information on quantity of energy used, fiber input, furnish production, and chemical consumption (quantity and type) at the department level were collected in a supplemental survey. Data regarding the emissions of toxic substances (as defined by the U.S. Toxics Release Inventory-TRI) were modeled using U.S. LCI and NCASI information. Data were recorded as production-weighted means. Foreground transportation distances were modeled using the 2012 Commodity Flow Survey (CFS) (U.S. Department of Transportation and U.S. Department of Commerce, 2015) and the CORRIM database.\r\nUNCERTAINTY ESTIMATION: Most transportation distances were based on U.S. Census data, which are averaged across different categories.","restrictionsDescription":"All information can be accessed by everybody.","copyright":true,"validFrom":"2013-12-31-07:00","validUntil":"2014-12-30-07:00","creationDate":"2016-02-10T14:08:00.932-07:00","intendedApplication":"In order to respond to increasing interest among product manufacturers and consumer retail markets in selecting more sustainable packaging options, CPA engaged NCASI to update the results of a LCA they published in 2014 that relied primarily on 2010 data to the most recent available data (i.e., 2014 data). SITUATION A -- MICRO-LEVEL DECISION SUPPORT: The intended application for this process is for micro-level decision support as described in Goal Situation A from the ILCD Handbook\u0027s Detailed Guidance. These data were developed as specific, average or generic unit process LCI results for use in answering internal company product-related questions. A full inventory of environmental flows are included, thus this unit process can be used for a full range of LCIA impact categories, on the fate and transport considerations have been applied. The original study results were analyzed using the TRACI LCIA factors.","projectDescription":"This LCA was commissioned by the Corrugated Packaging Alliance (CPA), a joint venture of the American Forest \u0026 Paper Association (AF\u0026PA), Fibre Box Association (FBA), the Association of Independent Corrugated Converters (AICC) and TAPPI. For this study, a core project team was established to direct, review, and coordinate the activities associated with the methodologies employed, data collection, modeling, presentation and dissemination of the LCI data and corresponding LCA results. The core group for this project consisted of a technical advisory group within the Fibre Box Association (FBA) Sustainability Committee along with various staff from the National Council for Air and Stream Improvement (NCASI).","geographyDescription":"United States","reviewer":{"@type":"Actor","@id":"e597518e-863b-326e-bf32-69a1a37635cc","name":"Dr. Lindita Bushi "},"dataDocumentor":{"@type":"Actor","@id":"0d6cba77-2eff-3519-92d7-8a87dab88049","name":"Caroline Gaudreault"},"dataGenerator":{"@type":"Actor","@id":"0d6cba77-2eff-3519-92d7-8a87dab88049","name":"Caroline Gaudreault"},"dataSetOwner":{"@type":"Actor","@id":"460bb031-1c3d-456d-9c30-3d4531d8fce9","name":"Corrugated Packaging Alliance (CPA)"},"publication":{"@type":"Source","@id":"3f572a02-a88d-4a6e-a6cf-e06f4bcbf8e3","name":"NCASI (2017)"},"sources":[{"@type":"Source","@id":"3f572a02-a88d-4a6e-a6cf-e06f4bcbf8e3","name":"NCASI (2017)"}]},"dqSystem":{"@type":"DQSystem","@id":"70bf370f-9912-4ec1-baa3-fbd4eaf85a10","name":"US EPA - Process Pedigree Matrix"},"exchangeDqSystem":{"@type":"DQSystem","@id":"d13b2bc4-5e84-4cc8-a6be-9101ebb252ff","name":"US EPA - Flow Pedigree Matrix"},"lastInternalId":52,"exchanges":[{"@type":"Exchange","avoidedProduct":false,"input":false,"amount":1.10516007,"internalId":150,"flow":{"@type":"Flow","@id":"42385daf-e0a4-35de-9a68-931400275c60","name":"Containerboard, average production, at mill","categoryPath":["Paper Manufacturing","Pulp, Paper, and Paperboard Mills"],"flowType":"PRODUCT_FLOW","location":"US","refUnit":"kg"},"flowProperty":{"@type":"FlowProperty","@id":"93a60a56-a3c8-11da-a746-0800200b9a66","name":"Mass","categoryPath":["Technical flow properties"]},"quantitativeReference":true},{"@type":"Exchange","avoidedProduct":false,"input":false,"amount":2.35E-5,"internalId":73,"flow":{"@type":"Flow","@id":"6b248529-b754-4be7-8b1a-91b9756fc2bc","name":"Hexane","categoryPath":["Elementary flows","Emission to air","unspecified"],"flowType":"ELEMENTARY_FLOW","refUnit":"kg"},"flowProperty":{"@type":"FlowProperty","@id":"93a60a56-a3c8-11da-a746-0800200b9a66","name":"Mass","categoryPath":["Technical flow properties"]}},{"@type":"Exchange","avoidedProduct":false,"input":false,"amount":2.76E-8,"internalId":30,"flow":{"@type":"Flow","@id":"dc6dbdaa-9f13-43a8-8af5-6603688c6ad0","name":"Arsenic","categoryPath":["Elementary flows","Emission to air","unspecified"],"flowType":"ELEMENTARY_FLOW","refUnit":"kg"},"flowProperty":{"@type":"FlowProperty","@id":"93a60a56-a3c8-11da-a746-0800200b9a66","name":"Mass","categoryPath":["Technical flow properties"]}},{"@type":"Exchange","avoidedProduct":false,"input":true,"amount":0.002325278,"description":"i.e.: Disposal, wood ash mixture, pure, 0% water, to landfarming","internalId":32,"flow":{"@type":"Flow","@id":"b3b56215-8b4c-3cc0-b939-e8e39a8b086f","name":"CUTOFF Disposal, wood ash mixture, pure, 0% water, to uns. land application","categoryPath":["CUTOFF Flows"],"flowType":"PRODUCT_FLOW","location":"RNA","refUnit":"kg"},"flowProperty":{"@type":"FlowProperty","@id":"93a60a56-a3c8-11da-a746-0800200b9a66","name":"Mass","categoryPath":["Technical flow properties"]}},{"@type":"Exchange","avoidedProduct":false,"input":false,"amount":1.52E-5,"internalId":122,"flow":{"@type":"Flow","@id":"7ae3bfc4-8532-11e0-9d78-0800200c9a66","name":"VOC, volatile organic compounds","categoryPath":["Elementary flows","Emission to air","unspecified"],"flowType":"ELEMENTARY_FLOW","refUnit":"kg"}},{"@type":"Exchange","avoidedProduct":false,"input":false,"amount":5.78E-7,"internalId":39,"flow":{"@type":"Flow","@id":"b8fc2875-a1ce-4a7c-a73d-6ba5b26319d3","name":"Boron","categoryPath":["Elementary flows","Emission to air","unspecified"],"flowType":"ELEMENTARY_FLOW","refUnit":"kg"},"flowProperty":{"@type":"FlowProperty","@id":"93a60a56-a3c8-11da-a746-0800200b9a66","name":"Mass","categoryPath":["Technical flow properties"]}},{"@type":"Exchange","avoidedProduct":false,"input":false,"amount":9.78E-7,"internalId":126,"flow":{"@type":"Flow","@id":"5ce378a0-b48d-471c-977d-79681521efde","name":"Zinc","categoryPath":["Elementary flows","Emission to air","unspecified"],"flowType":"ELEMENTARY_FLOW","refUnit":"kg"}},{"@type":"Exchange","avoidedProduct":false,"input":false,"amount":3.57E-5,"internalId":141,"flow":{"@type":"Flow","@id":"18e1aef2-00e7-410d-9613-fdfb305a689e","name":"Phosphorus, total","categoryPath":["Elementary flows","Emission to water","unspecified"],"flowType":"ELEMENTARY_FLOW","refUnit":"kg"},"flowProperty":{"@type":"FlowProperty","@id":"93a60a56-a3c8-11da-a746-0800200b9a66","name":"Mass","categoryPath":["Technical flow properties"]}},{"@type":"Exchange","avoidedProduct":false,"input":false,"amount":1.58E-7,"internalId":49,"flow":{"@type":"Flow","@id":"39d1390a-ded6-41cb-a536-d47510bf2fbc","name":"Chlorine","categoryPath":["Elementary flows","Emission to air","unspecified"],"flowType":"ELEMENTARY_FLOW","refUnit":"kg"},"flowProperty":{"@type":"FlowProperty","@id":"93a60a56-a3c8-11da-a746-0800200b9a66","name":"Mass","categoryPath":["Technical flow properties"]}},{"@type":"Exchange","avoidedProduct":false,"input":false,"amount":4.24E-9,"internalId":29,"flow":{"@type":"Flow","@id":"77927dac-dea3-429d-a434-d5a71d92c4f7","name":"Antimony","categoryPath":["Elementary flows","Emission to air","unspecified"],"flowType":"ELEMENTARY_FLOW","refUnit":"kg"},"flowProperty":{"@type":"FlowProperty","@id":"93a60a56-a3c8-11da-a746-0800200b9a66","name":"Mass","categoryPath":["Technical flow properties"]}},{"@type":"Exchange","avoidedProduct":false,"input":true,"amount":0.011702828,"internalId":20,"flow":{"@type":"Flow","@id":"f867896e-830f-31f9-975d-465b212262ef","name":"Sulfuric acid, at plant","categoryPath":["Chemical Manufacturing","All Other Basic Inorganic Chemical Manufacturing"],"flowType":"PRODUCT_FLOW","location":"RNA","refUnit":"kg"},"flowProperty":{"@type":"FlowProperty","@id":"93a60a56-a3c8-11da-a746-0800200b9a66","name":"Mass","categoryPath":["Technical flow properties"]}},{"@type":"Exchange","avoidedProduct":false,"input":false,"amount":7.48E-7,"internalId":92,"flow":{"@type":"Flow","@id":"640e30d2-3158-4a1a-82ef-fd0c72922c9a","name":"Molybdenum","categoryPath":["Elementary flows","Emission to air","unspecified"],"flowType":"ELEMENTARY_FLOW","refUnit":"kg"}},{"@type":"Exchange","avoidedProduct":true,"input":true,"amount":0.071718049,"description":"Produced as byproduct of containerboard production. Sold i.e., not used on site. Allocation set to 0%.","internalId":19,"flow":{"@type":"Flow","@id":"6c1f6dbb-e676-3886-8330-85026845ce82","name":"Sold electricity, from industry-average containerboard","categoryPath":["Paper Manufacturing","Pulp, Paper, and Paperboard Mills"],"flowType":"PRODUCT_FLOW","location":"US","refUnit":"MJ"}},{"@type":"Exchange","avoidedProduct":false,"input":false,"amount":0.337424602,"internalId":44,"flow":{"@type":"Flow","@id":"349b29d1-3e58-4c66-98b9-9d1a076efd2e","name":"Carbon dioxide, fossil","categoryPath":["Elementary flows","Emission to air","unspecified"],"flowType":"ELEMENTARY_FLOW","refUnit":"kg"},"flowProperty":{"@type":"FlowProperty","@id":"93a60a56-a3c8-11da-a746-0800200b9a66","name":"Mass","categoryPath":["Technical flow properties"]}},{"@type":"Exchange","avoidedProduct":false,"input":false,"amount":6.4E-12,"internalId":106,"flow":{"@type":"Flow","@id":"8648c983-3acb-4c4d-8607-bb070188d654","name":"Pyrene","categoryPath":["Elementary flows","Emission to air","unspecified"],"flowType":"ELEMENTARY_FLOW","refUnit":"kg"},"flowProperty":{"@type":"FlowProperty","@id":"93a60a56-a3c8-11da-a746-0800200b9a66","name":"Mass","categoryPath":["Technical flow properties"]}},{"@type":"Exchange","avoidedProduct":false,"input":false,"amount":1.09E-6,"internalId":131,"flow":{"@type":"Flow","@id":"0e1c17ae-8144-4714-a7cd-786a5480f423","name":"Barium","categoryPath":["Elementary flows","Emission to water","unspecified"],"flowType":"ELEMENTARY_FLOW","refUnit":"kg"},"flowProperty":{"@type":"FlowProperty","@id":"93a60a56-a3c8-11da-a746-0800200b9a66","name":"Mass","categoryPath":["Technical flow properties"]}},{"@type":"Exchange","avoidedProduct":false,"input":false,"amount":7.74E-6,"internalId":136,"flow":{"@type":"Flow","@id":"10cbd2f7-c41b-4bb4-b636-d8fc15cf0282","name":"Manganese","categoryPath":["Elementary flows","Emission to water","unspecified"],"flowType":"ELEMENTARY_FLOW","refUnit":"kg"}},{"@type":"Exchange","avoidedProduct":false,"input":false,"amount":5.64E-8,"internalId":129,"flow":{"@type":"Flow","@id":"8a377f10-d147-41ff-b9ef-53fad50245ce","name":"Arsenic","categoryPath":["Elementary flows","Emission to water","unspecified"],"flowType":"ELEMENTARY_FLOW","refUnit":"kg"},"flowProperty":{"@type":"FlowProperty","@id":"93a60a56-a3c8-11da-a746-0800200b9a66","name":"Mass","categoryPath":["Technical flow properties"]}},{"@type":"Exchange","avoidedProduct":false,"input":false,"amount":9.76084E-4,"internalId":130,"flow":{"@type":"Flow","@id":"91955aba-6ebc-4413-9342-f0298860b4aa","name":"BOD5, Biological Oxygen Demand","categoryPath":["Elementary flows","Emission to water","unspecified"],"flowType":"ELEMENTARY_FLOW","refUnit":"kg"},"flowProperty":{"@type":"FlowProperty","@id":"93a60a56-a3c8-11da-a746-0800200b9a66","name":"Mass","categoryPath":["Technical flow properties"]}},{"@type":"Exchange","avoidedProduct":false,"input":false,"amount":2.07E-5,"internalId":103,"flow":{"@type":"Flow","@id":"3e5d7d91-67d7-4afb-91dd-36fab58e4685","name":"PAH, polycyclic aromatic hydrocarbons","categoryPath":["Elementary flows","Emission to air","unspecified"],"flowType":"ELEMENTARY_FLOW","refUnit":"kg"},"flowProperty":{"@type":"FlowProperty","@id":"93a60a56-a3c8-11da-a746-0800200b9a66","name":"Mass","categoryPath":["Technical flow properties"]}},{"@type":"Exchange","avoidedProduct":false,"input":false,"amount":3.3E-9,"internalId":75,"flow":{"@type":"Flow","@id":"b77ac4ee-e212-4558-bdb0-b4584e78695e","name":"Hydrazine","categoryPath":["Elementary flows","Emission to air","unspecified"],"flowType":"ELEMENTARY_FLOW","refUnit":"kg"},"flowProperty":{"@type":"FlowProperty","@id":"93a60a56-a3c8-11da-a746-0800200b9a66","name":"Mass","categoryPath":["Technical flow properties"]}},{"@type":"Exchange","avoidedProduct":false,"input":true,"amount":6.37607E-4,"internalId":38,"flow":{"@type":"Flow","@id":"b6acaebb-c316-3a98-a8a5-ae3b254707dc","name":"CUTOFF Disposal, coal ash, to uns. land application","categoryPath":["CUTOFF Flows"],"flowType":"PRODUCT_FLOW","location":"RNA","refUnit":"kg"},"flowProperty":{"@type":"FlowProperty","@id":"93a60a56-a3c8-11da-a746-0800200b9a66","name":"Mass","categoryPath":["Technical flow properties"]}},{"@type":"Exchange","avoidedProduct":false,"input":false,"amount":1.82E-5,"internalId":71,"flow":{"@type":"Flow","@id":"a861cfae-a310-4e9d-b9eb-5d555c9a684c","name":"Formaldehyde","categoryPath":["Elementary flows","Emission to air","unspecified"],"flowType":"ELEMENTARY_FLOW","refUnit":"kg"},"flowProperty":{"@type":"FlowProperty","@id":"93a60a56-a3c8-11da-a746-0800200b9a66","name":"Mass","categoryPath":["Technical flow properties"]}},{"@type":"Exchange","avoidedProduct":false,"input":false,"amount":4.07E-12,"internalId":28,"flow":{"@type":"Flow","@id":"cfd2030e-0fb3-4946-8a0b-9d1667aceb77","name":"Anthracene","categoryPath":["Elementary flows","Emission to air","unspecified"],"flowType":"ELEMENTARY_FLOW","refUnit":"kg"},"flowProperty":{"@type":"FlowProperty","@id":"93a60a56-a3c8-11da-a746-0800200b9a66","name":"Mass","categoryPath":["Technical flow properties"]}},{"@type":"Exchange","avoidedProduct":false,"input":false,"amount":1.18E-7,"internalId":85,"flow":{"@type":"Flow","@id":"71234253-b3a7-4dfe-b166-a484ad15bee7","name":"Mercury","categoryPath":["Elementary flows","Emission to air","unspecified"],"flowType":"ELEMENTARY_FLOW","refUnit":"kg"}},{"@type":"Exchange","avoidedProduct":false,"input":false,"amount":1.51E-7,"internalId":118,"flow":{"@type":"Flow","@id":"591b0a62-8064-4697-86ed-47bfa1f8b5e6","name":"Vanadium","categoryPath":["Elementary flows","Emission to air","unspecified"],"flowType":"ELEMENTARY_FLOW","refUnit":"kg"},"flowProperty":{"@type":"FlowProperty","@id":"93a60a56-a3c8-11da-a746-0800200b9a66","name":"Mass","categoryPath":["Technical flow properties"]}},{"@type":"Exchange","avoidedProduct":false,"input":false,"amount":1.8E-5,"internalId":76,"flow":{"@type":"Flow","@id":"24541c8c-9f11-49ae-9de5-456f238a3f5e","name":"Hydrogen fluoride","categoryPath":["Elementary flows","Emission to air","unspecified"],"flowType":"ELEMENTARY_FLOW","refUnit":"kg"},"flowProperty":{"@type":"FlowProperty","@id":"93a60a56-a3c8-11da-a746-0800200b9a66","name":"Mass","categoryPath":["Technical flow properties"]}},{"@type":"Exchange","avoidedProduct":false,"input":false,"amount":1.04E-6,"internalId":146,"flow":{"@type":"Flow","@id":"63e8256f-8549-11e0-9d78-0800200c9a66","name":"Zinc","categoryPath":["Elementary flows","Emission to water","unspecified"],"flowType":"ELEMENTARY_FLOW","refUnit":"kg"}},{"@type":"Exchange","avoidedProduct":false,"input":false,"amount":0.072168563,"internalId":123,"flow":{"@type":"Flow","@id":"f2d84834-d0b3-42e5-b41a-f04cc80337a4","name":"Heat, waste","categoryPath":["Elementary flows","Emission to air","unspecified"],"flowType":"ELEMENTARY_FLOW","refUnit":"MJ"},"flowProperty":{"@type":"FlowProperty","@id":"f6811440-ee37-11de-8a39-0800200c9a66","name":"Energy","categoryPath":["Technical flow properties"]}},{"@type":"Exchange","avoidedProduct":false,"input":false,"amount":9.31E-10,"internalId":153,"flow":{"@type":"Flow","@id":"7ae3bfc1-8532-11e0-9d78-0800200c9a66","name":"Dimethyl sulfate","categoryPath":["Elementary flows","Emission to air","unspecified"],"flowType":"ELEMENTARY_FLOW","refUnit":"kg"},"flowProperty":{"@type":"FlowProperty","@id":"93a60a56-a3c8-11da-a746-0800200b9a66","name":"Mass","categoryPath":["Technical flow properties"]}},{"@type":"Exchange","avoidedProduct":false,"input":false,"amount":5.76E-15,"internalId":102,"flow":{"@type":"Flow","@id":"082903e4-45d8-4078-94cb-736b15279277","name":"Dioxins, measured as 2,3,7,8-tetrachlorodibenzo-p-dioxin","categoryPath":["Elementary flows","Emission to air","unspecified"],"flowType":"ELEMENTARY_FLOW","refUnit":"kg"}},{"@type":"Exchange","avoidedProduct":false,"input":false,"amount":3.14609E-4,"internalId":65,"flow":{"@type":"Flow","@id":"21e46cb8-6233-4c99-bac3-c41d2ab99498","name":"Particulates, \u003c 2.5 um","categoryPath":["Elementary flows","Emission to air","unspecified"],"flowType":"ELEMENTARY_FLOW","refUnit":"kg"}},{"@type":"Exchange","avoidedProduct":false,"input":false,"amount":5.6E-9,"internalId":37,"flow":{"@type":"Flow","@id":"20557d93-2b1c-49b5-b6c0-3528a8bbc307","name":"Beryllium","categoryPath":["Elementary flows","Emission to air","unspecified"],"flowType":"ELEMENTARY_FLOW","refUnit":"kg"},"flowProperty":{"@type":"FlowProperty","@id":"93a60a56-a3c8-11da-a746-0800200b9a66","name":"Mass","categoryPath":["Technical flow properties"]}},{"@type":"Exchange","avoidedProduct":false,"input":true,"amount":0.009152425,"internalId":37,"flow":{"@type":"Flow","@id":"d9e999e6-fa2b-3ed6-a012-ee5160eee7b9","name":"CUTOFF Disposal, wood ash, to uns. beneficial use","categoryPath":["CUTOFF Flows"],"flowType":"PRODUCT_FLOW","location":"RNA","refUnit":"kg"},"flowProperty":{"@type":"FlowProperty","@id":"93a60a56-a3c8-11da-a746-0800200b9a66","name":"Mass","categoryPath":["Technical flow properties"]}},{"@type":"Exchange","avoidedProduct":false,"input":true,"amount":3.82846E-5,"description":"0.023889571 dry kg, 624 dry kg/m3 (http://www.corrim.org/pubs/reports/2010/phase2/Module_C.pdf), includes bark and wood transformed into black liquor, all used for energy\r\n","internalId":1,"flow":{"@type":"Flow","@id":"f9bfebc3-932f-3427-827a-a4972c05203c","name":"Roundwood, hardwood, average, at forest road, NE-NC","categoryPath":["Forestry and Logging","Logging"],"flowType":"PRODUCT_FLOW","location":"RNA","refUnit":"m3"},"flowProperty":{"@type":"FlowProperty","@id":"93a60a56-a3c8-22da-a746-0800200c9a66","name":"Volume","categoryPath":["Technical flow properties"]}},{"@type":"Exchange","avoidedProduct":false,"input":false,"amount":0.026990509,"internalId":159,"flow":{"@type":"Flow","@id":"433b7ce7-5c2d-41c3-80ef-ead7f45c8699","name":"Water, process, unspecified natural origin","categoryPath":["Elementary flows","Resource","in water"],"flowType":"ELEMENTARY_FLOW","refUnit":"m3"},"flowProperty":{"@type":"FlowProperty","@id":"93a60a56-a3c8-22da-a746-0800200c9a66","name":"Volume","categoryPath":["Technical flow properties"]}},{"@type":"Exchange","avoidedProduct":false,"input":false,"amount":5.24E-11,"internalId":99,"flow":{"@type":"Flow","@id":"ddce24d4-f536-4b44-a51a-e3bca0faf0b0","name":"Phenanthrene","categoryPath":["Elementary flows","Emission to air","unspecified"],"flowType":"ELEMENTARY_FLOW","refUnit":"kg"},"flowProperty":{"@type":"FlowProperty","@id":"93a60a56-a3c8-11da-a746-0800200b9a66","name":"Mass","categoryPath":["Technical flow properties"]}},{"@type":"Exchange","avoidedProduct":false,"input":false,"amount":5.24E-13,"internalId":35,"flow":{"@type":"Flow","@id":"49e82a9e-331a-45e1-8a86-ff1526045fc8","name":"Benzo(ghi)perylene","categoryPath":["Elementary flows","Emission to air","unspecified"],"flowType":"ELEMENTARY_FLOW","refUnit":"kg"},"flowProperty":{"@type":"FlowProperty","@id":"93a60a56-a3c8-11da-a746-0800200b9a66","name":"Mass","categoryPath":["Technical flow properties"]}},{"@type":"Exchange","avoidedProduct":false,"input":true,"amount":0.011222875,"description":"Broad category that often includes items such as discarded mail, telephone books, paper board, magazines, and catalogs","internalId":4,"flow":{"@type":"Flow","@id":"57c60bb5-769f-34c7-9c73-9489c495c842","name":"CUTOFF Recovered paper, mixed","categoryPath":["CUTOFF Flows"],"flowType":"PRODUCT_FLOW","location":"RNA","refUnit":"kg"},"flowProperty":{"@type":"FlowProperty","@id":"93a60a56-a3c8-11da-a746-0800200b9a66","name":"Mass","categoryPath":["Technical flow properties"]}},{"@type":"Exchange","avoidedProduct":false,"input":false,"amount":1.84479E-4,"internalId":87,"flow":{"@type":"Flow","@id":"da1157e2-7593-4dfd-80dd-a3449b37a4d8","name":"Methane, biogenic","categoryPath":["Elementary flows","Emission to air","unspecified"],"flowType":"ELEMENTARY_FLOW","refUnit":"kg"},"flowProperty":{"@type":"FlowProperty","@id":"93a60a56-a3c8-11da-a746-0800200b9a66","name":"Mass","categoryPath":["Technical flow properties"]}},{"@type":"Exchange","avoidedProduct":false,"input":false,"amount":2.2E-6,"internalId":58,"flow":{"@type":"Flow","@id":"a192f5ac-fb5d-4e14-ac11-3c38283da9d0","name":"Cumene","categoryPath":["Elementary flows","Emission to air","unspecified"],"flowType":"ELEMENTARY_FLOW","refUnit":"kg"},"flowProperty":{"@type":"FlowProperty","@id":"93a60a56-a3c8-11da-a746-0800200b9a66","name":"Mass","categoryPath":["Technical flow properties"]}},{"@type":"Exchange","avoidedProduct":false,"input":false,"amount":1.77154E-4,"internalId":77,"flow":{"@type":"Flow","@id":"20d4d821-f4f7-4017-8810-f822fcdf619e","name":"Hydrogen sulfide","categoryPath":["Elementary flows","Emission to air","unspecified"],"flowType":"ELEMENTARY_FLOW","refUnit":"kg"}},{"@type":"Exchange","avoidedProduct":false,"input":true,"amount":0.007604163,"internalId":8,"flow":{"@type":"Flow","@id":"d9e6e7e4-4a5b-3303-9894-7353c2e99805","name":"CUTOFF Disposal, other solid waste from plant, to uns. beneficial use","categoryPath":["CUTOFF Flows"],"flowType":"PRODUCT_FLOW","location":"RNA","refUnit":"kg"},"flowProperty":{"@type":"FlowProperty","@id":"93a60a56-a3c8-11da-a746-0800200b9a66","name":"Mass","categoryPath":["Technical flow properties"]}},{"@type":"Exchange","avoidedProduct":false,"input":false,"amount":4.01E-8,"internalId":89,"flow":{"@type":"Flow","@id":"8c283de2-50d3-40c8-8bff-1e172c3398f8","name":"Methane, bromo-, Halon 1001","categoryPath":["Elementary flows","Emission to air","unspecified"],"flowType":"ELEMENTARY_FLOW","refUnit":"kg"},"flowProperty":{"@type":"FlowProperty","@id":"93a60a56-a3c8-11da-a746-0800200b9a66","name":"Mass","categoryPath":["Technical flow properties"]}},{"@type":"Exchange","avoidedProduct":false,"input":true,"amount":0.047576753,"description":"hardwood SWD chips.  Wood (logs and chips) usage in the process is distrubuted as follows: 51% ends up in pulp, 11% in self-generated hogged fuel, and 37% in black liquor.","internalId":45,"flow":{"@type":"Flow","@id":"37274c29-9496-3511-a777-132644f96b4e","name":"Wood chips, hardwood, green, at sawmill, SE","categoryPath":["Wood Product Manufacturing","Sawmills"],"flowType":"PRODUCT_FLOW","location":"RNA","refUnit":"kg"},"flowProperty":{"@type":"FlowProperty","@id":"93a60a56-a3c8-11da-a746-0800200b9a66","name":"Mass","categoryPath":["Technical flow properties"]}},{"@type":"Exchange","avoidedProduct":false,"input":false,"amount":1.93573E-4,"internalId":96,"flow":{"@type":"Flow","@id":"d3260d0e-8203-4cbb-a45a-6a13131a5108","name":"NMVOC, non-methane volatile organic compounds, unspecified origin","categoryPath":["Elementary flows","Emission to air","unspecified"],"flowType":"ELEMENTARY_FLOW","refUnit":"kg"}},{"@type":"Exchange","avoidedProduct":false,"input":true,"amount":7.06402E-4,"description":"Strength agents","internalId":3,"flow":{"@type":"Flow","@id":"66f981ad-439c-3f19-a925-11eb2d347545","name":"CUTOFF Unspecified polymer","categoryPath":["CUTOFF Flows"],"flowType":"PRODUCT_FLOW","location":"RNA","refUnit":"kg"},"flowProperty":{"@type":"FlowProperty","@id":"93a60a56-a3c8-11da-a746-0800200b9a66","name":"Mass","categoryPath":["Technical flow properties"]}},{"@type":"Exchange","avoidedProduct":false,"input":false,"amount":7.35E-9,"internalId":34,"flow":{"@type":"Flow","@id":"5e13c2ab-5466-4ff5-816d-702dfdf25f76","name":"Benzo(a)pyrene","categoryPath":["Elementary flows","Emission to air","unspecified"],"flowType":"ELEMENTARY_FLOW","refUnit":"kg"},"flowProperty":{"@type":"FlowProperty","@id":"93a60a56-a3c8-11da-a746-0800200b9a66","name":"Mass","categoryPath":["Technical flow properties"]}},{"@type":"Exchange","avoidedProduct":false,"input":true,"amount":0.03879322,"internalId":39,"flow":{"@type":"Flow","@id":"55b4aeab-0576-3a9b-b476-b561197ec3f2","name":"Bituminous coal, at mine","categoryPath":["Mining (except Oil and Gas)","Coal Mining"],"flowType":"PRODUCT_FLOW","location":"RNA","refUnit":"kg"},"flowProperty":{"@type":"FlowProperty","@id":"93a60a56-a3c8-11da-a746-0800200b9a66","name":"Mass","categoryPath":["Technical flow properties"]}},{"@type":"Exchange","avoidedProduct":false,"input":true,"amount":1.84992E-4,"description":"Proxy for southeast.\r\n0.119874923 dry kg, 648 dry kg/m3\r\n(http://www.corrim.org/pubs/reports/2010/phase2/Module_L.pdf)\r\nIncludes bark and wood transformed into onsite energy.\r\n","internalId":7,"flow":{"@type":"Flow","@id":"f9bfebc3-932f-3427-827a-a4972c05203c","name":"Roundwood, hardwood, average, at forest road, NE-NC","categoryPath":["Forestry and Logging","Logging"],"flowType":"PRODUCT_FLOW","location":"RNA","refUnit":"m3"},"flowProperty":{"@type":"FlowProperty","@id":"93a60a56-a3c8-22da-a746-0800200c9a66","name":"Volume","categoryPath":["Technical flow properties"]}},{"@type":"Exchange","avoidedProduct":false,"input":false,"amount":9.17E-6,"internalId":100,"flow":{"@type":"Flow","@id":"5896c761-4e02-4573-8747-c4bbf73162c0","name":"Phenol","categoryPath":["Elementary flows","Emission to air","unspecified"],"flowType":"ELEMENTARY_FLOW","refUnit":"kg"},"flowProperty":{"@type":"FlowProperty","@id":"93a60a56-a3c8-11da-a746-0800200b9a66","name":"Mass","categoryPath":["Technical flow properties"]}},{"@type":"Exchange","avoidedProduct":false,"input":true,"amount":0.006480112,"description":"High-grade paper that often consists of shavings and clippings from converting operations at paper mills and print shops","internalId":6,"flow":{"@type":"Flow","@id":"ba93cfc7-fbe8-3a7e-8c11-19eaef561ba2","name":"CUTOFF Recovered paper, pulp substitutes","categoryPath":["CUTOFF Flows"],"flowType":"PRODUCT_FLOW","location":"RNA","refUnit":"kg"},"flowProperty":{"@type":"FlowProperty","@id":"93a60a56-a3c8-11da-a746-0800200b9a66","name":"Mass","categoryPath":["Technical flow properties"]}},{"@type":"Exchange","avoidedProduct":false,"input":false,"amount":6.79E-10,"internalId":91,"flow":{"@type":"Flow","@id":"beb69352-568e-4a33-b9d4-3b5bfafc85bd","name":"t-Butyl methyl ether","categoryPath":["Elementary flows","Emission to air","unspecified"],"flowType":"ELEMENTARY_FLOW","refUnit":"kg"},"flowProperty":{"@type":"FlowProperty","@id":"93a60a56-a3c8-11da-a746-0800200b9a66","name":"Mass","categoryPath":["Technical flow properties"]}},{"@type":"Exchange","avoidedProduct":false,"input":false,"amount":1.17E-7,"internalId":98,"flow":{"@type":"Flow","@id":"aa5a7c4f-84cc-4825-9d3f-b752cda81fde","name":"Organic substances, unspecified","categoryPath":["Elementary flows","Emission to air","unspecified"],"flowType":"ELEMENTARY_FLOW","refUnit":"kg"},"flowProperty":{"@type":"FlowProperty","@id":"93a60a56-a3c8-11da-a746-0800200b9a66","name":"Mass","categoryPath":["Technical flow properties"]}},{"@type":"Exchange","avoidedProduct":false,"input":true,"amount":0.004610732,"internalId":2,"flow":{"@type":"Flow","@id":"444bea1c-306c-361e-975e-68663d7a25e7","name":"CUTOFF Disposal, wastewater treatment plant residuals, to uns. beneficial use","categoryPath":["CUTOFF Flows"],"flowType":"PRODUCT_FLOW","location":"RNA","refUnit":"kg"},"flowProperty":{"@type":"FlowProperty","@id":"93a60a56-a3c8-11da-a746-0800200b9a66","name":"Mass","categoryPath":["Technical flow properties"]}},{"@type":"Exchange","avoidedProduct":false,"input":true,"amount":0.00212456,"description":"Chemicals: 2.5% of total mass travel 2020 km","internalId":27,"flow":{"@type":"Flow","@id":"bdfa087f-b7fe-30da-8912-66722f328da6","name":"Transport, ocean freighter, diesel powered","categoryPath":["Water Transportation","Deep Sea Freight Transportation"],"flowType":"PRODUCT_FLOW","location":"RNA","refUnit":"t*km"},"flowProperty":{"@type":"FlowProperty","@id":"838aaa20-0117-11db-92e3-0800200c9a66","name":"Goods transport (mass*distance)","categoryPath":["Technical flow properties"]}},{"@type":"Exchange","avoidedProduct":false,"input":false,"amount":6.74E-5,"internalId":27,"flow":{"@type":"Flow","@id":"87883a4e-1e3e-4c9d-90c0-f1bea36f8014","name":"Ammonia","categoryPath":["Elementary flows","NETL Coal Elementary Flows","air","unspecified"],"flowType":"ELEMENTARY_FLOW","refUnit":"kg"}},{"@type":"Exchange","avoidedProduct":false,"input":false,"amount":0.001345237,"internalId":142,"flow":{"@type":"Flow","@id":"693921ef-e02d-4072-add0-55aa4631b213","name":"Suspended solids, unspecified","categoryPath":["Elementary flows","Emission to water","unspecified"],"flowType":"ELEMENTARY_FLOW","refUnit":"kg"}},{"@type":"Exchange","avoidedProduct":false,"input":false,"amount":0.001184672,"internalId":112,"flow":{"@type":"Flow","@id":"fd7aa71c-508c-480d-81a6-8052aad92646","name":"Sulfur dioxide","categoryPath":["Elementary flows","Emission to air","unspecified"],"flowType":"ELEMENTARY_FLOW","refUnit":"kg"}},{"@type":"Exchange","avoidedProduct":false,"input":false,"amount":5.43E-12,"internalId":21,"flow":{"@type":"Flow","@id":"c00e8921-6f38-49af-877a-355454986d6c","name":"Toluene, 2,4-dinitro-","categoryPath":["Elementary flows","Emission to air","unspecified"],"flowType":"ELEMENTARY_FLOW","refUnit":"kg"},"flowProperty":{"@type":"FlowProperty","@id":"93a60a56-a3c8-11da-a746-0800200b9a66","name":"Mass","categoryPath":["Technical flow properties"]}},{"@type":"Exchange","avoidedProduct":false,"input":false,"amount":5.9E-8,"internalId":138,"flow":{"@type":"Flow","@id":"63e7fe55-8549-11e0-9d78-0800200c9a66","name":"Nickel","categoryPath":["Elementary flows","Emission to water","unspecified"],"flowType":"ELEMENTARY_FLOW","refUnit":"kg"}},{"@type":"Exchange","avoidedProduct":false,"input":false,"amount":2.68E-5,"internalId":117,"flow":{"@type":"Flow","@id":"3b1ecf8e-1d2c-4330-81da-a79f9068976d","name":"Toluene","categoryPath":["Elementary flows","Emission to air","unspecified"],"flowType":"ELEMENTARY_FLOW","refUnit":"kg"},"flowProperty":{"@type":"FlowProperty","@id":"93a60a56-a3c8-11da-a746-0800200b9a66","name":"Mass","categoryPath":["Technical flow properties"]}},{"@type":"Exchange","avoidedProduct":false,"input":false,"amount":1.82E-9,"internalId":67,"flow":{"@type":"Flow","@id":"88ef28f1-cfd5-44a0-ac34-01acf2db84a0","name":"Benzene, ethyl-","categoryPath":["Elementary flows","Emission to air","unspecified"],"flowType":"ELEMENTARY_FLOW","refUnit":"kg"},"flowProperty":{"@type":"FlowProperty","@id":"93a60a56-a3c8-11da-a746-0800200b9a66","name":"Mass","categoryPath":["Technical flow properties"]}},{"@type":"Exchange","avoidedProduct":false,"input":false,"amount":1.42E-9,"internalId":62,"flow":{"@type":"Flow","@id":"63e7fe64-8549-11e0-9d78-0800200c9a66","name":"Phthalate, dioctyl-","categoryPath":["Elementary flows","Emission to air","unspecified"],"flowType":"ELEMENTARY_FLOW","refUnit":"kg"},"flowProperty":{"@type":"FlowProperty","@id":"93a60a56-a3c8-11da-a746-0800200b9a66","name":"Mass","categoryPath":["Technical flow properties"]}},{"@type":"Exchange","avoidedProduct":false,"input":false,"amount":0.001597491,"internalId":95,"flow":{"@type":"Flow","@id":"c1b91234-6f24-417b-8309-46111d09c457","name":"Nitrogen oxides","categoryPath":["Elementary flows","Emission to air","unspecified"],"flowType":"ELEMENTARY_FLOW","refUnit":"kg"}},{"@type":"Exchange","avoidedProduct":false,"input":false,"amount":7.04E-7,"internalId":94,"flow":{"@type":"Flow","@id":"a5506f4b-113f-4713-95c3-c819dde6e48b","name":"Nickel","categoryPath":["Elementary flows","Emission to air","unspecified"],"flowType":"ELEMENTARY_FLOW","refUnit":"kg"}},{"@type":"Exchange","avoidedProduct":false,"input":false,"amount":0.70184717,"internalId":107,"flow":{"@type":"Flow","@id":"49a41a2d-2f1c-463f-b844-eda304d847b3","name":"Radioactive species, unspecified","categoryPath":["Elementary flows","Emission to air","unspecified"],"flowType":"ELEMENTARY_FLOW","refUnit":"kBq"},"flowProperty":{"@type":"FlowProperty","@id":"93a60a56-a3c8-17da-a746-0800200c9a66","name":"Radioactivity","categoryPath":["Technical flow properties"]}},{"@type":"Exchange","avoidedProduct":false,"input":true,"amount":0.001773215,"internalId":42,"flow":{"@type":"Flow","@id":"e172c6be-544f-35bf-af17-8acc23bf67f5","name":"CUTOFF Disposal, coal ash, to uns. beneficial use","categoryPath":["CUTOFF Flows"],"flowType":"PRODUCT_FLOW","location":"RNA","refUnit":"kg"},"flowProperty":{"@type":"FlowProperty","@id":"93a60a56-a3c8-11da-a746-0800200b9a66","name":"Mass","categoryPath":["Technical flow properties"]}},{"@type":"Exchange","avoidedProduct":false,"input":false,"amount":1.28E-7,"internalId":109,"flow":{"@type":"Flow","@id":"0d9f52b2-f2d5-46a3-90a3-e22ef252cc37","name":"Strontium","categoryPath":["Elementary flows","Emission to air","unspecified"],"flowType":"ELEMENTARY_FLOW","refUnit":"kg"},"flowProperty":{"@type":"FlowProperty","@id":"93a60a56-a3c8-11da-a746-0800200b9a66","name":"Mass","categoryPath":["Technical flow properties"]}},{"@type":"Exchange","avoidedProduct":false,"input":true,"amount":0.003531877,"description":"For self-generated hydro. i.e.: Electricity, hydropower, at run-of-river power plant","internalId":30,"flow":{"@type":"Flow","@id":"d5241b60-0466-35be-9d7d-9305a2f00479","name":"CUTOFF Electricity, hydropower, at run-of-river power plant","categoryPath":["CUTOFF Flows"],"flowType":"PRODUCT_FLOW","location":"RNA","refUnit":"MJ"},"flowProperty":{"@type":"FlowProperty","@id":"f6811440-ee37-11de-8a39-0800200c9a66","name":"Energy","categoryPath":["Technical flow properties"]}},{"@type":"Exchange","avoidedProduct":false,"input":false,"amount":1.75E-7,"internalId":121,"flow":{"@type":"Flow","@id":"2a51889e-9264-45df-9753-64c25a755d9e","name":"Ethene, chloro-","categoryPath":["Elementary flows","Emission to air","unspecified"],"flowType":"ELEMENTARY_FLOW","refUnit":"kg"},"flowProperty":{"@type":"FlowProperty","@id":"93a60a56-a3c8-11da-a746-0800200b9a66","name":"Mass","categoryPath":["Technical flow properties"]}},{"@type":"Exchange","avoidedProduct":false,"input":true,"amount":7.06402E-4,"description":"Proxy for strength agents, recognizing this process is for wood products and not paper products.","internalId":149,"flow":{"@type":"Flow","@id":"cfbc5b82-c59c-330b-a12a-134699842889","name":"Melamine urea formaldehyde resin, neat, 60% solids","categoryPath":["Wood Product Manufacturing","Chemical Manufacturing"],"flowType":"PRODUCT_FLOW","location":"RNA","refUnit":"kg"},"flowProperty":{"@type":"FlowProperty","@id":"93a60a56-a3c8-11da-a746-0800200b9a66","name":"Mass","categoryPath":["Technical flow properties"]}},{"@type":"Exchange","avoidedProduct":false,"input":false,"amount":8.65E-7,"internalId":70,"flow":{"@type":"Flow","@id":"63e7d747-8549-11e0-9d78-0800200c9a66","name":"Fluoride","categoryPath":["Elementary flows","Emission to air","unspecified"],"flowType":"ELEMENTARY_FLOW","refUnit":"kg"},"flowProperty":{"@type":"FlowProperty","@id":"93a60a56-a3c8-11da-a746-0800200b9a66","name":"Mass","categoryPath":["Technical flow properties"]}},{"@type":"Exchange","avoidedProduct":false,"input":false,"amount":3.42E-6,"internalId":119,"flow":{"@type":"Flow","@id":"fbf6ab3a-74e3-4cbe-b61d-959728bdce46","name":"Chloroform","categoryPath":["Elementary flows","Emission to air","unspecified"],"flowType":"ELEMENTARY_FLOW","refUnit":"kg"},"flowProperty":{"@type":"FlowProperty","@id":"93a60a56-a3c8-11da-a746-0800200b9a66","name":"Mass","categoryPath":["Technical flow properties"]}},{"@type":"Exchange","avoidedProduct":false,"input":false,"amount":4.42E-7,"internalId":81,"flow":{"@type":"Flow","@id":"8e123669-94d3-41d8-9480-a79211fe7c43","name":"Lead","categoryPath":["Elementary flows","Emission to air","unspecified"],"flowType":"ELEMENTARY_FLOW","refUnit":"kg"}},{"@type":"Exchange","avoidedProduct":false,"input":false,"amount":1.09E-6,"internalId":82,"flow":{"@type":"Flow","@id":"aeefa758-5f4f-4bb4-a28a-4075e81f2fde","name":"Magnesium","categoryPath":["Elementary flows","Emission to air","unspecified"],"flowType":"ELEMENTARY_FLOW","refUnit":"kg"},"flowProperty":{"@type":"FlowProperty","@id":"93a60a56-a3c8-11da-a746-0800200b9a66","name":"Mass","categoryPath":["Technical flow properties"]}},{"@type":"Exchange","avoidedProduct":false,"input":false,"amount":7.56E-10,"internalId":40,"flow":{"@type":"Flow","@id":"adc8a0ac-f701-4bd3-ab46-13a758350985","name":"Bromoform","categoryPath":["Elementary flows","Emission to air","unspecified"],"flowType":"ELEMENTARY_FLOW","refUnit":"kg"},"flowProperty":{"@type":"FlowProperty","@id":"93a60a56-a3c8-11da-a746-0800200b9a66","name":"Mass","categoryPath":["Technical flow properties"]}},{"@type":"Exchange","avoidedProduct":false,"input":false,"amount":4.45E-10,"internalId":104,"flow":{"@type":"Flow","@id":"64165202-4870-47d0-8602-b85e5d672865","name":"Propene","categoryPath":["Elementary flows","Emission to air","unspecified"],"flowType":"ELEMENTARY_FLOW","refUnit":"kg"},"flowProperty":{"@type":"FlowProperty","@id":"93a60a56-a3c8-11da-a746-0800200b9a66","name":"Mass","categoryPath":["Technical flow properties"]}},{"@type":"Exchange","avoidedProduct":false,"input":true,"amount":0.775293187,"internalId":151,"flow":{"@type":"Flow","@id":"caca451d-e5df-4bf4-91f8-2c4be75af6dc","name":"Steam, purchased by containerboard mills","categoryPath":["Utilities","Steam and Air-Conditioning Supply"],"flowType":"PRODUCT_FLOW","refUnit":"MJ"},"flowProperty":{"@type":"FlowProperty","@id":"f6811440-ee37-11de-8a39-0800200c9a66","name":"Energy","categoryPath":["Technical flow properties"]}},{"@type":"Exchange","avoidedProduct":false,"input":true,"amount":0.01418834,"description":"For energy requirements: purchased: 0.006649412 kg, self-generated: 0.003550538 kg","internalId":25,"flow":{"@type":"Flow","@id":"28a1f858-bf65-35b1-ae67-2acb9d16698d","name":"Forest residue, processed and loaded, at landing system","categoryPath":["Forestry and Logging","Logging"],"flowType":"PRODUCT_FLOW","location":"RNA","refUnit":"kg"},"flowProperty":{"@type":"FlowProperty","@id":"93a60a56-a3c8-11da-a746-0800200b9a66","name":"Mass","categoryPath":["Technical flow properties"]}},{"@type":"Exchange","avoidedProduct":false,"input":false,"amount":6.63E-9,"internalId":72,"flow":{"@type":"Flow","@id":"04f42988-6207-4d09-a91f-155be8d27eb0","name":"Benzene, hexachloro-","categoryPath":["Elementary flows","Emission to air","unspecified"],"flowType":"ELEMENTARY_FLOW","refUnit":"kg"},"flowProperty":{"@type":"FlowProperty","@id":"93a60a56-a3c8-11da-a746-0800200b9a66","name":"Mass","categoryPath":["Technical flow properties"]}},{"@type":"Exchange","avoidedProduct":false,"input":false,"amount":3.3E-11,"internalId":38,"flow":{"@type":"Flow","@id":"7ae371a7-8532-11e0-9d78-0800200c9a66","name":"Biphenyl","categoryPath":["Elementary flows","Emission to air","unspecified"],"flowType":"ELEMENTARY_FLOW","refUnit":"kg"},"flowProperty":{"@type":"FlowProperty","@id":"93a60a56-a3c8-11da-a746-0800200b9a66","name":"Mass","categoryPath":["Technical flow properties"]}},{"@type":"Exchange","avoidedProduct":false,"input":true,"amount":0.029177659,"description":"Calculated as total intake - cooling. Energy for treating water is included in the unit process.","internalId":161,"flow":{"@type":"Flow","@id":"843b4232-c855-31e6-9669-29fa203b45a9","name":"Water, process, unspecified natural origin","categoryPath":["Elementary flows"],"flowType":"ELEMENTARY_FLOW","refUnit":"kg"},"flowProperty":{"@type":"FlowProperty","@id":"93a60a56-a3c8-11da-a746-0800200b9a66","name":"Mass","categoryPath":["Technical flow properties"]}},{"@type":"Exchange","avoidedProduct":false,"input":false,"amount":4.73E-8,"internalId":54,"flow":{"@type":"Flow","@id":"e142b577-e934-4085-9a07-3983d4d92afb","name":"Chromium","categoryPath":["Elementary flows","Emission to air","unspecified"],"flowType":"ELEMENTARY_FLOW","refUnit":"kg"}},{"@type":"Exchange","avoidedProduct":false,"input":false,"amount":3.29E-6,"internalId":26,"flow":{"@type":"Flow","@id":"d896ced7-a107-4017-b284-d95a8ef3e735","name":"Acrolein","categoryPath":["Elementary flows","Emission to air","unspecified"],"flowType":"ELEMENTARY_FLOW","refUnit":"kg"},"flowProperty":{"@type":"FlowProperty","@id":"93a60a56-a3c8-11da-a746-0800200b9a66","name":"Mass","categoryPath":["Technical flow properties"]}},{"@type":"Exchange","avoidedProduct":false,"input":true,"amount":1.1E-7,"internalId":33,"flow":{"@type":"Flow","@id":"813325ee-9eb4-3825-9280-bee7b1a2e9a8","name":"Liquefied petroleum gas, at refinery","categoryPath":["Petroleum and Coal Products Manufacturing","Petroleum Refineries"],"flowType":"PRODUCT_FLOW","location":"RNA","refUnit":"m3"},"flowProperty":{"@type":"FlowProperty","@id":"93a60a56-a3c8-22da-a746-0800200c9a66","name":"Volume","categoryPath":["Technical flow properties"]}},{"@type":"Exchange","avoidedProduct":false,"input":true,"amount":6.01E-5,"internalId":6,"flow":{"@type":"Flow","@id":"86b3dfe0-cad5-46c9-971f-630d2e0b45bd","name":"CUTOFF Pitch despergents, in paper production","categoryPath":["CUTOFF Flows"],"flowType":"PRODUCT_FLOW","refUnit":"kg"},"flowProperty":{"@type":"FlowProperty","@id":"93a60a56-a3c8-11da-a746-0800200b9a66","name":"Mass","categoryPath":["Technical flow properties"]}},{"@type":"Exchange","avoidedProduct":false,"input":false,"amount":7.39E-8,"internalId":133,"flow":{"@type":"Flow","@id":"2f100cfa-4feb-45e9-a43a-357128228889","name":"Copper","categoryPath":["Elementary flows","Emission to water","unspecified"],"flowType":"ELEMENTARY_FLOW","refUnit":"kg"}},{"@type":"Exchange","avoidedProduct":false,"input":false,"amount":3.312271987,"internalId":124,"flow":{"@type":"Flow","@id":"8864b4ad-7348-469e-b2d3-48610ffd4fca","name":"Water","categoryPath":["Elementary flows","Emission to air","unspecified"],"flowType":"ELEMENTARY_FLOW","refUnit":"kg"},"flowProperty":{"@type":"FlowProperty","@id":"93a60a56-a3c8-11da-a746-0800200b9a66","name":"Mass","categoryPath":["Technical flow properties"]}},{"@type":"Exchange","avoidedProduct":false,"input":false,"amount":2.0E-9,"internalId":113,"flow":{"@type":"Flow","@id":"18aa2daa-0188-4328-b24b-1ad1398ecf81","name":"Thallium","categoryPath":["Elementary flows","Emission to air","unspecified"],"flowType":"ELEMENTARY_FLOW","refUnit":"kg"},"flowProperty":{"@type":"FlowProperty","@id":"93a60a56-a3c8-11da-a746-0800200b9a66","name":"Mass","categoryPath":["Technical flow properties"]}},{"@type":"Exchange","avoidedProduct":false,"input":false,"amount":3.16E-6,"internalId":105,"flow":{"@type":"Flow","@id":"555aed47-6c62-4cbe-b9b8-d01229284c8a","name":"Propanal","categoryPath":["Elementary flows","Emission to air","unspecified"],"flowType":"ELEMENTARY_FLOW","refUnit":"kg"},"flowProperty":{"@type":"FlowProperty","@id":"93a60a56-a3c8-11da-a746-0800200b9a66","name":"Mass","categoryPath":["Technical flow properties"]}},{"@type":"Exchange","avoidedProduct":false,"input":true,"amount":0.003641198,"internalId":2,"flow":{"@type":"Flow","@id":"0f797f27-2207-3571-84cc-0835a943be09","name":"Soda powder, at plant","categoryPath":["Chemical Manufacturing","All Other Basic Inorganic Chemical Manufacturing"],"flowType":"PRODUCT_FLOW","location":"RNA","refUnit":"kg"},"flowProperty":{"@type":"FlowProperty","@id":"93a60a56-a3c8-11da-a746-0800200b9a66","name":"Mass","categoryPath":["Technical flow properties"]}},{"@type":"Exchange","avoidedProduct":false,"input":false,"amount":1.2E-7,"internalId":18,"flow":{"@type":"Flow","@id":"1f4afa32-a9a2-40da-8396-104452cb637f","name":"Acenaphthene","categoryPath":["Elementary flows","Emission to air","unspecified"],"flowType":"ELEMENTARY_FLOW","refUnit":"kg"},"flowProperty":{"@type":"FlowProperty","@id":"93a60a56-a3c8-11da-a746-0800200b9a66","name":"Mass","categoryPath":["Technical flow properties"]}},{"@type":"Exchange","avoidedProduct":false,"input":false,"amount":1.49E-7,"internalId":19,"flow":{"@type":"Flow","@id":"ce6294f5-2ed7-46ee-a967-33e265e34455","name":"Ethane, 1,1,1-trichloro-, HCFC-140","categoryPath":["Elementary flows","Emission to air","unspecified"],"flowType":"ELEMENTARY_FLOW","refUnit":"kg"},"flowProperty":{"@type":"FlowProperty","@id":"93a60a56-a3c8-11da-a746-0800200b9a66","name":"Mass","categoryPath":["Technical flow properties"]}},{"@type":"Exchange","avoidedProduct":false,"input":false,"amount":7.48E-9,"internalId":61,"flow":{"@type":"Flow","@id":"432a3326-73f8-4752-bc4d-06b7b4b1243c","name":"Methane, dichloro-, HCC-30","categoryPath":["Elementary flows","Emission to air","unspecified"],"flowType":"ELEMENTARY_FLOW","refUnit":"kg"},"flowProperty":{"@type":"FlowProperty","@id":"93a60a56-a3c8-11da-a746-0800200b9a66","name":"Mass","categoryPath":["Technical flow properties"]}},{"@type":"Exchange","avoidedProduct":false,"input":false,"amount":2.06E-7,"internalId":51,"flow":{"@type":"Flow","@id":"18ea247b-edc2-43fe-89bd-cedd04102bcc","name":"Methane, monochloro-, R-40","categoryPath":["Elementary flows","Emission to air","unspecified"],"flowType":"ELEMENTARY_FLOW","refUnit":"kg"},"flowProperty":{"@type":"FlowProperty","@id":"93a60a56-a3c8-11da-a746-0800200b9a66","name":"Mass","categoryPath":["Technical flow properties"]}},{"@type":"Exchange","avoidedProduct":false,"input":false,"amount":4.21E-6,"internalId":84,"flow":{"@type":"Flow","@id":"7ae398b8-8532-11e0-9d78-0800200c9a66","name":"Mercaptans, unspecified","categoryPath":["Elementary flows","Emission to air","unspecified"],"flowType":"ELEMENTARY_FLOW","refUnit":"kg"},"flowProperty":{"@type":"FlowProperty","@id":"93a60a56-a3c8-11da-a746-0800200b9a66","name":"Mass","categoryPath":["Technical flow properties"]}},{"@type":"Exchange","avoidedProduct":false,"input":false,"amount":4.97E-7,"internalId":83,"flow":{"@type":"Flow","@id":"295060ba-3c3d-45e4-99ca-e17b1204b553","name":"Manganese","categoryPath":["Elementary flows","Emission to air","unspecified"],"flowType":"ELEMENTARY_FLOW","refUnit":"kg"},"flowProperty":{"@type":"FlowProperty","@id":"93a60a56-a3c8-11da-a746-0800200b9a66","name":"Mass","categoryPath":["Technical flow properties"]}},{"@type":"Exchange","avoidedProduct":false,"input":false,"amount":4.27E-10,"internalId":50,"flow":{"@type":"Flow","@id":"63e7892d-8549-11e0-9d78-0800200c9a66","name":"Benzene, chloro-","categoryPath":["Elementary flows","Emission to air","unspecified"],"flowType":"ELEMENTARY_FLOW","refUnit":"kg"},"flowProperty":{"@type":"FlowProperty","@id":"93a60a56-a3c8-11da-a746-0800200b9a66","name":"Mass","categoryPath":["Technical flow properties"]}},{"@type":"Exchange","avoidedProduct":false,"input":false,"amount":5.08E-6,"internalId":110,"flow":{"@type":"Flow","@id":"9cec94a2-e7fe-43f4-82f4-293c477f86dc","name":"Styrene","categoryPath":["Elementary flows","Emission to air","unspecified"],"flowType":"ELEMENTARY_FLOW","refUnit":"kg"},"flowProperty":{"@type":"FlowProperty","@id":"93a60a56-a3c8-11da-a746-0800200b9a66","name":"Mass","categoryPath":["Technical flow properties"]}},{"@type":"Exchange","avoidedProduct":false,"input":true,"amount":0.001835247494,"description":"Equal to output of cooling water. Energy for treating water is included in the unit process.","internalId":160,"flow":{"@type":"Flow","@id":"c2d8e7d5-ec0f-3ff2-af10-9aa1d8ca7a8e","name":"Water, cooling, unspecified natural origin","categoryPath":["resource","in water"],"flowType":"ELEMENTARY_FLOW","refUnit":"m3"},"flowProperty":{"@type":"FlowProperty","@id":"93a60a56-a3c8-22da-a746-0800200c9a66","name":"Volume","categoryPath":["Technical flow properties"]}},{"@type":"Exchange","avoidedProduct":false,"input":false,"amount":4.64E-11,"internalId":137,"flow":{"@type":"Flow","@id":"9325957a-bee5-4f2d-8bd1-458729c5e49e","name":"Mercury","categoryPath":["Elementary flows","Emission to water","unspecified"],"flowType":"ELEMENTARY_FLOW","refUnit":"kg"},"flowProperty":{"@type":"FlowProperty","@id":"93a60a56-a3c8-11da-a746-0800200b9a66","name":"Mass","categoryPath":["Technical flow properties"]}},{"@type":"Exchange","avoidedProduct":false,"input":false,"amount":1.67E-9,"internalId":93,"flow":{"@type":"Flow","@id":"314d7cdc-1a84-48bc-97f5-ad8ed323bfab","name":"Naphthalene","categoryPath":["Elementary flows","Emission to air","unspecified"],"flowType":"ELEMENTARY_FLOW","refUnit":"kg"},"flowProperty":{"@type":"FlowProperty","@id":"93a60a56-a3c8-11da-a746-0800200b9a66","name":"Mass","categoryPath":["Technical flow properties"]}},{"@type":"Exchange","avoidedProduct":false,"input":false,"amount":7.56E-9,"internalId":42,"flow":{"@type":"Flow","@id":"d3709c7e-7c61-45a4-92e4-f7cf95ebe3a2","name":"Methyl ethyl ketone","categoryPath":["Elementary flows","Emission to air","unspecified"],"flowType":"ELEMENTARY_FLOW","refUnit":"kg"},"flowProperty":{"@type":"FlowProperty","@id":"93a60a56-a3c8-11da-a746-0800200b9a66","name":"Mass","categoryPath":["Technical flow properties"]}},{"@type":"Exchange","avoidedProduct":false,"input":false,"amount":9.23E-9,"internalId":53,"flow":{"@type":"Flow","@id":"81e17d9a-3e0b-414e-9b2e-eca7e5b3bd4a","name":"Chromium VI","categoryPath":["Elementary flows","Emission to air","unspecified"],"flowType":"ELEMENTARY_FLOW","refUnit":"kg"}},{"@type":"Exchange","avoidedProduct":false,"input":false,"amount":5.06E-7,"internalId":101,"flow":{"@type":"Flow","@id":"d761f94e-517d-41cf-89fa-17dc72f7a69b","name":"Phosphorus","categoryPath":["Elementary flows","Emission to air","unspecified"],"flowType":"ELEMENTARY_FLOW","refUnit":"kg"},"flowProperty":{"@type":"FlowProperty","@id":"93a60a56-a3c8-11da-a746-0800200b9a66","name":"Mass","categoryPath":["Technical flow properties"]}},{"@type":"Exchange","avoidedProduct":false,"input":false,"amount":1.38E-11,"internalId":68,"flow":{"@type":"Flow","@id":"25caf528-ad96-4bed-b053-b232cf93afcd","name":"Fluoranthene","categoryPath":["Elementary flows","Emission to air","unspecified"],"flowType":"ELEMENTARY_FLOW","refUnit":"kg"},"flowProperty":{"@type":"FlowProperty","@id":"93a60a56-a3c8-11da-a746-0800200b9a66","name":"Mass","categoryPath":["Technical flow properties"]}},{"@type":"Exchange","avoidedProduct":false,"input":false,"amount":4.85E-12,"internalId":22,"flow":{"@type":"Flow","@id":"63e76212-8549-11e0-9d78-0800200c9a66","name":"Acenaphthylene","categoryPath":["Elementary flows","Emission to air","unspecified"],"flowType":"ELEMENTARY_FLOW","refUnit":"kg"},"flowProperty":{"@type":"FlowProperty","@id":"93a60a56-a3c8-11da-a746-0800200b9a66","name":"Mass","categoryPath":["Technical flow properties"]}},{"@type":"Exchange","avoidedProduct":false,"input":false,"amount":1.36E-10,"internalId":154,"flow":{"@type":"Flow","@id":"a6948921-d5ca-4770-ba23-99047a15f553","name":"2-Chloro-1-phenylethanone","categoryPath":["Elementary flows","Emission to air","unspecified"],"flowType":"ELEMENTARY_FLOW","refUnit":"kg"},"flowProperty":{"@type":"FlowProperty","@id":"93a60a56-a3c8-11da-a746-0800200b9a66","name":"Mass","categoryPath":["Technical flow properties"]}},{"@type":"Exchange","avoidedProduct":false,"input":false,"amount":1.21224E-4,"internalId":64,"flow":{"@type":"Flow","@id":"b967e1bf-f09b-4c89-8740-ace21db47bba","name":"Particulates, \u003e 2.5 um, and \u003c 10um","categoryPath":["Elementary flows","Emission to air","unspecified"],"flowType":"ELEMENTARY_FLOW","refUnit":"kg"}},{"@type":"Exchange","avoidedProduct":false,"input":false,"amount":2.33E-11,"internalId":20,"flow":{"@type":"Flow","@id":"8aa9184d-fa90-4048-a84e-4d8e7a34aca1","name":"Ethane, 1,2-dibromo-","categoryPath":["Elementary flows","Emission to air","unspecified"],"flowType":"ELEMENTARY_FLOW","refUnit":"kg"},"flowProperty":{"@type":"FlowProperty","@id":"93a60a56-a3c8-11da-a746-0800200b9a66","name":"Mass","categoryPath":["Technical flow properties"]}},{"@type":"Exchange","avoidedProduct":false,"input":true,"amount":0.005522751,"description":"Includes a variety of papermaking fillers.","internalId":48,"flow":{"@type":"Flow","@id":"21c2c8b8-5d77-38a8-bb2e-4d4fc20dc1e7","name":"CUTOFF Unspecified additive","categoryPath":["CUTOFF Flows"],"flowType":"PRODUCT_FLOW","location":"RNA","refUnit":"kg"},"flowProperty":{"@type":"FlowProperty","@id":"93a60a56-a3c8-11da-a746-0800200b9a66","name":"Mass","categoryPath":["Technical flow properties"]}},{"@type":"Exchange","avoidedProduct":false,"input":false,"amount":5.52E-5,"internalId":74,"flow":{"@type":"Flow","@id":"c941d6d0-a56c-4e6c-95de-ac685635218d","name":"Hydrogen chloride","categoryPath":["Elementary flows","Emission to air","unspecified"],"flowType":"ELEMENTARY_FLOW","refUnit":"kg"}},{"@type":"Exchange","avoidedProduct":false,"input":true,"amount":0.056056884,"description":"northern HWD chips, dry mass.  Wood (logs and chips) usage in the process is distrubuted as follows: 51% ends up in pulp, 11% in self-generated hogged fuel, and 37% in black liquor.","internalId":36,"flow":{"@type":"Flow","@id":"de3af1d1-ce3e-329c-9ca7-6323adb9f172","name":"Wood chips, hardwood, green, at sawmill, NE-NC","categoryPath":["Wood Product Manufacturing","Sawmills"],"flowType":"PRODUCT_FLOW","location":"RNA","refUnit":"kg"},"flowProperty":{"@type":"FlowProperty","@id":"93a60a56-a3c8-11da-a746-0800200b9a66","name":"Mass","categoryPath":["Technical flow properties"]}},{"@type":"Exchange","avoidedProduct":false,"input":true,"amount":0.013894319,"internalId":13,"flow":{"@type":"Flow","@id":"bc244728-2153-3f18-bba5-550b1e8066f0","name":"CUTOFF Disposal, wastewater treatment plant residuals, to uns. land application","categoryPath":["CUTOFF Flows"],"flowType":"PRODUCT_FLOW","location":"RNA","refUnit":"kg"},"flowProperty":{"@type":"FlowProperty","@id":"93a60a56-a3c8-11da-a746-0800200b9a66","name":"Mass","categoryPath":["Technical flow properties"]}},{"@type":"Exchange","avoidedProduct":false,"input":false,"amount":3.03E-7,"internalId":127,"flow":{"@type":"Flow","@id":"7e246e3a-5cff-43fc-a8e6-02d191424559","name":"Barium","categoryPath":["Elementary flows","Emission to air","unspecified"],"flowType":"ELEMENTARY_FLOW","refUnit":"kg"},"flowProperty":{"@type":"FlowProperty","@id":"93a60a56-a3c8-11da-a746-0800200b9a66","name":"Mass","categoryPath":["Technical flow properties"]}},{"@type":"Exchange","avoidedProduct":true,"input":true,"amount":0.015558472,"description":"Produced as byproduct of containerboard production. Sold i.e., not used on site. Allocation set to 0%.","internalId":11,"flow":{"@type":"Flow","@id":"61615967-3277-36c4-804a-010b5711b401","name":"Tall oil, from industry-average containerboard","categoryPath":["Paper Manufacturing","Pulp, Paper, and Paperboard Mills"],"flowType":"PRODUCT_FLOW","location":"US","refUnit":"kg"},"flowProperty":{"@type":"FlowProperty","@id":"93a60a56-a3c8-11da-a746-0800200b9a66","name":"Mass","categoryPath":["Technical flow properties"]}},{"@type":"Exchange","avoidedProduct":false,"input":true,"amount":0.014409805,"description":"i.e.: Disposal, wood ash mixture, pure, 0% water, to sanitary landfill","internalId":21,"flow":{"@type":"Flow","@id":"afd4c345-5431-305a-b95b-6c33e7843c11","name":"CUTOFF Disposal, wood ash mixture, pure, 0% water, to sanitary landfill","categoryPath":["CUTOFF Flows"],"flowType":"PRODUCT_FLOW","location":"RNA","refUnit":"kg"},"flowProperty":{"@type":"FlowProperty","@id":"93a60a56-a3c8-11da-a746-0800200b9a66","name":"Mass","categoryPath":["Technical flow properties"]}},{"@type":"Exchange","avoidedProduct":false,"input":false,"amount":4.68E-5,"internalId":23,"flow":{"@type":"Flow","@id":"e3e8f6a2-c45e-4685-9859-698b2eadaf5b","name":"Acetaldehyde","categoryPath":["Elementary flows","Emission to air","unspecified"],"flowType":"ELEMENTARY_FLOW","refUnit":"kg"},"flowProperty":{"@type":"FlowProperty","@id":"93a60a56-a3c8-11da-a746-0800200b9a66","name":"Mass","categoryPath":["Technical flow properties"]}},{"@type":"Exchange","avoidedProduct":false,"input":false,"amount":1.47E-10,"internalId":120,"flow":{"@type":"Flow","@id":"1d444a45-70c4-4718-8427-1c0fff91f88e","name":"Vinyl acetate","categoryPath":["Elementary flows","Emission to air","unspecified"],"flowType":"ELEMENTARY_FLOW","refUnit":"kg"},"flowProperty":{"@type":"FlowProperty","@id":"93a60a56-a3c8-11da-a746-0800200b9a66","name":"Mass","categoryPath":["Technical flow properties"]}},{"@type":"Exchange","avoidedProduct":false,"input":false,"amount":6.03E-8,"internalId":59,"flow":{"@type":"Flow","@id":"d3e038e1-728c-4dea-ac30-c9abbbfcbc84","name":"Cyanide","categoryPath":["Elementary flows","Emission to air","unspecified"],"flowType":"ELEMENTARY_FLOW","refUnit":"kg"},"flowProperty":{"@type":"FlowProperty","@id":"93a60a56-a3c8-11da-a746-0800200b9a66","name":"Mass","categoryPath":["Technical flow properties"]}},{"@type":"Exchange","avoidedProduct":false,"input":false,"amount":1.6E-7,"internalId":116,"flow":{"@type":"Flow","@id":"b15d845f-810e-4614-8633-af8bab2014ee","name":"Titanium","categoryPath":["Elementary flows","Emission to air","unspecified"],"flowType":"ELEMENTARY_FLOW","refUnit":"kg"},"flowProperty":{"@type":"FlowProperty","@id":"93a60a56-a3c8-11da-a746-0800200b9a66","name":"Mass","categoryPath":["Technical flow properties"]}},{"@type":"Exchange","avoidedProduct":false,"input":true,"amount":0.005420122,"description":"i.e. : Maize starch, at plant","internalId":22,"flow":{"@type":"Flow","@id":"30f21ee9-1057-3485-8548-8d7c4abd799a","name":"CUTOFF Maize starch, at plant","categoryPath":["CUTOFF Flows"],"flowType":"PRODUCT_FLOW","location":"RNA","refUnit":"kg"},"flowProperty":{"@type":"FlowProperty","@id":"93a60a56-a3c8-11da-a746-0800200b9a66","name":"Mass","categoryPath":["Technical flow properties"]}},{"@type":"Exchange","avoidedProduct":false,"input":false,"amount":2.37E-12,"internalId":55,"flow":{"@type":"Flow","@id":"52e025e9-aa34-4157-9e19-10b8205974da","name":"Chrysene","categoryPath":["Elementary flows","Emission to air","unspecified"],"flowType":"ELEMENTARY_FLOW","refUnit":"kg"},"flowProperty":{"@type":"FlowProperty","@id":"93a60a56-a3c8-11da-a746-0800200b9a66","name":"Mass","categoryPath":["Technical flow properties"]}},{"@type":"Exchange","avoidedProduct":false,"input":false,"amount":1.23E-7,"internalId":143,"flow":{"@type":"Flow","@id":"63e8256e-8549-11e0-9d78-0800200c9a66","name":"Vanadium","categoryPath":["Elementary flows","Emission to water","unspecified"],"flowType":"ELEMENTARY_FLOW","refUnit":"kg"},"flowProperty":{"@type":"FlowProperty","@id":"93a60a56-a3c8-11da-a746-0800200b9a66","name":"Mass","categoryPath":["Technical flow properties"]}},{"@type":"Exchange","avoidedProduct":false,"input":false,"amount":1.33E-10,"internalId":66,"flow":{"@type":"Flow","@id":"7ae398c3-8532-11e0-9d78-0800200c9a66","name":"Particulates, unspecified","categoryPath":["Elementary flows","Emission to air","unspecified"],"flowType":"ELEMENTARY_FLOW","refUnit":"kg"}},{"@type":"Exchange","avoidedProduct":false,"input":true,"amount":1.27237E-4,"description":"i.e. : Sulphate pulp, unbleached, at plant","internalId":9,"flow":{"@type":"Flow","@id":"8cfb2070-ca25-3a96-adb9-e739e8cbb371","name":"CUTOFF Sulphate pulp, unbleached, at plant","categoryPath":["CUTOFF Flows"],"flowType":"PRODUCT_FLOW","location":"RNA","refUnit":"kg"},"flowProperty":{"@type":"FlowProperty","@id":"93a60a56-a3c8-11da-a746-0800200b9a66","name":"Mass","categoryPath":["Technical flow properties"]}},{"@type":"Exchange","avoidedProduct":false,"input":true,"amount":0.004159036,"internalId":40,"flow":{"@type":"Flow","@id":"30d30f91-5673-3541-a025-e4a2df5362a4","name":"CUTOFF Recycled non-deinked pulp","categoryPath":["CUTOFF Flows"],"flowType":"PRODUCT_FLOW","location":"RNA","refUnit":"kg"},"flowProperty":{"@type":"FlowProperty","@id":"93a60a56-a3c8-11da-a746-0800200b9a66","name":"Mass","categoryPath":["Technical flow properties"]}},{"@type":"Exchange","avoidedProduct":false,"input":false,"amount":8.85E-5,"internalId":24,"flow":{"@type":"Flow","@id":"f3d5fd96-8805-4d3d-867a-5df27975b07f","name":"Acetone","categoryPath":["Elementary flows","Emission to air","unspecified"],"flowType":"ELEMENTARY_FLOW","refUnit":"kg"},"flowProperty":{"@type":"FlowProperty","@id":"93a60a56-a3c8-11da-a746-0800200b9a66","name":"Mass","categoryPath":["Technical flow properties"]}},{"@type":"Exchange","avoidedProduct":false,"input":true,"amount":0.006307604,"internalId":47,"flow":{"@type":"Flow","@id":"25c92e85-9c6c-3973-b259-0bbde2c3fa70","name":"CUTOFF Disposal, other solid waste from plant, to uns. incinerator","categoryPath":["CUTOFF Flows"],"flowType":"PRODUCT_FLOW","location":"RNA","refUnit":"kg"},"flowProperty":{"@type":"FlowProperty","@id":"93a60a56-a3c8-11da-a746-0800200b9a66","name":"Mass","categoryPath":["Technical flow properties"]}},{"@type":"Exchange","avoidedProduct":false,"input":true,"amount":2.62E-6,"internalId":3,"flow":{"@type":"Flow","@id":"f7c00d19-9601-373a-ba23-593e251b4dee","name":"Residual fuel oil, at refinery","categoryPath":["Petroleum and Coal Products Manufacturing","Petroleum Refineries"],"flowType":"PRODUCT_FLOW","location":"RNA","refUnit":"m3"},"flowProperty":{"@type":"FlowProperty","@id":"93a60a56-a3c8-22da-a746-0800200c9a66","name":"Volume","categoryPath":["Technical flow properties"]}},{"@type":"Exchange","avoidedProduct":false,"input":false,"amount":6.21E-7,"internalId":108,"flow":{"@type":"Flow","@id":"454c61fd-c52b-4a04-9731-f141bb7b5264","name":"Selenium","categoryPath":["Elementary flows","Emission to air","unspecified"],"flowType":"ELEMENTARY_FLOW","refUnit":"kg"},"flowProperty":{"@type":"FlowProperty","@id":"93a60a56-a3c8-11da-a746-0800200b9a66","name":"Mass","categoryPath":["Technical flow properties"]}},{"@type":"Exchange","avoidedProduct":false,"input":false,"amount":1.13E-8,"internalId":80,"flow":{"@type":"Flow","@id":"e7e71a5e-e401-4c99-9552-33f837d361a7","name":"Isophorone","categoryPath":["Elementary flows","Emission to air","unspecified"],"flowType":"ELEMENTARY_FLOW","refUnit":"kg"},"flowProperty":{"@type":"FlowProperty","@id":"93a60a56-a3c8-11da-a746-0800200b9a66","name":"Mass","categoryPath":["Technical flow properties"]}},{"@type":"Exchange","avoidedProduct":false,"input":true,"amount":0.012809398,"internalId":14,"flow":{"@type":"Flow","@id":"2ea46b4b-12ce-37ed-9500-def33d2e6956","name":"CUTOFF Disposal, wastewater treatment plant residuals, to uns. landfill","categoryPath":["CUTOFF Flows"],"flowType":"PRODUCT_FLOW","location":"RNA","refUnit":"kg"},"flowProperty":{"@type":"FlowProperty","@id":"93a60a56-a3c8-11da-a746-0800200b9a66","name":"Mass","categoryPath":["Technical flow properties"]}},{"@type":"Exchange","avoidedProduct":false,"input":false,"amount":1.35E-8,"internalId":56,"flow":{"@type":"Flow","@id":"f0e28a62-ddf9-4c93-af81-676a58c3f2d4","name":"Cobalt","categoryPath":["Elementary flows","Emission to air","unspecified"],"flowType":"ELEMENTARY_FLOW","refUnit":"kg"},"flowProperty":{"@type":"FlowProperty","@id":"93a60a56-a3c8-11da-a746-0800200b9a66","name":"Mass","categoryPath":["Technical flow properties"]}},{"@type":"Exchange","avoidedProduct":false,"input":false,"amount":1.36E-8,"description":"The chloromethylbenzene (a.k.a., chlorotoluene) isomer (o-, m-, and p-) mix has toxicity factors that are potentially relevant but not yet available in existing methods.","internalId":156,"flow":{"@type":"Flow","@id":"554796a9-3e88-49d7-bd12-023b8ee3f723","name":"Chloromethylbenzene","categoryPath":["Elementary flows","Emission to air","unspecified"],"flowType":"ELEMENTARY_FLOW","refUnit":"kg"},"flowProperty":{"@type":"FlowProperty","@id":"93a60a56-a3c8-11da-a746-0800200b9a66","name":"Mass","categoryPath":["Technical flow properties"]}},{"@type":"Exchange","avoidedProduct":true,"input":true,"amount":0.001208018,"description":"Produced as byproduct of containerboard production. Sold i.e., not used on site. Allocation set to 0%.","internalId":7,"flow":{"@type":"Flow","@id":"dde87dad-650a-3eb5-8494-6113235f5c54","name":"Turpentine, from industry-average containerboard (2010)","categoryPath":["Paper Manufacturing","Pulp, Paper, and Paperboard Mills"],"flowType":"PRODUCT_FLOW","location":"US","refUnit":"kg"},"flowProperty":{"@type":"FlowProperty","@id":"93a60a56-a3c8-11da-a746-0800200b9a66","name":"Mass","categoryPath":["Technical flow properties"]}},{"@type":"Exchange","avoidedProduct":false,"input":false,"amount":1.55E-12,"internalId":32,"flow":{"@type":"Flow","@id":"4d54a087-6fd2-4cb9-b1bc-3cc4659b3422","name":"Benzo(a)anthracene","categoryPath":["Elementary flows","Emission to air","unspecified"],"flowType":"ELEMENTARY_FLOW","refUnit":"kg"},"flowProperty":{"@type":"FlowProperty","@id":"93a60a56-a3c8-11da-a746-0800200b9a66","name":"Mass","categoryPath":["Technical flow properties"]}},{"@type":"Exchange","avoidedProduct":false,"input":false,"amount":6.63E-8,"internalId":132,"flow":{"@type":"Flow","@id":"63e7b036-8549-11e0-9d78-0800200c9a66","name":"Chromium","categoryPath":["Elementary flows","Emission to water","unspecified"],"flowType":"ELEMENTARY_FLOW","refUnit":"kg"}},{"@type":"Exchange","avoidedProduct":false,"input":false,"amount":1.35E-10,"internalId":134,"flow":{"@type":"Flow","@id":"63e7d74e-8549-11e0-9d78-0800200c9a66","name":"Iron","categoryPath":["Elementary flows","Emission to water","unspecified"],"flowType":"ELEMENTARY_FLOW","refUnit":"kg"}},{"@type":"Exchange","avoidedProduct":false,"input":false,"amount":2.63056E-4,"internalId":48,"flow":{"@type":"Flow","@id":"7ae371ac-8532-11e0-9d78-0800200c9a66","name":"Carbon monoxide","categoryPath":["Elementary flows","Emission to air","unspecified"],"flowType":"ELEMENTARY_FLOW","refUnit":"kg"}},{"@type":"Exchange","avoidedProduct":false,"input":true,"amount":0.119937163,"description":"Proxy for purchased hogged fuel. Self-generated hogged fuel (manufacturing) and black liquor solids are not included here but rather in total wood inputs.","internalId":152,"flow":{"@type":"Flow","@id":"789d8270-5342-3f4f-86dc-c4f963708230","name":"Bark, at  sawmill, US SE","categoryPath":["Wood Product Manufacturing","Sawmills"],"flowType":"PRODUCT_FLOW","location":"RNA","refUnit":"kg"},"flowProperty":{"@type":"FlowProperty","@id":"93a60a56-a3c8-11da-a746-0800200b9a66","name":"Mass","categoryPath":["Technical flow properties"]}},{"@type":"Exchange","avoidedProduct":false,"input":true,"amount":0.658309509,"description":"Wood logs to P\u0026P (pulp and paper) mills: 96.8% of total mass travels 145 km. Wood chips to P\u0026P mills: 95.2% of total mass travels 259 km. Recovered fiber to P\u0026P mills: 87.8% of total mass travels 201 km. Pulp to P\u0026P mills: 78.6% of total mass travels 267 km. Chemicals: 59.5% of total mass travels 208km. Residuals to management: 87.8% of total mass travels 201km. Purchased hogged fuel, other biomass: 100% of total mass travels 145km.","internalId":41,"flow":{"@type":"Flow","@id":"628c07ec-0802-39c1-ab88-1c62848ef436","name":"Transport, combination truck, diesel powered","categoryPath":["Truck Transportation","General Freight Trucking"],"flowType":"PRODUCT_FLOW","location":"RNA","refUnit":"t*km"},"flowProperty":{"@type":"FlowProperty","@id":"838aaa20-0117-11db-92e3-0800200c9a66","name":"Goods transport (mass*distance)","categoryPath":["Technical flow properties"]}},{"@type":"Exchange","avoidedProduct":false,"input":true,"amount":0.222833764,"description":"southern SWD chips.   Wood (logs and chips) usage in the process is distrubuted as follows: 51% ends up in pulp, 11% in self-generated hogged fuel, and 37% in black liquor.","internalId":44,"flow":{"@type":"Flow","@id":"327ed9bd-38ac-39ca-aeef-616f1e5df8a1","name":"Pulp chips, at sawmill, US SE","categoryPath":["Wood Product Manufacturing","Sawmills"],"flowType":"PRODUCT_FLOW","location":"RNA","refUnit":"kg"},"flowProperty":{"@type":"FlowProperty","@id":"93a60a56-a3c8-11da-a746-0800200b9a66","name":"Mass","categoryPath":["Technical flow properties"]}},{"@type":"Exchange","avoidedProduct":false,"input":false,"amount":7.91807E-4,"internalId":88,"flow":{"@type":"Flow","@id":"0ebdb68a-f50d-4b0c-ad4b-3a1104d8b454","name":"Methanol","categoryPath":["Elementary flows","Emission to air","unspecified"],"flowType":"ELEMENTARY_FLOW","refUnit":"kg"},"flowProperty":{"@type":"FlowProperty","@id":"93a60a56-a3c8-11da-a746-0800200b9a66","name":"Mass","categoryPath":["Technical flow properties"]}},{"@type":"Exchange","avoidedProduct":false,"input":true,"amount":7.23067E-4,"description":"bleached kraft market pulp","internalId":49,"flow":{"@type":"Flow","@id":"b8dc8889-932a-3517-8d7d-c663d1373227","name":"Pulp, kraft market, bleached, average production, at mill","categoryPath":["Paper Manufacturing","Pulp, Paper, and Paperboard Mills"],"flowType":"PRODUCT_FLOW","location":"RNA","refUnit":"kg"},"flowProperty":{"@type":"FlowProperty","@id":"93a60a56-a3c8-11da-a746-0800200b9a66","name":"Mass","categoryPath":["Technical flow properties"]}},{"@type":"Exchange","avoidedProduct":false,"input":false,"amount":1.18E-12,"internalId":78,"flow":{"@type":"Flow","@id":"6b6cefe7-2af4-4a03-a08a-cbc8bbbcb33b","name":"Indeno(1,2,3-cd)pyrene","categoryPath":["Elementary flows","Emission to air","unspecified"],"flowType":"ELEMENTARY_FLOW","refUnit":"kg"},"flowProperty":{"@type":"FlowProperty","@id":"93a60a56-a3c8-11da-a746-0800200b9a66","name":"Mass","categoryPath":["Technical flow properties"]}},{"@type":"Exchange","avoidedProduct":false,"input":true,"amount":0.007685505,"internalId":16,"flow":{"@type":"Flow","@id":"bf2b1e5a-4c92-3974-a2fd-a68898833086","name":"Sodium hydroxide, production mix, at plant","categoryPath":["Chemical Manufacturing","All Other Basic Inorganic Chemical Manufacturing"],"flowType":"PRODUCT_FLOW","location":"US","refUnit":"kg"},"flowProperty":{"@type":"FlowProperty","@id":"93a60a56-a3c8-11da-a746-0800200b9a66","name":"Mass","categoryPath":["Technical flow properties"]}},{"@type":"Exchange","avoidedProduct":false,"input":false,"amount":4.56E-8,"internalId":115,"flow":{"@type":"Flow","@id":"2a7b68ff-f12a-44c6-8b31-71ec91d29889","name":"Tin","categoryPath":["Elementary flows","Emission to air","unspecified"],"flowType":"ELEMENTARY_FLOW","refUnit":"kg"},"flowProperty":{"@type":"FlowProperty","@id":"93a60a56-a3c8-11da-a746-0800200b9a66","name":"Mass","categoryPath":["Technical flow properties"]}},{"@type":"Exchange","avoidedProduct":false,"input":true,"amount":1.15E-8,"internalId":10,"flow":{"@type":"Flow","@id":"615f85cf-cb4f-3f05-8647-1433dea99d77","name":"Gasoline, at refinery","categoryPath":["Petroleum and Coal Products Manufacturing","Petroleum Refineries"],"flowType":"PRODUCT_FLOW","location":"RNA","refUnit":"m3"},"flowProperty":{"@type":"FlowProperty","@id":"93a60a56-a3c8-22da-a746-0800200c9a66","name":"Volume","categoryPath":["Technical flow properties"]}},{"@type":"Exchange","avoidedProduct":false,"input":false,"amount":6.51E-7,"internalId":57,"flow":{"@type":"Flow","@id":"ec8144d6-d123-43b1-9c17-a295422a0498","name":"Copper","categoryPath":["Elementary flows","Emission to air","unspecified"],"flowType":"ELEMENTARY_FLOW","refUnit":"kg"},"flowProperty":{"@type":"FlowProperty","@id":"93a60a56-a3c8-11da-a746-0800200b9a66","name":"Mass","categoryPath":["Technical flow properties"]}},{"@type":"Exchange","avoidedProduct":false,"input":true,"amount":8.17E-10,"internalId":29,"flow":{"@type":"Flow","@id":"dc00c2fe-903a-3dac-a0b6-a683ebf80d61","name":"Diesel, at refinery","categoryPath":["Petroleum and Coal Products Manufacturing","Petroleum Refineries"],"flowType":"PRODUCT_FLOW","location":"RNA","refUnit":"m3"},"flowProperty":{"@type":"FlowProperty","@id":"93a60a56-a3c8-22da-a746-0800200c9a66","name":"Volume","categoryPath":["Technical flow properties"]}},{"@type":"Exchange","avoidedProduct":false,"input":false,"amount":4.1E-8,"internalId":140,"flow":{"@type":"Flow","@id":"6da0e891-3648-43a5-b0cf-f1872c57db8d","name":"Oils, unspecified","categoryPath":["Elementary flows","Emission to water","unspecified"],"flowType":"ELEMENTARY_FLOW","refUnit":"kg"},"flowProperty":{"@type":"FlowProperty","@id":"93a60a56-a3c8-11da-a746-0800200b9a66","name":"Mass","categoryPath":["Technical flow properties"]}},{"@type":"Exchange","avoidedProduct":false,"input":false,"amount":7.76E-10,"internalId":157,"flow":{"@type":"Flow","@id":"03758df7-503a-400e-bc7b-ec05825761a5","name":"Ethane, 1,2-dichloro-","categoryPath":["Elementary flows","Emission to air","unspecified"],"flowType":"ELEMENTARY_FLOW","refUnit":"kg"},"flowProperty":{"@type":"FlowProperty","@id":"93a60a56-a3c8-11da-a746-0800200b9a66","name":"Mass","categoryPath":["Technical flow properties"]}},{"@type":"Exchange","avoidedProduct":false,"input":false,"amount":3.23E-6,"internalId":46,"flow":{"@type":"Flow","@id":"d94a5a1a-bc06-48fd-b6d9-7477ea65cacd","name":"Carbon disulfide","categoryPath":["Elementary flows","Emission to air","unspecified"],"flowType":"ELEMENTARY_FLOW","refUnit":"kg"},"flowProperty":{"@type":"FlowProperty","@id":"93a60a56-a3c8-11da-a746-0800200b9a66","name":"Mass","categoryPath":["Technical flow properties"]}},{"@type":"Exchange","avoidedProduct":false,"input":true,"amount":0.108565634,"internalId":23,"flow":{"@type":"Flow","@id":"bd83ce23-816f-3589-b25f-dfca03b42932","name":"Natural gas, processed, at plant","categoryPath":["Chemical Manufacturing","Petrochemical Manufacturing"],"flowType":"PRODUCT_FLOW","location":"RNA","refUnit":"m3"},"flowProperty":{"@type":"FlowProperty","@id":"93a60a56-a3c8-22da-a746-0800200c9a66","name":"Volume","categoryPath":["Technical flow properties"]}},{"@type":"Exchange","avoidedProduct":false,"input":false,"amount":1.77E-11,"internalId":69,"flow":{"@type":"Flow","@id":"05aade40-92a0-4c18-a061-588445d5af43","name":"Fluorene","categoryPath":["Elementary flows","Emission to air","unspecified"],"flowType":"ELEMENTARY_FLOW","refUnit":"kg"},"flowProperty":{"@type":"FlowProperty","@id":"93a60a56-a3c8-11da-a746-0800200b9a66","name":"Mass","categoryPath":["Technical flow properties"]}},{"@type":"Exchange","avoidedProduct":false,"input":false,"amount":6.18E-6,"internalId":128,"flow":{"@type":"Flow","@id":"a4f6341b-1762-4222-9024-bfd91f63588f","name":"AOX, Adsorbable Organic Halogen as Cl","categoryPath":["Elementary flows","Emission to water","unspecified"],"flowType":"ELEMENTARY_FLOW","refUnit":"kg"},"flowProperty":{"@type":"FlowProperty","@id":"93a60a56-a3c8-11da-a746-0800200b9a66","name":"Mass","categoryPath":["Technical flow properties"]}},{"@type":"Exchange","avoidedProduct":false,"input":true,"amount":0.00899538,"internalId":46,"flow":{"@type":"Flow","@id":"c34c4451-297f-3b5c-a15f-2c16cdb52ad9","name":"Quicklime, at plant","categoryPath":["Nonmetallic Mineral Product Manufacturing","Lime Manufacturing"],"flowType":"PRODUCT_FLOW","location":"RNA","refUnit":"kg"},"flowProperty":{"@type":"FlowProperty","@id":"93a60a56-a3c8-11da-a746-0800200b9a66","name":"Mass","categoryPath":["Technical flow properties"]}},{"@type":"Exchange","avoidedProduct":false,"input":false,"amount":1.62E-6,"internalId":125,"flow":{"@type":"Flow","@id":"5c234628-ab1e-4284-ae2b-f1c2f6883f71","name":"Xylene","categoryPath":["Elementary flows","Emission to air","unspecified"],"flowType":"ELEMENTARY_FLOW","refUnit":"kg"},"flowProperty":{"@type":"FlowProperty","@id":"93a60a56-a3c8-11da-a746-0800200b9a66","name":"Mass","categoryPath":["Technical flow properties"]}},{"@type":"Exchange","avoidedProduct":false,"input":false,"amount":5.15E-5,"internalId":97,"flow":{"@type":"Flow","@id":"20185046-64bb-4c09-a8e7-e8a9e144ca98","name":"Dinitrogen monoxide","categoryPath":["Elementary flows","Emission to air","unspecified"],"flowType":"ELEMENTARY_FLOW","refUnit":"kg"}},{"@type":"Exchange","avoidedProduct":false,"input":true,"amount":0.001284565,"description":"0.580623221  dry kg, 452 dry kg/m3. Includes bark and wood transformed in black liquor, all used for energy onsite.\r\n","internalId":35,"flow":{"@type":"Flow","@id":"c0e3d540-a27d-3cf0-a53b-9b2273ab99b1","name":"Softwood logs with bark, harvested at average intensity site, at mill, US SE","categoryPath":["Forestry and Logging","Logging"],"flowType":"PRODUCT_FLOW","location":"RNA","refUnit":"m3"},"flowProperty":{"@type":"FlowProperty","@id":"93a60a56-a3c8-22da-a746-0800200c9a66","name":"Volume","categoryPath":["Technical flow properties"]}},{"@type":"Exchange","avoidedProduct":false,"input":false,"amount":6.02E-6,"internalId":31,"flow":{"@type":"Flow","@id":"28999907-a8a7-45b3-857e-836495ca2aa0","name":"Benzene","categoryPath":["Elementary flows","Emission to air","unspecified"],"flowType":"ELEMENTARY_FLOW","refUnit":"kg"},"flowProperty":{"@type":"FlowProperty","@id":"93a60a56-a3c8-11da-a746-0800200b9a66","name":"Mass","categoryPath":["Technical flow properties"]}},{"@type":"Exchange","avoidedProduct":false,"input":true,"amount":0.033406711,"internalId":12,"flow":{"@type":"Flow","@id":"945c56f7-6f8c-3caa-9af9-745ba1c4505a","name":"CUTOFF Disposal, other solid waste from plant, to uns. landfill","categoryPath":["CUTOFF Flows"],"flowType":"PRODUCT_FLOW","location":"RNA","refUnit":"kg"},"flowProperty":{"@type":"FlowProperty","@id":"93a60a56-a3c8-11da-a746-0800200b9a66","name":"Mass","categoryPath":["Technical flow properties"]}},{"@type":"Exchange","avoidedProduct":false,"input":true,"amount":0.183075954,"description":"Wood logs to P\u0026P (pulp and paper) mills: 3.2% of total mass travels 2828 km. Wood chips to P\u0026P mills: 4.8% of total mass travels 1989 km. Recovered fiber to P\u0026P mills: 11.0% of total mass travels 589 km. Pulp to P\u0026P mills: 21.4% of total mass travels 1347 km. Chemicals: 31.3% of total mass travels 1355 km. Residuals to management: 11.0% of total mass travels 589 km. ","internalId":18,"flow":{"@type":"Flow","@id":"73c7494d-4e93-3769-896b-8bb82f0dfccc","name":"Transport, train, diesel powered","categoryPath":["Rail Transportation","Rail Transportation"],"flowType":"PRODUCT_FLOW","location":"RNA","refUnit":"t*km"},"flowProperty":{"@type":"FlowProperty","@id":"838aaa20-0117-11db-92e3-0800200c9a66","name":"Goods transport (mass*distance)","categoryPath":["Technical flow properties"]}},{"@type":"Exchange","avoidedProduct":false,"input":false,"amount":1.248264538,"internalId":45,"flow":{"@type":"Flow","@id":"eba59fd6-f37e-41dc-9ca3-c7ea22d602c7","name":"Carbon dioxide, biogenic","categoryPath":["Elementary flows","Emission to air","unspecified"],"flowType":"ELEMENTARY_FLOW","refUnit":"kg"},"flowProperty":{"@type":"FlowProperty","@id":"93a60a56-a3c8-11da-a746-0800200b9a66","name":"Mass","categoryPath":["Technical flow properties"]}},{"@type":"Exchange","avoidedProduct":false,"input":false,"amount":1.22E-7,"internalId":41,"flow":{"@type":"Flow","@id":"5064da53-d4ec-44ee-ba23-b20a4f8c4964","name":"Butadiene","categoryPath":["Elementary flows","Emission to air","unspecified"],"flowType":"ELEMENTARY_FLOW","refUnit":"kg"},"flowProperty":{"@type":"FlowProperty","@id":"93a60a56-a3c8-11da-a746-0800200b9a66","name":"Mass","categoryPath":["Technical flow properties"]}},{"@type":"Exchange","avoidedProduct":false,"input":false,"amount":2.07744E-4,"internalId":139,"flow":{"@type":"Flow","@id":"34a99cf0-860e-11e0-9d78-0800200c9a66","name":"Nitrogen, total","categoryPath":["Elementary flows","Emission to water","unspecified"],"flowType":"ELEMENTARY_FLOW","refUnit":"kg"},"flowProperty":{"@type":"FlowProperty","@id":"93a60a56-a3c8-11da-a746-0800200b9a66","name":"Mass","categoryPath":["Technical flow properties"]}},{"@type":"Exchange","avoidedProduct":false,"input":false,"amount":2.91E-10,"internalId":25,"flow":{"@type":"Flow","@id":"c009202c-0247-4512-8d7d-26f5f44b8ab2","name":"Acetophenone","categoryPath":["Elementary flows","Emission to air","unspecified"],"flowType":"ELEMENTARY_FLOW","refUnit":"kg"},"flowProperty":{"@type":"FlowProperty","@id":"93a60a56-a3c8-11da-a746-0800200b9a66","name":"Mass","categoryPath":["Technical flow properties"]}},{"@type":"Exchange","avoidedProduct":false,"input":false,"amount":2.71E-11,"internalId":147,"flow":{"@type":"Flow","@id":"6d25e386-4ef9-4d40-85c6-e694f523a4da","name":"Chloride","categoryPath":["Elementary flows","Emission to water","unspecified"],"flowType":"ELEMENTARY_FLOW","refUnit":"kg"},"flowProperty":{"@type":"FlowProperty","@id":"93a60a56-a3c8-11da-a746-0800200b9a66","name":"Mass","categoryPath":["Technical flow properties"]}},{"@type":"Exchange","avoidedProduct":false,"input":false,"amount":1.9E-6,"internalId":114,"flow":{"@type":"Flow","@id":"9bc66656-9f37-44bc-ae0b-5d5243b8137e","name":"Ethene, tetrachloro-","categoryPath":["Elementary flows","Emission to air","unspecified"],"flowType":"ELEMENTARY_FLOW","refUnit":"kg"},"flowProperty":{"@type":"FlowProperty","@id":"93a60a56-a3c8-11da-a746-0800200b9a66","name":"Mass","categoryPath":["Technical flow properties"]}},{"@type":"Exchange","avoidedProduct":false,"input":false,"amount":1.92132E-4,"internalId":63,"flow":{"@type":"Flow","@id":"66020d27-7ae4-4e59-83a3-89214b72c40a","name":"Particulates, \u003e 10 um","categoryPath":["Elementary flows","Emission to air","unspecified"],"flowType":"ELEMENTARY_FLOW","refUnit":"kg"},"flowProperty":{"@type":"FlowProperty","@id":"93a60a56-a3c8-11da-a746-0800200b9a66","name":"Mass","categoryPath":["Technical flow properties"]}},{"@type":"Exchange","avoidedProduct":false,"input":false,"amount":1.02E-7,"internalId":135,"flow":{"@type":"Flow","@id":"31c4d160-b21e-41b3-b9c1-3d7a72377653","name":"Lead","categoryPath":["Elementary flows","Emission to water","unspecified"],"flowType":"ELEMENTARY_FLOW","refUnit":"kg"}},{"@type":"Exchange","avoidedProduct":false,"input":true,"amount":0.003951266,"internalId":26,"flow":{"@type":"Flow","@id":"685d3daf-9ca1-3a34-a1d9-840ee69ca18b","name":"CUTOFF Disposal, coal ash, to uns. landfill","categoryPath":["CUTOFF Flows"],"flowType":"PRODUCT_FLOW","location":"RNA","refUnit":"kg"},"flowProperty":{"@type":"FlowProperty","@id":"93a60a56-a3c8-11da-a746-0800200b9a66","name":"Mass","categoryPath":["Technical flow properties"]}},{"@type":"Exchange","avoidedProduct":false,"input":true,"amount":0.001438064,"internalId":28,"flow":{"@type":"Flow","@id":"f74c5a7e-4364-398b-81f8-86a47b2efe07","name":"CUTOFF Disposal, other solid waste from plant, to uns. land application","categoryPath":["CUTOFF Flows"],"flowType":"PRODUCT_FLOW","location":"RNA","refUnit":"kg"},"flowProperty":{"@type":"FlowProperty","@id":"93a60a56-a3c8-11da-a746-0800200b9a66","name":"Mass","categoryPath":["Technical flow properties"]}},{"@type":"Exchange","avoidedProduct":false,"input":true,"amount":0.557820896,"description":"Consists of converting wastes (pre-consumer OCC) and post-cosumer old corrugated containers (OCC)","internalId":31,"flow":{"@type":"Flow","@id":"b8f8e582-dfd0-354a-b5bf-67aa8cae8f77","name":"CUTOFF Old corrugated containers","categoryPath":["CUTOFF Flows"],"flowType":"PRODUCT_FLOW","location":"RNA","refUnit":"kg"},"flowProperty":{"@type":"FlowProperty","@id":"93a60a56-a3c8-11da-a746-0800200b9a66","name":"Mass","categoryPath":["Technical flow properties"]}},{"@type":"Exchange","avoidedProduct":false,"input":false,"amount":1.29E-5,"internalId":86,"flow":{"@type":"Flow","@id":"20408dd1-8534-11e0-9d78-0800200c9a66","name":"Methane","categoryPath":["Elementary flows","Emission to air","unspecified"],"flowType":"ELEMENTARY_FLOW","refUnit":"kg"}},{"@type":"Exchange","avoidedProduct":false,"input":false,"amount":2.44E-7,"internalId":43,"flow":{"@type":"Flow","@id":"1c5a7322-9261-4d59-a692-adde6c12de92","name":"Cadmium","categoryPath":["Elementary flows","Emission to air","unspecified"],"flowType":"ELEMENTARY_FLOW","refUnit":"kg"}},{"@type":"Exchange","avoidedProduct":false,"input":false,"amount":0.001835247494,"internalId":155,"flow":{"@type":"Flow","@id":"fc1c42ce-a759-49fa-b987-f1ec5e503db1","name":"Water, cooling, unspecified natural origin","categoryPath":["Elementary flows","Resource","in water"],"flowType":"ELEMENTARY_FLOW","refUnit":"m3"},"flowProperty":{"@type":"FlowProperty","@id":"93a60a56-a3c8-22da-a746-0800200c9a66","name":"Volume","categoryPath":["Technical flow properties"]}},{"@type":"Exchange","avoidedProduct":false,"input":false,"amount":1.91E-7,"internalId":79,"flow":{"@type":"Flow","@id":"8dba66e2-0f2e-4038-84ef-1e40b4f573a6","name":"Iron","categoryPath":["Elementary flows","Emission to air","unspecified"],"flowType":"ELEMENTARY_FLOW","refUnit":"kg"},"flowProperty":{"@type":"FlowProperty","@id":"93a60a56-a3c8-11da-a746-0800200b9a66","name":"Mass","categoryPath":["Technical flow properties"]}},{"@type":"Exchange","avoidedProduct":false,"input":true,"amount":0.007062337,"description":"proxy for unspecified biomass","internalId":148,"flow":{"@type":"Flow","@id":"ba4fbc4f-a9ab-387c-8bdd-9308dc19f404","name":"Wood fuel, unspecified","categoryPath":["Wood Product Manufacturing","Sawmills"],"flowType":"PRODUCT_FLOW","location":"RNA","refUnit":"kg"},"flowProperty":{"@type":"FlowProperty","@id":"93a60a56-a3c8-11da-a746-0800200b9a66","name":"Mass","categoryPath":["Technical flow properties"]}},{"@type":"Exchange","avoidedProduct":false,"input":false,"amount":3.88E-10,"internalId":90,"flow":{"@type":"Flow","@id":"1ddb3480-3426-4541-a201-592d4c6fe6aa","name":"Methyl methacrylate","categoryPath":["Elementary flows","Emission to air","unspecified"],"flowType":"ELEMENTARY_FLOW","refUnit":"kg"},"flowProperty":{"@type":"FlowProperty","@id":"93a60a56-a3c8-11da-a746-0800200b9a66","name":"Mass","categoryPath":["Technical flow properties"]}},{"@type":"Exchange","avoidedProduct":false,"input":true,"amount":0.002674431,"description":"i.e.: Aluminium sulphate, powder, at plant","internalId":24,"flow":{"@type":"Flow","@id":"10994741-b387-3aef-a485-1b3bb7f32268","name":"CUTOFF Aluminium sulphate, powder, at plant","categoryPath":["CUTOFF Flows"],"flowType":"PRODUCT_FLOW","location":"RNA","refUnit":"kg"},"flowProperty":{"@type":"FlowProperty","@id":"93a60a56-a3c8-11da-a746-0800200b9a66","name":"Mass","categoryPath":["Technical flow properties"]}},{"@type":"Exchange","avoidedProduct":false,"input":true,"amount":0.098047818,"description":"northern SWD chips, dry mass.  Wood (logs and chips) usage in the process is distrubuted as follows: 51% ends up in pulp, 11% in self-generated hogged fuel, and 37% in black liquor.","internalId":17,"flow":{"@type":"Flow","@id":"88357e8d-f022-3551-bdb6-6755889e68a7","name":"Wood chips, softwood, green, at sawmill, NE-NC","categoryPath":["Wood Product Manufacturing","Sawmills"],"flowType":"PRODUCT_FLOW","location":"RNA","refUnit":"kg"},"flowProperty":{"@type":"FlowProperty","@id":"93a60a56-a3c8-11da-a746-0800200b9a66","name":"Mass","categoryPath":["Technical flow properties"]}},{"@type":"Exchange","avoidedProduct":false,"input":true,"amount":0.016571502,"description":"Recovered fiber to pulp and paper mills: 1.2% of total mass travels 824 km. Chemicals: 6.8% of total mass travels 336 km. Residuals to management : 1.2% of total mass travels 824 km","internalId":5,"flow":{"@type":"Flow","@id":"a1242640-8306-366c-9c55-6dfd23e77bd7","name":"Transport, barge, diesel powered","categoryPath":["Water Transportation","Inland Water Freight Transportation"],"flowType":"PRODUCT_FLOW","location":"RNA","refUnit":"t*km"},"flowProperty":{"@type":"FlowProperty","@id":"838aaa20-0117-11db-92e3-0800200c9a66","name":"Goods transport (mass*distance)","categoryPath":["Technical flow properties"]}},{"@type":"Exchange","avoidedProduct":false,"input":false,"amount":2.13E-12,"internalId":36,"flow":{"@type":"Flow","@id":"936ece4f-6e0a-4aa8-9a8a-3b77e8d5d13b","name":"Benzofluoranthene, unspecified","categoryPath":["Elementary flows","Emission to air","unspecified"],"flowType":"ELEMENTARY_FLOW","refUnit":"kg"},"flowProperty":{"@type":"FlowProperty","@id":"93a60a56-a3c8-11da-a746-0800200b9a66","name":"Mass","categoryPath":["Technical flow properties"]}},{"@type":"Exchange","avoidedProduct":false,"input":true,"amount":1.359937463,"description":"Net purchased, National average grid, Medium voltage: \u003c50 kV","internalId":50,"flow":{"@type":"Flow","@id":"0b87cf9f-01a6-4bfb-a264-94a4d02aab8e","name":"Electricity, Eastern US","categoryPath":["Utilities","Utilities"],"flowType":"PRODUCT_FLOW","refUnit":"MJ"},"flowProperty":{"@type":"FlowProperty","@id":"f6811440-ee37-11de-8a39-0800200c9a66","name":"Energy","categoryPath":["Technical flow properties"]}},{"@type":"Exchange","avoidedProduct":false,"input":true,"amount":0.263182311,"description":"Net purchased, National average grid, Medium voltage: \u003c50 kV","internalId":51,"flow":{"@type":"Flow","@id":"a43b03df-4620-4503-8eee-91eb2a3bc0a2","name":"Electricity, Western US","categoryPath":["Utilities","Utilities"],"flowType":"PRODUCT_FLOW","refUnit":"MJ"},"flowProperty":{"@type":"FlowProperty","@id":"f6811440-ee37-11de-8a39-0800200c9a66","name":"Energy","categoryPath":["Technical flow properties"]}},{"@type":"Exchange","avoidedProduct":false,"input":true,"amount":0.046461804,"description":"Net purchased, National average grid, Medium voltage: \u003c50 kV","internalId":52,"flow":{"@type":"Flow","@id":"f69d67b9-da82-40ea-862b-35cd917044d0","name":"Electricity, Texas","categoryPath":["Utilities","Utilities"],"flowType":"PRODUCT_FLOW","refUnit":"MJ"},"flowProperty":{"@type":"FlowProperty","@id":"f6811440-ee37-11de-8a39-0800200c9a66","name":"Energy","categoryPath":["Technical flow properties"]}}]}