<?xml version="1.0" encoding="UTF-8" standalone="yes"?>
<c:contactDataSet xmlns:m="http://lca.jrc.it/ILCD/LCIAMethod" xmlns:common="http://lca.jrc.it/ILCD/Common" xmlns:s="http://lca.jrc.it/ILCD/Source" xmlns:c="http://lca.jrc.it/ILCD/Contact" xmlns:f="http://lca.jrc.it/ILCD/Flow" xmlns="http://lca.jrc.it/ILCD/Process" xmlns:fp="http://lca.jrc.it/ILCD/FlowProperty" xmlns:u="http://lca.jrc.it/ILCD/UnitGroup" version="1.1">
    <c:contactInformation>
        <c:dataSetInformation>
            <common:UUID>04ed125f-ffa7-33b1-af24-77f5bdb21a05</common:UUID>
            <common:name xml:lang="en">Daniel Inman</common:name>
            <c:classificationInformation/>
            <c:contactAddress xml:lang="en">NREL, 1617 Cole Blvd, RSF 200, Golden, CO 80401</c:contactAddress>
            <c:telephone>303-384-6845</c:telephone>
        </c:dataSetInformation>
    </c:contactInformation>
    <c:administrativeInformation>
        <c:dataEntryBy>
            <common:referenceToDataSetFormat type="source data set" refObjectId="a97a0155-0234-4b87-b4ce-a45da52f2a40" version="01.01.000" uri="../sources/a97a0155-0234-4b87-b4ce-a45da52f2a40_01.01.000.xml">
                <common:shortDescription xml:lang="en">ILCD format</common:shortDescription>
            </common:referenceToDataSetFormat>
        </c:dataEntryBy>
        <c:publicationAndOwnership>
            <common:dataSetVersion>00.00.000</common:dataSetVersion>
            <common:permanentDataSetURI>http://openlca.org/ilcd/resource/contacts/04ed125f-ffa7-33b1-af24-77f5bdb21a05</common:permanentDataSetURI>
        </c:publicationAndOwnership>
    </c:administrativeInformation>
</c:contactDataSet>
