{"@context":"http://greendelta.github.io/olca-schema/context.jsonld","@type":"Process","@id":"b60ebee1-54b0-4312-9ffa-46bfe46da506","name":"Coal mine ventilation energy; Electric fan; Underground mine","description":"This process is part of the NETL Unit Process Library.  To access the library and the original dataset:\r\n1) Navigate to the NETL LCA home page (http://www.netl.doe.gov/lca)\r\n2) Then navigate to the “Unit Process Library” \r\n3) From the library, the unit process of interest can be found either through the \"Complete Listing of the Unit Process Library link\" or through the link to the \"Unit Process Database\" spreadsheet\r\n4) For each process, a Data Sheet (DS) and Data File (DF) are available\r\n\r\nBRIEF DESCRIPTION\r\nThis parameterized unit process  calculates the amount of electricity required to ventilate an underground coal mine. Inputs and outputs are reported on the basis of 1 kg of coal.\r\n\r\nGOAL AND SCOPE\r\nThis parameterized unit process provides a summary of relevant input and output flows associated with the amount of electricity required in the ventilation of an underground coal mine using a fan. The key input is electricity, which is also an adjustable parameter to measure uncertainties. Coal is the key output. The unit process is based on the reference flow of one kg of coal. The relevant flows of this unit process are described below and shown in the assoc8iated documentation (referenced in the Citation and Associated Documentation section below).\r\n\r\nBOUNDARY AND DESCRIPTION\r\nA visual representation of the boundary of this unit process is available in the associated documentation (referenced in the Citation and Associated Documentation section below). The electricity requirement was calculated using the Energy and Environmental Profile of the U.S. Mining Industry developed by the U.S. Department of Energy’s Energy Efficiency and Renewable Energy division and the National Mining Association (DOE and NMA, 2002). Chapter Two of the source focused on coal; description of coal types, overview of coal mining, energy requirements for underground and surface mines, and emissions from coal mining. The data source provides energy data for specific mining activities such as coal handling, extraction, and grinding. BCS, Incorporated (BCS) developed the data by integrating the U.S. Department of Energy’s Energy Information Administration’s 1997 Coal Industry data into the Western Mining Engineering, Inc.’s SHERPA Mine Cost Software to create 2002 estimates. BCS also used Mine and Mill Equipment Cost, An Estimator’s Guide to develop the data. Newer data for specific coal mining processes are not available. This unit process parameterizes key variables, which allow for evaluation of data uncertainty when used in a life cycle model.\r\n\r\nA main fan was used to ventilate an underground mine. To calculate the electricity requirement, based on the reference flow of one kg of coal, the energy requirement for the main fan, in Btu per ton, was divided by the appropriate conversions to obtain the electricity needed in kWh per kg of coal. Electricity was placed as a parameter so the item could be adjusted to measure uncertainties.\r\n\r\nAdditional details regarding input and output flows, including calculation methods, are contained in the associated documentation (referenced in the Citation and Associated Documentation section below).\r\n\r\nThis process contains one or more surrogate product flows as replacements for proprietary product flows used in the NETL Unit Process Library.  All surrogate flow were taken from the U.S. Life Cycle Inventory Database; a list of surrogate flows used in this process is provided below:\r\n1) Electricity, at Grid, US, 2010\r\n\r\nCITATION AND ASSOCIATED DOCUMENTATION\r\nThis document should be cited as: \r\nNational Energy Technology Laboratory (NETL). 2015. NETL Life Cycle Inventory Data – Unit Process: Coal mine ventilation energy; Electric fan; Underground coal mine. U.S. Department of Energy, National Energy Technology Laboratory. Last Updated: September 2015. (version 01). Retrieved on [DATE] from [URL for this dataset].\r\n\r\nThis dataset is part of the NETL Unit Process Library.  The Library offers additional information concerning this dataset in the form of a Detailed Spreadsheet  Documentation (DS) file and a Process Documentation File (DF).  The DS file  is an Excel file that contains all of the parameters, inputs, and outputs for a given system as well as background data, calculations and quality scores.  The DF file is a PDF document that contains major assumptions and data sources that are the basis for each unit process.  The NETL Unit Process Library is located on the NETL website (netl.doe.gov) under Research / Energy Analysis / Energy Trends and Issues / Life Cycle Analysis / Unit Process Library.\r\n\r\nThis dataset was converted directly from the DS with additional supporting information provided by the DF.  Full citations for the DS and DF are given below.\r\n\r\nDS File\r\nNational Energy Technology Laboratory (NETL). 2013. NETL Life Cycle Inventory Data – Unit Process: Ventilation Energy for Underground Mine. U.S. Department of Energy, National Energy Technology Laboratory. Last Updated: July 2013 (version 01). Retrieved on 6/30/2014 from: http://www.netl.doe.gov/File%20Library/Research/Energy%20Analysis/Life%20Cycle%20Analysis/UP_Library/DS_Stage1_O_Ventilation_Underground_2013-01.xlsx\r\n\r\nDF File\r\nNational Energy Technology Laboratory (NETL). 2013. NETL Life Cycle Inventory Data – Unit Process: Ventilation Energy for Underground Mine. U.S. Department of Energy, National Energy Technology Laboratory. Last Updated: July 2013 (version 01). Retrieved on 6/30/2014 from: http://www.netl.doe.gov/File%20Library/Research/Energy%20Analysis/Life%20Cycle%20Analysis/UP_Library/DF_Stage1_O_Ventilation_Underground_2013-01.pdf","version":"00.00.000","lastChange":"2016-03-04T12:38:37.442-07:00","category":{"@type":"Category","@id":"39474e50-4bbd-46b4-b0ed-cc84cd0caec0","name":"Bit. Coal and Lignite Surface Mining"},"processType":"UNIT_PROCESS","infrastructureProcess":false,"location":{"@type":"Location","@id":"0b3b97fa-6688-3c56-88ee-4ae80ec0c3c2","name":"US"},"processDocumentation":{"@type":"ProcessDocumentation","timeDescription":"This data set is representative of best available public data from 01/01/1998 to 12/31/2002 and is not subject to limited usability within sub-time spans (e.g. summer, winter).","technologyDescription":"This parameterized unit process provides a summary of relevant input and output flows associated with the amount of electricity required in the ventilation of an underground coal mine using a fan. The key input is electricity and coal is the key output. A visual representation of the boundary of this unit process is available in the associated documentation (referenced in the Citation and Associated Documentation section in the Description field). A main fan was used to ventilate an underground mine. Additional details regarding input and output flows, including calculation methods, are contained in the associated documentation(referenced in the Citation and Associated Documentation section in the Description field).","dataCollectionDescription":"No primary data collected","completenessDescription":"Individual relevant flows captured","dataSelectionDescription":"Best publically available data","reviewDetails":"NA","dataTreatmentDescription":"No allocation applied","inventoryMethodDescription":"Attributional","modelingConstantsDescription":"All elementary and technosphere flows are calculated on a functional unit basis. Calculations involving combustion primarily to generate useful work are done using lower heating values (LHV) and calculations involving combustion primarily to generate useful heat are done using higher heating values (HHV). Unless explicitly stated in the associated reference documents applicable calculations assumed standard atmospheric temperature and pressure (SATP).","samplingDescription":"No primary data collected","restrictionsDescription":"Use of this dataset is not restricted, but a statement of attribution is required. Please use the following attribution statement: \r\r\n\r\nNational Energy Technology Laboratory\u0027s (NETL) Unit Process Library\r\n626 Cochrans Mill Road, P.O. Box 10940\r\nPittsburgh, PA 15236-0940\r\r\nhttp://www.netl.doe.gov/research/energy-analysis/life-cycle-analysis/unit-process-library\r\r\n\r\nNeither the U.S. Department of Energy (DOE) National Energy Technology Laboratory (NETL) nor any person acting on behalf of these organizations:\r\nA. Makes any warranty or representation, express or implied, with respect to the accuracy, completeness, or usefulness of the information contained in this document, or that the use of any information, apparatus, method, or process disclosed in this document may not infringe on privately owned rights; or\r\nB. Assumes any liability with this report as to its use, or damages resulting from the use of any information, apparatus, method, or process disclosed in this document.\r\n\r\nReference herein to any specific commercial product, process, or service by trade name, trademark, manufacturer, or otherwise, does not necessarily constitute or imply its endorsement, recommendation, or favoring by NETL. The views and opinions of the authors expressed herein do not necessarily state or reflect those of NETL.","copyright":true,"validFrom":"1998-01-01T00:00:00-07:00","validUntil":"2002-12-31T00:00:00-07:00","creationDate":"2016-03-04T12:38:37.442-07:00","intendedApplication":"This is a gate-to-gate basic process and can be used for any type of LCA study.","projectDescription":"National Energy Technology Laboratory (NETL) Unit Process Library","geographyDescription":"NA","reviewer":{"@type":"Actor","@id":"66c3f44f-4975-4ac5-bb22-ef8cce6992e6","name":"Robert James"},"dataDocumentor":{"@type":"Actor","@id":"27b30ff8-9b81-432f-a25c-fa0db3c59ef4","name":"Timothy Skone"},"dataGenerator":{"@type":"Actor","@id":"27b30ff8-9b81-432f-a25c-fa0db3c59ef4","name":"Timothy Skone"},"dataSetOwner":{"@type":"Actor","@id":"639d0c69-dddc-4092-a120-6b8dd5369391","name":"National Energy Technology Laboratory"},"publication":{"@type":"Source","@id":"a2f7fe93-e04d-4251-9142-a02778045357","name":"National Energy Technology Laboratory (NETL). 2013. Coal mine ventilation energy; Electric fan; Underground mine"},"sources":[{"@type":"Source","@id":"a2f7fe93-e04d-4251-9142-a02778045357","name":"National Energy Technology Laboratory (NETL). 2013. Coal mine ventilation energy; Electric fan; Underground mine"},{"@type":"Source","@id":"541e5720-2bcd-43e4-920f-4541d4e0625a","name":"U.S. Department of Energy (DOE) and National Mining Association (NMA). 2002. Energy and Environmental Profile of the U.S. Mining Industry:  Chapter 2 Coal"}]},"parameters":[{"@context":"http://greendelta.github.io/olca-schema/context.jsonld","@type":"Parameter","name":"Electricity","description":"[kWh/kg] Ventilation electricity per kg of coal extracted","version":"00.00.000","parameterScope":"PROCESS_SCOPE","inputParameter":true,"value":0.042643333}],"exchanges":[{"@type":"Exchange","avoidedProduct":false,"input":false,"baseUncertainty":1.0,"amount":1.0,"pedigreeUncertainty":"(1;2;1;4;1)","flow":{"@type":"Flow","@id":"1e130b16-58df-43f3-a504-6c1c07a03d6d","name":"Coal mine ventilation energy; Electric fan; Underground mine","flowType":"PRODUCT_FLOW"},"unit":{"@type":"Unit","@id":"6dabe201-aaac-4509-92f0-d00c26cb72ab","name":"Item(s)"},"flowProperty":{"@type":"FlowProperty","@id":"01846770-4cfe-4a25-8ad9-919d8d378345","name":"Number of items"},"@id":"a9be7071-0f5a-3baf-a4b4-99b7c3285f91","quantitativeReference":true},{"@type":"Exchange","avoidedProduct":false,"input":true,"baseUncertainty":1.0,"amount":0.1535159988,"amountFormula":"Electricity*3.6","pedigreeUncertainty":"(1;2;1;4;1)","flow":{"@type":"Flow","@id":"36b4aa53-3005-3e3d-b6e3-3450d17d5f03","name":"Electricity, at Grid, US, 2010","flowType":"PRODUCT_FLOW"},"unit":{"@type":"Unit","@id":"52765a6c-3896-43c2-b2f4-c679acf13efe","name":"MJ"},"flowProperty":{"@type":"FlowProperty","@id":"f6811440-ee37-11de-8a39-0800200c9a66","name":"Energy"},"@id":"e57ba3cb-9217-38a3-9209-19b7934c2e80"}],"allocationFactors":[{"@type":"AllocationFactor","exchange":{"@type":"Exchange","flow":{"@type":"Flow","@id":"6c445f1d-db0f-431c-a2f0-d25aa28bdfd1","name":"Iron"}},"value":0.0,"allocationType":"CAUSAL_ALLOCATION"},{"@type":"AllocationFactor","exchange":{"@type":"Exchange","flow":{"@type":"Flow","@id":"80b3c2a1-af98-4dde-b298-abf7e78e38ee","name":"Lead"}},"value":0.0,"allocationType":"CAUSAL_ALLOCATION"},{"@type":"AllocationFactor","exchange":{"@type":"Exchange","flow":{"@type":"Flow","@id":"63e7d74e-8549-11e0-9d78-0800200c9a66","name":"Iron"}},"value":0.0,"allocationType":"CAUSAL_ALLOCATION"},{"@type":"AllocationFactor","exchange":{"@type":"Exchange","flow":{"@type":"Flow","@id":"08a91e70-3ddc-11dd-96d1-0050c2490048","name":"Nickel"}},"value":1.0,"allocationType":"CAUSAL_ALLOCATION"},{"@type":"AllocationFactor","exchange":{"@type":"Exchange","flow":{"@type":"Flow","@id":"5fb7fbc0-e7d1-4be5-a194-ec5ef5fb4f64","name":"Aluminium"}},"value":0.0,"allocationType":"CAUSAL_ALLOCATION"},{"@type":"AllocationFactor","exchange":{"@type":"Exchange","flow":{"@type":"Flow","@id":"7ec8c6c1-e62a-4000-a1f6-bce131634f1b","name":"Chromium"}},"value":0.0,"allocationType":"CAUSAL_ALLOCATION"},{"@type":"AllocationFactor","exchange":{"@type":"Exchange","flow":{"@type":"Flow","@id":"600b1c44-b10d-4a1e-8426-62779c118d34","name":"Calcium carbonate, in ground"}},"value":1.0,"allocationType":"CAUSAL_ALLOCATION"},{"@type":"AllocationFactor","exchange":{"@type":"Exchange","flow":{"@type":"Flow","@id":"08a91e70-3ddc-11dd-959a-0050c2490048","name":"Iron"}},"value":0.0,"allocationType":"CAUSAL_ALLOCATION"},{"@type":"AllocationFactor","exchange":{"@type":"Exchange","flow":{"@type":"Flow","@id":"77b23aa4-9f0a-4d3f-8857-29ee054cdae1","name":"Nickel"}},"value":0.0,"allocationType":"CAUSAL_ALLOCATION"},{"@type":"AllocationFactor","exchange":{"@type":"Exchange","flow":{"@type":"Flow","@id":"20408dd1-8534-11e0-9d78-0800200c9a66","name":"Methane"}},"value":0.0,"allocationType":"CAUSAL_ALLOCATION"},{"@type":"AllocationFactor","exchange":{"@type":"Exchange","flow":{"@type":"Flow","@id":"08a91e70-3ddc-11dd-9f78-0050c2490048","name":"Chromium"}},"value":0.0,"allocationType":"CAUSAL_ALLOCATION"},{"@type":"AllocationFactor","exchange":{"@type":"Exchange","flow":{"@type":"Flow","@id":"ad9c08fd-ea91-415d-95a9-7eb5116dc97a","name":"Gas, natural, at extraction site"}},"value":0.0,"allocationType":"CAUSAL_ALLOCATION"},{"@type":"AllocationFactor","exchange":{"@type":"Exchange","flow":{"@type":"Flow","@id":"b3cfad3f-b7da-490b-a491-8507a1bb7c4b","name":"COD, Chemical Oxygen Demand"}},"value":0.0,"allocationType":"CAUSAL_ALLOCATION"},{"@type":"AllocationFactor","exchange":{"@type":"Exchange","flow":{"@type":"Flow","@id":"600b1c44-b10d-4a1e-8426-62779c118d34","name":"Calcium carbonate, in ground"}},"value":0.0,"allocationType":"CAUSAL_ALLOCATION"},{"@type":"AllocationFactor","exchange":{"@type":"Exchange","flow":{"@type":"Flow","@id":"5ac2254e-6b60-45f5-a700-6e0b93f411c8","name":"Sulfur"}},"value":0.0,"allocationType":"CAUSAL_ALLOCATION"},{"@type":"AllocationFactor","exchange":{"@type":"Exchange","flow":{"@type":"Flow","@id":"810b11b4-6438-4b30-b9a1-8202b2a53145","name":"Cadmium"}},"value":0.0,"allocationType":"CAUSAL_ALLOCATION"},{"@type":"AllocationFactor","exchange":{"@type":"Exchange","flow":{"@type":"Flow","@id":"c7aee986-b7d8-4ad9-ad45-1ac0d68e6b78","name":"Dolomite, in ground"}},"value":0.0,"allocationType":"CAUSAL_ALLOCATION"},{"@type":"AllocationFactor","exchange":{"@type":"Exchange","flow":{"@type":"Flow","@id":"7213c990-49f1-4416-b154-64fba3771f50","name":"Zinc"}},"value":0.0,"allocationType":"CAUSAL_ALLOCATION"},{"@type":"AllocationFactor","exchange":{"@type":"Exchange","flow":{"@type":"Flow","@id":"fe0acd60-3ddc-11dd-9e5c-0050c2490048","name":"Manganese"}},"value":0.0,"allocationType":"CAUSAL_ALLOCATION"},{"@type":"AllocationFactor","exchange":{"@type":"Exchange","flow":{"@type":"Flow","@id":"b967e1bf-f09b-4c89-8740-ace21db47bba","name":"Particulates, \u003e 2.5 um, and \u003c 10um"}},"value":0.0,"allocationType":"CAUSAL_ALLOCATION"},{"@type":"AllocationFactor","exchange":{"@type":"Exchange","flow":{"@type":"Flow","@id":"d3260d0e-8203-4cbb-a45a-6a13131a5108","name":"NMVOC, non-methane volatile organic compounds, unspecified origin"}},"value":0.0,"allocationType":"CAUSAL_ALLOCATION"},{"@type":"AllocationFactor","exchange":{"@type":"Exchange","flow":{"@type":"Flow","@id":"600b1c44-b10d-4a1e-8426-62779c118d34","name":"Calcium carbonate, in ground"}},"value":0.0,"allocationType":"CAUSAL_ALLOCATION"},{"@type":"AllocationFactor","exchange":{"@type":"Exchange","flow":{"@type":"Flow","@id":"77b23aa4-9f0a-4d3f-8857-29ee054cdae1","name":"Nickel"}},"value":0.0,"allocationType":"CAUSAL_ALLOCATION"},{"@type":"AllocationFactor","exchange":{"@type":"Exchange","flow":{"@type":"Flow","@id":"5ac2254e-6b60-45f5-a700-6e0b93f411c8","name":"Sulfur"}},"value":0.0,"allocationType":"CAUSAL_ALLOCATION"},{"@type":"AllocationFactor","value":0.0,"allocationType":"PHYSICAL_ALLOCATION"},{"@type":"AllocationFactor","exchange":{"@type":"Exchange","flow":{"@type":"Flow","@id":"4b81a3e2-b3fc-4e2f-81aa-5a68d11084c8","name":"Ammonia"}},"value":0.0,"allocationType":"CAUSAL_ALLOCATION"},{"@type":"AllocationFactor","exchange":{"@type":"Exchange","flow":{"@type":"Flow","@id":"b01462dc-5676-4b86-a3f6-bed1055e0e6b","name":"Suspended solids, unspecified"}},"value":0.0,"allocationType":"CAUSAL_ALLOCATION"},{"@type":"AllocationFactor","exchange":{"@type":"Exchange","flow":{"@type":"Flow","@id":"5fb7fbc0-e7d1-4be5-a194-ec5ef5fb4f64","name":"Aluminium"}},"value":0.0,"allocationType":"CAUSAL_ALLOCATION"},{"@type":"AllocationFactor","exchange":{"@type":"Exchange","flow":{"@type":"Flow","@id":"7ae398bf-8532-11e0-9d78-0800200c9a66","name":"Oil, crude, 42 MJ per kg, in ground"}},"value":0.0,"allocationType":"CAUSAL_ALLOCATION"},{"@type":"AllocationFactor","exchange":{"@type":"Exchange","flow":{"@type":"Flow","@id":"64b1ce4a-6556-11dd-ad8b-0800200c9a66","name":"Zinc"}},"value":0.0,"allocationType":"CAUSAL_ALLOCATION"},{"@type":"AllocationFactor","exchange":{"@type":"Exchange","flow":{"@type":"Flow","@id":"bdb65727-d947-4b39-9d0c-082a58df6808","name":"Silicon dioxide (silica)"}},"value":0.0,"allocationType":"CAUSAL_ALLOCATION"},{"@type":"AllocationFactor","exchange":{"@type":"Exchange","flow":{"@type":"Flow","@id":"7ae371ac-8532-11e0-9d78-0800200c9a66","name":"Carbon monoxide"}},"value":0.0,"allocationType":"CAUSAL_ALLOCATION"},{"@type":"AllocationFactor","exchange":{"@type":"Exchange","flow":{"@type":"Flow","@id":"7ae371ac-8532-11e0-9d78-0800200c9a66","name":"Carbon monoxide"}},"value":0.0,"allocationType":"CAUSAL_ALLOCATION"},{"@type":"AllocationFactor","exchange":{"@type":"Exchange","flow":{"@type":"Flow","@id":"c7aee986-b7d8-4ad9-ad45-1ac0d68e6b78","name":"Dolomite, in ground"}},"value":0.0,"allocationType":"CAUSAL_ALLOCATION"},{"@type":"AllocationFactor","exchange":{"@type":"Exchange","flow":{"@type":"Flow","@id":"7ae398bf-8532-11e0-9d78-0800200c9a66","name":"Oil, crude, 42 MJ per kg, in ground"}},"value":0.0,"allocationType":"CAUSAL_ALLOCATION"},{"@type":"AllocationFactor","exchange":{"@type":"Exchange","flow":{"@type":"Flow","@id":"7ec8c6c1-e62a-4000-a1f6-bce131634f1b","name":"Chromium"}},"value":0.0,"allocationType":"CAUSAL_ALLOCATION"},{"@type":"AllocationFactor","exchange":{"@type":"Exchange","flow":{"@type":"Flow","@id":"7ae398c3-8532-11e0-9d78-0800200c9a66","name":"Particulates, unspecified"}},"value":0.0,"allocationType":"CAUSAL_ALLOCATION"},{"@type":"AllocationFactor","exchange":{"@type":"Exchange","flow":{"@type":"Flow","@id":"c7aee986-b7d8-4ad9-ad45-1ac0d68e6b78","name":"Dolomite, in ground"}},"value":0.0,"allocationType":"CAUSAL_ALLOCATION"},{"@type":"AllocationFactor","exchange":{"@type":"Exchange","flow":{"@type":"Flow","@id":"20d4d821-f4f7-4017-8810-f822fcdf619e","name":"Hydrogen sulfide"}},"value":0.0,"allocationType":"CAUSAL_ALLOCATION"},{"@type":"AllocationFactor","exchange":{"@type":"Exchange","flow":{"@type":"Flow","@id":"c2035468-120a-459e-8415-df51576e9b4a","name":"natural gas;  44.1 MJ/kg"}},"value":0.0,"allocationType":"CAUSAL_ALLOCATION"},{"@type":"AllocationFactor","exchange":{"@type":"Exchange","flow":{"@type":"Flow","@id":"63e7b036-8549-11e0-9d78-0800200c9a66","name":"Chromium"}},"value":0.0,"allocationType":"CAUSAL_ALLOCATION"},{"@type":"AllocationFactor","exchange":{"@type":"Exchange","flow":{"@type":"Flow","@id":"0b7e10a8-6ca0-4a50-a39b-f2a019cb3610","name":"Nitrogen dioxide"}},"value":0.0,"allocationType":"CAUSAL_ALLOCATION"},{"@type":"AllocationFactor","exchange":{"@type":"Exchange","flow":{"@type":"Flow","@id":"fe0acd60-3ddc-11dd-ae59-0050c2490048","name":"Water, ground"}},"value":0.0,"allocationType":"CAUSAL_ALLOCATION"},{"@type":"AllocationFactor","exchange":{"@type":"Exchange","flow":{"@type":"Flow","@id":"e142b577-e934-4085-9a07-3983d4d92afb","name":"Chromium"}},"value":0.0,"allocationType":"CAUSAL_ALLOCATION"},{"@type":"AllocationFactor","exchange":{"@type":"Exchange","flow":{"@type":"Flow","@id":"4b81a3e2-b3fc-4e2f-81aa-5a68d11084c8","name":"Ammonia"}},"value":0.0,"allocationType":"CAUSAL_ALLOCATION"},{"@type":"AllocationFactor","exchange":{"@type":"Exchange","flow":{"@type":"Flow","@id":"a87680bc-ecde-471a-88bb-6bc7482a62cf","name":"Phosphate"}},"value":0.0,"allocationType":"CAUSAL_ALLOCATION"},{"@type":"AllocationFactor","exchange":{"@type":"Exchange","flow":{"@type":"Flow","@id":"96b0e9d0-5bfc-4113-ac30-c9b8a310b534","name":"Fluoride"}},"value":0.0,"allocationType":"CAUSAL_ALLOCATION"},{"@type":"AllocationFactor","exchange":{"@type":"Exchange","flow":{"@type":"Flow","@id":"6c445f1d-db0f-431c-a2f0-d25aa28bdfd1","name":"Iron"}},"value":0.0,"allocationType":"CAUSAL_ALLOCATION"},{"@type":"AllocationFactor","exchange":{"@type":"Exchange","flow":{"@type":"Flow","@id":"cd90b6de-0be0-45e5-88c5-d641e78a0339","name":"Chlorides, unspecified"}},"value":0.0,"allocationType":"CAUSAL_ALLOCATION"},{"@type":"AllocationFactor","exchange":{"@type":"Exchange","flow":{"@type":"Flow","@id":"8e123669-94d3-41d8-9480-a79211fe7c43","name":"Lead"}},"value":0.0,"allocationType":"CAUSAL_ALLOCATION"},{"@type":"AllocationFactor","exchange":{"@type":"Exchange","flow":{"@type":"Flow","@id":"c087ef23-4b5b-40f6-932a-7939b72386c4","name":"Cadmium"}},"value":0.0,"allocationType":"CAUSAL_ALLOCATION"},{"@type":"AllocationFactor","exchange":{"@type":"Exchange","flow":{"@type":"Flow","@id":"71234253-b3a7-4dfe-b166-a484ad15bee7","name":"Mercury"}},"value":0.0,"allocationType":"CAUSAL_ALLOCATION"},{"@type":"AllocationFactor","exchange":{"@type":"Exchange","flow":{"@type":"Flow","@id":"b3cfad3f-b7da-490b-a491-8507a1bb7c4b","name":"COD, Chemical Oxygen Demand"}},"value":0.0,"allocationType":"CAUSAL_ALLOCATION"},{"@type":"AllocationFactor","exchange":{"@type":"Exchange","flow":{"@type":"Flow","@id":"10cbd2f7-c41b-4bb4-b636-d8fc15cf0282","name":"Manganese"}},"value":0.0,"allocationType":"CAUSAL_ALLOCATION"},{"@type":"AllocationFactor","exchange":{"@type":"Exchange","flow":{"@type":"Flow","@id":"5ce378a0-b48d-471c-977d-79681521efde","name":"Zinc"}},"value":0.0,"allocationType":"CAUSAL_ALLOCATION"},{"@type":"AllocationFactor","exchange":{"@type":"Exchange","flow":{"@type":"Flow","@id":"2f100cfa-4feb-45e9-a43a-357128228889","name":"Copper"}},"value":0.0,"allocationType":"CAUSAL_ALLOCATION"},{"@type":"AllocationFactor","exchange":{"@type":"Exchange","flow":{"@type":"Flow","@id":"082903e4-45d8-4078-94cb-736b15279277","name":"Dioxins, measured as 2,3,7,8-tetrachlorodibenzo-p-dioxin"}},"value":0.0,"allocationType":"CAUSAL_ALLOCATION"},{"@type":"AllocationFactor","exchange":{"@type":"Exchange","flow":{"@type":"Flow","@id":"a87680bc-ecde-471a-88bb-6bc7482a62cf","name":"Phosphate"}},"value":0.0,"allocationType":"CAUSAL_ALLOCATION"},{"@type":"AllocationFactor","exchange":{"@type":"Exchange","flow":{"@type":"Flow","@id":"7ae398c3-8532-11e0-9d78-0800200c9a66","name":"Particulates, unspecified"}},"value":0.0,"allocationType":"CAUSAL_ALLOCATION"},{"@type":"AllocationFactor","exchange":{"@type":"Exchange","flow":{"@type":"Flow","@id":"c9eaca71-6924-483f-9e86-51265bc0e9ef","name":"Water"}},"value":0.0,"allocationType":"CAUSAL_ALLOCATION"},{"@type":"AllocationFactor","exchange":{"@type":"Exchange","flow":{"@type":"Flow","@id":"4b81a3e2-b3fc-4e2f-81aa-5a68d11084c8","name":"Ammonia"}},"value":0.0,"allocationType":"CAUSAL_ALLOCATION"},{"@type":"AllocationFactor","exchange":{"@type":"Exchange","flow":{"@type":"Flow","@id":"63e78926-8549-11e0-9d78-0800200c9a66","name":"Ammonia"}},"value":0.0,"allocationType":"CAUSAL_ALLOCATION"},{"@type":"AllocationFactor","exchange":{"@type":"Exchange","flow":{"@type":"Flow","@id":"fd7aa71c-508c-480d-81a6-8052aad92646","name":"Sulfur dioxide"}},"value":0.0,"allocationType":"CAUSAL_ALLOCATION"},{"@type":"AllocationFactor","exchange":{"@type":"Exchange","flow":{"@type":"Flow","@id":"63e7d74e-8549-11e0-9d78-0800200c9a66","name":"Iron"}},"value":0.0,"allocationType":"CAUSAL_ALLOCATION"},{"@type":"AllocationFactor","exchange":{"@type":"Exchange","flow":{"@type":"Flow","@id":"640e30d2-3158-4a1a-82ef-fd0c72922c9a","name":"Molybdenum"}},"value":0.0,"allocationType":"CAUSAL_ALLOCATION"},{"@type":"AllocationFactor","exchange":{"@type":"Exchange","flow":{"@type":"Flow","@id":"7ae371aa-8532-11e0-9d78-0800200c9a66","name":"Carbon dioxide"}},"value":0.0,"allocationType":"CAUSAL_ALLOCATION"},{"@type":"AllocationFactor","exchange":{"@type":"Exchange","flow":{"@type":"Flow","@id":"e620a933-c348-4e7e-8893-ab0a0f681c7e","name":"Hydrocarbons, unspecified"}},"value":0.0,"allocationType":"CAUSAL_ALLOCATION"},{"@type":"AllocationFactor","exchange":{"@type":"Exchange","flow":{"@type":"Flow","@id":"b6d0042d-0ef8-49ed-9162-a07ff1ccf750","name":"Coal, hard, unspecified, in ground"}},"value":0.0,"allocationType":"CAUSAL_ALLOCATION"},{"@type":"AllocationFactor","exchange":{"@type":"Exchange","flow":{"@type":"Flow","@id":"c7aee986-b7d8-4ad9-ad45-1ac0d68e6b78","name":"Dolomite, in ground"}},"value":0.0,"allocationType":"CAUSAL_ALLOCATION"},{"@type":"AllocationFactor","exchange":{"@type":"Exchange","flow":{"@type":"Flow","@id":"a5506f4b-113f-4713-95c3-c819dde6e48b","name":"Nickel"}},"value":0.0,"allocationType":"CAUSAL_ALLOCATION"},{"@type":"AllocationFactor","exchange":{"@type":"Exchange","flow":{"@type":"Flow","@id":"7ae371af-8532-11e0-9d78-0800200c9a66","name":"Coal, 26.4 MJ per kg, in ground"}},"value":0.0,"allocationType":"CAUSAL_ALLOCATION"},{"@type":"AllocationFactor","exchange":{"@type":"Exchange","flow":{"@type":"Flow","@id":"938a1dfd-7aa3-49ae-828c-4ffd20264fab","name":"Nitrogenous Matter, unspecified, as N"}},"value":0.0,"allocationType":"CAUSAL_ALLOCATION"},{"@type":"AllocationFactor","exchange":{"@type":"Exchange","flow":{"@type":"Flow","@id":"c9eaca71-6924-483f-9e86-51265bc0e9ef","name":"Water"}},"value":0.0,"allocationType":"CAUSAL_ALLOCATION"},{"@type":"AllocationFactor","exchange":{"@type":"Exchange","flow":{"@type":"Flow","@id":"961ccd56-2eee-4f57-bb18-fc4362b49000","name":"COD, Chemical Oxygen Demand"}},"value":0.0,"allocationType":"CAUSAL_ALLOCATION"},{"@type":"AllocationFactor","exchange":{"@type":"Exchange","flow":{"@type":"Flow","@id":"7ae371aa-8532-11e0-9d78-0800200c9a66","name":"Carbon dioxide"}},"value":0.0,"allocationType":"CAUSAL_ALLOCATION"},{"@type":"AllocationFactor","exchange":{"@type":"Exchange","flow":{"@type":"Flow","@id":"082903e4-45d8-4078-94cb-736b15279277","name":"Dioxins, measured as 2,3,7,8-tetrachlorodibenzo-p-dioxin"}},"value":0.0,"allocationType":"CAUSAL_ALLOCATION"},{"@type":"AllocationFactor","exchange":{"@type":"Exchange","flow":{"@type":"Flow","@id":"810b11b4-6438-4b30-b9a1-8202b2a53145","name":"Cadmium"}},"value":0.0,"allocationType":"CAUSAL_ALLOCATION"},{"@type":"AllocationFactor","exchange":{"@type":"Exchange","flow":{"@type":"Flow","@id":"badefaa0-fb1e-4cb0-bac1-480058554f3c","name":"Lignite, 11 MJ per kg, in ground"}},"value":0.0,"allocationType":"CAUSAL_ALLOCATION"},{"@type":"AllocationFactor","exchange":{"@type":"Exchange","flow":{"@type":"Flow","@id":"8e123669-94d3-41d8-9480-a79211fe7c43","name":"Lead"}},"value":0.0,"allocationType":"CAUSAL_ALLOCATION"},{"@type":"AllocationFactor","exchange":{"@type":"Exchange","flow":{"@type":"Flow","@id":"961ccd56-2eee-4f57-bb18-fc4362b49000","name":"COD, Chemical Oxygen Demand"}},"value":0.0,"allocationType":"CAUSAL_ALLOCATION"},{"@type":"AllocationFactor","exchange":{"@type":"Exchange","flow":{"@type":"Flow","@id":"cd90b6de-0be0-45e5-88c5-d641e78a0339","name":"Chlorides, unspecified"}},"value":0.0,"allocationType":"CAUSAL_ALLOCATION"},{"@type":"AllocationFactor","exchange":{"@type":"Exchange","flow":{"@type":"Flow","@id":"5ac2254e-6b60-45f5-a700-6e0b93f411c8","name":"Sulfur"}},"value":0.0,"allocationType":"CAUSAL_ALLOCATION"},{"@type":"AllocationFactor","exchange":{"@type":"Exchange","flow":{"@type":"Flow","@id":"a9ec0c9b-982a-4329-99ae-dab1f9fb62d3","name":"Chromium VI"}},"value":0.0,"allocationType":"CAUSAL_ALLOCATION"},{"@type":"AllocationFactor","exchange":{"@type":"Exchange","flow":{"@type":"Flow","@id":"63e8256a-8549-11e0-9d78-0800200c9a66","name":"Tin"}},"value":0.0,"allocationType":"CAUSAL_ALLOCATION"},{"@type":"AllocationFactor","exchange":{"@type":"Exchange","flow":{"@type":"Flow","@id":"c7aee986-b7d8-4ad9-ad45-1ac0d68e6b78","name":"Dolomite, in ground"}},"value":0.0,"allocationType":"CAUSAL_ALLOCATION"},{"@type":"AllocationFactor","exchange":{"@type":"Exchange","flow":{"@type":"Flow","@id":"5189de76-6bbb-44ba-8c42-5714f1b4371f","name":"Nitrate"}},"value":0.0,"allocationType":"CAUSAL_ALLOCATION"},{"@type":"AllocationFactor","exchange":{"@type":"Exchange","flow":{"@type":"Flow","@id":"81e17d9a-3e0b-414e-9b2e-eca7e5b3bd4a","name":"Chromium VI"}},"value":0.0,"allocationType":"CAUSAL_ALLOCATION"},{"@type":"AllocationFactor","exchange":{"@type":"Exchange","flow":{"@type":"Flow","@id":"5ce378a0-b48d-471c-977d-79681521efde","name":"Zinc"}},"value":0.0,"allocationType":"CAUSAL_ALLOCATION"},{"@type":"AllocationFactor","exchange":{"@type":"Exchange","flow":{"@type":"Flow","@id":"6c445f1d-db0f-431c-a2f0-d25aa28bdfd1","name":"Iron"}},"value":0.0,"allocationType":"CAUSAL_ALLOCATION"},{"@type":"AllocationFactor","exchange":{"@type":"Exchange","flow":{"@type":"Flow","@id":"7ae371aa-8532-11e0-9d78-0800200c9a66","name":"Carbon dioxide"}},"value":0.0,"allocationType":"CAUSAL_ALLOCATION"},{"@type":"AllocationFactor","exchange":{"@type":"Exchange","flow":{"@type":"Flow","@id":"63e7d74e-8549-11e0-9d78-0800200c9a66","name":"Iron"}},"value":0.0,"allocationType":"CAUSAL_ALLOCATION"},{"@type":"AllocationFactor","exchange":{"@type":"Exchange","flow":{"@type":"Flow","@id":"1c5a7322-9261-4d59-a692-adde6c12de92","name":"Cadmium"}},"value":0.0,"allocationType":"CAUSAL_ALLOCATION"},{"@type":"AllocationFactor","exchange":{"@type":"Exchange","flow":{"@type":"Flow","@id":"ad9c08fd-ea91-415d-95a9-7eb5116dc97a","name":"Gas, natural, at extraction site"}},"value":0.0,"allocationType":"CAUSAL_ALLOCATION"},{"@type":"AllocationFactor","exchange":{"@type":"Exchange","flow":{"@type":"Flow","@id":"e3569b8d-34ca-4712-93b5-b0d81f955663","name":"Sulfur oxides"}},"value":0.0,"allocationType":"CAUSAL_ALLOCATION"},{"@type":"AllocationFactor","exchange":{"@type":"Exchange","flow":{"@type":"Flow","@id":"badefaa0-fb1e-4cb0-bac1-480058554f3c","name":"Lignite, 11 MJ per kg, in ground"}},"value":0.0,"allocationType":"CAUSAL_ALLOCATION"},{"@type":"AllocationFactor","exchange":{"@type":"Exchange","flow":{"@type":"Flow","@id":"600b1c44-b10d-4a1e-8426-62779c118d34","name":"Calcium carbonate, in ground"}},"value":0.0,"allocationType":"CAUSAL_ALLOCATION"},{"@type":"AllocationFactor","exchange":{"@type":"Exchange","flow":{"@type":"Flow","@id":"e142b577-e934-4085-9a07-3983d4d92afb","name":"Chromium"}},"value":0.0,"allocationType":"CAUSAL_ALLOCATION"},{"@type":"AllocationFactor","exchange":{"@type":"Exchange","flow":{"@type":"Flow","@id":"20d4d821-f4f7-4017-8810-f822fcdf619e","name":"Hydrogen sulfide"}},"value":0.0,"allocationType":"CAUSAL_ALLOCATION"},{"@type":"AllocationFactor","exchange":{"@type":"Exchange","flow":{"@type":"Flow","@id":"31c4d160-b21e-41b3-b9c1-3d7a72377653","name":"Lead"}},"value":0.0,"allocationType":"CAUSAL_ALLOCATION"},{"@type":"AllocationFactor","exchange":{"@type":"Exchange","flow":{"@type":"Flow","@id":"36b4aa53-3005-3e3d-b6e3-3450d17d5f03","name":"Electricity, at Grid, US, 2010"}},"value":0.0,"allocationType":"CAUSAL_ALLOCATION"},{"@type":"AllocationFactor","exchange":{"@type":"Exchange","flow":{"@type":"Flow","@id":"0b7e10a8-6ca0-4a50-a39b-f2a019cb3610","name":"Nitrogen dioxide"}},"value":0.0,"allocationType":"CAUSAL_ALLOCATION"},{"@type":"AllocationFactor","exchange":{"@type":"Exchange","flow":{"@type":"Flow","@id":"71234253-b3a7-4dfe-b166-a484ad15bee7","name":"Mercury"}},"value":0.0,"allocationType":"CAUSAL_ALLOCATION"},{"@type":"AllocationFactor","exchange":{"@type":"Exchange","flow":{"@type":"Flow","@id":"082903e4-45d8-4078-94cb-736b15279277","name":"Dioxins, measured as 2,3,7,8-tetrachlorodibenzo-p-dioxin"}},"value":0.0,"allocationType":"CAUSAL_ALLOCATION"},{"@type":"AllocationFactor","exchange":{"@type":"Exchange","flow":{"@type":"Flow","@id":"e142b577-e934-4085-9a07-3983d4d92afb","name":"Chromium"}},"value":0.0,"allocationType":"CAUSAL_ALLOCATION"},{"@type":"AllocationFactor","exchange":{"@type":"Exchange","flow":{"@type":"Flow","@id":"c1b91234-6f24-417b-8309-46111d09c457","name":"Nitrogen oxides"}},"value":0.0,"allocationType":"CAUSAL_ALLOCATION"},{"@type":"AllocationFactor","exchange":{"@type":"Exchange","flow":{"@type":"Flow","@id":"63e8256f-8549-11e0-9d78-0800200c9a66","name":"Zinc"}},"value":0.0,"allocationType":"CAUSAL_ALLOCATION"},{"@type":"AllocationFactor","exchange":{"@type":"Exchange","flow":{"@type":"Flow","@id":"a87680bc-ecde-471a-88bb-6bc7482a62cf","name":"Phosphate"}},"value":0.0,"allocationType":"CAUSAL_ALLOCATION"},{"@type":"AllocationFactor","exchange":{"@type":"Exchange","flow":{"@type":"Flow","@id":"180520a0-34e8-4058-bac9-27cbbb32c527","name":"Nitrate"}},"value":0.0,"allocationType":"CAUSAL_ALLOCATION"},{"@type":"AllocationFactor","exchange":{"@type":"Exchange","flow":{"@type":"Flow","@id":"0178afd7-c74a-3a8f-8f15-d57904d3c377","name":"Steel, stainless 304, scrap"}},"value":0.0,"allocationType":"CAUSAL_ALLOCATION"},{"@type":"AllocationFactor","exchange":{"@type":"Exchange","flow":{"@type":"Flow","@id":"88d06db9-59a1-4719-9174-afeb1fa4026a","name":"Oil, crude, in ground"}},"value":0.0,"allocationType":"CAUSAL_ALLOCATION"},{"@type":"AllocationFactor","exchange":{"@type":"Exchange","flow":{"@type":"Flow","@id":"63e7b036-8549-11e0-9d78-0800200c9a66","name":"Chromium"}},"value":0.0,"allocationType":"CAUSAL_ALLOCATION"},{"@type":"AllocationFactor","exchange":{"@type":"Exchange","flow":{"@type":"Flow","@id":"5189de76-6bbb-44ba-8c42-5714f1b4371f","name":"Nitrate"}},"value":0.0,"allocationType":"CAUSAL_ALLOCATION"},{"@type":"AllocationFactor","exchange":{"@type":"Exchange","flow":{"@type":"Flow","@id":"7213c990-49f1-4416-b154-64fba3771f50","name":"Zinc"}},"value":0.0,"allocationType":"CAUSAL_ALLOCATION"},{"@type":"AllocationFactor","exchange":{"@type":"Exchange","flow":{"@type":"Flow","@id":"082903e4-45d8-4078-94cb-736b15279277","name":"Dioxins, measured as 2,3,7,8-tetrachlorodibenzo-p-dioxin"}},"value":0.0,"allocationType":"CAUSAL_ALLOCATION"},{"@type":"AllocationFactor","exchange":{"@type":"Exchange","flow":{"@type":"Flow","@id":"e142b577-e934-4085-9a07-3983d4d92afb","name":"Chromium"}},"value":0.0,"allocationType":"CAUSAL_ALLOCATION"},{"@type":"AllocationFactor","exchange":{"@type":"Exchange","flow":{"@type":"Flow","@id":"5fb7fbc0-e7d1-4be5-a194-ec5ef5fb4f64","name":"Aluminium"}},"value":0.0,"allocationType":"CAUSAL_ALLOCATION"},{"@type":"AllocationFactor","exchange":{"@type":"Exchange","flow":{"@type":"Flow","@id":"b6d0042d-0ef8-49ed-9162-a07ff1ccf750","name":"Coal, hard, unspecified, in ground"}},"value":0.0,"allocationType":"CAUSAL_ALLOCATION"},{"@type":"AllocationFactor","exchange":{"@type":"Exchange","flow":{"@type":"Flow","@id":"69fece29-f722-4dc4-acfb-a9cbbebfcb11","name":"Stainless steel; Manufacture; Production mix, at plant; 316 2B, 80% recycled"}},"value":0.0,"allocationType":"CAUSAL_ALLOCATION"},{"@type":"AllocationFactor","exchange":{"@type":"Exchange","flow":{"@type":"Flow","@id":"082903e4-45d8-4078-94cb-736b15279277","name":"Dioxins, measured as 2,3,7,8-tetrachlorodibenzo-p-dioxin"}},"value":0.0,"allocationType":"CAUSAL_ALLOCATION"},{"@type":"AllocationFactor","exchange":{"@type":"Exchange","flow":{"@type":"Flow","@id":"600b1c44-b10d-4a1e-8426-62779c118d34","name":"Calcium carbonate, in ground"}},"value":0.0,"allocationType":"CAUSAL_ALLOCATION"},{"@type":"AllocationFactor","exchange":{"@type":"Exchange","flow":{"@type":"Flow","@id":"a5506f4b-113f-4713-95c3-c819dde6e48b","name":"Nickel"}},"value":0.0,"allocationType":"CAUSAL_ALLOCATION"},{"@type":"AllocationFactor","exchange":{"@type":"Exchange","flow":{"@type":"Flow","@id":"b967e1bf-f09b-4c89-8740-ace21db47bba","name":"Particulates, \u003e 2.5 um, and \u003c 10um"}},"value":0.0,"allocationType":"CAUSAL_ALLOCATION"},{"@type":"AllocationFactor","exchange":{"@type":"Exchange","flow":{"@type":"Flow","@id":"0b7e10a8-6ca0-4a50-a39b-f2a019cb3610","name":"Nitrogen dioxide"}},"value":0.0,"allocationType":"CAUSAL_ALLOCATION"},{"@type":"AllocationFactor","exchange":{"@type":"Exchange","flow":{"@type":"Flow","@id":"e1ea501a-7c9f-4cc6-a194-22543ab1b941","name":"Acidity, unspecified"}},"value":0.0,"allocationType":"CAUSAL_ALLOCATION"},{"@type":"AllocationFactor","exchange":{"@type":"Exchange","flow":{"@type":"Flow","@id":"810b11b4-6438-4b30-b9a1-8202b2a53145","name":"Cadmium"}},"value":0.0,"allocationType":"CAUSAL_ALLOCATION"},{"@type":"AllocationFactor","exchange":{"@type":"Exchange","flow":{"@type":"Flow","@id":"082903e4-45d8-4078-94cb-736b15279277","name":"Dioxins, measured as 2,3,7,8-tetrachlorodibenzo-p-dioxin"}},"value":0.0,"allocationType":"CAUSAL_ALLOCATION"},{"@type":"AllocationFactor","exchange":{"@type":"Exchange","flow":{"@type":"Flow","@id":"7ae371ac-8532-11e0-9d78-0800200c9a66","name":"Carbon monoxide"}},"value":0.0,"allocationType":"CAUSAL_ALLOCATION"},{"@type":"AllocationFactor","exchange":{"@type":"Exchange","flow":{"@type":"Flow","@id":"7ae371af-8532-11e0-9d78-0800200c9a66","name":"Coal, 26.4 MJ per kg, in ground"}},"value":0.0,"allocationType":"CAUSAL_ALLOCATION"},{"@type":"AllocationFactor","exchange":{"@type":"Exchange","flow":{"@type":"Flow","@id":"e142b577-e934-4085-9a07-3983d4d92afb","name":"Chromium"}},"value":0.0,"allocationType":"CAUSAL_ALLOCATION"},{"@type":"AllocationFactor","value":0.0,"allocationType":"PHYSICAL_ALLOCATION"},{"@type":"AllocationFactor","exchange":{"@type":"Exchange","flow":{"@type":"Flow","@id":"f5fc0230-23b0-41e8-8583-266c8c92f2c6","name":"Steel plate; Blast furnace route; Production mix; 85% recovery rate"}},"value":1.0,"allocationType":"CAUSAL_ALLOCATION"},{"@type":"AllocationFactor","exchange":{"@type":"Exchange","flow":{"@type":"Flow","@id":"640e30d2-3158-4a1a-82ef-fd0c72922c9a","name":"Molybdenum"}},"value":0.0,"allocationType":"CAUSAL_ALLOCATION"},{"@type":"AllocationFactor","exchange":{"@type":"Exchange","flow":{"@type":"Flow","@id":"7ae371ac-8532-11e0-9d78-0800200c9a66","name":"Carbon monoxide"}},"value":0.0,"allocationType":"CAUSAL_ALLOCATION"},{"@type":"AllocationFactor","exchange":{"@type":"Exchange","flow":{"@type":"Flow","@id":"20185046-64bb-4c09-a8e7-e8a9e144ca98","name":"Dinitrogen monoxide"}},"value":0.0,"allocationType":"CAUSAL_ALLOCATION"},{"@type":"AllocationFactor","exchange":{"@type":"Exchange","flow":{"@type":"Flow","@id":"0178afd7-c74a-3a8f-8f15-d57904d3c377","name":"Steel, stainless 304, scrap"}},"value":0.0,"allocationType":"CAUSAL_ALLOCATION"},{"@type":"AllocationFactor","exchange":{"@type":"Exchange","flow":{"@type":"Flow","@id":"fe0acd60-3ddc-11dd-9e5c-0050c2490048","name":"Manganese"}},"value":0.0,"allocationType":"CAUSAL_ALLOCATION"},{"@type":"AllocationFactor","exchange":{"@type":"Exchange","flow":{"@type":"Flow","@id":"c087ef23-4b5b-40f6-932a-7939b72386c4","name":"Cadmium"}},"value":0.0,"allocationType":"CAUSAL_ALLOCATION"},{"@type":"AllocationFactor","exchange":{"@type":"Exchange","flow":{"@type":"Flow","@id":"5ce378a0-b48d-471c-977d-79681521efde","name":"Zinc"}},"value":0.0,"allocationType":"CAUSAL_ALLOCATION"},{"@type":"AllocationFactor","exchange":{"@type":"Exchange","flow":{"@type":"Flow","@id":"08a91e70-3ddc-11dd-959a-0050c2490048","name":"Iron"}},"value":0.0,"allocationType":"CAUSAL_ALLOCATION"},{"@type":"AllocationFactor","exchange":{"@type":"Exchange","flow":{"@type":"Flow","@id":"77b23aa4-9f0a-4d3f-8857-29ee054cdae1","name":"Nickel"}},"value":0.0,"allocationType":"CAUSAL_ALLOCATION"},{"@type":"AllocationFactor","exchange":{"@type":"Exchange","flow":{"@type":"Flow","@id":"b01462dc-5676-4b86-a3f6-bed1055e0e6b","name":"Suspended solids, unspecified"}},"value":0.0,"allocationType":"CAUSAL_ALLOCATION"},{"@type":"AllocationFactor","exchange":{"@type":"Exchange","flow":{"@type":"Flow","@id":"e1ea501a-7c9f-4cc6-a194-22543ab1b941","name":"Acidity, unspecified"}},"value":0.0,"allocationType":"CAUSAL_ALLOCATION"},{"@type":"AllocationFactor","exchange":{"@type":"Exchange","flow":{"@type":"Flow","@id":"0178afd7-c74a-3a8f-8f15-d57904d3c377","name":"Steel, stainless 304, scrap"}},"value":0.0,"allocationType":"CAUSAL_ALLOCATION"},{"@type":"AllocationFactor","exchange":{"@type":"Exchange","flow":{"@type":"Flow","@id":"63e8256a-8549-11e0-9d78-0800200c9a66","name":"Tin"}},"value":0.0,"allocationType":"CAUSAL_ALLOCATION"},{"@type":"AllocationFactor","exchange":{"@type":"Exchange","flow":{"@type":"Flow","@id":"5189de76-6bbb-44ba-8c42-5714f1b4371f","name":"Nitrate"}},"value":0.0,"allocationType":"CAUSAL_ALLOCATION"},{"@type":"AllocationFactor","exchange":{"@type":"Exchange","flow":{"@type":"Flow","@id":"1c5a7322-9261-4d59-a692-adde6c12de92","name":"Cadmium"}},"value":0.0,"allocationType":"CAUSAL_ALLOCATION"},{"@type":"AllocationFactor","exchange":{"@type":"Exchange","flow":{"@type":"Flow","@id":"bdb65727-d947-4b39-9d0c-082a58df6808","name":"Silicon dioxide (silica)"}},"value":0.0,"allocationType":"CAUSAL_ALLOCATION"},{"@type":"AllocationFactor","exchange":{"@type":"Exchange","flow":{"@type":"Flow","@id":"c1b91234-6f24-417b-8309-46111d09c457","name":"Nitrogen oxides"}},"value":0.0,"allocationType":"CAUSAL_ALLOCATION"},{"@type":"AllocationFactor","exchange":{"@type":"Exchange","flow":{"@type":"Flow","@id":"961ccd56-2eee-4f57-bb18-fc4362b49000","name":"COD, Chemical Oxygen Demand"}},"value":0.0,"allocationType":"CAUSAL_ALLOCATION"},{"@type":"AllocationFactor","exchange":{"@type":"Exchange","flow":{"@type":"Flow","@id":"36b4aa53-3005-3e3d-b6e3-3450d17d5f03","name":"Electricity, at Grid, US, 2010"}},"value":0.0,"allocationType":"CAUSAL_ALLOCATION"},{"@type":"AllocationFactor","exchange":{"@type":"Exchange","flow":{"@type":"Flow","@id":"08a91e70-3ddc-11dd-959a-0050c2490048","name":"Iron"}},"value":0.0,"allocationType":"CAUSAL_ALLOCATION"},{"@type":"AllocationFactor","exchange":{"@type":"Exchange","flow":{"@type":"Flow","@id":"c7aee986-b7d8-4ad9-ad45-1ac0d68e6b78","name":"Dolomite, in ground"}},"value":0.0,"allocationType":"CAUSAL_ALLOCATION"},{"@type":"AllocationFactor","exchange":{"@type":"Exchange","flow":{"@type":"Flow","@id":"e1ea501a-7c9f-4cc6-a194-22543ab1b941","name":"Acidity, unspecified"}},"value":0.0,"allocationType":"CAUSAL_ALLOCATION"},{"@type":"AllocationFactor","exchange":{"@type":"Exchange","flow":{"@type":"Flow","@id":"fdaaef05-0d10-4032-b2e7-85cae3c7bd5c","name":"Molybdenum"}},"value":0.0,"allocationType":"CAUSAL_ALLOCATION"},{"@type":"AllocationFactor","exchange":{"@type":"Exchange","flow":{"@type":"Flow","@id":"c941d6d0-a56c-4e6c-95de-ac685635218d","name":"Hydrogen chloride"}},"value":0.0,"allocationType":"CAUSAL_ALLOCATION"},{"@type":"AllocationFactor","exchange":{"@type":"Exchange","flow":{"@type":"Flow","@id":"d3260d0e-8203-4cbb-a45a-6a13131a5108","name":"NMVOC, non-methane volatile organic compounds, unspecified origin"}},"value":0.0,"allocationType":"CAUSAL_ALLOCATION"},{"@type":"AllocationFactor","exchange":{"@type":"Exchange","flow":{"@type":"Flow","@id":"e3569b8d-34ca-4712-93b5-b0d81f955663","name":"Sulfur oxides"}},"value":0.0,"allocationType":"CAUSAL_ALLOCATION"},{"@type":"AllocationFactor","exchange":{"@type":"Exchange","flow":{"@type":"Flow","@id":"81e17d9a-3e0b-414e-9b2e-eca7e5b3bd4a","name":"Chromium VI"}},"value":0.0,"allocationType":"CAUSAL_ALLOCATION"},{"@type":"AllocationFactor","exchange":{"@type":"Exchange","flow":{"@type":"Flow","@id":"88d06db9-59a1-4719-9174-afeb1fa4026a","name":"Oil, crude, in ground"}},"value":0.0,"allocationType":"CAUSAL_ALLOCATION"},{"@type":"AllocationFactor","exchange":{"@type":"Exchange","flow":{"@type":"Flow","@id":"d3260d0e-8203-4cbb-a45a-6a13131a5108","name":"NMVOC, non-methane volatile organic compounds, unspecified origin"}},"value":0.0,"allocationType":"CAUSAL_ALLOCATION"},{"@type":"AllocationFactor","exchange":{"@type":"Exchange","flow":{"@type":"Flow","@id":"63e78926-8549-11e0-9d78-0800200c9a66","name":"Ammonia"}},"value":0.0,"allocationType":"CAUSAL_ALLOCATION"},{"@type":"AllocationFactor","exchange":{"@type":"Exchange","flow":{"@type":"Flow","@id":"7ae371aa-8532-11e0-9d78-0800200c9a66","name":"Carbon dioxide"}},"value":0.0,"allocationType":"CAUSAL_ALLOCATION"},{"@type":"AllocationFactor","exchange":{"@type":"Exchange","flow":{"@type":"Flow","@id":"fe0acd60-3ddc-11dd-9e5c-0050c2490048","name":"Manganese"}},"value":1.0,"allocationType":"CAUSAL_ALLOCATION"},{"@type":"AllocationFactor","exchange":{"@type":"Exchange","flow":{"@type":"Flow","@id":"a87680bc-ecde-471a-88bb-6bc7482a62cf","name":"Phosphate"}},"value":0.0,"allocationType":"CAUSAL_ALLOCATION"},{"@type":"AllocationFactor","exchange":{"@type":"Exchange","flow":{"@type":"Flow","@id":"20d4d821-f4f7-4017-8810-f822fcdf619e","name":"Hydrogen sulfide"}},"value":0.0,"allocationType":"CAUSAL_ALLOCATION"},{"@type":"AllocationFactor","exchange":{"@type":"Exchange","flow":{"@type":"Flow","@id":"08a91e70-3ddc-11dd-959a-0050c2490048","name":"Iron"}},"value":0.0,"allocationType":"CAUSAL_ALLOCATION"},{"@type":"AllocationFactor","exchange":{"@type":"Exchange","flow":{"@type":"Flow","@id":"31c4d160-b21e-41b3-b9c1-3d7a72377653","name":"Lead"}},"value":0.0,"allocationType":"CAUSAL_ALLOCATION"},{"@type":"AllocationFactor","exchange":{"@type":"Exchange","flow":{"@type":"Flow","@id":"e3569b8d-34ca-4712-93b5-b0d81f955663","name":"Sulfur oxides"}},"value":0.0,"allocationType":"CAUSAL_ALLOCATION"},{"@type":"AllocationFactor","exchange":{"@type":"Exchange","flow":{"@type":"Flow","@id":"96b0e9d0-5bfc-4113-ac30-c9b8a310b534","name":"Fluoride"}},"value":0.0,"allocationType":"CAUSAL_ALLOCATION"},{"@type":"AllocationFactor","exchange":{"@type":"Exchange","flow":{"@type":"Flow","@id":"180520a0-34e8-4058-bac9-27cbbb32c527","name":"Nitrate"}},"value":0.0,"allocationType":"CAUSAL_ALLOCATION"},{"@type":"AllocationFactor","exchange":{"@type":"Exchange","flow":{"@type":"Flow","@id":"7213c990-49f1-4416-b154-64fba3771f50","name":"Zinc"}},"value":0.0,"allocationType":"CAUSAL_ALLOCATION"},{"@type":"AllocationFactor","exchange":{"@type":"Exchange","flow":{"@type":"Flow","@id":"08a91e70-3ddc-11dd-959a-0050c2490048","name":"Iron"}},"value":0.0,"allocationType":"CAUSAL_ALLOCATION"},{"@type":"AllocationFactor","exchange":{"@type":"Exchange","flow":{"@type":"Flow","@id":"88d06db9-59a1-4719-9174-afeb1fa4026a","name":"Oil, crude, in ground"}},"value":0.0,"allocationType":"CAUSAL_ALLOCATION"},{"@type":"AllocationFactor","exchange":{"@type":"Exchange","flow":{"@type":"Flow","@id":"a9ec0c9b-982a-4329-99ae-dab1f9fb62d3","name":"Chromium VI"}},"value":0.0,"allocationType":"CAUSAL_ALLOCATION"},{"@type":"AllocationFactor","exchange":{"@type":"Exchange","flow":{"@type":"Flow","@id":"c941d6d0-a56c-4e6c-95de-ac685635218d","name":"Hydrogen chloride"}},"value":0.0,"allocationType":"CAUSAL_ALLOCATION"},{"@type":"AllocationFactor","exchange":{"@type":"Exchange","flow":{"@type":"Flow","@id":"b3cfad3f-b7da-490b-a491-8507a1bb7c4b","name":"COD, Chemical Oxygen Demand"}},"value":0.0,"allocationType":"CAUSAL_ALLOCATION"},{"@type":"AllocationFactor","exchange":{"@type":"Exchange","flow":{"@type":"Flow","@id":"c9eaca71-6924-483f-9e86-51265bc0e9ef","name":"Water"}},"value":0.0,"allocationType":"CAUSAL_ALLOCATION"},{"@type":"AllocationFactor","exchange":{"@type":"Exchange","flow":{"@type":"Flow","@id":"63e78926-8549-11e0-9d78-0800200c9a66","name":"Ammonia"}},"value":0.0,"allocationType":"CAUSAL_ALLOCATION"},{"@type":"AllocationFactor","exchange":{"@type":"Exchange","flow":{"@type":"Flow","@id":"1c5a7322-9261-4d59-a692-adde6c12de92","name":"Cadmium"}},"value":0.0,"allocationType":"CAUSAL_ALLOCATION"},{"@type":"AllocationFactor","exchange":{"@type":"Exchange","flow":{"@type":"Flow","@id":"f24aafe3-8c41-466a-97c8-001dd37c60de","name":"Solid waste; For disposal; Production mix"}},"value":1.0,"allocationType":"CAUSAL_ALLOCATION"},{"@type":"AllocationFactor","exchange":{"@type":"Exchange","flow":{"@type":"Flow","@id":"6ec6cdaa-5a01-46d4-b716-1905e56690ea","name":"Nickel, ion"}},"value":0.0,"allocationType":"CAUSAL_ALLOCATION"},{"@type":"AllocationFactor","exchange":{"@type":"Exchange","flow":{"@type":"Flow","@id":"fdaaef05-0d10-4032-b2e7-85cae3c7bd5c","name":"Molybdenum"}},"value":0.0,"allocationType":"CAUSAL_ALLOCATION"},{"@type":"AllocationFactor","exchange":{"@type":"Exchange","flow":{"@type":"Flow","@id":"36b4aa53-3005-3e3d-b6e3-3450d17d5f03","name":"Electricity, at Grid, US, 2010"}},"value":0.0,"allocationType":"CAUSAL_ALLOCATION"},{"@type":"AllocationFactor","exchange":{"@type":"Exchange","flow":{"@type":"Flow","@id":"b01462dc-5676-4b86-a3f6-bed1055e0e6b","name":"Suspended solids, unspecified"}},"value":0.0,"allocationType":"CAUSAL_ALLOCATION"},{"@type":"AllocationFactor","exchange":{"@type":"Exchange","flow":{"@type":"Flow","@id":"fe0acd60-3ddc-11dd-ae59-0050c2490048","name":"Water, ground"}},"value":0.0,"allocationType":"CAUSAL_ALLOCATION"},{"@type":"AllocationFactor","exchange":{"@type":"Exchange","flow":{"@type":"Flow","@id":"e142b577-e934-4085-9a07-3983d4d92afb","name":"Chromium"}},"value":0.0,"allocationType":"CAUSAL_ALLOCATION"},{"@type":"AllocationFactor","exchange":{"@type":"Exchange","flow":{"@type":"Flow","@id":"e620a933-c348-4e7e-8893-ab0a0f681c7e","name":"Hydrocarbons, unspecified"}},"value":0.0,"allocationType":"CAUSAL_ALLOCATION"},{"@type":"AllocationFactor","exchange":{"@type":"Exchange","flow":{"@type":"Flow","@id":"fd7aa71c-508c-480d-81a6-8052aad92646","name":"Sulfur dioxide"}},"value":0.0,"allocationType":"CAUSAL_ALLOCATION"},{"@type":"AllocationFactor","exchange":{"@type":"Exchange","flow":{"@type":"Flow","@id":"64b1ce4a-6556-11dd-ad8b-0800200c9a66","name":"Zinc"}},"value":0.0,"allocationType":"CAUSAL_ALLOCATION"},{"@type":"AllocationFactor","exchange":{"@type":"Exchange","flow":{"@type":"Flow","@id":"63e8256f-8549-11e0-9d78-0800200c9a66","name":"Zinc"}},"value":0.0,"allocationType":"CAUSAL_ALLOCATION"},{"@type":"AllocationFactor","exchange":{"@type":"Exchange","flow":{"@type":"Flow","@id":"7ae398c3-8532-11e0-9d78-0800200c9a66","name":"Particulates, unspecified"}},"value":0.0,"allocationType":"CAUSAL_ALLOCATION"},{"@type":"AllocationFactor","exchange":{"@type":"Exchange","flow":{"@type":"Flow","@id":"7ae371ac-8532-11e0-9d78-0800200c9a66","name":"Carbon monoxide"}},"value":0.0,"allocationType":"CAUSAL_ALLOCATION"},{"@type":"AllocationFactor","exchange":{"@type":"Exchange","flow":{"@type":"Flow","@id":"7ae371aa-8532-11e0-9d78-0800200c9a66","name":"Carbon dioxide"}},"value":0.0,"allocationType":"CAUSAL_ALLOCATION"},{"@type":"AllocationFactor","exchange":{"@type":"Exchange","flow":{"@type":"Flow","@id":"e620a933-c348-4e7e-8893-ab0a0f681c7e","name":"Hydrocarbons, unspecified"}},"value":0.0,"allocationType":"CAUSAL_ALLOCATION"},{"@type":"AllocationFactor","exchange":{"@type":"Exchange","flow":{"@type":"Flow","@id":"cd90b6de-0be0-45e5-88c5-d641e78a0339","name":"Chlorides, unspecified"}},"value":0.0,"allocationType":"CAUSAL_ALLOCATION"},{"@type":"AllocationFactor","exchange":{"@type":"Exchange","flow":{"@type":"Flow","@id":"63e7b036-8549-11e0-9d78-0800200c9a66","name":"Chromium"}},"value":0.0,"allocationType":"CAUSAL_ALLOCATION"},{"@type":"AllocationFactor","exchange":{"@type":"Exchange","flow":{"@type":"Flow","@id":"10cbd2f7-c41b-4bb4-b636-d8fc15cf0282","name":"Manganese"}},"value":0.0,"allocationType":"CAUSAL_ALLOCATION"},{"@type":"AllocationFactor","exchange":{"@type":"Exchange","flow":{"@type":"Flow","@id":"0178afd7-c74a-3a8f-8f15-d57904d3c377","name":"Steel, stainless 304, scrap"}},"value":0.0,"allocationType":"CAUSAL_ALLOCATION"},{"@type":"AllocationFactor","exchange":{"@type":"Exchange","flow":{"@type":"Flow","@id":"96b0e9d0-5bfc-4113-ac30-c9b8a310b534","name":"Fluoride"}},"value":0.0,"allocationType":"CAUSAL_ALLOCATION"},{"@type":"AllocationFactor","exchange":{"@type":"Exchange","flow":{"@type":"Flow","@id":"c087ef23-4b5b-40f6-932a-7939b72386c4","name":"Cadmium"}},"value":0.0,"allocationType":"CAUSAL_ALLOCATION"},{"@type":"AllocationFactor","exchange":{"@type":"Exchange","flow":{"@type":"Flow","@id":"938a1dfd-7aa3-49ae-828c-4ffd20264fab","name":"Nitrogenous Matter, unspecified, as N"}},"value":0.0,"allocationType":"CAUSAL_ALLOCATION"},{"@type":"AllocationFactor","exchange":{"@type":"Exchange","flow":{"@type":"Flow","@id":"80b3c2a1-af98-4dde-b298-abf7e78e38ee","name":"Lead"}},"value":0.0,"allocationType":"CAUSAL_ALLOCATION"},{"@type":"AllocationFactor","exchange":{"@type":"Exchange","flow":{"@type":"Flow","@id":"c6b5d060-66cd-42d0-99dc-669f4baebb57","name":"Solid waste; From steel works, for disposal; Production mix"}},"value":0.0,"allocationType":"CAUSAL_ALLOCATION"},{"@type":"AllocationFactor","exchange":{"@type":"Exchange","flow":{"@type":"Flow","@id":"64b1ce4a-6556-11dd-ad8b-0800200c9a66","name":"Zinc"}},"value":0.0,"allocationType":"CAUSAL_ALLOCATION"},{"@type":"AllocationFactor","exchange":{"@type":"Exchange","flow":{"@type":"Flow","@id":"fdaaef05-0d10-4032-b2e7-85cae3c7bd5c","name":"Molybdenum"}},"value":0.0,"allocationType":"CAUSAL_ALLOCATION"},{"@type":"AllocationFactor","exchange":{"@type":"Exchange","flow":{"@type":"Flow","@id":"31c4d160-b21e-41b3-b9c1-3d7a72377653","name":"Lead"}},"value":0.0,"allocationType":"CAUSAL_ALLOCATION"},{"@type":"AllocationFactor","exchange":{"@type":"Exchange","flow":{"@type":"Flow","@id":"fd7aa71c-508c-480d-81a6-8052aad92646","name":"Sulfur dioxide"}},"value":0.0,"allocationType":"CAUSAL_ALLOCATION"},{"@type":"AllocationFactor","exchange":{"@type":"Exchange","flow":{"@type":"Flow","@id":"938a1dfd-7aa3-49ae-828c-4ffd20264fab","name":"Nitrogenous Matter, unspecified, as N"}},"value":0.0,"allocationType":"CAUSAL_ALLOCATION"},{"@type":"AllocationFactor","exchange":{"@type":"Exchange","flow":{"@type":"Flow","@id":"c2035468-120a-459e-8415-df51576e9b4a","name":"natural gas;  44.1 MJ/kg"}},"value":0.0,"allocationType":"CAUSAL_ALLOCATION"},{"@type":"AllocationFactor","exchange":{"@type":"Exchange","flow":{"@type":"Flow","@id":"2f100cfa-4feb-45e9-a43a-357128228889","name":"Copper"}},"value":0.0,"allocationType":"CAUSAL_ALLOCATION"},{"@type":"AllocationFactor","exchange":{"@type":"Exchange","flow":{"@type":"Flow","@id":"20185046-64bb-4c09-a8e7-e8a9e144ca98","name":"Dinitrogen monoxide"}},"value":0.0,"allocationType":"CAUSAL_ALLOCATION"},{"@type":"AllocationFactor","exchange":{"@type":"Exchange","flow":{"@type":"Flow","@id":"b6d0042d-0ef8-49ed-9162-a07ff1ccf750","name":"Coal, hard, unspecified, in ground"}},"value":0.0,"allocationType":"CAUSAL_ALLOCATION"},{"@type":"AllocationFactor","exchange":{"@type":"Exchange","flow":{"@type":"Flow","@id":"2f100cfa-4feb-45e9-a43a-357128228889","name":"Copper"}},"value":0.0,"allocationType":"CAUSAL_ALLOCATION"},{"@type":"AllocationFactor","exchange":{"@type":"Exchange","flow":{"@type":"Flow","@id":"c941d6d0-a56c-4e6c-95de-ac685635218d","name":"Hydrogen chloride"}},"value":0.0,"allocationType":"CAUSAL_ALLOCATION"},{"@type":"AllocationFactor","exchange":{"@type":"Exchange","flow":{"@type":"Flow","@id":"a87680bc-ecde-471a-88bb-6bc7482a62cf","name":"Phosphate"}},"value":0.0,"allocationType":"CAUSAL_ALLOCATION"},{"@type":"AllocationFactor","exchange":{"@type":"Exchange","flow":{"@type":"Flow","@id":"6ec6cdaa-5a01-46d4-b716-1905e56690ea","name":"Nickel, ion"}},"value":0.0,"allocationType":"CAUSAL_ALLOCATION"},{"@type":"AllocationFactor","exchange":{"@type":"Exchange","flow":{"@type":"Flow","@id":"fe0acd60-3ddc-11dd-a2be-0050c2490048","name":"Molybdenum"}},"value":0.0,"allocationType":"CAUSAL_ALLOCATION"},{"@type":"AllocationFactor","exchange":{"@type":"Exchange","flow":{"@type":"Flow","@id":"08a91e70-3ddc-11dd-96d1-0050c2490048","name":"Nickel"}},"value":0.0,"allocationType":"CAUSAL_ALLOCATION"},{"@type":"AllocationFactor","exchange":{"@type":"Exchange","flow":{"@type":"Flow","@id":"10cbd2f7-c41b-4bb4-b636-d8fc15cf0282","name":"Manganese"}},"value":0.0,"allocationType":"CAUSAL_ALLOCATION"},{"@type":"AllocationFactor","exchange":{"@type":"Exchange","flow":{"@type":"Flow","@id":"fe0acd60-3ddc-11dd-a2be-0050c2490048","name":"Molybdenum"}},"value":0.0,"allocationType":"CAUSAL_ALLOCATION"},{"@type":"AllocationFactor","exchange":{"@type":"Exchange","flow":{"@type":"Flow","@id":"08a91e70-3ddc-11dd-9f78-0050c2490048","name":"Chromium"}},"value":1.0,"allocationType":"CAUSAL_ALLOCATION"},{"@type":"AllocationFactor","exchange":{"@type":"Exchange","flow":{"@type":"Flow","@id":"7ae371aa-8532-11e0-9d78-0800200c9a66","name":"Carbon dioxide"}},"value":0.0,"allocationType":"CAUSAL_ALLOCATION"},{"@type":"AllocationFactor","exchange":{"@type":"Exchange","flow":{"@type":"Flow","@id":"a9ec0c9b-982a-4329-99ae-dab1f9fb62d3","name":"Chromium VI"}},"value":0.0,"allocationType":"CAUSAL_ALLOCATION"},{"@type":"AllocationFactor","exchange":{"@type":"Exchange","flow":{"@type":"Flow","@id":"a87680bc-ecde-471a-88bb-6bc7482a62cf","name":"Phosphate"}},"value":0.0,"allocationType":"CAUSAL_ALLOCATION"},{"@type":"AllocationFactor","exchange":{"@type":"Exchange","flow":{"@type":"Flow","@id":"a5506f4b-113f-4713-95c3-c819dde6e48b","name":"Nickel"}},"value":0.0,"allocationType":"CAUSAL_ALLOCATION"},{"@type":"AllocationFactor","exchange":{"@type":"Exchange","flow":{"@type":"Flow","@id":"7ec8c6c1-e62a-4000-a1f6-bce131634f1b","name":"Chromium"}},"value":0.0,"allocationType":"CAUSAL_ALLOCATION"},{"@type":"AllocationFactor","exchange":{"@type":"Exchange","flow":{"@type":"Flow","@id":"8e123669-94d3-41d8-9480-a79211fe7c43","name":"Lead"}},"value":0.0,"allocationType":"CAUSAL_ALLOCATION"},{"@type":"AllocationFactor","exchange":{"@type":"Exchange","flow":{"@type":"Flow","@id":"08a91e70-3ddc-11dd-96d1-0050c2490048","name":"Nickel"}},"value":0.0,"allocationType":"CAUSAL_ALLOCATION"},{"@type":"AllocationFactor","exchange":{"@type":"Exchange","flow":{"@type":"Flow","@id":"0178afd7-c74a-3a8f-8f15-d57904d3c377","name":"Steel, stainless 304, scrap"}},"value":0.0,"allocationType":"CAUSAL_ALLOCATION"},{"@type":"AllocationFactor","exchange":{"@type":"Exchange","flow":{"@type":"Flow","@id":"08a91e70-3ddc-11dd-959a-0050c2490048","name":"Iron"}},"value":0.0,"allocationType":"CAUSAL_ALLOCATION"},{"@type":"AllocationFactor","exchange":{"@type":"Exchange","flow":{"@type":"Flow","@id":"80b3c2a1-af98-4dde-b298-abf7e78e38ee","name":"Lead"}},"value":0.0,"allocationType":"CAUSAL_ALLOCATION"},{"@type":"AllocationFactor","exchange":{"@type":"Exchange","flow":{"@type":"Flow","@id":"63e8256a-8549-11e0-9d78-0800200c9a66","name":"Tin"}},"value":0.0,"allocationType":"CAUSAL_ALLOCATION"},{"@type":"AllocationFactor","exchange":{"@type":"Exchange","flow":{"@type":"Flow","@id":"71234253-b3a7-4dfe-b166-a484ad15bee7","name":"Mercury"}},"value":0.0,"allocationType":"CAUSAL_ALLOCATION"},{"@type":"AllocationFactor","exchange":{"@type":"Exchange","flow":{"@type":"Flow","@id":"c2035468-120a-459e-8415-df51576e9b4a","name":"natural gas;  44.1 MJ/kg"}},"value":0.0,"allocationType":"CAUSAL_ALLOCATION"},{"@type":"AllocationFactor","exchange":{"@type":"Exchange","flow":{"@type":"Flow","@id":"fe0acd60-3ddc-11dd-a2be-0050c2490048","name":"Molybdenum"}},"value":1.0,"allocationType":"CAUSAL_ALLOCATION"},{"@type":"AllocationFactor","exchange":{"@type":"Exchange","flow":{"@type":"Flow","@id":"ad9c08fd-ea91-415d-95a9-7eb5116dc97a","name":"Gas, natural, at extraction site"}},"value":0.0,"allocationType":"CAUSAL_ALLOCATION"},{"@type":"AllocationFactor","exchange":{"@type":"Exchange","flow":{"@type":"Flow","@id":"7ae371ac-8532-11e0-9d78-0800200c9a66","name":"Carbon monoxide"}},"value":0.0,"allocationType":"CAUSAL_ALLOCATION"},{"@type":"AllocationFactor","exchange":{"@type":"Exchange","flow":{"@type":"Flow","@id":"0178afd7-c74a-3a8f-8f15-d57904d3c377","name":"Steel, stainless 304, scrap"}},"value":0.0,"allocationType":"CAUSAL_ALLOCATION"},{"@type":"AllocationFactor","exchange":{"@type":"Exchange","flow":{"@type":"Flow","@id":"b967e1bf-f09b-4c89-8740-ace21db47bba","name":"Particulates, \u003e 2.5 um, and \u003c 10um"}},"value":0.0,"allocationType":"CAUSAL_ALLOCATION"},{"@type":"AllocationFactor","exchange":{"@type":"Exchange","flow":{"@type":"Flow","@id":"7ae398bf-8532-11e0-9d78-0800200c9a66","name":"Oil, crude, 42 MJ per kg, in ground"}},"value":0.0,"allocationType":"CAUSAL_ALLOCATION"},{"@type":"AllocationFactor","exchange":{"@type":"Exchange","flow":{"@type":"Flow","@id":"640e30d2-3158-4a1a-82ef-fd0c72922c9a","name":"Molybdenum"}},"value":0.0,"allocationType":"CAUSAL_ALLOCATION"},{"@type":"AllocationFactor","exchange":{"@type":"Exchange","flow":{"@type":"Flow","@id":"63e8256f-8549-11e0-9d78-0800200c9a66","name":"Zinc"}},"value":0.0,"allocationType":"CAUSAL_ALLOCATION"},{"@type":"AllocationFactor","exchange":{"@type":"Exchange","flow":{"@type":"Flow","@id":"bdb65727-d947-4b39-9d0c-082a58df6808","name":"Silicon dioxide (silica)"}},"value":0.0,"allocationType":"CAUSAL_ALLOCATION"},{"@type":"AllocationFactor","exchange":{"@type":"Exchange","flow":{"@type":"Flow","@id":"08a91e70-3ddc-11dd-9f78-0050c2490048","name":"Chromium"}},"value":0.0,"allocationType":"CAUSAL_ALLOCATION"},{"@type":"AllocationFactor","exchange":{"@type":"Exchange","flow":{"@type":"Flow","@id":"fe0acd60-3ddc-11dd-ae59-0050c2490048","name":"Water, ground"}},"value":0.0,"allocationType":"CAUSAL_ALLOCATION"},{"@type":"AllocationFactor","exchange":{"@type":"Exchange","flow":{"@type":"Flow","@id":"6ec6cdaa-5a01-46d4-b716-1905e56690ea","name":"Nickel, ion"}},"value":0.0,"allocationType":"CAUSAL_ALLOCATION"},{"@type":"AllocationFactor","exchange":{"@type":"Exchange","flow":{"@type":"Flow","@id":"c1b91234-6f24-417b-8309-46111d09c457","name":"Nitrogen oxides"}},"value":0.0,"allocationType":"CAUSAL_ALLOCATION"},{"@type":"AllocationFactor","exchange":{"@type":"Exchange","flow":{"@type":"Flow","@id":"7ae371af-8532-11e0-9d78-0800200c9a66","name":"Coal, 26.4 MJ per kg, in ground"}},"value":0.0,"allocationType":"CAUSAL_ALLOCATION"},{"@type":"AllocationFactor","exchange":{"@type":"Exchange","flow":{"@type":"Flow","@id":"20185046-64bb-4c09-a8e7-e8a9e144ca98","name":"Dinitrogen monoxide"}},"value":0.0,"allocationType":"CAUSAL_ALLOCATION"},{"@type":"AllocationFactor","exchange":{"@type":"Exchange","flow":{"@type":"Flow","@id":"600b1c44-b10d-4a1e-8426-62779c118d34","name":"Calcium carbonate, in ground"}},"value":0.0,"allocationType":"CAUSAL_ALLOCATION"},{"@type":"AllocationFactor","exchange":{"@type":"Exchange","flow":{"@type":"Flow","@id":"180520a0-34e8-4058-bac9-27cbbb32c527","name":"Nitrate"}},"value":0.0,"allocationType":"CAUSAL_ALLOCATION"},{"@type":"AllocationFactor","exchange":{"@type":"Exchange","flow":{"@type":"Flow","@id":"20408dd1-8534-11e0-9d78-0800200c9a66","name":"Methane"}},"value":0.0,"allocationType":"CAUSAL_ALLOCATION"},{"@type":"AllocationFactor","exchange":{"@type":"Exchange","flow":{"@type":"Flow","@id":"81e17d9a-3e0b-414e-9b2e-eca7e5b3bd4a","name":"Chromium VI"}},"value":0.0,"allocationType":"CAUSAL_ALLOCATION"},{"@type":"AllocationFactor","exchange":{"@type":"Exchange","flow":{"@type":"Flow","@id":"badefaa0-fb1e-4cb0-bac1-480058554f3c","name":"Lignite, 11 MJ per kg, in ground"}},"value":0.0,"allocationType":"CAUSAL_ALLOCATION"},{"@type":"AllocationFactor","exchange":{"@type":"Exchange","flow":{"@type":"Flow","@id":"20408dd1-8534-11e0-9d78-0800200c9a66","name":"Methane"}},"value":0.0,"allocationType":"CAUSAL_ALLOCATION"}]}