{"@context":"http://greendelta.github.io/olca-schema/context.jsonld","@type":"FlowProperty","@id":"93a60a56-a3c8-11da-a746-0800200b9a66","name":"Mass","version":"00.00.002","lastChange":"2018-10-05T14:39:36.514-06:00","category":{"@type":"Category","@id":"87cfd36b-db77-3a88-8c0e-7102ce682690","name":"Technical flow properties","categoryType":"FlowProperty"},"flowPropertyType":"PHYSICAL_QUANTITY","unitGroup":{"@type":"UnitGroup","@id":"93a60a57-a4c8-11da-a746-0800200c9a66","name":"Units of mass","categoryPath":["Technical unit groups"]}}