{"@context":"http://greendelta.github.io/olca-schema/context.jsonld","@type":"UnitGroup","@id":"93a60a57-a3c8-12da-a746-0800200c9a66","name":"Units of volume","version":"00.00.000","category":{"@type":"Category","@id":"e38f841d-bc83-49a3-ab86-2783de8cebfb","name":"Technical unit groups"},"units":[{"@type":"Unit","@id":"078c7a18-a743-491d-87c2-530454661ef1","name":"gill","description":"Gill","version":"00.00.000","conversionFactor":1.18294E-4},{"@type":"Unit","@id":"07973a41-56b3-4e1b-a208-fd75a09fbd4b","name":"cu ft","description":"Cubic feet","version":"00.00.000","conversionFactor":0.02,"synonyms":["cuft"]},{"@type":"Unit","@id":"08d8bee4-32ca-4cc3-ad33-838377e6517a","name":"qt (US dry)","description":"Quart (US dry)","version":"00.00.000","conversionFactor":0.001101221},{"@type":"Unit","@id":"1c3a9695-398d-4b1f-b07e-a8715b610f70","name":"m3","description":"Cubic metre","version":"00.00.000","referenceUnit":true,"conversionFactor":1.0,"synonyms":["m³","kl","kL"]},{"@type":"Unit","@id":"1c4169d1-4fee-40e3-9868-953ee15e26ae","name":"bl (US dry)","description":"Barrel (US dry)","version":"00.00.000","conversionFactor":0.11},{"@type":"Unit","@id":"2d64c7e0-1167-42ec-9988-c441c261a35c","name":"US fl oz","description":"US customary fluid ounce","version":"00.00.000","conversionFactor":2.96E-5},{"@type":"Unit","@id":"2d895297-8e96-45f1-b256-a6d4ccd4bbc4","name":"dal","description":"Decalitre","version":"00.00.000","conversionFactor":0.01,"synonyms":["daL"]},{"@type":"Unit","@id":"2df86f1f-293e-4e07-9cde-34eebc6d2c5f","name":"pt (US fl)","description":"Pint (US fluid)","version":"00.00.000","conversionFactor":4.73E-4},{"@type":"Unit","@id":"2ea37335-f10b-4fcc-b4a9-0a742d651fa2","name":"dm3","description":"Cubic decimeter","version":"00.00.000","conversionFactor":0.001},{"@type":"Unit","@id":"431df202-da83-4baa-b576-5d17f59f0c8a","name":"gal (US fl)","description":"Gallon (US fluid); used in US e.g. for fuel","version":"00.00.000","conversionFactor":0.00379},{"@type":"Unit","@id":"4669b8ce-894d-405a-95d1-3211accaa739","name":"Nm3","description":"Normal cubic metres","version":"00.00.000","conversionFactor":1.0,"synonyms":["Nm³"]},{"@type":"Unit","@id":"46930fb7-8660-42a4-983e-19cf53da740b","name":"cm3","description":"Cubic centimetres","version":"00.00.000","conversionFactor":1.0E-6},{"@type":"Unit","@id":"505845e0-3f71-46d4-acfa-8c4ed8d3c305","name":"mm3","description":"Cubic millimetres","version":"00.00.000","conversionFactor":1.0E-9},{"@type":"Unit","@id":"5ec65531-6bb4-4990-a687-44e9ab8f3529","name":"bsh (US)","description":"US bushel","version":"00.00.000","conversionFactor":0.03},{"@type":"Unit","@id":"626c92d5-dcc2-40d4-b28b-4a4f82123740","name":"dl","description":"Decilitre","version":"00.00.000","conversionFactor":1.0E-4,"synonyms":["dL"]},{"@type":"Unit","@id":"62eb6f51-0574-4489-ae1a-1bd806f6c2ac","name":"gal (US liq)","description":"Gallon (US liquid)","version":"00.00.000","conversionFactor":0.00379,"synonyms":["gal*"]},{"@type":"Unit","@id":"6a7531d3-3b83-4dda-8b18-4e3528491f9e","name":"in3","description":"Cubic inches","version":"00.00.000","conversionFactor":1.64E-5,"synonyms":["cu.in"]},{"@type":"Unit","@id":"72ef94e2-bf0c-4e85-a74c-f3b5ed1bd73e","name":"dr (Fl)","description":"Dram (Fluid)","version":"00.00.000","conversionFactor":3.7E-6},{"@type":"Unit","@id":"7642bdc2-cdfa-4cc5-9e12-2255f561842a","name":"pk","description":"Peck","version":"00.00.000","conversionFactor":0.008809768},{"@type":"Unit","@id":"806c64aa-8609-4ff6-a033-6714a3348f24","name":"fl oz (Imp)","description":"Fluid ounce (Imperial)","version":"00.00.000","conversionFactor":2.84E-5},{"@type":"Unit","@id":"81696a66-6919-4bbb-a3ab-c79b2900de7d","name":"ml","description":"Millilitre","version":"00.00.000","conversionFactor":1.0E-6,"synonyms":["mL"]},{"@type":"Unit","@id":"89121cea-0d98-4466-9b0f-e33e448db7ec","name":"bl (US fl)","description":"Barrel (US non-beer fluid)","version":"00.00.000","conversionFactor":0.11},{"@type":"Unit","@id":"8aa31dda-e324-469c-a29d-56476584f5ca","name":"gal (Imp)","description":"Gallon (Imperial); used in UK, United Arab Emirates for fuels","version":"00.00.000","conversionFactor":0.00455},{"@type":"Unit","@id":"90888d8d-3d57-497f-a3fa-12aefd2bc774","name":"bsh (Imp)","description":"Imperial bushel","version":"00.00.000","conversionFactor":0.03},{"@type":"Unit","@id":"91995a9e-3cb4-4fc9-a93b-8c618ff9b948","name":"bbl","description":"Barrel (petroleum)","version":"00.00.000","conversionFactor":0.15},{"@type":"Unit","@id":"9bc2cfb2-fb43-42e6-9783-6c7479c78cce","name":"bl (Imp)","description":"Barrel (Imperial)","version":"00.00.000","conversionFactor":0.16},{"@type":"Unit","@id":"9cd2a2c5-77a2-4b58-b893-b039dfe635ed","name":"yd3","description":"Cubic yards","version":"00.00.000","conversionFactor":0.76,"synonyms":["cu.yd"]},{"@type":"Unit","@id":"a19bcd84-e836-4764-8367-419dac3d2434","name":"pt (US dry)","description":"Pint (US dry)","version":"00.00.000","conversionFactor":5.51E-4},{"@type":"Unit","@id":"a681e9e5-6304-45f0-a5f4-df413eee0724","name":"bl (US beer)","description":"Barrel (US beer)","version":"00.00.000","conversionFactor":0.11},{"@type":"Unit","@id":"ac4057f9-ec4a-4b31-9d3b-ff96969e50ff","name":"cl","description":"Centilitre","version":"00.00.000","conversionFactor":1.0E-5,"synonyms":["cL"]},{"@type":"Unit","@id":"b80a512e-e402-4363-8ad0-7d02dcf4a459","name":"l","description":"Litre","version":"00.00.000","conversionFactor":0.001},{"@type":"Unit","@id":"c026770b-5b4f-467d-8fdb-15dfb8e52913","name":"pt (Imp)","description":"Pint (Imperial)","version":"00.00.000","conversionFactor":5.68E-4},{"@type":"Unit","@id":"c530708d-be50-4207-b536-23d0857210bf","name":"gal (US dry)","description":"Gallon (US dry)","version":"00.00.000","conversionFactor":0.0044},{"@type":"Unit","@id":"cff8f1bf-bda0-4fc1-b14c-537d8861dcce","name":"min","description":"Minim","version":"00.00.000","conversionFactor":6.16E-8},{"@type":"Unit","@id":"df6987d7-afcc-4c92-ae2c-3ce3bc6f5578","name":"ul","description":"Microlitre","version":"00.00.000","conversionFactor":1.0E-9,"synonyms":["µl","µL"]},{"@type":"Unit","@id":"e24e5e7b-6c5c-4847-969d-7772ed5df017","name":"hl","description":"Hectolitre","version":"00.00.000","conversionFactor":0.1,"synonyms":["hL"]},{"@type":"Unit","@id":"fea33583-ae83-4398-b7fb-7f90fd097269","name":"qt (US liq)","description":"Quart (US liquid)","version":"00.00.000","conversionFactor":9.46353E-4},{"@type":"Unit","@id":"7a1fa6a8-8aa9-458f-9a95-d752461bf38e","name":"gal","version":"00.00.000","conversionFactor":0.00378541}],"defaultFlowProperty":{"@type":"FlowProperty","@id":"93a60a56-a3c8-22da-a746-0800200c9a66","name":"Volume"}}