<?xml version="1.0" encoding="UTF-8" standalone="yes"?>
<u:unitGroupDataSet xmlns:m="http://lca.jrc.it/ILCD/LCIAMethod" xmlns:common="http://lca.jrc.it/ILCD/Common" xmlns:s="http://lca.jrc.it/ILCD/Source" xmlns:c="http://lca.jrc.it/ILCD/Contact" xmlns:f="http://lca.jrc.it/ILCD/Flow" xmlns="http://lca.jrc.it/ILCD/Process" xmlns:fp="http://lca.jrc.it/ILCD/FlowProperty" xmlns:u="http://lca.jrc.it/ILCD/UnitGroup" version="1.1">
    <u:unitGroupInformation>
        <u:dataSetInformation>
            <common:UUID>93a60a57-a3c8-18da-a746-0800200c9a66</common:UUID>
            <common:name xml:lang="en">Units of area</common:name>
            <u:classificationInformation>
                <common:classification>
                    <common:class level="0" classId="00d44049-4768-313c-b2a5-c2d545f8e0ec">Technical unit groups</common:class>
                </common:classification>
            </u:classificationInformation>
        </u:dataSetInformation>
        <u:quantitativeReference>
            <u:referenceToReferenceUnit>0</u:referenceToReferenceUnit>
        </u:quantitativeReference>
    </u:unitGroupInformation>
    <u:administrativeInformation>
        <u:dataEntryBy>
            <common:timeStamp>2019-06-18T11:21:53.160-06:00</common:timeStamp>
            <common:referenceToDataSetFormat type="source data set" refObjectId="a97a0155-0234-4b87-b4ce-a45da52f2a40" version="01.01.000" uri="../sources/a97a0155-0234-4b87-b4ce-a45da52f2a40_01.01.000.xml">
                <common:shortDescription xml:lang="en">ILCD format</common:shortDescription>
            </common:referenceToDataSetFormat>
        </u:dataEntryBy>
        <u:publicationAndOwnership>
            <common:dataSetVersion>00.00.002</common:dataSetVersion>
            <common:permanentDataSetURI>http://openlca.org/ilcd/resource/unitgroups/93a60a57-a3c8-18da-a746-0800200c9a66</common:permanentDataSetURI>
        </u:publicationAndOwnership>
    </u:administrativeInformation>
    <u:units>
        <u:unit xmlns:olca="http://openlca.org/ilcd-extensions" dataSetInternalID="1" olca:unitId="0992b8e3-489a-46ea-8d71-1bf951ece5d0">
            <u:name>mm2</u:name>
            <u:meanValue>1.0E-6</u:meanValue>
            <u:generalComment xml:lang="en">Square millimetres</u:generalComment>
        </u:unit>
        <u:unit xmlns:olca="http://openlca.org/ilcd-extensions" dataSetInternalID="2" olca:unitId="20ce5f57-69b1-438b-a8e8-23089854d058">
            <u:name>mi2</u:name>
            <u:meanValue>2589988.11</u:meanValue>
            <u:generalComment xml:lang="en">British square mile</u:generalComment>
        </u:unit>
        <u:unit xmlns:olca="http://openlca.org/ilcd-extensions" dataSetInternalID="0" olca:unitId="3ce61faa-5716-41c1-aef6-b5920054acc9">
            <u:name>m2</u:name>
            <u:meanValue>1.0</u:meanValue>
            <u:generalComment xml:lang="en">Square metre</u:generalComment>
        </u:unit>
        <u:unit xmlns:olca="http://openlca.org/ilcd-extensions" dataSetInternalID="3" olca:unitId="4689d28c-29f6-4f0a-ad03-0276f7070edd">
            <u:name>nmi2</u:name>
            <u:meanValue>3429904.0</u:meanValue>
            <u:generalComment xml:lang="en">Square nautical mile</u:generalComment>
        </u:unit>
        <u:unit xmlns:olca="http://openlca.org/ilcd-extensions" dataSetInternalID="4" olca:unitId="588613d5-6c8c-4ab6-8c69-ec5e20ef7881">
            <u:name>cm2</u:name>
            <u:meanValue>1.0E-4</u:meanValue>
            <u:generalComment xml:lang="en">Square centimetre</u:generalComment>
        </u:unit>
        <u:unit xmlns:olca="http://openlca.org/ilcd-extensions" dataSetInternalID="5" olca:unitId="6c4b1e4a-bf45-4385-a60c-12cc48ecbab5">
            <u:name>yd2</u:name>
            <u:meanValue>0.83</u:meanValue>
            <u:generalComment xml:lang="en">Square yard (imperial/US)</u:generalComment>
        </u:unit>
        <u:unit xmlns:olca="http://openlca.org/ilcd-extensions" dataSetInternalID="6" olca:unitId="8ee3bcbf-9e65-4f59-9b0b-40b504cbe345">
            <u:name>ac</u:name>
            <u:meanValue>4046.85</u:meanValue>
            <u:generalComment xml:lang="en">Acre (US survey)</u:generalComment>
        </u:unit>
        <u:unit xmlns:olca="http://openlca.org/ilcd-extensions" dataSetInternalID="7" olca:unitId="b9a011a0-c9bf-459b-b105-2623d1b61ddf">
            <u:name>km2</u:name>
            <u:meanValue>1000000.0</u:meanValue>
            <u:generalComment xml:lang="en">Square kilometre</u:generalComment>
        </u:unit>
        <u:unit xmlns:olca="http://openlca.org/ilcd-extensions" dataSetInternalID="8" olca:unitId="c66d26f1-7946-4027-85f0-ac79222a59f1">
            <u:name>ft2</u:name>
            <u:meanValue>0.09</u:meanValue>
            <u:generalComment xml:lang="en">British square feet</u:generalComment>
        </u:unit>
        <u:unit xmlns:olca="http://openlca.org/ilcd-extensions" dataSetInternalID="9" olca:unitId="cd277914-c68c-4be4-b7cf-cdf17a6e7f48">
            <u:name>in2</u:name>
            <u:meanValue>6.45E-4</u:meanValue>
            <u:generalComment xml:lang="en">Square inches</u:generalComment>
        </u:unit>
        <u:unit xmlns:olca="http://openlca.org/ilcd-extensions" dataSetInternalID="10" olca:unitId="dc4bb818-ab06-4f65-ade9-a69a3ca116fd">
            <u:name>dm2</u:name>
            <u:meanValue>0.01</u:meanValue>
            <u:generalComment xml:lang="en">Square decimetres</u:generalComment>
        </u:unit>
        <u:unit xmlns:olca="http://openlca.org/ilcd-extensions" dataSetInternalID="11" olca:unitId="debee4d9-bc47-4e35-8624-4957ecb75386">
            <u:name>ha</u:name>
            <u:meanValue>10000.0</u:meanValue>
            <u:generalComment xml:lang="en">Hectare</u:generalComment>
        </u:unit>
        <u:unit xmlns:olca="http://openlca.org/ilcd-extensions" dataSetInternalID="12" olca:unitId="e114cd83-3e7f-4466-8028-761c0469f7c7">
            <u:name>a</u:name>
            <u:meanValue>100.0</u:meanValue>
            <u:generalComment xml:lang="en">Are</u:generalComment>
        </u:unit>
    </u:units>
</u:unitGroupDataSet>
