{"@context":"http://greendelta.github.io/olca-schema/context.jsonld","@type":"Process","@id":"1296738e-d64f-3837-a793-bc33f491e292","name":"Packaging and information sheets, i2900 desktop scanner","description":"Cradle to Gate data for packaging and information sheets for a single company\u0027s 16.4 and 16.7 kg  scanners.    Internal company validation via business and peer review and internal assessment. This dataset was consistent with LCA conducted using same approach as the office scanner LCA, which was peer reviewed by Kate Winnebeck, LCACP, New York State Pollution Prevention Institute , Rochester Institute of Technology.  Data is only directly representative for the scanner models i3200 and i3400, but is similar to the i2900 scanner and is being used for that purpose in the database.  However components and manufacturing process is similar for many scanners, so extrapolation to other similar scanners may be done using judement.  Component proxy data for original LCA was from Ecoinvent. Each flow represents one or more parts made with the same materials and processes, which were aggregated. The scanner was manufactured in China, but packaging sources were varied. The best available datasets were used as proxy data and the best data often came from different geographic locations from the packaging. Some data was replaced in this cradle to gate dataset by USLCI data where appropriate data was available. Unless otherwise noted in a General Comment for individual flows, data described as dummy_ was from Ecoinvent.  Waste scrap was 0.5% of input flows.  Although these were included in the full LCA, they were not shown to be significant in the modeling and according to a 1% cutoff criteria, have not been included in this cradle to gate data.","version":"00.00.003","lastChange":"2023-03-31T15:04:04.592-04:00","category":{"@type":"Category","@id":"790f8f26-ecf0-313a-930a-5c21a9007b61","name":"3222: Converted Paper Product Manufacturing","categoryPath":["31-33: Manufacturing"],"categoryType":"Process"},"processType":"UNIT_PROCESS","defaultAllocationMethod":"NO_ALLOCATION","infrastructureProcess":false,"location":{"@type":"Location","@id":"56bca136-90bb-3a77-9abb-7ce558af711e","name":"Global"},"processDocumentation":{"@type":"ProcessDocumentation","timeDescription":"start date was based on earliest date of secondary data.  Start date of primary data was 2011-07-01","technologyDescription":"Best available technology","reviewDetails":"Data was reviewed to ensure in was consistent with the manufacturing process and components, was based on quality sources - primary data from design and manufacturing specifications, and secondary data was from reliable sources (largely from Ecoinvent) and data was properly documented in final report and associated appendices.  Initial review was by Roy Wood, followed by an independent internal review by Jay Mathewson.","samplingDescription":"engineering specifications, variability less than 1% for this model","restrictionsDescription":"All information can be accessed by everybody.","copyright":false,"validFrom":"2003-06-09-04:00","validUntil":"2012-09-14-04:00","creationDate":"2015-08-24T10:08:51.504-04:00","geographyDescription":"Global","reviewer":{"@type":"Actor","@id":"ac041148-a469-348c-8411-e2551193cb60","name":"Jay Mathewson"},"dataDocumentor":{"@type":"Actor","@id":"97a3dd96-c17d-364a-8199-701171fe46a4","name":"Roy Wood"},"dataGenerator":{"@type":"Actor","@id":"97a3dd96-c17d-364a-8199-701171fe46a4","name":"Roy Wood"},"publication":{"@type":"Source","@id":"44d202bf-2ea9-386f-bd0e-85db4616fb7a","name":"Wood R (2012) LC GHG Summary Report - Kodak i2900, i3400, i4200, i4600, i5200, i5200v, i5600, i5600v, and i5800 Scanners"},"sources":[{"@type":"Source","@id":"44d202bf-2ea9-386f-bd0e-85db4616fb7a","name":"Wood R (2012) LC GHG Summary Report - Kodak i2900, i3400, i4200, i4600, i5200, i5200v, i5600, i5600v, and i5800 Scanners"}]},"lastInternalId":5,"exchanges":[{"@type":"Exchange","avoidedProduct":false,"input":false,"amount":0.296,"internalId":1,"flow":{"@type":"Flow","@id":"f048b817-44dd-35fd-b5c9-57049decec7b","name":"Packaging and information sheets, i2900 desktop scanner","categoryPath":["Technosphere Flows","31-33: Manufacturing","3222: Converted Paper Product Manufacturing"],"flowType":"PRODUCT_FLOW","location":"GLO","refUnit":"kg"},"unit":{"@type":"Unit","@id":"20aadc24-a391-41cf-b340-3e4529f44bde","name":"kg"},"flowProperty":{"@type":"FlowProperty","@id":"93a60a56-a3c8-11da-a746-0800200b9a66","name":"Mass","categoryPath":["Technical flow properties"]},"quantitativeReference":true},{"@type":"Exchange","avoidedProduct":false,"input":true,"amount":0.295,"internalId":5,"flow":{"@type":"Flow","@id":"4be14204-2cc3-31e1-b37c-00272f9adecf","name":"Paper, woodcontaining, LWC, at plant","categoryPath":["Technosphere Flows","CUTOFF Flows"],"flowType":"PRODUCT_FLOW","refUnit":"kg"},"unit":{"@type":"Unit","@id":"20aadc24-a391-41cf-b340-3e4529f44bde","name":"kg"},"flowProperty":{"@type":"FlowProperty","@id":"93a60a56-a3c8-11da-a746-0800200b9a66","name":"Mass","categoryPath":["Technical flow properties"]},"uncertainty":{"@type":"Uncertainty","distributionType":"TRIANGLE_DISTRIBUTION","minimum":0.29,"mode":0.295,"maximum":0.3}},{"@type":"Exchange","avoidedProduct":false,"input":true,"amount":0.001,"description":"original data - corrugated board, mixed fibre, single wall, at plant/ CH U from Ecoinvent","internalId":3,"defaultProvider":{"@type":"Process","@id":"226ed3c2-e020-4c95-b1fc-4559fc2d18ac","name":"Corrugated product, average production, at mill","categoryPath":["31-33: Manufacturing","3222: Converted Paper Product Manufacturing"],"processType":"UNIT_PROCESS","location":"US"},"flow":{"@type":"Flow","@id":"f806b9df-b77c-3369-a00f-feda82b0778c","name":"Corrugated product, average production, at mill","categoryPath":["Technosphere Flows","31-33: Manufacturing","3222: Converted Paper Product Manufacturing"],"flowType":"PRODUCT_FLOW","location":"US","refUnit":"kg"},"unit":{"@type":"Unit","@id":"20aadc24-a391-41cf-b340-3e4529f44bde","name":"kg"},"flowProperty":{"@type":"FlowProperty","@id":"93a60a56-a3c8-11da-a746-0800200b9a66","name":"Mass","categoryPath":["Technical flow properties"]},"uncertainty":{"@type":"Uncertainty","distributionType":"TRIANGLE_DISTRIBUTION","minimum":9.0E-4,"mode":-10.9979,"maximum":11.0}},{"@type":"Exchange","avoidedProduct":false,"input":true,"amount":0.16,"description":"original data - transport, lorry \u0026gt;32t, EURO5/ RER U","internalId":4,"defaultProvider":{"@type":"Process","@id":"34156f3c-28ef-33db-9ad0-6293a2aa0d52","name":"Transport, combination truck, diesel powered","categoryPath":["48-49: Transportation and Warehousing","4841: General Freight Trucking"],"processType":"UNIT_PROCESS","location":"RNA"},"flow":{"@type":"Flow","@id":"628c07ec-0802-39c1-ab88-1c62848ef436","name":"Transport, combination truck, diesel powered","categoryPath":["Technosphere Flows","48-49: Transportation and Warehousing","4841: General Freight Trucking"],"flowType":"PRODUCT_FLOW","location":"RNA","refUnit":"t*km"},"unit":{"@type":"Unit","@id":"0dea4ed8-bb6b-4049-b2b4-b2c413ef2180","name":"t*km"},"flowProperty":{"@type":"FlowProperty","@id":"838aaa20-0117-11db-92e3-0800200c9a66","name":"Goods transport (mass*distance)","categoryPath":["Technical flow properties"]},"uncertainty":{"@type":"Uncertainty","distributionType":"TRIANGLE_DISTRIBUTION","minimum":0.08,"mode":0.12999999999999995,"maximum":0.27}},{"@type":"Exchange","avoidedProduct":false,"input":true,"amount":0.01,"internalId":2,"flow":{"@type":"Flow","@id":"06581fb2-1de0-3e78-8298-f37605dea142","name":"Electricity, at grid","categoryPath":["Technosphere Flows","22: Utilities","2211: Electric Power Generation, Transmission and Distribution"],"flowType":"PRODUCT_FLOW","location":"RNA","refUnit":"MJ"},"unit":{"@type":"Unit","@id":"86ad2244-1f0e-4912-af53-7865283103e4","name":"kWh"},"flowProperty":{"@type":"FlowProperty","@id":"f6811440-ee37-11de-8a39-0800200c9a66","name":"Energy","categoryPath":["Technical flow properties"]},"uncertainty":{"@type":"Uncertainty","distributionType":"TRIANGLE_DISTRIBUTION","minimum":0.009,"mode":0.009999999999999998,"maximum":0.011}}]}