{"@context":"http://greendelta.github.io/olca-schema/context.jsonld","@type":"Process","@id":"226ed3c2-e020-4c95-b1fc-4559fc2d18ac","name":"Corrugated product, average production, at mill","description":"Corrugated product made from containerboard (linerboard and corrugating medium), average U.S. production, at mill. All flows are production-weighted means. Data were developed for a full LCA that was critically reviewed. Reviewer was Ms. Lindita Bushi, Athena Institute; Ms Melissa Hamilton, Earthshift.\r\n\r\nThe unit process includes sheet feeder plants, sheet plants and corrugator plants. Net purchased energy is included, but upstream flows associated with its generation are excluded. Flows associated with transportation of inputs from the technosphere are included.  Product transportation is excluded.","version":"00.00.023","lastChange":"2020-07-02T03:50:44.960-04:00","category":{"@type":"Category","@id":"790f8f26-ecf0-313a-930a-5c21a9007b61","name":"3222: Converted Paper Product Manufacturing","categoryPath":["31-33: Manufacturing"],"categoryType":"Process"},"processType":"UNIT_PROCESS","defaultAllocationMethod":"NO_ALLOCATION","infrastructureProcess":false,"location":{"@type":"Location","@id":"0b3b97fa-6688-3c56-88ee-4ae80ec0c3c2","name":"United States"},"processDocumentation":{"@type":"ProcessDocumentation","timeDescription":"Primary data was collected from participating companies and associations for their operational activities representative of 2014. ","technologyDescription":"Current technology mix for corrugated products production","dataCollectionDescription":"All primary data were collected via the converting facilities questionnaire from 2015-2016 for the reference year 2014.","completenessDescription":"TREATMENT OF MISSING ENVIRONMENTAL DATA: Elementary flows are cut-off at less than 1% based on environmental relevance.\r\nTREATMENT OF MISSING TECHNOSPHERE DATA: Intermediate flows are cut-off at less than 1% based on environmental relevance. Capital equipment and maintenance, maintenance and operation of support equipment, or transport of employees. In addition, the study did not include energy related to the use of the packaging product, nor that of the product packaged by it. Other overhead functions such as HVAC and lighting were included to the extent they are considered in total mill energy usage as reported by participating companies.\r\nMASS BALANCE: Water, fiber and carbon balances were performed for the containerboard production and converting unit processes. Where adequate, the results of the mass balances were used to correct the collected data.","dataSelectionDescription":"* Data on water inputs, environmental loads, solid waste management, and energy (quantity and types of fuels) for the relevant pulp and paper mills were drawn from responses to the 2014 AF\u0026PA Environmental, Health, and Safety Survey.\r\n*Information on quantity of energy used, fiber input, furnish production, and chemical consumption (quantity and type) at the department level was collected in a supplemental survey.\r\n*Data regarding the emissions of toxic substances (as defined by the U.S. Toxic Release Inventory) were modeled using U.S. LCI and NCASI information.\r\n* Data on nutrient content of treated wastewater effluents from pulp and paper mills were derived from available information in the U.S. EPA Permit Compliance System database (www.epa.gov/enviro/html/pcs/); these data are insufficient to allow characterization of effluents from the specific mills in the database, but they do allow general characterization of effluents from U.S. pulp and paper mills. \r\n* Data submitted by the industry in connection with the TSCA Inventory Update Rule (IUR, www.epa.gov/iur/) were used to estimate quantities of kraft pulping co-products (e.g., turpentine and tall oil) produced; the IUR data were not sufficient to characterize every mill in the database, but were sufficient to characterize kraft pulping processes in general.\r\n* Converting facilities in the U.S. were surveyed to collect energy and material input, production, and environmental release information.","reviewDetails":"The LCA study that produced this unit process was critically reviewed per ISO 14040 and 14044 standards by Dr. Lindita Bushi, Senior Research Associate of Athena Sustainable Materials Institute.","dataTreatmentDescription":"Primary data were from survey data on energy and material inputs, production, and environmental releases from 166 converting faciilties representing 23% of overall production volume for the reference years 2014. The 2014 U.S.-average corrugated product studied in this LCA consists of 66.8% linerboard and 33.2% corrugated medium. The average basis weight of the U.S. industry mix is 131.6 lb/thousand square feet (msf, 0.643 kg/m2) and consists of approximately 0.6% singleface, 90.9% singlewall, 8.0% doublewall, and 0.5% triplewall. Surveys requesting detailed production, energy and raw material input, and environmental releases (including material outputs recycled by other facilities) were received from 269 converting facilities. The information provided via the surveys was quality-assured by evaluating internal consistency of various survey data elements based on engineering principles and by comparing with average or median values reported by similar facilities. A mass balance was performed considering all input materials and outputs of corrugated sheets, finished corrugated products, recycled materials, and solid waste. Agreement of inputs and outputs within 10% was required for a facility’s survey information to be included in the analysis. The carbon contents of corrugated products were calculated using carbon balances. Energy consumption data entry elements underwent a two-step QA process: 1) comparing entries to those of similar facilities to identify gross errors, and 2) identification of potential outliers using statistical outlier tests of total energy intensity. Entered values of material inputs and water contents of those inputs were evaluated for reasonableness. Entered values for water intake to facilities were compared with those of water releases for that facility. For electricity purchased by converting mills, a 2014 U.S. average power mix was used because the survey representativeness was low and because facilities are spread out across the nation.","inventoryMethodDescription":"Attributional","modelingConstantsDescription":"This process is generated per survey data on energy and material inputs, production, and environmental releases from 166 converting facilities (128 corrugator plants, 31 sheet plants, and 7 sheet-feeder plants) representing 23% of overal production volume for 2014.","samplingDescription":"BOUNDARY CONDITIONS: The system boundary includes: 1) transport of raw materials to converting facilities; 2) the conversion of rolls of linerboard and corrugating medium to corrugated product by softening with heat/steam, running through corrugated rollers, applying starch to flute tips for glueing to linerboard layer(s), drying in a hot plate section, slitting into sheets, and then stacking, and palletizing for shipping. Emissions are calculated from reported annual averages.\r\nDATA COLLECTION: All material and energy inputs, production processes, and environmental releases are based on a survey including results from 122 corrugator plants, 38 sheet plants, and 13 sheet-feeder plants (a total of 166 converting facilities). Data were recorded as production-weighted means.\r\nUNCERTAINTY ESTIMATION: Most transportation distances were based on U.S. Census data, which are averaged across different categories.","restrictionsDescription":"These U.S. LCI Database Project data (\"Data\") are provided by the National Renewable Energy Laboratory (\"NREL\"), operated by the Alliance for Sustainable Energy, LLC (\"Alliance\") for the US Department of Energy (\"DOE\") under Contract No. DE-AC36-08GO28308. The United States Government (the \"Government\") retains and the user acknowledges that the Government retains a non-exclusive, paid-up, irrevocable, worldwide license to publish or reproduce the published form of these data, or allow others to do so, for Government purposes.\r\n\r\nAccess to and use of these Data shall impose the following obligations on the user, as set forth in this Agreement. The user is granted the right, without any fee or cost, to use, copy, modify, alter, enhance and distribute these Data for any purpose whatsoever, provided that this entire notice appears in all copies of the Data. Any modification, alteration or enhancement of these data shall be identified and documented by the user. Further, the user agrees to credit the DOE/NREL/Alliance in any publication that results from the use of these Data. The names DOE/NREL/Alliance, however, may not be used in any advertising or publicity to endorse or promote any products or commercial entities unless specific written permission is obtained from DOE/NREL/Alliance. The user also understands that DOE/NREL/Alliance is not obligated to provide the user with any support, consulting, training or assistance of any kind with regard to the use of these Data or to provide the user with any updates, revisions or new versions of these Data.\r\n\r\nYOU AGREE TO INDEMNIFY THE GOVERNMENT AND DOE/NREL/ALLIANCE, AND ITS SUBSIDIARIES, AFFILIATES, OFFICERS, AGENTS, AND EMPLOYEES AGAINST ANY CLAIM OR DEMAND, INCLUDING REASONABLE ATTORNEYS\u0027 FEES, RELATED TO YOUR USE OF THESE DATA. THESE DATA ARE PROVIDED BY DOE/NREL/ALLIANCE \"AS IS\" AND ANY EXPRESS OR IMPLIED WARRANTIES, INCLUDING BUT NOT LIMITED TO, THE IMPLIED WARRANTIES OF MERCHANTABILITY AND FITNESS FOR A PARTICULAR PURPOSE ARE DISCLAIMED. IN NO EVENT SHALL THE GOVERNMENT OR DOE/NREL/ALLIANCE BE LIABLE FOR ANY SPECIAL, INDIRECT OR CONSEQUENTIAL DAMAGES OR ANY DAMAGES WHATSOEVER, INCLUDING BUT NOT LIMITED TO CLAIMS ASSOCIATED WITH THE LOSS OF DATA OR PROFITS, WHICH MAY RESULT FROM AN ACTION IN CONTRACT, NEGLIGENCE OR OTHER TORTIOUS CLAIM THAT ARISES OUT OF OR IN CONNECTION WITH THE ACCESS, USE OR PERFORMANCE OF THESE DATA.","copyright":true,"validFrom":"2013-12-31-05:00","validUntil":"2014-12-30-05:00","creationDate":"2016-02-10T16:08:00.932-05:00","intendedApplication":"In order to respond to increasing interest among product manufacturers and consumer retail markets in selecting more sustainable packaging options, CPA engaged NCASI to update the results of a LCA they published in 2014 that relied primarily on 2010 data to the most recent available data (i.e., 2014 data). SITUATION A -- MICRO-LEVEL DECISION SUPPORT: The intended application for this process is for micro-level decision support as described in Goal Situation A from the ILCD Handbook\u0027s Detailed Guidance. These data were developed as specific, average or generic unit process LCI results for use in answering internal company product-related questions. A full inventory of environmental flows are included, thus this unit process can be used for a full range of LCIA impact categories, on the fate and transport considerations have been applied. The original study results were analyzed using the TRACI LCIA factors.","projectDescription":"This LCA was commissioned by the Corrugated Packaging Alliance (CPA), a joint venture of the American Forest \u0026 Paper Association (AF\u0026PA), Fibre Box Association (FBA), the Association of Independent Corrugated Converters (AICC) and TAPPI. For this study, a core project team was established to direct, review, and coordinate the activities associated with the methodologies employed, data collection, modeling, presentation and dissemination of the LCI data and corresponding LCA results. The core group for this project consisted of a technical advisory group within the Fibre Box Association (FBA) Sustainability Committee along with various staff from the National Council for Air and Stream Improvement (NCASI).","geographyDescription":"United States","reviewer":{"@type":"Actor","@id":"e597518e-863b-326e-bf32-69a1a37635cc","name":"Dr. Lindita Bushi "},"dataDocumentor":{"@type":"Actor","@id":"0d6cba77-2eff-3519-92d7-8a87dab88049","name":"Caroline Gaudreault"},"dataGenerator":{"@type":"Actor","@id":"0d6cba77-2eff-3519-92d7-8a87dab88049","name":"Caroline Gaudreault"},"dataSetOwner":{"@type":"Actor","@id":"460bb031-1c3d-456d-9c30-3d4531d8fce9","name":"Corrugated Packaging Alliance (CPA)"},"publication":{"@type":"Source","@id":"3f572a02-a88d-4a6e-a6cf-e06f4bcbf8e3","name":"NCASI (2017) LCA Average Corrugated Product"},"sources":[{"@type":"Source","@id":"3f572a02-a88d-4a6e-a6cf-e06f4bcbf8e3","name":"NCASI (2017) LCA Average Corrugated Product"}]},"dqSystem":{"@type":"DQSystem","@id":"70bf370f-9912-4ec1-baa3-fbd4eaf85a10","name":"US EPA - Process Pedigree Matrix"},"dqEntry":"(2;1)","lastInternalId":36,"exchanges":[{"@type":"Exchange","avoidedProduct":false,"input":false,"amount":1.0,"internalId":36,"flow":{"@type":"Flow","@id":"f806b9df-b77c-3369-a00f-feda82b0778c","name":"Corrugated product, average production, at mill","categoryPath":["Technosphere Flows","31-33: Manufacturing","3222: Converted Paper Product Manufacturing"],"flowType":"PRODUCT_FLOW","location":"US","refUnit":"kg"},"unit":{"@type":"Unit","@id":"20aadc24-a391-41cf-b340-3e4529f44bde","name":"kg"},"flowProperty":{"@type":"FlowProperty","@id":"93a60a56-a3c8-11da-a746-0800200b9a66","name":"Mass","categoryPath":["Technical flow properties"]},"quantitativeReference":true},{"@type":"Exchange","avoidedProduct":false,"input":false,"amount":4.37E-5,"internalId":15,"flow":{"@type":"Flow","@id":"0418b561-ecf8-33c8-9c81-225789f15bd3","name":"Particulate matter","categoryPath":["Elementary Flows","emission","air"],"flowType":"ELEMENTARY_FLOW","refUnit":"kg"},"unit":{"@type":"Unit","@id":"20aadc24-a391-41cf-b340-3e4529f44bde","name":"kg"},"flowProperty":{"@type":"FlowProperty","@id":"93a60a56-a3c8-11da-a746-0800200b9a66","name":"Mass","categoryPath":["Technical flow properties"]}},{"@type":"Exchange","avoidedProduct":false,"input":true,"amount":0.002407243,"description":"Used as a proxy for steam used by corrugated products facilities.","internalId":20,"defaultProvider":{"@type":"Process","@id":"1e4fd434-9cd2-402a-8ebf-43891d0dd591","name":"Steam, purchased by containerboard mills","categoryPath":["22: Utilities","2213: Water, Sewage and Other Systems"],"processType":"UNIT_PROCESS","location":"RNA"},"flow":{"@type":"Flow","@id":"caca451d-e5df-4bf4-91f8-2c4be75af6dc","name":"Steam, purchased by containerboard mills","categoryPath":["Technosphere Flows","22: Utilities","2213: Water, Sewage and Other Systems"],"flowType":"PRODUCT_FLOW","refUnit":"MJ"},"unit":{"@type":"Unit","@id":"52765a6c-3896-43c2-b2f4-c679acf13efe","name":"MJ"},"flowProperty":{"@type":"FlowProperty","@id":"f6811440-ee37-11de-8a39-0800200c9a66","name":"Energy","categoryPath":["Technical flow properties"]}},{"@type":"Exchange","avoidedProduct":false,"input":true,"amount":5.50835E-4,"internalId":30,"defaultProvider":{"@type":"Process","@id":"faa85914-ec68-377e-aee5-0e0af4e27fc8","name":"Chlorine, production mix, at plant","categoryPath":["31-33: Manufacturing","3251: Basic Chemical Manufacturing"],"processType":"UNIT_PROCESS","location":"US"},"flow":{"@type":"Flow","@id":"bf2b1e5a-4c92-3974-a2fd-a68898833086","name":"Sodium hydroxide, production mix, at plant","categoryPath":["Technosphere Flows","31-33: Manufacturing","3251: Basic Chemical Manufacturing"],"flowType":"PRODUCT_FLOW","location":"US","refUnit":"kg"},"unit":{"@type":"Unit","@id":"20aadc24-a391-41cf-b340-3e4529f44bde","name":"kg"},"flowProperty":{"@type":"FlowProperty","@id":"93a60a56-a3c8-11da-a746-0800200b9a66","name":"Mass","categoryPath":["Technical flow properties"]}},{"@type":"Exchange","avoidedProduct":false,"input":false,"amount":4.42E-5,"internalId":13,"flow":{"@type":"Flow","@id":"187c525c-3715-388c-b303-a0671524a615","name":"Carbon monoxide","categoryPath":["Elementary Flows","emission","air"],"flowType":"ELEMENTARY_FLOW","refUnit":"kg"},"unit":{"@type":"Unit","@id":"20aadc24-a391-41cf-b340-3e4529f44bde","name":"kg"},"flowProperty":{"@type":"FlowProperty","@id":"93a60a56-a3c8-11da-a746-0800200b9a66","name":"Mass","categoryPath":["Technical flow properties"]}},{"@type":"Exchange","avoidedProduct":false,"input":false,"amount":1.39285E-4,"internalId":17,"flow":{"@type":"Flow","@id":"6f861846-1c4c-3fc9-a198-56b2d9abd83b","name":"Volatile organic compounds","categoryPath":["Elementary Flows","emission","air"],"flowType":"ELEMENTARY_FLOW","refUnit":"kg"},"unit":{"@type":"Unit","@id":"20aadc24-a391-41cf-b340-3e4529f44bde","name":"kg"},"flowProperty":{"@type":"FlowProperty","@id":"93a60a56-a3c8-11da-a746-0800200b9a66","name":"Mass","categoryPath":["Technical flow properties"]}},{"@type":"Exchange","avoidedProduct":false,"input":false,"amount":7.28E-11,"internalId":23,"flow":{"@type":"Flow","@id":"2b61d376-c8c2-31ae-9c19-9b8b958c74dd","name":"Iron","categoryPath":["Elementary Flows","emission","water"],"flowType":"ELEMENTARY_FLOW","refUnit":"kg"},"unit":{"@type":"Unit","@id":"20aadc24-a391-41cf-b340-3e4529f44bde","name":"kg"},"flowProperty":{"@type":"FlowProperty","@id":"93a60a56-a3c8-11da-a746-0800200b9a66","name":"Mass","categoryPath":["Technical flow properties"]}},{"@type":"Exchange","avoidedProduct":false,"input":false,"amount":1.19E-6,"internalId":26,"flow":{"@type":"Flow","@id":"aab83476-ec6c-3742-af85-15d320b7ce80","name":"Methane","categoryPath":["Elementary Flows","emission","air"],"flowType":"ELEMENTARY_FLOW","refUnit":"kg"},"unit":{"@type":"Unit","@id":"20aadc24-a391-41cf-b340-3e4529f44bde","name":"kg"},"flowProperty":{"@type":"FlowProperty","@id":"93a60a56-a3c8-11da-a746-0800200b9a66","name":"Mass","categoryPath":["Technical flow properties"]}},{"@type":"Exchange","avoidedProduct":false,"input":true,"amount":2.56E-10,"internalId":19,"defaultProvider":{"@type":"Process","@id":"0aaf1e13-5d80-37f9-b7bb-81a6b8965c71","name":"Petroleum refining, at refinery","categoryPath":["31-33: Manufacturing","3241: Petroleum and Coal Products Manufacturing"],"processType":"UNIT_PROCESS","location":"RNA"},"flow":{"@type":"Flow","@id":"0e44e579-abb0-3c77-af64-c774d65be529","name":"Gasoline, at refinery","categoryPath":["Technosphere Flows","31-33: Manufacturing","3241: Petroleum and Coal Products Manufacturing"],"flowType":"PRODUCT_FLOW","refUnit":"m3"},"unit":{"@type":"Unit","@id":"1c3a9695-398d-4b1f-b07e-a8715b610f70","name":"m3"},"flowProperty":{"@type":"FlowProperty","@id":"93a60a56-a3c8-22da-a746-0800200c9a66","name":"Volume","categoryPath":["Technical flow properties"]}},{"@type":"Exchange","avoidedProduct":false,"input":true,"amount":0.306533391,"description":"Wood logs to P\u0026P (pulp and paper) mills: 96.8% of total mass travels 145 km. Wood chips to P\u0026P mills: 95.2% of total mass travels 259 km. Recovered fiber to P\u0026P mills: 87.8% of total mass travels 201 km. Pulp to P\u0026P mills: 78.6% of total mass travels 267 km. Chemicals: 59.5% of total mass travels 208km. Residuals to management: 87.8% of total mass travels 201km. Purchased hogged fuel, other biomass: 100% of total mass travels 145km.","internalId":16,"defaultProvider":{"@type":"Process","@id":"34156f3c-28ef-33db-9ad0-6293a2aa0d52","name":"Transport, combination truck, diesel powered","categoryPath":["48-49: Transportation and Warehousing","4841: General Freight Trucking"],"processType":"UNIT_PROCESS","location":"RNA"},"flow":{"@type":"Flow","@id":"628c07ec-0802-39c1-ab88-1c62848ef436","name":"Transport, combination truck, diesel powered","categoryPath":["Technosphere Flows","48-49: Transportation and Warehousing","4841: General Freight Trucking"],"flowType":"PRODUCT_FLOW","location":"RNA","refUnit":"t*km"},"unit":{"@type":"Unit","@id":"0dea4ed8-bb6b-4049-b2b4-b2c413ef2180","name":"t*km"},"flowProperty":{"@type":"FlowProperty","@id":"838aaa20-0117-11db-92e3-0800200c9a66","name":"Goods transport (mass*distance)","categoryPath":["Technical flow properties"]}},{"@type":"Exchange","avoidedProduct":false,"input":false,"amount":5.56E-10,"internalId":21,"flow":{"@type":"Flow","@id":"fe829136-3042-36e6-b4cb-7ff591e8db98","name":"Lead","categoryPath":["Elementary Flows","emission","air"],"flowType":"ELEMENTARY_FLOW","refUnit":"kg"},"unit":{"@type":"Unit","@id":"20aadc24-a391-41cf-b340-3e4529f44bde","name":"kg"},"flowProperty":{"@type":"FlowProperty","@id":"93a60a56-a3c8-11da-a746-0800200b9a66","name":"Mass","categoryPath":["Technical flow properties"]}},{"@type":"Exchange","avoidedProduct":false,"input":false,"amount":1.09E-9,"internalId":22,"flow":{"@type":"Flow","@id":"39587969-515b-3599-a403-78c461a936eb","name":"Oils, unspecified","categoryPath":["Elementary Flows","emission","water"],"flowType":"ELEMENTARY_FLOW","refUnit":"kg"},"unit":{"@type":"Unit","@id":"20aadc24-a391-41cf-b340-3e4529f44bde","name":"kg"},"flowProperty":{"@type":"FlowProperty","@id":"93a60a56-a3c8-11da-a746-0800200b9a66","name":"Mass","categoryPath":["Technical flow properties"]}},{"@type":"Exchange","avoidedProduct":false,"input":true,"amount":0.44513854,"description":"Wood logs to P\u0026P (pulp and paper) mills: 3.2% of total mass travels 2828 km. Wood chips to P\u0026P mills: 4.8% of total mass travels 1989 km. Recovered fiber to P\u0026P mills: 11.0% of total mass travels 589 km. Pulp to P\u0026P mills: 21.4% of total mass travels 1347 km. Chemicals: 31.3% of total mass travels 1355 km. Residuals to management: 11.0% of total mass travels 589 km. ","internalId":9,"defaultProvider":{"@type":"Process","@id":"7de9c230-fd0f-3478-be87-f80181132faa","name":"Transport, train, diesel powered","categoryPath":["48-49: Transportation and Warehousing","4821: Rail Transportation"],"processType":"UNIT_PROCESS","location":"RNA"},"flow":{"@type":"Flow","@id":"73c7494d-4e93-3769-896b-8bb82f0dfccc","name":"Transport, train, diesel powered","categoryPath":["Technosphere Flows","48-49: Transportation and Warehousing","4821: Rail Transportation"],"flowType":"PRODUCT_FLOW","location":"RNA","refUnit":"t*km"},"unit":{"@type":"Unit","@id":"0dea4ed8-bb6b-4049-b2b4-b2c413ef2180","name":"t*km"},"flowProperty":{"@type":"FlowProperty","@id":"838aaa20-0117-11db-92e3-0800200c9a66","name":"Goods transport (mass*distance)","categoryPath":["Technical flow properties"]}},{"@type":"Exchange","avoidedProduct":false,"input":false,"amount":0.328575988,"internalId":24,"flow":{"@type":"Flow","@id":"190624ea-8ca6-383c-aeb4-8efa942b544f","name":"Radionuclides","categoryPath":["Elementary Flows","emission","air"],"flowType":"ELEMENTARY_FLOW","refUnit":"kBq"},"unit":{"@type":"Unit","@id":"e9773595-284e-46dd-9671-5fc9ff406833","name":"kBq"},"flowProperty":{"@type":"FlowProperty","@id":"93a60a56-a3c8-17da-a746-0800200c9a66","name":"Radioactivity","categoryPath":["Technical flow properties"]}},{"@type":"Exchange","avoidedProduct":false,"input":false,"amount":0.070334367,"internalId":18,"flow":{"@type":"Flow","@id":"b6f010fb-a764-3063-af2d-bcb8309a97b7","name":"Carbon dioxide","categoryPath":["Elementary Flows","emission","air"],"flowType":"ELEMENTARY_FLOW","refUnit":"kg"},"unit":{"@type":"Unit","@id":"20aadc24-a391-41cf-b340-3e4529f44bde","name":"kg"},"flowProperty":{"@type":"FlowProperty","@id":"93a60a56-a3c8-11da-a746-0800200b9a66","name":"Mass","categoryPath":["Technical flow properties"]}},{"@type":"Exchange","avoidedProduct":false,"input":false,"amount":8.03E-10,"internalId":34,"flow":{"@type":"Flow","@id":"98bd36e1-fbe4-32ee-ba78-3b6726917c9b","name":"Chromium","categoryPath":["Elementary Flows","emission","air"],"flowType":"ELEMENTARY_FLOW","refUnit":"kg"},"unit":{"@type":"Unit","@id":"20aadc24-a391-41cf-b340-3e4529f44bde","name":"kg"},"flowProperty":{"@type":"FlowProperty","@id":"93a60a56-a3c8-11da-a746-0800200b9a66","name":"Mass","categoryPath":["Technical flow properties"]}},{"@type":"Exchange","avoidedProduct":false,"input":true,"amount":2.03E-6,"internalId":6,"defaultProvider":{"@type":"Process","@id":"0aaf1e13-5d80-37f9-b7bb-81a6b8965c71","name":"Petroleum refining, at refinery","categoryPath":["31-33: Manufacturing","3241: Petroleum and Coal Products Manufacturing"],"processType":"UNIT_PROCESS","location":"RNA"},"flow":{"@type":"Flow","@id":"813325ee-9eb4-3825-9280-bee7b1a2e9a8","name":"Liquefied petroleum gas, at refinery","categoryPath":["Technosphere Flows","31-33: Manufacturing","3241: Petroleum and Coal Products Manufacturing"],"flowType":"PRODUCT_FLOW","location":"RNA","refUnit":"m3"},"unit":{"@type":"Unit","@id":"1c3a9695-398d-4b1f-b07e-a8715b610f70","name":"m3"},"flowProperty":{"@type":"FlowProperty","@id":"93a60a56-a3c8-22da-a746-0800200c9a66","name":"Volume","categoryPath":["Technical flow properties"]}},{"@type":"Exchange","avoidedProduct":false,"input":false,"amount":1.71E-7,"internalId":8,"flow":{"@type":"Flow","@id":"e2230ed6-8d5e-3315-8bc9-ce337d1283ce","name":"Hydrochloric acid","categoryPath":["Elementary Flows","emission","air"],"flowType":"ELEMENTARY_FLOW","refUnit":"kg"},"unit":{"@type":"Unit","@id":"20aadc24-a391-41cf-b340-3e4529f44bde","name":"kg"},"flowProperty":{"@type":"FlowProperty","@id":"93a60a56-a3c8-11da-a746-0800200b9a66","name":"Mass","categoryPath":["Technical flow properties"]}},{"@type":"Exchange","avoidedProduct":false,"input":false,"amount":3.4E-15,"internalId":12,"flow":{"@type":"Flow","@id":"ceb19cad-78ed-3635-902c-d7ac03e5b830","name":"2,3,7,8-Tetrachlorodibenzo-p-dioxin","categoryPath":["Elementary Flows","emission","air"],"flowType":"ELEMENTARY_FLOW","refUnit":"kg"},"unit":{"@type":"Unit","@id":"20aadc24-a391-41cf-b340-3e4529f44bde","name":"kg"},"flowProperty":{"@type":"FlowProperty","@id":"93a60a56-a3c8-11da-a746-0800200b9a66","name":"Mass","categoryPath":["Technical flow properties"]}},{"@type":"Exchange","avoidedProduct":false,"input":true,"amount":0.019070819,"description":"i.e. : Maize starch, at plant","internalId":28,"flow":{"@type":"Flow","@id":"30f21ee9-1057-3485-8548-8d7c4abd799a","name":"Maize starch, at plant","categoryPath":["Technosphere Flows","CUTOFF Flows"],"flowType":"PRODUCT_FLOW","refUnit":"kg"},"unit":{"@type":"Unit","@id":"20aadc24-a391-41cf-b340-3e4529f44bde","name":"kg"},"flowProperty":{"@type":"FlowProperty","@id":"93a60a56-a3c8-11da-a746-0800200b9a66","name":"Mass","categoryPath":["Technical flow properties"]}},{"@type":"Exchange","avoidedProduct":false,"input":false,"amount":2.36E-10,"internalId":11,"flow":{"@type":"Flow","@id":"2b16d0b5-4713-3bb8-be5b-905382f0e8a8","name":"Arsenic","categoryPath":["Elementary Flows","emission","air"],"flowType":"ELEMENTARY_FLOW","refUnit":"kg"},"unit":{"@type":"Unit","@id":"20aadc24-a391-41cf-b340-3e4529f44bde","name":"kg"},"flowProperty":{"@type":"FlowProperty","@id":"93a60a56-a3c8-11da-a746-0800200b9a66","name":"Mass","categoryPath":["Technical flow properties"]}},{"@type":"Exchange","avoidedProduct":false,"input":false,"amount":1.15E-9,"internalId":25,"flow":{"@type":"Flow","@id":"50f56ea3-e292-3c09-89d2-74466af5f11e","name":"Nickel","categoryPath":["Elementary Flows","emission","air"],"flowType":"ELEMENTARY_FLOW","refUnit":"kg"},"unit":{"@type":"Unit","@id":"20aadc24-a391-41cf-b340-3e4529f44bde","name":"kg"},"flowProperty":{"@type":"FlowProperty","@id":"93a60a56-a3c8-11da-a746-0800200b9a66","name":"Mass","categoryPath":["Technical flow properties"]}},{"@type":"Exchange","avoidedProduct":false,"input":false,"amount":3.94E-10,"internalId":27,"flow":{"@type":"Flow","@id":"9a474c27-63f9-3d0d-a74c-465fd97400e7","name":"Manganese","categoryPath":["Elementary Flows","emission","air"],"flowType":"ELEMENTARY_FLOW","refUnit":"kg"},"unit":{"@type":"Unit","@id":"20aadc24-a391-41cf-b340-3e4529f44bde","name":"kg"},"flowProperty":{"@type":"FlowProperty","@id":"93a60a56-a3c8-11da-a746-0800200b9a66","name":"Mass","categoryPath":["Technical flow properties"]}},{"@type":"Exchange","avoidedProduct":false,"input":true,"amount":0.00266047,"description":"Recovered fiber to pulp and paper mills: 1.2% of total mass travels 824 km. Chemicals: 6.8% of total mass travels 336 km. Residuals to management : 1.2% of total mass travels 824 km","internalId":5,"defaultProvider":{"@type":"Process","@id":"c2300fc3-5496-3d12-9135-67dc0ef740c9","name":"Transport, barge, diesel powered","categoryPath":["48-49: Transportation and Warehousing","4832: Inland Water Transportation"],"processType":"UNIT_PROCESS","location":"RNA"},"flow":{"@type":"Flow","@id":"a1242640-8306-366c-9c55-6dfd23e77bd7","name":"Transport, barge, diesel powered","categoryPath":["Technosphere Flows","48-49: Transportation and Warehousing","4832: Inland Water Transportation"],"flowType":"PRODUCT_FLOW","location":"RNA","refUnit":"t*km"},"unit":{"@type":"Unit","@id":"0dea4ed8-bb6b-4049-b2b4-b2c413ef2180","name":"t*km"},"flowProperty":{"@type":"FlowProperty","@id":"838aaa20-0117-11db-92e3-0800200c9a66","name":"Goods transport (mass*distance)","categoryPath":["Technical flow properties"]}},{"@type":"Exchange","avoidedProduct":false,"input":false,"amount":4.21E-11,"internalId":29,"flow":{"@type":"Flow","@id":"e0d81f05-0407-3fc9-9f11-e2d22a6edebd","name":"Cobalt","categoryPath":["Elementary Flows","emission","air"],"flowType":"ELEMENTARY_FLOW","refUnit":"kg"},"unit":{"@type":"Unit","@id":"20aadc24-a391-41cf-b340-3e4529f44bde","name":"kg"},"flowProperty":{"@type":"FlowProperty","@id":"93a60a56-a3c8-11da-a746-0800200b9a66","name":"Mass","categoryPath":["Technical flow properties"]}},{"@type":"Exchange","avoidedProduct":false,"input":false,"amount":5.1E-5,"internalId":10,"flow":{"@type":"Flow","@id":"4382ba18-dd21-3837-80b2-94283ef5490e","name":"Nitrogen oxides","categoryPath":["Elementary Flows","emission","air"],"flowType":"ELEMENTARY_FLOW","refUnit":"kg"},"unit":{"@type":"Unit","@id":"20aadc24-a391-41cf-b340-3e4529f44bde","name":"kg"},"flowProperty":{"@type":"FlowProperty","@id":"93a60a56-a3c8-11da-a746-0800200b9a66","name":"Mass","categoryPath":["Technical flow properties"]}},{"@type":"Exchange","avoidedProduct":false,"input":false,"amount":6.44E-13,"internalId":31,"flow":{"@type":"Flow","@id":"3bf6bb55-a2d2-36a1-988c-3caf0d73baf9","name":"Polycyclic aromatic hydrocarbons","categoryPath":["Elementary Flows","emission","air"],"flowType":"ELEMENTARY_FLOW","refUnit":"kg"},"unit":{"@type":"Unit","@id":"20aadc24-a391-41cf-b340-3e4529f44bde","name":"kg"},"flowProperty":{"@type":"FlowProperty","@id":"93a60a56-a3c8-11da-a746-0800200b9a66","name":"Mass","categoryPath":["Technical flow properties"]}},{"@type":"Exchange","avoidedProduct":false,"input":true,"amount":1.101579866,"internalId":3,"defaultProvider":{"@type":"Process","@id":"c245a252-0860-41d2-9789-802bab7984ab","name":"Containerboard, average production, at mill","categoryPath":["31-33: Manufacturing","3221: Pulp, Paper, and Paperboard Mills"],"processType":"UNIT_PROCESS","location":"US"},"flow":{"@type":"Flow","@id":"42385daf-e0a4-35de-9a68-931400275c60","name":"Containerboard, average production, at mill","categoryPath":["Technosphere Flows","31-33: Manufacturing","3221: Pulp, Paper, and Paperboard Mills"],"flowType":"PRODUCT_FLOW","location":"US","refUnit":"kg"},"unit":{"@type":"Unit","@id":"20aadc24-a391-41cf-b340-3e4529f44bde","name":"kg"},"flowProperty":{"@type":"FlowProperty","@id":"93a60a56-a3c8-11da-a746-0800200b9a66","name":"Mass","categoryPath":["Technical flow properties"]}},{"@type":"Exchange","avoidedProduct":false,"input":false,"amount":2.32E-10,"internalId":32,"flow":{"@type":"Flow","@id":"e2c65e04-f613-33db-9a6e-4cb4577b0005","name":"Mercury","categoryPath":["Elementary Flows","emission","air"],"flowType":"ELEMENTARY_FLOW","refUnit":"kg"},"unit":{"@type":"Unit","@id":"20aadc24-a391-41cf-b340-3e4529f44bde","name":"kg"},"flowProperty":{"@type":"FlowProperty","@id":"93a60a56-a3c8-11da-a746-0800200b9a66","name":"Mass","categoryPath":["Technical flow properties"]}},{"@type":"Exchange","avoidedProduct":false,"input":false,"amount":5.22E-10,"internalId":7,"flow":{"@type":"Flow","@id":"b6db14bd-73e9-3f02-852a-e8b5e60bbc61","name":"Selenium","categoryPath":["Elementary Flows","emission","air"],"flowType":"ELEMENTARY_FLOW","refUnit":"kg"},"unit":{"@type":"Unit","@id":"20aadc24-a391-41cf-b340-3e4529f44bde","name":"kg"},"flowProperty":{"@type":"FlowProperty","@id":"93a60a56-a3c8-11da-a746-0800200b9a66","name":"Mass","categoryPath":["Technical flow properties"]}},{"@type":"Exchange","avoidedProduct":false,"input":true,"amount":5.13365E-4,"internalId":2,"flow":{"@type":"Flow","@id":"b86265c2-5978-3ba1-92ec-e7e0d862bc25","name":"Coating powder, at plant","categoryPath":["Technosphere Flows","CUTOFF Flows"],"flowType":"PRODUCT_FLOW","refUnit":"kg"},"unit":{"@type":"Unit","@id":"20aadc24-a391-41cf-b340-3e4529f44bde","name":"kg"},"flowProperty":{"@type":"FlowProperty","@id":"93a60a56-a3c8-11da-a746-0800200b9a66","name":"Mass","categoryPath":["Technical flow properties"]}},{"@type":"Exchange","avoidedProduct":false,"input":false,"amount":0.013355200000000001,"internalId":35,"flow":{"@type":"Flow","@id":"96054103-8509-3049-a638-c4d13cc707cc","name":"Water","categoryPath":["Elementary Flows","emission","water"],"flowType":"ELEMENTARY_FLOW","refUnit":"kg"},"unit":{"@type":"Unit","@id":"20aadc24-a391-41cf-b340-3e4529f44bde","name":"kg"},"flowProperty":{"@type":"FlowProperty","@id":"93a60a56-a3c8-11da-a746-0800200b9a66","name":"Mass","categoryPath":["Technical flow properties"]}},{"@type":"Exchange","avoidedProduct":false,"input":false,"amount":7.28E-11,"internalId":4,"flow":{"@type":"Flow","@id":"965958b3-8368-3395-a55d-f6f819e40587","name":"Copper","categoryPath":["Elementary Flows","emission","water"],"flowType":"ELEMENTARY_FLOW","refUnit":"kg"},"unit":{"@type":"Unit","@id":"20aadc24-a391-41cf-b340-3e4529f44bde","name":"kg"},"flowProperty":{"@type":"FlowProperty","@id":"93a60a56-a3c8-11da-a746-0800200b9a66","name":"Mass","categoryPath":["Technical flow properties"]}},{"@type":"Exchange","avoidedProduct":false,"input":true,"amount":0.001608429,"internalId":1,"flow":{"@type":"Flow","@id":"93ccefc4-7a92-358d-a7ef-5cda90b4657b","name":"Adhesives and binders, at plant","categoryPath":["Technosphere Flows","CUTOFF Flows"],"flowType":"PRODUCT_FLOW","refUnit":"kg"},"unit":{"@type":"Unit","@id":"20aadc24-a391-41cf-b340-3e4529f44bde","name":"kg"},"flowProperty":{"@type":"FlowProperty","@id":"93a60a56-a3c8-11da-a746-0800200b9a66","name":"Mass","categoryPath":["Technical flow properties"]}},{"@type":"Exchange","avoidedProduct":false,"input":false,"amount":2.37E-7,"internalId":33,"flow":{"@type":"Flow","@id":"cfee0524-7ad6-300b-b050-6249135a2492","name":"Nitrous oxide","categoryPath":["Elementary Flows","emission","air"],"flowType":"ELEMENTARY_FLOW","refUnit":"kg"},"unit":{"@type":"Unit","@id":"20aadc24-a391-41cf-b340-3e4529f44bde","name":"kg"},"flowProperty":{"@type":"FlowProperty","@id":"93a60a56-a3c8-11da-a746-0800200b9a66","name":"Mass","categoryPath":["Technical flow properties"]}},{"@type":"Exchange","avoidedProduct":false,"input":false,"amount":4.53E-6,"internalId":14,"flow":{"@type":"Flow","@id":"27b840cc-1f41-3943-8ea8-6d68b44b7f81","name":"Biological Oxygen Demand","categoryPath":["Elementary Flows","emission","water"],"flowType":"ELEMENTARY_FLOW","refUnit":"kg"},"unit":{"@type":"Unit","@id":"20aadc24-a391-41cf-b340-3e4529f44bde","name":"kg"},"flowProperty":{"@type":"FlowProperty","@id":"93a60a56-a3c8-11da-a746-0800200b9a66","name":"Mass","categoryPath":["Technical flow properties"]}}]}