{"@context":"http://greendelta.github.io/olca-schema/context.jsonld","@type":"Process","@id":"726dea3f-ddee-3b80-89d9-a86dc464308d","name":"Scanner, packaging and information sheets","version":"00.00.008","lastChange":"2023-03-31T15:04:04.592-04:00","category":{"@type":"Category","@id":"790f8f26-ecf0-313a-930a-5c21a9007b61","name":"3222: Converted Paper Product Manufacturing","categoryPath":["31-33: Manufacturing"],"categoryType":"Process"},"processType":"UNIT_PROCESS","defaultAllocationMethod":"NO_ALLOCATION","infrastructureProcess":false,"location":{"@type":"Location","@id":"56bca136-90bb-3a77-9abb-7ce558af711e","name":"Global"},"processDocumentation":{"@type":"ProcessDocumentation","timeDescription":"2010 and after","technologyDescription":"Average technology","restrictionsDescription":"All information can be accessed by everybody.","copyright":false,"validFrom":"2009-12-31-05:00","validUntil":"2100-12-30-05:00","creationDate":"2015-08-24T10:15:19.307-04:00","geographyDescription":"Asia, China","dataDocumentor":{"@type":"Actor","@id":"97a3dd96-c17d-364a-8199-701171fe46a4","name":"Roy Wood"},"dataGenerator":{"@type":"Actor","@id":"97a3dd96-c17d-364a-8199-701171fe46a4","name":"Roy Wood"},"publication":{"@type":"Source","@id":"42431a71-8f0c-39b4-96c0-3a22625abe69","name":"Roy Wood "},"sources":[{"@type":"Source","@id":"42431a71-8f0c-39b4-96c0-3a22625abe69","name":"Roy Wood "}]},"lastInternalId":7,"exchanges":[{"@type":"Exchange","avoidedProduct":false,"input":false,"amount":1.88,"internalId":1,"flow":{"@type":"Flow","@id":"38d31926-8577-36d0-8c3b-d152010c9af8","name":"Scanner, packaging and information sheets","categoryPath":["Technosphere Flows","31-33: Manufacturing","3222: Converted Paper Product Manufacturing"],"flowType":"PRODUCT_FLOW","location":"GLO","refUnit":"kg"},"unit":{"@type":"Unit","@id":"20aadc24-a391-41cf-b340-3e4529f44bde","name":"kg"},"flowProperty":{"@type":"FlowProperty","@id":"93a60a56-a3c8-11da-a746-0800200b9a66","name":"Mass","categoryPath":["Technical flow properties"]},"quantitativeReference":true},{"@type":"Exchange","avoidedProduct":false,"input":true,"amount":0.266,"internalId":7,"defaultProvider":{"@type":"Process","@id":"d1c572b0-c244-3193-81fb-3a64bfb13e4d","name":"Polystyrene, high impact, HIPS, resin; at plant","categoryPath":["31-33: Manufacturing","3252: Resin, Synthetic Rubber, and Artificial and Synthetic Fibers and Filaments Manufacturing"],"processType":"UNIT_PROCESS","location":"RNA"},"flow":{"@type":"Flow","@id":"53cf5851-1608-3f85-8846-d15fceeb2de6","name":"Polystyrene, high impact, HIPS, resin, at plant","categoryPath":["Technosphere Flows","31-33: Manufacturing","3252: Resin, Synthetic Rubber, and Artificial and Synthetic Fibers and Filaments Manufacturing"],"flowType":"PRODUCT_FLOW","location":"RNA","refUnit":"kg"},"unit":{"@type":"Unit","@id":"20aadc24-a391-41cf-b340-3e4529f44bde","name":"kg"},"flowProperty":{"@type":"FlowProperty","@id":"93a60a56-a3c8-11da-a746-0800200b9a66","name":"Mass","categoryPath":["Technical flow properties"]},"uncertainty":{"@type":"Uncertainty","distributionType":"TRIANGLE_DISTRIBUTION","minimum":0.2655,"mode":0.26599999999999996,"maximum":0.2665}},{"@type":"Exchange","avoidedProduct":false,"input":true,"amount":0.27,"internalId":5,"flow":{"@type":"Flow","@id":"4be14204-2cc3-31e1-b37c-00272f9adecf","name":"Paper, woodcontaining, LWC, at plant","categoryPath":["Technosphere Flows","CUTOFF Flows"],"flowType":"PRODUCT_FLOW","refUnit":"kg"},"unit":{"@type":"Unit","@id":"20aadc24-a391-41cf-b340-3e4529f44bde","name":"kg"},"flowProperty":{"@type":"FlowProperty","@id":"93a60a56-a3c8-11da-a746-0800200b9a66","name":"Mass","categoryPath":["Technical flow properties"]},"uncertainty":{"@type":"Uncertainty","distributionType":"TRIANGLE_DISTRIBUTION","minimum":0.265,"mode":0.27,"maximum":0.275}},{"@type":"Exchange","avoidedProduct":false,"input":true,"amount":0.05,"internalId":3,"defaultProvider":{"@type":"Process","@id":"89389d98-1ba6-30c5-9c33-92443694936b","name":"Electricity, at Grid, US, 2010","categoryPath":["22: Utilities","2211: Electric Power Generation, Transmission and Distribution"],"processType":"UNIT_PROCESS","location":"RNA"},"flow":{"@type":"Flow","@id":"06581fb2-1de0-3e78-8298-f37605dea142","name":"Electricity, at grid","categoryPath":["Technosphere Flows","22: Utilities","2211: Electric Power Generation, Transmission and Distribution"],"flowType":"PRODUCT_FLOW","location":"RNA","refUnit":"MJ"},"unit":{"@type":"Unit","@id":"86ad2244-1f0e-4912-af53-7865283103e4","name":"kWh"},"flowProperty":{"@type":"FlowProperty","@id":"f6811440-ee37-11de-8a39-0800200c9a66","name":"Energy","categoryPath":["Technical flow properties"]}},{"@type":"Exchange","avoidedProduct":false,"input":true,"amount":0.044,"internalId":2,"defaultProvider":{"@type":"Process","@id":"1dbafde2-2bc3-405c-9726-4d92fe7d29f9","name":"Polyethylene, linear low-density, LLDPE, virgin resin, at plant","categoryPath":["31-33: Manufacturing","3252: Resin, Synthetic Rubber, and Artificial and Synthetic Fibers and Filaments Manufacturing"],"processType":"UNIT_PROCESS","location":"RNA"},"flow":{"@type":"Flow","@id":"1ca3b8d5-a002-41c1-bdce-8db63ea6291e","name":"Polyethylene, linear low-density, LLDPE, virgin resin, at plant","categoryPath":["Technosphere Flows","31-33: Manufacturing","3252: Resin, Synthetic Rubber, and Artificial and Synthetic Fibers and Filaments Manufacturing"],"flowType":"PRODUCT_FLOW","refUnit":"kg"},"unit":{"@type":"Unit","@id":"20aadc24-a391-41cf-b340-3e4529f44bde","name":"kg"},"flowProperty":{"@type":"FlowProperty","@id":"93a60a56-a3c8-11da-a746-0800200b9a66","name":"Mass","categoryPath":["Technical flow properties"]},"uncertainty":{"@type":"Uncertainty","distributionType":"TRIANGLE_DISTRIBUTION","minimum":0.0435,"mode":0.04400000000000001,"maximum":0.0445}},{"@type":"Exchange","avoidedProduct":false,"input":true,"amount":1.3,"internalId":6,"defaultProvider":{"@type":"Process","@id":"226ed3c2-e020-4c95-b1fc-4559fc2d18ac","name":"Corrugated product, average production, at mill","categoryPath":["31-33: Manufacturing","3222: Converted Paper Product Manufacturing"],"processType":"UNIT_PROCESS","location":"US"},"flow":{"@type":"Flow","@id":"f806b9df-b77c-3369-a00f-feda82b0778c","name":"Corrugated product, average production, at mill","categoryPath":["Technosphere Flows","31-33: Manufacturing","3222: Converted Paper Product Manufacturing"],"flowType":"PRODUCT_FLOW","location":"US","refUnit":"kg"},"unit":{"@type":"Unit","@id":"20aadc24-a391-41cf-b340-3e4529f44bde","name":"kg"},"flowProperty":{"@type":"FlowProperty","@id":"93a60a56-a3c8-11da-a746-0800200b9a66","name":"Mass","categoryPath":["Technical flow properties"]},"uncertainty":{"@type":"Uncertainty","distributionType":"TRIANGLE_DISTRIBUTION","minimum":1.29,"mode":1.3000000000000003,"maximum":1.31}},{"@type":"Exchange","avoidedProduct":false,"input":true,"amount":0.99,"internalId":4,"defaultProvider":{"@type":"Process","@id":"a685da05-1a42-3fe1-a68b-6db458be5e07","name":"Transport, combination truck, long-haul, diesel powered","categoryPath":["48-49: Transportation and Warehousing","4841: General Freight Trucking"],"processType":"UNIT_PROCESS","location":"RNA"},"flow":{"@type":"Flow","@id":"13ed0c67-549c-3a01-afee-7083b12dd949","name":"Transport, combination truck, long-haul, diesel powered","categoryPath":["Technosphere Flows","48-49: Transportation and Warehousing","4841: General Freight Trucking"],"flowType":"PRODUCT_FLOW","location":"RNA","refUnit":"t*km"},"unit":{"@type":"Unit","@id":"0dea4ed8-bb6b-4049-b2b4-b2c413ef2180","name":"t*km"},"flowProperty":{"@type":"FlowProperty","@id":"838aaa20-0117-11db-92e3-0800200c9a66","name":"Goods transport (mass*distance)","categoryPath":["Technical flow properties"]}}]}