{"@context":"http://greendelta.github.io/olca-schema/context.jsonld","@type":"Process","@id":"8ccbedef-d726-3fae-a848-a6d41aeab5a4","name":"Corn stover, at conversion plant, 2022","description":"This process transports corn stover to the conversion plant. It does so using transportation modal allocation from the USDA Ethanol Backgrounder (2007), assuming those current allocations are applicable to stover and for year 2022. Distances for each mode are from a combination of references; still missing a good distance estimate for barge, but since the share of barge transportation is ~2%, the final result will not be sensititive to this parameter. Infrastructure impacts are included in this process by calling the Ecoinvent \"transport\" processes. \nThe production of corn stover feedstock utilized in this transport process assigns inputs to corn stover based on activities and inputs that are required for the growth and harvest and preprocessing of corn stover and none of the activities or inputs that would normally be used to produce, harvest and preprocess corn grain (so-called \"incremental allocation\").","version":"00.00.002","lastChange":"2023-03-31T15:04:02.612-04:00","category":{"@type":"Category","@id":"06d36dce-ff74-35b2-9148-ee963d3c754b","name":"4842: Specialized Freight Trucking","categoryPath":["48-49: Transportation and Warehousing"],"categoryType":"Process"},"processType":"UNIT_PROCESS","defaultAllocationMethod":"NO_ALLOCATION","infrastructureProcess":false,"location":{"@type":"Location","@id":"b320e7db-c758-3ba6-8839-81eb83c9d7d7","name":"Northern America"},"processDocumentation":{"@type":"ProcessDocumentation","timeDescription":"2007","technologyDescription":"modern","restrictionsDescription":"All information can be accessed by everybody.","copyright":false,"validFrom":"2006-12-31-05:00","validUntil":"2021-12-31-05:00","creationDate":"2013-10-22T11:00:53-04:00","geographyDescription":"North America","dataDocumentor":{"@type":"Actor","@id":"4abc5016-b922-34c0-a2c1-136c5cfa7083","name":"Garvin Heath"},"dataGenerator":{"@type":"Actor","@id":"4abc5016-b922-34c0-a2c1-136c5cfa7083","name":"Garvin Heath"},"publication":{"@type":"Source","@id":"a1d1d73e-7d93-3a6b-a3bc-3b2f4f025b86","name":"Hsu, D. "},"sources":[{"@type":"Source","@id":"a1d1d73e-7d93-3a6b-a3bc-3b2f4f025b86","name":"Hsu, D. "}]},"lastInternalId":5,"exchanges":[{"@type":"Exchange","avoidedProduct":false,"input":false,"amount":1.0,"internalId":1,"flow":{"@type":"Flow","@id":"01163e75-95cb-3475-9c0d-7d76584078c3","name":"Corn stover, at conversion plant","categoryPath":["Technosphere Flows","48-49: Transportation and Warehousing","4842: Specialized Freight Trucking"],"flowType":"PRODUCT_FLOW","location":"RNA","refUnit":"kg"},"unit":{"@type":"Unit","@id":"20aadc24-a391-41cf-b340-3e4529f44bde","name":"kg"},"flowProperty":{"@type":"FlowProperty","@id":"93a60a56-a3c8-11da-a746-0800200b9a66","name":"Mass","categoryPath":["Technical flow properties"]},"quantitativeReference":true},{"@type":"Exchange","avoidedProduct":false,"input":true,"amount":200.0,"description":"This process uses European train data extrapolated to US by ecoinvent. This process relates to \"average\" (current) trains, even though emissions will presumably be considerably lower in 2022.   Assumes backhauling of gasoline (i.e., no attributable empty return trip)","internalId":5,"defaultProvider":{"@type":"Process","@id":"7de9c230-fd0f-3478-be87-f80181132faa","name":"Transport, train, diesel powered","categoryPath":["48-49: Transportation and Warehousing","4821: Rail Transportation"],"processType":"UNIT_PROCESS","location":"RNA"},"flow":{"@type":"Flow","@id":"73c7494d-4e93-3769-896b-8bb82f0dfccc","name":"Transport, train, diesel powered","categoryPath":["Technosphere Flows","48-49: Transportation and Warehousing","4821: Rail Transportation"],"flowType":"PRODUCT_FLOW","location":"RNA","refUnit":"t*km"},"unit":{"@type":"Unit","@id":"0dea4ed8-bb6b-4049-b2b4-b2c413ef2180","name":"t*km"},"flowProperty":{"@type":"FlowProperty","@id":"838aaa20-0117-11db-92e3-0800200c9a66","name":"Goods transport (mass*distance)","categoryPath":["Technical flow properties"]}},{"@type":"Exchange","avoidedProduct":false,"input":true,"amount":1.0,"internalId":4,"defaultProvider":{"@type":"Process","@id":"4be84642-28cb-3508-9189-d8afcec42d92","name":"Corn stover, ground and stored","categoryPath":["11: Agriculture, Forestry, Fishing and Hunting","1151: Support Activities for Crop Production"],"processType":"UNIT_PROCESS","location":"RNA"},"flow":{"@type":"Flow","@id":"765bab27-83e7-3751-a489-085ad54393c6","name":"Corn stover, ground and stored","categoryPath":["Technosphere Flows","11: Agriculture, Forestry, Fishing and Hunting","1151: Support Activities for Crop Production"],"flowType":"PRODUCT_FLOW","location":"RNA","refUnit":"kg"},"unit":{"@type":"Unit","@id":"20aadc24-a391-41cf-b340-3e4529f44bde","name":"kg"},"flowProperty":{"@type":"FlowProperty","@id":"93a60a56-a3c8-11da-a746-0800200b9a66","name":"Mass","categoryPath":["Technical flow properties"]}},{"@type":"Exchange","avoidedProduct":false,"input":true,"amount":11.3,"description":"assuming barge is for dry goods, barge tanker for liquid. This equation for weight, right? This process relates to \"average\" (current) barges, even though emissions will presumably be considerably lower in 2022.  Assumes backhauling of gasoline (i.e., no attributable empty return trip)","internalId":3,"defaultProvider":{"@type":"Process","@id":"c2300fc3-5496-3d12-9135-67dc0ef740c9","name":"Transport, barge, diesel powered","categoryPath":["48-49: Transportation and Warehousing","4832: Inland Water Transportation"],"processType":"UNIT_PROCESS","location":"RNA"},"flow":{"@type":"Flow","@id":"a1242640-8306-366c-9c55-6dfd23e77bd7","name":"Transport, barge, diesel powered","categoryPath":["Technosphere Flows","48-49: Transportation and Warehousing","4832: Inland Water Transportation"],"flowType":"PRODUCT_FLOW","location":"RNA","refUnit":"t*km"},"unit":{"@type":"Unit","@id":"0dea4ed8-bb6b-4049-b2b4-b2c413ef2180","name":"t*km"},"flowProperty":{"@type":"FlowProperty","@id":"838aaa20-0117-11db-92e3-0800200c9a66","name":"Goods transport (mass*distance)","categoryPath":["Technical flow properties"]}},{"@type":"Exchange","avoidedProduct":false,"input":true,"amount":30.2,"description":"This is the most stringest European emission standard for lorries, though presumably considerably higher than standards in place in 2022.  Assumes backhauling of gasoline (i.e., no attributable empty return trip)","internalId":2,"defaultProvider":{"@type":"Process","@id":"34156f3c-28ef-33db-9ad0-6293a2aa0d52","name":"Transport, combination truck, diesel powered","categoryPath":["48-49: Transportation and Warehousing","4841: General Freight Trucking"],"processType":"UNIT_PROCESS","location":"RNA"},"flow":{"@type":"Flow","@id":"628c07ec-0802-39c1-ab88-1c62848ef436","name":"Transport, combination truck, diesel powered","categoryPath":["Technosphere Flows","48-49: Transportation and Warehousing","4841: General Freight Trucking"],"flowType":"PRODUCT_FLOW","location":"RNA","refUnit":"t*km"},"unit":{"@type":"Unit","@id":"0dea4ed8-bb6b-4049-b2b4-b2c413ef2180","name":"t*km"},"flowProperty":{"@type":"FlowProperty","@id":"838aaa20-0117-11db-92e3-0800200c9a66","name":"Goods transport (mass*distance)","categoryPath":["Technical flow properties"]}}]}