{"@context":"http://greendelta.github.io/olca-schema/context.jsonld","@type":"Process","@id":"d397dd56-dc53-37a1-956b-5da3aaa81a6f","name":"Transport, single unit truck, gasoline powered","description":"\nImportant note: although most of the data in the US LCI database has \nundergone some sort of review, the database as a whole has not yet \nundergone a formal validation process.\nPlease email comments to lci@nrel.gov.","version":"00.00.004","lastChange":"2023-03-31T15:04:02.612-04:00","category":{"@type":"Category","@id":"ae58118a-9c50-3e6f-b450-1dfe17d94bc8","name":"4841: General Freight Trucking","categoryPath":["48-49: Transportation and Warehousing"],"categoryType":"Process"},"processType":"UNIT_PROCESS","defaultAllocationMethod":"NO_ALLOCATION","infrastructureProcess":false,"location":{"@type":"Location","@id":"b320e7db-c758-3ba6-8839-81eb83c9d7d7","name":"Northern America"},"processDocumentation":{"@type":"ProcessDocumentation","technologyDescription":"Represents current technologies for single unit truck transport.","restrictionsDescription":"All information can be accessed by everybody.","copyright":false,"validFrom":"2000-12-31-05:00","validUntil":"2000-12-31-05:00","creationDate":"2013-10-22T14:14:58-04:00","geographyDescription":"United States","dataDocumentor":{"@type":"Actor","@id":"38e67478-a915-43d9-ad67-e25db79a4acc","name":"Franklin Associates, A Division of ERG"},"dataGenerator":{"@type":"Actor","@id":"38e67478-a915-43d9-ad67-e25db79a4acc","name":"Franklin Associates, A Division of ERG"},"publication":{"@type":"Source","@id":"bf6d85fc-d40d-37a2-9d7b-cd2c2f473cc0","name":"Franklin Associates (2003) Single Unit Diesel Truck"},"sources":[{"@type":"Source","@id":"bf6d85fc-d40d-37a2-9d7b-cd2c2f473cc0","name":"Franklin Associates (2003) Single Unit Diesel Truck"},{"@type":"Source","@id":"066f0b74-c38c-3bb4-acb8-a58bbf64f453","name":"unspecified "},{"@type":"Source","@id":"9f5743aa-87b1-3ca9-82d9-d91f08537237","name":"Center for Transportation Reasearch, Arg "}]},"lastInternalId":10,"exchanges":[{"@type":"Exchange","avoidedProduct":false,"input":false,"amount":1.0,"internalId":1,"flow":{"@type":"Flow","@id":"30c89ffc-e08a-3d2b-8c96-33b2397b9bd8","name":"Transport, single unit truck, gasoline powered","categoryPath":["Technosphere Flows","48-49: Transportation and Warehousing","4841: General Freight Trucking"],"flowType":"PRODUCT_FLOW","location":"RNA","refUnit":"t*km"},"unit":{"@type":"Unit","@id":"0dea4ed8-bb6b-4049-b2b4-b2c413ef2180","name":"t*km"},"flowProperty":{"@type":"FlowProperty","@id":"838aaa20-0117-11db-92e3-0800200c9a66","name":"Goods transport (mass*distance)","categoryPath":["Technical flow properties"]},"quantitativeReference":true},{"@type":"Exchange","avoidedProduct":false,"input":false,"amount":3.7925E-6,"internalId":8,"flow":{"@type":"Flow","@id":"5a939c2b-cebf-3060-8862-4a8650caf6dd","name":"Particulate matter, ≤ 10μm","categoryPath":["Elementary Flows","emission","air"],"flowType":"ELEMENTARY_FLOW","refUnit":"kg"},"unit":{"@type":"Unit","@id":"20aadc24-a391-41cf-b340-3e4529f44bde","name":"kg"},"flowProperty":{"@type":"FlowProperty","@id":"93a60a56-a3c8-11da-a746-0800200b9a66","name":"Mass","categoryPath":["Technical flow properties"]}},{"@type":"Exchange","avoidedProduct":false,"input":false,"amount":1.7704E-4,"internalId":9,"flow":{"@type":"Flow","@id":"6f861846-1c4c-3fc9-a198-56b2d9abd83b","name":"Volatile organic compounds","categoryPath":["Elementary Flows","emission","air"],"flowType":"ELEMENTARY_FLOW","refUnit":"kg"},"unit":{"@type":"Unit","@id":"20aadc24-a391-41cf-b340-3e4529f44bde","name":"kg"},"flowProperty":{"@type":"FlowProperty","@id":"93a60a56-a3c8-11da-a746-0800200b9a66","name":"Mass","categoryPath":["Technical flow properties"]}},{"@type":"Exchange","avoidedProduct":false,"input":false,"amount":7.7451E-4,"internalId":5,"flow":{"@type":"Flow","@id":"4382ba18-dd21-3837-80b2-94283ef5490e","name":"Nitrogen oxides","categoryPath":["Elementary Flows","emission","air"],"flowType":"ELEMENTARY_FLOW","refUnit":"kg"},"unit":{"@type":"Unit","@id":"20aadc24-a391-41cf-b340-3e4529f44bde","name":"kg"},"flowProperty":{"@type":"FlowProperty","@id":"93a60a56-a3c8-11da-a746-0800200b9a66","name":"Mass","categoryPath":["Technical flow properties"]}},{"@type":"Exchange","avoidedProduct":false,"input":false,"amount":0.13245,"internalId":10,"flow":{"@type":"Flow","@id":"b6f010fb-a764-3063-af2d-bcb8309a97b7","name":"Carbon dioxide","categoryPath":["Elementary Flows","emission","air"],"flowType":"ELEMENTARY_FLOW","refUnit":"kg"},"unit":{"@type":"Unit","@id":"20aadc24-a391-41cf-b340-3e4529f44bde","name":"kg"},"flowProperty":{"@type":"FlowProperty","@id":"93a60a56-a3c8-11da-a746-0800200b9a66","name":"Mass","categoryPath":["Technical flow properties"]}},{"@type":"Exchange","avoidedProduct":false,"input":false,"amount":5.5763E-6,"internalId":2,"flow":{"@type":"Flow","@id":"cfee0524-7ad6-300b-b050-6249135a2492","name":"Nitrous oxide","categoryPath":["Elementary Flows","emission","air"],"flowType":"ELEMENTARY_FLOW","refUnit":"kg"},"unit":{"@type":"Unit","@id":"20aadc24-a391-41cf-b340-3e4529f44bde","name":"kg"},"flowProperty":{"@type":"FlowProperty","@id":"93a60a56-a3c8-11da-a746-0800200b9a66","name":"Mass","categoryPath":["Technical flow properties"]}},{"@type":"Exchange","avoidedProduct":false,"input":false,"amount":0.0023766,"internalId":7,"flow":{"@type":"Flow","@id":"187c525c-3715-388c-b303-a0671524a615","name":"Carbon monoxide","categoryPath":["Elementary Flows","emission","air"],"flowType":"ELEMENTARY_FLOW","refUnit":"kg"},"unit":{"@type":"Unit","@id":"20aadc24-a391-41cf-b340-3e4529f44bde","name":"kg"},"flowProperty":{"@type":"FlowProperty","@id":"93a60a56-a3c8-11da-a746-0800200b9a66","name":"Mass","categoryPath":["Technical flow properties"]}},{"@type":"Exchange","avoidedProduct":false,"input":false,"amount":3.1626E-5,"internalId":6,"flow":{"@type":"Flow","@id":"42e4c3cb-8468-3004-bd4b-19e6cbb81687","name":"Sulfur oxides","categoryPath":["Elementary Flows","emission","air"],"flowType":"ELEMENTARY_FLOW","refUnit":"kg"},"unit":{"@type":"Unit","@id":"20aadc24-a391-41cf-b340-3e4529f44bde","name":"kg"},"flowProperty":{"@type":"FlowProperty","@id":"93a60a56-a3c8-11da-a746-0800200b9a66","name":"Mass","categoryPath":["Technical flow properties"]}},{"@type":"Exchange","avoidedProduct":false,"input":false,"amount":2.85E-5,"internalId":3,"flow":{"@type":"Flow","@id":"aab83476-ec6c-3742-af85-15d320b7ce80","name":"Methane","categoryPath":["Elementary Flows","emission","air"],"flowType":"ELEMENTARY_FLOW","refUnit":"kg"},"unit":{"@type":"Unit","@id":"20aadc24-a391-41cf-b340-3e4529f44bde","name":"kg"},"flowProperty":{"@type":"FlowProperty","@id":"93a60a56-a3c8-11da-a746-0800200b9a66","name":"Mass","categoryPath":["Technical flow properties"]}},{"@type":"Exchange","avoidedProduct":false,"input":true,"amount":0.058338,"internalId":4,"defaultProvider":{"@type":"Process","@id":"0aaf1e13-5d80-37f9-b7bb-81a6b8965c71","name":"Petroleum refining, at refinery","categoryPath":["31-33: Manufacturing","3241: Petroleum and Coal Products Manufacturing"],"processType":"UNIT_PROCESS","location":"RNA"},"flow":{"@type":"Flow","@id":"0e44e579-abb0-3c77-af64-c774d65be529","name":"Gasoline, at refinery","categoryPath":["Technosphere Flows","31-33: Manufacturing","3241: Petroleum and Coal Products Manufacturing"],"flowType":"PRODUCT_FLOW","refUnit":"m3"},"unit":{"@type":"Unit","@id":"b80a512e-e402-4363-8ad0-7d02dcf4a459","name":"l"},"flowProperty":{"@type":"FlowProperty","@id":"93a60a56-a3c8-22da-a746-0800200c9a66","name":"Volume","categoryPath":["Technical flow properties"]}}]}