<?xml version="1.0" encoding="UTF-8" standalone="yes"?>
<processDataSet xmlns:m="http://lca.jrc.it/ILCD/LCIAMethod" xmlns:common="http://lca.jrc.it/ILCD/Common" xmlns:s="http://lca.jrc.it/ILCD/Source" xmlns:c="http://lca.jrc.it/ILCD/Contact" xmlns:f="http://lca.jrc.it/ILCD/Flow" xmlns="http://lca.jrc.it/ILCD/Process" xmlns:fp="http://lca.jrc.it/ILCD/FlowProperty" xmlns:u="http://lca.jrc.it/ILCD/UnitGroup" version="1.1">
    <processInformation>
        <dataSetInformation>
            <common:UUID>0a075756-e4af-3da7-a521-c6f460e8470e</common:UUID>
            <name>
                <baseName xml:lang="en">Ethylene dichloride-vinyl chloride monomer, at plant</baseName>
            </name>
            <classificationInformation>
                <common:classification>
                    <common:class level="0" classId="aace7bf8-a0e3-3515-8b6c-2c4211ad420b">Chemical Manufacturing</common:class>
                    <common:class level="1" classId="05ee7247-d00d-304a-97e8-4a376ca05972">Petrochemical Manufacturing</common:class>
                </common:classification>
            </classificationInformation>
        </dataSetInformation>
        <quantitativeReference type="Reference flow(s)">
            <referenceToReferenceFlow>0</referenceToReferenceFlow>
        </quantitativeReference>
        <time xmlns:olca="http://openlca.org/ilcd-extensions" olca:startDate="1041318000000" olca:endDate="1072854000000">
            <common:referenceYear>2002</common:referenceYear>
            <common:dataSetValidUntil>2003</common:dataSetValidUntil>
        </time>
        <geography>
            <locationOfOperationSupplyOrProduction location="RNA" latitudeAndLongitude="58.71,-91.96">
                <descriptionOfRestrictions xml:lang="en">US</descriptionOfRestrictions>
            </locationOfOperationSupplyOrProduction>
        </geography>
        <technology>
            <technologyDescriptionAndIncludedProcesses xml:lang="en">Ethylene dichloride is produced from the reaction of ethylene and chlorine. Vinyl chloride monomer (VCM) is produced almost exclusively by thermal cleavage (dehydrochlorination) of ethylene dichloride.</technologyDescriptionAndIncludedProcesses>
        </technology>
    </processInformation>
    <modellingAndValidation>
        <LCIMethodAndAllocation>
            <typeOfDataSet>Unit process, black box</typeOfDataSet>
            <LCIMethodPrinciple>Other</LCIMethodPrinciple>
        </LCIMethodAndAllocation>
        <dataSourcesTreatmentAndRepresentativeness>
            <deviationsFromCutOffAndCompletenessPrinciples xml:lang="en">None.</deviationsFromCutOffAndCompletenessPrinciples>
            <deviationsFromSelectionAndCombinationPrinciples xml:lang="en">None.</deviationsFromSelectionAndCombinationPrinciples>
            <referenceToDataSource type="source data set" refObjectId="9cdb0fb9-c3f9-37c7-98e0-ca7d811e1555" version="01.00.000" uri="../sources/9cdb0fb9-c3f9-37c7-98e0-ca7d811e1555">
                <common:shortDescription xml:lang="en">THE PLASTICS DIVISION OF THE ACC </common:shortDescription>
            </referenceToDataSource>
            <samplingProcedure xml:lang="en">Data are from primary sources. Data for the production of EDC/VCM were provided by three leading producers (3 plants) in North America. At the time this data was collected, there were 8 companies and 12 plants producing VCM. The companies that provided data were the 3 largest producers of VCM at the time. Due to this, we are estimating that these companies produced greater than 50% of the VCM market share. The EDC/VCM producers who provided data for this module verified that the characteristics of their plants are representative of a majority of North American EDC/VCM production. </samplingProcedure>
        </dataSourcesTreatmentAndRepresentativeness>
    </modellingAndValidation>
    <administrativeInformation>
        <dataGenerator>
            <common:referenceToPersonOrEntityGeneratingTheDataSet type="contact data set" refObjectId="721bcfe4-ee92-33bc-a9bd-bbf5ba3cb52d" version="01.00.000" uri="../contacts/721bcfe4-ee92-33bc-a9bd-bbf5ba3cb52d">
                <common:shortDescription xml:lang="en">Franklin Associates</common:shortDescription>
            </common:referenceToPersonOrEntityGeneratingTheDataSet>
        </dataGenerator>
        <dataEntryBy>
            <common:timeStamp>2018-04-11T15:59:36.495-06:00</common:timeStamp>
            <common:referenceToDataSetFormat type="source data set" refObjectId="a97a0155-0234-4b87-b4ce-a45da52f2a40" version="01.01.000" uri="../sources/a97a0155-0234-4b87-b4ce-a45da52f2a40_01.01.000.xml">
                <common:shortDescription xml:lang="en">ILCD format</common:shortDescription>
            </common:referenceToDataSetFormat>
            <common:referenceToPersonOrEntityEnteringTheData type="contact data set" refObjectId="721bcfe4-ee92-33bc-a9bd-bbf5ba3cb52d" version="01.00.000" uri="../contacts/721bcfe4-ee92-33bc-a9bd-bbf5ba3cb52d">
                <common:shortDescription xml:lang="en">Franklin Associates</common:shortDescription>
            </common:referenceToPersonOrEntityEnteringTheData>
        </dataEntryBy>
        <publicationAndOwnership>
            <common:dateOfLastRevision>2015-08-20T12:01:40.201-06:00</common:dateOfLastRevision>
            <common:dataSetVersion>00.00.000</common:dataSetVersion>
            <common:referenceToUnchangedRepublication type="source data set" refObjectId="9cdb0fb9-c3f9-37c7-98e0-ca7d811e1555" version="01.00.000" uri="../sources/9cdb0fb9-c3f9-37c7-98e0-ca7d811e1555">
                <common:shortDescription xml:lang="en">THE PLASTICS DIVISION OF THE ACC </common:shortDescription>
            </common:referenceToUnchangedRepublication>
            <common:copyright>false</common:copyright>
            <common:accessRestrictions xml:lang="en">All information can be accessed by everybody.</common:accessRestrictions>
        </publicationAndOwnership>
    </administrativeInformation>
    <exchanges>
        <exchange xmlns:olca="http://openlca.org/ilcd-extensions" dataSetInternalID="15" olca:unitId="20aadc24-a391-41cf-b340-3e4529f44bde" olca:propertyId="93a60a56-a3c8-11da-a746-0800200b9a66" olca:amount="1.0E-6">
            <referenceToFlowDataSet type="flow data set" refObjectId="fce7dbb7-d08d-34ae-875c-1afb623e7213" version="01.00.000" uri="../flows/fce7dbb7-d08d-34ae-875c-1afb623e7213">
                <common:shortDescription xml:lang="en">Chlorine</common:shortDescription>
            </referenceToFlowDataSet>
            <exchangeDirection>Output</exchangeDirection>
            <meanAmount>1.0E-6</meanAmount>
            <resultingAmount>1.0E-6</resultingAmount>
            <generalComment xml:lang="en">This emission was reported by fewer than three companies. To indicate known emissions while protecting the confidentiality of individual company responses, the emission is reported only by order of magnitude.</generalComment>
        </exchange>
        <exchange xmlns:olca="http://openlca.org/ilcd-extensions" dataSetInternalID="22" olca:unitId="0dea4ed8-bb6b-4049-b2b4-b2c413ef2180" olca:propertyId="838aaa20-0117-11db-92e3-0800200c9a66" olca:amount="0.092491">
            <referenceToFlowDataSet type="flow data set" refObjectId="acbe5bc4-6afd-31aa-bf3f-4a3fdc491945" version="01.00.000" uri="../flows/acbe5bc4-6afd-31aa-bf3f-4a3fdc491945">
                <common:shortDescription xml:lang="en">Transport, pipeline, unspecified petroleum products</common:shortDescription>
            </referenceToFlowDataSet>
            <exchangeDirection>Input</exchangeDirection>
            <meanAmount>0.092491</meanAmount>
            <resultingAmount>0.092491</resultingAmount>
            <generalComment xml:lang="en">Individual amounts of each incoming material were multiplied by the incoming distance travelled. These are totaled weighted averages of the primary incoming transport data from each participating open mold caster.</generalComment>
        </exchange>
        <exchange xmlns:olca="http://openlca.org/ilcd-extensions" dataSetInternalID="8" olca:unitId="20aadc24-a391-41cf-b340-3e4529f44bde" olca:propertyId="93a60a56-a3c8-11da-a746-0800200b9a66" olca:amount="0.535">
            <referenceToFlowDataSet type="flow data set" refObjectId="0bcf4ff4-9e43-380e-aba6-5722e03fad05" version="01.00.000" uri="../flows/0bcf4ff4-9e43-380e-aba6-5722e03fad05">
                <common:shortDescription xml:lang="en">Chlor-alkali electrolysis, chlorine for PVC, at plant</common:shortDescription>
            </referenceToFlowDataSet>
            <exchangeDirection>Input</exchangeDirection>
            <meanAmount>0.535</meanAmount>
            <resultingAmount>0.535</resultingAmount>
        </exchange>
        <exchange xmlns:olca="http://openlca.org/ilcd-extensions" dataSetInternalID="6" olca:unitId="20aadc24-a391-41cf-b340-3e4529f44bde" olca:propertyId="93a60a56-a3c8-11da-a746-0800200b9a66" olca:amount="2.6E-6">
            <referenceToFlowDataSet type="flow data set" refObjectId="bd6eb54f-0d2e-3a63-a3ac-98e0cf458d35" version="01.00.000" uri="../flows/bd6eb54f-0d2e-3a63-a3ac-98e0cf458d35">
                <common:shortDescription xml:lang="en">Hydrogen Chloride</common:shortDescription>
            </referenceToFlowDataSet>
            <exchangeDirection>Output</exchangeDirection>
            <meanAmount>2.6E-6</meanAmount>
            <resultingAmount>2.6E-6</resultingAmount>
        </exchange>
        <exchange xmlns:olca="http://openlca.org/ilcd-extensions" dataSetInternalID="24" olca:unitId="20aadc24-a391-41cf-b340-3e4529f44bde" olca:propertyId="93a60a56-a3c8-11da-a746-0800200b9a66" olca:amount="1.0E-5">
            <referenceToFlowDataSet type="flow data set" refObjectId="b641465b-5594-34f2-a9f8-72ceb302de17" version="01.00.000" uri="../flows/b641465b-5594-34f2-a9f8-72ceb302de17">
                <common:shortDescription xml:lang="en">Particulates, unspecified</common:shortDescription>
            </referenceToFlowDataSet>
            <exchangeDirection>Output</exchangeDirection>
            <meanAmount>1.0E-5</meanAmount>
            <resultingAmount>1.0E-5</resultingAmount>
            <generalComment xml:lang="en">This emission was reported by fewer than three companies. To indicate known emissions while protecting the confidentiality of individual company responses, the emission is reported only by order of magnitude.</generalComment>
        </exchange>
        <exchange xmlns:olca="http://openlca.org/ilcd-extensions" dataSetInternalID="1" olca:unitId="20aadc24-a391-41cf-b340-3e4529f44bde" olca:propertyId="93a60a56-a3c8-11da-a746-0800200b9a66" olca:amount="3.6E-4">
            <referenceToFlowDataSet type="flow data set" refObjectId="838cef47-a3a6-3dce-bcb2-560991c5e95c" version="01.00.000" uri="../flows/838cef47-a3a6-3dce-bcb2-560991c5e95c">
                <common:shortDescription xml:lang="en">CUTOFF Disposal, solid waste, unspecified, to sanitary landfill</common:shortDescription>
            </referenceToFlowDataSet>
            <exchangeDirection>Input</exchangeDirection>
            <meanAmount>3.6E-4</meanAmount>
            <resultingAmount>3.6E-4</resultingAmount>
            <generalComment xml:lang="en">Solid Wastes consists of sludge and undisclosed process wastes.</generalComment>
        </exchange>
        <exchange xmlns:olca="http://openlca.org/ilcd-extensions" dataSetInternalID="26" olca:unitId="20aadc24-a391-41cf-b340-3e4529f44bde" olca:propertyId="93a60a56-a3c8-11da-a746-0800200b9a66" olca:amount="1.1E-5">
            <referenceToFlowDataSet type="flow data set" refObjectId="80c9c183-6e8e-3cba-a608-1d70820c3ce9" version="01.00.000" uri="../flows/80c9c183-6e8e-3cba-a608-1d70820c3ce9">
                <common:shortDescription xml:lang="en">Carbon monoxide</common:shortDescription>
            </referenceToFlowDataSet>
            <exchangeDirection>Output</exchangeDirection>
            <meanAmount>1.1E-5</meanAmount>
            <resultingAmount>1.1E-5</resultingAmount>
        </exchange>
        <exchange xmlns:olca="http://openlca.org/ilcd-extensions" dataSetInternalID="2" olca:unitId="20aadc24-a391-41cf-b340-3e4529f44bde" olca:propertyId="93a60a56-a3c8-11da-a746-0800200b9a66" olca:amount="1.0E-8">
            <referenceToFlowDataSet type="flow data set" refObjectId="a6c86e25-c8cb-3f16-b821-0f2f97f84d14" version="01.00.000" uri="../flows/a6c86e25-c8cb-3f16-b821-0f2f97f84d14">
                <common:shortDescription xml:lang="en">Chlorides, unspecified</common:shortDescription>
            </referenceToFlowDataSet>
            <exchangeDirection>Output</exchangeDirection>
            <meanAmount>1.0E-8</meanAmount>
            <resultingAmount>1.0E-8</resultingAmount>
            <generalComment xml:lang="en">This emission was reported by fewer than three companies. To indicate known emissions while protecting the confidentiality of individual company responses, the emission is reported only by order of magnitude.</generalComment>
        </exchange>
        <exchange xmlns:olca="http://openlca.org/ilcd-extensions" dataSetInternalID="14" olca:unitId="20aadc24-a391-41cf-b340-3e4529f44bde" olca:propertyId="93a60a56-a3c8-11da-a746-0800200b9a66" olca:amount="0.453">
            <referenceToFlowDataSet type="flow data set" refObjectId="8a2f201e-cf8a-3017-9247-a4f98b9e1aba" version="01.00.000" uri="../flows/8a2f201e-cf8a-3017-9247-a4f98b9e1aba">
                <common:shortDescription xml:lang="en">Ethylene, at plant</common:shortDescription>
            </referenceToFlowDataSet>
            <exchangeDirection>Input</exchangeDirection>
            <meanAmount>0.453</meanAmount>
            <resultingAmount>0.453</resultingAmount>
        </exchange>
        <exchange xmlns:olca="http://openlca.org/ilcd-extensions" dataSetInternalID="5" olca:unitId="0dea4ed8-bb6b-4049-b2b4-b2c413ef2180" olca:propertyId="838aaa20-0117-11db-92e3-0800200c9a66" olca:amount="0.042352">
            <referenceToFlowDataSet type="flow data set" refObjectId="628c07ec-0802-39c1-ab88-1c62848ef436" version="01.00.000" uri="../flows/628c07ec-0802-39c1-ab88-1c62848ef436">
                <common:shortDescription xml:lang="en">Transport, combination truck, diesel powered</common:shortDescription>
            </referenceToFlowDataSet>
            <exchangeDirection>Input</exchangeDirection>
            <meanAmount>0.042352</meanAmount>
            <resultingAmount>0.042352</resultingAmount>
            <generalComment xml:lang="en">Individual amounts of each incoming material were multiplied by the incoming distance travelled. These are totaled weighted averages of the primary incoming transport data from each participating open mold caster.</generalComment>
        </exchange>
        <exchange xmlns:olca="http://openlca.org/ilcd-extensions" dataSetInternalID="10" olca:unitId="20aadc24-a391-41cf-b340-3e4529f44bde" olca:propertyId="93a60a56-a3c8-11da-a746-0800200b9a66" olca:amount="1.0E-10">
            <referenceToFlowDataSet type="flow data set" refObjectId="b9b924b4-e60b-3a85-8f35-a9619c4fd532" version="01.00.000" uri="../flows/b9b924b4-e60b-3a85-8f35-a9619c4fd532">
                <common:shortDescription xml:lang="en">Copper</common:shortDescription>
            </referenceToFlowDataSet>
            <exchangeDirection>Output</exchangeDirection>
            <meanAmount>1.0E-10</meanAmount>
            <resultingAmount>1.0E-10</resultingAmount>
            <generalComment xml:lang="en">This emission was reported by fewer than three companies. To indicate known emissions while protecting the confidentiality of individual company responses, the emission is reported only by order of magnitude.</generalComment>
        </exchange>
        <exchange xmlns:olca="http://openlca.org/ilcd-extensions" dataSetInternalID="0" olca:unitId="20aadc24-a391-41cf-b340-3e4529f44bde" olca:propertyId="93a60a56-a3c8-11da-a746-0800200b9a66" olca:amount="1.0">
            <referenceToFlowDataSet type="flow data set" refObjectId="d9aa7527-5ab6-3052-9b26-07e930d95ec6" version="01.00.000" uri="../flows/d9aa7527-5ab6-3052-9b26-07e930d95ec6">
                <common:shortDescription xml:lang="en">Ethylene dichloride-vinyl chloride monomer, at plant</common:shortDescription>
            </referenceToFlowDataSet>
            <exchangeDirection>Output</exchangeDirection>
            <meanAmount>1.0</meanAmount>
            <resultingAmount>1.0</resultingAmount>
            <generalComment xml:lang="en">This process has net water outputs. The mass imbalance is due to unavailability of the weight of water inputs to production and outputs to nature. </generalComment>
        </exchange>
        <exchange xmlns:olca="http://openlca.org/ilcd-extensions" dataSetInternalID="25" olca:unitId="20aadc24-a391-41cf-b340-3e4529f44bde" olca:propertyId="93a60a56-a3c8-11da-a746-0800200b9a66" olca:amount="1.0E-6">
            <referenceToFlowDataSet type="flow data set" refObjectId="441e7e96-6101-3856-ac4f-8f74c8005ba9" version="01.00.000" uri="../flows/441e7e96-6101-3856-ac4f-8f74c8005ba9">
                <common:shortDescription xml:lang="en">Particulates, &gt; 2.5 um, and &lt; 10um</common:shortDescription>
            </referenceToFlowDataSet>
            <exchangeDirection>Output</exchangeDirection>
            <meanAmount>1.0E-6</meanAmount>
            <resultingAmount>1.0E-6</resultingAmount>
            <generalComment xml:lang="en">This emission was reported by fewer than three companies. To indicate known emissions while protecting the confidentiality of individual company responses, the emission is reported only by order of magnitude.</generalComment>
        </exchange>
        <exchange xmlns:olca="http://openlca.org/ilcd-extensions" dataSetInternalID="9" olca:unitId="1c3a9695-398d-4b1f-b07e-a8715b610f70" olca:propertyId="93a60a56-a3c8-22da-a746-0800200c9a66" olca:amount="0.12523">
            <referenceToFlowDataSet type="flow data set" refObjectId="bb1dc159-fe13-3f8e-8197-361e8c770ba3" version="01.00.000" uri="../flows/bb1dc159-fe13-3f8e-8197-361e8c770ba3">
                <common:shortDescription xml:lang="en">Natural gas, combusted in industrial boiler</common:shortDescription>
            </referenceToFlowDataSet>
            <exchangeDirection>Input</exchangeDirection>
            <meanAmount>0.12523</meanAmount>
            <resultingAmount>0.12523</resultingAmount>
        </exchange>
        <exchange xmlns:olca="http://openlca.org/ilcd-extensions" dataSetInternalID="4" olca:unitId="20aadc24-a391-41cf-b340-3e4529f44bde" olca:propertyId="93a60a56-a3c8-11da-a746-0800200b9a66" olca:amount="0.0373">
            <referenceToFlowDataSet type="flow data set" refObjectId="63af114b-afcb-3a82-801a-9c66208a673a" version="01.00.000" uri="../flows/63af114b-afcb-3a82-801a-9c66208a673a">
                <common:shortDescription xml:lang="en">Carbon dioxide, fossil </common:shortDescription>
            </referenceToFlowDataSet>
            <exchangeDirection>Output</exchangeDirection>
            <meanAmount>0.0373</meanAmount>
            <resultingAmount>0.0373</resultingAmount>
        </exchange>
        <exchange xmlns:olca="http://openlca.org/ilcd-extensions" dataSetInternalID="16" olca:unitId="0dea4ed8-bb6b-4049-b2b4-b2c413ef2180" olca:propertyId="838aaa20-0117-11db-92e3-0800200c9a66" olca:amount="0.11449">
            <referenceToFlowDataSet type="flow data set" refObjectId="73c7494d-4e93-3769-896b-8bb82f0dfccc" version="01.00.000" uri="../flows/73c7494d-4e93-3769-896b-8bb82f0dfccc">
                <common:shortDescription xml:lang="en">Transport, train, diesel powered</common:shortDescription>
            </referenceToFlowDataSet>
            <exchangeDirection>Input</exchangeDirection>
            <meanAmount>0.11449</meanAmount>
            <resultingAmount>0.11449</resultingAmount>
            <generalComment xml:lang="en">Individual amounts of each incoming material were multiplied by the incoming distance travelled. These are totaled weighted averages of the primary incoming transport data from each participating open mold caster.</generalComment>
        </exchange>
        <exchange xmlns:olca="http://openlca.org/ilcd-extensions" dataSetInternalID="3" olca:unitId="20aadc24-a391-41cf-b340-3e4529f44bde" olca:propertyId="93a60a56-a3c8-11da-a746-0800200b9a66" olca:amount="4.25E-9">
            <referenceToFlowDataSet type="flow data set" refObjectId="576b0588-e949-35e3-8265-dedb5a0174b3" version="01.00.000" uri="../flows/576b0588-e949-35e3-8265-dedb5a0174b3">
                <common:shortDescription xml:lang="en">Ethene, chloro-</common:shortDescription>
            </referenceToFlowDataSet>
            <exchangeDirection>Output</exchangeDirection>
            <meanAmount>4.25E-9</meanAmount>
            <resultingAmount>4.25E-9</resultingAmount>
            <generalComment xml:lang="en">This vinyl chloride emission was provided by the Vinyl Institute, based on 2011 Vinyl Chloride TRI reported values and 2011 PVC production reported by ACC Resin Statistic Report.  This value was used to represent a more industry wide average value to account for facilities that did not participate in the LCI inventory.  Actual reported figures were lower than the industry average.</generalComment>
        </exchange>
        <exchange xmlns:olca="http://openlca.org/ilcd-extensions" dataSetInternalID="23" olca:unitId="20aadc24-a391-41cf-b340-3e4529f44bde" olca:propertyId="93a60a56-a3c8-11da-a746-0800200b9a66" olca:amount="3.2E-5">
            <referenceToFlowDataSet type="flow data set" refObjectId="1827a862-ccac-37ac-9ad7-d2dffe71058c" version="01.00.000" uri="../flows/1827a862-ccac-37ac-9ad7-d2dffe71058c">
                <common:shortDescription xml:lang="en">Nitrogen oxides </common:shortDescription>
            </referenceToFlowDataSet>
            <exchangeDirection>Output</exchangeDirection>
            <meanAmount>3.2E-5</meanAmount>
            <resultingAmount>3.2E-5</resultingAmount>
        </exchange>
        <exchange xmlns:olca="http://openlca.org/ilcd-extensions" dataSetInternalID="19" olca:unitId="20aadc24-a391-41cf-b340-3e4529f44bde" olca:propertyId="93a60a56-a3c8-11da-a746-0800200b9a66" olca:amount="0.0217">
            <referenceToFlowDataSet type="flow data set" refObjectId="5d2b8abb-4d07-3515-b955-46a086e599f6" version="01.00.000" uri="../flows/5d2b8abb-4d07-3515-b955-46a086e599f6">
                <common:shortDescription xml:lang="en">CUTOFF Disposal, solid waste, unspecified, to waste-to-energy</common:shortDescription>
            </referenceToFlowDataSet>
            <exchangeDirection>Input</exchangeDirection>
            <meanAmount>0.0217</meanAmount>
            <resultingAmount>0.0217</resultingAmount>
            <generalComment xml:lang="en">Solid Wastes consists of light ends/heavy ends and hazardous wastes.</generalComment>
        </exchange>
        <exchange xmlns:olca="http://openlca.org/ilcd-extensions" dataSetInternalID="7" olca:unitId="20aadc24-a391-41cf-b340-3e4529f44bde" olca:propertyId="93a60a56-a3c8-11da-a746-0800200b9a66" olca:amount="0.144">
            <referenceToFlowDataSet type="flow data set" refObjectId="055e3f80-da33-3f27-be5f-8d0c59872b9a" version="01.00.000" uri="../flows/055e3f80-da33-3f27-be5f-8d0c59872b9a">
                <common:shortDescription xml:lang="en">Oxygen, liquid, at plant</common:shortDescription>
            </referenceToFlowDataSet>
            <exchangeDirection>Input</exchangeDirection>
            <meanAmount>0.144</meanAmount>
            <resultingAmount>0.144</resultingAmount>
        </exchange>
        <exchange xmlns:olca="http://openlca.org/ilcd-extensions" dataSetInternalID="20" olca:unitId="20aadc24-a391-41cf-b340-3e4529f44bde" olca:propertyId="93a60a56-a3c8-11da-a746-0800200b9a66" olca:amount="1.0E-6">
            <referenceToFlowDataSet type="flow data set" refObjectId="e10319a4-662e-3d3a-b3dc-03bbbca0e66f" version="01.00.000" uri="../flows/e10319a4-662e-3d3a-b3dc-03bbbca0e66f">
                <common:shortDescription xml:lang="en">Particulates, &lt; 2.5 um </common:shortDescription>
            </referenceToFlowDataSet>
            <exchangeDirection>Output</exchangeDirection>
            <meanAmount>1.0E-6</meanAmount>
            <resultingAmount>1.0E-6</resultingAmount>
            <generalComment xml:lang="en">This emission was reported by fewer than three companies. To indicate known emissions while protecting the confidentiality of individual company responses, the emission is reported only by order of magnitude.</generalComment>
        </exchange>
        <exchange xmlns:olca="http://openlca.org/ilcd-extensions" dataSetInternalID="12" olca:unitId="20aadc24-a391-41cf-b340-3e4529f44bde" olca:propertyId="93a60a56-a3c8-11da-a746-0800200b9a66" olca:amount="6.9E-6">
            <referenceToFlowDataSet type="flow data set" refObjectId="c746fcf6-c553-3f40-9445-6f0b14a727de" version="01.00.000" uri="../flows/c746fcf6-c553-3f40-9445-6f0b14a727de">
                <common:shortDescription xml:lang="en">Organic substances, unspecified</common:shortDescription>
            </referenceToFlowDataSet>
            <exchangeDirection>Output</exchangeDirection>
            <meanAmount>6.9E-6</meanAmount>
            <resultingAmount>6.9E-6</resultingAmount>
            <generalComment xml:lang="en">This category contains small amounts of EDC and VCM as well as other hydrocarbons which were not separated out by the data providers. These amounts may be overcounting the VCM emissions as the Vinyl Institute provided atmospheric VCM emissions for the production of EDC/VCM/PVC as shown in this dataset.</generalComment>
        </exchange>
        <exchange xmlns:olca="http://openlca.org/ilcd-extensions" dataSetInternalID="13" olca:unitId="86ad2244-1f0e-4912-af53-7865283103e4" olca:propertyId="f6811440-ee37-11de-8a39-0800200c9a66" olca:amount="0.20922">
            <referenceToFlowDataSet type="flow data set" refObjectId="fc76d79e-b0fb-376f-807b-02fe2098aa88" version="01.00.000" uri="../flows/fc76d79e-b0fb-376f-807b-02fe2098aa88">
                <common:shortDescription xml:lang="en">Electricity, at cogen, for natural gas turbine</common:shortDescription>
            </referenceToFlowDataSet>
            <exchangeDirection>Input</exchangeDirection>
            <meanAmount>0.753192</meanAmount>
            <resultingAmount>0.753192</resultingAmount>
        </exchange>
        <exchange xmlns:olca="http://openlca.org/ilcd-extensions" dataSetInternalID="21" olca:unitId="86ad2244-1f0e-4912-af53-7865283103e4" olca:propertyId="f6811440-ee37-11de-8a39-0800200c9a66" olca:amount="0.15123">
            <referenceToFlowDataSet type="flow data set" refObjectId="06581fb2-1de0-3e78-8298-f37605dea142" version="01.00.000" uri="../flows/06581fb2-1de0-3e78-8298-f37605dea142">
                <common:shortDescription xml:lang="en">Electricity, at grid, US, 2008</common:shortDescription>
            </referenceToFlowDataSet>
            <exchangeDirection>Input</exchangeDirection>
            <meanAmount>0.544428</meanAmount>
            <resultingAmount>0.544428</resultingAmount>
        </exchange>
        <exchange xmlns:olca="http://openlca.org/ilcd-extensions" dataSetInternalID="18" olca:unitId="20aadc24-a391-41cf-b340-3e4529f44bde" olca:propertyId="93a60a56-a3c8-11da-a746-0800200b9a66" olca:amount="0.00332">
            <referenceToFlowDataSet type="flow data set" refObjectId="ee9ac558-402f-3594-a3e3-0ee7dec4440d" version="01.00.000" uri="../flows/ee9ac558-402f-3594-a3e3-0ee7dec4440d">
                <common:shortDescription xml:lang="en">CUTOFF Disposal, solid waste, unspecified, to municipal incineration</common:shortDescription>
            </referenceToFlowDataSet>
            <exchangeDirection>Input</exchangeDirection>
            <meanAmount>0.00332</meanAmount>
            <resultingAmount>0.00332</resultingAmount>
            <generalComment xml:lang="en">Solid Wastes consists of light ends/heavy ends and hazardous wastes.</generalComment>
        </exchange>
        <exchange xmlns:olca="http://openlca.org/ilcd-extensions" dataSetInternalID="11" olca:unitId="1c3a9695-398d-4b1f-b07e-a8715b610f70" olca:propertyId="93a60a56-a3c8-22da-a746-0800200c9a66" olca:amount="8.6778E-4">
            <referenceToFlowDataSet type="flow data set" refObjectId="7fefc941-9acb-39f7-9e3b-dd4e8f07ed0b" version="01.00.000" uri="../flows/7fefc941-9acb-39f7-9e3b-dd4e8f07ed0b">
                <common:shortDescription xml:lang="en">Water, process, unspecified natural origin/m3</common:shortDescription>
            </referenceToFlowDataSet>
            <exchangeDirection>Input</exchangeDirection>
            <meanAmount>8.6778E-4</meanAmount>
            <resultingAmount>8.6778E-4</resultingAmount>
            <generalComment xml:lang="en">Franklin Associates uses a default as opposed to Egalitarian approach in collecting data for water use. During data collection, water use data were only requested and compiled in terms of 'evaporative' or consumptive use (i.e., ultimate withdraws, evaporation, or incorporation into the product). Data were not collected to determine reliable averages for non-evaporative water use. In other words, averages for water inputs and outputs are not available for this unit process.  Consumptive use includes: water incorporated into the product, water evaporated during the process, and/or water used and released to a body other than that from which it was drawn.</generalComment>
        </exchange>
        <exchange xmlns:olca="http://openlca.org/ilcd-extensions" dataSetInternalID="17" olca:unitId="0dea4ed8-bb6b-4049-b2b4-b2c413ef2180" olca:propertyId="838aaa20-0117-11db-92e3-0800200c9a66" olca:amount="2.317E-4">
            <referenceToFlowDataSet type="flow data set" refObjectId="057a281a-908b-3adf-8f51-ed79fe5c5a9b" version="01.00.000" uri="../flows/057a281a-908b-3adf-8f51-ed79fe5c5a9b">
                <common:shortDescription xml:lang="en">Transport, pipeline, natural gas</common:shortDescription>
            </referenceToFlowDataSet>
            <exchangeDirection>Input</exchangeDirection>
            <meanAmount>2.317E-4</meanAmount>
            <resultingAmount>2.317E-4</resultingAmount>
            <generalComment xml:lang="en">Individual amounts of each incoming material were multiplied by the incoming distance travelled. These are totaled weighted averages of the primary incoming transport data from each participating open mold caster.</generalComment>
        </exchange>
    </exchanges>
</processDataSet>
