<?xml version="1.0" encoding="UTF-8" standalone="yes"?>
<processDataSet xmlns:m="http://lca.jrc.it/ILCD/LCIAMethod" xmlns:common="http://lca.jrc.it/ILCD/Common" xmlns:s="http://lca.jrc.it/ILCD/Source" xmlns:c="http://lca.jrc.it/ILCD/Contact" xmlns:f="http://lca.jrc.it/ILCD/Flow" xmlns="http://lca.jrc.it/ILCD/Process" xmlns:fp="http://lca.jrc.it/ILCD/FlowProperty" xmlns:u="http://lca.jrc.it/ILCD/UnitGroup" version="1.1">
    <processInformation>
        <dataSetInformation>
            <common:UUID>0bb53c29-31b1-3e8c-87ac-a2ef6793f8f2</common:UUID>
            <name>
                <baseName xml:lang="en">Phenol formaldehyde, at plant</baseName>
            </name>
            <classificationInformation>
                <common:classification>
                    <common:class level="0" classId="aace7bf8-a0e3-3515-8b6c-2c4211ad420b">Chemical Manufacturing</common:class>
                    <common:class level="1" classId="68275e00-777d-3b4b-9123-7b5245f22dbf">Plastics Material and Resin Manufacturing</common:class>
                </common:classification>
            </classificationInformation>
        </dataSetInformation>
        <quantitativeReference type="Reference flow(s)">
            <referenceToReferenceFlow>0</referenceToReferenceFlow>
        </quantitativeReference>
        <time xmlns:olca="http://openlca.org/ilcd-extensions" olca:startDate="253370703600000" olca:endDate="253370703600000">
            <common:referenceYear>9998</common:referenceYear>
            <common:dataSetValidUntil>9998</common:dataSetValidUntil>
        </time>
        <geography>
            <locationOfOperationSupplyOrProduction location="RNA" latitudeAndLongitude="58.71,-91.96">
                <descriptionOfRestrictions xml:lang="en">US Pacific North West</descriptionOfRestrictions>
            </locationOfOperationSupplyOrProduction>
        </geography>
        <technology>
            <technologyDescriptionAndIncludedProcesses xml:lang="en">Typical</technologyDescriptionAndIncludedProcesses>
        </technology>
    </processInformation>
    <modellingAndValidation>
        <LCIMethodAndAllocation>
            <typeOfDataSet>Unit process, black box</typeOfDataSet>
            <LCIMethodPrinciple>Other</LCIMethodPrinciple>
        </LCIMethodAndAllocation>
        <dataSourcesTreatmentAndRepresentativeness>
            <deviationsFromCutOffAndCompletenessPrinciples xml:lang="en">None.</deviationsFromCutOffAndCompletenessPrinciples>
            <deviationsFromSelectionAndCombinationPrinciples xml:lang="en">None.</deviationsFromSelectionAndCombinationPrinciples>
            <referenceToDataSource type="source data set" refObjectId="c802869a-677e-3a91-8e5d-a5774bcb76c4" version="01.00.000" uri="../sources/c802869a-677e-3a91-8e5d-a5774bcb76c4">
                <common:shortDescription xml:lang="en">Leonard R. Johnson </common:shortDescription>
            </referenceToDataSource>
            <referenceToDataSource type="source data set" refObjectId="724b4aff-88d3-32c6-b791-067bad843f8a" version="01.00.000" uri="../sources/724b4aff-88d3-32c6-b791-067bad843f8a">
                <common:shortDescription xml:lang="en">Maureen Puetmann </common:shortDescription>
            </referenceToDataSource>
            <referenceToDataSource type="source data set" refObjectId="885ddfcd-9eab-3104-b315-ef6f088242f3" version="01.00.000" uri="../sources/885ddfcd-9eab-3104-b315-ef6f088242f3">
                <common:shortDescription xml:lang="en">Eric T. Sackimoto </common:shortDescription>
            </referenceToDataSource>
        </dataSourcesTreatmentAndRepresentativeness>
    </modellingAndValidation>
    <administrativeInformation>
        <dataGenerator>
            <common:referenceToPersonOrEntityGeneratingTheDataSet type="contact data set" refObjectId="0fd3778a-1e86-3dd2-a010-0d055620ef21" version="01.00.000" uri="../contacts/0fd3778a-1e86-3dd2-a010-0d055620ef21">
                <common:shortDescription xml:lang="en">Jamie Meil</common:shortDescription>
            </common:referenceToPersonOrEntityGeneratingTheDataSet>
        </dataGenerator>
        <dataEntryBy>
            <common:timeStamp>2018-04-11T15:59:37.474-06:00</common:timeStamp>
            <common:referenceToDataSetFormat type="source data set" refObjectId="a97a0155-0234-4b87-b4ce-a45da52f2a40" version="01.01.000" uri="../sources/a97a0155-0234-4b87-b4ce-a45da52f2a40_01.01.000.xml">
                <common:shortDescription xml:lang="en">ILCD format</common:shortDescription>
            </common:referenceToDataSetFormat>
            <common:referenceToPersonOrEntityEnteringTheData type="contact data set" refObjectId="0fd3778a-1e86-3dd2-a010-0d055620ef21" version="01.00.000" uri="../contacts/0fd3778a-1e86-3dd2-a010-0d055620ef21">
                <common:shortDescription xml:lang="en">Jamie Meil</common:shortDescription>
            </common:referenceToPersonOrEntityEnteringTheData>
        </dataEntryBy>
        <publicationAndOwnership>
            <common:dateOfLastRevision>2011-07-10T03:19:36.000-06:00</common:dateOfLastRevision>
            <common:dataSetVersion>00.00.000</common:dataSetVersion>
            <common:referenceToUnchangedRepublication type="source data set" refObjectId="885ddfcd-9eab-3104-b315-ef6f088242f3" version="01.00.000" uri="../sources/885ddfcd-9eab-3104-b315-ef6f088242f3">
                <common:shortDescription xml:lang="en">Eric T. Sackimoto </common:shortDescription>
            </common:referenceToUnchangedRepublication>
            <common:copyright>true</common:copyright>
            <common:accessRestrictions xml:lang="en">All information can be accessed by everybody.</common:accessRestrictions>
        </publicationAndOwnership>
    </administrativeInformation>
    <exchanges>
        <exchange xmlns:olca="http://openlca.org/ilcd-extensions" dataSetInternalID="3" olca:unitId="b80a512e-e402-4363-8ad0-7d02dcf4a459" olca:propertyId="93a60a56-a3c8-22da-a746-0800200c9a66" olca:amount="0.749">
            <referenceToFlowDataSet type="flow data set" refObjectId="d939590b-a0d7-310c-8952-9921ed64a078" version="01.00.000" uri="../flows/d939590b-a0d7-310c-8952-9921ed64a078">
                <common:shortDescription xml:lang="en">Diesel, at refinery</common:shortDescription>
            </referenceToFlowDataSet>
            <exchangeDirection>Input</exchangeDirection>
            <meanAmount>7.49E-4</meanAmount>
            <resultingAmount>7.49E-4</resultingAmount>
        </exchange>
        <exchange xmlns:olca="http://openlca.org/ilcd-extensions" dataSetInternalID="10" olca:unitId="b80a512e-e402-4363-8ad0-7d02dcf4a459" olca:propertyId="93a60a56-a3c8-22da-a746-0800200c9a66" olca:amount="0.0742">
            <referenceToFlowDataSet type="flow data set" refObjectId="e04995fa-935b-316c-b112-5b436c8ea3d6" version="01.00.000" uri="../flows/e04995fa-935b-316c-b112-5b436c8ea3d6">
                <common:shortDescription xml:lang="en">Diesel, combusted in industrial boiler</common:shortDescription>
            </referenceToFlowDataSet>
            <exchangeDirection>Input</exchangeDirection>
            <meanAmount>7.42E-5</meanAmount>
            <resultingAmount>7.42E-5</resultingAmount>
        </exchange>
        <exchange xmlns:olca="http://openlca.org/ilcd-extensions" dataSetInternalID="6" olca:unitId="86ad2244-1f0e-4912-af53-7865283103e4" olca:propertyId="f6811440-ee37-11de-8a39-0800200c9a66" olca:amount="1.42">
            <referenceToFlowDataSet type="flow data set" refObjectId="73e33e2a-67d5-31e2-8449-b6f2d7b46bb2" version="01.00.000" uri="../flows/73e33e2a-67d5-31e2-8449-b6f2d7b46bb2">
                <common:shortDescription xml:lang="en">Electricity, at grid, US, 2000</common:shortDescription>
            </referenceToFlowDataSet>
            <exchangeDirection>Input</exchangeDirection>
            <meanAmount>5.112</meanAmount>
            <resultingAmount>5.112</resultingAmount>
        </exchange>
        <exchange xmlns:olca="http://openlca.org/ilcd-extensions" dataSetInternalID="4" olca:unitId="b80a512e-e402-4363-8ad0-7d02dcf4a459" olca:propertyId="93a60a56-a3c8-22da-a746-0800200c9a66" olca:amount="3.03E-6">
            <referenceToFlowDataSet type="flow data set" refObjectId="bc38e349-1ccf-3855-a615-a4f581ab875b" version="01.00.000" uri="../flows/bc38e349-1ccf-3855-a615-a4f581ab875b">
                <common:shortDescription xml:lang="en">Gasoline, combusted in equipment</common:shortDescription>
            </referenceToFlowDataSet>
            <exchangeDirection>Input</exchangeDirection>
            <meanAmount>3.0299999999999997E-9</meanAmount>
            <resultingAmount>3.0299999999999997E-9</resultingAmount>
        </exchange>
        <exchange xmlns:olca="http://openlca.org/ilcd-extensions" dataSetInternalID="7" olca:unitId="20aadc24-a391-41cf-b340-3e4529f44bde" olca:propertyId="93a60a56-a3c8-11da-a746-0800200b9a66" olca:amount="6.71E-6">
            <referenceToFlowDataSet type="flow data set" refObjectId="14dde4c7-2655-3a40-897a-1a8fa48c777a" version="01.00.000" uri="../flows/14dde4c7-2655-3a40-897a-1a8fa48c777a">
                <common:shortDescription xml:lang="en">VOC, volatile organic compounds</common:shortDescription>
            </referenceToFlowDataSet>
            <exchangeDirection>Output</exchangeDirection>
            <meanAmount>6.71E-6</meanAmount>
            <resultingAmount>6.71E-6</resultingAmount>
        </exchange>
        <exchange xmlns:olca="http://openlca.org/ilcd-extensions" dataSetInternalID="9" olca:unitId="20aadc24-a391-41cf-b340-3e4529f44bde" olca:propertyId="93a60a56-a3c8-11da-a746-0800200b9a66" olca:amount="0.00132">
            <referenceToFlowDataSet type="flow data set" refObjectId="428037ab-78b5-389e-acb6-fb8b0c1c2bc8" version="01.00.000" uri="../flows/428037ab-78b5-389e-acb6-fb8b0c1c2bc8">
                <common:shortDescription xml:lang="en">Formaldehyde</common:shortDescription>
            </referenceToFlowDataSet>
            <exchangeDirection>Output</exchangeDirection>
            <meanAmount>0.00132</meanAmount>
            <resultingAmount>0.00132</resultingAmount>
        </exchange>
        <exchange xmlns:olca="http://openlca.org/ilcd-extensions" dataSetInternalID="2" olca:unitId="0dea4ed8-bb6b-4049-b2b4-b2c413ef2180" olca:propertyId="838aaa20-0117-11db-92e3-0800200c9a66" olca:amount="0.178">
            <referenceToFlowDataSet type="flow data set" refObjectId="2afb4e2f-b224-3900-956f-03e3f27b276b" version="01.00.000" uri="../flows/2afb4e2f-b224-3900-956f-03e3f27b276b">
                <common:shortDescription xml:lang="en">Transport, combination truck, average fuel mix</common:shortDescription>
            </referenceToFlowDataSet>
            <exchangeDirection>Input</exchangeDirection>
            <meanAmount>0.178</meanAmount>
            <resultingAmount>0.178</resultingAmount>
        </exchange>
        <exchange xmlns:olca="http://openlca.org/ilcd-extensions" dataSetInternalID="1" olca:unitId="20aadc24-a391-41cf-b340-3e4529f44bde" olca:propertyId="93a60a56-a3c8-11da-a746-0800200b9a66" olca:amount="0.00132">
            <referenceToFlowDataSet type="flow data set" refObjectId="927f6049-c89d-3bcb-a356-3451af4c668e" version="01.00.000" uri="../flows/927f6049-c89d-3bcb-a356-3451af4c668e">
                <common:shortDescription xml:lang="en">Phenol</common:shortDescription>
            </referenceToFlowDataSet>
            <exchangeDirection>Output</exchangeDirection>
            <meanAmount>0.00132</meanAmount>
            <resultingAmount>0.00132</resultingAmount>
        </exchange>
        <exchange xmlns:olca="http://openlca.org/ilcd-extensions" dataSetInternalID="8" olca:unitId="1c3a9695-398d-4b1f-b07e-a8715b610f70" olca:propertyId="93a60a56-a3c8-22da-a746-0800200c9a66" olca:amount="0.528">
            <referenceToFlowDataSet type="flow data set" refObjectId="bd83ce23-816f-3589-b25f-dfca03b42932" version="01.00.000" uri="../flows/bd83ce23-816f-3589-b25f-dfca03b42932">
                <common:shortDescription xml:lang="en">Natural gas, processed, at plant</common:shortDescription>
            </referenceToFlowDataSet>
            <exchangeDirection>Input</exchangeDirection>
            <meanAmount>0.528</meanAmount>
            <resultingAmount>0.528</resultingAmount>
        </exchange>
        <exchange xmlns:olca="http://openlca.org/ilcd-extensions" dataSetInternalID="5" olca:unitId="1c3a9695-398d-4b1f-b07e-a8715b610f70" olca:propertyId="93a60a56-a3c8-22da-a746-0800200c9a66" olca:amount="0.7">
            <referenceToFlowDataSet type="flow data set" refObjectId="bb1dc159-fe13-3f8e-8197-361e8c770ba3" version="01.00.000" uri="../flows/bb1dc159-fe13-3f8e-8197-361e8c770ba3">
                <common:shortDescription xml:lang="en">Natural gas, combusted in industrial boiler</common:shortDescription>
            </referenceToFlowDataSet>
            <exchangeDirection>Input</exchangeDirection>
            <meanAmount>0.7</meanAmount>
            <resultingAmount>0.7</resultingAmount>
        </exchange>
        <exchange xmlns:olca="http://openlca.org/ilcd-extensions" dataSetInternalID="0" olca:unitId="20aadc24-a391-41cf-b340-3e4529f44bde" olca:propertyId="93a60a56-a3c8-11da-a746-0800200b9a66" olca:amount="1.0">
            <referenceToFlowDataSet type="flow data set" refObjectId="b53bd8bb-b9b1-3c7d-812b-97adb96f8ba6" version="01.00.000" uri="../flows/b53bd8bb-b9b1-3c7d-812b-97adb96f8ba6">
                <common:shortDescription xml:lang="en">Phenol formaldehyde, at plant</common:shortDescription>
            </referenceToFlowDataSet>
            <exchangeDirection>Output</exchangeDirection>
            <meanAmount>1.0</meanAmount>
            <resultingAmount>1.0</resultingAmount>
        </exchange>
    </exchanges>
</processDataSet>
