<?xml version="1.0" encoding="UTF-8" standalone="yes"?>
<processDataSet xmlns:m="http://lca.jrc.it/ILCD/LCIAMethod" xmlns:common="http://lca.jrc.it/ILCD/Common" xmlns:s="http://lca.jrc.it/ILCD/Source" xmlns:c="http://lca.jrc.it/ILCD/Contact" xmlns:f="http://lca.jrc.it/ILCD/Flow" xmlns="http://lca.jrc.it/ILCD/Process" xmlns:fp="http://lca.jrc.it/ILCD/FlowProperty" xmlns:u="http://lca.jrc.it/ILCD/UnitGroup" version="1.1">
    <processInformation>
        <dataSetInformation>
            <common:UUID>268e1ddf-197a-37d5-b229-e559c2d6c677</common:UUID>
            <name>
                <baseName xml:lang="en">Toluene diisocyanate, at plant</baseName>
            </name>
            <classificationInformation>
                <common:classification>
                    <common:class level="0" classId="aace7bf8-a0e3-3515-8b6c-2c4211ad420b">Chemical Manufacturing</common:class>
                    <common:class level="1" classId="05ee7247-d00d-304a-97e8-4a376ca05972">Petrochemical Manufacturing</common:class>
                </common:classification>
            </classificationInformation>
        </dataSetInformation>
        <quantitativeReference type="Reference flow(s)">
            <referenceToReferenceFlow>0</referenceToReferenceFlow>
        </quantitativeReference>
        <time xmlns:olca="http://openlca.org/ilcd-extensions" olca:startDate="1041318000000" olca:endDate="1041318000000">
            <common:referenceYear>2002</common:referenceYear>
            <common:dataSetValidUntil>2002</common:dataSetValidUntil>
        </time>
        <geography>
            <locationOfOperationSupplyOrProduction location="RNA" latitudeAndLongitude="58.71,-91.96">
                <descriptionOfRestrictions xml:lang="en">US</descriptionOfRestrictions>
            </locationOfOperationSupplyOrProduction>
        </geography>
        <technology>
            <technologyDescriptionAndIncludedProcesses xml:lang="en">Phosgenation of toluene diamine (TDA)</technologyDescriptionAndIncludedProcesses>
        </technology>
    </processInformation>
    <modellingAndValidation>
        <LCIMethodAndAllocation>
            <typeOfDataSet>Unit process, black box</typeOfDataSet>
            <LCIMethodPrinciple>Other</LCIMethodPrinciple>
        </LCIMethodAndAllocation>
        <dataSourcesTreatmentAndRepresentativeness>
            <deviationsFromCutOffAndCompletenessPrinciples xml:lang="en">None.</deviationsFromCutOffAndCompletenessPrinciples>
            <deviationsFromSelectionAndCombinationPrinciples xml:lang="en">None.</deviationsFromSelectionAndCombinationPrinciples>
            <referenceToDataSource type="source data set" refObjectId="bf627fcb-bea3-3085-87ee-2d24ac940458" version="01.00.000" uri="../sources/bf627fcb-bea3-3085-87ee-2d24ac940458">
                <common:shortDescription xml:lang="en">THE PLASTICS DIVISION OF 
THE AMERICAN C </common:shortDescription>
            </referenceToDataSource>
            <samplingProcedure xml:lang="en">Data are from primary sources.</samplingProcedure>
        </dataSourcesTreatmentAndRepresentativeness>
    </modellingAndValidation>
    <administrativeInformation>
        <dataGenerator>
            <common:referenceToPersonOrEntityGeneratingTheDataSet type="contact data set" refObjectId="721bcfe4-ee92-33bc-a9bd-bbf5ba3cb52d" version="01.00.000" uri="../contacts/721bcfe4-ee92-33bc-a9bd-bbf5ba3cb52d">
                <common:shortDescription xml:lang="en">Franklin Associates</common:shortDescription>
            </common:referenceToPersonOrEntityGeneratingTheDataSet>
        </dataGenerator>
        <dataEntryBy>
            <common:timeStamp>2018-04-11T15:59:37.288-06:00</common:timeStamp>
            <common:referenceToDataSetFormat type="source data set" refObjectId="a97a0155-0234-4b87-b4ce-a45da52f2a40" version="01.01.000" uri="../sources/a97a0155-0234-4b87-b4ce-a45da52f2a40_01.01.000.xml">
                <common:shortDescription xml:lang="en">ILCD format</common:shortDescription>
            </common:referenceToDataSetFormat>
            <common:referenceToPersonOrEntityEnteringTheData type="contact data set" refObjectId="721bcfe4-ee92-33bc-a9bd-bbf5ba3cb52d" version="01.00.000" uri="../contacts/721bcfe4-ee92-33bc-a9bd-bbf5ba3cb52d">
                <common:shortDescription xml:lang="en">Franklin Associates</common:shortDescription>
            </common:referenceToPersonOrEntityEnteringTheData>
        </dataEntryBy>
        <publicationAndOwnership>
            <common:dateOfLastRevision>2015-08-20T15:34:18.924-06:00</common:dateOfLastRevision>
            <common:dataSetVersion>00.00.000</common:dataSetVersion>
            <common:referenceToUnchangedRepublication type="source data set" refObjectId="bf627fcb-bea3-3085-87ee-2d24ac940458" version="01.00.000" uri="../sources/bf627fcb-bea3-3085-87ee-2d24ac940458">
                <common:shortDescription xml:lang="en">THE PLASTICS DIVISION OF 
THE AMERICAN C </common:shortDescription>
            </common:referenceToUnchangedRepublication>
            <common:copyright>false</common:copyright>
            <common:accessRestrictions xml:lang="en">All information can be accessed by everybody.</common:accessRestrictions>
        </publicationAndOwnership>
    </administrativeInformation>
    <exchanges>
        <exchange xmlns:olca="http://openlca.org/ilcd-extensions" dataSetInternalID="55" olca:unitId="20aadc24-a391-41cf-b340-3e4529f44bde" olca:propertyId="93a60a56-a3c8-11da-a746-0800200b9a66" olca:amount="2.96296542620738E-8">
            <referenceToFlowDataSet type="flow data set" refObjectId="029965e2-8227-3af2-a379-0bec2d656e7f" version="01.00.000" uri="../flows/029965e2-8227-3af2-a379-0bec2d656e7f">
                <common:shortDescription xml:lang="en">Cyanide</common:shortDescription>
            </referenceToFlowDataSet>
            <exchangeDirection>Output</exchangeDirection>
            <meanAmount>2.96296542620738E-8</meanAmount>
            <resultingAmount>2.96296542620738E-8</resultingAmount>
            <allocations>
                <allocation internalReferenceToCoProduct="43" allocatedFraction="0.0"/>
                <allocation internalReferenceToCoProduct="0" allocatedFraction="100.0"/>
            </allocations>
        </exchange>
        <exchange xmlns:olca="http://openlca.org/ilcd-extensions" dataSetInternalID="10" olca:unitId="20aadc24-a391-41cf-b340-3e4529f44bde" olca:propertyId="93a60a56-a3c8-11da-a746-0800200b9a66" olca:amount="1.0E-6">
            <referenceToFlowDataSet type="flow data set" refObjectId="bd6eb54f-0d2e-3a63-a3ac-98e0cf458d35" version="01.00.000" uri="../flows/bd6eb54f-0d2e-3a63-a3ac-98e0cf458d35">
                <common:shortDescription xml:lang="en">Hydrogen Chloride</common:shortDescription>
            </referenceToFlowDataSet>
            <exchangeDirection>Output</exchangeDirection>
            <meanAmount>1.0E-6</meanAmount>
            <resultingAmount>1.0E-6</resultingAmount>
            <allocations>
                <allocation internalReferenceToCoProduct="43" allocatedFraction="0.0"/>
                <allocation internalReferenceToCoProduct="0" allocatedFraction="100.0"/>
            </allocations>
            <generalComment xml:lang="en">This emission was reported by fewer than three companies. To indicate known emissions while protecting the confidentiality of individual company responses, the emission is reported only by order of magnitude.</generalComment>
        </exchange>
        <exchange xmlns:olca="http://openlca.org/ilcd-extensions" dataSetInternalID="56" olca:unitId="20aadc24-a391-41cf-b340-3e4529f44bde" olca:propertyId="93a60a56-a3c8-11da-a746-0800200b9a66" olca:amount="1.82162598393143E-4">
            <referenceToFlowDataSet type="flow data set" refObjectId="838cef47-a3a6-3dce-bcb2-560991c5e95c" version="01.00.000" uri="../flows/838cef47-a3a6-3dce-bcb2-560991c5e95c">
                <common:shortDescription xml:lang="en">CUTOFF Disposal, solid waste, unspecified, to sanitary landfill</common:shortDescription>
            </referenceToFlowDataSet>
            <exchangeDirection>Input</exchangeDirection>
            <meanAmount>1.82162598393143E-4</meanAmount>
            <resultingAmount>1.82162598393143E-4</resultingAmount>
            <allocations>
                <allocation internalReferenceToCoProduct="43" allocatedFraction="0.0"/>
                <allocation internalReferenceToCoProduct="0" allocatedFraction="100.0"/>
            </allocations>
        </exchange>
        <exchange xmlns:olca="http://openlca.org/ilcd-extensions" dataSetInternalID="32" olca:unitId="20aadc24-a391-41cf-b340-3e4529f44bde" olca:propertyId="93a60a56-a3c8-11da-a746-0800200b9a66" olca:amount="4.98540143063298E-5">
            <referenceToFlowDataSet type="flow data set" refObjectId="16a0fc94-eaec-315c-9f2f-328d8833dcad" version="01.00.000" uri="../flows/16a0fc94-eaec-315c-9f2f-328d8833dcad">
                <common:shortDescription xml:lang="en">BOD5, Biological Oxygen Demand</common:shortDescription>
            </referenceToFlowDataSet>
            <exchangeDirection>Output</exchangeDirection>
            <meanAmount>4.98540143063298E-5</meanAmount>
            <resultingAmount>4.98540143063298E-5</resultingAmount>
            <allocations>
                <allocation internalReferenceToCoProduct="43" allocatedFraction="0.0"/>
                <allocation internalReferenceToCoProduct="0" allocatedFraction="100.0"/>
            </allocations>
        </exchange>
        <exchange xmlns:olca="http://openlca.org/ilcd-extensions" dataSetInternalID="6" olca:unitId="20aadc24-a391-41cf-b340-3e4529f44bde" olca:propertyId="93a60a56-a3c8-11da-a746-0800200b9a66" olca:amount="1.0E-5">
            <referenceToFlowDataSet type="flow data set" refObjectId="8edf326a-2e6d-3491-adef-f99e27e35043" version="01.00.000" uri="../flows/8edf326a-2e6d-3491-adef-f99e27e35043">
                <common:shortDescription xml:lang="en">Methane, difluromonochloro-, HCFC-22</common:shortDescription>
            </referenceToFlowDataSet>
            <exchangeDirection>Output</exchangeDirection>
            <meanAmount>1.0E-5</meanAmount>
            <resultingAmount>1.0E-5</resultingAmount>
            <allocations>
                <allocation internalReferenceToCoProduct="43" allocatedFraction="0.0"/>
                <allocation internalReferenceToCoProduct="0" allocatedFraction="100.0"/>
            </allocations>
            <generalComment xml:lang="en">This emission was reported by fewer than three companies. To indicate known emissions while protecting the confidentiality of individual company responses, the emission is reported only by order of magnitude.</generalComment>
        </exchange>
        <exchange xmlns:olca="http://openlca.org/ilcd-extensions" dataSetInternalID="38" olca:unitId="20aadc24-a391-41cf-b340-3e4529f44bde" olca:propertyId="93a60a56-a3c8-11da-a746-0800200b9a66" olca:amount="1.0E-5">
            <referenceToFlowDataSet type="flow data set" refObjectId="58240a5f-4fe6-30b7-8a82-23994552108d" version="01.00.000" uri="../flows/58240a5f-4fe6-30b7-8a82-23994552108d">
                <common:shortDescription xml:lang="en">Nitrates</common:shortDescription>
            </referenceToFlowDataSet>
            <exchangeDirection>Output</exchangeDirection>
            <meanAmount>1.0E-5</meanAmount>
            <resultingAmount>1.0E-5</resultingAmount>
            <allocations>
                <allocation internalReferenceToCoProduct="43" allocatedFraction="0.0"/>
                <allocation internalReferenceToCoProduct="0" allocatedFraction="100.0"/>
            </allocations>
            <generalComment xml:lang="en">This emission was reported by fewer than three companies. To indicate known emissions while protecting the confidentiality of individual company responses, the emission is reported only by order of magnitude.</generalComment>
        </exchange>
        <exchange xmlns:olca="http://openlca.org/ilcd-extensions" dataSetInternalID="52" olca:unitId="20aadc24-a391-41cf-b340-3e4529f44bde" olca:propertyId="93a60a56-a3c8-11da-a746-0800200b9a66" olca:amount="1.0E-6">
            <referenceToFlowDataSet type="flow data set" refObjectId="e10319a4-662e-3d3a-b3dc-03bbbca0e66f" version="01.00.000" uri="../flows/e10319a4-662e-3d3a-b3dc-03bbbca0e66f">
                <common:shortDescription xml:lang="en">Particulates, &lt; 2.5 um </common:shortDescription>
            </referenceToFlowDataSet>
            <exchangeDirection>Output</exchangeDirection>
            <meanAmount>1.0E-6</meanAmount>
            <resultingAmount>1.0E-6</resultingAmount>
            <allocations>
                <allocation internalReferenceToCoProduct="43" allocatedFraction="0.0"/>
                <allocation internalReferenceToCoProduct="0" allocatedFraction="100.0"/>
            </allocations>
            <generalComment xml:lang="en">This emission was reported by fewer than three companies. To indicate known emissions while protecting the confidentiality of individual company responses, the emission is reported only by order of magnitude.</generalComment>
        </exchange>
        <exchange xmlns:olca="http://openlca.org/ilcd-extensions" dataSetInternalID="19" olca:unitId="20aadc24-a391-41cf-b340-3e4529f44bde" olca:propertyId="93a60a56-a3c8-11da-a746-0800200b9a66" olca:amount="1.0E-8">
            <referenceToFlowDataSet type="flow data set" refObjectId="bb4da730-b6fc-35a1-8777-1c0d695178b8" version="01.00.000" uri="../flows/bb4da730-b6fc-35a1-8777-1c0d695178b8">
                <common:shortDescription xml:lang="en">Carbonyl chloride</common:shortDescription>
            </referenceToFlowDataSet>
            <exchangeDirection>Output</exchangeDirection>
            <meanAmount>1.0E-8</meanAmount>
            <resultingAmount>1.0E-8</resultingAmount>
            <allocations>
                <allocation internalReferenceToCoProduct="43" allocatedFraction="0.0"/>
                <allocation internalReferenceToCoProduct="0" allocatedFraction="100.0"/>
            </allocations>
            <generalComment xml:lang="en">This emission (a.k.a. 'phosgene') was reported by fewer than three companies. To indicate known emissions while protecting the confidentiality of individual company responses, the emission is reported only by order of magnitude.</generalComment>
        </exchange>
        <exchange xmlns:olca="http://openlca.org/ilcd-extensions" dataSetInternalID="36" olca:unitId="20aadc24-a391-41cf-b340-3e4529f44bde" olca:propertyId="93a60a56-a3c8-11da-a746-0800200b9a66" olca:amount="1.0E-9">
            <referenceToFlowDataSet type="flow data set" refObjectId="c83d2d24-3e15-38d0-9f2b-9dec15356bb6" version="01.00.000" uri="../flows/c83d2d24-3e15-38d0-9f2b-9dec15356bb6">
                <common:shortDescription xml:lang="en">Nickel</common:shortDescription>
            </referenceToFlowDataSet>
            <exchangeDirection>Output</exchangeDirection>
            <meanAmount>1.0E-9</meanAmount>
            <resultingAmount>1.0E-9</resultingAmount>
            <allocations>
                <allocation internalReferenceToCoProduct="0" allocatedFraction="100.0"/>
                <allocation internalReferenceToCoProduct="43" allocatedFraction="0.0"/>
            </allocations>
            <generalComment xml:lang="en">This emission was reported by fewer than three companies. To indicate known emissions while protecting the confidentiality of individual company responses, the emission is reported only by order of magnitude.</generalComment>
        </exchange>
        <exchange xmlns:olca="http://openlca.org/ilcd-extensions" dataSetInternalID="15" olca:unitId="20aadc24-a391-41cf-b340-3e4529f44bde" olca:propertyId="93a60a56-a3c8-11da-a746-0800200b9a66" olca:amount="2.00850455828077E-5">
            <referenceToFlowDataSet type="flow data set" refObjectId="018872d0-ebce-3dfe-9552-3ff163fb468c" version="01.00.000" uri="../flows/018872d0-ebce-3dfe-9552-3ff163fb468c">
                <common:shortDescription xml:lang="en">Ammonia</common:shortDescription>
            </referenceToFlowDataSet>
            <exchangeDirection>Output</exchangeDirection>
            <meanAmount>2.00850455828077E-5</meanAmount>
            <resultingAmount>2.00850455828077E-5</resultingAmount>
            <allocations>
                <allocation internalReferenceToCoProduct="43" allocatedFraction="0.0"/>
                <allocation internalReferenceToCoProduct="0" allocatedFraction="100.0"/>
            </allocations>
        </exchange>
        <exchange xmlns:olca="http://openlca.org/ilcd-extensions" dataSetInternalID="28" olca:unitId="0dea4ed8-bb6b-4049-b2b4-b2c413ef2180" olca:propertyId="838aaa20-0117-11db-92e3-0800200c9a66" olca:amount="2.179622196">
            <referenceToFlowDataSet type="flow data set" refObjectId="455470fa-1a78-344b-ae09-ffa4e22c1f8b" version="01.00.000" uri="../flows/455470fa-1a78-344b-ae09-ffa4e22c1f8b">
                <common:shortDescription xml:lang="en">Transport, ocean freighter, residual fuel oil powered</common:shortDescription>
            </referenceToFlowDataSet>
            <exchangeDirection>Input</exchangeDirection>
            <meanAmount>2.179622196</meanAmount>
            <resultingAmount>2.179622196</resultingAmount>
            <allocations>
                <allocation internalReferenceToCoProduct="43" allocatedFraction="0.0"/>
                <allocation internalReferenceToCoProduct="0" allocatedFraction="100.0"/>
            </allocations>
        </exchange>
        <exchange xmlns:olca="http://openlca.org/ilcd-extensions" dataSetInternalID="7" olca:unitId="0dea4ed8-bb6b-4049-b2b4-b2c413ef2180" olca:propertyId="838aaa20-0117-11db-92e3-0800200c9a66" olca:amount="0.00572314566381503">
            <referenceToFlowDataSet type="flow data set" refObjectId="c2cc68fe-1754-3468-a973-51c2f5c82fcd" version="01.00.000" uri="../flows/c2cc68fe-1754-3468-a973-51c2f5c82fcd">
                <common:shortDescription xml:lang="en">Transport, barge, residual fuel oil powered</common:shortDescription>
            </referenceToFlowDataSet>
            <exchangeDirection>Input</exchangeDirection>
            <meanAmount>0.00572314566381503</meanAmount>
            <resultingAmount>0.00572314566381503</resultingAmount>
            <allocations>
                <allocation internalReferenceToCoProduct="0" allocatedFraction="100.0"/>
                <allocation internalReferenceToCoProduct="43" allocatedFraction="0.0"/>
            </allocations>
            <generalComment xml:lang="en">Values for barge transport are calculated based on average fuel consumption rates as reported in Transportation Energy Data Book: Edition 22 from Oak Ridge National Laboratory, September 2002: 22% of barges use diesel fuel in their engines, 78% use residual oil to generate steam for steam turbines, and a barge that consumes residual oil consumes 3.4 gallons per 1,000 ton-miles </generalComment>
        </exchange>
        <exchange xmlns:olca="http://openlca.org/ilcd-extensions" dataSetInternalID="8" olca:unitId="86ad2244-1f0e-4912-af53-7865283103e4" olca:propertyId="f6811440-ee37-11de-8a39-0800200c9a66" olca:amount="0.0794089343244415">
            <referenceToFlowDataSet type="flow data set" refObjectId="06581fb2-1de0-3e78-8298-f37605dea142" version="01.00.000" uri="../flows/06581fb2-1de0-3e78-8298-f37605dea142">
                <common:shortDescription xml:lang="en">Electricity, at grid, US, 2008</common:shortDescription>
            </referenceToFlowDataSet>
            <exchangeDirection>Input</exchangeDirection>
            <meanAmount>0.2858721635679894</meanAmount>
            <resultingAmount>0.2858721635679894</resultingAmount>
            <allocations>
                <allocation internalReferenceToCoProduct="43" allocatedFraction="0.0"/>
                <allocation internalReferenceToCoProduct="0" allocatedFraction="100.0"/>
            </allocations>
        </exchange>
        <exchange xmlns:olca="http://openlca.org/ilcd-extensions" dataSetInternalID="29" olca:unitId="20aadc24-a391-41cf-b340-3e4529f44bde" olca:propertyId="93a60a56-a3c8-11da-a746-0800200b9a66" olca:amount="3.71743358741344E-5">
            <referenceToFlowDataSet type="flow data set" refObjectId="91c6fb89-85ed-310b-8197-fb35a753bd97" version="01.00.000" uri="../flows/91c6fb89-85ed-310b-8197-fb35a753bd97">
                <common:shortDescription xml:lang="en">Suspended solids, unspecified</common:shortDescription>
            </referenceToFlowDataSet>
            <exchangeDirection>Output</exchangeDirection>
            <meanAmount>3.71743358741344E-5</meanAmount>
            <resultingAmount>3.71743358741344E-5</resultingAmount>
            <allocations>
                <allocation internalReferenceToCoProduct="43" allocatedFraction="0.0"/>
                <allocation internalReferenceToCoProduct="0" allocatedFraction="100.0"/>
            </allocations>
            <generalComment xml:lang="en">This emission was reported by fewer than three companies. To indicate known emissions while protecting the confidentiality of individual company responses, the emission is reported only by order of magnitude.</generalComment>
        </exchange>
        <exchange xmlns:olca="http://openlca.org/ilcd-extensions" dataSetInternalID="39" olca:unitId="0dea4ed8-bb6b-4049-b2b4-b2c413ef2180" olca:propertyId="838aaa20-0117-11db-92e3-0800200c9a66" olca:amount="0.00172124681618497">
            <referenceToFlowDataSet type="flow data set" refObjectId="a1242640-8306-366c-9c55-6dfd23e77bd7" version="01.00.000" uri="../flows/a1242640-8306-366c-9c55-6dfd23e77bd7">
                <common:shortDescription xml:lang="en">Transport, barge, diesel powered</common:shortDescription>
            </referenceToFlowDataSet>
            <exchangeDirection>Input</exchangeDirection>
            <meanAmount>0.00172124681618497</meanAmount>
            <resultingAmount>0.00172124681618497</resultingAmount>
            <allocations>
                <allocation internalReferenceToCoProduct="43" allocatedFraction="0.0"/>
                <allocation internalReferenceToCoProduct="0" allocatedFraction="100.0"/>
            </allocations>
            <generalComment xml:lang="en">Values for barge transport are calculated based on average fuel consumption rates as reported in Transportation Energy Data Book: Edition 22 from Oak Ridge National Laboratory, September 2002: 22% of barges use diesel fuel in their engines, 78% use residual oil to generate steam for steam turbines, and a barge that consumes residual oil consumes 3.4 gallons per 1,000 ton-miles </generalComment>
        </exchange>
        <exchange xmlns:olca="http://openlca.org/ilcd-extensions" dataSetInternalID="47" olca:unitId="20aadc24-a391-41cf-b340-3e4529f44bde" olca:propertyId="93a60a56-a3c8-11da-a746-0800200b9a66" olca:amount="1.0E-7">
            <referenceToFlowDataSet type="flow data set" refObjectId="c746fcf6-c553-3f40-9445-6f0b14a727de" version="01.00.000" uri="../flows/c746fcf6-c553-3f40-9445-6f0b14a727de">
                <common:shortDescription xml:lang="en">Organic substances, unspecified</common:shortDescription>
            </referenceToFlowDataSet>
            <exchangeDirection>Output</exchangeDirection>
            <meanAmount>1.0E-7</meanAmount>
            <resultingAmount>1.0E-7</resultingAmount>
            <allocations>
                <allocation internalReferenceToCoProduct="43" allocatedFraction="0.0"/>
                <allocation internalReferenceToCoProduct="0" allocatedFraction="100.0"/>
            </allocations>
            <generalComment xml:lang="en">This emission was reported by fewer than three companies. To indicate known emissions while protecting the confidentiality of individual company responses, the emission is reported only by order of magnitude.</generalComment>
        </exchange>
        <exchange xmlns:olca="http://openlca.org/ilcd-extensions" dataSetInternalID="37" olca:unitId="20aadc24-a391-41cf-b340-3e4529f44bde" olca:propertyId="93a60a56-a3c8-11da-a746-0800200b9a66" olca:amount="0.001">
            <referenceToFlowDataSet type="flow data set" refObjectId="a3ed03de-f771-3946-94f3-a02a10d4ca74" version="01.00.000" uri="../flows/a3ed03de-f771-3946-94f3-a02a10d4ca74">
                <common:shortDescription xml:lang="en">Dissolved solids</common:shortDescription>
            </referenceToFlowDataSet>
            <exchangeDirection>Output</exchangeDirection>
            <meanAmount>0.001</meanAmount>
            <resultingAmount>0.001</resultingAmount>
            <allocations>
                <allocation internalReferenceToCoProduct="43" allocatedFraction="0.0"/>
                <allocation internalReferenceToCoProduct="0" allocatedFraction="100.0"/>
            </allocations>
            <generalComment xml:lang="en">This emission was reported by fewer than three companies. To indicate known emissions while protecting the confidentiality of individual company responses, the emission is reported only by order of magnitude.</generalComment>
        </exchange>
        <exchange xmlns:olca="http://openlca.org/ilcd-extensions" dataSetInternalID="13" olca:unitId="20aadc24-a391-41cf-b340-3e4529f44bde" olca:propertyId="93a60a56-a3c8-11da-a746-0800200b9a66" olca:amount="1.2237358771314E-4">
            <referenceToFlowDataSet type="flow data set" refObjectId="1827a862-ccac-37ac-9ad7-d2dffe71058c" version="01.00.000" uri="../flows/1827a862-ccac-37ac-9ad7-d2dffe71058c">
                <common:shortDescription xml:lang="en">Nitrogen oxides </common:shortDescription>
            </referenceToFlowDataSet>
            <exchangeDirection>Output</exchangeDirection>
            <meanAmount>1.2237358771314E-4</meanAmount>
            <resultingAmount>1.2237358771314E-4</resultingAmount>
            <allocations>
                <allocation internalReferenceToCoProduct="0" allocatedFraction="100.0"/>
                <allocation internalReferenceToCoProduct="43" allocatedFraction="0.0"/>
            </allocations>
        </exchange>
        <exchange xmlns:olca="http://openlca.org/ilcd-extensions" dataSetInternalID="43" olca:unitId="52765a6c-3896-43c2-b2f4-c679acf13efe" olca:propertyId="f6811440-ee37-11de-8a39-0800200c9a66" olca:amount="0.783848924162257">
            <referenceToFlowDataSet type="flow data set" refObjectId="bdd323b8-1b5c-340d-9301-e2d28c075cca" version="01.00.000" uri="../flows/bdd323b8-1b5c-340d-9301-e2d28c075cca">
                <common:shortDescription xml:lang="en">Recovered energy</common:shortDescription>
            </referenceToFlowDataSet>
            <exchangeDirection>Output</exchangeDirection>
            <meanAmount>0.783848924162257</meanAmount>
            <resultingAmount>0.783848924162257</resultingAmount>
            <allocations>
                <allocation internalReferenceToCoProduct="43" allocatedFraction="0.0"/>
            </allocations>
            <generalComment xml:lang="en">Credit for steam or heat co-product sold externally.</generalComment>
        </exchange>
        <exchange xmlns:olca="http://openlca.org/ilcd-extensions" dataSetInternalID="30" olca:unitId="20aadc24-a391-41cf-b340-3e4529f44bde" olca:propertyId="93a60a56-a3c8-11da-a746-0800200b9a66" olca:amount="1.0E-5">
            <referenceToFlowDataSet type="flow data set" refObjectId="2061de48-36c9-36ac-b7d2-2a02af0fa6df" version="01.00.000" uri="../flows/2061de48-36c9-36ac-b7d2-2a02af0fa6df">
                <common:shortDescription xml:lang="en">TOC, Total Organic Carbon</common:shortDescription>
            </referenceToFlowDataSet>
            <exchangeDirection>Output</exchangeDirection>
            <meanAmount>1.0E-5</meanAmount>
            <resultingAmount>1.0E-5</resultingAmount>
            <allocations>
                <allocation internalReferenceToCoProduct="0" allocatedFraction="100.0"/>
                <allocation internalReferenceToCoProduct="43" allocatedFraction="0.0"/>
            </allocations>
            <generalComment xml:lang="en">This emission was reported by fewer than three companies. To indicate known emissions while protecting the confidentiality of individual company responses, the emission is reported only by order of magnitude.</generalComment>
        </exchange>
        <exchange xmlns:olca="http://openlca.org/ilcd-extensions" dataSetInternalID="26" olca:unitId="20aadc24-a391-41cf-b340-3e4529f44bde" olca:propertyId="93a60a56-a3c8-11da-a746-0800200b9a66" olca:amount="1.0E-10">
            <referenceToFlowDataSet type="flow data set" refObjectId="1a1e28d7-6444-30e8-b792-e1e23089c058" version="01.00.000" uri="../flows/1a1e28d7-6444-30e8-b792-e1e23089c058">
                <common:shortDescription xml:lang="en">Mercury</common:shortDescription>
            </referenceToFlowDataSet>
            <exchangeDirection>Output</exchangeDirection>
            <meanAmount>1.0E-10</meanAmount>
            <resultingAmount>1.0E-10</resultingAmount>
            <allocations>
                <allocation internalReferenceToCoProduct="43" allocatedFraction="0.0"/>
                <allocation internalReferenceToCoProduct="0" allocatedFraction="100.0"/>
            </allocations>
            <generalComment xml:lang="en">This emission was reported by fewer than three companies. To indicate known emissions while protecting the confidentiality of individual company responses, the emission is reported only by order of magnitude.</generalComment>
        </exchange>
        <exchange xmlns:olca="http://openlca.org/ilcd-extensions" dataSetInternalID="5" olca:unitId="20aadc24-a391-41cf-b340-3e4529f44bde" olca:propertyId="93a60a56-a3c8-11da-a746-0800200b9a66" olca:amount="0.008262">
            <referenceToFlowDataSet type="flow data set" refObjectId="f867896e-830f-31f9-975d-465b212262ef" version="01.00.000" uri="../flows/f867896e-830f-31f9-975d-465b212262ef">
                <common:shortDescription xml:lang="en">Sulfuric acid, at plant</common:shortDescription>
            </referenceToFlowDataSet>
            <exchangeDirection>Input</exchangeDirection>
            <meanAmount>0.008262</meanAmount>
            <resultingAmount>0.008262</resultingAmount>
            <allocations>
                <allocation internalReferenceToCoProduct="43" allocatedFraction="0.0"/>
                <allocation internalReferenceToCoProduct="0" allocatedFraction="100.0"/>
            </allocations>
        </exchange>
        <exchange xmlns:olca="http://openlca.org/ilcd-extensions" dataSetInternalID="21" olca:unitId="20aadc24-a391-41cf-b340-3e4529f44bde" olca:propertyId="93a60a56-a3c8-11da-a746-0800200b9a66" olca:amount="1.0E-7">
            <referenceToFlowDataSet type="flow data set" refObjectId="82def542-3228-34c5-aaa6-2ecb100eed8f" version="01.00.000" uri="../flows/82def542-3228-34c5-aaa6-2ecb100eed8f">
                <common:shortDescription xml:lang="en">Benzene, 1,2-dichloro-</common:shortDescription>
            </referenceToFlowDataSet>
            <exchangeDirection>Output</exchangeDirection>
            <meanAmount>1.0E-7</meanAmount>
            <resultingAmount>1.0E-7</resultingAmount>
            <allocations>
                <allocation internalReferenceToCoProduct="43" allocatedFraction="0.0"/>
                <allocation internalReferenceToCoProduct="0" allocatedFraction="100.0"/>
            </allocations>
            <generalComment xml:lang="en">This emission was reported by fewer than three companies. To indicate known emissions while protecting the confidentiality of individual company responses, the emission is reported only by order of magnitude.</generalComment>
        </exchange>
        <exchange xmlns:olca="http://openlca.org/ilcd-extensions" dataSetInternalID="0" olca:unitId="20aadc24-a391-41cf-b340-3e4529f44bde" olca:propertyId="93a60a56-a3c8-11da-a746-0800200b9a66" olca:amount="1.0">
            <referenceToFlowDataSet type="flow data set" refObjectId="774255e8-5f9c-3c30-893a-98cc7ac45991" version="01.00.000" uri="../flows/774255e8-5f9c-3c30-893a-98cc7ac45991">
                <common:shortDescription xml:lang="en">Toluene diisocyanate, at plant</common:shortDescription>
            </referenceToFlowDataSet>
            <exchangeDirection>Output</exchangeDirection>
            <meanAmount>1.0</meanAmount>
            <resultingAmount>1.0</resultingAmount>
            <allocations>
                <allocation internalReferenceToCoProduct="0" allocatedFraction="100.0"/>
            </allocations>
        </exchange>
        <exchange xmlns:olca="http://openlca.org/ilcd-extensions" dataSetInternalID="16" olca:unitId="20aadc24-a391-41cf-b340-3e4529f44bde" olca:propertyId="93a60a56-a3c8-11da-a746-0800200b9a66" olca:amount="1.0E-7">
            <referenceToFlowDataSet type="flow data set" refObjectId="3c05ad94-b162-3e47-be5c-0cebd1e61932" version="01.00.000" uri="../flows/3c05ad94-b162-3e47-be5c-0cebd1e61932">
                <common:shortDescription xml:lang="en">Toluene diisocyanate (TDI)</common:shortDescription>
            </referenceToFlowDataSet>
            <exchangeDirection>Output</exchangeDirection>
            <meanAmount>1.0E-7</meanAmount>
            <resultingAmount>1.0E-7</resultingAmount>
            <allocations>
                <allocation internalReferenceToCoProduct="0" allocatedFraction="100.0"/>
                <allocation internalReferenceToCoProduct="43" allocatedFraction="0.0"/>
            </allocations>
            <generalComment xml:lang="en">This emission was reported by fewer than three companies. To indicate known emissions while protecting the confidentiality of individual company responses, the emission is reported only by order of magnitude.</generalComment>
        </exchange>
        <exchange xmlns:olca="http://openlca.org/ilcd-extensions" dataSetInternalID="3" olca:unitId="20aadc24-a391-41cf-b340-3e4529f44bde" olca:propertyId="93a60a56-a3c8-11da-a746-0800200b9a66" olca:amount="1.11365377038669E-5">
            <referenceToFlowDataSet type="flow data set" refObjectId="441e7e96-6101-3856-ac4f-8f74c8005ba9" version="01.00.000" uri="../flows/441e7e96-6101-3856-ac4f-8f74c8005ba9">
                <common:shortDescription xml:lang="en">Particulates, &gt; 2.5 um, and &lt; 10um</common:shortDescription>
            </referenceToFlowDataSet>
            <exchangeDirection>Output</exchangeDirection>
            <meanAmount>1.11365377038669E-5</meanAmount>
            <resultingAmount>1.11365377038669E-5</resultingAmount>
            <allocations>
                <allocation internalReferenceToCoProduct="0" allocatedFraction="100.0"/>
                <allocation internalReferenceToCoProduct="43" allocatedFraction="0.0"/>
            </allocations>
        </exchange>
        <exchange xmlns:olca="http://openlca.org/ilcd-extensions" dataSetInternalID="18" olca:unitId="0dea4ed8-bb6b-4049-b2b4-b2c413ef2180" olca:propertyId="838aaa20-0117-11db-92e3-0800200c9a66" olca:amount="0.242180244">
            <referenceToFlowDataSet type="flow data set" refObjectId="bdfa087f-b7fe-30da-8912-66722f328da6" version="01.00.000" uri="../flows/bdfa087f-b7fe-30da-8912-66722f328da6">
                <common:shortDescription xml:lang="en">Transport, ocean freighter, diesel powered</common:shortDescription>
            </referenceToFlowDataSet>
            <exchangeDirection>Input</exchangeDirection>
            <meanAmount>0.242180244</meanAmount>
            <resultingAmount>0.242180244</resultingAmount>
            <allocations>
                <allocation internalReferenceToCoProduct="43" allocatedFraction="0.0"/>
                <allocation internalReferenceToCoProduct="0" allocatedFraction="100.0"/>
            </allocations>
        </exchange>
        <exchange xmlns:olca="http://openlca.org/ilcd-extensions" dataSetInternalID="34" olca:unitId="20aadc24-a391-41cf-b340-3e4529f44bde" olca:propertyId="93a60a56-a3c8-11da-a746-0800200b9a66" olca:amount="0.001">
            <referenceToFlowDataSet type="flow data set" refObjectId="d806e960-d946-3a21-9528-90cddd1aa51b" version="01.00.000" uri="../flows/d806e960-d946-3a21-9528-90cddd1aa51b">
                <common:shortDescription xml:lang="en">Sodium hydroxide</common:shortDescription>
            </referenceToFlowDataSet>
            <exchangeDirection>Output</exchangeDirection>
            <meanAmount>0.001</meanAmount>
            <resultingAmount>0.001</resultingAmount>
            <allocations>
                <allocation internalReferenceToCoProduct="0" allocatedFraction="100.0"/>
                <allocation internalReferenceToCoProduct="43" allocatedFraction="0.0"/>
            </allocations>
            <generalComment xml:lang="en">This emission was reported by fewer than three companies. To indicate known emissions while protecting the confidentiality of individual company responses, the emission is reported only by order of magnitude.</generalComment>
        </exchange>
        <exchange xmlns:olca="http://openlca.org/ilcd-extensions" dataSetInternalID="25" olca:unitId="20aadc24-a391-41cf-b340-3e4529f44bde" olca:propertyId="93a60a56-a3c8-11da-a746-0800200b9a66" olca:amount="0.131">
            <referenceToFlowDataSet type="flow data set" refObjectId="f355d08f-9c0f-37cd-88d7-c275725f0ad8" version="01.00.000" uri="../flows/f355d08f-9c0f-37cd-88d7-c275725f0ad8">
                <common:shortDescription xml:lang="en">CUTOFF Natural gas, processed, for olefins production, at plant, material use</common:shortDescription>
            </referenceToFlowDataSet>
            <exchangeDirection>Input</exchangeDirection>
            <meanAmount>0.131</meanAmount>
            <resultingAmount>0.131</resultingAmount>
            <allocations>
                <allocation internalReferenceToCoProduct="0" allocatedFraction="100.0"/>
                <allocation internalReferenceToCoProduct="43" allocatedFraction="0.0"/>
            </allocations>
        </exchange>
        <exchange xmlns:olca="http://openlca.org/ilcd-extensions" dataSetInternalID="14" olca:unitId="20aadc24-a391-41cf-b340-3e4529f44bde" olca:propertyId="93a60a56-a3c8-11da-a746-0800200b9a66" olca:amount="5.73641399385002E-6">
            <referenceToFlowDataSet type="flow data set" refObjectId="b641465b-5594-34f2-a9f8-72ceb302de17" version="01.00.000" uri="../flows/b641465b-5594-34f2-a9f8-72ceb302de17">
                <common:shortDescription xml:lang="en">Particulates, unspecified</common:shortDescription>
            </referenceToFlowDataSet>
            <exchangeDirection>Output</exchangeDirection>
            <meanAmount>5.73641399385002E-6</meanAmount>
            <resultingAmount>5.73641399385002E-6</resultingAmount>
            <allocations>
                <allocation internalReferenceToCoProduct="43" allocatedFraction="0.0"/>
                <allocation internalReferenceToCoProduct="0" allocatedFraction="100.0"/>
            </allocations>
        </exchange>
        <exchange xmlns:olca="http://openlca.org/ilcd-extensions" dataSetInternalID="49" olca:unitId="20aadc24-a391-41cf-b340-3e4529f44bde" olca:propertyId="93a60a56-a3c8-11da-a746-0800200b9a66" olca:amount="1.0E-6">
            <referenceToFlowDataSet type="flow data set" refObjectId="fa77389a-e98d-37be-b646-0d665ebc5c14" version="01.00.000" uri="../flows/fa77389a-e98d-37be-b646-0d665ebc5c14">
                <common:shortDescription xml:lang="en">Benzene, 1,2-dichloro-</common:shortDescription>
            </referenceToFlowDataSet>
            <exchangeDirection>Output</exchangeDirection>
            <meanAmount>1.0E-6</meanAmount>
            <resultingAmount>1.0E-6</resultingAmount>
            <allocations>
                <allocation internalReferenceToCoProduct="0" allocatedFraction="100.0"/>
                <allocation internalReferenceToCoProduct="43" allocatedFraction="0.0"/>
            </allocations>
            <generalComment xml:lang="en">This emission was reported by fewer than three companies. To indicate known emissions while protecting the confidentiality of individual company responses, the emission is reported only by order of magnitude.</generalComment>
        </exchange>
        <exchange xmlns:olca="http://openlca.org/ilcd-extensions" dataSetInternalID="12" olca:unitId="20aadc24-a391-41cf-b340-3e4529f44bde" olca:propertyId="93a60a56-a3c8-11da-a746-0800200b9a66" olca:amount="6.52971549815461E-4">
            <referenceToFlowDataSet type="flow data set" refObjectId="63af114b-afcb-3a82-801a-9c66208a673a" version="01.00.000" uri="../flows/63af114b-afcb-3a82-801a-9c66208a673a">
                <common:shortDescription xml:lang="en">Carbon dioxide, fossil </common:shortDescription>
            </referenceToFlowDataSet>
            <exchangeDirection>Output</exchangeDirection>
            <meanAmount>6.52971549815461E-4</meanAmount>
            <resultingAmount>6.52971549815461E-4</resultingAmount>
            <allocations>
                <allocation internalReferenceToCoProduct="0" allocatedFraction="100.0"/>
                <allocation internalReferenceToCoProduct="43" allocatedFraction="0.0"/>
            </allocations>
        </exchange>
        <exchange xmlns:olca="http://openlca.org/ilcd-extensions" dataSetInternalID="41" olca:unitId="20aadc24-a391-41cf-b340-3e4529f44bde" olca:propertyId="93a60a56-a3c8-11da-a746-0800200b9a66" olca:amount="0.46194496804541">
            <referenceToFlowDataSet type="flow data set" refObjectId="a1167c39-1c98-360a-b834-c22a9726c001" version="01.00.000" uri="../flows/a1167c39-1c98-360a-b834-c22a9726c001">
                <common:shortDescription xml:lang="en">Chlorine, production mix, at plant</common:shortDescription>
            </referenceToFlowDataSet>
            <exchangeDirection>Input</exchangeDirection>
            <meanAmount>0.46194496804541</meanAmount>
            <resultingAmount>0.46194496804541</resultingAmount>
            <allocations>
                <allocation internalReferenceToCoProduct="43" allocatedFraction="0.0"/>
                <allocation internalReferenceToCoProduct="0" allocatedFraction="100.0"/>
            </allocations>
        </exchange>
        <exchange xmlns:olca="http://openlca.org/ilcd-extensions" dataSetInternalID="54" olca:unitId="20aadc24-a391-41cf-b340-3e4529f44bde" olca:propertyId="93a60a56-a3c8-11da-a746-0800200b9a66" olca:amount="0.00146963239158197">
            <referenceToFlowDataSet type="flow data set" refObjectId="80c9c183-6e8e-3cba-a608-1d70820c3ce9" version="01.00.000" uri="../flows/80c9c183-6e8e-3cba-a608-1d70820c3ce9">
                <common:shortDescription xml:lang="en">Carbon monoxide</common:shortDescription>
            </referenceToFlowDataSet>
            <exchangeDirection>Output</exchangeDirection>
            <meanAmount>0.00146963239158197</meanAmount>
            <resultingAmount>0.00146963239158197</resultingAmount>
            <allocations>
                <allocation internalReferenceToCoProduct="43" allocatedFraction="0.0"/>
                <allocation internalReferenceToCoProduct="0" allocatedFraction="100.0"/>
            </allocations>
        </exchange>
        <exchange xmlns:olca="http://openlca.org/ilcd-extensions" dataSetInternalID="35" olca:unitId="20aadc24-a391-41cf-b340-3e4529f44bde" olca:propertyId="93a60a56-a3c8-11da-a746-0800200b9a66" olca:amount="1.0E-8">
            <referenceToFlowDataSet type="flow data set" refObjectId="a9e36539-c9da-3d67-919b-f7d956ebd970" version="01.00.000" uri="../flows/a9e36539-c9da-3d67-919b-f7d956ebd970">
                <common:shortDescription xml:lang="en">Toluenediamine (TDA)</common:shortDescription>
            </referenceToFlowDataSet>
            <exchangeDirection>Output</exchangeDirection>
            <meanAmount>1.0E-8</meanAmount>
            <resultingAmount>1.0E-8</resultingAmount>
            <allocations>
                <allocation internalReferenceToCoProduct="0" allocatedFraction="100.0"/>
                <allocation internalReferenceToCoProduct="43" allocatedFraction="0.0"/>
            </allocations>
            <generalComment xml:lang="en">This emission was reported by fewer than three companies. To indicate known emissions while protecting the confidentiality of individual company responses, the emission is reported only by order of magnitude.</generalComment>
        </exchange>
        <exchange xmlns:olca="http://openlca.org/ilcd-extensions" dataSetInternalID="22" olca:unitId="1c3a9695-398d-4b1f-b07e-a8715b610f70" olca:propertyId="93a60a56-a3c8-22da-a746-0800200c9a66" olca:amount="0.312540786131286">
            <referenceToFlowDataSet type="flow data set" refObjectId="bb1dc159-fe13-3f8e-8197-361e8c770ba3" version="01.00.000" uri="../flows/bb1dc159-fe13-3f8e-8197-361e8c770ba3">
                <common:shortDescription xml:lang="en">Natural gas, combusted in industrial boiler</common:shortDescription>
            </referenceToFlowDataSet>
            <exchangeDirection>Input</exchangeDirection>
            <meanAmount>0.312540786131286</meanAmount>
            <resultingAmount>0.312540786131286</resultingAmount>
            <allocations>
                <allocation internalReferenceToCoProduct="43" allocatedFraction="0.0"/>
                <allocation internalReferenceToCoProduct="0" allocatedFraction="100.0"/>
            </allocations>
        </exchange>
        <exchange xmlns:olca="http://openlca.org/ilcd-extensions" dataSetInternalID="1" olca:unitId="0dea4ed8-bb6b-4049-b2b4-b2c413ef2180" olca:propertyId="838aaa20-0117-11db-92e3-0800200c9a66" olca:amount="0.212503165850657">
            <referenceToFlowDataSet type="flow data set" refObjectId="057a281a-908b-3adf-8f51-ed79fe5c5a9b" version="01.00.000" uri="../flows/057a281a-908b-3adf-8f51-ed79fe5c5a9b">
                <common:shortDescription xml:lang="en">Transport, pipeline, natural gas</common:shortDescription>
            </referenceToFlowDataSet>
            <exchangeDirection>Input</exchangeDirection>
            <meanAmount>0.212503165850657</meanAmount>
            <resultingAmount>0.212503165850657</resultingAmount>
            <allocations>
                <allocation internalReferenceToCoProduct="43" allocatedFraction="0.0"/>
                <allocation internalReferenceToCoProduct="0" allocatedFraction="100.0"/>
            </allocations>
            <generalComment xml:lang="en">Although data for carbon monxide production are not shown separately due to confidentiality issues, this transport data is specific to carbon monoxide transported to TDI producers. It is also specific to chlorine and caustic soda  transported to MDI and TDI producers</generalComment>
        </exchange>
        <exchange xmlns:olca="http://openlca.org/ilcd-extensions" dataSetInternalID="51" olca:unitId="0dea4ed8-bb6b-4049-b2b4-b2c413ef2180" olca:propertyId="838aaa20-0117-11db-92e3-0800200c9a66" olca:amount="0.0651105985221944">
            <referenceToFlowDataSet type="flow data set" refObjectId="73c7494d-4e93-3769-896b-8bb82f0dfccc" version="01.00.000" uri="../flows/73c7494d-4e93-3769-896b-8bb82f0dfccc">
                <common:shortDescription xml:lang="en">Transport, train, diesel powered</common:shortDescription>
            </referenceToFlowDataSet>
            <exchangeDirection>Input</exchangeDirection>
            <meanAmount>0.0651105985221944</meanAmount>
            <resultingAmount>0.0651105985221944</resultingAmount>
            <allocations>
                <allocation internalReferenceToCoProduct="43" allocatedFraction="0.0"/>
                <allocation internalReferenceToCoProduct="0" allocatedFraction="100.0"/>
            </allocations>
        </exchange>
        <exchange xmlns:olca="http://openlca.org/ilcd-extensions" dataSetInternalID="11" olca:unitId="20aadc24-a391-41cf-b340-3e4529f44bde" olca:propertyId="93a60a56-a3c8-11da-a746-0800200b9a66" olca:amount="1.0E-9">
            <referenceToFlowDataSet type="flow data set" refObjectId="38251de7-0fc0-3341-9e4b-2ff0a6a19836" version="01.00.000" uri="../flows/38251de7-0fc0-3341-9e4b-2ff0a6a19836">
                <common:shortDescription xml:lang="en">Chloroform</common:shortDescription>
            </referenceToFlowDataSet>
            <exchangeDirection>Output</exchangeDirection>
            <meanAmount>1.0E-9</meanAmount>
            <resultingAmount>1.0E-9</resultingAmount>
            <allocations>
                <allocation internalReferenceToCoProduct="0" allocatedFraction="100.0"/>
                <allocation internalReferenceToCoProduct="43" allocatedFraction="0.0"/>
            </allocations>
            <generalComment xml:lang="en">This emission was reported by fewer than three companies. To indicate known emissions while protecting the confidentiality of individual company responses, the emission is reported only by order of magnitude.</generalComment>
        </exchange>
        <exchange xmlns:olca="http://openlca.org/ilcd-extensions" dataSetInternalID="2" olca:unitId="20aadc24-a391-41cf-b340-3e4529f44bde" olca:propertyId="93a60a56-a3c8-11da-a746-0800200b9a66" olca:amount="0.0226293941090887">
            <referenceToFlowDataSet type="flow data set" refObjectId="bf2b1e5a-4c92-3974-a2fd-a68898833086" version="01.00.000" uri="../flows/bf2b1e5a-4c92-3974-a2fd-a68898833086">
                <common:shortDescription xml:lang="en">Sodium hydroxide, production mix, at plant</common:shortDescription>
            </referenceToFlowDataSet>
            <exchangeDirection>Input</exchangeDirection>
            <meanAmount>0.0226293941090887</meanAmount>
            <resultingAmount>0.0226293941090887</resultingAmount>
            <allocations>
                <allocation internalReferenceToCoProduct="43" allocatedFraction="0.0"/>
                <allocation internalReferenceToCoProduct="0" allocatedFraction="100.0"/>
            </allocations>
        </exchange>
        <exchange xmlns:olca="http://openlca.org/ilcd-extensions" dataSetInternalID="31" olca:unitId="20aadc24-a391-41cf-b340-3e4529f44bde" olca:propertyId="93a60a56-a3c8-11da-a746-0800200b9a66" olca:amount="2.84539593300397E-7">
            <referenceToFlowDataSet type="flow data set" refObjectId="fce7dbb7-d08d-34ae-875c-1afb623e7213" version="01.00.000" uri="../flows/fce7dbb7-d08d-34ae-875c-1afb623e7213">
                <common:shortDescription xml:lang="en">Chlorine</common:shortDescription>
            </referenceToFlowDataSet>
            <exchangeDirection>Output</exchangeDirection>
            <meanAmount>2.84539593300397E-7</meanAmount>
            <resultingAmount>2.84539593300397E-7</resultingAmount>
            <allocations>
                <allocation internalReferenceToCoProduct="0" allocatedFraction="100.0"/>
                <allocation internalReferenceToCoProduct="43" allocatedFraction="0.0"/>
            </allocations>
        </exchange>
        <exchange xmlns:olca="http://openlca.org/ilcd-extensions" dataSetInternalID="48" olca:unitId="20aadc24-a391-41cf-b340-3e4529f44bde" olca:propertyId="93a60a56-a3c8-11da-a746-0800200b9a66" olca:amount="2.60695536325258E-4">
            <referenceToFlowDataSet type="flow data set" refObjectId="609069a0-462c-3a2e-b0a1-8f22cf9585d1" version="01.00.000" uri="../flows/609069a0-462c-3a2e-b0a1-8f22cf9585d1">
                <common:shortDescription xml:lang="en">Ammonia </common:shortDescription>
            </referenceToFlowDataSet>
            <exchangeDirection>Output</exchangeDirection>
            <meanAmount>2.60695536325258E-4</meanAmount>
            <resultingAmount>2.60695536325258E-4</resultingAmount>
            <allocations>
                <allocation internalReferenceToCoProduct="43" allocatedFraction="0.0"/>
                <allocation internalReferenceToCoProduct="0" allocatedFraction="100.0"/>
            </allocations>
        </exchange>
        <exchange xmlns:olca="http://openlca.org/ilcd-extensions" dataSetInternalID="33" olca:unitId="20aadc24-a391-41cf-b340-3e4529f44bde" olca:propertyId="93a60a56-a3c8-11da-a746-0800200b9a66" olca:amount="0.125852">
            <referenceToFlowDataSet type="flow data set" refObjectId="072a4586-44d6-3428-a15c-8e1e8a0031cc" version="01.00.000" uri="../flows/072a4586-44d6-3428-a15c-8e1e8a0031cc">
                <common:shortDescription xml:lang="en">Ammonia, steam reforming, liquid, at plant</common:shortDescription>
            </referenceToFlowDataSet>
            <exchangeDirection>Input</exchangeDirection>
            <meanAmount>0.125852</meanAmount>
            <resultingAmount>0.125852</resultingAmount>
            <allocations>
                <allocation internalReferenceToCoProduct="43" allocatedFraction="0.0"/>
                <allocation internalReferenceToCoProduct="0" allocatedFraction="100.0"/>
            </allocations>
            <generalComment xml:lang="en">Includes ammonia required for nitric acid inputs</generalComment>
        </exchange>
        <exchange xmlns:olca="http://openlca.org/ilcd-extensions" dataSetInternalID="9" olca:unitId="86ad2244-1f0e-4912-af53-7865283103e4" olca:propertyId="f6811440-ee37-11de-8a39-0800200c9a66" olca:amount="0.256043153299457">
            <referenceToFlowDataSet type="flow data set" refObjectId="fc76d79e-b0fb-376f-807b-02fe2098aa88" version="01.00.000" uri="../flows/fc76d79e-b0fb-376f-807b-02fe2098aa88">
                <common:shortDescription xml:lang="en">Electricity, at cogen, for natural gas turbine</common:shortDescription>
            </referenceToFlowDataSet>
            <exchangeDirection>Input</exchangeDirection>
            <meanAmount>0.9217553518780451</meanAmount>
            <resultingAmount>0.9217553518780451</resultingAmount>
            <allocations>
                <allocation internalReferenceToCoProduct="0" allocatedFraction="100.0"/>
                <allocation internalReferenceToCoProduct="43" allocatedFraction="0.0"/>
            </allocations>
            <generalComment xml:lang="en">The electricity amount from cogeneration is assumed to be produced from natural gas at a 50% efficiency.</generalComment>
        </exchange>
        <exchange xmlns:olca="http://openlca.org/ilcd-extensions" dataSetInternalID="20" olca:unitId="20aadc24-a391-41cf-b340-3e4529f44bde" olca:propertyId="93a60a56-a3c8-11da-a746-0800200b9a66" olca:amount="0.0343">
            <referenceToFlowDataSet type="flow data set" refObjectId="5d2b8abb-4d07-3515-b955-46a086e599f6" version="01.00.000" uri="../flows/5d2b8abb-4d07-3515-b955-46a086e599f6">
                <common:shortDescription xml:lang="en">CUTOFF Disposal, solid waste, unspecified, to waste-to-energy</common:shortDescription>
            </referenceToFlowDataSet>
            <exchangeDirection>Input</exchangeDirection>
            <meanAmount>0.0343</meanAmount>
            <resultingAmount>0.0343</resultingAmount>
            <allocations>
                <allocation internalReferenceToCoProduct="0" allocatedFraction="100.0"/>
                <allocation internalReferenceToCoProduct="43" allocatedFraction="0.0"/>
            </allocations>
        </exchange>
        <exchange xmlns:olca="http://openlca.org/ilcd-extensions" dataSetInternalID="50" olca:unitId="20aadc24-a391-41cf-b340-3e4529f44bde" olca:propertyId="93a60a56-a3c8-11da-a746-0800200b9a66" olca:amount="0.308448">
            <referenceToFlowDataSet type="flow data set" refObjectId="dc052870-f71b-3775-824c-2936683a57f5" version="01.00.000" uri="../flows/dc052870-f71b-3775-824c-2936683a57f5">
                <common:shortDescription xml:lang="en">Toluene, at plant</common:shortDescription>
            </referenceToFlowDataSet>
            <exchangeDirection>Input</exchangeDirection>
            <meanAmount>0.308448</meanAmount>
            <resultingAmount>0.308448</resultingAmount>
            <allocations>
                <allocation internalReferenceToCoProduct="0" allocatedFraction="100.0"/>
                <allocation internalReferenceToCoProduct="43" allocatedFraction="0.0"/>
            </allocations>
        </exchange>
        <exchange xmlns:olca="http://openlca.org/ilcd-extensions" dataSetInternalID="42" olca:unitId="20aadc24-a391-41cf-b340-3e4529f44bde" olca:propertyId="93a60a56-a3c8-11da-a746-0800200b9a66" olca:amount="1.0E-7">
            <referenceToFlowDataSet type="flow data set" refObjectId="14dde4c7-2655-3a40-897a-1a8fa48c777a" version="01.00.000" uri="../flows/14dde4c7-2655-3a40-897a-1a8fa48c777a">
                <common:shortDescription xml:lang="en">VOC, volatile organic compounds</common:shortDescription>
            </referenceToFlowDataSet>
            <exchangeDirection>Output</exchangeDirection>
            <meanAmount>1.0E-7</meanAmount>
            <resultingAmount>1.0E-7</resultingAmount>
            <allocations>
                <allocation internalReferenceToCoProduct="0" allocatedFraction="100.0"/>
                <allocation internalReferenceToCoProduct="43" allocatedFraction="0.0"/>
            </allocations>
            <generalComment xml:lang="en">This emission was reported by fewer than three companies. To indicate known emissions while protecting the confidentiality of individual company responses, the emission is reported only by order of magnitude.</generalComment>
        </exchange>
        <exchange xmlns:olca="http://openlca.org/ilcd-extensions" dataSetInternalID="24" olca:unitId="20aadc24-a391-41cf-b340-3e4529f44bde" olca:propertyId="93a60a56-a3c8-11da-a746-0800200b9a66" olca:amount="7.0E-4">
            <referenceToFlowDataSet type="flow data set" refObjectId="ee9ac558-402f-3594-a3e3-0ee7dec4440d" version="01.00.000" uri="../flows/ee9ac558-402f-3594-a3e3-0ee7dec4440d">
                <common:shortDescription xml:lang="en">CUTOFF Disposal, solid waste, unspecified, to municipal incineration</common:shortDescription>
            </referenceToFlowDataSet>
            <exchangeDirection>Input</exchangeDirection>
            <meanAmount>7.0E-4</meanAmount>
            <resultingAmount>7.0E-4</resultingAmount>
            <allocations>
                <allocation internalReferenceToCoProduct="0" allocatedFraction="100.0"/>
                <allocation internalReferenceToCoProduct="43" allocatedFraction="0.0"/>
            </allocations>
        </exchange>
        <exchange xmlns:olca="http://openlca.org/ilcd-extensions" dataSetInternalID="45" olca:unitId="0dea4ed8-bb6b-4049-b2b4-b2c413ef2180" olca:propertyId="838aaa20-0117-11db-92e3-0800200c9a66" olca:amount="0.0069997539570794">
            <referenceToFlowDataSet type="flow data set" refObjectId="acbe5bc4-6afd-31aa-bf3f-4a3fdc491945" version="01.00.000" uri="../flows/acbe5bc4-6afd-31aa-bf3f-4a3fdc491945">
                <common:shortDescription xml:lang="en">Transport, pipeline, unspecified petroleum products</common:shortDescription>
            </referenceToFlowDataSet>
            <exchangeDirection>Input</exchangeDirection>
            <meanAmount>0.0069997539570794</meanAmount>
            <resultingAmount>0.0069997539570794</resultingAmount>
            <allocations>
                <allocation internalReferenceToCoProduct="0" allocatedFraction="100.0"/>
                <allocation internalReferenceToCoProduct="43" allocatedFraction="0.0"/>
            </allocations>
        </exchange>
        <exchange xmlns:olca="http://openlca.org/ilcd-extensions" dataSetInternalID="44" olca:unitId="20aadc24-a391-41cf-b340-3e4529f44bde" olca:propertyId="93a60a56-a3c8-11da-a746-0800200b9a66" olca:amount="1.69066568415304E-4">
            <referenceToFlowDataSet type="flow data set" refObjectId="33d5907f-322f-336d-b23f-f2959923f99f" version="01.00.000" uri="../flows/33d5907f-322f-336d-b23f-f2959923f99f">
                <common:shortDescription xml:lang="en">COD, Chemical Oxygen Demand</common:shortDescription>
            </referenceToFlowDataSet>
            <exchangeDirection>Output</exchangeDirection>
            <meanAmount>1.69066568415304E-4</meanAmount>
            <resultingAmount>1.69066568415304E-4</resultingAmount>
            <allocations>
                <allocation internalReferenceToCoProduct="0" allocatedFraction="100.0"/>
                <allocation internalReferenceToCoProduct="43" allocatedFraction="0.0"/>
            </allocations>
        </exchange>
        <exchange xmlns:olca="http://openlca.org/ilcd-extensions" dataSetInternalID="46" olca:unitId="20aadc24-a391-41cf-b340-3e4529f44bde" olca:propertyId="93a60a56-a3c8-11da-a746-0800200b9a66" olca:amount="1.0E-10">
            <referenceToFlowDataSet type="flow data set" refObjectId="18166cf9-36ea-3daf-9190-d9a7e90451de" version="01.00.000" uri="../flows/18166cf9-36ea-3daf-9190-d9a7e90451de">
                <common:shortDescription xml:lang="en">Lead</common:shortDescription>
            </referenceToFlowDataSet>
            <exchangeDirection>Output</exchangeDirection>
            <meanAmount>1.0E-10</meanAmount>
            <resultingAmount>1.0E-10</resultingAmount>
            <allocations>
                <allocation internalReferenceToCoProduct="43" allocatedFraction="0.0"/>
                <allocation internalReferenceToCoProduct="0" allocatedFraction="100.0"/>
            </allocations>
            <generalComment xml:lang="en">This emission was reported by fewer than three companies. To indicate known emissions while protecting the confidentiality of individual company responses, the emission is reported only by order of magnitude.</generalComment>
        </exchange>
        <exchange xmlns:olca="http://openlca.org/ilcd-extensions" dataSetInternalID="4" olca:unitId="20aadc24-a391-41cf-b340-3e4529f44bde" olca:propertyId="93a60a56-a3c8-11da-a746-0800200b9a66" olca:amount="1.0E-6">
            <referenceToFlowDataSet type="flow data set" refObjectId="1e8cc60c-35be-3d7a-8f13-5a46881dc0cb" version="01.00.000" uri="../flows/1e8cc60c-35be-3d7a-8f13-5a46881dc0cb">
                <common:shortDescription xml:lang="en">Phosphates</common:shortDescription>
            </referenceToFlowDataSet>
            <exchangeDirection>Output</exchangeDirection>
            <meanAmount>1.0E-6</meanAmount>
            <resultingAmount>1.0E-6</resultingAmount>
            <allocations>
                <allocation internalReferenceToCoProduct="43" allocatedFraction="0.0"/>
                <allocation internalReferenceToCoProduct="0" allocatedFraction="100.0"/>
            </allocations>
            <generalComment xml:lang="en">This emission was reported by fewer than three companies. To indicate known emissions while protecting the confidentiality of individual company responses, the emission is reported only by order of magnitude.</generalComment>
        </exchange>
        <exchange xmlns:olca="http://openlca.org/ilcd-extensions" dataSetInternalID="17" olca:unitId="20aadc24-a391-41cf-b340-3e4529f44bde" olca:propertyId="93a60a56-a3c8-11da-a746-0800200b9a66" olca:amount="2.39821016233199E-5">
            <referenceToFlowDataSet type="flow data set" refObjectId="6b41ff0f-2c11-3d98-aee6-ca2f5d4c817c" version="01.00.000" uri="../flows/6b41ff0f-2c11-3d98-aee6-ca2f5d4c817c">
                <common:shortDescription xml:lang="en">NMVOC, non-methane volatile organic compounds, unspecified </common:shortDescription>
            </referenceToFlowDataSet>
            <exchangeDirection>Output</exchangeDirection>
            <meanAmount>2.39821016233199E-5</meanAmount>
            <resultingAmount>2.39821016233199E-5</resultingAmount>
            <allocations>
                <allocation internalReferenceToCoProduct="43" allocatedFraction="0.0"/>
                <allocation internalReferenceToCoProduct="0" allocatedFraction="100.0"/>
            </allocations>
        </exchange>
        <exchange xmlns:olca="http://openlca.org/ilcd-extensions" dataSetInternalID="53" olca:unitId="0dea4ed8-bb6b-4049-b2b4-b2c413ef2180" olca:propertyId="838aaa20-0117-11db-92e3-0800200c9a66" olca:amount="0.00614714494079441">
            <referenceToFlowDataSet type="flow data set" refObjectId="628c07ec-0802-39c1-ab88-1c62848ef436" version="01.00.000" uri="../flows/628c07ec-0802-39c1-ab88-1c62848ef436">
                <common:shortDescription xml:lang="en">Transport, combination truck, diesel powered</common:shortDescription>
            </referenceToFlowDataSet>
            <exchangeDirection>Input</exchangeDirection>
            <meanAmount>0.00614714494079441</meanAmount>
            <resultingAmount>0.00614714494079441</resultingAmount>
            <allocations>
                <allocation internalReferenceToCoProduct="0" allocatedFraction="100.0"/>
                <allocation internalReferenceToCoProduct="43" allocatedFraction="0.0"/>
            </allocations>
        </exchange>
        <exchange xmlns:olca="http://openlca.org/ilcd-extensions" dataSetInternalID="27" olca:unitId="20aadc24-a391-41cf-b340-3e4529f44bde" olca:propertyId="93a60a56-a3c8-11da-a746-0800200b9a66" olca:amount="1.0E-9">
            <referenceToFlowDataSet type="flow data set" refObjectId="b9b924b4-e60b-3a85-8f35-a9619c4fd532" version="01.00.000" uri="../flows/b9b924b4-e60b-3a85-8f35-a9619c4fd532">
                <common:shortDescription xml:lang="en">Copper</common:shortDescription>
            </referenceToFlowDataSet>
            <exchangeDirection>Output</exchangeDirection>
            <meanAmount>1.0E-9</meanAmount>
            <resultingAmount>1.0E-9</resultingAmount>
            <allocations>
                <allocation internalReferenceToCoProduct="43" allocatedFraction="0.0"/>
                <allocation internalReferenceToCoProduct="0" allocatedFraction="100.0"/>
            </allocations>
            <generalComment xml:lang="en">This emission was reported by fewer than three companies. To indicate known emissions while protecting the confidentiality of individual company responses, the emission is reported only by order of magnitude.</generalComment>
        </exchange>
        <exchange xmlns:olca="http://openlca.org/ilcd-extensions" dataSetInternalID="40" olca:unitId="20aadc24-a391-41cf-b340-3e4529f44bde" olca:propertyId="93a60a56-a3c8-11da-a746-0800200b9a66" olca:amount="8.06611914477922E-4">
            <referenceToFlowDataSet type="flow data set" refObjectId="8c943a85-1d5c-3a38-83d1-7b0b74999ff1" version="01.00.000" uri="../flows/8c943a85-1d5c-3a38-83d1-7b0b74999ff1">
                <common:shortDescription xml:lang="en">TOC, Total Organic Carbon</common:shortDescription>
            </referenceToFlowDataSet>
            <exchangeDirection>Output</exchangeDirection>
            <meanAmount>8.06611914477922E-4</meanAmount>
            <resultingAmount>8.06611914477922E-4</resultingAmount>
            <allocations>
                <allocation internalReferenceToCoProduct="43" allocatedFraction="0.0"/>
                <allocation internalReferenceToCoProduct="0" allocatedFraction="100.0"/>
            </allocations>
        </exchange>
        <exchange xmlns:olca="http://openlca.org/ilcd-extensions" dataSetInternalID="23" olca:unitId="20aadc24-a391-41cf-b340-3e4529f44bde" olca:propertyId="93a60a56-a3c8-11da-a746-0800200b9a66" olca:amount="0.00403308">
            <referenceToFlowDataSet type="flow data set" refObjectId="0f797f27-2207-3571-84cc-0835a943be09" version="01.00.000" uri="../flows/0f797f27-2207-3571-84cc-0835a943be09">
                <common:shortDescription xml:lang="en">Soda powder, at plant</common:shortDescription>
            </referenceToFlowDataSet>
            <exchangeDirection>Input</exchangeDirection>
            <meanAmount>0.00403308</meanAmount>
            <resultingAmount>0.00403308</resultingAmount>
            <allocations>
                <allocation internalReferenceToCoProduct="43" allocatedFraction="0.0"/>
                <allocation internalReferenceToCoProduct="0" allocatedFraction="100.0"/>
            </allocations>
        </exchange>
    </exchanges>
</processDataSet>
