<?xml version="1.0" encoding="UTF-8" standalone="yes"?>
<processDataSet xmlns:m="http://lca.jrc.it/ILCD/LCIAMethod" xmlns:common="http://lca.jrc.it/ILCD/Common" xmlns:s="http://lca.jrc.it/ILCD/Source" xmlns:c="http://lca.jrc.it/ILCD/Contact" xmlns:f="http://lca.jrc.it/ILCD/Flow" xmlns="http://lca.jrc.it/ILCD/Process" xmlns:fp="http://lca.jrc.it/ILCD/FlowProperty" xmlns:u="http://lca.jrc.it/ILCD/UnitGroup" version="1.1">
    <processInformation>
        <dataSetInformation>
            <common:UUID>2c79b9d3-e5f9-34a8-990e-b7d6f9e4dd08</common:UUID>
            <name>
                <baseName xml:lang="en">Slack wax, at plant, US SE</baseName>
            </name>
            <classificationInformation>
                <common:classification>
                    <common:class level="0" classId="aace7bf8-a0e3-3515-8b6c-2c4211ad420b">Chemical Manufacturing</common:class>
                    <common:class level="1" classId="05ee7247-d00d-304a-97e8-4a376ca05972">Petrochemical Manufacturing</common:class>
                </common:classification>
            </classificationInformation>
        </dataSetInformation>
        <quantitativeReference type="Reference flow(s)">
            <referenceToReferenceFlow>0</referenceToReferenceFlow>
        </quantitativeReference>
        <time xmlns:olca="http://openlca.org/ilcd-extensions" olca:startDate="253370703600000" olca:endDate="253370703600000">
            <common:referenceYear>9998</common:referenceYear>
            <common:dataSetValidUntil>9998</common:dataSetValidUntil>
        </time>
        <geography>
            <locationOfOperationSupplyOrProduction location="RNA" latitudeAndLongitude="58.71,-91.96">
                <descriptionOfRestrictions xml:lang="en">US Southeast</descriptionOfRestrictions>
            </locationOfOperationSupplyOrProduction>
        </geography>
        <technology>
            <technologyDescriptionAndIncludedProcesses xml:lang="en">Typical</technologyDescriptionAndIncludedProcesses>
        </technology>
    </processInformation>
    <modellingAndValidation>
        <LCIMethodAndAllocation>
            <typeOfDataSet>Unit process, black box</typeOfDataSet>
            <LCIMethodPrinciple>Other</LCIMethodPrinciple>
        </LCIMethodAndAllocation>
        <dataSourcesTreatmentAndRepresentativeness>
            <deviationsFromCutOffAndCompletenessPrinciples xml:lang="en">None.</deviationsFromCutOffAndCompletenessPrinciples>
            <deviationsFromSelectionAndCombinationPrinciples xml:lang="en">None.</deviationsFromSelectionAndCombinationPrinciples>
            <referenceToDataSource type="source data set" refObjectId="e8bed76c-bbb8-305a-b6e1-37fff94c1af5" version="01.00.000" uri="../sources/e8bed76c-bbb8-305a-b6e1-37fff94c1af5">
                <common:shortDescription xml:lang="en">Maureen Puetmann </common:shortDescription>
            </referenceToDataSource>
            <referenceToDataSource type="source data set" refObjectId="d55d7a18-d276-334d-b427-b08d4ca5440c" version="01.00.000" uri="../sources/d55d7a18-d276-334d-b427-b08d4ca5440c">
                <common:shortDescription xml:lang="en">Dr. Earl Kline </common:shortDescription>
            </referenceToDataSource>
            <referenceToDataSource type="source data set" refObjectId="c802869a-677e-3a91-8e5d-a5774bcb76c4" version="01.00.000" uri="../sources/c802869a-677e-3a91-8e5d-a5774bcb76c4">
                <common:shortDescription xml:lang="en">Leonard R. Johnson </common:shortDescription>
            </referenceToDataSource>
        </dataSourcesTreatmentAndRepresentativeness>
    </modellingAndValidation>
    <administrativeInformation>
        <dataGenerator>
            <common:referenceToPersonOrEntityGeneratingTheDataSet type="contact data set" refObjectId="0fd3778a-1e86-3dd2-a010-0d055620ef21" version="01.00.000" uri="../contacts/0fd3778a-1e86-3dd2-a010-0d055620ef21">
                <common:shortDescription xml:lang="en">Jamie Meil</common:shortDescription>
            </common:referenceToPersonOrEntityGeneratingTheDataSet>
        </dataGenerator>
        <dataEntryBy>
            <common:timeStamp>2018-04-11T15:59:37.266-06:00</common:timeStamp>
            <common:referenceToDataSetFormat type="source data set" refObjectId="a97a0155-0234-4b87-b4ce-a45da52f2a40" version="01.01.000" uri="../sources/a97a0155-0234-4b87-b4ce-a45da52f2a40_01.01.000.xml">
                <common:shortDescription xml:lang="en">ILCD format</common:shortDescription>
            </common:referenceToDataSetFormat>
            <common:referenceToPersonOrEntityEnteringTheData type="contact data set" refObjectId="0fd3778a-1e86-3dd2-a010-0d055620ef21" version="01.00.000" uri="../contacts/0fd3778a-1e86-3dd2-a010-0d055620ef21">
                <common:shortDescription xml:lang="en">Jamie Meil</common:shortDescription>
            </common:referenceToPersonOrEntityEnteringTheData>
        </dataEntryBy>
        <publicationAndOwnership>
            <common:dateOfLastRevision>2015-08-20T14:27:55.674-06:00</common:dateOfLastRevision>
            <common:dataSetVersion>00.00.000</common:dataSetVersion>
            <common:referenceToUnchangedRepublication type="source data set" refObjectId="d55d7a18-d276-334d-b427-b08d4ca5440c" version="01.00.000" uri="../sources/d55d7a18-d276-334d-b427-b08d4ca5440c">
                <common:shortDescription xml:lang="en">Dr. Earl Kline </common:shortDescription>
            </common:referenceToUnchangedRepublication>
            <common:copyright>true</common:copyright>
            <common:accessRestrictions xml:lang="en">All information can be accessed by everybody.</common:accessRestrictions>
        </publicationAndOwnership>
    </administrativeInformation>
    <exchanges>
        <exchange xmlns:olca="http://openlca.org/ilcd-extensions" dataSetInternalID="0" olca:unitId="20aadc24-a391-41cf-b340-3e4529f44bde" olca:propertyId="93a60a56-a3c8-11da-a746-0800200b9a66" olca:amount="1.0">
            <referenceToFlowDataSet type="flow data set" refObjectId="3dd4ac49-3a6e-3886-a04c-b5b95d41b4de" version="01.00.000" uri="../flows/3dd4ac49-3a6e-3886-a04c-b5b95d41b4de">
                <common:shortDescription xml:lang="en">Slack wax, at plant, US SE</common:shortDescription>
            </referenceToFlowDataSet>
            <exchangeDirection>Output</exchangeDirection>
            <meanAmount>1.0</meanAmount>
            <resultingAmount>1.0</resultingAmount>
        </exchange>
        <exchange xmlns:olca="http://openlca.org/ilcd-extensions" dataSetInternalID="11" olca:unitId="20aadc24-a391-41cf-b340-3e4529f44bde" olca:propertyId="93a60a56-a3c8-11da-a746-0800200b9a66" olca:amount="2.5E-5">
            <referenceToFlowDataSet type="flow data set" refObjectId="442eafa0-6c75-3094-a775-a7111ce24591" version="01.00.000" uri="../flows/442eafa0-6c75-3094-a775-a7111ce24591">
                <common:shortDescription xml:lang="en">Acids, unspecified</common:shortDescription>
            </referenceToFlowDataSet>
            <exchangeDirection>Output</exchangeDirection>
            <meanAmount>2.5E-5</meanAmount>
            <resultingAmount>2.5E-5</resultingAmount>
        </exchange>
        <exchange xmlns:olca="http://openlca.org/ilcd-extensions" dataSetInternalID="6" olca:unitId="20aadc24-a391-41cf-b340-3e4529f44bde" olca:propertyId="93a60a56-a3c8-11da-a746-0800200b9a66" olca:amount="1.0E-5">
            <referenceToFlowDataSet type="flow data set" refObjectId="33d5907f-322f-336d-b23f-f2959923f99f" version="01.00.000" uri="../flows/33d5907f-322f-336d-b23f-f2959923f99f">
                <common:shortDescription xml:lang="en">COD, Chemical Oxygen Demand</common:shortDescription>
            </referenceToFlowDataSet>
            <exchangeDirection>Output</exchangeDirection>
            <meanAmount>1.0E-5</meanAmount>
            <resultingAmount>1.0E-5</resultingAmount>
        </exchange>
        <exchange xmlns:olca="http://openlca.org/ilcd-extensions" dataSetInternalID="9" olca:unitId="20aadc24-a391-41cf-b340-3e4529f44bde" olca:propertyId="93a60a56-a3c8-11da-a746-0800200b9a66" olca:amount="5.0E-5">
            <referenceToFlowDataSet type="flow data set" refObjectId="91c6fb89-85ed-310b-8197-fb35a753bd97" version="01.00.000" uri="../flows/91c6fb89-85ed-310b-8197-fb35a753bd97">
                <common:shortDescription xml:lang="en">Suspended solids, unspecified</common:shortDescription>
            </referenceToFlowDataSet>
            <exchangeDirection>Output</exchangeDirection>
            <meanAmount>5.0E-5</meanAmount>
            <resultingAmount>5.0E-5</resultingAmount>
        </exchange>
        <exchange xmlns:olca="http://openlca.org/ilcd-extensions" dataSetInternalID="7" olca:unitId="20aadc24-a391-41cf-b340-3e4529f44bde" olca:propertyId="93a60a56-a3c8-11da-a746-0800200b9a66" olca:amount="5.0E-6">
            <referenceToFlowDataSet type="flow data set" refObjectId="16a0fc94-eaec-315c-9f2f-328d8833dcad" version="01.00.000" uri="../flows/16a0fc94-eaec-315c-9f2f-328d8833dcad">
                <common:shortDescription xml:lang="en">BOD5, Biological Oxygen Demand</common:shortDescription>
            </referenceToFlowDataSet>
            <exchangeDirection>Output</exchangeDirection>
            <meanAmount>5.0E-6</meanAmount>
            <resultingAmount>5.0E-6</resultingAmount>
        </exchange>
        <exchange xmlns:olca="http://openlca.org/ilcd-extensions" dataSetInternalID="13" olca:unitId="0dea4ed8-bb6b-4049-b2b4-b2c413ef2180" olca:propertyId="838aaa20-0117-11db-92e3-0800200c9a66" olca:amount="2.3">
            <referenceToFlowDataSet type="flow data set" refObjectId="2afb4e2f-b224-3900-956f-03e3f27b276b" version="01.00.000" uri="../flows/2afb4e2f-b224-3900-956f-03e3f27b276b">
                <common:shortDescription xml:lang="en">Transport, combination truck, average fuel mix</common:shortDescription>
            </referenceToFlowDataSet>
            <exchangeDirection>Input</exchangeDirection>
            <meanAmount>2.3</meanAmount>
            <resultingAmount>2.3</resultingAmount>
        </exchange>
        <exchange xmlns:olca="http://openlca.org/ilcd-extensions" dataSetInternalID="14" olca:unitId="1c3a9695-398d-4b1f-b07e-a8715b610f70" olca:propertyId="93a60a56-a3c8-22da-a746-0800200c9a66" olca:amount="7.05E-5">
            <referenceToFlowDataSet type="flow data set" refObjectId="bb1dc159-fe13-3f8e-8197-361e8c770ba3" version="01.00.000" uri="../flows/bb1dc159-fe13-3f8e-8197-361e8c770ba3">
                <common:shortDescription xml:lang="en">Natural gas, combusted in industrial boiler</common:shortDescription>
            </referenceToFlowDataSet>
            <exchangeDirection>Input</exchangeDirection>
            <meanAmount>7.05E-5</meanAmount>
            <resultingAmount>7.05E-5</resultingAmount>
        </exchange>
        <exchange xmlns:olca="http://openlca.org/ilcd-extensions" dataSetInternalID="8" olca:unitId="20aadc24-a391-41cf-b340-3e4529f44bde" olca:propertyId="93a60a56-a3c8-11da-a746-0800200b9a66" olca:amount="3.63E-4">
            <referenceToFlowDataSet type="flow data set" refObjectId="d25cd0b7-4fc5-3be0-88d3-2d661482fde2" version="01.00.000" uri="../flows/d25cd0b7-4fc5-3be0-88d3-2d661482fde2">
                <common:shortDescription xml:lang="en">Methane </common:shortDescription>
            </referenceToFlowDataSet>
            <exchangeDirection>Output</exchangeDirection>
            <meanAmount>3.63E-4</meanAmount>
            <resultingAmount>3.63E-4</resultingAmount>
        </exchange>
        <exchange xmlns:olca="http://openlca.org/ilcd-extensions" dataSetInternalID="1" olca:unitId="20aadc24-a391-41cf-b340-3e4529f44bde" olca:propertyId="93a60a56-a3c8-11da-a746-0800200b9a66" olca:amount="0.149">
            <referenceToFlowDataSet type="flow data set" refObjectId="b641465b-5594-34f2-a9f8-72ceb302de17" version="01.00.000" uri="../flows/b641465b-5594-34f2-a9f8-72ceb302de17">
                <common:shortDescription xml:lang="en">Particulates, unspecified</common:shortDescription>
            </referenceToFlowDataSet>
            <exchangeDirection>Output</exchangeDirection>
            <meanAmount>0.149</meanAmount>
            <resultingAmount>0.149</resultingAmount>
        </exchange>
        <exchange xmlns:olca="http://openlca.org/ilcd-extensions" dataSetInternalID="5" olca:unitId="20aadc24-a391-41cf-b340-3e4529f44bde" olca:propertyId="93a60a56-a3c8-11da-a746-0800200b9a66" olca:amount="0.00595">
            <referenceToFlowDataSet type="flow data set" refObjectId="1827a862-ccac-37ac-9ad7-d2dffe71058c" version="01.00.000" uri="../flows/1827a862-ccac-37ac-9ad7-d2dffe71058c">
                <common:shortDescription xml:lang="en">Nitrogen oxides </common:shortDescription>
            </referenceToFlowDataSet>
            <exchangeDirection>Output</exchangeDirection>
            <meanAmount>0.00595</meanAmount>
            <resultingAmount>0.00595</resultingAmount>
        </exchange>
        <exchange xmlns:olca="http://openlca.org/ilcd-extensions" dataSetInternalID="10" olca:unitId="20aadc24-a391-41cf-b340-3e4529f44bde" olca:propertyId="93a60a56-a3c8-11da-a746-0800200b9a66" olca:amount="1.6E-5">
            <referenceToFlowDataSet type="flow data set" refObjectId="b500ed1b-1495-3d9d-b3b5-c09ca46f9d4c" version="01.00.000" uri="../flows/b500ed1b-1495-3d9d-b3b5-c09ca46f9d4c">
                <common:shortDescription xml:lang="en">Dissolved organic matter</common:shortDescription>
            </referenceToFlowDataSet>
            <exchangeDirection>Output</exchangeDirection>
            <meanAmount>1.6E-5</meanAmount>
            <resultingAmount>1.6E-5</resultingAmount>
        </exchange>
        <exchange xmlns:olca="http://openlca.org/ilcd-extensions" dataSetInternalID="3" olca:unitId="20aadc24-a391-41cf-b340-3e4529f44bde" olca:propertyId="93a60a56-a3c8-11da-a746-0800200b9a66" olca:amount="0.0535">
            <referenceToFlowDataSet type="flow data set" refObjectId="80c9c183-6e8e-3cba-a608-1d70820c3ce9" version="01.00.000" uri="../flows/80c9c183-6e8e-3cba-a608-1d70820c3ce9">
                <common:shortDescription xml:lang="en">Carbon monoxide</common:shortDescription>
            </referenceToFlowDataSet>
            <exchangeDirection>Output</exchangeDirection>
            <meanAmount>0.0535</meanAmount>
            <resultingAmount>0.0535</resultingAmount>
        </exchange>
        <exchange xmlns:olca="http://openlca.org/ilcd-extensions" dataSetInternalID="2" olca:unitId="20aadc24-a391-41cf-b340-3e4529f44bde" olca:propertyId="93a60a56-a3c8-11da-a746-0800200b9a66" olca:amount="2.8E-4">
            <referenceToFlowDataSet type="flow data set" refObjectId="6d7370f7-fb61-3b21-a1c8-f4b03a482455" version="01.00.000" uri="../flows/6d7370f7-fb61-3b21-a1c8-f4b03a482455">
                <common:shortDescription xml:lang="en">CUTOFF Disposal, chemical waste, unspecified, to residual material landfill</common:shortDescription>
            </referenceToFlowDataSet>
            <exchangeDirection>Input</exchangeDirection>
            <meanAmount>2.8E-4</meanAmount>
            <resultingAmount>2.8E-4</resultingAmount>
        </exchange>
        <exchange xmlns:olca="http://openlca.org/ilcd-extensions" dataSetInternalID="15" olca:unitId="b80a512e-e402-4363-8ad0-7d02dcf4a459" olca:propertyId="93a60a56-a3c8-22da-a746-0800200c9a66" olca:amount="0.0322">
            <referenceToFlowDataSet type="flow data set" refObjectId="e04995fa-935b-316c-b112-5b436c8ea3d6" version="01.00.000" uri="../flows/e04995fa-935b-316c-b112-5b436c8ea3d6">
                <common:shortDescription xml:lang="en">Diesel, combusted in industrial boiler</common:shortDescription>
            </referenceToFlowDataSet>
            <exchangeDirection>Input</exchangeDirection>
            <meanAmount>3.2200000000000003E-5</meanAmount>
            <resultingAmount>3.2200000000000003E-5</resultingAmount>
        </exchange>
        <exchange xmlns:olca="http://openlca.org/ilcd-extensions" dataSetInternalID="12" olca:unitId="20aadc24-a391-41cf-b340-3e4529f44bde" olca:propertyId="93a60a56-a3c8-11da-a746-0800200b9a66" olca:amount="1.02">
            <referenceToFlowDataSet type="flow data set" refObjectId="efeff2cc-8166-3237-b6a5-5fbf2cb1ffe1" version="01.00.000" uri="../flows/efeff2cc-8166-3237-b6a5-5fbf2cb1ffe1">
                <common:shortDescription xml:lang="en">Crude oil, at production</common:shortDescription>
            </referenceToFlowDataSet>
            <exchangeDirection>Input</exchangeDirection>
            <meanAmount>1.02</meanAmount>
            <resultingAmount>1.02</resultingAmount>
            <generalComment xml:lang="en">Used as feedstock</generalComment>
        </exchange>
        <exchange xmlns:olca="http://openlca.org/ilcd-extensions" dataSetInternalID="4" olca:unitId="86ad2244-1f0e-4912-af53-7865283103e4" olca:propertyId="f6811440-ee37-11de-8a39-0800200c9a66" olca:amount="0.00278">
            <referenceToFlowDataSet type="flow data set" refObjectId="766b3f0d-60bc-3240-8d0f-73d22ef2a42a" version="01.00.000" uri="../flows/766b3f0d-60bc-3240-8d0f-73d22ef2a42a">
                <common:shortDescription xml:lang="en">Electricity, at grid, Eastern US, 2000</common:shortDescription>
            </referenceToFlowDataSet>
            <exchangeDirection>Input</exchangeDirection>
            <meanAmount>0.010008</meanAmount>
            <resultingAmount>0.010008</resultingAmount>
        </exchange>
    </exchanges>
</processDataSet>
