<?xml version="1.0" encoding="UTF-8" standalone="yes"?>
<processDataSet xmlns:m="http://lca.jrc.it/ILCD/LCIAMethod" xmlns:common="http://lca.jrc.it/ILCD/Common" xmlns:s="http://lca.jrc.it/ILCD/Source" xmlns:c="http://lca.jrc.it/ILCD/Contact" xmlns:f="http://lca.jrc.it/ILCD/Flow" xmlns="http://lca.jrc.it/ILCD/Process" xmlns:fp="http://lca.jrc.it/ILCD/FlowProperty" xmlns:u="http://lca.jrc.it/ILCD/UnitGroup" version="1.1">
    <processInformation>
        <dataSetInformation>
            <common:UUID>3a287ab1-de41-3e89-bf5a-be7f3b97281b</common:UUID>
            <name>
                <baseName xml:lang="en">Melamine urea formaldehyde hardener, at plant</baseName>
            </name>
            <classificationInformation>
                <common:classification>
                    <common:class level="0" classId="aace7bf8-a0e3-3515-8b6c-2c4211ad420b">Chemical Manufacturing</common:class>
                    <common:class level="1" classId="68275e00-777d-3b4b-9123-7b5245f22dbf">Plastics Material and Resin Manufacturing</common:class>
                </common:classification>
            </classificationInformation>
        </dataSetInformation>
        <quantitativeReference type="Reference flow(s)">
            <referenceToReferenceFlow>0</referenceToReferenceFlow>
        </quantitativeReference>
        <time xmlns:olca="http://openlca.org/ilcd-extensions" olca:startDate="253370703600000" olca:endDate="253370703600000">
            <common:referenceYear>9998</common:referenceYear>
            <common:dataSetValidUntil>9998</common:dataSetValidUntil>
        </time>
        <geography>
            <locationOfOperationSupplyOrProduction location="RNA" latitudeAndLongitude="58.71,-91.96">
                <descriptionOfRestrictions xml:lang="en">US Southeast</descriptionOfRestrictions>
            </locationOfOperationSupplyOrProduction>
        </geography>
        <technology>
            <technologyDescriptionAndIncludedProcesses xml:lang="en">Typical</technologyDescriptionAndIncludedProcesses>
        </technology>
    </processInformation>
    <modellingAndValidation>
        <LCIMethodAndAllocation>
            <typeOfDataSet>Unit process, black box</typeOfDataSet>
            <LCIMethodPrinciple>Other</LCIMethodPrinciple>
        </LCIMethodAndAllocation>
        <dataSourcesTreatmentAndRepresentativeness>
            <deviationsFromCutOffAndCompletenessPrinciples xml:lang="en">None.</deviationsFromCutOffAndCompletenessPrinciples>
            <deviationsFromSelectionAndCombinationPrinciples xml:lang="en">None.</deviationsFromSelectionAndCombinationPrinciples>
            <referenceToDataSource type="source data set" refObjectId="3a6ec1e1-e312-36ce-8d55-3c167fadd62e" version="01.00.000" uri="../sources/3a6ec1e1-e312-36ce-8d55-3c167fadd62e">
                <common:shortDescription xml:lang="en">Maureen E. Puettman </common:shortDescription>
            </referenceToDataSource>
        </dataSourcesTreatmentAndRepresentativeness>
    </modellingAndValidation>
    <administrativeInformation>
        <dataGenerator>
            <common:referenceToPersonOrEntityGeneratingTheDataSet type="contact data set" refObjectId="0fd3778a-1e86-3dd2-a010-0d055620ef21" version="01.00.000" uri="../contacts/0fd3778a-1e86-3dd2-a010-0d055620ef21">
                <common:shortDescription xml:lang="en">Jamie Meil</common:shortDescription>
            </common:referenceToPersonOrEntityGeneratingTheDataSet>
        </dataGenerator>
        <dataEntryBy>
            <common:timeStamp>2018-04-11T15:59:37.359-06:00</common:timeStamp>
            <common:referenceToDataSetFormat type="source data set" refObjectId="a97a0155-0234-4b87-b4ce-a45da52f2a40" version="01.01.000" uri="../sources/a97a0155-0234-4b87-b4ce-a45da52f2a40_01.01.000.xml">
                <common:shortDescription xml:lang="en">ILCD format</common:shortDescription>
            </common:referenceToDataSetFormat>
            <common:referenceToPersonOrEntityEnteringTheData type="contact data set" refObjectId="0fd3778a-1e86-3dd2-a010-0d055620ef21" version="01.00.000" uri="../contacts/0fd3778a-1e86-3dd2-a010-0d055620ef21">
                <common:shortDescription xml:lang="en">Jamie Meil</common:shortDescription>
            </common:referenceToPersonOrEntityEnteringTheData>
        </dataEntryBy>
        <publicationAndOwnership>
            <common:dateOfLastRevision>2013-10-22T14:02:26.000-06:00</common:dateOfLastRevision>
            <common:dataSetVersion>00.00.000</common:dataSetVersion>
            <common:referenceToUnchangedRepublication type="source data set" refObjectId="3a6ec1e1-e312-36ce-8d55-3c167fadd62e" version="01.00.000" uri="../sources/3a6ec1e1-e312-36ce-8d55-3c167fadd62e">
                <common:shortDescription xml:lang="en">Maureen E. Puettman </common:shortDescription>
            </common:referenceToUnchangedRepublication>
            <common:copyright>true</common:copyright>
            <common:accessRestrictions xml:lang="en">All information can be accessed by everybody.</common:accessRestrictions>
        </publicationAndOwnership>
    </administrativeInformation>
    <exchanges>
        <exchange xmlns:olca="http://openlca.org/ilcd-extensions" dataSetInternalID="0" olca:unitId="20aadc24-a391-41cf-b340-3e4529f44bde" olca:propertyId="93a60a56-a3c8-11da-a746-0800200b9a66" olca:amount="1.0">
            <referenceToFlowDataSet type="flow data set" refObjectId="1161a48b-0650-3b74-9c13-09e121281ed8" version="01.00.000" uri="../flows/1161a48b-0650-3b74-9c13-09e121281ed8">
                <common:shortDescription xml:lang="en">Melamine urea formaldehyde hardener, at plant</common:shortDescription>
            </referenceToFlowDataSet>
            <exchangeDirection>Output</exchangeDirection>
            <meanAmount>1.0</meanAmount>
            <resultingAmount>1.0</resultingAmount>
        </exchange>
        <exchange xmlns:olca="http://openlca.org/ilcd-extensions" dataSetInternalID="4" olca:unitId="20aadc24-a391-41cf-b340-3e4529f44bde" olca:propertyId="93a60a56-a3c8-11da-a746-0800200b9a66" olca:amount="1.0E-6">
            <referenceToFlowDataSet type="flow data set" refObjectId="410492c4-d5d3-3a3a-9f69-a64448982778" version="01.00.000" uri="../flows/410492c4-d5d3-3a3a-9f69-a64448982778">
                <common:shortDescription xml:lang="en">Phosphate</common:shortDescription>
            </referenceToFlowDataSet>
            <exchangeDirection>Output</exchangeDirection>
            <meanAmount>1.0E-6</meanAmount>
            <resultingAmount>1.0E-6</resultingAmount>
        </exchange>
        <exchange xmlns:olca="http://openlca.org/ilcd-extensions" dataSetInternalID="33" olca:unitId="20aadc24-a391-41cf-b340-3e4529f44bde" olca:propertyId="93a60a56-a3c8-11da-a746-0800200b9a66" olca:amount="0.00252">
            <referenceToFlowDataSet type="flow data set" refObjectId="d25cd0b7-4fc5-3be0-88d3-2d661482fde2" version="01.00.000" uri="../flows/d25cd0b7-4fc5-3be0-88d3-2d661482fde2">
                <common:shortDescription xml:lang="en">Methane </common:shortDescription>
            </referenceToFlowDataSet>
            <exchangeDirection>Output</exchangeDirection>
            <meanAmount>0.00252</meanAmount>
            <resultingAmount>0.00252</resultingAmount>
        </exchange>
        <exchange xmlns:olca="http://openlca.org/ilcd-extensions" dataSetInternalID="24" olca:unitId="20aadc24-a391-41cf-b340-3e4529f44bde" olca:propertyId="93a60a56-a3c8-11da-a746-0800200b9a66" olca:amount="1.0E-6">
            <referenceToFlowDataSet type="flow data set" refObjectId="7052b271-cf8a-31bd-9d02-c15b03ed2346" version="01.00.000" uri="../flows/7052b271-cf8a-31bd-9d02-c15b03ed2346">
                <common:shortDescription xml:lang="en">Ammonium, ion</common:shortDescription>
            </referenceToFlowDataSet>
            <exchangeDirection>Output</exchangeDirection>
            <meanAmount>1.0E-6</meanAmount>
            <resultingAmount>1.0E-6</resultingAmount>
        </exchange>
        <exchange xmlns:olca="http://openlca.org/ilcd-extensions" dataSetInternalID="34" olca:unitId="20aadc24-a391-41cf-b340-3e4529f44bde" olca:propertyId="93a60a56-a3c8-11da-a746-0800200b9a66" olca:amount="9.0E-6">
            <referenceToFlowDataSet type="flow data set" refObjectId="608bad76-918a-3d91-8858-a3c7517deace" version="01.00.000" uri="../flows/608bad76-918a-3d91-8858-a3c7517deace">
                <common:shortDescription xml:lang="en">Nitrogen, total</common:shortDescription>
            </referenceToFlowDataSet>
            <exchangeDirection>Output</exchangeDirection>
            <meanAmount>9.0E-6</meanAmount>
            <resultingAmount>9.0E-6</resultingAmount>
        </exchange>
        <exchange xmlns:olca="http://openlca.org/ilcd-extensions" dataSetInternalID="20" olca:unitId="20aadc24-a391-41cf-b340-3e4529f44bde" olca:propertyId="93a60a56-a3c8-11da-a746-0800200b9a66" olca:amount="0.0084">
            <referenceToFlowDataSet type="flow data set" refObjectId="ea800b8c-31ed-3349-b088-bf1a6090eff1" version="01.00.000" uri="../flows/ea800b8c-31ed-3349-b088-bf1a6090eff1">
                <common:shortDescription xml:lang="en">Nitrogen, in air</common:shortDescription>
            </referenceToFlowDataSet>
            <exchangeDirection>Input</exchangeDirection>
            <meanAmount>0.0084</meanAmount>
            <resultingAmount>0.0084</resultingAmount>
        </exchange>
        <exchange xmlns:olca="http://openlca.org/ilcd-extensions" dataSetInternalID="17" olca:unitId="20aadc24-a391-41cf-b340-3e4529f44bde" olca:propertyId="93a60a56-a3c8-11da-a746-0800200b9a66" olca:amount="2.3E-5">
            <referenceToFlowDataSet type="flow data set" refObjectId="562c7271-4b04-3929-aa0c-5c7cd03bdfa2" version="01.00.000" uri="../flows/562c7271-4b04-3929-aa0c-5c7cd03bdfa2">
                <common:shortDescription xml:lang="en">Dinitrogen monoxide</common:shortDescription>
            </referenceToFlowDataSet>
            <exchangeDirection>Output</exchangeDirection>
            <meanAmount>2.3E-5</meanAmount>
            <resultingAmount>2.3E-5</resultingAmount>
        </exchange>
        <exchange xmlns:olca="http://openlca.org/ilcd-extensions" dataSetInternalID="12" olca:unitId="20aadc24-a391-41cf-b340-3e4529f44bde" olca:propertyId="93a60a56-a3c8-11da-a746-0800200b9a66" olca:amount="0.0024">
            <referenceToFlowDataSet type="flow data set" refObjectId="8ea4c7d5-472d-3f8e-b3a3-c65e9aa08ac0" version="01.00.000" uri="../flows/8ea4c7d5-472d-3f8e-b3a3-c65e9aa08ac0">
                <common:shortDescription xml:lang="en">Methanol</common:shortDescription>
            </referenceToFlowDataSet>
            <exchangeDirection>Output</exchangeDirection>
            <meanAmount>0.0024</meanAmount>
            <resultingAmount>0.0024</resultingAmount>
        </exchange>
        <exchange xmlns:olca="http://openlca.org/ilcd-extensions" dataSetInternalID="19" olca:unitId="20aadc24-a391-41cf-b340-3e4529f44bde" olca:propertyId="93a60a56-a3c8-11da-a746-0800200b9a66" olca:amount="7.8E-4">
            <referenceToFlowDataSet type="flow data set" refObjectId="eaa92d6e-9465-30be-b7ce-cd1deea74e6b" version="01.00.000" uri="../flows/eaa92d6e-9465-30be-b7ce-cd1deea74e6b">
                <common:shortDescription xml:lang="en">Calcium carbonate, in ground</common:shortDescription>
            </referenceToFlowDataSet>
            <exchangeDirection>Input</exchangeDirection>
            <meanAmount>7.8E-4</meanAmount>
            <resultingAmount>7.8E-4</resultingAmount>
        </exchange>
        <exchange xmlns:olca="http://openlca.org/ilcd-extensions" dataSetInternalID="26" olca:unitId="20aadc24-a391-41cf-b340-3e4529f44bde" olca:propertyId="93a60a56-a3c8-11da-a746-0800200b9a66" olca:amount="0.2296">
            <referenceToFlowDataSet type="flow data set" refObjectId="270b5047-31df-3a92-aea4-2b79e7f2dccb" version="01.00.000" uri="../flows/270b5047-31df-3a92-aea4-2b79e7f2dccb">
                <common:shortDescription xml:lang="en">Sodium chloride, in ground</common:shortDescription>
            </referenceToFlowDataSet>
            <exchangeDirection>Input</exchangeDirection>
            <meanAmount>0.2296</meanAmount>
            <resultingAmount>0.2296</resultingAmount>
        </exchange>
        <exchange xmlns:olca="http://openlca.org/ilcd-extensions" dataSetInternalID="28" olca:unitId="20aadc24-a391-41cf-b340-3e4529f44bde" olca:propertyId="93a60a56-a3c8-11da-a746-0800200b9a66" olca:amount="0.53948">
            <referenceToFlowDataSet type="flow data set" refObjectId="aacc62a2-f89d-3427-a34e-240d834b1860" version="01.00.000" uri="../flows/aacc62a2-f89d-3427-a34e-240d834b1860">
                <common:shortDescription xml:lang="en">Coal, bituminous, 24.8 MJ per kg, in ground</common:shortDescription>
            </referenceToFlowDataSet>
            <exchangeDirection>Input</exchangeDirection>
            <meanAmount>0.53948</meanAmount>
            <resultingAmount>0.53948</resultingAmount>
        </exchange>
        <exchange xmlns:olca="http://openlca.org/ilcd-extensions" dataSetInternalID="29" olca:unitId="20aadc24-a391-41cf-b340-3e4529f44bde" olca:propertyId="93a60a56-a3c8-11da-a746-0800200b9a66" olca:amount="4.92E-4">
            <referenceToFlowDataSet type="flow data set" refObjectId="93ebc557-2901-3beb-9d3a-e57f66ec252b" version="01.00.000" uri="../flows/93ebc557-2901-3beb-9d3a-e57f66ec252b">
                <common:shortDescription xml:lang="en">Sodium, ion</common:shortDescription>
            </referenceToFlowDataSet>
            <exchangeDirection>Output</exchangeDirection>
            <meanAmount>4.92E-4</meanAmount>
            <resultingAmount>4.92E-4</resultingAmount>
        </exchange>
        <exchange xmlns:olca="http://openlca.org/ilcd-extensions" dataSetInternalID="11" olca:unitId="20aadc24-a391-41cf-b340-3e4529f44bde" olca:propertyId="93a60a56-a3c8-11da-a746-0800200b9a66" olca:amount="5.8E-5">
            <referenceToFlowDataSet type="flow data set" refObjectId="720a5d3b-4daa-33a0-9558-c92a65eae228" version="01.00.000" uri="../flows/720a5d3b-4daa-33a0-9558-c92a65eae228">
                <common:shortDescription xml:lang="en">Hydrocarbons, unspecified</common:shortDescription>
            </referenceToFlowDataSet>
            <exchangeDirection>Output</exchangeDirection>
            <meanAmount>5.8E-5</meanAmount>
            <resultingAmount>5.8E-5</resultingAmount>
        </exchange>
        <exchange xmlns:olca="http://openlca.org/ilcd-extensions" dataSetInternalID="18" olca:unitId="20aadc24-a391-41cf-b340-3e4529f44bde" olca:propertyId="93a60a56-a3c8-11da-a746-0800200b9a66" olca:amount="5.65E-4">
            <referenceToFlowDataSet type="flow data set" refObjectId="14dde4c7-2655-3a40-897a-1a8fa48c777a" version="01.00.000" uri="../flows/14dde4c7-2655-3a40-897a-1a8fa48c777a">
                <common:shortDescription xml:lang="en">VOC, volatile organic compounds</common:shortDescription>
            </referenceToFlowDataSet>
            <exchangeDirection>Output</exchangeDirection>
            <meanAmount>5.65E-4</meanAmount>
            <resultingAmount>5.65E-4</resultingAmount>
        </exchange>
        <exchange xmlns:olca="http://openlca.org/ilcd-extensions" dataSetInternalID="15" olca:unitId="20aadc24-a391-41cf-b340-3e4529f44bde" olca:propertyId="93a60a56-a3c8-11da-a746-0800200b9a66" olca:amount="0.00127">
            <referenceToFlowDataSet type="flow data set" refObjectId="4dfe3668-4ef5-348b-b088-95280cef6201" version="01.00.000" uri="../flows/4dfe3668-4ef5-348b-b088-95280cef6201">
                <common:shortDescription xml:lang="en">Uranium, in ground</common:shortDescription>
            </referenceToFlowDataSet>
            <exchangeDirection>Input</exchangeDirection>
            <meanAmount>0.00127</meanAmount>
            <resultingAmount>0.00127</resultingAmount>
        </exchange>
        <exchange xmlns:olca="http://openlca.org/ilcd-extensions" dataSetInternalID="25" olca:unitId="20aadc24-a391-41cf-b340-3e4529f44bde" olca:propertyId="93a60a56-a3c8-11da-a746-0800200b9a66" olca:amount="4.0E-6">
            <referenceToFlowDataSet type="flow data set" refObjectId="c3b0146d-ff46-3105-908f-bed7960d1299" version="01.00.000" uri="../flows/c3b0146d-ff46-3105-908f-bed7960d1299">
                <common:shortDescription xml:lang="en">Cadmium, ion</common:shortDescription>
            </referenceToFlowDataSet>
            <exchangeDirection>Output</exchangeDirection>
            <meanAmount>4.0E-6</meanAmount>
            <resultingAmount>4.0E-6</resultingAmount>
        </exchange>
        <exchange xmlns:olca="http://openlca.org/ilcd-extensions" dataSetInternalID="1" olca:unitId="20aadc24-a391-41cf-b340-3e4529f44bde" olca:propertyId="93a60a56-a3c8-11da-a746-0800200b9a66" olca:amount="0.00465">
            <referenceToFlowDataSet type="flow data set" refObjectId="82fad29c-841d-3081-a092-25a3417f7651" version="01.00.000" uri="../flows/82fad29c-841d-3081-a092-25a3417f7651">
                <common:shortDescription xml:lang="en">Hydrocarbons, unspecified</common:shortDescription>
            </referenceToFlowDataSet>
            <exchangeDirection>Output</exchangeDirection>
            <meanAmount>0.00465</meanAmount>
            <resultingAmount>0.00465</resultingAmount>
        </exchange>
        <exchange xmlns:olca="http://openlca.org/ilcd-extensions" dataSetInternalID="7" olca:unitId="20aadc24-a391-41cf-b340-3e4529f44bde" olca:propertyId="93a60a56-a3c8-11da-a746-0800200b9a66" olca:amount="1.8E-5">
            <referenceToFlowDataSet type="flow data set" refObjectId="16a0fc94-eaec-315c-9f2f-328d8833dcad" version="01.00.000" uri="../flows/16a0fc94-eaec-315c-9f2f-328d8833dcad">
                <common:shortDescription xml:lang="en">BOD5, Biological Oxygen Demand</common:shortDescription>
            </referenceToFlowDataSet>
            <exchangeDirection>Output</exchangeDirection>
            <meanAmount>1.8E-5</meanAmount>
            <resultingAmount>1.8E-5</resultingAmount>
        </exchange>
        <exchange xmlns:olca="http://openlca.org/ilcd-extensions" dataSetInternalID="6" olca:unitId="20aadc24-a391-41cf-b340-3e4529f44bde" olca:propertyId="93a60a56-a3c8-11da-a746-0800200b9a66" olca:amount="1.8E-4">
            <referenceToFlowDataSet type="flow data set" refObjectId="05c5a907-1a8b-3810-bb1a-ea297a61846a" version="01.00.000" uri="../flows/05c5a907-1a8b-3810-bb1a-ea297a61846a">
                <common:shortDescription xml:lang="en">Metallic ions, unspecified</common:shortDescription>
            </referenceToFlowDataSet>
            <exchangeDirection>Output</exchangeDirection>
            <meanAmount>1.8E-4</meanAmount>
            <resultingAmount>1.8E-4</resultingAmount>
        </exchange>
        <exchange xmlns:olca="http://openlca.org/ilcd-extensions" dataSetInternalID="8" olca:unitId="20aadc24-a391-41cf-b340-3e4529f44bde" olca:propertyId="93a60a56-a3c8-11da-a746-0800200b9a66" olca:amount="1.35">
            <referenceToFlowDataSet type="flow data set" refObjectId="5e738bf0-6bfe-3acd-8dcb-c74fe4f18b53" version="01.00.000" uri="../flows/5e738bf0-6bfe-3acd-8dcb-c74fe4f18b53">
                <common:shortDescription xml:lang="en">carbon dioxide</common:shortDescription>
            </referenceToFlowDataSet>
            <exchangeDirection>Output</exchangeDirection>
            <meanAmount>1.35</meanAmount>
            <resultingAmount>1.35</resultingAmount>
        </exchange>
        <exchange xmlns:olca="http://openlca.org/ilcd-extensions" dataSetInternalID="22" olca:unitId="20aadc24-a391-41cf-b340-3e4529f44bde" olca:propertyId="93a60a56-a3c8-11da-a746-0800200b9a66" olca:amount="0.00124">
            <referenceToFlowDataSet type="flow data set" refObjectId="33d5907f-322f-336d-b23f-f2959923f99f" version="01.00.000" uri="../flows/33d5907f-322f-336d-b23f-f2959923f99f">
                <common:shortDescription xml:lang="en">COD, Chemical Oxygen Demand</common:shortDescription>
            </referenceToFlowDataSet>
            <exchangeDirection>Output</exchangeDirection>
            <meanAmount>0.00124</meanAmount>
            <resultingAmount>0.00124</resultingAmount>
        </exchange>
        <exchange xmlns:olca="http://openlca.org/ilcd-extensions" dataSetInternalID="32" olca:unitId="20aadc24-a391-41cf-b340-3e4529f44bde" olca:propertyId="93a60a56-a3c8-11da-a746-0800200b9a66" olca:amount="1.6E-5">
            <referenceToFlowDataSet type="flow data set" refObjectId="bd1b1118-6b87-3c2c-9bca-15efa8068aa3" version="01.00.000" uri="../flows/bd1b1118-6b87-3c2c-9bca-15efa8068aa3">
                <common:shortDescription xml:lang="en">PAH, polycyclic aromatic hydrocarbons</common:shortDescription>
            </referenceToFlowDataSet>
            <exchangeDirection>Output</exchangeDirection>
            <meanAmount>1.6E-5</meanAmount>
            <resultingAmount>1.6E-5</resultingAmount>
        </exchange>
        <exchange xmlns:olca="http://openlca.org/ilcd-extensions" dataSetInternalID="9" olca:unitId="20aadc24-a391-41cf-b340-3e4529f44bde" olca:propertyId="93a60a56-a3c8-11da-a746-0800200b9a66" olca:amount="0.00303">
            <referenceToFlowDataSet type="flow data set" refObjectId="80c9c183-6e8e-3cba-a608-1d70820c3ce9" version="01.00.000" uri="../flows/80c9c183-6e8e-3cba-a608-1d70820c3ce9">
                <common:shortDescription xml:lang="en">Carbon monoxide</common:shortDescription>
            </referenceToFlowDataSet>
            <exchangeDirection>Output</exchangeDirection>
            <meanAmount>0.00303</meanAmount>
            <resultingAmount>0.00303</resultingAmount>
        </exchange>
        <exchange xmlns:olca="http://openlca.org/ilcd-extensions" dataSetInternalID="14" olca:unitId="20aadc24-a391-41cf-b340-3e4529f44bde" olca:propertyId="93a60a56-a3c8-11da-a746-0800200b9a66" olca:amount="0.45035">
            <referenceToFlowDataSet type="flow data set" refObjectId="fdd673b7-d983-3996-9fde-a8d81f3b3b7d" version="01.00.000" uri="../flows/fdd673b7-d983-3996-9fde-a8d81f3b3b7d">
                <common:shortDescription xml:lang="en">Oil, crude, in ground</common:shortDescription>
            </referenceToFlowDataSet>
            <exchangeDirection>Input</exchangeDirection>
            <meanAmount>0.45035</meanAmount>
            <resultingAmount>0.45035</resultingAmount>
            <generalComment xml:lang="en">The original data was in terms of volume. This was changed to mass using a conversion factor of 850 kg/m3</generalComment>
        </exchange>
        <exchange xmlns:olca="http://openlca.org/ilcd-extensions" dataSetInternalID="27" olca:unitId="20aadc24-a391-41cf-b340-3e4529f44bde" olca:propertyId="93a60a56-a3c8-11da-a746-0800200b9a66" olca:amount="0.19749">
            <referenceToFlowDataSet type="flow data set" refObjectId="36065054-8ef1-3ba0-8c53-dbe92db75be1" version="01.00.000" uri="../flows/36065054-8ef1-3ba0-8c53-dbe92db75be1">
                <common:shortDescription xml:lang="en">CUTOFF Disposal, inert solid waste, to unspecified treatment</common:shortDescription>
            </referenceToFlowDataSet>
            <exchangeDirection>Input</exchangeDirection>
            <meanAmount>0.19749</meanAmount>
            <resultingAmount>0.19749</resultingAmount>
        </exchange>
        <exchange xmlns:olca="http://openlca.org/ilcd-extensions" dataSetInternalID="5" olca:unitId="20aadc24-a391-41cf-b340-3e4529f44bde" olca:propertyId="93a60a56-a3c8-11da-a746-0800200b9a66" olca:amount="5.0E-6">
            <referenceToFlowDataSet type="flow data set" refObjectId="984bef7c-3a39-337f-8383-93457f65d597" version="01.00.000" uri="../flows/984bef7c-3a39-337f-8383-93457f65d597">
                <common:shortDescription xml:lang="en">Mercury</common:shortDescription>
            </referenceToFlowDataSet>
            <exchangeDirection>Output</exchangeDirection>
            <meanAmount>5.0E-6</meanAmount>
            <resultingAmount>5.0E-6</resultingAmount>
        </exchange>
        <exchange xmlns:olca="http://openlca.org/ilcd-extensions" dataSetInternalID="23" olca:unitId="20aadc24-a391-41cf-b340-3e4529f44bde" olca:propertyId="93a60a56-a3c8-11da-a746-0800200b9a66" olca:amount="0.00157">
            <referenceToFlowDataSet type="flow data set" refObjectId="595d8244-b299-3c18-8366-35218bd4404a" version="01.00.000" uri="../flows/595d8244-b299-3c18-8366-35218bd4404a">
                <common:shortDescription xml:lang="en">Copper ore, in ground</common:shortDescription>
            </referenceToFlowDataSet>
            <exchangeDirection>Input</exchangeDirection>
            <meanAmount>0.00157</meanAmount>
            <resultingAmount>0.00157</resultingAmount>
        </exchange>
        <exchange xmlns:olca="http://openlca.org/ilcd-extensions" dataSetInternalID="16" olca:unitId="20aadc24-a391-41cf-b340-3e4529f44bde" olca:propertyId="93a60a56-a3c8-11da-a746-0800200b9a66" olca:amount="0.01121">
            <referenceToFlowDataSet type="flow data set" refObjectId="9a8f5526-a5fa-395a-bda6-b244908fbb76" version="01.00.000" uri="../flows/9a8f5526-a5fa-395a-bda6-b244908fbb76">
                <common:shortDescription xml:lang="en">Wood, unspecified, standing/kg</common:shortDescription>
            </referenceToFlowDataSet>
            <exchangeDirection>Input</exchangeDirection>
            <meanAmount>0.01121</meanAmount>
            <resultingAmount>0.01121</resultingAmount>
        </exchange>
        <exchange xmlns:olca="http://openlca.org/ilcd-extensions" dataSetInternalID="2" olca:unitId="20aadc24-a391-41cf-b340-3e4529f44bde" olca:propertyId="93a60a56-a3c8-11da-a746-0800200b9a66" olca:amount="0.00649">
            <referenceToFlowDataSet type="flow data set" refObjectId="a3ed03de-f771-3946-94f3-a02a10d4ca74" version="01.00.000" uri="../flows/a3ed03de-f771-3946-94f3-a02a10d4ca74">
                <common:shortDescription xml:lang="en">Dissolved solids</common:shortDescription>
            </referenceToFlowDataSet>
            <exchangeDirection>Output</exchangeDirection>
            <meanAmount>0.00649</meanAmount>
            <resultingAmount>0.00649</resultingAmount>
        </exchange>
        <exchange xmlns:olca="http://openlca.org/ilcd-extensions" dataSetInternalID="3" olca:unitId="20aadc24-a391-41cf-b340-3e4529f44bde" olca:propertyId="93a60a56-a3c8-11da-a746-0800200b9a66" olca:amount="0.0134">
            <referenceToFlowDataSet type="flow data set" refObjectId="1e85b6ef-651e-3025-afd8-23109790dd69" version="01.00.000" uri="../flows/1e85b6ef-651e-3025-afd8-23109790dd69">
                <common:shortDescription xml:lang="en">CUTOFF Disposal, chemical waste, unspecified, to unspecified treatment</common:shortDescription>
            </referenceToFlowDataSet>
            <exchangeDirection>Input</exchangeDirection>
            <meanAmount>0.0134</meanAmount>
            <resultingAmount>0.0134</resultingAmount>
        </exchange>
        <exchange xmlns:olca="http://openlca.org/ilcd-extensions" dataSetInternalID="13" olca:unitId="20aadc24-a391-41cf-b340-3e4529f44bde" olca:propertyId="93a60a56-a3c8-11da-a746-0800200b9a66" olca:amount="0.00142">
            <referenceToFlowDataSet type="flow data set" refObjectId="b641465b-5594-34f2-a9f8-72ceb302de17" version="01.00.000" uri="../flows/b641465b-5594-34f2-a9f8-72ceb302de17">
                <common:shortDescription xml:lang="en">Particulates, unspecified</common:shortDescription>
            </referenceToFlowDataSet>
            <exchangeDirection>Output</exchangeDirection>
            <meanAmount>0.00142</meanAmount>
            <resultingAmount>0.00142</resultingAmount>
        </exchange>
        <exchange xmlns:olca="http://openlca.org/ilcd-extensions" dataSetInternalID="10" olca:unitId="20aadc24-a391-41cf-b340-3e4529f44bde" olca:propertyId="93a60a56-a3c8-11da-a746-0800200b9a66" olca:amount="2.1E-4">
            <referenceToFlowDataSet type="flow data set" refObjectId="2283dc77-b56b-3475-a8da-45080c7f8280" version="01.00.000" uri="../flows/2283dc77-b56b-3475-a8da-45080c7f8280">
                <common:shortDescription xml:lang="en">Iron ore, in ground</common:shortDescription>
            </referenceToFlowDataSet>
            <exchangeDirection>Input</exchangeDirection>
            <meanAmount>2.1E-4</meanAmount>
            <resultingAmount>2.1E-4</resultingAmount>
        </exchange>
        <exchange xmlns:olca="http://openlca.org/ilcd-extensions" dataSetInternalID="30" olca:unitId="20aadc24-a391-41cf-b340-3e4529f44bde" olca:propertyId="93a60a56-a3c8-11da-a746-0800200b9a66" olca:amount="0.00754">
            <referenceToFlowDataSet type="flow data set" refObjectId="f3b780ae-13cf-385a-80b1-f2aede2ed839" version="01.00.000" uri="../flows/f3b780ae-13cf-385a-80b1-f2aede2ed839">
                <common:shortDescription xml:lang="en">Sulfur dioxide </common:shortDescription>
            </referenceToFlowDataSet>
            <exchangeDirection>Output</exchangeDirection>
            <meanAmount>0.00754</meanAmount>
            <resultingAmount>0.00754</resultingAmount>
        </exchange>
        <exchange xmlns:olca="http://openlca.org/ilcd-extensions" dataSetInternalID="21" olca:unitId="20aadc24-a391-41cf-b340-3e4529f44bde" olca:propertyId="93a60a56-a3c8-11da-a746-0800200b9a66" olca:amount="0.00906">
            <referenceToFlowDataSet type="flow data set" refObjectId="1827a862-ccac-37ac-9ad7-d2dffe71058c" version="01.00.000" uri="../flows/1827a862-ccac-37ac-9ad7-d2dffe71058c">
                <common:shortDescription xml:lang="en">Nitrogen oxides </common:shortDescription>
            </referenceToFlowDataSet>
            <exchangeDirection>Output</exchangeDirection>
            <meanAmount>0.00906</meanAmount>
            <resultingAmount>0.00906</resultingAmount>
        </exchange>
        <exchange xmlns:olca="http://openlca.org/ilcd-extensions" dataSetInternalID="31" olca:unitId="1c3a9695-398d-4b1f-b07e-a8715b610f70" olca:propertyId="93a60a56-a3c8-22da-a746-0800200c9a66" olca:amount="0.7617">
            <referenceToFlowDataSet type="flow data set" refObjectId="e5340b07-e104-3027-95c5-0a51fa8c9cf7" version="01.00.000" uri="../flows/e5340b07-e104-3027-95c5-0a51fa8c9cf7">
                <common:shortDescription xml:lang="en">Gas, natural, in ground</common:shortDescription>
            </referenceToFlowDataSet>
            <exchangeDirection>Input</exchangeDirection>
            <meanAmount>0.7617</meanAmount>
            <resultingAmount>0.7617</resultingAmount>
        </exchange>
    </exchanges>
</processDataSet>
