<?xml version="1.0" encoding="UTF-8" standalone="yes"?>
<processDataSet xmlns:m="http://lca.jrc.it/ILCD/LCIAMethod" xmlns:common="http://lca.jrc.it/ILCD/Common" xmlns:s="http://lca.jrc.it/ILCD/Source" xmlns:c="http://lca.jrc.it/ILCD/Contact" xmlns:f="http://lca.jrc.it/ILCD/Flow" xmlns="http://lca.jrc.it/ILCD/Process" xmlns:fp="http://lca.jrc.it/ILCD/FlowProperty" xmlns:u="http://lca.jrc.it/ILCD/UnitGroup" version="1.1">
    <processInformation>
        <dataSetInformation>
            <common:UUID>4b01543f-29f1-3797-a8d7-5957d97a7fd3</common:UUID>
            <name>
                <baseName xml:lang="en">Methylene diphenyl diisocyanate resin, at plant, US SE</baseName>
            </name>
            <classificationInformation>
                <common:classification>
                    <common:class level="0" classId="aace7bf8-a0e3-3515-8b6c-2c4211ad420b">Chemical Manufacturing</common:class>
                    <common:class level="1" classId="68275e00-777d-3b4b-9123-7b5245f22dbf">Plastics Material and Resin Manufacturing</common:class>
                </common:classification>
            </classificationInformation>
        </dataSetInformation>
        <quantitativeReference type="Reference flow(s)">
            <referenceToReferenceFlow>0</referenceToReferenceFlow>
        </quantitativeReference>
        <time xmlns:olca="http://openlca.org/ilcd-extensions" olca:startDate="253370703600000" olca:endDate="253370703600000">
            <common:referenceYear>9998</common:referenceYear>
            <common:dataSetValidUntil>9998</common:dataSetValidUntil>
        </time>
        <geography>
            <locationOfOperationSupplyOrProduction location="RNA" latitudeAndLongitude="58.71,-91.96">
                <descriptionOfRestrictions xml:lang="en">US Southeast</descriptionOfRestrictions>
            </locationOfOperationSupplyOrProduction>
        </geography>
        <technology>
            <technologyDescriptionAndIncludedProcesses xml:lang="en">Typical</technologyDescriptionAndIncludedProcesses>
        </technology>
    </processInformation>
    <modellingAndValidation>
        <LCIMethodAndAllocation>
            <typeOfDataSet>Unit process, black box</typeOfDataSet>
            <LCIMethodPrinciple>Other</LCIMethodPrinciple>
        </LCIMethodAndAllocation>
        <dataSourcesTreatmentAndRepresentativeness>
            <deviationsFromCutOffAndCompletenessPrinciples xml:lang="en">None.</deviationsFromCutOffAndCompletenessPrinciples>
            <deviationsFromSelectionAndCombinationPrinciples xml:lang="en">None.</deviationsFromSelectionAndCombinationPrinciples>
            <referenceToDataSource type="source data set" refObjectId="e8bed76c-bbb8-305a-b6e1-37fff94c1af5" version="01.00.000" uri="../sources/e8bed76c-bbb8-305a-b6e1-37fff94c1af5">
                <common:shortDescription xml:lang="en">Maureen Puetmann </common:shortDescription>
            </referenceToDataSource>
            <referenceToDataSource type="source data set" refObjectId="d55d7a18-d276-334d-b427-b08d4ca5440c" version="01.00.000" uri="../sources/d55d7a18-d276-334d-b427-b08d4ca5440c">
                <common:shortDescription xml:lang="en">Dr. Earl Kline </common:shortDescription>
            </referenceToDataSource>
            <referenceToDataSource type="source data set" refObjectId="c802869a-677e-3a91-8e5d-a5774bcb76c4" version="01.00.000" uri="../sources/c802869a-677e-3a91-8e5d-a5774bcb76c4">
                <common:shortDescription xml:lang="en">Leonard R. Johnson </common:shortDescription>
            </referenceToDataSource>
        </dataSourcesTreatmentAndRepresentativeness>
    </modellingAndValidation>
    <administrativeInformation>
        <dataGenerator>
            <common:referenceToPersonOrEntityGeneratingTheDataSet type="contact data set" refObjectId="0fd3778a-1e86-3dd2-a010-0d055620ef21" version="01.00.000" uri="../contacts/0fd3778a-1e86-3dd2-a010-0d055620ef21">
                <common:shortDescription xml:lang="en">Jamie Meil</common:shortDescription>
            </common:referenceToPersonOrEntityGeneratingTheDataSet>
        </dataGenerator>
        <dataEntryBy>
            <common:timeStamp>2018-04-11T15:59:37.453-06:00</common:timeStamp>
            <common:referenceToDataSetFormat type="source data set" refObjectId="a97a0155-0234-4b87-b4ce-a45da52f2a40" version="01.01.000" uri="../sources/a97a0155-0234-4b87-b4ce-a45da52f2a40_01.01.000.xml">
                <common:shortDescription xml:lang="en">ILCD format</common:shortDescription>
            </common:referenceToDataSetFormat>
            <common:referenceToPersonOrEntityEnteringTheData type="contact data set" refObjectId="0fd3778a-1e86-3dd2-a010-0d055620ef21" version="01.00.000" uri="../contacts/0fd3778a-1e86-3dd2-a010-0d055620ef21">
                <common:shortDescription xml:lang="en">Jamie Meil</common:shortDescription>
            </common:referenceToPersonOrEntityEnteringTheData>
        </dataEntryBy>
        <publicationAndOwnership>
            <common:dateOfLastRevision>2011-07-10T03:06:38.000-06:00</common:dateOfLastRevision>
            <common:dataSetVersion>00.00.000</common:dataSetVersion>
            <common:referenceToUnchangedRepublication type="source data set" refObjectId="d55d7a18-d276-334d-b427-b08d4ca5440c" version="01.00.000" uri="../sources/d55d7a18-d276-334d-b427-b08d4ca5440c">
                <common:shortDescription xml:lang="en">Dr. Earl Kline </common:shortDescription>
            </common:referenceToUnchangedRepublication>
            <common:copyright>true</common:copyright>
            <common:accessRestrictions xml:lang="en">All information can be accessed by everybody.</common:accessRestrictions>
        </publicationAndOwnership>
    </administrativeInformation>
    <exchanges>
        <exchange xmlns:olca="http://openlca.org/ilcd-extensions" dataSetInternalID="0" olca:unitId="20aadc24-a391-41cf-b340-3e4529f44bde" olca:propertyId="93a60a56-a3c8-11da-a746-0800200b9a66" olca:amount="1.0">
            <referenceToFlowDataSet type="flow data set" refObjectId="90203b24-a98a-30f4-9530-8dc988da41e4" version="01.00.000" uri="../flows/90203b24-a98a-30f4-9530-8dc988da41e4">
                <common:shortDescription xml:lang="en">Methylene diphenyl diisocyanate resin, at plant, US SE</common:shortDescription>
            </referenceToFlowDataSet>
            <exchangeDirection>Output</exchangeDirection>
            <meanAmount>1.0</meanAmount>
            <resultingAmount>1.0</resultingAmount>
        </exchange>
        <exchange xmlns:olca="http://openlca.org/ilcd-extensions" dataSetInternalID="26" olca:unitId="20aadc24-a391-41cf-b340-3e4529f44bde" olca:propertyId="93a60a56-a3c8-11da-a746-0800200b9a66" olca:amount="3.5E-4">
            <referenceToFlowDataSet type="flow data set" refObjectId="3398b3ee-0652-3778-a374-804cd0d7b6a6" version="01.00.000" uri="../flows/3398b3ee-0652-3778-a374-804cd0d7b6a6">
                <common:shortDescription xml:lang="en">Sulfur oxides</common:shortDescription>
            </referenceToFlowDataSet>
            <exchangeDirection>Output</exchangeDirection>
            <meanAmount>3.5E-4</meanAmount>
            <resultingAmount>3.5E-4</resultingAmount>
        </exchange>
        <exchange xmlns:olca="http://openlca.org/ilcd-extensions" dataSetInternalID="2" olca:unitId="20aadc24-a391-41cf-b340-3e4529f44bde" olca:propertyId="93a60a56-a3c8-11da-a746-0800200b9a66" olca:amount="0.0081">
            <referenceToFlowDataSet type="flow data set" refObjectId="a3ed03de-f771-3946-94f3-a02a10d4ca74" version="01.00.000" uri="../flows/a3ed03de-f771-3946-94f3-a02a10d4ca74">
                <common:shortDescription xml:lang="en">Dissolved solids</common:shortDescription>
            </referenceToFlowDataSet>
            <exchangeDirection>Output</exchangeDirection>
            <meanAmount>0.0081</meanAmount>
            <resultingAmount>0.0081</resultingAmount>
        </exchange>
        <exchange xmlns:olca="http://openlca.org/ilcd-extensions" dataSetInternalID="31" olca:unitId="20aadc24-a391-41cf-b340-3e4529f44bde" olca:propertyId="93a60a56-a3c8-11da-a746-0800200b9a66" olca:amount="0.41">
            <referenceToFlowDataSet type="flow data set" refObjectId="5e738bf0-6bfe-3acd-8dcb-c74fe4f18b53" version="01.00.000" uri="../flows/5e738bf0-6bfe-3acd-8dcb-c74fe4f18b53">
                <common:shortDescription xml:lang="en">carbon dioxide</common:shortDescription>
            </referenceToFlowDataSet>
            <exchangeDirection>Output</exchangeDirection>
            <meanAmount>0.41</meanAmount>
            <resultingAmount>0.41</resultingAmount>
        </exchange>
        <exchange xmlns:olca="http://openlca.org/ilcd-extensions" dataSetInternalID="6" olca:unitId="20aadc24-a391-41cf-b340-3e4529f44bde" olca:propertyId="93a60a56-a3c8-11da-a746-0800200b9a66" olca:amount="1.6E-4">
            <referenceToFlowDataSet type="flow data set" refObjectId="72bda874-eece-3827-b006-cc525e8aeb2e" version="01.00.000" uri="../flows/72bda874-eece-3827-b006-cc525e8aeb2e">
                <common:shortDescription xml:lang="en">Organic substances, unspecified</common:shortDescription>
            </referenceToFlowDataSet>
            <exchangeDirection>Output</exchangeDirection>
            <meanAmount>1.6E-4</meanAmount>
            <resultingAmount>1.6E-4</resultingAmount>
        </exchange>
        <exchange xmlns:olca="http://openlca.org/ilcd-extensions" dataSetInternalID="21" olca:unitId="20aadc24-a391-41cf-b340-3e4529f44bde" olca:propertyId="93a60a56-a3c8-11da-a746-0800200b9a66" olca:amount="1.8E-4">
            <referenceToFlowDataSet type="flow data set" refObjectId="b641465b-5594-34f2-a9f8-72ceb302de17" version="01.00.000" uri="../flows/b641465b-5594-34f2-a9f8-72ceb302de17">
                <common:shortDescription xml:lang="en">Particulates, unspecified</common:shortDescription>
            </referenceToFlowDataSet>
            <exchangeDirection>Output</exchangeDirection>
            <meanAmount>1.8E-4</meanAmount>
            <resultingAmount>1.8E-4</resultingAmount>
        </exchange>
        <exchange xmlns:olca="http://openlca.org/ilcd-extensions" dataSetInternalID="3" olca:unitId="0dea4ed8-bb6b-4049-b2b4-b2c413ef2180" olca:propertyId="838aaa20-0117-11db-92e3-0800200c9a66" olca:amount="2.65">
            <referenceToFlowDataSet type="flow data set" refObjectId="2afb4e2f-b224-3900-956f-03e3f27b276b" version="01.00.000" uri="../flows/2afb4e2f-b224-3900-956f-03e3f27b276b">
                <common:shortDescription xml:lang="en">Transport, combination truck, average fuel mix</common:shortDescription>
            </referenceToFlowDataSet>
            <exchangeDirection>Input</exchangeDirection>
            <meanAmount>2.65</meanAmount>
            <resultingAmount>2.65</resultingAmount>
        </exchange>
        <exchange xmlns:olca="http://openlca.org/ilcd-extensions" dataSetInternalID="4" olca:unitId="20aadc24-a391-41cf-b340-3e4529f44bde" olca:propertyId="93a60a56-a3c8-11da-a746-0800200b9a66" olca:amount="2.3E-5">
            <referenceToFlowDataSet type="flow data set" refObjectId="720a5d3b-4daa-33a0-9558-c92a65eae228" version="01.00.000" uri="../flows/720a5d3b-4daa-33a0-9558-c92a65eae228">
                <common:shortDescription xml:lang="en">Hydrocarbons, unspecified</common:shortDescription>
            </referenceToFlowDataSet>
            <exchangeDirection>Output</exchangeDirection>
            <meanAmount>2.3E-5</meanAmount>
            <resultingAmount>2.3E-5</resultingAmount>
        </exchange>
        <exchange xmlns:olca="http://openlca.org/ilcd-extensions" dataSetInternalID="24" olca:unitId="20aadc24-a391-41cf-b340-3e4529f44bde" olca:propertyId="93a60a56-a3c8-11da-a746-0800200b9a66" olca:amount="8.0E-6">
            <referenceToFlowDataSet type="flow data set" refObjectId="dc52a4db-da65-3119-8e62-70228d090990" version="01.00.000" uri="../flows/dc52a4db-da65-3119-8e62-70228d090990">
                <common:shortDescription xml:lang="en">Aluminum</common:shortDescription>
            </referenceToFlowDataSet>
            <exchangeDirection>Output</exchangeDirection>
            <meanAmount>8.0E-6</meanAmount>
            <resultingAmount>8.0E-6</resultingAmount>
        </exchange>
        <exchange xmlns:olca="http://openlca.org/ilcd-extensions" dataSetInternalID="7" olca:unitId="20aadc24-a391-41cf-b340-3e4529f44bde" olca:propertyId="93a60a56-a3c8-11da-a746-0800200b9a66" olca:amount="0.0053">
            <referenceToFlowDataSet type="flow data set" refObjectId="33d5907f-322f-336d-b23f-f2959923f99f" version="01.00.000" uri="../flows/33d5907f-322f-336d-b23f-f2959923f99f">
                <common:shortDescription xml:lang="en">COD, Chemical Oxygen Demand</common:shortDescription>
            </referenceToFlowDataSet>
            <exchangeDirection>Output</exchangeDirection>
            <meanAmount>0.0053</meanAmount>
            <resultingAmount>0.0053</resultingAmount>
        </exchange>
        <exchange xmlns:olca="http://openlca.org/ilcd-extensions" dataSetInternalID="28" olca:unitId="1c3a9695-398d-4b1f-b07e-a8715b610f70" olca:propertyId="93a60a56-a3c8-22da-a746-0800200c9a66" olca:amount="0.91">
            <referenceToFlowDataSet type="flow data set" refObjectId="bb1dc159-fe13-3f8e-8197-361e8c770ba3" version="01.00.000" uri="../flows/bb1dc159-fe13-3f8e-8197-361e8c770ba3">
                <common:shortDescription xml:lang="en">Natural gas, combusted in industrial boiler</common:shortDescription>
            </referenceToFlowDataSet>
            <exchangeDirection>Input</exchangeDirection>
            <meanAmount>0.91</meanAmount>
            <resultingAmount>0.91</resultingAmount>
        </exchange>
        <exchange xmlns:olca="http://openlca.org/ilcd-extensions" dataSetInternalID="30" olca:unitId="20aadc24-a391-41cf-b340-3e4529f44bde" olca:propertyId="93a60a56-a3c8-11da-a746-0800200b9a66" olca:amount="8.1E-4">
            <referenceToFlowDataSet type="flow data set" refObjectId="16a0fc94-eaec-315c-9f2f-328d8833dcad" version="01.00.000" uri="../flows/16a0fc94-eaec-315c-9f2f-328d8833dcad">
                <common:shortDescription xml:lang="en">BOD5, Biological Oxygen Demand</common:shortDescription>
            </referenceToFlowDataSet>
            <exchangeDirection>Output</exchangeDirection>
            <meanAmount>8.1E-4</meanAmount>
            <resultingAmount>8.1E-4</resultingAmount>
        </exchange>
        <exchange xmlns:olca="http://openlca.org/ilcd-extensions" dataSetInternalID="1" olca:unitId="20aadc24-a391-41cf-b340-3e4529f44bde" olca:propertyId="93a60a56-a3c8-11da-a746-0800200b9a66" olca:amount="0.0013">
            <referenceToFlowDataSet type="flow data set" refObjectId="1827a862-ccac-37ac-9ad7-d2dffe71058c" version="01.00.000" uri="../flows/1827a862-ccac-37ac-9ad7-d2dffe71058c">
                <common:shortDescription xml:lang="en">Nitrogen oxides </common:shortDescription>
            </referenceToFlowDataSet>
            <exchangeDirection>Output</exchangeDirection>
            <meanAmount>0.0013</meanAmount>
            <resultingAmount>0.0013</resultingAmount>
        </exchange>
        <exchange xmlns:olca="http://openlca.org/ilcd-extensions" dataSetInternalID="5" olca:unitId="20aadc24-a391-41cf-b340-3e4529f44bde" olca:propertyId="93a60a56-a3c8-11da-a746-0800200b9a66" olca:amount="6.3E-5">
            <referenceToFlowDataSet type="flow data set" refObjectId="14dde4c7-2655-3a40-897a-1a8fa48c777a" version="01.00.000" uri="../flows/14dde4c7-2655-3a40-897a-1a8fa48c777a">
                <common:shortDescription xml:lang="en">VOC, volatile organic compounds</common:shortDescription>
            </referenceToFlowDataSet>
            <exchangeDirection>Output</exchangeDirection>
            <meanAmount>6.3E-5</meanAmount>
            <resultingAmount>6.3E-5</resultingAmount>
        </exchange>
        <exchange xmlns:olca="http://openlca.org/ilcd-extensions" dataSetInternalID="16" olca:unitId="20aadc24-a391-41cf-b340-3e4529f44bde" olca:propertyId="93a60a56-a3c8-11da-a746-0800200b9a66" olca:amount="9.99E-7">
            <referenceToFlowDataSet type="flow data set" refObjectId="c99b594a-70e7-3b22-9fcb-bcfdefa2411c" version="01.00.000" uri="../flows/c99b594a-70e7-3b22-9fcb-bcfdefa2411c">
                <common:shortDescription xml:lang="en">Phenol</common:shortDescription>
            </referenceToFlowDataSet>
            <exchangeDirection>Output</exchangeDirection>
            <meanAmount>9.99E-7</meanAmount>
            <resultingAmount>9.99E-7</resultingAmount>
        </exchange>
        <exchange xmlns:olca="http://openlca.org/ilcd-extensions" dataSetInternalID="19" olca:unitId="b80a512e-e402-4363-8ad0-7d02dcf4a459" olca:propertyId="93a60a56-a3c8-22da-a746-0800200c9a66" olca:amount="362.0">
            <referenceToFlowDataSet type="flow data set" refObjectId="68a9a98a-f2eb-36b2-bfaa-897da6ac6b36" version="01.00.000" uri="../flows/68a9a98a-f2eb-36b2-bfaa-897da6ac6b36">
                <common:shortDescription xml:lang="en">Water</common:shortDescription>
            </referenceToFlowDataSet>
            <exchangeDirection>Input</exchangeDirection>
            <meanAmount>0.362</meanAmount>
            <resultingAmount>0.362</resultingAmount>
        </exchange>
        <exchange xmlns:olca="http://openlca.org/ilcd-extensions" dataSetInternalID="12" olca:unitId="b80a512e-e402-4363-8ad0-7d02dcf4a459" olca:propertyId="93a60a56-a3c8-22da-a746-0800200c9a66" olca:amount="5.01">
            <referenceToFlowDataSet type="flow data set" refObjectId="d939590b-a0d7-310c-8952-9921ed64a078" version="01.00.000" uri="../flows/d939590b-a0d7-310c-8952-9921ed64a078">
                <common:shortDescription xml:lang="en">Diesel, at refinery</common:shortDescription>
            </referenceToFlowDataSet>
            <exchangeDirection>Input</exchangeDirection>
            <meanAmount>0.00501</meanAmount>
            <resultingAmount>0.00501</resultingAmount>
            <generalComment xml:lang="en">Used as feedstock</generalComment>
        </exchange>
        <exchange xmlns:olca="http://openlca.org/ilcd-extensions" dataSetInternalID="14" olca:unitId="20aadc24-a391-41cf-b340-3e4529f44bde" olca:propertyId="93a60a56-a3c8-11da-a746-0800200b9a66" olca:amount="1.1E-4">
            <referenceToFlowDataSet type="flow data set" refObjectId="0baf0278-2f1b-369a-9a1a-839ef6ec6a22" version="01.00.000" uri="../flows/0baf0278-2f1b-369a-9a1a-839ef6ec6a22">
                <common:shortDescription xml:lang="en">Calcium, ion</common:shortDescription>
            </referenceToFlowDataSet>
            <exchangeDirection>Output</exchangeDirection>
            <meanAmount>1.1E-4</meanAmount>
            <resultingAmount>1.1E-4</resultingAmount>
        </exchange>
        <exchange xmlns:olca="http://openlca.org/ilcd-extensions" dataSetInternalID="27" olca:unitId="20aadc24-a391-41cf-b340-3e4529f44bde" olca:propertyId="93a60a56-a3c8-11da-a746-0800200b9a66" olca:amount="5.1E-5">
            <referenceToFlowDataSet type="flow data set" refObjectId="dbe659c1-d252-37bd-a77e-a0674ded4f4a" version="01.00.000" uri="../flows/dbe659c1-d252-37bd-a77e-a0674ded4f4a">
                <common:shortDescription xml:lang="en">Zinc</common:shortDescription>
            </referenceToFlowDataSet>
            <exchangeDirection>Output</exchangeDirection>
            <meanAmount>5.1E-5</meanAmount>
            <resultingAmount>5.1E-5</resultingAmount>
        </exchange>
        <exchange xmlns:olca="http://openlca.org/ilcd-extensions" dataSetInternalID="23" olca:unitId="20aadc24-a391-41cf-b340-3e4529f44bde" olca:propertyId="93a60a56-a3c8-11da-a746-0800200b9a66" olca:amount="8.89E-4">
            <referenceToFlowDataSet type="flow data set" refObjectId="d25cd0b7-4fc5-3be0-88d3-2d661482fde2" version="01.00.000" uri="../flows/d25cd0b7-4fc5-3be0-88d3-2d661482fde2">
                <common:shortDescription xml:lang="en">Methane </common:shortDescription>
            </referenceToFlowDataSet>
            <exchangeDirection>Output</exchangeDirection>
            <meanAmount>8.89E-4</meanAmount>
            <resultingAmount>8.89E-4</resultingAmount>
        </exchange>
        <exchange xmlns:olca="http://openlca.org/ilcd-extensions" dataSetInternalID="8" olca:unitId="20aadc24-a391-41cf-b340-3e4529f44bde" olca:propertyId="93a60a56-a3c8-11da-a746-0800200b9a66" olca:amount="3.3E-4">
            <referenceToFlowDataSet type="flow data set" refObjectId="b500ed1b-1495-3d9d-b3b5-c09ca46f9d4c" version="01.00.000" uri="../flows/b500ed1b-1495-3d9d-b3b5-c09ca46f9d4c">
                <common:shortDescription xml:lang="en">Dissolved organic matter</common:shortDescription>
            </referenceToFlowDataSet>
            <exchangeDirection>Output</exchangeDirection>
            <meanAmount>3.3E-4</meanAmount>
            <resultingAmount>3.3E-4</resultingAmount>
        </exchange>
        <exchange xmlns:olca="http://openlca.org/ilcd-extensions" dataSetInternalID="11" olca:unitId="20aadc24-a391-41cf-b340-3e4529f44bde" olca:propertyId="93a60a56-a3c8-11da-a746-0800200b9a66" olca:amount="0.0274">
            <referenceToFlowDataSet type="flow data set" refObjectId="88f2f98d-4af4-36f4-a9ba-21e88be74c0f" version="01.00.000" uri="../flows/88f2f98d-4af4-36f4-a9ba-21e88be74c0f">
                <common:shortDescription xml:lang="en">CUTOFF Disposal, inert solid waste, to inert material landfill</common:shortDescription>
            </referenceToFlowDataSet>
            <exchangeDirection>Input</exchangeDirection>
            <meanAmount>0.0274</meanAmount>
            <resultingAmount>0.0274</resultingAmount>
        </exchange>
        <exchange xmlns:olca="http://openlca.org/ilcd-extensions" dataSetInternalID="29" olca:unitId="20aadc24-a391-41cf-b340-3e4529f44bde" olca:propertyId="93a60a56-a3c8-11da-a746-0800200b9a66" olca:amount="3.4E-5">
            <referenceToFlowDataSet type="flow data set" refObjectId="442eafa0-6c75-3094-a775-a7111ce24591" version="01.00.000" uri="../flows/442eafa0-6c75-3094-a775-a7111ce24591">
                <common:shortDescription xml:lang="en">Acids, unspecified</common:shortDescription>
            </referenceToFlowDataSet>
            <exchangeDirection>Output</exchangeDirection>
            <meanAmount>3.4E-5</meanAmount>
            <resultingAmount>3.4E-5</resultingAmount>
        </exchange>
        <exchange xmlns:olca="http://openlca.org/ilcd-extensions" dataSetInternalID="10" olca:unitId="20aadc24-a391-41cf-b340-3e4529f44bde" olca:propertyId="93a60a56-a3c8-11da-a746-0800200b9a66" olca:amount="0.0022">
            <referenceToFlowDataSet type="flow data set" refObjectId="91c6fb89-85ed-310b-8197-fb35a753bd97" version="01.00.000" uri="../flows/91c6fb89-85ed-310b-8197-fb35a753bd97">
                <common:shortDescription xml:lang="en">Suspended solids, unspecified</common:shortDescription>
            </referenceToFlowDataSet>
            <exchangeDirection>Output</exchangeDirection>
            <meanAmount>0.0022</meanAmount>
            <resultingAmount>0.0022</resultingAmount>
        </exchange>
        <exchange xmlns:olca="http://openlca.org/ilcd-extensions" dataSetInternalID="33" olca:unitId="20aadc24-a391-41cf-b340-3e4529f44bde" olca:propertyId="93a60a56-a3c8-11da-a746-0800200b9a66" olca:amount="2.3E-4">
            <referenceToFlowDataSet type="flow data set" refObjectId="05c5a907-1a8b-3810-bb1a-ea297a61846a" version="01.00.000" uri="../flows/05c5a907-1a8b-3810-bb1a-ea297a61846a">
                <common:shortDescription xml:lang="en">Metallic ions, unspecified</common:shortDescription>
            </referenceToFlowDataSet>
            <exchangeDirection>Output</exchangeDirection>
            <meanAmount>2.3E-4</meanAmount>
            <resultingAmount>2.3E-4</resultingAmount>
        </exchange>
        <exchange xmlns:olca="http://openlca.org/ilcd-extensions" dataSetInternalID="20" olca:unitId="20aadc24-a391-41cf-b340-3e4529f44bde" olca:propertyId="93a60a56-a3c8-11da-a746-0800200b9a66" olca:amount="9.98E-6">
            <referenceToFlowDataSet type="flow data set" refObjectId="bd6eb54f-0d2e-3a63-a3ac-98e0cf458d35" version="01.00.000" uri="../flows/bd6eb54f-0d2e-3a63-a3ac-98e0cf458d35">
                <common:shortDescription xml:lang="en">Hydrogen Chloride</common:shortDescription>
            </referenceToFlowDataSet>
            <exchangeDirection>Output</exchangeDirection>
            <meanAmount>9.98E-6</meanAmount>
            <resultingAmount>9.98E-6</resultingAmount>
        </exchange>
        <exchange xmlns:olca="http://openlca.org/ilcd-extensions" dataSetInternalID="25" olca:unitId="20aadc24-a391-41cf-b340-3e4529f44bde" olca:propertyId="93a60a56-a3c8-11da-a746-0800200b9a66" olca:amount="0.0061">
            <referenceToFlowDataSet type="flow data set" refObjectId="8f540c79-5d4c-3d31-82fd-42347bef721a" version="01.00.000" uri="../flows/8f540c79-5d4c-3d31-82fd-42347bef721a">
                <common:shortDescription xml:lang="en">Sulfate</common:shortDescription>
            </referenceToFlowDataSet>
            <exchangeDirection>Output</exchangeDirection>
            <meanAmount>0.0061</meanAmount>
            <resultingAmount>0.0061</resultingAmount>
        </exchange>
        <exchange xmlns:olca="http://openlca.org/ilcd-extensions" dataSetInternalID="13" olca:unitId="20aadc24-a391-41cf-b340-3e4529f44bde" olca:propertyId="93a60a56-a3c8-11da-a746-0800200b9a66" olca:amount="0.0959">
            <referenceToFlowDataSet type="flow data set" refObjectId="c0f23ce6-a65a-3146-9a84-719a4662ef2d" version="01.00.000" uri="../flows/c0f23ce6-a65a-3146-9a84-719a4662ef2d">
                <common:shortDescription xml:lang="en">Magnesium</common:shortDescription>
            </referenceToFlowDataSet>
            <exchangeDirection>Output</exchangeDirection>
            <meanAmount>0.0959</meanAmount>
            <resultingAmount>0.0959</resultingAmount>
        </exchange>
        <exchange xmlns:olca="http://openlca.org/ilcd-extensions" dataSetInternalID="22" olca:unitId="1c3a9695-398d-4b1f-b07e-a8715b610f70" olca:propertyId="93a60a56-a3c8-22da-a746-0800200c9a66" olca:amount="0.51">
            <referenceToFlowDataSet type="flow data set" refObjectId="bd83ce23-816f-3589-b25f-dfca03b42932" version="01.00.000" uri="../flows/bd83ce23-816f-3589-b25f-dfca03b42932">
                <common:shortDescription xml:lang="en">Natural gas, processed, at plant</common:shortDescription>
            </referenceToFlowDataSet>
            <exchangeDirection>Input</exchangeDirection>
            <meanAmount>0.51</meanAmount>
            <resultingAmount>0.51</resultingAmount>
            <generalComment xml:lang="en">Used as feedstock</generalComment>
        </exchange>
        <exchange xmlns:olca="http://openlca.org/ilcd-extensions" dataSetInternalID="18" olca:unitId="20aadc24-a391-41cf-b340-3e4529f44bde" olca:propertyId="93a60a56-a3c8-11da-a746-0800200b9a66" olca:amount="2.0E-4">
            <referenceToFlowDataSet type="flow data set" refObjectId="7052b271-cf8a-31bd-9d02-c15b03ed2346" version="01.00.000" uri="../flows/7052b271-cf8a-31bd-9d02-c15b03ed2346">
                <common:shortDescription xml:lang="en">Ammonium, ion</common:shortDescription>
            </referenceToFlowDataSet>
            <exchangeDirection>Output</exchangeDirection>
            <meanAmount>2.0E-4</meanAmount>
            <resultingAmount>2.0E-4</resultingAmount>
        </exchange>
        <exchange xmlns:olca="http://openlca.org/ilcd-extensions" dataSetInternalID="9" olca:unitId="20aadc24-a391-41cf-b340-3e4529f44bde" olca:propertyId="93a60a56-a3c8-11da-a746-0800200b9a66" olca:amount="9.57E-4">
            <referenceToFlowDataSet type="flow data set" refObjectId="80c9c183-6e8e-3cba-a608-1d70820c3ce9" version="01.00.000" uri="../flows/80c9c183-6e8e-3cba-a608-1d70820c3ce9">
                <common:shortDescription xml:lang="en">Carbon monoxide</common:shortDescription>
            </referenceToFlowDataSet>
            <exchangeDirection>Output</exchangeDirection>
            <meanAmount>9.57E-4</meanAmount>
            <resultingAmount>9.57E-4</resultingAmount>
        </exchange>
        <exchange xmlns:olca="http://openlca.org/ilcd-extensions" dataSetInternalID="32" olca:unitId="20aadc24-a391-41cf-b340-3e4529f44bde" olca:propertyId="93a60a56-a3c8-11da-a746-0800200b9a66" olca:amount="3.7E-4">
            <referenceToFlowDataSet type="flow data set" refObjectId="6925e665-a1a2-31f2-a3d4-7890d87c9495" version="01.00.000" uri="../flows/6925e665-a1a2-31f2-a3d4-7890d87c9495">
                <common:shortDescription xml:lang="en">Potassium</common:shortDescription>
            </referenceToFlowDataSet>
            <exchangeDirection>Output</exchangeDirection>
            <meanAmount>3.7E-4</meanAmount>
            <resultingAmount>3.7E-4</resultingAmount>
        </exchange>
        <exchange xmlns:olca="http://openlca.org/ilcd-extensions" dataSetInternalID="15" olca:unitId="86ad2244-1f0e-4912-af53-7865283103e4" olca:propertyId="f6811440-ee37-11de-8a39-0800200c9a66" olca:amount="1.23">
            <referenceToFlowDataSet type="flow data set" refObjectId="766b3f0d-60bc-3240-8d0f-73d22ef2a42a" version="01.00.000" uri="../flows/766b3f0d-60bc-3240-8d0f-73d22ef2a42a">
                <common:shortDescription xml:lang="en">Electricity, at grid, Eastern US, 2000</common:shortDescription>
            </referenceToFlowDataSet>
            <exchangeDirection>Input</exchangeDirection>
            <meanAmount>4.428</meanAmount>
            <resultingAmount>4.428</resultingAmount>
        </exchange>
        <exchange xmlns:olca="http://openlca.org/ilcd-extensions" dataSetInternalID="17" olca:unitId="20aadc24-a391-41cf-b340-3e4529f44bde" olca:propertyId="93a60a56-a3c8-11da-a746-0800200b9a66" olca:amount="0.0018">
            <referenceToFlowDataSet type="flow data set" refObjectId="97639605-8d88-3450-ae7d-fcd67c52622d" version="01.00.000" uri="../flows/97639605-8d88-3450-ae7d-fcd67c52622d">
                <common:shortDescription xml:lang="en">Hydrogen</common:shortDescription>
            </referenceToFlowDataSet>
            <exchangeDirection>Output</exchangeDirection>
            <meanAmount>0.0018</meanAmount>
            <resultingAmount>0.0018</resultingAmount>
        </exchange>
    </exchanges>
</processDataSet>
