<?xml version="1.0" encoding="UTF-8" standalone="yes"?>
<processDataSet xmlns:m="http://lca.jrc.it/ILCD/LCIAMethod" xmlns:common="http://lca.jrc.it/ILCD/Common" xmlns:s="http://lca.jrc.it/ILCD/Source" xmlns:c="http://lca.jrc.it/ILCD/Contact" xmlns:f="http://lca.jrc.it/ILCD/Flow" xmlns="http://lca.jrc.it/ILCD/Process" xmlns:fp="http://lca.jrc.it/ILCD/FlowProperty" xmlns:u="http://lca.jrc.it/ILCD/UnitGroup" version="1.1">
    <processInformation>
        <dataSetInformation>
            <common:UUID>7f4424b8-da85-3804-ad14-2650343af83c</common:UUID>
            <name>
                <baseName xml:lang="en">Polyol ether, for rigid foam polyurethane production, at plant</baseName>
            </name>
            <classificationInformation>
                <common:classification>
                    <common:class level="0" classId="aace7bf8-a0e3-3515-8b6c-2c4211ad420b">Chemical Manufacturing</common:class>
                    <common:class level="1" classId="05ee7247-d00d-304a-97e8-4a376ca05972">Petrochemical Manufacturing</common:class>
                </common:classification>
            </classificationInformation>
        </dataSetInformation>
        <quantitativeReference type="Reference flow(s)">
            <referenceToReferenceFlow>0</referenceToReferenceFlow>
        </quantitativeReference>
        <time xmlns:olca="http://openlca.org/ilcd-extensions" olca:startDate="1041318000000" olca:endDate="1041318000000">
            <common:referenceYear>2002</common:referenceYear>
            <common:dataSetValidUntil>2002</common:dataSetValidUntil>
        </time>
        <geography>
            <locationOfOperationSupplyOrProduction location="RNA" latitudeAndLongitude="58.71,-91.96">
                <descriptionOfRestrictions xml:lang="en">US</descriptionOfRestrictions>
            </locationOfOperationSupplyOrProduction>
        </geography>
        <technology>
            <technologyDescriptionAndIncludedProcesses xml:lang="en">Reaction of sucrose initiator with hydroxide catalyst and propylene oxide, followed by separation and purification by distillation</technologyDescriptionAndIncludedProcesses>
        </technology>
    </processInformation>
    <modellingAndValidation>
        <LCIMethodAndAllocation>
            <typeOfDataSet>Unit process, black box</typeOfDataSet>
            <LCIMethodPrinciple>Other</LCIMethodPrinciple>
        </LCIMethodAndAllocation>
        <dataSourcesTreatmentAndRepresentativeness>
            <deviationsFromCutOffAndCompletenessPrinciples xml:lang="en">None.</deviationsFromCutOffAndCompletenessPrinciples>
            <deviationsFromSelectionAndCombinationPrinciples xml:lang="en">None.</deviationsFromSelectionAndCombinationPrinciples>
            <referenceToDataSource type="source data set" refObjectId="bf627fcb-bea3-3085-87ee-2d24ac940458" version="01.00.000" uri="../sources/bf627fcb-bea3-3085-87ee-2d24ac940458">
                <common:shortDescription xml:lang="en">THE PLASTICS DIVISION OF 
THE AMERICAN C </common:shortDescription>
            </referenceToDataSource>
            <samplingProcedure xml:lang="en">Data are from primary sources.</samplingProcedure>
        </dataSourcesTreatmentAndRepresentativeness>
    </modellingAndValidation>
    <administrativeInformation>
        <dataGenerator>
            <common:referenceToPersonOrEntityGeneratingTheDataSet type="contact data set" refObjectId="721bcfe4-ee92-33bc-a9bd-bbf5ba3cb52d" version="01.00.000" uri="../contacts/721bcfe4-ee92-33bc-a9bd-bbf5ba3cb52d">
                <common:shortDescription xml:lang="en">Franklin Associates</common:shortDescription>
            </common:referenceToPersonOrEntityGeneratingTheDataSet>
        </dataGenerator>
        <dataEntryBy>
            <common:timeStamp>2018-04-11T15:59:37.069-06:00</common:timeStamp>
            <common:referenceToDataSetFormat type="source data set" refObjectId="a97a0155-0234-4b87-b4ce-a45da52f2a40" version="01.01.000" uri="../sources/a97a0155-0234-4b87-b4ce-a45da52f2a40_01.01.000.xml">
                <common:shortDescription xml:lang="en">ILCD format</common:shortDescription>
            </common:referenceToDataSetFormat>
            <common:referenceToPersonOrEntityEnteringTheData type="contact data set" refObjectId="721bcfe4-ee92-33bc-a9bd-bbf5ba3cb52d" version="01.00.000" uri="../contacts/721bcfe4-ee92-33bc-a9bd-bbf5ba3cb52d">
                <common:shortDescription xml:lang="en">Franklin Associates</common:shortDescription>
            </common:referenceToPersonOrEntityEnteringTheData>
        </dataEntryBy>
        <publicationAndOwnership>
            <common:dateOfLastRevision>2011-10-26T03:48:40.000-06:00</common:dateOfLastRevision>
            <common:dataSetVersion>00.00.000</common:dataSetVersion>
            <common:referenceToUnchangedRepublication type="source data set" refObjectId="bf627fcb-bea3-3085-87ee-2d24ac940458" version="01.00.000" uri="../sources/bf627fcb-bea3-3085-87ee-2d24ac940458">
                <common:shortDescription xml:lang="en">THE PLASTICS DIVISION OF 
THE AMERICAN C </common:shortDescription>
            </common:referenceToUnchangedRepublication>
            <common:copyright>false</common:copyright>
            <common:accessRestrictions xml:lang="en">All information can be accessed by everybody.</common:accessRestrictions>
        </publicationAndOwnership>
    </administrativeInformation>
    <exchanges>
        <exchange xmlns:olca="http://openlca.org/ilcd-extensions" dataSetInternalID="27" olca:unitId="1c3a9695-398d-4b1f-b07e-a8715b610f70" olca:propertyId="93a60a56-a3c8-22da-a746-0800200c9a66" olca:amount="0.067858149">
            <referenceToFlowDataSet type="flow data set" refObjectId="bb1dc159-fe13-3f8e-8197-361e8c770ba3" version="01.00.000" uri="../flows/bb1dc159-fe13-3f8e-8197-361e8c770ba3">
                <common:shortDescription xml:lang="en">Natural gas, combusted in industrial boiler</common:shortDescription>
            </referenceToFlowDataSet>
            <exchangeDirection>Input</exchangeDirection>
            <meanAmount>0.067858149</meanAmount>
            <resultingAmount>0.067858149</resultingAmount>
            <allocations>
                <allocation internalReferenceToCoProduct="7" allocatedFraction="0.0"/>
                <allocation internalReferenceToCoProduct="0" allocatedFraction="100.0"/>
            </allocations>
        </exchange>
        <exchange xmlns:olca="http://openlca.org/ilcd-extensions" dataSetInternalID="0" olca:unitId="20aadc24-a391-41cf-b340-3e4529f44bde" olca:propertyId="93a60a56-a3c8-11da-a746-0800200b9a66" olca:amount="1.0">
            <referenceToFlowDataSet type="flow data set" refObjectId="1ada3cba-253f-3aad-8f2b-5ed447b39f26" version="01.00.000" uri="../flows/1ada3cba-253f-3aad-8f2b-5ed447b39f26">
                <common:shortDescription xml:lang="en">Polyol ether, for rigid foam polyurethane production, at plant</common:shortDescription>
            </referenceToFlowDataSet>
            <exchangeDirection>Output</exchangeDirection>
            <meanAmount>1.0</meanAmount>
            <resultingAmount>1.0</resultingAmount>
            <allocations>
                <allocation internalReferenceToCoProduct="0" allocatedFraction="100.0"/>
            </allocations>
            <generalComment xml:lang="en">This data module includes cradle-to-gate inventory data for sucrose production from sugar beets. The mass imbalance is due to the inclusion of total sugar beets used from harvest; no outputs are shown for land-applied wastes or animal feed from sugar beet processing to sucrose.</generalComment>
        </exchange>
        <exchange xmlns:olca="http://openlca.org/ilcd-extensions" dataSetInternalID="2" olca:unitId="20aadc24-a391-41cf-b340-3e4529f44bde" olca:propertyId="93a60a56-a3c8-11da-a746-0800200b9a66" olca:amount="0.001">
            <referenceToFlowDataSet type="flow data set" refObjectId="33d5907f-322f-336d-b23f-f2959923f99f" version="01.00.000" uri="../flows/33d5907f-322f-336d-b23f-f2959923f99f">
                <common:shortDescription xml:lang="en">COD, Chemical Oxygen Demand</common:shortDescription>
            </referenceToFlowDataSet>
            <exchangeDirection>Output</exchangeDirection>
            <meanAmount>0.001</meanAmount>
            <resultingAmount>0.001</resultingAmount>
            <allocations>
                <allocation internalReferenceToCoProduct="7" allocatedFraction="0.0"/>
                <allocation internalReferenceToCoProduct="0" allocatedFraction="100.0"/>
            </allocations>
            <generalComment xml:lang="en">This emission was reported by fewer than three companies. To indicate known emissions while protecting the confidentiality of individual company responses, the emission is reported only by order of magnitude.</generalComment>
        </exchange>
        <exchange xmlns:olca="http://openlca.org/ilcd-extensions" dataSetInternalID="12" olca:unitId="20aadc24-a391-41cf-b340-3e4529f44bde" olca:propertyId="93a60a56-a3c8-11da-a746-0800200b9a66" olca:amount="3.3E-5">
            <referenceToFlowDataSet type="flow data set" refObjectId="441e7e96-6101-3856-ac4f-8f74c8005ba9" version="01.00.000" uri="../flows/441e7e96-6101-3856-ac4f-8f74c8005ba9">
                <common:shortDescription xml:lang="en">Particulates, &gt; 2.5 um, and &lt; 10um</common:shortDescription>
            </referenceToFlowDataSet>
            <exchangeDirection>Output</exchangeDirection>
            <meanAmount>3.3E-5</meanAmount>
            <resultingAmount>3.3E-5</resultingAmount>
            <allocations>
                <allocation internalReferenceToCoProduct="7" allocatedFraction="0.0"/>
                <allocation internalReferenceToCoProduct="0" allocatedFraction="100.0"/>
            </allocations>
        </exchange>
        <exchange xmlns:olca="http://openlca.org/ilcd-extensions" dataSetInternalID="29" olca:unitId="20aadc24-a391-41cf-b340-3e4529f44bde" olca:propertyId="93a60a56-a3c8-11da-a746-0800200b9a66" olca:amount="1.0E-7">
            <referenceToFlowDataSet type="flow data set" refObjectId="fce7dbb7-d08d-34ae-875c-1afb623e7213" version="01.00.000" uri="../flows/fce7dbb7-d08d-34ae-875c-1afb623e7213">
                <common:shortDescription xml:lang="en">Chlorine</common:shortDescription>
            </referenceToFlowDataSet>
            <exchangeDirection>Output</exchangeDirection>
            <meanAmount>1.0E-7</meanAmount>
            <resultingAmount>1.0E-7</resultingAmount>
            <allocations>
                <allocation internalReferenceToCoProduct="7" allocatedFraction="0.0"/>
                <allocation internalReferenceToCoProduct="0" allocatedFraction="100.0"/>
            </allocations>
            <generalComment xml:lang="en">This emission was reported by fewer than three companies. To indicate known emissions while protecting the confidentiality of individual company responses, the emission is reported only by order of magnitude.</generalComment>
        </exchange>
        <exchange xmlns:olca="http://openlca.org/ilcd-extensions" dataSetInternalID="30" olca:unitId="86ad2244-1f0e-4912-af53-7865283103e4" olca:propertyId="f6811440-ee37-11de-8a39-0800200c9a66" olca:amount="0.133597883597884">
            <referenceToFlowDataSet type="flow data set" refObjectId="fc76d79e-b0fb-376f-807b-02fe2098aa88" version="01.00.000" uri="../flows/fc76d79e-b0fb-376f-807b-02fe2098aa88">
                <common:shortDescription xml:lang="en">Electricity, at cogen, for natural gas turbine</common:shortDescription>
            </referenceToFlowDataSet>
            <exchangeDirection>Input</exchangeDirection>
            <meanAmount>0.4809523809523824</meanAmount>
            <resultingAmount>0.4809523809523824</resultingAmount>
            <allocations>
                <allocation internalReferenceToCoProduct="7" allocatedFraction="0.0"/>
                <allocation internalReferenceToCoProduct="0" allocatedFraction="100.0"/>
            </allocations>
        </exchange>
        <exchange xmlns:olca="http://openlca.org/ilcd-extensions" dataSetInternalID="23" olca:unitId="20aadc24-a391-41cf-b340-3e4529f44bde" olca:propertyId="93a60a56-a3c8-11da-a746-0800200b9a66" olca:amount="1.0E-7">
            <referenceToFlowDataSet type="flow data set" refObjectId="91c6fb89-85ed-310b-8197-fb35a753bd97" version="01.00.000" uri="../flows/91c6fb89-85ed-310b-8197-fb35a753bd97">
                <common:shortDescription xml:lang="en">Suspended solids, unspecified</common:shortDescription>
            </referenceToFlowDataSet>
            <exchangeDirection>Output</exchangeDirection>
            <meanAmount>1.0E-7</meanAmount>
            <resultingAmount>1.0E-7</resultingAmount>
            <allocations>
                <allocation internalReferenceToCoProduct="0" allocatedFraction="100.0"/>
                <allocation internalReferenceToCoProduct="7" allocatedFraction="0.0"/>
            </allocations>
            <generalComment xml:lang="en">This emission was reported by fewer than three companies. To indicate known emissions while protecting the confidentiality of individual company responses, the emission is reported only by order of magnitude.</generalComment>
        </exchange>
        <exchange xmlns:olca="http://openlca.org/ilcd-extensions" dataSetInternalID="7" olca:unitId="52765a6c-3896-43c2-b2f4-c679acf13efe" olca:propertyId="f6811440-ee37-11de-8a39-0800200c9a66" olca:amount="0.231319641727125">
            <referenceToFlowDataSet type="flow data set" refObjectId="bdd323b8-1b5c-340d-9301-e2d28c075cca" version="01.00.000" uri="../flows/bdd323b8-1b5c-340d-9301-e2d28c075cca">
                <common:shortDescription xml:lang="en">Recovered energy</common:shortDescription>
            </referenceToFlowDataSet>
            <exchangeDirection>Output</exchangeDirection>
            <meanAmount>0.231319641727125</meanAmount>
            <resultingAmount>0.231319641727125</resultingAmount>
            <allocations>
                <allocation internalReferenceToCoProduct="7" allocatedFraction="0.0"/>
            </allocations>
            <generalComment xml:lang="en">Credit for steam or heat co-product sold externally.</generalComment>
        </exchange>
        <exchange xmlns:olca="http://openlca.org/ilcd-extensions" dataSetInternalID="16" olca:unitId="0dea4ed8-bb6b-4049-b2b4-b2c413ef2180" olca:propertyId="838aaa20-0117-11db-92e3-0800200c9a66" olca:amount="0.0333072654">
            <referenceToFlowDataSet type="flow data set" refObjectId="73c7494d-4e93-3769-896b-8bb82f0dfccc" version="01.00.000" uri="../flows/73c7494d-4e93-3769-896b-8bb82f0dfccc">
                <common:shortDescription xml:lang="en">Transport, train, diesel powered</common:shortDescription>
            </referenceToFlowDataSet>
            <exchangeDirection>Input</exchangeDirection>
            <meanAmount>0.0333072654</meanAmount>
            <resultingAmount>0.0333072654</resultingAmount>
            <allocations>
                <allocation internalReferenceToCoProduct="0" allocatedFraction="100.0"/>
                <allocation internalReferenceToCoProduct="7" allocatedFraction="0.0"/>
            </allocations>
            <generalComment xml:lang="en">Transportation energy includes that for transporting the sugar beets to the sucrose plant and the sucrose to the polyols plant.</generalComment>
        </exchange>
        <exchange xmlns:olca="http://openlca.org/ilcd-extensions" dataSetInternalID="24" olca:unitId="0dea4ed8-bb6b-4049-b2b4-b2c413ef2180" olca:propertyId="838aaa20-0117-11db-92e3-0800200c9a66" olca:amount="7.01263583815029E-4">
            <referenceToFlowDataSet type="flow data set" refObjectId="a1242640-8306-366c-9c55-6dfd23e77bd7" version="01.00.000" uri="../flows/a1242640-8306-366c-9c55-6dfd23e77bd7">
                <common:shortDescription xml:lang="en">Transport, barge, diesel powered</common:shortDescription>
            </referenceToFlowDataSet>
            <exchangeDirection>Input</exchangeDirection>
            <meanAmount>7.01263583815029E-4</meanAmount>
            <resultingAmount>7.01263583815029E-4</resultingAmount>
            <allocations>
                <allocation internalReferenceToCoProduct="0" allocatedFraction="100.0"/>
                <allocation internalReferenceToCoProduct="7" allocatedFraction="0.0"/>
            </allocations>
            <generalComment xml:lang="en">Values for barge transport are calculated based on average fuel consumption rates as reported in Transportation Energy Data Book: Edition 22 from Oak Ridge National Laboratory, September 2002: 22% of barges use diesel fuel in their engines, 78% use residual oil to generate steam for steam turbines, and a barge that consumes residual oil consumes 3.4 gallons per 1,000 ton-miles </generalComment>
        </exchange>
        <exchange xmlns:olca="http://openlca.org/ilcd-extensions" dataSetInternalID="18" olca:unitId="20aadc24-a391-41cf-b340-3e4529f44bde" olca:propertyId="93a60a56-a3c8-11da-a746-0800200b9a66" olca:amount="0.013">
            <referenceToFlowDataSet type="flow data set" refObjectId="4024ebbc-8077-37c4-b8a8-07d54267c5fa" version="01.00.000" uri="../flows/4024ebbc-8077-37c4-b8a8-07d54267c5fa">
                <common:shortDescription xml:lang="en">CUTOFF Potassium hydroxide, production mix, at plant, for polyol foams</common:shortDescription>
            </referenceToFlowDataSet>
            <exchangeDirection>Input</exchangeDirection>
            <meanAmount>0.013</meanAmount>
            <resultingAmount>0.013</resultingAmount>
            <allocations>
                <allocation internalReferenceToCoProduct="7" allocatedFraction="0.0"/>
                <allocation internalReferenceToCoProduct="0" allocatedFraction="100.0"/>
            </allocations>
            <generalComment xml:lang="en">Data for the production of sodium hydroxide are used as a surrogate for the production of the potassium hydroxide required for the resin.</generalComment>
        </exchange>
        <exchange xmlns:olca="http://openlca.org/ilcd-extensions" dataSetInternalID="3" olca:unitId="20aadc24-a391-41cf-b340-3e4529f44bde" olca:propertyId="93a60a56-a3c8-11da-a746-0800200b9a66" olca:amount="2.5E-4">
            <referenceToFlowDataSet type="flow data set" refObjectId="b641465b-5594-34f2-a9f8-72ceb302de17" version="01.00.000" uri="../flows/b641465b-5594-34f2-a9f8-72ceb302de17">
                <common:shortDescription xml:lang="en">Particulates, unspecified</common:shortDescription>
            </referenceToFlowDataSet>
            <exchangeDirection>Output</exchangeDirection>
            <meanAmount>2.5E-4</meanAmount>
            <resultingAmount>2.5E-4</resultingAmount>
            <allocations>
                <allocation internalReferenceToCoProduct="7" allocatedFraction="0.0"/>
                <allocation internalReferenceToCoProduct="0" allocatedFraction="100.0"/>
            </allocations>
        </exchange>
        <exchange xmlns:olca="http://openlca.org/ilcd-extensions" dataSetInternalID="5" olca:unitId="20aadc24-a391-41cf-b340-3e4529f44bde" olca:propertyId="93a60a56-a3c8-11da-a746-0800200b9a66" olca:amount="0.01682">
            <referenceToFlowDataSet type="flow data set" refObjectId="63af114b-afcb-3a82-801a-9c66208a673a" version="01.00.000" uri="../flows/63af114b-afcb-3a82-801a-9c66208a673a">
                <common:shortDescription xml:lang="en">Carbon dioxide, fossil </common:shortDescription>
            </referenceToFlowDataSet>
            <exchangeDirection>Output</exchangeDirection>
            <meanAmount>0.01682</meanAmount>
            <resultingAmount>0.01682</resultingAmount>
            <allocations>
                <allocation internalReferenceToCoProduct="0" allocatedFraction="100.0"/>
                <allocation internalReferenceToCoProduct="7" allocatedFraction="0.0"/>
            </allocations>
        </exchange>
        <exchange xmlns:olca="http://openlca.org/ilcd-extensions" dataSetInternalID="25" olca:unitId="20aadc24-a391-41cf-b340-3e4529f44bde" olca:propertyId="93a60a56-a3c8-11da-a746-0800200b9a66" olca:amount="1.1E-4">
            <referenceToFlowDataSet type="flow data set" refObjectId="c746fcf6-c553-3f40-9445-6f0b14a727de" version="01.00.000" uri="../flows/c746fcf6-c553-3f40-9445-6f0b14a727de">
                <common:shortDescription xml:lang="en">Organic substances, unspecified</common:shortDescription>
            </referenceToFlowDataSet>
            <exchangeDirection>Output</exchangeDirection>
            <meanAmount>1.1E-4</meanAmount>
            <resultingAmount>1.1E-4</resultingAmount>
            <allocations>
                <allocation internalReferenceToCoProduct="0" allocatedFraction="100.0"/>
                <allocation internalReferenceToCoProduct="7" allocatedFraction="0.0"/>
            </allocations>
        </exchange>
        <exchange xmlns:olca="http://openlca.org/ilcd-extensions" dataSetInternalID="10" olca:unitId="b80a512e-e402-4363-8ad0-7d02dcf4a459" olca:propertyId="93a60a56-a3c8-22da-a746-0800200c9a66" olca:amount="0.02536576">
            <referenceToFlowDataSet type="flow data set" refObjectId="bc38e349-1ccf-3855-a615-a4f581ab875b" version="01.00.000" uri="../flows/bc38e349-1ccf-3855-a615-a4f581ab875b">
                <common:shortDescription xml:lang="en">Gasoline, combusted in equipment</common:shortDescription>
            </referenceToFlowDataSet>
            <exchangeDirection>Input</exchangeDirection>
            <meanAmount>2.536576E-5</meanAmount>
            <resultingAmount>2.536576E-5</resultingAmount>
            <allocations>
                <allocation internalReferenceToCoProduct="0" allocatedFraction="100.0"/>
                <allocation internalReferenceToCoProduct="7" allocatedFraction="0.0"/>
            </allocations>
        </exchange>
        <exchange xmlns:olca="http://openlca.org/ilcd-extensions" dataSetInternalID="13" olca:unitId="20aadc24-a391-41cf-b340-3e4529f44bde" olca:propertyId="93a60a56-a3c8-11da-a746-0800200b9a66" olca:amount="0.0725">
            <referenceToFlowDataSet type="flow data set" refObjectId="8fe57bef-7504-3270-8dbd-13c0df6ddaac" version="01.00.000" uri="../flows/8fe57bef-7504-3270-8dbd-13c0df6ddaac">
                <common:shortDescription xml:lang="en">Limestone, at mine</common:shortDescription>
            </referenceToFlowDataSet>
            <exchangeDirection>Input</exchangeDirection>
            <meanAmount>0.0725</meanAmount>
            <resultingAmount>0.0725</resultingAmount>
            <allocations>
                <allocation internalReferenceToCoProduct="7" allocatedFraction="0.0"/>
                <allocation internalReferenceToCoProduct="0" allocatedFraction="100.0"/>
            </allocations>
        </exchange>
        <exchange xmlns:olca="http://openlca.org/ilcd-extensions" dataSetInternalID="28" olca:unitId="20aadc24-a391-41cf-b340-3e4529f44bde" olca:propertyId="93a60a56-a3c8-11da-a746-0800200b9a66" olca:amount="0.76">
            <referenceToFlowDataSet type="flow data set" refObjectId="e3e36b0b-cd9f-3394-924d-2e565e97d38d" version="01.00.000" uri="../flows/e3e36b0b-cd9f-3394-924d-2e565e97d38d">
                <common:shortDescription xml:lang="en">Propylene oxide, at plant</common:shortDescription>
            </referenceToFlowDataSet>
            <exchangeDirection>Input</exchangeDirection>
            <meanAmount>0.76</meanAmount>
            <resultingAmount>0.76</resultingAmount>
            <allocations>
                <allocation internalReferenceToCoProduct="7" allocatedFraction="0.0"/>
                <allocation internalReferenceToCoProduct="0" allocatedFraction="100.0"/>
            </allocations>
        </exchange>
        <exchange xmlns:olca="http://openlca.org/ilcd-extensions" dataSetInternalID="15" olca:unitId="20aadc24-a391-41cf-b340-3e4529f44bde" olca:propertyId="93a60a56-a3c8-11da-a746-0800200b9a66" olca:amount="0.0544">
            <referenceToFlowDataSet type="flow data set" refObjectId="73cd1596-214d-3403-87f1-f69fc3818886" version="01.00.000" uri="../flows/73cd1596-214d-3403-87f1-f69fc3818886">
                <common:shortDescription xml:lang="en">Bituminous coal, combusted in industrial boiler</common:shortDescription>
            </referenceToFlowDataSet>
            <exchangeDirection>Input</exchangeDirection>
            <meanAmount>0.0544</meanAmount>
            <resultingAmount>0.0544</resultingAmount>
            <allocations>
                <allocation internalReferenceToCoProduct="7" allocatedFraction="0.0"/>
                <allocation internalReferenceToCoProduct="0" allocatedFraction="100.0"/>
            </allocations>
        </exchange>
        <exchange xmlns:olca="http://openlca.org/ilcd-extensions" dataSetInternalID="6" olca:unitId="20aadc24-a391-41cf-b340-3e4529f44bde" olca:propertyId="93a60a56-a3c8-11da-a746-0800200b9a66" olca:amount="6.4E-5">
            <referenceToFlowDataSet type="flow data set" refObjectId="838cef47-a3a6-3dce-bcb2-560991c5e95c" version="01.00.000" uri="../flows/838cef47-a3a6-3dce-bcb2-560991c5e95c">
                <common:shortDescription xml:lang="en">CUTOFF Disposal, solid waste, unspecified, to sanitary landfill</common:shortDescription>
            </referenceToFlowDataSet>
            <exchangeDirection>Input</exchangeDirection>
            <meanAmount>6.4E-5</meanAmount>
            <resultingAmount>6.4E-5</resultingAmount>
            <allocations>
                <allocation internalReferenceToCoProduct="7" allocatedFraction="0.0"/>
                <allocation internalReferenceToCoProduct="0" allocatedFraction="100.0"/>
            </allocations>
        </exchange>
        <exchange xmlns:olca="http://openlca.org/ilcd-extensions" dataSetInternalID="21" olca:unitId="20aadc24-a391-41cf-b340-3e4529f44bde" olca:propertyId="93a60a56-a3c8-11da-a746-0800200b9a66" olca:amount="9.9E-7">
            <referenceToFlowDataSet type="flow data set" refObjectId="3398b3ee-0652-3778-a374-804cd0d7b6a6" version="01.00.000" uri="../flows/3398b3ee-0652-3778-a374-804cd0d7b6a6">
                <common:shortDescription xml:lang="en">Sulfur oxides</common:shortDescription>
            </referenceToFlowDataSet>
            <exchangeDirection>Output</exchangeDirection>
            <meanAmount>9.9E-7</meanAmount>
            <resultingAmount>9.9E-7</resultingAmount>
            <allocations>
                <allocation internalReferenceToCoProduct="0" allocatedFraction="100.0"/>
                <allocation internalReferenceToCoProduct="7" allocatedFraction="0.0"/>
            </allocations>
        </exchange>
        <exchange xmlns:olca="http://openlca.org/ilcd-extensions" dataSetInternalID="20" olca:unitId="20aadc24-a391-41cf-b340-3e4529f44bde" olca:propertyId="93a60a56-a3c8-11da-a746-0800200b9a66" olca:amount="9.1E-4">
            <referenceToFlowDataSet type="flow data set" refObjectId="53b5ce8f-c792-3f05-a4b1-3e8f2cc3aad1" version="01.00.000" uri="../flows/53b5ce8f-c792-3f05-a4b1-3e8f2cc3aad1">
                <common:shortDescription xml:lang="en">Nitrogen</common:shortDescription>
            </referenceToFlowDataSet>
            <exchangeDirection>Output</exchangeDirection>
            <meanAmount>9.1E-4</meanAmount>
            <resultingAmount>9.1E-4</resultingAmount>
            <allocations>
                <allocation internalReferenceToCoProduct="0" allocatedFraction="100.0"/>
                <allocation internalReferenceToCoProduct="7" allocatedFraction="0.0"/>
            </allocations>
        </exchange>
        <exchange xmlns:olca="http://openlca.org/ilcd-extensions" dataSetInternalID="1" olca:unitId="20aadc24-a391-41cf-b340-3e4529f44bde" olca:propertyId="93a60a56-a3c8-11da-a746-0800200b9a66" olca:amount="1.215">
            <referenceToFlowDataSet type="flow data set" refObjectId="b99fc89a-89e8-34a1-b57b-f01a71119c9b" version="01.00.000" uri="../flows/b99fc89a-89e8-34a1-b57b-f01a71119c9b">
                <common:shortDescription xml:lang="en">Sugar beets, in ground</common:shortDescription>
            </referenceToFlowDataSet>
            <exchangeDirection>Input</exchangeDirection>
            <meanAmount>1.215</meanAmount>
            <resultingAmount>1.215</resultingAmount>
            <allocations>
                <allocation internalReferenceToCoProduct="7" allocatedFraction="0.0"/>
                <allocation internalReferenceToCoProduct="0" allocatedFraction="100.0"/>
            </allocations>
            <generalComment xml:lang="en">Mass imbalance is due to the inclusion of total sugar beets used from harvest; no outputs are shown for land-applied wastes or animal feed from sugar beet processing to sucrose.</generalComment>
        </exchange>
        <exchange xmlns:olca="http://openlca.org/ilcd-extensions" dataSetInternalID="11" olca:unitId="0dea4ed8-bb6b-4049-b2b4-b2c413ef2180" olca:propertyId="838aaa20-0117-11db-92e3-0800200c9a66" olca:amount="0.00233170141618497">
            <referenceToFlowDataSet type="flow data set" refObjectId="c2cc68fe-1754-3468-a973-51c2f5c82fcd" version="01.00.000" uri="../flows/c2cc68fe-1754-3468-a973-51c2f5c82fcd">
                <common:shortDescription xml:lang="en">Transport, barge, residual fuel oil powered</common:shortDescription>
            </referenceToFlowDataSet>
            <exchangeDirection>Input</exchangeDirection>
            <meanAmount>0.00233170141618497</meanAmount>
            <resultingAmount>0.00233170141618497</resultingAmount>
            <allocations>
                <allocation internalReferenceToCoProduct="0" allocatedFraction="100.0"/>
                <allocation internalReferenceToCoProduct="7" allocatedFraction="0.0"/>
            </allocations>
            <generalComment xml:lang="en">Values for barge transport are calculated based on average fuel consumption rates as reported in Transportation Energy Data Book: Edition 22 from Oak Ridge National Laboratory, September 2002: 22% of barges use diesel fuel in their engines, 78% use residual oil to generate steam for steam turbines, and a barge that consumes residual oil consumes 3.4 gallons per 1,000 ton-miles </generalComment>
        </exchange>
        <exchange xmlns:olca="http://openlca.org/ilcd-extensions" dataSetInternalID="14" olca:unitId="0dea4ed8-bb6b-4049-b2b4-b2c413ef2180" olca:propertyId="838aaa20-0117-11db-92e3-0800200c9a66" olca:amount="0.2571140166">
            <referenceToFlowDataSet type="flow data set" refObjectId="628c07ec-0802-39c1-ab88-1c62848ef436" version="01.00.000" uri="../flows/628c07ec-0802-39c1-ab88-1c62848ef436">
                <common:shortDescription xml:lang="en">Transport, combination truck, diesel powered</common:shortDescription>
            </referenceToFlowDataSet>
            <exchangeDirection>Input</exchangeDirection>
            <meanAmount>0.2571140166</meanAmount>
            <resultingAmount>0.2571140166</resultingAmount>
            <allocations>
                <allocation internalReferenceToCoProduct="0" allocatedFraction="100.0"/>
                <allocation internalReferenceToCoProduct="7" allocatedFraction="0.0"/>
            </allocations>
            <generalComment xml:lang="en">Transport is specific to propylene oxide delivered to producers of polyether polyol for rigid foam PUR. It also represents transporting the sugar beets to the sucrose plant and the sucrose to the polyols plant. </generalComment>
        </exchange>
        <exchange xmlns:olca="http://openlca.org/ilcd-extensions" dataSetInternalID="4" olca:unitId="86ad2244-1f0e-4912-af53-7865283103e4" olca:propertyId="f6811440-ee37-11de-8a39-0800200c9a66" olca:amount="0.106481481481481">
            <referenceToFlowDataSet type="flow data set" refObjectId="06581fb2-1de0-3e78-8298-f37605dea142" version="01.00.000" uri="../flows/06581fb2-1de0-3e78-8298-f37605dea142">
                <common:shortDescription xml:lang="en">Electricity, at grid, US, 2008</common:shortDescription>
            </referenceToFlowDataSet>
            <exchangeDirection>Input</exchangeDirection>
            <meanAmount>0.3833333333333316</meanAmount>
            <resultingAmount>0.3833333333333316</resultingAmount>
            <allocations>
                <allocation internalReferenceToCoProduct="0" allocatedFraction="100.0"/>
                <allocation internalReferenceToCoProduct="7" allocatedFraction="0.0"/>
            </allocations>
        </exchange>
        <exchange xmlns:olca="http://openlca.org/ilcd-extensions" dataSetInternalID="22" olca:unitId="b80a512e-e402-4363-8ad0-7d02dcf4a459" olca:propertyId="93a60a56-a3c8-22da-a746-0800200c9a66" olca:amount="0.01518608">
            <referenceToFlowDataSet type="flow data set" refObjectId="d815ff18-015c-3afb-be18-be03bdf325da" version="01.00.000" uri="../flows/d815ff18-015c-3afb-be18-be03bdf325da">
                <common:shortDescription xml:lang="en">Diesel, combusted in industrial equipment</common:shortDescription>
            </referenceToFlowDataSet>
            <exchangeDirection>Input</exchangeDirection>
            <meanAmount>1.518608E-5</meanAmount>
            <resultingAmount>1.518608E-5</resultingAmount>
            <allocations>
                <allocation internalReferenceToCoProduct="7" allocatedFraction="0.0"/>
                <allocation internalReferenceToCoProduct="0" allocatedFraction="100.0"/>
            </allocations>
            <generalComment xml:lang="en">Includes diesel fuel and distillate oil amounts.</generalComment>
        </exchange>
        <exchange xmlns:olca="http://openlca.org/ilcd-extensions" dataSetInternalID="17" olca:unitId="20aadc24-a391-41cf-b340-3e4529f44bde" olca:propertyId="93a60a56-a3c8-11da-a746-0800200b9a66" olca:amount="1.0E-5">
            <referenceToFlowDataSet type="flow data set" refObjectId="e10319a4-662e-3d3a-b3dc-03bbbca0e66f" version="01.00.000" uri="../flows/e10319a4-662e-3d3a-b3dc-03bbbca0e66f">
                <common:shortDescription xml:lang="en">Particulates, &lt; 2.5 um </common:shortDescription>
            </referenceToFlowDataSet>
            <exchangeDirection>Output</exchangeDirection>
            <meanAmount>1.0E-5</meanAmount>
            <resultingAmount>1.0E-5</resultingAmount>
            <allocations>
                <allocation internalReferenceToCoProduct="0" allocatedFraction="100.0"/>
                <allocation internalReferenceToCoProduct="7" allocatedFraction="0.0"/>
            </allocations>
            <generalComment xml:lang="en">This emission was reported by fewer than three companies. To indicate known emissions while protecting the confidentiality of individual company responses, the emission is reported only by order of magnitude.</generalComment>
        </exchange>
        <exchange xmlns:olca="http://openlca.org/ilcd-extensions" dataSetInternalID="26" olca:unitId="20aadc24-a391-41cf-b340-3e4529f44bde" olca:propertyId="93a60a56-a3c8-11da-a746-0800200b9a66" olca:amount="1.3E-4">
            <referenceToFlowDataSet type="flow data set" refObjectId="80c9c183-6e8e-3cba-a608-1d70820c3ce9" version="01.00.000" uri="../flows/80c9c183-6e8e-3cba-a608-1d70820c3ce9">
                <common:shortDescription xml:lang="en">Carbon monoxide</common:shortDescription>
            </referenceToFlowDataSet>
            <exchangeDirection>Output</exchangeDirection>
            <meanAmount>1.3E-4</meanAmount>
            <resultingAmount>1.3E-4</resultingAmount>
            <allocations>
                <allocation internalReferenceToCoProduct="0" allocatedFraction="100.0"/>
                <allocation internalReferenceToCoProduct="7" allocatedFraction="0.0"/>
            </allocations>
        </exchange>
        <exchange xmlns:olca="http://openlca.org/ilcd-extensions" dataSetInternalID="19" olca:unitId="20aadc24-a391-41cf-b340-3e4529f44bde" olca:propertyId="93a60a56-a3c8-11da-a746-0800200b9a66" olca:amount="8.9E-4">
            <referenceToFlowDataSet type="flow data set" refObjectId="16a0fc94-eaec-315c-9f2f-328d8833dcad" version="01.00.000" uri="../flows/16a0fc94-eaec-315c-9f2f-328d8833dcad">
                <common:shortDescription xml:lang="en">BOD5, Biological Oxygen Demand</common:shortDescription>
            </referenceToFlowDataSet>
            <exchangeDirection>Output</exchangeDirection>
            <meanAmount>8.9E-4</meanAmount>
            <resultingAmount>8.9E-4</resultingAmount>
            <allocations>
                <allocation internalReferenceToCoProduct="0" allocatedFraction="100.0"/>
                <allocation internalReferenceToCoProduct="7" allocatedFraction="0.0"/>
            </allocations>
        </exchange>
        <exchange xmlns:olca="http://openlca.org/ilcd-extensions" dataSetInternalID="8" olca:unitId="20aadc24-a391-41cf-b340-3e4529f44bde" olca:propertyId="93a60a56-a3c8-11da-a746-0800200b9a66" olca:amount="4.2E-4">
            <referenceToFlowDataSet type="flow data set" refObjectId="1827a862-ccac-37ac-9ad7-d2dffe71058c" version="01.00.000" uri="../flows/1827a862-ccac-37ac-9ad7-d2dffe71058c">
                <common:shortDescription xml:lang="en">Nitrogen oxides </common:shortDescription>
            </referenceToFlowDataSet>
            <exchangeDirection>Output</exchangeDirection>
            <meanAmount>4.2E-4</meanAmount>
            <resultingAmount>4.2E-4</resultingAmount>
            <allocations>
                <allocation internalReferenceToCoProduct="0" allocatedFraction="100.0"/>
                <allocation internalReferenceToCoProduct="7" allocatedFraction="0.0"/>
            </allocations>
        </exchange>
        <exchange xmlns:olca="http://openlca.org/ilcd-extensions" dataSetInternalID="9" olca:unitId="0dea4ed8-bb6b-4049-b2b4-b2c413ef2180" olca:propertyId="838aaa20-0117-11db-92e3-0800200c9a66" olca:amount="0.00122284">
            <referenceToFlowDataSet type="flow data set" refObjectId="acbe5bc4-6afd-31aa-bf3f-4a3fdc491945" version="01.00.000" uri="../flows/acbe5bc4-6afd-31aa-bf3f-4a3fdc491945">
                <common:shortDescription xml:lang="en">Transport, pipeline, unspecified petroleum products</common:shortDescription>
            </referenceToFlowDataSet>
            <exchangeDirection>Input</exchangeDirection>
            <meanAmount>0.00122284</meanAmount>
            <resultingAmount>0.00122284</resultingAmount>
            <allocations>
                <allocation internalReferenceToCoProduct="0" allocatedFraction="100.0"/>
                <allocation internalReferenceToCoProduct="7" allocatedFraction="0.0"/>
            </allocations>
            <generalComment xml:lang="en">Transport is specific to propylene oxide delivered to producers of polyether polyol for rigid foam PUR</generalComment>
        </exchange>
    </exchanges>
</processDataSet>
