<?xml version="1.0" encoding="UTF-8" standalone="yes"?>
<processDataSet xmlns:m="http://lca.jrc.it/ILCD/LCIAMethod" xmlns:common="http://lca.jrc.it/ILCD/Common" xmlns:s="http://lca.jrc.it/ILCD/Source" xmlns:c="http://lca.jrc.it/ILCD/Contact" xmlns:f="http://lca.jrc.it/ILCD/Flow" xmlns="http://lca.jrc.it/ILCD/Process" xmlns:fp="http://lca.jrc.it/ILCD/FlowProperty" xmlns:u="http://lca.jrc.it/ILCD/UnitGroup" version="1.1">
    <processInformation>
        <dataSetInformation>
            <common:UUID>f7b7280d-f372-3a4b-86cf-caa588ca67ea</common:UUID>
            <name>
                <baseName xml:lang="en">Recycled postconsumer PET flake</baseName>
            </name>
            <classificationInformation>
                <common:classification>
                    <common:class level="0" classId="aace7bf8-a0e3-3515-8b6c-2c4211ad420b">Chemical Manufacturing</common:class>
                    <common:class level="1" classId="6008bb4b-9075-3504-bd80-796aa5550213">Processing postconsumer PET to flake</common:class>
                </common:classification>
            </classificationInformation>
        </dataSetInformation>
        <quantitativeReference type="Reference flow(s)">
            <referenceToReferenceFlow>0</referenceToReferenceFlow>
        </quantitativeReference>
        <time xmlns:olca="http://openlca.org/ilcd-extensions" olca:startDate="1167548400000" olca:endDate="1199084400000">
            <common:referenceYear>2006</common:referenceYear>
            <common:dataSetValidUntil>2007</common:dataSetValidUntil>
        </time>
        <geography>
            <locationOfOperationSupplyOrProduction location="RNA" latitudeAndLongitude="58.71,-91.96">
                <descriptionOfRestrictions xml:lang="en">United States</descriptionOfRestrictions>
            </locationOfOperationSupplyOrProduction>
        </geography>
        <technology>
            <technologyDescriptionAndIncludedProcesses xml:lang="en">Typical</technologyDescriptionAndIncludedProcesses>
        </technology>
    </processInformation>
    <modellingAndValidation>
        <LCIMethodAndAllocation>
            <typeOfDataSet>Unit process, black box</typeOfDataSet>
            <LCIMethodPrinciple>Other</LCIMethodPrinciple>
        </LCIMethodAndAllocation>
        <dataSourcesTreatmentAndRepresentativeness>
            <deviationsFromCutOffAndCompletenessPrinciples xml:lang="en">None.</deviationsFromCutOffAndCompletenessPrinciples>
            <deviationsFromSelectionAndCombinationPrinciples xml:lang="en">None.</deviationsFromSelectionAndCombinationPrinciples>
            <referenceToDataSource type="source data set" refObjectId="7c9805e8-276e-3f66-bfa5-aa9d723cd357" version="01.00.000" uri="../sources/7c9805e8-276e-3f66-bfa5-aa9d723cd357">
                <common:shortDescription xml:lang="en">THE PLASTICS DIVISION OF THE AMERICAN CH </common:shortDescription>
            </referenceToDataSource>
        </dataSourcesTreatmentAndRepresentativeness>
    </modellingAndValidation>
    <administrativeInformation>
        <dataGenerator>
            <common:referenceToPersonOrEntityGeneratingTheDataSet type="contact data set" refObjectId="f238e394-b16d-3194-9c3d-cfd600a1cc95" version="01.00.000" uri="../contacts/f238e394-b16d-3194-9c3d-cfd600a1cc95">
                <common:shortDescription xml:lang="en">Franklin Associates</common:shortDescription>
            </common:referenceToPersonOrEntityGeneratingTheDataSet>
        </dataGenerator>
        <dataEntryBy>
            <common:timeStamp>2018-04-11T15:59:35.961-06:00</common:timeStamp>
            <common:referenceToDataSetFormat type="source data set" refObjectId="a97a0155-0234-4b87-b4ce-a45da52f2a40" version="01.01.000" uri="../sources/a97a0155-0234-4b87-b4ce-a45da52f2a40_01.01.000.xml">
                <common:shortDescription xml:lang="en">ILCD format</common:shortDescription>
            </common:referenceToDataSetFormat>
            <common:referenceToPersonOrEntityEnteringTheData type="contact data set" refObjectId="f238e394-b16d-3194-9c3d-cfd600a1cc95" version="01.00.000" uri="../contacts/f238e394-b16d-3194-9c3d-cfd600a1cc95">
                <common:shortDescription xml:lang="en">Franklin Associates</common:shortDescription>
            </common:referenceToPersonOrEntityEnteringTheData>
        </dataEntryBy>
        <publicationAndOwnership>
            <common:dateOfLastRevision>2015-08-20T15:33:46.886-06:00</common:dateOfLastRevision>
            <common:dataSetVersion>00.00.000</common:dataSetVersion>
            <common:copyright>false</common:copyright>
            <common:accessRestrictions xml:lang="en">All information can be accessed by everybody.</common:accessRestrictions>
        </publicationAndOwnership>
    </administrativeInformation>
    <exchanges>
        <exchange xmlns:olca="http://openlca.org/ilcd-extensions" dataSetInternalID="12" olca:unitId="20aadc24-a391-41cf-b340-3e4529f44bde" olca:propertyId="93a60a56-a3c8-11da-a746-0800200b9a66" olca:amount="0.02">
            <referenceToFlowDataSet type="flow data set" refObjectId="33d5907f-322f-336d-b23f-f2959923f99f" version="01.00.000" uri="../flows/33d5907f-322f-336d-b23f-f2959923f99f">
                <common:shortDescription xml:lang="en">COD, Chemical Oxygen Demand</common:shortDescription>
            </referenceToFlowDataSet>
            <exchangeDirection>Output</exchangeDirection>
            <meanAmount>0.02</meanAmount>
            <resultingAmount>0.02</resultingAmount>
        </exchange>
        <exchange xmlns:olca="http://openlca.org/ilcd-extensions" dataSetInternalID="17" olca:unitId="20aadc24-a391-41cf-b340-3e4529f44bde" olca:propertyId="93a60a56-a3c8-11da-a746-0800200b9a66" olca:amount="0.0073">
            <referenceToFlowDataSet type="flow data set" refObjectId="16a0fc94-eaec-315c-9f2f-328d8833dcad" version="01.00.000" uri="../flows/16a0fc94-eaec-315c-9f2f-328d8833dcad">
                <common:shortDescription xml:lang="en">BOD5, Biological Oxygen Demand</common:shortDescription>
            </referenceToFlowDataSet>
            <exchangeDirection>Output</exchangeDirection>
            <meanAmount>0.0073</meanAmount>
            <resultingAmount>0.0073</resultingAmount>
            <generalComment xml:lang="en">Unknown how much of the waterborne emissions are from washing chemicals versus material washed off received plastic. These emissions are not included in the material balance.</generalComment>
        </exchange>
        <exchange xmlns:olca="http://openlca.org/ilcd-extensions" dataSetInternalID="2" olca:unitId="20aadc24-a391-41cf-b340-3e4529f44bde" olca:propertyId="93a60a56-a3c8-11da-a746-0800200b9a66" olca:amount="0.024">
            <referenceToFlowDataSet type="flow data set" refObjectId="bf2b1e5a-4c92-3974-a2fd-a68898833086" version="01.00.000" uri="../flows/bf2b1e5a-4c92-3974-a2fd-a68898833086">
                <common:shortDescription xml:lang="en">Sodium hydroxide, production mix, at plant</common:shortDescription>
            </referenceToFlowDataSet>
            <exchangeDirection>Input</exchangeDirection>
            <meanAmount>0.024</meanAmount>
            <resultingAmount>0.024</resultingAmount>
            <generalComment xml:lang="en">Pure weight of NaOH for the solution used</generalComment>
        </exchange>
        <exchange xmlns:olca="http://openlca.org/ilcd-extensions" dataSetInternalID="19" olca:unitId="20aadc24-a391-41cf-b340-3e4529f44bde" olca:propertyId="93a60a56-a3c8-11da-a746-0800200b9a66" olca:amount="0.1586">
            <referenceToFlowDataSet type="flow data set" refObjectId="0fe54247-1f28-3597-bd5e-98431dc2f685" version="01.00.000" uri="../flows/0fe54247-1f28-3597-bd5e-98431dc2f685">
                <common:shortDescription xml:lang="en">Deposit containers, at collection</common:shortDescription>
            </referenceToFlowDataSet>
            <exchangeDirection>Input</exchangeDirection>
            <meanAmount>0.1586</meanAmount>
            <resultingAmount>0.1586</resultingAmount>
            <generalComment xml:lang="en">Percentage of postconsumer PET collected via deposit programs. Includes wt of contaminants in incoming material.</generalComment>
        </exchange>
        <exchange xmlns:olca="http://openlca.org/ilcd-extensions" dataSetInternalID="3" olca:unitId="20aadc24-a391-41cf-b340-3e4529f44bde" olca:propertyId="93a60a56-a3c8-11da-a746-0800200b9a66" olca:amount="3.7E-5">
            <referenceToFlowDataSet type="flow data set" refObjectId="14dde4c7-2655-3a40-897a-1a8fa48c777a" version="01.00.000" uri="../flows/14dde4c7-2655-3a40-897a-1a8fa48c777a">
                <common:shortDescription xml:lang="en">VOC, volatile organic compounds</common:shortDescription>
            </referenceToFlowDataSet>
            <exchangeDirection>Output</exchangeDirection>
            <meanAmount>3.7E-5</meanAmount>
            <resultingAmount>3.7E-5</resultingAmount>
        </exchange>
        <exchange xmlns:olca="http://openlca.org/ilcd-extensions" dataSetInternalID="11" olca:unitId="20aadc24-a391-41cf-b340-3e4529f44bde" olca:propertyId="93a60a56-a3c8-11da-a746-0800200b9a66" olca:amount="7.6E-4">
            <referenceToFlowDataSet type="flow data set" refObjectId="a5aa7b59-9ac1-3dd9-a0d2-f7f3451c05e1" version="01.00.000" uri="../flows/a5aa7b59-9ac1-3dd9-a0d2-f7f3451c05e1">
                <common:shortDescription xml:lang="en">CUTOFF Surfactant, unspecified</common:shortDescription>
            </referenceToFlowDataSet>
            <exchangeDirection>Input</exchangeDirection>
            <meanAmount>7.6E-4</meanAmount>
            <resultingAmount>7.6E-4</resultingAmount>
        </exchange>
        <exchange xmlns:olca="http://openlca.org/ilcd-extensions" dataSetInternalID="5" olca:unitId="b80a512e-e402-4363-8ad0-7d02dcf4a459" olca:propertyId="93a60a56-a3c8-22da-a746-0800200c9a66" olca:amount="4.40114091275273">
            <referenceToFlowDataSet type="flow data set" refObjectId="ade5a988-82b5-38b9-ab2f-3fa032cfecc0" version="01.00.000" uri="../flows/ade5a988-82b5-38b9-ab2f-3fa032cfecc0">
                <common:shortDescription xml:lang="en">Water</common:shortDescription>
            </referenceToFlowDataSet>
            <exchangeDirection>Output</exchangeDirection>
            <meanAmount>0.004401140912752731</meanAmount>
            <resultingAmount>0.004401140912752731</resultingAmount>
            <generalComment xml:lang="en">Water returned after washing (reflects evaporative losses of water carried out with washed resin and evaporated during drying)</generalComment>
        </exchange>
        <exchange xmlns:olca="http://openlca.org/ilcd-extensions" dataSetInternalID="4" olca:unitId="20aadc24-a391-41cf-b340-3e4529f44bde" olca:propertyId="93a60a56-a3c8-11da-a746-0800200b9a66" olca:amount="3.9E-5">
            <referenceToFlowDataSet type="flow data set" refObjectId="b641465b-5594-34f2-a9f8-72ceb302de17" version="01.00.000" uri="../flows/b641465b-5594-34f2-a9f8-72ceb302de17">
                <common:shortDescription xml:lang="en">Particulates, unspecified</common:shortDescription>
            </referenceToFlowDataSet>
            <exchangeDirection>Output</exchangeDirection>
            <meanAmount>3.9E-5</meanAmount>
            <resultingAmount>3.9E-5</resultingAmount>
        </exchange>
        <exchange xmlns:olca="http://openlca.org/ilcd-extensions" dataSetInternalID="8" olca:unitId="0dea4ed8-bb6b-4049-b2b4-b2c413ef2180" olca:propertyId="838aaa20-0117-11db-92e3-0800200c9a66" olca:amount="0.235906450186985">
            <referenceToFlowDataSet type="flow data set" refObjectId="73c7494d-4e93-3769-896b-8bb82f0dfccc" version="01.00.000" uri="../flows/73c7494d-4e93-3769-896b-8bb82f0dfccc">
                <common:shortDescription xml:lang="en">Transport, train, diesel powered</common:shortDescription>
            </referenceToFlowDataSet>
            <exchangeDirection>Input</exchangeDirection>
            <meanAmount>0.235906450186985</meanAmount>
            <resultingAmount>0.235906450186985</resultingAmount>
            <generalComment xml:lang="en">Represents transport of inbound material (PET and contaminants)</generalComment>
        </exchange>
        <exchange xmlns:olca="http://openlca.org/ilcd-extensions" dataSetInternalID="20" olca:unitId="20aadc24-a391-41cf-b340-3e4529f44bde" olca:propertyId="93a60a56-a3c8-11da-a746-0800200b9a66" olca:amount="0.78934">
            <referenceToFlowDataSet type="flow data set" refObjectId="2be6ce29-93cb-3106-8a99-4b9cf7dd27ef" version="01.00.000" uri="../flows/2be6ce29-93cb-3106-8a99-4b9cf7dd27ef">
                <common:shortDescription xml:lang="en">Mixed recyclables, sorted at MRF</common:shortDescription>
            </referenceToFlowDataSet>
            <exchangeDirection>Input</exchangeDirection>
            <meanAmount>0.78934</meanAmount>
            <resultingAmount>0.78934</resultingAmount>
            <generalComment xml:lang="en">Includes wt of contaminants in incoming material from MRF.</generalComment>
        </exchange>
        <exchange xmlns:olca="http://openlca.org/ilcd-extensions" dataSetInternalID="7" olca:unitId="20aadc24-a391-41cf-b340-3e4529f44bde" olca:propertyId="93a60a56-a3c8-11da-a746-0800200b9a66" olca:amount="8.7E-4">
            <referenceToFlowDataSet type="flow data set" refObjectId="95726986-e5b2-3b0d-b9bb-a81ec812252b" version="01.00.000" uri="../flows/95726986-e5b2-3b0d-b9bb-a81ec812252b">
                <common:shortDescription xml:lang="en">CUTOFF Wetting agent, unspecified</common:shortDescription>
            </referenceToFlowDataSet>
            <exchangeDirection>Input</exchangeDirection>
            <meanAmount>8.7E-4</meanAmount>
            <resultingAmount>8.7E-4</resultingAmount>
        </exchange>
        <exchange xmlns:olca="http://openlca.org/ilcd-extensions" dataSetInternalID="10" olca:unitId="20aadc24-a391-41cf-b340-3e4529f44bde" olca:propertyId="93a60a56-a3c8-11da-a746-0800200b9a66" olca:amount="0.22">
            <referenceToFlowDataSet type="flow data set" refObjectId="f8973d41-1ca2-3034-94da-5bfa0f7a0202" version="01.00.000" uri="../flows/f8973d41-1ca2-3034-94da-5bfa0f7a0202">
                <common:shortDescription xml:lang="en">CUTOFF Disposal, solid waste, unspecified, to unspecified landfill</common:shortDescription>
            </referenceToFlowDataSet>
            <exchangeDirection>Input</exchangeDirection>
            <meanAmount>0.22</meanAmount>
            <resultingAmount>0.22</resultingAmount>
            <generalComment xml:lang="en">Includes bale wire trash, labels, PVC in incoming bale, and other materials that become processing wastes or sludges. </generalComment>
        </exchange>
        <exchange xmlns:olca="http://openlca.org/ilcd-extensions" dataSetInternalID="14" olca:unitId="b80a512e-e402-4363-8ad0-7d02dcf4a459" olca:propertyId="93a60a56-a3c8-22da-a746-0800200c9a66" olca:amount="4.80105636115205">
            <referenceToFlowDataSet type="flow data set" refObjectId="48719b78-8f64-373c-b99d-ac1003335dc3" version="01.00.000" uri="../flows/48719b78-8f64-373c-b99d-ac1003335dc3">
                <common:shortDescription xml:lang="en">Water, process</common:shortDescription>
            </referenceToFlowDataSet>
            <exchangeDirection>Input</exchangeDirection>
            <meanAmount>0.00480105636115205</meanAmount>
            <resultingAmount>0.00480105636115205</resultingAmount>
            <generalComment xml:lang="en">Water input to washing</generalComment>
        </exchange>
        <exchange xmlns:olca="http://openlca.org/ilcd-extensions" dataSetInternalID="6" olca:unitId="20aadc24-a391-41cf-b340-3e4529f44bde" olca:propertyId="93a60a56-a3c8-11da-a746-0800200b9a66" olca:amount="0.0022">
            <referenceToFlowDataSet type="flow data set" refObjectId="2f568e74-ba85-3184-8269-40725b2d19c6" version="01.00.000" uri="../flows/2f568e74-ba85-3184-8269-40725b2d19c6">
                <common:shortDescription xml:lang="en">CUTOFF Defoamant, unspecified</common:shortDescription>
            </referenceToFlowDataSet>
            <exchangeDirection>Input</exchangeDirection>
            <meanAmount>0.0022</meanAmount>
            <resultingAmount>0.0022</resultingAmount>
        </exchange>
        <exchange xmlns:olca="http://openlca.org/ilcd-extensions" dataSetInternalID="13" olca:unitId="20aadc24-a391-41cf-b340-3e4529f44bde" olca:propertyId="93a60a56-a3c8-11da-a746-0800200b9a66" olca:amount="0.003">
            <referenceToFlowDataSet type="flow data set" refObjectId="91c6fb89-85ed-310b-8197-fb35a753bd97" version="01.00.000" uri="../flows/91c6fb89-85ed-310b-8197-fb35a753bd97">
                <common:shortDescription xml:lang="en">Suspended solids, unspecified</common:shortDescription>
            </referenceToFlowDataSet>
            <exchangeDirection>Output</exchangeDirection>
            <meanAmount>0.003</meanAmount>
            <resultingAmount>0.003</resultingAmount>
        </exchange>
        <exchange xmlns:olca="http://openlca.org/ilcd-extensions" dataSetInternalID="0" olca:unitId="20aadc24-a391-41cf-b340-3e4529f44bde" olca:propertyId="93a60a56-a3c8-11da-a746-0800200b9a66" olca:amount="1.0">
            <referenceToFlowDataSet type="flow data set" refObjectId="83f59491-2195-3f40-a111-15459445aa9c" version="01.00.000" uri="../flows/83f59491-2195-3f40-a111-15459445aa9c">
                <common:shortDescription xml:lang="en">Recycled postconsumer PET flake</common:shortDescription>
            </referenceToFlowDataSet>
            <exchangeDirection>Output</exchangeDirection>
            <meanAmount>1.0</meanAmount>
            <resultingAmount>1.0</resultingAmount>
            <generalComment xml:lang="en">Depending on the practitioner's choice of methodology, some share of the virgin material burdens for initially producing the plastic may be allocated to the recycled resin.</generalComment>
        </exchange>
        <exchange xmlns:olca="http://openlca.org/ilcd-extensions" dataSetInternalID="16" olca:unitId="0dea4ed8-bb6b-4049-b2b4-b2c413ef2180" olca:propertyId="838aaa20-0117-11db-92e3-0800200c9a66" olca:amount="0.974719187567312">
            <referenceToFlowDataSet type="flow data set" refObjectId="628c07ec-0802-39c1-ab88-1c62848ef436" version="01.00.000" uri="../flows/628c07ec-0802-39c1-ab88-1c62848ef436">
                <common:shortDescription xml:lang="en">Transport, combination truck, diesel powered</common:shortDescription>
            </referenceToFlowDataSet>
            <exchangeDirection>Input</exchangeDirection>
            <meanAmount>0.974719187567312</meanAmount>
            <resultingAmount>0.974719187567312</resultingAmount>
            <generalComment xml:lang="en">Represents transport of inbound material (PET and contaminants)</generalComment>
        </exchange>
        <exchange xmlns:olca="http://openlca.org/ilcd-extensions" dataSetInternalID="1" olca:unitId="1c3a9695-398d-4b1f-b07e-a8715b610f70" olca:propertyId="93a60a56-a3c8-22da-a746-0800200c9a66" olca:amount="0.075">
            <referenceToFlowDataSet type="flow data set" refObjectId="bb1dc159-fe13-3f8e-8197-361e8c770ba3" version="01.00.000" uri="../flows/bb1dc159-fe13-3f8e-8197-361e8c770ba3">
                <common:shortDescription xml:lang="en">Natural gas, combusted in industrial boiler</common:shortDescription>
            </referenceToFlowDataSet>
            <exchangeDirection>Input</exchangeDirection>
            <meanAmount>0.075</meanAmount>
            <resultingAmount>0.075</resultingAmount>
        </exchange>
        <exchange xmlns:olca="http://openlca.org/ilcd-extensions" dataSetInternalID="15" olca:unitId="b80a512e-e402-4363-8ad0-7d02dcf4a459" olca:propertyId="93a60a56-a3c8-22da-a746-0800200c9a66" olca:amount="3.03659076664067E-4">
            <referenceToFlowDataSet type="flow data set" refObjectId="f77da622-e84d-3639-8917-fcf792aaee13" version="01.00.000" uri="../flows/f77da622-e84d-3639-8917-fcf792aaee13">
                <common:shortDescription xml:lang="en">Liquefied petroleum gas, combusted in industrial boiler</common:shortDescription>
            </referenceToFlowDataSet>
            <exchangeDirection>Input</exchangeDirection>
            <meanAmount>3.03659076664067E-7</meanAmount>
            <resultingAmount>3.03659076664067E-7</resultingAmount>
        </exchange>
        <exchange xmlns:olca="http://openlca.org/ilcd-extensions" dataSetInternalID="18" olca:unitId="20aadc24-a391-41cf-b340-3e4529f44bde" olca:propertyId="93a60a56-a3c8-11da-a746-0800200b9a66" olca:amount="0.27206">
            <referenceToFlowDataSet type="flow data set" refObjectId="feb3d390-bacc-37ce-8568-1776c96a78a1" version="01.00.000" uri="../flows/feb3d390-bacc-37ce-8568-1776c96a78a1">
                <common:shortDescription xml:lang="en">Deposit containers, at collection, CRV</common:shortDescription>
            </referenceToFlowDataSet>
            <exchangeDirection>Input</exchangeDirection>
            <meanAmount>0.27206</meanAmount>
            <resultingAmount>0.27206</resultingAmount>
            <generalComment xml:lang="en">Percentage of postconsumer PET collected via California container refund value (CRV) system. Includes wt of contaminants in incoming material.</generalComment>
        </exchange>
        <exchange xmlns:olca="http://openlca.org/ilcd-extensions" dataSetInternalID="9" olca:unitId="86ad2244-1f0e-4912-af53-7865283103e4" olca:propertyId="f6811440-ee37-11de-8a39-0800200c9a66" olca:amount="0.46">
            <referenceToFlowDataSet type="flow data set" refObjectId="73e33e2a-67d5-31e2-8449-b6f2d7b46bb2" version="01.00.000" uri="../flows/73e33e2a-67d5-31e2-8449-b6f2d7b46bb2">
                <common:shortDescription xml:lang="en">Electricity, at grid, US, 2000</common:shortDescription>
            </referenceToFlowDataSet>
            <exchangeDirection>Input</exchangeDirection>
            <meanAmount>1.6560000000000001</meanAmount>
            <resultingAmount>1.6560000000000001</resultingAmount>
        </exchange>
    </exchanges>
</processDataSet>
