{"@context":"http://greendelta.github.io/olca-schema/context.jsonld","@type":"Source","@id":"3e3e0821-9567-41db-b95c-bb0e99495a06","name":"Asphalt Institute LCA Study of Asphalt Binder","description":"Life Cycle Assessment (LCA) Study of Asphalt Binder, conducted for the Asphalt Institute, by thinkstep AG\r\nhttp://www.asphaltinstitute.org/engineering/lca-study-on-asphalt-binders/","version":"00.00.002","lastChange":"2020-06-24T13:24:33.418-06:00","category":{"@type":"Category","@id":"750cd105-2489-3255-adfa-f1c2899a8a38","name":"Publications and communications","categoryType":"Source"},"url":"http://www.asphaltinstitute.org/engineering/lca-study-on-asphalt-binders/","textReference":"Wildnauer, M., Mulholland, E., Liddie, J.: Life Cycle Assessment of Asphalt Binder, v2.1, 2019","year":2019}