{"@context":"http://greendelta.github.io/olca-schema/context.jsonld","@type":"Source","@id":"7e5db8cf-835b-4487-8790-7160d8302c9b","name":"National Energy Technology Laboratory (NETL). 2010. Coal loading silo;  Manufacture; For railcar loading of coal, underground mine; 295 metric tonnes","description":"BRIEF DESCRIPTION\r\nThis unit process is based on specifications for a George Third \u0026 Son, 325-ton coal silo, used for railcar loading of Illinois No. 6 bituminous coal at the mine site. It assumes silo constructed entirely of steel plate, with negligible amounts of other materials.\r\n\t\t\t\t\r\nCITATION AND ASSOCIATED DOCUMENTATION\r\nThis document should be cited as: \r\nNational Energy Technology Laboratory (NETL). 2010. NETL Life Cycle Inventory Data – Source: Coal loading silo;  Manufacture; For railcar loading of coal at underground mine; 295 metric tonnes. U.S. Department of Energy, National Energy Technology Laboratory. Last Updated: January 2010 (version 01). Retrieved on [DATE] from [URL for this dataset].\r\n\r\nThis dataset is part of the NETL Unit Process Library.  The Library offers additional information concerning this dataset in the form of a Detailed Spreadsheet  Documentation (DS) file and a Process Documentation File (DF).  The DS file  is an Excel file that contains all of the parameters, inputs, and outputs for a given system as well as background data, calculations and quality scores.  The DF file is a PDF document that contains major assumptions and data sources that are the basis for each unit process.  The NETL Unit Process Library is located on the NETL website (netl.doe.gov) under Research / Energy Analysis / Energy Trends and Issues / Life Cycle Analysis / Unit Process Library.\r\n\r\nFull citations for the DS and DF are given below:\r\n\r\nDS File\r\nNational Energy Technology Laboratory (NETL). 2010. NETL Life Cycle Inventory Data – Unit Process: Coal loading silo;  Manufacture; For railcar loading of coal at underground mine; 295 metric tonnes. U.S. Department of Energy, National Energy Technology Laboratory. Last Updated: January 2010 (version 01). Retrieved on 6/30/2014 from: http://www.netl.doe.gov/File%20Library/Research/Energy%20Analysis/Life%20Cycle%20Analysis/UP_Library/DS_Stage1_C_Steel_Coal_Loading_Silo_325_Tons_2010-01.xls\r\n\r\nDF File\r\nNational Energy Technology Laboratory (NETL). 2010. NETL Life Cycle Inventory Data – Unit Process: Coal loading silo;  Manufacture; For railcar loading of coal at underground mine; 295 metric tonnes. U.S. Department of Energy, National Energy Technology Laboratory. Last Updated: January 2010 (version 01). Retrieved on 6/30/2014 from: http://www.netl.doe.gov/File%20Library/Research/Energy%20Analysis/Life%20Cycle%20Analysis/UP_Library/DF_Stage1_C_Steel_Coal_Loading_Silo_325_Tons_2010-01.pdf","version":"00.00.001","lastChange":"2018-06-27T10:38:40.758-06:00","category":{"@type":"Category","@id":"842a4a78-3205-3e80-9259-6a437f4195c9","name":"NETL Sources","categoryPath":["NETL Coal Sources"],"categoryType":"Source"},"textReference":"NETL 2010"}