{"@context":"http://greendelta.github.io/olca-schema/context.jsonld","@type":"Source","@id":"de4d6424-a2db-4ac3-8678-20a6bc5f19ac","name":"U.S. Bureau of Land Management (BLM). 2008. Draft Environmental Impact Study, West Antelope II Coal Lease Application, Chapter 4: Cumulative Environmental Consequences.","description":"DESCRIPTION\r\nNA\r\n\r\nFULL CITATION\r\nU.S. Bureau of Land Management (BLM). 2008. Draft Environmental Impact Study, West Antelope II Coal Lease Application, Chapter 4: Cumulative Environmental Consequences. U.S. Department of the Interior, Bureau of Land Management. WYW163340. http://www.blm.gov/pgdata/etc/medialib/blm/wy/information/NEPA/cfodocs/westantelope.Par.18077.File.dat/008ch4.pdf (Accessed December 21, 2009).\r\n","version":"00.00.001","lastChange":"2018-06-27T10:38:40.233-06:00","category":{"@type":"Category","@id":"ded2fabf-8889-398b-abfe-bd58d93307a8","name":"Other sources","categoryPath":["NETL Coal Sources"],"categoryType":"Source"},"textReference":"BLM 2008"}