{"@type":"Process","@id":"e53e0de4-6c90-3519-850b-eb670f2c641b","name":"Crude oil, production mixture, at extraction","description":"This unit process combines the U.S. crude oil production sources based on their percentage share in the U.S. crude oil production mix. The mix is made up of domestic on-shore, domestic off-shore, imported on-shore and imported off-shore sources. The process is for 1kg of crude oil to consumer. The crude oil mix is based on 2014 data from US Energy Information Administration (EIA), as well as data from National Oceanic and Atmospheric (NOAA), Sheridan 2006, and Bureau of Ocean Energy Management.","category":"21: Mining, Quarrying, and Oil and Gas Extraction/2111: Oil and Gas Extraction","version":"00.00.017","lastChange":"2024-03-29T18:00:16.927Z","processType":"UNIT_PROCESS","defaultAllocationMethod":"NO_ALLOCATION","isInfrastructureProcess":false,"location":{"@type":"Location","@id":"0b3b97fa-6688-3c56-88ee-4ae80ec0c3c2","name":"United States"},"processDocumentation":{"timeDescription":"This process is representative of the 2014 aggregate crude oil production mix based on percentages from EIA, 2017.","technologyDescription":"Crude oil extraction by percentage source. Includes onshore and offshore drilling into underground porous rock structures. Natural pressure or an automated pump bring oil to the surface. Once surfaced, oil is separated from water.","dataCollectionDescription":"Data collected from EIA 2017.","completenessDescription":"TREATMENT OF MISSING ENVIRONMENTAL DATA: Elementary flows are cut-off at less than 1% based on environmental relevance.\r\nTREATMENT OF MISSING TECHNOSPHERE DATA: Miscellaneous materials and additives, capital equipment, facilities and infrastructure, space conditioning, and support personnel requirements are not included in this system process. No gaps have been identified in this dataset.\r\nMASS BALANCE: The mass balance was calculated by a straight comparison of inputs and outputs","dataSelectionDescription":"The crude oil mix is based on 2014 data from US Energy Information Administration (EIA), as well as data from National Oceanic and Atmospheric (NOAA), Sheridan 2006, and Bureau of Ocean Energy Management.","reviewDetails":"Internal review of data entry proofreading, mass balance verification and data documentation.","dataTreatmentDescription":"This dataset was used to model the aggregate crude oil extraction production mix process based on percentages from EIA, 2017.","inventoryMethodDescription":"Attributional; gate to gate process. Compatible with TRACI.","modelingConstantsDescription":"Secondary data were used to determine the U.S. mix of crude oil. ","samplingDescription":"BOUNDARY CONDITIONS\r\nThe system boundary includes upstream burdens from incoming crude oil extraction sources and represents a consolidation of four extraction sources into one production mix. The following are excluded from the unit process boundary: miscellaneous materials and additives, capital equipment, facilities and infrastructure, space conditioning, and support personnel requirements.\r\n\r\nDATA COLLECTION\r\nSecondary data were collected from EIA, 2023.\r\n\r\nUNCERTAINTY ESTIMATION\r\nNo uncertainty analysis was carried out due to the lack of uncertainty data or probability distributions for key parameters, which are often only available as single point estimates from NETL.","restrictionsDescription":"These U.S. LCI Database Project data (\"Data\") are provided by the National Renewable Energy Laboratory (\"NREL\"), operated by the Alliance for Sustainable Energy, LLC (\"Alliance\") for the US Department of Energy (\"DOE\") under Contract No. DE-AC36-08GO28308. The United States Government (the \"Government\") retains and the user acknowledges that the Government retains a non-exclusive, paid-up, irrevocable, worldwide license to publish or reproduce the published form of these data, or allow others to do so, for Government purposes.\r\n\r\nAccess to and use of these Data shall impose the following obligations on the user, as set forth in this Agreement. The user is granted the right, without any fee or cost, to use, copy, modify, alter, enhance and distribute these Data for any purpose whatsoever, provided that this entire notice appears in all copies of the Data. Any modification, alteration or enhancement of these data shall be identified and documented by the user. Further, the user agrees to credit the DOE/NREL/Alliance in any publication that results from the use of these Data. The names DOE/NREL/Alliance, however, may not be used in any advertising or publicity to endorse or promote any products or commercial entities unless specific written permission is obtained from DOE/NREL/Alliance. The user also understands that DOE/NREL/Alliance is not obligated to provide the user with any support, consulting, training or assistance of any kind with regard to the use of these Data or to provide the user with any updates, revisions or new versions of these Data.\r\n\r\nYOU AGREE TO INDEMNIFY THE GOVERNMENT AND DOE/NREL/ALLIANCE, AND ITS SUBSIDIARIES, AFFILIATES, OFFICERS, AGENTS, AND EMPLOYEES AGAINST ANY CLAIM OR DEMAND, INCLUDING REASONABLE ATTORNEYS\u0027 FEES, RELATED TO YOUR USE OF THESE DATA. THESE DATA ARE PROVIDED BY DOE/NREL/ALLIANCE \"AS IS\" AND ANY EXPRESS OR IMPLIED WARRANTIES, INCLUDING BUT NOT LIMITED TO, THE IMPLIED WARRANTIES OF MERCHANTABILITY AND FITNESS FOR A PARTICULAR PURPOSE ARE DISCLAIMED. IN NO EVENT SHALL THE GOVERNMENT OR DOE/NREL/ALLIANCE BE LIABLE FOR ANY SPECIAL, INDIRECT OR CONSEQUENTIAL DAMAGES OR ANY DAMAGES WHATSOEVER, INCLUDING BUT NOT LIMITED TO CLAIMS ASSOCIATED WITH THE LOSS OF DATA OR PROFITS, WHICH MAY RESULT FROM AN ACTION IN CONTRACT, NEGLIGENCE OR OTHER TORTIOUS CLAIM THAT ARISES OUT OF OR IN CONNECTION WITH THE ACCESS, USE OR PERFORMANCE OF THESE DATA.","isCopyrightProtected":false,"intendedApplication":"The intended application for this process is for accounting purposes as described in Goal Situation C1 from the ILCD Handbook\u0027s Detailed Guidance. LCA studies with this intended application offer \"purely descriptive documentation of the system under analysis (e.g., a product, sector or country), without being interested in any potential consequences on other parts of the economy.” The studies categorized under Goal Situation C1 do consider existing benefits outside the analyzed system such as recycling. A full inventory of environmental flows are included; thus this unit process can be used for a full range of LCIA impact categories. The target audience of this model includes LCA practitioners, industry, and the general public. For use as an average dataset accepted by the North American plastics/chemical industry. An inventory of environmental emission flows are included to the extent that the producers provided; thus this unit process can be used for a full range of LCIA impact categories. The original study results were analyzed using the TRACI LCIA factors. ","projectDescription":"This project was funded by and submitted to the American Chemistry Council. These data are a background dataset used in the Cradle-to-Gate Life Cycle Analysis of Olefins report. Submitted to the American Chemistry Council (ACC). 2020.","geographyDescription":"This process is representative of the U.S. crude oil production mix.","creationDate":"2011-09-27T02:20:15","validFrom":"2014-01-01","validUntil":"2014-12-31","reviewer":{"@type":"Actor","@id":"38e67478-a915-43d9-ad67-e25db79a4acc","name":"Franklin Associates, A Division of ERG","category":"Organisations"},"dataDocumentor":{"@type":"Actor","@id":"38e67478-a915-43d9-ad67-e25db79a4acc","name":"Franklin Associates, A Division of ERG","category":"Organisations"},"dataGenerator":{"@type":"Actor","@id":"38e67478-a915-43d9-ad67-e25db79a4acc","name":"Franklin Associates, A Division of ERG","category":"Organisations"},"publication":{"@type":"Source","@id":"364cfe79-1913-4537-9482-b3aa9f269688","name":"Franklin Associates (2020). Cradle-to-Gate Life Cycle Analysis of Olefins"},"sources":[{"@type":"Source","@id":"364cfe79-1913-4537-9482-b3aa9f269688","name":"Franklin Associates (2020). Cradle-to-Gate Life Cycle Analysis of Olefins"}]},"lastInternalId":98,"parameters":[],"exchanges":[{"@type":"Exchange","isAvoidedProduct":false,"isInput":false,"amount":1.0,"internalId":1,"flow":{"@type":"Flow","@id":"67d71d59-8951-30d6-a5c8-2ddbe3cc92de","name":"Crude oil, production mixture, at extraction","category":"Technosphere Flows/21: Mining, Quarrying, and Oil and Gas Extraction/2111: Oil and Gas Extraction","flowType":"PRODUCT_FLOW","location":"RNA","refUnit":"kg"},"unit":{"@type":"Unit","@id":"20aadc24-a391-41cf-b340-3e4529f44bde","name":"kg"},"flowProperty":{"@type":"FlowProperty","@id":"93a60a56-a3c8-11da-a746-0800200b9a66","name":"Mass","category":"Technical flow properties","refUnit":"kg"},"isQuantitativeReference":true},{"@type":"Exchange","isAvoidedProduct":false,"isInput":true,"amount":0.4236,"internalId":95,"flow":{"@type":"Flow","@id":"43b6c51f-f1a9-4a6d-8070-fa84adf27d23","name":"Crude oil, at extraction","category":"Technosphere Flows/21: Mining, Quarrying, and Oil and Gas Extraction/2111: Oil and Gas Extraction","flowType":"PRODUCT_FLOW","refUnit":"kg"},"unit":{"@type":"Unit","@id":"20aadc24-a391-41cf-b340-3e4529f44bde","name":"kg"},"flowProperty":{"@type":"FlowProperty","@id":"93a60a56-a3c8-11da-a746-0800200b9a66","name":"Mass","category":"Technical flow properties","refUnit":"kg"},"defaultProvider":{"@type":"Process","@id":"3dd5638d-cb25-4e78-90c7-8dd98188f733","name":"Crude oil, on-shore domestic, at extraction","category":"21: Mining, Quarrying, and Oil and Gas Extraction/2111: Oil and Gas Extraction","processType":"UNIT_PROCESS","flowType":"PRODUCT_FLOW","location":"US"}},{"@type":"Exchange","isAvoidedProduct":false,"isInput":true,"amount":0.1033,"internalId":98,"flow":{"@type":"Flow","@id":"43b6c51f-f1a9-4a6d-8070-fa84adf27d23","name":"Crude oil, at extraction","category":"Technosphere Flows/21: Mining, Quarrying, and Oil and Gas Extraction/2111: Oil and Gas Extraction","flowType":"PRODUCT_FLOW","refUnit":"kg"},"unit":{"@type":"Unit","@id":"20aadc24-a391-41cf-b340-3e4529f44bde","name":"kg"},"flowProperty":{"@type":"FlowProperty","@id":"93a60a56-a3c8-11da-a746-0800200b9a66","name":"Mass","category":"Technical flow properties","refUnit":"kg"},"defaultProvider":{"@type":"Process","@id":"ce83ed94-a5ea-47d4-a52f-43223b22247c","name":"Crude oil, off-shore import, at extraction","category":"21: Mining, Quarrying, and Oil and Gas Extraction/2111: Oil and Gas Extraction","processType":"UNIT_PROCESS","flowType":"PRODUCT_FLOW","location":"US"}},{"@type":"Exchange","isAvoidedProduct":false,"isInput":true,"amount":0.3855,"internalId":97,"flow":{"@type":"Flow","@id":"43b6c51f-f1a9-4a6d-8070-fa84adf27d23","name":"Crude oil, at extraction","category":"Technosphere Flows/21: Mining, Quarrying, and Oil and Gas Extraction/2111: Oil and Gas Extraction","flowType":"PRODUCT_FLOW","refUnit":"kg"},"unit":{"@type":"Unit","@id":"20aadc24-a391-41cf-b340-3e4529f44bde","name":"kg"},"flowProperty":{"@type":"FlowProperty","@id":"93a60a56-a3c8-11da-a746-0800200b9a66","name":"Mass","category":"Technical flow properties","refUnit":"kg"},"defaultProvider":{"@type":"Process","@id":"fcbe548c-bcd5-40b2-979c-53df809835f9","name":"Crude oil, on-shore import, at extraction","category":"21: Mining, Quarrying, and Oil and Gas Extraction/2111: Oil and Gas Extraction","processType":"UNIT_PROCESS","flowType":"PRODUCT_FLOW","location":"US"}},{"@type":"Exchange","isAvoidedProduct":false,"isInput":true,"amount":0.0875,"internalId":96,"flow":{"@type":"Flow","@id":"43b6c51f-f1a9-4a6d-8070-fa84adf27d23","name":"Crude oil, at extraction","category":"Technosphere Flows/21: Mining, Quarrying, and Oil and Gas Extraction/2111: Oil and Gas Extraction","flowType":"PRODUCT_FLOW","refUnit":"kg"},"unit":{"@type":"Unit","@id":"20aadc24-a391-41cf-b340-3e4529f44bde","name":"kg"},"flowProperty":{"@type":"FlowProperty","@id":"93a60a56-a3c8-11da-a746-0800200b9a66","name":"Mass","category":"Technical flow properties","refUnit":"kg"},"defaultProvider":{"@type":"Process","@id":"76048c3b-d6d3-4f3b-8215-87ece218b4a2","name":"Crude oil, off-shore domestic, at extraction","category":"21: Mining, Quarrying, and Oil and Gas Extraction/2111: Oil and Gas Extraction","processType":"UNIT_PROCESS","flowType":"PRODUCT_FLOW","location":"US"}}],"socialAspects":[],"allocationFactors":[]}