<?xml version="1.0" encoding="UTF-8" standalone="yes"?>
<categories xmlns="http://www.EcoInvent.org/Categories">
    <category type="0" name="11: Agriculture, Forestry, Fishing and Hunting" localName="11: Agriculture, Forestry, Fishing and Hunting">
        <subCategory name="1111: Oilseed and Grain Farming" localName="1111: Oilseed and Grain Farming"/>
        <subCategory name="1113: Fruit and Tree Nut Farming" localName="1113: Fruit and Tree Nut Farming"/>
        <subCategory name="1151: Support Activities for Crop Production" localName="1151: Support Activities for Crop Production"/>
        <subCategory name="1133: Logging" localName="1133: Logging"/>
        <subCategory name="1132: Forest Nurseries and Gathering of Forest Products" localName="1132: Forest Nurseries and Gathering of Forest Products"/>
        <subCategory name="1119: Other Crop Farming" localName="1119: Other Crop Farming"/>
    </category>
    <category type="0" name="21: Mining, Quarrying, and Oil and Gas Extraction" localName="21: Mining, Quarrying, and Oil and Gas Extraction">
        <subCategory name="2121: Coal Mining" localName="2121: Coal Mining"/>
        <subCategory name="2123: Nonmetallic Mineral Mining and Quarrying" localName="2123: Nonmetallic Mineral Mining and Quarrying"/>
        <subCategory name="2111: Oil and Gas Extraction" localName="2111: Oil and Gas Extraction"/>
        <subCategory name="2122: Metal Ore Mining" localName="2122: Metal Ore Mining"/>
    </category>
    <category type="0" name="22: Utilities" localName="22: Utilities">
        <subCategory name="2213: Water, Sewage and Other Systems" localName="2213: Water, Sewage and Other Systems"/>
        <subCategory name="2211: Electric Power Generation, Transmission and Distribution" localName="2211: Electric Power Generation, Transmission and Distribution"/>
    </category>
    <category type="0" name="31-33: Manufacturing" localName="31-33: Manufacturing">
        <subCategory name="3253: Pesticide, Fertilizer, and Other Agricultural Chemical Manufacturing" localName="3253: Pesticide, Fertilizer, and Other Agricultural Chemical Manufacturing"/>
        <subCategory name="3274: Lime and Gypsum Product Manufacturing" localName="3274: Lime and Gypsum Product Manufacturing"/>
        <subCategory name="3241: Petroleum and Coal Products Manufacturing" localName="3241: Petroleum and Coal Products Manufacturing"/>
        <subCategory name="3251: Basic Chemical Manufacturing" localName="3251: Basic Chemical Manufacturing"/>
        <subCategory name="3112: Grain and Oilseed Milling" localName="3112: Grain and Oilseed Milling"/>
        <subCategory name="3273: Cement and Concrete Product Manufacturing" localName="3273: Cement and Concrete Product Manufacturing"/>
        <subCategory name="3252: Resin, Synthetic Rubber, and Artificial and Synthetic Fibers and Filaments Manufacturing" localName="3252: Resin, Synthetic Rubber, and Artificial and Synthetic Fibers and Filaments Manufacturing"/>
        <subCategory name="3311: Iron and Steel Mills and Ferroalloy Manufacturing" localName="3311: Iron and Steel Mills and Ferroalloy Manufacturing"/>
        <subCategory name="3211: Sawmills and Wood Preservation" localName="3211: Sawmills and Wood Preservation"/>
        <subCategory name="3212: Veneer, Plywood, and Engineered Wood Product Manufacturing" localName="3212: Veneer, Plywood, and Engineered Wood Product Manufacturing"/>
        <subCategory name="3219: Other Wood Product Manufacturing" localName="3219: Other Wood Product Manufacturing"/>
        <subCategory name="3221: Pulp, Paper, and Paperboard Mills" localName="3221: Pulp, Paper, and Paperboard Mills"/>
        <subCategory name="3312: Steel Product Manufacturing from Purchased Steel" localName="3312: Steel Product Manufacturing from Purchased Steel"/>
        <subCategory name="3259: Other Chemical Product and Preparation Manufacturing" localName="3259: Other Chemical Product and Preparation Manufacturing"/>
        <subCategory name="3363: Motor Vehicle Parts Manufacturing" localName="3363: Motor Vehicle Parts Manufacturing"/>
        <subCategory name="3313: Alumina and Aluminum Production and Processing" localName="3313: Alumina and Aluminum Production and Processing"/>
        <subCategory name="3256: Soap, Cleaning Compound, and Toilet Preparation Manufacturing" localName="3256: Soap, Cleaning Compound, and Toilet Preparation Manufacturing"/>
        <subCategory name="3323: Architectural and Structural Metals Manufacturing" localName="3323: Architectural and Structural Metals Manufacturing"/>
        <subCategory name="3222: Converted Paper Product Manufacturing" localName="3222: Converted Paper Product Manufacturing"/>
        <subCategory name="3328: Coating, Engraving, Heat Treating, and Allied Activities" localName="3328: Coating, Engraving, Heat Treating, and Allied Activities"/>
        <subCategory name="3341: Computer and Peripheral Equipment Manufacturing" localName="3341: Computer and Peripheral Equipment Manufacturing"/>
        <subCategory name="3314: Nonferrous Metal (except Aluminum) Production and Processing" localName="3314: Nonferrous Metal (except Aluminum) Production and Processing"/>
        <subCategory name="3261: Plastics Product Manufacturing" localName="3261: Plastics Product Manufacturing"/>
        <subCategory name="3315: Foundries" localName="3315: Foundries"/>
        <subCategory name="3321: Forging and Stamping" localName="3321: Forging and Stamping"/>
    </category>
    <category type="0" name="42: Wholesale Trade" localName="42: Wholesale Trade">
        <subCategory name="4247: Petroleum and Petroleum Products Merchant Wholesalers" localName="4247: Petroleum and Petroleum Products Merchant Wholesalers"/>
    </category>
    <category type="0" name="48-49: Transportation and Warehousing" localName="48-49: Transportation and Warehousing">
        <subCategory name="4841: General Freight Trucking" localName="4841: General Freight Trucking"/>
        <subCategory name="4821: Rail Transportation" localName="4821: Rail Transportation"/>
        <subCategory name="4831: Deep Sea, Coastal, and Great Lakes Water Transportation" localName="4831: Deep Sea, Coastal, and Great Lakes Water Transportation"/>
        <subCategory name="4832: Inland Water Transportation" localName="4832: Inland Water Transportation"/>
        <subCategory name="4862: Pipeline Transportation of Natural Gas" localName="4862: Pipeline Transportation of Natural Gas"/>
        <subCategory name="4869: Other Pipeline Transportation" localName="4869: Other Pipeline Transportation"/>
        <subCategory name="4811: Scheduled Air Transportation" localName="4811: Scheduled Air Transportation"/>
        <subCategory name="4842: Specialized Freight Trucking" localName="4842: Specialized Freight Trucking"/>
        <subCategory name="4851: Urban Transit Systems" localName="4851: Urban Transit Systems"/>
        <subCategory name="4854: School and Employee Bus Transportation" localName="4854: School and Employee Bus Transportation"/>
        <subCategory name="4859: Other Transit and Ground Passenger Transportation" localName="4859: Other Transit and Ground Passenger Transportation"/>
        <subCategory name="4852: Interurban and Rural Bus Transportation" localName="4852: Interurban and Rural Bus Transportation"/>
    </category>
    <category type="0" name="56: Administrative and Support and Waste Management and Remediation Services" localName="56: Administrative and Support and Waste Management and Remediation Services">
        <subCategory name="5622: Waste Treatment and Disposal" localName="5622: Waste Treatment and Disposal"/>
        <subCategory name="5621: Waste Collection" localName="5621: Waste Collection"/>
        <subCategory name="5629: Remediation and Other Waste Management Services" localName="5629: Remediation and Other Waste Management Services"/>
    </category>
    <category type="0" name="CUTOFF Flows" localName="CUTOFF Flows">
        <subCategory name="ecoinvent 3.2" localName="ecoinvent 3.2"/>
    </category>
    <category type="0" name="Ecosystem Services" localName="Ecosystem Services"/>
    <category type="0" name="Technosphere Flows" localName="Technosphere Flows">
        <subCategory name="CUTOFF Flows" localName="CUTOFF Flows"/>
    </category>
    <category type="1" name="air" localName="air">
        <subCategory name="stratosphere" localName="stratosphere"/>
        <subCategory name="subterranean" localName="subterranean"/>
        <subCategory name="troposphere" localName="troposphere"/>
    </category>
    <category type="1" name="emission" localName="emission">
        <subCategory name="water" localName="water"/>
        <subCategory name="air" localName="air"/>
        <subCategory name="ground" localName="ground"/>
    </category>
    <category type="1" name="fresh water body" localName="fresh water body">
        <subCategory name="river" localName="river"/>
        <subCategory name="lake" localName="lake"/>
    </category>
    <category type="1" name="ground" localName="ground">
        <subCategory name="human-dominated" localName="human-dominated"/>
        <subCategory name="subterranean" localName="subterranean"/>
    </category>
    <category type="1" name="human-dominated" localName="human-dominated">
        <subCategory name="agricultural" localName="agricultural"/>
        <subCategory name="industrial" localName="industrial"/>
        <subCategory name="commercial" localName="commercial"/>
        <subCategory name="urban" localName="urban"/>
    </category>
    <category type="1" name="resource" localName="resource">
        <subCategory name="air" localName="air"/>
        <subCategory name="biotic" localName="biotic"/>
        <subCategory name="water" localName="water"/>
        <subCategory name="ground" localName="ground"/>
    </category>
    <category type="1" name="rural" localName="rural">
        <subCategory name="low" localName="low"/>
    </category>
    <category type="1" name="saline water body" localName="saline water body">
        <subCategory name="ocean" localName="ocean"/>
    </category>
    <category type="1" name="subterranean" localName="subterranean">
        <subCategory name="fresh water body" localName="fresh water body"/>
    </category>
    <category type="1" name="terrestrial" localName="terrestrial">
        <subCategory name="shrubland" localName="shrubland"/>
        <subCategory name="forest" localName="forest"/>
        <subCategory name="grassland" localName="grassland"/>
    </category>
    <category type="1" name="troposphere" localName="troposphere">
        <subCategory name="rural" localName="rural"/>
        <subCategory name="urban" localName="urban"/>
        <subCategory name="very high" localName="very high"/>
        <subCategory name="high" localName="high"/>
        <subCategory name="low" localName="low"/>
    </category>
    <category type="1" name="urban" localName="urban">
        <subCategory name="low" localName="low"/>
        <subCategory name="ground-level" localName="ground-level"/>
    </category>
    <category type="1" name="water" localName="water">
        <subCategory name="subterranean" localName="subterranean"/>
        <subCategory name="saline water body" localName="saline water body"/>
        <subCategory name="fresh water body" localName="fresh water body"/>
    </category>
</categories>
