{"@type": "ImpactCategory", "@id": "6037e49a-4adb-3a31-a23d-c82569e3242f", "name": "Acidification", "referenceUnitName": "kg SO2 eq", "impactFactors": [{"@type": "ImpactFactor", "flow": {"@type": "Flow", "@id": "f5a53702-66dc-3a71-be2c-58deadbe1dc1"}, "flowProperty": {"@type": "FlowProperty", "@id": "93a60a56-a3c8-11da-a746-0800200b9a66", "name": "Mass"}, "unit": {"@type": "Unit", "@id": "20aadc24-a391-41cf-b340-3e4529f44bde", "name": "kg"}, "value": 0.98}, {"@type": "ImpactFactor", "flow": {"@type": "Flow", "@id": "c1e4cda6-7536-35ed-bb3f-fd5a415aeb9d"}, "flowProperty": {"@type": "FlowProperty", "@id": "93a60a56-a3c8-11da-a746-0800200b9a66", "name": "Mass"}, "unit": {"@type": "Unit", "@id": "20aadc24-a391-41cf-b340-3e4529f44bde", "name": "kg"}, "value": 0.98}, {"@type": "ImpactFactor", "flow": {"@type": "Flow", "@id": "0c48db8b-3b47-3d94-8f3d-0402d4f652d7"}, "flowProperty": {"@type": "FlowProperty", "@id": "93a60a56-a3c8-11da-a746-0800200b9a66", "name": "Mass"}, "unit": {"@type": "Unit", "@id": "20aadc24-a391-41cf-b340-3e4529f44bde", "name": "kg"}, "value": 0.98}, {"@type": "ImpactFactor", "flow": {"@type": "Flow", "@id": "92160377-4fe0-3c7c-80bf-ba6490b5b283"}, "flowProperty": {"@type": "FlowProperty", "@id": "93a60a56-a3c8-11da-a746-0800200b9a66", "name": "Mass"}, "unit": {"@type": "Unit", "@id": "20aadc24-a391-41cf-b340-3e4529f44bde", "name": "kg"}, "value": 0.98}, {"@type": "ImpactFactor", "flow": {"@type": "Flow", "@id": "bcf19ec2-a876-35e2-a560-b8dc0e2bf9ac"}, "flowProperty": {"@type": "FlowProperty", "@id": "93a60a56-a3c8-11da-a746-0800200b9a66", "name": "Mass"}, "unit": {"@type": "Unit", "@id": "20aadc24-a391-41cf-b340-3e4529f44bde", "name": "kg"}, "value": 0.98}, {"@type": "ImpactFactor", "flow": {"@type": "Flow", "@id": "a375754a-b9ca-38b8-80f6-d3bfcfbff0c5"}, "flowProperty": {"@type": "FlowProperty", "@id": "93a60a56-a3c8-11da-a746-0800200b9a66", "name": "Mass"}, "unit": {"@type": "Unit", "@id": "20aadc24-a391-41cf-b340-3e4529f44bde", "name": "kg"}, "value": 0.98}, {"@type": "ImpactFactor", "flow": {"@type": "Flow", "@id": "3d7f61e4-3893-344b-a715-58d6d04bdb07"}, "flowProperty": {"@type": "FlowProperty", "@id": "93a60a56-a3c8-11da-a746-0800200b9a66", "name": "Mass"}, "unit": {"@type": "Unit", "@id": "20aadc24-a391-41cf-b340-3e4529f44bde", "name": "kg"}, "value": 0.98}, {"@type": "ImpactFactor", "flow": {"@type": "Flow", "@id": "9d13a44b-79ba-3e9f-9a31-ee4af2c2ea8d"}, "flowProperty": {"@type": "FlowProperty", "@id": "93a60a56-a3c8-11da-a746-0800200b9a66", "name": "Mass"}, "unit": {"@type": "Unit", "@id": "20aadc24-a391-41cf-b340-3e4529f44bde", "name": "kg"}, "value": 0.98}, {"@type": "ImpactFactor", "flow": {"@type": "Flow", "@id": "38b675db-2347-3426-87dc-66804e803b08"}, "flowProperty": {"@type": "FlowProperty", "@id": "93a60a56-a3c8-11da-a746-0800200b9a66", "name": "Mass"}, "unit": {"@type": "Unit", "@id": "20aadc24-a391-41cf-b340-3e4529f44bde", "name": "kg"}, "value": 0.98}, {"@type": "ImpactFactor", "flow": {"@type": "Flow", "@id": "7cb177e9-aa0c-3c4c-b873-3886f8b06b9b"}, "flowProperty": {"@type": "FlowProperty", "@id": "93a60a56-a3c8-11da-a746-0800200b9a66", "name": "Mass"}, "unit": {"@type": "Unit", "@id": "20aadc24-a391-41cf-b340-3e4529f44bde", "name": "kg"}, "value": 0.98}, {"@type": "ImpactFactor", "flow": {"@type": "Flow", "@id": "c932191c-14df-38e8-b00b-13bea180a43b"}, "flowProperty": {"@type": "FlowProperty", "@id": "93a60a56-a3c8-11da-a746-0800200b9a66", "name": "Mass"}, "unit": {"@type": "Unit", "@id": "20aadc24-a391-41cf-b340-3e4529f44bde", "name": "kg"}, "value": 0.98}, {"@type": "ImpactFactor", "flow": {"@type": "Flow", "@id": "ad3aa069-34b6-39c4-a711-e1ea98933b32"}, "flowProperty": {"@type": "FlowProperty", "@id": "93a60a56-a3c8-11da-a746-0800200b9a66", "name": "Mass"}, "unit": {"@type": "Unit", "@id": "20aadc24-a391-41cf-b340-3e4529f44bde", "name": "kg"}, "value": 0.98}, {"@type": "ImpactFactor", "flow": {"@type": "Flow", "@id": "42fb1347-e9d5-3f5e-b17e-238ac7e68939"}, "flowProperty": {"@type": "FlowProperty", "@id": "93a60a56-a3c8-11da-a746-0800200b9a66", "name": "Mass"}, "unit": {"@type": "Unit", "@id": "20aadc24-a391-41cf-b340-3e4529f44bde", "name": "kg"}, "value": 0.98}, {"@type": "ImpactFactor", "flow": {"@type": "Flow", "@id": "6f8ebdf1-a057-3006-9342-3112b5700b20"}, "flowProperty": {"@type": "FlowProperty", "@id": "93a60a56-a3c8-11da-a746-0800200b9a66", "name": "Mass"}, "unit": {"@type": "Unit", "@id": "20aadc24-a391-41cf-b340-3e4529f44bde", "name": "kg"}, "value": 0.98}, {"@type": "ImpactFactor", "flow": {"@type": "Flow", "@id": "de9ea2c9-42fa-301e-9e87-53e9ece7fe9e"}, "flowProperty": {"@type": "FlowProperty", "@id": "93a60a56-a3c8-11da-a746-0800200b9a66", "name": "Mass"}, "unit": {"@type": "Unit", "@id": "20aadc24-a391-41cf-b340-3e4529f44bde", "name": "kg"}, "value": 0.98}, {"@type": "ImpactFactor", "flow": {"@type": "Flow", "@id": "80ef5fb5-42c1-3c40-bd74-ea1a6bb9222a"}, "flowProperty": {"@type": "FlowProperty", "@id": "93a60a56-a3c8-11da-a746-0800200b9a66", "name": "Mass"}, "unit": {"@type": "Unit", "@id": "20aadc24-a391-41cf-b340-3e4529f44bde", "name": "kg"}, "value": 0.98}, {"@type": "ImpactFactor", "flow": {"@type": "Flow", "@id": "336827ba-c698-3f9c-98aa-2ba23e0556d7"}, "flowProperty": {"@type": "FlowProperty", "@id": "93a60a56-a3c8-11da-a746-0800200b9a66", "name": "Mass"}, "unit": {"@type": "Unit", "@id": "20aadc24-a391-41cf-b340-3e4529f44bde", "name": "kg"}, "value": 0.98}, {"@type": "ImpactFactor", "flow": {"@type": "Flow", "@id": "65b5d5dd-95b5-36b2-8cb0-7c5501ff1e32"}, "flowProperty": {"@type": "FlowProperty", "@id": "93a60a56-a3c8-11da-a746-0800200b9a66", "name": "Mass"}, "unit": {"@type": "Unit", "@id": "20aadc24-a391-41cf-b340-3e4529f44bde", "name": "kg"}, "value": 1.88}, {"@type": "ImpactFactor", "flow": {"@type": "Flow", "@id": "f939099a-f392-3349-894e-ef51a7356236"}, "flowProperty": {"@type": "FlowProperty", "@id": "93a60a56-a3c8-11da-a746-0800200b9a66", "name": "Mass"}, "unit": {"@type": "Unit", "@id": "20aadc24-a391-41cf-b340-3e4529f44bde", "name": "kg"}, "value": 1.88}, {"@type": "ImpactFactor", "flow": {"@type": "Flow", "@id": "b75630b5-6e3c-3810-9b84-6e33d71e12d7"}, "flowProperty": {"@type": "FlowProperty", "@id": "93a60a56-a3c8-11da-a746-0800200b9a66", "name": "Mass"}, "unit": {"@type": "Unit", "@id": "20aadc24-a391-41cf-b340-3e4529f44bde", "name": "kg"}, "value": 1.88}, {"@type": "ImpactFactor", "flow": {"@type": "Flow", "@id": "fb148642-0fc8-3869-96c4-85db559e5c18"}, "flowProperty": {"@type": "FlowProperty", "@id": "93a60a56-a3c8-11da-a746-0800200b9a66", "name": "Mass"}, "unit": {"@type": "Unit", "@id": "20aadc24-a391-41cf-b340-3e4529f44bde", "name": "kg"}, "value": 1.88}, {"@type": "ImpactFactor", "flow": {"@type": "Flow", "@id": "15ee0712-457c-3b6a-b763-7f0919b87bf5"}, "flowProperty": {"@type": "FlowProperty", "@id": "93a60a56-a3c8-11da-a746-0800200b9a66", "name": "Mass"}, "unit": {"@type": "Unit", "@id": "20aadc24-a391-41cf-b340-3e4529f44bde", "name": "kg"}, "value": 1.88}, {"@type": "ImpactFactor", "flow": {"@type": "Flow", "@id": "be30a83d-8a35-3325-9d73-b5028bea5db5"}, "flowProperty": {"@type": "FlowProperty", "@id": "93a60a56-a3c8-11da-a746-0800200b9a66", "name": "Mass"}, "unit": {"@type": "Unit", "@id": "20aadc24-a391-41cf-b340-3e4529f44bde", "name": "kg"}, "value": 1.88}, {"@type": "ImpactFactor", "flow": {"@type": "Flow", "@id": "854dd1a0-00d8-3f1c-a134-26f136cd3fd7"}, "flowProperty": {"@type": "FlowProperty", "@id": "93a60a56-a3c8-11da-a746-0800200b9a66", "name": "Mass"}, "unit": {"@type": "Unit", "@id": "20aadc24-a391-41cf-b340-3e4529f44bde", "name": "kg"}, "value": 1.88}, {"@type": "ImpactFactor", "flow": {"@type": "Flow", "@id": "6b63da5c-9b6c-3a44-91c7-c3478978a299"}, "flowProperty": {"@type": "FlowProperty", "@id": "93a60a56-a3c8-11da-a746-0800200b9a66", "name": "Mass"}, "unit": {"@type": "Unit", "@id": "20aadc24-a391-41cf-b340-3e4529f44bde", "name": "kg"}, "value": 1.88}, {"@type": "ImpactFactor", "flow": {"@type": "Flow", "@id": "0ab1620d-5456-38a9-b854-5f84d9d550dd"}, "flowProperty": {"@type": "FlowProperty", "@id": "93a60a56-a3c8-11da-a746-0800200b9a66", "name": "Mass"}, "unit": {"@type": "Unit", "@id": "20aadc24-a391-41cf-b340-3e4529f44bde", "name": "kg"}, "value": 1.88}, {"@type": "ImpactFactor", "flow": {"@type": "Flow", "@id": "1d4f753b-24af-33f2-8abd-e28652769e64"}, "flowProperty": {"@type": "FlowProperty", "@id": "93a60a56-a3c8-11da-a746-0800200b9a66", "name": "Mass"}, "unit": {"@type": "Unit", "@id": "20aadc24-a391-41cf-b340-3e4529f44bde", "name": "kg"}, "value": 1.88}, {"@type": "ImpactFactor", "flow": {"@type": "Flow", "@id": "2a25475c-fa10-3d19-86ed-ab49519ced49"}, "flowProperty": {"@type": "FlowProperty", "@id": "93a60a56-a3c8-11da-a746-0800200b9a66", "name": "Mass"}, "unit": {"@type": "Unit", "@id": "20aadc24-a391-41cf-b340-3e4529f44bde", "name": "kg"}, "value": 1.88}, {"@type": "ImpactFactor", "flow": {"@type": "Flow", "@id": "d9bc7030-39ca-38d0-9916-d43ea194f041"}, "flowProperty": {"@type": "FlowProperty", "@id": "93a60a56-a3c8-11da-a746-0800200b9a66", "name": "Mass"}, "unit": {"@type": "Unit", "@id": "20aadc24-a391-41cf-b340-3e4529f44bde", "name": "kg"}, "value": 1.88}, {"@type": "ImpactFactor", "flow": {"@type": "Flow", "@id": "8fcb8333-d8c2-3244-9037-25e643faffad"}, "flowProperty": {"@type": "FlowProperty", "@id": "93a60a56-a3c8-11da-a746-0800200b9a66", "name": "Mass"}, "unit": {"@type": "Unit", "@id": "20aadc24-a391-41cf-b340-3e4529f44bde", "name": "kg"}, "value": 1.88}, {"@type": "ImpactFactor", "flow": {"@type": "Flow", "@id": "f1edb03f-c51b-3792-8215-9fdbca6d010c"}, "flowProperty": {"@type": "FlowProperty", "@id": "93a60a56-a3c8-11da-a746-0800200b9a66", "name": "Mass"}, "unit": {"@type": "Unit", "@id": "20aadc24-a391-41cf-b340-3e4529f44bde", "name": "kg"}, "value": 1.88}, {"@type": "ImpactFactor", "flow": {"@type": "Flow", "@id": "d73f03b1-78a0-3c01-9c2b-18699dad38b2"}, "flowProperty": {"@type": "FlowProperty", "@id": "93a60a56-a3c8-11da-a746-0800200b9a66", "name": "Mass"}, "unit": {"@type": "Unit", "@id": "20aadc24-a391-41cf-b340-3e4529f44bde", "name": "kg"}, "value": 1.88}, {"@type": "ImpactFactor", "flow": {"@type": "Flow", "@id": "d574c8e6-5b79-3309-a655-26bfc68309ae"}, "flowProperty": {"@type": "FlowProperty", "@id": "93a60a56-a3c8-11da-a746-0800200b9a66", "name": "Mass"}, "unit": {"@type": "Unit", "@id": "20aadc24-a391-41cf-b340-3e4529f44bde", "name": "kg"}, "value": 1.88}, {"@type": "ImpactFactor", "flow": {"@type": "Flow", "@id": "7af8b993-5e29-3642-b280-a0c54bbbb920"}, "flowProperty": {"@type": "FlowProperty", "@id": "93a60a56-a3c8-11da-a746-0800200b9a66", "name": "Mass"}, "unit": {"@type": "Unit", "@id": "20aadc24-a391-41cf-b340-3e4529f44bde", "name": "kg"}, "value": 1.88}, {"@type": "ImpactFactor", "flow": {"@type": "Flow", "@id": "e4683d80-6078-3dd4-b381-6489015df3db"}, "flowProperty": {"@type": "FlowProperty", "@id": "93a60a56-a3c8-11da-a746-0800200b9a66", "name": "Mass"}, "unit": {"@type": "Unit", "@id": "20aadc24-a391-41cf-b340-3e4529f44bde", "name": "kg"}, "value": 1.07}, {"@type": "ImpactFactor", "flow": {"@type": "Flow", "@id": "15c29864-aef0-369d-8fef-39c39988ae52"}, "flowProperty": {"@type": "FlowProperty", "@id": "93a60a56-a3c8-11da-a746-0800200b9a66", "name": "Mass"}, "unit": {"@type": "Unit", "@id": "20aadc24-a391-41cf-b340-3e4529f44bde", "name": "kg"}, "value": 1.07}, {"@type": "ImpactFactor", "flow": {"@type": "Flow", "@id": "e7bf1601-5f39-396b-8eb1-5132a9c14380"}, "flowProperty": {"@type": "FlowProperty", "@id": "93a60a56-a3c8-11da-a746-0800200b9a66", "name": "Mass"}, "unit": {"@type": "Unit", "@id": "20aadc24-a391-41cf-b340-3e4529f44bde", "name": "kg"}, "value": 1.07}, {"@type": "ImpactFactor", "flow": {"@type": "Flow", "@id": "c3b13545-980b-3a8f-b568-f09e090c6583"}, "flowProperty": {"@type": "FlowProperty", "@id": "93a60a56-a3c8-11da-a746-0800200b9a66", "name": "Mass"}, "unit": {"@type": "Unit", "@id": "20aadc24-a391-41cf-b340-3e4529f44bde", "name": "kg"}, "value": 1.07}, {"@type": "ImpactFactor", "flow": {"@type": "Flow", "@id": "e34b81fa-b65f-3d86-8d41-152c982574c6"}, "flowProperty": {"@type": "FlowProperty", "@id": "93a60a56-a3c8-11da-a746-0800200b9a66", "name": "Mass"}, "unit": {"@type": "Unit", "@id": "20aadc24-a391-41cf-b340-3e4529f44bde", "name": "kg"}, "value": 1.07}, {"@type": "ImpactFactor", "flow": {"@type": "Flow", "@id": "3bc7d595-e4d6-357a-b56b-9eef534d56fe"}, "flowProperty": {"@type": "FlowProperty", "@id": "93a60a56-a3c8-11da-a746-0800200b9a66", "name": "Mass"}, "unit": {"@type": "Unit", "@id": "20aadc24-a391-41cf-b340-3e4529f44bde", "name": "kg"}, "value": 1.07}, {"@type": "ImpactFactor", "flow": {"@type": "Flow", "@id": "b71af9f9-d4de-35ec-87ff-c1cb28c543a9"}, "flowProperty": {"@type": "FlowProperty", "@id": "93a60a56-a3c8-11da-a746-0800200b9a66", "name": "Mass"}, "unit": {"@type": "Unit", "@id": "20aadc24-a391-41cf-b340-3e4529f44bde", "name": "kg"}, "value": 1.07}, {"@type": "ImpactFactor", "flow": {"@type": "Flow", "@id": "5a0da828-dac0-34b5-8603-ab1048d9c45f"}, "flowProperty": {"@type": "FlowProperty", "@id": "93a60a56-a3c8-11da-a746-0800200b9a66", "name": "Mass"}, "unit": {"@type": "Unit", "@id": "20aadc24-a391-41cf-b340-3e4529f44bde", "name": "kg"}, "value": 1.07}, {"@type": "ImpactFactor", "flow": {"@type": "Flow", "@id": "4175a68f-3b0e-3f8f-98d5-b747ad30d255"}, "flowProperty": {"@type": "FlowProperty", "@id": "93a60a56-a3c8-11da-a746-0800200b9a66", "name": "Mass"}, "unit": {"@type": "Unit", "@id": "20aadc24-a391-41cf-b340-3e4529f44bde", "name": "kg"}, "value": 1.07}, {"@type": "ImpactFactor", "flow": {"@type": "Flow", "@id": "6004dcee-8d83-3121-9d46-be06320f02b5"}, "flowProperty": {"@type": "FlowProperty", "@id": "93a60a56-a3c8-11da-a746-0800200b9a66", "name": "Mass"}, "unit": {"@type": "Unit", "@id": "20aadc24-a391-41cf-b340-3e4529f44bde", "name": "kg"}, "value": 1.07}, {"@type": "ImpactFactor", "flow": {"@type": "Flow", "@id": "c7ff4177-673b-31b7-a8e5-9f324e39f40c"}, "flowProperty": {"@type": "FlowProperty", "@id": "93a60a56-a3c8-11da-a746-0800200b9a66", "name": "Mass"}, "unit": {"@type": "Unit", "@id": "20aadc24-a391-41cf-b340-3e4529f44bde", "name": "kg"}, "value": 1.07}, {"@type": "ImpactFactor", "flow": {"@type": "Flow", "@id": "0646009c-4b09-3364-a671-077a1a8b6f28"}, "flowProperty": {"@type": "FlowProperty", "@id": "93a60a56-a3c8-11da-a746-0800200b9a66", "name": "Mass"}, "unit": {"@type": "Unit", "@id": "20aadc24-a391-41cf-b340-3e4529f44bde", "name": "kg"}, "value": 1.07}, {"@type": "ImpactFactor", "flow": {"@type": "Flow", "@id": "4e9c48d2-f1cd-3c70-a301-f8e1c2cfd1af"}, "flowProperty": {"@type": "FlowProperty", "@id": "93a60a56-a3c8-11da-a746-0800200b9a66", "name": "Mass"}, "unit": {"@type": "Unit", "@id": "20aadc24-a391-41cf-b340-3e4529f44bde", "name": "kg"}, "value": 1.07}, {"@type": "ImpactFactor", "flow": {"@type": "Flow", "@id": "51c74148-72c9-305c-ab76-89d8384ab509"}, "flowProperty": {"@type": "FlowProperty", "@id": "93a60a56-a3c8-11da-a746-0800200b9a66", "name": "Mass"}, "unit": {"@type": "Unit", "@id": "20aadc24-a391-41cf-b340-3e4529f44bde", "name": "kg"}, "value": 1.07}, {"@type": "ImpactFactor", "flow": {"@type": "Flow", "@id": "fb4eed34-12e3-3fae-a288-22cfc1db5f55"}, "flowProperty": {"@type": "FlowProperty", "@id": "93a60a56-a3c8-11da-a746-0800200b9a66", "name": "Mass"}, "unit": {"@type": "Unit", "@id": "20aadc24-a391-41cf-b340-3e4529f44bde", "name": "kg"}, "value": 1.07}, {"@type": "ImpactFactor", "flow": {"@type": "Flow", "@id": "7306daa6-947f-3967-8a1f-4a71b379d0a4"}, "flowProperty": {"@type": "FlowProperty", "@id": "93a60a56-a3c8-11da-a746-0800200b9a66", "name": "Mass"}, "unit": {"@type": "Unit", "@id": "20aadc24-a391-41cf-b340-3e4529f44bde", "name": "kg"}, "value": 1.07}, {"@type": "ImpactFactor", "flow": {"@type": "Flow", "@id": "60821b8a-45ea-3b06-bead-d9116e30bc73"}, "flowProperty": {"@type": "FlowProperty", "@id": "93a60a56-a3c8-11da-a746-0800200b9a66", "name": "Mass"}, "unit": {"@type": "Unit", "@id": "20aadc24-a391-41cf-b340-3e4529f44bde", "name": "kg"}, "value": 1.07}, {"@type": "ImpactFactor", "flow": {"@type": "Flow", "@id": "a742c00e-7148-3f99-9ecc-16bb46bd2f4f"}, "flowProperty": {"@type": "FlowProperty", "@id": "93a60a56-a3c8-11da-a746-0800200b9a66", "name": "Mass"}, "unit": {"@type": "Unit", "@id": "20aadc24-a391-41cf-b340-3e4529f44bde", "name": "kg"}, "value": 0.7}, {"@type": "ImpactFactor", "flow": {"@type": "Flow", "@id": "6be627dd-77d1-3b0c-bb2f-625e2a5b1ecc"}, "flowProperty": {"@type": "FlowProperty", "@id": "93a60a56-a3c8-11da-a746-0800200b9a66", "name": "Mass"}, "unit": {"@type": "Unit", "@id": "20aadc24-a391-41cf-b340-3e4529f44bde", "name": "kg"}, "value": 0.7}, {"@type": "ImpactFactor", "flow": {"@type": "Flow", "@id": "4caad383-59fa-3b2f-ae71-27f30713ff50"}, "flowProperty": {"@type": "FlowProperty", "@id": "93a60a56-a3c8-11da-a746-0800200b9a66", "name": "Mass"}, "unit": {"@type": "Unit", "@id": "20aadc24-a391-41cf-b340-3e4529f44bde", "name": "kg"}, "value": 0.7}, {"@type": "ImpactFactor", "flow": {"@type": "Flow", "@id": "dd1b4943-00cf-3138-94fe-d4cd0860364e"}, "flowProperty": {"@type": "FlowProperty", "@id": "93a60a56-a3c8-11da-a746-0800200b9a66", "name": "Mass"}, "unit": {"@type": "Unit", "@id": "20aadc24-a391-41cf-b340-3e4529f44bde", "name": "kg"}, "value": 0.7}, {"@type": "ImpactFactor", "flow": {"@type": "Flow", "@id": "b8d11475-4550-369d-b204-7f7db64d7761"}, "flowProperty": {"@type": "FlowProperty", "@id": "93a60a56-a3c8-11da-a746-0800200b9a66", "name": "Mass"}, "unit": {"@type": "Unit", "@id": "20aadc24-a391-41cf-b340-3e4529f44bde", "name": "kg"}, "value": 0.7}, {"@type": "ImpactFactor", "flow": {"@type": "Flow", "@id": "7da4540b-4875-3670-af46-2a911ff38c68"}, "flowProperty": {"@type": "FlowProperty", "@id": "93a60a56-a3c8-11da-a746-0800200b9a66", "name": "Mass"}, "unit": {"@type": "Unit", "@id": "20aadc24-a391-41cf-b340-3e4529f44bde", "name": "kg"}, "value": 0.7}, {"@type": "ImpactFactor", "flow": {"@type": "Flow", "@id": "f3188b2a-7421-3857-b6cd-505ccd283449"}, "flowProperty": {"@type": "FlowProperty", "@id": "93a60a56-a3c8-11da-a746-0800200b9a66", "name": "Mass"}, "unit": {"@type": "Unit", "@id": "20aadc24-a391-41cf-b340-3e4529f44bde", "name": "kg"}, "value": 0.7}, {"@type": "ImpactFactor", "flow": {"@type": "Flow", "@id": "788559a2-5a83-34b0-96b4-4bf120b149db"}, "flowProperty": {"@type": "FlowProperty", "@id": "93a60a56-a3c8-11da-a746-0800200b9a66", "name": "Mass"}, "unit": {"@type": "Unit", "@id": "20aadc24-a391-41cf-b340-3e4529f44bde", "name": "kg"}, "value": 0.7}, {"@type": "ImpactFactor", "flow": {"@type": "Flow", "@id": "1e22f9a6-062c-3a2c-bdbf-7e14fd88a33f"}, "flowProperty": {"@type": "FlowProperty", "@id": "93a60a56-a3c8-11da-a746-0800200b9a66", "name": "Mass"}, "unit": {"@type": "Unit", "@id": "20aadc24-a391-41cf-b340-3e4529f44bde", "name": "kg"}, "value": 0.7}, {"@type": "ImpactFactor", "flow": {"@type": "Flow", "@id": "2c627952-74b8-391f-b434-8d0a5b4cf9b5"}, "flowProperty": {"@type": "FlowProperty", "@id": "93a60a56-a3c8-11da-a746-0800200b9a66", "name": "Mass"}, "unit": {"@type": "Unit", "@id": "20aadc24-a391-41cf-b340-3e4529f44bde", "name": "kg"}, "value": 0.7}, {"@type": "ImpactFactor", "flow": {"@type": "Flow", "@id": "428d0d27-85a9-3ef6-9066-ecc113fe5588"}, "flowProperty": {"@type": "FlowProperty", "@id": "93a60a56-a3c8-11da-a746-0800200b9a66", "name": "Mass"}, "unit": {"@type": "Unit", "@id": "20aadc24-a391-41cf-b340-3e4529f44bde", "name": "kg"}, "value": 0.7}, {"@type": "ImpactFactor", "flow": {"@type": "Flow", "@id": "e405b5ad-f595-3f3d-ba5e-26ad8950ae8f"}, "flowProperty": {"@type": "FlowProperty", "@id": "93a60a56-a3c8-11da-a746-0800200b9a66", "name": "Mass"}, "unit": {"@type": "Unit", "@id": "20aadc24-a391-41cf-b340-3e4529f44bde", "name": "kg"}, "value": 0.7}, {"@type": "ImpactFactor", "flow": {"@type": "Flow", "@id": "e073c658-b2c5-3a74-907b-538d5cb8abeb"}, "flowProperty": {"@type": "FlowProperty", "@id": "93a60a56-a3c8-11da-a746-0800200b9a66", "name": "Mass"}, "unit": {"@type": "Unit", "@id": "20aadc24-a391-41cf-b340-3e4529f44bde", "name": "kg"}, "value": 0.7}, {"@type": "ImpactFactor", "flow": {"@type": "Flow", "@id": "069944b7-854c-300d-8c7d-24150a1eb6aa"}, "flowProperty": {"@type": "FlowProperty", "@id": "93a60a56-a3c8-11da-a746-0800200b9a66", "name": "Mass"}, "unit": {"@type": "Unit", "@id": "20aadc24-a391-41cf-b340-3e4529f44bde", "name": "kg"}, "value": 0.7}, {"@type": "ImpactFactor", "flow": {"@type": "Flow", "@id": "8ef9f270-7ee4-3927-9687-d0f7b7c5eb3d"}, "flowProperty": {"@type": "FlowProperty", "@id": "93a60a56-a3c8-11da-a746-0800200b9a66", "name": "Mass"}, "unit": {"@type": "Unit", "@id": "20aadc24-a391-41cf-b340-3e4529f44bde", "name": "kg"}, "value": 0.7}, {"@type": "ImpactFactor", "flow": {"@type": "Flow", "@id": "f6f5cd46-3040-3185-a504-42a2be84d32a"}, "flowProperty": {"@type": "FlowProperty", "@id": "93a60a56-a3c8-11da-a746-0800200b9a66", "name": "Mass"}, "unit": {"@type": "Unit", "@id": "20aadc24-a391-41cf-b340-3e4529f44bde", "name": "kg"}, "value": 0.7}, {"@type": "ImpactFactor", "flow": {"@type": "Flow", "@id": "7aff0fef-ab68-321e-bd04-ced7eb2f954b"}, "flowProperty": {"@type": "FlowProperty", "@id": "93a60a56-a3c8-11da-a746-0800200b9a66", "name": "Mass"}, "unit": {"@type": "Unit", "@id": "20aadc24-a391-41cf-b340-3e4529f44bde", "name": "kg"}, "value": 0.7}, {"@type": "ImpactFactor", "flow": {"@type": "Flow", "@id": "4382ba18-dd21-3837-80b2-94283ef5490e"}, "flowProperty": {"@type": "FlowProperty", "@id": "93a60a56-a3c8-11da-a746-0800200b9a66", "name": "Mass"}, "unit": {"@type": "Unit", "@id": "20aadc24-a391-41cf-b340-3e4529f44bde", "name": "kg"}, "value": 0.7}, {"@type": "ImpactFactor", "flow": {"@type": "Flow", "@id": "2c9c61dc-a76e-3d76-9e74-437ede8fc931"}, "flowProperty": {"@type": "FlowProperty", "@id": "93a60a56-a3c8-11da-a746-0800200b9a66", "name": "Mass"}, "unit": {"@type": "Unit", "@id": "20aadc24-a391-41cf-b340-3e4529f44bde", "name": "kg"}, "value": 0.7}, {"@type": "ImpactFactor", "flow": {"@type": "Flow", "@id": "5d08751e-63ba-3242-9fbb-d558a6f558e6"}, "flowProperty": {"@type": "FlowProperty", "@id": "93a60a56-a3c8-11da-a746-0800200b9a66", "name": "Mass"}, "unit": {"@type": "Unit", "@id": "20aadc24-a391-41cf-b340-3e4529f44bde", "name": "kg"}, "value": 0.7}, {"@type": "ImpactFactor", "flow": {"@type": "Flow", "@id": "bc603a5d-99d5-3be6-bf71-71f14e75aeaa"}, "flowProperty": {"@type": "FlowProperty", "@id": "93a60a56-a3c8-11da-a746-0800200b9a66", "name": "Mass"}, "unit": {"@type": "Unit", "@id": "20aadc24-a391-41cf-b340-3e4529f44bde", "name": "kg"}, "value": 0.7}, {"@type": "ImpactFactor", "flow": {"@type": "Flow", "@id": "af135726-a342-37a9-9da8-e49acb4078b9"}, "flowProperty": {"@type": "FlowProperty", "@id": "93a60a56-a3c8-11da-a746-0800200b9a66", "name": "Mass"}, "unit": {"@type": "Unit", "@id": "20aadc24-a391-41cf-b340-3e4529f44bde", "name": "kg"}, "value": 0.7}, {"@type": "ImpactFactor", "flow": {"@type": "Flow", "@id": "234227d7-3bc3-3ede-beb3-86c7e3f9c791"}, "flowProperty": {"@type": "FlowProperty", "@id": "93a60a56-a3c8-11da-a746-0800200b9a66", "name": "Mass"}, "unit": {"@type": "Unit", "@id": "20aadc24-a391-41cf-b340-3e4529f44bde", "name": "kg"}, "value": 0.7}, {"@type": "ImpactFactor", "flow": {"@type": "Flow", "@id": "887419d2-a15b-3b0e-beb1-d0f98002952f"}, "flowProperty": {"@type": "FlowProperty", "@id": "93a60a56-a3c8-11da-a746-0800200b9a66", "name": "Mass"}, "unit": {"@type": "Unit", "@id": "20aadc24-a391-41cf-b340-3e4529f44bde", "name": "kg"}, "value": 0.7}, {"@type": "ImpactFactor", "flow": {"@type": "Flow", "@id": "62c934a8-8f70-3dc9-b52e-db8e001023ac"}, "flowProperty": {"@type": "FlowProperty", "@id": "93a60a56-a3c8-11da-a746-0800200b9a66", "name": "Mass"}, "unit": {"@type": "Unit", "@id": "20aadc24-a391-41cf-b340-3e4529f44bde", "name": "kg"}, "value": 0.7}, {"@type": "ImpactFactor", "flow": {"@type": "Flow", "@id": "986e3b0f-39e1-341e-8626-aea108eb23be"}, "flowProperty": {"@type": "FlowProperty", "@id": "93a60a56-a3c8-11da-a746-0800200b9a66", "name": "Mass"}, "unit": {"@type": "Unit", "@id": "20aadc24-a391-41cf-b340-3e4529f44bde", "name": "kg"}, "value": 0.7}, {"@type": "ImpactFactor", "flow": {"@type": "Flow", "@id": "3d4c0400-91e0-3eb7-81d1-90a11857f73e"}, "flowProperty": {"@type": "FlowProperty", "@id": "93a60a56-a3c8-11da-a746-0800200b9a66", "name": "Mass"}, "unit": {"@type": "Unit", "@id": "20aadc24-a391-41cf-b340-3e4529f44bde", "name": "kg"}, "value": 0.7}, {"@type": "ImpactFactor", "flow": {"@type": "Flow", "@id": "8daf5186-978f-3159-85eb-88aa3d97b736"}, "flowProperty": {"@type": "FlowProperty", "@id": "93a60a56-a3c8-11da-a746-0800200b9a66", "name": "Mass"}, "unit": {"@type": "Unit", "@id": "20aadc24-a391-41cf-b340-3e4529f44bde", "name": "kg"}, "value": 0.7}, {"@type": "ImpactFactor", "flow": {"@type": "Flow", "@id": "5dc27307-822a-35cb-a302-9cf1a0c46e64"}, "flowProperty": {"@type": "FlowProperty", "@id": "93a60a56-a3c8-11da-a746-0800200b9a66", "name": "Mass"}, "unit": {"@type": "Unit", "@id": "20aadc24-a391-41cf-b340-3e4529f44bde", "name": "kg"}, "value": 0.7}, {"@type": "ImpactFactor", "flow": {"@type": "Flow", "@id": "3d37065c-4a1b-30f9-8099-89d1181b4395"}, "flowProperty": {"@type": "FlowProperty", "@id": "93a60a56-a3c8-11da-a746-0800200b9a66", "name": "Mass"}, "unit": {"@type": "Unit", "@id": "20aadc24-a391-41cf-b340-3e4529f44bde", "name": "kg"}, "value": 0.7}, {"@type": "ImpactFactor", "flow": {"@type": "Flow", "@id": "057ebc17-0916-3029-950a-1dd24065f12d"}, "flowProperty": {"@type": "FlowProperty", "@id": "93a60a56-a3c8-11da-a746-0800200b9a66", "name": "Mass"}, "unit": {"@type": "Unit", "@id": "20aadc24-a391-41cf-b340-3e4529f44bde", "name": "kg"}, "value": 0.7}, {"@type": "ImpactFactor", "flow": {"@type": "Flow", "@id": "3f4aed0f-f488-32a7-a938-0e435ba614bb"}, "flowProperty": {"@type": "FlowProperty", "@id": "93a60a56-a3c8-11da-a746-0800200b9a66", "name": "Mass"}, "unit": {"@type": "Unit", "@id": "20aadc24-a391-41cf-b340-3e4529f44bde", "name": "kg"}, "value": 0.7}, {"@type": "ImpactFactor", "flow": {"@type": "Flow", "@id": "f5175743-fb45-38de-ac7e-6bd188529f0c"}, "flowProperty": {"@type": "FlowProperty", "@id": "93a60a56-a3c8-11da-a746-0800200b9a66", "name": "Mass"}, "unit": {"@type": "Unit", "@id": "20aadc24-a391-41cf-b340-3e4529f44bde", "name": "kg"}, "value": 0.7}, {"@type": "ImpactFactor", "flow": {"@type": "Flow", "@id": "34d7f066-c723-3623-a11b-e9b6d4cd5b75"}, "flowProperty": {"@type": "FlowProperty", "@id": "93a60a56-a3c8-11da-a746-0800200b9a66", "name": "Mass"}, "unit": {"@type": "Unit", "@id": "20aadc24-a391-41cf-b340-3e4529f44bde", "name": "kg"}, "value": 0.7}, {"@type": "ImpactFactor", "flow": {"@type": "Flow", "@id": "53ba40b0-e966-32ba-9a31-d50049e5f77a"}, "flowProperty": {"@type": "FlowProperty", "@id": "93a60a56-a3c8-11da-a746-0800200b9a66", "name": "Mass"}, "unit": {"@type": "Unit", "@id": "20aadc24-a391-41cf-b340-3e4529f44bde", "name": "kg"}, "value": 0.51}, {"@type": "ImpactFactor", "flow": {"@type": "Flow", "@id": "4f404f51-e24c-35a0-8947-e17c930a0bd1"}, "flowProperty": {"@type": "FlowProperty", "@id": "93a60a56-a3c8-11da-a746-0800200b9a66", "name": "Mass"}, "unit": {"@type": "Unit", "@id": "20aadc24-a391-41cf-b340-3e4529f44bde", "name": "kg"}, "value": 0.51}, {"@type": "ImpactFactor", "flow": {"@type": "Flow", "@id": "83b7829e-63e3-3fa5-8cea-cfbe70ea4008"}, "flowProperty": {"@type": "FlowProperty", "@id": "93a60a56-a3c8-11da-a746-0800200b9a66", "name": "Mass"}, "unit": {"@type": "Unit", "@id": "20aadc24-a391-41cf-b340-3e4529f44bde", "name": "kg"}, "value": 0.51}, {"@type": "ImpactFactor", "flow": {"@type": "Flow", "@id": "1c73e185-7e94-306c-a2f7-3de91e1c6290"}, "flowProperty": {"@type": "FlowProperty", "@id": "93a60a56-a3c8-11da-a746-0800200b9a66", "name": "Mass"}, "unit": {"@type": "Unit", "@id": "20aadc24-a391-41cf-b340-3e4529f44bde", "name": "kg"}, "value": 0.51}, {"@type": "ImpactFactor", "flow": {"@type": "Flow", "@id": "228043c4-2191-3e75-9e91-43310f6fff6c"}, "flowProperty": {"@type": "FlowProperty", "@id": "93a60a56-a3c8-11da-a746-0800200b9a66", "name": "Mass"}, "unit": {"@type": "Unit", "@id": "20aadc24-a391-41cf-b340-3e4529f44bde", "name": "kg"}, "value": 0.51}, {"@type": "ImpactFactor", "flow": {"@type": "Flow", "@id": "a4ebdb18-6964-32ff-83cf-1dc0b90349ed"}, "flowProperty": {"@type": "FlowProperty", "@id": "93a60a56-a3c8-11da-a746-0800200b9a66", "name": "Mass"}, "unit": {"@type": "Unit", "@id": "20aadc24-a391-41cf-b340-3e4529f44bde", "name": "kg"}, "value": 0.51}, {"@type": "ImpactFactor", "flow": {"@type": "Flow", "@id": "4f848134-53c4-3b31-8c6f-6537dd5ab34b"}, "flowProperty": {"@type": "FlowProperty", "@id": "93a60a56-a3c8-11da-a746-0800200b9a66", "name": "Mass"}, "unit": {"@type": "Unit", "@id": "20aadc24-a391-41cf-b340-3e4529f44bde", "name": "kg"}, "value": 0.51}, {"@type": "ImpactFactor", "flow": {"@type": "Flow", "@id": "7c7eba08-5b99-3eed-83ff-ca375d5d086d"}, "flowProperty": {"@type": "FlowProperty", "@id": "93a60a56-a3c8-11da-a746-0800200b9a66", "name": "Mass"}, "unit": {"@type": "Unit", "@id": "20aadc24-a391-41cf-b340-3e4529f44bde", "name": "kg"}, "value": 0.51}, {"@type": "ImpactFactor", "flow": {"@type": "Flow", "@id": "03555424-9da2-3f94-a76b-683a812c663e"}, "flowProperty": {"@type": "FlowProperty", "@id": "93a60a56-a3c8-11da-a746-0800200b9a66", "name": "Mass"}, "unit": {"@type": "Unit", "@id": "20aadc24-a391-41cf-b340-3e4529f44bde", "name": "kg"}, "value": 0.51}, {"@type": "ImpactFactor", "flow": {"@type": "Flow", "@id": "e27f2cfb-79d7-3ff6-8a5d-6b12f2be1e76"}, "flowProperty": {"@type": "FlowProperty", "@id": "93a60a56-a3c8-11da-a746-0800200b9a66", "name": "Mass"}, "unit": {"@type": "Unit", "@id": "20aadc24-a391-41cf-b340-3e4529f44bde", "name": "kg"}, "value": 0.51}, {"@type": "ImpactFactor", "flow": {"@type": "Flow", "@id": "cfbc76db-99da-3a8c-ba9d-cdd88f7140b3"}, "flowProperty": {"@type": "FlowProperty", "@id": "93a60a56-a3c8-11da-a746-0800200b9a66", "name": "Mass"}, "unit": {"@type": "Unit", "@id": "20aadc24-a391-41cf-b340-3e4529f44bde", "name": "kg"}, "value": 0.51}, {"@type": "ImpactFactor", "flow": {"@type": "Flow", "@id": "26e25777-3660-3701-9547-d694e07ccc1a"}, "flowProperty": {"@type": "FlowProperty", "@id": "93a60a56-a3c8-11da-a746-0800200b9a66", "name": "Mass"}, "unit": {"@type": "Unit", "@id": "20aadc24-a391-41cf-b340-3e4529f44bde", "name": "kg"}, "value": 0.51}, {"@type": "ImpactFactor", "flow": {"@type": "Flow", "@id": "266dd25d-c5d1-3b83-91cc-bbdb8fdf8cf7"}, "flowProperty": {"@type": "FlowProperty", "@id": "93a60a56-a3c8-11da-a746-0800200b9a66", "name": "Mass"}, "unit": {"@type": "Unit", "@id": "20aadc24-a391-41cf-b340-3e4529f44bde", "name": "kg"}, "value": 0.51}, {"@type": "ImpactFactor", "flow": {"@type": "Flow", "@id": "09b24dc1-bee5-39a9-a675-66d47013a703"}, "flowProperty": {"@type": "FlowProperty", "@id": "93a60a56-a3c8-11da-a746-0800200b9a66", "name": "Mass"}, "unit": {"@type": "Unit", "@id": "20aadc24-a391-41cf-b340-3e4529f44bde", "name": "kg"}, "value": 0.51}, {"@type": "ImpactFactor", "flow": {"@type": "Flow", "@id": "f2b3fcb2-8fe0-36bb-8284-0b3dfb2d5fde"}, "flowProperty": {"@type": "FlowProperty", "@id": "93a60a56-a3c8-11da-a746-0800200b9a66", "name": "Mass"}, "unit": {"@type": "Unit", "@id": "20aadc24-a391-41cf-b340-3e4529f44bde", "name": "kg"}, "value": 0.51}, {"@type": "ImpactFactor", "flow": {"@type": "Flow", "@id": "ca6bea27-f277-3e09-b2e7-7336ec494456"}, "flowProperty": {"@type": "FlowProperty", "@id": "93a60a56-a3c8-11da-a746-0800200b9a66", "name": "Mass"}, "unit": {"@type": "Unit", "@id": "20aadc24-a391-41cf-b340-3e4529f44bde", "name": "kg"}, "value": 0.51}, {"@type": "ImpactFactor", "flow": {"@type": "Flow", "@id": "9f17f1cc-854c-364d-bc50-ac97c1745a17"}, "flowProperty": {"@type": "FlowProperty", "@id": "93a60a56-a3c8-11da-a746-0800200b9a66", "name": "Mass"}, "unit": {"@type": "Unit", "@id": "20aadc24-a391-41cf-b340-3e4529f44bde", "name": "kg"}, "value": 0.51}, {"@type": "ImpactFactor", "flow": {"@type": "Flow", "@id": "f4973035-59f5-3bdc-b257-b274dcc04e0f"}, "flowProperty": {"@type": "FlowProperty", "@id": "93a60a56-a3c8-11da-a746-0800200b9a66", "name": "Mass"}, "unit": {"@type": "Unit", "@id": "20aadc24-a391-41cf-b340-3e4529f44bde", "name": "kg"}, "value": 1.0}, {"@type": "ImpactFactor", "flow": {"@type": "Flow", "@id": "82edecca-5689-3081-8f15-f88eecaff8e9"}, "flowProperty": {"@type": "FlowProperty", "@id": "93a60a56-a3c8-11da-a746-0800200b9a66", "name": "Mass"}, "unit": {"@type": "Unit", "@id": "20aadc24-a391-41cf-b340-3e4529f44bde", "name": "kg"}, "value": 1.0}, {"@type": "ImpactFactor", "flow": {"@type": "Flow", "@id": "5d03d897-375a-355f-95a2-4c6945ce48ac"}, "flowProperty": {"@type": "FlowProperty", "@id": "93a60a56-a3c8-11da-a746-0800200b9a66", "name": "Mass"}, "unit": {"@type": "Unit", "@id": "20aadc24-a391-41cf-b340-3e4529f44bde", "name": "kg"}, "value": 1.0}, {"@type": "ImpactFactor", "flow": {"@type": "Flow", "@id": "15e730c0-4400-335e-af9e-768b409f86ba"}, "flowProperty": {"@type": "FlowProperty", "@id": "93a60a56-a3c8-11da-a746-0800200b9a66", "name": "Mass"}, "unit": {"@type": "Unit", "@id": "20aadc24-a391-41cf-b340-3e4529f44bde", "name": "kg"}, "value": 1.0}, {"@type": "ImpactFactor", "flow": {"@type": "Flow", "@id": "cbfb68b6-f597-3a05-b38b-d2181431cccd"}, "flowProperty": {"@type": "FlowProperty", "@id": "93a60a56-a3c8-11da-a746-0800200b9a66", "name": "Mass"}, "unit": {"@type": "Unit", "@id": "20aadc24-a391-41cf-b340-3e4529f44bde", "name": "kg"}, "value": 1.0}, {"@type": "ImpactFactor", "flow": {"@type": "Flow", "@id": "51f60184-a8ef-3807-b184-85cb97b65112"}, "flowProperty": {"@type": "FlowProperty", "@id": "93a60a56-a3c8-11da-a746-0800200b9a66", "name": "Mass"}, "unit": {"@type": "Unit", "@id": "20aadc24-a391-41cf-b340-3e4529f44bde", "name": "kg"}, "value": 1.0}, {"@type": "ImpactFactor", "flow": {"@type": "Flow", "@id": "e2028a0c-2feb-33a5-965f-fa7113b66bad"}, "flowProperty": {"@type": "FlowProperty", "@id": "93a60a56-a3c8-11da-a746-0800200b9a66", "name": "Mass"}, "unit": {"@type": "Unit", "@id": "20aadc24-a391-41cf-b340-3e4529f44bde", "name": "kg"}, "value": 1.0}, {"@type": "ImpactFactor", "flow": {"@type": "Flow", "@id": "f1636c55-84df-3d51-b294-45080b567df4"}, "flowProperty": {"@type": "FlowProperty", "@id": "93a60a56-a3c8-11da-a746-0800200b9a66", "name": "Mass"}, "unit": {"@type": "Unit", "@id": "20aadc24-a391-41cf-b340-3e4529f44bde", "name": "kg"}, "value": 1.0}, {"@type": "ImpactFactor", "flow": {"@type": "Flow", "@id": "a82b0a47-45a3-3cd5-a345-5a61c408cd68"}, "flowProperty": {"@type": "FlowProperty", "@id": "93a60a56-a3c8-11da-a746-0800200b9a66", "name": "Mass"}, "unit": {"@type": "Unit", "@id": "20aadc24-a391-41cf-b340-3e4529f44bde", "name": "kg"}, "value": 1.0}, {"@type": "ImpactFactor", "flow": {"@type": "Flow", "@id": "25719211-3265-3509-963d-afd93ed6de28"}, "flowProperty": {"@type": "FlowProperty", "@id": "93a60a56-a3c8-11da-a746-0800200b9a66", "name": "Mass"}, "unit": {"@type": "Unit", "@id": "20aadc24-a391-41cf-b340-3e4529f44bde", "name": "kg"}, "value": 1.0}, {"@type": "ImpactFactor", "flow": {"@type": "Flow", "@id": "08c298af-9abe-3393-b8cf-c995c0bfe3e4"}, "flowProperty": {"@type": "FlowProperty", "@id": "93a60a56-a3c8-11da-a746-0800200b9a66", "name": "Mass"}, "unit": {"@type": "Unit", "@id": "20aadc24-a391-41cf-b340-3e4529f44bde", "name": "kg"}, "value": 1.0}, {"@type": "ImpactFactor", "flow": {"@type": "Flow", "@id": "f768aae1-a610-3c36-9eaa-e3733702b28d"}, "flowProperty": {"@type": "FlowProperty", "@id": "93a60a56-a3c8-11da-a746-0800200b9a66", "name": "Mass"}, "unit": {"@type": "Unit", "@id": "20aadc24-a391-41cf-b340-3e4529f44bde", "name": "kg"}, "value": 1.0}, {"@type": "ImpactFactor", "flow": {"@type": "Flow", "@id": "0ea2a718-0e4b-3a85-ab31-28bf632b04ab"}, "flowProperty": {"@type": "FlowProperty", "@id": "93a60a56-a3c8-11da-a746-0800200b9a66", "name": "Mass"}, "unit": {"@type": "Unit", "@id": "20aadc24-a391-41cf-b340-3e4529f44bde", "name": "kg"}, "value": 1.0}, {"@type": "ImpactFactor", "flow": {"@type": "Flow", "@id": "555105ee-9212-31e6-9a4b-d7dbd68ed5bf"}, "flowProperty": {"@type": "FlowProperty", "@id": "93a60a56-a3c8-11da-a746-0800200b9a66", "name": "Mass"}, "unit": {"@type": "Unit", "@id": "20aadc24-a391-41cf-b340-3e4529f44bde", "name": "kg"}, "value": 1.0}, {"@type": "ImpactFactor", "flow": {"@type": "Flow", "@id": "5d2e5271-3fc2-31df-80cd-9a9467f5769f"}, "flowProperty": {"@type": "FlowProperty", "@id": "93a60a56-a3c8-11da-a746-0800200b9a66", "name": "Mass"}, "unit": {"@type": "Unit", "@id": "20aadc24-a391-41cf-b340-3e4529f44bde", "name": "kg"}, "value": 1.0}, {"@type": "ImpactFactor", "flow": {"@type": "Flow", "@id": "b437e364-6c84-3d54-9cde-a5defef281bd"}, "flowProperty": {"@type": "FlowProperty", "@id": "93a60a56-a3c8-11da-a746-0800200b9a66", "name": "Mass"}, "unit": {"@type": "Unit", "@id": "20aadc24-a391-41cf-b340-3e4529f44bde", "name": "kg"}, "value": 1.0}, {"@type": "ImpactFactor", "flow": {"@type": "Flow", "@id": "151f9a2a-5b3a-386f-8a65-3fd71e51b736"}, "flowProperty": {"@type": "FlowProperty", "@id": "93a60a56-a3c8-11da-a746-0800200b9a66", "name": "Mass"}, "unit": {"@type": "Unit", "@id": "20aadc24-a391-41cf-b340-3e4529f44bde", "name": "kg"}, "value": 1.0}, {"@type": "ImpactFactor", "flow": {"@type": "Flow", "@id": "e7db2838-8512-3079-a3fc-bd3361d22943"}, "flowProperty": {"@type": "FlowProperty", "@id": "93a60a56-a3c8-11da-a746-0800200b9a66", "name": "Mass"}, "unit": {"@type": "Unit", "@id": "20aadc24-a391-41cf-b340-3e4529f44bde", "name": "kg"}, "value": 0.8}, {"@type": "ImpactFactor", "flow": {"@type": "Flow", "@id": "e8499221-8700-32e5-a6a0-3f5112a9df11"}, "flowProperty": {"@type": "FlowProperty", "@id": "93a60a56-a3c8-11da-a746-0800200b9a66", "name": "Mass"}, "unit": {"@type": "Unit", "@id": "20aadc24-a391-41cf-b340-3e4529f44bde", "name": "kg"}, "value": 0.8}, {"@type": "ImpactFactor", "flow": {"@type": "Flow", "@id": "67ce3eef-28ad-301f-a39e-264a7186d168"}, "flowProperty": {"@type": "FlowProperty", "@id": "93a60a56-a3c8-11da-a746-0800200b9a66", "name": "Mass"}, "unit": {"@type": "Unit", "@id": "20aadc24-a391-41cf-b340-3e4529f44bde", "name": "kg"}, "value": 0.8}, {"@type": "ImpactFactor", "flow": {"@type": "Flow", "@id": "0de47fa5-1b9a-3206-ae3c-f2061a20c78d"}, "flowProperty": {"@type": "FlowProperty", "@id": "93a60a56-a3c8-11da-a746-0800200b9a66", "name": "Mass"}, "unit": {"@type": "Unit", "@id": "20aadc24-a391-41cf-b340-3e4529f44bde", "name": "kg"}, "value": 0.8}, {"@type": "ImpactFactor", "flow": {"@type": "Flow", "@id": "756127ac-763e-3ac4-9acb-4366738f5f77"}, "flowProperty": {"@type": "FlowProperty", "@id": "93a60a56-a3c8-11da-a746-0800200b9a66", "name": "Mass"}, "unit": {"@type": "Unit", "@id": "20aadc24-a391-41cf-b340-3e4529f44bde", "name": "kg"}, "value": 0.8}, {"@type": "ImpactFactor", "flow": {"@type": "Flow", "@id": "9c2aacc1-79a4-3cd3-8919-7ae45bed87fd"}, "flowProperty": {"@type": "FlowProperty", "@id": "93a60a56-a3c8-11da-a746-0800200b9a66", "name": "Mass"}, "unit": {"@type": "Unit", "@id": "20aadc24-a391-41cf-b340-3e4529f44bde", "name": "kg"}, "value": 0.8}, {"@type": "ImpactFactor", "flow": {"@type": "Flow", "@id": "40f09650-c0ea-3354-8e12-1ec6aa6f12a4"}, "flowProperty": {"@type": "FlowProperty", "@id": "93a60a56-a3c8-11da-a746-0800200b9a66", "name": "Mass"}, "unit": {"@type": "Unit", "@id": "20aadc24-a391-41cf-b340-3e4529f44bde", "name": "kg"}, "value": 0.8}, {"@type": "ImpactFactor", "flow": {"@type": "Flow", "@id": "02c6c7c8-954b-34c9-9d6e-3ed2fe0a9c77"}, "flowProperty": {"@type": "FlowProperty", "@id": "93a60a56-a3c8-11da-a746-0800200b9a66", "name": "Mass"}, "unit": {"@type": "Unit", "@id": "20aadc24-a391-41cf-b340-3e4529f44bde", "name": "kg"}, "value": 0.8}, {"@type": "ImpactFactor", "flow": {"@type": "Flow", "@id": "53a965c1-4691-370d-8f43-9becf92211c4"}, "flowProperty": {"@type": "FlowProperty", "@id": "93a60a56-a3c8-11da-a746-0800200b9a66", "name": "Mass"}, "unit": {"@type": "Unit", "@id": "20aadc24-a391-41cf-b340-3e4529f44bde", "name": "kg"}, "value": 0.8}, {"@type": "ImpactFactor", "flow": {"@type": "Flow", "@id": "fed03686-ef1a-3645-be4f-27cda85637bb"}, "flowProperty": {"@type": "FlowProperty", "@id": "93a60a56-a3c8-11da-a746-0800200b9a66", "name": "Mass"}, "unit": {"@type": "Unit", "@id": "20aadc24-a391-41cf-b340-3e4529f44bde", "name": "kg"}, "value": 0.8}, {"@type": "ImpactFactor", "flow": {"@type": "Flow", "@id": "9c3c2e5c-b089-3488-b3f6-18da34254508"}, "flowProperty": {"@type": "FlowProperty", "@id": "93a60a56-a3c8-11da-a746-0800200b9a66", "name": "Mass"}, "unit": {"@type": "Unit", "@id": "20aadc24-a391-41cf-b340-3e4529f44bde", "name": "kg"}, "value": 0.8}, {"@type": "ImpactFactor", "flow": {"@type": "Flow", "@id": "c4746f9d-86ff-3445-a1d8-49ae648070d8"}, "flowProperty": {"@type": "FlowProperty", "@id": "93a60a56-a3c8-11da-a746-0800200b9a66", "name": "Mass"}, "unit": {"@type": "Unit", "@id": "20aadc24-a391-41cf-b340-3e4529f44bde", "name": "kg"}, "value": 0.8}, {"@type": "ImpactFactor", "flow": {"@type": "Flow", "@id": "3add3f0d-1a33-3461-874e-e57439754f95"}, "flowProperty": {"@type": "FlowProperty", "@id": "93a60a56-a3c8-11da-a746-0800200b9a66", "name": "Mass"}, "unit": {"@type": "Unit", "@id": "20aadc24-a391-41cf-b340-3e4529f44bde", "name": "kg"}, "value": 0.8}, {"@type": "ImpactFactor", "flow": {"@type": "Flow", "@id": "651f563f-8cf7-3210-8675-f81b0549c674"}, "flowProperty": {"@type": "FlowProperty", "@id": "93a60a56-a3c8-11da-a746-0800200b9a66", "name": "Mass"}, "unit": {"@type": "Unit", "@id": "20aadc24-a391-41cf-b340-3e4529f44bde", "name": "kg"}, "value": 0.8}, {"@type": "ImpactFactor", "flow": {"@type": "Flow", "@id": "f3d1d31a-aa9a-3d15-85f3-71194d73d159"}, "flowProperty": {"@type": "FlowProperty", "@id": "93a60a56-a3c8-11da-a746-0800200b9a66", "name": "Mass"}, "unit": {"@type": "Unit", "@id": "20aadc24-a391-41cf-b340-3e4529f44bde", "name": "kg"}, "value": 0.8}, {"@type": "ImpactFactor", "flow": {"@type": "Flow", "@id": "d4a8244f-9dc9-393f-a0e4-df944c6e01c2"}, "flowProperty": {"@type": "FlowProperty", "@id": "93a60a56-a3c8-11da-a746-0800200b9a66", "name": "Mass"}, "unit": {"@type": "Unit", "@id": "20aadc24-a391-41cf-b340-3e4529f44bde", "name": "kg"}, "value": 0.8}, {"@type": "ImpactFactor", "flow": {"@type": "Flow", "@id": "0490d7ab-79f6-3f89-8387-c100fc1a9486"}, "flowProperty": {"@type": "FlowProperty", "@id": "93a60a56-a3c8-11da-a746-0800200b9a66", "name": "Mass"}, "unit": {"@type": "Unit", "@id": "20aadc24-a391-41cf-b340-3e4529f44bde", "name": "kg"}, "value": 0.8}, {"@type": "ImpactFactor", "flow": {"@type": "Flow", "@id": "e2230ed6-8d5e-3315-8bc9-ce337d1283ce"}, "flowProperty": {"@type": "FlowProperty", "@id": "93a60a56-a3c8-11da-a746-0800200b9a66", "name": "Mass"}, "unit": {"@type": "Unit", "@id": "20aadc24-a391-41cf-b340-3e4529f44bde", "name": "kg"}, "value": 0.88}, {"@type": "ImpactFactor", "flow": {"@type": "Flow", "@id": "4a75e73e-d8a4-312b-8437-138291c72328"}, "flowProperty": {"@type": "FlowProperty", "@id": "93a60a56-a3c8-11da-a746-0800200b9a66", "name": "Mass"}, "unit": {"@type": "Unit", "@id": "20aadc24-a391-41cf-b340-3e4529f44bde", "name": "kg"}, "value": 0.88}, {"@type": "ImpactFactor", "flow": {"@type": "Flow", "@id": "55dd1815-2560-3547-bf24-3107b14776da"}, "flowProperty": {"@type": "FlowProperty", "@id": "93a60a56-a3c8-11da-a746-0800200b9a66", "name": "Mass"}, "unit": {"@type": "Unit", "@id": "20aadc24-a391-41cf-b340-3e4529f44bde", "name": "kg"}, "value": 0.88}, {"@type": "ImpactFactor", "flow": {"@type": "Flow", "@id": "18a33a27-06f9-3dac-bc90-d4925e0b47d8"}, "flowProperty": {"@type": "FlowProperty", "@id": "93a60a56-a3c8-11da-a746-0800200b9a66", "name": "Mass"}, "unit": {"@type": "Unit", "@id": "20aadc24-a391-41cf-b340-3e4529f44bde", "name": "kg"}, "value": 0.88}, {"@type": "ImpactFactor", "flow": {"@type": "Flow", "@id": "40b86182-5764-3225-8140-659908386d3d"}, "flowProperty": {"@type": "FlowProperty", "@id": "93a60a56-a3c8-11da-a746-0800200b9a66", "name": "Mass"}, "unit": {"@type": "Unit", "@id": "20aadc24-a391-41cf-b340-3e4529f44bde", "name": "kg"}, "value": 0.88}, {"@type": "ImpactFactor", "flow": {"@type": "Flow", "@id": "143a705f-98b4-3fe8-9b4a-6d85e50891a5"}, "flowProperty": {"@type": "FlowProperty", "@id": "93a60a56-a3c8-11da-a746-0800200b9a66", "name": "Mass"}, "unit": {"@type": "Unit", "@id": "20aadc24-a391-41cf-b340-3e4529f44bde", "name": "kg"}, "value": 0.88}, {"@type": "ImpactFactor", "flow": {"@type": "Flow", "@id": "2e84eb20-ab0d-341a-be01-f815da246810"}, "flowProperty": {"@type": "FlowProperty", "@id": "93a60a56-a3c8-11da-a746-0800200b9a66", "name": "Mass"}, "unit": {"@type": "Unit", "@id": "20aadc24-a391-41cf-b340-3e4529f44bde", "name": "kg"}, "value": 0.88}, {"@type": "ImpactFactor", "flow": {"@type": "Flow", "@id": "3389e811-6515-3873-b11c-86342104d9bb"}, "flowProperty": {"@type": "FlowProperty", "@id": "93a60a56-a3c8-11da-a746-0800200b9a66", "name": "Mass"}, "unit": {"@type": "Unit", "@id": "20aadc24-a391-41cf-b340-3e4529f44bde", "name": "kg"}, "value": 0.88}, {"@type": "ImpactFactor", "flow": {"@type": "Flow", "@id": "29ac6a7d-e95f-33ff-9781-2101fd08e525"}, "flowProperty": {"@type": "FlowProperty", "@id": "93a60a56-a3c8-11da-a746-0800200b9a66", "name": "Mass"}, "unit": {"@type": "Unit", "@id": "20aadc24-a391-41cf-b340-3e4529f44bde", "name": "kg"}, "value": 0.88}, {"@type": "ImpactFactor", "flow": {"@type": "Flow", "@id": "e72f5371-78ba-3d7e-8e4c-b5d10b24c8a4"}, "flowProperty": {"@type": "FlowProperty", "@id": "93a60a56-a3c8-11da-a746-0800200b9a66", "name": "Mass"}, "unit": {"@type": "Unit", "@id": "20aadc24-a391-41cf-b340-3e4529f44bde", "name": "kg"}, "value": 0.88}, {"@type": "ImpactFactor", "flow": {"@type": "Flow", "@id": "642aea57-effc-3240-b661-ce25a1a0a2cb"}, "flowProperty": {"@type": "FlowProperty", "@id": "93a60a56-a3c8-11da-a746-0800200b9a66", "name": "Mass"}, "unit": {"@type": "Unit", "@id": "20aadc24-a391-41cf-b340-3e4529f44bde", "name": "kg"}, "value": 0.88}, {"@type": "ImpactFactor", "flow": {"@type": "Flow", "@id": "d739347f-f618-3163-ba41-4a7675e65f13"}, "flowProperty": {"@type": "FlowProperty", "@id": "93a60a56-a3c8-11da-a746-0800200b9a66", "name": "Mass"}, "unit": {"@type": "Unit", "@id": "20aadc24-a391-41cf-b340-3e4529f44bde", "name": "kg"}, "value": 0.88}, {"@type": "ImpactFactor", "flow": {"@type": "Flow", "@id": "bcbba917-6102-3abe-a71c-7e83588efd51"}, "flowProperty": {"@type": "FlowProperty", "@id": "93a60a56-a3c8-11da-a746-0800200b9a66", "name": "Mass"}, "unit": {"@type": "Unit", "@id": "20aadc24-a391-41cf-b340-3e4529f44bde", "name": "kg"}, "value": 0.88}, {"@type": "ImpactFactor", "flow": {"@type": "Flow", "@id": "fe2e9e82-4695-33e3-9843-205f8a0c33f4"}, "flowProperty": {"@type": "FlowProperty", "@id": "93a60a56-a3c8-11da-a746-0800200b9a66", "name": "Mass"}, "unit": {"@type": "Unit", "@id": "20aadc24-a391-41cf-b340-3e4529f44bde", "name": "kg"}, "value": 0.88}, {"@type": "ImpactFactor", "flow": {"@type": "Flow", "@id": "21d2a56c-333d-33ef-8fa5-7c844246389f"}, "flowProperty": {"@type": "FlowProperty", "@id": "93a60a56-a3c8-11da-a746-0800200b9a66", "name": "Mass"}, "unit": {"@type": "Unit", "@id": "20aadc24-a391-41cf-b340-3e4529f44bde", "name": "kg"}, "value": 0.88}, {"@type": "ImpactFactor", "flow": {"@type": "Flow", "@id": "3ddd5117-8f87-3bc7-913a-89852499d568"}, "flowProperty": {"@type": "FlowProperty", "@id": "93a60a56-a3c8-11da-a746-0800200b9a66", "name": "Mass"}, "unit": {"@type": "Unit", "@id": "20aadc24-a391-41cf-b340-3e4529f44bde", "name": "kg"}, "value": 0.88}, {"@type": "ImpactFactor", "flow": {"@type": "Flow", "@id": "6ecf11fc-fa9c-39d0-a608-415add0f05e4"}, "flowProperty": {"@type": "FlowProperty", "@id": "93a60a56-a3c8-11da-a746-0800200b9a66", "name": "Mass"}, "unit": {"@type": "Unit", "@id": "20aadc24-a391-41cf-b340-3e4529f44bde", "name": "kg"}, "value": 0.88}, {"@type": "ImpactFactor", "flow": {"@type": "Flow", "@id": "1c288388-0f32-30f1-8267-19b8d72c80df"}, "flowProperty": {"@type": "FlowProperty", "@id": "93a60a56-a3c8-11da-a746-0800200b9a66", "name": "Mass"}, "unit": {"@type": "Unit", "@id": "20aadc24-a391-41cf-b340-3e4529f44bde", "name": "kg"}, "value": 1.6}, {"@type": "ImpactFactor", "flow": {"@type": "Flow", "@id": "c6561312-1b1a-3f3c-a3c7-c3bc4364f2b3"}, "flowProperty": {"@type": "FlowProperty", "@id": "93a60a56-a3c8-11da-a746-0800200b9a66", "name": "Mass"}, "unit": {"@type": "Unit", "@id": "20aadc24-a391-41cf-b340-3e4529f44bde", "name": "kg"}, "value": 1.6}, {"@type": "ImpactFactor", "flow": {"@type": "Flow", "@id": "45a8a786-802d-3df1-95e9-30cdc071c3e3"}, "flowProperty": {"@type": "FlowProperty", "@id": "93a60a56-a3c8-11da-a746-0800200b9a66", "name": "Mass"}, "unit": {"@type": "Unit", "@id": "20aadc24-a391-41cf-b340-3e4529f44bde", "name": "kg"}, "value": 1.6}, {"@type": "ImpactFactor", "flow": {"@type": "Flow", "@id": "91181d2e-f66b-338c-a927-207885df67f6"}, "flowProperty": {"@type": "FlowProperty", "@id": "93a60a56-a3c8-11da-a746-0800200b9a66", "name": "Mass"}, "unit": {"@type": "Unit", "@id": "20aadc24-a391-41cf-b340-3e4529f44bde", "name": "kg"}, "value": 1.6}, {"@type": "ImpactFactor", "flow": {"@type": "Flow", "@id": "1fb6b653-68db-35e4-a1d1-0e55c6cc7320"}, "flowProperty": {"@type": "FlowProperty", "@id": "93a60a56-a3c8-11da-a746-0800200b9a66", "name": "Mass"}, "unit": {"@type": "Unit", "@id": "20aadc24-a391-41cf-b340-3e4529f44bde", "name": "kg"}, "value": 1.6}, {"@type": "ImpactFactor", "flow": {"@type": "Flow", "@id": "f4ba9143-0d68-3293-95e4-29c45e17afaf"}, "flowProperty": {"@type": "FlowProperty", "@id": "93a60a56-a3c8-11da-a746-0800200b9a66", "name": "Mass"}, "unit": {"@type": "Unit", "@id": "20aadc24-a391-41cf-b340-3e4529f44bde", "name": "kg"}, "value": 1.6}, {"@type": "ImpactFactor", "flow": {"@type": "Flow", "@id": "1f042cb6-c5ad-3464-b764-3c62218a18f1"}, "flowProperty": {"@type": "FlowProperty", "@id": "93a60a56-a3c8-11da-a746-0800200b9a66", "name": "Mass"}, "unit": {"@type": "Unit", "@id": "20aadc24-a391-41cf-b340-3e4529f44bde", "name": "kg"}, "value": 1.6}, {"@type": "ImpactFactor", "flow": {"@type": "Flow", "@id": "8a1f574d-59d9-3b8d-be17-6373c67bd9a9"}, "flowProperty": {"@type": "FlowProperty", "@id": "93a60a56-a3c8-11da-a746-0800200b9a66", "name": "Mass"}, "unit": {"@type": "Unit", "@id": "20aadc24-a391-41cf-b340-3e4529f44bde", "name": "kg"}, "value": 1.6}, {"@type": "ImpactFactor", "flow": {"@type": "Flow", "@id": "61908198-009c-3ae3-b9d6-b7c8010a9e6d"}, "flowProperty": {"@type": "FlowProperty", "@id": "93a60a56-a3c8-11da-a746-0800200b9a66", "name": "Mass"}, "unit": {"@type": "Unit", "@id": "20aadc24-a391-41cf-b340-3e4529f44bde", "name": "kg"}, "value": 1.6}, {"@type": "ImpactFactor", "flow": {"@type": "Flow", "@id": "67dfd027-adf6-3761-adb4-5a169bed718b"}, "flowProperty": {"@type": "FlowProperty", "@id": "93a60a56-a3c8-11da-a746-0800200b9a66", "name": "Mass"}, "unit": {"@type": "Unit", "@id": "20aadc24-a391-41cf-b340-3e4529f44bde", "name": "kg"}, "value": 1.6}, {"@type": "ImpactFactor", "flow": {"@type": "Flow", "@id": "4a8c42d2-96ff-3d5d-bdd9-9193c176e3c7"}, "flowProperty": {"@type": "FlowProperty", "@id": "93a60a56-a3c8-11da-a746-0800200b9a66", "name": "Mass"}, "unit": {"@type": "Unit", "@id": "20aadc24-a391-41cf-b340-3e4529f44bde", "name": "kg"}, "value": 1.6}, {"@type": "ImpactFactor", "flow": {"@type": "Flow", "@id": "a5e0e628-af21-30a0-8201-babcf9f8a126"}, "flowProperty": {"@type": "FlowProperty", "@id": "93a60a56-a3c8-11da-a746-0800200b9a66", "name": "Mass"}, "unit": {"@type": "Unit", "@id": "20aadc24-a391-41cf-b340-3e4529f44bde", "name": "kg"}, "value": 1.6}, {"@type": "ImpactFactor", "flow": {"@type": "Flow", "@id": "f5224187-ac6b-33d7-baa8-246b7ab69c76"}, "flowProperty": {"@type": "FlowProperty", "@id": "93a60a56-a3c8-11da-a746-0800200b9a66", "name": "Mass"}, "unit": {"@type": "Unit", "@id": "20aadc24-a391-41cf-b340-3e4529f44bde", "name": "kg"}, "value": 1.6}, {"@type": "ImpactFactor", "flow": {"@type": "Flow", "@id": "1bd16175-1fce-3524-b6a5-1c3a8fb01ab3"}, "flowProperty": {"@type": "FlowProperty", "@id": "93a60a56-a3c8-11da-a746-0800200b9a66", "name": "Mass"}, "unit": {"@type": "Unit", "@id": "20aadc24-a391-41cf-b340-3e4529f44bde", "name": "kg"}, "value": 1.6}, {"@type": "ImpactFactor", "flow": {"@type": "Flow", "@id": "3b47cb6a-d73a-3a06-9117-cf94a5a17bbd"}, "flowProperty": {"@type": "FlowProperty", "@id": "93a60a56-a3c8-11da-a746-0800200b9a66", "name": "Mass"}, "unit": {"@type": "Unit", "@id": "20aadc24-a391-41cf-b340-3e4529f44bde", "name": "kg"}, "value": 1.6}, {"@type": "ImpactFactor", "flow": {"@type": "Flow", "@id": "13165a8d-e1b9-3354-b53f-c88d514601e6"}, "flowProperty": {"@type": "FlowProperty", "@id": "93a60a56-a3c8-11da-a746-0800200b9a66", "name": "Mass"}, "unit": {"@type": "Unit", "@id": "20aadc24-a391-41cf-b340-3e4529f44bde", "name": "kg"}, "value": 1.6}, {"@type": "ImpactFactor", "flow": {"@type": "Flow", "@id": "1ee5fd80-f878-3647-a213-92044a375745"}, "flowProperty": {"@type": "FlowProperty", "@id": "93a60a56-a3c8-11da-a746-0800200b9a66", "name": "Mass"}, "unit": {"@type": "Unit", "@id": "20aadc24-a391-41cf-b340-3e4529f44bde", "name": "kg"}, "value": 1.6}, {"@type": "ImpactFactor", "flow": {"@type": "Flow", "@id": "0838fbf7-0add-3353-ba9a-b187edeb85d6"}, "flowProperty": {"@type": "FlowProperty", "@id": "93a60a56-a3c8-11da-a746-0800200b9a66", "name": "Mass"}, "unit": {"@type": "Unit", "@id": "20aadc24-a391-41cf-b340-3e4529f44bde", "name": "kg"}, "value": 0.65}, {"@type": "ImpactFactor", "flow": {"@type": "Flow", "@id": "b7429d5c-c908-3807-ba73-c183b882859f"}, "flowProperty": {"@type": "FlowProperty", "@id": "93a60a56-a3c8-11da-a746-0800200b9a66", "name": "Mass"}, "unit": {"@type": "Unit", "@id": "20aadc24-a391-41cf-b340-3e4529f44bde", "name": "kg"}, "value": 0.65}, {"@type": "ImpactFactor", "flow": {"@type": "Flow", "@id": "fe26b1c1-6a67-3975-b2c4-d655ca2b485d"}, "flowProperty": {"@type": "FlowProperty", "@id": "93a60a56-a3c8-11da-a746-0800200b9a66", "name": "Mass"}, "unit": {"@type": "Unit", "@id": "20aadc24-a391-41cf-b340-3e4529f44bde", "name": "kg"}, "value": 0.65}, {"@type": "ImpactFactor", "flow": {"@type": "Flow", "@id": "2429f0fe-a4f5-3ef1-93d9-79ae4e50050a"}, "flowProperty": {"@type": "FlowProperty", "@id": "93a60a56-a3c8-11da-a746-0800200b9a66", "name": "Mass"}, "unit": {"@type": "Unit", "@id": "20aadc24-a391-41cf-b340-3e4529f44bde", "name": "kg"}, "value": 0.65}, {"@type": "ImpactFactor", "flow": {"@type": "Flow", "@id": "0f10ec71-abb4-3554-9b99-379b060a41c5"}, "flowProperty": {"@type": "FlowProperty", "@id": "93a60a56-a3c8-11da-a746-0800200b9a66", "name": "Mass"}, "unit": {"@type": "Unit", "@id": "20aadc24-a391-41cf-b340-3e4529f44bde", "name": "kg"}, "value": 0.65}, {"@type": "ImpactFactor", "flow": {"@type": "Flow", "@id": "33abe65e-f53b-360f-98c5-8ecd838f8119"}, "flowProperty": {"@type": "FlowProperty", "@id": "93a60a56-a3c8-11da-a746-0800200b9a66", "name": "Mass"}, "unit": {"@type": "Unit", "@id": "20aadc24-a391-41cf-b340-3e4529f44bde", "name": "kg"}, "value": 0.65}, {"@type": "ImpactFactor", "flow": {"@type": "Flow", "@id": "b8114e64-a02c-3136-a06b-4709b6afa037"}, "flowProperty": {"@type": "FlowProperty", "@id": "93a60a56-a3c8-11da-a746-0800200b9a66", "name": "Mass"}, "unit": {"@type": "Unit", "@id": "20aadc24-a391-41cf-b340-3e4529f44bde", "name": "kg"}, "value": 0.65}, {"@type": "ImpactFactor", "flow": {"@type": "Flow", "@id": "7cd52373-9fa9-3f23-8153-7a6baca50b50"}, "flowProperty": {"@type": "FlowProperty", "@id": "93a60a56-a3c8-11da-a746-0800200b9a66", "name": "Mass"}, "unit": {"@type": "Unit", "@id": "20aadc24-a391-41cf-b340-3e4529f44bde", "name": "kg"}, "value": 0.65}, {"@type": "ImpactFactor", "flow": {"@type": "Flow", "@id": "c2bc6d18-8f9c-34f9-96f7-fbb36e5d58c2"}, "flowProperty": {"@type": "FlowProperty", "@id": "93a60a56-a3c8-11da-a746-0800200b9a66", "name": "Mass"}, "unit": {"@type": "Unit", "@id": "20aadc24-a391-41cf-b340-3e4529f44bde", "name": "kg"}, "value": 0.65}, {"@type": "ImpactFactor", "flow": {"@type": "Flow", "@id": "587b0304-7c86-3b5a-8c66-d0d2b0e7ee4c"}, "flowProperty": {"@type": "FlowProperty", "@id": "93a60a56-a3c8-11da-a746-0800200b9a66", "name": "Mass"}, "unit": {"@type": "Unit", "@id": "20aadc24-a391-41cf-b340-3e4529f44bde", "name": "kg"}, "value": 0.65}, {"@type": "ImpactFactor", "flow": {"@type": "Flow", "@id": "240ef373-bf60-3996-814d-1fc69550171e"}, "flowProperty": {"@type": "FlowProperty", "@id": "93a60a56-a3c8-11da-a746-0800200b9a66", "name": "Mass"}, "unit": {"@type": "Unit", "@id": "20aadc24-a391-41cf-b340-3e4529f44bde", "name": "kg"}, "value": 0.65}, {"@type": "ImpactFactor", "flow": {"@type": "Flow", "@id": "a412997e-dc2c-34dc-80d2-a3a62f3d2872"}, "flowProperty": {"@type": "FlowProperty", "@id": "93a60a56-a3c8-11da-a746-0800200b9a66", "name": "Mass"}, "unit": {"@type": "Unit", "@id": "20aadc24-a391-41cf-b340-3e4529f44bde", "name": "kg"}, "value": 0.65}, {"@type": "ImpactFactor", "flow": {"@type": "Flow", "@id": "1dc55a6f-d781-3c7d-9c34-2183a20a0628"}, "flowProperty": {"@type": "FlowProperty", "@id": "93a60a56-a3c8-11da-a746-0800200b9a66", "name": "Mass"}, "unit": {"@type": "Unit", "@id": "20aadc24-a391-41cf-b340-3e4529f44bde", "name": "kg"}, "value": 0.65}, {"@type": "ImpactFactor", "flow": {"@type": "Flow", "@id": "4f2f6158-6180-3279-9fa5-b82e7b85c22f"}, "flowProperty": {"@type": "FlowProperty", "@id": "93a60a56-a3c8-11da-a746-0800200b9a66", "name": "Mass"}, "unit": {"@type": "Unit", "@id": "20aadc24-a391-41cf-b340-3e4529f44bde", "name": "kg"}, "value": 0.65}, {"@type": "ImpactFactor", "flow": {"@type": "Flow", "@id": "1016795a-95f4-3c86-bf54-292f2989e262"}, "flowProperty": {"@type": "FlowProperty", "@id": "93a60a56-a3c8-11da-a746-0800200b9a66", "name": "Mass"}, "unit": {"@type": "Unit", "@id": "20aadc24-a391-41cf-b340-3e4529f44bde", "name": "kg"}, "value": 0.65}, {"@type": "ImpactFactor", "flow": {"@type": "Flow", "@id": "ebc6b56e-8a28-3fd0-b5fe-69071f3962a3"}, "flowProperty": {"@type": "FlowProperty", "@id": "93a60a56-a3c8-11da-a746-0800200b9a66", "name": "Mass"}, "unit": {"@type": "Unit", "@id": "20aadc24-a391-41cf-b340-3e4529f44bde", "name": "kg"}, "value": 0.65}, {"@type": "ImpactFactor", "flow": {"@type": "Flow", "@id": "2af07d43-adf3-3a72-9503-c9b996ad2be2"}, "flowProperty": {"@type": "FlowProperty", "@id": "93a60a56-a3c8-11da-a746-0800200b9a66", "name": "Mass"}, "unit": {"@type": "Unit", "@id": "20aadc24-a391-41cf-b340-3e4529f44bde", "name": "kg"}, "value": 0.65}, {"@type": "ImpactFactor", "flow": {"@type": "Flow", "@id": "f8cbcd43-8201-3b05-b19a-82d305414af4"}, "flowProperty": {"@type": "FlowProperty", "@id": "93a60a56-a3c8-11da-a746-0800200b9a66", "name": "Mass"}, "unit": {"@type": "Unit", "@id": "20aadc24-a391-41cf-b340-3e4529f44bde", "name": "kg"}, "value": 1.88}, {"@type": "ImpactFactor", "flow": {"@type": "Flow", "@id": "c76d66f7-2f2f-38e6-82a5-1f299816fde8"}, "flowProperty": {"@type": "FlowProperty", "@id": "93a60a56-a3c8-11da-a746-0800200b9a66", "name": "Mass"}, "unit": {"@type": "Unit", "@id": "20aadc24-a391-41cf-b340-3e4529f44bde", "name": "kg"}, "value": 1.88}, {"@type": "ImpactFactor", "flow": {"@type": "Flow", "@id": "c3b759ab-9581-3bb0-8e3c-402131a11ca0"}, "flowProperty": {"@type": "FlowProperty", "@id": "93a60a56-a3c8-11da-a746-0800200b9a66", "name": "Mass"}, "unit": {"@type": "Unit", "@id": "20aadc24-a391-41cf-b340-3e4529f44bde", "name": "kg"}, "value": 1.88}, {"@type": "ImpactFactor", "flow": {"@type": "Flow", "@id": "2138267c-4398-3f71-ace9-4c0c354dcdd4"}, "flowProperty": {"@type": "FlowProperty", "@id": "93a60a56-a3c8-11da-a746-0800200b9a66", "name": "Mass"}, "unit": {"@type": "Unit", "@id": "20aadc24-a391-41cf-b340-3e4529f44bde", "name": "kg"}, "value": 1.88}, {"@type": "ImpactFactor", "flow": {"@type": "Flow", "@id": "b8f2bc9f-5181-3402-b63f-9a69e8f54375"}, "flowProperty": {"@type": "FlowProperty", "@id": "93a60a56-a3c8-11da-a746-0800200b9a66", "name": "Mass"}, "unit": {"@type": "Unit", "@id": "20aadc24-a391-41cf-b340-3e4529f44bde", "name": "kg"}, "value": 1.88}, {"@type": "ImpactFactor", "flow": {"@type": "Flow", "@id": "14b0ec9f-b965-3236-8beb-34b0f4cb6a8d"}, "flowProperty": {"@type": "FlowProperty", "@id": "93a60a56-a3c8-11da-a746-0800200b9a66", "name": "Mass"}, "unit": {"@type": "Unit", "@id": "20aadc24-a391-41cf-b340-3e4529f44bde", "name": "kg"}, "value": 1.88}, {"@type": "ImpactFactor", "flow": {"@type": "Flow", "@id": "d674c2b3-2577-3d3a-be24-8724b891d890"}, "flowProperty": {"@type": "FlowProperty", "@id": "93a60a56-a3c8-11da-a746-0800200b9a66", "name": "Mass"}, "unit": {"@type": "Unit", "@id": "20aadc24-a391-41cf-b340-3e4529f44bde", "name": "kg"}, "value": 1.88}, {"@type": "ImpactFactor", "flow": {"@type": "Flow", "@id": "6d3a4757-4a7d-3e87-b3f9-216d14918255"}, "flowProperty": {"@type": "FlowProperty", "@id": "93a60a56-a3c8-11da-a746-0800200b9a66", "name": "Mass"}, "unit": {"@type": "Unit", "@id": "20aadc24-a391-41cf-b340-3e4529f44bde", "name": "kg"}, "value": 1.88}, {"@type": "ImpactFactor", "flow": {"@type": "Flow", "@id": "db36625b-d5c8-3664-a5d6-b6feb01e5221"}, "flowProperty": {"@type": "FlowProperty", "@id": "93a60a56-a3c8-11da-a746-0800200b9a66", "name": "Mass"}, "unit": {"@type": "Unit", "@id": "20aadc24-a391-41cf-b340-3e4529f44bde", "name": "kg"}, "value": 1.88}, {"@type": "ImpactFactor", "flow": {"@type": "Flow", "@id": "5f4772ea-c5c1-316e-8376-d1a177ae5ea1"}, "flowProperty": {"@type": "FlowProperty", "@id": "93a60a56-a3c8-11da-a746-0800200b9a66", "name": "Mass"}, "unit": {"@type": "Unit", "@id": "20aadc24-a391-41cf-b340-3e4529f44bde", "name": "kg"}, "value": 1.88}, {"@type": "ImpactFactor", "flow": {"@type": "Flow", "@id": "1cfd2388-2708-3352-82f8-b973a242956b"}, "flowProperty": {"@type": "FlowProperty", "@id": "93a60a56-a3c8-11da-a746-0800200b9a66", "name": "Mass"}, "unit": {"@type": "Unit", "@id": "20aadc24-a391-41cf-b340-3e4529f44bde", "name": "kg"}, "value": 1.88}, {"@type": "ImpactFactor", "flow": {"@type": "Flow", "@id": "36e93273-e87d-35a2-a3ee-86f6ffebf5b5"}, "flowProperty": {"@type": "FlowProperty", "@id": "93a60a56-a3c8-11da-a746-0800200b9a66", "name": "Mass"}, "unit": {"@type": "Unit", "@id": "20aadc24-a391-41cf-b340-3e4529f44bde", "name": "kg"}, "value": 1.88}, {"@type": "ImpactFactor", "flow": {"@type": "Flow", "@id": "73c620bd-3401-3ba0-a0ba-76c0a52aea25"}, "flowProperty": {"@type": "FlowProperty", "@id": "93a60a56-a3c8-11da-a746-0800200b9a66", "name": "Mass"}, "unit": {"@type": "Unit", "@id": "20aadc24-a391-41cf-b340-3e4529f44bde", "name": "kg"}, "value": 1.88}, {"@type": "ImpactFactor", "flow": {"@type": "Flow", "@id": "66e0ae67-f664-3331-b3fe-951e0ae25b86"}, "flowProperty": {"@type": "FlowProperty", "@id": "93a60a56-a3c8-11da-a746-0800200b9a66", "name": "Mass"}, "unit": {"@type": "Unit", "@id": "20aadc24-a391-41cf-b340-3e4529f44bde", "name": "kg"}, "value": 1.88}, {"@type": "ImpactFactor", "flow": {"@type": "Flow", "@id": "8da408ea-efcb-38b9-8a55-286fad96f3ec"}, "flowProperty": {"@type": "FlowProperty", "@id": "93a60a56-a3c8-11da-a746-0800200b9a66", "name": "Mass"}, "unit": {"@type": "Unit", "@id": "20aadc24-a391-41cf-b340-3e4529f44bde", "name": "kg"}, "value": 1.88}, {"@type": "ImpactFactor", "flow": {"@type": "Flow", "@id": "916d0a8f-ee3e-3d44-ba21-bfc295315084"}, "flowProperty": {"@type": "FlowProperty", "@id": "93a60a56-a3c8-11da-a746-0800200b9a66", "name": "Mass"}, "unit": {"@type": "Unit", "@id": "20aadc24-a391-41cf-b340-3e4529f44bde", "name": "kg"}, "value": 1.88}, {"@type": "ImpactFactor", "flow": {"@type": "Flow", "@id": "6fd87b42-e1a2-3cd5-9cbc-a7170c47c822"}, "flowProperty": {"@type": "FlowProperty", "@id": "93a60a56-a3c8-11da-a746-0800200b9a66", "name": "Mass"}, "unit": {"@type": "Unit", "@id": "20aadc24-a391-41cf-b340-3e4529f44bde", "name": "kg"}, "value": 1.88}, {"@type": "ImpactFactor", "flow": {"@type": "Flow", "@id": "42e4c3cb-8468-3004-bd4b-19e6cbb81687"}, "flowProperty": {"@type": "FlowProperty", "@id": "93a60a56-a3c8-11da-a746-0800200b9a66", "name": "Mass"}, "unit": {"@type": "Unit", "@id": "20aadc24-a391-41cf-b340-3e4529f44bde", "name": "kg"}, "value": 1.0}, {"@type": "ImpactFactor", "flow": {"@type": "Flow", "@id": "e578625b-262e-3b53-9490-23a4f17c5af3"}, "flowProperty": {"@type": "FlowProperty", "@id": "93a60a56-a3c8-11da-a746-0800200b9a66", "name": "Mass"}, "unit": {"@type": "Unit", "@id": "20aadc24-a391-41cf-b340-3e4529f44bde", "name": "kg"}, "value": 1.0}, {"@type": "ImpactFactor", "flow": {"@type": "Flow", "@id": "f3d31c7f-4630-37f3-b0a0-521f8cabd909"}, "flowProperty": {"@type": "FlowProperty", "@id": "93a60a56-a3c8-11da-a746-0800200b9a66", "name": "Mass"}, "unit": {"@type": "Unit", "@id": "20aadc24-a391-41cf-b340-3e4529f44bde", "name": "kg"}, "value": 1.0}, {"@type": "ImpactFactor", "flow": {"@type": "Flow", "@id": "85e6ef0f-7ede-38a7-8d2e-4a9ca6c31217"}, "flowProperty": {"@type": "FlowProperty", "@id": "93a60a56-a3c8-11da-a746-0800200b9a66", "name": "Mass"}, "unit": {"@type": "Unit", "@id": "20aadc24-a391-41cf-b340-3e4529f44bde", "name": "kg"}, "value": 1.0}, {"@type": "ImpactFactor", "flow": {"@type": "Flow", "@id": "089f63e5-14de-3eca-88b8-d284d3a8ae42"}, "flowProperty": {"@type": "FlowProperty", "@id": "93a60a56-a3c8-11da-a746-0800200b9a66", "name": "Mass"}, "unit": {"@type": "Unit", "@id": "20aadc24-a391-41cf-b340-3e4529f44bde", "name": "kg"}, "value": 1.0}, {"@type": "ImpactFactor", "flow": {"@type": "Flow", "@id": "93c2c35d-3c00-3eea-ad4a-bdf5d70ca682"}, "flowProperty": {"@type": "FlowProperty", "@id": "93a60a56-a3c8-11da-a746-0800200b9a66", "name": "Mass"}, "unit": {"@type": "Unit", "@id": "20aadc24-a391-41cf-b340-3e4529f44bde", "name": "kg"}, "value": 1.0}, {"@type": "ImpactFactor", "flow": {"@type": "Flow", "@id": "0928aee5-bfbe-34d2-b08d-15a7eabf3a2a"}, "flowProperty": {"@type": "FlowProperty", "@id": "93a60a56-a3c8-11da-a746-0800200b9a66", "name": "Mass"}, "unit": {"@type": "Unit", "@id": "20aadc24-a391-41cf-b340-3e4529f44bde", "name": "kg"}, "value": 1.0}, {"@type": "ImpactFactor", "flow": {"@type": "Flow", "@id": "cb71690b-e8ff-3d98-b488-02296c060e5b"}, "flowProperty": {"@type": "FlowProperty", "@id": "93a60a56-a3c8-11da-a746-0800200b9a66", "name": "Mass"}, "unit": {"@type": "Unit", "@id": "20aadc24-a391-41cf-b340-3e4529f44bde", "name": "kg"}, "value": 1.0}, {"@type": "ImpactFactor", "flow": {"@type": "Flow", "@id": "3b615678-8f9a-3e9b-9c2d-e8f8120d9fb7"}, "flowProperty": {"@type": "FlowProperty", "@id": "93a60a56-a3c8-11da-a746-0800200b9a66", "name": "Mass"}, "unit": {"@type": "Unit", "@id": "20aadc24-a391-41cf-b340-3e4529f44bde", "name": "kg"}, "value": 1.0}, {"@type": "ImpactFactor", "flow": {"@type": "Flow", "@id": "66745d9f-d40c-37d2-b22d-9c46296d1297"}, "flowProperty": {"@type": "FlowProperty", "@id": "93a60a56-a3c8-11da-a746-0800200b9a66", "name": "Mass"}, "unit": {"@type": "Unit", "@id": "20aadc24-a391-41cf-b340-3e4529f44bde", "name": "kg"}, "value": 1.0}, {"@type": "ImpactFactor", "flow": {"@type": "Flow", "@id": "541cfc95-9455-38e6-972b-388d2d3ee887"}, "flowProperty": {"@type": "FlowProperty", "@id": "93a60a56-a3c8-11da-a746-0800200b9a66", "name": "Mass"}, "unit": {"@type": "Unit", "@id": "20aadc24-a391-41cf-b340-3e4529f44bde", "name": "kg"}, "value": 1.0}, {"@type": "ImpactFactor", "flow": {"@type": "Flow", "@id": "ef6a5c3c-c4d8-3ee7-8316-411c410fe2f3"}, "flowProperty": {"@type": "FlowProperty", "@id": "93a60a56-a3c8-11da-a746-0800200b9a66", "name": "Mass"}, "unit": {"@type": "Unit", "@id": "20aadc24-a391-41cf-b340-3e4529f44bde", "name": "kg"}, "value": 1.0}, {"@type": "ImpactFactor", "flow": {"@type": "Flow", "@id": "13834ddd-2548-342f-b43b-6011ad289053"}, "flowProperty": {"@type": "FlowProperty", "@id": "93a60a56-a3c8-11da-a746-0800200b9a66", "name": "Mass"}, "unit": {"@type": "Unit", "@id": "20aadc24-a391-41cf-b340-3e4529f44bde", "name": "kg"}, "value": 1.0}, {"@type": "ImpactFactor", "flow": {"@type": "Flow", "@id": "78bb9ab0-005d-39d1-98a0-cd25428cbc2e"}, "flowProperty": {"@type": "FlowProperty", "@id": "93a60a56-a3c8-11da-a746-0800200b9a66", "name": "Mass"}, "unit": {"@type": "Unit", "@id": "20aadc24-a391-41cf-b340-3e4529f44bde", "name": "kg"}, "value": 1.0}, {"@type": "ImpactFactor", "flow": {"@type": "Flow", "@id": "48530b25-ddba-3a4c-ace2-701746342c9c"}, "flowProperty": {"@type": "FlowProperty", "@id": "93a60a56-a3c8-11da-a746-0800200b9a66", "name": "Mass"}, "unit": {"@type": "Unit", "@id": "20aadc24-a391-41cf-b340-3e4529f44bde", "name": "kg"}, "value": 1.0}, {"@type": "ImpactFactor", "flow": {"@type": "Flow", "@id": "e79bfbb7-1fcb-3961-ab78-dbaaf9d12861"}, "flowProperty": {"@type": "FlowProperty", "@id": "93a60a56-a3c8-11da-a746-0800200b9a66", "name": "Mass"}, "unit": {"@type": "Unit", "@id": "20aadc24-a391-41cf-b340-3e4529f44bde", "name": "kg"}, "value": 1.0}, {"@type": "ImpactFactor", "flow": {"@type": "Flow", "@id": "8c187a24-8805-3976-8ff4-de9ac894a0d7"}, "flowProperty": {"@type": "FlowProperty", "@id": "93a60a56-a3c8-11da-a746-0800200b9a66", "name": "Mass"}, "unit": {"@type": "Unit", "@id": "20aadc24-a391-41cf-b340-3e4529f44bde", "name": "kg"}, "value": 1.0}]}