<?xml version="1.0" encoding="UTF-8" standalone="yes"?>
<ecoSpold xmlns="http://www.EcoInvent.org/EcoSpold01">
    <dataset number="89304" generator="openLCA" timestamp="2019-10-15T12:53:00.030-06:00">
        <metaInformation>
            <processInformation>
                <referenceFunction datasetRelatesToProduct="false" name="Roundwood, hardwood, green, at mill, E" localName="Roundwood, hardwood, green, at mill, E" infrastructureProcess="false" amount="1.0" unit="m3" category="11: Agriculture, Forestry, Fishing and Hunting" subCategory="1133: Logging" localCategory="11: Agriculture, Forestry, Fishing and Hunting" localSubCategory="1133: Logging" generalComment="All weights given on an ovendry basis.&#xA;Both logs and bark were transported jointly - however, these were seperated in the model based on mass allocation.  This unit process only accounts for the transport of logs and excludes the transport of bark.&#xA;Important note: although most of the data in the US LCI database has &#xA;undergone some sort of review, the database as a whole has not yet &#xA;undergone a formal validation process.&#xA;Please email comments to lci@nrel.gov."/>
                <geography location="RNA" text="E= Eastern US United States. The states included MN, IA, MO, WI, IL, NJ, OH, IN, MI, WV, PA, MD, DW, NJ, NY, ME, VT, NH, RI, MA, CT, VA, KY, AR, LA, MS, AL, FL,GA, NC, SC, and TN"/>
                <technology text="Average Transport distance"/>
                <timePeriod dataValidForEntirePeriod="true">
                    <startDate>2006-12-31-07:00</startDate>
                    <endDate>2006-12-31-07:00</endDate>
                </timePeriod>
                <dataSetInformation type="5" impactAssessmentResult="false" timestamp="2019-07-22T23:04:01.903-06:00" version="0.0" internalVersion="0.0" energyValues="0" languageCode="en" localLanguageCode="en"/>
            </processInformation>
            <modellingAndValidation>
                <representativeness samplingProcedure="Questionnaires from  4 veneer mills and 5 flooring plants in the E. United States representing 32 states."/>
                <source number="1859" sourceType="0" firstAuthor="Richard D. Bergman " year="2010" title="Module M-Life-cycle inventory of manufacturing prefinished engineered wood flooring in the eastern United States" placeOfPublications="unknown"/>
                <source number="2383" sourceType="0" firstAuthor="Maureen Puettmann " year="2010" title="SimaPro working files for Engineered Wood Flooring" placeOfPublications="unknown"/>
            </modellingAndValidation>
            <administrativeInformation>
                <dataEntryBy person="1719"/>
                <dataGeneratorAndPublication person="1719" dataPublishedIn="0" referenceToPublishedSource="1859" copyright="false" accessRestrictedTo="0"/>
                <person number="1719" name="Maureen Puettmann" address="8200 NW Chaparral Drive, Corvallis, OR  97330" telephone="541-231-2627" email="mpuettma@pacifier.com" companyCode="unknown" countryCode="US"/>
            </administrativeInformation>
        </metaInformation>
        <flowData>
            <exchange number="33922" category="11: Agriculture, Forestry, Fishing and Hunting" subCategory="1133: Logging" localCategory="11: Agriculture, Forestry, Fishing and Hunting" localSubCategory="1133: Logging" name="Roundwood, hardwood, green, at mill, E" location="RNA" unit="m3" meanValue="1.0" generalComment="Based on a weighted average green density of 944 kg/m3 and green specific gravity of 0.510. 2.46 M3 = 1255 KG  Moisture content (ovendry basis) = 85%.    " infrastructureProcess="false">
                <outputGroup>0</outputGroup>
            </exchange>
            <exchange number="4754" category="11: Agriculture, Forestry, Fishing and Hunting" subCategory="1133: Logging" localCategory="11: Agriculture, Forestry, Fishing and Hunting" localSubCategory="1133: Logging" name="Roundwood, hardwood, average, at forest road" location="RNA" unit="m3" meanValue="1.0" generalComment="Based on a weighted average green density of 944 kg/m3. 2.46M3 = 1255 KG  Moisture content (ovendry basis) = 85%. proxy for hardwood logs at forest road" infrastructureProcess="false">
                <inputGroup>5</inputGroup>
            </exchange>
            <exchange number="35414" category="Elementary Flows" localCategory="Elementary Flows" name="Water, process, surface" unit="l" meanValue="118.6613546" generalComment="Amount of water consumed as water spray for logs.  Represents 30% of mill used of ground water " infrastructureProcess="false">
                <inputGroup>4</inputGroup>
            </exchange>
            <exchange number="33576" category="48-49: Transportation and Warehousing" subCategory="4841: General Freight Trucking" localCategory="48-49: Transportation and Warehousing" localSubCategory="4841: General Freight Trucking" name="Transport, combination truck, diesel powered" location="RNA" unit="t*km" meanValue="189.7768924" generalComment="Transportation of logs from forest: 201km*1255*(1+.85)/1000/2.46tonnes=190tkm" infrastructureProcess="false">
                <inputGroup>5</inputGroup>
            </exchange>
            <exchange number="49579" category="22: Utilities" subCategory="2213: Water, Sewage and Other Systems" localCategory="22: Utilities" localSubCategory="2213: Water, Sewage and Other Systems" name="Diesel, combusted in industrial equipment" location="RNA" unit="l" meanValue="1.706772908" generalComment="Diesel used for on-site transportation. Represents 60% of mill use of diesel for transport.  " infrastructureProcess="false">
                <inputGroup>5</inputGroup>
            </exchange>
            <exchange number="33576" category="48-49: Transportation and Warehousing" subCategory="4841: General Freight Trucking" localCategory="48-49: Transportation and Warehousing" localSubCategory="4841: General Freight Trucking" name="Transport, combination truck, diesel powered" location="RNA" unit="t*km" meanValue="10.1187251" generalComment="Transportation of bark from forest: 201km*27.2*(1+.85)/1000tonnes=10.1tkm" infrastructureProcess="false">
                <inputGroup>5</inputGroup>
            </exchange>
            <exchange number="51464" category="11: Agriculture, Forestry, Fishing and Hunting" subCategory="1133: Logging" localCategory="11: Agriculture, Forestry, Fishing and Hunting" localSubCategory="1133: Logging" name="Bark, hardwood, green, at mill, E" location="RNA" unit="kg" meanValue="27.18645418" generalComment="Weight reported on an ovendry basis.  Moisture content (ovendry basis) = 85%" infrastructureProcess="false">
                <outputGroup>2</outputGroup>
            </exchange>
            <exchange number="45283" category="resource" subCategory="ground-" localCategory="resource" localSubCategory="ground-" name="Water, process, well" unit="l" meanValue="345.8247012" generalComment="Amount of water consumed as water spray for logs.  Represents 30% of mill used of ground water " infrastructureProcess="false">
                <inputGroup>4</inputGroup>
            </exchange>
            <exchange number="26530" category="11: Agriculture, Forestry, Fishing and Hunting" subCategory="1133: Logging" localCategory="11: Agriculture, Forestry, Fishing and Hunting" localSubCategory="1133: Logging" name="Bark, hardwood, average, at forest road, NE-NC" location="RNA" unit="kg" meanValue="27.18645418" generalComment="Weight reported on an ovendry basis.  Moisture content (ovendry basis) = 85%; proxy for hardwood bark at forest road" infrastructureProcess="false">
                <inputGroup>5</inputGroup>
            </exchange>
        </flowData>
    </dataset>
</ecoSpold>
