<?xml version="1.0" encoding="UTF-8" standalone="yes"?>
<ecoSpold xmlns="http://www.EcoInvent.org/EcoSpold01">
    <dataset number="55984" generator="openLCA" timestamp="2019-10-15T12:52:57.248-06:00">
        <metaInformation>
            <processInformation>
                <referenceFunction datasetRelatesToProduct="false" name="Spring wheat straw, ground and stored" localName="Spring wheat straw, ground and stored" infrastructureProcess="false" amount="1.0" unit="kg" category="11: Agriculture, Forestry, Fishing and Hunting" subCategory="1151: Support Activities for Crop Production" localCategory="11: Agriculture, Forestry, Fishing and Hunting" localSubCategory="1151: Support Activities for Crop Production" generalComment="1 metric ton of wheat straw, dried to 12% &#xA;moisture."/>
                <geography location="RNA" text="North America"/>
                <technology text="future"/>
                <timePeriod dataValidForEntirePeriod="true" text="2022">
                    <startDate>2007-12-31-07:00</startDate>
                    <endDate>2021-12-31-07:00</endDate>
                </timePeriod>
                <dataSetInformation type="1" impactAssessmentResult="false" timestamp="2019-07-20T21:42:19.473-06:00" version="0.0" internalVersion="0.0" energyValues="0" languageCode="en" localLanguageCode="en"/>
            </processInformation>
            <modellingAndValidation>
                <source number="2098" sourceType="0" firstAuthor="Hess, J. " year="2009" title="Uniform-Format Solid Feedstock Supply System: A commodity-scale design to produce an infrastructure-compatible bulk solid from lignocellulosic biomass" placeOfPublications="unknown"/>
                <source number="2436" sourceType="0" firstAuthor="Hsu, D. " year="2010" title="Life Cycle Environmental Impacts of Selected U.S. Ethanol Production and Use Pathways in 2022" placeOfPublications="unknown"/>
            </modellingAndValidation>
            <administrativeInformation>
                <dataEntryBy person="1710"/>
                <dataGeneratorAndPublication person="1710" dataPublishedIn="0" referenceToPublishedSource="2436" copyright="false" accessRestrictedTo="0"/>
                <person number="1710" name="Daniel Inman" address="NREL, 1617 Cole Blvd, RSF 200, Golden, CO 80401" telephone="303-384-6845" companyCode="unknown" countryCode="US"/>
            </administrativeInformation>
        </metaInformation>
        <flowData>
            <exchange number="46111" category="11: Agriculture, Forestry, Fishing and Hunting" subCategory="1151: Support Activities for Crop Production" localCategory="11: Agriculture, Forestry, Fishing and Hunting" localSubCategory="1151: Support Activities for Crop Production" name="Spring wheat straw, ground and stored" location="RNA" unit="kg" meanValue="1.0" infrastructureProcess="false">
                <outputGroup>0</outputGroup>
            </exchange>
            <exchange number="35868" category="22: Utilities" subCategory="2211: Electric Power Generation, Transmission and Distribution" localCategory="22: Utilities" localSubCategory="2211: Electric Power Generation, Transmission and Distribution" name="Electricity, at grid" location="RNA" unit="MJ" meanValue="53.664547" generalComment="proxy: Electricity, medium voltage, at grid/US with US electricity. Electricity needs for pelletization." infrastructureProcess="false">
                <inputGroup>5</inputGroup>
            </exchange>
            <exchange number="6706" category="Technosphere Flows" subCategory="CUTOFF Flows" localCategory="Technosphere Flows" localSubCategory="CUTOFF Flows" name="CUTOFF Dried roughage store, non ventilated" location="RNA" unit="m3" meanValue="1.1723176E-7" generalComment="30 year lifetime for storage from INL feedstock design report." infrastructureProcess="true">
                <inputGroup>5</inputGroup>
            </exchange>
            <exchange number="35868" category="22: Utilities" subCategory="2211: Electric Power Generation, Transmission and Distribution" localCategory="22: Utilities" localSubCategory="2211: Electric Power Generation, Transmission and Distribution" name="Electricity, at grid" location="RNA" unit="MJ" meanValue="3.2550627" generalComment="proxy: Electricity, medium voltage, at grid/US with US electricity. Electricity needed for twine removal." infrastructureProcess="false">
                <inputGroup>5</inputGroup>
            </exchange>
            <exchange number="44457" category="11: Agriculture, Forestry, Fishing and Hunting" subCategory="1151: Support Activities for Crop Production" localCategory="11: Agriculture, Forestry, Fishing and Hunting" localSubCategory="1151: Support Activities for Crop Production" name="Grinding" location="RNA" unit="kg" meanValue="0.97003389" infrastructureProcess="false">
                <inputGroup>5</inputGroup>
            </exchange>
            <exchange number="17144" category="Technosphere Flows" subCategory="CUTOFF Flows" localCategory="Technosphere Flows" localSubCategory="CUTOFF Flows" name="CUTOFF Loading bales" location="RNA" unit="Item(s)" meanValue="1.43" generalComment="loading bales for grinder. Calculation of number of bales comes from 2000 lbs of corn stover divided by weight per bale. Trailer volume is 2511 ft^3 (INL table 4-5), density is 12 lbs/ft^3 dry (=20 wet at 40% moisture)." infrastructureProcess="false">
                <inputGroup>5</inputGroup>
            </exchange>
            <exchange number="39210" category="11: Agriculture, Forestry, Fishing and Hunting" subCategory="1151: Support Activities for Crop Production" localCategory="11: Agriculture, Forestry, Fishing and Hunting" localSubCategory="1151: Support Activities for Crop Production" name="Spring wheat straw, carted" location="RNA" unit="kg" meanValue="1.33" infrastructureProcess="false">
                <inputGroup>5</inputGroup>
            </exchange>
            <exchange number="20190" category="Technosphere Flows" subCategory="CUTOFF Flows" localCategory="Technosphere Flows" localSubCategory="CUTOFF Flows" name="CUTOFF Conveyor belt, at plant" location="RNA" unit="m" meanValue="3.47472E-5" infrastructureProcess="true">
                <inputGroup>5</inputGroup>
            </exchange>
            <exchange number="20190" category="Technosphere Flows" subCategory="CUTOFF Flows" localCategory="Technosphere Flows" localSubCategory="CUTOFF Flows" name="CUTOFF Conveyor belt, at plant" location="RNA" unit="m" meanValue="3.47472E-5" generalComment="conveyor for grinder in-feed system" infrastructureProcess="true">
                <inputGroup>5</inputGroup>
            </exchange>
            <exchange number="17120" category="Technosphere Flows" subCategory="CUTOFF Flows" localCategory="Technosphere Flows" localSubCategory="CUTOFF Flows" name="CUTOFF Maize drying" location="RNA" unit="kg" meanValue="33.3" infrastructureProcess="false">
                <inputGroup>5</inputGroup>
            </exchange>
            <exchange number="46841" category="Technosphere Flows" subCategory="CUTOFF Flows" localCategory="Technosphere Flows" localSubCategory="CUTOFF Flows" name="CUTOFF Fodder loading, by self-loading trailer" location="RNA" unit="m3" meanValue="2.7750513" infrastructureProcess="false">
                <inputGroup>5</inputGroup>
            </exchange>
            <exchange number="34311" category="Technosphere Flows" subCategory="CUTOFF Flows" localCategory="Technosphere Flows" localSubCategory="CUTOFF Flows" name="CUTOFF Agricultural machinery, general, production" location="RNA" unit="kg" meanValue="0.9" infrastructureProcess="true">
                <inputGroup>5</inputGroup>
            </exchange>
            <exchange number="10664" category="Elementary Flows" localCategory="Elementary Flows" name="Water" unit="kg" meanValue="333.0" generalComment="water dried per ton of final moisture corn stover. drying from 34% moisture to 12% moisture." infrastructureProcess="false">
                <outputGroup>4</outputGroup>
            </exchange>
            <exchange number="35868" category="22: Utilities" subCategory="2211: Electric Power Generation, Transmission and Distribution" localCategory="22: Utilities" localSubCategory="2211: Electric Power Generation, Transmission and Distribution" name="Electricity, at grid" location="RNA" unit="MJ" meanValue="61.289018" generalComment="proxy: Electricity, medium voltage, at grid/US with US electricity. Electricity needed for dust collection." infrastructureProcess="false">
                <inputGroup>5</inputGroup>
            </exchange>
        </flowData>
    </dataset>
</ecoSpold>
