<?xml version="1.0" encoding="UTF-8" standalone="yes"?>
<ecoSpold xmlns="http://www.EcoInvent.org/EcoSpold01">
    <dataset number="55405" generator="openLCA" timestamp="2019-10-15T12:52:58.497-06:00">
        <metaInformation>
            <processInformation>
                <referenceFunction datasetRelatesToProduct="false" name="Roundwood, softwood, average, at forest road, INW" localName="Roundwood, softwood, average, at forest road, INW" infrastructureProcess="false" amount="1.0" unit="m3" category="11: Agriculture, Forestry, Fishing and Hunting" subCategory="1133: Logging" localCategory="11: Agriculture, Forestry, Fishing and Hunting" localSubCategory="1133: Logging" generalComment="1. FIA inventory were from 1989 to 1996 depending on jurisdiction                                2. Important note: although most of the data in the US LCI database has undergone some sort of review, the database as a whole has not yet undergone a formal validation process.                                                                                                                 3. Please email comments to lci@nrel.gov.                                                               4. WRT soil carbon, what is not known, is the degree of carbon release from the decomposed fine roots in the soil and whether the net release of fine root carbon will be different over different time periods and under different treatment regimes. The results do not address soil carbon or the effect of forest management activities on total soil carbon because no reliable predictors were found that relate to the management treatments being considered.      "/>
                <geography location="RNA" text="US Inland West including Montana, Idaho, and eastern Washington"/>
                <technology text="Average technology. Some data extrapolated from similar processes."/>
                <timePeriod dataValidForEntirePeriod="true">
                    <startDate>1988-12-31-07:00</startDate>
                    <endDate>1995-12-31-07:00</endDate>
                </timePeriod>
                <dataSetInformation type="1" impactAssessmentResult="false" timestamp="2019-07-20T23:05:32.253-06:00" version="0.0" internalVersion="0.0" energyValues="0" languageCode="en" localLanguageCode="en"/>
            </processInformation>
            <modellingAndValidation>
                <representativeness samplingProcedure="Average is calculated based on harvested areas and the specific yield for each type of forest. &#xA;Thirty year average harvest rates by owner group and sub-region (1970-2000) were applied to existing inventory data and simulated forward at the harvest intensity that has occurred in the past. "/>
                <source number="1755" sourceType="0" firstAuthor="Maureen Puettmann " year="2008" title="SimaPro working files for Inland West Resources" placeOfPublications="unknown"/>
                <source number="2035" sourceType="0" firstAuthor="Leonard R. Johnson " year="2008" title="Module A - Forest Resources Inland West" placeOfPublications="unknown"/>
            </modellingAndValidation>
            <administrativeInformation>
                <dataEntryBy person="1699"/>
                <dataGeneratorAndPublication person="1699" dataPublishedIn="0" referenceToPublishedSource="2035" copyright="false" accessRestrictedTo="0"/>
                <person number="1699" name="Maureen Puetmann" address="Corvallis, OR  " telephone="(541) 231-2627" email="maureen.puettmann@q.com" companyCode="unknown" countryCode="US"/>
            </administrativeInformation>
        </metaInformation>
        <flowData>
            <exchange number="25660" category="11: Agriculture, Forestry, Fishing and Hunting" subCategory="1133: Logging" localCategory="11: Agriculture, Forestry, Fishing and Hunting" localSubCategory="1133: Logging" name="Roundwood, softwood, average, at forest road, INW" location="RNA" unit="m3" meanValue="1.0" infrastructureProcess="false">
                <outputGroup>0</outputGroup>
            </exchange>
            <exchange number="13558" category="11: Agriculture, Forestry, Fishing and Hunting" subCategory="1133: Logging" localCategory="11: Agriculture, Forestry, Fishing and Hunting" localSubCategory="1133: Logging" name="Roundwood, softwd, avg, state or private moist cold forest, at forest rd, INW" location="RNA" unit="m3" meanValue="0.624" infrastructureProcess="false">
                <inputGroup>5</inputGroup>
            </exchange>
            <exchange number="34263" category="11: Agriculture, Forestry, Fishing and Hunting" subCategory="1133: Logging" localCategory="11: Agriculture, Forestry, Fishing and Hunting" localSubCategory="1133: Logging" name="Roundwood, softwood, average, state or private dry forest, at forest road, INW" location="RNA" unit="m3" meanValue="0.311" infrastructureProcess="false">
                <inputGroup>5</inputGroup>
            </exchange>
            <exchange number="22276" category="11: Agriculture, Forestry, Fishing and Hunting" subCategory="1133: Logging" localCategory="11: Agriculture, Forestry, Fishing and Hunting" localSubCategory="1133: Logging" name="Roundwood, softwood, national forest, average, at forest road, INW" location="RNA" unit="m3" meanValue="0.0657" infrastructureProcess="false">
                <inputGroup>5</inputGroup>
            </exchange>
        </flowData>
    </dataset>
</ecoSpold>
