<?xml version="1.0" encoding="UTF-8" standalone="yes"?>
<ecoSpold xmlns="http://www.EcoInvent.org/EcoSpold01">
    <dataset number="107180" generator="openLCA" timestamp="2019-10-15T12:53:01.437-06:00">
        <metaInformation>
            <processInformation>
                <referenceFunction datasetRelatesToProduct="false" name="Natural gas, at processing, composite, kg" localName="Natural gas, at processing, composite, kg" infrastructureProcess="false" amount="1.0" unit="kg" category="21: Mining, Quarrying, and Oil and Gas Extraction" subCategory="2111: Oil and Gas Extraction" localCategory="21: Mining, Quarrying, and Oil and Gas Extraction" localSubCategory="2111: Oil and Gas Extraction" generalComment="This process combines natural gas extracted by conventional and unconventional means for processing, based on their percentage share in the US natural gas production mix. The percentages are based on EIA 2014 for each of the extraction type which Franklin Associates summed up to calculate the total percentages for conventional and shale gas extraction in the US natural gas production mix. The data module also apportions environmental emissions according to the percent share of conventional and unconventional natural gas."/>
                <geography location="US"/>
                <technology/>
                <timePeriod dataValidForEntirePeriod="true">
                    <startDate>2013-12-31-07:00</startDate>
                    <endDate>2014-11-30-07:00</endDate>
                </timePeriod>
                <dataSetInformation type="1" impactAssessmentResult="false" timestamp="2019-10-02T11:12:32.952-06:00" version="0.0" internalVersion="0.0" energyValues="0" languageCode="en" localLanguageCode="en"/>
            </processInformation>
            <modellingAndValidation>
                <representativeness samplingProcedure="BOUNDARY CONDITIONS: The system boundary includes (1) natural gas extraction (2) energy inputs for the process, and (3) water inputs for the process.&#xD;&#xA;DATA COLLECTION: A weighted average was calculated from the processing data for conventionally and unconventionally extracted natural gas and used to develop the composite produced natural gas process. &#xD;&#xA;UNCERTAINTY ESTIMATION: All data were carefully evaluated before compiling the production-weighted average data sets used to generate results. No uncertainty analysis was carried out due to the lack of uncertainty data or probability distributions for key parameters, which are often only available as single point estimates from the producers.&#xD;&#xA;"/>
                <source number="107109" sourceType="0" firstAuthor="US EIA, 2014" placeOfPublications="unknown" text="US EIA (2014). U.S. EIA webpage. Natural Gas Gross Withdrawls and Production Table.  Retrieved from: https://www.eia.gov/dnav/ng/ng_prod_sum_a_EPG0_FGG_mmcf_a.htm."/>
                <source number="107111" sourceType="0" firstAuthor="GREET 2017" placeOfPublications="unknown" text="ANL (2017). Argonne National Laboratory. The Greenhouse gases, Regulated Emissions, and Energy use in Transportation Model (GREET) Life Cycle Model. Center for Transportation Research Energy Systems Division Argonne National Laboratory. Retrieved from:  https://greet.es.anl.gov/"/>
                <validation proofReadingDetails="Internal review of data entry proofreading, mass balance verification and data documentation." proofReadingValidator="1681"/>
            </modellingAndValidation>
            <administrativeInformation>
                <dataEntryBy person="1681"/>
                <dataGeneratorAndPublication person="1681" dataPublishedIn="0" copyright="false" accessRestrictedTo="0"/>
                <person number="1681" name="Franklin Associates, A Division of ERG" address="11050 Roe Ave., 66211 Overland Park, KS" telephone="(913) 649-2225" telefax="(913) 649-6494" email="FranklinAssociates@ERG.com" companyCode="unknown"/>
            </administrativeInformation>
        </metaInformation>
        <flowData>
            <exchange number="107142" category="21: Mining, Quarrying, and Oil and Gas Extraction" subCategory="2111: Oil and Gas Extraction" localCategory="21: Mining, Quarrying, and Oil and Gas Extraction" localSubCategory="2111: Oil and Gas Extraction" name="Natural gas, at processing, composite, kg" location="US" unit="kg" meanValue="1.0" infrastructureProcess="false">
                <outputGroup>0</outputGroup>
            </exchange>
            <exchange number="107137" category="21: Mining, Quarrying, and Oil and Gas Extraction" subCategory="2111: Oil and Gas Extraction" localCategory="21: Mining, Quarrying, and Oil and Gas Extraction" localSubCategory="2111: Oil and Gas Extraction" CASNumber="" name="Natural gas, at processing, conventional, kg" unit="kg" meanValue="0.51" formula="" infrastructureProcess="false">
                <inputGroup>5</inputGroup>
            </exchange>
            <exchange number="107139" category="21: Mining, Quarrying, and Oil and Gas Extraction" subCategory="2111: Oil and Gas Extraction" localCategory="21: Mining, Quarrying, and Oil and Gas Extraction" localSubCategory="2111: Oil and Gas Extraction" CASNumber="" name="Natural gas, at processing, shale, kg" unit="kg" meanValue="0.49" formula="" infrastructureProcess="false">
                <inputGroup>5</inputGroup>
            </exchange>
        </flowData>
    </dataset>
</ecoSpold>
