<?xml version="1.0" encoding="UTF-8" standalone="yes"?>
<ecoSpold xmlns="http://www.EcoInvent.org/EcoSpold01">
    <dataset number="72809" generator="openLCA" timestamp="2019-10-15T12:52:58.722-06:00">
        <metaInformation>
            <processInformation>
                <referenceFunction datasetRelatesToProduct="false" name="Roundwood, softwood, green, at logyard, INW" localName="Roundwood, softwood, green, at logyard, INW" infrastructureProcess="false" amount="1.0" unit="kg" category="11: Agriculture, Forestry, Fishing and Hunting" subCategory="1133: Logging" localCategory="11: Agriculture, Forestry, Fishing and Hunting" localSubCategory="1133: Logging" generalComment="All weights given on an ovendry basis. Percent Moisture content (oven dry basis) = wt of wood wet - wt of wood dry/wt of wood dry x100&#xA;Important note: although most of the data in the US LCI database has &#xA;undergone some sort of review, the database as a whole has not yet &#xA;undergone a formal validation process.&#xA;Please email comments to lci@nrel.gov."/>
                <geography location="RNA" text="Meant to represent operations in eastern Washington, eastern Oregon, Idaho and western Montana.  Actual representative mill sample found in eastern Washington and Idaho only."/>
                <technology text="Average"/>
                <timePeriod dataValidForEntirePeriod="true">
                    <startDate>2005-12-31-07:00</startDate>
                    <endDate>2006-12-31-07:00</endDate>
                </timePeriod>
                <dataSetInformation type="5" impactAssessmentResult="false" timestamp="2019-07-20T23:05:32.256-06:00" version="0.0" internalVersion="0.0" energyValues="0" languageCode="en" localLanguageCode="en"/>
            </processInformation>
            <modellingAndValidation>
                <representativeness samplingProcedure="Questionnaires from 4 mills assumed to be representative of the softwood lumber industry in US Inland West."/>
                <source number="1815" sourceType="0" firstAuthor="Forest Products Laboratory " year="1999" title="Wood Handbook: Wood as an engineering material. Gen. Tech. Rep. FPLGTR-113." placeOfPublications="unknown"/>
                <source number="2142" sourceType="0" firstAuthor="Francis G. Wagner " year="2009" title="Module C: Life Cycle Inventory of Inland Northwest Softwood Lumber Manufacturing" placeOfPublications="unknown"/>
                <source number="2451" sourceType="0" firstAuthor="Maureen Puettmann " year="2009" title="SimaPro working files for Inland West softwood lumber" placeOfPublications="unknown"/>
            </modellingAndValidation>
            <administrativeInformation>
                <dataEntryBy person="1699"/>
                <dataGeneratorAndPublication person="1699" dataPublishedIn="0" referenceToPublishedSource="2142" copyright="false" accessRestrictedTo="0"/>
                <person number="1699" name="Maureen Puetmann" address="Corvallis, OR  " telephone="(541) 231-2627" email="maureen.puettmann@q.com" companyCode="unknown" countryCode="US"/>
            </administrativeInformation>
        </metaInformation>
        <flowData>
            <exchange number="23316" category="11: Agriculture, Forestry, Fishing and Hunting" subCategory="1133: Logging" localCategory="11: Agriculture, Forestry, Fishing and Hunting" localSubCategory="1133: Logging" name="Roundwood, softwood, green, at logyard, INW" location="RNA" unit="kg" meanValue="1.0" generalComment="Weight reported on an ovendry basis, density=436 kg/m3 based on oven dry mass" infrastructureProcess="false">
                <outputGroup>0</outputGroup>
            </exchange>
            <exchange number="20366" category="22: Utilities" subCategory="2213: Water, Sewage and Other Systems" localCategory="22: Utilities" localSubCategory="2213: Water, Sewage and Other Systems" name="Gasoline, combusted in equipment" location="RNA" unit="m3" meanValue="6.42E-5" generalComment="Based on one mill reporting only: not weighed" infrastructureProcess="false">
                <inputGroup>5</inputGroup>
            </exchange>
            <exchange number="35944" category="air" subCategory="low population density" localCategory="air" localSubCategory="low population density" name="Hydrocarbons, unspecified" unit="kg" meanValue="5.42E-7" generalComment="Fugitive emissions from storage tanks." infrastructureProcess="false">
                <outputGroup>4</outputGroup>
            </exchange>
            <exchange number="27302" category="water" subCategory="ground-" localCategory="water" localSubCategory="ground-" name="Water, process" unit="kg" meanValue="0.0437" infrastructureProcess="false">
                <inputGroup>4</inputGroup>
            </exchange>
            <exchange number="19872" category="31-33: Manufacturing" subCategory="3241: Petroleum and Coal Products Manufacturing" localCategory="31-33: Manufacturing" localSubCategory="3241: Petroleum and Coal Products Manufacturing" name="Residual fuel oil, at refinery" location="RNA" unit="m3" meanValue="2.57E-5" generalComment="Proxy for hydraulic oil" infrastructureProcess="false">
                <inputGroup>5</inputGroup>
            </exchange>
            <exchange number="31966" category="11: Agriculture, Forestry, Fishing and Hunting" subCategory="1133: Logging" localCategory="11: Agriculture, Forestry, Fishing and Hunting" localSubCategory="1133: Logging" name="Roundwood, softwood, green, at mill, INW" location="RNA" unit="kg" meanValue="1.0" generalComment=" Based on green specific gravity of 0.41 (od mass and green volume)" infrastructureProcess="false">
                <inputGroup>5</inputGroup>
            </exchange>
            <exchange number="5212" category="11: Agriculture, Forestry, Fishing and Hunting" subCategory="1133: Logging" localCategory="11: Agriculture, Forestry, Fishing and Hunting" localSubCategory="1133: Logging" name="Bark, softwood, green, at logyard, INW" location="RNA" unit="kg" meanValue="0.0739" generalComment="Weight reported on an ovendry basis, density=436 kg/m3 based on oven dry mass" infrastructureProcess="false">
                <outputGroup>2</outputGroup>
            </exchange>
            <exchange number="49579" category="22: Utilities" subCategory="2213: Water, Sewage and Other Systems" localCategory="22: Utilities" localSubCategory="2213: Water, Sewage and Other Systems" name="Diesel, combusted in industrial equipment" location="RNA" unit="m3" meanValue="0.00295" infrastructureProcess="false">
                <inputGroup>5</inputGroup>
            </exchange>
            <exchange number="19872" category="31-33: Manufacturing" subCategory="3241: Petroleum and Coal Products Manufacturing" localCategory="31-33: Manufacturing" localSubCategory="3241: Petroleum and Coal Products Manufacturing" name="Residual fuel oil, at refinery" location="RNA" unit="m3" meanValue="6.42E-5" generalComment="Proxy for motor oil" infrastructureProcess="false">
                <inputGroup>5</inputGroup>
            </exchange>
            <exchange number="3642" category="air" subCategory="low population density" localCategory="air" localSubCategory="low population density" name="Particulates, unspecified" unit="kg" meanValue="1.9E-4" infrastructureProcess="false">
                <outputGroup>4</outputGroup>
            </exchange>
            <exchange number="43651" category="Technosphere Flows" subCategory="CUTOFF Flows" localCategory="Technosphere Flows" localSubCategory="CUTOFF Flows" name="CUTOFF Disposal, solid waste, unspecified, to unspecified landfill" location="RNA" unit="kg" meanValue="0.7289" generalComment="Reported by one mill, representing wood, mud, and rock.  Estimated density at 2704 kg/m3. Based on one mill reporting only: not weighed" infrastructureProcess="false">
                <inputGroup>5</inputGroup>
            </exchange>
            <exchange number="5114" category="Technosphere Flows" subCategory="CUTOFF Flows" localCategory="Technosphere Flows" localSubCategory="CUTOFF Flows" name="CUTOFF Disposal, wood waste, to residual material landfill" location="RNA" unit="kg" meanValue="0.0128" generalComment="Based on one mill reporting only: not weighed" infrastructureProcess="false">
                <inputGroup>5</inputGroup>
            </exchange>
            <exchange number="49929" category="11: Agriculture, Forestry, Fishing and Hunting" subCategory="1133: Logging" localCategory="11: Agriculture, Forestry, Fishing and Hunting" localSubCategory="1133: Logging" name="Bark, softwood, green, at mill, INW" location="RNA" unit="kg" meanValue="0.0739" generalComment=" Based on green specific gravity of 0.41 (od mass and green volume)" infrastructureProcess="false">
                <inputGroup>5</inputGroup>
            </exchange>
            <exchange number="35868" category="22: Utilities" subCategory="2211: Electric Power Generation, Transmission and Distribution" localCategory="22: Utilities" localSubCategory="2211: Electric Power Generation, Transmission and Distribution" name="Electricity, at grid" location="RNA" unit="MJ" meanValue="0.00401" infrastructureProcess="false">
                <inputGroup>5</inputGroup>
            </exchange>
        </flowData>
    </dataset>
</ecoSpold>
