<?xml version="1.0" encoding="UTF-8" standalone="yes"?>
<ecoSpold xmlns="http://www.EcoInvent.org/EcoSpold01">
    <dataset number="95163" generator="openLCA" timestamp="2019-10-15T12:53:01.296-06:00">
        <metaInformation>
            <processInformation>
                <referenceFunction datasetRelatesToProduct="false" name="Reforesting, high intensity site, US PNW" localName="Reforesting, high intensity site, US PNW" infrastructureProcess="false" amount="1.0" unit="m2" category="11: Agriculture, Forestry, Fishing and Hunting" subCategory="1153: Support Activities for Forestry" localCategory="11: Agriculture, Forestry, Fishing and Hunting" localSubCategory="1153: Support Activities for Forestry" generalComment="Base process data presented with allocations to within process co-products noted.  Refer to allocation worksheet for specifics.  All allocations performed using mass or volume., &#xA;Important note: although most of the data in the US LCI database has &#xA;undergone some sort of review, the database as a whole has not yet &#xA;undergone a formal validation process.&#xA;Please email comments to lci@nrel.gov."/>
                <geography location="RNA" text="US Pacific North West"/>
                <technology text="Typical"/>
                <timePeriod dataValidForEntirePeriod="true">
                    <startDate>9998-12-31-07:00</startDate>
                    <endDate>9998-12-31-07:00</endDate>
                </timePeriod>
                <dataSetInformation type="1" impactAssessmentResult="false" timestamp="2019-07-20T22:40:19.084-06:00" version="0.0" internalVersion="0.0" energyValues="0" languageCode="en" localLanguageCode="en"/>
            </processInformation>
            <modellingAndValidation>
                <source number="1929" sourceType="0" firstAuthor="Maureen Puetmann " year="2003" title="SimaPro Working files for south eastern forest resource and lumber&#xA;" placeOfPublications="unknown"/>
                <source number="2066" sourceType="0" firstAuthor="Leonard R. Johnson " year="2004" title="Module A-FOREST RESOURCES PACIFIC NORTHWEST AND SOUTHEAST&#xA;" placeOfPublications="unknown"/>
                <source number="2153" sourceType="0" firstAuthor="Michael Milota " year="2004" title="Module B-SOFTWOOD LUMBER - PACIFIC NORTH WEST REGION&#xA;" placeOfPublications="unknown"/>
            </modellingAndValidation>
            <administrativeInformation>
                <dataEntryBy person="1667"/>
                <dataGeneratorAndPublication person="1667" dataPublishedIn="0" referenceToPublishedSource="2066" copyright="true" accessRestrictedTo="0"/>
                <person number="1667" name="Jamie Meil" address="ATHENA Institute, 8 Granville Ave. Ottawa, On K1Y 0M4" telephone="613 523-1020" email="jkmeil@sympatico.ca" companyCode="unknown" countryCode="CA"/>
            </administrativeInformation>
        </metaInformation>
        <flowData>
            <exchange number="20718" category="11: Agriculture, Forestry, Fishing and Hunting" subCategory="1153: Support Activities for Forestry" localCategory="11: Agriculture, Forestry, Fishing and Hunting" localSubCategory="1153: Support Activities for Forestry" name="Reforesting, high intensity site, US PNW" location="RNA" unit="m2" meanValue="1.0" infrastructureProcess="false">
                <outputGroup>0</outputGroup>
            </exchange>
            <exchange number="41058" category="resource" subCategory="biotic" localCategory="resource" localSubCategory="biotic" name="Wood, soft, US PNW, standing/m3" unit="m3" meanValue="0.1239" infrastructureProcess="false">
                <inputGroup>4</inputGroup>
            </exchange>
            <exchange number="20366" category="22: Utilities" subCategory="2213: Water, Sewage and Other Systems" localCategory="22: Utilities" localSubCategory="2213: Water, Sewage and Other Systems" name="Gasoline, combusted in equipment" location="RNA" unit="m3" meanValue="0.0011786" infrastructureProcess="false">
                <inputGroup>5</inputGroup>
            </exchange>
            <exchange number="4544" category="31-33: Manufacturing" subCategory="3253: Pesticide, Fertilizer, and Other Agricultural Chemical Manufacturing" localCategory="31-33: Manufacturing" localSubCategory="3253: Pesticide, Fertilizer, and Other Agricultural Chemical Manufacturing" name="Phosphorous fertilizer, production mix, at plant" location="RNA" unit="kg" meanValue="0.0067251" infrastructureProcess="false">
                <inputGroup>5</inputGroup>
            </exchange>
            <exchange number="7266" category="31-33: Manufacturing" subCategory="3253: Pesticide, Fertilizer, and Other Agricultural Chemical Manufacturing" localCategory="31-33: Manufacturing" localSubCategory="3253: Pesticide, Fertilizer, and Other Agricultural Chemical Manufacturing" name="Nitrogen fertilizer, production mix, at plant" location="RNA" unit="kg" meanValue="0.039678" infrastructureProcess="false">
                <inputGroup>5</inputGroup>
            </exchange>
            <exchange number="27558" category="resource" subCategory="in air" localCategory="resource" localSubCategory="in air" name="Carbon dioxide, in air" unit="kg" meanValue="102.8" infrastructureProcess="false">
                <inputGroup>4</inputGroup>
            </exchange>
            <exchange number="7942" category="11: Agriculture, Forestry, Fishing and Hunting" subCategory="1132: Forest Nurseries and Gathering of Forest Products" localCategory="11: Agriculture, Forestry, Fishing and Hunting" localSubCategory="1132: Forest Nurseries and Gathering of Forest Products" name="Seedlings, at greenhouse" location="RNA" unit="Item(s)" meanValue="0.098842" infrastructureProcess="false">
                <inputGroup>5</inputGroup>
            </exchange>
        </flowData>
    </dataset>
</ecoSpold>
