<?xml version="1.0" encoding="UTF-8" standalone="yes"?>
<ecoSpold xmlns="http://www.EcoInvent.org/EcoSpold01">
    <dataset number="69188" generator="openLCA" timestamp="2019-10-15T12:53:00.156-06:00">
        <metaInformation>
            <processInformation>
                <referenceFunction datasetRelatesToProduct="false" name="Rice grain, at field" localName="Rice grain, at field" infrastructureProcess="false" amount="1.0" unit="kg" category="11: Agriculture, Forestry, Fishing and Hunting" subCategory="1111: Oilseed and Grain Farming" localCategory="11: Agriculture, Forestry, Fishing and Hunting" localSubCategory="1111: Oilseed and Grain Farming" generalComment="Agricultural Crop Production, Harvested acres are 99% of the planted acres (1998-2000 US average).&#xA;The impacts of producing 1 kg of seed are assumed equal to those of producing 1kg of grain.&#xA;For Water, only consumptive use is taken into account (i.e. 60.7% of the total water consumption).&#xA;Important note: although most of the data in the US LCI database has &#xA;undergone some sort of review, the database as a whole has not yet &#xA;undergone a formal validation process.&#xA;Please email comments to lci@nrel.gov."/>
                <geography location="RNA" text="USA"/>
                <technology text="US average"/>
                <timePeriod dataValidForEntirePeriod="true">
                    <startDate>1996-12-31-07:00</startDate>
                    <endDate>2000-12-31-07:00</endDate>
                </timePeriod>
                <dataSetInformation type="5" impactAssessmentResult="false" timestamp="2019-09-19T14:03:45.155-06:00" version="0.0" internalVersion="0.0" energyValues="0" languageCode="en" localLanguageCode="en"/>
            </processInformation>
            <modellingAndValidation>
                <source number="1839" sourceType="0" firstAuthor="National Center for Food and Agricultura " year="1997" title="National Pesticide Database" placeOfPublications="unknown"/>
                <source number="1867" sourceType="0" firstAuthor="Conservation Technology Information Cent " year="2002" title="Crop Residue Management" placeOfPublications="unknown"/>
                <source number="1877" sourceType="0" firstAuthor="USDA/NCRS " year="2000" title="Manure Nutrients Relative to the Capacity of Cropland and Pastureland to Assimilate Nutrients: Spatial and Temporal Trends for the US" placeOfPublications="unknown"/>
                <source number="1919" sourceType="0" firstAuthor="USGS " year="1999" title="Fluxes and Sources of Nutrients in the Mississippi River - Atchafalaya" placeOfPublications="unknown"/>
                <source number="1920" sourceType="0" firstAuthor="U.S. EPA " year="1980" title="AP-42, 9.3.2. &quot;Grain Harvesting&quot;" placeOfPublications="unknown"/>
                <source number="1921" sourceType="0" firstAuthor="USDA/ERS " year="1998" title="Crop production practices data" placeOfPublications="unknown"/>
                <source number="1986" sourceType="0" firstAuthor="USDA/ERS " year="1997" title="Agriculture Resources and Environmental Indicators" placeOfPublications="unknown"/>
                <source number="2044" sourceType="0" firstAuthor="USDA/ERS " year="1997" title="Production Practices for Major Crops, 1990-97" placeOfPublications="unknown"/>
                <source number="2065" sourceType="0" firstAuthor="USDA/NRI " year="1997" title="Summary Report 1997 National Resources Inventory" placeOfPublications="unknown"/>
                <source number="2078" sourceType="0" firstAuthor="USDA/National Agricultural Statistics Se " year="1998" title="Agricultural Statistics Database" placeOfPublications="unknown"/>
                <source number="2144" sourceType="0" firstAuthor="USGS " year="1995" title="Estimated Use of Water in the United States in 1995" placeOfPublications="unknown"/>
                <source number="2184" sourceType="0" firstAuthor="USDA/ERS " year="1998" title="Characteristics and Production Costs of Wheat Farms" placeOfPublications="unknown"/>
                <source number="2198" sourceType="0" firstAuthor="USDA/ERS " year="2000" title="Agricultural Resource and Management Survey (ARMS) data" placeOfPublications="unknown"/>
                <source number="2268" sourceType="0" firstAuthor="U.S. EPA " year="2000" title="Inventory of Greenhouse Gas Emissions and Sinks, 1990-2000" placeOfPublications="unknown"/>
                <source number="2310" sourceType="0" firstAuthor="USDA/ERS " year="2001" title="Agricultural Chemical Usage 2001 Field Crops summary" placeOfPublications="unknown"/>
                <source number="2333" sourceType="0" firstAuthor="U.S. EPA " year="2003" title="Estimations Programs Interface for Windows, EPIWIN software." placeOfPublications="unknown"/>
                <source number="2351" sourceType="0" firstAuthor="U.S. EPA " year="1995" title="AP-42, 9.2.2. &quot;Pesticide Application&quot;." placeOfPublications="unknown"/>
                <source number="2369" sourceType="0" firstAuthor="USDA/NCRS " year="2000" title="Environmental Indicators of Pesticide Leaching and Runoff from Farm Fields" placeOfPublications="unknown"/>
                <source number="2382" sourceType="0" firstAuthor="USDA/ERS " year="2000" title="Agriculture Resources and Environmental Indicators" placeOfPublications="unknown"/>
            </modellingAndValidation>
            <administrativeInformation>
                <dataEntryBy person="1715"/>
                <dataGeneratorAndPublication person="1715" dataPublishedIn="0" referenceToPublishedSource="2078" copyright="false" accessRestrictedTo="0"/>
                <person number="1715" name="Olivier Muller" address="Ecobilan, Tour AIG - 34, place des Corolles 92908 Paris La Défense Cedex - France" telephone="+33 1 56 57 80 44" email="olivier.muller@fr.pwc.com" companyCode="unknown" countryCode="FR"/>
            </administrativeInformation>
        </metaInformation>
        <flowData>
            <exchange number="51962" category="11: Agriculture, Forestry, Fishing and Hunting" subCategory="1111: Oilseed and Grain Farming" localCategory="11: Agriculture, Forestry, Fishing and Hunting" localSubCategory="1111: Oilseed and Grain Farming" name="Rice grain, at field" location="RNA" unit="kg" meanValue="1.0" generalComment="Planted surface (1), Production (1), Seeds (7)" infrastructureProcess="false">
                <outputGroup>0</outputGroup>
            </exchange>
            <exchange number="32434" category="air" subCategory="low population density" localCategory="air" localSubCategory="low population density" name="Pendimethalin" unit="kg" meanValue="1.11E-5" generalComment="Pesticides - consumption (19), Pesticides - application method similar to corn, soybean, wheat cotton (11), Pesticide - air emission factors (12), Pesticide - vapor pressure (13)" infrastructureProcess="false">
                <outputGroup>4</outputGroup>
            </exchange>
            <exchange number="48943" category="air" subCategory="low population density" localCategory="air" localSubCategory="low population density" name="Ammonia" unit="kg" meanValue="0.00143" generalComment="Air emissions of CH4 and N2O and NH3 and NOx (4)" infrastructureProcess="false">
                <outputGroup>4</outputGroup>
            </exchange>
            <exchange number="11504" category="water" subCategory="unspecified" localCategory="water" localSubCategory="unspecified" name="2,4-D" unit="kg" meanValue="4.08E-7" generalComment="Pesticides - consumption (19), Pesticides - application method similar to corn, soybean, wheat cotton (11), Runoff of pesticide (14)" infrastructureProcess="false">
                <outputGroup>4</outputGroup>
            </exchange>
            <exchange number="46257" category="water" subCategory="unspecified" localCategory="water" localSubCategory="unspecified" name="Parathion, methyl" unit="kg" meanValue="1.68E-7" generalComment="Pesticides - consumption (19), Pesticides - application method similar to corn, soybean, wheat cotton (11), Runoff of pesticide (14)" infrastructureProcess="false">
                <outputGroup>4</outputGroup>
            </exchange>
            <exchange number="4056" category="Technosphere Flows" subCategory="CUTOFF Flows" localCategory="Technosphere Flows" localSubCategory="CUTOFF Flows" name="CUTOFF Copper, at regional storage" location="RNA" unit="kg" meanValue="1.61E-4" generalComment="Pesticides - consumption (19)" infrastructureProcess="false">
                <inputGroup>5</inputGroup>
            </exchange>
            <exchange number="28032" category="water" subCategory="unspecified" localCategory="water" localSubCategory="unspecified" name="Thiobencarb" unit="kg" meanValue="1.59E-6" generalComment="Pesticides - consumption (19), Pesticides - application method similar to corn, soybean, wheat cotton (11), Runoff of pesticide (14)" infrastructureProcess="false">
                <outputGroup>4</outputGroup>
            </exchange>
            <exchange number="4624" category="resource" subCategory="in air" localCategory="resource" localSubCategory="in air" name="Carbon dioxide" unit="kg" meanValue="-1.27" generalComment="Carbon fixation through plant growth" infrastructureProcess="false">
                <inputGroup>4</inputGroup>
            </exchange>
            <exchange number="4884" category="air" subCategory="low population density" localCategory="air" localSubCategory="low population density" name="Carbon monoxide" unit="kg" meanValue="0.00722" generalComment="Residue combustion - percent of residue burning per state (4)" infrastructureProcess="false">
                <outputGroup>4</outputGroup>
            </exchange>
            <exchange number="3258" category="air" subCategory="low population density" localCategory="air" localSubCategory="low population density" name="Methane" unit="kg" meanValue="0.0446" generalComment="Air emissions of CH4 and N2O and NH3 and NOx (4)" infrastructureProcess="false">
                <outputGroup>4</outputGroup>
            </exchange>
            <exchange number="46191" category="water" subCategory="unspecified" localCategory="water" localSubCategory="unspecified" name="Copper, ion" unit="kg" meanValue="2.41E-6" generalComment="Pesticides - consumption (19), Pesticides - application method similar to corn, soybean, wheat cotton (11), Runoff of pesticide (14)" infrastructureProcess="false">
                <outputGroup>4</outputGroup>
            </exchange>
            <exchange number="2932" category="air" subCategory="low population density" localCategory="air" localSubCategory="low population density" name="2,4-D" unit="kg" meanValue="9.51E-6" generalComment="Pesticides - consumption (19), Pesticides - application method similar to corn, soybean, wheat cotton (11), Pesticide - air emission factors (12), Pesticide - vapor pressure (13)" infrastructureProcess="false">
                <outputGroup>4</outputGroup>
            </exchange>
            <exchange number="29036" category="resource" subCategory="land" localCategory="resource" localSubCategory="land" name="Occupation, arable, reduced tillage" unit="m2*a" meanValue="0.123" generalComment="Planted surface (1), Tillage practices (7)" infrastructureProcess="false">
                <inputGroup>4</inputGroup>
            </exchange>
            <exchange number="8932" category="resource" subCategory="land" localCategory="resource" localSubCategory="land" name="Occupation, arable, conservation tillage" unit="m2*a" meanValue="0.0923" generalComment="Planted surface (1), Tillage practices (7)" infrastructureProcess="false">
                <inputGroup>4</inputGroup>
            </exchange>
            <exchange number="16304" category="air" subCategory="low population density" localCategory="air" localSubCategory="low population density" name="Thiobencarb" unit="kg" meanValue="3.71E-5" generalComment="Pesticides - consumption (19), Pesticides - application method similar to corn, soybean, wheat cotton (11), Pesticide - air emission factors (12), Pesticide - vapor pressure (13)" infrastructureProcess="false">
                <outputGroup>4</outputGroup>
            </exchange>
            <exchange number="42879" category="air" subCategory="low population density" localCategory="air" localSubCategory="low population density" name="Paraquat" unit="kg" meanValue="1.43E-7" generalComment="Pesticides - consumption (19), Pesticides - application method similar to corn, soybean, wheat cotton (11), Pesticide - air emission factors (12), Pesticide - vapor pressure (13)" infrastructureProcess="false">
                <outputGroup>4</outputGroup>
            </exchange>
            <exchange number="35868" category="22: Utilities" subCategory="2211: Electric Power Generation, Transmission and Distribution" localCategory="22: Utilities" localSubCategory="2211: Electric Power Generation, Transmission and Distribution" name="Electricity, at grid" location="RNA" unit="MJ" meanValue="0.0501" generalComment="Energy Consumption (7)" infrastructureProcess="false">
                <inputGroup>5</inputGroup>
            </exchange>
            <exchange number="25172" category="resource" subCategory="ground-" localCategory="resource" localSubCategory="ground-" name="Water, well" unit="m3" meanValue="246.0" generalComment="Water consumption - consumptive use for irrigation and percent of water from surface/ground (5), Water consumption - area irrigated and depth of irrigation water applied (17)" infrastructureProcess="false">
                <inputGroup>4</inputGroup>
            </exchange>
            <exchange number="39556" category="air" subCategory="low population density" localCategory="air" localSubCategory="low population density" name="Nitrogen oxides" unit="kg" meanValue="0.00426" generalComment="Air emissions of CH4 and N2O and NH3 and NOx (4)" infrastructureProcess="false">
                <outputGroup>4</outputGroup>
            </exchange>
            <exchange number="29910" category="water" subCategory="unspecified" localCategory="water" localSubCategory="unspecified" name="Glyphosate" unit="kg" meanValue="2.03E-7" generalComment="Pesticides - consumption (19), Pesticides - application method similar to corn, soybean, wheat cotton (11), Runoff of pesticide (14)" infrastructureProcess="false">
                <outputGroup>4</outputGroup>
            </exchange>
            <exchange number="15330" category="resource" subCategory="land" localCategory="resource" localSubCategory="land" name="Occupation, arable, conventional tillage" unit="m2*a" meanValue="1.32" generalComment="Planted surface (1), Tillage practices (7)" infrastructureProcess="false">
                <inputGroup>4</inputGroup>
            </exchange>
            <exchange number="50613" category="air" subCategory="low population density" localCategory="air" localSubCategory="low population density" name="MCPA" unit="kg" meanValue="2.44E-6" generalComment="Pesticides - consumption (19), Pesticides - application method similar to corn, soybean, wheat cotton (11), Pesticide - air emission factors (12), Pesticide - vapor pressure (13)" infrastructureProcess="false">
                <outputGroup>4</outputGroup>
            </exchange>
            <exchange number="7266" category="31-33: Manufacturing" subCategory="3253: Pesticide, Fertilizer, and Other Agricultural Chemical Manufacturing" localCategory="31-33: Manufacturing" localSubCategory="3253: Pesticide, Fertilizer, and Other Agricultural Chemical Manufacturing" name="Nitrogen fertilizer, production mix, at plant" location="RNA" unit="kg" meanValue="0.0238" generalComment="Fertilizers NPK (7)" infrastructureProcess="false">
                <inputGroup>5</inputGroup>
            </exchange>
            <exchange number="35170" category="11: Agriculture, Forestry, Fishing and Hunting" subCategory="1111: Oilseed and Grain Farming" localCategory="11: Agriculture, Forestry, Fishing and Hunting" localSubCategory="1111: Oilseed and Grain Farming" name="Rice straw, at field" location="RNA" unit="kg" meanValue="1.22" generalComment="Residue to Crop Ratio (4), C N content of residues (4). Initially considered an output to nature (category Nature). Chaged to an unvalued coproduct by Pascal Lesage (12/07)" infrastructureProcess="false">
                <outputGroup>2</outputGroup>
            </exchange>
            <exchange number="50127" category="water" subCategory="unspecified" localCategory="water" localSubCategory="unspecified" name="Carbaryl" unit="kg" meanValue="6.88E-8" generalComment="Pesticides - consumption (19), Pesticides - application method similar to corn, soybean, wheat cotton (11), Runoff of pesticide (14)" infrastructureProcess="false">
                <outputGroup>4</outputGroup>
            </exchange>
            <exchange number="50323" category="Technosphere Flows" subCategory="CUTOFF Flows" localCategory="Technosphere Flows" localSubCategory="CUTOFF Flows" name="CUTOFF Phosphorous Fertilizer (TSP as P2O5), at plant" location="RNA" unit="kg" meanValue="0.00517" generalComment="Fertilizers NPK (7)" infrastructureProcess="false">
                <inputGroup>5</inputGroup>
            </exchange>
            <exchange number="19490" category="water" subCategory="unspecified" localCategory="water" localSubCategory="unspecified" name="Pendimethalin" unit="kg" meanValue="4.76E-7" generalComment="Pesticides - consumption (19), Pesticides - application method similar to corn, soybean, wheat cotton (11), Runoff of pesticide (14)" infrastructureProcess="false">
                <outputGroup>4</outputGroup>
            </exchange>
            <exchange number="9616" category="31-33: Manufacturing" subCategory="3274: Lime and Gypsum Product Manufacturing" localCategory="31-33: Manufacturing" localSubCategory="3274: Lime and Gypsum Product Manufacturing" name="Quicklime, at plant" location="RNA" unit="kg" meanValue="0.00689" generalComment="Fertilizers Ca (9)" infrastructureProcess="false">
                <inputGroup>5</inputGroup>
            </exchange>
            <exchange number="49579" category="22: Utilities" subCategory="2213: Water, Sewage and Other Systems" localCategory="22: Utilities" localSubCategory="2213: Water, Sewage and Other Systems" name="Diesel, combusted in industrial equipment" location="RNA" unit="m3" meanValue="0.0486" generalComment="Farm tractor. Energy Consumption (7)" infrastructureProcess="false">
                <inputGroup>5</inputGroup>
            </exchange>
            <exchange number="33090" category="water" subCategory="unspecified" localCategory="water" localSubCategory="unspecified" name="Bentazone" unit="kg" meanValue="1.06E-7" generalComment="Pesticides - consumption (19), Pesticides - application method similar to corn, soybean, wheat cotton (11), Runoff of pesticide (14)" infrastructureProcess="false">
                <outputGroup>4</outputGroup>
            </exchange>
            <exchange number="17066" category="22: Utilities" subCategory="2213: Water, Sewage and Other Systems" localCategory="22: Utilities" localSubCategory="2213: Water, Sewage and Other Systems" name="Natural gas, combusted in industrial boiler" location="RNA" unit="m3" meanValue="0.00537" generalComment="Energy Consumption (7). Initially reported as MJ. Converted using the following factor: 38.0 MJ/m3." infrastructureProcess="false">
                <inputGroup>5</inputGroup>
            </exchange>
            <exchange number="22486" category="air" subCategory="low population density" localCategory="air" localSubCategory="low population density" name="Parathion, methyl" unit="kg" meanValue="3.93E-6" generalComment="Pesticides - consumption (19), Pesticides - application method similar to corn, soybean, wheat cotton (11), Pesticide - air emission factors (12), Pesticide - vapor pressure (13)" infrastructureProcess="false">
                <outputGroup>4</outputGroup>
            </exchange>
            <exchange number="37974" category="Emission to water" subCategory="unspecified" localCategory="Emission to water" localSubCategory="unspecified" name="Suspended solids, unspecified" unit="kg" meanValue="1.07" generalComment="Erosion (6)" infrastructureProcess="false">
                <outputGroup>4</outputGroup>
            </exchange>
            <exchange number="13858" category="water" subCategory="unspecified" localCategory="water" localSubCategory="unspecified" name="MCPA" unit="kg" meanValue="1.05E-7" generalComment="Pesticides - consumption (19), Pesticides - application method similar to corn, soybean, wheat cotton (11), Runoff of pesticide (14)" infrastructureProcess="false">
                <outputGroup>4</outputGroup>
            </exchange>
            <exchange number="36442" category="Technosphere Flows" subCategory="CUTOFF Flows" localCategory="Technosphere Flows" localSubCategory="CUTOFF Flows" name="CUTOFF Potash Fertilizer (K2O), at plant" location="RNA" unit="kg" meanValue="0.00448" generalComment="Fertilizers NPK (7)" infrastructureProcess="false">
                <inputGroup>5</inputGroup>
            </exchange>
            <exchange number="35944" category="air" subCategory="low population density" localCategory="air" localSubCategory="low population density" name="Hydrocarbons, unspecified" unit="kg" meanValue="5.53E-4" generalComment="Pesticides - consumption (19), Pesticides - application method similar to corn, soybean, wheat cotton (11)" infrastructureProcess="false">
                <outputGroup>4</outputGroup>
            </exchange>
            <exchange number="21008" category="water" subCategory="unspecified" localCategory="water" localSubCategory="unspecified" name="Molinate" unit="kg" meanValue="3.04E-6" generalComment="Pesticides - consumption (19), Pesticides - application method similar to corn, soybean, wheat cotton (11), Runoff of pesticide (14)" infrastructureProcess="false">
                <outputGroup>4</outputGroup>
            </exchange>
            <exchange number="12414" category="air" subCategory="low population density" localCategory="air" localSubCategory="low population density" name="Carbofuran" unit="kg" meanValue="5.48E-6" generalComment="Pesticides - consumption (19), Pesticides - application method similar to corn, soybean, wheat cotton (11), Pesticide - air emission factors (12), Pesticide - vapor pressure (13)" infrastructureProcess="false">
                <outputGroup>4</outputGroup>
            </exchange>
            <exchange number="30650" category="air" subCategory="low population density" localCategory="air" localSubCategory="low population density" name="Carbaryl" unit="kg" meanValue="1.6E-6" generalComment="Pesticides - consumption (19), Pesticides - application method similar to corn, soybean, wheat cotton (11), Pesticide - air emission factors (12), Pesticide - vapor pressure (13)" infrastructureProcess="false">
                <outputGroup>4</outputGroup>
            </exchange>
            <exchange number="39234" category="air" subCategory="low population density" localCategory="air" localSubCategory="low population density" name="Dinitrogen monoxide" unit="kg" meanValue="7.43E-4" generalComment="Air emissions of CH4 and N2O and NH3 and NOx (4)" infrastructureProcess="false">
                <outputGroup>4</outputGroup>
            </exchange>
            <exchange number="27860" category="water" subCategory="unspecified" localCategory="water" localSubCategory="unspecified" name="Malathion" unit="kg" meanValue="1.11E-7" generalComment="Pesticides - consumption (19), Pesticides - application method similar to corn, soybean, wheat cotton (11), Runoff of pesticide (14)" infrastructureProcess="false">
                <outputGroup>4</outputGroup>
            </exchange>
            <exchange number="48109" category="water" subCategory="unspecified" localCategory="water" localSubCategory="unspecified" name="Carbofuran" unit="kg" meanValue="2.35E-7" generalComment="Pesticides - consumption (19), Pesticides - application method similar to corn, soybean, wheat cotton (11), Runoff of pesticide (14)" infrastructureProcess="false">
                <outputGroup>4</outputGroup>
            </exchange>
            <exchange number="5940" category="Technosphere Flows" subCategory="CUTOFF Flows" localCategory="Technosphere Flows" localSubCategory="CUTOFF Flows" name="CUTOFF Agrochemicals, at plant" location="RNA" unit="kg" meanValue="9.21E-4" generalComment="Pesticides - consumption (19)" infrastructureProcess="false">
                <inputGroup>5</inputGroup>
            </exchange>
            <exchange number="11404" category="22: Utilities" subCategory="2213: Water, Sewage and Other Systems" localCategory="22: Utilities" localSubCategory="2213: Water, Sewage and Other Systems" name="Liquefied petroleum gas, combusted in industrial boiler" location="RNA" unit="m3" meanValue="0.00283" generalComment="Energy Consumption (7). Was initially reported as MJ. Converted using following factors: 50.3 MJ/kg, 1.85L/kg" infrastructureProcess="false">
                <inputGroup>5</inputGroup>
            </exchange>
            <exchange number="17904" category="water" subCategory="unspecified" localCategory="water" localSubCategory="unspecified" name="Phosphorus compounds, unspecified" unit="kg" meanValue="3.05E-5" generalComment="Runoff/leaching of fertilizers (15)" infrastructureProcess="false">
                <outputGroup>4</outputGroup>
            </exchange>
            <exchange number="8198" category="air" subCategory="low population density" localCategory="air" localSubCategory="low population density" name="Propanil" unit="kg" meanValue="1.55E-4" generalComment="Pesticides - consumption (19), Pesticides - application method similar to corn, soybean, wheat cotton (11), Pesticide - air emission factors (12), Pesticide - vapor pressure (13)" infrastructureProcess="false">
                <outputGroup>4</outputGroup>
            </exchange>
            <exchange number="37332" category="water" subCategory="unspecified" localCategory="water" localSubCategory="unspecified" name="Propanil" unit="kg" meanValue="6.65E-6" generalComment="Pesticides - consumption (19), Pesticides - application method similar to corn, soybean, wheat cotton (11), Runoff of pesticide (14)" infrastructureProcess="false">
                <outputGroup>4</outputGroup>
            </exchange>
            <exchange number="17382" category="air" subCategory="low population density" localCategory="air" localSubCategory="low population density" name="Bentazone" unit="kg" meanValue="2.47E-6" generalComment="Pesticides - consumption (19), Pesticides - application method similar to corn, soybean, wheat cotton (11), Pesticide - air emission factors (12), Pesticide - vapor pressure (13)" infrastructureProcess="false">
                <outputGroup>4</outputGroup>
            </exchange>
            <exchange number="39520" category="air" subCategory="low population density" localCategory="air" localSubCategory="low population density" name="Glyphosate" unit="kg" meanValue="4.75E-6" generalComment="Pesticides - consumption (19), Pesticides - application method similar to corn, soybean, wheat cotton (11), Pesticide - air emission factors (12), Pesticide - vapor pressure (13)" infrastructureProcess="false">
                <outputGroup>4</outputGroup>
            </exchange>
            <exchange number="42147" category="water" subCategory="unspecified" localCategory="water" localSubCategory="unspecified" name="Nitrogen, total" unit="kg" meanValue="0.0029" generalComment="Runoff/leaching of fertilizers (15)" infrastructureProcess="false">
                <outputGroup>4</outputGroup>
            </exchange>
            <exchange number="9340" category="water" subCategory="river" localCategory="water" localSubCategory="river" name="Water, river" unit="m3" meanValue="422.0" generalComment="Water consumption - consumptive use for irrigation and percent of water from surface/ground (5), Water consumption - area irrigated and depth of irrigation water applied (17)" infrastructureProcess="false">
                <inputGroup>4</inputGroup>
            </exchange>
            <exchange number="46341" category="air" subCategory="low population density" localCategory="air" localSubCategory="low population density" name="Molinate" unit="kg" meanValue="7.08E-5" generalComment="Pesticides - consumption (19), Pesticides - application method similar to corn, soybean, wheat cotton (11), Pesticide - air emission factors (12), Pesticide - vapor pressure (13)" infrastructureProcess="false">
                <outputGroup>4</outputGroup>
            </exchange>
            <exchange number="39524" category="48-49: Transportation and Warehousing" subCategory="4841: General Freight Trucking" localCategory="48-49: Transportation and Warehousing" localSubCategory="4841: General Freight Trucking" name="Transport, single unit truck, diesel powered" location="RNA" unit="t*km" meanValue="0.0163" generalComment="Transportation of fertilizers (200 km)" infrastructureProcess="false">
                <inputGroup>5</inputGroup>
            </exchange>
            <exchange number="42325" category="48-49: Transportation and Warehousing" subCategory="4821: Rail Transportation" localCategory="48-49: Transportation and Warehousing" localSubCategory="4821: Rail Transportation" name="Transport, train, diesel powered" location="RNA" unit="t*km" meanValue="0.0399" generalComment="Transportation of fertilizers (400km)" infrastructureProcess="false">
                <inputGroup>5</inputGroup>
            </exchange>
            <exchange number="5472" category="air" subCategory="low population density" localCategory="air" localSubCategory="low population density" name="Malathion" unit="kg" meanValue="2.6E-6" generalComment="Pesticides - consumption (19), Pesticides - application method similar to corn, soybean, wheat cotton (11), Pesticide - air emission factors (12), Pesticide - vapor pressure (13)" infrastructureProcess="false">
                <outputGroup>4</outputGroup>
            </exchange>
            <exchange number="47345" category="water" subCategory="unspecified" localCategory="water" localSubCategory="unspecified" name="Paraquat" unit="kg" meanValue="6.13E-9" generalComment="Pesticides - consumption (19), Pesticides - application method similar to corn, soybean, wheat cotton (11), Runoff of pesticide (14)" infrastructureProcess="false">
                <outputGroup>4</outputGroup>
            </exchange>
        </flowData>
    </dataset>
</ecoSpold>
