<?xml version="1.0" encoding="UTF-8" standalone="yes"?>
<ecoSpold xmlns="http://www.EcoInvent.org/EcoSpold01">
    <dataset number="69921" generator="openLCA" timestamp="2019-10-15T12:52:57.325-06:00">
        <metaInformation>
            <processInformation>
                <referenceFunction datasetRelatesToProduct="false" name="Winter wheat straw, carted" localName="Winter wheat straw, carted" infrastructureProcess="false" amount="0.476" unit="kg" category="11: Agriculture, Forestry, Fishing and Hunting" subCategory="1151: Support Activities for Crop Production" localCategory="11: Agriculture, Forestry, Fishing and Hunting" localSubCategory="1151: Support Activities for Crop Production" generalComment="_30x30 Work"/>
                <geography location="RNA" text="North America"/>
                <technology text="modern"/>
                <timePeriod dataValidForEntirePeriod="true" text="2008">
                    <startDate>2007-12-31-07:00</startDate>
                    <endDate>2099-12-31-07:00</endDate>
                </timePeriod>
                <dataSetInformation type="1" impactAssessmentResult="false" timestamp="2019-07-20T21:49:31.180-06:00" version="0.0" internalVersion="0.0" energyValues="0" languageCode="en" localLanguageCode="en"/>
            </processInformation>
            <modellingAndValidation>
                <source number="2098" sourceType="0" firstAuthor="Hess, J. " year="2009" title="Uniform-Format Solid Feedstock Supply System: A commodity-scale design to produce an infrastructure-compatible bulk solid from lignocellulosic biomass" placeOfPublications="unknown"/>
                <source number="2436" sourceType="0" firstAuthor="Hsu, D. " year="2010" title="Life Cycle Environmental Impacts of Selected U.S. Ethanol Production and Use Pathways in 2022" placeOfPublications="unknown"/>
            </modellingAndValidation>
            <administrativeInformation>
                <dataEntryBy person="1710"/>
                <dataGeneratorAndPublication person="1710" dataPublishedIn="0" referenceToPublishedSource="2436" copyright="false" accessRestrictedTo="0"/>
                <person number="1710" name="Daniel Inman" address="NREL, 1617 Cole Blvd, RSF 200, Golden, CO 80401" telephone="303-384-6845" companyCode="unknown" countryCode="US"/>
            </administrativeInformation>
        </metaInformation>
        <flowData>
            <exchange number="9698" category="11: Agriculture, Forestry, Fishing and Hunting" subCategory="1151: Support Activities for Crop Production" localCategory="11: Agriculture, Forestry, Fishing and Hunting" localSubCategory="1151: Support Activities for Crop Production" name="Winter wheat straw, carted" location="RNA" unit="kg" meanValue="0.476" infrastructureProcess="false">
                <outputGroup>0</outputGroup>
            </exchange>
            <exchange number="33940" category="11: Agriculture, Forestry, Fishing and Hunting" subCategory="1111: Oilseed and Grain Farming" localCategory="11: Agriculture, Forestry, Fishing and Hunting" localSubCategory="1111: Oilseed and Grain Farming" name="Winter wheat straw, production" location="RNA" unit="kg" meanValue="357.0" infrastructureProcess="false">
                <inputGroup>5</inputGroup>
            </exchange>
            <exchange number="34303" category="Technosphere Flows" subCategory="CUTOFF Flows" localCategory="Technosphere Flows" localSubCategory="CUTOFF Flows" name="CUTOFF Baling" location="RNA" unit="m2" meanValue="0.342" generalComment="hectares of corn stover calculated based on mass ratio, then scaled by the amount of stover (0.46) per mass of corn grain. Impact of baling is slightly overstated because it involves tractor--INL design report has baler behind the harvester." infrastructureProcess="false">
                <inputGroup>5</inputGroup>
            </exchange>
            <exchange number="16854" category="Technosphere Flows" subCategory="CUTOFF Flows" localCategory="Technosphere Flows" localSubCategory="CUTOFF Flows" name="CUTOFF Transport, tractor and trailer" location="RNA" unit="t*km" meanValue="0.38835" generalComment="1.12 is for conversion to short ton" infrastructureProcess="false">
                <inputGroup>5</inputGroup>
            </exchange>
            <exchange number="33576" category="48-49: Transportation and Warehousing" subCategory="4841: General Freight Trucking" localCategory="48-49: Transportation and Warehousing" localSubCategory="4841: General Freight Trucking" name="Transport, combination truck, diesel powered" location="RNA" unit="t*km" meanValue="7.8546" generalComment="1.12 is for conversion to short ton" infrastructureProcess="false">
                <inputGroup>5</inputGroup>
            </exchange>
        </flowData>
    </dataset>
</ecoSpold>
