<?xml version="1.0" encoding="UTF-8" standalone="yes"?>
<ecoSpold xmlns="http://www.EcoInvent.org/EcoSpold01">
    <dataset number="63674" generator="openLCA" timestamp="2019-10-15T12:52:58.575-06:00">
        <metaInformation>
            <processInformation>
                <referenceFunction datasetRelatesToProduct="false" name="Roundwood, softwood, green, at logyard, NE-NC" localName="Roundwood, softwood, green, at logyard, NE-NC" infrastructureProcess="false" amount="1.0" unit="m3" category="11: Agriculture, Forestry, Fishing and Hunting" subCategory="1133: Logging" localCategory="11: Agriculture, Forestry, Fishing and Hunting" localSubCategory="1133: Logging" generalComment="All weights given on an ovendry basis.&#xA;Important note: although most of the data in the US LCI database has &#xA;undergone some sort of review, the database as a whole has not yet &#xA;undergone a formal validation process.&#xA;Please email comments to lci@nrel.gov."/>
                <geography location="RNA" text="NE/NC = Northeast (NE) and Northcentral (NC) United States.  Some states are however omitted: Connecticut, Delaware, Illinois, Iowa, New Jersey, and Ohio."/>
                <technology text="Average transport distance."/>
                <timePeriod dataValidForEntirePeriod="true">
                    <startDate>2005-12-31-07:00</startDate>
                    <endDate>2006-12-31-07:00</endDate>
                </timePeriod>
                <dataSetInformation type="5" impactAssessmentResult="false" timestamp="2019-09-03T18:36:25.487-06:00" version="0.0" internalVersion="0.0" energyValues="0" languageCode="en" localLanguageCode="en"/>
            </processInformation>
            <modellingAndValidation>
                <representativeness samplingProcedure="Questionnaires from 6 mills member of the Northeastern Lumber Manufacturer’s Association (NeLMA). Mills of the NeLMA are assumed to be representative of the softwood industry in the NE/NC region."/>
                <source number="1997" sourceType="0" firstAuthor="Richard D. Bergman " year="2009" title="Module D: Life-Cycle Inventory of Softwood Lumber Manufacturing in the Northeast and North Central United States" placeOfPublications="unknown"/>
                <source number="2235" sourceType="0" firstAuthor="Maureen Puettmann " year="2009" title="SimaPro working files for NE-NC softwood lumber" placeOfPublications="unknown"/>
            </modellingAndValidation>
            <administrativeInformation>
                <dataEntryBy person="1708"/>
                <dataGeneratorAndPublication person="1708" dataPublishedIn="0" referenceToPublishedSource="1997" copyright="false" accessRestrictedTo="0"/>
                <person number="1708" name="Pascal Lesage" address="7379 St-Hubert Montreal, Quebec" telephone="514-434-5620" email="plesage@sylvatica.com" companyCode="unknown" countryCode="CA"/>
            </administrativeInformation>
        </metaInformation>
        <flowData>
            <exchange number="30740" category="11: Agriculture, Forestry, Fishing and Hunting" subCategory="1133: Logging" localCategory="11: Agriculture, Forestry, Fishing and Hunting" localSubCategory="1133: Logging" name="Roundwood, softwood, green, at logyard, NE-NC" location="RNA" unit="m3" meanValue="1.0" generalComment="Weight reported on an ovendry basis.  Moisture content = 96.5%, Green volume specific sensity = 0.36." infrastructureProcess="false">
                <outputGroup>0</outputGroup>
            </exchange>
            <exchange number="41366" category="water" subCategory="ground-" localCategory="water" localSubCategory="ground-" name="Water, well, in ground" unit="m3" meanValue="165.0" generalComment="Amount of water consumed as water spray for logs and lumber yard" infrastructureProcess="false">
                <inputGroup>4</inputGroup>
            </exchange>
            <exchange number="48285" category="22: Utilities" subCategory="2213: Water, Sewage and Other Systems" localCategory="22: Utilities" localSubCategory="2213: Water, Sewage and Other Systems" name="Electricity, onsite boiler, softwood mill, average, NE-NC" location="RNA" unit="MJ" meanValue="0.68" generalComment="Represents 5% of total mill consumption of electricity generated onsite. " infrastructureProcess="false">
                <inputGroup>5</inputGroup>
            </exchange>
            <exchange number="20366" category="22: Utilities" subCategory="2213: Water, Sewage and Other Systems" localCategory="22: Utilities" localSubCategory="2213: Water, Sewage and Other Systems" name="Gasoline, combusted in equipment" location="RNA" unit="m3" meanValue="0.146" generalComment="Gasoline used for on-site transportation. Represents 40% of mill use of gasoline for transport.  " infrastructureProcess="false">
                <inputGroup>5</inputGroup>
            </exchange>
            <exchange number="35712" category="11: Agriculture, Forestry, Fishing and Hunting" subCategory="1133: Logging" localCategory="11: Agriculture, Forestry, Fishing and Hunting" localSubCategory="1133: Logging" name="Roundwood, softwood, green, at mill, NE-NC" location="RNA" unit="m3" meanValue="1.0" generalComment="Green volum specific gravity = 0.36." infrastructureProcess="false">
                <inputGroup>5</inputGroup>
            </exchange>
            <exchange number="49579" category="22: Utilities" subCategory="2213: Water, Sewage and Other Systems" localCategory="22: Utilities" localSubCategory="2213: Water, Sewage and Other Systems" name="Diesel, combusted in industrial equipment" location="RNA" unit="m3" meanValue="0.78" generalComment="Diesel used for on-site transportation. Represents 40% of mill use of diesel for transport.  " infrastructureProcess="false">
                <inputGroup>5</inputGroup>
            </exchange>
            <exchange number="35868" category="22: Utilities" subCategory="2211: Electric Power Generation, Transmission and Distribution" localCategory="22: Utilities" localSubCategory="2211: Electric Power Generation, Transmission and Distribution" name="Electricity, at grid" location="RNA" unit="MJ" meanValue="4.05" generalComment="Represents 5% of total mill consumption of grid electricity. Original provider: &quot;Electricity, at Grid, RFC, 2008&quot;" infrastructureProcess="false">
                <inputGroup>5</inputGroup>
            </exchange>
            <exchange number="16676" category="11: Agriculture, Forestry, Fishing and Hunting" subCategory="1133: Logging" localCategory="11: Agriculture, Forestry, Fishing and Hunting" localSubCategory="1133: Logging" name="Bark, softwood, green, at mill, NE-NC" location="RNA" unit="kg" meanValue="49.2" generalComment="Weight reported on an ovendry basis. " infrastructureProcess="false">
                <inputGroup>5</inputGroup>
            </exchange>
            <exchange number="31382" category="11: Agriculture, Forestry, Fishing and Hunting" subCategory="1133: Logging" localCategory="11: Agriculture, Forestry, Fishing and Hunting" localSubCategory="1133: Logging" name="Bark, softwood, green, at logyard, NE-NC" location="RNA" unit="kg" meanValue="49.2" generalComment="Weight reported on an ovendry basis.  Moisture content = 96.5%, Green volume specific sensity = 0.36." infrastructureProcess="false">
                <outputGroup>2</outputGroup>
            </exchange>
        </flowData>
    </dataset>
</ecoSpold>
