<?xml version="1.0" encoding="UTF-8" standalone="yes"?>
<ecoSpold xmlns="http://www.EcoInvent.org/EcoSpold01">
    <dataset number="61608" generator="openLCA" timestamp="2019-10-15T12:53:03.272-06:00">
        <metaInformation>
            <processInformation>
                <referenceFunction datasetRelatesToProduct="false" name="Electricity, at grid" localName="Electricity, at grid" infrastructureProcess="false" amount="1.0" unit="MJ" category="22: Utilities" subCategory="2211: Electric Power Generation, Transmission and Distribution" localCategory="22: Utilities" localSubCategory="2211: Electric Power Generation, Transmission and Distribution" generalComment="The methodology used to put together the grid information is outlined in reference 1.  "/>
                <geography location="RNA" text="Washington, Idaho, Montana, Portland, British Columbia, Alberta,  California, Utah, Nevada, Arizona, New Mexico, Colorado, and Wyoming and parts of Nebraska, Texas and Mexico."/>
                <technology text="Typical"/>
                <timePeriod dataValidForEntirePeriod="true">
                    <startDate>2007-12-31-07:00</startDate>
                    <endDate>2007-12-31-07:00</endDate>
                </timePeriod>
                <dataSetInformation type="1" impactAssessmentResult="false" timestamp="2019-08-13T12:50:21.291-06:00" version="0.0" internalVersion="0.0" energyValues="0" languageCode="en" localLanguageCode="en"/>
            </processInformation>
            <modellingAndValidation>
                <representativeness samplingProcedure="based on EIA electricity reports for all power plants in the US."/>
                <source number="1780" sourceType="0" firstAuthor="EIA " year="2010" title="EIA – Electricity  Data home page " placeOfPublications="unknown"/>
                <source number="1781" sourceType="0" firstAuthor="EIA " year="2010" title="EIA - Electric Power Annual summary " placeOfPublications="unknown"/>
                <source number="1793" sourceType="0" firstAuthor="EIA " year="2006" title="EIA - Notes and Sources for Table 1.5 for International Energy Annual 2006" placeOfPublications="unknown"/>
                <source number="1823" sourceType="0" firstAuthor="Chris Goemans, Athena Institute " year="2010" title="NREL US LCI Database – N.A. Electricity Generation by Fuel Type Update &amp; Template Methodology" placeOfPublications="unknown"/>
                <source number="1890" sourceType="0" firstAuthor="US DOE " year="2008" title="US DOE :: Country Energy Balance – Mexico " placeOfPublications="unknown"/>
                <source number="1905" sourceType="0" firstAuthor="International Energy Agency " year="2005" title="IEA Statistics for Electricity/Heat in Mexico in 2005 " placeOfPublications="unknown"/>
                <source number="2021" sourceType="0" firstAuthor="Statistics Canada " year="2007" title="Electric Power Generation, Transmission and Distribution #57-202-XWE" placeOfPublications="unknown"/>
                <source number="2023" sourceType="0" firstAuthor="EIA " year="2010" title="EIA – State Energy Profiles " placeOfPublications="unknown"/>
                <source number="2029" sourceType="0" firstAuthor="Statistics Canada " year="2010" title="Statistics Canada :: Electric Power Generation, Transmission and " placeOfPublications="unknown"/>
                <source number="2049" sourceType="0" firstAuthor="EIA " year="2010" title="EIA –State Data Tables " placeOfPublications="unknown"/>
                <source number="2057" sourceType="0" firstAuthor="EIA " year="2010" title="EIA –Electricity Data Tables " placeOfPublications="unknown"/>
                <source number="2058" sourceType="0" firstAuthor="US DOE " year="2010" title="U.S. Electricity Imports from and Electricity Exports to Canada and Mexico" placeOfPublications="unknown"/>
                <source number="2070" sourceType="0" firstAuthor="EIA " year="2009" title="EIA - Supply and Disposition of Electricity" placeOfPublications="unknown"/>
                <source number="2129" sourceType="0" firstAuthor="USEPA " year="2010" title="EPA - eGRID" placeOfPublications="unknown"/>
                <source number="2178" sourceType="0" firstAuthor="Statistics Canada " year="2010" title="CANSIM tables used for Stats Can Report on Energy Supply and Demand in Canada " placeOfPublications="unknown"/>
                <source number="2203" sourceType="0" firstAuthor="unspecified " year="2010" title="North American Electric Reliability Corporation (NERC) " placeOfPublications="unknown"/>
                <source number="2248" sourceType="0" firstAuthor="Statistics Canada " year="2010" title="Statistics Canada :: Report on Energy Supply and Demand in Canada " placeOfPublications="unknown"/>
                <source number="2250" sourceType="0" firstAuthor="EIA " year="2010" title="EIA – State Electricity Profiles " placeOfPublications="unknown"/>
                <source number="2252" sourceType="0" firstAuthor="EIA " year="2008" title="EIA – State Electricity Profile PDF Report (2008) " placeOfPublications="unknown"/>
                <source number="2308" sourceType="0" firstAuthor="EIA " year="2008" title="EIA - Annual Energy Review " placeOfPublications="unknown"/>
                <source number="2311" sourceType="0" firstAuthor="Statistics Canada " year="2010" title="Energy Statistics Handbook " placeOfPublications="unknown"/>
                <source number="2416" sourceType="0" firstAuthor="USEPA " year="2010" title="Power Profiler" placeOfPublications="unknown"/>
                <source number="2430" sourceType="0" firstAuthor="Statistics Canada " year="2008" title=" Report on Energy Supply and Demand in Canada #57-003-XWE" placeOfPublications="unknown"/>
                <source number="2446" sourceType="0" firstAuthor="EIA " year="2008" title="EIA - Electrical Power Summary" placeOfPublications="unknown"/>
            </modellingAndValidation>
            <administrativeInformation>
                <dataEntryBy person="1731"/>
                <dataGeneratorAndPublication person="1731" dataPublishedIn="0" referenceToPublishedSource="1823" copyright="false" accessRestrictedTo="0"/>
                <person number="1731" name="Alberta Carpenter" address="1617 Denver West Blvd, MS RSF 202, Golden, CO 80401" telephone="303.275.4232" email="alberta.carpenter@nrel.gov" companyCode="unknown" countryCode="US"/>
            </administrativeInformation>
        </metaInformation>
        <flowData>
            <exchange number="35868" category="22: Utilities" subCategory="2211: Electric Power Generation, Transmission and Distribution" localCategory="22: Utilities" localSubCategory="2211: Electric Power Generation, Transmission and Distribution" name="Electricity, at grid" location="RNA" unit="MJ" meanValue="1.0" infrastructureProcess="false">
                <outputGroup>0</outputGroup>
            </exchange>
            <exchange number="47863" category="22: Utilities" subCategory="2211: Electric Power Generation, Transmission and Distribution" localCategory="22: Utilities" localSubCategory="2211: Electric Power Generation, Transmission and Distribution" name="Electricity, diesel, at power plant" location="RNA" unit="MJ" meanValue="4.42735264968109E-4" generalComment="DFO - Distillate Fuel Oil (Diesel, No. 1, No. 2, and No. 4 Fuel Oils)" infrastructureProcess="false">
                <inputGroup>5</inputGroup>
            </exchange>
            <exchange number="28592" category="Technosphere Flows" subCategory="CUTOFF Flows" localCategory="Technosphere Flows" localSubCategory="CUTOFF Flows" name="CUTOFF Electricity, biomass, gas, landfill, at power plant" location="RNA" unit="MJ" meanValue="0.00226211545843515" generalComment="LFG - Landfill Gas" infrastructureProcess="false">
                <inputGroup>5</inputGroup>
            </exchange>
            <exchange number="52306" category="22: Utilities" subCategory="2211: Electric Power Generation, Transmission and Distribution" localCategory="22: Utilities" localSubCategory="2211: Electric Power Generation, Transmission and Distribution" name="Electricity, bituminous coal, at power plant" location="RNA" unit="MJ" meanValue="0.113297552417483" generalComment=" BIT - Anthracite Coal and Bituminous Coal" infrastructureProcess="false">
                <inputGroup>5</inputGroup>
            </exchange>
            <exchange number="10282" category="Technosphere Flows" subCategory="CUTOFF Flows" localCategory="Technosphere Flows" localSubCategory="CUTOFF Flows" name="CUTOFF Electricity, biomass, solid, agriculture by-products, at power plant" location="RNA" unit="MJ" meanValue="2.52276150126408E-4" generalComment=" AB - Agricultural Crop Byproducts/Straw/Energy Crops" infrastructureProcess="false">
                <inputGroup>5</inputGroup>
            </exchange>
            <exchange number="52306" category="22: Utilities" subCategory="2211: Electric Power Generation, Transmission and Distribution" localCategory="22: Utilities" localSubCategory="2211: Electric Power Generation, Transmission and Distribution" name="Electricity, bituminous coal, at power plant" location="RNA" unit="MJ" meanValue="0.188134526375706" generalComment=" SUB - Subbituminous Coal" infrastructureProcess="false">
                <inputGroup>5</inputGroup>
            </exchange>
            <exchange number="47863" category="22: Utilities" subCategory="2211: Electric Power Generation, Transmission and Distribution" localCategory="22: Utilities" localSubCategory="2211: Electric Power Generation, Transmission and Distribution" name="Electricity, diesel, at power plant" location="RNA" unit="MJ" meanValue="1.2734657361714E-5" generalComment="JF - Jet Fuel" infrastructureProcess="false">
                <inputGroup>5</inputGroup>
            </exchange>
            <exchange number="32000" category="Technosphere Flows" subCategory="CUTOFF Flows" localCategory="Technosphere Flows" localSubCategory="CUTOFF Flows" name="CUTOFF Electricity, petroleum, waste oil, at power plant" location="RNA" unit="MJ" meanValue="1.30554399948868E-4" generalComment="WO - Waste/Other Oil (including Crude Oil, Liquid Butane, Liquid Propane, Oil Waste, Re-Refined Motor Oil, Sludge Oil, Tar Oil, or other petroleum-based liquid wastes)" infrastructureProcess="false">
                <inputGroup>5</inputGroup>
            </exchange>
            <exchange number="26036" category="Technosphere Flows" subCategory="CUTOFF Flows" localCategory="Technosphere Flows" localSubCategory="CUTOFF Flows" name="CUTOFF Electricity, hydropower, at power plant, unspecified" location="RNA" unit="MJ" meanValue="0.22237321829959" generalComment="WAT - Water at a Conventional Hydroelectric Turbine" infrastructureProcess="false">
                <inputGroup>5</inputGroup>
            </exchange>
            <exchange number="4186" category="22: Utilities" subCategory="2211: Electric Power Generation, Transmission and Distribution" localCategory="22: Utilities" localSubCategory="2211: Electric Power Generation, Transmission and Distribution" name="Electricity, natural gas, at power plant" location="RNA" unit="MJ" meanValue="0.318047267514834" generalComment="NG - Natural Gas" infrastructureProcess="false">
                <inputGroup>5</inputGroup>
            </exchange>
            <exchange number="20050" category="Technosphere Flows" subCategory="CUTOFF Flows" localCategory="Technosphere Flows" localSubCategory="CUTOFF Flows" name="CUTOFF Electricity, biomass, gas, unspecified, at power plant" location="RNA" unit="MJ" meanValue="6.79987287557444E-4" generalComment="OBG - Other Biomass Gas (includes digester gas, methane, and other biomass gases)" infrastructureProcess="false">
                <inputGroup>5</inputGroup>
            </exchange>
            <exchange number="17510" category="Technosphere Flows" subCategory="CUTOFF Flows" localCategory="Technosphere Flows" localSubCategory="CUTOFF Flows" name="CUTOFF Electricity, other fuels, unspecified, at power plant" location="RNA" unit="MJ" meanValue="3.75508492397726E-4" generalComment=" OTH - Specify in Comments Section" infrastructureProcess="false">
                <inputGroup>5</inputGroup>
            </exchange>
            <exchange number="52112" category="Technosphere Flows" subCategory="CUTOFF Flows" localCategory="Technosphere Flows" localSubCategory="CUTOFF Flows" name="CUTOFF Electricity, petroleum coke, at power plant" location="RNA" unit="MJ" meanValue="0.00262438552192417" generalComment=" PC - Petroleum Coke" infrastructureProcess="false">
                <inputGroup>5</inputGroup>
            </exchange>
            <exchange number="41945" category="Technosphere Flows" subCategory="CUTOFF Flows" localCategory="Technosphere Flows" localSubCategory="CUTOFF Flows" name="CUTOFF Electricity, other fuels, at power plant, unspecified" location="RNA" unit="MJ" meanValue="5.44331918822505E-4" generalComment="WH - Waste heat not directly attributed to a fuel source. Note that WH should only be reported where the fuel source for the waste heat is undetermined, and for combined cycle steam turbines that are not supplementary fired" infrastructureProcess="false">
                <inputGroup>5</inputGroup>
            </exchange>
            <exchange number="11794" category="Technosphere Flows" subCategory="CUTOFF Flows" localCategory="Technosphere Flows" localSubCategory="CUTOFF Flows" name="CUTOFF Electricity, tire derived fuel, at power plant" location="RNA" unit="MJ" meanValue="2.60517062861959E-5" generalComment=" TDF - Tire-derived Fuels" infrastructureProcess="false">
                <inputGroup>5</inputGroup>
            </exchange>
            <exchange number="4528" category="Technosphere Flows" subCategory="CUTOFF Flows" localCategory="Technosphere Flows" localSubCategory="CUTOFF Flows" name="CUTOFF Electricity, biomass, solid, biogenic MSW, at power plant" location="RNA" unit="MJ" meanValue="4.57169332149426E-4" generalComment="MSB - Municipal Solid Waste – Biogenic Component" infrastructureProcess="false">
                <inputGroup>5</inputGroup>
            </exchange>
            <exchange number="4152" category="22: Utilities" subCategory="2211: Electric Power Generation, Transmission and Distribution" localCategory="22: Utilities" localSubCategory="2211: Electric Power Generation, Transmission and Distribution" name="Electricity, biomass, at power plant" location="RNA" unit="MJ" meanValue="0.00681738670752299" generalComment="WDSWood/Wood Waste Solids (paper pellets, railroad ties, utility poles, wood chips, bark, and other wood waste solids)" infrastructureProcess="false">
                <inputGroup>5</inputGroup>
            </exchange>
            <exchange number="52306" category="22: Utilities" subCategory="2211: Electric Power Generation, Transmission and Distribution" localCategory="22: Utilities" localSubCategory="2211: Electric Power Generation, Transmission and Distribution" name="Electricity, bituminous coal, at power plant" location="RNA" unit="MJ" meanValue="9.50039077857976E-4" generalComment="WOC - Waste/Other Coal (Anthracite Culm, Bituminous Gob, Fine Coal, Lignite Waste, Waste Coal)" infrastructureProcess="false">
                <inputGroup>5</inputGroup>
            </exchange>
            <exchange number="52306" category="22: Utilities" subCategory="2211: Electric Power Generation, Transmission and Distribution" localCategory="22: Utilities" localSubCategory="2211: Electric Power Generation, Transmission and Distribution" name="Electricity, bituminous coal, at power plant" location="RNA" unit="MJ" meanValue="1.62462836885992E-4" generalComment="SC - Coal-based Synfuel, including briquettes, pellets, or extrusions, which are formed by binding materials or processes that recycle materials" infrastructureProcess="false">
                <inputGroup>5</inputGroup>
            </exchange>
            <exchange number="4292" category="Technosphere Flows" subCategory="CUTOFF Flows" localCategory="Technosphere Flows" localSubCategory="CUTOFF Flows" name="CUTOFF Electricity, geothermal, unspecified" location="RNA" unit="MJ" meanValue="0.0193283273379074" generalComment="GEO - Geothermal" infrastructureProcess="false">
                <inputGroup>5</inputGroup>
            </exchange>
            <exchange number="3786" category="Technosphere Flows" subCategory="CUTOFF Flows" localCategory="Technosphere Flows" localSubCategory="CUTOFF Flows" name="CUTOFF Electricity, MSW, non-biogenic, at power plant" location="RNA" unit="MJ" meanValue="3.5920050437003E-4" generalComment="MSN - Municipal Solid Waste – Non-biogenic components" infrastructureProcess="false">
                <inputGroup>5</inputGroup>
            </exchange>
            <exchange number="25748" category="22: Utilities" subCategory="2211: Electric Power Generation, Transmission and Distribution" localCategory="22: Utilities" localSubCategory="2211: Electric Power Generation, Transmission and Distribution" name="Electricity, residual fuel oil, at power plant" location="RNA" unit="MJ" meanValue="1.25776595025668E-5" generalComment="RFO - Residual Fuel Oil (No. 5, No. 6 Fuel Oils, and Bunker C Fuel Oil)" infrastructureProcess="false">
                <inputGroup>5</inputGroup>
            </exchange>
            <exchange number="11194" category="22: Utilities" subCategory="2211: Electric Power Generation, Transmission and Distribution" localCategory="22: Utilities" localSubCategory="2211: Electric Power Generation, Transmission and Distribution" name="Electricity, nuclear, at power plant" location="RNA" unit="MJ" meanValue="0.0939608915947823" generalComment="NUC - Nuclear Fission (Uranium, Plutonium, Thorium)" infrastructureProcess="false">
                <inputGroup>5</inputGroup>
            </exchange>
            <exchange number="51514" category="Technosphere Flows" subCategory="CUTOFF Flows" localCategory="Technosphere Flows" localSubCategory="CUTOFF Flows" name="CUTOFF Electricity, at wind power plant, unspecified" location="RNA" unit="MJ" meanValue="0.0235010493684766" generalComment="Wind" infrastructureProcess="false">
                <inputGroup>5</inputGroup>
            </exchange>
            <exchange number="24036" category="Technosphere Flows" subCategory="CUTOFF Flows" localCategory="Technosphere Flows" localSubCategory="CUTOFF Flows" name="CUTOFF Electricity, biomass,liquid, unspecified, at power plant" location="RNA" unit="MJ" meanValue="0.00106470118599959" generalComment="BLQ - Black Liquor" infrastructureProcess="false">
                <inputGroup>5</inputGroup>
            </exchange>
            <exchange number="39744" category="Technosphere Flows" subCategory="CUTOFF Flows" localCategory="Technosphere Flows" localSubCategory="CUTOFF Flows" name="CUTOFF Electricity, other gases, unspecified,  at power plant" location="RNA" unit="MJ" meanValue="0.00302872978624579" generalComment="OG - Other Gas " infrastructureProcess="false">
                <inputGroup>5</inputGroup>
            </exchange>
            <exchange number="39744" category="Technosphere Flows" subCategory="CUTOFF Flows" localCategory="Technosphere Flows" localSubCategory="CUTOFF Flows" name="CUTOFF Electricity, other gases, unspecified,  at power plant" location="RNA" unit="MJ" meanValue="9.32092493075904E-7" generalComment="PG - Gaseous Propane" infrastructureProcess="false">
                <inputGroup>5</inputGroup>
            </exchange>
            <exchange number="38678" category="Technosphere Flows" subCategory="CUTOFF Flows" localCategory="Technosphere Flows" localSubCategory="CUTOFF Flows" name="CUTOFF Electricity, solar, unspecified, at power plant" location="RNA" unit="MJ" meanValue="0.00113751160078973" generalComment="SUN - Solar" infrastructureProcess="false">
                <inputGroup>5</inputGroup>
            </exchange>
            <exchange number="22476" category="Technosphere Flows" subCategory="CUTOFF Flows" localCategory="Technosphere Flows" localSubCategory="CUTOFF Flows" name="CUTOFF Electricity, biomass, liquid, sludge, at power plant" location="RNA" unit="MJ" meanValue="1.57754495744113E-5" generalComment=" SLW - Sludge Waste" infrastructureProcess="false">
                <inputGroup>5</inputGroup>
            </exchange>
        </flowData>
    </dataset>
</ecoSpold>
