<?xml version="1.0" encoding="UTF-8" standalone="yes"?>
<ecoSpold xmlns="http://www.EcoInvent.org/EcoSpold01">
    <dataset number="106865" generator="openLCA" timestamp="2019-10-15T12:52:58.330-06:00">
        <metaInformation>
            <processInformation>
                <referenceFunction datasetRelatesToProduct="false" name="Pesticide, corn" localName="Pesticide, corn" infrastructureProcess="false" amount="1.0" unit="m2" category="11: Agriculture, Forestry, Fishing and Hunting" subCategory="1151: Support Activities for Crop Production" localCategory="11: Agriculture, Forestry, Fishing and Hunting" localSubCategory="1151: Support Activities for Crop Production" generalComment="Application of pesticides (herbicides and insecticides) to one hectare of corn. Data are based on USDA 2006 Agricultural chemical use survey. Extrapolation of existing data to 2022 estimates.&#xA;&#xA;Process has been reviewed by Dr. Dwayne Westfall, Dept Soil and Crop Sciences, Colorado State University. Date of review Sept 10 - 30 2008."/>
                <geography location="RNA" text="North America"/>
                <technology text="modern"/>
                <timePeriod dataValidForEntirePeriod="true" text="2010-2100">
                    <startDate>2009-12-31-07:00</startDate>
                    <endDate>2100-12-30-07:00</endDate>
                </timePeriod>
                <dataSetInformation type="1" impactAssessmentResult="false" timestamp="2019-07-20T21:16:04.133-06:00" version="0.0" internalVersion="0.0" energyValues="0" languageCode="en" localLanguageCode="en"/>
            </processInformation>
            <modellingAndValidation>
                <source number="1883" sourceType="0" firstAuthor="Nemecek, T. " year="2007" title="Life Cycle Inventories of Agricultural Production Systems" placeOfPublications="unknown" text="CD-ROM"/>
                <source number="2378" sourceType="0" firstAuthor="USDA NASS " year="2006" title="Agricultural Crop production chemical use survey" placeOfPublications="unknown"/>
                <source number="2436" sourceType="0" firstAuthor="Hsu, D. " year="2010" title="Life Cycle Environmental Impacts of Selected U.S. Ethanol Production and Use Pathways in 2022" placeOfPublications="unknown"/>
            </modellingAndValidation>
            <administrativeInformation>
                <dataEntryBy person="1710"/>
                <dataGeneratorAndPublication person="1710" dataPublishedIn="0" referenceToPublishedSource="2436" copyright="false" accessRestrictedTo="0"/>
                <person number="1710" name="Daniel Inman" address="NREL, 1617 Cole Blvd, RSF 200, Golden, CO 80401" telephone="303-384-6845" companyCode="unknown" countryCode="US"/>
            </administrativeInformation>
        </metaInformation>
        <flowData>
            <exchange number="28856" category="11: Agriculture, Forestry, Fishing and Hunting" subCategory="1151: Support Activities for Crop Production" localCategory="11: Agriculture, Forestry, Fishing and Hunting" localSubCategory="1151: Support Activities for Crop Production" name="Pesticide, corn" location="RNA" unit="m2" meanValue="1.0" infrastructureProcess="false">
                <outputGroup>0</outputGroup>
            </exchange>
            <exchange number="52012" category="soil" subCategory="agricultural" localCategory="soil" localSubCategory="agricultural" name="Metolachlor, (S)" unit="kg" meanValue="0.347" generalComment="Total metolochlor applied, kg ai. Assuming 23% of corn acres received metolochlor. Adjusted to 1 kg of corn. Data from: USDA NASS 2006. Agricultural Chemical Usage 2005 Field Crops Summary. Pages 19-20." infrastructureProcess="false">
                <outputGroup>4</outputGroup>
            </exchange>
            <exchange number="4562" category="Technosphere Flows" subCategory="CUTOFF Flows" localCategory="Technosphere Flows" localSubCategory="CUTOFF Flows" name="CUTOFF Glyphosate, at regional storehouse" location="RNA" unit="kg" meanValue="0.332" generalComment="Total glyphosate applied, kg ai. Assuming 31% of corn acres planted recieved glyphosate.  Data from: USDA NASS 2006. Agricultural Chemical Usage 2005 Field Crops Summary. Pages 19-20." infrastructureProcess="false">
                <inputGroup>5</inputGroup>
            </exchange>
            <exchange number="20870" category="Technosphere Flows" subCategory="CUTOFF Flows" localCategory="Technosphere Flows" localSubCategory="CUTOFF Flows" name="CUTOFF Application of plant protection products, by field sprayer" location="RNA" unit="m2" meanValue="2.0" generalComment="Assuming field is covered twice during season" infrastructureProcess="false">
                <inputGroup>5</inputGroup>
            </exchange>
            <exchange number="15322" category="water" subCategory="ground-" localCategory="water" localSubCategory="ground-" name="Atrazine" unit="kg" meanValue="0.067" generalComment="Amount of total atrazine applied, kg. that leaches below the root zone. Assumeing 66% corn acres planted recieved atrazine. Fraction of atrazine applied that has been documented to leach below the root zone. Assuming approximately 7% of applied atrazine is lost. From: Persicani, D., G. Gasparetti, P. Siro, M. Bonvini. 1995. Journal of Contaminant Hydrology 19:127-144. Page 137." infrastructureProcess="false">
                <outputGroup>4</outputGroup>
            </exchange>
            <exchange number="42859" category="Elementary Flows" localCategory="Elementary Flows" name="Tebupirimphos" unit="kg" meanValue="0.00768" generalComment="Total tebupirimphos applied, kg ai. Assuming 6% ofcorn acres received application. Adjusted to 1 kg of corn. Data from: USDA NASS 2006. Agricultural Chemical Usage 2005 Field Crops Summary. Pages 19-20." infrastructureProcess="false">
                <outputGroup>4</outputGroup>
            </exchange>
            <exchange number="19978" category="soil" subCategory="agricultural" localCategory="soil" localSubCategory="agricultural" name="Tefluthrin" unit="kg" meanValue="0.00924" generalComment="Total tefluthrin applied, kg ai. Assuming 7% of corn acres received application. Adjusted to 1 kg of corn.Data from: USDA NASS 2006. Agricultural Chemical Usage 2005 Field Crops Summary. Pages 19-20." infrastructureProcess="false">
                <outputGroup>4</outputGroup>
            </exchange>
            <exchange number="7228" category="soil" subCategory="agricultural" localCategory="soil" localSubCategory="agricultural" name="2,4-D" unit="kg" meanValue="0.0162" generalComment="Total 2,4-D applied, kg ai. Assumeing 3% corn acres planted recieved 2,4-D. Adjusted to 1 kg of corn.Data from: USDA NASS 2006. Agricultural Chemical Usage 2005 Field Crops Summary. Pages 19-20." infrastructureProcess="false">
                <outputGroup>4</outputGroup>
            </exchange>
            <exchange number="18286" category="Technosphere Flows" subCategory="CUTOFF Flows" localCategory="Technosphere Flows" localSubCategory="CUTOFF Flows" name="CUTOFF Organophosphorus-compounds, at regional storehouse" location="RNA" unit="kg" meanValue="0.00768" generalComment="This class includes Tebupirimphos. Data from: USDA NASS 2006. Agricultural Chemical Usage 2005 Field Crops Summary. Pages 19-20." infrastructureProcess="false">
                <inputGroup>5</inputGroup>
            </exchange>
            <exchange number="8200" category="Technosphere Flows" subCategory="CUTOFF Flows" localCategory="Technosphere Flows" localSubCategory="CUTOFF Flows" name="CUTOFF Metolachlor, at regional storehouse" location="RNA" unit="kg" meanValue="0.347" generalComment="Total metolochlor applied, kg ai. Assuming 23% of corn acres received metolochlor.  Data from: USDA NASS 2006. Agricultural Chemical Usage 2005 Field Crops Summary. Pages 19-20." infrastructureProcess="false">
                <inputGroup>5</inputGroup>
            </exchange>
            <exchange number="9462" category="soil" subCategory="agricultural" localCategory="soil" localSubCategory="agricultural" name="Acetochlor" unit="kg" meanValue="0.428" generalComment="Total acetochlor applied, kg ai. Assumeing 23% corn acres planted recieved acetochlor. Adjusted to 1 kg of corn. Data from: USDA NASS 2006. Agricultural Chemical Usage 2005 Field Crops Summary. Pages 19-20." infrastructureProcess="false">
                <outputGroup>4</outputGroup>
            </exchange>
            <exchange number="23624" category="Technosphere Flows" subCategory="CUTOFF Flows" localCategory="Technosphere Flows" localSubCategory="CUTOFF Flows" name="CUTOFF [sulfonyl]urea-compounds, at regional storehouse" location="RNA" unit="kg" meanValue="0.024" generalComment="This class includes nicosulfuron. Data from: USDA NASS 2006. Agricultural Chemical Usage 2005 Field Crops Summary. Pages 19-20." infrastructureProcess="false">
                <inputGroup>5</inputGroup>
            </exchange>
            <exchange number="17578" category="Technosphere Flows" subCategory="CUTOFF Flows" localCategory="Technosphere Flows" localSubCategory="CUTOFF Flows" name="CUTOFF Pyretroid-compounds, at regional storehouse" location="RNA" unit="kg" meanValue="5.6E-4" generalComment="This class includes both Tefluthrin and Cyfluthrin. Data from: USDA NASS 2006. Agricultural Chemical Usage 2005 Field Crops Summary. Pages 19-20." infrastructureProcess="false">
                <inputGroup>5</inputGroup>
            </exchange>
            <exchange number="10572" category="Technosphere Flows" subCategory="CUTOFF Flows" localCategory="Technosphere Flows" localSubCategory="CUTOFF Flows" name="CUTOFF Alachlor, at regional storehouse" location="RNA" unit="kg" meanValue="0.428" generalComment="Alochlor and Acetochlor are in the same chemical class (chloroacetanilide) and are produced similarly. Data from: USDA NASS 2006. Agricultural Chemical Usage 2005 Field Crops Summary. Pages 19-20." infrastructureProcess="false">
                <inputGroup>5</inputGroup>
            </exchange>
            <exchange number="10092" category="soil" subCategory="agricultural" localCategory="soil" localSubCategory="agricultural" name="Cyfluthrin" unit="kg" meanValue="5.6E-4" generalComment="Total cyfluthrin applied, kg ai. Assuming 7% of corn acres received appication. Adjusted to 1 kg of corn. Data from: USDA NASS 2006. Agricultural Chemical Usage 2005 Field Crops Summary. Pages 19-20." infrastructureProcess="false">
                <outputGroup>4</outputGroup>
            </exchange>
            <exchange number="42317" category="soil" subCategory="agricultural" localCategory="soil" localSubCategory="agricultural" name="Glyphosate" unit="kg" meanValue="0.332" generalComment="Total glyphosate applied, kg ai. Assuming 31% of corn acres planted recieved glyphosate. Adjusted to 1 kg of corn.Data from: USDA NASS 2006. Agricultural Chemical Usage 2005 Field Crops Summary. Pages 19-20." infrastructureProcess="false">
                <outputGroup>4</outputGroup>
            </exchange>
            <exchange number="47285" category="Technosphere Flows" subCategory="CUTOFF Flows" localCategory="Technosphere Flows" localSubCategory="CUTOFF Flows" name="CUTOFF 2,4-D, at regional storehouse" location="RNA" unit="kg" meanValue="0.0162" generalComment="Total 2,4-D applied, kg ai. Assumeing 3% corn acres planted recieved 2,4-D.  Data from: USDA NASS 2006. Agricultural Chemical Usage 2005 Field Crops Summary. Pages 19-20." infrastructureProcess="false">
                <inputGroup>5</inputGroup>
            </exchange>
            <exchange number="23156" category="soil" subCategory="agricultural" localCategory="soil" localSubCategory="agricultural" name="Atrazine" unit="kg" meanValue="0.957" generalComment="Total atrazine applied, kg ai. Assumeing 66% corn acres planted recieved atrazine. Adjusted to 1 kg of corn. Data from: USDA NASS 2006. Agricultural Chemical Usage 2005 Field Crops Summary. Pages 19-20." infrastructureProcess="false">
                <outputGroup>4</outputGroup>
            </exchange>
            <exchange number="51358" category="soil" subCategory="agricultural" localCategory="soil" localSubCategory="agricultural" name="Nicosulfuron" unit="kg" meanValue="0.024" generalComment="Total nicosulfuron applied, kg ai. Assuming 10% of corn acres received application. Adjusted to 1 kg of corn. Data from: USDA NASS 2006. Agricultural Chemical Usage 2005 Field Crops Summary. Pages 19-20." infrastructureProcess="false">
                <outputGroup>4</outputGroup>
            </exchange>
            <exchange number="3878" category="soil" subCategory="agricultural" localCategory="soil" localSubCategory="agricultural" name="Mesotrione" unit="kg" meanValue="0.0266" generalComment="Total mesotrione applied, kg ai. Assuming 20% of  corn acres received mesotrione. Adjusted to 1 kg of corn. Data from: USDA NASS 2006. Agricultural Chemical Usage 2005 Field Crops Summary. Pages 19-20." infrastructureProcess="false">
                <outputGroup>4</outputGroup>
            </exchange>
            <exchange number="33576" category="48-49: Transportation and Warehousing" subCategory="4841: General Freight Trucking" localCategory="48-49: Transportation and Warehousing" localSubCategory="4841: General Freight Trucking" name="Transport, combination truck, diesel powered" location="RNA" unit="t*km" meanValue="1.09" generalComment="Transport of pesticides and seed  to the field assuming 80.6km round trip distance. Value is estimated." infrastructureProcess="false">
                <inputGroup>5</inputGroup>
            </exchange>
            <exchange number="46821" category="Technosphere Flows" subCategory="CUTOFF Flows" localCategory="Technosphere Flows" localSubCategory="CUTOFF Flows" name="CUTOFF Atrazine, at regional storehouse" location="RNA" unit="kg" meanValue="0.957" generalComment="Total atrazine applied, kg ai. Assumeing 66% corn acres planted recieved atrazine. Data from: USDA NASS 2006. Agricultural Chemical Usage 2005 Field Crops Summary. Pages 19-20." infrastructureProcess="false">
                <inputGroup>5</inputGroup>
            </exchange>
        </flowData>
    </dataset>
</ecoSpold>
