<?xml version="1.0" encoding="UTF-8" standalone="yes"?>
<ecoSpold xmlns="http://www.EcoInvent.org/EcoSpold01">
    <dataset number="100018" generator="openLCA" timestamp="2019-10-15T12:53:02.997-06:00">
        <metaInformation>
            <processInformation>
                <referenceFunction datasetRelatesToProduct="false" name="Wood waste, unspecified, combusted in industrial boiler" localName="Wood waste, unspecified, combusted in industrial boiler" infrastructureProcess="false" amount="1.0" unit="kg" category="22: Utilities" subCategory="2213: Water, Sewage and Other Systems" localCategory="22: Utilities" localSubCategory="2213: Water, Sewage and Other Systems" generalComment="&#xA;Converted previous version from the assumption of 50% MC green basis; 100% MC od basis to OD basis to align with CORRIM calculations.                                                                                                  Important note: although most of the data in the US LCI database has &#xA;undergone some sort of review, the database as a whole has not yet &#xA;undergone a formal validation process.&#xA;Please email comments to lci@nrel.gov."/>
                <geography location="RNA" text="US"/>
                <technology text="Typical"/>
                <timePeriod dataValidForEntirePeriod="true">
                    <startDate>9998-12-31-07:00</startDate>
                    <endDate>9998-12-31-07:00</endDate>
                </timePeriod>
                <dataSetInformation type="1" impactAssessmentResult="false" timestamp="2019-07-22T15:23:23.513-06:00" version="0.0" internalVersion="0.0" energyValues="0" languageCode="en" localLanguageCode="en"/>
            </processInformation>
            <modellingAndValidation>
                <source number="1774" sourceType="0" firstAuthor="Combustion Engineering Inc. " year="1981" title="Combustion Power Systems. Third Edition, Combustion Engineering Inc. " placeOfPublications="unknown"/>
                <source number="1792" sourceType="0" firstAuthor="U.S. DoE " year="1981" title="Technology Characterizations, Environmental Information Handbook.  2nd Ed.  " placeOfPublications="unknown"/>
                <source number="2067" sourceType="0" firstAuthor="Sassenrath, Charles P " year="1991" title="Air Toxic Emissions from Wood Fired Boilers.  TAPPI Environmental Conference. " placeOfPublications="unknown"/>
                <source number="2136" sourceType="0" firstAuthor="Argonne National Laboratory  " year="1990" title="Environmental Consequenses of, and Control Processes for, Energy Technologies.  " placeOfPublications="unknown"/>
                <source number="2202" sourceType="0" firstAuthor="U.S. EPA " year="2001" title="External Combustion Sources. Sec 1.6 - Wood Residues Combustion in Boilers Sup G" placeOfPublications="unknown"/>
                <source number="2211" sourceType="0" firstAuthor="Franklin Associates " year="2004" title="Data Details for Wood Combustion" placeOfPublications="unknown"/>
                <source number="2350" sourceType="0" firstAuthor="Kaminski, Paul " year="9999" title="Industrial Wood-fired Boiler Optimization and Emissions Compliance" placeOfPublications="unknown"/>
            </modellingAndValidation>
            <administrativeInformation>
                <dataEntryBy person="1688"/>
                <dataGeneratorAndPublication person="1688" dataPublishedIn="0" referenceToPublishedSource="2211" copyright="false" accessRestrictedTo="0"/>
                <person number="1688" name="James Littlefield, Franklin Associates" address="4121 W. 83rd St, Suite 108, Prairie Village, KS 66208" telephone="(913)649-2225" email="jlittlefield@fal.com" companyCode="unknown" countryCode="US"/>
            </administrativeInformation>
        </metaInformation>
        <flowData>
            <exchange number="36152" category="22: Utilities" subCategory="2213: Water, Sewage and Other Systems" localCategory="22: Utilities" localSubCategory="2213: Water, Sewage and Other Systems" name="Wood waste, unspecified, combusted in industrial boiler" location="RNA" unit="kg" meanValue="1.0" infrastructureProcess="false">
                <outputGroup>0</outputGroup>
            </exchange>
            <exchange number="34566" category="Technosphere Flows" subCategory="CUTOFF Flows" localCategory="Technosphere Flows" localSubCategory="CUTOFF Flows" name="CUTOFF Disposal, solid waste, unspecified, to unspecified treatment" location="RNA" unit="kg" meanValue="0.0882" uncertaintyType="1" standardDeviation95="1.0" infrastructureProcess="false">
                <inputGroup>5</inputGroup>
            </exchange>
            <exchange number="28216" category="air" subCategory="unspecified" localCategory="air" localSubCategory="unspecified" name="Phenols, unspecified" unit="kg" meanValue="4.59E-7" uncertaintyType="1" standardDeviation95="1.0" infrastructureProcess="false">
                <outputGroup>4</outputGroup>
            </exchange>
            <exchange number="47837" category="air" subCategory="unspecified" localCategory="air" localSubCategory="unspecified" name="Arsenic" unit="kg" meanValue="1.98E-7" uncertaintyType="1" standardDeviation95="1.0" infrastructureProcess="false">
                <outputGroup>4</outputGroup>
            </exchange>
            <exchange number="10070" category="air" subCategory="unspecified" localCategory="air" localSubCategory="unspecified" name="Acrolein" unit="kg" meanValue="3.6E-5" uncertaintyType="1" standardDeviation95="1.0" infrastructureProcess="false">
                <outputGroup>4</outputGroup>
            </exchange>
            <exchange number="3128" category="Emission to air" subCategory="unspecified" localCategory="Emission to air" localSubCategory="unspecified" CASNumber="007439-92-1" name="Lead" unit="kg" meanValue="4.32E-7" uncertaintyType="1" standardDeviation95="1.0" formula="Pb" infrastructureProcess="false">
                <outputGroup>4</outputGroup>
            </exchange>
            <exchange number="30852" category="air" subCategory="unspecified" localCategory="air" localSubCategory="unspecified" name="Beryllium" unit="kg" meanValue="9.9E-9" uncertaintyType="1" standardDeviation95="1.0" infrastructureProcess="false">
                <outputGroup>4</outputGroup>
            </exchange>
            <exchange number="45335" category="air" subCategory="unspecified" localCategory="air" localSubCategory="unspecified" name="Antimony" unit="kg" meanValue="7.11E-8" uncertaintyType="1" standardDeviation95="1.0" infrastructureProcess="false">
                <outputGroup>4</outputGroup>
            </exchange>
            <exchange number="24476" category="air" subCategory="unspecified" localCategory="air" localSubCategory="unspecified" name="Formaldehyde" unit="kg" meanValue="3.96E-5" uncertaintyType="1" standardDeviation95="1.0" infrastructureProcess="false">
                <outputGroup>4</outputGroup>
            </exchange>
            <exchange number="5242" category="air" subCategory="unspecified" localCategory="air" localSubCategory="unspecified" name="Acetaldehyde" unit="kg" meanValue="7.47E-6" uncertaintyType="1" standardDeviation95="1.0" infrastructureProcess="false">
                <outputGroup>4</outputGroup>
            </exchange>
            <exchange number="25532" category="Emission to air" subCategory="unspecified" localCategory="Emission to air" localSubCategory="unspecified" CASNumber="007440-43-9" name="Cadmium" unit="kg" meanValue="3.69E-8" uncertaintyType="1" standardDeviation95="1.0" formula="Cd" infrastructureProcess="false">
                <outputGroup>4</outputGroup>
            </exchange>
            <exchange number="27606" category="water" subCategory="unspecified" localCategory="water" localSubCategory="unspecified" name="BOD5, Biological Oxygen Demand" unit="kg" meanValue="0.0175" uncertaintyType="1" standardDeviation95="1.0" infrastructureProcess="false">
                <outputGroup>4</outputGroup>
            </exchange>
            <exchange number="46339" category="air" subCategory="unspecified" localCategory="air" localSubCategory="unspecified" name="Cobalt" unit="kg" meanValue="5.85E-8" uncertaintyType="1" standardDeviation95="1.0" infrastructureProcess="false">
                <outputGroup>4</outputGroup>
            </exchange>
            <exchange number="33952" category="air" subCategory="unspecified" localCategory="air" localSubCategory="unspecified" name="Particulates, &lt; 10 um " unit="kg" meanValue="0.0045" uncertaintyType="1" standardDeviation95="1.0" infrastructureProcess="false">
                <outputGroup>4</outputGroup>
            </exchange>
            <exchange number="25564" category="Emission to air" subCategory="unspecified" localCategory="Emission to air" localSubCategory="unspecified" name="Sulfur oxides" unit="kg" meanValue="2.25E-4" uncertaintyType="1" standardDeviation95="1.0" infrastructureProcess="false">
                <outputGroup>4</outputGroup>
            </exchange>
            <exchange number="16644" category="air" subCategory="unspecified" localCategory="air" localSubCategory="unspecified" name="Selenium" unit="kg" meanValue="2.52E-8" uncertaintyType="1" standardDeviation95="1.0" infrastructureProcess="false">
                <outputGroup>4</outputGroup>
            </exchange>
            <exchange number="21164" category="Emission to air" subCategory="unspecified" localCategory="Emission to air" localSubCategory="unspecified" CASNumber="001746-01-6" name="Dioxins, measured as 2,3,7,8-tetrachlorodibenzo-p-dioxin" unit="kg" meanValue="1.50298E-8" uncertaintyType="1" standardDeviation95="1.0" infrastructureProcess="false">
                <outputGroup>4</outputGroup>
            </exchange>
            <exchange number="5052" category="Emission to air" subCategory="unspecified" localCategory="Emission to air" localSubCategory="unspecified" CASNumber="000630-08-0" name="Carbon monoxide" unit="kg" meanValue="0.0054" uncertaintyType="1" standardDeviation95="1.0" formula="CO" infrastructureProcess="false">
                <outputGroup>4</outputGroup>
            </exchange>
            <exchange number="29662" category="Emission to air" subCategory="unspecified" localCategory="Emission to air" localSubCategory="unspecified" CASNumber="007440-02-0" name="Nickel" unit="kg" meanValue="2.97E-7" uncertaintyType="1" standardDeviation95="1.0" formula="Ni" infrastructureProcess="false">
                <outputGroup>4</outputGroup>
            </exchange>
            <exchange number="48453" category="air" subCategory="unspecified" localCategory="air" localSubCategory="unspecified" name="Chlorine" unit="kg" meanValue="7.11E-6" uncertaintyType="1" standardDeviation95="1.0" infrastructureProcess="false">
                <outputGroup>4</outputGroup>
            </exchange>
            <exchange number="10812" category="air" subCategory="unspecified" localCategory="air" localSubCategory="unspecified" name="Naphthalene" unit="kg" meanValue="8.73E-7" uncertaintyType="1" standardDeviation95="1.0" infrastructureProcess="false">
                <outputGroup>4</outputGroup>
            </exchange>
            <exchange number="27100" category="air" subCategory="unspecified" localCategory="air" localSubCategory="unspecified" name="Methane, tetrachloro-, CFC-10" unit="kg" meanValue="4.05E-7" uncertaintyType="1" standardDeviation95="1.0" infrastructureProcess="false">
                <outputGroup>4</outputGroup>
            </exchange>
            <exchange number="8086" category="air" subCategory="unspecified" localCategory="air" localSubCategory="unspecified" name="Methane, dichloro-, HCC-30" unit="kg" meanValue="2.61E-6" uncertaintyType="1" standardDeviation95="1.0" infrastructureProcess="false">
                <outputGroup>4</outputGroup>
            </exchange>
            <exchange number="15224" category="Emission to air" subCategory="unspecified" localCategory="Emission to air" localSubCategory="unspecified" CASNumber="007440-47-3" name="Chromium" unit="kg" meanValue="1.89E-7" uncertaintyType="1" standardDeviation95="1.0" formula="Cr" infrastructureProcess="false">
                <outputGroup>4</outputGroup>
            </exchange>
            <exchange number="47227" category="Emission to air" subCategory="unspecified" localCategory="Emission to air" localSubCategory="unspecified" CASNumber="011104-93-1" name="Nitrogen oxides" unit="kg" meanValue="0.00198" uncertaintyType="1" standardDeviation95="1.0" formula="NOx as NO2" infrastructureProcess="false">
                <outputGroup>4</outputGroup>
            </exchange>
            <exchange number="17536" category="air" subCategory="unspecified" localCategory="air" localSubCategory="unspecified" name="Carbon dioxide, biogenic" unit="kg" meanValue="1.755" uncertaintyType="1" standardDeviation95="1.0" infrastructureProcess="false">
                <outputGroup>4</outputGroup>
            </exchange>
            <exchange number="15886" category="Emission to air" subCategory="unspecified" localCategory="Emission to air" localSubCategory="unspecified" CASNumber="007439-97-6" name="Mercury" unit="kg" meanValue="3.15E-8" uncertaintyType="1" standardDeviation95="1.0" formula="Hg" infrastructureProcess="false">
                <outputGroup>4</outputGroup>
            </exchange>
            <exchange number="38136" category="air" subCategory="unspecified" localCategory="air" localSubCategory="unspecified" name="Benzene" unit="kg" meanValue="3.78E-5" uncertaintyType="1" standardDeviation95="1.0" infrastructureProcess="false">
                <outputGroup>4</outputGroup>
            </exchange>
            <exchange number="36670" category="Emission to air" subCategory="unspecified" localCategory="Emission to air" localSubCategory="unspecified" CASNumber="000074-82-8" name="Methane" unit="kg" meanValue="1.89E-4" uncertaintyType="1" standardDeviation95="1.0" formula="CH4" infrastructureProcess="false">
                <outputGroup>4</outputGroup>
            </exchange>
            <exchange number="51740" category="air" subCategory="unspecified" localCategory="air" localSubCategory="unspecified" name="TOC, Total Organic Carbon" unit="kg" meanValue="3.681E-5" uncertaintyType="1" standardDeviation95="1.0" infrastructureProcess="false">
                <outputGroup>4</outputGroup>
            </exchange>
            <exchange number="47227" category="Emission to air" subCategory="unspecified" localCategory="Emission to air" localSubCategory="unspecified" CASNumber="011104-93-1" name="Nitrogen oxides" unit="kg" meanValue="1.17E-4" uncertaintyType="1" standardDeviation95="1.0" formula="NOx as NO2" infrastructureProcess="false">
                <outputGroup>4</outputGroup>
            </exchange>
            <exchange number="38344" category="air" subCategory="unspecified" localCategory="air" localSubCategory="unspecified" name="Metals, unspecified" unit="kg" meanValue="3.8494E-4" uncertaintyType="1" standardDeviation95="1.0" infrastructureProcess="false">
                <outputGroup>4</outputGroup>
            </exchange>
            <exchange number="5626" category="air" subCategory="unspecified" localCategory="air" localSubCategory="unspecified" name="Manganese" unit="kg" meanValue="1.44E-5" uncertaintyType="1" standardDeviation95="1.0" infrastructureProcess="false">
                <outputGroup>4</outputGroup>
            </exchange>
            <exchange number="39726" category="Emission to air" subCategory="unspecified" localCategory="Emission to air" localSubCategory="unspecified" CASNumber="007647-01-0" name="Hydrogen chloride" unit="kg" meanValue="1.71E-4" uncertaintyType="1" standardDeviation95="1.0" formula="HCl" infrastructureProcess="false">
                <outputGroup>4</outputGroup>
            </exchange>
            <exchange number="15816" category="Technosphere Flows" subCategory="CUTOFF Flows" localCategory="Technosphere Flows" localSubCategory="CUTOFF Flows" name="CUTOFF Wood waste, unspecified" location="RNA" unit="kg" meanValue="1.0" uncertaintyType="1" standardDeviation95="1.0" infrastructureProcess="false">
                <inputGroup>5</inputGroup>
            </exchange>
        </flowData>
    </dataset>
</ecoSpold>
