<?xml version="1.0" encoding="UTF-8" standalone="yes"?>
<ecoSpold xmlns="http://www.EcoInvent.org/EcoSpold01">
    <dataset number="55455" generator="openLCA" timestamp="2019-10-15T12:52:58.504-06:00">
        <metaInformation>
            <processInformation>
                <referenceFunction datasetRelatesToProduct="false" name="Roundwood, hardwood, green, at mill, SE" localName="Roundwood, hardwood, green, at mill, SE" infrastructureProcess="false" amount="1.0" unit="m3" category="11: Agriculture, Forestry, Fishing and Hunting" subCategory="1133: Logging" localCategory="11: Agriculture, Forestry, Fishing and Hunting" localSubCategory="1133: Logging" generalComment="All weights given on an ovendry basis.&#xA;Both logs and bark were transported jointly - however, these were seperated in the model based on mass allocation.  This unit process only accounts for the transport of logs and excludes the transport of bark.&#xA;Important note: although most of the data in the US LCI database has &#xA;undergone some sort of review, the database as a whole has not yet &#xA;undergone a formal validation process.&#xA;Please email comments to lci@nrel.gov."/>
                <geography location="RNA" text="SE = Southeast United States.  The 8 states are Arkansas, Louisiana, Mississippi, Alabama, Tennessee, North Carolina, South Carolina, Georgia."/>
                <technology text="Average transport distance."/>
                <timePeriod dataValidForEntirePeriod="true">
                    <startDate>2004-12-31-07:00</startDate>
                    <endDate>2005-12-31-07:00</endDate>
                </timePeriod>
                <dataSetInformation type="5" impactAssessmentResult="false" timestamp="2019-07-22T23:04:01.904-06:00" version="0.0" internalVersion="0.0" energyValues="0" languageCode="en" localLanguageCode="en"/>
            </processInformation>
            <modellingAndValidation>
                <representativeness samplingProcedure="Questionnaires from 12 mills from the 8 states of southeast region.  Hardwood sawmills were members of the Hardwood Manufacturer Association (HMA)."/>
                <source number="2133" sourceType="0" firstAuthor="Richard D. Bergman " year="2010" title="Module L: Life-Cycle Inventory of Hardwood Lumber Manufacturing in the Southeast United States" placeOfPublications="unknown"/>
                <source number="2312" sourceType="0" firstAuthor="Maureen Puettmann " year="2010" title="SimaPro working files for SE hardwood lumber" placeOfPublications="unknown"/>
            </modellingAndValidation>
            <administrativeInformation>
                <dataEntryBy person="1700"/>
                <dataGeneratorAndPublication person="1700" dataPublishedIn="0" referenceToPublishedSource="2133" copyright="false" accessRestrictedTo="0"/>
                <person number="1700" name="Maureen Puettmann" address="8200 NW Chaparral Drive, Corvallis, OR 97330" telephone="541-231-2627" email="maureen.puettmann@q.com" companyCode="unknown" countryCode="US"/>
            </administrativeInformation>
        </metaInformation>
        <flowData>
            <exchange number="49387" category="11: Agriculture, Forestry, Fishing and Hunting" subCategory="1133: Logging" localCategory="11: Agriculture, Forestry, Fishing and Hunting" localSubCategory="1133: Logging" name="Roundwood, hardwood, green, at mill, SE" location="RNA" unit="m3" meanValue="1.0" generalComment="Based on a weighted average green density of 854 kg/m3" infrastructureProcess="false">
                <outputGroup>0</outputGroup>
            </exchange>
            <exchange number="33576" category="48-49: Transportation and Warehousing" subCategory="4841: General Freight Trucking" localCategory="48-49: Transportation and Warehousing" localSubCategory="4841: General Freight Trucking" name="Transport, combination truck, diesel powered" location="RNA" unit="t*km" meanValue="2.42" generalComment="Transport of green bark 60.4 km.  85% moisture content, od basis" infrastructureProcess="false">
                <inputGroup>5</inputGroup>
            </exchange>
            <exchange number="47715" category="Technosphere Flows" subCategory="CUTOFF Flows" localCategory="Technosphere Flows" localSubCategory="CUTOFF Flows" name="CUTOFF Roundwood, hardwood, at forest road, SE" location="RNA" unit="m3" meanValue="1.0" generalComment="oven-dried weight. Wood specific gravity of 0.528 and 85% MC dry basis." infrastructureProcess="false">
                <inputGroup>5</inputGroup>
            </exchange>
            <exchange number="33576" category="48-49: Transportation and Warehousing" subCategory="4841: General Freight Trucking" localCategory="48-49: Transportation and Warehousing" localSubCategory="4841: General Freight Trucking" name="Transport, combination truck, diesel powered" location="RNA" unit="t*km" meanValue="59.0" generalComment="Transport of green logs  60.4 km.  85% moisture content, od basis" infrastructureProcess="false">
                <inputGroup>5</inputGroup>
            </exchange>
            <exchange number="32832" category="11: Agriculture, Forestry, Fishing and Hunting" subCategory="1133: Logging" localCategory="11: Agriculture, Forestry, Fishing and Hunting" localSubCategory="1133: Logging" name="Bark, hardwood, green, at mill, SE" location="RNA" unit="kg" meanValue="21.6" generalComment="Weight reported on an ovendry basis.  Moisture content (ovendry basis) = 85%" infrastructureProcess="false">
                <outputGroup>2</outputGroup>
            </exchange>
            <exchange number="21940" category="Technosphere Flows" subCategory="CUTOFF Flows" localCategory="Technosphere Flows" localSubCategory="CUTOFF Flows" name="CUTOFF Bark, hardwood, at forest road, SE" location="RNA" unit="kg" meanValue="21.6" generalComment="Oven-dried weight; specific gravity of 0.558 and 85% MC ,od basis" infrastructureProcess="false">
                <inputGroup>5</inputGroup>
            </exchange>
        </flowData>
    </dataset>
</ecoSpold>
