<?xml version="1.0" encoding="UTF-8" standalone="yes"?>
<ecoSpold xmlns="http://www.EcoInvent.org/EcoSpold01">
    <dataset number="100801" generator="openLCA" timestamp="2019-10-15T12:53:00.070-06:00">
        <metaInformation>
            <processInformation>
                <referenceFunction datasetRelatesToProduct="false" name="Roundwood, hardwood, green, at mill, NE-NC" localName="Roundwood, hardwood, green, at mill, NE-NC" infrastructureProcess="false" amount="1.0" unit="m3" category="11: Agriculture, Forestry, Fishing and Hunting" subCategory="1133: Logging" localCategory="11: Agriculture, Forestry, Fishing and Hunting" localSubCategory="1133: Logging" generalComment="1. All weights given on an ovendry basis.&#xA;2. Both logs and bark were transported jointly - however, these were seperated in themodel based on mass allocation.  This unit process only accounts for the transport of logs and excludes the transport of bark.&#xA;3. Important note: although most of the data in the US LCI database has &#xA;undergone some sort of review, the database as a whole has not yet &#xA;undergone a formal validation process.&#xA;Please email comments to lci@nrel.gov."/>
                <geography location="RNA" text="NE/NC = Northeast (NE) and Northcentral (NC) United States.  The 20 states are Connecticut, Delaware, Illinois, Indiana, Iowa, Maine, Maryland, Massachusetts, Michigan, Minnesota, Missouri, New Hampshire, New Jersey, New York, Ohio, Pennsylvania, Rhode Island, Vermont, West Virginia, Wisconsin."/>
                <technology text="Average transport distance."/>
                <timePeriod dataValidForEntirePeriod="true">
                    <startDate>2004-12-31-07:00</startDate>
                    <endDate>2005-12-31-07:00</endDate>
                </timePeriod>
                <dataSetInformation type="5" impactAssessmentResult="false" timestamp="2019-07-20T23:05:32.247-06:00" version="0.0" internalVersion="0.0" energyValues="0" languageCode="en" localLanguageCode="en"/>
            </processInformation>
            <modellingAndValidation>
                <representativeness samplingProcedure="Questionnaires from 20 mills (17 companies) from the 20 states of Forest Service (FS) Northeastern (NE) Region. Hardwood sawmills were members of the Hardwood Manufacturer Association (HMA)."/>
                <source number="1935" sourceType="0" firstAuthor="Richard D. Bergman " year="2008" title="Module C: Life-Cycle Inventory of Hardwood Lumber Manufacturing in the Northeast and Northcentral United States" placeOfPublications="unknown"/>
                <source number="2111" sourceType="0" firstAuthor="Maureen Puettmann " year="2008" title="SimaPro working files for NE-NC hardwood lumber" placeOfPublications="unknown"/>
            </modellingAndValidation>
            <administrativeInformation>
                <dataEntryBy person="1699"/>
                <dataGeneratorAndPublication person="1699" dataPublishedIn="0" referenceToPublishedSource="1935" copyright="false" accessRestrictedTo="0"/>
                <person number="1699" name="Maureen Puetmann" address="Corvallis, OR  " telephone="(541) 231-2627" email="maureen.puettmann@q.com" companyCode="unknown" countryCode="US"/>
            </administrativeInformation>
        </metaInformation>
        <flowData>
            <exchange number="44487" category="11: Agriculture, Forestry, Fishing and Hunting" subCategory="1133: Logging" localCategory="11: Agriculture, Forestry, Fishing and Hunting" localSubCategory="1133: Logging" name="Roundwood, hardwood, green, at mill, NE-NC" location="RNA" unit="m3" meanValue="1.0" generalComment="Based on a weighted average green density of 854 kg/m3; specific gravity of 0.511; 87%MC" infrastructureProcess="false">
                <outputGroup>0</outputGroup>
            </exchange>
            <exchange number="33576" category="48-49: Transportation and Warehousing" subCategory="4841: General Freight Trucking" localCategory="48-49: Transportation and Warehousing" localSubCategory="4841: General Freight Trucking" name="Transport, combination truck, diesel powered" location="RNA" unit="t*km" meanValue="119.0" generalComment="Transport of green logs over 125 km." infrastructureProcess="false">
                <inputGroup>5</inputGroup>
            </exchange>
            <exchange number="4754" category="11: Agriculture, Forestry, Fishing and Hunting" subCategory="1133: Logging" localCategory="11: Agriculture, Forestry, Fishing and Hunting" localSubCategory="1133: Logging" name="Roundwood, hardwood, average, at forest road" location="RNA" unit="m3" meanValue="1.0" generalComment="Weight reported on an ovendry basis.  Moisture content (ovendry basis) = 87%" infrastructureProcess="false">
                <inputGroup>5</inputGroup>
            </exchange>
            <exchange number="26530" category="11: Agriculture, Forestry, Fishing and Hunting" subCategory="1133: Logging" localCategory="11: Agriculture, Forestry, Fishing and Hunting" localSubCategory="1133: Logging" name="Bark, hardwood, average, at forest road, NE-NC" location="RNA" unit="kg" meanValue="58.7" generalComment="Weight reported on an ovendry basis.  Moisture content (ovendry basis) = 87%" infrastructureProcess="false">
                <inputGroup>5</inputGroup>
            </exchange>
            <exchange number="33576" category="48-49: Transportation and Warehousing" subCategory="4841: General Freight Trucking" localCategory="48-49: Transportation and Warehousing" localSubCategory="4841: General Freight Trucking" name="Transport, combination truck, diesel powered" location="RNA" unit="t*km" meanValue="13.7" generalComment="Transport of green bark over 125 km." infrastructureProcess="false">
                <inputGroup>5</inputGroup>
            </exchange>
            <exchange number="38670" category="11: Agriculture, Forestry, Fishing and Hunting" subCategory="1133: Logging" localCategory="11: Agriculture, Forestry, Fishing and Hunting" localSubCategory="1133: Logging" name="Bark, hardwood, green, at mill, NE-NC" location="RNA" unit="kg" meanValue="58.7" generalComment="Weight reported on an ovendry basis.  Moisture content (ovendry basis) = 87%" infrastructureProcess="false">
                <outputGroup>2</outputGroup>
            </exchange>
        </flowData>
    </dataset>
</ecoSpold>
