<?xml version="1.0" encoding="UTF-8" standalone="yes"?>
<ecoSpold xmlns="http://www.EcoInvent.org/EcoSpold01">
    <dataset number="98356" generator="openLCA" timestamp="2019-10-15T12:53:00.048-06:00">
        <metaInformation>
            <processInformation>
                <referenceFunction datasetRelatesToProduct="false" name="Roundwood, softwood, national forest, steep slope, at forest road, INW" localName="Roundwood, softwood, national forest, steep slope, at forest road, INW" infrastructureProcess="false" amount="34.0922800351258" unit="m3" category="11: Agriculture, Forestry, Fishing and Hunting" subCategory="1133: Logging" localCategory="11: Agriculture, Forestry, Fishing and Hunting" localSubCategory="1133: Logging" generalComment="Allocation on a mass basis.&#xA;Important note: although most of the data in the US LCI database has &#xA;undergone some sort of review, the database as a whole has not yet &#xA;undergone a formal validation process.&#xA;Please email comments to lci@nrel.gov."/>
                <geography location="RNA" text="US Inland West including Montana, Idaho, and eastern Washington"/>
                <technology text="Average technology. Some data extrapolated from similar processes."/>
                <timePeriod dataValidForEntirePeriod="true">
                    <startDate>1988-12-31-07:00</startDate>
                    <endDate>1995-12-31-07:00</endDate>
                </timePeriod>
                <dataSetInformation type="5" impactAssessmentResult="false" timestamp="2019-07-20T23:05:32.260-06:00" version="0.0" internalVersion="0.0" energyValues="0" languageCode="en" localLanguageCode="en"/>
            </processInformation>
            <modellingAndValidation>
                <representativeness samplingProcedure="Harvesting production, cost and fuel consumption rates were assimilated from existing studies of harvesting equipment typical of the systems used to harvest sites in the Inland West. These studies included both published information and personal interviews with timber harvesting contractors.&#xA;The costs, production and consumption rates were developed for equipment options within each component of the system.  Harvesting systems were developed as combinations of these harvesting components.  Although there are many combinations of harvesting equipment and systems that can be used for harvesting timber, this analysis assumes the use of the most common systems operating on the range of slope classifications identified for the harvested sites."/>
                <source number="1755" sourceType="0" firstAuthor="Maureen Puettmann " year="2008" title="SimaPro working files for Inland West Resources" placeOfPublications="unknown"/>
                <source number="2035" sourceType="0" firstAuthor="Leonard R. Johnson " year="2008" title="Module A - Forest Resources Inland West" placeOfPublications="unknown"/>
            </modellingAndValidation>
            <administrativeInformation>
                <dataEntryBy person="1699"/>
                <dataGeneratorAndPublication person="1699" dataPublishedIn="0" referenceToPublishedSource="2035" copyright="false" accessRestrictedTo="0"/>
                <person number="1699" name="Maureen Puetmann" address="Corvallis, OR  " telephone="(541) 231-2627" email="maureen.puettmann@q.com" companyCode="unknown" countryCode="US"/>
            </administrativeInformation>
        </metaInformation>
        <flowData>
            <exchange number="27538" category="11: Agriculture, Forestry, Fishing and Hunting" subCategory="1133: Logging" localCategory="11: Agriculture, Forestry, Fishing and Hunting" localSubCategory="1133: Logging" name="Roundwood, softwood, national forest, steep slope, at forest road, INW" location="RNA" unit="m3" meanValue="34.0922800351258" generalComment="Ovendry density = 450 kg/m3" infrastructureProcess="false">
                <outputGroup>0</outputGroup>
            </exchange>
            <exchange number="27558" category="resource" subCategory="in air" localCategory="resource" localSubCategory="in air" name="Carbon dioxide, in air" unit="kg" meanValue="4564.76238752881" generalComment="Based on carbon content of bark" infrastructureProcess="false">
                <inputGroup>4</inputGroup>
            </exchange>
            <exchange number="26328" category="11: Agriculture, Forestry, Fishing and Hunting" subCategory="1153: Support Activities for Forestry" localCategory="11: Agriculture, Forestry, Fishing and Hunting" localSubCategory="1153: Support Activities for Forestry" name="Reforesting, average national softwood forest, INW" location="RNA" unit="m2" meanValue="1.0" infrastructureProcess="false">
                <inputGroup>5</inputGroup>
            </exchange>
            <exchange number="19956" category="11: Agriculture, Forestry, Fishing and Hunting" subCategory="1133: Logging" localCategory="11: Agriculture, Forestry, Fishing and Hunting" localSubCategory="1133: Logging" name="Skidding, aerial cable yarder, medium, INW" location="RNA" unit="d" meanValue="6.24620379971084" generalComment="Based on a rate of 0.10 standard machine hours per m3" infrastructureProcess="false">
                <inputGroup>5</inputGroup>
            </exchange>
            <exchange number="27558" category="resource" subCategory="in air" localCategory="resource" localSubCategory="in air" name="Carbon dioxide, in air" unit="kg" meanValue="28106.6268355707" generalComment="Based on carbon content of roundwood" infrastructureProcess="false">
                <inputGroup>4</inputGroup>
            </exchange>
            <exchange number="42793" category="11: Agriculture, Forestry, Fishing and Hunting" subCategory="1133: Logging" localCategory="11: Agriculture, Forestry, Fishing and Hunting" localSubCategory="1133: Logging" name="Bark, softwood, national forest, steep slope, at forest road, INW" location="RNA" unit="kg" meanValue="2491.65" generalComment="Ovendry density = 450 kg/m3.  Bark volume evaluated at 5.54 m3/ha" infrastructureProcess="false">
                <outputGroup>2</outputGroup>
            </exchange>
            <exchange number="46045" category="11: Agriculture, Forestry, Fishing and Hunting" subCategory="1133: Logging" localCategory="11: Agriculture, Forestry, Fishing and Hunting" localSubCategory="1133: Logging" name="Chainsawing, hand felling and delimbing, INW" location="RNA" unit="d" meanValue="8.79946108134653" generalComment="Hand felling and bucking of thinning and final harvest. Based on a rate of 0.14 standard machine hours per m3" infrastructureProcess="false">
                <inputGroup>5</inputGroup>
            </exchange>
            <exchange number="39094" category="resource" subCategory="biotic" localCategory="resource" localSubCategory="biotic" name="Wood, soft, INW, standing" unit="m3" meanValue="67.74918984512" infrastructureProcess="false">
                <inputGroup>4</inputGroup>
            </exchange>
            <exchange number="8734" category="11: Agriculture, Forestry, Fishing and Hunting" subCategory="1133: Logging" localCategory="11: Agriculture, Forestry, Fishing and Hunting" localSubCategory="1133: Logging" name="Pulpwood, softwood, national forest, steep slope, at forest road, INW" location="RNA" unit="m3" meanValue="28.1199098099942" generalComment="Ovendry density = 450 kg/m3" infrastructureProcess="false">
                <outputGroup>2</outputGroup>
            </exchange>
            <exchange number="14848" category="11: Agriculture, Forestry, Fishing and Hunting" subCategory="1153: Support Activities for Forestry" localCategory="11: Agriculture, Forestry, Fishing and Hunting" localSubCategory="1153: Support Activities for Forestry" name="Site preparation, national softwood forest, steep slope, INW" location="RNA" unit="m2" meanValue="1.0" infrastructureProcess="false">
                <inputGroup>5</inputGroup>
            </exchange>
            <exchange number="43167" category="11: Agriculture, Forestry, Fishing and Hunting" subCategory="1133: Logging" localCategory="11: Agriculture, Forestry, Fishing and Hunting" localSubCategory="1133: Logging" name="Loader operation, large, INW" location="RNA" unit="d" meanValue="2.54238618083858" generalComment="Based on a rate of 0.04 standard machine hours per m3" infrastructureProcess="false">
                <inputGroup>5</inputGroup>
            </exchange>
            <exchange number="27558" category="resource" subCategory="in air" localCategory="resource" localSubCategory="in air" name="Carbon dioxide, in air" unit="kg" meanValue="23182.838192843" generalComment="Based on carbon content of pulpwood" infrastructureProcess="false">
                <inputGroup>4</inputGroup>
            </exchange>
        </flowData>
    </dataset>
</ecoSpold>
