<?xml version="1.0" encoding="UTF-8" standalone="yes"?>
<ecoSpold xmlns="http://www.EcoInvent.org/EcoSpold01">
    <dataset number="76227" generator="openLCA" timestamp="2019-10-15T12:53:04.564-06:00">
        <metaInformation>
            <processInformation>
                <referenceFunction datasetRelatesToProduct="false" name="Electricity, at grid" localName="Electricity, at grid" infrastructureProcess="false" amount="1.0" unit="MJ" category="22: Utilities" subCategory="2211: Electric Power Generation, Transmission and Distribution" localCategory="22: Utilities" localSubCategory="2211: Electric Power Generation, Transmission and Distribution" generalComment="The electricity mix for Eastern US was calculated by considering the quantity of power produced in the U.S. by type of fuel, the quantity of power exported, and the quantity imported from Canada and Mexico. The production mix for the United States was calculated using 2014 data from the U.S. Department of Energy, Energy Information Administration (EIA 2015, forms EIA-906. EIA-920 and EIA-923). Data for 2013 from the International Energy Agency (IEA 2016) were used for Mexico, as these were the most recently available. Since electricity imports from Mexico represent less than 1% of the total energy consumed in the U.S., these data are not expected to have a significant effect on the results. 2014 Canadian data were taken from Statistics Canada."/>
                <geography location="US" text=""/>
                <technology text="Typical"/>
                <timePeriod dataValidForEntirePeriod="true">
                    <startDate>2013-12-31-07:00</startDate>
                    <endDate>2014-12-30-07:00</endDate>
                </timePeriod>
                <dataSetInformation type="1" impactAssessmentResult="false" timestamp="2019-08-13T12:14:55.751-06:00" version="0.0" internalVersion="0.0" energyValues="0" languageCode="en" localLanguageCode="en"/>
            </processInformation>
            <modellingAndValidation>
                <representativeness samplingProcedure="This dataset have been produced by assembling data from different Canadian, US and Mexican governmental agencies."/>
                <source number="2288" sourceType="0" firstAuthor="NCASI (2017)" placeOfPublications="unknown" text="National Council for Air and Stream Improvement, Inc. (NCASI). 2017. 2014 Life Cycle Assessment of U.S. Average Corrugated Product – Final Report. Report prepared for the Corrugated Product Alliance (CPA). Cary, N.C.: National Council for Air and Stream Improvement., Inc."/>
                <validation proofReadingDetails="The LCA study that produced this unit process was critically reviewed per ISO 14040 and 14044 standards by Dr. Lindita Bushi, Senior Research Associate of Athena Sustainable Materials Institute." proofReadingValidator="1697"/>
            </modellingAndValidation>
            <administrativeInformation>
                <dataEntryBy person="1714"/>
                <dataGeneratorAndPublication person="1714" dataPublishedIn="0" referenceToPublishedSource="2288" copyright="true" accessRestrictedTo="0"/>
                <person number="1697" name="Dr. Lindita Bushi " address="119 Ross Avenue, Suite 100&#xA;Ottawa, Ontario, Canada, K1Y 0N6" telephone="Tel: 613.729.9996" email="lindita.bushi@athenasmi.org" companyCode="unknown" countryCode="US"/>
                <person number="1714" name="Caroline Gaudreault" address="National Council for Air and Stream Improvement, Inc., Montreal office" telephone="514-286-1182" email="cgaudreault@ncasi.org" companyCode="unknown" countryCode="CA"/>
            </administrativeInformation>
        </metaInformation>
        <flowData>
            <exchange number="35868" category="22: Utilities" subCategory="2211: Electric Power Generation, Transmission and Distribution" localCategory="22: Utilities" localSubCategory="2211: Electric Power Generation, Transmission and Distribution" name="Electricity, at grid" location="US" unit="MJ" meanValue="1.0" infrastructureProcess="false">
                <outputGroup>0</outputGroup>
            </exchange>
            <exchange number="14284" category="Technosphere Flows" subCategory="CUTOFF Flows" localCategory="Technosphere Flows" localSubCategory="CUTOFF Flows" name="CUTOFF Electricity, from renewable source, unspecified" location="US" unit="MJ" meanValue="0.032" generalComment="Proxy for wind power." infrastructureProcess="false">
                <inputGroup>5</inputGroup>
            </exchange>
            <exchange number="26036" category="Technosphere Flows" subCategory="CUTOFF Flows" localCategory="Technosphere Flows" localSubCategory="CUTOFF Flows" name="CUTOFF Electricity, hydropower, at power plant, unspecified" location="RNA" unit="MJ" meanValue="0.045" infrastructureProcess="false">
                <inputGroup>5</inputGroup>
            </exchange>
            <exchange number="4186" category="22: Utilities" subCategory="2211: Electric Power Generation, Transmission and Distribution" localCategory="22: Utilities" localSubCategory="2211: Electric Power Generation, Transmission and Distribution" name="Electricity, natural gas, at power plant" location="RNA" unit="MJ" meanValue="0.235" infrastructureProcess="false">
                <inputGroup>5</inputGroup>
            </exchange>
            <exchange number="25748" category="22: Utilities" subCategory="2211: Electric Power Generation, Transmission and Distribution" localCategory="22: Utilities" localSubCategory="2211: Electric Power Generation, Transmission and Distribution" name="Electricity, residual fuel oil, at power plant" location="RNA" unit="MJ" meanValue="0.008" generalComment="Petroleum " infrastructureProcess="false">
                <inputGroup>5</inputGroup>
            </exchange>
            <exchange number="4152" category="22: Utilities" subCategory="2211: Electric Power Generation, Transmission and Distribution" localCategory="22: Utilities" localSubCategory="2211: Electric Power Generation, Transmission and Distribution" name="Electricity, biomass, at power plant" location="RNA" unit="MJ" meanValue="0.017" generalComment="Proxy for wood and wood fuels." infrastructureProcess="false">
                <inputGroup>5</inputGroup>
            </exchange>
            <exchange number="52306" category="22: Utilities" subCategory="2211: Electric Power Generation, Transmission and Distribution" localCategory="22: Utilities" localSubCategory="2211: Electric Power Generation, Transmission and Distribution" name="Electricity, bituminous coal, at power plant" location="RNA" unit="MJ" meanValue="0.416" generalComment="" infrastructureProcess="false">
                <inputGroup>5</inputGroup>
            </exchange>
            <exchange number="15998" category="Technosphere Flows" subCategory="CUTOFF Flows" localCategory="Technosphere Flows" localSubCategory="CUTOFF Flows" name="CUTOFF Electricity, biomass,solid, unspecified, at power plant" location="RNA" unit="MJ" meanValue="0.007" generalComment="Proxy for all other fuels." infrastructureProcess="false">
                <inputGroup>5</inputGroup>
            </exchange>
            <exchange number="11194" category="22: Utilities" subCategory="2211: Electric Power Generation, Transmission and Distribution" localCategory="22: Utilities" localSubCategory="2211: Electric Power Generation, Transmission and Distribution" name="Electricity, nuclear, at power plant" location="RNA" unit="MJ" meanValue="0.239" infrastructureProcess="false">
                <inputGroup>5</inputGroup>
            </exchange>
        </flowData>
    </dataset>
</ecoSpold>
