<?xml version="1.0" encoding="UTF-8" standalone="yes"?>
<ecoSpold xmlns="http://www.EcoInvent.org/EcoSpold01">
    <dataset number="99888" generator="openLCA" timestamp="2019-10-15T12:53:00.059-06:00">
        <metaInformation>
            <processInformation>
                <referenceFunction datasetRelatesToProduct="false" name="Roundwood, softwood, national forest, gentle slope, at forest road, INW" localName="Roundwood, softwood, national forest, gentle slope, at forest road, INW" infrastructureProcess="false" amount="34.092" unit="m3" category="11: Agriculture, Forestry, Fishing and Hunting" subCategory="1133: Logging" localCategory="11: Agriculture, Forestry, Fishing and Hunting" localSubCategory="1133: Logging" generalComment="FIA inventory were from 1989 to 1996 depending on jurisdiction                          Allocation on a mass basis.&#xA;Important note: although most of the data in the US LCI database has &#xA;undergone some sort of review, the database as a whole has not yet &#xA;undergone a formal validation process.&#xA;Please email comments to lci@nrel.gov."/>
                <geography location="RNA" text="US Inland West including Montana, Idaho, and eastern Washington"/>
                <technology text="Average technology. Some data extrapolated from similar processes."/>
                <timePeriod dataValidForEntirePeriod="true">
                    <startDate>1988-12-31-07:00</startDate>
                    <endDate>1995-12-31-07:00</endDate>
                </timePeriod>
                <dataSetInformation type="5" impactAssessmentResult="false" timestamp="2019-07-20T23:05:32.259-06:00" version="0.0" internalVersion="0.0" energyValues="0" languageCode="en" localLanguageCode="en"/>
            </processInformation>
            <modellingAndValidation>
                <representativeness samplingProcedure="Harvesting production, cost and fuel consumption rates were assimilated from existing studies of harvesting equipment typical of the systems used to harvest sites in the Inland West. These studies included both published information and personal interviews with timber harvesting contractors.&#xA;The costs, production and consumption rates were developed for equipment options within each component of the system.  Harvesting systems were developed as combinations of these harvesting components.  Although there are many combinations of harvesting equipment and systems that can be used for harvesting timber, this analysis assumes the use of the most common systems operating on the range of slope classifications identified for the harvested sites."/>
                <source number="1755" sourceType="0" firstAuthor="Maureen Puettmann " year="2008" title="SimaPro working files for Inland West Resources" placeOfPublications="unknown"/>
                <source number="2035" sourceType="0" firstAuthor="Leonard R. Johnson " year="2008" title="Module A - Forest Resources Inland West" placeOfPublications="unknown"/>
            </modellingAndValidation>
            <administrativeInformation>
                <dataEntryBy person="1699"/>
                <dataGeneratorAndPublication person="1699" dataPublishedIn="0" referenceToPublishedSource="2035" copyright="false" accessRestrictedTo="0"/>
                <person number="1699" name="Maureen Puetmann" address="Corvallis, OR  " telephone="(541) 231-2627" email="maureen.puettmann@q.com" companyCode="unknown" countryCode="US"/>
            </administrativeInformation>
        </metaInformation>
        <flowData>
            <exchange number="38910" category="11: Agriculture, Forestry, Fishing and Hunting" subCategory="1133: Logging" localCategory="11: Agriculture, Forestry, Fishing and Hunting" localSubCategory="1133: Logging" name="Roundwood, softwood, national forest, gentle slope, at forest road, INW" location="RNA" unit="m3" meanValue="34.092" generalComment="Ovendry density = 450 kg/m3" infrastructureProcess="false">
                <outputGroup>0</outputGroup>
            </exchange>
            <exchange number="20980" category="11: Agriculture, Forestry, Fishing and Hunting" subCategory="1133: Logging" localCategory="11: Agriculture, Forestry, Fishing and Hunting" localSubCategory="1133: Logging" name="Felling, feller buncher, &gt; 200 HP, INW" location="RNA" unit="d" meanValue="0.99715" generalComment="Based on a rate of 0.016 standard machine hours per m3" infrastructureProcess="false">
                <inputGroup>5</inputGroup>
            </exchange>
            <exchange number="46077" category="11: Agriculture, Forestry, Fishing and Hunting" subCategory="1133: Logging" localCategory="11: Agriculture, Forestry, Fishing and Hunting" localSubCategory="1133: Logging" name="Skidding, wheeled skidder, 120-140 HP, INW" location="RNA" unit="d" meanValue="5.0869" generalComment="Based on a rate of 0.082 standard machine hours per m3" infrastructureProcess="false">
                <inputGroup>5</inputGroup>
            </exchange>
            <exchange number="43167" category="11: Agriculture, Forestry, Fishing and Hunting" subCategory="1133: Logging" localCategory="11: Agriculture, Forestry, Fishing and Hunting" localSubCategory="1133: Logging" name="Loader operation, large, INW" location="RNA" unit="d" meanValue="2.5424" generalComment="Based on a rate of 0.041 standard machine hours per m3" infrastructureProcess="false">
                <inputGroup>5</inputGroup>
            </exchange>
            <exchange number="26328" category="11: Agriculture, Forestry, Fishing and Hunting" subCategory="1153: Support Activities for Forestry" localCategory="11: Agriculture, Forestry, Fishing and Hunting" localSubCategory="1153: Support Activities for Forestry" name="Reforesting, average national softwood forest, INW" location="RNA" unit="m2" meanValue="1.0" infrastructureProcess="false">
                <inputGroup>5</inputGroup>
            </exchange>
            <exchange number="36612" category="11: Agriculture, Forestry, Fishing and Hunting" subCategory="1153: Support Activities for Forestry" localCategory="11: Agriculture, Forestry, Fishing and Hunting" localSubCategory="1153: Support Activities for Forestry" name="Site preparation, national softwood forest, gentle slope, INW" location="RNA" unit="m2" meanValue="1.0" infrastructureProcess="false">
                <inputGroup>5</inputGroup>
            </exchange>
            <exchange number="39094" category="resource" subCategory="biotic" localCategory="resource" localSubCategory="biotic" name="Wood, soft, INW, standing" unit="m3" meanValue="67.749" infrastructureProcess="false">
                <inputGroup>4</inputGroup>
            </exchange>
            <exchange number="27558" category="resource" subCategory="in air" localCategory="resource" localSubCategory="in air" name="Carbon dioxide, in air" unit="kg" meanValue="4564.8" generalComment="Based on carbon content of bark" infrastructureProcess="false">
                <inputGroup>4</inputGroup>
            </exchange>
            <exchange number="27558" category="resource" subCategory="in air" localCategory="resource" localSubCategory="in air" name="Carbon dioxide, in air" unit="kg" meanValue="23183.0" generalComment="Based on carbon content of pulpwood" infrastructureProcess="false">
                <inputGroup>4</inputGroup>
            </exchange>
            <exchange number="41062" category="11: Agriculture, Forestry, Fishing and Hunting" subCategory="1133: Logging" localCategory="11: Agriculture, Forestry, Fishing and Hunting" localSubCategory="1133: Logging" name="Pulpwood, softwood, national forest, gentle slope, at forest road, INW" location="RNA" unit="m3" meanValue="28.12" generalComment="Ovendry density = 450 kg/m3" infrastructureProcess="false">
                <outputGroup>2</outputGroup>
            </exchange>
            <exchange number="50755" category="11: Agriculture, Forestry, Fishing and Hunting" subCategory="1133: Logging" localCategory="11: Agriculture, Forestry, Fishing and Hunting" localSubCategory="1133: Logging" name="Bark, softwood, national forest, gentle slope, at forest road, INW" location="RNA" unit="kg" meanValue="2491.6" generalComment="Ovendry density = 450 kg/m3.  Bark volume evaluated at 5.54 m3/ha" infrastructureProcess="false">
                <outputGroup>2</outputGroup>
            </exchange>
            <exchange number="27558" category="resource" subCategory="in air" localCategory="resource" localSubCategory="in air" name="Carbon dioxide, in air" unit="kg" meanValue="28107.0" generalComment="Based on carbon content of roundwood" infrastructureProcess="false">
                <inputGroup>4</inputGroup>
            </exchange>
            <exchange number="20086" category="11: Agriculture, Forestry, Fishing and Hunting" subCategory="1133: Logging" localCategory="11: Agriculture, Forestry, Fishing and Hunting" localSubCategory="1133: Logging" name="Delimbing, slide boom delimber" location="RNA" unit="d" meanValue="0.84746" generalComment="Based on a rate of 0.014 standard machine hours per m3" infrastructureProcess="false">
                <inputGroup>5</inputGroup>
            </exchange>
        </flowData>
    </dataset>
</ecoSpold>
