<?xml version="1.0" encoding="UTF-8" standalone="yes"?>
<ecoSpold xmlns="http://www.EcoInvent.org/EcoSpold01">
    <dataset number="56456" generator="openLCA" timestamp="2019-10-15T12:53:03.164-06:00">
        <metaInformation>
            <processInformation>
                <referenceFunction datasetRelatesToProduct="false" name="Electricity, at grid" localName="Electricity, at grid" infrastructureProcess="false" amount="1.0" unit="MJ" category="22: Utilities" subCategory="2211: Electric Power Generation, Transmission and Distribution" localCategory="22: Utilities" localSubCategory="2211: Electric Power Generation, Transmission and Distribution" generalComment="The methodology used to put together the grid information is outlined in reference 1.  "/>
                <geography location="RNA" text="Texas except for small portions in the panhandle (SPSO), western Texas (AZNM) and eastern Texas (SRMV). "/>
                <technology text="Typical"/>
                <timePeriod dataValidForEntirePeriod="true">
                    <startDate>2009-12-31-07:00</startDate>
                    <endDate>2009-12-31-07:00</endDate>
                </timePeriod>
                <dataSetInformation type="1" impactAssessmentResult="false" timestamp="2019-08-13T12:56:26.133-06:00" version="0.0" internalVersion="0.0" energyValues="0" languageCode="en" localLanguageCode="en"/>
            </processInformation>
            <modellingAndValidation>
                <representativeness samplingProcedure="based on EIA electricity reports for all power plants in the US."/>
                <source number="1785" sourceType="0" firstAuthor="EIA " year="2012" title="EIA – State Electricity Profiles " placeOfPublications="unknown"/>
                <source number="1787" sourceType="0" firstAuthor="EIA " year="2011" title="EIA - Electric Power Annual summary " placeOfPublications="unknown"/>
                <source number="1800" sourceType="0" firstAuthor="Statistics Canada " year="2011" title="CANSIM tables used for Stats Can Report on Energy Supply and Demand in Canada " placeOfPublications="unknown"/>
                <source number="1805" sourceType="0" firstAuthor="Statistics Canada " year="2012" title="Energy Statistics Handbook " placeOfPublications="unknown"/>
                <source number="1823" sourceType="0" firstAuthor="Chris Goemans, Athena Institute " year="2010" title="NREL US LCI Database – N.A. Electricity Generation by Fuel Type Update &amp; Template Methodology" placeOfPublications="unknown"/>
                <source number="1856" sourceType="0" firstAuthor="EIA " year="2011" title="EIA - Supply and Disposition of Electricity" placeOfPublications="unknown"/>
                <source number="1933" sourceType="0" firstAuthor="USEPA " year="2012" title="Power Profiler" placeOfPublications="unknown"/>
                <source number="1988" sourceType="0" firstAuthor="EIA " year="2012" title="EIA – Electricity  Data home page " placeOfPublications="unknown"/>
                <source number="2147" sourceType="0" firstAuthor="Statistics Canada " year="2012" title="Electric Power Generation, Transmission and Distribution #57-202-XWE" placeOfPublications="unknown"/>
                <source number="2150" sourceType="0" firstAuthor="EIA " year="2012" title="EIA –Electricity Data Tables " placeOfPublications="unknown"/>
                <source number="2248" sourceType="0" firstAuthor="Statistics Canada " year="2010" title="Statistics Canada :: Report on Energy Supply and Demand in Canada " placeOfPublications="unknown"/>
                <source number="2264" sourceType="0" firstAuthor="EIA " year="2012" title="EIA – State Electricity Profile PDF Report (2010) " placeOfPublications="unknown"/>
                <source number="2280" sourceType="0" firstAuthor="unspecified " year="2012" title="North American Electric Reliability Corporation (NERC) " placeOfPublications="unknown"/>
                <source number="2300" sourceType="0" firstAuthor="EIA " year="2012" title="EIA –State Data Tables " placeOfPublications="unknown"/>
                <source number="2342" sourceType="0" firstAuthor="USEPA " year="2012" title="EPA - eGRID" placeOfPublications="unknown"/>
                <source number="2387" sourceType="0" firstAuthor="EIA " year="2012" title="EIA – State Energy Profiles " placeOfPublications="unknown"/>
                <source number="2391" sourceType="0" firstAuthor="EIA " year="2011" title="EIA - Annual Energy Review " placeOfPublications="unknown"/>
                <source number="2397" sourceType="0" firstAuthor="Statistics Canada " year="2012" title="Statistics Canada :: Electric Power Generation, Transmission and " placeOfPublications="unknown"/>
                <source number="2442" sourceType="0" firstAuthor="US DOE " year="2011" title="U.S. Electricity Imports from and Electricity Exports to Canada and Mexico" placeOfPublications="unknown"/>
                <source number="2444" sourceType="0" firstAuthor="International Energy Agency " year="2011" title="IEA Statistics for Electricity/Heat in Mexico in 2009 " placeOfPublications="unknown"/>
                <source number="2447" sourceType="0" firstAuthor="EIA " year="2011" title="EIA - Electrical Power Summary" placeOfPublications="unknown"/>
            </modellingAndValidation>
            <administrativeInformation>
                <dataEntryBy person="1738"/>
                <dataGeneratorAndPublication person="1738" dataPublishedIn="0" referenceToPublishedSource="1823" copyright="false" accessRestrictedTo="0"/>
                <person number="1738" name="Samantha Wascavage" address="1617 Denver West Blvd, MS RSF 206, Golden, CO 80401" telephone="303.275.3789" email="samantha.wascavage@nrel.gov" companyCode="unknown" countryCode="US"/>
            </administrativeInformation>
        </metaInformation>
        <flowData>
            <exchange number="35868" category="22: Utilities" subCategory="2211: Electric Power Generation, Transmission and Distribution" localCategory="22: Utilities" localSubCategory="2211: Electric Power Generation, Transmission and Distribution" name="Electricity, at grid" location="RNA" unit="MJ" meanValue="1.0" infrastructureProcess="false">
                <outputGroup>0</outputGroup>
            </exchange>
            <exchange number="26036" category="Technosphere Flows" subCategory="CUTOFF Flows" localCategory="Technosphere Flows" localSubCategory="CUTOFF Flows" name="CUTOFF Electricity, hydropower, at power plant, unspecified" location="RNA" unit="MJ" meanValue="0.004599" infrastructureProcess="false">
                <inputGroup>5</inputGroup>
            </exchange>
            <exchange number="17510" category="Technosphere Flows" subCategory="CUTOFF Flows" localCategory="Technosphere Flows" localSubCategory="CUTOFF Flows" name="CUTOFF Electricity, other fuels, unspecified, at power plant" location="RNA" unit="MJ" meanValue="0.001219" generalComment="Other Fuels OTH - Other (Batteries, Chemicals, Coke Breeze, Hydrogen, Pitch, Sulfur, Tar Coal, and miscellaneous technologies also includes MSN, PUR, WH)" infrastructureProcess="false">
                <inputGroup>5</inputGroup>
            </exchange>
            <exchange number="39744" category="Technosphere Flows" subCategory="CUTOFF Flows" localCategory="Technosphere Flows" localSubCategory="CUTOFF Flows" name="CUTOFF Electricity, other gases, unspecified,  at power plant" location="RNA" unit="MJ" meanValue="0.009003" generalComment="Other Gases OG - Other Gas (Butane, Coal Processes, Coke-Oven, Refinery, and other processes also includes BFG, PG)" infrastructureProcess="false">
                <inputGroup>5</inputGroup>
            </exchange>
            <exchange number="4186" category="22: Utilities" subCategory="2211: Electric Power Generation, Transmission and Distribution" localCategory="22: Utilities" localSubCategory="2211: Electric Power Generation, Transmission and Distribution" name="Electricity, natural gas, at power plant" location="RNA" unit="MJ" meanValue="0.481102" infrastructureProcess="false">
                <inputGroup>5</inputGroup>
            </exchange>
            <exchange number="52306" category="22: Utilities" subCategory="2211: Electric Power Generation, Transmission and Distribution" localCategory="22: Utilities" localSubCategory="2211: Electric Power Generation, Transmission and Distribution" name="Electricity, bituminous coal, at power plant" location="RNA" unit="MJ" meanValue="0.218664" generalComment="subbituminous coal" infrastructureProcess="false">
                <inputGroup>5</inputGroup>
            </exchange>
            <exchange number="52112" category="Technosphere Flows" subCategory="CUTOFF Flows" localCategory="Technosphere Flows" localSubCategory="CUTOFF Flows" name="CUTOFF Electricity, petroleum coke, at power plant" location="RNA" unit="MJ" meanValue="4.83E-4" generalComment="Petroleum (Other Fossil) PC - petroleum coke also includes SG, WO" infrastructureProcess="false">
                <inputGroup>5</inputGroup>
            </exchange>
            <exchange number="24036" category="Technosphere Flows" subCategory="CUTOFF Flows" localCategory="Technosphere Flows" localSubCategory="CUTOFF Flows" name="CUTOFF Electricity, biomass,liquid, unspecified, at power plant" location="RNA" unit="MJ" meanValue="2.05E-4" generalComment="BLQ  – Black Liquor also includes, OBL, SLW, WDL &#xA;" infrastructureProcess="false">
                <inputGroup>5</inputGroup>
            </exchange>
            <exchange number="11194" category="22: Utilities" subCategory="2211: Electric Power Generation, Transmission and Distribution" localCategory="22: Utilities" localSubCategory="2211: Electric Power Generation, Transmission and Distribution" name="Electricity, nuclear, at power plant" location="RNA" unit="MJ" meanValue="0.15065" infrastructureProcess="false">
                <inputGroup>5</inputGroup>
            </exchange>
            <exchange number="51514" category="Technosphere Flows" subCategory="CUTOFF Flows" localCategory="Technosphere Flows" localSubCategory="CUTOFF Flows" name="CUTOFF Electricity, at wind power plant, unspecified" location="RNA" unit="MJ" meanValue="0.065732" infrastructureProcess="false">
                <inputGroup>5</inputGroup>
            </exchange>
            <exchange number="28592" category="Technosphere Flows" subCategory="CUTOFF Flows" localCategory="Technosphere Flows" localSubCategory="CUTOFF Flows" name="CUTOFF Electricity, biomass, gas, landfill, at power plant" location="RNA" unit="MJ" meanValue="7.47E-4" generalComment="Gaseous Renewable Fuels (Biomass) LFG - landfill gas and OBG" infrastructureProcess="false">
                <inputGroup>5</inputGroup>
            </exchange>
            <exchange number="47863" category="22: Utilities" subCategory="2211: Electric Power Generation, Transmission and Distribution" localCategory="22: Utilities" localSubCategory="2211: Electric Power Generation, Transmission and Distribution" name="Electricity, diesel, at power plant" location="RNA" unit="MJ" meanValue="3.05E-4" generalComment="Petroleum (DFO) - Distillate Fuel Oil (includes all Diesel and No. 1, No. 2, and No. 4 Fuel Oils also includes JF, KER) " infrastructureProcess="false">
                <inputGroup>5</inputGroup>
            </exchange>
            <exchange number="31634" category="22: Utilities" subCategory="2211: Electric Power Generation, Transmission and Distribution" localCategory="22: Utilities" localSubCategory="2211: Electric Power Generation, Transmission and Distribution" name="Electricity, lignite coal, at power plant" location="RNA" unit="MJ" meanValue="0.067324" infrastructureProcess="false">
                <inputGroup>5</inputGroup>
            </exchange>
        </flowData>
    </dataset>
</ecoSpold>
