<?xml version="1.0" encoding="UTF-8" standalone="yes"?>
<ecoSpold xmlns="http://www.EcoInvent.org/EcoSpold01">
    <dataset number="60809" generator="openLCA" timestamp="2019-10-15T12:52:57.286-06:00">
        <metaInformation>
            <processInformation>
                <referenceFunction datasetRelatesToProduct="false" name="NMVOC, non-methane volatile organic compounds, unspecified origin" localName="NMVOC, non-methane volatile organic compounds, unspecified origin" infrastructureProcess="false" amount="1.0E-6" unit="kg" category="Emission to air" subCategory="unspecified" localCategory="Emission to air" localSubCategory="unspecified" generalComment="Assumes amount harvested is directly input to palm kernel production with no losses due to land-applied or animal feed wastes. Complete inventory data and metadata are available in full in the final report and appendices, Cradle-to-Gate Life Cycle Inventory of Nine Plastic Resins and Four Polyurethane Precursors. This report has been extensively reviewed within Franklin Associates and has undergone partial critical review by ACC Plastics Division members and is available at: www.americanchemistry.com. Quantities may vary slightly between the reference to main source and and this module due to rounding. Important note: although most of the data in the US LCI database has  undergone some sort of review, the database as a whole has not yet  undergone a formal validation process. Please email comments to lci@nrel.gov."/>
                <geography location="RNA" text="North America (US and Canada)"/>
                <technology text="Harvesting of palm trees in Malaysia; Harvested by manually cutting from palm trees"/>
                <timePeriod dataValidForEntirePeriod="true">
                    <startDate>2002-12-31-07:00</startDate>
                    <endDate>2002-12-31-07:00</endDate>
                </timePeriod>
                <dataSetInformation type="1" impactAssessmentResult="false" timestamp="2019-10-02T16:35:52.606-06:00" version="0.0" internalVersion="0.0" energyValues="0" languageCode="en" localLanguageCode="en"/>
            </processInformation>
            <modellingAndValidation>
                <representativeness samplingProcedure="Data are from secondary sources."/>
                <source number="2105" sourceType="0" firstAuthor="THE PLASTICS DIVISION OF THE AMERICAN CH " year="2007" title="CRADLE-TO-GATE LCI OF NINE PLASTIC RESINS AND TWO POLYURETHANE PRECURSORS" placeOfPublications="unknown"/>
            </modellingAndValidation>
            <administrativeInformation>
                <dataEntryBy person="1672"/>
                <dataGeneratorAndPublication person="1672" dataPublishedIn="0" referenceToPublishedSource="2105" copyright="false" accessRestrictedTo="0"/>
                <person number="1672" name="Franklin Associates" address="Prairie Village, Kansas" telephone="913-649-2225 x241" email="jlittlefield@fal.com" companyCode="unknown" countryCode="US"/>
            </administrativeInformation>
        </metaInformation>
        <flowData>
            <exchange number="12726" category="11: Agriculture, Forestry, Fishing and Hunting" subCategory="1113: Fruit and Tree Nut Farming" localCategory="11: Agriculture, Forestry, Fishing and Hunting" localSubCategory="1113: Fruit and Tree Nut Farming" name="Fresh fruit bunches" location="MY" unit="kg" meanValue="1.0" infrastructureProcess="false">
                <inputGroup>5</inputGroup>
            </exchange>
            <exchange number="49579" category="22: Utilities" subCategory="2213: Water, Sewage and Other Systems" localCategory="22: Utilities" localSubCategory="2213: Water, Sewage and Other Systems" name="Diesel, combusted in industrial equipment" location="RNA" unit="m3" meanValue="0.016357" infrastructureProcess="false">
                <inputGroup>5</inputGroup>
            </exchange>
            <exchange number="6418" category="Emission to air" subCategory="unspecified" localCategory="Emission to air" localSubCategory="unspecified" name="NMVOC, non-methane volatile organic compounds, unspecified origin" location="RNA" unit="kg" meanValue="1.0E-6" infrastructureProcess="false">
                <outputGroup>0</outputGroup>
            </exchange>
            <exchange number="7374" category="Emission to air" subCategory="unspecified" localCategory="Emission to air" localSubCategory="unspecified" CASNumber="000124-38-9" name="Carbon dioxide" unit="kg" meanValue="0.00856" formula="CO2" infrastructureProcess="false">
                <outputGroup>4</outputGroup>
            </exchange>
            <exchange number="47227" category="Emission to air" subCategory="unspecified" localCategory="Emission to air" localSubCategory="unspecified" CASNumber="011104-93-1" name="Nitrogen oxides" unit="kg" meanValue="5.5E-6" formula="NOx as NO2" infrastructureProcess="false">
                <outputGroup>4</outputGroup>
            </exchange>
            <exchange number="43651" category="Technosphere Flows" subCategory="CUTOFF Flows" localCategory="Technosphere Flows" localSubCategory="CUTOFF Flows" name="CUTOFF Disposal, solid waste, unspecified, to unspecified landfill" location="RNA" unit="kg" meanValue="1.2E-5" infrastructureProcess="false">
                <inputGroup>5</inputGroup>
            </exchange>
            <exchange number="25564" category="Emission to air" subCategory="unspecified" localCategory="Emission to air" localSubCategory="unspecified" name="Sulfur oxides" unit="kg" meanValue="2.3E-6" infrastructureProcess="false">
                <outputGroup>4</outputGroup>
            </exchange>
            <exchange number="34544" category="Emission to air" subCategory="unspecified" localCategory="Emission to air" localSubCategory="unspecified" name="Particulates, unspecified" unit="kg" meanValue="6.6E-5" formula="PM" infrastructureProcess="false">
                <outputGroup>4</outputGroup>
            </exchange>
            <exchange number="5052" category="Emission to air" subCategory="unspecified" localCategory="Emission to air" localSubCategory="unspecified" CASNumber="000630-08-0" name="Carbon monoxide" unit="kg" meanValue="2.3E-6" formula="CO" infrastructureProcess="false">
                <outputGroup>4</outputGroup>
            </exchange>
        </flowData>
    </dataset>
</ecoSpold>
