<?xml version="1.0" encoding="UTF-8" standalone="yes"?>
<ecoSpold xmlns="http://www.EcoInvent.org/EcoSpold01">
    <dataset number="101590" generator="openLCA" timestamp="2019-10-15T12:53:00.075-06:00">
        <metaInformation>
            <processInformation>
                <referenceFunction datasetRelatesToProduct="false" name="Softwood logs with bark, harvested at average intensity site, at mill, PNW" localName="Softwood logs with bark, harvested at average intensity site, at mill, PNW" infrastructureProcess="false" amount="1.0" unit="m3" category="11: Agriculture, Forestry, Fishing and Hunting" subCategory="1133: Logging" localCategory="11: Agriculture, Forestry, Fishing and Hunting" localSubCategory="1133: Logging" generalComment="Base process data presented with allocations to within process co-products noted.  Refer to allocation worksheet for specifics.  All allocations performed using mass or volume., use these factors to determine flows from harvesting and reforestation from the three site classes&#xA;Important note: although most of the data in the US LCI database has &#xA;undergone some sort of review, the database as a whole has not yet &#xA;undergone a formal validation process.&#xA;Please email comments to lci@nrel.gov."/>
                <geography location="RNA" text="US Pacific North West"/>
                <technology text="Typical"/>
                <timePeriod dataValidForEntirePeriod="true">
                    <startDate>2002-12-31-07:00</startDate>
                    <endDate>2003-12-31-07:00</endDate>
                </timePeriod>
                <dataSetInformation type="1" impactAssessmentResult="false" timestamp="2019-07-20T23:05:32.267-06:00" version="0.0" internalVersion="0.0" energyValues="0" languageCode="en" localLanguageCode="en"/>
            </processInformation>
            <modellingAndValidation>
                <source number="1929" sourceType="0" firstAuthor="Maureen Puetmann " year="2003" title="SimaPro Working files for south eastern forest resource and lumber&#xA;" placeOfPublications="unknown"/>
                <source number="2066" sourceType="0" firstAuthor="Leonard R. Johnson " year="2004" title="Module A-FOREST RESOURCES PACIFIC NORTHWEST AND SOUTHEAST&#xA;" placeOfPublications="unknown"/>
                <source number="2153" sourceType="0" firstAuthor="Michael Milota " year="2004" title="Module B-SOFTWOOD LUMBER - PACIFIC NORTH WEST REGION&#xA;" placeOfPublications="unknown"/>
            </modellingAndValidation>
            <administrativeInformation>
                <dataEntryBy person="1667"/>
                <dataGeneratorAndPublication person="1667" dataPublishedIn="0" referenceToPublishedSource="2066" copyright="true" accessRestrictedTo="0"/>
                <person number="1667" name="Jamie Meil" address="ATHENA Institute, 8 Granville Ave. Ottawa, On K1Y 0M4" telephone="613 523-1020" email="jkmeil@sympatico.ca" companyCode="unknown" countryCode="CA"/>
            </administrativeInformation>
        </metaInformation>
        <flowData>
            <exchange number="20452" category="11: Agriculture, Forestry, Fishing and Hunting" subCategory="1133: Logging" localCategory="11: Agriculture, Forestry, Fishing and Hunting" localSubCategory="1133: Logging" name="Softwood logs with bark, harvested at average intensity site, at mill, PNW" location="RNA" unit="m3" meanValue="1.0" infrastructureProcess="false">
                <outputGroup>0</outputGroup>
            </exchange>
            <exchange number="33054" category="11: Agriculture, Forestry, Fishing and Hunting" subCategory="1133: Logging" localCategory="11: Agriculture, Forestry, Fishing and Hunting" localSubCategory="1133: Logging" name="Softwood logs with bark, harvested at low intensity site, at mill, PNW" location="RNA" unit="m3" meanValue="0.42" infrastructureProcess="false">
                <inputGroup>5</inputGroup>
            </exchange>
            <exchange number="6580" category="11: Agriculture, Forestry, Fishing and Hunting" subCategory="1133: Logging" localCategory="11: Agriculture, Forestry, Fishing and Hunting" localSubCategory="1133: Logging" name="Softwood logs with bark, harvested at medium intensity site, at mill, PNW" location="RNA" unit="m3" meanValue="0.46" infrastructureProcess="false">
                <inputGroup>5</inputGroup>
            </exchange>
            <exchange number="48769" category="11: Agriculture, Forestry, Fishing and Hunting" subCategory="1133: Logging" localCategory="11: Agriculture, Forestry, Fishing and Hunting" localSubCategory="1133: Logging" name="Softwood logs with bark, harvested at high intensity site, at mill, PNW" location="RNA" unit="m3" meanValue="0.12" infrastructureProcess="false">
                <inputGroup>5</inputGroup>
            </exchange>
        </flowData>
    </dataset>
</ecoSpold>
