<?xml version="1.0" encoding="UTF-8" standalone="yes"?>
<ecoSpold xmlns="http://www.EcoInvent.org/EcoSpold01">
    <dataset number="54948" generator="openLCA" timestamp="2019-10-15T12:52:58.367-06:00">
        <metaInformation>
            <processInformation>
                <referenceFunction datasetRelatesToProduct="false" name="Switchgrass, production" localName="Switchgrass, production" infrastructureProcess="false" amount="14800.0" unit="kg" category="11: Agriculture, Forestry, Fishing and Hunting" subCategory="1119: Other Crop Farming" localCategory="11: Agriculture, Forestry, Fishing and Hunting" localSubCategory="1119: Other Crop Farming" generalComment="US switchgrass production (1 hectare) for 2022. Based on projections from Sokhansanj et al. 2009 and MacLaughlin and Kszos 2005. The mean swithgrass yield in the US in 2008 was estimated to be 11.3 Mg per ha, this includes both upland and lowland varieties. The projected 2022 yield was determined by the following (2022 yield = (2008 yield)*(1+.02)^14, where the 2008 yield = 11.2 Mg per hectare, 0.02 is the 2% annual yield improvement, and 14 is the number of years. The annual rate of yield increase is estimated to be 2%. This process Includes all crop productin processes from field preperation to harvest and baling. Assuming a 10-year stand.  Transport and storage of bales is not included."/>
                <geography location="RNA" text="North America"/>
                <technology text="Future technology"/>
                <timePeriod dataValidForEntirePeriod="true" text="2010 and after">
                    <startDate>2009-12-31-07:00</startDate>
                    <endDate>2100-12-30-07:00</endDate>
                </timePeriod>
                <dataSetInformation type="1" impactAssessmentResult="false" timestamp="2019-07-20T21:39:16.911-06:00" version="0.0" internalVersion="0.0" energyValues="0" languageCode="en" localLanguageCode="en"/>
            </processInformation>
            <modellingAndValidation>
                <source number="1970" sourceType="0" firstAuthor="SimaPro " year="2011" title="Dummy" placeOfPublications="unknown"/>
                <source number="2436" sourceType="0" firstAuthor="Hsu, D. " year="2010" title="Life Cycle Environmental Impacts of Selected U.S. Ethanol Production and Use Pathways in 2022" placeOfPublications="unknown"/>
            </modellingAndValidation>
            <administrativeInformation>
                <dataEntryBy person="1710"/>
                <dataGeneratorAndPublication person="1710" dataPublishedIn="0" referenceToPublishedSource="2436" copyright="false" accessRestrictedTo="0"/>
                <person number="1710" name="Daniel Inman" address="NREL, 1617 Cole Blvd, RSF 200, Golden, CO 80401" telephone="303-384-6845" companyCode="unknown" countryCode="US"/>
            </administrativeInformation>
        </metaInformation>
        <flowData>
            <exchange number="42143" category="11: Agriculture, Forestry, Fishing and Hunting" subCategory="1119: Other Crop Farming" localCategory="11: Agriculture, Forestry, Fishing and Hunting" localSubCategory="1119: Other Crop Farming" name="Switchgrass, production" location="RNA" unit="kg" meanValue="14800.0" infrastructureProcess="false">
                <outputGroup>0</outputGroup>
            </exchange>
            <exchange number="30544" category="11: Agriculture, Forestry, Fishing and Hunting" subCategory="1151: Support Activities for Crop Production" localCategory="11: Agriculture, Forestry, Fishing and Hunting" localSubCategory="1151: Support Activities for Crop Production" name="Planting, switchgrass" location="RNA" unit="m2" meanValue="1.0" infrastructureProcess="false">
                <inputGroup>5</inputGroup>
            </exchange>
            <exchange number="49167" category="resource" subCategory="land" localCategory="resource" localSubCategory="land" name="Occupation, pasture and meadow, intensive" unit="m2" meanValue="10.0" generalComment="occupation based on 10 years of production" infrastructureProcess="false">
                <inputGroup>4</inputGroup>
            </exchange>
            <exchange number="27974" category="Technosphere Flows" subCategory="CUTOFF Flows" localCategory="Technosphere Flows" localSubCategory="CUTOFF Flows" name="CUTOFF Tillage, rotary cultivator" location="RNA" unit="m2" meanValue="0.1" generalComment="assuming only plowed once in 10yr" infrastructureProcess="false">
                <inputGroup>5</inputGroup>
            </exchange>
            <exchange number="30960" category="resource" subCategory="land" localCategory="resource" localSubCategory="land" name="Transformation, from arable" unit="m2" meanValue="0.333" generalComment="transformation is equally divided between between the land classes. This is temporary pending better information" infrastructureProcess="false">
                <inputGroup>4</inputGroup>
            </exchange>
            <exchange number="12982" category="11: Agriculture, Forestry, Fishing and Hunting" subCategory="1151: Support Activities for Crop Production" localCategory="11: Agriculture, Forestry, Fishing and Hunting" localSubCategory="1151: Support Activities for Crop Production" name="Fertilizer, switchgrass" location="RNA" unit="m2" meanValue="1.0" infrastructureProcess="false">
                <inputGroup>5</inputGroup>
            </exchange>
            <exchange number="40168" category="resource" subCategory="land" localCategory="resource" localSubCategory="land" name="Transformation, from permanent crop" unit="m2" meanValue="0.333" generalComment="transformation is equally divided between between the land classes. This is temporary pending better information" infrastructureProcess="false">
                <inputGroup>4</inputGroup>
            </exchange>
            <exchange number="34904" category="resource" subCategory="biotic" localCategory="resource" localSubCategory="biotic" name="Energy, from biomass" unit="MJ" meanValue="226000.0" generalComment="energy balance for switchgrass. From Pyllis database http://www.ecn.nl/phyllis/" infrastructureProcess="false">
                <inputGroup>4</inputGroup>
            </exchange>
            <exchange number="37216" category="11: Agriculture, Forestry, Fishing and Hunting" subCategory="1151: Support Activities for Crop Production" localCategory="11: Agriculture, Forestry, Fishing and Hunting" localSubCategory="1151: Support Activities for Crop Production" name="Pesticide, switchgrass" location="RNA" unit="m2" meanValue="1.0" generalComment="Fertilizer data based on ISU 2000 and Perrin et al., 2008" infrastructureProcess="false">
                <inputGroup>5</inputGroup>
            </exchange>
            <exchange number="26264" category="Technosphere Flows" subCategory="CUTOFF Flows" localCategory="Technosphere Flows" localSubCategory="CUTOFF Flows" name="CUTOFF Tillage, rolling" location="RNA" unit="m2" meanValue="0.1" generalComment="assuming only plowed once in 10yr" infrastructureProcess="false">
                <inputGroup>5</inputGroup>
            </exchange>
            <exchange number="42817" category="resource" subCategory="land" localCategory="resource" localSubCategory="land" name="Transformation, from pasture and meadow" unit="m2" meanValue="0.333" generalComment="transformation is equally divided between between the land classes. This is temporary pending better information" infrastructureProcess="false">
                <inputGroup>4</inputGroup>
            </exchange>
            <exchange number="4624" category="resource" subCategory="in air" localCategory="resource" localSubCategory="in air" name="Carbon dioxide" unit="kg" meanValue="21800.0" generalComment="Carbon balance, based on SG being 48% C, whole plant-NREL compositional analysis. Adjusted for 15% moisture" infrastructureProcess="false">
                <inputGroup>4</inputGroup>
            </exchange>
        </flowData>
    </dataset>
</ecoSpold>
