<?xml version="1.0" encoding="UTF-8" standalone="yes"?>
<ecoSpold xmlns="http://www.EcoInvent.org/EcoSpold01">
    <dataset number="90217" generator="openLCA" timestamp="2019-10-15T12:53:02.906-06:00">
        <metaInformation>
            <processInformation>
                <referenceFunction datasetRelatesToProduct="false" name="Heat, onsite boiler, hardwood mill, average, SE" localName="Heat, onsite boiler, hardwood mill, average, SE" infrastructureProcess="false" amount="1.0" unit="MJ" category="22: Utilities" subCategory="2213: Water, Sewage and Other Systems" localCategory="22: Utilities" localSubCategory="2213: Water, Sewage and Other Systems" generalComment="Allocation on a mass basis.&#xA;Important note: although most of the data in the US LCI database has &#xA;undergone some sort of review, the database as a whole has not yet &#xA;undergone a formal validation process.&#xA;Please email comments to lci@nrel.gov."/>
                <geography location="RNA" text="SE = Southeast United States.  The 8 states are Arkansas, Louisiana, Mississippi, Alabama, Tennessee, North Carolina, South Carolina, Georgia."/>
                <technology text="Average technology. Some data extrapolated from similar processes."/>
                <timePeriod dataValidForEntirePeriod="true">
                    <startDate>2004-12-31-07:00</startDate>
                    <endDate>2005-12-31-07:00</endDate>
                </timePeriod>
                <dataSetInformation type="5" impactAssessmentResult="false" timestamp="2019-07-22T15:20:14.173-06:00" version="0.0" internalVersion="0.0" energyValues="0" languageCode="en" localLanguageCode="en"/>
            </processInformation>
            <modellingAndValidation>
                <representativeness samplingProcedure="Questionnaires from 12 mills from the 8 states of southeast region.  Hardwood sawmills were members of the Hardwood Manufacturer Association (HMA)."/>
                <source number="1815" sourceType="0" firstAuthor="Forest Products Laboratory " year="1999" title="Wood Handbook: Wood as an engineering material. Gen. Tech. Rep. FPLGTR-113." placeOfPublications="unknown"/>
                <source number="2018" sourceType="0" firstAuthor="Forest Products Laboratory " year="1995" title="Hardwoods of North America. Gen. Tech. Rep. FPL–GTR–83." placeOfPublications="unknown"/>
                <source number="2133" sourceType="0" firstAuthor="Richard D. Bergman " year="2010" title="Module L: Life-Cycle Inventory of Hardwood Lumber Manufacturing in the Southeast United States" placeOfPublications="unknown"/>
                <source number="2312" sourceType="0" firstAuthor="Maureen Puettmann " year="2010" title="SimaPro working files for SE hardwood lumber" placeOfPublications="unknown"/>
                <source number="2404" sourceType="0" firstAuthor="NHLA " year="2003" title="National Hardwood Lumber Association Grading Rules" placeOfPublications="unknown"/>
            </modellingAndValidation>
            <administrativeInformation>
                <dataEntryBy person="1700"/>
                <dataGeneratorAndPublication person="1700" dataPublishedIn="0" referenceToPublishedSource="2133" copyright="false" accessRestrictedTo="0"/>
                <person number="1700" name="Maureen Puettmann" address="8200 NW Chaparral Drive, Corvallis, OR 97330" telephone="541-231-2627" email="maureen.puettmann@q.com" companyCode="unknown" countryCode="US"/>
            </administrativeInformation>
        </metaInformation>
        <flowData>
            <exchange number="35394" category="22: Utilities" subCategory="2213: Water, Sewage and Other Systems" localCategory="22: Utilities" localSubCategory="2213: Water, Sewage and Other Systems" name="Heat, onsite boiler, hardwood mill, average, SE" location="RNA" unit="MJ" meanValue="1.0" generalComment="Total heat needed to dry 1.0 m^3 lumber; " infrastructureProcess="false">
                <outputGroup>0</outputGroup>
            </exchange>
            <exchange number="17066" category="22: Utilities" subCategory="2213: Water, Sewage and Other Systems" localCategory="22: Utilities" localSubCategory="2213: Water, Sewage and Other Systems" name="Natural gas, combusted in industrial boiler" location="RNA" unit="m3" meanValue="7.24187875025864E-4" infrastructureProcess="false">
                <inputGroup>5</inputGroup>
            </exchange>
            <exchange number="47123" category="22: Utilities" subCategory="2213: Water, Sewage and Other Systems" localCategory="22: Utilities" localSubCategory="2213: Water, Sewage and Other Systems" name="Electricity, onsite boiler, hardwood mill, average, SE" location="RNA" unit="MJ" meanValue="0.00191967262110031" generalComment="electricity produced on-site by one mill;  10% efficiency" infrastructureProcess="false">
                <outputGroup>2</outputGroup>
            </exchange>
            <exchange number="40438" category="22: Utilities" subCategory="2213: Water, Sewage and Other Systems" localCategory="22: Utilities" localSubCategory="2213: Water, Sewage and Other Systems" name="Wood fuel, hardwood, generated at lumber mill, combusted in industrial boiler, SE" location="RNA" unit="kg" meanValue="0.042623629215808" generalComment="Weight reported on an oven dry basis" infrastructureProcess="false">
                <inputGroup>5</inputGroup>
            </exchange>
            <exchange number="11404" category="22: Utilities" subCategory="2213: Water, Sewage and Other Systems" localCategory="22: Utilities" localSubCategory="2213: Water, Sewage and Other Systems" name="Liquefied petroleum gas, combusted in industrial boiler" location="RNA" unit="m3" meanValue="3.02089799296503E-4" generalComment="Propane combusted in boiler to provide heat" infrastructureProcess="false">
                <inputGroup>5</inputGroup>
            </exchange>
            <exchange number="43629" category="22: Utilities" subCategory="2213: Water, Sewage and Other Systems" localCategory="22: Utilities" localSubCategory="2213: Water, Sewage and Other Systems" name="Wood fuel, hardwood, purchased, combusted in industrial boiler, SE" location="RNA" unit="kg" meanValue="0.00655907303951997" generalComment="Weight reported on an oven dry basis" infrastructureProcess="false">
                <inputGroup>5</inputGroup>
            </exchange>
            <exchange number="8254" category="22: Utilities" subCategory="2213: Water, Sewage and Other Systems" localCategory="22: Utilities" localSubCategory="2213: Water, Sewage and Other Systems" name="Residual fuel oil, combusted in industrial boiler" location="RNA" unit="m3" meanValue="1.01386302503621E-4" infrastructureProcess="false">
                <inputGroup>5</inputGroup>
            </exchange>
        </flowData>
    </dataset>
</ecoSpold>
