<?xml version="1.0" encoding="UTF-8" standalone="yes"?>
<ecoSpold xmlns="http://www.EcoInvent.org/EcoSpold01">
    <dataset number="88028" generator="openLCA" timestamp="2019-10-15T12:52:58.295-06:00">
        <metaInformation>
            <processInformation>
                <referenceFunction datasetRelatesToProduct="false" name="Grinding" localName="Grinding" infrastructureProcess="false" amount="2000.0" unit="kg" category="11: Agriculture, Forestry, Fishing and Hunting" subCategory="1151: Support Activities for Crop Production" localCategory="11: Agriculture, Forestry, Fishing and Hunting" localSubCategory="1151: Support Activities for Crop Production"/>
                <geography location="RNA" text="North America"/>
                <technology text="average"/>
                <timePeriod dataValidForEntirePeriod="true" text="2009">
                    <startDate>2008-12-31-07:00</startDate>
                    <endDate>2008-12-31-07:00</endDate>
                </timePeriod>
                <dataSetInformation type="1" impactAssessmentResult="false" timestamp="2019-07-20T21:32:14.249-06:00" version="0.0" internalVersion="0.0" energyValues="0" languageCode="en" localLanguageCode="en"/>
            </processInformation>
            <modellingAndValidation>
                <source number="2436" sourceType="0" firstAuthor="Hsu, D. " year="2010" title="Life Cycle Environmental Impacts of Selected U.S. Ethanol Production and Use Pathways in 2022" placeOfPublications="unknown"/>
            </modellingAndValidation>
            <administrativeInformation>
                <dataEntryBy person="1710"/>
                <dataGeneratorAndPublication person="1710" dataPublishedIn="0" referenceToPublishedSource="2436" copyright="false" accessRestrictedTo="0"/>
                <person number="1710" name="Daniel Inman" address="NREL, 1617 Cole Blvd, RSF 200, Golden, CO 80401" telephone="303-384-6845" companyCode="unknown" countryCode="US"/>
            </administrativeInformation>
        </metaInformation>
        <flowData>
            <exchange number="44457" category="11: Agriculture, Forestry, Fishing and Hunting" subCategory="1151: Support Activities for Crop Production" localCategory="11: Agriculture, Forestry, Fishing and Hunting" localSubCategory="1151: Support Activities for Crop Production" name="Grinding" location="RNA" unit="kg" meanValue="2000.0" infrastructureProcess="false">
                <outputGroup>0</outputGroup>
            </exchange>
            <exchange number="35868" category="22: Utilities" subCategory="2211: Electric Power Generation, Transmission and Distribution" localCategory="22: Utilities" localSubCategory="2211: Electric Power Generation, Transmission and Distribution" name="Electricity, at grid" location="RNA" unit="MJ" meanValue="61.876" generalComment="From INL design report (4/09), Table 4-9. Includes the conveyor feed electricity" infrastructureProcess="false">
                <inputGroup>5</inputGroup>
            </exchange>
            <exchange number="34311" category="Technosphere Flows" subCategory="CUTOFF Flows" localCategory="Technosphere Flows" localSubCategory="CUTOFF Flows" name="CUTOFF Agricultural machinery, general, production" location="RNA" unit="kg" meanValue="0.822" generalComment="8.42 comes from the &quot;chopping, maize&quot; ecoinvent process for 1 ha. converted for 1 short ton of corn." infrastructureProcess="true">
                <inputGroup>5</inputGroup>
            </exchange>
            <exchange number="21720" category="31-33: Manufacturing" subCategory="3112: Grain and Oilseed Milling" localCategory="31-33: Manufacturing" localSubCategory="3112: Grain and Oilseed Milling" name="Corn wet milling, operations, AP-42" location="RNA" unit="kg" meanValue="2000.0" infrastructureProcess="false">
                <inputGroup>5</inputGroup>
            </exchange>
        </flowData>
    </dataset>
</ecoSpold>
