<?xml version="1.0" encoding="UTF-8" standalone="yes"?>
<ecoSpold xmlns="http://www.EcoInvent.org/EcoSpold01">
    <dataset number="88579" generator="openLCA" timestamp="2019-10-15T12:53:02.897-06:00">
        <metaInformation>
            <processInformation>
                <referenceFunction datasetRelatesToProduct="false" name="Wood fuel, unspecified" localName="Wood fuel, unspecified" infrastructureProcess="false" amount="1.0" unit="kg" category="22: Utilities" subCategory="2213: Water, Sewage and Other Systems" localCategory="22: Utilities" localSubCategory="2213: Water, Sewage and Other Systems" generalComment="Important note: although most of the data in the US LCI database has &#xA;undergone some sort of review, the database as a whole has not yet &#xA;undergone a formal validation process.&#xA;Please email comments to lci@nrel.gov."/>
                <geography location="RNA" text="US"/>
                <technology text="This process is a copy of the FAL &quot;Wood&quot; process.  It has been modified in the following way: (1) it has an input of CO2 from the atmosphere, to close the carbon balance; (2) weights are expressed as ovendry basis; and (3) waste has been moved from a final waste flow to a waste treatment input"/>
                <timePeriod dataValidForEntirePeriod="true">
                    <startDate>1994-12-31-07:00</startDate>
                    <endDate>1998-12-31-07:00</endDate>
                </timePeriod>
                <dataSetInformation type="1" impactAssessmentResult="false" timestamp="2019-07-22T23:21:35.327-06:00" version="0.0" internalVersion="0.0" energyValues="0" languageCode="en" localLanguageCode="en"/>
            </processInformation>
            <modellingAndValidation>
                <source number="1942" sourceType="0" firstAuthor="Franklin 98 " year="2000" title="unspecified" placeOfPublications="unknown"/>
                <source number="2111" sourceType="0" firstAuthor="Maureen Puettmann " year="2008" title="SimaPro working files for NE-NC hardwood lumber" placeOfPublications="unknown"/>
            </modellingAndValidation>
            <administrativeInformation>
                <dataEntryBy person="1699"/>
                <dataGeneratorAndPublication person="1699" dataPublishedIn="0" referenceToPublishedSource="1942" copyright="false" accessRestrictedTo="0"/>
                <person number="1699" name="Maureen Puetmann" address="Corvallis, OR  " telephone="(541) 231-2627" email="maureen.puettmann@q.com" companyCode="unknown" countryCode="US"/>
            </administrativeInformation>
        </metaInformation>
        <flowData>
            <exchange number="8350" category="22: Utilities" subCategory="2213: Water, Sewage and Other Systems" localCategory="22: Utilities" localSubCategory="2213: Water, Sewage and Other Systems" name="Wood fuel, unspecified" location="RNA" unit="kg" meanValue="1.0" generalComment="Weight reported on an ovendry basis. Assumes the actual moisture content is 100% ovendry basis.  This assumption is very uncertain." infrastructureProcess="false">
                <outputGroup>0</outputGroup>
            </exchange>
            <exchange number="20162" category="resource" subCategory="in ground" localCategory="resource" localSubCategory="in ground" CASNumber="001317-65-3" name="Limestone, in ground" unit="kg" meanValue="0.116" formula="CaCO3" infrastructureProcess="false">
                <inputGroup>4</inputGroup>
            </exchange>
            <exchange number="4884" category="air" subCategory="low population density" localCategory="air" localSubCategory="low population density" name="Carbon monoxide" unit="kg" meanValue="2.0E-4" infrastructureProcess="false">
                <outputGroup>4</outputGroup>
            </exchange>
            <exchange number="39038" category="resource" subCategory="in ground" localCategory="resource" localSubCategory="in ground" name="Oil, crude, 42 MJ per kg, in ground" unit="kg" meanValue="0.01426" infrastructureProcess="false">
                <inputGroup>4</inputGroup>
            </exchange>
            <exchange number="3830" category="resource" subCategory="biotic" localCategory="resource" localSubCategory="biotic" name="Wood and wood waste, 20.9 MJ per kg, ovendry basis" unit="kg" meanValue="1.006" generalComment="Weight reported on an ovendry basis. Assumes the actual moisture content is 100% ovendry basis.  This assumption is very uncertain." infrastructureProcess="false">
                <inputGroup>4</inputGroup>
            </exchange>
            <exchange number="39556" category="air" subCategory="low population density" localCategory="air" localSubCategory="low population density" name="Nitrogen oxides" unit="kg" meanValue="7.2E-4" infrastructureProcess="false">
                <outputGroup>4</outputGroup>
            </exchange>
            <exchange number="10496" category="resource" subCategory="in ground" localCategory="resource" localSubCategory="in ground" name="Uranium, 2291 GJ per kg, in ground" unit="kg" meanValue="4.8E-8" infrastructureProcess="false">
                <inputGroup>4</inputGroup>
            </exchange>
            <exchange number="3642" category="air" subCategory="low population density" localCategory="air" localSubCategory="low population density" name="Particulates, unspecified" unit="kg" meanValue="6.0E-6" infrastructureProcess="false">
                <outputGroup>4</outputGroup>
            </exchange>
            <exchange number="12490" category="resource" subCategory="in ground" localCategory="resource" localSubCategory="in ground" name="Coal, 26.4 MJ per kg, in ground" unit="kg" meanValue="3.2E-4" infrastructureProcess="false">
                <inputGroup>4</inputGroup>
            </exchange>
            <exchange number="7818" category="Elementary Flows" localCategory="Elementary Flows" name="Sulfur oxides" unit="kg" meanValue="2.4E-5" infrastructureProcess="false">
                <outputGroup>4</outputGroup>
            </exchange>
            <exchange number="34566" category="Technosphere Flows" subCategory="CUTOFF Flows" localCategory="Technosphere Flows" localSubCategory="CUTOFF Flows" name="CUTOFF Disposal, solid waste, unspecified, to unspecified treatment" location="RNA" unit="kg" meanValue="0.003" infrastructureProcess="false">
                <inputGroup>5</inputGroup>
            </exchange>
            <exchange number="17860" category="resource" subCategory="unspecified" localCategory="resource" localSubCategory="unspecified" name="Carbon dioxide, in air" unit="kg" meanValue="1.84" generalComment="Flow added to original Franklin dataset for carbon accounting" infrastructureProcess="false">
                <inputGroup>4</inputGroup>
            </exchange>
            <exchange number="39478" category="resource" subCategory="in ground" localCategory="resource" localSubCategory="in ground" name="Gas, natural, 46.8 MJ per kg, in ground" unit="kg" meanValue="0.00316" infrastructureProcess="false">
                <inputGroup>4</inputGroup>
            </exchange>
        </flowData>
    </dataset>
</ecoSpold>
