<?xml version="1.0" encoding="UTF-8" standalone="yes"?>
<ecoSpold xmlns="http://www.EcoInvent.org/EcoSpold01">
    <dataset number="56500" generator="openLCA" timestamp="2019-10-15T12:52:58.528-06:00">
        <metaInformation>
            <processInformation>
                <referenceFunction datasetRelatesToProduct="false" name="Roundwood, softwood, average, state or private dry forest, at forest road, INW" localName="Roundwood, softwood, average, state or private dry forest, at forest road, INW" infrastructureProcess="false" amount="1.0" unit="m3" category="11: Agriculture, Forestry, Fishing and Hunting" subCategory="1133: Logging" localCategory="11: Agriculture, Forestry, Fishing and Hunting" localSubCategory="1133: Logging" generalComment="Important note: although most of the data in the US LCI database has undergone some sort of review, the database as a whole has not yet undergone a formal validation process. Please email comments to lci@nrel.gov."/>
                <geography location="RNA" text="US Inland West including Montana, Idaho, and eastern Washington"/>
                <technology text="Average technology. Some data extrapolated from similar processes."/>
                <timePeriod dataValidForEntirePeriod="true">
                    <startDate>1988-12-31-07:00</startDate>
                    <endDate>1995-12-31-07:00</endDate>
                </timePeriod>
                <dataSetInformation type="1" impactAssessmentResult="false" timestamp="2019-07-20T23:05:32.255-06:00" version="0.0" internalVersion="0.0" energyValues="0" languageCode="en" localLanguageCode="en"/>
            </processInformation>
            <modellingAndValidation>
                <representativeness samplingProcedure="Analysis of the FIA data about average slopes by forest type and owner"/>
                <source number="1755" sourceType="0" firstAuthor="Maureen Puettmann " year="2008" title="SimaPro working files for Inland West Resources" placeOfPublications="unknown"/>
                <source number="2035" sourceType="0" firstAuthor="Leonard R. Johnson " year="2008" title="Module A - Forest Resources Inland West" placeOfPublications="unknown"/>
            </modellingAndValidation>
            <administrativeInformation>
                <dataEntryBy person="1708"/>
                <dataGeneratorAndPublication person="1708" dataPublishedIn="0" referenceToPublishedSource="2035" copyright="false" accessRestrictedTo="0"/>
                <person number="1708" name="Pascal Lesage" address="7379 St-Hubert Montreal, Quebec" telephone="514-434-5620" email="plesage@sylvatica.com" companyCode="unknown" countryCode="CA"/>
            </administrativeInformation>
        </metaInformation>
        <flowData>
            <exchange number="34263" category="11: Agriculture, Forestry, Fishing and Hunting" subCategory="1133: Logging" localCategory="11: Agriculture, Forestry, Fishing and Hunting" localSubCategory="1133: Logging" name="Roundwood, softwood, average, state or private dry forest, at forest road, INW" location="RNA" unit="m3" meanValue="1.0" generalComment="State and private dry forest average mix" infrastructureProcess="false">
                <outputGroup>0</outputGroup>
            </exchange>
            <exchange number="21186" category="11: Agriculture, Forestry, Fishing and Hunting" subCategory="1133: Logging" localCategory="11: Agriculture, Forestry, Fishing and Hunting" localSubCategory="1133: Logging" name="Roundwood, softwd, state or private dry forest, steep slope, at forest rd, INW" location="RNA" unit="m3" meanValue="0.1" infrastructureProcess="false">
                <inputGroup>5</inputGroup>
            </exchange>
            <exchange number="13472" category="11: Agriculture, Forestry, Fishing and Hunting" subCategory="1133: Logging" localCategory="11: Agriculture, Forestry, Fishing and Hunting" localSubCategory="1133: Logging" name="Roundwood, softwd, state or private dry forest, gentle slope, at forest rd, INW" location="RNA" unit="m3" meanValue="0.9" infrastructureProcess="false">
                <inputGroup>5</inputGroup>
            </exchange>
        </flowData>
    </dataset>
</ecoSpold>
