<?xml version="1.0" encoding="UTF-8" standalone="yes"?>
<ecoSpold xmlns="http://www.EcoInvent.org/EcoSpold01">
    <dataset number="99980" generator="openLCA" timestamp="2019-10-15T12:53:02.987-06:00">
        <metaInformation>
            <processInformation>
                <referenceFunction datasetRelatesToProduct="false" name="Gasoline, combusted in equipment" localName="Gasoline, combusted in equipment" infrastructureProcess="false" amount="1.0" unit="m3" category="22: Utilities" subCategory="2213: Water, Sewage and Other Systems" localCategory="22: Utilities" localSubCategory="2213: Water, Sewage and Other Systems" generalComment="&#xA;Important note: although most of the data in the US LCI database has &#xA;undergone some sort of review, the database as a whole has not yet &#xA;undergone a formal validation process.&#xA;Please email comments to lci@nrel.gov."/>
                <geography location="RNA" text="United States"/>
                <technology text="Gasoline combustion in equipment such as mobile refrigeration units, generators, pumps, and portable well-drilling equipment."/>
                <timePeriod dataValidForEntirePeriod="true">
                    <startDate>1995-12-31-07:00</startDate>
                    <endDate>2002-12-31-07:00</endDate>
                </timePeriod>
                <dataSetInformation type="1" impactAssessmentResult="false" timestamp="2019-07-22T15:20:14.172-06:00" version="0.0" internalVersion="0.0" energyValues="0" languageCode="en" localLanguageCode="en"/>
            </processInformation>
            <modellingAndValidation>
                <source number="1776" sourceType="0" firstAuthor="Franklin Associates " year="2003" title="Data Details for Gasoline Equipment Combustion" placeOfPublications="unknown"/>
                <source number="1950" sourceType="0" firstAuthor="EPA " year="1996" title="AP-42 Emission Factors. Stationary Internal Combustion Sources. Table 3.3-2.  " placeOfPublications="unknown"/>
                <source number="2026" sourceType="0" firstAuthor="Center for Transportation Research, Argo " year="2001" title="GREET Version 1.6" placeOfPublications="unknown"/>
            </modellingAndValidation>
            <administrativeInformation>
                <dataEntryBy person="1673"/>
                <dataGeneratorAndPublication person="1673" dataPublishedIn="0" referenceToPublishedSource="1776" copyright="false" accessRestrictedTo="0"/>
                <person number="1673" name="Franklin Associates" address="Franklin Associates 4121 W. 83rd St, Suite 108, Prairie Village, KS 66208" telephone="(913)649-2225" email="jlittlefield@fal.com" companyCode="unknown" countryCode="US"/>
            </administrativeInformation>
        </metaInformation>
        <flowData>
            <exchange number="20366" category="22: Utilities" subCategory="2213: Water, Sewage and Other Systems" localCategory="22: Utilities" localSubCategory="2213: Water, Sewage and Other Systems" name="Gasoline, combusted in equipment" location="RNA" unit="m3" meanValue="1.0" infrastructureProcess="false">
                <outputGroup>0</outputGroup>
            </exchange>
            <exchange number="10070" category="air" subCategory="unspecified" localCategory="air" localSubCategory="unspecified" name="Acrolein" unit="kg" meanValue="1.3855E-6" infrastructureProcess="false">
                <outputGroup>4</outputGroup>
            </exchange>
            <exchange number="25564" category="Emission to air" subCategory="unspecified" localCategory="Emission to air" localSubCategory="unspecified" name="Sulfur oxides" unit="kg" meanValue="5.0092E-4" infrastructureProcess="false">
                <outputGroup>4</outputGroup>
            </exchange>
            <exchange number="42463" category="air" subCategory="unspecified" localCategory="air" localSubCategory="unspecified" name="Butadiene" unit="kg" meanValue="5.8565E-7" infrastructureProcess="false">
                <outputGroup>4</outputGroup>
            </exchange>
            <exchange number="24476" category="air" subCategory="unspecified" localCategory="air" localSubCategory="unspecified" name="Formaldehyde" unit="kg" meanValue="1.7674E-5" infrastructureProcess="false">
                <outputGroup>4</outputGroup>
            </exchange>
            <exchange number="17984" category="air" subCategory="unspecified" localCategory="air" localSubCategory="unspecified" name="Propene" unit="kg" meanValue="3.8644E-5" infrastructureProcess="false">
                <outputGroup>4</outputGroup>
            </exchange>
            <exchange number="20918" category="air" subCategory="unspecified" localCategory="air" localSubCategory="unspecified" name="Carbon dioxide, fossil " unit="kg" meanValue="2.085" infrastructureProcess="false">
                <outputGroup>4</outputGroup>
            </exchange>
            <exchange number="37020" category="48-49: Transportation and Warehousing" subCategory="4869: Other Pipeline Transportation" localCategory="48-49: Transportation and Warehousing" localSubCategory="4869: Other Pipeline Transportation" name="Transport, pipeline, unspecified petroleum products" location="RNA" unit="t*km" meanValue="0.041307" generalComment="Represents transportation from petroleum refinery to gasoline equipment." infrastructureProcess="false">
                <inputGroup>5</inputGroup>
            </exchange>
            <exchange number="30072" category="Emission to air" subCategory="unspecified" localCategory="Emission to air" localSubCategory="unspecified" CASNumber="000074-82-8" name="Methane, fossil" unit="kg" meanValue="9.2063E-4" formula="CH4" infrastructureProcess="false">
                <outputGroup>4</outputGroup>
            </exchange>
            <exchange number="40384" category="48-49: Transportation and Warehousing" subCategory="4841: General Freight Trucking" localCategory="48-49: Transportation and Warehousing" localSubCategory="4841: General Freight Trucking" name="Transport, combination truck, average fuel mix" location="RNA" unit="t*km" meanValue="0.0052453" generalComment="Represents transportation from petroleum refinery to gasoline equipment." infrastructureProcess="false">
                <inputGroup>5</inputGroup>
            </exchange>
            <exchange number="18762" category="48-49: Transportation and Warehousing" subCategory="4832: Inland Water Transportation" localCategory="48-49: Transportation and Warehousing" localSubCategory="4832: Inland Water Transportation" name="Transport, barge, average fuel mix" location="RNA" unit="t*km" meanValue="0.028425" generalComment="Represents transportation from petroleum refinery to gasoline equipment." infrastructureProcess="false">
                <inputGroup>5</inputGroup>
            </exchange>
            <exchange number="38136" category="air" subCategory="unspecified" localCategory="air" localSubCategory="unspecified" name="Benzene" unit="kg" meanValue="1.3975E-5" infrastructureProcess="false">
                <outputGroup>4</outputGroup>
            </exchange>
            <exchange number="30446" category="31-33: Manufacturing" subCategory="3241: Petroleum and Coal Products Manufacturing" localCategory="31-33: Manufacturing" localSubCategory="3241: Petroleum and Coal Products Manufacturing" name="Gasoline, at refinery" unit="m3" meanValue="1.0" infrastructureProcess="false">
                <inputGroup>5</inputGroup>
            </exchange>
            <exchange number="26356" category="Emission to air" subCategory="unspecified" localCategory="Emission to air" localSubCategory="unspecified" name="VOC, volatile organic compounds" unit="kg" meanValue="0.0028351" infrastructureProcess="false">
                <outputGroup>4</outputGroup>
            </exchange>
            <exchange number="47227" category="Emission to air" subCategory="unspecified" localCategory="Emission to air" localSubCategory="unspecified" CASNumber="011104-93-1" name="Nitrogen oxides" unit="kg" meanValue="0.033472" formula="NOx as NO2" infrastructureProcess="false">
                <outputGroup>4</outputGroup>
            </exchange>
            <exchange number="32554" category="Emission to air" subCategory="unspecified" localCategory="Emission to air" localSubCategory="unspecified" CASNumber="010024-97-2" name="Dinitrogen monoxide" unit="kg" meanValue="6.0969E-5" formula="N2O" infrastructureProcess="false">
                <outputGroup>4</outputGroup>
            </exchange>
            <exchange number="5242" category="air" subCategory="unspecified" localCategory="air" localSubCategory="unspecified" name="Acetaldehyde" unit="kg" meanValue="1.1488E-5" infrastructureProcess="false">
                <outputGroup>4</outputGroup>
            </exchange>
            <exchange number="15240" category="air" subCategory="unspecified" localCategory="air" localSubCategory="unspecified" name="Carbon monoxide, fossil " unit="kg" meanValue="0.13535" infrastructureProcess="false">
                <outputGroup>4</outputGroup>
            </exchange>
            <exchange number="52398" category="air" subCategory="unspecified" localCategory="air" localSubCategory="unspecified" name="PAH, polycyclic aromatic hydrocarbons" unit="kg" meanValue="2.5164E-6" infrastructureProcess="false">
                <outputGroup>4</outputGroup>
            </exchange>
            <exchange number="10904" category="air" subCategory="unspecified" localCategory="air" localSubCategory="unspecified" name="Xylene" unit="kg" meanValue="4.2688E-6" infrastructureProcess="false">
                <outputGroup>4</outputGroup>
            </exchange>
            <exchange number="42325" category="48-49: Transportation and Warehousing" subCategory="4821: Rail Transportation" localCategory="48-49: Transportation and Warehousing" localSubCategory="4821: Rail Transportation" name="Transport, train, diesel powered" location="RNA" unit="t*km" meanValue="0.0033554" generalComment="Represents transportation from petroleum refinery to gasoline equipment." infrastructureProcess="false">
                <inputGroup>5</inputGroup>
            </exchange>
            <exchange number="7044" category="air" subCategory="unspecified" localCategory="air" localSubCategory="unspecified" name="Toluene" unit="kg" meanValue="6.1261E-6" infrastructureProcess="false">
                <outputGroup>4</outputGroup>
            </exchange>
            <exchange number="33952" category="air" subCategory="unspecified" localCategory="air" localSubCategory="unspecified" name="Particulates, &lt; 10 um " unit="kg" meanValue="2.6521E-4" infrastructureProcess="false">
                <outputGroup>4</outputGroup>
            </exchange>
        </flowData>
    </dataset>
</ecoSpold>
