<?xml version="1.0" encoding="UTF-8" standalone="yes"?>
<ecoSpold xmlns="http://www.EcoInvent.org/EcoSpold01">
    <dataset number="55346" generator="openLCA" timestamp="2019-10-15T12:53:03.094-06:00">
        <metaInformation>
            <processInformation>
                <referenceFunction datasetRelatesToProduct="false" name="Electricity, lignite coal, at power plant" localName="Electricity, lignite coal, at power plant" infrastructureProcess="false" amount="1.0" unit="MJ" category="22: Utilities" subCategory="2211: Electric Power Generation, Transmission and Distribution" localCategory="22: Utilities" localSubCategory="2211: Electric Power Generation, Transmission and Distribution" generalComment="&#xA;Important note: although most of the data in the US LCI database has &#xA;undergone some sort of review, the database as a whole has not yet &#xA;undergone a formal validation process.&#xA;Please email comments to lci@nrel.gov."/>
                <geography location="RNA" text="United States"/>
                <technology text="Electricity production by coal-fired steam generation."/>
                <timePeriod dataValidForEntirePeriod="true">
                    <startDate>2001-12-31-07:00</startDate>
                    <endDate>2002-12-31-07:00</endDate>
                </timePeriod>
                <dataSetInformation type="1" impactAssessmentResult="false" timestamp="2019-07-22T14:57:56.357-06:00" version="0.0" internalVersion="0.0" energyValues="0" languageCode="en" localLanguageCode="en"/>
            </processInformation>
            <modellingAndValidation>
                <source number="1764" sourceType="0" firstAuthor="Energy Information Administration " year="2000" title="Cost and Quality of Fuels for Electric Utility Plants 2000" placeOfPublications="unknown"/>
                <source number="1827" sourceType="0" firstAuthor="U.S. EPA " year="1999" title="EPA 530-R-99-010" placeOfPublications="unknown"/>
                <source number="1930" sourceType="0" firstAuthor="U.S. EPA " year="1998" title="Emis. Factor AP-42 Section 1.1, Bituminus and Subbituminus Utility Combustion" placeOfPublications="unknown"/>
                <source number="2063" sourceType="0" firstAuthor="U.S. Energy Information Administration " year="2000" title="Electric Power Annual 2000" placeOfPublications="unknown"/>
                <source number="2240" sourceType="0" firstAuthor="unspecified " year="2002" title="Code of Federal Regulations. Title 40, Part 423" placeOfPublications="unknown"/>
                <source number="2303" sourceType="0" firstAuthor="Franklin Associates " year="2003" title="Data Details for Lignite Utility Combustion" placeOfPublications="unknown"/>
                <source number="2324" sourceType="0" firstAuthor="U.S. EPA " year="1998" title="Study of Haz Air Pol Emis from Elec Utility Steam Gen Units V1 EPA-453/R-98-004a" placeOfPublications="unknown"/>
                <source number="2343" sourceType="0" firstAuthor="U.S. Energy Information Administration " year="2000" title="Power Plants and coal characteristics by state, Electric Power Annual 2000" placeOfPublications="unknown"/>
                <source number="2398" sourceType="0" firstAuthor="Energy Information Administration " year="9999" title="Annual Steam-Electric Plant Operation and Design Data" placeOfPublications="unknown"/>
            </modellingAndValidation>
            <administrativeInformation>
                <dataEntryBy person="1673"/>
                <dataGeneratorAndPublication person="1673" dataPublishedIn="0" referenceToPublishedSource="2303" copyright="false" accessRestrictedTo="0"/>
                <person number="1673" name="Franklin Associates" address="Franklin Associates 4121 W. 83rd St, Suite 108, Prairie Village, KS 66208" telephone="(913)649-2225" email="jlittlefield@fal.com" companyCode="unknown" countryCode="US"/>
            </administrativeInformation>
        </metaInformation>
        <flowData>
            <exchange number="31634" category="22: Utilities" subCategory="2211: Electric Power Generation, Transmission and Distribution" localCategory="22: Utilities" localSubCategory="2211: Electric Power Generation, Transmission and Distribution" name="Electricity, lignite coal, at power plant" location="RNA" unit="MJ" meanValue="1.0" infrastructureProcess="false">
                <outputGroup>0</outputGroup>
            </exchange>
            <exchange number="39828" category="air" subCategory="unspecified" localCategory="air" localSubCategory="unspecified" name="Organic substances, unspecified" unit="kg" meanValue="2.5234E-6" infrastructureProcess="false">
                <outputGroup>4</outputGroup>
            </exchange>
            <exchange number="20898" category="air" subCategory="unspecified" localCategory="air" localSubCategory="unspecified" name="Pyrene" unit="kg" meanValue="1.2904E-10" generalComment="Sources for PAH data are old or unverifiable. Use this PAH data with caution." infrastructureProcess="false">
                <outputGroup>4</outputGroup>
            </exchange>
            <exchange number="15886" category="Emission to air" subCategory="unspecified" localCategory="Emission to air" localSubCategory="unspecified" CASNumber="007439-97-6" name="Mercury" unit="kg" meanValue="3.2455E-8" formula="Hg" infrastructureProcess="false">
                <outputGroup>4</outputGroup>
            </exchange>
            <exchange number="9764" category="air" subCategory="unspecified" localCategory="air" localSubCategory="unspecified" name="Acenaphthylene" unit="kg" meanValue="9.7757E-11" generalComment="Sources for PAH data are old or unverifiable. Use this PAH data with caution." infrastructureProcess="false">
                <outputGroup>4</outputGroup>
            </exchange>
            <exchange number="19444" category="air" subCategory="unspecified" localCategory="air" localSubCategory="unspecified" name="Benzo(a)anthracene" unit="kg" meanValue="3.1282E-11" generalComment="Sources for PAH data are old or unverifiable. Use this PAH data with caution." infrastructureProcess="false">
                <outputGroup>4</outputGroup>
            </exchange>
            <exchange number="8086" category="air" subCategory="unspecified" localCategory="air" localSubCategory="unspecified" name="Methane, dichloro-, HCC-30" unit="kg" meanValue="1.134E-7" infrastructureProcess="false">
                <outputGroup>4</outputGroup>
            </exchange>
            <exchange number="5888" category="water" subCategory="unspecified" localCategory="water" localSubCategory="unspecified" name="Oils, unspecified" unit="kg" meanValue="9.7286E-7" infrastructureProcess="false">
                <outputGroup>4</outputGroup>
            </exchange>
            <exchange number="34566" category="Technosphere Flows" subCategory="CUTOFF Flows" localCategory="Technosphere Flows" localSubCategory="CUTOFF Flows" name="CUTOFF Disposal, solid waste, unspecified, to unspecified treatment" location="RNA" unit="kg" meanValue="0.1426" infrastructureProcess="false">
                <inputGroup>5</inputGroup>
            </exchange>
            <exchange number="24556" category="air" subCategory="unspecified" localCategory="air" localSubCategory="unspecified" name="Fluorene" unit="kg" meanValue="3.5584E-10" generalComment="Sources for PAH data are old or unverifiable. Use this PAH data with caution." infrastructureProcess="false">
                <outputGroup>4</outputGroup>
            </exchange>
            <exchange number="34544" category="Emission to air" subCategory="unspecified" localCategory="Emission to air" localSubCategory="unspecified" name="Particulates, unspecified" unit="kg" meanValue="0.0011105" formula="PM" infrastructureProcess="false">
                <outputGroup>4</outputGroup>
            </exchange>
            <exchange number="10812" category="air" subCategory="unspecified" localCategory="air" localSubCategory="unspecified" name="Naphthalene" unit="kg" meanValue="5.0834E-9" generalComment="Sources for PAH data are old or unverifiable. Use this PAH data with caution." infrastructureProcess="false">
                <outputGroup>4</outputGroup>
            </exchange>
            <exchange number="16644" category="air" subCategory="unspecified" localCategory="air" localSubCategory="unspecified" name="Selenium" unit="kg" meanValue="5.0834E-7" infrastructureProcess="false">
                <outputGroup>4</outputGroup>
            </exchange>
            <exchange number="37974" category="Emission to water" subCategory="unspecified" localCategory="Emission to water" localSubCategory="unspecified" name="Suspended solids, unspecified" unit="kg" meanValue="1.9457E-6" infrastructureProcess="false">
                <outputGroup>4</outputGroup>
            </exchange>
            <exchange number="42719" category="air" subCategory="unspecified" localCategory="air" localSubCategory="unspecified" name="Biphenyl" unit="kg" meanValue="6.6475E-10" generalComment="Sources for PAH data are old or unverifiable. Use this PAH data with caution." infrastructureProcess="false">
                <outputGroup>4</outputGroup>
            </exchange>
            <exchange number="11980" category="air" subCategory="unspecified" localCategory="air" localSubCategory="unspecified" name="Phenanthrene" unit="kg" meanValue="1.0558E-9" generalComment="Sources for PAH data are old or unverifiable. Use this PAH data with caution." infrastructureProcess="false">
                <outputGroup>4</outputGroup>
            </exchange>
            <exchange number="45335" category="air" subCategory="unspecified" localCategory="air" localSubCategory="unspecified" name="Antimony" unit="kg" meanValue="7.0385E-9" infrastructureProcess="false">
                <outputGroup>4</outputGroup>
            </exchange>
            <exchange number="33970" category="air" subCategory="unspecified" localCategory="air" localSubCategory="unspecified" name="Anthracene" unit="kg" meanValue="8.2116E-11" generalComment="Sources for PAH data are old or unverifiable. Use this PAH data with caution." infrastructureProcess="false">
                <outputGroup>4</outputGroup>
            </exchange>
            <exchange number="6418" category="Emission to air" subCategory="unspecified" localCategory="Emission to air" localSubCategory="unspecified" name="NMVOC, non-methane volatile organic compounds, unspecified origin" unit="kg" meanValue="2.2617E-5" infrastructureProcess="false">
                <outputGroup>4</outputGroup>
            </exchange>
            <exchange number="12840" category="air" subCategory="unspecified" localCategory="air" localSubCategory="unspecified" name="Aldehydes, unspecified" unit="kg" meanValue="3.7148E-7" infrastructureProcess="false">
                <outputGroup>4</outputGroup>
            </exchange>
            <exchange number="5626" category="air" subCategory="unspecified" localCategory="air" localSubCategory="unspecified" name="Manganese" unit="kg" meanValue="1.916E-7" infrastructureProcess="false">
                <outputGroup>4</outputGroup>
            </exchange>
            <exchange number="25532" category="Emission to air" subCategory="unspecified" localCategory="Emission to air" localSubCategory="unspecified" CASNumber="007440-43-9" name="Cadmium" unit="kg" meanValue="1.9942E-8" formula="Cd" infrastructureProcess="false">
                <outputGroup>4</outputGroup>
            </exchange>
            <exchange number="32502" category="air" subCategory="unspecified" localCategory="air" localSubCategory="unspecified" name="Chrysene, 5-methyl-" unit="kg" meanValue="8.6026E-12" generalComment="Sources for PAH data are old or unverifiable. Use this PAH data with caution." infrastructureProcess="false">
                <outputGroup>4</outputGroup>
            </exchange>
            <exchange number="42459" category="air" subCategory="unspecified" localCategory="air" localSubCategory="unspecified" name="Benzo(a)pyrene" unit="kg" meanValue="1.4859E-11" generalComment="Sources for PAH data are old or unverifiable. Use this PAH data with caution." infrastructureProcess="false">
                <outputGroup>4</outputGroup>
            </exchange>
            <exchange number="25680" category="Technosphere Flows" subCategory="CUTOFF Flows" localCategory="Technosphere Flows" localSubCategory="CUTOFF Flows" name="CUTOFF Disposal, lignite coal combustion byproducts, to unspecified reuse" location="RNA" unit="kg" meanValue="0.022514" infrastructureProcess="false">
                <inputGroup>5</inputGroup>
            </exchange>
            <exchange number="39726" category="Emission to air" subCategory="unspecified" localCategory="Emission to air" localSubCategory="unspecified" CASNumber="007647-01-0" name="Hydrogen chloride" unit="kg" meanValue="4.6923E-4" formula="HCl" infrastructureProcess="false">
                <outputGroup>4</outputGroup>
            </exchange>
            <exchange number="44145" category="air" subCategory="unspecified" localCategory="air" localSubCategory="unspecified" name="Indeno(1,2,3-cd)pyrene" unit="kg" meanValue="2.3853E-11" generalComment="Sources for PAH data are old or unverifiable. Use this PAH data with caution." infrastructureProcess="false">
                <outputGroup>4</outputGroup>
            </exchange>
            <exchange number="7484" category="air" subCategory="unspecified" localCategory="air" localSubCategory="unspecified" name="Fluoranthene" unit="kg" meanValue="2.7763E-10" generalComment="Sources for PAH data are old or unverifiable. Use this PAH data with caution." infrastructureProcess="false">
                <outputGroup>4</outputGroup>
            </exchange>
            <exchange number="3128" category="Emission to air" subCategory="unspecified" localCategory="Emission to air" localSubCategory="unspecified" CASNumber="007439-92-1" name="Lead" unit="kg" meanValue="1.6423E-7" formula="Pb" infrastructureProcess="false">
                <outputGroup>4</outputGroup>
            </exchange>
            <exchange number="15224" category="Emission to air" subCategory="unspecified" localCategory="Emission to air" localSubCategory="unspecified" CASNumber="007440-47-3" name="Chromium" unit="kg" meanValue="1.0167E-7" formula="Cr" infrastructureProcess="false">
                <outputGroup>4</outputGroup>
            </exchange>
            <exchange number="20918" category="air" subCategory="unspecified" localCategory="air" localSubCategory="unspecified" name="Carbon dioxide, fossil " unit="kg" meanValue="1.088" infrastructureProcess="false">
                <outputGroup>4</outputGroup>
            </exchange>
            <exchange number="10070" category="air" subCategory="unspecified" localCategory="air" localSubCategory="unspecified" name="Acrolein" unit="kg" meanValue="1.134E-7" infrastructureProcess="false">
                <outputGroup>4</outputGroup>
            </exchange>
            <exchange number="38136" category="air" subCategory="unspecified" localCategory="air" localSubCategory="unspecified" name="Benzene" unit="kg" meanValue="5.0834E-7" infrastructureProcess="false">
                <outputGroup>4</outputGroup>
            </exchange>
            <exchange number="38450" category="air" subCategory="unspecified" localCategory="air" localSubCategory="unspecified" name="Hydrogen fluoride" unit="kg" meanValue="5.8654E-5" infrastructureProcess="false">
                <outputGroup>4</outputGroup>
            </exchange>
            <exchange number="25564" category="Emission to air" subCategory="unspecified" localCategory="Emission to air" localSubCategory="unspecified" name="Sulfur oxides" unit="kg" meanValue="0.0043278" infrastructureProcess="false">
                <outputGroup>4</outputGroup>
            </exchange>
            <exchange number="45881" category="Emission to air" subCategory="unspecified" localCategory="Emission to air" localSubCategory="unspecified" CASNumber="018540-29-9" name="Chromium VI" unit="kg" meanValue="3.0891E-8" formula="Cr6+" infrastructureProcess="false">
                <outputGroup>4</outputGroup>
            </exchange>
            <exchange number="47837" category="air" subCategory="unspecified" localCategory="air" localSubCategory="unspecified" name="Arsenic" unit="kg" meanValue="1.6032E-7" infrastructureProcess="false">
                <outputGroup>4</outputGroup>
            </exchange>
            <exchange number="24476" category="air" subCategory="unspecified" localCategory="air" localSubCategory="unspecified" name="Formaldehyde" unit="kg" meanValue="9.3847E-8" infrastructureProcess="false">
                <outputGroup>4</outputGroup>
            </exchange>
            <exchange number="30072" category="Emission to air" subCategory="unspecified" localCategory="Emission to air" localSubCategory="unspecified" CASNumber="000074-82-8" name="Methane, fossil" unit="kg" meanValue="1.5641E-5" formula="CH4" infrastructureProcess="false">
                <outputGroup>4</outputGroup>
            </exchange>
            <exchange number="5470" category="air" subCategory="unspecified" localCategory="air" localSubCategory="unspecified" name="Magnesium" unit="kg" meanValue="4.3013E-6" infrastructureProcess="false">
                <outputGroup>4</outputGroup>
            </exchange>
            <exchange number="32388" category="21: Mining, Quarrying, and Oil and Gas Extraction" subCategory="2121: Coal Mining" localCategory="21: Mining, Quarrying, and Oil and Gas Extraction" localSubCategory="2121: Coal Mining" name="Lignite coal, at surface mine" location="RNA" unit="kg" meanValue="0.78206" infrastructureProcess="false">
                <inputGroup>5</inputGroup>
            </exchange>
            <exchange number="16716" category="air" subCategory="unspecified" localCategory="air" localSubCategory="unspecified" name="Benzo(b,j,k)fluoranthene" unit="kg" meanValue="4.3013E-11" generalComment="Sources for PAH data are old or unverifiable. Use this PAH data with caution." infrastructureProcess="false">
                <outputGroup>4</outputGroup>
            </exchange>
            <exchange number="29662" category="Emission to air" subCategory="unspecified" localCategory="Emission to air" localSubCategory="unspecified" CASNumber="007440-02-0" name="Nickel" unit="kg" meanValue="1.0949E-7" formula="Ni" infrastructureProcess="false">
                <outputGroup>4</outputGroup>
            </exchange>
            <exchange number="46339" category="air" subCategory="unspecified" localCategory="air" localSubCategory="unspecified" name="Cobalt" unit="kg" meanValue="3.9103E-8" infrastructureProcess="false">
                <outputGroup>4</outputGroup>
            </exchange>
            <exchange number="30852" category="air" subCategory="unspecified" localCategory="air" localSubCategory="unspecified" name="Beryllium" unit="kg" meanValue="8.2116E-9" infrastructureProcess="false">
                <outputGroup>4</outputGroup>
            </exchange>
            <exchange number="40384" category="48-49: Transportation and Warehousing" subCategory="4841: General Freight Trucking" localCategory="48-49: Transportation and Warehousing" localSubCategory="4841: General Freight Trucking" name="Transport, combination truck, average fuel mix" location="RNA" unit="t*km" meanValue="0.0086088" generalComment="Represents transportation from lignite mining to utility." infrastructureProcess="false">
                <inputGroup>5</inputGroup>
            </exchange>
            <exchange number="42325" category="48-49: Transportation and Warehousing" subCategory="4821: Rail Transportation" localCategory="48-49: Transportation and Warehousing" localSubCategory="4821: Rail Transportation" name="Transport, train, diesel powered" location="RNA" unit="t*km" meanValue="8.055E-4" generalComment="Represents transportation from lignite mining to utility." infrastructureProcess="false">
                <inputGroup>5</inputGroup>
            </exchange>
            <exchange number="28216" category="air" subCategory="unspecified" localCategory="air" localSubCategory="unspecified" name="Phenols, unspecified" unit="kg" meanValue="6.2564E-9" infrastructureProcess="false">
                <outputGroup>4</outputGroup>
            </exchange>
            <exchange number="32554" category="Emission to air" subCategory="unspecified" localCategory="Emission to air" localSubCategory="unspecified" CASNumber="010024-97-2" name="Dinitrogen monoxide" unit="kg" meanValue="2.4973E-5" formula="N2O" infrastructureProcess="false">
                <outputGroup>4</outputGroup>
            </exchange>
            <exchange number="50147" category="Emission to air" subCategory="unspecified" localCategory="Emission to air" localSubCategory="unspecified" CASNumber="007446-09-5" name="Sulfur dioxide" unit="kg" meanValue="0.0056347" formula="SOx as SO2" infrastructureProcess="false">
                <outputGroup>4</outputGroup>
            </exchange>
            <exchange number="39576" category="air" subCategory="unspecified" localCategory="air" localSubCategory="unspecified" name="Acenaphthene" unit="kg" meanValue="1.9942E-10" generalComment="Sources for PAH data are old or unverifiable. Use this PAH data with caution." infrastructureProcess="false">
                <outputGroup>4</outputGroup>
            </exchange>
            <exchange number="48325" category="air" subCategory="unspecified" localCategory="air" localSubCategory="unspecified" name="Ethene, tetrachloro-" unit="kg" meanValue="1.6814E-8" infrastructureProcess="false">
                <outputGroup>4</outputGroup>
            </exchange>
            <exchange number="27356" category="air" subCategory="unspecified" localCategory="air" localSubCategory="unspecified" name="Chrysene" unit="kg" meanValue="3.9103E-11" generalComment="Sources for PAH data are old or unverifiable. Use this PAH data with caution." infrastructureProcess="false">
                <outputGroup>4</outputGroup>
            </exchange>
            <exchange number="7552" category="air" subCategory="unspecified" localCategory="air" localSubCategory="unspecified" name="Benzo(ghi)perylene" unit="kg" meanValue="1.0558E-11" generalComment="Sources for PAH data are old or unverifiable. Use this PAH data with caution." infrastructureProcess="false">
                <outputGroup>4</outputGroup>
            </exchange>
            <exchange number="47227" category="Emission to air" subCategory="unspecified" localCategory="Emission to air" localSubCategory="unspecified" CASNumber="011104-93-1" name="Nitrogen oxides" unit="kg" meanValue="0.0034674" formula="NOx as NO2" infrastructureProcess="false">
                <outputGroup>4</outputGroup>
            </exchange>
            <exchange number="15240" category="air" subCategory="unspecified" localCategory="air" localSubCategory="unspecified" name="Carbon monoxide, fossil " unit="kg" meanValue="9.7757E-5" infrastructureProcess="false">
                <outputGroup>4</outputGroup>
            </exchange>
            <exchange number="32232" category="air" subCategory="unspecified" localCategory="air" localSubCategory="unspecified" name="Radioactive species, unspecified" unit="kBq" meanValue="22.13" infrastructureProcess="false">
                <outputGroup>4</outputGroup>
            </exchange>
        </flowData>
    </dataset>
</ecoSpold>
