<?xml version="1.0" encoding="UTF-8" standalone="yes"?>
<ecoSpold xmlns="http://www.EcoInvent.org/EcoSpold01">
    <dataset number="55842" generator="openLCA" timestamp="2019-10-15T12:53:03.129-06:00">
        <metaInformation>
            <processInformation>
                <referenceFunction datasetRelatesToProduct="false" name="Electricity, at grid" localName="Electricity, at grid" infrastructureProcess="false" amount="1.0" unit="MJ" category="22: Utilities" subCategory="2211: Electric Power Generation, Transmission and Distribution" localCategory="22: Utilities" localSubCategory="2211: Electric Power Generation, Transmission and Distribution" generalComment="Primary fuels for electricity generation for alumina that is consumed by the U.S. are calculated based on the countries producing the alumina. 52 percent of alumina consumed in the U.S. is imported. Australia, Jamaica, Suriname, and Brazil produce the majority of this alumina. Based on import statistics, 32 percent of alumina imported by the U.S. comes from Australia, 5 percent comes from Jamaica, 13 percent comes from Suriname, and 1 percent comes from Brazil. Primary fuels used for electricity generation in these countries were calculated from worldwide energy data available from the U.S. EIA. Primary fuels used to generate electricity for alumina production facilities in the U.S. are calculated from the fuel mix for the North American Electricity Reliability Council (NERC) regional electricity grid in which the plants are located.&#xA;&#xA;Important note: although most of the data in the US LCI database has &#xA;undergone some sort of review, the database as a whole has not yet &#xA;undergone a formal validation process.&#xA;Please email comments to lci@nrel.gov."/>
                <geography location="RNA" text="US (49%), Australia (32%), Jamaica (5%), Suriname (13%), and Brazil (1%). "/>
                <technology text="Coal (36%), Nuclear (5%), Hydropower (14%), Fuel oil (10%), Natural gas (34%)"/>
                <timePeriod dataValidForEntirePeriod="true">
                    <startDate>2003-12-31-07:00</startDate>
                    <endDate>2003-12-31-07:00</endDate>
                </timePeriod>
                <dataSetInformation type="1" impactAssessmentResult="false" timestamp="2019-08-13T12:25:46.481-06:00" version="0.0" internalVersion="0.0" energyValues="0" languageCode="en" localLanguageCode="en"/>
            </processInformation>
            <modellingAndValidation>
                <source number="1880" sourceType="0" firstAuthor="US Geological Survey " year="2004" title="USGS Mineral Commodity Summaries" placeOfPublications="unknown"/>
                <source number="1936" sourceType="0" firstAuthor="Franklin Associates, A Division of ERG " year="2007" title="Data Module Report: Primary Aluminum" placeOfPublications="unknown"/>
                <source number="1973" sourceType="0" firstAuthor="The Aluminum Association " year="1998" title="Life Cycle Inventory Report for the North American Aluminum Industry" placeOfPublications="unknown"/>
                <source number="2171" sourceType="0" firstAuthor="Energy Information Administration (EIA) " year="2002" title="International Energy Annual 2002" placeOfPublications="unknown"/>
                <source number="2243" sourceType="0" firstAuthor="IAI Statistical Report: Electrical Power " year="2003" title="International Aluminum Institute" placeOfPublications="unknown"/>
                <source number="2445" sourceType="0" firstAuthor="US EPA " year="2002" title="Emissions &amp; Generation Resource Integrated Database, eGRID2002 Version 2.01." placeOfPublications="unknown"/>
            </modellingAndValidation>
            <administrativeInformation>
                <dataEntryBy person="1725"/>
                <dataGeneratorAndPublication person="1725" dataPublishedIn="0" referenceToPublishedSource="1936" copyright="false" accessRestrictedTo="0"/>
                <person number="1725" name="James Littlefield, Franklin Associates" address="Prairie Village, KS" telephone="913-649-2225" email="jlittlefield@fal.com" companyCode="unknown" countryCode="US"/>
            </administrativeInformation>
        </metaInformation>
        <flowData>
            <exchange number="35868" category="22: Utilities" subCategory="2211: Electric Power Generation, Transmission and Distribution" localCategory="22: Utilities" localSubCategory="2211: Electric Power Generation, Transmission and Distribution" name="Electricity, at grid" location="RNA" unit="MJ" meanValue="1.0" infrastructureProcess="false">
                <outputGroup>0</outputGroup>
            </exchange>
            <exchange number="48603" category="Technosphere Flows" subCategory="CUTOFF Flows" localCategory="Technosphere Flows" localSubCategory="CUTOFF Flows" name="CUTOFF Electricity, from renewable source, unspecified" location="RNA" unit="MJ" meanValue="0.012793" infrastructureProcess="false">
                <inputGroup>5</inputGroup>
            </exchange>
            <exchange number="11194" category="22: Utilities" subCategory="2211: Electric Power Generation, Transmission and Distribution" localCategory="22: Utilities" localSubCategory="2211: Electric Power Generation, Transmission and Distribution" name="Electricity, nuclear, at power plant" location="RNA" unit="MJ" meanValue="0.046743" infrastructureProcess="false">
                <inputGroup>5</inputGroup>
            </exchange>
            <exchange number="26036" category="Technosphere Flows" subCategory="CUTOFF Flows" localCategory="Technosphere Flows" localSubCategory="CUTOFF Flows" name="CUTOFF Electricity, hydropower, at power plant, unspecified" location="RNA" unit="MJ" meanValue="0.13882" infrastructureProcess="false">
                <inputGroup>5</inputGroup>
            </exchange>
            <exchange number="52306" category="22: Utilities" subCategory="2211: Electric Power Generation, Transmission and Distribution" localCategory="22: Utilities" localSubCategory="2211: Electric Power Generation, Transmission and Distribution" name="Electricity, bituminous coal, at power plant" location="RNA" unit="MJ" meanValue="0.35988" infrastructureProcess="false">
                <inputGroup>5</inputGroup>
            </exchange>
            <exchange number="47863" category="22: Utilities" subCategory="2211: Electric Power Generation, Transmission and Distribution" localCategory="22: Utilities" localSubCategory="2211: Electric Power Generation, Transmission and Distribution" name="Electricity, diesel, at power plant" location="RNA" unit="MJ" meanValue="0.098112" infrastructureProcess="false">
                <inputGroup>5</inputGroup>
            </exchange>
            <exchange number="4186" category="22: Utilities" subCategory="2211: Electric Power Generation, Transmission and Distribution" localCategory="22: Utilities" localSubCategory="2211: Electric Power Generation, Transmission and Distribution" name="Electricity, natural gas, at power plant" location="RNA" unit="MJ" meanValue="0.34365" infrastructureProcess="false">
                <inputGroup>5</inputGroup>
            </exchange>
        </flowData>
    </dataset>
</ecoSpold>
