<?xml version="1.0" encoding="UTF-8" standalone="yes"?>
<ecoSpold xmlns="http://www.EcoInvent.org/EcoSpold01">
    <dataset number="103265" generator="openLCA" timestamp="2019-10-15T12:53:00.212-06:00">
        <metaInformation>
            <processInformation>
                <referenceFunction datasetRelatesToProduct="false" name="Soybean grains, at field" localName="Soybean grains, at field" infrastructureProcess="false" amount="1000.0" unit="kg" category="11: Agriculture, Forestry, Fishing and Hunting" subCategory="1111: Oilseed and Grain Farming" localCategory="11: Agriculture, Forestry, Fishing and Hunting" localSubCategory="1111: Oilseed and Grain Farming" generalComment="1. Carbon Sequestration should be accounted for after the product is built in its LCA model, and should be included depending on the use of end of life fate of that product.  For example, a soy-based resin may retain the sequestered carbon indefinitely, while a soy-based biodiesel releases the sequestered carbon at use phase.                           Biomass carbon contents are as follows:                                                            Crude soy oil: 77% C --&gt; 2.823 kg CO2/kg crude soy oil;                                         Soy meal: 48% C --&gt; 1.76 kg CO2/kg meal;                                                                Refined soy oil: 80.6% C --&gt; 2.955 kg CO2/kg refined soy oil;                                       Biodiesel: 77% C --&gt; 2.823 kg CO2/kg biodiesel.                                                                                                                                                                                                                                                                                                                             2. The study (Main Data Source) underwent external peer review prior to this submission to the US LCI database."/>
                <geography location="RNA" text="USA"/>
                <technology text="US average"/>
                <timePeriod dataValidForEntirePeriod="true">
                    <startDate>2003-12-31-07:00</startDate>
                    <endDate>2006-12-31-07:00</endDate>
                </timePeriod>
                <dataSetInformation type="5" impactAssessmentResult="false" timestamp="2019-09-19T14:04:40.765-06:00" version="0.0" internalVersion="0.0" energyValues="0" languageCode="en" localLanguageCode="en"/>
            </processInformation>
            <modellingAndValidation>
                <source number="1775" sourceType="0" firstAuthor="Pesticide Action Network (PAN)  " year="9999" title="Pesticide Action Network (PAN) Pesticide Database" placeOfPublications="unknown"/>
                <source number="1838" sourceType="0" firstAuthor="Omni Tech International " year="2010" title="Life Cycle Impact of Soybean Production and Soy Industrial Products" placeOfPublications="unknown"/>
                <source number="1886" sourceType="0" firstAuthor="United States Department of Agriculture  " year="2006" title="Agricultural Resources &amp; Economic Indicators, 2006 edition/EIB-16/Economic Research Services/USDA" placeOfPublications="unknown"/>
                <source number="1913" sourceType="0" firstAuthor="Sheehan, J.  " year="1998" title="Life Cycle Inventory of Biodiesel and Petroleum Diesel for Use in an Urban Bus" placeOfPublications="unknown"/>
                <source number="2022" sourceType="0" firstAuthor="USGS for NOAA " year="1999" title="Fluxes and Sources of Nutrients in the Mississippi River - Atchafalaya" placeOfPublications="unknown"/>
                <source number="2037" sourceType="0" firstAuthor="USDA/ERS " year="2000" title="“Production Practices for Major Crops,” 1990-1997" placeOfPublications="unknown"/>
                <source number="2258" sourceType="0" firstAuthor="United States Department of Agriculture  " year="2000" title="Environmental Indicators of Pesticide Leaching and Runoff from Farm Fields" placeOfPublications="unknown"/>
                <source number="2277" sourceType="0" firstAuthor="United States Department of Agriculture  " year="2007" title="National Agricultural Statistics Service (NASS) database " placeOfPublications="unknown"/>
                <source number="2320" sourceType="0" firstAuthor="Environmental Protection Agency (EPA)  " year="9999" title="AP-42 Emissions Factors" placeOfPublications="unknown"/>
                <source number="2341" sourceType="0" firstAuthor="United States Department of Agriculture  " year="2003" title="USDA Farm &amp; Ranch Irrigation Survey reports " placeOfPublications="unknown"/>
                <source number="2429" sourceType="0" firstAuthor="United States Department of Agriculture  " year="2008" title="U.S. Agriculture and Forestry Greenhouse Gas Inventory: 1990-2005. " placeOfPublications="unknown"/>
            </modellingAndValidation>
            <administrativeInformation>
                <dataEntryBy person="1711"/>
                <dataGeneratorAndPublication person="1711" dataPublishedIn="0" referenceToPublishedSource="1838" copyright="false" accessRestrictedTo="0"/>
                <person number="1711" name="Anne Landfield Greig" address="Seattle, Washington" telephone="206-935-4600" email="anne@fourelementsllc.com" companyCode="unknown" countryCode="US"/>
            </administrativeInformation>
        </metaInformation>
        <flowData>
            <exchange number="29334" category="11: Agriculture, Forestry, Fishing and Hunting" subCategory="1111: Oilseed and Grain Farming" localCategory="11: Agriculture, Forestry, Fishing and Hunting" localSubCategory="1111: Oilseed and Grain Farming" name="Soybean grains, at field" location="RNA" unit="kg" meanValue="1000.0" generalComment="The average yield of soybeans for the years 2004 through 2007 was 1120 kg/acre.  See yield basis sheet" infrastructureProcess="false">
                <outputGroup>0</outputGroup>
            </exchange>
            <exchange number="23526" category="air" subCategory="low population density" localCategory="air" localSubCategory="low population density" name="Metolachlor" unit="kg" meanValue="0.00163156463898886" generalComment="See pesticide use summary sheet" infrastructureProcess="false">
                <outputGroup>4</outputGroup>
            </exchange>
            <exchange number="30650" category="air" subCategory="low population density" localCategory="air" localSubCategory="low population density" name="Carbaryl" unit="kg" meanValue="5.90680742324083E-5" generalComment="See pesticide use summary sheet" infrastructureProcess="false">
                <outputGroup>4</outputGroup>
            </exchange>
            <exchange number="6480" category="air" subCategory="low population density" localCategory="air" localSubCategory="low population density" name="Flumetsulam" unit="kg" meanValue="1.21515285226011E-5" generalComment="See pesticide use summary sheet" infrastructureProcess="false">
                <outputGroup>4</outputGroup>
            </exchange>
            <exchange number="26350" category="water" subCategory="unspecified" localCategory="water" localSubCategory="unspecified" name="Cyfluthrin" unit="kg" meanValue="5.28552626569431E-7" generalComment="See pesticide use summary sheet" infrastructureProcess="false">
                <outputGroup>4</outputGroup>
            </exchange>
            <exchange number="3416" category="water" subCategory="unspecified" localCategory="water" localSubCategory="unspecified" name="Thifensulfuron" unit="kg" meanValue="3.04367766383635E-7" generalComment="See pesticide use summary sheet" infrastructureProcess="false">
                <outputGroup>4</outputGroup>
            </exchange>
            <exchange number="51472" category="water" subCategory="unspecified" localCategory="water" localSubCategory="unspecified" name="Trifloxystrobin" unit="kg" meanValue="1.94729915051896E-7" generalComment="See pesticide use summary sheet" infrastructureProcess="false">
                <outputGroup>4</outputGroup>
            </exchange>
            <exchange number="17904" category="water" subCategory="unspecified" localCategory="water" localSubCategory="unspecified" name="Phosphorus compounds, unspecified" unit="kg" meanValue="0.0282524835940372" generalComment="P runoff as fract of P fert applied * P fert applied. Sources 9 &amp; 10." infrastructureProcess="false">
                <outputGroup>4</outputGroup>
            </exchange>
            <exchange number="7506" category="water" subCategory="unspecified" localCategory="water" localSubCategory="unspecified" name="Tribenuron-methyl" unit="kg" meanValue="1.72229609741277E-7" generalComment="DELETE LINE ITEM - NO USE RECORDED" infrastructureProcess="false">
                <outputGroup>4</outputGroup>
            </exchange>
            <exchange number="11366" category="air" subCategory="low population density" localCategory="air" localSubCategory="low population density" name="Chlorimuron-ethyl" unit="kg" meanValue="1.18117057296674E-4" generalComment="See pesticide use summary sheet" infrastructureProcess="false">
                <outputGroup>4</outputGroup>
            </exchange>
            <exchange number="7266" category="31-33: Manufacturing" subCategory="3253: Pesticide, Fertilizer, and Other Agricultural Chemical Manufacturing" localCategory="31-33: Manufacturing" localSubCategory="3253: Pesticide, Fertilizer, and Other Agricultural Chemical Manufacturing" name="Nitrogen fertilizer, production mix, at plant" location="RNA" unit="kg" meanValue="1.6" generalComment="See fertilizer application rate sheet" infrastructureProcess="false">
                <inputGroup>5</inputGroup>
            </exchange>
            <exchange number="8460" category="air" subCategory="low population density" localCategory="air" localSubCategory="low population density" name="Lactofen" unit="kg" meanValue="9.9851582176488E-5" generalComment="See pesticide use summary sheet" infrastructureProcess="false">
                <outputGroup>4</outputGroup>
            </exchange>
            <exchange number="17066" category="22: Utilities" subCategory="2213: Water, Sewage and Other Systems" localCategory="22: Utilities" localSubCategory="2213: Water, Sewage and Other Systems" name="Natural gas, combusted in industrial boiler" location="RNA" unit="m3" meanValue="1.2598013591218" infrastructureProcess="false">
                <inputGroup>5</inputGroup>
            </exchange>
            <exchange number="48943" category="air" subCategory="low population density" localCategory="air" localSubCategory="low population density" name="Ammonia" unit="kg" meanValue="0.0966446629030625" generalComment="See Nitrous Oxide Basis Sheet" infrastructureProcess="false">
                <outputGroup>4</outputGroup>
            </exchange>
            <exchange number="47833" category="air" subCategory="low population density" localCategory="air" localSubCategory="low population density" name="Thiodicarb" unit="kg" meanValue="2.53148889567464E-5" generalComment="See pesticide use summary sheet" infrastructureProcess="false">
                <outputGroup>4</outputGroup>
            </exchange>
            <exchange number="52550" category="air" subCategory="low population density" localCategory="air" localSubCategory="low population density" name="Clethodim" unit="kg" meanValue="3.493588314208E-4" generalComment="See pesticide use summary sheet" infrastructureProcess="false">
                <outputGroup>4</outputGroup>
            </exchange>
            <exchange number="41913" category="air" subCategory="low population density" localCategory="air" localSubCategory="low population density" name="Cyfluthrin" unit="kg" meanValue="1.23328946199534E-5" generalComment="See pesticide use summary sheet" infrastructureProcess="false">
                <outputGroup>4</outputGroup>
            </exchange>
            <exchange number="8180" category="air" subCategory="low population density" localCategory="air" localSubCategory="low population density" name="Metribuzin" unit="kg" meanValue="6.47572423388265E-4" generalComment="See pesticide use summary sheet" infrastructureProcess="false">
                <outputGroup>4</outputGroup>
            </exchange>
            <exchange number="36442" category="Technosphere Flows" subCategory="CUTOFF Flows" localCategory="Technosphere Flows" localSubCategory="CUTOFF Flows" name="CUTOFF Potash Fertilizer (K2O), at plant" location="RNA" unit="kg" meanValue="9.3" generalComment="See fertilizer application rate sheet" infrastructureProcess="false">
                <inputGroup>5</inputGroup>
            </exchange>
            <exchange number="12666" category="air" subCategory="low population density" localCategory="air" localSubCategory="low population density" name="Trifluralin" unit="kg" meanValue="0.00717668783629071" generalComment="See pesticide use summary sheet" infrastructureProcess="false">
                <outputGroup>4</outputGroup>
            </exchange>
            <exchange number="15118" category="water" subCategory="unspecified" localCategory="water" localSubCategory="unspecified" name="Flumioxazin" unit="kg" meanValue="9.01382685566374E-6" generalComment="See pesticide use summary sheet" infrastructureProcess="false">
                <outputGroup>4</outputGroup>
            </exchange>
            <exchange number="6490" category="air" subCategory="low population density" localCategory="air" localSubCategory="low population density" name="Particulates" unit="kg" meanValue="0.0012" generalComment="No change from 2003 USDA Soy Ag LCI" infrastructureProcess="false">
                <outputGroup>4</outputGroup>
            </exchange>
            <exchange number="42325" category="48-49: Transportation and Warehousing" subCategory="4821: Rail Transportation" localCategory="48-49: Transportation and Warehousing" localSubCategory="4821: Rail Transportation" name="Transport, train, diesel powered" location="RNA" unit="t*km" meanValue="20.85" infrastructureProcess="false">
                <inputGroup>5</inputGroup>
            </exchange>
            <exchange number="25062" category="water" subCategory="unspecified" localCategory="water" localSubCategory="unspecified" name="Acetamide" unit="kg" meanValue="3.28054451428813E-6" generalComment="See pesticide use summary sheet" infrastructureProcess="false">
                <outputGroup>4</outputGroup>
            </exchange>
            <exchange number="3308" category="water" subCategory="unspecified" localCategory="water" localSubCategory="unspecified" name="Cyhalothrin, gamma-" unit="kg" meanValue="6.06608231174267E-6" generalComment="See pesticide use summary sheet" infrastructureProcess="false">
                <outputGroup>4</outputGroup>
            </exchange>
            <exchange number="39234" category="air" subCategory="low population density" localCategory="air" localSubCategory="low population density" name="Dinitrogen monoxide" unit="kg" meanValue="0.349772188722173" generalComment="See Nitrous Oxide Basis Sheet.  Source 8" infrastructureProcess="false">
                <outputGroup>4</outputGroup>
            </exchange>
            <exchange number="30018" category="air" subCategory="low population density" localCategory="air" localSubCategory="low population density" name="Alachlor" unit="kg" meanValue="5.00379517010802E-4" generalComment="See pesticide use summary sheet" infrastructureProcess="false">
                <outputGroup>4</outputGroup>
            </exchange>
            <exchange number="31184" category="air" subCategory="low population density" localCategory="air" localSubCategory="low population density" name="Methyl parathion" unit="kg" meanValue="7.99538121801313E-5" generalComment="See pesticide use summary sheet" infrastructureProcess="false">
                <outputGroup>4</outputGroup>
            </exchange>
            <exchange number="46167" category="water" subCategory="unspecified" localCategory="water" localSubCategory="unspecified" name="Methyl parathion" unit="kg" meanValue="3.42659195057705E-6" generalComment="See pesticide use summary sheet" infrastructureProcess="false">
                <outputGroup>4</outputGroup>
            </exchange>
            <exchange number="33090" category="water" subCategory="unspecified" localCategory="water" localSubCategory="unspecified" name="Bentazone" unit="kg" meanValue="9.27053488443489E-6" generalComment="See pesticide use summary sheet" infrastructureProcess="false">
                <outputGroup>4</outputGroup>
            </exchange>
            <exchange number="32786" category="water" subCategory="unspecified" localCategory="water" localSubCategory="unspecified" name="Imazamox" unit="kg" meanValue="1.33283626730898E-6" generalComment="See pesticide use summary sheet" infrastructureProcess="false">
                <outputGroup>4</outputGroup>
            </exchange>
            <exchange number="11072" category="air" subCategory="low population density" localCategory="air" localSubCategory="low population density" name="Esfenvalerate" unit="kg" meanValue="7.37444097418343E-5" generalComment="See pesticide use summary sheet" infrastructureProcess="false">
                <outputGroup>4</outputGroup>
            </exchange>
            <exchange number="37974" category="Emission to water" subCategory="unspecified" localCategory="Emission to water" localSubCategory="unspecified" name="Suspended solids, unspecified" unit="kg" meanValue="2812.26" generalComment="No change from 2003 USDA Soy Ag LCI" infrastructureProcess="false">
                <outputGroup>4</outputGroup>
            </exchange>
            <exchange number="4256" category="resource" subCategory="land" localCategory="resource" localSubCategory="land" name="Occupation, arable, reduced tillage" unit="m2" meanValue="813.0" infrastructureProcess="false">
                <inputGroup>4</inputGroup>
            </exchange>
            <exchange number="40054" category="water" subCategory="unspecified" localCategory="water" localSubCategory="unspecified" name="Chlorpyrifos" unit="kg" meanValue="1.0097298375662E-4" generalComment="See pesticide use summary sheet" infrastructureProcess="false">
                <outputGroup>4</outputGroup>
            </exchange>
            <exchange number="12516" category="water" subCategory="unspecified" localCategory="water" localSubCategory="unspecified" name="Dicamba" unit="kg" meanValue="1.6969321168808E-6" generalComment="See pesticide use summary sheet" infrastructureProcess="false">
                <outputGroup>4</outputGroup>
            </exchange>
            <exchange number="50257" category="water" subCategory="unspecified" localCategory="water" localSubCategory="unspecified" name="Thiodicarb" unit="kg" meanValue="1.08492381243199E-6" generalComment="See pesticide use summary sheet" infrastructureProcess="false">
                <outputGroup>4</outputGroup>
            </exchange>
            <exchange number="48135" category="water" subCategory="unspecified" localCategory="water" localSubCategory="unspecified" name="Imazaquin" unit="kg" meanValue="4.24948948025539E-6" generalComment="See pesticide use summary sheet" infrastructureProcess="false">
                <outputGroup>4</outputGroup>
            </exchange>
            <exchange number="11804" category="air" subCategory="low population density" localCategory="air" localSubCategory="low population density" name="Acephate" unit="kg" meanValue="5.15060625312264E-4" generalComment="See pesticide use summary sheet" infrastructureProcess="false">
                <outputGroup>4</outputGroup>
            </exchange>
            <exchange number="37910" category="water" subCategory="unspecified" localCategory="water" localSubCategory="unspecified" name="Fluazifop-p-butyl" unit="kg" meanValue="5.93660328209156E-6" generalComment="See pesticide use summary sheet" infrastructureProcess="false">
                <outputGroup>4</outputGroup>
            </exchange>
            <exchange number="15590" category="air" subCategory="low population density" localCategory="air" localSubCategory="low population density" name="Cyhalothrin, gamma-" unit="kg" meanValue="1.41541920607329E-4" generalComment="See pesticide use summary sheet" infrastructureProcess="false">
                <outputGroup>4</outputGroup>
            </exchange>
            <exchange number="40572" category="air" subCategory="low population density" localCategory="air" localSubCategory="low population density" name="Quizalofop-ethyl" unit="kg" meanValue="2.42076012044906E-5" generalComment="See pesticide use summary sheet" infrastructureProcess="false">
                <outputGroup>4</outputGroup>
            </exchange>
            <exchange number="42455" category="water" subCategory="unspecified" localCategory="water" localSubCategory="unspecified" name="Fomesafen" unit="kg" meanValue="3.35080683132629E-5" generalComment="See pesticide use summary sheet" infrastructureProcess="false">
                <outputGroup>4</outputGroup>
            </exchange>
            <exchange number="31046" category="air" subCategory="low population density" localCategory="air" localSubCategory="low population density" name="Fluazifop-p-butyl" unit="kg" meanValue="1.38520743248803E-4" generalComment="See pesticide use summary sheet" infrastructureProcess="false">
                <outputGroup>4</outputGroup>
            </exchange>
            <exchange number="35094" category="water" subCategory="unspecified" localCategory="water" localSubCategory="unspecified" name="Sethoxydim" unit="kg" meanValue="2.2332575761939E-6" generalComment="See pesticide use summary sheet" infrastructureProcess="false">
                <outputGroup>4</outputGroup>
            </exchange>
            <exchange number="7084" category="11: Agriculture, Forestry, Fishing and Hunting" subCategory="1111: Oilseed and Grain Farming" localCategory="11: Agriculture, Forestry, Fishing and Hunting" localSubCategory="1111: Oilseed and Grain Farming" name="Soybean residues, at field" location="RNA" unit="kg" meanValue="2100.0" generalComment="2.1 * soybean production.  Source 11" infrastructureProcess="false">
                <outputGroup>2</outputGroup>
            </exchange>
            <exchange number="17468" category="water" subCategory="unspecified" localCategory="water" localSubCategory="unspecified" name="Sulfentrazone" unit="kg" meanValue="2.13562670596883E-5" generalComment="See pesticide use summary sheet" infrastructureProcess="false">
                <outputGroup>4</outputGroup>
            </exchange>
            <exchange number="40742" category="air" subCategory="low population density" localCategory="air" localSubCategory="low population density" name="Fomesafen" unit="kg" meanValue="7.81854927309468E-4" generalComment="See pesticide use summary sheet" infrastructureProcess="false">
                <outputGroup>4</outputGroup>
            </exchange>
            <exchange number="12218" category="air" subCategory="low population density" localCategory="air" localSubCategory="low population density" name="Azoxystrobin" unit="kg" meanValue="2.33993629646358E-4" generalComment="See pesticide use summary sheet" infrastructureProcess="false">
                <outputGroup>4</outputGroup>
            </exchange>
            <exchange number="48977" category="resource" subCategory="in water" localCategory="resource" localSubCategory="in water" name="Water, well, in ground" unit="m3" meanValue="34725.0" generalComment="See Irrigation Basis sheet" infrastructureProcess="false">
                <inputGroup>4</inputGroup>
            </exchange>
            <exchange number="39520" category="air" subCategory="low population density" localCategory="air" localSubCategory="low population density" name="Glyphosate" unit="kg" meanValue="0.156275410301381" generalComment="See pesticide use summary sheet" infrastructureProcess="false">
                <outputGroup>4</outputGroup>
            </exchange>
            <exchange number="27076" category="water" subCategory="unspecified" localCategory="water" localSubCategory="unspecified" name="Metolachlor" unit="kg" meanValue="6.99241988138082E-5" generalComment="See pesticide use summary sheet" infrastructureProcess="false">
                <outputGroup>4</outputGroup>
            </exchange>
            <exchange number="20188" category="air" subCategory="low population density" localCategory="air" localSubCategory="low population density" name="Atrazine" unit="kg" meanValue="3.95788552342978E-4" generalComment="See pesticide use summary sheet" infrastructureProcess="false">
                <outputGroup>4</outputGroup>
            </exchange>
            <exchange number="52154" category="air" subCategory="low population density" localCategory="air" localSubCategory="low population density" name="Flumiclorac-pentyl" unit="kg" meanValue="2.07855093149756E-5" generalComment="See pesticide use summary sheet" infrastructureProcess="false">
                <outputGroup>4</outputGroup>
            </exchange>
            <exchange number="23140" category="water" subCategory="unspecified" localCategory="water" localSubCategory="unspecified" name="Metribuzin" unit="kg" meanValue="2.77531038594971E-5" generalComment="See pesticide use summary sheet" infrastructureProcess="false">
                <outputGroup>4</outputGroup>
            </exchange>
            <exchange number="42889" category="water" subCategory="unspecified" localCategory="water" localSubCategory="unspecified" name="Esfenvalerate" unit="kg" meanValue="3.16047470322147E-6" generalComment="See pesticide use summary sheet" infrastructureProcess="false">
                <outputGroup>4</outputGroup>
            </exchange>
            <exchange number="35868" category="22: Utilities" subCategory="2211: Electric Power Generation, Transmission and Distribution" localCategory="22: Utilities" localSubCategory="2211: Electric Power Generation, Transmission and Distribution" name="Electricity, at grid" location="RNA" unit="MJ" meanValue="25.0" infrastructureProcess="false">
                <inputGroup>5</inputGroup>
            </exchange>
            <exchange number="12262" category="air" subCategory="low population density" localCategory="air" localSubCategory="low population density" name="Pyraclostrobin" unit="kg" meanValue="1.80449721281423E-4" generalComment="See pesticide use summary sheet" infrastructureProcess="false">
                <outputGroup>4</outputGroup>
            </exchange>
            <exchange number="25494" category="water" subCategory="unspecified" localCategory="water" localSubCategory="unspecified" name="Imazethapyr" unit="kg" meanValue="8.79536934592065E-6" generalComment="See pesticide use summary sheet" infrastructureProcess="false">
                <outputGroup>4</outputGroup>
            </exchange>
            <exchange number="47983" category="air" subCategory="low population density" localCategory="air" localSubCategory="low population density" name="Acetamide" unit="kg" meanValue="1.26847721219141E-4" generalComment="See pesticide use summary sheet" infrastructureProcess="false">
                <outputGroup>4</outputGroup>
            </exchange>
            <exchange number="47753" category="air" subCategory="low population density" localCategory="air" localSubCategory="low population density" name="Flumioxazin" unit="kg" meanValue="2.10322626632154E-4" generalComment="See pesticide use summary sheet" infrastructureProcess="false">
                <outputGroup>4</outputGroup>
            </exchange>
            <exchange number="2932" category="air" subCategory="low population density" localCategory="air" localSubCategory="low population density" name="2,4-D" unit="kg" meanValue="0.00484605916612395" generalComment="See pesticide use summary sheet" infrastructureProcess="false">
                <outputGroup>4</outputGroup>
            </exchange>
            <exchange number="27672" category="water" subCategory="unspecified" localCategory="water" localSubCategory="unspecified" name="Pyraclostrobin" unit="kg" meanValue="7.73355948348957E-6" generalComment="See pesticide use summary sheet" infrastructureProcess="false">
                <outputGroup>4</outputGroup>
            </exchange>
            <exchange number="18910" category="water" subCategory="unspecified" localCategory="water" localSubCategory="unspecified" name="Flumetsulam" unit="kg" meanValue="5.20779793825763E-7" generalComment="See pesticide use summary sheet" infrastructureProcess="false">
                <outputGroup>4</outputGroup>
            </exchange>
            <exchange number="31520" category="air" subCategory="low population density" localCategory="air" localSubCategory="low population density" name="Flufenacet" unit="kg" meanValue="5.19279773471722E-5" generalComment="See pesticide use summary sheet" infrastructureProcess="false">
                <outputGroup>4</outputGroup>
            </exchange>
            <exchange number="33746" category="water" subCategory="unspecified" localCategory="water" localSubCategory="unspecified" name="Clethodim" unit="kg" meanValue="1.49725213466057E-5" generalComment="See pesticide use summary sheet" infrastructureProcess="false">
                <outputGroup>4</outputGroup>
            </exchange>
            <exchange number="9802" category="water" subCategory="unspecified" localCategory="water" localSubCategory="unspecified" name="Flumiclorac-pentyl" unit="kg" meanValue="8.90807542070384E-7" generalComment="See pesticide use summary sheet" infrastructureProcess="false">
                <outputGroup>4</outputGroup>
            </exchange>
            <exchange number="5940" category="Technosphere Flows" subCategory="CUTOFF Flows" localCategory="Technosphere Flows" localSubCategory="CUTOFF Flows" name="CUTOFF Agrochemicals, at plant" location="RNA" unit="kg" meanValue="0.52" generalComment="See pesticide use summary sheet." infrastructureProcess="false">
                <inputGroup>5</inputGroup>
            </exchange>
            <exchange number="39556" category="air" subCategory="low population density" localCategory="air" localSubCategory="low population density" name="Nitrogen oxides" unit="kg" meanValue="0.261509087855345" generalComment="See Nitrous Oxide Basis Sheet.  Source 8" infrastructureProcess="false">
                <outputGroup>4</outputGroup>
            </exchange>
            <exchange number="37752" category="air" subCategory="low population density" localCategory="air" localSubCategory="low population density" name="Sethoxydim" unit="kg" meanValue="5.21093434445244E-5" generalComment="See pesticide use summary sheet" infrastructureProcess="false">
                <outputGroup>4</outputGroup>
            </exchange>
            <exchange number="3300" category="water" subCategory="unspecified" localCategory="water" localSubCategory="unspecified" name="Acephate" unit="kg" meanValue="2.2074026799097E-5" generalComment="See pesticide use summary sheet" infrastructureProcess="false">
                <outputGroup>4</outputGroup>
            </exchange>
            <exchange number="35944" category="air" subCategory="low population density" localCategory="air" localSubCategory="low population density" name="Hydrocarbons, unspecified" unit="kg" meanValue="0.200699021774911" generalComment="See pesticide use summary sheet" infrastructureProcess="false">
                <outputGroup>4</outputGroup>
            </exchange>
            <exchange number="42879" category="air" subCategory="low population density" localCategory="air" localSubCategory="low population density" name="Paraquat" unit="kg" meanValue="4.1663133516238E-4" generalComment="See pesticide use summary sheet" infrastructureProcess="false">
                <outputGroup>4</outputGroup>
            </exchange>
            <exchange number="20366" category="22: Utilities" subCategory="2213: Water, Sewage and Other Systems" localCategory="22: Utilities" localSubCategory="2213: Water, Sewage and Other Systems" name="Gasoline, combusted in equipment" location="RNA" unit="m3" meanValue="4.5" infrastructureProcess="false">
                <inputGroup>5</inputGroup>
            </exchange>
            <exchange number="39524" category="48-49: Transportation and Warehousing" subCategory="4841: General Freight Trucking" localCategory="48-49: Transportation and Warehousing" localSubCategory="4841: General Freight Trucking" name="Transport, single unit truck, diesel powered" location="RNA" unit="t*km" meanValue="0.022" infrastructureProcess="false">
                <inputGroup>5</inputGroup>
            </exchange>
            <exchange number="18258" category="water" subCategory="unspecified" localCategory="water" localSubCategory="unspecified" name="Quizalofop ethyl ester" unit="kg" meanValue="1.0374686230496E-6" generalComment="See pesticide use summary sheet" infrastructureProcess="false">
                <outputGroup>4</outputGroup>
            </exchange>
            <exchange number="13902" category="air" subCategory="low population density" localCategory="air" localSubCategory="low population density" name="Zeta-cypermethrin" unit="kg" meanValue="2.99206332710866E-5" generalComment="See pesticide use summary sheet" infrastructureProcess="false">
                <outputGroup>4</outputGroup>
            </exchange>
            <exchange number="47345" category="water" subCategory="unspecified" localCategory="water" localSubCategory="unspecified" name="Paraquat" unit="kg" meanValue="1.78556286498163E-5" generalComment="See pesticide use summary sheet" infrastructureProcess="false">
                <outputGroup>4</outputGroup>
            </exchange>
            <exchange number="7086" category="water" subCategory="unspecified" localCategory="water" localSubCategory="unspecified" name="Alachlor" unit="kg" meanValue="2.14448364433201E-5" generalComment="See pesticide use summary sheet" infrastructureProcess="false">
                <outputGroup>4</outputGroup>
            </exchange>
            <exchange number="8868" category="air" subCategory="low population density" localCategory="air" localSubCategory="low population density" name="Imazaquin" unit="kg" meanValue="9.91547545392924E-5" generalComment="See pesticide use summary sheet" infrastructureProcess="false">
                <outputGroup>4</outputGroup>
            </exchange>
            <exchange number="7584" category="water" subCategory="unspecified" localCategory="water" localSubCategory="unspecified" name="Azoxystrobin" unit="kg" meanValue="6.05155938740581E-6" generalComment="See pesticide use summary sheet" infrastructureProcess="false">
                <outputGroup>4</outputGroup>
            </exchange>
            <exchange number="21414" category="water" subCategory="unspecified" localCategory="water" localSubCategory="unspecified" name="Carfentrazone-ethyl" unit="kg" meanValue="2.78185592931279E-7" generalComment="See pesticide use summary sheet" infrastructureProcess="false">
                <outputGroup>4</outputGroup>
            </exchange>
            <exchange number="8440" category="air" subCategory="low population density" localCategory="air" localSubCategory="low population density" name="Dicamba" unit="kg" meanValue="3.95950827272188E-5" generalComment="See pesticide use summary sheet" infrastructureProcess="false">
                <outputGroup>4</outputGroup>
            </exchange>
            <exchange number="33672" category="air" subCategory="low population density" localCategory="air" localSubCategory="low population density" name="Permethrin" unit="kg" meanValue="6.52202031662783E-5" generalComment="See pesticide use summary sheet" infrastructureProcess="false">
                <outputGroup>4</outputGroup>
            </exchange>
            <exchange number="30656" category="water" subCategory="unspecified" localCategory="water" localSubCategory="unspecified" name="Trifluralin" unit="kg" meanValue="1.85603995766139E-4" generalComment="See pesticide use summary sheet" infrastructureProcess="false">
                <outputGroup>4</outputGroup>
            </exchange>
            <exchange number="11504" category="water" subCategory="unspecified" localCategory="water" localSubCategory="unspecified" name="2,4-D" unit="kg" meanValue="2.07688249976741E-4" generalComment="See pesticide use summary sheet" infrastructureProcess="false">
                <outputGroup>4</outputGroup>
            </exchange>
            <exchange number="47667" category="water" subCategory="unspecified" localCategory="water" localSubCategory="unspecified" name="Propiconazole" unit="kg" meanValue="3.2825899965891E-6" generalComment="See pesticide use summary sheet" infrastructureProcess="false">
                <outputGroup>4</outputGroup>
            </exchange>
            <exchange number="19490" category="water" subCategory="unspecified" localCategory="water" localSubCategory="unspecified" name="Pendimethalin" unit="kg" meanValue="1.88120348092786E-4" generalComment="See pesticide use summary sheet" infrastructureProcess="false">
                <outputGroup>4</outputGroup>
            </exchange>
            <exchange number="20356" category="water" subCategory="unspecified" localCategory="water" localSubCategory="unspecified" name="Zeta-cypermethrin" unit="kg" meanValue="1.28231285447514E-6" generalComment="See pesticide use summary sheet" infrastructureProcess="false">
                <outputGroup>4</outputGroup>
            </exchange>
            <exchange number="28002" category="resource" subCategory="land" localCategory="resource" localSubCategory="land" name="Occupation, arable, conventional tillage" unit="m2" meanValue="956.0" infrastructureProcess="false">
                <inputGroup>4</inputGroup>
            </exchange>
            <exchange number="45819" category="water" subCategory="unspecified" localCategory="water" localSubCategory="unspecified" name="Acifluorfen" unit="kg" meanValue="3.03058657711017E-6" generalComment="See pesticide use summary sheet" infrastructureProcess="false">
                <outputGroup>4</outputGroup>
            </exchange>
            <exchange number="17382" category="air" subCategory="low population density" localCategory="air" localSubCategory="low population density" name="Bentazone" unit="kg" meanValue="2.16312480636814E-4" generalComment="See pesticide use summary sheet" infrastructureProcess="false">
                <outputGroup>4</outputGroup>
            </exchange>
            <exchange number="27466" category="air" subCategory="low population density" localCategory="air" localSubCategory="low population density" name="Chlorpyrifos" unit="kg" meanValue="0.00235603628765448" generalComment="See pesticide use summary sheet" infrastructureProcess="false">
                <outputGroup>4</outputGroup>
            </exchange>
            <exchange number="7104" category="air" subCategory="low population density" localCategory="air" localSubCategory="low population density" name="Thifensulfuron" unit="kg" meanValue="7.10191454895149E-6" generalComment="See pesticide use summary sheet" infrastructureProcess="false">
                <outputGroup>4</outputGroup>
            </exchange>
            <exchange number="51790" category="resource" subCategory="in water" localCategory="resource" localSubCategory="in water" name="Water, river" unit="m3" meanValue="15855.0" generalComment="See Irrigation Basis sheet" infrastructureProcess="false">
                <inputGroup>4</inputGroup>
            </exchange>
            <exchange number="38410" category="water" subCategory="unspecified" localCategory="water" localSubCategory="unspecified" name="Flufenacet" unit="kg" meanValue="2.22548474345024E-6" generalComment="See pesticide use summary sheet" infrastructureProcess="false">
                <outputGroup>4</outputGroup>
            </exchange>
            <exchange number="10352" category="water" subCategory="unspecified" localCategory="water" localSubCategory="unspecified" name="Diflubenzuron" unit="kg" meanValue="2.78185592931279E-7" generalComment="See pesticide use summary sheet" infrastructureProcess="false">
                <outputGroup>4</outputGroup>
            </exchange>
            <exchange number="14968" category="air" subCategory="low population density" localCategory="air" localSubCategory="low population density" name="Trifloxystrobin" unit="kg" meanValue="4.54369801787756E-6" generalComment="See pesticide use summary sheet" infrastructureProcess="false">
                <outputGroup>4</outputGroup>
            </exchange>
            <exchange number="51936" category="air" subCategory="low population density" localCategory="air" localSubCategory="low population density" name="Fenoxaprop" unit="kg" meanValue="9.65201733356491E-5" generalComment="See pesticide use summary sheet" infrastructureProcess="false">
                <outputGroup>4</outputGroup>
            </exchange>
            <exchange number="6922" category="water" subCategory="unspecified" localCategory="water" localSubCategory="unspecified" name="Fenoxaprop" unit="kg" meanValue="4.13657885724211E-6" generalComment="See pesticide use summary sheet" infrastructureProcess="false">
                <outputGroup>4</outputGroup>
            </exchange>
            <exchange number="9616" category="31-33: Manufacturing" subCategory="3274: Lime and Gypsum Product Manufacturing" localCategory="31-33: Manufacturing" localSubCategory="3274: Lime and Gypsum Product Manufacturing" name="Quicklime, at plant" location="RNA" unit="kg" meanValue="94.3" infrastructureProcess="false">
                <inputGroup>5</inputGroup>
            </exchange>
            <exchange number="2860" category="resource" subCategory="land" localCategory="resource" localSubCategory="land" name="Occupation, arable, conservation tillage" unit="m2" meanValue="2278.0" infrastructureProcess="false">
                <inputGroup>4</inputGroup>
            </exchange>
            <exchange number="35500" category="air" subCategory="low population density" localCategory="air" localSubCategory="low population density" name="Cloransulam-methyl" unit="kg" meanValue="6.15069709625926E-5" generalComment="See pesticide use summary sheet" infrastructureProcess="false">
                <outputGroup>4</outputGroup>
            </exchange>
            <exchange number="29910" category="water" subCategory="unspecified" localCategory="water" localSubCategory="unspecified" name="Glyphosate" unit="kg" meanValue="0.0066975175843449" generalComment="See pesticide use summary sheet" infrastructureProcess="false">
                <outputGroup>4</outputGroup>
            </exchange>
            <exchange number="13730" category="water" subCategory="unspecified" localCategory="water" localSubCategory="unspecified" name="Atrazine" unit="kg" meanValue="1.69623665289848E-5" generalComment="See pesticide use summary sheet" infrastructureProcess="false">
                <outputGroup>4</outputGroup>
            </exchange>
            <exchange number="44521" category="water" subCategory="unspecified" localCategory="water" localSubCategory="unspecified" name="Chlorimuron-ethyl" unit="kg" meanValue="5.0621595984289E-6" generalComment="See pesticide use summary sheet" infrastructureProcess="false">
                <outputGroup>4</outputGroup>
            </exchange>
            <exchange number="50251" category="air" subCategory="low population density" localCategory="air" localSubCategory="low population density" name="Acifluorfen" unit="kg" meanValue="7.07136867992374E-5" generalComment="See pesticide use summary sheet" infrastructureProcess="false">
                <outputGroup>4</outputGroup>
            </exchange>
            <exchange number="50323" category="Technosphere Flows" subCategory="CUTOFF Flows" localCategory="Technosphere Flows" localSubCategory="CUTOFF Flows" name="CUTOFF Phosphorous Fertilizer (TSP as P2O5), at plant" location="RNA" unit="kg" meanValue="5.0" generalComment="See fertilizer application rate sheet" infrastructureProcess="false">
                <inputGroup>5</inputGroup>
            </exchange>
            <exchange number="31724" category="air" subCategory="low population density" localCategory="air" localSubCategory="low population density" name="Imazamox" unit="kg" meanValue="3.10995129038763E-5" generalComment="See pesticide use summary sheet" infrastructureProcess="false">
                <outputGroup>4</outputGroup>
            </exchange>
            <exchange number="21900" category="air" subCategory="low population density" localCategory="air" localSubCategory="low population density" name="Sulfentrazone" unit="kg" meanValue="4.98312898059394E-4" generalComment="See pesticide use summary sheet" infrastructureProcess="false">
                <outputGroup>4</outputGroup>
            </exchange>
            <exchange number="44153" category="water" subCategory="unspecified" localCategory="water" localSubCategory="unspecified" name="Cloransulam-methyl" unit="kg" meanValue="2.63601304125397E-6" generalComment="See pesticide use summary sheet" infrastructureProcess="false">
                <outputGroup>4</outputGroup>
            </exchange>
            <exchange number="46225" category="water" subCategory="unspecified" localCategory="water" localSubCategory="unspecified" name="Lactofen" unit="kg" meanValue="4.27935352184948E-6" generalComment="See pesticide use summary sheet" infrastructureProcess="false">
                <outputGroup>4</outputGroup>
            </exchange>
            <exchange number="20524" category="air" subCategory="low population density" localCategory="air" localSubCategory="low population density" name="Diflubenzuron" unit="kg" meanValue="6.49099716839652E-6" generalComment="See pesticide use summary sheet" infrastructureProcess="false">
                <outputGroup>4</outputGroup>
            </exchange>
            <exchange number="50127" category="water" subCategory="unspecified" localCategory="water" localSubCategory="unspecified" name="Carbaryl" unit="kg" meanValue="2.53148889567464E-6" generalComment="See pesticide use summary sheet" infrastructureProcess="false">
                <outputGroup>4</outputGroup>
            </exchange>
            <exchange number="22792" category="air" subCategory="low population density" localCategory="air" localSubCategory="low population density" name="Imazethapyr" unit="kg" meanValue="2.05225284738149E-4" generalComment="See pesticide use summary sheet" infrastructureProcess="false">
                <outputGroup>4</outputGroup>
            </exchange>
            <exchange number="42147" category="water" subCategory="unspecified" localCategory="water" localSubCategory="unspecified" name="Nitrogen, total" unit="kg" meanValue="0.197606810510475" generalComment="N runoff as fact of N fert applied*N fert applied. Sources 9 &amp; 10." infrastructureProcess="false">
                <outputGroup>4</outputGroup>
            </exchange>
            <exchange number="7622" category="air" subCategory="low population density" localCategory="air" localSubCategory="low population density" name="Carfentrazone-ethyl" unit="kg" meanValue="6.49099716839652E-6" generalComment="See pesticide use summary sheet" infrastructureProcess="false">
                <outputGroup>4</outputGroup>
            </exchange>
            <exchange number="49579" category="22: Utilities" subCategory="2213: Water, Sewage and Other Systems" localCategory="22: Utilities" localSubCategory="2213: Water, Sewage and Other Systems" name="Diesel, combusted in industrial equipment" location="RNA" unit="m3" meanValue="14.3" infrastructureProcess="false">
                <inputGroup>5</inputGroup>
            </exchange>
            <exchange number="32434" category="air" subCategory="low population density" localCategory="air" localSubCategory="low population density" name="Pendimethalin" unit="kg" meanValue="0.00438947478883168" generalComment="See pesticide use summary sheet" infrastructureProcess="false">
                <outputGroup>4</outputGroup>
            </exchange>
            <exchange number="16762" category="air" subCategory="low population density" localCategory="air" localSubCategory="low population density" name="Propiconazole" unit="kg" meanValue="7.65937665870789E-5" generalComment="See pesticide use summary sheet" infrastructureProcess="false">
                <outputGroup>4</outputGroup>
            </exchange>
            <exchange number="11404" category="22: Utilities" subCategory="2213: Water, Sewage and Other Systems" localCategory="22: Utilities" localSubCategory="2213: Water, Sewage and Other Systems" name="Liquefied petroleum gas, combusted in industrial boiler" location="RNA" unit="m3" meanValue="1.28305084745763" infrastructureProcess="false">
                <inputGroup>5</inputGroup>
            </exchange>
            <exchange number="40346" category="water" subCategory="unspecified" localCategory="water" localSubCategory="unspecified" name="Permethrin" unit="kg" meanValue="2.79515156426907E-6" generalComment="See pesticide use summary sheet" infrastructureProcess="false">
                <outputGroup>4</outputGroup>
            </exchange>
        </flowData>
    </dataset>
</ecoSpold>
