<?xml version="1.0" encoding="UTF-8" standalone="yes"?>
<ecoSpold xmlns="http://www.EcoInvent.org/EcoSpold01">
    <dataset number="95206" generator="openLCA" timestamp="2019-10-15T12:53:01.411-06:00">
        <metaInformation>
            <processInformation>
                <referenceFunction datasetRelatesToProduct="false" name="Natural gas, extracted, 0.7369 kg/m3" localName="Natural gas, extracted, 0.7369 kg/m3" infrastructureProcess="false" amount="1.0" unit="kg" category="21: Mining, Quarrying, and Oil and Gas Extraction" subCategory="2111: Oil and Gas Extraction" localCategory="21: Mining, Quarrying, and Oil and Gas Extraction" localSubCategory="2111: Oil and Gas Extraction" generalComment="This module includes data for natural gas co-extracted with crude oil as well as natural gas produced independently.  In cases where data represent both crude oil and natural gas extraction, the data module allocates environmental emissions based on the percent weight of natural gas produced.  No allocation was given if the data were specific to the natural gas extraction.  The data module also apportions environmental emissions according to the percent share of onshore and offshore extraction. Complete inventory data and metadata are available in full in the final report and appendices, Cradle-to-Gate Life Cycle Inventory of Nine Plastic Resins and Four Polyurethane Precursors. This report has been extensively reviewed within Franklin Associates and has undergone partial critical review by ACC Plastics Division members and is available at: www.americanchemistry.com. Quantities may vary slightly between the reference to main source and and this module due to rounding. Important note: although most of the data in the US LCI database has undergone some sort of review, the database as a whole has not yet undergone a formal validation process.  Please email comments to lci@nrel.gov.  "/>
                <geography location="RNA" text="US"/>
                <technology text="Onshore and offshore underground well extraction using automated pumps when co-produced with crude oil. An estimated 80 percent of natural gas is extracted onshore and 20 percent is extracted offshore ."/>
                <timePeriod dataValidForEntirePeriod="true">
                    <startDate>2002-12-31-07:00</startDate>
                    <endDate>2002-12-31-07:00</endDate>
                </timePeriod>
                <dataSetInformation type="1" impactAssessmentResult="false" timestamp="2019-07-21T13:22:14.564-06:00" version="0.0" internalVersion="0.0" energyValues="0" languageCode="en" localLanguageCode="en"/>
            </processInformation>
            <modellingAndValidation>
                <representativeness samplingProcedure="Data collected from secondary sources."/>
                <source number="2175" sourceType="0" firstAuthor="THE PLASTICS DIVISION OF &#xA;THE AMERICAN C " year="2010" title="CRADLE-TO-GATE LIFE CYCLE INVENTORY OF NINE PLASTIC RESINS AND FOUR POLYURETHANE PRECURSORS" placeOfPublications="unknown"/>
            </modellingAndValidation>
            <administrativeInformation>
                <dataEntryBy person="1689"/>
                <dataGeneratorAndPublication person="1689" dataPublishedIn="0" referenceToPublishedSource="2175" copyright="false" accessRestrictedTo="0"/>
                <person number="1689" name="Franklin Associates" address="Prairie Village, KS" telephone="913-649-2225 x236" email="Melissa.Huff@erg.com" companyCode="unknown" countryCode="US"/>
            </administrativeInformation>
        </metaInformation>
        <flowData>
            <exchange number="52332" category="21: Mining, Quarrying, and Oil and Gas Extraction" subCategory="2111: Oil and Gas Extraction" localCategory="21: Mining, Quarrying, and Oil and Gas Extraction" localSubCategory="2111: Oil and Gas Extraction" name="Natural gas, extracted, 0.7369 kg/m3" location="RNA" unit="kg" meanValue="1.0" infrastructureProcess="false">
                <outputGroup>0</outputGroup>
            </exchange>
            <exchange number="21158" category="water" subCategory="unspecified" localCategory="water" localSubCategory="unspecified" name="Titanium, ion" unit="kg" meanValue="2.23E-7" infrastructureProcess="false">
                <outputGroup>4</outputGroup>
            </exchange>
            <exchange number="18242" category="water" subCategory="unspecified" localCategory="water" localSubCategory="unspecified" name="Toluene" unit="kg" meanValue="2.4E-7" infrastructureProcess="false">
                <outputGroup>4</outputGroup>
            </exchange>
            <exchange number="44041" category="water" subCategory="unspecified" localCategory="water" localSubCategory="unspecified" name="Fluorenes, alkylated, unspecified" unit="kg" meanValue="2.74E-9" infrastructureProcess="false">
                <outputGroup>4</outputGroup>
            </exchange>
            <exchange number="39226" category="Emission to water" subCategory="unspecified" localCategory="Emission to water" localSubCategory="unspecified" CASNumber="007440-02-0" name="Nickel" unit="kg" meanValue="5.78E-8" formula="Ni" infrastructureProcess="false">
                <outputGroup>4</outputGroup>
            </exchange>
            <exchange number="30956" category="water" subCategory="unspecified" localCategory="water" localSubCategory="unspecified" name="Vanadium" unit="kg" meanValue="6.79E-9" infrastructureProcess="false">
                <outputGroup>4</outputGroup>
            </exchange>
            <exchange number="45987" category="Emission to water" subCategory="unspecified" localCategory="Emission to water" localSubCategory="unspecified" CASNumber="007440-31-5" name="Tin" unit="kg" meanValue="5.78E-8" formula="Sn" infrastructureProcess="false">
                <outputGroup>4</outputGroup>
            </exchange>
            <exchange number="5306" category="water" subCategory="unspecified" localCategory="water" localSubCategory="unspecified" name="Strontium" unit="kg" meanValue="1.39E-5" infrastructureProcess="false">
                <outputGroup>4</outputGroup>
            </exchange>
            <exchange number="39160" category="water" subCategory="unspecified" localCategory="water" localSubCategory="unspecified" name="Aluminum" unit="kg" meanValue="2.3E-5" infrastructureProcess="false">
                <outputGroup>4</outputGroup>
            </exchange>
            <exchange number="17954" category="water" subCategory="unspecified" localCategory="water" localSubCategory="unspecified" name="p-Xylene" unit="kg" meanValue="2.76E-9" infrastructureProcess="false">
                <outputGroup>4</outputGroup>
            </exchange>
            <exchange number="48469" category="water" subCategory="unspecified" localCategory="water" localSubCategory="unspecified" name="Phenols, unspecified" unit="kg" meanValue="7.4E-8" infrastructureProcess="false">
                <outputGroup>4</outputGroup>
            </exchange>
            <exchange number="4832" category="water" subCategory="unspecified" localCategory="water" localSubCategory="unspecified" name="o-Xylene" unit="kg" meanValue="2.76E-9" infrastructureProcess="false">
                <outputGroup>4</outputGroup>
            </exchange>
            <exchange number="13708" category="water" subCategory="unspecified" localCategory="water" localSubCategory="unspecified" name="Benzene, pentamethyl-" unit="kg" meanValue="1.31E-11" infrastructureProcess="false">
                <outputGroup>4</outputGroup>
            </exchange>
            <exchange number="35268" category="water" subCategory="unspecified" localCategory="water" localSubCategory="unspecified" name="Sulfate" unit="kg" meanValue="1.02E-5" infrastructureProcess="false">
                <outputGroup>4</outputGroup>
            </exchange>
            <exchange number="35868" category="22: Utilities" subCategory="2211: Electric Power Generation, Transmission and Distribution" localCategory="22: Utilities" localSubCategory="2211: Electric Power Generation, Transmission and Distribution" name="Electricity, at grid" location="RNA" unit="MJ" meanValue="0.039" infrastructureProcess="false">
                <inputGroup>5</inputGroup>
            </exchange>
            <exchange number="43311" category="water" subCategory="unspecified" localCategory="water" localSubCategory="unspecified" name="Hexanoic acid" unit="kg" meanValue="5.35E-8" infrastructureProcess="false">
                <outputGroup>4</outputGroup>
            </exchange>
            <exchange number="48459" category="water" subCategory="unspecified" localCategory="water" localSubCategory="unspecified" name="Fluorene" unit="kg" meanValue="1.28E-9" infrastructureProcess="false">
                <outputGroup>4</outputGroup>
            </exchange>
            <exchange number="19894" category="water" subCategory="unspecified" localCategory="water" localSubCategory="unspecified" name="Dibenzofuran" unit="kg" meanValue="3.33E-11" infrastructureProcess="false">
                <outputGroup>4</outputGroup>
            </exchange>
            <exchange number="37974" category="Emission to water" subCategory="unspecified" localCategory="Emission to water" localSubCategory="unspecified" name="Suspended solids, unspecified" unit="kg" meanValue="0.00256" infrastructureProcess="false">
                <outputGroup>4</outputGroup>
            </exchange>
            <exchange number="21180" category="water" subCategory="unspecified" localCategory="water" localSubCategory="unspecified" name="Tetradecane" unit="kg" meanValue="6.04E-9" infrastructureProcess="false">
                <outputGroup>4</outputGroup>
            </exchange>
            <exchange number="41983" category="water" subCategory="unspecified" localCategory="water" localSubCategory="unspecified" name="Arsenic, ion" unit="kg" meanValue="4.7E-8" infrastructureProcess="false">
                <outputGroup>4</outputGroup>
            </exchange>
            <exchange number="40630" category="water" subCategory="unspecified" localCategory="water" localSubCategory="unspecified" name="Benzene, 1-methyl-4-(1-methylethyl)-" unit="kg" meanValue="1.75E-11" infrastructureProcess="false">
                <outputGroup>4</outputGroup>
            </exchange>
            <exchange number="14146" category="water" subCategory="unspecified" localCategory="water" localSubCategory="unspecified" name="Phenanthrenes, alkylated, unspecified" unit="kg" meanValue="3.21E-10" infrastructureProcess="false">
                <outputGroup>4</outputGroup>
            </exchange>
            <exchange number="38284" category="water" subCategory="unspecified" localCategory="water" localSubCategory="unspecified" name="Dibenzothiophene" unit="kg" meanValue="3.64E-11" infrastructureProcess="false">
                <outputGroup>4</outputGroup>
            </exchange>
            <exchange number="28582" category="Emission to water" subCategory="unspecified" localCategory="Emission to water" localSubCategory="unspecified" CASNumber="007439-98-7" name="Molybdenum" unit="kg" meanValue="5.85E-9" formula="Mo" infrastructureProcess="false">
                <outputGroup>4</outputGroup>
            </exchange>
            <exchange number="16668" category="water" subCategory="unspecified" localCategory="water" localSubCategory="unspecified" name="o-Cresol" unit="kg" meanValue="7.33E-9" infrastructureProcess="false">
                <outputGroup>4</outputGroup>
            </exchange>
            <exchange number="29722" category="water" subCategory="unspecified" localCategory="water" localSubCategory="unspecified" name="Dissolved solids" unit="kg" meanValue="0.00623" infrastructureProcess="false">
                <outputGroup>4</outputGroup>
            </exchange>
            <exchange number="5888" category="water" subCategory="unspecified" localCategory="water" localSubCategory="unspecified" name="Oils, unspecified" unit="kg" meanValue="4.5E-6" infrastructureProcess="false">
                <outputGroup>4</outputGroup>
            </exchange>
            <exchange number="25558" category="Emission to water" subCategory="unspecified" localCategory="Emission to water" localSubCategory="unspecified" CASNumber="007440-66-6" name="Zinc" unit="kg" meanValue="5.26E-7" formula="Zn" infrastructureProcess="false">
                <outputGroup>4</outputGroup>
            </exchange>
            <exchange number="48547" category="water" subCategory="unspecified" localCategory="water" localSubCategory="unspecified" name="n-Hexacosane" unit="kg" meanValue="1.17E-10" infrastructureProcess="false">
                <outputGroup>4</outputGroup>
            </exchange>
            <exchange number="11838" category="resource" subCategory="fossil-" localCategory="resource" localSubCategory="fossil-" name="Gas, natural, 49.8 MJ per kg, in ground" unit="kg" meanValue="1.04" generalComment="This weight reflects material loss at extraction." infrastructureProcess="false">
                <inputGroup>4</inputGroup>
            </exchange>
            <exchange number="35190" category="water" subCategory="unspecified" localCategory="water" localSubCategory="unspecified" name="Mercury" unit="kg" meanValue="2.54E-10" infrastructureProcess="false">
                <outputGroup>4</outputGroup>
            </exchange>
            <exchange number="4488" category="water" subCategory="unspecified" localCategory="water" localSubCategory="unspecified" name="Acetone" unit="kg" meanValue="1.8E-9" infrastructureProcess="false">
                <outputGroup>4</outputGroup>
            </exchange>
            <exchange number="50053" category="Technosphere Flows" subCategory="CUTOFF Flows" localCategory="Technosphere Flows" localSubCategory="CUTOFF Flows" name="CUTOFF Disposal, solid waste, unspecified, to sanitary landfill" location="RNA" unit="kg" meanValue="0.0247" infrastructureProcess="false">
                <inputGroup>5</inputGroup>
            </exchange>
            <exchange number="6612" category="water" subCategory="unspecified" localCategory="water" localSubCategory="unspecified" name="Dodecane" unit="kg" meanValue="1.4E-8" infrastructureProcess="false">
                <outputGroup>4</outputGroup>
            </exchange>
            <exchange number="28148" category="water" subCategory="unspecified" localCategory="water" localSubCategory="unspecified" name="Boron" unit="kg" meanValue="7.98E-7" infrastructureProcess="false">
                <outputGroup>4</outputGroup>
            </exchange>
            <exchange number="32722" category="water" subCategory="unspecified" localCategory="water" localSubCategory="unspecified" name="Biphenyl" unit="kg" meanValue="3.06E-9" infrastructureProcess="false">
                <outputGroup>4</outputGroup>
            </exchange>
            <exchange number="7064" category="water" subCategory="unspecified" localCategory="water" localSubCategory="unspecified" name="m-Xylene" unit="kg" meanValue="7.52E-9" infrastructureProcess="false">
                <outputGroup>4</outputGroup>
            </exchange>
            <exchange number="8254" category="22: Utilities" subCategory="2213: Water, Sewage and Other Systems" localCategory="22: Utilities" localSubCategory="2213: Water, Sewage and Other Systems" name="Residual fuel oil, combusted in industrial boiler" location="RNA" unit="m3" meanValue="7.98E-4" infrastructureProcess="false">
                <inputGroup>5</inputGroup>
            </exchange>
            <exchange number="5720" category="water" subCategory="unspecified" localCategory="water" localSubCategory="unspecified" name="Radium-226/kg" unit="kg" meanValue="9.21E-15" infrastructureProcess="false">
                <outputGroup>4</outputGroup>
            </exchange>
            <exchange number="30004" category="water" subCategory="unspecified" localCategory="water" localSubCategory="unspecified" name="Surfactants, unspecified" unit="kg" meanValue="1.24E-7" infrastructureProcess="false">
                <outputGroup>4</outputGroup>
            </exchange>
            <exchange number="7812" category="water" subCategory="unspecified" localCategory="water" localSubCategory="unspecified" name="Silver" unit="kg" meanValue="3.02E-7" infrastructureProcess="false">
                <outputGroup>4</outputGroup>
            </exchange>
            <exchange number="4860" category="water" subCategory="unspecified" localCategory="water" localSubCategory="unspecified" name="Cadmium, ion" unit="kg" meanValue="7.31E-9" infrastructureProcess="false">
                <outputGroup>4</outputGroup>
            </exchange>
            <exchange number="3920" category="water" subCategory="unspecified" localCategory="water" localSubCategory="unspecified" name="Naphthalene, 2-methyl-" unit="kg" meanValue="3.94E-9" infrastructureProcess="false">
                <outputGroup>4</outputGroup>
            </exchange>
            <exchange number="43891" category="water" subCategory="unspecified" localCategory="water" localSubCategory="unspecified" name="Selenium" unit="kg" meanValue="2.81E-9" infrastructureProcess="false">
                <outputGroup>4</outputGroup>
            </exchange>
            <exchange number="49579" category="22: Utilities" subCategory="2213: Water, Sewage and Other Systems" localCategory="22: Utilities" localSubCategory="2213: Water, Sewage and Other Systems" name="Diesel, combusted in industrial equipment" location="RNA" unit="m3" meanValue="0.00129" generalComment="Includes diesel fuel and distillate oil amounts." infrastructureProcess="false">
                <inputGroup>5</inputGroup>
            </exchange>
            <exchange number="9780" category="water" subCategory="unspecified" localCategory="water" localSubCategory="unspecified" name="Methyl ethyl ketone" unit="kg" meanValue="1.41E-11" infrastructureProcess="false">
                <outputGroup>4</outputGroup>
            </exchange>
            <exchange number="46069" category="Emission to water" subCategory="unspecified" localCategory="Emission to water" localSubCategory="unspecified" CASNumber="007440-47-3" name="Chromium" unit="kg" meanValue="6.19E-7" formula="Cr" infrastructureProcess="false">
                <outputGroup>4</outputGroup>
            </exchange>
            <exchange number="19538" category="Emission to water" subCategory="unspecified" localCategory="Emission to water" localSubCategory="unspecified" CASNumber="007440-50-8" name="Copper" unit="kg" meanValue="6.72E-8" formula="Cu" infrastructureProcess="false">
                <outputGroup>4</outputGroup>
            </exchange>
            <exchange number="17734" category="water" subCategory="unspecified" localCategory="water" localSubCategory="unspecified" name="Fluorene, 1-methyl-" unit="kg" meanValue="2.0E-11" infrastructureProcess="false">
                <outputGroup>4</outputGroup>
            </exchange>
            <exchange number="6046" category="water" subCategory="unspecified" localCategory="water" localSubCategory="unspecified" name="Docosane" unit="kg" meanValue="1.88E-10" infrastructureProcess="false">
                <outputGroup>4</outputGroup>
            </exchange>
            <exchange number="51440" category="water" subCategory="unspecified" localCategory="water" localSubCategory="unspecified" name="Lithium, ion" unit="kg" meanValue="1.5E-4" infrastructureProcess="false">
                <outputGroup>4</outputGroup>
            </exchange>
            <exchange number="19838" category="Emission to water" subCategory="unspecified" localCategory="Emission to water" localSubCategory="unspecified" name="COD, Chemical Oxygen Demand" unit="kg" meanValue="4.02E-5" infrastructureProcess="false">
                <outputGroup>4</outputGroup>
            </exchange>
            <exchange number="27606" category="water" subCategory="unspecified" localCategory="water" localSubCategory="unspecified" name="BOD5, Biological Oxygen Demand" unit="kg" meanValue="2.43E-5" infrastructureProcess="false">
                <outputGroup>4</outputGroup>
            </exchange>
            <exchange number="31334" category="water" subCategory="unspecified" localCategory="water" localSubCategory="unspecified" name="Yttrium" unit="kg" meanValue="1.71E-9" infrastructureProcess="false">
                <outputGroup>4</outputGroup>
            </exchange>
            <exchange number="20366" category="22: Utilities" subCategory="2213: Water, Sewage and Other Systems" localCategory="22: Utilities" localSubCategory="2213: Water, Sewage and Other Systems" name="Gasoline, combusted in equipment" location="RNA" unit="m3" meanValue="6.84E-4" infrastructureProcess="false">
                <inputGroup>5</inputGroup>
            </exchange>
            <exchange number="10342" category="Emission to water" subCategory="unspecified" localCategory="Emission to water" localSubCategory="unspecified" CASNumber="007439-92-1" name="Lead" unit="kg" meanValue="1.26E-7" formula="Pb" infrastructureProcess="false">
                <outputGroup>4</outputGroup>
            </exchange>
            <exchange number="33248" category="water" subCategory="unspecified" localCategory="water" localSubCategory="unspecified" name="Hexadecane" unit="kg" meanValue="1.53E-8" infrastructureProcess="false">
                <outputGroup>4</outputGroup>
            </exchange>
            <exchange number="36670" category="Emission to air" subCategory="unspecified" localCategory="Emission to air" localSubCategory="unspecified" CASNumber="000074-82-8" name="Methane" unit="kg" meanValue="0.0034" formula="CH4" infrastructureProcess="false">
                <outputGroup>4</outputGroup>
            </exchange>
            <exchange number="8936" category="Emission to water" subCategory="unspecified" localCategory="Emission to water" localSubCategory="unspecified" CASNumber="007439-96-5" name="Manganese" unit="kg" meanValue="1.42E-7" formula="Mn" infrastructureProcess="false">
                <outputGroup>4</outputGroup>
            </exchange>
            <exchange number="51226" category="water" subCategory="unspecified" localCategory="water" localSubCategory="unspecified" name="Benzene" unit="kg" meanValue="2.6E-7" infrastructureProcess="false">
                <outputGroup>4</outputGroup>
            </exchange>
            <exchange number="45439" category="water" subCategory="unspecified" localCategory="water" localSubCategory="unspecified" name="Methane, monochloro-, R-40" unit="kg" meanValue="7.06E-12" infrastructureProcess="false">
                <outputGroup>4</outputGroup>
            </exchange>
            <exchange number="8298" category="Emission to water" subCategory="unspecified" localCategory="Emission to water" localSubCategory="unspecified" CASNumber="007704-34-9" name="Sulfur" unit="kg" meanValue="6.48E-7" formula="S" infrastructureProcess="false">
                <outputGroup>4</outputGroup>
            </exchange>
            <exchange number="24718" category="water" subCategory="unspecified" localCategory="water" localSubCategory="unspecified" name="Barium" unit="kg" meanValue="3.1E-4" infrastructureProcess="false">
                <outputGroup>4</outputGroup>
            </exchange>
            <exchange number="26192" category="water" subCategory="unspecified" localCategory="water" localSubCategory="unspecified" name="Phenanthrene" unit="kg" meanValue="2.04E-10" infrastructureProcess="false">
                <outputGroup>4</outputGroup>
            </exchange>
            <exchange number="17450" category="water" subCategory="unspecified" localCategory="water" localSubCategory="unspecified" name="p-Cresol" unit="kg" meanValue="7.9E-9" infrastructureProcess="false">
                <outputGroup>4</outputGroup>
            </exchange>
            <exchange number="23974" category="water" subCategory="unspecified" localCategory="water" localSubCategory="unspecified" name="Phenol, 2,4-dimethyl-" unit="kg" meanValue="7.13E-9" infrastructureProcess="false">
                <outputGroup>4</outputGroup>
            </exchange>
            <exchange number="27804" category="water" subCategory="unspecified" localCategory="water" localSubCategory="unspecified" name="Eicosane" unit="kg" meanValue="3.85E-9" infrastructureProcess="false">
                <outputGroup>4</outputGroup>
            </exchange>
            <exchange number="42561" category="water" subCategory="unspecified" localCategory="water" localSubCategory="unspecified" name="Lead-210/kg" unit="kg" meanValue="2.65E-17" infrastructureProcess="false">
                <outputGroup>4</outputGroup>
            </exchange>
            <exchange number="9588" category="water" subCategory="unspecified" localCategory="water" localSubCategory="unspecified" name="Bromide" unit="kg" meanValue="3.0E-5" infrastructureProcess="false">
                <outputGroup>4</outputGroup>
            </exchange>
            <exchange number="20918" category="air" subCategory="unspecified" localCategory="air" localSubCategory="unspecified" name="Carbon dioxide, fossil " unit="kg" meanValue="0.017" infrastructureProcess="false">
                <outputGroup>4</outputGroup>
            </exchange>
            <exchange number="17670" category="water" subCategory="unspecified" localCategory="water" localSubCategory="unspecified" name="Magnesium" unit="kg" meanValue="1.01E-4" infrastructureProcess="false">
                <outputGroup>4</outputGroup>
            </exchange>
            <exchange number="13658" category="water" subCategory="unspecified" localCategory="water" localSubCategory="unspecified" name="Benzenes, alkylated, unspecified" unit="kg" meanValue="4.73E-8" infrastructureProcess="false">
                <outputGroup>4</outputGroup>
            </exchange>
            <exchange number="46129" category="water" subCategory="unspecified" localCategory="water" localSubCategory="unspecified" name="Thallium" unit="kg" meanValue="3.05E-9" infrastructureProcess="false">
                <outputGroup>4</outputGroup>
            </exchange>
            <exchange number="26410" category="Emission to water" subCategory="unspecified" localCategory="Emission to water" localSubCategory="unspecified" CASNumber="007439-89-6" name="Iron" unit="kg" meanValue="4.29E-5" formula="Fe" infrastructureProcess="false">
                <outputGroup>4</outputGroup>
            </exchange>
            <exchange number="11696" category="water" subCategory="unspecified" localCategory="water" localSubCategory="unspecified" name="Cyanide" unit="kg" meanValue="1.27E-11" infrastructureProcess="false">
                <outputGroup>4</outputGroup>
            </exchange>
            <exchange number="10186" category="water" subCategory="unspecified" localCategory="water" localSubCategory="unspecified" name="Sodium, ion" unit="kg" meanValue="0.00143" infrastructureProcess="false">
                <outputGroup>4</outputGroup>
            </exchange>
            <exchange number="35448" category="water" subCategory="unspecified" localCategory="water" localSubCategory="unspecified" name="Cobalt" unit="kg" meanValue="5.64E-9" infrastructureProcess="false">
                <outputGroup>4</outputGroup>
            </exchange>
            <exchange number="28378" category="water" subCategory="unspecified" localCategory="water" localSubCategory="unspecified" name="Antimony" unit="kg" meanValue="1.4E-8" infrastructureProcess="false">
                <outputGroup>4</outputGroup>
            </exchange>
            <exchange number="52058" category="water" subCategory="unspecified" localCategory="water" localSubCategory="unspecified" name="Benzoic acid" unit="kg" meanValue="2.58E-7" infrastructureProcess="false">
                <outputGroup>4</outputGroup>
            </exchange>
            <exchange number="11286" category="water" subCategory="unspecified" localCategory="water" localSubCategory="unspecified" name="4-Methyl-2-pentanone" unit="kg" meanValue="7.4E-10" infrastructureProcess="false">
                <outputGroup>4</outputGroup>
            </exchange>
            <exchange number="40390" category="water" subCategory="unspecified" localCategory="water" localSubCategory="unspecified" name="Beryllium" unit="kg" meanValue="2.99E-9" infrastructureProcess="false">
                <outputGroup>4</outputGroup>
            </exchange>
            <exchange number="17066" category="22: Utilities" subCategory="2213: Water, Sewage and Other Systems" localCategory="22: Utilities" localSubCategory="2213: Water, Sewage and Other Systems" name="Natural gas, combusted in industrial boiler" location="RNA" unit="m3" meanValue="0.0328" infrastructureProcess="false">
                <inputGroup>5</inputGroup>
            </exchange>
            <exchange number="30688" category="water" subCategory="unspecified" localCategory="water" localSubCategory="unspecified" name="Xylene" unit="kg" meanValue="1.12E-7" generalComment="Additional unspeciated xylenes" infrastructureProcess="false">
                <outputGroup>4</outputGroup>
            </exchange>
            <exchange number="31348" category="water" subCategory="unspecified" localCategory="water" localSubCategory="unspecified" name="Naphthalenes, alkylated, unspecified" unit="kg" meanValue="7.74E-10" infrastructureProcess="false">
                <outputGroup>4</outputGroup>
            </exchange>
            <exchange number="25118" category="water" subCategory="unspecified" localCategory="water" localSubCategory="unspecified" name="Chloride" unit="kg" meanValue="0.0063" infrastructureProcess="false">
                <outputGroup>4</outputGroup>
            </exchange>
            <exchange number="44657" category="water" subCategory="unspecified" localCategory="water" localSubCategory="unspecified" name="Calcium, ion" unit="kg" meanValue="5.04E-4" infrastructureProcess="false">
                <outputGroup>4</outputGroup>
            </exchange>
            <exchange number="26156" category="water" subCategory="unspecified" localCategory="water" localSubCategory="unspecified" name="2-Hexanone" unit="kg" meanValue="1.7E-9" infrastructureProcess="false">
                <outputGroup>4</outputGroup>
            </exchange>
            <exchange number="32110" category="water" subCategory="unspecified" localCategory="water" localSubCategory="unspecified" name="Naphthalene" unit="kg" meanValue="4.64E-9" infrastructureProcess="false">
                <outputGroup>4</outputGroup>
            </exchange>
            <exchange number="33522" category="water" subCategory="unspecified" localCategory="water" localSubCategory="unspecified" name="Benzene, ethyl-" unit="kg" meanValue="1.46E-8" infrastructureProcess="false">
                <outputGroup>4</outputGroup>
            </exchange>
            <exchange number="31130" category="Emission to water" subCategory="unspecified" localCategory="Emission to water" localSubCategory="unspecified" CASNumber="007664-41-7" name="Ammonia" unit="kg" meanValue="2.5E-6" formula="NH3" infrastructureProcess="false">
                <outputGroup>4</outputGroup>
            </exchange>
            <exchange number="11152" category="water" subCategory="unspecified" localCategory="water" localSubCategory="unspecified" name="Radium-228/kg" unit="kg" meanValue="4.71E-17" infrastructureProcess="false">
                <outputGroup>4</outputGroup>
            </exchange>
            <exchange number="38130" category="water" subCategory="unspecified" localCategory="water" localSubCategory="unspecified" name="Decane" unit="kg" meanValue="7.39E-9" infrastructureProcess="false">
                <outputGroup>4</outputGroup>
            </exchange>
            <exchange number="40202" category="water" subCategory="unspecified" localCategory="water" localSubCategory="unspecified" name="Octadecane" unit="kg" meanValue="3.8E-9" infrastructureProcess="false">
                <outputGroup>4</outputGroup>
            </exchange>
        </flowData>
    </dataset>
</ecoSpold>
