<?xml version="1.0" encoding="UTF-8" standalone="yes"?>
<ecoSpold xmlns="http://www.EcoInvent.org/EcoSpold01">
    <dataset number="100618" generator="openLCA" timestamp="2019-10-15T12:53:01.536-06:00">
        <metaInformation>
            <processInformation>
                <referenceFunction datasetRelatesToProduct="false" name="Natural soda ash (Sodium carbonate), at plant" localName="Natural soda ash (Sodium carbonate), at plant" infrastructureProcess="false" amount="1.0" unit="kg" category="21: Mining, Quarrying, and Oil and Gas Extraction" subCategory="2123: Nonmetallic Mineral Mining and Quarrying" localCategory="21: Mining, Quarrying, and Oil and Gas Extraction" localSubCategory="2123: Nonmetallic Mineral Mining and Quarrying" generalComment="The monohydrate process is the dominant process to produce soda ash but a weighted average of all natural soda ash production is accounted for. The collected datasets were weighted based on total annual production.  Complete inventory data and metadata are available in full in the final report and appendices, IMA-NA Soda Ash Life Cycle Assessment. This report has been extensively reviewed within Sustainable Solutions Corporation by Tad Radzinski, Jim Mellentine and Cara Watson, as well as IMA-NA soda ash producers. This report has undergone a full critical review by Dennis S. Kostick, Lyle Nehls and Andrew Swanson. Quantities may vary slightly between the reference to main source and this module due to rounding. Important note: although most of the data in the US LCI database has undergone some sort of review, the database as a whole has not yet undergone a formal validation process.  Please email comments to lci@nrel.gov.&#xA;&#xA;Includes material and energy requirements and environmental emissions for one tonne of soda ash production from trona extracted from dry and solution mining. Soda ash is produced using either of two processes - the monohydrate process or the sesquicarbonate process. The monohydrate process is the dominant process The mined ore is screened and crushed, then the crushed ore is calcined to decompose the sodium sesquicarbonate in the trona ore, releasing carbon dioxide and water and leaving anhydrous sodium carbonate and insoluble impurities.  The calcined trona is dissolved in water where the insoluble material settles out, leaving a sodium carbonate solution which is filtered and sent to multistage evaporative crystallizers.  The settled and filtered insolubles are sent to tailings waste ponds.  The crystallizers produce soda ash as monohydrate crystals which are recovered in centrifuges and then dried to remove the water, producing granular dense soda ash. The sesquicarbonate process dissolves trona in water and that solution is settled to remove insolubles and filtered to a clean solution.  That solution is then sent to multistage crystallizers where sesquicarbonate crystals are formed.  The sesquicarbonate crystals are recovered in centrifuges and sent to a calciner, where water and carbon dioxide are driven off by heat to form medium density granular soda ash. Several of the US soda ash producers make a portion of their soda ash by dissolving trona in water below the surface, bringing the solution to the surface through wells, and then recovering the sodium carbonate on the surface.  One facility recovers trona from a shallow mixed salt deposits by injecting lake water into the formation and recovering via wells as a saturated brine. "/>
                <geography location="US" text="US"/>
                <technology text="There are multiple processes for the prodcution of soda ash: (1) the monohydrate process, (2) the sesquicarbonate process, (3) ELDM process, and (4) solution process. These  technologies are represented in this average mix."/>
                <timePeriod dataValidForEntirePeriod="true">
                    <startDate>2012-12-30-07:00</startDate>
                    <endDate>2012-12-30-07:00</endDate>
                </timePeriod>
                <dataSetInformation type="1" impactAssessmentResult="false" timestamp="2019-07-20T18:31:30.293-06:00" version="0.0" internalVersion="0.0" energyValues="0" languageCode="en" localLanguageCode="en"/>
            </processInformation>
            <modellingAndValidation>
                <representativeness samplingProcedure="Data are from primary sources. The data collected for this module represent all 5 producers and 5 plants in the U.S. "/>
                <source number="1852" sourceType="0" firstAuthor="Sustainable Solutions Corporation. (2015). IMA-NA Soda Ash Life Cycle Assessment " year="2015" title="IMA-NA Soda Ash Life Cycle Assessment" placeOfPublications="unknown" text="http://www.ima-na.org"/>
                <validation proofReadingDetails="The peer review board for this dataset: &#xA; &#xA;Dennis S. Kostick &#xA;Formerly Mineral Commodiry Specialist dor Soda Ash &#xA;US Geological Survey &#xA; &#xA;Lyle Nehls &#xA;Former Director of Technology &#xA;FMC Alkali Chemicals &#xA; &#xA;Andrew Swanson &#xA;Managing Director &#xA;IHS Chemical Consulting" proofReadingValidator="1676"/>
            </modellingAndValidation>
            <administrativeInformation>
                <dataEntryBy person="1734"/>
                <dataGeneratorAndPublication person="1724" dataPublishedIn="0" referenceToPublishedSource="1852" copyright="false" accessRestrictedTo="0"/>
                <person number="1676" name="Sustainble Solutions Corporation" address="Royersford, PA" telephone="610-569-1047" telefax="610-569-1040" email="cara@sustainablesolutionscorporation.com" companyCode="unknown" countryCode="US"/>
                <person number="1724" name="Cara Watson" address="Royersford, PA" telephone="610-569-1047" telefax="610-569-1040" email="cara@sustainablesolutionscorporation.com" companyCode="unknown" countryCode="US"/>
                <person number="1734" name="James Mellentine" address="Royersford, PA" telephone="610-569-1047" telefax="610-569-1040" email="james@sustainablesolutionscorporation.com" companyCode="unknown" countryCode="US"/>
            </administrativeInformation>
        </metaInformation>
        <flowData>
            <exchange number="38800" category="21: Mining, Quarrying, and Oil and Gas Extraction" subCategory="2123: Nonmetallic Mineral Mining and Quarrying" localCategory="21: Mining, Quarrying, and Oil and Gas Extraction" localSubCategory="2123: Nonmetallic Mineral Mining and Quarrying" name="Natural soda ash (Sodium carbonate), at plant" location="US" unit="kg" meanValue="1.0" infrastructureProcess="false">
                <outputGroup>0</outputGroup>
            </exchange>
            <exchange number="32388" category="21: Mining, Quarrying, and Oil and Gas Extraction" subCategory="2121: Coal Mining" localCategory="21: Mining, Quarrying, and Oil and Gas Extraction" localSubCategory="2121: Coal Mining" name="Lignite coal, at surface mine" location="RNA" unit="kg" meanValue="149.69" infrastructureProcess="false">
                <inputGroup>5</inputGroup>
            </exchange>
            <exchange number="31562" category="Technosphere Flows" subCategory="CUTOFF Flows" localCategory="Technosphere Flows" localSubCategory="CUTOFF Flows" name="CUTOFF Carbon dioxide, liquid, at plant" location="US" unit="kg" meanValue="0.10614" infrastructureProcess="false">
                <inputGroup>5</inputGroup>
            </exchange>
            <exchange number="47029" category="21: Mining, Quarrying, and Oil and Gas Extraction" subCategory="2123: Nonmetallic Mineral Mining and Quarrying" localCategory="21: Mining, Quarrying, and Oil and Gas Extraction" localSubCategory="2123: Nonmetallic Mineral Mining and Quarrying" name="Sodium chloride, at plant" location="RNA" unit="kg" meanValue="9.25E-4" infrastructureProcess="false">
                <inputGroup>5</inputGroup>
            </exchange>
            <exchange number="39588" category="Technosphere Flows" subCategory="CUTOFF Flows" localCategory="Technosphere Flows" localSubCategory="CUTOFF Flows" name="CUTOFF Gravel, unspecified, at mine" location="US" unit="kg" meanValue="0.0357" infrastructureProcess="false">
                <inputGroup>5</inputGroup>
            </exchange>
            <exchange number="28586" category="31-33: Manufacturing" subCategory="3311: Iron and Steel Mills and Ferroalloy Manufacturing" localCategory="31-33: Manufacturing" localSubCategory="3311: Iron and Steel Mills and Ferroalloy Manufacturing" name="Iron and steel, production mix" location="RNA" unit="kg" meanValue="1.05E-4" infrastructureProcess="false">
                <inputGroup>5</inputGroup>
            </exchange>
            <exchange number="11404" category="22: Utilities" subCategory="2213: Water, Sewage and Other Systems" localCategory="22: Utilities" localSubCategory="2213: Water, Sewage and Other Systems" name="Liquefied petroleum gas, combusted in industrial boiler" location="RNA" unit="m3" meanValue="0.001412" infrastructureProcess="false">
                <inputGroup>5</inputGroup>
            </exchange>
            <exchange number="18982" category="Technosphere Flows" subCategory="CUTOFF Flows" localCategory="Technosphere Flows" localSubCategory="CUTOFF Flows" name="CUTOFF Activated carbon, at plant" location="US" unit="kg" meanValue="0.205" infrastructureProcess="false">
                <inputGroup>5</inputGroup>
            </exchange>
            <exchange number="13986" category="31-33: Manufacturing" subCategory="3252: Resin, Synthetic Rubber, and Artificial and Synthetic Fibers and Filaments Manufacturing" localCategory="31-33: Manufacturing" localSubCategory="3252: Resin, Synthetic Rubber, and Artificial and Synthetic Fibers and Filaments Manufacturing" name="Methylene diphenyl diisocyanate resin, at plant" location="RNA" unit="kg" meanValue="0.043817" infrastructureProcess="false">
                <inputGroup>5</inputGroup>
            </exchange>
            <exchange number="32262" category="air" subCategory="unspecified" localCategory="air" localSubCategory="unspecified" name="Hexane" unit="kg" meanValue="0.00137" infrastructureProcess="false">
                <outputGroup>4</outputGroup>
            </exchange>
            <exchange number="9920" category="air" subCategory="unspecified" localCategory="air" localSubCategory="unspecified" name="Methyl ethyl ketone" unit="kg" meanValue="9.13E-4" infrastructureProcess="false">
                <outputGroup>4</outputGroup>
            </exchange>
            <exchange number="21916" category="31-33: Manufacturing" subCategory="3252: Resin, Synthetic Rubber, and Artificial and Synthetic Fibers and Filaments Manufacturing" localCategory="31-33: Manufacturing" localSubCategory="3252: Resin, Synthetic Rubber, and Artificial and Synthetic Fibers and Filaments Manufacturing" name="Polystyrene, general purpose, at plant" location="RNA" unit="kg" meanValue="0.0016647" infrastructureProcess="false">
                <inputGroup>5</inputGroup>
            </exchange>
            <exchange number="10070" category="air" subCategory="unspecified" localCategory="air" localSubCategory="unspecified" name="Acrolein" unit="kg" meanValue="2.74E-4" infrastructureProcess="false">
                <outputGroup>4</outputGroup>
            </exchange>
            <exchange number="10904" category="air" subCategory="unspecified" localCategory="air" localSubCategory="unspecified" name="Xylene" unit="kg" meanValue="0.00242" infrastructureProcess="false">
                <outputGroup>4</outputGroup>
            </exchange>
            <exchange number="40384" category="48-49: Transportation and Warehousing" subCategory="4841: General Freight Trucking" localCategory="48-49: Transportation and Warehousing" localSubCategory="4841: General Freight Trucking" name="Transport, combination truck, average fuel mix" location="RNA" unit="t*km" meanValue="0.0105" infrastructureProcess="false">
                <inputGroup>5</inputGroup>
            </exchange>
            <exchange number="3128" category="Emission to air" subCategory="unspecified" localCategory="Emission to air" localSubCategory="unspecified" CASNumber="007439-92-1" name="Lead" unit="kg" meanValue="3.14E-6" formula="Pb" infrastructureProcess="false">
                <outputGroup>4</outputGroup>
            </exchange>
            <exchange number="50147" category="Emission to air" subCategory="unspecified" localCategory="Emission to air" localSubCategory="unspecified" CASNumber="007446-09-5" name="Sulfur dioxide" unit="kg" meanValue="0.643" formula="SOx as SO2" infrastructureProcess="false">
                <outputGroup>4</outputGroup>
            </exchange>
            <exchange number="42463" category="air" subCategory="unspecified" localCategory="air" localSubCategory="unspecified" name="Butadiene" unit="kg" meanValue="0.0032" infrastructureProcess="false">
                <outputGroup>4</outputGroup>
            </exchange>
            <exchange number="17596" category="air" subCategory="unspecified" localCategory="air" localSubCategory="unspecified" name="Benzene, ethyl-" unit="kg" meanValue="5.48E-4" infrastructureProcess="false">
                <outputGroup>4</outputGroup>
            </exchange>
            <exchange number="49345" category="31-33: Manufacturing" subCategory="3252: Resin, Synthetic Rubber, and Artificial and Synthetic Fibers and Filaments Manufacturing" localCategory="31-33: Manufacturing" localSubCategory="3252: Resin, Synthetic Rubber, and Artificial and Synthetic Fibers and Filaments Manufacturing" name="Polyethylene, high density, resin, at plant" location="RNA" unit="kg" meanValue="0.018098" infrastructureProcess="false">
                <inputGroup>5</inputGroup>
            </exchange>
            <exchange number="7044" category="air" subCategory="unspecified" localCategory="air" localSubCategory="unspecified" name="Toluene" unit="kg" meanValue="0.00256" infrastructureProcess="false">
                <outputGroup>4</outputGroup>
            </exchange>
            <exchange number="44057" category="31-33: Manufacturing" subCategory="3251: Basic Chemical Manufacturing" localCategory="31-33: Manufacturing" localSubCategory="3251: Basic Chemical Manufacturing" name="Chlorine, production mix, at plant" location="US" unit="kg" meanValue="0.0364" infrastructureProcess="false">
                <inputGroup>5</inputGroup>
            </exchange>
            <exchange number="8424" category="resource" subCategory="ground-" localCategory="resource" localSubCategory="ground-" name="Natural gas, at extraction site" unit="kg" meanValue="114.0" infrastructureProcess="false">
                <inputGroup>4</inputGroup>
            </exchange>
            <exchange number="50405" category="air" subCategory="unspecified" localCategory="air" localSubCategory="unspecified" name="Heavy metals, unspecified" unit="kg" meanValue="8.93E-6" infrastructureProcess="false">
                <outputGroup>4</outputGroup>
            </exchange>
            <exchange number="21468" category="final-waste-flow" subCategory="unspecified" localCategory="final-waste-flow" localSubCategory="unspecified" name="Waste in inert landfill" unit="kg" meanValue="57.9" infrastructureProcess="false">
                <outputGroup>4</outputGroup>
            </exchange>
            <exchange number="44813" category="air" subCategory="unspecified" localCategory="air" localSubCategory="unspecified" name="Particulates" unit="kg" meanValue="0.0012" infrastructureProcess="false">
                <outputGroup>4</outputGroup>
            </exchange>
            <exchange number="44813" category="air" subCategory="unspecified" localCategory="air" localSubCategory="unspecified" name="Particulates" unit="kg" meanValue="0.0288" infrastructureProcess="false">
                <outputGroup>4</outputGroup>
            </exchange>
            <exchange number="22260" category="31-33: Manufacturing" subCategory="3251: Basic Chemical Manufacturing" localCategory="31-33: Manufacturing" localSubCategory="3251: Basic Chemical Manufacturing" name="Propylene oxide, at plant" location="RNA" unit="kg" meanValue="0.26" infrastructureProcess="false">
                <inputGroup>5</inputGroup>
            </exchange>
            <exchange number="35868" category="22: Utilities" subCategory="2211: Electric Power Generation, Transmission and Distribution" localCategory="22: Utilities" localSubCategory="2211: Electric Power Generation, Transmission and Distribution" name="Electricity, at grid" location="RNA" unit="MJ" meanValue="121.0" infrastructureProcess="false">
                <inputGroup>5</inputGroup>
            </exchange>
            <exchange number="36356" category="Technosphere Flows" subCategory="CUTOFF Flows" localCategory="Technosphere Flows" localSubCategory="CUTOFF Flows" name="CUTOFF Dipropylene glycol monomethyl ether, at plant" location="US" unit="kg" meanValue="0.00115" infrastructureProcess="false">
                <inputGroup>5</inputGroup>
            </exchange>
            <exchange number="32554" category="Emission to air" subCategory="unspecified" localCategory="Emission to air" localSubCategory="unspecified" CASNumber="010024-97-2" name="Dinitrogen monoxide" unit="kg" meanValue="0.00277" formula="N2O" infrastructureProcess="false">
                <outputGroup>4</outputGroup>
            </exchange>
            <exchange number="43363" category="31-33: Manufacturing" subCategory="3273: Cement and Concrete Product Manufacturing" localCategory="31-33: Manufacturing" localSubCategory="3273: Cement and Concrete Product Manufacturing" name="Portland cement, at plant" unit="kg" meanValue="0.616" infrastructureProcess="false">
                <inputGroup>5</inputGroup>
            </exchange>
            <exchange number="9336" category="Technosphere Flows" subCategory="CUTOFF Flows" localCategory="Technosphere Flows" localSubCategory="CUTOFF Flows" name="CUTOFF Disposal, non-sulfidic tailings, off-site" location="US" unit="kg" meanValue="160.0" infrastructureProcess="false">
                <inputGroup>5</inputGroup>
            </exchange>
            <exchange number="17766" category="Technosphere Flows" subCategory="CUTOFF Flows" localCategory="Technosphere Flows" localSubCategory="CUTOFF Flows" name="CUTOFF Sodium silicate, spray powder 80%, at plant" location="US" unit="kg" meanValue="6.8946E-5" infrastructureProcess="false">
                <inputGroup>5</inputGroup>
            </exchange>
            <exchange number="51620" category="21: Mining, Quarrying, and Oil and Gas Extraction" subCategory="2111: Oil and Gas Extraction" localCategory="21: Mining, Quarrying, and Oil and Gas Extraction" localSubCategory="2111: Oil and Gas Extraction" name="Natural gas, processed, at plant, 1.357 m3/kg" location="RNA" unit="m3" meanValue="58.05" infrastructureProcess="false">
                <inputGroup>5</inputGroup>
            </exchange>
            <exchange number="25016" category="Technosphere Flows" subCategory="CUTOFF Flows" localCategory="Technosphere Flows" localSubCategory="CUTOFF Flows" name="CUTOFF Urea, as n, at regional storehouse" location="US" unit="kg" meanValue="0.0557" infrastructureProcess="false">
                <inputGroup>5</inputGroup>
            </exchange>
            <exchange number="38198" category="Technosphere Flows" subCategory="CUTOFF Flows" localCategory="Technosphere Flows" localSubCategory="CUTOFF Flows" name="CUTOFF Guar, at plant" location="US" unit="kg" meanValue="0.0481" infrastructureProcess="false">
                <inputGroup>5</inputGroup>
            </exchange>
            <exchange number="3594" category="Emission to water" subCategory="unspecified" localCategory="Emission to water" localSubCategory="unspecified" CASNumber="007732-18-5" name="Water" unit="kg" meanValue="893.58" formula="H2O" infrastructureProcess="false">
                <outputGroup>4</outputGroup>
            </exchange>
            <exchange number="50809" category="Technosphere Flows" subCategory="CUTOFF Flows" localCategory="Technosphere Flows" localSubCategory="CUTOFF Flows" name="CUTOFF Silicone product, at plant" location="US" unit="kg" meanValue="6.441E-4" infrastructureProcess="false">
                <inputGroup>5</inputGroup>
            </exchange>
            <exchange number="47227" category="Emission to air" subCategory="unspecified" localCategory="Emission to air" localSubCategory="unspecified" CASNumber="011104-93-1" name="Nitrogen oxides" unit="kg" meanValue="0.672" formula="NOx as NO2" infrastructureProcess="false">
                <outputGroup>4</outputGroup>
            </exchange>
            <exchange number="41442" category="Technosphere Flows" subCategory="CUTOFF Flows" localCategory="Technosphere Flows" localSubCategory="CUTOFF Flows" name="CUTOFF Expanded perlite, at plant" location="US" unit="kg" meanValue="0.6" infrastructureProcess="false">
                <inputGroup>5</inputGroup>
            </exchange>
            <exchange number="9340" category="water" subCategory="river" localCategory="water" localSubCategory="river" name="Water, river" unit="m3" meanValue="4.1261" infrastructureProcess="false">
                <inputGroup>4</inputGroup>
            </exchange>
            <exchange number="46477" category="Technosphere Flows" subCategory="CUTOFF Flows" localCategory="Technosphere Flows" localSubCategory="CUTOFF Flows" name="CUTOFF Biocides, for paper production, unspecified, at plant" location="US" unit="kg" meanValue="0.0013336" infrastructureProcess="false">
                <inputGroup>5</inputGroup>
            </exchange>
            <exchange number="18070" category="final-waste-flow" subCategory="unspecified" localCategory="final-waste-flow" localSubCategory="unspecified" name="Tailings, unspecified" unit="kg" meanValue="160.0" infrastructureProcess="false">
                <outputGroup>4</outputGroup>
            </exchange>
            <exchange number="18762" category="48-49: Transportation and Warehousing" subCategory="4832: Inland Water Transportation" localCategory="48-49: Transportation and Warehousing" localSubCategory="4832: Inland Water Transportation" name="Transport, barge, average fuel mix" location="RNA" unit="t*km" meanValue="0.0945" infrastructureProcess="false">
                <inputGroup>5</inputGroup>
            </exchange>
            <exchange number="27152" category="31-33: Manufacturing" subCategory="3252: Resin, Synthetic Rubber, and Artificial and Synthetic Fibers and Filaments Manufacturing" localCategory="31-33: Manufacturing" localSubCategory="3252: Resin, Synthetic Rubber, and Artificial and Synthetic Fibers and Filaments Manufacturing" name="Polyvinyl chloride, resin, at plant" location="RNA" unit="kg" meanValue="0.0010251" infrastructureProcess="false">
                <inputGroup>5</inputGroup>
            </exchange>
            <exchange number="23456" category="Technosphere Flows" subCategory="CUTOFF Flows" localCategory="Technosphere Flows" localSubCategory="CUTOFF Flows" name="CUTOFF Process-specific burdens, residual material landfill" location="US" unit="kg" meanValue="57.9" infrastructureProcess="false">
                <inputGroup>5</inputGroup>
            </exchange>
            <exchange number="19426" category="Technosphere Flows" subCategory="CUTOFF Flows" localCategory="Technosphere Flows" localSubCategory="CUTOFF Flows" name="CUTOFF Disposal, hazardous waste, 25% water, to hazardous waste incineration" location="US" unit="kg" meanValue="0.107" infrastructureProcess="false">
                <inputGroup>5</inputGroup>
            </exchange>
            <exchange number="20334" category="Technosphere Flows" subCategory="CUTOFF Flows" localCategory="Technosphere Flows" localSubCategory="CUTOFF Flows" name="CUTOFF Water, at user" location="US" unit="kg" meanValue="6.441E-4" infrastructureProcess="false">
                <inputGroup>5</inputGroup>
            </exchange>
            <exchange number="31076" category="air" subCategory="unspecified" localCategory="air" localSubCategory="unspecified" name="Sulfuric acid" unit="kg" meanValue="0.00571" infrastructureProcess="false">
                <outputGroup>4</outputGroup>
            </exchange>
            <exchange number="25224" category="31-33: Manufacturing" subCategory="3252: Resin, Synthetic Rubber, and Artificial and Synthetic Fibers and Filaments Manufacturing" localCategory="31-33: Manufacturing" localSubCategory="3252: Resin, Synthetic Rubber, and Artificial and Synthetic Fibers and Filaments Manufacturing" name="Polyol ether, for rigid foam polyurethane production, at plant" location="RNA" unit="kg" meanValue="0.029211" infrastructureProcess="false">
                <inputGroup>5</inputGroup>
            </exchange>
            <exchange number="40384" category="48-49: Transportation and Warehousing" subCategory="4841: General Freight Trucking" localCategory="48-49: Transportation and Warehousing" localSubCategory="4841: General Freight Trucking" name="Transport, combination truck, average fuel mix" location="RNA" unit="t*km" meanValue="33.7" infrastructureProcess="false">
                <inputGroup>5</inputGroup>
            </exchange>
            <exchange number="10032" category="Technosphere Flows" subCategory="CUTOFF Flows" localCategory="Technosphere Flows" localSubCategory="CUTOFF Flows" name="CUTOFF Sodium perborate, monohydrate, powder, at plant" location="US" unit="kg" meanValue="7.5E-5" infrastructureProcess="false">
                <inputGroup>5</inputGroup>
            </exchange>
            <exchange number="44939" category="air" subCategory="unspecified" localCategory="air" localSubCategory="unspecified" name="Styrene" unit="kg" meanValue="8.22E-4" infrastructureProcess="false">
                <outputGroup>4</outputGroup>
            </exchange>
            <exchange number="44813" category="air" subCategory="unspecified" localCategory="air" localSubCategory="unspecified" name="Particulates" unit="kg" meanValue="0.073" infrastructureProcess="false">
                <outputGroup>4</outputGroup>
            </exchange>
            <exchange number="7374" category="Emission to air" subCategory="unspecified" localCategory="Emission to air" localSubCategory="unspecified" CASNumber="000124-38-9" name="Carbon dioxide" unit="kg" meanValue="565.0" formula="CO2" infrastructureProcess="false">
                <outputGroup>4</outputGroup>
            </exchange>
            <exchange number="28586" category="31-33: Manufacturing" subCategory="3311: Iron and Steel Mills and Ferroalloy Manufacturing" localCategory="31-33: Manufacturing" localSubCategory="3311: Iron and Steel Mills and Ferroalloy Manufacturing" name="Iron and steel, production mix" location="RNA" unit="kg" meanValue="2.2861" infrastructureProcess="false">
                <inputGroup>5</inputGroup>
            </exchange>
            <exchange number="22260" category="31-33: Manufacturing" subCategory="3251: Basic Chemical Manufacturing" localCategory="31-33: Manufacturing" localSubCategory="3251: Basic Chemical Manufacturing" name="Propylene oxide, at plant" location="RNA" unit="kg" meanValue="7.37E-5" infrastructureProcess="false">
                <inputGroup>5</inputGroup>
            </exchange>
            <exchange number="38136" category="air" subCategory="unspecified" localCategory="air" localSubCategory="unspecified" name="Benzene" unit="kg" meanValue="0.00475" infrastructureProcess="false">
                <outputGroup>4</outputGroup>
            </exchange>
            <exchange number="44813" category="air" subCategory="unspecified" localCategory="air" localSubCategory="unspecified" name="Particulates" unit="kg" meanValue="0.187" infrastructureProcess="false">
                <outputGroup>4</outputGroup>
            </exchange>
            <exchange number="28848" category="final-waste-flow" subCategory="unspecified" localCategory="final-waste-flow" localSubCategory="unspecified" name="Hazardous waste, DK" unit="kg" meanValue="0.107" infrastructureProcess="false">
                <outputGroup>4</outputGroup>
            </exchange>
            <exchange number="20366" category="22: Utilities" subCategory="2213: Water, Sewage and Other Systems" localCategory="22: Utilities" localSubCategory="2213: Water, Sewage and Other Systems" name="Gasoline, combusted in equipment" location="RNA" unit="m3" meanValue="0.061702" infrastructureProcess="false">
                <inputGroup>5</inputGroup>
            </exchange>
            <exchange number="9616" category="31-33: Manufacturing" subCategory="3274: Lime and Gypsum Product Manufacturing" localCategory="31-33: Manufacturing" localSubCategory="3274: Lime and Gypsum Product Manufacturing" name="Quicklime, at plant" location="RNA" unit="kg" meanValue="8.49" infrastructureProcess="false">
                <inputGroup>5</inputGroup>
            </exchange>
            <exchange number="9616" category="31-33: Manufacturing" subCategory="3274: Lime and Gypsum Product Manufacturing" localCategory="31-33: Manufacturing" localSubCategory="3274: Lime and Gypsum Product Manufacturing" name="Quicklime, at plant" location="RNA" unit="kg" meanValue="12.4" infrastructureProcess="false">
                <inputGroup>5</inputGroup>
            </exchange>
            <exchange number="29464" category="31-33: Manufacturing" subCategory="3252: Resin, Synthetic Rubber, and Artificial and Synthetic Fibers and Filaments Manufacturing" localCategory="31-33: Manufacturing" localSubCategory="3252: Resin, Synthetic Rubber, and Artificial and Synthetic Fibers and Filaments Manufacturing" name="Acrylonitrile-butadiene-styrene copolymer resin, at plant" location="RNA" unit="kg" meanValue="0.027987" infrastructureProcess="false">
                <inputGroup>5</inputGroup>
            </exchange>
            <exchange number="2752" category="Technosphere Flows" subCategory="CUTOFF Flows" localCategory="Technosphere Flows" localSubCategory="CUTOFF Flows" name="CUTOFF Diethanolamine, at plant" location="US" unit="kg" meanValue="0.044724" infrastructureProcess="false">
                <inputGroup>5</inputGroup>
            </exchange>
            <exchange number="39878" category="Emission to air" subCategory="unspecified" localCategory="Emission to air" localSubCategory="unspecified" CASNumber="007783-06-4" name="Hydrogen sulfide" unit="kg" meanValue="2.21E-4" formula="H2S" infrastructureProcess="false">
                <outputGroup>4</outputGroup>
            </exchange>
            <exchange number="12012" category="Technosphere Flows" subCategory="CUTOFF Flows" localCategory="Technosphere Flows" localSubCategory="CUTOFF Flows" name="CUTOFF Copper, at regional storage" location="US" unit="kg" meanValue="0.0021591" infrastructureProcess="false">
                <inputGroup>5</inputGroup>
            </exchange>
            <exchange number="26356" category="Emission to air" subCategory="unspecified" localCategory="Emission to air" localSubCategory="unspecified" name="VOC, volatile organic compounds" unit="kg" meanValue="0.3" infrastructureProcess="false">
                <outputGroup>4</outputGroup>
            </exchange>
            <exchange number="39202" category="air" subCategory="unspecified" localCategory="air" localSubCategory="unspecified" name="Fluoride" unit="kg" meanValue="9.79E-4" infrastructureProcess="false">
                <outputGroup>4</outputGroup>
            </exchange>
            <exchange number="30072" category="Emission to air" subCategory="unspecified" localCategory="Emission to air" localSubCategory="unspecified" CASNumber="000074-82-8" name="Methane, fossil" unit="kg" meanValue="0.0179" formula="CH4" infrastructureProcess="false">
                <outputGroup>4</outputGroup>
            </exchange>
            <exchange number="49579" category="22: Utilities" subCategory="2213: Water, Sewage and Other Systems" localCategory="22: Utilities" localSubCategory="2213: Water, Sewage and Other Systems" name="Diesel, combusted in industrial equipment" location="RNA" unit="m3" meanValue="0.28277" infrastructureProcess="false">
                <inputGroup>5</inputGroup>
            </exchange>
            <exchange number="43363" category="31-33: Manufacturing" subCategory="3273: Cement and Concrete Product Manufacturing" localCategory="31-33: Manufacturing" localSubCategory="3273: Cement and Concrete Product Manufacturing" name="Portland cement, at plant" unit="kg" meanValue="2.18E-5" infrastructureProcess="false">
                <inputGroup>5</inputGroup>
            </exchange>
            <exchange number="42325" category="48-49: Transportation and Warehousing" subCategory="4821: Rail Transportation" localCategory="48-49: Transportation and Warehousing" localSubCategory="4821: Rail Transportation" name="Transport, train, diesel powered" location="RNA" unit="t*km" meanValue="0.357" infrastructureProcess="false">
                <inputGroup>5</inputGroup>
            </exchange>
            <exchange number="5052" category="Emission to air" subCategory="unspecified" localCategory="Emission to air" localSubCategory="unspecified" CASNumber="000630-08-0" name="Carbon monoxide" unit="kg" meanValue="0.592" formula="CO" infrastructureProcess="false">
                <outputGroup>4</outputGroup>
            </exchange>
            <exchange number="49579" category="22: Utilities" subCategory="2213: Water, Sewage and Other Systems" localCategory="22: Utilities" localSubCategory="2213: Water, Sewage and Other Systems" name="Diesel, combusted in industrial equipment" location="RNA" unit="m3" meanValue="0.00112" infrastructureProcess="false">
                <inputGroup>5</inputGroup>
            </exchange>
            <exchange number="20056" category="31-33: Manufacturing" subCategory="3241: Petroleum and Coal Products Manufacturing" localCategory="31-33: Manufacturing" localSubCategory="3241: Petroleum and Coal Products Manufacturing" name="Diesel, at refinery" unit="m3" meanValue="0.0255" infrastructureProcess="false">
                <inputGroup>5</inputGroup>
            </exchange>
            <exchange number="43967" category="final-waste-flow" subCategory="unspecified" localCategory="final-waste-flow" localSubCategory="unspecified" name="Fly ash" unit="kg" meanValue="6.75" infrastructureProcess="false">
                <outputGroup>4</outputGroup>
            </exchange>
            <exchange number="19872" category="31-33: Manufacturing" subCategory="3241: Petroleum and Coal Products Manufacturing" localCategory="31-33: Manufacturing" localSubCategory="3241: Petroleum and Coal Products Manufacturing" name="Residual fuel oil, at refinery" location="RNA" unit="m3" meanValue="0.061324" infrastructureProcess="false">
                <inputGroup>5</inputGroup>
            </exchange>
            <exchange number="44887" category="Technosphere Flows" subCategory="CUTOFF Flows" localCategory="Technosphere Flows" localSubCategory="CUTOFF Flows" name="CUTOFF Disposal, hard coal ash, 0% water, to residual material landfill" location="US" unit="kg" meanValue="6.75" infrastructureProcess="false">
                <inputGroup>5</inputGroup>
            </exchange>
        </flowData>
    </dataset>
</ecoSpold>
