<?xml version="1.0" encoding="UTF-8" standalone="yes"?>
<ecoSpold xmlns="http://www.EcoInvent.org/EcoSpold01">
    <dataset number="66301" generator="openLCA" timestamp="2019-10-15T12:52:57.319-06:00">
        <metaInformation>
            <processInformation>
                <referenceFunction datasetRelatesToProduct="false" name="Fertilizer, switchgrass" localName="Fertilizer, switchgrass" infrastructureProcess="false" amount="1.0" unit="m2" category="11: Agriculture, Forestry, Fishing and Hunting" subCategory="1151: Support Activities for Crop Production" localCategory="11: Agriculture, Forestry, Fishing and Hunting" localSubCategory="1151: Support Activities for Crop Production" generalComment="Total Fertilizer input for one hectare of switchgrass annualized for a 10-yr production period. Projections based on published data and yeild projections to the year 2022."/>
                <geography location="RNA" text="North America"/>
                <technology text="Modern technology"/>
                <timePeriod dataValidForEntirePeriod="true" text="2010 and after">
                    <startDate>2009-12-31-07:00</startDate>
                    <endDate>2100-12-30-07:00</endDate>
                </timePeriod>
                <dataSetInformation type="1" impactAssessmentResult="false" timestamp="2019-07-20T21:37:31.698-06:00" version="0.0" internalVersion="0.0" energyValues="0" languageCode="en" localLanguageCode="en"/>
            </processInformation>
            <modellingAndValidation>
                <source number="1918" sourceType="0" firstAuthor="C.D. Klein " year="2006" title="N2O Emissions from Managed Soils, and CO2 Emissions from Lime and Urea Application" placeOfPublications="unknown"/>
                <source number="2359" sourceType="0" firstAuthor="H.W. Downs " year="1998" title="Estimating Farm Fuel Requirements, no 5.006" placeOfPublications="unknown"/>
                <source number="2379" sourceType="0" firstAuthor="R.K. Perrin " year="2008" title="Farm-Scale Production Cost of Switchgrass for Biomass" placeOfPublications="unknown"/>
                <source number="2436" sourceType="0" firstAuthor="Hsu, D. " year="2010" title="Life Cycle Environmental Impacts of Selected U.S. Ethanol Production and Use Pathways in 2022" placeOfPublications="unknown"/>
            </modellingAndValidation>
            <administrativeInformation>
                <dataEntryBy person="1678"/>
                <dataGeneratorAndPublication person="1678" dataPublishedIn="0" referenceToPublishedSource="2436" copyright="false" accessRestrictedTo="0"/>
                <person number="1678" name="Daniel Inman" address="NREL, 1617 Cole Blvd, RSF 200, Golden CO 80401" telephone="303-384-6845" companyCode="unknown" countryCode="US"/>
            </administrativeInformation>
        </metaInformation>
        <flowData>
            <exchange number="12982" category="11: Agriculture, Forestry, Fishing and Hunting" subCategory="1151: Support Activities for Crop Production" localCategory="11: Agriculture, Forestry, Fishing and Hunting" localSubCategory="1151: Support Activities for Crop Production" name="Fertilizer, switchgrass" location="RNA" unit="m2" meanValue="1.0" infrastructureProcess="false">
                <outputGroup>0</outputGroup>
            </exchange>
            <exchange number="31168" category="31-33: Manufacturing" subCategory="3253: Pesticide, Fertilizer, and Other Agricultural Chemical Manufacturing" localCategory="31-33: Manufacturing" localSubCategory="3253: Pesticide, Fertilizer, and Other Agricultural Chemical Manufacturing" name="Ammonia, steam reforming, liquid, at plant" unit="kg" meanValue="64.8" generalComment="Proxy: Ammonium nitrate, as N, at regional storehouse/RER with US electricity U. N application is split equally, in terms of N applied, between ammonium nitrate and urea b/c they are the least expensive grannular N forms (USDA-ERS, 2007). Ammonium nitrate is 33% N" infrastructureProcess="false">
                <inputGroup>5</inputGroup>
            </exchange>
            <exchange number="32554" category="Emission to air" subCategory="unspecified" localCategory="Emission to air" localSubCategory="unspecified" CASNumber="010024-97-2" name="Dinitrogen monoxide" unit="kg" meanValue="1.96" formula="N2O" generalComment="Assuming 1.25% of N applied is lost via denitrification as N2O. IPCC 1997. Will likely need to be adjusted." infrastructureProcess="false">
                <outputGroup>4</outputGroup>
            </exchange>
            <exchange number="36664" category="water" subCategory="ground-" localCategory="water" localSubCategory="ground-" name="Nitrate" unit="kg" meanValue="4.14E-4" generalComment="NO3-N leaching, assuming 30% of fertilizer N applied leaches below the root zone. IPCC 1997. This will likely need adjustment because N will not leach as much due to the continuous cover of SG" infrastructureProcess="false">
                <outputGroup>4</outputGroup>
            </exchange>
            <exchange number="33576" category="48-49: Transportation and Warehousing" subCategory="4841: General Freight Trucking" localCategory="48-49: Transportation and Warehousing" localSubCategory="4841: General Freight Trucking" name="Transport, combination truck, diesel powered" location="RNA" unit="t*km" meanValue="9.49" generalComment="transport to field. 2.61 tkm for ammonium nitrate, 0.181 tkm for triple phosphate, 4.09 tkm for potassium nitrate, 2.61 tkm for Urea as N." infrastructureProcess="false">
                <inputGroup>5</inputGroup>
            </exchange>
            <exchange number="7266" category="31-33: Manufacturing" subCategory="3253: Pesticide, Fertilizer, and Other Agricultural Chemical Manufacturing" localCategory="31-33: Manufacturing" localSubCategory="3253: Pesticide, Fertilizer, and Other Agricultural Chemical Manufacturing" name="Nitrogen fertilizer, production mix, at plant" location="RNA" unit="kg" meanValue="10.4" generalComment="Proxy: Triple superphosphate, as P2O5, at regional storehouse/RER with US electricity U. Triple super phosphate is 48% P2O5" infrastructureProcess="false">
                <inputGroup>5</inputGroup>
            </exchange>
            <exchange number="35016" category="Technosphere Flows" subCategory="CUTOFF Flows" localCategory="Technosphere Flows" localSubCategory="CUTOFF Flows" name="CUTOFF Fertilising, by broadcaster" location="RNA" unit="m2" meanValue="2.0" generalComment="Assuming 2 fertilizer trips per year" infrastructureProcess="false">
                <inputGroup>5</inputGroup>
            </exchange>
            <exchange number="10076" category="Technosphere Flows" subCategory="CUTOFF Flows" localCategory="Technosphere Flows" localSubCategory="CUTOFF Flows" name="CUTOFF Potassium chloride, as K2O, at regional storehouse" location="RNA" unit="kg" meanValue="122.0" generalComment="Muriate of potash is 60% K2O" infrastructureProcess="false">
                <inputGroup>5</inputGroup>
            </exchange>
            <exchange number="29062" category="air" subCategory="unspecified" localCategory="air" localSubCategory="unspecified" CASNumber="007664-41-7" name="Ammonia" unit="kg" meanValue="14.8" formula="NH3" generalComment="Assuming 10% of N applied volatalizes to NH3. IPCC 1997. Will likely need adjustmetn b/c N fertlizer will be applied to SG in granular form which does not volatalize as much." infrastructureProcess="false">
                <outputGroup>4</outputGroup>
            </exchange>
        </flowData>
    </dataset>
</ecoSpold>
