<?xml version="1.0" encoding="UTF-8" standalone="yes"?>
<ecoSpold xmlns="http://www.EcoInvent.org/EcoSpold01">
    <dataset number="102311" generator="openLCA" timestamp="2019-10-15T12:52:58.353-06:00">
        <metaInformation>
            <processInformation>
                <referenceFunction datasetRelatesToProduct="false" name="Potato leaves, at field" localName="Potato leaves, at field" infrastructureProcess="false" amount="0.4" unit="kg" category="11: Agriculture, Forestry, Fishing and Hunting" subCategory="1111: Oilseed and Grain Farming" localCategory="11: Agriculture, Forestry, Fishing and Hunting" localSubCategory="1111: Oilseed and Grain Farming" generalComment="Agricultural Crop Production, Harvested acres are 97% of the planted acres (1998-2000 US average).&#xA;The impacts of producing 1 kg of seed are assumed equal to those of producing 1kg of potatoes.&#xA;For Water, only consumptive use is taken into account (i.e. 60.7% of the total water consumption).&#xA;Important note: although most of the data in the US LCI database has &#xA;undergone some sort of review, the database as a whole has not yet &#xA;undergone a formal validation process.&#xA;Please email comments to lci@nrel.gov."/>
                <geography location="US" text="USA"/>
                <technology text="US average"/>
                <timePeriod dataValidForEntirePeriod="true">
                    <startDate>1996-12-31-07:00</startDate>
                    <endDate>2000-12-31-07:00</endDate>
                </timePeriod>
                <dataSetInformation type="5" impactAssessmentResult="false" timestamp="2019-09-19T14:06:49.771-06:00" version="0.0" internalVersion="0.0" energyValues="0" languageCode="en" localLanguageCode="en"/>
            </processInformation>
            <modellingAndValidation>
                <source number="1763" sourceType="0" firstAuthor="Ecobalance " year="1995" title="Previous Ecobalance project. Site information, Europe, mid 1990s" placeOfPublications="unknown"/>
                <source number="1839" sourceType="0" firstAuthor="National Center for Food and Agricultura " year="1997" title="National Pesticide Database" placeOfPublications="unknown"/>
                <source number="1867" sourceType="0" firstAuthor="Conservation Technology Information Cent " year="2002" title="Crop Residue Management" placeOfPublications="unknown"/>
                <source number="1919" sourceType="0" firstAuthor="USGS " year="1999" title="Fluxes and Sources of Nutrients in the Mississippi River - Atchafalaya" placeOfPublications="unknown"/>
                <source number="1921" sourceType="0" firstAuthor="USDA/ERS " year="1998" title="Crop production practices data" placeOfPublications="unknown"/>
                <source number="1986" sourceType="0" firstAuthor="USDA/ERS " year="1997" title="Agriculture Resources and Environmental Indicators" placeOfPublications="unknown"/>
                <source number="2044" sourceType="0" firstAuthor="USDA/ERS " year="1997" title="Production Practices for Major Crops, 1990-97" placeOfPublications="unknown"/>
                <source number="2065" sourceType="0" firstAuthor="USDA/NRI " year="1997" title="Summary Report 1997 National Resources Inventory" placeOfPublications="unknown"/>
                <source number="2078" sourceType="0" firstAuthor="USDA/National Agricultural Statistics Se " year="1998" title="Agricultural Statistics Database" placeOfPublications="unknown"/>
                <source number="2102" sourceType="0" firstAuthor="USDA/NRCS " year="2003" title="Plant Nutrient Content DB: Pounds per yield unit at typical harvest moisture content" placeOfPublications="unknown"/>
                <source number="2144" sourceType="0" firstAuthor="USGS " year="1995" title="Estimated Use of Water in the United States in 1995" placeOfPublications="unknown"/>
                <source number="2198" sourceType="0" firstAuthor="USDA/ERS " year="2000" title="Agricultural Resource and Management Survey (ARMS) data" placeOfPublications="unknown"/>
                <source number="2230" sourceType="0" firstAuthor="USDA/ERS " year="1998" title="Potatoes: US total acreage, yield, production, value, and disposition, 1949-2000" placeOfPublications="unknown"/>
                <source number="2268" sourceType="0" firstAuthor="U.S. EPA " year="2000" title="Inventory of Greenhouse Gas Emissions and Sinks, 1990-2000" placeOfPublications="unknown"/>
                <source number="2310" sourceType="0" firstAuthor="USDA/ERS " year="2001" title="Agricultural Chemical Usage 2001 Field Crops summary" placeOfPublications="unknown"/>
                <source number="2333" sourceType="0" firstAuthor="U.S. EPA " year="2003" title="Estimations Programs Interface for Windows, EPIWIN software." placeOfPublications="unknown"/>
                <source number="2351" sourceType="0" firstAuthor="U.S. EPA " year="1995" title="AP-42, 9.2.2. &quot;Pesticide Application&quot;." placeOfPublications="unknown"/>
                <source number="2369" sourceType="0" firstAuthor="USDA/NCRS " year="2000" title="Environmental Indicators of Pesticide Leaching and Runoff from Farm Fields" placeOfPublications="unknown"/>
                <source number="2382" sourceType="0" firstAuthor="USDA/ERS " year="2000" title="Agriculture Resources and Environmental Indicators" placeOfPublications="unknown"/>
                <source number="2392" sourceType="0" firstAuthor="U.S. EPA " year="1979" title="AP-42, 9.3.1., &quot;Cotton Harvesting&quot;" placeOfPublications="unknown"/>
            </modellingAndValidation>
            <administrativeInformation>
                <dataEntryBy person="1715"/>
                <dataGeneratorAndPublication person="1715" dataPublishedIn="0" copyright="true" accessRestrictedTo="0"/>
                <person number="1715" name="Olivier Muller" address="Ecobilan, Tour AIG - 34, place des Corolles 92908 Paris La Défense Cedex - France" telephone="+33 1 56 57 80 44" email="olivier.muller@fr.pwc.com" companyCode="unknown" countryCode="FR"/>
            </administrativeInformation>
        </metaInformation>
        <flowData>
            <exchange number="31752" category="11: Agriculture, Forestry, Fishing and Hunting" subCategory="1111: Oilseed and Grain Farming" localCategory="11: Agriculture, Forestry, Fishing and Hunting" localSubCategory="1111: Oilseed and Grain Farming" name="Potato leaves, at field" location="US" unit="kg" meanValue="0.4" generalComment="Residue to Crop Ratio (4), C N content of residues (4). Initially considered an output to nature. Changed to unvalued co-product by Pascal Lesage (12/07)" infrastructureProcess="false">
                <outputGroup>0</outputGroup>
            </exchange>
            <exchange number="39556" category="air" subCategory="low population density" localCategory="air" localSubCategory="low population density" name="Nitrogen oxides" unit="kg" meanValue="9.8187E-4" generalComment="Air emissions of N2O and NH3 and NOx (4)" infrastructureProcess="false">
                <outputGroup>4</outputGroup>
            </exchange>
            <exchange number="24498" category="air" subCategory="low population density" localCategory="air" localSubCategory="low population density" name="Linuron" unit="kg" meanValue="5.5382E-7" generalComment="Pesticides - consumption (19), Pesticide - application method (11), Pesticide - air emission factors (12), Pesticide - vapor pressure (13), " infrastructureProcess="false">
                <outputGroup>4</outputGroup>
            </exchange>
            <exchange number="29462" category="water" subCategory="unspecified" localCategory="water" localSubCategory="unspecified" name="Propene, 1,3-dichloro-" unit="kg" meanValue="3.2175E-6" generalComment="Pesticides - consumption (19), Pesticide - application method (11), Runoff of pesticides (14)" infrastructureProcess="false">
                <outputGroup>4</outputGroup>
            </exchange>
            <exchange number="33222" category="air" subCategory="low population density" localCategory="air" localSubCategory="low population density" name="Oxamyl" unit="kg" meanValue="5.2361E-7" generalComment="Pesticides - consumption (19), Pesticide - application method (11), Pesticide - air emission factors (12), Pesticide - vapor pressure (13), " infrastructureProcess="false">
                <outputGroup>4</outputGroup>
            </exchange>
            <exchange number="4056" category="Technosphere Flows" subCategory="CUTOFF Flows" localCategory="Technosphere Flows" localSubCategory="CUTOFF Flows" name="CUTOFF Copper, at regional storage" location="RNA" unit="kg" meanValue="7.7036E-6" generalComment="Pesticides - consumption (19)" infrastructureProcess="false">
                <inputGroup>5</inputGroup>
            </exchange>
            <exchange number="48109" category="water" subCategory="unspecified" localCategory="water" localSubCategory="unspecified" name="Carbofuran" unit="kg" meanValue="7.6804E-8" generalComment="Pesticides - consumption (19), Pesticide - application method (11), Runoff of pesticides (14)" infrastructureProcess="false">
                <outputGroup>4</outputGroup>
            </exchange>
            <exchange number="49665" category="water" subCategory="unspecified" localCategory="water" localSubCategory="unspecified" name="Phorate" unit="kg" meanValue="2.5308E-7" generalComment="Pesticides - consumption (19), Pesticide - application method (11), Runoff of pesticides (14)" infrastructureProcess="false">
                <outputGroup>4</outputGroup>
            </exchange>
            <exchange number="43275" category="water" subCategory="unspecified" localCategory="water" localSubCategory="unspecified" name="Ethoprop" unit="kg" meanValue="1.701E-7" generalComment="Pesticides - consumption (19), Pesticide - application method (11), Runoff of pesticides (14)" infrastructureProcess="false">
                <outputGroup>4</outputGroup>
            </exchange>
            <exchange number="42147" category="water" subCategory="unspecified" localCategory="water" localSubCategory="unspecified" name="Nitrogen, total" unit="kg" meanValue="7.3575E-4" generalComment="Runoff/leaching of fertilizers (15)" infrastructureProcess="false">
                <outputGroup>4</outputGroup>
            </exchange>
            <exchange number="27076" category="water" subCategory="unspecified" localCategory="water" localSubCategory="unspecified" name="Metolachlor" unit="kg" meanValue="1.1204E-7" generalComment="Pesticides - consumption (19), Pesticide - application method (11), Runoff of pesticides (14)" infrastructureProcess="false">
                <outputGroup>4</outputGroup>
            </exchange>
            <exchange number="19490" category="water" subCategory="unspecified" localCategory="water" localSubCategory="unspecified" name="Pendimethalin" unit="kg" meanValue="8.0838E-8" generalComment="Pesticides - consumption (19), Pesticide - application method (11), Runoff of pesticides (14)" infrastructureProcess="false">
                <outputGroup>4</outputGroup>
            </exchange>
            <exchange number="11048" category="air" subCategory="low population density" localCategory="air" localSubCategory="low population density" name="Mancozeb" unit="kg" meanValue="3.1837E-5" generalComment="Pesticides - consumption (19), Pesticide - application method (11), Pesticide - air emission factors (12), Pesticide - vapor pressure (13), " infrastructureProcess="false">
                <outputGroup>4</outputGroup>
            </exchange>
            <exchange number="39520" category="air" subCategory="low population density" localCategory="air" localSubCategory="low population density" name="Glyphosate" unit="kg" meanValue="2.9987E-7" generalComment="Pesticides - consumption (19), Pesticide - application method (11), Pesticide - air emission factors (12), Pesticide - vapor pressure (13), " infrastructureProcess="false">
                <outputGroup>4</outputGroup>
            </exchange>
            <exchange number="46257" category="water" subCategory="unspecified" localCategory="water" localSubCategory="unspecified" name="Parathion, methyl" unit="kg" meanValue="8.2029E-9" generalComment="Pesticides - consumption (19), Pesticide - application method (11), Runoff of pesticides (14)" infrastructureProcess="false">
                <outputGroup>4</outputGroup>
            </exchange>
            <exchange number="15330" category="resource" subCategory="land" localCategory="resource" localSubCategory="land" name="Occupation, arable, conventional tillage" unit="m2*a" meanValue="0.16802" generalComment="Planted surface (1), Tillage practices (3)" infrastructureProcess="false">
                <inputGroup>4</inputGroup>
            </exchange>
            <exchange number="6892" category="water" subCategory="unspecified" localCategory="water" localSubCategory="unspecified" name="Dipropylthiocarbamic acid S-ethyl ester" unit="kg" meanValue="4.5326E-7" generalComment="Pesticides - consumption (19), Pesticide - application method (11), Runoff of pesticides (14)" infrastructureProcess="false">
                <outputGroup>4</outputGroup>
            </exchange>
            <exchange number="11504" category="water" subCategory="unspecified" localCategory="water" localSubCategory="unspecified" name="2,4-D" unit="kg" meanValue="3.3787E-11" generalComment="Pesticides - consumption (19), Pesticide - application method (11), Runoff of pesticides (14)" infrastructureProcess="false">
                <outputGroup>4</outputGroup>
            </exchange>
            <exchange number="51588" category="air" subCategory="low population density" localCategory="air" localSubCategory="low population density" name="Endosulfan" unit="kg" meanValue="9.8657E-7" generalComment="Pesticides - consumption (19), Pesticide - application method (11), Pesticide - air emission factors (12), Pesticide - vapor pressure (13), " infrastructureProcess="false">
                <outputGroup>4</outputGroup>
            </exchange>
            <exchange number="35944" category="air" subCategory="low population density" localCategory="air" localSubCategory="low population density" name="Hydrocarbons, unspecified" unit="kg" meanValue="7.9462E-4" generalComment="Pesticides - consumption (19), Pesticide - application method (11), Pesticide - air emission factors (12), Pesticide - vapor pressure (13), " infrastructureProcess="false">
                <outputGroup>4</outputGroup>
            </exchange>
            <exchange number="12666" category="air" subCategory="low population density" localCategory="air" localSubCategory="low population density" name="Trifluralin" unit="kg" meanValue="2.9179E-7" generalComment="Pesticides - consumption (19), Pesticide - application method (11), Pesticide - air emission factors (12), Pesticide - vapor pressure (13), " infrastructureProcess="false">
                <outputGroup>4</outputGroup>
            </exchange>
            <exchange number="39100" category="water" subCategory="unspecified" localCategory="water" localSubCategory="unspecified" name="Oxamyl" unit="kg" meanValue="1.87E-8" generalComment="Pesticides - consumption (19), Pesticide - application method (11), Runoff of pesticides (14)" infrastructureProcess="false">
                <outputGroup>4</outputGroup>
            </exchange>
            <exchange number="42879" category="air" subCategory="low population density" localCategory="air" localSubCategory="low population density" name="Paraquat" unit="kg" meanValue="2.1067E-7" generalComment="Pesticides - consumption (19), Pesticide - application method (11), Pesticide - air emission factors (12), Pesticide - vapor pressure (13), " infrastructureProcess="false">
                <outputGroup>4</outputGroup>
            </exchange>
            <exchange number="50065" category="Technosphere Flows" subCategory="CUTOFF Flows" localCategory="Technosphere Flows" localSubCategory="CUTOFF Flows" name="CUTOFF Sulfuric acid, at plant" location="RNA" unit="kg" meanValue="0.0010199" generalComment="Pesticides - consumption (19)" infrastructureProcess="false">
                <inputGroup>5</inputGroup>
            </exchange>
            <exchange number="19192" category="water" subCategory="unspecified" localCategory="water" localSubCategory="unspecified" name="Azinphos-methyl" unit="kg" meanValue="2.6758E-8" generalComment="Pesticides - consumption (19), Pesticide - application method (11), Runoff of pesticides (14)" infrastructureProcess="false">
                <outputGroup>4</outputGroup>
            </exchange>
            <exchange number="21390" category="air" subCategory="low population density" localCategory="air" localSubCategory="low population density" name="Phorate" unit="kg" meanValue="7.0862E-6" generalComment="Pesticides - consumption (19), Pesticide - application method (11), Pesticide - air emission factors (12), Pesticide - vapor pressure (13), " infrastructureProcess="false">
                <outputGroup>4</outputGroup>
            </exchange>
            <exchange number="33108" category="water" subCategory="unspecified" localCategory="water" localSubCategory="unspecified" name="Endosulfan" unit="kg" meanValue="5.9194E-8" generalComment="Pesticides - consumption (19), Pesticide - application method (11), Runoff of pesticides (14)" infrastructureProcess="false">
                <outputGroup>4</outputGroup>
            </exchange>
            <exchange number="12846" category="air" subCategory="low population density" localCategory="air" localSubCategory="low population density" name="Disulfoton" unit="kg" meanValue="2.0597E-6" generalComment="Pesticides - consumption (19), Pesticide - application method (11), Pesticide - air emission factors (12), Pesticide - vapor pressure (13), " infrastructureProcess="false">
                <outputGroup>4</outputGroup>
            </exchange>
            <exchange number="49579" category="22: Utilities" subCategory="2213: Water, Sewage and Other Systems" localCategory="22: Utilities" localSubCategory="2213: Water, Sewage and Other Systems" name="Diesel, combusted in industrial equipment" location="RNA" unit="m3" meanValue="0.0045906" generalComment="Farm tractor. Energy production (20)" infrastructureProcess="false">
                <inputGroup>5</inputGroup>
            </exchange>
            <exchange number="13042" category="air" subCategory="low population density" localCategory="air" localSubCategory="low population density" name="Diazinon" unit="kg" meanValue="2.4294E-8" generalComment="Pesticides - consumption (19), Pesticide - application method (11), Pesticide - air emission factors (12), Pesticide - vapor pressure (13), " infrastructureProcess="false">
                <outputGroup>4</outputGroup>
            </exchange>
            <exchange number="47449" category="11: Agriculture, Forestry, Fishing and Hunting" subCategory="1111: Oilseed and Grain Farming" localCategory="11: Agriculture, Forestry, Fishing and Hunting" localSubCategory="1111: Oilseed and Grain Farming" name="Potato, at field" location="US" unit="kg" meanValue="1.0" generalComment="Planted surface (1), Production (1), Seeds (18)" infrastructureProcess="false">
                <outputGroup>2</outputGroup>
            </exchange>
            <exchange number="11630" category="air" subCategory="low population density" localCategory="air" localSubCategory="low population density" name="Aldicarb" unit="kg" meanValue="1.9088E-6" generalComment="Pesticides - consumption (19), Pesticide - application method (11), Pesticide - air emission factors (12), Pesticide - vapor pressure (13), " infrastructureProcess="false">
                <outputGroup>4</outputGroup>
            </exchange>
            <exchange number="15018" category="water" subCategory="unspecified" localCategory="water" localSubCategory="unspecified" name="Aldicarb" unit="kg" meanValue="1.1453E-7" generalComment="Pesticides - consumption (19), Pesticide - application method (11), Runoff of pesticides (14)" infrastructureProcess="false">
                <outputGroup>4</outputGroup>
            </exchange>
            <exchange number="8932" category="resource" subCategory="land" localCategory="resource" localSubCategory="land" name="Occupation, arable, conservation tillage" unit="m2*a" meanValue="0.045407" generalComment="Planted surface (1), Tillage practices (3)" infrastructureProcess="false">
                <inputGroup>4</inputGroup>
            </exchange>
            <exchange number="50323" category="Technosphere Flows" subCategory="CUTOFF Flows" localCategory="Technosphere Flows" localSubCategory="CUTOFF Flows" name="CUTOFF Phosphorous Fertilizer (TSP as P2O5), at plant" location="RNA" unit="kg" meanValue="0.0046554" generalComment="Fertilizers NPK (8)" infrastructureProcess="false">
                <inputGroup>5</inputGroup>
            </exchange>
            <exchange number="47345" category="water" subCategory="unspecified" localCategory="water" localSubCategory="unspecified" name="Paraquat" unit="kg" meanValue="1.264E-8" generalComment="Pesticides - consumption (19), Pesticide - application method (11), Runoff of pesticides (14)" infrastructureProcess="false">
                <outputGroup>4</outputGroup>
            </exchange>
            <exchange number="17904" category="water" subCategory="unspecified" localCategory="water" localSubCategory="unspecified" name="Phosphorus compounds, unspecified" unit="kg" meanValue="2.7441E-5" generalComment="Runoff/leaching of fertilizers (15)" infrastructureProcess="false">
                <outputGroup>4</outputGroup>
            </exchange>
            <exchange number="29036" category="resource" subCategory="land" localCategory="resource" localSubCategory="land" name="Occupation, arable, reduced tillage" unit="m2*a" meanValue="0.048865" generalComment="Planted surface (1), Tillage practices (3)" infrastructureProcess="false">
                <inputGroup>4</inputGroup>
            </exchange>
            <exchange number="33672" category="air" subCategory="low population density" localCategory="air" localSubCategory="low population density" name="Permethrin" unit="kg" meanValue="1.0861E-7" generalComment="Pesticides - consumption (19), Pesticide - application method (11), Pesticide - air emission factors (12), Pesticide - vapor pressure (13), " infrastructureProcess="false">
                <outputGroup>4</outputGroup>
            </exchange>
            <exchange number="37974" category="Emission to water" subCategory="unspecified" localCategory="Emission to water" localSubCategory="unspecified" name="Suspended solids, unspecified" unit="kg" meanValue="0.18227" generalComment="Erosion (6)" infrastructureProcess="false">
                <outputGroup>4</outputGroup>
            </exchange>
            <exchange number="40744" category="air" subCategory="low population density" localCategory="air" localSubCategory="low population density" name="Dipropylthiocarbamic acid S-ethyl ester" unit="kg" meanValue="1.2691E-5" generalComment="Pesticides - consumption (19), Pesticide - application method (11), Pesticide - air emission factors (12), Pesticide - vapor pressure (13), " infrastructureProcess="false">
                <outputGroup>4</outputGroup>
            </exchange>
            <exchange number="30650" category="air" subCategory="low population density" localCategory="air" localSubCategory="low population density" name="Carbaryl" unit="kg" meanValue="5.2143E-7" generalComment="Pesticides - consumption (19), Pesticide - application method (11), Pesticide - air emission factors (12), Pesticide - vapor pressure (13), " infrastructureProcess="false">
                <outputGroup>4</outputGroup>
            </exchange>
            <exchange number="39524" category="48-49: Transportation and Warehousing" subCategory="4841: General Freight Trucking" localCategory="48-49: Transportation and Warehousing" localSubCategory="4841: General Freight Trucking" name="Transport, single unit truck, diesel powered" location="RNA" unit="t*km" meanValue="0.0068968" generalComment="Transportation of fertilizers (200 km)" infrastructureProcess="false">
                <inputGroup>5</inputGroup>
            </exchange>
            <exchange number="29910" category="water" subCategory="unspecified" localCategory="water" localSubCategory="unspecified" name="Glyphosate" unit="kg" meanValue="1.7992E-8" generalComment="Pesticides - consumption (19), Pesticide - application method (11), Runoff of pesticides (14)" infrastructureProcess="false">
                <outputGroup>4</outputGroup>
            </exchange>
            <exchange number="5940" category="Technosphere Flows" subCategory="CUTOFF Flows" localCategory="Technosphere Flows" localSubCategory="CUTOFF Flows" name="CUTOFF Agrochemicals, at plant" location="RNA" unit="kg" meanValue="0.0013244" generalComment="Pesticides - consumption (19)" infrastructureProcess="false">
                <inputGroup>5</inputGroup>
            </exchange>
            <exchange number="50127" category="water" subCategory="unspecified" localCategory="water" localSubCategory="unspecified" name="Carbaryl" unit="kg" meanValue="3.1286E-8" generalComment="Pesticides - consumption (19), Pesticide - application method (11), Runoff of pesticides (14)" infrastructureProcess="false">
                <outputGroup>4</outputGroup>
            </exchange>
            <exchange number="27558" category="resource" subCategory="in air" localCategory="resource" localSubCategory="in air" name="Carbon dioxide, in air" unit="kg" meanValue="1.343" generalComment="Carbon fixation through plant growth" infrastructureProcess="false">
                <inputGroup>4</inputGroup>
            </exchange>
            <exchange number="29756" category="air" subCategory="low population density" localCategory="air" localSubCategory="low population density" name="Propene, 1,3-dichloro-" unit="kg" meanValue="9.0091E-5" generalComment="Pesticides - consumption (19), Pesticide - application method (11), Pesticide - air emission factors (12), Pesticide - vapor pressure (13), " infrastructureProcess="false">
                <outputGroup>4</outputGroup>
            </exchange>
            <exchange number="24218" category="air" subCategory="low population density" localCategory="air" localSubCategory="low population density" name="Metham sodium" unit="kg" meanValue="1.8805E-4" generalComment="Pesticides - consumption (19), Pesticide - application method (11), Pesticide - air emission factors (12), Pesticide - vapor pressure (13), " infrastructureProcess="false">
                <outputGroup>4</outputGroup>
            </exchange>
            <exchange number="7266" category="31-33: Manufacturing" subCategory="3253: Pesticide, Fertilizer, and Other Agricultural Chemical Manufacturing" localCategory="31-33: Manufacturing" localSubCategory="3253: Pesticide, Fertilizer, and Other Agricultural Chemical Manufacturing" name="Nitrogen fertilizer, production mix, at plant" location="RNA" unit="kg" meanValue="0.0060369" generalComment="Fertilizers NPK (8)" infrastructureProcess="false">
                <inputGroup>5</inputGroup>
            </exchange>
            <exchange number="8648" category="water" subCategory="unspecified" localCategory="water" localSubCategory="unspecified" name="Mancozeb" unit="kg" meanValue="1.137E-6" generalComment="Pesticides - consumption (19), Pesticide - application method (11), Runoff of pesticides (14)" infrastructureProcess="false">
                <outputGroup>4</outputGroup>
            </exchange>
            <exchange number="15740" category="Elementary Flows" localCategory="Elementary Flows" name="Copper, ions" unit="kg" meanValue="1.1555E-7" generalComment="Pesticides - consumption (19), Pesticide - application method (11), Runoff of pesticides (14)" infrastructureProcess="false">
                <outputGroup>4</outputGroup>
            </exchange>
            <exchange number="23140" category="water" subCategory="unspecified" localCategory="water" localSubCategory="unspecified" name="Metribuzin" unit="kg" meanValue="1.3449E-7" generalComment="Pesticides - consumption (19), Pesticide - application method (11), Runoff of pesticides (14)" infrastructureProcess="false">
                <outputGroup>4</outputGroup>
            </exchange>
            <exchange number="48977" category="resource" subCategory="in water" localCategory="resource" localSubCategory="in water" name="Water, well, in ground" unit="m3" meanValue="28.25" generalComment="Water consumption - consumptive use for irrigation and percent of water from surface/ground (5), Water consumption - depth of irrigation water applied (17), Water consumption - area irrigated (11)" infrastructureProcess="false">
                <inputGroup>4</inputGroup>
            </exchange>
            <exchange number="30656" category="water" subCategory="unspecified" localCategory="water" localSubCategory="unspecified" name="Trifluralin" unit="kg" meanValue="1.0421E-8" generalComment="Pesticides - consumption (19), Pesticide - application method (11), Runoff of pesticides (14)" infrastructureProcess="false">
                <outputGroup>4</outputGroup>
            </exchange>
            <exchange number="13956" category="air" subCategory="low population density" localCategory="air" localSubCategory="low population density" name="Ethoprop" unit="kg" meanValue="4.7629E-6" generalComment="Pesticides - consumption (19), Pesticide - application method (11), Pesticide - air emission factors (12), Pesticide - vapor pressure (13), " infrastructureProcess="false">
                <outputGroup>4</outputGroup>
            </exchange>
            <exchange number="32434" category="air" subCategory="low population density" localCategory="air" localSubCategory="low population density" name="Pendimethalin" unit="kg" meanValue="1.3473E-6" generalComment="Pesticides - consumption (19), Pesticide - application method (11), Pesticide - air emission factors (12), Pesticide - vapor pressure (13), " infrastructureProcess="false">
                <outputGroup>4</outputGroup>
            </exchange>
            <exchange number="42325" category="48-49: Transportation and Warehousing" subCategory="4821: Rail Transportation" localCategory="48-49: Transportation and Warehousing" localSubCategory="4821: Rail Transportation" name="Transport, train, diesel powered" location="RNA" unit="t*km" meanValue="0.018368" generalComment="Transportation of fertilizers (400km)" infrastructureProcess="false">
                <inputGroup>5</inputGroup>
            </exchange>
            <exchange number="23526" category="air" subCategory="low population density" localCategory="air" localSubCategory="low population density" name="Metolachlor" unit="kg" meanValue="1.8672E-6" generalComment="Pesticides - consumption (19), Pesticide - application method (11), Pesticide - air emission factors (12), Pesticide - vapor pressure (13), " infrastructureProcess="false">
                <outputGroup>4</outputGroup>
            </exchange>
            <exchange number="16844" category="air" subCategory="low population density" localCategory="air" localSubCategory="low population density" name="Chlorothalonil" unit="kg" meanValue="4.1207E-5" generalComment="Pesticides - consumption (19), Pesticide - application method (11), Pesticide - air emission factors (12), Pesticide - vapor pressure (13), " infrastructureProcess="false">
                <outputGroup>4</outputGroup>
            </exchange>
            <exchange number="12414" category="air" subCategory="low population density" localCategory="air" localSubCategory="low population density" name="Carbofuran" unit="kg" meanValue="1.2801E-6" generalComment="Pesticides - consumption (19), Pesticide - application method (11), Pesticide - air emission factors (12), Pesticide - vapor pressure (13), " infrastructureProcess="false">
                <outputGroup>4</outputGroup>
            </exchange>
            <exchange number="36442" category="Technosphere Flows" subCategory="CUTOFF Flows" localCategory="Technosphere Flows" localSubCategory="CUTOFF Flows" name="CUTOFF Potash Fertilizer (K2O), at plant" location="RNA" unit="kg" meanValue="0.0044393" generalComment="Fertilizers NPK (8)" infrastructureProcess="false">
                <inputGroup>5</inputGroup>
            </exchange>
            <exchange number="48943" category="air" subCategory="low population density" localCategory="air" localSubCategory="low population density" name="Ammonia" unit="kg" meanValue="3.6286E-4" generalComment="Air emissions of N2O and NH3 and NOx (4)" infrastructureProcess="false">
                <outputGroup>4</outputGroup>
            </exchange>
            <exchange number="39234" category="air" subCategory="low population density" localCategory="air" localSubCategory="low population density" name="Dinitrogen monoxide" unit="kg" meanValue="2.2079E-4" generalComment="Air emissions of N2O and NH3 and NOx (4)" infrastructureProcess="false">
                <outputGroup>4</outputGroup>
            </exchange>
            <exchange number="8180" category="air" subCategory="low population density" localCategory="air" localSubCategory="low population density" name="Metribuzin" unit="kg" meanValue="2.2415E-6" generalComment="Pesticides - consumption (19), Pesticide - application method (11), Pesticide - air emission factors (12), Pesticide - vapor pressure (13), " infrastructureProcess="false">
                <outputGroup>4</outputGroup>
            </exchange>
            <exchange number="3170" category="water" subCategory="unspecified" localCategory="water" localSubCategory="unspecified" name="Disulfoton" unit="kg" meanValue="7.3559E-8" generalComment="Pesticides - consumption (19), Pesticide - application method (11), Runoff of pesticides (14)" infrastructureProcess="false">
                <outputGroup>4</outputGroup>
            </exchange>
            <exchange number="40346" category="water" subCategory="unspecified" localCategory="water" localSubCategory="unspecified" name="Permethrin" unit="kg" meanValue="6.5168E-9" generalComment="Pesticides - consumption (19), Pesticide - application method (11), Runoff of pesticides (14)" infrastructureProcess="false">
                <outputGroup>4</outputGroup>
            </exchange>
            <exchange number="22486" category="air" subCategory="low population density" localCategory="air" localSubCategory="low population density" name="Parathion, methyl" unit="kg" meanValue="1.3672E-7" generalComment="Pesticides - consumption (19), Pesticide - application method (11), Pesticide - air emission factors (12), Pesticide - vapor pressure (13), " infrastructureProcess="false">
                <outputGroup>4</outputGroup>
            </exchange>
            <exchange number="3990" category="air" subCategory="low population density" localCategory="air" localSubCategory="low population density" name="Azinphos-methyl" unit="kg" meanValue="4.4597E-7" generalComment="Pesticides - consumption (19), Pesticide - application method (11), Pesticide - air emission factors (12), Pesticide - vapor pressure (13), " infrastructureProcess="false">
                <outputGroup>4</outputGroup>
            </exchange>
            <exchange number="20170" category="water" subCategory="unspecified" localCategory="water" localSubCategory="unspecified" name="Chlorothalonil" unit="kg" meanValue="1.4717E-6" generalComment="Pesticides - consumption (19), Pesticide - application method (11), Runoff of pesticides (14)" infrastructureProcess="false">
                <outputGroup>4</outputGroup>
            </exchange>
            <exchange number="6438" category="water" subCategory="unspecified" localCategory="water" localSubCategory="unspecified" name="Metham sodium" unit="kg" meanValue="1.1283E-5" generalComment="Pesticides - consumption (19), Pesticide - application method (11), Runoff of pesticides (14)" infrastructureProcess="false">
                <outputGroup>4</outputGroup>
            </exchange>
            <exchange number="51790" category="resource" subCategory="in water" localCategory="resource" localSubCategory="in water" name="Water, river" unit="m3" meanValue="48.51" generalComment="Water consumption - consumptive use for irrigation and percent of water from surface/ground (5), Water consumption - depth of irrigation water applied (17), Water consumption - area irrigated (11)" infrastructureProcess="false">
                <inputGroup>4</inputGroup>
            </exchange>
            <exchange number="14842" category="water" subCategory="unspecified" localCategory="water" localSubCategory="unspecified" name="Linuron" unit="kg" meanValue="3.3229E-8" generalComment="Pesticides - consumption (19), Pesticide - application method (11), Runoff of pesticides (14)" infrastructureProcess="false">
                <outputGroup>4</outputGroup>
            </exchange>
            <exchange number="2932" category="air" subCategory="low population density" localCategory="air" localSubCategory="low population density" name="2,4-D" unit="kg" meanValue="5.6312E-10" generalComment="Pesticides - consumption (19), Pesticide - application method (11), Pesticide - air emission factors (12), Pesticide - vapor pressure (13), " infrastructureProcess="false">
                <outputGroup>4</outputGroup>
            </exchange>
            <exchange number="9616" category="31-33: Manufacturing" subCategory="3274: Lime and Gypsum Product Manufacturing" localCategory="31-33: Manufacturing" localSubCategory="3274: Lime and Gypsum Product Manufacturing" name="Quicklime, at plant" location="RNA" unit="kg" meanValue="0.0097017" generalComment="Fertilizer Ca and fertilizer application (9)" infrastructureProcess="false">
                <inputGroup>5</inputGroup>
            </exchange>
            <exchange number="38822" category="water" subCategory="unspecified" localCategory="water" localSubCategory="unspecified" name="Diazinon" unit="kg" meanValue="1.4576E-9" generalComment="Pesticides - consumption (19), Pesticide - application method (11), Runoff of pesticides (14)" infrastructureProcess="false">
                <outputGroup>4</outputGroup>
            </exchange>
        </flowData>
    </dataset>
</ecoSpold>
