<?xml version="1.0" encoding="UTF-8" standalone="yes"?>
<ecoSpold xmlns="http://www.EcoInvent.org/EcoSpold01">
    <dataset number="105091" generator="openLCA" timestamp="2019-10-15T12:53:00.086-06:00">
        <metaInformation>
            <processInformation>
                <referenceFunction datasetRelatesToProduct="false" name="Roundwood, softwood, average, Med Intensity Management, NE-NC" localName="Roundwood, softwood, average, Med Intensity Management, NE-NC" infrastructureProcess="false" amount="149.178" unit="m3" category="11: Agriculture, Forestry, Fishing and Hunting" subCategory="1133: Logging" localCategory="11: Agriculture, Forestry, Fishing and Hunting" localSubCategory="1133: Logging" generalComment="Allocation on a mass basis.&#xA;Important note: although most of the data in the US LCI database has &#xA;undergone some sort of review, the database as a whole has not yet &#xA;undergone a formal validation process.&#xA;Please email comments to lci@nrel.gov."/>
                <geography location="RNA" text="Northeast/North Central (NE/NC) region of the US : Connecticut, Delaware, Illinois, Indiana, Iowa, Maine, Maryland, Massachusetts, Michigan, Minnesota, Missouri, New Hampshire, New Jersey, New York, Ohio, Pennsylvania, Rhode Island, Vermont, West Virginia, and Wisconsin."/>
                <technology text="Average technology. Some data extrapolated from similar processes."/>
                <timePeriod dataValidForEntirePeriod="true">
                    <startDate>2002-12-31-07:00</startDate>
                    <endDate>2002-12-31-07:00</endDate>
                </timePeriod>
                <dataSetInformation type="5" impactAssessmentResult="false" timestamp="2019-07-20T23:05:32.252-06:00" version="0.0" internalVersion="0.0" energyValues="0" languageCode="en" localLanguageCode="en"/>
            </processInformation>
            <modellingAndValidation>
                <representativeness samplingProcedure="Harvesting production, cost and fuel consumption rates were assimilated from existing studies of harvesting equipment typical of the systems used to harvest sites in the region.  These studies included both personal interviews with timber harvesting contractors and published information.  The costs, production and consumption rates were &#xA;developed for equipment options within each component of the system.  Harvesting systems were developed as combinations of these harvesting components.  Although there are many combinations of harvesting equipment and systems that can be used for harvesting timber, this analysis assumes the use of the most common systems."/>
                <source number="1755" sourceType="0" firstAuthor="Maureen Puettmann " year="2008" title="SimaPro working files for Inland West Resources" placeOfPublications="unknown"/>
                <source number="2103" sourceType="0" firstAuthor="Elaine Oneil " year="2010" title="Life-Cycle Impacts of Inland West And NE/NC Forest Resources" placeOfPublications="unknown"/>
            </modellingAndValidation>
            <administrativeInformation>
                <dataEntryBy person="1699"/>
                <dataGeneratorAndPublication person="1699" dataPublishedIn="0" referenceToPublishedSource="2103" copyright="true" accessRestrictedTo="0"/>
                <person number="1699" name="Maureen Puetmann" address="Corvallis, OR  " telephone="(541) 231-2627" email="maureen.puettmann@q.com" companyCode="unknown" countryCode="US"/>
            </administrativeInformation>
        </metaInformation>
        <flowData>
            <exchange number="47357" category="11: Agriculture, Forestry, Fishing and Hunting" subCategory="1133: Logging" localCategory="11: Agriculture, Forestry, Fishing and Hunting" localSubCategory="1133: Logging" name="Roundwood, softwood, average, Med Intensity Management, NE-NC" location="RNA" unit="m3" meanValue="149.178" generalComment="Ovendry density = 380 kg/m3" infrastructureProcess="false">
                <outputGroup>0</outputGroup>
            </exchange>
            <exchange number="18676" category="11: Agriculture, Forestry, Fishing and Hunting" subCategory="1133: Logging" localCategory="11: Agriculture, Forestry, Fishing and Hunting" localSubCategory="1133: Logging" name="Bark, softwood, average, Med Intensity Management" location="RNA" unit="kg" meanValue="10394.52" generalComment="Ovendry density = 380 kg/m3" infrastructureProcess="false">
                <outputGroup>2</outputGroup>
            </exchange>
            <exchange number="27558" category="resource" subCategory="in air" localCategory="resource" localSubCategory="in air" name="Carbon dioxide, in air" unit="kg" meanValue="92468.49280632" generalComment="Based on carbon content of pulpwood" infrastructureProcess="false">
                <inputGroup>4</inputGroup>
            </exchange>
            <exchange number="27558" category="resource" subCategory="in air" localCategory="resource" localSubCategory="in air" name="Carbon dioxide, in air" unit="kg" meanValue="19043.40510024" generalComment="Based on carbon content of bark" infrastructureProcess="false">
                <inputGroup>4</inputGroup>
            </exchange>
            <exchange number="8220" category="11: Agriculture, Forestry, Fishing and Hunting" subCategory="1133: Logging" localCategory="11: Agriculture, Forestry, Fishing and Hunting" localSubCategory="1133: Logging" name="Pulpwood, softwood, average, Med Intensity Management, NE-NC" location="RNA" unit="m3" meanValue="132.822" generalComment="Ovendry density = 380 kg/m3" infrastructureProcess="false">
                <outputGroup>2</outputGroup>
            </exchange>
            <exchange number="27558" category="resource" subCategory="in air" localCategory="resource" localSubCategory="in air" name="Carbon dioxide, in air" unit="kg" meanValue="103855.27111368" generalComment="Based on carbon content of roundwood" infrastructureProcess="false">
                <inputGroup>4</inputGroup>
            </exchange>
            <exchange number="11438" category="11: Agriculture, Forestry, Fishing and Hunting" subCategory="1133: Logging" localCategory="11: Agriculture, Forestry, Fishing and Hunting" localSubCategory="1133: Logging" name="Loader operation, large, NE-NC" location="RNA" unit="d" meanValue="21.4123006833713" generalComment="Based on a rate of 0.076 standard machine hours per m3" infrastructureProcess="false">
                <inputGroup>5</inputGroup>
            </exchange>
            <exchange number="33502" category="11: Agriculture, Forestry, Fishing and Hunting" subCategory="1133: Logging" localCategory="11: Agriculture, Forestry, Fishing and Hunting" localSubCategory="1133: Logging" name="Skidding, grapple skidder, &gt;140 HP, NE-NC" location="RNA" unit="d" meanValue="29.0123456790123" generalComment="Based on a rate of 0.103 standard machine hours per m3" infrastructureProcess="false">
                <inputGroup>5</inputGroup>
            </exchange>
            <exchange number="22446" category="11: Agriculture, Forestry, Fishing and Hunting" subCategory="1133: Logging" localCategory="11: Agriculture, Forestry, Fishing and Hunting" localSubCategory="1133: Logging" name="Chainsawing, delimbing, NE-NC" location="RNA" unit="d" meanValue="27.431906614786" generalComment="Based on a rate of 0.097 standard machine hours per m3" infrastructureProcess="false">
                <inputGroup>5</inputGroup>
            </exchange>
            <exchange number="28840" category="resource" subCategory="land" localCategory="resource" localSubCategory="land" name="Wood, soft, NE-NC, standing" unit="m3" meanValue="309.354" infrastructureProcess="false">
                <inputGroup>4</inputGroup>
            </exchange>
            <exchange number="11012" category="11: Agriculture, Forestry, Fishing and Hunting" subCategory="1133: Logging" localCategory="11: Agriculture, Forestry, Fishing and Hunting" localSubCategory="1133: Logging" name="Felling, feller buncher, &gt; 200 HP, NE-NC" location="RNA" unit="d" meanValue="12.0926243567753" generalComment="Based on a rate of 0.043 standard machine hours per m3" infrastructureProcess="false">
                <inputGroup>5</inputGroup>
            </exchange>
        </flowData>
    </dataset>
</ecoSpold>
