<?xml version="1.0" encoding="UTF-8" standalone="yes"?>
<ecoSpold xmlns="http://www.EcoInvent.org/EcoSpold01">
    <dataset number="56167" generator="openLCA" timestamp="2019-10-15T12:53:03.147-06:00">
        <metaInformation>
            <processInformation>
                <referenceFunction datasetRelatesToProduct="false" name="Electricity, nuclear, at power plant" localName="Electricity, nuclear, at power plant" infrastructureProcess="false" amount="1.0" unit="MJ" category="22: Utilities" subCategory="2211: Electric Power Generation, Transmission and Distribution" localCategory="22: Utilities" localSubCategory="2211: Electric Power Generation, Transmission and Distribution" generalComment="&#xA;Important note: although most of the data in the US LCI database has &#xA;undergone some sort of review, the database as a whole has not yet &#xA;undergone a formal validation process.&#xA;Please email comments to lci@nrel.gov."/>
                <geography location="RNA" text="United States"/>
                <technology text="Representative of light water reactors in use in the United States as of 2000."/>
                <timePeriod dataValidForEntirePeriod="true">
                    <startDate>1996-12-31-07:00</startDate>
                    <endDate>2002-12-31-07:00</endDate>
                </timePeriod>
                <dataSetInformation type="1" impactAssessmentResult="false" timestamp="2019-07-22T15:03:09.962-06:00" version="0.0" internalVersion="0.0" energyValues="0" languageCode="en" localLanguageCode="en"/>
            </processInformation>
            <modellingAndValidation>
                <source number="1916" sourceType="0" firstAuthor="Energy Information Administration " year="2003" title="Monthly Energy Review. Table 8.1: Nuclear Power Plant Operations" placeOfPublications="unknown"/>
                <source number="2014" sourceType="0" firstAuthor="Energy Information Administration " year="2001" title="Annual energy Review 2001. Table 9.3: Urnaium Overview" placeOfPublications="unknown"/>
                <source number="2138" sourceType="0" firstAuthor="Finch, W.I. " year="1997" title="Uranium: Its Impact on the National and Global Energy Mix. USGS Circular 1141." placeOfPublications="unknown"/>
                <source number="2233" sourceType="0" firstAuthor="WISE Uranium Project " year="2003" title="Nuclear Fuel Material Balance Calculator" placeOfPublications="unknown"/>
                <source number="2294" sourceType="0" firstAuthor="Franklin Associates " year="2004" title="Data Details for Uranium Fuel Consumption." placeOfPublications="unknown"/>
            </modellingAndValidation>
            <administrativeInformation>
                <dataEntryBy person="1690"/>
                <dataGeneratorAndPublication person="1690" dataPublishedIn="0" referenceToPublishedSource="2294" copyright="false" accessRestrictedTo="0"/>
                <person number="1690" name="Franklin Associates" address="4121 W 83rd St, Prairie Village, Kansas 66208" telephone="913-649-2225" email="jlittlefield@fal.com" companyCode="unknown" countryCode="US"/>
            </administrativeInformation>
        </metaInformation>
        <flowData>
            <exchange number="11194" category="22: Utilities" subCategory="2211: Electric Power Generation, Transmission and Distribution" localCategory="22: Utilities" localSubCategory="2211: Electric Power Generation, Transmission and Distribution" name="Electricity, nuclear, at power plant" location="RNA" unit="MJ" meanValue="1.0" infrastructureProcess="false">
                <outputGroup>0</outputGroup>
            </exchange>
            <exchange number="24016" category="31-33: Manufacturing" subCategory="3251: Basic Chemical Manufacturing" localCategory="31-33: Manufacturing" localSubCategory="3251: Basic Chemical Manufacturing" name="Fuel grade uranium, at regional storage" location="RNA" unit="kg" meanValue="3.0391E-6" infrastructureProcess="false">
                <inputGroup>5</inputGroup>
            </exchange>
        </flowData>
    </dataset>
</ecoSpold>
