<?xml version="1.0" encoding="UTF-8" standalone="yes"?>
<ecoSpold xmlns="http://www.EcoInvent.org/EcoSpold01">
    <dataset number="56557" generator="openLCA" timestamp="2019-10-15T12:52:58.383-06:00">
        <metaInformation>
            <processInformation>
                <referenceFunction datasetRelatesToProduct="false" name="Cotton straw, at field" localName="Cotton straw, at field" infrastructureProcess="false" amount="4.5" unit="kg" category="11: Agriculture, Forestry, Fishing and Hunting" subCategory="1119: Other Crop Farming" localCategory="11: Agriculture, Forestry, Fishing and Hunting" localSubCategory="1119: Other Crop Farming" generalComment="Agricultural Crop Production, Harvested acres are 84% of the planted acres (1998-2000 US average).&#xA;The impacts of producing 1 kg of seed are assumed equal to those of producing 1kg of lint.&#xA;For Water, only consumptive use is taken into account (i.e. 60.7% of the total water consumption).&#xA;Important note: although most of the data in the US LCI database has &#xA;undergone some sort of review, the database as a whole has not yet &#xA;undergone a formal validation process.&#xA;Please email comments to lci@nrel.gov."/>
                <geography location="RNA" text="USA"/>
                <technology text="US average"/>
                <timePeriod dataValidForEntirePeriod="true">
                    <startDate>1996-12-31-07:00</startDate>
                    <endDate>1999-12-31-07:00</endDate>
                </timePeriod>
                <dataSetInformation type="5" impactAssessmentResult="false" timestamp="2019-07-20T21:21:57.569-06:00" version="0.0" internalVersion="0.0" energyValues="0" languageCode="en" localLanguageCode="en"/>
            </processInformation>
            <modellingAndValidation>
                <source number="1821" sourceType="0" firstAuthor="USDA/NRCS " year="2003" title="Plant Nutrient Content Database - Pounds per yield unit at typical harvest moisture content" placeOfPublications="unknown"/>
                <source number="1839" sourceType="0" firstAuthor="National Center for Food and Agricultura " year="1997" title="National Pesticide Database" placeOfPublications="unknown"/>
                <source number="1867" sourceType="0" firstAuthor="Conservation Technology Information Cent " year="2002" title="Crop Residue Management" placeOfPublications="unknown"/>
                <source number="1919" sourceType="0" firstAuthor="USGS " year="1999" title="Fluxes and Sources of Nutrients in the Mississippi River - Atchafalaya" placeOfPublications="unknown"/>
                <source number="1921" sourceType="0" firstAuthor="USDA/ERS " year="1998" title="Crop production practices data" placeOfPublications="unknown"/>
                <source number="1986" sourceType="0" firstAuthor="USDA/ERS " year="1997" title="Agriculture Resources and Environmental Indicators" placeOfPublications="unknown"/>
                <source number="2044" sourceType="0" firstAuthor="USDA/ERS " year="1997" title="Production Practices for Major Crops, 1990-97" placeOfPublications="unknown"/>
                <source number="2065" sourceType="0" firstAuthor="USDA/NRI " year="1997" title="Summary Report 1997 National Resources Inventory" placeOfPublications="unknown"/>
                <source number="2078" sourceType="0" firstAuthor="USDA/National Agricultural Statistics Se " year="1998" title="Agricultural Statistics Database" placeOfPublications="unknown"/>
                <source number="2094" sourceType="0" firstAuthor="USDA/ERS " year="1997" title="Characteristics and Production Costs of Cotton Farms" placeOfPublications="unknown"/>
                <source number="2144" sourceType="0" firstAuthor="USGS " year="1995" title="Estimated Use of Water in the United States in 1995" placeOfPublications="unknown"/>
                <source number="2198" sourceType="0" firstAuthor="USDA/ERS " year="2000" title="Agricultural Resource and Management Survey (ARMS) data" placeOfPublications="unknown"/>
                <source number="2268" sourceType="0" firstAuthor="U.S. EPA " year="2000" title="Inventory of Greenhouse Gas Emissions and Sinks, 1990-2000" placeOfPublications="unknown"/>
                <source number="2310" sourceType="0" firstAuthor="USDA/ERS " year="2001" title="Agricultural Chemical Usage 2001 Field Crops summary" placeOfPublications="unknown"/>
                <source number="2333" sourceType="0" firstAuthor="U.S. EPA " year="2003" title="Estimations Programs Interface for Windows, EPIWIN software." placeOfPublications="unknown"/>
                <source number="2351" sourceType="0" firstAuthor="U.S. EPA " year="1995" title="AP-42, 9.2.2. &quot;Pesticide Application&quot;." placeOfPublications="unknown"/>
                <source number="2369" sourceType="0" firstAuthor="USDA/NCRS " year="2000" title="Environmental Indicators of Pesticide Leaching and Runoff from Farm Fields" placeOfPublications="unknown"/>
                <source number="2382" sourceType="0" firstAuthor="USDA/ERS " year="2000" title="Agriculture Resources and Environmental Indicators" placeOfPublications="unknown"/>
                <source number="2392" sourceType="0" firstAuthor="U.S. EPA " year="1979" title="AP-42, 9.3.1., &quot;Cotton Harvesting&quot;" placeOfPublications="unknown"/>
                <source number="2408" sourceType="0" firstAuthor="USDA  / NCRS Tennessee " year="2000" title="Residue Management No-Till" placeOfPublications="unknown"/>
            </modellingAndValidation>
            <administrativeInformation>
                <dataEntryBy person="1715"/>
                <dataGeneratorAndPublication person="1715" dataPublishedIn="0" referenceToPublishedSource="2078" copyright="false" accessRestrictedTo="0"/>
                <person number="1715" name="Olivier Muller" address="Ecobilan, Tour AIG - 34, place des Corolles 92908 Paris La Défense Cedex - France" telephone="+33 1 56 57 80 44" email="olivier.muller@fr.pwc.com" companyCode="unknown" countryCode="FR"/>
            </administrativeInformation>
        </metaInformation>
        <flowData>
            <exchange number="5324" category="11: Agriculture, Forestry, Fishing and Hunting" subCategory="1119: Other Crop Farming" localCategory="11: Agriculture, Forestry, Fishing and Hunting" localSubCategory="1119: Other Crop Farming" name="Cotton straw, at field" location="RNA" unit="kg" meanValue="4.5" generalComment="Residue to Crop Ratio (20), C content of residues - same value as soybeans and peanuts in (4), N content and dry content of residues (10). Initially considered an output to nature. Changed to unvalued co-product by Pascal Lesage (12/07)" infrastructureProcess="false">
                <outputGroup>0</outputGroup>
            </exchange>
            <exchange number="11804" category="air" subCategory="low population density" localCategory="air" localSubCategory="low population density" name="Acephate" unit="kg" meanValue="4.36E-5" generalComment="Pesticides - consumption (19), Pesticides - application method (11), Pesticides - air emission factors (12), Pesticides - vapor pressure (13)" infrastructureProcess="false">
                <outputGroup>4</outputGroup>
            </exchange>
            <exchange number="43659" category="air" subCategory="low population density" localCategory="air" localSubCategory="low population density" name="Monosodium acid methanearsonate" unit="kg" meanValue="1.94E-4" generalComment="Pesticides - consumption (19), Pesticides - application method (11), Pesticides - air emission factors (12), Pesticides - vapor pressure (13)" infrastructureProcess="false">
                <outputGroup>4</outputGroup>
            </exchange>
            <exchange number="30656" category="water" subCategory="unspecified" localCategory="water" localSubCategory="unspecified" name="Trifluralin" unit="kg" meanValue="1.02E-5" generalComment="Pesticides - consumption (19), Pesticides - application method (11), Runoff  of pesticide (15)" infrastructureProcess="false">
                <outputGroup>4</outputGroup>
            </exchange>
            <exchange number="23526" category="air" subCategory="low population density" localCategory="air" localSubCategory="low population density" name="Metolachlor" unit="kg" meanValue="2.06E-5" generalComment="Pesticides - consumption (19), Pesticides - application method (11), Pesticides - air emission factors (12), Pesticides - vapor pressure (13)" infrastructureProcess="false">
                <outputGroup>4</outputGroup>
            </exchange>
            <exchange number="29756" category="air" subCategory="low population density" localCategory="air" localSubCategory="low population density" name="Propene, 1,3-dichloro-" unit="kg" meanValue="2.5E-4" generalComment="Pesticides - consumption (19), Pesticides - application method (11), Pesticides - air emission factors (12), Pesticides - vapor pressure (13)" infrastructureProcess="false">
                <outputGroup>4</outputGroup>
            </exchange>
            <exchange number="15422" category="air" subCategory="low population density" localCategory="air" localSubCategory="low population density" name="Bromoxynil" unit="kg" meanValue="5.21E-6" generalComment="Pesticides - consumption (19), Pesticides - application method (11), Pesticides - air emission factors (12), Pesticides - vapor pressure (13)" infrastructureProcess="false">
                <outputGroup>4</outputGroup>
            </exchange>
            <exchange number="11504" category="water" subCategory="unspecified" localCategory="water" localSubCategory="unspecified" name="2,4-D" unit="kg" meanValue="2.02E-8" generalComment="Pesticides - consumption (19), Pesticides - application method (11), Runoff  of pesticide (15)" infrastructureProcess="false">
                <outputGroup>4</outputGroup>
            </exchange>
            <exchange number="29910" category="water" subCategory="unspecified" localCategory="water" localSubCategory="unspecified" name="Glyphosate" unit="kg" meanValue="3.31E-6" generalComment="Pesticides - consumption (19), Pesticides - application method (11), Runoff  of pesticide (15)" infrastructureProcess="false">
                <outputGroup>4</outputGroup>
            </exchange>
            <exchange number="2932" category="air" subCategory="low population density" localCategory="air" localSubCategory="low population density" name="2,4-D" unit="kg" meanValue="4.72E-7" generalComment="Pesticides - consumption (19), Pesticides - application method (11), Pesticides - air emission factors (12), Pesticides - vapor pressure (13)" infrastructureProcess="false">
                <outputGroup>4</outputGroup>
            </exchange>
            <exchange number="21390" category="air" subCategory="low population density" localCategory="air" localSubCategory="low population density" name="Phorate" unit="kg" meanValue="4.0E-5" generalComment="Pesticides - consumption (19), Pesticides - application method (11), Pesticides - air emission factors (12), Pesticides - vapor pressure (13)" infrastructureProcess="false">
                <outputGroup>4</outputGroup>
            </exchange>
            <exchange number="25172" category="resource" subCategory="ground-" localCategory="resource" localSubCategory="ground-" name="Water, well" unit="m3" meanValue="1020.0" generalComment="Water consumption - consumptive use for irrigation (5), Water consumption - area irrigated and depth of irrigation water applied and ratio surface/ground water (2)" infrastructureProcess="false">
                <inputGroup>4</inputGroup>
            </exchange>
            <exchange number="7710" category="water" subCategory="unspecified" localCategory="water" localSubCategory="unspecified" name="Bromoxynil" unit="kg" meanValue="1.35E-7" generalComment="Pesticides - consumption (19), Pesticides - application method (11), Runoff  of pesticide (15)" infrastructureProcess="false">
                <outputGroup>4</outputGroup>
            </exchange>
            <exchange number="13174" category="air" subCategory="low population density" localCategory="air" localSubCategory="low population density" name="Clomazone" unit="kg" meanValue="2.45E-5" generalComment="Pesticides - consumption (19), Pesticides - application method (11), Pesticides - air emission factors (12), Pesticides - vapor pressure (13)" infrastructureProcess="false">
                <outputGroup>4</outputGroup>
            </exchange>
            <exchange number="22486" category="air" subCategory="low population density" localCategory="air" localSubCategory="low population density" name="Parathion, methyl" unit="kg" meanValue="1.31E-4" generalComment="Pesticides - consumption (19), Pesticides - application method (11), Pesticides - air emission factors (12), Pesticides - vapor pressure (13)" infrastructureProcess="false">
                <outputGroup>4</outputGroup>
            </exchange>
            <exchange number="3300" category="water" subCategory="unspecified" localCategory="water" localSubCategory="unspecified" name="Acephate" unit="kg" meanValue="1.87E-6" generalComment="Pesticides - consumption (19), Pesticides - application method (11), Runoff  of pesticide (15)" infrastructureProcess="false">
                <outputGroup>4</outputGroup>
            </exchange>
            <exchange number="20678" category="water" subCategory="river" localCategory="water" localSubCategory="river" name="Water" unit="m3" meanValue="287.0" generalComment="Water consumption - consumptive use for irrigation (5), Water consumption - area irrigated and depth of irrigation water applied and ratio surface/ground water (2)" infrastructureProcess="false">
                <inputGroup>4</inputGroup>
            </exchange>
            <exchange number="46803" category="water" subCategory="unspecified" localCategory="water" localSubCategory="unspecified" name="Fluometuron" unit="kg" meanValue="9.44E-6" generalComment="Pesticides - consumption (19), Pesticides - application method (11), Runoff  of pesticide (15)" infrastructureProcess="false">
                <outputGroup>4</outputGroup>
            </exchange>
            <exchange number="4624" category="resource" subCategory="in air" localCategory="resource" localSubCategory="in air" name="Carbon dioxide" unit="kg" meanValue="1.69" generalComment="Carbon fixation through plant growth" infrastructureProcess="false">
                <inputGroup>4</inputGroup>
            </exchange>
            <exchange number="32434" category="air" subCategory="low population density" localCategory="air" localSubCategory="low population density" name="Pendimethalin" unit="kg" meanValue="1.5E-4" generalComment="Pesticides - consumption (19), Pesticides - application method (11), Pesticides - air emission factors (12), Pesticides - vapor pressure (13)" infrastructureProcess="false">
                <outputGroup>4</outputGroup>
            </exchange>
            <exchange number="7244" category="air" subCategory="low population density" localCategory="air" localSubCategory="low population density" name="Diuron" unit="kg" meanValue="5.63E-5" generalComment="Pesticides - consumption (19), Pesticides - application method (11), Pesticides - air emission factors (12), Pesticides - vapor pressure (13)" infrastructureProcess="false">
                <outputGroup>4</outputGroup>
            </exchange>
            <exchange number="27860" category="water" subCategory="unspecified" localCategory="water" localSubCategory="unspecified" name="Malathion" unit="kg" meanValue="7.47E-6" generalComment="Pesticides - consumption (19), Pesticides - application method (11), Runoff  of pesticide (15)" infrastructureProcess="false">
                <outputGroup>4</outputGroup>
            </exchange>
            <exchange number="42147" category="water" subCategory="unspecified" localCategory="water" localSubCategory="unspecified" name="Nitrogen, total" unit="kg" meanValue="0.0152" generalComment=" Runoff/leaching of fertilizers (16)" infrastructureProcess="false">
                <outputGroup>4</outputGroup>
            </exchange>
            <exchange number="3990" category="air" subCategory="low population density" localCategory="air" localSubCategory="low population density" name="Azinphos-methyl" unit="kg" meanValue="9.73E-6" generalComment="Pesticides - consumption (19), Pesticides - application method (11), Pesticides - air emission factors (12), Pesticides - vapor pressure (13)" infrastructureProcess="false">
                <outputGroup>4</outputGroup>
            </exchange>
            <exchange number="19490" category="water" subCategory="unspecified" localCategory="water" localSubCategory="unspecified" name="Pendimethalin" unit="kg" meanValue="6.45E-6" generalComment="Pesticides - consumption (19), Pesticides - application method (11), Runoff  of pesticide (15)" infrastructureProcess="false">
                <outputGroup>4</outputGroup>
            </exchange>
            <exchange number="29036" category="resource" subCategory="land" localCategory="resource" localSubCategory="land" name="Occupation, arable, reduced tillage" unit="m2*a" meanValue="1.55" generalComment="Planted surface (1), Tillage practices (3)" infrastructureProcess="false">
                <inputGroup>4</inputGroup>
            </exchange>
            <exchange number="12846" category="air" subCategory="low population density" localCategory="air" localSubCategory="low population density" name="Disulfoton" unit="kg" meanValue="2.97E-5" generalComment="Pesticides - consumption (19), Pesticides - application method (11), Pesticides - air emission factors (12), Pesticides - vapor pressure (13)" infrastructureProcess="false">
                <outputGroup>4</outputGroup>
            </exchange>
            <exchange number="50323" category="Technosphere Flows" subCategory="CUTOFF Flows" localCategory="Technosphere Flows" localSubCategory="CUTOFF Flows" name="CUTOFF Phosphorous Fertilizer (TSP as P2O5), at plant" location="RNA" unit="kg" meanValue="0.0503" generalComment="Fertilizers NPK Ca and method of application (9)" infrastructureProcess="false">
                <inputGroup>5</inputGroup>
            </exchange>
            <exchange number="11630" category="air" subCategory="low population density" localCategory="air" localSubCategory="low population density" name="Aldicarb" unit="kg" meanValue="1.1E-4" generalComment="Pesticides - consumption (19), Pesticides - application method (11), Pesticides - air emission factors (12), Pesticides - vapor pressure (13)" infrastructureProcess="false">
                <outputGroup>4</outputGroup>
            </exchange>
            <exchange number="11404" category="22: Utilities" subCategory="2213: Water, Sewage and Other Systems" localCategory="22: Utilities" localSubCategory="2213: Water, Sewage and Other Systems" name="Liquefied petroleum gas, combusted in industrial boiler" location="RNA" unit="m3" meanValue="0.0257" generalComment="Energy consumption (18). Was initially reported as MJ. Converted using following factors: 50.3 MJ/kg, 1.85L/kg" infrastructureProcess="false">
                <inputGroup>5</inputGroup>
            </exchange>
            <exchange number="33222" category="air" subCategory="low population density" localCategory="air" localSubCategory="low population density" name="Oxamyl" unit="kg" meanValue="4.41E-5" generalComment="Pesticides - consumption (19), Pesticides - application method (11), Pesticides - air emission factors (12), Pesticides - vapor pressure (13)" infrastructureProcess="false">
                <outputGroup>4</outputGroup>
            </exchange>
            <exchange number="6438" category="water" subCategory="unspecified" localCategory="water" localSubCategory="unspecified" name="Metham sodium" unit="kg" meanValue="2.37E-6" generalComment="Pesticides - consumption (19), Pesticides - application method (11), Runoff  of pesticide (15)" infrastructureProcess="false">
                <outputGroup>4</outputGroup>
            </exchange>
            <exchange number="27076" category="water" subCategory="unspecified" localCategory="water" localSubCategory="unspecified" name="Metolachlor" unit="kg" meanValue="8.85E-7" generalComment="Pesticides - consumption (19), Pesticides - application method (11), Runoff  of pesticide (15)" infrastructureProcess="false">
                <outputGroup>4</outputGroup>
            </exchange>
            <exchange number="15330" category="resource" subCategory="land" localCategory="resource" localSubCategory="land" name="Occupation, arable, conventional tillage" unit="m2*a" meanValue="10.4" generalComment="Planted surface (1), Tillage practices (3)" infrastructureProcess="false">
                <inputGroup>4</inputGroup>
            </exchange>
            <exchange number="8432" category="air" subCategory="low population density" localCategory="air" localSubCategory="low population density" name="Fluometuron" unit="kg" meanValue="2.2E-4" generalComment="Pesticides - consumption (19), Pesticides - application method (11), Pesticides - air emission factors (12), Pesticides - vapor pressure (13)" infrastructureProcess="false">
                <outputGroup>4</outputGroup>
            </exchange>
            <exchange number="35944" category="air" subCategory="low population density" localCategory="air" localSubCategory="low population density" name="Hydrocarbons, unspecified" unit="kg" meanValue="0.0054" generalComment="Pesticides - consumption (19), Pesticides - application method (11), Pesticides - air emission factors (12), Pesticides - vapor pressure (13)" infrastructureProcess="false">
                <outputGroup>4</outputGroup>
            </exchange>
            <exchange number="39100" category="water" subCategory="unspecified" localCategory="water" localSubCategory="unspecified" name="Oxamyl" unit="kg" meanValue="1.14E-6" generalComment="Pesticides - consumption (19), Pesticides - application method (11), Runoff  of pesticide (15)" infrastructureProcess="false">
                <outputGroup>4</outputGroup>
            </exchange>
            <exchange number="13186" category="air" subCategory="low population density" localCategory="air" localSubCategory="low population density" name="Norflurazon" unit="kg" meanValue="6.42E-5" generalComment="Pesticides - consumption (19), Pesticides - application method (11), Pesticides - air emission factors (12), Pesticides - vapor pressure (13)" infrastructureProcess="false">
                <outputGroup>4</outputGroup>
            </exchange>
            <exchange number="11048" category="air" subCategory="low population density" localCategory="air" localSubCategory="low population density" name="Mancozeb" unit="kg" meanValue="5.19E-7" generalComment="Pesticides - consumption (19), Pesticides - application method (11), Pesticides - air emission factors (12), Pesticides - vapor pressure (13)" infrastructureProcess="false">
                <outputGroup>4</outputGroup>
            </exchange>
            <exchange number="15018" category="water" subCategory="unspecified" localCategory="water" localSubCategory="unspecified" name="Aldicarb" unit="kg" meanValue="4.73E-6" generalComment="Pesticides - consumption (19), Pesticides - application method (11), Runoff  of pesticide (15)" infrastructureProcess="false">
                <outputGroup>4</outputGroup>
            </exchange>
            <exchange number="46257" category="water" subCategory="unspecified" localCategory="water" localSubCategory="unspecified" name="Parathion, methyl" unit="kg" meanValue="5.63E-6" generalComment="Pesticides - consumption (19), Pesticides - application method (11), Runoff  of pesticide (15)" infrastructureProcess="false">
                <outputGroup>4</outputGroup>
            </exchange>
            <exchange number="9616" category="31-33: Manufacturing" subCategory="3274: Lime and Gypsum Product Manufacturing" localCategory="31-33: Manufacturing" localSubCategory="3274: Lime and Gypsum Product Manufacturing" name="Quicklime, at plant" location="RNA" unit="kg" meanValue="0.158" generalComment="Fertilizers NPK Ca and method of application (9)" infrastructureProcess="false">
                <inputGroup>5</inputGroup>
            </exchange>
            <exchange number="3170" category="water" subCategory="unspecified" localCategory="water" localSubCategory="unspecified" name="Disulfoton" unit="kg" meanValue="7.69E-7" generalComment="Pesticides - consumption (19), Pesticides - application method (11), Runoff  of pesticide (15)" infrastructureProcess="false">
                <outputGroup>4</outputGroup>
            </exchange>
            <exchange number="17066" category="22: Utilities" subCategory="2213: Water, Sewage and Other Systems" localCategory="22: Utilities" localSubCategory="2213: Water, Sewage and Other Systems" name="Natural gas, combusted in industrial boiler" location="RNA" unit="m3" meanValue="6.61E-5" generalComment="Energy consumption (18)" infrastructureProcess="false">
                <inputGroup>5</inputGroup>
            </exchange>
            <exchange number="49665" category="water" subCategory="unspecified" localCategory="water" localSubCategory="unspecified" name="Phorate" unit="kg" meanValue="1.03E-6" generalComment="Pesticides - consumption (19), Pesticides - application method (11), Runoff  of pesticide (15)" infrastructureProcess="false">
                <outputGroup>4</outputGroup>
            </exchange>
            <exchange number="29462" category="water" subCategory="unspecified" localCategory="water" localSubCategory="unspecified" name="Propene, 1,3-dichloro-" unit="kg" meanValue="6.46E-6" generalComment="Pesticides - consumption (19), Pesticides - application method (11), Runoff  of pesticide (15)" infrastructureProcess="false">
                <outputGroup>4</outputGroup>
            </exchange>
            <exchange number="39520" category="air" subCategory="low population density" localCategory="air" localSubCategory="low population density" name="Glyphosate" unit="kg" meanValue="7.72E-5" generalComment="Pesticides - consumption (19), Pesticides - application method (11), Pesticides - air emission factors (12), Pesticides - vapor pressure (13)" infrastructureProcess="false">
                <outputGroup>4</outputGroup>
            </exchange>
            <exchange number="17904" category="water" subCategory="unspecified" localCategory="water" localSubCategory="unspecified" name="Phosphorus compounds, unspecified" unit="kg" meanValue="2.96E-4" generalComment=" Runoff/leaching of fertilizers (16)" infrastructureProcess="false">
                <outputGroup>4</outputGroup>
            </exchange>
            <exchange number="19192" category="water" subCategory="unspecified" localCategory="water" localSubCategory="unspecified" name="Azinphos-methyl" unit="kg" meanValue="4.17E-7" generalComment="Pesticides - consumption (19), Pesticides - application method (11), Runoff  of pesticide (15)" infrastructureProcess="false">
                <outputGroup>4</outputGroup>
            </exchange>
            <exchange number="5472" category="air" subCategory="low population density" localCategory="air" localSubCategory="low population density" name="Malathion" unit="kg" meanValue="1.74E-4" generalComment="Pesticides - consumption (19), Pesticides - application method (11), Pesticides - air emission factors (12), Pesticides - vapor pressure (13)" infrastructureProcess="false">
                <outputGroup>4</outputGroup>
            </exchange>
            <exchange number="49579" category="22: Utilities" subCategory="2213: Water, Sewage and Other Systems" localCategory="22: Utilities" localSubCategory="2213: Water, Sewage and Other Systems" name="Diesel, combusted in industrial equipment" location="RNA" unit="m3" meanValue="0.231" generalComment="Farm tractor. Energy consumption (18)" infrastructureProcess="false">
                <inputGroup>5</inputGroup>
            </exchange>
            <exchange number="12414" category="air" subCategory="low population density" localCategory="air" localSubCategory="low population density" name="Carbofuran" unit="kg" meanValue="7.85E-6" generalComment="Pesticides - consumption (19), Pesticides - application method (11), Pesticides - air emission factors (12), Pesticides - vapor pressure (13)" infrastructureProcess="false">
                <outputGroup>4</outputGroup>
            </exchange>
            <exchange number="23474" category="water" subCategory="unspecified" localCategory="water" localSubCategory="unspecified" name="Cyanazine" unit="kg" meanValue="5.43E-6" generalComment="Pesticides - consumption (19), Pesticides - application method (11), Runoff  of pesticide (15)" infrastructureProcess="false">
                <outputGroup>4</outputGroup>
            </exchange>
            <exchange number="39234" category="air" subCategory="low population density" localCategory="air" localSubCategory="low population density" name="Dinitrogen monoxide" unit="kg" meanValue="0.00569" generalComment="Air emissions of N2O and NH3 and NOx (4)" infrastructureProcess="false">
                <outputGroup>4</outputGroup>
            </exchange>
            <exchange number="24168" category="air" subCategory="low population density" localCategory="air" localSubCategory="low population density" name="Tributylphosphorotrithioate" unit="kg" meanValue="2.04E-4" generalComment="Pesticides - consumption (19), Pesticides - application method (11), Pesticides - air emission factors (12), Pesticides - vapor pressure (13)" infrastructureProcess="false">
                <outputGroup>4</outputGroup>
            </exchange>
            <exchange number="48109" category="water" subCategory="unspecified" localCategory="water" localSubCategory="unspecified" name="Carbofuran" unit="kg" meanValue="3.36E-7" generalComment="Pesticides - consumption (19), Pesticides - application method (11), Runoff  of pesticide (15)" infrastructureProcess="false">
                <outputGroup>4</outputGroup>
            </exchange>
            <exchange number="36994" category="water" subCategory="unspecified" localCategory="water" localSubCategory="unspecified" name="Sodium chlorate" unit="kg" meanValue="1.16E-5" generalComment="Pesticides - consumption (19), Pesticides - application method (11), Runoff  of pesticide (15)" infrastructureProcess="false">
                <outputGroup>4</outputGroup>
            </exchange>
            <exchange number="20492" category="water" subCategory="unspecified" localCategory="water" localSubCategory="unspecified" name="Diuron" unit="kg" meanValue="2.41E-6" generalComment="Pesticides - consumption (19), Pesticides - application method (11), Runoff  of pesticide (15)" infrastructureProcess="false">
                <outputGroup>4</outputGroup>
            </exchange>
            <exchange number="36442" category="Technosphere Flows" subCategory="CUTOFF Flows" localCategory="Technosphere Flows" localSubCategory="CUTOFF Flows" name="CUTOFF Potash Fertilizer (K2O), at plant" location="RNA" unit="kg" meanValue="0.0556" generalComment="Fertilizers NPK Ca and method of application (9)" infrastructureProcess="false">
                <inputGroup>5</inputGroup>
            </exchange>
            <exchange number="26704" category="water" subCategory="unspecified" localCategory="water" localSubCategory="unspecified" name="Tributylphosphorotrithioate" unit="kg" meanValue="8.74E-6" generalComment="Pesticides - consumption (19), Pesticides - application method (11), Runoff  of pesticide (15)" infrastructureProcess="false">
                <outputGroup>4</outputGroup>
            </exchange>
            <exchange number="39556" category="air" subCategory="low population density" localCategory="air" localSubCategory="low population density" name="Nitrogen oxides" unit="kg" meanValue="0.0202" generalComment="Air emissions of N2O and NH3 and NOx (4)" infrastructureProcess="false">
                <outputGroup>4</outputGroup>
            </exchange>
            <exchange number="24218" category="air" subCategory="low population density" localCategory="air" localSubCategory="low population density" name="Metham sodium" unit="kg" meanValue="5.52E-5" generalComment="Pesticides - consumption (19), Pesticides - application method (11), Pesticides - air emission factors (12), Pesticides - vapor pressure (13)" infrastructureProcess="false">
                <outputGroup>4</outputGroup>
            </exchange>
            <exchange number="27466" category="air" subCategory="low population density" localCategory="air" localSubCategory="low population density" name="Chlorpyrifos" unit="kg" meanValue="4.63E-5" generalComment="Pesticides - consumption (19), Pesticides - application method (11), Pesticides - air emission factors (12), Pesticides - vapor pressure (13)" infrastructureProcess="false">
                <outputGroup>4</outputGroup>
            </exchange>
            <exchange number="51690" category="water" subCategory="unspecified" localCategory="water" localSubCategory="unspecified" name="Norflurazon" unit="kg" meanValue="2.75E-6" generalComment="Pesticides - consumption (19), Pesticides - application method (11), Runoff  of pesticide (15)" infrastructureProcess="false">
                <outputGroup>4</outputGroup>
            </exchange>
            <exchange number="12666" category="air" subCategory="low population density" localCategory="air" localSubCategory="low population density" name="Trifluralin" unit="kg" meanValue="3.93E-4" generalComment="Pesticides - consumption (19), Pesticides - application method (11), Pesticides - air emission factors (12), Pesticides - vapor pressure (13)" infrastructureProcess="false">
                <outputGroup>4</outputGroup>
            </exchange>
            <exchange number="47091" category="water" subCategory="unspecified" localCategory="water" localSubCategory="unspecified" name="Monosodium acid methanearsonate" unit="kg" meanValue="8.31E-6" generalComment="Pesticides - consumption (19), Pesticides - application method (11), Runoff  of pesticide (15)" infrastructureProcess="false">
                <outputGroup>4</outputGroup>
            </exchange>
            <exchange number="35868" category="22: Utilities" subCategory="2211: Electric Power Generation, Transmission and Distribution" localCategory="22: Utilities" localSubCategory="2211: Electric Power Generation, Transmission and Distribution" name="Electricity, at grid" location="RNA" unit="MJ" meanValue="0.247" generalComment="Energy consumption (18)" infrastructureProcess="false">
                <inputGroup>5</inputGroup>
            </exchange>
            <exchange number="47345" category="water" subCategory="unspecified" localCategory="water" localSubCategory="unspecified" name="Paraquat" unit="kg" meanValue="1.86E-6" generalComment="Pesticides - consumption (19), Pesticides - application method (11), Runoff  of pesticide (15)" infrastructureProcess="false">
                <outputGroup>4</outputGroup>
            </exchange>
            <exchange number="42325" category="48-49: Transportation and Warehousing" subCategory="4821: Rail Transportation" localCategory="48-49: Transportation and Warehousing" localSubCategory="4821: Rail Transportation" name="Transport, train, diesel powered" location="RNA" unit="t*km" meanValue="0.302" generalComment="Transportation of fertilizers (400km)" infrastructureProcess="false">
                <inputGroup>5</inputGroup>
            </exchange>
            <exchange number="40654" category="11: Agriculture, Forestry, Fishing and Hunting" subCategory="1119: Other Crop Farming" localCategory="11: Agriculture, Forestry, Fishing and Hunting" localSubCategory="1119: Other Crop Farming" name="Cotton, at field" location="RNA" unit="kg" meanValue="1.0" generalComment="Planted surface (1), Production (1), Seeds (18)" infrastructureProcess="false">
                <outputGroup>2</outputGroup>
            </exchange>
            <exchange number="48943" category="air" subCategory="low population density" localCategory="air" localSubCategory="low population density" name="Ammonia" unit="kg" meanValue="0.00748" generalComment="Air emissions of N2O and NH3 and NOx (4)" infrastructureProcess="false">
                <outputGroup>4</outputGroup>
            </exchange>
            <exchange number="8932" category="resource" subCategory="land" localCategory="resource" localSubCategory="land" name="Occupation, arable, conservation tillage" unit="m2*a" meanValue="2.75" generalComment="Planted surface (1), Tillage practices (3)" infrastructureProcess="false">
                <inputGroup>4</inputGroup>
            </exchange>
            <exchange number="42879" category="air" subCategory="low population density" localCategory="air" localSubCategory="low population density" name="Paraquat" unit="kg" meanValue="4.34E-5" generalComment="Pesticides - consumption (19), Pesticides - application method (11), Pesticides - air emission factors (12), Pesticides - vapor pressure (13)" infrastructureProcess="false">
                <outputGroup>4</outputGroup>
            </exchange>
            <exchange number="3642" category="air" subCategory="low population density" localCategory="air" localSubCategory="low population density" name="Particulates, unspecified" unit="kg" meanValue="4.08E-5" generalComment="Particulate emissions during harvesting (16)" infrastructureProcess="false">
                <outputGroup>4</outputGroup>
            </exchange>
            <exchange number="36840" category="water" subCategory="unspecified" localCategory="water" localSubCategory="unspecified" name="Clomazone" unit="kg" meanValue="1.05E-6" generalComment="Pesticides - consumption (19), Pesticides - application method (11), Runoff  of pesticide (15)" infrastructureProcess="false">
                <outputGroup>4</outputGroup>
            </exchange>
            <exchange number="48575" category="water" subCategory="unspecified" localCategory="water" localSubCategory="unspecified" name="Prometryn" unit="kg" meanValue="2.91E-6" generalComment="Pesticides - consumption (19), Pesticides - application method (11), Runoff  of pesticide (15)" infrastructureProcess="false">
                <outputGroup>4</outputGroup>
            </exchange>
            <exchange number="44007" category="air" subCategory="low population density" localCategory="air" localSubCategory="low population density" name="Prometryn" unit="kg" meanValue="6.78E-5" generalComment="Pesticides - consumption (19), Pesticides - application method (11), Pesticides - air emission factors (12), Pesticides - vapor pressure (13)" infrastructureProcess="false">
                <outputGroup>4</outputGroup>
            </exchange>
            <exchange number="46181" category="air" subCategory="low population density" localCategory="air" localSubCategory="low population density" name="Cyanazine" unit="kg" meanValue="1.27E-4" generalComment="Pesticides - consumption (19), Pesticides - application method (11), Pesticides - air emission factors (12), Pesticides - vapor pressure (13)" infrastructureProcess="false">
                <outputGroup>4</outputGroup>
            </exchange>
            <exchange number="33108" category="water" subCategory="unspecified" localCategory="water" localSubCategory="unspecified" name="Endosulfan" unit="kg" meanValue="7.88E-7" generalComment="Pesticides - consumption (19), Pesticides - application method (11), Runoff  of pesticide (15)" infrastructureProcess="false">
                <outputGroup>4</outputGroup>
            </exchange>
            <exchange number="5940" category="Technosphere Flows" subCategory="CUTOFF Flows" localCategory="Technosphere Flows" localSubCategory="CUTOFF Flows" name="CUTOFF Agrochemicals, at plant" location="RNA" unit="kg" meanValue="0.009" generalComment="Pesticides - consumption (19)" infrastructureProcess="false">
                <inputGroup>5</inputGroup>
            </exchange>
            <exchange number="51588" category="air" subCategory="low population density" localCategory="air" localSubCategory="low population density" name="Endosulfan" unit="kg" meanValue="1.84E-5" generalComment="Pesticides - consumption (19), Pesticides - application method (11), Pesticides - air emission factors (12), Pesticides - vapor pressure (13)" infrastructureProcess="false">
                <outputGroup>4</outputGroup>
            </exchange>
            <exchange number="43005" category="water" subCategory="unspecified" localCategory="water" localSubCategory="unspecified" name="Ethephon" unit="kg" meanValue="9.25E-6" generalComment="Pesticides - consumption (19), Pesticides - application method (11), Runoff  of pesticide (15)" infrastructureProcess="false">
                <outputGroup>4</outputGroup>
            </exchange>
            <exchange number="7266" category="31-33: Manufacturing" subCategory="3253: Pesticide, Fertilizer, and Other Agricultural Chemical Manufacturing" localCategory="31-33: Manufacturing" localSubCategory="3253: Pesticide, Fertilizer, and Other Agricultural Chemical Manufacturing" name="Nitrogen fertilizer, production mix, at plant" location="RNA" unit="kg" meanValue="0.124" generalComment="Fertilizers NPK Ca and method of application (9)" infrastructureProcess="false">
                <inputGroup>5</inputGroup>
            </exchange>
            <exchange number="39524" category="48-49: Transportation and Warehousing" subCategory="4841: General Freight Trucking" localCategory="48-49: Transportation and Warehousing" localSubCategory="4841: General Freight Trucking" name="Transport, single unit truck, diesel powered" location="RNA" unit="t*km" meanValue="0.113" generalComment="Transportation of fertilizers (200 km)" infrastructureProcess="false">
                <inputGroup>5</inputGroup>
            </exchange>
            <exchange number="7238" category="air" subCategory="low population density" localCategory="air" localSubCategory="low population density" name="Sodium chlorate" unit="kg" meanValue="2.71E-4" generalComment="Pesticides - consumption (19), Pesticides - application method (11), Pesticides - air emission factors (12), Pesticides - vapor pressure (13)" infrastructureProcess="false">
                <outputGroup>4</outputGroup>
            </exchange>
            <exchange number="37974" category="Emission to water" subCategory="unspecified" localCategory="Emission to water" localSubCategory="unspecified" name="Suspended solids, unspecified" unit="kg" meanValue="10.2" generalComment="Erosion (6)" infrastructureProcess="false">
                <outputGroup>4</outputGroup>
            </exchange>
            <exchange number="8648" category="water" subCategory="unspecified" localCategory="water" localSubCategory="unspecified" name="Mancozeb" unit="kg" meanValue="1.34E-8" generalComment="Pesticides - consumption (19), Pesticides - application method (11), Runoff  of pesticide (15)" infrastructureProcess="false">
                <outputGroup>4</outputGroup>
            </exchange>
            <exchange number="10868" category="air" subCategory="low population density" localCategory="air" localSubCategory="low population density" name="Ethephon" unit="kg" meanValue="2.16E-4" generalComment="Pesticides - consumption (19), Pesticides - application method (11), Pesticides - air emission factors (12), Pesticides - vapor pressure (13)" infrastructureProcess="false">
                <outputGroup>4</outputGroup>
            </exchange>
            <exchange number="40054" category="water" subCategory="unspecified" localCategory="water" localSubCategory="unspecified" name="Chlorpyrifos" unit="kg" meanValue="1.99E-6" generalComment="Pesticides - consumption (19), Pesticides - application method (11), Runoff  of pesticide (15)" infrastructureProcess="false">
                <outputGroup>4</outputGroup>
            </exchange>
        </flowData>
    </dataset>
</ecoSpold>
