<?xml version="1.0" encoding="UTF-8" standalone="yes"?>
<ecoSpold xmlns="http://www.EcoInvent.org/EcoSpold01">
    <dataset number="98626" generator="openLCA" timestamp="2019-10-15T12:53:04.849-06:00">
        <metaInformation>
            <processInformation>
                <referenceFunction datasetRelatesToProduct="false" name="Electricity, at grid" localName="Electricity, at grid" infrastructureProcess="false" amount="1.0" unit="MJ" category="22: Utilities" subCategory="2211: Electric Power Generation, Transmission and Distribution" localCategory="22: Utilities" localSubCategory="2211: Electric Power Generation, Transmission and Distribution" generalComment="The methodology used to put together the grid information is outlined in reference 1.  "/>
                <geography location="RNA" text="SRTV Tennessee Valley electricity grid to includes Tennessee, most of Kentucky (less RFCW) and a small portions of West Virginia, North Carolina, Georgia, Alabama and Mississippi."/>
                <technology text="Typical"/>
                <timePeriod dataValidForEntirePeriod="true">
                    <startDate>2009-12-31-07:00</startDate>
                    <endDate>2009-12-31-07:00</endDate>
                </timePeriod>
                <dataSetInformation type="1" impactAssessmentResult="false" timestamp="2019-08-27T11:38:44.180-06:00" version="0.0" internalVersion="0.0" energyValues="0" languageCode="en" localLanguageCode="en"/>
            </processInformation>
            <modellingAndValidation>
                <representativeness samplingProcedure="based on EIA electricity reports for all power plants in the US."/>
                <source number="1785" sourceType="0" firstAuthor="EIA " year="2012" title="EIA – State Electricity Profiles " placeOfPublications="unknown"/>
                <source number="1787" sourceType="0" firstAuthor="EIA " year="2011" title="EIA - Electric Power Annual summary " placeOfPublications="unknown"/>
                <source number="1800" sourceType="0" firstAuthor="Statistics Canada " year="2011" title="CANSIM tables used for Stats Can Report on Energy Supply and Demand in Canada " placeOfPublications="unknown"/>
                <source number="1805" sourceType="0" firstAuthor="Statistics Canada " year="2012" title="Energy Statistics Handbook " placeOfPublications="unknown"/>
                <source number="1823" sourceType="0" firstAuthor="Chris Goemans, Athena Institute " year="2010" title="NREL US LCI Database – N.A. Electricity Generation by Fuel Type Update &amp; Template Methodology" placeOfPublications="unknown"/>
                <source number="1856" sourceType="0" firstAuthor="EIA " year="2011" title="EIA - Supply and Disposition of Electricity" placeOfPublications="unknown"/>
                <source number="1933" sourceType="0" firstAuthor="USEPA " year="2012" title="Power Profiler" placeOfPublications="unknown"/>
                <source number="1988" sourceType="0" firstAuthor="EIA " year="2012" title="EIA – Electricity  Data home page " placeOfPublications="unknown"/>
                <source number="2147" sourceType="0" firstAuthor="Statistics Canada " year="2012" title="Electric Power Generation, Transmission and Distribution #57-202-XWE" placeOfPublications="unknown"/>
                <source number="2150" sourceType="0" firstAuthor="EIA " year="2012" title="EIA –Electricity Data Tables " placeOfPublications="unknown"/>
                <source number="2248" sourceType="0" firstAuthor="Statistics Canada " year="2010" title="Statistics Canada :: Report on Energy Supply and Demand in Canada " placeOfPublications="unknown"/>
                <source number="2264" sourceType="0" firstAuthor="EIA " year="2012" title="EIA – State Electricity Profile PDF Report (2010) " placeOfPublications="unknown"/>
                <source number="2280" sourceType="0" firstAuthor="unspecified " year="2012" title="North American Electric Reliability Corporation (NERC) " placeOfPublications="unknown"/>
                <source number="2300" sourceType="0" firstAuthor="EIA " year="2012" title="EIA –State Data Tables " placeOfPublications="unknown"/>
                <source number="2342" sourceType="0" firstAuthor="USEPA " year="2012" title="EPA - eGRID" placeOfPublications="unknown"/>
                <source number="2387" sourceType="0" firstAuthor="EIA " year="2012" title="EIA – State Energy Profiles " placeOfPublications="unknown"/>
                <source number="2391" sourceType="0" firstAuthor="EIA " year="2011" title="EIA - Annual Energy Review " placeOfPublications="unknown"/>
                <source number="2397" sourceType="0" firstAuthor="Statistics Canada " year="2012" title="Statistics Canada :: Electric Power Generation, Transmission and " placeOfPublications="unknown"/>
                <source number="2442" sourceType="0" firstAuthor="US DOE " year="2011" title="U.S. Electricity Imports from and Electricity Exports to Canada and Mexico" placeOfPublications="unknown"/>
                <source number="2444" sourceType="0" firstAuthor="International Energy Agency " year="2011" title="IEA Statistics for Electricity/Heat in Mexico in 2009 " placeOfPublications="unknown"/>
                <source number="2447" sourceType="0" firstAuthor="EIA " year="2011" title="EIA - Electrical Power Summary" placeOfPublications="unknown"/>
            </modellingAndValidation>
            <administrativeInformation>
                <dataEntryBy person="1738"/>
                <dataGeneratorAndPublication person="1738" dataPublishedIn="0" referenceToPublishedSource="1823" copyright="false" accessRestrictedTo="0"/>
                <person number="1738" name="Samantha Wascavage" address="1617 Denver West Blvd, MS RSF 206, Golden, CO 80401" telephone="303.275.3789" email="samantha.wascavage@nrel.gov" companyCode="unknown" countryCode="US"/>
            </administrativeInformation>
        </metaInformation>
        <flowData>
            <exchange number="35868" category="22: Utilities" subCategory="2211: Electric Power Generation, Transmission and Distribution" localCategory="22: Utilities" localSubCategory="2211: Electric Power Generation, Transmission and Distribution" name="Electricity, at grid" location="RNA" unit="MJ" meanValue="1.0" infrastructureProcess="false">
                <outputGroup>0</outputGroup>
            </exchange>
            <exchange number="4186" category="22: Utilities" subCategory="2211: Electric Power Generation, Transmission and Distribution" localCategory="22: Utilities" localSubCategory="2211: Electric Power Generation, Transmission and Distribution" name="Electricity, natural gas, at power plant" location="RNA" unit="MJ" meanValue="0.10982" generalComment="Natural Gas" infrastructureProcess="false">
                <inputGroup>5</inputGroup>
            </exchange>
            <exchange number="52306" category="22: Utilities" subCategory="2211: Electric Power Generation, Transmission and Distribution" localCategory="22: Utilities" localSubCategory="2211: Electric Power Generation, Transmission and Distribution" name="Electricity, bituminous coal, at power plant" location="RNA" unit="MJ" meanValue="0.516354" generalComment="Bituminous Coal BIT, SC, SGC, WC - Anthracite Coal, and Bituminous Coal.  " infrastructureProcess="false">
                <inputGroup>5</inputGroup>
            </exchange>
            <exchange number="52112" category="Technosphere Flows" subCategory="CUTOFF Flows" localCategory="Technosphere Flows" localSubCategory="CUTOFF Flows" name="CUTOFF Electricity, petroleum coke, at power plant" location="RNA" unit="MJ" meanValue="0.008922" generalComment="Petroleum (Other Fossil) PC, SG, WO - petroleum coke" infrastructureProcess="false">
                <inputGroup>5</inputGroup>
            </exchange>
            <exchange number="51514" category="Technosphere Flows" subCategory="CUTOFF Flows" localCategory="Technosphere Flows" localSubCategory="CUTOFF Flows" name="CUTOFF Electricity, at wind power plant, unspecified" location="RNA" unit="MJ" meanValue="1.67E-4" generalComment="Wind" infrastructureProcess="false">
                <inputGroup>5</inputGroup>
            </exchange>
            <exchange number="11794" category="Technosphere Flows" subCategory="CUTOFF Flows" localCategory="Technosphere Flows" localSubCategory="CUTOFF Flows" name="CUTOFF Electricity, tire derived fuel, at power plant" location="RNA" unit="MJ" meanValue="0.001831" generalComment="Solid Renewable Fuels (Biomass) TDF, AB, MSB, MSW, OBS, WDS - tires, tire derived fuel" infrastructureProcess="false">
                <inputGroup>5</inputGroup>
            </exchange>
            <exchange number="25748" category="22: Utilities" subCategory="2211: Electric Power Generation, Transmission and Distribution" localCategory="22: Utilities" localSubCategory="2211: Electric Power Generation, Transmission and Distribution" name="Electricity, residual fuel oil, at power plant" location="RNA" unit="MJ" meanValue="1.7E-5" generalComment="Petroleum (RFO) – Residual Fuel Oil (includes No. 5 and No. 6 Fuel Oils and Bunker C Fuel Oil)" infrastructureProcess="false">
                <inputGroup>5</inputGroup>
            </exchange>
            <exchange number="28592" category="Technosphere Flows" subCategory="CUTOFF Flows" localCategory="Technosphere Flows" localSubCategory="CUTOFF Flows" name="CUTOFF Electricity, biomass, gas, landfill, at power plant" location="RNA" unit="MJ" meanValue="2.86E-4" generalComment="Gaseous Renewable Fuels (Biomass) LFG, OBG - landfill gas" infrastructureProcess="false">
                <inputGroup>5</inputGroup>
            </exchange>
            <exchange number="47863" category="22: Utilities" subCategory="2211: Electric Power Generation, Transmission and Distribution" localCategory="22: Utilities" localSubCategory="2211: Electric Power Generation, Transmission and Distribution" name="Electricity, diesel, at power plant" location="RNA" unit="MJ" meanValue="0.001699" generalComment="Petroleum (DFO, JF, KER)  – Distillate Fuel Oil (includes all Diesel and No. 1, No. 2, and No. 4 Fuel Oils) " infrastructureProcess="false">
                <inputGroup>5</inputGroup>
            </exchange>
            <exchange number="31634" category="22: Utilities" subCategory="2211: Electric Power Generation, Transmission and Distribution" localCategory="22: Utilities" localSubCategory="2211: Electric Power Generation, Transmission and Distribution" name="Electricity, lignite coal, at power plant" location="RNA" unit="MJ" meanValue="0.013681" generalComment="Lignite Coal" infrastructureProcess="false">
                <inputGroup>5</inputGroup>
            </exchange>
            <exchange number="26036" category="Technosphere Flows" subCategory="CUTOFF Flows" localCategory="Technosphere Flows" localSubCategory="CUTOFF Flows" name="CUTOFF Electricity, hydropower, at power plant, unspecified" location="RNA" unit="MJ" meanValue="0.068729" generalComment="Hydroelectric WAT  – Water (Conventional, Pumped Storage)" infrastructureProcess="false">
                <inputGroup>5</inputGroup>
            </exchange>
            <exchange number="11194" category="22: Utilities" subCategory="2211: Electric Power Generation, Transmission and Distribution" localCategory="22: Utilities" localSubCategory="2211: Electric Power Generation, Transmission and Distribution" name="Electricity, nuclear, at power plant" location="RNA" unit="MJ" meanValue="0.217661" generalComment="Nuclear Fission NUC – Nuclear (Uranium, Plutonium, Thorium)" infrastructureProcess="false">
                <inputGroup>5</inputGroup>
            </exchange>
            <exchange number="52306" category="22: Utilities" subCategory="2211: Electric Power Generation, Transmission and Distribution" localCategory="22: Utilities" localSubCategory="2211: Electric Power Generation, Transmission and Distribution" name="Electricity, bituminous coal, at power plant" location="RNA" unit="MJ" meanValue="0.052475" generalComment="SUB – Subbituminous Coal " infrastructureProcess="false">
                <inputGroup>5</inputGroup>
            </exchange>
            <exchange number="24036" category="Technosphere Flows" subCategory="CUTOFF Flows" localCategory="Technosphere Flows" localSubCategory="CUTOFF Flows" name="CUTOFF Electricity, biomass,liquid, unspecified, at power plant" location="RNA" unit="MJ" meanValue="0.008358" generalComment="Liquid Renewable Fuels (Biomass) BLQ, OBL, SLW, WDL - black liquor" infrastructureProcess="false">
                <inputGroup>5</inputGroup>
            </exchange>
        </flowData>
    </dataset>
</ecoSpold>
