<?xml version="1.0" encoding="UTF-8" standalone="yes"?>
<ecoSpold xmlns="http://www.EcoInvent.org/EcoSpold01">
    <dataset number="55254" generator="openLCA" timestamp="2019-10-15T12:53:04.994-06:00">
        <metaInformation>
            <processInformation>
                <referenceFunction datasetRelatesToProduct="false" name="Propylene oxide, at plant" localName="Propylene oxide, at plant" infrastructureProcess="false" amount="1.0" unit="kg" category="31-33: Manufacturing" subCategory="3251: Basic Chemical Manufacturing" localCategory="31-33: Manufacturing" localSubCategory="3251: Basic Chemical Manufacturing" generalComment="The environmental emissions and raw materials for this module are a weighted average of the three technologies.  The chlorohydrin process generates 42.1 percent of the propylene oxide, the isobutene hydroperoxidation (including MTBE hydroperoxidation) 34.6 percent, and the ethylbenzene hydroperoxidation 23.3 percent.  In the two hydroperoxidation datasets, coproduct credit was given on a mass basis.  This data module is a weighted average of the inventory for several technologies. An excess amount of brine water is produced during one of the technologies but is not presented as an output to nature; these output amounts would likely explain the upset in the mass balance shown for this hybrid inventory.  Complete inventory data and metadata are available in full in the final report and appendices, Cradle-to-Gate Life Cycle Inventory of Nine Plastic Resins and Four Polyurethane Precursors. This report has been extensively reviewed within Franklin Associates and has undergone partial critical review by ACC Plastics Division members and is available at: www.americanchemistry.com. Quantities may vary slightly between the reference to main source and and this module due to rounding.  Important note: although most of the data in the US LCI database has undergone some sort of review, the database as a whole has not yet undergone a formal validation process.  Please email comments to lci@nrel.gov."/>
                <geography location="RNA" text="North America (US and Canada)"/>
                <technology text="Chlorohydrin process, isobutene hydroperoxidation (including MTBE hydroperoxidation) process, and ethylbenzene process hydroperoxidation"/>
                <timePeriod dataValidForEntirePeriod="true">
                    <startDate>1992-12-31-07:00</startDate>
                    <endDate>1999-12-31-07:00</endDate>
                </timePeriod>
                <dataSetInformation type="1" impactAssessmentResult="false" timestamp="2019-05-28T01:47:57.831-06:00" version="0.0" internalVersion="0.0" energyValues="0" languageCode="en" localLanguageCode="en"/>
            </processInformation>
            <modellingAndValidation>
                <representativeness samplingProcedure="Data are from primary sources."/>
                <source number="2175" sourceType="0" firstAuthor="THE PLASTICS DIVISION OF &#xA;THE AMERICAN C " year="2010" title="CRADLE-TO-GATE LIFE CYCLE INVENTORY OF NINE PLASTIC RESINS AND FOUR POLYURETHANE PRECURSORS" placeOfPublications="unknown"/>
            </modellingAndValidation>
            <administrativeInformation>
                <dataEntryBy person="1689"/>
                <dataGeneratorAndPublication person="1689" dataPublishedIn="0" referenceToPublishedSource="2175" copyright="false" accessRestrictedTo="0"/>
                <person number="1689" name="Franklin Associates" address="Prairie Village, KS" telephone="913-649-2225 x236" email="Melissa.Huff@erg.com" companyCode="unknown" countryCode="US"/>
            </administrativeInformation>
        </metaInformation>
        <flowData>
            <exchange number="22260" category="31-33: Manufacturing" subCategory="3251: Basic Chemical Manufacturing" localCategory="31-33: Manufacturing" localSubCategory="3251: Basic Chemical Manufacturing" name="Propylene oxide, at plant" location="RNA" unit="kg" meanValue="1.0" generalComment="This data module is a weighted average of the inventory for several technologies. An excess amount of brine water is produced during one of the technologies but is not presented as an output to nature; these output amounts would likely explain the upset in the mass balance shown for this hybrid inventory." infrastructureProcess="false">
                <outputGroup>0</outputGroup>
            </exchange>
            <exchange number="17596" category="air" subCategory="unspecified" localCategory="air" localSubCategory="unspecified" name="Benzene, ethyl-" unit="kg" meanValue="9.553E-4" infrastructureProcess="false">
                <outputGroup>4</outputGroup>
            </exchange>
            <exchange number="20526" category="48-49: Transportation and Warehousing" subCategory="4832: Inland Water Transportation" localCategory="48-49: Transportation and Warehousing" localSubCategory="4832: Inland Water Transportation" name="Transport, barge, diesel powered" location="RNA" unit="t*km" meanValue="8.63377309248555E-4" infrastructureProcess="false">
                <inputGroup>5</inputGroup>
            </exchange>
            <exchange number="33768" category="water" subCategory="unspecified" localCategory="water" localSubCategory="unspecified" name="Acidity, unspecified" unit="kg" meanValue="0.00994677" infrastructureProcess="false">
                <outputGroup>4</outputGroup>
            </exchange>
            <exchange number="20918" category="air" subCategory="unspecified" localCategory="air" localSubCategory="unspecified" name="Carbon dioxide, fossil " unit="kg" meanValue="0.01275095" infrastructureProcess="false">
                <outputGroup>4</outputGroup>
            </exchange>
            <exchange number="16660" category="Elementary Flows" localCategory="Elementary Flows" name="NMVOC, non-methane volatile organic compounds, unspecified " unit="kg" meanValue="0.00582945" infrastructureProcess="false">
                <outputGroup>4</outputGroup>
            </exchange>
            <exchange number="43741" category="water" subCategory="unspecified" localCategory="water" localSubCategory="unspecified" name="Sodium hydroxide" unit="kg" meanValue="0.00142363" infrastructureProcess="false">
                <outputGroup>4</outputGroup>
            </exchange>
            <exchange number="33576" category="48-49: Transportation and Warehousing" subCategory="4841: General Freight Trucking" localCategory="48-49: Transportation and Warehousing" localSubCategory="4841: General Freight Trucking" name="Transport, combination truck, diesel powered" location="RNA" unit="t*km" meanValue="0.2737764782048" infrastructureProcess="false">
                <inputGroup>5</inputGroup>
            </exchange>
            <exchange number="44057" category="31-33: Manufacturing" subCategory="3251: Basic Chemical Manufacturing" localCategory="31-33: Manufacturing" localSubCategory="3251: Basic Chemical Manufacturing" name="Chlorine, production mix, at plant" location="US" unit="kg" meanValue="0.572981" infrastructureProcess="false">
                <inputGroup>5</inputGroup>
            </exchange>
            <exchange number="37020" category="48-49: Transportation and Warehousing" subCategory="4869: Other Pipeline Transportation" localCategory="48-49: Transportation and Warehousing" localSubCategory="4869: Other Pipeline Transportation" name="Transport, pipeline, unspecified petroleum products" location="RNA" unit="t*km" meanValue="0.389030901693" infrastructureProcess="false">
                <inputGroup>5</inputGroup>
            </exchange>
            <exchange number="48453" category="air" subCategory="unspecified" localCategory="air" localSubCategory="unspecified" name="Chlorine" unit="kg" meanValue="1.263E-6" infrastructureProcess="false">
                <outputGroup>4</outputGroup>
            </exchange>
            <exchange number="28562" category="48-49: Transportation and Warehousing" subCategory="4862: Pipeline Transportation of Natural Gas" localCategory="48-49: Transportation and Warehousing" localSubCategory="4862: Pipeline Transportation of Natural Gas" name="Transport, pipeline, natural gas" location="RNA" unit="t*km" meanValue="1.5866349E-4" infrastructureProcess="false">
                <inputGroup>5</inputGroup>
            </exchange>
            <exchange number="8332" category="48-49: Transportation and Warehousing" subCategory="4832: Inland Water Transportation" localCategory="48-49: Transportation and Warehousing" localSubCategory="4832: Inland Water Transportation" name="Transport, barge, residual fuel oil powered" location="RNA" unit="t*km" meanValue="0.00287072955325144" infrastructureProcess="false">
                <inputGroup>5</inputGroup>
            </exchange>
            <exchange number="23214" category="air" subCategory="unspecified" localCategory="air" localSubCategory="unspecified" name="Acid gases, unspecified" unit="kg" meanValue="4.427E-5" infrastructureProcess="false">
                <outputGroup>4</outputGroup>
            </exchange>
            <exchange number="42325" category="48-49: Transportation and Warehousing" subCategory="4821: Rail Transportation" localCategory="48-49: Transportation and Warehousing" localSubCategory="4821: Rail Transportation" name="Transport, train, diesel powered" location="RNA" unit="t*km" meanValue="0.0874105972337" infrastructureProcess="false">
                <inputGroup>5</inputGroup>
            </exchange>
            <exchange number="35868" category="22: Utilities" subCategory="2211: Electric Power Generation, Transmission and Distribution" localCategory="22: Utilities" localSubCategory="2211: Electric Power Generation, Transmission and Distribution" name="Electricity, at grid" location="RNA" unit="MJ" meanValue="0.283134920634921" infrastructureProcess="false">
                <inputGroup>5</inputGroup>
            </exchange>
            <exchange number="32662" category="31-33: Manufacturing" subCategory="3251: Basic Chemical Manufacturing" localCategory="31-33: Manufacturing" localSubCategory="3251: Basic Chemical Manufacturing" name="Sodium hydroxide, production mix, at plant" location="US" unit="kg" meanValue="0.689283" infrastructureProcess="false">
                <inputGroup>5</inputGroup>
            </exchange>
            <exchange number="24472" category="Emission to water" subCategory="unspecified" localCategory="Emission to water" localSubCategory="unspecified" name="Hydrocarbons, unspecified" unit="kg" meanValue="9.2268E-4" infrastructureProcess="false">
                <outputGroup>4</outputGroup>
            </exchange>
            <exchange number="28724" category="31-33: Manufacturing" subCategory="3251: Basic Chemical Manufacturing" localCategory="31-33: Manufacturing" localSubCategory="3251: Basic Chemical Manufacturing" name="Oxygen, liquid, at plant" location="RNA" unit="kg" meanValue="0.09861" infrastructureProcess="false">
                <inputGroup>5</inputGroup>
            </exchange>
            <exchange number="29062" category="air" subCategory="unspecified" localCategory="air" localSubCategory="unspecified" CASNumber="007664-41-7" name="Ammonia" unit="kg" meanValue="4.893E-5" formula="NH3" infrastructureProcess="false">
                <outputGroup>4</outputGroup>
            </exchange>
            <exchange number="38504" category="water" subCategory="unspecified" localCategory="water" localSubCategory="unspecified" name="Phenol compounds, unspecified" unit="kg" meanValue="0.00133276" infrastructureProcess="false">
                <outputGroup>4</outputGroup>
            </exchange>
            <exchange number="47029" category="21: Mining, Quarrying, and Oil and Gas Extraction" subCategory="2123: Nonmetallic Mineral Mining and Quarrying" localCategory="21: Mining, Quarrying, and Oil and Gas Extraction" localSubCategory="2123: Nonmetallic Mineral Mining and Quarrying" name="Sodium chloride, at plant" location="RNA" unit="kg" meanValue="0.928305" infrastructureProcess="false">
                <inputGroup>5</inputGroup>
            </exchange>
            <exchange number="50053" category="Technosphere Flows" subCategory="CUTOFF Flows" localCategory="Technosphere Flows" localSubCategory="CUTOFF Flows" name="CUTOFF Disposal, solid waste, unspecified, to sanitary landfill" location="RNA" unit="kg" meanValue="1.9968E-4" infrastructureProcess="false">
                <inputGroup>5</inputGroup>
            </exchange>
            <exchange number="8254" category="22: Utilities" subCategory="2213: Water, Sewage and Other Systems" localCategory="22: Utilities" localSubCategory="2213: Water, Sewage and Other Systems" name="Residual fuel oil, combusted in industrial boiler" location="RNA" unit="m3" meanValue="0.13091736" infrastructureProcess="false">
                <inputGroup>5</inputGroup>
            </exchange>
            <exchange number="45901" category="31-33: Manufacturing" subCategory="3241: Petroleum and Coal Products Manufacturing" localCategory="31-33: Manufacturing" localSubCategory="3241: Petroleum and Coal Products Manufacturing" name="Propylene, at plant" location="RNA" unit="kg" meanValue="0.772583" infrastructureProcess="false">
                <inputGroup>5</inputGroup>
            </exchange>
            <exchange number="17066" category="22: Utilities" subCategory="2213: Water, Sewage and Other Systems" localCategory="22: Utilities" localSubCategory="2213: Water, Sewage and Other Systems" name="Natural gas, combusted in industrial boiler" location="RNA" unit="m3" meanValue="0.1453050852" infrastructureProcess="false">
                <inputGroup>5</inputGroup>
            </exchange>
            <exchange number="28904" category="air" subCategory="unspecified" localCategory="air" localSubCategory="unspecified" name="Propylene oxide" unit="kg" meanValue="4.7209E-4" infrastructureProcess="false">
                <outputGroup>4</outputGroup>
            </exchange>
        </flowData>
    </dataset>
</ecoSpold>
