<?xml version="1.0" encoding="UTF-8" standalone="yes"?>
<ecoSpold xmlns="http://www.EcoInvent.org/EcoSpold01">
    <dataset number="67016" generator="openLCA" timestamp="2019-10-15T12:53:00.262-06:00">
        <metaInformation>
            <processInformation>
                <referenceFunction datasetRelatesToProduct="false" name="Reforesting, average state or private moist cold softwood forest, INW" localName="Reforesting, average state or private moist cold softwood forest, INW" infrastructureProcess="false" amount="1.0" unit="m2" category="11: Agriculture, Forestry, Fishing and Hunting" subCategory="1153: Support Activities for Forestry" localCategory="11: Agriculture, Forestry, Fishing and Hunting" localSubCategory="1153: Support Activities for Forestry" generalComment="Important note: although most of the data in the US LCI database has undergone some sort of review, the database as a whole has not yet undergone a formal validation process. Please email comments to lci@nrel.gov."/>
                <geography location="RNA" text="US Inland West including Montana, Idaho, and eastern Washington"/>
                <technology text="Average technology. Some data extrapolated from similar processes."/>
                <timePeriod dataValidForEntirePeriod="true">
                    <startDate>1988-12-31-07:00</startDate>
                    <endDate>1995-12-31-07:00</endDate>
                </timePeriod>
                <dataSetInformation type="1" impactAssessmentResult="false" timestamp="2019-07-20T22:56:18.960-06:00" version="0.0" internalVersion="0.0" energyValues="0" languageCode="en" localLanguageCode="en"/>
            </processInformation>
            <modellingAndValidation>
                <representativeness samplingProcedure="Region specific data on the level of resource consumption during stand establishment is limited.  Estimates for these values were developed using a limited set of published data and through direct inquiries of forest nursery managers.&#xA;Cost and fuel consumption factors were developed as a rate per seedling and were then multiplied by the number of planted seedlings per unit area (hectare or acre) to determine costs and fuel consumption rates per unit area.  "/>
                <source number="1755" sourceType="0" firstAuthor="Maureen Puettmann " year="2008" title="SimaPro working files for Inland West Resources" placeOfPublications="unknown"/>
                <source number="2035" sourceType="0" firstAuthor="Leonard R. Johnson " year="2008" title="Module A - Forest Resources Inland West" placeOfPublications="unknown"/>
            </modellingAndValidation>
            <administrativeInformation>
                <dataEntryBy person="1699"/>
                <dataGeneratorAndPublication person="1699" dataPublishedIn="0" referenceToPublishedSource="2035" copyright="false" accessRestrictedTo="0"/>
                <person number="1699" name="Maureen Puetmann" address="Corvallis, OR  " telephone="(541) 231-2627" email="maureen.puettmann@q.com" companyCode="unknown" countryCode="US"/>
            </administrativeInformation>
        </metaInformation>
        <flowData>
            <exchange number="36486" category="11: Agriculture, Forestry, Fishing and Hunting" subCategory="1153: Support Activities for Forestry" localCategory="11: Agriculture, Forestry, Fishing and Hunting" localSubCategory="1153: Support Activities for Forestry" name="Reforesting, average state or private moist cold softwood forest, INW" location="RNA" unit="m2" meanValue="1.0" infrastructureProcess="false">
                <outputGroup>0</outputGroup>
            </exchange>
            <exchange number="20366" category="22: Utilities" subCategory="2213: Water, Sewage and Other Systems" localCategory="22: Utilities" localSubCategory="2213: Water, Sewage and Other Systems" name="Gasoline, combusted in equipment" location="RNA" unit="m3" meanValue="11.11" generalComment="Used for precommercial thinning operations" infrastructureProcess="false">
                <inputGroup>5</inputGroup>
            </exchange>
            <exchange number="20366" category="22: Utilities" subCategory="2213: Water, Sewage and Other Systems" localCategory="22: Utilities" localSubCategory="2213: Water, Sewage and Other Systems" name="Gasoline, combusted in equipment" location="RNA" unit="m3" meanValue="4.85" generalComment="For crew transportation only - actual planting is manual " infrastructureProcess="false">
                <inputGroup>5</inputGroup>
            </exchange>
            <exchange number="14894" category="11: Agriculture, Forestry, Fishing and Hunting" subCategory="1132: Forest Nurseries and Gathering of Forest Products" localCategory="11: Agriculture, Forestry, Fishing and Hunting" localSubCategory="1132: Forest Nurseries and Gathering of Forest Products" name="Greenhouse seedling, softwood" location="RNA" unit="Item(s)" meanValue="865.0" infrastructureProcess="false">
                <inputGroup>5</inputGroup>
            </exchange>
        </flowData>
    </dataset>
</ecoSpold>
