<?xml version="1.0" encoding="UTF-8" standalone="yes"?>
<ecoSpold xmlns="http://www.EcoInvent.org/EcoSpold01">
    <dataset number="57752" generator="openLCA" timestamp="2019-10-15T12:53:01.551-06:00">
        <metaInformation>
            <processInformation>
                <referenceFunction datasetRelatesToProduct="false" name="Anthracite coal, at mine" localName="Anthracite coal, at mine" infrastructureProcess="false" amount="1.0" unit="kg" category="21: Mining, Quarrying, and Oil and Gas Extraction" subCategory="2121: Coal Mining" localCategory="21: Mining, Quarrying, and Oil and Gas Extraction" localSubCategory="2121: Coal Mining" generalComment="&#xA;Important note: although most of the data in the US LCI database has &#xA;undergone some sort of review, the database as a whole has not yet &#xA;undergone a formal validation process.&#xA;Please email comments to lci@nrel.gov."/>
                <geography location="RNA" text="North America"/>
                <technology text="Unspecified"/>
                <timePeriod dataValidForEntirePeriod="true">
                    <startDate>9998-12-31-07:00</startDate>
                    <endDate>9998-12-31-07:00</endDate>
                </timePeriod>
                <dataSetInformation type="1" impactAssessmentResult="false" timestamp="2019-07-20T23:17:24.519-06:00" version="0.0" internalVersion="0.0" energyValues="0" languageCode="en" localLanguageCode="en"/>
            </processInformation>
            <modellingAndValidation>
                <source number="1812" sourceType="0" firstAuthor="Energy Information Administration " year="1995" title="Coal Data: A Reference" placeOfPublications="unknown"/>
                <source number="1873" sourceType="0" firstAuthor="Franklin Associates " year="2003" title="Data Details for Anthracite Production" placeOfPublications="unknown"/>
                <source number="1924" sourceType="0" firstAuthor="J.G. Speight " year="1994" title="The Chemistry and Technology of Coal. Second Edition" placeOfPublications="unknown"/>
                <source number="1959" sourceType="0" firstAuthor="D.A. Kirchgessner " year="2000" title="An Improved Inventory of Methane Emissions from Coal Mining in the United States" placeOfPublications="unknown"/>
                <source number="1995" sourceType="0" firstAuthor="Energy Information Administration " year="2000" title="Energy Policy Act Transportation Rate Study: Final Report on Coal Transportation" placeOfPublications="unknown"/>
                <source number="1998" sourceType="0" firstAuthor="Energy Information Administration " year="1997" title="Coal Industry Annual 1997" placeOfPublications="unknown"/>
                <source number="2017" sourceType="0" firstAuthor="U.S. EPA " year="1998" title="AP-42 Sec 11.9 Emis Fac, Mineral Products Industry: Western Surface Coal Mining" placeOfPublications="unknown"/>
                <source number="2045" sourceType="0" firstAuthor="U.S. Census Bureau " year="1997" title="Anthracite Mining.  1997 Economic Census" placeOfPublications="unknown"/>
                <source number="2069" sourceType="0" firstAuthor="Energy Information Administration " year="2000" title="Coal Industry Annual 2000" placeOfPublications="unknown"/>
                <source number="2112" sourceType="0" firstAuthor="unspecified " year="2002" title="Franklin Associates estimate" placeOfPublications="unknown"/>
                <source number="2125" sourceType="0" firstAuthor="USDA/ERS " year="2002" title="Personal communication: Franklin Associates and Joe Frank, Centralia Coal Sales" placeOfPublications="unknown"/>
                <source number="2143" sourceType="0" firstAuthor="unspecified " year="9999" title="Code of Regulations. Title 40--Protection of Enviroment. Part 434" placeOfPublications="unknown"/>
                <source number="2173" sourceType="0" firstAuthor="Hong, B.D " year="1997" title="U.S. Coal Supply and Demand: 1997 Review" placeOfPublications="unknown"/>
                <source number="2219" sourceType="0" firstAuthor="U.S. EPA " year="1995" title="Emission Factor Documentation for AP-42 Section 11.10, Coal Cleaning" placeOfPublications="unknown"/>
                <source number="2232" sourceType="0" firstAuthor="unspecified " year="2002" title="Personal communication: Franklin Associates, Ltd. and Pat Brindle of Sedgman" placeOfPublications="unknown"/>
                <source number="2247" sourceType="0" firstAuthor="USDA/NCRS " year="2002" title="Personal comm: Franklin Associates and Ed Rendon of Lehigh Coal and Navigation" placeOfPublications="unknown"/>
                <source number="2263" sourceType="0" firstAuthor="U.S. Department of Energy " year="1983" title="Energy Tech. Char. Handbook: Environmental Pollution and Control Factors 3rd Ed" placeOfPublications="unknown"/>
            </modellingAndValidation>
            <administrativeInformation>
                <dataEntryBy person="1709"/>
                <dataGeneratorAndPublication person="1709" dataPublishedIn="0" referenceToPublishedSource="1873" copyright="false" accessRestrictedTo="0"/>
                <person number="1709" name="Jeff Hernbloom" address="Franklin Associates 4121 W. 83rd St, Suite 108, Prairie Village, KS 66209" telephone="(913)649-2226" email="jhernbloom@fal.com" companyCode="unknown" countryCode="US"/>
            </administrativeInformation>
        </metaInformation>
        <flowData>
            <exchange number="15554" category="21: Mining, Quarrying, and Oil and Gas Extraction" subCategory="2121: Coal Mining" localCategory="21: Mining, Quarrying, and Oil and Gas Extraction" localSubCategory="2121: Coal Mining" name="Anthracite coal, at mine" location="RNA" unit="kg" meanValue="1.0" infrastructureProcess="false">
                <outputGroup>0</outputGroup>
            </exchange>
            <exchange number="26410" category="Emission to water" subCategory="unspecified" localCategory="Emission to water" localSubCategory="unspecified" CASNumber="007439-89-6" name="Iron" unit="kg" meanValue="2.22E-5" formula="Fe" infrastructureProcess="false">
                <outputGroup>4</outputGroup>
            </exchange>
            <exchange number="13726" category="22: Utilities" subCategory="2213: Water, Sewage and Other Systems" localCategory="22: Utilities" localSubCategory="2213: Water, Sewage and Other Systems" name="Diesel, combusted in industrial boiler" location="RNA" unit="m3" meanValue="0.00364" infrastructureProcess="false">
                <inputGroup>5</inputGroup>
            </exchange>
            <exchange number="8936" category="Emission to water" subCategory="unspecified" localCategory="Emission to water" localSubCategory="unspecified" CASNumber="007439-96-5" name="Manganese" unit="kg" meanValue="1.48E-5" formula="Mn" infrastructureProcess="false">
                <outputGroup>4</outputGroup>
            </exchange>
            <exchange number="34544" category="Emission to air" subCategory="unspecified" localCategory="Emission to air" localSubCategory="unspecified" name="Particulates, unspecified" unit="kg" meanValue="0.0021" formula="PM" infrastructureProcess="false">
                <outputGroup>4</outputGroup>
            </exchange>
            <exchange number="20366" category="22: Utilities" subCategory="2213: Water, Sewage and Other Systems" localCategory="22: Utilities" localSubCategory="2213: Water, Sewage and Other Systems" name="Gasoline, combusted in equipment" location="RNA" unit="m3" meanValue="2.68E-4" infrastructureProcess="false">
                <inputGroup>5</inputGroup>
            </exchange>
            <exchange number="51282" category="22: Utilities" subCategory="2213: Water, Sewage and Other Systems" localCategory="22: Utilities" localSubCategory="2213: Water, Sewage and Other Systems" name="Anthracite coal, combusted in industrial boiler" location="RNA" unit="kg" meanValue="0.17" infrastructureProcess="false">
                <inputGroup>5</inputGroup>
            </exchange>
            <exchange number="36670" category="Emission to air" subCategory="unspecified" localCategory="Emission to air" localSubCategory="unspecified" CASNumber="000074-82-8" name="Methane" unit="kg" meanValue="0.00159" formula="CH4" infrastructureProcess="false">
                <outputGroup>4</outputGroup>
            </exchange>
            <exchange number="10634" category="resource" subCategory="ground-" localCategory="resource" localSubCategory="ground-" name="Coal, hard, 30.7 MJ per kg" unit="kg" meanValue="1.27" infrastructureProcess="false">
                <inputGroup>4</inputGroup>
            </exchange>
            <exchange number="17066" category="22: Utilities" subCategory="2213: Water, Sewage and Other Systems" localCategory="22: Utilities" localSubCategory="2213: Water, Sewage and Other Systems" name="Natural gas, combusted in industrial boiler" location="RNA" unit="m3" meanValue="2.32E-4" infrastructureProcess="false">
                <inputGroup>5</inputGroup>
            </exchange>
            <exchange number="37974" category="Emission to water" subCategory="unspecified" localCategory="Emission to water" localSubCategory="unspecified" name="Suspended solids, unspecified" unit="kg" meanValue="2.59E-4" infrastructureProcess="false">
                <outputGroup>4</outputGroup>
            </exchange>
            <exchange number="8254" category="22: Utilities" subCategory="2213: Water, Sewage and Other Systems" localCategory="22: Utilities" localSubCategory="2213: Water, Sewage and Other Systems" name="Residual fuel oil, combusted in industrial boiler" location="RNA" unit="m3" meanValue="0.00134" infrastructureProcess="false">
                <inputGroup>5</inputGroup>
            </exchange>
            <exchange number="26356" category="Emission to air" subCategory="unspecified" localCategory="Emission to air" localSubCategory="unspecified" name="VOC, volatile organic compounds" unit="kg" meanValue="3.18E-5" infrastructureProcess="false">
                <outputGroup>4</outputGroup>
            </exchange>
            <exchange number="35868" category="22: Utilities" subCategory="2211: Electric Power Generation, Transmission and Distribution" localCategory="22: Utilities" localSubCategory="2211: Electric Power Generation, Transmission and Distribution" name="Electricity, at grid" location="RNA" unit="MJ" meanValue="0.0212" infrastructureProcess="false">
                <inputGroup>5</inputGroup>
            </exchange>
            <exchange number="34566" category="Technosphere Flows" subCategory="CUTOFF Flows" localCategory="Technosphere Flows" localSubCategory="CUTOFF Flows" name="CUTOFF Disposal, solid waste, unspecified, to unspecified treatment" location="RNA" unit="kg" meanValue="0.271" infrastructureProcess="false">
                <inputGroup>5</inputGroup>
            </exchange>
        </flowData>
    </dataset>
</ecoSpold>
