<?xml version="1.0" encoding="UTF-8" standalone="yes"?>
<ecoSpold xmlns="http://www.EcoInvent.org/EcoSpold01">
    <dataset number="56471" generator="openLCA" timestamp="2019-10-15T12:53:01.577-06:00">
        <metaInformation>
            <processInformation>
                <referenceFunction datasetRelatesToProduct="false" name="Natural gas, combusted in industrial boiler, at hydrocracker, for propylene" localName="Natural gas, combusted in industrial boiler, at hydrocracker, for propylene" infrastructureProcess="false" amount="1.0" unit="m3" category="22: Utilities" subCategory="2213: Water, Sewage and Other Systems" localCategory="22: Utilities" localSubCategory="2213: Water, Sewage and Other Systems" generalComment="&#xA;Complete inventory data and metadata are available in full in the final report and appendices, Cradle-to-Gate Life Cycle Inventory of Nine Plastic Resins and Four Polyurethane Precursors. This report has been extensively reviewed within Franklin Associates and has undergone partial critical review by ACC Plastics Division members and is available at: www.americanchemistry.com. Quantities may vary slightly between the reference to main source and and this module due to rounding. Important note: although most of the data in the US LCI database has undergone some sort of review, the database as a whole has not yet undergone a formal validation process. Please email comments to lci@nrel.gov."/>
                <geography location="RNA" text="North America (US and Canada)"/>
                <technology text="Natural gas combustion in industrial boiler at hydrocracker"/>
                <timePeriod dataValidForEntirePeriod="true">
                    <startDate>1997-12-31-07:00</startDate>
                    <endDate>2002-12-31-07:00</endDate>
                </timePeriod>
                <dataSetInformation type="1" impactAssessmentResult="false" timestamp="2019-07-22T15:13:45.335-06:00" version="0.0" internalVersion="0.0" energyValues="0" languageCode="en" localLanguageCode="en"/>
            </processInformation>
            <modellingAndValidation>
                <representativeness samplingProcedure="Data are from primary sources."/>
                <source number="1765" sourceType="0" firstAuthor="Franklin Associates " year="2003" title="Data Details for Natural Gas Industrial Combustion" placeOfPublications="unknown"/>
                <source number="1991" sourceType="0" firstAuthor="U.S. EPA Office of Solid Waste and Emerg " year="1999" title="Rep. to Congress on Wastes from the Combustion of Fossil Fuels EPA 530-R-99-010." placeOfPublications="unknown"/>
                <source number="2030" sourceType="0" firstAuthor="EPA " year="1998" title="AP-42 Emission Factors. External Combustion Sources. Section 1.4 - NG Combustion" placeOfPublications="unknown"/>
                <source number="2061" sourceType="0" firstAuthor="Center for Transportation Research, Argo " year="2000" title="GREET Version 1.6" placeOfPublications="unknown"/>
                <source number="2082" sourceType="0" firstAuthor="unspecified " year="9999" title="Assumption by Franklin Associates on fossil-fuel fired boiler systems" placeOfPublications="unknown"/>
                <source number="2175" sourceType="0" firstAuthor="THE PLASTICS DIVISION OF &#xA;THE AMERICAN C " year="2010" title="CRADLE-TO-GATE LIFE CYCLE INVENTORY OF NINE PLASTIC RESINS AND FOUR POLYURETHANE PRECURSORS" placeOfPublications="unknown"/>
                <source number="2324" sourceType="0" firstAuthor="U.S. EPA " year="1998" title="Study of Haz Air Pol Emis from Elec Utility Steam Gen Units V1 EPA-453/R-98-004a" placeOfPublications="unknown"/>
            </modellingAndValidation>
            <administrativeInformation>
                <dataEntryBy person="1689"/>
                <dataGeneratorAndPublication person="1689" dataPublishedIn="0" referenceToPublishedSource="2175" copyright="false" accessRestrictedTo="0"/>
                <person number="1689" name="Franklin Associates" address="Prairie Village, KS" telephone="913-649-2225 x236" email="Melissa.Huff@erg.com" companyCode="unknown" countryCode="US"/>
            </administrativeInformation>
        </metaInformation>
        <flowData>
            <exchange number="40114" category="22: Utilities" subCategory="2213: Water, Sewage and Other Systems" localCategory="22: Utilities" localSubCategory="2213: Water, Sewage and Other Systems" name="Natural gas, combusted in industrial boiler, at hydrocracker, for propylene" location="RNA" unit="m3" meanValue="1.0" infrastructureProcess="false">
                <outputGroup>0</outputGroup>
            </exchange>
            <exchange number="28562" category="48-49: Transportation and Warehousing" subCategory="4862: Pipeline Transportation of Natural Gas" localCategory="48-49: Transportation and Warehousing" localSubCategory="4862: Pipeline Transportation of Natural Gas" name="Transport, pipeline, natural gas" location="RNA" unit="t*km" meanValue="1.186" generalComment="Represents transportation from natural gas plant to combustion." infrastructureProcess="false">
                <inputGroup>5</inputGroup>
            </exchange>
            <exchange number="20918" category="air" subCategory="unspecified" localCategory="air" localSubCategory="unspecified" name="Carbon dioxide, fossil " unit="kg" meanValue="6.06557306086066" infrastructureProcess="false">
                <outputGroup>4</outputGroup>
            </exchange>
            <exchange number="46339" category="air" subCategory="unspecified" localCategory="air" localSubCategory="unspecified" name="Cobalt" unit="kg" meanValue="1.3456E-9" infrastructureProcess="false">
                <outputGroup>4</outputGroup>
            </exchange>
            <exchange number="15240" category="air" subCategory="unspecified" localCategory="air" localSubCategory="unspecified" name="Carbon monoxide, fossil " unit="kg" meanValue="0.0027322401175048" infrastructureProcess="false">
                <outputGroup>4</outputGroup>
            </exchange>
            <exchange number="16644" category="air" subCategory="unspecified" localCategory="air" localSubCategory="unspecified" name="Selenium" unit="kg" meanValue="3.8444E-10" infrastructureProcess="false">
                <outputGroup>4</outputGroup>
            </exchange>
            <exchange number="5626" category="air" subCategory="unspecified" localCategory="air" localSubCategory="unspecified" name="Manganese" unit="kg" meanValue="6.087E-9" infrastructureProcess="false">
                <outputGroup>4</outputGroup>
            </exchange>
            <exchange number="25532" category="Emission to air" subCategory="unspecified" localCategory="Emission to air" localSubCategory="unspecified" CASNumber="007440-43-9" name="Cadmium" unit="kg" meanValue="1.762E-8" formula="Cd" infrastructureProcess="false">
                <outputGroup>4</outputGroup>
            </exchange>
            <exchange number="47837" category="air" subCategory="unspecified" localCategory="air" localSubCategory="unspecified" name="Arsenic" unit="kg" meanValue="3.2037E-9" infrastructureProcess="false">
                <outputGroup>4</outputGroup>
            </exchange>
            <exchange number="10812" category="air" subCategory="unspecified" localCategory="air" localSubCategory="unspecified" name="Naphthalene" unit="kg" meanValue="9.7713E-9" infrastructureProcess="false">
                <outputGroup>4</outputGroup>
            </exchange>
            <exchange number="15224" category="Emission to air" subCategory="unspecified" localCategory="Emission to air" localSubCategory="unspecified" CASNumber="007440-47-3" name="Chromium" unit="kg" meanValue="2.2426E-8" formula="Cr" infrastructureProcess="false">
                <outputGroup>4</outputGroup>
            </exchange>
            <exchange number="30072" category="Emission to air" subCategory="unspecified" localCategory="Emission to air" localSubCategory="unspecified" CASNumber="000074-82-8" name="Methane, fossil" unit="kg" meanValue="3.6017E-5" formula="CH4" infrastructureProcess="false">
                <outputGroup>4</outputGroup>
            </exchange>
            <exchange number="32554" category="Emission to air" subCategory="unspecified" localCategory="Emission to air" localSubCategory="unspecified" CASNumber="010024-97-2" name="Dinitrogen monoxide" unit="kg" meanValue="3.6017E-5" formula="N2O" infrastructureProcess="false">
                <outputGroup>4</outputGroup>
            </exchange>
            <exchange number="38136" category="air" subCategory="unspecified" localCategory="air" localSubCategory="unspecified" name="Benzene" unit="kg" meanValue="3.3639E-8" infrastructureProcess="false">
                <outputGroup>4</outputGroup>
            </exchange>
            <exchange number="29662" category="Emission to air" subCategory="unspecified" localCategory="Emission to air" localSubCategory="unspecified" CASNumber="007440-02-0" name="Nickel" unit="kg" meanValue="3.3639E-8" formula="Ni" infrastructureProcess="false">
                <outputGroup>4</outputGroup>
            </exchange>
            <exchange number="24476" category="air" subCategory="unspecified" localCategory="air" localSubCategory="unspecified" name="Formaldehyde" unit="kg" meanValue="1.2014E-6" infrastructureProcess="false">
                <outputGroup>4</outputGroup>
            </exchange>
            <exchange number="30852" category="air" subCategory="unspecified" localCategory="air" localSubCategory="unspecified" name="Beryllium" unit="kg" meanValue="1.9222E-10" infrastructureProcess="false">
                <outputGroup>4</outputGroup>
            </exchange>
            <exchange number="42325" category="48-49: Transportation and Warehousing" subCategory="4821: Rail Transportation" localCategory="48-49: Transportation and Warehousing" localSubCategory="4821: Rail Transportation" name="Transport, train, diesel powered" location="RNA" unit="t*km" meanValue="0.011858" generalComment="Represents transportation from natural gas plant to combustion." infrastructureProcess="false">
                <inputGroup>5</inputGroup>
            </exchange>
            <exchange number="3128" category="Emission to air" subCategory="unspecified" localCategory="Emission to air" localSubCategory="unspecified" CASNumber="007439-92-1" name="Lead" unit="kg" meanValue="8.0092E-9" formula="Pb" infrastructureProcess="false">
                <outputGroup>4</outputGroup>
            </exchange>
            <exchange number="25564" category="Emission to air" subCategory="unspecified" localCategory="Emission to air" localSubCategory="unspecified" name="Sulfur oxides" unit="kg" meanValue="6.46630161142803E-4" infrastructureProcess="false">
                <outputGroup>4</outputGroup>
            </exchange>
            <exchange number="33952" category="air" subCategory="unspecified" localCategory="air" localSubCategory="unspecified" name="Particulates, &lt; 10 um " unit="kg" meanValue="8.10564568193091E-5" infrastructureProcess="false">
                <outputGroup>4</outputGroup>
            </exchange>
            <exchange number="15886" category="Emission to air" subCategory="unspecified" localCategory="Emission to air" localSubCategory="unspecified" CASNumber="007439-97-6" name="Mercury" unit="kg" meanValue="4.1648E-9" formula="Hg" infrastructureProcess="false">
                <outputGroup>4</outputGroup>
            </exchange>
            <exchange number="40384" category="48-49: Transportation and Warehousing" subCategory="4841: General Freight Trucking" localCategory="48-49: Transportation and Warehousing" localSubCategory="4841: General Freight Trucking" name="Transport, combination truck, average fuel mix" location="RNA" unit="t*km" meanValue="0.1985" generalComment="Represents transportation from natural gas plant to combustion." infrastructureProcess="false">
                <inputGroup>5</inputGroup>
            </exchange>
            <exchange number="26356" category="Emission to air" subCategory="unspecified" localCategory="Emission to air" localSubCategory="unspecified" name="VOC, volatile organic compounds" unit="kg" meanValue="8.8405E-5" infrastructureProcess="false">
                <outputGroup>4</outputGroup>
            </exchange>
            <exchange number="47227" category="Emission to air" subCategory="unspecified" localCategory="Emission to air" localSubCategory="unspecified" CASNumber="011104-93-1" name="Nitrogen oxides" unit="kg" meanValue="0.00428050951742419" formula="NOx as NO2" infrastructureProcess="false">
                <outputGroup>4</outputGroup>
            </exchange>
            <exchange number="32232" category="air" subCategory="unspecified" localCategory="air" localSubCategory="unspecified" name="Radioactive species, unspecified" unit="kBq" meanValue="0.0034247" infrastructureProcess="false">
                <outputGroup>4</outputGroup>
            </exchange>
            <exchange number="51620" category="21: Mining, Quarrying, and Oil and Gas Extraction" subCategory="2111: Oil and Gas Extraction" localCategory="21: Mining, Quarrying, and Oil and Gas Extraction" localSubCategory="2111: Oil and Gas Extraction" name="Natural gas, processed, at plant, 1.357 m3/kg" location="RNA" unit="m3" meanValue="1.0" infrastructureProcess="false">
                <inputGroup>5</inputGroup>
            </exchange>
        </flowData>
    </dataset>
</ecoSpold>
