<?xml version="1.0" encoding="UTF-8" standalone="yes"?>
<ecoSpold xmlns="http://www.EcoInvent.org/EcoSpold01">
    <dataset number="53593" generator="openLCA" timestamp="2019-10-15T12:53:00.108-06:00">
        <metaInformation>
            <processInformation>
                <referenceFunction datasetRelatesToProduct="false" name="Winter wheat straw, production" localName="Winter wheat straw, production" infrastructureProcess="false" amount="1040.0" unit="kg" category="11: Agriculture, Forestry, Fishing and Hunting" subCategory="1111: Oilseed and Grain Farming" localCategory="11: Agriculture, Forestry, Fishing and Hunting" localSubCategory="1111: Oilseed and Grain Farming" generalComment="Wheat production based on US average yeilds and practices extrapolated from historic data to 2022. Includes all crop production processes from field preperation to crop maturity. Infrastructure, maintenance, and construction of faciilities and equipment is included. Harvest and storage is not included. Grain and components are assumed to be at field-dry conditions of 15% moisture. &#xA;&#xA;Multiple output process&#xA;&#xA;Process has been reviewed by Dr. Dwayne Westfall, Dept Soil and Crop Sciences, Colorado State University. Date of review Sept 10 - 30 2008.                                                                                                                              Data from NASS where available. Projections based on historic data. Extrapolation of historic data to 2022 estimates. mass based between straw and grain. Biomass Production: 12/08\Incremental Allocation"/>
                <geography location="RNA" text="North America"/>
                <technology text="Future technology"/>
                <timePeriod dataValidForEntirePeriod="true" text="2010 and after">
                    <startDate>2009-12-31-07:00</startDate>
                    <endDate>2100-12-30-07:00</endDate>
                </timePeriod>
                <dataSetInformation type="1" impactAssessmentResult="false" timestamp="2019-09-19T14:06:15.894-06:00" version="0.0" internalVersion="0.0" energyValues="0" languageCode="en" localLanguageCode="en"/>
            </processInformation>
            <modellingAndValidation>
                <source number="2024" sourceType="0" firstAuthor="NASS " year="2007" title="Agricultural Chemical Usage 2006 Field Crops Summary" placeOfPublications="unknown"/>
                <source number="2043" sourceType="0" firstAuthor="ECN, Phyllis " year="2008" title="the composition of biomass and waste" placeOfPublications="unknown"/>
                <source number="2086" sourceType="0" firstAuthor="USDA " year="2008" title="Agricultural Projections to 2017" placeOfPublications="unknown"/>
                <source number="2107" sourceType="0" firstAuthor="NASS " year="2002" title="Census of Agriculture: Farm and Ranch Irrigation Survey" placeOfPublications="unknown"/>
                <source number="2163" sourceType="0" firstAuthor="NASS " year="2011" title="National Agricultural Statistics Service Quick Stats, Wheat winter all" placeOfPublications="unknown"/>
                <source number="2201" sourceType="0" firstAuthor="Graham, R. L. " year="2011" title="Current and potential US corn stover supplies." placeOfPublications="unknown"/>
                <source number="2266" sourceType="0" firstAuthor="J.E. Sawyer " year="2008" title="A general guide for crop nutrient and limestone recommendations in Iowa" placeOfPublications="unknown"/>
                <source number="2436" sourceType="0" firstAuthor="Hsu, D. " year="2010" title="Life Cycle Environmental Impacts of Selected U.S. Ethanol Production and Use Pathways in 2022" placeOfPublications="unknown"/>
                <source number="2449" sourceType="0" firstAuthor="Hess, J. R. " year="2009" title="Uniform-Format Solid Feedstock Supply System: A Commodity-Scale Design to Produce an Infrastructure-Compatible Bulk Solid from Lignocellulosic Biomass; INL/EXT-08-14752" placeOfPublications="unknown"/>
            </modellingAndValidation>
            <administrativeInformation>
                <dataEntryBy person="1710"/>
                <dataGeneratorAndPublication person="1710" dataPublishedIn="0" referenceToPublishedSource="2436" copyright="false" accessRestrictedTo="0"/>
                <person number="1710" name="Daniel Inman" address="NREL, 1617 Cole Blvd, RSF 200, Golden, CO 80401" telephone="303-384-6845" companyCode="unknown" countryCode="US"/>
            </administrativeInformation>
        </metaInformation>
        <flowData>
            <exchange number="33940" category="11: Agriculture, Forestry, Fishing and Hunting" subCategory="1111: Oilseed and Grain Farming" localCategory="11: Agriculture, Forestry, Fishing and Hunting" localSubCategory="1111: Oilseed and Grain Farming" name="Winter wheat straw, production" location="RNA" unit="kg" meanValue="1040.0" infrastructureProcess="false">
                <outputGroup>0</outputGroup>
            </exchange>
            <exchange number="20698" category="resource" subCategory="biotic" localCategory="resource" localSubCategory="biotic" name="Carbon dioxide, in air" unit="kg" meanValue="1470.0" generalComment="Wheat straw is 46% carbon dry weight basis, adjusted to 15% moisture. Data from: Phyllis database available online: http://www.ecn.nl/phyllis/dataTable.asp &#xA;Verified 10/14/08" infrastructureProcess="false">
                <inputGroup>4</inputGroup>
            </exchange>
            <exchange number="34904" category="resource" subCategory="biotic" localCategory="resource" localSubCategory="biotic" name="Energy, from biomass" unit="MJ" meanValue="15600.0" generalComment="LHV for wheat straw. Data from the Phyllis database http://www.ecn.nl/phyllis/ Verified 9/28/08." infrastructureProcess="false">
                <inputGroup>4</inputGroup>
            </exchange>
            <exchange number="22872" category="11: Agriculture, Forestry, Fishing and Hunting" subCategory="1151: Support Activities for Crop Production" localCategory="11: Agriculture, Forestry, Fishing and Hunting" localSubCategory="1151: Support Activities for Crop Production" name="Fertilizer, winter wheat straw" location="RNA" unit="m2" meanValue="1.0" generalComment="Fertilizer data from  Data from: USDA NASS. 2007.  &#xA;Agricultural Chemical Usage 2006 Field Crops Summary: revision. Page 57." infrastructureProcess="false">
                <inputGroup>5</inputGroup>
            </exchange>
            <exchange number="18142" category="11: Agriculture, Forestry, Fishing and Hunting" subCategory="1151: Support Activities for Crop Production" localCategory="11: Agriculture, Forestry, Fishing and Hunting" localSubCategory="1151: Support Activities for Crop Production" name="Harvest, wheat, single pass" location="RNA" unit="m2" meanValue="0.32" generalComment="Single pass harvest is scaled up to account for increased material flow. 1.46 ha = 1 ha single pass. The .46 is attributable to straw" infrastructureProcess="false">
                <inputGroup>5</inputGroup>
            </exchange>
        </flowData>
    </dataset>
</ecoSpold>
