<?xml version="1.0" encoding="UTF-8" standalone="yes"?>
<ecoSpold xmlns="http://www.EcoInvent.org/EcoSpold01">
    <dataset number="69024" generator="openLCA" timestamp="2019-10-15T12:53:01.363-06:00">
        <metaInformation>
            <processInformation>
                <referenceFunction datasetRelatesToProduct="false" name="Crude oil, at production" localName="Crude oil, at production" infrastructureProcess="false" amount="1.0" unit="kg" category="21: Mining, Quarrying, and Oil and Gas Extraction" subCategory="2111: Oil and Gas Extraction" localCategory="21: Mining, Quarrying, and Oil and Gas Extraction" localSubCategory="2111: Oil and Gas Extraction" generalComment="No data are available for foreign extraction of crude oil. United States data was used to represent extraction by foreign producers., &#xA;Important note: although most of the data in the US LCI database has &#xA;undergone some sort of review, the database as a whole has not yet &#xA;undergone a formal validation process.&#xA;Please email comments to lci@nrel.gov."/>
                <geography location="RNA" text="North America"/>
                <technology text="Includes data for crude oil extracted from onshore and offshore wells."/>
                <timePeriod dataValidForEntirePeriod="true">
                    <startDate>1996-12-31-07:00</startDate>
                    <endDate>2000-12-31-07:00</endDate>
                </timePeriod>
                <dataSetInformation type="1" impactAssessmentResult="false" timestamp="2019-07-21T13:22:14.561-06:00" version="0.0" internalVersion="0.0" energyValues="0" languageCode="en" localLanguageCode="en"/>
            </processInformation>
            <modellingAndValidation>
                <representativeness samplingProcedure="Data on different elementary flows come from different sources"/>
                <source number="1773" sourceType="0" firstAuthor="unspecified " year="2003" title="World Ports Distances (www.distances.com). Intership Ltd." placeOfPublications="unknown"/>
                <source number="1819" sourceType="0" firstAuthor="unspecified " year="2000" title="Profile of the Oil and Gas Extraction Industry. October 2000. EPA/310-R-99-006" placeOfPublications="unknown"/>
                <source number="1858" sourceType="0" firstAuthor="unspecified " year="9999" title="Life Cycle Inventory of Biodiesel and Petroleum Diesel, NREL/SR-580-24089" placeOfPublications="unknown"/>
                <source number="2027" sourceType="0" firstAuthor="unspecified " year="2001" title="Annual Energy Review 2001, Crude Oil Production and Oil Well Productivity." placeOfPublications="unknown"/>
                <source number="2051" sourceType="0" firstAuthor="Franklin Associates " year="2003" title="Data Details for Crude Oil Extraction" placeOfPublications="unknown"/>
                <source number="2079" sourceType="0" firstAuthor="unspecified " year="2003" title="Alaska pipeline website: www.alyeska-pipe.com/pipelinefacts.html" placeOfPublications="unknown"/>
                <source number="2095" sourceType="0" firstAuthor="unspecified " year="9999" title="Inventory of U.S. GHG Emissions and Sinks: 1990-2000, EPA 430-R-02-003, CH4 Emissions from Petroleum Systems" placeOfPublications="unknown"/>
                <source number="2119" sourceType="0" firstAuthor="unspecified " year="1998" title="Oil and Gas Journal 1998 Databook." placeOfPublications="unknown"/>
                <source number="2220" sourceType="0" firstAuthor="unspecified " year="2001" title="Petroleum Supply Annual 2001, Volume I." placeOfPublications="unknown"/>
                <source number="2221" sourceType="0" firstAuthor="unspecified " year="2003" title="Distances are from www.indo.com/cgi-bin/dist and are &quot;as the crow flies&quot;. " placeOfPublications="unknown"/>
                <source number="2226" sourceType="0" firstAuthor="unspecified " year="1998" title="Pollution Prevention and Abatement Handbook: Oil and Gas Development (Onshore)" placeOfPublications="unknown"/>
                <source number="2314" sourceType="0" firstAuthor="ICF Consulting " year="1995" title="Exp and Prod Waste Volumes Management Practices in the U.S. Based on API Survey of Onshore and Coastal Exp and Prod Ops and Natural Gas Processing Plants" placeOfPublications="unknown"/>
                <source number="2328" sourceType="0" firstAuthor="unspecified " year="1997" title="1997 Census of Mineral Ind. Crude Petroleum &amp; Natural Gas Extraction.EC97N-2111A" placeOfPublications="unknown"/>
            </modellingAndValidation>
            <administrativeInformation>
                <dataEntryBy person="1716"/>
                <dataGeneratorAndPublication person="1716" dataPublishedIn="0" referenceToPublishedSource="2051" copyright="false" accessRestrictedTo="0"/>
                <person number="1716" name="Franklin Associates" address="4121 W. 83rd Street, Prairie Village, KS" telephone="913-649-2225 ext 241" email="jlittlefield@fal.com" companyCode="unknown" countryCode="US"/>
            </administrativeInformation>
        </metaInformation>
        <flowData>
            <exchange number="14694" category="21: Mining, Quarrying, and Oil and Gas Extraction" subCategory="2111: Oil and Gas Extraction" localCategory="21: Mining, Quarrying, and Oil and Gas Extraction" localSubCategory="2111: Oil and Gas Extraction" name="Crude oil, at production" location="RNA" unit="kg" meanValue="1.0" infrastructureProcess="false">
                <outputGroup>0</outputGroup>
            </exchange>
            <exchange number="21158" category="water" subCategory="unspecified" localCategory="water" localSubCategory="unspecified" name="Titanium, ion" unit="kg" meanValue="3.06E-6" infrastructureProcess="false">
                <outputGroup>4</outputGroup>
            </exchange>
            <exchange number="20366" category="22: Utilities" subCategory="2213: Water, Sewage and Other Systems" localCategory="22: Utilities" localSubCategory="2213: Water, Sewage and Other Systems" name="Gasoline, combusted in equipment" location="RNA" unit="m3" meanValue="6.84E-4" infrastructureProcess="false">
                <inputGroup>5</inputGroup>
            </exchange>
            <exchange number="10186" category="water" subCategory="unspecified" localCategory="water" localSubCategory="unspecified" name="Sodium, ion" unit="kg" meanValue="0.0362" infrastructureProcess="false">
                <outputGroup>4</outputGroup>
            </exchange>
            <exchange number="32948" category="water" subCategory="unspecified" localCategory="water" localSubCategory="unspecified" name="Fluorine" unit="kg" meanValue="4.98E-9" infrastructureProcess="false">
                <outputGroup>4</outputGroup>
            </exchange>
            <exchange number="13658" category="water" subCategory="unspecified" localCategory="water" localSubCategory="unspecified" name="Benzenes, alkylated, unspecified" unit="kg" meanValue="1.75E-7" infrastructureProcess="false">
                <outputGroup>4</outputGroup>
            </exchange>
            <exchange number="39226" category="Emission to water" subCategory="unspecified" localCategory="Emission to water" localSubCategory="unspecified" CASNumber="007440-02-0" name="Nickel" unit="kg" meanValue="9.77E-7" formula="Ni" infrastructureProcess="false">
                <outputGroup>4</outputGroup>
            </exchange>
            <exchange number="4488" category="water" subCategory="unspecified" localCategory="water" localSubCategory="unspecified" name="Acetone" unit="kg" meanValue="3.55E-8" infrastructureProcess="false">
                <outputGroup>4</outputGroup>
            </exchange>
            <exchange number="8936" category="Emission to water" subCategory="unspecified" localCategory="Emission to water" localSubCategory="unspecified" CASNumber="007439-96-5" name="Manganese" unit="kg" meanValue="3.56E-6" formula="Mn" infrastructureProcess="false">
                <outputGroup>4</outputGroup>
            </exchange>
            <exchange number="9588" category="water" subCategory="unspecified" localCategory="water" localSubCategory="unspecified" name="Bromide" unit="kg" meanValue="7.62E-4" infrastructureProcess="false">
                <outputGroup>4</outputGroup>
            </exchange>
            <exchange number="7064" category="water" subCategory="unspecified" localCategory="water" localSubCategory="unspecified" name="m-Xylene" unit="kg" meanValue="1.08E-7" infrastructureProcess="false">
                <outputGroup>4</outputGroup>
            </exchange>
            <exchange number="19838" category="Emission to water" subCategory="unspecified" localCategory="Emission to water" localSubCategory="unspecified" name="COD, Chemical Oxygen Demand" unit="kg" meanValue="0.00102" infrastructureProcess="false">
                <outputGroup>4</outputGroup>
            </exchange>
            <exchange number="51226" category="water" subCategory="unspecified" localCategory="water" localSubCategory="unspecified" name="Benzene" unit="kg" meanValue="5.96E-6" infrastructureProcess="false">
                <outputGroup>4</outputGroup>
            </exchange>
            <exchange number="52058" category="water" subCategory="unspecified" localCategory="water" localSubCategory="unspecified" name="Benzoic acid" unit="kg" meanValue="3.61E-6" infrastructureProcess="false">
                <outputGroup>4</outputGroup>
            </exchange>
            <exchange number="37974" category="Emission to water" subCategory="unspecified" localCategory="Emission to water" localSubCategory="unspecified" name="Suspended solids, unspecified" unit="kg" meanValue="0.00977" infrastructureProcess="false">
                <outputGroup>4</outputGroup>
            </exchange>
            <exchange number="7812" category="water" subCategory="unspecified" localCategory="water" localSubCategory="unspecified" name="Silver" unit="kg" meanValue="7.47E-6" infrastructureProcess="false">
                <outputGroup>4</outputGroup>
            </exchange>
            <exchange number="35448" category="water" subCategory="unspecified" localCategory="water" localSubCategory="unspecified" name="Cobalt" unit="kg" meanValue="7.88E-8" infrastructureProcess="false">
                <outputGroup>4</outputGroup>
            </exchange>
            <exchange number="17734" category="water" subCategory="unspecified" localCategory="water" localSubCategory="unspecified" name="Fluorene, 1-methyl-" unit="kg" meanValue="4.05E-10" infrastructureProcess="false">
                <outputGroup>4</outputGroup>
            </exchange>
            <exchange number="3920" category="water" subCategory="unspecified" localCategory="water" localSubCategory="unspecified" name="Naphthalene, 2-methyl-" unit="kg" meanValue="5.63E-8" infrastructureProcess="false">
                <outputGroup>4</outputGroup>
            </exchange>
            <exchange number="35868" category="22: Utilities" subCategory="2211: Electric Power Generation, Transmission and Distribution" localCategory="22: Utilities" localSubCategory="2211: Electric Power Generation, Transmission and Distribution" name="Electricity, at grid" location="RNA" unit="MJ" meanValue="0.039" infrastructureProcess="false">
                <inputGroup>5</inputGroup>
            </exchange>
            <exchange number="24718" category="water" subCategory="unspecified" localCategory="water" localSubCategory="unspecified" name="Barium" unit="kg" meanValue="0.00436" infrastructureProcess="false">
                <outputGroup>4</outputGroup>
            </exchange>
            <exchange number="45987" category="Emission to water" subCategory="unspecified" localCategory="Emission to water" localSubCategory="unspecified" CASNumber="007440-31-5" name="Tin" unit="kg" meanValue="7.99E-7" formula="Sn" infrastructureProcess="false">
                <outputGroup>4</outputGroup>
            </exchange>
            <exchange number="44657" category="water" subCategory="unspecified" localCategory="water" localSubCategory="unspecified" name="Calcium, ion" unit="kg" meanValue="0.0114" infrastructureProcess="false">
                <outputGroup>4</outputGroup>
            </exchange>
            <exchange number="30688" category="water" subCategory="unspecified" localCategory="water" localSubCategory="unspecified" name="Xylene" unit="kg" meanValue="2.95E-6" infrastructureProcess="false">
                <outputGroup>4</outputGroup>
            </exchange>
            <exchange number="27804" category="water" subCategory="unspecified" localCategory="water" localSubCategory="unspecified" name="Eicosane" unit="kg" meanValue="5.41E-8" infrastructureProcess="false">
                <outputGroup>4</outputGroup>
            </exchange>
            <exchange number="33248" category="water" subCategory="unspecified" localCategory="water" localSubCategory="unspecified" name="Hexadecane" unit="kg" meanValue="2.15E-7" infrastructureProcess="false">
                <outputGroup>4</outputGroup>
            </exchange>
            <exchange number="5306" category="water" subCategory="unspecified" localCategory="water" localSubCategory="unspecified" name="Strontium" unit="kg" meanValue="1.94E-4" infrastructureProcess="false">
                <outputGroup>4</outputGroup>
            </exchange>
            <exchange number="31348" category="water" subCategory="unspecified" localCategory="water" localSubCategory="unspecified" name="Naphthalenes, alkylated, unspecified" unit="kg" meanValue="2.86E-9" infrastructureProcess="false">
                <outputGroup>4</outputGroup>
            </exchange>
            <exchange number="32722" category="water" subCategory="unspecified" localCategory="water" localSubCategory="unspecified" name="Biphenyl" unit="kg" meanValue="1.13E-8" infrastructureProcess="false">
                <outputGroup>4</outputGroup>
            </exchange>
            <exchange number="18242" category="water" subCategory="unspecified" localCategory="water" localSubCategory="unspecified" name="Toluene" unit="kg" meanValue="5.63E-6" infrastructureProcess="false">
                <outputGroup>4</outputGroup>
            </exchange>
            <exchange number="40202" category="water" subCategory="unspecified" localCategory="water" localSubCategory="unspecified" name="Octadecane" unit="kg" meanValue="5.3E-8" infrastructureProcess="false">
                <outputGroup>4</outputGroup>
            </exchange>
            <exchange number="36670" category="Emission to air" subCategory="unspecified" localCategory="Emission to air" localSubCategory="unspecified" CASNumber="000074-82-8" name="Methane" unit="kg" meanValue="0.00353" formula="CH4" infrastructureProcess="false">
                <outputGroup>4</outputGroup>
            </exchange>
            <exchange number="6612" category="water" subCategory="unspecified" localCategory="water" localSubCategory="unspecified" name="Dodecane" unit="kg" meanValue="1.97E-7" infrastructureProcess="false">
                <outputGroup>4</outputGroup>
            </exchange>
            <exchange number="40390" category="water" subCategory="unspecified" localCategory="water" localSubCategory="unspecified" name="Beryllium" unit="kg" meanValue="5.52E-8" infrastructureProcess="false">
                <outputGroup>4</outputGroup>
            </exchange>
            <exchange number="26192" category="water" subCategory="unspecified" localCategory="water" localSubCategory="unspecified" name="Phenanthrene" unit="kg" meanValue="1.01E-9" infrastructureProcess="false">
                <outputGroup>4</outputGroup>
            </exchange>
            <exchange number="26410" category="Emission to water" subCategory="unspecified" localCategory="Emission to water" localSubCategory="unspecified" CASNumber="007439-89-6" name="Iron" unit="kg" meanValue="6.31E-4" formula="Fe" infrastructureProcess="false">
                <outputGroup>4</outputGroup>
            </exchange>
            <exchange number="5888" category="water" subCategory="unspecified" localCategory="water" localSubCategory="unspecified" name="Oils, unspecified" unit="kg" meanValue="7.2E-5" infrastructureProcess="false">
                <outputGroup>4</outputGroup>
            </exchange>
            <exchange number="25558" category="Emission to water" subCategory="unspecified" localCategory="Emission to water" localSubCategory="unspecified" CASNumber="007440-66-6" name="Zinc" unit="kg" meanValue="7.34E-6" formula="Zn" infrastructureProcess="false">
                <outputGroup>4</outputGroup>
            </exchange>
            <exchange number="31130" category="Emission to water" subCategory="unspecified" localCategory="Emission to water" localSubCategory="unspecified" CASNumber="007664-41-7" name="Ammonia" unit="kg" meanValue="5.32E-5" formula="NH3" infrastructureProcess="false">
                <outputGroup>4</outputGroup>
            </exchange>
            <exchange number="30688" category="water" subCategory="unspecified" localCategory="water" localSubCategory="unspecified" name="Xylene" unit="kg" meanValue="7.84E-8" infrastructureProcess="false">
                <outputGroup>4</outputGroup>
            </exchange>
            <exchange number="8298" category="Emission to water" subCategory="unspecified" localCategory="Emission to water" localSubCategory="unspecified" CASNumber="007704-34-9" name="Sulfur" unit="kg" meanValue="9.42E-6" formula="S" infrastructureProcess="false">
                <outputGroup>4</outputGroup>
            </exchange>
            <exchange number="9780" category="water" subCategory="unspecified" localCategory="water" localSubCategory="unspecified" name="Methyl ethyl ketone" unit="kg" meanValue="2.86E-10" infrastructureProcess="false">
                <outputGroup>4</outputGroup>
            </exchange>
            <exchange number="26156" category="water" subCategory="unspecified" localCategory="water" localSubCategory="unspecified" name="2-Hexanone" unit="kg" meanValue="2.32E-8" infrastructureProcess="false">
                <outputGroup>4</outputGroup>
            </exchange>
            <exchange number="35268" category="water" subCategory="unspecified" localCategory="water" localSubCategory="unspecified" name="Sulfate" unit="kg" meanValue="2.58E-4" infrastructureProcess="false">
                <outputGroup>4</outputGroup>
            </exchange>
            <exchange number="48547" category="water" subCategory="unspecified" localCategory="water" localSubCategory="unspecified" name="n-Hexacosane" unit="kg" meanValue="2.37E-9" infrastructureProcess="false">
                <outputGroup>4</outputGroup>
            </exchange>
            <exchange number="41983" category="water" subCategory="unspecified" localCategory="water" localSubCategory="unspecified" name="Arsenic, ion" unit="kg" meanValue="9.83E-7" infrastructureProcess="false">
                <outputGroup>4</outputGroup>
            </exchange>
            <exchange number="38284" category="water" subCategory="unspecified" localCategory="water" localSubCategory="unspecified" name="Dibenzothiophene" unit="kg" meanValue="5.48E-10" infrastructureProcess="false">
                <outputGroup>4</outputGroup>
            </exchange>
            <exchange number="5720" category="water" subCategory="unspecified" localCategory="water" localSubCategory="unspecified" name="Radium-226/kg" unit="kg" meanValue="1.28E-13" generalComment="Radioactive substances in kBq in other DB and in impact assessment methods, no conversion factors found." infrastructureProcess="false">
                <outputGroup>4</outputGroup>
            </exchange>
            <exchange number="46191" category="water" subCategory="unspecified" localCategory="water" localSubCategory="unspecified" name="Copper, ion" unit="kg" meanValue="1.02E-6" infrastructureProcess="false">
                <outputGroup>4</outputGroup>
            </exchange>
            <exchange number="6046" category="water" subCategory="unspecified" localCategory="water" localSubCategory="unspecified" name="Docosane" unit="kg" meanValue="3.8E-9" infrastructureProcess="false">
                <outputGroup>4</outputGroup>
            </exchange>
            <exchange number="30956" category="water" subCategory="unspecified" localCategory="water" localSubCategory="unspecified" name="Vanadium" unit="kg" meanValue="9.65E-8" infrastructureProcess="false">
                <outputGroup>4</outputGroup>
            </exchange>
            <exchange number="28582" category="Emission to water" subCategory="unspecified" localCategory="Emission to water" localSubCategory="unspecified" CASNumber="007439-98-7" name="Molybdenum" unit="kg" meanValue="8.17E-8" formula="Mo" infrastructureProcess="false">
                <outputGroup>4</outputGroup>
            </exchange>
            <exchange number="9430" category="water" subCategory="unspecified" localCategory="water" localSubCategory="unspecified" name="Phenol" unit="kg" meanValue="1.58E-6" infrastructureProcess="false">
                <outputGroup>4</outputGroup>
            </exchange>
            <exchange number="19894" category="water" subCategory="unspecified" localCategory="water" localSubCategory="unspecified" name="Dibenzofuran" unit="kg" meanValue="6.76E-10" infrastructureProcess="false">
                <outputGroup>4</outputGroup>
            </exchange>
            <exchange number="46069" category="Emission to water" subCategory="unspecified" localCategory="Emission to water" localSubCategory="unspecified" CASNumber="007440-47-3" name="Chromium" unit="kg" meanValue="8.5E-6" formula="Cr" infrastructureProcess="false">
                <outputGroup>4</outputGroup>
            </exchange>
            <exchange number="32110" category="water" subCategory="unspecified" localCategory="water" localSubCategory="unspecified" name="Naphthalene" unit="kg" meanValue="6.48E-8" infrastructureProcess="false">
                <outputGroup>4</outputGroup>
            </exchange>
            <exchange number="31334" category="water" subCategory="unspecified" localCategory="water" localSubCategory="unspecified" name="Yttrium" unit="kg" meanValue="2.4E-8" infrastructureProcess="false">
                <outputGroup>4</outputGroup>
            </exchange>
            <exchange number="28378" category="water" subCategory="unspecified" localCategory="water" localSubCategory="unspecified" name="Antimony" unit="kg" meanValue="1.99E-7" infrastructureProcess="false">
                <outputGroup>4</outputGroup>
            </exchange>
            <exchange number="13708" category="water" subCategory="unspecified" localCategory="water" localSubCategory="unspecified" name="Benzene, pentamethyl-" unit="kg" meanValue="2.66E-10" infrastructureProcess="false">
                <outputGroup>4</outputGroup>
            </exchange>
            <exchange number="4860" category="water" subCategory="unspecified" localCategory="water" localSubCategory="unspecified" name="Cadmium, ion" unit="kg" meanValue="1.45E-7" infrastructureProcess="false">
                <outputGroup>4</outputGroup>
            </exchange>
            <exchange number="29722" category="water" subCategory="unspecified" localCategory="water" localSubCategory="unspecified" name="Dissolved solids" unit="kg" meanValue="0.158" infrastructureProcess="false">
                <outputGroup>4</outputGroup>
            </exchange>
            <exchange number="5674" category="water" subCategory="unspecified" localCategory="water" localSubCategory="unspecified" name="Pentanone, methyl-" unit="kg" meanValue="1.49E-8" infrastructureProcess="false">
                <outputGroup>4</outputGroup>
            </exchange>
            <exchange number="29196" category="water" subCategory="unspecified" localCategory="water" localSubCategory="unspecified" name="Detergents, oil" unit="kg" meanValue="2.96E-6" infrastructureProcess="false">
                <outputGroup>4</outputGroup>
            </exchange>
            <exchange number="10342" category="Emission to water" subCategory="unspecified" localCategory="Emission to water" localSubCategory="unspecified" CASNumber="007439-92-1" name="Lead" unit="kg" meanValue="2.09E-6" formula="Pb" infrastructureProcess="false">
                <outputGroup>4</outputGroup>
            </exchange>
            <exchange number="21180" category="water" subCategory="unspecified" localCategory="water" localSubCategory="unspecified" name="Tetradecane" unit="kg" meanValue="8.62E-8" infrastructureProcess="false">
                <outputGroup>4</outputGroup>
            </exchange>
            <exchange number="38284" category="water" subCategory="unspecified" localCategory="water" localSubCategory="unspecified" name="Dibenzothiophene" unit="kg" meanValue="3.49E-11" infrastructureProcess="false">
                <outputGroup>4</outputGroup>
            </exchange>
            <exchange number="11696" category="water" subCategory="unspecified" localCategory="water" localSubCategory="unspecified" name="Cyanide" unit="kg" meanValue="2.57E-10" infrastructureProcess="false">
                <outputGroup>4</outputGroup>
            </exchange>
            <exchange number="46129" category="water" subCategory="unspecified" localCategory="water" localSubCategory="unspecified" name="Thallium" unit="kg" meanValue="4.2E-8" infrastructureProcess="false">
                <outputGroup>4</outputGroup>
            </exchange>
            <exchange number="17670" category="water" subCategory="unspecified" localCategory="water" localSubCategory="unspecified" name="Magnesium" unit="kg" meanValue="0.00223" infrastructureProcess="false">
                <outputGroup>4</outputGroup>
            </exchange>
            <exchange number="17450" category="water" subCategory="unspecified" localCategory="water" localSubCategory="unspecified" name="p-Cresol" unit="kg" meanValue="1.1E-7" infrastructureProcess="false">
                <outputGroup>4</outputGroup>
            </exchange>
            <exchange number="40630" category="water" subCategory="unspecified" localCategory="water" localSubCategory="unspecified" name="Benzene, 1-methyl-4-(1-methylethyl)-" unit="kg" meanValue="3.55E-10" infrastructureProcess="false">
                <outputGroup>4</outputGroup>
            </exchange>
            <exchange number="25118" category="water" subCategory="unspecified" localCategory="water" localSubCategory="unspecified" name="Chloride" unit="kg" meanValue="0.128" infrastructureProcess="false">
                <outputGroup>4</outputGroup>
            </exchange>
            <exchange number="42561" category="water" subCategory="unspecified" localCategory="water" localSubCategory="unspecified" name="Lead-210/kg" unit="kg" meanValue="3.69E-16" generalComment="Radioactive substances in kBq in other DB and in impact assessment methods, no conversion factors found." infrastructureProcess="false">
                <outputGroup>4</outputGroup>
            </exchange>
            <exchange number="43891" category="water" subCategory="unspecified" localCategory="water" localSubCategory="unspecified" name="Selenium" unit="kg" meanValue="3.86E-8" infrastructureProcess="false">
                <outputGroup>4</outputGroup>
            </exchange>
            <exchange number="28148" category="water" subCategory="unspecified" localCategory="water" localSubCategory="unspecified" name="Boron" unit="kg" meanValue="1.12E-5" infrastructureProcess="false">
                <outputGroup>4</outputGroup>
            </exchange>
            <exchange number="16668" category="water" subCategory="unspecified" localCategory="water" localSubCategory="unspecified" name="o-Cresol" unit="kg" meanValue="1.02E-7" infrastructureProcess="false">
                <outputGroup>4</outputGroup>
            </exchange>
            <exchange number="39160" category="water" subCategory="unspecified" localCategory="water" localSubCategory="unspecified" name="Aluminum" unit="kg" meanValue="3.19E-4" infrastructureProcess="false">
                <outputGroup>4</outputGroup>
            </exchange>
            <exchange number="50053" category="Technosphere Flows" subCategory="CUTOFF Flows" localCategory="Technosphere Flows" localSubCategory="CUTOFF Flows" name="CUTOFF Disposal, solid waste, unspecified, to sanitary landfill" location="RNA" unit="kg" meanValue="0.0261" infrastructureProcess="false">
                <inputGroup>5</inputGroup>
            </exchange>
            <exchange number="27606" category="water" subCategory="unspecified" localCategory="water" localSubCategory="unspecified" name="BOD5, Biological Oxygen Demand" unit="kg" meanValue="6.19E-4" infrastructureProcess="false">
                <outputGroup>4</outputGroup>
            </exchange>
            <exchange number="13726" category="22: Utilities" subCategory="2213: Water, Sewage and Other Systems" localCategory="22: Utilities" localSubCategory="2213: Water, Sewage and Other Systems" name="Diesel, combusted in industrial boiler" location="RNA" unit="m3" meanValue="0.00125" infrastructureProcess="false">
                <inputGroup>5</inputGroup>
            </exchange>
            <exchange number="11488" category="resource" subCategory="ground-" localCategory="resource" localSubCategory="ground-" name="Oil, crude" unit="kg" meanValue="1.0" infrastructureProcess="false">
                <inputGroup>4</inputGroup>
            </exchange>
            <exchange number="11152" category="water" subCategory="unspecified" localCategory="water" localSubCategory="unspecified" name="Radium-228/kg" unit="kg" meanValue="6.57E-16" generalComment="Radioactive substances in kBq in other DB and in impact assessment methods, no conversion factors found." infrastructureProcess="false">
                <outputGroup>4</outputGroup>
            </exchange>
            <exchange number="23974" category="water" subCategory="unspecified" localCategory="water" localSubCategory="unspecified" name="Phenol, 2,4-dimethyl-" unit="kg" meanValue="9.96E-8" infrastructureProcess="false">
                <outputGroup>4</outputGroup>
            </exchange>
            <exchange number="33522" category="water" subCategory="unspecified" localCategory="water" localSubCategory="unspecified" name="Benzene, ethyl-" unit="kg" meanValue="3.35E-7" infrastructureProcess="false">
                <outputGroup>4</outputGroup>
            </exchange>
            <exchange number="35190" category="water" subCategory="unspecified" localCategory="water" localSubCategory="unspecified" name="Mercury" unit="kg" meanValue="3.49E-9" infrastructureProcess="false">
                <outputGroup>4</outputGroup>
            </exchange>
            <exchange number="8254" category="22: Utilities" subCategory="2213: Water, Sewage and Other Systems" localCategory="22: Utilities" localSubCategory="2213: Water, Sewage and Other Systems" name="Residual fuel oil, combusted in industrial boiler" location="RNA" unit="m3" meanValue="8.35E-4" infrastructureProcess="false">
                <inputGroup>5</inputGroup>
            </exchange>
            <exchange number="51440" category="water" subCategory="unspecified" localCategory="water" localSubCategory="unspecified" name="Lithium, ion" unit="kg" meanValue="3.82E-6" infrastructureProcess="false">
                <outputGroup>4</outputGroup>
            </exchange>
            <exchange number="14146" category="water" subCategory="unspecified" localCategory="water" localSubCategory="unspecified" name="Phenanthrenes, alkylated, unspecified" unit="kg" meanValue="1.19E-9" infrastructureProcess="false">
                <outputGroup>4</outputGroup>
            </exchange>
            <exchange number="17066" category="22: Utilities" subCategory="2213: Water, Sewage and Other Systems" localCategory="22: Utilities" localSubCategory="2213: Water, Sewage and Other Systems" name="Natural gas, combusted in industrial boiler" location="RNA" unit="m3" meanValue="0.0328" infrastructureProcess="false">
                <inputGroup>5</inputGroup>
            </exchange>
            <exchange number="38130" category="water" subCategory="unspecified" localCategory="water" localSubCategory="unspecified" name="Decane" unit="kg" meanValue="1.04E-7" infrastructureProcess="false">
                <outputGroup>4</outputGroup>
            </exchange>
            <exchange number="44041" category="water" subCategory="unspecified" localCategory="water" localSubCategory="unspecified" name="Fluorenes, alkylated, unspecified" unit="kg" meanValue="1.01E-8" infrastructureProcess="false">
                <outputGroup>4</outputGroup>
            </exchange>
            <exchange number="43311" category="water" subCategory="unspecified" localCategory="water" localSubCategory="unspecified" name="Hexanoic acid" unit="kg" meanValue="7.47E-7" infrastructureProcess="false">
                <outputGroup>4</outputGroup>
            </exchange>
            <exchange number="45439" category="water" subCategory="unspecified" localCategory="water" localSubCategory="unspecified" name="Methane, monochloro-, R-40" unit="kg" meanValue="1.43E-10" infrastructureProcess="false">
                <outputGroup>4</outputGroup>
            </exchange>
        </flowData>
    </dataset>
</ecoSpold>
