<?xml version="1.0" encoding="UTF-8" standalone="yes"?>
<ecoSpold xmlns="http://www.EcoInvent.org/EcoSpold01">
    <dataset number="90201" generator="openLCA" timestamp="2019-10-15T12:53:01.563-06:00">
        <metaInformation>
            <processInformation>
                <referenceFunction datasetRelatesToProduct="false" name="Lignite coal, at surface mine" localName="Lignite coal, at surface mine" infrastructureProcess="false" amount="1.0" unit="kg" category="21: Mining, Quarrying, and Oil and Gas Extraction" subCategory="2121: Coal Mining" localCategory="21: Mining, Quarrying, and Oil and Gas Extraction" localSubCategory="2121: Coal Mining" generalComment="&#xA;Important note: although most of the data in the US LCI database has &#xA;undergone some sort of review, the database as a whole has not yet &#xA;undergone a formal validation process.&#xA;Please email comments to lci@nrel.gov."/>
                <geography location="RNA" text="United States"/>
                <technology text="Surface mining of shallow lignite deposits."/>
                <timePeriod dataValidForEntirePeriod="true">
                    <startDate>1992-12-31-07:00</startDate>
                    <endDate>2001-12-31-07:00</endDate>
                </timePeriod>
                <dataSetInformation type="1" impactAssessmentResult="false" timestamp="2019-07-21T10:20:20.715-06:00" version="0.0" internalVersion="0.0" energyValues="0" languageCode="en" localLanguageCode="en"/>
            </processInformation>
            <modellingAndValidation>
                <source number="1812" sourceType="0" firstAuthor="Energy Information Administration " year="1995" title="Coal Data: A Reference" placeOfPublications="unknown"/>
                <source number="1813" sourceType="0" firstAuthor="Franklin Associates " year="2003" title="Data Details for Lignite Mining" placeOfPublications="unknown"/>
                <source number="1814" sourceType="0" firstAuthor="unspecified " year="9999" title="Code of Federal Regulations Title 40 Part 434-Protection of Enviroment" placeOfPublications="unknown"/>
                <source number="1833" sourceType="0" firstAuthor="unspecified " year="2002" title="Personal com: Franklin Associates and contacts at Red River Mine in Louisiana " placeOfPublications="unknown"/>
                <source number="1901" sourceType="0" firstAuthor="unspecified " year="2002" title="Personal com: Franklin Associates and Center, Falkirk, and Freedom Mines, North Dakota" placeOfPublications="unknown"/>
                <source number="1959" sourceType="0" firstAuthor="D.A. Kirchgessner " year="2000" title="An Improved Inventory of Methane Emissions from Coal Mining in the United States" placeOfPublications="unknown"/>
                <source number="1975" sourceType="0" firstAuthor="U.S. Census bureau " year="1999" title="Bituminous Coal and Lignite Surface Mining. 1997 Economic Census" placeOfPublications="unknown"/>
                <source number="1981" sourceType="0" firstAuthor="unspecified " year="2002" title="Personal com: Franklin Associates and S. Hallsville and San Miguel Mines in Texas" placeOfPublications="unknown"/>
                <source number="1989" sourceType="0" firstAuthor="unspecified " year="2002" title="Personal com: Franklin Associates and Andy Curtis, Fuel Analyst with Texas PUC" placeOfPublications="unknown"/>
                <source number="1995" sourceType="0" firstAuthor="Energy Information Administration " year="2000" title="Energy Policy Act Transportation Rate Study: Final Report on Coal Transportation" placeOfPublications="unknown"/>
                <source number="1998" sourceType="0" firstAuthor="Energy Information Administration " year="1997" title="Coal Industry Annual 1997" placeOfPublications="unknown"/>
                <source number="2019" sourceType="0" firstAuthor="US LCI Mini-Report with Sources Detail " year="9999" title="Process Mini-report" placeOfPublications="unknown"/>
                <source number="2069" sourceType="0" firstAuthor="Energy Information Administration " year="2000" title="Coal Industry Annual 2000" placeOfPublications="unknown"/>
                <source number="2112" sourceType="0" firstAuthor="unspecified " year="2002" title="Franklin Associates estimate" placeOfPublications="unknown"/>
                <source number="2134" sourceType="0" firstAuthor="U.S. Department of Energy " year="1983" title="Energy Tech. Char. Handbook: Enviromental Pollution and Control Factors. 3rd Ed" placeOfPublications="unknown"/>
                <source number="2173" sourceType="0" firstAuthor="Hong, B.D " year="1997" title="U.S. Coal Supply and Demand: 1997 Review" placeOfPublications="unknown"/>
                <source number="2200" sourceType="0" firstAuthor="Energy Information Administration " year="1993" title="State Coal Profile: North Dakota" placeOfPublications="unknown"/>
                <source number="2206" sourceType="0" firstAuthor="Energy Information Administration " year="1993" title="State Coal Profile: Texas" placeOfPublications="unknown"/>
                <source number="2276" sourceType="0" firstAuthor="U.S. EPA " year="1995" title="AP-42 Section 11.10, Coal Cleaning" placeOfPublications="unknown"/>
                <source number="2307" sourceType="0" firstAuthor="U.S. EPA " year="1998" title="AP-42 Section 11.9, Mineral Products Industry: Western Surface Coal Mining" placeOfPublications="unknown"/>
                <source number="2434" sourceType="0" firstAuthor="USGS " year="2002" title="Personal communication: Franklin Associates, Ltd. and Pat Brindle Sedgman" placeOfPublications="unknown"/>
            </modellingAndValidation>
            <administrativeInformation>
                <dataEntryBy person="1673"/>
                <dataGeneratorAndPublication person="1673" dataPublishedIn="0" referenceToPublishedSource="1813" copyright="false" accessRestrictedTo="0"/>
                <person number="1673" name="Franklin Associates" address="Franklin Associates 4121 W. 83rd St, Suite 108, Prairie Village, KS 66208" telephone="(913)649-2225" email="jlittlefield@fal.com" companyCode="unknown" countryCode="US"/>
            </administrativeInformation>
        </metaInformation>
        <flowData>
            <exchange number="32388" category="21: Mining, Quarrying, and Oil and Gas Extraction" subCategory="2121: Coal Mining" localCategory="21: Mining, Quarrying, and Oil and Gas Extraction" localSubCategory="2121: Coal Mining" name="Lignite coal, at surface mine" location="RNA" unit="kg" meanValue="1.0" infrastructureProcess="false">
                <outputGroup>0</outputGroup>
            </exchange>
            <exchange number="8254" category="22: Utilities" subCategory="2213: Water, Sewage and Other Systems" localCategory="22: Utilities" localSubCategory="2213: Water, Sewage and Other Systems" name="Residual fuel oil, combusted in industrial boiler" location="RNA" unit="m3" meanValue="0.00145" infrastructureProcess="false">
                <inputGroup>5</inputGroup>
            </exchange>
            <exchange number="39188" category="resource" subCategory="ground-" localCategory="resource" localSubCategory="ground-" name="Coal, bituminous, 24.8 MJ per kg" unit="kg" meanValue="1.0" infrastructureProcess="false">
                <inputGroup>4</inputGroup>
            </exchange>
            <exchange number="13726" category="22: Utilities" subCategory="2213: Water, Sewage and Other Systems" localCategory="22: Utilities" localSubCategory="2213: Water, Sewage and Other Systems" name="Diesel, combusted in industrial boiler" location="RNA" unit="m3" meanValue="0.015" infrastructureProcess="false">
                <inputGroup>5</inputGroup>
            </exchange>
            <exchange number="34566" category="Technosphere Flows" subCategory="CUTOFF Flows" localCategory="Technosphere Flows" localSubCategory="CUTOFF Flows" name="CUTOFF Disposal, solid waste, unspecified, to unspecified treatment" location="RNA" unit="kg" meanValue="0.235" infrastructureProcess="false">
                <inputGroup>5</inputGroup>
            </exchange>
            <exchange number="34544" category="Emission to air" subCategory="unspecified" localCategory="Emission to air" localSubCategory="unspecified" name="Particulates, unspecified" unit="kg" meanValue="9.8E-5" formula="PM" infrastructureProcess="false">
                <outputGroup>4</outputGroup>
            </exchange>
            <exchange number="8936" category="Emission to water" subCategory="unspecified" localCategory="Emission to water" localSubCategory="unspecified" CASNumber="007439-96-5" name="Manganese" unit="kg" meanValue="1.76E-7" formula="Mn" infrastructureProcess="false">
                <outputGroup>4</outputGroup>
            </exchange>
            <exchange number="20046" category="22: Utilities" subCategory="2213: Water, Sewage and Other Systems" localCategory="22: Utilities" localSubCategory="2213: Water, Sewage and Other Systems" name="Lignite coal, combusted in industrial boiler" location="RNA" unit="kg" meanValue="3.62E-4" infrastructureProcess="false">
                <inputGroup>5</inputGroup>
            </exchange>
            <exchange number="35868" category="22: Utilities" subCategory="2211: Electric Power Generation, Transmission and Distribution" localCategory="22: Utilities" localSubCategory="2211: Electric Power Generation, Transmission and Distribution" name="Electricity, at grid" location="RNA" unit="MJ" meanValue="0.0533" infrastructureProcess="false">
                <inputGroup>5</inputGroup>
            </exchange>
            <exchange number="30072" category="Emission to air" subCategory="unspecified" localCategory="Emission to air" localSubCategory="unspecified" CASNumber="000074-82-8" name="Methane, fossil" unit="kg" meanValue="0.00113" formula="CH4" infrastructureProcess="false">
                <outputGroup>4</outputGroup>
            </exchange>
            <exchange number="17066" category="22: Utilities" subCategory="2213: Water, Sewage and Other Systems" localCategory="22: Utilities" localSubCategory="2213: Water, Sewage and Other Systems" name="Natural gas, combusted in industrial boiler" location="RNA" unit="m3" meanValue="2.51E-4" infrastructureProcess="false">
                <inputGroup>5</inputGroup>
            </exchange>
            <exchange number="26410" category="Emission to water" subCategory="unspecified" localCategory="Emission to water" localSubCategory="unspecified" CASNumber="007439-89-6" name="Iron" unit="kg" meanValue="2.65E-8" formula="Fe" infrastructureProcess="false">
                <outputGroup>4</outputGroup>
            </exchange>
            <exchange number="37974" category="Emission to water" subCategory="unspecified" localCategory="Emission to water" localSubCategory="unspecified" name="Suspended solids, unspecified" unit="kg" meanValue="1.98E-6" infrastructureProcess="false">
                <outputGroup>4</outputGroup>
            </exchange>
            <exchange number="20366" category="22: Utilities" subCategory="2213: Water, Sewage and Other Systems" localCategory="22: Utilities" localSubCategory="2213: Water, Sewage and Other Systems" name="Gasoline, combusted in equipment" location="RNA" unit="m3" meanValue="0.00141" infrastructureProcess="false">
                <inputGroup>5</inputGroup>
            </exchange>
        </flowData>
    </dataset>
</ecoSpold>
