<?xml version="1.0" encoding="UTF-8" standalone="yes"?>
<ecoSpold xmlns="http://www.EcoInvent.org/EcoSpold01">
    <dataset number="56440" generator="openLCA" timestamp="2019-10-15T12:52:57.267-06:00">
        <metaInformation>
            <processInformation>
                <referenceFunction datasetRelatesToProduct="false" name="Corn grain, harvested and stored" localName="Corn grain, harvested and stored" infrastructureProcess="false" amount="8790.0" unit="kg" category="11: Agriculture, Forestry, Fishing and Hunting" subCategory="1151: Support Activities for Crop Production" localCategory="11: Agriculture, Forestry, Fishing and Hunting" localSubCategory="1151: Support Activities for Crop Production"/>
                <geography location="RNA" text="North America"/>
                <technology text="modern"/>
                <timePeriod dataValidForEntirePeriod="true" text="2010">
                    <startDate>2009-12-31-07:00</startDate>
                    <endDate>2099-12-31-07:00</endDate>
                </timePeriod>
                <dataSetInformation type="1" impactAssessmentResult="false" timestamp="2019-07-20T20:59:11.111-06:00" version="0.0" internalVersion="0.0" energyValues="0" languageCode="en" localLanguageCode="en"/>
            </processInformation>
            <modellingAndValidation>
                <source number="1853" sourceType="0" firstAuthor="T.H. Yu " year="2008" title="The 2006/07 Iowa Grain and Biofuel Flow Study: A Survey Report; 08-SR 102" placeOfPublications="unknown"/>
                <source number="1866" sourceType="0" firstAuthor="J. Johnson " year="2006" title="Making Better Decisions: 2004 Colorado Corn and Sunflower Variety Performance Trials" placeOfPublications="unknown"/>
                <source number="1951" sourceType="0" firstAuthor="M. Tollenaar " year="1983" title="A photoperiod and temperature sensitive period for leaf number of maize" placeOfPublications="unknown"/>
                <source number="2393" sourceType="0" firstAuthor="M. Tollenaar " year="2002" title="Yield potential, yield stability and stress tolerance in maize" placeOfPublications="unknown"/>
                <source number="2436" sourceType="0" firstAuthor="Hsu, D. " year="2010" title="Life Cycle Environmental Impacts of Selected U.S. Ethanol Production and Use Pathways in 2022" placeOfPublications="unknown"/>
            </modellingAndValidation>
            <administrativeInformation>
                <dataEntryBy person="1710"/>
                <dataGeneratorAndPublication person="1710" dataPublishedIn="0" referenceToPublishedSource="2436" copyright="false" accessRestrictedTo="0"/>
                <person number="1710" name="Daniel Inman" address="NREL, 1617 Cole Blvd, RSF 200, Golden, CO 80401" telephone="303-384-6845" companyCode="unknown" countryCode="US"/>
            </administrativeInformation>
        </metaInformation>
        <flowData>
            <exchange number="32614" category="11: Agriculture, Forestry, Fishing and Hunting" subCategory="1151: Support Activities for Crop Production" localCategory="11: Agriculture, Forestry, Fishing and Hunting" localSubCategory="1151: Support Activities for Crop Production" name="Corn grain, harvested and stored" location="RNA" unit="kg" meanValue="8790.0" infrastructureProcess="false">
                <outputGroup>0</outputGroup>
            </exchange>
            <exchange number="39524" category="48-49: Transportation and Warehousing" subCategory="4841: General Freight Trucking" localCategory="48-49: Transportation and Warehousing" localSubCategory="4841: General Freight Trucking" name="Transport, single unit truck, diesel powered" location="RNA" unit="t*km" meanValue="14.9" generalComment="Shipping by single or tandem axle truck. Yu 2008" infrastructureProcess="false">
                <inputGroup>5</inputGroup>
            </exchange>
            <exchange number="30762" category="11: Agriculture, Forestry, Fishing and Hunting" subCategory="1111: Oilseed and Grain Farming" localCategory="11: Agriculture, Forestry, Fishing and Hunting" localSubCategory="1111: Oilseed and Grain Farming" name="Corn, decomposition" location="RNA" unit="kg" meanValue="506.0" infrastructureProcess="false">
                <inputGroup>5</inputGroup>
            </exchange>
            <exchange number="33576" category="48-49: Transportation and Warehousing" subCategory="4841: General Freight Trucking" localCategory="48-49: Transportation and Warehousing" localSubCategory="4841: General Freight Trucking" name="Transport, combination truck, diesel powered" location="RNA" unit="t*km" meanValue="233.0" generalComment="Shipping by semi. Yu 2008" infrastructureProcess="false">
                <inputGroup>5</inputGroup>
            </exchange>
            <exchange number="6706" category="Technosphere Flows" subCategory="CUTOFF Flows" localCategory="Technosphere Flows" localSubCategory="CUTOFF Flows" name="CUTOFF Dried roughage store, non ventilated" location="RNA" unit="m3" meanValue="1.2035E-6" generalComment="Scaled from corn stover." infrastructureProcess="true">
                <inputGroup>5</inputGroup>
            </exchange>
            <exchange number="20190" category="Technosphere Flows" subCategory="CUTOFF Flows" localCategory="Technosphere Flows" localSubCategory="CUTOFF Flows" name="CUTOFF Conveyor belt, at plant" location="RNA" unit="m" meanValue="3.4747E-5" infrastructureProcess="true">
                <inputGroup>5</inputGroup>
            </exchange>
            <exchange number="46841" category="Technosphere Flows" subCategory="CUTOFF Flows" localCategory="Technosphere Flows" localSubCategory="CUTOFF Flows" name="CUTOFF Fodder loading, by self-loading trailer" location="RNA" unit="m3" meanValue="28.317" generalComment="Scale value used with corn stover" infrastructureProcess="false">
                <inputGroup>5</inputGroup>
            </exchange>
            <exchange number="19078" category="11: Agriculture, Forestry, Fishing and Hunting" subCategory="1111: Oilseed and Grain Farming" localCategory="11: Agriculture, Forestry, Fishing and Hunting" localSubCategory="1111: Oilseed and Grain Farming" name="Corn, production" location="RNA" unit="kg" meanValue="9290.0" generalComment="Mean grain yield of corn in the US, kg per ha. NASS 2007. Accounting for both rain fed and irrigated. The estimated genetic yield potential of corn is 25Mgha (Tollenaar, 1983; Tollenaar and Lee 2002; Johnson et al., 2006)" infrastructureProcess="false">
                <inputGroup>5</inputGroup>
            </exchange>
            <exchange number="16854" category="Technosphere Flows" subCategory="CUTOFF Flows" localCategory="Technosphere Flows" localSubCategory="CUTOFF Flows" name="CUTOFF Transport, tractor and trailer" location="RNA" unit="t*km" meanValue="16.4" generalComment="Shipping by wagon. Yu 2008" infrastructureProcess="false">
                <inputGroup>5</inputGroup>
            </exchange>
        </flowData>
    </dataset>
</ecoSpold>
