<?xml version="1.0" encoding="UTF-8" standalone="yes"?>
<ecoSpold xmlns="http://www.EcoInvent.org/EcoSpold01">
    <dataset number="76276" generator="openLCA" timestamp="2019-10-15T12:53:04.585-06:00">
        <metaInformation>
            <processInformation>
                <referenceFunction datasetRelatesToProduct="false" name="Electricity, at grid" localName="Electricity, at grid" infrastructureProcess="false" amount="1.0" unit="MJ" category="22: Utilities" subCategory="2211: Electric Power Generation, Transmission and Distribution" localCategory="22: Utilities" localSubCategory="2211: Electric Power Generation, Transmission and Distribution" generalComment="The methodology used to put together the grid information is outlined in reference 1.  "/>
                <geography location="RNA" text="SRSO South electricity grid to include most of Georgia (less SRTV) and Alabama (less STRV) and southeast Mississippi and the panhandle of Florida."/>
                <technology text="Typical"/>
                <timePeriod dataValidForEntirePeriod="true">
                    <startDate>2007-12-31-07:00</startDate>
                    <endDate>2007-12-31-07:00</endDate>
                </timePeriod>
                <dataSetInformation type="1" impactAssessmentResult="false" timestamp="2019-08-27T11:37:34.369-06:00" version="0.0" internalVersion="0.0" energyValues="0" languageCode="en" localLanguageCode="en"/>
            </processInformation>
            <modellingAndValidation>
                <representativeness samplingProcedure="based on EIA electricity reports for all power plants in the US."/>
                <source number="1780" sourceType="0" firstAuthor="EIA " year="2010" title="EIA – Electricity  Data home page " placeOfPublications="unknown"/>
                <source number="1781" sourceType="0" firstAuthor="EIA " year="2010" title="EIA - Electric Power Annual summary " placeOfPublications="unknown"/>
                <source number="1793" sourceType="0" firstAuthor="EIA " year="2006" title="EIA - Notes and Sources for Table 1.5 for International Energy Annual 2006" placeOfPublications="unknown"/>
                <source number="1823" sourceType="0" firstAuthor="Chris Goemans, Athena Institute " year="2010" title="NREL US LCI Database – N.A. Electricity Generation by Fuel Type Update &amp; Template Methodology" placeOfPublications="unknown"/>
                <source number="1890" sourceType="0" firstAuthor="US DOE " year="2008" title="US DOE :: Country Energy Balance – Mexico " placeOfPublications="unknown"/>
                <source number="1905" sourceType="0" firstAuthor="International Energy Agency " year="2005" title="IEA Statistics for Electricity/Heat in Mexico in 2005 " placeOfPublications="unknown"/>
                <source number="2021" sourceType="0" firstAuthor="Statistics Canada " year="2007" title="Electric Power Generation, Transmission and Distribution #57-202-XWE" placeOfPublications="unknown"/>
                <source number="2023" sourceType="0" firstAuthor="EIA " year="2010" title="EIA – State Energy Profiles " placeOfPublications="unknown"/>
                <source number="2029" sourceType="0" firstAuthor="Statistics Canada " year="2010" title="Statistics Canada :: Electric Power Generation, Transmission and " placeOfPublications="unknown"/>
                <source number="2049" sourceType="0" firstAuthor="EIA " year="2010" title="EIA –State Data Tables " placeOfPublications="unknown"/>
                <source number="2057" sourceType="0" firstAuthor="EIA " year="2010" title="EIA –Electricity Data Tables " placeOfPublications="unknown"/>
                <source number="2058" sourceType="0" firstAuthor="US DOE " year="2010" title="U.S. Electricity Imports from and Electricity Exports to Canada and Mexico" placeOfPublications="unknown"/>
                <source number="2070" sourceType="0" firstAuthor="EIA " year="2009" title="EIA - Supply and Disposition of Electricity" placeOfPublications="unknown"/>
                <source number="2129" sourceType="0" firstAuthor="USEPA " year="2010" title="EPA - eGRID" placeOfPublications="unknown"/>
                <source number="2178" sourceType="0" firstAuthor="Statistics Canada " year="2010" title="CANSIM tables used for Stats Can Report on Energy Supply and Demand in Canada " placeOfPublications="unknown"/>
                <source number="2203" sourceType="0" firstAuthor="unspecified " year="2010" title="North American Electric Reliability Corporation (NERC) " placeOfPublications="unknown"/>
                <source number="2248" sourceType="0" firstAuthor="Statistics Canada " year="2010" title="Statistics Canada :: Report on Energy Supply and Demand in Canada " placeOfPublications="unknown"/>
                <source number="2250" sourceType="0" firstAuthor="EIA " year="2010" title="EIA – State Electricity Profiles " placeOfPublications="unknown"/>
                <source number="2252" sourceType="0" firstAuthor="EIA " year="2008" title="EIA – State Electricity Profile PDF Report (2008) " placeOfPublications="unknown"/>
                <source number="2308" sourceType="0" firstAuthor="EIA " year="2008" title="EIA - Annual Energy Review " placeOfPublications="unknown"/>
                <source number="2311" sourceType="0" firstAuthor="Statistics Canada " year="2010" title="Energy Statistics Handbook " placeOfPublications="unknown"/>
                <source number="2416" sourceType="0" firstAuthor="USEPA " year="2010" title="Power Profiler" placeOfPublications="unknown"/>
                <source number="2430" sourceType="0" firstAuthor="Statistics Canada " year="2008" title=" Report on Energy Supply and Demand in Canada #57-003-XWE" placeOfPublications="unknown"/>
                <source number="2446" sourceType="0" firstAuthor="EIA " year="2008" title="EIA - Electrical Power Summary" placeOfPublications="unknown"/>
            </modellingAndValidation>
            <administrativeInformation>
                <dataEntryBy person="1731"/>
                <dataGeneratorAndPublication person="1731" dataPublishedIn="0" referenceToPublishedSource="1823" copyright="false" accessRestrictedTo="0"/>
                <person number="1731" name="Alberta Carpenter" address="1617 Denver West Blvd, MS RSF 202, Golden, CO 80401" telephone="303.275.4232" email="alberta.carpenter@nrel.gov" companyCode="unknown" countryCode="US"/>
            </administrativeInformation>
        </metaInformation>
        <flowData>
            <exchange number="35868" category="22: Utilities" subCategory="2211: Electric Power Generation, Transmission and Distribution" localCategory="22: Utilities" localSubCategory="2211: Electric Power Generation, Transmission and Distribution" name="Electricity, at grid" location="RNA" unit="MJ" meanValue="1.0" infrastructureProcess="false">
                <outputGroup>0</outputGroup>
            </exchange>
            <exchange number="4186" category="22: Utilities" subCategory="2211: Electric Power Generation, Transmission and Distribution" localCategory="22: Utilities" localSubCategory="2211: Electric Power Generation, Transmission and Distribution" name="Electricity, natural gas, at power plant" location="RNA" unit="MJ" meanValue="0.150217086651447" generalComment="Natural Gas" infrastructureProcess="false">
                <inputGroup>5</inputGroup>
            </exchange>
            <exchange number="47863" category="22: Utilities" subCategory="2211: Electric Power Generation, Transmission and Distribution" localCategory="22: Utilities" localSubCategory="2211: Electric Power Generation, Transmission and Distribution" name="Electricity, diesel, at power plant" location="RNA" unit="MJ" meanValue="7.89768361030763E-4" generalComment="Petroleum (DFO) – Distillate Fuel Oil (includes all Diesel and No. 1, No. 2, and No. 4 Fuel Oils) " infrastructureProcess="false">
                <inputGroup>5</inputGroup>
            </exchange>
            <exchange number="4528" category="Technosphere Flows" subCategory="CUTOFF Flows" localCategory="Technosphere Flows" localSubCategory="CUTOFF Flows" name="CUTOFF Electricity, biomass, solid, biogenic MSW, at power plant" location="RNA" unit="MJ" meanValue="2.51331442106386E-5" generalComment="Solid Renewable Fuels (Biomass) MSB  – Municipal Solid Waste – Biogenic Component" infrastructureProcess="false">
                <inputGroup>5</inputGroup>
            </exchange>
            <exchange number="39744" category="Technosphere Flows" subCategory="CUTOFF Flows" localCategory="Technosphere Flows" localSubCategory="CUTOFF Flows" name="CUTOFF Electricity, other gases, unspecified,  at power plant" location="RNA" unit="MJ" meanValue="2.36529774204581E-5" generalComment="Other Gases PG - propane" infrastructureProcess="false">
                <inputGroup>5</inputGroup>
            </exchange>
            <exchange number="39744" category="Technosphere Flows" subCategory="CUTOFF Flows" localCategory="Technosphere Flows" localSubCategory="CUTOFF Flows" name="CUTOFF Electricity, other gases, unspecified,  at power plant" location="RNA" unit="MJ" meanValue="5.33376334646326E-4" generalComment="Other Gases BFG - blast furnace gas" infrastructureProcess="false">
                <inputGroup>5</inputGroup>
            </exchange>
            <exchange number="4152" category="22: Utilities" subCategory="2211: Electric Power Generation, Transmission and Distribution" localCategory="22: Utilities" localSubCategory="2211: Electric Power Generation, Transmission and Distribution" name="Electricity, biomass, at power plant" location="RNA" unit="MJ" meanValue="0.00794129979919529" generalComment="Solid Renewable Fuels (Biomass) WDS – Wood/Wood Waste Solids (Paper Pellets, Railroad Ties, Utility Poles, Wood Chips, and other wood solids) " infrastructureProcess="false">
                <inputGroup>5</inputGroup>
            </exchange>
            <exchange number="11194" category="22: Utilities" subCategory="2211: Electric Power Generation, Transmission and Distribution" localCategory="22: Utilities" localSubCategory="2211: Electric Power Generation, Transmission and Distribution" name="Electricity, nuclear, at power plant" location="RNA" unit="MJ" meanValue="0.174115659214733" generalComment="Nuclear Fission NUC – Nuclear (Uranium, Plutonium, Thorium)" infrastructureProcess="false">
                <inputGroup>5</inputGroup>
            </exchange>
            <exchange number="26036" category="Technosphere Flows" subCategory="CUTOFF Flows" localCategory="Technosphere Flows" localSubCategory="CUTOFF Flows" name="CUTOFF Electricity, hydropower, at power plant, unspecified" location="RNA" unit="MJ" meanValue="0.0171275107497923" generalComment="Hydroelectric WAT  – Water (Conventional, Pumped Storage)" infrastructureProcess="false">
                <inputGroup>5</inputGroup>
            </exchange>
            <exchange number="32000" category="Technosphere Flows" subCategory="CUTOFF Flows" localCategory="Technosphere Flows" localSubCategory="CUTOFF Flows" name="CUTOFF Electricity, petroleum, waste oil, at power plant" location="RNA" unit="MJ" meanValue="5.09276980666194E-5" generalComment="Petroleum (Other Fossil) WO – Waste/Other Oil (including Crude Oil, Liquid Butane, Liquid Propane, Oil Waste, Re-Refined Motor Oil, Sludge Oil, Tar Oil, or other petroleum-based liquid wastes) " infrastructureProcess="false">
                <inputGroup>5</inputGroup>
            </exchange>
            <exchange number="24036" category="Technosphere Flows" subCategory="CUTOFF Flows" localCategory="Technosphere Flows" localSubCategory="CUTOFF Flows" name="CUTOFF Electricity, biomass,liquid, unspecified, at power plant" location="RNA" unit="MJ" meanValue="0.0167224383824118" generalComment="Liquid Renewable Fuels (Biomass) BLQ - black liquor" infrastructureProcess="false">
                <inputGroup>5</inputGroup>
            </exchange>
            <exchange number="39744" category="Technosphere Flows" subCategory="CUTOFF Flows" localCategory="Technosphere Flows" localSubCategory="CUTOFF Flows" name="CUTOFF Electricity, other gases, unspecified,  at power plant" location="RNA" unit="MJ" meanValue="3.33245415807646E-4" generalComment="Other Gases OG – Other Gas (Butane, Coal Processes, Coke-Oven, Refinery, and other processes)" infrastructureProcess="false">
                <inputGroup>5</inputGroup>
            </exchange>
            <exchange number="52306" category="22: Utilities" subCategory="2211: Electric Power Generation, Transmission and Distribution" localCategory="22: Utilities" localSubCategory="2211: Electric Power Generation, Transmission and Distribution" name="Electricity, bituminous coal, at power plant" location="RNA" unit="MJ" meanValue="0.180279507440038" generalComment="Subbituminous Coal" infrastructureProcess="false">
                <inputGroup>5</inputGroup>
            </exchange>
            <exchange number="52306" category="22: Utilities" subCategory="2211: Electric Power Generation, Transmission and Distribution" localCategory="22: Utilities" localSubCategory="2211: Electric Power Generation, Transmission and Distribution" name="Electricity, bituminous coal, at power plant" location="RNA" unit="MJ" meanValue="0.448307412480713" generalComment="Bituminous Coal BIT - Anthracite Coal, and Bituminous Coal.  " infrastructureProcess="false">
                <inputGroup>5</inputGroup>
            </exchange>
            <exchange number="28592" category="Technosphere Flows" subCategory="CUTOFF Flows" localCategory="Technosphere Flows" localSubCategory="CUTOFF Flows" name="CUTOFF Electricity, biomass, gas, landfill, at power plant" location="RNA" unit="MJ" meanValue="2.41138640242245E-4" generalComment="Gaseous Renewable Fuels (Biomass) LFG - landfill gas" infrastructureProcess="false">
                <inputGroup>5</inputGroup>
            </exchange>
            <exchange number="25748" category="22: Utilities" subCategory="2211: Electric Power Generation, Transmission and Distribution" localCategory="22: Utilities" localSubCategory="2211: Electric Power Generation, Transmission and Distribution" name="Electricity, residual fuel oil, at power plant" location="RNA" unit="MJ" meanValue="8.66196630283294E-4" generalComment="Petroleum (RFO)   – Residual Fuel Oil (includes No. 5 and No. 6 Fuel Oils and Bunker C Fuel Oil)" infrastructureProcess="false">
                <inputGroup>5</inputGroup>
            </exchange>
            <exchange number="11794" category="Technosphere Flows" subCategory="CUTOFF Flows" localCategory="Technosphere Flows" localSubCategory="CUTOFF Flows" name="CUTOFF Electricity, tire derived fuel, at power plant" location="RNA" unit="MJ" meanValue="1.95572171006176E-4" generalComment="Solid Renewable Fuels (Biomass) TDF - tires, tire derived fuel" infrastructureProcess="false">
                <inputGroup>5</inputGroup>
            </exchange>
            <exchange number="15998" category="Technosphere Flows" subCategory="CUTOFF Flows" localCategory="Technosphere Flows" localSubCategory="CUTOFF Flows" name="CUTOFF Electricity, biomass,solid, unspecified, at power plant" location="RNA" unit="MJ" meanValue="2.18427503095388E-4" generalComment="Solid Renewable Fuels (Biomass) OBS – Other Biomass Solid (Animal Manure and Waste, Solid By-products, and other solid biomass not specified)" infrastructureProcess="false">
                <inputGroup>5</inputGroup>
            </exchange>
            <exchange number="10282" category="Technosphere Flows" subCategory="CUTOFF Flows" localCategory="Technosphere Flows" localSubCategory="CUTOFF Flows" name="CUTOFF Electricity, biomass, solid, agriculture by-products, at power plant" location="RNA" unit="MJ" meanValue="1.4768689491243E-5" generalComment="Solid Renewable Fuels (Biomass) AB – Agriculture Crop By-products / Straw / Energy Crops" infrastructureProcess="false">
                <inputGroup>5</inputGroup>
            </exchange>
            <exchange number="3786" category="Technosphere Flows" subCategory="CUTOFF Flows" localCategory="Technosphere Flows" localSubCategory="CUTOFF Flows" name="CUTOFF Electricity, MSW, non-biogenic, at power plant" location="RNA" unit="MJ" meanValue="1.97477028045438E-5" generalComment="Other Fuels MSN – Municipal Solid Waste – Non-biogenic components" infrastructureProcess="false">
                <inputGroup>5</inputGroup>
            </exchange>
            <exchange number="24036" category="Technosphere Flows" subCategory="CUTOFF Flows" localCategory="Technosphere Flows" localSubCategory="CUTOFF Flows" name="CUTOFF Electricity, biomass,liquid, unspecified, at power plant" location="RNA" unit="MJ" meanValue="1.06069913733571E-5" generalComment="Liquid Renewable Fuels (Biomass) OBL  – Other  Biomass Liquid (Ethanol, Fish Oil, Liquid Acetonitrile Waste, Medical Waste, Tall Oil, Waste Alcohol, and other Biomass not specified)" infrastructureProcess="false">
                <inputGroup>5</inputGroup>
            </exchange>
            <exchange number="22476" category="Technosphere Flows" subCategory="CUTOFF Flows" localCategory="Technosphere Flows" localSubCategory="CUTOFF Flows" name="CUTOFF Electricity, biomass, liquid, sludge, at power plant" location="RNA" unit="MJ" meanValue="1.79925859352995E-4" generalComment="Liquid Renewable Fuels (Biomass) SLW - sludge waste" infrastructureProcess="false">
                <inputGroup>5</inputGroup>
            </exchange>
            <exchange number="52112" category="Technosphere Flows" subCategory="CUTOFF Flows" localCategory="Technosphere Flows" localSubCategory="CUTOFF Flows" name="CUTOFF Electricity, petroleum coke, at power plant" location="RNA" unit="MJ" meanValue="0.00178659716283887" generalComment="Petroleum (Other Fossil) PC - petroleum coke" infrastructureProcess="false">
                <inputGroup>5</inputGroup>
            </exchange>
        </flowData>
    </dataset>
</ecoSpold>
