<?xml version="1.0" encoding="UTF-8" standalone="yes"?>
<ecoSpold xmlns="http://www.EcoInvent.org/EcoSpold01">
    <dataset number="100385" generator="openLCA" timestamp="2019-10-15T12:53:00.189-06:00">
        <metaInformation>
            <processInformation>
                <referenceFunction datasetRelatesToProduct="false" name="Corn, production" localName="Corn, production" infrastructureProcess="false" amount="11000.0" unit="kg" category="11: Agriculture, Forestry, Fishing and Hunting" subCategory="1111: Oilseed and Grain Farming" localCategory="11: Agriculture, Forestry, Fishing and Hunting" localSubCategory="1111: Oilseed and Grain Farming"/>
                <geography location="RNA" text="North America"/>
                <technology text="Future technology"/>
                <timePeriod dataValidForEntirePeriod="true" text="2010 and after">
                    <startDate>2009-12-31-07:00</startDate>
                    <endDate>2100-12-30-07:00</endDate>
                </timePeriod>
                <dataSetInformation type="1" impactAssessmentResult="false" timestamp="2019-09-19T13:57:20.324-06:00" version="0.0" internalVersion="0.0" energyValues="0" languageCode="en" localLanguageCode="en"/>
            </processInformation>
            <modellingAndValidation>
                <source number="1788" sourceType="0" firstAuthor="USDA NASS " year="2007" title="unspecified" placeOfPublications="unknown"/>
                <source number="1883" sourceType="0" firstAuthor="Nemecek, T. " year="2007" title="Life Cycle Inventories of Agricultural Production Systems" placeOfPublications="unknown" text="CD-ROM"/>
                <source number="2436" sourceType="0" firstAuthor="Hsu, D. " year="2010" title="Life Cycle Environmental Impacts of Selected U.S. Ethanol Production and Use Pathways in 2022" placeOfPublications="unknown"/>
            </modellingAndValidation>
            <administrativeInformation>
                <dataEntryBy person="1710"/>
                <dataGeneratorAndPublication person="1710" dataPublishedIn="0" referenceToPublishedSource="2436" copyright="false" accessRestrictedTo="0"/>
                <person number="1710" name="Daniel Inman" address="NREL, 1617 Cole Blvd, RSF 200, Golden, CO 80401" telephone="303-384-6845" companyCode="unknown" countryCode="US"/>
            </administrativeInformation>
        </metaInformation>
        <flowData>
            <exchange number="19078" category="11: Agriculture, Forestry, Fishing and Hunting" subCategory="1111: Oilseed and Grain Farming" localCategory="11: Agriculture, Forestry, Fishing and Hunting" localSubCategory="1111: Oilseed and Grain Farming" name="Corn, production" location="RNA" unit="kg" meanValue="11000.0" infrastructureProcess="false">
                <outputGroup>0</outputGroup>
            </exchange>
            <exchange number="40014" category="Technosphere Flows" subCategory="CUTOFF Flows" localCategory="Technosphere Flows" localSubCategory="CUTOFF Flows" name="CUTOFF Planting" location="RNA" unit="m2" meanValue="1.0" generalComment="All area planted to corn. Data from  NASS 2006: http://www.nass.usda.gov/QuickStats/index2.jsp  &#xA;Verified 10/14/08." infrastructureProcess="false">
                <inputGroup>5</inputGroup>
            </exchange>
            <exchange number="27558" category="resource" subCategory="in air" localCategory="resource" localSubCategory="in air" name="Carbon dioxide, in air" unit="kg" meanValue="15300.0" generalComment="Carbon balance, based on dry corn being 44.6% C. Phyllis Database: http://www.ecn.nl/phyllis/dataTable.asp &#xA;Verified 10/14/08. This value is adjusted for 15.5% moisture in the grain at harvest." infrastructureProcess="false">
                <inputGroup>4</inputGroup>
            </exchange>
            <exchange number="31290" category="Technosphere Flows" subCategory="CUTOFF Flows" localCategory="Technosphere Flows" localSubCategory="CUTOFF Flows" name="CUTOFF Irrigating" location="RNA" unit="m3" meanValue="384.0" generalComment="Cubic meters of water applied as irrigation during the growing season. This water use is consumptive. Assumeing 15 percent of corn acres are irrigated. Data from NASS 2002. USDA NASS. 2002. Census of Agriculture: Farm and Ranch Irrigation Survey. Table 28. Available online: http://www.agcensus.usda.gov/Publications/2002/FRIS/tables/fris03_28.pdf &#xA;Verified 10/14/08. A factor of 0.7 has been applied to account for consumptive water use (ANL repot)" infrastructureProcess="false">
                <inputGroup>5</inputGroup>
            </exchange>
            <exchange number="27168" category="resource" subCategory="land" localCategory="resource" localSubCategory="land" name="Occupation, arable" unit="m2" meanValue="0.58" generalComment="Area based on 2022 adjusted yield. Occupation is amortized for the duration of growing the crop, 7 months (0.58 yr) was used. Yield data are extrapolated from: USDA NASS corn data 1964 - 2007. Available online: http://www.nass.usda.gov/QuickStats &#xA;Verified 10/14/08" infrastructureProcess="false">
                <inputGroup>4</inputGroup>
            </exchange>
            <exchange number="22958" category="11: Agriculture, Forestry, Fishing and Hunting" subCategory="1151: Support Activities for Crop Production" localCategory="11: Agriculture, Forestry, Fishing and Hunting" localSubCategory="1151: Support Activities for Crop Production" name="Harvest, corn, single pass" location="RNA" unit="m2" meanValue="0.685" generalComment="single pass harvester is scaled because of the additional materials (grian and stover) processed. 1 ha single pass harvest is scaled to 1.46 ha. The .46 is attributed to stover (31.5%) the rest is grain." infrastructureProcess="false">
                <inputGroup>5</inputGroup>
            </exchange>
            <exchange number="43397" category="resource" subCategory="land" localCategory="resource" localSubCategory="land" name="Transformation, to arable" unit="m2" meanValue="1.0" infrastructureProcess="false">
                <inputGroup>4</inputGroup>
            </exchange>
            <exchange number="18050" category="11: Agriculture, Forestry, Fishing and Hunting" subCategory="1151: Support Activities for Crop Production" localCategory="11: Agriculture, Forestry, Fishing and Hunting" localSubCategory="1151: Support Activities for Crop Production" name="Tillage, reduce, corn production" location="RNA" unit="m2" meanValue="0.242" generalComment="24.2% of corn area is &quot;reduced tilled&quot;. Data from: Conservation Technology Information Center. 2007. Amendment to the National Crop Residue Management Survey." infrastructureProcess="false">
                <inputGroup>5</inputGroup>
            </exchange>
            <exchange number="4138" category="11: Agriculture, Forestry, Fishing and Hunting" subCategory="1151: Support Activities for Crop Production" localCategory="11: Agriculture, Forestry, Fishing and Hunting" localSubCategory="1151: Support Activities for Crop Production" name="Tillage, intensive, corn production" location="RNA" unit="m2" meanValue="0.354" generalComment="35.4% of corn area is &quot;intensively tilled&quot;. Data from: Conservation Technology Information Center. 2007. Amendment to the National Crop Residue Management Survey." infrastructureProcess="false">
                <inputGroup>5</inputGroup>
            </exchange>
            <exchange number="48985" category="11: Agriculture, Forestry, Fishing and Hunting" subCategory="1151: Support Activities for Crop Production" localCategory="11: Agriculture, Forestry, Fishing and Hunting" localSubCategory="1151: Support Activities for Crop Production" name="Fertilizer, corn" location="RNA" unit="m2" meanValue="1.0" generalComment="Fertilizer data from: USDA NASS 2006. Agricultural Chemical Usage 2005 Field Crops Summary. Page 8." infrastructureProcess="false">
                <inputGroup>5</inputGroup>
            </exchange>
            <exchange number="30136" category="resource" subCategory="land" localCategory="resource" localSubCategory="land" name="Seed corn" unit="kg" meanValue="22.8" generalComment="Mean seeding rate for corn (30,000 plants per acre) in kg per ha, not adjusted for germination. Pioneer Seeds: Doerge and Imholte. Crop Insights 15(5) Available online: http://www.pioneer.com/web/site/portal/menuitem.8da514bd9c4d58de3c3d48e7d10093a0/  &#xA;Verified 10/14/08. A factor of 10% was applied to account for germination (30,000 p/ac)." infrastructureProcess="false">
                <inputGroup>4</inputGroup>
            </exchange>
            <exchange number="30960" category="resource" subCategory="land" localCategory="resource" localSubCategory="land" name="Transformation, from arable" unit="m2" meanValue="1.0" generalComment="Transformation of land to and from cancel out because new area was not used in this base case (2007-data). Transformation reflects the total land area used for production for the duration of 1 year (EcoInvent 2.0 manual). Planting data extrapolated from USDA ERS. 2008. USDA Lon-term crop projections." infrastructureProcess="false">
                <inputGroup>4</inputGroup>
            </exchange>
            <exchange number="38844" category="11: Agriculture, Forestry, Fishing and Hunting" subCategory="1151: Support Activities for Crop Production" localCategory="11: Agriculture, Forestry, Fishing and Hunting" localSubCategory="1151: Support Activities for Crop Production" name="Tillage, conservation, corn production" location="RNA" unit="m2" meanValue="0.404" generalComment="40.4% of corn area is &quot;conservatively tilled&quot;. Data from: Conservation Technology Information Center. 2007. Amendment to the National Crop Residue Management Survey." infrastructureProcess="false">
                <inputGroup>5</inputGroup>
            </exchange>
            <exchange number="22678" category="Elementary Flows" localCategory="Elementary Flows" name="Energy, from biomass" unit="MJ" meanValue="164000.0" generalComment="LHV for corn stover, data from Phyllis database http://www.ecn.nl/phyllis/ &#xA;Verified 10/14/08" infrastructureProcess="false">
                <inputGroup>4</inputGroup>
            </exchange>
            <exchange number="28856" category="11: Agriculture, Forestry, Fishing and Hunting" subCategory="1151: Support Activities for Crop Production" localCategory="11: Agriculture, Forestry, Fishing and Hunting" localSubCategory="1151: Support Activities for Crop Production" name="Pesticide, corn" location="RNA" unit="m2" meanValue="1.0" generalComment="Transformation of land to and from cancel out because new area was not used in this base case (2007-data). Transformation reflects the total land area used for production for the duration of 1 year (EcoInvent 2.0 manual) Planting data extrapolated from USDA ERS. 2008. USDA Lon-term crop projections." infrastructureProcess="false">
                <inputGroup>5</inputGroup>
            </exchange>
        </flowData>
    </dataset>
</ecoSpold>
