<?xml version="1.0" encoding="UTF-8" standalone="yes"?>
<ecoSpold xmlns="http://www.EcoInvent.org/EcoSpold01">
    <dataset number="112173" generator="openLCA" timestamp="2019-10-15T12:53:01.495-06:00">
        <metaInformation>
            <processInformation>
                <referenceFunction datasetRelatesToProduct="false" name="Natural gas, at extraction, coal bed methane, kg" localName="Natural gas, at extraction, coal bed methane, kg" infrastructureProcess="false" amount="1.0" unit="kg" category="21: Mining, Quarrying, and Oil and Gas Extraction" subCategory="2111: Oil and Gas Extraction" localCategory="21: Mining, Quarrying, and Oil and Gas Extraction" localSubCategory="2111: Oil and Gas Extraction" generalComment="NETL LCA Unit Process Library, Natural gas extraction processes 2010. Natural gas can be recovered from coal seams using horizontal drilling. Coalbed methane (CBM) was first extracted from coal mines as a safety measure to reduce the explosion hazard posed by methane gas in the mines. Deeper coal formations might require hydraulic fracturing to release the natural gas. The development of a well for coal bed methane requires horizontal drilling followed by a depressurization period during which naturally-occurring water is discharged from the coal seam. There are viable coal bed methane deposits nationwide, but the majority of CBM production occurs in the Rocky Mountain region (ALL Consulting, 2004). "/>
                <geography location="US" text=""/>
                <technology text="Unconventional natural gas extraction"/>
                <timePeriod dataValidForEntirePeriod="true" text="">
                    <startDate>2013-12-31-07:00</startDate>
                    <endDate>2014-11-30-07:00</endDate>
                </timePeriod>
                <dataSetInformation type="1" impactAssessmentResult="false" timestamp="2019-10-02T11:13:46.151-06:00" version="0.0" internalVersion="0.0" energyValues="0" languageCode="en" localLanguageCode="en"/>
            </processInformation>
            <modellingAndValidation>
                <representativeness samplingProcedure="BOUNDARY CONDITIONS: The scope of this unit process encompasses the energy inputs and material outputs for the extraction of natural gas from coalbed methane. The inputs to this unit process are natural gas, ground water, and surface water. These three inputs are natural resources and thus enter the boundary of this unit process with no upstream environmental burdens. The output of this unit process is dehydrated natural gas that is suitable for pipeline transport and subsequent processing steps. In addition to resource inputs and outputs that are used by downstream unit processes, this unit process also accounts for environmental emissions to air and water but does not track wastewater. &#xD;&#xA;DATA COLLECTION: NETL LCA Unit Process Library, Natural gas extraction processes 2010.&#xD;&#xA;UNCERTAINTY ESTIMATION: No uncertainty analysis was carried out due to the lack of uncertainty data or probability distributions for key parameters, which are often only available as single point estimates from NETL."/>
                <source number="107116" sourceType="0" firstAuthor="US EIA, 2017a" placeOfPublications="unknown" text="Natural Gas Anuual 2017"/>
                <validation proofReadingDetails="Internal review of data entry proofreading, mass balance verification and data documentation." proofReadingValidator="1681"/>
            </modellingAndValidation>
            <administrativeInformation>
                <dataEntryBy person="1681"/>
                <dataGeneratorAndPublication person="1681" dataPublishedIn="0" copyright="false" accessRestrictedTo="0"/>
                <person number="1681" name="Franklin Associates, A Division of ERG" address="11050 Roe Ave., 66211 Overland Park, KS" telephone="(913) 649-2225" telefax="(913) 649-6494" email="FranklinAssociates@ERG.com" companyCode="unknown"/>
            </administrativeInformation>
        </metaInformation>
        <flowData>
            <exchange number="107133" category="21: Mining, Quarrying, and Oil and Gas Extraction" subCategory="2111: Oil and Gas Extraction" localCategory="21: Mining, Quarrying, and Oil and Gas Extraction" localSubCategory="2111: Oil and Gas Extraction" name="Natural gas, at extraction, coal bed methane, kg" location="US" unit="kg" meanValue="1.0" generalComment="Data from NETL 2014" infrastructureProcess="false">
                <outputGroup>0</outputGroup>
            </exchange>
            <exchange number="36670" category="Emission to air" subCategory="unspecified" localCategory="Emission to air" localSubCategory="unspecified" CASNumber="000074-82-8" name="Methane" unit="kg" meanValue="0.00156" formula="CH4" generalComment="Data from NETL 2014" infrastructureProcess="false">
                <outputGroup>4</outputGroup>
            </exchange>
            <exchange number="21238" category="Emission to water" subCategory="ocean" localCategory="Emission to water" localSubCategory="ocean" CASNumber="000071-52-3" name="Hydrogen carbonate" unit="kg" meanValue="0.0252" formula="HCO3-" generalComment="Data from NETL 2014" infrastructureProcess="false">
                <outputGroup>4</outputGroup>
            </exchange>
            <exchange number="42065" category="Emission to water" subCategory="unspecified" localCategory="Emission to water" localSubCategory="unspecified" name="Dissolved solids" unit="kg" meanValue="0.0508" generalComment="Data from NETL 2014" infrastructureProcess="false">
                <outputGroup>4</outputGroup>
            </exchange>
            <exchange number="5052" category="Emission to air" subCategory="unspecified" localCategory="Emission to air" localSubCategory="unspecified" CASNumber="000630-08-0" name="Carbon monoxide" unit="kg" meanValue="2.96E-4" formula="CO" generalComment="Data from NETL 2014" infrastructureProcess="false">
                <outputGroup>4</outputGroup>
            </exchange>
            <exchange number="46651" category="Emission to water" subCategory="unspecified" localCategory="Emission to water" localSubCategory="unspecified" CASNumber="016887-00-6" name="Chloride" unit="kg" meanValue="0.0124" formula="Cl-" generalComment="Data from NETL 2014" infrastructureProcess="false">
                <outputGroup>4</outputGroup>
            </exchange>
            <exchange number="32554" category="Emission to air" subCategory="unspecified" localCategory="Emission to air" localSubCategory="unspecified" CASNumber="010024-97-2" name="Dinitrogen monoxide" unit="kg" meanValue="1.05E-7" formula="N2O" generalComment="Data from NETL 2014" infrastructureProcess="false">
                <outputGroup>4</outputGroup>
            </exchange>
            <exchange number="35044" category="Emission to water" subCategory="unspecified" localCategory="Emission to water" localSubCategory="unspecified" CASNumber="017341-25-2" name="Sodium" unit="kg" meanValue="0.0119" formula="Na" generalComment="Data from NETL 2014" infrastructureProcess="false">
                <outputGroup>4</outputGroup>
            </exchange>
            <exchange number="107168" category="Technosphere Flows" subCategory="CUTOFF Flows" localCategory="Technosphere Flows" localSubCategory="CUTOFF Flows" name="CUTOFF Disposal, solid waste, unspecified" unit="kg" meanValue="0.0247" generalComment="Solid waste to landfill. Data from NETL 2014" infrastructureProcess="false">
                <outputGroup>3</outputGroup>
            </exchange>
            <exchange number="9574" category="Emission to water" subCategory="unspecified" localCategory="Emission to water" localSubCategory="unspecified" CASNumber="007440-70-2" name="Calcium" unit="kg" meanValue="6.16E-4" formula="Ca" generalComment="Data from NETL 2014" infrastructureProcess="false">
                <outputGroup>4</outputGroup>
            </exchange>
            <exchange number="7374" category="Emission to air" subCategory="unspecified" localCategory="Emission to air" localSubCategory="unspecified" CASNumber="000124-38-9" name="Carbon dioxide" unit="kg" meanValue="0.112" formula="CO2" generalComment="Data from NETL 2014" infrastructureProcess="false">
                <outputGroup>4</outputGroup>
            </exchange>
            <exchange number="17066" category="22: Utilities" subCategory="2213: Water, Sewage and Other Systems" localCategory="22: Utilities" localSubCategory="2213: Water, Sewage and Other Systems" name="Natural gas, combusted in industrial boiler" location="RNA" unit="m3" meanValue="0.056597" generalComment="Data from NETL 2014" infrastructureProcess="false">
                <inputGroup>5</inputGroup>
            </exchange>
            <exchange number="28358" category="Emission to water" subCategory="unspecified" localCategory="Emission to water" localSubCategory="unspecified" CASNumber="014808-79-8" name="Sulfate" unit="kg" meanValue="5.0E-5" formula="SO4 --" generalComment="Data from NETL 2014" infrastructureProcess="false">
                <outputGroup>4</outputGroup>
            </exchange>
            <exchange number="10936" category="Emission to air" subCategory="unspecified" localCategory="Emission to air" localSubCategory="unspecified" name="Particulates, &lt; 10 um" unit="kg" meanValue="9.32E-6" formula="PM10" generalComment="Data from NETL 2014. Represents PM &gt; 2.5 and &lt;10." infrastructureProcess="false">
                <outputGroup>4</outputGroup>
            </exchange>
            <exchange number="50147" category="Emission to air" subCategory="unspecified" localCategory="Emission to air" localSubCategory="unspecified" CASNumber="007446-09-5" name="Sulfur dioxide" unit="kg" meanValue="5.49E-7" formula="SOx as SO2" generalComment="Data from NETL 2014" infrastructureProcess="false">
                <outputGroup>4</outputGroup>
            </exchange>
            <exchange number="6418" category="Emission to air" subCategory="unspecified" localCategory="Emission to air" localSubCategory="unspecified" name="NMVOC, non-methane volatile organic compounds, unspecified origin" unit="kg" meanValue="1.1E-4" generalComment="Data from NETL 2014" infrastructureProcess="false">
                <outputGroup>4</outputGroup>
            </exchange>
            <exchange number="35114" category="Emission to air" subCategory="unspecified" localCategory="Emission to air" localSubCategory="unspecified" CASNumber="007440-39-3" name="Barium" unit="kg" meanValue="0.00356" formula="Ba" generalComment="Data from NETL 2014" infrastructureProcess="false">
                <outputGroup>4</outputGroup>
            </exchange>
            <exchange number="8612" category="Emission to water" subCategory="unspecified" localCategory="Emission to water" localSubCategory="unspecified" CASNumber="007439-95-4" name="Magnesium" unit="kg" meanValue="2.03E-4" formula="Mg" generalComment="Data from NETL 2014" infrastructureProcess="false">
                <outputGroup>4</outputGroup>
            </exchange>
            <exchange number="8936" category="Emission to water" subCategory="unspecified" localCategory="Emission to water" localSubCategory="unspecified" CASNumber="007439-96-5" name="Manganese" unit="kg" meanValue="1.84E-4" formula="Mn" generalComment="Data from NETL 2014" infrastructureProcess="false">
                <outputGroup>4</outputGroup>
            </exchange>
            <exchange number="47227" category="Emission to air" subCategory="unspecified" localCategory="Emission to air" localSubCategory="unspecified" CASNumber="011104-93-1" name="Nitrogen oxides" unit="kg" meanValue="0.00381" formula="NOx as NO2" generalComment="Data from NETL 2014" infrastructureProcess="false">
                <outputGroup>4</outputGroup>
            </exchange>
        </flowData>
    </dataset>
</ecoSpold>
