<?xml version="1.0" encoding="UTF-8" standalone="yes"?>
<ecoSpold xmlns="http://www.EcoInvent.org/EcoSpold01">
    <dataset number="92032" generator="openLCA" timestamp="2019-10-15T12:53:02.916-06:00">
        <metaInformation>
            <processInformation>
                <referenceFunction datasetRelatesToProduct="false" name="Wood, particleboard, generated onsite, combusted in industrial boiler" localName="Wood, particleboard, generated onsite, combusted in industrial boiler" infrastructureProcess="false" amount="1.0" unit="kg" category="22: Utilities" subCategory="2213: Water, Sewage and Other Systems" localCategory="22: Utilities" localSubCategory="2213: Water, Sewage and Other Systems" generalComment="Important note: although most of the data in the US LCI database has &#xA;undergone some sort of review, the database as a whole has not yet &#xA;undergone a formal validation process.&#xA;Please email comments to lci@nrel.gov."/>
                <geography location="RNA" text="US"/>
                <technology text="This process is a copy of the FAL &quot;Wood into industrial boilers&quot; for which (1) the wood input was changed to fuel wood generated at NE-NC sawmills; (2) wood weight is expressed on oven dry basis; and (3) waste flow is changed to waste treatment input."/>
                <timePeriod dataValidForEntirePeriod="true">
                    <startDate>1994-12-31-07:00</startDate>
                    <endDate>1998-12-31-07:00</endDate>
                </timePeriod>
                <dataSetInformation type="1" impactAssessmentResult="false" timestamp="2019-07-22T15:23:23.513-06:00" version="0.0" internalVersion="0.0" energyValues="0" languageCode="en" localLanguageCode="en"/>
            </processInformation>
            <modellingAndValidation>
                <source number="1774" sourceType="0" firstAuthor="Combustion Engineering Inc. " year="1981" title="Combustion Power Systems. Third Edition, Combustion Engineering Inc. " placeOfPublications="unknown"/>
                <source number="1792" sourceType="0" firstAuthor="U.S. DoE " year="1981" title="Technology Characterizations, Environmental Information Handbook.  2nd Ed.  " placeOfPublications="unknown"/>
                <source number="1968" sourceType="0" firstAuthor="Maureen Puettmann " year="2009" title="SimaPro working files for resins and non structural panels" placeOfPublications="unknown"/>
                <source number="2067" sourceType="0" firstAuthor="Sassenrath, Charles P " year="1991" title="Air Toxic Emissions from Wood Fired Boilers.  TAPPI Environmental Conference. " placeOfPublications="unknown"/>
                <source number="2136" sourceType="0" firstAuthor="Argonne National Laboratory  " year="1990" title="Environmental Consequenses of, and Control Processes for, Energy Technologies.  " placeOfPublications="unknown"/>
                <source number="2202" sourceType="0" firstAuthor="U.S. EPA " year="2001" title="External Combustion Sources. Sec 1.6 - Wood Residues Combustion in Boilers Sup G" placeOfPublications="unknown"/>
                <source number="2211" sourceType="0" firstAuthor="Franklin Associates " year="2004" title="Data Details for Wood Combustion" placeOfPublications="unknown"/>
                <source number="2350" sourceType="0" firstAuthor="Kaminski, Paul " year="9999" title="Industrial Wood-fired Boiler Optimization and Emissions Compliance" placeOfPublications="unknown"/>
            </modellingAndValidation>
            <administrativeInformation>
                <dataEntryBy person="1719"/>
                <dataGeneratorAndPublication person="1719" dataPublishedIn="0" referenceToPublishedSource="2211" copyright="false" accessRestrictedTo="0"/>
                <person number="1719" name="Maureen Puettmann" address="8200 NW Chaparral Drive, Corvallis, OR  97330" telephone="541-231-2627" email="mpuettma@pacifier.com" companyCode="unknown" countryCode="US"/>
            </administrativeInformation>
        </metaInformation>
        <flowData>
            <exchange number="30754" category="22: Utilities" subCategory="2213: Water, Sewage and Other Systems" localCategory="22: Utilities" localSubCategory="2213: Water, Sewage and Other Systems" name="Wood, particleboard, generated onsite, combusted in industrial boiler" location="RNA" unit="kg" meanValue="1.0" generalComment="Weight reported on an ovendry basis. Assumes the actual moisture content is 100% ovendry basis.  This assumption is very uncertain." infrastructureProcess="false">
                <outputGroup>0</outputGroup>
            </exchange>
            <exchange number="47837" category="air" subCategory="unspecified" localCategory="air" localSubCategory="unspecified" name="Arsenic" unit="kg" meanValue="8.8E-8" infrastructureProcess="false">
                <outputGroup>4</outputGroup>
            </exchange>
            <exchange number="3128" category="Emission to air" subCategory="unspecified" localCategory="Emission to air" localSubCategory="unspecified" CASNumber="007439-92-1" name="Lead" unit="kg" meanValue="1.2E-6" formula="Pb" infrastructureProcess="false">
                <outputGroup>4</outputGroup>
            </exchange>
            <exchange number="33400" category="air" subCategory="unspecified" localCategory="air" localSubCategory="unspecified" name="Potassium" unit="kg" meanValue="7.8E-4" infrastructureProcess="false">
                <outputGroup>4</outputGroup>
            </exchange>
            <exchange number="6772" category="31-33: Manufacturing" subCategory="3212: Veneer, Plywood, and Engineered Wood Product Manufacturing" localCategory="31-33: Manufacturing" localSubCategory="3212: Veneer, Plywood, and Engineered Wood Product Manufacturing" name="Wood fuel, hogfuel, particleboard mill" location="RNA" unit="kg" meanValue="0.0741" generalComment="Weight reported on an ovendry basis." infrastructureProcess="false">
                <inputGroup>5</inputGroup>
            </exchange>
            <exchange number="10812" category="air" subCategory="unspecified" localCategory="air" localSubCategory="unspecified" name="Naphthalene" unit="kg" meanValue="2.4E-6" infrastructureProcess="false">
                <outputGroup>4</outputGroup>
            </exchange>
            <exchange number="11580" category="air" subCategory="unspecified" localCategory="air" localSubCategory="unspecified" name="Barium" unit="kg" meanValue="4.4E-6" infrastructureProcess="false">
                <outputGroup>4</outputGroup>
            </exchange>
            <exchange number="5626" category="air" subCategory="unspecified" localCategory="air" localSubCategory="unspecified" name="Manganese" unit="kg" meanValue="9.0E-6" infrastructureProcess="false">
                <outputGroup>4</outputGroup>
            </exchange>
            <exchange number="34566" category="Technosphere Flows" subCategory="CUTOFF Flows" localCategory="Technosphere Flows" localSubCategory="CUTOFF Flows" name="CUTOFF Disposal, solid waste, unspecified, to unspecified treatment" location="RNA" unit="kg" meanValue="0.09" infrastructureProcess="false">
                <inputGroup>5</inputGroup>
            </exchange>
            <exchange number="29662" category="Emission to air" subCategory="unspecified" localCategory="Emission to air" localSubCategory="unspecified" CASNumber="007440-02-0" name="Nickel" unit="kg" meanValue="5.6E-7" formula="Ni" infrastructureProcess="false">
                <outputGroup>4</outputGroup>
            </exchange>
            <exchange number="18302" category="air" subCategory="unspecified" localCategory="air" localSubCategory="unspecified" name="Iron" unit="kg" meanValue="4.4E-6" infrastructureProcess="false">
                <outputGroup>4</outputGroup>
            </exchange>
            <exchange number="39828" category="air" subCategory="unspecified" localCategory="air" localSubCategory="unspecified" name="Organic substances, unspecified" unit="kg" meanValue="1.66E-4" infrastructureProcess="false">
                <outputGroup>4</outputGroup>
            </exchange>
            <exchange number="38136" category="air" subCategory="unspecified" localCategory="air" localSubCategory="unspecified" name="Benzene" unit="kg" meanValue="3.6E-6" infrastructureProcess="false">
                <outputGroup>4</outputGroup>
            </exchange>
            <exchange number="18066" category="air" subCategory="unspecified" localCategory="air" localSubCategory="unspecified" name="Sodium" unit="kg" meanValue="1.8E-5" infrastructureProcess="false">
                <outputGroup>4</outputGroup>
            </exchange>
            <exchange number="47227" category="Emission to air" subCategory="unspecified" localCategory="Emission to air" localSubCategory="unspecified" CASNumber="011104-93-1" name="Nitrogen oxides" unit="kg" meanValue="0.0015" formula="NOx as NO2" infrastructureProcess="false">
                <outputGroup>4</outputGroup>
            </exchange>
            <exchange number="25564" category="Emission to air" subCategory="unspecified" localCategory="Emission to air" localSubCategory="unspecified" name="Sulfur oxides" unit="kg" meanValue="7.6E-5" infrastructureProcess="false">
                <outputGroup>4</outputGroup>
            </exchange>
            <exchange number="24476" category="air" subCategory="unspecified" localCategory="air" localSubCategory="unspecified" name="Formaldehyde" unit="kg" meanValue="6.6E-6" infrastructureProcess="false">
                <outputGroup>4</outputGroup>
            </exchange>
            <exchange number="36064" category="air" subCategory="unspecified" localCategory="air" localSubCategory="unspecified" name="Phenol" unit="kg" meanValue="4.0E-5" infrastructureProcess="false">
                <outputGroup>4</outputGroup>
            </exchange>
            <exchange number="33952" category="air" subCategory="unspecified" localCategory="air" localSubCategory="unspecified" name="Particulates, &lt; 10 um " unit="kg" meanValue="1.7E-4" infrastructureProcess="false">
                <outputGroup>4</outputGroup>
            </exchange>
            <exchange number="48453" category="air" subCategory="unspecified" localCategory="air" localSubCategory="unspecified" name="Chlorine" unit="kg" meanValue="7.8E-6" infrastructureProcess="false">
                <outputGroup>4</outputGroup>
            </exchange>
            <exchange number="15224" category="Emission to air" subCategory="unspecified" localCategory="Emission to air" localSubCategory="unspecified" CASNumber="007440-47-3" name="Chromium" unit="kg" meanValue="4.6E-8" formula="Cr" infrastructureProcess="false">
                <outputGroup>4</outputGroup>
            </exchange>
            <exchange number="13314" category="Emission to air" subCategory="unspecified" localCategory="Emission to air" localSubCategory="unspecified" CASNumber="007440-66-6" name="Zinc" unit="kg" meanValue="4.4E-6" formula="Zn" infrastructureProcess="false">
                <outputGroup>4</outputGroup>
            </exchange>
            <exchange number="5052" category="Emission to air" subCategory="unspecified" localCategory="Emission to air" localSubCategory="unspecified" CASNumber="000630-08-0" name="Carbon monoxide" unit="kg" meanValue="0.0136" formula="CO" infrastructureProcess="false">
                <outputGroup>4</outputGroup>
            </exchange>
            <exchange number="5242" category="air" subCategory="unspecified" localCategory="air" localSubCategory="unspecified" name="Acetaldehyde" unit="kg" meanValue="3.0E-6" infrastructureProcess="false">
                <outputGroup>4</outputGroup>
            </exchange>
            <exchange number="5250" category="31-33: Manufacturing" subCategory="3212: Veneer, Plywood, and Engineered Wood Product Manufacturing" localCategory="31-33: Manufacturing" localSubCategory="3212: Veneer, Plywood, and Engineered Wood Product Manufacturing" name="Wood fuel, sanderdust, particleboard mill" location="RNA" unit="kg" meanValue="0.9259" generalComment="Weight reported on an ovendry basis." infrastructureProcess="false">
                <inputGroup>5</inputGroup>
            </exchange>
            <exchange number="17536" category="air" subCategory="unspecified" localCategory="air" localSubCategory="unspecified" name="Carbon dioxide, biogenic" unit="kg" meanValue="2.1" infrastructureProcess="false">
                <outputGroup>4</outputGroup>
            </exchange>
        </flowData>
    </dataset>
</ecoSpold>
