<?xml version="1.0" encoding="UTF-8" standalone="yes"?>
<ecoSpold xmlns="http://www.EcoInvent.org/EcoSpold01">
    <dataset number="91165" generator="openLCA" timestamp="2019-10-15T12:53:04.778-06:00">
        <metaInformation>
            <processInformation>
                <referenceFunction datasetRelatesToProduct="false" name="Electricity, at grid" localName="Electricity, at grid" infrastructureProcess="false" amount="1.0" unit="MJ" category="22: Utilities" subCategory="2211: Electric Power Generation, Transmission and Distribution" localCategory="22: Utilities" localSubCategory="2211: Electric Power Generation, Transmission and Distribution" generalComment="The methodology used to put together the grid information is outlined in reference 1.  "/>
                <geography location="RNA" text="Southwest US (Arizona and New Mexico and small portions of southern California, southern Nevada and western Texas. )"/>
                <technology text="Typical"/>
                <timePeriod dataValidForEntirePeriod="true">
                    <startDate>2007-12-31-07:00</startDate>
                    <endDate>2007-12-31-07:00</endDate>
                </timePeriod>
                <dataSetInformation type="1" impactAssessmentResult="false" timestamp="2019-08-13T12:54:39.800-06:00" version="0.0" internalVersion="0.0" energyValues="0" languageCode="en" localLanguageCode="en"/>
            </processInformation>
            <modellingAndValidation>
                <representativeness samplingProcedure="based on EIA electricity reports for all power plants in the US."/>
                <source number="1780" sourceType="0" firstAuthor="EIA " year="2010" title="EIA – Electricity  Data home page " placeOfPublications="unknown"/>
                <source number="1781" sourceType="0" firstAuthor="EIA " year="2010" title="EIA - Electric Power Annual summary " placeOfPublications="unknown"/>
                <source number="1793" sourceType="0" firstAuthor="EIA " year="2006" title="EIA - Notes and Sources for Table 1.5 for International Energy Annual 2006" placeOfPublications="unknown"/>
                <source number="1823" sourceType="0" firstAuthor="Chris Goemans, Athena Institute " year="2010" title="NREL US LCI Database – N.A. Electricity Generation by Fuel Type Update &amp; Template Methodology" placeOfPublications="unknown"/>
                <source number="1890" sourceType="0" firstAuthor="US DOE " year="2008" title="US DOE :: Country Energy Balance – Mexico " placeOfPublications="unknown"/>
                <source number="1905" sourceType="0" firstAuthor="International Energy Agency " year="2005" title="IEA Statistics for Electricity/Heat in Mexico in 2005 " placeOfPublications="unknown"/>
                <source number="2021" sourceType="0" firstAuthor="Statistics Canada " year="2007" title="Electric Power Generation, Transmission and Distribution #57-202-XWE" placeOfPublications="unknown"/>
                <source number="2023" sourceType="0" firstAuthor="EIA " year="2010" title="EIA – State Energy Profiles " placeOfPublications="unknown"/>
                <source number="2029" sourceType="0" firstAuthor="Statistics Canada " year="2010" title="Statistics Canada :: Electric Power Generation, Transmission and " placeOfPublications="unknown"/>
                <source number="2049" sourceType="0" firstAuthor="EIA " year="2010" title="EIA –State Data Tables " placeOfPublications="unknown"/>
                <source number="2057" sourceType="0" firstAuthor="EIA " year="2010" title="EIA –Electricity Data Tables " placeOfPublications="unknown"/>
                <source number="2058" sourceType="0" firstAuthor="US DOE " year="2010" title="U.S. Electricity Imports from and Electricity Exports to Canada and Mexico" placeOfPublications="unknown"/>
                <source number="2070" sourceType="0" firstAuthor="EIA " year="2009" title="EIA - Supply and Disposition of Electricity" placeOfPublications="unknown"/>
                <source number="2129" sourceType="0" firstAuthor="USEPA " year="2010" title="EPA - eGRID" placeOfPublications="unknown"/>
                <source number="2178" sourceType="0" firstAuthor="Statistics Canada " year="2010" title="CANSIM tables used for Stats Can Report on Energy Supply and Demand in Canada " placeOfPublications="unknown"/>
                <source number="2203" sourceType="0" firstAuthor="unspecified " year="2010" title="North American Electric Reliability Corporation (NERC) " placeOfPublications="unknown"/>
                <source number="2248" sourceType="0" firstAuthor="Statistics Canada " year="2010" title="Statistics Canada :: Report on Energy Supply and Demand in Canada " placeOfPublications="unknown"/>
                <source number="2250" sourceType="0" firstAuthor="EIA " year="2010" title="EIA – State Electricity Profiles " placeOfPublications="unknown"/>
                <source number="2252" sourceType="0" firstAuthor="EIA " year="2008" title="EIA – State Electricity Profile PDF Report (2008) " placeOfPublications="unknown"/>
                <source number="2308" sourceType="0" firstAuthor="EIA " year="2008" title="EIA - Annual Energy Review " placeOfPublications="unknown"/>
                <source number="2311" sourceType="0" firstAuthor="Statistics Canada " year="2010" title="Energy Statistics Handbook " placeOfPublications="unknown"/>
                <source number="2416" sourceType="0" firstAuthor="USEPA " year="2010" title="Power Profiler" placeOfPublications="unknown"/>
                <source number="2430" sourceType="0" firstAuthor="Statistics Canada " year="2008" title=" Report on Energy Supply and Demand in Canada #57-003-XWE" placeOfPublications="unknown"/>
                <source number="2446" sourceType="0" firstAuthor="EIA " year="2008" title="EIA - Electrical Power Summary" placeOfPublications="unknown"/>
            </modellingAndValidation>
            <administrativeInformation>
                <dataEntryBy person="1731"/>
                <dataGeneratorAndPublication person="1731" dataPublishedIn="0" referenceToPublishedSource="1823" copyright="false" accessRestrictedTo="0"/>
                <person number="1731" name="Alberta Carpenter" address="1617 Denver West Blvd, MS RSF 202, Golden, CO 80401" telephone="303.275.4232" email="alberta.carpenter@nrel.gov" companyCode="unknown" countryCode="US"/>
            </administrativeInformation>
        </metaInformation>
        <flowData>
            <exchange number="35868" category="22: Utilities" subCategory="2211: Electric Power Generation, Transmission and Distribution" localCategory="22: Utilities" localSubCategory="2211: Electric Power Generation, Transmission and Distribution" name="Electricity, at grid" location="RNA" unit="MJ" meanValue="1.0" infrastructureProcess="false">
                <outputGroup>0</outputGroup>
            </exchange>
            <exchange number="52112" category="Technosphere Flows" subCategory="CUTOFF Flows" localCategory="Technosphere Flows" localSubCategory="CUTOFF Flows" name="CUTOFF Electricity, petroleum coke, at power plant" location="RNA" unit="MJ" meanValue="1.3740375354342E-5" generalComment="Petroleum (Other Fossil) PC  – Petroleum Coke" infrastructureProcess="false">
                <inputGroup>5</inputGroup>
            </exchange>
            <exchange number="38678" category="Technosphere Flows" subCategory="CUTOFF Flows" localCategory="Technosphere Flows" localSubCategory="CUTOFF Flows" name="CUTOFF Electricity, solar, unspecified, at power plant" location="RNA" unit="MJ" meanValue="0.00107146874795869" generalComment="Solar (Photovoltaic, Thermal)" infrastructureProcess="false">
                <inputGroup>5</inputGroup>
            </exchange>
            <exchange number="28592" category="Technosphere Flows" subCategory="CUTOFF Flows" localCategory="Technosphere Flows" localSubCategory="CUTOFF Flows" name="CUTOFF Electricity, biomass, gas, landfill, at power plant" location="RNA" unit="MJ" meanValue="1.19549158343245E-4" generalComment="Gaseous Renewable Fuels (Biomass) LFG - Landfill Gas" infrastructureProcess="false">
                <inputGroup>5</inputGroup>
            </exchange>
            <exchange number="20050" category="Technosphere Flows" subCategory="CUTOFF Flows" localCategory="Technosphere Flows" localSubCategory="CUTOFF Flows" name="CUTOFF Electricity, biomass, gas, unspecified, at power plant" location="RNA" unit="MJ" meanValue="1.43214323850661E-4" generalComment="Gaseous Renewable Fuels (Biomass) OBG  – Other Biomass Gases (Digester Gas, Methane, and other biomass gases) " infrastructureProcess="false">
                <inputGroup>5</inputGroup>
            </exchange>
            <exchange number="4152" category="22: Utilities" subCategory="2211: Electric Power Generation, Transmission and Distribution" localCategory="22: Utilities" localSubCategory="2211: Electric Power Generation, Transmission and Distribution" name="Electricity, biomass, at power plant" location="RNA" unit="MJ" meanValue="0.00267480154306425" generalComment="WDS – Wood/Wood Waste Solids (Paper Pellets, Railroad Ties, Utility Poles, Wood Chips, and other wood solids) " infrastructureProcess="false">
                <inputGroup>5</inputGroup>
            </exchange>
            <exchange number="52306" category="22: Utilities" subCategory="2211: Electric Power Generation, Transmission and Distribution" localCategory="22: Utilities" localSubCategory="2211: Electric Power Generation, Transmission and Distribution" name="Electricity, bituminous coal, at power plant" location="RNA" unit="MJ" meanValue="0.171311359332749" generalComment="subbituminous coal" infrastructureProcess="false">
                <inputGroup>5</inputGroup>
            </exchange>
            <exchange number="41945" category="Technosphere Flows" subCategory="CUTOFF Flows" localCategory="Technosphere Flows" localSubCategory="CUTOFF Flows" name="CUTOFF Electricity, other fuels, at power plant, unspecified" location="RNA" unit="MJ" meanValue="1.91341549431351E-5" generalComment="Other Fuels WH - Waste Heat" infrastructureProcess="false">
                <inputGroup>5</inputGroup>
            </exchange>
            <exchange number="4186" category="22: Utilities" subCategory="2211: Electric Power Generation, Transmission and Distribution" localCategory="22: Utilities" localSubCategory="2211: Electric Power Generation, Transmission and Distribution" name="Electricity, natural gas, at power plant" location="RNA" unit="MJ" meanValue="0.420784614330983" infrastructureProcess="false">
                <inputGroup>5</inputGroup>
            </exchange>
            <exchange number="39744" category="Technosphere Flows" subCategory="CUTOFF Flows" localCategory="Technosphere Flows" localSubCategory="CUTOFF Flows" name="CUTOFF Electricity, other gases, unspecified,  at power plant" location="RNA" unit="MJ" meanValue="1.24717664478449E-5" generalComment="Other Gases OG – Other Gas (Butane, Coal Processes, Coke-Oven, Refinery, and other processes)" infrastructureProcess="false">
                <inputGroup>5</inputGroup>
            </exchange>
            <exchange number="11194" category="22: Utilities" subCategory="2211: Electric Power Generation, Transmission and Distribution" localCategory="22: Utilities" localSubCategory="2211: Electric Power Generation, Transmission and Distribution" name="Electricity, nuclear, at power plant" location="RNA" unit="MJ" meanValue="0.183562978887357" infrastructureProcess="false">
                <inputGroup>5</inputGroup>
            </exchange>
            <exchange number="26036" category="Technosphere Flows" subCategory="CUTOFF Flows" localCategory="Technosphere Flows" localSubCategory="CUTOFF Flows" name="CUTOFF Electricity, hydropower, at power plant, unspecified" location="RNA" unit="MJ" meanValue="0.0596730470322899" infrastructureProcess="false">
                <inputGroup>5</inputGroup>
            </exchange>
            <exchange number="51514" category="Technosphere Flows" subCategory="CUTOFF Flows" localCategory="Technosphere Flows" localSubCategory="CUTOFF Flows" name="CUTOFF Electricity, at wind power plant, unspecified" location="RNA" unit="MJ" meanValue="8.02642970556568E-6" infrastructureProcess="false">
                <inputGroup>5</inputGroup>
            </exchange>
            <exchange number="4292" category="Technosphere Flows" subCategory="CUTOFF Flows" localCategory="Technosphere Flows" localSubCategory="CUTOFF Flows" name="CUTOFF Electricity, geothermal, unspecified" location="RNA" unit="MJ" meanValue="0.0244416394303791" infrastructureProcess="false">
                <inputGroup>5</inputGroup>
            </exchange>
            <exchange number="47863" category="22: Utilities" subCategory="2211: Electric Power Generation, Transmission and Distribution" localCategory="22: Utilities" localSubCategory="2211: Electric Power Generation, Transmission and Distribution" name="Electricity, diesel, at power plant" location="RNA" unit="MJ" meanValue="3.87064857997985E-4" generalComment="Petroleum (DFO) - Distillate Fuel Oil (includes all Diesel and No. 1, No. 2, and No. 4 Fuel Oils) " infrastructureProcess="false">
                <inputGroup>5</inputGroup>
            </exchange>
        </flowData>
    </dataset>
</ecoSpold>
