<?xml version="1.0" encoding="UTF-8" standalone="yes"?>
<ecoSpold xmlns="http://www.EcoInvent.org/EcoSpold01">
    <dataset number="101105" generator="openLCA" timestamp="2019-10-15T12:53:04.867-06:00">
        <metaInformation>
            <processInformation>
                <referenceFunction datasetRelatesToProduct="false" name="Electricity, bituminous coal, at power plant" localName="Electricity, bituminous coal, at power plant" infrastructureProcess="false" amount="1.0" unit="MJ" category="22: Utilities" subCategory="2211: Electric Power Generation, Transmission and Distribution" localCategory="22: Utilities" localSubCategory="2211: Electric Power Generation, Transmission and Distribution" generalComment="&#xA;Important note: although most of the data in the US LCI database has &#xA;undergone some sort of review, the database as a whole has not yet &#xA;undergone a formal validation process.&#xA;Please email comments to lci@nrel.gov."/>
                <geography location="RNA" text="United States"/>
                <technology text="Electricity production by coal-fired steam generation."/>
                <timePeriod dataValidForEntirePeriod="true">
                    <startDate>2001-12-31-07:00</startDate>
                    <endDate>2002-12-31-07:00</endDate>
                </timePeriod>
                <dataSetInformation type="1" impactAssessmentResult="false" timestamp="2019-07-22T14:57:56.356-06:00" version="0.0" internalVersion="0.0" energyValues="0" languageCode="en" localLanguageCode="en"/>
            </processInformation>
            <modellingAndValidation>
                <source number="1764" sourceType="0" firstAuthor="Energy Information Administration " year="2000" title="Cost and Quality of Fuels for Electric Utility Plants 2000" placeOfPublications="unknown"/>
                <source number="1827" sourceType="0" firstAuthor="U.S. EPA " year="1999" title="EPA 530-R-99-010" placeOfPublications="unknown"/>
                <source number="1892" sourceType="0" firstAuthor="Energy Information Administration " year="2000" title="Electric Power Annual 2000" placeOfPublications="unknown"/>
                <source number="1930" sourceType="0" firstAuthor="U.S. EPA " year="1998" title="Emis. Factor AP-42 Section 1.1, Bituminus and Subbituminus Utility Combustion" placeOfPublications="unknown"/>
                <source number="1982" sourceType="0" firstAuthor="Franklin Associates " year="2003" title="Data Details for Bituminous Utility Combustion" placeOfPublications="unknown"/>
                <source number="2063" sourceType="0" firstAuthor="U.S. Energy Information Administration " year="2000" title="Electric Power Annual 2000" placeOfPublications="unknown"/>
                <source number="2240" sourceType="0" firstAuthor="unspecified " year="2002" title="Code of Federal Regulations. Title 40, Part 423" placeOfPublications="unknown"/>
                <source number="2324" sourceType="0" firstAuthor="U.S. EPA " year="1998" title="Study of Haz Air Pol Emis from Elec Utility Steam Gen Units V1 EPA-453/R-98-004a" placeOfPublications="unknown"/>
                <source number="2398" sourceType="0" firstAuthor="Energy Information Administration " year="9999" title="Annual Steam-Electric Plant Operation and Design Data" placeOfPublications="unknown"/>
            </modellingAndValidation>
            <administrativeInformation>
                <dataEntryBy person="1673"/>
                <dataGeneratorAndPublication person="1673" dataPublishedIn="0" referenceToPublishedSource="1982" copyright="false" accessRestrictedTo="0"/>
                <person number="1673" name="Franklin Associates" address="Franklin Associates 4121 W. 83rd St, Suite 108, Prairie Village, KS 66208" telephone="(913)649-2225" email="jlittlefield@fal.com" companyCode="unknown" countryCode="US"/>
            </administrativeInformation>
        </metaInformation>
        <flowData>
            <exchange number="52306" category="22: Utilities" subCategory="2211: Electric Power Generation, Transmission and Distribution" localCategory="22: Utilities" localSubCategory="2211: Electric Power Generation, Transmission and Distribution" name="Electricity, bituminous coal, at power plant" location="RNA" unit="MJ" meanValue="1.0" infrastructureProcess="false">
                <outputGroup>0</outputGroup>
            </exchange>
            <exchange number="5888" category="water" subCategory="unspecified" localCategory="water" localSubCategory="unspecified" name="Oils, unspecified" unit="kg" meanValue="8.8847E-7" infrastructureProcess="false">
                <outputGroup>4</outputGroup>
            </exchange>
            <exchange number="5470" category="air" subCategory="unspecified" localCategory="air" localSubCategory="unspecified" name="Magnesium" unit="kg" meanValue="2.4302E-6" infrastructureProcess="false">
                <outputGroup>4</outputGroup>
            </exchange>
            <exchange number="39828" category="air" subCategory="unspecified" localCategory="air" localSubCategory="unspecified" name="Organic substances, unspecified" unit="kg" meanValue="1.3382E-6" infrastructureProcess="false">
                <outputGroup>4</outputGroup>
            </exchange>
            <exchange number="21164" category="Emission to air" subCategory="unspecified" localCategory="Emission to air" localSubCategory="unspecified" CASNumber="001746-01-6" name="Dioxins, measured as 2,3,7,8-tetrachlorodibenzo-p-dioxin" unit="kg" meanValue="1.7365E-13" infrastructureProcess="false">
                <outputGroup>4</outputGroup>
            </exchange>
            <exchange number="28216" category="air" subCategory="unspecified" localCategory="air" localSubCategory="unspecified" name="Phenols, unspecified" unit="kg" meanValue="3.5349E-9" infrastructureProcess="false">
                <outputGroup>4</outputGroup>
            </exchange>
            <exchange number="11980" category="air" subCategory="unspecified" localCategory="air" localSubCategory="unspecified" name="Phenanthrene" unit="kg" meanValue="5.9651E-10" generalComment="Sources for PAH data are old or unverifiable. Use this PAH data with caution." infrastructureProcess="false">
                <outputGroup>4</outputGroup>
            </exchange>
            <exchange number="34566" category="Technosphere Flows" subCategory="CUTOFF Flows" localCategory="Technosphere Flows" localSubCategory="CUTOFF Flows" name="CUTOFF Disposal, solid waste, unspecified, to unspecified treatment" location="RNA" unit="kg" meanValue="0.043755" infrastructureProcess="false">
                <inputGroup>5</inputGroup>
            </exchange>
            <exchange number="42719" category="air" subCategory="unspecified" localCategory="air" localSubCategory="unspecified" name="Biphenyl" unit="kg" meanValue="3.7558E-10" generalComment="Sources for PAH data are old or unverifiable. Use this PAH data with caution." infrastructureProcess="false">
                <outputGroup>4</outputGroup>
            </exchange>
            <exchange number="49765" category="Technosphere Flows" subCategory="CUTOFF Flows" localCategory="Technosphere Flows" localSubCategory="CUTOFF Flows" name="CUTOFF Transport, pipeline, coal slurry" location="RNA" unit="t*km" meanValue="0.0022186" generalComment="Represents transportation from bituminous production/processing to utility boiler." infrastructureProcess="false">
                <inputGroup>5</inputGroup>
            </exchange>
            <exchange number="33576" category="48-49: Transportation and Warehousing" subCategory="4841: General Freight Trucking" localCategory="48-49: Transportation and Warehousing" localSubCategory="4841: General Freight Trucking" name="Transport, combination truck, diesel powered" location="RNA" unit="t*km" meanValue="0.0029866" generalComment="Represents transportation from bituminous production/processing to utility boiler." infrastructureProcess="false">
                <inputGroup>5</inputGroup>
            </exchange>
            <exchange number="30852" category="air" subCategory="unspecified" localCategory="air" localSubCategory="unspecified" name="Beryllium" unit="kg" meanValue="4.6395E-9" infrastructureProcess="false">
                <outputGroup>4</outputGroup>
            </exchange>
            <exchange number="45881" category="Emission to air" subCategory="unspecified" localCategory="Emission to air" localSubCategory="unspecified" CASNumber="018540-29-9" name="Chromium VI" unit="kg" meanValue="1.7453E-8" formula="Cr6+" infrastructureProcess="false">
                <outputGroup>4</outputGroup>
            </exchange>
            <exchange number="33970" category="air" subCategory="unspecified" localCategory="air" localSubCategory="unspecified" name="Anthracene" unit="kg" meanValue="4.6395E-11" generalComment="Sources for PAH data are old or unverifiable. Use this PAH data with caution." infrastructureProcess="false">
                <outputGroup>4</outputGroup>
            </exchange>
            <exchange number="24476" category="air" subCategory="unspecified" localCategory="air" localSubCategory="unspecified" name="Formaldehyde" unit="kg" meanValue="5.3023E-8" infrastructureProcess="false">
                <outputGroup>4</outputGroup>
            </exchange>
            <exchange number="15886" category="Emission to air" subCategory="unspecified" localCategory="Emission to air" localSubCategory="unspecified" CASNumber="007439-97-6" name="Mercury" unit="kg" meanValue="1.8337E-8" formula="Hg" infrastructureProcess="false">
                <outputGroup>4</outputGroup>
            </exchange>
            <exchange number="47227" category="Emission to air" subCategory="unspecified" localCategory="Emission to air" localSubCategory="unspecified" CASNumber="011104-93-1" name="Nitrogen oxides" unit="kg" meanValue="0.0027065" formula="NOx as NO2" infrastructureProcess="false">
                <outputGroup>4</outputGroup>
            </exchange>
            <exchange number="20918" category="air" subCategory="unspecified" localCategory="air" localSubCategory="unspecified" name="Carbon dioxide, fossil " unit="kg" meanValue="0.99407" infrastructureProcess="false">
                <outputGroup>4</outputGroup>
            </exchange>
            <exchange number="5626" category="air" subCategory="unspecified" localCategory="air" localSubCategory="unspecified" name="Manganese" unit="kg" meanValue="1.0825E-7" infrastructureProcess="false">
                <outputGroup>4</outputGroup>
            </exchange>
            <exchange number="48325" category="air" subCategory="unspecified" localCategory="air" localSubCategory="unspecified" name="Ethene, tetrachloro-" unit="kg" meanValue="9.4999E-9" infrastructureProcess="false">
                <outputGroup>4</outputGroup>
            </exchange>
            <exchange number="12840" category="air" subCategory="unspecified" localCategory="air" localSubCategory="unspecified" name="Aldehydes, unspecified" unit="kg" meanValue="2.0988E-7" infrastructureProcess="false">
                <outputGroup>4</outputGroup>
            </exchange>
            <exchange number="24556" category="air" subCategory="unspecified" localCategory="air" localSubCategory="unspecified" name="Fluorene" unit="kg" meanValue="2.0104E-10" generalComment="Sources for PAH data are old or unverifiable. Use this PAH data with caution." infrastructureProcess="false">
                <outputGroup>4</outputGroup>
            </exchange>
            <exchange number="42325" category="48-49: Transportation and Warehousing" subCategory="4821: Rail Transportation" localCategory="48-49: Transportation and Warehousing" localSubCategory="4821: Rail Transportation" name="Transport, train, diesel powered" location="RNA" unit="t*km" meanValue="0.46079" generalComment="Represents transportation from bituminous production/processing to utility boiler." infrastructureProcess="false">
                <inputGroup>5</inputGroup>
            </exchange>
            <exchange number="46339" category="air" subCategory="unspecified" localCategory="air" localSubCategory="unspecified" name="Cobalt" unit="kg" meanValue="2.2093E-8" infrastructureProcess="false">
                <outputGroup>4</outputGroup>
            </exchange>
            <exchange number="8456" category="21: Mining, Quarrying, and Oil and Gas Extraction" subCategory="2121: Coal Mining" localCategory="21: Mining, Quarrying, and Oil and Gas Extraction" localSubCategory="2121: Coal Mining" name="Bituminous coal, at mine" location="RNA" unit="kg" meanValue="0.44186" infrastructureProcess="false">
                <inputGroup>5</inputGroup>
            </exchange>
            <exchange number="32232" category="air" subCategory="unspecified" localCategory="air" localSubCategory="unspecified" name="Radioactive species, unspecified" unit="kBq" meanValue="12.5" infrastructureProcess="false">
                <outputGroup>4</outputGroup>
            </exchange>
            <exchange number="3128" category="Emission to air" subCategory="unspecified" localCategory="Emission to air" localSubCategory="unspecified" CASNumber="007439-92-1" name="Lead" unit="kg" meanValue="9.279E-8" formula="Pb" infrastructureProcess="false">
                <outputGroup>4</outputGroup>
            </exchange>
            <exchange number="38136" category="air" subCategory="unspecified" localCategory="air" localSubCategory="unspecified" name="Benzene" unit="kg" meanValue="2.8721E-7" infrastructureProcess="false">
                <outputGroup>4</outputGroup>
            </exchange>
            <exchange number="29662" category="Emission to air" subCategory="unspecified" localCategory="Emission to air" localSubCategory="unspecified" CASNumber="007440-02-0" name="Nickel" unit="kg" meanValue="6.186E-8" formula="Ni" infrastructureProcess="false">
                <outputGroup>4</outputGroup>
            </exchange>
            <exchange number="32502" category="air" subCategory="unspecified" localCategory="air" localSubCategory="unspecified" name="Chrysene, 5-methyl-" unit="kg" meanValue="4.8604E-12" generalComment="Sources for PAH data are old or unverifiable. Use this PAH data with caution." infrastructureProcess="false">
                <outputGroup>4</outputGroup>
            </exchange>
            <exchange number="25532" category="Emission to air" subCategory="unspecified" localCategory="Emission to air" localSubCategory="unspecified" CASNumber="007440-43-9" name="Cadmium" unit="kg" meanValue="1.1267E-8" formula="Cd" infrastructureProcess="false">
                <outputGroup>4</outputGroup>
            </exchange>
            <exchange number="15224" category="Emission to air" subCategory="unspecified" localCategory="Emission to air" localSubCategory="unspecified" CASNumber="007440-47-3" name="Chromium" unit="kg" meanValue="5.7441E-8" formula="Cr" infrastructureProcess="false">
                <outputGroup>4</outputGroup>
            </exchange>
            <exchange number="39576" category="air" subCategory="unspecified" localCategory="air" localSubCategory="unspecified" name="Acenaphthene" unit="kg" meanValue="1.1267E-10" generalComment="Sources for PAH data are old or unverifiable. Use this PAH data with caution." infrastructureProcess="false">
                <outputGroup>4</outputGroup>
            </exchange>
            <exchange number="33952" category="air" subCategory="unspecified" localCategory="air" localSubCategory="unspecified" name="Particulates, &lt; 10 um " unit="kg" meanValue="4.1673E-5" infrastructureProcess="false">
                <outputGroup>4</outputGroup>
            </exchange>
            <exchange number="42459" category="air" subCategory="unspecified" localCategory="air" localSubCategory="unspecified" name="Benzo(a)pyrene" unit="kg" meanValue="8.3953E-12" generalComment="Sources for PAH data are old or unverifiable. Use this PAH data with caution." infrastructureProcess="false">
                <outputGroup>4</outputGroup>
            </exchange>
            <exchange number="39726" category="Emission to air" subCategory="unspecified" localCategory="Emission to air" localSubCategory="unspecified" CASNumber="007647-01-0" name="Hydrogen chloride" unit="kg" meanValue="2.6511E-4" formula="HCl" infrastructureProcess="false">
                <outputGroup>4</outputGroup>
            </exchange>
            <exchange number="20898" category="air" subCategory="unspecified" localCategory="air" localSubCategory="unspecified" name="Pyrene" unit="kg" meanValue="7.2906E-11" generalComment="Sources for PAH data are old or unverifiable. Use this PAH data with caution." infrastructureProcess="false">
                <outputGroup>4</outputGroup>
            </exchange>
            <exchange number="37974" category="Emission to water" subCategory="unspecified" localCategory="Emission to water" localSubCategory="unspecified" name="Suspended solids, unspecified" unit="kg" meanValue="1.7769E-6" infrastructureProcess="false">
                <outputGroup>4</outputGroup>
            </exchange>
            <exchange number="5134" category="Technosphere Flows" subCategory="CUTOFF Flows" localCategory="Technosphere Flows" localSubCategory="CUTOFF Flows" name="CUTOFF Disposal, ash and flue gas desulfurization sludge, to unspecified reuse" location="RNA" unit="kg" meanValue="0.014139" infrastructureProcess="false">
                <inputGroup>5</inputGroup>
            </exchange>
            <exchange number="38450" category="air" subCategory="unspecified" localCategory="air" localSubCategory="unspecified" name="Hydrogen fluoride" unit="kg" meanValue="3.3139E-5" infrastructureProcess="false">
                <outputGroup>4</outputGroup>
            </exchange>
            <exchange number="16716" category="air" subCategory="unspecified" localCategory="air" localSubCategory="unspecified" name="Benzo(b,j,k)fluoranthene" unit="kg" meanValue="2.4302E-11" generalComment="Sources for PAH data are old or unverifiable. Use this PAH data with caution." infrastructureProcess="false">
                <outputGroup>4</outputGroup>
            </exchange>
            <exchange number="7552" category="air" subCategory="unspecified" localCategory="air" localSubCategory="unspecified" name="Benzo(ghi)perylene" unit="kg" meanValue="5.9651E-12" generalComment="Sources for PAH data are old or unverifiable. Use this PAH data with caution." infrastructureProcess="false">
                <outputGroup>4</outputGroup>
            </exchange>
            <exchange number="45335" category="air" subCategory="unspecified" localCategory="air" localSubCategory="unspecified" name="Antimony" unit="kg" meanValue="3.9767E-9" infrastructureProcess="false">
                <outputGroup>4</outputGroup>
            </exchange>
            <exchange number="6418" category="Emission to air" subCategory="unspecified" localCategory="Emission to air" localSubCategory="unspecified" name="NMVOC, non-methane volatile organic compounds, unspecified origin" unit="kg" meanValue="2.4904E-5" infrastructureProcess="false">
                <outputGroup>4</outputGroup>
            </exchange>
            <exchange number="9764" category="air" subCategory="unspecified" localCategory="air" localSubCategory="unspecified" name="Acenaphthylene" unit="kg" meanValue="5.5232E-11" generalComment="Sources for PAH data are old or unverifiable. Use this PAH data with caution." infrastructureProcess="false">
                <outputGroup>4</outputGroup>
            </exchange>
            <exchange number="44145" category="air" subCategory="unspecified" localCategory="air" localSubCategory="unspecified" name="Indeno(1,2,3-cd)pyrene" unit="kg" meanValue="1.3477E-11" generalComment="Sources for PAH data are old or unverifiable. Use this PAH data with caution." infrastructureProcess="false">
                <outputGroup>4</outputGroup>
            </exchange>
            <exchange number="10070" category="air" subCategory="unspecified" localCategory="air" localSubCategory="unspecified" name="Acrolein" unit="kg" meanValue="6.4069E-8" infrastructureProcess="false">
                <outputGroup>4</outputGroup>
            </exchange>
            <exchange number="32554" category="Emission to air" subCategory="unspecified" localCategory="Emission to air" localSubCategory="unspecified" CASNumber="010024-97-2" name="Dinitrogen monoxide" unit="kg" meanValue="2.4231E-5" formula="N2O" infrastructureProcess="false">
                <outputGroup>4</outputGroup>
            </exchange>
            <exchange number="47837" category="air" subCategory="unspecified" localCategory="air" localSubCategory="unspecified" name="Arsenic" unit="kg" meanValue="9.0581E-8" infrastructureProcess="false">
                <outputGroup>4</outputGroup>
            </exchange>
            <exchange number="27356" category="air" subCategory="unspecified" localCategory="air" localSubCategory="unspecified" name="Chrysene" unit="kg" meanValue="2.2093E-11" generalComment="Sources for PAH data are old or unverifiable. Use this PAH data with caution." infrastructureProcess="false">
                <outputGroup>4</outputGroup>
            </exchange>
            <exchange number="16644" category="air" subCategory="unspecified" localCategory="air" localSubCategory="unspecified" name="Selenium" unit="kg" meanValue="2.8721E-7" infrastructureProcess="false">
                <outputGroup>4</outputGroup>
            </exchange>
            <exchange number="8086" category="air" subCategory="unspecified" localCategory="air" localSubCategory="unspecified" name="Methane, dichloro-, HCC-30" unit="kg" meanValue="6.4069E-8" infrastructureProcess="false">
                <outputGroup>4</outputGroup>
            </exchange>
            <exchange number="19444" category="air" subCategory="unspecified" localCategory="air" localSubCategory="unspecified" name="Benzo(a)anthracene" unit="kg" meanValue="1.7674E-11" generalComment="Sources for PAH data are old or unverifiable. Use this PAH data with caution." infrastructureProcess="false">
                <outputGroup>4</outputGroup>
            </exchange>
            <exchange number="50147" category="Emission to air" subCategory="unspecified" localCategory="Emission to air" localSubCategory="unspecified" CASNumber="007446-09-5" name="Sulfur dioxide" unit="kg" meanValue="0.006766" formula="SOx as SO2" infrastructureProcess="false">
                <outputGroup>4</outputGroup>
            </exchange>
            <exchange number="15240" category="air" subCategory="unspecified" localCategory="air" localSubCategory="unspecified" name="Carbon monoxide, fossil " unit="kg" meanValue="1.097E-4" infrastructureProcess="false">
                <outputGroup>4</outputGroup>
            </exchange>
            <exchange number="49059" category="air" subCategory="unspecified" localCategory="air" localSubCategory="unspecified" name="Furan" unit="kg" meanValue="1.1002E-12" infrastructureProcess="false">
                <outputGroup>4</outputGroup>
            </exchange>
            <exchange number="7484" category="air" subCategory="unspecified" localCategory="air" localSubCategory="unspecified" name="Fluoranthene" unit="kg" meanValue="1.5686E-10" generalComment="Sources for PAH data are old or unverifiable. Use this PAH data with caution." infrastructureProcess="false">
                <outputGroup>4</outputGroup>
            </exchange>
            <exchange number="30072" category="Emission to air" subCategory="unspecified" localCategory="Emission to air" localSubCategory="unspecified" CASNumber="000074-82-8" name="Methane, fossil" unit="kg" meanValue="8.3124E-6" formula="CH4" infrastructureProcess="false">
                <outputGroup>4</outputGroup>
            </exchange>
            <exchange number="10812" category="air" subCategory="unspecified" localCategory="air" localSubCategory="unspecified" name="Naphthalene" unit="kg" meanValue="2.8721E-9" generalComment="Sources for PAH data are old or unverifiable. Use this PAH data with caution." infrastructureProcess="false">
                <outputGroup>4</outputGroup>
            </exchange>
            <exchange number="18762" category="48-49: Transportation and Warehousing" subCategory="4832: Inland Water Transportation" localCategory="48-49: Transportation and Warehousing" localSubCategory="4832: Inland Water Transportation" name="Transport, barge, average fuel mix" location="RNA" unit="t*km" meanValue="0.055949" generalComment="Represents transportation from bituminous production/processing to utility boiler." infrastructureProcess="false">
                <inputGroup>5</inputGroup>
            </exchange>
        </flowData>
    </dataset>
</ecoSpold>
