<?xml version="1.0" encoding="UTF-8" standalone="yes"?>
<ecoSpold xmlns="http://www.EcoInvent.org/EcoSpold01">
    <dataset number="55005" generator="openLCA" timestamp="2019-10-15T12:52:57.230-06:00">
        <metaInformation>
            <processInformation>
                <referenceFunction datasetRelatesToProduct="false" name="Switchgrass, harvested, wet" localName="Switchgrass, harvested, wet" infrastructureProcess="false" amount="1.07" unit="kg" category="11: Agriculture, Forestry, Fishing and Hunting" subCategory="1151: Support Activities for Crop Production" localCategory="11: Agriculture, Forestry, Fishing and Hunting" localSubCategory="1151: Support Activities for Crop Production" generalComment="mass of switchgrass at 34% moisture with 20% harvest loss."/>
                <geography location="RNA" text="North America"/>
                <technology text="current"/>
                <timePeriod dataValidForEntirePeriod="true" text="2010">
                    <startDate>2009-12-31-07:00</startDate>
                    <endDate>2009-12-31-07:00</endDate>
                </timePeriod>
                <dataSetInformation type="1" impactAssessmentResult="false" timestamp="2019-07-20T21:37:31.701-06:00" version="0.0" internalVersion="0.0" energyValues="0" languageCode="en" localLanguageCode="en"/>
            </processInformation>
            <modellingAndValidation>
                <source number="2098" sourceType="0" firstAuthor="Hess, J. " year="2009" title="Uniform-Format Solid Feedstock Supply System: A commodity-scale design to produce an infrastructure-compatible bulk solid from lignocellulosic biomass" placeOfPublications="unknown"/>
                <source number="2436" sourceType="0" firstAuthor="Hsu, D. " year="2010" title="Life Cycle Environmental Impacts of Selected U.S. Ethanol Production and Use Pathways in 2022" placeOfPublications="unknown"/>
            </modellingAndValidation>
            <administrativeInformation>
                <dataEntryBy person="1710"/>
                <dataGeneratorAndPublication person="1710" dataPublishedIn="0" referenceToPublishedSource="2436" copyright="false" accessRestrictedTo="0"/>
                <person number="1710" name="Daniel Inman" address="NREL, 1617 Cole Blvd, RSF 200, Golden, CO 80401" telephone="303-384-6845" companyCode="unknown" countryCode="US"/>
            </administrativeInformation>
        </metaInformation>
        <flowData>
            <exchange number="7026" category="11: Agriculture, Forestry, Fishing and Hunting" subCategory="1151: Support Activities for Crop Production" localCategory="11: Agriculture, Forestry, Fishing and Hunting" localSubCategory="1151: Support Activities for Crop Production" name="Switchgrass, harvested, wet" location="RNA" unit="kg" meanValue="1.07" infrastructureProcess="false">
                <outputGroup>0</outputGroup>
            </exchange>
            <exchange number="42143" category="11: Agriculture, Forestry, Fishing and Hunting" subCategory="1119: Other Crop Farming" localCategory="11: Agriculture, Forestry, Fishing and Hunting" localSubCategory="1119: Other Crop Farming" name="Switchgrass, production" location="RNA" unit="kg" meanValue="1.0" generalComment="Previous module was based on 15% moisture." infrastructureProcess="false">
                <inputGroup>5</inputGroup>
            </exchange>
            <exchange number="9398" category="Technosphere Flows" subCategory="CUTOFF Flows" localCategory="Technosphere Flows" localSubCategory="CUTOFF Flows" name="CUTOFF Mowing, by rotary mower" location="RNA" unit="m2" meanValue="9.33E-5" generalComment="occupation based on 10 years of production. Mowed directly to a cart. No windrower needed." infrastructureProcess="false">
                <inputGroup>5</inputGroup>
            </exchange>
            <exchange number="17536" category="air" subCategory="unspecified" localCategory="air" localSubCategory="unspecified" name="Carbon dioxide, biogenic" unit="kg" meanValue="0.295" generalComment="carbon dioxide going to the air from biomass that is not harvested. This carbon dioxide was previously taken up by the biomass." infrastructureProcess="false">
                <outputGroup>4</outputGroup>
            </exchange>
            <exchange number="34303" category="Technosphere Flows" subCategory="CUTOFF Flows" localCategory="Technosphere Flows" localSubCategory="CUTOFF Flows" name="CUTOFF Baling" location="RNA" unit="m2" meanValue="9.33E-5" infrastructureProcess="false">
                <inputGroup>5</inputGroup>
            </exchange>
        </flowData>
    </dataset>
</ecoSpold>
