<?xml version="1.0" encoding="UTF-8" standalone="yes"?>
<ecoSpold xmlns="http://www.EcoInvent.org/EcoSpold01">
    <dataset number="88648" generator="openLCA" timestamp="2019-10-15T12:53:01.287-06:00">
        <metaInformation>
            <processInformation>
                <referenceFunction datasetRelatesToProduct="false" name="Site preparation, national softwood forest, steep slope, INW" localName="Site preparation, national softwood forest, steep slope, INW" infrastructureProcess="false" amount="1.0" unit="m2" category="11: Agriculture, Forestry, Fishing and Hunting" subCategory="1153: Support Activities for Forestry" localCategory="11: Agriculture, Forestry, Fishing and Hunting" localSubCategory="1153: Support Activities for Forestry" generalComment="Important note: although most of the data in the US LCI database has undergone some sort of review, the database as a whole has not yet undergone a formal validation process. Please email comments to lci@nrel.gov."/>
                <geography location="RNA" text="US Inland West including Montana, Idaho, and eastern Washington"/>
                <technology text="Average technology. Some data extrapolated from similar processes."/>
                <timePeriod dataValidForEntirePeriod="true">
                    <startDate>1988-12-31-07:00</startDate>
                    <endDate>1995-12-31-07:00</endDate>
                </timePeriod>
                <dataSetInformation type="1" impactAssessmentResult="false" timestamp="2019-09-19T11:15:34.667-06:00" version="0.0" internalVersion="0.0" energyValues="0" languageCode="en" localLanguageCode="en"/>
            </processInformation>
            <modellingAndValidation>
                <representativeness samplingProcedure="Region specific data on the level of resource consumption during site preparation is limited.  Estimates for these values were developed using a limited set of published data and through direct inquiries of forest nursery managers.  "/>
                <source number="1755" sourceType="0" firstAuthor="Maureen Puettmann " year="2008" title="SimaPro working files for Inland West Resources" placeOfPublications="unknown"/>
                <source number="2035" sourceType="0" firstAuthor="Leonard R. Johnson " year="2008" title="Module A - Forest Resources Inland West" placeOfPublications="unknown"/>
            </modellingAndValidation>
            <administrativeInformation>
                <dataEntryBy person="1699"/>
                <dataGeneratorAndPublication person="1699" dataPublishedIn="0" referenceToPublishedSource="2035" copyright="false" accessRestrictedTo="0"/>
                <person number="1699" name="Maureen Puetmann" address="Corvallis, OR  " telephone="(541) 231-2627" email="maureen.puettmann@q.com" companyCode="unknown" countryCode="US"/>
            </administrativeInformation>
        </metaInformation>
        <flowData>
            <exchange number="14848" category="11: Agriculture, Forestry, Fishing and Hunting" subCategory="1153: Support Activities for Forestry" localCategory="11: Agriculture, Forestry, Fishing and Hunting" localSubCategory="1153: Support Activities for Forestry" name="Site preparation, national softwood forest, steep slope, INW" location="RNA" unit="m2" meanValue="1.0" infrastructureProcess="false">
                <outputGroup>0</outputGroup>
            </exchange>
            <exchange number="17680" category="11: Agriculture, Forestry, Fishing and Hunting" subCategory="1153: Support Activities for Forestry" localCategory="11: Agriculture, Forestry, Fishing and Hunting" localSubCategory="1153: Support Activities for Forestry" name="Crew to Burn Bole Only slash in the Woods, INW" location="RNA" unit="m2" meanValue="1.0" infrastructureProcess="false">
                <inputGroup>5</inputGroup>
            </exchange>
        </flowData>
    </dataset>
</ecoSpold>
