<?xml version="1.0" encoding="UTF-8" standalone="yes"?>
<ecoSpold xmlns="http://www.EcoInvent.org/EcoSpold01">
    <dataset number="56826" generator="openLCA" timestamp="2019-10-15T12:53:01.584-06:00">
        <metaInformation>
            <processInformation>
                <referenceFunction datasetRelatesToProduct="false" name="Steam, purchased by containerboard mills" localName="Steam, purchased by containerboard mills" infrastructureProcess="false" amount="1.0" unit="MJ" category="22: Utilities" subCategory="2213: Water, Sewage and Other Systems" localCategory="22: Utilities" localSubCategory="2213: Water, Sewage and Other Systems" generalComment="This unit process represent the emissions and resources used in producing steam purchased by containerboard mills."/>
                <geography location="RNA" text=""/>
                <technology text="Average technology. "/>
                <timePeriod dataValidForEntirePeriod="true">
                    <startDate>2008-12-31-07:00</startDate>
                    <endDate>2009-12-30-07:00</endDate>
                </timePeriod>
                <dataSetInformation type="1" impactAssessmentResult="false" timestamp="2019-07-22T15:23:23.507-06:00" version="0.0" internalVersion="0.0" energyValues="0" languageCode="en" localLanguageCode="en"/>
            </processInformation>
            <modellingAndValidation>
                <representativeness samplingProcedure="Evaluation of e-grid data for containerboard mills that purchase steam."/>
                <source number="2288" sourceType="0" firstAuthor="NCASI (2017)" placeOfPublications="unknown" text="National Council for Air and Stream Improvement, Inc. (NCASI). 2017. 2014 Life Cycle Assessment of U.S. Average Corrugated Product – Final Report. Report prepared for the Corrugated Product Alliance (CPA). Cary, N.C.: National Council for Air and Stream Improvement., Inc."/>
            </modellingAndValidation>
            <administrativeInformation>
                <dataEntryBy person="1671"/>
                <dataGeneratorAndPublication person="1671" dataPublishedIn="0" referenceToPublishedSource="2288" copyright="false" accessRestrictedTo="0"/>
                <person number="1671" name="Caroline Gaudreault" address="1010 Sherbrooke West, Suite 1800, Montreal, QC, H3A 2R7" telephone="514-286-1182" email="cgaudreault@ncasi.org" companyCode="unknown" countryCode="CA"/>
            </administrativeInformation>
        </metaInformation>
        <flowData>
            <exchange number="14490" category="22: Utilities" subCategory="2213: Water, Sewage and Other Systems" localCategory="22: Utilities" localSubCategory="2213: Water, Sewage and Other Systems" name="Steam, purchased by containerboard mills" location="RNA" unit="MJ" meanValue="1.0" infrastructureProcess="false">
                <outputGroup>0</outputGroup>
            </exchange>
            <exchange number="17066" category="22: Utilities" subCategory="2213: Water, Sewage and Other Systems" localCategory="22: Utilities" localSubCategory="2213: Water, Sewage and Other Systems" name="Natural gas, combusted in industrial boiler" location="RNA" unit="m3" meanValue="2.0E-4" generalComment="1.24 MJ HHV per MJ of sold energy. Of this, 0.02% is from natural gas. An heat value of 1.09E3 MJ HHV/1000 ft3 was assumed." infrastructureProcess="false">
                <inputGroup>5</inputGroup>
            </exchange>
            <exchange number="36152" category="22: Utilities" subCategory="2213: Water, Sewage and Other Systems" localCategory="22: Utilities" localSubCategory="2213: Water, Sewage and Other Systems" name="Wood waste, unspecified, combusted in industrial boiler" location="RNA" unit="kg" meanValue="0.00108" generalComment="1.24 MJ HHV per MJ of sold energy. Of this, 1.5% is from biomass. An heat value of 17.2 MJHHV/kg was assumed." infrastructureProcess="false">
                <inputGroup>5</inputGroup>
            </exchange>
            <exchange number="20046" category="22: Utilities" subCategory="2213: Water, Sewage and Other Systems" localCategory="22: Utilities" localSubCategory="2213: Water, Sewage and Other Systems" name="Lignite coal, combusted in industrial boiler" location="RNA" unit="kg" meanValue="0.0125" generalComment="1.24 MJ HHV per MJ of sold energy. Of this, 30.3% is from subbituminous coal. An heat value of 30 MJHHV/kg was assumed. Lignite was used as a proxy for sub-bituminous coal." infrastructureProcess="false">
                <inputGroup>5</inputGroup>
            </exchange>
            <exchange number="8254" category="22: Utilities" subCategory="2213: Water, Sewage and Other Systems" localCategory="22: Utilities" localSubCategory="2213: Water, Sewage and Other Systems" name="Residual fuel oil, combusted in industrial boiler" location="RNA" unit="m3" meanValue="1.26E-4" generalComment="1.24 MJ HHV per MJ of sold energy. Of this, 1.6% is from oil coal. An heat value of 158 MJHHV/gal was assumed." infrastructureProcess="false">
                <inputGroup>5</inputGroup>
            </exchange>
            <exchange number="44373" category="22: Utilities" subCategory="2213: Water, Sewage and Other Systems" localCategory="22: Utilities" localSubCategory="2213: Water, Sewage and Other Systems" name="Bituminous coal, combusted in industrial boiler" location="RNA" unit="kg" meanValue="0.0274" generalComment="1.24 MJ HHV per MJ of sold energy. Of this, 65.8% is from bituminous coal 0.7% from other fossil lumped into coal. An heat value of 30 MJHHV/kg was assumed." infrastructureProcess="false">
                <inputGroup>5</inputGroup>
            </exchange>
        </flowData>
    </dataset>
</ecoSpold>
