<?xml version="1.0" encoding="UTF-8" standalone="yes"?>
<ecoSpold xmlns="http://www.EcoInvent.org/EcoSpold01">
    <dataset number="64262" generator="openLCA" timestamp="2019-10-15T12:52:57.306-06:00">
        <metaInformation>
            <processInformation>
                <referenceFunction datasetRelatesToProduct="false" name="Planting, switchgrass" localName="Planting, switchgrass" infrastructureProcess="false" amount="1.0" unit="m2" category="11: Agriculture, Forestry, Fishing and Hunting" subCategory="1151: Support Activities for Crop Production" localCategory="11: Agriculture, Forestry, Fishing and Hunting" localSubCategory="1151: Support Activities for Crop Production"/>
                <geography location="RNA" text="North America"/>
                <technology text="current"/>
                <timePeriod dataValidForEntirePeriod="true" text="2010 and after">
                    <startDate>2009-12-31-07:00</startDate>
                    <endDate>2100-12-30-07:00</endDate>
                </timePeriod>
                <dataSetInformation type="1" impactAssessmentResult="false" timestamp="2019-07-20T20:57:03.466-06:00" version="0.0" internalVersion="0.0" energyValues="0" languageCode="en" localLanguageCode="en"/>
            </processInformation>
            <modellingAndValidation>
                <source number="2012" sourceType="0" firstAuthor="Downs, H. W. " year="1998" title="Estimating Farm Fuel Requirements, no 5.006." placeOfPublications="unknown"/>
                <source number="2036" sourceType="0" firstAuthor="Duffy, M. D " year="2002" title="Costs of Producing Switchgrass for Biomass in Southern Iowa." placeOfPublications="unknown"/>
                <source number="2436" sourceType="0" firstAuthor="Hsu, D. " year="2010" title="Life Cycle Environmental Impacts of Selected U.S. Ethanol Production and Use Pathways in 2022" placeOfPublications="unknown"/>
            </modellingAndValidation>
            <administrativeInformation>
                <dataEntryBy person="1678"/>
                <dataGeneratorAndPublication person="1678" dataPublishedIn="0" referenceToPublishedSource="2436" copyright="false" accessRestrictedTo="0"/>
                <person number="1678" name="Daniel Inman" address="NREL, 1617 Cole Blvd, RSF 200, Golden CO 80401" telephone="303-384-6845" companyCode="unknown" countryCode="US"/>
            </administrativeInformation>
        </metaInformation>
        <flowData>
            <exchange number="30544" category="11: Agriculture, Forestry, Fishing and Hunting" subCategory="1151: Support Activities for Crop Production" localCategory="11: Agriculture, Forestry, Fishing and Hunting" localSubCategory="1151: Support Activities for Crop Production" name="Planting, switchgrass" location="RNA" unit="m2" meanValue="1.0" infrastructureProcess="false">
                <outputGroup>0</outputGroup>
            </exchange>
            <exchange number="40014" category="Technosphere Flows" subCategory="CUTOFF Flows" localCategory="Technosphere Flows" localSubCategory="CUTOFF Flows" name="CUTOFF Planting" location="RNA" unit="m2" meanValue="1.0" infrastructureProcess="false">
                <inputGroup>5</inputGroup>
            </exchange>
            <exchange number="20380" category="Technosphere Flows" subCategory="CUTOFF Flows" localCategory="Technosphere Flows" localSubCategory="CUTOFF Flows" name="CUTOFF Grass seed IP, at regional storehouse" location="RNA" unit="kg" meanValue="5.6" infrastructureProcess="false">
                <inputGroup>5</inputGroup>
            </exchange>
        </flowData>
    </dataset>
</ecoSpold>
