<?xml version="1.0" encoding="UTF-8" standalone="yes"?>
<ecoSpold xmlns="http://www.EcoInvent.org/EcoSpold01">
    <dataset number="72641" generator="openLCA" timestamp="2019-10-15T12:53:01.526-06:00">
        <metaInformation>
            <processInformation>
                <referenceFunction datasetRelatesToProduct="false" name="Limestone, at mine" localName="Limestone, at mine" infrastructureProcess="false" amount="1.0" unit="kg" category="21: Mining, Quarrying, and Oil and Gas Extraction" subCategory="2123: Nonmetallic Mineral Mining and Quarrying" localCategory="21: Mining, Quarrying, and Oil and Gas Extraction" localSubCategory="2123: Nonmetallic Mineral Mining and Quarrying" generalComment="Limestone mining is quarried from open pits by blasting, followed by mechanical crushing and screening.&#xA;Important note: although most of the data in the US LCI database has &#xA;undergone some sort of review, the database as a whole has not yet &#xA;undergone a formal validation process.&#xA;Please email comments to lci@nrel.gov."/>
                <geography location="RNA" text="United States"/>
                <technology text="Limestone mining is quarried from open pits by blasting, followed by mechanical crushing and screening."/>
                <timePeriod dataValidForEntirePeriod="true">
                    <startDate>1991-12-31-07:00</startDate>
                    <endDate>2001-12-31-07:00</endDate>
                </timePeriod>
                <dataSetInformation type="1" impactAssessmentResult="false" timestamp="2019-07-21T10:41:40.307-06:00" version="0.0" internalVersion="0.0" energyValues="0" languageCode="en" localLanguageCode="en"/>
            </processInformation>
            <modellingAndValidation>
                <source number="1769" sourceType="0" firstAuthor="U.S. EPA " year="2000" title="Inventory of U.S. GHG Emissions and Sinks: 1990-2000. Ch 3: Industrial Processes" placeOfPublications="unknown"/>
                <source number="1783" sourceType="0" firstAuthor=" US EPA " year="1998" title="AP-42. Lime Manufacturing. US EPA." placeOfPublications="unknown"/>
                <source number="1803" sourceType="0" firstAuthor=" US EPA " year="2004" title="AP-42. Crushed Stone Processing and Pulverized Mineral Processing" placeOfPublications="unknown"/>
                <source number="1857" sourceType="0" firstAuthor=" M. Michael Miller " year="2001" title="USGS Mineral Industry Surveys: Lime in the United States 1950 to 2001." placeOfPublications="unknown"/>
                <source number="1868" sourceType="0" firstAuthor="U.S. Department of Energy, EERE " year="2002" title="Energy and Environmental Profile of the U.S. Mining Industry" placeOfPublications="unknown"/>
                <source number="2008" sourceType="0" firstAuthor="US Geological Survey " year="2003" title="Minerals Yearbook 2003. Lime. Table 1: Salient Lime Statistics." placeOfPublications="unknown"/>
                <source number="2121" sourceType="0" firstAuthor="unspecified " year="1998" title="Based on discussions between Franklin Associates and confidential industry sources, January 1998." placeOfPublications="unknown"/>
                <source number="2168" sourceType="0" firstAuthor="unspecified " year="2004" title="Based on assumptions by Franklin Associates." placeOfPublications="unknown"/>
                <source number="2174" sourceType="0" firstAuthor="Franklin Associates " year="2004" title="Data details for limestone mining and lime production" placeOfPublications="unknown"/>
                <source number="2299" sourceType="0" firstAuthor="U.S. Energy Information Administration " year="1994" title="Manufacturing Energy Consumption Survey. , 1994: Part 1" placeOfPublications="unknown"/>
            </modellingAndValidation>
            <administrativeInformation>
                <dataEntryBy person="1747"/>
                <dataGeneratorAndPublication person="1747" dataPublishedIn="0" referenceToPublishedSource="2174" copyright="false" accessRestrictedTo="0"/>
                <person number="1747" name="Franklin Associates" address="4121 W. 83rd St, Suite 108, Prairie Village, KS 66208" telephone="(913)649-2225" email="jlittlefield@fal.com" companyCode="unknown" countryCode="US"/>
            </administrativeInformation>
        </metaInformation>
        <flowData>
            <exchange number="3006" category="21: Mining, Quarrying, and Oil and Gas Extraction" subCategory="2123: Nonmetallic Mineral Mining and Quarrying" localCategory="21: Mining, Quarrying, and Oil and Gas Extraction" localSubCategory="2123: Nonmetallic Mineral Mining and Quarrying" name="Limestone, at mine" location="RNA" unit="kg" meanValue="1.0" generalComment="The quantity of limestone-containing material per unit of crushed and screened limestone is unknown. The non-limestone material recovered from limestone processing is returned to the mining site. This quantity represents minimum amount of limestone extracted/kg limestone output" infrastructureProcess="false">
                <outputGroup>0</outputGroup>
            </exchange>
            <exchange number="20366" category="22: Utilities" subCategory="2213: Water, Sewage and Other Systems" localCategory="22: Utilities" localSubCategory="2213: Water, Sewage and Other Systems" name="Gasoline, combusted in equipment" location="RNA" unit="m3" meanValue="5.11E-5" infrastructureProcess="false">
                <inputGroup>5</inputGroup>
            </exchange>
            <exchange number="44373" category="22: Utilities" subCategory="2213: Water, Sewage and Other Systems" localCategory="22: Utilities" localSubCategory="2213: Water, Sewage and Other Systems" name="Bituminous coal, combusted in industrial boiler" location="RNA" unit="kg" meanValue="3.58E-5" infrastructureProcess="false">
                <inputGroup>5</inputGroup>
            </exchange>
            <exchange number="17066" category="22: Utilities" subCategory="2213: Water, Sewage and Other Systems" localCategory="22: Utilities" localSubCategory="2213: Water, Sewage and Other Systems" name="Natural gas, combusted in industrial boiler" location="RNA" unit="m3" meanValue="1.4E-4" infrastructureProcess="false">
                <inputGroup>5</inputGroup>
            </exchange>
            <exchange number="35868" category="22: Utilities" subCategory="2211: Electric Power Generation, Transmission and Distribution" localCategory="22: Utilities" localSubCategory="2211: Electric Power Generation, Transmission and Distribution" name="Electricity, at grid" location="RNA" unit="MJ" meanValue="0.00423" infrastructureProcess="false">
                <inputGroup>5</inputGroup>
            </exchange>
            <exchange number="13726" category="22: Utilities" subCategory="2213: Water, Sewage and Other Systems" localCategory="22: Utilities" localSubCategory="2213: Water, Sewage and Other Systems" name="Diesel, combusted in industrial boiler" location="RNA" unit="m3" meanValue="5.84E-4" infrastructureProcess="false">
                <inputGroup>5</inputGroup>
            </exchange>
            <exchange number="38740" category="resource" subCategory="ground-" localCategory="resource" localSubCategory="ground-" name="Limestone" unit="kg" meanValue="1.0" infrastructureProcess="false">
                <inputGroup>4</inputGroup>
            </exchange>
            <exchange number="34544" category="Emission to air" subCategory="unspecified" localCategory="Emission to air" localSubCategory="unspecified" name="Particulates, unspecified" unit="kg" meanValue="5.11E-5" formula="PM" infrastructureProcess="false">
                <outputGroup>4</outputGroup>
            </exchange>
        </flowData>
    </dataset>
</ecoSpold>
