<?xml version="1.0" encoding="UTF-8" standalone="yes"?>
<ecoSpold xmlns="http://www.EcoInvent.org/EcoSpold01">
    <dataset number="55316" generator="openLCA" timestamp="2019-10-15T12:52:58.492-06:00">
        <metaInformation>
            <processInformation>
                <referenceFunction datasetRelatesToProduct="false" name="Roundwood, softwood, green, at mill, INW" localName="Roundwood, softwood, green, at mill, INW" infrastructureProcess="false" amount="1.0" unit="kg" category="11: Agriculture, Forestry, Fishing and Hunting" subCategory="1133: Logging" localCategory="11: Agriculture, Forestry, Fishing and Hunting" localSubCategory="1133: Logging" generalComment="All weights given on an ovendry basis. Percent Moisture content (oven dry basis) = wt of wood wet - wt of wood dry/wt of wood dry x100&#xA;Important note: although most of the data in the US LCI database has &#xA;undergone some sort of review, the database as a whole has not yet &#xA;undergone a formal validation process.&#xA;Please email comments to lci@nrel.gov."/>
                <geography location="RNA" text="Meant to represent operations in eastern Washington, eastern Oregon, Idaho and western Montana.  Actual representative mill sample found in eastern Washington and Idaho only."/>
                <technology text="Average"/>
                <timePeriod dataValidForEntirePeriod="true">
                    <startDate>2005-12-31-07:00</startDate>
                    <endDate>2006-12-31-07:00</endDate>
                </timePeriod>
                <dataSetInformation type="5" impactAssessmentResult="false" timestamp="2019-07-20T23:05:32.257-06:00" version="0.0" internalVersion="0.0" energyValues="0" languageCode="en" localLanguageCode="en"/>
            </processInformation>
            <modellingAndValidation>
                <representativeness samplingProcedure="Questionnaires from 4 mills assumed to be representative of the softwood lumber industry in US Inland West."/>
                <source number="1815" sourceType="0" firstAuthor="Forest Products Laboratory " year="1999" title="Wood Handbook: Wood as an engineering material. Gen. Tech. Rep. FPLGTR-113." placeOfPublications="unknown"/>
                <source number="2142" sourceType="0" firstAuthor="Francis G. Wagner " year="2009" title="Module C: Life Cycle Inventory of Inland Northwest Softwood Lumber Manufacturing" placeOfPublications="unknown"/>
                <source number="2451" sourceType="0" firstAuthor="Maureen Puettmann " year="2009" title="SimaPro working files for Inland West softwood lumber" placeOfPublications="unknown"/>
            </modellingAndValidation>
            <administrativeInformation>
                <dataEntryBy person="1699"/>
                <dataGeneratorAndPublication person="1699" dataPublishedIn="0" referenceToPublishedSource="2142" copyright="false" accessRestrictedTo="0"/>
                <person number="1699" name="Maureen Puetmann" address="Corvallis, OR  " telephone="(541) 231-2627" email="maureen.puettmann@q.com" companyCode="unknown" countryCode="US"/>
            </administrativeInformation>
        </metaInformation>
        <flowData>
            <exchange number="31966" category="11: Agriculture, Forestry, Fishing and Hunting" subCategory="1133: Logging" localCategory="11: Agriculture, Forestry, Fishing and Hunting" localSubCategory="1133: Logging" name="Roundwood, softwood, green, at mill, INW" location="RNA" unit="kg" meanValue="1.0" generalComment="Weight reported on an ovendry basis, density=436 kg/m3 based on oven dry mass" infrastructureProcess="false">
                <outputGroup>0</outputGroup>
            </exchange>
            <exchange number="39916" category="11: Agriculture, Forestry, Fishing and Hunting" subCategory="1133: Logging" localCategory="11: Agriculture, Forestry, Fishing and Hunting" localSubCategory="1133: Logging" name="Bark, softwood, average, at forest road, INW" location="RNA" unit="kg" meanValue="0.0739" generalComment=" Based on green specific gravity of 0.41 (od mass and green volume)" infrastructureProcess="false">
                <inputGroup>5</inputGroup>
            </exchange>
            <exchange number="25660" category="11: Agriculture, Forestry, Fishing and Hunting" subCategory="1133: Logging" localCategory="11: Agriculture, Forestry, Fishing and Hunting" localSubCategory="1133: Logging" name="Roundwood, softwood, average, at forest road, INW" location="RNA" unit="m3" meanValue="0.00244" generalComment=" Based on green specific gravity of 0.41 (od mass and green volume)" infrastructureProcess="false">
                <inputGroup>5</inputGroup>
            </exchange>
            <exchange number="33576" category="48-49: Transportation and Warehousing" subCategory="4841: General Freight Trucking" localCategory="48-49: Transportation and Warehousing" localSubCategory="4841: General Freight Trucking" name="Transport, combination truck, diesel powered" location="RNA" unit="t*km" meanValue="0.0153" generalComment="Transport of bark over 129 km.  Note: mass of 1 kg ovendry basis = 1.6 kg at 60% moisture content." infrastructureProcess="false">
                <inputGroup>5</inputGroup>
            </exchange>
            <exchange number="33576" category="48-49: Transportation and Warehousing" subCategory="4841: General Freight Trucking" localCategory="48-49: Transportation and Warehousing" localSubCategory="4841: General Freight Trucking" name="Transport, combination truck, diesel powered" location="RNA" unit="t*km" meanValue="0.2064" generalComment="Transport of roundwood logs over 129 km.  Note: mass of 1 kg ovendry basis = 1.6 kg at 60% moisture content." infrastructureProcess="false">
                <inputGroup>5</inputGroup>
            </exchange>
            <exchange number="49929" category="11: Agriculture, Forestry, Fishing and Hunting" subCategory="1133: Logging" localCategory="11: Agriculture, Forestry, Fishing and Hunting" localSubCategory="1133: Logging" name="Bark, softwood, green, at mill, INW" location="RNA" unit="kg" meanValue="0.0739" generalComment="Weight reported on an ovendry basis, density=436 kg/m3 based on oven dry mass" infrastructureProcess="false">
                <outputGroup>2</outputGroup>
            </exchange>
        </flowData>
    </dataset>
</ecoSpold>
