<?xml version="1.0" encoding="UTF-8" standalone="yes"?>
<ecoSpold xmlns="http://www.EcoInvent.org/EcoSpold01">
    <dataset number="81958" generator="openLCA" timestamp="2019-10-15T12:53:01.378-06:00">
        <metaInformation>
            <processInformation>
                <referenceFunction datasetRelatesToProduct="false" name="Sulfur, at plant" localName="Sulfur, at plant" infrastructureProcess="false" amount="1.0" unit="kg" category="21: Mining, Quarrying, and Oil and Gas Extraction" subCategory="2111: Oil and Gas Extraction" localCategory="21: Mining, Quarrying, and Oil and Gas Extraction" localSubCategory="2111: Oil and Gas Extraction" generalComment="Heat is a coproduct released from cooling during the exothermic reaction. Complete inventory data and metadata are available in full in the final report and appendices, Cradle-to-Gate Life Cycle Inventory of Nine Plastic Resins and Four Polyurethane Precursors. This report has been extensively reviewed within Franklin Associates and has undergone partial critical review by ACC Plastics Division members and is available at: www.americanchemistry.com. Quantities may vary slightly between the reference to main source and and this module due to rounding.  Important note: although most of the data in the US LCI database has undergone some sort of review, the database as a whole has not yet undergone a formal validation process.  Please email comments to lci@nrel.gov."/>
                <geography location="RNA" text="North America (US and Canada)"/>
                <technology text="Recovery from petroleum refining and natural gas sweetening via the Claus process"/>
                <timePeriod dataValidForEntirePeriod="true">
                    <startDate>1983-12-31-07:00</startDate>
                    <endDate>2003-12-31-07:00</endDate>
                </timePeriod>
                <dataSetInformation type="5" impactAssessmentResult="false" timestamp="2019-05-28T01:38:32.752-06:00" version="0.0" internalVersion="0.0" energyValues="0" languageCode="en" localLanguageCode="en"/>
            </processInformation>
            <modellingAndValidation>
                <representativeness samplingProcedure="Data are from secondary sources."/>
                <source number="2175" sourceType="0" firstAuthor="THE PLASTICS DIVISION OF &#xA;THE AMERICAN C " year="2010" title="CRADLE-TO-GATE LIFE CYCLE INVENTORY OF NINE PLASTIC RESINS AND FOUR POLYURETHANE PRECURSORS" placeOfPublications="unknown"/>
            </modellingAndValidation>
            <administrativeInformation>
                <dataEntryBy person="1689"/>
                <dataGeneratorAndPublication person="1689" dataPublishedIn="0" referenceToPublishedSource="2175" copyright="false" accessRestrictedTo="0"/>
                <person number="1689" name="Franklin Associates" address="Prairie Village, KS" telephone="913-649-2225 x236" email="Melissa.Huff@erg.com" companyCode="unknown" countryCode="US"/>
            </administrativeInformation>
        </metaInformation>
        <flowData>
            <exchange number="15160" category="21: Mining, Quarrying, and Oil and Gas Extraction" subCategory="2111: Oil and Gas Extraction" localCategory="21: Mining, Quarrying, and Oil and Gas Extraction" localSubCategory="2111: Oil and Gas Extraction" name="Sulfur, at plant" location="RNA" unit="kg" meanValue="1.0" infrastructureProcess="false">
                <outputGroup>0</outputGroup>
            </exchange>
            <exchange number="29722" category="water" subCategory="unspecified" localCategory="water" localSubCategory="unspecified" name="Dissolved solids" unit="kg" meanValue="0.00815" infrastructureProcess="false">
                <outputGroup>4</outputGroup>
            </exchange>
            <exchange number="8936" category="Emission to water" subCategory="unspecified" localCategory="Emission to water" localSubCategory="unspecified" CASNumber="007439-96-5" name="Manganese" unit="kg" meanValue="1.84E-7" formula="Mn" infrastructureProcess="false">
                <outputGroup>4</outputGroup>
            </exchange>
            <exchange number="36670" category="Emission to air" subCategory="unspecified" localCategory="Emission to air" localSubCategory="unspecified" CASNumber="000074-82-8" name="Methane" unit="kg" meanValue="0.00634" formula="CH4" infrastructureProcess="false">
                <outputGroup>4</outputGroup>
            </exchange>
            <exchange number="8254" category="22: Utilities" subCategory="2213: Water, Sewage and Other Systems" localCategory="22: Utilities" localSubCategory="2213: Water, Sewage and Other Systems" name="Residual fuel oil, combusted in industrial boiler" location="RNA" unit="m3" meanValue="0.00101" infrastructureProcess="false">
                <inputGroup>5</inputGroup>
            </exchange>
            <exchange number="7812" category="water" subCategory="unspecified" localCategory="water" localSubCategory="unspecified" name="Silver" unit="kg" meanValue="3.92E-7" infrastructureProcess="false">
                <outputGroup>4</outputGroup>
            </exchange>
            <exchange number="31334" category="water" subCategory="unspecified" localCategory="water" localSubCategory="unspecified" name="Yttrium" unit="kg" meanValue="1.92E-9" infrastructureProcess="false">
                <outputGroup>4</outputGroup>
            </exchange>
            <exchange number="28378" category="water" subCategory="unspecified" localCategory="water" localSubCategory="unspecified" name="Antimony" unit="kg" meanValue="1.68E-8" infrastructureProcess="false">
                <outputGroup>4</outputGroup>
            </exchange>
            <exchange number="32722" category="water" subCategory="unspecified" localCategory="water" localSubCategory="unspecified" name="Biphenyl" unit="kg" meanValue="3.57E-9" infrastructureProcess="false">
                <outputGroup>4</outputGroup>
            </exchange>
            <exchange number="49579" category="22: Utilities" subCategory="2213: Water, Sewage and Other Systems" localCategory="22: Utilities" localSubCategory="2213: Water, Sewage and Other Systems" name="Diesel, combusted in industrial equipment" location="RNA" unit="m3" meanValue="0.00164" generalComment="Includes diesel fuel and distillate oil amounts." infrastructureProcess="false">
                <inputGroup>5</inputGroup>
            </exchange>
            <exchange number="45987" category="Emission to water" subCategory="unspecified" localCategory="Emission to water" localSubCategory="unspecified" CASNumber="007440-31-5" name="Tin" unit="kg" meanValue="6.66E-8" formula="Sn" infrastructureProcess="false">
                <outputGroup>4</outputGroup>
            </exchange>
            <exchange number="37974" category="Emission to water" subCategory="unspecified" localCategory="Emission to water" localSubCategory="unspecified" name="Suspended solids, unspecified" unit="kg" meanValue="0.00298" infrastructureProcess="false">
                <outputGroup>4</outputGroup>
            </exchange>
            <exchange number="52058" category="water" subCategory="unspecified" localCategory="water" localSubCategory="unspecified" name="Benzoic acid" unit="kg" meanValue="2.91E-7" infrastructureProcess="false">
                <outputGroup>4</outputGroup>
            </exchange>
            <exchange number="11152" category="water" subCategory="unspecified" localCategory="water" localSubCategory="unspecified" name="Radium-228/kg" unit="kg" meanValue="5.3E-17" infrastructureProcess="false">
                <outputGroup>4</outputGroup>
            </exchange>
            <exchange number="3920" category="water" subCategory="unspecified" localCategory="water" localSubCategory="unspecified" name="Naphthalene, 2-methyl-" unit="kg" meanValue="4.31E-9" infrastructureProcess="false">
                <outputGroup>4</outputGroup>
            </exchange>
            <exchange number="26156" category="water" subCategory="unspecified" localCategory="water" localSubCategory="unspecified" name="2-Hexanone" unit="kg" meanValue="1.88E-9" infrastructureProcess="false">
                <outputGroup>4</outputGroup>
            </exchange>
            <exchange number="5306" category="water" subCategory="unspecified" localCategory="water" localSubCategory="unspecified" name="Strontium" unit="kg" meanValue="1.56E-5" infrastructureProcess="false">
                <outputGroup>4</outputGroup>
            </exchange>
            <exchange number="38284" category="water" subCategory="unspecified" localCategory="water" localSubCategory="unspecified" name="Dibenzothiophene" unit="kg" meanValue="1.27E-11" infrastructureProcess="false">
                <outputGroup>4</outputGroup>
            </exchange>
            <exchange number="4488" category="water" subCategory="unspecified" localCategory="water" localSubCategory="unspecified" name="Acetone" unit="kg" meanValue="8.31E-10" infrastructureProcess="false">
                <outputGroup>4</outputGroup>
            </exchange>
            <exchange number="14146" category="water" subCategory="unspecified" localCategory="water" localSubCategory="unspecified" name="Phenanthrenes, alkylated, unspecified" unit="kg" meanValue="3.75E-10" infrastructureProcess="false">
                <outputGroup>4</outputGroup>
            </exchange>
            <exchange number="21158" category="water" subCategory="unspecified" localCategory="water" localSubCategory="unspecified" name="Titanium, ion" unit="kg" meanValue="2.6E-7" infrastructureProcess="false">
                <outputGroup>4</outputGroup>
            </exchange>
            <exchange number="18242" category="water" subCategory="unspecified" localCategory="water" localSubCategory="unspecified" name="Toluene" unit="kg" meanValue="3.06E-7" infrastructureProcess="false">
                <outputGroup>4</outputGroup>
            </exchange>
            <exchange number="17670" category="water" subCategory="unspecified" localCategory="water" localSubCategory="unspecified" name="Magnesium" unit="kg" meanValue="1.26E-4" infrastructureProcess="false">
                <outputGroup>4</outputGroup>
            </exchange>
            <exchange number="43311" category="water" subCategory="unspecified" localCategory="water" localSubCategory="unspecified" name="Hexanoic acid" unit="kg" meanValue="6.02E-8" infrastructureProcess="false">
                <outputGroup>4</outputGroup>
            </exchange>
            <exchange number="23974" category="water" subCategory="unspecified" localCategory="water" localSubCategory="unspecified" name="Phenol, 2,4-dimethyl-" unit="kg" meanValue="2.07E-8" infrastructureProcess="false">
                <outputGroup>4</outputGroup>
            </exchange>
            <exchange number="26192" category="water" subCategory="unspecified" localCategory="water" localSubCategory="unspecified" name="Phenanthrene" unit="kg" meanValue="2.28E-10" infrastructureProcess="false">
                <outputGroup>4</outputGroup>
            </exchange>
            <exchange number="38130" category="water" subCategory="unspecified" localCategory="water" localSubCategory="unspecified" name="Decane" unit="kg" meanValue="8.27E-9" infrastructureProcess="false">
                <outputGroup>4</outputGroup>
            </exchange>
            <exchange number="39226" category="Emission to water" subCategory="unspecified" localCategory="Emission to water" localSubCategory="unspecified" CASNumber="007440-02-0" name="Nickel" unit="kg" meanValue="6.9E-8" formula="Ni" infrastructureProcess="false">
                <outputGroup>4</outputGroup>
            </exchange>
            <exchange number="45439" category="water" subCategory="unspecified" localCategory="water" localSubCategory="unspecified" name="Methane, monochloro-, R-40" unit="kg" meanValue="3.31E-12" infrastructureProcess="false">
                <outputGroup>4</outputGroup>
            </exchange>
            <exchange number="43891" category="water" subCategory="unspecified" localCategory="water" localSubCategory="unspecified" name="Selenium" unit="kg" meanValue="3.27E-9" infrastructureProcess="false">
                <outputGroup>4</outputGroup>
            </exchange>
            <exchange number="8298" category="Emission to water" subCategory="unspecified" localCategory="Emission to water" localSubCategory="unspecified" CASNumber="007704-34-9" name="Sulfur" unit="kg" meanValue="6.89E-7" formula="S" infrastructureProcess="false">
                <outputGroup>4</outputGroup>
            </exchange>
            <exchange number="25118" category="water" subCategory="unspecified" localCategory="water" localSubCategory="unspecified" name="Chloride" unit="kg" meanValue="0.00773" infrastructureProcess="false">
                <outputGroup>4</outputGroup>
            </exchange>
            <exchange number="12840" category="air" subCategory="unspecified" localCategory="air" localSubCategory="unspecified" name="Aldehydes, unspecified" unit="kg" meanValue="8.9E-5" infrastructureProcess="false">
                <outputGroup>4</outputGroup>
            </exchange>
            <exchange number="10342" category="Emission to water" subCategory="unspecified" localCategory="Emission to water" localSubCategory="unspecified" CASNumber="007439-92-1" name="Lead" unit="kg" meanValue="1.51E-7" formula="Pb" infrastructureProcess="false">
                <outputGroup>4</outputGroup>
            </exchange>
            <exchange number="11696" category="water" subCategory="unspecified" localCategory="water" localSubCategory="unspecified" name="Cyanide" unit="kg" meanValue="5.93E-12" infrastructureProcess="false">
                <outputGroup>4</outputGroup>
            </exchange>
            <exchange number="33248" category="water" subCategory="unspecified" localCategory="water" localSubCategory="unspecified" name="Hexadecane" unit="kg" meanValue="1.72E-8" infrastructureProcess="false">
                <outputGroup>4</outputGroup>
            </exchange>
            <exchange number="27606" category="water" subCategory="unspecified" localCategory="water" localSubCategory="unspecified" name="BOD5, Biological Oxygen Demand" unit="kg" meanValue="3.18E-5" infrastructureProcess="false">
                <outputGroup>4</outputGroup>
            </exchange>
            <exchange number="27804" category="water" subCategory="unspecified" localCategory="water" localSubCategory="unspecified" name="Eicosane" unit="kg" meanValue="4.3E-9" infrastructureProcess="false">
                <outputGroup>4</outputGroup>
            </exchange>
            <exchange number="42561" category="water" subCategory="unspecified" localCategory="water" localSubCategory="unspecified" name="Lead-210/kg" unit="kg" meanValue="2.98E-17" infrastructureProcess="false">
                <outputGroup>4</outputGroup>
            </exchange>
            <exchange number="44657" category="water" subCategory="unspecified" localCategory="water" localSubCategory="unspecified" name="Calcium, ion" unit="kg" meanValue="6.35E-4" infrastructureProcess="false">
                <outputGroup>4</outputGroup>
            </exchange>
            <exchange number="39160" category="water" subCategory="unspecified" localCategory="water" localSubCategory="unspecified" name="Aluminum" unit="kg" meanValue="2.7E-5" infrastructureProcess="false">
                <outputGroup>4</outputGroup>
            </exchange>
            <exchange number="11286" category="water" subCategory="unspecified" localCategory="water" localSubCategory="unspecified" name="4-Methyl-2-pentanone" unit="kg" meanValue="3.46E-10" infrastructureProcess="false">
                <outputGroup>4</outputGroup>
            </exchange>
            <exchange number="21180" category="water" subCategory="unspecified" localCategory="water" localSubCategory="unspecified" name="Tetradecane" unit="kg" meanValue="6.59E-9" infrastructureProcess="false">
                <outputGroup>4</outputGroup>
            </exchange>
            <exchange number="20918" category="air" subCategory="unspecified" localCategory="air" localSubCategory="unspecified" name="Carbon dioxide, fossil " unit="kg" meanValue="0.214" infrastructureProcess="false">
                <outputGroup>4</outputGroup>
            </exchange>
            <exchange number="50053" category="Technosphere Flows" subCategory="CUTOFF Flows" localCategory="Technosphere Flows" localSubCategory="CUTOFF Flows" name="CUTOFF Disposal, solid waste, unspecified, to sanitary landfill" location="RNA" unit="kg" meanValue="0.0328" infrastructureProcess="false">
                <inputGroup>5</inputGroup>
            </exchange>
            <exchange number="17954" category="water" subCategory="unspecified" localCategory="water" localSubCategory="unspecified" name="p-Xylene" unit="kg" meanValue="3.03E-9" infrastructureProcess="false">
                <outputGroup>4</outputGroup>
            </exchange>
            <exchange number="4832" category="water" subCategory="unspecified" localCategory="water" localSubCategory="unspecified" name="o-Xylene" unit="kg" meanValue="3.03E-9" infrastructureProcess="false">
                <outputGroup>4</outputGroup>
            </exchange>
            <exchange number="9430" category="water" subCategory="unspecified" localCategory="water" localSubCategory="unspecified" name="Phenol" unit="kg" meanValue="7.92E-8" infrastructureProcess="false">
                <outputGroup>4</outputGroup>
            </exchange>
            <exchange number="35190" category="water" subCategory="unspecified" localCategory="water" localSubCategory="unspecified" name="Mercury" unit="kg" meanValue="2.96E-10" infrastructureProcess="false">
                <outputGroup>4</outputGroup>
            </exchange>
            <exchange number="25558" category="Emission to water" subCategory="unspecified" localCategory="Emission to water" localSubCategory="unspecified" CASNumber="007440-66-6" name="Zinc" unit="kg" meanValue="6.15E-7" formula="Zn" infrastructureProcess="false">
                <outputGroup>4</outputGroup>
            </exchange>
            <exchange number="46129" category="water" subCategory="unspecified" localCategory="water" localSubCategory="unspecified" name="Thallium" unit="kg" meanValue="3.56E-9" infrastructureProcess="false">
                <outputGroup>4</outputGroup>
            </exchange>
            <exchange number="48547" category="water" subCategory="unspecified" localCategory="water" localSubCategory="unspecified" name="n-Hexacosane" unit="kg" meanValue="5.49E-11" infrastructureProcess="false">
                <outputGroup>4</outputGroup>
            </exchange>
            <exchange number="13658" category="water" subCategory="unspecified" localCategory="water" localSubCategory="unspecified" name="Benzenes, alkylated, unspecified" unit="kg" meanValue="5.51E-8" infrastructureProcess="false">
                <outputGroup>4</outputGroup>
            </exchange>
            <exchange number="40630" category="water" subCategory="unspecified" localCategory="water" localSubCategory="unspecified" name="Benzene, 1-methyl-4-(1-methylethyl)-" unit="kg" meanValue="8.22E-12" infrastructureProcess="false">
                <outputGroup>4</outputGroup>
            </exchange>
            <exchange number="5720" category="water" subCategory="unspecified" localCategory="water" localSubCategory="unspecified" name="Radium-226/kg" unit="kg" meanValue="1.04E-14" infrastructureProcess="false">
                <outputGroup>4</outputGroup>
            </exchange>
            <exchange number="20366" category="22: Utilities" subCategory="2213: Water, Sewage and Other Systems" localCategory="22: Utilities" localSubCategory="2213: Water, Sewage and Other Systems" name="Gasoline, combusted in equipment" location="RNA" unit="m3" meanValue="8.66E-4" infrastructureProcess="false">
                <inputGroup>5</inputGroup>
            </exchange>
            <exchange number="28582" category="Emission to water" subCategory="unspecified" localCategory="Emission to water" localSubCategory="unspecified" CASNumber="007439-98-7" name="Molybdenum" unit="kg" meanValue="6.57E-9" formula="Mo" infrastructureProcess="false">
                <outputGroup>4</outputGroup>
            </exchange>
            <exchange number="46191" category="water" subCategory="unspecified" localCategory="water" localSubCategory="unspecified" name="Copper, ion" unit="kg" meanValue="7.9E-8" infrastructureProcess="false">
                <outputGroup>4</outputGroup>
            </exchange>
            <exchange number="46069" category="Emission to water" subCategory="unspecified" localCategory="Emission to water" localSubCategory="unspecified" CASNumber="007440-47-3" name="Chromium" unit="kg" meanValue="7.21E-7" formula="Cr" infrastructureProcess="false">
                <outputGroup>4</outputGroup>
            </exchange>
            <exchange number="19838" category="Emission to water" subCategory="unspecified" localCategory="Emission to water" localSubCategory="unspecified" name="COD, Chemical Oxygen Demand" unit="kg" meanValue="5.26E-5" infrastructureProcess="false">
                <outputGroup>4</outputGroup>
            </exchange>
            <exchange number="9780" category="water" subCategory="unspecified" localCategory="water" localSubCategory="unspecified" name="Methyl ethyl ketone" unit="kg" meanValue="6.62E-12" infrastructureProcess="false">
                <outputGroup>4</outputGroup>
            </exchange>
            <exchange number="35448" category="water" subCategory="unspecified" localCategory="water" localSubCategory="unspecified" name="Cobalt" unit="kg" meanValue="6.34E-9" infrastructureProcess="false">
                <outputGroup>4</outputGroup>
            </exchange>
            <exchange number="19894" category="water" subCategory="unspecified" localCategory="water" localSubCategory="unspecified" name="Dibenzofuran" unit="kg" meanValue="1.56E-11" infrastructureProcess="false">
                <outputGroup>4</outputGroup>
            </exchange>
            <exchange number="51440" category="water" subCategory="unspecified" localCategory="water" localSubCategory="unspecified" name="Lithium, ion" unit="kg" meanValue="2.87E-5" infrastructureProcess="false">
                <outputGroup>4</outputGroup>
            </exchange>
            <exchange number="35868" category="22: Utilities" subCategory="2211: Electric Power Generation, Transmission and Distribution" localCategory="22: Utilities" localSubCategory="2211: Electric Power Generation, Transmission and Distribution" name="Electricity, at grid" location="RNA" unit="MJ" meanValue="0.159" infrastructureProcess="false">
                <inputGroup>5</inputGroup>
            </exchange>
            <exchange number="40202" category="water" subCategory="unspecified" localCategory="water" localSubCategory="unspecified" name="Octadecane" unit="kg" meanValue="4.27E-9" infrastructureProcess="false">
                <outputGroup>4</outputGroup>
            </exchange>
            <exchange number="33522" category="water" subCategory="unspecified" localCategory="water" localSubCategory="unspecified" name="Benzene, ethyl-" unit="kg" meanValue="1.83E-8" infrastructureProcess="false">
                <outputGroup>4</outputGroup>
            </exchange>
            <exchange number="30956" category="water" subCategory="unspecified" localCategory="water" localSubCategory="unspecified" name="Vanadium" unit="kg" meanValue="7.45E-9" infrastructureProcess="false">
                <outputGroup>4</outputGroup>
            </exchange>
            <exchange number="44041" category="water" subCategory="unspecified" localCategory="water" localSubCategory="unspecified" name="Fluorenes, alkylated, unspecified" unit="kg" meanValue="3.19E-9" infrastructureProcess="false">
                <outputGroup>4</outputGroup>
            </exchange>
            <exchange number="17734" category="water" subCategory="unspecified" localCategory="water" localSubCategory="unspecified" name="Fluorene, 1-methyl-" unit="kg" meanValue="9.36E-12" infrastructureProcess="false">
                <outputGroup>4</outputGroup>
            </exchange>
            <exchange number="32110" category="water" subCategory="unspecified" localCategory="water" localSubCategory="unspecified" name="Naphthalene" unit="kg" meanValue="5.14E-9" infrastructureProcess="false">
                <outputGroup>4</outputGroup>
            </exchange>
            <exchange number="13708" category="water" subCategory="unspecified" localCategory="water" localSubCategory="unspecified" name="Benzene, pentamethyl-" unit="kg" meanValue="6.16E-12" infrastructureProcess="false">
                <outputGroup>4</outputGroup>
            </exchange>
            <exchange number="6046" category="water" subCategory="unspecified" localCategory="water" localSubCategory="unspecified" name="Docosane" unit="kg" meanValue="8.8E-11" infrastructureProcess="false">
                <outputGroup>4</outputGroup>
            </exchange>
            <exchange number="32948" category="water" subCategory="unspecified" localCategory="water" localSubCategory="unspecified" name="Fluorine" unit="kg" meanValue="1.48E-9" infrastructureProcess="false">
                <outputGroup>4</outputGroup>
            </exchange>
            <exchange number="51226" category="water" subCategory="unspecified" localCategory="water" localSubCategory="unspecified" name="Benzene" unit="kg" meanValue="3.3E-7" infrastructureProcess="false">
                <outputGroup>4</outputGroup>
            </exchange>
            <exchange number="5888" category="water" subCategory="unspecified" localCategory="water" localSubCategory="unspecified" name="Oils, unspecified" unit="kg" meanValue="5.44E-6" infrastructureProcess="false">
                <outputGroup>4</outputGroup>
            </exchange>
            <exchange number="31348" category="water" subCategory="unspecified" localCategory="water" localSubCategory="unspecified" name="Naphthalenes, alkylated, unspecified" unit="kg" meanValue="9.03E-10" infrastructureProcess="false">
                <outputGroup>4</outputGroup>
            </exchange>
            <exchange number="16668" category="water" subCategory="unspecified" localCategory="water" localSubCategory="unspecified" name="o-Cresol" unit="kg" meanValue="8.78E-9" infrastructureProcess="false">
                <outputGroup>4</outputGroup>
            </exchange>
            <exchange number="31130" category="Emission to water" subCategory="unspecified" localCategory="Emission to water" localSubCategory="unspecified" CASNumber="007664-41-7" name="Ammonia" unit="kg" meanValue="3.46E-6" formula="NH3" infrastructureProcess="false">
                <outputGroup>4</outputGroup>
            </exchange>
            <exchange number="17066" category="22: Utilities" subCategory="2213: Water, Sewage and Other Systems" localCategory="22: Utilities" localSubCategory="2213: Water, Sewage and Other Systems" name="Natural gas, combusted in industrial boiler" location="RNA" unit="m3" meanValue="0.113" infrastructureProcess="false">
                <inputGroup>5</inputGroup>
            </exchange>
            <exchange number="8760" category="water" subCategory="unspecified" localCategory="water" localSubCategory="unspecified" name="Surfactants" unit="kg" meanValue="1.54E-7" infrastructureProcess="false">
                <outputGroup>4</outputGroup>
            </exchange>
            <exchange number="4860" category="water" subCategory="unspecified" localCategory="water" localSubCategory="unspecified" name="Cadmium, ion" unit="kg" meanValue="9.03E-9" infrastructureProcess="false">
                <outputGroup>4</outputGroup>
            </exchange>
            <exchange number="41983" category="water" subCategory="unspecified" localCategory="water" localSubCategory="unspecified" name="Arsenic, ion" unit="kg" meanValue="5.88E-8" infrastructureProcess="false">
                <outputGroup>4</outputGroup>
            </exchange>
            <exchange number="26410" category="Emission to water" subCategory="unspecified" localCategory="Emission to water" localSubCategory="unspecified" CASNumber="007439-89-6" name="Iron" unit="kg" meanValue="5.04E-5" formula="Fe" infrastructureProcess="false">
                <outputGroup>4</outputGroup>
            </exchange>
            <exchange number="7064" category="water" subCategory="unspecified" localCategory="water" localSubCategory="unspecified" name="m-Xylene" unit="kg" meanValue="8.17E-9" infrastructureProcess="false">
                <outputGroup>4</outputGroup>
            </exchange>
            <exchange number="30688" category="water" subCategory="unspecified" localCategory="water" localSubCategory="unspecified" name="Xylene" unit="kg" meanValue="1.46E-7" infrastructureProcess="false">
                <outputGroup>4</outputGroup>
            </exchange>
            <exchange number="49941" category="31-33: Manufacturing" subCategory="3241: Petroleum and Coal Products Manufacturing" localCategory="31-33: Manufacturing" localSubCategory="3241: Petroleum and Coal Products Manufacturing" name="Recovered energy" location="RNA" unit="MJ" meanValue="6.0" generalComment="Credit for steam or heat co-product sold externally." infrastructureProcess="false">
                <outputGroup>2</outputGroup>
            </exchange>
            <exchange number="9588" category="water" subCategory="unspecified" localCategory="water" localSubCategory="unspecified" name="Bromide" unit="kg" meanValue="3.92E-5" infrastructureProcess="false">
                <outputGroup>4</outputGroup>
            </exchange>
            <exchange number="28148" category="water" subCategory="unspecified" localCategory="water" localSubCategory="unspecified" name="Boron" unit="kg" meanValue="8.95E-7" infrastructureProcess="false">
                <outputGroup>4</outputGroup>
            </exchange>
            <exchange number="40390" category="water" subCategory="unspecified" localCategory="water" localSubCategory="unspecified" name="Beryllium" unit="kg" meanValue="3.65E-9" infrastructureProcess="false">
                <outputGroup>4</outputGroup>
            </exchange>
            <exchange number="35268" category="water" subCategory="unspecified" localCategory="water" localSubCategory="unspecified" name="Sulfate" unit="kg" meanValue="1.33E-5" infrastructureProcess="false">
                <outputGroup>4</outputGroup>
            </exchange>
            <exchange number="10186" category="water" subCategory="unspecified" localCategory="water" localSubCategory="unspecified" name="Sodium, ion" unit="kg" meanValue="0.00186" infrastructureProcess="false">
                <outputGroup>4</outputGroup>
            </exchange>
            <exchange number="6612" category="water" subCategory="unspecified" localCategory="water" localSubCategory="unspecified" name="Dodecane" unit="kg" meanValue="1.57E-8" infrastructureProcess="false">
                <outputGroup>4</outputGroup>
            </exchange>
            <exchange number="17450" category="water" subCategory="unspecified" localCategory="water" localSubCategory="unspecified" name="p-Cresol" unit="kg" meanValue="8.89E-9" infrastructureProcess="false">
                <outputGroup>4</outputGroup>
            </exchange>
            <exchange number="24718" category="water" subCategory="unspecified" localCategory="water" localSubCategory="unspecified" name="Barium" unit="kg" meanValue="3.65E-4" infrastructureProcess="false">
                <outputGroup>4</outputGroup>
            </exchange>
        </flowData>
    </dataset>
</ecoSpold>
