<?xml version="1.0" encoding="UTF-8" standalone="yes"?>
<ecoSpold xmlns="http://www.EcoInvent.org/EcoSpold01">
    <dataset number="53819" generator="openLCA" timestamp="2019-10-15T12:53:04.980-06:00">
        <metaInformation>
            <processInformation>
                <referenceFunction datasetRelatesToProduct="false" name="Carbon monoxide, at plant" localName="Carbon monoxide, at plant" infrastructureProcess="false" amount="1.0" unit="kg" category="31-33: Manufacturing" subCategory="3251: Basic Chemical Manufacturing" localCategory="31-33: Manufacturing" localSubCategory="3251: Basic Chemical Manufacturing" generalComment="Complete inventory data and metadata are available in full in the final report and appendices, Cradle-to-Gate Life Cycle Inventory of Nine Plastic Resins and Four Polyurethane Precursors. This report has been extensively reviewed within Franklin Associates and has undergone partial critical review by ACC Plastics Division members and is available at: www.americanchemistry.com. Quantities may vary slightly between the reference to main source and and this module due to rounding.  Important note: although most of the data in the US LCI database has undergone some sort of review, the database as a whole has not yet undergone a formal validation process.  Please email comments to lci@nrel.gov."/>
                <geography location="RNA" text="Representative of North America (US and Canada)"/>
                <technology text="The raw materials necessary for the production of carbon monoxide are the gases resulting from steam reformation, as in the production of synthesis gas for ammonia manufacture, or from partial combustion of hydrocarbons. The feed gas must be stripped of carbon dioxide by scrubbing with ethanolamine solution and then passed through a molecular sieve to remove traces of carbon dioxide and water. Carbon monoxide and unconverted methane are condensed from the gas mixture and separated by lowering the pressure to remove entrained gases. The methane is recycled and the carbon monoxide comes out as a product after evaporation, warming, and compression."/>
                <timePeriod dataValidForEntirePeriod="true">
                    <startDate>2002-12-31-07:00</startDate>
                    <endDate>2003-12-31-07:00</endDate>
                </timePeriod>
                <dataSetInformation type="1" impactAssessmentResult="false" timestamp="2019-07-20T16:59:06.629-06:00" version="0.0" internalVersion="0.0" energyValues="0" languageCode="en" localLanguageCode="en"/>
            </processInformation>
            <modellingAndValidation>
                <representativeness samplingProcedure="The energy and emissions data for carbon monoxide are from secondary sources and estimates. The transportation energy was collected from an acetic acid producer and calculated using estimates."/>
                <source number="2077" sourceType="0" firstAuthor="THE PLASTICS DIVISION OF &#xA;THE ACC&#xA; " year="2011" title="CRADLE-TO-GATE LIFE CYCLE INVENTORY OF NINE PLASTIC RESINS AND FOUR POLYURETHANE PRECURSORS" placeOfPublications="unknown" text="http://www.americanchemistry.com/s_plastics/sec_content.asp?CID=1593&amp;DID=6056"/>
            </modellingAndValidation>
            <administrativeInformation>
                <dataEntryBy person="1689"/>
                <dataGeneratorAndPublication person="1689" dataPublishedIn="0" referenceToPublishedSource="2077" copyright="false" accessRestrictedTo="0"/>
                <person number="1689" name="Franklin Associates" address="Prairie Village, KS" telephone="913-649-2225 x236" email="Melissa.Huff@erg.com" companyCode="unknown" countryCode="US"/>
            </administrativeInformation>
        </metaInformation>
        <flowData>
            <exchange number="31866" category="31-33: Manufacturing" subCategory="3251: Basic Chemical Manufacturing" localCategory="31-33: Manufacturing" localSubCategory="3251: Basic Chemical Manufacturing" name="Carbon monoxide, at plant" location="RNA" unit="kg" meanValue="1.0" infrastructureProcess="false">
                <outputGroup>0</outputGroup>
            </exchange>
            <exchange number="21180" category="water" subCategory="unspecified" localCategory="water" localSubCategory="unspecified" name="Tetradecane" unit="kg" meanValue="6.0783E-9" infrastructureProcess="false">
                <outputGroup>4</outputGroup>
            </exchange>
            <exchange number="32232" category="air" subCategory="unspecified" localCategory="air" localSubCategory="unspecified" name="Radioactive species, unspecified" unit="kBq" meanValue="1010.7" infrastructureProcess="false">
                <outputGroup>4</outputGroup>
            </exchange>
            <exchange number="46339" category="air" subCategory="unspecified" localCategory="air" localSubCategory="unspecified" name="Cobalt" unit="kg" meanValue="4.1498E-9" infrastructureProcess="false">
                <outputGroup>4</outputGroup>
            </exchange>
            <exchange number="20624" category="air" subCategory="unspecified" localCategory="air" localSubCategory="unspecified" name="Toluene, 2,4-dinitro-" unit="kg" meanValue="2.4374E-15" infrastructureProcess="false">
                <outputGroup>4</outputGroup>
            </exchange>
            <exchange number="10342" category="Emission to water" subCategory="unspecified" localCategory="Emission to water" localSubCategory="unspecified" CASNumber="007439-92-1" name="Lead" unit="kg" meanValue="1.2856E-7" formula="Pb" infrastructureProcess="false">
                <outputGroup>4</outputGroup>
            </exchange>
            <exchange number="10618" category="resource" subCategory="unspecified" localCategory="resource" localSubCategory="unspecified" name="Energy, unspecified" unit="MJ" meanValue="0.0025194" generalComment="Energy unspecified reflects &quot;other fossil&quot; fuels" infrastructureProcess="false">
                <inputGroup>4</inputGroup>
            </exchange>
            <exchange number="7484" category="air" subCategory="unspecified" localCategory="air" localSubCategory="unspecified" name="Fluoranthene" unit="kg" meanValue="1.2666E-11" infrastructureProcess="false">
                <outputGroup>4</outputGroup>
            </exchange>
            <exchange number="35448" category="water" subCategory="unspecified" localCategory="water" localSubCategory="unspecified" name="Cobalt" unit="kg" meanValue="5.681E-9" infrastructureProcess="false">
                <outputGroup>4</outputGroup>
            </exchange>
            <exchange number="30072" category="Emission to air" subCategory="unspecified" localCategory="Emission to air" localSubCategory="unspecified" CASNumber="000074-82-8" name="Methane, fossil" unit="kg" meanValue="0.012866" formula="CH4" infrastructureProcess="false">
                <outputGroup>4</outputGroup>
            </exchange>
            <exchange number="7096" category="Emission to water" subCategory="unspecified" localCategory="Emission to water" localSubCategory="unspecified" CASNumber="016984-48-8" name="Fluoride" unit="kg" meanValue="1.721E-7" formula="F-" infrastructureProcess="false">
                <outputGroup>4</outputGroup>
            </exchange>
            <exchange number="17880" category="water" subCategory="unspecified" localCategory="water" localSubCategory="unspecified" name="Sulfide" unit="kg" meanValue="9.5441E-10" infrastructureProcess="false">
                <outputGroup>4</outputGroup>
            </exchange>
            <exchange number="48461" category="resource" subCategory="unspecified" localCategory="resource" localSubCategory="unspecified" name="Coal, lignite, in ground" unit="kg" meanValue="0.0036578" infrastructureProcess="false">
                <inputGroup>4</inputGroup>
            </exchange>
            <exchange number="28378" category="water" subCategory="unspecified" localCategory="water" localSubCategory="unspecified" name="Antimony" unit="kg" meanValue="1.4105E-8" infrastructureProcess="false">
                <outputGroup>4</outputGroup>
            </exchange>
            <exchange number="5242" category="air" subCategory="unspecified" localCategory="air" localSubCategory="unspecified" name="Acetaldehyde" unit="kg" meanValue="8.8022E-9" infrastructureProcess="false">
                <outputGroup>4</outputGroup>
            </exchange>
            <exchange number="28148" category="water" subCategory="unspecified" localCategory="water" localSubCategory="unspecified" name="Boron" unit="kg" meanValue="8.0325E-7" infrastructureProcess="false">
                <outputGroup>4</outputGroup>
            </exchange>
            <exchange number="5888" category="water" subCategory="unspecified" localCategory="water" localSubCategory="unspecified" name="Oils, unspecified" unit="kg" meanValue="4.6629E-6" infrastructureProcess="false">
                <outputGroup>4</outputGroup>
            </exchange>
            <exchange number="42147" category="water" subCategory="unspecified" localCategory="water" localSubCategory="unspecified" name="Nitrogen, total" unit="kg" meanValue="2.6341E-8" infrastructureProcess="false">
                <outputGroup>4</outputGroup>
            </exchange>
            <exchange number="19538" category="Emission to water" subCategory="unspecified" localCategory="Emission to water" localSubCategory="unspecified" CASNumber="007440-50-8" name="Copper" unit="kg" meanValue="6.7403E-8" formula="Cu" infrastructureProcess="false">
                <outputGroup>4</outputGroup>
            </exchange>
            <exchange number="30956" category="water" subCategory="unspecified" localCategory="water" localSubCategory="unspecified" name="Vanadium" unit="kg" meanValue="7.1063E-9" infrastructureProcess="false">
                <outputGroup>4</outputGroup>
            </exchange>
            <exchange number="29662" category="Emission to air" subCategory="unspecified" localCategory="Emission to air" localSubCategory="unspecified" CASNumber="007440-02-0" name="Nickel" unit="kg" meanValue="4.4304E-8" formula="Ni" infrastructureProcess="false">
                <outputGroup>4</outputGroup>
            </exchange>
            <exchange number="20032" category="water" subCategory="unspecified" localCategory="water" localSubCategory="unspecified" name="Ammonium, ion" unit="kg" meanValue="1.0581E-8" infrastructureProcess="false">
                <outputGroup>4</outputGroup>
            </exchange>
            <exchange number="43891" category="water" subCategory="unspecified" localCategory="water" localSubCategory="unspecified" name="Selenium" unit="kg" meanValue="6.5377E-9" infrastructureProcess="false">
                <outputGroup>4</outputGroup>
            </exchange>
            <exchange number="34544" category="Emission to air" subCategory="unspecified" localCategory="Emission to air" localSubCategory="unspecified" name="Particulates, unspecified" unit="kg" meanValue="6.0304E-5" formula="PM" infrastructureProcess="false">
                <outputGroup>4</outputGroup>
            </exchange>
            <exchange number="26356" category="Emission to air" subCategory="unspecified" localCategory="Emission to air" localSubCategory="unspecified" name="VOC, volatile organic compounds" unit="kg" meanValue="8.1033E-4" infrastructureProcess="false">
                <outputGroup>4</outputGroup>
            </exchange>
            <exchange number="9770" category="air" subCategory="unspecified" localCategory="air" localSubCategory="unspecified" name="Polycyclic organic matter, unspecified" unit="kg" meanValue="2.813E-10" infrastructureProcess="false">
                <outputGroup>4</outputGroup>
            </exchange>
            <exchange number="47837" category="air" subCategory="unspecified" localCategory="air" localSubCategory="unspecified" name="Arsenic" unit="kg" meanValue="9.1272E-9" infrastructureProcess="false">
                <outputGroup>4</outputGroup>
            </exchange>
            <exchange number="20898" category="air" subCategory="unspecified" localCategory="air" localSubCategory="unspecified" name="Pyrene" unit="kg" meanValue="5.8869E-12" infrastructureProcess="false">
                <outputGroup>4</outputGroup>
            </exchange>
            <exchange number="48325" category="air" subCategory="unspecified" localCategory="air" localSubCategory="unspecified" name="Ethene, tetrachloro-" unit="kg" meanValue="8.0567E-10" infrastructureProcess="false">
                <outputGroup>4</outputGroup>
            </exchange>
            <exchange number="31130" category="Emission to water" subCategory="unspecified" localCategory="Emission to water" localSubCategory="unspecified" CASNumber="007664-41-7" name="Ammonia" unit="kg" meanValue="1.0261E-4" formula="NH3" infrastructureProcess="false">
                <outputGroup>4</outputGroup>
            </exchange>
            <exchange number="11980" category="air" subCategory="unspecified" localCategory="air" localSubCategory="unspecified" name="Phenanthrene" unit="kg" meanValue="4.8166E-11" infrastructureProcess="false">
                <outputGroup>4</outputGroup>
            </exchange>
            <exchange number="17984" category="air" subCategory="unspecified" localCategory="air" localSubCategory="unspecified" name="Propene" unit="kg" meanValue="2.9593E-8" infrastructureProcess="false">
                <outputGroup>4</outputGroup>
            </exchange>
            <exchange number="16644" category="air" subCategory="unspecified" localCategory="air" localSubCategory="unspecified" name="Selenium" unit="kg" meanValue="2.3979E-8" infrastructureProcess="false">
                <outputGroup>4</outputGroup>
            </exchange>
            <exchange number="3128" category="Emission to air" subCategory="unspecified" localCategory="Emission to air" localSubCategory="unspecified" CASNumber="007439-92-1" name="Lead" unit="kg" meanValue="1.1571E-8" formula="Pb" infrastructureProcess="false">
                <outputGroup>4</outputGroup>
            </exchange>
            <exchange number="40390" category="water" subCategory="unspecified" localCategory="water" localSubCategory="unspecified" name="Beryllium" unit="kg" meanValue="3.01E-9" infrastructureProcess="false">
                <outputGroup>4</outputGroup>
            </exchange>
            <exchange number="36670" category="Emission to air" subCategory="unspecified" localCategory="Emission to air" localSubCategory="unspecified" CASNumber="000074-82-8" name="Methane" unit="kg" meanValue="1.3093E-4" formula="CH4" infrastructureProcess="false">
                <outputGroup>4</outputGroup>
            </exchange>
            <exchange number="5188" category="Emission to air" subCategory="low population density" localCategory="Emission to air" localSubCategory="low population density" CASNumber="000077-78-1" name="Dimethyl sulfate" unit="kg" meanValue="4.1784E-13" formula="C2H6O4S" infrastructureProcess="false">
                <outputGroup>4</outputGroup>
            </exchange>
            <exchange number="41983" category="water" subCategory="unspecified" localCategory="water" localSubCategory="unspecified" name="Arsenic, ion" unit="kg" meanValue="4.7685E-8" infrastructureProcess="false">
                <outputGroup>4</outputGroup>
            </exchange>
            <exchange number="8936" category="Emission to water" subCategory="unspecified" localCategory="Emission to water" localSubCategory="unspecified" CASNumber="007439-96-5" name="Manganese" unit="kg" meanValue="4.5215E-7" formula="Mn" infrastructureProcess="false">
                <outputGroup>4</outputGroup>
            </exchange>
            <exchange number="11076" category="air" subCategory="unspecified" localCategory="air" localSubCategory="unspecified" name="Methane, bromo-, Halon 1001" unit="kg" meanValue="1.3928E-12" infrastructureProcess="false">
                <outputGroup>4</outputGroup>
            </exchange>
            <exchange number="3920" category="water" subCategory="unspecified" localCategory="water" localSubCategory="unspecified" name="Naphthalene, 2-methyl-" unit="kg" meanValue="3.971E-9" infrastructureProcess="false">
                <outputGroup>4</outputGroup>
            </exchange>
            <exchange number="49059" category="air" subCategory="unspecified" localCategory="air" localSubCategory="unspecified" name="Furan" unit="kg" meanValue="7.9821E-14" infrastructureProcess="false">
                <outputGroup>4</outputGroup>
            </exchange>
            <exchange number="51226" category="water" subCategory="unspecified" localCategory="water" localSubCategory="unspecified" name="Benzene" unit="kg" meanValue="2.6203E-7" infrastructureProcess="false">
                <outputGroup>4</outputGroup>
            </exchange>
            <exchange number="26156" category="water" subCategory="unspecified" localCategory="water" localSubCategory="unspecified" name="2-Hexanone" unit="kg" meanValue="1.7119E-9" infrastructureProcess="false">
                <outputGroup>4</outputGroup>
            </exchange>
            <exchange number="23974" category="water" subCategory="unspecified" localCategory="water" localSubCategory="unspecified" name="Phenol, 2,4-dimethyl-" unit="kg" meanValue="7.1837E-9" infrastructureProcess="false">
                <outputGroup>4</outputGroup>
            </exchange>
            <exchange number="4488" category="water" subCategory="unspecified" localCategory="water" localSubCategory="unspecified" name="Acetone" unit="kg" meanValue="1.8071E-9" infrastructureProcess="false">
                <outputGroup>4</outputGroup>
            </exchange>
            <exchange number="9920" category="air" subCategory="unspecified" localCategory="air" localSubCategory="unspecified" name="Methyl ethyl ketone" unit="kg" meanValue="3.395E-12" infrastructureProcess="false">
                <outputGroup>4</outputGroup>
            </exchange>
            <exchange number="26410" category="Emission to water" subCategory="unspecified" localCategory="Emission to water" localSubCategory="unspecified" CASNumber="007439-89-6" name="Iron" unit="kg" meanValue="4.41E-5" formula="Fe" infrastructureProcess="false">
                <outputGroup>4</outputGroup>
            </exchange>
            <exchange number="9638" category="air" subCategory="unspecified" localCategory="air" localSubCategory="unspecified" name="Chloroform" unit="kg" meanValue="5.136E-13" infrastructureProcess="false">
                <outputGroup>4</outputGroup>
            </exchange>
            <exchange number="35450" category="air" subCategory="unspecified" localCategory="air" localSubCategory="unspecified" name="Vinyl acetate" unit="kg" meanValue="6.6159E-14" infrastructureProcess="false">
                <outputGroup>4</outputGroup>
            </exchange>
            <exchange number="24476" category="air" subCategory="unspecified" localCategory="air" localSubCategory="unspecified" name="Formaldehyde" unit="kg" meanValue="5.1545E-7" infrastructureProcess="false">
                <outputGroup>4</outputGroup>
            </exchange>
            <exchange number="10904" category="air" subCategory="unspecified" localCategory="air" localSubCategory="unspecified" name="Xylene" unit="kg" meanValue="8.6775E-5" infrastructureProcess="false">
                <outputGroup>4</outputGroup>
            </exchange>
            <exchange number="17954" category="water" subCategory="unspecified" localCategory="water" localSubCategory="unspecified" name="p-Xylene" unit="kg" meanValue="2.7783E-9" infrastructureProcess="false">
                <outputGroup>4</outputGroup>
            </exchange>
            <exchange number="14918" category="air" subCategory="unspecified" localCategory="air" localSubCategory="unspecified" name="Methane, chlorotrifluoro-, CFC-13" unit="kg" meanValue="1.1051E-10" infrastructureProcess="false">
                <outputGroup>4</outputGroup>
            </exchange>
            <exchange number="18242" category="water" subCategory="unspecified" localCategory="water" localSubCategory="unspecified" name="Toluene" unit="kg" meanValue="2.4155E-7" infrastructureProcess="false">
                <outputGroup>4</outputGroup>
            </exchange>
            <exchange number="42719" category="air" subCategory="unspecified" localCategory="air" localSubCategory="unspecified" name="Biphenyl" unit="kg" meanValue="3.0327E-11" infrastructureProcess="false">
                <outputGroup>4</outputGroup>
            </exchange>
            <exchange number="11152" category="water" subCategory="unspecified" localCategory="water" localSubCategory="unspecified" name="Radium-228/kg" unit="kg" meanValue="4.7422E-17" infrastructureProcess="false">
                <outputGroup>4</outputGroup>
            </exchange>
            <exchange number="40788" category="resource" subCategory="unspecified" localCategory="resource" localSubCategory="unspecified" name="Energy, from biomass" unit="MJ" meanValue="7.7516E-4" infrastructureProcess="false">
                <inputGroup>4</inputGroup>
            </exchange>
            <exchange number="7552" category="air" subCategory="unspecified" localCategory="air" localSubCategory="unspecified" name="Benzo(ghi)perylene" unit="kg" meanValue="4.8166E-13" infrastructureProcess="false">
                <outputGroup>4</outputGroup>
            </exchange>
            <exchange number="35190" category="water" subCategory="unspecified" localCategory="water" localSubCategory="unspecified" name="Mercury" unit="kg" meanValue="2.6993E-10" infrastructureProcess="false">
                <outputGroup>4</outputGroup>
            </exchange>
            <exchange number="19838" category="Emission to water" subCategory="unspecified" localCategory="Emission to water" localSubCategory="unspecified" name="COD, Chemical Oxygen Demand" unit="kg" meanValue="4.1704E-5" infrastructureProcess="false">
                <outputGroup>4</outputGroup>
            </exchange>
            <exchange number="52058" category="water" subCategory="unspecified" localCategory="water" localSubCategory="unspecified" name="Benzoic acid" unit="kg" meanValue="2.6017E-7" infrastructureProcess="false">
                <outputGroup>4</outputGroup>
            </exchange>
            <exchange number="25558" category="Emission to water" subCategory="unspecified" localCategory="Emission to water" localSubCategory="unspecified" CASNumber="007440-66-6" name="Zinc" unit="kg" meanValue="5.463E-7" formula="Zn" infrastructureProcess="false">
                <outputGroup>4</outputGroup>
            </exchange>
            <exchange number="43925" category="air" subCategory="unspecified" localCategory="air" localSubCategory="unspecified" name="Copper" unit="kg" meanValue="1.7004E-10" infrastructureProcess="false">
                <outputGroup>4</outputGroup>
            </exchange>
            <exchange number="33522" category="water" subCategory="unspecified" localCategory="water" localSubCategory="unspecified" name="Benzene, ethyl-" unit="kg" meanValue="1.4717E-8" infrastructureProcess="false">
                <outputGroup>4</outputGroup>
            </exchange>
            <exchange number="27606" category="water" subCategory="unspecified" localCategory="water" localSubCategory="unspecified" name="BOD5, Biological Oxygen Demand" unit="kg" meanValue="2.4714E-5" infrastructureProcess="false">
                <outputGroup>4</outputGroup>
            </exchange>
            <exchange number="16716" category="air" subCategory="unspecified" localCategory="air" localSubCategory="unspecified" name="Benzo(b,j,k)fluoranthene" unit="kg" meanValue="1.9623E-12" infrastructureProcess="false">
                <outputGroup>4</outputGroup>
            </exchange>
            <exchange number="8086" category="air" subCategory="unspecified" localCategory="air" localSubCategory="unspecified" name="Methane, dichloro-, HCC-30" unit="kg" meanValue="7.5234E-9" infrastructureProcess="false">
                <outputGroup>4</outputGroup>
            </exchange>
            <exchange number="32262" category="air" subCategory="unspecified" localCategory="air" localSubCategory="unspecified" name="Hexane" unit="kg" meanValue="5.8324E-13" infrastructureProcess="false">
                <outputGroup>4</outputGroup>
            </exchange>
            <exchange number="9588" category="water" subCategory="unspecified" localCategory="water" localSubCategory="unspecified" name="Bromide" unit="kg" meanValue="3.0201E-5" infrastructureProcess="false">
                <outputGroup>4</outputGroup>
            </exchange>
            <exchange number="17734" category="water" subCategory="unspecified" localCategory="water" localSubCategory="unspecified" name="Fluorene, 1-methyl-" unit="kg" meanValue="2.0032E-11" infrastructureProcess="false">
                <outputGroup>4</outputGroup>
            </exchange>
            <exchange number="28582" category="Emission to water" subCategory="unspecified" localCategory="Emission to water" localSubCategory="unspecified" CASNumber="007439-98-7" name="Molybdenum" unit="kg" meanValue="5.8885E-9" formula="Mo" infrastructureProcess="false">
                <outputGroup>4</outputGroup>
            </exchange>
            <exchange number="50353" category="air" subCategory="unspecified" localCategory="air" localSubCategory="unspecified" name="Cumene" unit="kg" meanValue="4.6137E-14" infrastructureProcess="false">
                <outputGroup>4</outputGroup>
            </exchange>
            <exchange number="21164" category="Emission to air" subCategory="unspecified" localCategory="Emission to air" localSubCategory="unspecified" CASNumber="001746-01-6" name="Dioxins, measured as 2,3,7,8-tetrachlorodibenzo-p-dioxin" unit="kg" meanValue="1.9886E-14" infrastructureProcess="false">
                <outputGroup>4</outputGroup>
            </exchange>
            <exchange number="10626" category="air" subCategory="unspecified" localCategory="air" localSubCategory="unspecified" name="Methacrylic acid, methyl ester" unit="kg" meanValue="1.741E-13" infrastructureProcess="false">
                <outputGroup>4</outputGroup>
            </exchange>
            <exchange number="38450" category="air" subCategory="unspecified" localCategory="air" localSubCategory="unspecified" name="Hydrogen fluoride" unit="kg" meanValue="2.6755E-6" infrastructureProcess="false">
                <outputGroup>4</outputGroup>
            </exchange>
            <exchange number="39726" category="Emission to air" subCategory="unspecified" localCategory="Emission to air" localSubCategory="unspecified" CASNumber="007647-01-0" name="Hydrogen chloride" unit="kg" meanValue="2.1756E-5" formula="HCl" infrastructureProcess="false">
                <outputGroup>4</outputGroup>
            </exchange>
            <exchange number="20534" category="air" subCategory="unspecified" localCategory="air" localSubCategory="unspecified" name="Kerosene" unit="kg" meanValue="2.3702E-8" infrastructureProcess="false">
                <outputGroup>4</outputGroup>
            </exchange>
            <exchange number="19444" category="air" subCategory="unspecified" localCategory="air" localSubCategory="unspecified" name="Benzo(a)anthracene" unit="kg" meanValue="1.4271E-12" infrastructureProcess="false">
                <outputGroup>4</outputGroup>
            </exchange>
            <exchange number="8298" category="Emission to water" subCategory="unspecified" localCategory="Emission to water" localSubCategory="unspecified" CASNumber="007704-34-9" name="Sulfur" unit="kg" meanValue="6.5209E-7" formula="S" infrastructureProcess="false">
                <outputGroup>4</outputGroup>
            </exchange>
            <exchange number="32722" category="water" subCategory="unspecified" localCategory="water" localSubCategory="unspecified" name="Biphenyl" unit="kg" meanValue="3.082E-9" infrastructureProcess="false">
                <outputGroup>4</outputGroup>
            </exchange>
            <exchange number="45987" category="Emission to water" subCategory="unspecified" localCategory="Emission to water" localSubCategory="unspecified" CASNumber="007440-31-5" name="Tin" unit="kg" meanValue="5.8242E-8" formula="Sn" infrastructureProcess="false">
                <outputGroup>4</outputGroup>
            </exchange>
            <exchange number="27270" category="air" subCategory="unspecified" localCategory="air" localSubCategory="unspecified" name="Methane, monochloro-, R-40" unit="kg" meanValue="4.6137E-12" infrastructureProcess="false">
                <outputGroup>4</outputGroup>
            </exchange>
            <exchange number="28506" category="air" subCategory="unspecified" localCategory="air" localSubCategory="unspecified" name="Ethane, chloro-" unit="kg" meanValue="3.6561E-13" infrastructureProcess="false">
                <outputGroup>4</outputGroup>
            </exchange>
            <exchange number="10812" category="air" subCategory="unspecified" localCategory="air" localSubCategory="unspecified" name="Naphthalene" unit="kg" meanValue="4.5393E-9" infrastructureProcess="false">
                <outputGroup>4</outputGroup>
            </exchange>
            <exchange number="13708" category="water" subCategory="unspecified" localCategory="water" localSubCategory="unspecified" name="Benzene, pentamethyl-" unit="kg" meanValue="1.3191E-11" infrastructureProcess="false">
                <outputGroup>4</outputGroup>
            </exchange>
            <exchange number="24718" category="water" subCategory="unspecified" localCategory="water" localSubCategory="unspecified" name="Barium" unit="kg" meanValue="3.1228E-4" infrastructureProcess="false">
                <outputGroup>4</outputGroup>
            </exchange>
            <exchange number="25118" category="water" subCategory="unspecified" localCategory="water" localSubCategory="unspecified" name="Chloride" unit="kg" meanValue="0.006346" infrastructureProcess="false">
                <outputGroup>4</outputGroup>
            </exchange>
            <exchange number="38136" category="air" subCategory="unspecified" localCategory="air" localSubCategory="unspecified" name="Benzene" unit="kg" meanValue="9.5802E-5" infrastructureProcess="false">
                <outputGroup>4</outputGroup>
            </exchange>
            <exchange number="43771" category="Emission to air" subCategory="unspecified" localCategory="Emission to air" localSubCategory="unspecified" name="Particulates, &gt; 2.5 um, and &lt; 10um" unit="kg" meanValue="3.0561E-6" formula="PM10-PM2.5" infrastructureProcess="false">
                <outputGroup>4</outputGroup>
            </exchange>
            <exchange number="11506" category="air" subCategory="unspecified" localCategory="air" localSubCategory="unspecified" name="Mercaptans, unspecified" unit="kg" meanValue="1.7452E-9" infrastructureProcess="false">
                <outputGroup>4</outputGroup>
            </exchange>
            <exchange number="30852" category="air" subCategory="unspecified" localCategory="air" localSubCategory="unspecified" name="Beryllium" unit="kg" meanValue="5.4602E-10" infrastructureProcess="false">
                <outputGroup>4</outputGroup>
            </exchange>
            <exchange number="33360" category="resource" subCategory="unspecified" localCategory="resource" localSubCategory="unspecified" name="Uranium oxide, 332 GJ per kg, in ore" unit="kg" meanValue="9.3244E-7" infrastructureProcess="false">
                <inputGroup>4</inputGroup>
            </exchange>
            <exchange number="4832" category="water" subCategory="unspecified" localCategory="water" localSubCategory="unspecified" name="o-Xylene" unit="kg" meanValue="2.7783E-9" infrastructureProcess="false">
                <outputGroup>4</outputGroup>
            </exchange>
            <exchange number="9430" category="water" subCategory="unspecified" localCategory="water" localSubCategory="unspecified" name="Phenol" unit="kg" meanValue="1.5256E-9" infrastructureProcess="false">
                <outputGroup>4</outputGroup>
            </exchange>
            <exchange number="28216" category="air" subCategory="unspecified" localCategory="air" localSubCategory="unspecified" name="Phenols, unspecified" unit="kg" meanValue="2.0562E-9" infrastructureProcess="false">
                <outputGroup>4</outputGroup>
            </exchange>
            <exchange number="29376" category="air" subCategory="unspecified" localCategory="air" localSubCategory="unspecified" name="Ethane, 1,1,1-trichloro-, HCFC-140" unit="kg" meanValue="1.741E-13" infrastructureProcess="false">
                <outputGroup>4</outputGroup>
            </exchange>
            <exchange number="42459" category="air" subCategory="unspecified" localCategory="air" localSubCategory="unspecified" name="Benzo(a)pyrene" unit="kg" meanValue="6.7789E-13" infrastructureProcess="false">
                <outputGroup>4</outputGroup>
            </exchange>
            <exchange number="28042" category="Technosphere Flows" subCategory="CUTOFF Flows" localCategory="Technosphere Flows" localSubCategory="CUTOFF Flows" name="CUTOFF Disposal, solid waste, fuel, to municipal incineration" location="RNA" unit="kg" meanValue="0.021476" infrastructureProcess="false">
                <inputGroup>5</inputGroup>
            </exchange>
            <exchange number="33952" category="air" subCategory="unspecified" localCategory="air" localSubCategory="unspecified" name="Particulates, &lt; 10 um " unit="kg" meanValue="5.5175E-5" infrastructureProcess="false">
                <outputGroup>4</outputGroup>
            </exchange>
            <exchange number="13314" category="Emission to air" subCategory="unspecified" localCategory="Emission to air" localSubCategory="unspecified" CASNumber="007440-66-6" name="Zinc" unit="kg" meanValue="1.1336E-10" formula="Zn" infrastructureProcess="false">
                <outputGroup>4</outputGroup>
            </exchange>
            <exchange number="20918" category="air" subCategory="unspecified" localCategory="air" localSubCategory="unspecified" name="Carbon dioxide, fossil " unit="kg" meanValue="1.0026" infrastructureProcess="false">
                <outputGroup>4</outputGroup>
            </exchange>
            <exchange number="10480" category="air" subCategory="unspecified" localCategory="air" localSubCategory="unspecified" name="Ammonium chloride" unit="kg" meanValue="4.9491E-8" infrastructureProcess="false">
                <outputGroup>4</outputGroup>
            </exchange>
            <exchange number="42265" category="Technosphere Flows" subCategory="CUTOFF Flows" localCategory="Technosphere Flows" localSubCategory="CUTOFF Flows" name="CUTOFF Disposal, solid waste, process, to sanitary landfill" location="RNA" unit="kg" meanValue="0.017184" infrastructureProcess="false">
                <inputGroup>5</inputGroup>
            </exchange>
            <exchange number="42949" category="air" subCategory="unspecified" localCategory="air" localSubCategory="unspecified" name="Hydrocarbons, unspecified" unit="kg" meanValue="2.8564E-7" infrastructureProcess="false">
                <outputGroup>4</outputGroup>
            </exchange>
            <exchange number="12840" category="air" subCategory="unspecified" localCategory="air" localSubCategory="unspecified" name="Aldehydes, unspecified" unit="kg" meanValue="1.7121E-8" infrastructureProcess="false">
                <outputGroup>4</outputGroup>
            </exchange>
            <exchange number="47631" category="water" subCategory="unspecified" localCategory="water" localSubCategory="unspecified" name="Radioactive species, Nuclides, unspecified" unit="kBq" meanValue="1.5369" infrastructureProcess="false">
                <outputGroup>4</outputGroup>
            </exchange>
            <exchange number="5052" category="Emission to air" subCategory="unspecified" localCategory="Emission to air" localSubCategory="unspecified" CASNumber="000630-08-0" name="Carbon monoxide" unit="kg" meanValue="0.0076182" formula="CO" infrastructureProcess="false">
                <outputGroup>4</outputGroup>
            </exchange>
            <exchange number="13658" category="water" subCategory="unspecified" localCategory="water" localSubCategory="unspecified" name="Benzenes, alkylated, unspecified" unit="kg" meanValue="4.7598E-8" infrastructureProcess="false">
                <outputGroup>4</outputGroup>
            </exchange>
            <exchange number="6046" category="water" subCategory="unspecified" localCategory="water" localSubCategory="unspecified" name="Docosane" unit="kg" meanValue="1.8834E-10" infrastructureProcess="false">
                <outputGroup>4</outputGroup>
            </exchange>
            <exchange number="5470" category="air" subCategory="unspecified" localCategory="air" localSubCategory="unspecified" name="Magnesium" unit="kg" meanValue="1.9623E-7" infrastructureProcess="false">
                <outputGroup>4</outputGroup>
            </exchange>
            <exchange number="40630" category="water" subCategory="unspecified" localCategory="water" localSubCategory="unspecified" name="Benzene, 1-methyl-4-(1-methylethyl)-" unit="kg" meanValue="1.7588E-11" infrastructureProcess="false">
                <outputGroup>4</outputGroup>
            </exchange>
            <exchange number="48547" category="water" subCategory="unspecified" localCategory="water" localSubCategory="unspecified" name="n-Hexacosane" unit="kg" meanValue="1.175E-10" infrastructureProcess="false">
                <outputGroup>4</outputGroup>
            </exchange>
            <exchange number="23732" category="air" subCategory="unspecified" localCategory="air" localSubCategory="unspecified" name="Radionuclides (Including Radon)" unit="kg" meanValue="1.3255E-6" infrastructureProcess="false">
                <outputGroup>4</outputGroup>
            </exchange>
            <exchange number="39828" category="air" subCategory="unspecified" localCategory="air" localSubCategory="unspecified" name="Organic substances, unspecified" unit="kg" meanValue="0.0042001" infrastructureProcess="false">
                <outputGroup>4</outputGroup>
            </exchange>
            <exchange number="6612" category="water" subCategory="unspecified" localCategory="water" localSubCategory="unspecified" name="Dodecane" unit="kg" meanValue="1.412E-8" infrastructureProcess="false">
                <outputGroup>4</outputGroup>
            </exchange>
            <exchange number="36064" category="air" subCategory="unspecified" localCategory="air" localSubCategory="unspecified" name="Phenol" unit="kg" meanValue="1.3928E-13" infrastructureProcess="false">
                <outputGroup>4</outputGroup>
            </exchange>
            <exchange number="25532" category="Emission to air" subCategory="unspecified" localCategory="Emission to air" localSubCategory="unspecified" CASNumber="007440-43-9" name="Cadmium" unit="kg" meanValue="8.2667E-9" formula="Cd" infrastructureProcess="false">
                <outputGroup>4</outputGroup>
            </exchange>
            <exchange number="9764" category="air" subCategory="unspecified" localCategory="air" localSubCategory="unspecified" name="Acenaphthylene" unit="kg" meanValue="4.4598E-12" infrastructureProcess="false">
                <outputGroup>4</outputGroup>
            </exchange>
            <exchange number="15886" category="Emission to air" subCategory="unspecified" localCategory="Emission to air" localSubCategory="unspecified" CASNumber="007439-97-6" name="Mercury" unit="kg" meanValue="3.3008E-9" formula="Hg" infrastructureProcess="false">
                <outputGroup>4</outputGroup>
            </exchange>
            <exchange number="38284" category="water" subCategory="unspecified" localCategory="water" localSubCategory="unspecified" name="Dibenzothiophene" unit="kg" meanValue="3.6132E-11" infrastructureProcess="false">
                <outputGroup>4</outputGroup>
            </exchange>
            <exchange number="27100" category="air" subCategory="unspecified" localCategory="air" localSubCategory="unspecified" name="Methane, tetrachloro-, CFC-10" unit="kg" meanValue="7.0325E-12" infrastructureProcess="false">
                <outputGroup>4</outputGroup>
            </exchange>
            <exchange number="39160" category="water" subCategory="unspecified" localCategory="water" localSubCategory="unspecified" name="Aluminum" unit="kg" meanValue="2.3557E-5" infrastructureProcess="false">
                <outputGroup>4</outputGroup>
            </exchange>
            <exchange number="42463" category="air" subCategory="unspecified" localCategory="air" localSubCategory="unspecified" name="Butadiene" unit="kg" meanValue="4.4848E-10" infrastructureProcess="false">
                <outputGroup>4</outputGroup>
            </exchange>
            <exchange number="11286" category="water" subCategory="unspecified" localCategory="water" localSubCategory="unspecified" name="4-Methyl-2-pentanone" unit="kg" meanValue="7.4295E-10" infrastructureProcess="false">
                <outputGroup>4</outputGroup>
            </exchange>
            <exchange number="33248" category="water" subCategory="unspecified" localCategory="water" localSubCategory="unspecified" name="Hexadecane" unit="kg" meanValue="1.5437E-8" infrastructureProcess="false">
                <outputGroup>4</outputGroup>
            </exchange>
            <exchange number="51440" category="water" subCategory="unspecified" localCategory="water" localSubCategory="unspecified" name="Lithium, ion" unit="kg" meanValue="1.5051E-4" infrastructureProcess="false">
                <outputGroup>4</outputGroup>
            </exchange>
            <exchange number="5626" category="air" subCategory="unspecified" localCategory="air" localSubCategory="unspecified" name="Manganese" unit="kg" meanValue="1.2287E-8" infrastructureProcess="false">
                <outputGroup>4</outputGroup>
            </exchange>
            <exchange number="40042" category="air" subCategory="unspecified" localCategory="air" localSubCategory="unspecified" name="Benzene, chloro-" unit="kg" meanValue="1.9151E-13" infrastructureProcess="false">
                <outputGroup>4</outputGroup>
            </exchange>
            <exchange number="6552" category="air" subCategory="unspecified" localCategory="air" localSubCategory="unspecified" name="Acetophenone" unit="kg" meanValue="1.3058E-13" infrastructureProcess="false">
                <outputGroup>4</outputGroup>
            </exchange>
            <exchange number="48459" category="water" subCategory="unspecified" localCategory="water" localSubCategory="unspecified" name="Fluorene" unit="kg" meanValue="1.2898E-9" infrastructureProcess="false">
                <outputGroup>4</outputGroup>
            </exchange>
            <exchange number="7064" category="water" subCategory="unspecified" localCategory="water" localSubCategory="unspecified" name="m-Xylene" unit="kg" meanValue="7.5712E-9" infrastructureProcess="false">
                <outputGroup>4</outputGroup>
            </exchange>
            <exchange number="13556" category="air" subCategory="unspecified" localCategory="air" localSubCategory="unspecified" name="Hydrazine, methyl-" unit="kg" meanValue="1.4799E-12" infrastructureProcess="false">
                <outputGroup>4</outputGroup>
            </exchange>
            <exchange number="44145" category="air" subCategory="unspecified" localCategory="air" localSubCategory="unspecified" name="Indeno(1,2,3-cd)pyrene" unit="kg" meanValue="1.0882E-12" infrastructureProcess="false">
                <outputGroup>4</outputGroup>
            </exchange>
            <exchange number="17450" category="water" subCategory="unspecified" localCategory="water" localSubCategory="unspecified" name="p-Cresol" unit="kg" meanValue="7.9603E-9" infrastructureProcess="false">
                <outputGroup>4</outputGroup>
            </exchange>
            <exchange number="8760" category="water" subCategory="unspecified" localCategory="water" localSubCategory="unspecified" name="Surfactants" unit="kg" meanValue="6.1875E-10" infrastructureProcess="false">
                <outputGroup>4</outputGroup>
            </exchange>
            <exchange number="5864" category="resource" subCategory="unspecified" localCategory="resource" localSubCategory="unspecified" name="Energy, solar" unit="MJ" meanValue="7.8997E-5" infrastructureProcess="false">
                <inputGroup>4</inputGroup>
            </exchange>
            <exchange number="44041" category="water" subCategory="unspecified" localCategory="water" localSubCategory="unspecified" name="Fluorenes, alkylated, unspecified" unit="kg" meanValue="2.7585E-9" infrastructureProcess="false">
                <outputGroup>4</outputGroup>
            </exchange>
            <exchange number="26978" category="air" subCategory="unspecified" localCategory="air" localSubCategory="unspecified" name="t-Butyl methyl ether" unit="kg" meanValue="3.0468E-13" infrastructureProcess="false">
                <outputGroup>4</outputGroup>
            </exchange>
            <exchange number="16906" category="resource" subCategory="unspecified" localCategory="resource" localSubCategory="unspecified" name="Energy, kinetic (in wind), converted" unit="MJ" meanValue="0.0018614" infrastructureProcess="false">
                <inputGroup>4</inputGroup>
            </exchange>
            <exchange number="30004" category="water" subCategory="unspecified" localCategory="water" localSubCategory="unspecified" name="Surfactants, unspecified" unit="kg" meanValue="1.2417E-7" infrastructureProcess="false">
                <outputGroup>4</outputGroup>
            </exchange>
            <exchange number="6418" category="Emission to air" subCategory="unspecified" localCategory="Emission to air" localSubCategory="unspecified" name="NMVOC, non-methane volatile organic compounds, unspecified origin" unit="kg" meanValue="5.3268E-6" infrastructureProcess="false">
                <outputGroup>4</outputGroup>
            </exchange>
            <exchange number="46069" category="Emission to water" subCategory="unspecified" localCategory="Emission to water" localSubCategory="unspecified" CASNumber="007440-47-3" name="Chromium" unit="kg" meanValue="6.2311E-7" formula="Cr" infrastructureProcess="false">
                <outputGroup>4</outputGroup>
            </exchange>
            <exchange number="14146" category="water" subCategory="unspecified" localCategory="water" localSubCategory="unspecified" name="Phenanthrenes, alkylated, unspecified" unit="kg" meanValue="3.2342E-10" infrastructureProcess="false">
                <outputGroup>4</outputGroup>
            </exchange>
            <exchange number="30688" category="water" subCategory="unspecified" localCategory="water" localSubCategory="unspecified" name="Xylene" unit="kg" meanValue="1.1279E-7" infrastructureProcess="false">
                <outputGroup>4</outputGroup>
            </exchange>
            <exchange number="44657" category="water" subCategory="unspecified" localCategory="water" localSubCategory="unspecified" name="Calcium, ion" unit="kg" meanValue="5.0783E-4" infrastructureProcess="false">
                <outputGroup>4</outputGroup>
            </exchange>
            <exchange number="22302" category="air" subCategory="unspecified" localCategory="air" localSubCategory="unspecified" name="Propanal" unit="kg" meanValue="3.3079E-12" infrastructureProcess="false">
                <outputGroup>4</outputGroup>
            </exchange>
            <exchange number="25638" category="air" subCategory="unspecified" localCategory="air" localSubCategory="unspecified" name="Organic acids" unit="kg" meanValue="1.8187E-10" infrastructureProcess="false">
                <outputGroup>4</outputGroup>
            </exchange>
            <exchange number="11696" category="water" subCategory="unspecified" localCategory="water" localSubCategory="unspecified" name="Cyanide" unit="kg" meanValue="1.2702E-11" infrastructureProcess="false">
                <outputGroup>4</outputGroup>
            </exchange>
            <exchange number="52398" category="air" subCategory="unspecified" localCategory="air" localSubCategory="unspecified" name="PAH, polycyclic aromatic hydrocarbons" unit="kg" meanValue="1.927E-9" infrastructureProcess="false">
                <outputGroup>4</outputGroup>
            </exchange>
            <exchange number="20682" category="Emission to air" subCategory="lower stratosphere + upper troposphere" localCategory="Emission to air" localSubCategory="lower stratosphere + upper troposphere" CASNumber="000532-27-4" name="2-Chloro-1-phenylethanone" unit="kg" meanValue="6.0936E-14" infrastructureProcess="false">
                <outputGroup>4</outputGroup>
            </exchange>
            <exchange number="15224" category="Emission to air" subCategory="unspecified" localCategory="Emission to air" localSubCategory="unspecified" CASNumber="007440-47-3" name="Chromium" unit="kg" meanValue="1.4083E-8" formula="Cr" infrastructureProcess="false">
                <outputGroup>4</outputGroup>
            </exchange>
            <exchange number="5306" category="water" subCategory="unspecified" localCategory="water" localSubCategory="unspecified" name="Strontium" unit="kg" meanValue="1.3965E-5" infrastructureProcess="false">
                <outputGroup>4</outputGroup>
            </exchange>
            <exchange number="28140" category="air" subCategory="unspecified" localCategory="air" localSubCategory="unspecified" name="Benzyl chloride" unit="kg" meanValue="6.0936E-12" infrastructureProcess="false">
                <outputGroup>4</outputGroup>
            </exchange>
            <exchange number="40202" category="water" subCategory="unspecified" localCategory="water" localSubCategory="unspecified" name="Octadecane" unit="kg" meanValue="3.8248E-9" infrastructureProcess="false">
                <outputGroup>4</outputGroup>
            </exchange>
            <exchange number="47751" category="air" subCategory="unspecified" localCategory="air" localSubCategory="unspecified" name="Ethylene dibromide" unit="kg" meanValue="2.16E-11" infrastructureProcess="false">
                <outputGroup>4</outputGroup>
            </exchange>
            <exchange number="44939" category="air" subCategory="unspecified" localCategory="air" localSubCategory="unspecified" name="Styrene" unit="kg" meanValue="2.1763E-13" infrastructureProcess="false">
                <outputGroup>4</outputGroup>
            </exchange>
            <exchange number="32554" category="Emission to air" subCategory="unspecified" localCategory="Emission to air" localSubCategory="unspecified" CASNumber="010024-97-2" name="Dinitrogen monoxide" unit="kg" meanValue="1.746E-5" formula="N2O" infrastructureProcess="false">
                <outputGroup>4</outputGroup>
            </exchange>
            <exchange number="7812" category="water" subCategory="unspecified" localCategory="water" localSubCategory="unspecified" name="Silver" unit="kg" meanValue="3.0477E-7" infrastructureProcess="false">
                <outputGroup>4</outputGroup>
            </exchange>
            <exchange number="11916" category="resource" subCategory="unspecified" localCategory="resource" localSubCategory="unspecified" name="Gas, natural, in ground " unit="kg" meanValue="0.71375" generalComment="This flow represents the amount of natural gas that is a material input for producing the resin output. The energy content of the natural gas used as EMR/feedstock is 49.8 MJ per kg.  The energy content multiplied by the mass should be considered an Energy of Material Resource (EMR)/feedstock energy. " infrastructureProcess="false">
                <inputGroup>4</inputGroup>
            </exchange>
            <exchange number="39226" category="Emission to water" subCategory="unspecified" localCategory="Emission to water" localSubCategory="unspecified" CASNumber="007440-02-0" name="Nickel" unit="kg" meanValue="5.8193E-8" formula="Ni" infrastructureProcess="false">
                <outputGroup>4</outputGroup>
            </exchange>
            <exchange number="26192" category="water" subCategory="unspecified" localCategory="water" localSubCategory="unspecified" name="Phenanthrene" unit="kg" meanValue="2.0587E-10" infrastructureProcess="false">
                <outputGroup>4</outputGroup>
            </exchange>
            <exchange number="21158" category="water" subCategory="unspecified" localCategory="water" localSubCategory="unspecified" name="Titanium, ion" unit="kg" meanValue="2.2417E-7" infrastructureProcess="false">
                <outputGroup>4</outputGroup>
            </exchange>
            <exchange number="39202" category="air" subCategory="unspecified" localCategory="air" localSubCategory="unspecified" name="Fluoride" unit="kg" meanValue="1.4705E-9" infrastructureProcess="false">
                <outputGroup>4</outputGroup>
            </exchange>
            <exchange number="29062" category="air" subCategory="unspecified" localCategory="air" localSubCategory="unspecified" CASNumber="007664-41-7" name="Ammonia" unit="kg" meanValue="0.0011" formula="NH3" infrastructureProcess="false">
                <outputGroup>4</outputGroup>
            </exchange>
            <exchange number="35268" category="water" subCategory="unspecified" localCategory="water" localSubCategory="unspecified" name="Sulfate" unit="kg" meanValue="3.1735E-5" infrastructureProcess="false">
                <outputGroup>4</outputGroup>
            </exchange>
            <exchange number="25564" category="Emission to air" subCategory="unspecified" localCategory="Emission to air" localSubCategory="unspecified" name="Sulfur oxides" unit="kg" meanValue="4.7655E-5" infrastructureProcess="false">
                <outputGroup>4</outputGroup>
            </exchange>
            <exchange number="51158" category="water" subCategory="unspecified" localCategory="water" localSubCategory="unspecified" name="Water, consumptive use, unspecified origin/m3" unit="m3" meanValue="0.0029612" generalComment="Franklin Associates uses a default as opposed to Egalitarian approach in collecting data for water use. During data collection, water use data were only requested and compiled in terms of 'evaporative' or consumptive use (i.e., ultimate withdraws, evaporation, or incorporation into the product). Data were not collected to determine reliable averages for non-evaporative water use. In other words, averages for water inputs and outputs are not available for this unit process.  Consumptive use includes: water incorporated into the product, water evaporated during the process, and/or water used and released to a body other than that from which it was drawn." infrastructureProcess="false">
                <inputGroup>4</inputGroup>
            </exchange>
            <exchange number="4860" category="water" subCategory="unspecified" localCategory="water" localSubCategory="unspecified" name="Cadmium, ion" unit="kg" meanValue="7.5275E-9" infrastructureProcess="false">
                <outputGroup>4</outputGroup>
            </exchange>
            <exchange number="36360" category="resource" subCategory="unspecified" localCategory="resource" localSubCategory="unspecified" name="Coal, unprocessed bituminous, in ground" unit="kg" meanValue="0.03805" infrastructureProcess="false">
                <inputGroup>4</inputGroup>
            </exchange>
            <exchange number="21750" category="air" subCategory="unspecified" localCategory="air" localSubCategory="unspecified" name="Isophorone" unit="kg" meanValue="5.0489E-12" infrastructureProcess="false">
                <outputGroup>4</outputGroup>
            </exchange>
            <exchange number="37974" category="Emission to water" subCategory="unspecified" localCategory="Emission to water" localSubCategory="unspecified" name="Suspended solids, unspecified" unit="kg" meanValue="0.0025789" infrastructureProcess="false">
                <outputGroup>4</outputGroup>
            </exchange>
            <exchange number="44199" category="resource" subCategory="unspecified" localCategory="resource" localSubCategory="unspecified" name="Gas, natural, in ground " unit="m3" meanValue="0.44352" generalComment="This flow represents the amount of natural gas that is used for fuel.  The energy content of the natural gas used for fuel is 36.7 MJ per m3." infrastructureProcess="false">
                <inputGroup>4</inputGroup>
            </exchange>
            <exchange number="48469" category="water" subCategory="unspecified" localCategory="water" localSubCategory="unspecified" name="Phenols, unspecified" unit="kg" meanValue="7.4241E-8" infrastructureProcess="false">
                <outputGroup>4</outputGroup>
            </exchange>
            <exchange number="17596" category="air" subCategory="unspecified" localCategory="air" localSubCategory="unspecified" name="Benzene, ethyl-" unit="kg" meanValue="1.1968E-5" infrastructureProcess="false">
                <outputGroup>4</outputGroup>
            </exchange>
            <exchange number="35784" category="resource" subCategory="unspecified" localCategory="resource" localSubCategory="unspecified" name="Energy, geothermal" unit="MJ" meanValue="0.0018811" infrastructureProcess="false">
                <inputGroup>4</inputGroup>
            </exchange>
            <exchange number="38130" category="water" subCategory="unspecified" localCategory="water" localSubCategory="unspecified" name="Decane" unit="kg" meanValue="7.445E-9" infrastructureProcess="false">
                <outputGroup>4</outputGroup>
            </exchange>
            <exchange number="40756" category="resource" subCategory="unspecified" localCategory="resource" localSubCategory="unspecified" name="Oil, crude, in ground " unit="kg" meanValue="0.0052926" generalComment="This flow represents the amount of crude oil that is used for fuel.  The energy content of the crude oil used for fuel is 43.7 MJ per kg." infrastructureProcess="false">
                <inputGroup>4</inputGroup>
            </exchange>
            <exchange number="19954" category="resource" subCategory="unspecified" localCategory="resource" localSubCategory="unspecified" name="Energy, from hydro power" unit="MJ" meanValue="0.035746" infrastructureProcess="false">
                <inputGroup>4</inputGroup>
            </exchange>
            <exchange number="25258" category="air" subCategory="unspecified" localCategory="air" localSubCategory="unspecified" name="Cyanide" unit="kg" meanValue="2.1763E-11" infrastructureProcess="false">
                <outputGroup>4</outputGroup>
            </exchange>
            <exchange number="7826" category="air" subCategory="unspecified" localCategory="air" localSubCategory="unspecified" name="5-methyl Chrysene" unit="kg" meanValue="3.9246E-13" infrastructureProcess="false">
                <outputGroup>4</outputGroup>
            </exchange>
            <exchange number="45881" category="Emission to air" subCategory="unspecified" localCategory="Emission to air" localSubCategory="unspecified" CASNumber="018540-29-9" name="Chromium VI" unit="kg" meanValue="1.4093E-9" formula="Cr6+" infrastructureProcess="false">
                <outputGroup>4</outputGroup>
            </exchange>
            <exchange number="29722" category="water" subCategory="unspecified" localCategory="water" localSubCategory="unspecified" name="Dissolved solids" unit="kg" meanValue="0.0062796" infrastructureProcess="false">
                <outputGroup>4</outputGroup>
            </exchange>
            <exchange number="47227" category="Emission to air" subCategory="unspecified" localCategory="Emission to air" localSubCategory="unspecified" CASNumber="011104-93-1" name="Nitrogen oxides" unit="kg" meanValue="7.9845E-4" formula="NOx as NO2" infrastructureProcess="false">
                <outputGroup>4</outputGroup>
            </exchange>
            <exchange number="16668" category="water" subCategory="unspecified" localCategory="water" localSubCategory="unspecified" name="o-Cresol" unit="kg" meanValue="7.378E-9" infrastructureProcess="false">
                <outputGroup>4</outputGroup>
            </exchange>
            <exchange number="27804" category="water" subCategory="unspecified" localCategory="water" localSubCategory="unspecified" name="Eicosane" unit="kg" meanValue="3.88E-9" infrastructureProcess="false">
                <outputGroup>4</outputGroup>
            </exchange>
            <exchange number="15240" category="air" subCategory="unspecified" localCategory="air" localSubCategory="unspecified" name="Carbon monoxide, fossil " unit="kg" meanValue="5.0908E-4" infrastructureProcess="false">
                <outputGroup>4</outputGroup>
            </exchange>
            <exchange number="31348" category="water" subCategory="unspecified" localCategory="water" localSubCategory="unspecified" name="Naphthalenes, alkylated, unspecified" unit="kg" meanValue="7.8E-10" infrastructureProcess="false">
                <outputGroup>4</outputGroup>
            </exchange>
            <exchange number="45439" category="water" subCategory="unspecified" localCategory="water" localSubCategory="unspecified" name="Methane, monochloro-, R-40" unit="kg" meanValue="7.0841E-12" infrastructureProcess="false">
                <outputGroup>4</outputGroup>
            </exchange>
            <exchange number="51218" category="air" subCategory="unspecified" localCategory="air" localSubCategory="unspecified" name="Carbon disulfide" unit="kg" meanValue="1.1317E-12" infrastructureProcess="false">
                <outputGroup>4</outputGroup>
            </exchange>
            <exchange number="7044" category="air" subCategory="unspecified" localCategory="air" localSubCategory="unspecified" name="Toluene" unit="kg" meanValue="1.4961E-4" infrastructureProcess="false">
                <outputGroup>4</outputGroup>
            </exchange>
            <exchange number="20812" category="air" subCategory="unspecified" localCategory="air" localSubCategory="unspecified" name="Bromoform" unit="kg" meanValue="3.395E-13" infrastructureProcess="false">
                <outputGroup>4</outputGroup>
            </exchange>
            <exchange number="9780" category="water" subCategory="unspecified" localCategory="water" localSubCategory="unspecified" name="Methyl ethyl ketone" unit="kg" meanValue="1.4168E-11" infrastructureProcess="false">
                <outputGroup>4</outputGroup>
            </exchange>
            <exchange number="46129" category="water" subCategory="unspecified" localCategory="water" localSubCategory="unspecified" name="Thallium" unit="kg" meanValue="3.0744E-9" infrastructureProcess="false">
                <outputGroup>4</outputGroup>
            </exchange>
            <exchange number="10236" category="air" subCategory="unspecified" localCategory="air" localSubCategory="unspecified" name="Ethane, 1,2-dichloro-" unit="kg" meanValue="3.482E-13" infrastructureProcess="false">
                <outputGroup>4</outputGroup>
            </exchange>
            <exchange number="39576" category="air" subCategory="unspecified" localCategory="air" localSubCategory="unspecified" name="Acenaphthene" unit="kg" meanValue="9.0978E-12" infrastructureProcess="false">
                <outputGroup>4</outputGroup>
            </exchange>
            <exchange number="19894" category="water" subCategory="unspecified" localCategory="water" localSubCategory="unspecified" name="Dibenzofuran" unit="kg" meanValue="3.3467E-11" infrastructureProcess="false">
                <outputGroup>4</outputGroup>
            </exchange>
            <exchange number="27356" category="air" subCategory="unspecified" localCategory="air" localSubCategory="unspecified" name="Chrysene" unit="kg" meanValue="1.7839E-12" infrastructureProcess="false">
                <outputGroup>4</outputGroup>
            </exchange>
            <exchange number="46191" category="water" subCategory="unspecified" localCategory="water" localSubCategory="unspecified" name="Copper, ion" unit="kg" meanValue="1.0238E-8" infrastructureProcess="false">
                <outputGroup>4</outputGroup>
            </exchange>
            <exchange number="5720" category="water" subCategory="unspecified" localCategory="water" localSubCategory="unspecified" name="Radium-226/kg" unit="kg" meanValue="9.2708E-15" infrastructureProcess="false">
                <outputGroup>4</outputGroup>
            </exchange>
            <exchange number="15394" category="air" subCategory="unspecified" localCategory="air" localSubCategory="unspecified" name="Phthalate, dioctyl-" unit="kg" meanValue="6.3547E-13" infrastructureProcess="false">
                <outputGroup>4</outputGroup>
            </exchange>
            <exchange number="17670" category="water" subCategory="unspecified" localCategory="water" localSubCategory="unspecified" name="Magnesium" unit="kg" meanValue="1.0192E-4" infrastructureProcess="false">
                <outputGroup>4</outputGroup>
            </exchange>
            <exchange number="39552" category="air" subCategory="unspecified" localCategory="air" localSubCategory="unspecified" name="Ethane, 1,2-dibromo-" unit="kg" meanValue="1.0446E-14" infrastructureProcess="false">
                <outputGroup>4</outputGroup>
            </exchange>
            <exchange number="24556" category="air" subCategory="unspecified" localCategory="air" localSubCategory="unspecified" name="Fluorene" unit="kg" meanValue="1.6233E-11" infrastructureProcess="false">
                <outputGroup>4</outputGroup>
            </exchange>
            <exchange number="32110" category="water" subCategory="unspecified" localCategory="water" localSubCategory="unspecified" name="Naphthalene" unit="kg" meanValue="4.6709E-9" infrastructureProcess="false">
                <outputGroup>4</outputGroup>
            </exchange>
            <exchange number="42561" category="water" subCategory="unspecified" localCategory="water" localSubCategory="unspecified" name="Lead-210/kg" unit="kg" meanValue="2.6648E-17" infrastructureProcess="false">
                <outputGroup>4</outputGroup>
            </exchange>
            <exchange number="43311" category="water" subCategory="unspecified" localCategory="water" localSubCategory="unspecified" name="Hexanoic acid" unit="kg" meanValue="5.3877E-8" infrastructureProcess="false">
                <outputGroup>4</outputGroup>
            </exchange>
            <exchange number="45335" category="air" subCategory="unspecified" localCategory="air" localSubCategory="unspecified" name="Antimony" unit="kg" meanValue="3.3135E-10" infrastructureProcess="false">
                <outputGroup>4</outputGroup>
            </exchange>
            <exchange number="31334" category="water" subCategory="unspecified" localCategory="water" localSubCategory="unspecified" name="Yttrium" unit="kg" meanValue="1.7236E-9" infrastructureProcess="false">
                <outputGroup>4</outputGroup>
            </exchange>
            <exchange number="50147" category="Emission to air" subCategory="unspecified" localCategory="Emission to air" localSubCategory="unspecified" CASNumber="007446-09-5" name="Sulfur dioxide" unit="kg" meanValue="0.0024177" formula="SOx as SO2" infrastructureProcess="false">
                <outputGroup>4</outputGroup>
            </exchange>
            <exchange number="10186" category="water" subCategory="unspecified" localCategory="water" localSubCategory="unspecified" name="Sodium, ion" unit="kg" meanValue="0.0014366" infrastructureProcess="false">
                <outputGroup>4</outputGroup>
            </exchange>
            <exchange number="23684" category="Emission to air" subCategory="unspecified" localCategory="Emission to air" localSubCategory="unspecified" name="Particulates, &lt; 2.5 um" unit="kg" meanValue="5.3414E-5" formula="PM2.5" infrastructureProcess="false">
                <outputGroup>4</outputGroup>
            </exchange>
            <exchange number="33970" category="air" subCategory="unspecified" localCategory="air" localSubCategory="unspecified" name="Anthracene" unit="kg" meanValue="3.7463E-12" infrastructureProcess="false">
                <outputGroup>4</outputGroup>
            </exchange>
        </flowData>
    </dataset>
</ecoSpold>
