<?xml version="1.0" encoding="UTF-8" standalone="yes"?>
<ecoSpold xmlns="http://www.EcoInvent.org/EcoSpold01">
    <dataset number="81910" generator="openLCA" timestamp="2019-10-15T12:52:59.785-06:00">
        <metaInformation>
            <processInformation>
                <referenceFunction datasetRelatesToProduct="false" name="Skidding, aerial cable yarder, medium, INW" localName="Skidding, aerial cable yarder, medium, INW" infrastructureProcess="false" amount="1.0" unit="d" category="11: Agriculture, Forestry, Fishing and Hunting" subCategory="1133: Logging" localCategory="11: Agriculture, Forestry, Fishing and Hunting" localSubCategory="1133: Logging" generalComment="Important note: although most of the data in the US LCI database has undergone some sort of review, the database as a whole has not yet undergone a formal validation process. Please email comments to lci@nrel.gov."/>
                <geography location="RNA" text="US Inland West including Montana, Idaho, and eastern Washington"/>
                <technology text="Average technology. Some data extrapolated from similar processes."/>
                <timePeriod dataValidForEntirePeriod="true">
                    <startDate>1988-12-31-07:00</startDate>
                    <endDate>1995-12-31-07:00</endDate>
                </timePeriod>
                <dataSetInformation type="1" impactAssessmentResult="false" timestamp="2019-07-20T23:05:32.265-06:00" version="0.0" internalVersion="0.0" energyValues="0" languageCode="en" localLanguageCode="en"/>
            </processInformation>
            <modellingAndValidation>
                <representativeness samplingProcedure="Fuel consumption data for the selected harvesting systems is generally based on the horsepower of the machines used within those systems.  The fuel consumption calculations show consistency across the range of equipment used and should have a fairly high degree of reliability.  Lubricant consumption was calculated as a percent of fuel consumption. This assumption generalizes the consumption rate and fails to distinguish between individual equipment characteristics. "/>
                <source number="1755" sourceType="0" firstAuthor="Maureen Puettmann " year="2008" title="SimaPro working files for Inland West Resources" placeOfPublications="unknown"/>
                <source number="2035" sourceType="0" firstAuthor="Leonard R. Johnson " year="2008" title="Module A - Forest Resources Inland West" placeOfPublications="unknown"/>
            </modellingAndValidation>
            <administrativeInformation>
                <dataEntryBy person="1699"/>
                <dataGeneratorAndPublication person="1699" dataPublishedIn="0" referenceToPublishedSource="2035" copyright="false" accessRestrictedTo="0"/>
                <person number="1699" name="Maureen Puetmann" address="Corvallis, OR  " telephone="(541) 231-2627" email="maureen.puettmann@q.com" companyCode="unknown" countryCode="US"/>
            </administrativeInformation>
        </metaInformation>
        <flowData>
            <exchange number="19956" category="11: Agriculture, Forestry, Fishing and Hunting" subCategory="1133: Logging" localCategory="11: Agriculture, Forestry, Fishing and Hunting" localSubCategory="1133: Logging" name="Skidding, aerial cable yarder, medium, INW" location="RNA" unit="d" meanValue="1.0" generalComment="Cable and aerial yarding equipment" infrastructureProcess="false">
                <outputGroup>0</outputGroup>
            </exchange>
            <exchange number="12656" category="Technosphere Flows" subCategory="CUTOFF Flows" localCategory="Technosphere Flows" localSubCategory="CUTOFF Flows" name="CUTOFF Lubricants, unspecified, at plant" location="RNA" unit="kg" meanValue="0.51596784" generalComment="Proxy for hydraulic fluids" infrastructureProcess="false">
                <inputGroup>5</inputGroup>
            </exchange>
            <exchange number="49579" category="22: Utilities" subCategory="2213: Water, Sewage and Other Systems" localCategory="22: Utilities" localSubCategory="2213: Water, Sewage and Other Systems" name="Diesel, combusted in industrial equipment" location="RNA" unit="m3" meanValue="32.22" infrastructureProcess="false">
                <inputGroup>5</inputGroup>
            </exchange>
        </flowData>
    </dataset>
</ecoSpold>
