<?xml version="1.0" encoding="UTF-8" standalone="yes"?>
<ecoSpold xmlns="http://www.EcoInvent.org/EcoSpold01">
    <dataset number="61916" generator="openLCA" timestamp="2019-10-15T12:52:58.561-06:00">
        <metaInformation>
            <processInformation>
                <referenceFunction datasetRelatesToProduct="false" name="Roundwood, hardwood, green, at logyard, SE" localName="Roundwood, hardwood, green, at logyard, SE" infrastructureProcess="false" amount="1.0" unit="m3" category="11: Agriculture, Forestry, Fishing and Hunting" subCategory="1133: Logging" localCategory="11: Agriculture, Forestry, Fishing and Hunting" localSubCategory="1133: Logging" generalComment="All weights given on an ovendry basis.&#xA;Important note: although most of the data in the US LCI database has &#xA;undergone some sort of review, the database as a whole has not yet &#xA;undergone a formal validation process.&#xA;Please email comments to lci@nrel.gov."/>
                <geography location="RNA" text="SE = Southeast United States.  The 8 states are Arkansas, Louisiana, Mississippi, Alabama, Tennessee, North Carolina, South Carolina, Georgia."/>
                <technology text="Average for log yard activities in regions"/>
                <timePeriod dataValidForEntirePeriod="true">
                    <startDate>2004-12-31-07:00</startDate>
                    <endDate>2005-12-31-07:00</endDate>
                </timePeriod>
                <dataSetInformation type="5" impactAssessmentResult="false" timestamp="2019-07-22T23:04:01.901-06:00" version="0.0" internalVersion="0.0" energyValues="0" languageCode="en" localLanguageCode="en"/>
            </processInformation>
            <modellingAndValidation>
                <representativeness samplingProcedure="Questionnaires from 12 mills from the 8 states of southeast region.  Hardwood sawmills were members of the Hardwood Manufacturer Association (HMA)."/>
                <source number="2025" sourceType="0" firstAuthor="Maureen Puettmann " year="2010" title="SimaPro working files for SE softwood lumber" placeOfPublications="unknown"/>
                <source number="2133" sourceType="0" firstAuthor="Richard D. Bergman " year="2010" title="Module L: Life-Cycle Inventory of Hardwood Lumber Manufacturing in the Southeast United States" placeOfPublications="unknown"/>
            </modellingAndValidation>
            <administrativeInformation>
                <dataEntryBy person="1700"/>
                <dataGeneratorAndPublication person="1700" dataPublishedIn="0" referenceToPublishedSource="2133" copyright="false" accessRestrictedTo="0"/>
                <person number="1700" name="Maureen Puettmann" address="8200 NW Chaparral Drive, Corvallis, OR 97330" telephone="541-231-2627" email="maureen.puettmann@q.com" companyCode="unknown" countryCode="US"/>
            </administrativeInformation>
        </metaInformation>
        <flowData>
            <exchange number="34656" category="11: Agriculture, Forestry, Fishing and Hunting" subCategory="1133: Logging" localCategory="11: Agriculture, Forestry, Fishing and Hunting" localSubCategory="1133: Logging" name="Roundwood, hardwood, green, at logyard, SE" location="RNA" unit="m3" meanValue="1.0" generalComment="oven-dried weight. Wood specific gravity of 0.528 and 85% MC dry basis." infrastructureProcess="false">
                <outputGroup>0</outputGroup>
            </exchange>
            <exchange number="35868" category="22: Utilities" subCategory="2211: Electric Power Generation, Transmission and Distribution" localCategory="22: Utilities" localSubCategory="2211: Electric Power Generation, Transmission and Distribution" name="Electricity, at grid" location="RNA" unit="kWh" meanValue="3.41" generalComment="5% of total electricity is used for wetting logs and lumberyard " infrastructureProcess="false">
                <inputGroup>5</inputGroup>
            </exchange>
            <exchange number="13302" category="11: Agriculture, Forestry, Fishing and Hunting" subCategory="1133: Logging" localCategory="11: Agriculture, Forestry, Fishing and Hunting" localSubCategory="1133: Logging" name="Bark, hardwood, green, at logyard, SE" location="RNA" unit="kg" meanValue="21.6" generalComment="Oven-dried weight; specific gravity of 0.558 and 100% MC dry basis" infrastructureProcess="false">
                <outputGroup>2</outputGroup>
            </exchange>
            <exchange number="49387" category="11: Agriculture, Forestry, Fishing and Hunting" subCategory="1133: Logging" localCategory="11: Agriculture, Forestry, Fishing and Hunting" localSubCategory="1133: Logging" name="Roundwood, hardwood, green, at mill, SE" location="RNA" unit="m3" meanValue="1.0" generalComment="oven-dried weight. Wood specific gravity of 0.528 and 85% MC dry basis." infrastructureProcess="false">
                <inputGroup>5</inputGroup>
            </exchange>
            <exchange number="32832" category="11: Agriculture, Forestry, Fishing and Hunting" subCategory="1133: Logging" localCategory="11: Agriculture, Forestry, Fishing and Hunting" localSubCategory="1133: Logging" name="Bark, hardwood, green, at mill, SE" location="RNA" unit="kg" meanValue="21.6" generalComment="Weight reported on an ovendry basis. " infrastructureProcess="false">
                <inputGroup>5</inputGroup>
            </exchange>
            <exchange number="41366" category="water" subCategory="ground-" localCategory="water" localSubCategory="ground-" name="Water, well, in ground" unit="l" meanValue="88.09" infrastructureProcess="false">
                <inputGroup>4</inputGroup>
            </exchange>
            <exchange number="40030" category="22: Utilities" subCategory="2213: Water, Sewage and Other Systems" localCategory="22: Utilities" localSubCategory="2213: Water, Sewage and Other Systems" name="Natural gas, combusted in industrial equipment, 1.357 m3/kg, 52.13 MJ/kg" location="RNA" unit="l" meanValue="0.0057" generalComment="40% of mill transporation on-site; proxy for propane" infrastructureProcess="false">
                <inputGroup>5</inputGroup>
            </exchange>
            <exchange number="20366" category="22: Utilities" subCategory="2213: Water, Sewage and Other Systems" localCategory="22: Utilities" localSubCategory="2213: Water, Sewage and Other Systems" name="Gasoline, combusted in equipment" location="RNA" unit="l" meanValue="0.0721" generalComment="40% of mill transporation on-site" infrastructureProcess="false">
                <inputGroup>5</inputGroup>
            </exchange>
            <exchange number="49579" category="22: Utilities" subCategory="2213: Water, Sewage and Other Systems" localCategory="22: Utilities" localSubCategory="2213: Water, Sewage and Other Systems" name="Diesel, combusted in industrial equipment" location="RNA" unit="l" meanValue="0.693" generalComment="40% of mill transporation on-site" infrastructureProcess="false">
                <inputGroup>5</inputGroup>
            </exchange>
            <exchange number="47123" category="22: Utilities" subCategory="2213: Water, Sewage and Other Systems" localCategory="22: Utilities" localSubCategory="2213: Water, Sewage and Other Systems" name="Electricity, onsite boiler, hardwood mill, average, SE" location="RNA" unit="kWh" meanValue="0.19" generalComment="5% of total electricity is used for wetting logs and lumberyard " infrastructureProcess="false">
                <inputGroup>5</inputGroup>
            </exchange>
        </flowData>
    </dataset>
</ecoSpold>
