<?xml version="1.0" encoding="UTF-8" standalone="yes"?>
<ecoSpold xmlns="http://www.EcoInvent.org/EcoSpold01">
    <dataset number="76365" generator="openLCA" timestamp="2019-10-15T12:53:01.557-06:00">
        <metaInformation>
            <processInformation>
                <referenceFunction datasetRelatesToProduct="false" name="Bituminous coal, at mine" localName="Bituminous coal, at mine" infrastructureProcess="false" amount="1.0" unit="kg" category="21: Mining, Quarrying, and Oil and Gas Extraction" subCategory="2121: Coal Mining" localCategory="21: Mining, Quarrying, and Oil and Gas Extraction" localSubCategory="2121: Coal Mining" generalComment="&#xA;Important note: although most of the data in the US LCI database has &#xA;undergone some sort of review, the database as a whole has not yet &#xA;undergone a formal validation process.&#xA;Please email comments to lci@nrel.gov."/>
                <geography location="RNA" text="United States"/>
                <technology text="Represents surface and underground mining. Coal cleaning is done by mechanical, not chemical, methods."/>
                <timePeriod dataValidForEntirePeriod="true">
                    <startDate>1993-12-31-07:00</startDate>
                    <endDate>2001-12-31-07:00</endDate>
                </timePeriod>
                <dataSetInformation type="1" impactAssessmentResult="false" timestamp="2019-07-21T10:38:27.563-06:00" version="0.0" internalVersion="0.0" energyValues="0" languageCode="en" localLanguageCode="en"/>
            </processInformation>
            <modellingAndValidation>
                <source number="1812" sourceType="0" firstAuthor="Energy Information Administration " year="1995" title="Coal Data: A Reference" placeOfPublications="unknown"/>
                <source number="1824" sourceType="0" firstAuthor="U.S. Census bureau " year="1999" title="Bituminous Coal Underground Mining. 1997 Economic Census" placeOfPublications="unknown"/>
                <source number="1908" sourceType="0" firstAuthor="Franklin Associates " year="2003" title="Data Details for Bituminous Coal Production" placeOfPublications="unknown"/>
                <source number="1909" sourceType="0" firstAuthor="unspecified " year="9999" title="Code of Regulations. Title 40--Protection of Enviroment.  Part 434" placeOfPublications="unknown"/>
                <source number="1924" sourceType="0" firstAuthor="J.G. Speight " year="1994" title="The Chemistry and Technology of Coal. Second Edition" placeOfPublications="unknown"/>
                <source number="1959" sourceType="0" firstAuthor="D.A. Kirchgessner " year="2000" title="An Improved Inventory of Methane Emissions from Coal Mining in the United States" placeOfPublications="unknown"/>
                <source number="1975" sourceType="0" firstAuthor="U.S. Census bureau " year="1999" title="Bituminous Coal and Lignite Surface Mining. 1997 Economic Census" placeOfPublications="unknown"/>
                <source number="1995" sourceType="0" firstAuthor="Energy Information Administration " year="2000" title="Energy Policy Act Transportation Rate Study: Final Report on Coal Transportation" placeOfPublications="unknown"/>
                <source number="1998" sourceType="0" firstAuthor="Energy Information Administration " year="1997" title="Coal Industry Annual 1997" placeOfPublications="unknown"/>
                <source number="2069" sourceType="0" firstAuthor="Energy Information Administration " year="2000" title="Coal Industry Annual 2000" placeOfPublications="unknown"/>
                <source number="2112" sourceType="0" firstAuthor="unspecified " year="2002" title="Franklin Associates estimate" placeOfPublications="unknown"/>
                <source number="2173" sourceType="0" firstAuthor="Hong, B.D " year="1997" title="U.S. Coal Supply and Demand: 1997 Review" placeOfPublications="unknown"/>
                <source number="2193" sourceType="0" firstAuthor="U.S. Department of Energy " year="1983" title="Energy Tech Char Handbook: Environmental Pollution and Control Factors. 3rd Ed" placeOfPublications="unknown"/>
                <source number="2196" sourceType="0" firstAuthor="unspecified " year="2002" title="Personal communication between Franklin Associates, Ltd. and Pat Brindle Sedgman" placeOfPublications="unknown"/>
                <source number="2219" sourceType="0" firstAuthor="U.S. EPA " year="1995" title="Emission Factor Documentation for AP-42 Section 11.10, Coal Cleaning" placeOfPublications="unknown"/>
                <source number="2261" sourceType="0" firstAuthor="unspecified " year="2002" title="Personal communication between Franklin Associates, Ltd. and Mike Hendon of TVA" placeOfPublications="unknown"/>
                <source number="2262" sourceType="0" firstAuthor="unspecified " year="2002" title="Personal comm: Franklin Associates and Andy Curtis, Fuel Analyst, Texas PUC" placeOfPublications="unknown"/>
                <source number="2307" sourceType="0" firstAuthor="U.S. EPA " year="1998" title="AP-42 Section 11.9, Mineral Products Industry: Western Surface Coal Mining" placeOfPublications="unknown"/>
            </modellingAndValidation>
            <administrativeInformation>
                <dataEntryBy person="1736"/>
                <dataGeneratorAndPublication person="1736" dataPublishedIn="0" referenceToPublishedSource="1908" copyright="false" accessRestrictedTo="0"/>
                <person number="1736" name="Franklin Associates" address="4121 W. 83rd Street, Suite 108&#xA;Prairie Village, KS 66208" telephone="913-649-2225 ext 241" email="jlittlefield@fal.com" companyCode="unknown" countryCode="US"/>
            </administrativeInformation>
        </metaInformation>
        <flowData>
            <exchange number="8456" category="21: Mining, Quarrying, and Oil and Gas Extraction" subCategory="2121: Coal Mining" localCategory="21: Mining, Quarrying, and Oil and Gas Extraction" localSubCategory="2121: Coal Mining" name="Bituminous coal, at mine" location="RNA" unit="kg" meanValue="1.0" infrastructureProcess="false">
                <outputGroup>0</outputGroup>
            </exchange>
            <exchange number="26410" category="Emission to water" subCategory="unspecified" localCategory="Emission to water" localSubCategory="unspecified" CASNumber="007439-89-6" name="Iron" unit="kg" meanValue="8.64E-6" formula="Fe" infrastructureProcess="false">
                <outputGroup>4</outputGroup>
            </exchange>
            <exchange number="35868" category="22: Utilities" subCategory="2211: Electric Power Generation, Transmission and Distribution" localCategory="22: Utilities" localSubCategory="2211: Electric Power Generation, Transmission and Distribution" name="Electricity, at grid" location="RNA" unit="MJ" meanValue="0.0387" infrastructureProcess="false">
                <inputGroup>5</inputGroup>
            </exchange>
            <exchange number="13726" category="22: Utilities" subCategory="2213: Water, Sewage and Other Systems" localCategory="22: Utilities" localSubCategory="2213: Water, Sewage and Other Systems" name="Diesel, combusted in industrial boiler" location="RNA" unit="m3" meanValue="0.0088" infrastructureProcess="false">
                <inputGroup>5</inputGroup>
            </exchange>
            <exchange number="8254" category="22: Utilities" subCategory="2213: Water, Sewage and Other Systems" localCategory="22: Utilities" localSubCategory="2213: Water, Sewage and Other Systems" name="Residual fuel oil, combusted in industrial boiler" location="RNA" unit="m3" meanValue="8.7E-4" infrastructureProcess="false">
                <inputGroup>5</inputGroup>
            </exchange>
            <exchange number="44373" category="22: Utilities" subCategory="2213: Water, Sewage and Other Systems" localCategory="22: Utilities" localSubCategory="2213: Water, Sewage and Other Systems" name="Bituminous coal, combusted in industrial boiler" location="RNA" unit="kg" meanValue="4.31E-4" infrastructureProcess="false">
                <inputGroup>5</inputGroup>
            </exchange>
            <exchange number="20366" category="22: Utilities" subCategory="2213: Water, Sewage and Other Systems" localCategory="22: Utilities" localSubCategory="2213: Water, Sewage and Other Systems" name="Gasoline, combusted in equipment" location="RNA" unit="m3" meanValue="8.36E-4" infrastructureProcess="false">
                <inputGroup>5</inputGroup>
            </exchange>
            <exchange number="36670" category="Emission to air" subCategory="unspecified" localCategory="Emission to air" localSubCategory="unspecified" CASNumber="000074-82-8" name="Methane" unit="kg" meanValue="0.00399" formula="CH4" infrastructureProcess="false">
                <outputGroup>4</outputGroup>
            </exchange>
            <exchange number="26356" category="Emission to air" subCategory="unspecified" localCategory="Emission to air" localSubCategory="unspecified" name="VOC, volatile organic compounds" unit="kg" meanValue="2.57E-5" infrastructureProcess="false">
                <outputGroup>4</outputGroup>
            </exchange>
            <exchange number="44283" category="Technosphere Flows" subCategory="CUTOFF Flows" localCategory="Technosphere Flows" localSubCategory="CUTOFF Flows" name="CUTOFF Disposal, solid waste, unspecified, to underground deposit" location="RNA" unit="kg" meanValue="0.235" infrastructureProcess="false">
                <inputGroup>5</inputGroup>
            </exchange>
            <exchange number="37974" category="Emission to water" subCategory="unspecified" localCategory="Emission to water" localSubCategory="unspecified" name="Suspended solids, unspecified" unit="kg" meanValue="1.0E-4" infrastructureProcess="false">
                <outputGroup>4</outputGroup>
            </exchange>
            <exchange number="8936" category="Emission to water" subCategory="unspecified" localCategory="Emission to water" localSubCategory="unspecified" CASNumber="007439-96-5" name="Manganese" unit="kg" meanValue="5.76E-6" formula="Mn" infrastructureProcess="false">
                <outputGroup>4</outputGroup>
            </exchange>
            <exchange number="39188" category="resource" subCategory="ground-" localCategory="resource" localSubCategory="ground-" name="Coal, bituminous, 24.8 MJ per kg" unit="kg" meanValue="1.24" infrastructureProcess="false">
                <inputGroup>4</inputGroup>
            </exchange>
            <exchange number="34544" category="Emission to air" subCategory="unspecified" localCategory="Emission to air" localSubCategory="unspecified" name="Particulates, unspecified" unit="kg" meanValue="0.00163" formula="PM" infrastructureProcess="false">
                <outputGroup>4</outputGroup>
            </exchange>
            <exchange number="17066" category="22: Utilities" subCategory="2213: Water, Sewage and Other Systems" localCategory="22: Utilities" localSubCategory="2213: Water, Sewage and Other Systems" name="Natural gas, combusted in industrial boiler" location="RNA" unit="m3" meanValue="1.62E-4" infrastructureProcess="false">
                <inputGroup>5</inputGroup>
            </exchange>
        </flowData>
    </dataset>
</ecoSpold>
