<?xml version="1.0" encoding="UTF-8" standalone="yes"?>
<ecoSpold xmlns="http://www.EcoInvent.org/EcoSpold01">
    <dataset number="110679" generator="openLCA" timestamp="2019-10-15T12:53:01.482-06:00">
        <metaInformation>
            <processInformation>
                <referenceFunction datasetRelatesToProduct="false" name="Natural gas, at extraction, conventional onshore associated, kg" localName="Natural gas, at extraction, conventional onshore associated, kg" infrastructureProcess="false" amount="1.0" unit="kg" category="21: Mining, Quarrying, and Oil and Gas Extraction" subCategory="2111: Oil and Gas Extraction" localCategory="21: Mining, Quarrying, and Oil and Gas Extraction" localSubCategory="2111: Oil and Gas Extraction" generalComment="NETL LCA Unit Process Library, Natural gas extraction processes 2010. Associated natural gas is co-extracted with crude oil. The extraction of onshore associated gas is similar to the extraction methods for conventional onshore gas. The use of oil/gas separators is necessary to recover natural gas from the mixed product stream. The majority of these wells are assumed to be in Texas and Louisiana (US EIA, 2009a). The production rates of onshore associated gas wells are highly variable, but an average associated gas well in the U.S. produces 59 barrels of oil and 61 thousand cubic feet of natural gas per day (US EIA, 2009b). "/>
                <geography location="US" text=""/>
                <technology text="Conventional natural gas extraction"/>
                <timePeriod dataValidForEntirePeriod="true" text="">
                    <startDate>2013-12-31-07:00</startDate>
                    <endDate>2014-11-30-07:00</endDate>
                </timePeriod>
                <dataSetInformation type="1" impactAssessmentResult="false" timestamp="2019-10-02T11:13:46.156-06:00" version="0.0" internalVersion="0.0" energyValues="0" languageCode="en" localLanguageCode="en"/>
            </processInformation>
            <modellingAndValidation>
                <representativeness samplingProcedure="BOUNDARY CONDITIONS: The system boundary includes (1) natural gas extraction (2) energy inputs for the process, and (3) water inputs for the process.&#xD;&#xA;DATA COLLECTION: A weighted average was calculated from the data collected for 6 extraction methods and used to develop the composite natural gas extraction process. &#xD;&#xA;UNCERTAINTY ESTIMATION: All data were carefully evaluated before compiling the production-weighted average data sets used to generate results. No uncertainty analysis was carried out due to the lack of uncertainty data or probability distributions for key parameters, which are often only available as single point estimates from the producers.&#xD;&#xA;"/>
                <source number="107107" sourceType="0" firstAuthor="US EIA, 2009b" placeOfPublications="unknown" text="US EIA (2009b). United States Total 2008: Distribution of Wells by Production Rate Bracket. Energy Information Administration. 2009."/>
                <source number="107116" sourceType="0" firstAuthor="US EIA, 2017a" placeOfPublications="unknown" text="Natural Gas Anuual 2017"/>
                <source number="107117" sourceType="0" firstAuthor="US EIA, 2009a" placeOfPublications="unknown" text="US EIA (2009). Annual Energy Outlook 2009. Department of Energy, Energy Information Administration. Retrieved from: http://www.eia.doe.gov/oiaf/aeo/index.html. DOE/EIA-0383(2009). "/>
                <validation proofReadingDetails="Internal review of data entry proofreading, mass balance verification and data documentation." proofReadingValidator="1681"/>
            </modellingAndValidation>
            <administrativeInformation>
                <dataEntryBy person="1681"/>
                <dataGeneratorAndPublication person="1681" dataPublishedIn="0" copyright="false" accessRestrictedTo="0"/>
                <person number="1681" name="Franklin Associates, A Division of ERG" address="11050 Roe Ave., 66211 Overland Park, KS" telephone="(913) 649-2225" telefax="(913) 649-6494" email="FranklinAssociates@ERG.com" companyCode="unknown"/>
            </administrativeInformation>
        </metaInformation>
        <flowData>
            <exchange number="107150" category="21: Mining, Quarrying, and Oil and Gas Extraction" subCategory="2111: Oil and Gas Extraction" localCategory="21: Mining, Quarrying, and Oil and Gas Extraction" localSubCategory="2111: Oil and Gas Extraction" name="Natural gas, at extraction, conventional onshore associated, kg" location="US" unit="kg" meanValue="1.0" generalComment="Data from NETL 2014" infrastructureProcess="false">
                <outputGroup>0</outputGroup>
            </exchange>
            <exchange number="34732" name="Water, Surface water consumption" unit="kg" meanValue="0.319" generalComment="Data from NETL 2014" infrastructureProcess="false">
                <inputGroup>4</inputGroup>
            </exchange>
            <exchange number="107168" category="Technosphere Flows" subCategory="CUTOFF Flows" localCategory="Technosphere Flows" localSubCategory="CUTOFF Flows" name="CUTOFF Disposal, solid waste, unspecified" unit="kg" meanValue="0.0247" generalComment="Solid waste to landfill. Data from NETL 2014" infrastructureProcess="false">
                <outputGroup>3</outputGroup>
            </exchange>
            <exchange number="50147" category="Emission to air" subCategory="unspecified" localCategory="Emission to air" localSubCategory="unspecified" CASNumber="007446-09-5" name="Sulfur dioxide" unit="kg" meanValue="5.21E-7" formula="SOx as SO2" generalComment="Data from NETL 2014" infrastructureProcess="false">
                <outputGroup>4</outputGroup>
            </exchange>
            <exchange number="36670" category="Emission to air" subCategory="unspecified" localCategory="Emission to air" localSubCategory="unspecified" CASNumber="000074-82-8" name="Methane" unit="kg" meanValue="0.00253" formula="CH4" generalComment="Data from NETL 2014" infrastructureProcess="false">
                <outputGroup>4</outputGroup>
            </exchange>
            <exchange number="46651" category="Emission to water" subCategory="unspecified" localCategory="Emission to water" localSubCategory="unspecified" CASNumber="016887-00-6" name="Chloride" unit="kg" meanValue="3.75E-4" formula="Cl-" generalComment="Data from NETL 2014" infrastructureProcess="false">
                <outputGroup>4</outputGroup>
            </exchange>
            <exchange number="9668" name="Water, groundwater consumption" unit="kg" meanValue="0.319" generalComment="Data from NETL 2014" infrastructureProcess="false">
                <inputGroup>4</inputGroup>
            </exchange>
            <exchange number="47227" category="Emission to air" subCategory="unspecified" localCategory="Emission to air" localSubCategory="unspecified" CASNumber="011104-93-1" name="Nitrogen oxides" unit="kg" meanValue="0.00362" formula="NOx as NO2" generalComment="Data from NETL 2014" infrastructureProcess="false">
                <outputGroup>4</outputGroup>
            </exchange>
            <exchange number="50703" category="Emission to water" subCategory="unspecified" localCategory="Emission to water" localSubCategory="unspecified" CASNumber="007440-42-8" name="Boron" unit="kg" meanValue="1.9E-6" formula="B" generalComment="Data from NETL 2014" infrastructureProcess="false">
                <outputGroup>4</outputGroup>
            </exchange>
            <exchange number="5052" category="Emission to air" subCategory="unspecified" localCategory="Emission to air" localSubCategory="unspecified" CASNumber="000630-08-0" name="Carbon monoxide" unit="kg" meanValue="2.81E-4" formula="CO" generalComment="Data from NETL 2014" infrastructureProcess="false">
                <outputGroup>4</outputGroup>
            </exchange>
            <exchange number="32554" category="Emission to air" subCategory="unspecified" localCategory="Emission to air" localSubCategory="unspecified" CASNumber="010024-97-2" name="Dinitrogen monoxide" unit="kg" meanValue="1.66E-7" formula="N2O" generalComment="Data from NETL 2014" infrastructureProcess="false">
                <outputGroup>4</outputGroup>
            </exchange>
            <exchange number="10936" category="Emission to air" subCategory="unspecified" localCategory="Emission to air" localSubCategory="unspecified" name="Particulates, &lt; 10 um" unit="kg" meanValue="8.86E-6" formula="PM10" generalComment="Data from NETL 2014. Represents PM &gt; 2.5 and &lt;10." infrastructureProcess="false">
                <outputGroup>4</outputGroup>
            </exchange>
            <exchange number="17066" category="22: Utilities" subCategory="2213: Water, Sewage and Other Systems" localCategory="22: Utilities" localSubCategory="2213: Water, Sewage and Other Systems" name="Natural gas, combusted in industrial boiler" location="RNA" unit="m3" meanValue="0.057004" generalComment="Data from NETL 2014" infrastructureProcess="false">
                <inputGroup>5</inputGroup>
            </exchange>
            <exchange number="28358" category="Emission to water" subCategory="unspecified" localCategory="Emission to water" localSubCategory="unspecified" CASNumber="014808-79-8" name="Sulfate" unit="kg" meanValue="0.00151" formula="SO4 --" generalComment="Data from NETL 2014" infrastructureProcess="false">
                <outputGroup>4</outputGroup>
            </exchange>
            <exchange number="7374" category="Emission to air" subCategory="unspecified" localCategory="Emission to air" localSubCategory="unspecified" CASNumber="000124-38-9" name="Carbon dioxide" unit="kg" meanValue="0.112" formula="CO2" generalComment="Data from NETL 2014" infrastructureProcess="false">
                <outputGroup>4</outputGroup>
            </exchange>
            <exchange number="42065" category="Emission to water" subCategory="unspecified" localCategory="Emission to water" localSubCategory="unspecified" name="Dissolved solids" unit="kg" meanValue="0.00391" generalComment="Data from NETL 2014" infrastructureProcess="false">
                <outputGroup>4</outputGroup>
            </exchange>
            <exchange number="24472" category="Emission to water" subCategory="unspecified" localCategory="Emission to water" localSubCategory="unspecified" name="Hydrocarbons, unspecified" unit="kg" meanValue="2.67E-5" generalComment="Data from NETL 2014" infrastructureProcess="false">
                <outputGroup>4</outputGroup>
            </exchange>
            <exchange number="6418" category="Emission to air" subCategory="unspecified" localCategory="Emission to air" localSubCategory="unspecified" name="NMVOC, non-methane volatile organic compounds, unspecified origin" unit="kg" meanValue="2.05E-4" generalComment="Data from NETL 2014" infrastructureProcess="false">
                <outputGroup>4</outputGroup>
            </exchange>
        </flowData>
    </dataset>
</ecoSpold>
