<?xml version="1.0" encoding="UTF-8" standalone="yes"?>
<ecoSpold xmlns="http://www.EcoInvent.org/EcoSpold01">
    <dataset number="76238" generator="openLCA" timestamp="2019-10-15T12:53:04.573-06:00">
        <metaInformation>
            <processInformation>
                <referenceFunction datasetRelatesToProduct="false" name="Electricity, at grid" localName="Electricity, at grid" infrastructureProcess="false" amount="1.0" unit="MJ" category="22: Utilities" subCategory="2211: Electric Power Generation, Transmission and Distribution" localCategory="22: Utilities" localSubCategory="2211: Electric Power Generation, Transmission and Distribution" generalComment="&#xA;Important note: although most of the data in the US LCI database has &#xA;undergone some sort of review, the database as a whole has not yet &#xA;undergone a formal validation process.&#xA;Please email comments to lci@nrel.gov."/>
                <geography location="RNA" text="United States, East"/>
                <technology text="Representative of year 2000 mix of fuels used for utility electricity generation in the Eastern U.S. Fuels include coals, fuel oil, nuclear, hydroelectric, and unconventional energy sources. Data are weighted according to percent share of consumption. Includes line loss factor of 9.58%, which represents the difference between electricity generated and electricity sold."/>
                <timePeriod dataValidForEntirePeriod="true">
                    <startDate>1999-12-31-07:00</startDate>
                    <endDate>1999-12-31-07:00</endDate>
                </timePeriod>
                <dataSetInformation type="1" impactAssessmentResult="false" timestamp="2019-09-08T22:28:56.924-06:00" version="0.0" internalVersion="0.0" energyValues="0" languageCode="en" localLanguageCode="en"/>
            </processInformation>
            <modellingAndValidation>
                <source number="2020" sourceType="0" firstAuthor="U.S. Environmental Protection Agency " year="2002" title="EGRID 2002 (Emissions and Generation Resource Integrated Database)." placeOfPublications="unknown"/>
                <source number="2304" sourceType="0" firstAuthor="Franklin Associates " year="2003" title="Data Details for Electricity Generation" placeOfPublications="unknown"/>
                <source number="2374" sourceType="0" firstAuthor="U.S. Energy Information Administration " year="2000" title="EIA-906 Database: Monthly Utility Power Plant Database." placeOfPublications="unknown"/>
            </modellingAndValidation>
            <administrativeInformation>
                <dataEntryBy person="1729"/>
                <dataGeneratorAndPublication person="1729" dataPublishedIn="0" referenceToPublishedSource="2304" copyright="false" accessRestrictedTo="0"/>
                <person number="1729" name="James Littlefield, Franklin Associates" address="4121 W. 83rd Street, Prairie Village, KS" telephone="913-649-2225 ext 241" email="jlittlefield@fal.com" companyCode="unknown" countryCode="US"/>
            </administrativeInformation>
        </metaInformation>
        <flowData>
            <exchange number="35868" category="22: Utilities" subCategory="2211: Electric Power Generation, Transmission and Distribution" localCategory="22: Utilities" localSubCategory="2211: Electric Power Generation, Transmission and Distribution" name="Electricity, at grid" location="RNA" unit="MJ" meanValue="1.0" infrastructureProcess="false">
                <outputGroup>0</outputGroup>
            </exchange>
            <exchange number="25748" category="22: Utilities" subCategory="2211: Electric Power Generation, Transmission and Distribution" localCategory="22: Utilities" localSubCategory="2211: Electric Power Generation, Transmission and Distribution" name="Electricity, residual fuel oil, at power plant" location="RNA" unit="MJ" meanValue="0.0358" generalComment="Accounts for average line losses of 9.58%" infrastructureProcess="false">
                <inputGroup>5</inputGroup>
            </exchange>
            <exchange number="51514" category="Technosphere Flows" subCategory="CUTOFF Flows" localCategory="Technosphere Flows" localSubCategory="CUTOFF Flows" name="CUTOFF Electricity, at wind power plant, unspecified" location="RNA" unit="MJ" meanValue="4.83E-4" generalComment="Accounts for average line losses of 9.58%" infrastructureProcess="false">
                <inputGroup>5</inputGroup>
            </exchange>
            <exchange number="52306" category="22: Utilities" subCategory="2211: Electric Power Generation, Transmission and Distribution" localCategory="22: Utilities" localSubCategory="2211: Electric Power Generation, Transmission and Distribution" name="Electricity, bituminous coal, at power plant" location="RNA" unit="MJ" meanValue="0.627" generalComment="Accounts for average line losses of 9.58%" infrastructureProcess="false">
                <inputGroup>5</inputGroup>
            </exchange>
            <exchange number="4152" category="22: Utilities" subCategory="2211: Electric Power Generation, Transmission and Distribution" localCategory="22: Utilities" localSubCategory="2211: Electric Power Generation, Transmission and Distribution" name="Electricity, biomass, at power plant" location="RNA" unit="MJ" meanValue="0.0177" generalComment="Accounts for average line losses of 9.58%" infrastructureProcess="false">
                <inputGroup>5</inputGroup>
            </exchange>
            <exchange number="11194" category="22: Utilities" subCategory="2211: Electric Power Generation, Transmission and Distribution" localCategory="22: Utilities" localSubCategory="2211: Electric Power Generation, Transmission and Distribution" name="Electricity, nuclear, at power plant" location="RNA" unit="MJ" meanValue="0.248" generalComment="Accounts for average line losses of 9.58%" infrastructureProcess="false">
                <inputGroup>5</inputGroup>
            </exchange>
            <exchange number="31634" category="22: Utilities" subCategory="2211: Electric Power Generation, Transmission and Distribution" localCategory="22: Utilities" localSubCategory="2211: Electric Power Generation, Transmission and Distribution" name="Electricity, lignite coal, at power plant" location="RNA" unit="MJ" meanValue="0.0188" generalComment="Accounts for average line losses of 9.58%" infrastructureProcess="false">
                <inputGroup>5</inputGroup>
            </exchange>
            <exchange number="50227" category="Technosphere Flows" subCategory="CUTOFF Flows" localCategory="Technosphere Flows" localSubCategory="CUTOFF Flows" name="CUTOFF Electricity, fossil, unspecified, at power plant" location="RNA" unit="MJ" meanValue="0.00591" generalComment="Accounts for average line losses of 9.58%" infrastructureProcess="false">
                <inputGroup>5</inputGroup>
            </exchange>
            <exchange number="4186" category="22: Utilities" subCategory="2211: Electric Power Generation, Transmission and Distribution" localCategory="22: Utilities" localSubCategory="2211: Electric Power Generation, Transmission and Distribution" name="Electricity, natural gas, at power plant" location="RNA" unit="MJ" meanValue="0.11" generalComment="Accounts for average line losses of 9.58%" infrastructureProcess="false">
                <inputGroup>5</inputGroup>
            </exchange>
            <exchange number="26036" category="Technosphere Flows" subCategory="CUTOFF Flows" localCategory="Technosphere Flows" localSubCategory="CUTOFF Flows" name="CUTOFF Electricity, hydropower, at power plant, unspecified" location="RNA" unit="MJ" meanValue="0.0316" generalComment="Accounts for average line losses of 9.58%" infrastructureProcess="false">
                <inputGroup>5</inputGroup>
            </exchange>
        </flowData>
    </dataset>
</ecoSpold>
