<?xml version="1.0" encoding="UTF-8" standalone="yes"?>
<ecoSpold xmlns="http://www.EcoInvent.org/EcoSpold01">
    <dataset number="85571" generator="openLCA" timestamp="2019-10-15T12:53:01.391-06:00">
        <metaInformation>
            <processInformation>
                <referenceFunction datasetRelatesToProduct="false" name="Natural gas, at extraction site, 1.357 m3/kg" localName="Natural gas, at extraction site, 1.357 m3/kg" infrastructureProcess="false" amount="1.0" unit="m3" category="21: Mining, Quarrying, and Oil and Gas Extraction" subCategory="2111: Oil and Gas Extraction" localCategory="21: Mining, Quarrying, and Oil and Gas Extraction" localSubCategory="2111: Oil and Gas Extraction" generalComment="Natural gas is commonly co-extracted with crude oil. However, there are enough differences between crude oil and natural gas extraction to merit separate data modules for each product., &#xA;Important note: although most of the data in the US LCI database has &#xA;undergone some sort of review, the database as a whole has not yet &#xA;undergone a formal validation process.&#xA;Please email comments to lci@nrel.gov."/>
                <geography location="RNA" text="United States"/>
                <technology text="Includes data for natural gas extracted from onshore and offshore wells. Includes data for natural gas co-extracted with crude oil as well as for wells that produced only natural gas."/>
                <timePeriod dataValidForEntirePeriod="true">
                    <startDate>1996-12-31-07:00</startDate>
                    <endDate>2000-12-31-07:00</endDate>
                </timePeriod>
                <dataSetInformation type="1" impactAssessmentResult="false" timestamp="2019-07-21T13:22:14.564-06:00" version="0.0" internalVersion="0.0" energyValues="0" languageCode="en" localLanguageCode="en"/>
            </processInformation>
            <modellingAndValidation>
                <source number="1927" sourceType="0" firstAuthor="Franklin Associates " year="2003" title="Data Details for Natural Gas Production and Processing" placeOfPublications="unknown"/>
                <source number="1941" sourceType="0" firstAuthor="Energy Information Administration " year="1997" title="1997 Census of Mineral Industries: Crude Petroleum and Natural Gas Extraction" placeOfPublications="unknown"/>
                <source number="1990" sourceType="0" firstAuthor="Energy Information Administration " year="1999" title="The U.S. Petroleum and Natural Gas Industry, Table 2" placeOfPublications="unknown"/>
                <source number="2003" sourceType="0" firstAuthor="EPA " year="1995" title="Glycol Dehydrator BTEX and VOC Emission Testing Results: Two Units in TX and LA" placeOfPublications="unknown"/>
                <source number="2109" sourceType="0" firstAuthor="EPA " year="1995" title="AP 42, Chapter 5.3: Natural Gas Processing" placeOfPublications="unknown"/>
                <source number="2116" sourceType="0" firstAuthor="unspecified " year="1998" title="Oil and Gas Journal 1998 Databook" placeOfPublications="unknown"/>
                <source number="2127" sourceType="0" firstAuthor="Energy Information Administration " year="2000" title="Natural Gas Annual 2000" placeOfPublications="unknown"/>
                <source number="2226" sourceType="0" firstAuthor="unspecified " year="1998" title="Pollution Prevention and Abatement Handbook: Oil and Gas Development (Onshore)" placeOfPublications="unknown"/>
                <source number="2265" sourceType="0" firstAuthor="Energy Information Administration: Natur " year="2001" title="Natural Gas Transportation: Infrastructure Issues and Operational Trends." placeOfPublications="unknown"/>
                <source number="2286" sourceType="0" firstAuthor="unspecified " year="1992" title="Rand McNally Illustrated Atlas of the World" placeOfPublications="unknown"/>
                <source number="2372" sourceType="0" firstAuthor="Hydrocarbon Processing " year="1999" title="Cost-Effectively Reduce Emissions for Natural Gas Processing." placeOfPublications="unknown"/>
                <source number="2381" sourceType="0" firstAuthor="EPA " year="2000" title="Profile of the Oil and Gas Extraction Industry" placeOfPublications="unknown"/>
                <source number="2384" sourceType="0" firstAuthor="NREL (National Renewable Energy Laborato " year="9999" title="Life cycle Inventory of Biodiesel and Petroleum Diesel" placeOfPublications="unknown"/>
            </modellingAndValidation>
            <administrativeInformation>
                <dataEntryBy person="1693"/>
                <dataGeneratorAndPublication person="1693" dataPublishedIn="0" referenceToPublishedSource="1927" copyright="false" accessRestrictedTo="0"/>
                <person number="1693" name="Franklin Associates" address="4121 W. 83rd St., Suite 108, Prairie Village, KS  66208" telephone="913-649-2225 ext 241" email="jlittlefield@fal.com" companyCode="unknown" countryCode="US"/>
            </administrativeInformation>
        </metaInformation>
        <flowData>
            <exchange number="11906" category="21: Mining, Quarrying, and Oil and Gas Extraction" subCategory="2111: Oil and Gas Extraction" localCategory="21: Mining, Quarrying, and Oil and Gas Extraction" localSubCategory="2111: Oil and Gas Extraction" name="Natural gas, at extraction site, 1.357 m3/kg" location="RNA" unit="m3" meanValue="1.0" infrastructureProcess="false">
                <outputGroup>0</outputGroup>
            </exchange>
            <exchange number="44041" category="water" subCategory="unspecified" localCategory="water" localSubCategory="unspecified" name="Fluorenes, alkylated, unspecified" unit="kg" meanValue="1.81E-9" infrastructureProcess="false">
                <outputGroup>4</outputGroup>
            </exchange>
            <exchange number="5888" category="water" subCategory="unspecified" localCategory="water" localSubCategory="unspecified" name="Oils, unspecified" unit="kg" meanValue="6.09E-5" infrastructureProcess="false">
                <outputGroup>4</outputGroup>
            </exchange>
            <exchange number="20366" category="22: Utilities" subCategory="2213: Water, Sewage and Other Systems" localCategory="22: Utilities" localSubCategory="2213: Water, Sewage and Other Systems" name="Gasoline, combusted in equipment" location="RNA" unit="m3" meanValue="5.07E-4" infrastructureProcess="false">
                <inputGroup>5</inputGroup>
            </exchange>
            <exchange number="21180" category="water" subCategory="unspecified" localCategory="water" localSubCategory="unspecified" name="Tetradecane" unit="kg" meanValue="7.68E-8" infrastructureProcess="false">
                <outputGroup>4</outputGroup>
            </exchange>
            <exchange number="35190" category="water" subCategory="unspecified" localCategory="water" localSubCategory="unspecified" name="Mercury" unit="kg" meanValue="6.22E-10" infrastructureProcess="false">
                <outputGroup>4</outputGroup>
            </exchange>
            <exchange number="17450" category="water" subCategory="unspecified" localCategory="water" localSubCategory="unspecified" name="p-Cresol" unit="kg" meanValue="9.83E-8" infrastructureProcess="false">
                <outputGroup>4</outputGroup>
            </exchange>
            <exchange number="9588" category="water" subCategory="unspecified" localCategory="water" localSubCategory="unspecified" name="Bromide" unit="kg" meanValue="6.79E-4" infrastructureProcess="false">
                <outputGroup>4</outputGroup>
            </exchange>
            <exchange number="28582" category="Emission to water" subCategory="unspecified" localCategory="Emission to water" localSubCategory="unspecified" CASNumber="007439-98-7" name="Molybdenum" unit="kg" meanValue="7.28E-8" formula="Mo" infrastructureProcess="false">
                <outputGroup>4</outputGroup>
            </exchange>
            <exchange number="37974" category="Emission to water" subCategory="unspecified" localCategory="Emission to water" localSubCategory="unspecified" name="Suspended solids, unspecified" unit="kg" meanValue="0.00201" infrastructureProcess="false">
                <outputGroup>4</outputGroup>
            </exchange>
            <exchange number="17670" category="water" subCategory="unspecified" localCategory="water" localSubCategory="unspecified" name="Magnesium" unit="kg" meanValue="0.00199" infrastructureProcess="false">
                <outputGroup>4</outputGroup>
            </exchange>
            <exchange number="17066" category="22: Utilities" subCategory="2213: Water, Sewage and Other Systems" localCategory="22: Utilities" localSubCategory="2213: Water, Sewage and Other Systems" name="Natural gas, combusted in industrial boiler" location="RNA" unit="m3" meanValue="0.0241" infrastructureProcess="false">
                <inputGroup>5</inputGroup>
            </exchange>
            <exchange number="52058" category="water" subCategory="unspecified" localCategory="water" localSubCategory="unspecified" name="Benzoic acid" unit="kg" meanValue="3.21E-6" infrastructureProcess="false">
                <outputGroup>4</outputGroup>
            </exchange>
            <exchange number="8254" category="22: Utilities" subCategory="2213: Water, Sewage and Other Systems" localCategory="22: Utilities" localSubCategory="2213: Water, Sewage and Other Systems" name="Residual fuel oil, combusted in industrial boiler" location="RNA" unit="m3" meanValue="5.88E-4" infrastructureProcess="false">
                <inputGroup>5</inputGroup>
            </exchange>
            <exchange number="3920" category="water" subCategory="unspecified" localCategory="water" localSubCategory="unspecified" name="Naphthalene, 2-methyl-" unit="kg" meanValue="5.02E-8" infrastructureProcess="false">
                <outputGroup>4</outputGroup>
            </exchange>
            <exchange number="32722" category="water" subCategory="unspecified" localCategory="water" localSubCategory="unspecified" name="Biphenyl" unit="kg" meanValue="2.02E-9" infrastructureProcess="false">
                <outputGroup>4</outputGroup>
            </exchange>
            <exchange number="40202" category="water" subCategory="unspecified" localCategory="water" localSubCategory="unspecified" name="Octadecane" unit="kg" meanValue="4.72E-8" infrastructureProcess="false">
                <outputGroup>4</outputGroup>
            </exchange>
            <exchange number="29196" category="water" subCategory="unspecified" localCategory="water" localSubCategory="unspecified" name="Detergents, oil" unit="kg" meanValue="3.16E-6" infrastructureProcess="false">
                <outputGroup>4</outputGroup>
            </exchange>
            <exchange number="31334" category="water" subCategory="unspecified" localCategory="water" localSubCategory="unspecified" name="Yttrium" unit="kg" meanValue="2.13E-8" infrastructureProcess="false">
                <outputGroup>4</outputGroup>
            </exchange>
            <exchange number="13726" category="22: Utilities" subCategory="2213: Water, Sewage and Other Systems" localCategory="22: Utilities" localSubCategory="2213: Water, Sewage and Other Systems" name="Diesel, combusted in industrial boiler" location="RNA" unit="m3" meanValue="9.53E-4" infrastructureProcess="false">
                <inputGroup>5</inputGroup>
            </exchange>
            <exchange number="38130" category="water" subCategory="unspecified" localCategory="water" localSubCategory="unspecified" name="Decane" unit="kg" meanValue="9.23E-8" infrastructureProcess="false">
                <outputGroup>4</outputGroup>
            </exchange>
            <exchange number="33522" category="water" subCategory="unspecified" localCategory="water" localSubCategory="unspecified" name="Benzene, ethyl-" unit="kg" meanValue="2.99E-7" infrastructureProcess="false">
                <outputGroup>4</outputGroup>
            </exchange>
            <exchange number="18242" category="water" subCategory="unspecified" localCategory="water" localSubCategory="unspecified" name="Toluene" unit="kg" meanValue="5.02E-6" infrastructureProcess="false">
                <outputGroup>4</outputGroup>
            </exchange>
            <exchange number="27804" category="water" subCategory="unspecified" localCategory="water" localSubCategory="unspecified" name="Eicosane" unit="kg" meanValue="4.82E-8" infrastructureProcess="false">
                <outputGroup>4</outputGroup>
            </exchange>
            <exchange number="24718" category="water" subCategory="unspecified" localCategory="water" localSubCategory="unspecified" name="Barium" unit="kg" meanValue="9.02E-4" infrastructureProcess="false">
                <outputGroup>4</outputGroup>
            </exchange>
            <exchange number="41983" category="water" subCategory="unspecified" localCategory="water" localSubCategory="unspecified" name="Arsenic, ion" unit="kg" meanValue="7.0E-7" infrastructureProcess="false">
                <outputGroup>4</outputGroup>
            </exchange>
            <exchange number="13658" category="water" subCategory="unspecified" localCategory="water" localSubCategory="unspecified" name="Benzenes, alkylated, unspecified" unit="kg" meanValue="3.11E-8" infrastructureProcess="false">
                <outputGroup>4</outputGroup>
            </exchange>
            <exchange number="17734" category="water" subCategory="unspecified" localCategory="water" localSubCategory="unspecified" name="Fluorene, 1-methyl-" unit="kg" meanValue="3.61E-10" infrastructureProcess="false">
                <outputGroup>4</outputGroup>
            </exchange>
            <exchange number="38284" category="water" subCategory="unspecified" localCategory="water" localSubCategory="unspecified" name="Dibenzothiophene" unit="kg" meanValue="6.22E-12" infrastructureProcess="false">
                <outputGroup>4</outputGroup>
            </exchange>
            <exchange number="28378" category="water" subCategory="unspecified" localCategory="water" localSubCategory="unspecified" name="Antimony" unit="kg" meanValue="3.56E-8" infrastructureProcess="false">
                <outputGroup>4</outputGroup>
            </exchange>
            <exchange number="6612" category="water" subCategory="unspecified" localCategory="water" localSubCategory="unspecified" name="Dodecane" unit="kg" meanValue="1.75E-7" infrastructureProcess="false">
                <outputGroup>4</outputGroup>
            </exchange>
            <exchange number="16668" category="water" subCategory="unspecified" localCategory="water" localSubCategory="unspecified" name="o-Cresol" unit="kg" meanValue="9.11E-8" infrastructureProcess="false">
                <outputGroup>4</outputGroup>
            </exchange>
            <exchange number="33248" category="water" subCategory="unspecified" localCategory="water" localSubCategory="unspecified" name="Hexadecane" unit="kg" meanValue="1.91E-7" infrastructureProcess="false">
                <outputGroup>4</outputGroup>
            </exchange>
            <exchange number="25558" category="Emission to water" subCategory="unspecified" localCategory="Emission to water" localSubCategory="unspecified" CASNumber="007440-66-6" name="Zinc" unit="kg" meanValue="1.56E-6" formula="Zn" infrastructureProcess="false">
                <outputGroup>4</outputGroup>
            </exchange>
            <exchange number="5720" category="water" subCategory="unspecified" localCategory="water" localSubCategory="unspecified" name="Radium-226/kg" unit="kg" meanValue="1.15E-13" generalComment="Radioactive substances in kBq in other DB and in impact assessment methods, no conversion factors found." infrastructureProcess="false">
                <outputGroup>4</outputGroup>
            </exchange>
            <exchange number="30956" category="water" subCategory="unspecified" localCategory="water" localSubCategory="unspecified" name="Vanadium" unit="kg" meanValue="8.6E-8" infrastructureProcess="false">
                <outputGroup>4</outputGroup>
            </exchange>
            <exchange number="48469" category="water" subCategory="unspecified" localCategory="water" localSubCategory="unspecified" name="Phenols, unspecified" unit="kg" meanValue="1.42E-6" infrastructureProcess="false">
                <outputGroup>4</outputGroup>
            </exchange>
            <exchange number="44657" category="water" subCategory="unspecified" localCategory="water" localSubCategory="unspecified" name="Calcium, ion" unit="kg" meanValue="0.0102" infrastructureProcess="false">
                <outputGroup>4</outputGroup>
            </exchange>
            <exchange number="51226" category="water" subCategory="unspecified" localCategory="water" localSubCategory="unspecified" name="Benzene" unit="kg" meanValue="5.31E-6" infrastructureProcess="false">
                <outputGroup>4</outputGroup>
            </exchange>
            <exchange number="4488" category="water" subCategory="unspecified" localCategory="water" localSubCategory="unspecified" name="Acetone" unit="kg" meanValue="3.17E-8" infrastructureProcess="false">
                <outputGroup>4</outputGroup>
            </exchange>
            <exchange number="40630" category="water" subCategory="unspecified" localCategory="water" localSubCategory="unspecified" name="Benzene, 1-methyl-4-(1-methylethyl)-" unit="kg" meanValue="3.17E-10" infrastructureProcess="false">
                <outputGroup>4</outputGroup>
            </exchange>
            <exchange number="38284" category="water" subCategory="unspecified" localCategory="water" localSubCategory="unspecified" name="Dibenzothiophene" unit="kg" meanValue="4.88E-10" infrastructureProcess="false">
                <outputGroup>4</outputGroup>
            </exchange>
            <exchange number="7812" category="water" subCategory="unspecified" localCategory="water" localSubCategory="unspecified" name="Silver" unit="kg" meanValue="6.64E-6" infrastructureProcess="false">
                <outputGroup>4</outputGroup>
            </exchange>
            <exchange number="39160" category="water" subCategory="unspecified" localCategory="water" localSubCategory="unspecified" name="Aluminum" unit="kg" meanValue="5.84E-5" infrastructureProcess="false">
                <outputGroup>4</outputGroup>
            </exchange>
            <exchange number="10342" category="Emission to water" subCategory="unspecified" localCategory="Emission to water" localSubCategory="unspecified" CASNumber="007439-92-1" name="Lead" unit="kg" meanValue="1.01E-6" formula="Pb" infrastructureProcess="false">
                <outputGroup>4</outputGroup>
            </exchange>
            <exchange number="19838" category="Emission to water" subCategory="unspecified" localCategory="Emission to water" localSubCategory="unspecified" name="COD, Chemical Oxygen Demand" unit="kg" meanValue="9.11E-4" infrastructureProcess="false">
                <outputGroup>4</outputGroup>
            </exchange>
            <exchange number="6046" category="water" subCategory="unspecified" localCategory="water" localSubCategory="unspecified" name="Docosane" unit="kg" meanValue="3.39E-9" infrastructureProcess="false">
                <outputGroup>4</outputGroup>
            </exchange>
            <exchange number="29722" category="water" subCategory="unspecified" localCategory="water" localSubCategory="unspecified" name="Dissolved solids" unit="kg" meanValue="0.141" infrastructureProcess="false">
                <outputGroup>4</outputGroup>
            </exchange>
            <exchange number="11696" category="water" subCategory="unspecified" localCategory="water" localSubCategory="unspecified" name="Cyanide" unit="kg" meanValue="2.29E-10" infrastructureProcess="false">
                <outputGroup>4</outputGroup>
            </exchange>
            <exchange number="8298" category="Emission to water" subCategory="unspecified" localCategory="Emission to water" localSubCategory="unspecified" CASNumber="007704-34-9" name="Sulfur" unit="kg" meanValue="8.39E-6" formula="S" infrastructureProcess="false">
                <outputGroup>4</outputGroup>
            </exchange>
            <exchange number="31130" category="Emission to water" subCategory="unspecified" localCategory="Emission to water" localSubCategory="unspecified" CASNumber="007664-41-7" name="Ammonia" unit="kg" meanValue="3.91E-5" formula="NH3" infrastructureProcess="false">
                <outputGroup>4</outputGroup>
            </exchange>
            <exchange number="13708" category="water" subCategory="unspecified" localCategory="water" localSubCategory="unspecified" name="Benzene, pentamethyl-" unit="kg" meanValue="2.37E-10" infrastructureProcess="false">
                <outputGroup>4</outputGroup>
            </exchange>
            <exchange number="26192" category="water" subCategory="unspecified" localCategory="water" localSubCategory="unspecified" name="Phenanthrene" unit="kg" meanValue="4.06E-10" infrastructureProcess="false">
                <outputGroup>4</outputGroup>
            </exchange>
            <exchange number="19894" category="water" subCategory="unspecified" localCategory="water" localSubCategory="unspecified" name="Dibenzofuran" unit="kg" meanValue="6.02E-10" infrastructureProcess="false">
                <outputGroup>4</outputGroup>
            </exchange>
            <exchange number="8936" category="Emission to water" subCategory="unspecified" localCategory="Emission to water" localSubCategory="unspecified" CASNumber="007439-96-5" name="Manganese" unit="kg" meanValue="3.22E-6" formula="Mn" infrastructureProcess="false">
                <outputGroup>4</outputGroup>
            </exchange>
            <exchange number="43891" category="water" subCategory="unspecified" localCategory="water" localSubCategory="unspecified" name="Selenium" unit="kg" meanValue="7.04E-9" infrastructureProcess="false">
                <outputGroup>4</outputGroup>
            </exchange>
            <exchange number="30688" category="water" subCategory="unspecified" localCategory="water" localSubCategory="unspecified" name="Xylene" unit="kg" meanValue="6.99E-8" infrastructureProcess="false">
                <outputGroup>4</outputGroup>
            </exchange>
            <exchange number="30688" category="water" subCategory="unspecified" localCategory="water" localSubCategory="unspecified" name="Xylene" unit="kg" meanValue="2.54E-6" infrastructureProcess="false">
                <outputGroup>4</outputGroup>
            </exchange>
            <exchange number="5306" category="water" subCategory="unspecified" localCategory="water" localSubCategory="unspecified" name="Strontium" unit="kg" meanValue="1.73E-4" infrastructureProcess="false">
                <outputGroup>4</outputGroup>
            </exchange>
            <exchange number="26410" category="Emission to water" subCategory="unspecified" localCategory="Emission to water" localSubCategory="unspecified" CASNumber="007439-89-6" name="Iron" unit="kg" meanValue="1.84E-4" formula="Fe" infrastructureProcess="false">
                <outputGroup>4</outputGroup>
            </exchange>
            <exchange number="51440" category="water" subCategory="unspecified" localCategory="water" localSubCategory="unspecified" name="Lithium, ion" unit="kg" meanValue="0.0034" infrastructureProcess="false">
                <outputGroup>4</outputGroup>
            </exchange>
            <exchange number="46129" category="water" subCategory="unspecified" localCategory="water" localSubCategory="unspecified" name="Thallium" unit="kg" meanValue="7.53E-9" infrastructureProcess="false">
                <outputGroup>4</outputGroup>
            </exchange>
            <exchange number="45987" category="Emission to water" subCategory="unspecified" localCategory="Emission to water" localSubCategory="unspecified" CASNumber="007440-31-5" name="Tin" unit="kg" meanValue="3.49E-7" formula="Sn" infrastructureProcess="false">
                <outputGroup>4</outputGroup>
            </exchange>
            <exchange number="4860" category="water" subCategory="unspecified" localCategory="water" localSubCategory="unspecified" name="Cadmium, ion" unit="kg" meanValue="1.02E-7" infrastructureProcess="false">
                <outputGroup>4</outputGroup>
            </exchange>
            <exchange number="43311" category="water" subCategory="unspecified" localCategory="water" localSubCategory="unspecified" name="Hexanoic acid" unit="kg" meanValue="6.66E-7" infrastructureProcess="false">
                <outputGroup>4</outputGroup>
            </exchange>
            <exchange number="5674" category="water" subCategory="unspecified" localCategory="water" localSubCategory="unspecified" name="Pentanone, methyl-" unit="kg" meanValue="1.33E-8" infrastructureProcess="false">
                <outputGroup>4</outputGroup>
            </exchange>
            <exchange number="45439" category="water" subCategory="unspecified" localCategory="water" localSubCategory="unspecified" name="Methane, monochloro-, R-40" unit="kg" meanValue="1.28E-10" infrastructureProcess="false">
                <outputGroup>4</outputGroup>
            </exchange>
            <exchange number="42561" category="water" subCategory="unspecified" localCategory="water" localSubCategory="unspecified" name="Lead-210/kg" unit="kg" meanValue="3.29E-16" generalComment="Radioactive substances in kBq in other DB and in impact assessment methods, no conversion factors found." infrastructureProcess="false">
                <outputGroup>4</outputGroup>
            </exchange>
            <exchange number="28148" category="water" subCategory="unspecified" localCategory="water" localSubCategory="unspecified" name="Boron" unit="kg" meanValue="9.94E-6" infrastructureProcess="false">
                <outputGroup>4</outputGroup>
            </exchange>
            <exchange number="26156" category="water" subCategory="unspecified" localCategory="water" localSubCategory="unspecified" name="2-Hexanone" unit="kg" meanValue="2.07E-8" infrastructureProcess="false">
                <outputGroup>4</outputGroup>
            </exchange>
            <exchange number="35868" category="22: Utilities" subCategory="2211: Electric Power Generation, Transmission and Distribution" localCategory="22: Utilities" localSubCategory="2211: Electric Power Generation, Transmission and Distribution" name="Electricity, at grid" location="RNA" unit="MJ" meanValue="0.0287" infrastructureProcess="false">
                <inputGroup>5</inputGroup>
            </exchange>
            <exchange number="32948" category="water" subCategory="unspecified" localCategory="water" localSubCategory="unspecified" name="Fluorine" unit="kg" meanValue="1.11E-9" infrastructureProcess="false">
                <outputGroup>4</outputGroup>
            </exchange>
            <exchange number="31348" category="water" subCategory="unspecified" localCategory="water" localSubCategory="unspecified" name="Naphthalenes, alkylated, unspecified" unit="kg" meanValue="5.1E-10" infrastructureProcess="false">
                <outputGroup>4</outputGroup>
            </exchange>
            <exchange number="27606" category="water" subCategory="unspecified" localCategory="water" localSubCategory="unspecified" name="BOD5, Biological Oxygen Demand" unit="kg" meanValue="5.52E-4" infrastructureProcess="false">
                <outputGroup>4</outputGroup>
            </exchange>
            <exchange number="32110" category="water" subCategory="unspecified" localCategory="water" localSubCategory="unspecified" name="Naphthalene" unit="kg" meanValue="5.75E-8" infrastructureProcess="false">
                <outputGroup>4</outputGroup>
            </exchange>
            <exchange number="36670" category="Emission to air" subCategory="unspecified" localCategory="Emission to air" localSubCategory="unspecified" CASNumber="000074-82-8" name="Methane" unit="kg" meanValue="0.00881" formula="CH4" infrastructureProcess="false">
                <outputGroup>4</outputGroup>
            </exchange>
            <exchange number="35268" category="water" subCategory="unspecified" localCategory="water" localSubCategory="unspecified" name="Sulfate" unit="kg" meanValue="2.33E-4" infrastructureProcess="false">
                <outputGroup>4</outputGroup>
            </exchange>
            <exchange number="12790" category="water" subCategory="unspecified" localCategory="water" localSubCategory="unspecified" name="Chromium, ion" unit="kg" meanValue="1.6E-6" infrastructureProcess="false">
                <outputGroup>4</outputGroup>
            </exchange>
            <exchange number="34566" category="Technosphere Flows" subCategory="CUTOFF Flows" localCategory="Technosphere Flows" localSubCategory="CUTOFF Flows" name="CUTOFF Disposal, solid waste, unspecified, to unspecified treatment" location="RNA" unit="kg" meanValue="0.0192" infrastructureProcess="false">
                <inputGroup>5</inputGroup>
            </exchange>
            <exchange number="25118" category="water" subCategory="unspecified" localCategory="water" localSubCategory="unspecified" name="Chloride" unit="kg" meanValue="0.114" infrastructureProcess="false">
                <outputGroup>4</outputGroup>
            </exchange>
            <exchange number="14426" category="resource" subCategory="ground-" localCategory="resource" localSubCategory="ground-" name="Gas, natural" unit="m3" meanValue="1.0" infrastructureProcess="false">
                <inputGroup>4</inputGroup>
            </exchange>
            <exchange number="11152" category="water" subCategory="unspecified" localCategory="water" localSubCategory="unspecified" name="Radium-228/kg" unit="kg" meanValue="5.86E-16" generalComment="Radioactive substances in kBq in other DB and in impact assessment methods, no conversion factors found." infrastructureProcess="false">
                <outputGroup>4</outputGroup>
            </exchange>
            <exchange number="10186" category="water" subCategory="unspecified" localCategory="water" localSubCategory="unspecified" name="Sodium, ion" unit="kg" meanValue="0.0323" infrastructureProcess="false">
                <outputGroup>4</outputGroup>
            </exchange>
            <exchange number="9780" category="water" subCategory="unspecified" localCategory="water" localSubCategory="unspecified" name="Methyl ethyl ketone" unit="kg" meanValue="2.55E-10" infrastructureProcess="false">
                <outputGroup>4</outputGroup>
            </exchange>
            <exchange number="14146" category="water" subCategory="unspecified" localCategory="water" localSubCategory="unspecified" name="Phenanthrenes, alkylated, unspecified" unit="kg" meanValue="2.12E-10" infrastructureProcess="false">
                <outputGroup>4</outputGroup>
            </exchange>
            <exchange number="7064" category="water" subCategory="unspecified" localCategory="water" localSubCategory="unspecified" name="m-Xylene" unit="kg" meanValue="9.6E-8" infrastructureProcess="false">
                <outputGroup>4</outputGroup>
            </exchange>
            <exchange number="40390" category="water" subCategory="unspecified" localCategory="water" localSubCategory="unspecified" name="Beryllium" unit="kg" meanValue="3.17E-8" infrastructureProcess="false">
                <outputGroup>4</outputGroup>
            </exchange>
            <exchange number="39226" category="Emission to water" subCategory="unspecified" localCategory="Emission to water" localSubCategory="unspecified" CASNumber="007440-02-0" name="Nickel" unit="kg" meanValue="5.54E-7" formula="Ni" infrastructureProcess="false">
                <outputGroup>4</outputGroup>
            </exchange>
            <exchange number="48547" category="water" subCategory="unspecified" localCategory="water" localSubCategory="unspecified" name="n-Hexacosane" unit="kg" meanValue="2.12E-9" infrastructureProcess="false">
                <outputGroup>4</outputGroup>
            </exchange>
            <exchange number="46191" category="water" subCategory="unspecified" localCategory="water" localSubCategory="unspecified" name="Copper, ion" unit="kg" meanValue="4.47E-7" infrastructureProcess="false">
                <outputGroup>4</outputGroup>
            </exchange>
            <exchange number="35448" category="water" subCategory="unspecified" localCategory="water" localSubCategory="unspecified" name="Cobalt" unit="kg" meanValue="7.02E-8" infrastructureProcess="false">
                <outputGroup>4</outputGroup>
            </exchange>
            <exchange number="21158" category="water" subCategory="unspecified" localCategory="water" localSubCategory="unspecified" name="Titanium, ion" unit="kg" meanValue="5.48E-7" infrastructureProcess="false">
                <outputGroup>4</outputGroup>
            </exchange>
            <exchange number="23974" category="water" subCategory="unspecified" localCategory="water" localSubCategory="unspecified" name="Phenol, 2,4-dimethyl-" unit="kg" meanValue="8.87E-8" infrastructureProcess="false">
                <outputGroup>4</outputGroup>
            </exchange>
        </flowData>
    </dataset>
</ecoSpold>
