<?xml version="1.0" encoding="UTF-8" standalone="yes"?>
<ecoSpold xmlns="http://www.EcoInvent.org/EcoSpold01">
    <dataset number="60377" generator="openLCA" timestamp="2019-10-15T12:53:01.344-06:00">
        <metaInformation>
            <processInformation>
                <referenceFunction datasetRelatesToProduct="false" name="Natural gas, processed, at plant, 0.7369 kg/m3" localName="Natural gas, processed, at plant, 0.7369 kg/m3" infrastructureProcess="false" amount="1.0" unit="kg" category="21: Mining, Quarrying, and Oil and Gas Extraction" subCategory="2111: Oil and Gas Extraction" localCategory="21: Mining, Quarrying, and Oil and Gas Extraction" localSubCategory="2111: Oil and Gas Extraction" generalComment="Sulfur was given no coproduct allocation in this process. The amount of H2S in the sour natural gas varies widely depending on where it is extracted. Complete inventory data and metadata are available in full in the final report and appendices, Cradle-to-Gate Life Cycle Inventory of Nine Plastic Resins and Four Polyurethane Precursors. This report has been extensively reviewed within Franklin Associates and has undergone partial critical review by ACC Plastics Division members and is available at: www.americanchemistry.com. Quantities may vary slightly between the reference to main source and and this module due to rounding. Important note: although most of the data in the US LCI database has undergone some sort of review, the database as a whole has not yet undergone a formal validation process.  Please email comments to lci@nrel.gov."/>
                <geography location="RNA" text="North America (US and Canada)"/>
                <technology text="Removal of heavier hydrocarbons followed by hydrogen sulfide removal with amine solution"/>
                <timePeriod dataValidForEntirePeriod="true">
                    <startDate>2002-12-31-07:00</startDate>
                    <endDate>2002-12-31-07:00</endDate>
                </timePeriod>
                <dataSetInformation type="1" impactAssessmentResult="false" timestamp="2019-08-12T18:52:38.667-06:00" version="0.0" internalVersion="0.0" energyValues="0" languageCode="en" localLanguageCode="en"/>
            </processInformation>
            <modellingAndValidation>
                <representativeness samplingProcedure="Data collected from secondary sources."/>
                <source number="2175" sourceType="0" firstAuthor="THE PLASTICS DIVISION OF &#xA;THE AMERICAN C " year="2010" title="CRADLE-TO-GATE LIFE CYCLE INVENTORY OF NINE PLASTIC RESINS AND FOUR POLYURETHANE PRECURSORS" placeOfPublications="unknown"/>
            </modellingAndValidation>
            <administrativeInformation>
                <dataEntryBy person="1689"/>
                <dataGeneratorAndPublication person="1689" dataPublishedIn="0" referenceToPublishedSource="2175" copyright="false" accessRestrictedTo="0"/>
                <person number="1689" name="Franklin Associates" address="Prairie Village, KS" telephone="913-649-2225 x236" email="Melissa.Huff@erg.com" companyCode="unknown" countryCode="US"/>
            </administrativeInformation>
        </metaInformation>
        <flowData>
            <exchange number="39702" category="21: Mining, Quarrying, and Oil and Gas Extraction" subCategory="2111: Oil and Gas Extraction" localCategory="21: Mining, Quarrying, and Oil and Gas Extraction" localSubCategory="2111: Oil and Gas Extraction" name="Natural gas, processed, at plant, 0.7369 kg/m3" location="RNA" unit="kg" meanValue="1.0" infrastructureProcess="false">
                <outputGroup>0</outputGroup>
            </exchange>
            <exchange number="50147" category="Emission to air" subCategory="unspecified" localCategory="Emission to air" localSubCategory="unspecified" CASNumber="007446-09-5" name="Sulfur dioxide" unit="kg" meanValue="0.0019" formula="SOx as SO2" infrastructureProcess="false">
                <outputGroup>4</outputGroup>
            </exchange>
            <exchange number="49579" category="22: Utilities" subCategory="2213: Water, Sewage and Other Systems" localCategory="22: Utilities" localSubCategory="2213: Water, Sewage and Other Systems" name="Diesel, combusted in industrial equipment" location="RNA" unit="m3" meanValue="5.02E-5" generalComment="Includes diesel fuel and distillate oil amounts." infrastructureProcess="false">
                <inputGroup>5</inputGroup>
            </exchange>
            <exchange number="30072" category="Emission to air" subCategory="unspecified" localCategory="Emission to air" localSubCategory="unspecified" CASNumber="000074-82-8" name="Methane, fossil" unit="kg" meanValue="0.0019" formula="CH4" generalComment="Updated to adjust for the percentages of natural gas sweetened with and without sulfur recovery and for the hydrogen sulfide concentration in each fraction (previous value assumed all sour gas hydrogen sulfide content and that all hydrogen sulfide was converted to sulfur dioxide)." infrastructureProcess="false">
                <outputGroup>4</outputGroup>
            </exchange>
            <exchange number="10904" category="air" subCategory="unspecified" localCategory="air" localSubCategory="unspecified" name="Xylene" unit="kg" meanValue="8.7E-5" infrastructureProcess="false">
                <outputGroup>4</outputGroup>
            </exchange>
            <exchange number="52332" category="21: Mining, Quarrying, and Oil and Gas Extraction" subCategory="2111: Oil and Gas Extraction" localCategory="21: Mining, Quarrying, and Oil and Gas Extraction" localSubCategory="2111: Oil and Gas Extraction" name="Natural gas, extracted, 0.7369 kg/m3" location="RNA" unit="kg" meanValue="1.01" generalComment="This weight reflects material loss at processing.  MATERIAL USE." infrastructureProcess="false">
                <inputGroup>5</inputGroup>
            </exchange>
            <exchange number="35868" category="22: Utilities" subCategory="2211: Electric Power Generation, Transmission and Distribution" localCategory="22: Utilities" localSubCategory="2211: Electric Power Generation, Transmission and Distribution" name="Electricity, at grid" location="RNA" unit="MJ" meanValue="0.0213" infrastructureProcess="false">
                <inputGroup>5</inputGroup>
            </exchange>
            <exchange number="17066" category="22: Utilities" subCategory="2213: Water, Sewage and Other Systems" localCategory="22: Utilities" localSubCategory="2213: Water, Sewage and Other Systems" name="Natural gas, combusted in industrial boiler" location="RNA" unit="m3" meanValue="0.0346" infrastructureProcess="false">
                <inputGroup>5</inputGroup>
            </exchange>
            <exchange number="8254" category="22: Utilities" subCategory="2213: Water, Sewage and Other Systems" localCategory="22: Utilities" localSubCategory="2213: Water, Sewage and Other Systems" name="Residual fuel oil, combusted in industrial boiler" location="RNA" unit="m3" meanValue="4.96E-5" infrastructureProcess="false">
                <inputGroup>5</inputGroup>
            </exchange>
            <exchange number="7044" category="air" subCategory="unspecified" localCategory="air" localSubCategory="unspecified" name="Toluene" unit="kg" meanValue="1.5E-4" infrastructureProcess="false">
                <outputGroup>4</outputGroup>
            </exchange>
            <exchange number="20918" category="air" subCategory="unspecified" localCategory="air" localSubCategory="unspecified" name="Carbon dioxide, fossil " unit="kg" meanValue="0.053" generalComment="Updated to reflect the amount of carbon dioxide in extracted natural gas that is removed and vented during acid gas removal; Value calculated from the US GHG Inventory and EIA processed natural gas (2007)." infrastructureProcess="false">
                <outputGroup>4</outputGroup>
            </exchange>
            <exchange number="38136" category="air" subCategory="unspecified" localCategory="air" localSubCategory="unspecified" name="Benzene" unit="kg" meanValue="9.6E-5" infrastructureProcess="false">
                <outputGroup>4</outputGroup>
            </exchange>
            <exchange number="20366" category="22: Utilities" subCategory="2213: Water, Sewage and Other Systems" localCategory="22: Utilities" localSubCategory="2213: Water, Sewage and Other Systems" name="Gasoline, combusted in equipment" location="RNA" unit="m3" meanValue="4.76E-5" infrastructureProcess="false">
                <inputGroup>5</inputGroup>
            </exchange>
            <exchange number="17596" category="air" subCategory="unspecified" localCategory="air" localSubCategory="unspecified" name="Benzene, ethyl-" unit="kg" meanValue="1.2E-5" infrastructureProcess="false">
                <outputGroup>4</outputGroup>
            </exchange>
            <exchange number="26356" category="Emission to air" subCategory="unspecified" localCategory="Emission to air" localSubCategory="unspecified" name="VOC, volatile organic compounds" unit="kg" meanValue="7.7E-4" infrastructureProcess="false">
                <outputGroup>4</outputGroup>
            </exchange>
        </flowData>
    </dataset>
</ecoSpold>
