<?xml version="1.0" encoding="UTF-8" standalone="yes"?>
<ecoSpold xmlns="http://www.EcoInvent.org/EcoSpold01">
    <dataset number="55643" generator="openLCA" timestamp="2019-10-15T12:53:03.115-06:00">
        <metaInformation>
            <processInformation>
                <referenceFunction datasetRelatesToProduct="false" name="Electricity, at grid" localName="Electricity, at grid" infrastructureProcess="false" amount="1.0" unit="MJ" category="22: Utilities" subCategory="2211: Electric Power Generation, Transmission and Distribution" localCategory="22: Utilities" localSubCategory="2211: Electric Power Generation, Transmission and Distribution" generalComment="The methodology used to put together the grid information is outlined in reference 1.  "/>
                <geography location="RNA" text="Kansas and Oklahoma, and parts of Arkansas, Louisiana, Missouri, New Mexico, and Texas."/>
                <technology text="Typical"/>
                <timePeriod dataValidForEntirePeriod="true">
                    <startDate>2007-12-31-07:00</startDate>
                    <endDate>2007-12-31-07:00</endDate>
                </timePeriod>
                <dataSetInformation type="1" impactAssessmentResult="false" timestamp="2019-08-13T12:43:37.117-06:00" version="0.0" internalVersion="0.0" energyValues="0" languageCode="en" localLanguageCode="en"/>
            </processInformation>
            <modellingAndValidation>
                <representativeness samplingProcedure="based on EIA electricity reports for all power plants in the US."/>
                <source number="1780" sourceType="0" firstAuthor="EIA " year="2010" title="EIA – Electricity  Data home page " placeOfPublications="unknown"/>
                <source number="1781" sourceType="0" firstAuthor="EIA " year="2010" title="EIA - Electric Power Annual summary " placeOfPublications="unknown"/>
                <source number="1793" sourceType="0" firstAuthor="EIA " year="2006" title="EIA - Notes and Sources for Table 1.5 for International Energy Annual 2006" placeOfPublications="unknown"/>
                <source number="1823" sourceType="0" firstAuthor="Chris Goemans, Athena Institute " year="2010" title="NREL US LCI Database – N.A. Electricity Generation by Fuel Type Update &amp; Template Methodology" placeOfPublications="unknown"/>
                <source number="1890" sourceType="0" firstAuthor="US DOE " year="2008" title="US DOE :: Country Energy Balance – Mexico " placeOfPublications="unknown"/>
                <source number="1905" sourceType="0" firstAuthor="International Energy Agency " year="2005" title="IEA Statistics for Electricity/Heat in Mexico in 2005 " placeOfPublications="unknown"/>
                <source number="2021" sourceType="0" firstAuthor="Statistics Canada " year="2007" title="Electric Power Generation, Transmission and Distribution #57-202-XWE" placeOfPublications="unknown"/>
                <source number="2023" sourceType="0" firstAuthor="EIA " year="2010" title="EIA – State Energy Profiles " placeOfPublications="unknown"/>
                <source number="2029" sourceType="0" firstAuthor="Statistics Canada " year="2010" title="Statistics Canada :: Electric Power Generation, Transmission and " placeOfPublications="unknown"/>
                <source number="2049" sourceType="0" firstAuthor="EIA " year="2010" title="EIA –State Data Tables " placeOfPublications="unknown"/>
                <source number="2057" sourceType="0" firstAuthor="EIA " year="2010" title="EIA –Electricity Data Tables " placeOfPublications="unknown"/>
                <source number="2058" sourceType="0" firstAuthor="US DOE " year="2010" title="U.S. Electricity Imports from and Electricity Exports to Canada and Mexico" placeOfPublications="unknown"/>
                <source number="2070" sourceType="0" firstAuthor="EIA " year="2009" title="EIA - Supply and Disposition of Electricity" placeOfPublications="unknown"/>
                <source number="2129" sourceType="0" firstAuthor="USEPA " year="2010" title="EPA - eGRID" placeOfPublications="unknown"/>
                <source number="2178" sourceType="0" firstAuthor="Statistics Canada " year="2010" title="CANSIM tables used for Stats Can Report on Energy Supply and Demand in Canada " placeOfPublications="unknown"/>
                <source number="2203" sourceType="0" firstAuthor="unspecified " year="2010" title="North American Electric Reliability Corporation (NERC) " placeOfPublications="unknown"/>
                <source number="2248" sourceType="0" firstAuthor="Statistics Canada " year="2010" title="Statistics Canada :: Report on Energy Supply and Demand in Canada " placeOfPublications="unknown"/>
                <source number="2250" sourceType="0" firstAuthor="EIA " year="2010" title="EIA – State Electricity Profiles " placeOfPublications="unknown"/>
                <source number="2252" sourceType="0" firstAuthor="EIA " year="2008" title="EIA – State Electricity Profile PDF Report (2008) " placeOfPublications="unknown"/>
                <source number="2308" sourceType="0" firstAuthor="EIA " year="2008" title="EIA - Annual Energy Review " placeOfPublications="unknown"/>
                <source number="2311" sourceType="0" firstAuthor="Statistics Canada " year="2010" title="Energy Statistics Handbook " placeOfPublications="unknown"/>
                <source number="2416" sourceType="0" firstAuthor="USEPA " year="2010" title="Power Profiler" placeOfPublications="unknown"/>
                <source number="2430" sourceType="0" firstAuthor="Statistics Canada " year="2008" title=" Report on Energy Supply and Demand in Canada #57-003-XWE" placeOfPublications="unknown"/>
                <source number="2446" sourceType="0" firstAuthor="EIA " year="2008" title="EIA - Electrical Power Summary" placeOfPublications="unknown"/>
            </modellingAndValidation>
            <administrativeInformation>
                <dataEntryBy person="1731"/>
                <dataGeneratorAndPublication person="1731" dataPublishedIn="0" referenceToPublishedSource="1823" copyright="false" accessRestrictedTo="0"/>
                <person number="1731" name="Alberta Carpenter" address="1617 Denver West Blvd, MS RSF 202, Golden, CO 80401" telephone="303.275.4232" email="alberta.carpenter@nrel.gov" companyCode="unknown" countryCode="US"/>
            </administrativeInformation>
        </metaInformation>
        <flowData>
            <exchange number="35868" category="22: Utilities" subCategory="2211: Electric Power Generation, Transmission and Distribution" localCategory="22: Utilities" localSubCategory="2211: Electric Power Generation, Transmission and Distribution" name="Electricity, at grid" location="RNA" unit="MJ" meanValue="1.0" infrastructureProcess="false">
                <outputGroup>0</outputGroup>
            </exchange>
            <exchange number="4186" category="22: Utilities" subCategory="2211: Electric Power Generation, Transmission and Distribution" localCategory="22: Utilities" localSubCategory="2211: Electric Power Generation, Transmission and Distribution" name="Electricity, natural gas, at power plant" location="RNA" unit="MJ" meanValue="0.288640144136293" generalComment="NG  – Natural Gas" infrastructureProcess="false">
                <inputGroup>5</inputGroup>
            </exchange>
            <exchange number="52112" category="Technosphere Flows" subCategory="CUTOFF Flows" localCategory="Technosphere Flows" localSubCategory="CUTOFF Flows" name="CUTOFF Electricity, petroleum coke, at power plant" location="RNA" unit="MJ" meanValue="4.01768714999894E-4" generalComment="PC  – Petroleum Coke" infrastructureProcess="false">
                <inputGroup>5</inputGroup>
            </exchange>
            <exchange number="15998" category="Technosphere Flows" subCategory="CUTOFF Flows" localCategory="Technosphere Flows" localSubCategory="CUTOFF Flows" name="CUTOFF Electricity, biomass,solid, unspecified, at power plant" location="RNA" unit="MJ" meanValue="7.45271873828633E-4" generalComment="OBS  – Other Biomass Solid (Animal Manure and Waste, Solid By-products, and other solid biomass not specified)" infrastructureProcess="false">
                <inputGroup>5</inputGroup>
            </exchange>
            <exchange number="11194" category="22: Utilities" subCategory="2211: Electric Power Generation, Transmission and Distribution" localCategory="22: Utilities" localSubCategory="2211: Electric Power Generation, Transmission and Distribution" name="Electricity, nuclear, at power plant" location="RNA" unit="MJ" meanValue="0.0385728203072092" generalComment="NUC – Nuclear (Uranium, Plutonium, Thorium)" infrastructureProcess="false">
                <inputGroup>5</inputGroup>
            </exchange>
            <exchange number="4152" category="22: Utilities" subCategory="2211: Electric Power Generation, Transmission and Distribution" localCategory="22: Utilities" localSubCategory="2211: Electric Power Generation, Transmission and Distribution" name="Electricity, biomass, at power plant" location="RNA" unit="MJ" meanValue="0.00248016801202212" generalComment="WDS – Wood/Wood Waste Solids (Paper Pellets, Railroad Ties, Utility Poles, Wood Chips, and other wood solids) " infrastructureProcess="false">
                <inputGroup>5</inputGroup>
            </exchange>
            <exchange number="39744" category="Technosphere Flows" subCategory="CUTOFF Flows" localCategory="Technosphere Flows" localSubCategory="CUTOFF Flows" name="CUTOFF Electricity, other gases, unspecified,  at power plant" location="RNA" unit="MJ" meanValue="3.55311662444248E-4" generalComment="BFG – Blast Furnace Gas" infrastructureProcess="false">
                <inputGroup>5</inputGroup>
            </exchange>
            <exchange number="10282" category="Technosphere Flows" subCategory="CUTOFF Flows" localCategory="Technosphere Flows" localSubCategory="CUTOFF Flows" name="CUTOFF Electricity, biomass, solid, agriculture by-products, at power plant" location="RNA" unit="MJ" meanValue="1.68149634931328E-5" generalComment="AB – Agriculture Crop By-products / Straw / Energy Crops" infrastructureProcess="false">
                <inputGroup>5</inputGroup>
            </exchange>
            <exchange number="17510" category="Technosphere Flows" subCategory="CUTOFF Flows" localCategory="Technosphere Flows" localSubCategory="CUTOFF Flows" name="CUTOFF Electricity, other fuels, unspecified, at power plant" location="RNA" unit="MJ" meanValue="9.99860218617196E-4" generalComment="PUR  – Purchased Steam" infrastructureProcess="false">
                <inputGroup>5</inputGroup>
            </exchange>
            <exchange number="31634" category="22: Utilities" subCategory="2211: Electric Power Generation, Transmission and Distribution" localCategory="22: Utilities" localSubCategory="2211: Electric Power Generation, Transmission and Distribution" name="Electricity, lignite coal, at power plant" location="RNA" unit="MJ" meanValue="0.0434095338413432" generalComment="LIG – Lignite Coal" infrastructureProcess="false">
                <inputGroup>5</inputGroup>
            </exchange>
            <exchange number="52306" category="22: Utilities" subCategory="2211: Electric Power Generation, Transmission and Distribution" localCategory="22: Utilities" localSubCategory="2211: Electric Power Generation, Transmission and Distribution" name="Electricity, bituminous coal, at power plant" location="RNA" unit="MJ" meanValue="0.53283739819168" generalComment="SUB – Subbituminous Coal " infrastructureProcess="false">
                <inputGroup>5</inputGroup>
            </exchange>
            <exchange number="39744" category="Technosphere Flows" subCategory="CUTOFF Flows" localCategory="Technosphere Flows" localSubCategory="CUTOFF Flows" name="CUTOFF Electricity, other gases, unspecified,  at power plant" location="RNA" unit="MJ" meanValue="0.00135191205566319" generalComment="OG – Other Gas (Butane, Coal Processes, Coke-Oven, Refinery, and other processes)" infrastructureProcess="false">
                <inputGroup>5</inputGroup>
            </exchange>
            <exchange number="32000" category="Technosphere Flows" subCategory="CUTOFF Flows" localCategory="Technosphere Flows" localSubCategory="CUTOFF Flows" name="CUTOFF Electricity, petroleum, waste oil, at power plant" location="RNA" unit="MJ" meanValue="5.90598816481581E-5" generalComment="WO  – Waste/Other Oil (including Crude Oil, Liquid Butane, Liquid Propane, Oil Waste, Re-Refined Motor Oil, Sludge Oil, Tar Oil, or other petroleum-based liquid wastes) " infrastructureProcess="false">
                <inputGroup>5</inputGroup>
            </exchange>
            <exchange number="26036" category="Technosphere Flows" subCategory="CUTOFF Flows" localCategory="Technosphere Flows" localSubCategory="CUTOFF Flows" name="CUTOFF Electricity, hydropower, at power plant, unspecified" location="RNA" unit="MJ" meanValue="0.0401758478437349" generalComment="WAT  – Water (Conventional, Pumped Storage)" infrastructureProcess="false">
                <inputGroup>5</inputGroup>
            </exchange>
            <exchange number="47863" category="22: Utilities" subCategory="2211: Electric Power Generation, Transmission and Distribution" localCategory="22: Utilities" localSubCategory="2211: Electric Power Generation, Transmission and Distribution" name="Electricity, diesel, at power plant" location="RNA" unit="MJ" meanValue="2.57729861852878E-7" generalComment="JF  – Jet Fuel " infrastructureProcess="false">
                <inputGroup>5</inputGroup>
            </exchange>
            <exchange number="47863" category="22: Utilities" subCategory="2211: Electric Power Generation, Transmission and Distribution" localCategory="22: Utilities" localSubCategory="2211: Electric Power Generation, Transmission and Distribution" name="Electricity, diesel, at power plant" location="RNA" unit="MJ" meanValue="3.83849614535055E-4" generalComment="DFO  – Distillate Fuel Oil (includes all Diesel and No. 1, No. 2, and No. 4 Fuel Oils) " infrastructureProcess="false">
                <inputGroup>5</inputGroup>
            </exchange>
            <exchange number="17510" category="Technosphere Flows" subCategory="CUTOFF Flows" localCategory="Technosphere Flows" localSubCategory="CUTOFF Flows" name="CUTOFF Electricity, other fuels, unspecified, at power plant" location="RNA" unit="MJ" meanValue="2.16944750148664E-4" generalComment="OTH  – Other (Batteries, Chemicals, Coke Breeze, Hydrogen, Pitch, Sulfur, Tar Coal, and miscellaneous technologies)" infrastructureProcess="false">
                <inputGroup>5</inputGroup>
            </exchange>
            <exchange number="28592" category="Technosphere Flows" subCategory="CUTOFF Flows" localCategory="Technosphere Flows" localSubCategory="CUTOFF Flows" name="CUTOFF Electricity, biomass, gas, landfill, at power plant" location="RNA" unit="MJ" meanValue="1.28092785424865E-4" generalComment="LFG  – Landfill Gas" infrastructureProcess="false">
                <inputGroup>5</inputGroup>
            </exchange>
            <exchange number="11794" category="Technosphere Flows" subCategory="CUTOFF Flows" localCategory="Technosphere Flows" localSubCategory="CUTOFF Flows" name="CUTOFF Electricity, tire derived fuel, at power plant" location="RNA" unit="MJ" meanValue="5.03049024224395E-4" generalComment="TDF  – Tired (tire derived fuel)" infrastructureProcess="false">
                <inputGroup>5</inputGroup>
            </exchange>
            <exchange number="52306" category="22: Utilities" subCategory="2211: Electric Power Generation, Transmission and Distribution" localCategory="22: Utilities" localSubCategory="2211: Electric Power Generation, Transmission and Distribution" name="Electricity, bituminous coal, at power plant" location="RNA" unit="MJ" meanValue="0.0157502482092504" generalComment="BIT - Anthracite Coal, and Bituminous Coal.  " infrastructureProcess="false">
                <inputGroup>5</inputGroup>
            </exchange>
            <exchange number="39744" category="Technosphere Flows" subCategory="CUTOFF Flows" localCategory="Technosphere Flows" localSubCategory="CUTOFF Flows" name="CUTOFF Electricity, other gases, unspecified,  at power plant" location="RNA" unit="MJ" meanValue="1.17423858623096E-5" generalComment="PG – Propane" infrastructureProcess="false">
                <inputGroup>5</inputGroup>
            </exchange>
            <exchange number="25748" category="22: Utilities" subCategory="2211: Electric Power Generation, Transmission and Distribution" localCategory="22: Utilities" localSubCategory="2211: Electric Power Generation, Transmission and Distribution" name="Electricity, residual fuel oil, at power plant" location="RNA" unit="MJ" meanValue="3.70009745658587E-5" generalComment="RFO  – Residual Fuel Oil (includes No. 5 and No. 6 Fuel Oils and Bunker C Fuel Oil)" infrastructureProcess="false">
                <inputGroup>5</inputGroup>
            </exchange>
            <exchange number="51514" category="Technosphere Flows" subCategory="CUTOFF Flows" localCategory="Technosphere Flows" localSubCategory="CUTOFF Flows" name="CUTOFF Electricity, at wind power plant, unspecified" location="RNA" unit="MJ" meanValue="0.0268163072168736" generalComment="WND  – Wind" infrastructureProcess="false">
                <inputGroup>5</inputGroup>
            </exchange>
            <exchange number="24036" category="Technosphere Flows" subCategory="CUTOFF Flows" localCategory="Technosphere Flows" localSubCategory="CUTOFF Flows" name="CUTOFF Electricity, biomass,liquid, unspecified, at power plant" location="RNA" unit="MJ" meanValue="0.00610659560627581" generalComment="BLQ  – Black Liquor" infrastructureProcess="false">
                <inputGroup>5</inputGroup>
            </exchange>
        </flowData>
    </dataset>
</ecoSpold>
