<?xml version="1.0" encoding="UTF-8" standalone="yes"?>
<ecoSpold xmlns="http://www.EcoInvent.org/EcoSpold01">
    <dataset number="79901" generator="openLCA" timestamp="2019-10-15T12:53:02.873-06:00">
        <metaInformation>
            <processInformation>
                <referenceFunction datasetRelatesToProduct="false" name="Diesel, combusted in industrial boiler" localName="Diesel, combusted in industrial boiler" infrastructureProcess="false" amount="1.0" unit="m3" category="22: Utilities" subCategory="2213: Water, Sewage and Other Systems" localCategory="22: Utilities" localSubCategory="2213: Water, Sewage and Other Systems" generalComment="&#xA;Important note: although most of the data in the US LCI database has &#xA;undergone some sort of review, the database as a whole has not yet &#xA;undergone a formal validation process.&#xA;Please email comments to lci@nrel.gov."/>
                <geography location="RNA" text="United States"/>
                <technology text="Diesel combustion in average industrial boiler."/>
                <timePeriod dataValidForEntirePeriod="true">
                    <startDate>1997-12-31-07:00</startDate>
                    <endDate>2000-12-31-07:00</endDate>
                </timePeriod>
                <dataSetInformation type="1" impactAssessmentResult="false" timestamp="2019-10-02T16:45:59.922-06:00" version="0.0" internalVersion="0.0" energyValues="0" languageCode="en" localLanguageCode="en"/>
            </processInformation>
            <modellingAndValidation>
                <source number="1879" sourceType="0" firstAuthor="U.S. EPA " year="1998" title="AP-42 Emission Factors. External Combustion Sources. Section 1.3 - Fuel Oil Combustion." placeOfPublications="unknown"/>
                <source number="2026" sourceType="0" firstAuthor="Center for Transportation Research, Argo " year="2001" title="GREET Version 1.6" placeOfPublications="unknown"/>
                <source number="2159" sourceType="0" firstAuthor="U.S. EPA Office of Solid Waste " year="1999" title="Rep. to Congress: Waste from the Combustion of Fossil Fuels V2.EPA 530-R-99-010" placeOfPublications="unknown"/>
                <source number="2251" sourceType="0" firstAuthor="EIA " year="2000" title="EIA 767 Database. " placeOfPublications="unknown"/>
                <source number="2253" sourceType="0" firstAuthor="U.S. EPA " year="9999" title="CFR, Sec 40, Ch I, Part 423: Steam Electric Power Generating Point Source Category" placeOfPublications="unknown"/>
                <source number="2324" sourceType="0" firstAuthor="U.S. EPA " year="1998" title="Study of Haz Air Pol Emis from Elec Utility Steam Gen Units V1 EPA-453/R-98-004a" placeOfPublications="unknown"/>
                <source number="2340" sourceType="0" firstAuthor="U.S. EPA " year="1998" title="Study of Haz Air Pol Emis from Elec Utility Steam Gen Units V2 EPA-453/R-98-004b" placeOfPublications="unknown"/>
                <source number="2431" sourceType="0" firstAuthor="Franklin Associates " year="9999" title="Data Details for Distillate Fuel Oil Industrial Combustion" placeOfPublications="unknown"/>
            </modellingAndValidation>
            <administrativeInformation>
                <dataEntryBy person="1673"/>
                <dataGeneratorAndPublication person="1673" dataPublishedIn="0" referenceToPublishedSource="2431" copyright="false" accessRestrictedTo="0"/>
                <person number="1673" name="Franklin Associates" address="Franklin Associates 4121 W. 83rd St, Suite 108, Prairie Village, KS 66208" telephone="(913)649-2225" email="jlittlefield@fal.com" companyCode="unknown" countryCode="US"/>
            </administrativeInformation>
        </metaInformation>
        <flowData>
            <exchange number="13726" category="22: Utilities" subCategory="2213: Water, Sewage and Other Systems" localCategory="22: Utilities" localSubCategory="2213: Water, Sewage and Other Systems" name="Diesel, combusted in industrial boiler" location="RNA" unit="m3" meanValue="1.0" infrastructureProcess="false">
                <outputGroup>0</outputGroup>
            </exchange>
            <exchange number="28216" category="air" subCategory="unspecified" localCategory="air" localSubCategory="unspecified" name="Phenols, unspecified" unit="kg" meanValue="4.0386E-7" infrastructureProcess="false">
                <outputGroup>4</outputGroup>
            </exchange>
            <exchange number="3128" category="Emission to air" subCategory="unspecified" localCategory="Emission to air" localSubCategory="unspecified" CASNumber="007439-92-1" name="Lead" unit="kg" meanValue="1.4958E-7" formula="Pb" infrastructureProcess="false">
                <outputGroup>4</outputGroup>
            </exchange>
            <exchange number="20056" category="31-33: Manufacturing" subCategory="3241: Petroleum and Coal Products Manufacturing" localCategory="31-33: Manufacturing" localSubCategory="3241: Petroleum and Coal Products Manufacturing" name="Diesel, at refinery" unit="m3" meanValue="1.0" infrastructureProcess="false">
                <inputGroup>5</inputGroup>
            </exchange>
            <exchange number="32232" category="air" subCategory="unspecified" localCategory="air" localSubCategory="unspecified" name="Radioactive species, unspecified" unit="kBq" meanValue="0.10827" infrastructureProcess="false">
                <outputGroup>4</outputGroup>
            </exchange>
            <exchange number="37020" category="48-49: Transportation and Warehousing" subCategory="4869: Other Pipeline Transportation" localCategory="48-49: Transportation and Warehousing" localSubCategory="4869: Other Pipeline Transportation" name="Transport, pipeline, unspecified petroleum products" location="RNA" unit="t*km" meanValue="0.041307" generalComment="Represents transportation from petroleum refinery to industrial boiler." infrastructureProcess="false">
                <inputGroup>5</inputGroup>
            </exchange>
            <exchange number="20918" category="air" subCategory="unspecified" localCategory="air" localSubCategory="unspecified" name="Carbon dioxide, fossil " unit="kg" meanValue="2727.0" generalComment="Corrected CO2 emission factor for volume (m3) basis of diesel combustion (from 2.272 kg/m3 to 2.272e3 kg/m3) - 2019 October" infrastructureProcess="false">
                <outputGroup>4</outputGroup>
            </exchange>
            <exchange number="16644" category="air" subCategory="unspecified" localCategory="air" localSubCategory="unspecified" name="Selenium" unit="kg" meanValue="2.493E-7" infrastructureProcess="false">
                <outputGroup>4</outputGroup>
            </exchange>
            <exchange number="5888" category="water" subCategory="unspecified" localCategory="water" localSubCategory="unspecified" name="Oils, unspecified" unit="kg" meanValue="5.3343E-7" infrastructureProcess="false">
                <outputGroup>4</outputGroup>
            </exchange>
            <exchange number="25118" category="water" subCategory="unspecified" localCategory="water" localSubCategory="unspecified" name="Chloride" unit="kg" meanValue="7.1124E-9" infrastructureProcess="false">
                <outputGroup>4</outputGroup>
            </exchange>
            <exchange number="15224" category="Emission to air" subCategory="unspecified" localCategory="Emission to air" localSubCategory="unspecified" CASNumber="007440-47-3" name="Chromium" unit="kg" meanValue="4.986E-8" formula="Cr" infrastructureProcess="false">
                <outputGroup>4</outputGroup>
            </exchange>
            <exchange number="26410" category="Emission to water" subCategory="unspecified" localCategory="Emission to water" localSubCategory="unspecified" CASNumber="007439-89-6" name="Iron" unit="kg" meanValue="3.5562E-8" formula="Fe" infrastructureProcess="false">
                <outputGroup>4</outputGroup>
            </exchange>
            <exchange number="26356" category="Emission to air" subCategory="unspecified" localCategory="Emission to air" localSubCategory="unspecified" name="VOC, volatile organic compounds" unit="kg" meanValue="2.408E-5" infrastructureProcess="false">
                <outputGroup>4</outputGroup>
            </exchange>
            <exchange number="8086" category="air" subCategory="unspecified" localCategory="air" localSubCategory="unspecified" name="Methane, dichloro-, HCC-30" unit="kg" meanValue="5.3599E-7" infrastructureProcess="false">
                <outputGroup>4</outputGroup>
            </exchange>
            <exchange number="21164" category="Emission to air" subCategory="unspecified" localCategory="Emission to air" localSubCategory="unspecified" CASNumber="001746-01-6" name="Dioxins, measured as 2,3,7,8-tetrachlorodibenzo-p-dioxin" unit="kg" meanValue="1.662E-12" infrastructureProcess="false">
                <outputGroup>4</outputGroup>
            </exchange>
            <exchange number="47227" category="Emission to air" subCategory="unspecified" localCategory="Emission to air" localSubCategory="unspecified" CASNumber="011104-93-1" name="Nitrogen oxides" unit="kg" meanValue="0.0028727" formula="NOx as NO2" infrastructureProcess="false">
                <outputGroup>4</outputGroup>
            </exchange>
            <exchange number="42325" category="48-49: Transportation and Warehousing" subCategory="4821: Rail Transportation" localCategory="48-49: Transportation and Warehousing" localSubCategory="4821: Rail Transportation" name="Transport, train, diesel powered" location="RNA" unit="t*km" meanValue="0.0033554" generalComment="Represents transportation from petroleum refinery to industrial boiler." infrastructureProcess="false">
                <inputGroup>5</inputGroup>
            </exchange>
            <exchange number="33952" category="air" subCategory="unspecified" localCategory="air" localSubCategory="unspecified" name="Particulates, &lt; 10 um " unit="kg" meanValue="1.1972E-4" infrastructureProcess="false">
                <outputGroup>4</outputGroup>
            </exchange>
            <exchange number="40384" category="48-49: Transportation and Warehousing" subCategory="4841: General Freight Trucking" localCategory="48-49: Transportation and Warehousing" localSubCategory="4841: General Freight Trucking" name="Transport, combination truck, average fuel mix" location="RNA" unit="t*km" meanValue="0.0052453" generalComment="Represents transportation from petroleum refinery to industrial boiler." infrastructureProcess="false">
                <inputGroup>5</inputGroup>
            </exchange>
            <exchange number="15886" category="Emission to air" subCategory="unspecified" localCategory="Emission to air" localSubCategory="unspecified" CASNumber="007439-97-6" name="Mercury" unit="kg" meanValue="4.986E-8" formula="Hg" infrastructureProcess="false">
                <outputGroup>4</outputGroup>
            </exchange>
            <exchange number="25564" category="Emission to air" subCategory="unspecified" localCategory="Emission to air" localSubCategory="unspecified" name="Sulfur oxides" unit="kg" meanValue="5.986E-4" infrastructureProcess="false">
                <outputGroup>4</outputGroup>
            </exchange>
            <exchange number="13314" category="Emission to air" subCategory="unspecified" localCategory="Emission to air" localSubCategory="unspecified" CASNumber="007440-66-6" name="Zinc" unit="kg" meanValue="6.648E-8" formula="Zn" infrastructureProcess="false">
                <outputGroup>4</outputGroup>
            </exchange>
            <exchange number="39726" category="Emission to air" subCategory="unspecified" localCategory="Emission to air" localSubCategory="unspecified" CASNumber="007647-01-0" name="Hydrogen chloride" unit="kg" meanValue="8.3807E-5" formula="HCl" infrastructureProcess="false">
                <outputGroup>4</outputGroup>
            </exchange>
            <exchange number="46191" category="water" subCategory="unspecified" localCategory="water" localSubCategory="unspecified" name="Copper, ion" unit="kg" meanValue="3.5562E-8" infrastructureProcess="false">
                <outputGroup>4</outputGroup>
            </exchange>
            <exchange number="37974" category="Emission to water" subCategory="unspecified" localCategory="Emission to water" localSubCategory="unspecified" name="Suspended solids, unspecified" unit="kg" meanValue="1.0669E-6" infrastructureProcess="false">
                <outputGroup>4</outputGroup>
            </exchange>
            <exchange number="30852" category="air" subCategory="unspecified" localCategory="air" localSubCategory="unspecified" name="Beryllium" unit="kg" meanValue="4.986E-8" infrastructureProcess="false">
                <outputGroup>4</outputGroup>
            </exchange>
            <exchange number="5626" category="air" subCategory="unspecified" localCategory="air" localSubCategory="unspecified" name="Manganese" unit="kg" meanValue="9.972E-8" infrastructureProcess="false">
                <outputGroup>4</outputGroup>
            </exchange>
            <exchange number="43925" category="air" subCategory="unspecified" localCategory="air" localSubCategory="unspecified" name="Copper" unit="kg" meanValue="9.972E-8" infrastructureProcess="false">
                <outputGroup>4</outputGroup>
            </exchange>
            <exchange number="30072" category="Emission to air" subCategory="unspecified" localCategory="Emission to air" localSubCategory="unspecified" CASNumber="000074-82-8" name="Methane, fossil" unit="kg" meanValue="6.1048E-6" formula="CH4" infrastructureProcess="false">
                <outputGroup>4</outputGroup>
            </exchange>
            <exchange number="25532" category="Emission to air" subCategory="unspecified" localCategory="Emission to air" localSubCategory="unspecified" CASNumber="007440-43-9" name="Cadmium" unit="kg" meanValue="4.986E-8" formula="Cd" infrastructureProcess="false">
                <outputGroup>4</outputGroup>
            </exchange>
            <exchange number="47837" category="air" subCategory="unspecified" localCategory="air" localSubCategory="unspecified" name="Arsenic" unit="kg" meanValue="6.648E-8" infrastructureProcess="false">
                <outputGroup>4</outputGroup>
            </exchange>
            <exchange number="29662" category="Emission to air" subCategory="unspecified" localCategory="Emission to air" localSubCategory="unspecified" CASNumber="007440-02-0" name="Nickel" unit="kg" meanValue="4.986E-8" formula="Ni" infrastructureProcess="false">
                <outputGroup>4</outputGroup>
            </exchange>
            <exchange number="15240" category="air" subCategory="unspecified" localCategory="air" localSubCategory="unspecified" name="Carbon monoxide, fossil " unit="kg" meanValue="6.0031E-4" infrastructureProcess="false">
                <outputGroup>4</outputGroup>
            </exchange>
            <exchange number="48325" category="air" subCategory="unspecified" localCategory="air" localSubCategory="unspecified" name="Ethene, tetrachloro-" unit="kg" meanValue="9.141E-9" infrastructureProcess="false">
                <outputGroup>4</outputGroup>
            </exchange>
            <exchange number="32554" category="Emission to air" subCategory="unspecified" localCategory="Emission to air" localSubCategory="unspecified" CASNumber="010024-97-2" name="Dinitrogen monoxide" unit="kg" meanValue="1.3227E-5" formula="N2O" infrastructureProcess="false">
                <outputGroup>4</outputGroup>
            </exchange>
            <exchange number="18762" category="48-49: Transportation and Warehousing" subCategory="4832: Inland Water Transportation" localCategory="48-49: Transportation and Warehousing" localSubCategory="4832: Inland Water Transportation" name="Transport, barge, average fuel mix" location="RNA" unit="t*km" meanValue="0.028425" generalComment="Represents transportation from petroleum refinery to industrial boiler." infrastructureProcess="false">
                <inputGroup>5</inputGroup>
            </exchange>
        </flowData>
    </dataset>
</ecoSpold>
