<?xml version="1.0" encoding="UTF-8" standalone="yes"?>
<ecoSpold xmlns="http://www.EcoInvent.org/EcoSpold01">
    <dataset number="58620" generator="openLCA" timestamp="2019-10-15T12:53:00.134-06:00">
        <metaInformation>
            <processInformation>
                <referenceFunction datasetRelatesToProduct="false" name="Rapeseed, at field" localName="Rapeseed, at field" infrastructureProcess="false" amount="1.0" unit="kg" category="11: Agriculture, Forestry, Fishing and Hunting" subCategory="1111: Oilseed and Grain Farming" localCategory="11: Agriculture, Forestry, Fishing and Hunting" localSubCategory="1111: Oilseed and Grain Farming" generalComment="Agricultural Crop Production, Harvested acres are 97% of the planted acre (1998-2000 US average).&#xA;The impacts of producing 1 kg of seed are assumed equal to those of producing 1kg of grain.&#xA;For Water, only consumptive use is taken into account (i.e. 60.7% of the total water consumption). 100% of impacts allocated to rapeseed, 0% to residues&#xA;Important note: although most of the data in the US LCI database has &#xA;undergone some sort of review, the database as a whole has not yet &#xA;undergone a formal validation process.&#xA;Please email comments to lci@nrel.gov."/>
                <geography location="US" text="USA and European average practices ."/>
                <technology text="USA and European average practices (tillage, fertilizer and pesticide application, crop residue management, irrigation),"/>
                <timePeriod dataValidForEntirePeriod="true">
                    <startDate>1989-12-31-07:00</startDate>
                    <endDate>1999-12-31-07:00</endDate>
                </timePeriod>
                <dataSetInformation type="5" impactAssessmentResult="false" timestamp="2019-09-19T14:02:13.960-06:00" version="0.0" internalVersion="0.0" energyValues="0" languageCode="en" localLanguageCode="en"/>
            </processInformation>
            <modellingAndValidation>
                <source number="1839" sourceType="0" firstAuthor="National Center for Food and Agricultura " year="1997" title="National Pesticide Database" placeOfPublications="unknown"/>
                <source number="1842" sourceType="0" firstAuthor="Ecobilan " year="1995" title="Previous Ecobilan project. Site information, Europe, mid 1990s" placeOfPublications="unknown"/>
                <source number="1867" sourceType="0" firstAuthor="Conservation Technology Information Cent " year="2002" title="Crop Residue Management" placeOfPublications="unknown"/>
                <source number="1877" sourceType="0" firstAuthor="USDA/NCRS " year="2000" title="Manure Nutrients Relative to the Capacity of Cropland and Pastureland to Assimilate Nutrients: Spatial and Temporal Trends for the US" placeOfPublications="unknown"/>
                <source number="1919" sourceType="0" firstAuthor="USGS " year="1999" title="Fluxes and Sources of Nutrients in the Mississippi River - Atchafalaya" placeOfPublications="unknown"/>
                <source number="1920" sourceType="0" firstAuthor="U.S. EPA " year="1980" title="AP-42, 9.3.2. &quot;Grain Harvesting&quot;" placeOfPublications="unknown"/>
                <source number="1921" sourceType="0" firstAuthor="USDA/ERS " year="1998" title="Crop production practices data" placeOfPublications="unknown"/>
                <source number="1926" sourceType="0" firstAuthor="North Dakota State University " year="2002" title="Canola Production" placeOfPublications="unknown"/>
                <source number="1954" sourceType="0" firstAuthor="USDA/ERS " year="2001" title="Agricultural Resource and Management Survey (ARMS) data" placeOfPublications="unknown"/>
                <source number="1986" sourceType="0" firstAuthor="USDA/ERS " year="1997" title="Agriculture Resources and Environmental Indicators" placeOfPublications="unknown"/>
                <source number="2044" sourceType="0" firstAuthor="USDA/ERS " year="1997" title="Production Practices for Major Crops, 1990-97" placeOfPublications="unknown"/>
                <source number="2046" sourceType="0" firstAuthor="U.S. EPA " year="2000" title="Inventory of GHG Emissions and Sinks, 1990-2000" placeOfPublications="unknown"/>
                <source number="2078" sourceType="0" firstAuthor="USDA/National Agricultural Statistics Se " year="1998" title="Agricultural Statistics Database" placeOfPublications="unknown"/>
                <source number="2102" sourceType="0" firstAuthor="USDA/NRCS " year="2003" title="Plant Nutrient Content DB: Pounds per yield unit at typical harvest moisture content" placeOfPublications="unknown"/>
                <source number="2144" sourceType="0" firstAuthor="USGS " year="1995" title="Estimated Use of Water in the United States in 1995" placeOfPublications="unknown"/>
                <source number="2310" sourceType="0" firstAuthor="USDA/ERS " year="2001" title="Agricultural Chemical Usage 2001 Field Crops summary" placeOfPublications="unknown"/>
                <source number="2333" sourceType="0" firstAuthor="U.S. EPA " year="2003" title="Estimations Programs Interface for Windows, EPIWIN software." placeOfPublications="unknown"/>
                <source number="2351" sourceType="0" firstAuthor="U.S. EPA " year="1995" title="AP-42, 9.2.2. &quot;Pesticide Application&quot;." placeOfPublications="unknown"/>
                <source number="2369" sourceType="0" firstAuthor="USDA/NCRS " year="2000" title="Environmental Indicators of Pesticide Leaching and Runoff from Farm Fields" placeOfPublications="unknown"/>
                <source number="2382" sourceType="0" firstAuthor="USDA/ERS " year="2000" title="Agriculture Resources and Environmental Indicators" placeOfPublications="unknown"/>
            </modellingAndValidation>
            <administrativeInformation>
                <dataEntryBy person="1715"/>
                <dataGeneratorAndPublication person="1715" dataPublishedIn="0" copyright="true" accessRestrictedTo="0"/>
                <person number="1715" name="Olivier Muller" address="Ecobilan, Tour AIG - 34, place des Corolles 92908 Paris La Défense Cedex - France" telephone="+33 1 56 57 80 44" email="olivier.muller@fr.pwc.com" companyCode="unknown" countryCode="FR"/>
            </administrativeInformation>
        </metaInformation>
        <flowData>
            <exchange number="34912" category="11: Agriculture, Forestry, Fishing and Hunting" subCategory="1111: Oilseed and Grain Farming" localCategory="11: Agriculture, Forestry, Fishing and Hunting" localSubCategory="1111: Oilseed and Grain Farming" name="Rapeseed, at field" location="US" unit="kg" meanValue="1.0" infrastructureProcess="false">
                <outputGroup>0</outputGroup>
            </exchange>
            <exchange number="30656" category="water" subCategory="unspecified" localCategory="water" localSubCategory="unspecified" name="Trifluralin" unit="kg" meanValue="2.0271E-6" generalComment="Pesticides - consumption (19), Pesticides - application method is 100% surface application and 0% soil incorporation ie similar to corn cotton soybean wheat in (11), Runoff of pesticides (14)" infrastructureProcess="false">
                <outputGroup>4</outputGroup>
            </exchange>
            <exchange number="48943" category="air" subCategory="low population density" localCategory="air" localSubCategory="low population density" name="Ammonia" unit="kg" meanValue="0.0073557" generalComment="Emissions of N2O and NH3 and NOx (4)," infrastructureProcess="false">
                <outputGroup>4</outputGroup>
            </exchange>
            <exchange number="7266" category="31-33: Manufacturing" subCategory="3253: Pesticide, Fertilizer, and Other Agricultural Chemical Manufacturing" localCategory="31-33: Manufacturing" localSubCategory="3253: Pesticide, Fertilizer, and Other Agricultural Chemical Manufacturing" name="Nitrogen fertilizer, production mix, at plant" location="RNA" unit="kg" meanValue="0.076103" infrastructureProcess="false">
                <inputGroup>5</inputGroup>
            </exchange>
            <exchange number="12414" category="air" subCategory="low population density" localCategory="air" localSubCategory="low population density" name="Carbofuran" unit="kg" meanValue="2.3507E-6" generalComment="Pesticides - consumption (19), Pesticides - application method is 100% surface application and 0% soil incorporation ie similar to corn cotton soybean wheat in (11), Pesticides - air emission factors (12), Pesticides - vapor pressure (13)," infrastructureProcess="false">
                <outputGroup>4</outputGroup>
            </exchange>
            <exchange number="15330" category="resource" subCategory="land" localCategory="resource" localSubCategory="land" name="Occupation, arable, conventional tillage" unit="m2*a" meanValue="4.355" infrastructureProcess="false">
                <inputGroup>4</inputGroup>
            </exchange>
            <exchange number="18218" category="11: Agriculture, Forestry, Fishing and Hunting" subCategory="1111: Oilseed and Grain Farming" localCategory="11: Agriculture, Forestry, Fishing and Hunting" localSubCategory="1111: Oilseed and Grain Farming" name="Rapeseed residues, at field" location="US" unit="kg" meanValue="5.0" infrastructureProcess="false">
                <outputGroup>2</outputGroup>
            </exchange>
            <exchange number="46257" category="water" subCategory="unspecified" localCategory="water" localSubCategory="unspecified" name="Parathion, methyl" unit="kg" meanValue="4.4495E-8" generalComment="Pesticides - consumption (19), Pesticides - application method is 100% surface application and 0% soil incorporation ie similar to corn cotton soybean wheat in (11), Runoff of pesticides (14)" infrastructureProcess="false">
                <outputGroup>4</outputGroup>
            </exchange>
            <exchange number="39524" category="48-49: Transportation and Warehousing" subCategory="4841: General Freight Trucking" localCategory="48-49: Transportation and Warehousing" localSubCategory="4841: General Freight Trucking" name="Transport, single unit truck, diesel powered" location="RNA" unit="t*km" meanValue="0.085459" infrastructureProcess="false">
                <inputGroup>5</inputGroup>
            </exchange>
            <exchange number="27558" category="resource" subCategory="in air" localCategory="resource" localSubCategory="in air" name="Carbon dioxide, in air" unit="kg" meanValue="1.833" infrastructureProcess="false">
                <inputGroup>4</inputGroup>
            </exchange>
            <exchange number="37974" category="Emission to water" subCategory="unspecified" localCategory="Emission to water" localSubCategory="unspecified" name="Suspended solids, unspecified" unit="kg" meanValue="4.725" generalComment="Erosion (6)" infrastructureProcess="false">
                <outputGroup>4</outputGroup>
            </exchange>
            <exchange number="42147" category="water" subCategory="unspecified" localCategory="water" localSubCategory="unspecified" name="Nitrogen, total" unit="kg" meanValue="0.014915" generalComment="Runoff/leaching of fertilizers (15)" infrastructureProcess="false">
                <outputGroup>4</outputGroup>
            </exchange>
            <exchange number="5472" category="air" subCategory="low population density" localCategory="air" localSubCategory="low population density" name="Malathion" unit="kg" meanValue="2.1305E-7" generalComment="Pesticides - consumption (19), Pesticides - application method is 100% surface application and 0% soil incorporation ie similar to corn cotton soybean wheat in (11), Pesticides - air emission factors (12), Pesticides - vapor pressure (13)," infrastructureProcess="false">
                <outputGroup>4</outputGroup>
            </exchange>
            <exchange number="36442" category="Technosphere Flows" subCategory="CUTOFF Flows" localCategory="Technosphere Flows" localSubCategory="CUTOFF Flows" name="CUTOFF Potash Fertilizer (K2O), at plant" location="RNA" unit="kg" meanValue="0.022848" infrastructureProcess="false">
                <inputGroup>5</inputGroup>
            </exchange>
            <exchange number="42325" category="48-49: Transportation and Warehousing" subCategory="4821: Rail Transportation" localCategory="48-49: Transportation and Warehousing" localSubCategory="4821: Rail Transportation" name="Transport, train, diesel powered" location="RNA" unit="t*km" meanValue="0.2276" infrastructureProcess="false">
                <inputGroup>5</inputGroup>
            </exchange>
            <exchange number="35944" category="air" subCategory="low population density" localCategory="air" localSubCategory="low population density" name="Hydrocarbons, unspecified" unit="kg" meanValue="2.5727E-4" generalComment="Pesticides - consumption (19), Pesticides - application method is 100% surface application and 0% soil incorporation ie similar to corn cotton soybean wheat in (11)" infrastructureProcess="false">
                <outputGroup>4</outputGroup>
            </exchange>
            <exchange number="12666" category="air" subCategory="low population density" localCategory="air" localSubCategory="low population density" name="Trifluralin" unit="kg" meanValue="7.8382E-5" generalComment="Pesticides - consumption (19), Pesticides - application method is 100% surface application and 0% soil incorporation ie similar to corn cotton soybean wheat in (11), Pesticides - air emission factors (12), Pesticides - vapor pressure (13)," infrastructureProcess="false">
                <outputGroup>4</outputGroup>
            </exchange>
            <exchange number="21554" category="water" subCategory="unspecified" localCategory="water" localSubCategory="unspecified" name="Ethalfluralin" unit="kg" meanValue="2.9176E-6" generalComment="Pesticides - consumption (19), Pesticides - application method is 100% surface application and 0% soil incorporation ie similar to corn cotton soybean wheat in (11), Runoff of pesticides (14)" infrastructureProcess="false">
                <outputGroup>4</outputGroup>
            </exchange>
            <exchange number="39556" category="air" subCategory="low population density" localCategory="air" localSubCategory="low population density" name="Nitrogen oxides" unit="kg" meanValue="0.019904" generalComment="Emissions of N2O and NH3 and NOx (4)" infrastructureProcess="false">
                <outputGroup>4</outputGroup>
            </exchange>
            <exchange number="8932" category="resource" subCategory="land" localCategory="resource" localSubCategory="land" name="Occupation, arable, conservation tillage" unit="m2*a" meanValue="1.177" infrastructureProcess="false">
                <inputGroup>4</inputGroup>
            </exchange>
            <exchange number="29970" category="air" subCategory="low population density" localCategory="air" localSubCategory="low population density" name="Ethalfluralin" unit="kg" meanValue="6.8078E-5" generalComment="Pesticides - consumption (19), Pesticides - application method is 100% surface application and 0% soil incorporation ie similar to corn cotton soybean wheat in (11), Pesticides - air emission factors (12), Pesticides - vapor pressure (13)," infrastructureProcess="false">
                <outputGroup>4</outputGroup>
            </exchange>
            <exchange number="48109" category="water" subCategory="unspecified" localCategory="water" localSubCategory="unspecified" name="Carbofuran" unit="kg" meanValue="1.0074E-7" generalComment="Pesticides - consumption (19), Pesticides - application method is 100% surface application and 0% soil incorporation ie similar to corn cotton soybean wheat in (11), Runoff of pesticides (14)" infrastructureProcess="false">
                <outputGroup>4</outputGroup>
            </exchange>
            <exchange number="39234" category="air" subCategory="low population density" localCategory="air" localSubCategory="low population density" name="Dinitrogen monoxide" unit="kg" meanValue="0.0059404" generalComment="Emissions of N2O and NH3 and NOx (4)," infrastructureProcess="false">
                <outputGroup>4</outputGroup>
            </exchange>
            <exchange number="22486" category="air" subCategory="low population density" localCategory="air" localSubCategory="low population density" name="Parathion, methyl" unit="kg" meanValue="1.0382E-6" generalComment="Pesticides - consumption (19), Pesticides - application method is 100% surface application and 0% soil incorporation ie similar to corn cotton soybean wheat in (11), Pesticides - air emission factors (12), Pesticides - vapor pressure (13)," infrastructureProcess="false">
                <outputGroup>4</outputGroup>
            </exchange>
            <exchange number="27860" category="water" subCategory="unspecified" localCategory="water" localSubCategory="unspecified" name="Malathion" unit="kg" meanValue="9.1307E-9" generalComment="Pesticides - consumption (19), Pesticides - application method is 100% surface application and 0% soil incorporation ie similar to corn cotton soybean wheat in (11), Runoff of pesticides (14)" infrastructureProcess="false">
                <outputGroup>4</outputGroup>
            </exchange>
            <exchange number="50323" category="Technosphere Flows" subCategory="CUTOFF Flows" localCategory="Technosphere Flows" localSubCategory="CUTOFF Flows" name="CUTOFF Phosphorous Fertilizer (TSP as P2O5), at plant" location="RNA" unit="kg" meanValue="0.015288" infrastructureProcess="false">
                <inputGroup>5</inputGroup>
            </exchange>
            <exchange number="5940" category="Technosphere Flows" subCategory="CUTOFF Flows" localCategory="Technosphere Flows" localSubCategory="CUTOFF Flows" name="CUTOFF Agrochemicals, at plant" location="RNA" unit="kg" meanValue="4.2878E-4" infrastructureProcess="false">
                <inputGroup>5</inputGroup>
            </exchange>
            <exchange number="30650" category="air" subCategory="low population density" localCategory="air" localSubCategory="low population density" name="Carbaryl" unit="kg" meanValue="9.0784E-7" generalComment="Pesticides - consumption (19), Pesticides - application method is 100% surface application and 0% soil incorporation ie similar to corn cotton soybean wheat in (11), Pesticides - air emission factors (12), Pesticides - vapor pressure (13)," infrastructureProcess="false">
                <outputGroup>4</outputGroup>
            </exchange>
            <exchange number="49579" category="22: Utilities" subCategory="2213: Water, Sewage and Other Systems" localCategory="22: Utilities" localSubCategory="2213: Water, Sewage and Other Systems" name="Diesel, combusted in industrial equipment" location="RNA" unit="m3" meanValue="0.051675" infrastructureProcess="false">
                <inputGroup>5</inputGroup>
            </exchange>
            <exchange number="29036" category="resource" subCategory="land" localCategory="resource" localSubCategory="land" name="Occupation, arable, reduced tillage" unit="m2*a" meanValue="1.267" infrastructureProcess="false">
                <inputGroup>4</inputGroup>
            </exchange>
            <exchange number="17904" category="water" subCategory="unspecified" localCategory="water" localSubCategory="unspecified" name="Phosphorus compounds, unspecified" unit="kg" meanValue="3.2059E-4" generalComment="Runoff/leaching of fertilizers (15)" infrastructureProcess="false">
                <outputGroup>4</outputGroup>
            </exchange>
            <exchange number="50127" category="water" subCategory="unspecified" localCategory="water" localSubCategory="unspecified" name="Carbaryl" unit="kg" meanValue="3.8908E-8" generalComment="Pesticides - consumption (19), Pesticides - application method is 100% surface application and 0% soil incorporation ie similar to corn cotton soybean wheat in (11), Runoff of pesticides (14)" infrastructureProcess="false">
                <outputGroup>4</outputGroup>
            </exchange>
        </flowData>
    </dataset>
</ecoSpold>
