<?xml version="1.0" encoding="UTF-8" standalone="yes"?>
<ecoSpold xmlns="http://www.EcoInvent.org/EcoSpold01">
    <dataset number="53663" generator="openLCA" timestamp="2019-10-15T12:52:58.474-06:00">
        <metaInformation>
            <processInformation>
                <referenceFunction datasetRelatesToProduct="false" name="Roundwood, softwood, green, at mill, NE-NC" localName="Roundwood, softwood, green, at mill, NE-NC" infrastructureProcess="false" amount="1.0" unit="m3" category="11: Agriculture, Forestry, Fishing and Hunting" subCategory="1133: Logging" localCategory="11: Agriculture, Forestry, Fishing and Hunting" localSubCategory="1133: Logging" generalComment="All weights given on an ovendry basis.&#xA;Important note: although most of the data in the US LCI database has &#xA;undergone some sort of review, the database as a whole has not yet &#xA;undergone a formal validation process.&#xA;Please email comments to lci@nrel.gov."/>
                <geography location="RNA" text="NE/NC = Northeast (NE) and Northcentral (NC) United States.  Some states are however omitted: Connecticut, Delaware, Illinois, Iowa, New Jersey, and Ohio."/>
                <technology text="Average transport distance."/>
                <timePeriod dataValidForEntirePeriod="true">
                    <startDate>2005-12-31-07:00</startDate>
                    <endDate>2006-12-31-07:00</endDate>
                </timePeriod>
                <dataSetInformation type="5" impactAssessmentResult="false" timestamp="2019-07-20T23:05:32.258-06:00" version="0.0" internalVersion="0.0" energyValues="0" languageCode="en" localLanguageCode="en"/>
            </processInformation>
            <modellingAndValidation>
                <representativeness samplingProcedure="Questionnaires from 6 mills member of the Northeastern Lumber Manufacturer’s Association (NeLMA). Mills of the NeLMA are assumed to be representative of the softwood industry in the NE/NC region."/>
                <source number="1997" sourceType="0" firstAuthor="Richard D. Bergman " year="2009" title="Module D: Life-Cycle Inventory of Softwood Lumber Manufacturing in the Northeast and North Central United States" placeOfPublications="unknown"/>
                <source number="2235" sourceType="0" firstAuthor="Maureen Puettmann " year="2009" title="SimaPro working files for NE-NC softwood lumber" placeOfPublications="unknown"/>
            </modellingAndValidation>
            <administrativeInformation>
                <dataEntryBy person="1699"/>
                <dataGeneratorAndPublication person="1699" dataPublishedIn="0" referenceToPublishedSource="1997" copyright="false" accessRestrictedTo="0"/>
                <person number="1699" name="Maureen Puetmann" address="Corvallis, OR  " telephone="(541) 231-2627" email="maureen.puettmann@q.com" companyCode="unknown" countryCode="US"/>
            </administrativeInformation>
        </metaInformation>
        <flowData>
            <exchange number="35712" category="11: Agriculture, Forestry, Fishing and Hunting" subCategory="1133: Logging" localCategory="11: Agriculture, Forestry, Fishing and Hunting" localSubCategory="1133: Logging" name="Roundwood, softwood, green, at mill, NE-NC" location="RNA" unit="m3" meanValue="1.0" generalComment="Weight reported on an ovendry basis.  Moisture content = 96.5%, Green volume specific density = 0.36." infrastructureProcess="false">
                <outputGroup>0</outputGroup>
            </exchange>
            <exchange number="16676" category="11: Agriculture, Forestry, Fishing and Hunting" subCategory="1133: Logging" localCategory="11: Agriculture, Forestry, Fishing and Hunting" localSubCategory="1133: Logging" name="Bark, softwood, green, at mill, NE-NC" location="RNA" unit="kg" meanValue="49.11" generalComment="Weight reported on an ovendry basis.  Moisture content = 96.5%, Green volume specific density = 0.36." infrastructureProcess="false">
                <outputGroup>2</outputGroup>
            </exchange>
            <exchange number="33576" category="48-49: Transportation and Warehousing" subCategory="4841: General Freight Trucking" localCategory="48-49: Transportation and Warehousing" localSubCategory="4841: General Freight Trucking" name="Transport, combination truck, diesel powered" location="RNA" unit="t*km" meanValue="10.52" generalComment="Transport of bark over 109 km.  Note: mass of 1 kg ovendry basis = 1.965 kg at 96.5% moisture content." infrastructureProcess="false">
                <inputGroup>5</inputGroup>
            </exchange>
            <exchange number="51594" category="11: Agriculture, Forestry, Fishing and Hunting" subCategory="1133: Logging" localCategory="11: Agriculture, Forestry, Fishing and Hunting" localSubCategory="1133: Logging" name="Roundwood, softwood, average, at forest road, NE-NC" location="RNA" unit="m3" meanValue="1.0" generalComment="Green volume specific gravity = 0.36." infrastructureProcess="false">
                <inputGroup>5</inputGroup>
            </exchange>
            <exchange number="33576" category="48-49: Transportation and Warehousing" subCategory="4841: General Freight Trucking" localCategory="48-49: Transportation and Warehousing" localSubCategory="4841: General Freight Trucking" name="Transport, combination truck, diesel powered" location="RNA" unit="t*km" meanValue="77.11" generalComment="Transport of roundwood logs over 109 km.  Note: mass of 1 kg ovendry basis = 1.965 kg at 96.5% moisture content." infrastructureProcess="false">
                <inputGroup>5</inputGroup>
            </exchange>
            <exchange number="14610" category="11: Agriculture, Forestry, Fishing and Hunting" subCategory="1133: Logging" localCategory="11: Agriculture, Forestry, Fishing and Hunting" localSubCategory="1133: Logging" name="Bark, softwood, average, at forest road, NE-NC" location="RNA" unit="kg" meanValue="49.11" generalComment="Weight reported on an ovendry basis. " infrastructureProcess="false">
                <inputGroup>5</inputGroup>
            </exchange>
        </flowData>
    </dataset>
</ecoSpold>
