<?xml version="1.0" encoding="UTF-8" standalone="yes"?>
<ecoSpold xmlns="http://www.EcoInvent.org/EcoSpold01">
    <dataset number="63550" generator="openLCA" timestamp="2019-10-15T12:53:01.677-06:00">
        <metaInformation>
            <processInformation>
                <referenceFunction datasetRelatesToProduct="false" name="Bituminous coal, combusted in industrial boiler" localName="Bituminous coal, combusted in industrial boiler" infrastructureProcess="false" amount="1.0" unit="kg" category="22: Utilities" subCategory="2213: Water, Sewage and Other Systems" localCategory="22: Utilities" localSubCategory="2213: Water, Sewage and Other Systems" generalComment="In cases where industrial boiler data were not available, utility boiler data were adjusted accordingly., 100% inputs from technosphere and elementary flows allocated to the combustion of coal, and 0% to the production of ash and flue gas desulfurization sludge&#xA;Important note: although most of the data in the US LCI database has &#xA;undergone some sort of review, the database as a whole has not yet &#xA;undergone a formal validation process.&#xA;Please email comments to lci@nrel.gov."/>
                <geography location="RNA" text="United States"/>
                <technology text="Surface mining is used to extract 58 percent of the U.S. supply of coal, while underground mining extracts 42 percent"/>
                <timePeriod dataValidForEntirePeriod="true">
                    <startDate>1996-12-31-07:00</startDate>
                    <endDate>2002-12-31-07:00</endDate>
                </timePeriod>
                <dataSetInformation type="1" impactAssessmentResult="false" timestamp="2019-07-22T15:20:14.171-06:00" version="0.0" internalVersion="0.0" energyValues="0" languageCode="en" localLanguageCode="en"/>
            </processInformation>
            <modellingAndValidation>
                <source number="1845" sourceType="0" firstAuthor="Franklin Associates " year="2003" title="Data Details for Bibuminous Combustion in Industrial Boilers" placeOfPublications="unknown"/>
                <source number="1849" sourceType="0" firstAuthor="Speight " year="1994" title="The Chemistry and Technology of Coal, Speight, 1994." placeOfPublications="unknown"/>
                <source number="1870" sourceType="0" firstAuthor="EPA " year="1996" title="AP-42, Section 1.2, Anthracite Coal Combustion. October, 1996. " placeOfPublications="unknown"/>
                <source number="1871" sourceType="0" firstAuthor="Minerals Yearbook " year="2000" title="&quot;Coal Combustion Products&quot;, Minerals Yearbook 2000, USGS, 2000" placeOfPublications="unknown"/>
                <source number="2000" sourceType="0" firstAuthor="EPA " year="1999" title="Report to Congress: Wastes from Combustion of Fossil Fuels. EPA 530-R-99-010" placeOfPublications="unknown"/>
                <source number="2028" sourceType="0" firstAuthor="unspecified " year="2003" title="Discussions with Bob Bessette of the Council of Industrial Boiler Owners" placeOfPublications="unknown"/>
                <source number="2080" sourceType="0" firstAuthor="unspecified " year="2000" title="Electric Power Annual 2000" placeOfPublications="unknown"/>
                <source number="2215" sourceType="0" firstAuthor="unspecified " year="2003" title="Discussions with Dave Goss of the American Coal Ash Association. March, 2003." placeOfPublications="unknown"/>
                <source number="2239" sourceType="0" firstAuthor="Franklin Associates " year="2003" title="Franklin Associates estimate. 2003" placeOfPublications="unknown"/>
                <source number="2256" sourceType="0" firstAuthor="unspecified " year="2002" title="Code of Federal Regulations. Title 40, Part 423. July 2002." placeOfPublications="unknown"/>
                <source number="2315" sourceType="0" firstAuthor="EPA " year="1997" title="EPA Inventory Database v4.1 Boilers " placeOfPublications="unknown"/>
                <source number="2413" sourceType="0" firstAuthor="EIA " year="9999" title="Quarterly Coal Report www.eia.doe.gov U.S. Coal Consumption by End-Use Sector" placeOfPublications="unknown"/>
                <source number="2426" sourceType="0" firstAuthor="DOE " year="2000" title="Coal Industry Annual 2000.  Energy Information Administration.  DOE/EIA-0584" placeOfPublications="unknown"/>
                <source number="2452" sourceType="0" firstAuthor="EPA " year="2000" title="National Air Pollutant Emission Trends, U.S. EPA, EPA-454/R-00-002, March 2000" placeOfPublications="unknown"/>
            </modellingAndValidation>
            <administrativeInformation>
                <dataEntryBy person="1673"/>
                <dataGeneratorAndPublication person="1673" dataPublishedIn="0" referenceToPublishedSource="1845" copyright="false" accessRestrictedTo="0"/>
                <person number="1673" name="Franklin Associates" address="Franklin Associates 4121 W. 83rd St, Suite 108, Prairie Village, KS 66208" telephone="(913)649-2225" email="jlittlefield@fal.com" companyCode="unknown" countryCode="US"/>
            </administrativeInformation>
        </metaInformation>
        <flowData>
            <exchange number="44373" category="22: Utilities" subCategory="2213: Water, Sewage and Other Systems" localCategory="22: Utilities" localSubCategory="2213: Water, Sewage and Other Systems" name="Bituminous coal, combusted in industrial boiler" location="RNA" unit="kg" meanValue="1.0" infrastructureProcess="false">
                <outputGroup>0</outputGroup>
            </exchange>
            <exchange number="28140" category="air" subCategory="unspecified" localCategory="air" localSubCategory="unspecified" name="Benzyl chloride" unit="kg" meanValue="3.5E-7" infrastructureProcess="false">
                <outputGroup>4</outputGroup>
            </exchange>
            <exchange number="51218" category="air" subCategory="unspecified" localCategory="air" localSubCategory="unspecified" name="Carbon disulfide" unit="kg" meanValue="6.5E-8" infrastructureProcess="false">
                <outputGroup>4</outputGroup>
            </exchange>
            <exchange number="39828" category="air" subCategory="unspecified" localCategory="air" localSubCategory="unspecified" name="Organic substances, unspecified" unit="kg" meanValue="3.0287E-6" infrastructureProcess="false">
                <outputGroup>4</outputGroup>
            </exchange>
            <exchange number="9638" category="air" subCategory="unspecified" localCategory="air" localSubCategory="unspecified" name="Chloroform" unit="kg" meanValue="2.95E-8" infrastructureProcess="false">
                <outputGroup>4</outputGroup>
            </exchange>
            <exchange number="10812" category="air" subCategory="unspecified" localCategory="air" localSubCategory="unspecified" name="Naphthalene" unit="kg" meanValue="6.5E-9" generalComment="Sources for PAH data are old or unverifiable. Use this PAH data with caution." infrastructureProcess="false">
                <outputGroup>4</outputGroup>
            </exchange>
            <exchange number="20812" category="air" subCategory="unspecified" localCategory="air" localSubCategory="unspecified" name="Bromoform" unit="kg" meanValue="1.95E-8" infrastructureProcess="false">
                <outputGroup>4</outputGroup>
            </exchange>
            <exchange number="8456" category="21: Mining, Quarrying, and Oil and Gas Extraction" subCategory="2121: Coal Mining" localCategory="21: Mining, Quarrying, and Oil and Gas Extraction" localSubCategory="2121: Coal Mining" name="Bituminous coal, at mine" location="RNA" unit="kg" meanValue="1.0" infrastructureProcess="false">
                <inputGroup>5</inputGroup>
            </exchange>
            <exchange number="50147" category="Emission to air" subCategory="unspecified" localCategory="Emission to air" localSubCategory="unspecified" CASNumber="007446-09-5" name="Sulfur dioxide" unit="kg" meanValue="0.016585" formula="SOx as SO2" infrastructureProcess="false">
                <outputGroup>4</outputGroup>
            </exchange>
            <exchange number="25258" category="air" subCategory="unspecified" localCategory="air" localSubCategory="unspecified" name="Cyanide" unit="kg" meanValue="1.25E-6" infrastructureProcess="false">
                <outputGroup>4</outputGroup>
            </exchange>
            <exchange number="30852" category="air" subCategory="unspecified" localCategory="air" localSubCategory="unspecified" name="Beryllium" unit="kg" meanValue="7.7597E-9" infrastructureProcess="false">
                <outputGroup>4</outputGroup>
            </exchange>
            <exchange number="5626" category="air" subCategory="unspecified" localCategory="air" localSubCategory="unspecified" name="Manganese" unit="kg" meanValue="1.7876E-7" infrastructureProcess="false">
                <outputGroup>4</outputGroup>
            </exchange>
            <exchange number="20682" category="Emission to air" subCategory="lower stratosphere + upper troposphere" localCategory="Emission to air" localSubCategory="lower stratosphere + upper troposphere" CASNumber="000532-27-4" name="2-Chloro-1-phenylethanone" unit="kg" meanValue="3.5E-9" infrastructureProcess="false">
                <outputGroup>4</outputGroup>
            </exchange>
            <exchange number="29662" category="Emission to air" subCategory="unspecified" localCategory="Emission to air" localSubCategory="unspecified" CASNumber="007440-02-0" name="Nickel" unit="kg" meanValue="1.741E-7" formula="Ni" infrastructureProcess="false">
                <outputGroup>4</outputGroup>
            </exchange>
            <exchange number="22302" category="air" subCategory="unspecified" localCategory="air" localSubCategory="unspecified" name="Propanal" unit="kg" meanValue="1.9E-7" infrastructureProcess="false">
                <outputGroup>4</outputGroup>
            </exchange>
            <exchange number="15224" category="Emission to air" subCategory="unspecified" localCategory="Emission to air" localSubCategory="unspecified" CASNumber="007440-47-3" name="Chromium" unit="kg" meanValue="9.9038E-8" formula="Cr" infrastructureProcess="false">
                <outputGroup>4</outputGroup>
            </exchange>
            <exchange number="45881" category="Emission to air" subCategory="unspecified" localCategory="Emission to air" localSubCategory="unspecified" CASNumber="018540-29-9" name="Chromium VI" unit="kg" meanValue="3.95E-8" formula="Cr6+" infrastructureProcess="false">
                <outputGroup>4</outputGroup>
            </exchange>
            <exchange number="35450" category="air" subCategory="unspecified" localCategory="air" localSubCategory="unspecified" name="Vinyl acetate" unit="kg" meanValue="3.8E-9" infrastructureProcess="false">
                <outputGroup>4</outputGroup>
            </exchange>
            <exchange number="26356" category="Emission to air" subCategory="unspecified" localCategory="Emission to air" localSubCategory="unspecified" name="VOC, volatile organic compounds" unit="kg" meanValue="1.4006E-4" infrastructureProcess="false">
                <outputGroup>4</outputGroup>
            </exchange>
            <exchange number="5888" category="water" subCategory="unspecified" localCategory="water" localSubCategory="unspecified" name="Oils, unspecified" unit="kg" meanValue="1.0054E-6" infrastructureProcess="false">
                <outputGroup>4</outputGroup>
            </exchange>
            <exchange number="36064" category="air" subCategory="unspecified" localCategory="air" localSubCategory="unspecified" name="Phenol" unit="kg" meanValue="8.0E-9" infrastructureProcess="false">
                <outputGroup>4</outputGroup>
            </exchange>
            <exchange number="15240" category="air" subCategory="unspecified" localCategory="air" localSubCategory="unspecified" name="Carbon monoxide, fossil " unit="kg" meanValue="0.0028911" infrastructureProcess="false">
                <outputGroup>4</outputGroup>
            </exchange>
            <exchange number="9920" category="air" subCategory="unspecified" localCategory="air" localSubCategory="unspecified" name="Methyl ethyl ketone" unit="kg" meanValue="1.95E-7" infrastructureProcess="false">
                <outputGroup>4</outputGroup>
            </exchange>
            <exchange number="26978" category="air" subCategory="unspecified" localCategory="air" localSubCategory="unspecified" name="t-Butyl methyl ether" unit="kg" meanValue="1.75E-8" infrastructureProcess="false">
                <outputGroup>4</outputGroup>
            </exchange>
            <exchange number="20898" category="air" subCategory="unspecified" localCategory="air" localSubCategory="unspecified" name="Pyrene" unit="kg" meanValue="1.65E-10" generalComment="Sources for PAH data are old or unverifiable. Use this PAH data with caution." infrastructureProcess="false">
                <outputGroup>4</outputGroup>
            </exchange>
            <exchange number="38136" category="air" subCategory="unspecified" localCategory="air" localSubCategory="unspecified" name="Benzene" unit="kg" meanValue="4.7668E-5" infrastructureProcess="false">
                <outputGroup>4</outputGroup>
            </exchange>
            <exchange number="5470" category="air" subCategory="unspecified" localCategory="air" localSubCategory="unspecified" name="Magnesium" unit="kg" meanValue="5.5E-6" infrastructureProcess="false">
                <outputGroup>4</outputGroup>
            </exchange>
            <exchange number="11506" category="air" subCategory="unspecified" localCategory="air" localSubCategory="unspecified" name="Mercaptans, unspecified" unit="kg" meanValue="1.085E-4" infrastructureProcess="false">
                <outputGroup>4</outputGroup>
            </exchange>
            <exchange number="20624" category="air" subCategory="unspecified" localCategory="air" localSubCategory="unspecified" name="Toluene, 2,4-dinitro-" unit="kg" meanValue="1.4E-10" infrastructureProcess="false">
                <outputGroup>4</outputGroup>
            </exchange>
            <exchange number="37974" category="Emission to water" subCategory="unspecified" localCategory="Emission to water" localSubCategory="unspecified" name="Suspended solids, unspecified" unit="kg" meanValue="2.0108E-6" infrastructureProcess="false">
                <outputGroup>4</outputGroup>
            </exchange>
            <exchange number="39202" category="air" subCategory="unspecified" localCategory="air" localSubCategory="unspecified" name="Fluoride" unit="kg" meanValue="2.2297E-5" infrastructureProcess="false">
                <outputGroup>4</outputGroup>
            </exchange>
            <exchange number="5134" category="Technosphere Flows" subCategory="CUTOFF Flows" localCategory="Technosphere Flows" localSubCategory="CUTOFF Flows" name="CUTOFF Disposal, ash and flue gas desulfurization sludge, to unspecified reuse" location="RNA" unit="kg" meanValue="0.079" infrastructureProcess="false">
                <inputGroup>5</inputGroup>
            </exchange>
            <exchange number="34566" category="Technosphere Flows" subCategory="CUTOFF Flows" localCategory="Technosphere Flows" localSubCategory="CUTOFF Flows" name="CUTOFF Disposal, solid waste, unspecified, to unspecified treatment" location="RNA" unit="kg" meanValue="0.06208" infrastructureProcess="false">
                <inputGroup>5</inputGroup>
            </exchange>
            <exchange number="44145" category="air" subCategory="unspecified" localCategory="air" localSubCategory="unspecified" name="Indeno(1,2,3-cd)pyrene" unit="kg" meanValue="3.05E-11" generalComment="Sources for PAH data are old or unverifiable. Use this PAH data with caution." infrastructureProcess="false">
                <outputGroup>4</outputGroup>
            </exchange>
            <exchange number="27356" category="air" subCategory="unspecified" localCategory="air" localSubCategory="unspecified" name="Chrysene" unit="kg" meanValue="5.0E-11" generalComment="Sources for PAH data are old or unverifiable. Use this PAH data with caution." infrastructureProcess="false">
                <outputGroup>4</outputGroup>
            </exchange>
            <exchange number="9764" category="air" subCategory="unspecified" localCategory="air" localSubCategory="unspecified" name="Acenaphthylene" unit="kg" meanValue="1.25E-10" generalComment="Sources for PAH data are old or unverifiable. Use this PAH data with caution." infrastructureProcess="false">
                <outputGroup>4</outputGroup>
            </exchange>
            <exchange number="20918" category="air" subCategory="unspecified" localCategory="air" localSubCategory="unspecified" name="Carbon dioxide, fossil " unit="kg" meanValue="2.634" infrastructureProcess="false">
                <outputGroup>4</outputGroup>
            </exchange>
            <exchange number="45335" category="air" subCategory="unspecified" localCategory="air" localSubCategory="unspecified" name="Antimony" unit="kg" meanValue="9.0E-9" infrastructureProcess="false">
                <outputGroup>4</outputGroup>
            </exchange>
            <exchange number="5242" category="air" subCategory="unspecified" localCategory="air" localSubCategory="unspecified" name="Acetaldehyde" unit="kg" meanValue="2.85E-7" infrastructureProcess="false">
                <outputGroup>4</outputGroup>
            </exchange>
            <exchange number="38450" category="air" subCategory="unspecified" localCategory="air" localSubCategory="unspecified" name="Hydrogen fluoride" unit="kg" meanValue="5.2357E-5" infrastructureProcess="false">
                <outputGroup>4</outputGroup>
            </exchange>
            <exchange number="32262" category="air" subCategory="unspecified" localCategory="air" localSubCategory="unspecified" name="Hexane" unit="kg" meanValue="3.35E-8" infrastructureProcess="false">
                <outputGroup>4</outputGroup>
            </exchange>
            <exchange number="46339" category="air" subCategory="unspecified" localCategory="air" localSubCategory="unspecified" name="Cobalt" unit="kg" meanValue="5.0E-8" infrastructureProcess="false">
                <outputGroup>4</outputGroup>
            </exchange>
            <exchange number="21750" category="air" subCategory="unspecified" localCategory="air" localSubCategory="unspecified" name="Isophorone" unit="kg" meanValue="2.9E-7" infrastructureProcess="false">
                <outputGroup>4</outputGroup>
            </exchange>
            <exchange number="44939" category="air" subCategory="unspecified" localCategory="air" localSubCategory="unspecified" name="Styrene" unit="kg" meanValue="1.25E-8" infrastructureProcess="false">
                <outputGroup>4</outputGroup>
            </exchange>
            <exchange number="5188" category="Emission to air" subCategory="low population density" localCategory="Emission to air" localSubCategory="low population density" CASNumber="000077-78-1" name="Dimethyl sulfate" unit="kg" meanValue="2.4E-8" formula="C2H6O4S" infrastructureProcess="false">
                <outputGroup>4</outputGroup>
            </exchange>
            <exchange number="19444" category="air" subCategory="unspecified" localCategory="air" localSubCategory="unspecified" name="Benzo(a)anthracene" unit="kg" meanValue="4.0E-11" generalComment="Sources for PAH data are old or unverifiable. Use this PAH data with caution." infrastructureProcess="false">
                <outputGroup>4</outputGroup>
            </exchange>
            <exchange number="32554" category="Emission to air" subCategory="unspecified" localCategory="Emission to air" localSubCategory="unspecified" CASNumber="010024-97-2" name="Dinitrogen monoxide" unit="kg" meanValue="3.68E-4" formula="N2O" infrastructureProcess="false">
                <outputGroup>4</outputGroup>
            </exchange>
            <exchange number="3128" category="Emission to air" subCategory="unspecified" localCategory="Emission to air" localSubCategory="unspecified" CASNumber="007439-92-1" name="Lead" unit="kg" meanValue="1.7862E-6" formula="Pb" infrastructureProcess="false">
                <outputGroup>4</outputGroup>
            </exchange>
            <exchange number="32962" category="air" subCategory="unspecified" localCategory="air" localSubCategory="unspecified" name="Hydrazine, methyl" unit="kg" meanValue="8.5E-8" infrastructureProcess="false">
                <outputGroup>4</outputGroup>
            </exchange>
            <exchange number="25532" category="Emission to air" subCategory="unspecified" localCategory="Emission to air" localSubCategory="unspecified" CASNumber="007440-43-9" name="Cadmium" unit="kg" meanValue="4.4278E-8" formula="Cd" infrastructureProcess="false">
                <outputGroup>4</outputGroup>
            </exchange>
            <exchange number="11980" category="air" subCategory="unspecified" localCategory="air" localSubCategory="unspecified" name="Phenanthrene" unit="kg" meanValue="1.35E-9" generalComment="Sources for PAH data are old or unverifiable. Use this PAH data with caution." infrastructureProcess="false">
                <outputGroup>4</outputGroup>
            </exchange>
            <exchange number="18762" category="48-49: Transportation and Warehousing" subCategory="4832: Inland Water Transportation" localCategory="48-49: Transportation and Warehousing" localSubCategory="4832: Inland Water Transportation" name="Transport, barge, average fuel mix" location="RNA" unit="t*km" meanValue="0.12662" generalComment="Represents transportation from bituminous production/processing to industrial boiler." infrastructureProcess="false">
                <inputGroup>5</inputGroup>
            </exchange>
            <exchange number="39576" category="air" subCategory="unspecified" localCategory="air" localSubCategory="unspecified" name="Acenaphthene" unit="kg" meanValue="2.55E-10" generalComment="Sources for PAH data are old or unverifiable. Use this PAH data with caution." infrastructureProcess="false">
                <outputGroup>4</outputGroup>
            </exchange>
            <exchange number="28506" category="air" subCategory="unspecified" localCategory="air" localSubCategory="unspecified" name="Ethane, chloro-" unit="kg" meanValue="2.1E-8" infrastructureProcess="false">
                <outputGroup>4</outputGroup>
            </exchange>
            <exchange number="28216" category="air" subCategory="unspecified" localCategory="air" localSubCategory="unspecified" name="Phenols, unspecified" unit="kg" meanValue="8.0E-9" infrastructureProcess="false">
                <outputGroup>4</outputGroup>
            </exchange>
            <exchange number="11076" category="air" subCategory="unspecified" localCategory="air" localSubCategory="unspecified" name="Methane, bromo-, Halon 1001" unit="kg" meanValue="8.0E-8" infrastructureProcess="false">
                <outputGroup>4</outputGroup>
            </exchange>
            <exchange number="47837" category="air" subCategory="unspecified" localCategory="air" localSubCategory="unspecified" name="Arsenic" unit="kg" meanValue="1.5756E-7" infrastructureProcess="false">
                <outputGroup>4</outputGroup>
            </exchange>
            <exchange number="33970" category="air" subCategory="unspecified" localCategory="air" localSubCategory="unspecified" name="Anthracene" unit="kg" meanValue="1.05E-10" generalComment="Sources for PAH data are old or unverifiable. Use this PAH data with caution." infrastructureProcess="false">
                <outputGroup>4</outputGroup>
            </exchange>
            <exchange number="7484" category="air" subCategory="unspecified" localCategory="air" localSubCategory="unspecified" name="Fluoranthene" unit="kg" meanValue="3.55E-10" generalComment="Sources for PAH data are old or unverifiable. Use this PAH data with caution." infrastructureProcess="false">
                <outputGroup>4</outputGroup>
            </exchange>
            <exchange number="42325" category="48-49: Transportation and Warehousing" subCategory="4821: Rail Transportation" localCategory="48-49: Transportation and Warehousing" localSubCategory="4821: Rail Transportation" name="Transport, train, diesel powered" location="RNA" unit="t*km" meanValue="1.043" generalComment="Represents transportation from bituminous production/processing to industrial boiler." infrastructureProcess="false">
                <inputGroup>5</inputGroup>
            </exchange>
            <exchange number="49765" category="Technosphere Flows" subCategory="CUTOFF Flows" localCategory="Technosphere Flows" localSubCategory="CUTOFF Flows" name="CUTOFF Transport, pipeline, coal slurry" location="RNA" unit="t*km" meanValue="0.0050212" generalComment="Represents transportation from bituminous production/processing to industrial boiler." infrastructureProcess="false">
                <inputGroup>5</inputGroup>
            </exchange>
            <exchange number="33952" category="air" subCategory="unspecified" localCategory="air" localSubCategory="unspecified" name="Particulates, &lt; 10 um " unit="kg" meanValue="0.002003" infrastructureProcess="false">
                <outputGroup>4</outputGroup>
            </exchange>
            <exchange number="29376" category="air" subCategory="unspecified" localCategory="air" localSubCategory="unspecified" name="Ethane, 1,1,1-trichloro-, HCFC-140" unit="kg" meanValue="1.0E-8" infrastructureProcess="false">
                <outputGroup>4</outputGroup>
            </exchange>
            <exchange number="8086" category="air" subCategory="unspecified" localCategory="air" localSubCategory="unspecified" name="Methane, dichloro-, HCC-30" unit="kg" meanValue="1.45E-7" infrastructureProcess="false">
                <outputGroup>4</outputGroup>
            </exchange>
            <exchange number="32502" category="air" subCategory="unspecified" localCategory="air" localSubCategory="unspecified" name="Chrysene, 5-methyl-" unit="kg" meanValue="1.1E-11" generalComment="Sources for PAH data are old or unverifiable. Use this PAH data with caution." infrastructureProcess="false">
                <outputGroup>4</outputGroup>
            </exchange>
            <exchange number="15394" category="air" subCategory="unspecified" localCategory="air" localSubCategory="unspecified" name="Phthalate, dioctyl-" unit="kg" meanValue="3.65E-8" infrastructureProcess="false">
                <outputGroup>4</outputGroup>
            </exchange>
            <exchange number="50353" category="air" subCategory="unspecified" localCategory="air" localSubCategory="unspecified" name="Cumene" unit="kg" meanValue="2.65E-9" infrastructureProcess="false">
                <outputGroup>4</outputGroup>
            </exchange>
            <exchange number="6552" category="air" subCategory="unspecified" localCategory="air" localSubCategory="unspecified" name="Acetophenone" unit="kg" meanValue="7.5E-9" infrastructureProcess="false">
                <outputGroup>4</outputGroup>
            </exchange>
            <exchange number="33576" category="48-49: Transportation and Warehousing" subCategory="4841: General Freight Trucking" localCategory="48-49: Transportation and Warehousing" localSubCategory="4841: General Freight Trucking" name="Transport, combination truck, diesel powered" location="RNA" unit="t*km" meanValue="0.0067592" generalComment="Represents transportation from bituminous production/processing to industrial boiler." infrastructureProcess="false">
                <inputGroup>5</inputGroup>
            </exchange>
            <exchange number="42459" category="air" subCategory="unspecified" localCategory="air" localSubCategory="unspecified" name="Benzo(a)pyrene" unit="kg" meanValue="1.9E-11" generalComment="Sources for PAH data are old or unverifiable. Use this PAH data with caution." infrastructureProcess="false">
                <outputGroup>4</outputGroup>
            </exchange>
            <exchange number="10904" category="air" subCategory="unspecified" localCategory="air" localSubCategory="unspecified" name="Xylene" unit="kg" meanValue="1.85E-8" infrastructureProcess="false">
                <outputGroup>4</outputGroup>
            </exchange>
            <exchange number="24476" category="air" subCategory="unspecified" localCategory="air" localSubCategory="unspecified" name="Formaldehyde" unit="kg" meanValue="3.383E-6" infrastructureProcess="false">
                <outputGroup>4</outputGroup>
            </exchange>
            <exchange number="30072" category="Emission to air" subCategory="unspecified" localCategory="Emission to air" localSubCategory="unspecified" CASNumber="000074-82-8" name="Methane, fossil" unit="kg" meanValue="1.1543E-4" formula="CH4" infrastructureProcess="false">
                <outputGroup>4</outputGroup>
            </exchange>
            <exchange number="15886" category="Emission to air" subCategory="unspecified" localCategory="Emission to air" localSubCategory="unspecified" CASNumber="007439-97-6" name="Mercury" unit="kg" meanValue="6.5409E-7" formula="Hg" infrastructureProcess="false">
                <outputGroup>4</outputGroup>
            </exchange>
            <exchange number="10236" category="air" subCategory="unspecified" localCategory="air" localSubCategory="unspecified" name="Ethane, 1,2-dichloro-" unit="kg" meanValue="2.0E-8" infrastructureProcess="false">
                <outputGroup>4</outputGroup>
            </exchange>
            <exchange number="24556" category="air" subCategory="unspecified" localCategory="air" localSubCategory="unspecified" name="Fluorene" unit="kg" meanValue="4.55E-10" generalComment="Sources for PAH data are old or unverifiable. Use this PAH data with caution." infrastructureProcess="false">
                <outputGroup>4</outputGroup>
            </exchange>
            <exchange number="40042" category="air" subCategory="unspecified" localCategory="air" localSubCategory="unspecified" name="Benzene, chloro-" unit="kg" meanValue="1.1E-8" infrastructureProcess="false">
                <outputGroup>4</outputGroup>
            </exchange>
            <exchange number="16644" category="air" subCategory="unspecified" localCategory="air" localSubCategory="unspecified" name="Selenium" unit="kg" meanValue="6.5E-7" infrastructureProcess="false">
                <outputGroup>4</outputGroup>
            </exchange>
            <exchange number="47227" category="Emission to air" subCategory="unspecified" localCategory="Emission to air" localSubCategory="unspecified" CASNumber="011104-93-1" name="Nitrogen oxides" unit="kg" meanValue="0.0057524" formula="NOx as NO2" infrastructureProcess="false">
                <outputGroup>4</outputGroup>
            </exchange>
            <exchange number="48325" category="air" subCategory="unspecified" localCategory="air" localSubCategory="unspecified" name="Ethene, tetrachloro-" unit="kg" meanValue="2.15E-8" infrastructureProcess="false">
                <outputGroup>4</outputGroup>
            </exchange>
            <exchange number="39726" category="Emission to air" subCategory="unspecified" localCategory="Emission to air" localSubCategory="unspecified" CASNumber="007647-01-0" name="Hydrogen chloride" unit="kg" meanValue="3.0654E-4" formula="HCl" infrastructureProcess="false">
                <outputGroup>4</outputGroup>
            </exchange>
            <exchange number="17596" category="air" subCategory="unspecified" localCategory="air" localSubCategory="unspecified" name="Benzene, ethyl-" unit="kg" meanValue="4.7E-8" infrastructureProcess="false">
                <outputGroup>4</outputGroup>
            </exchange>
            <exchange number="39552" category="air" subCategory="unspecified" localCategory="air" localSubCategory="unspecified" name="Ethane, 1,2-dibromo-" unit="kg" meanValue="6.0E-10" infrastructureProcess="false">
                <outputGroup>4</outputGroup>
            </exchange>
            <exchange number="10070" category="air" subCategory="unspecified" localCategory="air" localSubCategory="unspecified" name="Acrolein" unit="kg" meanValue="7.4696E-8" infrastructureProcess="false">
                <outputGroup>4</outputGroup>
            </exchange>
            <exchange number="16716" category="air" subCategory="unspecified" localCategory="air" localSubCategory="unspecified" name="Benzo(b,j,k)fluoranthene" unit="kg" meanValue="5.5E-11" generalComment="Sources for PAH data are old or unverifiable. Use this PAH data with caution." infrastructureProcess="false">
                <outputGroup>4</outputGroup>
            </exchange>
            <exchange number="42719" category="air" subCategory="unspecified" localCategory="air" localSubCategory="unspecified" name="Biphenyl" unit="kg" meanValue="8.5E-10" generalComment="Sources for PAH data are old or unverifiable. Use this PAH data with caution." infrastructureProcess="false">
                <outputGroup>4</outputGroup>
            </exchange>
            <exchange number="7044" category="air" subCategory="unspecified" localCategory="air" localSubCategory="unspecified" name="Toluene" unit="kg" meanValue="1.2E-7" infrastructureProcess="false">
                <outputGroup>4</outputGroup>
            </exchange>
            <exchange number="27270" category="air" subCategory="unspecified" localCategory="air" localSubCategory="unspecified" name="Methane, monochloro-, R-40" unit="kg" meanValue="2.65E-7" infrastructureProcess="false">
                <outputGroup>4</outputGroup>
            </exchange>
            <exchange number="7552" category="air" subCategory="unspecified" localCategory="air" localSubCategory="unspecified" name="Benzo(ghi)perylene" unit="kg" meanValue="1.35E-11" generalComment="Sources for PAH data are old or unverifiable. Use this PAH data with caution." infrastructureProcess="false">
                <outputGroup>4</outputGroup>
            </exchange>
            <exchange number="10626" category="air" subCategory="unspecified" localCategory="air" localSubCategory="unspecified" name="Methacrylic acid, methyl ester" unit="kg" meanValue="1.0E-8" infrastructureProcess="false">
                <outputGroup>4</outputGroup>
            </exchange>
        </flowData>
    </dataset>
</ecoSpold>
