<?xml version="1.0" encoding="UTF-8" standalone="yes"?>
<ecoSpold xmlns="http://www.EcoInvent.org/EcoSpold01">
    <dataset number="55968" generator="openLCA" timestamp="2019-10-15T12:53:03.134-06:00">
        <metaInformation>
            <processInformation>
                <referenceFunction datasetRelatesToProduct="false" name="Electricity, at bauxite mining regions" localName="Electricity, at bauxite mining regions" infrastructureProcess="false" amount="1.0" unit="MJ" category="22: Utilities" subCategory="2211: Electric Power Generation, Transmission and Distribution" localCategory="22: Utilities" localSubCategory="2211: Electric Power Generation, Transmission and Distribution" generalComment="In order to calculate the fuels used to generate electricity for bauxite production, it is necessary to determine the percent of bauxite produced in each of the aforementioned countries. This quantity is calculated from the amount exported to the U.S. as bauxite ore and the amount used within each country to produce alumina, which is then exported to the U.S.&#xA;Important note: although most of the data in the US LCI database has &#xA;undergone some sort of review, the database as a whole has not yet &#xA;undergone a formal validation process.&#xA;Please email comments to lci@nrel.gov."/>
                <geography location="GLO" text="Australia (2%), Jamaica (55 %), Guinea (30%), Brazil (3%), Suriname (1%), and Guyana (9%)."/>
                <technology text="Coal (2%), Nuclear (0.1%), Hydropower (22%), Fuel oil (75%), Natural gas (0.8%)"/>
                <timePeriod dataValidForEntirePeriod="true">
                    <startDate>2003-12-31-07:00</startDate>
                    <endDate>2003-12-31-07:00</endDate>
                </timePeriod>
                <dataSetInformation type="1" impactAssessmentResult="false" timestamp="2019-07-20T23:15:33.138-06:00" version="0.0" internalVersion="0.0" energyValues="0" languageCode="en" localLanguageCode="en"/>
            </processInformation>
            <modellingAndValidation>
                <source number="1880" sourceType="0" firstAuthor="US Geological Survey " year="2004" title="USGS Mineral Commodity Summaries" placeOfPublications="unknown"/>
                <source number="1936" sourceType="0" firstAuthor="Franklin Associates, A Division of ERG " year="2007" title="Data Module Report: Primary Aluminum" placeOfPublications="unknown"/>
                <source number="1974" sourceType="0" firstAuthor="The Aluminum Association " year="1998" title="LCI Report for the North American Aluminum Industry" placeOfPublications="unknown"/>
                <source number="2171" sourceType="0" firstAuthor="Energy Information Administration (EIA) " year="2002" title="International Energy Annual 2002" placeOfPublications="unknown"/>
                <source number="2243" sourceType="0" firstAuthor="IAI Statistical Report: Electrical Power " year="2003" title="International Aluminum Institute" placeOfPublications="unknown"/>
                <source number="2445" sourceType="0" firstAuthor="US EPA " year="2002" title="Emissions &amp; Generation Resource Integrated Database, eGRID2002 Version 2.01." placeOfPublications="unknown"/>
            </modellingAndValidation>
            <administrativeInformation>
                <dataEntryBy person="1725"/>
                <dataGeneratorAndPublication person="1725" dataPublishedIn="0" referenceToPublishedSource="1936" copyright="false" accessRestrictedTo="0"/>
                <person number="1725" name="James Littlefield, Franklin Associates" address="Prairie Village, KS" telephone="913-649-2225" email="jlittlefield@fal.com" companyCode="unknown" countryCode="US"/>
            </administrativeInformation>
        </metaInformation>
        <flowData>
            <exchange number="41993" category="22: Utilities" subCategory="2211: Electric Power Generation, Transmission and Distribution" localCategory="22: Utilities" localSubCategory="2211: Electric Power Generation, Transmission and Distribution" name="Electricity, at bauxite mining regions" location="GLO" unit="MJ" meanValue="1.0" infrastructureProcess="false">
                <outputGroup>0</outputGroup>
            </exchange>
            <exchange number="47863" category="22: Utilities" subCategory="2211: Electric Power Generation, Transmission and Distribution" localCategory="22: Utilities" localSubCategory="2211: Electric Power Generation, Transmission and Distribution" name="Electricity, diesel, at power plant" location="RNA" unit="MJ" meanValue="0.745" infrastructureProcess="false">
                <inputGroup>5</inputGroup>
            </exchange>
            <exchange number="11194" category="22: Utilities" subCategory="2211: Electric Power Generation, Transmission and Distribution" localCategory="22: Utilities" localSubCategory="2211: Electric Power Generation, Transmission and Distribution" name="Electricity, nuclear, at power plant" location="RNA" unit="MJ" meanValue="0.001179" infrastructureProcess="false">
                <inputGroup>5</inputGroup>
            </exchange>
            <exchange number="52306" category="22: Utilities" subCategory="2211: Electric Power Generation, Transmission and Distribution" localCategory="22: Utilities" localSubCategory="2211: Electric Power Generation, Transmission and Distribution" name="Electricity, bituminous coal, at power plant" location="RNA" unit="MJ" meanValue="0.020714" infrastructureProcess="false">
                <inputGroup>5</inputGroup>
            </exchange>
            <exchange number="26036" category="Technosphere Flows" subCategory="CUTOFF Flows" localCategory="Technosphere Flows" localSubCategory="CUTOFF Flows" name="CUTOFF Electricity, hydropower, at power plant, unspecified" location="RNA" unit="MJ" meanValue="0.21579" infrastructureProcess="false">
                <inputGroup>5</inputGroup>
            </exchange>
            <exchange number="4186" category="22: Utilities" subCategory="2211: Electric Power Generation, Transmission and Distribution" localCategory="22: Utilities" localSubCategory="2211: Electric Power Generation, Transmission and Distribution" name="Electricity, natural gas, at power plant" location="RNA" unit="MJ" meanValue="0.0076075" infrastructureProcess="false">
                <inputGroup>5</inputGroup>
            </exchange>
            <exchange number="48603" category="Technosphere Flows" subCategory="CUTOFF Flows" localCategory="Technosphere Flows" localSubCategory="CUTOFF Flows" name="CUTOFF Electricity, from renewable source, unspecified" location="RNA" unit="MJ" meanValue="0.010255" infrastructureProcess="false">
                <inputGroup>5</inputGroup>
            </exchange>
        </flowData>
    </dataset>
</ecoSpold>
