<?xml version="1.0" encoding="UTF-8" standalone="yes"?>
<ecoSpold xmlns="http://www.EcoInvent.org/EcoSpold01">
    <dataset number="53374" generator="openLCA" timestamp="2019-10-15T12:52:58.407-06:00">
        <metaInformation>
            <processInformation>
                <referenceFunction datasetRelatesToProduct="false" name="Seedlings, at greenhouse" localName="Seedlings, at greenhouse" infrastructureProcess="false" amount="1.0" unit="Item(s)" generalComment="Base process data presented with allocations to within process co-products noted.  Refer to allocation worksheet for specifics.  All allocations performed using mass or volume., general growth related process for tree seedlings&#xA;Important note: although most of the data in the US LCI database has &#xA;undergone some sort of review, the database as a whole has not yet &#xA;undergone a formal validation process.&#xA;Please email comments to lci@nrel.gov."/>
                <geography location="RNA" text="US South East"/>
                <technology text="Typical"/>
                <timePeriod dataValidForEntirePeriod="true">
                    <startDate>9998-12-31-07:00</startDate>
                    <endDate>9998-12-31-07:00</endDate>
                </timePeriod>
                <dataSetInformation type="1" impactAssessmentResult="false" timestamp="2019-09-08T18:55:52.189-06:00" version="0.0" internalVersion="0.0" energyValues="0" languageCode="en" localLanguageCode="en"/>
            </processInformation>
            <modellingAndValidation>
                <source number="1929" sourceType="0" firstAuthor="Maureen Puetmann " year="2003" title="SimaPro Working files for south eastern forest resource and lumber&#xA;" placeOfPublications="unknown"/>
                <source number="1943" sourceType="0" firstAuthor="Michael Milota " year="2004" title="Module C-SOFTWOOD LUMBER - SOUTHEAST REGION&#xA;" placeOfPublications="unknown"/>
                <source number="2066" sourceType="0" firstAuthor="Leonard R. Johnson " year="2004" title="Module A-FOREST RESOURCES PACIFIC NORTHWEST AND SOUTHEAST&#xA;" placeOfPublications="unknown"/>
            </modellingAndValidation>
            <administrativeInformation>
                <dataEntryBy person="1667"/>
                <dataGeneratorAndPublication person="1667" dataPublishedIn="0" referenceToPublishedSource="1929" copyright="false" accessRestrictedTo="0"/>
                <person number="1667" name="Jamie Meil" address="ATHENA Institute, 8 Granville Ave. Ottawa, On K1Y 0M4" telephone="613 523-1020" email="jkmeil@sympatico.ca" companyCode="unknown" countryCode="CA"/>
            </administrativeInformation>
        </metaInformation>
        <flowData>
            <exchange number="19630" name="Seedlings, at greenhouse" location="RNA" unit="Item(s)" meanValue="1.0" infrastructureProcess="false">
                <outputGroup>0</outputGroup>
            </exchange>
            <exchange number="29942" category="resource" subCategory="unspecified" localCategory="resource" localSubCategory="unspecified" name="Water" unit="m3" meanValue="5.13" infrastructureProcess="false">
                <inputGroup>4</inputGroup>
            </exchange>
            <exchange number="35868" category="22: Utilities" subCategory="2211: Electric Power Generation, Transmission and Distribution" localCategory="22: Utilities" localSubCategory="2211: Electric Power Generation, Transmission and Distribution" name="Electricity, at grid" location="RNA" unit="MJ" meanValue="0.0156" infrastructureProcess="false">
                <inputGroup>5</inputGroup>
            </exchange>
            <exchange number="4544" category="31-33: Manufacturing" subCategory="3253: Pesticide, Fertilizer, and Other Agricultural Chemical Manufacturing" localCategory="31-33: Manufacturing" localSubCategory="3253: Pesticide, Fertilizer, and Other Agricultural Chemical Manufacturing" name="Phosphorous fertilizer, production mix, at plant" location="RNA" unit="kg" meanValue="7.17E-5" infrastructureProcess="false">
                <inputGroup>5</inputGroup>
            </exchange>
            <exchange number="20366" category="22: Utilities" subCategory="2213: Water, Sewage and Other Systems" localCategory="22: Utilities" localSubCategory="2213: Water, Sewage and Other Systems" name="Gasoline, combusted in equipment" location="RNA" unit="m3" meanValue="0.00654" infrastructureProcess="false">
                <inputGroup>5</inputGroup>
            </exchange>
            <exchange number="7266" category="31-33: Manufacturing" subCategory="3253: Pesticide, Fertilizer, and Other Agricultural Chemical Manufacturing" localCategory="31-33: Manufacturing" localSubCategory="3253: Pesticide, Fertilizer, and Other Agricultural Chemical Manufacturing" name="Nitrogen fertilizer, production mix, at plant" location="RNA" unit="kg" meanValue="4.54E-5" infrastructureProcess="false">
                <inputGroup>5</inputGroup>
            </exchange>
            <exchange number="38742" category="Technosphere Flows" subCategory="CUTOFF Flows" localCategory="Technosphere Flows" localSubCategory="CUTOFF Flows" name="CUTOFF Potassium fertilizer, production mix, at plant" location="RNA" unit="kg" meanValue="4.54E-5" infrastructureProcess="false">
                <inputGroup>5</inputGroup>
            </exchange>
        </flowData>
    </dataset>
</ecoSpold>
