<?xml version="1.0" encoding="UTF-8" standalone="yes"?>
<ecoSpold xmlns="http://www.EcoInvent.org/EcoSpold01">
    <dataset number="69454" generator="openLCA" timestamp="2019-10-15T12:53:03.427-06:00">
        <metaInformation>
            <processInformation>
                <referenceFunction datasetRelatesToProduct="false" name="Electricity, at cogen" localName="Electricity, at cogen" infrastructureProcess="false" amount="1.0" unit="MJ" category="22: Utilities" subCategory="2211: Electric Power Generation, Transmission and Distribution" localCategory="22: Utilities" localSubCategory="2211: Electric Power Generation, Transmission and Distribution" generalComment="This unit process shows the amount of natural gas required to generate 1 kWh of electricity from the natural gas-fired cogeneration of electricity and steam. The input energy requirements for cogenerated electricity are estimated to be 6,826 Btu/kWh, which is based a thermal to electrical conversion efficiency of 50 percent. This unit process does not include the fuel requirements for the coproduced steam because the steam produced from cogeneration is exported outside system boundaries; if any coproduct steam from cogeneration is used within system boundaries (i.e., coproduct steam is used for the same process as the coproduct electricity) a more complicated allocation method is necessary in which the fraction of steam used within system boundaries must be known. Complete inventory data and metadata are available in full in the final report and appendices (A-34), Cradle-to-Gate Life Cycle Inventory of Nine Plastic Resins and Four Polyurethane Precursors. This report has been extensively reviewed within Franklin Associates and has undergone partial critical review by ACC Plastics Division members and is available at: www.americanchemistry.com. Quantities may vary slightly between the reference to main source and and this module due to rounding. Important note: although most of the data in the US LCI database has undergone some sort of review, the database as a whole has not yet undergone a formal validation process.  Please email comments to lci@nrel.gov."/>
                <geography location="RNA" text="North America (US and Canada)"/>
                <technology text="The majority of data providers for petrochemical production report natural gas as the fuel used for cogeneration and, according to 2003 industry statistics, natural gas accounted for 59 percent of industrial cogeneration, while coal and waste gases accounted for 28 percent and 13 percent, respectively. This unit process provides data for production of 1 kWh of cogenerated electricity by combustion of natural gas in industrial boiler at 6826 Btu of natural gas per kWh of cogenerated electricity."/>
                <timePeriod dataValidForEntirePeriod="true">
                    <startDate>2002-12-31-07:00</startDate>
                    <endDate>2002-12-31-07:00</endDate>
                </timePeriod>
                <dataSetInformation type="1" impactAssessmentResult="false" timestamp="2019-07-22T14:57:56.356-06:00" version="0.0" internalVersion="0.0" energyValues="0" languageCode="en" localLanguageCode="en"/>
            </processInformation>
            <modellingAndValidation>
                <representativeness samplingProcedure="Data are from primary sources"/>
                <source number="2175" sourceType="0" firstAuthor="THE PLASTICS DIVISION OF &#xA;THE AMERICAN C " year="2010" title="CRADLE-TO-GATE LIFE CYCLE INVENTORY OF NINE PLASTIC RESINS AND FOUR POLYURETHANE PRECURSORS" placeOfPublications="unknown"/>
            </modellingAndValidation>
            <administrativeInformation>
                <dataEntryBy person="1689"/>
                <dataGeneratorAndPublication person="1689" dataPublishedIn="0" referenceToPublishedSource="2175" copyright="false" accessRestrictedTo="0"/>
                <person number="1689" name="Franklin Associates" address="Prairie Village, KS" telephone="913-649-2225 x236" email="Melissa.Huff@erg.com" companyCode="unknown" countryCode="US"/>
            </administrativeInformation>
        </metaInformation>
        <flowData>
            <exchange number="27482" category="22: Utilities" subCategory="2211: Electric Power Generation, Transmission and Distribution" localCategory="22: Utilities" localSubCategory="2211: Electric Power Generation, Transmission and Distribution" name="Electricity, at cogen" location="RNA" unit="MJ" meanValue="1.0" infrastructureProcess="false">
                <outputGroup>0</outputGroup>
            </exchange>
            <exchange number="17066" category="22: Utilities" subCategory="2213: Water, Sewage and Other Systems" localCategory="22: Utilities" localSubCategory="2213: Water, Sewage and Other Systems" name="Natural gas, combusted in industrial boiler" location="RNA" unit="m3" meanValue="0.1875" generalComment="6826 Btu/kWh cogenerated electricity = 7.20 MJ natural gas/kWh cogenerated electricity; 1031 Btu/scf natural gas = 38.4 MJ/m3; 7.20 MJ natural gas * (1 m3/38.4 MJ) * 1 kWh = 0.1875 m3/1 kWh" infrastructureProcess="false">
                <inputGroup>5</inputGroup>
            </exchange>
        </flowData>
    </dataset>
</ecoSpold>
