<?xml version="1.0" encoding="UTF-8" standalone="yes"?>
<ecoSpold xmlns="http://www.EcoInvent.org/EcoSpold01">
    <dataset number="103649" generator="openLCA" timestamp="2019-10-15T12:53:00.081-06:00">
        <metaInformation>
            <processInformation>
                <referenceFunction datasetRelatesToProduct="false" name="Softwood logs with bark, harvested at medium intensity site, at mill, SE" localName="Softwood logs with bark, harvested at medium intensity site, at mill, SE" infrastructureProcess="false" amount="1.0" unit="m3" category="11: Agriculture, Forestry, Fishing and Hunting" subCategory="1133: Logging" localCategory="11: Agriculture, Forestry, Fishing and Hunting" localSubCategory="1133: Logging" generalComment="Base process data presented with allocations to within process co-products noted.  Refer to allocation worksheet for specifics.  All allocations performed using mass or volume., harvesting on a medium productivity site&#xA;Important note: although most of the data in the US LCI database has &#xA;undergone some sort of review, the database as a whole has not yet &#xA;undergone a formal validation process.&#xA;Please email comments to lci@nrel.gov."/>
                <geography location="RNA" text="US Southeast"/>
                <technology text="Typical"/>
                <timePeriod dataValidForEntirePeriod="true">
                    <startDate>2002-12-31-07:00</startDate>
                    <endDate>2003-12-31-07:00</endDate>
                </timePeriod>
                <dataSetInformation type="1" impactAssessmentResult="false" timestamp="2019-07-20T23:05:32.275-06:00" version="0.0" internalVersion="0.0" energyValues="0" languageCode="en" localLanguageCode="en"/>
            </processInformation>
            <modellingAndValidation>
                <source number="1929" sourceType="0" firstAuthor="Maureen Puetmann " year="2003" title="SimaPro Working files for south eastern forest resource and lumber&#xA;" placeOfPublications="unknown"/>
                <source number="1943" sourceType="0" firstAuthor="Michael Milota " year="2004" title="Module C-SOFTWOOD LUMBER - SOUTHEAST REGION&#xA;" placeOfPublications="unknown"/>
                <source number="2066" sourceType="0" firstAuthor="Leonard R. Johnson " year="2004" title="Module A-FOREST RESOURCES PACIFIC NORTHWEST AND SOUTHEAST&#xA;" placeOfPublications="unknown"/>
            </modellingAndValidation>
            <administrativeInformation>
                <dataEntryBy person="1667"/>
                <dataGeneratorAndPublication person="1667" dataPublishedIn="0" referenceToPublishedSource="2066" copyright="true" accessRestrictedTo="0"/>
                <person number="1667" name="Jamie Meil" address="ATHENA Institute, 8 Granville Ave. Ottawa, On K1Y 0M4" telephone="613 523-1020" email="jkmeil@sympatico.ca" companyCode="unknown" countryCode="CA"/>
            </administrativeInformation>
        </metaInformation>
        <flowData>
            <exchange number="49577" category="11: Agriculture, Forestry, Fishing and Hunting" subCategory="1133: Logging" localCategory="11: Agriculture, Forestry, Fishing and Hunting" localSubCategory="1133: Logging" name="Softwood logs with bark, harvested at medium intensity site, at mill, SE" location="RNA" unit="m3" meanValue="1.0" infrastructureProcess="false">
                <outputGroup>0</outputGroup>
            </exchange>
            <exchange number="49579" category="22: Utilities" subCategory="2213: Water, Sewage and Other Systems" localCategory="22: Utilities" localSubCategory="2213: Water, Sewage and Other Systems" name="Diesel, combusted in industrial equipment" location="RNA" unit="m3" meanValue="2.343" infrastructureProcess="false">
                <inputGroup>5</inputGroup>
            </exchange>
            <exchange number="8706" category="11: Agriculture, Forestry, Fishing and Hunting" subCategory="1153: Support Activities for Forestry" localCategory="11: Agriculture, Forestry, Fishing and Hunting" localSubCategory="1153: Support Activities for Forestry" name="Reforesting, medium intensity site, US SE" location="RNA" unit="m2" meanValue="38.53" infrastructureProcess="false">
                <inputGroup>5</inputGroup>
            </exchange>
            <exchange number="12656" category="Technosphere Flows" subCategory="CUTOFF Flows" localCategory="Technosphere Flows" localSubCategory="CUTOFF Flows" name="CUTOFF Lubricants, unspecified, at plant" location="RNA" unit="kg" meanValue="0.038178" infrastructureProcess="false">
                <inputGroup>5</inputGroup>
            </exchange>
            <exchange number="40384" category="48-49: Transportation and Warehousing" subCategory="4841: General Freight Trucking" localCategory="48-49: Transportation and Warehousing" localSubCategory="4841: General Freight Trucking" name="Transport, combination truck, average fuel mix" location="RNA" unit="t*km" meanValue="90.76" infrastructureProcess="false">
                <inputGroup>5</inputGroup>
            </exchange>
        </flowData>
    </dataset>
</ecoSpold>
