<?xml version="1.0" encoding="UTF-8" standalone="yes"?>
<ecoSpold xmlns="http://www.EcoInvent.org/EcoSpold01">
    <dataset number="66744" generator="openLCA" timestamp="2019-10-15T12:53:00.144-06:00">
        <metaInformation>
            <processInformation>
                <referenceFunction datasetRelatesToProduct="false" name="Soybeans, at field" localName="Soybeans, at field" infrastructureProcess="false" amount="3.1" unit="kg" category="11: Agriculture, Forestry, Fishing and Hunting" subCategory="1111: Oilseed and Grain Farming" localCategory="11: Agriculture, Forestry, Fishing and Hunting" localSubCategory="1111: Oilseed and Grain Farming" generalComment="Agricultural Crop Production, Harvested acres represent 98% of the planted acres (1998-2000 US average).&#xA;1 bu (soybean) = 60 lbs.&#xA;The impacts of producing 1 kg of seed are assumed equal to those of producing 1kg of grain.&#xA;For water, only consumptive use is taken into account (i.e. 60.7% of the total water consumption).&#xA;Important note: although most of the data in the US LCI database has &#xA;undergone some sort of review, the database as a whole has not yet &#xA;undergone a formal validation process.&#xA;Please email comments to lci@nrel.gov."/>
                <geography location="RNA" text="USA"/>
                <technology text="US average"/>
                <timePeriod dataValidForEntirePeriod="true">
                    <startDate>1997-12-31-07:00</startDate>
                    <endDate>2000-12-31-07:00</endDate>
                </timePeriod>
                <dataSetInformation type="5" impactAssessmentResult="false" timestamp="2019-09-19T14:05:28.281-06:00" version="0.0" internalVersion="0.0" energyValues="0" languageCode="en" localLanguageCode="en"/>
            </processInformation>
            <modellingAndValidation>
                <source number="1867" sourceType="0" firstAuthor="Conservation Technology Information Cent " year="2002" title="Crop Residue Management" placeOfPublications="unknown"/>
                <source number="1919" sourceType="0" firstAuthor="USGS " year="1999" title="Fluxes and Sources of Nutrients in the Mississippi River - Atchafalaya" placeOfPublications="unknown"/>
                <source number="1920" sourceType="0" firstAuthor="U.S. EPA " year="1980" title="AP-42, 9.3.2. &quot;Grain Harvesting&quot;" placeOfPublications="unknown"/>
                <source number="1921" sourceType="0" firstAuthor="USDA/ERS " year="1998" title="Crop production practices data" placeOfPublications="unknown"/>
                <source number="1986" sourceType="0" firstAuthor="USDA/ERS " year="1997" title="Agriculture Resources and Environmental Indicators" placeOfPublications="unknown"/>
                <source number="2002" sourceType="0" firstAuthor="USDA/ERS " year="1997" title="Agricultural Resource and Management Survey (ARMS) data" placeOfPublications="unknown"/>
                <source number="2044" sourceType="0" firstAuthor="USDA/ERS " year="1997" title="Production Practices for Major Crops, 1990-97" placeOfPublications="unknown"/>
                <source number="2065" sourceType="0" firstAuthor="USDA/NRI " year="1997" title="Summary Report 1997 National Resources Inventory" placeOfPublications="unknown"/>
                <source number="2078" sourceType="0" firstAuthor="USDA/National Agricultural Statistics Se " year="1998" title="Agricultural Statistics Database" placeOfPublications="unknown"/>
                <source number="2087" sourceType="0" firstAuthor="Steve St. Martin, Dept. of Horticulture  " year="2003" title="Unknown" placeOfPublications="unknown"/>
                <source number="2102" sourceType="0" firstAuthor="USDA/NRCS " year="2003" title="Plant Nutrient Content DB: Pounds per yield unit at typical harvest moisture content" placeOfPublications="unknown"/>
                <source number="2144" sourceType="0" firstAuthor="USGS " year="1995" title="Estimated Use of Water in the United States in 1995" placeOfPublications="unknown"/>
                <source number="2268" sourceType="0" firstAuthor="U.S. EPA " year="2000" title="Inventory of Greenhouse Gas Emissions and Sinks, 1990-2000" placeOfPublications="unknown"/>
                <source number="2310" sourceType="0" firstAuthor="USDA/ERS " year="2001" title="Agricultural Chemical Usage 2001 Field Crops summary" placeOfPublications="unknown"/>
                <source number="2333" sourceType="0" firstAuthor="U.S. EPA " year="2003" title="Estimations Programs Interface for Windows, EPIWIN software." placeOfPublications="unknown"/>
                <source number="2351" sourceType="0" firstAuthor="U.S. EPA " year="1995" title="AP-42, 9.2.2. &quot;Pesticide Application&quot;." placeOfPublications="unknown"/>
                <source number="2369" sourceType="0" firstAuthor="USDA/NCRS " year="2000" title="Environmental Indicators of Pesticide Leaching and Runoff from Farm Fields" placeOfPublications="unknown"/>
                <source number="2382" sourceType="0" firstAuthor="USDA/ERS " year="2000" title="Agriculture Resources and Environmental Indicators" placeOfPublications="unknown"/>
            </modellingAndValidation>
            <administrativeInformation>
                <dataEntryBy person="1715"/>
                <dataGeneratorAndPublication person="1715" dataPublishedIn="0" referenceToPublishedSource="2078" copyright="false" accessRestrictedTo="0"/>
                <person number="1715" name="Olivier Muller" address="Ecobilan, Tour AIG - 34, place des Corolles 92908 Paris La Défense Cedex - France" telephone="+33 1 56 57 80 44" email="olivier.muller@fr.pwc.com" companyCode="unknown" countryCode="FR"/>
            </administrativeInformation>
        </metaInformation>
        <flowData>
            <exchange number="10434" category="11: Agriculture, Forestry, Fishing and Hunting" subCategory="1111: Oilseed and Grain Farming" localCategory="11: Agriculture, Forestry, Fishing and Hunting" localSubCategory="1111: Oilseed and Grain Farming" name="Soybeans, at field" location="RNA" unit="kg" meanValue="3.1" generalComment="Product Output added for EcoSpold Semantic validation." infrastructureProcess="false">
                <outputGroup>0</outputGroup>
            </exchange>
            <exchange number="27076" category="water" subCategory="unspecified" localCategory="water" localSubCategory="unspecified" name="Metolachlor" unit="kg" meanValue="1.26E-7" generalComment="Pesticide consumption (11), Pesticide application method (13), Runoff of pesticides (16)" infrastructureProcess="false">
                <outputGroup>4</outputGroup>
            </exchange>
            <exchange number="8932" category="resource" subCategory="land" localCategory="resource" localSubCategory="land" name="Occupation, arable, conservation tillage" unit="m2*a" meanValue="2.28" generalComment="Planted surface (1), Tillage practices (3)" infrastructureProcess="false">
                <inputGroup>4</inputGroup>
            </exchange>
            <exchange number="40054" category="water" subCategory="unspecified" localCategory="water" localSubCategory="unspecified" name="Chlorpyrifos" unit="kg" meanValue="2.38E-8" generalComment="Pesticide consumption (11), Pesticide application method (13), Runoff of pesticides (16)" infrastructureProcess="false">
                <outputGroup>4</outputGroup>
            </exchange>
            <exchange number="5940" category="Technosphere Flows" subCategory="CUTOFF Flows" localCategory="Technosphere Flows" localSubCategory="CUTOFF Flows" name="CUTOFF Agrochemicals, at plant" location="RNA" unit="kg" meanValue="4.11E-4" generalComment="Pesticide consumption (11)" infrastructureProcess="false">
                <inputGroup>5</inputGroup>
            </exchange>
            <exchange number="28180" category="air" subCategory="low population density" localCategory="air" localSubCategory="low population density" name="Glyphosate-trimesium" unit="kg" meanValue="8.21E-6" generalComment="Pesticide consumption (11), Pesticide application method (13), Pesticide air emission factors (14), Pesticide vapor pressure (15), Runoff of pesticides (16)" infrastructureProcess="false">
                <outputGroup>4</outputGroup>
            </exchange>
            <exchange number="32434" category="air" subCategory="low population density" localCategory="air" localSubCategory="low population density" name="Pendimethalin" unit="kg" meanValue="1.63E-5" generalComment="Pesticide consumption (11), Pesticide application method (13), Pesticide air emission factors (14), Pesticide vapor pressure (15), Runoff of pesticides (16)" infrastructureProcess="false">
                <outputGroup>4</outputGroup>
            </exchange>
            <exchange number="19490" category="water" subCategory="unspecified" localCategory="water" localSubCategory="unspecified" name="Pendimethalin" unit="kg" meanValue="6.97E-7" generalComment="Pesticide consumption (11), Pesticide application method (13), Runoff of pesticides (16)" infrastructureProcess="false">
                <outputGroup>4</outputGroup>
            </exchange>
            <exchange number="29910" category="water" subCategory="unspecified" localCategory="water" localSubCategory="unspecified" name="Glyphosate" unit="kg" meanValue="4.3E-6" generalComment="Pesticide consumption (11), Pesticide application method (13), Runoff of pesticides (16)" infrastructureProcess="false">
                <outputGroup>4</outputGroup>
            </exchange>
            <exchange number="9616" category="31-33: Manufacturing" subCategory="3274: Lime and Gypsum Product Manufacturing" localCategory="31-33: Manufacturing" localSubCategory="3274: Lime and Gypsum Product Manufacturing" name="Quicklime, at plant" location="RNA" unit="kg" meanValue="0.0836" generalComment="Fertilizers Ca (12)" infrastructureProcess="false">
                <inputGroup>5</inputGroup>
            </exchange>
            <exchange number="30018" category="air" subCategory="low population density" localCategory="air" localSubCategory="low population density" name="Alachlor" unit="kg" meanValue="1.51E-6" generalComment="Pesticide consumption (11), Pesticide application method (13), Pesticide air emission factors (14), Pesticide vapor pressure (15), Runoff of pesticides (16)" infrastructureProcess="false">
                <outputGroup>4</outputGroup>
            </exchange>
            <exchange number="39556" category="air" subCategory="low population density" localCategory="air" localSubCategory="low population density" name="Nitrogen oxides" unit="kg" meanValue="1.86E-4" generalComment="N2O and NH3 and NOx air emissions (4)" infrastructureProcess="false">
                <outputGroup>4</outputGroup>
            </exchange>
            <exchange number="7266" category="31-33: Manufacturing" subCategory="3253: Pesticide, Fertilizer, and Other Agricultural Chemical Manufacturing" localCategory="31-33: Manufacturing" localSubCategory="3253: Pesticide, Fertilizer, and Other Agricultural Chemical Manufacturing" name="Nitrogen fertilizer, production mix, at plant" location="RNA" unit="kg" meanValue="0.00114" generalComment="Fertilizers NPK (11)" infrastructureProcess="false">
                <inputGroup>5</inputGroup>
            </exchange>
            <exchange number="17382" category="air" subCategory="low population density" localCategory="air" localSubCategory="low population density" name="Bentazone" unit="kg" meanValue="1.26E-6" generalComment="Pesticide consumption (11), Pesticide application method (13), Pesticide air emission factors (14), Pesticide vapor pressure (15), Runoff of pesticides (16)" infrastructureProcess="false">
                <outputGroup>4</outputGroup>
            </exchange>
            <exchange number="39524" category="48-49: Transportation and Warehousing" subCategory="4841: General Freight Trucking" localCategory="48-49: Transportation and Warehousing" localSubCategory="4841: General Freight Trucking" name="Transport, single unit truck, diesel powered" location="RNA" unit="t*km" meanValue="0.0174" generalComment="Transportation of fertilizers (200 km)" infrastructureProcess="false">
                <inputGroup>5</inputGroup>
            </exchange>
            <exchange number="36442" category="Technosphere Flows" subCategory="CUTOFF Flows" localCategory="Technosphere Flows" localSubCategory="CUTOFF Flows" name="CUTOFF Potash Fertilizer (K2O), at plant" location="RNA" unit="kg" meanValue="0.00769" generalComment="Fertilizers NPK (11)" infrastructureProcess="false">
                <inputGroup>5</inputGroup>
            </exchange>
            <exchange number="20366" category="22: Utilities" subCategory="2213: Water, Sewage and Other Systems" localCategory="22: Utilities" localSubCategory="2213: Water, Sewage and Other Systems" name="Gasoline, combusted in equipment" location="RNA" unit="m3" meanValue="0.00796" generalComment="Energy consumption (10)" infrastructureProcess="false">
                <inputGroup>5</inputGroup>
            </exchange>
            <exchange number="23526" category="air" subCategory="low population density" localCategory="air" localSubCategory="low population density" name="Metolachlor" unit="kg" meanValue="2.95E-6" generalComment="Pesticide consumption (11), Pesticide application method (13), Pesticide air emission factors (14), Pesticide vapor pressure (15), Runoff of pesticides (16)" infrastructureProcess="false">
                <outputGroup>4</outputGroup>
            </exchange>
            <exchange number="30656" category="water" subCategory="unspecified" localCategory="water" localSubCategory="unspecified" name="Trifluralin" unit="kg" meanValue="4.21E-7" generalComment="Pesticide consumption (11), Pesticide application method (13), Runoff of pesticides (16)" infrastructureProcess="false">
                <outputGroup>4</outputGroup>
            </exchange>
            <exchange number="39234" category="air" subCategory="low population density" localCategory="air" localSubCategory="low population density" name="Dinitrogen monoxide" unit="kg" meanValue="0.00247" generalComment="N2O and NH3 and NOx air emissions (4)" infrastructureProcess="false">
                <outputGroup>4</outputGroup>
            </exchange>
            <exchange number="25172" category="resource" subCategory="ground-" localCategory="resource" localSubCategory="ground-" name="Water, well" unit="m3" meanValue="15.2" generalComment="Water consumption - consumptive use for irrigation and percent of water from surface/ground (7), Water consumption - area irrigated and depth of irrigation water applied (8)" infrastructureProcess="false">
                <inputGroup>4</inputGroup>
            </exchange>
            <exchange number="36840" category="water" subCategory="unspecified" localCategory="water" localSubCategory="unspecified" name="Clomazone" unit="kg" meanValue="1.24E-8" generalComment="Pesticide consumption (11), Pesticide application method (13), Runoff of pesticides (16)" infrastructureProcess="false">
                <outputGroup>4</outputGroup>
            </exchange>
            <exchange number="14218" category="water" subCategory="unspecified" localCategory="water" localSubCategory="unspecified" name="Glyphosate-trimesium" unit="kg" meanValue="3.52E-7" generalComment="Pesticide consumption (11), Pesticide application method (13), Runoff of pesticides (16)" infrastructureProcess="false">
                <outputGroup>4</outputGroup>
            </exchange>
            <exchange number="20678" category="water" subCategory="river" localCategory="water" localSubCategory="river" name="Water" unit="m3" meanValue="26.1" generalComment="Water consumption - consumptive use for irrigation and percent of water from surface/ground (7), Water consumption - area irrigated and depth of irrigation water applied (8)" infrastructureProcess="false">
                <inputGroup>4</inputGroup>
            </exchange>
            <exchange number="23140" category="water" subCategory="unspecified" localCategory="water" localSubCategory="unspecified" name="Metribuzin" unit="kg" meanValue="3.09E-8" generalComment="Pesticide consumption (11), Pesticide application method (13), Runoff of pesticides (16)" infrastructureProcess="false">
                <outputGroup>4</outputGroup>
            </exchange>
            <exchange number="49579" category="22: Utilities" subCategory="2213: Water, Sewage and Other Systems" localCategory="22: Utilities" localSubCategory="2213: Water, Sewage and Other Systems" name="Diesel, combusted in industrial equipment" location="RNA" unit="m3" meanValue="0.0171" generalComment="Farm Tractor. Energy consumption (10)" infrastructureProcess="false">
                <inputGroup>5</inputGroup>
            </exchange>
            <exchange number="29036" category="resource" subCategory="land" localCategory="resource" localSubCategory="land" name="Occupation, arable, reduced tillage" unit="m2*a" meanValue="0.814" generalComment="Planted surface (1), Tillage practices (3)" infrastructureProcess="false">
                <inputGroup>4</inputGroup>
            </exchange>
            <exchange number="35868" category="22: Utilities" subCategory="2211: Electric Power Generation, Transmission and Distribution" localCategory="22: Utilities" localSubCategory="2211: Electric Power Generation, Transmission and Distribution" name="Electricity, at grid" location="RNA" unit="MJ" meanValue="0.00531" generalComment="Energy consumption (10)" infrastructureProcess="false">
                <inputGroup>5</inputGroup>
            </exchange>
            <exchange number="48943" category="air" subCategory="low population density" localCategory="air" localSubCategory="low population density" name="Ammonia" unit="kg" meanValue="6.86E-5" generalComment="N2O and NH3 and NOx air emissions (4)" infrastructureProcess="false">
                <outputGroup>4</outputGroup>
            </exchange>
            <exchange number="4624" category="resource" subCategory="in air" localCategory="resource" localSubCategory="in air" name="Carbon dioxide" unit="kg" meanValue="1.56" generalComment="Carbon fixation through plant growth" infrastructureProcess="false">
                <inputGroup>4</inputGroup>
            </exchange>
            <exchange number="11504" category="water" subCategory="unspecified" localCategory="water" localSubCategory="unspecified" name="2,4-D" unit="kg" meanValue="9.03E-8" generalComment="Pesticide consumption (11), Pesticide application method (13), Runoff of pesticides (16)" infrastructureProcess="false">
                <outputGroup>4</outputGroup>
            </exchange>
            <exchange number="8180" category="air" subCategory="low population density" localCategory="air" localSubCategory="low population density" name="Metribuzin" unit="kg" meanValue="7.21E-7" generalComment="Pesticide consumption (11), Pesticide application method (13), Pesticide air emission factors (14), Pesticide vapor pressure (15), Runoff of pesticides (16)" infrastructureProcess="false">
                <outputGroup>4</outputGroup>
            </exchange>
            <exchange number="15422" category="air" subCategory="low population density" localCategory="air" localSubCategory="low population density" name="Bromoxynil" unit="kg" meanValue="1.7E-6" generalComment="Pesticide consumption (11), Pesticide application method (13), Pesticide air emission factors (14), Pesticide vapor pressure (15), Runoff of pesticides (16)" infrastructureProcess="false">
                <outputGroup>4</outputGroup>
            </exchange>
            <exchange number="2932" category="air" subCategory="low population density" localCategory="air" localSubCategory="low population density" name="2,4-D" unit="kg" meanValue="2.11E-6" generalComment="Pesticide consumption (11), Pesticide application method (13), Pesticide air emission factors (14), Pesticide vapor pressure (15), Runoff of pesticides (16)" infrastructureProcess="false">
                <outputGroup>4</outputGroup>
            </exchange>
            <exchange number="35944" category="air" subCategory="low population density" localCategory="air" localSubCategory="low population density" name="Hydrocarbons, unspecified" unit="kg" meanValue="2.46E-4" generalComment="Pesticide consumption (11), Pesticide application method (13)" infrastructureProcess="false">
                <outputGroup>4</outputGroup>
            </exchange>
            <exchange number="37974" category="Emission to water" subCategory="unspecified" localCategory="Emission to water" localSubCategory="unspecified" name="Suspended solids, unspecified" unit="kg" meanValue="2.82" generalComment="Erosion (9)" infrastructureProcess="false">
                <outputGroup>4</outputGroup>
            </exchange>
            <exchange number="17904" category="water" subCategory="unspecified" localCategory="water" localSubCategory="unspecified" name="Phosphorus compounds, unspecified" unit="kg" meanValue="2.11E-5" generalComment="Runoff/leaching of fertilizers (17), " infrastructureProcess="false">
                <outputGroup>4</outputGroup>
            </exchange>
            <exchange number="50323" category="Technosphere Flows" subCategory="CUTOFF Flows" localCategory="Technosphere Flows" localSubCategory="CUTOFF Flows" name="CUTOFF Phosphorous Fertilizer (TSP as P2O5), at plant" location="RNA" unit="kg" meanValue="0.00377" generalComment="Fertilizers NPK (11)" infrastructureProcess="false">
                <inputGroup>5</inputGroup>
            </exchange>
            <exchange number="42147" category="water" subCategory="unspecified" localCategory="water" localSubCategory="unspecified" name="Nitrogen, total" unit="kg" meanValue="1.39E-4" generalComment="Runoff/leaching of fertilizers (17)," infrastructureProcess="false">
                <outputGroup>4</outputGroup>
            </exchange>
            <exchange number="13174" category="air" subCategory="low population density" localCategory="air" localSubCategory="low population density" name="Clomazone" unit="kg" meanValue="2.9E-7" generalComment="Pesticide consumption (11), Pesticide application method (13), Pesticide air emission factors (14), Pesticide vapor pressure (15), Runoff of pesticides (16)" infrastructureProcess="false">
                <outputGroup>4</outputGroup>
            </exchange>
            <exchange number="42325" category="48-49: Transportation and Warehousing" subCategory="4821: Rail Transportation" localCategory="48-49: Transportation and Warehousing" localSubCategory="4821: Rail Transportation" name="Transport, train, diesel powered" location="RNA" unit="t*km" meanValue="0.0464" generalComment="Transportation of fertilizers (400km)" infrastructureProcess="false">
                <inputGroup>5</inputGroup>
            </exchange>
            <exchange number="39520" category="air" subCategory="low population density" localCategory="air" localSubCategory="low population density" name="Glyphosate" unit="kg" meanValue="1.0E-4" generalComment="Pesticide consumption (11), Pesticide application method (13), Pesticide air emission factors (14), Pesticide vapor pressure (15), Runoff of pesticides (16)" infrastructureProcess="false">
                <outputGroup>4</outputGroup>
            </exchange>
            <exchange number="3642" category="air" subCategory="low population density" localCategory="air" localSubCategory="low population density" name="Particulates, unspecified" unit="kg" meanValue="1.18E-6" generalComment="Particulate emissions (18)" infrastructureProcess="false">
                <outputGroup>4</outputGroup>
            </exchange>
            <exchange number="7084" category="11: Agriculture, Forestry, Fishing and Hunting" subCategory="1111: Oilseed and Grain Farming" localCategory="11: Agriculture, Forestry, Fishing and Hunting" localSubCategory="1111: Oilseed and Grain Farming" name="Soybean residues, at field" location="RNA" unit="kg" meanValue="2.1" generalComment="Residue to Crop Ratio (4), C N content of residues (4). Initially an output to natur (category &quot;Others&quot;). Changed to unvalued coproduct by Pascal Lesage, 12/07" infrastructureProcess="false">
                <outputGroup>2</outputGroup>
            </exchange>
            <exchange number="12666" category="air" subCategory="low population density" localCategory="air" localSubCategory="low population density" name="Trifluralin" unit="kg" meanValue="1.63E-5" generalComment="Pesticide consumption (11), Pesticide application method (13), Pesticide air emission factors (14), Pesticide vapor pressure (15), Runoff of pesticides (16)" infrastructureProcess="false">
                <outputGroup>4</outputGroup>
            </exchange>
            <exchange number="27466" category="air" subCategory="low population density" localCategory="air" localSubCategory="low population density" name="Chlorpyrifos" unit="kg" meanValue="5.56E-7" generalComment="Pesticide consumption (11), Pesticide application method (13), Pesticide air emission factors (14), Pesticide vapor pressure (15), Runoff of pesticides (16)" infrastructureProcess="false">
                <outputGroup>4</outputGroup>
            </exchange>
            <exchange number="17066" category="22: Utilities" subCategory="2213: Water, Sewage and Other Systems" localCategory="22: Utilities" localSubCategory="2213: Water, Sewage and Other Systems" name="Natural gas, combusted in industrial boiler" location="RNA" unit="m3" meanValue="5.02E-4" generalComment="Energy consumption (10). Initially reported as MJ. Converted using the following factor: 38.0 MJ/m3." infrastructureProcess="false">
                <inputGroup>5</inputGroup>
            </exchange>
            <exchange number="15330" category="resource" subCategory="land" localCategory="resource" localSubCategory="land" name="Occupation, arable, conventional tillage" unit="m2*a" meanValue="0.957" generalComment="Planted surface (1), Tillage practices (3)" infrastructureProcess="false">
                <inputGroup>4</inputGroup>
            </exchange>
            <exchange number="33090" category="water" subCategory="unspecified" localCategory="water" localSubCategory="unspecified" name="Bentazone" unit="kg" meanValue="5.41E-8" generalComment="Pesticide consumption (11), Pesticide application method (13), Runoff of pesticides (16)" infrastructureProcess="false">
                <outputGroup>4</outputGroup>
            </exchange>
            <exchange number="7086" category="water" subCategory="unspecified" localCategory="water" localSubCategory="unspecified" name="Alachlor" unit="kg" meanValue="6.48E-8" generalComment="Pesticide consumption (11), Pesticide application method (13), Runoff of pesticides (16)" infrastructureProcess="false">
                <outputGroup>4</outputGroup>
            </exchange>
            <exchange number="11404" category="22: Utilities" subCategory="2213: Water, Sewage and Other Systems" localCategory="22: Utilities" localSubCategory="2213: Water, Sewage and Other Systems" name="Liquefied petroleum gas, combusted in industrial boiler" location="RNA" unit="m3" meanValue="7.1E-4" generalComment="Energy consumption (10). Initially reported as MJ. Converted using following factors: 50.3 MJ/kg, 1.85L/kg" infrastructureProcess="false">
                <inputGroup>5</inputGroup>
            </exchange>
            <exchange number="29334" category="11: Agriculture, Forestry, Fishing and Hunting" subCategory="1111: Oilseed and Grain Farming" localCategory="11: Agriculture, Forestry, Fishing and Hunting" localSubCategory="1111: Oilseed and Grain Farming" name="Soybean grains, at field" location="RNA" unit="kg" meanValue="1.0" generalComment="Planted surface (1), Production (1), Seed consumption (2), N in above-ground biomass (4), C content soybeans (5), Dry matter content soybeans (6)." infrastructureProcess="false">
                <outputGroup>2</outputGroup>
            </exchange>
        </flowData>
    </dataset>
</ecoSpold>
