<?xml version="1.0" encoding="UTF-8" standalone="yes"?>
<ns2:processDataSet xmlns="http://lca.jrc.it/ILCD/Common" xmlns:ns2="http://lca.jrc.it/ILCD/Process" xmlns:ns3="http://lca.jrc.it/ILCD/Flow" xmlns:ns4="http://lca.jrc.it/ILCD/Contact" xmlns:ns5="http://lca.jrc.it/ILCD/FlowProperty" xmlns:ns6="http://lca.jrc.it/ILCD/Source" xmlns:ns7="http://lca.jrc.it/ILCD/UnitGroup" xmlns:ns8="http://iai.kit.edu/ILCD/ProductModel" xmlns:ns9="http://lca.jrc.it/ILCD/Wrapper" version="1.1">
    <ns2:processInformation>
        <ns2:dataSetInformation>
            <UUID>0991445e-ac72-30ac-9bef-aefcbd6be3cd</UUID>
            <ns2:name>
                <ns2:baseName xml:lang="en">Methylene diphenyl diisocyanate resin, at plant, US PNW</ns2:baseName>
            </ns2:name>
            <ns2:classificationInformation>
                <classification>
                    <class level="0" classId="aace7bf8-a0e3-3515-8b6c-2c4211ad420b">Chemical Manufacturing</class>
                    <class level="1" classId="68275e00-777d-3b4b-9123-7b5245f22dbf">Plastics Material and Resin Manufacturing</class>
                </classification>
            </ns2:classificationInformation>
        </ns2:dataSetInformation>
        <ns2:quantitativeReference type="Reference flow(s)">
            <ns2:referenceToReferenceFlow>0</ns2:referenceToReferenceFlow>
        </ns2:quantitativeReference>
        <ns2:time xmlns:olca="http://openlca.org/ilcd-extensions" olca:startDate="946623600000" olca:endDate="946623600000">
            <referenceYear>1999</referenceYear>
            <dataSetValidUntil>1999</dataSetValidUntil>
        </ns2:time>
        <ns2:geography>
            <ns2:locationOfOperationSupplyOrProduction location="RNA" latitudeAndLongitude="58.71,-91.96">
                <ns2:descriptionOfRestrictions xml:lang="en">US Pacific North West</ns2:descriptionOfRestrictions>
            </ns2:locationOfOperationSupplyOrProduction>
        </ns2:geography>
        <ns2:technology>
            <ns2:technologyDescriptionAndIncludedProcesses xml:lang="en">typical</ns2:technologyDescriptionAndIncludedProcesses>
        </ns2:technology>
    </ns2:processInformation>
    <ns2:modellingAndValidation>
        <ns2:LCIMethodAndAllocation>
            <ns2:typeOfDataSet>Unit process, black box</ns2:typeOfDataSet>
            <ns2:LCIMethodPrinciple>Other</ns2:LCIMethodPrinciple>
        </ns2:LCIMethodAndAllocation>
        <ns2:dataSourcesTreatmentAndRepresentativeness>
            <ns2:referenceToDataSource type="source data set" refObjectId="7efd462d-1c44-35b5-abb7-d1c3b8d0a0ab" version="01.00.000" uri="../sources/7efd462d-1c44-35b5-abb7-d1c3b8d0a0ab">
                <shortDescription xml:lang="en">Dr. Jim Wilson </shortDescription>
            </ns2:referenceToDataSource>
        </ns2:dataSourcesTreatmentAndRepresentativeness>
    </ns2:modellingAndValidation>
    <ns2:administrativeInformation>
        <ns2:dataGenerator>
            <referenceToPersonOrEntityGeneratingTheDataSet type="contact data set" refObjectId="0fd3778a-1e86-3dd2-a010-0d055620ef21" version="01.00.000" uri="../contacts/0fd3778a-1e86-3dd2-a010-0d055620ef21">
                <shortDescription xml:lang="en">Jamie Meil</shortDescription>
            </referenceToPersonOrEntityGeneratingTheDataSet>
        </ns2:dataGenerator>
        <ns2:dataEntryBy>
            <timeStamp>2018-04-11T16:01:42.715-06:00</timeStamp>
            <referenceToDataSetFormat type="source data set" refObjectId="a97a0155-0234-4b87-b4ce-a45da52f2a40" version="01.01.000" uri="../sources/a97a0155-0234-4b87-b4ce-a45da52f2a40_01.01.000.xml">
                <shortDescription xml:lang="en">ILCD format</shortDescription>
            </referenceToDataSetFormat>
            <referenceToPersonOrEntityEnteringTheData type="contact data set" refObjectId="0fd3778a-1e86-3dd2-a010-0d055620ef21" version="01.00.000" uri="../contacts/0fd3778a-1e86-3dd2-a010-0d055620ef21">
                <shortDescription xml:lang="en">Jamie Meil</shortDescription>
            </referenceToPersonOrEntityEnteringTheData>
        </ns2:dataEntryBy>
        <ns2:publicationAndOwnership>
            <dateOfLastRevision>2011-07-10T03:04:53.000-06:00</dateOfLastRevision>
            <dataSetVersion>00.00.000</dataSetVersion>
            <referenceToUnchangedRepublication type="source data set" refObjectId="7efd462d-1c44-35b5-abb7-d1c3b8d0a0ab" version="01.00.000" uri="../sources/7efd462d-1c44-35b5-abb7-d1c3b8d0a0ab">
                <shortDescription xml:lang="en">Dr. Jim Wilson </shortDescription>
            </referenceToUnchangedRepublication>
            <copyright>true</copyright>
            <accessRestrictions xml:lang="en">All information can be accessed by everybody.</accessRestrictions>
        </ns2:publicationAndOwnership>
    </ns2:administrativeInformation>
    <ns2:exchanges>
        <ns2:exchange xmlns:olca="http://openlca.org/ilcd-extensions" dataSetInternalID="16" olca:unitId="20aadc24-a391-41cf-b340-3e4529f44bde" olca:propertyId="93a60a56-a3c8-11da-a746-0800200b9a66" olca:amount="1.8E-4">
            <ns2:referenceToFlowDataSet type="flow data set" refObjectId="b641465b-5594-34f2-a9f8-72ceb302de17" version="01.00.000" uri="../flows/b641465b-5594-34f2-a9f8-72ceb302de17">
                <shortDescription xml:lang="en">Particulates, unspecified</shortDescription>
            </ns2:referenceToFlowDataSet>
            <ns2:exchangeDirection>Output</ns2:exchangeDirection>
            <ns2:meanAmount>1.8E-4</ns2:meanAmount>
            <ns2:resultingAmount>1.8E-4</ns2:resultingAmount>
        </ns2:exchange>
        <ns2:exchange xmlns:olca="http://openlca.org/ilcd-extensions" dataSetInternalID="10" olca:unitId="20aadc24-a391-41cf-b340-3e4529f44bde" olca:propertyId="93a60a56-a3c8-11da-a746-0800200b9a66" olca:amount="3.7E-4">
            <ns2:referenceToFlowDataSet type="flow data set" refObjectId="6925e665-a1a2-31f2-a3d4-7890d87c9495" version="01.00.000" uri="../flows/6925e665-a1a2-31f2-a3d4-7890d87c9495">
                <shortDescription xml:lang="en">Potassium</shortDescription>
            </ns2:referenceToFlowDataSet>
            <ns2:exchangeDirection>Output</ns2:exchangeDirection>
            <ns2:meanAmount>3.7E-4</ns2:meanAmount>
            <ns2:resultingAmount>3.7E-4</ns2:resultingAmount>
        </ns2:exchange>
        <ns2:exchange xmlns:olca="http://openlca.org/ilcd-extensions" dataSetInternalID="24" olca:unitId="20aadc24-a391-41cf-b340-3e4529f44bde" olca:propertyId="93a60a56-a3c8-11da-a746-0800200b9a66" olca:amount="9.99E-7">
            <ns2:referenceToFlowDataSet type="flow data set" refObjectId="c99b594a-70e7-3b22-9fcb-bcfdefa2411c" version="01.00.000" uri="../flows/c99b594a-70e7-3b22-9fcb-bcfdefa2411c">
                <shortDescription xml:lang="en">Phenol</shortDescription>
            </ns2:referenceToFlowDataSet>
            <ns2:exchangeDirection>Output</ns2:exchangeDirection>
            <ns2:meanAmount>9.99E-7</ns2:meanAmount>
            <ns2:resultingAmount>9.99E-7</ns2:resultingAmount>
        </ns2:exchange>
        <ns2:exchange xmlns:olca="http://openlca.org/ilcd-extensions" dataSetInternalID="27" olca:unitId="1c3a9695-398d-4b1f-b07e-a8715b610f70" olca:propertyId="93a60a56-a3c8-22da-a746-0800200c9a66" olca:amount="0.91">
            <ns2:referenceToFlowDataSet type="flow data set" refObjectId="bb1dc159-fe13-3f8e-8197-361e8c770ba3" version="01.00.000" uri="../flows/bb1dc159-fe13-3f8e-8197-361e8c770ba3">
                <shortDescription xml:lang="en">Natural gas, combusted in industrial boiler</shortDescription>
            </ns2:referenceToFlowDataSet>
            <ns2:exchangeDirection>Input</ns2:exchangeDirection>
            <ns2:meanAmount>0.91</ns2:meanAmount>
            <ns2:resultingAmount>0.91</ns2:resultingAmount>
        </ns2:exchange>
        <ns2:exchange xmlns:olca="http://openlca.org/ilcd-extensions" dataSetInternalID="22" olca:unitId="20aadc24-a391-41cf-b340-3e4529f44bde" olca:propertyId="93a60a56-a3c8-11da-a746-0800200b9a66" olca:amount="6.3E-5">
            <ns2:referenceToFlowDataSet type="flow data set" refObjectId="14dde4c7-2655-3a40-897a-1a8fa48c777a" version="01.00.000" uri="../flows/14dde4c7-2655-3a40-897a-1a8fa48c777a">
                <shortDescription xml:lang="en">VOC, volatile organic compounds</shortDescription>
            </ns2:referenceToFlowDataSet>
            <ns2:exchangeDirection>Output</ns2:exchangeDirection>
            <ns2:meanAmount>6.3E-5</ns2:meanAmount>
            <ns2:resultingAmount>6.3E-5</ns2:resultingAmount>
        </ns2:exchange>
        <ns2:exchange xmlns:olca="http://openlca.org/ilcd-extensions" dataSetInternalID="8" olca:unitId="20aadc24-a391-41cf-b340-3e4529f44bde" olca:propertyId="93a60a56-a3c8-11da-a746-0800200b9a66" olca:amount="8.0E-6">
            <ns2:referenceToFlowDataSet type="flow data set" refObjectId="dc52a4db-da65-3119-8e62-70228d090990" version="01.00.000" uri="../flows/dc52a4db-da65-3119-8e62-70228d090990">
                <shortDescription xml:lang="en">Aluminum</shortDescription>
            </ns2:referenceToFlowDataSet>
            <ns2:exchangeDirection>Output</ns2:exchangeDirection>
            <ns2:meanAmount>8.0E-6</ns2:meanAmount>
            <ns2:resultingAmount>8.0E-6</ns2:resultingAmount>
        </ns2:exchange>
        <ns2:exchange xmlns:olca="http://openlca.org/ilcd-extensions" dataSetInternalID="31" olca:unitId="20aadc24-a391-41cf-b340-3e4529f44bde" olca:propertyId="93a60a56-a3c8-11da-a746-0800200b9a66" olca:amount="0.0081">
            <ns2:referenceToFlowDataSet type="flow data set" refObjectId="a3ed03de-f771-3946-94f3-a02a10d4ca74" version="01.00.000" uri="../flows/a3ed03de-f771-3946-94f3-a02a10d4ca74">
                <shortDescription xml:lang="en">Dissolved solids</shortDescription>
            </ns2:referenceToFlowDataSet>
            <ns2:exchangeDirection>Output</ns2:exchangeDirection>
            <ns2:meanAmount>0.0081</ns2:meanAmount>
            <ns2:resultingAmount>0.0081</ns2:resultingAmount>
        </ns2:exchange>
        <ns2:exchange xmlns:olca="http://openlca.org/ilcd-extensions" dataSetInternalID="18" olca:unitId="20aadc24-a391-41cf-b340-3e4529f44bde" olca:propertyId="93a60a56-a3c8-11da-a746-0800200b9a66" olca:amount="8.89E-4">
            <ns2:referenceToFlowDataSet type="flow data set" refObjectId="d25cd0b7-4fc5-3be0-88d3-2d661482fde2" version="01.00.000" uri="../flows/d25cd0b7-4fc5-3be0-88d3-2d661482fde2">
                <shortDescription xml:lang="en">Methane </shortDescription>
            </ns2:referenceToFlowDataSet>
            <ns2:exchangeDirection>Output</ns2:exchangeDirection>
            <ns2:meanAmount>8.89E-4</ns2:meanAmount>
            <ns2:resultingAmount>8.89E-4</ns2:resultingAmount>
        </ns2:exchange>
        <ns2:exchange xmlns:olca="http://openlca.org/ilcd-extensions" dataSetInternalID="13" olca:unitId="0dea4ed8-bb6b-4049-b2b4-b2c413ef2180" olca:propertyId="838aaa20-0117-11db-92e3-0800200c9a66" olca:amount="2.65">
            <ns2:referenceToFlowDataSet type="flow data set" refObjectId="2afb4e2f-b224-3900-956f-03e3f27b276b" version="01.00.000" uri="../flows/2afb4e2f-b224-3900-956f-03e3f27b276b">
                <shortDescription xml:lang="en">Transport, combination truck, average fuel mix</shortDescription>
            </ns2:referenceToFlowDataSet>
            <ns2:exchangeDirection>Input</ns2:exchangeDirection>
            <ns2:meanAmount>2.65</ns2:meanAmount>
            <ns2:resultingAmount>2.65</ns2:resultingAmount>
        </ns2:exchange>
        <ns2:exchange xmlns:olca="http://openlca.org/ilcd-extensions" dataSetInternalID="30" olca:unitId="86ad2244-1f0e-4912-af53-7865283103e4" olca:propertyId="f6811440-ee37-11de-8a39-0800200c9a66" olca:amount="1.23">
            <ns2:referenceToFlowDataSet type="flow data set" refObjectId="063de97f-fed9-351d-88bc-62062e4672fd" version="01.00.000" uri="../flows/063de97f-fed9-351d-88bc-62062e4672fd">
                <shortDescription xml:lang="en">Electricity, at grid, Western US, 2000</shortDescription>
            </ns2:referenceToFlowDataSet>
            <ns2:exchangeDirection>Input</ns2:exchangeDirection>
            <ns2:meanAmount>4.428</ns2:meanAmount>
            <ns2:resultingAmount>4.428</ns2:resultingAmount>
        </ns2:exchange>
        <ns2:exchange xmlns:olca="http://openlca.org/ilcd-extensions" dataSetInternalID="28" olca:unitId="20aadc24-a391-41cf-b340-3e4529f44bde" olca:propertyId="93a60a56-a3c8-11da-a746-0800200b9a66" olca:amount="0.0018">
            <ns2:referenceToFlowDataSet type="flow data set" refObjectId="97639605-8d88-3450-ae7d-fcd67c52622d" version="01.00.000" uri="../flows/97639605-8d88-3450-ae7d-fcd67c52622d">
                <shortDescription xml:lang="en">Hydrogen</shortDescription>
            </ns2:referenceToFlowDataSet>
            <ns2:exchangeDirection>Output</ns2:exchangeDirection>
            <ns2:meanAmount>0.0018</ns2:meanAmount>
            <ns2:resultingAmount>0.0018</ns2:resultingAmount>
        </ns2:exchange>
        <ns2:exchange xmlns:olca="http://openlca.org/ilcd-extensions" dataSetInternalID="19" olca:unitId="20aadc24-a391-41cf-b340-3e4529f44bde" olca:propertyId="93a60a56-a3c8-11da-a746-0800200b9a66" olca:amount="3.3E-4">
            <ns2:referenceToFlowDataSet type="flow data set" refObjectId="b500ed1b-1495-3d9d-b3b5-c09ca46f9d4c" version="01.00.000" uri="../flows/b500ed1b-1495-3d9d-b3b5-c09ca46f9d4c">
                <shortDescription xml:lang="en">Dissolved organic matter</shortDescription>
            </ns2:referenceToFlowDataSet>
            <ns2:exchangeDirection>Output</ns2:exchangeDirection>
            <ns2:meanAmount>3.3E-4</ns2:meanAmount>
            <ns2:resultingAmount>3.3E-4</ns2:resultingAmount>
        </ns2:exchange>
        <ns2:exchange xmlns:olca="http://openlca.org/ilcd-extensions" dataSetInternalID="5" olca:unitId="b80a512e-e402-4363-8ad0-7d02dcf4a459" olca:propertyId="93a60a56-a3c8-22da-a746-0800200c9a66" olca:amount="5.01">
            <ns2:referenceToFlowDataSet type="flow data set" refObjectId="d939590b-a0d7-310c-8952-9921ed64a078" version="01.00.000" uri="../flows/d939590b-a0d7-310c-8952-9921ed64a078">
                <shortDescription xml:lang="en">Diesel, at refinery</shortDescription>
            </ns2:referenceToFlowDataSet>
            <ns2:exchangeDirection>Input</ns2:exchangeDirection>
            <ns2:meanAmount>0.00501</ns2:meanAmount>
            <ns2:resultingAmount>0.00501</ns2:resultingAmount>
            <ns2:generalComment xml:lang="en">Used as feedstock</ns2:generalComment>
        </ns2:exchange>
        <ns2:exchange xmlns:olca="http://openlca.org/ilcd-extensions" dataSetInternalID="12" olca:unitId="20aadc24-a391-41cf-b340-3e4529f44bde" olca:propertyId="93a60a56-a3c8-11da-a746-0800200b9a66" olca:amount="0.41">
            <ns2:referenceToFlowDataSet type="flow data set" refObjectId="63af114b-afcb-3a82-801a-9c66208a673a" version="01.00.000" uri="../flows/63af114b-afcb-3a82-801a-9c66208a673a">
                <shortDescription xml:lang="en">Carbon dioxide, fossil </shortDescription>
            </ns2:referenceToFlowDataSet>
            <ns2:exchangeDirection>Output</ns2:exchangeDirection>
            <ns2:meanAmount>0.41</ns2:meanAmount>
            <ns2:resultingAmount>0.41</ns2:resultingAmount>
        </ns2:exchange>
        <ns2:exchange xmlns:olca="http://openlca.org/ilcd-extensions" dataSetInternalID="2" olca:unitId="20aadc24-a391-41cf-b340-3e4529f44bde" olca:propertyId="93a60a56-a3c8-11da-a746-0800200b9a66" olca:amount="3.4E-5">
            <ns2:referenceToFlowDataSet type="flow data set" refObjectId="442eafa0-6c75-3094-a775-a7111ce24591" version="01.00.000" uri="../flows/442eafa0-6c75-3094-a775-a7111ce24591">
                <shortDescription xml:lang="en">Acids, unspecified</shortDescription>
            </ns2:referenceToFlowDataSet>
            <ns2:exchangeDirection>Output</ns2:exchangeDirection>
            <ns2:meanAmount>3.4E-5</ns2:meanAmount>
            <ns2:resultingAmount>3.4E-5</ns2:resultingAmount>
        </ns2:exchange>
        <ns2:exchange xmlns:olca="http://openlca.org/ilcd-extensions" dataSetInternalID="21" olca:unitId="20aadc24-a391-41cf-b340-3e4529f44bde" olca:propertyId="93a60a56-a3c8-11da-a746-0800200b9a66" olca:amount="0.0053">
            <ns2:referenceToFlowDataSet type="flow data set" refObjectId="33d5907f-322f-336d-b23f-f2959923f99f" version="01.00.000" uri="../flows/33d5907f-322f-336d-b23f-f2959923f99f">
                <shortDescription xml:lang="en">COD, Chemical Oxygen Demand</shortDescription>
            </ns2:referenceToFlowDataSet>
            <ns2:exchangeDirection>Output</ns2:exchangeDirection>
            <ns2:meanAmount>0.0053</ns2:meanAmount>
            <ns2:resultingAmount>0.0053</ns2:resultingAmount>
        </ns2:exchange>
        <ns2:exchange xmlns:olca="http://openlca.org/ilcd-extensions" dataSetInternalID="3" olca:unitId="20aadc24-a391-41cf-b340-3e4529f44bde" olca:propertyId="93a60a56-a3c8-11da-a746-0800200b9a66" olca:amount="9.98E-6">
            <ns2:referenceToFlowDataSet type="flow data set" refObjectId="bd6eb54f-0d2e-3a63-a3ac-98e0cf458d35" version="01.00.000" uri="../flows/bd6eb54f-0d2e-3a63-a3ac-98e0cf458d35">
                <shortDescription xml:lang="en">Hydrogen Chloride</shortDescription>
            </ns2:referenceToFlowDataSet>
            <ns2:exchangeDirection>Output</ns2:exchangeDirection>
            <ns2:meanAmount>9.98E-6</ns2:meanAmount>
            <ns2:resultingAmount>9.98E-6</ns2:resultingAmount>
        </ns2:exchange>
        <ns2:exchange xmlns:olca="http://openlca.org/ilcd-extensions" dataSetInternalID="20" olca:unitId="20aadc24-a391-41cf-b340-3e4529f44bde" olca:propertyId="93a60a56-a3c8-11da-a746-0800200b9a66" olca:amount="5.1E-5">
            <ns2:referenceToFlowDataSet type="flow data set" refObjectId="dbe659c1-d252-37bd-a77e-a0674ded4f4a" version="01.00.000" uri="../flows/dbe659c1-d252-37bd-a77e-a0674ded4f4a">
                <shortDescription xml:lang="en">Zinc</shortDescription>
            </ns2:referenceToFlowDataSet>
            <ns2:exchangeDirection>Output</ns2:exchangeDirection>
            <ns2:meanAmount>5.1E-5</ns2:meanAmount>
            <ns2:resultingAmount>5.1E-5</ns2:resultingAmount>
        </ns2:exchange>
        <ns2:exchange xmlns:olca="http://openlca.org/ilcd-extensions" dataSetInternalID="1" olca:unitId="20aadc24-a391-41cf-b340-3e4529f44bde" olca:propertyId="93a60a56-a3c8-11da-a746-0800200b9a66" olca:amount="1.1E-4">
            <ns2:referenceToFlowDataSet type="flow data set" refObjectId="0baf0278-2f1b-369a-9a1a-839ef6ec6a22" version="01.00.000" uri="../flows/0baf0278-2f1b-369a-9a1a-839ef6ec6a22">
                <shortDescription xml:lang="en">Calcium, ion</shortDescription>
            </ns2:referenceToFlowDataSet>
            <ns2:exchangeDirection>Output</ns2:exchangeDirection>
            <ns2:meanAmount>1.1E-4</ns2:meanAmount>
            <ns2:resultingAmount>1.1E-4</ns2:resultingAmount>
        </ns2:exchange>
        <ns2:exchange xmlns:olca="http://openlca.org/ilcd-extensions" dataSetInternalID="9" olca:unitId="20aadc24-a391-41cf-b340-3e4529f44bde" olca:propertyId="93a60a56-a3c8-11da-a746-0800200b9a66" olca:amount="2.0E-4">
            <ns2:referenceToFlowDataSet type="flow data set" refObjectId="7052b271-cf8a-31bd-9d02-c15b03ed2346" version="01.00.000" uri="../flows/7052b271-cf8a-31bd-9d02-c15b03ed2346">
                <shortDescription xml:lang="en">Ammonium, ion</shortDescription>
            </ns2:referenceToFlowDataSet>
            <ns2:exchangeDirection>Output</ns2:exchangeDirection>
            <ns2:meanAmount>2.0E-4</ns2:meanAmount>
            <ns2:resultingAmount>2.0E-4</ns2:resultingAmount>
        </ns2:exchange>
        <ns2:exchange xmlns:olca="http://openlca.org/ilcd-extensions" dataSetInternalID="15" olca:unitId="20aadc24-a391-41cf-b340-3e4529f44bde" olca:propertyId="93a60a56-a3c8-11da-a746-0800200b9a66" olca:amount="1.6E-4">
            <ns2:referenceToFlowDataSet type="flow data set" refObjectId="72bda874-eece-3827-b006-cc525e8aeb2e" version="01.00.000" uri="../flows/72bda874-eece-3827-b006-cc525e8aeb2e">
                <shortDescription xml:lang="en">Organic substances, unspecified</shortDescription>
            </ns2:referenceToFlowDataSet>
            <ns2:exchangeDirection>Output</ns2:exchangeDirection>
            <ns2:meanAmount>1.6E-4</ns2:meanAmount>
            <ns2:resultingAmount>1.6E-4</ns2:resultingAmount>
        </ns2:exchange>
        <ns2:exchange xmlns:olca="http://openlca.org/ilcd-extensions" dataSetInternalID="25" olca:unitId="20aadc24-a391-41cf-b340-3e4529f44bde" olca:propertyId="93a60a56-a3c8-11da-a746-0800200b9a66" olca:amount="0.0013">
            <ns2:referenceToFlowDataSet type="flow data set" refObjectId="1827a862-ccac-37ac-9ad7-d2dffe71058c" version="01.00.000" uri="../flows/1827a862-ccac-37ac-9ad7-d2dffe71058c">
                <shortDescription xml:lang="en">Nitrogen oxides </shortDescription>
            </ns2:referenceToFlowDataSet>
            <ns2:exchangeDirection>Output</ns2:exchangeDirection>
            <ns2:meanAmount>0.0013</ns2:meanAmount>
            <ns2:resultingAmount>0.0013</ns2:resultingAmount>
        </ns2:exchange>
        <ns2:exchange xmlns:olca="http://openlca.org/ilcd-extensions" dataSetInternalID="17" olca:unitId="1c3a9695-398d-4b1f-b07e-a8715b610f70" olca:propertyId="93a60a56-a3c8-22da-a746-0800200c9a66" olca:amount="0.51">
            <ns2:referenceToFlowDataSet type="flow data set" refObjectId="bd83ce23-816f-3589-b25f-dfca03b42932" version="01.00.000" uri="../flows/bd83ce23-816f-3589-b25f-dfca03b42932">
                <shortDescription xml:lang="en">Natural gas, processed, at plant</shortDescription>
            </ns2:referenceToFlowDataSet>
            <ns2:exchangeDirection>Input</ns2:exchangeDirection>
            <ns2:meanAmount>0.51</ns2:meanAmount>
            <ns2:resultingAmount>0.51</ns2:resultingAmount>
            <ns2:generalComment xml:lang="en">Used as feedstock</ns2:generalComment>
        </ns2:exchange>
        <ns2:exchange xmlns:olca="http://openlca.org/ilcd-extensions" dataSetInternalID="0" olca:unitId="20aadc24-a391-41cf-b340-3e4529f44bde" olca:propertyId="93a60a56-a3c8-11da-a746-0800200b9a66" olca:amount="1.0">
            <ns2:referenceToFlowDataSet type="flow data set" refObjectId="964865f7-ecdf-3ba9-88bc-29746ccbf09f" version="01.00.000" uri="../flows/964865f7-ecdf-3ba9-88bc-29746ccbf09f">
                <shortDescription xml:lang="en">Methylene diphenyl diisocyanate resin, at plant, US PNW</shortDescription>
            </ns2:referenceToFlowDataSet>
            <ns2:exchangeDirection>Output</ns2:exchangeDirection>
            <ns2:meanAmount>1.0</ns2:meanAmount>
            <ns2:resultingAmount>1.0</ns2:resultingAmount>
        </ns2:exchange>
        <ns2:exchange xmlns:olca="http://openlca.org/ilcd-extensions" dataSetInternalID="32" olca:unitId="20aadc24-a391-41cf-b340-3e4529f44bde" olca:propertyId="93a60a56-a3c8-11da-a746-0800200b9a66" olca:amount="2.3E-4">
            <ns2:referenceToFlowDataSet type="flow data set" refObjectId="05c5a907-1a8b-3810-bb1a-ea297a61846a" version="01.00.000" uri="../flows/05c5a907-1a8b-3810-bb1a-ea297a61846a">
                <shortDescription xml:lang="en">Metallic ions, unspecified</shortDescription>
            </ns2:referenceToFlowDataSet>
            <ns2:exchangeDirection>Output</ns2:exchangeDirection>
            <ns2:meanAmount>2.3E-4</ns2:meanAmount>
            <ns2:resultingAmount>2.3E-4</ns2:resultingAmount>
        </ns2:exchange>
        <ns2:exchange xmlns:olca="http://openlca.org/ilcd-extensions" dataSetInternalID="14" olca:unitId="20aadc24-a391-41cf-b340-3e4529f44bde" olca:propertyId="93a60a56-a3c8-11da-a746-0800200b9a66" olca:amount="3.5E-4">
            <ns2:referenceToFlowDataSet type="flow data set" refObjectId="3398b3ee-0652-3778-a374-804cd0d7b6a6" version="01.00.000" uri="../flows/3398b3ee-0652-3778-a374-804cd0d7b6a6">
                <shortDescription xml:lang="en">Sulfur oxides</shortDescription>
            </ns2:referenceToFlowDataSet>
            <ns2:exchangeDirection>Output</ns2:exchangeDirection>
            <ns2:meanAmount>3.5E-4</ns2:meanAmount>
            <ns2:resultingAmount>3.5E-4</ns2:resultingAmount>
        </ns2:exchange>
        <ns2:exchange xmlns:olca="http://openlca.org/ilcd-extensions" dataSetInternalID="4" olca:unitId="20aadc24-a391-41cf-b340-3e4529f44bde" olca:propertyId="93a60a56-a3c8-11da-a746-0800200b9a66" olca:amount="0.027">
            <ns2:referenceToFlowDataSet type="flow data set" refObjectId="36065054-8ef1-3ba0-8c53-dbe92db75be1" version="01.00.000" uri="../flows/36065054-8ef1-3ba0-8c53-dbe92db75be1">
                <shortDescription xml:lang="en">CUTOFF Disposal, inert solid waste, to unspecified treatment</shortDescription>
            </ns2:referenceToFlowDataSet>
            <ns2:exchangeDirection>Input</ns2:exchangeDirection>
            <ns2:meanAmount>0.027</ns2:meanAmount>
            <ns2:resultingAmount>0.027</ns2:resultingAmount>
        </ns2:exchange>
        <ns2:exchange xmlns:olca="http://openlca.org/ilcd-extensions" dataSetInternalID="7" olca:unitId="20aadc24-a391-41cf-b340-3e4529f44bde" olca:propertyId="93a60a56-a3c8-11da-a746-0800200b9a66" olca:amount="0.0022">
            <ns2:referenceToFlowDataSet type="flow data set" refObjectId="91c6fb89-85ed-310b-8197-fb35a753bd97" version="01.00.000" uri="../flows/91c6fb89-85ed-310b-8197-fb35a753bd97">
                <shortDescription xml:lang="en">Suspended solids, unspecified</shortDescription>
            </ns2:referenceToFlowDataSet>
            <ns2:exchangeDirection>Output</ns2:exchangeDirection>
            <ns2:meanAmount>0.0022</ns2:meanAmount>
            <ns2:resultingAmount>0.0022</ns2:resultingAmount>
        </ns2:exchange>
        <ns2:exchange xmlns:olca="http://openlca.org/ilcd-extensions" dataSetInternalID="29" olca:unitId="20aadc24-a391-41cf-b340-3e4529f44bde" olca:propertyId="93a60a56-a3c8-11da-a746-0800200b9a66" olca:amount="8.1E-4">
            <ns2:referenceToFlowDataSet type="flow data set" refObjectId="16a0fc94-eaec-315c-9f2f-328d8833dcad" version="01.00.000" uri="../flows/16a0fc94-eaec-315c-9f2f-328d8833dcad">
                <shortDescription xml:lang="en">BOD5, Biological Oxygen Demand</shortDescription>
            </ns2:referenceToFlowDataSet>
            <ns2:exchangeDirection>Output</ns2:exchangeDirection>
            <ns2:meanAmount>8.1E-4</ns2:meanAmount>
            <ns2:resultingAmount>8.1E-4</ns2:resultingAmount>
        </ns2:exchange>
        <ns2:exchange xmlns:olca="http://openlca.org/ilcd-extensions" dataSetInternalID="33" olca:unitId="20aadc24-a391-41cf-b340-3e4529f44bde" olca:propertyId="93a60a56-a3c8-11da-a746-0800200b9a66" olca:amount="0.0061">
            <ns2:referenceToFlowDataSet type="flow data set" refObjectId="8f540c79-5d4c-3d31-82fd-42347bef721a" version="01.00.000" uri="../flows/8f540c79-5d4c-3d31-82fd-42347bef721a">
                <shortDescription xml:lang="en">Sulfate</shortDescription>
            </ns2:referenceToFlowDataSet>
            <ns2:exchangeDirection>Output</ns2:exchangeDirection>
            <ns2:meanAmount>0.0061</ns2:meanAmount>
            <ns2:resultingAmount>0.0061</ns2:resultingAmount>
        </ns2:exchange>
        <ns2:exchange xmlns:olca="http://openlca.org/ilcd-extensions" dataSetInternalID="23" olca:unitId="20aadc24-a391-41cf-b340-3e4529f44bde" olca:propertyId="93a60a56-a3c8-11da-a746-0800200b9a66" olca:amount="0.0959">
            <ns2:referenceToFlowDataSet type="flow data set" refObjectId="c0f23ce6-a65a-3146-9a84-719a4662ef2d" version="01.00.000" uri="../flows/c0f23ce6-a65a-3146-9a84-719a4662ef2d">
                <shortDescription xml:lang="en">Magnesium</shortDescription>
            </ns2:referenceToFlowDataSet>
            <ns2:exchangeDirection>Output</ns2:exchangeDirection>
            <ns2:meanAmount>0.0959</ns2:meanAmount>
            <ns2:resultingAmount>0.0959</ns2:resultingAmount>
        </ns2:exchange>
        <ns2:exchange xmlns:olca="http://openlca.org/ilcd-extensions" dataSetInternalID="6" olca:unitId="20aadc24-a391-41cf-b340-3e4529f44bde" olca:propertyId="93a60a56-a3c8-11da-a746-0800200b9a66" olca:amount="2.3E-5">
            <ns2:referenceToFlowDataSet type="flow data set" refObjectId="720a5d3b-4daa-33a0-9558-c92a65eae228" version="01.00.000" uri="../flows/720a5d3b-4daa-33a0-9558-c92a65eae228">
                <shortDescription xml:lang="en">Hydrocarbons, unspecified</shortDescription>
            </ns2:referenceToFlowDataSet>
            <ns2:exchangeDirection>Output</ns2:exchangeDirection>
            <ns2:meanAmount>2.3E-5</ns2:meanAmount>
            <ns2:resultingAmount>2.3E-5</ns2:resultingAmount>
        </ns2:exchange>
        <ns2:exchange xmlns:olca="http://openlca.org/ilcd-extensions" dataSetInternalID="11" olca:unitId="b80a512e-e402-4363-8ad0-7d02dcf4a459" olca:propertyId="93a60a56-a3c8-22da-a746-0800200c9a66" olca:amount="362.0">
            <ns2:referenceToFlowDataSet type="flow data set" refObjectId="68a9a98a-f2eb-36b2-bfaa-897da6ac6b36" version="01.00.000" uri="../flows/68a9a98a-f2eb-36b2-bfaa-897da6ac6b36">
                <shortDescription xml:lang="en">Water</shortDescription>
            </ns2:referenceToFlowDataSet>
            <ns2:exchangeDirection>Input</ns2:exchangeDirection>
            <ns2:meanAmount>0.362</ns2:meanAmount>
            <ns2:resultingAmount>0.362</ns2:resultingAmount>
        </ns2:exchange>
        <ns2:exchange xmlns:olca="http://openlca.org/ilcd-extensions" dataSetInternalID="26" olca:unitId="20aadc24-a391-41cf-b340-3e4529f44bde" olca:propertyId="93a60a56-a3c8-11da-a746-0800200b9a66" olca:amount="9.57E-4">
            <ns2:referenceToFlowDataSet type="flow data set" refObjectId="80c9c183-6e8e-3cba-a608-1d70820c3ce9" version="01.00.000" uri="../flows/80c9c183-6e8e-3cba-a608-1d70820c3ce9">
                <shortDescription xml:lang="en">Carbon monoxide</shortDescription>
            </ns2:referenceToFlowDataSet>
            <ns2:exchangeDirection>Output</ns2:exchangeDirection>
            <ns2:meanAmount>9.57E-4</ns2:meanAmount>
            <ns2:resultingAmount>9.57E-4</ns2:resultingAmount>
        </ns2:exchange>
    </ns2:exchanges>
</ns2:processDataSet>
