<?xml version="1.0" encoding="UTF-8" standalone="yes"?>
<ns2:processDataSet xmlns="http://lca.jrc.it/ILCD/Common" xmlns:ns2="http://lca.jrc.it/ILCD/Process" xmlns:ns3="http://lca.jrc.it/ILCD/Flow" xmlns:ns4="http://lca.jrc.it/ILCD/Contact" xmlns:ns5="http://lca.jrc.it/ILCD/FlowProperty" xmlns:ns6="http://lca.jrc.it/ILCD/Source" xmlns:ns7="http://lca.jrc.it/ILCD/UnitGroup" xmlns:ns8="http://iai.kit.edu/ILCD/ProductModel" xmlns:ns9="http://lca.jrc.it/ILCD/Wrapper" version="1.1">
    <ns2:processInformation>
        <ns2:dataSetInformation>
            <UUID>0bb53c29-31b1-3e8c-87ac-a2ef6793f8f2</UUID>
            <ns2:name>
                <ns2:baseName xml:lang="en">Phenol formaldehyde, at plant</ns2:baseName>
            </ns2:name>
            <ns2:classificationInformation>
                <classification>
                    <class level="0" classId="aace7bf8-a0e3-3515-8b6c-2c4211ad420b">Chemical Manufacturing</class>
                    <class level="1" classId="68275e00-777d-3b4b-9123-7b5245f22dbf">Plastics Material and Resin Manufacturing</class>
                </classification>
            </ns2:classificationInformation>
        </ns2:dataSetInformation>
        <ns2:quantitativeReference type="Reference flow(s)">
            <ns2:referenceToReferenceFlow>0</ns2:referenceToReferenceFlow>
        </ns2:quantitativeReference>
        <ns2:time xmlns:olca="http://openlca.org/ilcd-extensions" olca:startDate="253370703600000" olca:endDate="253370703600000">
            <referenceYear>9998</referenceYear>
            <dataSetValidUntil>9998</dataSetValidUntil>
        </ns2:time>
        <ns2:geography>
            <ns2:locationOfOperationSupplyOrProduction location="RNA" latitudeAndLongitude="58.71,-91.96">
                <ns2:descriptionOfRestrictions xml:lang="en">US Pacific North West</ns2:descriptionOfRestrictions>
            </ns2:locationOfOperationSupplyOrProduction>
        </ns2:geography>
        <ns2:technology>
            <ns2:technologyDescriptionAndIncludedProcesses xml:lang="en">Typical</ns2:technologyDescriptionAndIncludedProcesses>
        </ns2:technology>
    </ns2:processInformation>
    <ns2:modellingAndValidation>
        <ns2:LCIMethodAndAllocation>
            <ns2:typeOfDataSet>Unit process, black box</ns2:typeOfDataSet>
            <ns2:LCIMethodPrinciple>Other</ns2:LCIMethodPrinciple>
        </ns2:LCIMethodAndAllocation>
        <ns2:dataSourcesTreatmentAndRepresentativeness>
            <ns2:referenceToDataSource type="source data set" refObjectId="c802869a-677e-3a91-8e5d-a5774bcb76c4" version="01.00.000" uri="../sources/c802869a-677e-3a91-8e5d-a5774bcb76c4">
                <shortDescription xml:lang="en">Leonard R. Johnson </shortDescription>
            </ns2:referenceToDataSource>
            <ns2:referenceToDataSource type="source data set" refObjectId="724b4aff-88d3-32c6-b791-067bad843f8a" version="01.00.000" uri="../sources/724b4aff-88d3-32c6-b791-067bad843f8a">
                <shortDescription xml:lang="en">Maureen Puetmann </shortDescription>
            </ns2:referenceToDataSource>
            <ns2:referenceToDataSource type="source data set" refObjectId="885ddfcd-9eab-3104-b315-ef6f088242f3" version="01.00.000" uri="../sources/885ddfcd-9eab-3104-b315-ef6f088242f3">
                <shortDescription xml:lang="en">Eric T. Sackimoto </shortDescription>
            </ns2:referenceToDataSource>
        </ns2:dataSourcesTreatmentAndRepresentativeness>
    </ns2:modellingAndValidation>
    <ns2:administrativeInformation>
        <ns2:dataGenerator>
            <referenceToPersonOrEntityGeneratingTheDataSet type="contact data set" refObjectId="0fd3778a-1e86-3dd2-a010-0d055620ef21" version="01.00.000" uri="../contacts/0fd3778a-1e86-3dd2-a010-0d055620ef21">
                <shortDescription xml:lang="en">Jamie Meil</shortDescription>
            </referenceToPersonOrEntityGeneratingTheDataSet>
        </ns2:dataGenerator>
        <ns2:dataEntryBy>
            <timeStamp>2018-04-11T16:01:42.740-06:00</timeStamp>
            <referenceToDataSetFormat type="source data set" refObjectId="a97a0155-0234-4b87-b4ce-a45da52f2a40" version="01.01.000" uri="../sources/a97a0155-0234-4b87-b4ce-a45da52f2a40_01.01.000.xml">
                <shortDescription xml:lang="en">ILCD format</shortDescription>
            </referenceToDataSetFormat>
            <referenceToPersonOrEntityEnteringTheData type="contact data set" refObjectId="0fd3778a-1e86-3dd2-a010-0d055620ef21" version="01.00.000" uri="../contacts/0fd3778a-1e86-3dd2-a010-0d055620ef21">
                <shortDescription xml:lang="en">Jamie Meil</shortDescription>
            </referenceToPersonOrEntityEnteringTheData>
        </ns2:dataEntryBy>
        <ns2:publicationAndOwnership>
            <dateOfLastRevision>2011-07-10T03:19:36.000-06:00</dateOfLastRevision>
            <dataSetVersion>00.00.000</dataSetVersion>
            <referenceToUnchangedRepublication type="source data set" refObjectId="885ddfcd-9eab-3104-b315-ef6f088242f3" version="01.00.000" uri="../sources/885ddfcd-9eab-3104-b315-ef6f088242f3">
                <shortDescription xml:lang="en">Eric T. Sackimoto </shortDescription>
            </referenceToUnchangedRepublication>
            <copyright>true</copyright>
            <accessRestrictions xml:lang="en">All information can be accessed by everybody.</accessRestrictions>
        </ns2:publicationAndOwnership>
    </ns2:administrativeInformation>
    <ns2:exchanges>
        <ns2:exchange xmlns:olca="http://openlca.org/ilcd-extensions" dataSetInternalID="6" olca:unitId="86ad2244-1f0e-4912-af53-7865283103e4" olca:propertyId="f6811440-ee37-11de-8a39-0800200c9a66" olca:amount="1.42">
            <ns2:referenceToFlowDataSet type="flow data set" refObjectId="73e33e2a-67d5-31e2-8449-b6f2d7b46bb2" version="01.00.000" uri="../flows/73e33e2a-67d5-31e2-8449-b6f2d7b46bb2">
                <shortDescription xml:lang="en">Electricity, at grid, US, 2000</shortDescription>
            </ns2:referenceToFlowDataSet>
            <ns2:exchangeDirection>Input</ns2:exchangeDirection>
            <ns2:meanAmount>5.112</ns2:meanAmount>
            <ns2:resultingAmount>5.112</ns2:resultingAmount>
        </ns2:exchange>
        <ns2:exchange xmlns:olca="http://openlca.org/ilcd-extensions" dataSetInternalID="10" olca:unitId="b80a512e-e402-4363-8ad0-7d02dcf4a459" olca:propertyId="93a60a56-a3c8-22da-a746-0800200c9a66" olca:amount="3.03E-6">
            <ns2:referenceToFlowDataSet type="flow data set" refObjectId="bc38e349-1ccf-3855-a615-a4f581ab875b" version="01.00.000" uri="../flows/bc38e349-1ccf-3855-a615-a4f581ab875b">
                <shortDescription xml:lang="en">Gasoline, combusted in equipment</shortDescription>
            </ns2:referenceToFlowDataSet>
            <ns2:exchangeDirection>Input</ns2:exchangeDirection>
            <ns2:meanAmount>3.0299999999999997E-9</ns2:meanAmount>
            <ns2:resultingAmount>3.0299999999999997E-9</ns2:resultingAmount>
        </ns2:exchange>
        <ns2:exchange xmlns:olca="http://openlca.org/ilcd-extensions" dataSetInternalID="9" olca:unitId="20aadc24-a391-41cf-b340-3e4529f44bde" olca:propertyId="93a60a56-a3c8-11da-a746-0800200b9a66" olca:amount="6.71E-6">
            <ns2:referenceToFlowDataSet type="flow data set" refObjectId="14dde4c7-2655-3a40-897a-1a8fa48c777a" version="01.00.000" uri="../flows/14dde4c7-2655-3a40-897a-1a8fa48c777a">
                <shortDescription xml:lang="en">VOC, volatile organic compounds</shortDescription>
            </ns2:referenceToFlowDataSet>
            <ns2:exchangeDirection>Output</ns2:exchangeDirection>
            <ns2:meanAmount>6.71E-6</ns2:meanAmount>
            <ns2:resultingAmount>6.71E-6</ns2:resultingAmount>
        </ns2:exchange>
        <ns2:exchange xmlns:olca="http://openlca.org/ilcd-extensions" dataSetInternalID="1" olca:unitId="20aadc24-a391-41cf-b340-3e4529f44bde" olca:propertyId="93a60a56-a3c8-11da-a746-0800200b9a66" olca:amount="0.00132">
            <ns2:referenceToFlowDataSet type="flow data set" refObjectId="428037ab-78b5-389e-acb6-fb8b0c1c2bc8" version="01.00.000" uri="../flows/428037ab-78b5-389e-acb6-fb8b0c1c2bc8">
                <shortDescription xml:lang="en">Formaldehyde</shortDescription>
            </ns2:referenceToFlowDataSet>
            <ns2:exchangeDirection>Output</ns2:exchangeDirection>
            <ns2:meanAmount>0.00132</ns2:meanAmount>
            <ns2:resultingAmount>0.00132</ns2:resultingAmount>
        </ns2:exchange>
        <ns2:exchange xmlns:olca="http://openlca.org/ilcd-extensions" dataSetInternalID="7" olca:unitId="0dea4ed8-bb6b-4049-b2b4-b2c413ef2180" olca:propertyId="838aaa20-0117-11db-92e3-0800200c9a66" olca:amount="0.178">
            <ns2:referenceToFlowDataSet type="flow data set" refObjectId="2afb4e2f-b224-3900-956f-03e3f27b276b" version="01.00.000" uri="../flows/2afb4e2f-b224-3900-956f-03e3f27b276b">
                <shortDescription xml:lang="en">Transport, combination truck, average fuel mix</shortDescription>
            </ns2:referenceToFlowDataSet>
            <ns2:exchangeDirection>Input</ns2:exchangeDirection>
            <ns2:meanAmount>0.178</ns2:meanAmount>
            <ns2:resultingAmount>0.178</ns2:resultingAmount>
        </ns2:exchange>
        <ns2:exchange xmlns:olca="http://openlca.org/ilcd-extensions" dataSetInternalID="8" olca:unitId="20aadc24-a391-41cf-b340-3e4529f44bde" olca:propertyId="93a60a56-a3c8-11da-a746-0800200b9a66" olca:amount="0.00132">
            <ns2:referenceToFlowDataSet type="flow data set" refObjectId="927f6049-c89d-3bcb-a356-3451af4c668e" version="01.00.000" uri="../flows/927f6049-c89d-3bcb-a356-3451af4c668e">
                <shortDescription xml:lang="en">Phenol</shortDescription>
            </ns2:referenceToFlowDataSet>
            <ns2:exchangeDirection>Output</ns2:exchangeDirection>
            <ns2:meanAmount>0.00132</ns2:meanAmount>
            <ns2:resultingAmount>0.00132</ns2:resultingAmount>
        </ns2:exchange>
        <ns2:exchange xmlns:olca="http://openlca.org/ilcd-extensions" dataSetInternalID="2" olca:unitId="1c3a9695-398d-4b1f-b07e-a8715b610f70" olca:propertyId="93a60a56-a3c8-22da-a746-0800200c9a66" olca:amount="0.528">
            <ns2:referenceToFlowDataSet type="flow data set" refObjectId="bd83ce23-816f-3589-b25f-dfca03b42932" version="01.00.000" uri="../flows/bd83ce23-816f-3589-b25f-dfca03b42932">
                <shortDescription xml:lang="en">Natural gas, processed, at plant</shortDescription>
            </ns2:referenceToFlowDataSet>
            <ns2:exchangeDirection>Input</ns2:exchangeDirection>
            <ns2:meanAmount>0.528</ns2:meanAmount>
            <ns2:resultingAmount>0.528</ns2:resultingAmount>
        </ns2:exchange>
        <ns2:exchange xmlns:olca="http://openlca.org/ilcd-extensions" dataSetInternalID="3" olca:unitId="1c3a9695-398d-4b1f-b07e-a8715b610f70" olca:propertyId="93a60a56-a3c8-22da-a746-0800200c9a66" olca:amount="0.7">
            <ns2:referenceToFlowDataSet type="flow data set" refObjectId="bb1dc159-fe13-3f8e-8197-361e8c770ba3" version="01.00.000" uri="../flows/bb1dc159-fe13-3f8e-8197-361e8c770ba3">
                <shortDescription xml:lang="en">Natural gas, combusted in industrial boiler</shortDescription>
            </ns2:referenceToFlowDataSet>
            <ns2:exchangeDirection>Input</ns2:exchangeDirection>
            <ns2:meanAmount>0.7</ns2:meanAmount>
            <ns2:resultingAmount>0.7</ns2:resultingAmount>
        </ns2:exchange>
        <ns2:exchange xmlns:olca="http://openlca.org/ilcd-extensions" dataSetInternalID="0" olca:unitId="20aadc24-a391-41cf-b340-3e4529f44bde" olca:propertyId="93a60a56-a3c8-11da-a746-0800200b9a66" olca:amount="1.0">
            <ns2:referenceToFlowDataSet type="flow data set" refObjectId="b53bd8bb-b9b1-3c7d-812b-97adb96f8ba6" version="01.00.000" uri="../flows/b53bd8bb-b9b1-3c7d-812b-97adb96f8ba6">
                <shortDescription xml:lang="en">Phenol formaldehyde, at plant</shortDescription>
            </ns2:referenceToFlowDataSet>
            <ns2:exchangeDirection>Output</ns2:exchangeDirection>
            <ns2:meanAmount>1.0</ns2:meanAmount>
            <ns2:resultingAmount>1.0</ns2:resultingAmount>
        </ns2:exchange>
        <ns2:exchange xmlns:olca="http://openlca.org/ilcd-extensions" dataSetInternalID="4" olca:unitId="b80a512e-e402-4363-8ad0-7d02dcf4a459" olca:propertyId="93a60a56-a3c8-22da-a746-0800200c9a66" olca:amount="0.749">
            <ns2:referenceToFlowDataSet type="flow data set" refObjectId="d939590b-a0d7-310c-8952-9921ed64a078" version="01.00.000" uri="../flows/d939590b-a0d7-310c-8952-9921ed64a078">
                <shortDescription xml:lang="en">Diesel, at refinery</shortDescription>
            </ns2:referenceToFlowDataSet>
            <ns2:exchangeDirection>Input</ns2:exchangeDirection>
            <ns2:meanAmount>7.49E-4</ns2:meanAmount>
            <ns2:resultingAmount>7.49E-4</ns2:resultingAmount>
        </ns2:exchange>
        <ns2:exchange xmlns:olca="http://openlca.org/ilcd-extensions" dataSetInternalID="5" olca:unitId="b80a512e-e402-4363-8ad0-7d02dcf4a459" olca:propertyId="93a60a56-a3c8-22da-a746-0800200c9a66" olca:amount="0.0742">
            <ns2:referenceToFlowDataSet type="flow data set" refObjectId="e04995fa-935b-316c-b112-5b436c8ea3d6" version="01.00.000" uri="../flows/e04995fa-935b-316c-b112-5b436c8ea3d6">
                <shortDescription xml:lang="en">Diesel, combusted in industrial boiler</shortDescription>
            </ns2:referenceToFlowDataSet>
            <ns2:exchangeDirection>Input</ns2:exchangeDirection>
            <ns2:meanAmount>7.42E-5</ns2:meanAmount>
            <ns2:resultingAmount>7.42E-5</ns2:resultingAmount>
        </ns2:exchange>
    </ns2:exchanges>
</ns2:processDataSet>
