<?xml version="1.0" encoding="UTF-8" standalone="yes"?>
<ns2:processDataSet xmlns="http://lca.jrc.it/ILCD/Common" xmlns:ns2="http://lca.jrc.it/ILCD/Process" xmlns:ns3="http://lca.jrc.it/ILCD/Flow" xmlns:ns4="http://lca.jrc.it/ILCD/Contact" xmlns:ns5="http://lca.jrc.it/ILCD/FlowProperty" xmlns:ns6="http://lca.jrc.it/ILCD/Source" xmlns:ns7="http://lca.jrc.it/ILCD/UnitGroup" xmlns:ns8="http://iai.kit.edu/ILCD/ProductModel" xmlns:ns9="http://lca.jrc.it/ILCD/Wrapper" version="1.1">
    <ns2:processInformation>
        <ns2:dataSetInformation>
            <UUID>b04c9662-b353-3d13-a485-296acbd68840</UUID>
            <ns2:name>
                <ns2:baseName xml:lang="en">Petroleum refining, for olefins production, at plant</ns2:baseName>
            </ns2:name>
            <ns2:classificationInformation>
                <classification>
                    <class level="0" classId="aace7bf8-a0e3-3515-8b6c-2c4211ad420b">Chemical Manufacturing</class>
                    <class level="1" classId="05ee7247-d00d-304a-97e8-4a376ca05972">Petrochemical Manufacturing</class>
                </classification>
            </ns2:classificationInformation>
        </ns2:dataSetInformation>
        <ns2:quantitativeReference type="Reference flow(s)">
            <ns2:referenceToReferenceFlow>0</ns2:referenceToReferenceFlow>
        </ns2:quantitativeReference>
        <ns2:time xmlns:olca="http://openlca.org/ilcd-extensions" olca:startDate="1041318000000" olca:endDate="1041318000000">
            <referenceYear>2002</referenceYear>
            <dataSetValidUntil>2002</dataSetValidUntil>
        </ns2:time>
        <ns2:geography>
            <ns2:locationOfOperationSupplyOrProduction location="RNA" latitudeAndLongitude="58.71,-91.96">
                <ns2:descriptionOfRestrictions xml:lang="en">US</ns2:descriptionOfRestrictions>
            </ns2:locationOfOperationSupplyOrProduction>
        </ns2:geography>
        <ns2:technology>
            <ns2:technologyDescriptionAndIncludedProcesses xml:lang="en">Desalting, atmospheric distillation, vacuum distillation, and hydrotreating</ns2:technologyDescriptionAndIncludedProcesses>
        </ns2:technology>
    </ns2:processInformation>
    <ns2:modellingAndValidation>
        <ns2:LCIMethodAndAllocation>
            <ns2:typeOfDataSet>Unit process, black box</ns2:typeOfDataSet>
            <ns2:LCIMethodPrinciple>Other</ns2:LCIMethodPrinciple>
        </ns2:LCIMethodAndAllocation>
        <ns2:dataSourcesTreatmentAndRepresentativeness>
            <ns2:referenceToDataSource type="source data set" refObjectId="bf627fcb-bea3-3085-87ee-2d24ac940458" version="01.00.000" uri="../sources/bf627fcb-bea3-3085-87ee-2d24ac940458">
                <shortDescription xml:lang="en">THE PLASTICS DIVISION OF 
THE AMERICAN C </shortDescription>
            </ns2:referenceToDataSource>
            <ns2:samplingProcedure xml:lang="en">Data collected from secondary sources.</ns2:samplingProcedure>
        </ns2:dataSourcesTreatmentAndRepresentativeness>
    </ns2:modellingAndValidation>
    <ns2:administrativeInformation>
        <ns2:dataGenerator>
            <referenceToPersonOrEntityGeneratingTheDataSet type="contact data set" refObjectId="721bcfe4-ee92-33bc-a9bd-bbf5ba3cb52d" version="01.00.000" uri="../contacts/721bcfe4-ee92-33bc-a9bd-bbf5ba3cb52d">
                <shortDescription xml:lang="en">Franklin Associates</shortDescription>
            </referenceToPersonOrEntityGeneratingTheDataSet>
        </ns2:dataGenerator>
        <ns2:dataEntryBy>
            <timeStamp>2018-04-11T16:01:42.424-06:00</timeStamp>
            <referenceToDataSetFormat type="source data set" refObjectId="a97a0155-0234-4b87-b4ce-a45da52f2a40" version="01.01.000" uri="../sources/a97a0155-0234-4b87-b4ce-a45da52f2a40_01.01.000.xml">
                <shortDescription xml:lang="en">ILCD format</shortDescription>
            </referenceToDataSetFormat>
            <referenceToPersonOrEntityEnteringTheData type="contact data set" refObjectId="721bcfe4-ee92-33bc-a9bd-bbf5ba3cb52d" version="01.00.000" uri="../contacts/721bcfe4-ee92-33bc-a9bd-bbf5ba3cb52d">
                <shortDescription xml:lang="en">Franklin Associates</shortDescription>
            </referenceToPersonOrEntityEnteringTheData>
        </ns2:dataEntryBy>
        <ns2:publicationAndOwnership>
            <dateOfLastRevision>2011-10-26T03:48:34.000-06:00</dateOfLastRevision>
            <dataSetVersion>00.00.000</dataSetVersion>
            <referenceToUnchangedRepublication type="source data set" refObjectId="bf627fcb-bea3-3085-87ee-2d24ac940458" version="01.00.000" uri="../sources/bf627fcb-bea3-3085-87ee-2d24ac940458">
                <shortDescription xml:lang="en">THE PLASTICS DIVISION OF 
THE AMERICAN C </shortDescription>
            </referenceToUnchangedRepublication>
            <copyright>false</copyright>
            <accessRestrictions xml:lang="en">All information can be accessed by everybody.</accessRestrictions>
        </ns2:publicationAndOwnership>
    </ns2:administrativeInformation>
    <ns2:exchanges>
        <ns2:exchange xmlns:olca="http://openlca.org/ilcd-extensions" dataSetInternalID="37" olca:unitId="20aadc24-a391-41cf-b340-3e4529f44bde" olca:propertyId="93a60a56-a3c8-11da-a746-0800200b9a66" olca:amount="2.8E-5">
            <ns2:referenceToFlowDataSet type="flow data set" refObjectId="91c6fb89-85ed-310b-8197-fb35a753bd97" version="01.00.000" uri="../flows/91c6fb89-85ed-310b-8197-fb35a753bd97">
                <shortDescription xml:lang="en">Suspended solids, unspecified</shortDescription>
            </ns2:referenceToFlowDataSet>
            <ns2:exchangeDirection>Output</ns2:exchangeDirection>
            <ns2:meanAmount>2.8E-5</ns2:meanAmount>
            <ns2:resultingAmount>2.8E-5</ns2:resultingAmount>
        </ns2:exchange>
        <ns2:exchange xmlns:olca="http://openlca.org/ilcd-extensions" dataSetInternalID="21" olca:unitId="20aadc24-a391-41cf-b340-3e4529f44bde" olca:propertyId="93a60a56-a3c8-11da-a746-0800200b9a66" olca:amount="1.1E-6">
            <ns2:referenceToFlowDataSet type="flow data set" refObjectId="0ba9c977-5398-3e0f-b3c9-d922e39d7894" version="01.00.000" uri="../flows/0ba9c977-5398-3e0f-b3c9-d922e39d7894">
                <shortDescription xml:lang="en">Benzene</shortDescription>
            </ns2:referenceToFlowDataSet>
            <ns2:exchangeDirection>Output</ns2:exchangeDirection>
            <ns2:meanAmount>1.1E-6</ns2:meanAmount>
            <ns2:resultingAmount>1.1E-6</ns2:resultingAmount>
        </ns2:exchange>
        <ns2:exchange xmlns:olca="http://openlca.org/ilcd-extensions" dataSetInternalID="12" olca:unitId="20aadc24-a391-41cf-b340-3e4529f44bde" olca:propertyId="93a60a56-a3c8-11da-a746-0800200b9a66" olca:amount="6.76E-10">
            <ns2:referenceToFlowDataSet type="flow data set" refObjectId="c643d09b-c28b-3703-b6a3-c90bfe087475" version="01.00.000" uri="../flows/c643d09b-c28b-3703-b6a3-c90bfe087475">
                <shortDescription xml:lang="en">Chromium</shortDescription>
            </ns2:referenceToFlowDataSet>
            <ns2:exchangeDirection>Output</ns2:exchangeDirection>
            <ns2:meanAmount>6.76E-10</ns2:meanAmount>
            <ns2:resultingAmount>6.76E-10</ns2:resultingAmount>
        </ns2:exchange>
        <ns2:exchange xmlns:olca="http://openlca.org/ilcd-extensions" dataSetInternalID="3" olca:unitId="20aadc24-a391-41cf-b340-3e4529f44bde" olca:propertyId="93a60a56-a3c8-11da-a746-0800200b9a66" olca:amount="1.1E-5">
            <ns2:referenceToFlowDataSet type="flow data set" refObjectId="39587969-515b-3599-a403-78c461a936eb" version="01.00.000" uri="../flows/39587969-515b-3599-a403-78c461a936eb">
                <shortDescription xml:lang="en">Oils, unspecified</shortDescription>
            </ns2:referenceToFlowDataSet>
            <ns2:exchangeDirection>Output</ns2:exchangeDirection>
            <ns2:meanAmount>1.1E-5</ns2:meanAmount>
            <ns2:resultingAmount>1.1E-5</ns2:resultingAmount>
        </ns2:exchange>
        <ns2:exchange xmlns:olca="http://openlca.org/ilcd-extensions" dataSetInternalID="8" olca:unitId="20aadc24-a391-41cf-b340-3e4529f44bde" olca:propertyId="93a60a56-a3c8-11da-a746-0800200b9a66" olca:amount="0.002">
            <ns2:referenceToFlowDataSet type="flow data set" refObjectId="8fd25939-5072-3efe-a38a-8d995b9e7f2e" version="01.00.000" uri="../flows/8fd25939-5072-3efe-a38a-8d995b9e7f2e">
                <shortDescription xml:lang="en">NMVOC, non-methane volatile organic compounds, unspecified origin</shortDescription>
            </ns2:referenceToFlowDataSet>
            <ns2:exchangeDirection>Output</ns2:exchangeDirection>
            <ns2:meanAmount>0.002</ns2:meanAmount>
            <ns2:resultingAmount>0.002</ns2:resultingAmount>
        </ns2:exchange>
        <ns2:exchange xmlns:olca="http://openlca.org/ilcd-extensions" dataSetInternalID="17" olca:unitId="20aadc24-a391-41cf-b340-3e4529f44bde" olca:propertyId="93a60a56-a3c8-11da-a746-0800200b9a66" olca:amount="1.5E-5">
            <ns2:referenceToFlowDataSet type="flow data set" refObjectId="018872d0-ebce-3dfe-9552-3ff163fb468c" version="01.00.000" uri="../flows/018872d0-ebce-3dfe-9552-3ff163fb468c">
                <shortDescription xml:lang="en">Ammonia</shortDescription>
            </ns2:referenceToFlowDataSet>
            <ns2:exchangeDirection>Output</ns2:exchangeDirection>
            <ns2:meanAmount>1.5E-5</ns2:meanAmount>
            <ns2:resultingAmount>1.5E-5</ns2:resultingAmount>
        </ns2:exchange>
        <ns2:exchange xmlns:olca="http://openlca.org/ilcd-extensions" dataSetInternalID="34" olca:unitId="b80a512e-e402-4363-8ad0-7d02dcf4a459" olca:propertyId="93a60a56-a3c8-22da-a746-0800200c9a66" olca:amount="0.0272">
            <ns2:referenceToFlowDataSet type="flow data set" refObjectId="654a5cf6-185f-3d91-89ef-42442d1825e8" version="01.00.000" uri="../flows/654a5cf6-185f-3d91-89ef-42442d1825e8">
                <shortDescription xml:lang="en">Residual fuel oil, combusted in industrial boiler</shortDescription>
            </ns2:referenceToFlowDataSet>
            <ns2:exchangeDirection>Input</ns2:exchangeDirection>
            <ns2:meanAmount>2.72E-5</ns2:meanAmount>
            <ns2:resultingAmount>2.72E-5</ns2:resultingAmount>
        </ns2:exchange>
        <ns2:exchange xmlns:olca="http://openlca.org/ilcd-extensions" dataSetInternalID="36" olca:unitId="1c3a9695-398d-4b1f-b07e-a8715b610f70" olca:propertyId="93a60a56-a3c8-22da-a746-0800200c9a66" olca:amount="0.0111">
            <ns2:referenceToFlowDataSet type="flow data set" refObjectId="bb1dc159-fe13-3f8e-8197-361e8c770ba3" version="01.00.000" uri="../flows/bb1dc159-fe13-3f8e-8197-361e8c770ba3">
                <shortDescription xml:lang="en">Natural gas, combusted in industrial boiler</shortDescription>
            </ns2:referenceToFlowDataSet>
            <ns2:exchangeDirection>Input</ns2:exchangeDirection>
            <ns2:meanAmount>0.0111</ns2:meanAmount>
            <ns2:resultingAmount>0.0111</ns2:resultingAmount>
        </ns2:exchange>
        <ns2:exchange xmlns:olca="http://openlca.org/ilcd-extensions" dataSetInternalID="19" olca:unitId="20aadc24-a391-41cf-b340-3e4529f44bde" olca:propertyId="93a60a56-a3c8-11da-a746-0800200b9a66" olca:amount="2.3E-7">
            <ns2:referenceToFlowDataSet type="flow data set" refObjectId="c99b594a-70e7-3b22-9fcb-bcfdefa2411c" version="01.00.000" uri="../flows/c99b594a-70e7-3b22-9fcb-bcfdefa2411c">
                <shortDescription xml:lang="en">Phenol</shortDescription>
            </ns2:referenceToFlowDataSet>
            <ns2:exchangeDirection>Output</ns2:exchangeDirection>
            <ns2:meanAmount>2.3E-7</ns2:meanAmount>
            <ns2:resultingAmount>2.3E-7</ns2:resultingAmount>
        </ns2:exchange>
        <ns2:exchange xmlns:olca="http://openlca.org/ilcd-extensions" dataSetInternalID="39" olca:unitId="20aadc24-a391-41cf-b340-3e4529f44bde" olca:propertyId="93a60a56-a3c8-11da-a746-0800200b9a66" olca:amount="2.3E-4">
            <ns2:referenceToFlowDataSet type="flow data set" refObjectId="33d5907f-322f-336d-b23f-f2959923f99f" version="01.00.000" uri="../flows/33d5907f-322f-336d-b23f-f2959923f99f">
                <shortDescription xml:lang="en">COD, Chemical Oxygen Demand</shortDescription>
            </ns2:referenceToFlowDataSet>
            <ns2:exchangeDirection>Output</ns2:exchangeDirection>
            <ns2:meanAmount>2.3E-4</ns2:meanAmount>
            <ns2:resultingAmount>2.3E-4</ns2:resultingAmount>
        </ns2:exchange>
        <ns2:exchange xmlns:olca="http://openlca.org/ilcd-extensions" dataSetInternalID="33" olca:unitId="20aadc24-a391-41cf-b340-3e4529f44bde" olca:propertyId="93a60a56-a3c8-11da-a746-0800200b9a66" olca:amount="4.3E-9">
            <ns2:referenceToFlowDataSet type="flow data set" refObjectId="756b14c9-02cc-3903-817e-a6763a830a63" version="01.00.000" uri="../flows/756b14c9-02cc-3903-817e-a6763a830a63">
                <shortDescription xml:lang="en">Ethylene dibromide</shortDescription>
            </ns2:referenceToFlowDataSet>
            <ns2:exchangeDirection>Output</ns2:exchangeDirection>
            <ns2:meanAmount>4.3E-9</ns2:meanAmount>
            <ns2:resultingAmount>4.3E-9</ns2:resultingAmount>
        </ns2:exchange>
        <ns2:exchange xmlns:olca="http://openlca.org/ilcd-extensions" dataSetInternalID="16" olca:unitId="20aadc24-a391-41cf-b340-3e4529f44bde" olca:propertyId="93a60a56-a3c8-11da-a746-0800200b9a66" olca:amount="3.0E-9">
            <ns2:referenceToFlowDataSet type="flow data set" refObjectId="b8d7c779-e771-335b-9443-1ce11dab8237" version="01.00.000" uri="../flows/b8d7c779-e771-335b-9443-1ce11dab8237">
                <shortDescription xml:lang="en">Chromium</shortDescription>
            </ns2:referenceToFlowDataSet>
            <ns2:exchangeDirection>Output</ns2:exchangeDirection>
            <ns2:meanAmount>3.0E-9</ns2:meanAmount>
            <ns2:resultingAmount>3.0E-9</ns2:resultingAmount>
        </ns2:exchange>
        <ns2:exchange xmlns:olca="http://openlca.org/ilcd-extensions" dataSetInternalID="40" olca:unitId="20aadc24-a391-41cf-b340-3e4529f44bde" olca:propertyId="93a60a56-a3c8-11da-a746-0800200b9a66" olca:amount="0.00560421083986623">
            <ns2:referenceToFlowDataSet type="flow data set" refObjectId="838cef47-a3a6-3dce-bcb2-560991c5e95c" version="01.00.000" uri="../flows/838cef47-a3a6-3dce-bcb2-560991c5e95c">
                <shortDescription xml:lang="en">CUTOFF Disposal, solid waste, unspecified, to sanitary landfill</shortDescription>
            </ns2:referenceToFlowDataSet>
            <ns2:exchangeDirection>Input</ns2:exchangeDirection>
            <ns2:meanAmount>0.00560421083986623</ns2:meanAmount>
            <ns2:resultingAmount>0.00560421083986623</ns2:resultingAmount>
        </ns2:exchange>
        <ns2:exchange xmlns:olca="http://openlca.org/ilcd-extensions" dataSetInternalID="26" olca:unitId="20aadc24-a391-41cf-b340-3e4529f44bde" olca:propertyId="93a60a56-a3c8-11da-a746-0800200b9a66" olca:amount="9.8E-10">
            <ns2:referenceToFlowDataSet type="flow data set" refObjectId="2300c22d-fa07-34a3-81a2-6fb72e63b09c" version="01.00.000" uri="../flows/2300c22d-fa07-34a3-81a2-6fb72e63b09c">
                <shortDescription xml:lang="en">Lead</shortDescription>
            </ns2:referenceToFlowDataSet>
            <ns2:exchangeDirection>Output</ns2:exchangeDirection>
            <ns2:meanAmount>9.8E-10</ns2:meanAmount>
            <ns2:resultingAmount>9.8E-10</ns2:resultingAmount>
        </ns2:exchange>
        <ns2:exchange xmlns:olca="http://openlca.org/ilcd-extensions" dataSetInternalID="11" olca:unitId="20aadc24-a391-41cf-b340-3e4529f44bde" olca:propertyId="93a60a56-a3c8-11da-a746-0800200b9a66" olca:amount="0.0024">
            <ns2:referenceToFlowDataSet type="flow data set" refObjectId="ae4dd6ba-67a2-3884-b7ce-2f5b38c0571a" version="01.00.000" uri="../flows/ae4dd6ba-67a2-3884-b7ce-2f5b38c0571a">
                <shortDescription xml:lang="en">Particulates, &lt; 10 um </shortDescription>
            </ns2:referenceToFlowDataSet>
            <ns2:exchangeDirection>Output</ns2:exchangeDirection>
            <ns2:meanAmount>0.0024</ns2:meanAmount>
            <ns2:resultingAmount>0.0024</ns2:resultingAmount>
        </ns2:exchange>
        <ns2:exchange xmlns:olca="http://openlca.org/ilcd-extensions" dataSetInternalID="6" olca:unitId="0dea4ed8-bb6b-4049-b2b4-b2c413ef2180" olca:propertyId="838aaa20-0117-11db-92e3-0800200c9a66" olca:amount="0.652170539921939">
            <ns2:referenceToFlowDataSet type="flow data set" refObjectId="acbe5bc4-6afd-31aa-bf3f-4a3fdc491945" version="01.00.000" uri="../flows/acbe5bc4-6afd-31aa-bf3f-4a3fdc491945">
                <shortDescription xml:lang="en">Transport, pipeline, unspecified petroleum products</shortDescription>
            </ns2:referenceToFlowDataSet>
            <ns2:exchangeDirection>Input</ns2:exchangeDirection>
            <ns2:meanAmount>0.652170539921939</ns2:meanAmount>
            <ns2:resultingAmount>0.652170539921939</ns2:resultingAmount>
        </ns2:exchange>
        <ns2:exchange xmlns:olca="http://openlca.org/ilcd-extensions" dataSetInternalID="25" olca:unitId="20aadc24-a391-41cf-b340-3e4529f44bde" olca:propertyId="93a60a56-a3c8-11da-a746-0800200b9a66" olca:amount="2.2E-8">
            <ns2:referenceToFlowDataSet type="flow data set" refObjectId="66a50de2-82d3-3841-b595-02311544b582" version="01.00.000" uri="../flows/66a50de2-82d3-3841-b595-02311544b582">
                <shortDescription xml:lang="en">Methane, chlorotrifluoro-, CFC-13</shortDescription>
            </ns2:referenceToFlowDataSet>
            <ns2:exchangeDirection>Output</ns2:exchangeDirection>
            <ns2:meanAmount>2.2E-8</ns2:meanAmount>
            <ns2:resultingAmount>2.2E-8</ns2:resultingAmount>
        </ns2:exchange>
        <ns2:exchange xmlns:olca="http://openlca.org/ilcd-extensions" dataSetInternalID="13" olca:unitId="20aadc24-a391-41cf-b340-3e4529f44bde" olca:propertyId="93a60a56-a3c8-11da-a746-0800200b9a66" olca:amount="7.1E-5">
            <ns2:referenceToFlowDataSet type="flow data set" refObjectId="4c1ecfe9-347c-3704-88a1-15c21dac8d18" version="01.00.000" uri="../flows/4c1ecfe9-347c-3704-88a1-15c21dac8d18">
                <shortDescription xml:lang="en">Methane, fossil</shortDescription>
            </ns2:referenceToFlowDataSet>
            <ns2:exchangeDirection>Output</ns2:exchangeDirection>
            <ns2:meanAmount>7.1E-5</ns2:meanAmount>
            <ns2:resultingAmount>7.1E-5</ns2:resultingAmount>
        </ns2:exchange>
        <ns2:exchange xmlns:olca="http://openlca.org/ilcd-extensions" dataSetInternalID="31" olca:unitId="20aadc24-a391-41cf-b340-3e4529f44bde" olca:propertyId="93a60a56-a3c8-11da-a746-0800200b9a66" olca:amount="2.57E-10">
            <ns2:referenceToFlowDataSet type="flow data set" refObjectId="6505c252-8e98-3e73-8e2b-e49deaf2598b" version="01.00.000" uri="../flows/6505c252-8e98-3e73-8e2b-e49deaf2598b">
                <shortDescription xml:lang="en">Arsenic</shortDescription>
            </ns2:referenceToFlowDataSet>
            <ns2:exchangeDirection>Output</ns2:exchangeDirection>
            <ns2:meanAmount>2.57E-10</ns2:meanAmount>
            <ns2:resultingAmount>2.57E-10</ns2:resultingAmount>
        </ns2:exchange>
        <ns2:exchange xmlns:olca="http://openlca.org/ilcd-extensions" dataSetInternalID="27" olca:unitId="86ad2244-1f0e-4912-af53-7865283103e4" olca:propertyId="f6811440-ee37-11de-8a39-0800200c9a66" olca:amount="0.143">
            <ns2:referenceToFlowDataSet type="flow data set" refObjectId="06581fb2-1de0-3e78-8298-f37605dea142" version="01.00.000" uri="../flows/06581fb2-1de0-3e78-8298-f37605dea142">
                <shortDescription xml:lang="en">Electricity, at grid, US, 2008</shortDescription>
            </ns2:referenceToFlowDataSet>
            <ns2:exchangeDirection>Input</ns2:exchangeDirection>
            <ns2:meanAmount>0.5147999999999999</ns2:meanAmount>
            <ns2:resultingAmount>0.5147999999999999</ns2:resultingAmount>
        </ns2:exchange>
        <ns2:exchange xmlns:olca="http://openlca.org/ilcd-extensions" dataSetInternalID="15" olca:unitId="20aadc24-a391-41cf-b340-3e4529f44bde" olca:propertyId="93a60a56-a3c8-11da-a746-0800200b9a66" olca:amount="1.2E-11">
            <ns2:referenceToFlowDataSet type="flow data set" refObjectId="6996fb26-c610-3dbe-8739-20b8a01d77b3" version="01.00.000" uri="../flows/6996fb26-c610-3dbe-8739-20b8a01d77b3">
                <shortDescription xml:lang="en">Methane, tetrachloro-, CFC-10</shortDescription>
            </ns2:referenceToFlowDataSet>
            <ns2:exchangeDirection>Output</ns2:exchangeDirection>
            <ns2:meanAmount>1.2E-11</ns2:meanAmount>
            <ns2:resultingAmount>1.2E-11</ns2:resultingAmount>
        </ns2:exchange>
        <ns2:exchange xmlns:olca="http://openlca.org/ilcd-extensions" dataSetInternalID="32" olca:unitId="20aadc24-a391-41cf-b340-3e4529f44bde" olca:propertyId="93a60a56-a3c8-11da-a746-0800200b9a66" olca:amount="0.013">
            <ns2:referenceToFlowDataSet type="flow data set" refObjectId="80c9c183-6e8e-3cba-a608-1d70820c3ce9" version="01.00.000" uri="../flows/80c9c183-6e8e-3cba-a608-1d70820c3ce9">
                <shortDescription xml:lang="en">Carbon monoxide</shortDescription>
            </ns2:referenceToFlowDataSet>
            <ns2:exchangeDirection>Output</ns2:exchangeDirection>
            <ns2:meanAmount>0.013</ns2:meanAmount>
            <ns2:resultingAmount>0.013</ns2:resultingAmount>
        </ns2:exchange>
        <ns2:exchange xmlns:olca="http://openlca.org/ilcd-extensions" dataSetInternalID="5" olca:unitId="0dea4ed8-bb6b-4049-b2b4-b2c413ef2180" olca:propertyId="838aaa20-0117-11db-92e3-0800200c9a66" olca:amount="2.88147846822302E-4">
            <ns2:referenceToFlowDataSet type="flow data set" refObjectId="a1242640-8306-366c-9c55-6dfd23e77bd7" version="01.00.000" uri="../flows/a1242640-8306-366c-9c55-6dfd23e77bd7">
                <shortDescription xml:lang="en">Transport, barge, diesel powered</shortDescription>
            </ns2:referenceToFlowDataSet>
            <ns2:exchangeDirection>Input</ns2:exchangeDirection>
            <ns2:meanAmount>2.88147846822302E-4</ns2:meanAmount>
            <ns2:resultingAmount>2.88147846822302E-4</ns2:resultingAmount>
            <ns2:generalComment xml:lang="en">Values for barge transport are calculated based on average fuel consumption rates as reported in Transportation Energy Data Book: Edition 22 from Oak Ridge National Laboratory, September 2002: 22% of barges use diesel fuel in their engines, 78% use residual oil to generate steam for steam turbines, and a barge that consumes residual oil consumes 3.4 gallons per 1,000 ton-miles </ns2:generalComment>
        </ns2:exchange>
        <ns2:exchange xmlns:olca="http://openlca.org/ilcd-extensions" dataSetInternalID="41" olca:unitId="0dea4ed8-bb6b-4049-b2b4-b2c413ef2180" olca:propertyId="838aaa20-0117-11db-92e3-0800200c9a66" olca:amount="0.489877227421113">
            <ns2:referenceToFlowDataSet type="flow data set" refObjectId="bdfa087f-b7fe-30da-8912-66722f328da6" version="01.00.000" uri="../flows/bdfa087f-b7fe-30da-8912-66722f328da6">
                <shortDescription xml:lang="en">Transport, ocean freighter, diesel powered</shortDescription>
            </ns2:referenceToFlowDataSet>
            <ns2:exchangeDirection>Input</ns2:exchangeDirection>
            <ns2:meanAmount>0.489877227421113</ns2:meanAmount>
            <ns2:resultingAmount>0.489877227421113</ns2:resultingAmount>
            <ns2:generalComment xml:lang="en">Values for ocean freighter transport are calculated based on average fuel consumption rates as determined from a personal communication with Rich Sonnenschein, U.S. Department of Transportation, Maritime Administration in February 2004: 10% of ocean freighters use diesel fuel, 90% use residual fuel, and a freighter that consumes residual fuel consumes 1.9 gallons per 1,000 ton-miles</ns2:generalComment>
        </ns2:exchange>
        <ns2:exchange xmlns:olca="http://openlca.org/ilcd-extensions" dataSetInternalID="28" olca:unitId="20aadc24-a391-41cf-b340-3e4529f44bde" olca:propertyId="93a60a56-a3c8-11da-a746-0800200b9a66" olca:amount="0.0024">
            <ns2:referenceToFlowDataSet type="flow data set" refObjectId="3398b3ee-0652-3778-a374-804cd0d7b6a6" version="01.00.000" uri="../flows/3398b3ee-0652-3778-a374-804cd0d7b6a6">
                <shortDescription xml:lang="en">Sulfur oxides</shortDescription>
            </ns2:referenceToFlowDataSet>
            <ns2:exchangeDirection>Output</ns2:exchangeDirection>
            <ns2:meanAmount>0.0024</ns2:meanAmount>
            <ns2:resultingAmount>0.0024</ns2:resultingAmount>
        </ns2:exchange>
        <ns2:exchange xmlns:olca="http://openlca.org/ilcd-extensions" dataSetInternalID="9" olca:unitId="20aadc24-a391-41cf-b340-3e4529f44bde" olca:propertyId="93a60a56-a3c8-11da-a746-0800200b9a66" olca:amount="3.3E-4">
            <ns2:referenceToFlowDataSet type="flow data set" refObjectId="1827a862-ccac-37ac-9ad7-d2dffe71058c" version="01.00.000" uri="../flows/1827a862-ccac-37ac-9ad7-d2dffe71058c">
                <shortDescription xml:lang="en">Nitrogen oxides </shortDescription>
            </ns2:referenceToFlowDataSet>
            <ns2:exchangeDirection>Output</ns2:exchangeDirection>
            <ns2:meanAmount>3.3E-4</ns2:meanAmount>
            <ns2:resultingAmount>3.3E-4</ns2:resultingAmount>
        </ns2:exchange>
        <ns2:exchange xmlns:olca="http://openlca.org/ilcd-extensions" dataSetInternalID="38" olca:unitId="20aadc24-a391-41cf-b340-3e4529f44bde" olca:propertyId="93a60a56-a3c8-11da-a746-0800200b9a66" olca:amount="2.5E-4">
            <ns2:referenceToFlowDataSet type="flow data set" refObjectId="63af114b-afcb-3a82-801a-9c66208a673a" version="01.00.000" uri="../flows/63af114b-afcb-3a82-801a-9c66208a673a">
                <shortDescription xml:lang="en">Carbon dioxide, fossil </shortDescription>
            </ns2:referenceToFlowDataSet>
            <ns2:exchangeDirection>Output</ns2:exchangeDirection>
            <ns2:meanAmount>2.5E-4</ns2:meanAmount>
            <ns2:resultingAmount>2.5E-4</ns2:resultingAmount>
        </ns2:exchange>
        <ns2:exchange xmlns:olca="http://openlca.org/ilcd-extensions" dataSetInternalID="24" olca:unitId="20aadc24-a391-41cf-b340-3e4529f44bde" olca:propertyId="93a60a56-a3c8-11da-a746-0800200b9a66" olca:amount="6.0E-11">
            <ns2:referenceToFlowDataSet type="flow data set" refObjectId="984bef7c-3a39-337f-8383-93457f65d597" version="01.00.000" uri="../flows/984bef7c-3a39-337f-8383-93457f65d597">
                <shortDescription xml:lang="en">Mercury</shortDescription>
            </ns2:referenceToFlowDataSet>
            <ns2:exchangeDirection>Output</ns2:exchangeDirection>
            <ns2:meanAmount>6.0E-11</ns2:meanAmount>
            <ns2:resultingAmount>6.0E-11</ns2:resultingAmount>
        </ns2:exchange>
        <ns2:exchange xmlns:olca="http://openlca.org/ilcd-extensions" dataSetInternalID="2" olca:unitId="20aadc24-a391-41cf-b340-3e4529f44bde" olca:propertyId="93a60a56-a3c8-11da-a746-0800200b9a66" olca:amount="2.1E-5">
            <ns2:referenceToFlowDataSet type="flow data set" refObjectId="609069a0-462c-3a2e-b0a1-8f22cf9585d1" version="01.00.000" uri="../flows/609069a0-462c-3a2e-b0a1-8f22cf9585d1">
                <shortDescription xml:lang="en">Ammonia </shortDescription>
            </ns2:referenceToFlowDataSet>
            <ns2:exchangeDirection>Output</ns2:exchangeDirection>
            <ns2:meanAmount>2.1E-5</ns2:meanAmount>
            <ns2:resultingAmount>2.1E-5</ns2:resultingAmount>
        </ns2:exchange>
        <ns2:exchange xmlns:olca="http://openlca.org/ilcd-extensions" dataSetInternalID="1" olca:unitId="20aadc24-a391-41cf-b340-3e4529f44bde" olca:propertyId="93a60a56-a3c8-11da-a746-0800200b9a66" olca:amount="1.018">
            <ns2:referenceToFlowDataSet type="flow data set" refObjectId="67d71d59-8951-30d6-a5c8-2ddbe3cc92de" version="01.00.000" uri="../flows/67d71d59-8951-30d6-a5c8-2ddbe3cc92de">
                <shortDescription xml:lang="en">Crude oil, extracted</shortDescription>
            </ns2:referenceToFlowDataSet>
            <ns2:exchangeDirection>Input</ns2:exchangeDirection>
            <ns2:meanAmount>1.018</ns2:meanAmount>
            <ns2:resultingAmount>1.018</ns2:resultingAmount>
            <ns2:generalComment xml:lang="en">This weight reflects material loss at processing. INTERNAL OFFGAS USE.</ns2:generalComment>
        </ns2:exchange>
        <ns2:exchange xmlns:olca="http://openlca.org/ilcd-extensions" dataSetInternalID="18" olca:unitId="20aadc24-a391-41cf-b340-3e4529f44bde" olca:propertyId="93a60a56-a3c8-11da-a746-0800200b9a66" olca:amount="2.04E-9">
            <ns2:referenceToFlowDataSet type="flow data set" refObjectId="c699151a-d569-3534-8ac8-36d6c0615820" version="01.00.000" uri="../flows/c699151a-d569-3534-8ac8-36d6c0615820">
                <shortDescription xml:lang="en">Antimony</shortDescription>
            </ns2:referenceToFlowDataSet>
            <ns2:exchangeDirection>Output</ns2:exchangeDirection>
            <ns2:meanAmount>2.04E-9</ns2:meanAmount>
            <ns2:resultingAmount>2.04E-9</ns2:resultingAmount>
        </ns2:exchange>
        <ns2:exchange xmlns:olca="http://openlca.org/ilcd-extensions" dataSetInternalID="14" olca:unitId="20aadc24-a391-41cf-b340-3e4529f44bde" olca:propertyId="93a60a56-a3c8-11da-a746-0800200b9a66" olca:amount="2.4E-4">
            <ns2:referenceToFlowDataSet type="flow data set" refObjectId="e10319a4-662e-3d3a-b3dc-03bbbca0e66f" version="01.00.000" uri="../flows/e10319a4-662e-3d3a-b3dc-03bbbca0e66f">
                <shortDescription xml:lang="en">Particulates, &lt; 2.5 um </shortDescription>
            </ns2:referenceToFlowDataSet>
            <ns2:exchangeDirection>Output</ns2:exchangeDirection>
            <ns2:meanAmount>2.4E-4</ns2:meanAmount>
            <ns2:resultingAmount>2.4E-4</ns2:resultingAmount>
        </ns2:exchange>
        <ns2:exchange xmlns:olca="http://openlca.org/ilcd-extensions" dataSetInternalID="0" olca:unitId="20aadc24-a391-41cf-b340-3e4529f44bde" olca:propertyId="93a60a56-a3c8-11da-a746-0800200b9a66" olca:amount="1.0">
            <ns2:referenceToFlowDataSet type="flow data set" refObjectId="3b7c9d95-04b9-3278-9a85-c153903d594c" version="01.00.000" uri="../flows/3b7c9d95-04b9-3278-9a85-c153903d594c">
                <shortDescription xml:lang="en">Petroleum refining, for olefins production, at plant</shortDescription>
            </ns2:referenceToFlowDataSet>
            <ns2:exchangeDirection>Output</ns2:exchangeDirection>
            <ns2:meanAmount>1.0</ns2:meanAmount>
            <ns2:resultingAmount>1.0</ns2:resultingAmount>
        </ns2:exchange>
        <ns2:exchange xmlns:olca="http://openlca.org/ilcd-extensions" dataSetInternalID="4" olca:unitId="20aadc24-a391-41cf-b340-3e4529f44bde" olca:propertyId="93a60a56-a3c8-11da-a746-0800200b9a66" olca:amount="5.6E-8">
            <ns2:referenceToFlowDataSet type="flow data set" refObjectId="581e3536-c3b3-3ef9-881b-3004509ec4b5" version="01.00.000" uri="../flows/581e3536-c3b3-3ef9-881b-3004509ec4b5">
                <shortDescription xml:lang="en">Polycyclic organic matter, unspecified</shortDescription>
            </ns2:referenceToFlowDataSet>
            <ns2:exchangeDirection>Output</ns2:exchangeDirection>
            <ns2:meanAmount>5.6E-8</ns2:meanAmount>
            <ns2:resultingAmount>5.6E-8</ns2:resultingAmount>
        </ns2:exchange>
        <ns2:exchange xmlns:olca="http://openlca.org/ilcd-extensions" dataSetInternalID="22" olca:unitId="20aadc24-a391-41cf-b340-3e4529f44bde" olca:propertyId="93a60a56-a3c8-11da-a746-0800200b9a66" olca:amount="1.9E-7">
            <ns2:referenceToFlowDataSet type="flow data set" refObjectId="94b59522-e080-3971-a363-f5a5d4b271df" version="01.00.000" uri="../flows/94b59522-e080-3971-a363-f5a5d4b271df">
                <shortDescription xml:lang="en">Sulfide</shortDescription>
            </ns2:referenceToFlowDataSet>
            <ns2:exchangeDirection>Output</ns2:exchangeDirection>
            <ns2:meanAmount>1.9E-7</ns2:meanAmount>
            <ns2:resultingAmount>1.9E-7</ns2:resultingAmount>
        </ns2:exchange>
        <ns2:exchange xmlns:olca="http://openlca.org/ilcd-extensions" dataSetInternalID="10" olca:unitId="20aadc24-a391-41cf-b340-3e4529f44bde" olca:propertyId="93a60a56-a3c8-11da-a746-0800200b9a66" olca:amount="5.4E-8">
            <ns2:referenceToFlowDataSet type="flow data set" refObjectId="05d25fc1-11cb-3e52-bdfc-c382779992c8" version="01.00.000" uri="../flows/05d25fc1-11cb-3e52-bdfc-c382779992c8">
                <shortDescription xml:lang="en">Vanadium</shortDescription>
            </ns2:referenceToFlowDataSet>
            <ns2:exchangeDirection>Output</ns2:exchangeDirection>
            <ns2:meanAmount>5.4E-8</ns2:meanAmount>
            <ns2:resultingAmount>5.4E-8</ns2:resultingAmount>
        </ns2:exchange>
        <ns2:exchange xmlns:olca="http://openlca.org/ilcd-extensions" dataSetInternalID="7" olca:unitId="b80a512e-e402-4363-8ad0-7d02dcf4a459" olca:propertyId="93a60a56-a3c8-22da-a746-0800200c9a66" olca:amount="0.00114922534711027">
            <ns2:referenceToFlowDataSet type="flow data set" refObjectId="f77da622-e84d-3639-8917-fcf792aaee13" version="01.00.000" uri="../flows/f77da622-e84d-3639-8917-fcf792aaee13">
                <shortDescription xml:lang="en">Liquefied petroleum gas, combusted in industrial boiler</shortDescription>
            </ns2:referenceToFlowDataSet>
            <ns2:exchangeDirection>Input</ns2:exchangeDirection>
            <ns2:meanAmount>1.14922534711027E-6</ns2:meanAmount>
            <ns2:resultingAmount>1.14922534711027E-6</ns2:resultingAmount>
        </ns2:exchange>
        <ns2:exchange xmlns:olca="http://openlca.org/ilcd-extensions" dataSetInternalID="20" olca:unitId="0dea4ed8-bb6b-4049-b2b4-b2c413ef2180" olca:propertyId="838aaa20-0117-11db-92e3-0800200c9a66" olca:amount="4.40889504679002">
            <ns2:referenceToFlowDataSet type="flow data set" refObjectId="455470fa-1a78-344b-ae09-ffa4e22c1f8b" version="01.00.000" uri="../flows/455470fa-1a78-344b-ae09-ffa4e22c1f8b">
                <shortDescription xml:lang="en">Transport, ocean freighter, residual fuel oil powered</shortDescription>
            </ns2:referenceToFlowDataSet>
            <ns2:exchangeDirection>Input</ns2:exchangeDirection>
            <ns2:meanAmount>4.40889504679002</ns2:meanAmount>
            <ns2:resultingAmount>4.40889504679002</ns2:resultingAmount>
            <ns2:generalComment xml:lang="en">Values for ocean freighter transport are calculated based on average fuel consumption rates as determined from a personal communication with Rich Sonnenschein, U.S. Department of Transportation, Maritime Administration in February 2004: 10% of ocean freighters use diesel fuel, 90% use residual fuel, and a freighter that consumes residual fuel consumes 1.9 gallons per 1,000 ton-miles</ns2:generalComment>
        </ns2:exchange>
        <ns2:exchange xmlns:olca="http://openlca.org/ilcd-extensions" dataSetInternalID="35" olca:unitId="0dea4ed8-bb6b-4049-b2b4-b2c413ef2180" olca:propertyId="838aaa20-0117-11db-92e3-0800200c9a66" olca:amount="9.58091590684154E-4">
            <ns2:referenceToFlowDataSet type="flow data set" refObjectId="c2cc68fe-1754-3468-a973-51c2f5c82fcd" version="01.00.000" uri="../flows/c2cc68fe-1754-3468-a973-51c2f5c82fcd">
                <shortDescription xml:lang="en">Transport, barge, residual fuel oil powered</shortDescription>
            </ns2:referenceToFlowDataSet>
            <ns2:exchangeDirection>Input</ns2:exchangeDirection>
            <ns2:meanAmount>9.58091590684154E-4</ns2:meanAmount>
            <ns2:resultingAmount>9.58091590684154E-4</ns2:resultingAmount>
            <ns2:generalComment xml:lang="en">Values for barge transport are calculated based on average fuel consumption rates as reported in Transportation Energy Data Book: Edition 22 from Oak Ridge National Laboratory, September 2002: 22% of barges use diesel fuel in their engines, 78% use residual oil to generate steam for steam turbines, and a barge that consumes residual oil consumes 3.4 gallons per 1,000 ton-miles </ns2:generalComment>
        </ns2:exchange>
        <ns2:exchange xmlns:olca="http://openlca.org/ilcd-extensions" dataSetInternalID="30" olca:unitId="20aadc24-a391-41cf-b340-3e4529f44bde" olca:propertyId="93a60a56-a3c8-11da-a746-0800200b9a66" olca:amount="5.75E-9">
            <ns2:referenceToFlowDataSet type="flow data set" refObjectId="33f4a26e-9b49-3487-a296-b32ebb25be8f" version="01.00.000" uri="../flows/33f4a26e-9b49-3487-a296-b32ebb25be8f">
                <shortDescription xml:lang="en">Nickel</shortDescription>
            </ns2:referenceToFlowDataSet>
            <ns2:exchangeDirection>Output</ns2:exchangeDirection>
            <ns2:meanAmount>5.75E-9</ns2:meanAmount>
            <ns2:resultingAmount>5.75E-9</ns2:resultingAmount>
        </ns2:exchange>
        <ns2:exchange xmlns:olca="http://openlca.org/ilcd-extensions" dataSetInternalID="23" olca:unitId="20aadc24-a391-41cf-b340-3e4529f44bde" olca:propertyId="93a60a56-a3c8-11da-a746-0800200b9a66" olca:amount="3.4E-5">
            <ns2:referenceToFlowDataSet type="flow data set" refObjectId="16a0fc94-eaec-315c-9f2f-328d8833dcad" version="01.00.000" uri="../flows/16a0fc94-eaec-315c-9f2f-328d8833dcad">
                <shortDescription xml:lang="en">BOD5, Biological Oxygen Demand</shortDescription>
            </ns2:referenceToFlowDataSet>
            <ns2:exchangeDirection>Output</ns2:exchangeDirection>
            <ns2:meanAmount>3.4E-5</ns2:meanAmount>
            <ns2:resultingAmount>3.4E-5</ns2:resultingAmount>
        </ns2:exchange>
        <ns2:exchange xmlns:olca="http://openlca.org/ilcd-extensions" dataSetInternalID="29" olca:unitId="20aadc24-a391-41cf-b340-3e4529f44bde" olca:propertyId="93a60a56-a3c8-11da-a746-0800200b9a66" olca:amount="1.6E-9">
            <ns2:referenceToFlowDataSet type="flow data set" refObjectId="b4cec7e5-b107-3e94-8152-1d30a754387f" version="01.00.000" uri="../flows/b4cec7e5-b107-3e94-8152-1d30a754387f">
                <shortDescription xml:lang="en">Selenium</shortDescription>
            </ns2:referenceToFlowDataSet>
            <ns2:exchangeDirection>Output</ns2:exchangeDirection>
            <ns2:meanAmount>1.6E-9</ns2:meanAmount>
            <ns2:resultingAmount>1.6E-9</ns2:resultingAmount>
        </ns2:exchange>
    </ns2:exchanges>
</ns2:processDataSet>
