{"@context":"http://greendelta.github.io/olca-schema/context.jsonld","@type":"Source","@id":"c011f41f-2586-45aa-96f8-4d61150136ad","name":"GREET 2017","description":"ANL (2017). Argonne National Laboratory. The Greenhouse gases, Regulated Emissions, and Energy use in Transportation Model (GREET) Life Cycle Model. Center for Transportation Research Energy Systems Division Argonne National Laboratory. Retrieved from:  https://greet.es.anl.gov/","version":"00.00.000","lastChange":"2019-03-29T11:21:53.731-06:00"}