<?xml version="1.0" encoding="UTF-8" standalone="yes"?>
<fp:flowPropertyDataSet xmlns:m="http://lca.jrc.it/ILCD/LCIAMethod" xmlns:common="http://lca.jrc.it/ILCD/Common" xmlns:s="http://lca.jrc.it/ILCD/Source" xmlns:c="http://lca.jrc.it/ILCD/Contact" xmlns:f="http://lca.jrc.it/ILCD/Flow" xmlns="http://lca.jrc.it/ILCD/Process" xmlns:fp="http://lca.jrc.it/ILCD/FlowProperty" xmlns:u="http://lca.jrc.it/ILCD/UnitGroup" version="1.1">
    <fp:flowPropertiesInformation>
        <fp:dataSetInformation>
            <common:UUID>93a60a56-a3c8-22da-a746-0800200c9a66</common:UUID>
            <common:name xml:lang="en">Volume</common:name>
            <fp:classificationInformation>
                <common:classification>
                    <common:class level="0" classId="87cfd36b-db77-3a88-8c0e-7102ce682690">Technical flow properties</common:class>
                </common:classification>
            </fp:classificationInformation>
        </fp:dataSetInformation>
        <fp:quantitativeReference>
            <fp:referenceToReferenceUnitGroup type="unit group data set" refObjectId="93a60a57-a3c8-12da-a746-0800200c9a66" version="01.00.000" uri="../unitgroups/93a60a57-a3c8-12da-a746-0800200c9a66">
                <common:shortDescription xml:lang="en">Units of volume</common:shortDescription>
            </fp:referenceToReferenceUnitGroup>
        </fp:quantitativeReference>
    </fp:flowPropertiesInformation>
    <fp:administrativeInformation>
        <fp:dataEntryBy>
            <common:referenceToDataSetFormat type="source data set" refObjectId="a97a0155-0234-4b87-b4ce-a45da52f2a40" version="01.01.000" uri="../sources/a97a0155-0234-4b87-b4ce-a45da52f2a40_01.01.000.xml">
                <common:shortDescription xml:lang="en">ILCD format</common:shortDescription>
            </common:referenceToDataSetFormat>
        </fp:dataEntryBy>
        <fp:publicationAndOwnership>
            <common:dataSetVersion>00.00.000</common:dataSetVersion>
            <common:permanentDataSetURI>http://openlca.org/ilcd/resource/flowproperties/93a60a56-a3c8-22da-a746-0800200c9a66</common:permanentDataSetURI>
        </fp:publicationAndOwnership>
    </fp:administrativeInformation>
</fp:flowPropertyDataSet>
