{"@context":"http://greendelta.github.io/olca-schema/context.jsonld","@type":"Process","@id":"027d304f-00e4-380e-9bba-4e6bde2d685a","name":"Solid strip and plank flooring, hardwood, E","description":"Important note: although most of the data in the US LCI database has \nundergone some sort of review, the database as a whole has not yet \nundergone a formal validation process.\nPlease email comments to lci@nrel.gov.","version":"00.00.008","lastChange":"2020-02-17T21:53:00.106-07:00","category":{"@type":"Category","@id":"eb23538a-a98e-3c3c-89fa-5961baf6c40d","name":"3219: Other Wood Product Manufacturing","categoryPath":["31-33: Manufacturing"],"categoryType":"Process"},"processType":"UNIT_PROCESS","defaultAllocationMethod":"PHYSICAL_ALLOCATION","infrastructureProcess":false,"location":{"@type":"Location","@id":"0b3b97fa-6688-3c56-88ee-4ae80ec0c3c2","name":"United States"},"processDocumentation":{"@type":"ProcessDocumentation","technologyDescription":"Average technology.","samplingDescription":"Surveys","restrictionsDescription":"All information can be accessed by everybody.","copyright":false,"validFrom":"2005-12-31-07:00","validUntil":"2005-12-31-07:00","creationDate":"2015-09-17T08:49:43.983-06:00","intendedApplication":"Only mass allocation factors are available for the multi-functional processes (disregard economic allocation factor values-they are mass allocation factors).","geographyDescription":"Eastern USA, including the following states: MN, IA, MO, WI, IL, NJ, OH, IN, MI, WV, PA, MD, DW, NJ, NY, ME, VT, NH, RI, MA, CT, VA, KY, AR, LA, MS, AL, FL,GA, NC, SC, TN, and TX","dataDocumentor":{"@type":"Actor","@id":"ae081e38-d629-3c22-86de-dbc3bb038016","name":"Maureen Puetmann"},"dataGenerator":{"@type":"Actor","@id":"ae081e38-d629-3c22-86de-dbc3bb038016","name":"Maureen Puetmann"},"publication":{"@type":"Source","@id":"2a6c1362-d233-394c-9be7-d182bd624299","name":"Steven S. Hubbard "},"sources":[{"@type":"Source","@id":"8da23a02-fd0d-380a-bbe3-c7b5d34278a8","name":"Maureen Puettmann "},{"@type":"Source","@id":"2a6c1362-d233-394c-9be7-d182bd624299","name":"Steven S. Hubbard "}]},"lastInternalId":0,"exchanges":[{"@type":"Exchange","avoidedProduct":false,"input":false,"amount":1.0,"description":"Moisture content \u003d 8%.  1m3 of finished strip/planked flooring represents on average 31.5m2 to 104 m2 of flooring at 31.7 and 9.65 mm thickness, respectively.","internalId":1,"flow":{"@type":"Flow","@id":"e612ea29-a772-3244-979c-f5bb4eaac256","name":"Solid strip and plank flooring; hardwood","categoryPath":["Technosphere Flows","31-33: Manufacturing","3219: Other Wood Product Manufacturing"],"flowType":"PRODUCT_FLOW","location":"US","refUnit":"m3"},"unit":{"@type":"Unit","@id":"1c3a9695-398d-4b1f-b07e-a8715b610f70","name":"m3"},"flowProperty":{"@type":"FlowProperty","@id":"93a60a56-a3c8-22da-a746-0800200c9a66","name":"Volume","categoryPath":["Technical flow properties"]},"quantitativeReference":true},{"@type":"Exchange","avoidedProduct":false,"input":true,"amount":6.22,"internalId":2,"flow":{"@type":"Flow","@id":"01ec7937-eea7-3830-aaf6-3be74f4d952b","name":"Water","categoryPath":["Elementary Flows","resource","water","subterranean"],"flowType":"ELEMENTARY_FLOW","refUnit":"kg"},"unit":{"@type":"Unit","@id":"20aadc24-a391-41cf-b340-3e4529f44bde","name":"kg"},"flowProperty":{"@type":"FlowProperty","@id":"93a60a56-a3c8-11da-a746-0800200b9a66","name":"Mass","categoryPath":["Technical flow properties"]}},{"@type":"Exchange","avoidedProduct":false,"input":true,"amount":433.93,"description":"Transportation of hardwood lumber over 283 km. at 8% moisture content","internalId":6,"defaultProvider":{"@type":"Process","@id":"34156f3c-28ef-33db-9ad0-6293a2aa0d52","name":"Transport, combination truck, diesel powered","categoryPath":["48-49: Transportation and Warehousing","4841: General Freight Trucking"],"processType":"UNIT_PROCESS","location":"RNA"},"flow":{"@type":"Flow","@id":"628c07ec-0802-39c1-ab88-1c62848ef436","name":"Transport, combination truck, diesel powered","categoryPath":["Technosphere Flows","48-49: Transportation and Warehousing","4841: General Freight Trucking"],"flowType":"PRODUCT_FLOW","location":"RNA","refUnit":"t*km"},"unit":{"@type":"Unit","@id":"0dea4ed8-bb6b-4049-b2b4-b2c413ef2180","name":"t*km"},"flowProperty":{"@type":"FlowProperty","@id":"838aaa20-0117-11db-92e3-0800200c9a66","name":"Goods transport (mass*distance)","categoryPath":["Technical flow properties"]}},{"@type":"Exchange","avoidedProduct":false,"input":true,"amount":0.0885,"description":"Proxy for propane. Used for onsite transportation.","internalId":5,"defaultProvider":{"@type":"Process","@id":"7b7babef-a97a-3510-88f2-ee70aa1fa03b","name":"Natural gas, combusted in industrial equipment","categoryPath":["22: Utilities","2213: Water, Sewage and Other Systems"],"processType":"UNIT_PROCESS","location":"RNA"},"flow":{"@type":"Flow","@id":"9dfc02c2-db7e-3c19-b120-165cab1a22c5","name":"Natural gas, combusted in industrial equipment, 1.357 m3/kg, 52.13 MJ/kg","categoryPath":["Technosphere Flows","22: Utilities","2213: Water, Sewage and Other Systems"],"flowType":"PRODUCT_FLOW","location":"RNA","refUnit":"m3"},"unit":{"@type":"Unit","@id":"b80a512e-e402-4363-8ad0-7d02dcf4a459","name":"l"},"flowProperty":{"@type":"FlowProperty","@id":"93a60a56-a3c8-22da-a746-0800200c9a66","name":"Volume","categoryPath":["Technical flow properties"]}},{"@type":"Exchange","avoidedProduct":false,"input":true,"amount":0.276,"description":"Includes both fuel oil and diesel for onsite transportation.","internalId":4,"defaultProvider":{"@type":"Process","@id":"d6ad7035-5498-3237-8abd-50e93b1eef89","name":"Diesel, combusted in industrial equipment","categoryPath":["22: Utilities","2213: Water, Sewage and Other Systems"],"processType":"UNIT_PROCESS","location":"RNA"},"flow":{"@type":"Flow","@id":"d815ff18-015c-3afb-be18-be03bdf325da","name":"Diesel, combusted in industrial equipment","categoryPath":["Technosphere Flows","22: Utilities","2213: Water, Sewage and Other Systems"],"flowType":"PRODUCT_FLOW","location":"RNA","refUnit":"m3"},"unit":{"@type":"Unit","@id":"b80a512e-e402-4363-8ad0-7d02dcf4a459","name":"l"},"flowProperty":{"@type":"FlowProperty","@id":"93a60a56-a3c8-22da-a746-0800200c9a66","name":"Volume","categoryPath":["Technical flow properties"]}},{"@type":"Exchange","avoidedProduct":false,"input":true,"amount":0.89,"internalId":8,"defaultProvider":{"@type":"Process","@id":"5b81b61c-4d10-3bed-9926-8a5f868f5174","name":"Natural gas, combusted in industrial boiler","categoryPath":["22: Utilities","2213: Water, Sewage and Other Systems"],"processType":"UNIT_PROCESS","location":"RNA"},"flow":{"@type":"Flow","@id":"bb1dc159-fe13-3f8e-8197-361e8c770ba3","name":"Natural gas, combusted in industrial boiler","categoryPath":["Technosphere Flows","22: Utilities","2213: Water, Sewage and Other Systems"],"flowType":"PRODUCT_FLOW","location":"RNA","refUnit":"m3"},"unit":{"@type":"Unit","@id":"1c3a9695-398d-4b1f-b07e-a8715b610f70","name":"m3"},"flowProperty":{"@type":"FlowProperty","@id":"93a60a56-a3c8-22da-a746-0800200c9a66","name":"Volume","categoryPath":["Technical flow properties"]}},{"@type":"Exchange","avoidedProduct":false,"input":false,"amount":762.75,"description":"Weight reported on an ovendry basis.  Moisture content (ovendry basis) \u003d 8%.  Wood residue includes: dry sawdust, dry planer shavings, dry trimmings, dry edgings, and dry wood flour","internalId":3,"flow":{"@type":"Flow","@id":"abb8daef-4e1b-3db7-a8e4-723bbdd497de","name":"Wood fuel; hardwood; from flooring production","categoryPath":["Technosphere Flows","31-33: Manufacturing","3219: Other Wood Product Manufacturing"],"flowType":"PRODUCT_FLOW","location":"US","refUnit":"kg"},"unit":{"@type":"Unit","@id":"20aadc24-a391-41cf-b340-3e4529f44bde","name":"kg"},"flowProperty":{"@type":"FlowProperty","@id":"93a60a56-a3c8-11da-a746-0800200b9a66","name":"Mass","categoryPath":["Technical flow properties"]}},{"@type":"Exchange","avoidedProduct":false,"input":true,"amount":0.0244,"description":"Used for onsite transportation.","internalId":12,"defaultProvider":{"@type":"Process","@id":"d3e13675-1455-375f-a557-bb8234de75ff","name":"Gasoline, combusted in equipment","categoryPath":["22: Utilities","2213: Water, Sewage and Other Systems"],"processType":"UNIT_PROCESS","location":"RNA"},"flow":{"@type":"Flow","@id":"bc38e349-1ccf-3855-a615-a4f581ab875b","name":"Gasoline, combusted in equipment","categoryPath":["Technosphere Flows","22: Utilities","2213: Water, Sewage and Other Systems"],"flowType":"PRODUCT_FLOW","location":"RNA","refUnit":"m3"},"unit":{"@type":"Unit","@id":"b80a512e-e402-4363-8ad0-7d02dcf4a459","name":"l"},"flowProperty":{"@type":"FlowProperty","@id":"93a60a56-a3c8-22da-a746-0800200c9a66","name":"Volume","categoryPath":["Technical flow properties"]}},{"@type":"Exchange","avoidedProduct":false,"input":false,"amount":0.0106,"internalId":16,"flow":{"@type":"Flow","@id":"0418b561-ecf8-33c8-9c81-225789f15bd3","name":"Particulate matter","categoryPath":["Elementary Flows","emission","air"],"flowType":"ELEMENTARY_FLOW","refUnit":"kg"},"unit":{"@type":"Unit","@id":"20aadc24-a391-41cf-b340-3e4529f44bde","name":"kg"},"flowProperty":{"@type":"FlowProperty","@id":"93a60a56-a3c8-11da-a746-0800200b9a66","name":"Mass","categoryPath":["Technical flow properties"]}},{"@type":"Exchange","avoidedProduct":false,"input":true,"amount":2.16,"description":"Based on density of 657 kg/m3/  (volume at 8% moisture content).  Mismatch with lumber from input process, which has a density \u003d 627 kg/m3 (volume at  9.6% moisture content).","internalId":13,"defaultProvider":{"@type":"Process","@id":"7423f694-8370-3bac-8937-f07e9edf8b68","name":"Sawn lumber, hardwood, rough, kiln dried, at kiln, SE","categoryPath":["31-33: Manufacturing","3211: Sawmills and Wood Preservation"],"processType":"UNIT_PROCESS","location":"US"},"flow":{"@type":"Flow","@id":"f6d2d323-e3d6-3eda-a615-25122849659c","name":"Sawn lumber; hardwood; rough; kiln dried; at kiln","categoryPath":["Technosphere Flows","31-33: Manufacturing","3211: Sawmills and Wood Preservation"],"flowType":"PRODUCT_FLOW","location":"US","refUnit":"m3"},"unit":{"@type":"Unit","@id":"1c3a9695-398d-4b1f-b07e-a8715b610f70","name":"m3"},"flowProperty":{"@type":"FlowProperty","@id":"93a60a56-a3c8-22da-a746-0800200c9a66","name":"Volume","categoryPath":["Technical flow properties"]}},{"@type":"Exchange","avoidedProduct":false,"input":false,"amount":0.01286,"description":"Water discharged to surface water and sewer.","internalId":9,"flow":{"@type":"Flow","@id":"96054103-8509-3049-a638-c4d13cc707cc","name":"Water","categoryPath":["Elementary Flows","emission","water"],"flowType":"ELEMENTARY_FLOW","refUnit":"kg"},"unit":{"@type":"Unit","@id":"20aadc24-a391-41cf-b340-3e4529f44bde","name":"kg"},"flowProperty":{"@type":"FlowProperty","@id":"93a60a56-a3c8-11da-a746-0800200b9a66","name":"Mass","categoryPath":["Technical flow properties"]}},{"@type":"Exchange","avoidedProduct":false,"input":true,"amount":13.472,"internalId":11,"defaultProvider":{"@type":"Process","@id":"e5856077-a966-4692-9d10-e747237d4fa6","name":"Electricity, Eastern US, 2014","categoryPath":["22: Utilities","2211: Electric Power Generation, Transmission and Distribution"],"processType":"UNIT_PROCESS","location":"US"},"flow":{"@type":"Flow","@id":"06581fb2-1de0-3e78-8298-f37605dea142","name":"Electricity, at grid","categoryPath":["Technosphere Flows","22: Utilities","2211: Electric Power Generation, Transmission and Distribution"],"flowType":"PRODUCT_FLOW","location":"RNA","refUnit":"MJ"},"unit":{"@type":"Unit","@id":"86ad2244-1f0e-4912-af53-7865283103e4","name":"kWh"},"flowProperty":{"@type":"FlowProperty","@id":"f6811440-ee37-11de-8a39-0800200c9a66","name":"Energy","categoryPath":["Technical flow properties"]}},{"@type":"Exchange","avoidedProduct":false,"input":true,"amount":0.15,"description":"Steel strapping used in packaging.","internalId":14,"defaultProvider":{"@type":"Process","@id":"c378e883-97fc-3714-b923-d7271b8fcbac","name":"Cold rolled sheet, steel, at plant","categoryPath":["31-33: Manufacturing","3312: Steel Product Manufacturing from Purchased Steel"],"processType":"UNIT_PROCESS","location":"RNA"},"flow":{"@type":"Flow","@id":"5d5319f2-727c-343d-aaba-32517583a0a4","name":"Cold rolled sheet, steel, at plant","categoryPath":["Technosphere Flows","31-33: Manufacturing","3311: Iron and Steel Mills and Ferroalloy Manufacturing"],"flowType":"PRODUCT_FLOW","refUnit":"kg"},"unit":{"@type":"Unit","@id":"20aadc24-a391-41cf-b340-3e4529f44bde","name":"kg"},"flowProperty":{"@type":"FlowProperty","@id":"93a60a56-a3c8-11da-a746-0800200b9a66","name":"Mass","categoryPath":["Technical flow properties"]}},{"@type":"Exchange","avoidedProduct":false,"input":true,"amount":29.17,"description":"Combustion of wood fuel produced onsite.","internalId":15,"defaultProvider":{"@type":"Process","@id":"2c6df723-416e-3164-a5f1-bb97081fc64f","name":"Wood fuel, hardwood,gen at flooring prod plant, combusted in industrial boiler, E","categoryPath":["22: Utilities","2213: Water, Sewage and Other Systems"],"processType":"UNIT_PROCESS","location":"RNA"},"flow":{"@type":"Flow","@id":"c32b394d-ee04-332c-a310-7b3f17bbb95d","name":"Wood fuel, hardwood,gen at flooring prod plant, combusted in industrial boiler, E","categoryPath":["Technosphere Flows","22: Utilities","2213: Water, Sewage and Other Systems"],"flowType":"PRODUCT_FLOW","location":"RNA","refUnit":"kg"},"unit":{"@type":"Unit","@id":"20aadc24-a391-41cf-b340-3e4529f44bde","name":"kg"},"flowProperty":{"@type":"FlowProperty","@id":"93a60a56-a3c8-11da-a746-0800200b9a66","name":"Mass","categoryPath":["Technical flow properties"]}},{"@type":"Exchange","avoidedProduct":false,"input":true,"amount":1.33,"internalId":7,"flow":{"@type":"Flow","@id":"b32ab20d-f7aa-3230-b0ee-328535268e43","name":"Disposal, fly ash, to unspecified landfill","categoryPath":["Technosphere Flows","CUTOFF Flows"],"flowType":"PRODUCT_FLOW","refUnit":"kg"},"unit":{"@type":"Unit","@id":"20aadc24-a391-41cf-b340-3e4529f44bde","name":"kg"},"flowProperty":{"@type":"FlowProperty","@id":"93a60a56-a3c8-11da-a746-0800200b9a66","name":"Mass","categoryPath":["Technical flow properties"]}},{"@type":"Exchange","avoidedProduct":false,"input":false,"amount":0.00777,"internalId":10,"flow":{"@type":"Flow","@id":"5a939c2b-cebf-3060-8862-4a8650caf6dd","name":"Particulate matter, ≤ 10μm","categoryPath":["Elementary Flows","emission","air"],"flowType":"ELEMENTARY_FLOW","refUnit":"kg"},"unit":{"@type":"Unit","@id":"20aadc24-a391-41cf-b340-3e4529f44bde","name":"kg"},"flowProperty":{"@type":"FlowProperty","@id":"93a60a56-a3c8-11da-a746-0800200b9a66","name":"Mass","categoryPath":["Technical flow properties"]}}],"allocationFactors":[{"@type":"AllocationFactor","allocationType":"CAUSAL_ALLOCATION","exchange":{"@type":"Exchange","internalId":8,"flow":{"@type":"Flow","@id":"bb1dc159-fe13-3f8e-8197-361e8c770ba3","name":"Natural gas, combusted in industrial boiler","categoryPath":["Technosphere Flows","22: Utilities","2213: Water, Sewage and Other Systems"],"flowType":"PRODUCT_FLOW","location":"RNA","refUnit":"m3"}},"product":{"@type":"Flow","@id":"e612ea29-a772-3244-979c-f5bb4eaac256","name":"Solid strip and plank flooring; hardwood","categoryPath":["Technosphere Flows","31-33: Manufacturing","3219: Other Wood Product Manufacturing"],"flowType":"PRODUCT_FLOW","location":"US","refUnit":"m3"},"value":0.475322442},{"@type":"AllocationFactor","allocationType":"CAUSAL_ALLOCATION","exchange":{"@type":"Exchange","internalId":13,"flow":{"@type":"Flow","@id":"f6d2d323-e3d6-3eda-a615-25122849659c","name":"Sawn lumber; hardwood; rough; kiln dried; at kiln","categoryPath":["Technosphere Flows","31-33: Manufacturing","3211: Sawmills and Wood Preservation"],"flowType":"PRODUCT_FLOW","location":"US","refUnit":"m3"}},"product":{"@type":"Flow","@id":"abb8daef-4e1b-3db7-a8e4-723bbdd497de","name":"Wood fuel; hardwood; from flooring production","categoryPath":["Technosphere Flows","31-33: Manufacturing","3219: Other Wood Product Manufacturing"],"flowType":"PRODUCT_FLOW","location":"US","refUnit":"kg"},"value":0.524677558},{"@type":"AllocationFactor","allocationType":"CAUSAL_ALLOCATION","exchange":{"@type":"Exchange","internalId":7,"flow":{"@type":"Flow","@id":"b32ab20d-f7aa-3230-b0ee-328535268e43","name":"Disposal, fly ash, to unspecified landfill","categoryPath":["Technosphere Flows","CUTOFF Flows"],"flowType":"PRODUCT_FLOW","refUnit":"kg"}},"product":{"@type":"Flow","@id":"abb8daef-4e1b-3db7-a8e4-723bbdd497de","name":"Wood fuel; hardwood; from flooring production","categoryPath":["Technosphere Flows","31-33: Manufacturing","3219: Other Wood Product Manufacturing"],"flowType":"PRODUCT_FLOW","location":"US","refUnit":"kg"},"value":0.524677558},{"@type":"AllocationFactor","allocationType":"CAUSAL_ALLOCATION","exchange":{"@type":"Exchange","internalId":4,"flow":{"@type":"Flow","@id":"d815ff18-015c-3afb-be18-be03bdf325da","name":"Diesel, combusted in industrial equipment","categoryPath":["Technosphere Flows","22: Utilities","2213: Water, Sewage and Other Systems"],"flowType":"PRODUCT_FLOW","location":"RNA","refUnit":"m3"}},"product":{"@type":"Flow","@id":"e612ea29-a772-3244-979c-f5bb4eaac256","name":"Solid strip and plank flooring; hardwood","categoryPath":["Technosphere Flows","31-33: Manufacturing","3219: Other Wood Product Manufacturing"],"flowType":"PRODUCT_FLOW","location":"US","refUnit":"m3"},"value":0.475322442},{"@type":"AllocationFactor","allocationType":"CAUSAL_ALLOCATION","exchange":{"@type":"Exchange","internalId":2,"flow":{"@type":"Flow","@id":"01ec7937-eea7-3830-aaf6-3be74f4d952b","name":"Water","categoryPath":["Elementary Flows","resource","water","subterranean"],"flowType":"ELEMENTARY_FLOW","refUnit":"kg"}},"product":{"@type":"Flow","@id":"abb8daef-4e1b-3db7-a8e4-723bbdd497de","name":"Wood fuel; hardwood; from flooring production","categoryPath":["Technosphere Flows","31-33: Manufacturing","3219: Other Wood Product Manufacturing"],"flowType":"PRODUCT_FLOW","location":"US","refUnit":"kg"},"value":0.524677558},{"@type":"AllocationFactor","allocationType":"CAUSAL_ALLOCATION","exchange":{"@type":"Exchange","internalId":16,"flow":{"@type":"Flow","@id":"0418b561-ecf8-33c8-9c81-225789f15bd3","name":"Particulate matter","categoryPath":["Elementary Flows","emission","air"],"flowType":"ELEMENTARY_FLOW","refUnit":"kg"}},"product":{"@type":"Flow","@id":"abb8daef-4e1b-3db7-a8e4-723bbdd497de","name":"Wood fuel; hardwood; from flooring production","categoryPath":["Technosphere Flows","31-33: Manufacturing","3219: Other Wood Product Manufacturing"],"flowType":"PRODUCT_FLOW","location":"US","refUnit":"kg"},"value":0.524677558},{"@type":"AllocationFactor","allocationType":"PHYSICAL_ALLOCATION","product":{"@type":"Flow","@id":"abb8daef-4e1b-3db7-a8e4-723bbdd497de","name":"Wood fuel; hardwood; from flooring production","categoryPath":["Technosphere Flows","31-33: Manufacturing","3219: Other Wood Product Manufacturing"],"flowType":"PRODUCT_FLOW","location":"US","refUnit":"kg"},"value":0.524677558},{"@type":"AllocationFactor","allocationType":"CAUSAL_ALLOCATION","exchange":{"@type":"Exchange","internalId":12,"flow":{"@type":"Flow","@id":"bc38e349-1ccf-3855-a615-a4f581ab875b","name":"Gasoline, combusted in equipment","categoryPath":["Technosphere Flows","22: Utilities","2213: Water, Sewage and Other Systems"],"flowType":"PRODUCT_FLOW","location":"RNA","refUnit":"m3"}},"product":{"@type":"Flow","@id":"abb8daef-4e1b-3db7-a8e4-723bbdd497de","name":"Wood fuel; hardwood; from flooring production","categoryPath":["Technosphere Flows","31-33: Manufacturing","3219: Other Wood Product Manufacturing"],"flowType":"PRODUCT_FLOW","location":"US","refUnit":"kg"},"value":0.524677558},{"@type":"AllocationFactor","allocationType":"ECONOMIC_ALLOCATION","product":{"@type":"Flow","@id":"e612ea29-a772-3244-979c-f5bb4eaac256","name":"Solid strip and plank flooring; hardwood","categoryPath":["Technosphere Flows","31-33: Manufacturing","3219: Other Wood Product Manufacturing"],"flowType":"PRODUCT_FLOW","location":"US","refUnit":"m3"},"value":0.475322442},{"@type":"AllocationFactor","allocationType":"CAUSAL_ALLOCATION","exchange":{"@type":"Exchange","internalId":7,"flow":{"@type":"Flow","@id":"b32ab20d-f7aa-3230-b0ee-328535268e43","name":"Disposal, fly ash, to unspecified landfill","categoryPath":["Technosphere Flows","CUTOFF Flows"],"flowType":"PRODUCT_FLOW","refUnit":"kg"}},"product":{"@type":"Flow","@id":"e612ea29-a772-3244-979c-f5bb4eaac256","name":"Solid strip and plank flooring; hardwood","categoryPath":["Technosphere Flows","31-33: Manufacturing","3219: Other Wood Product Manufacturing"],"flowType":"PRODUCT_FLOW","location":"US","refUnit":"m3"},"value":0.475322442},{"@type":"AllocationFactor","allocationType":"CAUSAL_ALLOCATION","exchange":{"@type":"Exchange","internalId":5,"flow":{"@type":"Flow","@id":"9dfc02c2-db7e-3c19-b120-165cab1a22c5","name":"Natural gas, combusted in industrial equipment, 1.357 m3/kg, 52.13 MJ/kg","categoryPath":["Technosphere Flows","22: Utilities","2213: Water, Sewage and Other Systems"],"flowType":"PRODUCT_FLOW","location":"RNA","refUnit":"m3"}},"product":{"@type":"Flow","@id":"abb8daef-4e1b-3db7-a8e4-723bbdd497de","name":"Wood fuel; hardwood; from flooring production","categoryPath":["Technosphere Flows","31-33: Manufacturing","3219: Other Wood Product Manufacturing"],"flowType":"PRODUCT_FLOW","location":"US","refUnit":"kg"},"value":0.524677558},{"@type":"AllocationFactor","allocationType":"CAUSAL_ALLOCATION","exchange":{"@type":"Exchange","internalId":13,"flow":{"@type":"Flow","@id":"f6d2d323-e3d6-3eda-a615-25122849659c","name":"Sawn lumber; hardwood; rough; kiln dried; at kiln","categoryPath":["Technosphere Flows","31-33: Manufacturing","3211: Sawmills and Wood Preservation"],"flowType":"PRODUCT_FLOW","location":"US","refUnit":"m3"}},"product":{"@type":"Flow","@id":"e612ea29-a772-3244-979c-f5bb4eaac256","name":"Solid strip and plank flooring; hardwood","categoryPath":["Technosphere Flows","31-33: Manufacturing","3219: Other Wood Product Manufacturing"],"flowType":"PRODUCT_FLOW","location":"US","refUnit":"m3"},"value":0.475322442},{"@type":"AllocationFactor","allocationType":"CAUSAL_ALLOCATION","exchange":{"@type":"Exchange","internalId":9,"flow":{"@type":"Flow","@id":"96054103-8509-3049-a638-c4d13cc707cc","name":"Water","categoryPath":["Elementary Flows","emission","water"],"flowType":"ELEMENTARY_FLOW","refUnit":"kg"}},"product":{"@type":"Flow","@id":"abb8daef-4e1b-3db7-a8e4-723bbdd497de","name":"Wood fuel; hardwood; from flooring production","categoryPath":["Technosphere Flows","31-33: Manufacturing","3219: Other Wood Product Manufacturing"],"flowType":"PRODUCT_FLOW","location":"US","refUnit":"kg"},"value":0.524677558},{"@type":"AllocationFactor","allocationType":"CAUSAL_ALLOCATION","exchange":{"@type":"Exchange","internalId":2,"flow":{"@type":"Flow","@id":"01ec7937-eea7-3830-aaf6-3be74f4d952b","name":"Water","categoryPath":["Elementary Flows","resource","water","subterranean"],"flowType":"ELEMENTARY_FLOW","refUnit":"kg"}},"product":{"@type":"Flow","@id":"e612ea29-a772-3244-979c-f5bb4eaac256","name":"Solid strip and plank flooring; hardwood","categoryPath":["Technosphere Flows","31-33: Manufacturing","3219: Other Wood Product Manufacturing"],"flowType":"PRODUCT_FLOW","location":"US","refUnit":"m3"},"value":0.475322442},{"@type":"AllocationFactor","allocationType":"CAUSAL_ALLOCATION","exchange":{"@type":"Exchange","internalId":10,"flow":{"@type":"Flow","@id":"5a939c2b-cebf-3060-8862-4a8650caf6dd","name":"Particulate matter, ≤ 10μm","categoryPath":["Elementary Flows","emission","air"],"flowType":"ELEMENTARY_FLOW","refUnit":"kg"}},"product":{"@type":"Flow","@id":"abb8daef-4e1b-3db7-a8e4-723bbdd497de","name":"Wood fuel; hardwood; from flooring production","categoryPath":["Technosphere Flows","31-33: Manufacturing","3219: Other Wood Product Manufacturing"],"flowType":"PRODUCT_FLOW","location":"US","refUnit":"kg"},"value":0.524677558},{"@type":"AllocationFactor","allocationType":"CAUSAL_ALLOCATION","exchange":{"@type":"Exchange","internalId":9,"flow":{"@type":"Flow","@id":"96054103-8509-3049-a638-c4d13cc707cc","name":"Water","categoryPath":["Elementary Flows","emission","water"],"flowType":"ELEMENTARY_FLOW","refUnit":"kg"}},"product":{"@type":"Flow","@id":"e612ea29-a772-3244-979c-f5bb4eaac256","name":"Solid strip and plank flooring; hardwood","categoryPath":["Technosphere Flows","31-33: Manufacturing","3219: Other Wood Product Manufacturing"],"flowType":"PRODUCT_FLOW","location":"US","refUnit":"m3"},"value":0.475322442},{"@type":"AllocationFactor","allocationType":"CAUSAL_ALLOCATION","exchange":{"@type":"Exchange","internalId":6,"flow":{"@type":"Flow","@id":"628c07ec-0802-39c1-ab88-1c62848ef436","name":"Transport, combination truck, diesel powered","categoryPath":["Technosphere Flows","48-49: Transportation and Warehousing","4841: General Freight Trucking"],"flowType":"PRODUCT_FLOW","location":"RNA","refUnit":"t*km"}},"product":{"@type":"Flow","@id":"e612ea29-a772-3244-979c-f5bb4eaac256","name":"Solid strip and plank flooring; hardwood","categoryPath":["Technosphere Flows","31-33: Manufacturing","3219: Other Wood Product Manufacturing"],"flowType":"PRODUCT_FLOW","location":"US","refUnit":"m3"},"value":0.475322442},{"@type":"AllocationFactor","allocationType":"CAUSAL_ALLOCATION","exchange":{"@type":"Exchange","internalId":14,"flow":{"@type":"Flow","@id":"5d5319f2-727c-343d-aaba-32517583a0a4","name":"Cold rolled sheet, steel, at plant","categoryPath":["Technosphere Flows","31-33: Manufacturing","3311: Iron and Steel Mills and Ferroalloy Manufacturing"],"flowType":"PRODUCT_FLOW","refUnit":"kg"}},"product":{"@type":"Flow","@id":"e612ea29-a772-3244-979c-f5bb4eaac256","name":"Solid strip and plank flooring; hardwood","categoryPath":["Technosphere Flows","31-33: Manufacturing","3219: Other Wood Product Manufacturing"],"flowType":"PRODUCT_FLOW","location":"US","refUnit":"m3"},"value":0.475322442},{"@type":"AllocationFactor","allocationType":"PHYSICAL_ALLOCATION","product":{"@type":"Flow","@id":"e612ea29-a772-3244-979c-f5bb4eaac256","name":"Solid strip and plank flooring; hardwood","categoryPath":["Technosphere Flows","31-33: Manufacturing","3219: Other Wood Product Manufacturing"],"flowType":"PRODUCT_FLOW","location":"US","refUnit":"m3"},"value":0.475322442},{"@type":"AllocationFactor","allocationType":"CAUSAL_ALLOCATION","exchange":{"@type":"Exchange","internalId":16,"flow":{"@type":"Flow","@id":"0418b561-ecf8-33c8-9c81-225789f15bd3","name":"Particulate matter","categoryPath":["Elementary Flows","emission","air"],"flowType":"ELEMENTARY_FLOW","refUnit":"kg"}},"product":{"@type":"Flow","@id":"e612ea29-a772-3244-979c-f5bb4eaac256","name":"Solid strip and plank flooring; hardwood","categoryPath":["Technosphere Flows","31-33: Manufacturing","3219: Other Wood Product Manufacturing"],"flowType":"PRODUCT_FLOW","location":"US","refUnit":"m3"},"value":0.475322442},{"@type":"AllocationFactor","allocationType":"CAUSAL_ALLOCATION","exchange":{"@type":"Exchange","internalId":5,"flow":{"@type":"Flow","@id":"9dfc02c2-db7e-3c19-b120-165cab1a22c5","name":"Natural gas, combusted in industrial equipment, 1.357 m3/kg, 52.13 MJ/kg","categoryPath":["Technosphere Flows","22: Utilities","2213: Water, Sewage and Other Systems"],"flowType":"PRODUCT_FLOW","location":"RNA","refUnit":"m3"}},"product":{"@type":"Flow","@id":"e612ea29-a772-3244-979c-f5bb4eaac256","name":"Solid strip and plank flooring; hardwood","categoryPath":["Technosphere Flows","31-33: Manufacturing","3219: Other Wood Product Manufacturing"],"flowType":"PRODUCT_FLOW","location":"US","refUnit":"m3"},"value":0.475322442},{"@type":"AllocationFactor","allocationType":"CAUSAL_ALLOCATION","exchange":{"@type":"Exchange","internalId":4,"flow":{"@type":"Flow","@id":"d815ff18-015c-3afb-be18-be03bdf325da","name":"Diesel, combusted in industrial equipment","categoryPath":["Technosphere Flows","22: Utilities","2213: Water, Sewage and Other Systems"],"flowType":"PRODUCT_FLOW","location":"RNA","refUnit":"m3"}},"product":{"@type":"Flow","@id":"abb8daef-4e1b-3db7-a8e4-723bbdd497de","name":"Wood fuel; hardwood; from flooring production","categoryPath":["Technosphere Flows","31-33: Manufacturing","3219: Other Wood Product Manufacturing"],"flowType":"PRODUCT_FLOW","location":"US","refUnit":"kg"},"value":0.524677558},{"@type":"AllocationFactor","allocationType":"ECONOMIC_ALLOCATION","product":{"@type":"Flow","@id":"abb8daef-4e1b-3db7-a8e4-723bbdd497de","name":"Wood fuel; hardwood; from flooring production","categoryPath":["Technosphere Flows","31-33: Manufacturing","3219: Other Wood Product Manufacturing"],"flowType":"PRODUCT_FLOW","location":"US","refUnit":"kg"},"value":0.524677558},{"@type":"AllocationFactor","allocationType":"CAUSAL_ALLOCATION","exchange":{"@type":"Exchange","internalId":8,"flow":{"@type":"Flow","@id":"bb1dc159-fe13-3f8e-8197-361e8c770ba3","name":"Natural gas, combusted in industrial boiler","categoryPath":["Technosphere Flows","22: Utilities","2213: Water, Sewage and Other Systems"],"flowType":"PRODUCT_FLOW","location":"RNA","refUnit":"m3"}},"product":{"@type":"Flow","@id":"abb8daef-4e1b-3db7-a8e4-723bbdd497de","name":"Wood fuel; hardwood; from flooring production","categoryPath":["Technosphere Flows","31-33: Manufacturing","3219: Other Wood Product Manufacturing"],"flowType":"PRODUCT_FLOW","location":"US","refUnit":"kg"},"value":0.524677558},{"@type":"AllocationFactor","allocationType":"CAUSAL_ALLOCATION","exchange":{"@type":"Exchange","internalId":15,"flow":{"@type":"Flow","@id":"c32b394d-ee04-332c-a310-7b3f17bbb95d","name":"Wood fuel, hardwood,gen at flooring prod plant, combusted in industrial boiler, E","categoryPath":["Technosphere Flows","22: Utilities","2213: Water, Sewage and Other Systems"],"flowType":"PRODUCT_FLOW","location":"RNA","refUnit":"kg"}},"product":{"@type":"Flow","@id":"e612ea29-a772-3244-979c-f5bb4eaac256","name":"Solid strip and plank flooring; hardwood","categoryPath":["Technosphere Flows","31-33: Manufacturing","3219: Other Wood Product Manufacturing"],"flowType":"PRODUCT_FLOW","location":"US","refUnit":"m3"},"value":0.475322442},{"@type":"AllocationFactor","allocationType":"CAUSAL_ALLOCATION","exchange":{"@type":"Exchange","internalId":14,"flow":{"@type":"Flow","@id":"5d5319f2-727c-343d-aaba-32517583a0a4","name":"Cold rolled sheet, steel, at plant","categoryPath":["Technosphere Flows","31-33: Manufacturing","3311: Iron and Steel Mills and Ferroalloy Manufacturing"],"flowType":"PRODUCT_FLOW","refUnit":"kg"}},"product":{"@type":"Flow","@id":"abb8daef-4e1b-3db7-a8e4-723bbdd497de","name":"Wood fuel; hardwood; from flooring production","categoryPath":["Technosphere Flows","31-33: Manufacturing","3219: Other Wood Product Manufacturing"],"flowType":"PRODUCT_FLOW","location":"US","refUnit":"kg"},"value":0.524677558},{"@type":"AllocationFactor","allocationType":"CAUSAL_ALLOCATION","exchange":{"@type":"Exchange","internalId":12,"flow":{"@type":"Flow","@id":"bc38e349-1ccf-3855-a615-a4f581ab875b","name":"Gasoline, combusted in equipment","categoryPath":["Technosphere Flows","22: Utilities","2213: Water, Sewage and Other Systems"],"flowType":"PRODUCT_FLOW","location":"RNA","refUnit":"m3"}},"product":{"@type":"Flow","@id":"e612ea29-a772-3244-979c-f5bb4eaac256","name":"Solid strip and plank flooring; hardwood","categoryPath":["Technosphere Flows","31-33: Manufacturing","3219: Other Wood Product Manufacturing"],"flowType":"PRODUCT_FLOW","location":"US","refUnit":"m3"},"value":0.475322442},{"@type":"AllocationFactor","allocationType":"CAUSAL_ALLOCATION","exchange":{"@type":"Exchange","internalId":6,"flow":{"@type":"Flow","@id":"628c07ec-0802-39c1-ab88-1c62848ef436","name":"Transport, combination truck, diesel powered","categoryPath":["Technosphere Flows","48-49: Transportation and Warehousing","4841: General Freight Trucking"],"flowType":"PRODUCT_FLOW","location":"RNA","refUnit":"t*km"}},"product":{"@type":"Flow","@id":"abb8daef-4e1b-3db7-a8e4-723bbdd497de","name":"Wood fuel; hardwood; from flooring production","categoryPath":["Technosphere Flows","31-33: Manufacturing","3219: Other Wood Product Manufacturing"],"flowType":"PRODUCT_FLOW","location":"US","refUnit":"kg"},"value":0.524677558},{"@type":"AllocationFactor","allocationType":"CAUSAL_ALLOCATION","exchange":{"@type":"Exchange","internalId":10,"flow":{"@type":"Flow","@id":"5a939c2b-cebf-3060-8862-4a8650caf6dd","name":"Particulate matter, ≤ 10μm","categoryPath":["Elementary Flows","emission","air"],"flowType":"ELEMENTARY_FLOW","refUnit":"kg"}},"product":{"@type":"Flow","@id":"e612ea29-a772-3244-979c-f5bb4eaac256","name":"Solid strip and plank flooring; hardwood","categoryPath":["Technosphere Flows","31-33: Manufacturing","3219: Other Wood Product Manufacturing"],"flowType":"PRODUCT_FLOW","location":"US","refUnit":"m3"},"value":0.475322442},{"@type":"AllocationFactor","allocationType":"CAUSAL_ALLOCATION","exchange":{"@type":"Exchange","internalId":11,"flow":{"@type":"Flow","@id":"06581fb2-1de0-3e78-8298-f37605dea142","name":"Electricity, at grid","categoryPath":["Technosphere Flows","22: Utilities","2211: Electric Power Generation, Transmission and Distribution"],"flowType":"PRODUCT_FLOW","location":"RNA","refUnit":"MJ"}},"product":{"@type":"Flow","@id":"abb8daef-4e1b-3db7-a8e4-723bbdd497de","name":"Wood fuel; hardwood; from flooring production","categoryPath":["Technosphere Flows","31-33: Manufacturing","3219: Other Wood Product Manufacturing"],"flowType":"PRODUCT_FLOW","location":"US","refUnit":"kg"},"value":0.524677558},{"@type":"AllocationFactor","allocationType":"CAUSAL_ALLOCATION","exchange":{"@type":"Exchange","internalId":11,"flow":{"@type":"Flow","@id":"06581fb2-1de0-3e78-8298-f37605dea142","name":"Electricity, at grid","categoryPath":["Technosphere Flows","22: Utilities","2211: Electric Power Generation, Transmission and Distribution"],"flowType":"PRODUCT_FLOW","location":"RNA","refUnit":"MJ"}},"product":{"@type":"Flow","@id":"e612ea29-a772-3244-979c-f5bb4eaac256","name":"Solid strip and plank flooring; hardwood","categoryPath":["Technosphere Flows","31-33: Manufacturing","3219: Other Wood Product Manufacturing"],"flowType":"PRODUCT_FLOW","location":"US","refUnit":"m3"},"value":0.475322442},{"@type":"AllocationFactor","allocationType":"CAUSAL_ALLOCATION","exchange":{"@type":"Exchange","internalId":15,"flow":{"@type":"Flow","@id":"c32b394d-ee04-332c-a310-7b3f17bbb95d","name":"Wood fuel, hardwood,gen at flooring prod plant, combusted in industrial boiler, E","categoryPath":["Technosphere Flows","22: Utilities","2213: Water, Sewage and Other Systems"],"flowType":"PRODUCT_FLOW","location":"RNA","refUnit":"kg"}},"product":{"@type":"Flow","@id":"abb8daef-4e1b-3db7-a8e4-723bbdd497de","name":"Wood fuel; hardwood; from flooring production","categoryPath":["Technosphere Flows","31-33: Manufacturing","3219: Other Wood Product Manufacturing"],"flowType":"PRODUCT_FLOW","location":"US","refUnit":"kg"},"value":0.524677558}]}