{"@context":"http://greendelta.github.io/olca-schema/context.jsonld","@type":"Process","@id":"0898854c-e38f-3d23-880f-f8da7d65ca0c","name":"Ethanol, denatured, switchgrass, biochemical","version":"00.00.007","lastChange":"2021-01-23T14:28:32.196-07:00","category":{"@type":"Category","@id":"0927a450-e2b2-3455-983b-42ff1ebacc3c","name":"3251: Basic Chemical Manufacturing","categoryPath":["31-33: Manufacturing"],"categoryType":"Process"},"processType":"UNIT_PROCESS","defaultAllocationMethod":"NO_ALLOCATION","infrastructureProcess":false,"location":{"@type":"Location","@id":"b320e7db-c758-3ba6-8839-81eb83c9d7d7","name":"Northern America"},"processDocumentation":{"@type":"ProcessDocumentation","timeDescription":"2009","technologyDescription":"modern","restrictionsDescription":"All information can be accessed by everybody.","copyright":false,"validFrom":"2008-12-31-07:00","validUntil":"2008-12-31-07:00","creationDate":"2015-08-20T13:32:49.978-06:00","geographyDescription":"North America","dataDocumentor":{"@type":"Actor","@id":"04ed125f-ffa7-33b1-af24-77f5bdb21a05","name":"Daniel Inman"},"dataGenerator":{"@type":"Actor","@id":"04ed125f-ffa7-33b1-af24-77f5bdb21a05","name":"Daniel Inman"},"publication":{"@type":"Source","@id":"a1d1d73e-7d93-3a6b-a3bc-3b2f4f025b86","name":"Hsu, D. "},"sources":[{"@type":"Source","@id":"a1d1d73e-7d93-3a6b-a3bc-3b2f4f025b86","name":"Hsu, D. "},{"@type":"Source","@id":"5e8e63da-4488-3b1d-98fb-446078a7cfac","name":"Hess, J. "}]},"lastInternalId":2,"exchanges":[{"@type":"Exchange","avoidedProduct":false,"input":false,"amount":26100.0,"internalId":2,"flow":{"@type":"Flow","@id":"005db14f-6fc8-32d3-95a6-c7b8b8d30fb1","name":"Ethanol, denatured, switchgrass, biochemical","categoryPath":["Technosphere Flows","31-33: Manufacturing","3251: Basic Chemical Manufacturing"],"flowType":"PRODUCT_FLOW","location":"RNA","refUnit":"kg"},"unit":{"@type":"Unit","@id":"20aadc24-a391-41cf-b340-3e4529f44bde","name":"kg"},"flowProperty":{"@type":"FlowProperty","@id":"93a60a56-a3c8-11da-a746-0800200b9a66","name":"Mass","categoryPath":["Technical flow properties"]},"quantitativeReference":true},{"@type":"Exchange","avoidedProduct":false,"input":false,"amount":246000.0,"description":"calculated based on regression fit of several aspen sensitivity runs.","internalId":26,"flow":{"@type":"Flow","@id":"b11bd361-08c0-33b4-b624-2baae45ed7d8","name":"Nitrogen","categoryPath":["Elementary Flows","emission","air"],"flowType":"ELEMENTARY_FLOW","refUnit":"kg"},"unit":{"@type":"Unit","@id":"20aadc24-a391-41cf-b340-3e4529f44bde","name":"kg"},"flowProperty":{"@type":"FlowProperty","@id":"93a60a56-a3c8-11da-a746-0800200b9a66","name":"Mass","categoryPath":["Technical flow properties"]}},{"@type":"Exchange","avoidedProduct":false,"input":false,"amount":4.15,"description":"calculated based on regression fit of several aspen sensitivity runs.","internalId":13,"flow":{"@type":"Flow","@id":"aab83476-ec6c-3742-af85-15d320b7ce80","name":"Methane","categoryPath":["Elementary Flows","emission","air"],"flowType":"ELEMENTARY_FLOW","refUnit":"kg"},"unit":{"@type":"Unit","@id":"20aadc24-a391-41cf-b340-3e4529f44bde","name":"kg"},"flowProperty":{"@type":"FlowProperty","@id":"93a60a56-a3c8-11da-a746-0800200b9a66","name":"Mass","categoryPath":["Technical flow properties"]}},{"@type":"Exchange","avoidedProduct":false,"input":true,"amount":1.9,"description":"cooling tower chemicals. assumed all were inorganic.","internalId":32,"flow":{"@type":"Flow","@id":"91f5f6a2-c435-36ba-9adf-64512fcff252","name":"Chemicals inorganic, at plant","categoryPath":["Technosphere Flows","CUTOFF Flows"],"flowType":"PRODUCT_FLOW","refUnit":"kg"},"unit":{"@type":"Unit","@id":"20aadc24-a391-41cf-b340-3e4529f44bde","name":"kg"},"flowProperty":{"@type":"FlowProperty","@id":"93a60a56-a3c8-11da-a746-0800200b9a66","name":"Mass","categoryPath":["Technical flow properties"]}},{"@type":"Exchange","avoidedProduct":false,"input":true,"amount":0.333,"description":"boiler chemicals http://www.accepta.com/water_treatment_chemicals/boiler-water-treatment.asp.  proxy:  Sodium hydroxide, 50% in H2O, production mix, at plant/RER with US electricity U","internalId":8,"defaultProvider":{"@type":"Process","@id":"faa85914-ec68-377e-aee5-0e0af4e27fc8","name":"Chlorine, production mix, at plant","categoryPath":["31-33: Manufacturing","3251: Basic Chemical Manufacturing"],"processType":"UNIT_PROCESS","location":"US"},"flow":{"@type":"Flow","@id":"bf2b1e5a-4c92-3974-a2fd-a68898833086","name":"Sodium hydroxide, production mix, at plant","categoryPath":["Technosphere Flows","31-33: Manufacturing","3251: Basic Chemical Manufacturing"],"flowType":"PRODUCT_FLOW","location":"US","refUnit":"kg"},"unit":{"@type":"Unit","@id":"20aadc24-a391-41cf-b340-3e4529f44bde","name":"kg"},"flowProperty":{"@type":"FlowProperty","@id":"93a60a56-a3c8-11da-a746-0800200b9a66","name":"Mass","categoryPath":["Technical flow properties"]}},{"@type":"Exchange","avoidedProduct":false,"input":true,"amount":0.333,"description":"boiler chemicals http://www.accepta.com/water_treatment_chemicals/boiler-water-treatment.asp","internalId":25,"defaultProvider":{"@type":"Process","@id":"9ee66dd5-dcc9-3e94-9da3-3a7cc6cddeb3","name":"Hydrochloric acid, without water, in 30% solution state, at plant ","categoryPath":["31-33: Manufacturing","3251: Basic Chemical Manufacturing"],"processType":"LCI_RESULT","location":"RNA"},"flow":{"@type":"Flow","@id":"1a0678a7-09b1-339d-8f05-259a14f0ab84","name":"Hydrochloric acid, without water, in 30% solution state, at plant ","categoryPath":["Technosphere Flows","31-33: Manufacturing","3251: Basic Chemical Manufacturing"],"flowType":"PRODUCT_FLOW","location":"RNA","refUnit":"kg"},"unit":{"@type":"Unit","@id":"20aadc24-a391-41cf-b340-3e4529f44bde","name":"kg"},"flowProperty":{"@type":"FlowProperty","@id":"93a60a56-a3c8-11da-a746-0800200b9a66","name":"Mass","categoryPath":["Technical flow properties"]}},{"@type":"Exchange","avoidedProduct":false,"input":true,"amount":2.97E-5,"description":"plant lifetime is 20 years. only need 1 hr. 90000 tons of ethanol is about 31 Mgal/yr in ecoinvent process.","internalId":6,"flow":{"@type":"Flow","@id":"ef92f640-ee9a-3199-8961-1decb41e875e","name":"Ethanol fermentation plant","categoryPath":["Technosphere Flows","CUTOFF Flows"],"flowType":"PRODUCT_FLOW","refUnit":"Item(s)"},"unit":{"@type":"Unit","@id":"6dabe201-aaac-4509-92f0-d00c26cb72ab","name":"Item(s)"},"flowProperty":{"@type":"FlowProperty","@id":"01846770-4cfe-4a25-8ad9-919d8d378345","name":"Number of items","categoryPath":["Technical flow properties"]}},{"@type":"Exchange","avoidedProduct":false,"input":true,"amount":567.0,"description":"calculated based on regression fit of several aspen sensitivity runs.","internalId":33,"defaultProvider":{"@type":"Process","@id":"3dd59224-ecba-3fb1-a2c9-9c01947b08b1","name":"Enzyme, Cellulase, Novozyme Celluclast","categoryPath":["31-33: Manufacturing","3251: Basic Chemical Manufacturing"],"processType":"UNIT_PROCESS","location":"RER"},"flow":{"@type":"Flow","@id":"644ee222-fe19-3f61-a4ed-5258d34ff2eb","name":"Enzyme, Cellulase, Novozyme Celluclast","categoryPath":["Technosphere Flows","31-33: Manufacturing","3251: Basic Chemical Manufacturing"],"flowType":"PRODUCT_FLOW","location":"RER","refUnit":"kg"},"unit":{"@type":"Unit","@id":"20aadc24-a391-41cf-b340-3e4529f44bde","name":"kg"},"flowProperty":{"@type":"FlowProperty","@id":"93a60a56-a3c8-11da-a746-0800200b9a66","name":"Mass","categoryPath":["Technical flow properties"]}},{"@type":"Exchange","avoidedProduct":false,"input":false,"amount":18500.0,"description":"calculated based on regression fit of several aspen sensitivity runs.","internalId":7,"flow":{"@type":"Flow","@id":"22144b1f-4fc0-3643-953b-ede9a14e9ed4","name":"Oxygen","categoryPath":["Elementary Flows","emission","air"],"flowType":"ELEMENTARY_FLOW","refUnit":"kg"},"unit":{"@type":"Unit","@id":"20aadc24-a391-41cf-b340-3e4529f44bde","name":"kg"},"flowProperty":{"@type":"FlowProperty","@id":"93a60a56-a3c8-11da-a746-0800200b9a66","name":"Mass","categoryPath":["Technical flow properties"]}},{"@type":"Exchange","avoidedProduct":false,"input":true,"amount":200000.0,"description":"calculated based on regression fit of several aspen sensitivity runs.","internalId":31,"flow":{"@type":"Flow","@id":"01ec7937-eea7-3830-aaf6-3be74f4d952b","name":"Water","categoryPath":["Elementary Flows","resource","water","subterranean"],"flowType":"ELEMENTARY_FLOW","refUnit":"kg"},"unit":{"@type":"Unit","@id":"20aadc24-a391-41cf-b340-3e4529f44bde","name":"kg"},"flowProperty":{"@type":"FlowProperty","@id":"93a60a56-a3c8-11da-a746-0800200b9a66","name":"Mass","categoryPath":["Technical flow properties"]}},{"@type":"Exchange","avoidedProduct":false,"input":false,"amount":239000.0,"description":"calculated based on regression fit of several aspen sensitivity runs.","internalId":1,"flow":{"@type":"Flow","@id":"96054103-8509-3049-a638-c4d13cc707cc","name":"Water","categoryPath":["Elementary Flows","emission","water"],"flowType":"ELEMENTARY_FLOW","refUnit":"kg"},"unit":{"@type":"Unit","@id":"20aadc24-a391-41cf-b340-3e4529f44bde","name":"kg"},"flowProperty":{"@type":"FlowProperty","@id":"93a60a56-a3c8-11da-a746-0800200b9a66","name":"Mass","categoryPath":["Technical flow properties"]}},{"@type":"Exchange","avoidedProduct":false,"input":true,"amount":3340.0,"internalId":24,"defaultProvider":{"@type":"Process","@id":"1b6afe73-a064-33a3-87b0-265ae10851e9","name":"Sulfuric acid, at plant","categoryPath":["31-33: Manufacturing","3251: Basic Chemical Manufacturing"],"processType":"UNIT_PROCESS","location":"RNA"},"flow":{"@type":"Flow","@id":"f867896e-830f-31f9-975d-465b212262ef","name":"Sulfuric acid, at plant","categoryPath":["Technosphere Flows","31-33: Manufacturing","3251: Basic Chemical Manufacturing"],"flowType":"PRODUCT_FLOW","location":"RNA","refUnit":"kg"},"unit":{"@type":"Unit","@id":"20aadc24-a391-41cf-b340-3e4529f44bde","name":"kg"},"flowProperty":{"@type":"FlowProperty","@id":"93a60a56-a3c8-11da-a746-0800200b9a66","name":"Mass","categoryPath":["Technical flow properties"]}},{"@type":"Exchange","avoidedProduct":false,"input":false,"amount":147.0,"description":"diammonium phosphate. calculated based on regression fit of several aspen sensitivity runs.","internalId":11,"flow":{"@type":"Flow","@id":"9ab45d94-d670-366d-8215-0b743a9fa104","name":"Orthophosphate","categoryPath":["Elementary Flows","emission","air"],"flowType":"ELEMENTARY_FLOW","refUnit":"kg"},"unit":{"@type":"Unit","@id":"20aadc24-a391-41cf-b340-3e4529f44bde","name":"kg"},"flowProperty":{"@type":"FlowProperty","@id":"93a60a56-a3c8-11da-a746-0800200b9a66","name":"Mass","categoryPath":["Technical flow properties"]}},{"@type":"Exchange","avoidedProduct":false,"input":true,"amount":246000.0,"description":"calculated based on regression fit of several aspen sensitivity runs.","internalId":30,"flow":{"@type":"Flow","@id":"e0b92d26-4203-3ae4-aa2d-db74fab4711b","name":"Nitrogen","categoryPath":["Elementary Flows","resource","air"],"flowType":"ELEMENTARY_FLOW","refUnit":"kg"},"unit":{"@type":"Unit","@id":"20aadc24-a391-41cf-b340-3e4529f44bde","name":"kg"},"flowProperty":{"@type":"FlowProperty","@id":"93a60a56-a3c8-11da-a746-0800200b9a66","name":"Mass","categoryPath":["Technical flow properties"]}},{"@type":"Exchange","avoidedProduct":false,"input":true,"amount":1300.0,"internalId":16,"defaultProvider":{"@type":"Process","@id":"68f4d066-5043-34cc-a944-5041732f8e7a","name":"Corn steep liquor","categoryPath":["31-33: Manufacturing","3112: Grain and Oilseed Milling"],"processType":"UNIT_PROCESS","location":"RNA"},"flow":{"@type":"Flow","@id":"96adbc9c-2708-34ab-86af-18ae6560f616","name":"Corn steep liquor","categoryPath":["Technosphere Flows","31-33: Manufacturing","3112: Grain and Oilseed Milling"],"flowType":"PRODUCT_FLOW","location":"RNA","refUnit":"kg"},"unit":{"@type":"Unit","@id":"20aadc24-a391-41cf-b340-3e4529f44bde","name":"kg"},"flowProperty":{"@type":"FlowProperty","@id":"93a60a56-a3c8-11da-a746-0800200b9a66","name":"Mass","categoryPath":["Technical flow properties"]}},{"@type":"Exchange","avoidedProduct":false,"input":true,"amount":70560.0,"description":"from electricity","internalId":15,"flow":{"@type":"Flow","@id":"f670bb2d-c28a-3a08-9b9c-cc50bca5d126","name":"Energy, output","categoryPath":["Technosphere Flows","CUTOFF Flows"],"flowType":"PRODUCT_FLOW","refUnit":"MJ"},"unit":{"@type":"Unit","@id":"52765a6c-3896-43c2-b2f4-c679acf13efe","name":"MJ"},"flowProperty":{"@type":"FlowProperty","@id":"f6811440-ee37-11de-8a39-0800200c9a66","name":"Energy","categoryPath":["Technical flow properties"]}},{"@type":"Exchange","avoidedProduct":false,"input":false,"amount":1.55,"internalId":22,"flow":{"@type":"Flow","@id":"0838fbf7-0add-3353-ba9a-b187edeb85d6","name":"Sulfuric acid","categoryPath":["Elementary Flows","emission","air"],"flowType":"ELEMENTARY_FLOW","refUnit":"kg"},"unit":{"@type":"Unit","@id":"20aadc24-a391-41cf-b340-3e4529f44bde","name":"kg"},"flowProperty":{"@type":"FlowProperty","@id":"93a60a56-a3c8-11da-a746-0800200b9a66","name":"Mass","categoryPath":["Technical flow properties"]}},{"@type":"Exchange","avoidedProduct":false,"input":false,"amount":16.5,"description":"lactic acid. calculated based on regression fit of several aspen sensitivity runs.","internalId":17,"flow":{"@type":"Flow","@id":"637025a8-66e5-3808-8cf5-f9a036fb4c91","name":"Methyl lactate","categoryPath":["Elementary Flows","emission","air"],"flowType":"ELEMENTARY_FLOW","refUnit":"kg"},"unit":{"@type":"Unit","@id":"20aadc24-a391-41cf-b340-3e4529f44bde","name":"kg"},"flowProperty":{"@type":"FlowProperty","@id":"93a60a56-a3c8-11da-a746-0800200b9a66","name":"Mass","categoryPath":["Technical flow properties"]}},{"@type":"Exchange","avoidedProduct":false,"input":true,"amount":24.9,"description":"waste water chemicals. assumed 50% organic.","internalId":14,"flow":{"@type":"Flow","@id":"400b2d60-d2b9-3e36-a89f-53a7f1349f86","name":"Chemicals organic, at plant","categoryPath":["Technosphere Flows","CUTOFF Flows"],"flowType":"PRODUCT_FLOW","refUnit":"kg"},"unit":{"@type":"Unit","@id":"20aadc24-a391-41cf-b340-3e4529f44bde","name":"kg"},"flowProperty":{"@type":"FlowProperty","@id":"93a60a56-a3c8-11da-a746-0800200b9a66","name":"Mass","categoryPath":["Technical flow properties"]}},{"@type":"Exchange","avoidedProduct":false,"input":false,"amount":100.0,"internalId":18,"flow":{"@type":"Flow","@id":"f4973035-59f5-3bdc-b257-b274dcc04e0f","name":"Sulfur dioxide","categoryPath":["Elementary Flows","emission","air"],"flowType":"ELEMENTARY_FLOW","refUnit":"kg"},"unit":{"@type":"Unit","@id":"20aadc24-a391-41cf-b340-3e4529f44bde","name":"kg"},"flowProperty":{"@type":"FlowProperty","@id":"93a60a56-a3c8-11da-a746-0800200b9a66","name":"Mass","categoryPath":["Technical flow properties"]}},{"@type":"Exchange","avoidedProduct":false,"input":true,"amount":616000.0,"description":"HHV is from GREET for corn stover. From http://www1.eere.energy.gov/biomass/docs/energy_analysis.ppt#346,8,Feedstock Potential, 37% of feed energy is in non-ethanol producing reactants.","internalId":3,"defaultProvider":{"@type":"Process","@id":"5198d618-7bc8-3639-b4a1-de71d6d5f49a","name":"Combustion, wet wood residue, AP-42","categoryPath":["22: Utilities","2213: Water, Sewage and Other Systems"],"processType":"UNIT_PROCESS","location":"RNA"},"flow":{"@type":"Flow","@id":"e76b9e39-7437-3612-98bc-6940592ebf2a","name":"Combustion, wet wood residue, AP-42","categoryPath":["Technosphere Flows","22: Utilities","2213: Water, Sewage and Other Systems"],"flowType":"PRODUCT_FLOW","location":"RNA","refUnit":"MJ"},"unit":{"@type":"Unit","@id":"52765a6c-3896-43c2-b2f4-c679acf13efe","name":"MJ"},"flowProperty":{"@type":"FlowProperty","@id":"f6811440-ee37-11de-8a39-0800200c9a66","name":"Energy","categoryPath":["Technical flow properties"]}},{"@type":"Exchange","avoidedProduct":false,"input":true,"amount":72600.0,"description":"calculated based on regression fit of several aspen sensitivity runs.","internalId":20,"flow":{"@type":"Flow","@id":"3c12ea56-b2b0-3fb0-9214-46dc9af0ff0b","name":"Oxygen","categoryPath":["Elementary Flows","resource","air"],"flowType":"ELEMENTARY_FLOW","refUnit":"kg"},"unit":{"@type":"Unit","@id":"20aadc24-a391-41cf-b340-3e4529f44bde","name":"kg"},"flowProperty":{"@type":"FlowProperty","@id":"93a60a56-a3c8-11da-a746-0800200b9a66","name":"Mass","categoryPath":["Technical flow properties"]}},{"@type":"Exchange","avoidedProduct":false,"input":true,"amount":19600.0,"description":"calculated based on regression fit of several aspen sensitivity runs. Proxy: Electricity, medium voltage, at grid/US with US electricity U","internalId":21,"defaultProvider":{"@type":"Process","@id":"89389d98-1ba6-30c5-9c33-92443694936b","name":"Electricity, at Grid, US, 2010","categoryPath":["22: Utilities","2211: Electric Power Generation, Transmission and Distribution"],"processType":"UNIT_PROCESS","location":"RNA"},"flow":{"@type":"Flow","@id":"06581fb2-1de0-3e78-8298-f37605dea142","name":"Electricity, at grid","categoryPath":["Technosphere Flows","22: Utilities","2211: Electric Power Generation, Transmission and Distribution"],"flowType":"PRODUCT_FLOW","location":"RNA","refUnit":"MJ"},"unit":{"@type":"Unit","@id":"86ad2244-1f0e-4912-af53-7865283103e4","name":"kWh"},"flowProperty":{"@type":"FlowProperty","@id":"f6811440-ee37-11de-8a39-0800200c9a66","name":"Energy","categoryPath":["Technical flow properties"]}},{"@type":"Exchange","avoidedProduct":false,"input":true,"amount":98000.0,"amountFormula":"98.0*1000","internalId":5,"defaultProvider":{"@type":"Process","@id":"4c6f7612-c4b8-36d1-803a-8fb067b1b319","name":"Switchgrass, at conversion plant, 2022","categoryPath":["48-49: Transportation and Warehousing","4842: Specialized Freight Trucking"],"processType":"UNIT_PROCESS","location":"RNA"},"flow":{"@type":"Flow","@id":"fcca6571-d78a-36ad-812a-9b55de1565d8","name":"Switchgrass, at conversion plant","categoryPath":["Technosphere Flows","48-49: Transportation and Warehousing","4842: Specialized Freight Trucking"],"flowType":"PRODUCT_FLOW","location":"RNA","refUnit":"kg"},"unit":{"@type":"Unit","@id":"20aadc24-a391-41cf-b340-3e4529f44bde","name":"kg"},"flowProperty":{"@type":"FlowProperty","@id":"93a60a56-a3c8-11da-a746-0800200b9a66","name":"Mass","categoryPath":["Technical flow properties"]}},{"@type":"Exchange","avoidedProduct":false,"input":false,"amount":93100.0,"description":"calculated based on regression fit of several aspen sensitivity runs.","internalId":4,"flow":{"@type":"Flow","@id":"b6f010fb-a764-3063-af2d-bcb8309a97b7","name":"Carbon dioxide","categoryPath":["Elementary Flows","emission","air"],"flowType":"ELEMENTARY_FLOW","refUnit":"kg"},"unit":{"@type":"Unit","@id":"20aadc24-a391-41cf-b340-3e4529f44bde","name":"kg"},"flowProperty":{"@type":"FlowProperty","@id":"93a60a56-a3c8-11da-a746-0800200b9a66","name":"Mass","categoryPath":["Technical flow properties"]}},{"@type":"Exchange","avoidedProduct":false,"input":true,"amount":464.0,"description":"About a 0.6% impurity content in product stream (water, CO2, alcohols)","internalId":23,"defaultProvider":{"@type":"Process","@id":"0aaf1e13-5d80-37f9-b7bb-81a6b8965c71","name":"Petroleum refining, at refinery","categoryPath":["31-33: Manufacturing","3241: Petroleum and Coal Products Manufacturing"],"processType":"UNIT_PROCESS","location":"RNA"},"flow":{"@type":"Flow","@id":"0e44e579-abb0-3c77-af64-c774d65be529","name":"Gasoline, at refinery","categoryPath":["Technosphere Flows","31-33: Manufacturing","3241: Petroleum and Coal Products Manufacturing"],"flowType":"PRODUCT_FLOW","refUnit":"m3"},"unit":{"@type":"Unit","@id":"b80a512e-e402-4363-8ad0-7d02dcf4a459","name":"l"},"flowProperty":{"@type":"FlowProperty","@id":"93a60a56-a3c8-22da-a746-0800200c9a66","name":"Volume","categoryPath":["Technical flow properties"]}},{"@type":"Exchange","avoidedProduct":false,"input":true,"amount":6240.0,"description":"Water brought in with enzyme stream. calculated based on regression fit of several aspen sensitivity runs.","internalId":34,"flow":{"@type":"Flow","@id":"01ec7937-eea7-3830-aaf6-3be74f4d952b","name":"Water","categoryPath":["Elementary Flows","resource","water","subterranean"],"flowType":"ELEMENTARY_FLOW","refUnit":"kg"},"unit":{"@type":"Unit","@id":"20aadc24-a391-41cf-b340-3e4529f44bde","name":"kg"},"flowProperty":{"@type":"FlowProperty","@id":"93a60a56-a3c8-11da-a746-0800200b9a66","name":"Mass","categoryPath":["Technical flow properties"]}},{"@type":"Exchange","avoidedProduct":false,"input":true,"amount":0.333,"description":"boiler chemicals http://www.accepta.com/water_treatment_chemicals/boiler-water-treatment.asp","internalId":2,"flow":{"@type":"Flow","@id":"57ce615d-ee8c-3c8d-8693-356b330f8445","name":"Sulphite, at plant","categoryPath":["Technosphere Flows","CUTOFF Flows"],"flowType":"PRODUCT_FLOW","refUnit":"kg"},"unit":{"@type":"Unit","@id":"20aadc24-a391-41cf-b340-3e4529f44bde","name":"kg"},"flowProperty":{"@type":"FlowProperty","@id":"93a60a56-a3c8-11da-a746-0800200b9a66","name":"Mass","categoryPath":["Technical flow properties"]}},{"@type":"Exchange","avoidedProduct":false,"input":true,"amount":163.0,"description":"proxy:  Diammonium phosphate, as N, at regional storehouse/RER with US electricity U","internalId":28,"defaultProvider":{"@type":"Process","@id":"1654c887-0b9c-3434-b9c1-371e3adb3dde","name":"Phosphorous fertilizer, production mix, at plant","categoryPath":["31-33: Manufacturing","3253: Pesticide, Fertilizer, and Other Agricultural Chemical Manufacturing"],"processType":"UNIT_PROCESS","location":"RNA"},"flow":{"@type":"Flow","@id":"91feb044-e771-35a3-a81f-ac076c5f9b83","name":"Phosphorous fertilizer, production mix, at plant","categoryPath":["Technosphere Flows","31-33: Manufacturing","3253: Pesticide, Fertilizer, and Other Agricultural Chemical Manufacturing"],"flowType":"PRODUCT_FLOW","location":"RNA","refUnit":"kg"},"unit":{"@type":"Unit","@id":"20aadc24-a391-41cf-b340-3e4529f44bde","name":"kg"},"flowProperty":{"@type":"FlowProperty","@id":"93a60a56-a3c8-11da-a746-0800200b9a66","name":"Mass","categoryPath":["Technical flow properties"]}},{"@type":"Exchange","avoidedProduct":false,"input":false,"amount":64.6,"description":"calculated based on regression fit of several aspen sensitivity runs.","internalId":27,"flow":{"@type":"Flow","@id":"187c525c-3715-388c-b303-a0671524a615","name":"Carbon monoxide","categoryPath":["Elementary Flows","emission","air"],"flowType":"ELEMENTARY_FLOW","refUnit":"kg"},"unit":{"@type":"Unit","@id":"20aadc24-a391-41cf-b340-3e4529f44bde","name":"kg"},"flowProperty":{"@type":"FlowProperty","@id":"93a60a56-a3c8-11da-a746-0800200b9a66","name":"Mass","categoryPath":["Technical flow properties"]}},{"@type":"Exchange","avoidedProduct":false,"input":true,"amount":2440.0,"description":"proxy:  Lime, hydrated, packed, at plant/CH with US electricity U","internalId":19,"defaultProvider":{"@type":"Process","@id":"9c0c2415-126f-3162-8479-f002f315a8c7","name":"Quicklime, at plant","categoryPath":["31-33: Manufacturing","3274: Lime and Gypsum Product Manufacturing"],"processType":"UNIT_PROCESS","location":"RNA"},"flow":{"@type":"Flow","@id":"c34c4451-297f-3b5c-a15f-2c16cdb52ad9","name":"Quicklime, at plant","categoryPath":["Technosphere Flows","31-33: Manufacturing","3274: Lime and Gypsum Product Manufacturing"],"flowType":"PRODUCT_FLOW","location":"RNA","refUnit":"kg"},"unit":{"@type":"Unit","@id":"20aadc24-a391-41cf-b340-3e4529f44bde","name":"kg"},"flowProperty":{"@type":"FlowProperty","@id":"93a60a56-a3c8-11da-a746-0800200b9a66","name":"Mass","categoryPath":["Technical flow properties"]}},{"@type":"Exchange","avoidedProduct":false,"input":true,"amount":9610.0,"description":"gypsum waste. calculated based on regression fit of several aspen sensitivity runs.","internalId":35,"flow":{"@type":"Flow","@id":"54fb7648-dbd1-316c-a959-2112b70e3f30","name":"Disposal, inert waste, 5% water, to inert material landfill","categoryPath":["Technosphere Flows","CUTOFF Flows"],"flowType":"PRODUCT_FLOW","refUnit":"kg"},"unit":{"@type":"Unit","@id":"20aadc24-a391-41cf-b340-3e4529f44bde","name":"kg"},"flowProperty":{"@type":"FlowProperty","@id":"93a60a56-a3c8-11da-a746-0800200b9a66","name":"Mass","categoryPath":["Technical flow properties"]}},{"@type":"Exchange","avoidedProduct":false,"input":false,"amount":64.6,"description":"calculated based on regression fit of several aspen sensitivity runs.","internalId":9,"flow":{"@type":"Flow","@id":"a742c00e-7148-3f99-9ecc-16bb46bd2f4f","name":"Nitrogen dioxide","categoryPath":["Elementary Flows","emission","air"],"flowType":"ELEMENTARY_FLOW","refUnit":"kg"},"unit":{"@type":"Unit","@id":"20aadc24-a391-41cf-b340-3e4529f44bde","name":"kg"},"flowProperty":{"@type":"FlowProperty","@id":"93a60a56-a3c8-11da-a746-0800200b9a66","name":"Mass","categoryPath":["Technical flow properties"]}},{"@type":"Exchange","avoidedProduct":false,"input":false,"amount":1420.0,"description":"furfural, glyceral, sccacid, csl, xylose, solslds, lgnsol, HMF, arabanose, galactose, glucoolig, cellob, xylolig, extract, protein. calculated based on regression fit of several aspen sensitivity runs.","internalId":29,"flow":{"@type":"Flow","@id":"1767d662-f96c-38d8-98e4-cc840d9aafd3","name":"Organic compounds","categoryPath":["Elementary Flows","emission","air"],"flowType":"ELEMENTARY_FLOW","refUnit":"kg"},"unit":{"@type":"Unit","@id":"20aadc24-a391-41cf-b340-3e4529f44bde","name":"kg"},"flowProperty":{"@type":"FlowProperty","@id":"93a60a56-a3c8-11da-a746-0800200b9a66","name":"Mass","categoryPath":["Technical flow properties"]}},{"@type":"Exchange","avoidedProduct":false,"input":false,"amount":108.0,"description":"calculated based on regression fit of several aspen sensitivity runs.","internalId":12,"flow":{"@type":"Flow","@id":"7a4d317f-256d-3438-8a96-90ece2935d31","name":"Acetic acid","categoryPath":["Elementary Flows","emission","air"],"flowType":"ELEMENTARY_FLOW","refUnit":"kg"},"unit":{"@type":"Unit","@id":"20aadc24-a391-41cf-b340-3e4529f44bde","name":"kg"},"flowProperty":{"@type":"FlowProperty","@id":"93a60a56-a3c8-11da-a746-0800200b9a66","name":"Mass","categoryPath":["Technical flow properties"]}}]}