{"@context":"http://greendelta.github.io/olca-schema/context.jsonld","@type":"Process","@id":"0f9bda90-e54c-371b-8af9-56dbbb262cb0","name":"Electricity, at eGrid, AKMS, 2010","description":"The methodology used to put together the grid information is outlined in reference 1.  ","version":"00.00.003","lastChange":"2019-08-13T12:53:13.711-06:00","category":{"@type":"Category","@id":"22b8f169-c337-3c11-98a7-cc688afb99b3","name":"2211: Electric Power Generation, Transmission and Distribution","categoryPath":["22: Utilities"],"categoryType":"Process"},"processType":"UNIT_PROCESS","defaultAllocationMethod":"NO_ALLOCATION","infrastructureProcess":false,"location":{"@type":"Location","@id":"b320e7db-c758-3ba6-8839-81eb83c9d7d7","name":"Northern America"},"processDocumentation":{"@type":"ProcessDocumentation","technologyDescription":"Typical","samplingDescription":"based on EIA electricity reports for all power plants in the US.","restrictionsDescription":"All information can be accessed by everybody.","copyright":false,"validFrom":"2009-12-31-07:00","validUntil":"2009-12-31-07:00","creationDate":"2012-07-16T06:19:34-06:00","geographyDescription":"Alaska electricity grid for all Alaskan regions except the South (Anchorage area) and Central (Fairbanks area) Alaskan regions (AKGD)","dataDocumentor":{"@type":"Actor","@id":"7eec42b2-044c-32d5-ba52-37dc620a8e8c","name":"Samantha Wascavage"},"dataGenerator":{"@type":"Actor","@id":"7eec42b2-044c-32d5-ba52-37dc620a8e8c","name":"Samantha Wascavage"},"publication":{"@type":"Source","@id":"ad88e2f4-7a4b-3023-b6c0-98455da045a4","name":"Chris Goemans, Athena Institute "},"sources":[{"@type":"Source","@id":"13e031d0-2a4a-3a09-b8ea-64db09e387f6","name":"unspecified "},{"@type":"Source","@id":"642c8c9e-f878-354b-9c20-cfddabfb4069","name":"EIA "},{"@type":"Source","@id":"f3f065d7-7f0e-3bde-81c6-3e1a68e125bf","name":"EIA "},{"@type":"Source","@id":"9fe6d8ce-076b-3a8e-9942-444131d2601e","name":"EIA "},{"@type":"Source","@id":"ecacd91d-bda8-3721-bf6d-003fbf436115","name":"USEPA "},{"@type":"Source","@id":"34e1a333-fe0a-3ae0-ad0c-57ae1ae71f51","name":"Statistics Canada "},{"@type":"Source","@id":"c8d6aba6-60cb-34db-860a-39f4310e2ce5","name":"EIA "},{"@type":"Source","@id":"a01ef3a3-98d4-37fd-95c2-c02b165f7c8a","name":"Statistics Canada "},{"@type":"Source","@id":"8e6f7063-8b89-3158-8d89-cfb2b2e39fa3","name":"International Energy Agency "},{"@type":"Source","@id":"18c53a57-b7d5-329b-bb2c-d3483a8e3dc3","name":"Statistics Canada "},{"@type":"Source","@id":"4786f249-8ac4-38ec-9009-92a22bc249e6","name":"US DOE "},{"@type":"Source","@id":"64919081-611f-3efd-b96d-02a1229ca21b","name":"EIA "},{"@type":"Source","@id":"ea82a117-1886-3951-82b5-2e61f3d033a7","name":"Statistics Canada "},{"@type":"Source","@id":"ad88e2f4-7a4b-3023-b6c0-98455da045a4","name":"Chris Goemans, Athena Institute "},{"@type":"Source","@id":"a0ab057c-20a4-3758-9a6c-f0f6d5880d8f","name":"Statistics Canada "},{"@type":"Source","@id":"5d226c19-069b-36ae-80e9-58e9d777db9b","name":"EIA "},{"@type":"Source","@id":"c188ae7d-35b7-3d80-afc2-cbd39b62fe35","name":"EIA "},{"@type":"Source","@id":"1f26e97b-5b51-3012-b434-0214ce0bed3a","name":"EIA "},{"@type":"Source","@id":"6b76fbfd-4d65-3fd4-8072-19feca1e995a","name":"USEPA "},{"@type":"Source","@id":"d20644b1-412d-3a89-8a74-255e6ed99bc2","name":"EIA "},{"@type":"Source","@id":"a70f484f-d045-3886-8828-ce8693f81749","name":"EIA "}]},"lastInternalId":1,"exchanges":[{"@type":"Exchange","avoidedProduct":false,"input":false,"amount":1.0,"internalId":1,"flow":{"@type":"Flow","@id":"06581fb2-1de0-3e78-8298-f37605dea142","name":"Electricity, at grid","categoryPath":["Technosphere Flows","22: Utilities","2211: Electric Power Generation, Transmission and Distribution"],"flowType":"PRODUCT_FLOW","location":"RNA","refUnit":"MJ"},"unit":{"@type":"Unit","@id":"86ad2244-1f0e-4912-af53-7865283103e4","name":"kWh"},"flowProperty":{"@type":"FlowProperty","@id":"f6811440-ee37-11de-8a39-0800200c9a66","name":"Energy","categoryPath":["Technical flow properties"]},"quantitativeReference":true},{"@type":"Exchange","avoidedProduct":false,"input":true,"amount":1.0E-6,"internalId":5,"flow":{"@type":"Flow","@id":"8ca9c802-e837-30d6-a921-3bc7ea7d8448","name":"Electricity, at wind power plant, unspecified","categoryPath":["Technosphere Flows","CUTOFF Flows"],"flowType":"PRODUCT_FLOW","refUnit":"MJ"},"unit":{"@type":"Unit","@id":"86ad2244-1f0e-4912-af53-7865283103e4","name":"kWh"},"flowProperty":{"@type":"FlowProperty","@id":"f6811440-ee37-11de-8a39-0800200c9a66","name":"Energy","categoryPath":["Technical flow properties"]}},{"@type":"Exchange","avoidedProduct":false,"input":true,"amount":0.03927,"internalId":2,"defaultProvider":{"@type":"Process","@id":"879845c3-84fa-3f85-9f3d-a8510f950732","name":"Electricity, natural gas, at power plant","categoryPath":["22: Utilities","2211: Electric Power Generation, Transmission and Distribution"],"processType":"UNIT_PROCESS","location":"RNA"},"flow":{"@type":"Flow","@id":"6cb3e4a8-d7e0-3566-ae66-8022182af846","name":"Electricity, natural gas, at power plant","categoryPath":["Technosphere Flows","22: Utilities","2211: Electric Power Generation, Transmission and Distribution"],"flowType":"PRODUCT_FLOW","location":"RNA","refUnit":"MJ"},"unit":{"@type":"Unit","@id":"86ad2244-1f0e-4912-af53-7865283103e4","name":"kWh"},"flowProperty":{"@type":"FlowProperty","@id":"f6811440-ee37-11de-8a39-0800200c9a66","name":"Energy","categoryPath":["Technical flow properties"]}},{"@type":"Exchange","avoidedProduct":false,"input":true,"amount":0.255258,"description":"Petroleum (DFO) - Distillate Fuel Oil (includes all Diesel and No. 1, No. 2, and No. 4 Fuel Oils, also includes DFO, JF, KER) ","internalId":3,"defaultProvider":{"@type":"Process","@id":"4b3de918-4d30-3184-bdaa-60d8575c5af4","name":"Electricity, diesel, at power plant","categoryPath":["22: Utilities","2211: Electric Power Generation, Transmission and Distribution"],"processType":"UNIT_PROCESS","location":"RNA"},"flow":{"@type":"Flow","@id":"1e68baef-0ed7-37bb-9919-61963f9fbd08","name":"Electricity, diesel, at power plant","categoryPath":["Technosphere Flows","22: Utilities","2211: Electric Power Generation, Transmission and Distribution"],"flowType":"PRODUCT_FLOW","location":"RNA","refUnit":"MJ"},"unit":{"@type":"Unit","@id":"86ad2244-1f0e-4912-af53-7865283103e4","name":"kWh"},"flowProperty":{"@type":"FlowProperty","@id":"f6811440-ee37-11de-8a39-0800200c9a66","name":"Energy","categoryPath":["Technical flow properties"]}},{"@type":"Exchange","avoidedProduct":false,"input":true,"amount":0.705471,"internalId":4,"flow":{"@type":"Flow","@id":"4b4d38d5-b196-3075-8f90-27fa7e45d92b","name":"Electricity, hydropower, at power plant, unspecified","categoryPath":["Technosphere Flows","CUTOFF Flows"],"flowType":"PRODUCT_FLOW","refUnit":"MJ"},"unit":{"@type":"Unit","@id":"86ad2244-1f0e-4912-af53-7865283103e4","name":"kWh"},"flowProperty":{"@type":"FlowProperty","@id":"f6811440-ee37-11de-8a39-0800200c9a66","name":"Energy","categoryPath":["Technical flow properties"]}}]}