{"@context":"http://greendelta.github.io/olca-schema/context.jsonld","@type":"Process","@id":"18c37a18-0ddd-3944-b9b1-458410215233","name":"Thermoforming, rigid polypropylene part, at plant","description":" The amount of incoming corrugated box material is equivalent to that coming out of the process as it is purchased to be used as shipping packaging for finished thermoformed items. An average of 0.149 pounds of rigid plastic part scrap is produced for every kilogram of thermoformed parts produced; this scrap is sold for recycling. The remaining solid waste generated from the facilities surveyed in this analysis is landfilled. For every kilogram of thermoformed product, 0.210 kg of solid waste is sent to landfill. Of this solid waste, an average of 96 percent by mass is process waste such as contaminated resin scrap, hydraulic oil, and/or inks; while, five percent is packaging waste from incoming materials. The small (\u003c2%) mass imbalance is due to variability in data availability for, and weighting of, amounts of ancillary inputs and waste outputs. The packaging inputs and printing emissions in this data set represent the average reported per kilogram of output across a range of procucts produced at manufacturing facilities. When using this data to represent a specific molded product, users should adjust the amount of packaging and printing emissions as needed based on the actual materials and processes used. Complete inventory data and metadata are available in full in the final report and appendices, Life Cycle Inventory of Plastic Fabrication Processes: Injection Molding and Thermoforming. This report has been extensively reviewed within Franklin Associates and has undergone partial critical review by ACC Rigid Plastics Processing Group (RPPG) members and is available at: www.americanchemistry.com. Quantities may vary slightly between the reference to main source and and this module due to rounding.  Important note: although most of the data in the US LCI database has undergone some sort of review, the database as a whole has not yet undergone a formal validation process.  Please email comments to lci@nrel.gov.","version":"00.00.004","lastChange":"2021-01-18T12:42:41.885-07:00","category":{"@type":"Category","@id":"e032289e-6bca-36b2-876c-63e7c54d70d9","name":"3261: Plastics Product Manufacturing","categoryPath":["31-33: Manufacturing"],"categoryType":"Process"},"processType":"UNIT_PROCESS","defaultAllocationMethod":"NO_ALLOCATION","infrastructureProcess":false,"location":{"@type":"Location","@id":"b320e7db-c758-3ba6-8839-81eb83c9d7d7","name":"Northern America"},"processDocumentation":{"@type":"ProcessDocumentation","technologyDescription":"Fabrication of rigid plastic parts by thermoforming. Thermoformed products generated by facilities providing data for this analysis were produced using sheet manufacturing equipment in combination with either vacuum form (VF) or pressure form (PF) equipment. All participating facilities use continuous thermoforming techniques.","samplingDescription":"Data are from primary sources.","restrictionsDescription":"All information can be accessed by everybody.","copyright":false,"validFrom":"2009-12-31-07:00","validUntil":"2009-12-31-07:00","creationDate":"2014-04-09T06:41:11-06:00","geographyDescription":"US","dataDocumentor":{"@type":"Actor","@id":"721bcfe4-ee92-33bc-a9bd-bbf5ba3cb52d","name":"Franklin Associates"},"dataGenerator":{"@type":"Actor","@id":"721bcfe4-ee92-33bc-a9bd-bbf5ba3cb52d","name":"Franklin Associates"},"publication":{"@type":"Source","@id":"f60d74b3-6b1c-3fbf-bced-9ed3028a4e2e","name":"THE RIGID PLASTICS PROCESSING GROUP (RPPG) OF \nTHE AMERICAN CHEMISTRY COUNCIL\n "},"sources":[{"@type":"Source","@id":"f60d74b3-6b1c-3fbf-bced-9ed3028a4e2e","name":"THE RIGID PLASTICS PROCESSING GROUP (RPPG) OF \nTHE AMERICAN CHEMISTRY COUNCIL\n "}]},"lastInternalId":0,"exchanges":[{"@type":"Exchange","avoidedProduct":false,"input":false,"amount":1.0,"internalId":1,"flow":{"@type":"Flow","@id":"894d8eff-5aa2-36a0-af0e-e0cadff322f9","name":"Thermoforming, rigid polypropylene part, at plant","categoryPath":["Technosphere Flows","31-33: Manufacturing","3261: Plastics Product Manufacturing"],"flowType":"PRODUCT_FLOW","location":"RNA","refUnit":"kg"},"unit":{"@type":"Unit","@id":"20aadc24-a391-41cf-b340-3e4529f44bde","name":"kg"},"flowProperty":{"@type":"FlowProperty","@id":"93a60a56-a3c8-11da-a746-0800200b9a66","name":"Mass","categoryPath":["Technical flow properties"]},"quantitativeReference":true},{"@type":"Exchange","avoidedProduct":false,"input":true,"amount":0.0083453,"internalId":9,"defaultProvider":{"@type":"Process","@id":"4eec7a31-b920-3f91-b7c3-924f2aa92ecc","name":"Liquefied petroleum gas, combusted in industrial boiler","categoryPath":["22: Utilities","2213: Water, Sewage and Other Systems"],"processType":"UNIT_PROCESS","location":"RNA"},"flow":{"@type":"Flow","@id":"f77da622-e84d-3639-8917-fcf792aaee13","name":"Liquefied petroleum gas, combusted in industrial boiler","categoryPath":["Technosphere Flows","22: Utilities","2213: Water, Sewage and Other Systems"],"flowType":"PRODUCT_FLOW","location":"RNA","refUnit":"m3"},"unit":{"@type":"Unit","@id":"b80a512e-e402-4363-8ad0-7d02dcf4a459","name":"l"},"flowProperty":{"@type":"FlowProperty","@id":"93a60a56-a3c8-22da-a746-0800200c9a66","name":"Volume","categoryPath":["Technical flow properties"]},"uncertainty":{"@type":"Uncertainty","distributionType":"LOG_NORMAL_DISTRIBUTION","geomMean":0.0083453,"geomSd":1.0}},{"@type":"Exchange","avoidedProduct":false,"input":true,"amount":0.83453,"internalId":5,"flow":{"@type":"Flow","@id":"e2eb491c-78ff-3123-9e42-494c7d199b44","name":"Water","categoryPath":["Elementary Flows","resource","water"],"flowType":"ELEMENTARY_FLOW","refUnit":"kg"},"unit":{"@type":"Unit","@id":"20aadc24-a391-41cf-b340-3e4529f44bde","name":"kg"},"flowProperty":{"@type":"FlowProperty","@id":"93a60a56-a3c8-11da-a746-0800200b9a66","name":"Mass","categoryPath":["Technical flow properties"]},"uncertainty":{"@type":"Uncertainty","distributionType":"LOG_NORMAL_DISTRIBUTION","geomMean":0.83453,"geomSd":1.0}},{"@type":"Exchange","avoidedProduct":false,"input":true,"amount":1.16,"internalId":2,"defaultProvider":{"@type":"Process","@id":"2e8facf6-46aa-4ddb-95de-a4e2a00eb2bb","name":"Polypropylene, PP, virgin resin, at plant","categoryPath":["31-33: Manufacturing","3252: Resin, Synthetic Rubber, and Artificial and Synthetic Fibers and Filaments Manufacturing"],"processType":"UNIT_PROCESS","location":"RNA"},"flow":{"@type":"Flow","@id":"d0477b6a-115f-350d-bbb4-7f62243e3476","name":"Polypropylene, PP, virgin resin, at plant","categoryPath":["Technosphere Flows","31-33: Manufacturing","3252: Resin, Synthetic Rubber, and Artificial and Synthetic Fibers and Filaments Manufacturing"],"flowType":"PRODUCT_FLOW","location":"RNA","refUnit":"kg"},"unit":{"@type":"Unit","@id":"20aadc24-a391-41cf-b340-3e4529f44bde","name":"kg"},"flowProperty":{"@type":"FlowProperty","@id":"93a60a56-a3c8-11da-a746-0800200b9a66","name":"Mass","categoryPath":["Technical flow properties"]},"uncertainty":{"@type":"Uncertainty","distributionType":"LOG_NORMAL_DISTRIBUTION","geomMean":1.16,"geomSd":1.0}},{"@type":"Exchange","avoidedProduct":false,"input":true,"amount":0.0021,"internalId":15,"flow":{"@type":"Flow","@id":"838cef47-a3a6-3dce-bcb2-560991c5e95c","name":"Disposal, solid waste, unspecified, to sanitary landfill","categoryPath":["Technosphere Flows","CUTOFF Flows"],"flowType":"PRODUCT_FLOW","refUnit":"kg"},"unit":{"@type":"Unit","@id":"20aadc24-a391-41cf-b340-3e4529f44bde","name":"kg"},"flowProperty":{"@type":"FlowProperty","@id":"93a60a56-a3c8-11da-a746-0800200b9a66","name":"Mass","categoryPath":["Technical flow properties"]},"uncertainty":{"@type":"Uncertainty","distributionType":"LOG_NORMAL_DISTRIBUTION","geomMean":0.0021,"geomSd":1.0}},{"@type":"Exchange","avoidedProduct":false,"input":false,"amount":0.1,"internalId":8,"flow":{"@type":"Flow","@id":"28543237-bc08-329b-8edc-99c31817a5df","name":"Corrugate packaging, from PP thermoforming, for shipping","categoryPath":["Technosphere Flows","31-33: Manufacturing","3222: Converted Paper Product Manufacturing"],"flowType":"PRODUCT_FLOW","location":"RNA","refUnit":"kg"},"unit":{"@type":"Unit","@id":"20aadc24-a391-41cf-b340-3e4529f44bde","name":"kg"},"flowProperty":{"@type":"FlowProperty","@id":"93a60a56-a3c8-11da-a746-0800200b9a66","name":"Mass","categoryPath":["Technical flow properties"]}},{"@type":"Exchange","avoidedProduct":false,"input":true,"amount":0.01,"internalId":12,"flow":{"@type":"Flow","@id":"f6d02520-2139-30b7-9445-5ffe68b4fb5c","name":"Colorant, at plant","categoryPath":["Technosphere Flows","CUTOFF Flows"],"flowType":"PRODUCT_FLOW","refUnit":"kg"},"unit":{"@type":"Unit","@id":"20aadc24-a391-41cf-b340-3e4529f44bde","name":"kg"},"flowProperty":{"@type":"FlowProperty","@id":"93a60a56-a3c8-11da-a746-0800200b9a66","name":"Mass","categoryPath":["Technical flow properties"]},"uncertainty":{"@type":"Uncertainty","distributionType":"LOG_NORMAL_DISTRIBUTION","geomMean":0.01,"geomSd":1.0}},{"@type":"Exchange","avoidedProduct":false,"input":true,"amount":2.9014,"internalId":16,"defaultProvider":{"@type":"Process","@id":"89389d98-1ba6-30c5-9c33-92443694936b","name":"Electricity, at Grid, US, 2010","categoryPath":["22: Utilities","2211: Electric Power Generation, Transmission and Distribution"],"processType":"UNIT_PROCESS","location":"RNA"},"flow":{"@type":"Flow","@id":"06581fb2-1de0-3e78-8298-f37605dea142","name":"Electricity, at grid","categoryPath":["Technosphere Flows","22: Utilities","2211: Electric Power Generation, Transmission and Distribution"],"flowType":"PRODUCT_FLOW","location":"RNA","refUnit":"MJ"},"unit":{"@type":"Unit","@id":"86ad2244-1f0e-4912-af53-7865283103e4","name":"kWh"},"flowProperty":{"@type":"FlowProperty","@id":"f6811440-ee37-11de-8a39-0800200c9a66","name":"Energy","categoryPath":["Technical flow properties"]},"uncertainty":{"@type":"Uncertainty","distributionType":"LOG_NORMAL_DISTRIBUTION","geomMean":2.9014,"geomSd":1.0}},{"@type":"Exchange","avoidedProduct":false,"input":false,"amount":0.149,"internalId":14,"flow":{"@type":"Flow","@id":"e60dcbad-cde4-3c69-8f30-649c401ad2e5","name":"Polypropylene scrap, from PP thermoforming, at plant","categoryPath":["Technosphere Flows","31-33: Manufacturing","3261: Plastics Product Manufacturing"],"flowType":"PRODUCT_FLOW","location":"RNA","refUnit":"kg"},"unit":{"@type":"Unit","@id":"20aadc24-a391-41cf-b340-3e4529f44bde","name":"kg"},"flowProperty":{"@type":"FlowProperty","@id":"93a60a56-a3c8-11da-a746-0800200b9a66","name":"Mass","categoryPath":["Technical flow properties"]}},{"@type":"Exchange","avoidedProduct":false,"input":true,"amount":8.3453E-4,"internalId":11,"defaultProvider":{"@type":"Process","@id":"d6ad7035-5498-3237-8abd-50e93b1eef89","name":"Diesel, combusted in industrial equipment","categoryPath":["22: Utilities","2213: Water, Sewage and Other Systems"],"processType":"UNIT_PROCESS","location":"RNA"},"flow":{"@type":"Flow","@id":"d815ff18-015c-3afb-be18-be03bdf325da","name":"Diesel, combusted in industrial equipment","categoryPath":["Technosphere Flows","22: Utilities","2213: Water, Sewage and Other Systems"],"flowType":"PRODUCT_FLOW","location":"RNA","refUnit":"m3"},"unit":{"@type":"Unit","@id":"b80a512e-e402-4363-8ad0-7d02dcf4a459","name":"l"},"flowProperty":{"@type":"FlowProperty","@id":"93a60a56-a3c8-22da-a746-0800200c9a66","name":"Volume","categoryPath":["Technical flow properties"]},"uncertainty":{"@type":"Uncertainty","distributionType":"LOG_NORMAL_DISTRIBUTION","geomMean":8.3453E-4,"geomSd":1.0}},{"@type":"Exchange","avoidedProduct":false,"input":true,"amount":8.3453E-5,"internalId":13,"defaultProvider":{"@type":"Process","@id":"d3e13675-1455-375f-a557-bb8234de75ff","name":"Gasoline, combusted in equipment","categoryPath":["22: Utilities","2213: Water, Sewage and Other Systems"],"processType":"UNIT_PROCESS","location":"RNA"},"flow":{"@type":"Flow","@id":"bc38e349-1ccf-3855-a615-a4f581ab875b","name":"Gasoline, combusted in equipment","categoryPath":["Technosphere Flows","22: Utilities","2213: Water, Sewage and Other Systems"],"flowType":"PRODUCT_FLOW","location":"RNA","refUnit":"m3"},"unit":{"@type":"Unit","@id":"b80a512e-e402-4363-8ad0-7d02dcf4a459","name":"l"},"flowProperty":{"@type":"FlowProperty","@id":"93a60a56-a3c8-22da-a746-0800200c9a66","name":"Volume","categoryPath":["Technical flow properties"]},"uncertainty":{"@type":"Uncertainty","distributionType":"LOG_NORMAL_DISTRIBUTION","geomMean":8.3453E-5,"geomSd":1.0}},{"@type":"Exchange","avoidedProduct":false,"input":true,"amount":0.27,"internalId":6,"defaultProvider":{"@type":"Process","@id":"34156f3c-28ef-33db-9ad0-6293a2aa0d52","name":"Transport, combination truck, diesel powered","categoryPath":["48-49: Transportation and Warehousing","4841: General Freight Trucking"],"processType":"UNIT_PROCESS","location":"RNA"},"flow":{"@type":"Flow","@id":"628c07ec-0802-39c1-ab88-1c62848ef436","name":"Transport, combination truck, diesel powered","categoryPath":["Technosphere Flows","48-49: Transportation and Warehousing","4841: General Freight Trucking"],"flowType":"PRODUCT_FLOW","location":"RNA","refUnit":"t*km"},"unit":{"@type":"Unit","@id":"0dea4ed8-bb6b-4049-b2b4-b2c413ef2180","name":"t*km"},"flowProperty":{"@type":"FlowProperty","@id":"838aaa20-0117-11db-92e3-0800200c9a66","name":"Goods transport (mass*distance)","categoryPath":["Technical flow properties"]},"uncertainty":{"@type":"Uncertainty","distributionType":"LOG_NORMAL_DISTRIBUTION","geomMean":0.27,"geomSd":1.0}},{"@type":"Exchange","avoidedProduct":false,"input":true,"amount":0.0099266,"internalId":4,"defaultProvider":{"@type":"Process","@id":"5b81b61c-4d10-3bed-9926-8a5f868f5174","name":"Natural gas, combusted in industrial boiler","categoryPath":["22: Utilities","2213: Water, Sewage and Other Systems"],"processType":"UNIT_PROCESS","location":"RNA"},"flow":{"@type":"Flow","@id":"bb1dc159-fe13-3f8e-8197-361e8c770ba3","name":"Natural gas, combusted in industrial boiler","categoryPath":["Technosphere Flows","22: Utilities","2213: Water, Sewage and Other Systems"],"flowType":"PRODUCT_FLOW","location":"RNA","refUnit":"m3"},"unit":{"@type":"Unit","@id":"1c3a9695-398d-4b1f-b07e-a8715b610f70","name":"m3"},"flowProperty":{"@type":"FlowProperty","@id":"93a60a56-a3c8-22da-a746-0800200c9a66","name":"Volume","categoryPath":["Technical flow properties"]},"uncertainty":{"@type":"Uncertainty","distributionType":"LOG_NORMAL_DISTRIBUTION","geomMean":0.0099266,"geomSd":1.0}},{"@type":"Exchange","avoidedProduct":false,"input":true,"amount":0.1,"internalId":10,"defaultProvider":{"@type":"Process","@id":"226ed3c2-e020-4c95-b1fc-4559fc2d18ac","name":"Corrugated product, average production, at mill","categoryPath":["31-33: Manufacturing","3222: Converted Paper Product Manufacturing"],"processType":"UNIT_PROCESS","location":"US"},"flow":{"@type":"Flow","@id":"f806b9df-b77c-3369-a00f-feda82b0778c","name":"Corrugated product, average production, at mill","categoryPath":["Technosphere Flows","31-33: Manufacturing","3222: Converted Paper Product Manufacturing"],"flowType":"PRODUCT_FLOW","location":"US","refUnit":"kg"},"unit":{"@type":"Unit","@id":"20aadc24-a391-41cf-b340-3e4529f44bde","name":"kg"},"flowProperty":{"@type":"FlowProperty","@id":"93a60a56-a3c8-11da-a746-0800200b9a66","name":"Mass","categoryPath":["Technical flow properties"]},"uncertainty":{"@type":"Uncertainty","distributionType":"LOG_NORMAL_DISTRIBUTION","geomMean":0.1,"geomSd":1.0}},{"@type":"Exchange","avoidedProduct":false,"input":false,"amount":1.0E-6,"internalId":3,"flow":{"@type":"Flow","@id":"0418b561-ecf8-33c8-9c81-225789f15bd3","name":"Particulate matter","categoryPath":["Elementary Flows","emission","air"],"flowType":"ELEMENTARY_FLOW","refUnit":"kg"},"unit":{"@type":"Unit","@id":"20aadc24-a391-41cf-b340-3e4529f44bde","name":"kg"},"flowProperty":{"@type":"FlowProperty","@id":"93a60a56-a3c8-11da-a746-0800200b9a66","name":"Mass","categoryPath":["Technical flow properties"]},"uncertainty":{"@type":"Uncertainty","distributionType":"LOG_NORMAL_DISTRIBUTION","geomMean":1.0E-6,"geomSd":1.0}},{"@type":"Exchange","avoidedProduct":false,"input":true,"amount":2.37,"internalId":7,"defaultProvider":{"@type":"Process","@id":"7de9c230-fd0f-3478-be87-f80181132faa","name":"Transport, train, diesel powered","categoryPath":["48-49: Transportation and Warehousing","4821: Rail Transportation"],"processType":"UNIT_PROCESS","location":"RNA"},"flow":{"@type":"Flow","@id":"73c7494d-4e93-3769-896b-8bb82f0dfccc","name":"Transport, train, diesel powered","categoryPath":["Technosphere Flows","48-49: Transportation and Warehousing","4821: Rail Transportation"],"flowType":"PRODUCT_FLOW","location":"RNA","refUnit":"t*km"},"unit":{"@type":"Unit","@id":"0dea4ed8-bb6b-4049-b2b4-b2c413ef2180","name":"t*km"},"flowProperty":{"@type":"FlowProperty","@id":"838aaa20-0117-11db-92e3-0800200c9a66","name":"Goods transport (mass*distance)","categoryPath":["Technical flow properties"]},"uncertainty":{"@type":"Uncertainty","distributionType":"LOG_NORMAL_DISTRIBUTION","geomMean":2.37,"geomSd":1.0}}],"allocationFactors":[{"@type":"AllocationFactor","allocationType":"CAUSAL_ALLOCATION","exchange":{"@type":"Exchange","internalId":11,"flow":{"@type":"Flow","@id":"d815ff18-015c-3afb-be18-be03bdf325da","name":"Diesel, combusted in industrial equipment","categoryPath":["Technosphere Flows","22: Utilities","2213: Water, Sewage and Other Systems"],"flowType":"PRODUCT_FLOW","location":"RNA","refUnit":"m3"}},"product":{"@type":"Flow","@id":"894d8eff-5aa2-36a0-af0e-e0cadff322f9","name":"Thermoforming, rigid polypropylene part, at plant","categoryPath":["Technosphere Flows","31-33: Manufacturing","3261: Plastics Product Manufacturing"],"flowType":"PRODUCT_FLOW","location":"RNA","refUnit":"kg"},"value":1.0},{"@type":"AllocationFactor","allocationType":"ECONOMIC_ALLOCATION","product":{"@type":"Flow","@id":"894d8eff-5aa2-36a0-af0e-e0cadff322f9","name":"Thermoforming, rigid polypropylene part, at plant","categoryPath":["Technosphere Flows","31-33: Manufacturing","3261: Plastics Product Manufacturing"],"flowType":"PRODUCT_FLOW","location":"RNA","refUnit":"kg"},"value":1.0},{"@type":"AllocationFactor","allocationType":"CAUSAL_ALLOCATION","exchange":{"@type":"Exchange","internalId":11,"flow":{"@type":"Flow","@id":"d815ff18-015c-3afb-be18-be03bdf325da","name":"Diesel, combusted in industrial equipment","categoryPath":["Technosphere Flows","22: Utilities","2213: Water, Sewage and Other Systems"],"flowType":"PRODUCT_FLOW","location":"RNA","refUnit":"m3"}},"product":{"@type":"Flow","@id":"28543237-bc08-329b-8edc-99c31817a5df","name":"Corrugate packaging, from PP thermoforming, for shipping","categoryPath":["Technosphere Flows","31-33: Manufacturing","3222: Converted Paper Product Manufacturing"],"flowType":"PRODUCT_FLOW","location":"RNA","refUnit":"kg"},"value":0.0},{"@type":"AllocationFactor","allocationType":"CAUSAL_ALLOCATION","exchange":{"@type":"Exchange","internalId":15,"flow":{"@type":"Flow","@id":"838cef47-a3a6-3dce-bcb2-560991c5e95c","name":"Disposal, solid waste, unspecified, to sanitary landfill","categoryPath":["Technosphere Flows","CUTOFF Flows"],"flowType":"PRODUCT_FLOW","refUnit":"kg"}},"product":{"@type":"Flow","@id":"894d8eff-5aa2-36a0-af0e-e0cadff322f9","name":"Thermoforming, rigid polypropylene part, at plant","categoryPath":["Technosphere Flows","31-33: Manufacturing","3261: Plastics Product Manufacturing"],"flowType":"PRODUCT_FLOW","location":"RNA","refUnit":"kg"},"value":1.0},{"@type":"AllocationFactor","allocationType":"CAUSAL_ALLOCATION","exchange":{"@type":"Exchange","internalId":2,"flow":{"@type":"Flow","@id":"d0477b6a-115f-350d-bbb4-7f62243e3476","name":"Polypropylene, PP, virgin resin, at plant","categoryPath":["Technosphere Flows","31-33: Manufacturing","3252: Resin, Synthetic Rubber, and Artificial and Synthetic Fibers and Filaments Manufacturing"],"flowType":"PRODUCT_FLOW","location":"RNA","refUnit":"kg"}},"product":{"@type":"Flow","@id":"e60dcbad-cde4-3c69-8f30-649c401ad2e5","name":"Polypropylene scrap, from PP thermoforming, at plant","categoryPath":["Technosphere Flows","31-33: Manufacturing","3261: Plastics Product Manufacturing"],"flowType":"PRODUCT_FLOW","location":"RNA","refUnit":"kg"},"value":0.0},{"@type":"AllocationFactor","allocationType":"CAUSAL_ALLOCATION","exchange":{"@type":"Exchange","internalId":6,"flow":{"@type":"Flow","@id":"628c07ec-0802-39c1-ab88-1c62848ef436","name":"Transport, combination truck, diesel powered","categoryPath":["Technosphere Flows","48-49: Transportation and Warehousing","4841: General Freight Trucking"],"flowType":"PRODUCT_FLOW","location":"RNA","refUnit":"t*km"}},"product":{"@type":"Flow","@id":"28543237-bc08-329b-8edc-99c31817a5df","name":"Corrugate packaging, from PP thermoforming, for shipping","categoryPath":["Technosphere Flows","31-33: Manufacturing","3222: Converted Paper Product Manufacturing"],"flowType":"PRODUCT_FLOW","location":"RNA","refUnit":"kg"},"value":0.0},{"@type":"AllocationFactor","allocationType":"CAUSAL_ALLOCATION","exchange":{"@type":"Exchange","internalId":9,"flow":{"@type":"Flow","@id":"f77da622-e84d-3639-8917-fcf792aaee13","name":"Liquefied petroleum gas, combusted in industrial boiler","categoryPath":["Technosphere Flows","22: Utilities","2213: Water, Sewage and Other Systems"],"flowType":"PRODUCT_FLOW","location":"RNA","refUnit":"m3"}},"product":{"@type":"Flow","@id":"28543237-bc08-329b-8edc-99c31817a5df","name":"Corrugate packaging, from PP thermoforming, for shipping","categoryPath":["Technosphere Flows","31-33: Manufacturing","3222: Converted Paper Product Manufacturing"],"flowType":"PRODUCT_FLOW","location":"RNA","refUnit":"kg"},"value":0.0},{"@type":"AllocationFactor","allocationType":"CAUSAL_ALLOCATION","exchange":{"@type":"Exchange","internalId":13,"flow":{"@type":"Flow","@id":"bc38e349-1ccf-3855-a615-a4f581ab875b","name":"Gasoline, combusted in equipment","categoryPath":["Technosphere Flows","22: Utilities","2213: Water, Sewage and Other Systems"],"flowType":"PRODUCT_FLOW","location":"RNA","refUnit":"m3"}},"product":{"@type":"Flow","@id":"e60dcbad-cde4-3c69-8f30-649c401ad2e5","name":"Polypropylene scrap, from PP thermoforming, at plant","categoryPath":["Technosphere Flows","31-33: Manufacturing","3261: Plastics Product Manufacturing"],"flowType":"PRODUCT_FLOW","location":"RNA","refUnit":"kg"},"value":0.0},{"@type":"AllocationFactor","allocationType":"CAUSAL_ALLOCATION","exchange":{"@type":"Exchange","internalId":10,"flow":{"@type":"Flow","@id":"f806b9df-b77c-3369-a00f-feda82b0778c","name":"Corrugated product, average production, at mill","categoryPath":["Technosphere Flows","31-33: Manufacturing","3222: Converted Paper Product Manufacturing"],"flowType":"PRODUCT_FLOW","location":"US","refUnit":"kg"}},"product":{"@type":"Flow","@id":"e60dcbad-cde4-3c69-8f30-649c401ad2e5","name":"Polypropylene scrap, from PP thermoforming, at plant","categoryPath":["Technosphere Flows","31-33: Manufacturing","3261: Plastics Product Manufacturing"],"flowType":"PRODUCT_FLOW","location":"RNA","refUnit":"kg"},"value":0.0},{"@type":"AllocationFactor","allocationType":"CAUSAL_ALLOCATION","exchange":{"@type":"Exchange","internalId":15,"flow":{"@type":"Flow","@id":"838cef47-a3a6-3dce-bcb2-560991c5e95c","name":"Disposal, solid waste, unspecified, to sanitary landfill","categoryPath":["Technosphere Flows","CUTOFF Flows"],"flowType":"PRODUCT_FLOW","refUnit":"kg"}},"product":{"@type":"Flow","@id":"28543237-bc08-329b-8edc-99c31817a5df","name":"Corrugate packaging, from PP thermoforming, for shipping","categoryPath":["Technosphere Flows","31-33: Manufacturing","3222: Converted Paper Product Manufacturing"],"flowType":"PRODUCT_FLOW","location":"RNA","refUnit":"kg"},"value":0.0},{"@type":"AllocationFactor","allocationType":"CAUSAL_ALLOCATION","exchange":{"@type":"Exchange","internalId":3,"flow":{"@type":"Flow","@id":"0418b561-ecf8-33c8-9c81-225789f15bd3","name":"Particulate matter","categoryPath":["Elementary Flows","emission","air"],"flowType":"ELEMENTARY_FLOW","refUnit":"kg"}},"product":{"@type":"Flow","@id":"e60dcbad-cde4-3c69-8f30-649c401ad2e5","name":"Polypropylene scrap, from PP thermoforming, at plant","categoryPath":["Technosphere Flows","31-33: Manufacturing","3261: Plastics Product Manufacturing"],"flowType":"PRODUCT_FLOW","location":"RNA","refUnit":"kg"},"value":0.0},{"@type":"AllocationFactor","allocationType":"CAUSAL_ALLOCATION","exchange":{"@type":"Exchange","internalId":5,"flow":{"@type":"Flow","@id":"e2eb491c-78ff-3123-9e42-494c7d199b44","name":"Water","categoryPath":["Elementary Flows","resource","water"],"flowType":"ELEMENTARY_FLOW","refUnit":"kg"}},"product":{"@type":"Flow","@id":"e60dcbad-cde4-3c69-8f30-649c401ad2e5","name":"Polypropylene scrap, from PP thermoforming, at plant","categoryPath":["Technosphere Flows","31-33: Manufacturing","3261: Plastics Product Manufacturing"],"flowType":"PRODUCT_FLOW","location":"RNA","refUnit":"kg"},"value":0.0},{"@type":"AllocationFactor","allocationType":"PHYSICAL_ALLOCATION","product":{"@type":"Flow","@id":"e60dcbad-cde4-3c69-8f30-649c401ad2e5","name":"Polypropylene scrap, from PP thermoforming, at plant","categoryPath":["Technosphere Flows","31-33: Manufacturing","3261: Plastics Product Manufacturing"],"flowType":"PRODUCT_FLOW","location":"RNA","refUnit":"kg"},"value":0.0},{"@type":"AllocationFactor","allocationType":"CAUSAL_ALLOCATION","exchange":{"@type":"Exchange","internalId":9,"flow":{"@type":"Flow","@id":"f77da622-e84d-3639-8917-fcf792aaee13","name":"Liquefied petroleum gas, combusted in industrial boiler","categoryPath":["Technosphere Flows","22: Utilities","2213: Water, Sewage and Other Systems"],"flowType":"PRODUCT_FLOW","location":"RNA","refUnit":"m3"}},"product":{"@type":"Flow","@id":"894d8eff-5aa2-36a0-af0e-e0cadff322f9","name":"Thermoforming, rigid polypropylene part, at plant","categoryPath":["Technosphere Flows","31-33: Manufacturing","3261: Plastics Product Manufacturing"],"flowType":"PRODUCT_FLOW","location":"RNA","refUnit":"kg"},"value":1.0},{"@type":"AllocationFactor","allocationType":"PHYSICAL_ALLOCATION","product":{"@type":"Flow","@id":"894d8eff-5aa2-36a0-af0e-e0cadff322f9","name":"Thermoforming, rigid polypropylene part, at plant","categoryPath":["Technosphere Flows","31-33: Manufacturing","3261: Plastics Product Manufacturing"],"flowType":"PRODUCT_FLOW","location":"RNA","refUnit":"kg"},"value":1.0},{"@type":"AllocationFactor","allocationType":"CAUSAL_ALLOCATION","exchange":{"@type":"Exchange","internalId":2,"flow":{"@type":"Flow","@id":"d0477b6a-115f-350d-bbb4-7f62243e3476","name":"Polypropylene, PP, virgin resin, at plant","categoryPath":["Technosphere Flows","31-33: Manufacturing","3252: Resin, Synthetic Rubber, and Artificial and Synthetic Fibers and Filaments Manufacturing"],"flowType":"PRODUCT_FLOW","location":"RNA","refUnit":"kg"}},"product":{"@type":"Flow","@id":"28543237-bc08-329b-8edc-99c31817a5df","name":"Corrugate packaging, from PP thermoforming, for shipping","categoryPath":["Technosphere Flows","31-33: Manufacturing","3222: Converted Paper Product Manufacturing"],"flowType":"PRODUCT_FLOW","location":"RNA","refUnit":"kg"},"value":0.0},{"@type":"AllocationFactor","allocationType":"CAUSAL_ALLOCATION","exchange":{"@type":"Exchange","internalId":3,"flow":{"@type":"Flow","@id":"0418b561-ecf8-33c8-9c81-225789f15bd3","name":"Particulate matter","categoryPath":["Elementary Flows","emission","air"],"flowType":"ELEMENTARY_FLOW","refUnit":"kg"}},"product":{"@type":"Flow","@id":"894d8eff-5aa2-36a0-af0e-e0cadff322f9","name":"Thermoforming, rigid polypropylene part, at plant","categoryPath":["Technosphere Flows","31-33: Manufacturing","3261: Plastics Product Manufacturing"],"flowType":"PRODUCT_FLOW","location":"RNA","refUnit":"kg"},"value":1.0},{"@type":"AllocationFactor","allocationType":"CAUSAL_ALLOCATION","exchange":{"@type":"Exchange","internalId":9,"flow":{"@type":"Flow","@id":"f77da622-e84d-3639-8917-fcf792aaee13","name":"Liquefied petroleum gas, combusted in industrial boiler","categoryPath":["Technosphere Flows","22: Utilities","2213: Water, Sewage and Other Systems"],"flowType":"PRODUCT_FLOW","location":"RNA","refUnit":"m3"}},"product":{"@type":"Flow","@id":"e60dcbad-cde4-3c69-8f30-649c401ad2e5","name":"Polypropylene scrap, from PP thermoforming, at plant","categoryPath":["Technosphere Flows","31-33: Manufacturing","3261: Plastics Product Manufacturing"],"flowType":"PRODUCT_FLOW","location":"RNA","refUnit":"kg"},"value":0.0},{"@type":"AllocationFactor","allocationType":"CAUSAL_ALLOCATION","exchange":{"@type":"Exchange","internalId":3,"flow":{"@type":"Flow","@id":"0418b561-ecf8-33c8-9c81-225789f15bd3","name":"Particulate matter","categoryPath":["Elementary Flows","emission","air"],"flowType":"ELEMENTARY_FLOW","refUnit":"kg"}},"product":{"@type":"Flow","@id":"28543237-bc08-329b-8edc-99c31817a5df","name":"Corrugate packaging, from PP thermoforming, for shipping","categoryPath":["Technosphere Flows","31-33: Manufacturing","3222: Converted Paper Product Manufacturing"],"flowType":"PRODUCT_FLOW","location":"RNA","refUnit":"kg"},"value":0.0},{"@type":"AllocationFactor","allocationType":"CAUSAL_ALLOCATION","exchange":{"@type":"Exchange","internalId":4,"flow":{"@type":"Flow","@id":"bb1dc159-fe13-3f8e-8197-361e8c770ba3","name":"Natural gas, combusted in industrial boiler","categoryPath":["Technosphere Flows","22: Utilities","2213: Water, Sewage and Other Systems"],"flowType":"PRODUCT_FLOW","location":"RNA","refUnit":"m3"}},"product":{"@type":"Flow","@id":"28543237-bc08-329b-8edc-99c31817a5df","name":"Corrugate packaging, from PP thermoforming, for shipping","categoryPath":["Technosphere Flows","31-33: Manufacturing","3222: Converted Paper Product Manufacturing"],"flowType":"PRODUCT_FLOW","location":"RNA","refUnit":"kg"},"value":0.0},{"@type":"AllocationFactor","allocationType":"CAUSAL_ALLOCATION","exchange":{"@type":"Exchange","internalId":13,"flow":{"@type":"Flow","@id":"bc38e349-1ccf-3855-a615-a4f581ab875b","name":"Gasoline, combusted in equipment","categoryPath":["Technosphere Flows","22: Utilities","2213: Water, Sewage and Other Systems"],"flowType":"PRODUCT_FLOW","location":"RNA","refUnit":"m3"}},"product":{"@type":"Flow","@id":"28543237-bc08-329b-8edc-99c31817a5df","name":"Corrugate packaging, from PP thermoforming, for shipping","categoryPath":["Technosphere Flows","31-33: Manufacturing","3222: Converted Paper Product Manufacturing"],"flowType":"PRODUCT_FLOW","location":"RNA","refUnit":"kg"},"value":0.0},{"@type":"AllocationFactor","allocationType":"PHYSICAL_ALLOCATION","product":{"@type":"Flow","@id":"28543237-bc08-329b-8edc-99c31817a5df","name":"Corrugate packaging, from PP thermoforming, for shipping","categoryPath":["Technosphere Flows","31-33: Manufacturing","3222: Converted Paper Product Manufacturing"],"flowType":"PRODUCT_FLOW","location":"RNA","refUnit":"kg"},"value":0.0},{"@type":"AllocationFactor","allocationType":"CAUSAL_ALLOCATION","exchange":{"@type":"Exchange","internalId":15,"flow":{"@type":"Flow","@id":"838cef47-a3a6-3dce-bcb2-560991c5e95c","name":"Disposal, solid waste, unspecified, to sanitary landfill","categoryPath":["Technosphere Flows","CUTOFF Flows"],"flowType":"PRODUCT_FLOW","refUnit":"kg"}},"product":{"@type":"Flow","@id":"e60dcbad-cde4-3c69-8f30-649c401ad2e5","name":"Polypropylene scrap, from PP thermoforming, at plant","categoryPath":["Technosphere Flows","31-33: Manufacturing","3261: Plastics Product Manufacturing"],"flowType":"PRODUCT_FLOW","location":"RNA","refUnit":"kg"},"value":0.0},{"@type":"AllocationFactor","allocationType":"ECONOMIC_ALLOCATION","product":{"@type":"Flow","@id":"28543237-bc08-329b-8edc-99c31817a5df","name":"Corrugate packaging, from PP thermoforming, for shipping","categoryPath":["Technosphere Flows","31-33: Manufacturing","3222: Converted Paper Product Manufacturing"],"flowType":"PRODUCT_FLOW","location":"RNA","refUnit":"kg"},"value":0.0},{"@type":"AllocationFactor","allocationType":"CAUSAL_ALLOCATION","exchange":{"@type":"Exchange","internalId":6,"flow":{"@type":"Flow","@id":"628c07ec-0802-39c1-ab88-1c62848ef436","name":"Transport, combination truck, diesel powered","categoryPath":["Technosphere Flows","48-49: Transportation and Warehousing","4841: General Freight Trucking"],"flowType":"PRODUCT_FLOW","location":"RNA","refUnit":"t*km"}},"product":{"@type":"Flow","@id":"e60dcbad-cde4-3c69-8f30-649c401ad2e5","name":"Polypropylene scrap, from PP thermoforming, at plant","categoryPath":["Technosphere Flows","31-33: Manufacturing","3261: Plastics Product Manufacturing"],"flowType":"PRODUCT_FLOW","location":"RNA","refUnit":"kg"},"value":0.0},{"@type":"AllocationFactor","allocationType":"CAUSAL_ALLOCATION","exchange":{"@type":"Exchange","internalId":5,"flow":{"@type":"Flow","@id":"e2eb491c-78ff-3123-9e42-494c7d199b44","name":"Water","categoryPath":["Elementary Flows","resource","water"],"flowType":"ELEMENTARY_FLOW","refUnit":"kg"}},"product":{"@type":"Flow","@id":"894d8eff-5aa2-36a0-af0e-e0cadff322f9","name":"Thermoforming, rigid polypropylene part, at plant","categoryPath":["Technosphere Flows","31-33: Manufacturing","3261: Plastics Product Manufacturing"],"flowType":"PRODUCT_FLOW","location":"RNA","refUnit":"kg"},"value":1.0},{"@type":"AllocationFactor","allocationType":"CAUSAL_ALLOCATION","exchange":{"@type":"Exchange","internalId":16,"flow":{"@type":"Flow","@id":"06581fb2-1de0-3e78-8298-f37605dea142","name":"Electricity, at grid","categoryPath":["Technosphere Flows","22: Utilities","2211: Electric Power Generation, Transmission and Distribution"],"flowType":"PRODUCT_FLOW","location":"RNA","refUnit":"MJ"}},"product":{"@type":"Flow","@id":"28543237-bc08-329b-8edc-99c31817a5df","name":"Corrugate packaging, from PP thermoforming, for shipping","categoryPath":["Technosphere Flows","31-33: Manufacturing","3222: Converted Paper Product Manufacturing"],"flowType":"PRODUCT_FLOW","location":"RNA","refUnit":"kg"},"value":0.0},{"@type":"AllocationFactor","allocationType":"CAUSAL_ALLOCATION","exchange":{"@type":"Exchange","internalId":11,"flow":{"@type":"Flow","@id":"d815ff18-015c-3afb-be18-be03bdf325da","name":"Diesel, combusted in industrial equipment","categoryPath":["Technosphere Flows","22: Utilities","2213: Water, Sewage and Other Systems"],"flowType":"PRODUCT_FLOW","location":"RNA","refUnit":"m3"}},"product":{"@type":"Flow","@id":"e60dcbad-cde4-3c69-8f30-649c401ad2e5","name":"Polypropylene scrap, from PP thermoforming, at plant","categoryPath":["Technosphere Flows","31-33: Manufacturing","3261: Plastics Product Manufacturing"],"flowType":"PRODUCT_FLOW","location":"RNA","refUnit":"kg"},"value":0.0},{"@type":"AllocationFactor","allocationType":"CAUSAL_ALLOCATION","exchange":{"@type":"Exchange","internalId":6,"flow":{"@type":"Flow","@id":"628c07ec-0802-39c1-ab88-1c62848ef436","name":"Transport, combination truck, diesel powered","categoryPath":["Technosphere Flows","48-49: Transportation and Warehousing","4841: General Freight Trucking"],"flowType":"PRODUCT_FLOW","location":"RNA","refUnit":"t*km"}},"product":{"@type":"Flow","@id":"894d8eff-5aa2-36a0-af0e-e0cadff322f9","name":"Thermoforming, rigid polypropylene part, at plant","categoryPath":["Technosphere Flows","31-33: Manufacturing","3261: Plastics Product Manufacturing"],"flowType":"PRODUCT_FLOW","location":"RNA","refUnit":"kg"},"value":1.0},{"@type":"AllocationFactor","allocationType":"CAUSAL_ALLOCATION","exchange":{"@type":"Exchange","internalId":12,"flow":{"@type":"Flow","@id":"f6d02520-2139-30b7-9445-5ffe68b4fb5c","name":"Colorant, at plant","categoryPath":["Technosphere Flows","CUTOFF Flows"],"flowType":"PRODUCT_FLOW","refUnit":"kg"}},"product":{"@type":"Flow","@id":"894d8eff-5aa2-36a0-af0e-e0cadff322f9","name":"Thermoforming, rigid polypropylene part, at plant","categoryPath":["Technosphere Flows","31-33: Manufacturing","3261: Plastics Product Manufacturing"],"flowType":"PRODUCT_FLOW","location":"RNA","refUnit":"kg"},"value":1.0},{"@type":"AllocationFactor","allocationType":"CAUSAL_ALLOCATION","exchange":{"@type":"Exchange","internalId":7,"flow":{"@type":"Flow","@id":"73c7494d-4e93-3769-896b-8bb82f0dfccc","name":"Transport, train, diesel powered","categoryPath":["Technosphere Flows","48-49: Transportation and Warehousing","4821: Rail Transportation"],"flowType":"PRODUCT_FLOW","location":"RNA","refUnit":"t*km"}},"product":{"@type":"Flow","@id":"e60dcbad-cde4-3c69-8f30-649c401ad2e5","name":"Polypropylene scrap, from PP thermoforming, at plant","categoryPath":["Technosphere Flows","31-33: Manufacturing","3261: Plastics Product Manufacturing"],"flowType":"PRODUCT_FLOW","location":"RNA","refUnit":"kg"},"value":0.0},{"@type":"AllocationFactor","allocationType":"CAUSAL_ALLOCATION","exchange":{"@type":"Exchange","internalId":7,"flow":{"@type":"Flow","@id":"73c7494d-4e93-3769-896b-8bb82f0dfccc","name":"Transport, train, diesel powered","categoryPath":["Technosphere Flows","48-49: Transportation and Warehousing","4821: Rail Transportation"],"flowType":"PRODUCT_FLOW","location":"RNA","refUnit":"t*km"}},"product":{"@type":"Flow","@id":"894d8eff-5aa2-36a0-af0e-e0cadff322f9","name":"Thermoforming, rigid polypropylene part, at plant","categoryPath":["Technosphere Flows","31-33: Manufacturing","3261: Plastics Product Manufacturing"],"flowType":"PRODUCT_FLOW","location":"RNA","refUnit":"kg"},"value":1.0},{"@type":"AllocationFactor","allocationType":"CAUSAL_ALLOCATION","exchange":{"@type":"Exchange","internalId":7,"flow":{"@type":"Flow","@id":"73c7494d-4e93-3769-896b-8bb82f0dfccc","name":"Transport, train, diesel powered","categoryPath":["Technosphere Flows","48-49: Transportation and Warehousing","4821: Rail Transportation"],"flowType":"PRODUCT_FLOW","location":"RNA","refUnit":"t*km"}},"product":{"@type":"Flow","@id":"28543237-bc08-329b-8edc-99c31817a5df","name":"Corrugate packaging, from PP thermoforming, for shipping","categoryPath":["Technosphere Flows","31-33: Manufacturing","3222: Converted Paper Product Manufacturing"],"flowType":"PRODUCT_FLOW","location":"RNA","refUnit":"kg"},"value":0.0},{"@type":"AllocationFactor","allocationType":"CAUSAL_ALLOCATION","exchange":{"@type":"Exchange","internalId":10,"flow":{"@type":"Flow","@id":"f806b9df-b77c-3369-a00f-feda82b0778c","name":"Corrugated product, average production, at mill","categoryPath":["Technosphere Flows","31-33: Manufacturing","3222: Converted Paper Product Manufacturing"],"flowType":"PRODUCT_FLOW","location":"US","refUnit":"kg"}},"product":{"@type":"Flow","@id":"894d8eff-5aa2-36a0-af0e-e0cadff322f9","name":"Thermoforming, rigid polypropylene part, at plant","categoryPath":["Technosphere Flows","31-33: Manufacturing","3261: Plastics Product Manufacturing"],"flowType":"PRODUCT_FLOW","location":"RNA","refUnit":"kg"},"value":1.0},{"@type":"AllocationFactor","allocationType":"CAUSAL_ALLOCATION","exchange":{"@type":"Exchange","internalId":2,"flow":{"@type":"Flow","@id":"d0477b6a-115f-350d-bbb4-7f62243e3476","name":"Polypropylene, PP, virgin resin, at plant","categoryPath":["Technosphere Flows","31-33: Manufacturing","3252: Resin, Synthetic Rubber, and Artificial and Synthetic Fibers and Filaments Manufacturing"],"flowType":"PRODUCT_FLOW","location":"RNA","refUnit":"kg"}},"product":{"@type":"Flow","@id":"894d8eff-5aa2-36a0-af0e-e0cadff322f9","name":"Thermoforming, rigid polypropylene part, at plant","categoryPath":["Technosphere Flows","31-33: Manufacturing","3261: Plastics Product Manufacturing"],"flowType":"PRODUCT_FLOW","location":"RNA","refUnit":"kg"},"value":1.0},{"@type":"AllocationFactor","allocationType":"CAUSAL_ALLOCATION","exchange":{"@type":"Exchange","internalId":12,"flow":{"@type":"Flow","@id":"f6d02520-2139-30b7-9445-5ffe68b4fb5c","name":"Colorant, at plant","categoryPath":["Technosphere Flows","CUTOFF Flows"],"flowType":"PRODUCT_FLOW","refUnit":"kg"}},"product":{"@type":"Flow","@id":"28543237-bc08-329b-8edc-99c31817a5df","name":"Corrugate packaging, from PP thermoforming, for shipping","categoryPath":["Technosphere Flows","31-33: Manufacturing","3222: Converted Paper Product Manufacturing"],"flowType":"PRODUCT_FLOW","location":"RNA","refUnit":"kg"},"value":0.0},{"@type":"AllocationFactor","allocationType":"ECONOMIC_ALLOCATION","product":{"@type":"Flow","@id":"e60dcbad-cde4-3c69-8f30-649c401ad2e5","name":"Polypropylene scrap, from PP thermoforming, at plant","categoryPath":["Technosphere Flows","31-33: Manufacturing","3261: Plastics Product Manufacturing"],"flowType":"PRODUCT_FLOW","location":"RNA","refUnit":"kg"},"value":0.0},{"@type":"AllocationFactor","allocationType":"CAUSAL_ALLOCATION","exchange":{"@type":"Exchange","internalId":13,"flow":{"@type":"Flow","@id":"bc38e349-1ccf-3855-a615-a4f581ab875b","name":"Gasoline, combusted in equipment","categoryPath":["Technosphere Flows","22: Utilities","2213: Water, Sewage and Other Systems"],"flowType":"PRODUCT_FLOW","location":"RNA","refUnit":"m3"}},"product":{"@type":"Flow","@id":"894d8eff-5aa2-36a0-af0e-e0cadff322f9","name":"Thermoforming, rigid polypropylene part, at plant","categoryPath":["Technosphere Flows","31-33: Manufacturing","3261: Plastics Product Manufacturing"],"flowType":"PRODUCT_FLOW","location":"RNA","refUnit":"kg"},"value":1.0},{"@type":"AllocationFactor","allocationType":"CAUSAL_ALLOCATION","exchange":{"@type":"Exchange","internalId":10,"flow":{"@type":"Flow","@id":"f806b9df-b77c-3369-a00f-feda82b0778c","name":"Corrugated product, average production, at mill","categoryPath":["Technosphere Flows","31-33: Manufacturing","3222: Converted Paper Product Manufacturing"],"flowType":"PRODUCT_FLOW","location":"US","refUnit":"kg"}},"product":{"@type":"Flow","@id":"28543237-bc08-329b-8edc-99c31817a5df","name":"Corrugate packaging, from PP thermoforming, for shipping","categoryPath":["Technosphere Flows","31-33: Manufacturing","3222: Converted Paper Product Manufacturing"],"flowType":"PRODUCT_FLOW","location":"RNA","refUnit":"kg"},"value":0.0},{"@type":"AllocationFactor","allocationType":"CAUSAL_ALLOCATION","exchange":{"@type":"Exchange","internalId":4,"flow":{"@type":"Flow","@id":"bb1dc159-fe13-3f8e-8197-361e8c770ba3","name":"Natural gas, combusted in industrial boiler","categoryPath":["Technosphere Flows","22: Utilities","2213: Water, Sewage and Other Systems"],"flowType":"PRODUCT_FLOW","location":"RNA","refUnit":"m3"}},"product":{"@type":"Flow","@id":"e60dcbad-cde4-3c69-8f30-649c401ad2e5","name":"Polypropylene scrap, from PP thermoforming, at plant","categoryPath":["Technosphere Flows","31-33: Manufacturing","3261: Plastics Product Manufacturing"],"flowType":"PRODUCT_FLOW","location":"RNA","refUnit":"kg"},"value":0.0},{"@type":"AllocationFactor","allocationType":"CAUSAL_ALLOCATION","exchange":{"@type":"Exchange","internalId":5,"flow":{"@type":"Flow","@id":"e2eb491c-78ff-3123-9e42-494c7d199b44","name":"Water","categoryPath":["Elementary Flows","resource","water"],"flowType":"ELEMENTARY_FLOW","refUnit":"kg"}},"product":{"@type":"Flow","@id":"28543237-bc08-329b-8edc-99c31817a5df","name":"Corrugate packaging, from PP thermoforming, for shipping","categoryPath":["Technosphere Flows","31-33: Manufacturing","3222: Converted Paper Product Manufacturing"],"flowType":"PRODUCT_FLOW","location":"RNA","refUnit":"kg"},"value":0.0},{"@type":"AllocationFactor","allocationType":"CAUSAL_ALLOCATION","exchange":{"@type":"Exchange","internalId":4,"flow":{"@type":"Flow","@id":"bb1dc159-fe13-3f8e-8197-361e8c770ba3","name":"Natural gas, combusted in industrial boiler","categoryPath":["Technosphere Flows","22: Utilities","2213: Water, Sewage and Other Systems"],"flowType":"PRODUCT_FLOW","location":"RNA","refUnit":"m3"}},"product":{"@type":"Flow","@id":"894d8eff-5aa2-36a0-af0e-e0cadff322f9","name":"Thermoforming, rigid polypropylene part, at plant","categoryPath":["Technosphere Flows","31-33: Manufacturing","3261: Plastics Product Manufacturing"],"flowType":"PRODUCT_FLOW","location":"RNA","refUnit":"kg"},"value":1.0},{"@type":"AllocationFactor","allocationType":"CAUSAL_ALLOCATION","exchange":{"@type":"Exchange","internalId":16,"flow":{"@type":"Flow","@id":"06581fb2-1de0-3e78-8298-f37605dea142","name":"Electricity, at grid","categoryPath":["Technosphere Flows","22: Utilities","2211: Electric Power Generation, Transmission and Distribution"],"flowType":"PRODUCT_FLOW","location":"RNA","refUnit":"MJ"}},"product":{"@type":"Flow","@id":"e60dcbad-cde4-3c69-8f30-649c401ad2e5","name":"Polypropylene scrap, from PP thermoforming, at plant","categoryPath":["Technosphere Flows","31-33: Manufacturing","3261: Plastics Product Manufacturing"],"flowType":"PRODUCT_FLOW","location":"RNA","refUnit":"kg"},"value":0.0},{"@type":"AllocationFactor","allocationType":"CAUSAL_ALLOCATION","exchange":{"@type":"Exchange","internalId":12,"flow":{"@type":"Flow","@id":"f6d02520-2139-30b7-9445-5ffe68b4fb5c","name":"Colorant, at plant","categoryPath":["Technosphere Flows","CUTOFF Flows"],"flowType":"PRODUCT_FLOW","refUnit":"kg"}},"product":{"@type":"Flow","@id":"e60dcbad-cde4-3c69-8f30-649c401ad2e5","name":"Polypropylene scrap, from PP thermoforming, at plant","categoryPath":["Technosphere Flows","31-33: Manufacturing","3261: Plastics Product Manufacturing"],"flowType":"PRODUCT_FLOW","location":"RNA","refUnit":"kg"},"value":0.0},{"@type":"AllocationFactor","allocationType":"CAUSAL_ALLOCATION","exchange":{"@type":"Exchange","internalId":16,"flow":{"@type":"Flow","@id":"06581fb2-1de0-3e78-8298-f37605dea142","name":"Electricity, at grid","categoryPath":["Technosphere Flows","22: Utilities","2211: Electric Power Generation, Transmission and Distribution"],"flowType":"PRODUCT_FLOW","location":"RNA","refUnit":"MJ"}},"product":{"@type":"Flow","@id":"894d8eff-5aa2-36a0-af0e-e0cadff322f9","name":"Thermoforming, rigid polypropylene part, at plant","categoryPath":["Technosphere Flows","31-33: Manufacturing","3261: Plastics Product Manufacturing"],"flowType":"PRODUCT_FLOW","location":"RNA","refUnit":"kg"},"value":1.0}]}