{"@context":"http://greendelta.github.io/olca-schema/context.jsonld","@type":"Process","@id":"1e2429d8-8d91-328f-85c3-18d39bdebfa7","name":"Transport, ocean freighter, average fuel mix","description":" Important note: although most of the data in the US LCI database has  undergone some sort of review, the database as a whole has not yet  undergone a formal validation process. Please email comments to lci@nrel.gov.","version":"00.00.002","lastChange":"2019-07-22T22:26:07.391-06:00","category":{"@type":"Category","@id":"64303e01-ef90-3010-bc72-3ae1f7ea69eb","name":"4831: Deep Sea, Coastal, and Great Lakes Water Transportation","categoryPath":["48-49: Transportation and Warehousing"],"categoryType":"Process"},"processType":"UNIT_PROCESS","defaultAllocationMethod":"NO_ALLOCATION","infrastructureProcess":false,"location":{"@type":"Location","@id":"0b3b97fa-6688-3c56-88ee-4ae80ec0c3c2","name":"United States"},"processDocumentation":{"@type":"ProcessDocumentation","technologyDescription":"Mixing process for ocean freighter, 90% residual oil and 10% diesel.","restrictionsDescription":"All information can be accessed by everybody.","copyright":false,"validFrom":"2000-12-31-07:00","validUntil":"2000-12-31-07:00","creationDate":"2015-09-11T12:30:12.007-06:00","geographyDescription":"United States","dataDocumentor":{"@type":"Actor","@id":"62495bdc-f14c-3f24-a3da-046d2bcfeae9","name":"Pascal Lesage, Sylvatica"},"dataGenerator":{"@type":"Actor","@id":"62495bdc-f14c-3f24-a3da-046d2bcfeae9","name":"Pascal Lesage, Sylvatica"},"publication":{"@type":"Source","@id":"a1d5a5d4-b80a-387e-a7ef-5e80cf63d2a9","name":"James Littlefield "},"sources":[{"@type":"Source","@id":"a1d5a5d4-b80a-387e-a7ef-5e80cf63d2a9","name":"James Littlefield "}]},"lastInternalId":0,"exchanges":[{"@type":"Exchange","avoidedProduct":false,"input":false,"amount":1.0,"internalId":1,"flow":{"@type":"Flow","@id":"0e63d1db-e383-3c9a-b02a-b5eebafe87d1","name":"Transport, ocean freighter, average fuel mix","categoryPath":["Technosphere Flows","48-49: Transportation and Warehousing","4831: Deep Sea, Coastal, and Great Lakes Water Transportation"],"flowType":"PRODUCT_FLOW","location":"RNA","refUnit":"t*km"},"unit":{"@type":"Unit","@id":"0dea4ed8-bb6b-4049-b2b4-b2c413ef2180","name":"t*km"},"flowProperty":{"@type":"FlowProperty","@id":"838aaa20-0117-11db-92e3-0800200c9a66","name":"Goods transport (mass*distance)","categoryPath":["Technical flow properties"]},"quantitativeReference":true},{"@type":"Exchange","avoidedProduct":false,"input":true,"amount":0.1,"internalId":2,"defaultProvider":{"@type":"Process","@id":"da0f5501-f4ab-32d1-80b7-b70d143608f6","name":"Transport, ocean freighter, diesel powered","categoryPath":["48-49: Transportation and Warehousing","4831: Deep Sea, Coastal, and Great Lakes Water Transportation"],"processType":"UNIT_PROCESS","location":"US"},"flow":{"@type":"Flow","@id":"6c65fc34-c25e-3eb4-bc92-15bbfc457725","name":"Transport, ocean freighter, diesel powered","categoryPath":["Technosphere Flows","48-49: Transportation and Warehousing","4831: Deep Sea, Coastal, and Great Lakes Water Transportation"],"flowType":"PRODUCT_FLOW","location":"US","refUnit":"t*km"},"unit":{"@type":"Unit","@id":"0dea4ed8-bb6b-4049-b2b4-b2c413ef2180","name":"t*km"},"flowProperty":{"@type":"FlowProperty","@id":"838aaa20-0117-11db-92e3-0800200c9a66","name":"Goods transport (mass*distance)","categoryPath":["Technical flow properties"]}},{"@type":"Exchange","avoidedProduct":false,"input":true,"amount":0.9,"internalId":3,"defaultProvider":{"@type":"Process","@id":"f85fcdde-6c6b-3bbb-8efc-de6cb34c9ac7","name":"Transport, ocean freighter, residual fuel oil powered","categoryPath":["48-49: Transportation and Warehousing","4831: Deep Sea, Coastal, and Great Lakes Water Transportation"],"processType":"UNIT_PROCESS","location":"US"},"flow":{"@type":"Flow","@id":"735f1d86-f99a-3ffa-adae-176c545744ab","name":"Transport, ocean freighter, residual fuel oil powered","categoryPath":["Technosphere Flows","48-49: Transportation and Warehousing","4831: Deep Sea, Coastal, and Great Lakes Water Transportation"],"flowType":"PRODUCT_FLOW","location":"US","refUnit":"t*km"},"unit":{"@type":"Unit","@id":"0dea4ed8-bb6b-4049-b2b4-b2c413ef2180","name":"t*km"},"flowProperty":{"@type":"FlowProperty","@id":"838aaa20-0117-11db-92e3-0800200c9a66","name":"Goods transport (mass*distance)","categoryPath":["Technical flow properties"]}}]}