{"@context":"http://greendelta.github.io/olca-schema/context.jsonld","@type":"Process","@id":"2250f2f2-7faa-3307-9534-ca78b371b4dd","name":"Steel, cold-formed studs and track, at plant","description":"The gate-to-gate data set covers all relevant input and output flows of the represented gate to gate unit process. The inventory is mainly based on industry data and is completed, where necessary, by secondary data. Dummy flows indicate inputs and outputs without corresponding USLCI process data for upstream production of materials or downstream treatment of waste (as of 2014).\r\n\r\nUpdated October 2018 to reflect corrected waste flows.","version":"00.00.006","lastChange":"2021-01-23T23:47:43.509-07:00","category":{"@type":"Category","@id":"6b977fa6-415c-3599-93ca-97a82144bdc5","name":"3312: Steel Product Manufacturing from Purchased Steel","categoryPath":["31-33: Manufacturing"],"categoryType":"Process"},"processType":"UNIT_PROCESS","defaultAllocationMethod":"NO_ALLOCATION","infrastructureProcess":false,"location":{"@type":"Location","@id":"b320e7db-c758-3ba6-8839-81eb83c9d7d7","name":"Northern America"},"processDocumentation":{"@type":"ProcessDocumentation","timeDescription":"annual average","technologyDescription":"Cold-formed steel studs produced via slitting and roll forming steel sheet. The gate-to-gate process includes on-site propane combustion emissions. Inbound and outbound transportation of raw materials and finished product is not included.","reviewDetails":"The LCI method applied is in compliance with ISO 14040 and 14044. The documentation includes all relevant information in view of the data quality and scope of the application of the respective LCI result / data set. The dataset represents the state-of-the-art in view of the referenced functional unit. ","samplingDescription":"","restrictionsDescription":"All information can be accessed by everybody.","copyright":true,"validFrom":"2011-12-31-07:00","validUntil":"2016-12-31-07:00","creationDate":"2015-08-24T09:55:30.758-06:00","geographyDescription":"The data set represents gate-to-gate production in North America (specifically US and Canada) of Steel Framing Alliance (SFA) members.","reviewer":{"@type":"Actor","@id":"73f286cb-7468-311d-b5fb-ef1ad7e96d78","name":"PE INTERNATIONAL AG"},"dataDocumentor":{"@type":"Actor","@id":"73f286cb-7468-311d-b5fb-ef1ad7e96d78","name":"PE INTERNATIONAL AG"},"dataGenerator":{"@type":"Actor","@id":"73f286cb-7468-311d-b5fb-ef1ad7e96d78","name":"PE INTERNATIONAL AG"},"publication":{"@type":"Source","@id":"ecc4b6f8-5ac4-3ace-b7c3-b1a8d12de473","name":"Steel Framing Alliance (SFA) "},"sources":[{"@type":"Source","@id":"ecc4b6f8-5ac4-3ace-b7c3-b1a8d12de473","name":"Steel Framing Alliance (SFA) "}]},"lastInternalId":4,"exchanges":[{"@type":"Exchange","avoidedProduct":false,"input":false,"amount":1.0,"internalId":3,"flow":{"@type":"Flow","@id":"88f1219a-d464-3e29-b43d-7a4d6ca4db8d","name":"Steel, cold-formed studs and track, at plant","categoryPath":["Technosphere Flows","31-33: Manufacturing","3312: Steel Product Manufacturing from Purchased Steel"],"flowType":"PRODUCT_FLOW","location":"RNA","refUnit":"kg"},"unit":{"@type":"Unit","@id":"20aadc24-a391-41cf-b340-3e4529f44bde","name":"kg"},"flowProperty":{"@type":"FlowProperty","@id":"93a60a56-a3c8-11da-a746-0800200b9a66","name":"Mass","categoryPath":["Technical flow properties"]},"quantitativeReference":true},{"@type":"Exchange","avoidedProduct":false,"input":true,"amount":2.04E-4,"internalId":3,"flow":{"@type":"Flow","@id":"d3aa62e6-8808-3aa0-9f20-1acdeb581e81","name":"Plastic band, for packaging","categoryPath":["Technosphere Flows","CUTOFF Flows"],"flowType":"PRODUCT_FLOW","refUnit":"kg"},"unit":{"@type":"Unit","@id":"20aadc24-a391-41cf-b340-3e4529f44bde","name":"kg"},"flowProperty":{"@type":"FlowProperty","@id":"93a60a56-a3c8-11da-a746-0800200b9a66","name":"Mass","categoryPath":["Technical flow properties"]},"uncertainty":{"@type":"Uncertainty","distributionType":"LOG_NORMAL_DISTRIBUTION","geomMean":2.04E-4,"geomSd":1.0}},{"@type":"Exchange","avoidedProduct":false,"input":true,"amount":0.00202,"internalId":6,"flow":{"@type":"Flow","@id":"cc20a150-0645-3942-8444-1241d54820ce","name":"Steel band, for packaging","categoryPath":["Technosphere Flows","CUTOFF Flows"],"flowType":"PRODUCT_FLOW","refUnit":"kg"},"unit":{"@type":"Unit","@id":"20aadc24-a391-41cf-b340-3e4529f44bde","name":"kg"},"flowProperty":{"@type":"FlowProperty","@id":"93a60a56-a3c8-11da-a746-0800200b9a66","name":"Mass","categoryPath":["Technical flow properties"]},"uncertainty":{"@type":"Uncertainty","distributionType":"LOG_NORMAL_DISTRIBUTION","geomMean":0.00202,"geomSd":1.0}},{"@type":"Exchange","avoidedProduct":false,"input":true,"amount":1.03,"internalId":11,"defaultProvider":{"@type":"Process","@id":"d6510d2d-d29c-3705-b686-b7903cd6e6bd","name":"Galvanized steel sheet, at plant","categoryPath":["31-33: Manufacturing","3311: Iron and Steel Mills and Ferroalloy Manufacturing"],"processType":"UNIT_PROCESS","location":"RNA"},"flow":{"@type":"Flow","@id":"a117f4f3-8ff6-34a0-a284-b9dfa94b87d5","name":"Galvanized steel sheet, at plant","categoryPath":["Technosphere Flows","31-33: Manufacturing","3311: Iron and Steel Mills and Ferroalloy Manufacturing"],"flowType":"PRODUCT_FLOW","refUnit":"kg"},"unit":{"@type":"Unit","@id":"20aadc24-a391-41cf-b340-3e4529f44bde","name":"kg"},"flowProperty":{"@type":"FlowProperty","@id":"93a60a56-a3c8-11da-a746-0800200b9a66","name":"Mass","categoryPath":["Technical flow properties"]},"uncertainty":{"@type":"Uncertainty","distributionType":"LOG_NORMAL_DISTRIBUTION","geomMean":1.03,"geomSd":1.0}},{"@type":"Exchange","avoidedProduct":false,"input":false,"amount":0.0284,"internalId":4,"flow":{"@type":"Flow","@id":"a5794f56-9fa1-4228-ad02-6d3c983bbe4f","name":"Steel scrap; zinc-coated, from cold-forming; at plant","categoryPath":["Technosphere Flows","31-33: Manufacturing","3312: Steel Product Manufacturing from Purchased Steel"],"flowType":"PRODUCT_FLOW","refUnit":"kg"},"unit":{"@type":"Unit","@id":"20aadc24-a391-41cf-b340-3e4529f44bde","name":"kg"},"flowProperty":{"@type":"FlowProperty","@id":"93a60a56-a3c8-11da-a746-0800200b9a66","name":"Mass","categoryPath":["Technical flow properties"]}},{"@type":"Exchange","avoidedProduct":false,"input":true,"amount":0.194048892,"internalId":9,"defaultProvider":{"@type":"Process","@id":"89389d98-1ba6-30c5-9c33-92443694936b","name":"Electricity, at Grid, US, 2010","categoryPath":["22: Utilities","2211: Electric Power Generation, Transmission and Distribution"],"processType":"UNIT_PROCESS","location":"RNA"},"flow":{"@type":"Flow","@id":"06581fb2-1de0-3e78-8298-f37605dea142","name":"Electricity, at grid","categoryPath":["Technosphere Flows","22: Utilities","2211: Electric Power Generation, Transmission and Distribution"],"flowType":"PRODUCT_FLOW","location":"RNA","refUnit":"MJ"},"unit":{"@type":"Unit","@id":"52765a6c-3896-43c2-b2f4-c679acf13efe","name":"MJ"},"flowProperty":{"@type":"FlowProperty","@id":"f6811440-ee37-11de-8a39-0800200c9a66","name":"Energy","categoryPath":["Technical flow properties"]},"uncertainty":{"@type":"Uncertainty","distributionType":"LOG_NORMAL_DISTRIBUTION","geomMean":0.194048892,"geomSd":1.0}},{"@type":"Exchange","avoidedProduct":false,"input":true,"amount":0.0206,"internalId":7,"flow":{"@type":"Flow","@id":"1bdde5db-1a2e-3d2d-89cb-cc2599ca4921","name":"Pallet, for packaging","categoryPath":["Technosphere Flows","CUTOFF Flows"],"flowType":"PRODUCT_FLOW","refUnit":"kg"},"unit":{"@type":"Unit","@id":"20aadc24-a391-41cf-b340-3e4529f44bde","name":"kg"},"flowProperty":{"@type":"FlowProperty","@id":"93a60a56-a3c8-11da-a746-0800200b9a66","name":"Mass","categoryPath":["Technical flow properties"]},"uncertainty":{"@type":"Uncertainty","distributionType":"LOG_NORMAL_DISTRIBUTION","geomMean":0.0206,"geomSd":1.0}},{"@type":"Exchange","avoidedProduct":false,"input":true,"amount":3.09E-4,"internalId":1,"flow":{"@type":"Flow","@id":"26bec41a-b898-310b-b14e-0de7213461f2","name":"Disposal, wood waste, to residual material landfill","categoryPath":["Technosphere Flows","CUTOFF Flows"],"flowType":"PRODUCT_FLOW","refUnit":"kg"},"unit":{"@type":"Unit","@id":"20aadc24-a391-41cf-b340-3e4529f44bde","name":"kg"},"flowProperty":{"@type":"FlowProperty","@id":"93a60a56-a3c8-11da-a746-0800200b9a66","name":"Mass","categoryPath":["Technical flow properties"]}},{"@type":"Exchange","avoidedProduct":false,"input":true,"amount":0.001313073,"internalId":10,"flow":{"@type":"Flow","@id":"9503c3e4-b5a3-3ac8-9f09-12749c098321","name":"Propane, combusted in equipment","categoryPath":["Technosphere Flows","CUTOFF Flows"],"flowType":"PRODUCT_FLOW","refUnit":"kg"},"unit":{"@type":"Unit","@id":"20aadc24-a391-41cf-b340-3e4529f44bde","name":"kg"},"flowProperty":{"@type":"FlowProperty","@id":"93a60a56-a3c8-11da-a746-0800200b9a66","name":"Mass","categoryPath":["Technical flow properties"]},"uncertainty":{"@type":"Uncertainty","distributionType":"LOG_NORMAL_DISTRIBUTION","geomMean":0.001313073,"geomSd":1.0}},{"@type":"Exchange","avoidedProduct":false,"input":true,"amount":9.22E-5,"internalId":5,"defaultProvider":{"@type":"Process","@id":"98d423fc-789a-42d0-b961-18a96bc6491c","name":"Lubricant feedstock, at refinery","categoryPath":["31-33: Manufacturing","3241: Petroleum and Coal Products Manufacturing"],"processType":"UNIT_PROCESS"},"flow":{"@type":"Flow","@id":"99479e91-ab64-3c73-86cb-d96373f37939","name":"Lubricant feedstock, at refinery","categoryPath":["Technosphere Flows","31-33: Manufacturing","3241: Petroleum and Coal Products Manufacturing"],"flowType":"PRODUCT_FLOW","refUnit":"kg"},"unit":{"@type":"Unit","@id":"20aadc24-a391-41cf-b340-3e4529f44bde","name":"kg"},"flowProperty":{"@type":"FlowProperty","@id":"93a60a56-a3c8-11da-a746-0800200b9a66","name":"Mass","categoryPath":["Technical flow properties"]},"uncertainty":{"@type":"Uncertainty","distributionType":"LOG_NORMAL_DISTRIBUTION","geomMean":9.22E-5,"geomSd":1.0}},{"@type":"Exchange","avoidedProduct":false,"input":false,"amount":0.00356,"internalId":4,"flow":{"@type":"Flow","@id":"b6f010fb-a764-3063-af2d-bcb8309a97b7","name":"Carbon dioxide","categoryPath":["Elementary Flows","emission","air"],"flowType":"ELEMENTARY_FLOW","refUnit":"kg"},"unit":{"@type":"Unit","@id":"20aadc24-a391-41cf-b340-3e4529f44bde","name":"kg"},"flowProperty":{"@type":"FlowProperty","@id":"93a60a56-a3c8-11da-a746-0800200b9a66","name":"Mass","categoryPath":["Technical flow properties"]},"uncertainty":{"@type":"Uncertainty","distributionType":"LOG_NORMAL_DISTRIBUTION","geomMean":0.00356,"geomSd":1.0}},{"@type":"Exchange","avoidedProduct":false,"input":true,"amount":5.47E-5,"internalId":2,"flow":{"@type":"Flow","@id":"f8973d41-1ca2-3034-94da-5bfa0f7a0202","name":"Disposal, solid waste, unspecified, to unspecified landfill","categoryPath":["Technosphere Flows","CUTOFF Flows"],"flowType":"PRODUCT_FLOW","refUnit":"kg"},"unit":{"@type":"Unit","@id":"20aadc24-a391-41cf-b340-3e4529f44bde","name":"kg"},"flowProperty":{"@type":"FlowProperty","@id":"93a60a56-a3c8-11da-a746-0800200b9a66","name":"Mass","categoryPath":["Technical flow properties"]}}],"allocationFactors":[{"@type":"AllocationFactor","allocationType":"CAUSAL_ALLOCATION","exchange":{"@type":"Exchange","internalId":9,"flow":{"@type":"Flow","@id":"06581fb2-1de0-3e78-8298-f37605dea142","name":"Electricity, at grid","categoryPath":["Technosphere Flows","22: Utilities","2211: Electric Power Generation, Transmission and Distribution"],"flowType":"PRODUCT_FLOW","location":"RNA","refUnit":"MJ"}},"product":{"@type":"Flow","@id":"a5794f56-9fa1-4228-ad02-6d3c983bbe4f","name":"Steel scrap; zinc-coated, from cold-forming; at plant","categoryPath":["Technosphere Flows","31-33: Manufacturing","3312: Steel Product Manufacturing from Purchased Steel"],"flowType":"PRODUCT_FLOW","refUnit":"kg"},"value":0.0},{"@type":"AllocationFactor","allocationType":"CAUSAL_ALLOCATION","exchange":{"@type":"Exchange","internalId":10,"flow":{"@type":"Flow","@id":"9503c3e4-b5a3-3ac8-9f09-12749c098321","name":"Propane, combusted in equipment","categoryPath":["Technosphere Flows","CUTOFF Flows"],"flowType":"PRODUCT_FLOW","refUnit":"kg"}},"product":{"@type":"Flow","@id":"a5794f56-9fa1-4228-ad02-6d3c983bbe4f","name":"Steel scrap; zinc-coated, from cold-forming; at plant","categoryPath":["Technosphere Flows","31-33: Manufacturing","3312: Steel Product Manufacturing from Purchased Steel"],"flowType":"PRODUCT_FLOW","refUnit":"kg"},"value":0.0},{"@type":"AllocationFactor","allocationType":"CAUSAL_ALLOCATION","exchange":{"@type":"Exchange","internalId":5,"flow":{"@type":"Flow","@id":"99479e91-ab64-3c73-86cb-d96373f37939","name":"Lubricant feedstock, at refinery","categoryPath":["Technosphere Flows","31-33: Manufacturing","3241: Petroleum and Coal Products Manufacturing"],"flowType":"PRODUCT_FLOW","refUnit":"kg"}},"product":{"@type":"Flow","@id":"a5794f56-9fa1-4228-ad02-6d3c983bbe4f","name":"Steel scrap; zinc-coated, from cold-forming; at plant","categoryPath":["Technosphere Flows","31-33: Manufacturing","3312: Steel Product Manufacturing from Purchased Steel"],"flowType":"PRODUCT_FLOW","refUnit":"kg"},"value":0.0},{"@type":"AllocationFactor","allocationType":"CAUSAL_ALLOCATION","exchange":{"@type":"Exchange","internalId":4,"flow":{"@type":"Flow","@id":"a5794f56-9fa1-4228-ad02-6d3c983bbe4f","name":"Steel scrap; zinc-coated, from cold-forming; at plant","categoryPath":["Technosphere Flows","31-33: Manufacturing","3312: Steel Product Manufacturing from Purchased Steel"],"flowType":"PRODUCT_FLOW","refUnit":"kg"}},"product":{"@type":"Flow","@id":"88f1219a-d464-3e29-b43d-7a4d6ca4db8d","name":"Steel, cold-formed studs and track, at plant","categoryPath":["Technosphere Flows","31-33: Manufacturing","3312: Steel Product Manufacturing from Purchased Steel"],"flowType":"PRODUCT_FLOW","location":"RNA","refUnit":"kg"},"value":0.0},{"@type":"AllocationFactor","allocationType":"ECONOMIC_ALLOCATION","product":{"@type":"Flow","@id":"88f1219a-d464-3e29-b43d-7a4d6ca4db8d","name":"Steel, cold-formed studs and track, at plant","categoryPath":["Technosphere Flows","31-33: Manufacturing","3312: Steel Product Manufacturing from Purchased Steel"],"flowType":"PRODUCT_FLOW","location":"RNA","refUnit":"kg"},"value":1.0},{"@type":"AllocationFactor","allocationType":"CAUSAL_ALLOCATION","exchange":{"@type":"Exchange","internalId":11,"flow":{"@type":"Flow","@id":"a117f4f3-8ff6-34a0-a284-b9dfa94b87d5","name":"Galvanized steel sheet, at plant","categoryPath":["Technosphere Flows","31-33: Manufacturing","3311: Iron and Steel Mills and Ferroalloy Manufacturing"],"flowType":"PRODUCT_FLOW","refUnit":"kg"}},"product":{"@type":"Flow","@id":"88f1219a-d464-3e29-b43d-7a4d6ca4db8d","name":"Steel, cold-formed studs and track, at plant","categoryPath":["Technosphere Flows","31-33: Manufacturing","3312: Steel Product Manufacturing from Purchased Steel"],"flowType":"PRODUCT_FLOW","location":"RNA","refUnit":"kg"},"value":1.0},{"@type":"AllocationFactor","allocationType":"ECONOMIC_ALLOCATION","product":{"@type":"Flow","@id":"a5794f56-9fa1-4228-ad02-6d3c983bbe4f","name":"Steel scrap; zinc-coated, from cold-forming; at plant","categoryPath":["Technosphere Flows","31-33: Manufacturing","3312: Steel Product Manufacturing from Purchased Steel"],"flowType":"PRODUCT_FLOW","refUnit":"kg"},"value":0.0},{"@type":"AllocationFactor","allocationType":"CAUSAL_ALLOCATION","exchange":{"@type":"Exchange","internalId":10,"flow":{"@type":"Flow","@id":"9503c3e4-b5a3-3ac8-9f09-12749c098321","name":"Propane, combusted in equipment","categoryPath":["Technosphere Flows","CUTOFF Flows"],"flowType":"PRODUCT_FLOW","refUnit":"kg"}},"product":{"@type":"Flow","@id":"88f1219a-d464-3e29-b43d-7a4d6ca4db8d","name":"Steel, cold-formed studs and track, at plant","categoryPath":["Technosphere Flows","31-33: Manufacturing","3312: Steel Product Manufacturing from Purchased Steel"],"flowType":"PRODUCT_FLOW","location":"RNA","refUnit":"kg"},"value":1.0},{"@type":"AllocationFactor","allocationType":"CAUSAL_ALLOCATION","exchange":{"@type":"Exchange","internalId":6,"flow":{"@type":"Flow","@id":"cc20a150-0645-3942-8444-1241d54820ce","name":"Steel band, for packaging","categoryPath":["Technosphere Flows","CUTOFF Flows"],"flowType":"PRODUCT_FLOW","refUnit":"kg"}},"product":{"@type":"Flow","@id":"a5794f56-9fa1-4228-ad02-6d3c983bbe4f","name":"Steel scrap; zinc-coated, from cold-forming; at plant","categoryPath":["Technosphere Flows","31-33: Manufacturing","3312: Steel Product Manufacturing from Purchased Steel"],"flowType":"PRODUCT_FLOW","refUnit":"kg"},"value":0.0},{"@type":"AllocationFactor","allocationType":"CAUSAL_ALLOCATION","exchange":{"@type":"Exchange","internalId":4,"flow":{"@type":"Flow","@id":"a5794f56-9fa1-4228-ad02-6d3c983bbe4f","name":"Steel scrap; zinc-coated, from cold-forming; at plant","categoryPath":["Technosphere Flows","31-33: Manufacturing","3312: Steel Product Manufacturing from Purchased Steel"],"flowType":"PRODUCT_FLOW","refUnit":"kg"}},"product":{"@type":"Flow","@id":"88f1219a-d464-3e29-b43d-7a4d6ca4db8d","name":"Steel, cold-formed studs and track, at plant","categoryPath":["Technosphere Flows","31-33: Manufacturing","3312: Steel Product Manufacturing from Purchased Steel"],"flowType":"PRODUCT_FLOW","location":"RNA","refUnit":"kg"},"value":1.0},{"@type":"AllocationFactor","allocationType":"CAUSAL_ALLOCATION","exchange":{"@type":"Exchange","internalId":11,"flow":{"@type":"Flow","@id":"a117f4f3-8ff6-34a0-a284-b9dfa94b87d5","name":"Galvanized steel sheet, at plant","categoryPath":["Technosphere Flows","31-33: Manufacturing","3311: Iron and Steel Mills and Ferroalloy Manufacturing"],"flowType":"PRODUCT_FLOW","refUnit":"kg"}},"product":{"@type":"Flow","@id":"a5794f56-9fa1-4228-ad02-6d3c983bbe4f","name":"Steel scrap; zinc-coated, from cold-forming; at plant","categoryPath":["Technosphere Flows","31-33: Manufacturing","3312: Steel Product Manufacturing from Purchased Steel"],"flowType":"PRODUCT_FLOW","refUnit":"kg"},"value":0.0},{"@type":"AllocationFactor","allocationType":"CAUSAL_ALLOCATION","exchange":{"@type":"Exchange","internalId":4,"flow":{"@type":"Flow","@id":"a5794f56-9fa1-4228-ad02-6d3c983bbe4f","name":"Steel scrap; zinc-coated, from cold-forming; at plant","categoryPath":["Technosphere Flows","31-33: Manufacturing","3312: Steel Product Manufacturing from Purchased Steel"],"flowType":"PRODUCT_FLOW","refUnit":"kg"}},"product":{"@type":"Flow","@id":"a5794f56-9fa1-4228-ad02-6d3c983bbe4f","name":"Steel scrap; zinc-coated, from cold-forming; at plant","categoryPath":["Technosphere Flows","31-33: Manufacturing","3312: Steel Product Manufacturing from Purchased Steel"],"flowType":"PRODUCT_FLOW","refUnit":"kg"},"value":0.0},{"@type":"AllocationFactor","allocationType":"CAUSAL_ALLOCATION","exchange":{"@type":"Exchange","internalId":7,"flow":{"@type":"Flow","@id":"1bdde5db-1a2e-3d2d-89cb-cc2599ca4921","name":"Pallet, for packaging","categoryPath":["Technosphere Flows","CUTOFF Flows"],"flowType":"PRODUCT_FLOW","refUnit":"kg"}},"product":{"@type":"Flow","@id":"a5794f56-9fa1-4228-ad02-6d3c983bbe4f","name":"Steel scrap; zinc-coated, from cold-forming; at plant","categoryPath":["Technosphere Flows","31-33: Manufacturing","3312: Steel Product Manufacturing from Purchased Steel"],"flowType":"PRODUCT_FLOW","refUnit":"kg"},"value":0.0},{"@type":"AllocationFactor","allocationType":"PHYSICAL_ALLOCATION","product":{"@type":"Flow","@id":"88f1219a-d464-3e29-b43d-7a4d6ca4db8d","name":"Steel, cold-formed studs and track, at plant","categoryPath":["Technosphere Flows","31-33: Manufacturing","3312: Steel Product Manufacturing from Purchased Steel"],"flowType":"PRODUCT_FLOW","location":"RNA","refUnit":"kg"},"value":1.0},{"@type":"AllocationFactor","allocationType":"CAUSAL_ALLOCATION","exchange":{"@type":"Exchange","internalId":7,"flow":{"@type":"Flow","@id":"1bdde5db-1a2e-3d2d-89cb-cc2599ca4921","name":"Pallet, for packaging","categoryPath":["Technosphere Flows","CUTOFF Flows"],"flowType":"PRODUCT_FLOW","refUnit":"kg"}},"product":{"@type":"Flow","@id":"88f1219a-d464-3e29-b43d-7a4d6ca4db8d","name":"Steel, cold-formed studs and track, at plant","categoryPath":["Technosphere Flows","31-33: Manufacturing","3312: Steel Product Manufacturing from Purchased Steel"],"flowType":"PRODUCT_FLOW","location":"RNA","refUnit":"kg"},"value":1.0},{"@type":"AllocationFactor","allocationType":"CAUSAL_ALLOCATION","exchange":{"@type":"Exchange","internalId":9,"flow":{"@type":"Flow","@id":"06581fb2-1de0-3e78-8298-f37605dea142","name":"Electricity, at grid","categoryPath":["Technosphere Flows","22: Utilities","2211: Electric Power Generation, Transmission and Distribution"],"flowType":"PRODUCT_FLOW","location":"RNA","refUnit":"MJ"}},"product":{"@type":"Flow","@id":"88f1219a-d464-3e29-b43d-7a4d6ca4db8d","name":"Steel, cold-formed studs and track, at plant","categoryPath":["Technosphere Flows","31-33: Manufacturing","3312: Steel Product Manufacturing from Purchased Steel"],"flowType":"PRODUCT_FLOW","location":"RNA","refUnit":"kg"},"value":1.0},{"@type":"AllocationFactor","allocationType":"CAUSAL_ALLOCATION","exchange":{"@type":"Exchange","internalId":1,"flow":{"@type":"Flow","@id":"26bec41a-b898-310b-b14e-0de7213461f2","name":"Disposal, wood waste, to residual material landfill","categoryPath":["Technosphere Flows","CUTOFF Flows"],"flowType":"PRODUCT_FLOW","refUnit":"kg"}},"product":{"@type":"Flow","@id":"88f1219a-d464-3e29-b43d-7a4d6ca4db8d","name":"Steel, cold-formed studs and track, at plant","categoryPath":["Technosphere Flows","31-33: Manufacturing","3312: Steel Product Manufacturing from Purchased Steel"],"flowType":"PRODUCT_FLOW","location":"RNA","refUnit":"kg"},"value":1.0},{"@type":"AllocationFactor","allocationType":"CAUSAL_ALLOCATION","exchange":{"@type":"Exchange","internalId":3,"flow":{"@type":"Flow","@id":"d3aa62e6-8808-3aa0-9f20-1acdeb581e81","name":"Plastic band, for packaging","categoryPath":["Technosphere Flows","CUTOFF Flows"],"flowType":"PRODUCT_FLOW","refUnit":"kg"}},"product":{"@type":"Flow","@id":"88f1219a-d464-3e29-b43d-7a4d6ca4db8d","name":"Steel, cold-formed studs and track, at plant","categoryPath":["Technosphere Flows","31-33: Manufacturing","3312: Steel Product Manufacturing from Purchased Steel"],"flowType":"PRODUCT_FLOW","location":"RNA","refUnit":"kg"},"value":0.0},{"@type":"AllocationFactor","allocationType":"CAUSAL_ALLOCATION","exchange":{"@type":"Exchange","internalId":3,"flow":{"@type":"Flow","@id":"d3aa62e6-8808-3aa0-9f20-1acdeb581e81","name":"Plastic band, for packaging","categoryPath":["Technosphere Flows","CUTOFF Flows"],"flowType":"PRODUCT_FLOW","refUnit":"kg"}},"product":{"@type":"Flow","@id":"88f1219a-d464-3e29-b43d-7a4d6ca4db8d","name":"Steel, cold-formed studs and track, at plant","categoryPath":["Technosphere Flows","31-33: Manufacturing","3312: Steel Product Manufacturing from Purchased Steel"],"flowType":"PRODUCT_FLOW","location":"RNA","refUnit":"kg"},"value":1.0},{"@type":"AllocationFactor","allocationType":"PHYSICAL_ALLOCATION","product":{"@type":"Flow","@id":"a5794f56-9fa1-4228-ad02-6d3c983bbe4f","name":"Steel scrap; zinc-coated, from cold-forming; at plant","categoryPath":["Technosphere Flows","31-33: Manufacturing","3312: Steel Product Manufacturing from Purchased Steel"],"flowType":"PRODUCT_FLOW","refUnit":"kg"},"value":0.0},{"@type":"AllocationFactor","allocationType":"CAUSAL_ALLOCATION","exchange":{"@type":"Exchange","internalId":1,"flow":{"@type":"Flow","@id":"26bec41a-b898-310b-b14e-0de7213461f2","name":"Disposal, wood waste, to residual material landfill","categoryPath":["Technosphere Flows","CUTOFF Flows"],"flowType":"PRODUCT_FLOW","refUnit":"kg"}},"product":{"@type":"Flow","@id":"a5794f56-9fa1-4228-ad02-6d3c983bbe4f","name":"Steel scrap; zinc-coated, from cold-forming; at plant","categoryPath":["Technosphere Flows","31-33: Manufacturing","3312: Steel Product Manufacturing from Purchased Steel"],"flowType":"PRODUCT_FLOW","refUnit":"kg"},"value":0.0},{"@type":"AllocationFactor","allocationType":"CAUSAL_ALLOCATION","exchange":{"@type":"Exchange","internalId":3,"flow":{"@type":"Flow","@id":"d3aa62e6-8808-3aa0-9f20-1acdeb581e81","name":"Plastic band, for packaging","categoryPath":["Technosphere Flows","CUTOFF Flows"],"flowType":"PRODUCT_FLOW","refUnit":"kg"}},"product":{"@type":"Flow","@id":"a5794f56-9fa1-4228-ad02-6d3c983bbe4f","name":"Steel scrap; zinc-coated, from cold-forming; at plant","categoryPath":["Technosphere Flows","31-33: Manufacturing","3312: Steel Product Manufacturing from Purchased Steel"],"flowType":"PRODUCT_FLOW","refUnit":"kg"},"value":0.0},{"@type":"AllocationFactor","allocationType":"CAUSAL_ALLOCATION","exchange":{"@type":"Exchange","internalId":2,"flow":{"@type":"Flow","@id":"f8973d41-1ca2-3034-94da-5bfa0f7a0202","name":"Disposal, solid waste, unspecified, to unspecified landfill","categoryPath":["Technosphere Flows","CUTOFF Flows"],"flowType":"PRODUCT_FLOW","refUnit":"kg"}},"product":{"@type":"Flow","@id":"a5794f56-9fa1-4228-ad02-6d3c983bbe4f","name":"Steel scrap; zinc-coated, from cold-forming; at plant","categoryPath":["Technosphere Flows","31-33: Manufacturing","3312: Steel Product Manufacturing from Purchased Steel"],"flowType":"PRODUCT_FLOW","refUnit":"kg"},"value":0.0},{"@type":"AllocationFactor","allocationType":"CAUSAL_ALLOCATION","exchange":{"@type":"Exchange","internalId":2,"flow":{"@type":"Flow","@id":"f8973d41-1ca2-3034-94da-5bfa0f7a0202","name":"Disposal, solid waste, unspecified, to unspecified landfill","categoryPath":["Technosphere Flows","CUTOFF Flows"],"flowType":"PRODUCT_FLOW","refUnit":"kg"}},"product":{"@type":"Flow","@id":"88f1219a-d464-3e29-b43d-7a4d6ca4db8d","name":"Steel, cold-formed studs and track, at plant","categoryPath":["Technosphere Flows","31-33: Manufacturing","3312: Steel Product Manufacturing from Purchased Steel"],"flowType":"PRODUCT_FLOW","location":"RNA","refUnit":"kg"},"value":1.0},{"@type":"AllocationFactor","allocationType":"CAUSAL_ALLOCATION","exchange":{"@type":"Exchange","internalId":4,"flow":{"@type":"Flow","@id":"a5794f56-9fa1-4228-ad02-6d3c983bbe4f","name":"Steel scrap; zinc-coated, from cold-forming; at plant","categoryPath":["Technosphere Flows","31-33: Manufacturing","3312: Steel Product Manufacturing from Purchased Steel"],"flowType":"PRODUCT_FLOW","refUnit":"kg"}},"product":{"@type":"Flow","@id":"a5794f56-9fa1-4228-ad02-6d3c983bbe4f","name":"Steel scrap; zinc-coated, from cold-forming; at plant","categoryPath":["Technosphere Flows","31-33: Manufacturing","3312: Steel Product Manufacturing from Purchased Steel"],"flowType":"PRODUCT_FLOW","refUnit":"kg"},"value":0.0},{"@type":"AllocationFactor","allocationType":"CAUSAL_ALLOCATION","exchange":{"@type":"Exchange","internalId":3,"flow":{"@type":"Flow","@id":"d3aa62e6-8808-3aa0-9f20-1acdeb581e81","name":"Plastic band, for packaging","categoryPath":["Technosphere Flows","CUTOFF Flows"],"flowType":"PRODUCT_FLOW","refUnit":"kg"}},"product":{"@type":"Flow","@id":"a5794f56-9fa1-4228-ad02-6d3c983bbe4f","name":"Steel scrap; zinc-coated, from cold-forming; at plant","categoryPath":["Technosphere Flows","31-33: Manufacturing","3312: Steel Product Manufacturing from Purchased Steel"],"flowType":"PRODUCT_FLOW","refUnit":"kg"},"value":0.0},{"@type":"AllocationFactor","allocationType":"CAUSAL_ALLOCATION","exchange":{"@type":"Exchange","internalId":5,"flow":{"@type":"Flow","@id":"99479e91-ab64-3c73-86cb-d96373f37939","name":"Lubricant feedstock, at refinery","categoryPath":["Technosphere Flows","31-33: Manufacturing","3241: Petroleum and Coal Products Manufacturing"],"flowType":"PRODUCT_FLOW","refUnit":"kg"}},"product":{"@type":"Flow","@id":"88f1219a-d464-3e29-b43d-7a4d6ca4db8d","name":"Steel, cold-formed studs and track, at plant","categoryPath":["Technosphere Flows","31-33: Manufacturing","3312: Steel Product Manufacturing from Purchased Steel"],"flowType":"PRODUCT_FLOW","location":"RNA","refUnit":"kg"},"value":1.0},{"@type":"AllocationFactor","allocationType":"CAUSAL_ALLOCATION","exchange":{"@type":"Exchange","internalId":6,"flow":{"@type":"Flow","@id":"cc20a150-0645-3942-8444-1241d54820ce","name":"Steel band, for packaging","categoryPath":["Technosphere Flows","CUTOFF Flows"],"flowType":"PRODUCT_FLOW","refUnit":"kg"}},"product":{"@type":"Flow","@id":"88f1219a-d464-3e29-b43d-7a4d6ca4db8d","name":"Steel, cold-formed studs and track, at plant","categoryPath":["Technosphere Flows","31-33: Manufacturing","3312: Steel Product Manufacturing from Purchased Steel"],"flowType":"PRODUCT_FLOW","location":"RNA","refUnit":"kg"},"value":1.0},{"@type":"AllocationFactor","allocationType":"CAUSAL_ALLOCATION","exchange":{"@type":"Exchange","internalId":4,"flow":{"@type":"Flow","@id":"b6f010fb-a764-3063-af2d-bcb8309a97b7","name":"Carbon dioxide","categoryPath":["Elementary Flows","emission","air"],"flowType":"ELEMENTARY_FLOW","refUnit":"kg"}},"product":{"@type":"Flow","@id":"88f1219a-d464-3e29-b43d-7a4d6ca4db8d","name":"Steel, cold-formed studs and track, at plant","categoryPath":["Technosphere Flows","31-33: Manufacturing","3312: Steel Product Manufacturing from Purchased Steel"],"flowType":"PRODUCT_FLOW","location":"RNA","refUnit":"kg"},"value":0.0},{"@type":"AllocationFactor","allocationType":"CAUSAL_ALLOCATION","exchange":{"@type":"Exchange","internalId":4,"flow":{"@type":"Flow","@id":"b6f010fb-a764-3063-af2d-bcb8309a97b7","name":"Carbon dioxide","categoryPath":["Elementary Flows","emission","air"],"flowType":"ELEMENTARY_FLOW","refUnit":"kg"}},"product":{"@type":"Flow","@id":"a5794f56-9fa1-4228-ad02-6d3c983bbe4f","name":"Steel scrap; zinc-coated, from cold-forming; at plant","categoryPath":["Technosphere Flows","31-33: Manufacturing","3312: Steel Product Manufacturing from Purchased Steel"],"flowType":"PRODUCT_FLOW","refUnit":"kg"},"value":0.0}]}