{"@context":"http://greendelta.github.io/olca-schema/context.jsonld","@type":"Process","@id":"2d43bb55-3817-37dc-a7b4-20c3304f07af","name":"Wood fuel, hardwood, purchased, combusted in industrial boiler, E","description":"Important note: although most of the data in the US LCI database has \nundergone some sort of review, the database as a whole has not yet \nundergone a formal validation process.\nPlease email comments to lci@nrel.gov.","version":"00.02.004","lastChange":"2021-09-30T20:51:46.096-06:00","category":{"@type":"Category","@id":"4da1e9cd-0458-3a61-a8f9-b04fa15e8699","name":"2213: Water, Sewage and Other Systems","categoryPath":["22: Utilities"],"categoryType":"Process"},"processType":"UNIT_PROCESS","defaultAllocationMethod":"NO_ALLOCATION","infrastructureProcess":false,"location":{"@type":"Location","@id":"0b3b97fa-6688-3c56-88ee-4ae80ec0c3c2","name":"United States"},"processDocumentation":{"@type":"ProcessDocumentation","technologyDescription":"This process is a copy of the FAL \"Wood waste, unspecified, combusted into industrial boilers\" for which (1) the wood input was changed to an adapted version of the Franklin fuel wood dataset; (2) wood weight is expressed on oven dry basis; (3) outputs to nature have been scaled to reflect 1 kg of oven dry wood input and (4) waste flow is changed to waste treatment input.","restrictionsDescription":"All information can be accessed by everybody.","copyright":false,"validFrom":"2003-12-31-07:00","validUntil":"2003-12-31-07:00","creationDate":"2014-03-18T10:21:41-06:00","geographyDescription":"US","dataDocumentor":{"@type":"Actor","@id":"ae081e38-d629-3c22-86de-dbc3bb038016","name":"Maureen Puetmann"},"dataGenerator":{"@type":"Actor","@id":"ae081e38-d629-3c22-86de-dbc3bb038016","name":"Maureen Puetmann"},"publication":{"@type":"Source","@id":"c3cb7bf4-8551-35a4-9493-fe0a49a1f622","name":"Franklin Associates (2004) Wood Combustion"},"sources":[{"@type":"Source","@id":"cede9e8b-5942-3be1-8340-5b04d59106bb","name":"U.S. EPA "},{"@type":"Source","@id":"c3cb7bf4-8551-35a4-9493-fe0a49a1f622","name":"Franklin Associates (2004) Wood Combustion"},{"@type":"Source","@id":"a7386e44-8401-3454-a27f-010170b21151","name":"Argonne National Laboratory  "},{"@type":"Source","@id":"fa3861a0-7c98-3bde-b610-815efeabb78a","name":"U.S. DoE "},{"@type":"Source","@id":"d35533b9-1e24-3cf8-980e-d25be60c88ae","name":"Kaminski, Paul "},{"@type":"Source","@id":"a48ecfbd-d8fa-3582-b7e4-9cb314ede4aa","name":"Sassenrath, Charles P "},{"@type":"Source","@id":"bc230add-ed20-38a9-ba57-f2b58c312b4e","name":"Maureen Puettmann "},{"@type":"Source","@id":"2a3e056f-1438-3277-a00c-9b412f077c68","name":"Combustion Engineering Inc. "}]},"lastInternalId":0,"exchanges":[{"@type":"Exchange","avoidedProduct":false,"input":false,"amount":1.0,"description":"Weight reported on an ovendry basis. ","internalId":1,"flow":{"@type":"Flow","@id":"ccf86743-6a0f-39d5-949e-6b2950bae209","name":"Wood fuel; hardwood; purchased; combusted in industrial boiler","categoryPath":["Technosphere Flows","22: Utilities","2213: Water, Sewage and Other Systems"],"flowType":"PRODUCT_FLOW","location":"US","refUnit":"kg"},"unit":{"@type":"Unit","@id":"20aadc24-a391-41cf-b340-3e4529f44bde","name":"kg"},"flowProperty":{"@type":"FlowProperty","@id":"93a60a56-a3c8-11da-a746-0800200b9a66","name":"Mass","categoryPath":["Technical flow properties"]},"quantitativeReference":true},{"@type":"Exchange","avoidedProduct":false,"input":false,"amount":3.6E-5,"internalId":36,"flow":{"@type":"Flow","@id":"ba9cee15-a144-3c38-9a3b-36931d4e64e9","name":"Acrolein","categoryPath":["Elementary Flows","emission","air"],"flowType":"ELEMENTARY_FLOW","refUnit":"kg"},"unit":{"@type":"Unit","@id":"20aadc24-a391-41cf-b340-3e4529f44bde","name":"kg"},"flowProperty":{"@type":"FlowProperty","@id":"93a60a56-a3c8-11da-a746-0800200b9a66","name":"Mass","categoryPath":["Technical flow properties"]}},{"@type":"Exchange","avoidedProduct":false,"input":true,"amount":1.0,"description":"Weight reported on an ovendry basis.","internalId":13,"defaultProvider":{"@type":"Process","@id":"5dd973e3-0fc2-38d8-a25b-51b82ee2c2de","name":"Wood fuel, unspecified","categoryPath":["22: Utilities","2213: Water, Sewage and Other Systems"],"processType":"UNIT_PROCESS","location":"RNA"},"flow":{"@type":"Flow","@id":"ba4fbc4f-a9ab-387c-8bdd-9308dc19f404","name":"Wood fuel, unspecified","categoryPath":["Technosphere Flows","22: Utilities","2213: Water, Sewage and Other Systems"],"flowType":"PRODUCT_FLOW","location":"RNA","refUnit":"kg"},"unit":{"@type":"Unit","@id":"20aadc24-a391-41cf-b340-3e4529f44bde","name":"kg"},"flowProperty":{"@type":"FlowProperty","@id":"93a60a56-a3c8-11da-a746-0800200b9a66","name":"Mass","categoryPath":["Technical flow properties"]}},{"@type":"Exchange","avoidedProduct":false,"input":false,"amount":9.9E-9,"internalId":18,"flow":{"@type":"Flow","@id":"0346d063-4db1-3f52-a695-892c4c98d443","name":"Beryllium","categoryPath":["Elementary Flows","emission","air"],"flowType":"ELEMENTARY_FLOW","refUnit":"kg"},"unit":{"@type":"Unit","@id":"20aadc24-a391-41cf-b340-3e4529f44bde","name":"kg"},"flowProperty":{"@type":"FlowProperty","@id":"93a60a56-a3c8-11da-a746-0800200b9a66","name":"Mass","categoryPath":["Technical flow properties"]}},{"@type":"Exchange","avoidedProduct":false,"input":false,"amount":1.98E-7,"internalId":31,"flow":{"@type":"Flow","@id":"2b16d0b5-4713-3bb8-be5b-905382f0e8a8","name":"Arsenic","categoryPath":["Elementary Flows","emission","air"],"flowType":"ELEMENTARY_FLOW","refUnit":"kg"},"unit":{"@type":"Unit","@id":"20aadc24-a391-41cf-b340-3e4529f44bde","name":"kg"},"flowProperty":{"@type":"FlowProperty","@id":"93a60a56-a3c8-11da-a746-0800200b9a66","name":"Mass","categoryPath":["Technical flow properties"]}},{"@type":"Exchange","avoidedProduct":false,"input":false,"amount":0.0175,"internalId":22,"flow":{"@type":"Flow","@id":"27b840cc-1f41-3943-8ea8-6d68b44b7f81","name":"Biological Oxygen Demand","categoryPath":["Elementary Flows","emission","water"],"flowType":"ELEMENTARY_FLOW","refUnit":"kg"},"unit":{"@type":"Unit","@id":"20aadc24-a391-41cf-b340-3e4529f44bde","name":"kg"},"flowProperty":{"@type":"FlowProperty","@id":"93a60a56-a3c8-11da-a746-0800200b9a66","name":"Mass","categoryPath":["Technical flow properties"]}},{"@type":"Exchange","avoidedProduct":false,"input":true,"amount":0.224,"description":"Transportation of purchased wood fuel (35.8% MC wet basis) for 165km; 1/1000tonnes*165km*(1+0.358)\u003d0.224tkm","internalId":26,"defaultProvider":{"@type":"Process","@id":"34156f3c-28ef-33db-9ad0-6293a2aa0d52","name":"Transport, combination truck, diesel powered","categoryPath":["48-49: Transportation and Warehousing","4841: General Freight Trucking"],"processType":"UNIT_PROCESS","location":"RNA"},"flow":{"@type":"Flow","@id":"628c07ec-0802-39c1-ab88-1c62848ef436","name":"Transport, combination truck, diesel powered","categoryPath":["Technosphere Flows","48-49: Transportation and Warehousing","4841: General Freight Trucking"],"flowType":"PRODUCT_FLOW","location":"RNA","refUnit":"t*km"},"unit":{"@type":"Unit","@id":"0dea4ed8-bb6b-4049-b2b4-b2c413ef2180","name":"t*km"},"flowProperty":{"@type":"FlowProperty","@id":"838aaa20-0117-11db-92e3-0800200c9a66","name":"Goods transport (mass*distance)","categoryPath":["Technical flow properties"]}},{"@type":"Exchange","avoidedProduct":false,"input":false,"amount":7.11E-6,"internalId":34,"flow":{"@type":"Flow","@id":"c4da1480-4f19-3d01-8f04-8432c38991b1","name":"Chlorine","categoryPath":["Elementary Flows","emission","air"],"flowType":"ELEMENTARY_FLOW","refUnit":"kg"},"unit":{"@type":"Unit","@id":"20aadc24-a391-41cf-b340-3e4529f44bde","name":"kg"},"flowProperty":{"@type":"FlowProperty","@id":"93a60a56-a3c8-11da-a746-0800200b9a66","name":"Mass","categoryPath":["Technical flow properties"]}},{"@type":"Exchange","avoidedProduct":false,"input":false,"amount":1.71E-4,"internalId":8,"flow":{"@type":"Flow","@id":"e2230ed6-8d5e-3315-8bc9-ce337d1283ce","name":"Hydrochloric acid","categoryPath":["Elementary Flows","emission","air"],"flowType":"ELEMENTARY_FLOW","refUnit":"kg"},"unit":{"@type":"Unit","@id":"20aadc24-a391-41cf-b340-3e4529f44bde","name":"kg"},"flowProperty":{"@type":"FlowProperty","@id":"93a60a56-a3c8-11da-a746-0800200b9a66","name":"Mass","categoryPath":["Technical flow properties"]}},{"@type":"Exchange","avoidedProduct":false,"input":true,"amount":0.0882,"internalId":9,"flow":{"@type":"Flow","@id":"c3c58b7e-6561-36c7-a537-b10b1f2a5e39","name":"Disposal, solid waste, unspecified, to unspecified treatment","categoryPath":["Technosphere Flows","CUTOFF Flows"],"flowType":"PRODUCT_FLOW","refUnit":"kg"},"unit":{"@type":"Unit","@id":"20aadc24-a391-41cf-b340-3e4529f44bde","name":"kg"},"flowProperty":{"@type":"FlowProperty","@id":"93a60a56-a3c8-11da-a746-0800200b9a66","name":"Mass","categoryPath":["Technical flow properties"]}},{"@type":"Exchange","avoidedProduct":false,"input":false,"amount":3.85E-4,"internalId":30,"flow":{"@type":"Flow","@id":"4f816627-5cda-37b6-bc78-a6ee1ae4b089","name":"Metals","categoryPath":["Elementary Flows","emission","air"],"flowType":"ELEMENTARY_FLOW","refUnit":"kg"},"unit":{"@type":"Unit","@id":"20aadc24-a391-41cf-b340-3e4529f44bde","name":"kg"},"flowProperty":{"@type":"FlowProperty","@id":"93a60a56-a3c8-11da-a746-0800200b9a66","name":"Mass","categoryPath":["Technical flow properties"]}},{"@type":"Exchange","avoidedProduct":false,"input":false,"amount":4.59E-7,"internalId":17,"flow":{"@type":"Flow","@id":"48b51613-f8fc-326e-8cae-bc6394e237c8","name":"Phenols","categoryPath":["Elementary Flows","emission","air"],"flowType":"ELEMENTARY_FLOW","refUnit":"kg"},"unit":{"@type":"Unit","@id":"20aadc24-a391-41cf-b340-3e4529f44bde","name":"kg"},"flowProperty":{"@type":"FlowProperty","@id":"93a60a56-a3c8-11da-a746-0800200b9a66","name":"Mass","categoryPath":["Technical flow properties"]}},{"@type":"Exchange","avoidedProduct":false,"input":false,"amount":2.52E-8,"internalId":5,"flow":{"@type":"Flow","@id":"b6db14bd-73e9-3f02-852a-e8b5e60bbc61","name":"Selenium","categoryPath":["Elementary Flows","emission","air"],"flowType":"ELEMENTARY_FLOW","refUnit":"kg"},"unit":{"@type":"Unit","@id":"20aadc24-a391-41cf-b340-3e4529f44bde","name":"kg"},"flowProperty":{"@type":"FlowProperty","@id":"93a60a56-a3c8-11da-a746-0800200b9a66","name":"Mass","categoryPath":["Technical flow properties"]}},{"@type":"Exchange","avoidedProduct":false,"input":false,"amount":1.5E-8,"internalId":6,"flow":{"@type":"Flow","@id":"ceb19cad-78ed-3635-902c-d7ac03e5b830","name":"2,3,7,8-Tetrachlorodibenzo-p-dioxin","categoryPath":["Elementary Flows","emission","air"],"flowType":"ELEMENTARY_FLOW","refUnit":"kg"},"unit":{"@type":"Unit","@id":"20aadc24-a391-41cf-b340-3e4529f44bde","name":"kg"},"flowProperty":{"@type":"FlowProperty","@id":"93a60a56-a3c8-11da-a746-0800200b9a66","name":"Mass","categoryPath":["Technical flow properties"]}},{"@type":"Exchange","avoidedProduct":false,"input":false,"amount":0.0054,"internalId":11,"flow":{"@type":"Flow","@id":"187c525c-3715-388c-b303-a0671524a615","name":"Carbon monoxide","categoryPath":["Elementary Flows","emission","air"],"flowType":"ELEMENTARY_FLOW","refUnit":"kg"},"unit":{"@type":"Unit","@id":"20aadc24-a391-41cf-b340-3e4529f44bde","name":"kg"},"flowProperty":{"@type":"FlowProperty","@id":"93a60a56-a3c8-11da-a746-0800200b9a66","name":"Mass","categoryPath":["Technical flow properties"]}},{"@type":"Exchange","avoidedProduct":false,"input":false,"amount":3.15E-8,"internalId":15,"flow":{"@type":"Flow","@id":"e2c65e04-f613-33db-9a6e-4cb4577b0005","name":"Mercury","categoryPath":["Elementary Flows","emission","air"],"flowType":"ELEMENTARY_FLOW","refUnit":"kg"},"unit":{"@type":"Unit","@id":"20aadc24-a391-41cf-b340-3e4529f44bde","name":"kg"},"flowProperty":{"@type":"FlowProperty","@id":"93a60a56-a3c8-11da-a746-0800200b9a66","name":"Mass","categoryPath":["Technical flow properties"]}},{"@type":"Exchange","avoidedProduct":false,"input":false,"amount":8.73E-7,"internalId":21,"flow":{"@type":"Flow","@id":"ebf3aeb4-7a46-3029-a8f8-83d68f4d4ce5","name":"Naphthalene","categoryPath":["Elementary Flows","emission","air"],"flowType":"ELEMENTARY_FLOW","refUnit":"kg"},"unit":{"@type":"Unit","@id":"20aadc24-a391-41cf-b340-3e4529f44bde","name":"kg"},"flowProperty":{"@type":"FlowProperty","@id":"93a60a56-a3c8-11da-a746-0800200b9a66","name":"Mass","categoryPath":["Technical flow properties"]}},{"@type":"Exchange","avoidedProduct":false,"input":false,"amount":4.32E-7,"internalId":33,"flow":{"@type":"Flow","@id":"fe829136-3042-36e6-b4cb-7ff591e8db98","name":"Lead","categoryPath":["Elementary Flows","emission","air"],"flowType":"ELEMENTARY_FLOW","refUnit":"kg"},"unit":{"@type":"Unit","@id":"20aadc24-a391-41cf-b340-3e4529f44bde","name":"kg"},"flowProperty":{"@type":"FlowProperty","@id":"93a60a56-a3c8-11da-a746-0800200b9a66","name":"Mass","categoryPath":["Technical flow properties"]}},{"@type":"Exchange","avoidedProduct":false,"input":false,"amount":4.05E-7,"internalId":27,"flow":{"@type":"Flow","@id":"f7467352-e7d9-3924-b763-f26bb26ce4cc","name":"Carbon tetrachloride","categoryPath":["Elementary Flows","emission","air"],"flowType":"ELEMENTARY_FLOW","refUnit":"kg"},"unit":{"@type":"Unit","@id":"20aadc24-a391-41cf-b340-3e4529f44bde","name":"kg"},"flowProperty":{"@type":"FlowProperty","@id":"93a60a56-a3c8-11da-a746-0800200b9a66","name":"Mass","categoryPath":["Technical flow properties"]}},{"@type":"Exchange","avoidedProduct":false,"input":false,"amount":0.0045,"internalId":14,"flow":{"@type":"Flow","@id":"a320e284-d276-3167-89b3-19d790081c08","name":"Particulate matter, \u003e 2.5μm and ≤ 10μm","categoryPath":["Elementary Flows","emission","air"],"flowType":"ELEMENTARY_FLOW","refUnit":"kg"},"unit":{"@type":"Unit","@id":"20aadc24-a391-41cf-b340-3e4529f44bde","name":"kg"},"flowProperty":{"@type":"FlowProperty","@id":"93a60a56-a3c8-11da-a746-0800200b9a66","name":"Mass","categoryPath":["Technical flow properties"]}},{"@type":"Exchange","avoidedProduct":false,"input":false,"amount":2.25E-4,"internalId":2,"flow":{"@type":"Flow","@id":"42e4c3cb-8468-3004-bd4b-19e6cbb81687","name":"Sulfur oxides","categoryPath":["Elementary Flows","emission","air"],"flowType":"ELEMENTARY_FLOW","refUnit":"kg"},"unit":{"@type":"Unit","@id":"20aadc24-a391-41cf-b340-3e4529f44bde","name":"kg"},"flowProperty":{"@type":"FlowProperty","@id":"93a60a56-a3c8-11da-a746-0800200b9a66","name":"Mass","categoryPath":["Technical flow properties"]}},{"@type":"Exchange","avoidedProduct":false,"input":false,"amount":3.78E-5,"internalId":10,"flow":{"@type":"Flow","@id":"565c5d1a-1e0e-35f3-82a0-4845c43d3dcf","name":"Benzene","categoryPath":["Elementary Flows","emission","air"],"flowType":"ELEMENTARY_FLOW","refUnit":"kg"},"unit":{"@type":"Unit","@id":"20aadc24-a391-41cf-b340-3e4529f44bde","name":"kg"},"flowProperty":{"@type":"FlowProperty","@id":"93a60a56-a3c8-11da-a746-0800200b9a66","name":"Mass","categoryPath":["Technical flow properties"]}},{"@type":"Exchange","avoidedProduct":false,"input":false,"amount":3.96E-5,"internalId":24,"flow":{"@type":"Flow","@id":"a257b8d3-62dd-37ad-b429-73d96c97165c","name":"Formaldehyde","categoryPath":["Elementary Flows","emission","air"],"flowType":"ELEMENTARY_FLOW","refUnit":"kg"},"unit":{"@type":"Unit","@id":"20aadc24-a391-41cf-b340-3e4529f44bde","name":"kg"},"flowProperty":{"@type":"FlowProperty","@id":"93a60a56-a3c8-11da-a746-0800200b9a66","name":"Mass","categoryPath":["Technical flow properties"]}},{"@type":"Exchange","avoidedProduct":false,"input":false,"amount":0.00198,"internalId":32,"flow":{"@type":"Flow","@id":"4382ba18-dd21-3837-80b2-94283ef5490e","name":"Nitrogen oxides","categoryPath":["Elementary Flows","emission","air"],"flowType":"ELEMENTARY_FLOW","refUnit":"kg"},"unit":{"@type":"Unit","@id":"20aadc24-a391-41cf-b340-3e4529f44bde","name":"kg"},"flowProperty":{"@type":"FlowProperty","@id":"93a60a56-a3c8-11da-a746-0800200b9a66","name":"Mass","categoryPath":["Technical flow properties"]}},{"@type":"Exchange","avoidedProduct":false,"input":false,"amount":1.17E-4,"internalId":12,"flow":{"@type":"Flow","@id":"4382ba18-dd21-3837-80b2-94283ef5490e","name":"Nitrogen oxides","categoryPath":["Elementary Flows","emission","air"],"flowType":"ELEMENTARY_FLOW","refUnit":"kg"},"unit":{"@type":"Unit","@id":"20aadc24-a391-41cf-b340-3e4529f44bde","name":"kg"},"flowProperty":{"@type":"FlowProperty","@id":"93a60a56-a3c8-11da-a746-0800200b9a66","name":"Mass","categoryPath":["Technical flow properties"]}},{"@type":"Exchange","avoidedProduct":false,"input":false,"amount":5.85E-8,"internalId":25,"flow":{"@type":"Flow","@id":"e0d81f05-0407-3fc9-9f11-e2d22a6edebd","name":"Cobalt","categoryPath":["Elementary Flows","emission","air"],"flowType":"ELEMENTARY_FLOW","refUnit":"kg"},"unit":{"@type":"Unit","@id":"20aadc24-a391-41cf-b340-3e4529f44bde","name":"kg"},"flowProperty":{"@type":"FlowProperty","@id":"93a60a56-a3c8-11da-a746-0800200b9a66","name":"Mass","categoryPath":["Technical flow properties"]}},{"@type":"Exchange","avoidedProduct":false,"input":false,"amount":7.11E-8,"internalId":28,"flow":{"@type":"Flow","@id":"9de688f4-2302-3557-b50c-0f1d304977f4","name":"Antimony","categoryPath":["Elementary Flows","emission","air"],"flowType":"ELEMENTARY_FLOW","refUnit":"kg"},"unit":{"@type":"Unit","@id":"20aadc24-a391-41cf-b340-3e4529f44bde","name":"kg"},"flowProperty":{"@type":"FlowProperty","@id":"93a60a56-a3c8-11da-a746-0800200b9a66","name":"Mass","categoryPath":["Technical flow properties"]}},{"@type":"Exchange","avoidedProduct":false,"input":false,"amount":1.76,"internalId":20,"flow":{"@type":"Flow","@id":"b6f010fb-a764-3063-af2d-bcb8309a97b7","name":"Carbon dioxide","categoryPath":["Elementary Flows","emission","air"],"flowType":"ELEMENTARY_FLOW","refUnit":"kg"},"unit":{"@type":"Unit","@id":"20aadc24-a391-41cf-b340-3e4529f44bde","name":"kg"},"flowProperty":{"@type":"FlowProperty","@id":"93a60a56-a3c8-11da-a746-0800200b9a66","name":"Mass","categoryPath":["Technical flow properties"]}},{"@type":"Exchange","avoidedProduct":false,"input":false,"amount":1.89E-7,"internalId":16,"flow":{"@type":"Flow","@id":"98bd36e1-fbe4-32ee-ba78-3b6726917c9b","name":"Chromium","categoryPath":["Elementary Flows","emission","air"],"flowType":"ELEMENTARY_FLOW","refUnit":"kg"},"unit":{"@type":"Unit","@id":"20aadc24-a391-41cf-b340-3e4529f44bde","name":"kg"},"flowProperty":{"@type":"FlowProperty","@id":"93a60a56-a3c8-11da-a746-0800200b9a66","name":"Mass","categoryPath":["Technical flow properties"]}},{"@type":"Exchange","avoidedProduct":false,"input":false,"amount":3.68E-5,"internalId":19,"flow":{"@type":"Flow","@id":"2f1ba44b-e661-3677-81dd-ff0086adf2fe","name":"Total Organic Carbon","categoryPath":["Elementary Flows","emission","air"],"flowType":"ELEMENTARY_FLOW","refUnit":"kg"},"unit":{"@type":"Unit","@id":"20aadc24-a391-41cf-b340-3e4529f44bde","name":"kg"},"flowProperty":{"@type":"FlowProperty","@id":"93a60a56-a3c8-11da-a746-0800200b9a66","name":"Mass","categoryPath":["Technical flow properties"]}},{"@type":"Exchange","avoidedProduct":false,"input":false,"amount":1.89E-4,"internalId":23,"flow":{"@type":"Flow","@id":"aab83476-ec6c-3742-af85-15d320b7ce80","name":"Methane","categoryPath":["Elementary Flows","emission","air"],"flowType":"ELEMENTARY_FLOW","refUnit":"kg"},"unit":{"@type":"Unit","@id":"20aadc24-a391-41cf-b340-3e4529f44bde","name":"kg"},"flowProperty":{"@type":"FlowProperty","@id":"93a60a56-a3c8-11da-a746-0800200b9a66","name":"Mass","categoryPath":["Technical flow properties"]}},{"@type":"Exchange","avoidedProduct":false,"input":false,"amount":2.61E-6,"internalId":7,"flow":{"@type":"Flow","@id":"f9fd0074-f765-3f38-a150-2ca0a82c37be","name":"Methylene chloride","categoryPath":["Elementary Flows","emission","air"],"flowType":"ELEMENTARY_FLOW","refUnit":"kg"},"unit":{"@type":"Unit","@id":"20aadc24-a391-41cf-b340-3e4529f44bde","name":"kg"},"flowProperty":{"@type":"FlowProperty","@id":"93a60a56-a3c8-11da-a746-0800200b9a66","name":"Mass","categoryPath":["Technical flow properties"]}},{"@type":"Exchange","avoidedProduct":false,"input":false,"amount":1.44E-5,"internalId":29,"flow":{"@type":"Flow","@id":"9a474c27-63f9-3d0d-a74c-465fd97400e7","name":"Manganese","categoryPath":["Elementary Flows","emission","air"],"flowType":"ELEMENTARY_FLOW","refUnit":"kg"},"unit":{"@type":"Unit","@id":"20aadc24-a391-41cf-b340-3e4529f44bde","name":"kg"},"flowProperty":{"@type":"FlowProperty","@id":"93a60a56-a3c8-11da-a746-0800200b9a66","name":"Mass","categoryPath":["Technical flow properties"]}},{"@type":"Exchange","avoidedProduct":false,"input":false,"amount":2.97E-7,"internalId":3,"flow":{"@type":"Flow","@id":"50f56ea3-e292-3c09-89d2-74466af5f11e","name":"Nickel","categoryPath":["Elementary Flows","emission","air"],"flowType":"ELEMENTARY_FLOW","refUnit":"kg"},"unit":{"@type":"Unit","@id":"20aadc24-a391-41cf-b340-3e4529f44bde","name":"kg"},"flowProperty":{"@type":"FlowProperty","@id":"93a60a56-a3c8-11da-a746-0800200b9a66","name":"Mass","categoryPath":["Technical flow properties"]}},{"@type":"Exchange","avoidedProduct":false,"input":false,"amount":7.47E-6,"internalId":35,"flow":{"@type":"Flow","@id":"09dc3fe9-7e57-321f-9e04-34375bf2a0b7","name":"Acetaldehyde","categoryPath":["Elementary Flows","emission","air"],"flowType":"ELEMENTARY_FLOW","refUnit":"kg"},"unit":{"@type":"Unit","@id":"20aadc24-a391-41cf-b340-3e4529f44bde","name":"kg"},"flowProperty":{"@type":"FlowProperty","@id":"93a60a56-a3c8-11da-a746-0800200b9a66","name":"Mass","categoryPath":["Technical flow properties"]}},{"@type":"Exchange","avoidedProduct":false,"input":false,"amount":3.69E-8,"internalId":4,"flow":{"@type":"Flow","@id":"d5a296be-7219-3921-a430-cff172ac7911","name":"Cadmium","categoryPath":["Elementary Flows","emission","air"],"flowType":"ELEMENTARY_FLOW","refUnit":"kg"},"unit":{"@type":"Unit","@id":"20aadc24-a391-41cf-b340-3e4529f44bde","name":"kg"},"flowProperty":{"@type":"FlowProperty","@id":"93a60a56-a3c8-11da-a746-0800200b9a66","name":"Mass","categoryPath":["Technical flow properties"]}}]}