{"@context":"http://greendelta.github.io/olca-schema/context.jsonld","@type":"Process","@id":"2d50471f-ae3a-337b-9e53-6ff319e39b55","name":"E-glass, at plant","description":"The outgoing solid wastes were provided as universal waste and likely include packaging from incoming materials, office wastes, and floor wastes, which are not shown as inputs. This may affect the mass balance of this system. Complete inventory data and metadata are shown in full in the final report, Life Cycle Inventory of Polymer Composites. The report is not publicly available. This report has been extensively reviewed within Franklin Associates by Rebe Feraldi, Anne Marie Molen, and Melissa Huff and has undergone partial critical review by ACMA members. Important note: although most of the data in the US LCI database has undergone some sort of review, the database as a whole has not yet undergone a formal validation process.  Please email comments to lci@nrel.gov.","version":"00.00.006","lastChange":"2020-09-06T15:55:28.493-06:00","category":{"@type":"Category","@id":"23811aba-0489-31bd-8065-ae3ac92381c6","name":"3279: Other Nonmetallic Mineral Product Manufacturing","categoryPath":["31-33: Manufacturing"],"categoryType":"Process"},"processType":"UNIT_PROCESS","defaultAllocationMethod":"NO_ALLOCATION","infrastructureProcess":false,"location":{"@type":"Location","@id":"0b3b97fa-6688-3c56-88ee-4ae80ec0c3c2","name":"United States"},"processDocumentation":{"@type":"ProcessDocumentation","technologyDescription":"To produce glass fibers suitable for reinforcement, raw materials such as silica sand, limestone, clay, fluorspar, colemanite, dolomite, borates, and others are combined in a batch. This batch is sent to a refractory-lined glass furnace to gradually melt the raw materials required into liquid molten form. The molten glass is extruded through bushings, which contain bundles of very small holes, to produce E-Glass fibers with diameters in the 5-25 micron range. These fibers are then coated with a sizing solution. This sizing helps protect the glass fibers for processing. It also ensures proper bonding to the resin matrix. The individual fibers are then bundled together in large numbers to provide a roving.","samplingDescription":"Data are from primary sources. The general grade fiberglass producers who provided data for this module verified that the characteristics of their plants are representative of US E-glass production facilities. Data was collected from 3 of the companies producing E-glass in the US. The representativeness of the E-Glass production are unknown, but estimated to be greater than 50% of the US production volume.","restrictionsDescription":"All information can be accessed by everybody.","copyright":false,"validFrom":"2010-12-31-07:00","validUntil":"2011-12-31-07:00","creationDate":"2015-09-17T13:23:36.899-06:00","geographyDescription":"US","dataDocumentor":{"@type":"Actor","@id":"721bcfe4-ee92-33bc-a9bd-bbf5ba3cb52d","name":"Franklin Associates"},"dataGenerator":{"@type":"Actor","@id":"721bcfe4-ee92-33bc-a9bd-bbf5ba3cb52d","name":"Franklin Associates"},"publication":{"@type":"Source","@id":"b2a418f7-ab6a-3faa-a041-861697035edd","name":"ACMA (2012). LCI of Polymer Composites"},"sources":[{"@type":"Source","@id":"b2a418f7-ab6a-3faa-a041-861697035edd","name":"ACMA (2012). LCI of Polymer Composites"}]},"lastInternalId":3,"exchanges":[{"@type":"Exchange","avoidedProduct":false,"input":false,"amount":1.0,"internalId":3,"flow":{"@type":"Flow","@id":"406c4d5a-ada0-349f-be88-0b9708780f42","name":"E-glass, at plant","categoryPath":["Technosphere Flows","31-33: Manufacturing","3274: Lime and Gypsum Product Manufacturing"],"flowType":"PRODUCT_FLOW","location":"US","refUnit":"kg"},"unit":{"@type":"Unit","@id":"20aadc24-a391-41cf-b340-3e4529f44bde","name":"kg"},"flowProperty":{"@type":"FlowProperty","@id":"93a60a56-a3c8-11da-a746-0800200b9a66","name":"Mass","categoryPath":["Technical flow properties"]},"quantitativeReference":true},{"@type":"Exchange","avoidedProduct":false,"input":true,"amount":1.1148E-4,"internalId":14,"defaultProvider":{"@type":"Process","@id":"9d9b6815-9349-30af-869b-57362428c42e","name":"Residual fuel oil, combusted in industrial boiler","categoryPath":["22: Utilities","2213: Water, Sewage and Other Systems"],"processType":"UNIT_PROCESS","location":"RNA"},"flow":{"@type":"Flow","@id":"654a5cf6-185f-3d91-89ef-42442d1825e8","name":"Residual fuel oil, combusted in industrial boiler","categoryPath":["Technosphere Flows","22: Utilities","2213: Water, Sewage and Other Systems"],"flowType":"PRODUCT_FLOW","location":"RNA","refUnit":"m3"},"unit":{"@type":"Unit","@id":"b80a512e-e402-4363-8ad0-7d02dcf4a459","name":"l"},"flowProperty":{"@type":"FlowProperty","@id":"93a60a56-a3c8-22da-a746-0800200c9a66","name":"Volume","categoryPath":["Technical flow properties"]}},{"@type":"Exchange","avoidedProduct":false,"input":true,"amount":0.0078,"description":"Limestone is used as a proxy for dolomite. ","internalId":30,"defaultProvider":{"@type":"Process","@id":"49e563d8-0cea-3f97-96b8-15787be48b91","name":"Limestone, at mine","categoryPath":["21: Mining, Quarrying, and Oil and Gas Extraction","2123: Nonmetallic Mineral Mining and Quarrying"],"processType":"UNIT_PROCESS","location":"RNA"},"flow":{"@type":"Flow","@id":"8fe57bef-7504-3270-8dbd-13c0df6ddaac","name":"Limestone, at mine","categoryPath":["Technosphere Flows","21: Mining, Quarrying, and Oil and Gas Extraction","2123: Nonmetallic Mineral Mining and Quarrying"],"flowType":"PRODUCT_FLOW","location":"RNA","refUnit":"kg"},"unit":{"@type":"Unit","@id":"20aadc24-a391-41cf-b340-3e4529f44bde","name":"kg"},"flowProperty":{"@type":"FlowProperty","@id":"93a60a56-a3c8-11da-a746-0800200b9a66","name":"Mass","categoryPath":["Technical flow properties"]}},{"@type":"Exchange","avoidedProduct":false,"input":true,"amount":3.2E-4,"internalId":2,"defaultProvider":{"@type":"Process","@id":"2a78de43-fdf2-4c5f-b527-89db6568ace8","name":"Ethylene glycol, materials production, organic compound, at plant, kg","categoryPath":["31-33: Manufacturing","3251: Basic Chemical Manufacturing"],"processType":"UNIT_PROCESS","location":"RNA"},"flow":{"@type":"Flow","@id":"a5c7d642-4e3a-40af-a919-a2f7601340b0","name":"Ethylene glycol, at plant, kg","categoryPath":["Technosphere Flows","31-33: Manufacturing","3251: Basic Chemical Manufacturing"],"flowType":"PRODUCT_FLOW","refUnit":"kg"},"unit":{"@type":"Unit","@id":"20aadc24-a391-41cf-b340-3e4529f44bde","name":"kg"},"flowProperty":{"@type":"FlowProperty","@id":"93a60a56-a3c8-11da-a746-0800200b9a66","name":"Mass","categoryPath":["Technical flow properties"]}},{"@type":"Exchange","avoidedProduct":false,"input":true,"amount":0.5535,"description":"Individual amounts of each incoming material were multiplied by the incoming distance travelled. These are totaled weighted averages of the primary incoming transport data from each participating facility.","internalId":33,"defaultProvider":{"@type":"Process","@id":"7de9c230-fd0f-3478-be87-f80181132faa","name":"Transport, train, diesel powered","categoryPath":["48-49: Transportation and Warehousing","4821: Rail Transportation"],"processType":"UNIT_PROCESS","location":"RNA"},"flow":{"@type":"Flow","@id":"73c7494d-4e93-3769-896b-8bb82f0dfccc","name":"Transport, train, diesel powered","categoryPath":["Technosphere Flows","48-49: Transportation and Warehousing","4821: Rail Transportation"],"flowType":"PRODUCT_FLOW","location":"RNA","refUnit":"t*km"},"unit":{"@type":"Unit","@id":"0dea4ed8-bb6b-4049-b2b4-b2c413ef2180","name":"t*km"},"flowProperty":{"@type":"FlowProperty","@id":"838aaa20-0117-11db-92e3-0800200c9a66","name":"Goods transport (mass*distance)","categoryPath":["Technical flow properties"]}},{"@type":"Exchange","avoidedProduct":false,"input":true,"amount":0.074,"description":"Limestone is used as a proxy for flint with quartz inputs from nature.","internalId":34,"defaultProvider":{"@type":"Process","@id":"49e563d8-0cea-3f97-96b8-15787be48b91","name":"Limestone, at mine","categoryPath":["21: Mining, Quarrying, and Oil and Gas Extraction","2123: Nonmetallic Mineral Mining and Quarrying"],"processType":"UNIT_PROCESS","location":"RNA"},"flow":{"@type":"Flow","@id":"8fe57bef-7504-3270-8dbd-13c0df6ddaac","name":"Limestone, at mine","categoryPath":["Technosphere Flows","21: Mining, Quarrying, and Oil and Gas Extraction","2123: Nonmetallic Mineral Mining and Quarrying"],"flowType":"PRODUCT_FLOW","location":"RNA","refUnit":"kg"},"unit":{"@type":"Unit","@id":"20aadc24-a391-41cf-b340-3e4529f44bde","name":"kg"},"flowProperty":{"@type":"FlowProperty","@id":"93a60a56-a3c8-11da-a746-0800200b9a66","name":"Mass","categoryPath":["Technical flow properties"]}},{"@type":"Exchange","avoidedProduct":false,"input":true,"amount":0.32,"internalId":11,"defaultProvider":{"@type":"Process","@id":"49e563d8-0cea-3f97-96b8-15787be48b91","name":"Limestone, at mine","categoryPath":["21: Mining, Quarrying, and Oil and Gas Extraction","2123: Nonmetallic Mineral Mining and Quarrying"],"processType":"UNIT_PROCESS","location":"RNA"},"flow":{"@type":"Flow","@id":"8fe57bef-7504-3270-8dbd-13c0df6ddaac","name":"Limestone, at mine","categoryPath":["Technosphere Flows","21: Mining, Quarrying, and Oil and Gas Extraction","2123: Nonmetallic Mineral Mining and Quarrying"],"flowType":"PRODUCT_FLOW","location":"RNA","refUnit":"kg"},"unit":{"@type":"Unit","@id":"20aadc24-a391-41cf-b340-3e4529f44bde","name":"kg"},"flowProperty":{"@type":"FlowProperty","@id":"93a60a56-a3c8-11da-a746-0800200b9a66","name":"Mass","categoryPath":["Technical flow properties"]}},{"@type":"Exchange","avoidedProduct":false,"input":false,"amount":5.8884E-4,"internalId":29,"flow":{"@type":"Flow","@id":"6f861846-1c4c-3fc9-a198-56b2d9abd83b","name":"Volatile organic compounds","categoryPath":["Elementary Flows","emission","air"],"flowType":"ELEMENTARY_FLOW","refUnit":"kg"},"unit":{"@type":"Unit","@id":"20aadc24-a391-41cf-b340-3e4529f44bde","name":"kg"},"flowProperty":{"@type":"FlowProperty","@id":"93a60a56-a3c8-11da-a746-0800200b9a66","name":"Mass","categoryPath":["Technical flow properties"]}},{"@type":"Exchange","avoidedProduct":false,"input":true,"amount":0.013,"description":"Data compiled for ACMA project; processing, HCl, and various reactants from Franklin Associates Private Library and borax adapted from ecoinvent.","internalId":12,"flow":{"@type":"Flow","@id":"df38aadc-e068-3c51-906f-83eb96b81bb8","name":"Boric acid, at plant","categoryPath":["Technosphere Flows","CUTOFF Flows"],"flowType":"PRODUCT_FLOW","refUnit":"kg"},"unit":{"@type":"Unit","@id":"20aadc24-a391-41cf-b340-3e4529f44bde","name":"kg"},"flowProperty":{"@type":"FlowProperty","@id":"93a60a56-a3c8-11da-a746-0800200b9a66","name":"Mass","categoryPath":["Technical flow properties"]}},{"@type":"Exchange","avoidedProduct":false,"input":true,"amount":0.0086,"description":"Limestone mining is used as a proxy for magnesite to approximate energy and emissions. ","internalId":28,"defaultProvider":{"@type":"Process","@id":"49e563d8-0cea-3f97-96b8-15787be48b91","name":"Limestone, at mine","categoryPath":["21: Mining, Quarrying, and Oil and Gas Extraction","2123: Nonmetallic Mineral Mining and Quarrying"],"processType":"UNIT_PROCESS","location":"RNA"},"flow":{"@type":"Flow","@id":"8fe57bef-7504-3270-8dbd-13c0df6ddaac","name":"Limestone, at mine","categoryPath":["Technosphere Flows","21: Mining, Quarrying, and Oil and Gas Extraction","2123: Nonmetallic Mineral Mining and Quarrying"],"flowType":"PRODUCT_FLOW","location":"RNA","refUnit":"kg"},"unit":{"@type":"Unit","@id":"20aadc24-a391-41cf-b340-3e4529f44bde","name":"kg"},"flowProperty":{"@type":"FlowProperty","@id":"93a60a56-a3c8-11da-a746-0800200b9a66","name":"Mass","categoryPath":["Technical flow properties"]}},{"@type":"Exchange","avoidedProduct":false,"input":false,"amount":1.5E-4,"internalId":8,"flow":{"@type":"Flow","@id":"4382ba18-dd21-3837-80b2-94283ef5490e","name":"Nitrogen oxides","categoryPath":["Elementary Flows","emission","air"],"flowType":"ELEMENTARY_FLOW","refUnit":"kg"},"unit":{"@type":"Unit","@id":"20aadc24-a391-41cf-b340-3e4529f44bde","name":"kg"},"flowProperty":{"@type":"FlowProperty","@id":"93a60a56-a3c8-11da-a746-0800200b9a66","name":"Mass","categoryPath":["Technical flow properties"]}},{"@type":"Exchange","avoidedProduct":false,"input":true,"amount":0.24303,"internalId":13,"defaultProvider":{"@type":"Process","@id":"5b81b61c-4d10-3bed-9926-8a5f868f5174","name":"Natural gas, combusted in industrial boiler","categoryPath":["22: Utilities","2213: Water, Sewage and Other Systems"],"processType":"UNIT_PROCESS","location":"RNA"},"flow":{"@type":"Flow","@id":"bb1dc159-fe13-3f8e-8197-361e8c770ba3","name":"Natural gas, combusted in industrial boiler","categoryPath":["Technosphere Flows","22: Utilities","2213: Water, Sewage and Other Systems"],"flowType":"PRODUCT_FLOW","location":"RNA","refUnit":"m3"},"unit":{"@type":"Unit","@id":"1c3a9695-398d-4b1f-b07e-a8715b610f70","name":"m3"},"flowProperty":{"@type":"FlowProperty","@id":"93a60a56-a3c8-22da-a746-0800200c9a66","name":"Volume","categoryPath":["Technical flow properties"]}},{"@type":"Exchange","avoidedProduct":false,"input":false,"amount":8.3E-5,"internalId":27,"flow":{"@type":"Flow","@id":"ad362da4-86b8-3519-b904-d7f3be4328fe","name":"Methanol","categoryPath":["Elementary Flows","emission","air"],"flowType":"ELEMENTARY_FLOW","refUnit":"kg"},"unit":{"@type":"Unit","@id":"20aadc24-a391-41cf-b340-3e4529f44bde","name":"kg"},"flowProperty":{"@type":"FlowProperty","@id":"93a60a56-a3c8-11da-a746-0800200b9a66","name":"Mass","categoryPath":["Technical flow properties"]}},{"@type":"Exchange","avoidedProduct":false,"input":false,"amount":2.2E-4,"internalId":7,"flow":{"@type":"Flow","@id":"69bc8b47-09b5-3a09-b7f4-3e4d2925ce5a","name":"Styrene","categoryPath":["Elementary Flows","emission","air"],"flowType":"ELEMENTARY_FLOW","refUnit":"kg"},"unit":{"@type":"Unit","@id":"20aadc24-a391-41cf-b340-3e4529f44bde","name":"kg"},"flowProperty":{"@type":"FlowProperty","@id":"93a60a56-a3c8-11da-a746-0800200b9a66","name":"Mass","categoryPath":["Technical flow properties"]}},{"@type":"Exchange","avoidedProduct":false,"input":true,"amount":0.16349,"description":"These outgoing solid wastes were provided as universal waste and likely include packaging from incoming materials, office wastes, and floor wastes, which are not shown as inputs. This may affect the mass balance of this system. ","internalId":32,"flow":{"@type":"Flow","@id":"838cef47-a3a6-3dce-bcb2-560991c5e95c","name":"Disposal, solid waste, unspecified, to sanitary landfill","categoryPath":["Technosphere Flows","CUTOFF Flows"],"flowType":"PRODUCT_FLOW","refUnit":"kg"},"unit":{"@type":"Unit","@id":"20aadc24-a391-41cf-b340-3e4529f44bde","name":"kg"},"flowProperty":{"@type":"FlowProperty","@id":"93a60a56-a3c8-11da-a746-0800200b9a66","name":"Mass","categoryPath":["Technical flow properties"]}},{"@type":"Exchange","avoidedProduct":false,"input":false,"amount":5.6E-5,"internalId":15,"flow":{"@type":"Flow","@id":"aef9d0ff-6482-3b1d-a53e-4d738bdcd9b1","name":"Xylene","categoryPath":["Elementary Flows","emission","air"],"flowType":"ELEMENTARY_FLOW","refUnit":"kg"},"unit":{"@type":"Unit","@id":"20aadc24-a391-41cf-b340-3e4529f44bde","name":"kg"},"flowProperty":{"@type":"FlowProperty","@id":"93a60a56-a3c8-11da-a746-0800200b9a66","name":"Mass","categoryPath":["Technical flow properties"]}},{"@type":"Exchange","avoidedProduct":false,"input":true,"amount":0.059,"description":"Adapted using soda powder from trona mining and processing as a proxy for \"ulexite, at mine\" because ulexite is associated with trona deposits and is found in CA and NV.","internalId":17,"defaultProvider":{"@type":"Process","@id":"4cb0c558-b0ac-3656-bc1f-95b477c14921","name":"Soda powder, at plant","categoryPath":["21: Mining, Quarrying, and Oil and Gas Extraction","2123: Nonmetallic Mineral Mining and Quarrying"],"processType":"UNIT_PROCESS","location":"RNA"},"flow":{"@type":"Flow","@id":"0f797f27-2207-3571-84cc-0835a943be09","name":"Soda powder, at plant","categoryPath":["Technosphere Flows","21: Mining, Quarrying, and Oil and Gas Extraction","2123: Nonmetallic Mineral Mining and Quarrying"],"flowType":"PRODUCT_FLOW","location":"RNA","refUnit":"kg"},"unit":{"@type":"Unit","@id":"20aadc24-a391-41cf-b340-3e4529f44bde","name":"kg"},"flowProperty":{"@type":"FlowProperty","@id":"93a60a56-a3c8-11da-a746-0800200b9a66","name":"Mass","categoryPath":["Technical flow properties"]}},{"@type":"Exchange","avoidedProduct":false,"input":true,"amount":6.4803,"description":"Franklin Associates uses a default as opposed to Egalitarian approach in collecting data for water use. During data collection, water use data were only requested and compiled in terms of \u0027evaporative\u0027 or consumptive use (i.e., ultimate withdraws, evaporation, or incorporation into the product). Data were not collected to determine reliable averages for non-evaporative water use. In other words, averages for water inputs and outputs are not available for this unit process.  Consumptive use includes: water incorporated into the product, water evaporated during the process, and/or water used and released to a body other than that from which it was drawn.","internalId":4,"flow":{"@type":"Flow","@id":"e2eb491c-78ff-3123-9e42-494c7d199b44","name":"Water","categoryPath":["Elementary Flows","resource","water"],"flowType":"ELEMENTARY_FLOW","refUnit":"kg"},"unit":{"@type":"Unit","@id":"20aadc24-a391-41cf-b340-3e4529f44bde","name":"kg"},"flowProperty":{"@type":"FlowProperty","@id":"93a60a56-a3c8-11da-a746-0800200b9a66","name":"Mass","categoryPath":["Technical flow properties"]}},{"@type":"Exchange","avoidedProduct":false,"input":true,"amount":0.35,"internalId":16,"flow":{"@type":"Flow","@id":"56e59033-d900-3b83-9e38-959d7885b1bb","name":"Clay, at mine","categoryPath":["Technosphere Flows","CUTOFF Flows"],"flowType":"PRODUCT_FLOW","refUnit":"kg"},"unit":{"@type":"Unit","@id":"20aadc24-a391-41cf-b340-3e4529f44bde","name":"kg"},"flowProperty":{"@type":"FlowProperty","@id":"93a60a56-a3c8-11da-a746-0800200b9a66","name":"Mass","categoryPath":["Technical flow properties"]}},{"@type":"Exchange","avoidedProduct":false,"input":false,"amount":8.6834E-4,"internalId":22,"flow":{"@type":"Flow","@id":"5a939c2b-cebf-3060-8862-4a8650caf6dd","name":"Particulate matter, ≤ 10μm","categoryPath":["Elementary Flows","emission","air"],"flowType":"ELEMENTARY_FLOW","refUnit":"kg"},"unit":{"@type":"Unit","@id":"20aadc24-a391-41cf-b340-3e4529f44bde","name":"kg"},"flowProperty":{"@type":"FlowProperty","@id":"93a60a56-a3c8-11da-a746-0800200b9a66","name":"Mass","categoryPath":["Technical flow properties"]}},{"@type":"Exchange","avoidedProduct":false,"input":true,"amount":0.31,"internalId":25,"flow":{"@type":"Flow","@id":"b226b8b5-beba-3967-a513-eae8fb23e014","name":"Silicone dioxide, at plant","categoryPath":["Technosphere Flows","CUTOFF Flows"],"flowType":"PRODUCT_FLOW","refUnit":"kg"},"unit":{"@type":"Unit","@id":"20aadc24-a391-41cf-b340-3e4529f44bde","name":"kg"},"flowProperty":{"@type":"FlowProperty","@id":"93a60a56-a3c8-11da-a746-0800200b9a66","name":"Mass","categoryPath":["Technical flow properties"]}},{"@type":"Exchange","avoidedProduct":false,"input":false,"amount":2.3E-5,"internalId":6,"flow":{"@type":"Flow","@id":"187c525c-3715-388c-b303-a0671524a615","name":"Carbon monoxide","categoryPath":["Elementary Flows","emission","air"],"flowType":"ELEMENTARY_FLOW","refUnit":"kg"},"unit":{"@type":"Unit","@id":"20aadc24-a391-41cf-b340-3e4529f44bde","name":"kg"},"flowProperty":{"@type":"FlowProperty","@id":"93a60a56-a3c8-11da-a746-0800200b9a66","name":"Mass","categoryPath":["Technical flow properties"]}},{"@type":"Exchange","avoidedProduct":false,"input":true,"amount":0.065969,"description":"Individual amounts of each incoming material were multiplied by the incoming distance travelled. These are totaled weighted averages of the primary incoming transport data from each participating facility.","internalId":21,"defaultProvider":{"@type":"Process","@id":"34156f3c-28ef-33db-9ad0-6293a2aa0d52","name":"Transport, combination truck, diesel powered","categoryPath":["48-49: Transportation and Warehousing","4841: General Freight Trucking"],"processType":"UNIT_PROCESS","location":"RNA"},"flow":{"@type":"Flow","@id":"628c07ec-0802-39c1-ab88-1c62848ef436","name":"Transport, combination truck, diesel powered","categoryPath":["Technosphere Flows","48-49: Transportation and Warehousing","4841: General Freight Trucking"],"flowType":"PRODUCT_FLOW","location":"RNA","refUnit":"t*km"},"unit":{"@type":"Unit","@id":"0dea4ed8-bb6b-4049-b2b4-b2c413ef2180","name":"t*km"},"flowProperty":{"@type":"FlowProperty","@id":"838aaa20-0117-11db-92e3-0800200c9a66","name":"Goods transport (mass*distance)","categoryPath":["Technical flow properties"]}},{"@type":"Exchange","avoidedProduct":false,"input":false,"amount":4.16E-4,"internalId":3,"flow":{"@type":"Flow","@id":"42e4c3cb-8468-3004-bd4b-19e6cbb81687","name":"Sulfur oxides","categoryPath":["Elementary Flows","emission","air"],"flowType":"ELEMENTARY_FLOW","refUnit":"kg"},"unit":{"@type":"Unit","@id":"20aadc24-a391-41cf-b340-3e4529f44bde","name":"kg"},"flowProperty":{"@type":"FlowProperty","@id":"93a60a56-a3c8-11da-a746-0800200b9a66","name":"Mass","categoryPath":["Technical flow properties"]}},{"@type":"Exchange","avoidedProduct":false,"input":true,"amount":0.032,"description":"Quicklime is used as a surrogate for Burnt lime within the US LCI Database.","internalId":20,"defaultProvider":{"@type":"Process","@id":"9c0c2415-126f-3162-8479-f002f315a8c7","name":"Quicklime, at plant","categoryPath":["31-33: Manufacturing","3274: Lime and Gypsum Product Manufacturing"],"processType":"UNIT_PROCESS","location":"RNA"},"flow":{"@type":"Flow","@id":"c34c4451-297f-3b5c-a15f-2c16cdb52ad9","name":"Quicklime, at plant","categoryPath":["Technosphere Flows","31-33: Manufacturing","3274: Lime and Gypsum Product Manufacturing"],"flowType":"PRODUCT_FLOW","location":"RNA","refUnit":"kg"},"unit":{"@type":"Unit","@id":"20aadc24-a391-41cf-b340-3e4529f44bde","name":"kg"},"flowProperty":{"@type":"FlowProperty","@id":"93a60a56-a3c8-11da-a746-0800200b9a66","name":"Mass","categoryPath":["Technical flow properties"]}},{"@type":"Exchange","avoidedProduct":false,"input":false,"amount":4.6E-5,"internalId":10,"flow":{"@type":"Flow","@id":"1c288388-0f32-30f1-8267-19b8d72c80df","name":"Hydrofluoric acid","categoryPath":["Elementary Flows","emission","air"],"flowType":"ELEMENTARY_FLOW","refUnit":"kg"},"unit":{"@type":"Unit","@id":"20aadc24-a391-41cf-b340-3e4529f44bde","name":"kg"},"flowProperty":{"@type":"FlowProperty","@id":"93a60a56-a3c8-11da-a746-0800200b9a66","name":"Mass","categoryPath":["Technical flow properties"]}},{"@type":"Exchange","avoidedProduct":false,"input":true,"amount":0.018,"description":"Adapted from ecoinvent module \"Borax, anhydrous, powder, at plant\" to reflect use of energy and material inputs for the U.S. context.","internalId":18,"flow":{"@type":"Flow","@id":"f59bb7c6-2830-3848-a268-f19267b96233","name":"Borax, anhydrous, powder, at plant","categoryPath":["Technosphere Flows","CUTOFF Flows"],"flowType":"PRODUCT_FLOW","refUnit":"kg"},"unit":{"@type":"Unit","@id":"20aadc24-a391-41cf-b340-3e4529f44bde","name":"kg"},"flowProperty":{"@type":"FlowProperty","@id":"93a60a56-a3c8-11da-a746-0800200b9a66","name":"Mass","categoryPath":["Technical flow properties"]}},{"@type":"Exchange","avoidedProduct":false,"input":true,"amount":0.0028,"description":"Diglycidyl ether of bisphenol-A (DGEBA) is a typical epoxy resin and is used to reflect energy and material inputs for the U.S. context. A DGEBA Epoxy resin is produced from a reaction between epichlorohydrin and bisphenol-A, though the latter may be replaced by similar chemicals.","internalId":9,"flow":{"@type":"Flow","@id":"9f72ac52-c1fd-35fc-a294-9f779b15048f","name":"Epoxy, resin, at plant","categoryPath":["Technosphere Flows","CUTOFF Flows"],"flowType":"PRODUCT_FLOW","refUnit":"kg"},"unit":{"@type":"Unit","@id":"20aadc24-a391-41cf-b340-3e4529f44bde","name":"kg"},"flowProperty":{"@type":"FlowProperty","@id":"93a60a56-a3c8-11da-a746-0800200b9a66","name":"Mass","categoryPath":["Technical flow properties"]}},{"@type":"Exchange","avoidedProduct":false,"input":true,"amount":0.31215,"description":"Individual amounts of each incoming material were multiplied by the incoming distance travelled. These are totaled weighted averages of the primary incoming transport data from each participating facility.","internalId":24,"defaultProvider":{"@type":"Process","@id":"1e2429d8-8d91-328f-85c3-18d39bdebfa7","name":"Transport, ocean freighter, average fuel mix","categoryPath":["48-49: Transportation and Warehousing","4831: Deep Sea, Coastal, and Great Lakes Water Transportation"],"processType":"UNIT_PROCESS","location":"US"},"flow":{"@type":"Flow","@id":"0e63d1db-e383-3c9a-b02a-b5eebafe87d1","name":"Transport, ocean freighter, average fuel mix","categoryPath":["Technosphere Flows","48-49: Transportation and Warehousing","4831: Deep Sea, Coastal, and Great Lakes Water Transportation"],"flowType":"PRODUCT_FLOW","location":"RNA","refUnit":"t*km"},"unit":{"@type":"Unit","@id":"0dea4ed8-bb6b-4049-b2b4-b2c413ef2180","name":"t*km"},"flowProperty":{"@type":"FlowProperty","@id":"838aaa20-0117-11db-92e3-0800200c9a66","name":"Goods transport (mass*distance)","categoryPath":["Technical flow properties"]}},{"@type":"Exchange","avoidedProduct":false,"input":false,"amount":6.7E-5,"internalId":31,"flow":{"@type":"Flow","@id":"1767d662-f96c-38d8-98e4-cc840d9aafd3","name":"Organic compounds","categoryPath":["Elementary Flows","emission","air"],"flowType":"ELEMENTARY_FLOW","refUnit":"kg"},"unit":{"@type":"Unit","@id":"20aadc24-a391-41cf-b340-3e4529f44bde","name":"kg"},"flowProperty":{"@type":"FlowProperty","@id":"93a60a56-a3c8-11da-a746-0800200b9a66","name":"Mass","categoryPath":["Technical flow properties"]}},{"@type":"Exchange","avoidedProduct":false,"input":true,"amount":2.1878E-4,"internalId":19,"defaultProvider":{"@type":"Process","@id":"4eec7a31-b920-3f91-b7c3-924f2aa92ecc","name":"Liquefied petroleum gas, combusted in industrial boiler","categoryPath":["22: Utilities","2213: Water, Sewage and Other Systems"],"processType":"UNIT_PROCESS","location":"RNA"},"flow":{"@type":"Flow","@id":"f77da622-e84d-3639-8917-fcf792aaee13","name":"Liquefied petroleum gas, combusted in industrial boiler","categoryPath":["Technosphere Flows","22: Utilities","2213: Water, Sewage and Other Systems"],"flowType":"PRODUCT_FLOW","location":"RNA","refUnit":"m3"},"unit":{"@type":"Unit","@id":"b80a512e-e402-4363-8ad0-7d02dcf4a459","name":"l"},"flowProperty":{"@type":"FlowProperty","@id":"93a60a56-a3c8-22da-a746-0800200c9a66","name":"Volume","categoryPath":["Technical flow properties"]}},{"@type":"Exchange","avoidedProduct":false,"input":true,"amount":1.2721,"internalId":1,"defaultProvider":{"@type":"Process","@id":"89389d98-1ba6-30c5-9c33-92443694936b","name":"Electricity, at Grid, US, 2010","categoryPath":["22: Utilities","2211: Electric Power Generation, Transmission and Distribution"],"processType":"UNIT_PROCESS","location":"RNA"},"flow":{"@type":"Flow","@id":"06581fb2-1de0-3e78-8298-f37605dea142","name":"Electricity, at grid","categoryPath":["Technosphere Flows","22: Utilities","2211: Electric Power Generation, Transmission and Distribution"],"flowType":"PRODUCT_FLOW","location":"RNA","refUnit":"MJ"},"unit":{"@type":"Unit","@id":"86ad2244-1f0e-4912-af53-7865283103e4","name":"kWh"},"flowProperty":{"@type":"FlowProperty","@id":"f6811440-ee37-11de-8a39-0800200c9a66","name":"Energy","categoryPath":["Technical flow properties"]}},{"@type":"Exchange","avoidedProduct":false,"input":true,"amount":0.0052,"description":"Adapted \"Calcium borates, at plant\" from ecoinvent as a proxy for Colmanite to reflect use of energy and material inputs for the U.S. context. Borates processing used as proxy as colemanite is a borate mineral: CaB3O4(OH)3·H2O.","internalId":26,"flow":{"@type":"Flow","@id":"54c83916-3098-3270-948b-a9422dfc1afa","name":"Calcium borates, at plant","categoryPath":["Technosphere Flows","CUTOFF Flows"],"flowType":"PRODUCT_FLOW","refUnit":"kg"},"unit":{"@type":"Unit","@id":"20aadc24-a391-41cf-b340-3e4529f44bde","name":"kg"},"flowProperty":{"@type":"FlowProperty","@id":"93a60a56-a3c8-11da-a746-0800200b9a66","name":"Mass","categoryPath":["Technical flow properties"]}}]}