{"@context":"http://greendelta.github.io/olca-schema/context.jsonld","@type":"Process","@id":"323a15f8-5c89-3deb-aad5-78133e487bef","name":"Ethanol, 85%, blended, at service station, 2022","description":"The production of ethanol utilized in this process assigns inputs to co-products (e.g., wheat kernals and straw, corn grain and stover) based on activities and inputs that are required for the growth and harvest and preprocessing of, e.g., wheat straw, and none that of the activities or inputs that would normally be used to produce, harvest and preprocess, e.g., wheat kernals (so-called \"incremental allocation\"). \nNEED TO ADD CONCRETE AND REBAR FOR NEW E85 REFUELING ISLANDS, AND AMORTIZE.","version":"00.00.005","lastChange":"2020-09-06T17:55:42.055-06:00","category":{"@type":"Category","@id":"01fd1e94-45bd-3239-8d50-7d7488c1cac4","name":"3241: Petroleum and Coal Products Manufacturing","categoryPath":["31-33: Manufacturing"],"categoryType":"Process"},"processType":"UNIT_PROCESS","defaultAllocationMethod":"NO_ALLOCATION","infrastructureProcess":false,"location":{"@type":"Location","@id":"b320e7db-c758-3ba6-8839-81eb83c9d7d7","name":"Northern America"},"processDocumentation":{"@type":"ProcessDocumentation","timeDescription":"2022","technologyDescription":"modern","restrictionsDescription":"All information can be accessed by everybody.","copyright":false,"validFrom":"2021-12-31-07:00","validUntil":"2021-12-31-07:00","creationDate":"2015-08-24T10:07:40.365-06:00","geographyDescription":"North America","dataDocumentor":{"@type":"Actor","@id":"4abc5016-b922-34c0-a2c1-136c5cfa7083","name":"Garvin Heath"},"dataGenerator":{"@type":"Actor","@id":"4abc5016-b922-34c0-a2c1-136c5cfa7083","name":"Garvin Heath"},"publication":{"@type":"Source","@id":"a1d1d73e-7d93-3a6b-a3bc-3b2f4f025b86","name":"Hsu, D. "},"sources":[{"@type":"Source","@id":"a1d1d73e-7d93-3a6b-a3bc-3b2f4f025b86","name":"Hsu, D. "}]},"lastInternalId":0,"exchanges":[{"@type":"Exchange","avoidedProduct":false,"input":false,"amount":1.0,"description":"despite it\u0027s name, \"E85, at blending terminal\" actually does include the final transport of blended E85 to the refueling station, so no transportation needs to be included in this process.","internalId":1,"flow":{"@type":"Flow","@id":"e3ba395e-fd2f-3668-aee1-311195c02835","name":"Ethanol, 85%, blended, at service station","categoryPath":["Technosphere Flows","31-33: Manufacturing","3241: Petroleum and Coal Products Manufacturing"],"flowType":"PRODUCT_FLOW","location":"RNA","refUnit":"kg"},"unit":{"@type":"Unit","@id":"20aadc24-a391-41cf-b340-3e4529f44bde","name":"kg"},"flowProperty":{"@type":"FlowProperty","@id":"93a60a56-a3c8-11da-a746-0800200b9a66","name":"Mass","categoryPath":["Technical flow properties"]},"quantitativeReference":true},{"@type":"Exchange","avoidedProduct":false,"input":true,"amount":7.49E-16,"description":"Price (2008 USD) of E85 Curb and whip hoses needed during the EISA timeframe (2008-2022) per gallons of E85 dispensed during EISA; then divided by density of E85 in kg/gallon to get price per kg.  (Actually this accounts for ethanol sold in 2023 because of the two year lifetime of hoses means the effective lifetime of nozzles installed during EISA extends plus 1 year). Units: USD/kg Ethanol.","internalId":4,"flow":{"@type":"Flow","@id":"fae261c9-09c3-3ba4-b23f-22ff2dfb7893","name":"Rubber and plastics hose and belting","categoryPath":["Technosphere Flows","CUTOFF Flows"],"flowType":"PRODUCT_FLOW","refUnit":"EUR 2000"},"unit":{"@type":"Unit","@id":"a55b7fe7-fa09-47ef-be62-e07b8e6f4351","name":"EUR 2000"},"flowProperty":{"@type":"FlowProperty","@id":"fdfecf14-ff8a-4e17-b2b2-f938c4b5cc27","name":"Market value, bulk prices","categoryPath":["Economic flow properties"]}},{"@type":"Exchange","avoidedProduct":false,"input":true,"amount":1.0,"internalId":6,"defaultProvider":{"@type":"Process","@id":"64c379de-b24a-36d0-9170-d61d9d9d7278","name":"Ethanol, 85%, at blending terminal, 2022","categoryPath":["31-33: Manufacturing","3251: Basic Chemical Manufacturing"],"processType":"UNIT_PROCESS","location":"RNA"},"flow":{"@type":"Flow","@id":"ec45ebbc-909d-347c-b810-ad895485bcba","name":"Ethanol, 85%, at blending terminal","categoryPath":["Technosphere Flows","31-33: Manufacturing","3251: Basic Chemical Manufacturing"],"flowType":"PRODUCT_FLOW","location":"RNA","refUnit":"kg"},"unit":{"@type":"Unit","@id":"20aadc24-a391-41cf-b340-3e4529f44bde","name":"kg"},"flowProperty":{"@type":"FlowProperty","@id":"93a60a56-a3c8-11da-a746-0800200b9a66","name":"Mass","categoryPath":["Technical flow properties"]}},{"@type":"Exchange","avoidedProduct":false,"input":true,"amount":0.052,"description":"I believe the the ecoinvent process of \"petrol, at regional storage\" includes dispensing. (CONFIRM) This petrol was mixed with ethanol in the \"E85, 2022, at blending terminal\", and thus we shouldn\u0027t double count the (small) energy use for dispensing the petrol portion of E85. Assumes low voltage electricity for this process. Low voltage is \u003c1 kV (Swiss estimate; personal communication with Christian Bauer, modeler of this process)","internalId":3,"defaultProvider":{"@type":"Process","@id":"89389d98-1ba6-30c5-9c33-92443694936b","name":"Electricity, at Grid, US, 2010","categoryPath":["22: Utilities","2211: Electric Power Generation, Transmission and Distribution"],"processType":"UNIT_PROCESS","location":"RNA"},"flow":{"@type":"Flow","@id":"06581fb2-1de0-3e78-8298-f37605dea142","name":"Electricity, at grid","categoryPath":["Technosphere Flows","22: Utilities","2211: Electric Power Generation, Transmission and Distribution"],"flowType":"PRODUCT_FLOW","location":"RNA","refUnit":"MJ"},"unit":{"@type":"Unit","@id":"86ad2244-1f0e-4912-af53-7865283103e4","name":"kWh"},"flowProperty":{"@type":"FlowProperty","@id":"f6811440-ee37-11de-8a39-0800200c9a66","name":"Energy","categoryPath":["Technical flow properties"]}},{"@type":"Exchange","avoidedProduct":false,"input":true,"amount":9.17E-15,"description":"Price (2008 USD) of E85 dispenser per lifetime (15 years) gallons of E85 dispensed from 2008 through 2022 PLUS Price (2008 USD) of E85 Nozzle, Swivel and Safety breaks needed during the EISA timeframe (2008-2022) per gallons of E85 dispensed during EISA; then divided by density of E85 in kg/gallon to get price per kg.  (Actually this accounts for ethanol sold in 2023 because the two year lifetime of nozzles, etc. means the effective lifetime of nozzles installed during EISA extends plus 1 year). Units: USD/kg Ethanol.","internalId":5,"flow":{"@type":"Flow","@id":"9c8fd916-2d05-3488-9414-57547ebeafe0","name":"Measuring and dispensing pumps","categoryPath":["Technosphere Flows","CUTOFF Flows"],"flowType":"PRODUCT_FLOW","refUnit":"EUR 2000"},"unit":{"@type":"Unit","@id":"a55b7fe7-fa09-47ef-be62-e07b8e6f4351","name":"EUR 2000"},"flowProperty":{"@type":"FlowProperty","@id":"fdfecf14-ff8a-4e17-b2b2-f938c4b5cc27","name":"Market value, bulk prices","categoryPath":["Economic flow properties"]}},{"@type":"Exchange","avoidedProduct":false,"input":true,"amount":9.47E-12,"description":"Total number of new retail tanks to support EISA volumes divided by lifetime gallons (50 years); then divided by density of E85 in kg/gallon to get price per kg.  Units: piece/kg Ethanol","internalId":2,"flow":{"@type":"Flow","@id":"77b15cd4-4d36-3f26-8c86-fc10c1e8c6f5","name":"Liquid storage tank, chemicals, organics","categoryPath":["Technosphere Flows","CUTOFF Flows"],"flowType":"PRODUCT_FLOW","refUnit":"Item(s)"},"unit":{"@type":"Unit","@id":"6dabe201-aaac-4509-92f0-d00c26cb72ab","name":"Item(s)"},"flowProperty":{"@type":"FlowProperty","@id":"01846770-4cfe-4a25-8ad9-919d8d378345","name":"Number of items","categoryPath":["Technical flow properties"]}}]}