{"@context":"http://greendelta.github.io/olca-schema/context.jsonld","@type":"Process","@id":"35bd31d8-b0b1-3da8-a553-df33ccd9e452","name":"Sawn lumber, hardwood, planed, kiln dried, at planer mill, SE","description":"Allocation on a mass basis.\nImportant note: although most of the data in the US LCI database has \nundergone some sort of review, the database as a whole has not yet \nundergone a formal validation process.\nPlease email comments to lci@nrel.gov.","version":"00.00.018","lastChange":"2021-09-30T20:48:14.351-06:00","category":{"@type":"Category","@id":"7cb71c0c-7606-33cf-9070-f3c4fcd67491","name":"3211: Sawmills and Wood Preservation","categoryPath":["31-33: Manufacturing"],"categoryType":"Process"},"processType":"UNIT_PROCESS","defaultAllocationMethod":"PHYSICAL_ALLOCATION","infrastructureProcess":false,"location":{"@type":"Location","@id":"0b3b97fa-6688-3c56-88ee-4ae80ec0c3c2","name":"United States"},"processDocumentation":{"@type":"ProcessDocumentation","technologyDescription":"Average technology. Some data extrapolated from similar processes.","samplingDescription":"Questionnaires from 12 mills from the 8 states of southeast region.  Hardwood sawmills were members of the Hardwood Manufacturer Association (HMA).","restrictionsDescription":"All information can be accessed by everybody.","copyright":false,"validFrom":"2004-12-31-07:00","validUntil":"2005-12-31-07:00","creationDate":"2015-09-17T08:48:52.030-06:00","intendedApplication":"Only mass allocation factors are available for the multi-functional processes (disregard economic allocation factor values-they are mass allocation factors).","geographyDescription":"SE \u003d Southeast United States.  The 8 states are Arkansas, Louisiana, Mississippi, Alabama, Tennessee, North Carolina, South Carolina, Georgia.","dataDocumentor":{"@type":"Actor","@id":"ae081e38-d629-3c22-86de-dbc3bb038016","name":"Maureen Puetmann"},"dataGenerator":{"@type":"Actor","@id":"ae081e38-d629-3c22-86de-dbc3bb038016","name":"Maureen Puetmann"},"publication":{"@type":"Source","@id":"32a25f7b-db9e-3456-b41d-3dd163a8b57a","name":"Richard D. Bergman "},"sources":[{"@type":"Source","@id":"fde9ca09-7e3a-3844-bdee-0e856c5b85f4","name":"NHLA "},{"@type":"Source","@id":"818ec336-712a-39d0-9c97-fa011191da2d","name":"Forest Products Laboratory "},{"@type":"Source","@id":"871e7711-998e-3523-a152-58f6e8e1009c","name":"Forest Products Laboratory "},{"@type":"Source","@id":"32a25f7b-db9e-3456-b41d-3dd163a8b57a","name":"Richard D. Bergman "},{"@type":"Source","@id":"b8bed8c2-4f1b-3666-b61f-bafcb1f272a6","name":"Maureen Puettmann "}]},"lastInternalId":0,"exchanges":[{"@type":"Exchange","avoidedProduct":false,"input":false,"amount":1.0,"description":"Weight reported on an ovendry basis.  Moisture content (ovendry basis) \u003d 8.0%","internalId":1,"flow":{"@type":"Flow","@id":"dc74c71d-c791-3d74-bc0e-8d7519f5d344","name":"Sawn lumber; hardwood; planed; kiln dried; at planer mill","categoryPath":["Technosphere Flows","31-33: Manufacturing","3211: Sawmills and Wood Preservation"],"flowType":"PRODUCT_FLOW","location":"US","refUnit":"m3"},"unit":{"@type":"Unit","@id":"1c3a9695-398d-4b1f-b07e-a8715b610f70","name":"m3"},"flowProperty":{"@type":"FlowProperty","@id":"93a60a56-a3c8-22da-a746-0800200c9a66","name":"Volume","categoryPath":["Technical flow properties"]},"quantitativeReference":true},{"@type":"Exchange","avoidedProduct":false,"input":false,"amount":109.0,"description":"Weight reported on an ovendry basis.  Moisture content (ovendry basis) \u003d 8.0%","internalId":2,"flow":{"@type":"Flow","@id":"23de2b44-d931-39f7-b2c8-d56346794608","name":"Wood fuel; hardwood; kiln-dried; at planer mill","categoryPath":["Technosphere Flows","31-33: Manufacturing","3211: Sawmills and Wood Preservation"],"flowType":"PRODUCT_FLOW","location":"US","refUnit":"kg"},"unit":{"@type":"Unit","@id":"20aadc24-a391-41cf-b340-3e4529f44bde","name":"kg"},"flowProperty":{"@type":"FlowProperty","@id":"93a60a56-a3c8-11da-a746-0800200b9a66","name":"Mass","categoryPath":["Technical flow properties"]}},{"@type":"Exchange","avoidedProduct":false,"input":true,"amount":0.0876,"description":"20% of mill use","internalId":4,"defaultProvider":{"@type":"Process","@id":"d3e13675-1455-375f-a557-bb8234de75ff","name":"Gasoline, combusted in equipment","categoryPath":["22: Utilities","2213: Water, Sewage and Other Systems"],"processType":"UNIT_PROCESS","location":"RNA"},"flow":{"@type":"Flow","@id":"bc38e349-1ccf-3855-a615-a4f581ab875b","name":"Gasoline, combusted in equipment","categoryPath":["Technosphere Flows","22: Utilities","2213: Water, Sewage and Other Systems"],"flowType":"PRODUCT_FLOW","location":"RNA","refUnit":"m3"},"unit":{"@type":"Unit","@id":"b80a512e-e402-4363-8ad0-7d02dcf4a459","name":"l"},"flowProperty":{"@type":"FlowProperty","@id":"93a60a56-a3c8-22da-a746-0800200c9a66","name":"Volume","categoryPath":["Technical flow properties"]}},{"@type":"Exchange","avoidedProduct":false,"input":false,"amount":14.0,"description":"Weight reported on an ovendry basis.  Moisture content (ovendry basis) \u003d 8.0%","internalId":6,"flow":{"@type":"Flow","@id":"fe26fae6-a458-3a9d-8aac-bdc2748d145d","name":"Sawdust; hardwood; kiln-dried; at planer mill","categoryPath":["Technosphere Flows","31-33: Manufacturing","3211: Sawmills and Wood Preservation"],"flowType":"PRODUCT_FLOW","location":"US","refUnit":"kg"},"unit":{"@type":"Unit","@id":"20aadc24-a391-41cf-b340-3e4529f44bde","name":"kg"},"flowProperty":{"@type":"FlowProperty","@id":"93a60a56-a3c8-11da-a746-0800200b9a66","name":"Mass","categoryPath":["Technical flow properties"]}},{"@type":"Exchange","avoidedProduct":false,"input":false,"amount":41.6,"description":"Weight reported on an ovendry basis.  Moisture content (ovendry basis) \u003d 8.0%","internalId":8,"flow":{"@type":"Flow","@id":"2d72c700-2547-3c4d-b509-e3b3dfb1942a","name":"Shavings; hardwood; kiln-dried; at planer mill","categoryPath":["Technosphere Flows","31-33: Manufacturing","3211: Sawmills and Wood Preservation"],"flowType":"PRODUCT_FLOW","location":"US","refUnit":"kg"},"unit":{"@type":"Unit","@id":"20aadc24-a391-41cf-b340-3e4529f44bde","name":"kg"},"flowProperty":{"@type":"FlowProperty","@id":"93a60a56-a3c8-11da-a746-0800200b9a66","name":"Mass","categoryPath":["Technical flow properties"]}},{"@type":"Exchange","avoidedProduct":false,"input":true,"amount":1.275,"description":"Oven-dried basis","internalId":3,"defaultProvider":{"@type":"Process","@id":"7423f694-8370-3bac-8937-f07e9edf8b68","name":"Sawn lumber, hardwood, rough, kiln dried, at kiln, SE","categoryPath":["31-33: Manufacturing","3211: Sawmills and Wood Preservation"],"processType":"UNIT_PROCESS","location":"US"},"flow":{"@type":"Flow","@id":"f6d2d323-e3d6-3eda-a615-25122849659c","name":"Sawn lumber; hardwood; rough; kiln dried; at kiln","categoryPath":["Technosphere Flows","31-33: Manufacturing","3211: Sawmills and Wood Preservation"],"flowType":"PRODUCT_FLOW","location":"US","refUnit":"m3"},"unit":{"@type":"Unit","@id":"1c3a9695-398d-4b1f-b07e-a8715b610f70","name":"m3"},"flowProperty":{"@type":"FlowProperty","@id":"93a60a56-a3c8-22da-a746-0800200c9a66","name":"Volume","categoryPath":["Technical flow properties"]}},{"@type":"Exchange","avoidedProduct":false,"input":true,"amount":41.6,"description":"25% of total electricity","internalId":9,"defaultProvider":{"@type":"Process","@id":"e5856077-a966-4692-9d10-e747237d4fa6","name":"Electricity, Eastern US, 2014","categoryPath":["22: Utilities","2211: Electric Power Generation, Transmission and Distribution"],"processType":"UNIT_PROCESS","location":"US"},"flow":{"@type":"Flow","@id":"06581fb2-1de0-3e78-8298-f37605dea142","name":"Electricity, at grid","categoryPath":["Technosphere Flows","22: Utilities","2211: Electric Power Generation, Transmission and Distribution"],"flowType":"PRODUCT_FLOW","location":"RNA","refUnit":"MJ"},"unit":{"@type":"Unit","@id":"86ad2244-1f0e-4912-af53-7865283103e4","name":"kWh"},"flowProperty":{"@type":"FlowProperty","@id":"f6811440-ee37-11de-8a39-0800200c9a66","name":"Energy","categoryPath":["Technical flow properties"]}},{"@type":"Exchange","avoidedProduct":false,"input":true,"amount":0.00708,"description":"20% of mill use; proxy for propane","internalId":5,"defaultProvider":{"@type":"Process","@id":"7b7babef-a97a-3510-88f2-ee70aa1fa03b","name":"Natural gas, combusted in industrial equipment","categoryPath":["22: Utilities","2213: Water, Sewage and Other Systems"],"processType":"UNIT_PROCESS","location":"RNA"},"flow":{"@type":"Flow","@id":"9dfc02c2-db7e-3c19-b120-165cab1a22c5","name":"Natural gas, combusted in industrial equipment, 1.357 m3/kg, 52.13 MJ/kg","categoryPath":["Technosphere Flows","22: Utilities","2213: Water, Sewage and Other Systems"],"flowType":"PRODUCT_FLOW","location":"RNA","refUnit":"m3"},"unit":{"@type":"Unit","@id":"b80a512e-e402-4363-8ad0-7d02dcf4a459","name":"l"},"flowProperty":{"@type":"FlowProperty","@id":"93a60a56-a3c8-22da-a746-0800200c9a66","name":"Volume","categoryPath":["Technical flow properties"]}},{"@type":"Exchange","avoidedProduct":false,"input":true,"amount":2.32,"description":"25% of total electricity","internalId":10,"defaultProvider":{"@type":"Process","@id":"d85c6177-4580-35f0-afd6-52125ababf10","name":"Heat, onsite boiler, hardwood mill, average, SE","categoryPath":["22: Utilities","2213: Water, Sewage and Other Systems"],"processType":"UNIT_PROCESS","location":"US"},"flow":{"@type":"Flow","@id":"97624ce0-6d6a-3376-bfa7-c663b3c7e48d","name":"Electricity; onsite boiler; hardwood mill; average","categoryPath":["Technosphere Flows","22: Utilities","2213: Water, Sewage and Other Systems"],"flowType":"PRODUCT_FLOW","location":"US","refUnit":"MJ"},"unit":{"@type":"Unit","@id":"86ad2244-1f0e-4912-af53-7865283103e4","name":"kWh"},"flowProperty":{"@type":"FlowProperty","@id":"f6811440-ee37-11de-8a39-0800200c9a66","name":"Energy","categoryPath":["Technical flow properties"]}},{"@type":"Exchange","avoidedProduct":false,"input":true,"amount":0.846,"description":"20% of mill use","internalId":7,"defaultProvider":{"@type":"Process","@id":"d6ad7035-5498-3237-8abd-50e93b1eef89","name":"Diesel, combusted in industrial equipment","categoryPath":["22: Utilities","2213: Water, Sewage and Other Systems"],"processType":"UNIT_PROCESS","location":"RNA"},"flow":{"@type":"Flow","@id":"d815ff18-015c-3afb-be18-be03bdf325da","name":"Diesel, combusted in industrial equipment","categoryPath":["Technosphere Flows","22: Utilities","2213: Water, Sewage and Other Systems"],"flowType":"PRODUCT_FLOW","location":"RNA","refUnit":"m3"},"unit":{"@type":"Unit","@id":"b80a512e-e402-4363-8ad0-7d02dcf4a459","name":"l"},"flowProperty":{"@type":"FlowProperty","@id":"93a60a56-a3c8-22da-a746-0800200c9a66","name":"Volume","categoryPath":["Technical flow properties"]}}],"allocationFactors":[{"@type":"AllocationFactor","allocationType":"CAUSAL_ALLOCATION","exchange":{"@type":"Exchange","internalId":9,"flow":{"@type":"Flow","@id":"06581fb2-1de0-3e78-8298-f37605dea142","name":"Electricity, at grid","categoryPath":["Technosphere Flows","22: Utilities","2211: Electric Power Generation, Transmission and Distribution"],"flowType":"PRODUCT_FLOW","location":"RNA","refUnit":"MJ"}},"product":{"@type":"Flow","@id":"2d72c700-2547-3c4d-b509-e3b3dfb1942a","name":"Shavings; hardwood; kiln-dried; at planer mill","categoryPath":["Technosphere Flows","31-33: Manufacturing","3211: Sawmills and Wood Preservation"],"flowType":"PRODUCT_FLOW","location":"US","refUnit":"kg"},"value":0.054},{"@type":"AllocationFactor","allocationType":"CAUSAL_ALLOCATION","exchange":{"@type":"Exchange","internalId":9,"flow":{"@type":"Flow","@id":"06581fb2-1de0-3e78-8298-f37605dea142","name":"Electricity, at grid","categoryPath":["Technosphere Flows","22: Utilities","2211: Electric Power Generation, Transmission and Distribution"],"flowType":"PRODUCT_FLOW","location":"RNA","refUnit":"MJ"}},"product":{"@type":"Flow","@id":"dc74c71d-c791-3d74-bc0e-8d7519f5d344","name":"Sawn lumber; hardwood; planed; kiln dried; at planer mill","categoryPath":["Technosphere Flows","31-33: Manufacturing","3211: Sawmills and Wood Preservation"],"flowType":"PRODUCT_FLOW","location":"US","refUnit":"m3"},"value":0.785},{"@type":"AllocationFactor","allocationType":"ECONOMIC_ALLOCATION","product":{"@type":"Flow","@id":"fe26fae6-a458-3a9d-8aac-bdc2748d145d","name":"Sawdust; hardwood; kiln-dried; at planer mill","categoryPath":["Technosphere Flows","31-33: Manufacturing","3211: Sawmills and Wood Preservation"],"flowType":"PRODUCT_FLOW","location":"US","refUnit":"kg"},"value":0.018},{"@type":"AllocationFactor","allocationType":"ECONOMIC_ALLOCATION","product":{"@type":"Flow","@id":"dc74c71d-c791-3d74-bc0e-8d7519f5d344","name":"Sawn lumber; hardwood; planed; kiln dried; at planer mill","categoryPath":["Technosphere Flows","31-33: Manufacturing","3211: Sawmills and Wood Preservation"],"flowType":"PRODUCT_FLOW","location":"US","refUnit":"m3"},"value":0.785},{"@type":"AllocationFactor","allocationType":"CAUSAL_ALLOCATION","exchange":{"@type":"Exchange","internalId":5,"flow":{"@type":"Flow","@id":"9dfc02c2-db7e-3c19-b120-165cab1a22c5","name":"Natural gas, combusted in industrial equipment, 1.357 m3/kg, 52.13 MJ/kg","categoryPath":["Technosphere Flows","22: Utilities","2213: Water, Sewage and Other Systems"],"flowType":"PRODUCT_FLOW","location":"RNA","refUnit":"m3"}},"product":{"@type":"Flow","@id":"fe26fae6-a458-3a9d-8aac-bdc2748d145d","name":"Sawdust; hardwood; kiln-dried; at planer mill","categoryPath":["Technosphere Flows","31-33: Manufacturing","3211: Sawmills and Wood Preservation"],"flowType":"PRODUCT_FLOW","location":"US","refUnit":"kg"},"value":0.018},{"@type":"AllocationFactor","allocationType":"CAUSAL_ALLOCATION","exchange":{"@type":"Exchange","internalId":3,"flow":{"@type":"Flow","@id":"f6d2d323-e3d6-3eda-a615-25122849659c","name":"Sawn lumber; hardwood; rough; kiln dried; at kiln","categoryPath":["Technosphere Flows","31-33: Manufacturing","3211: Sawmills and Wood Preservation"],"flowType":"PRODUCT_FLOW","location":"US","refUnit":"m3"}},"product":{"@type":"Flow","@id":"dc74c71d-c791-3d74-bc0e-8d7519f5d344","name":"Sawn lumber; hardwood; planed; kiln dried; at planer mill","categoryPath":["Technosphere Flows","31-33: Manufacturing","3211: Sawmills and Wood Preservation"],"flowType":"PRODUCT_FLOW","location":"US","refUnit":"m3"},"value":0.785},{"@type":"AllocationFactor","allocationType":"CAUSAL_ALLOCATION","exchange":{"@type":"Exchange","internalId":3,"flow":{"@type":"Flow","@id":"f6d2d323-e3d6-3eda-a615-25122849659c","name":"Sawn lumber; hardwood; rough; kiln dried; at kiln","categoryPath":["Technosphere Flows","31-33: Manufacturing","3211: Sawmills and Wood Preservation"],"flowType":"PRODUCT_FLOW","location":"US","refUnit":"m3"}},"product":{"@type":"Flow","@id":"2d72c700-2547-3c4d-b509-e3b3dfb1942a","name":"Shavings; hardwood; kiln-dried; at planer mill","categoryPath":["Technosphere Flows","31-33: Manufacturing","3211: Sawmills and Wood Preservation"],"flowType":"PRODUCT_FLOW","location":"US","refUnit":"kg"},"value":0.054},{"@type":"AllocationFactor","allocationType":"PHYSICAL_ALLOCATION","product":{"@type":"Flow","@id":"2d72c700-2547-3c4d-b509-e3b3dfb1942a","name":"Shavings; hardwood; kiln-dried; at planer mill","categoryPath":["Technosphere Flows","31-33: Manufacturing","3211: Sawmills and Wood Preservation"],"flowType":"PRODUCT_FLOW","location":"US","refUnit":"kg"},"value":0.054},{"@type":"AllocationFactor","allocationType":"CAUSAL_ALLOCATION","exchange":{"@type":"Exchange","internalId":4,"flow":{"@type":"Flow","@id":"bc38e349-1ccf-3855-a615-a4f581ab875b","name":"Gasoline, combusted in equipment","categoryPath":["Technosphere Flows","22: Utilities","2213: Water, Sewage and Other Systems"],"flowType":"PRODUCT_FLOW","location":"RNA","refUnit":"m3"}},"product":{"@type":"Flow","@id":"23de2b44-d931-39f7-b2c8-d56346794608","name":"Wood fuel; hardwood; kiln-dried; at planer mill","categoryPath":["Technosphere Flows","31-33: Manufacturing","3211: Sawmills and Wood Preservation"],"flowType":"PRODUCT_FLOW","location":"US","refUnit":"kg"},"value":0.143},{"@type":"AllocationFactor","allocationType":"CAUSAL_ALLOCATION","exchange":{"@type":"Exchange","internalId":10,"flow":{"@type":"Flow","@id":"97624ce0-6d6a-3376-bfa7-c663b3c7e48d","name":"Electricity; onsite boiler; hardwood mill; average","categoryPath":["Technosphere Flows","22: Utilities","2213: Water, Sewage and Other Systems"],"flowType":"PRODUCT_FLOW","location":"US","refUnit":"MJ"}},"product":{"@type":"Flow","@id":"2d72c700-2547-3c4d-b509-e3b3dfb1942a","name":"Shavings; hardwood; kiln-dried; at planer mill","categoryPath":["Technosphere Flows","31-33: Manufacturing","3211: Sawmills and Wood Preservation"],"flowType":"PRODUCT_FLOW","location":"US","refUnit":"kg"},"value":0.054},{"@type":"AllocationFactor","allocationType":"PHYSICAL_ALLOCATION","product":{"@type":"Flow","@id":"dc74c71d-c791-3d74-bc0e-8d7519f5d344","name":"Sawn lumber; hardwood; planed; kiln dried; at planer mill","categoryPath":["Technosphere Flows","31-33: Manufacturing","3211: Sawmills and Wood Preservation"],"flowType":"PRODUCT_FLOW","location":"US","refUnit":"m3"},"value":0.785},{"@type":"AllocationFactor","allocationType":"CAUSAL_ALLOCATION","exchange":{"@type":"Exchange","internalId":7,"flow":{"@type":"Flow","@id":"d815ff18-015c-3afb-be18-be03bdf325da","name":"Diesel, combusted in industrial equipment","categoryPath":["Technosphere Flows","22: Utilities","2213: Water, Sewage and Other Systems"],"flowType":"PRODUCT_FLOW","location":"RNA","refUnit":"m3"}},"product":{"@type":"Flow","@id":"23de2b44-d931-39f7-b2c8-d56346794608","name":"Wood fuel; hardwood; kiln-dried; at planer mill","categoryPath":["Technosphere Flows","31-33: Manufacturing","3211: Sawmills and Wood Preservation"],"flowType":"PRODUCT_FLOW","location":"US","refUnit":"kg"},"value":0.143},{"@type":"AllocationFactor","allocationType":"ECONOMIC_ALLOCATION","product":{"@type":"Flow","@id":"2d72c700-2547-3c4d-b509-e3b3dfb1942a","name":"Shavings; hardwood; kiln-dried; at planer mill","categoryPath":["Technosphere Flows","31-33: Manufacturing","3211: Sawmills and Wood Preservation"],"flowType":"PRODUCT_FLOW","location":"US","refUnit":"kg"},"value":0.054},{"@type":"AllocationFactor","allocationType":"PHYSICAL_ALLOCATION","product":{"@type":"Flow","@id":"fe26fae6-a458-3a9d-8aac-bdc2748d145d","name":"Sawdust; hardwood; kiln-dried; at planer mill","categoryPath":["Technosphere Flows","31-33: Manufacturing","3211: Sawmills and Wood Preservation"],"flowType":"PRODUCT_FLOW","location":"US","refUnit":"kg"},"value":0.018},{"@type":"AllocationFactor","allocationType":"CAUSAL_ALLOCATION","exchange":{"@type":"Exchange","internalId":3,"flow":{"@type":"Flow","@id":"f6d2d323-e3d6-3eda-a615-25122849659c","name":"Sawn lumber; hardwood; rough; kiln dried; at kiln","categoryPath":["Technosphere Flows","31-33: Manufacturing","3211: Sawmills and Wood Preservation"],"flowType":"PRODUCT_FLOW","location":"US","refUnit":"m3"}},"product":{"@type":"Flow","@id":"23de2b44-d931-39f7-b2c8-d56346794608","name":"Wood fuel; hardwood; kiln-dried; at planer mill","categoryPath":["Technosphere Flows","31-33: Manufacturing","3211: Sawmills and Wood Preservation"],"flowType":"PRODUCT_FLOW","location":"US","refUnit":"kg"},"value":0.143},{"@type":"AllocationFactor","allocationType":"CAUSAL_ALLOCATION","exchange":{"@type":"Exchange","internalId":7,"flow":{"@type":"Flow","@id":"d815ff18-015c-3afb-be18-be03bdf325da","name":"Diesel, combusted in industrial equipment","categoryPath":["Technosphere Flows","22: Utilities","2213: Water, Sewage and Other Systems"],"flowType":"PRODUCT_FLOW","location":"RNA","refUnit":"m3"}},"product":{"@type":"Flow","@id":"dc74c71d-c791-3d74-bc0e-8d7519f5d344","name":"Sawn lumber; hardwood; planed; kiln dried; at planer mill","categoryPath":["Technosphere Flows","31-33: Manufacturing","3211: Sawmills and Wood Preservation"],"flowType":"PRODUCT_FLOW","location":"US","refUnit":"m3"},"value":0.785},{"@type":"AllocationFactor","allocationType":"CAUSAL_ALLOCATION","exchange":{"@type":"Exchange","internalId":5,"flow":{"@type":"Flow","@id":"9dfc02c2-db7e-3c19-b120-165cab1a22c5","name":"Natural gas, combusted in industrial equipment, 1.357 m3/kg, 52.13 MJ/kg","categoryPath":["Technosphere Flows","22: Utilities","2213: Water, Sewage and Other Systems"],"flowType":"PRODUCT_FLOW","location":"RNA","refUnit":"m3"}},"product":{"@type":"Flow","@id":"dc74c71d-c791-3d74-bc0e-8d7519f5d344","name":"Sawn lumber; hardwood; planed; kiln dried; at planer mill","categoryPath":["Technosphere Flows","31-33: Manufacturing","3211: Sawmills and Wood Preservation"],"flowType":"PRODUCT_FLOW","location":"US","refUnit":"m3"},"value":0.785},{"@type":"AllocationFactor","allocationType":"ECONOMIC_ALLOCATION","product":{"@type":"Flow","@id":"23de2b44-d931-39f7-b2c8-d56346794608","name":"Wood fuel; hardwood; kiln-dried; at planer mill","categoryPath":["Technosphere Flows","31-33: Manufacturing","3211: Sawmills and Wood Preservation"],"flowType":"PRODUCT_FLOW","location":"US","refUnit":"kg"},"value":0.143},{"@type":"AllocationFactor","allocationType":"CAUSAL_ALLOCATION","exchange":{"@type":"Exchange","internalId":4,"flow":{"@type":"Flow","@id":"bc38e349-1ccf-3855-a615-a4f581ab875b","name":"Gasoline, combusted in equipment","categoryPath":["Technosphere Flows","22: Utilities","2213: Water, Sewage and Other Systems"],"flowType":"PRODUCT_FLOW","location":"RNA","refUnit":"m3"}},"product":{"@type":"Flow","@id":"dc74c71d-c791-3d74-bc0e-8d7519f5d344","name":"Sawn lumber; hardwood; planed; kiln dried; at planer mill","categoryPath":["Technosphere Flows","31-33: Manufacturing","3211: Sawmills and Wood Preservation"],"flowType":"PRODUCT_FLOW","location":"US","refUnit":"m3"},"value":0.785},{"@type":"AllocationFactor","allocationType":"CAUSAL_ALLOCATION","exchange":{"@type":"Exchange","internalId":7,"flow":{"@type":"Flow","@id":"d815ff18-015c-3afb-be18-be03bdf325da","name":"Diesel, combusted in industrial equipment","categoryPath":["Technosphere Flows","22: Utilities","2213: Water, Sewage and Other Systems"],"flowType":"PRODUCT_FLOW","location":"RNA","refUnit":"m3"}},"product":{"@type":"Flow","@id":"2d72c700-2547-3c4d-b509-e3b3dfb1942a","name":"Shavings; hardwood; kiln-dried; at planer mill","categoryPath":["Technosphere Flows","31-33: Manufacturing","3211: Sawmills and Wood Preservation"],"flowType":"PRODUCT_FLOW","location":"US","refUnit":"kg"},"value":0.054},{"@type":"AllocationFactor","allocationType":"CAUSAL_ALLOCATION","exchange":{"@type":"Exchange","internalId":5,"flow":{"@type":"Flow","@id":"9dfc02c2-db7e-3c19-b120-165cab1a22c5","name":"Natural gas, combusted in industrial equipment, 1.357 m3/kg, 52.13 MJ/kg","categoryPath":["Technosphere Flows","22: Utilities","2213: Water, Sewage and Other Systems"],"flowType":"PRODUCT_FLOW","location":"RNA","refUnit":"m3"}},"product":{"@type":"Flow","@id":"2d72c700-2547-3c4d-b509-e3b3dfb1942a","name":"Shavings; hardwood; kiln-dried; at planer mill","categoryPath":["Technosphere Flows","31-33: Manufacturing","3211: Sawmills and Wood Preservation"],"flowType":"PRODUCT_FLOW","location":"US","refUnit":"kg"},"value":0.054},{"@type":"AllocationFactor","allocationType":"CAUSAL_ALLOCATION","exchange":{"@type":"Exchange","internalId":10,"flow":{"@type":"Flow","@id":"97624ce0-6d6a-3376-bfa7-c663b3c7e48d","name":"Electricity; onsite boiler; hardwood mill; average","categoryPath":["Technosphere Flows","22: Utilities","2213: Water, Sewage and Other Systems"],"flowType":"PRODUCT_FLOW","location":"US","refUnit":"MJ"}},"product":{"@type":"Flow","@id":"23de2b44-d931-39f7-b2c8-d56346794608","name":"Wood fuel; hardwood; kiln-dried; at planer mill","categoryPath":["Technosphere Flows","31-33: Manufacturing","3211: Sawmills and Wood Preservation"],"flowType":"PRODUCT_FLOW","location":"US","refUnit":"kg"},"value":0.143},{"@type":"AllocationFactor","allocationType":"PHYSICAL_ALLOCATION","product":{"@type":"Flow","@id":"23de2b44-d931-39f7-b2c8-d56346794608","name":"Wood fuel; hardwood; kiln-dried; at planer mill","categoryPath":["Technosphere Flows","31-33: Manufacturing","3211: Sawmills and Wood Preservation"],"flowType":"PRODUCT_FLOW","location":"US","refUnit":"kg"},"value":0.143},{"@type":"AllocationFactor","allocationType":"CAUSAL_ALLOCATION","exchange":{"@type":"Exchange","internalId":4,"flow":{"@type":"Flow","@id":"bc38e349-1ccf-3855-a615-a4f581ab875b","name":"Gasoline, combusted in equipment","categoryPath":["Technosphere Flows","22: Utilities","2213: Water, Sewage and Other Systems"],"flowType":"PRODUCT_FLOW","location":"RNA","refUnit":"m3"}},"product":{"@type":"Flow","@id":"fe26fae6-a458-3a9d-8aac-bdc2748d145d","name":"Sawdust; hardwood; kiln-dried; at planer mill","categoryPath":["Technosphere Flows","31-33: Manufacturing","3211: Sawmills and Wood Preservation"],"flowType":"PRODUCT_FLOW","location":"US","refUnit":"kg"},"value":0.018},{"@type":"AllocationFactor","allocationType":"CAUSAL_ALLOCATION","exchange":{"@type":"Exchange","internalId":5,"flow":{"@type":"Flow","@id":"9dfc02c2-db7e-3c19-b120-165cab1a22c5","name":"Natural gas, combusted in industrial equipment, 1.357 m3/kg, 52.13 MJ/kg","categoryPath":["Technosphere Flows","22: Utilities","2213: Water, Sewage and Other Systems"],"flowType":"PRODUCT_FLOW","location":"RNA","refUnit":"m3"}},"product":{"@type":"Flow","@id":"23de2b44-d931-39f7-b2c8-d56346794608","name":"Wood fuel; hardwood; kiln-dried; at planer mill","categoryPath":["Technosphere Flows","31-33: Manufacturing","3211: Sawmills and Wood Preservation"],"flowType":"PRODUCT_FLOW","location":"US","refUnit":"kg"},"value":0.143},{"@type":"AllocationFactor","allocationType":"CAUSAL_ALLOCATION","exchange":{"@type":"Exchange","internalId":3,"flow":{"@type":"Flow","@id":"f6d2d323-e3d6-3eda-a615-25122849659c","name":"Sawn lumber; hardwood; rough; kiln dried; at kiln","categoryPath":["Technosphere Flows","31-33: Manufacturing","3211: Sawmills and Wood Preservation"],"flowType":"PRODUCT_FLOW","location":"US","refUnit":"m3"}},"product":{"@type":"Flow","@id":"fe26fae6-a458-3a9d-8aac-bdc2748d145d","name":"Sawdust; hardwood; kiln-dried; at planer mill","categoryPath":["Technosphere Flows","31-33: Manufacturing","3211: Sawmills and Wood Preservation"],"flowType":"PRODUCT_FLOW","location":"US","refUnit":"kg"},"value":0.018},{"@type":"AllocationFactor","allocationType":"CAUSAL_ALLOCATION","exchange":{"@type":"Exchange","internalId":9,"flow":{"@type":"Flow","@id":"06581fb2-1de0-3e78-8298-f37605dea142","name":"Electricity, at grid","categoryPath":["Technosphere Flows","22: Utilities","2211: Electric Power Generation, Transmission and Distribution"],"flowType":"PRODUCT_FLOW","location":"RNA","refUnit":"MJ"}},"product":{"@type":"Flow","@id":"fe26fae6-a458-3a9d-8aac-bdc2748d145d","name":"Sawdust; hardwood; kiln-dried; at planer mill","categoryPath":["Technosphere Flows","31-33: Manufacturing","3211: Sawmills and Wood Preservation"],"flowType":"PRODUCT_FLOW","location":"US","refUnit":"kg"},"value":0.018},{"@type":"AllocationFactor","allocationType":"CAUSAL_ALLOCATION","exchange":{"@type":"Exchange","internalId":10,"flow":{"@type":"Flow","@id":"97624ce0-6d6a-3376-bfa7-c663b3c7e48d","name":"Electricity; onsite boiler; hardwood mill; average","categoryPath":["Technosphere Flows","22: Utilities","2213: Water, Sewage and Other Systems"],"flowType":"PRODUCT_FLOW","location":"US","refUnit":"MJ"}},"product":{"@type":"Flow","@id":"dc74c71d-c791-3d74-bc0e-8d7519f5d344","name":"Sawn lumber; hardwood; planed; kiln dried; at planer mill","categoryPath":["Technosphere Flows","31-33: Manufacturing","3211: Sawmills and Wood Preservation"],"flowType":"PRODUCT_FLOW","location":"US","refUnit":"m3"},"value":0.785},{"@type":"AllocationFactor","allocationType":"CAUSAL_ALLOCATION","exchange":{"@type":"Exchange","internalId":4,"flow":{"@type":"Flow","@id":"bc38e349-1ccf-3855-a615-a4f581ab875b","name":"Gasoline, combusted in equipment","categoryPath":["Technosphere Flows","22: Utilities","2213: Water, Sewage and Other Systems"],"flowType":"PRODUCT_FLOW","location":"RNA","refUnit":"m3"}},"product":{"@type":"Flow","@id":"2d72c700-2547-3c4d-b509-e3b3dfb1942a","name":"Shavings; hardwood; kiln-dried; at planer mill","categoryPath":["Technosphere Flows","31-33: Manufacturing","3211: Sawmills and Wood Preservation"],"flowType":"PRODUCT_FLOW","location":"US","refUnit":"kg"},"value":0.054},{"@type":"AllocationFactor","allocationType":"CAUSAL_ALLOCATION","exchange":{"@type":"Exchange","internalId":9,"flow":{"@type":"Flow","@id":"06581fb2-1de0-3e78-8298-f37605dea142","name":"Electricity, at grid","categoryPath":["Technosphere Flows","22: Utilities","2211: Electric Power Generation, Transmission and Distribution"],"flowType":"PRODUCT_FLOW","location":"RNA","refUnit":"MJ"}},"product":{"@type":"Flow","@id":"23de2b44-d931-39f7-b2c8-d56346794608","name":"Wood fuel; hardwood; kiln-dried; at planer mill","categoryPath":["Technosphere Flows","31-33: Manufacturing","3211: Sawmills and Wood Preservation"],"flowType":"PRODUCT_FLOW","location":"US","refUnit":"kg"},"value":0.143},{"@type":"AllocationFactor","allocationType":"CAUSAL_ALLOCATION","exchange":{"@type":"Exchange","internalId":7,"flow":{"@type":"Flow","@id":"d815ff18-015c-3afb-be18-be03bdf325da","name":"Diesel, combusted in industrial equipment","categoryPath":["Technosphere Flows","22: Utilities","2213: Water, Sewage and Other Systems"],"flowType":"PRODUCT_FLOW","location":"RNA","refUnit":"m3"}},"product":{"@type":"Flow","@id":"fe26fae6-a458-3a9d-8aac-bdc2748d145d","name":"Sawdust; hardwood; kiln-dried; at planer mill","categoryPath":["Technosphere Flows","31-33: Manufacturing","3211: Sawmills and Wood Preservation"],"flowType":"PRODUCT_FLOW","location":"US","refUnit":"kg"},"value":0.018},{"@type":"AllocationFactor","allocationType":"CAUSAL_ALLOCATION","exchange":{"@type":"Exchange","internalId":10,"flow":{"@type":"Flow","@id":"97624ce0-6d6a-3376-bfa7-c663b3c7e48d","name":"Electricity; onsite boiler; hardwood mill; average","categoryPath":["Technosphere Flows","22: Utilities","2213: Water, Sewage and Other Systems"],"flowType":"PRODUCT_FLOW","location":"US","refUnit":"MJ"}},"product":{"@type":"Flow","@id":"fe26fae6-a458-3a9d-8aac-bdc2748d145d","name":"Sawdust; hardwood; kiln-dried; at planer mill","categoryPath":["Technosphere Flows","31-33: Manufacturing","3211: Sawmills and Wood Preservation"],"flowType":"PRODUCT_FLOW","location":"US","refUnit":"kg"},"value":0.018}]}