{"@context":"http://greendelta.github.io/olca-schema/context.jsonld","@type":"Process","@id":"4be84642-28cb-3508-9189-d8afcec42d92","name":"Corn stover, ground and stored","description":"Taken from Sheehan, Corn Stover Ethanol LCA. (Directly from TEAM). The corn steep liquor production involves the steeping of harvested corn for a period of from 24 to 48 hours in a light sulfurous acid solution. The production of sulfurous acid was assumed to be negligible. The only emissions were SOx from the steeping tanks. Emission factors provided by USA EPA AP-42.  All of the production burdens from corn are assumed to be allocated to the production of the steeping liquor.","version":"00.00.008","lastChange":"2021-04-07T18:45:10.407-06:00","category":{"@type":"Category","@id":"1a059a45-a303-383c-acf9-9b6e1192eecc","name":"1151: Support Activities for Crop Production","categoryPath":["11: Agriculture, Forestry, Fishing and Hunting"],"categoryType":"Process"},"processType":"UNIT_PROCESS","defaultAllocationMethod":"NO_ALLOCATION","infrastructureProcess":false,"location":{"@type":"Location","@id":"b320e7db-c758-3ba6-8839-81eb83c9d7d7","name":"Northern America"},"processDocumentation":{"@type":"ProcessDocumentation","timeDescription":"2010","technologyDescription":"modern","restrictionsDescription":"All information can be accessed by everybody.","copyright":false,"validFrom":"2009-12-31-07:00","validUntil":"2021-12-31-07:00","creationDate":"2015-08-13T13:49:02.717-06:00","geographyDescription":"North America","dataDocumentor":{"@type":"Actor","@id":"04ed125f-ffa7-33b1-af24-77f5bdb21a05","name":"Daniel Inman"},"dataGenerator":{"@type":"Actor","@id":"04ed125f-ffa7-33b1-af24-77f5bdb21a05","name":"Daniel Inman"},"publication":{"@type":"Source","@id":"a1d1d73e-7d93-3a6b-a3bc-3b2f4f025b86","name":"Hsu, D. "},"sources":[{"@type":"Source","@id":"a1d1d73e-7d93-3a6b-a3bc-3b2f4f025b86","name":"Hsu, D. "},{"@type":"Source","@id":"5e8e63da-4488-3b1d-98fb-446078a7cfac","name":"Hess, J. "}]},"lastInternalId":2,"exchanges":[{"@type":"Exchange","avoidedProduct":false,"input":false,"amount":1000.0,"amountFormula":"1.0*1000","internalId":2,"flow":{"@type":"Flow","@id":"765bab27-83e7-3751-a489-085ad54393c6","name":"Corn stover, ground and stored","categoryPath":["Technosphere Flows","11: Agriculture, Forestry, Fishing and Hunting","1151: Support Activities for Crop Production"],"flowType":"PRODUCT_FLOW","location":"RNA","refUnit":"kg"},"unit":{"@type":"Unit","@id":"20aadc24-a391-41cf-b340-3e4529f44bde","name":"kg"},"flowProperty":{"@type":"FlowProperty","@id":"93a60a56-a3c8-11da-a746-0800200b9a66","name":"Mass","categoryPath":["Technical flow properties"]},"quantitativeReference":true},{"@type":"Exchange","avoidedProduct":false,"input":true,"amount":1.1723E-7,"internalId":9,"flow":{"@type":"Flow","@id":"b9b48819-4f4c-3518-92c0-33591198c46c","name":"Dried roughage store, non ventilated","categoryPath":["Technosphere Flows","CUTOFF Flows"],"flowType":"PRODUCT_FLOW","refUnit":"m3"},"unit":{"@type":"Unit","@id":"1c3a9695-398d-4b1f-b07e-a8715b610f70","name":"m3"},"flowProperty":{"@type":"FlowProperty","@id":"93a60a56-a3c8-22da-a746-0800200c9a66","name":"Volume","categoryPath":["Technical flow properties"]}},{"@type":"Exchange","avoidedProduct":false,"input":true,"amount":1.43,"description":"loading bales for grinder. Calculation of number of bales comes from 2000 lbs of corn stover divided by weight per bale. Trailer volume is 2511 ft^3 (INL table 4-5), density is 12 lbs/ft^3 dry (\u003d20 wet at 40% moisture).","internalId":3,"flow":{"@type":"Flow","@id":"cfac72e7-9da9-3fd3-b24b-45b95791bdea","name":"Loading bales","categoryPath":["Technosphere Flows","CUTOFF Flows"],"flowType":"PRODUCT_FLOW","refUnit":"Item(s)"},"unit":{"@type":"Unit","@id":"6dabe201-aaac-4509-92f0-d00c26cb72ab","name":"Item(s)"},"flowProperty":{"@type":"FlowProperty","@id":"01846770-4cfe-4a25-8ad9-919d8d378345","name":"Number of items","categoryPath":["Technical flow properties"]}},{"@type":"Exchange","avoidedProduct":false,"input":true,"amount":1280.0,"amountFormula":"1.28*1000","description":"comes in wet","internalId":11,"defaultProvider":{"@type":"Process","@id":"c0138d7e-3eac-3b37-b27a-58c9d5a2d1cf","name":"Corn stover, carted","categoryPath":["11: Agriculture, Forestry, Fishing and Hunting","1151: Support Activities for Crop Production"],"processType":"UNIT_PROCESS","location":"RNA"},"flow":{"@type":"Flow","@id":"1cf0f8b8-4291-38b7-a4c5-3a4877e338c5","name":"Corn stover, carted","categoryPath":["Technosphere Flows","11: Agriculture, Forestry, Fishing and Hunting","1151: Support Activities for Crop Production"],"flowType":"PRODUCT_FLOW","location":"RNA","refUnit":"kg"},"unit":{"@type":"Unit","@id":"20aadc24-a391-41cf-b340-3e4529f44bde","name":"kg"},"flowProperty":{"@type":"FlowProperty","@id":"93a60a56-a3c8-11da-a746-0800200b9a66","name":"Mass","categoryPath":["Technical flow properties"]}},{"@type":"Exchange","avoidedProduct":false,"input":true,"amount":61.289,"description":"Electricity needed for dust collection","internalId":10,"defaultProvider":{"@type":"Process","@id":"89389d98-1ba6-30c5-9c33-92443694936b","name":"Electricity, at Grid, US, 2010","categoryPath":["22: Utilities","2211: Electric Power Generation, Transmission and Distribution"],"processType":"UNIT_PROCESS","location":"RNA"},"flow":{"@type":"Flow","@id":"06581fb2-1de0-3e78-8298-f37605dea142","name":"Electricity, at grid","categoryPath":["Technosphere Flows","22: Utilities","2211: Electric Power Generation, Transmission and Distribution"],"flowType":"PRODUCT_FLOW","location":"RNA","refUnit":"MJ"},"unit":{"@type":"Unit","@id":"86ad2244-1f0e-4912-af53-7865283103e4","name":"kWh"},"flowProperty":{"@type":"FlowProperty","@id":"f6811440-ee37-11de-8a39-0800200c9a66","name":"Energy","categoryPath":["Technical flow properties"]}},{"@type":"Exchange","avoidedProduct":false,"input":true,"amount":2.7751,"description":"loading to storage","internalId":4,"flow":{"@type":"Flow","@id":"ded62531-fa5b-3666-b34e-e2c76e81d172","name":"Fodder loading, by self-loading trailer","categoryPath":["Technosphere Flows","CUTOFF Flows"],"flowType":"PRODUCT_FLOW","refUnit":"m3"},"unit":{"@type":"Unit","@id":"1c3a9695-398d-4b1f-b07e-a8715b610f70","name":"m3"},"flowProperty":{"@type":"FlowProperty","@id":"93a60a56-a3c8-22da-a746-0800200c9a66","name":"Volume","categoryPath":["Technical flow properties"]}},{"@type":"Exchange","avoidedProduct":false,"input":true,"amount":238.0,"internalId":8,"defaultProvider":{"@type":"Process","@id":"097d2f2c-d006-3b27-84de-98e6a364e411","name":"Corn wet mill, gluten drying, AP-42","categoryPath":["31-33: Manufacturing","3112: Grain and Oilseed Milling"],"processType":"UNIT_PROCESS","location":"RNA"},"flow":{"@type":"Flow","@id":"28b025c1-5897-3e01-8aa2-166cd2c9f86d","name":"Corn wet mill, gluten drying, AP-42","categoryPath":["Technosphere Flows","31-33: Manufacturing","3112: Grain and Oilseed Milling"],"flowType":"PRODUCT_FLOW","location":"RNA","refUnit":"kg"},"unit":{"@type":"Unit","@id":"20aadc24-a391-41cf-b340-3e4529f44bde","name":"kg"},"flowProperty":{"@type":"FlowProperty","@id":"93a60a56-a3c8-11da-a746-0800200b9a66","name":"Mass","categoryPath":["Technical flow properties"]}},{"@type":"Exchange","avoidedProduct":false,"input":true,"amount":3.4747E-5,"description":"conveyor for grinder in-feed system","internalId":2,"flow":{"@type":"Flow","@id":"5a5e261a-2f46-3391-8bf9-84e626efeb59","name":"Conveyor belt, at plant","categoryPath":["Technosphere Flows","CUTOFF Flows"],"flowType":"PRODUCT_FLOW","refUnit":"m"},"unit":{"@type":"Unit","@id":"3d314eab-ef11-4ff3-a35e-9bc5cd858694","name":"m"},"flowProperty":{"@type":"FlowProperty","@id":"838aaa23-0117-11db-92e3-0800200c9a66","name":"Length","categoryPath":["Technical flow properties"]}},{"@type":"Exchange","avoidedProduct":false,"input":true,"amount":0.9,"internalId":5,"flow":{"@type":"Flow","@id":"13f37d5b-be6f-3843-9c10-f6518bab1a3b","name":"Agricultural machinery, general, production","categoryPath":["Technosphere Flows","CUTOFF Flows"],"flowType":"PRODUCT_FLOW","refUnit":"kg"},"unit":{"@type":"Unit","@id":"20aadc24-a391-41cf-b340-3e4529f44bde","name":"kg"},"flowProperty":{"@type":"FlowProperty","@id":"93a60a56-a3c8-11da-a746-0800200b9a66","name":"Mass","categoryPath":["Technical flow properties"]}},{"@type":"Exchange","avoidedProduct":false,"input":false,"amount":280.0,"description":"water dried per ton of final moisture corn stover.","internalId":1,"flow":{"@type":"Flow","@id":"5d0d9a58-22de-3582-a07a-b4c3748f9472","name":"Water","categoryPath":["Elementary Flows","emission","air","troposphere","rural"],"flowType":"ELEMENTARY_FLOW","refUnit":"kg"},"unit":{"@type":"Unit","@id":"20aadc24-a391-41cf-b340-3e4529f44bde","name":"kg"},"flowProperty":{"@type":"FlowProperty","@id":"93a60a56-a3c8-11da-a746-0800200b9a66","name":"Mass","categoryPath":["Technical flow properties"]}},{"@type":"Exchange","avoidedProduct":false,"input":true,"amount":931.45,"amountFormula":"0.93145*1000","internalId":6,"defaultProvider":{"@type":"Process","@id":"ccc739c2-aec2-30d0-a1f1-a7ae81af1e8a","name":"Grinding","categoryPath":["11: Agriculture, Forestry, Fishing and Hunting","1151: Support Activities for Crop Production"],"processType":"UNIT_PROCESS","location":"RNA"},"flow":{"@type":"Flow","@id":"aa3f78a4-9fec-3904-886f-443aa760a4ae","name":"Grinding","categoryPath":["Technosphere Flows","11: Agriculture, Forestry, Fishing and Hunting","1151: Support Activities for Crop Production"],"flowType":"PRODUCT_FLOW","location":"RNA","refUnit":"kg"},"unit":{"@type":"Unit","@id":"20aadc24-a391-41cf-b340-3e4529f44bde","name":"kg"},"flowProperty":{"@type":"FlowProperty","@id":"93a60a56-a3c8-11da-a746-0800200b9a66","name":"Mass","categoryPath":["Technical flow properties"]}}]}