{"@context":"http://greendelta.github.io/olca-schema/context.jsonld","@type":"Process","@id":"563c9d42-ae65-3751-800a-5e0505265b35","name":"Scanner, department, i4200, i4600","description":"Cradle to Gate data for a single 51.32 kg line of scanners for a single company.  Scanner scans at 75-120 A4 images per minute.  Use can exceed 100,000 images per day. This cradle to gate data was extracted from a full cradle to end of life LCA. Internal company validation via business and peer review and internal assessment. This dataset was consistent with LCA conducted using same approach as the office scanner LCA, which was peer reviewed by Kate Winnebeck, LCACP, New York State Pollution Prevention Institute , Rochester Institute of Technology.  Data is only directly representative for the scanner models i4200 and i4600.  However components and manufacturing process is similar for many scanners, so extrapolation to other similar scanners may be done using judement.  Component proxy data for original LCA was from Ecoinvent. Each flow represents one or more parts made with the same materials and processes, which were aggregated. The scanner was manufactured in China with the subcomponents mostly from China. However the best available datasets were used as proxy data and the best data often came from different geographic locations.  Some data was replaced in this cradle to gate dataset by USLCI data where appropriate data was available. Unless otherwise noted in a General Comment for individual flows, data described as dummy_ was from Ecoinvent.  Waste scrap was 0.5% of input flows.  Although these were included in the full LCA, they were not shown to be significant in the modeling and according to a 1% cutoff criteria, have not been included in this cradle to gate data.","version":"00.00.006","lastChange":"2021-04-07T21:01:40.122-06:00","category":{"@type":"Category","@id":"40500f84-eb6b-3e6d-80a0-90092b2ea35d","name":"3341: Computer and Peripheral Equipment Manufacturing","categoryPath":["31-33: Manufacturing"],"categoryType":"Process"},"processType":"UNIT_PROCESS","defaultAllocationMethod":"NO_ALLOCATION","infrastructureProcess":false,"location":{"@type":"Location","@id":"56bca136-90bb-3a77-9abb-7ce558af711e","name":"Global"},"processDocumentation":{"@type":"ProcessDocumentation","timeDescription":"start date was based on earliest date of secondary data.  Start date of primary data was 2011-07-01","technologyDescription":"Best available technology","reviewDetails":"Data was reviewed to ensure in was consistent with the manufacturing process and components, was based on quality sources - primary data from design and manufacturing specifications, and secondary data was from reliable sources (largely from Ecoinvent) and data was properly documented in final report and associated appendices.  Initial review was by Roy Wood, followed by an independent internal review by Jay Mathewson.","samplingDescription":"engineering specifications, variability less than 1% for this model","restrictionsDescription":"All information can be accessed by everybody.","copyright":false,"validFrom":"2003-06-09-06:00","validUntil":"2012-09-14-06:00","creationDate":"2015-08-24T08:09:29.532-06:00","geographyDescription":"Global","reviewer":{"@type":"Actor","@id":"ac041148-a469-348c-8411-e2551193cb60","name":"Jay Mathewson"},"dataDocumentor":{"@type":"Actor","@id":"97a3dd96-c17d-364a-8199-701171fe46a4","name":"Roy Wood"},"dataGenerator":{"@type":"Actor","@id":"97a3dd96-c17d-364a-8199-701171fe46a4","name":"Roy Wood"},"publication":{"@type":"Source","@id":"44d202bf-2ea9-386f-bd0e-85db4616fb7a","name":"Wood R (2012) LC GHG Summary Report - Kodak i2900, i3400, i4200, i4600, i5200, i5200v, i5600, i5600v, and i5800 Scanners"},"sources":[{"@type":"Source","@id":"44d202bf-2ea9-386f-bd0e-85db4616fb7a","name":"Wood R (2012) LC GHG Summary Report - Kodak i2900, i3400, i4200, i4600, i5200, i5200v, i5600, i5600v, and i5800 Scanners"}]},"lastInternalId":0,"exchanges":[{"@type":"Exchange","avoidedProduct":false,"input":false,"amount":1.0,"internalId":1,"flow":{"@type":"Flow","@id":"0e111ee2-6bf1-38dc-811a-17d8f5f5eeab","name":"Scanner, department, i4200, i4600","categoryPath":["Technosphere Flows","31-33: Manufacturing","3341: Computer and Peripheral Equipment Manufacturing"],"flowType":"PRODUCT_FLOW","location":"GLO","refUnit":"Item(s)"},"unit":{"@type":"Unit","@id":"6dabe201-aaac-4509-92f0-d00c26cb72ab","name":"Item(s)"},"flowProperty":{"@type":"FlowProperty","@id":"01846770-4cfe-4a25-8ad9-919d8d378345","name":"Number of items","categoryPath":["Technical flow properties"]},"quantitativeReference":true},{"@type":"Exchange","avoidedProduct":false,"input":true,"amount":0.031,"internalId":22,"flow":{"@type":"Flow","@id":"d192864f-9a45-3cc5-a453-ddbdfc7fa6a4","name":"Carbon black, at plant","categoryPath":["Technosphere Flows","CUTOFF Flows"],"flowType":"PRODUCT_FLOW","refUnit":"kg"},"unit":{"@type":"Unit","@id":"20aadc24-a391-41cf-b340-3e4529f44bde","name":"kg"},"flowProperty":{"@type":"FlowProperty","@id":"93a60a56-a3c8-11da-a746-0800200b9a66","name":"Mass","categoryPath":["Technical flow properties"]},"uncertainty":{"@type":"Uncertainty","distributionType":"TRIANGLE_DISTRIBUTION","minimum":0.0305,"mode":0.031,"maximum":0.0315}},{"@type":"Exchange","avoidedProduct":false,"input":true,"amount":22.341,"internalId":30,"flow":{"@type":"Flow","@id":"77cf59e0-e012-302f-bf8e-7a38d4fc8f21","name":"Steel product manufacturing, average metal working","categoryPath":["Technosphere Flows","CUTOFF Flows"],"flowType":"PRODUCT_FLOW","refUnit":"kg"},"unit":{"@type":"Unit","@id":"20aadc24-a391-41cf-b340-3e4529f44bde","name":"kg"},"flowProperty":{"@type":"FlowProperty","@id":"93a60a56-a3c8-11da-a746-0800200b9a66","name":"Mass","categoryPath":["Technical flow properties"]},"uncertainty":{"@type":"Uncertainty","distributionType":"TRIANGLE_DISTRIBUTION","minimum":22.0,"mode":22.342999999999996,"maximum":22.68}},{"@type":"Exchange","avoidedProduct":false,"input":true,"amount":0.485,"internalId":11,"flow":{"@type":"Flow","@id":"73359adb-92af-3f71-abd4-6a1d69f1a533","name":"Polyphenylene sulfide, at plant","categoryPath":["Technosphere Flows","CUTOFF Flows"],"flowType":"PRODUCT_FLOW","refUnit":"kg"},"unit":{"@type":"Unit","@id":"20aadc24-a391-41cf-b340-3e4529f44bde","name":"kg"},"flowProperty":{"@type":"FlowProperty","@id":"93a60a56-a3c8-11da-a746-0800200b9a66","name":"Mass","categoryPath":["Technical flow properties"]},"uncertainty":{"@type":"Uncertainty","distributionType":"TRIANGLE_DISTRIBUTION","minimum":0.48,"mode":0.4850000000000001,"maximum":0.49}},{"@type":"Exchange","avoidedProduct":false,"input":true,"amount":10.731,"internalId":9,"flow":{"@type":"Flow","@id":"d2a6a76d-00d2-3fba-bb51-83551fccbe97","name":"injection moulding","categoryPath":["Technosphere Flows","CUTOFF Flows","ecoinvent 3.2"],"flowType":"PRODUCT_FLOW","refUnit":"kg"},"unit":{"@type":"Unit","@id":"20aadc24-a391-41cf-b340-3e4529f44bde","name":"kg"},"flowProperty":{"@type":"FlowProperty","@id":"93a60a56-a3c8-11da-a746-0800200b9a66","name":"Mass","categoryPath":["Technical flow properties"]},"uncertainty":{"@type":"Uncertainty","distributionType":"TRIANGLE_DISTRIBUTION","minimum":10.6,"mode":10.732999999999997,"maximum":10.86}},{"@type":"Exchange","avoidedProduct":false,"input":true,"amount":1.126,"internalId":13,"flow":{"@type":"Flow","@id":"ae95eb58-426f-3ef1-8a21-aa41766997e6","name":"Cold impact extrusion, aluminium, 1 stroke","categoryPath":["Technosphere Flows","CUTOFF Flows"],"flowType":"PRODUCT_FLOW","refUnit":"kg"},"unit":{"@type":"Unit","@id":"20aadc24-a391-41cf-b340-3e4529f44bde","name":"kg"},"flowProperty":{"@type":"FlowProperty","@id":"93a60a56-a3c8-11da-a746-0800200b9a66","name":"Mass","categoryPath":["Technical flow properties"]},"uncertainty":{"@type":"Uncertainty","distributionType":"TRIANGLE_DISTRIBUTION","minimum":1.11,"mode":1.128,"maximum":1.14}},{"@type":"Exchange","avoidedProduct":false,"input":true,"amount":11.815,"internalId":33,"defaultProvider":{"@type":"Process","@id":"6c0996a5-8104-3770-ae44-aba5a65fa3c3","name":"Packaging, Production Scanners","categoryPath":["31-33: Manufacturing","3341: Computer and Peripheral Equipment Manufacturing"],"processType":"UNIT_PROCESS","location":"GLO"},"flow":{"@type":"Flow","@id":"cc3c0e1a-8425-3bd9-ad9a-d4fc62032589","name":"Packaging, production scanners","categoryPath":["Technosphere Flows","31-33: Manufacturing","3341: Computer and Peripheral Equipment Manufacturing"],"flowType":"PRODUCT_FLOW","location":"GLO","refUnit":"kg"},"unit":{"@type":"Unit","@id":"20aadc24-a391-41cf-b340-3e4529f44bde","name":"kg"},"flowProperty":{"@type":"FlowProperty","@id":"93a60a56-a3c8-11da-a746-0800200b9a66","name":"Mass","categoryPath":["Technical flow properties"]},"uncertainty":{"@type":"Uncertainty","distributionType":"TRIANGLE_DISTRIBUTION","minimum":11.7,"mode":11.845,"maximum":11.9}},{"@type":"Exchange","avoidedProduct":false,"input":true,"amount":0.002,"internalId":2,"flow":{"@type":"Flow","@id":"d1940a7c-9f2e-3eef-84f7-9ef2d4442d29","name":"Electronic component, unspecified, at plant","categoryPath":["Technosphere Flows","CUTOFF Flows"],"flowType":"PRODUCT_FLOW","refUnit":"kg"},"unit":{"@type":"Unit","@id":"20aadc24-a391-41cf-b340-3e4529f44bde","name":"kg"},"flowProperty":{"@type":"FlowProperty","@id":"93a60a56-a3c8-11da-a746-0800200b9a66","name":"Mass","categoryPath":["Technical flow properties"]},"uncertainty":{"@type":"Uncertainty","distributionType":"TRIANGLE_DISTRIBUTION","minimum":0.0018,"mode":0.0020000000000000005,"maximum":0.0022}},{"@type":"Exchange","avoidedProduct":false,"input":true,"amount":0.894,"internalId":16,"flow":{"@type":"Flow","@id":"24744899-a338-3943-9f83-764d10600319","name":"Copper product manufacturing, average metal working","categoryPath":["Technosphere Flows","CUTOFF Flows"],"flowType":"PRODUCT_FLOW","refUnit":"kg"},"unit":{"@type":"Unit","@id":"20aadc24-a391-41cf-b340-3e4529f44bde","name":"kg"},"flowProperty":{"@type":"FlowProperty","@id":"93a60a56-a3c8-11da-a746-0800200b9a66","name":"Mass","categoryPath":["Technical flow properties"]},"uncertainty":{"@type":"Uncertainty","distributionType":"TRIANGLE_DISTRIBUTION","minimum":0.884,"mode":0.894,"maximum":0.904}},{"@type":"Exchange","avoidedProduct":false,"input":true,"amount":0.404,"internalId":24,"flow":{"@type":"Flow","@id":"35eb0588-6dc4-3344-8b2b-1039dd0c25b5","name":"Synthetic rubber, at plant","categoryPath":["Technosphere Flows","CUTOFF Flows"],"flowType":"PRODUCT_FLOW","refUnit":"kg"},"unit":{"@type":"Unit","@id":"20aadc24-a391-41cf-b340-3e4529f44bde","name":"kg"},"flowProperty":{"@type":"FlowProperty","@id":"93a60a56-a3c8-11da-a746-0800200b9a66","name":"Mass","categoryPath":["Technical flow properties"]},"uncertainty":{"@type":"Uncertainty","distributionType":"TRIANGLE_DISTRIBUTION","minimum":0.4,"mode":-407.188,"maximum":408.0}},{"@type":"Exchange","avoidedProduct":false,"input":true,"amount":0.008,"internalId":34,"flow":{"@type":"Flow","@id":"4a431634-5574-381d-a98f-9eefc4c4e170","name":"Light emitting diode, LED, at plant","categoryPath":["Technosphere Flows","CUTOFF Flows"],"flowType":"PRODUCT_FLOW","refUnit":"kg"},"unit":{"@type":"Unit","@id":"20aadc24-a391-41cf-b340-3e4529f44bde","name":"kg"},"flowProperty":{"@type":"FlowProperty","@id":"93a60a56-a3c8-11da-a746-0800200b9a66","name":"Mass","categoryPath":["Technical flow properties"]},"uncertainty":{"@type":"Uncertainty","distributionType":"TRIANGLE_DISTRIBUTION","minimum":0.0075,"mode":0.008,"maximum":0.0085}},{"@type":"Exchange","avoidedProduct":false,"input":true,"amount":135.0,"internalId":4,"flow":{"@type":"Flow","@id":"42e04afb-1b5e-30db-ae08-f79a60fbe34f","name":"Tap water, at user","categoryPath":["Technosphere Flows","CUTOFF Flows"],"flowType":"PRODUCT_FLOW","refUnit":"kg"},"unit":{"@type":"Unit","@id":"20aadc24-a391-41cf-b340-3e4529f44bde","name":"kg"},"flowProperty":{"@type":"FlowProperty","@id":"93a60a56-a3c8-11da-a746-0800200b9a66","name":"Mass","categoryPath":["Technical flow properties"]},"uncertainty":{"@type":"Uncertainty","distributionType":"TRIANGLE_DISTRIBUTION","minimum":122.0,"mode":135.0,"maximum":148.0}},{"@type":"Exchange","avoidedProduct":false,"input":true,"amount":0.648,"description":"original data - polypropylene granulate, at plant, RER/U from Ecoinvent","internalId":19,"defaultProvider":{"@type":"Process","@id":"2e8facf6-46aa-4ddb-95de-a4e2a00eb2bb","name":"Polypropylene, PP, virgin resin, at plant","categoryPath":["31-33: Manufacturing","3252: Resin, Synthetic Rubber, and Artificial and Synthetic Fibers and Filaments Manufacturing"],"processType":"UNIT_PROCESS","location":"RNA"},"flow":{"@type":"Flow","@id":"d0477b6a-115f-350d-bbb4-7f62243e3476","name":"Polypropylene, PP, virgin resin, at plant","categoryPath":["Technosphere Flows","31-33: Manufacturing","3252: Resin, Synthetic Rubber, and Artificial and Synthetic Fibers and Filaments Manufacturing"],"flowType":"PRODUCT_FLOW","location":"RNA","refUnit":"kg"},"unit":{"@type":"Unit","@id":"20aadc24-a391-41cf-b340-3e4529f44bde","name":"kg"},"flowProperty":{"@type":"FlowProperty","@id":"93a60a56-a3c8-11da-a746-0800200b9a66","name":"Mass","categoryPath":["Technical flow properties"]},"uncertainty":{"@type":"Uncertainty","distributionType":"TRIANGLE_DISTRIBUTION","minimum":0.638,"mode":0.648,"maximum":0.658}},{"@type":"Exchange","avoidedProduct":false,"input":true,"amount":0.894,"internalId":31,"flow":{"@type":"Flow","@id":"018c2645-7622-321b-a9ef-760b1fd90371","name":"copper, primary, at refinery","categoryPath":["Technosphere Flows","CUTOFF Flows","ecoinvent 3.2"],"flowType":"PRODUCT_FLOW","refUnit":"kg"},"unit":{"@type":"Unit","@id":"20aadc24-a391-41cf-b340-3e4529f44bde","name":"kg"},"flowProperty":{"@type":"FlowProperty","@id":"93a60a56-a3c8-11da-a746-0800200b9a66","name":"Mass","categoryPath":["Technical flow properties"]},"uncertainty":{"@type":"Uncertainty","distributionType":"TRIANGLE_DISTRIBUTION","minimum":0.884,"mode":0.894,"maximum":0.904}},{"@type":"Exchange","avoidedProduct":false,"input":true,"amount":22.341,"internalId":15,"flow":{"@type":"Flow","@id":"17e2730b-fd64-3ed5-bd0e-d2103d1583fb","name":"Steel, low-alloyed, at plant","categoryPath":["Technosphere Flows","CUTOFF Flows"],"flowType":"PRODUCT_FLOW","refUnit":"kg"},"unit":{"@type":"Unit","@id":"20aadc24-a391-41cf-b340-3e4529f44bde","name":"kg"},"flowProperty":{"@type":"FlowProperty","@id":"93a60a56-a3c8-11da-a746-0800200b9a66","name":"Mass","categoryPath":["Technical flow properties"]},"uncertainty":{"@type":"Uncertainty","distributionType":"TRIANGLE_DISTRIBUTION","minimum":22.0,"mode":22.342999999999996,"maximum":22.68}},{"@type":"Exchange","avoidedProduct":false,"input":true,"amount":50.0,"description":"original data - transport, lorry \u0026amp;gt;32t, EURO5/ RER U","internalId":10,"defaultProvider":{"@type":"Process","@id":"34156f3c-28ef-33db-9ad0-6293a2aa0d52","name":"Transport, combination truck, diesel powered","categoryPath":["48-49: Transportation and Warehousing","4841: General Freight Trucking"],"processType":"UNIT_PROCESS","location":"RNA"},"flow":{"@type":"Flow","@id":"628c07ec-0802-39c1-ab88-1c62848ef436","name":"Transport, combination truck, diesel powered","categoryPath":["Technosphere Flows","48-49: Transportation and Warehousing","4841: General Freight Trucking"],"flowType":"PRODUCT_FLOW","location":"RNA","refUnit":"t*km"},"unit":{"@type":"Unit","@id":"0dea4ed8-bb6b-4049-b2b4-b2c413ef2180","name":"t*km"},"flowProperty":{"@type":"FlowProperty","@id":"838aaa20-0117-11db-92e3-0800200c9a66","name":"Goods transport (mass*distance)","categoryPath":["Technical flow properties"]},"uncertainty":{"@type":"Uncertainty","distributionType":"TRIANGLE_DISTRIBUTION","minimum":25.0,"mode":40.0,"maximum":85.0}},{"@type":"Exchange","avoidedProduct":false,"input":true,"amount":0.543,"internalId":29,"flow":{"@type":"Flow","@id":"59e4639e-ee0a-34ce-8c0f-d21078680506","name":"Polycarbonate, at plant","categoryPath":["Technosphere Flows","CUTOFF Flows"],"flowType":"PRODUCT_FLOW","refUnit":"kg"},"unit":{"@type":"Unit","@id":"20aadc24-a391-41cf-b340-3e4529f44bde","name":"kg"},"flowProperty":{"@type":"FlowProperty","@id":"93a60a56-a3c8-11da-a746-0800200b9a66","name":"Mass","categoryPath":["Technical flow properties"]},"uncertainty":{"@type":"Uncertainty","distributionType":"TRIANGLE_DISTRIBUTION","minimum":0.535,"mode":0.5439999999999998,"maximum":0.55}},{"@type":"Exchange","avoidedProduct":false,"input":true,"amount":0.015,"description":"original data - polyvinyl chloride ar regional storage, RER/U from Ecoinvent","internalId":3,"defaultProvider":{"@type":"Process","@id":"3dbccdda-2014-4239-ad1f-4e15c034942b","name":"Polyvinyl chloride, PVC, virgin resin; at plant","categoryPath":["31-33: Manufacturing","3252: Resin, Synthetic Rubber, and Artificial and Synthetic Fibers and Filaments Manufacturing"],"processType":"UNIT_PROCESS","location":"RNA"},"flow":{"@type":"Flow","@id":"2bb0cd6b-941b-38da-856c-1b7bd0cc5f49","name":"Polyvinyl chloride, PVC, resin; at plant","categoryPath":["Technosphere Flows","31-33: Manufacturing","3252: Resin, Synthetic Rubber, and Artificial and Synthetic Fibers and Filaments Manufacturing"],"flowType":"PRODUCT_FLOW","location":"RNA","refUnit":"kg"},"unit":{"@type":"Unit","@id":"20aadc24-a391-41cf-b340-3e4529f44bde","name":"kg"},"flowProperty":{"@type":"FlowProperty","@id":"93a60a56-a3c8-11da-a746-0800200b9a66","name":"Mass","categoryPath":["Technical flow properties"]},"uncertainty":{"@type":"Uncertainty","distributionType":"TRIANGLE_DISTRIBUTION","minimum":0.014,"mode":0.015,"maximum":0.016}},{"@type":"Exchange","avoidedProduct":false,"input":true,"amount":0.652,"internalId":27,"flow":{"@type":"Flow","@id":"c427c277-1d6f-3caf-a86d-31d08e26bfcd","name":"Nylon 6, at plant","categoryPath":["Technosphere Flows","CUTOFF Flows"],"flowType":"PRODUCT_FLOW","refUnit":"kg"},"unit":{"@type":"Unit","@id":"20aadc24-a391-41cf-b340-3e4529f44bde","name":"kg"},"flowProperty":{"@type":"FlowProperty","@id":"93a60a56-a3c8-11da-a746-0800200b9a66","name":"Mass","categoryPath":["Technical flow properties"]},"uncertainty":{"@type":"Uncertainty","distributionType":"TRIANGLE_DISTRIBUTION","minimum":0.644,"mode":0.6519999999999998,"maximum":0.66}},{"@type":"Exchange","avoidedProduct":false,"input":true,"amount":0.006,"description":"silver data was used for neodymium, because there was no neodymium data and silver was the best substitute based on price and cost of production.","internalId":21,"flow":{"@type":"Flow","@id":"7f4b388d-12d0-32fe-9bde-fe68be67a76e","name":"Silver, at regional storage","categoryPath":["Technosphere Flows","CUTOFF Flows"],"flowType":"PRODUCT_FLOW","refUnit":"kg"},"unit":{"@type":"Unit","@id":"20aadc24-a391-41cf-b340-3e4529f44bde","name":"kg"},"flowProperty":{"@type":"FlowProperty","@id":"93a60a56-a3c8-11da-a746-0800200b9a66","name":"Mass","categoryPath":["Technical flow properties"]},"uncertainty":{"@type":"Uncertainty","distributionType":"TRIANGLE_DISTRIBUTION","minimum":0.0055,"mode":0.006000000000000003,"maximum":0.0065}},{"@type":"Exchange","avoidedProduct":false,"input":true,"amount":135.0,"internalId":14,"flow":{"@type":"Flow","@id":"e101b6b4-4276-3e43-a248-033c8f1e96cc","name":"Treatment, sewage, to wastewater treatment, class 1","categoryPath":["Technosphere Flows","CUTOFF Flows"],"flowType":"PRODUCT_FLOW","refUnit":"kg"},"unit":{"@type":"Unit","@id":"20aadc24-a391-41cf-b340-3e4529f44bde","name":"kg"},"flowProperty":{"@type":"FlowProperty","@id":"93a60a56-a3c8-11da-a746-0800200b9a66","name":"Mass","categoryPath":["Technical flow properties"]},"uncertainty":{"@type":"Uncertainty","distributionType":"TRIANGLE_DISTRIBUTION","minimum":121.0,"mode":135.0,"maximum":149.0}},{"@type":"Exchange","avoidedProduct":false,"input":true,"amount":0.03,"internalId":26,"flow":{"@type":"Flow","@id":"b544e484-ebb7-32bf-a241-385457452aa8","name":"Tetrafluoroethylene, at plant","categoryPath":["Technosphere Flows","CUTOFF Flows"],"flowType":"PRODUCT_FLOW","refUnit":"kg"},"unit":{"@type":"Unit","@id":"20aadc24-a391-41cf-b340-3e4529f44bde","name":"kg"},"flowProperty":{"@type":"FlowProperty","@id":"93a60a56-a3c8-11da-a746-0800200b9a66","name":"Mass","categoryPath":["Technical flow properties"]},"uncertainty":{"@type":"Uncertainty","distributionType":"TRIANGLE_DISTRIBUTION","minimum":0.029,"mode":0.03,"maximum":0.031}},{"@type":"Exchange","avoidedProduct":false,"input":true,"amount":24.0,"internalId":7,"flow":{"@type":"Flow","@id":"06581fb2-1de0-3e78-8298-f37605dea142","name":"Electricity, at grid","categoryPath":["Technosphere Flows","22: Utilities","2211: Electric Power Generation, Transmission and Distribution"],"flowType":"PRODUCT_FLOW","location":"RNA","refUnit":"MJ"},"unit":{"@type":"Unit","@id":"86ad2244-1f0e-4912-af53-7865283103e4","name":"kWh"},"flowProperty":{"@type":"FlowProperty","@id":"f6811440-ee37-11de-8a39-0800200c9a66","name":"Energy","categoryPath":["Technical flow properties"]},"uncertainty":{"@type":"Uncertainty","distributionType":"TRIANGLE_DISTRIBUTION","minimum":22.0,"mode":24.0,"maximum":26.0}},{"@type":"Exchange","avoidedProduct":false,"input":true,"amount":0.2,"internalId":8,"flow":{"@type":"Flow","@id":"6282c1be-b79e-3e7f-9d70-b7ee3c1e67b7","name":"Flat glass, uncoated, at plant","categoryPath":["Technosphere Flows","CUTOFF Flows"],"flowType":"PRODUCT_FLOW","refUnit":"kg"},"unit":{"@type":"Unit","@id":"20aadc24-a391-41cf-b340-3e4529f44bde","name":"kg"},"flowProperty":{"@type":"FlowProperty","@id":"93a60a56-a3c8-11da-a746-0800200b9a66","name":"Mass","categoryPath":["Technical flow properties"]},"uncertainty":{"@type":"Uncertainty","distributionType":"TRIANGLE_DISTRIBUTION","minimum":0.195,"mode":0.2000000000000001,"maximum":0.205}},{"@type":"Exchange","avoidedProduct":false,"input":true,"amount":0.126,"internalId":25,"flow":{"@type":"Flow","@id":"32a2de19-4a9c-38f2-8f75-34f7a9108d05","name":"Polyethylene terephthalate, granulate, amorphous, at plant","categoryPath":["Technosphere Flows","CUTOFF Flows"],"flowType":"PRODUCT_FLOW","refUnit":"kg"},"unit":{"@type":"Unit","@id":"20aadc24-a391-41cf-b340-3e4529f44bde","name":"kg"},"flowProperty":{"@type":"FlowProperty","@id":"93a60a56-a3c8-11da-a746-0800200b9a66","name":"Mass","categoryPath":["Technical flow properties"]},"uncertainty":{"@type":"Uncertainty","distributionType":"TRIANGLE_DISTRIBUTION","minimum":0.12,"mode":0.126,"maximum":0.132}},{"@type":"Exchange","avoidedProduct":false,"input":true,"amount":6.89,"description":"original data - acrylonitrile-butadiene-styrene (ABS), at plant RER/U from Ecoinvent","internalId":12,"defaultProvider":{"@type":"Process","@id":"0e42a306-ee2d-362e-8bc3-580000096459","name":"Acrylonitrile-butadiene-styrene, ABS, copolymer resin, at plant","categoryPath":["31-33: Manufacturing","3252: Resin, Synthetic Rubber, and Artificial and Synthetic Fibers and Filaments Manufacturing"],"processType":"LCI_RESULT","location":"RNA"},"flow":{"@type":"Flow","@id":"fa5304ba-de40-35cf-a5d6-3e09d9b79205","name":"Acrylonitrile-butadiene-styrene, ABS, copolymer resin, at plant","categoryPath":["Technosphere Flows","31-33: Manufacturing","3252: Resin, Synthetic Rubber, and Artificial and Synthetic Fibers and Filaments Manufacturing"],"flowType":"PRODUCT_FLOW","location":"RNA","refUnit":"kg"},"unit":{"@type":"Unit","@id":"20aadc24-a391-41cf-b340-3e4529f44bde","name":"kg"},"flowProperty":{"@type":"FlowProperty","@id":"93a60a56-a3c8-11da-a746-0800200b9a66","name":"Mass","categoryPath":["Technical flow properties"]},"uncertainty":{"@type":"Uncertainty","distributionType":"TRIANGLE_DISTRIBUTION","minimum":6.8,"mode":6.869999999999997,"maximum":7.0}},{"@type":"Exchange","avoidedProduct":false,"input":true,"amount":2.597,"internalId":17,"flow":{"@type":"Flow","@id":"0ccffa6e-2153-3245-b83c-3f86912d5cdb","name":"Cable, connector for computer, without plugs, at plant","categoryPath":["Technosphere Flows","CUTOFF Flows"],"flowType":"PRODUCT_FLOW","refUnit":"kg"},"unit":{"@type":"Unit","@id":"20aadc24-a391-41cf-b340-3e4529f44bde","name":"kg"},"flowProperty":{"@type":"FlowProperty","@id":"93a60a56-a3c8-11da-a746-0800200b9a66","name":"Mass","categoryPath":["Technical flow properties"]},"uncertainty":{"@type":"Uncertainty","distributionType":"TRIANGLE_DISTRIBUTION","minimum":2.55,"mode":2.5910000000000006,"maximum":2.65}},{"@type":"Exchange","avoidedProduct":false,"input":true,"amount":0.002,"internalId":35,"flow":{"@type":"Flow","@id":"dd64e774-5ba2-3db1-bed7-27dfb7be2de6","name":"Polyurethane, flexible foam, at plant","categoryPath":["Technosphere Flows","CUTOFF Flows"],"flowType":"PRODUCT_FLOW","refUnit":"kg"},"unit":{"@type":"Unit","@id":"20aadc24-a391-41cf-b340-3e4529f44bde","name":"kg"},"flowProperty":{"@type":"FlowProperty","@id":"93a60a56-a3c8-11da-a746-0800200b9a66","name":"Mass","categoryPath":["Technical flow properties"]},"uncertainty":{"@type":"Uncertainty","distributionType":"TRIANGLE_DISTRIBUTION","minimum":0.0018,"mode":0.0020000000000000005,"maximum":0.0022}},{"@type":"Exchange","avoidedProduct":false,"input":true,"amount":0.2,"internalId":23,"flow":{"@type":"Flow","@id":"d9bf3edd-f335-31d0-bfcd-5922662ecfae","name":"Flat glass, coated, at plant","categoryPath":["Technosphere Flows","CUTOFF Flows"],"flowType":"PRODUCT_FLOW","refUnit":"kg"},"unit":{"@type":"Unit","@id":"20aadc24-a391-41cf-b340-3e4529f44bde","name":"kg"},"flowProperty":{"@type":"FlowProperty","@id":"93a60a56-a3c8-11da-a746-0800200b9a66","name":"Mass","categoryPath":["Technical flow properties"]},"uncertainty":{"@type":"Uncertainty","distributionType":"TRIANGLE_DISTRIBUTION","minimum":0.195,"mode":0.2000000000000001,"maximum":0.205}},{"@type":"Exchange","avoidedProduct":false,"input":true,"amount":0.077,"description":"original data - Polystyrene, high impact, HIPS, at plant, RER/U from Ecoinvent","internalId":20,"defaultProvider":{"@type":"Process","@id":"d1c572b0-c244-3193-81fb-3a64bfb13e4d","name":"Polystyrene, high impact, HIPS, resin, at plant","categoryPath":["31-33: Manufacturing","3252: Resin, Synthetic Rubber, and Artificial and Synthetic Fibers and Filaments Manufacturing"],"processType":"LCI_RESULT","location":"RNA"},"flow":{"@type":"Flow","@id":"53cf5851-1608-3f85-8846-d15fceeb2de6","name":"Polystyrene, high impact, HIPS, resin, at plant","categoryPath":["Technosphere Flows","31-33: Manufacturing","3252: Resin, Synthetic Rubber, and Artificial and Synthetic Fibers and Filaments Manufacturing"],"flowType":"PRODUCT_FLOW","location":"RNA","refUnit":"kg"},"unit":{"@type":"Unit","@id":"20aadc24-a391-41cf-b340-3e4529f44bde","name":"kg"},"flowProperty":{"@type":"FlowProperty","@id":"93a60a56-a3c8-11da-a746-0800200b9a66","name":"Mass","categoryPath":["Technical flow properties"]},"uncertainty":{"@type":"Uncertainty","distributionType":"TRIANGLE_DISTRIBUTION","minimum":0.07,"mode":0.07699999999999997,"maximum":0.084}},{"@type":"Exchange","avoidedProduct":false,"input":true,"amount":0.507,"internalId":5,"flow":{"@type":"Flow","@id":"b5a73b5f-248e-3e8b-af16-4e7c1ae25354","name":"Power adapter, for laptop, at plant","categoryPath":["Technosphere Flows","CUTOFF Flows"],"flowType":"PRODUCT_FLOW","refUnit":"kg"},"unit":{"@type":"Unit","@id":"20aadc24-a391-41cf-b340-3e4529f44bde","name":"kg"},"flowProperty":{"@type":"FlowProperty","@id":"93a60a56-a3c8-11da-a746-0800200b9a66","name":"Mass","categoryPath":["Technical flow properties"]},"uncertainty":{"@type":"Uncertainty","distributionType":"TRIANGLE_DISTRIBUTION","minimum":0.5,"mode":0.5069999999999999,"maximum":0.514}},{"@type":"Exchange","avoidedProduct":false,"input":true,"amount":0.828,"description":"original data - LDPE granulate, at plant, RER/U from Ecoinvent","internalId":18,"defaultProvider":{"@type":"Process","@id":"1dbafde2-2bc3-405c-9726-4d92fe7d29f9","name":"Polyethylene, linear low-density, LLDPE, virgin resin, at plant","categoryPath":["31-33: Manufacturing","3252: Resin, Synthetic Rubber, and Artificial and Synthetic Fibers and Filaments Manufacturing"],"processType":"UNIT_PROCESS","location":"RNA"},"flow":{"@type":"Flow","@id":"1ca3b8d5-a002-41c1-bdce-8db63ea6291e","name":"Polyethylene, linear low-density, LLDPE, virgin resin, at plant","categoryPath":["Technosphere Flows","31-33: Manufacturing","3252: Resin, Synthetic Rubber, and Artificial and Synthetic Fibers and Filaments Manufacturing"],"flowType":"PRODUCT_FLOW","refUnit":"kg"},"unit":{"@type":"Unit","@id":"20aadc24-a391-41cf-b340-3e4529f44bde","name":"kg"},"flowProperty":{"@type":"FlowProperty","@id":"93a60a56-a3c8-11da-a746-0800200b9a66","name":"Mass","categoryPath":["Technical flow properties"]},"uncertainty":{"@type":"Uncertainty","distributionType":"TRIANGLE_DISTRIBUTION","minimum":0.82,"mode":0.8280000000000002,"maximum":0.836}},{"@type":"Exchange","avoidedProduct":false,"input":true,"amount":0.537,"internalId":28,"flow":{"@type":"Flow","@id":"dc308661-492e-3961-9ae7-21a8717f7d1e","name":"Printed wiring board, surface mounted, unspec., Pb free, at plant","categoryPath":["Technosphere Flows","CUTOFF Flows"],"flowType":"PRODUCT_FLOW","refUnit":"kg"},"unit":{"@type":"Unit","@id":"20aadc24-a391-41cf-b340-3e4529f44bde","name":"kg"},"flowProperty":{"@type":"FlowProperty","@id":"93a60a56-a3c8-11da-a746-0800200b9a66","name":"Mass","categoryPath":["Technical flow properties"]},"uncertainty":{"@type":"Uncertainty","distributionType":"TRIANGLE_DISTRIBUTION","minimum":0.53,"mode":0.5370000000000001,"maximum":0.544}},{"@type":"Exchange","avoidedProduct":false,"input":true,"amount":1.1260000000000001,"amountFormula":"0.001126*1000","description":"original data - aluminum, production mix at plant RER/U from Ecoinvent","internalId":32,"defaultProvider":{"@type":"Process","@id":"a8eb9a6a-e8e6-3da6-a3ab-20dcf68e883a","name":"Aluminum ingot, production mix, at plant","categoryPath":["31-33: Manufacturing","3313: Alumina and Aluminum Production and Processing"],"processType":"UNIT_PROCESS","location":"US"},"flow":{"@type":"Flow","@id":"aec9945f-f19c-3834-8e26-5f4f92cfcb2b","name":"Aluminum ingot, production mix, at plant","categoryPath":["Technosphere Flows","31-33: Manufacturing","3313: Alumina and Aluminum Production and Processing"],"flowType":"PRODUCT_FLOW","location":"US","refUnit":"kg"},"unit":{"@type":"Unit","@id":"20aadc24-a391-41cf-b340-3e4529f44bde","name":"kg"},"flowProperty":{"@type":"FlowProperty","@id":"93a60a56-a3c8-11da-a746-0800200b9a66","name":"Mass","categoryPath":["Technical flow properties"]},"uncertainty":{"@type":"Uncertainty","distributionType":"TRIANGLE_DISTRIBUTION","minimum":0.00111,"mode":0.001128,"maximum":0.00114}},{"@type":"Exchange","avoidedProduct":false,"input":true,"amount":0.353,"description":"About half this quantity was LCD glass and half was lens glass and other highly processed glass.  LCD glass was the best available data for lens and other highly processed glass based on cost and manufacturing complexity.","internalId":6,"flow":{"@type":"Flow","@id":"6007252c-e626-315b-8fee-f0f11cd134a0","name":"LCD glass, at plant","categoryPath":["Technosphere Flows","CUTOFF Flows"],"flowType":"PRODUCT_FLOW","refUnit":"kg"},"unit":{"@type":"Unit","@id":"20aadc24-a391-41cf-b340-3e4529f44bde","name":"kg"},"flowProperty":{"@type":"FlowProperty","@id":"93a60a56-a3c8-11da-a746-0800200b9a66","name":"Mass","categoryPath":["Technical flow properties"]},"uncertainty":{"@type":"Uncertainty","distributionType":"TRIANGLE_DISTRIBUTION","minimum":0.35,"mode":0.353,"maximum":0.356}}]}