{"@context":"http://greendelta.github.io/olca-schema/context.jsonld","@type":"Process","@id":"64c379de-b24a-36d0-9170-d61d9d9d7278","name":"Ethanol, 85%, at blending terminal, 2022","description":" transport of gasoline is accounted by using the ecoinvent \"petrol, at regional storage\" process which includes transport to refueling station as well as the operation of the refueling station. The process of blending (and its energy use) is included in this and the related process, \"E85, at blending terminal\", as well as the infrastructure for additional terminals and blending apparatus. Infrastructure for refueling stations are included in the processes \"E10, pumped into vehicle\" and \"E85, pumped into vehicle.\"  \nThe production of ethanol utilized in this process assigns inputs to co-products (e.g., wheat kernals and straw, corn grain and stover) based on activities and inputs that are required for the growth and harvest and preprocessing of, e.g., wheat straw, and none that of the activities or inputs that would normally be used to produce, harvest and preprocess, e.g., wheat kernals (so-called \"incremental allocation\"). \n","version":"00.00.005","lastChange":"2020-04-13T16:30:06.506-06:00","category":{"@type":"Category","@id":"0927a450-e2b2-3455-983b-42ff1ebacc3c","name":"3251: Basic Chemical Manufacturing","categoryPath":["31-33: Manufacturing"],"categoryType":"Process"},"processType":"UNIT_PROCESS","defaultAllocationMethod":"NO_ALLOCATION","infrastructureProcess":false,"location":{"@type":"Location","@id":"b320e7db-c758-3ba6-8839-81eb83c9d7d7","name":"Northern America"},"processDocumentation":{"@type":"ProcessDocumentation","timeDescription":"2008","technologyDescription":"modern","restrictionsDescription":"All information can be accessed by everybody.","copyright":false,"validFrom":"2007-12-31-07:00","validUntil":"2021-12-31-07:00","creationDate":"2015-09-11T08:42:37.838-06:00","geographyDescription":"North America","dataDocumentor":{"@type":"Actor","@id":"4abc5016-b922-34c0-a2c1-136c5cfa7083","name":"Garvin Heath"},"dataGenerator":{"@type":"Actor","@id":"4abc5016-b922-34c0-a2c1-136c5cfa7083","name":"Garvin Heath"},"publication":{"@type":"Source","@id":"a1d1d73e-7d93-3a6b-a3bc-3b2f4f025b86","name":"Hsu, D. "},"sources":[{"@type":"Source","@id":"a1d1d73e-7d93-3a6b-a3bc-3b2f4f025b86","name":"Hsu, D. "}]},"lastInternalId":0,"exchanges":[{"@type":"Exchange","avoidedProduct":false,"input":false,"amount":1.0,"internalId":1,"flow":{"@type":"Flow","@id":"ec45ebbc-909d-347c-b810-ad895485bcba","name":"Ethanol, 85%, at blending terminal","categoryPath":["Technosphere Flows","31-33: Manufacturing","3251: Basic Chemical Manufacturing"],"flowType":"PRODUCT_FLOW","location":"RNA","refUnit":"kg"},"unit":{"@type":"Unit","@id":"20aadc24-a391-41cf-b340-3e4529f44bde","name":"kg"},"flowProperty":{"@type":"FlowProperty","@id":"93a60a56-a3c8-11da-a746-0800200b9a66","name":"Mass","categoryPath":["Technical flow properties"]},"quantitativeReference":true},{"@type":"Exchange","avoidedProduct":false,"input":true,"amount":0.81,"description":"this is the proportion by weight of denatured ethanol in E85. If denaturing is 3.95w% and total percent ethanol is 78w% in E85, then 0.78/0.9605 \u003d blend percent (by weight) of denatured ethanol in E85.","internalId":6,"defaultProvider":{"@type":"Process","@id":"da8e9d9f-c0e2-3c9b-9d0a-f7e5f1667639","name":"Ethanol, denatured, at refueling station, 2022","categoryPath":["31-33: Manufacturing","3251: Basic Chemical Manufacturing"],"processType":"UNIT_PROCESS","location":"RNA"},"flow":{"@type":"Flow","@id":"6a14d14a-c3dd-3605-95b1-bc2abb3f6b51","name":"Ethanol, denatured, at refueling station","categoryPath":["Technosphere Flows","31-33: Manufacturing","3251: Basic Chemical Manufacturing"],"flowType":"PRODUCT_FLOW","location":"RNA","refUnit":"kg"},"unit":{"@type":"Unit","@id":"20aadc24-a391-41cf-b340-3e4529f44bde","name":"kg"},"flowProperty":{"@type":"FlowProperty","@id":"93a60a56-a3c8-11da-a746-0800200b9a66","name":"Mass","categoryPath":["Technical flow properties"]}},{"@type":"Exchange","avoidedProduct":false,"input":true,"amount":0.26,"description":"compliment of the above. This is the Ecoinvent \"at regional storage\" process with US gasoline as the input. US gasoline is the US LCI process with water added (from ANL 2009 report)","internalId":4,"defaultProvider":{"@type":"Process","@id":"0aaf1e13-5d80-37f9-b7bb-81a6b8965c71","name":"Petroleum refining, at refinery","categoryPath":["31-33: Manufacturing","3241: Petroleum and Coal Products Manufacturing"],"processType":"UNIT_PROCESS","location":"RNA"},"flow":{"@type":"Flow","@id":"0e44e579-abb0-3c77-af64-c774d65be529","name":"Gasoline, at refinery","categoryPath":["Technosphere Flows","31-33: Manufacturing","3241: Petroleum and Coal Products Manufacturing"],"flowType":"PRODUCT_FLOW","refUnit":"m3"},"unit":{"@type":"Unit","@id":"b80a512e-e402-4363-8ad0-7d02dcf4a459","name":"l"},"flowProperty":{"@type":"FlowProperty","@id":"93a60a56-a3c8-22da-a746-0800200c9a66","name":"Volume","categoryPath":["Technical flow properties"]}},{"@type":"Exchange","avoidedProduct":false,"input":true,"amount":8.26,"description":"to determine the energy content of the product E85","internalId":2,"flow":{"@type":"Flow","@id":"68c4b3e8-492b-3327-b39f-53005c9f235a","name":"Energy, output, from gasoline","categoryPath":["Technosphere Flows","31-33: Manufacturing","3251: Basic Chemical Manufacturing"],"flowType":"PRODUCT_FLOW","refUnit":"MJ"},"unit":{"@type":"Unit","@id":"52765a6c-3896-43c2-b2f4-c679acf13efe","name":"MJ"},"flowProperty":{"@type":"FlowProperty","@id":"f6811440-ee37-11de-8a39-0800200c9a66","name":"Energy","categoryPath":["Technical flow properties"]}},{"@type":"Exchange","avoidedProduct":false,"input":true,"amount":8.5E-11,"description":"piece per kg throughput of E85 through lifetime of terminals tanks (50 years, i.e., until 2057). The cumulative volume calcuation is a placeholder estimate for what should be used which accounts for the fraction of cumulative total (E10+E85) EISA sales volume that is E85.","internalId":5,"flow":{"@type":"Flow","@id":"77b15cd4-4d36-3f26-8c86-fc10c1e8c6f5","name":"Liquid storage tank, chemicals, organics","categoryPath":["Technosphere Flows","CUTOFF Flows"],"flowType":"PRODUCT_FLOW","refUnit":"Item(s)"},"unit":{"@type":"Unit","@id":"6dabe201-aaac-4509-92f0-d00c26cb72ab","name":"Item(s)"},"flowProperty":{"@type":"FlowProperty","@id":"01846770-4cfe-4a25-8ad9-919d8d378345","name":"Number of items","categoryPath":["Technical flow properties"]}},{"@type":"Exchange","avoidedProduct":false,"input":true,"amount":8.6E-4,"description":"assumes medium voltage for this industrial activity. Medium voltage is 1 - 24 kV (Swiss estimate; personal communication with Christian Bauer, modeler of this process)","internalId":3,"defaultProvider":{"@type":"Process","@id":"89389d98-1ba6-30c5-9c33-92443694936b","name":"Electricity, at Grid, US, 2010","categoryPath":["22: Utilities","2211: Electric Power Generation, Transmission and Distribution"],"processType":"UNIT_PROCESS","location":"RNA"},"flow":{"@type":"Flow","@id":"06581fb2-1de0-3e78-8298-f37605dea142","name":"Electricity, at grid","categoryPath":["Technosphere Flows","22: Utilities","2211: Electric Power Generation, Transmission and Distribution"],"flowType":"PRODUCT_FLOW","location":"RNA","refUnit":"MJ"},"unit":{"@type":"Unit","@id":"86ad2244-1f0e-4912-af53-7865283103e4","name":"kWh"},"flowProperty":{"@type":"FlowProperty","@id":"f6811440-ee37-11de-8a39-0800200c9a66","name":"Energy","categoryPath":["Technical flow properties"]}}]}