{"@context":"http://greendelta.github.io/olca-schema/context.jsonld","@type":"Process","@id":"655c14ed-5b78-3e50-96e5-e21f710143fe","name":"Roundwood, hardwood, green, at mill, NE-NC","description":"1. All weights given on an ovendry basis.\n2. Both logs and bark were transported jointly - however, these were seperated in themodel based on mass allocation.  This unit process only accounts for the transport of logs and excludes the transport of bark.\n3. Important note: although most of the data in the US LCI database has \nundergone some sort of review, the database as a whole has not yet \nundergone a formal validation process.\nPlease email comments to lci@nrel.gov.","version":"00.00.008","lastChange":"2022-07-06T12:25:30.529-06:00","category":{"@type":"Category","@id":"780cbde5-be93-33d4-8329-f6fb0d420973","name":"1133: Logging","categoryPath":["11: Agriculture, Forestry, Fishing and Hunting"],"categoryType":"Process"},"processType":"UNIT_PROCESS","defaultAllocationMethod":"PHYSICAL_ALLOCATION","infrastructureProcess":false,"location":{"@type":"Location","@id":"0b3b97fa-6688-3c56-88ee-4ae80ec0c3c2","name":"United States"},"processDocumentation":{"@type":"ProcessDocumentation","technologyDescription":"Average transport distance.","samplingDescription":"Questionnaires from 20 mills (17 companies) from the 20 states of Forest Service (FS) Northeastern (NE) Region. Hardwood sawmills were members of the Hardwood Manufacturer Association (HMA).","restrictionsDescription":"All information can be accessed by everybody.","copyright":false,"validFrom":"2004-12-31-07:00","validUntil":"2005-12-31-07:00","creationDate":"2015-07-30T15:54:02.083-06:00","geographyDescription":"NE/NC \u003d Northeast (NE) and Northcentral (NC) United States.  The 20 states are Connecticut, Delaware, Illinois, Indiana, Iowa, Maine, Maryland, Massachusetts, Michigan, Minnesota, Missouri, New Hampshire, New Jersey, New York, Ohio, Pennsylvania, Rhode Island, Vermont, West Virginia, Wisconsin.","dataDocumentor":{"@type":"Actor","@id":"ae081e38-d629-3c22-86de-dbc3bb038016","name":"Maureen Puetmann"},"dataGenerator":{"@type":"Actor","@id":"ae081e38-d629-3c22-86de-dbc3bb038016","name":"Maureen Puetmann"},"publication":{"@type":"Source","@id":"e02a1888-18d7-3087-a366-45ccd881871a","name":"Richard D. Bergman "},"sources":[{"@type":"Source","@id":"e02a1888-18d7-3087-a366-45ccd881871a","name":"Richard D. Bergman "},{"@type":"Source","@id":"bc230add-ed20-38a9-ba57-f2b58c312b4e","name":"Maureen Puettmann "}]},"lastInternalId":0,"exchanges":[{"@type":"Exchange","avoidedProduct":false,"input":false,"amount":1.0,"description":"Based on a weighted average green density of 854 kg/m3; specific gravity of 0.511; 87%MC","internalId":1,"flow":{"@type":"Flow","@id":"6ce8c09f-8a15-3d59-a868-8093b62c4ff4","name":"Roundwood; hardwood; green; at mill","categoryPath":["Technosphere Flows","11: Agriculture, Forestry, Fishing and Hunting","1133: Logging"],"flowType":"PRODUCT_FLOW","location":"US","refUnit":"m3"},"unit":{"@type":"Unit","@id":"1c3a9695-398d-4b1f-b07e-a8715b610f70","name":"m3"},"flowProperty":{"@type":"FlowProperty","@id":"93a60a56-a3c8-22da-a746-0800200c9a66","name":"Volume","categoryPath":["Technical flow properties"]},"quantitativeReference":true},{"@type":"Exchange","avoidedProduct":false,"input":true,"amount":119.0,"description":"Transport of green logs over 125 km.","internalId":4,"defaultProvider":{"@type":"Process","@id":"34156f3c-28ef-33db-9ad0-6293a2aa0d52","name":"Transport, combination truck, diesel powered","categoryPath":["48-49: Transportation and Warehousing","4841: General Freight Trucking"],"processType":"UNIT_PROCESS","location":"RNA"},"flow":{"@type":"Flow","@id":"628c07ec-0802-39c1-ab88-1c62848ef436","name":"Transport, combination truck, diesel powered","categoryPath":["Technosphere Flows","48-49: Transportation and Warehousing","4841: General Freight Trucking"],"flowType":"PRODUCT_FLOW","location":"RNA","refUnit":"t*km"},"unit":{"@type":"Unit","@id":"0dea4ed8-bb6b-4049-b2b4-b2c413ef2180","name":"t*km"},"flowProperty":{"@type":"FlowProperty","@id":"838aaa20-0117-11db-92e3-0800200c9a66","name":"Goods transport (mass*distance)","categoryPath":["Technical flow properties"]}},{"@type":"Exchange","avoidedProduct":false,"input":true,"amount":58.7,"description":"Weight reported on an ovendry basis.  Moisture content (ovendry basis) \u003d 87%","internalId":6,"defaultProvider":{"@type":"Process","@id":"0b5a14e7-bf8f-380e-87de-af92dd61e21b","name":"Bark, hardwood, average, at forest road,  NE-NC","categoryPath":["11: Agriculture, Forestry, Fishing and Hunting","1133: Logging"],"processType":"UNIT_PROCESS","location":"US"},"flow":{"@type":"Flow","@id":"b397fd68-58b2-3d2c-98ff-982509e10105","name":"Bark; hardwood; average; at forest road","categoryPath":["Technosphere Flows","11: Agriculture, Forestry, Fishing and Hunting","1133: Logging"],"flowType":"PRODUCT_FLOW","location":"US","refUnit":"kg"},"unit":{"@type":"Unit","@id":"20aadc24-a391-41cf-b340-3e4529f44bde","name":"kg"},"flowProperty":{"@type":"FlowProperty","@id":"93a60a56-a3c8-11da-a746-0800200b9a66","name":"Mass","categoryPath":["Technical flow properties"]}},{"@type":"Exchange","avoidedProduct":false,"input":false,"amount":58.7,"description":"Weight reported on an ovendry basis.  Moisture content (ovendry basis) \u003d 87%","internalId":3,"flow":{"@type":"Flow","@id":"cbb91e4a-0a0f-3b79-9f6f-d54d716e05ea","name":"Bark; hardwood; green; at mill","categoryPath":["Technosphere Flows","11: Agriculture, Forestry, Fishing and Hunting","1133: Logging"],"flowType":"PRODUCT_FLOW","location":"US","refUnit":"kg"},"unit":{"@type":"Unit","@id":"20aadc24-a391-41cf-b340-3e4529f44bde","name":"kg"},"flowProperty":{"@type":"FlowProperty","@id":"93a60a56-a3c8-11da-a746-0800200b9a66","name":"Mass","categoryPath":["Technical flow properties"]}},{"@type":"Exchange","avoidedProduct":false,"input":true,"amount":1.0,"description":"Weight reported on an ovendry basis.  Moisture content (ovendry basis) \u003d 87%","internalId":2,"flow":{"@type":"Flow","@id":"f9bfebc3-932f-3427-827a-a4972c05203c","name":"Roundwood, hardwood, average, at forest road","categoryPath":["Technosphere Flows","11: Agriculture, Forestry, Fishing and Hunting","1133: Logging"],"flowType":"PRODUCT_FLOW","location":"RNA","refUnit":"m3"},"unit":{"@type":"Unit","@id":"1c3a9695-398d-4b1f-b07e-a8715b610f70","name":"m3"},"flowProperty":{"@type":"FlowProperty","@id":"93a60a56-a3c8-22da-a746-0800200c9a66","name":"Volume","categoryPath":["Technical flow properties"]}},{"@type":"Exchange","avoidedProduct":false,"input":true,"amount":13.7,"description":"Transport of green bark over 125 km.","internalId":5,"defaultProvider":{"@type":"Process","@id":"34156f3c-28ef-33db-9ad0-6293a2aa0d52","name":"Transport, combination truck, diesel powered","categoryPath":["48-49: Transportation and Warehousing","4841: General Freight Trucking"],"processType":"UNIT_PROCESS","location":"RNA"},"flow":{"@type":"Flow","@id":"628c07ec-0802-39c1-ab88-1c62848ef436","name":"Transport, combination truck, diesel powered","categoryPath":["Technosphere Flows","48-49: Transportation and Warehousing","4841: General Freight Trucking"],"flowType":"PRODUCT_FLOW","location":"RNA","refUnit":"t*km"},"unit":{"@type":"Unit","@id":"0dea4ed8-bb6b-4049-b2b4-b2c413ef2180","name":"t*km"},"flowProperty":{"@type":"FlowProperty","@id":"838aaa20-0117-11db-92e3-0800200c9a66","name":"Goods transport (mass*distance)","categoryPath":["Technical flow properties"]}}],"allocationFactors":[{"@type":"AllocationFactor","allocationType":"ECONOMIC_ALLOCATION","product":{"@type":"Flow","@id":"6ce8c09f-8a15-3d59-a868-8093b62c4ff4","name":"Roundwood; hardwood; green; at mill","categoryPath":["Technosphere Flows","11: Agriculture, Forestry, Fishing and Hunting","1133: Logging"],"flowType":"PRODUCT_FLOW","location":"US","refUnit":"m3"},"value":0.94940635},{"@type":"AllocationFactor","allocationType":"CAUSAL_ALLOCATION","exchange":{"@type":"Exchange","internalId":4,"flow":{"@type":"Flow","@id":"628c07ec-0802-39c1-ab88-1c62848ef436","name":"Transport, combination truck, diesel powered","categoryPath":["Technosphere Flows","48-49: Transportation and Warehousing","4841: General Freight Trucking"],"flowType":"PRODUCT_FLOW","location":"RNA","refUnit":"t*km"}},"product":{"@type":"Flow","@id":"6ce8c09f-8a15-3d59-a868-8093b62c4ff4","name":"Roundwood; hardwood; green; at mill","categoryPath":["Technosphere Flows","11: Agriculture, Forestry, Fishing and Hunting","1133: Logging"],"flowType":"PRODUCT_FLOW","location":"US","refUnit":"m3"},"value":0.94940635},{"@type":"AllocationFactor","allocationType":"PHYSICAL_ALLOCATION","product":{"@type":"Flow","@id":"cbb91e4a-0a0f-3b79-9f6f-d54d716e05ea","name":"Bark; hardwood; green; at mill","categoryPath":["Technosphere Flows","11: Agriculture, Forestry, Fishing and Hunting","1133: Logging"],"flowType":"PRODUCT_FLOW","location":"US","refUnit":"kg"},"value":0.05059365},{"@type":"AllocationFactor","allocationType":"CAUSAL_ALLOCATION","exchange":{"@type":"Exchange","internalId":5,"flow":{"@type":"Flow","@id":"628c07ec-0802-39c1-ab88-1c62848ef436","name":"Transport, combination truck, diesel powered","categoryPath":["Technosphere Flows","48-49: Transportation and Warehousing","4841: General Freight Trucking"],"flowType":"PRODUCT_FLOW","location":"RNA","refUnit":"t*km"}},"product":{"@type":"Flow","@id":"cbb91e4a-0a0f-3b79-9f6f-d54d716e05ea","name":"Bark; hardwood; green; at mill","categoryPath":["Technosphere Flows","11: Agriculture, Forestry, Fishing and Hunting","1133: Logging"],"flowType":"PRODUCT_FLOW","location":"US","refUnit":"kg"},"value":0.05059365},{"@type":"AllocationFactor","allocationType":"CAUSAL_ALLOCATION","exchange":{"@type":"Exchange","internalId":5,"flow":{"@type":"Flow","@id":"628c07ec-0802-39c1-ab88-1c62848ef436","name":"Transport, combination truck, diesel powered","categoryPath":["Technosphere Flows","48-49: Transportation and Warehousing","4841: General Freight Trucking"],"flowType":"PRODUCT_FLOW","location":"RNA","refUnit":"t*km"}},"product":{"@type":"Flow","@id":"6ce8c09f-8a15-3d59-a868-8093b62c4ff4","name":"Roundwood; hardwood; green; at mill","categoryPath":["Technosphere Flows","11: Agriculture, Forestry, Fishing and Hunting","1133: Logging"],"flowType":"PRODUCT_FLOW","location":"US","refUnit":"m3"},"value":0.94940635},{"@type":"AllocationFactor","allocationType":"CAUSAL_ALLOCATION","exchange":{"@type":"Exchange","internalId":6,"flow":{"@type":"Flow","@id":"b397fd68-58b2-3d2c-98ff-982509e10105","name":"Bark; hardwood; average; at forest road","categoryPath":["Technosphere Flows","11: Agriculture, Forestry, Fishing and Hunting","1133: Logging"],"flowType":"PRODUCT_FLOW","location":"US","refUnit":"kg"}},"product":{"@type":"Flow","@id":"6ce8c09f-8a15-3d59-a868-8093b62c4ff4","name":"Roundwood; hardwood; green; at mill","categoryPath":["Technosphere Flows","11: Agriculture, Forestry, Fishing and Hunting","1133: Logging"],"flowType":"PRODUCT_FLOW","location":"US","refUnit":"m3"},"value":0.94940635},{"@type":"AllocationFactor","allocationType":"CAUSAL_ALLOCATION","exchange":{"@type":"Exchange","internalId":4,"flow":{"@type":"Flow","@id":"628c07ec-0802-39c1-ab88-1c62848ef436","name":"Transport, combination truck, diesel powered","categoryPath":["Technosphere Flows","48-49: Transportation and Warehousing","4841: General Freight Trucking"],"flowType":"PRODUCT_FLOW","location":"RNA","refUnit":"t*km"}},"product":{"@type":"Flow","@id":"cbb91e4a-0a0f-3b79-9f6f-d54d716e05ea","name":"Bark; hardwood; green; at mill","categoryPath":["Technosphere Flows","11: Agriculture, Forestry, Fishing and Hunting","1133: Logging"],"flowType":"PRODUCT_FLOW","location":"US","refUnit":"kg"},"value":0.05059365},{"@type":"AllocationFactor","allocationType":"CAUSAL_ALLOCATION","exchange":{"@type":"Exchange","internalId":6,"flow":{"@type":"Flow","@id":"b397fd68-58b2-3d2c-98ff-982509e10105","name":"Bark; hardwood; average; at forest road","categoryPath":["Technosphere Flows","11: Agriculture, Forestry, Fishing and Hunting","1133: Logging"],"flowType":"PRODUCT_FLOW","location":"US","refUnit":"kg"}},"product":{"@type":"Flow","@id":"cbb91e4a-0a0f-3b79-9f6f-d54d716e05ea","name":"Bark; hardwood; green; at mill","categoryPath":["Technosphere Flows","11: Agriculture, Forestry, Fishing and Hunting","1133: Logging"],"flowType":"PRODUCT_FLOW","location":"US","refUnit":"kg"},"value":0.05059365},{"@type":"AllocationFactor","allocationType":"CAUSAL_ALLOCATION","exchange":{"@type":"Exchange","internalId":2,"flow":{"@type":"Flow","@id":"f9bfebc3-932f-3427-827a-a4972c05203c","name":"Roundwood, hardwood, average, at forest road","categoryPath":["Technosphere Flows","11: Agriculture, Forestry, Fishing and Hunting","1133: Logging"],"flowType":"PRODUCT_FLOW","location":"RNA","refUnit":"m3"}},"product":{"@type":"Flow","@id":"cbb91e4a-0a0f-3b79-9f6f-d54d716e05ea","name":"Bark; hardwood; green; at mill","categoryPath":["Technosphere Flows","11: Agriculture, Forestry, Fishing and Hunting","1133: Logging"],"flowType":"PRODUCT_FLOW","location":"US","refUnit":"kg"},"value":0.05059365},{"@type":"AllocationFactor","allocationType":"PHYSICAL_ALLOCATION","product":{"@type":"Flow","@id":"6ce8c09f-8a15-3d59-a868-8093b62c4ff4","name":"Roundwood; hardwood; green; at mill","categoryPath":["Technosphere Flows","11: Agriculture, Forestry, Fishing and Hunting","1133: Logging"],"flowType":"PRODUCT_FLOW","location":"US","refUnit":"m3"},"value":0.94940635},{"@type":"AllocationFactor","allocationType":"CAUSAL_ALLOCATION","exchange":{"@type":"Exchange","internalId":2,"flow":{"@type":"Flow","@id":"f9bfebc3-932f-3427-827a-a4972c05203c","name":"Roundwood, hardwood, average, at forest road","categoryPath":["Technosphere Flows","11: Agriculture, Forestry, Fishing and Hunting","1133: Logging"],"flowType":"PRODUCT_FLOW","location":"RNA","refUnit":"m3"}},"product":{"@type":"Flow","@id":"6ce8c09f-8a15-3d59-a868-8093b62c4ff4","name":"Roundwood; hardwood; green; at mill","categoryPath":["Technosphere Flows","11: Agriculture, Forestry, Fishing and Hunting","1133: Logging"],"flowType":"PRODUCT_FLOW","location":"US","refUnit":"m3"},"value":0.94940635},{"@type":"AllocationFactor","allocationType":"ECONOMIC_ALLOCATION","product":{"@type":"Flow","@id":"cbb91e4a-0a0f-3b79-9f6f-d54d716e05ea","name":"Bark; hardwood; green; at mill","categoryPath":["Technosphere Flows","11: Agriculture, Forestry, Fishing and Hunting","1133: Logging"],"flowType":"PRODUCT_FLOW","location":"US","refUnit":"kg"},"value":0.05059365}]}