{"@context":"http://greendelta.github.io/olca-schema/context.jsonld","@type":"Process","@id":"743dd072-f828-38a7-9215-0a3d99e104b9","name":"Electricity, at Grid, TRE, 2008","description":"The methodology used to put together the grid information is outlined in reference 1.  ","version":"00.00.003","lastChange":"2019-08-13T12:48:31.361-06:00","category":{"@type":"Category","@id":"22b8f169-c337-3c11-98a7-cc688afb99b3","name":"2211: Electric Power Generation, Transmission and Distribution","categoryPath":["22: Utilities"],"categoryType":"Process"},"processType":"UNIT_PROCESS","defaultAllocationMethod":"NO_ALLOCATION","infrastructureProcess":false,"location":{"@type":"Location","@id":"b320e7db-c758-3ba6-8839-81eb83c9d7d7","name":"Northern America"},"processDocumentation":{"@type":"ProcessDocumentation","technologyDescription":"Typical","samplingDescription":"based on EIA electricity reports for all power plants in the US.","restrictionsDescription":"All information can be accessed by everybody.","copyright":false,"validFrom":"2007-12-31-07:00","validUntil":"2007-12-31-07:00","creationDate":"2011-04-06T03:45:02-06:00","geographyDescription":"Texas","dataDocumentor":{"@type":"Actor","@id":"a4d148e8-1b7f-3efc-b90a-8c13578af615","name":"Alberta Carpenter"},"dataGenerator":{"@type":"Actor","@id":"a4d148e8-1b7f-3efc-b90a-8c13578af615","name":"Alberta Carpenter"},"publication":{"@type":"Source","@id":"ad88e2f4-7a4b-3023-b6c0-98455da045a4","name":"Chris Goemans, Athena Institute "},"sources":[{"@type":"Source","@id":"ce22cb37-111b-369e-a679-fab36377ca0c","name":"USEPA "},{"@type":"Source","@id":"3fdaf97b-8213-3e72-a3b6-65663ed042f8","name":"EIA "},{"@type":"Source","@id":"db4547e6-ecd2-333d-aece-0b2bf3058074","name":"EIA "},{"@type":"Source","@id":"6d67eca7-aff9-3d30-9666-d103b64beeef","name":"Statistics Canada "},{"@type":"Source","@id":"aa044250-269d-34f7-b04d-bd299d614887","name":"EIA "},{"@type":"Source","@id":"aa0a089e-f5a9-33bf-9aed-0409c62b78d0","name":"EIA "},{"@type":"Source","@id":"e141309a-606d-3888-bc5c-e73e251135f0","name":"International Energy Agency "},{"@type":"Source","@id":"3a6b4025-5deb-3157-92da-bd96ec112606","name":"US DOE "},{"@type":"Source","@id":"64c9827c-0a55-3c07-9cb9-13c3262a2e01","name":"unspecified "},{"@type":"Source","@id":"d38e6ee8-92b8-35ba-ac3e-b62785793550","name":"EIA "},{"@type":"Source","@id":"a01ef3a3-98d4-37fd-95c2-c02b165f7c8a","name":"Statistics Canada "},{"@type":"Source","@id":"75678873-0430-3fab-ad2f-92c0e6d27b08","name":"EIA "},{"@type":"Source","@id":"7cbdfead-674c-3c49-aabf-d465410544c5","name":"EIA "},{"@type":"Source","@id":"ad88e2f4-7a4b-3023-b6c0-98455da045a4","name":"Chris Goemans, Athena Institute "},{"@type":"Source","@id":"32c8c9d1-5077-30ae-8dac-fb02f68344d7","name":"USEPA "},{"@type":"Source","@id":"73b8ba22-3130-3b7a-94b4-1ae93cf65066","name":"EIA "},{"@type":"Source","@id":"db74c3ce-6d5f-3187-b416-061dde4e0e9c","name":"EIA "},{"@type":"Source","@id":"3e6fe7cc-2574-3fca-a8a9-097eb8878cd5","name":"EIA "},{"@type":"Source","@id":"7ec7e434-5549-37a7-917d-c8fc98466c23","name":"Statistics Canada "},{"@type":"Source","@id":"804779a9-bcc9-3b23-baaf-8f9ce590a220","name":"Statistics Canada "},{"@type":"Source","@id":"c34ef4b1-910f-3b2a-b5de-802173887a70","name":"Statistics Canada "},{"@type":"Source","@id":"ed391c1d-eabd-3286-846f-919335550f0f","name":"Statistics Canada "},{"@type":"Source","@id":"10c40053-7c74-3efd-9a35-58b0dc567d75","name":"EIA "},{"@type":"Source","@id":"9600d6ae-14cd-39e6-aa7f-f6d3cf72098e","name":"US DOE "}]},"lastInternalId":1,"exchanges":[{"@type":"Exchange","avoidedProduct":false,"input":false,"amount":1.0,"internalId":1,"flow":{"@type":"Flow","@id":"06581fb2-1de0-3e78-8298-f37605dea142","name":"Electricity, at grid","categoryPath":["Technosphere Flows","22: Utilities","2211: Electric Power Generation, Transmission and Distribution"],"flowType":"PRODUCT_FLOW","location":"RNA","refUnit":"MJ"},"unit":{"@type":"Unit","@id":"86ad2244-1f0e-4912-af53-7865283103e4","name":"kWh"},"flowProperty":{"@type":"FlowProperty","@id":"f6811440-ee37-11de-8a39-0800200c9a66","name":"Energy","categoryPath":["Technical flow properties"]},"quantitativeReference":true},{"@type":"Exchange","avoidedProduct":false,"input":true,"amount":2.99495527475441E-4,"description":"DFO  – Distillate Fuel Oil (includes all Diesel and No. 1, No. 2, and No. 4 Fuel Oils) ","internalId":15,"defaultProvider":{"@type":"Process","@id":"4b3de918-4d30-3184-bdaa-60d8575c5af4","name":"Electricity, diesel, at power plant","categoryPath":["22: Utilities","2211: Electric Power Generation, Transmission and Distribution"],"processType":"UNIT_PROCESS","location":"RNA"},"flow":{"@type":"Flow","@id":"1e68baef-0ed7-37bb-9919-61963f9fbd08","name":"Electricity, diesel, at power plant","categoryPath":["Technosphere Flows","22: Utilities","2211: Electric Power Generation, Transmission and Distribution"],"flowType":"PRODUCT_FLOW","location":"RNA","refUnit":"MJ"},"unit":{"@type":"Unit","@id":"86ad2244-1f0e-4912-af53-7865283103e4","name":"kWh"},"flowProperty":{"@type":"FlowProperty","@id":"f6811440-ee37-11de-8a39-0800200c9a66","name":"Energy","categoryPath":["Technical flow properties"]}},{"@type":"Exchange","avoidedProduct":false,"input":true,"amount":4.71067628750518E-5,"description":"WH  – Waste heat not directly attributed to a fuel source.  Note that WH should only be reported where the fuel source for the waste heat is undetermined, and for combined cycle steam turbines that are not supplementary fired","internalId":3,"flow":{"@type":"Flow","@id":"6e9f8d2d-5ce1-3e64-8130-5ec0b62ca7d1","name":"Electricity, other fuels, unspecified, at power plant","categoryPath":["Technosphere Flows","CUTOFF Flows"],"flowType":"PRODUCT_FLOW","refUnit":"MJ"},"unit":{"@type":"Unit","@id":"86ad2244-1f0e-4912-af53-7865283103e4","name":"kWh"},"flowProperty":{"@type":"FlowProperty","@id":"f6811440-ee37-11de-8a39-0800200c9a66","name":"Energy","categoryPath":["Technical flow properties"]}},{"@type":"Exchange","avoidedProduct":false,"input":true,"amount":7.83224458081473E-4,"description":"PUR  – Purchased Steam","internalId":16,"flow":{"@type":"Flow","@id":"6e9f8d2d-5ce1-3e64-8130-5ec0b62ca7d1","name":"Electricity, other fuels, unspecified, at power plant","categoryPath":["Technosphere Flows","CUTOFF Flows"],"flowType":"PRODUCT_FLOW","refUnit":"MJ"},"unit":{"@type":"Unit","@id":"86ad2244-1f0e-4912-af53-7865283103e4","name":"kWh"},"flowProperty":{"@type":"FlowProperty","@id":"f6811440-ee37-11de-8a39-0800200c9a66","name":"Energy","categoryPath":["Technical flow properties"]}},{"@type":"Exchange","avoidedProduct":false,"input":true,"amount":8.47792593099561E-4,"description":"BLQ  – Black Liquor","internalId":14,"flow":{"@type":"Flow","@id":"29ae9fce-0435-3a0a-bedc-1ee78b6b4b3e","name":"Electricity, biomass,liquid, unspecified, at power plant","categoryPath":["Technosphere Flows","CUTOFF Flows"],"flowType":"PRODUCT_FLOW","refUnit":"MJ"},"unit":{"@type":"Unit","@id":"86ad2244-1f0e-4912-af53-7865283103e4","name":"kWh"},"flowProperty":{"@type":"FlowProperty","@id":"f6811440-ee37-11de-8a39-0800200c9a66","name":"Energy","categoryPath":["Technical flow properties"]}},{"@type":"Exchange","avoidedProduct":false,"input":true,"amount":0.0439623241676522,"description":"WND  – Wind","internalId":17,"flow":{"@type":"Flow","@id":"8ca9c802-e837-30d6-a921-3bc7ea7d8448","name":"Electricity, at wind power plant, unspecified","categoryPath":["Technosphere Flows","CUTOFF Flows"],"flowType":"PRODUCT_FLOW","refUnit":"MJ"},"unit":{"@type":"Unit","@id":"86ad2244-1f0e-4912-af53-7865283103e4","name":"kWh"},"flowProperty":{"@type":"FlowProperty","@id":"f6811440-ee37-11de-8a39-0800200c9a66","name":"Energy","categoryPath":["Technical flow properties"]}},{"@type":"Exchange","avoidedProduct":false,"input":true,"amount":0.118862961296604,"description":"LIG – Lignite Coal","internalId":18,"defaultProvider":{"@type":"Process","@id":"5b26dd62-5ab0-3822-b39c-6aa187efc9e5","name":"Electricity, lignite coal, at power plant","categoryPath":["22: Utilities","2211: Electric Power Generation, Transmission and Distribution"],"processType":"UNIT_PROCESS","location":"RNA"},"flow":{"@type":"Flow","@id":"a9f6971f-58a0-30b0-af5c-a36d11fe487f","name":"Electricity, lignite coal, at power plant","categoryPath":["Technosphere Flows","22: Utilities","2211: Electric Power Generation, Transmission and Distribution"],"flowType":"PRODUCT_FLOW","location":"RNA","refUnit":"MJ"},"unit":{"@type":"Unit","@id":"86ad2244-1f0e-4912-af53-7865283103e4","name":"kWh"},"flowProperty":{"@type":"FlowProperty","@id":"f6811440-ee37-11de-8a39-0800200c9a66","name":"Energy","categoryPath":["Technical flow properties"]}},{"@type":"Exchange","avoidedProduct":false,"input":true,"amount":4.04077053066631E-4,"description":"WDS – Wood/Wood Waste Solids (Paper Pellets, Railroad Ties, Utility Poles, Wood Chips, and other wood solids) ","internalId":6,"defaultProvider":{"@type":"Process","@id":"dfdb7eba-dfc4-3d24-9683-58b8b0ee1346","name":"Electricity, biomass, at power plant","categoryPath":["22: Utilities","2211: Electric Power Generation, Transmission and Distribution"],"processType":"UNIT_PROCESS","location":"RNA"},"flow":{"@type":"Flow","@id":"64360b9b-adc0-3154-b391-40f2a09891d4","name":"Electricity, biomass, at power plant","categoryPath":["Technosphere Flows","22: Utilities","2211: Electric Power Generation, Transmission and Distribution"],"flowType":"PRODUCT_FLOW","location":"RNA","refUnit":"MJ"},"unit":{"@type":"Unit","@id":"86ad2244-1f0e-4912-af53-7865283103e4","name":"kWh"},"flowProperty":{"@type":"FlowProperty","@id":"f6811440-ee37-11de-8a39-0800200c9a66","name":"Energy","categoryPath":["Technical flow properties"]}},{"@type":"Exchange","avoidedProduct":false,"input":true,"amount":0.120329397508013,"description":"NUC – Nuclear (Uranium, Plutonium, Thorium)","internalId":12,"defaultProvider":{"@type":"Process","@id":"2b091e0d-d0de-31a1-89db-3f51a9c5cf12","name":"Electricity, nuclear, at power plant","categoryPath":["22: Utilities","2211: Electric Power Generation, Transmission and Distribution"],"processType":"UNIT_PROCESS","location":"RNA"},"flow":{"@type":"Flow","@id":"9e321869-bd1f-3c93-8528-8f198de2fa2b","name":"Electricity, nuclear, at power plant","categoryPath":["Technosphere Flows","22: Utilities","2211: Electric Power Generation, Transmission and Distribution"],"flowType":"PRODUCT_FLOW","location":"RNA","refUnit":"MJ"},"unit":{"@type":"Unit","@id":"86ad2244-1f0e-4912-af53-7865283103e4","name":"kWh"},"flowProperty":{"@type":"FlowProperty","@id":"f6811440-ee37-11de-8a39-0800200c9a66","name":"Energy","categoryPath":["Technical flow properties"]}},{"@type":"Exchange","avoidedProduct":false,"input":true,"amount":0.00702203676860684,"description":"OG – Other Gas (Butane, Coal Processes, Coke-Oven, Refinery, and other processes)","internalId":13,"flow":{"@type":"Flow","@id":"7b8d7c56-1021-37b6-be2c-3c92d8b9f026","name":"Electricity, other gases, unspecified,  at power plant","categoryPath":["Technosphere Flows","CUTOFF Flows"],"flowType":"PRODUCT_FLOW","refUnit":"MJ"},"unit":{"@type":"Unit","@id":"86ad2244-1f0e-4912-af53-7865283103e4","name":"kWh"},"flowProperty":{"@type":"FlowProperty","@id":"f6811440-ee37-11de-8a39-0800200c9a66","name":"Energy","categoryPath":["Technical flow properties"]}},{"@type":"Exchange","avoidedProduct":false,"input":true,"amount":0.00270797243731165,"description":"PC  – Petroleum Coke","internalId":7,"flow":{"@type":"Flow","@id":"b31ba1d1-fb4b-3b9e-96c2-1e042fec4e84","name":"Electricity, petroleum coke, at power plant","categoryPath":["Technosphere Flows","CUTOFF Flows"],"flowType":"PRODUCT_FLOW","refUnit":"MJ"},"unit":{"@type":"Unit","@id":"86ad2244-1f0e-4912-af53-7865283103e4","name":"kWh"},"flowProperty":{"@type":"FlowProperty","@id":"f6811440-ee37-11de-8a39-0800200c9a66","name":"Energy","categoryPath":["Technical flow properties"]}},{"@type":"Exchange","avoidedProduct":false,"input":true,"amount":0.475030388435665,"description":"NG  – Natural Gas","internalId":5,"defaultProvider":{"@type":"Process","@id":"879845c3-84fa-3f85-9f3d-a8510f950732","name":"Electricity, natural gas, at power plant","categoryPath":["22: Utilities","2211: Electric Power Generation, Transmission and Distribution"],"processType":"UNIT_PROCESS","location":"RNA"},"flow":{"@type":"Flow","@id":"6cb3e4a8-d7e0-3566-ae66-8022182af846","name":"Electricity, natural gas, at power plant","categoryPath":["Technosphere Flows","22: Utilities","2211: Electric Power Generation, Transmission and Distribution"],"flowType":"PRODUCT_FLOW","location":"RNA","refUnit":"MJ"},"unit":{"@type":"Unit","@id":"86ad2244-1f0e-4912-af53-7865283103e4","name":"kWh"},"flowProperty":{"@type":"FlowProperty","@id":"f6811440-ee37-11de-8a39-0800200c9a66","name":"Energy","categoryPath":["Technical flow properties"]}},{"@type":"Exchange","avoidedProduct":false,"input":true,"amount":9.60474281433932E-5,"description":"OTH  – Other (Batteries, Chemicals, Coke Breeze, Hydrogen, Pitch, Sulfur, Tar Coal, and miscellaneous technologies)","internalId":9,"flow":{"@type":"Flow","@id":"6e9f8d2d-5ce1-3e64-8130-5ec0b62ca7d1","name":"Electricity, other fuels, unspecified, at power plant","categoryPath":["Technosphere Flows","CUTOFF Flows"],"flowType":"PRODUCT_FLOW","refUnit":"MJ"},"unit":{"@type":"Unit","@id":"86ad2244-1f0e-4912-af53-7865283103e4","name":"kWh"},"flowProperty":{"@type":"FlowProperty","@id":"f6811440-ee37-11de-8a39-0800200c9a66","name":"Energy","categoryPath":["Technical flow properties"]}},{"@type":"Exchange","avoidedProduct":false,"input":true,"amount":9.1087524806341E-6,"description":"OBL  – Other  Biomass Liquid (Ethanol, Fish Oil, Liquid Acetonitrile Waste, Medical Waste, Tall Oil, Waste Alcohol, and other Biomass not specified)","internalId":2,"flow":{"@type":"Flow","@id":"29ae9fce-0435-3a0a-bedc-1ee78b6b4b3e","name":"Electricity, biomass,liquid, unspecified, at power plant","categoryPath":["Technosphere Flows","CUTOFF Flows"],"flowType":"PRODUCT_FLOW","refUnit":"MJ"},"unit":{"@type":"Unit","@id":"86ad2244-1f0e-4912-af53-7865283103e4","name":"kWh"},"flowProperty":{"@type":"FlowProperty","@id":"f6811440-ee37-11de-8a39-0800200c9a66","name":"Energy","categoryPath":["Technical flow properties"]}},{"@type":"Exchange","avoidedProduct":false,"input":true,"amount":5.98587622601311E-5,"description":"OBG  – Other Biomass Gases (Digester Gas, Methane, and other biomass gases) ","internalId":10,"flow":{"@type":"Flow","@id":"57c83e8d-732a-38f3-b716-bcfc655cfd17","name":"Electricity, biomass, gas, unspecified, at power plant","categoryPath":["Technosphere Flows","CUTOFF Flows"],"flowType":"PRODUCT_FLOW","refUnit":"MJ"},"unit":{"@type":"Unit","@id":"86ad2244-1f0e-4912-af53-7865283103e4","name":"kWh"},"flowProperty":{"@type":"FlowProperty","@id":"f6811440-ee37-11de-8a39-0800200c9a66","name":"Energy","categoryPath":["Technical flow properties"]}},{"@type":"Exchange","avoidedProduct":false,"input":true,"amount":0.226330764407627,"description":"SUB – Subbituminous Coal ","internalId":11,"defaultProvider":{"@type":"Process","@id":"66280f03-b26f-35c4-bda2-3d4a8652943a","name":"Electricity, bituminous coal, at power plant","categoryPath":["22: Utilities","2211: Electric Power Generation, Transmission and Distribution"],"processType":"UNIT_PROCESS","location":"RNA"},"flow":{"@type":"Flow","@id":"737e3efb-29d4-3b9d-8d78-6269508c1f59","name":"Electricity, bituminous coal, at power plant","categoryPath":["Technosphere Flows","22: Utilities","2211: Electric Power Generation, Transmission and Distribution"],"flowType":"PRODUCT_FLOW","location":"RNA","refUnit":"MJ"},"unit":{"@type":"Unit","@id":"86ad2244-1f0e-4912-af53-7865283103e4","name":"kWh"},"flowProperty":{"@type":"FlowProperty","@id":"f6811440-ee37-11de-8a39-0800200c9a66","name":"Energy","categoryPath":["Technical flow properties"]}},{"@type":"Exchange","avoidedProduct":false,"input":true,"amount":0.00204897992320563,"description":"WAT  – Water (Conventional, Pumped Storage)","internalId":8,"flow":{"@type":"Flow","@id":"4b4d38d5-b196-3075-8f90-27fa7e45d92b","name":"Electricity, hydropower, at power plant, unspecified","categoryPath":["Technosphere Flows","CUTOFF Flows"],"flowType":"PRODUCT_FLOW","refUnit":"MJ"},"unit":{"@type":"Unit","@id":"86ad2244-1f0e-4912-af53-7865283103e4","name":"kWh"},"flowProperty":{"@type":"FlowProperty","@id":"f6811440-ee37-11de-8a39-0800200c9a66","name":"Energy","categoryPath":["Technical flow properties"]}},{"@type":"Exchange","avoidedProduct":false,"input":true,"amount":4.24006075778307E-5,"description":"AB – Agriculture Crop By-products / Straw / Energy Crops","internalId":19,"flow":{"@type":"Flow","@id":"50a39fc4-b698-37e8-b8f9-0142a6ef76ce","name":"Electricity, biomass, solid, agriculture by-products, at power plant","categoryPath":["Technosphere Flows","CUTOFF Flows"],"flowType":"PRODUCT_FLOW","refUnit":"MJ"},"unit":{"@type":"Unit","@id":"86ad2244-1f0e-4912-af53-7865283103e4","name":"kWh"},"flowProperty":{"@type":"FlowProperty","@id":"f6811440-ee37-11de-8a39-0800200c9a66","name":"Energy","categoryPath":["Technical flow properties"]}},{"@type":"Exchange","avoidedProduct":false,"input":true,"amount":5.13467734061751E-6,"description":"RFO  – Residual Fuel Oil (includes No. 5 and No. 6 Fuel Oils and Bunker C Fuel Oil)","internalId":4,"defaultProvider":{"@type":"Process","@id":"e391a117-69ae-3550-987a-8f28a1444eb9","name":"Electricity, residual fuel oil, at power plant","categoryPath":["22: Utilities","2211: Electric Power Generation, Transmission and Distribution"],"processType":"UNIT_PROCESS","location":"RNA"},"flow":{"@type":"Flow","@id":"f7d232cc-70aa-3669-a4e4-d1083d248e69","name":"Electricity, residual fuel oil, at power plant","categoryPath":["Technosphere Flows","22: Utilities","2211: Electric Power Generation, Transmission and Distribution"],"flowType":"PRODUCT_FLOW","location":"RNA","refUnit":"MJ"},"unit":{"@type":"Unit","@id":"86ad2244-1f0e-4912-af53-7865283103e4","name":"kWh"},"flowProperty":{"@type":"FlowProperty","@id":"f6811440-ee37-11de-8a39-0800200c9a66","name":"Energy","categoryPath":["Technical flow properties"]}},{"@type":"Exchange","avoidedProduct":false,"input":true,"amount":0.00111092843291511,"description":"LFG  – Landfill Gas","internalId":20,"flow":{"@type":"Flow","@id":"7f11b3fc-4396-3cb0-b1c6-4016a7c31533","name":"Electricity, biomass, gas, landfill, at power plant","categoryPath":["Technosphere Flows","CUTOFF Flows"],"flowType":"PRODUCT_FLOW","refUnit":"MJ"},"unit":{"@type":"Unit","@id":"86ad2244-1f0e-4912-af53-7865283103e4","name":"kWh"},"flowProperty":{"@type":"FlowProperty","@id":"f6811440-ee37-11de-8a39-0800200c9a66","name":"Energy","categoryPath":["Technical flow properties"]}}]}