{"@context":"http://greendelta.github.io/olca-schema/context.jsonld","@type":"Process","@id":"7a2565f8-4a48-3263-9bc9-bcb28dbd58ad","name":"Oxygen, liquid, at plant","description":"Complete inventory data and metadata are available in full in the final report and appendices, Cradle-to-Gate Life Cycle Inventory of Nine Plastic Resins and Four Polyurethane Precursors. This report has been extensively reviewed within Franklin Associates and has undergone partial critical review by ACC Plastics Division members and is available at: www.americanchemistry.com. Quantities may vary slightly between the reference to main source and and this module due to rounding.  Important note: although most of the data in the US LCI database has undergone some sort of review, the database as a whole has not yet undergone a formal validation process.  Please email comments to lci@nrel.gov.","version":"00.00.002","lastChange":"2019-05-28T00:07:30.609-06:00","category":{"@type":"Category","@id":"0927a450-e2b2-3455-983b-42ff1ebacc3c","name":"3251: Basic Chemical Manufacturing","categoryPath":["31-33: Manufacturing"],"categoryType":"Process"},"processType":"UNIT_PROCESS","defaultAllocationMethod":"NO_ALLOCATION","infrastructureProcess":false,"location":{"@type":"Location","@id":"b320e7db-c758-3ba6-8839-81eb83c9d7d7","name":"Northern America"},"processDocumentation":{"@type":"ProcessDocumentation","technologyDescription":"Cryogenic separation of air","samplingDescription":"Data are from secondary sources.","restrictionsDescription":"All information can be accessed by everybody.","copyright":false,"validFrom":"1989-12-31-07:00","validUntil":"1992-12-31-07:00","creationDate":"2011-08-21T02:07:04-06:00","geographyDescription":"Europe","dataDocumentor":{"@type":"Actor","@id":"721bcfe4-ee92-33bc-a9bd-bbf5ba3cb52d","name":"Franklin Associates"},"dataGenerator":{"@type":"Actor","@id":"721bcfe4-ee92-33bc-a9bd-bbf5ba3cb52d","name":"Franklin Associates"},"publication":{"@type":"Source","@id":"bf627fcb-bea3-3085-87ee-2d24ac940458","name":"THE PLASTICS DIVISION OF \nTHE AMERICAN C "},"sources":[{"@type":"Source","@id":"bf627fcb-bea3-3085-87ee-2d24ac940458","name":"THE PLASTICS DIVISION OF \nTHE AMERICAN C "}]},"lastInternalId":0,"exchanges":[{"@type":"Exchange","avoidedProduct":false,"input":false,"amount":1.0,"internalId":1,"flow":{"@type":"Flow","@id":"055e3f80-da33-3f27-be5f-8d0c59872b9a","name":"Oxygen, liquid, at plant","categoryPath":["Technosphere Flows","31-33: Manufacturing","3251: Basic Chemical Manufacturing"],"flowType":"PRODUCT_FLOW","location":"RNA","refUnit":"kg"},"unit":{"@type":"Unit","@id":"20aadc24-a391-41cf-b340-3e4529f44bde","name":"kg"},"flowProperty":{"@type":"FlowProperty","@id":"93a60a56-a3c8-11da-a746-0800200b9a66","name":"Mass","categoryPath":["Technical flow properties"]},"quantitativeReference":true},{"@type":"Exchange","avoidedProduct":false,"input":true,"amount":0.138007054673721,"internalId":2,"defaultProvider":{"@type":"Process","@id":"89389d98-1ba6-30c5-9c33-92443694936b","name":"Electricity, at Grid, US, 2010","categoryPath":["22: Utilities","2211: Electric Power Generation, Transmission and Distribution"],"processType":"UNIT_PROCESS","location":"RNA"},"flow":{"@type":"Flow","@id":"06581fb2-1de0-3e78-8298-f37605dea142","name":"Electricity, at grid","categoryPath":["Technosphere Flows","22: Utilities","2211: Electric Power Generation, Transmission and Distribution"],"flowType":"PRODUCT_FLOW","location":"RNA","refUnit":"MJ"},"unit":{"@type":"Unit","@id":"86ad2244-1f0e-4912-af53-7865283103e4","name":"kWh"},"flowProperty":{"@type":"FlowProperty","@id":"f6811440-ee37-11de-8a39-0800200c9a66","name":"Energy","categoryPath":["Technical flow properties"]}},{"@type":"Exchange","avoidedProduct":false,"input":true,"amount":1.0,"internalId":3,"flow":{"@type":"Flow","@id":"3c12ea56-b2b0-3fb0-9214-46dc9af0ff0b","name":"Oxygen","categoryPath":["Elementary Flows","resource","air"],"flowType":"ELEMENTARY_FLOW","refUnit":"kg"},"unit":{"@type":"Unit","@id":"20aadc24-a391-41cf-b340-3e4529f44bde","name":"kg"},"flowProperty":{"@type":"FlowProperty","@id":"93a60a56-a3c8-11da-a746-0800200b9a66","name":"Mass","categoryPath":["Technical flow properties"]}}]}