{"@context":"http://greendelta.github.io/olca-schema/context.jsonld","@type":"Process","@id":"7bb0a646-ffd2-315b-b8c7-f931492dbed9","name":"Scanner, department, i3200, i3400","description":"Cradle to Gate data for a single 16.7 kg line of scanner model for a single company.  Scanner scans at 50-160 A4 images per minute.  Typical use is 5,000 images per day, but can exceed 50,000 images per day. This cradle to gate data was extracted from a full cradle to end of life LCA. Internal company validation via business and peer review and internal assessment. This dataset was consistent with LCA conducted using same approach as the office scanner LCA, which was peer reviewed by Kate Winnebeck, LCACP, New York State Pollution Prevention Institute , Rochester Institute of Technology.  Data is only directly representative for the scanner models i3200 and i3400.  However components and manufacturing process is similar for many scanners, so extrapolation to other similar scanners may be done using judement.  Component proxy data for original LCA was from Ecoinvent. Each flow represents one or more parts made with the same materials and processes, which were aggregated The scanner was manufactured in China with the subcomponents mostly from China. However the best available datasets were used as proxy data and the best data often came from different geographic locations.  Some data was replaced in this cradle to gate dataset by USLCI data where appropriate data was available. Unless otherwise noted in a General Comment for individual flows, data described as dummy_ was from Ecoinvent.  Waste scrap was 0.5% of input flows.  Although these were included in the full LCA, they were not shown to be significant in the modeling and according to a 1% cutoff criteria, have not been included in this cradle to gate data.","version":"00.00.005","lastChange":"2021-04-07T21:01:27.860-06:00","category":{"@type":"Category","@id":"40500f84-eb6b-3e6d-80a0-90092b2ea35d","name":"3341: Computer and Peripheral Equipment Manufacturing","categoryPath":["31-33: Manufacturing"],"categoryType":"Process"},"processType":"UNIT_PROCESS","defaultAllocationMethod":"NO_ALLOCATION","infrastructureProcess":false,"location":{"@type":"Location","@id":"56bca136-90bb-3a77-9abb-7ce558af711e","name":"Global"},"processDocumentation":{"@type":"ProcessDocumentation","timeDescription":"start date was based on earliest date of secondary data.  Start date of primary data was 2011-07-01","technologyDescription":"Best available technology","reviewDetails":"proofReadingDetails\u003d\"Data was reviewed to ensure in was consistent with the manufacturing process and components, was based on quality sources - primary data from design and manufacturing specifications, and secondary data was from reliable sources (largely from Ecoinvent) and data was properly documented in final report and associated appendices.  Initial review was by Roy Wood, followed by an independent internal review by Jay Mathewson.\"","samplingDescription":"engineering specifications, variability less than 1% for this model","restrictionsDescription":"All information can be accessed by everybody.","copyright":false,"validFrom":"2003-06-09-06:00","validUntil":"2012-09-14-06:00","creationDate":"2015-08-24T08:05:39.594-06:00","geographyDescription":"Global","reviewer":{"@type":"Actor","@id":"ac041148-a469-348c-8411-e2551193cb60","name":"Jay Mathewson"},"dataDocumentor":{"@type":"Actor","@id":"97a3dd96-c17d-364a-8199-701171fe46a4","name":"Roy Wood"},"dataGenerator":{"@type":"Actor","@id":"97a3dd96-c17d-364a-8199-701171fe46a4","name":"Roy Wood"},"publication":{"@type":"Source","@id":"44d202bf-2ea9-386f-bd0e-85db4616fb7a","name":"Wood R (2012) LC GHG Summary Report - Kodak i2900, i3400, i4200, i4600, i5200, i5200v, i5600, i5600v, and i5800 Scanners"},"sources":[{"@type":"Source","@id":"44d202bf-2ea9-386f-bd0e-85db4616fb7a","name":"Wood R (2012) LC GHG Summary Report - Kodak i2900, i3400, i4200, i4600, i5200, i5200v, i5600, i5600v, and i5800 Scanners"}]},"lastInternalId":0,"exchanges":[{"@type":"Exchange","avoidedProduct":false,"input":false,"amount":1.0,"internalId":1,"flow":{"@type":"Flow","@id":"3755f873-9765-3dd8-a9a2-7f6ae9cf1d88","name":"Scanner, department, i3200, i3400","categoryPath":["Technosphere Flows","31-33: Manufacturing","3341: Computer and Peripheral Equipment Manufacturing"],"flowType":"PRODUCT_FLOW","location":"GLO","refUnit":"Item(s)"},"unit":{"@type":"Unit","@id":"6dabe201-aaac-4509-92f0-d00c26cb72ab","name":"Item(s)"},"flowProperty":{"@type":"FlowProperty","@id":"01846770-4cfe-4a25-8ad9-919d8d378345","name":"Number of items","categoryPath":["Technical flow properties"]},"quantitativeReference":true},{"@type":"Exchange","avoidedProduct":false,"input":true,"amount":0.52,"internalId":10,"flow":{"@type":"Flow","@id":"59e4639e-ee0a-34ce-8c0f-d21078680506","name":"Polycarbonate, at plant","categoryPath":["Technosphere Flows","CUTOFF Flows"],"flowType":"PRODUCT_FLOW","refUnit":"kg"},"unit":{"@type":"Unit","@id":"20aadc24-a391-41cf-b340-3e4529f44bde","name":"kg"},"flowProperty":{"@type":"FlowProperty","@id":"93a60a56-a3c8-11da-a746-0800200b9a66","name":"Mass","categoryPath":["Technical flow properties"]},"uncertainty":{"@type":"Uncertainty","distributionType":"TRIANGLE_DISTRIBUTION","minimum":0.51,"mode":0.52,"maximum":0.53}},{"@type":"Exchange","avoidedProduct":false,"input":true,"amount":0.033,"internalId":8,"flow":{"@type":"Flow","@id":"018c2645-7622-321b-a9ef-760b1fd90371","name":"copper, primary, at refinery","categoryPath":["Technosphere Flows","CUTOFF Flows","ecoinvent 3.2"],"flowType":"PRODUCT_FLOW","refUnit":"kg"},"unit":{"@type":"Unit","@id":"20aadc24-a391-41cf-b340-3e4529f44bde","name":"kg"},"flowProperty":{"@type":"FlowProperty","@id":"93a60a56-a3c8-11da-a746-0800200b9a66","name":"Mass","categoryPath":["Technical flow properties"]},"uncertainty":{"@type":"Uncertainty","distributionType":"TRIANGLE_DISTRIBUTION","minimum":0.032,"mode":0.033,"maximum":0.034}},{"@type":"Exchange","avoidedProduct":false,"input":true,"amount":0.952,"description":"original data - aluminum, production mix at plant RER/U from Ecoinvent","internalId":16,"defaultProvider":{"@type":"Process","@id":"a8eb9a6a-e8e6-3da6-a3ab-20dcf68e883a","name":"Aluminum ingot, production mix, at plant","categoryPath":["31-33: Manufacturing","3313: Alumina and Aluminum Production and Processing"],"processType":"UNIT_PROCESS","location":"US"},"flow":{"@type":"Flow","@id":"aec9945f-f19c-3834-8e26-5f4f92cfcb2b","name":"Aluminum ingot, production mix, at plant","categoryPath":["Technosphere Flows","31-33: Manufacturing","3313: Alumina and Aluminum Production and Processing"],"flowType":"PRODUCT_FLOW","location":"US","refUnit":"kg"},"unit":{"@type":"Unit","@id":"20aadc24-a391-41cf-b340-3e4529f44bde","name":"kg"},"flowProperty":{"@type":"FlowProperty","@id":"93a60a56-a3c8-11da-a746-0800200b9a66","name":"Mass","categoryPath":["Technical flow properties"]},"uncertainty":{"@type":"Uncertainty","distributionType":"TRIANGLE_DISTRIBUTION","minimum":0.947,"mode":0.9520000000000002,"maximum":0.957}},{"@type":"Exchange","avoidedProduct":false,"input":true,"amount":0.114,"internalId":6,"flow":{"@type":"Flow","@id":"35eb0588-6dc4-3344-8b2b-1039dd0c25b5","name":"Synthetic rubber, at plant","categoryPath":["Technosphere Flows","CUTOFF Flows"],"flowType":"PRODUCT_FLOW","refUnit":"kg"},"unit":{"@type":"Unit","@id":"20aadc24-a391-41cf-b340-3e4529f44bde","name":"kg"},"flowProperty":{"@type":"FlowProperty","@id":"93a60a56-a3c8-11da-a746-0800200b9a66","name":"Mass","categoryPath":["Technical flow properties"]},"uncertainty":{"@type":"Uncertainty","distributionType":"TRIANGLE_DISTRIBUTION","minimum":0.109,"mode":0.11400000000000005,"maximum":0.119}},{"@type":"Exchange","avoidedProduct":false,"input":true,"amount":0.296,"internalId":15,"defaultProvider":{"@type":"Process","@id":"1296738e-d64f-3837-a793-bc33f491e292","name":"Packaging and information sheets, i2900 desktop scanner","categoryPath":["31-33: Manufacturing","3222: Converted Paper Product Manufacturing"],"processType":"UNIT_PROCESS","location":"GLO"},"flow":{"@type":"Flow","@id":"f048b817-44dd-35fd-b5c9-57049decec7b","name":"Packaging and information sheets, i2900 desktop scanner","categoryPath":["Technosphere Flows","31-33: Manufacturing","3222: Converted Paper Product Manufacturing"],"flowType":"PRODUCT_FLOW","location":"GLO","refUnit":"kg"},"unit":{"@type":"Unit","@id":"20aadc24-a391-41cf-b340-3e4529f44bde","name":"kg"},"flowProperty":{"@type":"FlowProperty","@id":"93a60a56-a3c8-11da-a746-0800200b9a66","name":"Mass","categoryPath":["Technical flow properties"]},"uncertainty":{"@type":"Uncertainty","distributionType":"TRIANGLE_DISTRIBUTION","minimum":0.291,"mode":0.296,"maximum":0.301}},{"@type":"Exchange","avoidedProduct":false,"input":true,"amount":0.016,"internalId":4,"flow":{"@type":"Flow","@id":"5a83fa20-d4c9-35eb-8431-5b4d3027eb8f","name":"Polymethyl methacrylate, beads, at plant","categoryPath":["Technosphere Flows","CUTOFF Flows"],"flowType":"PRODUCT_FLOW","refUnit":"kg"},"unit":{"@type":"Unit","@id":"20aadc24-a391-41cf-b340-3e4529f44bde","name":"kg"},"flowProperty":{"@type":"FlowProperty","@id":"93a60a56-a3c8-11da-a746-0800200b9a66","name":"Mass","categoryPath":["Technical flow properties"]},"uncertainty":{"@type":"Uncertainty","distributionType":"TRIANGLE_DISTRIBUTION","minimum":0.0158,"mode":0.016,"maximum":0.0162}},{"@type":"Exchange","avoidedProduct":false,"input":true,"amount":0.952,"internalId":27,"flow":{"@type":"Flow","@id":"ae95eb58-426f-3ef1-8a21-aa41766997e6","name":"Cold impact extrusion, aluminium, 1 stroke","categoryPath":["Technosphere Flows","CUTOFF Flows"],"flowType":"PRODUCT_FLOW","refUnit":"kg"},"unit":{"@type":"Unit","@id":"20aadc24-a391-41cf-b340-3e4529f44bde","name":"kg"},"flowProperty":{"@type":"FlowProperty","@id":"93a60a56-a3c8-11da-a746-0800200b9a66","name":"Mass","categoryPath":["Technical flow properties"]},"uncertainty":{"@type":"Uncertainty","distributionType":"TRIANGLE_DISTRIBUTION","minimum":0.947,"mode":0.9519999999999998,"maximum":0.957}},{"@type":"Exchange","avoidedProduct":false,"input":true,"amount":51.0,"internalId":3,"flow":{"@type":"Flow","@id":"42e04afb-1b5e-30db-ae08-f79a60fbe34f","name":"Tap water, at user","categoryPath":["Technosphere Flows","CUTOFF Flows"],"flowType":"PRODUCT_FLOW","refUnit":"kg"},"unit":{"@type":"Unit","@id":"20aadc24-a391-41cf-b340-3e4529f44bde","name":"kg"},"flowProperty":{"@type":"FlowProperty","@id":"93a60a56-a3c8-11da-a746-0800200b9a66","name":"Mass","categoryPath":["Technical flow properties"]},"uncertainty":{"@type":"Uncertainty","distributionType":"TRIANGLE_DISTRIBUTION","minimum":46.0,"mode":51.0,"maximum":56.0}},{"@type":"Exchange","avoidedProduct":false,"input":true,"amount":0.02,"description":"original data - glass fibre, at plant, RER/U from Ecoinvent","internalId":13,"defaultProvider":{"@type":"Process","@id":"2d50471f-ae3a-337b-9e53-6ff319e39b55","name":"E-glass, at plant","categoryPath":["31-33: Manufacturing","3279: Other Nonmetallic Mineral Product Manufacturing"],"processType":"UNIT_PROCESS","location":"US"},"flow":{"@type":"Flow","@id":"406c4d5a-ada0-349f-be88-0b9708780f42","name":"E-glass, at plant","categoryPath":["Technosphere Flows","31-33: Manufacturing","3274: Lime and Gypsum Product Manufacturing"],"flowType":"PRODUCT_FLOW","location":"US","refUnit":"kg"},"unit":{"@type":"Unit","@id":"20aadc24-a391-41cf-b340-3e4529f44bde","name":"kg"},"flowProperty":{"@type":"FlowProperty","@id":"93a60a56-a3c8-11da-a746-0800200b9a66","name":"Mass","categoryPath":["Technical flow properties"]},"uncertainty":{"@type":"Uncertainty","distributionType":"TRIANGLE_DISTRIBUTION","minimum":0.019,"mode":0.019999999999999993,"maximum":0.021}},{"@type":"Exchange","avoidedProduct":false,"input":true,"amount":6.4,"internalId":17,"flow":{"@type":"Flow","@id":"77cf59e0-e012-302f-bf8e-7a38d4fc8f21","name":"Steel product manufacturing, average metal working","categoryPath":["Technosphere Flows","CUTOFF Flows"],"flowType":"PRODUCT_FLOW","refUnit":"kg"},"unit":{"@type":"Unit","@id":"20aadc24-a391-41cf-b340-3e4529f44bde","name":"kg"},"flowProperty":{"@type":"FlowProperty","@id":"93a60a56-a3c8-11da-a746-0800200b9a66","name":"Mass","categoryPath":["Technical flow properties"]},"uncertainty":{"@type":"Uncertainty","distributionType":"TRIANGLE_DISTRIBUTION","minimum":6.3,"mode":6.400000000000002,"maximum":6.5}},{"@type":"Exchange","avoidedProduct":false,"input":true,"amount":50.0,"internalId":26,"flow":{"@type":"Flow","@id":"e101b6b4-4276-3e43-a248-033c8f1e96cc","name":"Treatment, sewage, to wastewater treatment, class 1","categoryPath":["Technosphere Flows","CUTOFF Flows"],"flowType":"PRODUCT_FLOW","refUnit":"kg"},"unit":{"@type":"Unit","@id":"20aadc24-a391-41cf-b340-3e4529f44bde","name":"kg"},"flowProperty":{"@type":"FlowProperty","@id":"93a60a56-a3c8-11da-a746-0800200b9a66","name":"Mass","categoryPath":["Technical flow properties"]},"uncertainty":{"@type":"Uncertainty","distributionType":"TRIANGLE_DISTRIBUTION","minimum":45.0,"mode":50.0,"maximum":55.0}},{"@type":"Exchange","avoidedProduct":false,"input":true,"amount":19.0,"description":"original data - transport, lorry \u0026gt;32t, EURO5/ RER U","internalId":7,"defaultProvider":{"@type":"Process","@id":"34156f3c-28ef-33db-9ad0-6293a2aa0d52","name":"Transport, combination truck, diesel powered","categoryPath":["48-49: Transportation and Warehousing","4841: General Freight Trucking"],"processType":"UNIT_PROCESS","location":"RNA"},"flow":{"@type":"Flow","@id":"628c07ec-0802-39c1-ab88-1c62848ef436","name":"Transport, combination truck, diesel powered","categoryPath":["Technosphere Flows","48-49: Transportation and Warehousing","4841: General Freight Trucking"],"flowType":"PRODUCT_FLOW","location":"RNA","refUnit":"t*km"},"unit":{"@type":"Unit","@id":"0dea4ed8-bb6b-4049-b2b4-b2c413ef2180","name":"t*km"},"flowProperty":{"@type":"FlowProperty","@id":"838aaa20-0117-11db-92e3-0800200c9a66","name":"Goods transport (mass*distance)","categoryPath":["Technical flow properties"]},"uncertainty":{"@type":"Uncertainty","distributionType":"TRIANGLE_DISTRIBUTION","minimum":10.0,"mode":14.0,"maximum":33.0}},{"@type":"Exchange","avoidedProduct":false,"input":true,"amount":0.027,"description":"original data - LDPE granulate, at plant, RER/U from Ecoinvent","internalId":25,"defaultProvider":{"@type":"Process","@id":"1dbafde2-2bc3-405c-9726-4d92fe7d29f9","name":"Polyethylene, linear low-density, LLDPE, virgin resin, at plant","categoryPath":["31-33: Manufacturing","3252: Resin, Synthetic Rubber, and Artificial and Synthetic Fibers and Filaments Manufacturing"],"processType":"UNIT_PROCESS","location":"RNA"},"flow":{"@type":"Flow","@id":"1ca3b8d5-a002-41c1-bdce-8db63ea6291e","name":"Polyethylene, linear low-density, LLDPE, virgin resin, at plant","categoryPath":["Technosphere Flows","31-33: Manufacturing","3252: Resin, Synthetic Rubber, and Artificial and Synthetic Fibers and Filaments Manufacturing"],"flowType":"PRODUCT_FLOW","refUnit":"kg"},"unit":{"@type":"Unit","@id":"20aadc24-a391-41cf-b340-3e4529f44bde","name":"kg"},"flowProperty":{"@type":"FlowProperty","@id":"93a60a56-a3c8-11da-a746-0800200b9a66","name":"Mass","categoryPath":["Technical flow properties"]},"uncertainty":{"@type":"Uncertainty","distributionType":"TRIANGLE_DISTRIBUTION","minimum":0.0265,"mode":0.027000000000000007,"maximum":0.0275}},{"@type":"Exchange","avoidedProduct":false,"input":true,"amount":7.79,"internalId":28,"flow":{"@type":"Flow","@id":"d2a6a76d-00d2-3fba-bb51-83551fccbe97","name":"injection moulding","categoryPath":["Technosphere Flows","CUTOFF Flows","ecoinvent 3.2"],"flowType":"PRODUCT_FLOW","refUnit":"kg"},"unit":{"@type":"Unit","@id":"20aadc24-a391-41cf-b340-3e4529f44bde","name":"kg"},"flowProperty":{"@type":"FlowProperty","@id":"93a60a56-a3c8-11da-a746-0800200b9a66","name":"Mass","categoryPath":["Technical flow properties"]},"uncertainty":{"@type":"Uncertainty","distributionType":"TRIANGLE_DISTRIBUTION","minimum":7.7,"mode":7.790000000000002,"maximum":7.88}},{"@type":"Exchange","avoidedProduct":false,"input":true,"amount":0.493,"internalId":24,"flow":{"@type":"Flow","@id":"dc308661-492e-3961-9ae7-21a8717f7d1e","name":"Printed wiring board, surface mounted, unspec., Pb free, at plant","categoryPath":["Technosphere Flows","CUTOFF Flows"],"flowType":"PRODUCT_FLOW","refUnit":"kg"},"unit":{"@type":"Unit","@id":"20aadc24-a391-41cf-b340-3e4529f44bde","name":"kg"},"flowProperty":{"@type":"FlowProperty","@id":"93a60a56-a3c8-11da-a746-0800200b9a66","name":"Mass","categoryPath":["Technical flow properties"]},"uncertainty":{"@type":"Uncertainty","distributionType":"TRIANGLE_DISTRIBUTION","minimum":0.49,"mode":0.4930000000000001,"maximum":0.496}},{"@type":"Exchange","avoidedProduct":false,"input":true,"amount":0.012,"internalId":2,"flow":{"@type":"Flow","@id":"b544e484-ebb7-32bf-a241-385457452aa8","name":"Tetrafluoroethylene, at plant","categoryPath":["Technosphere Flows","CUTOFF Flows"],"flowType":"PRODUCT_FLOW","refUnit":"kg"},"unit":{"@type":"Unit","@id":"20aadc24-a391-41cf-b340-3e4529f44bde","name":"kg"},"flowProperty":{"@type":"FlowProperty","@id":"93a60a56-a3c8-11da-a746-0800200b9a66","name":"Mass","categoryPath":["Technical flow properties"]},"uncertainty":{"@type":"Uncertainty","distributionType":"TRIANGLE_DISTRIBUTION","minimum":0.011,"mode":0.012000000000000005,"maximum":0.013}},{"@type":"Exchange","avoidedProduct":false,"input":true,"amount":0.342,"description":"original data - polypropylene granulate, at plant, RER/U from Ecoinvent","internalId":29,"defaultProvider":{"@type":"Process","@id":"2e8facf6-46aa-4ddb-95de-a4e2a00eb2bb","name":"Polypropylene, PP, virgin resin, at plant","categoryPath":["31-33: Manufacturing","3252: Resin, Synthetic Rubber, and Artificial and Synthetic Fibers and Filaments Manufacturing"],"processType":"UNIT_PROCESS","location":"RNA"},"flow":{"@type":"Flow","@id":"d0477b6a-115f-350d-bbb4-7f62243e3476","name":"Polypropylene, PP, virgin resin, at plant","categoryPath":["Technosphere Flows","31-33: Manufacturing","3252: Resin, Synthetic Rubber, and Artificial and Synthetic Fibers and Filaments Manufacturing"],"flowType":"PRODUCT_FLOW","location":"RNA","refUnit":"kg"},"unit":{"@type":"Unit","@id":"20aadc24-a391-41cf-b340-3e4529f44bde","name":"kg"},"flowProperty":{"@type":"FlowProperty","@id":"93a60a56-a3c8-11da-a746-0800200b9a66","name":"Mass","categoryPath":["Technical flow properties"]},"uncertainty":{"@type":"Uncertainty","distributionType":"TRIANGLE_DISTRIBUTION","minimum":0.334,"mode":0.34199999999999997,"maximum":0.35}},{"@type":"Exchange","avoidedProduct":false,"input":true,"amount":0.034,"internalId":9,"flow":{"@type":"Flow","@id":"c427c277-1d6f-3caf-a86d-31d08e26bfcd","name":"Nylon 6, at plant","categoryPath":["Technosphere Flows","CUTOFF Flows"],"flowType":"PRODUCT_FLOW","refUnit":"kg"},"unit":{"@type":"Unit","@id":"20aadc24-a391-41cf-b340-3e4529f44bde","name":"kg"},"flowProperty":{"@type":"FlowProperty","@id":"93a60a56-a3c8-11da-a746-0800200b9a66","name":"Mass","categoryPath":["Technical flow properties"]},"uncertainty":{"@type":"Uncertainty","distributionType":"TRIANGLE_DISTRIBUTION","minimum":0.0335,"mode":0.034,"maximum":0.0345}},{"@type":"Exchange","avoidedProduct":false,"input":true,"amount":0.143,"internalId":11,"flow":{"@type":"Flow","@id":"d192864f-9a45-3cc5-a453-ddbdfc7fa6a4","name":"Carbon black, at plant","categoryPath":["Technosphere Flows","CUTOFF Flows"],"flowType":"PRODUCT_FLOW","refUnit":"kg"},"unit":{"@type":"Unit","@id":"20aadc24-a391-41cf-b340-3e4529f44bde","name":"kg"},"flowProperty":{"@type":"FlowProperty","@id":"93a60a56-a3c8-11da-a746-0800200b9a66","name":"Mass","categoryPath":["Technical flow properties"]},"uncertainty":{"@type":"Uncertainty","distributionType":"TRIANGLE_DISTRIBUTION","minimum":0.14,"mode":0.14299999999999993,"maximum":0.146}},{"@type":"Exchange","avoidedProduct":false,"input":true,"amount":6.4,"internalId":14,"flow":{"@type":"Flow","@id":"17e2730b-fd64-3ed5-bd0e-d2103d1583fb","name":"Steel, low-alloyed, at plant","categoryPath":["Technosphere Flows","CUTOFF Flows"],"flowType":"PRODUCT_FLOW","refUnit":"kg"},"unit":{"@type":"Unit","@id":"20aadc24-a391-41cf-b340-3e4529f44bde","name":"kg"},"flowProperty":{"@type":"FlowProperty","@id":"93a60a56-a3c8-11da-a746-0800200b9a66","name":"Mass","categoryPath":["Technical flow properties"]},"uncertainty":{"@type":"Uncertainty","distributionType":"TRIANGLE_DISTRIBUTION","minimum":6.3,"mode":6.400000000000002,"maximum":6.5}},{"@type":"Exchange","avoidedProduct":false,"input":true,"amount":0.014,"description":"original data - polyvinyl chloride ar regional storage, RER/U from Ecoinvent","internalId":21,"defaultProvider":{"@type":"Process","@id":"3dbccdda-2014-4239-ad1f-4e15c034942b","name":"Polyvinyl chloride, PVC, virgin resin; at plant","categoryPath":["31-33: Manufacturing","3252: Resin, Synthetic Rubber, and Artificial and Synthetic Fibers and Filaments Manufacturing"],"processType":"UNIT_PROCESS","location":"RNA"},"flow":{"@type":"Flow","@id":"2bb0cd6b-941b-38da-856c-1b7bd0cc5f49","name":"Polyvinyl chloride, PVC, resin; at plant","categoryPath":["Technosphere Flows","31-33: Manufacturing","3252: Resin, Synthetic Rubber, and Artificial and Synthetic Fibers and Filaments Manufacturing"],"flowType":"PRODUCT_FLOW","location":"RNA","refUnit":"kg"},"unit":{"@type":"Unit","@id":"20aadc24-a391-41cf-b340-3e4529f44bde","name":"kg"},"flowProperty":{"@type":"FlowProperty","@id":"93a60a56-a3c8-11da-a746-0800200b9a66","name":"Mass","categoryPath":["Technical flow properties"]},"uncertainty":{"@type":"Uncertainty","distributionType":"TRIANGLE_DISTRIBUTION","minimum":0.013,"mode":0.014000000000000005,"maximum":0.015}},{"@type":"Exchange","avoidedProduct":false,"input":true,"amount":0.048,"description":"data available as a .065 kg part in Ecoinvent","internalId":20,"flow":{"@type":"Flow","@id":"0ccffa6e-2153-3245-b83c-3f86912d5cdb","name":"Cable, connector for computer, without plugs, at plant","categoryPath":["Technosphere Flows","CUTOFF Flows"],"flowType":"PRODUCT_FLOW","refUnit":"kg"},"unit":{"@type":"Unit","@id":"20aadc24-a391-41cf-b340-3e4529f44bde","name":"kg"},"flowProperty":{"@type":"FlowProperty","@id":"93a60a56-a3c8-11da-a746-0800200b9a66","name":"Mass","categoryPath":["Technical flow properties"]},"uncertainty":{"@type":"Uncertainty","distributionType":"TRIANGLE_DISTRIBUTION","minimum":0.047,"mode":0.048000000000000015,"maximum":0.049}},{"@type":"Exchange","avoidedProduct":false,"input":true,"amount":0.014,"description":"silver data was used for neodymium, because there was no neodymium data and silver was the best substitute based on price and cost of production.","internalId":30,"flow":{"@type":"Flow","@id":"7f4b388d-12d0-32fe-9bde-fe68be67a76e","name":"Silver, at regional storage","categoryPath":["Technosphere Flows","CUTOFF Flows"],"flowType":"PRODUCT_FLOW","refUnit":"kg"},"unit":{"@type":"Unit","@id":"20aadc24-a391-41cf-b340-3e4529f44bde","name":"kg"},"flowProperty":{"@type":"FlowProperty","@id":"93a60a56-a3c8-11da-a746-0800200b9a66","name":"Mass","categoryPath":["Technical flow properties"]},"uncertainty":{"@type":"Uncertainty","distributionType":"TRIANGLE_DISTRIBUTION","minimum":0.0135,"mode":0.014000000000000004,"maximum":0.0145}},{"@type":"Exchange","avoidedProduct":false,"input":true,"amount":0.31,"description":"About half this quantity was LCD glass and half was lens glass and other highly processed glass.  LCD glass was the best available data for lens and other highly processed glass based on cost and manufacturing complexity.","internalId":23,"flow":{"@type":"Flow","@id":"6007252c-e626-315b-8fee-f0f11cd134a0","name":"LCD glass, at plant","categoryPath":["Technosphere Flows","CUTOFF Flows"],"flowType":"PRODUCT_FLOW","refUnit":"kg"},"unit":{"@type":"Unit","@id":"20aadc24-a391-41cf-b340-3e4529f44bde","name":"kg"},"flowProperty":{"@type":"FlowProperty","@id":"93a60a56-a3c8-11da-a746-0800200b9a66","name":"Mass","categoryPath":["Technical flow properties"]},"uncertainty":{"@type":"Uncertainty","distributionType":"TRIANGLE_DISTRIBUTION","minimum":0.3,"mode":0.3099999999999999,"maximum":0.32}},{"@type":"Exchange","avoidedProduct":false,"input":true,"amount":0.18,"internalId":18,"flow":{"@type":"Flow","@id":"6282c1be-b79e-3e7f-9d70-b7ee3c1e67b7","name":"Flat glass, uncoated, at plant","categoryPath":["Technosphere Flows","CUTOFF Flows"],"flowType":"PRODUCT_FLOW","refUnit":"kg"},"unit":{"@type":"Unit","@id":"20aadc24-a391-41cf-b340-3e4529f44bde","name":"kg"},"flowProperty":{"@type":"FlowProperty","@id":"93a60a56-a3c8-11da-a746-0800200b9a66","name":"Mass","categoryPath":["Technical flow properties"]},"uncertainty":{"@type":"Uncertainty","distributionType":"TRIANGLE_DISTRIBUTION","minimum":0.175,"mode":0.18000000000000005,"maximum":0.185}},{"@type":"Exchange","avoidedProduct":false,"input":true,"amount":0.18,"internalId":12,"flow":{"@type":"Flow","@id":"d9bf3edd-f335-31d0-bfcd-5922662ecfae","name":"Flat glass, coated, at plant","categoryPath":["Technosphere Flows","CUTOFF Flows"],"flowType":"PRODUCT_FLOW","refUnit":"kg"},"unit":{"@type":"Unit","@id":"20aadc24-a391-41cf-b340-3e4529f44bde","name":"kg"},"flowProperty":{"@type":"FlowProperty","@id":"93a60a56-a3c8-11da-a746-0800200b9a66","name":"Mass","categoryPath":["Technical flow properties"]},"uncertainty":{"@type":"Uncertainty","distributionType":"TRIANGLE_DISTRIBUTION","minimum":0.175,"mode":0.18000000000000005,"maximum":0.185}},{"@type":"Exchange","avoidedProduct":false,"input":true,"amount":9.0,"internalId":5,"flow":{"@type":"Flow","@id":"06581fb2-1de0-3e78-8298-f37605dea142","name":"Electricity, at grid","categoryPath":["Technosphere Flows","22: Utilities","2211: Electric Power Generation, Transmission and Distribution"],"flowType":"PRODUCT_FLOW","location":"RNA","refUnit":"MJ"},"unit":{"@type":"Unit","@id":"86ad2244-1f0e-4912-af53-7865283103e4","name":"kWh"},"flowProperty":{"@type":"FlowProperty","@id":"f6811440-ee37-11de-8a39-0800200c9a66","name":"Energy","categoryPath":["Technical flow properties"]},"uncertainty":{"@type":"Uncertainty","distributionType":"TRIANGLE_DISTRIBUTION","minimum":8.0,"mode":9.0,"maximum":10.0}},{"@type":"Exchange","avoidedProduct":false,"input":true,"amount":0.033,"internalId":19,"flow":{"@type":"Flow","@id":"24744899-a338-3943-9f83-764d10600319","name":"Copper product manufacturing, average metal working","categoryPath":["Technosphere Flows","CUTOFF Flows"],"flowType":"PRODUCT_FLOW","refUnit":"kg"},"unit":{"@type":"Unit","@id":"20aadc24-a391-41cf-b340-3e4529f44bde","name":"kg"},"flowProperty":{"@type":"FlowProperty","@id":"93a60a56-a3c8-11da-a746-0800200b9a66","name":"Mass","categoryPath":["Technical flow properties"]},"uncertainty":{"@type":"Uncertainty","distributionType":"TRIANGLE_DISTRIBUTION","minimum":0.032,"mode":0.033,"maximum":0.034}},{"@type":"Exchange","avoidedProduct":false,"input":true,"amount":6.54,"description":"original data - acrylonitrile-butadiene-styrene (ABS), at plant RER/U from Ecoinvent","internalId":22,"defaultProvider":{"@type":"Process","@id":"0e42a306-ee2d-362e-8bc3-580000096459","name":"Acrylonitrile-butadiene-styrene, ABS, copolymer resin, at plant","categoryPath":["31-33: Manufacturing","3252: Resin, Synthetic Rubber, and Artificial and Synthetic Fibers and Filaments Manufacturing"],"processType":"LCI_RESULT","location":"RNA"},"flow":{"@type":"Flow","@id":"fa5304ba-de40-35cf-a5d6-3e09d9b79205","name":"Acrylonitrile-butadiene-styrene, ABS, copolymer resin, at plant","categoryPath":["Technosphere Flows","31-33: Manufacturing","3252: Resin, Synthetic Rubber, and Artificial and Synthetic Fibers and Filaments Manufacturing"],"flowType":"PRODUCT_FLOW","location":"RNA","refUnit":"kg"},"unit":{"@type":"Unit","@id":"20aadc24-a391-41cf-b340-3e4529f44bde","name":"kg"},"flowProperty":{"@type":"FlowProperty","@id":"93a60a56-a3c8-11da-a746-0800200b9a66","name":"Mass","categoryPath":["Technical flow properties"]},"uncertainty":{"@type":"Uncertainty","distributionType":"TRIANGLE_DISTRIBUTION","minimum":6.53,"mode":6.54,"maximum":6.55}}]}