{"@context":"http://greendelta.github.io/olca-schema/context.jsonld","@type":"Process","@id":"7c487753-f198-3362-8848-fcec7767c14c","name":"Electricity, at grid, Western US, 2000","description":"\nImportant note: although most of the data in the US LCI database has \nundergone some sort of review, the database as a whole has not yet \nundergone a formal validation process.\nPlease email comments to lci@nrel.gov.","version":"00.00.003","lastChange":"2019-09-08T22:29:38.596-06:00","category":{"@type":"Category","@id":"22b8f169-c337-3c11-98a7-cc688afb99b3","name":"2211: Electric Power Generation, Transmission and Distribution","categoryPath":["22: Utilities"],"categoryType":"Process"},"processType":"UNIT_PROCESS","defaultAllocationMethod":"NO_ALLOCATION","infrastructureProcess":false,"location":{"@type":"Location","@id":"b320e7db-c758-3ba6-8839-81eb83c9d7d7","name":"Northern America"},"processDocumentation":{"@type":"ProcessDocumentation","technologyDescription":"Representative of year 2000 mix of fuels used for utility electricity generation in the Western U.S. Fuels include coals, fuel oil, nuclear, hydroelectric, and unconventional energy sources. Data are weighted according to percent share of consumption. Includes line loss factor of 8.36%, which represents the difference between electricity generated and electricity sold.","restrictionsDescription":"All information can be accessed by everybody.","copyright":false,"validFrom":"1999-12-31-07:00","validUntil":"1999-12-31-07:00","creationDate":"2011-07-10T02:46:27-06:00","geographyDescription":"United States, West","dataDocumentor":{"@type":"Actor","@id":"f5f86dd3-346a-3d6f-ae0a-ba1a61c8ad0b","name":"James Littlefield, Franklin Associates"},"dataGenerator":{"@type":"Actor","@id":"f5f86dd3-346a-3d6f-ae0a-ba1a61c8ad0b","name":"James Littlefield, Franklin Associates"},"publication":{"@type":"Source","@id":"0a89c388-03d0-3068-9d06-78af2e46b03f","name":"Franklin Associates (2003) Electricity Generation"},"sources":[{"@type":"Source","@id":"0a89c388-03d0-3068-9d06-78af2e46b03f","name":"Franklin Associates (2003) Electricity Generation"},{"@type":"Source","@id":"6ad45684-810b-359f-9359-11963fc6cb00","name":"U.S. Energy Information Administration "},{"@type":"Source","@id":"41aa851f-8a1f-3e10-85bd-9a1ff41e8027","name":"U.S. Environmental Protection Agency "}]},"lastInternalId":1,"exchanges":[{"@type":"Exchange","avoidedProduct":false,"input":false,"amount":1.0,"internalId":1,"flow":{"@type":"Flow","@id":"06581fb2-1de0-3e78-8298-f37605dea142","name":"Electricity, at grid","categoryPath":["Technosphere Flows","22: Utilities","2211: Electric Power Generation, Transmission and Distribution"],"flowType":"PRODUCT_FLOW","location":"RNA","refUnit":"MJ"},"unit":{"@type":"Unit","@id":"86ad2244-1f0e-4912-af53-7865283103e4","name":"kWh"},"flowProperty":{"@type":"FlowProperty","@id":"f6811440-ee37-11de-8a39-0800200c9a66","name":"Energy","categoryPath":["Technical flow properties"]},"quantitativeReference":true},{"@type":"Exchange","avoidedProduct":false,"input":true,"amount":0.252,"description":"Accounts for line losses of 8.36%","internalId":6,"defaultProvider":{"@type":"Process","@id":"879845c3-84fa-3f85-9f3d-a8510f950732","name":"Electricity, natural gas, at power plant","categoryPath":["22: Utilities","2211: Electric Power Generation, Transmission and Distribution"],"processType":"UNIT_PROCESS","location":"RNA"},"flow":{"@type":"Flow","@id":"6cb3e4a8-d7e0-3566-ae66-8022182af846","name":"Electricity, natural gas, at power plant","categoryPath":["Technosphere Flows","22: Utilities","2211: Electric Power Generation, Transmission and Distribution"],"flowType":"PRODUCT_FLOW","location":"RNA","refUnit":"MJ"},"unit":{"@type":"Unit","@id":"86ad2244-1f0e-4912-af53-7865283103e4","name":"kWh"},"flowProperty":{"@type":"FlowProperty","@id":"f6811440-ee37-11de-8a39-0800200c9a66","name":"Energy","categoryPath":["Technical flow properties"]}},{"@type":"Exchange","avoidedProduct":false,"input":true,"amount":0.00641,"description":"Accounts for line losses of 8.36%","internalId":8,"defaultProvider":{"@type":"Process","@id":"e391a117-69ae-3550-987a-8f28a1444eb9","name":"Electricity, residual fuel oil, at power plant","categoryPath":["22: Utilities","2211: Electric Power Generation, Transmission and Distribution"],"processType":"UNIT_PROCESS","location":"RNA"},"flow":{"@type":"Flow","@id":"f7d232cc-70aa-3669-a4e4-d1083d248e69","name":"Electricity, residual fuel oil, at power plant","categoryPath":["Technosphere Flows","22: Utilities","2211: Electric Power Generation, Transmission and Distribution"],"flowType":"PRODUCT_FLOW","location":"RNA","refUnit":"MJ"},"unit":{"@type":"Unit","@id":"86ad2244-1f0e-4912-af53-7865283103e4","name":"kWh"},"flowProperty":{"@type":"FlowProperty","@id":"f6811440-ee37-11de-8a39-0800200c9a66","name":"Energy","categoryPath":["Technical flow properties"]}},{"@type":"Exchange","avoidedProduct":false,"input":true,"amount":0.00601,"description":"Accounts for line losses of 8.36%","internalId":10,"flow":{"@type":"Flow","@id":"8a30dacb-2670-3e16-81b3-e80e4ea82e98","name":"Electricity, fossil, unspecified, at power plant","categoryPath":["Technosphere Flows","CUTOFF Flows"],"flowType":"PRODUCT_FLOW","refUnit":"MJ"},"unit":{"@type":"Unit","@id":"86ad2244-1f0e-4912-af53-7865283103e4","name":"kWh"},"flowProperty":{"@type":"FlowProperty","@id":"f6811440-ee37-11de-8a39-0800200c9a66","name":"Energy","categoryPath":["Technical flow properties"]}},{"@type":"Exchange","avoidedProduct":false,"input":true,"amount":0.305,"description":"Accounts for line losses of 8.36%","internalId":5,"flow":{"@type":"Flow","@id":"4b4d38d5-b196-3075-8f90-27fa7e45d92b","name":"Electricity, hydropower, at power plant, unspecified","categoryPath":["Technosphere Flows","CUTOFF Flows"],"flowType":"PRODUCT_FLOW","refUnit":"MJ"},"unit":{"@type":"Unit","@id":"86ad2244-1f0e-4912-af53-7865283103e4","name":"kWh"},"flowProperty":{"@type":"FlowProperty","@id":"f6811440-ee37-11de-8a39-0800200c9a66","name":"Energy","categoryPath":["Technical flow properties"]}},{"@type":"Exchange","avoidedProduct":false,"input":true,"amount":0.0223,"description":"Accounts for line losses of 8.36%","internalId":3,"flow":{"@type":"Flow","@id":"e4229062-5210-3132-a1a2-a946454ffaf2","name":"Electricity, geothermal, unspecified","categoryPath":["Technosphere Flows","CUTOFF Flows"],"flowType":"PRODUCT_FLOW","refUnit":"MJ"},"unit":{"@type":"Unit","@id":"86ad2244-1f0e-4912-af53-7865283103e4","name":"kWh"},"flowProperty":{"@type":"FlowProperty","@id":"f6811440-ee37-11de-8a39-0800200c9a66","name":"Energy","categoryPath":["Technical flow properties"]}},{"@type":"Exchange","avoidedProduct":false,"input":true,"amount":0.0139,"description":"Accounts for line losses of 8.36%","internalId":4,"defaultProvider":{"@type":"Process","@id":"dfdb7eba-dfc4-3d24-9683-58b8b0ee1346","name":"Electricity, biomass, at power plant","categoryPath":["22: Utilities","2211: Electric Power Generation, Transmission and Distribution"],"processType":"UNIT_PROCESS","location":"RNA"},"flow":{"@type":"Flow","@id":"64360b9b-adc0-3154-b391-40f2a09891d4","name":"Electricity, biomass, at power plant","categoryPath":["Technosphere Flows","22: Utilities","2211: Electric Power Generation, Transmission and Distribution"],"flowType":"PRODUCT_FLOW","location":"RNA","refUnit":"MJ"},"unit":{"@type":"Unit","@id":"86ad2244-1f0e-4912-af53-7865283103e4","name":"kWh"},"flowProperty":{"@type":"FlowProperty","@id":"f6811440-ee37-11de-8a39-0800200c9a66","name":"Energy","categoryPath":["Technical flow properties"]}},{"@type":"Exchange","avoidedProduct":false,"input":true,"amount":0.0062,"description":"Accounts for line losses of 8.36%","internalId":11,"flow":{"@type":"Flow","@id":"8ca9c802-e837-30d6-a921-3bc7ea7d8448","name":"Electricity, at wind power plant, unspecified","categoryPath":["Technosphere Flows","CUTOFF Flows"],"flowType":"PRODUCT_FLOW","refUnit":"MJ"},"unit":{"@type":"Unit","@id":"86ad2244-1f0e-4912-af53-7865283103e4","name":"kWh"},"flowProperty":{"@type":"FlowProperty","@id":"f6811440-ee37-11de-8a39-0800200c9a66","name":"Energy","categoryPath":["Technical flow properties"]}},{"@type":"Exchange","avoidedProduct":false,"input":true,"amount":0.00102,"description":"Accounts for line losses of 8.36%","internalId":7,"flow":{"@type":"Flow","@id":"3842e9e1-a65a-3cbd-8c52-f8210bb1f3c9","name":"Electricity, photovoltaic, unspecified","categoryPath":["Technosphere Flows","CUTOFF Flows"],"flowType":"PRODUCT_FLOW","refUnit":"MJ"},"unit":{"@type":"Unit","@id":"86ad2244-1f0e-4912-af53-7865283103e4","name":"kWh"},"flowProperty":{"@type":"FlowProperty","@id":"f6811440-ee37-11de-8a39-0800200c9a66","name":"Energy","categoryPath":["Technical flow properties"]}},{"@type":"Exchange","avoidedProduct":false,"input":true,"amount":0.12,"description":"Accounts for line losses of 8.36%","internalId":9,"defaultProvider":{"@type":"Process","@id":"2b091e0d-d0de-31a1-89db-3f51a9c5cf12","name":"Electricity, nuclear, at power plant","categoryPath":["22: Utilities","2211: Electric Power Generation, Transmission and Distribution"],"processType":"UNIT_PROCESS","location":"RNA"},"flow":{"@type":"Flow","@id":"9e321869-bd1f-3c93-8528-8f198de2fa2b","name":"Electricity, nuclear, at power plant","categoryPath":["Technosphere Flows","22: Utilities","2211: Electric Power Generation, Transmission and Distribution"],"flowType":"PRODUCT_FLOW","location":"RNA","refUnit":"MJ"},"unit":{"@type":"Unit","@id":"86ad2244-1f0e-4912-af53-7865283103e4","name":"kWh"},"flowProperty":{"@type":"FlowProperty","@id":"f6811440-ee37-11de-8a39-0800200c9a66","name":"Energy","categoryPath":["Technical flow properties"]}},{"@type":"Exchange","avoidedProduct":false,"input":true,"amount":0.351,"description":"Accounts for line losses of 8.36%","internalId":2,"defaultProvider":{"@type":"Process","@id":"66280f03-b26f-35c4-bda2-3d4a8652943a","name":"Electricity, bituminous coal, at power plant","categoryPath":["22: Utilities","2211: Electric Power Generation, Transmission and Distribution"],"processType":"UNIT_PROCESS","location":"RNA"},"flow":{"@type":"Flow","@id":"737e3efb-29d4-3b9d-8d78-6269508c1f59","name":"Electricity, bituminous coal, at power plant","categoryPath":["Technosphere Flows","22: Utilities","2211: Electric Power Generation, Transmission and Distribution"],"flowType":"PRODUCT_FLOW","location":"RNA","refUnit":"MJ"},"unit":{"@type":"Unit","@id":"86ad2244-1f0e-4912-af53-7865283103e4","name":"kWh"},"flowProperty":{"@type":"FlowProperty","@id":"f6811440-ee37-11de-8a39-0800200c9a66","name":"Energy","categoryPath":["Technical flow properties"]}}]}