{"@context":"http://greendelta.github.io/olca-schema/context.jsonld","@type":"Process","@id":"88aee762-4aa0-301f-b579-cca5d636aa0d","name":"Soybean oil, crude, degummed, at plant","description":"1. The study (Main Data Source) underwent external peer review prior to this submission to the US LCI database.                                                                               2.  CARBON SEQUESTRATION should be accounted for after the product is built in its LCA model, and should be included depending on the use of end of life fate of that product.  For example, a soy-based resin may retain the sequestered carbon indefinitely, while a soy-based biodiesel releases the sequestered carbon at use phase.  \nBiomass carbon contents are as follows: \nCRUDE SOY OIL: 77% C --\u003e 2.823 kg CO2/kg crude soy oil; \nSOY MEAL: 48% C --\u003e 1.76 kg CO2/kg meal; \nREFINED SOY OIL: 80.6% C --\u003e 2.955 kg CO2/kg refined soy oil;\nBIODIESEL: 77% C --\u003e 2.823 kg CO2/kg biodiesel.\n3 ALLOCATION: THE VALUES IN THE \"FLOW INFO\" SHEET ARE NOT ALLOCATED, BUT THE DEFAULT ALLOCATION IS ON A PHYSICAL BASIS.  FOR SENSITIVITY, OR DEPENDING ON YOUR GOAL AND SCOPE, ECONOMIC ALLOCATION MAY ALSO BE USED.  FOR EXAMPLE: DECEMBER 2009 ECONOMIC ALLOCATION VALUES WOULD BE: CRUDE OIL: 38%, MEAL: 62%.  LCA PRACTITIONERS ARE ENCOURAGED TO RESEARCH AND USE THE LATEST ECONOMIC DATA BEFORE APPLYING ECONOMIC ALLOCATION FACTORS.  ","version":"00.00.004","lastChange":"2020-04-17T00:21:12.744-06:00","category":{"@type":"Category","@id":"feddfcce-3647-3d1e-af64-b67417c9cfb4","name":"3112: Grain and Oilseed Milling","categoryPath":["31-33: Manufacturing"],"categoryType":"Process"},"processType":"UNIT_PROCESS","defaultAllocationMethod":"NO_ALLOCATION","infrastructureProcess":false,"location":{"@type":"Location","@id":"b320e7db-c758-3ba6-8839-81eb83c9d7d7","name":"Northern America"},"processDocumentation":{"@type":"ProcessDocumentation","technologyDescription":"Representative of current NA production (which has a mix of newer and older technologies)","restrictionsDescription":"All information can be accessed by everybody.","copyright":false,"validFrom":"2006-12-31-07:00","validUntil":"2006-12-31-07:00","creationDate":"2011-10-26T01:48:49-06:00","geographyDescription":"North America (Data was collected by the National Oilseed Processors Association (NOPA).)  ","dataDocumentor":{"@type":"Actor","@id":"ffc062c6-ded4-32f4-8445-3d4def423704","name":"James Pollack, PE"},"dataGenerator":{"@type":"Actor","@id":"ffc062c6-ded4-32f4-8445-3d4def423704","name":"James Pollack, PE"},"publication":{"@type":"Source","@id":"ede21ecd-8d04-37cd-92b3-7aba71406b07","name":"Omni Tech International "},"sources":[{"@type":"Source","@id":"ede21ecd-8d04-37cd-92b3-7aba71406b07","name":"Omni Tech International "}]},"lastInternalId":0,"exchanges":[{"@type":"Exchange","avoidedProduct":false,"input":false,"amount":4131.0,"internalId":1,"flow":{"@type":"Flow","@id":"263fb8d0-8df5-3cee-834b-b7e2de1dac4a","name":"Soy meal, at plant","categoryPath":["Technosphere Flows","31-33: Manufacturing","3112: Grain and Oilseed Milling"],"flowType":"PRODUCT_FLOW","location":"RNA","refUnit":"kg"},"unit":{"@type":"Unit","@id":"20aadc24-a391-41cf-b340-3e4529f44bde","name":"kg"},"flowProperty":{"@type":"FlowProperty","@id":"93a60a56-a3c8-11da-a746-0800200b9a66","name":"Mass","categoryPath":["Technical flow properties"]},"quantitativeReference":true},{"@type":"Exchange","avoidedProduct":false,"input":true,"amount":0.816761527338208,"internalId":4,"defaultProvider":{"@type":"Process","@id":"53804132-4bd6-3b18-bfbd-14ac762431ef","name":"Diesel, combusted in industrial boiler","categoryPath":["22: Utilities","2213: Water, Sewage and Other Systems"],"processType":"UNIT_PROCESS","location":"RNA"},"flow":{"@type":"Flow","@id":"e04995fa-935b-316c-b112-5b436c8ea3d6","name":"Diesel, combusted in industrial boiler","categoryPath":["Technosphere Flows","22: Utilities","2213: Water, Sewage and Other Systems"],"flowType":"PRODUCT_FLOW","location":"RNA","refUnit":"m3"},"unit":{"@type":"Unit","@id":"b80a512e-e402-4363-8ad0-7d02dcf4a459","name":"l"},"flowProperty":{"@type":"FlowProperty","@id":"93a60a56-a3c8-22da-a746-0800200c9a66","name":"Volume","categoryPath":["Technical flow properties"]}},{"@type":"Exchange","avoidedProduct":false,"input":true,"amount":81.5365603868666,"internalId":7,"defaultProvider":{"@type":"Process","@id":"26465530-69ff-3c68-834f-c67ccb6ee1b2","name":"Bituminous coal, combusted in industrial boiler","categoryPath":["22: Utilities","2213: Water, Sewage and Other Systems"],"processType":"UNIT_PROCESS","location":"RNA"},"flow":{"@type":"Flow","@id":"73cd1596-214d-3403-87f1-f69fc3818886","name":"Bituminous coal, combusted in industrial boiler","categoryPath":["Technosphere Flows","22: Utilities","2213: Water, Sewage and Other Systems"],"flowType":"PRODUCT_FLOW","location":"RNA","refUnit":"kg"},"unit":{"@type":"Unit","@id":"20aadc24-a391-41cf-b340-3e4529f44bde","name":"kg"},"flowProperty":{"@type":"FlowProperty","@id":"93a60a56-a3c8-11da-a746-0800200b9a66","name":"Mass","categoryPath":["Technical flow properties"]}},{"@type":"Exchange","avoidedProduct":false,"input":true,"amount":2547000.0,"description":"NOPA data reflect individual facility metered water use, which includes water used in cooling towers, steam production, and other process-related equipment. ","internalId":13,"flow":{"@type":"Flow","@id":"e2eb491c-78ff-3123-9e42-494c7d199b44","name":"Water","categoryPath":["Elementary Flows","resource","water"],"flowType":"ELEMENTARY_FLOW","refUnit":"kg"},"unit":{"@type":"Unit","@id":"20aadc24-a391-41cf-b340-3e4529f44bde","name":"kg"},"flowProperty":{"@type":"FlowProperty","@id":"93a60a56-a3c8-11da-a746-0800200b9a66","name":"Mass","categoryPath":["Technical flow properties"]}},{"@type":"Exchange","avoidedProduct":false,"input":true,"amount":107.268473777383,"internalId":2,"defaultProvider":{"@type":"Process","@id":"5b81b61c-4d10-3bed-9926-8a5f868f5174","name":"Natural gas, combusted in industrial boiler","categoryPath":["22: Utilities","2213: Water, Sewage and Other Systems"],"processType":"UNIT_PROCESS","location":"RNA"},"flow":{"@type":"Flow","@id":"bb1dc159-fe13-3f8e-8197-361e8c770ba3","name":"Natural gas, combusted in industrial boiler","categoryPath":["Technosphere Flows","22: Utilities","2213: Water, Sewage and Other Systems"],"flowType":"PRODUCT_FLOW","location":"RNA","refUnit":"m3"},"unit":{"@type":"Unit","@id":"1c3a9695-398d-4b1f-b07e-a8715b610f70","name":"m3"},"flowProperty":{"@type":"FlowProperty","@id":"93a60a56-a3c8-22da-a746-0800200c9a66","name":"Volume","categoryPath":["Technical flow properties"]}},{"@type":"Exchange","avoidedProduct":false,"input":true,"amount":5236.0,"description":"represents 1000 bushels of soybeans","internalId":3,"defaultProvider":{"@type":"Process","@id":"956b53b9-dd05-35ae-a072-69f1f6906290","name":"Soybean grains, at field","categoryPath":["11: Agriculture, Forestry, Fishing and Hunting","1111: Oilseed and Grain Farming"],"processType":"UNIT_PROCESS","location":"RNA"},"flow":{"@type":"Flow","@id":"8f745171-c4af-3e23-a468-fbde8d7af364","name":"Soybean grains, at field","categoryPath":["Technosphere Flows","11: Agriculture, Forestry, Fishing and Hunting","1111: Oilseed and Grain Farming"],"flowType":"PRODUCT_FLOW","location":"RNA","refUnit":"kg"},"unit":{"@type":"Unit","@id":"20aadc24-a391-41cf-b340-3e4529f44bde","name":"kg"},"flowProperty":{"@type":"FlowProperty","@id":"93a60a56-a3c8-11da-a746-0800200b9a66","name":"Mass","categoryPath":["Technical flow properties"]}},{"@type":"Exchange","avoidedProduct":false,"input":false,"amount":1000.0,"internalId":11,"flow":{"@type":"Flow","@id":"0a09b436-a529-3355-b5b7-120a90eac178","name":"Soybean oil, crude, degummed, at plant","categoryPath":["Technosphere Flows","31-33: Manufacturing","3112: Grain and Oilseed Milling"],"flowType":"PRODUCT_FLOW","location":"RNA","refUnit":"kg"},"unit":{"@type":"Unit","@id":"20aadc24-a391-41cf-b340-3e4529f44bde","name":"kg"},"flowProperty":{"@type":"FlowProperty","@id":"93a60a56-a3c8-11da-a746-0800200b9a66","name":"Mass","categoryPath":["Technical flow properties"]}},{"@type":"Exchange","avoidedProduct":false,"input":false,"amount":0.14,"internalId":10,"flow":{"@type":"Flow","@id":"39587969-515b-3599-a403-78c461a936eb","name":"Oils, unspecified","categoryPath":["Elementary Flows","emission","water"],"flowType":"ELEMENTARY_FLOW","refUnit":"kg"},"unit":{"@type":"Unit","@id":"20aadc24-a391-41cf-b340-3e4529f44bde","name":"kg"},"flowProperty":{"@type":"FlowProperty","@id":"93a60a56-a3c8-11da-a746-0800200b9a66","name":"Mass","categoryPath":["Technical flow properties"]}},{"@type":"Exchange","avoidedProduct":false,"input":true,"amount":8.7,"internalId":5,"flow":{"@type":"Flow","@id":"f8973d41-1ca2-3034-94da-5bfa0f7a0202","name":"Disposal, solid waste, unspecified, to unspecified landfill","categoryPath":["Technosphere Flows","CUTOFF Flows"],"flowType":"PRODUCT_FLOW","refUnit":"kg"},"unit":{"@type":"Unit","@id":"20aadc24-a391-41cf-b340-3e4529f44bde","name":"kg"},"flowProperty":{"@type":"FlowProperty","@id":"93a60a56-a3c8-11da-a746-0800200b9a66","name":"Mass","categoryPath":["Technical flow properties"]}},{"@type":"Exchange","avoidedProduct":false,"input":true,"amount":63.1398739495798,"internalId":15,"flow":{"@type":"Flow","@id":"b80efd1d-92b2-377d-9795-3796c6553784","name":"Heat, from biomass ","categoryPath":["Technosphere Flows","CUTOFF Flows"],"flowType":"PRODUCT_FLOW","refUnit":"MJ"},"unit":{"@type":"Unit","@id":"52765a6c-3896-43c2-b2f4-c679acf13efe","name":"MJ"},"flowProperty":{"@type":"FlowProperty","@id":"f6811440-ee37-11de-8a39-0800200c9a66","name":"Energy","categoryPath":["Technical flow properties"]}},{"@type":"Exchange","avoidedProduct":false,"input":false,"amount":2.96,"internalId":8,"flow":{"@type":"Flow","@id":"7955b6e2-3ae6-315c-94f1-028d7faada34","name":"Hexane","categoryPath":["Elementary Flows","emission","air"],"flowType":"ELEMENTARY_FLOW","refUnit":"kg"},"unit":{"@type":"Unit","@id":"20aadc24-a391-41cf-b340-3e4529f44bde","name":"kg"},"flowProperty":{"@type":"FlowProperty","@id":"93a60a56-a3c8-11da-a746-0800200b9a66","name":"Mass","categoryPath":["Technical flow properties"]}},{"@type":"Exchange","avoidedProduct":false,"input":true,"amount":2.96,"description":"NOPA\u0027s hexane input and air emissions numbers are based on EPA\u0027s Vegetable Oil MACT limit of 0.2 gallon of hexane lost/ton of soybeans processed with an assumed specific gravity of hexane of 5.65 pounds/gallon.  The MACT limit is a \"total loss\" limit that reflects total hexane disappearance, the vast majority of which is via air emissions.","internalId":16,"flow":{"@type":"Flow","@id":"27eb16da-5cbe-393a-a616-1022c15a8d72","name":"Hexane, at plant","categoryPath":["Technosphere Flows","CUTOFF Flows"],"flowType":"PRODUCT_FLOW","refUnit":"kg"},"unit":{"@type":"Unit","@id":"20aadc24-a391-41cf-b340-3e4529f44bde","name":"kg"},"flowProperty":{"@type":"FlowProperty","@id":"93a60a56-a3c8-11da-a746-0800200b9a66","name":"Mass","categoryPath":["Technical flow properties"]}},{"@type":"Exchange","avoidedProduct":false,"input":true,"amount":1685.0,"internalId":6,"defaultProvider":{"@type":"Process","@id":"34156f3c-28ef-33db-9ad0-6293a2aa0d52","name":"Transport, combination truck, diesel powered","categoryPath":["48-49: Transportation and Warehousing","4841: General Freight Trucking"],"processType":"UNIT_PROCESS","location":"RNA"},"flow":{"@type":"Flow","@id":"628c07ec-0802-39c1-ab88-1c62848ef436","name":"Transport, combination truck, diesel powered","categoryPath":["Technosphere Flows","48-49: Transportation and Warehousing","4841: General Freight Trucking"],"flowType":"PRODUCT_FLOW","location":"RNA","refUnit":"t*km"},"unit":{"@type":"Unit","@id":"0dea4ed8-bb6b-4049-b2b4-b2c413ef2180","name":"t*km"},"flowProperty":{"@type":"FlowProperty","@id":"838aaa20-0117-11db-92e3-0800200c9a66","name":"Goods transport (mass*distance)","categoryPath":["Technical flow properties"]}},{"@type":"Exchange","avoidedProduct":false,"input":true,"amount":289.0,"internalId":14,"defaultProvider":{"@type":"Process","@id":"89389d98-1ba6-30c5-9c33-92443694936b","name":"Electricity, at Grid, US, 2010","categoryPath":["22: Utilities","2211: Electric Power Generation, Transmission and Distribution"],"processType":"UNIT_PROCESS","location":"RNA"},"flow":{"@type":"Flow","@id":"06581fb2-1de0-3e78-8298-f37605dea142","name":"Electricity, at grid","categoryPath":["Technosphere Flows","22: Utilities","2211: Electric Power Generation, Transmission and Distribution"],"flowType":"PRODUCT_FLOW","location":"RNA","refUnit":"MJ"},"unit":{"@type":"Unit","@id":"86ad2244-1f0e-4912-af53-7865283103e4","name":"kWh"},"flowProperty":{"@type":"FlowProperty","@id":"f6811440-ee37-11de-8a39-0800200c9a66","name":"Energy","categoryPath":["Technical flow properties"]}},{"@type":"Exchange","avoidedProduct":false,"input":true,"amount":31.5699369747899,"internalId":9,"flow":{"@type":"Flow","@id":"7e842806-8f5e-3986-9a3b-a6398fae9cbf","name":"Heat, from landfill gas","categoryPath":["Technosphere Flows","CUTOFF Flows"],"flowType":"PRODUCT_FLOW","refUnit":"MJ"},"unit":{"@type":"Unit","@id":"52765a6c-3896-43c2-b2f4-c679acf13efe","name":"MJ"},"flowProperty":{"@type":"FlowProperty","@id":"f6811440-ee37-11de-8a39-0800200c9a66","name":"Energy","categoryPath":["Technical flow properties"]}},{"@type":"Exchange","avoidedProduct":false,"input":true,"amount":1.51351756110931,"internalId":12,"defaultProvider":{"@type":"Process","@id":"9d9b6815-9349-30af-869b-57362428c42e","name":"Residual fuel oil, combusted in industrial boiler","categoryPath":["22: Utilities","2213: Water, Sewage and Other Systems"],"processType":"UNIT_PROCESS","location":"RNA"},"flow":{"@type":"Flow","@id":"654a5cf6-185f-3d91-89ef-42442d1825e8","name":"Residual fuel oil, combusted in industrial boiler","categoryPath":["Technosphere Flows","22: Utilities","2213: Water, Sewage and Other Systems"],"flowType":"PRODUCT_FLOW","location":"RNA","refUnit":"m3"},"unit":{"@type":"Unit","@id":"b80a512e-e402-4363-8ad0-7d02dcf4a459","name":"l"},"flowProperty":{"@type":"FlowProperty","@id":"93a60a56-a3c8-22da-a746-0800200c9a66","name":"Volume","categoryPath":["Technical flow properties"]}}],"allocationFactors":[{"@type":"AllocationFactor","allocationType":"CAUSAL_ALLOCATION","exchange":{"@type":"Exchange","internalId":2,"flow":{"@type":"Flow","@id":"bb1dc159-fe13-3f8e-8197-361e8c770ba3","name":"Natural gas, combusted in industrial boiler","categoryPath":["Technosphere Flows","22: Utilities","2213: Water, Sewage and Other Systems"],"flowType":"PRODUCT_FLOW","location":"RNA","refUnit":"m3"}},"product":{"@type":"Flow","@id":"263fb8d0-8df5-3cee-834b-b7e2de1dac4a","name":"Soy meal, at plant","categoryPath":["Technosphere Flows","31-33: Manufacturing","3112: Grain and Oilseed Milling"],"flowType":"PRODUCT_FLOW","location":"RNA","refUnit":"kg"},"value":1.0},{"@type":"AllocationFactor","allocationType":"CAUSAL_ALLOCATION","exchange":{"@type":"Exchange","internalId":8,"flow":{"@type":"Flow","@id":"7955b6e2-3ae6-315c-94f1-028d7faada34","name":"Hexane","categoryPath":["Elementary Flows","emission","air"],"flowType":"ELEMENTARY_FLOW","refUnit":"kg"}},"product":{"@type":"Flow","@id":"0a09b436-a529-3355-b5b7-120a90eac178","name":"Soybean oil, crude, degummed, at plant","categoryPath":["Technosphere Flows","31-33: Manufacturing","3112: Grain and Oilseed Milling"],"flowType":"PRODUCT_FLOW","location":"RNA","refUnit":"kg"},"value":0.0},{"@type":"AllocationFactor","allocationType":"CAUSAL_ALLOCATION","exchange":{"@type":"Exchange","internalId":10,"flow":{"@type":"Flow","@id":"39587969-515b-3599-a403-78c461a936eb","name":"Oils, unspecified","categoryPath":["Elementary Flows","emission","water"],"flowType":"ELEMENTARY_FLOW","refUnit":"kg"}},"product":{"@type":"Flow","@id":"0a09b436-a529-3355-b5b7-120a90eac178","name":"Soybean oil, crude, degummed, at plant","categoryPath":["Technosphere Flows","31-33: Manufacturing","3112: Grain and Oilseed Milling"],"flowType":"PRODUCT_FLOW","location":"RNA","refUnit":"kg"},"value":0.0},{"@type":"AllocationFactor","allocationType":"CAUSAL_ALLOCATION","exchange":{"@type":"Exchange","internalId":2,"flow":{"@type":"Flow","@id":"bb1dc159-fe13-3f8e-8197-361e8c770ba3","name":"Natural gas, combusted in industrial boiler","categoryPath":["Technosphere Flows","22: Utilities","2213: Water, Sewage and Other Systems"],"flowType":"PRODUCT_FLOW","location":"RNA","refUnit":"m3"}},"product":{"@type":"Flow","@id":"0a09b436-a529-3355-b5b7-120a90eac178","name":"Soybean oil, crude, degummed, at plant","categoryPath":["Technosphere Flows","31-33: Manufacturing","3112: Grain and Oilseed Milling"],"flowType":"PRODUCT_FLOW","location":"RNA","refUnit":"kg"},"value":0.0},{"@type":"AllocationFactor","allocationType":"CAUSAL_ALLOCATION","exchange":{"@type":"Exchange","internalId":5,"flow":{"@type":"Flow","@id":"f8973d41-1ca2-3034-94da-5bfa0f7a0202","name":"Disposal, solid waste, unspecified, to unspecified landfill","categoryPath":["Technosphere Flows","CUTOFF Flows"],"flowType":"PRODUCT_FLOW","refUnit":"kg"}},"product":{"@type":"Flow","@id":"263fb8d0-8df5-3cee-834b-b7e2de1dac4a","name":"Soy meal, at plant","categoryPath":["Technosphere Flows","31-33: Manufacturing","3112: Grain and Oilseed Milling"],"flowType":"PRODUCT_FLOW","location":"RNA","refUnit":"kg"},"value":1.0},{"@type":"AllocationFactor","allocationType":"ECONOMIC_ALLOCATION","product":{"@type":"Flow","@id":"0a09b436-a529-3355-b5b7-120a90eac178","name":"Soybean oil, crude, degummed, at plant","categoryPath":["Technosphere Flows","31-33: Manufacturing","3112: Grain and Oilseed Milling"],"flowType":"PRODUCT_FLOW","location":"RNA","refUnit":"kg"},"value":0.0},{"@type":"AllocationFactor","allocationType":"CAUSAL_ALLOCATION","exchange":{"@type":"Exchange","internalId":14,"flow":{"@type":"Flow","@id":"06581fb2-1de0-3e78-8298-f37605dea142","name":"Electricity, at grid","categoryPath":["Technosphere Flows","22: Utilities","2211: Electric Power Generation, Transmission and Distribution"],"flowType":"PRODUCT_FLOW","location":"RNA","refUnit":"MJ"}},"product":{"@type":"Flow","@id":"263fb8d0-8df5-3cee-834b-b7e2de1dac4a","name":"Soy meal, at plant","categoryPath":["Technosphere Flows","31-33: Manufacturing","3112: Grain and Oilseed Milling"],"flowType":"PRODUCT_FLOW","location":"RNA","refUnit":"kg"},"value":1.0},{"@type":"AllocationFactor","allocationType":"CAUSAL_ALLOCATION","exchange":{"@type":"Exchange","internalId":5,"flow":{"@type":"Flow","@id":"f8973d41-1ca2-3034-94da-5bfa0f7a0202","name":"Disposal, solid waste, unspecified, to unspecified landfill","categoryPath":["Technosphere Flows","CUTOFF Flows"],"flowType":"PRODUCT_FLOW","refUnit":"kg"}},"product":{"@type":"Flow","@id":"0a09b436-a529-3355-b5b7-120a90eac178","name":"Soybean oil, crude, degummed, at plant","categoryPath":["Technosphere Flows","31-33: Manufacturing","3112: Grain and Oilseed Milling"],"flowType":"PRODUCT_FLOW","location":"RNA","refUnit":"kg"},"value":0.0},{"@type":"AllocationFactor","allocationType":"CAUSAL_ALLOCATION","exchange":{"@type":"Exchange","internalId":12,"flow":{"@type":"Flow","@id":"654a5cf6-185f-3d91-89ef-42442d1825e8","name":"Residual fuel oil, combusted in industrial boiler","categoryPath":["Technosphere Flows","22: Utilities","2213: Water, Sewage and Other Systems"],"flowType":"PRODUCT_FLOW","location":"RNA","refUnit":"m3"}},"product":{"@type":"Flow","@id":"0a09b436-a529-3355-b5b7-120a90eac178","name":"Soybean oil, crude, degummed, at plant","categoryPath":["Technosphere Flows","31-33: Manufacturing","3112: Grain and Oilseed Milling"],"flowType":"PRODUCT_FLOW","location":"RNA","refUnit":"kg"},"value":0.0},{"@type":"AllocationFactor","allocationType":"CAUSAL_ALLOCATION","exchange":{"@type":"Exchange","internalId":7,"flow":{"@type":"Flow","@id":"73cd1596-214d-3403-87f1-f69fc3818886","name":"Bituminous coal, combusted in industrial boiler","categoryPath":["Technosphere Flows","22: Utilities","2213: Water, Sewage and Other Systems"],"flowType":"PRODUCT_FLOW","location":"RNA","refUnit":"kg"}},"product":{"@type":"Flow","@id":"263fb8d0-8df5-3cee-834b-b7e2de1dac4a","name":"Soy meal, at plant","categoryPath":["Technosphere Flows","31-33: Manufacturing","3112: Grain and Oilseed Milling"],"flowType":"PRODUCT_FLOW","location":"RNA","refUnit":"kg"},"value":1.0},{"@type":"AllocationFactor","allocationType":"CAUSAL_ALLOCATION","exchange":{"@type":"Exchange","internalId":9,"flow":{"@type":"Flow","@id":"7e842806-8f5e-3986-9a3b-a6398fae9cbf","name":"Heat, from landfill gas","categoryPath":["Technosphere Flows","CUTOFF Flows"],"flowType":"PRODUCT_FLOW","refUnit":"MJ"}},"product":{"@type":"Flow","@id":"263fb8d0-8df5-3cee-834b-b7e2de1dac4a","name":"Soy meal, at plant","categoryPath":["Technosphere Flows","31-33: Manufacturing","3112: Grain and Oilseed Milling"],"flowType":"PRODUCT_FLOW","location":"RNA","refUnit":"kg"},"value":1.0},{"@type":"AllocationFactor","allocationType":"CAUSAL_ALLOCATION","exchange":{"@type":"Exchange","internalId":4,"flow":{"@type":"Flow","@id":"e04995fa-935b-316c-b112-5b436c8ea3d6","name":"Diesel, combusted in industrial boiler","categoryPath":["Technosphere Flows","22: Utilities","2213: Water, Sewage and Other Systems"],"flowType":"PRODUCT_FLOW","location":"RNA","refUnit":"m3"}},"product":{"@type":"Flow","@id":"263fb8d0-8df5-3cee-834b-b7e2de1dac4a","name":"Soy meal, at plant","categoryPath":["Technosphere Flows","31-33: Manufacturing","3112: Grain and Oilseed Milling"],"flowType":"PRODUCT_FLOW","location":"RNA","refUnit":"kg"},"value":1.0},{"@type":"AllocationFactor","allocationType":"PHYSICAL_ALLOCATION","product":{"@type":"Flow","@id":"0a09b436-a529-3355-b5b7-120a90eac178","name":"Soybean oil, crude, degummed, at plant","categoryPath":["Technosphere Flows","31-33: Manufacturing","3112: Grain and Oilseed Milling"],"flowType":"PRODUCT_FLOW","location":"RNA","refUnit":"kg"},"value":0.0},{"@type":"AllocationFactor","allocationType":"CAUSAL_ALLOCATION","exchange":{"@type":"Exchange","internalId":6,"flow":{"@type":"Flow","@id":"628c07ec-0802-39c1-ab88-1c62848ef436","name":"Transport, combination truck, diesel powered","categoryPath":["Technosphere Flows","48-49: Transportation and Warehousing","4841: General Freight Trucking"],"flowType":"PRODUCT_FLOW","location":"RNA","refUnit":"t*km"}},"product":{"@type":"Flow","@id":"263fb8d0-8df5-3cee-834b-b7e2de1dac4a","name":"Soy meal, at plant","categoryPath":["Technosphere Flows","31-33: Manufacturing","3112: Grain and Oilseed Milling"],"flowType":"PRODUCT_FLOW","location":"RNA","refUnit":"kg"},"value":1.0},{"@type":"AllocationFactor","allocationType":"CAUSAL_ALLOCATION","exchange":{"@type":"Exchange","internalId":14,"flow":{"@type":"Flow","@id":"06581fb2-1de0-3e78-8298-f37605dea142","name":"Electricity, at grid","categoryPath":["Technosphere Flows","22: Utilities","2211: Electric Power Generation, Transmission and Distribution"],"flowType":"PRODUCT_FLOW","location":"RNA","refUnit":"MJ"}},"product":{"@type":"Flow","@id":"0a09b436-a529-3355-b5b7-120a90eac178","name":"Soybean oil, crude, degummed, at plant","categoryPath":["Technosphere Flows","31-33: Manufacturing","3112: Grain and Oilseed Milling"],"flowType":"PRODUCT_FLOW","location":"RNA","refUnit":"kg"},"value":0.0},{"@type":"AllocationFactor","allocationType":"CAUSAL_ALLOCATION","exchange":{"@type":"Exchange","internalId":7,"flow":{"@type":"Flow","@id":"73cd1596-214d-3403-87f1-f69fc3818886","name":"Bituminous coal, combusted in industrial boiler","categoryPath":["Technosphere Flows","22: Utilities","2213: Water, Sewage and Other Systems"],"flowType":"PRODUCT_FLOW","location":"RNA","refUnit":"kg"}},"product":{"@type":"Flow","@id":"0a09b436-a529-3355-b5b7-120a90eac178","name":"Soybean oil, crude, degummed, at plant","categoryPath":["Technosphere Flows","31-33: Manufacturing","3112: Grain and Oilseed Milling"],"flowType":"PRODUCT_FLOW","location":"RNA","refUnit":"kg"},"value":0.0},{"@type":"AllocationFactor","allocationType":"CAUSAL_ALLOCATION","exchange":{"@type":"Exchange","internalId":3,"flow":{"@type":"Flow","@id":"8f745171-c4af-3e23-a468-fbde8d7af364","name":"Soybean grains, at field","categoryPath":["Technosphere Flows","11: Agriculture, Forestry, Fishing and Hunting","1111: Oilseed and Grain Farming"],"flowType":"PRODUCT_FLOW","location":"RNA","refUnit":"kg"}},"product":{"@type":"Flow","@id":"0a09b436-a529-3355-b5b7-120a90eac178","name":"Soybean oil, crude, degummed, at plant","categoryPath":["Technosphere Flows","31-33: Manufacturing","3112: Grain and Oilseed Milling"],"flowType":"PRODUCT_FLOW","location":"RNA","refUnit":"kg"},"value":0.0},{"@type":"AllocationFactor","allocationType":"CAUSAL_ALLOCATION","exchange":{"@type":"Exchange","internalId":16,"flow":{"@type":"Flow","@id":"27eb16da-5cbe-393a-a616-1022c15a8d72","name":"Hexane, at plant","categoryPath":["Technosphere Flows","CUTOFF Flows"],"flowType":"PRODUCT_FLOW","refUnit":"kg"}},"product":{"@type":"Flow","@id":"0a09b436-a529-3355-b5b7-120a90eac178","name":"Soybean oil, crude, degummed, at plant","categoryPath":["Technosphere Flows","31-33: Manufacturing","3112: Grain and Oilseed Milling"],"flowType":"PRODUCT_FLOW","location":"RNA","refUnit":"kg"},"value":0.0},{"@type":"AllocationFactor","allocationType":"CAUSAL_ALLOCATION","exchange":{"@type":"Exchange","internalId":15,"flow":{"@type":"Flow","@id":"b80efd1d-92b2-377d-9795-3796c6553784","name":"Heat, from biomass ","categoryPath":["Technosphere Flows","CUTOFF Flows"],"flowType":"PRODUCT_FLOW","refUnit":"MJ"}},"product":{"@type":"Flow","@id":"0a09b436-a529-3355-b5b7-120a90eac178","name":"Soybean oil, crude, degummed, at plant","categoryPath":["Technosphere Flows","31-33: Manufacturing","3112: Grain and Oilseed Milling"],"flowType":"PRODUCT_FLOW","location":"RNA","refUnit":"kg"},"value":0.0},{"@type":"AllocationFactor","allocationType":"CAUSAL_ALLOCATION","exchange":{"@type":"Exchange","internalId":13,"flow":{"@type":"Flow","@id":"e2eb491c-78ff-3123-9e42-494c7d199b44","name":"Water","categoryPath":["Elementary Flows","resource","water"],"flowType":"ELEMENTARY_FLOW","refUnit":"kg"}},"product":{"@type":"Flow","@id":"0a09b436-a529-3355-b5b7-120a90eac178","name":"Soybean oil, crude, degummed, at plant","categoryPath":["Technosphere Flows","31-33: Manufacturing","3112: Grain and Oilseed Milling"],"flowType":"PRODUCT_FLOW","location":"RNA","refUnit":"kg"},"value":0.0},{"@type":"AllocationFactor","allocationType":"CAUSAL_ALLOCATION","exchange":{"@type":"Exchange","internalId":12,"flow":{"@type":"Flow","@id":"654a5cf6-185f-3d91-89ef-42442d1825e8","name":"Residual fuel oil, combusted in industrial boiler","categoryPath":["Technosphere Flows","22: Utilities","2213: Water, Sewage and Other Systems"],"flowType":"PRODUCT_FLOW","location":"RNA","refUnit":"m3"}},"product":{"@type":"Flow","@id":"263fb8d0-8df5-3cee-834b-b7e2de1dac4a","name":"Soy meal, at plant","categoryPath":["Technosphere Flows","31-33: Manufacturing","3112: Grain and Oilseed Milling"],"flowType":"PRODUCT_FLOW","location":"RNA","refUnit":"kg"},"value":1.0},{"@type":"AllocationFactor","allocationType":"CAUSAL_ALLOCATION","exchange":{"@type":"Exchange","internalId":10,"flow":{"@type":"Flow","@id":"39587969-515b-3599-a403-78c461a936eb","name":"Oils, unspecified","categoryPath":["Elementary Flows","emission","water"],"flowType":"ELEMENTARY_FLOW","refUnit":"kg"}},"product":{"@type":"Flow","@id":"263fb8d0-8df5-3cee-834b-b7e2de1dac4a","name":"Soy meal, at plant","categoryPath":["Technosphere Flows","31-33: Manufacturing","3112: Grain and Oilseed Milling"],"flowType":"PRODUCT_FLOW","location":"RNA","refUnit":"kg"},"value":1.0},{"@type":"AllocationFactor","allocationType":"CAUSAL_ALLOCATION","exchange":{"@type":"Exchange","internalId":16,"flow":{"@type":"Flow","@id":"27eb16da-5cbe-393a-a616-1022c15a8d72","name":"Hexane, at plant","categoryPath":["Technosphere Flows","CUTOFF Flows"],"flowType":"PRODUCT_FLOW","refUnit":"kg"}},"product":{"@type":"Flow","@id":"263fb8d0-8df5-3cee-834b-b7e2de1dac4a","name":"Soy meal, at plant","categoryPath":["Technosphere Flows","31-33: Manufacturing","3112: Grain and Oilseed Milling"],"flowType":"PRODUCT_FLOW","location":"RNA","refUnit":"kg"},"value":1.0},{"@type":"AllocationFactor","allocationType":"CAUSAL_ALLOCATION","exchange":{"@type":"Exchange","internalId":4,"flow":{"@type":"Flow","@id":"e04995fa-935b-316c-b112-5b436c8ea3d6","name":"Diesel, combusted in industrial boiler","categoryPath":["Technosphere Flows","22: Utilities","2213: Water, Sewage and Other Systems"],"flowType":"PRODUCT_FLOW","location":"RNA","refUnit":"m3"}},"product":{"@type":"Flow","@id":"0a09b436-a529-3355-b5b7-120a90eac178","name":"Soybean oil, crude, degummed, at plant","categoryPath":["Technosphere Flows","31-33: Manufacturing","3112: Grain and Oilseed Milling"],"flowType":"PRODUCT_FLOW","location":"RNA","refUnit":"kg"},"value":0.0},{"@type":"AllocationFactor","allocationType":"CAUSAL_ALLOCATION","exchange":{"@type":"Exchange","internalId":3,"flow":{"@type":"Flow","@id":"8f745171-c4af-3e23-a468-fbde8d7af364","name":"Soybean grains, at field","categoryPath":["Technosphere Flows","11: Agriculture, Forestry, Fishing and Hunting","1111: Oilseed and Grain Farming"],"flowType":"PRODUCT_FLOW","location":"RNA","refUnit":"kg"}},"product":{"@type":"Flow","@id":"263fb8d0-8df5-3cee-834b-b7e2de1dac4a","name":"Soy meal, at plant","categoryPath":["Technosphere Flows","31-33: Manufacturing","3112: Grain and Oilseed Milling"],"flowType":"PRODUCT_FLOW","location":"RNA","refUnit":"kg"},"value":1.0},{"@type":"AllocationFactor","allocationType":"ECONOMIC_ALLOCATION","product":{"@type":"Flow","@id":"263fb8d0-8df5-3cee-834b-b7e2de1dac4a","name":"Soy meal, at plant","categoryPath":["Technosphere Flows","31-33: Manufacturing","3112: Grain and Oilseed Milling"],"flowType":"PRODUCT_FLOW","location":"RNA","refUnit":"kg"},"value":1.0},{"@type":"AllocationFactor","allocationType":"CAUSAL_ALLOCATION","exchange":{"@type":"Exchange","internalId":9,"flow":{"@type":"Flow","@id":"7e842806-8f5e-3986-9a3b-a6398fae9cbf","name":"Heat, from landfill gas","categoryPath":["Technosphere Flows","CUTOFF Flows"],"flowType":"PRODUCT_FLOW","refUnit":"MJ"}},"product":{"@type":"Flow","@id":"0a09b436-a529-3355-b5b7-120a90eac178","name":"Soybean oil, crude, degummed, at plant","categoryPath":["Technosphere Flows","31-33: Manufacturing","3112: Grain and Oilseed Milling"],"flowType":"PRODUCT_FLOW","location":"RNA","refUnit":"kg"},"value":0.0},{"@type":"AllocationFactor","allocationType":"CAUSAL_ALLOCATION","exchange":{"@type":"Exchange","internalId":15,"flow":{"@type":"Flow","@id":"b80efd1d-92b2-377d-9795-3796c6553784","name":"Heat, from biomass ","categoryPath":["Technosphere Flows","CUTOFF Flows"],"flowType":"PRODUCT_FLOW","refUnit":"MJ"}},"product":{"@type":"Flow","@id":"263fb8d0-8df5-3cee-834b-b7e2de1dac4a","name":"Soy meal, at plant","categoryPath":["Technosphere Flows","31-33: Manufacturing","3112: Grain and Oilseed Milling"],"flowType":"PRODUCT_FLOW","location":"RNA","refUnit":"kg"},"value":1.0},{"@type":"AllocationFactor","allocationType":"PHYSICAL_ALLOCATION","product":{"@type":"Flow","@id":"263fb8d0-8df5-3cee-834b-b7e2de1dac4a","name":"Soy meal, at plant","categoryPath":["Technosphere Flows","31-33: Manufacturing","3112: Grain and Oilseed Milling"],"flowType":"PRODUCT_FLOW","location":"RNA","refUnit":"kg"},"value":1.0},{"@type":"AllocationFactor","allocationType":"CAUSAL_ALLOCATION","exchange":{"@type":"Exchange","internalId":8,"flow":{"@type":"Flow","@id":"7955b6e2-3ae6-315c-94f1-028d7faada34","name":"Hexane","categoryPath":["Elementary Flows","emission","air"],"flowType":"ELEMENTARY_FLOW","refUnit":"kg"}},"product":{"@type":"Flow","@id":"263fb8d0-8df5-3cee-834b-b7e2de1dac4a","name":"Soy meal, at plant","categoryPath":["Technosphere Flows","31-33: Manufacturing","3112: Grain and Oilseed Milling"],"flowType":"PRODUCT_FLOW","location":"RNA","refUnit":"kg"},"value":1.0},{"@type":"AllocationFactor","allocationType":"CAUSAL_ALLOCATION","exchange":{"@type":"Exchange","internalId":6,"flow":{"@type":"Flow","@id":"628c07ec-0802-39c1-ab88-1c62848ef436","name":"Transport, combination truck, diesel powered","categoryPath":["Technosphere Flows","48-49: Transportation and Warehousing","4841: General Freight Trucking"],"flowType":"PRODUCT_FLOW","location":"RNA","refUnit":"t*km"}},"product":{"@type":"Flow","@id":"0a09b436-a529-3355-b5b7-120a90eac178","name":"Soybean oil, crude, degummed, at plant","categoryPath":["Technosphere Flows","31-33: Manufacturing","3112: Grain and Oilseed Milling"],"flowType":"PRODUCT_FLOW","location":"RNA","refUnit":"kg"},"value":0.0},{"@type":"AllocationFactor","allocationType":"CAUSAL_ALLOCATION","exchange":{"@type":"Exchange","internalId":13,"flow":{"@type":"Flow","@id":"e2eb491c-78ff-3123-9e42-494c7d199b44","name":"Water","categoryPath":["Elementary Flows","resource","water"],"flowType":"ELEMENTARY_FLOW","refUnit":"kg"}},"product":{"@type":"Flow","@id":"263fb8d0-8df5-3cee-834b-b7e2de1dac4a","name":"Soy meal, at plant","categoryPath":["Technosphere Flows","31-33: Manufacturing","3112: Grain and Oilseed Milling"],"flowType":"PRODUCT_FLOW","location":"RNA","refUnit":"kg"},"value":1.0}]}