{"@context":"http://greendelta.github.io/olca-schema/context.jsonld","@type":"Process","@id":"8fd8357b-5ce1-3ef9-9b14-8d38a8495c79","name":"Sawn lumber, hardwood, rough, kiln dried, at kiln, NE-NC","description":"Important note: although most of the data in the US LCI database has \nundergone some sort of review, the database as a whole has not yet \nundergone a formal validation process.\nPlease email comments to lci@nrel.gov.","version":"00.00.014","lastChange":"2020-04-17T00:05:43.618-06:00","category":{"@type":"Category","@id":"7cb71c0c-7606-33cf-9070-f3c4fcd67491","name":"3211: Sawmills and Wood Preservation","categoryPath":["31-33: Manufacturing"],"categoryType":"Process"},"processType":"UNIT_PROCESS","defaultAllocationMethod":"NO_ALLOCATION","infrastructureProcess":false,"location":{"@type":"Location","@id":"0b3b97fa-6688-3c56-88ee-4ae80ec0c3c2","name":"United States"},"processDocumentation":{"@type":"ProcessDocumentation","technologyDescription":"Average technology.","samplingDescription":"Questionnaires from 20 mills (17 companies) from the 20 states of Forest Service (FS) Northeastern (NE) Region. Hardwood sawmills were members of the Hardwood Manufacturer Association (HMA).","restrictionsDescription":"All information can be accessed by everybody.","copyright":false,"validFrom":"2004-12-31-07:00","validUntil":"2005-12-31-07:00","creationDate":"2015-09-17T08:50:27.208-06:00","geographyDescription":"NE/NC \u003d Northeast (NE) and Northcentral (NC) United States.  The 20 states are Connecticut, Delaware, Illinois, Indiana, Iowa, Maine, Maryland, Massachusetts, Michigan, Minnesota, Missouri, New Hampshire, New Jersey, New York, Ohio, Pennsylvania, Rhode Island, Vermont, West Virginia, Wisconsin.","dataDocumentor":{"@type":"Actor","@id":"ae081e38-d629-3c22-86de-dbc3bb038016","name":"Maureen Puetmann"},"dataGenerator":{"@type":"Actor","@id":"ae081e38-d629-3c22-86de-dbc3bb038016","name":"Maureen Puetmann"},"publication":{"@type":"Source","@id":"e02a1888-18d7-3087-a366-45ccd881871a","name":"Richard D. Bergman "},"sources":[{"@type":"Source","@id":"fde9ca09-7e3a-3844-bdee-0e856c5b85f4","name":"NHLA "},{"@type":"Source","@id":"818ec336-712a-39d0-9c97-fa011191da2d","name":"Forest Products Laboratory "},{"@type":"Source","@id":"e02a1888-18d7-3087-a366-45ccd881871a","name":"Richard D. Bergman "},{"@type":"Source","@id":"871e7711-998e-3523-a152-58f6e8e1009c","name":"Forest Products Laboratory "},{"@type":"Source","@id":"96e5b9ad-a433-39b7-a304-2c17ac1e49f5","name":"unspecified "},{"@type":"Source","@id":"ffc12048-1448-370e-b679-9677d05c9e4a","name":"unspecified "},{"@type":"Source","@id":"bc230add-ed20-38a9-ba57-f2b58c312b4e","name":"Maureen Puettmann "}]},"lastInternalId":0,"exchanges":[{"@type":"Exchange","avoidedProduct":false,"input":false,"amount":1.0,"description":"Moisture content (ovendry basis) \u003d9.6%","internalId":1,"flow":{"@type":"Flow","@id":"f6d2d323-e3d6-3eda-a615-25122849659c","name":"Sawn lumber; hardwood; rough; kiln dried; at kiln","categoryPath":["Technosphere Flows","31-33: Manufacturing","3211: Sawmills and Wood Preservation"],"flowType":"PRODUCT_FLOW","location":"US","refUnit":"m3"},"unit":{"@type":"Unit","@id":"1c3a9695-398d-4b1f-b07e-a8715b610f70","name":"m3"},"flowProperty":{"@type":"FlowProperty","@id":"93a60a56-a3c8-22da-a746-0800200c9a66","name":"Volume","categoryPath":["Technical flow properties"]},"quantitativeReference":true},{"@type":"Exchange","avoidedProduct":false,"input":true,"amount":32.1,"description":"Represents 25% of total mill consumption of grid electricity. ","internalId":3,"defaultProvider":{"@type":"Process","@id":"e5856077-a966-4692-9d10-e747237d4fa6","name":"Electricity, Eastern US, 2014","categoryPath":["22: Utilities","2211: Electric Power Generation, Transmission and Distribution"],"processType":"UNIT_PROCESS","location":"US"},"flow":{"@type":"Flow","@id":"06581fb2-1de0-3e78-8298-f37605dea142","name":"Electricity, at grid","categoryPath":["Technosphere Flows","22: Utilities","2211: Electric Power Generation, Transmission and Distribution"],"flowType":"PRODUCT_FLOW","location":"RNA","refUnit":"MJ"},"unit":{"@type":"Unit","@id":"86ad2244-1f0e-4912-af53-7865283103e4","name":"kWh"},"flowProperty":{"@type":"FlowProperty","@id":"f6811440-ee37-11de-8a39-0800200c9a66","name":"Energy","categoryPath":["Technical flow properties"]}},{"@type":"Exchange","avoidedProduct":false,"input":true,"amount":3920.0,"description":"Includes energy used for plant heating, walnut steaming and cogeneration.","internalId":6,"defaultProvider":{"@type":"Process","@id":"6b80eeee-54ed-3f0f-82cd-8c29e3aa5d24","name":"Heat, onsite boiler, hardwood mill average, NE-NC","categoryPath":["22: Utilities","2213: Water, Sewage and Other Systems"],"processType":"UNIT_PROCESS","location":"US"},"flow":{"@type":"Flow","@id":"833c3f72-fbbe-37ea-adf8-929b47ec0255","name":"Heat; onsite boiler; hardwood mill; average","categoryPath":["Technosphere Flows","22: Utilities","2213: Water, Sewage and Other Systems"],"flowType":"PRODUCT_FLOW","location":"US","refUnit":"MJ"},"unit":{"@type":"Unit","@id":"52765a6c-3896-43c2-b2f4-c679acf13efe","name":"MJ"},"flowProperty":{"@type":"FlowProperty","@id":"f6811440-ee37-11de-8a39-0800200c9a66","name":"Energy","categoryPath":["Technical flow properties"]}},{"@type":"Exchange","avoidedProduct":false,"input":true,"amount":0.0405,"description":"Proxy for propane. Propane used for on-site transportation. Represents 20% of mill use of propane for transport.  ","internalId":4,"defaultProvider":{"@type":"Process","@id":"7b7babef-a97a-3510-88f2-ee70aa1fa03b","name":"Natural gas, combusted in industrial equipment","categoryPath":["22: Utilities","2213: Water, Sewage and Other Systems"],"processType":"UNIT_PROCESS","location":"RNA"},"flow":{"@type":"Flow","@id":"9dfc02c2-db7e-3c19-b120-165cab1a22c5","name":"Natural gas, combusted in industrial equipment, 1.357 m3/kg, 52.13 MJ/kg","categoryPath":["Technosphere Flows","22: Utilities","2213: Water, Sewage and Other Systems"],"flowType":"PRODUCT_FLOW","location":"RNA","refUnit":"m3"},"unit":{"@type":"Unit","@id":"b80a512e-e402-4363-8ad0-7d02dcf4a459","name":"l"},"flowProperty":{"@type":"FlowProperty","@id":"93a60a56-a3c8-22da-a746-0800200c9a66","name":"Volume","categoryPath":["Technical flow properties"]}},{"@type":"Exchange","avoidedProduct":false,"input":true,"amount":1.0,"description":"Diesel used for on-site transportation. Represents 20% of mill use of diesel for transport.  ","internalId":9,"defaultProvider":{"@type":"Process","@id":"d6ad7035-5498-3237-8abd-50e93b1eef89","name":"Diesel, combusted in industrial equipment","categoryPath":["22: Utilities","2213: Water, Sewage and Other Systems"],"processType":"UNIT_PROCESS","location":"RNA"},"flow":{"@type":"Flow","@id":"d815ff18-015c-3afb-be18-be03bdf325da","name":"Diesel, combusted in industrial equipment","categoryPath":["Technosphere Flows","22: Utilities","2213: Water, Sewage and Other Systems"],"flowType":"PRODUCT_FLOW","location":"RNA","refUnit":"m3"},"unit":{"@type":"Unit","@id":"b80a512e-e402-4363-8ad0-7d02dcf4a459","name":"l"},"flowProperty":{"@type":"FlowProperty","@id":"93a60a56-a3c8-22da-a746-0800200c9a66","name":"Volume","categoryPath":["Technical flow properties"]}},{"@type":"Exchange","avoidedProduct":false,"input":true,"amount":0.087,"description":"Gasoline used for on-site transportation. Represents 20% of mill use of gasoline for transport.","internalId":8,"defaultProvider":{"@type":"Process","@id":"d3e13675-1455-375f-a557-bb8234de75ff","name":"Gasoline, combusted in equipment","categoryPath":["22: Utilities","2213: Water, Sewage and Other Systems"],"processType":"UNIT_PROCESS","location":"RNA"},"flow":{"@type":"Flow","@id":"bc38e349-1ccf-3855-a615-a4f581ab875b","name":"Gasoline, combusted in equipment","categoryPath":["Technosphere Flows","22: Utilities","2213: Water, Sewage and Other Systems"],"flowType":"PRODUCT_FLOW","location":"RNA","refUnit":"m3"},"unit":{"@type":"Unit","@id":"b80a512e-e402-4363-8ad0-7d02dcf4a459","name":"l"},"flowProperty":{"@type":"FlowProperty","@id":"93a60a56-a3c8-22da-a746-0800200c9a66","name":"Volume","categoryPath":["Technical flow properties"]}},{"@type":"Exchange","avoidedProduct":false,"input":false,"amount":1.37,"description":"Based on six major hardwood species found in eastern US (red oak, black cherry, ash, yellow poplar, hard maple, and black walnut).","internalId":2,"flow":{"@type":"Flow","@id":"d6a91d9b-ff6e-3ee7-85d9-5d871937e7b9","name":"Volatile organic compounds","categoryPath":["Elementary Flows","emission","air","troposphere","rural"],"flowType":"ELEMENTARY_FLOW","refUnit":"kg"},"unit":{"@type":"Unit","@id":"20aadc24-a391-41cf-b340-3e4529f44bde","name":"kg"},"flowProperty":{"@type":"FlowProperty","@id":"93a60a56-a3c8-11da-a746-0800200b9a66","name":"Mass","categoryPath":["Technical flow properties"]}},{"@type":"Exchange","avoidedProduct":false,"input":true,"amount":572.0,"description":"Weight reported on an ovendry basis.  Moisture content (ovendry basis) \u003d 87%","internalId":5,"defaultProvider":{"@type":"Process","@id":"2468b04f-b9b1-364d-bfbf-8ba12178096e","name":"Sawn lumber, hardwood, rough, green, at sawmill, NE-NC","categoryPath":["31-33: Manufacturing","3211: Sawmills and Wood Preservation"],"processType":"UNIT_PROCESS","location":"US"},"flow":{"@type":"Flow","@id":"6170b901-641c-3088-a8c0-799f9e5f766f","name":"Sawn lumber; hardwood; rough; green; at sawmill","categoryPath":["Technosphere Flows","31-33: Manufacturing","3211: Sawmills and Wood Preservation"],"flowType":"PRODUCT_FLOW","location":"US","refUnit":"kg"},"unit":{"@type":"Unit","@id":"20aadc24-a391-41cf-b340-3e4529f44bde","name":"kg"},"flowProperty":{"@type":"FlowProperty","@id":"93a60a56-a3c8-11da-a746-0800200b9a66","name":"Mass","categoryPath":["Technical flow properties"]}},{"@type":"Exchange","avoidedProduct":false,"input":true,"amount":0.551,"description":"Represents 25% of total mill consumption of electricity generated onsite.","internalId":7,"defaultProvider":{"@type":"Process","@id":"6b80eeee-54ed-3f0f-82cd-8c29e3aa5d24","name":"Heat, onsite boiler, hardwood mill average, NE-NC","categoryPath":["22: Utilities","2213: Water, Sewage and Other Systems"],"processType":"UNIT_PROCESS","location":"US"},"flow":{"@type":"Flow","@id":"97624ce0-6d6a-3376-bfa7-c663b3c7e48d","name":"Electricity; onsite boiler; hardwood mill; average","categoryPath":["Technosphere Flows","22: Utilities","2213: Water, Sewage and Other Systems"],"flowType":"PRODUCT_FLOW","location":"US","refUnit":"MJ"},"unit":{"@type":"Unit","@id":"86ad2244-1f0e-4912-af53-7865283103e4","name":"kWh"},"flowProperty":{"@type":"FlowProperty","@id":"f6811440-ee37-11de-8a39-0800200c9a66","name":"Energy","categoryPath":["Technical flow properties"]}}]}