{"@context":"http://greendelta.github.io/olca-schema/context.jsonld","@type":"Process","@id":"91adaeaa-cca7-30ea-aa3a-b1ba58bd2602","name":"Skidding, aerial cable yarder, medium","description":"Important note: although most of the data in the US LCI database has undergone some sort of review, the database as a whole has not yet undergone a formal validation process. Please email comments to lci@nrel.gov.","version":"00.00.006","lastChange":"2021-01-23T23:37:41.451-07:00","category":{"@type":"Category","@id":"780cbde5-be93-33d4-8329-f6fb0d420973","name":"1133: Logging","categoryPath":["11: Agriculture, Forestry, Fishing and Hunting"],"categoryType":"Process"},"processType":"UNIT_PROCESS","defaultAllocationMethod":"NO_ALLOCATION","infrastructureProcess":false,"location":{"@type":"Location","@id":"0b3b97fa-6688-3c56-88ee-4ae80ec0c3c2","name":"United States"},"processDocumentation":{"@type":"ProcessDocumentation","technologyDescription":"Average technology. Some data extrapolated from similar processes.","samplingDescription":"Fuel consumption data for the selected harvesting systems is generally based on the horsepower of the machines used within those systems.  The fuel consumption calculations show consistency across the range of equipment used and should have a fairly high degree of reliability.  Lubricant consumption was calculated as a percent of fuel consumption. This assumption generalizes the consumption rate and fails to distinguish between individual equipment characteristics. ","restrictionsDescription":"All information can be accessed by everybody.","copyright":false,"validFrom":"1988-12-31-07:00","validUntil":"1995-12-31-07:00","creationDate":"2010-10-17T23:09:08-06:00","geographyDescription":"US Inland West including Montana, Idaho, and eastern Washington","dataDocumentor":{"@type":"Actor","@id":"ae081e38-d629-3c22-86de-dbc3bb038016","name":"Maureen Puetmann"},"dataGenerator":{"@type":"Actor","@id":"ae081e38-d629-3c22-86de-dbc3bb038016","name":"Maureen Puetmann"},"publication":{"@type":"Source","@id":"fd6020df-eb36-3f50-99bc-fe89ae471137","name":"Leonard R. Johnson "},"sources":[{"@type":"Source","@id":"90c74d97-64ab-3678-85e2-2f261d25896a","name":"Maureen Puettmann "},{"@type":"Source","@id":"fd6020df-eb36-3f50-99bc-fe89ae471137","name":"Leonard R. Johnson "}]},"lastInternalId":0,"exchanges":[{"@type":"Exchange","avoidedProduct":false,"input":false,"amount":1.0,"description":"Cable and aerial yarding equipment","internalId":1,"flow":{"@type":"Flow","@id":"7660d0bd-676b-33fb-8328-63ddfb04852a","name":"Skidding; aerial cable yarder; medium","categoryPath":["Technosphere Flows","11: Agriculture, Forestry, Fishing and Hunting","1133: Logging"],"flowType":"PRODUCT_FLOW","location":"US","refUnit":"d"},"unit":{"@type":"Unit","@id":"227a54d9-44e7-468c-b8bb-f2dd1ae68c7a","name":"h"},"flowProperty":{"@type":"FlowProperty","@id":"c0447923-0e60-4b3c-97c2-a86dddd9eea5","name":"Duration","categoryPath":["Technical flow properties"]},"quantitativeReference":true},{"@type":"Exchange","avoidedProduct":false,"input":true,"amount":0.51596784,"description":"Proxy for hydraulic fluids","internalId":2,"defaultProvider":{"@type":"Process","@id":"98d423fc-789a-42d0-b961-18a96bc6491c","name":"Lubricant feedstock, at refinery","categoryPath":["31-33: Manufacturing","3241: Petroleum and Coal Products Manufacturing"],"processType":"UNIT_PROCESS"},"flow":{"@type":"Flow","@id":"99479e91-ab64-3c73-86cb-d96373f37939","name":"Lubricant feedstock, at refinery","categoryPath":["Technosphere Flows","31-33: Manufacturing","3241: Petroleum and Coal Products Manufacturing"],"flowType":"PRODUCT_FLOW","refUnit":"kg"},"unit":{"@type":"Unit","@id":"20aadc24-a391-41cf-b340-3e4529f44bde","name":"kg"},"flowProperty":{"@type":"FlowProperty","@id":"93a60a56-a3c8-11da-a746-0800200b9a66","name":"Mass","categoryPath":["Technical flow properties"]}},{"@type":"Exchange","avoidedProduct":false,"input":true,"amount":32.22,"internalId":3,"defaultProvider":{"@type":"Process","@id":"d6ad7035-5498-3237-8abd-50e93b1eef89","name":"Diesel, combusted in industrial equipment","categoryPath":["22: Utilities","2213: Water, Sewage and Other Systems"],"processType":"UNIT_PROCESS","location":"RNA"},"flow":{"@type":"Flow","@id":"d815ff18-015c-3afb-be18-be03bdf325da","name":"Diesel, combusted in industrial equipment","categoryPath":["Technosphere Flows","22: Utilities","2213: Water, Sewage and Other Systems"],"flowType":"PRODUCT_FLOW","location":"RNA","refUnit":"m3"},"unit":{"@type":"Unit","@id":"b80a512e-e402-4363-8ad0-7d02dcf4a459","name":"l"},"flowProperty":{"@type":"FlowProperty","@id":"93a60a56-a3c8-22da-a746-0800200c9a66","name":"Volume","categoryPath":["Technical flow properties"]}}]}