{"@context":"http://greendelta.github.io/olca-schema/context.jsonld","@type":"Process","@id":"9aae3fc2-6ffb-3b49-b3fb-4127483b1156","name":"Scanner, i940 desktop","description":"This unit process represents the gate-to-gate production of one Kodak Alaris model i940 desktop scanner (mass \u003d 1.55 kg).  The system boundary includes: 1) the transport of raw materials to multiple manufacturing facilities where various subcomponents are produced; 2) the manufacture of subcomponents; 3) the transport of subcomponents to a different manufacturing plant for final assembly; 4) the assembly of subcomponents into a complete scanner; and 5) the transport of generated waste from the manufacturing facilities to a municipal solid waste landfill.  \r\n\r\nThe following processes and life cycle phases fall outside of the system boundary: 1) packaging of the completed scanner; 2) all transport downstream of the assembly plant gate; 3) sale of product; 4) product use phase; and 5) end-of-life phase (including recycling).\r\n\r\nThe use of this unit process for the analysis of similar devices requires professional judgement based on the degree of similarity.","version":"00.00.010","lastChange":"2021-08-12T15:34:21.039-06:00","category":{"@type":"Category","@id":"40500f84-eb6b-3e6d-80a0-90092b2ea35d","name":"3341: Computer and Peripheral Equipment Manufacturing","categoryPath":["31-33: Manufacturing"],"categoryType":"Process"},"processType":"UNIT_PROCESS","defaultAllocationMethod":"NO_ALLOCATION","infrastructureProcess":false,"location":{"@type":"Location","@id":"56bca136-90bb-3a77-9abb-7ce558af711e","name":"Global"},"processDocumentation":{"@type":"ProcessDocumentation","timeDescription":"Primary data is valid from 2015 - 2016.  Secondary data is valid from 2005 - 2016 (National Renewable Energy Laboratory 2016; Wernet et al. 2016).","technologyDescription":"The manufacture of a desktop scanner that uses 2016 technology including information storage and processing and energy savings features.  The manufacture includes the manufacturing of subcomponents at other facilities and assembly at a central location.","reviewDetails":"This dataset and its companion report (Wood 2016) were internally reviewed by Jay Mathewson of Kodak Alaris.","samplingDescription":"BOUNDARY CONDITIONS\r\nThe system boundary includes: 1) the transport of raw materials to multiple manufacturing facilities where various subcomponents are produced; 2) the manufacture of subcomponents; 3) the transport of subcomponents to a different manufacturing plant for final assembly; 4) the assembly of subcomponents into a complete scanner; and 5) the transport of generated waste from the manufacturing facilities to a municipal solid waste landfill.  The following processes and life cycle phases fall outside of the system boundary: 1) packaging of the completed scanner; 2) all transport downstream of the assembly plant gate; 3) sale of product; 4) product use phase; and 5) end-of-life phase (including recycling).\r\n\r\nDATA COLLECTION\r\nFor material inputs, data collection was based on scanner specifications provided by the manufacturer.  Other inputs (e.g. energy; waste transport and disposal) were calculated on the basis of quantity of input per kg of scanner produced.\r\n\r\nUNCERTAINTY ESTIMATION\r\nUncertainty was estimated based on engineering judgment.  Material inputs had less uncertainty because they were based off of precise engineering specifications.  Other inputs  (e.g. energy; waste transport and disposal) had more uncertainty. ","restrictionsDescription":"All information can be accessed by everybody.","copyright":false,"validFrom":"2014-12-31-07:00","validUntil":"2015-12-31-07:00","creationDate":"2017-06-29T04:09:03.250-06:00","geographyDescription":"Data is representative of a global supply chain.","reviewer":{"@type":"Actor","@id":"ac041148-a469-348c-8411-e2551193cb60","name":"Jay Mathewson"},"dataDocumentor":{"@type":"Actor","@id":"97a3dd96-c17d-364a-8199-701171fe46a4","name":"Roy Wood"},"dataGenerator":{"@type":"Actor","@id":"97a3dd96-c17d-364a-8199-701171fe46a4","name":"Roy Wood"},"publication":{"@type":"Source","@id":"d79728c4-d12c-3be6-97bd-842b9a116378","name":"Wood. (2016). Greenhouse Gas Life Cycle Assessment Summary Report - Kodak Alaris i710, i703EX, i940, i1150, i1150WN, i1190,i1190E, i1190WN Scanners, ISO 14044 Protocol  "},"sources":[{"@type":"Source","@id":"2e78a48c-af6a-3fc7-8c0f-08159c8562ec","name":"Institute for Environment and Sustainability. (2011). General guide for Life Cycle Assessment - Detailed guidance."},{"@type":"Source","@id":"48e98e0e-2a5c-30d0-b45f-8efe638267b2","name":"Wernet et al. (2016) The ecoinvent database version 3 (part I): overview and methodology."},{"@type":"Source","@id":"e350aea3-fb8d-379b-9f9b-9d51646d0d87","name":"National Renewable Energy Laboratory (2016). U.S. Life Cycle Inventory Database."},{"@type":"Source","@id":"405352c9-5618-3640-8afa-5fa08d0daea0","name":"Wood. (2012). Life Cycle Assessment Summary Report - Kodak i2800, i2600, i2400 Scanners - ISO 14044 Protocol"},{"@type":"Source","@id":"d79728c4-d12c-3be6-97bd-842b9a116378","name":"Wood. (2016). Greenhouse Gas Life Cycle Assessment Summary Report - Kodak Alaris i710, i703EX, i940, i1150, i1150WN, i1190,i1190E, i1190WN Scanners, ISO 14044 Protocol  "}]},"lastInternalId":0,"exchanges":[{"@type":"Exchange","avoidedProduct":false,"input":false,"amount":1.0,"description":"The mass of 1 Item is 1.55 kg","internalId":1,"flow":{"@type":"Flow","@id":"2729d167-a6f1-37ad-9d3a-91517490d8a5","name":"Scanner, i940 desktop","categoryPath":["Technosphere Flows","31-33: Manufacturing","3341: Computer and Peripheral Equipment Manufacturing"],"flowType":"PRODUCT_FLOW","location":"GLO","refUnit":"Item(s)"},"unit":{"@type":"Unit","@id":"6dabe201-aaac-4509-92f0-d00c26cb72ab","name":"Item(s)"},"flowProperty":{"@type":"FlowProperty","@id":"01846770-4cfe-4a25-8ad9-919d8d378345","name":"Number of items","categoryPath":["Technical flow properties"]},"quantitativeReference":true},{"@type":"Exchange","avoidedProduct":false,"input":true,"amount":0.514,"internalId":4,"defaultProvider":{"@type":"Process","@id":"0e42a306-ee2d-362e-8bc3-580000096459","name":"Acrylonitrile-butadiene-styrene, ABS, copolymer resin, at plant","categoryPath":["31-33: Manufacturing","3252: Resin, Synthetic Rubber, and Artificial and Synthetic Fibers and Filaments Manufacturing"],"processType":"LCI_RESULT","location":"RNA"},"flow":{"@type":"Flow","@id":"fa5304ba-de40-35cf-a5d6-3e09d9b79205","name":"Acrylonitrile-butadiene-styrene, ABS, copolymer resin, at plant","categoryPath":["Technosphere Flows","31-33: Manufacturing","3252: Resin, Synthetic Rubber, and Artificial and Synthetic Fibers and Filaments Manufacturing"],"flowType":"PRODUCT_FLOW","location":"RNA","refUnit":"kg"},"unit":{"@type":"Unit","@id":"20aadc24-a391-41cf-b340-3e4529f44bde","name":"kg"},"flowProperty":{"@type":"FlowProperty","@id":"93a60a56-a3c8-11da-a746-0800200b9a66","name":"Mass","categoryPath":["Technical flow properties"]},"uncertainty":{"@type":"Uncertainty","distributionType":"TRIANGLE_DISTRIBUTION","minimum":0.5,"mode":0.514,"maximum":0.528}},{"@type":"Exchange","avoidedProduct":false,"input":true,"amount":0.0366,"internalId":10,"defaultProvider":{"@type":"Process","@id":"a8eb9a6a-e8e6-3da6-a3ab-20dcf68e883a","name":"Aluminum ingot, production mix, at plant","categoryPath":["31-33: Manufacturing","3313: Alumina and Aluminum Production and Processing"],"processType":"UNIT_PROCESS","location":"US"},"flow":{"@type":"Flow","@id":"aec9945f-f19c-3834-8e26-5f4f92cfcb2b","name":"Aluminum ingot, production mix, at plant","categoryPath":["Technosphere Flows","31-33: Manufacturing","3313: Alumina and Aluminum Production and Processing"],"flowType":"PRODUCT_FLOW","location":"US","refUnit":"kg"},"unit":{"@type":"Unit","@id":"20aadc24-a391-41cf-b340-3e4529f44bde","name":"kg"},"flowProperty":{"@type":"FlowProperty","@id":"93a60a56-a3c8-11da-a746-0800200b9a66","name":"Mass","categoryPath":["Technical flow properties"]},"uncertainty":{"@type":"Uncertainty","distributionType":"TRIANGLE_DISTRIBUTION","minimum":0.035,"mode":0.0366,"maximum":0.038}},{"@type":"Exchange","avoidedProduct":false,"input":true,"amount":0.08,"description":"Based on market","internalId":11,"flow":{"@type":"Flow","@id":"476b8be7-1140-38ac-9eff-f650a9283170","name":"petrol, unleaded","categoryPath":["Technosphere Flows","CUTOFF Flows","ecoinvent 3.2"],"flowType":"PRODUCT_FLOW","refUnit":"kg"},"unit":{"@type":"Unit","@id":"20aadc24-a391-41cf-b340-3e4529f44bde","name":"kg"},"flowProperty":{"@type":"FlowProperty","@id":"93a60a56-a3c8-11da-a746-0800200b9a66","name":"Mass","categoryPath":["Technical flow properties"]},"uncertainty":{"@type":"Uncertainty","distributionType":"TRIANGLE_DISTRIBUTION","minimum":0.06,"mode":0.07999999999999999,"maximum":0.1}},{"@type":"Exchange","avoidedProduct":false,"input":true,"amount":0.0615,"description":"","internalId":9,"flow":{"@type":"Flow","@id":"018c2645-7622-321b-a9ef-760b1fd90371","name":"copper, primary, at refinery","categoryPath":["Technosphere Flows","CUTOFF Flows","ecoinvent 3.2"],"flowType":"PRODUCT_FLOW","refUnit":"kg"},"unit":{"@type":"Unit","@id":"20aadc24-a391-41cf-b340-3e4529f44bde","name":"kg"},"flowProperty":{"@type":"FlowProperty","@id":"93a60a56-a3c8-11da-a746-0800200b9a66","name":"Mass","categoryPath":["Technical flow properties"]},"uncertainty":{"@type":"Uncertainty","distributionType":"TRIANGLE_DISTRIBUTION","minimum":0.06,"mode":0.0615,"maximum":0.063}},{"@type":"Exchange","avoidedProduct":false,"input":true,"amount":0.0445,"description":"Based on market","internalId":6,"flow":{"@type":"Flow","@id":"1562e568-d17c-30c3-bb1f-2fad96ae4069","name":"glass, for liquid crystal display ","categoryPath":["Technosphere Flows","CUTOFF Flows","ecoinvent 3.2"],"flowType":"PRODUCT_FLOW","refUnit":"kg"},"unit":{"@type":"Unit","@id":"20aadc24-a391-41cf-b340-3e4529f44bde","name":"kg"},"flowProperty":{"@type":"FlowProperty","@id":"93a60a56-a3c8-11da-a746-0800200b9a66","name":"Mass","categoryPath":["Technical flow properties"]},"uncertainty":{"@type":"Uncertainty","distributionType":"TRIANGLE_DISTRIBUTION","minimum":0.043,"mode":0.04450000000000001,"maximum":0.046}},{"@type":"Exchange","avoidedProduct":false,"input":true,"amount":4.58,"description":"","internalId":8,"flow":{"@type":"Flow","@id":"06581fb2-1de0-3e78-8298-f37605dea142","name":"Electricity, at grid","categoryPath":["Technosphere Flows","22: Utilities","2211: Electric Power Generation, Transmission and Distribution"],"flowType":"PRODUCT_FLOW","location":"RNA","refUnit":"MJ"},"unit":{"@type":"Unit","@id":"52765a6c-3896-43c2-b2f4-c679acf13efe","name":"MJ"},"flowProperty":{"@type":"FlowProperty","@id":"f6811440-ee37-11de-8a39-0800200c9a66","name":"Energy","categoryPath":["Technical flow properties"]},"uncertainty":{"@type":"Uncertainty","distributionType":"TRIANGLE_DISTRIBUTION","minimum":4.13,"mode":4.579999999999999,"maximum":5.03}},{"@type":"Exchange","avoidedProduct":false,"input":true,"amount":2.99,"description":"Transport of raw materials and components","internalId":19,"defaultProvider":{"@type":"Process","@id":"dce702f1-03a1-3fe9-bb48-94a5217fd8cb","name":"Transport, combination truck, average fuel mix","categoryPath":["48-49: Transportation and Warehousing","4841: General Freight Trucking"],"processType":"UNIT_PROCESS","location":"RNA"},"flow":{"@type":"Flow","@id":"2afb4e2f-b224-3900-956f-03e3f27b276b","name":"Transport, combination truck, average fuel mix","categoryPath":["Technosphere Flows","48-49: Transportation and Warehousing","4841: General Freight Trucking"],"flowType":"PRODUCT_FLOW","location":"RNA","refUnit":"t*km"},"unit":{"@type":"Unit","@id":"0dea4ed8-bb6b-4049-b2b4-b2c413ef2180","name":"t*km"},"flowProperty":{"@type":"FlowProperty","@id":"838aaa20-0117-11db-92e3-0800200c9a66","name":"Goods transport (mass*distance)","categoryPath":["Technical flow properties"]},"uncertainty":{"@type":"Uncertainty","distributionType":"TRIANGLE_DISTRIBUTION","minimum":2.39,"mode":2.99,"maximum":3.59}},{"@type":"Exchange","avoidedProduct":false,"input":true,"amount":0.146,"internalId":17,"defaultProvider":{"@type":"Process","@id":"c378e883-97fc-3714-b923-d7271b8fcbac","name":"Cold rolled sheet, steel, at plant","categoryPath":["31-33: Manufacturing","3312: Steel Product Manufacturing from Purchased Steel"],"processType":"UNIT_PROCESS","location":"RNA"},"flow":{"@type":"Flow","@id":"5d5319f2-727c-343d-aaba-32517583a0a4","name":"Cold rolled sheet, steel, at plant","categoryPath":["Technosphere Flows","31-33: Manufacturing","3311: Iron and Steel Mills and Ferroalloy Manufacturing"],"flowType":"PRODUCT_FLOW","refUnit":"kg"},"unit":{"@type":"Unit","@id":"20aadc24-a391-41cf-b340-3e4529f44bde","name":"kg"},"flowProperty":{"@type":"FlowProperty","@id":"93a60a56-a3c8-11da-a746-0800200b9a66","name":"Mass","categoryPath":["Technical flow properties"]},"uncertainty":{"@type":"Uncertainty","distributionType":"TRIANGLE_DISTRIBUTION","minimum":0.144,"mode":0.14599999999999994,"maximum":0.148}},{"@type":"Exchange","avoidedProduct":false,"input":true,"amount":0.007,"description":"","internalId":12,"flow":{"@type":"Flow","@id":"709ec263-462c-3e79-9da2-cc48ae29ecbc","name":"municipal solid waste landfill, operation","categoryPath":["Technosphere Flows","CUTOFF Flows","ecoinvent 3.2"],"flowType":"PRODUCT_FLOW","refUnit":"kg"},"unit":{"@type":"Unit","@id":"20aadc24-a391-41cf-b340-3e4529f44bde","name":"kg"},"flowProperty":{"@type":"FlowProperty","@id":"93a60a56-a3c8-11da-a746-0800200b9a66","name":"Mass","categoryPath":["Technical flow properties"]},"uncertainty":{"@type":"Uncertainty","distributionType":"TRIANGLE_DISTRIBUTION","minimum":0.005,"mode":0.006,"maximum":0.01}},{"@type":"Exchange","avoidedProduct":false,"input":true,"amount":0.34,"description":"","internalId":2,"flow":{"@type":"Flow","@id":"170fe793-de8a-3966-b52e-98727242d2a3","name":"natural gas, at consumer  (16% shale blend)","categoryPath":["Technosphere Flows","CUTOFF Flows","ecoinvent 3.2"],"flowType":"PRODUCT_FLOW","refUnit":"MJ"},"unit":{"@type":"Unit","@id":"52765a6c-3896-43c2-b2f4-c679acf13efe","name":"MJ"},"flowProperty":{"@type":"FlowProperty","@id":"f6811440-ee37-11de-8a39-0800200c9a66","name":"Energy","categoryPath":["Technical flow properties"]},"uncertainty":{"@type":"Uncertainty","distributionType":"TRIANGLE_DISTRIBUTION","minimum":0.3,"mode":0.33999999999999997,"maximum":0.38}},{"@type":"Exchange","avoidedProduct":false,"input":true,"amount":0.51,"description":"","internalId":14,"flow":{"@type":"Flow","@id":"8b2fc5f4-6f6a-36b0-a19d-0821eeecb3c0","name":"transport, passenger, aircraft ","categoryPath":["Technosphere Flows","CUTOFF Flows","ecoinvent 3.2"],"flowType":"PRODUCT_FLOW","refUnit":"p*km"},"unit":{"@type":"Unit","@id":"fe8da65d-f0ea-4496-b13e-1955aaa412d7","name":"p*km"},"flowProperty":{"@type":"FlowProperty","@id":"8766e10f-9f41-4db0-8173-ad0d002a5b98","name":"Person transport","categoryPath":["Technical flow properties"]},"uncertainty":{"@type":"Uncertainty","distributionType":"TRIANGLE_DISTRIBUTION","minimum":0.41,"mode":0.5100000000000001,"maximum":0.61}},{"@type":"Exchange","avoidedProduct":false,"input":true,"amount":0.242,"description":"","internalId":16,"flow":{"@type":"Flow","@id":"2408c743-f372-340d-b698-3f2e90db7435","name":"printed wiring board, through-hole mounted, unspecified, Pb free","categoryPath":["Technosphere Flows","CUTOFF Flows","ecoinvent 3.2"],"flowType":"PRODUCT_FLOW","refUnit":"kg"},"unit":{"@type":"Unit","@id":"20aadc24-a391-41cf-b340-3e4529f44bde","name":"kg"},"flowProperty":{"@type":"FlowProperty","@id":"93a60a56-a3c8-11da-a746-0800200b9a66","name":"Mass","categoryPath":["Technical flow properties"]},"uncertainty":{"@type":"Uncertainty","distributionType":"TRIANGLE_DISTRIBUTION","minimum":0.221,"mode":0.242,"maximum":0.263}},{"@type":"Exchange","avoidedProduct":false,"input":true,"amount":0.0195,"description":"Based on market","internalId":3,"flow":{"@type":"Flow","@id":"20b97c1d-8042-3305-84bc-afa552a67e51","name":"synthetic rubber ","categoryPath":["Technosphere Flows","CUTOFF Flows","ecoinvent 3.2"],"flowType":"PRODUCT_FLOW","refUnit":"kg"},"unit":{"@type":"Unit","@id":"20aadc24-a391-41cf-b340-3e4529f44bde","name":"kg"},"flowProperty":{"@type":"FlowProperty","@id":"93a60a56-a3c8-11da-a746-0800200b9a66","name":"Mass","categoryPath":["Technical flow properties"]},"uncertainty":{"@type":"Uncertainty","distributionType":"TRIANGLE_DISTRIBUTION","minimum":0.018,"mode":0.0195,"maximum":0.021}},{"@type":"Exchange","avoidedProduct":false,"input":true,"amount":0.47,"description":"Based on market","internalId":15,"flow":{"@type":"Flow","@id":"63fbd394-618b-3645-b91d-8be97d1ccc18","name":"polycarbonate ","categoryPath":["Technosphere Flows","CUTOFF Flows","ecoinvent 3.2"],"flowType":"PRODUCT_FLOW","refUnit":"kg"},"unit":{"@type":"Unit","@id":"20aadc24-a391-41cf-b340-3e4529f44bde","name":"kg"},"flowProperty":{"@type":"FlowProperty","@id":"93a60a56-a3c8-11da-a746-0800200b9a66","name":"Mass","categoryPath":["Technical flow properties"]},"uncertainty":{"@type":"Uncertainty","distributionType":"TRIANGLE_DISTRIBUTION","minimum":0.44,"mode":0.47,"maximum":0.5}},{"@type":"Exchange","avoidedProduct":false,"input":true,"amount":1.045,"description":"","internalId":13,"flow":{"@type":"Flow","@id":"d2a6a76d-00d2-3fba-bb51-83551fccbe97","name":"injection moulding","categoryPath":["Technosphere Flows","CUTOFF Flows","ecoinvent 3.2"],"flowType":"PRODUCT_FLOW","refUnit":"kg"},"unit":{"@type":"Unit","@id":"20aadc24-a391-41cf-b340-3e4529f44bde","name":"kg"},"flowProperty":{"@type":"FlowProperty","@id":"93a60a56-a3c8-11da-a746-0800200b9a66","name":"Mass","categoryPath":["Technical flow properties"]},"uncertainty":{"@type":"Uncertainty","distributionType":"TRIANGLE_DISTRIBUTION","minimum":1.0,"mode":1.0449999999999997,"maximum":1.09}},{"@type":"Exchange","avoidedProduct":false,"input":true,"amount":0.2445,"description":"","internalId":5,"flow":{"@type":"Flow","@id":"1475f6cd-7fae-31d2-ab63-3b93b84c5b08","name":"metal product manufacturing, average metal working","categoryPath":["Technosphere Flows","CUTOFF Flows","ecoinvent 3.2"],"flowType":"PRODUCT_FLOW","refUnit":"kg"},"unit":{"@type":"Unit","@id":"20aadc24-a391-41cf-b340-3e4529f44bde","name":"kg"},"flowProperty":{"@type":"FlowProperty","@id":"93a60a56-a3c8-11da-a746-0800200b9a66","name":"Mass","categoryPath":["Technical flow properties"]},"uncertainty":{"@type":"Uncertainty","distributionType":"TRIANGLE_DISTRIBUTION","minimum":0.24,"mode":0.24450000000000005,"maximum":0.249}},{"@type":"Exchange","avoidedProduct":false,"input":true,"amount":7.0E-4,"description":"Transport of waste","internalId":7,"defaultProvider":{"@type":"Process","@id":"dce702f1-03a1-3fe9-bb48-94a5217fd8cb","name":"Transport, combination truck, average fuel mix","categoryPath":["48-49: Transportation and Warehousing","4841: General Freight Trucking"],"processType":"UNIT_PROCESS","location":"RNA"},"flow":{"@type":"Flow","@id":"2afb4e2f-b224-3900-956f-03e3f27b276b","name":"Transport, combination truck, average fuel mix","categoryPath":["Technosphere Flows","48-49: Transportation and Warehousing","4841: General Freight Trucking"],"flowType":"PRODUCT_FLOW","location":"RNA","refUnit":"t*km"},"unit":{"@type":"Unit","@id":"0dea4ed8-bb6b-4049-b2b4-b2c413ef2180","name":"t*km"},"flowProperty":{"@type":"FlowProperty","@id":"838aaa20-0117-11db-92e3-0800200c9a66","name":"Goods transport (mass*distance)","categoryPath":["Technical flow properties"]},"uncertainty":{"@type":"Uncertainty","distributionType":"TRIANGLE_DISTRIBUTION","minimum":3.0E-4,"mode":7.999999999999999E-4,"maximum":0.001}},{"@type":"Exchange","avoidedProduct":false,"input":true,"amount":0.0115,"description":".065 kg/m","internalId":18,"flow":{"@type":"Flow","@id":"6cbd5a03-6f37-3605-9d43-83ad39a00dad","name":"cable, connector for computer, without plugs ","categoryPath":["Technosphere Flows","CUTOFF Flows","ecoinvent 3.2"],"flowType":"PRODUCT_FLOW","refUnit":"kg"},"unit":{"@type":"Unit","@id":"20aadc24-a391-41cf-b340-3e4529f44bde","name":"kg"},"flowProperty":{"@type":"FlowProperty","@id":"93a60a56-a3c8-11da-a746-0800200b9a66","name":"Mass","categoryPath":["Technical flow properties"]},"uncertainty":{"@type":"Uncertainty","distributionType":"TRIANGLE_DISTRIBUTION","minimum":0.01,"mode":0.011500000000000002,"maximum":0.013}}]}