{"@context":"http://greendelta.github.io/olca-schema/context.jsonld","@type":"Process","@id":"a2ee77db-89d4-39c4-88a4-a969c95e01d0","name":"Harvest, switchgrass","description":"Estimate from standard forage harvesting processes in the US. This process accounts for the harvest and baling of switchgrass from one hectare of land. Processes include cutting and windrowing (aka swathing), tedding-which turns the windrows for proper drying, and baling. Moving, loading, and storing bales is not included.","version":"00.00.002","lastChange":"2019-07-20T20:52:58.044-06:00","category":{"@type":"Category","@id":"1a059a45-a303-383c-acf9-9b6e1192eecc","name":"1151: Support Activities for Crop Production","categoryPath":["11: Agriculture, Forestry, Fishing and Hunting"],"categoryType":"Process"},"processType":"UNIT_PROCESS","defaultAllocationMethod":"NO_ALLOCATION","infrastructureProcess":false,"location":{"@type":"Location","@id":"b320e7db-c758-3ba6-8839-81eb83c9d7d7","name":"Northern America"},"processDocumentation":{"@type":"ProcessDocumentation","timeDescription":"2010 and after","technologyDescription":"modern","restrictionsDescription":"All information can be accessed by everybody.","copyright":false,"validFrom":"2009-12-31-07:00","validUntil":"2100-12-30-07:00","creationDate":"2013-10-22T12:00:34-06:00","geographyDescription":"North America","dataDocumentor":{"@type":"Actor","@id":"dd4e5378-7978-3203-bfdf-acc867500cb3","name":"Daniel Inman"},"dataGenerator":{"@type":"Actor","@id":"dd4e5378-7978-3203-bfdf-acc867500cb3","name":"Daniel Inman"},"publication":{"@type":"Source","@id":"a1d1d73e-7d93-3a6b-a3bc-3b2f4f025b86","name":"Hsu, D. "},"sources":[{"@type":"Source","@id":"a1d1d73e-7d93-3a6b-a3bc-3b2f4f025b86","name":"Hsu, D. "},{"@type":"Source","@id":"6de8aca0-016f-3a82-9b0c-c7349d4c36e7","name":"Hess, J. R. "}]},"lastInternalId":0,"exchanges":[{"@type":"Exchange","avoidedProduct":false,"input":false,"amount":1.0,"description":"This is one ha of baling","internalId":1,"flow":{"@type":"Flow","@id":"563b0918-359e-3468-aeaa-971f0cafedc9","name":"Harvest, switchgrass","categoryPath":["Technosphere Flows","11: Agriculture, Forestry, Fishing and Hunting","1151: Support Activities for Crop Production"],"flowType":"PRODUCT_FLOW","location":"RNA","refUnit":"m2"},"unit":{"@type":"Unit","@id":"3ce61faa-5716-41c1-aef6-b5920054acc9","name":"m2"},"flowProperty":{"@type":"FlowProperty","@id":"93a60a56-a3c8-19da-a746-0800200c9a66","name":"Area","categoryPath":["Technical flow properties"]},"quantitativeReference":true},{"@type":"Exchange","avoidedProduct":false,"input":true,"amount":1.0,"internalId":3,"flow":{"@type":"Flow","@id":"49cfd0a9-5e1e-3076-a30c-9bf39e95555e","name":"Haying, by rotary tedder","categoryPath":["Technosphere Flows","CUTOFF Flows"],"flowType":"PRODUCT_FLOW","refUnit":"m2"},"unit":{"@type":"Unit","@id":"3ce61faa-5716-41c1-aef6-b5920054acc9","name":"m2"},"flowProperty":{"@type":"FlowProperty","@id":"93a60a56-a3c8-19da-a746-0800200c9a66","name":"Area","categoryPath":["Technical flow properties"]}},{"@type":"Exchange","avoidedProduct":false,"input":true,"amount":1.0,"internalId":2,"flow":{"@type":"Flow","@id":"60cb562b-0086-3c2f-bd09-097d361f8b29","name":"Baling","categoryPath":["Technosphere Flows","CUTOFF Flows"],"flowType":"PRODUCT_FLOW","refUnit":"m2"},"unit":{"@type":"Unit","@id":"3ce61faa-5716-41c1-aef6-b5920054acc9","name":"m2"},"flowProperty":{"@type":"FlowProperty","@id":"93a60a56-a3c8-19da-a746-0800200c9a66","name":"Area","categoryPath":["Technical flow properties"]}},{"@type":"Exchange","avoidedProduct":false,"input":true,"amount":1.0,"internalId":4,"flow":{"@type":"Flow","@id":"49d82e09-4d99-3a57-aa1c-6402825d7fa5","name":"Swath, by rotary windrower","categoryPath":["Technosphere Flows","CUTOFF Flows"],"flowType":"PRODUCT_FLOW","refUnit":"m2"},"unit":{"@type":"Unit","@id":"3ce61faa-5716-41c1-aef6-b5920054acc9","name":"m2"},"flowProperty":{"@type":"FlowProperty","@id":"93a60a56-a3c8-19da-a746-0800200c9a66","name":"Area","categoryPath":["Technical flow properties"]}}]}