{"@context":"http://greendelta.github.io/olca-schema/context.jsonld","@type":"Process","@id":"a336a2a7-c6a8-38a5-81e3-2709095fd85f","name":"Fuels, burned at uncoated mechanical paper, average production, at mill","description":"Uncoated mechanical paper, average North American production, at mill.  All flows are production-weighted means. Data were developed for a full LCA that was critically reviewed.  Reviewers were: • Martha Stevenson, Chairperson – Private Consultant to the public interest with ten years of experience in sustainability, environmental management, packaging and materials recovery; led the development of the Design Guidelines for Sustainable Packaging and the COMPASS software used to compare the environmental impacts of package designs; • Pascal Lesage – Life cycle assessment consultant, Researcher at École Polytechnique de Montréal [at the Inter-University Research Centre for the Life Cycle of Products, Processes and Services (CIRAIG) in Montreal]; and • Dale Phenicie, Environmental Affairs Consulting – Consultant with 35 years of experience in environmental protection and process consulting for the forest products industry. Has served on several U.S. EPA Task Forces dealing with water quality issues and authored several AF\u0026PA Environmental, Health and Safety/Sustainability reports.","version":"00.00.003","lastChange":"2020-04-15T14:59:31.084-06:00","category":{"@type":"Category","@id":"cbcdb90f-432a-3a1b-a8ec-b2b8f369021d","name":"3221: Pulp, Paper, and Paperboard Mills","categoryPath":["31-33: Manufacturing"],"categoryType":"Process"},"processType":"UNIT_PROCESS","defaultAllocationMethod":"NO_ALLOCATION","infrastructureProcess":false,"location":{"@type":"Location","@id":"b320e7db-c758-3ba6-8839-81eb83c9d7d7","name":"Northern America"},"processDocumentation":{"@type":"ProcessDocumentation","timeDescription":"Primary data collected from participating companies and associations for their operational activities are representative for 2006 and 2007. ","technologyDescription":"current technology mix for uncoated mechanical paper","reviewDetails":"unknown","samplingDescription":"The survey included results from 8 mills representing 1.7 million short tons per year (TPY), nearly 61% of 2006/2007 North American production volume. ","restrictionsDescription":"All information can be accessed by everybody.","copyright":false,"validFrom":"2005-12-31-07:00","validUntil":"2005-12-31-07:00","creationDate":"2014-08-25T07:06:27-06:00","reviewer":{"@type":"Actor","@id":"c71c2be4-29ec-3a4c-80a6-77242fa644f1","name":"Martha Stevenson"},"dataDocumentor":{"@type":"Actor","@id":"bf3f36bd-8fbb-33a7-8317-3a366007dd91","name":"Chantal Lavigne"},"dataGenerator":{"@type":"Actor","@id":"0d6cba77-2eff-3519-92d7-8a87dab88049","name":"Caroline Gaudreault"},"publication":{"@type":"Source","@id":"e6f7d676-1804-3acf-b7e8-82cf84db3281","name":"AF\u0026PA (2010). Printing \u0026 Writing Papers LCA"},"sources":[{"@type":"Source","@id":"e6f7d676-1804-3acf-b7e8-82cf84db3281","name":"AF\u0026PA (2010). Printing \u0026 Writing Papers LCA"}]},"lastInternalId":0,"exchanges":[{"@type":"Exchange","avoidedProduct":false,"input":false,"amount":8061.0,"internalId":1,"flow":{"@type":"Flow","@id":"341b4c31-8b79-3d2c-9b99-21e74a8ab3cf","name":"Fuels, burned at uncoated mechanical paper, average production, at mill","categoryPath":["Technosphere Flows","31-33: Manufacturing","3221: Pulp, Paper, and Paperboard Mills"],"flowType":"PRODUCT_FLOW","location":"RNA","refUnit":"MJ"},"unit":{"@type":"Unit","@id":"52765a6c-3896-43c2-b2f4-c679acf13efe","name":"MJ"},"flowProperty":{"@type":"FlowProperty","@id":"f6811440-ee37-11de-8a39-0800200c9a66","name":"Energy","categoryPath":["Technical flow properties"]},"quantitativeReference":true},{"@type":"Exchange","avoidedProduct":false,"input":false,"amount":9.8354E-6,"description":"From spent liquor recovery, non-recyclable paper combustion and wastewater residuals combustion","internalId":51,"flow":{"@type":"Flow","@id":"b15117ec-3b8e-35de-bef2-00aec1b9636e","name":"Copper","categoryPath":["Elementary Flows","emission","air"],"flowType":"ELEMENTARY_FLOW","refUnit":"kg"},"unit":{"@type":"Unit","@id":"20aadc24-a391-41cf-b340-3e4529f44bde","name":"kg"},"flowProperty":{"@type":"FlowProperty","@id":"93a60a56-a3c8-11da-a746-0800200b9a66","name":"Mass","categoryPath":["Technical flow properties"]}},{"@type":"Exchange","avoidedProduct":false,"input":true,"amount":0.072754,"description":"Gasoline and kerosene, assumed to be gasoline.","internalId":4,"defaultProvider":{"@type":"Process","@id":"32a3732b-30c8-3605-8306-ca12599f8e91","name":"Gasoline, combusted in equipment, at pulp and paper mill (EXCL.)","categoryPath":["31-33: Manufacturing","3221: Pulp, Paper, and Paperboard Mills"],"processType":"UNIT_PROCESS","location":"RNA"},"flow":{"@type":"Flow","@id":"a9f20cd5-506f-3e75-b62e-c39872598439","name":"Gasoline, combusted in equipment, at pulp and paper mill (EXCL.)","categoryPath":["Technosphere Flows","31-33: Manufacturing","3221: Pulp, Paper, and Paperboard Mills"],"flowType":"PRODUCT_FLOW","location":"RNA","refUnit":"m3"},"unit":{"@type":"Unit","@id":"b80a512e-e402-4363-8ad0-7d02dcf4a459","name":"l"},"flowProperty":{"@type":"FlowProperty","@id":"93a60a56-a3c8-22da-a746-0800200c9a66","name":"Volume","categoryPath":["Technical flow properties"]}},{"@type":"Exchange","avoidedProduct":false,"input":false,"amount":5.2981E-6,"description":"From spent liquor recovery, non-recyclable paper combustion and wastewater residuals combustion","internalId":20,"flow":{"@type":"Flow","@id":"9fc17701-9417-3281-b9a3-d7ab3ecc1c57","name":"Chloroform","categoryPath":["Elementary Flows","emission","air"],"flowType":"ELEMENTARY_FLOW","refUnit":"kg"},"unit":{"@type":"Unit","@id":"20aadc24-a391-41cf-b340-3e4529f44bde","name":"kg"},"flowProperty":{"@type":"FlowProperty","@id":"93a60a56-a3c8-11da-a746-0800200b9a66","name":"Mass","categoryPath":["Technical flow properties"]}},{"@type":"Exchange","avoidedProduct":false,"input":false,"amount":4.1285E-7,"description":"From spent liquor recovery, non-recyclable paper combustion and wastewater residuals combustion","internalId":14,"flow":{"@type":"Flow","@id":"2b16d0b5-4713-3bb8-be5b-905382f0e8a8","name":"Arsenic","categoryPath":["Elementary Flows","emission","air"],"flowType":"ELEMENTARY_FLOW","refUnit":"kg"},"unit":{"@type":"Unit","@id":"20aadc24-a391-41cf-b340-3e4529f44bde","name":"kg"},"flowProperty":{"@type":"FlowProperty","@id":"93a60a56-a3c8-11da-a746-0800200b9a66","name":"Mass","categoryPath":["Technical flow properties"]}},{"@type":"Exchange","avoidedProduct":false,"input":true,"amount":0.14981,"internalId":65,"defaultProvider":{"@type":"Process","@id":"d549cd32-3e84-327e-86e8-452772ff7c56","name":"LPG, combusted in industrial boiler, at pulp and paper mill (EXCL.)","categoryPath":["31-33: Manufacturing","3221: Pulp, Paper, and Paperboard Mills"],"processType":"UNIT_PROCESS","location":"RNA"},"flow":{"@type":"Flow","@id":"4c536a81-63c3-3f13-9e03-4dae3da1a6df","name":"LPG, combusted in industrial boiler, at pulp and paper mill (EXCL.)","categoryPath":["Technosphere Flows","31-33: Manufacturing","3221: Pulp, Paper, and Paperboard Mills"],"flowType":"PRODUCT_FLOW","location":"RNA","refUnit":"m3"},"unit":{"@type":"Unit","@id":"b80a512e-e402-4363-8ad0-7d02dcf4a459","name":"l"},"flowProperty":{"@type":"FlowProperty","@id":"93a60a56-a3c8-22da-a746-0800200c9a66","name":"Volume","categoryPath":["Technical flow properties"]}},{"@type":"Exchange","avoidedProduct":false,"input":false,"amount":3.9393E-6,"description":"From spent liquor recovery, non-recyclable paper combustion and wastewater residuals combustion","internalId":12,"flow":{"@type":"Flow","@id":"50f56ea3-e292-3c09-89d2-74466af5f11e","name":"Nickel","categoryPath":["Elementary Flows","emission","air"],"flowType":"ELEMENTARY_FLOW","refUnit":"kg"},"unit":{"@type":"Unit","@id":"20aadc24-a391-41cf-b340-3e4529f44bde","name":"kg"},"flowProperty":{"@type":"FlowProperty","@id":"93a60a56-a3c8-11da-a746-0800200b9a66","name":"Mass","categoryPath":["Technical flow properties"]}},{"@type":"Exchange","avoidedProduct":false,"input":false,"amount":6.5719E-4,"description":"From spent liquor recovery, non-recyclable paper combustion and wastewater residuals combustion","internalId":5,"flow":{"@type":"Flow","@id":"92991493-2713-38b5-93ec-4b1027471271","name":"Aldehydes, C3","categoryPath":["Elementary Flows","emission","air"],"flowType":"ELEMENTARY_FLOW","refUnit":"kg"},"unit":{"@type":"Unit","@id":"20aadc24-a391-41cf-b340-3e4529f44bde","name":"kg"},"flowProperty":{"@type":"FlowProperty","@id":"93a60a56-a3c8-11da-a746-0800200b9a66","name":"Mass","categoryPath":["Technical flow properties"]}},{"@type":"Exchange","avoidedProduct":false,"input":false,"amount":2.6263E-6,"description":"From spent liquor recovery, non-recyclable paper combustion and wastewater residuals combustion","internalId":43,"flow":{"@type":"Flow","@id":"984f3962-1a35-3813-bbf1-e3887be06b6f","name":"Tetrachloroethylene","categoryPath":["Elementary Flows","emission","air"],"flowType":"ELEMENTARY_FLOW","refUnit":"kg"},"unit":{"@type":"Unit","@id":"20aadc24-a391-41cf-b340-3e4529f44bde","name":"kg"},"flowProperty":{"@type":"FlowProperty","@id":"93a60a56-a3c8-11da-a746-0800200b9a66","name":"Mass","categoryPath":["Technical flow properties"]}},{"@type":"Exchange","avoidedProduct":false,"input":false,"amount":0.039096,"description":"From spent liquor recovery, non-recyclable paper combustion and wastewater residuals combustion","internalId":37,"flow":{"@type":"Flow","@id":"9bf19fc2-481a-3eda-b1f8-c5817718d975","name":"Trisodium phosphate","categoryPath":["Elementary Flows","emission","air"],"flowType":"ELEMENTARY_FLOW","refUnit":"kg"},"unit":{"@type":"Unit","@id":"20aadc24-a391-41cf-b340-3e4529f44bde","name":"kg"},"flowProperty":{"@type":"FlowProperty","@id":"93a60a56-a3c8-11da-a746-0800200b9a66","name":"Mass","categoryPath":["Technical flow properties"]}},{"@type":"Exchange","avoidedProduct":false,"input":false,"amount":1.2559E-5,"description":"From spent liquor recovery, non-recyclable paper combustion and wastewater residuals combustion","internalId":49,"flow":{"@type":"Flow","@id":"c0e826d9-ea03-3ea5-bf64-cb2f02b43003","name":"Silver","categoryPath":["Elementary Flows","emission","air"],"flowType":"ELEMENTARY_FLOW","refUnit":"kg"},"unit":{"@type":"Unit","@id":"20aadc24-a391-41cf-b340-3e4529f44bde","name":"kg"},"flowProperty":{"@type":"FlowProperty","@id":"93a60a56-a3c8-11da-a746-0800200b9a66","name":"Mass","categoryPath":["Technical flow properties"]}},{"@type":"Exchange","avoidedProduct":false,"input":false,"amount":0.008645,"description":"From spent liquor recovery, non-recyclable paper combustion and wastewater residuals combustion","internalId":63,"flow":{"@type":"Flow","@id":"e2230ed6-8d5e-3315-8bc9-ce337d1283ce","name":"Hydrochloric acid","categoryPath":["Elementary Flows","emission","air"],"flowType":"ELEMENTARY_FLOW","refUnit":"kg"},"unit":{"@type":"Unit","@id":"20aadc24-a391-41cf-b340-3e4529f44bde","name":"kg"},"flowProperty":{"@type":"FlowProperty","@id":"93a60a56-a3c8-11da-a746-0800200b9a66","name":"Mass","categoryPath":["Technical flow properties"]}},{"@type":"Exchange","avoidedProduct":false,"input":false,"amount":3.8391E-7,"description":"From spent liquor recovery, non-recyclable paper combustion and wastewater residuals combustion","internalId":64,"flow":{"@type":"Flow","@id":"e2c65e04-f613-33db-9a6e-4cb4577b0005","name":"Mercury","categoryPath":["Elementary Flows","emission","air"],"flowType":"ELEMENTARY_FLOW","refUnit":"kg"},"unit":{"@type":"Unit","@id":"20aadc24-a391-41cf-b340-3e4529f44bde","name":"kg"},"flowProperty":{"@type":"FlowProperty","@id":"93a60a56-a3c8-11da-a746-0800200b9a66","name":"Mass","categoryPath":["Technical flow properties"]}},{"@type":"Exchange","avoidedProduct":false,"input":false,"amount":1.9892E-4,"description":"From spent liquor recovery, non-recyclable paper combustion and wastewater residuals combustion","internalId":18,"flow":{"@type":"Flow","@id":"b6db14bd-73e9-3f02-852a-e8b5e60bbc61","name":"Selenium","categoryPath":["Elementary Flows","emission","air"],"flowType":"ELEMENTARY_FLOW","refUnit":"kg"},"unit":{"@type":"Unit","@id":"20aadc24-a391-41cf-b340-3e4529f44bde","name":"kg"},"flowProperty":{"@type":"FlowProperty","@id":"93a60a56-a3c8-11da-a746-0800200b9a66","name":"Mass","categoryPath":["Technical flow properties"]}},{"@type":"Exchange","avoidedProduct":false,"input":false,"amount":7.7111E-5,"description":"From spent liquor recovery, non-recyclable paper combustion and wastewater residuals combustion","internalId":58,"flow":{"@type":"Flow","@id":"16e9aaa4-b307-3860-a1af-e82f5a1dbd64","name":"Methyl isobutyl ketone","categoryPath":["Elementary Flows","emission","air"],"flowType":"ELEMENTARY_FLOW","refUnit":"kg"},"unit":{"@type":"Unit","@id":"20aadc24-a391-41cf-b340-3e4529f44bde","name":"kg"},"flowProperty":{"@type":"FlowProperty","@id":"93a60a56-a3c8-11da-a746-0800200b9a66","name":"Mass","categoryPath":["Technical flow properties"]}},{"@type":"Exchange","avoidedProduct":false,"input":false,"amount":1.8184E-5,"description":"From spent liquor recovery, non-recyclable paper combustion and wastewater residuals combustion","internalId":17,"flow":{"@type":"Flow","@id":"52e6476c-bc9d-3aa2-bfb8-6597393b87d1","name":"Biphenyl","categoryPath":["Elementary Flows","emission","air"],"flowType":"ELEMENTARY_FLOW","refUnit":"kg"},"unit":{"@type":"Unit","@id":"20aadc24-a391-41cf-b340-3e4529f44bde","name":"kg"},"flowProperty":{"@type":"FlowProperty","@id":"93a60a56-a3c8-11da-a746-0800200b9a66","name":"Mass","categoryPath":["Technical flow properties"]}},{"@type":"Exchange","avoidedProduct":false,"input":false,"amount":4.5613E-5,"description":"From spent liquor recovery, non-recyclable paper combustion and wastewater residuals combustion","internalId":59,"flow":{"@type":"Flow","@id":"f9fd0074-f765-3f38-a150-2ca0a82c37be","name":"Methylene chloride","categoryPath":["Elementary Flows","emission","air"],"flowType":"ELEMENTARY_FLOW","refUnit":"kg"},"unit":{"@type":"Unit","@id":"20aadc24-a391-41cf-b340-3e4529f44bde","name":"kg"},"flowProperty":{"@type":"FlowProperty","@id":"93a60a56-a3c8-11da-a746-0800200b9a66","name":"Mass","categoryPath":["Technical flow properties"]}},{"@type":"Exchange","avoidedProduct":false,"input":true,"amount":0.38086,"description":"All combusted. Not present in any database.","internalId":66,"defaultProvider":{"@type":"Process","@id":"a515132e-c816-34ea-9773-d56c11dc1cb0","name":"TDF, combusted in industrial boiler, at pulp and paper mill (EXCL.)","categoryPath":["31-33: Manufacturing","3221: Pulp, Paper, and Paperboard Mills"],"processType":"UNIT_PROCESS","location":"RNA"},"flow":{"@type":"Flow","@id":"73f6d99c-51b9-3e90-b358-b7caa6cbfe21","name":"TDF, combusted in industrial boiler, at pulp and paper mill (EXCL.)","categoryPath":["Technosphere Flows","31-33: Manufacturing","3221: Pulp, Paper, and Paperboard Mills"],"flowType":"PRODUCT_FLOW","location":"RNA","refUnit":"kg"},"unit":{"@type":"Unit","@id":"20aadc24-a391-41cf-b340-3e4529f44bde","name":"kg"},"flowProperty":{"@type":"FlowProperty","@id":"93a60a56-a3c8-11da-a746-0800200b9a66","name":"Mass","categoryPath":["Technical flow properties"]}},{"@type":"Exchange","avoidedProduct":false,"input":false,"amount":4.2899E-4,"description":"From spent liquor recovery, non-recyclable paper combustion and wastewater residuals combustion","internalId":41,"flow":{"@type":"Flow","@id":"8ec7f708-9411-37a7-80df-4096d397c513","name":"Cresol","categoryPath":["Elementary Flows","emission","air"],"flowType":"ELEMENTARY_FLOW","refUnit":"kg"},"unit":{"@type":"Unit","@id":"20aadc24-a391-41cf-b340-3e4529f44bde","name":"kg"},"flowProperty":{"@type":"FlowProperty","@id":"93a60a56-a3c8-11da-a746-0800200b9a66","name":"Mass","categoryPath":["Technical flow properties"]}},{"@type":"Exchange","avoidedProduct":false,"input":true,"amount":34.021,"description":"All combusted on site.  Actually received at supplier, not refinery.","internalId":16,"defaultProvider":{"@type":"Process","@id":"7ee5b4ca-1a5e-3d26-8e79-0805a115e444","name":"RFO, combusted in industrial boiler, at pulp and paper mill (EXCL.)","categoryPath":["31-33: Manufacturing","3221: Pulp, Paper, and Paperboard Mills"],"processType":"UNIT_PROCESS","location":"RNA"},"flow":{"@type":"Flow","@id":"11b6f8e6-4c6c-395a-a27a-2609c58d32a0","name":"RFO, combusted in industrial boiler, at pulp and paper mill (EXCL.)","categoryPath":["Technosphere Flows","31-33: Manufacturing","3221: Pulp, Paper, and Paperboard Mills"],"flowType":"PRODUCT_FLOW","location":"RNA","refUnit":"m3"},"unit":{"@type":"Unit","@id":"b80a512e-e402-4363-8ad0-7d02dcf4a459","name":"l"},"flowProperty":{"@type":"FlowProperty","@id":"93a60a56-a3c8-22da-a746-0800200c9a66","name":"Volume","categoryPath":["Technical flow properties"]}},{"@type":"Exchange","avoidedProduct":false,"input":false,"amount":0.00171,"description":"From spent liquor recovery, non-recyclable paper combustion and wastewater residuals combustion","internalId":54,"flow":{"@type":"Flow","@id":"09dc3fe9-7e57-321f-9e04-34375bf2a0b7","name":"Acetaldehyde","categoryPath":["Elementary Flows","emission","air"],"flowType":"ELEMENTARY_FLOW","refUnit":"kg"},"unit":{"@type":"Unit","@id":"20aadc24-a391-41cf-b340-3e4529f44bde","name":"kg"},"flowProperty":{"@type":"FlowProperty","@id":"93a60a56-a3c8-11da-a746-0800200b9a66","name":"Mass","categoryPath":["Technical flow properties"]}},{"@type":"Exchange","avoidedProduct":false,"input":false,"amount":0.0087684,"description":"From spent liquor recovery, non-recyclable paper combustion and wastewater residuals combustion","internalId":28,"flow":{"@type":"Flow","@id":"aab83476-ec6c-3742-af85-15d320b7ce80","name":"Methane","categoryPath":["Elementary Flows","emission","air"],"flowType":"ELEMENTARY_FLOW","refUnit":"kg"},"unit":{"@type":"Unit","@id":"20aadc24-a391-41cf-b340-3e4529f44bde","name":"kg"},"flowProperty":{"@type":"FlowProperty","@id":"93a60a56-a3c8-11da-a746-0800200b9a66","name":"Mass","categoryPath":["Technical flow properties"]}},{"@type":"Exchange","avoidedProduct":false,"input":false,"amount":9.5626E-5,"description":"From spent liquor recovery, non-recyclable paper combustion and wastewater residuals combustion","internalId":7,"flow":{"@type":"Flow","@id":"8f6e0975-9a80-3709-8ee7-1e4c0a9c9e1c","name":"Cumene","categoryPath":["Elementary Flows","emission","air"],"flowType":"ELEMENTARY_FLOW","refUnit":"kg"},"unit":{"@type":"Unit","@id":"20aadc24-a391-41cf-b340-3e4529f44bde","name":"kg"},"flowProperty":{"@type":"FlowProperty","@id":"93a60a56-a3c8-11da-a746-0800200b9a66","name":"Mass","categoryPath":["Technical flow properties"]}},{"@type":"Exchange","avoidedProduct":false,"input":true,"amount":0.7856,"description":"Proxy for light fuel oil. ","internalId":19,"defaultProvider":{"@type":"Process","@id":"0924e625-e201-374c-8628-0c44df929cdd","name":"Diesel, combusted in industrial boiler, at pulp and paper mill (EXCL.)","categoryPath":["31-33: Manufacturing","3221: Pulp, Paper, and Paperboard Mills"],"processType":"UNIT_PROCESS","location":"RNA"},"flow":{"@type":"Flow","@id":"e184833d-06cf-3cac-9fd8-df1dc06bb137","name":"Diesel, combusted in industrial boiler, at pulp and paper mill (EXCL.)","categoryPath":["Technosphere Flows","31-33: Manufacturing","3221: Pulp, Paper, and Paperboard Mills"],"flowType":"PRODUCT_FLOW","location":"RNA","refUnit":"m3"},"unit":{"@type":"Unit","@id":"b80a512e-e402-4363-8ad0-7d02dcf4a459","name":"l"},"flowProperty":{"@type":"FlowProperty","@id":"93a60a56-a3c8-22da-a746-0800200c9a66","name":"Volume","categoryPath":["Technical flow properties"]}},{"@type":"Exchange","avoidedProduct":false,"input":false,"amount":0.0061777,"description":"From spent liquor recovery, non-recyclable paper combustion and wastewater residuals combustion","internalId":45,"flow":{"@type":"Flow","@id":"cfee0524-7ad6-300b-b050-6249135a2492","name":"Nitrous oxide","categoryPath":["Elementary Flows","emission","air"],"flowType":"ELEMENTARY_FLOW","refUnit":"kg"},"unit":{"@type":"Unit","@id":"20aadc24-a391-41cf-b340-3e4529f44bde","name":"kg"},"flowProperty":{"@type":"FlowProperty","@id":"93a60a56-a3c8-11da-a746-0800200b9a66","name":"Mass","categoryPath":["Technical flow properties"]}},{"@type":"Exchange","avoidedProduct":false,"input":false,"amount":8.3502E-4,"description":"From spent liquor recovery, non-recyclable paper combustion and wastewater residuals combustion","internalId":2,"flow":{"@type":"Flow","@id":"a257b8d3-62dd-37ad-b429-73d96c97165c","name":"Formaldehyde","categoryPath":["Elementary Flows","emission","air"],"flowType":"ELEMENTARY_FLOW","refUnit":"kg"},"unit":{"@type":"Unit","@id":"20aadc24-a391-41cf-b340-3e4529f44bde","name":"kg"},"flowProperty":{"@type":"FlowProperty","@id":"93a60a56-a3c8-11da-a746-0800200b9a66","name":"Mass","categoryPath":["Technical flow properties"]}},{"@type":"Exchange","avoidedProduct":false,"input":false,"amount":3.0353E-5,"description":"From spent liquor recovery, non-recyclable paper combustion and wastewater residuals combustion","internalId":60,"flow":{"@type":"Flow","@id":"69bc8b47-09b5-3a09-b7f4-3e4d2925ce5a","name":"Styrene","categoryPath":["Elementary Flows","emission","air"],"flowType":"ELEMENTARY_FLOW","refUnit":"kg"},"unit":{"@type":"Unit","@id":"20aadc24-a391-41cf-b340-3e4529f44bde","name":"kg"},"flowProperty":{"@type":"FlowProperty","@id":"93a60a56-a3c8-11da-a746-0800200b9a66","name":"Mass","categoryPath":["Technical flow properties"]}},{"@type":"Exchange","avoidedProduct":false,"input":false,"amount":2.3946E-13,"description":"From spent liquor recovery, non-recyclable paper combustion and wastewater residuals combustion","internalId":40,"flow":{"@type":"Flow","@id":"ceb19cad-78ed-3635-902c-d7ac03e5b830","name":"2,3,7,8-Tetrachlorodibenzo-p-dioxin","categoryPath":["Elementary Flows","emission","air"],"flowType":"ELEMENTARY_FLOW","refUnit":"kg"},"unit":{"@type":"Unit","@id":"20aadc24-a391-41cf-b340-3e4529f44bde","name":"kg"},"flowProperty":{"@type":"FlowProperty","@id":"93a60a56-a3c8-11da-a746-0800200b9a66","name":"Mass","categoryPath":["Technical flow properties"]}},{"@type":"Exchange","avoidedProduct":false,"input":true,"amount":93.646,"internalId":61,"defaultProvider":{"@type":"Process","@id":"4d7e8233-af87-31fc-b497-592383d4008a","name":"Natural gas, combusted in industrial boiler, at pulp and paper mill (EXCL.)","categoryPath":["31-33: Manufacturing","3221: Pulp, Paper, and Paperboard Mills"],"processType":"UNIT_PROCESS","location":"RNA"},"flow":{"@type":"Flow","@id":"88cece78-622d-322a-9bae-dab8e4183545","name":"Natural gas, combusted in industrial boiler, at pulp and paper mill (EXCL.)","categoryPath":["Technosphere Flows","31-33: Manufacturing","3221: Pulp, Paper, and Paperboard Mills"],"flowType":"PRODUCT_FLOW","location":"RNA","refUnit":"m3"},"unit":{"@type":"Unit","@id":"1c3a9695-398d-4b1f-b07e-a8715b610f70","name":"m3"},"flowProperty":{"@type":"FlowProperty","@id":"93a60a56-a3c8-22da-a746-0800200c9a66","name":"Volume","categoryPath":["Technical flow properties"]}},{"@type":"Exchange","avoidedProduct":false,"input":true,"amount":45.359,"internalId":11,"defaultProvider":{"@type":"Process","@id":"accc6b3b-6793-3964-b89d-82066f6977fc","name":"Bituminous coal, combusted in industrial boiler, at pulp and paper mill (EXCL.)","categoryPath":["31-33: Manufacturing","3221: Pulp, Paper, and Paperboard Mills"],"processType":"UNIT_PROCESS","location":"RNA"},"flow":{"@type":"Flow","@id":"f1e8d961-1c36-3b57-a3fa-73b1be2bc1c5","name":"Bituminous coal, combusted in industrial boiler, at pulp and paper mill (EXCL.)","categoryPath":["Technosphere Flows","31-33: Manufacturing","3221: Pulp, Paper, and Paperboard Mills"],"flowType":"PRODUCT_FLOW","location":"RNA","refUnit":"kg"},"unit":{"@type":"Unit","@id":"20aadc24-a391-41cf-b340-3e4529f44bde","name":"kg"},"flowProperty":{"@type":"FlowProperty","@id":"93a60a56-a3c8-11da-a746-0800200b9a66","name":"Mass","categoryPath":["Technical flow properties"]}},{"@type":"Exchange","avoidedProduct":false,"input":true,"amount":55.754,"description":"Combustion of self-generated hogged fuel from pulpwood. Wood inputs are accounted for in the process named Uncoated mechanical paper, average production, at mill","internalId":29,"defaultProvider":{"@type":"Process","@id":"7906c042-7330-3046-9b9a-92a4af4f2150","name":"Hog fuel, self-gen., combusted in ind. boiler, at pulp and paper mill (EXCL.)","categoryPath":["31-33: Manufacturing","3221: Pulp, Paper, and Paperboard Mills"],"processType":"UNIT_PROCESS","location":"RNA"},"flow":{"@type":"Flow","@id":"64aec2f1-a029-3332-8f3b-8e8e2a865f61","name":"Hog fuel, self-gen., combusted in ind. boiler, at pulp and paper mill (EXCL.)","categoryPath":["Technosphere Flows","31-33: Manufacturing","3221: Pulp, Paper, and Paperboard Mills"],"flowType":"PRODUCT_FLOW","location":"RNA","refUnit":"kg"},"unit":{"@type":"Unit","@id":"20aadc24-a391-41cf-b340-3e4529f44bde","name":"kg"},"flowProperty":{"@type":"FlowProperty","@id":"93a60a56-a3c8-11da-a746-0800200b9a66","name":"Mass","categoryPath":["Technical flow properties"]}},{"@type":"Exchange","avoidedProduct":false,"input":false,"amount":3.9094E-5,"description":"From spent liquor recovery, non-recyclable paper combustion and wastewater residuals combustion","internalId":35,"flow":{"@type":"Flow","@id":"ba9cee15-a144-3c38-9a3b-36931d4e64e9","name":"Acrolein","categoryPath":["Elementary Flows","emission","air"],"flowType":"ELEMENTARY_FLOW","refUnit":"kg"},"unit":{"@type":"Unit","@id":"20aadc24-a391-41cf-b340-3e4529f44bde","name":"kg"},"flowProperty":{"@type":"FlowProperty","@id":"93a60a56-a3c8-11da-a746-0800200b9a66","name":"Mass","categoryPath":["Technical flow properties"]}},{"@type":"Exchange","avoidedProduct":false,"input":false,"amount":4.086E-6,"description":"From spent liquor recovery, non-recyclable paper combustion and wastewater residuals combustion","internalId":46,"flow":{"@type":"Flow","@id":"2a38b77f-5e72-3a0e-b331-7ce360ac47a1","name":"Trichloroethylene","categoryPath":["Elementary Flows","emission","air"],"flowType":"ELEMENTARY_FLOW","refUnit":"kg"},"unit":{"@type":"Unit","@id":"20aadc24-a391-41cf-b340-3e4529f44bde","name":"kg"},"flowProperty":{"@type":"FlowProperty","@id":"93a60a56-a3c8-11da-a746-0800200b9a66","name":"Mass","categoryPath":["Technical flow properties"]}},{"@type":"Exchange","avoidedProduct":false,"input":false,"amount":7.8339E-6,"description":"From spent liquor recovery, non-recyclable paper combustion and wastewater residuals combustion","internalId":25,"flow":{"@type":"Flow","@id":"0c56aee4-7e22-3e85-8e83-34829f3e8304","name":"1,1,1-Trichloroethane","categoryPath":["Elementary Flows","emission","air"],"flowType":"ELEMENTARY_FLOW","refUnit":"kg"},"unit":{"@type":"Unit","@id":"20aadc24-a391-41cf-b340-3e4529f44bde","name":"kg"},"flowProperty":{"@type":"FlowProperty","@id":"93a60a56-a3c8-11da-a746-0800200b9a66","name":"Mass","categoryPath":["Technical flow properties"]}},{"@type":"Exchange","avoidedProduct":false,"input":false,"amount":6.6391E-5,"description":"From spent liquor recovery, non-recyclable paper combustion and wastewater residuals combustion","internalId":13,"flow":{"@type":"Flow","@id":"5fe16b97-3332-38eb-8030-b62db19473eb","name":"Carbon disulfide","categoryPath":["Elementary Flows","emission","air"],"flowType":"ELEMENTARY_FLOW","refUnit":"kg"},"unit":{"@type":"Unit","@id":"20aadc24-a391-41cf-b340-3e4529f44bde","name":"kg"},"flowProperty":{"@type":"FlowProperty","@id":"93a60a56-a3c8-11da-a746-0800200b9a66","name":"Mass","categoryPath":["Technical flow properties"]}},{"@type":"Exchange","avoidedProduct":false,"input":false,"amount":1.1521,"description":"From all combustion processes at pulp and paper mill.","internalId":27,"flow":{"@type":"Flow","@id":"a742c00e-7148-3f99-9ecc-16bb46bd2f4f","name":"Nitrogen dioxide","categoryPath":["Elementary Flows","emission","air"],"flowType":"ELEMENTARY_FLOW","refUnit":"kg"},"unit":{"@type":"Unit","@id":"20aadc24-a391-41cf-b340-3e4529f44bde","name":"kg"},"flowProperty":{"@type":"FlowProperty","@id":"93a60a56-a3c8-11da-a746-0800200b9a66","name":"Mass","categoryPath":["Technical flow properties"]}},{"@type":"Exchange","avoidedProduct":false,"input":false,"amount":1.2774E-4,"description":"From spent liquor recovery, non-recyclable paper combustion and wastewater residuals combustion","internalId":15,"flow":{"@type":"Flow","@id":"9a474c27-63f9-3d0d-a74c-465fd97400e7","name":"Manganese","categoryPath":["Elementary Flows","emission","air"],"flowType":"ELEMENTARY_FLOW","refUnit":"kg"},"unit":{"@type":"Unit","@id":"20aadc24-a391-41cf-b340-3e4529f44bde","name":"kg"},"flowProperty":{"@type":"FlowProperty","@id":"93a60a56-a3c8-11da-a746-0800200b9a66","name":"Mass","categoryPath":["Technical flow properties"]}},{"@type":"Exchange","avoidedProduct":false,"input":false,"amount":0.0029436,"description":"From spent liquor recovery, non-recyclable paper combustion and wastewater residuals combustion","internalId":56,"flow":{"@type":"Flow","@id":"0838fbf7-0add-3353-ba9a-b187edeb85d6","name":"Sulfuric acid","categoryPath":["Elementary Flows","emission","air"],"flowType":"ELEMENTARY_FLOW","refUnit":"kg"},"unit":{"@type":"Unit","@id":"20aadc24-a391-41cf-b340-3e4529f44bde","name":"kg"},"flowProperty":{"@type":"FlowProperty","@id":"93a60a56-a3c8-11da-a746-0800200b9a66","name":"Mass","categoryPath":["Technical flow properties"]}},{"@type":"Exchange","avoidedProduct":false,"input":false,"amount":2.2459E-5,"description":"From spent liquor recovery, non-recyclable paper combustion and wastewater residuals combustion","internalId":39,"flow":{"@type":"Flow","@id":"2b548673-879c-3885-afe9-2439ce6a47f1","name":"1,2,4-Trichlorobenzene","categoryPath":["Elementary Flows","emission","air"],"flowType":"ELEMENTARY_FLOW","refUnit":"kg"},"unit":{"@type":"Unit","@id":"20aadc24-a391-41cf-b340-3e4529f44bde","name":"kg"},"flowProperty":{"@type":"FlowProperty","@id":"93a60a56-a3c8-11da-a746-0800200b9a66","name":"Mass","categoryPath":["Technical flow properties"]}},{"@type":"Exchange","avoidedProduct":false,"input":false,"amount":3.9705E-7,"description":"From spent liquor recovery, non-recyclable paper combustion and wastewater residuals combustion","internalId":62,"flow":{"@type":"Flow","@id":"c19f72d2-41a0-3218-ba4f-61fa392accd6","name":"Benzo[ghi]perylene","categoryPath":["Elementary Flows","emission","air"],"flowType":"ELEMENTARY_FLOW","refUnit":"kg"},"unit":{"@type":"Unit","@id":"20aadc24-a391-41cf-b340-3e4529f44bde","name":"kg"},"flowProperty":{"@type":"FlowProperty","@id":"93a60a56-a3c8-11da-a746-0800200b9a66","name":"Mass","categoryPath":["Technical flow properties"]}},{"@type":"Exchange","avoidedProduct":false,"input":false,"amount":7.5213E-5,"description":"From spent liquor recovery, non-recyclable paper combustion and wastewater residuals combustion","internalId":53,"flow":{"@type":"Flow","@id":"3f72fe9c-b003-38ee-b8d2-13a84f60506c","name":"Toluene","categoryPath":["Elementary Flows","emission","air"],"flowType":"ELEMENTARY_FLOW","refUnit":"kg"},"unit":{"@type":"Unit","@id":"20aadc24-a391-41cf-b340-3e4529f44bde","name":"kg"},"flowProperty":{"@type":"FlowProperty","@id":"93a60a56-a3c8-11da-a746-0800200b9a66","name":"Mass","categoryPath":["Technical flow properties"]}},{"@type":"Exchange","avoidedProduct":false,"input":false,"amount":1.7327E-5,"description":"From spent liquor recovery, non-recyclable paper combustion and wastewater residuals combustion","internalId":33,"flow":{"@type":"Flow","@id":"2e6af10c-ada7-3e44-9243-3fc7dd9f580d","name":"1,1,2-Trichloroethane","categoryPath":["Elementary Flows","emission","air"],"flowType":"ELEMENTARY_FLOW","refUnit":"kg"},"unit":{"@type":"Unit","@id":"20aadc24-a391-41cf-b340-3e4529f44bde","name":"kg"},"flowProperty":{"@type":"FlowProperty","@id":"93a60a56-a3c8-11da-a746-0800200b9a66","name":"Mass","categoryPath":["Technical flow properties"]}},{"@type":"Exchange","avoidedProduct":false,"input":false,"amount":0.059292,"description":"From spent liquor recovery, non-recyclable paper combustion and wastewater residuals combustion","internalId":55,"flow":{"@type":"Flow","@id":"187c525c-3715-388c-b303-a0671524a615","name":"Carbon monoxide","categoryPath":["Elementary Flows","emission","air"],"flowType":"ELEMENTARY_FLOW","refUnit":"kg"},"unit":{"@type":"Unit","@id":"20aadc24-a391-41cf-b340-3e4529f44bde","name":"kg"},"flowProperty":{"@type":"FlowProperty","@id":"93a60a56-a3c8-11da-a746-0800200b9a66","name":"Mass","categoryPath":["Technical flow properties"]}},{"@type":"Exchange","avoidedProduct":false,"input":false,"amount":2.5249,"description":"From all combustion processes at pulp and paper mill.","internalId":23,"flow":{"@type":"Flow","@id":"f4973035-59f5-3bdc-b257-b274dcc04e0f","name":"Sulfur dioxide","categoryPath":["Elementary Flows","emission","air"],"flowType":"ELEMENTARY_FLOW","refUnit":"kg"},"unit":{"@type":"Unit","@id":"20aadc24-a391-41cf-b340-3e4529f44bde","name":"kg"},"flowProperty":{"@type":"FlowProperty","@id":"93a60a56-a3c8-11da-a746-0800200b9a66","name":"Mass","categoryPath":["Technical flow properties"]}},{"@type":"Exchange","avoidedProduct":false,"input":false,"amount":2.5777E-5,"description":"From spent liquor recovery, non-recyclable paper combustion and wastewater residuals combustion","internalId":36,"flow":{"@type":"Flow","@id":"435bfa52-d2d3-3760-abf4-27de892972ac","name":"Zinc","categoryPath":["Elementary Flows","emission","air"],"flowType":"ELEMENTARY_FLOW","refUnit":"kg"},"unit":{"@type":"Unit","@id":"20aadc24-a391-41cf-b340-3e4529f44bde","name":"kg"},"flowProperty":{"@type":"FlowProperty","@id":"93a60a56-a3c8-11da-a746-0800200b9a66","name":"Mass","categoryPath":["Technical flow properties"]}},{"@type":"Exchange","avoidedProduct":false,"input":false,"amount":2.1042E-7,"description":"From spent liquor recovery, non-recyclable paper combustion and wastewater residuals combustion","internalId":34,"flow":{"@type":"Flow","@id":"7e3145d3-a1a3-36d0-ae11-d380127cde8b","name":"Vanadium","categoryPath":["Elementary Flows","emission","air"],"flowType":"ELEMENTARY_FLOW","refUnit":"kg"},"unit":{"@type":"Unit","@id":"20aadc24-a391-41cf-b340-3e4529f44bde","name":"kg"},"flowProperty":{"@type":"FlowProperty","@id":"93a60a56-a3c8-11da-a746-0800200b9a66","name":"Mass","categoryPath":["Technical flow properties"]}},{"@type":"Exchange","avoidedProduct":false,"input":false,"amount":5.8897E-6,"description":"From spent liquor recovery, non-recyclable paper combustion and wastewater residuals combustion","internalId":24,"flow":{"@type":"Flow","@id":"f7467352-e7d9-3924-b763-f26bb26ce4cc","name":"Carbon tetrachloride","categoryPath":["Elementary Flows","emission","air"],"flowType":"ELEMENTARY_FLOW","refUnit":"kg"},"unit":{"@type":"Unit","@id":"20aadc24-a391-41cf-b340-3e4529f44bde","name":"kg"},"flowProperty":{"@type":"FlowProperty","@id":"93a60a56-a3c8-11da-a746-0800200b9a66","name":"Mass","categoryPath":["Technical flow properties"]}},{"@type":"Exchange","avoidedProduct":false,"input":false,"amount":3.2678E-5,"description":"From spent liquor recovery, non-recyclable paper combustion and wastewater residuals combustion","internalId":3,"flow":{"@type":"Flow","@id":"c19325cf-8ba0-34b3-b560-7e2db346d382","name":"Polycyclic organic matter","categoryPath":["Elementary Flows","emission","air"],"flowType":"ELEMENTARY_FLOW","refUnit":"kg"},"unit":{"@type":"Unit","@id":"20aadc24-a391-41cf-b340-3e4529f44bde","name":"kg"},"flowProperty":{"@type":"FlowProperty","@id":"93a60a56-a3c8-11da-a746-0800200b9a66","name":"Mass","categoryPath":["Technical flow properties"]}},{"@type":"Exchange","avoidedProduct":false,"input":false,"amount":0.010243,"description":"Total reduced sulfur assumed to be hydrogen sulfide. From all combustion processes at pulp and paper mill.","internalId":8,"flow":{"@type":"Flow","@id":"f8cbcd43-8201-3b05-b19a-82d305414af4","name":"Hydrogen sulfide","categoryPath":["Elementary Flows","emission","air"],"flowType":"ELEMENTARY_FLOW","refUnit":"kg"},"unit":{"@type":"Unit","@id":"20aadc24-a391-41cf-b340-3e4529f44bde","name":"kg"},"flowProperty":{"@type":"FlowProperty","@id":"93a60a56-a3c8-11da-a746-0800200b9a66","name":"Mass","categoryPath":["Technical flow properties"]}},{"@type":"Exchange","avoidedProduct":false,"input":false,"amount":2.1745E-6,"description":"From spent liquor recovery, non-recyclable paper combustion and wastewater residuals combustion","internalId":52,"flow":{"@type":"Flow","@id":"fe829136-3042-36e6-b4cb-7ff591e8db98","name":"Lead","categoryPath":["Elementary Flows","emission","air"],"flowType":"ELEMENTARY_FLOW","refUnit":"kg"},"unit":{"@type":"Unit","@id":"20aadc24-a391-41cf-b340-3e4529f44bde","name":"kg"},"flowProperty":{"@type":"FlowProperty","@id":"93a60a56-a3c8-11da-a746-0800200b9a66","name":"Mass","categoryPath":["Technical flow properties"]}},{"@type":"Exchange","avoidedProduct":false,"input":false,"amount":7.1085E-5,"description":"From spent liquor recovery, non-recyclable paper combustion and wastewater residuals combustion","internalId":30,"flow":{"@type":"Flow","@id":"7955b6e2-3ae6-315c-94f1-028d7faada34","name":"Hexane","categoryPath":["Elementary Flows","emission","air"],"flowType":"ELEMENTARY_FLOW","refUnit":"kg"},"unit":{"@type":"Unit","@id":"20aadc24-a391-41cf-b340-3e4529f44bde","name":"kg"},"flowProperty":{"@type":"FlowProperty","@id":"93a60a56-a3c8-11da-a746-0800200b9a66","name":"Mass","categoryPath":["Technical flow properties"]}},{"@type":"Exchange","avoidedProduct":false,"input":false,"amount":0.001448,"description":"From spent liquor recovery, non-recyclable paper combustion and wastewater residuals combustion","internalId":44,"flow":{"@type":"Flow","@id":"45880be9-788f-387b-8b1b-c38615cc48e2","name":"Phenol","categoryPath":["Elementary Flows","emission","air"],"flowType":"ELEMENTARY_FLOW","refUnit":"kg"},"unit":{"@type":"Unit","@id":"20aadc24-a391-41cf-b340-3e4529f44bde","name":"kg"},"flowProperty":{"@type":"FlowProperty","@id":"93a60a56-a3c8-11da-a746-0800200b9a66","name":"Mass","categoryPath":["Technical flow properties"]}},{"@type":"Exchange","avoidedProduct":false,"input":false,"amount":1.1069E-4,"description":"From spent liquor recovery, non-recyclable paper combustion and wastewater residuals combustion","internalId":9,"flow":{"@type":"Flow","@id":"aef9d0ff-6482-3b1d-a53e-4d738bdcd9b1","name":"Xylene","categoryPath":["Elementary Flows","emission","air"],"flowType":"ELEMENTARY_FLOW","refUnit":"kg"},"unit":{"@type":"Unit","@id":"20aadc24-a391-41cf-b340-3e4529f44bde","name":"kg"},"flowProperty":{"@type":"FlowProperty","@id":"93a60a56-a3c8-11da-a746-0800200b9a66","name":"Mass","categoryPath":["Technical flow properties"]}},{"@type":"Exchange","avoidedProduct":false,"input":true,"amount":32.602,"description":"Purchased hogged fuel.  Typically from wood products manufacturing.  ","internalId":42,"defaultProvider":{"@type":"Process","@id":"b6884185-30b8-391a-9dff-dbded4429a66","name":"Hog fuel, pur., combusted in industrial boiler, at pulp and paper mill (EXCL.)","categoryPath":["31-33: Manufacturing","3221: Pulp, Paper, and Paperboard Mills"],"processType":"UNIT_PROCESS","location":"RNA"},"flow":{"@type":"Flow","@id":"cd2343aa-210e-3d54-87df-c939bc9296b5","name":"Hog fuel, pur., combusted in industrial boiler, at pulp and paper mill (EXCL.)","categoryPath":["Technosphere Flows","31-33: Manufacturing","3221: Pulp, Paper, and Paperboard Mills"],"flowType":"PRODUCT_FLOW","location":"RNA","refUnit":"kg"},"unit":{"@type":"Unit","@id":"20aadc24-a391-41cf-b340-3e4529f44bde","name":"kg"},"flowProperty":{"@type":"FlowProperty","@id":"93a60a56-a3c8-11da-a746-0800200b9a66","name":"Mass","categoryPath":["Technical flow properties"]}},{"@type":"Exchange","avoidedProduct":false,"input":false,"amount":389.18,"description":"From spent liquor recovery, non-recyclable paper combustion and wastewater residuals combustion","internalId":57,"flow":{"@type":"Flow","@id":"b6f010fb-a764-3063-af2d-bcb8309a97b7","name":"Carbon dioxide","categoryPath":["Elementary Flows","emission","air"],"flowType":"ELEMENTARY_FLOW","refUnit":"kg"},"unit":{"@type":"Unit","@id":"20aadc24-a391-41cf-b340-3e4529f44bde","name":"kg"},"flowProperty":{"@type":"FlowProperty","@id":"93a60a56-a3c8-11da-a746-0800200b9a66","name":"Mass","categoryPath":["Technical flow properties"]}},{"@type":"Exchange","avoidedProduct":false,"input":false,"amount":1.306E-4,"description":"From spent liquor recovery, non-recyclable paper combustion and wastewater residuals combustion","internalId":31,"flow":{"@type":"Flow","@id":"1c288388-0f32-30f1-8267-19b8d72c80df","name":"Hydrofluoric acid","categoryPath":["Elementary Flows","emission","air"],"flowType":"ELEMENTARY_FLOW","refUnit":"kg"},"unit":{"@type":"Unit","@id":"20aadc24-a391-41cf-b340-3e4529f44bde","name":"kg"},"flowProperty":{"@type":"FlowProperty","@id":"93a60a56-a3c8-11da-a746-0800200b9a66","name":"Mass","categoryPath":["Technical flow properties"]}},{"@type":"Exchange","avoidedProduct":false,"input":false,"amount":1.0473E-5,"description":"From spent liquor recovery, non-recyclable paper combustion and wastewater residuals combustion","internalId":48,"flow":{"@type":"Flow","@id":"d5a296be-7219-3921-a430-cff172ac7911","name":"Cadmium","categoryPath":["Elementary Flows","emission","air"],"flowType":"ELEMENTARY_FLOW","refUnit":"kg"},"unit":{"@type":"Unit","@id":"20aadc24-a391-41cf-b340-3e4529f44bde","name":"kg"},"flowProperty":{"@type":"FlowProperty","@id":"93a60a56-a3c8-11da-a746-0800200b9a66","name":"Mass","categoryPath":["Technical flow properties"]}},{"@type":"Exchange","avoidedProduct":false,"input":false,"amount":5.052E-10,"description":"From spent liquor recovery, non-recyclable paper combustion and wastewater residuals combustion","internalId":26,"flow":{"@type":"Flow","@id":"28c8bbdf-1a2b-3c96-baf8-d965df47c0c6","name":"Hexachlorobenzene","categoryPath":["Elementary Flows","emission","air"],"flowType":"ELEMENTARY_FLOW","refUnit":"kg"},"unit":{"@type":"Unit","@id":"20aadc24-a391-41cf-b340-3e4529f44bde","name":"kg"},"flowProperty":{"@type":"FlowProperty","@id":"93a60a56-a3c8-11da-a746-0800200b9a66","name":"Mass","categoryPath":["Technical flow properties"]}},{"@type":"Exchange","avoidedProduct":false,"input":false,"amount":1.0419E-4,"description":"From spent liquor recovery, non-recyclable paper combustion and wastewater residuals combustion","internalId":38,"flow":{"@type":"Flow","@id":"565c5d1a-1e0e-35f3-82a0-4845c43d3dcf","name":"Benzene","categoryPath":["Elementary Flows","emission","air"],"flowType":"ELEMENTARY_FLOW","refUnit":"kg"},"unit":{"@type":"Unit","@id":"20aadc24-a391-41cf-b340-3e4529f44bde","name":"kg"},"flowProperty":{"@type":"FlowProperty","@id":"93a60a56-a3c8-11da-a746-0800200b9a66","name":"Mass","categoryPath":["Technical flow properties"]}},{"@type":"Exchange","avoidedProduct":false,"input":false,"amount":1.0046E-5,"description":"From spent liquor recovery, non-recyclable paper combustion and wastewater residuals combustion","internalId":47,"flow":{"@type":"Flow","@id":"9de688f4-2302-3557-b50c-0f1d304977f4","name":"Antimony","categoryPath":["Elementary Flows","emission","air"],"flowType":"ELEMENTARY_FLOW","refUnit":"kg"},"unit":{"@type":"Unit","@id":"20aadc24-a391-41cf-b340-3e4529f44bde","name":"kg"},"flowProperty":{"@type":"FlowProperty","@id":"93a60a56-a3c8-11da-a746-0800200b9a66","name":"Mass","categoryPath":["Technical flow properties"]}},{"@type":"Exchange","avoidedProduct":false,"input":false,"amount":1.8989E-5,"description":"From spent liquor recovery, non-recyclable paper combustion and wastewater residuals combustion","internalId":21,"flow":{"@type":"Flow","@id":"98bd36e1-fbe4-32ee-ba78-3b6726917c9b","name":"Chromium","categoryPath":["Elementary Flows","emission","air"],"flowType":"ELEMENTARY_FLOW","refUnit":"kg"},"unit":{"@type":"Unit","@id":"20aadc24-a391-41cf-b340-3e4529f44bde","name":"kg"},"flowProperty":{"@type":"FlowProperty","@id":"93a60a56-a3c8-11da-a746-0800200b9a66","name":"Mass","categoryPath":["Technical flow properties"]}},{"@type":"Exchange","avoidedProduct":false,"input":false,"amount":0.015504,"description":"From spent liquor recovery, non-recyclable paper combustion and wastewater residuals combustion","internalId":10,"flow":{"@type":"Flow","@id":"ad362da4-86b8-3519-b904-d7f3be4328fe","name":"Methanol","categoryPath":["Elementary Flows","emission","air"],"flowType":"ELEMENTARY_FLOW","refUnit":"kg"},"unit":{"@type":"Unit","@id":"20aadc24-a391-41cf-b340-3e4529f44bde","name":"kg"},"flowProperty":{"@type":"FlowProperty","@id":"93a60a56-a3c8-11da-a746-0800200b9a66","name":"Mass","categoryPath":["Technical flow properties"]}},{"@type":"Exchange","avoidedProduct":false,"input":false,"amount":1.7685E-4,"description":"From spent liquor recovery, non-recyclable paper combustion and wastewater residuals combustion","internalId":32,"flow":{"@type":"Flow","@id":"0346d063-4db1-3f52-a695-892c4c98d443","name":"Beryllium","categoryPath":["Elementary Flows","emission","air"],"flowType":"ELEMENTARY_FLOW","refUnit":"kg"},"unit":{"@type":"Unit","@id":"20aadc24-a391-41cf-b340-3e4529f44bde","name":"kg"},"flowProperty":{"@type":"FlowProperty","@id":"93a60a56-a3c8-11da-a746-0800200b9a66","name":"Mass","categoryPath":["Technical flow properties"]}},{"@type":"Exchange","avoidedProduct":false,"input":false,"amount":3.2618E-4,"description":"From spent liquor recovery, non-recyclable paper combustion and wastewater residuals combustion","internalId":6,"flow":{"@type":"Flow","@id":"2c5aef1c-7cf7-30ee-8a87-ba4682327767","name":"Barium","categoryPath":["Elementary Flows","emission","air"],"flowType":"ELEMENTARY_FLOW","refUnit":"kg"},"unit":{"@type":"Unit","@id":"20aadc24-a391-41cf-b340-3e4529f44bde","name":"kg"},"flowProperty":{"@type":"FlowProperty","@id":"93a60a56-a3c8-11da-a746-0800200b9a66","name":"Mass","categoryPath":["Technical flow properties"]}},{"@type":"Exchange","avoidedProduct":false,"input":false,"amount":0.0025835,"description":"From spent liquor recovery, non-recyclable paper combustion and wastewater residuals combustion","internalId":50,"flow":{"@type":"Flow","@id":"3e771661-38c3-332b-b4cb-8e2421b045ce","name":"Chloromethane","categoryPath":["Elementary Flows","emission","air"],"flowType":"ELEMENTARY_FLOW","refUnit":"kg"},"unit":{"@type":"Unit","@id":"20aadc24-a391-41cf-b340-3e4529f44bde","name":"kg"},"flowProperty":{"@type":"FlowProperty","@id":"93a60a56-a3c8-11da-a746-0800200b9a66","name":"Mass","categoryPath":["Technical flow properties"]}},{"@type":"Exchange","avoidedProduct":false,"input":false,"amount":2.1474E-5,"description":"From spent liquor recovery, non-recyclable paper combustion and wastewater residuals combustion","internalId":22,"flow":{"@type":"Flow","@id":"ebf3aeb4-7a46-3029-a8f8-83d68f4d4ce5","name":"Naphthalene","categoryPath":["Elementary Flows","emission","air"],"flowType":"ELEMENTARY_FLOW","refUnit":"kg"},"unit":{"@type":"Unit","@id":"20aadc24-a391-41cf-b340-3e4529f44bde","name":"kg"},"flowProperty":{"@type":"FlowProperty","@id":"93a60a56-a3c8-11da-a746-0800200b9a66","name":"Mass","categoryPath":["Technical flow properties"]}}]}