{"@context":"http://greendelta.github.io/olca-schema/context.jsonld","@type":"Process","@id":"a40d4e00-67c2-3f4c-8c2b-1c67a28e6c5c","name":"Pesticide, switchgrass","description":"Application of pesticides (herbicides and insecticides) to one hectare of switchgrass. Data are based on Perrin et al 2008","version":"00.00.004","lastChange":"2021-01-22T11:37:36.260-07:00","category":{"@type":"Category","@id":"1a059a45-a303-383c-acf9-9b6e1192eecc","name":"1151: Support Activities for Crop Production","categoryPath":["11: Agriculture, Forestry, Fishing and Hunting"],"categoryType":"Process"},"processType":"UNIT_PROCESS","defaultAllocationMethod":"NO_ALLOCATION","infrastructureProcess":false,"location":{"@type":"Location","@id":"b320e7db-c758-3ba6-8839-81eb83c9d7d7","name":"Northern America"},"processDocumentation":{"@type":"ProcessDocumentation","timeDescription":"2010 and after","technologyDescription":"modern","restrictionsDescription":"All information can be accessed by everybody.","copyright":false,"validFrom":"2009-12-31-07:00","validUntil":"2100-12-30-07:00","creationDate":"2013-10-22T12:03:32-06:00","geographyDescription":"North America","dataDocumentor":{"@type":"Actor","@id":"dd4e5378-7978-3203-bfdf-acc867500cb3","name":"Daniel Inman"},"dataGenerator":{"@type":"Actor","@id":"dd4e5378-7978-3203-bfdf-acc867500cb3","name":"Daniel Inman"},"publication":{"@type":"Source","@id":"a1d1d73e-7d93-3a6b-a3bc-3b2f4f025b86","name":"Hsu, D. "},"sources":[{"@type":"Source","@id":"a1d1d73e-7d93-3a6b-a3bc-3b2f4f025b86","name":"Hsu, D. "},{"@type":"Source","@id":"098b75b4-f64b-3570-9564-efed5c3e20c8","name":"Cassler, M. D "},{"@type":"Source","@id":"85e4eea7-c782-33fa-9bac-71529c0092c6","name":"Downs, H. W. "}]},"lastInternalId":0,"exchanges":[{"@type":"Exchange","avoidedProduct":false,"input":false,"amount":10000.0,"amountFormula":"1.0*10000","description":"Assuming pesticides applied via sprayer each Year","internalId":1,"flow":{"@type":"Flow","@id":"daacfcbf-f4ad-39dd-b992-595e25b64b67","name":"Pesticide, switchgrass","categoryPath":["Technosphere Flows","11: Agriculture, Forestry, Fishing and Hunting","1151: Support Activities for Crop Production"],"flowType":"PRODUCT_FLOW","location":"RNA","refUnit":"m2"},"unit":{"@type":"Unit","@id":"3ce61faa-5716-41c1-aef6-b5920054acc9","name":"m2"},"flowProperty":{"@type":"FlowProperty","@id":"93a60a56-a3c8-19da-a746-0800200c9a66","name":"Area","categoryPath":["Technical flow properties"]},"quantitativeReference":true},{"@type":"Exchange","avoidedProduct":false,"input":true,"amount":0.266,"description":"transport to field of 2-4-D","internalId":3,"defaultProvider":{"@type":"Process","@id":"34156f3c-28ef-33db-9ad0-6293a2aa0d52","name":"Transport, combination truck, diesel powered","categoryPath":["48-49: Transportation and Warehousing","4841: General Freight Trucking"],"processType":"UNIT_PROCESS","location":"RNA"},"flow":{"@type":"Flow","@id":"628c07ec-0802-39c1-ab88-1c62848ef436","name":"Transport, combination truck, diesel powered","categoryPath":["Technosphere Flows","48-49: Transportation and Warehousing","4841: General Freight Trucking"],"flowType":"PRODUCT_FLOW","location":"RNA","refUnit":"t*km"},"unit":{"@type":"Unit","@id":"0dea4ed8-bb6b-4049-b2b4-b2c413ef2180","name":"t*km"},"flowProperty":{"@type":"FlowProperty","@id":"838aaa20-0117-11db-92e3-0800200c9a66","name":"Goods transport (mass*distance)","categoryPath":["Technical flow properties"]}},{"@type":"Exchange","avoidedProduct":false,"input":true,"amount":10000.0,"amountFormula":"1.0*10000","internalId":2,"flow":{"@type":"Flow","@id":"22db42ef-4b6d-366f-a035-9c51e7ff3307","name":"Application of plant protection products, by field sprayer","categoryPath":["Technosphere Flows","CUTOFF Flows"],"flowType":"PRODUCT_FLOW","refUnit":"m2"},"unit":{"@type":"Unit","@id":"3ce61faa-5716-41c1-aef6-b5920054acc9","name":"m2"},"flowProperty":{"@type":"FlowProperty","@id":"93a60a56-a3c8-19da-a746-0800200c9a66","name":"Area","categoryPath":["Technical flow properties"]}},{"@type":"Exchange","avoidedProduct":false,"input":false,"amount":0.5,"description":"Assuming 2,4-D is applied annually to help control broad leaf weeds. (Perrin et al, 2008)","internalId":4,"flow":{"@type":"Flow","@id":"1b903dc5-d279-3144-a3e5-72dfeb19f876","name":"2,4-D","categoryPath":["Elementary Flows","emission","ground","human-dominated","agricultural"],"flowType":"ELEMENTARY_FLOW","refUnit":"kg"},"unit":{"@type":"Unit","@id":"20aadc24-a391-41cf-b340-3e4529f44bde","name":"kg"},"flowProperty":{"@type":"FlowProperty","@id":"93a60a56-a3c8-11da-a746-0800200b9a66","name":"Mass","categoryPath":["Technical flow properties"]}},{"@type":"Exchange","avoidedProduct":false,"input":true,"amount":0.5,"description":"Assuming 2,4-D is applied annually to help control broad leaf weeds. (Perrin et al, 2008)","internalId":5,"flow":{"@type":"Flow","@id":"67395a27-04d5-364c-94ad-de404bf29ace","name":"2,4-D, at regional storehouse","categoryPath":["Technosphere Flows","CUTOFF Flows"],"flowType":"PRODUCT_FLOW","refUnit":"kg"},"unit":{"@type":"Unit","@id":"20aadc24-a391-41cf-b340-3e4529f44bde","name":"kg"},"flowProperty":{"@type":"FlowProperty","@id":"93a60a56-a3c8-11da-a746-0800200b9a66","name":"Mass","categoryPath":["Technical flow properties"]}}]}