{"@context":"http://greendelta.github.io/olca-schema/context.jsonld","@type":"Process","@id":"b27794c0-ad1c-349f-90ea-0f064082b709","name":"Transport, transit bus, CNG powered","description":"This dataset represents the U.S. average airborne emissions for operating a CNG (compressed natural gas) powered transit bus. The inventory includes all vehicle operation processes, including off-network and refueling activities.\nThe refinery-to-pump transportation and distribution data are calculated from Argonne National Laboratory\u0027s GREET 1.8d.1 model.\nThe vehicle operation data are calculated from EPA\u0027s MOVES2010a model, using the assumptions described in the corresponding detailed spreadsheet.  Emissions factors in MOVES2010a are largely based on EPA\u0027s Mobile Source Observation Database, which in turn includes data from a variety of vehicle studies (References 6-8).\nMOVES2010a acknowledges sources of uncertainty in the model structure, the population and acitivty data, and other model parameters. As of July 2011, the uncertainty calculation function of the model has not been activated.","version":"00.00.002","lastChange":"2019-07-21T15:37:40.056-06:00","category":{"@type":"Category","@id":"fb8388b8-6edc-30b8-a328-bd481ee9d232","name":"4851: Urban Transit Systems","categoryPath":["48-49: Transportation and Warehousing"],"categoryType":"Process"},"processType":"UNIT_PROCESS","defaultAllocationMethod":"NO_ALLOCATION","infrastructureProcess":false,"location":{"@type":"Location","@id":"b320e7db-c758-3ba6-8839-81eb83c9d7d7","name":"Northern America"},"processDocumentation":{"@type":"ProcessDocumentation","technologyDescription":"Combustion of compressed natural gas in a transit bus.","restrictionsDescription":"All information can be accessed by everybody.","copyright":false,"validFrom":"2009-12-31-07:00","validUntil":"2009-12-31-07:00","creationDate":"2015-09-25T10:22:37.002-06:00","geographyDescription":"US","dataDocumentor":{"@type":"Actor","@id":"46308ae8-5bc9-3e99-9f16-03367fa3ea27","name":"Nathan Hardesty"},"dataGenerator":{"@type":"Actor","@id":"46308ae8-5bc9-3e99-9f16-03367fa3ea27","name":"Nathan Hardesty"},"publication":{"@type":"Source","@id":"4bd80a48-814e-328c-a963-91d1edd74378","name":"U.S. Environmental Protection Agency (EP "},"sources":[{"@type":"Source","@id":"6b8aab96-3e01-34ad-8e70-be6dd4f71977","name":"Wang, M. "},{"@type":"Source","@id":"1579e4fb-7f2f-3cba-a12d-9140aa520c8f","name":"Assessment and Standards Division, Offic "},{"@type":"Source","@id":"42c7ed98-38f6-3ed7-b347-bc2d66b3ee74","name":"EPA "},{"@type":"Source","@id":"9b5ffc93-55dd-3784-b5b2-a5996a73b6ac","name":"Assessment and Standards Division, Offic "},{"@type":"Source","@id":"d1d6dd61-ea00-30ab-ae05-077ba239189d","name":"unspecified "},{"@type":"Source","@id":"4bd80a48-814e-328c-a963-91d1edd74378","name":"U.S. Environmental Protection Agency (EP "},{"@type":"Source","@id":"5e145cd8-7bb1-3a05-b869-99934f6860a3","name":"Eastern Research Group "},{"@type":"Source","@id":"55c36137-f07a-367a-a6b5-46062d46120b","name":"National Institute of Standards and Tech "},{"@type":"Source","@id":"7ef58755-a0b6-3a5d-9dc0-5a7d5c2b7479","name":"U.S. Alternative Fuels and Advanced Vehi "}]},"lastInternalId":0,"exchanges":[{"@type":"Exchange","avoidedProduct":false,"input":false,"amount":1.0,"internalId":1,"flow":{"@type":"Flow","@id":"c8b4edca-9b7b-3006-b1cc-7a370c958544","name":"Transport, transit bus, CNG powered","categoryPath":["Technosphere Flows","48-49: Transportation and Warehousing","4851: Urban Transit Systems"],"flowType":"PRODUCT_FLOW","location":"RNA","refUnit":"p*km"},"unit":{"@type":"Unit","@id":"fe8da65d-f0ea-4496-b13e-1955aaa412d7","name":"p*km"},"flowProperty":{"@type":"FlowProperty","@id":"8766e10f-9f41-4db0-8173-ad0d002a5b98","name":"Person transport","categoryPath":["Technical flow properties"]},"quantitativeReference":true},{"@type":"Exchange","avoidedProduct":false,"input":false,"amount":8.90008072788002E-6,"internalId":7,"flow":{"@type":"Flow","@id":"cfee0524-7ad6-300b-b050-6249135a2492","name":"Nitrous oxide","categoryPath":["Elementary Flows","emission","air"],"flowType":"ELEMENTARY_FLOW","refUnit":"kg"},"unit":{"@type":"Unit","@id":"20aadc24-a391-41cf-b340-3e4529f44bde","name":"kg"},"flowProperty":{"@type":"FlowProperty","@id":"93a60a56-a3c8-11da-a746-0800200b9a66","name":"Mass","categoryPath":["Technical flow properties"]}},{"@type":"Exchange","avoidedProduct":false,"input":false,"amount":8.8928691357874E-5,"internalId":9,"flow":{"@type":"Flow","@id":"6a8ca31c-ede5-38b1-8c30-2d50fb499a55","name":"Hydrocarbons","categoryPath":["Elementary Flows","emission","air"],"flowType":"ELEMENTARY_FLOW","refUnit":"kg"},"unit":{"@type":"Unit","@id":"20aadc24-a391-41cf-b340-3e4529f44bde","name":"kg"},"flowProperty":{"@type":"FlowProperty","@id":"93a60a56-a3c8-11da-a746-0800200b9a66","name":"Mass","categoryPath":["Technical flow properties"]}},{"@type":"Exchange","avoidedProduct":false,"input":false,"amount":5.88489631611234E-7,"description":" PM2.5 from organic carbon, elemental carbon, and sulfate particulates.","internalId":10,"flow":{"@type":"Flow","@id":"49a9c581-7c83-36b0-b1bd-455ea4c665a6","name":"Particulate matter, ≤ 2.5μm","categoryPath":["Elementary Flows","emission","air"],"flowType":"ELEMENTARY_FLOW","refUnit":"kg"},"unit":{"@type":"Unit","@id":"20aadc24-a391-41cf-b340-3e4529f44bde","name":"kg"},"flowProperty":{"@type":"FlowProperty","@id":"93a60a56-a3c8-11da-a746-0800200b9a66","name":"Mass","categoryPath":["Technical flow properties"]}},{"@type":"Exchange","avoidedProduct":false,"input":true,"amount":0.00541314921767698,"internalId":3,"defaultProvider":{"@type":"Process","@id":"0855376f-1ec5-3f3e-bead-959c932539b7","name":"Transport, pipeline, unspecified petroleum products","categoryPath":["48-49: Transportation and Warehousing","4869: Other Pipeline Transportation"],"processType":"UNIT_PROCESS","location":"RNA"},"flow":{"@type":"Flow","@id":"acbe5bc4-6afd-31aa-bf3f-4a3fdc491945","name":"Transport, pipeline, unspecified petroleum products","categoryPath":["Technosphere Flows","48-49: Transportation and Warehousing","4869: Other Pipeline Transportation"],"flowType":"PRODUCT_FLOW","location":"RNA","refUnit":"t*km"},"unit":{"@type":"Unit","@id":"0dea4ed8-bb6b-4049-b2b4-b2c413ef2180","name":"t*km"},"flowProperty":{"@type":"FlowProperty","@id":"838aaa20-0117-11db-92e3-0800200c9a66","name":"Goods transport (mass*distance)","categoryPath":["Technical flow properties"]}},{"@type":"Exchange","avoidedProduct":false,"input":false,"amount":6.52368891801758E-7,"description":"PM10 from tirewear.","internalId":6,"flow":{"@type":"Flow","@id":"5a939c2b-cebf-3060-8862-4a8650caf6dd","name":"Particulate matter, ≤ 10μm","categoryPath":["Elementary Flows","emission","air"],"flowType":"ELEMENTARY_FLOW","refUnit":"kg"},"unit":{"@type":"Unit","@id":"20aadc24-a391-41cf-b340-3e4529f44bde","name":"kg"},"flowProperty":{"@type":"FlowProperty","@id":"93a60a56-a3c8-11da-a746-0800200b9a66","name":"Mass","categoryPath":["Technical flow properties"]}},{"@type":"Exchange","avoidedProduct":false,"input":false,"amount":2.05378300742483E-6,"internalId":13,"flow":{"@type":"Flow","@id":"aab83476-ec6c-3742-af85-15d320b7ce80","name":"Methane","categoryPath":["Elementary Flows","emission","air"],"flowType":"ELEMENTARY_FLOW","refUnit":"kg"},"unit":{"@type":"Unit","@id":"20aadc24-a391-41cf-b340-3e4529f44bde","name":"kg"},"flowProperty":{"@type":"FlowProperty","@id":"93a60a56-a3c8-11da-a746-0800200b9a66","name":"Mass","categoryPath":["Technical flow properties"]}},{"@type":"Exchange","avoidedProduct":false,"input":false,"amount":5.88489631611234E-7,"description":"PM10 from organic carbon, elemental carbon, and sulfate particulates.","internalId":11,"flow":{"@type":"Flow","@id":"5a939c2b-cebf-3060-8862-4a8650caf6dd","name":"Particulate matter, ≤ 10μm","categoryPath":["Elementary Flows","emission","air"],"flowType":"ELEMENTARY_FLOW","refUnit":"kg"},"unit":{"@type":"Unit","@id":"20aadc24-a391-41cf-b340-3e4529f44bde","name":"kg"},"flowProperty":{"@type":"FlowProperty","@id":"93a60a56-a3c8-11da-a746-0800200b9a66","name":"Mass","categoryPath":["Technical flow properties"]}},{"@type":"Exchange","avoidedProduct":false,"input":false,"amount":6.72913646243889E-7,"description":" PM2.5 from brakewear.","internalId":4,"flow":{"@type":"Flow","@id":"49a9c581-7c83-36b0-b1bd-455ea4c665a6","name":"Particulate matter, ≤ 2.5μm","categoryPath":["Elementary Flows","emission","air"],"flowType":"ELEMENTARY_FLOW","refUnit":"kg"},"unit":{"@type":"Unit","@id":"20aadc24-a391-41cf-b340-3e4529f44bde","name":"kg"},"flowProperty":{"@type":"FlowProperty","@id":"93a60a56-a3c8-11da-a746-0800200b9a66","name":"Mass","categoryPath":["Technical flow properties"]}},{"@type":"Exchange","avoidedProduct":false,"input":false,"amount":0.00328113257773741,"internalId":12,"flow":{"@type":"Flow","@id":"187c525c-3715-388c-b303-a0671524a615","name":"Carbon monoxide","categoryPath":["Elementary Flows","emission","air"],"flowType":"ELEMENTARY_FLOW","refUnit":"kg"},"unit":{"@type":"Unit","@id":"20aadc24-a391-41cf-b340-3e4529f44bde","name":"kg"},"flowProperty":{"@type":"FlowProperty","@id":"93a60a56-a3c8-11da-a746-0800200b9a66","name":"Mass","categoryPath":["Technical flow properties"]}},{"@type":"Exchange","avoidedProduct":false,"input":true,"amount":0.0251011263917977,"internalId":15,"flow":{"@type":"Flow","@id":"c9f5f8ae-b825-3d57-9b78-b071fa0dad8c","name":"Compressed natural gas, at plant","categoryPath":["Technosphere Flows","CUTOFF Flows"],"flowType":"PRODUCT_FLOW","refUnit":"kg"},"unit":{"@type":"Unit","@id":"20aadc24-a391-41cf-b340-3e4529f44bde","name":"kg"},"flowProperty":{"@type":"FlowProperty","@id":"93a60a56-a3c8-11da-a746-0800200b9a66","name":"Mass","categoryPath":["Technical flow properties"]}},{"@type":"Exchange","avoidedProduct":false,"input":false,"amount":0.0698403841434311,"internalId":8,"flow":{"@type":"Flow","@id":"b6f010fb-a764-3063-af2d-bcb8309a97b7","name":"Carbon dioxide","categoryPath":["Elementary Flows","emission","air"],"flowType":"ELEMENTARY_FLOW","refUnit":"kg"},"unit":{"@type":"Unit","@id":"20aadc24-a391-41cf-b340-3e4529f44bde","name":"kg"},"flowProperty":{"@type":"FlowProperty","@id":"93a60a56-a3c8-11da-a746-0800200b9a66","name":"Mass","categoryPath":["Technical flow properties"]}},{"@type":"Exchange","avoidedProduct":false,"input":false,"amount":2.57052724925875E-6,"description":"PM10 from brakewear.","internalId":14,"flow":{"@type":"Flow","@id":"5a939c2b-cebf-3060-8862-4a8650caf6dd","name":"Particulate matter, ≤ 10μm","categoryPath":["Elementary Flows","emission","air"],"flowType":"ELEMENTARY_FLOW","refUnit":"kg"},"unit":{"@type":"Unit","@id":"20aadc24-a391-41cf-b340-3e4529f44bde","name":"kg"},"flowProperty":{"@type":"FlowProperty","@id":"93a60a56-a3c8-11da-a746-0800200b9a66","name":"Mass","categoryPath":["Technical flow properties"]}},{"@type":"Exchange","avoidedProduct":false,"input":false,"amount":1.56443399621026E-7,"description":"PM2.5 from tirewear.","internalId":5,"flow":{"@type":"Flow","@id":"49a9c581-7c83-36b0-b1bd-455ea4c665a6","name":"Particulate matter, ≤ 2.5μm","categoryPath":["Elementary Flows","emission","air"],"flowType":"ELEMENTARY_FLOW","refUnit":"kg"},"unit":{"@type":"Unit","@id":"20aadc24-a391-41cf-b340-3e4529f44bde","name":"kg"},"flowProperty":{"@type":"FlowProperty","@id":"93a60a56-a3c8-11da-a746-0800200b9a66","name":"Mass","categoryPath":["Technical flow properties"]}},{"@type":"Exchange","avoidedProduct":false,"input":false,"amount":2.69019081412642E-4,"internalId":2,"flow":{"@type":"Flow","@id":"4382ba18-dd21-3837-80b2-94283ef5490e","name":"Nitrogen oxides","categoryPath":["Elementary Flows","emission","air"],"flowType":"ELEMENTARY_FLOW","refUnit":"kg"},"unit":{"@type":"Unit","@id":"20aadc24-a391-41cf-b340-3e4529f44bde","name":"kg"},"flowProperty":{"@type":"FlowProperty","@id":"93a60a56-a3c8-11da-a746-0800200b9a66","name":"Mass","categoryPath":["Technical flow properties"]}}]}