{"@context":"http://greendelta.github.io/olca-schema/context.jsonld","@type":"Process","@id":"baaac50f-23d5-3bd1-8970-1cae058f4234","name":"Roundwood, hardwood, green, at logyard, NE-NC","description":"All weights given on an ovendry basis.\nBoth logs and bark were transported jointly - however, these were seperated in themodel based on mass allocation.  This unit process only accounts for the transport of logs and excludes the transport of bark.\nImportant note: although most of the data in the US LCI database has \nundergone some sort of review, the database as a whole has not yet \nundergone a formal validation process.\nPlease email comments to lci@nrel.gov.","version":"00.00.018","lastChange":"2022-07-06T11:58:34.539-06:00","category":{"@type":"Category","@id":"780cbde5-be93-33d4-8329-f6fb0d420973","name":"1133: Logging","categoryPath":["11: Agriculture, Forestry, Fishing and Hunting"],"categoryType":"Process"},"processType":"UNIT_PROCESS","defaultAllocationMethod":"PHYSICAL_ALLOCATION","infrastructureProcess":false,"location":{"@type":"Location","@id":"0b3b97fa-6688-3c56-88ee-4ae80ec0c3c2","name":"United States"},"processDocumentation":{"@type":"ProcessDocumentation","technologyDescription":"Average transport distance.","samplingDescription":"Questionnaires from 20 mills (17 companies) from the 20 states of Forest Service (FS) Northeastern (NE) Region. Hardwood sawmills were members of the Hardwood Manufacturer Association (HMA).","restrictionsDescription":"All information can be accessed by everybody.","copyright":false,"validFrom":"2004-12-31-07:00","validUntil":"2005-12-31-07:00","creationDate":"2015-09-17T08:47:03.763-06:00","geographyDescription":"NE/NC \u003d Northeast (NE) and Northcentral (NC) United States.  The 20 states are Connecticut, Delaware, Illinois, Indiana, Iowa, Maine, Maryland, Massachusetts, Michigan, Minnesota, Missouri, New Hampshire, New Jersey, New York, Ohio, Pennsylvania, Rhode Island, Vermont, West Virginia, Wisconsin.","dataDocumentor":{"@type":"Actor","@id":"ae081e38-d629-3c22-86de-dbc3bb038016","name":"Maureen Puetmann"},"dataGenerator":{"@type":"Actor","@id":"ae081e38-d629-3c22-86de-dbc3bb038016","name":"Maureen Puetmann"},"publication":{"@type":"Source","@id":"e02a1888-18d7-3087-a366-45ccd881871a","name":"Richard D. Bergman "},"sources":[{"@type":"Source","@id":"e02a1888-18d7-3087-a366-45ccd881871a","name":"Richard D. Bergman "},{"@type":"Source","@id":"bc230add-ed20-38a9-ba57-f2b58c312b4e","name":"Maureen Puettmann "}]},"lastInternalId":0,"exchanges":[{"@type":"Exchange","avoidedProduct":false,"input":false,"amount":1.0,"description":"Based on a weighted average green density of 854 kg/m3; specific gravity of 0.511; 87%MC","internalId":1,"flow":{"@type":"Flow","@id":"86313deb-8b04-3f3e-b983-2b9896a410a6","name":"Roundwood; hardwood; green; at logyard","categoryPath":["Technosphere Flows","11: Agriculture, Forestry, Fishing and Hunting","1133: Logging"],"flowType":"PRODUCT_FLOW","location":"US","refUnit":"m3"},"unit":{"@type":"Unit","@id":"1c3a9695-398d-4b1f-b07e-a8715b610f70","name":"m3"},"flowProperty":{"@type":"FlowProperty","@id":"93a60a56-a3c8-22da-a746-0800200c9a66","name":"Volume","categoryPath":["Technical flow properties"]},"quantitativeReference":true},{"@type":"Exchange","avoidedProduct":false,"input":true,"amount":104000.0,"description":"Spraying or soaking logs for stain prevention","internalId":10,"flow":{"@type":"Flow","@id":"01ec7937-eea7-3830-aaf6-3be74f4d952b","name":"Water","categoryPath":["Elementary Flows","resource","water","subterranean"],"flowType":"ELEMENTARY_FLOW","refUnit":"kg"},"unit":{"@type":"Unit","@id":"20aadc24-a391-41cf-b340-3e4529f44bde","name":"kg"},"flowProperty":{"@type":"FlowProperty","@id":"93a60a56-a3c8-11da-a746-0800200b9a66","name":"Mass","categoryPath":["Technical flow properties"]}},{"@type":"Exchange","avoidedProduct":false,"input":false,"amount":58.7,"description":"Weight reported on an ovendry basis.  Moisture content (ovendry basis) \u003d 87%","internalId":5,"flow":{"@type":"Flow","@id":"a02815b0-8760-3b74-b2b6-ea070b183bbe","name":"Bark; hardwood; green; at logyard","categoryPath":["Technosphere Flows","11: Agriculture, Forestry, Fishing and Hunting","1133: Logging"],"flowType":"PRODUCT_FLOW","location":"US","refUnit":"kg"},"unit":{"@type":"Unit","@id":"20aadc24-a391-41cf-b340-3e4529f44bde","name":"kg"},"flowProperty":{"@type":"FlowProperty","@id":"93a60a56-a3c8-11da-a746-0800200b9a66","name":"Mass","categoryPath":["Technical flow properties"]}},{"@type":"Exchange","avoidedProduct":false,"input":true,"amount":5.84,"description":"5% of total electricity is used for logyard and based on 1.0 m^3 planed dried  lumber","internalId":6,"defaultProvider":{"@type":"Process","@id":"e5856077-a966-4692-9d10-e747237d4fa6","name":"Electricity, Eastern US, 2014","categoryPath":["22: Utilities","2211: Electric Power Generation, Transmission and Distribution"],"processType":"UNIT_PROCESS","location":"US"},"flow":{"@type":"Flow","@id":"06581fb2-1de0-3e78-8298-f37605dea142","name":"Electricity, at grid","categoryPath":["Technosphere Flows","22: Utilities","2211: Electric Power Generation, Transmission and Distribution"],"flowType":"PRODUCT_FLOW","location":"RNA","refUnit":"MJ"},"unit":{"@type":"Unit","@id":"86ad2244-1f0e-4912-af53-7865283103e4","name":"kWh"},"flowProperty":{"@type":"FlowProperty","@id":"f6811440-ee37-11de-8a39-0800200c9a66","name":"Energy","categoryPath":["Technical flow properties"]}},{"@type":"Exchange","avoidedProduct":false,"input":true,"amount":58.7,"internalId":9,"defaultProvider":{"@type":"Process","@id":"655c14ed-5b78-3e50-96e5-e21f710143fe","name":"Roundwood, hardwood, green, at mill, NE-NC","categoryPath":["11: Agriculture, Forestry, Fishing and Hunting","1133: Logging"],"processType":"UNIT_PROCESS","location":"US"},"flow":{"@type":"Flow","@id":"cbb91e4a-0a0f-3b79-9f6f-d54d716e05ea","name":"Bark; hardwood; green; at mill","categoryPath":["Technosphere Flows","11: Agriculture, Forestry, Fishing and Hunting","1133: Logging"],"flowType":"PRODUCT_FLOW","location":"US","refUnit":"kg"},"unit":{"@type":"Unit","@id":"20aadc24-a391-41cf-b340-3e4529f44bde","name":"kg"},"flowProperty":{"@type":"FlowProperty","@id":"93a60a56-a3c8-11da-a746-0800200b9a66","name":"Mass","categoryPath":["Technical flow properties"]}},{"@type":"Exchange","avoidedProduct":false,"input":true,"amount":0.0375,"description":"40% of mill use based on Softwood SE CORRIM Report:  transporation on-site","internalId":2,"defaultProvider":{"@type":"Process","@id":"7b7babef-a97a-3510-88f2-ee70aa1fa03b","name":"Natural gas, combusted in industrial equipment","categoryPath":["22: Utilities","2213: Water, Sewage and Other Systems"],"processType":"UNIT_PROCESS","location":"RNA"},"flow":{"@type":"Flow","@id":"9dfc02c2-db7e-3c19-b120-165cab1a22c5","name":"Natural gas, combusted in industrial equipment, 1.357 m3/kg, 52.13 MJ/kg","categoryPath":["Technosphere Flows","22: Utilities","2213: Water, Sewage and Other Systems"],"flowType":"PRODUCT_FLOW","location":"RNA","refUnit":"m3"},"unit":{"@type":"Unit","@id":"b80a512e-e402-4363-8ad0-7d02dcf4a459","name":"l"},"flowProperty":{"@type":"FlowProperty","@id":"93a60a56-a3c8-22da-a746-0800200c9a66","name":"Volume","categoryPath":["Technical flow properties"]}},{"@type":"Exchange","avoidedProduct":false,"input":true,"amount":0.16,"description":"40% of mill use based on Softwood SE CORRIM Report:  transporation on-site","internalId":7,"defaultProvider":{"@type":"Process","@id":"d3e13675-1455-375f-a557-bb8234de75ff","name":"Gasoline, combusted in equipment","categoryPath":["22: Utilities","2213: Water, Sewage and Other Systems"],"processType":"UNIT_PROCESS","location":"RNA"},"flow":{"@type":"Flow","@id":"bc38e349-1ccf-3855-a615-a4f581ab875b","name":"Gasoline, combusted in equipment","categoryPath":["Technosphere Flows","22: Utilities","2213: Water, Sewage and Other Systems"],"flowType":"PRODUCT_FLOW","location":"RNA","refUnit":"m3"},"unit":{"@type":"Unit","@id":"b80a512e-e402-4363-8ad0-7d02dcf4a459","name":"l"},"flowProperty":{"@type":"FlowProperty","@id":"93a60a56-a3c8-22da-a746-0800200c9a66","name":"Volume","categoryPath":["Technical flow properties"]}},{"@type":"Exchange","avoidedProduct":false,"input":true,"amount":1.0,"description":"526 OD kg/m3","internalId":3,"defaultProvider":{"@type":"Process","@id":"655c14ed-5b78-3e50-96e5-e21f710143fe","name":"Roundwood, hardwood, green, at mill, NE-NC","categoryPath":["11: Agriculture, Forestry, Fishing and Hunting","1133: Logging"],"processType":"UNIT_PROCESS","location":"US"},"flow":{"@type":"Flow","@id":"6ce8c09f-8a15-3d59-a868-8093b62c4ff4","name":"Roundwood; hardwood; green; at mill","categoryPath":["Technosphere Flows","11: Agriculture, Forestry, Fishing and Hunting","1133: Logging"],"flowType":"PRODUCT_FLOW","location":"US","refUnit":"m3"},"unit":{"@type":"Unit","@id":"1c3a9695-398d-4b1f-b07e-a8715b610f70","name":"m3"},"flowProperty":{"@type":"FlowProperty","@id":"93a60a56-a3c8-22da-a746-0800200c9a66","name":"Volume","categoryPath":["Technical flow properties"]}},{"@type":"Exchange","avoidedProduct":false,"input":true,"amount":0.0999,"description":"5% of total electricity is used for logyard and based on 1.0 m^3 planed dried  lumber","internalId":4,"defaultProvider":{"@type":"Process","@id":"6b80eeee-54ed-3f0f-82cd-8c29e3aa5d24","name":"Heat, onsite boiler, hardwood mill average, NE-NC","categoryPath":["22: Utilities","2213: Water, Sewage and Other Systems"],"processType":"UNIT_PROCESS","location":"US"},"flow":{"@type":"Flow","@id":"97624ce0-6d6a-3376-bfa7-c663b3c7e48d","name":"Electricity; onsite boiler; hardwood mill; average","categoryPath":["Technosphere Flows","22: Utilities","2213: Water, Sewage and Other Systems"],"flowType":"PRODUCT_FLOW","location":"US","refUnit":"MJ"},"unit":{"@type":"Unit","@id":"86ad2244-1f0e-4912-af53-7865283103e4","name":"kWh"},"flowProperty":{"@type":"FlowProperty","@id":"f6811440-ee37-11de-8a39-0800200c9a66","name":"Energy","categoryPath":["Technical flow properties"]}},{"@type":"Exchange","avoidedProduct":false,"input":true,"amount":1.84,"description":"40% of mill use based on Softwood SE CORRIM Report:  transporation on-site","internalId":8,"defaultProvider":{"@type":"Process","@id":"d6ad7035-5498-3237-8abd-50e93b1eef89","name":"Diesel, combusted in industrial equipment","categoryPath":["22: Utilities","2213: Water, Sewage and Other Systems"],"processType":"UNIT_PROCESS","location":"RNA"},"flow":{"@type":"Flow","@id":"d815ff18-015c-3afb-be18-be03bdf325da","name":"Diesel, combusted in industrial equipment","categoryPath":["Technosphere Flows","22: Utilities","2213: Water, Sewage and Other Systems"],"flowType":"PRODUCT_FLOW","location":"RNA","refUnit":"m3"},"unit":{"@type":"Unit","@id":"b80a512e-e402-4363-8ad0-7d02dcf4a459","name":"l"},"flowProperty":{"@type":"FlowProperty","@id":"93a60a56-a3c8-22da-a746-0800200c9a66","name":"Volume","categoryPath":["Technical flow properties"]}}],"allocationFactors":[{"@type":"AllocationFactor","allocationType":"CAUSAL_ALLOCATION","exchange":{"@type":"Exchange","internalId":4,"flow":{"@type":"Flow","@id":"97624ce0-6d6a-3376-bfa7-c663b3c7e48d","name":"Electricity; onsite boiler; hardwood mill; average","categoryPath":["Technosphere Flows","22: Utilities","2213: Water, Sewage and Other Systems"],"flowType":"PRODUCT_FLOW","location":"US","refUnit":"MJ"}},"product":{"@type":"Flow","@id":"a02815b0-8760-3b74-b2b6-ea070b183bbe","name":"Bark; hardwood; green; at logyard","categoryPath":["Technosphere Flows","11: Agriculture, Forestry, Fishing and Hunting","1133: Logging"],"flowType":"PRODUCT_FLOW","location":"US","refUnit":"kg"},"value":0.05059365},{"@type":"AllocationFactor","allocationType":"CAUSAL_ALLOCATION","exchange":{"@type":"Exchange","internalId":8,"flow":{"@type":"Flow","@id":"d815ff18-015c-3afb-be18-be03bdf325da","name":"Diesel, combusted in industrial equipment","categoryPath":["Technosphere Flows","22: Utilities","2213: Water, Sewage and Other Systems"],"flowType":"PRODUCT_FLOW","location":"RNA","refUnit":"m3"}},"product":{"@type":"Flow","@id":"a02815b0-8760-3b74-b2b6-ea070b183bbe","name":"Bark; hardwood; green; at logyard","categoryPath":["Technosphere Flows","11: Agriculture, Forestry, Fishing and Hunting","1133: Logging"],"flowType":"PRODUCT_FLOW","location":"US","refUnit":"kg"},"value":0.05059365},{"@type":"AllocationFactor","allocationType":"CAUSAL_ALLOCATION","exchange":{"@type":"Exchange","internalId":10,"flow":{"@type":"Flow","@id":"01ec7937-eea7-3830-aaf6-3be74f4d952b","name":"Water","categoryPath":["Elementary Flows","resource","water","subterranean"],"flowType":"ELEMENTARY_FLOW","refUnit":"kg"}},"product":{"@type":"Flow","@id":"a02815b0-8760-3b74-b2b6-ea070b183bbe","name":"Bark; hardwood; green; at logyard","categoryPath":["Technosphere Flows","11: Agriculture, Forestry, Fishing and Hunting","1133: Logging"],"flowType":"PRODUCT_FLOW","location":"US","refUnit":"kg"},"value":0.05059365},{"@type":"AllocationFactor","allocationType":"CAUSAL_ALLOCATION","exchange":{"@type":"Exchange","internalId":4,"flow":{"@type":"Flow","@id":"97624ce0-6d6a-3376-bfa7-c663b3c7e48d","name":"Electricity; onsite boiler; hardwood mill; average","categoryPath":["Technosphere Flows","22: Utilities","2213: Water, Sewage and Other Systems"],"flowType":"PRODUCT_FLOW","location":"US","refUnit":"MJ"}},"product":{"@type":"Flow","@id":"86313deb-8b04-3f3e-b983-2b9896a410a6","name":"Roundwood; hardwood; green; at logyard","categoryPath":["Technosphere Flows","11: Agriculture, Forestry, Fishing and Hunting","1133: Logging"],"flowType":"PRODUCT_FLOW","location":"US","refUnit":"m3"},"value":0.94940635},{"@type":"AllocationFactor","allocationType":"CAUSAL_ALLOCATION","exchange":{"@type":"Exchange","internalId":7,"flow":{"@type":"Flow","@id":"bc38e349-1ccf-3855-a615-a4f581ab875b","name":"Gasoline, combusted in equipment","categoryPath":["Technosphere Flows","22: Utilities","2213: Water, Sewage and Other Systems"],"flowType":"PRODUCT_FLOW","location":"RNA","refUnit":"m3"}},"product":{"@type":"Flow","@id":"86313deb-8b04-3f3e-b983-2b9896a410a6","name":"Roundwood; hardwood; green; at logyard","categoryPath":["Technosphere Flows","11: Agriculture, Forestry, Fishing and Hunting","1133: Logging"],"flowType":"PRODUCT_FLOW","location":"US","refUnit":"m3"},"value":0.94940635},{"@type":"AllocationFactor","allocationType":"PHYSICAL_ALLOCATION","product":{"@type":"Flow","@id":"86313deb-8b04-3f3e-b983-2b9896a410a6","name":"Roundwood; hardwood; green; at logyard","categoryPath":["Technosphere Flows","11: Agriculture, Forestry, Fishing and Hunting","1133: Logging"],"flowType":"PRODUCT_FLOW","location":"US","refUnit":"m3"},"value":0.94940635},{"@type":"AllocationFactor","allocationType":"CAUSAL_ALLOCATION","exchange":{"@type":"Exchange","internalId":8,"flow":{"@type":"Flow","@id":"d815ff18-015c-3afb-be18-be03bdf325da","name":"Diesel, combusted in industrial equipment","categoryPath":["Technosphere Flows","22: Utilities","2213: Water, Sewage and Other Systems"],"flowType":"PRODUCT_FLOW","location":"RNA","refUnit":"m3"}},"product":{"@type":"Flow","@id":"86313deb-8b04-3f3e-b983-2b9896a410a6","name":"Roundwood; hardwood; green; at logyard","categoryPath":["Technosphere Flows","11: Agriculture, Forestry, Fishing and Hunting","1133: Logging"],"flowType":"PRODUCT_FLOW","location":"US","refUnit":"m3"},"value":0.94940635},{"@type":"AllocationFactor","allocationType":"CAUSAL_ALLOCATION","exchange":{"@type":"Exchange","internalId":3,"flow":{"@type":"Flow","@id":"6ce8c09f-8a15-3d59-a868-8093b62c4ff4","name":"Roundwood; hardwood; green; at mill","categoryPath":["Technosphere Flows","11: Agriculture, Forestry, Fishing and Hunting","1133: Logging"],"flowType":"PRODUCT_FLOW","location":"US","refUnit":"m3"}},"product":{"@type":"Flow","@id":"a02815b0-8760-3b74-b2b6-ea070b183bbe","name":"Bark; hardwood; green; at logyard","categoryPath":["Technosphere Flows","11: Agriculture, Forestry, Fishing and Hunting","1133: Logging"],"flowType":"PRODUCT_FLOW","location":"US","refUnit":"kg"},"value":0.05059365},{"@type":"AllocationFactor","allocationType":"CAUSAL_ALLOCATION","exchange":{"@type":"Exchange","internalId":9,"flow":{"@type":"Flow","@id":"cbb91e4a-0a0f-3b79-9f6f-d54d716e05ea","name":"Bark; hardwood; green; at mill","categoryPath":["Technosphere Flows","11: Agriculture, Forestry, Fishing and Hunting","1133: Logging"],"flowType":"PRODUCT_FLOW","location":"US","refUnit":"kg"}},"product":{"@type":"Flow","@id":"86313deb-8b04-3f3e-b983-2b9896a410a6","name":"Roundwood; hardwood; green; at logyard","categoryPath":["Technosphere Flows","11: Agriculture, Forestry, Fishing and Hunting","1133: Logging"],"flowType":"PRODUCT_FLOW","location":"US","refUnit":"m3"},"value":0.94940635},{"@type":"AllocationFactor","allocationType":"CAUSAL_ALLOCATION","exchange":{"@type":"Exchange","internalId":3,"flow":{"@type":"Flow","@id":"6ce8c09f-8a15-3d59-a868-8093b62c4ff4","name":"Roundwood; hardwood; green; at mill","categoryPath":["Technosphere Flows","11: Agriculture, Forestry, Fishing and Hunting","1133: Logging"],"flowType":"PRODUCT_FLOW","location":"US","refUnit":"m3"}},"product":{"@type":"Flow","@id":"86313deb-8b04-3f3e-b983-2b9896a410a6","name":"Roundwood; hardwood; green; at logyard","categoryPath":["Technosphere Flows","11: Agriculture, Forestry, Fishing and Hunting","1133: Logging"],"flowType":"PRODUCT_FLOW","location":"US","refUnit":"m3"},"value":0.94940635},{"@type":"AllocationFactor","allocationType":"ECONOMIC_ALLOCATION","product":{"@type":"Flow","@id":"86313deb-8b04-3f3e-b983-2b9896a410a6","name":"Roundwood; hardwood; green; at logyard","categoryPath":["Technosphere Flows","11: Agriculture, Forestry, Fishing and Hunting","1133: Logging"],"flowType":"PRODUCT_FLOW","location":"US","refUnit":"m3"},"value":0.94940635},{"@type":"AllocationFactor","allocationType":"CAUSAL_ALLOCATION","exchange":{"@type":"Exchange","internalId":7,"flow":{"@type":"Flow","@id":"bc38e349-1ccf-3855-a615-a4f581ab875b","name":"Gasoline, combusted in equipment","categoryPath":["Technosphere Flows","22: Utilities","2213: Water, Sewage and Other Systems"],"flowType":"PRODUCT_FLOW","location":"RNA","refUnit":"m3"}},"product":{"@type":"Flow","@id":"a02815b0-8760-3b74-b2b6-ea070b183bbe","name":"Bark; hardwood; green; at logyard","categoryPath":["Technosphere Flows","11: Agriculture, Forestry, Fishing and Hunting","1133: Logging"],"flowType":"PRODUCT_FLOW","location":"US","refUnit":"kg"},"value":0.05059365},{"@type":"AllocationFactor","allocationType":"CAUSAL_ALLOCATION","exchange":{"@type":"Exchange","internalId":6,"flow":{"@type":"Flow","@id":"06581fb2-1de0-3e78-8298-f37605dea142","name":"Electricity, at grid","categoryPath":["Technosphere Flows","22: Utilities","2211: Electric Power Generation, Transmission and Distribution"],"flowType":"PRODUCT_FLOW","location":"RNA","refUnit":"MJ"}},"product":{"@type":"Flow","@id":"a02815b0-8760-3b74-b2b6-ea070b183bbe","name":"Bark; hardwood; green; at logyard","categoryPath":["Technosphere Flows","11: Agriculture, Forestry, Fishing and Hunting","1133: Logging"],"flowType":"PRODUCT_FLOW","location":"US","refUnit":"kg"},"value":0.05059365},{"@type":"AllocationFactor","allocationType":"CAUSAL_ALLOCATION","exchange":{"@type":"Exchange","internalId":6,"flow":{"@type":"Flow","@id":"06581fb2-1de0-3e78-8298-f37605dea142","name":"Electricity, at grid","categoryPath":["Technosphere Flows","22: Utilities","2211: Electric Power Generation, Transmission and Distribution"],"flowType":"PRODUCT_FLOW","location":"RNA","refUnit":"MJ"}},"product":{"@type":"Flow","@id":"86313deb-8b04-3f3e-b983-2b9896a410a6","name":"Roundwood; hardwood; green; at logyard","categoryPath":["Technosphere Flows","11: Agriculture, Forestry, Fishing and Hunting","1133: Logging"],"flowType":"PRODUCT_FLOW","location":"US","refUnit":"m3"},"value":0.94940635},{"@type":"AllocationFactor","allocationType":"CAUSAL_ALLOCATION","exchange":{"@type":"Exchange","internalId":2,"flow":{"@type":"Flow","@id":"9dfc02c2-db7e-3c19-b120-165cab1a22c5","name":"Natural gas, combusted in industrial equipment, 1.357 m3/kg, 52.13 MJ/kg","categoryPath":["Technosphere Flows","22: Utilities","2213: Water, Sewage and Other Systems"],"flowType":"PRODUCT_FLOW","location":"RNA","refUnit":"m3"}},"product":{"@type":"Flow","@id":"a02815b0-8760-3b74-b2b6-ea070b183bbe","name":"Bark; hardwood; green; at logyard","categoryPath":["Technosphere Flows","11: Agriculture, Forestry, Fishing and Hunting","1133: Logging"],"flowType":"PRODUCT_FLOW","location":"US","refUnit":"kg"},"value":0.05059365},{"@type":"AllocationFactor","allocationType":"CAUSAL_ALLOCATION","exchange":{"@type":"Exchange","internalId":10,"flow":{"@type":"Flow","@id":"01ec7937-eea7-3830-aaf6-3be74f4d952b","name":"Water","categoryPath":["Elementary Flows","resource","water","subterranean"],"flowType":"ELEMENTARY_FLOW","refUnit":"kg"}},"product":{"@type":"Flow","@id":"86313deb-8b04-3f3e-b983-2b9896a410a6","name":"Roundwood; hardwood; green; at logyard","categoryPath":["Technosphere Flows","11: Agriculture, Forestry, Fishing and Hunting","1133: Logging"],"flowType":"PRODUCT_FLOW","location":"US","refUnit":"m3"},"value":0.94940635},{"@type":"AllocationFactor","allocationType":"CAUSAL_ALLOCATION","exchange":{"@type":"Exchange","internalId":9,"flow":{"@type":"Flow","@id":"cbb91e4a-0a0f-3b79-9f6f-d54d716e05ea","name":"Bark; hardwood; green; at mill","categoryPath":["Technosphere Flows","11: Agriculture, Forestry, Fishing and Hunting","1133: Logging"],"flowType":"PRODUCT_FLOW","location":"US","refUnit":"kg"}},"product":{"@type":"Flow","@id":"a02815b0-8760-3b74-b2b6-ea070b183bbe","name":"Bark; hardwood; green; at logyard","categoryPath":["Technosphere Flows","11: Agriculture, Forestry, Fishing and Hunting","1133: Logging"],"flowType":"PRODUCT_FLOW","location":"US","refUnit":"kg"},"value":0.05059365},{"@type":"AllocationFactor","allocationType":"CAUSAL_ALLOCATION","exchange":{"@type":"Exchange","internalId":2,"flow":{"@type":"Flow","@id":"9dfc02c2-db7e-3c19-b120-165cab1a22c5","name":"Natural gas, combusted in industrial equipment, 1.357 m3/kg, 52.13 MJ/kg","categoryPath":["Technosphere Flows","22: Utilities","2213: Water, Sewage and Other Systems"],"flowType":"PRODUCT_FLOW","location":"RNA","refUnit":"m3"}},"product":{"@type":"Flow","@id":"86313deb-8b04-3f3e-b983-2b9896a410a6","name":"Roundwood; hardwood; green; at logyard","categoryPath":["Technosphere Flows","11: Agriculture, Forestry, Fishing and Hunting","1133: Logging"],"flowType":"PRODUCT_FLOW","location":"US","refUnit":"m3"},"value":0.94940635},{"@type":"AllocationFactor","allocationType":"ECONOMIC_ALLOCATION","product":{"@type":"Flow","@id":"a02815b0-8760-3b74-b2b6-ea070b183bbe","name":"Bark; hardwood; green; at logyard","categoryPath":["Technosphere Flows","11: Agriculture, Forestry, Fishing and Hunting","1133: Logging"],"flowType":"PRODUCT_FLOW","location":"US","refUnit":"kg"},"value":0.05059365},{"@type":"AllocationFactor","allocationType":"PHYSICAL_ALLOCATION","product":{"@type":"Flow","@id":"a02815b0-8760-3b74-b2b6-ea070b183bbe","name":"Bark; hardwood; green; at logyard","categoryPath":["Technosphere Flows","11: Agriculture, Forestry, Fishing and Hunting","1133: Logging"],"flowType":"PRODUCT_FLOW","location":"US","refUnit":"kg"},"value":0.05059365}]}