{"@context":"http://greendelta.github.io/olca-schema/context.jsonld","@type":"Process","@id":"bffb85b7-b962-4237-bfb9-c399415858ee","name":"Scanner, department, S3060, S3100, S3120","description":"This unit process represents the gate-to-gate production of one Kodak Alaris scanner models S3060, S3100, S3120, including power supply and cables (mass \u003d 16.5 kg).  The system boundary includes: 1) the transport of raw materials to multiple manufacturing facilities where various subcomponents are produced; 2) the manufacture of subcomponents; 3) the transport of subcomponents to a different manufacturing plant for final assembly; 4) the assembly of subcomponents into a complete scanner; and 5) the transport of generated waste from the manufacturing facilities to a municipal solid waste landfill.  The following processes and life cycle phases fall outside of the system boundary: 1) packaging of the completed scanner; 2) all transport downstream of the assembly plant gate; 3) sale of product; 4) product use phase; and 5) end-of-life phase (including recycling).\r\n\r\nThe use of this unit process for the analysis of similar devices requires professional judgement based on the degree of similarity.","version":"00.00.045","lastChange":"2021-08-13T03:12:12.652-06:00","category":{"@type":"Category","@id":"40500f84-eb6b-3e6d-80a0-90092b2ea35d","name":"3341: Computer and Peripheral Equipment Manufacturing","categoryPath":["31-33: Manufacturing"],"categoryType":"Process"},"processType":"UNIT_PROCESS","defaultAllocationMethod":"NO_ALLOCATION","infrastructureProcess":false,"location":{"@type":"Location","@id":"7efdfc94-655a-35dc-aa3e-c85e9bb703fa","name":"China"},"processDocumentation":{"@type":"ProcessDocumentation","timeDescription":"Primary data is valid from 2019 - 2020.  Secondary data is valid from 2005 - 2021.","technologyDescription":"The manufacture of a department level scanner that uses 2020 technology including information storage and processing and energy savings features.  The manufacture includes the manufacturing of subcomponents at other facilities and assembly at a central location.","dataCollectionDescription":"All primary data were collected from 2018 to 2019.  Secondary data were collected from 2005-2019 (National Renewable Energy Laboratory 2016; Wernet et al. 2016).","completenessDescription":"TREATMENT OF MISSING Environmental Data - all known elementary flows are included, so cutoff is \u003c1%\r\nTechnosphere flow data - Intermediate flows are cut-off at less than 1% (physical criteria).  Capital equipment used for manufacturing are not included.\r\n\r\nMASS BALANCE - The mass of inputs (not including fuels) balances with the scanner output, so there is less than 1% difference.","dataSelectionDescription":"An attempt was made to include data for all inputs.  Primary data was used where available and the most representative secondary data was used where primary data was not available.","reviewDetails":"The Wood (2021) methodology is almost identical to the methodology described in Wood (2012) which is an ISO 14044 compliant, peer-reviewed LCA report of three Kodak scanners (Kodak i2800; i2600; and i2400), which was peer reviewed by Kate Wennebeck of Rochester Institute of Technology\u0027s Pollution Prevention Institute.","dataTreatmentDescription":"Primary data were taken from precise engineering specifications specific to this unit process.  These data were then transformed into material and energy flows using the methodology described in Wood (2019) which is due to be released in August, 2019.  The Wood (2019) methodology is almost identical to the methodology described in Wood (2012) which is an ISO 14044 compliant, peer-reviewed life cycle assessment report of three Kodak scanners (Kodak i2800; i2600; and i2400).\r\n\r\nSecondary data were taken from the ecoinvent 3.2 database (Wernet et al. 2016) and the U.S. Life Cycle Inventory Database (National Renewable Energy Laboratory 2016).  The data were global except where otherwise specified.","inventoryMethodDescription":"Attributional.  ","modelingConstantsDescription":"Allocation rules: Materials were based on actual specifications.  Energy and fuels were allocated to products manufactured at the location based on their mass.\r\nSubstitution allocation: Substitution by close proxy ( data for similar processes were used for the components)","samplingDescription":"BOUNDARY CONDITIONS\r\nThe system boundary includes: 1) the transport of raw materials to multiple manufacturing facilities where various subcomponents are produced; 2) the manufacture of subcomponents; 3) the transport of subcomponents to a different manufacturing plant for final assembly; 4) the assembly of subcomponents into a complete scanner; and 5) the transport of generated waste from the manufacturing facilities to a municipal solid waste landfill.  The following processes and life cycle phases fall outside of the system boundary: 1) packaging of the completed scanner; 2) all transport downstream of the assembly plant gate; 3) sale of product; 4) product use phase; and 5) end-of-life phase (including recycling).\r\n\r\nDATA COLLECTION\r\nFor material inputs, data collection was based on scanner specifications provided by the manufacturer.  Other inputs (e.g. energy; waste transport and disposal) were calculated on the basis of quantity of input per kg of scanner produced.\r\n\r\nUNCERTAINTY ESTIMATION\r\nUncertainty was estimated based on engineering judgment.  Material inputs had less uncertainty because they were based off of precise engineering specifications.  Other inputs  (e.g. energy; waste transport and disposal) had more uncertainty. ","restrictionsDescription":"Summary is available to public. \r\n\r\nThese U.S. LCI Database Project data (\"Data\") are provided by the National Renewable Energy Laboratory (\"NREL\"), operated by the Alliance for Sustainable Energy, LLC (\"Alliance\") for the US Department of Energy (\"DOE\") under Contract No. DE-AC36-08GO28308. The United States Government (the \"Government\") retains and the user acknowledges that the Government retains a non-exclusive, paid-up, irrevocable, worldwide license to publish or reproduce the published form of these data, or allow others to do so, for Government purposes.\r\n\r\nAccess to and use of these Data shall impose the following obligations on the user, as set forth in this Agreement. The user is granted the right, without any fee or cost, to use, copy, modify, alter, enhance and distribute these Data for any purpose whatsoever, provided that this entire notice appears in all copies of the Data. Any modification, alteration or enhancement of these data shall be identified and documented by the user. Further, the user agrees to credit the DOE/NREL/Alliance in any publication that results from the use of these Data. The names DOE/NREL/Alliance, however, may not be used in any advertising or publicity to endorse or promote any products or commercial entities unless specific written permission is obtained from DOE/NREL/Alliance. The user also understands that DOE/NREL/Alliance is not obligated to provide the user with any support, consulting, training or assistance of any kind with regard to the use of these Data or to provide the user with any updates, revisions or new versions of these Data.\r\n\r\nYOU AGREE TO INDEMNIFY THE GOVERNMENT AND DOE/NREL/ALLIANCE, AND ITS SUBSIDIARIES, AFFILIATES, OFFICERS, AGENTS, AND EMPLOYEES AGAINST ANY CLAIM OR DEMAND, INCLUDING REASONABLE ATTORNEYS\u0027 FEES, RELATED TO YOUR USE OF THESE DATA. THESE DATA ARE PROVIDED BY DOE/NREL/ALLIANCE \"AS IS\" AND ANY EXPRESS OR IMPLIED WARRANTIES, INCLUDING BUT NOT LIMITED TO, THE IMPLIED WARRANTIES OF MERCHANTABILITY AND FITNESS FOR A PARTICULAR PURPOSE ARE DISCLAIMED. IN NO EVENT SHALL THE GOVERNMENT OR DOE/NREL/ALLIANCE BE LIABLE FOR ANY SPECIAL, INDIRECT OR CONSEQUENTIAL DAMAGES OR ANY DAMAGES WHATSOEVER, INCLUDING BUT NOT LIMITED TO CLAIMS ASSOCIATED WITH THE LOSS OF DATA OR PROFITS, WHICH MAY RESULT FROM AN ACTION IN CONTRACT, NEGLIGENCE OR OTHER TORTIOUS CLAIM THAT ARISES OUT OF OR IN CONNECTION WITH THE ACCESS, USE OR PERFORMANCE OF THESE DATA.","copyright":false,"validFrom":"2019-01-30-07:00","validUntil":"2020-11-30-07:00","creationDate":"2019-07-06T09:42:30.418-06:00","intendedApplication":"The intended application for this unit process is for \"Accounting\" purposes as described in Situation C2 from the Institute for Environment and Sustainablility (2011:3).   As such, it describes the gate-to-gate production of one S3060, S3100, or S3120 desktop scanner \"without being interested in any potential consequences on other parts of the economy\" (Institute for Environment and Sustainablility 2011:3) and without consideration of potential benefits from recycling the scanner at the end of its useful life.","projectDescription":"Data and LCA results are reported in Wood (2021) Life Cycle Greenhouse Gas Assessment Summary Report -\r\nKodak Alaris models S3060, S3100, and S3120 Scanners - ISO 14044 Protocol\r\n","geographyDescription":"Scanners are manufactured in China, but components represent a global supply chain and secondary data is based on best available data from global sources.","reviewer":{"@type":"Actor","@id":"ac041148-a469-348c-8411-e2551193cb60","name":"Jay Mathewson"},"dataDocumentor":{"@type":"Actor","@id":"97a3dd96-c17d-364a-8199-701171fe46a4","name":"Roy Wood"},"dataGenerator":{"@type":"Actor","@id":"97a3dd96-c17d-364a-8199-701171fe46a4","name":"Roy Wood"},"dataSetOwner":{"@type":"Actor","@id":"507cf59c-c436-477d-a55d-86d4a5f74248","name":"Kodak Alaris"},"publication":{"@type":"Source","@id":"66084568-890f-44ff-a593-84c0530c5461","name":"Kodak Alaris 2021 LCA GHG Summary Report"},"sources":[{"@type":"Source","@id":"8455d53c-3a2a-4a91-addf-0ad482c5325e","name":"Wernet et al. (2016) The ecoinvent database version 3 (part I): overview and methodology."}]},"dqSystem":{"@type":"DQSystem","@id":"70bf370f-9912-4ec1-baa3-fbd4eaf85a10","name":"US EPA - Process Pedigree Matrix"},"dqEntry":"(2;1)","exchangeDqSystem":{"@type":"DQSystem","@id":"d13b2bc4-5e84-4cc8-a6be-9101ebb252ff","name":"US EPA - Flow Pedigree Matrix"},"lastInternalId":1287,"exchanges":[{"@type":"Exchange","avoidedProduct":false,"input":false,"amount":1.0,"description":"16.5 kg department scanner","internalId":52,"flow":{"@type":"Flow","@id":"926274ff-8d7d-4700-90f7-de5387013911","name":"Scanner, department, S3060, S3100, S3120 ","categoryPath":["Technosphere Flows","31-33: Manufacturing","3341: Computer and Peripheral Equipment Manufacturing"],"flowType":"PRODUCT_FLOW","location":"CN","refUnit":"Item(s)"},"unit":{"@type":"Unit","@id":"6dabe201-aaac-4509-92f0-d00c26cb72ab","name":"Item(s)"},"flowProperty":{"@type":"FlowProperty","@id":"01846770-4cfe-4a25-8ad9-919d8d378345","name":"Number of items","categoryPath":["Technical flow properties"]},"quantitativeReference":true},{"@type":"Exchange","avoidedProduct":false,"input":true,"amount":0.216,"internalId":10,"flow":{"@type":"Flow","@id":"2408c743-f372-340d-b698-3f2e90db7435","name":"printed wiring board, through-hole mounted, unspecified, Pb free","categoryPath":["Technosphere Flows","CUTOFF Flows","ecoinvent 3.2"],"flowType":"PRODUCT_FLOW","refUnit":"kg"},"unit":{"@type":"Unit","@id":"20aadc24-a391-41cf-b340-3e4529f44bde","name":"kg"},"flowProperty":{"@type":"FlowProperty","@id":"93a60a56-a3c8-11da-a746-0800200b9a66","name":"Mass","categoryPath":["Technical flow properties"]},"uncertainty":{"@type":"Uncertainty","distributionType":"TRIANGLE_DISTRIBUTION","minimum":0.23,"mode":0.216,"maximum":0.21}},{"@type":"Exchange","avoidedProduct":false,"input":true,"amount":0.0018,"internalId":45,"defaultProvider":{"@type":"Process","@id":"3dbccdda-2014-4239-ad1f-4e15c034942b","name":"Polyvinyl chloride, PVC, virgin resin; at plant","categoryPath":["31-33: Manufacturing","3252: Resin, Synthetic Rubber, and Artificial and Synthetic Fibers and Filaments Manufacturing"],"processType":"UNIT_PROCESS","location":"RNA"},"flow":{"@type":"Flow","@id":"2bb0cd6b-941b-38da-856c-1b7bd0cc5f49","name":"Polyvinyl chloride, PVC, resin; at plant","categoryPath":["Technosphere Flows","31-33: Manufacturing","3252: Resin, Synthetic Rubber, and Artificial and Synthetic Fibers and Filaments Manufacturing"],"flowType":"PRODUCT_FLOW","location":"RNA","refUnit":"kg"},"unit":{"@type":"Unit","@id":"20aadc24-a391-41cf-b340-3e4529f44bde","name":"kg"},"flowProperty":{"@type":"FlowProperty","@id":"93a60a56-a3c8-11da-a746-0800200b9a66","name":"Mass","categoryPath":["Technical flow properties"]},"uncertainty":{"@type":"Uncertainty","distributionType":"TRIANGLE_DISTRIBUTION","minimum":0.0016,"mode":0.0018,"maximum":0.002}},{"@type":"Exchange","avoidedProduct":false,"input":true,"amount":11.1,"internalId":14,"flow":{"@type":"Flow","@id":"8b2fc5f4-6f6a-36b0-a19d-0821eeecb3c0","name":"transport, passenger, aircraft ","categoryPath":["Technosphere Flows","CUTOFF Flows","ecoinvent 3.2"],"flowType":"PRODUCT_FLOW","refUnit":"p*km"},"unit":{"@type":"Unit","@id":"fe8da65d-f0ea-4496-b13e-1955aaa412d7","name":"p*km"},"flowProperty":{"@type":"FlowProperty","@id":"8766e10f-9f41-4db0-8173-ad0d002a5b98","name":"Person transport","categoryPath":["Technical flow properties"]},"uncertainty":{"@type":"Uncertainty","distributionType":"TRIANGLE_DISTRIBUTION","minimum":7.0,"mode":11.1,"maximum":15.0}},{"@type":"Exchange","avoidedProduct":false,"input":true,"amount":19.6,"internalId":27,"defaultProvider":{"@type":"Process","@id":"dce702f1-03a1-3fe9-bb48-94a5217fd8cb","name":"Transport, combination truck, average fuel mix","categoryPath":["48-49: Transportation and Warehousing","4841: General Freight Trucking"],"processType":"UNIT_PROCESS","location":"RNA"},"flow":{"@type":"Flow","@id":"2afb4e2f-b224-3900-956f-03e3f27b276b","name":"Transport, combination truck, average fuel mix","categoryPath":["Technosphere Flows","48-49: Transportation and Warehousing","4841: General Freight Trucking"],"flowType":"PRODUCT_FLOW","location":"RNA","refUnit":"t*km"},"unit":{"@type":"Unit","@id":"0dea4ed8-bb6b-4049-b2b4-b2c413ef2180","name":"t*km"},"flowProperty":{"@type":"FlowProperty","@id":"838aaa20-0117-11db-92e3-0800200c9a66","name":"Goods transport (mass*distance)","categoryPath":["Technical flow properties"]},"uncertainty":{"@type":"Uncertainty","distributionType":"TRIANGLE_DISTRIBUTION","minimum":12.0,"mode":19.6,"maximum":30.0}},{"@type":"Exchange","avoidedProduct":false,"input":true,"amount":0.034,"internalId":54,"defaultProvider":{"@type":"Process","@id":"230e8d51-1f4d-3459-be47-429b0b828add","name":"Zinc, Special High Grade","categoryPath":["31-33: Manufacturing","3314: Nonferrous Metal (except Aluminum) Production and Processing"],"processType":"UNIT_PROCESS","location":"GLO"},"flow":{"@type":"Flow","@id":"23942f4b-21e8-374d-83be-1c799aea1cd4","name":"Zinc, Special High Grade ","categoryPath":["Technosphere Flows","31-33: Manufacturing","3314: Nonferrous Metal (except Aluminum) Production and Processing"],"flowType":"PRODUCT_FLOW","location":"GLO","refUnit":"kg"},"unit":{"@type":"Unit","@id":"20aadc24-a391-41cf-b340-3e4529f44bde","name":"kg"},"flowProperty":{"@type":"FlowProperty","@id":"93a60a56-a3c8-11da-a746-0800200b9a66","name":"Mass","categoryPath":["Technical flow properties"]},"uncertainty":{"@type":"Uncertainty","distributionType":"TRIANGLE_DISTRIBUTION","minimum":0.03,"mode":0.034,"maximum":0.038}},{"@type":"Exchange","avoidedProduct":false,"input":true,"amount":0.056,"internalId":1283,"defaultProvider":{"@type":"Process","@id":"2d50471f-ae3a-337b-9e53-6ff319e39b55","name":"E-glass, at plant","categoryPath":["31-33: Manufacturing","3279: Other Nonmetallic Mineral Product Manufacturing"],"processType":"UNIT_PROCESS","location":"US"},"flow":{"@type":"Flow","@id":"406c4d5a-ada0-349f-be88-0b9708780f42","name":"E-glass, at plant","categoryPath":["Technosphere Flows","31-33: Manufacturing","3274: Lime and Gypsum Product Manufacturing"],"flowType":"PRODUCT_FLOW","location":"US","refUnit":"kg"},"unit":{"@type":"Unit","@id":"20aadc24-a391-41cf-b340-3e4529f44bde","name":"kg"},"flowProperty":{"@type":"FlowProperty","@id":"93a60a56-a3c8-11da-a746-0800200b9a66","name":"Mass","categoryPath":["Technical flow properties"]},"uncertainty":{"@type":"Uncertainty","distributionType":"TRIANGLE_DISTRIBUTION","minimum":0.052,"mode":0.056,"maximum":0.06}},{"@type":"Exchange","avoidedProduct":false,"input":true,"amount":7.76,"internalId":21,"defaultProvider":{"@type":"Process","@id":"c378e883-97fc-3714-b923-d7271b8fcbac","name":"Cold rolled sheet, steel, at plant","categoryPath":["31-33: Manufacturing","3312: Steel Product Manufacturing from Purchased Steel"],"processType":"UNIT_PROCESS","location":"RNA"},"flow":{"@type":"Flow","@id":"5d5319f2-727c-343d-aaba-32517583a0a4","name":"Cold rolled sheet, steel, at plant","categoryPath":["Technosphere Flows","31-33: Manufacturing","3311: Iron and Steel Mills and Ferroalloy Manufacturing"],"flowType":"PRODUCT_FLOW","refUnit":"kg"},"unit":{"@type":"Unit","@id":"20aadc24-a391-41cf-b340-3e4529f44bde","name":"kg"},"flowProperty":{"@type":"FlowProperty","@id":"93a60a56-a3c8-11da-a746-0800200b9a66","name":"Mass","categoryPath":["Technical flow properties"]},"uncertainty":{"@type":"Uncertainty","distributionType":"TRIANGLE_DISTRIBUTION","minimum":7.5,"mode":7.76,"maximum":8.0}},{"@type":"Exchange","avoidedProduct":false,"input":true,"amount":0.19,"internalId":1272,"defaultProvider":{"@type":"Process","@id":"88b44b36-2322-39a8-9c54-6b89b1b43cd4","name":"Iron and steel, production mix","categoryPath":["31-33: Manufacturing","3311: Iron and Steel Mills and Ferroalloy Manufacturing"],"processType":"UNIT_PROCESS","location":"RNA"},"flow":{"@type":"Flow","@id":"e3d97362-bb7a-3a33-acbf-c2d69c622ed0","name":"Iron and steel, production mix","categoryPath":["Technosphere Flows","31-33: Manufacturing","3311: Iron and Steel Mills and Ferroalloy Manufacturing"],"flowType":"PRODUCT_FLOW","location":"RNA","refUnit":"kg"},"unit":{"@type":"Unit","@id":"20aadc24-a391-41cf-b340-3e4529f44bde","name":"kg"},"flowProperty":{"@type":"FlowProperty","@id":"93a60a56-a3c8-11da-a746-0800200b9a66","name":"Mass","categoryPath":["Technical flow properties"]},"uncertainty":{"@type":"Uncertainty","distributionType":"TRIANGLE_DISTRIBUTION","minimum":0.15,"mode":0.19,"maximum":0.23}},{"@type":"Exchange","avoidedProduct":false,"input":true,"amount":3.3,"internalId":55,"defaultProvider":{"@type":"Process","@id":"61ff7eba-1846-30cb-9840-33939ee0dc26","name":"Transport, aircraft, freight","categoryPath":["48-49: Transportation and Warehousing","4811: Scheduled Air Transportation"],"processType":"UNIT_PROCESS","location":"RNA"},"flow":{"@type":"Flow","@id":"6a71f6df-1df1-32f0-b926-6e9b932a7fe9","name":"Transport, aircraft, freight","categoryPath":["Technosphere Flows","48-49: Transportation and Warehousing","4811: Scheduled Air Transportation"],"flowType":"PRODUCT_FLOW","location":"RNA","refUnit":"t*km"},"unit":{"@type":"Unit","@id":"0dea4ed8-bb6b-4049-b2b4-b2c413ef2180","name":"t*km"},"flowProperty":{"@type":"FlowProperty","@id":"838aaa20-0117-11db-92e3-0800200c9a66","name":"Goods transport (mass*distance)","categoryPath":["Technical flow properties"]},"uncertainty":{"@type":"Uncertainty","distributionType":"TRIANGLE_DISTRIBUTION","minimum":3.0,"mode":3.3,"maximum":3.6}},{"@type":"Exchange","avoidedProduct":false,"input":true,"amount":0.0557,"internalId":1286,"defaultProvider":{"@type":"Process","@id":"fa60e60f-73f0-3e20-bb3a-073e4a9469cc","name":"Polybutadiene, butadiene rubber, BR, at plant","categoryPath":["31-33: Manufacturing","3252: Resin, Synthetic Rubber, and Artificial and Synthetic Fibers and Filaments Manufacturing"],"processType":"UNIT_PROCESS","location":"RNA"},"flow":{"@type":"Flow","@id":"cba81a11-592f-3984-9f10-86b0607258d1","name":"Polybutadiene, butadiene rubber, BR, at plant","categoryPath":["Technosphere Flows","31-33: Manufacturing","3252: Resin, Synthetic Rubber, and Artificial and Synthetic Fibers and Filaments Manufacturing"],"flowType":"PRODUCT_FLOW","location":"RNA","refUnit":"kg"},"unit":{"@type":"Unit","@id":"20aadc24-a391-41cf-b340-3e4529f44bde","name":"kg"},"flowProperty":{"@type":"FlowProperty","@id":"93a60a56-a3c8-11da-a746-0800200b9a66","name":"Mass","categoryPath":["Technical flow properties"]},"uncertainty":{"@type":"Uncertainty","distributionType":"TRIANGLE_DISTRIBUTION","minimum":0.054,"mode":0.0557,"maximum":0.059}},{"@type":"Exchange","avoidedProduct":false,"input":true,"amount":0.019,"internalId":1271,"defaultProvider":{"@type":"Process","@id":"2b2f738d-2044-462f-ba56-5112ee683cb6","name":"Polyethylene terephthalate, PET, virgin resin, at plant, kg","categoryPath":["31-33: Manufacturing","3252: Resin, Synthetic Rubber, and Artificial and Synthetic Fibers and Filaments Manufacturing"],"processType":"UNIT_PROCESS","location":"RNA"},"flow":{"@type":"Flow","@id":"e7bbbd06-5887-45b0-a3c2-c9d06d571351","name":"Polyethylene terephthalate, PET, virgin resin, at plant, kg","categoryPath":["Technosphere Flows","31-33: Manufacturing","3252: Resin, Synthetic Rubber, and Artificial and Synthetic Fibers and Filaments Manufacturing"],"flowType":"PRODUCT_FLOW","refUnit":"kg"},"unit":{"@type":"Unit","@id":"20aadc24-a391-41cf-b340-3e4529f44bde","name":"kg"},"flowProperty":{"@type":"FlowProperty","@id":"93a60a56-a3c8-11da-a746-0800200b9a66","name":"Mass","categoryPath":["Technical flow properties"]},"uncertainty":{"@type":"Uncertainty","distributionType":"TRIANGLE_DISTRIBUTION","minimum":0.017,"mode":0.019,"maximum":0.021}},{"@type":"Exchange","avoidedProduct":false,"input":true,"amount":0.0021,"internalId":1285,"defaultProvider":{"@type":"Process","@id":"6a12cba1-889d-4515-90f8-89feb8d662f2","name":"Polyethylene, low-density, LDPE, virgin resin, at plant","categoryPath":["31-33: Manufacturing","3252: Resin, Synthetic Rubber, and Artificial and Synthetic Fibers and Filaments Manufacturing"],"processType":"UNIT_PROCESS","location":"RNA"},"flow":{"@type":"Flow","@id":"2f9d79bf-e4c6-400a-a076-8c00f468fa3b","name":"Polyethylene, low-density, LDPE, virgin resin, at plant","categoryPath":["Technosphere Flows","31-33: Manufacturing","3252: Resin, Synthetic Rubber, and Artificial and Synthetic Fibers and Filaments Manufacturing"],"flowType":"PRODUCT_FLOW","refUnit":"kg"},"unit":{"@type":"Unit","@id":"20aadc24-a391-41cf-b340-3e4529f44bde","name":"kg"},"flowProperty":{"@type":"FlowProperty","@id":"93a60a56-a3c8-11da-a746-0800200b9a66","name":"Mass","categoryPath":["Technical flow properties"]},"uncertainty":{"@type":"Uncertainty","distributionType":"TRIANGLE_DISTRIBUTION","minimum":0.0019,"mode":0.0021,"maximum":0.0023}},{"@type":"Exchange","avoidedProduct":false,"input":true,"amount":0.118,"internalId":23,"defaultProvider":{"@type":"Process","@id":"a8eb9a6a-e8e6-3da6-a3ab-20dcf68e883a","name":"Aluminum ingot, production mix, at plant","categoryPath":["31-33: Manufacturing","3313: Alumina and Aluminum Production and Processing"],"processType":"UNIT_PROCESS","location":"US"},"flow":{"@type":"Flow","@id":"aec9945f-f19c-3834-8e26-5f4f92cfcb2b","name":"Aluminum ingot, production mix, at plant","categoryPath":["Technosphere Flows","31-33: Manufacturing","3313: Alumina and Aluminum Production and Processing"],"flowType":"PRODUCT_FLOW","location":"US","refUnit":"kg"},"unit":{"@type":"Unit","@id":"20aadc24-a391-41cf-b340-3e4529f44bde","name":"kg"},"flowProperty":{"@type":"FlowProperty","@id":"93a60a56-a3c8-11da-a746-0800200b9a66","name":"Mass","categoryPath":["Technical flow properties"]},"uncertainty":{"@type":"Uncertainty","distributionType":"TRIANGLE_DISTRIBUTION","minimum":0.11,"mode":0.0118,"maximum":0.013}},{"@type":"Exchange","avoidedProduct":false,"input":true,"amount":0.0022,"internalId":1273,"defaultProvider":{"@type":"Process","@id":"2e8facf6-46aa-4ddb-95de-a4e2a00eb2bb","name":"Polypropylene, PP, virgin resin, at plant","categoryPath":["31-33: Manufacturing","3252: Resin, Synthetic Rubber, and Artificial and Synthetic Fibers and Filaments Manufacturing"],"processType":"UNIT_PROCESS","location":"RNA"},"flow":{"@type":"Flow","@id":"d0477b6a-115f-350d-bbb4-7f62243e3476","name":"Polypropylene, PP, virgin resin, at plant","categoryPath":["Technosphere Flows","31-33: Manufacturing","3252: Resin, Synthetic Rubber, and Artificial and Synthetic Fibers and Filaments Manufacturing"],"flowType":"PRODUCT_FLOW","location":"RNA","refUnit":"kg"},"unit":{"@type":"Unit","@id":"20aadc24-a391-41cf-b340-3e4529f44bde","name":"kg"},"flowProperty":{"@type":"FlowProperty","@id":"93a60a56-a3c8-11da-a746-0800200b9a66","name":"Mass","categoryPath":["Technical flow properties"]},"uncertainty":{"@type":"Uncertainty","distributionType":"TRIANGLE_DISTRIBUTION","minimum":0.002,"mode":0.0022,"maximum":0.0024}},{"@type":"Exchange","avoidedProduct":false,"input":true,"amount":7.01,"internalId":50,"defaultProvider":{"@type":"Process","@id":"89a2b59a-1ca2-34f5-acc8-a8eaaa6fa870","name":"Injection molding, rigid polypropylene part, at plant","categoryPath":["31-33: Manufacturing","3261: Plastics Product Manufacturing"],"processType":"UNIT_PROCESS","location":"RNA"},"flow":{"@type":"Flow","@id":"b0533308-3c5a-3a1a-a8e6-4a310e2084bf","name":"Injection molding, rigid polypropylene part, at plant","categoryPath":["Technosphere Flows","31-33: Manufacturing","3261: Plastics Product Manufacturing"],"flowType":"PRODUCT_FLOW","location":"RNA","refUnit":"kg"},"unit":{"@type":"Unit","@id":"20aadc24-a391-41cf-b340-3e4529f44bde","name":"kg"},"flowProperty":{"@type":"FlowProperty","@id":"93a60a56-a3c8-11da-a746-0800200b9a66","name":"Mass","categoryPath":["Technical flow properties"]},"uncertainty":{"@type":"Uncertainty","distributionType":"TRIANGLE_DISTRIBUTION","minimum":6.82,"mode":7.01,"maximum":7.2}},{"@type":"Exchange","avoidedProduct":false,"input":true,"amount":0.15475313195999998,"internalId":47,"defaultProvider":{"@type":"Process","@id":"ee8077d4-d28c-46c4-9f15-5b22bce6063d","name":"Natural gas, at processing, production mixture, to consumer, kg","categoryPath":["21: Mining, Quarrying, and Oil and Gas Extraction","2111: Oil and Gas Extraction"],"processType":"UNIT_PROCESS","location":"US"},"flow":{"@type":"Flow","@id":"1a30ee75-215c-47ab-8927-8d15cdf63407","name":"Natural gas, at processing, composite, kg","categoryPath":["Technosphere Flows","21: Mining, Quarrying, and Oil and Gas Extraction","2111: Oil and Gas Extraction"],"flowType":"PRODUCT_FLOW","refUnit":"kg"},"unit":{"@type":"Unit","@id":"20aadc24-a391-41cf-b340-3e4529f44bde","name":"kg"},"flowProperty":{"@type":"FlowProperty","@id":"93a60a56-a3c8-11da-a746-0800200b9a66","name":"Mass","categoryPath":["Technical flow properties"]},"uncertainty":{"@type":"Uncertainty","distributionType":"TRIANGLE_DISTRIBUTION","minimum":0.14001473844,"mode":0.15475313195999998,"maximum":0.16949152548}},{"@type":"Exchange","avoidedProduct":false,"input":true,"amount":8.11,"internalId":13,"flow":{"@type":"Flow","@id":"1475f6cd-7fae-31d2-ab63-3b93b84c5b08","name":"metal product manufacturing, average metal working","categoryPath":["Technosphere Flows","CUTOFF Flows","ecoinvent 3.2"],"flowType":"PRODUCT_FLOW","refUnit":"kg"},"unit":{"@type":"Unit","@id":"20aadc24-a391-41cf-b340-3e4529f44bde","name":"kg"},"flowProperty":{"@type":"FlowProperty","@id":"93a60a56-a3c8-11da-a746-0800200b9a66","name":"Mass","categoryPath":["Technical flow properties"]},"uncertainty":{"@type":"Uncertainty","distributionType":"TRIANGLE_DISTRIBUTION","minimum":8.3,"mode":8.11,"maximum":7.9}},{"@type":"Exchange","avoidedProduct":false,"input":true,"amount":3.0E-4,"internalId":1274,"defaultProvider":{"@type":"Process","@id":"4b835425-fd68-337c-8e35-a4ddfb5b628a","name":"Urea formaldehyde, UF, resin, neat, 65% solids","categoryPath":["31-33: Manufacturing","3252: Resin, Synthetic Rubber, and Artificial and Synthetic Fibers and Filaments Manufacturing"],"processType":"UNIT_PROCESS","location":"RNA"},"flow":{"@type":"Flow","@id":"3c6ecea9-ce37-3aa8-829b-f2f163d33d84","name":"Urea formaldehyde, UF, resin, neat, 65% solids","categoryPath":["Technosphere Flows","31-33: Manufacturing","3252: Resin, Synthetic Rubber, and Artificial and Synthetic Fibers and Filaments Manufacturing"],"flowType":"PRODUCT_FLOW","location":"RNA","refUnit":"kg"},"unit":{"@type":"Unit","@id":"20aadc24-a391-41cf-b340-3e4529f44bde","name":"kg"},"flowProperty":{"@type":"FlowProperty","@id":"93a60a56-a3c8-11da-a746-0800200b9a66","name":"Mass","categoryPath":["Technical flow properties"]},"uncertainty":{"@type":"Uncertainty","distributionType":"TRIANGLE_DISTRIBUTION","minimum":2.5E-4,"mode":3.0E-4,"maximum":3.5E-4}},{"@type":"Exchange","avoidedProduct":false,"input":true,"amount":0.64,"internalId":1277,"flow":{"@type":"Flow","@id":"b5a73b5f-248e-3e8b-af16-4e7c1ae25354","name":"Power adapter, for laptop, at plant","categoryPath":["Technosphere Flows","CUTOFF Flows"],"flowType":"PRODUCT_FLOW","refUnit":"kg"},"unit":{"@type":"Unit","@id":"20aadc24-a391-41cf-b340-3e4529f44bde","name":"kg"},"flowProperty":{"@type":"FlowProperty","@id":"93a60a56-a3c8-11da-a746-0800200b9a66","name":"Mass","categoryPath":["Technical flow properties"]}},{"@type":"Exchange","avoidedProduct":false,"input":true,"amount":5.85,"internalId":51,"defaultProvider":{"@type":"Process","@id":"0e42a306-ee2d-362e-8bc3-580000096459","name":"Acrylonitrile-butadiene-styrene, ABS, copolymer resin, at plant","categoryPath":["31-33: Manufacturing","3252: Resin, Synthetic Rubber, and Artificial and Synthetic Fibers and Filaments Manufacturing"],"processType":"LCI_RESULT","location":"RNA"},"flow":{"@type":"Flow","@id":"fa5304ba-de40-35cf-a5d6-3e09d9b79205","name":"Acrylonitrile-butadiene-styrene, ABS, copolymer resin, at plant","categoryPath":["Technosphere Flows","31-33: Manufacturing","3252: Resin, Synthetic Rubber, and Artificial and Synthetic Fibers and Filaments Manufacturing"],"flowType":"PRODUCT_FLOW","location":"RNA","refUnit":"kg"},"unit":{"@type":"Unit","@id":"20aadc24-a391-41cf-b340-3e4529f44bde","name":"kg"},"flowProperty":{"@type":"FlowProperty","@id":"93a60a56-a3c8-11da-a746-0800200b9a66","name":"Mass","categoryPath":["Technical flow properties"]},"uncertainty":{"@type":"Uncertainty","distributionType":"TRIANGLE_DISTRIBUTION","minimum":5.6,"mode":5.85,"maximum":6.1}},{"@type":"Exchange","avoidedProduct":false,"input":true,"amount":0.174,"internalId":24,"flow":{"@type":"Flow","@id":"3b6409f1-369f-4a72-8599-90c16a29ef68","name":"polyoxymethylene (POM) - EU-27","categoryPath":["Technosphere Flows","CUTOFF Flows","ecoinvent 3.2"],"flowType":"PRODUCT_FLOW","refUnit":"kg"},"unit":{"@type":"Unit","@id":"20aadc24-a391-41cf-b340-3e4529f44bde","name":"kg"},"flowProperty":{"@type":"FlowProperty","@id":"93a60a56-a3c8-11da-a746-0800200b9a66","name":"Mass","categoryPath":["Technical flow properties"]},"uncertainty":{"@type":"Uncertainty","distributionType":"TRIANGLE_DISTRIBUTION","minimum":0.16,"mode":0.174,"maximum":0.19}},{"@type":"Exchange","avoidedProduct":false,"input":true,"amount":82.0,"description":"Process water\r\n","internalId":1282,"flow":{"@type":"Flow","@id":"e2eb491c-78ff-3123-9e42-494c7d199b44","name":"Water","categoryPath":["Elementary Flows","resource","water"],"flowType":"ELEMENTARY_FLOW","refUnit":"kg"},"unit":{"@type":"Unit","@id":"20aadc24-a391-41cf-b340-3e4529f44bde","name":"kg"},"flowProperty":{"@type":"FlowProperty","@id":"93a60a56-a3c8-11da-a746-0800200b9a66","name":"Mass","categoryPath":["Technical flow properties"]},"uncertainty":{"@type":"Uncertainty","distributionType":"TRIANGLE_DISTRIBUTION","minimum":70.0,"mode":82.0,"maximum":95.0}},{"@type":"Exchange","avoidedProduct":false,"input":true,"amount":0.0026,"internalId":1280,"defaultProvider":{"@type":"Process","@id":"0aaf1e13-5d80-37f9-b7bb-81a6b8965c71","name":"Petroleum refining, at refinery","categoryPath":["31-33: Manufacturing","3241: Petroleum and Coal Products Manufacturing"],"processType":"UNIT_PROCESS","location":"RNA"},"flow":{"@type":"Flow","@id":"0e44e579-abb0-3c77-af64-c774d65be529","name":"Gasoline, at refinery","categoryPath":["Technosphere Flows","31-33: Manufacturing","3241: Petroleum and Coal Products Manufacturing"],"flowType":"PRODUCT_FLOW","refUnit":"m3"},"unit":{"@type":"Unit","@id":"1c3a9695-398d-4b1f-b07e-a8715b610f70","name":"m3"},"flowProperty":{"@type":"FlowProperty","@id":"93a60a56-a3c8-22da-a746-0800200c9a66","name":"Volume","categoryPath":["Technical flow properties"]},"uncertainty":{"@type":"Uncertainty","distributionType":"TRIANGLE_DISTRIBUTION","minimum":0.002,"mode":0.0026,"maximum":0.0032}},{"@type":"Exchange","avoidedProduct":false,"input":true,"amount":0.796,"internalId":18,"flow":{"@type":"Flow","@id":"63fbd394-618b-3645-b91d-8be97d1ccc18","name":"polycarbonate ","categoryPath":["Technosphere Flows","CUTOFF Flows","ecoinvent 3.2"],"flowType":"PRODUCT_FLOW","refUnit":"kg"},"unit":{"@type":"Unit","@id":"20aadc24-a391-41cf-b340-3e4529f44bde","name":"kg"},"flowProperty":{"@type":"FlowProperty","@id":"93a60a56-a3c8-11da-a746-0800200b9a66","name":"Mass","categoryPath":["Technical flow properties"]},"uncertainty":{"@type":"Uncertainty","distributionType":"TRIANGLE_DISTRIBUTION","minimum":0.78,"mode":0.796,"maximum":0.81}},{"@type":"Exchange","avoidedProduct":false,"input":true,"amount":0.0021,"internalId":1270,"defaultProvider":{"@type":"Process","@id":"6a12cba1-889d-4515-90f8-89feb8d662f2","name":"Polyethylene, low-density, LDPE, virgin resin, at plant","categoryPath":["31-33: Manufacturing","3252: Resin, Synthetic Rubber, and Artificial and Synthetic Fibers and Filaments Manufacturing"],"processType":"UNIT_PROCESS","location":"RNA"},"flow":{"@type":"Flow","@id":"2f9d79bf-e4c6-400a-a076-8c00f468fa3b","name":"Polyethylene, low-density, LDPE, virgin resin, at plant","categoryPath":["Technosphere Flows","31-33: Manufacturing","3252: Resin, Synthetic Rubber, and Artificial and Synthetic Fibers and Filaments Manufacturing"],"flowType":"PRODUCT_FLOW","refUnit":"kg"},"unit":{"@type":"Unit","@id":"20aadc24-a391-41cf-b340-3e4529f44bde","name":"kg"},"flowProperty":{"@type":"FlowProperty","@id":"93a60a56-a3c8-11da-a746-0800200b9a66","name":"Mass","categoryPath":["Technical flow properties"]},"uncertainty":{"@type":"Uncertainty","distributionType":"TRIANGLE_DISTRIBUTION","minimum":0.0016,"mode":0.0021,"maximum":0.0026}},{"@type":"Exchange","avoidedProduct":false,"input":true,"amount":0.0925,"internalId":15,"flow":{"@type":"Flow","@id":"e9890552-edd9-47e5-abd1-3d6ad19fdb92","name":"nylon 6-6 - GLO","categoryPath":["Technosphere Flows","CUTOFF Flows","ecoinvent 3.2"],"flowType":"PRODUCT_FLOW","refUnit":"kg"},"unit":{"@type":"Unit","@id":"20aadc24-a391-41cf-b340-3e4529f44bde","name":"kg"},"flowProperty":{"@type":"FlowProperty","@id":"93a60a56-a3c8-11da-a746-0800200b9a66","name":"Mass","categoryPath":["Technical flow properties"]},"uncertainty":{"@type":"Uncertainty","distributionType":"TRIANGLE_DISTRIBUTION","minimum":0.091,"mode":0.0925,"maximum":0.094}},{"@type":"Exchange","avoidedProduct":false,"input":true,"amount":30.0,"internalId":1287,"defaultProvider":{"@type":"Process","@id":"ab7f18b8-9e1b-4efc-a690-5d9ffe6e0cc1","name":"Electricity, at grid, CN, 2018","categoryPath":["22: Utilities","2211: Electric Power Generation, Transmission and Distribution"],"processType":"UNIT_PROCESS","location":"CN"},"flow":{"@type":"Flow","@id":"5f9e4330-20e4-4f3f-94c6-f8fedf7b5ff5","name":"Electricity, at grid","categoryPath":["Technosphere Flows","22: Utilities","2211: Electric Power Generation, Transmission and Distribution"],"flowType":"PRODUCT_FLOW","location":"CN","refUnit":"MJ"},"unit":{"@type":"Unit","@id":"86ad2244-1f0e-4912-af53-7865283103e4","name":"kWh"},"flowProperty":{"@type":"FlowProperty","@id":"f6811440-ee37-11de-8a39-0800200c9a66","name":"Energy","categoryPath":["Technical flow properties"]},"uncertainty":{"@type":"Uncertainty","distributionType":"TRIANGLE_DISTRIBUTION","minimum":27.5,"mode":30.0,"maximum":32.5}},{"@type":"Exchange","avoidedProduct":false,"input":true,"amount":0.92,"internalId":1279,"flow":{"@type":"Flow","@id":"0ccffa6e-2153-3245-b83c-3f86912d5cdb","name":"Cable, connector for computer, without plugs, at plant","categoryPath":["Technosphere Flows","CUTOFF Flows"],"flowType":"PRODUCT_FLOW","refUnit":"kg"},"unit":{"@type":"Unit","@id":"20aadc24-a391-41cf-b340-3e4529f44bde","name":"kg"},"flowProperty":{"@type":"FlowProperty","@id":"93a60a56-a3c8-11da-a746-0800200b9a66","name":"Mass","categoryPath":["Technical flow properties"]},"uncertainty":{"@type":"Uncertainty","distributionType":"TRIANGLE_DISTRIBUTION","minimum":0.9,"mode":0.92,"maximum":0.94}},{"@type":"Exchange","avoidedProduct":false,"input":true,"amount":0.2,"internalId":48,"defaultProvider":{"@type":"Process","@id":"57cdac3b-a289-330e-8e55-6b7e2c6885fb","name":"Transport, pipeline, natural gas","categoryPath":["48-49: Transportation and Warehousing","4862: Pipeline Transportation of Natural Gas"],"processType":"UNIT_PROCESS","location":"RNA"},"flow":{"@type":"Flow","@id":"057a281a-908b-3adf-8f51-ed79fe5c5a9b","name":"Transport, pipeline, natural gas","categoryPath":["Technosphere Flows","48-49: Transportation and Warehousing","4862: Pipeline Transportation of Natural Gas"],"flowType":"PRODUCT_FLOW","location":"RNA","refUnit":"t*km"},"unit":{"@type":"Unit","@id":"0dea4ed8-bb6b-4049-b2b4-b2c413ef2180","name":"t*km"},"flowProperty":{"@type":"FlowProperty","@id":"838aaa20-0117-11db-92e3-0800200c9a66","name":"Goods transport (mass*distance)","categoryPath":["Technical flow properties"]},"uncertainty":{"@type":"Uncertainty","distributionType":"TRIANGLE_DISTRIBUTION","minimum":0.1,"mode":0.2,"maximum":0.4}},{"@type":"Exchange","avoidedProduct":false,"input":true,"amount":0.002,"internalId":1275,"defaultProvider":{"@type":"Process","@id":"98d423fc-789a-42d0-b961-18a96bc6491c","name":"Lubricant feedstock, at refinery","categoryPath":["31-33: Manufacturing","3241: Petroleum and Coal Products Manufacturing"],"processType":"UNIT_PROCESS"},"flow":{"@type":"Flow","@id":"99479e91-ab64-3c73-86cb-d96373f37939","name":"Lubricant feedstock, at refinery","categoryPath":["Technosphere Flows","31-33: Manufacturing","3241: Petroleum and Coal Products Manufacturing"],"flowType":"PRODUCT_FLOW","refUnit":"kg"},"unit":{"@type":"Unit","@id":"20aadc24-a391-41cf-b340-3e4529f44bde","name":"kg"},"flowProperty":{"@type":"FlowProperty","@id":"93a60a56-a3c8-11da-a746-0800200b9a66","name":"Mass","categoryPath":["Technical flow properties"]},"uncertainty":{"@type":"Uncertainty","distributionType":"TRIANGLE_DISTRIBUTION","minimum":0.0019,"mode":0.002,"maximum":0.0021}},{"@type":"Exchange","avoidedProduct":false,"input":true,"amount":0.0016,"internalId":1276,"defaultProvider":{"@type":"Process","@id":"51cb18c8-eb65-36b7-a20a-bc1ed819ff88","name":"Paper, freesheet, coated, average production, at mill","categoryPath":["31-33: Manufacturing","3221: Pulp, Paper, and Paperboard Mills"],"processType":"UNIT_PROCESS","location":"RNA"},"flow":{"@type":"Flow","@id":"171c5462-de33-38ad-8de6-0d026ed2b051","name":"Paper, freesheet, coated, average production, at mill","categoryPath":["Technosphere Flows","31-33: Manufacturing","3221: Pulp, Paper, and Paperboard Mills"],"flowType":"PRODUCT_FLOW","location":"RNA","refUnit":"kg"},"unit":{"@type":"Unit","@id":"20aadc24-a391-41cf-b340-3e4529f44bde","name":"kg"},"flowProperty":{"@type":"FlowProperty","@id":"93a60a56-a3c8-11da-a746-0800200b9a66","name":"Mass","categoryPath":["Technical flow properties"]},"uncertainty":{"@type":"Uncertainty","distributionType":"TRIANGLE_DISTRIBUTION","minimum":0.0015,"mode":0.0016,"maximum":0.0017}}]}