{"@context":"http://greendelta.github.io/olca-schema/context.jsonld","@type":"Process","@id":"c7fec37a-a023-3563-84d6-fa33a6b19f2f","name":"Corn wet milling, operations, AP-42","version":"00.00.003","lastChange":"2019-05-28T01:11:23.750-06:00","category":{"@type":"Category","@id":"feddfcce-3647-3d1e-af64-b67417c9cfb4","name":"3112: Grain and Oilseed Milling","categoryPath":["31-33: Manufacturing"],"categoryType":"Process"},"processType":"UNIT_PROCESS","defaultAllocationMethod":"NO_ALLOCATION","infrastructureProcess":false,"location":{"@type":"Location","@id":"b320e7db-c758-3ba6-8839-81eb83c9d7d7","name":"Northern America"},"processDocumentation":{"@type":"ProcessDocumentation","timeDescription":"1994","technologyDescription":"current","restrictionsDescription":"All information can be accessed by everybody.","copyright":false,"validFrom":"1993-12-31-07:00","validUntil":"1993-12-31-07:00","creationDate":"2013-10-28T17:32:40-06:00","geographyDescription":"North America","dataDocumentor":{"@type":"Actor","@id":"04ed125f-ffa7-33b1-af24-77f5bdb21a05","name":"Daniel Inman"},"dataGenerator":{"@type":"Actor","@id":"04ed125f-ffa7-33b1-af24-77f5bdb21a05","name":"Daniel Inman"},"publication":{"@type":"Source","@id":"a1d1d73e-7d93-3a6b-a3bc-3b2f4f025b86","name":"Hsu, D. "},"sources":[{"@type":"Source","@id":"a1d1d73e-7d93-3a6b-a3bc-3b2f4f025b86","name":"Hsu, D. "},{"@type":"Source","@id":"b4eef274-3324-3714-94dc-1f318b6f3263","name":"USEPA "}]},"lastInternalId":0,"exchanges":[{"@type":"Exchange","avoidedProduct":false,"input":false,"amount":2000.0,"internalId":1,"flow":{"@type":"Flow","@id":"d6bfc1d8-069b-3604-9685-9ed45c6dfce4","name":"Corn wet milling, operations, AP-42","categoryPath":["Technosphere Flows","31-33: Manufacturing","3112: Grain and Oilseed Milling"],"flowType":"PRODUCT_FLOW","location":"RNA","refUnit":"kg"},"unit":{"@type":"Unit","@id":"20aadc24-a391-41cf-b340-3e4529f44bde","name":"kg"},"flowProperty":{"@type":"FlowProperty","@id":"93a60a56-a3c8-11da-a746-0800200b9a66","name":"Mass","categoryPath":["Technical flow properties"]},"quantitativeReference":true},{"@type":"Exchange","avoidedProduct":false,"input":false,"amount":0.26762,"description":"Starch drying by flash dryer with wet scrubber. Emissions factor is 0.16 if by spray dryer.","internalId":2,"flow":{"@type":"Flow","@id":"0418b561-ecf8-33c8-9c81-225789f15bd3","name":"Particulate matter","categoryPath":["Elementary Flows","emission","air"],"flowType":"ELEMENTARY_FLOW","refUnit":"kg"},"unit":{"@type":"Unit","@id":"20aadc24-a391-41cf-b340-3e4529f44bde","name":"kg"},"flowProperty":{"@type":"FlowProperty","@id":"93a60a56-a3c8-11da-a746-0800200b9a66","name":"Mass","categoryPath":["Technical flow properties"]},"uncertainty":{"@type":"Uncertainty","distributionType":"UNIFORM_DISTRIBUTION","minimum":0.072575,"maximum":0.26762}}]}