{"@context":"http://greendelta.github.io/olca-schema/context.jsonld","@type":"Process","@id":"ccc739c2-aec2-30d0-a1f1-a7ae81af1e8a","name":"Grinding","version":"00.00.002","lastChange":"2019-07-20T21:32:14.249-06:00","category":{"@type":"Category","@id":"1a059a45-a303-383c-acf9-9b6e1192eecc","name":"1151: Support Activities for Crop Production","categoryPath":["11: Agriculture, Forestry, Fishing and Hunting"],"categoryType":"Process"},"processType":"UNIT_PROCESS","defaultAllocationMethod":"NO_ALLOCATION","infrastructureProcess":false,"location":{"@type":"Location","@id":"b320e7db-c758-3ba6-8839-81eb83c9d7d7","name":"Northern America"},"processDocumentation":{"@type":"ProcessDocumentation","timeDescription":"2009","technologyDescription":"average","restrictionsDescription":"All information can be accessed by everybody.","copyright":false,"validFrom":"2008-12-31-07:00","validUntil":"2008-12-31-07:00","creationDate":"2013-10-22T11:59:51-06:00","geographyDescription":"North America","dataDocumentor":{"@type":"Actor","@id":"04ed125f-ffa7-33b1-af24-77f5bdb21a05","name":"Daniel Inman"},"dataGenerator":{"@type":"Actor","@id":"04ed125f-ffa7-33b1-af24-77f5bdb21a05","name":"Daniel Inman"},"publication":{"@type":"Source","@id":"a1d1d73e-7d93-3a6b-a3bc-3b2f4f025b86","name":"Hsu, D. "},"sources":[{"@type":"Source","@id":"a1d1d73e-7d93-3a6b-a3bc-3b2f4f025b86","name":"Hsu, D. "}]},"lastInternalId":0,"exchanges":[{"@type":"Exchange","avoidedProduct":false,"input":false,"amount":2000.0,"internalId":1,"flow":{"@type":"Flow","@id":"aa3f78a4-9fec-3904-886f-443aa760a4ae","name":"Grinding","categoryPath":["Technosphere Flows","11: Agriculture, Forestry, Fishing and Hunting","1151: Support Activities for Crop Production"],"flowType":"PRODUCT_FLOW","location":"RNA","refUnit":"kg"},"unit":{"@type":"Unit","@id":"20aadc24-a391-41cf-b340-3e4529f44bde","name":"kg"},"flowProperty":{"@type":"FlowProperty","@id":"93a60a56-a3c8-11da-a746-0800200b9a66","name":"Mass","categoryPath":["Technical flow properties"]},"quantitativeReference":true},{"@type":"Exchange","avoidedProduct":false,"input":true,"amount":0.822,"description":"8.42 comes from the \"chopping, maize\" ecoinvent process for 1 ha. converted for 1 short ton of corn.","internalId":4,"flow":{"@type":"Flow","@id":"13f37d5b-be6f-3843-9c10-f6518bab1a3b","name":"Agricultural machinery, general, production","categoryPath":["Technosphere Flows","CUTOFF Flows"],"flowType":"PRODUCT_FLOW","refUnit":"kg"},"unit":{"@type":"Unit","@id":"20aadc24-a391-41cf-b340-3e4529f44bde","name":"kg"},"flowProperty":{"@type":"FlowProperty","@id":"93a60a56-a3c8-11da-a746-0800200b9a66","name":"Mass","categoryPath":["Technical flow properties"]}},{"@type":"Exchange","avoidedProduct":false,"input":true,"amount":2000.0,"internalId":2,"defaultProvider":{"@type":"Process","@id":"c7fec37a-a023-3563-84d6-fa33a6b19f2f","name":"Corn wet milling, operations, AP-42","categoryPath":["31-33: Manufacturing","3112: Grain and Oilseed Milling"],"processType":"UNIT_PROCESS","location":"RNA"},"flow":{"@type":"Flow","@id":"d6bfc1d8-069b-3604-9685-9ed45c6dfce4","name":"Corn wet milling, operations, AP-42","categoryPath":["Technosphere Flows","31-33: Manufacturing","3112: Grain and Oilseed Milling"],"flowType":"PRODUCT_FLOW","location":"RNA","refUnit":"kg"},"unit":{"@type":"Unit","@id":"20aadc24-a391-41cf-b340-3e4529f44bde","name":"kg"},"flowProperty":{"@type":"FlowProperty","@id":"93a60a56-a3c8-11da-a746-0800200b9a66","name":"Mass","categoryPath":["Technical flow properties"]}},{"@type":"Exchange","avoidedProduct":false,"input":true,"amount":61.876,"description":"From INL design report (4/09), Table 4-9. Includes the conveyor feed electricity","internalId":3,"defaultProvider":{"@type":"Process","@id":"89389d98-1ba6-30c5-9c33-92443694936b","name":"Electricity, at Grid, US, 2010","categoryPath":["22: Utilities","2211: Electric Power Generation, Transmission and Distribution"],"processType":"UNIT_PROCESS","location":"RNA"},"flow":{"@type":"Flow","@id":"06581fb2-1de0-3e78-8298-f37605dea142","name":"Electricity, at grid","categoryPath":["Technosphere Flows","22: Utilities","2211: Electric Power Generation, Transmission and Distribution"],"flowType":"PRODUCT_FLOW","location":"RNA","refUnit":"MJ"},"unit":{"@type":"Unit","@id":"86ad2244-1f0e-4912-af53-7865283103e4","name":"kWh"},"flowProperty":{"@type":"FlowProperty","@id":"f6811440-ee37-11de-8a39-0800200c9a66","name":"Energy","categoryPath":["Technical flow properties"]}}]}