{"@context":"http://greendelta.github.io/olca-schema/context.jsonld","@type":"Process","@id":"d18fec71-abe4-3cf5-ad82-4cf4fb8eadc7","name":"Bark, softwood, national forest, average, at forest road, INW","description":"Important note: although most of the data in the US LCI database has undergone some sort of review, the database as a whole has not yet undergone a formal validation process. Please email comments to lci@nrel.gov.","version":"00.00.005","lastChange":"2019-07-20T23:05:32.226-06:00","category":{"@type":"Category","@id":"780cbde5-be93-33d4-8329-f6fb0d420973","name":"1133: Logging","categoryPath":["11: Agriculture, Forestry, Fishing and Hunting"],"categoryType":"Process"},"processType":"UNIT_PROCESS","defaultAllocationMethod":"NO_ALLOCATION","infrastructureProcess":false,"location":{"@type":"Location","@id":"0b3b97fa-6688-3c56-88ee-4ae80ec0c3c2","name":"United States"},"processDocumentation":{"@type":"ProcessDocumentation","technologyDescription":"Average technology. Some data extrapolated from similar processes.","samplingDescription":"Analysis of the FIA data about average slopes by forest type and owner","restrictionsDescription":"All information can be accessed by everybody.","copyright":false,"validFrom":"1988-12-31-07:00","validUntil":"1995-12-31-07:00","creationDate":"2010-10-17T01:04:18-06:00","geographyDescription":"US Inland West including Montana, Idaho, and eastern Washington","dataDocumentor":{"@type":"Actor","@id":"ae081e38-d629-3c22-86de-dbc3bb038016","name":"Maureen Puetmann"},"dataGenerator":{"@type":"Actor","@id":"ae081e38-d629-3c22-86de-dbc3bb038016","name":"Maureen Puetmann"},"publication":{"@type":"Source","@id":"fd6020df-eb36-3f50-99bc-fe89ae471137","name":"Leonard R. Johnson "},"sources":[{"@type":"Source","@id":"90c74d97-64ab-3678-85e2-2f261d25896a","name":"Maureen Puettmann "},{"@type":"Source","@id":"fd6020df-eb36-3f50-99bc-fe89ae471137","name":"Leonard R. Johnson "}]},"lastInternalId":0,"exchanges":[{"@type":"Exchange","avoidedProduct":false,"input":false,"amount":1.0,"description":"National forest average mix","internalId":1,"flow":{"@type":"Flow","@id":"2700bc4b-663a-3b2f-b863-9cb7e9aa9861","name":"Bark; softwood; national forest; average; at forest road","categoryPath":["Technosphere Flows","11: Agriculture, Forestry, Fishing and Hunting","1133: Logging"],"flowType":"PRODUCT_FLOW","location":"US","refUnit":"kg"},"unit":{"@type":"Unit","@id":"20aadc24-a391-41cf-b340-3e4529f44bde","name":"kg"},"flowProperty":{"@type":"FlowProperty","@id":"93a60a56-a3c8-11da-a746-0800200b9a66","name":"Mass","categoryPath":["Technical flow properties"]},"quantitativeReference":true},{"@type":"Exchange","avoidedProduct":false,"input":true,"amount":0.5,"internalId":2,"flow":{"@type":"Flow","@id":"813f227d-31ee-3198-850d-dce3eea1df3e","name":"Bark; softwood; national forest; steep slope; at forest road","categoryPath":["Technosphere Flows","11: Agriculture, Forestry, Fishing and Hunting","1133: Logging"],"flowType":"PRODUCT_FLOW","location":"US","refUnit":"kg"},"unit":{"@type":"Unit","@id":"20aadc24-a391-41cf-b340-3e4529f44bde","name":"kg"},"flowProperty":{"@type":"FlowProperty","@id":"93a60a56-a3c8-11da-a746-0800200b9a66","name":"Mass","categoryPath":["Technical flow properties"]}},{"@type":"Exchange","avoidedProduct":false,"input":true,"amount":0.5,"internalId":3,"flow":{"@type":"Flow","@id":"318ddf7f-2def-3dca-9fee-ced811100506","name":"Bark; softwood; national forest; gentle slope; at forest road","categoryPath":["Technosphere Flows","11: Agriculture, Forestry, Fishing and Hunting","1133: Logging"],"flowType":"PRODUCT_FLOW","location":"US","refUnit":"kg"},"unit":{"@type":"Unit","@id":"20aadc24-a391-41cf-b340-3e4529f44bde","name":"kg"},"flowProperty":{"@type":"FlowProperty","@id":"93a60a56-a3c8-11da-a746-0800200b9a66","name":"Mass","categoryPath":["Technical flow properties"]}}]}