{"@context":"http://greendelta.github.io/olca-schema/context.jsonld","@type":"Process","@id":"d5b0f333-d1b3-3ba1-8111-b036b67589f8","name":"Tillage, conservation, corn production","description":"This process includes all field operations associated with conservation tillage of one hectare of average US corn. Conservation tillage is defined as tillage and field operations that leave greater than 30% residue on the soil surface. ","version":"00.00.003","lastChange":"2021-01-22T12:35:08.841-07:00","category":{"@type":"Category","@id":"1a059a45-a303-383c-acf9-9b6e1192eecc","name":"1151: Support Activities for Crop Production","categoryPath":["11: Agriculture, Forestry, Fishing and Hunting"],"categoryType":"Process"},"processType":"UNIT_PROCESS","defaultAllocationMethod":"NO_ALLOCATION","infrastructureProcess":false,"location":{"@type":"Location","@id":"b320e7db-c758-3ba6-8839-81eb83c9d7d7","name":"Northern America"},"processDocumentation":{"@type":"ProcessDocumentation","timeDescription":"2005-2009","technologyDescription":"Modern technology","restrictionsDescription":"All information can be accessed by everybody.","copyright":false,"validFrom":"2004-12-31-07:00","validUntil":"2009-12-30-07:00","creationDate":"2015-08-20T12:24:50.598-06:00","geographyDescription":"North America","dataDocumentor":{"@type":"Actor","@id":"04ed125f-ffa7-33b1-af24-77f5bdb21a05","name":"Daniel Inman"},"dataGenerator":{"@type":"Actor","@id":"04ed125f-ffa7-33b1-af24-77f5bdb21a05","name":"Daniel Inman"},"publication":{"@type":"Source","@id":"a1d1d73e-7d93-3a6b-a3bc-3b2f4f025b86","name":"Hsu, D. "},"sources":[{"@type":"Source","@id":"e2b6478b-e53d-3382-9c28-78e2ad2943ca","name":"Conservation Tech Info Ctr, Univ Purdue "},{"@type":"Source","@id":"a1d1d73e-7d93-3a6b-a3bc-3b2f4f025b86","name":"Hsu, D. "},{"@type":"Source","@id":"2fc2b459-692d-3e5e-9db0-1559a002102c","name":"USDA NASS "}]},"lastInternalId":0,"exchanges":[{"@type":"Exchange","avoidedProduct":false,"input":false,"amount":1.0,"description":"Chisel plowing is used for conservation tillage systems.","internalId":1,"flow":{"@type":"Flow","@id":"ca70f6fa-de96-3657-9a4b-3e65793c8de5","name":"Tillage, conservation, corn production","categoryPath":["Technosphere Flows","11: Agriculture, Forestry, Fishing and Hunting","1151: Support Activities for Crop Production"],"flowType":"PRODUCT_FLOW","location":"RNA","refUnit":"m2"},"unit":{"@type":"Unit","@id":"3ce61faa-5716-41c1-aef6-b5920054acc9","name":"m2"},"flowProperty":{"@type":"FlowProperty","@id":"93a60a56-a3c8-19da-a746-0800200c9a66","name":"Area","categoryPath":["Technical flow properties"]},"quantitativeReference":true},{"@type":"Exchange","avoidedProduct":false,"input":true,"amount":20000.0,"amountFormula":"2.0*10000","description":"Assuming fertilizer is broad cast or applied through irrigation (irrigated only)","internalId":3,"flow":{"@type":"Flow","@id":"81040c58-d108-3d5e-8b1a-06c2126da24a","name":"Fertilising, by broadcaster","categoryPath":["Technosphere Flows","CUTOFF Flows"],"flowType":"PRODUCT_FLOW","refUnit":"m2"},"unit":{"@type":"Unit","@id":"3ce61faa-5716-41c1-aef6-b5920054acc9","name":"m2"},"flowProperty":{"@type":"FlowProperty","@id":"93a60a56-a3c8-19da-a746-0800200c9a66","name":"Area","categoryPath":["Technical flow properties"]}},{"@type":"Exchange","avoidedProduct":false,"input":false,"amount":0.0,"description":"Soil organic mater CO2 respiration after O2 exposure. ","internalId":2,"flow":{"@type":"Flow","@id":"b6f010fb-a764-3063-af2d-bcb8309a97b7","name":"Carbon dioxide","categoryPath":["Elementary Flows","emission","air"],"flowType":"ELEMENTARY_FLOW","refUnit":"kg"},"unit":{"@type":"Unit","@id":"20aadc24-a391-41cf-b340-3e4529f44bde","name":"kg"},"flowProperty":{"@type":"FlowProperty","@id":"93a60a56-a3c8-11da-a746-0800200b9a66","name":"Mass","categoryPath":["Technical flow properties"]}},{"@type":"Exchange","avoidedProduct":false,"input":true,"amount":10000.0,"amountFormula":"1.0*10000","internalId":4,"flow":{"@type":"Flow","@id":"86ca4ddf-af46-3676-b254-d025303e1810","name":"Tillage, cultivating, chiselling","categoryPath":["Technosphere Flows","CUTOFF Flows"],"flowType":"PRODUCT_FLOW","refUnit":"m2"},"unit":{"@type":"Unit","@id":"3ce61faa-5716-41c1-aef6-b5920054acc9","name":"m2"},"flowProperty":{"@type":"FlowProperty","@id":"93a60a56-a3c8-19da-a746-0800200c9a66","name":"Area","categoryPath":["Technical flow properties"]}}]}