{"@context":"http://greendelta.github.io/olca-schema/context.jsonld","@type":"Process","@id":"d6170aaa-8c8e-32d1-8b8b-3ddcbfe0ad8c","name":"Electricity, at eGrid, MROE, 2008","description":"The methodology used to put together the grid information is outlined in reference 1.  ","version":"00.00.003","lastChange":"2019-08-27T11:25:44.275-06:00","category":{"@type":"Category","@id":"22b8f169-c337-3c11-98a7-cc688afb99b3","name":"2211: Electric Power Generation, Transmission and Distribution","categoryPath":["22: Utilities"],"categoryType":"Process"},"processType":"UNIT_PROCESS","defaultAllocationMethod":"NO_ALLOCATION","infrastructureProcess":false,"location":{"@type":"Location","@id":"b320e7db-c758-3ba6-8839-81eb83c9d7d7","name":"Northern America"},"processDocumentation":{"@type":"ProcessDocumentation","technologyDescription":"Typical","samplingDescription":"based on EIA electricity reports for all power plants in the US.","restrictionsDescription":"All information can be accessed by everybody.","copyright":false,"validFrom":"2007-12-31-07:00","validUntil":"2007-12-31-07:00","creationDate":"2011-04-11T01:56:18-06:00","geographyDescription":"MRO East electricity grid to include most of Wisconsin and northern Michigan.","dataDocumentor":{"@type":"Actor","@id":"a4d148e8-1b7f-3efc-b90a-8c13578af615","name":"Alberta Carpenter"},"dataGenerator":{"@type":"Actor","@id":"a4d148e8-1b7f-3efc-b90a-8c13578af615","name":"Alberta Carpenter"},"publication":{"@type":"Source","@id":"ad88e2f4-7a4b-3023-b6c0-98455da045a4","name":"Chris Goemans, Athena Institute "},"sources":[{"@type":"Source","@id":"ce22cb37-111b-369e-a679-fab36377ca0c","name":"USEPA "},{"@type":"Source","@id":"3fdaf97b-8213-3e72-a3b6-65663ed042f8","name":"EIA "},{"@type":"Source","@id":"db4547e6-ecd2-333d-aece-0b2bf3058074","name":"EIA "},{"@type":"Source","@id":"6d67eca7-aff9-3d30-9666-d103b64beeef","name":"Statistics Canada "},{"@type":"Source","@id":"aa044250-269d-34f7-b04d-bd299d614887","name":"EIA "},{"@type":"Source","@id":"aa0a089e-f5a9-33bf-9aed-0409c62b78d0","name":"EIA "},{"@type":"Source","@id":"e141309a-606d-3888-bc5c-e73e251135f0","name":"International Energy Agency "},{"@type":"Source","@id":"3a6b4025-5deb-3157-92da-bd96ec112606","name":"US DOE "},{"@type":"Source","@id":"64c9827c-0a55-3c07-9cb9-13c3262a2e01","name":"unspecified "},{"@type":"Source","@id":"d38e6ee8-92b8-35ba-ac3e-b62785793550","name":"EIA "},{"@type":"Source","@id":"a01ef3a3-98d4-37fd-95c2-c02b165f7c8a","name":"Statistics Canada "},{"@type":"Source","@id":"75678873-0430-3fab-ad2f-92c0e6d27b08","name":"EIA "},{"@type":"Source","@id":"7cbdfead-674c-3c49-aabf-d465410544c5","name":"EIA "},{"@type":"Source","@id":"ad88e2f4-7a4b-3023-b6c0-98455da045a4","name":"Chris Goemans, Athena Institute "},{"@type":"Source","@id":"32c8c9d1-5077-30ae-8dac-fb02f68344d7","name":"USEPA "},{"@type":"Source","@id":"73b8ba22-3130-3b7a-94b4-1ae93cf65066","name":"EIA "},{"@type":"Source","@id":"db74c3ce-6d5f-3187-b416-061dde4e0e9c","name":"EIA "},{"@type":"Source","@id":"3e6fe7cc-2574-3fca-a8a9-097eb8878cd5","name":"EIA "},{"@type":"Source","@id":"7ec7e434-5549-37a7-917d-c8fc98466c23","name":"Statistics Canada "},{"@type":"Source","@id":"804779a9-bcc9-3b23-baaf-8f9ce590a220","name":"Statistics Canada "},{"@type":"Source","@id":"c34ef4b1-910f-3b2a-b5de-802173887a70","name":"Statistics Canada "},{"@type":"Source","@id":"ed391c1d-eabd-3286-846f-919335550f0f","name":"Statistics Canada "},{"@type":"Source","@id":"10c40053-7c74-3efd-9a35-58b0dc567d75","name":"EIA "},{"@type":"Source","@id":"9600d6ae-14cd-39e6-aa7f-f6d3cf72098e","name":"US DOE "}]},"lastInternalId":1,"exchanges":[{"@type":"Exchange","avoidedProduct":false,"input":false,"amount":1.0,"internalId":1,"flow":{"@type":"Flow","@id":"06581fb2-1de0-3e78-8298-f37605dea142","name":"Electricity, at grid","categoryPath":["Technosphere Flows","22: Utilities","2211: Electric Power Generation, Transmission and Distribution"],"flowType":"PRODUCT_FLOW","location":"RNA","refUnit":"MJ"},"unit":{"@type":"Unit","@id":"86ad2244-1f0e-4912-af53-7865283103e4","name":"kWh"},"flowProperty":{"@type":"FlowProperty","@id":"f6811440-ee37-11de-8a39-0800200c9a66","name":"Energy","categoryPath":["Technical flow properties"]},"quantitativeReference":true},{"@type":"Exchange","avoidedProduct":false,"input":true,"amount":0.0752205590919689,"description":"Bituminous Coal BIT - Anthracite Coal, and Bituminous Coal.  ","internalId":6,"defaultProvider":{"@type":"Process","@id":"66280f03-b26f-35c4-bda2-3d4a8652943a","name":"Electricity, bituminous coal, at power plant","categoryPath":["22: Utilities","2211: Electric Power Generation, Transmission and Distribution"],"processType":"UNIT_PROCESS","location":"RNA"},"flow":{"@type":"Flow","@id":"737e3efb-29d4-3b9d-8d78-6269508c1f59","name":"Electricity, bituminous coal, at power plant","categoryPath":["Technosphere Flows","22: Utilities","2211: Electric Power Generation, Transmission and Distribution"],"flowType":"PRODUCT_FLOW","location":"RNA","refUnit":"MJ"},"unit":{"@type":"Unit","@id":"86ad2244-1f0e-4912-af53-7865283103e4","name":"kWh"},"flowProperty":{"@type":"FlowProperty","@id":"f6811440-ee37-11de-8a39-0800200c9a66","name":"Energy","categoryPath":["Technical flow properties"]}},{"@type":"Exchange","avoidedProduct":false,"input":true,"amount":0.0397319920255872,"description":"Natural Gas","internalId":7,"defaultProvider":{"@type":"Process","@id":"879845c3-84fa-3f85-9f3d-a8510f950732","name":"Electricity, natural gas, at power plant","categoryPath":["22: Utilities","2211: Electric Power Generation, Transmission and Distribution"],"processType":"UNIT_PROCESS","location":"RNA"},"flow":{"@type":"Flow","@id":"6cb3e4a8-d7e0-3566-ae66-8022182af846","name":"Electricity, natural gas, at power plant","categoryPath":["Technosphere Flows","22: Utilities","2211: Electric Power Generation, Transmission and Distribution"],"flowType":"PRODUCT_FLOW","location":"RNA","refUnit":"MJ"},"unit":{"@type":"Unit","@id":"86ad2244-1f0e-4912-af53-7865283103e4","name":"kWh"},"flowProperty":{"@type":"FlowProperty","@id":"f6811440-ee37-11de-8a39-0800200c9a66","name":"Energy","categoryPath":["Technical flow properties"]}},{"@type":"Exchange","avoidedProduct":false,"input":true,"amount":0.00140783574666525,"description":"Petroleum (DFO) - Distillate Fuel Oil (includes all Diesel and No. 1, No. 2, and No. 4 Fuel Oils) ","internalId":18,"defaultProvider":{"@type":"Process","@id":"4b3de918-4d30-3184-bdaa-60d8575c5af4","name":"Electricity, diesel, at power plant","categoryPath":["22: Utilities","2211: Electric Power Generation, Transmission and Distribution"],"processType":"UNIT_PROCESS","location":"RNA"},"flow":{"@type":"Flow","@id":"1e68baef-0ed7-37bb-9919-61963f9fbd08","name":"Electricity, diesel, at power plant","categoryPath":["Technosphere Flows","22: Utilities","2211: Electric Power Generation, Transmission and Distribution"],"flowType":"PRODUCT_FLOW","location":"RNA","refUnit":"MJ"},"unit":{"@type":"Unit","@id":"86ad2244-1f0e-4912-af53-7865283103e4","name":"kWh"},"flowProperty":{"@type":"FlowProperty","@id":"f6811440-ee37-11de-8a39-0800200c9a66","name":"Energy","categoryPath":["Technical flow properties"]}},{"@type":"Exchange","avoidedProduct":false,"input":true,"amount":0.0213990336496798,"description":"Hydroelectric","internalId":15,"flow":{"@type":"Flow","@id":"4b4d38d5-b196-3075-8f90-27fa7e45d92b","name":"Electricity, hydropower, at power plant, unspecified","categoryPath":["Technosphere Flows","CUTOFF Flows"],"flowType":"PRODUCT_FLOW","refUnit":"MJ"},"unit":{"@type":"Unit","@id":"86ad2244-1f0e-4912-af53-7865283103e4","name":"kWh"},"flowProperty":{"@type":"FlowProperty","@id":"f6811440-ee37-11de-8a39-0800200c9a66","name":"Energy","categoryPath":["Technical flow properties"]}},{"@type":"Exchange","avoidedProduct":false,"input":true,"amount":0.289213735779768,"description":"Nuclear Fission","internalId":9,"defaultProvider":{"@type":"Process","@id":"2b091e0d-d0de-31a1-89db-3f51a9c5cf12","name":"Electricity, nuclear, at power plant","categoryPath":["22: Utilities","2211: Electric Power Generation, Transmission and Distribution"],"processType":"UNIT_PROCESS","location":"RNA"},"flow":{"@type":"Flow","@id":"9e321869-bd1f-3c93-8528-8f198de2fa2b","name":"Electricity, nuclear, at power plant","categoryPath":["Technosphere Flows","22: Utilities","2211: Electric Power Generation, Transmission and Distribution"],"flowType":"PRODUCT_FLOW","location":"RNA","refUnit":"MJ"},"unit":{"@type":"Unit","@id":"86ad2244-1f0e-4912-af53-7865283103e4","name":"kWh"},"flowProperty":{"@type":"FlowProperty","@id":"f6811440-ee37-11de-8a39-0800200c9a66","name":"Energy","categoryPath":["Technical flow properties"]}},{"@type":"Exchange","avoidedProduct":false,"input":true,"amount":0.00978269504600881,"description":"Wind","internalId":12,"flow":{"@type":"Flow","@id":"8ca9c802-e837-30d6-a921-3bc7ea7d8448","name":"Electricity, at wind power plant, unspecified","categoryPath":["Technosphere Flows","CUTOFF Flows"],"flowType":"PRODUCT_FLOW","refUnit":"MJ"},"unit":{"@type":"Unit","@id":"86ad2244-1f0e-4912-af53-7865283103e4","name":"kWh"},"flowProperty":{"@type":"FlowProperty","@id":"f6811440-ee37-11de-8a39-0800200c9a66","name":"Energy","categoryPath":["Technical flow properties"]}},{"@type":"Exchange","avoidedProduct":false,"input":true,"amount":0.0194527461400272,"description":"Petroleum (Other Fossil) PC - petroleum coke","internalId":11,"flow":{"@type":"Flow","@id":"b31ba1d1-fb4b-3b9e-96c2-1e042fec4e84","name":"Electricity, petroleum coke, at power plant","categoryPath":["Technosphere Flows","CUTOFF Flows"],"flowType":"PRODUCT_FLOW","refUnit":"MJ"},"unit":{"@type":"Unit","@id":"86ad2244-1f0e-4912-af53-7865283103e4","name":"kWh"},"flowProperty":{"@type":"FlowProperty","@id":"f6811440-ee37-11de-8a39-0800200c9a66","name":"Energy","categoryPath":["Technical flow properties"]}},{"@type":"Exchange","avoidedProduct":false,"input":true,"amount":7.64865659146348E-5,"description":"Gaseous Renewable Fuels (Biomass) OBG - Other Biomass Gases (Digester Gas, Methane, and other biomass gases) ","internalId":2,"flow":{"@type":"Flow","@id":"57c83e8d-732a-38f3-b716-bcfc655cfd17","name":"Electricity, biomass, gas, unspecified, at power plant","categoryPath":["Technosphere Flows","CUTOFF Flows"],"flowType":"PRODUCT_FLOW","refUnit":"MJ"},"unit":{"@type":"Unit","@id":"86ad2244-1f0e-4912-af53-7865283103e4","name":"kWh"},"flowProperty":{"@type":"FlowProperty","@id":"f6811440-ee37-11de-8a39-0800200c9a66","name":"Energy","categoryPath":["Technical flow properties"]}},{"@type":"Exchange","avoidedProduct":false,"input":true,"amount":0.0035312624250913,"description":"Gaseous Renewable Fuels (Biomass) LFG - landfill gas","internalId":13,"flow":{"@type":"Flow","@id":"7f11b3fc-4396-3cb0-b1c6-4016a7c31533","name":"Electricity, biomass, gas, landfill, at power plant","categoryPath":["Technosphere Flows","CUTOFF Flows"],"flowType":"PRODUCT_FLOW","refUnit":"MJ"},"unit":{"@type":"Unit","@id":"86ad2244-1f0e-4912-af53-7865283103e4","name":"kWh"},"flowProperty":{"@type":"FlowProperty","@id":"f6811440-ee37-11de-8a39-0800200c9a66","name":"Energy","categoryPath":["Technical flow properties"]}},{"@type":"Exchange","avoidedProduct":false,"input":true,"amount":0.0141448843044532,"description":"Liquid Renewable Fuels (Biomass) BLQ - black liquor","internalId":5,"flow":{"@type":"Flow","@id":"29ae9fce-0435-3a0a-bedc-1ee78b6b4b3e","name":"Electricity, biomass,liquid, unspecified, at power plant","categoryPath":["Technosphere Flows","CUTOFF Flows"],"flowType":"PRODUCT_FLOW","refUnit":"MJ"},"unit":{"@type":"Unit","@id":"86ad2244-1f0e-4912-af53-7865283103e4","name":"kWh"},"flowProperty":{"@type":"FlowProperty","@id":"f6811440-ee37-11de-8a39-0800200c9a66","name":"Energy","categoryPath":["Technical flow properties"]}},{"@type":"Exchange","avoidedProduct":false,"input":true,"amount":7.17079104090506E-4,"description":"Other Fuels PUR - purchased steam","internalId":16,"flow":{"@type":"Flow","@id":"6e9f8d2d-5ce1-3e64-8130-5ec0b62ca7d1","name":"Electricity, other fuels, unspecified, at power plant","categoryPath":["Technosphere Flows","CUTOFF Flows"],"flowType":"PRODUCT_FLOW","refUnit":"MJ"},"unit":{"@type":"Unit","@id":"86ad2244-1f0e-4912-af53-7865283103e4","name":"kWh"},"flowProperty":{"@type":"FlowProperty","@id":"f6811440-ee37-11de-8a39-0800200c9a66","name":"Energy","categoryPath":["Technical flow properties"]}},{"@type":"Exchange","avoidedProduct":false,"input":true,"amount":9.69004631278499E-4,"description":"Petroleum (RFO) - Residual Fuel Oil (includes No. 5 and No. 6 Fuel Oils and Bunker C Fuel Oil)","internalId":14,"defaultProvider":{"@type":"Process","@id":"e391a117-69ae-3550-987a-8f28a1444eb9","name":"Electricity, residual fuel oil, at power plant","categoryPath":["22: Utilities","2211: Electric Power Generation, Transmission and Distribution"],"processType":"UNIT_PROCESS","location":"RNA"},"flow":{"@type":"Flow","@id":"f7d232cc-70aa-3669-a4e4-d1083d248e69","name":"Electricity, residual fuel oil, at power plant","categoryPath":["Technosphere Flows","22: Utilities","2211: Electric Power Generation, Transmission and Distribution"],"flowType":"PRODUCT_FLOW","location":"RNA","refUnit":"MJ"},"unit":{"@type":"Unit","@id":"86ad2244-1f0e-4912-af53-7865283103e4","name":"kWh"},"flowProperty":{"@type":"FlowProperty","@id":"f6811440-ee37-11de-8a39-0800200c9a66","name":"Energy","categoryPath":["Technical flow properties"]}},{"@type":"Exchange","avoidedProduct":false,"input":true,"amount":3.91664889911599E-4,"description":"Solid Renewable Fuels (Biomass) TDF - tires, tire derived fuel","internalId":3,"flow":{"@type":"Flow","@id":"bc01a480-16b6-3151-b23a-1a5634441f37","name":"Electricity, tire derived fuel, at power plant","categoryPath":["Technosphere Flows","CUTOFF Flows"],"flowType":"PRODUCT_FLOW","refUnit":"MJ"},"unit":{"@type":"Unit","@id":"86ad2244-1f0e-4912-af53-7865283103e4","name":"kWh"},"flowProperty":{"@type":"FlowProperty","@id":"f6811440-ee37-11de-8a39-0800200c9a66","name":"Energy","categoryPath":["Technical flow properties"]}},{"@type":"Exchange","avoidedProduct":false,"input":true,"amount":0.00800549753025799,"description":"Solid Renewable Fuels (Biomass) WDS - Wood/Wood Waste Solids (Paper Pellets, Railroad Ties, Utility Poles, Wood Chips, and other wood solids) ","internalId":8,"defaultProvider":{"@type":"Process","@id":"dfdb7eba-dfc4-3d24-9683-58b8b0ee1346","name":"Electricity, biomass, at power plant","categoryPath":["22: Utilities","2211: Electric Power Generation, Transmission and Distribution"],"processType":"UNIT_PROCESS","location":"RNA"},"flow":{"@type":"Flow","@id":"64360b9b-adc0-3154-b391-40f2a09891d4","name":"Electricity, biomass, at power plant","categoryPath":["Technosphere Flows","22: Utilities","2211: Electric Power Generation, Transmission and Distribution"],"flowType":"PRODUCT_FLOW","location":"RNA","refUnit":"MJ"},"unit":{"@type":"Unit","@id":"86ad2244-1f0e-4912-af53-7865283103e4","name":"kWh"},"flowProperty":{"@type":"FlowProperty","@id":"f6811440-ee37-11de-8a39-0800200c9a66","name":"Energy","categoryPath":["Technical flow properties"]}},{"@type":"Exchange","avoidedProduct":false,"input":true,"amount":0.5158432661154,"description":"Subbituminous Coal","internalId":4,"defaultProvider":{"@type":"Process","@id":"66280f03-b26f-35c4-bda2-3d4a8652943a","name":"Electricity, bituminous coal, at power plant","categoryPath":["22: Utilities","2211: Electric Power Generation, Transmission and Distribution"],"processType":"UNIT_PROCESS","location":"RNA"},"flow":{"@type":"Flow","@id":"737e3efb-29d4-3b9d-8d78-6269508c1f59","name":"Electricity, bituminous coal, at power plant","categoryPath":["Technosphere Flows","22: Utilities","2211: Electric Power Generation, Transmission and Distribution"],"flowType":"PRODUCT_FLOW","location":"RNA","refUnit":"MJ"},"unit":{"@type":"Unit","@id":"86ad2244-1f0e-4912-af53-7865283103e4","name":"kWh"},"flowProperty":{"@type":"FlowProperty","@id":"f6811440-ee37-11de-8a39-0800200c9a66","name":"Energy","categoryPath":["Technical flow properties"]}},{"@type":"Exchange","avoidedProduct":false,"input":true,"amount":3.91383945095366E-5,"description":"Liquid Renewable Fuels (Biomass) SLW - Sludge Waste","internalId":10,"flow":{"@type":"Flow","@id":"3e5fb48a-67e0-38bf-a09f-d3991e142de0","name":"Electricity, biomass, liquid, sludge, at power plant","categoryPath":["Technosphere Flows","CUTOFF Flows"],"flowType":"PRODUCT_FLOW","refUnit":"MJ"},"unit":{"@type":"Unit","@id":"86ad2244-1f0e-4912-af53-7865283103e4","name":"kWh"},"flowProperty":{"@type":"FlowProperty","@id":"f6811440-ee37-11de-8a39-0800200c9a66","name":"Energy","categoryPath":["Technical flow properties"]}},{"@type":"Exchange","avoidedProduct":false,"input":true,"amount":7.31185593872461E-5,"description":"Solid Renewable Fuels (Biomass) OBS - Other Biomass Solid (Animal Manure and Waste, Solid By-products, and other solid biomass not specified)","internalId":17,"flow":{"@type":"Flow","@id":"dadfc1d9-d2a9-3f86-9b4d-01cb03f4fd6c","name":"Electricity, biomass,solid, unspecified, at power plant","categoryPath":["Technosphere Flows","CUTOFF Flows"],"flowType":"PRODUCT_FLOW","refUnit":"MJ"},"unit":{"@type":"Unit","@id":"86ad2244-1f0e-4912-af53-7865283103e4","name":"kWh"},"flowProperty":{"@type":"FlowProperty","@id":"f6811440-ee37-11de-8a39-0800200c9a66","name":"Energy","categoryPath":["Technical flow properties"]}}]}