{"@context":"http://greendelta.github.io/olca-schema/context.jsonld","@type":"Process","@id":"da8e9d9f-c0e2-3c9b-9d0a-f7e5f1667639","name":"Ethanol, denatured, at refueling station, 2022","description":"The ethanol was denatured at the conversion facility, so is 95.25v% ethanol and 4.75v% gasoline (3.95w% denaturant). Data for this process is mainly drawn from Reynolds, 2006 (aka DAI, 2006). It is assumed that the DAI report covers the transport the ethanol to the blending terminal (the \"destination\" of the report); distance for the subsequent transport to refueling station is included in this process as the author\u0027s own estimate. In the modeling of ethanol distribution, the transport of E10 and E85 to the refueling station is counted separately for each component (denatured ethanol and petrol/gasoline). Transport of the ethanol is included in this step; transport of gasoline is accounted by using the ecoinvent \"petrol, at regional storage\" process which includes transport to refueling station as well as the operation of the refueling station. The process of blending (and its energy use) is included in separate processes, as well as the infrastructure for additional terminals and blending apparatus, \"E10, at blending terminal\" and \"E85, at blending terminal\". Infrastructure for refueling stations are included in the processes \"E10, pumped into vehicle\" and \"E85, pumped into vehicle.\"  [Infrastructure for additional transportation equipment required to distribute EISA volumes of ethanol is NOT included in this process since we are using the ecoinvent \"transport\" process which includes infrastructure.] \nThe production of ethanol utilized in this process assigns inputs to co-products (e.g., wheat kernals and straw, corn grain and stover) based on activities and inputs that are required for the growth and harvest and preprocessing of, e.g., wheat straw, and none that of the activities or inputs that would normally be used to produce, harvest and preprocess, e.g., wheat kernals (so-called \"incremental allocation\").","version":"00.00.005","lastChange":"2019-07-20T12:08:48.596-06:00","category":{"@type":"Category","@id":"0927a450-e2b2-3455-983b-42ff1ebacc3c","name":"3251: Basic Chemical Manufacturing","categoryPath":["31-33: Manufacturing"],"categoryType":"Process"},"processType":"UNIT_PROCESS","defaultAllocationMethod":"NO_ALLOCATION","infrastructureProcess":false,"location":{"@type":"Location","@id":"b320e7db-c758-3ba6-8839-81eb83c9d7d7","name":"Northern America"},"processDocumentation":{"@type":"ProcessDocumentation","timeDescription":"2022","technologyDescription":"Modern","restrictionsDescription":"All information can be accessed by everybody.","copyright":false,"validFrom":"2021-12-31-07:00","validUntil":"2021-12-31-07:00","creationDate":"2015-08-24T08:48:53.455-06:00","geographyDescription":"North America","dataDocumentor":{"@type":"Actor","@id":"4abc5016-b922-34c0-a2c1-136c5cfa7083","name":"Garvin Heath"},"dataGenerator":{"@type":"Actor","@id":"4abc5016-b922-34c0-a2c1-136c5cfa7083","name":"Garvin Heath"},"publication":{"@type":"Source","@id":"a1d1d73e-7d93-3a6b-a3bc-3b2f4f025b86","name":"Hsu, D. "},"sources":[{"@type":"Source","@id":"a1d1d73e-7d93-3a6b-a3bc-3b2f4f025b86","name":"Hsu, D. "}]},"lastInternalId":0,"exchanges":[{"@type":"Exchange","avoidedProduct":false,"input":false,"amount":1.0,"internalId":1,"flow":{"@type":"Flow","@id":"6a14d14a-c3dd-3605-95b1-bc2abb3f6b51","name":"Ethanol, denatured, at refueling station","categoryPath":["Technosphere Flows","31-33: Manufacturing","3251: Basic Chemical Manufacturing"],"flowType":"PRODUCT_FLOW","location":"RNA","refUnit":"kg"},"unit":{"@type":"Unit","@id":"20aadc24-a391-41cf-b340-3e4529f44bde","name":"kg"},"flowProperty":{"@type":"FlowProperty","@id":"93a60a56-a3c8-11da-a746-0800200b9a66","name":"Mass","categoryPath":["Technical flow properties"]},"quantitativeReference":true},{"@type":"Exchange","avoidedProduct":false,"input":true,"amount":0.0194,"description":"secondary shipment of 1 kg of ethanol from intermediate terminal to \"destination\" (blending terminal). Reynolds (2006). Using most stringent EURO emission standard though emission mandates in 2022 will undoubtedly be lower. Assumes backhauling of gasoline (i.e., no attributable empty return trip)","internalId":11,"defaultProvider":{"@type":"Process","@id":"34156f3c-28ef-33db-9ad0-6293a2aa0d52","name":"Transport, combination truck, diesel powered","categoryPath":["48-49: Transportation and Warehousing","4841: General Freight Trucking"],"processType":"UNIT_PROCESS","location":"RNA"},"flow":{"@type":"Flow","@id":"628c07ec-0802-39c1-ab88-1c62848ef436","name":"Transport, combination truck, diesel powered","categoryPath":["Technosphere Flows","48-49: Transportation and Warehousing","4841: General Freight Trucking"],"flowType":"PRODUCT_FLOW","location":"RNA","refUnit":"t*km"},"unit":{"@type":"Unit","@id":"0dea4ed8-bb6b-4049-b2b4-b2c413ef2180","name":"t*km"},"flowProperty":{"@type":"FlowProperty","@id":"838aaa20-0117-11db-92e3-0800200c9a66","name":"Goods transport (mass*distance)","categoryPath":["Technical flow properties"]}},{"@type":"Exchange","avoidedProduct":false,"input":true,"amount":0.049,"description":"transports the ethanol portion of blended E10 and E85 to refueling station from blending terminal. Since the ecoinvent process used for gasoline that\u0027s blended with ethanol includes this transport step as well as operations of refueling stations, I\u0027m including this post-blending transport step here as opposed to in the subsequent blending process step. Assumes backhauling of gasoline (i.e., no attributable empty return trip)","internalId":2,"defaultProvider":{"@type":"Process","@id":"34156f3c-28ef-33db-9ad0-6293a2aa0d52","name":"Transport, combination truck, diesel powered","categoryPath":["48-49: Transportation and Warehousing","4841: General Freight Trucking"],"processType":"UNIT_PROCESS","location":"RNA"},"flow":{"@type":"Flow","@id":"628c07ec-0802-39c1-ab88-1c62848ef436","name":"Transport, combination truck, diesel powered","categoryPath":["Technosphere Flows","48-49: Transportation and Warehousing","4841: General Freight Trucking"],"flowType":"PRODUCT_FLOW","location":"RNA","refUnit":"t*km"},"unit":{"@type":"Unit","@id":"0dea4ed8-bb6b-4049-b2b4-b2c413ef2180","name":"t*km"},"flowProperty":{"@type":"FlowProperty","@id":"838aaa20-0117-11db-92e3-0800200c9a66","name":"Goods transport (mass*distance)","categoryPath":["Technical flow properties"]}},{"@type":"Exchange","avoidedProduct":false,"input":true,"amount":0.0508,"description":"tertiary shipment of 1 kg of ethanol from intermediate terminal to intermediate terminal. Reynolds (2006). Emission mandates in 2022 will undoubtedly be lower so this will be an overestimate of impacts. This is an ocean-going vessel, which Reynolds says is most likely to be ocean barge. No ocean barge in SimaPro library. Assumes backhauling of gasoline (i.e., no attributable empty return trip)","internalId":10,"defaultProvider":{"@type":"Process","@id":"da0f5501-f4ab-32d1-80b7-b70d143608f6","name":"Transport, ocean freighter, diesel powered","categoryPath":["48-49: Transportation and Warehousing","4831: Deep Sea, Coastal, and Great Lakes Water Transportation"],"processType":"UNIT_PROCESS","location":"US"},"flow":{"@type":"Flow","@id":"6c65fc34-c25e-3eb4-bc92-15bbfc457725","name":"Transport, ocean freighter, diesel powered","categoryPath":["Technosphere Flows","48-49: Transportation and Warehousing","4831: Deep Sea, Coastal, and Great Lakes Water Transportation"],"flowType":"PRODUCT_FLOW","location":"US","refUnit":"t*km"},"unit":{"@type":"Unit","@id":"0dea4ed8-bb6b-4049-b2b4-b2c413ef2180","name":"t*km"},"flowProperty":{"@type":"FlowProperty","@id":"838aaa20-0117-11db-92e3-0800200c9a66","name":"Goods transport (mass*distance)","categoryPath":["Technical flow properties"]}},{"@type":"Exchange","avoidedProduct":false,"input":true,"amount":1.0,"internalId":3,"defaultProvider":{"@type":"Process","@id":"1975f735-687a-39ea-96e7-e890e5a5bb51","name":"Ethanol, denatured, mixed feedstocks, at conversion facility, 2022","categoryPath":["31-33: Manufacturing","3251: Basic Chemical Manufacturing"],"processType":"UNIT_PROCESS","location":"RNA"},"flow":{"@type":"Flow","@id":"12710c09-7d00-3d32-b909-43b096657c03","name":"Ethanol, denatured, mixed feedstocks, at conversion facility","categoryPath":["Technosphere Flows","31-33: Manufacturing","3251: Basic Chemical Manufacturing"],"flowType":"PRODUCT_FLOW","location":"RNA","refUnit":"kg"},"unit":{"@type":"Unit","@id":"20aadc24-a391-41cf-b340-3e4529f44bde","name":"kg"},"flowProperty":{"@type":"FlowProperty","@id":"93a60a56-a3c8-11da-a746-0800200b9a66","name":"Mass","categoryPath":["Technical flow properties"]}},{"@type":"Exchange","avoidedProduct":false,"input":true,"amount":0.174,"description":"secondary shipment of 1 kg of ethanol from conversion plant to intermediate terminal. based on Reynolds (2006). Emission mandates in 2022 will undoubtedly be lower so this will be an overestimate of impacts. Assumes backhauling of gasoline (i.e., no attributable empty return trip)","internalId":6,"defaultProvider":{"@type":"Process","@id":"c2300fc3-5496-3d12-9135-67dc0ef740c9","name":"Transport, barge, diesel powered","categoryPath":["48-49: Transportation and Warehousing","4832: Inland Water Transportation"],"processType":"UNIT_PROCESS","location":"RNA"},"flow":{"@type":"Flow","@id":"a1242640-8306-366c-9c55-6dfd23e77bd7","name":"Transport, barge, diesel powered","categoryPath":["Technosphere Flows","48-49: Transportation and Warehousing","4832: Inland Water Transportation"],"flowType":"PRODUCT_FLOW","location":"RNA","refUnit":"t*km"},"unit":{"@type":"Unit","@id":"0dea4ed8-bb6b-4049-b2b4-b2c413ef2180","name":"t*km"},"flowProperty":{"@type":"FlowProperty","@id":"838aaa20-0117-11db-92e3-0800200c9a66","name":"Goods transport (mass*distance)","categoryPath":["Technical flow properties"]}},{"@type":"Exchange","avoidedProduct":false,"input":true,"amount":0.0324,"description":"primary shipments of 1 kg of ethanol directly from conversion plant to \"destination\" (assumed to mean blending terminal). Reynolds (2006). Using most stringent EURO emission standard though emission mandates in 2022 will undoubtedly be lower.Assumes backhauling of gasoline (i.e., no attributable empty return trip)","internalId":4,"defaultProvider":{"@type":"Process","@id":"34156f3c-28ef-33db-9ad0-6293a2aa0d52","name":"Transport, combination truck, diesel powered","categoryPath":["48-49: Transportation and Warehousing","4841: General Freight Trucking"],"processType":"UNIT_PROCESS","location":"RNA"},"flow":{"@type":"Flow","@id":"628c07ec-0802-39c1-ab88-1c62848ef436","name":"Transport, combination truck, diesel powered","categoryPath":["Technosphere Flows","48-49: Transportation and Warehousing","4841: General Freight Trucking"],"flowType":"PRODUCT_FLOW","location":"RNA","refUnit":"t*km"},"unit":{"@type":"Unit","@id":"0dea4ed8-bb6b-4049-b2b4-b2c413ef2180","name":"t*km"},"flowProperty":{"@type":"FlowProperty","@id":"838aaa20-0117-11db-92e3-0800200c9a66","name":"Goods transport (mass*distance)","categoryPath":["Technical flow properties"]}},{"@type":"Exchange","avoidedProduct":false,"input":true,"amount":0.106,"description":"primary shipments of 1 kg of ethanol directly from conversion plant to \"destination\" (assumed to mean blending terminal). Reynolds (2006). Emission mandates in 2022 will undoubtedly be lower so this will be an overestimate of impacts. Assumes backhauling of gasoline (i.e., no attributable empty return trip)","internalId":8,"defaultProvider":{"@type":"Process","@id":"c2300fc3-5496-3d12-9135-67dc0ef740c9","name":"Transport, barge, diesel powered","categoryPath":["48-49: Transportation and Warehousing","4832: Inland Water Transportation"],"processType":"UNIT_PROCESS","location":"RNA"},"flow":{"@type":"Flow","@id":"a1242640-8306-366c-9c55-6dfd23e77bd7","name":"Transport, barge, diesel powered","categoryPath":["Technosphere Flows","48-49: Transportation and Warehousing","4832: Inland Water Transportation"],"flowType":"PRODUCT_FLOW","location":"RNA","refUnit":"t*km"},"unit":{"@type":"Unit","@id":"0dea4ed8-bb6b-4049-b2b4-b2c413ef2180","name":"t*km"},"flowProperty":{"@type":"FlowProperty","@id":"838aaa20-0117-11db-92e3-0800200c9a66","name":"Goods transport (mass*distance)","categoryPath":["Technical flow properties"]}},{"@type":"Exchange","avoidedProduct":false,"input":true,"amount":0.00564,"description":"secondary shipment of 1 kg of ethanol from intermediate terminal to \"destination\" (blending terminal). based on Reynolds (2006). Emission mandates in 2022 will undoubtedly be lower so this will be an overestimate of impacts. Reynolds specified for this leg an ocean-going vessel, which he says is most likely to be ocean barge. SimaPro library does not differentiate between inland waterway and ocean barge. Assumes backhauling of gasoline (i.e., no attributable empty return trip)","internalId":7,"defaultProvider":{"@type":"Process","@id":"da0f5501-f4ab-32d1-80b7-b70d143608f6","name":"Transport, ocean freighter, diesel powered","categoryPath":["48-49: Transportation and Warehousing","4831: Deep Sea, Coastal, and Great Lakes Water Transportation"],"processType":"UNIT_PROCESS","location":"US"},"flow":{"@type":"Flow","@id":"6c65fc34-c25e-3eb4-bc92-15bbfc457725","name":"Transport, ocean freighter, diesel powered","categoryPath":["Technosphere Flows","48-49: Transportation and Warehousing","4831: Deep Sea, Coastal, and Great Lakes Water Transportation"],"flowType":"PRODUCT_FLOW","location":"US","refUnit":"t*km"},"unit":{"@type":"Unit","@id":"0dea4ed8-bb6b-4049-b2b4-b2c413ef2180","name":"t*km"},"flowProperty":{"@type":"FlowProperty","@id":"838aaa20-0117-11db-92e3-0800200c9a66","name":"Goods transport (mass*distance)","categoryPath":["Technical flow properties"]}},{"@type":"Exchange","avoidedProduct":false,"input":true,"amount":0.0432,"description":"primary shipments of 1 kg of ethanol directly from conversion plant to \"destination\" (assumed to mean blending terminal). based on Reynolds (2006) and Morrow et al., 2006. Emission mandates in 2022 will undoubtedly be lower so this will be an overestimate of impacts. Assumes backhauling of gasoline (i.e., no attributable empty return trip)","internalId":5,"defaultProvider":{"@type":"Process","@id":"7de9c230-fd0f-3478-be87-f80181132faa","name":"Transport, train, diesel powered","categoryPath":["48-49: Transportation and Warehousing","4821: Rail Transportation"],"processType":"UNIT_PROCESS","location":"RNA"},"flow":{"@type":"Flow","@id":"73c7494d-4e93-3769-896b-8bb82f0dfccc","name":"Transport, train, diesel powered","categoryPath":["Technosphere Flows","48-49: Transportation and Warehousing","4821: Rail Transportation"],"flowType":"PRODUCT_FLOW","location":"RNA","refUnit":"t*km"},"unit":{"@type":"Unit","@id":"0dea4ed8-bb6b-4049-b2b4-b2c413ef2180","name":"t*km"},"flowProperty":{"@type":"FlowProperty","@id":"838aaa20-0117-11db-92e3-0800200c9a66","name":"Goods transport (mass*distance)","categoryPath":["Technical flow properties"]}},{"@type":"Exchange","avoidedProduct":false,"input":true,"amount":0.18,"description":"secondary shipment of 1 kg of ethanol from conversion plant to intermediate terminal. based on Reynolds (2006) and Morrow et al., 2006. Emission mandates in 2022 will undoubtedly be lower so this will be an overestimate of impacts. Assumes backhauling of gasoline (i.e., no attributable empty return trip)","internalId":9,"defaultProvider":{"@type":"Process","@id":"7de9c230-fd0f-3478-be87-f80181132faa","name":"Transport, train, diesel powered","categoryPath":["48-49: Transportation and Warehousing","4821: Rail Transportation"],"processType":"UNIT_PROCESS","location":"RNA"},"flow":{"@type":"Flow","@id":"73c7494d-4e93-3769-896b-8bb82f0dfccc","name":"Transport, train, diesel powered","categoryPath":["Technosphere Flows","48-49: Transportation and Warehousing","4821: Rail Transportation"],"flowType":"PRODUCT_FLOW","location":"RNA","refUnit":"t*km"},"unit":{"@type":"Unit","@id":"0dea4ed8-bb6b-4049-b2b4-b2c413ef2180","name":"t*km"},"flowProperty":{"@type":"FlowProperty","@id":"838aaa20-0117-11db-92e3-0800200c9a66","name":"Goods transport (mass*distance)","categoryPath":["Technical flow properties"]}}]}