{"@context":"http://greendelta.github.io/olca-schema/context.jsonld","@type":"Process","@id":"ddf82e82-36e7-3c34-b6b6-6b96fd592a82","name":"Metal composite material (MCM) panel, at plant","description":"MCM sheets are formed by bonding two metal skins to a highly engineered plastic core placed between them. This occurs under very precise conditions of temperature, pressure and tension. The result is a strong composite sheet of metal and plastic. Properly designed and installed, these metal composite panels provide a very reliable building envelope that resists the elements and protects against air and water infiltration.   Producing the panels requires a five-stage process. The metal coils are introduced from two pay-off reels (1). Next the laminating rollers bond the aluminum to the continuously extruded thermoplastic core (2). The laminated material then enters the cooling chamber and is constantly moved at a steady rate by the pulling rollers (3).  A protective masking film is then applied to the MCM to protect the surface finish (4). Finally, the MCM is trimmed to the required width, sheared to the required length, and stacked for inspection and final packaging (5).  The process is finalized by machining, curving, and cutting the MCM sheets to specification into finished MCM panels.  The MCM panel process includes all material and inbound transportation necessary for construction-ready products: coated aluminum coils, thermoplastic core, and packaging materials.  Energy and utility inputs include electricity, natural gas, process water, and propane.  All known solid waste, air, and water emissions are captured in the output.","version":"00.00.009","lastChange":"2021-04-07T11:01:17.726-06:00","category":{"@type":"Category","@id":"283000ef-b319-3fff-a137-5116b70f8797","name":"3323: Architectural and Structural Metals Manufacturing","categoryPath":["31-33: Manufacturing"],"categoryType":"Process"},"processType":"UNIT_PROCESS","defaultAllocationMethod":"NO_ALLOCATION","infrastructureProcess":false,"location":{"@type":"Location","@id":"b320e7db-c758-3ba6-8839-81eb83c9d7d7","name":"Northern America"},"processDocumentation":{"@type":"ProcessDocumentation","technologyDescription":"Composite building material of aluminum skin bonded to plastic core, machined, curved, and cut to specifications. Technology based on companies identified by Metal Construction Association to be representative of industry.","restrictionsDescription":"All information can be accessed by everybody.","copyright":false,"validFrom":"2014-01-31-07:00","validUntil":"2015-02-27-07:00","creationDate":"2015-09-17T13:08:25.447-06:00","geographyDescription":"North America","dataDocumentor":{"@type":"Actor","@id":"e73e828c-b2d9-3c9e-8c53-c69230ea733f","name":"PE INTERNATIONAL"},"dataGenerator":{"@type":"Actor","@id":"e73e828c-b2d9-3c9e-8c53-c69230ea733f","name":"PE INTERNATIONAL"},"publication":{"@type":"Source","@id":"5bbd4651-4877-3e98-ac3a-a3a3fd933ca5","name":"PE INTERNATIONAL "},"sources":[{"@type":"Source","@id":"5bbd4651-4877-3e98-ac3a-a3a3fd933ca5","name":"PE INTERNATIONAL "}]},"lastInternalId":1,"exchanges":[{"@type":"Exchange","avoidedProduct":false,"input":false,"amount":1.0,"description":"","internalId":1,"defaultProvider":{"@type":"Process","@id":"0aaf1e13-5d80-37f9-b7bb-81a6b8965c71","name":"Petroleum refining, at refinery","categoryPath":["31-33: Manufacturing","3241: Petroleum and Coal Products Manufacturing"],"processType":"UNIT_PROCESS","location":"RNA"},"flow":{"@type":"Flow","@id":"d74be1fd-6f04-3682-b097-4158ebf5aa2f","name":"Metal composite material (MCM) panel, at plant","categoryPath":["Technosphere Flows","31-33: Manufacturing","3323: Architectural and Structural Metals Manufacturing"],"flowType":"PRODUCT_FLOW","location":"RNA","refUnit":"m2"},"unit":{"@type":"Unit","@id":"3ce61faa-5716-41c1-aef6-b5920054acc9","name":"m2"},"flowProperty":{"@type":"FlowProperty","@id":"93a60a56-a3c8-19da-a746-0800200c9a66","name":"Area","categoryPath":["Technical flow properties"]},"quantitativeReference":true},{"@type":"Exchange","avoidedProduct":false,"input":true,"amount":22.377524,"internalId":6,"defaultProvider":{"@type":"Process","@id":"89389d98-1ba6-30c5-9c33-92443694936b","name":"Electricity, at Grid, US, 2010","categoryPath":["22: Utilities","2211: Electric Power Generation, Transmission and Distribution"],"processType":"UNIT_PROCESS","location":"RNA"},"flow":{"@type":"Flow","@id":"06581fb2-1de0-3e78-8298-f37605dea142","name":"Electricity, at grid","categoryPath":["Technosphere Flows","22: Utilities","2211: Electric Power Generation, Transmission and Distribution"],"flowType":"PRODUCT_FLOW","location":"RNA","refUnit":"MJ"},"unit":{"@type":"Unit","@id":"52765a6c-3896-43c2-b2f4-c679acf13efe","name":"MJ"},"flowProperty":{"@type":"FlowProperty","@id":"f6811440-ee37-11de-8a39-0800200c9a66","name":"Energy","categoryPath":["Technical flow properties"]}},{"@type":"Exchange","avoidedProduct":false,"input":true,"amount":4.71855240942712E-5,"description":"m3 amount LPG replaces \"CUTOFF Thermal energy from propane (MJ)\" using HHV 49.1 MJ/kg for LPG and density 543.478 kg/m3 (per USLCI petroleum refining products densities)","internalId":1,"defaultProvider":{"@type":"Process","@id":"0aaf1e13-5d80-37f9-b7bb-81a6b8965c71","name":"Petroleum refining, at refinery","categoryPath":["31-33: Manufacturing","3241: Petroleum and Coal Products Manufacturing"],"processType":"UNIT_PROCESS","location":"RNA"},"flow":{"@type":"Flow","@id":"813325ee-9eb4-3825-9280-bee7b1a2e9a8","name":"Liquefied petroleum gas, at refinery","categoryPath":["Technosphere Flows","31-33: Manufacturing","3241: Petroleum and Coal Products Manufacturing"],"flowType":"PRODUCT_FLOW","location":"RNA","refUnit":"m3"},"unit":{"@type":"Unit","@id":"1c3a9695-398d-4b1f-b07e-a8715b610f70","name":"m3"},"flowProperty":{"@type":"FlowProperty","@id":"93a60a56-a3c8-22da-a746-0800200c9a66","name":"Volume","categoryPath":["Technical flow properties"]}},{"@type":"Exchange","avoidedProduct":false,"input":true,"amount":6914.1065,"internalId":9,"defaultProvider":{"@type":"Process","@id":"c3be0482-cb54-39f8-8638-dd3a4dec68eb","name":"Transport, single unit truck, long-haul, diesel powered, Northwest","categoryPath":["48-49: Transportation and Warehousing","4841: General Freight Trucking"],"processType":"UNIT_PROCESS","location":"RNA"},"flow":{"@type":"Flow","@id":"1c639821-1428-35ac-aaa4-277aacdc7420","name":"Transport, single unit truck, long-haul, diesel powered","categoryPath":["Technosphere Flows","48-49: Transportation and Warehousing","4841: General Freight Trucking"],"flowType":"PRODUCT_FLOW","location":"RNA","refUnit":"t*km"},"unit":{"@type":"Unit","@id":"a40229e6-7275-42e3-a304-23d590044770","name":"kg*km"},"flowProperty":{"@type":"FlowProperty","@id":"838aaa20-0117-11db-92e3-0800200c9a66","name":"Goods transport (mass*distance)","categoryPath":["Technical flow properties"]}},{"@type":"Exchange","avoidedProduct":false,"input":true,"amount":1.383327929439,"internalId":12,"flow":{"@type":"Flow","@id":"516af467-874b-3fb0-bbd3-dfee65ae6405","name":"Recycling, Aluminum scrap","categoryPath":["Technosphere Flows","CUTOFF Flows"],"flowType":"PRODUCT_FLOW","refUnit":"kg"},"unit":{"@type":"Unit","@id":"20aadc24-a391-41cf-b340-3e4529f44bde","name":"kg"},"flowProperty":{"@type":"FlowProperty","@id":"93a60a56-a3c8-11da-a746-0800200b9a66","name":"Mass","categoryPath":["Technical flow properties"]}},{"@type":"Exchange","avoidedProduct":false,"input":true,"amount":1.20977255760921,"internalId":13,"flow":{"@type":"Flow","@id":"42f408e1-26cd-3ed2-9bdb-d406ec7b968d","name":"Surfaced dried lumber; at planer mill","categoryPath":["Technosphere Flows","31-33: Manufacturing","3219: Other Wood Product Manufacturing"],"flowType":"PRODUCT_FLOW","location":"US","refUnit":"kg"},"unit":{"@type":"Unit","@id":"20aadc24-a391-41cf-b340-3e4529f44bde","name":"kg"},"flowProperty":{"@type":"FlowProperty","@id":"93a60a56-a3c8-11da-a746-0800200b9a66","name":"Mass","categoryPath":["Technical flow properties"]}},{"@type":"Exchange","avoidedProduct":false,"input":true,"amount":0.328349302812524,"internalId":7,"defaultProvider":{"@type":"Process","@id":"7b7babef-a97a-3510-88f2-ee70aa1fa03b","name":"Natural gas, combusted in industrial equipment","categoryPath":["22: Utilities","2213: Water, Sewage and Other Systems"],"processType":"UNIT_PROCESS","location":"RNA"},"flow":{"@type":"Flow","@id":"9dfc02c2-db7e-3c19-b120-165cab1a22c5","name":"Natural gas, combusted in industrial equipment, 1.357 m3/kg, 52.13 MJ/kg","categoryPath":["Technosphere Flows","22: Utilities","2213: Water, Sewage and Other Systems"],"flowType":"PRODUCT_FLOW","location":"RNA","refUnit":"m3"},"unit":{"@type":"Unit","@id":"1c3a9695-398d-4b1f-b07e-a8715b610f70","name":"m3"},"flowProperty":{"@type":"FlowProperty","@id":"93a60a56-a3c8-22da-a746-0800200c9a66","name":"Volume","categoryPath":["Technical flow properties"]}},{"@type":"Exchange","avoidedProduct":false,"input":true,"amount":0.0859156223527777,"internalId":10,"defaultProvider":{"@type":"Process","@id":"cf1241fd-8c01-3412-9030-8650b8e75669","name":"Polystyrene, expanded, EPS, virgin resin; batch suspension polymerization; industry average, at plant","categoryPath":["31-33: Manufacturing","3252: Resin, Synthetic Rubber, and Artificial and Synthetic Fibers and Filaments Manufacturing"],"processType":"UNIT_PROCESS","location":"RNA"},"flow":{"@type":"Flow","@id":"cc5415fd-2095-31f1-8e53-c5fcd2fd8c54","name":"Polystyrene, exapnded, EPS, virgin resin; batch suspension polymerization; industry average, at plant","categoryPath":["Technosphere Flows","31-33: Manufacturing","3252: Resin, Synthetic Rubber, and Artificial and Synthetic Fibers and Filaments Manufacturing"],"flowType":"PRODUCT_FLOW","location":"RNA","refUnit":"kg"},"unit":{"@type":"Unit","@id":"20aadc24-a391-41cf-b340-3e4529f44bde","name":"kg"},"flowProperty":{"@type":"FlowProperty","@id":"93a60a56-a3c8-11da-a746-0800200b9a66","name":"Mass","categoryPath":["Technical flow properties"]}},{"@type":"Exchange","avoidedProduct":false,"input":true,"amount":0.233405503887916,"internalId":3,"flow":{"@type":"Flow","@id":"a41998af-5236-3e9a-8f4e-27ef12b3fc98","name":"Disposal, wood waste, to unspecified treatment","categoryPath":["Technosphere Flows","CUTOFF Flows"],"flowType":"PRODUCT_FLOW","refUnit":"kg"},"unit":{"@type":"Unit","@id":"20aadc24-a391-41cf-b340-3e4529f44bde","name":"kg"},"flowProperty":{"@type":"FlowProperty","@id":"93a60a56-a3c8-11da-a746-0800200b9a66","name":"Mass","categoryPath":["Technical flow properties"]}},{"@type":"Exchange","avoidedProduct":false,"input":true,"amount":0.0772889322747189,"internalId":11,"flow":{"@type":"Flow","@id":"e58127e8-c6f1-3556-a684-4df1637d0616","name":"Steel cast part (machined)","categoryPath":["Technosphere Flows","CUTOFF Flows"],"flowType":"PRODUCT_FLOW","refUnit":"kg"},"unit":{"@type":"Unit","@id":"20aadc24-a391-41cf-b340-3e4529f44bde","name":"kg"},"flowProperty":{"@type":"FlowProperty","@id":"93a60a56-a3c8-11da-a746-0800200b9a66","name":"Mass","categoryPath":["Technical flow properties"]}},{"@type":"Exchange","avoidedProduct":false,"input":true,"amount":0.0119292156875344,"internalId":2,"flow":{"@type":"Flow","@id":"5a44ca9e-ec35-3312-8468-704879e33414","name":"Silicone sealing compound","categoryPath":["Technosphere Flows","CUTOFF Flows"],"flowType":"PRODUCT_FLOW","refUnit":"kg"},"unit":{"@type":"Unit","@id":"20aadc24-a391-41cf-b340-3e4529f44bde","name":"kg"},"flowProperty":{"@type":"FlowProperty","@id":"93a60a56-a3c8-11da-a746-0800200b9a66","name":"Mass","categoryPath":["Technical flow properties"]}},{"@type":"Exchange","avoidedProduct":false,"input":true,"amount":0.175785844881343,"internalId":14,"flow":{"@type":"Flow","@id":"c3c58b7e-6561-36c7-a537-b10b1f2a5e39","name":"Disposal, solid waste, unspecified, to unspecified treatment","categoryPath":["Technosphere Flows","CUTOFF Flows"],"flowType":"PRODUCT_FLOW","refUnit":"kg"},"unit":{"@type":"Unit","@id":"20aadc24-a391-41cf-b340-3e4529f44bde","name":"kg"},"flowProperty":{"@type":"FlowProperty","@id":"93a60a56-a3c8-11da-a746-0800200b9a66","name":"Mass","categoryPath":["Technical flow properties"]}},{"@type":"Exchange","avoidedProduct":false,"input":false,"amount":2.48974709168752E-4,"internalId":15,"flow":{"@type":"Flow","@id":"6f861846-1c4c-3fc9-a198-56b2d9abd83b","name":"Volatile organic compounds","categoryPath":["Elementary Flows","emission","air"],"flowType":"ELEMENTARY_FLOW","refUnit":"kg"},"unit":{"@type":"Unit","@id":"20aadc24-a391-41cf-b340-3e4529f44bde","name":"kg"},"flowProperty":{"@type":"FlowProperty","@id":"93a60a56-a3c8-11da-a746-0800200b9a66","name":"Mass","categoryPath":["Technical flow properties"]}},{"@type":"Exchange","avoidedProduct":false,"input":true,"amount":8.54115541642671E-4,"internalId":16,"flow":{"@type":"Flow","@id":"36065054-8ef1-3ba0-8c53-dbe92db75be1","name":"Disposal, inert solid waste, to unspecified treatment","categoryPath":["Technosphere Flows","CUTOFF Flows"],"flowType":"PRODUCT_FLOW","refUnit":"kg"},"unit":{"@type":"Unit","@id":"20aadc24-a391-41cf-b340-3e4529f44bde","name":"kg"},"flowProperty":{"@type":"FlowProperty","@id":"93a60a56-a3c8-11da-a746-0800200b9a66","name":"Mass","categoryPath":["Technical flow properties"]}},{"@type":"Exchange","avoidedProduct":false,"input":true,"amount":0.963172579378348,"internalId":8,"defaultProvider":{"@type":"Process","@id":"08e766d4-ec5f-3426-a0d4-9533e55f9081","name":"Metal composite material (MCM) sheet, at plant","categoryPath":["31-33: Manufacturing","3323: Architectural and Structural Metals Manufacturing"],"processType":"UNIT_PROCESS","location":"RNA"},"flow":{"@type":"Flow","@id":"8d1602f5-e7c3-38a9-a00a-3537948d4ac2","name":"Metal composite material (MCM) sheet, at plant","categoryPath":["Technosphere Flows","31-33: Manufacturing","3323: Architectural and Structural Metals Manufacturing"],"flowType":"PRODUCT_FLOW","location":"RNA","refUnit":"m2"},"unit":{"@type":"Unit","@id":"3ce61faa-5716-41c1-aef6-b5920054acc9","name":"m2"},"flowProperty":{"@type":"FlowProperty","@id":"93a60a56-a3c8-19da-a746-0800200c9a66","name":"Area","categoryPath":["Technical flow properties"]}},{"@type":"Exchange","avoidedProduct":false,"input":true,"amount":2.24145548025144E-4,"internalId":4,"defaultProvider":{"@type":"Process","@id":"98d423fc-789a-42d0-b961-18a96bc6491c","name":"Lubricant feedstock, at refinery","categoryPath":["31-33: Manufacturing","3241: Petroleum and Coal Products Manufacturing"],"processType":"UNIT_PROCESS"},"flow":{"@type":"Flow","@id":"99479e91-ab64-3c73-86cb-d96373f37939","name":"Lubricant feedstock, at refinery","categoryPath":["Technosphere Flows","31-33: Manufacturing","3241: Petroleum and Coal Products Manufacturing"],"flowType":"PRODUCT_FLOW","refUnit":"kg"},"unit":{"@type":"Unit","@id":"20aadc24-a391-41cf-b340-3e4529f44bde","name":"kg"},"flowProperty":{"@type":"FlowProperty","@id":"93a60a56-a3c8-11da-a746-0800200b9a66","name":"Mass","categoryPath":["Technical flow properties"]}}]}