{"@context":"http://greendelta.github.io/olca-schema/context.jsonld","@type":"Process","@id":"e4a61018-9f98-3049-95c1-33b1acaa904e","name":"Acetic acid, at plant","description":"100% of elementary flows and inputs from the technosphere were allocated to acetic acid, and 0% to recovered heat\nImportant note: although most of the data in the US LCI database has \nundergone some sort of review, the database as a whole has not yet \nundergone a formal validation process.\nPlease email comments to lci@nrel.gov.","version":"00.01.007","lastChange":"2021-01-07T14:08:33.323-07:00","category":{"@type":"Category","@id":"0927a450-e2b2-3455-983b-42ff1ebacc3c","name":"3251: Basic Chemical Manufacturing","categoryPath":["31-33: Manufacturing"],"categoryType":"Process"},"processType":"UNIT_PROCESS","defaultAllocationMethod":"NO_ALLOCATION","infrastructureProcess":false,"location":{"@type":"Location","@id":"b320e7db-c758-3ba6-8839-81eb83c9d7d7","name":"Northern America"},"processDocumentation":{"@type":"ProcessDocumentation","technologyDescription":"Carbonylation of methanol","restrictionsDescription":"All information can be accessed by everybody.","copyright":false,"validFrom":"2002-12-31-07:00","validUntil":"2002-12-31-07:00","creationDate":"2015-11-24T07:48:41.799-07:00","geographyDescription":"North America (US and Canada)","dataDocumentor":{"@type":"Actor","@id":"f238e394-b16d-3194-9c3d-cfd600a1cc95","name":"Franklin Associates"},"dataGenerator":{"@type":"Actor","@id":"f238e394-b16d-3194-9c3d-cfd600a1cc95","name":"Franklin Associates"},"publication":{"@type":"Source","@id":"cea14473-782c-3e10-a7a8-f12bfecdb219","name":"THE PLASTICS DIVISION OF THE AMERICAN CH "},"sources":[{"@type":"Source","@id":"cea14473-782c-3e10-a7a8-f12bfecdb219","name":"THE PLASTICS DIVISION OF THE AMERICAN CH "}]},"lastInternalId":2,"exchanges":[{"@type":"Exchange","avoidedProduct":false,"input":false,"amount":1.0,"internalId":2,"defaultProvider":{"@type":"Process","@id":"57cdac3b-a289-330e-8e55-6b7e2c6885fb","name":"Transport, pipeline, natural gas","categoryPath":["48-49: Transportation and Warehousing","4862: Pipeline Transportation of Natural Gas"],"processType":"UNIT_PROCESS","location":"RNA"},"flow":{"@type":"Flow","@id":"2c696e73-bd01-3f7b-a6c5-a56dee44d66e","name":"Acetic acid, at plant","categoryPath":["Technosphere Flows","31-33: Manufacturing","3251: Basic Chemical Manufacturing"],"flowType":"PRODUCT_FLOW","location":"RNA","refUnit":"kg"},"unit":{"@type":"Unit","@id":"20aadc24-a391-41cf-b340-3e4529f44bde","name":"kg"},"flowProperty":{"@type":"FlowProperty","@id":"93a60a56-a3c8-11da-a746-0800200b9a66","name":"Mass","categoryPath":["Technical flow properties"]},"quantitativeReference":true},{"@type":"Exchange","avoidedProduct":false,"input":true,"amount":8.6744E-4,"description":"Represents inbound transport of methanol","internalId":8,"defaultProvider":{"@type":"Process","@id":"0855376f-1ec5-3f3e-bead-959c932539b7","name":"Transport, pipeline, unspecified petroleum products","categoryPath":["48-49: Transportation and Warehousing","4869: Other Pipeline Transportation"],"processType":"UNIT_PROCESS","location":"RNA"},"flow":{"@type":"Flow","@id":"acbe5bc4-6afd-31aa-bf3f-4a3fdc491945","name":"Transport, pipeline, unspecified petroleum products","categoryPath":["Technosphere Flows","48-49: Transportation and Warehousing","4869: Other Pipeline Transportation"],"flowType":"PRODUCT_FLOW","location":"RNA","refUnit":"t*km"},"unit":{"@type":"Unit","@id":"0dea4ed8-bb6b-4049-b2b4-b2c413ef2180","name":"t*km"},"flowProperty":{"@type":"FlowProperty","@id":"838aaa20-0117-11db-92e3-0800200c9a66","name":"Goods transport (mass*distance)","categoryPath":["Technical flow properties"]}},{"@type":"Exchange","avoidedProduct":false,"input":false,"amount":5.2E-5,"internalId":3,"flow":{"@type":"Flow","@id":"2d117fdd-370d-331c-b07c-b0172c4a10ef","name":"Ammonia","categoryPath":["Elementary Flows","emission","water"],"flowType":"ELEMENTARY_FLOW","refUnit":"kg"},"unit":{"@type":"Unit","@id":"20aadc24-a391-41cf-b340-3e4529f44bde","name":"kg"},"flowProperty":{"@type":"FlowProperty","@id":"93a60a56-a3c8-11da-a746-0800200b9a66","name":"Mass","categoryPath":["Technical flow properties"]}},{"@type":"Exchange","avoidedProduct":false,"input":false,"amount":0.00217,"internalId":5,"flow":{"@type":"Flow","@id":"2f1ba44b-e661-3677-81dd-ff0086adf2fe","name":"Total Organic Carbon","categoryPath":["Elementary Flows","emission","air"],"flowType":"ELEMENTARY_FLOW","refUnit":"kg"},"unit":{"@type":"Unit","@id":"20aadc24-a391-41cf-b340-3e4529f44bde","name":"kg"},"flowProperty":{"@type":"FlowProperty","@id":"93a60a56-a3c8-11da-a746-0800200b9a66","name":"Mass","categoryPath":["Technical flow properties"]}},{"@type":"Exchange","avoidedProduct":false,"input":false,"amount":5.7E-4,"internalId":16,"flow":{"@type":"Flow","@id":"65b5d5dd-95b5-36b2-8cb0-7c5501ff1e32","name":"Ammonia","categoryPath":["Elementary Flows","emission","air"],"flowType":"ELEMENTARY_FLOW","refUnit":"kg"},"unit":{"@type":"Unit","@id":"20aadc24-a391-41cf-b340-3e4529f44bde","name":"kg"},"flowProperty":{"@type":"FlowProperty","@id":"93a60a56-a3c8-11da-a746-0800200b9a66","name":"Mass","categoryPath":["Technical flow properties"]}},{"@type":"Exchange","avoidedProduct":false,"input":true,"amount":5.6E-4,"internalId":19,"flow":{"@type":"Flow","@id":"838cef47-a3a6-3dce-bcb2-560991c5e95c","name":"Disposal, solid waste, unspecified, to sanitary landfill","categoryPath":["Technosphere Flows","CUTOFF Flows"],"flowType":"PRODUCT_FLOW","refUnit":"kg"},"unit":{"@type":"Unit","@id":"20aadc24-a391-41cf-b340-3e4529f44bde","name":"kg"},"flowProperty":{"@type":"FlowProperty","@id":"93a60a56-a3c8-11da-a746-0800200b9a66","name":"Mass","categoryPath":["Technical flow properties"]}},{"@type":"Exchange","avoidedProduct":false,"input":true,"amount":0.22355,"internalId":21,"defaultProvider":{"@type":"Process","@id":"5b81b61c-4d10-3bed-9926-8a5f868f5174","name":"Natural gas, combusted in industrial boiler","categoryPath":["22: Utilities","2213: Water, Sewage and Other Systems"],"processType":"UNIT_PROCESS","location":"RNA"},"flow":{"@type":"Flow","@id":"bb1dc159-fe13-3f8e-8197-361e8c770ba3","name":"Natural gas, combusted in industrial boiler","categoryPath":["Technosphere Flows","22: Utilities","2213: Water, Sewage and Other Systems"],"flowType":"PRODUCT_FLOW","location":"RNA","refUnit":"m3"},"unit":{"@type":"Unit","@id":"1c3a9695-398d-4b1f-b07e-a8715b610f70","name":"m3"},"flowProperty":{"@type":"FlowProperty","@id":"93a60a56-a3c8-22da-a746-0800200c9a66","name":"Volume","categoryPath":["Technical flow properties"]}},{"@type":"Exchange","avoidedProduct":false,"input":true,"amount":0.0049246,"description":"Represents inbound transport of processed natural gas. Original data expressed thus: 5 tonmiles/1000lb natural gas","internalId":11,"defaultProvider":{"@type":"Process","@id":"34156f3c-28ef-33db-9ad0-6293a2aa0d52","name":"Transport, combination truck, diesel powered","categoryPath":["48-49: Transportation and Warehousing","4841: General Freight Trucking"],"processType":"UNIT_PROCESS","location":"RNA"},"flow":{"@type":"Flow","@id":"628c07ec-0802-39c1-ab88-1c62848ef436","name":"Transport, combination truck, diesel powered","categoryPath":["Technosphere Flows","48-49: Transportation and Warehousing","4841: General Freight Trucking"],"flowType":"PRODUCT_FLOW","location":"RNA","refUnit":"t*km"},"unit":{"@type":"Unit","@id":"0dea4ed8-bb6b-4049-b2b4-b2c413ef2180","name":"t*km"},"flowProperty":{"@type":"FlowProperty","@id":"838aaa20-0117-11db-92e3-0800200c9a66","name":"Goods transport (mass*distance)","categoryPath":["Technical flow properties"]}},{"@type":"Exchange","avoidedProduct":false,"input":true,"amount":0.539,"internalId":1,"defaultProvider":{"@type":"Process","@id":"6b0d74c7-e880-4b93-aa2f-b777ac183f84","name":"Methanol, at plant, kg","categoryPath":["31-33: Manufacturing","3251: Basic Chemical Manufacturing"],"processType":"UNIT_PROCESS","location":"RNA"},"flow":{"@type":"Flow","@id":"ae69b712-d8d2-41ef-a2c1-fb477807f742","name":"Methanol, at plant, kg","categoryPath":["Technosphere Flows","31-33: Manufacturing","3251: Basic Chemical Manufacturing"],"flowType":"PRODUCT_FLOW","refUnit":"kg"},"unit":{"@type":"Unit","@id":"20aadc24-a391-41cf-b340-3e4529f44bde","name":"kg"},"flowProperty":{"@type":"FlowProperty","@id":"93a60a56-a3c8-11da-a746-0800200b9a66","name":"Mass","categoryPath":["Technical flow properties"]}},{"@type":"Exchange","avoidedProduct":false,"input":true,"amount":0.4411,"internalId":12,"defaultProvider":{"@type":"Process","@id":"a8b6bb7c-0274-41de-8385-ef5f8a03f9bf","name":"Natural gas, processed, for material use, at plant","categoryPath":["21: Mining, Quarrying, and Oil and Gas Extraction","2111: Oil and Gas Extraction"],"processType":"UNIT_PROCESS"},"flow":{"@type":"Flow","@id":"c837f7c6-1f8d-4f62-ade8-4f2a73b41b1a","name":"Natural gas, production mixture, to material use","categoryPath":["Technosphere Flows","21: Mining, Quarrying, and Oil and Gas Extraction","2111: Oil and Gas Extraction"],"flowType":"PRODUCT_FLOW","refUnit":"kg"},"unit":{"@type":"Unit","@id":"1c3a9695-398d-4b1f-b07e-a8715b610f70","name":"m3"},"flowProperty":{"@type":"FlowProperty","@id":"93a60a56-a3c8-22da-a746-0800200c9a66","name":"Volume","categoryPath":["Technical flow properties"]}},{"@type":"Exchange","avoidedProduct":false,"input":true,"amount":0.021826,"internalId":17,"defaultProvider":{"@type":"Process","@id":"89389d98-1ba6-30c5-9c33-92443694936b","name":"Electricity, at Grid, US, 2010","categoryPath":["22: Utilities","2211: Electric Power Generation, Transmission and Distribution"],"processType":"UNIT_PROCESS","location":"RNA"},"flow":{"@type":"Flow","@id":"06581fb2-1de0-3e78-8298-f37605dea142","name":"Electricity, at grid","categoryPath":["Technosphere Flows","22: Utilities","2211: Electric Power Generation, Transmission and Distribution"],"flowType":"PRODUCT_FLOW","location":"RNA","refUnit":"MJ"},"unit":{"@type":"Unit","@id":"86ad2244-1f0e-4912-af53-7865283103e4","name":"kWh"},"flowProperty":{"@type":"FlowProperty","@id":"f6811440-ee37-11de-8a39-0800200c9a66","name":"Energy","categoryPath":["Technical flow properties"]}},{"@type":"Exchange","avoidedProduct":false,"input":true,"amount":0.0095418,"description":"Represents inbound transport of methanol","internalId":9,"defaultProvider":{"@type":"Process","@id":"c2300fc3-5496-3d12-9135-67dc0ef740c9","name":"Transport, barge, diesel powered","categoryPath":["48-49: Transportation and Warehousing","4832: Inland Water Transportation"],"processType":"UNIT_PROCESS","location":"RNA"},"flow":{"@type":"Flow","@id":"a1242640-8306-366c-9c55-6dfd23e77bd7","name":"Transport, barge, diesel powered","categoryPath":["Technosphere Flows","48-49: Transportation and Warehousing","4832: Inland Water Transportation"],"flowType":"PRODUCT_FLOW","location":"RNA","refUnit":"t*km"},"unit":{"@type":"Unit","@id":"0dea4ed8-bb6b-4049-b2b4-b2c413ef2180","name":"t*km"},"flowProperty":{"@type":"FlowProperty","@id":"838aaa20-0117-11db-92e3-0800200c9a66","name":"Goods transport (mass*distance)","categoryPath":["Technical flow properties"]}},{"@type":"Exchange","avoidedProduct":false,"input":true,"amount":0.0020503,"internalId":20,"defaultProvider":{"@type":"Process","@id":"e6586e69-95a4-3396-a934-f379fbdd28f4","name":"Electricity, at cogen, for natural gas turbine","categoryPath":["22: Utilities","2211: Electric Power Generation, Transmission and Distribution"],"processType":"UNIT_PROCESS","location":"RNA"},"flow":{"@type":"Flow","@id":"ed1981de-52d1-366c-b629-4abfe56fffd3","name":"Electricity, at cogen, for natural gas turbine","categoryPath":["Technosphere Flows","22: Utilities","2211: Electric Power Generation, Transmission and Distribution"],"flowType":"PRODUCT_FLOW","location":"US","refUnit":"MJ"},"unit":{"@type":"Unit","@id":"86ad2244-1f0e-4912-af53-7865283103e4","name":"kWh"},"flowProperty":{"@type":"FlowProperty","@id":"f6811440-ee37-11de-8a39-0800200c9a66","name":"Energy","categoryPath":["Technical flow properties"]}},{"@type":"Exchange","avoidedProduct":false,"input":true,"amount":0.03383,"description":"Represents inbound transport of methanol","internalId":13,"defaultProvider":{"@type":"Process","@id":"eaff3c91-b8ce-38a1-a3ba-1fe0c9d4041c","name":"Transport, barge, residual fuel oil powered","categoryPath":["48-49: Transportation and Warehousing","4832: Inland Water Transportation"],"processType":"UNIT_PROCESS","location":"RNA"},"flow":{"@type":"Flow","@id":"c2cc68fe-1754-3468-a973-51c2f5c82fcd","name":"Transport, barge, residual fuel oil powered","categoryPath":["Technosphere Flows","48-49: Transportation and Warehousing","4832: Inland Water Transportation"],"flowType":"PRODUCT_FLOW","location":"RNA","refUnit":"t*km"},"unit":{"@type":"Unit","@id":"0dea4ed8-bb6b-4049-b2b4-b2c413ef2180","name":"t*km"},"flowProperty":{"@type":"FlowProperty","@id":"838aaa20-0117-11db-92e3-0800200c9a66","name":"Goods transport (mass*distance)","categoryPath":["Technical flow properties"]}},{"@type":"Exchange","avoidedProduct":false,"input":false,"amount":9.6E-4,"internalId":6,"flow":{"@type":"Flow","@id":"3d558588-1b21-320f-b384-5d25c8a87bf4","name":"Acid compounds","categoryPath":["Elementary Flows","emission","water"],"flowType":"ELEMENTARY_FLOW","refUnit":"kg"},"unit":{"@type":"Unit","@id":"20aadc24-a391-41cf-b340-3e4529f44bde","name":"kg"},"flowProperty":{"@type":"FlowProperty","@id":"93a60a56-a3c8-11da-a746-0800200b9a66","name":"Mass","categoryPath":["Technical flow properties"]}},{"@type":"Exchange","avoidedProduct":false,"input":true,"amount":0.49246,"description":"Represents inbound transport of processed natural gas. Original data expressed thus: 500 tonmiles/1000lb natural gas","internalId":2,"defaultProvider":{"@type":"Process","@id":"57cdac3b-a289-330e-8e55-6b7e2c6885fb","name":"Transport, pipeline, natural gas","categoryPath":["48-49: Transportation and Warehousing","4862: Pipeline Transportation of Natural Gas"],"processType":"UNIT_PROCESS","location":"RNA"},"flow":{"@type":"Flow","@id":"057a281a-908b-3adf-8f51-ed79fe5c5a9b","name":"Transport, pipeline, natural gas","categoryPath":["Technosphere Flows","48-49: Transportation and Warehousing","4862: Pipeline Transportation of Natural Gas"],"flowType":"PRODUCT_FLOW","location":"RNA","refUnit":"t*km"},"unit":{"@type":"Unit","@id":"0dea4ed8-bb6b-4049-b2b4-b2c413ef2180","name":"t*km"},"flowProperty":{"@type":"FlowProperty","@id":"838aaa20-0117-11db-92e3-0800200c9a66","name":"Goods transport (mass*distance)","categoryPath":["Technical flow properties"]}},{"@type":"Exchange","avoidedProduct":false,"input":true,"amount":0.0049246,"description":"Represents inbound transport of processed natural gas. Original data expressed thus: 5 tonmiles/1000lb natural gas","internalId":18,"defaultProvider":{"@type":"Process","@id":"7de9c230-fd0f-3478-be87-f80181132faa","name":"Transport, train, diesel powered","categoryPath":["48-49: Transportation and Warehousing","4821: Rail Transportation"],"processType":"UNIT_PROCESS","location":"RNA"},"flow":{"@type":"Flow","@id":"73c7494d-4e93-3769-896b-8bb82f0dfccc","name":"Transport, train, diesel powered","categoryPath":["Technosphere Flows","48-49: Transportation and Warehousing","4821: Rail Transportation"],"flowType":"PRODUCT_FLOW","location":"RNA","refUnit":"t*km"},"unit":{"@type":"Unit","@id":"0dea4ed8-bb6b-4049-b2b4-b2c413ef2180","name":"t*km"},"flowProperty":{"@type":"FlowProperty","@id":"838aaa20-0117-11db-92e3-0800200c9a66","name":"Goods transport (mass*distance)","categoryPath":["Technical flow properties"]}},{"@type":"Exchange","avoidedProduct":false,"input":false,"amount":0.00397,"internalId":7,"flow":{"@type":"Flow","@id":"187c525c-3715-388c-b303-a0671524a615","name":"Carbon monoxide","categoryPath":["Elementary Flows","emission","air"],"flowType":"ELEMENTARY_FLOW","refUnit":"kg"},"unit":{"@type":"Unit","@id":"20aadc24-a391-41cf-b340-3e4529f44bde","name":"kg"},"flowProperty":{"@type":"FlowProperty","@id":"93a60a56-a3c8-11da-a746-0800200b9a66","name":"Mass","categoryPath":["Technical flow properties"]}},{"@type":"Exchange","avoidedProduct":false,"input":false,"amount":0.18841,"internalId":15,"flow":{"@type":"Flow","@id":"cefdef56-be29-337e-b009-aa49a771a16e","name":"Recovered energy, at acetic acid production","categoryPath":["Technosphere Flows","31-33: Manufacturing","3251: Basic Chemical Manufacturing"],"flowType":"PRODUCT_FLOW","location":"RNA","refUnit":"MJ"},"unit":{"@type":"Unit","@id":"52765a6c-3896-43c2-b2f4-c679acf13efe","name":"MJ"},"flowProperty":{"@type":"FlowProperty","@id":"f6811440-ee37-11de-8a39-0800200c9a66","name":"Energy","categoryPath":["Technical flow properties"]}},{"@type":"Exchange","avoidedProduct":false,"input":false,"amount":4.0E-5,"internalId":10,"flow":{"@type":"Flow","@id":"ad362da4-86b8-3519-b904-d7f3be4328fe","name":"Methanol","categoryPath":["Elementary Flows","emission","air"],"flowType":"ELEMENTARY_FLOW","refUnit":"kg"},"unit":{"@type":"Unit","@id":"20aadc24-a391-41cf-b340-3e4529f44bde","name":"kg"},"flowProperty":{"@type":"FlowProperty","@id":"93a60a56-a3c8-11da-a746-0800200b9a66","name":"Mass","categoryPath":["Technical flow properties"]}},{"@type":"Exchange","avoidedProduct":false,"input":false,"amount":0.00176,"internalId":14,"flow":{"@type":"Flow","@id":"b6f010fb-a764-3063-af2d-bcb8309a97b7","name":"Carbon dioxide","categoryPath":["Elementary Flows","emission","air"],"flowType":"ELEMENTARY_FLOW","refUnit":"kg"},"unit":{"@type":"Unit","@id":"20aadc24-a391-41cf-b340-3e4529f44bde","name":"kg"},"flowProperty":{"@type":"FlowProperty","@id":"93a60a56-a3c8-11da-a746-0800200b9a66","name":"Mass","categoryPath":["Technical flow properties"]}}],"allocationFactors":[{"@type":"AllocationFactor","allocationType":"CAUSAL_ALLOCATION","exchange":{"@type":"Exchange","internalId":5,"flow":{"@type":"Flow","@id":"2f1ba44b-e661-3677-81dd-ff0086adf2fe","name":"Total Organic Carbon","categoryPath":["Elementary Flows","emission","air"],"flowType":"ELEMENTARY_FLOW","refUnit":"kg"}},"product":{"@type":"Flow","@id":"2c696e73-bd01-3f7b-a6c5-a56dee44d66e","name":"Acetic acid, at plant","categoryPath":["Technosphere Flows","31-33: Manufacturing","3251: Basic Chemical Manufacturing"],"flowType":"PRODUCT_FLOW","location":"RNA","refUnit":"kg"},"value":1.0},{"@type":"AllocationFactor","allocationType":"ECONOMIC_ALLOCATION","product":{"@type":"Flow","@id":"cefdef56-be29-337e-b009-aa49a771a16e","name":"Recovered energy, at acetic acid production","categoryPath":["Technosphere Flows","31-33: Manufacturing","3251: Basic Chemical Manufacturing"],"flowType":"PRODUCT_FLOW","location":"RNA","refUnit":"MJ"},"value":0.0},{"@type":"AllocationFactor","allocationType":"CAUSAL_ALLOCATION","exchange":{"@type":"Exchange","internalId":19,"flow":{"@type":"Flow","@id":"838cef47-a3a6-3dce-bcb2-560991c5e95c","name":"Disposal, solid waste, unspecified, to sanitary landfill","categoryPath":["Technosphere Flows","CUTOFF Flows"],"flowType":"PRODUCT_FLOW","refUnit":"kg"}},"product":{"@type":"Flow","@id":"cefdef56-be29-337e-b009-aa49a771a16e","name":"Recovered energy, at acetic acid production","categoryPath":["Technosphere Flows","31-33: Manufacturing","3251: Basic Chemical Manufacturing"],"flowType":"PRODUCT_FLOW","location":"RNA","refUnit":"MJ"},"value":0.0},{"@type":"AllocationFactor","allocationType":"CAUSAL_ALLOCATION","exchange":{"@type":"Exchange","internalId":14,"flow":{"@type":"Flow","@id":"b6f010fb-a764-3063-af2d-bcb8309a97b7","name":"Carbon dioxide","categoryPath":["Elementary Flows","emission","air"],"flowType":"ELEMENTARY_FLOW","refUnit":"kg"}},"product":{"@type":"Flow","@id":"cefdef56-be29-337e-b009-aa49a771a16e","name":"Recovered energy, at acetic acid production","categoryPath":["Technosphere Flows","31-33: Manufacturing","3251: Basic Chemical Manufacturing"],"flowType":"PRODUCT_FLOW","location":"RNA","refUnit":"MJ"},"value":0.0},{"@type":"AllocationFactor","allocationType":"CAUSAL_ALLOCATION","exchange":{"@type":"Exchange","internalId":20,"flow":{"@type":"Flow","@id":"ed1981de-52d1-366c-b629-4abfe56fffd3","name":"Electricity, at cogen, for natural gas turbine","categoryPath":["Technosphere Flows","22: Utilities","2211: Electric Power Generation, Transmission and Distribution"],"flowType":"PRODUCT_FLOW","location":"US","refUnit":"MJ"}},"product":{"@type":"Flow","@id":"cefdef56-be29-337e-b009-aa49a771a16e","name":"Recovered energy, at acetic acid production","categoryPath":["Technosphere Flows","31-33: Manufacturing","3251: Basic Chemical Manufacturing"],"flowType":"PRODUCT_FLOW","location":"RNA","refUnit":"MJ"},"value":0.0},{"@type":"AllocationFactor","allocationType":"CAUSAL_ALLOCATION","exchange":{"@type":"Exchange","internalId":9,"flow":{"@type":"Flow","@id":"a1242640-8306-366c-9c55-6dfd23e77bd7","name":"Transport, barge, diesel powered","categoryPath":["Technosphere Flows","48-49: Transportation and Warehousing","4832: Inland Water Transportation"],"flowType":"PRODUCT_FLOW","location":"RNA","refUnit":"t*km"}},"product":{"@type":"Flow","@id":"cefdef56-be29-337e-b009-aa49a771a16e","name":"Recovered energy, at acetic acid production","categoryPath":["Technosphere Flows","31-33: Manufacturing","3251: Basic Chemical Manufacturing"],"flowType":"PRODUCT_FLOW","location":"RNA","refUnit":"MJ"},"value":0.0},{"@type":"AllocationFactor","allocationType":"CAUSAL_ALLOCATION","exchange":{"@type":"Exchange","internalId":2,"flow":{"@type":"Flow","@id":"057a281a-908b-3adf-8f51-ed79fe5c5a9b","name":"Transport, pipeline, natural gas","categoryPath":["Technosphere Flows","48-49: Transportation and Warehousing","4862: Pipeline Transportation of Natural Gas"],"flowType":"PRODUCT_FLOW","location":"RNA","refUnit":"t*km"}},"product":{"@type":"Flow","@id":"2c696e73-bd01-3f7b-a6c5-a56dee44d66e","name":"Acetic acid, at plant","categoryPath":["Technosphere Flows","31-33: Manufacturing","3251: Basic Chemical Manufacturing"],"flowType":"PRODUCT_FLOW","location":"RNA","refUnit":"kg"},"value":0.0},{"@type":"AllocationFactor","allocationType":"CAUSAL_ALLOCATION","exchange":{"@type":"Exchange","internalId":17,"flow":{"@type":"Flow","@id":"06581fb2-1de0-3e78-8298-f37605dea142","name":"Electricity, at grid","categoryPath":["Technosphere Flows","22: Utilities","2211: Electric Power Generation, Transmission and Distribution"],"flowType":"PRODUCT_FLOW","location":"RNA","refUnit":"MJ"}},"product":{"@type":"Flow","@id":"cefdef56-be29-337e-b009-aa49a771a16e","name":"Recovered energy, at acetic acid production","categoryPath":["Technosphere Flows","31-33: Manufacturing","3251: Basic Chemical Manufacturing"],"flowType":"PRODUCT_FLOW","location":"RNA","refUnit":"MJ"},"value":0.0},{"@type":"AllocationFactor","allocationType":"CAUSAL_ALLOCATION","exchange":{"@type":"Exchange","internalId":14,"flow":{"@type":"Flow","@id":"b6f010fb-a764-3063-af2d-bcb8309a97b7","name":"Carbon dioxide","categoryPath":["Elementary Flows","emission","air"],"flowType":"ELEMENTARY_FLOW","refUnit":"kg"}},"product":{"@type":"Flow","@id":"2c696e73-bd01-3f7b-a6c5-a56dee44d66e","name":"Acetic acid, at plant","categoryPath":["Technosphere Flows","31-33: Manufacturing","3251: Basic Chemical Manufacturing"],"flowType":"PRODUCT_FLOW","location":"RNA","refUnit":"kg"},"value":1.0},{"@type":"AllocationFactor","allocationType":"CAUSAL_ALLOCATION","exchange":{"@type":"Exchange","internalId":20,"flow":{"@type":"Flow","@id":"ed1981de-52d1-366c-b629-4abfe56fffd3","name":"Electricity, at cogen, for natural gas turbine","categoryPath":["Technosphere Flows","22: Utilities","2211: Electric Power Generation, Transmission and Distribution"],"flowType":"PRODUCT_FLOW","location":"US","refUnit":"MJ"}},"product":{"@type":"Flow","@id":"2c696e73-bd01-3f7b-a6c5-a56dee44d66e","name":"Acetic acid, at plant","categoryPath":["Technosphere Flows","31-33: Manufacturing","3251: Basic Chemical Manufacturing"],"flowType":"PRODUCT_FLOW","location":"RNA","refUnit":"kg"},"value":1.0},{"@type":"AllocationFactor","allocationType":"CAUSAL_ALLOCATION","exchange":{"@type":"Exchange","internalId":9,"flow":{"@type":"Flow","@id":"a1242640-8306-366c-9c55-6dfd23e77bd7","name":"Transport, barge, diesel powered","categoryPath":["Technosphere Flows","48-49: Transportation and Warehousing","4832: Inland Water Transportation"],"flowType":"PRODUCT_FLOW","location":"RNA","refUnit":"t*km"}},"product":{"@type":"Flow","@id":"2c696e73-bd01-3f7b-a6c5-a56dee44d66e","name":"Acetic acid, at plant","categoryPath":["Technosphere Flows","31-33: Manufacturing","3251: Basic Chemical Manufacturing"],"flowType":"PRODUCT_FLOW","location":"RNA","refUnit":"kg"},"value":1.0},{"@type":"AllocationFactor","allocationType":"CAUSAL_ALLOCATION","exchange":{"@type":"Exchange","internalId":8,"flow":{"@type":"Flow","@id":"acbe5bc4-6afd-31aa-bf3f-4a3fdc491945","name":"Transport, pipeline, unspecified petroleum products","categoryPath":["Technosphere Flows","48-49: Transportation and Warehousing","4869: Other Pipeline Transportation"],"flowType":"PRODUCT_FLOW","location":"RNA","refUnit":"t*km"}},"product":{"@type":"Flow","@id":"cefdef56-be29-337e-b009-aa49a771a16e","name":"Recovered energy, at acetic acid production","categoryPath":["Technosphere Flows","31-33: Manufacturing","3251: Basic Chemical Manufacturing"],"flowType":"PRODUCT_FLOW","location":"RNA","refUnit":"MJ"},"value":0.0},{"@type":"AllocationFactor","allocationType":"CAUSAL_ALLOCATION","exchange":{"@type":"Exchange","internalId":7,"flow":{"@type":"Flow","@id":"187c525c-3715-388c-b303-a0671524a615","name":"Carbon monoxide","categoryPath":["Elementary Flows","emission","air"],"flowType":"ELEMENTARY_FLOW","refUnit":"kg"}},"product":{"@type":"Flow","@id":"cefdef56-be29-337e-b009-aa49a771a16e","name":"Recovered energy, at acetic acid production","categoryPath":["Technosphere Flows","31-33: Manufacturing","3251: Basic Chemical Manufacturing"],"flowType":"PRODUCT_FLOW","location":"RNA","refUnit":"MJ"},"value":0.0},{"@type":"AllocationFactor","allocationType":"CAUSAL_ALLOCATION","exchange":{"@type":"Exchange","internalId":6,"flow":{"@type":"Flow","@id":"3d558588-1b21-320f-b384-5d25c8a87bf4","name":"Acid compounds","categoryPath":["Elementary Flows","emission","water"],"flowType":"ELEMENTARY_FLOW","refUnit":"kg"}},"product":{"@type":"Flow","@id":"2c696e73-bd01-3f7b-a6c5-a56dee44d66e","name":"Acetic acid, at plant","categoryPath":["Technosphere Flows","31-33: Manufacturing","3251: Basic Chemical Manufacturing"],"flowType":"PRODUCT_FLOW","location":"RNA","refUnit":"kg"},"value":1.0},{"@type":"AllocationFactor","allocationType":"CAUSAL_ALLOCATION","exchange":{"@type":"Exchange","internalId":5,"flow":{"@type":"Flow","@id":"2f1ba44b-e661-3677-81dd-ff0086adf2fe","name":"Total Organic Carbon","categoryPath":["Elementary Flows","emission","air"],"flowType":"ELEMENTARY_FLOW","refUnit":"kg"}},"product":{"@type":"Flow","@id":"cefdef56-be29-337e-b009-aa49a771a16e","name":"Recovered energy, at acetic acid production","categoryPath":["Technosphere Flows","31-33: Manufacturing","3251: Basic Chemical Manufacturing"],"flowType":"PRODUCT_FLOW","location":"RNA","refUnit":"MJ"},"value":0.0},{"@type":"AllocationFactor","allocationType":"CAUSAL_ALLOCATION","exchange":{"@type":"Exchange","internalId":3,"flow":{"@type":"Flow","@id":"2d117fdd-370d-331c-b07c-b0172c4a10ef","name":"Ammonia","categoryPath":["Elementary Flows","emission","water"],"flowType":"ELEMENTARY_FLOW","refUnit":"kg"}},"product":{"@type":"Flow","@id":"2c696e73-bd01-3f7b-a6c5-a56dee44d66e","name":"Acetic acid, at plant","categoryPath":["Technosphere Flows","31-33: Manufacturing","3251: Basic Chemical Manufacturing"],"flowType":"PRODUCT_FLOW","location":"RNA","refUnit":"kg"},"value":1.0},{"@type":"AllocationFactor","allocationType":"CAUSAL_ALLOCATION","exchange":{"@type":"Exchange","internalId":8,"flow":{"@type":"Flow","@id":"acbe5bc4-6afd-31aa-bf3f-4a3fdc491945","name":"Transport, pipeline, unspecified petroleum products","categoryPath":["Technosphere Flows","48-49: Transportation and Warehousing","4869: Other Pipeline Transportation"],"flowType":"PRODUCT_FLOW","location":"RNA","refUnit":"t*km"}},"product":{"@type":"Flow","@id":"2c696e73-bd01-3f7b-a6c5-a56dee44d66e","name":"Acetic acid, at plant","categoryPath":["Technosphere Flows","31-33: Manufacturing","3251: Basic Chemical Manufacturing"],"flowType":"PRODUCT_FLOW","location":"RNA","refUnit":"kg"},"value":1.0},{"@type":"AllocationFactor","allocationType":"CAUSAL_ALLOCATION","exchange":{"@type":"Exchange","internalId":18,"flow":{"@type":"Flow","@id":"73c7494d-4e93-3769-896b-8bb82f0dfccc","name":"Transport, train, diesel powered","categoryPath":["Technosphere Flows","48-49: Transportation and Warehousing","4821: Rail Transportation"],"flowType":"PRODUCT_FLOW","location":"RNA","refUnit":"t*km"}},"product":{"@type":"Flow","@id":"cefdef56-be29-337e-b009-aa49a771a16e","name":"Recovered energy, at acetic acid production","categoryPath":["Technosphere Flows","31-33: Manufacturing","3251: Basic Chemical Manufacturing"],"flowType":"PRODUCT_FLOW","location":"RNA","refUnit":"MJ"},"value":0.0},{"@type":"AllocationFactor","allocationType":"CAUSAL_ALLOCATION","exchange":{"@type":"Exchange","internalId":2,"flow":{"@type":"Flow","@id":"057a281a-908b-3adf-8f51-ed79fe5c5a9b","name":"Transport, pipeline, natural gas","categoryPath":["Technosphere Flows","48-49: Transportation and Warehousing","4862: Pipeline Transportation of Natural Gas"],"flowType":"PRODUCT_FLOW","location":"RNA","refUnit":"t*km"}},"product":{"@type":"Flow","@id":"cefdef56-be29-337e-b009-aa49a771a16e","name":"Recovered energy, at acetic acid production","categoryPath":["Technosphere Flows","31-33: Manufacturing","3251: Basic Chemical Manufacturing"],"flowType":"PRODUCT_FLOW","location":"RNA","refUnit":"MJ"},"value":0.0},{"@type":"AllocationFactor","allocationType":"CAUSAL_ALLOCATION","exchange":{"@type":"Exchange","internalId":21,"flow":{"@type":"Flow","@id":"bb1dc159-fe13-3f8e-8197-361e8c770ba3","name":"Natural gas, combusted in industrial boiler","categoryPath":["Technosphere Flows","22: Utilities","2213: Water, Sewage and Other Systems"],"flowType":"PRODUCT_FLOW","location":"RNA","refUnit":"m3"}},"product":{"@type":"Flow","@id":"2c696e73-bd01-3f7b-a6c5-a56dee44d66e","name":"Acetic acid, at plant","categoryPath":["Technosphere Flows","31-33: Manufacturing","3251: Basic Chemical Manufacturing"],"flowType":"PRODUCT_FLOW","location":"RNA","refUnit":"kg"},"value":1.0},{"@type":"AllocationFactor","allocationType":"CAUSAL_ALLOCATION","exchange":{"@type":"Exchange","internalId":21,"flow":{"@type":"Flow","@id":"bb1dc159-fe13-3f8e-8197-361e8c770ba3","name":"Natural gas, combusted in industrial boiler","categoryPath":["Technosphere Flows","22: Utilities","2213: Water, Sewage and Other Systems"],"flowType":"PRODUCT_FLOW","location":"RNA","refUnit":"m3"}},"product":{"@type":"Flow","@id":"cefdef56-be29-337e-b009-aa49a771a16e","name":"Recovered energy, at acetic acid production","categoryPath":["Technosphere Flows","31-33: Manufacturing","3251: Basic Chemical Manufacturing"],"flowType":"PRODUCT_FLOW","location":"RNA","refUnit":"MJ"},"value":0.0},{"@type":"AllocationFactor","allocationType":"CAUSAL_ALLOCATION","exchange":{"@type":"Exchange","internalId":12,"flow":{"@type":"Flow","@id":"c837f7c6-1f8d-4f62-ade8-4f2a73b41b1a","name":"Natural gas, production mixture, to material use","categoryPath":["Technosphere Flows","21: Mining, Quarrying, and Oil and Gas Extraction","2111: Oil and Gas Extraction"],"flowType":"PRODUCT_FLOW","refUnit":"kg"}},"product":{"@type":"Flow","@id":"2c696e73-bd01-3f7b-a6c5-a56dee44d66e","name":"Acetic acid, at plant","categoryPath":["Technosphere Flows","31-33: Manufacturing","3251: Basic Chemical Manufacturing"],"flowType":"PRODUCT_FLOW","location":"RNA","refUnit":"kg"},"value":1.0},{"@type":"AllocationFactor","allocationType":"PHYSICAL_ALLOCATION","product":{"@type":"Flow","@id":"cefdef56-be29-337e-b009-aa49a771a16e","name":"Recovered energy, at acetic acid production","categoryPath":["Technosphere Flows","31-33: Manufacturing","3251: Basic Chemical Manufacturing"],"flowType":"PRODUCT_FLOW","location":"RNA","refUnit":"MJ"},"value":0.0},{"@type":"AllocationFactor","allocationType":"CAUSAL_ALLOCATION","exchange":{"@type":"Exchange","internalId":10,"flow":{"@type":"Flow","@id":"ad362da4-86b8-3519-b904-d7f3be4328fe","name":"Methanol","categoryPath":["Elementary Flows","emission","air"],"flowType":"ELEMENTARY_FLOW","refUnit":"kg"}},"product":{"@type":"Flow","@id":"cefdef56-be29-337e-b009-aa49a771a16e","name":"Recovered energy, at acetic acid production","categoryPath":["Technosphere Flows","31-33: Manufacturing","3251: Basic Chemical Manufacturing"],"flowType":"PRODUCT_FLOW","location":"RNA","refUnit":"MJ"},"value":0.0},{"@type":"AllocationFactor","allocationType":"PHYSICAL_ALLOCATION","product":{"@type":"Flow","@id":"2c696e73-bd01-3f7b-a6c5-a56dee44d66e","name":"Acetic acid, at plant","categoryPath":["Technosphere Flows","31-33: Manufacturing","3251: Basic Chemical Manufacturing"],"flowType":"PRODUCT_FLOW","location":"RNA","refUnit":"kg"},"value":1.0},{"@type":"AllocationFactor","allocationType":"CAUSAL_ALLOCATION","exchange":{"@type":"Exchange","internalId":2,"flow":{"@type":"Flow","@id":"057a281a-908b-3adf-8f51-ed79fe5c5a9b","name":"Transport, pipeline, natural gas","categoryPath":["Technosphere Flows","48-49: Transportation and Warehousing","4862: Pipeline Transportation of Natural Gas"],"flowType":"PRODUCT_FLOW","location":"RNA","refUnit":"t*km"}},"product":{"@type":"Flow","@id":"cefdef56-be29-337e-b009-aa49a771a16e","name":"Recovered energy, at acetic acid production","categoryPath":["Technosphere Flows","31-33: Manufacturing","3251: Basic Chemical Manufacturing"],"flowType":"PRODUCT_FLOW","location":"RNA","refUnit":"MJ"},"value":0.0},{"@type":"AllocationFactor","allocationType":"CAUSAL_ALLOCATION","exchange":{"@type":"Exchange","internalId":13,"flow":{"@type":"Flow","@id":"c2cc68fe-1754-3468-a973-51c2f5c82fcd","name":"Transport, barge, residual fuel oil powered","categoryPath":["Technosphere Flows","48-49: Transportation and Warehousing","4832: Inland Water Transportation"],"flowType":"PRODUCT_FLOW","location":"RNA","refUnit":"t*km"}},"product":{"@type":"Flow","@id":"cefdef56-be29-337e-b009-aa49a771a16e","name":"Recovered energy, at acetic acid production","categoryPath":["Technosphere Flows","31-33: Manufacturing","3251: Basic Chemical Manufacturing"],"flowType":"PRODUCT_FLOW","location":"RNA","refUnit":"MJ"},"value":0.0},{"@type":"AllocationFactor","allocationType":"CAUSAL_ALLOCATION","exchange":{"@type":"Exchange","internalId":16,"flow":{"@type":"Flow","@id":"65b5d5dd-95b5-36b2-8cb0-7c5501ff1e32","name":"Ammonia","categoryPath":["Elementary Flows","emission","air"],"flowType":"ELEMENTARY_FLOW","refUnit":"kg"}},"product":{"@type":"Flow","@id":"2c696e73-bd01-3f7b-a6c5-a56dee44d66e","name":"Acetic acid, at plant","categoryPath":["Technosphere Flows","31-33: Manufacturing","3251: Basic Chemical Manufacturing"],"flowType":"PRODUCT_FLOW","location":"RNA","refUnit":"kg"},"value":1.0},{"@type":"AllocationFactor","allocationType":"CAUSAL_ALLOCATION","exchange":{"@type":"Exchange","internalId":18,"flow":{"@type":"Flow","@id":"73c7494d-4e93-3769-896b-8bb82f0dfccc","name":"Transport, train, diesel powered","categoryPath":["Technosphere Flows","48-49: Transportation and Warehousing","4821: Rail Transportation"],"flowType":"PRODUCT_FLOW","location":"RNA","refUnit":"t*km"}},"product":{"@type":"Flow","@id":"2c696e73-bd01-3f7b-a6c5-a56dee44d66e","name":"Acetic acid, at plant","categoryPath":["Technosphere Flows","31-33: Manufacturing","3251: Basic Chemical Manufacturing"],"flowType":"PRODUCT_FLOW","location":"RNA","refUnit":"kg"},"value":1.0},{"@type":"AllocationFactor","allocationType":"CAUSAL_ALLOCATION","exchange":{"@type":"Exchange","internalId":10,"flow":{"@type":"Flow","@id":"ad362da4-86b8-3519-b904-d7f3be4328fe","name":"Methanol","categoryPath":["Elementary Flows","emission","air"],"flowType":"ELEMENTARY_FLOW","refUnit":"kg"}},"product":{"@type":"Flow","@id":"2c696e73-bd01-3f7b-a6c5-a56dee44d66e","name":"Acetic acid, at plant","categoryPath":["Technosphere Flows","31-33: Manufacturing","3251: Basic Chemical Manufacturing"],"flowType":"PRODUCT_FLOW","location":"RNA","refUnit":"kg"},"value":1.0},{"@type":"AllocationFactor","allocationType":"ECONOMIC_ALLOCATION","product":{"@type":"Flow","@id":"2c696e73-bd01-3f7b-a6c5-a56dee44d66e","name":"Acetic acid, at plant","categoryPath":["Technosphere Flows","31-33: Manufacturing","3251: Basic Chemical Manufacturing"],"flowType":"PRODUCT_FLOW","location":"RNA","refUnit":"kg"},"value":1.0},{"@type":"AllocationFactor","allocationType":"CAUSAL_ALLOCATION","exchange":{"@type":"Exchange","internalId":7,"flow":{"@type":"Flow","@id":"187c525c-3715-388c-b303-a0671524a615","name":"Carbon monoxide","categoryPath":["Elementary Flows","emission","air"],"flowType":"ELEMENTARY_FLOW","refUnit":"kg"}},"product":{"@type":"Flow","@id":"2c696e73-bd01-3f7b-a6c5-a56dee44d66e","name":"Acetic acid, at plant","categoryPath":["Technosphere Flows","31-33: Manufacturing","3251: Basic Chemical Manufacturing"],"flowType":"PRODUCT_FLOW","location":"RNA","refUnit":"kg"},"value":1.0},{"@type":"AllocationFactor","allocationType":"CAUSAL_ALLOCATION","exchange":{"@type":"Exchange","internalId":1,"flow":{"@type":"Flow","@id":"ae69b712-d8d2-41ef-a2c1-fb477807f742","name":"Methanol, at plant, kg","categoryPath":["Technosphere Flows","31-33: Manufacturing","3251: Basic Chemical Manufacturing"],"flowType":"PRODUCT_FLOW","refUnit":"kg"}},"product":{"@type":"Flow","@id":"cefdef56-be29-337e-b009-aa49a771a16e","name":"Recovered energy, at acetic acid production","categoryPath":["Technosphere Flows","31-33: Manufacturing","3251: Basic Chemical Manufacturing"],"flowType":"PRODUCT_FLOW","location":"RNA","refUnit":"MJ"},"value":0.0},{"@type":"AllocationFactor","allocationType":"CAUSAL_ALLOCATION","exchange":{"@type":"Exchange","internalId":17,"flow":{"@type":"Flow","@id":"06581fb2-1de0-3e78-8298-f37605dea142","name":"Electricity, at grid","categoryPath":["Technosphere Flows","22: Utilities","2211: Electric Power Generation, Transmission and Distribution"],"flowType":"PRODUCT_FLOW","location":"RNA","refUnit":"MJ"}},"product":{"@type":"Flow","@id":"2c696e73-bd01-3f7b-a6c5-a56dee44d66e","name":"Acetic acid, at plant","categoryPath":["Technosphere Flows","31-33: Manufacturing","3251: Basic Chemical Manufacturing"],"flowType":"PRODUCT_FLOW","location":"RNA","refUnit":"kg"},"value":1.0},{"@type":"AllocationFactor","allocationType":"CAUSAL_ALLOCATION","exchange":{"@type":"Exchange","internalId":1,"flow":{"@type":"Flow","@id":"ae69b712-d8d2-41ef-a2c1-fb477807f742","name":"Methanol, at plant, kg","categoryPath":["Technosphere Flows","31-33: Manufacturing","3251: Basic Chemical Manufacturing"],"flowType":"PRODUCT_FLOW","refUnit":"kg"}},"product":{"@type":"Flow","@id":"2c696e73-bd01-3f7b-a6c5-a56dee44d66e","name":"Acetic acid, at plant","categoryPath":["Technosphere Flows","31-33: Manufacturing","3251: Basic Chemical Manufacturing"],"flowType":"PRODUCT_FLOW","location":"RNA","refUnit":"kg"},"value":1.0},{"@type":"AllocationFactor","allocationType":"CAUSAL_ALLOCATION","exchange":{"@type":"Exchange","internalId":6,"flow":{"@type":"Flow","@id":"3d558588-1b21-320f-b384-5d25c8a87bf4","name":"Acid compounds","categoryPath":["Elementary Flows","emission","water"],"flowType":"ELEMENTARY_FLOW","refUnit":"kg"}},"product":{"@type":"Flow","@id":"cefdef56-be29-337e-b009-aa49a771a16e","name":"Recovered energy, at acetic acid production","categoryPath":["Technosphere Flows","31-33: Manufacturing","3251: Basic Chemical Manufacturing"],"flowType":"PRODUCT_FLOW","location":"RNA","refUnit":"MJ"},"value":0.0},{"@type":"AllocationFactor","allocationType":"CAUSAL_ALLOCATION","exchange":{"@type":"Exchange","internalId":19,"flow":{"@type":"Flow","@id":"838cef47-a3a6-3dce-bcb2-560991c5e95c","name":"Disposal, solid waste, unspecified, to sanitary landfill","categoryPath":["Technosphere Flows","CUTOFF Flows"],"flowType":"PRODUCT_FLOW","refUnit":"kg"}},"product":{"@type":"Flow","@id":"2c696e73-bd01-3f7b-a6c5-a56dee44d66e","name":"Acetic acid, at plant","categoryPath":["Technosphere Flows","31-33: Manufacturing","3251: Basic Chemical Manufacturing"],"flowType":"PRODUCT_FLOW","location":"RNA","refUnit":"kg"},"value":1.0},{"@type":"AllocationFactor","allocationType":"CAUSAL_ALLOCATION","exchange":{"@type":"Exchange","internalId":12,"flow":{"@type":"Flow","@id":"c837f7c6-1f8d-4f62-ade8-4f2a73b41b1a","name":"Natural gas, production mixture, to material use","categoryPath":["Technosphere Flows","21: Mining, Quarrying, and Oil and Gas Extraction","2111: Oil and Gas Extraction"],"flowType":"PRODUCT_FLOW","refUnit":"kg"}},"product":{"@type":"Flow","@id":"cefdef56-be29-337e-b009-aa49a771a16e","name":"Recovered energy, at acetic acid production","categoryPath":["Technosphere Flows","31-33: Manufacturing","3251: Basic Chemical Manufacturing"],"flowType":"PRODUCT_FLOW","location":"RNA","refUnit":"MJ"},"value":0.0},{"@type":"AllocationFactor","allocationType":"CAUSAL_ALLOCATION","exchange":{"@type":"Exchange","internalId":11,"flow":{"@type":"Flow","@id":"628c07ec-0802-39c1-ab88-1c62848ef436","name":"Transport, combination truck, diesel powered","categoryPath":["Technosphere Flows","48-49: Transportation and Warehousing","4841: General Freight Trucking"],"flowType":"PRODUCT_FLOW","location":"RNA","refUnit":"t*km"}},"product":{"@type":"Flow","@id":"2c696e73-bd01-3f7b-a6c5-a56dee44d66e","name":"Acetic acid, at plant","categoryPath":["Technosphere Flows","31-33: Manufacturing","3251: Basic Chemical Manufacturing"],"flowType":"PRODUCT_FLOW","location":"RNA","refUnit":"kg"},"value":1.0},{"@type":"AllocationFactor","allocationType":"CAUSAL_ALLOCATION","exchange":{"@type":"Exchange","internalId":11,"flow":{"@type":"Flow","@id":"628c07ec-0802-39c1-ab88-1c62848ef436","name":"Transport, combination truck, diesel powered","categoryPath":["Technosphere Flows","48-49: Transportation and Warehousing","4841: General Freight Trucking"],"flowType":"PRODUCT_FLOW","location":"RNA","refUnit":"t*km"}},"product":{"@type":"Flow","@id":"cefdef56-be29-337e-b009-aa49a771a16e","name":"Recovered energy, at acetic acid production","categoryPath":["Technosphere Flows","31-33: Manufacturing","3251: Basic Chemical Manufacturing"],"flowType":"PRODUCT_FLOW","location":"RNA","refUnit":"MJ"},"value":0.0},{"@type":"AllocationFactor","allocationType":"CAUSAL_ALLOCATION","exchange":{"@type":"Exchange","internalId":3,"flow":{"@type":"Flow","@id":"2d117fdd-370d-331c-b07c-b0172c4a10ef","name":"Ammonia","categoryPath":["Elementary Flows","emission","water"],"flowType":"ELEMENTARY_FLOW","refUnit":"kg"}},"product":{"@type":"Flow","@id":"cefdef56-be29-337e-b009-aa49a771a16e","name":"Recovered energy, at acetic acid production","categoryPath":["Technosphere Flows","31-33: Manufacturing","3251: Basic Chemical Manufacturing"],"flowType":"PRODUCT_FLOW","location":"RNA","refUnit":"MJ"},"value":0.0},{"@type":"AllocationFactor","allocationType":"CAUSAL_ALLOCATION","exchange":{"@type":"Exchange","internalId":2,"flow":{"@type":"Flow","@id":"057a281a-908b-3adf-8f51-ed79fe5c5a9b","name":"Transport, pipeline, natural gas","categoryPath":["Technosphere Flows","48-49: Transportation and Warehousing","4862: Pipeline Transportation of Natural Gas"],"flowType":"PRODUCT_FLOW","location":"RNA","refUnit":"t*km"}},"product":{"@type":"Flow","@id":"2c696e73-bd01-3f7b-a6c5-a56dee44d66e","name":"Acetic acid, at plant","categoryPath":["Technosphere Flows","31-33: Manufacturing","3251: Basic Chemical Manufacturing"],"flowType":"PRODUCT_FLOW","location":"RNA","refUnit":"kg"},"value":1.0},{"@type":"AllocationFactor","allocationType":"CAUSAL_ALLOCATION","exchange":{"@type":"Exchange","internalId":13,"flow":{"@type":"Flow","@id":"c2cc68fe-1754-3468-a973-51c2f5c82fcd","name":"Transport, barge, residual fuel oil powered","categoryPath":["Technosphere Flows","48-49: Transportation and Warehousing","4832: Inland Water Transportation"],"flowType":"PRODUCT_FLOW","location":"RNA","refUnit":"t*km"}},"product":{"@type":"Flow","@id":"2c696e73-bd01-3f7b-a6c5-a56dee44d66e","name":"Acetic acid, at plant","categoryPath":["Technosphere Flows","31-33: Manufacturing","3251: Basic Chemical Manufacturing"],"flowType":"PRODUCT_FLOW","location":"RNA","refUnit":"kg"},"value":1.0},{"@type":"AllocationFactor","allocationType":"CAUSAL_ALLOCATION","exchange":{"@type":"Exchange","internalId":16,"flow":{"@type":"Flow","@id":"65b5d5dd-95b5-36b2-8cb0-7c5501ff1e32","name":"Ammonia","categoryPath":["Elementary Flows","emission","air"],"flowType":"ELEMENTARY_FLOW","refUnit":"kg"}},"product":{"@type":"Flow","@id":"cefdef56-be29-337e-b009-aa49a771a16e","name":"Recovered energy, at acetic acid production","categoryPath":["Technosphere Flows","31-33: Manufacturing","3251: Basic Chemical Manufacturing"],"flowType":"PRODUCT_FLOW","location":"RNA","refUnit":"MJ"},"value":0.0}]}