{"@context":"http://greendelta.github.io/olca-schema/context.jsonld","@type":"Process","@id":"f002e825-5cb6-3949-be51-863c7fe5d5da","name":"Wheat straw, at conversion plant, 2022","description":"This process transports wheat straw to the conversion plant. It does so using transportation modal allocation from the USDA Ethanol Backgrounder (2007), assuming the current corn grain allocations described in the report are applicable to wheat straw and to year 2022. Distances for each mode are from a combination of references; still missing a good distance estimate for barge, but since the share of barge transportation is ~2%, the final result will not be sensititive to this parameter. Infrastructure impacts are included in this process by calling the Ecoinvent \"transport\" processes. \nALSO NEED TO CREATE PARAMETERS SPECIFIC TO wheat straw INSTEAD OF USING STOVER ONES (if there is reason to believe transport distances might be different amongst feedstocks). \nThe production of wheat straw feedstock utilized in this transport process assigns inputs to wheat straw based on activities and inputs that are required for the growth and harvest and preprocessing of wheat straw and none that of the activities or inputs that would normally be used to produce, harvest and preprocess wheat kernals (so-called \"incremental allocation\").","version":"00.00.003","lastChange":"2021-01-23T23:03:57.431-07:00","category":{"@type":"Category","@id":"06d36dce-ff74-35b2-9148-ee963d3c754b","name":"4842: Specialized Freight Trucking","categoryPath":["48-49: Transportation and Warehousing"],"categoryType":"Process"},"processType":"UNIT_PROCESS","defaultAllocationMethod":"NO_ALLOCATION","infrastructureProcess":false,"location":{"@type":"Location","@id":"b320e7db-c758-3ba6-8839-81eb83c9d7d7","name":"Northern America"},"processDocumentation":{"@type":"ProcessDocumentation","timeDescription":"2010","technologyDescription":"future","restrictionsDescription":"All information can be accessed by everybody.","copyright":false,"validFrom":"2009-12-31-07:00","validUntil":"2099-12-31-07:00","creationDate":"2015-08-06T07:37:43.878-06:00","geographyDescription":"North America","dataDocumentor":{"@type":"Actor","@id":"4abc5016-b922-34c0-a2c1-136c5cfa7083","name":"Garvin Heath"},"dataGenerator":{"@type":"Actor","@id":"4abc5016-b922-34c0-a2c1-136c5cfa7083","name":"Garvin Heath"},"publication":{"@type":"Source","@id":"a1d1d73e-7d93-3a6b-a3bc-3b2f4f025b86","name":"Hsu, D. "},"sources":[{"@type":"Source","@id":"a1d1d73e-7d93-3a6b-a3bc-3b2f4f025b86","name":"Hsu, D. "}]},"lastInternalId":0,"exchanges":[{"@type":"Exchange","avoidedProduct":false,"input":false,"amount":1000.0,"amountFormula":"1.0*1000","internalId":1,"flow":{"@type":"Flow","@id":"a5bc9414-9680-3334-a74a-7e833f576ed9","name":"Wheat straw, at conversion plant","categoryPath":["Technosphere Flows","48-49: Transportation and Warehousing","4842: Specialized Freight Trucking"],"flowType":"PRODUCT_FLOW","location":"RNA","refUnit":"kg"},"unit":{"@type":"Unit","@id":"20aadc24-a391-41cf-b340-3e4529f44bde","name":"kg"},"flowProperty":{"@type":"FlowProperty","@id":"93a60a56-a3c8-11da-a746-0800200b9a66","name":"Mass","categoryPath":["Technical flow properties"]},"quantitativeReference":true},{"@type":"Exchange","avoidedProduct":false,"input":true,"amount":500.0,"amountFormula":"0.5*1000","internalId":4,"defaultProvider":{"@type":"Process","@id":"3cfa52ac-c3d6-3ce2-b8f4-211bf63d7088","name":"Spring wheat straw, ground and stored, 2022","categoryPath":["11: Agriculture, Forestry, Fishing and Hunting","1151: Support Activities for Crop Production"],"processType":"UNIT_PROCESS","location":"RNA"},"flow":{"@type":"Flow","@id":"c2974ad6-41e4-3222-990a-2fe51d5ba682","name":"Spring wheat straw, ground and stored","categoryPath":["Technosphere Flows","11: Agriculture, Forestry, Fishing and Hunting","1151: Support Activities for Crop Production"],"flowType":"PRODUCT_FLOW","location":"RNA","refUnit":"kg"},"unit":{"@type":"Unit","@id":"20aadc24-a391-41cf-b340-3e4529f44bde","name":"kg"},"flowProperty":{"@type":"FlowProperty","@id":"93a60a56-a3c8-11da-a746-0800200b9a66","name":"Mass","categoryPath":["Technical flow properties"]}},{"@type":"Exchange","avoidedProduct":false,"input":true,"amount":11.3,"description":"assuming barge is for dry goods, barge tanker for liquid. This process relates to \"average\" (current) barges, even though emissions will presumably be considerably lower in 2022.  Assumes backhauling of gasoline (i.e., no attributable empty return trip). J Jacboson (personal comm. 12/1/08) advised modeling wheat straw following switchgrass. No reference for SG barge distance or share, so have to use stover.","internalId":3,"defaultProvider":{"@type":"Process","@id":"c2300fc3-5496-3d12-9135-67dc0ef740c9","name":"Transport, barge, diesel powered","categoryPath":["48-49: Transportation and Warehousing","4832: Inland Water Transportation"],"processType":"UNIT_PROCESS","location":"RNA"},"flow":{"@type":"Flow","@id":"a1242640-8306-366c-9c55-6dfd23e77bd7","name":"Transport, barge, diesel powered","categoryPath":["Technosphere Flows","48-49: Transportation and Warehousing","4832: Inland Water Transportation"],"flowType":"PRODUCT_FLOW","location":"RNA","refUnit":"t*km"},"unit":{"@type":"Unit","@id":"0dea4ed8-bb6b-4049-b2b4-b2c413ef2180","name":"t*km"},"flowProperty":{"@type":"FlowProperty","@id":"838aaa20-0117-11db-92e3-0800200c9a66","name":"Goods transport (mass*distance)","categoryPath":["Technical flow properties"]}},{"@type":"Exchange","avoidedProduct":false,"input":true,"amount":200.0,"description":"This process uses European train data extrapolated to US by ecoinvent. This process relates to \"average\" (current) trains, even though emissions will presumably be considerably lower in 2022.  Assumes backhauling of gasoline (i.e., no attributable empty return trip). J Jacboson (personal comm. 12/1/08) advised modeling wheat straw following switchgrass. No reference for SG rail distance, so have to use stover.","internalId":5,"defaultProvider":{"@type":"Process","@id":"7de9c230-fd0f-3478-be87-f80181132faa","name":"Transport, train, diesel powered","categoryPath":["48-49: Transportation and Warehousing","4821: Rail Transportation"],"processType":"UNIT_PROCESS","location":"RNA"},"flow":{"@type":"Flow","@id":"73c7494d-4e93-3769-896b-8bb82f0dfccc","name":"Transport, train, diesel powered","categoryPath":["Technosphere Flows","48-49: Transportation and Warehousing","4821: Rail Transportation"],"flowType":"PRODUCT_FLOW","location":"RNA","refUnit":"t*km"},"unit":{"@type":"Unit","@id":"0dea4ed8-bb6b-4049-b2b4-b2c413ef2180","name":"t*km"},"flowProperty":{"@type":"FlowProperty","@id":"838aaa20-0117-11db-92e3-0800200c9a66","name":"Goods transport (mass*distance)","categoryPath":["Technical flow properties"]}},{"@type":"Exchange","avoidedProduct":false,"input":true,"amount":500.0,"amountFormula":"0.5*1000","internalId":6,"defaultProvider":{"@type":"Process","@id":"4e38a874-76e2-3c20-bc6a-eea62883ebaa","name":"Winter wheat straw, ground and stored","categoryPath":["11: Agriculture, Forestry, Fishing and Hunting","1151: Support Activities for Crop Production"],"processType":"UNIT_PROCESS","location":"RNA"},"flow":{"@type":"Flow","@id":"c5d010a0-82a0-3e65-81bb-4e46e73dd5e3","name":"Winter wheat straw, ground and stored","categoryPath":["Technosphere Flows","11: Agriculture, Forestry, Fishing and Hunting","1151: Support Activities for Crop Production"],"flowType":"PRODUCT_FLOW","location":"RNA","refUnit":"kg"},"unit":{"@type":"Unit","@id":"20aadc24-a391-41cf-b340-3e4529f44bde","name":"kg"},"flowProperty":{"@type":"FlowProperty","@id":"93a60a56-a3c8-11da-a746-0800200b9a66","name":"Mass","categoryPath":["Technical flow properties"]}},{"@type":"Exchange","avoidedProduct":false,"input":true,"amount":32.2,"description":"This is the most stringest European emission standard for lorries, though presumably considerably higher than standards in place in 2022. Assumes backhauling of gasoline (i.e., no attributable empty return trip). J Jacboson (personal comm. 12/1/08) advised modeling wheat straw following switchgrass.","internalId":2,"defaultProvider":{"@type":"Process","@id":"34156f3c-28ef-33db-9ad0-6293a2aa0d52","name":"Transport, combination truck, diesel powered","categoryPath":["48-49: Transportation and Warehousing","4841: General Freight Trucking"],"processType":"UNIT_PROCESS","location":"RNA"},"flow":{"@type":"Flow","@id":"628c07ec-0802-39c1-ab88-1c62848ef436","name":"Transport, combination truck, diesel powered","categoryPath":["Technosphere Flows","48-49: Transportation and Warehousing","4841: General Freight Trucking"],"flowType":"PRODUCT_FLOW","location":"RNA","refUnit":"t*km"},"unit":{"@type":"Unit","@id":"0dea4ed8-bb6b-4049-b2b4-b2c413ef2180","name":"t*km"},"flowProperty":{"@type":"FlowProperty","@id":"838aaa20-0117-11db-92e3-0800200c9a66","name":"Goods transport (mass*distance)","categoryPath":["Technical flow properties"]}}]}