{"@context":"http://greendelta.github.io/olca-schema/context.jsonld","@type":"Process","@id":"f04300c5-ea44-3525-b6ab-c4b8b27b127e","name":"Switchgrass, harvested, wet","description":"mass of switchgrass at 34% moisture with 20% harvest loss.","version":"00.00.003","lastChange":"2021-01-22T11:59:53.817-07:00","category":{"@type":"Category","@id":"1a059a45-a303-383c-acf9-9b6e1192eecc","name":"1151: Support Activities for Crop Production","categoryPath":["11: Agriculture, Forestry, Fishing and Hunting"],"categoryType":"Process"},"processType":"UNIT_PROCESS","defaultAllocationMethod":"NO_ALLOCATION","infrastructureProcess":false,"location":{"@type":"Location","@id":"b320e7db-c758-3ba6-8839-81eb83c9d7d7","name":"Northern America"},"processDocumentation":{"@type":"ProcessDocumentation","timeDescription":"2010","technologyDescription":"current","restrictionsDescription":"All information can be accessed by everybody.","copyright":false,"validFrom":"2009-12-31-07:00","validUntil":"2009-12-31-07:00","creationDate":"2015-08-06T07:39:55.014-06:00","geographyDescription":"North America","dataDocumentor":{"@type":"Actor","@id":"04ed125f-ffa7-33b1-af24-77f5bdb21a05","name":"Daniel Inman"},"dataGenerator":{"@type":"Actor","@id":"04ed125f-ffa7-33b1-af24-77f5bdb21a05","name":"Daniel Inman"},"publication":{"@type":"Source","@id":"a1d1d73e-7d93-3a6b-a3bc-3b2f4f025b86","name":"Hsu, D. "},"sources":[{"@type":"Source","@id":"a1d1d73e-7d93-3a6b-a3bc-3b2f4f025b86","name":"Hsu, D. "},{"@type":"Source","@id":"5e8e63da-4488-3b1d-98fb-446078a7cfac","name":"Hess, J. "}]},"lastInternalId":0,"exchanges":[{"@type":"Exchange","avoidedProduct":false,"input":false,"amount":1.07,"internalId":1,"flow":{"@type":"Flow","@id":"1da072f7-6853-3388-b30c-0b09e55dd721","name":"Switchgrass, harvested, wet","categoryPath":["Technosphere Flows","11: Agriculture, Forestry, Fishing and Hunting","1151: Support Activities for Crop Production"],"flowType":"PRODUCT_FLOW","location":"RNA","refUnit":"kg"},"unit":{"@type":"Unit","@id":"20aadc24-a391-41cf-b340-3e4529f44bde","name":"kg"},"flowProperty":{"@type":"FlowProperty","@id":"93a60a56-a3c8-11da-a746-0800200b9a66","name":"Mass","categoryPath":["Technical flow properties"]},"quantitativeReference":true},{"@type":"Exchange","avoidedProduct":false,"input":true,"amount":0.933,"amountFormula":"9.33E-5*10000","description":"occupation based on 10 years of production. Mowed directly to a cart. No windrower needed.","internalId":2,"flow":{"@type":"Flow","@id":"7a7a05c9-7521-349b-a275-ab8d1a68fb91","name":"Mowing, by rotary mower","categoryPath":["Technosphere Flows","CUTOFF Flows"],"flowType":"PRODUCT_FLOW","refUnit":"m2"},"unit":{"@type":"Unit","@id":"3ce61faa-5716-41c1-aef6-b5920054acc9","name":"m2"},"flowProperty":{"@type":"FlowProperty","@id":"93a60a56-a3c8-19da-a746-0800200c9a66","name":"Area","categoryPath":["Technical flow properties"]}},{"@type":"Exchange","avoidedProduct":false,"input":true,"amount":0.933,"amountFormula":"9.33E-5*10000","internalId":5,"flow":{"@type":"Flow","@id":"60cb562b-0086-3c2f-bd09-097d361f8b29","name":"Baling","categoryPath":["Technosphere Flows","CUTOFF Flows"],"flowType":"PRODUCT_FLOW","refUnit":"m2"},"unit":{"@type":"Unit","@id":"3ce61faa-5716-41c1-aef6-b5920054acc9","name":"m2"},"flowProperty":{"@type":"FlowProperty","@id":"93a60a56-a3c8-19da-a746-0800200c9a66","name":"Area","categoryPath":["Technical flow properties"]}},{"@type":"Exchange","avoidedProduct":false,"input":false,"amount":0.295,"description":"carbon dioxide going to the air from biomass that is not harvested. This carbon dioxide was previously taken up by the biomass.","internalId":4,"flow":{"@type":"Flow","@id":"b6f010fb-a764-3063-af2d-bcb8309a97b7","name":"Carbon dioxide","categoryPath":["Elementary Flows","emission","air"],"flowType":"ELEMENTARY_FLOW","refUnit":"kg"},"unit":{"@type":"Unit","@id":"20aadc24-a391-41cf-b340-3e4529f44bde","name":"kg"},"flowProperty":{"@type":"FlowProperty","@id":"93a60a56-a3c8-11da-a746-0800200b9a66","name":"Mass","categoryPath":["Technical flow properties"]}},{"@type":"Exchange","avoidedProduct":false,"input":true,"amount":1.0,"description":"Previous module was based on 15% moisture.","internalId":3,"defaultProvider":{"@type":"Process","@id":"9c36427d-76de-314c-bfca-4d714b71c9a5","name":"Switchgrass, production, US, 2022","categoryPath":["11: Agriculture, Forestry, Fishing and Hunting","1119: Other Crop Farming"],"processType":"UNIT_PROCESS","location":"RNA"},"flow":{"@type":"Flow","@id":"eb35a3fc-2c19-32e2-8789-3c69e2071855","name":"Switchgrass, production","categoryPath":["Technosphere Flows","11: Agriculture, Forestry, Fishing and Hunting","1119: Other Crop Farming"],"flowType":"PRODUCT_FLOW","location":"RNA","refUnit":"kg"},"unit":{"@type":"Unit","@id":"20aadc24-a391-41cf-b340-3e4529f44bde","name":"kg"},"flowProperty":{"@type":"FlowProperty","@id":"93a60a56-a3c8-11da-a746-0800200b9a66","name":"Mass","categoryPath":["Technical flow properties"]}}]}