{"@context":"http://greendelta.github.io/olca-schema/context.jsonld","@type":"Process","@id":"f72ae896-25f0-35f9-affe-8d2a7ef34f92","name":"Lumber, softwood, borate treated, PNW","description":"Pressure-treated borate (disodium octaborate tetrahydrate, DOT) softwood lumber.  Base process data presented with allocations to within process co-products noted.  Refer to allocation worksheet for specifics.  All allocations performed using mass or volume., This sheet sets out each unit process in the production of one cubic meter of borate surfaced pressure treated softwood lumber as produced in the US Pacific Northwest Important note: although most of the data in the US LCI database has  undergone some sort of review, the database as a whole has not yet  undergone a formal validation process. Please email comments to lci@nrel.gov.; Geography: US Pacific Northwest","version":"00.00.006","lastChange":"2021-09-30T20:47:17.283-06:00","category":{"@type":"Category","@id":"7cb71c0c-7606-33cf-9070-f3c4fcd67491","name":"3211: Sawmills and Wood Preservation","categoryPath":["31-33: Manufacturing"],"categoryType":"Process"},"processType":"UNIT_PROCESS","defaultAllocationMethod":"NO_ALLOCATION","infrastructureProcess":false,"location":{"@type":"Location","@id":"0b3b97fa-6688-3c56-88ee-4ae80ec0c3c2","name":"United States"},"processDocumentation":{"@type":"ProcessDocumentation","timeDescription":"2005-2009","technologyDescription":"typical","reviewDetails":"Unknown","samplingDescription":"Industry survey","restrictionsDescription":"All information can be accessed by everybody.","copyright":false,"validFrom":"2004-12-31-07:00","validUntil":"2009-12-30-07:00","creationDate":"2015-09-17T12:25:50.525-06:00","geographyDescription":"US Pacific Northwest","reviewer":{"@type":"Actor","@id":"9c415303-559d-398b-b47d-6fa63ed06f60","name":"Paul Cooper"},"dataDocumentor":{"@type":"Actor","@id":"ae081e38-d629-3c22-86de-dbc3bb038016","name":"Maureen Puetmann"},"dataGenerator":{"@type":"Actor","@id":"1519c139-e23d-3f22-bbf1-0db96324ed82","name":"Chris Bolin"},"publication":{"@type":"Source","@id":"1683db56-cbdd-344f-87bd-03d74110c39d","name":"Chris Bolin "},"sources":[{"@type":"Source","@id":"8e2c0b70-a73f-3a99-9fcd-f95d3e875e4e","name":"Chris Bolin "},{"@type":"Source","@id":"1683db56-cbdd-344f-87bd-03d74110c39d","name":"Chris Bolin "}]},"lastInternalId":0,"exchanges":[{"@type":"Exchange","avoidedProduct":false,"input":false,"amount":1.0,"description":"17.0 nominal BF \u003d 1 acutal cubic feet (ft3); 1 nominal BF \u003d 0.0588 ft3\n\nretention 0.3060 lb/ft3 \u003d 4.92 kg/m3, dry basis","internalId":1,"flow":{"@type":"Flow","@id":"b141a0ff-99ae-3e93-a607-02324ca55ddc","name":"Lumber; softwood; borate treated","categoryPath":["Technosphere Flows","31-33: Manufacturing","3211: Sawmills and Wood Preservation"],"flowType":"PRODUCT_FLOW","location":"US","refUnit":"m3"},"unit":{"@type":"Unit","@id":"1c3a9695-398d-4b1f-b07e-a8715b610f70","name":"m3"},"flowProperty":{"@type":"FlowProperty","@id":"93a60a56-a3c8-22da-a746-0800200c9a66","name":"Volume","categoryPath":["Technical flow properties"]},"quantitativeReference":true},{"@type":"Exchange","avoidedProduct":false,"input":false,"amount":0.03947,"description":"Preservative Production","internalId":5,"flow":{"@type":"Flow","@id":"a81e5ff3-ddea-3521-854e-3d0ec0912182","name":"Methane","categoryPath":["Elementary Flows","emission","air","troposphere","rural"],"flowType":"ELEMENTARY_FLOW","refUnit":"kg"},"unit":{"@type":"Unit","@id":"20aadc24-a391-41cf-b340-3e4529f44bde","name":"kg"},"flowProperty":{"@type":"FlowProperty","@id":"93a60a56-a3c8-11da-a746-0800200b9a66","name":"Mass","categoryPath":["Technical flow properties"]}},{"@type":"Exchange","avoidedProduct":false,"input":true,"amount":0.5904,"description":"Preservative Production","internalId":7,"defaultProvider":{"@type":"Process","@id":"7d66e309-5774-4aea-88ce-56868c6f54a7","name":"Electricity, Western US, 2014","categoryPath":["22: Utilities","2211: Electric Power Generation, Transmission and Distribution"],"processType":"UNIT_PROCESS","location":"US"},"flow":{"@type":"Flow","@id":"06581fb2-1de0-3e78-8298-f37605dea142","name":"Electricity, at grid","categoryPath":["Technosphere Flows","22: Utilities","2211: Electric Power Generation, Transmission and Distribution"],"flowType":"PRODUCT_FLOW","location":"RNA","refUnit":"MJ"},"unit":{"@type":"Unit","@id":"86ad2244-1f0e-4912-af53-7865283103e4","name":"kWh"},"flowProperty":{"@type":"FlowProperty","@id":"f6811440-ee37-11de-8a39-0800200c9a66","name":"Energy","categoryPath":["Technical flow properties"]}},{"@type":"Exchange","avoidedProduct":false,"input":false,"amount":0.01659,"description":"Preservative Production","internalId":13,"flow":{"@type":"Flow","@id":"e3e3e95b-0d76-3089-bd1f-aa577a3d986a","name":"Particulate matter, ≤ 10μm","categoryPath":["Elementary Flows","emission","air","troposphere","rural"],"flowType":"ELEMENTARY_FLOW","refUnit":"kg"},"unit":{"@type":"Unit","@id":"20aadc24-a391-41cf-b340-3e4529f44bde","name":"kg"},"flowProperty":{"@type":"FlowProperty","@id":"93a60a56-a3c8-11da-a746-0800200b9a66","name":"Mass","categoryPath":["Technical flow properties"]}},{"@type":"Exchange","avoidedProduct":false,"input":true,"amount":288.5,"description":"10% of lumber total by ship; 33% of preservative by ship; survey data","internalId":10,"defaultProvider":{"@type":"Process","@id":"f85fcdde-6c6b-3bbb-8efc-de6cb34c9ac7","name":"Transport, ocean freighter, residual fuel oil powered","categoryPath":["48-49: Transportation and Warehousing","4831: Deep Sea, Coastal, and Great Lakes Water Transportation"],"processType":"UNIT_PROCESS","location":"US"},"flow":{"@type":"Flow","@id":"735f1d86-f99a-3ffa-adae-176c545744ab","name":"Transport, ocean freighter, residual fuel oil powered","categoryPath":["Technosphere Flows","48-49: Transportation and Warehousing","4831: Deep Sea, Coastal, and Great Lakes Water Transportation"],"flowType":"PRODUCT_FLOW","location":"US","refUnit":"t*km"},"unit":{"@type":"Unit","@id":"0dea4ed8-bb6b-4049-b2b4-b2c413ef2180","name":"t*km"},"flowProperty":{"@type":"FlowProperty","@id":"838aaa20-0117-11db-92e3-0800200c9a66","name":"Goods transport (mass*distance)","categoryPath":["Technical flow properties"]}},{"@type":"Exchange","avoidedProduct":false,"input":true,"amount":0.1272,"description":"Preservative Production","internalId":11,"defaultProvider":{"@type":"Process","@id":"5b81b61c-4d10-3bed-9926-8a5f868f5174","name":"Natural gas, combusted in industrial boiler","categoryPath":["22: Utilities","2213: Water, Sewage and Other Systems"],"processType":"UNIT_PROCESS","location":"RNA"},"flow":{"@type":"Flow","@id":"bb1dc159-fe13-3f8e-8197-361e8c770ba3","name":"Natural gas, combusted in industrial boiler","categoryPath":["Technosphere Flows","22: Utilities","2213: Water, Sewage and Other Systems"],"flowType":"PRODUCT_FLOW","location":"RNA","refUnit":"m3"},"unit":{"@type":"Unit","@id":"1c3a9695-398d-4b1f-b07e-a8715b610f70","name":"m3"},"flowProperty":{"@type":"FlowProperty","@id":"93a60a56-a3c8-22da-a746-0800200c9a66","name":"Volume","categoryPath":["Technical flow properties"]}},{"@type":"Exchange","avoidedProduct":false,"input":true,"amount":0.5325,"description":"Preservative Wood Treatment","internalId":2,"defaultProvider":{"@type":"Process","@id":"d6ad7035-5498-3237-8abd-50e93b1eef89","name":"Diesel, combusted in industrial equipment","categoryPath":["22: Utilities","2213: Water, Sewage and Other Systems"],"processType":"UNIT_PROCESS","location":"RNA"},"flow":{"@type":"Flow","@id":"d815ff18-015c-3afb-be18-be03bdf325da","name":"Diesel, combusted in industrial equipment","categoryPath":["Technosphere Flows","22: Utilities","2213: Water, Sewage and Other Systems"],"flowType":"PRODUCT_FLOW","location":"RNA","refUnit":"m3"},"unit":{"@type":"Unit","@id":"b80a512e-e402-4363-8ad0-7d02dcf4a459","name":"l"},"flowProperty":{"@type":"FlowProperty","@id":"93a60a56-a3c8-22da-a746-0800200c9a66","name":"Volume","categoryPath":["Technical flow properties"]}},{"@type":"Exchange","avoidedProduct":false,"input":true,"amount":0.008613,"description":"Preservative Production","internalId":4,"defaultProvider":{"@type":"Process","@id":"9d9b6815-9349-30af-869b-57362428c42e","name":"Residual fuel oil, combusted in industrial boiler","categoryPath":["22: Utilities","2213: Water, Sewage and Other Systems"],"processType":"UNIT_PROCESS","location":"RNA"},"flow":{"@type":"Flow","@id":"654a5cf6-185f-3d91-89ef-42442d1825e8","name":"Residual fuel oil, combusted in industrial boiler","categoryPath":["Technosphere Flows","22: Utilities","2213: Water, Sewage and Other Systems"],"flowType":"PRODUCT_FLOW","location":"RNA","refUnit":"m3"},"unit":{"@type":"Unit","@id":"b80a512e-e402-4363-8ad0-7d02dcf4a459","name":"l"},"flowProperty":{"@type":"FlowProperty","@id":"93a60a56-a3c8-22da-a746-0800200c9a66","name":"Volume","categoryPath":["Technical flow properties"]}},{"@type":"Exchange","avoidedProduct":false,"input":true,"amount":1.000080749,"description":"1,616 lbs/MBF  17.067 BF/ft \u003d  27.4720 lb/ft3 \nref. PNWLum worksheet Column D,  Row 43","internalId":3,"flow":{"@type":"Flow","@id":"843d090e-68bd-3079-9bd6-f76e2d5c5fac","name":"Sawn lumber; softwood; planed; kiln dried; packaged; at planer","categoryPath":["Technosphere Flows","31-33: Manufacturing","3211: Sawmills and Wood Preservation"],"flowType":"PRODUCT_FLOW","location":"US","refUnit":"m3"},"unit":{"@type":"Unit","@id":"1c3a9695-398d-4b1f-b07e-a8715b610f70","name":"m3"},"flowProperty":{"@type":"FlowProperty","@id":"93a60a56-a3c8-22da-a746-0800200c9a66","name":"Volume","categoryPath":["Technical flow properties"]}},{"@type":"Exchange","avoidedProduct":false,"input":true,"amount":2.916E-4,"description":"Preservative Wood Treatment","internalId":17,"defaultProvider":{"@type":"Process","@id":"5b81b61c-4d10-3bed-9926-8a5f868f5174","name":"Natural gas, combusted in industrial boiler","categoryPath":["22: Utilities","2213: Water, Sewage and Other Systems"],"processType":"UNIT_PROCESS","location":"RNA"},"flow":{"@type":"Flow","@id":"bb1dc159-fe13-3f8e-8197-361e8c770ba3","name":"Natural gas, combusted in industrial boiler","categoryPath":["Technosphere Flows","22: Utilities","2213: Water, Sewage and Other Systems"],"flowType":"PRODUCT_FLOW","location":"RNA","refUnit":"m3"},"unit":{"@type":"Unit","@id":"1c3a9695-398d-4b1f-b07e-a8715b610f70","name":"m3"},"flowProperty":{"@type":"FlowProperty","@id":"93a60a56-a3c8-22da-a746-0800200c9a66","name":"Volume","categoryPath":["Technical flow properties"]}},{"@type":"Exchange","avoidedProduct":false,"input":false,"amount":2.765E-4,"description":"Preservative Wood Treatment","internalId":15,"flow":{"@type":"Flow","@id":"0ed1f6b4-caf9-33a6-a8ad-3feadb42bd4d","name":"Boron","categoryPath":["Elementary Flows","emission","ground","human-dominated","industrial"],"flowType":"ELEMENTARY_FLOW","refUnit":"kg"},"unit":{"@type":"Unit","@id":"20aadc24-a391-41cf-b340-3e4529f44bde","name":"kg"},"flowProperty":{"@type":"FlowProperty","@id":"93a60a56-a3c8-11da-a746-0800200b9a66","name":"Mass","categoryPath":["Technical flow properties"]}},{"@type":"Exchange","avoidedProduct":false,"input":true,"amount":211.3,"description":"84% of lumber total by truck; 67% of preservative by truck; survey data","internalId":24,"defaultProvider":{"@type":"Process","@id":"34156f3c-28ef-33db-9ad0-6293a2aa0d52","name":"Transport, combination truck, diesel powered","categoryPath":["48-49: Transportation and Warehousing","4841: General Freight Trucking"],"processType":"UNIT_PROCESS","location":"RNA"},"flow":{"@type":"Flow","@id":"628c07ec-0802-39c1-ab88-1c62848ef436","name":"Transport, combination truck, diesel powered","categoryPath":["Technosphere Flows","48-49: Transportation and Warehousing","4841: General Freight Trucking"],"flowType":"PRODUCT_FLOW","location":"RNA","refUnit":"t*km"},"unit":{"@type":"Unit","@id":"0dea4ed8-bb6b-4049-b2b4-b2c413ef2180","name":"t*km"},"flowProperty":{"@type":"FlowProperty","@id":"838aaa20-0117-11db-92e3-0800200c9a66","name":"Goods transport (mass*distance)","categoryPath":["Technical flow properties"]}},{"@type":"Exchange","avoidedProduct":false,"input":false,"amount":1.275E-4,"description":"Preservative Wood Treatment; Stormwater runoff, unspecified location.","internalId":25,"flow":{"@type":"Flow","@id":"57152560-592a-383f-89b1-a77d7d432ad8","name":"Boron","categoryPath":["Elementary Flows","emission","water"],"flowType":"ELEMENTARY_FLOW","refUnit":"kg"},"unit":{"@type":"Unit","@id":"20aadc24-a391-41cf-b340-3e4529f44bde","name":"kg"},"flowProperty":{"@type":"FlowProperty","@id":"93a60a56-a3c8-11da-a746-0800200b9a66","name":"Mass","categoryPath":["Technical flow properties"]}},{"@type":"Exchange","avoidedProduct":false,"input":true,"amount":0.009003,"description":"Preservative Wood Treatment","internalId":12,"defaultProvider":{"@type":"Process","@id":"4eec7a31-b920-3f91-b7c3-924f2aa92ecc","name":"Liquefied petroleum gas, combusted in industrial boiler","categoryPath":["22: Utilities","2213: Water, Sewage and Other Systems"],"processType":"UNIT_PROCESS","location":"RNA"},"flow":{"@type":"Flow","@id":"f77da622-e84d-3639-8917-fcf792aaee13","name":"Liquefied petroleum gas, combusted in industrial boiler","categoryPath":["Technosphere Flows","22: Utilities","2213: Water, Sewage and Other Systems"],"flowType":"PRODUCT_FLOW","location":"RNA","refUnit":"m3"},"unit":{"@type":"Unit","@id":"b80a512e-e402-4363-8ad0-7d02dcf4a459","name":"l"},"flowProperty":{"@type":"FlowProperty","@id":"93a60a56-a3c8-22da-a746-0800200c9a66","name":"Volume","categoryPath":["Technical flow properties"]}},{"@type":"Exchange","avoidedProduct":false,"input":true,"amount":46.92,"description":"6% of lumber total by rail; survey data","internalId":6,"defaultProvider":{"@type":"Process","@id":"7de9c230-fd0f-3478-be87-f80181132faa","name":"Transport, train, diesel powered","categoryPath":["48-49: Transportation and Warehousing","4821: Rail Transportation"],"processType":"UNIT_PROCESS","location":"RNA"},"flow":{"@type":"Flow","@id":"73c7494d-4e93-3769-896b-8bb82f0dfccc","name":"Transport, train, diesel powered","categoryPath":["Technosphere Flows","48-49: Transportation and Warehousing","4821: Rail Transportation"],"flowType":"PRODUCT_FLOW","location":"RNA","refUnit":"t*km"},"unit":{"@type":"Unit","@id":"0dea4ed8-bb6b-4049-b2b4-b2c413ef2180","name":"t*km"},"flowProperty":{"@type":"FlowProperty","@id":"838aaa20-0117-11db-92e3-0800200c9a66","name":"Goods transport (mass*distance)","categoryPath":["Technical flow properties"]}},{"@type":"Exchange","avoidedProduct":false,"input":false,"amount":2.543E-4,"description":"Preservative Production","internalId":9,"flow":{"@type":"Flow","@id":"d6a91d9b-ff6e-3ee7-85d9-5d871937e7b9","name":"Volatile organic compounds","categoryPath":["Elementary Flows","emission","air","troposphere","rural"],"flowType":"ELEMENTARY_FLOW","refUnit":"kg"},"unit":{"@type":"Unit","@id":"20aadc24-a391-41cf-b340-3e4529f44bde","name":"kg"},"flowProperty":{"@type":"FlowProperty","@id":"93a60a56-a3c8-11da-a746-0800200b9a66","name":"Mass","categoryPath":["Technical flow properties"]}},{"@type":"Exchange","avoidedProduct":false,"input":true,"amount":4.9435,"description":"DOT Wood Preservative","internalId":18,"flow":{"@type":"Flow","@id":"ee2eb59d-5838-3eff-abff-8f7cf8834d04","name":"Disodium octaborate tetrahydrate (DOT), at plant","categoryPath":["Technosphere Flows","CUTOFF Flows"],"flowType":"PRODUCT_FLOW","refUnit":"kg"},"unit":{"@type":"Unit","@id":"20aadc24-a391-41cf-b340-3e4529f44bde","name":"kg"},"flowProperty":{"@type":"FlowProperty","@id":"93a60a56-a3c8-11da-a746-0800200b9a66","name":"Mass","categoryPath":["Technical flow properties"]}},{"@type":"Exchange","avoidedProduct":false,"input":true,"amount":204.8,"description":"Preservative Wood Treatment","internalId":14,"flow":{"@type":"Flow","@id":"e2eb491c-78ff-3123-9e42-494c7d199b44","name":"Water","categoryPath":["Elementary Flows","resource","water"],"flowType":"ELEMENTARY_FLOW","refUnit":"kg"},"unit":{"@type":"Unit","@id":"20aadc24-a391-41cf-b340-3e4529f44bde","name":"kg"},"flowProperty":{"@type":"FlowProperty","@id":"93a60a56-a3c8-11da-a746-0800200b9a66","name":"Mass","categoryPath":["Technical flow properties"]}},{"@type":"Exchange","avoidedProduct":false,"input":true,"amount":0.06246,"description":"Preservative Production","internalId":21,"defaultProvider":{"@type":"Process","@id":"26465530-69ff-3c68-834f-c67ccb6ee1b2","name":"Bituminous coal, combusted in industrial boiler","categoryPath":["22: Utilities","2213: Water, Sewage and Other Systems"],"processType":"UNIT_PROCESS","location":"RNA"},"flow":{"@type":"Flow","@id":"73cd1596-214d-3403-87f1-f69fc3818886","name":"Bituminous coal, combusted in industrial boiler","categoryPath":["Technosphere Flows","22: Utilities","2213: Water, Sewage and Other Systems"],"flowType":"PRODUCT_FLOW","location":"RNA","refUnit":"kg"},"unit":{"@type":"Unit","@id":"20aadc24-a391-41cf-b340-3e4529f44bde","name":"kg"},"flowProperty":{"@type":"FlowProperty","@id":"93a60a56-a3c8-11da-a746-0800200b9a66","name":"Mass","categoryPath":["Technical flow properties"]}},{"@type":"Exchange","avoidedProduct":false,"input":true,"amount":4126.0,"description":"Preservative Production","internalId":19,"flow":{"@type":"Flow","@id":"e2eb491c-78ff-3123-9e42-494c7d199b44","name":"Water","categoryPath":["Elementary Flows","resource","water"],"flowType":"ELEMENTARY_FLOW","refUnit":"kg"},"unit":{"@type":"Unit","@id":"20aadc24-a391-41cf-b340-3e4529f44bde","name":"kg"},"flowProperty":{"@type":"FlowProperty","@id":"93a60a56-a3c8-11da-a746-0800200b9a66","name":"Mass","categoryPath":["Technical flow properties"]}},{"@type":"Exchange","avoidedProduct":false,"input":true,"amount":0.5096,"description":"Preservative Production","internalId":22,"defaultProvider":{"@type":"Process","@id":"53804132-4bd6-3b18-bfbd-14ac762431ef","name":"Diesel, combusted in industrial boiler","categoryPath":["22: Utilities","2213: Water, Sewage and Other Systems"],"processType":"UNIT_PROCESS","location":"RNA"},"flow":{"@type":"Flow","@id":"e04995fa-935b-316c-b112-5b436c8ea3d6","name":"Diesel, combusted in industrial boiler","categoryPath":["Technosphere Flows","22: Utilities","2213: Water, Sewage and Other Systems"],"flowType":"PRODUCT_FLOW","location":"RNA","refUnit":"m3"},"unit":{"@type":"Unit","@id":"b80a512e-e402-4363-8ad0-7d02dcf4a459","name":"l"},"flowProperty":{"@type":"FlowProperty","@id":"93a60a56-a3c8-22da-a746-0800200c9a66","name":"Volume","categoryPath":["Technical flow properties"]}},{"@type":"Exchange","avoidedProduct":false,"input":true,"amount":4.563,"description":"Preservative Wood Treatment","internalId":20,"defaultProvider":{"@type":"Process","@id":"7d66e309-5774-4aea-88ce-56868c6f54a7","name":"Electricity, Western US, 2014","categoryPath":["22: Utilities","2211: Electric Power Generation, Transmission and Distribution"],"processType":"UNIT_PROCESS","location":"US"},"flow":{"@type":"Flow","@id":"06581fb2-1de0-3e78-8298-f37605dea142","name":"Electricity, at grid","categoryPath":["Technosphere Flows","22: Utilities","2211: Electric Power Generation, Transmission and Distribution"],"flowType":"PRODUCT_FLOW","location":"RNA","refUnit":"MJ"},"unit":{"@type":"Unit","@id":"86ad2244-1f0e-4912-af53-7865283103e4","name":"kWh"},"flowProperty":{"@type":"FlowProperty","@id":"f6811440-ee37-11de-8a39-0800200c9a66","name":"Energy","categoryPath":["Technical flow properties"]}},{"@type":"Exchange","avoidedProduct":false,"input":true,"amount":17.15,"description":"Preservative Production; Solid waste disposal associated with the mining of borax for preservative manufacture.  Solid waste disposal as reported in treater surveys as chemical or process wastes, hazardous wastes, and other (normal trash or municipal waste).\n\n40.2 km to disposal","internalId":26,"flow":{"@type":"Flow","@id":"f8973d41-1ca2-3034-94da-5bfa0f7a0202","name":"Disposal, solid waste, unspecified, to unspecified landfill","categoryPath":["Technosphere Flows","CUTOFF Flows"],"flowType":"PRODUCT_FLOW","refUnit":"kg"},"unit":{"@type":"Unit","@id":"20aadc24-a391-41cf-b340-3e4529f44bde","name":"kg"},"flowProperty":{"@type":"FlowProperty","@id":"93a60a56-a3c8-11da-a746-0800200b9a66","name":"Mass","categoryPath":["Technical flow properties"]}},{"@type":"Exchange","avoidedProduct":false,"input":true,"amount":5.56,"description":"Preservative Wood Treatment; Solid waste disposal associated with the mining of borax for preservative manufacture.  Solid waste disposal as reported in treater surveys as chemical or process wastes, hazardous wastes, and other (normal trash or municipal waste).\n\n40.2 km to disposal","internalId":16,"flow":{"@type":"Flow","@id":"f8973d41-1ca2-3034-94da-5bfa0f7a0202","name":"Disposal, solid waste, unspecified, to unspecified landfill","categoryPath":["Technosphere Flows","CUTOFF Flows"],"flowType":"PRODUCT_FLOW","refUnit":"kg"},"unit":{"@type":"Unit","@id":"20aadc24-a391-41cf-b340-3e4529f44bde","name":"kg"},"flowProperty":{"@type":"FlowProperty","@id":"93a60a56-a3c8-11da-a746-0800200b9a66","name":"Mass","categoryPath":["Technical flow properties"]}},{"@type":"Exchange","avoidedProduct":false,"input":true,"amount":0.008787,"description":"Preservative Production","internalId":8,"defaultProvider":{"@type":"Process","@id":"d3e13675-1455-375f-a557-bb8234de75ff","name":"Gasoline, combusted in equipment","categoryPath":["22: Utilities","2213: Water, Sewage and Other Systems"],"processType":"UNIT_PROCESS","location":"RNA"},"flow":{"@type":"Flow","@id":"bc38e349-1ccf-3855-a615-a4f581ab875b","name":"Gasoline, combusted in equipment","categoryPath":["Technosphere Flows","22: Utilities","2213: Water, Sewage and Other Systems"],"flowType":"PRODUCT_FLOW","location":"RNA","refUnit":"m3"},"unit":{"@type":"Unit","@id":"b80a512e-e402-4363-8ad0-7d02dcf4a459","name":"l"},"flowProperty":{"@type":"FlowProperty","@id":"93a60a56-a3c8-22da-a746-0800200c9a66","name":"Volume","categoryPath":["Technical flow properties"]}},{"@type":"Exchange","avoidedProduct":false,"input":true,"amount":0.02485,"description":"Preservative Wood Treatment","internalId":23,"defaultProvider":{"@type":"Process","@id":"d3e13675-1455-375f-a557-bb8234de75ff","name":"Gasoline, combusted in equipment","categoryPath":["22: Utilities","2213: Water, Sewage and Other Systems"],"processType":"UNIT_PROCESS","location":"RNA"},"flow":{"@type":"Flow","@id":"bc38e349-1ccf-3855-a615-a4f581ab875b","name":"Gasoline, combusted in equipment","categoryPath":["Technosphere Flows","22: Utilities","2213: Water, Sewage and Other Systems"],"flowType":"PRODUCT_FLOW","location":"RNA","refUnit":"m3"},"unit":{"@type":"Unit","@id":"b80a512e-e402-4363-8ad0-7d02dcf4a459","name":"l"},"flowProperty":{"@type":"FlowProperty","@id":"93a60a56-a3c8-22da-a746-0800200c9a66","name":"Volume","categoryPath":["Technical flow properties"]}}]}