{"@context":"http://greendelta.github.io/olca-schema/context.jsonld","@type":"Process","@id":"fa501a68-3e1d-3ef1-84a0-48eead282f98","name":"Pulpwood, softwd, avg, state or private moist forest, at forest rd, INW","description":"1. FIA inventory were from 1989 to 1996 depending on jurisdiction                                2. Important note: although most of the data in the US LCI database has undergone some sort of review, the database as a whole has not yet undergone a formal validation process. Please email comments to lci@nrel.gov.","version":"00.00.005","lastChange":"2019-07-20T23:05:32.238-06:00","category":{"@type":"Category","@id":"780cbde5-be93-33d4-8329-f6fb0d420973","name":"1133: Logging","categoryPath":["11: Agriculture, Forestry, Fishing and Hunting"],"categoryType":"Process"},"processType":"UNIT_PROCESS","defaultAllocationMethod":"NO_ALLOCATION","infrastructureProcess":false,"location":{"@type":"Location","@id":"0b3b97fa-6688-3c56-88ee-4ae80ec0c3c2","name":"United States"},"processDocumentation":{"@type":"ProcessDocumentation","technologyDescription":"Average technology. Some data extrapolated from similar processes.","samplingDescription":"Analysis of the FIA data about average slopes by forest type and owner","restrictionsDescription":"All information can be accessed by everybody.","copyright":false,"validFrom":"1988-12-31-07:00","validUntil":"1995-12-31-07:00","creationDate":"2010-10-17T01:21:56-06:00","geographyDescription":"US Inland West including Montana, Idaho, and eastern Washington","dataDocumentor":{"@type":"Actor","@id":"ae081e38-d629-3c22-86de-dbc3bb038016","name":"Maureen Puetmann"},"dataGenerator":{"@type":"Actor","@id":"ae081e38-d629-3c22-86de-dbc3bb038016","name":"Maureen Puetmann"},"publication":{"@type":"Source","@id":"fd6020df-eb36-3f50-99bc-fe89ae471137","name":"Leonard R. Johnson "},"sources":[{"@type":"Source","@id":"90c74d97-64ab-3678-85e2-2f261d25896a","name":"Maureen Puettmann "},{"@type":"Source","@id":"fd6020df-eb36-3f50-99bc-fe89ae471137","name":"Leonard R. Johnson "}]},"lastInternalId":0,"exchanges":[{"@type":"Exchange","avoidedProduct":false,"input":false,"amount":1.0,"internalId":1,"flow":{"@type":"Flow","@id":"d486c85c-7bea-3c1a-81af-144993930f8e","name":"Pulpwood; softwd; avg; state or private moist forest; at forest rd","categoryPath":["Technosphere Flows","11: Agriculture, Forestry, Fishing and Hunting","1133: Logging"],"flowType":"PRODUCT_FLOW","location":"US","refUnit":"m3"},"unit":{"@type":"Unit","@id":"1c3a9695-398d-4b1f-b07e-a8715b610f70","name":"m3"},"flowProperty":{"@type":"FlowProperty","@id":"93a60a56-a3c8-22da-a746-0800200c9a66","name":"Volume","categoryPath":["Technical flow properties"]},"quantitativeReference":true},{"@type":"Exchange","avoidedProduct":false,"input":true,"amount":0.3,"internalId":2,"flow":{"@type":"Flow","@id":"dac6904f-42a7-3229-95d4-39c316fbd8e3","name":"Pulpwood; sftwd; state-private moist cold forest; steep slope; at forest rd","categoryPath":["Technosphere Flows","11: Agriculture, Forestry, Fishing and Hunting","1133: Logging"],"flowType":"PRODUCT_FLOW","location":"US","refUnit":"m3"},"unit":{"@type":"Unit","@id":"1c3a9695-398d-4b1f-b07e-a8715b610f70","name":"m3"},"flowProperty":{"@type":"FlowProperty","@id":"93a60a56-a3c8-22da-a746-0800200c9a66","name":"Volume","categoryPath":["Technical flow properties"]}},{"@type":"Exchange","avoidedProduct":false,"input":true,"amount":0.7,"internalId":3,"flow":{"@type":"Flow","@id":"0702afcb-0b66-3f30-a5c7-e10fbe896a4b","name":"Pulpwood; sftwd; state-private moist cold forest; gentle slope; at frst rd","categoryPath":["Technosphere Flows","11: Agriculture, Forestry, Fishing and Hunting","1133: Logging"],"flowType":"PRODUCT_FLOW","location":"US","refUnit":"m3"},"unit":{"@type":"Unit","@id":"1c3a9695-398d-4b1f-b07e-a8715b610f70","name":"m3"},"flowProperty":{"@type":"FlowProperty","@id":"93a60a56-a3c8-22da-a746-0800200c9a66","name":"Volume","categoryPath":["Technical flow properties"]}}]}