{"@context":"http://greendelta.github.io/olca-schema/context.jsonld","@type":"Process","@id":"fadc1941-94ca-3a5d-aea9-429cd0d76a08","name":"Deposit containers, at collection, California Refund Value, CRV","description":"This attributional unit process LCI represents electricity and fuel requirements for fuel use per kg of material collected via California refund value (CRV) system. The LCI study was conducted by Franklin Associates, Ltd. and sponsored jointly by NAPCOR, the American Chemistry Council (ACC), the Association of Postconsumer Plastic Recyclers (APR), and the PET Resin Association (PETRA). Using life cycle inventory (LCI) methodology, the study determines and quantifies the energy requirements, solid wastes, and atmospheric and waterborne emissions for the processes required to collect postconsumer PET and HDPE packaging, sort and separate the material, and reprocess it into clean recycled resin.\r\n\r\nImportant note: although most of the data in the US LCI database has undergone some sort of review, the database as a whole has not yet undergone a formal validation process. Please email comments to lci@nrel.gov.","version":"00.00.019","lastChange":"2021-03-01T08:55:20.887-07:00","category":{"@type":"Category","@id":"8fe94e58-e9a1-3e98-8175-26f3701e5f7f","name":"5621: Waste Collection","categoryPath":["56: Administrative and Support and Waste Management and Remediation Services"],"categoryType":"Process"},"processType":"UNIT_PROCESS","defaultAllocationMethod":"NO_ALLOCATION","infrastructureProcess":false,"location":{"@type":"Location","@id":"0b3b97fa-6688-3c56-88ee-4ae80ec0c3c2","name":"United States"},"processDocumentation":{"@type":"ProcessDocumentation","timeDescription":"Data compiled 2010 from most recent sources","technologyDescription":"Typical  transport and baling of accumulated deposit containers recovered via California refund value (CRV) system","dataCollectionDescription":"Data compiled 2010 from most recent sources","completenessDescription":"TREATMENT OF MISSING ENVIRONMENTAL DATA\r\nElementary flows are cut-off at less than 1% based on environmental relevance.\r\n\r\nTREATMENT OF MISSING TECHNOSPHERE DATA\r\nIntermediate flows are cut-off at less than 1% based on environmental relevance. Capital equipment is not included in this unit process.\r\n\r\nMASS BALANCE\r\nIncludes weight of co-collected wastes later removed at reclaimer.","dataSelectionDescription":"Similar to the deposit dropoff system, no consumer transport burdens are assigned to postconsumer plastic recovered through the CRV program or from commercial sources. For this scenario, transport of bottles from the site to an IPC or to a material recovery facility (MRF) is also based on a volume-limited shipment of loose bottles; however, it is assumed that the accumulated quantities transported per pickup are larger so that a tractor-trailer truck is used , with a fuel economy of 6.5 mpg.","reviewDetails":"The LCI study was conducted by Franklin Associates, Ltd. and sponsored jointly by NAPCOR, the American Chemistry Council (ACC), the Association of Postconsumer Plastic Recyclers (APR), and the PET Resin Association (PETRA). Using life cycle inventory (LCI) methodology, the study determines and quantifies the energy requirements, solid wastes, and atmospheric and waterborne emissions for the processes required to collect postconsumer PET and HDPE packaging, sort and separate the material, and reprocess it into clean recycled resin. The data has had a partial critical review by internal parties.","dataTreatmentDescription":"Assumtions and calculations described in Modeling Constants.","inventoryMethodDescription":"Attributional; data sets for the three recycling unit processes (collection, sorting/separation, reclaimer operations) were linked to cover the full sequence of processing steps required to produce recycled resins  gate-to-gate results; for cradle-to-gate LCI of recycled resin, the practitioner needs to make decision about virgin resin burdens associated with the postconsumer products that are feedstocks to recycling. Recycling occurs in the context of a product made from resin; use and end-of-life management of the material will depend on the product in which it is used","modelingConstantsDescription":"Based on information provided by a confidential source, transport of deposit containers to the IPC is modeled as a volume-limited load of loose bottles transported by a tractor-trailer truck. The distance is estimated as 150 miles, and a fuel economy of 6.5 mpg is used for the truck from http://www.bts.gov/publications/national_transportation_statistics/excel/table_04_14.xls.  At the IPC or MRF some additional sorting may be done before the resin is baled for shipment to the next processing location.","samplingDescription":"BOUNDARY CONDITIONS\r\nThe system boundary includes the commercial transport of accumulated quantities of containers recovered for recycling through a collection program such as the California dposit system for California Refund Value (CRV) from collection point to an intermediate processing center (IPC) and baling of the containers at the IPC for shipment to the next processing location.\r\n\r\nDATA COLLECTION\r\nAssumptions and calculations are described in Modeling Constants and the supporting documentation.\r\n\r\nUNCERTAINTY ESTIMATION\r\nNo uncertainty estimations were included.","restrictionsDescription":"These U.S. LCI Database Project data (\"Data\") are provided by the National Renewable Energy Laboratory (\"NREL\"), operated by the Alliance for Sustainable Energy, LLC (\"Alliance\") for the US Department of Energy (\"DOE\") under Contract No. DE-AC36-08GO28308. The United States Government (the \"Government\") retains and the user acknowledges that the Government retains a non-exclusive, paid-up, irrevocable, worldwide license to publish or reproduce the published form of these data, or allow others to do so, for Government purposes.\r\n\r\nAccess to and use of these Data shall impose the following obligations on the user, as set forth in this Agreement. The user is granted the right, without any fee or cost, to use, copy, modify, alter, enhance and distribute these Data for any purpose whatsoever, provided that this entire notice appears in all copies of the Data. Any modification, alteration or enhancement of these data shall be identified and documented by the user. Further, the user agrees to credit the DOE/NREL/Alliance in any publication that results from the use of these Data. The names DOE/NREL/Alliance, however, may not be used in any advertising or publicity to endorse or promote any products or commercial entities unless specific written permission is obtained from DOE/NREL/Alliance. The user also understands that DOE/NREL/Alliance is not obligated to provide the user with any support, consulting, training or assistance of any kind with regard to the use of these Data or to provide the user with any updates, revisions or new versions of these Data.\r\n\r\nYOU AGREE TO INDEMNIFY THE GOVERNMENT AND DOE/NREL/ALLIANCE, AND ITS SUBSIDIARIES, AFFILIATES, OFFICERS, AGENTS, AND EMPLOYEES AGAINST ANY CLAIM OR DEMAND, INCLUDING REASONABLE ATTORNEYS\u0027 FEES, RELATED TO YOUR USE OF THESE DATA. THESE DATA ARE PROVIDED BY DOE/NREL/ALLIANCE \"AS IS\" AND ANY EXPRESS OR IMPLIED WARRANTIES, INCLUDING BUT NOT LIMITED TO, THE IMPLIED WARRANTIES OF MERCHANTABILITY AND FITNESS FOR A PARTICULAR PURPOSE ARE DISCLAIMED. IN NO EVENT SHALL THE GOVERNMENT OR DOE/NREL/ALLIANCE BE LIABLE FOR ANY SPECIAL, INDIRECT OR CONSEQUENTIAL DAMAGES OR ANY DAMAGES WHATSOEVER, INCLUDING BUT NOT LIMITED TO CLAIMS ASSOCIATED WITH THE LOSS OF DATA OR PROFITS, WHICH MAY RESULT FROM AN ACTION IN CONTRACT, NEGLIGENCE OR OTHER TORTIOUS CLAIM THAT ARISES OUT OF OR IN CONNECTION WITH THE ACCESS, USE OR PERFORMANCE OF THESE DATA.","copyright":false,"validFrom":"2007-12-24-07:00","validUntil":"2008-12-24-07:00","creationDate":"2011-07-10T00:04:54-06:00","intendedApplication":"\"Accounting, with system-external interactions\" - The intended application is a purely descriptive accounting / documentation of the analysed system including existing interactions with other systems in the LCI model. ","projectDescription":"LIFE CYCLE INVENTORY OF 100% POSTCONSUMER HDPE AND PET RECYCLED RESIN FROM POSTCONSUMER CONTAINERS AND PACKAGING PREPARED FOR THE PLASTICS DIVISION OF THE AMERICAN CHEMISTRY COUNCIL, INC. THE ASSOCIATION OF POSTCONSUMER PLASTIC RECYCLERS (APR), THE NATIONAL ASSOCIATION FOR PET CONTAINER RESOURCES (NAPCOR), AND THE PET RESIN ASSOCIATION (PETRA) BY FRANKLIN ASSOCIATES, A DIVISION OF ERG PRAIRIE VILLAGE, KANSAS JANUARY 19, 2011.\r\n","geographyDescription":"United States","reviewer":{"@type":"Actor","@id":"96544773-16b2-33a0-9f1b-ec0f4940126b","name":"Beverly Sauer"},"dataDocumentor":{"@type":"Actor","@id":"f238e394-b16d-3194-9c3d-cfd600a1cc95","name":"Franklin Associates"},"dataGenerator":{"@type":"Actor","@id":"f238e394-b16d-3194-9c3d-cfd600a1cc95","name":"Franklin Associates"},"dataSetOwner":{"@type":"Actor","@id":"00fbb5c5-5d70-487e-83c3-7c386353cea9","name":"ACC, APR, NAPCOR, \u0026 PETRA"},"publication":{"@type":"Source","@id":"7c9805e8-276e-3f66-bfa5-aa9d723cd357","name":"Franklin Associates (2011) LCI HDPE \u0026 PET Recycled Resin"},"sources":[{"@type":"Source","@id":"7c9805e8-276e-3f66-bfa5-aa9d723cd357","name":"Franklin Associates (2011) LCI HDPE \u0026 PET Recycled Resin"}]},"dqSystem":{"@type":"DQSystem","@id":"70bf370f-9912-4ec1-baa3-fbd4eaf85a10","name":"US EPA - Process Pedigree Matrix"},"dqEntry":"(4;1)","lastInternalId":1,"exchanges":[{"@type":"Exchange","avoidedProduct":false,"input":false,"amount":1.0,"description":"Applies to one kg of any type of deposit container collected via the CRV system","internalId":1,"flow":{"@type":"Flow","@id":"feb3d390-bacc-37ce-8568-1776c96a78a1","name":"Deposit containers, at collection, California Refund Value, CRV","categoryPath":["Technosphere Flows","56: Administrative and Support and Waste Management and Remediation Services","5621: Waste Collection"],"flowType":"PRODUCT_FLOW","location":"US","refUnit":"kg"},"unit":{"@type":"Unit","@id":"20aadc24-a391-41cf-b340-3e4529f44bde","name":"kg"},"flowProperty":{"@type":"FlowProperty","@id":"93a60a56-a3c8-11da-a746-0800200b9a66","name":"Mass","categoryPath":["Technical flow properties"]},"quantitativeReference":true},{"@type":"Exchange","avoidedProduct":false,"input":true,"amount":1.0,"description":"Includes weight of co-collected wastes later removed at reclaimer.","internalId":1,"flow":{"@type":"Flow","@id":"519475f7-816a-32b0-aec2-bf0091d36bed","name":"Mixed deposit containers, at source","categoryPath":["Technosphere Flows","CUTOFF Flows"],"flowType":"PRODUCT_FLOW","refUnit":"kg"},"unit":{"@type":"Unit","@id":"20aadc24-a391-41cf-b340-3e4529f44bde","name":"kg"},"flowProperty":{"@type":"FlowProperty","@id":"93a60a56-a3c8-11da-a746-0800200b9a66","name":"Mass","categoryPath":["Technical flow properties"]}},{"@type":"Exchange","avoidedProduct":false,"input":true,"amount":0.0132,"description":"For baling at intermediate processing center prior to shipment to reclaimer","internalId":3,"defaultProvider":{"@type":"Process","@id":"89389d98-1ba6-30c5-9c33-92443694936b","name":"Electricity, at Grid, US, 2010","categoryPath":["22: Utilities","2211: Electric Power Generation, Transmission and Distribution"],"processType":"UNIT_PROCESS","location":"RNA"},"flow":{"@type":"Flow","@id":"06581fb2-1de0-3e78-8298-f37605dea142","name":"Electricity, at grid","categoryPath":["Technosphere Flows","22: Utilities","2211: Electric Power Generation, Transmission and Distribution"],"flowType":"PRODUCT_FLOW","location":"RNA","refUnit":"MJ"},"unit":{"@type":"Unit","@id":"86ad2244-1f0e-4912-af53-7865283103e4","name":"kWh"},"flowProperty":{"@type":"FlowProperty","@id":"f6811440-ee37-11de-8a39-0800200c9a66","name":"Energy","categoryPath":["Technical flow properties"]}},{"@type":"Exchange","avoidedProduct":false,"input":true,"amount":1.16,"description":"Fuel use per kg of material collected via California refund value (CRV) system","internalId":2,"defaultProvider":{"@type":"Process","@id":"34156f3c-28ef-33db-9ad0-6293a2aa0d52","name":"Transport, combination truck, diesel powered","categoryPath":["48-49: Transportation and Warehousing","4841: General Freight Trucking"],"processType":"UNIT_PROCESS","location":"RNA"},"flow":{"@type":"Flow","@id":"628c07ec-0802-39c1-ab88-1c62848ef436","name":"Transport, combination truck, diesel powered","categoryPath":["Technosphere Flows","48-49: Transportation and Warehousing","4841: General Freight Trucking"],"flowType":"PRODUCT_FLOW","location":"RNA","refUnit":"t*km"},"unit":{"@type":"Unit","@id":"0dea4ed8-bb6b-4049-b2b4-b2c413ef2180","name":"t*km"},"flowProperty":{"@type":"FlowProperty","@id":"838aaa20-0117-11db-92e3-0800200c9a66","name":"Goods transport (mass*distance)","categoryPath":["Technical flow properties"]}}]}