{"@context":"http://greendelta.github.io/olca-schema/context.jsonld","@type":"Process","@id":"fef4bce7-747e-30a8-adea-c11de716b08b","name":"Fertilizer, switchgrass, 2022","description":"Total Fertilizer input for one hectare of switchgrass annualized for a 10-yr production period. Projections based on published data and yeild projections to the year 2022.","version":"00.00.003","lastChange":"2021-01-22T10:51:39.139-07:00","category":{"@type":"Category","@id":"1a059a45-a303-383c-acf9-9b6e1192eecc","name":"1151: Support Activities for Crop Production","categoryPath":["11: Agriculture, Forestry, Fishing and Hunting"],"categoryType":"Process"},"processType":"UNIT_PROCESS","defaultAllocationMethod":"NO_ALLOCATION","infrastructureProcess":false,"location":{"@type":"Location","@id":"b320e7db-c758-3ba6-8839-81eb83c9d7d7","name":"Northern America"},"processDocumentation":{"@type":"ProcessDocumentation","timeDescription":"2010 and after","technologyDescription":"Modern technology","restrictionsDescription":"All information can be accessed by everybody.","copyright":false,"validFrom":"2009-12-31-07:00","validUntil":"2100-12-30-07:00","creationDate":"2013-10-22T11:58:41-06:00","geographyDescription":"North America","dataDocumentor":{"@type":"Actor","@id":"dd4e5378-7978-3203-bfdf-acc867500cb3","name":"Daniel Inman"},"dataGenerator":{"@type":"Actor","@id":"dd4e5378-7978-3203-bfdf-acc867500cb3","name":"Daniel Inman"},"publication":{"@type":"Source","@id":"a1d1d73e-7d93-3a6b-a3bc-3b2f4f025b86","name":"Hsu, D. "},"sources":[{"@type":"Source","@id":"21172364-da06-397d-adb9-caadc49cec40","name":"R.K. Perrin "},{"@type":"Source","@id":"2f66c9c5-baa9-3409-b266-152fc2c9c3eb","name":"H.W. Downs "},{"@type":"Source","@id":"a1d1d73e-7d93-3a6b-a3bc-3b2f4f025b86","name":"Hsu, D. "},{"@type":"Source","@id":"4541aacd-3732-3d3d-b45c-80d7619c02e6","name":"C.D. Klein "}]},"lastInternalId":0,"exchanges":[{"@type":"Exchange","avoidedProduct":false,"input":false,"amount":10000.0,"amountFormula":"1.0*10000","internalId":1,"flow":{"@type":"Flow","@id":"8523bd1b-ff23-3fe4-8889-9a9956343594","name":"Fertilizer, switchgrass","categoryPath":["Technosphere Flows","11: Agriculture, Forestry, Fishing and Hunting","1151: Support Activities for Crop Production"],"flowType":"PRODUCT_FLOW","location":"RNA","refUnit":"m2"},"unit":{"@type":"Unit","@id":"3ce61faa-5716-41c1-aef6-b5920054acc9","name":"m2"},"flowProperty":{"@type":"FlowProperty","@id":"93a60a56-a3c8-19da-a746-0800200c9a66","name":"Area","categoryPath":["Technical flow properties"]},"quantitativeReference":true},{"@type":"Exchange","avoidedProduct":false,"input":true,"amount":10.4,"description":"Proxy: Triple superphosphate, as P2O5, at regional storehouse/RER with US electricity U. Triple super phosphate is 48% P2O5","internalId":9,"defaultProvider":{"@type":"Process","@id":"dacaeae9-aeed-3366-912d-6a31de09eef9","name":"Nitrogen fertilizer, production mix, at plant","categoryPath":["31-33: Manufacturing","3253: Pesticide, Fertilizer, and Other Agricultural Chemical Manufacturing"],"processType":"UNIT_PROCESS","location":"RNA"},"flow":{"@type":"Flow","@id":"45f1fd00-2093-3e05-9b41-e942b9e8cec9","name":"Nitrogen fertilizer, production mix, at plant","categoryPath":["Technosphere Flows","31-33: Manufacturing","3253: Pesticide, Fertilizer, and Other Agricultural Chemical Manufacturing"],"flowType":"PRODUCT_FLOW","location":"RNA","refUnit":"kg"},"unit":{"@type":"Unit","@id":"20aadc24-a391-41cf-b340-3e4529f44bde","name":"kg"},"flowProperty":{"@type":"FlowProperty","@id":"93a60a56-a3c8-11da-a746-0800200b9a66","name":"Mass","categoryPath":["Technical flow properties"]}},{"@type":"Exchange","avoidedProduct":false,"input":false,"amount":14.8,"description":"Assuming 10% of N applied volatalizes to NH3. IPCC 1997. Will likely need adjustmetn b/c N fertlizer will be applied to SG in granular form which does not volatalize as much.","internalId":5,"flow":{"@type":"Flow","@id":"65b5d5dd-95b5-36b2-8cb0-7c5501ff1e32","name":"Ammonia","categoryPath":["Elementary Flows","emission","air"],"flowType":"ELEMENTARY_FLOW","refUnit":"kg"},"unit":{"@type":"Unit","@id":"20aadc24-a391-41cf-b340-3e4529f44bde","name":"kg"},"flowProperty":{"@type":"FlowProperty","@id":"93a60a56-a3c8-11da-a746-0800200b9a66","name":"Mass","categoryPath":["Technical flow properties"]}},{"@type":"Exchange","avoidedProduct":false,"input":true,"amount":20000.0,"amountFormula":"2.0*10000","description":"Assuming 2 fertilizer trips per year","internalId":3,"flow":{"@type":"Flow","@id":"81040c58-d108-3d5e-8b1a-06c2126da24a","name":"Fertilising, by broadcaster","categoryPath":["Technosphere Flows","CUTOFF Flows"],"flowType":"PRODUCT_FLOW","refUnit":"m2"},"unit":{"@type":"Unit","@id":"3ce61faa-5716-41c1-aef6-b5920054acc9","name":"m2"},"flowProperty":{"@type":"FlowProperty","@id":"93a60a56-a3c8-19da-a746-0800200c9a66","name":"Area","categoryPath":["Technical flow properties"]}},{"@type":"Exchange","avoidedProduct":false,"input":true,"amount":122.0,"description":"Muriate of potash is 60% K2O","internalId":8,"flow":{"@type":"Flow","@id":"6b902763-aac9-346e-932c-1ce6f29d5904","name":"Potassium chloride, as K2O, at regional storehouse","categoryPath":["Technosphere Flows","CUTOFF Flows"],"flowType":"PRODUCT_FLOW","refUnit":"kg"},"unit":{"@type":"Unit","@id":"20aadc24-a391-41cf-b340-3e4529f44bde","name":"kg"},"flowProperty":{"@type":"FlowProperty","@id":"93a60a56-a3c8-11da-a746-0800200b9a66","name":"Mass","categoryPath":["Technical flow properties"]}},{"@type":"Exchange","avoidedProduct":false,"input":false,"amount":4.14E-4,"description":"NO3-N leaching, assuming 30% of fertilizer N applied leaches below the root zone. IPCC 1997. This will likely need adjustment because N will not leach as much due to the continuous cover of SG","internalId":7,"flow":{"@type":"Flow","@id":"3a1aa0d4-0faf-318d-8e92-0b0817460c94","name":"Nitrate","categoryPath":["Elementary Flows","emission","water","subterranean"],"flowType":"ELEMENTARY_FLOW","refUnit":"kg"},"unit":{"@type":"Unit","@id":"20aadc24-a391-41cf-b340-3e4529f44bde","name":"kg"},"flowProperty":{"@type":"FlowProperty","@id":"93a60a56-a3c8-11da-a746-0800200b9a66","name":"Mass","categoryPath":["Technical flow properties"]}},{"@type":"Exchange","avoidedProduct":false,"input":true,"amount":9.49,"description":"transport to field. 2.61 tkm for ammonium nitrate, 0.181 tkm for triple phosphate, 4.09 tkm for potassium nitrate, 2.61 tkm for Urea as N.","internalId":6,"defaultProvider":{"@type":"Process","@id":"34156f3c-28ef-33db-9ad0-6293a2aa0d52","name":"Transport, combination truck, diesel powered","categoryPath":["48-49: Transportation and Warehousing","4841: General Freight Trucking"],"processType":"UNIT_PROCESS","location":"RNA"},"flow":{"@type":"Flow","@id":"628c07ec-0802-39c1-ab88-1c62848ef436","name":"Transport, combination truck, diesel powered","categoryPath":["Technosphere Flows","48-49: Transportation and Warehousing","4841: General Freight Trucking"],"flowType":"PRODUCT_FLOW","location":"RNA","refUnit":"t*km"},"unit":{"@type":"Unit","@id":"0dea4ed8-bb6b-4049-b2b4-b2c413ef2180","name":"t*km"},"flowProperty":{"@type":"FlowProperty","@id":"838aaa20-0117-11db-92e3-0800200c9a66","name":"Goods transport (mass*distance)","categoryPath":["Technical flow properties"]}},{"@type":"Exchange","avoidedProduct":false,"input":true,"amount":64.8,"description":"Proxy: Ammonium nitrate, as N, at regional storehouse/RER with US electricity U. N application is split equally, in terms of N applied, between ammonium nitrate and urea b/c they are the least expensive grannular N forms (USDA-ERS, 2007). Ammonium nitrate is 33% N","internalId":4,"defaultProvider":{"@type":"Process","@id":"33f08f48-349e-31f1-b600-aa7e9713ca50","name":"Ammonia, steam reforming, liquid, at plant","categoryPath":["31-33: Manufacturing","3253: Pesticide, Fertilizer, and Other Agricultural Chemical Manufacturing"],"processType":"UNIT_PROCESS","location":"RNA"},"flow":{"@type":"Flow","@id":"072a4586-44d6-3428-a15c-8e1e8a0031cc","name":"Ammonia, steam reforming, liquid, at plant","categoryPath":["Technosphere Flows","31-33: Manufacturing","3253: Pesticide, Fertilizer, and Other Agricultural Chemical Manufacturing"],"flowType":"PRODUCT_FLOW","refUnit":"kg"},"unit":{"@type":"Unit","@id":"20aadc24-a391-41cf-b340-3e4529f44bde","name":"kg"},"flowProperty":{"@type":"FlowProperty","@id":"93a60a56-a3c8-11da-a746-0800200b9a66","name":"Mass","categoryPath":["Technical flow properties"]}},{"@type":"Exchange","avoidedProduct":false,"input":false,"amount":1.96,"description":"Assuming 1.25% of N applied is lost via denitrification as N2O. IPCC 1997. Will likely need to be adjusted.","internalId":2,"flow":{"@type":"Flow","@id":"cfee0524-7ad6-300b-b050-6249135a2492","name":"Nitrous oxide","categoryPath":["Elementary Flows","emission","air"],"flowType":"ELEMENTARY_FLOW","refUnit":"kg"},"unit":{"@type":"Unit","@id":"20aadc24-a391-41cf-b340-3e4529f44bde","name":"kg"},"flowProperty":{"@type":"FlowProperty","@id":"93a60a56-a3c8-11da-a746-0800200b9a66","name":"Mass","categoryPath":["Technical flow properties"]}}]}