<?xml version="1.0" encoding="UTF-8" standalone="yes"?>
<c:contactDataSet xmlns:m="http://lca.jrc.it/ILCD/LCIAMethod" xmlns:common="http://lca.jrc.it/ILCD/Common" xmlns:s="http://lca.jrc.it/ILCD/Source" xmlns:c="http://lca.jrc.it/ILCD/Contact" xmlns:f="http://lca.jrc.it/ILCD/Flow" xmlns="http://lca.jrc.it/ILCD/Process" xmlns:fp="http://lca.jrc.it/ILCD/FlowProperty" xmlns:u="http://lca.jrc.it/ILCD/UnitGroup" version="1.1">
    <c:contactInformation>
        <c:dataSetInformation>
            <common:UUID>38e67478-a915-43d9-ad67-e25db79a4acc</common:UUID>
            <common:name xml:lang="en">Franklin Associates, A Division of ERG</common:name>
            <c:classificationInformation/>
            <c:contactAddress xml:lang="en">11050 Roe Ave., 66211 Overland Park, KS</c:contactAddress>
            <c:telephone>(913) 649-2225</c:telephone>
            <c:telefax>(913) 649-6494</c:telefax>
            <c:email>FranklinAssociates@ERG.com</c:email>
            <c:WWWAddress>www.fal.com</c:WWWAddress>
            <c:contactDescriptionOrComment xml:lang="en">For more than 40 years, Franklin Associates has provided life cycle services that track and identify the true costs and environmental impacts of products or processes, revealing areas where improvements and cost reductions are needed to maximize company profits and minimize environmental burdens. Franklin life cycle studies are conducted following ISO standards 14040 and 14044. </c:contactDescriptionOrComment>
        </c:dataSetInformation>
    </c:contactInformation>
    <c:administrativeInformation>
        <c:dataEntryBy>
            <common:timeStamp>2017-11-27T16:25:10.176-07:00</common:timeStamp>
            <common:referenceToDataSetFormat type="source data set" refObjectId="a97a0155-0234-4b87-b4ce-a45da52f2a40" version="01.01.000" uri="../sources/a97a0155-0234-4b87-b4ce-a45da52f2a40_01.01.000.xml">
                <common:shortDescription xml:lang="en">ILCD format</common:shortDescription>
            </common:referenceToDataSetFormat>
        </c:dataEntryBy>
        <c:publicationAndOwnership>
            <common:dataSetVersion>01.01.003</common:dataSetVersion>
            <common:permanentDataSetURI>http://openlca.org/ilcd/resource/contacts/38e67478-a915-43d9-ad67-e25db79a4acc</common:permanentDataSetURI>
        </c:publicationAndOwnership>
    </c:administrativeInformation>
</c:contactDataSet>
