<?xml version="1.0" encoding="UTF-8" standalone="yes"?>
<c:contactDataSet xmlns:m="http://lca.jrc.it/ILCD/LCIAMethod" xmlns:common="http://lca.jrc.it/ILCD/Common" xmlns:s="http://lca.jrc.it/ILCD/Source" xmlns:c="http://lca.jrc.it/ILCD/Contact" xmlns:f="http://lca.jrc.it/ILCD/Flow" xmlns="http://lca.jrc.it/ILCD/Process" xmlns:fp="http://lca.jrc.it/ILCD/FlowProperty" xmlns:u="http://lca.jrc.it/ILCD/UnitGroup" version="1.1">
    <c:contactInformation>
        <c:dataSetInformation>
            <common:UUID>510d0a32-f727-4faa-9ac9-09bdf47beffe</common:UUID>
            <common:name xml:lang="en">National Energy Technology Laboratory </common:name>
            <c:classificationInformation/>
            <c:contactDescriptionOrComment xml:lang="en">NETL - Unit Process Library</c:contactDescriptionOrComment>
        </c:dataSetInformation>
    </c:contactInformation>
    <c:administrativeInformation>
        <c:dataEntryBy>
            <common:timeStamp>2019-07-19T09:37:39.055-06:00</common:timeStamp>
            <common:referenceToDataSetFormat type="source data set" refObjectId="a97a0155-0234-4b87-b4ce-a45da52f2a40" version="01.01.000" uri="../sources/a97a0155-0234-4b87-b4ce-a45da52f2a40_01.01.000.xml">
                <common:shortDescription xml:lang="en">ILCD format</common:shortDescription>
            </common:referenceToDataSetFormat>
        </c:dataEntryBy>
        <c:publicationAndOwnership>
            <common:dataSetVersion>00.00.000</common:dataSetVersion>
            <common:permanentDataSetURI>http://openlca.org/ilcd/resource/contacts/510d0a32-f727-4faa-9ac9-09bdf47beffe</common:permanentDataSetURI>
        </c:publicationAndOwnership>
    </c:administrativeInformation>
</c:contactDataSet>
