{"@type":"Process","@id":"0381ede3-9567-44c0-9200-cbbef872097e","name":"Steam methane reforming plant; small-scale; construction","description":"This cradle to gate unit process is for the construction of one small-scale steam methane reforming plant. This model is based on European data but has been adapted to represent US conditions. Data were originally collected by Schreiber et al., 2020 and have been adapted by the National Renewable Energy Laboratory (NREL). Details for this dataset are restricted due to confidentiality. The system boundary of this dataset includes the main incoming materials with transportation and air emissions but excludes periphery materials such as cables and motors. It is important to note that this model is a rough estimation of the materials and emissions associated with constructing a small-scale steam methane reforming plant. This data should not be used for the construction of a large-scale plant due to different designs.","category":"23: Construction/2362: Nonresidential Building Construction","version":"00.00.009","lastChange":"2023-06-28T18:16:01.970Z","processType":"UNIT_PROCESS","isInfrastructureProcess":false,"location":{"@type":"Location","@id":"0b3b97fa-6688-3c56-88ee-4ae80ec0c3c2","name":"United States"},"processDocumentation":{"timeDescription":"This unit process is representative of data collected from a study that was published in 2020. The data is based on industry process designs and simulations so specific details are confidential. This dataset has been adapted recently to reflect US conditions and to allocate flows as needed.","technologyDescription":"This process represents the construction of a small-scale steam methane reforming plant. Construction details are limited due to confidentiality.","dataCollectionDescription":"Data were collected from Schreiber et al., 2020. The data for this paper was obtained from confidential modeling data and estimations and industry process designs.","completenessDescription":"TREATMENT OF MISSING ENVIRONMENTAL DATA: It is unknown whether a cutoff for elementary flows was used in the original study.\r\n\r\nTREATMENT OF MISSING TECHNOSPHERE FLOWS: It is unknown whether a cutoff for elementary flows was used in the original study. Missing technosphere flows are unknown.\r\n\r\nMASS BALANCE: The mass imbalance for this unit process is unknown.","dataSelectionDescription":"Data for the construction of a small-scale steam methane reforming plant was collected and adapted from the original study, Schreiber et al., 2020. The data in the original study was collected from design and material estimations.","dataTreatmentDescription":"The original model used European incoming datasets, which have been switched to US based incoming datasets in this model. Flows have been adapted and emissions have been calculated for this dataset. ","inventoryMethodDescription":"An attributional LCI method was used to develop the dataset.","modelingConstantsDescription":"This process was adapted from the Schreiber et al., 2020. ","samplingDescription":"BOUNDARY CONDITIONS: The system boundary includes upstream burdens from incoming materials. Periphery materials such as cables and motors are excluded from the system boundary.\r\n\r\nDATA COLLECTION: Data were collected from Schreiber et al., 2020.\r\n\r\nUNCERTAINTY ESTIMATION: It is unknown whether an uncertainty estimation was performed.","restrictionsDescription":"These U.S. LCI Database Project data (\"Data\") are provided by the National Renewable Energy Laboratory (\"NREL\"), operated by the Alliance for Sustainable Energy, LLC (\"Alliance\") for the US Department of Energy (\"DOE\") under Contract No. DE-AC36-08GO28308. The United States Government (the \"Government\") retains and the user acknowledges that the Government retains a non-exclusive, paid-up, irrevocable, worldwide license to publish or reproduce the published form of these data, or allow others to do so, for Government purposes.\r\n\r\nAccess to and use of these Data shall impose the following obligations on the user, as set forth in this Agreement. The user is granted the right, without any fee or cost, to use, copy, modify, alter, enhance and distribute these Data for any purpose whatsoever, provided that this entire notice appears in all copies of the Data. Any modification, alteration or enhancement of these data shall be identified and documented by the user. Further, the user agrees to credit the DOE/NREL/Alliance in any publication that results from the use of these Data. The names DOE/NREL/Alliance, however, may not be used in any advertising or publicity to endorse or promote any products or commercial entities unless specific written permission is obtained from DOE/NREL/Alliance. The user also understands that DOE/NREL/Alliance is not obligated to provide the user with any support, consulting, training or assistance of any kind with regard to the use of these Data or to provide the user with any updates, revisions or new versions of these Data.\r\n\r\nYOU AGREE TO INDEMNIFY THE GOVERNMENT AND DOE/NREL/ALLIANCE, AND ITS SUBSIDIARIES, AFFILIATES, OFFICERS, AGENTS, AND EMPLOYEES AGAINST ANY CLAIM OR DEMAND, INCLUDING REASONABLE ATTORNEYS\u0027 FEES, RELATED TO YOUR USE OF THESE DATA. THESE DATA ARE PROVIDED BY DOE/NREL/ALLIANCE \"AS IS\" AND ANY EXPRESS OR IMPLIED WARRANTIES, INCLUDING BUT NOT LIMITED TO, THE IMPLIED WARRANTIES OF MERCHANTABILITY AND FITNESS FOR A PARTICULAR PURPOSE ARE DISCLAIMED. IN NO EVENT SHALL THE GOVERNMENT OR DOE/NREL/ALLIANCE BE LIABLE FOR ANY SPECIAL, INDIRECT OR CONSEQUENTIAL DAMAGES OR ANY DAMAGES WHATSOEVER, INCLUDING BUT NOT LIMITED TO CLAIMS ASSOCIATED WITH THE LOSS OF DATA OR PROFITS, WHICH MAY RESULT FROM AN ACTION IN CONTRACT, NEGLIGENCE OR OTHER TORTIOUS CLAIM THAT ARISES OUT OF OR IN CONNECTION WITH THE ACCESS, USE OR PERFORMANCE OF THESE DATA.","isCopyrightProtected":false,"intendedApplication":"The intended application for this process is for accounting purposes as described in Goal Situation C1 from the ILCD Handbook\u0027s Detailed Guidance. LCA studies with this intended application offer \"purely descriptive documentation of the system under analysis (e.g., a product, sector or country), without being interested in any potential consequences on other parts of the economy.” The studies categorized under Goal Situation C1 do NOT consider existing benefits outside the analyzed system such as recycling. The target audience of this dataset is LCA practitioners, industry, the general public, and policymakers. This model was originally built for an LCA and was originally developed and analyzed with the ReCiPe and CML2001 impact assessment methods. The completeness of elementary flows is unknown and it is not an update to a previous USLCI dataset.","projectDescription":"This project was funded by NREL.","geographyDescription":"This process is representative of the construction a small-scale steam methane reforming plant under US conditions. This study was originally conducted under European conditions. The construction process is similar in Europe and the US.","creationDate":"2023-02-22T16:25:39.482","validFrom":"2015-01-01","validUntil":"2022-12-31","reviewer":{"@type":"Actor","@id":"f05dd60a-8d40-4909-b7e9-973efe81ed5e","name":"National Renewable Energy Laboratory"},"dataDocumentor":{"@type":"Actor","@id":"38e67478-a915-43d9-ad67-e25db79a4acc","name":"Franklin Associates, A Division of ERG"},"dataGenerator":{"@type":"Actor","@id":"f05dd60a-8d40-4909-b7e9-973efe81ed5e","name":"National Renewable Energy Laboratory"},"dataSetOwner":{"@type":"Actor","@id":"f05dd60a-8d40-4909-b7e9-973efe81ed5e","name":"National Renewable Energy Laboratory"},"publication":{"@type":"Source","@id":"cb140124-3b71-4764-9c16-1378edd3ddf0","name":"Schreiber, A"},"sources":[{"@type":"Source","@id":"cb140124-3b71-4764-9c16-1378edd3ddf0","name":"Schreiber, A"}]},"lastInternalId":21,"dqSystem":{"@type":"DQSystem","@id":"70bf370f-9912-4ec1-baa3-fbd4eaf85a10","name":"US EPA - Process Pedigree Matrix"},"dqEntry":"(4;5)","parameters":[],"exchanges":[{"@type":"Exchange","isAvoidedProduct":false,"isInput":false,"amount":1.0,"internalId":1,"flow":{"@type":"Flow","@id":"74548bac-cf2d-4026-bcca-3edc4dec62f0","name":"Steam methane reforming plant; construction","category":"Technosphere Flows/23: Construction/2362: Nonresidential Building Construction","flowType":"PRODUCT_FLOW","refUnit":"Item(s)"},"unit":{"@type":"Unit","@id":"6dabe201-aaac-4509-92f0-d00c26cb72ab","name":"Item(s)"},"flowProperty":{"@type":"FlowProperty","@id":"01846770-4cfe-4a25-8ad9-919d8d378345","name":"Number of items","category":"Technical flow properties","refUnit":"Item(s)"},"isQuantitativeReference":true},{"@type":"Exchange","isAvoidedProduct":false,"isInput":true,"amount":770799.0768,"internalId":8,"flow":{"@type":"Flow","@id":"13f50f4e-6aee-34f6-b3af-20503373f75d","name":"Limestone","category":"Elementary Flows/resource/ground","flowType":"ELEMENTARY_FLOW","refUnit":"kg"},"unit":{"@type":"Unit","@id":"20aadc24-a391-41cf-b340-3e4529f44bde","name":"kg"},"flowProperty":{"@type":"FlowProperty","@id":"93a60a56-a3c8-11da-a746-0800200b9a66","name":"Mass","category":"Technical flow properties","refUnit":"kg"}},{"@type":"Exchange","isAvoidedProduct":false,"isInput":true,"amount":3.433909887E7,"description":"Deionized water production and supply","internalId":2,"flow":{"@type":"Flow","@id":"82f8b155-a9c4-3e4b-ac66-1e33af2f8f54","name":"Water, process, deionized","category":"Technosphere Flows/CUTOFF Flows","flowType":"PRODUCT_FLOW","refUnit":"kg"},"unit":{"@type":"Unit","@id":"20aadc24-a391-41cf-b340-3e4529f44bde","name":"kg"},"flowProperty":{"@type":"FlowProperty","@id":"93a60a56-a3c8-11da-a746-0800200b9a66","name":"Mass","category":"Technical flow properties","refUnit":"kg"}},{"@type":"Exchange","isAvoidedProduct":false,"isInput":false,"amount":0.00129,"internalId":17,"flow":{"@type":"Flow","@id":"0418b561-ecf8-33c8-9c81-225789f15bd3","name":"Particulate matter","category":"Elementary Flows/emission/air","flowType":"ELEMENTARY_FLOW","refUnit":"kg"},"unit":{"@type":"Unit","@id":"20aadc24-a391-41cf-b340-3e4529f44bde","name":"kg"},"flowProperty":{"@type":"FlowProperty","@id":"93a60a56-a3c8-11da-a746-0800200b9a66","name":"Mass","category":"Technical flow properties","refUnit":"kg"}},{"@type":"Exchange","isAvoidedProduct":false,"isInput":false,"amount":7.4E-5,"internalId":13,"flow":{"@type":"Flow","@id":"187c525c-3715-388c-b303-a0671524a615","name":"Carbon monoxide","category":"Elementary Flows/emission/air","flowType":"ELEMENTARY_FLOW","refUnit":"kg"},"unit":{"@type":"Unit","@id":"20aadc24-a391-41cf-b340-3e4529f44bde","name":"kg"},"flowProperty":{"@type":"FlowProperty","@id":"93a60a56-a3c8-11da-a746-0800200b9a66","name":"Mass","category":"Technical flow properties","refUnit":"kg"}},{"@type":"Exchange","isAvoidedProduct":false,"isInput":false,"amount":0.0012825,"internalId":18,"flow":{"@type":"Flow","@id":"42e4c3cb-8468-3004-bd4b-19e6cbb81687","name":"Sulfur oxides","category":"Elementary Flows/emission/air","flowType":"ELEMENTARY_FLOW","refUnit":"kg"},"unit":{"@type":"Unit","@id":"20aadc24-a391-41cf-b340-3e4529f44bde","name":"kg"},"flowProperty":{"@type":"FlowProperty","@id":"93a60a56-a3c8-11da-a746-0800200b9a66","name":"Mass","category":"Technical flow properties","refUnit":"kg"}},{"@type":"Exchange","isAvoidedProduct":false,"isInput":false,"amount":2.92E-6,"internalId":16,"flow":{"@type":"Flow","@id":"cfee0524-7ad6-300b-b050-6249135a2492","name":"Nitrous oxide","category":"Elementary Flows/emission/air","flowType":"ELEMENTARY_FLOW","refUnit":"kg"},"unit":{"@type":"Unit","@id":"20aadc24-a391-41cf-b340-3e4529f44bde","name":"kg"},"flowProperty":{"@type":"FlowProperty","@id":"93a60a56-a3c8-11da-a746-0800200b9a66","name":"Mass","category":"Technical flow properties","refUnit":"kg"}},{"@type":"Exchange","isAvoidedProduct":false,"isInput":true,"amount":539559.3538,"internalId":19,"flow":{"@type":"Flow","@id":"d968271a-1b25-4a28-b160-afd92b39fe74","name":"Iron scrap, at plant","category":"Technosphere Flows/CUTOFF Flows","flowType":"PRODUCT_FLOW","refUnit":"kg"},"unit":{"@type":"Unit","@id":"20aadc24-a391-41cf-b340-3e4529f44bde","name":"kg"},"flowProperty":{"@type":"FlowProperty","@id":"93a60a56-a3c8-11da-a746-0800200b9a66","name":"Mass","category":"Technical flow properties","refUnit":"kg"}},{"@type":"Exchange","isAvoidedProduct":false,"isInput":false,"amount":0.0076608,"internalId":10,"flow":{"@type":"Flow","@id":"444f7585-f828-423d-8e36-5614650b7556","name":"Disposal, industrial solid waste","category":"Technosphere Flows/CUTOFF Flows","flowType":"WASTE_FLOW","refUnit":"kg"},"unit":{"@type":"Unit","@id":"20aadc24-a391-41cf-b340-3e4529f44bde","name":"kg"},"flowProperty":{"@type":"FlowProperty","@id":"93a60a56-a3c8-11da-a746-0800200b9a66","name":"Mass","category":"Technical flow properties","refUnit":"kg"}},{"@type":"Exchange","isAvoidedProduct":false,"isInput":true,"amount":1.3613275195E7,"amountFormula":"544531.0078*25","description":"Coal calorific value \u003d 25 MJ/kg ","internalId":4,"flow":{"@type":"Flow","@id":"2da3e17c-4c2d-31e8-9b7d-964051d8a4d3","name":"Coal","category":"Elementary Flows/resource/ground/subterranean","flowType":"ELEMENTARY_FLOW","refUnit":"MJ"},"unit":{"@type":"Unit","@id":"52765a6c-3896-43c2-b2f4-c679acf13efe","name":"MJ"},"flowProperty":{"@type":"FlowProperty","@id":"f6811440-ee37-11de-8a39-0800200c9a66","name":"Energy","category":"Technical flow properties","refUnit":"MJ"}},{"@type":"Exchange","isAvoidedProduct":false,"isInput":false,"amount":2046587.169,"description":"Fossil carbon dioxide","internalId":11,"flow":{"@type":"Flow","@id":"b6f010fb-a764-3063-af2d-bcb8309a97b7","name":"Carbon dioxide","category":"Elementary Flows/emission/air","flowType":"ELEMENTARY_FLOW","refUnit":"kg"},"unit":{"@type":"Unit","@id":"20aadc24-a391-41cf-b340-3e4529f44bde","name":"kg"},"flowProperty":{"@type":"FlowProperty","@id":"93a60a56-a3c8-11da-a746-0800200b9a66","name":"Mass","category":"Technical flow properties","refUnit":"kg"}},{"@type":"Exchange","isAvoidedProduct":false,"isInput":true,"amount":4267.5,"internalId":5,"flow":{"@type":"Flow","@id":"76b18b27-d602-4ae2-a959-d12738c429c2","name":"Concrete, at plant","category":"Technosphere Flows/CUTOFF Flows","flowType":"PRODUCT_FLOW","refUnit":"m3"},"unit":{"@type":"Unit","@id":"1c3a9695-398d-4b1f-b07e-a8715b610f70","name":"m3"},"flowProperty":{"@type":"FlowProperty","@id":"93a60a56-a3c8-22da-a746-0800200c9a66","name":"Volume","category":"Technical flow properties","refUnit":"m3"}},{"@type":"Exchange","isAvoidedProduct":false,"isInput":false,"amount":2.856E-4,"description":"Non-methane hydrocarbons","internalId":14,"flow":{"@type":"Flow","@id":"6a8ca31c-ede5-38b1-8c30-2d50fb499a55","name":"Hydrocarbons","category":"Elementary Flows/emission/air","flowType":"ELEMENTARY_FLOW","refUnit":"kg"},"unit":{"@type":"Unit","@id":"20aadc24-a391-41cf-b340-3e4529f44bde","name":"kg"},"flowProperty":{"@type":"FlowProperty","@id":"93a60a56-a3c8-11da-a746-0800200b9a66","name":"Mass","category":"Technical flow properties","refUnit":"kg"}},{"@type":"Exchange","isAvoidedProduct":false,"isInput":true,"amount":237020.7161,"internalId":21,"flow":{"@type":"Flow","@id":"67d71d59-8951-30d6-a5c8-2ddbe3cc92de","name":"Crude oil, extracted","category":"Technosphere Flows/21: Mining, Quarrying, and Oil and Gas Extraction/2111: Oil and Gas Extraction","flowType":"PRODUCT_FLOW","location":"RNA","refUnit":"kg"},"unit":{"@type":"Unit","@id":"20aadc24-a391-41cf-b340-3e4529f44bde","name":"kg"},"flowProperty":{"@type":"FlowProperty","@id":"93a60a56-a3c8-11da-a746-0800200b9a66","name":"Mass","category":"Technical flow properties","refUnit":"kg"},"defaultProvider":{"@type":"Process","@id":"e53e0de4-6c90-3519-850b-eb670f2c641b","name":"Crude oil, extracted","category":"21: Mining, Quarrying, and Oil and Gas Extraction/2111: Oil and Gas Extraction","processType":"UNIT_PROCESS","flowType":"PRODUCT_FLOW","location":"RNA"}},{"@type":"Exchange","isAvoidedProduct":false,"isInput":true,"amount":3272000.0,"description":"Surrogate for \"steel production, converter, chromium steel 18/8\" and \"sheet rolling, chromium steel\"","internalId":6,"flow":{"@type":"Flow","@id":"3f2fed05-f530-32e9-b0f9-0dcb5280aa9d","name":"Steel, stainless 304, flat rolled coil","category":"Technosphere Flows/31-33: Manufacturing/3311: Iron and Steel Mills and Ferroalloy Manufacturing","flowType":"PRODUCT_FLOW","location":"RNA","refUnit":"kg"},"unit":{"@type":"Unit","@id":"20aadc24-a391-41cf-b340-3e4529f44bde","name":"kg"},"flowProperty":{"@type":"FlowProperty","@id":"93a60a56-a3c8-11da-a746-0800200b9a66","name":"Mass","category":"Technical flow properties","refUnit":"kg"},"defaultProvider":{"@type":"Process","@id":"49f5324b-fc33-36e9-b5af-3c80d73492bd","name":"Steel, stainless 304, flat rolled coil","category":"31-33: Manufacturing/3311: Iron and Steel Mills and Ferroalloy Manufacturing","processType":"UNIT_PROCESS","flowType":"PRODUCT_FLOW","location":"RNA"}},{"@type":"Exchange","isAvoidedProduct":false,"isInput":false,"amount":2.214E-4,"internalId":15,"flow":{"@type":"Flow","@id":"4382ba18-dd21-3837-80b2-94283ef5490e","name":"Nitrogen oxides","category":"Elementary Flows/emission/air","flowType":"ELEMENTARY_FLOW","refUnit":"kg"},"unit":{"@type":"Unit","@id":"20aadc24-a391-41cf-b340-3e4529f44bde","name":"kg"},"flowProperty":{"@type":"FlowProperty","@id":"93a60a56-a3c8-11da-a746-0800200b9a66","name":"Mass","category":"Technical flow properties","refUnit":"kg"}},{"@type":"Exchange","isAvoidedProduct":false,"isInput":true,"amount":496201.9057,"description":"Iron ore and iron scrap","internalId":3,"flow":{"@type":"Flow","@id":"290d9a3e-ae36-3c36-b755-8bbf90c17054","name":"Iron","category":"Elementary Flows/resource/ground","flowType":"ELEMENTARY_FLOW","refUnit":"kg"},"unit":{"@type":"Unit","@id":"20aadc24-a391-41cf-b340-3e4529f44bde","name":"kg"},"flowProperty":{"@type":"FlowProperty","@id":"93a60a56-a3c8-11da-a746-0800200b9a66","name":"Mass","category":"Technical flow properties","refUnit":"kg"}},{"@type":"Exchange","isAvoidedProduct":false,"isInput":true,"amount":27000.0,"internalId":20,"flow":{"@type":"Flow","@id":"218f8159-44ed-3f71-8d24-de81476cc8a6","name":"Aluminum, sheet, coated, at plant","category":"Technosphere Flows/31-33: Manufacturing/3313: Alumina and Aluminum Production and Processing","flowType":"PRODUCT_FLOW","location":"RNA","refUnit":"kg"},"unit":{"@type":"Unit","@id":"20aadc24-a391-41cf-b340-3e4529f44bde","name":"kg"},"flowProperty":{"@type":"FlowProperty","@id":"93a60a56-a3c8-11da-a746-0800200b9a66","name":"Mass","category":"Technical flow properties","refUnit":"kg"},"defaultProvider":{"@type":"Process","@id":"0f02f4bf-055b-35ff-ac40-1a21be06165f","name":"Aluminum, sheet, coated, at plant","category":"31-33: Manufacturing/3313: Alumina and Aluminum Production and Processing","processType":"UNIT_PROCESS","flowType":"PRODUCT_FLOW","location":"RNA"}}],"socialAspects":[],"allocationFactors":[]}