{"@type":"Process","@id":"25b4ad17-ccd9-36ff-8ed5-4ad7b4814ae3","name":"Switchgrass, ground and stored, 2022","category":"11: Agriculture, Forestry, Fishing and Hunting/1151: Support Activities for Crop Production","version":"00.00.007","lastChange":"2023-03-31T19:04:06.964Z","processType":"UNIT_PROCESS","defaultAllocationMethod":"NO_ALLOCATION","isInfrastructureProcess":false,"location":{"@type":"Location","@id":"b320e7db-c758-3ba6-8839-81eb83c9d7d7","name":"Northern America"},"processDocumentation":{"timeDescription":"2010","technologyDescription":"future","restrictionsDescription":"All information can be accessed by everybody.","isCopyrightProtected":false,"geographyDescription":"North America","creationDate":"2015-08-13T15:49:54.114","validFrom":"2009-12-31","validUntil":"2099-12-31","dataDocumentor":{"@type":"Actor","@id":"04ed125f-ffa7-33b1-af24-77f5bdb21a05","name":"Daniel Inman"},"dataGenerator":{"@type":"Actor","@id":"04ed125f-ffa7-33b1-af24-77f5bdb21a05","name":"Daniel Inman"},"publication":{"@type":"Source","@id":"a1d1d73e-7d93-3a6b-a3bc-3b2f4f025b86","name":"Hsu, D. "},"sources":[{"@type":"Source","@id":"a1d1d73e-7d93-3a6b-a3bc-3b2f4f025b86","name":"Hsu, D. "},{"@type":"Source","@id":"5e8e63da-4488-3b1d-98fb-446078a7cfac","name":"Hess, J. "},{"@type":"Source","@id":"fd33ab84-02f3-3c5d-9f4c-6b5a31b81c8f","name":"Jacobson, J.J. "}]},"lastInternalId":12,"parameters":[],"exchanges":[{"@type":"Exchange","isAvoidedProduct":false,"isInput":false,"amount":1000.0,"amountFormula":"1.0*1000","internalId":2,"flow":{"@type":"Flow","@id":"db2c1447-2d40-3fa4-83b2-fe2753bbbf6a","name":"Switchgrass, ground and stored","category":"Technosphere Flows/11: Agriculture, Forestry, Fishing and Hunting/1151: Support Activities for Crop Production","flowType":"PRODUCT_FLOW","location":"RNA","refUnit":"kg"},"unit":{"@type":"Unit","@id":"20aadc24-a391-41cf-b340-3e4529f44bde","name":"kg"},"flowProperty":{"@type":"FlowProperty","@id":"93a60a56-a3c8-11da-a746-0800200b9a66","name":"Mass","category":"Technical flow properties","refUnit":"kg"},"defaultProvider":{"@type":"Process","@id":"727c4049-41db-3645-a4f9-af66fa92dee0","name":"Switchgrass, carted, 2022","category":"11: Agriculture, Forestry, Fishing and Hunting/1151: Support Activities for Crop Production","processType":"UNIT_PROCESS","flowType":"PRODUCT_FLOW","location":"RNA"},"isQuantitativeReference":true},{"@type":"Exchange","isAvoidedProduct":false,"isInput":true,"amount":9.5711E-8,"internalId":11,"flow":{"@type":"Flow","@id":"b9b48819-4f4c-3518-92c0-33591198c46c","name":"Dried roughage store, non ventilated","category":"Technosphere Flows/CUTOFF Flows","flowType":"PRODUCT_FLOW","refUnit":"m3"},"unit":{"@type":"Unit","@id":"1c3a9695-398d-4b1f-b07e-a8715b610f70","name":"m3"},"flowProperty":{"@type":"FlowProperty","@id":"93a60a56-a3c8-22da-a746-0800200c9a66","name":"Volume","category":"Technical flow properties","refUnit":"m3"}},{"@type":"Exchange","isAvoidedProduct":false,"isInput":true,"amount":63.928,"description":"Electricity needed for dust collection: Proxy: Electricity, medium voltage, at grid/US with US electricity U.","internalId":4,"flow":{"@type":"Flow","@id":"06581fb2-1de0-3e78-8298-f37605dea142","name":"Electricity, at grid","category":"Technosphere Flows/22: Utilities/2211: Electric Power Generation, Transmission and Distribution","flowType":"PRODUCT_FLOW","location":"RNA","refUnit":"MJ"},"unit":{"@type":"Unit","@id":"86ad2244-1f0e-4912-af53-7865283103e4","name":"kWh"},"flowProperty":{"@type":"FlowProperty","@id":"f6811440-ee37-11de-8a39-0800200c9a66","name":"Energy","category":"Technical flow properties","refUnit":"MJ"},"defaultProvider":{"@type":"Process","@id":"89389d98-1ba6-30c5-9c33-92443694936b","name":"Electricity, at Grid, US, 2010","category":"22: Utilities/2211: Electric Power Generation, Transmission and Distribution","processType":"UNIT_PROCESS","flowType":"PRODUCT_FLOW","location":"RNA"}},{"@type":"Exchange","isAvoidedProduct":false,"isInput":true,"amount":1330.0,"amountFormula":"1.33*1000","description":"comes in wet","internalId":12,"flow":{"@type":"Flow","@id":"360f513b-5196-32f6-83d0-4effb21b0297","name":"Switchgrass, carted","category":"Technosphere Flows/11: Agriculture, Forestry, Fishing and Hunting/1151: Support Activities for Crop Production","flowType":"PRODUCT_FLOW","location":"RNA","refUnit":"kg"},"unit":{"@type":"Unit","@id":"20aadc24-a391-41cf-b340-3e4529f44bde","name":"kg"},"flowProperty":{"@type":"FlowProperty","@id":"93a60a56-a3c8-11da-a746-0800200b9a66","name":"Mass","category":"Technical flow properties","refUnit":"kg"},"defaultProvider":{"@type":"Process","@id":"727c4049-41db-3645-a4f9-af66fa92dee0","name":"Switchgrass, carted, 2022","category":"11: Agriculture, Forestry, Fishing and Hunting/1151: Support Activities for Crop Production","processType":"UNIT_PROCESS","flowType":"PRODUCT_FLOW","location":"RNA"}},{"@type":"Exchange","isAvoidedProduct":false,"isInput":true,"amount":50.0,"internalId":7,"flow":{"@type":"Flow","@id":"28b025c1-5897-3e01-8aa2-166cd2c9f86d","name":"Corn wet mill, gluten drying, AP-42","category":"Technosphere Flows/31-33: Manufacturing/3112: Grain and Oilseed Milling","flowType":"PRODUCT_FLOW","location":"RNA","refUnit":"kg"},"unit":{"@type":"Unit","@id":"20aadc24-a391-41cf-b340-3e4529f44bde","name":"kg"},"flowProperty":{"@type":"FlowProperty","@id":"93a60a56-a3c8-11da-a746-0800200b9a66","name":"Mass","category":"Technical flow properties","refUnit":"kg"},"defaultProvider":{"@type":"Process","@id":"097d2f2c-d006-3b27-84de-98e6a364e411","name":"Corn wet mill, gluten drying, AP-42","category":"31-33: Manufacturing/3112: Grain and Oilseed Milling","processType":"UNIT_PROCESS","flowType":"PRODUCT_FLOW","location":"RNA"}},{"@type":"Exchange","isAvoidedProduct":false,"isInput":true,"amount":1.43,"description":"loading bales for grinder. Calculation of number of bales comes from 2000 lbs of corn stover divided by weight per bale. Trailer volume is 2511 ft^3 (INL table 4-5), density is 12 lbs/ft^3 dry (\u003d20 wet at 40% moisture).","internalId":8,"flow":{"@type":"Flow","@id":"cfac72e7-9da9-3fd3-b24b-45b95791bdea","name":"Loading bales","category":"Technosphere Flows/CUTOFF Flows","flowType":"PRODUCT_FLOW","refUnit":"Item(s)"},"unit":{"@type":"Unit","@id":"6dabe201-aaac-4509-92f0-d00c26cb72ab","name":"Item(s)"},"flowProperty":{"@type":"FlowProperty","@id":"01846770-4cfe-4a25-8ad9-919d8d378345","name":"Number of items","category":"Technical flow properties","refUnit":"Item(s)"}},{"@type":"Exchange","isAvoidedProduct":false,"isInput":true,"amount":3.4747E-5,"description":"conveyor for grinder in-feed system","internalId":6,"flow":{"@type":"Flow","@id":"5a5e261a-2f46-3391-8bf9-84e626efeb59","name":"Conveyor belt, at plant","category":"Technosphere Flows/CUTOFF Flows","flowType":"PRODUCT_FLOW","refUnit":"m"},"unit":{"@type":"Unit","@id":"3d314eab-ef11-4ff3-a35e-9bc5cd858694","name":"m"},"flowProperty":{"@type":"FlowProperty","@id":"838aaa23-0117-11db-92e3-0800200c9a66","name":"Length","category":"Technical flow properties","refUnit":"m"}},{"@type":"Exchange","isAvoidedProduct":false,"isInput":true,"amount":970.03,"amountFormula":"0.97003*1000","internalId":10,"flow":{"@type":"Flow","@id":"aa3f78a4-9fec-3904-886f-443aa760a4ae","name":"Grinding","category":"Technosphere Flows/11: Agriculture, Forestry, Fishing and Hunting/1151: Support Activities for Crop Production","flowType":"PRODUCT_FLOW","location":"RNA","refUnit":"kg"},"unit":{"@type":"Unit","@id":"20aadc24-a391-41cf-b340-3e4529f44bde","name":"kg"},"flowProperty":{"@type":"FlowProperty","@id":"93a60a56-a3c8-11da-a746-0800200b9a66","name":"Mass","category":"Technical flow properties","refUnit":"kg"},"defaultProvider":{"@type":"Process","@id":"ccc739c2-aec2-30d0-a1f1-a7ae81af1e8a","name":"Grinding","category":"11: Agriculture, Forestry, Fishing and Hunting/1151: Support Activities for Crop Production","processType":"UNIT_PROCESS","flowType":"PRODUCT_FLOW","location":"RNA"}},{"@type":"Exchange","isAvoidedProduct":false,"isInput":false,"amount":333.0,"description":"water dried per ton of final moisture corn stover.","internalId":1,"flow":{"@type":"Flow","@id":"5d0d9a58-22de-3582-a07a-b4c3748f9472","name":"Water","category":"Elementary Flows/emission/air/troposphere/rural","flowType":"ELEMENTARY_FLOW","refUnit":"kg"},"unit":{"@type":"Unit","@id":"20aadc24-a391-41cf-b340-3e4529f44bde","name":"kg"},"flowProperty":{"@type":"FlowProperty","@id":"93a60a56-a3c8-11da-a746-0800200b9a66","name":"Mass","category":"Technical flow properties","refUnit":"kg"}},{"@type":"Exchange","isAvoidedProduct":false,"isInput":true,"amount":2.2653,"description":"loading to storage","internalId":9,"flow":{"@type":"Flow","@id":"ded62531-fa5b-3666-b34e-e2c76e81d172","name":"Fodder loading, by self-loading trailer","category":"Technosphere Flows/CUTOFF Flows","flowType":"PRODUCT_FLOW","refUnit":"m3"},"unit":{"@type":"Unit","@id":"1c3a9695-398d-4b1f-b07e-a8715b610f70","name":"m3"},"flowProperty":{"@type":"FlowProperty","@id":"93a60a56-a3c8-22da-a746-0800200c9a66","name":"Volume","category":"Technical flow properties","refUnit":"m3"}},{"@type":"Exchange","isAvoidedProduct":false,"isInput":true,"amount":0.9,"internalId":3,"flow":{"@type":"Flow","@id":"13f37d5b-be6f-3843-9c10-f6518bab1a3b","name":"Agricultural machinery, general, production","category":"Technosphere Flows/CUTOFF Flows","flowType":"PRODUCT_FLOW","refUnit":"kg"},"unit":{"@type":"Unit","@id":"20aadc24-a391-41cf-b340-3e4529f44bde","name":"kg"},"flowProperty":{"@type":"FlowProperty","@id":"93a60a56-a3c8-11da-a746-0800200b9a66","name":"Mass","category":"Technical flow properties","refUnit":"kg"}}],"socialAspects":[],"allocationFactors":[]}