{"@type":"Process","@id":"a3b730ce-d657-383b-b485-e5d082d96424","name":"Winter wheat straw, production, average, US, 2022","description":"Wheat production based on US average yeilds and practices extrapolated from historic data to 2022. Includes all crop production processes from field preperation to crop maturity. Infrastructure, maintenance, and construction of faciilities and equipment is included. Harvest and storage is not included. Grain and components are assumed to be at field-dry conditions of 15% moisture. \n\nMultiple output process\n\nProcess has been reviewed by Dr. Dwayne Westfall, Dept Soil and Crop Sciences, Colorado State University. Date of review Sept 10 - 30 2008.                                                                                                                              Data from NASS where available. Projections based on historic data. Extrapolation of historic data to 2022 estimates. mass based between straw and grain. Biomass Production: 12/08\\Incremental Allocation","category":"11: Agriculture, Forestry, Fishing and Hunting/1111: Oilseed and Grain Farming","version":"00.00.003","lastChange":"2023-03-31T19:04:06.949Z","processType":"UNIT_PROCESS","defaultAllocationMethod":"NO_ALLOCATION","isInfrastructureProcess":false,"location":{"@type":"Location","@id":"b320e7db-c758-3ba6-8839-81eb83c9d7d7","name":"Northern America"},"processDocumentation":{"timeDescription":"2010 and after","technologyDescription":"Future technology","restrictionsDescription":"All information can be accessed by everybody.","isCopyrightProtected":false,"geographyDescription":"North America","creationDate":"2013-10-22T14:16:10","validFrom":"2009-12-31","validUntil":"2100-12-30","dataDocumentor":{"@type":"Actor","@id":"04ed125f-ffa7-33b1-af24-77f5bdb21a05","name":"Daniel Inman"},"dataGenerator":{"@type":"Actor","@id":"04ed125f-ffa7-33b1-af24-77f5bdb21a05","name":"Daniel Inman"},"publication":{"@type":"Source","@id":"a1d1d73e-7d93-3a6b-a3bc-3b2f4f025b86","name":"Hsu, D. "},"sources":[{"@type":"Source","@id":"a1d1d73e-7d93-3a6b-a3bc-3b2f4f025b86","name":"Hsu, D. "},{"@type":"Source","@id":"1136b413-aadb-3d5e-9cde-44c8abd7e18c","name":"USDA "},{"@type":"Source","@id":"6de8aca0-016f-3a82-9b0c-c7349d4c36e7","name":"Hess, J. R. "}]},"lastInternalId":5,"parameters":[],"exchanges":[{"@type":"Exchange","isAvoidedProduct":false,"isInput":false,"amount":1040.0,"internalId":1,"flow":{"@type":"Flow","@id":"010fd805-fa43-382c-8332-2a8303335002","name":"Winter wheat straw, production","category":"Technosphere Flows/11: Agriculture, Forestry, Fishing and Hunting/1111: Oilseed and Grain Farming","flowType":"PRODUCT_FLOW","location":"RNA","refUnit":"kg"},"unit":{"@type":"Unit","@id":"20aadc24-a391-41cf-b340-3e4529f44bde","name":"kg"},"flowProperty":{"@type":"FlowProperty","@id":"93a60a56-a3c8-11da-a746-0800200b9a66","name":"Mass","category":"Technical flow properties","refUnit":"kg"},"isQuantitativeReference":true},{"@type":"Exchange","isAvoidedProduct":false,"isInput":true,"amount":926.8060776,"description":"LHV for wheat straw. Data from the Phyllis database http://www.ecn.nl/phyllis/ Verified 9/28/08.","internalId":4,"flow":{"@type":"Flow","@id":"7feeb363-fbeb-37ad-937f-080834b9dc35","name":"Biomass","category":"Elementary Flows/resource/biotic","flowType":"ELEMENTARY_FLOW","refUnit":"kg"},"unit":{"@type":"Unit","@id":"20aadc24-a391-41cf-b340-3e4529f44bde","name":"kg"},"flowProperty":{"@type":"FlowProperty","@id":"93a60a56-a3c8-11da-a746-0800200b9a66","name":"Mass","category":"Technical flow properties","refUnit":"kg"}},{"@type":"Exchange","isAvoidedProduct":false,"isInput":true,"amount":1470.0,"description":"Wheat straw is 46% carbon dry weight basis, adjusted to 15% moisture. Data from: Phyllis database available online: http://www.ecn.nl/phyllis/dataTable.asp \nVerified 10/14/08","internalId":3,"flow":{"@type":"Flow","@id":"58b5cd90-8ba4-32ea-b4aa-3a3438ba8419","name":"Carbon dioxide","category":"Elementary Flows/resource/air","flowType":"ELEMENTARY_FLOW","refUnit":"kg"},"unit":{"@type":"Unit","@id":"20aadc24-a391-41cf-b340-3e4529f44bde","name":"kg"},"flowProperty":{"@type":"FlowProperty","@id":"93a60a56-a3c8-11da-a746-0800200b9a66","name":"Mass","category":"Technical flow properties","refUnit":"kg"}},{"@type":"Exchange","isAvoidedProduct":false,"isInput":true,"amount":10000.0,"amountFormula":"1.0*10000","description":"Fertilizer data from  Data from: USDA NASS. 2007.  \nAgricultural Chemical Usage 2006 Field Crops Summary: revision. Page 57.","internalId":2,"flow":{"@type":"Flow","@id":"718f9c20-b5b5-35d8-93cd-1310aeffa8e4","name":"Fertilizer, winter wheat straw","category":"Technosphere Flows/11: Agriculture, Forestry, Fishing and Hunting/1151: Support Activities for Crop Production","flowType":"PRODUCT_FLOW","location":"RNA","refUnit":"m2"},"unit":{"@type":"Unit","@id":"3ce61faa-5716-41c1-aef6-b5920054acc9","name":"m2"},"flowProperty":{"@type":"FlowProperty","@id":"93a60a56-a3c8-19da-a746-0800200c9a66","name":"Area","category":"Technical flow properties","refUnit":"m2"},"defaultProvider":{"@type":"Process","@id":"14b0912f-fb6d-321d-8f42-0ea35918689f","name":"Fertilizer, winter wheat straw, 2022","category":"11: Agriculture, Forestry, Fishing and Hunting/1151: Support Activities for Crop Production","processType":"UNIT_PROCESS","flowType":"PRODUCT_FLOW","location":"RNA"}},{"@type":"Exchange","isAvoidedProduct":false,"isInput":true,"amount":3200.0,"amountFormula":"0.32*10000","description":"Single pass harvest is scaled up to account for increased material flow. 1.46 ha \u003d 1 ha single pass. The .46 is attributable to straw","internalId":5,"flow":{"@type":"Flow","@id":"98aa5572-5b40-3a90-8d79-771e63c02838","name":"Harvest, wheat, single pass","category":"Technosphere Flows/11: Agriculture, Forestry, Fishing and Hunting/1151: Support Activities for Crop Production","flowType":"PRODUCT_FLOW","location":"RNA","refUnit":"m2"},"unit":{"@type":"Unit","@id":"3ce61faa-5716-41c1-aef6-b5920054acc9","name":"m2"},"flowProperty":{"@type":"FlowProperty","@id":"93a60a56-a3c8-19da-a746-0800200c9a66","name":"Area","category":"Technical flow properties","refUnit":"m2"},"defaultProvider":{"@type":"Process","@id":"786522bf-e3a2-3db6-8794-a8d26a370faa","name":"Harvest, wheat, single pass","category":"11: Agriculture, Forestry, Fishing and Hunting/1151: Support Activities for Crop Production","processType":"UNIT_PROCESS","flowType":"PRODUCT_FLOW","location":"RNA"}}],"socialAspects":[],"allocationFactors":[]}