{"@type":"Process","@id":"e9c2710d-9752-324a-bb0b-52b683e295b5","name":"Metal panel, insulated, at plant","description":"Continuous IMP production process entails forming the continuous metal facers while at the same time (at another point on the continuous line) injecting the foam mixture into the panel assembly. The foam then expands and fills the cavity between the metal skins as they enter a platen conveyor. Panels are then cut to length with an in-line cross cut saw. Post fabrication work, available through some manufacturers, can be performed on the product to treat the cut ends of the panels.  The IMP production process includes all material and inbound transportation necessary for construction-ready products: coated steel coils, foaming agents, and packaging materials.  Energy and utility inputs include electricity, natural gas, and propane.  All known solid waste, air, and water emissions are captured in the output.","category":"31-33: Manufacturing/3323: Architectural and Structural Metals Manufacturing","version":"00.02.014","lastChange":"2023-03-31T19:04:03.269Z","processType":"UNIT_PROCESS","defaultAllocationMethod":"NO_ALLOCATION","isInfrastructureProcess":false,"location":{"@type":"Location","@id":"b320e7db-c758-3ba6-8839-81eb83c9d7d7","name":"Northern America"},"processDocumentation":{"technologyDescription":"Insulated metal panel (IMP) for external building surfaces. Technology based on companies identified by Metal Construction Association to be representative of industry.","restrictionsDescription":"All information can be accessed by everybody.","isCopyrightProtected":false,"geographyDescription":"North America","creationDate":"2015-09-17T15:09:00.412","validFrom":"2013-07-31","validUntil":"2015-02-27","dataDocumentor":{"@type":"Actor","@id":"e73e828c-b2d9-3c9e-8c53-c69230ea733f","name":"PE INTERNATIONAL"},"dataGenerator":{"@type":"Actor","@id":"e73e828c-b2d9-3c9e-8c53-c69230ea733f","name":"PE INTERNATIONAL"},"publication":{"@type":"Source","@id":"5bbd4651-4877-3e98-ac3a-a3a3fd933ca5","name":"PE INTERNATIONAL "},"sources":[{"@type":"Source","@id":"5bbd4651-4877-3e98-ac3a-a3a3fd933ca5","name":"PE INTERNATIONAL "}]},"lastInternalId":45,"parameters":[],"exchanges":[{"@type":"Exchange","isAvoidedProduct":false,"isInput":false,"amount":1.0,"description":"","internalId":1,"flow":{"@type":"Flow","@id":"c721bcd6-869a-354c-876e-22879d5781de","name":"Metal panel, insulated, at plant","category":"Technosphere Flows/31-33: Manufacturing/3323: Architectural and Structural Metals Manufacturing","flowType":"PRODUCT_FLOW","location":"RNA","refUnit":"m2"},"unit":{"@type":"Unit","@id":"3ce61faa-5716-41c1-aef6-b5920054acc9","name":"m2"},"flowProperty":{"@type":"FlowProperty","@id":"93a60a56-a3c8-19da-a746-0800200c9a66","name":"Area","category":"Technical flow properties","refUnit":"m2"},"defaultProvider":{"@type":"Process","@id":"0aaf1e13-5d80-37f9-b7bb-81a6b8965c71","name":"Petroleum refining, at refinery","category":"31-33: Manufacturing/3241: Petroleum and Coal Products Manufacturing","processType":"UNIT_PROCESS","flowType":"PRODUCT_FLOW","location":"RNA"},"isQuantitativeReference":true},{"@type":"Exchange","isAvoidedProduct":false,"isInput":false,"amount":8.87940721076767E-6,"internalId":29,"flow":{"@type":"Flow","@id":"7b2a26ef-86ec-39e1-82e6-016b31800e2b","name":"Ethylbenzene","category":"Elementary Flows/emission/air","flowType":"ELEMENTARY_FLOW","refUnit":"kg"},"unit":{"@type":"Unit","@id":"20aadc24-a391-41cf-b340-3e4529f44bde","name":"kg"},"flowProperty":{"@type":"FlowProperty","@id":"93a60a56-a3c8-11da-a746-0800200b9a66","name":"Mass","category":"Technical flow properties","refUnit":"kg"}},{"@type":"Exchange","isAvoidedProduct":false,"isInput":false,"amount":0.00117954796898808,"internalId":31,"flow":{"@type":"Flow","@id":"f4650238-f108-3647-88f5-5b357ae771b2","name":"Hazardous Air Pollutants (HAPs)","category":"Elementary Flows/emission/air","flowType":"ELEMENTARY_FLOW","refUnit":"kg"},"unit":{"@type":"Unit","@id":"20aadc24-a391-41cf-b340-3e4529f44bde","name":"kg"},"flowProperty":{"@type":"FlowProperty","@id":"93a60a56-a3c8-11da-a746-0800200b9a66","name":"Mass","category":"Technical flow properties","refUnit":"kg"}},{"@type":"Exchange","isAvoidedProduct":false,"isInput":true,"amount":0.0871830774614121,"internalId":40,"flow":{"@type":"Flow","@id":"2f9d79bf-e4c6-400a-a076-8c00f468fa3b","name":"Polyethylene, low-density, LDPE, virgin resin, at plant","category":"Technosphere Flows/31-33: Manufacturing/3252: Resin, Synthetic Rubber, and Artificial and Synthetic Fibers and Filaments Manufacturing","flowType":"PRODUCT_FLOW","refUnit":"kg"},"unit":{"@type":"Unit","@id":"20aadc24-a391-41cf-b340-3e4529f44bde","name":"kg"},"flowProperty":{"@type":"FlowProperty","@id":"93a60a56-a3c8-11da-a746-0800200b9a66","name":"Mass","category":"Technical flow properties","refUnit":"kg"},"defaultProvider":{"@type":"Process","@id":"6a12cba1-889d-4515-90f8-89feb8d662f2","name":"Polyethylene, low-density, LDPE, virgin resin, at plant","category":"31-33: Manufacturing/3252: Resin, Synthetic Rubber, and Artificial and Synthetic Fibers and Filaments Manufacturing","processType":"UNIT_PROCESS","flowType":"PRODUCT_FLOW","location":"RNA"}},{"@type":"Exchange","isAvoidedProduct":false,"isInput":true,"amount":2.3273216914055443E-4,"description":"m3 amount LPG replaces \"CUTOFF Thermal energy from propane (MJ)\" using HHV 49.1 MJ/kg for LPG and density 543.478 kg/m3 (per USLCI petroleum refining products densities)","internalId":45,"flow":{"@type":"Flow","@id":"813325ee-9eb4-3825-9280-bee7b1a2e9a8","name":"Liquefied petroleum gas, at refinery","category":"Technosphere Flows/31-33: Manufacturing/3241: Petroleum and Coal Products Manufacturing","flowType":"PRODUCT_FLOW","location":"RNA","refUnit":"m3"},"unit":{"@type":"Unit","@id":"1c3a9695-398d-4b1f-b07e-a8715b610f70","name":"m3"},"flowProperty":{"@type":"FlowProperty","@id":"93a60a56-a3c8-22da-a746-0800200c9a66","name":"Volume","category":"Technical flow properties","refUnit":"m3"},"defaultProvider":{"@type":"Process","@id":"0aaf1e13-5d80-37f9-b7bb-81a6b8965c71","name":"Petroleum refining, at refinery","category":"31-33: Manufacturing/3241: Petroleum and Coal Products Manufacturing","processType":"UNIT_PROCESS","flowType":"PRODUCT_FLOW","location":"RNA"}},{"@type":"Exchange","isAvoidedProduct":false,"isInput":true,"amount":9.43225843821161E-5,"internalId":43,"flow":{"@type":"Flow","@id":"ac9f972d-6835-35c6-bbc1-b5008f066e68","name":"Recycling, petroleum based wastes, unspecified","category":"Technosphere Flows/CUTOFF Flows","flowType":"PRODUCT_FLOW","refUnit":"kg"},"unit":{"@type":"Unit","@id":"20aadc24-a391-41cf-b340-3e4529f44bde","name":"kg"},"flowProperty":{"@type":"FlowProperty","@id":"93a60a56-a3c8-11da-a746-0800200b9a66","name":"Mass","category":"Technical flow properties","refUnit":"kg"}},{"@type":"Exchange","isAvoidedProduct":false,"isInput":false,"amount":0.0144031364840288,"internalId":22,"flow":{"@type":"Flow","@id":"6f861846-1c4c-3fc9-a198-56b2d9abd83b","name":"Volatile organic compounds","category":"Elementary Flows/emission/air","flowType":"ELEMENTARY_FLOW","refUnit":"kg"},"unit":{"@type":"Unit","@id":"20aadc24-a391-41cf-b340-3e4529f44bde","name":"kg"},"flowProperty":{"@type":"FlowProperty","@id":"93a60a56-a3c8-11da-a746-0800200b9a66","name":"Mass","category":"Technical flow properties","refUnit":"kg"}},{"@type":"Exchange","isAvoidedProduct":false,"isInput":true,"amount":8.95747940429088E-4,"internalId":3,"flow":{"@type":"Flow","@id":"6d7370f7-fb61-3b21-a1c8-f4b03a482455","name":"Disposal, chemical waste, unspecified, to residual material landfill","category":"Technosphere Flows/CUTOFF Flows","flowType":"PRODUCT_FLOW","refUnit":"kg"},"unit":{"@type":"Unit","@id":"20aadc24-a391-41cf-b340-3e4529f44bde","name":"kg"},"flowProperty":{"@type":"FlowProperty","@id":"93a60a56-a3c8-11da-a746-0800200b9a66","name":"Mass","category":"Technical flow properties","refUnit":"kg"}},{"@type":"Exchange","isAvoidedProduct":false,"isInput":true,"amount":0.0568505941737822,"internalId":32,"flow":{"@type":"Flow","@id":"562a4c30-29da-3584-9c76-cc11ff271681","name":"Glue-adhesive(30-50% terpene,30-50% polybutene,5-10% polyolefin), at plant","category":"Technosphere Flows/CUTOFF Flows","flowType":"PRODUCT_FLOW","refUnit":"kg"},"unit":{"@type":"Unit","@id":"20aadc24-a391-41cf-b340-3e4529f44bde","name":"kg"},"flowProperty":{"@type":"FlowProperty","@id":"93a60a56-a3c8-11da-a746-0800200b9a66","name":"Mass","category":"Technical flow properties","refUnit":"kg"}},{"@type":"Exchange","isAvoidedProduct":false,"isInput":true,"amount":0.0234437823212316,"internalId":34,"flow":{"@type":"Flow","@id":"2208b49f-004e-388d-982e-f3953b55cf96","name":"Tetrafluoroethane (R-134a)","category":"Technosphere Flows/CUTOFF Flows","flowType":"PRODUCT_FLOW","refUnit":"kg"},"unit":{"@type":"Unit","@id":"20aadc24-a391-41cf-b340-3e4529f44bde","name":"kg"},"flowProperty":{"@type":"FlowProperty","@id":"93a60a56-a3c8-11da-a746-0800200b9a66","name":"Mass","category":"Technical flow properties","refUnit":"kg"}},{"@type":"Exchange","isAvoidedProduct":false,"isInput":true,"amount":0.0913024754036715,"internalId":27,"flow":{"@type":"Flow","@id":"cc5415fd-2095-31f1-8e53-c5fcd2fd8c54","name":"Polystyrene, exapnded, EPS, virgin resin; batch suspension polymerization; industry average, at plant","category":"Technosphere Flows/31-33: Manufacturing/3252: Resin, Synthetic Rubber, and Artificial and Synthetic Fibers and Filaments Manufacturing","flowType":"PRODUCT_FLOW","location":"RNA","refUnit":"kg"},"unit":{"@type":"Unit","@id":"20aadc24-a391-41cf-b340-3e4529f44bde","name":"kg"},"flowProperty":{"@type":"FlowProperty","@id":"93a60a56-a3c8-11da-a746-0800200b9a66","name":"Mass","category":"Technical flow properties","refUnit":"kg"},"defaultProvider":{"@type":"Process","@id":"cf1241fd-8c01-3412-9030-8650b8e75669","name":"Polystyrene, expanded, EPS, virgin resin; batch suspension polymerization; industry average, at plant","category":"31-33: Manufacturing/3252: Resin, Synthetic Rubber, and Artificial and Synthetic Fibers and Filaments Manufacturing","processType":"UNIT_PROCESS","flowType":"PRODUCT_FLOW","location":"RNA"}},{"@type":"Exchange","isAvoidedProduct":false,"isInput":false,"amount":9.844365420252E-4,"internalId":6,"flow":{"@type":"Flow","@id":"3f72fe9c-b003-38ee-b8d2-13a84f60506c","name":"Toluene","category":"Elementary Flows/emission/air","flowType":"ELEMENTARY_FLOW","refUnit":"kg"},"unit":{"@type":"Unit","@id":"20aadc24-a391-41cf-b340-3e4529f44bde","name":"kg"},"flowProperty":{"@type":"FlowProperty","@id":"93a60a56-a3c8-11da-a746-0800200b9a66","name":"Mass","category":"Technical flow properties","refUnit":"kg"}},{"@type":"Exchange","isAvoidedProduct":false,"isInput":true,"amount":13.991356,"internalId":11,"flow":{"@type":"Flow","@id":"06581fb2-1de0-3e78-8298-f37605dea142","name":"Electricity, at grid","category":"Technosphere Flows/22: Utilities/2211: Electric Power Generation, Transmission and Distribution","flowType":"PRODUCT_FLOW","location":"RNA","refUnit":"MJ"},"unit":{"@type":"Unit","@id":"86ad2244-1f0e-4912-af53-7865283103e4","name":"kWh"},"flowProperty":{"@type":"FlowProperty","@id":"f6811440-ee37-11de-8a39-0800200c9a66","name":"Energy","category":"Technical flow properties","refUnit":"MJ"},"defaultProvider":{"@type":"Process","@id":"89389d98-1ba6-30c5-9c33-92443694936b","name":"Electricity, at Grid, US, 2010","category":"22: Utilities/2211: Electric Power Generation, Transmission and Distribution","processType":"UNIT_PROCESS","flowType":"PRODUCT_FLOW","location":"RNA"}},{"@type":"Exchange","isAvoidedProduct":false,"isInput":true,"amount":11.65126246,"internalId":9,"flow":{"@type":"Flow","@id":"55725953-49d5-3d31-97ab-40077034f62d","name":"Galvanized steel coil, coated, at plant","category":"Technosphere Flows/31-33: Manufacturing/3328: Coating, Engraving, Heat Treating, and Allied Activities","flowType":"PRODUCT_FLOW","location":"RNA","refUnit":"kg"},"unit":{"@type":"Unit","@id":"20aadc24-a391-41cf-b340-3e4529f44bde","name":"kg"},"flowProperty":{"@type":"FlowProperty","@id":"93a60a56-a3c8-11da-a746-0800200b9a66","name":"Mass","category":"Technical flow properties","refUnit":"kg"},"defaultProvider":{"@type":"Process","@id":"41ecdfe1-8026-3373-96c4-ee1921f2525c","name":"Galvanized steel coil, coated, at plant","category":"31-33: Manufacturing/3328: Coating, Engraving, Heat Treating, and Allied Activities","processType":"UNIT_PROCESS","flowType":"PRODUCT_FLOW","location":"RNA"}},{"@type":"Exchange","isAvoidedProduct":false,"isInput":false,"amount":0.00523867293739934,"internalId":21,"flow":{"@type":"Flow","@id":"7b9895e6-0772-37fb-ba17-bd7a1093586d","name":"Diethylene glycol","category":"Elementary Flows/emission/air","flowType":"ELEMENTARY_FLOW","refUnit":"kg"},"unit":{"@type":"Unit","@id":"20aadc24-a391-41cf-b340-3e4529f44bde","name":"kg"},"flowProperty":{"@type":"FlowProperty","@id":"93a60a56-a3c8-11da-a746-0800200b9a66","name":"Mass","category":"Technical flow properties","refUnit":"kg"}},{"@type":"Exchange","isAvoidedProduct":false,"isInput":true,"amount":0.00393925514711428,"internalId":17,"flow":{"@type":"Flow","@id":"42f408e1-26cd-3ed2-9bdb-d406ec7b968d","name":"Surfaced dried lumber; at planer mill","category":"Technosphere Flows/31-33: Manufacturing/3219: Other Wood Product Manufacturing","flowType":"PRODUCT_FLOW","location":"US","refUnit":"kg"},"unit":{"@type":"Unit","@id":"20aadc24-a391-41cf-b340-3e4529f44bde","name":"kg"},"flowProperty":{"@type":"FlowProperty","@id":"93a60a56-a3c8-11da-a746-0800200b9a66","name":"Mass","category":"Technical flow properties","refUnit":"kg"}},{"@type":"Exchange","isAvoidedProduct":false,"isInput":true,"amount":2798.54386461833,"internalId":24,"flow":{"@type":"Flow","@id":"1c639821-1428-35ac-aaa4-277aacdc7420","name":"Transport, single unit truck, long-haul, diesel powered","category":"Technosphere Flows/48-49: Transportation and Warehousing/4841: General Freight Trucking","flowType":"PRODUCT_FLOW","location":"RNA","refUnit":"t*km"},"unit":{"@type":"Unit","@id":"a40229e6-7275-42e3-a304-23d590044770","name":"kg*km"},"flowProperty":{"@type":"FlowProperty","@id":"838aaa20-0117-11db-92e3-0800200c9a66","name":"Goods transport (mass*distance)","category":"Technical flow properties","refUnit":"t*km"},"defaultProvider":{"@type":"Process","@id":"c3be0482-cb54-39f8-8638-dd3a4dec68eb","name":"Transport, single unit truck, long-haul, diesel powered, Northwest","category":"48-49: Transportation and Warehousing/4841: General Freight Trucking","processType":"UNIT_PROCESS","flowType":"PRODUCT_FLOW","location":"RNA"}},{"@type":"Exchange","isAvoidedProduct":false,"isInput":false,"amount":7.63421540138427E-7,"internalId":41,"flow":{"@type":"Flow","@id":"94fa15b7-6d89-34d9-a473-c9cfcf457c7d","name":"Isocyanic acid","category":"Elementary Flows/emission/air","flowType":"ELEMENTARY_FLOW","refUnit":"kg"},"unit":{"@type":"Unit","@id":"20aadc24-a391-41cf-b340-3e4529f44bde","name":"kg"},"flowProperty":{"@type":"FlowProperty","@id":"93a60a56-a3c8-11da-a746-0800200b9a66","name":"Mass","category":"Technical flow properties","refUnit":"kg"}},{"@type":"Exchange","isAvoidedProduct":false,"isInput":false,"amount":6.68909954166496E-5,"internalId":8,"flow":{"@type":"Flow","@id":"031590c9-2a66-3ecc-8f20-613e5fe40c1a","name":"Acetone","category":"Elementary Flows/emission/water","flowType":"ELEMENTARY_FLOW","refUnit":"kg"},"unit":{"@type":"Unit","@id":"20aadc24-a391-41cf-b340-3e4529f44bde","name":"kg"},"flowProperty":{"@type":"FlowProperty","@id":"93a60a56-a3c8-11da-a746-0800200b9a66","name":"Mass","category":"Technical flow properties","refUnit":"kg"}},{"@type":"Exchange","isAvoidedProduct":false,"isInput":false,"amount":2.65989663533027E-5,"internalId":39,"flow":{"@type":"Flow","@id":"16e9aaa4-b307-3860-a1af-e82f5a1dbd64","name":"Methyl isobutyl ketone","category":"Elementary Flows/emission/air","flowType":"ELEMENTARY_FLOW","refUnit":"kg"},"unit":{"@type":"Unit","@id":"20aadc24-a391-41cf-b340-3e4529f44bde","name":"kg"},"flowProperty":{"@type":"FlowProperty","@id":"93a60a56-a3c8-11da-a746-0800200b9a66","name":"Mass","category":"Technical flow properties","refUnit":"kg"}},{"@type":"Exchange","isAvoidedProduct":false,"isInput":true,"amount":0.001258165,"internalId":14,"flow":{"@type":"Flow","@id":"945a2b4b-8245-3347-ae34-cba43f0d4a28","name":"Oriented strand board; at OSB mill","category":"Technosphere Flows/31-33: Manufacturing/3212: Veneer, Plywood, and Engineered Wood Product Manufacturing","flowType":"PRODUCT_FLOW","location":"US","refUnit":"m3"},"unit":{"@type":"Unit","@id":"1c3a9695-398d-4b1f-b07e-a8715b610f70","name":"m3"},"flowProperty":{"@type":"FlowProperty","@id":"93a60a56-a3c8-22da-a746-0800200c9a66","name":"Volume","category":"Technical flow properties","refUnit":"m3"}},{"@type":"Exchange","isAvoidedProduct":false,"isInput":true,"amount":0.477609070060861,"internalId":18,"flow":{"@type":"Flow","@id":"b9805c17-55a5-3f41-ae31-a866a39232fc","name":"Recycling, Steel scrap","category":"Technosphere Flows/CUTOFF Flows","flowType":"PRODUCT_FLOW","refUnit":"kg"},"unit":{"@type":"Unit","@id":"20aadc24-a391-41cf-b340-3e4529f44bde","name":"kg"},"flowProperty":{"@type":"FlowProperty","@id":"93a60a56-a3c8-11da-a746-0800200b9a66","name":"Mass","category":"Technical flow properties","refUnit":"kg"}},{"@type":"Exchange","isAvoidedProduct":false,"isInput":true,"amount":1.75917989570925,"internalId":12,"flow":{"@type":"Flow","@id":"8850417f-b844-34b8-8f39-b373e9783d52","name":"Methylene diphenyl diisocyanate, MDI, resin, at plant","category":"Technosphere Flows/31-33: Manufacturing/3252: Resin, Synthetic Rubber, and Artificial and Synthetic Fibers and Filaments Manufacturing","flowType":"PRODUCT_FLOW","location":"RNA","refUnit":"kg"},"unit":{"@type":"Unit","@id":"20aadc24-a391-41cf-b340-3e4529f44bde","name":"kg"},"flowProperty":{"@type":"FlowProperty","@id":"93a60a56-a3c8-11da-a746-0800200b9a66","name":"Mass","category":"Technical flow properties","refUnit":"kg"},"defaultProvider":{"@type":"Process","@id":"d1bf60a0-272b-3ef0-951c-7febc0546d58","name":"Methylene diphenyl diisocyanate, MDI; at plant, mass alloc","category":"31-33: Manufacturing/3252: Resin, Synthetic Rubber, and Artificial and Synthetic Fibers and Filaments Manufacturing","processType":"UNIT_PROCESS","flowType":"PRODUCT_FLOW","location":"RNA"}},{"@type":"Exchange","isAvoidedProduct":false,"isInput":true,"amount":4.07158154740495E-4,"internalId":30,"flow":{"@type":"Flow","@id":"4be14204-2cc3-31e1-b37c-00272f9adecf","name":"Paper, woodcontaining, LWC, at plant","category":"Technosphere Flows/CUTOFF Flows","flowType":"PRODUCT_FLOW","refUnit":"kg"},"unit":{"@type":"Unit","@id":"20aadc24-a391-41cf-b340-3e4529f44bde","name":"kg"},"flowProperty":{"@type":"FlowProperty","@id":"93a60a56-a3c8-11da-a746-0800200b9a66","name":"Mass","category":"Technical flow properties","refUnit":"kg"}},{"@type":"Exchange","isAvoidedProduct":false,"isInput":false,"amount":1.41913494256282E-4,"internalId":7,"flow":{"@type":"Flow","@id":"ad362da4-86b8-3519-b904-d7f3be4328fe","name":"Methanol","category":"Elementary Flows/emission/air","flowType":"ELEMENTARY_FLOW","refUnit":"kg"},"unit":{"@type":"Unit","@id":"20aadc24-a391-41cf-b340-3e4529f44bde","name":"kg"},"flowProperty":{"@type":"FlowProperty","@id":"93a60a56-a3c8-11da-a746-0800200b9a66","name":"Mass","category":"Technical flow properties","refUnit":"kg"}},{"@type":"Exchange","isAvoidedProduct":false,"isInput":true,"amount":4.11543408294815E-4,"internalId":20,"flow":{"@type":"Flow","@id":"99479e91-ab64-3c73-86cb-d96373f37939","name":"Lubricant feedstock, at refinery","category":"Technosphere Flows/31-33: Manufacturing/3241: Petroleum and Coal Products Manufacturing","flowType":"PRODUCT_FLOW","refUnit":"kg"},"unit":{"@type":"Unit","@id":"20aadc24-a391-41cf-b340-3e4529f44bde","name":"kg"},"flowProperty":{"@type":"FlowProperty","@id":"93a60a56-a3c8-11da-a746-0800200b9a66","name":"Mass","category":"Technical flow properties","refUnit":"kg"},"defaultProvider":{"@type":"Process","@id":"98d423fc-789a-42d0-b961-18a96bc6491c","name":"Lubricant feedstock, at refinery","category":"31-33: Manufacturing/3241: Petroleum and Coal Products Manufacturing","processType":"UNIT_PROCESS","flowType":"PRODUCT_FLOW"}},{"@type":"Exchange","isAvoidedProduct":false,"isInput":true,"amount":0.349728496863937,"internalId":28,"flow":{"@type":"Flow","@id":"59a964a3-fdbd-3370-b38e-ff79acedbe09","name":"Pentane","category":"Technosphere Flows/CUTOFF Flows","flowType":"PRODUCT_FLOW","refUnit":"kg"},"unit":{"@type":"Unit","@id":"20aadc24-a391-41cf-b340-3e4529f44bde","name":"kg"},"flowProperty":{"@type":"FlowProperty","@id":"93a60a56-a3c8-11da-a746-0800200b9a66","name":"Mass","category":"Technical flow properties","refUnit":"kg"}},{"@type":"Exchange","isAvoidedProduct":false,"isInput":true,"amount":0.00589972166218977,"internalId":26,"flow":{"@type":"Flow","@id":"d0477b6a-115f-350d-bbb4-7f62243e3476","name":"Polypropylene, PP, virgin resin, at plant","category":"Technosphere Flows/31-33: Manufacturing/3252: Resin, Synthetic Rubber, and Artificial and Synthetic Fibers and Filaments Manufacturing","flowType":"PRODUCT_FLOW","location":"RNA","refUnit":"kg"},"unit":{"@type":"Unit","@id":"20aadc24-a391-41cf-b340-3e4529f44bde","name":"kg"},"flowProperty":{"@type":"FlowProperty","@id":"93a60a56-a3c8-11da-a746-0800200b9a66","name":"Mass","category":"Technical flow properties","refUnit":"kg"},"defaultProvider":{"@type":"Process","@id":"2e8facf6-46aa-4ddb-95de-a4e2a00eb2bb","name":"Polypropylene, PP, virgin resin, at plant","category":"31-33: Manufacturing/3252: Resin, Synthetic Rubber, and Artificial and Synthetic Fibers and Filaments Manufacturing","processType":"UNIT_PROCESS","flowType":"PRODUCT_FLOW","location":"RNA"}},{"@type":"Exchange","isAvoidedProduct":false,"isInput":true,"amount":0.00423623049352665,"internalId":37,"flow":{"@type":"Flow","@id":"448d12d1-5e33-3e04-9b02-93ff85042ed0","name":"Disposal, resins, unspecified, to sanitary landfill","category":"Technosphere Flows/CUTOFF Flows","flowType":"PRODUCT_FLOW","refUnit":"kg"},"unit":{"@type":"Unit","@id":"20aadc24-a391-41cf-b340-3e4529f44bde","name":"kg"},"flowProperty":{"@type":"FlowProperty","@id":"93a60a56-a3c8-11da-a746-0800200b9a66","name":"Mass","category":"Technical flow properties","refUnit":"kg"}},{"@type":"Exchange","isAvoidedProduct":false,"isInput":false,"amount":4.16821820279076E-4,"internalId":13,"flow":{"@type":"Flow","@id":"a7eb485a-5288-3bb8-aad2-ce1992ec92b8","name":"Particulate matter, \u003e 10μm","category":"Elementary Flows/emission/air","flowType":"ELEMENTARY_FLOW","refUnit":"kg"},"unit":{"@type":"Unit","@id":"20aadc24-a391-41cf-b340-3e4529f44bde","name":"kg"},"flowProperty":{"@type":"FlowProperty","@id":"93a60a56-a3c8-11da-a746-0800200b9a66","name":"Mass","category":"Technical flow properties","refUnit":"kg"}},{"@type":"Exchange","isAvoidedProduct":false,"isInput":true,"amount":1.04916191583159,"internalId":5,"flow":{"@type":"Flow","@id":"e788cf0b-9dbd-341c-9ab2-5a80db504bc0","name":"Polyol ether, for rigid foam polyurethane production, at plant","category":"Technosphere Flows/31-33: Manufacturing/3252: Resin, Synthetic Rubber, and Artificial and Synthetic Fibers and Filaments Manufacturing","flowType":"PRODUCT_FLOW","location":"RNA","refUnit":"kg"},"unit":{"@type":"Unit","@id":"20aadc24-a391-41cf-b340-3e4529f44bde","name":"kg"},"flowProperty":{"@type":"FlowProperty","@id":"93a60a56-a3c8-11da-a746-0800200b9a66","name":"Mass","category":"Technical flow properties","refUnit":"kg"}},{"@type":"Exchange","isAvoidedProduct":false,"isInput":false,"amount":8.90658463494832E-4,"internalId":15,"flow":{"@type":"Flow","@id":"6c7402f5-173f-358a-8724-db60071b5091","name":"Pentane","category":"Elementary Flows/emission/air","flowType":"ELEMENTARY_FLOW","refUnit":"kg"},"unit":{"@type":"Unit","@id":"20aadc24-a391-41cf-b340-3e4529f44bde","name":"kg"},"flowProperty":{"@type":"FlowProperty","@id":"93a60a56-a3c8-11da-a746-0800200b9a66","name":"Mass","category":"Technical flow properties","refUnit":"kg"}},{"@type":"Exchange","isAvoidedProduct":false,"isInput":true,"amount":0.184987074955348,"internalId":4,"flow":{"@type":"Flow","@id":"153cadce-ae16-3fa0-9741-0eb91f1c77eb","name":"Waste, industrial","category":"Technosphere Flows/56: Administrative and Support and Waste Management and Remediation Services/5622: Waste Treatment and Disposal","flowType":"WASTE_FLOW","location":"RNA","refUnit":"kg"},"unit":{"@type":"Unit","@id":"20aadc24-a391-41cf-b340-3e4529f44bde","name":"kg"},"flowProperty":{"@type":"FlowProperty","@id":"93a60a56-a3c8-11da-a746-0800200b9a66","name":"Mass","category":"Technical flow properties","refUnit":"kg"}},{"@type":"Exchange","isAvoidedProduct":false,"isInput":false,"amount":2.65989663533027E-5,"internalId":42,"flow":{"@type":"Flow","@id":"aef9d0ff-6482-3b1d-a53e-4d738bdcd9b1","name":"Xylene","category":"Elementary Flows/emission/air","flowType":"ELEMENTARY_FLOW","refUnit":"kg"},"unit":{"@type":"Unit","@id":"20aadc24-a391-41cf-b340-3e4529f44bde","name":"kg"},"flowProperty":{"@type":"FlowProperty","@id":"93a60a56-a3c8-11da-a746-0800200b9a66","name":"Mass","category":"Technical flow properties","refUnit":"kg"}},{"@type":"Exchange","isAvoidedProduct":false,"isInput":true,"amount":1.64156090699388,"internalId":44,"flow":{"@type":"Flow","@id":"ea72f92a-274c-380d-834a-01752bd795e7","name":"Plywood; at plywood plant","category":"Technosphere Flows/31-33: Manufacturing/3212: Veneer, Plywood, and Engineered Wood Product Manufacturing","flowType":"PRODUCT_FLOW","location":"US","refUnit":"kg"},"unit":{"@type":"Unit","@id":"20aadc24-a391-41cf-b340-3e4529f44bde","name":"kg"},"flowProperty":{"@type":"FlowProperty","@id":"93a60a56-a3c8-11da-a746-0800200b9a66","name":"Mass","category":"Technical flow properties","refUnit":"kg"},"defaultProvider":{"@type":"Process","@id":"dcfd311d-d8be-4c39-bd16-a5bd0dd9eec8","name":"Steel; hot-dip galvanised coil, at plant","category":"31-33: Manufacturing/3311: Iron and Steel Mills and Ferroalloy Manufacturing","processType":"LCI_RESULT","flowType":"PRODUCT_FLOW","location":"RNA"}},{"@type":"Exchange","isAvoidedProduct":false,"isInput":true,"amount":11.8465623740847,"internalId":2,"flow":{"@type":"Flow","@id":"fe598843-aa58-4c99-b4a4-d47d9c8adbe5","name":"Steel; hot-dip galvanised coil, at plant","category":"Technosphere Flows/31-33: Manufacturing/3311: Iron and Steel Mills and Ferroalloy Manufacturing","flowType":"PRODUCT_FLOW","refUnit":"kg"},"unit":{"@type":"Unit","@id":"20aadc24-a391-41cf-b340-3e4529f44bde","name":"kg"},"flowProperty":{"@type":"FlowProperty","@id":"93a60a56-a3c8-11da-a746-0800200b9a66","name":"Mass","category":"Technical flow properties","refUnit":"kg"},"defaultProvider":{"@type":"Process","@id":"dcfd311d-d8be-4c39-bd16-a5bd0dd9eec8","name":"Steel; hot-dip galvanised coil, at plant","category":"31-33: Manufacturing/3311: Iron and Steel Mills and Ferroalloy Manufacturing","processType":"LCI_RESULT","flowType":"PRODUCT_FLOW","location":"RNA"}},{"@type":"Exchange","isAvoidedProduct":false,"isInput":true,"amount":2.26069652750771,"internalId":38,"flow":{"@type":"Flow","@id":"c3c58b7e-6561-36c7-a537-b10b1f2a5e39","name":"Disposal, solid waste, unspecified, to unspecified treatment","category":"Technosphere Flows/CUTOFF Flows","flowType":"PRODUCT_FLOW","refUnit":"kg"},"unit":{"@type":"Unit","@id":"20aadc24-a391-41cf-b340-3e4529f44bde","name":"kg"},"flowProperty":{"@type":"FlowProperty","@id":"93a60a56-a3c8-11da-a746-0800200b9a66","name":"Mass","category":"Technical flow properties","refUnit":"kg"}},{"@type":"Exchange","isAvoidedProduct":false,"isInput":false,"amount":0.0146906081292577,"internalId":23,"flow":{"@type":"Flow","@id":"4fd60c2c-8625-3b10-8618-e3eacc121bbb","name":"HFC-134a","category":"Elementary Flows/emission/air","flowType":"ELEMENTARY_FLOW","refUnit":"kg"},"unit":{"@type":"Unit","@id":"20aadc24-a391-41cf-b340-3e4529f44bde","name":"kg"},"flowProperty":{"@type":"FlowProperty","@id":"93a60a56-a3c8-11da-a746-0800200b9a66","name":"Mass","category":"Technical flow properties","refUnit":"kg"}},{"@type":"Exchange","isAvoidedProduct":false,"isInput":false,"amount":5.08947693425619E-4,"internalId":35,"flow":{"@type":"Flow","@id":"94fa398f-ca31-364a-92c5-a222a18b9e50","name":"Particulate matter, \u003e 10μm","category":"Elementary Flows/emission/air/troposphere/rural","flowType":"ELEMENTARY_FLOW","refUnit":"kg"},"unit":{"@type":"Unit","@id":"20aadc24-a391-41cf-b340-3e4529f44bde","name":"kg"},"flowProperty":{"@type":"FlowProperty","@id":"93a60a56-a3c8-11da-a746-0800200b9a66","name":"Mass","category":"Technical flow properties","refUnit":"kg"}},{"@type":"Exchange","isAvoidedProduct":false,"isInput":true,"amount":0.0155705447887919,"internalId":25,"flow":{"@type":"Flow","@id":"2f9d79bf-e4c6-400a-a076-8c00f468fa3b","name":"Polyethylene, low-density, LDPE, virgin resin, at plant","category":"Technosphere Flows/31-33: Manufacturing/3252: Resin, Synthetic Rubber, and Artificial and Synthetic Fibers and Filaments Manufacturing","flowType":"PRODUCT_FLOW","refUnit":"kg"},"unit":{"@type":"Unit","@id":"20aadc24-a391-41cf-b340-3e4529f44bde","name":"kg"},"flowProperty":{"@type":"FlowProperty","@id":"93a60a56-a3c8-11da-a746-0800200b9a66","name":"Mass","category":"Technical flow properties","refUnit":"kg"},"defaultProvider":{"@type":"Process","@id":"6a12cba1-889d-4515-90f8-89feb8d662f2","name":"Polyethylene, low-density, LDPE, virgin resin, at plant","category":"31-33: Manufacturing/3252: Resin, Synthetic Rubber, and Artificial and Synthetic Fibers and Filaments Manufacturing","processType":"UNIT_PROCESS","flowType":"PRODUCT_FLOW","location":"RNA"}},{"@type":"Exchange","isAvoidedProduct":false,"isInput":false,"amount":0.00255545021336553,"internalId":19,"flow":{"@type":"Flow","@id":"b28b7758-b0fb-3319-a3c8-9e21ac804f7b","name":"4,4\u0027-Methylenedi(phenyl isocyanate)","category":"Elementary Flows/emission/air","flowType":"ELEMENTARY_FLOW","refUnit":"kg"},"unit":{"@type":"Unit","@id":"20aadc24-a391-41cf-b340-3e4529f44bde","name":"kg"},"flowProperty":{"@type":"FlowProperty","@id":"93a60a56-a3c8-11da-a746-0800200b9a66","name":"Mass","category":"Technical flow properties","refUnit":"kg"}},{"@type":"Exchange","isAvoidedProduct":false,"isInput":true,"amount":0.111498677106692,"internalId":10,"flow":{"@type":"Flow","@id":"9dfc02c2-db7e-3c19-b120-165cab1a22c5","name":"Natural gas, combusted in industrial equipment, 1.357 m3/kg, 52.13 MJ/kg","category":"Technosphere Flows/22: Utilities/2213: Water, Sewage and Other Systems","flowType":"PRODUCT_FLOW","location":"RNA","refUnit":"m3"},"unit":{"@type":"Unit","@id":"1c3a9695-398d-4b1f-b07e-a8715b610f70","name":"m3"},"flowProperty":{"@type":"FlowProperty","@id":"93a60a56-a3c8-22da-a746-0800200c9a66","name":"Volume","category":"Technical flow properties","refUnit":"m3"},"defaultProvider":{"@type":"Process","@id":"7b7babef-a97a-3510-88f2-ee70aa1fa03b","name":"Natural gas, combusted in industrial equipment","category":"22: Utilities/2213: Water, Sewage and Other Systems","processType":"UNIT_PROCESS","flowType":"PRODUCT_FLOW","location":"RNA"}}],"socialAspects":[],"allocationFactors":[{"allocationType":"CAUSAL_ALLOCATION","exchange":{"@type":"Exchange","internalId":13,"flow":{"@type":"Flow","@id":"a7eb485a-5288-3bb8-aad2-ce1992ec92b8","name":"Particulate matter, \u003e 10μm","category":"Elementary Flows/emission/air","flowType":"ELEMENTARY_FLOW","refUnit":"kg"}},"product":{"@type":"Flow","@id":"c721bcd6-869a-354c-876e-22879d5781de","name":"Metal panel, insulated, at plant","category":"Technosphere Flows/31-33: Manufacturing/3323: Architectural and Structural Metals Manufacturing","flowType":"PRODUCT_FLOW","location":"RNA","refUnit":"m2"},"value":1.0},{"allocationType":"CAUSAL_ALLOCATION","exchange":{"@type":"Exchange","internalId":17,"flow":{"@type":"Flow","@id":"42f408e1-26cd-3ed2-9bdb-d406ec7b968d","name":"Surfaced dried lumber; at planer mill","category":"Technosphere Flows/31-33: Manufacturing/3219: Other Wood Product Manufacturing","flowType":"PRODUCT_FLOW","location":"US","refUnit":"kg"}},"product":{"@type":"Flow","@id":"153cadce-ae16-3fa0-9741-0eb91f1c77eb","name":"Waste, industrial","category":"Technosphere Flows/56: Administrative and Support and Waste Management and Remediation Services/5622: Waste Treatment and Disposal","flowType":"WASTE_FLOW","location":"RNA","refUnit":"kg"},"value":0.0},{"allocationType":"CAUSAL_ALLOCATION","exchange":{"@type":"Exchange","internalId":31,"flow":{"@type":"Flow","@id":"f4650238-f108-3647-88f5-5b357ae771b2","name":"Hazardous Air Pollutants (HAPs)","category":"Elementary Flows/emission/air","flowType":"ELEMENTARY_FLOW","refUnit":"kg"}},"product":{"@type":"Flow","@id":"c721bcd6-869a-354c-876e-22879d5781de","name":"Metal panel, insulated, at plant","category":"Technosphere Flows/31-33: Manufacturing/3323: Architectural and Structural Metals Manufacturing","flowType":"PRODUCT_FLOW","location":"RNA","refUnit":"m2"},"value":1.0},{"allocationType":"CAUSAL_ALLOCATION","exchange":{"@type":"Exchange","internalId":6,"flow":{"@type":"Flow","@id":"3f72fe9c-b003-38ee-b8d2-13a84f60506c","name":"Toluene","category":"Elementary Flows/emission/air","flowType":"ELEMENTARY_FLOW","refUnit":"kg"}},"product":{"@type":"Flow","@id":"c721bcd6-869a-354c-876e-22879d5781de","name":"Metal panel, insulated, at plant","category":"Technosphere Flows/31-33: Manufacturing/3323: Architectural and Structural Metals Manufacturing","flowType":"PRODUCT_FLOW","location":"RNA","refUnit":"m2"},"value":1.0},{"allocationType":"CAUSAL_ALLOCATION","exchange":{"@type":"Exchange","internalId":20,"flow":{"@type":"Flow","@id":"99479e91-ab64-3c73-86cb-d96373f37939","name":"Lubricant feedstock, at refinery","category":"Technosphere Flows/31-33: Manufacturing/3241: Petroleum and Coal Products Manufacturing","flowType":"PRODUCT_FLOW","refUnit":"kg"}},"product":{"@type":"Flow","@id":"c721bcd6-869a-354c-876e-22879d5781de","name":"Metal panel, insulated, at plant","category":"Technosphere Flows/31-33: Manufacturing/3323: Architectural and Structural Metals Manufacturing","flowType":"PRODUCT_FLOW","location":"RNA","refUnit":"m2"},"value":1.0},{"allocationType":"CAUSAL_ALLOCATION","exchange":{"@type":"Exchange","internalId":38,"flow":{"@type":"Flow","@id":"c3c58b7e-6561-36c7-a537-b10b1f2a5e39","name":"Disposal, solid waste, unspecified, to unspecified treatment","category":"Technosphere Flows/CUTOFF Flows","flowType":"PRODUCT_FLOW","refUnit":"kg"}},"product":{"@type":"Flow","@id":"153cadce-ae16-3fa0-9741-0eb91f1c77eb","name":"Waste, industrial","category":"Technosphere Flows/56: Administrative and Support and Waste Management and Remediation Services/5622: Waste Treatment and Disposal","flowType":"WASTE_FLOW","location":"RNA","refUnit":"kg"},"value":0.0},{"allocationType":"CAUSAL_ALLOCATION","exchange":{"@type":"Exchange","internalId":2,"flow":{"@type":"Flow","@id":"fe598843-aa58-4c99-b4a4-d47d9c8adbe5","name":"Steel; hot-dip galvanised coil, at plant","category":"Technosphere Flows/31-33: Manufacturing/3311: Iron and Steel Mills and Ferroalloy Manufacturing","flowType":"PRODUCT_FLOW","refUnit":"kg"}},"product":{"@type":"Flow","@id":"153cadce-ae16-3fa0-9741-0eb91f1c77eb","name":"Waste, industrial","category":"Technosphere Flows/56: Administrative and Support and Waste Management and Remediation Services/5622: Waste Treatment and Disposal","flowType":"WASTE_FLOW","location":"RNA","refUnit":"kg"},"value":0.0},{"allocationType":"CAUSAL_ALLOCATION","exchange":{"@type":"Exchange","internalId":34,"flow":{"@type":"Flow","@id":"2208b49f-004e-388d-982e-f3953b55cf96","name":"Tetrafluoroethane (R-134a)","category":"Technosphere Flows/CUTOFF Flows","flowType":"PRODUCT_FLOW","refUnit":"kg"}},"product":{"@type":"Flow","@id":"c721bcd6-869a-354c-876e-22879d5781de","name":"Metal panel, insulated, at plant","category":"Technosphere Flows/31-33: Manufacturing/3323: Architectural and Structural Metals Manufacturing","flowType":"PRODUCT_FLOW","location":"RNA","refUnit":"m2"},"value":1.0},{"allocationType":"CAUSAL_ALLOCATION","exchange":{"@type":"Exchange","internalId":22,"flow":{"@type":"Flow","@id":"6f861846-1c4c-3fc9-a198-56b2d9abd83b","name":"Volatile organic compounds","category":"Elementary Flows/emission/air","flowType":"ELEMENTARY_FLOW","refUnit":"kg"}},"product":{"@type":"Flow","@id":"153cadce-ae16-3fa0-9741-0eb91f1c77eb","name":"Waste, industrial","category":"Technosphere Flows/56: Administrative and Support and Waste Management and Remediation Services/5622: Waste Treatment and Disposal","flowType":"WASTE_FLOW","location":"RNA","refUnit":"kg"},"value":0.0},{"allocationType":"CAUSAL_ALLOCATION","exchange":{"@type":"Exchange","internalId":30,"flow":{"@type":"Flow","@id":"4be14204-2cc3-31e1-b37c-00272f9adecf","name":"Paper, woodcontaining, LWC, at plant","category":"Technosphere Flows/CUTOFF Flows","flowType":"PRODUCT_FLOW","refUnit":"kg"}},"product":{"@type":"Flow","@id":"153cadce-ae16-3fa0-9741-0eb91f1c77eb","name":"Waste, industrial","category":"Technosphere Flows/56: Administrative and Support and Waste Management and Remediation Services/5622: Waste Treatment and Disposal","flowType":"WASTE_FLOW","location":"RNA","refUnit":"kg"},"value":0.0},{"allocationType":"CAUSAL_ALLOCATION","exchange":{"@type":"Exchange","internalId":25,"flow":{"@type":"Flow","@id":"2f9d79bf-e4c6-400a-a076-8c00f468fa3b","name":"Polyethylene, low-density, LDPE, virgin resin, at plant","category":"Technosphere Flows/31-33: Manufacturing/3252: Resin, Synthetic Rubber, and Artificial and Synthetic Fibers and Filaments Manufacturing","flowType":"PRODUCT_FLOW","refUnit":"kg"}},"product":{"@type":"Flow","@id":"153cadce-ae16-3fa0-9741-0eb91f1c77eb","name":"Waste, industrial","category":"Technosphere Flows/56: Administrative and Support and Waste Management and Remediation Services/5622: Waste Treatment and Disposal","flowType":"WASTE_FLOW","location":"RNA","refUnit":"kg"},"value":0.0},{"allocationType":"CAUSAL_ALLOCATION","exchange":{"@type":"Exchange","internalId":35,"flow":{"@type":"Flow","@id":"94fa398f-ca31-364a-92c5-a222a18b9e50","name":"Particulate matter, \u003e 10μm","category":"Elementary Flows/emission/air/troposphere/rural","flowType":"ELEMENTARY_FLOW","refUnit":"kg"}},"product":{"@type":"Flow","@id":"153cadce-ae16-3fa0-9741-0eb91f1c77eb","name":"Waste, industrial","category":"Technosphere Flows/56: Administrative and Support and Waste Management and Remediation Services/5622: Waste Treatment and Disposal","flowType":"WASTE_FLOW","location":"RNA","refUnit":"kg"},"value":0.0},{"allocationType":"CAUSAL_ALLOCATION","exchange":{"@type":"Exchange","internalId":3,"flow":{"@type":"Flow","@id":"6d7370f7-fb61-3b21-a1c8-f4b03a482455","name":"Disposal, chemical waste, unspecified, to residual material landfill","category":"Technosphere Flows/CUTOFF Flows","flowType":"PRODUCT_FLOW","refUnit":"kg"}},"product":{"@type":"Flow","@id":"153cadce-ae16-3fa0-9741-0eb91f1c77eb","name":"Waste, industrial","category":"Technosphere Flows/56: Administrative and Support and Waste Management and Remediation Services/5622: Waste Treatment and Disposal","flowType":"WASTE_FLOW","location":"RNA","refUnit":"kg"},"value":0.0},{"allocationType":"CAUSAL_ALLOCATION","exchange":{"@type":"Exchange","internalId":37,"flow":{"@type":"Flow","@id":"448d12d1-5e33-3e04-9b02-93ff85042ed0","name":"Disposal, resins, unspecified, to sanitary landfill","category":"Technosphere Flows/CUTOFF Flows","flowType":"PRODUCT_FLOW","refUnit":"kg"}},"product":{"@type":"Flow","@id":"153cadce-ae16-3fa0-9741-0eb91f1c77eb","name":"Waste, industrial","category":"Technosphere Flows/56: Administrative and Support and Waste Management and Remediation Services/5622: Waste Treatment and Disposal","flowType":"WASTE_FLOW","location":"RNA","refUnit":"kg"},"value":0.0},{"allocationType":"CAUSAL_ALLOCATION","exchange":{"@type":"Exchange","internalId":24,"flow":{"@type":"Flow","@id":"1c639821-1428-35ac-aaa4-277aacdc7420","name":"Transport, single unit truck, long-haul, diesel powered","category":"Technosphere Flows/48-49: Transportation and Warehousing/4841: General Freight Trucking","flowType":"PRODUCT_FLOW","location":"RNA","refUnit":"t*km"}},"product":{"@type":"Flow","@id":"c721bcd6-869a-354c-876e-22879d5781de","name":"Metal panel, insulated, at plant","category":"Technosphere Flows/31-33: Manufacturing/3323: Architectural and Structural Metals Manufacturing","flowType":"PRODUCT_FLOW","location":"RNA","refUnit":"m2"},"value":1.0},{"allocationType":"CAUSAL_ALLOCATION","exchange":{"@type":"Exchange","internalId":1,"flow":{"@type":"Flow","@id":"c721bcd6-869a-354c-876e-22879d5781de","name":"Metal panel, insulated, at plant","category":"Technosphere Flows/31-33: Manufacturing/3323: Architectural and Structural Metals Manufacturing","flowType":"PRODUCT_FLOW","location":"RNA","refUnit":"m2"}},"product":{"@type":"Flow","@id":"c721bcd6-869a-354c-876e-22879d5781de","name":"Metal panel, insulated, at plant","category":"Technosphere Flows/31-33: Manufacturing/3323: Architectural and Structural Metals Manufacturing","flowType":"PRODUCT_FLOW","location":"RNA","refUnit":"m2"},"value":0.0},{"allocationType":"CAUSAL_ALLOCATION","exchange":{"@type":"Exchange","internalId":21,"flow":{"@type":"Flow","@id":"7b9895e6-0772-37fb-ba17-bd7a1093586d","name":"Diethylene glycol","category":"Elementary Flows/emission/air","flowType":"ELEMENTARY_FLOW","refUnit":"kg"}},"product":{"@type":"Flow","@id":"153cadce-ae16-3fa0-9741-0eb91f1c77eb","name":"Waste, industrial","category":"Technosphere Flows/56: Administrative and Support and Waste Management and Remediation Services/5622: Waste Treatment and Disposal","flowType":"WASTE_FLOW","location":"RNA","refUnit":"kg"},"value":0.0},{"allocationType":"CAUSAL_ALLOCATION","exchange":{"@type":"Exchange","internalId":1,"flow":{"@type":"Flow","@id":"c721bcd6-869a-354c-876e-22879d5781de","name":"Metal panel, insulated, at plant","category":"Technosphere Flows/31-33: Manufacturing/3323: Architectural and Structural Metals Manufacturing","flowType":"PRODUCT_FLOW","location":"RNA","refUnit":"m2"}},"product":{"@type":"Flow","@id":"153cadce-ae16-3fa0-9741-0eb91f1c77eb","name":"Waste, industrial","category":"Technosphere Flows/56: Administrative and Support and Waste Management and Remediation Services/5622: Waste Treatment and Disposal","flowType":"WASTE_FLOW","location":"RNA","refUnit":"kg"},"value":0.0},{"allocationType":"CAUSAL_ALLOCATION","exchange":{"@type":"Exchange","internalId":5,"flow":{"@type":"Flow","@id":"e788cf0b-9dbd-341c-9ab2-5a80db504bc0","name":"Polyol ether, for rigid foam polyurethane production, at plant","category":"Technosphere Flows/31-33: Manufacturing/3252: Resin, Synthetic Rubber, and Artificial and Synthetic Fibers and Filaments Manufacturing","flowType":"PRODUCT_FLOW","location":"RNA","refUnit":"kg"}},"product":{"@type":"Flow","@id":"c721bcd6-869a-354c-876e-22879d5781de","name":"Metal panel, insulated, at plant","category":"Technosphere Flows/31-33: Manufacturing/3323: Architectural and Structural Metals Manufacturing","flowType":"PRODUCT_FLOW","location":"RNA","refUnit":"m2"},"value":1.0},{"allocationType":"PHYSICAL_ALLOCATION","product":{"@type":"Flow","@id":"c721bcd6-869a-354c-876e-22879d5781de","name":"Metal panel, insulated, at plant","category":"Technosphere Flows/31-33: Manufacturing/3323: Architectural and Structural Metals Manufacturing","flowType":"PRODUCT_FLOW","location":"RNA","refUnit":"m2"},"value":1.0},{"allocationType":"CAUSAL_ALLOCATION","exchange":{"@type":"Exchange","internalId":43,"flow":{"@type":"Flow","@id":"ac9f972d-6835-35c6-bbc1-b5008f066e68","name":"Recycling, petroleum based wastes, unspecified","category":"Technosphere Flows/CUTOFF Flows","flowType":"PRODUCT_FLOW","refUnit":"kg"}},"product":{"@type":"Flow","@id":"c721bcd6-869a-354c-876e-22879d5781de","name":"Metal panel, insulated, at plant","category":"Technosphere Flows/31-33: Manufacturing/3323: Architectural and Structural Metals Manufacturing","flowType":"PRODUCT_FLOW","location":"RNA","refUnit":"m2"},"value":0.0},{"allocationType":"CAUSAL_ALLOCATION","exchange":{"@type":"Exchange","internalId":12,"flow":{"@type":"Flow","@id":"8850417f-b844-34b8-8f39-b373e9783d52","name":"Methylene diphenyl diisocyanate, MDI, resin, at plant","category":"Technosphere Flows/31-33: Manufacturing/3252: Resin, Synthetic Rubber, and Artificial and Synthetic Fibers and Filaments Manufacturing","flowType":"PRODUCT_FLOW","location":"RNA","refUnit":"kg"}},"product":{"@type":"Flow","@id":"c721bcd6-869a-354c-876e-22879d5781de","name":"Metal panel, insulated, at plant","category":"Technosphere Flows/31-33: Manufacturing/3323: Architectural and Structural Metals Manufacturing","flowType":"PRODUCT_FLOW","location":"RNA","refUnit":"m2"},"value":1.0},{"allocationType":"CAUSAL_ALLOCATION","exchange":{"@type":"Exchange","internalId":2,"flow":{"@type":"Flow","@id":"fe598843-aa58-4c99-b4a4-d47d9c8adbe5","name":"Steel; hot-dip galvanised coil, at plant","category":"Technosphere Flows/31-33: Manufacturing/3311: Iron and Steel Mills and Ferroalloy Manufacturing","flowType":"PRODUCT_FLOW","refUnit":"kg"}},"product":{"@type":"Flow","@id":"153cadce-ae16-3fa0-9741-0eb91f1c77eb","name":"Waste, industrial","category":"Technosphere Flows/56: Administrative and Support and Waste Management and Remediation Services/5622: Waste Treatment and Disposal","flowType":"WASTE_FLOW","location":"RNA","refUnit":"kg"},"value":0.0},{"allocationType":"CAUSAL_ALLOCATION","exchange":{"@type":"Exchange","internalId":41,"flow":{"@type":"Flow","@id":"94fa15b7-6d89-34d9-a473-c9cfcf457c7d","name":"Isocyanic acid","category":"Elementary Flows/emission/air","flowType":"ELEMENTARY_FLOW","refUnit":"kg"}},"product":{"@type":"Flow","@id":"153cadce-ae16-3fa0-9741-0eb91f1c77eb","name":"Waste, industrial","category":"Technosphere Flows/56: Administrative and Support and Waste Management and Remediation Services/5622: Waste Treatment and Disposal","flowType":"WASTE_FLOW","location":"RNA","refUnit":"kg"},"value":0.0},{"allocationType":"CAUSAL_ALLOCATION","exchange":{"@type":"Exchange","internalId":45,"flow":{"@type":"Flow","@id":"813325ee-9eb4-3825-9280-bee7b1a2e9a8","name":"Liquefied petroleum gas, at refinery","category":"Technosphere Flows/31-33: Manufacturing/3241: Petroleum and Coal Products Manufacturing","flowType":"PRODUCT_FLOW","location":"RNA","refUnit":"m3"}},"product":{"@type":"Flow","@id":"153cadce-ae16-3fa0-9741-0eb91f1c77eb","name":"Waste, industrial","category":"Technosphere Flows/56: Administrative and Support and Waste Management and Remediation Services/5622: Waste Treatment and Disposal","flowType":"WASTE_FLOW","location":"RNA","refUnit":"kg"},"value":0.0},{"allocationType":"CAUSAL_ALLOCATION","exchange":{"@type":"Exchange","internalId":28,"flow":{"@type":"Flow","@id":"59a964a3-fdbd-3370-b38e-ff79acedbe09","name":"Pentane","category":"Technosphere Flows/CUTOFF Flows","flowType":"PRODUCT_FLOW","refUnit":"kg"}},"product":{"@type":"Flow","@id":"c721bcd6-869a-354c-876e-22879d5781de","name":"Metal panel, insulated, at plant","category":"Technosphere Flows/31-33: Manufacturing/3323: Architectural and Structural Metals Manufacturing","flowType":"PRODUCT_FLOW","location":"RNA","refUnit":"m2"},"value":1.0},{"allocationType":"CAUSAL_ALLOCATION","exchange":{"@type":"Exchange","internalId":6,"flow":{"@type":"Flow","@id":"3f72fe9c-b003-38ee-b8d2-13a84f60506c","name":"Toluene","category":"Elementary Flows/emission/air","flowType":"ELEMENTARY_FLOW","refUnit":"kg"}},"product":{"@type":"Flow","@id":"153cadce-ae16-3fa0-9741-0eb91f1c77eb","name":"Waste, industrial","category":"Technosphere Flows/56: Administrative and Support and Waste Management and Remediation Services/5622: Waste Treatment and Disposal","flowType":"WASTE_FLOW","location":"RNA","refUnit":"kg"},"value":0.0},{"allocationType":"CAUSAL_ALLOCATION","exchange":{"@type":"Exchange","internalId":3,"flow":{"@type":"Flow","@id":"6d7370f7-fb61-3b21-a1c8-f4b03a482455","name":"Disposal, chemical waste, unspecified, to residual material landfill","category":"Technosphere Flows/CUTOFF Flows","flowType":"PRODUCT_FLOW","refUnit":"kg"}},"product":{"@type":"Flow","@id":"c721bcd6-869a-354c-876e-22879d5781de","name":"Metal panel, insulated, at plant","category":"Technosphere Flows/31-33: Manufacturing/3323: Architectural and Structural Metals Manufacturing","flowType":"PRODUCT_FLOW","location":"RNA","refUnit":"m2"},"value":0.0},{"allocationType":"CAUSAL_ALLOCATION","exchange":{"@type":"Exchange","internalId":17,"flow":{"@type":"Flow","@id":"42f408e1-26cd-3ed2-9bdb-d406ec7b968d","name":"Surfaced dried lumber; at planer mill","category":"Technosphere Flows/31-33: Manufacturing/3219: Other Wood Product Manufacturing","flowType":"PRODUCT_FLOW","location":"US","refUnit":"kg"}},"product":{"@type":"Flow","@id":"c721bcd6-869a-354c-876e-22879d5781de","name":"Metal panel, insulated, at plant","category":"Technosphere Flows/31-33: Manufacturing/3323: Architectural and Structural Metals Manufacturing","flowType":"PRODUCT_FLOW","location":"RNA","refUnit":"m2"},"value":1.0},{"allocationType":"CAUSAL_ALLOCATION","exchange":{"@type":"Exchange","internalId":3,"flow":{"@type":"Flow","@id":"6d7370f7-fb61-3b21-a1c8-f4b03a482455","name":"Disposal, chemical waste, unspecified, to residual material landfill","category":"Technosphere Flows/CUTOFF Flows","flowType":"PRODUCT_FLOW","refUnit":"kg"}},"product":{"@type":"Flow","@id":"153cadce-ae16-3fa0-9741-0eb91f1c77eb","name":"Waste, industrial","category":"Technosphere Flows/56: Administrative and Support and Waste Management and Remediation Services/5622: Waste Treatment and Disposal","flowType":"WASTE_FLOW","location":"RNA","refUnit":"kg"},"value":0.0},{"allocationType":"CAUSAL_ALLOCATION","exchange":{"@type":"Exchange","internalId":42,"flow":{"@type":"Flow","@id":"aef9d0ff-6482-3b1d-a53e-4d738bdcd9b1","name":"Xylene","category":"Elementary Flows/emission/air","flowType":"ELEMENTARY_FLOW","refUnit":"kg"}},"product":{"@type":"Flow","@id":"c721bcd6-869a-354c-876e-22879d5781de","name":"Metal panel, insulated, at plant","category":"Technosphere Flows/31-33: Manufacturing/3323: Architectural and Structural Metals Manufacturing","flowType":"PRODUCT_FLOW","location":"RNA","refUnit":"m2"},"value":1.0},{"allocationType":"CAUSAL_ALLOCATION","exchange":{"@type":"Exchange","internalId":26,"flow":{"@type":"Flow","@id":"d0477b6a-115f-350d-bbb4-7f62243e3476","name":"Polypropylene, PP, virgin resin, at plant","category":"Technosphere Flows/31-33: Manufacturing/3252: Resin, Synthetic Rubber, and Artificial and Synthetic Fibers and Filaments Manufacturing","flowType":"PRODUCT_FLOW","location":"RNA","refUnit":"kg"}},"product":{"@type":"Flow","@id":"153cadce-ae16-3fa0-9741-0eb91f1c77eb","name":"Waste, industrial","category":"Technosphere Flows/56: Administrative and Support and Waste Management and Remediation Services/5622: Waste Treatment and Disposal","flowType":"WASTE_FLOW","location":"RNA","refUnit":"kg"},"value":0.0},{"allocationType":"CAUSAL_ALLOCATION","exchange":{"@type":"Exchange","internalId":5,"flow":{"@type":"Flow","@id":"e788cf0b-9dbd-341c-9ab2-5a80db504bc0","name":"Polyol ether, for rigid foam polyurethane production, at plant","category":"Technosphere Flows/31-33: Manufacturing/3252: Resin, Synthetic Rubber, and Artificial and Synthetic Fibers and Filaments Manufacturing","flowType":"PRODUCT_FLOW","location":"RNA","refUnit":"kg"}},"product":{"@type":"Flow","@id":"153cadce-ae16-3fa0-9741-0eb91f1c77eb","name":"Waste, industrial","category":"Technosphere Flows/56: Administrative and Support and Waste Management and Remediation Services/5622: Waste Treatment and Disposal","flowType":"WASTE_FLOW","location":"RNA","refUnit":"kg"},"value":0.0},{"allocationType":"CAUSAL_ALLOCATION","exchange":{"@type":"Exchange","internalId":34,"flow":{"@type":"Flow","@id":"2208b49f-004e-388d-982e-f3953b55cf96","name":"Tetrafluoroethane (R-134a)","category":"Technosphere Flows/CUTOFF Flows","flowType":"PRODUCT_FLOW","refUnit":"kg"}},"product":{"@type":"Flow","@id":"153cadce-ae16-3fa0-9741-0eb91f1c77eb","name":"Waste, industrial","category":"Technosphere Flows/56: Administrative and Support and Waste Management and Remediation Services/5622: Waste Treatment and Disposal","flowType":"WASTE_FLOW","location":"RNA","refUnit":"kg"},"value":0.0},{"allocationType":"CAUSAL_ALLOCATION","exchange":{"@type":"Exchange","internalId":15,"flow":{"@type":"Flow","@id":"6c7402f5-173f-358a-8724-db60071b5091","name":"Pentane","category":"Elementary Flows/emission/air","flowType":"ELEMENTARY_FLOW","refUnit":"kg"}},"product":{"@type":"Flow","@id":"c721bcd6-869a-354c-876e-22879d5781de","name":"Metal panel, insulated, at plant","category":"Technosphere Flows/31-33: Manufacturing/3323: Architectural and Structural Metals Manufacturing","flowType":"PRODUCT_FLOW","location":"RNA","refUnit":"m2"},"value":1.0},{"allocationType":"CAUSAL_ALLOCATION","exchange":{"@type":"Exchange","internalId":12,"flow":{"@type":"Flow","@id":"8850417f-b844-34b8-8f39-b373e9783d52","name":"Methylene diphenyl diisocyanate, MDI, resin, at plant","category":"Technosphere Flows/31-33: Manufacturing/3252: Resin, Synthetic Rubber, and Artificial and Synthetic Fibers and Filaments Manufacturing","flowType":"PRODUCT_FLOW","location":"RNA","refUnit":"kg"}},"product":{"@type":"Flow","@id":"153cadce-ae16-3fa0-9741-0eb91f1c77eb","name":"Waste, industrial","category":"Technosphere Flows/56: Administrative and Support and Waste Management and Remediation Services/5622: Waste Treatment and Disposal","flowType":"WASTE_FLOW","location":"RNA","refUnit":"kg"},"value":0.0},{"allocationType":"CAUSAL_ALLOCATION","exchange":{"@type":"Exchange","internalId":11,"flow":{"@type":"Flow","@id":"06581fb2-1de0-3e78-8298-f37605dea142","name":"Electricity, at grid","category":"Technosphere Flows/22: Utilities/2211: Electric Power Generation, Transmission and Distribution","flowType":"PRODUCT_FLOW","location":"RNA","refUnit":"MJ"}},"product":{"@type":"Flow","@id":"153cadce-ae16-3fa0-9741-0eb91f1c77eb","name":"Waste, industrial","category":"Technosphere Flows/56: Administrative and Support and Waste Management and Remediation Services/5622: Waste Treatment and Disposal","flowType":"WASTE_FLOW","location":"RNA","refUnit":"kg"},"value":0.0},{"allocationType":"CAUSAL_ALLOCATION","exchange":{"@type":"Exchange","internalId":23,"flow":{"@type":"Flow","@id":"4fd60c2c-8625-3b10-8618-e3eacc121bbb","name":"HFC-134a","category":"Elementary Flows/emission/air","flowType":"ELEMENTARY_FLOW","refUnit":"kg"}},"product":{"@type":"Flow","@id":"153cadce-ae16-3fa0-9741-0eb91f1c77eb","name":"Waste, industrial","category":"Technosphere Flows/56: Administrative and Support and Waste Management and Remediation Services/5622: Waste Treatment and Disposal","flowType":"WASTE_FLOW","location":"RNA","refUnit":"kg"},"value":0.0},{"allocationType":"CAUSAL_ALLOCATION","exchange":{"@type":"Exchange","internalId":19,"flow":{"@type":"Flow","@id":"b28b7758-b0fb-3319-a3c8-9e21ac804f7b","name":"4,4\u0027-Methylenedi(phenyl isocyanate)","category":"Elementary Flows/emission/air","flowType":"ELEMENTARY_FLOW","refUnit":"kg"}},"product":{"@type":"Flow","@id":"153cadce-ae16-3fa0-9741-0eb91f1c77eb","name":"Waste, industrial","category":"Technosphere Flows/56: Administrative and Support and Waste Management and Remediation Services/5622: Waste Treatment and Disposal","flowType":"WASTE_FLOW","location":"RNA","refUnit":"kg"},"value":0.0},{"allocationType":"CAUSAL_ALLOCATION","exchange":{"@type":"Exchange","internalId":10,"flow":{"@type":"Flow","@id":"9dfc02c2-db7e-3c19-b120-165cab1a22c5","name":"Natural gas, combusted in industrial equipment, 1.357 m3/kg, 52.13 MJ/kg","category":"Technosphere Flows/22: Utilities/2213: Water, Sewage and Other Systems","flowType":"PRODUCT_FLOW","location":"RNA","refUnit":"m3"}},"product":{"@type":"Flow","@id":"153cadce-ae16-3fa0-9741-0eb91f1c77eb","name":"Waste, industrial","category":"Technosphere Flows/56: Administrative and Support and Waste Management and Remediation Services/5622: Waste Treatment and Disposal","flowType":"WASTE_FLOW","location":"RNA","refUnit":"kg"},"value":0.0},{"allocationType":"CAUSAL_ALLOCATION","exchange":{"@type":"Exchange","internalId":2,"flow":{"@type":"Flow","@id":"fe598843-aa58-4c99-b4a4-d47d9c8adbe5","name":"Steel; hot-dip galvanised coil, at plant","category":"Technosphere Flows/31-33: Manufacturing/3311: Iron and Steel Mills and Ferroalloy Manufacturing","flowType":"PRODUCT_FLOW","refUnit":"kg"}},"product":{"@type":"Flow","@id":"c721bcd6-869a-354c-876e-22879d5781de","name":"Metal panel, insulated, at plant","category":"Technosphere Flows/31-33: Manufacturing/3323: Architectural and Structural Metals Manufacturing","flowType":"PRODUCT_FLOW","location":"RNA","refUnit":"m2"},"value":0.0},{"allocationType":"ECONOMIC_ALLOCATION","product":{"@type":"Flow","@id":"153cadce-ae16-3fa0-9741-0eb91f1c77eb","name":"Waste, industrial","category":"Technosphere Flows/56: Administrative and Support and Waste Management and Remediation Services/5622: Waste Treatment and Disposal","flowType":"WASTE_FLOW","location":"RNA","refUnit":"kg"},"value":0.0},{"allocationType":"CAUSAL_ALLOCATION","exchange":{"@type":"Exchange","internalId":30,"flow":{"@type":"Flow","@id":"4be14204-2cc3-31e1-b37c-00272f9adecf","name":"Paper, woodcontaining, LWC, at plant","category":"Technosphere Flows/CUTOFF Flows","flowType":"PRODUCT_FLOW","refUnit":"kg"}},"product":{"@type":"Flow","@id":"c721bcd6-869a-354c-876e-22879d5781de","name":"Metal panel, insulated, at plant","category":"Technosphere Flows/31-33: Manufacturing/3323: Architectural and Structural Metals Manufacturing","flowType":"PRODUCT_FLOW","location":"RNA","refUnit":"m2"},"value":1.0},{"allocationType":"CAUSAL_ALLOCATION","exchange":{"@type":"Exchange","internalId":39,"flow":{"@type":"Flow","@id":"16e9aaa4-b307-3860-a1af-e82f5a1dbd64","name":"Methyl isobutyl ketone","category":"Elementary Flows/emission/air","flowType":"ELEMENTARY_FLOW","refUnit":"kg"}},"product":{"@type":"Flow","@id":"c721bcd6-869a-354c-876e-22879d5781de","name":"Metal panel, insulated, at plant","category":"Technosphere Flows/31-33: Manufacturing/3323: Architectural and Structural Metals Manufacturing","flowType":"PRODUCT_FLOW","location":"RNA","refUnit":"m2"},"value":1.0},{"allocationType":"CAUSAL_ALLOCATION","exchange":{"@type":"Exchange","internalId":3,"flow":{"@type":"Flow","@id":"6d7370f7-fb61-3b21-a1c8-f4b03a482455","name":"Disposal, chemical waste, unspecified, to residual material landfill","category":"Technosphere Flows/CUTOFF Flows","flowType":"PRODUCT_FLOW","refUnit":"kg"}},"product":{"@type":"Flow","@id":"153cadce-ae16-3fa0-9741-0eb91f1c77eb","name":"Waste, industrial","category":"Technosphere Flows/56: Administrative and Support and Waste Management and Remediation Services/5622: Waste Treatment and Disposal","flowType":"WASTE_FLOW","location":"RNA","refUnit":"kg"},"value":0.0},{"allocationType":"CAUSAL_ALLOCATION","exchange":{"@type":"Exchange","internalId":14,"flow":{"@type":"Flow","@id":"945a2b4b-8245-3347-ae34-cba43f0d4a28","name":"Oriented strand board; at OSB mill","category":"Technosphere Flows/31-33: Manufacturing/3212: Veneer, Plywood, and Engineered Wood Product Manufacturing","flowType":"PRODUCT_FLOW","location":"US","refUnit":"m3"}},"product":{"@type":"Flow","@id":"153cadce-ae16-3fa0-9741-0eb91f1c77eb","name":"Waste, industrial","category":"Technosphere Flows/56: Administrative and Support and Waste Management and Remediation Services/5622: Waste Treatment and Disposal","flowType":"WASTE_FLOW","location":"RNA","refUnit":"kg"},"value":0.0},{"allocationType":"CAUSAL_ALLOCATION","exchange":{"@type":"Exchange","internalId":3,"flow":{"@type":"Flow","@id":"6d7370f7-fb61-3b21-a1c8-f4b03a482455","name":"Disposal, chemical waste, unspecified, to residual material landfill","category":"Technosphere Flows/CUTOFF Flows","flowType":"PRODUCT_FLOW","refUnit":"kg"}},"product":{"@type":"Flow","@id":"c721bcd6-869a-354c-876e-22879d5781de","name":"Metal panel, insulated, at plant","category":"Technosphere Flows/31-33: Manufacturing/3323: Architectural and Structural Metals Manufacturing","flowType":"PRODUCT_FLOW","location":"RNA","refUnit":"m2"},"value":1.0},{"allocationType":"PHYSICAL_ALLOCATION","product":{"@type":"Flow","@id":"153cadce-ae16-3fa0-9741-0eb91f1c77eb","name":"Waste, industrial","category":"Technosphere Flows/56: Administrative and Support and Waste Management and Remediation Services/5622: Waste Treatment and Disposal","flowType":"WASTE_FLOW","location":"RNA","refUnit":"kg"},"value":0.0},{"allocationType":"CAUSAL_ALLOCATION","exchange":{"@type":"Exchange","internalId":9,"flow":{"@type":"Flow","@id":"55725953-49d5-3d31-97ab-40077034f62d","name":"Galvanized steel coil, coated, at plant","category":"Technosphere Flows/31-33: Manufacturing/3328: Coating, Engraving, Heat Treating, and Allied Activities","flowType":"PRODUCT_FLOW","location":"RNA","refUnit":"kg"}},"product":{"@type":"Flow","@id":"153cadce-ae16-3fa0-9741-0eb91f1c77eb","name":"Waste, industrial","category":"Technosphere Flows/56: Administrative and Support and Waste Management and Remediation Services/5622: Waste Treatment and Disposal","flowType":"WASTE_FLOW","location":"RNA","refUnit":"kg"},"value":0.0},{"allocationType":"CAUSAL_ALLOCATION","exchange":{"@type":"Exchange","internalId":29,"flow":{"@type":"Flow","@id":"7b2a26ef-86ec-39e1-82e6-016b31800e2b","name":"Ethylbenzene","category":"Elementary Flows/emission/air","flowType":"ELEMENTARY_FLOW","refUnit":"kg"}},"product":{"@type":"Flow","@id":"153cadce-ae16-3fa0-9741-0eb91f1c77eb","name":"Waste, industrial","category":"Technosphere Flows/56: Administrative and Support and Waste Management and Remediation Services/5622: Waste Treatment and Disposal","flowType":"WASTE_FLOW","location":"RNA","refUnit":"kg"},"value":0.0},{"allocationType":"CAUSAL_ALLOCATION","exchange":{"@type":"Exchange","internalId":18,"flow":{"@type":"Flow","@id":"b9805c17-55a5-3f41-ae31-a866a39232fc","name":"Recycling, Steel scrap","category":"Technosphere Flows/CUTOFF Flows","flowType":"PRODUCT_FLOW","refUnit":"kg"}},"product":{"@type":"Flow","@id":"153cadce-ae16-3fa0-9741-0eb91f1c77eb","name":"Waste, industrial","category":"Technosphere Flows/56: Administrative and Support and Waste Management and Remediation Services/5622: Waste Treatment and Disposal","flowType":"WASTE_FLOW","location":"RNA","refUnit":"kg"},"value":0.0},{"allocationType":"CAUSAL_ALLOCATION","exchange":{"@type":"Exchange","internalId":7,"flow":{"@type":"Flow","@id":"ad362da4-86b8-3519-b904-d7f3be4328fe","name":"Methanol","category":"Elementary Flows/emission/air","flowType":"ELEMENTARY_FLOW","refUnit":"kg"}},"product":{"@type":"Flow","@id":"c721bcd6-869a-354c-876e-22879d5781de","name":"Metal panel, insulated, at plant","category":"Technosphere Flows/31-33: Manufacturing/3323: Architectural and Structural Metals Manufacturing","flowType":"PRODUCT_FLOW","location":"RNA","refUnit":"m2"},"value":1.0},{"allocationType":"CAUSAL_ALLOCATION","exchange":{"@type":"Exchange","internalId":41,"flow":{"@type":"Flow","@id":"94fa15b7-6d89-34d9-a473-c9cfcf457c7d","name":"Isocyanic acid","category":"Elementary Flows/emission/air","flowType":"ELEMENTARY_FLOW","refUnit":"kg"}},"product":{"@type":"Flow","@id":"c721bcd6-869a-354c-876e-22879d5781de","name":"Metal panel, insulated, at plant","category":"Technosphere Flows/31-33: Manufacturing/3323: Architectural and Structural Metals Manufacturing","flowType":"PRODUCT_FLOW","location":"RNA","refUnit":"m2"},"value":1.0},{"allocationType":"CAUSAL_ALLOCATION","exchange":{"@type":"Exchange","internalId":26,"flow":{"@type":"Flow","@id":"d0477b6a-115f-350d-bbb4-7f62243e3476","name":"Polypropylene, PP, virgin resin, at plant","category":"Technosphere Flows/31-33: Manufacturing/3252: Resin, Synthetic Rubber, and Artificial and Synthetic Fibers and Filaments Manufacturing","flowType":"PRODUCT_FLOW","location":"RNA","refUnit":"kg"}},"product":{"@type":"Flow","@id":"c721bcd6-869a-354c-876e-22879d5781de","name":"Metal panel, insulated, at plant","category":"Technosphere Flows/31-33: Manufacturing/3323: Architectural and Structural Metals Manufacturing","flowType":"PRODUCT_FLOW","location":"RNA","refUnit":"m2"},"value":1.0},{"allocationType":"CAUSAL_ALLOCATION","exchange":{"@type":"Exchange","internalId":20,"flow":{"@type":"Flow","@id":"99479e91-ab64-3c73-86cb-d96373f37939","name":"Lubricant feedstock, at refinery","category":"Technosphere Flows/31-33: Manufacturing/3241: Petroleum and Coal Products Manufacturing","flowType":"PRODUCT_FLOW","refUnit":"kg"}},"product":{"@type":"Flow","@id":"153cadce-ae16-3fa0-9741-0eb91f1c77eb","name":"Waste, industrial","category":"Technosphere Flows/56: Administrative and Support and Waste Management and Remediation Services/5622: Waste Treatment and Disposal","flowType":"WASTE_FLOW","location":"RNA","refUnit":"kg"},"value":0.0},{"allocationType":"CAUSAL_ALLOCATION","exchange":{"@type":"Exchange","internalId":2,"flow":{"@type":"Flow","@id":"fe598843-aa58-4c99-b4a4-d47d9c8adbe5","name":"Steel; hot-dip galvanised coil, at plant","category":"Technosphere Flows/31-33: Manufacturing/3311: Iron and Steel Mills and Ferroalloy Manufacturing","flowType":"PRODUCT_FLOW","refUnit":"kg"}},"product":{"@type":"Flow","@id":"c721bcd6-869a-354c-876e-22879d5781de","name":"Metal panel, insulated, at plant","category":"Technosphere Flows/31-33: Manufacturing/3323: Architectural and Structural Metals Manufacturing","flowType":"PRODUCT_FLOW","location":"RNA","refUnit":"m2"},"value":1.0},{"allocationType":"CAUSAL_ALLOCATION","exchange":{"@type":"Exchange","internalId":13,"flow":{"@type":"Flow","@id":"a7eb485a-5288-3bb8-aad2-ce1992ec92b8","name":"Particulate matter, \u003e 10μm","category":"Elementary Flows/emission/air","flowType":"ELEMENTARY_FLOW","refUnit":"kg"}},"product":{"@type":"Flow","@id":"153cadce-ae16-3fa0-9741-0eb91f1c77eb","name":"Waste, industrial","category":"Technosphere Flows/56: Administrative and Support and Waste Management and Remediation Services/5622: Waste Treatment and Disposal","flowType":"WASTE_FLOW","location":"RNA","refUnit":"kg"},"value":0.0},{"allocationType":"CAUSAL_ALLOCATION","exchange":{"@type":"Exchange","internalId":2,"flow":{"@type":"Flow","@id":"fe598843-aa58-4c99-b4a4-d47d9c8adbe5","name":"Steel; hot-dip galvanised coil, at plant","category":"Technosphere Flows/31-33: Manufacturing/3311: Iron and Steel Mills and Ferroalloy Manufacturing","flowType":"PRODUCT_FLOW","refUnit":"kg"}},"product":{"@type":"Flow","@id":"c721bcd6-869a-354c-876e-22879d5781de","name":"Metal panel, insulated, at plant","category":"Technosphere Flows/31-33: Manufacturing/3323: Architectural and Structural Metals Manufacturing","flowType":"PRODUCT_FLOW","location":"RNA","refUnit":"m2"},"value":0.0},{"allocationType":"CAUSAL_ALLOCATION","exchange":{"@type":"Exchange","internalId":9,"flow":{"@type":"Flow","@id":"55725953-49d5-3d31-97ab-40077034f62d","name":"Galvanized steel coil, coated, at plant","category":"Technosphere Flows/31-33: Manufacturing/3328: Coating, Engraving, Heat Treating, and Allied Activities","flowType":"PRODUCT_FLOW","location":"RNA","refUnit":"kg"}},"product":{"@type":"Flow","@id":"c721bcd6-869a-354c-876e-22879d5781de","name":"Metal panel, insulated, at plant","category":"Technosphere Flows/31-33: Manufacturing/3323: Architectural and Structural Metals Manufacturing","flowType":"PRODUCT_FLOW","location":"RNA","refUnit":"m2"},"value":1.0},{"allocationType":"CAUSAL_ALLOCATION","exchange":{"@type":"Exchange","internalId":22,"flow":{"@type":"Flow","@id":"6f861846-1c4c-3fc9-a198-56b2d9abd83b","name":"Volatile organic compounds","category":"Elementary Flows/emission/air","flowType":"ELEMENTARY_FLOW","refUnit":"kg"}},"product":{"@type":"Flow","@id":"c721bcd6-869a-354c-876e-22879d5781de","name":"Metal panel, insulated, at plant","category":"Technosphere Flows/31-33: Manufacturing/3323: Architectural and Structural Metals Manufacturing","flowType":"PRODUCT_FLOW","location":"RNA","refUnit":"m2"},"value":1.0},{"allocationType":"CAUSAL_ALLOCATION","exchange":{"@type":"Exchange","internalId":38,"flow":{"@type":"Flow","@id":"c3c58b7e-6561-36c7-a537-b10b1f2a5e39","name":"Disposal, solid waste, unspecified, to unspecified treatment","category":"Technosphere Flows/CUTOFF Flows","flowType":"PRODUCT_FLOW","refUnit":"kg"}},"product":{"@type":"Flow","@id":"c721bcd6-869a-354c-876e-22879d5781de","name":"Metal panel, insulated, at plant","category":"Technosphere Flows/31-33: Manufacturing/3323: Architectural and Structural Metals Manufacturing","flowType":"PRODUCT_FLOW","location":"RNA","refUnit":"m2"},"value":1.0},{"allocationType":"CAUSAL_ALLOCATION","exchange":{"@type":"Exchange","internalId":2,"flow":{"@type":"Flow","@id":"fe598843-aa58-4c99-b4a4-d47d9c8adbe5","name":"Steel; hot-dip galvanised coil, at plant","category":"Technosphere Flows/31-33: Manufacturing/3311: Iron and Steel Mills and Ferroalloy Manufacturing","flowType":"PRODUCT_FLOW","refUnit":"kg"}},"product":{"@type":"Flow","@id":"153cadce-ae16-3fa0-9741-0eb91f1c77eb","name":"Waste, industrial","category":"Technosphere Flows/56: Administrative and Support and Waste Management and Remediation Services/5622: Waste Treatment and Disposal","flowType":"WASTE_FLOW","location":"RNA","refUnit":"kg"},"value":0.0},{"allocationType":"CAUSAL_ALLOCATION","exchange":{"@type":"Exchange","internalId":2,"flow":{"@type":"Flow","@id":"fe598843-aa58-4c99-b4a4-d47d9c8adbe5","name":"Steel; hot-dip galvanised coil, at plant","category":"Technosphere Flows/31-33: Manufacturing/3311: Iron and Steel Mills and Ferroalloy Manufacturing","flowType":"PRODUCT_FLOW","refUnit":"kg"}},"product":{"@type":"Flow","@id":"153cadce-ae16-3fa0-9741-0eb91f1c77eb","name":"Waste, industrial","category":"Technosphere Flows/56: Administrative and Support and Waste Management and Remediation Services/5622: Waste Treatment and Disposal","flowType":"WASTE_FLOW","location":"RNA","refUnit":"kg"},"value":0.0},{"allocationType":"CAUSAL_ALLOCATION","exchange":{"@type":"Exchange","internalId":39,"flow":{"@type":"Flow","@id":"16e9aaa4-b307-3860-a1af-e82f5a1dbd64","name":"Methyl isobutyl ketone","category":"Elementary Flows/emission/air","flowType":"ELEMENTARY_FLOW","refUnit":"kg"}},"product":{"@type":"Flow","@id":"153cadce-ae16-3fa0-9741-0eb91f1c77eb","name":"Waste, industrial","category":"Technosphere Flows/56: Administrative and Support and Waste Management and Remediation Services/5622: Waste Treatment and Disposal","flowType":"WASTE_FLOW","location":"RNA","refUnit":"kg"},"value":0.0},{"allocationType":"CAUSAL_ALLOCATION","exchange":{"@type":"Exchange","internalId":42,"flow":{"@type":"Flow","@id":"aef9d0ff-6482-3b1d-a53e-4d738bdcd9b1","name":"Xylene","category":"Elementary Flows/emission/air","flowType":"ELEMENTARY_FLOW","refUnit":"kg"}},"product":{"@type":"Flow","@id":"153cadce-ae16-3fa0-9741-0eb91f1c77eb","name":"Waste, industrial","category":"Technosphere Flows/56: Administrative and Support and Waste Management and Remediation Services/5622: Waste Treatment and Disposal","flowType":"WASTE_FLOW","location":"RNA","refUnit":"kg"},"value":0.0},{"allocationType":"CAUSAL_ALLOCATION","exchange":{"@type":"Exchange","internalId":27,"flow":{"@type":"Flow","@id":"cc5415fd-2095-31f1-8e53-c5fcd2fd8c54","name":"Polystyrene, exapnded, EPS, virgin resin; batch suspension polymerization; industry average, at plant","category":"Technosphere Flows/31-33: Manufacturing/3252: Resin, Synthetic Rubber, and Artificial and Synthetic Fibers and Filaments Manufacturing","flowType":"PRODUCT_FLOW","location":"RNA","refUnit":"kg"}},"product":{"@type":"Flow","@id":"c721bcd6-869a-354c-876e-22879d5781de","name":"Metal panel, insulated, at plant","category":"Technosphere Flows/31-33: Manufacturing/3323: Architectural and Structural Metals Manufacturing","flowType":"PRODUCT_FLOW","location":"RNA","refUnit":"m2"},"value":1.0},{"allocationType":"CAUSAL_ALLOCATION","exchange":{"@type":"Exchange","internalId":31,"flow":{"@type":"Flow","@id":"f4650238-f108-3647-88f5-5b357ae771b2","name":"Hazardous Air Pollutants (HAPs)","category":"Elementary Flows/emission/air","flowType":"ELEMENTARY_FLOW","refUnit":"kg"}},"product":{"@type":"Flow","@id":"153cadce-ae16-3fa0-9741-0eb91f1c77eb","name":"Waste, industrial","category":"Technosphere Flows/56: Administrative and Support and Waste Management and Remediation Services/5622: Waste Treatment and Disposal","flowType":"WASTE_FLOW","location":"RNA","refUnit":"kg"},"value":0.0},{"allocationType":"CAUSAL_ALLOCATION","exchange":{"@type":"Exchange","internalId":40,"flow":{"@type":"Flow","@id":"2f9d79bf-e4c6-400a-a076-8c00f468fa3b","name":"Polyethylene, low-density, LDPE, virgin resin, at plant","category":"Technosphere Flows/31-33: Manufacturing/3252: Resin, Synthetic Rubber, and Artificial and Synthetic Fibers and Filaments Manufacturing","flowType":"PRODUCT_FLOW","refUnit":"kg"}},"product":{"@type":"Flow","@id":"153cadce-ae16-3fa0-9741-0eb91f1c77eb","name":"Waste, industrial","category":"Technosphere Flows/56: Administrative and Support and Waste Management and Remediation Services/5622: Waste Treatment and Disposal","flowType":"WASTE_FLOW","location":"RNA","refUnit":"kg"},"value":0.0},{"allocationType":"CAUSAL_ALLOCATION","exchange":{"@type":"Exchange","internalId":28,"flow":{"@type":"Flow","@id":"59a964a3-fdbd-3370-b38e-ff79acedbe09","name":"Pentane","category":"Technosphere Flows/CUTOFF Flows","flowType":"PRODUCT_FLOW","refUnit":"kg"}},"product":{"@type":"Flow","@id":"153cadce-ae16-3fa0-9741-0eb91f1c77eb","name":"Waste, industrial","category":"Technosphere Flows/56: Administrative and Support and Waste Management and Remediation Services/5622: Waste Treatment and Disposal","flowType":"WASTE_FLOW","location":"RNA","refUnit":"kg"},"value":0.0},{"allocationType":"CAUSAL_ALLOCATION","exchange":{"@type":"Exchange","internalId":24,"flow":{"@type":"Flow","@id":"1c639821-1428-35ac-aaa4-277aacdc7420","name":"Transport, single unit truck, long-haul, diesel powered","category":"Technosphere Flows/48-49: Transportation and Warehousing/4841: General Freight Trucking","flowType":"PRODUCT_FLOW","location":"RNA","refUnit":"t*km"}},"product":{"@type":"Flow","@id":"153cadce-ae16-3fa0-9741-0eb91f1c77eb","name":"Waste, industrial","category":"Technosphere Flows/56: Administrative and Support and Waste Management and Remediation Services/5622: Waste Treatment and Disposal","flowType":"WASTE_FLOW","location":"RNA","refUnit":"kg"},"value":0.0},{"allocationType":"CAUSAL_ALLOCATION","exchange":{"@type":"Exchange","internalId":8,"flow":{"@type":"Flow","@id":"031590c9-2a66-3ecc-8f20-613e5fe40c1a","name":"Acetone","category":"Elementary Flows/emission/water","flowType":"ELEMENTARY_FLOW","refUnit":"kg"}},"product":{"@type":"Flow","@id":"153cadce-ae16-3fa0-9741-0eb91f1c77eb","name":"Waste, industrial","category":"Technosphere Flows/56: Administrative and Support and Waste Management and Remediation Services/5622: Waste Treatment and Disposal","flowType":"WASTE_FLOW","location":"RNA","refUnit":"kg"},"value":0.0},{"allocationType":"CAUSAL_ALLOCATION","exchange":{"@type":"Exchange","internalId":25,"flow":{"@type":"Flow","@id":"2f9d79bf-e4c6-400a-a076-8c00f468fa3b","name":"Polyethylene, low-density, LDPE, virgin resin, at plant","category":"Technosphere Flows/31-33: Manufacturing/3252: Resin, Synthetic Rubber, and Artificial and Synthetic Fibers and Filaments Manufacturing","flowType":"PRODUCT_FLOW","refUnit":"kg"}},"product":{"@type":"Flow","@id":"c721bcd6-869a-354c-876e-22879d5781de","name":"Metal panel, insulated, at plant","category":"Technosphere Flows/31-33: Manufacturing/3323: Architectural and Structural Metals Manufacturing","flowType":"PRODUCT_FLOW","location":"RNA","refUnit":"m2"},"value":1.0},{"allocationType":"CAUSAL_ALLOCATION","exchange":{"@type":"Exchange","internalId":10,"flow":{"@type":"Flow","@id":"9dfc02c2-db7e-3c19-b120-165cab1a22c5","name":"Natural gas, combusted in industrial equipment, 1.357 m3/kg, 52.13 MJ/kg","category":"Technosphere Flows/22: Utilities/2213: Water, Sewage and Other Systems","flowType":"PRODUCT_FLOW","location":"RNA","refUnit":"m3"}},"product":{"@type":"Flow","@id":"c721bcd6-869a-354c-876e-22879d5781de","name":"Metal panel, insulated, at plant","category":"Technosphere Flows/31-33: Manufacturing/3323: Architectural and Structural Metals Manufacturing","flowType":"PRODUCT_FLOW","location":"RNA","refUnit":"m2"},"value":1.0},{"allocationType":"CAUSAL_ALLOCATION","exchange":{"@type":"Exchange","internalId":3,"flow":{"@type":"Flow","@id":"6d7370f7-fb61-3b21-a1c8-f4b03a482455","name":"Disposal, chemical waste, unspecified, to residual material landfill","category":"Technosphere Flows/CUTOFF Flows","flowType":"PRODUCT_FLOW","refUnit":"kg"}},"product":{"@type":"Flow","@id":"c721bcd6-869a-354c-876e-22879d5781de","name":"Metal panel, insulated, at plant","category":"Technosphere Flows/31-33: Manufacturing/3323: Architectural and Structural Metals Manufacturing","flowType":"PRODUCT_FLOW","location":"RNA","refUnit":"m2"},"value":0.0},{"allocationType":"CAUSAL_ALLOCATION","exchange":{"@type":"Exchange","internalId":2,"flow":{"@type":"Flow","@id":"fe598843-aa58-4c99-b4a4-d47d9c8adbe5","name":"Steel; hot-dip galvanised coil, at plant","category":"Technosphere Flows/31-33: Manufacturing/3311: Iron and Steel Mills and Ferroalloy Manufacturing","flowType":"PRODUCT_FLOW","refUnit":"kg"}},"product":{"@type":"Flow","@id":"c721bcd6-869a-354c-876e-22879d5781de","name":"Metal panel, insulated, at plant","category":"Technosphere Flows/31-33: Manufacturing/3323: Architectural and Structural Metals Manufacturing","flowType":"PRODUCT_FLOW","location":"RNA","refUnit":"m2"},"value":0.0},{"allocationType":"CAUSAL_ALLOCATION","exchange":{"@type":"Exchange","internalId":7,"flow":{"@type":"Flow","@id":"ad362da4-86b8-3519-b904-d7f3be4328fe","name":"Methanol","category":"Elementary Flows/emission/air","flowType":"ELEMENTARY_FLOW","refUnit":"kg"}},"product":{"@type":"Flow","@id":"153cadce-ae16-3fa0-9741-0eb91f1c77eb","name":"Waste, industrial","category":"Technosphere Flows/56: Administrative and Support and Waste Management and Remediation Services/5622: Waste Treatment and Disposal","flowType":"WASTE_FLOW","location":"RNA","refUnit":"kg"},"value":0.0},{"allocationType":"CAUSAL_ALLOCATION","exchange":{"@type":"Exchange","internalId":14,"flow":{"@type":"Flow","@id":"945a2b4b-8245-3347-ae34-cba43f0d4a28","name":"Oriented strand board; at OSB mill","category":"Technosphere Flows/31-33: Manufacturing/3212: Veneer, Plywood, and Engineered Wood Product Manufacturing","flowType":"PRODUCT_FLOW","location":"US","refUnit":"m3"}},"product":{"@type":"Flow","@id":"c721bcd6-869a-354c-876e-22879d5781de","name":"Metal panel, insulated, at plant","category":"Technosphere Flows/31-33: Manufacturing/3323: Architectural and Structural Metals Manufacturing","flowType":"PRODUCT_FLOW","location":"RNA","refUnit":"m2"},"value":1.0},{"allocationType":"CAUSAL_ALLOCATION","exchange":{"@type":"Exchange","internalId":27,"flow":{"@type":"Flow","@id":"cc5415fd-2095-31f1-8e53-c5fcd2fd8c54","name":"Polystyrene, exapnded, EPS, virgin resin; batch suspension polymerization; industry average, at plant","category":"Technosphere Flows/31-33: Manufacturing/3252: Resin, Synthetic Rubber, and Artificial and Synthetic Fibers and Filaments Manufacturing","flowType":"PRODUCT_FLOW","location":"RNA","refUnit":"kg"}},"product":{"@type":"Flow","@id":"153cadce-ae16-3fa0-9741-0eb91f1c77eb","name":"Waste, industrial","category":"Technosphere Flows/56: Administrative and Support and Waste Management and Remediation Services/5622: Waste Treatment and Disposal","flowType":"WASTE_FLOW","location":"RNA","refUnit":"kg"},"value":0.0},{"allocationType":"CAUSAL_ALLOCATION","exchange":{"@type":"Exchange","internalId":15,"flow":{"@type":"Flow","@id":"6c7402f5-173f-358a-8724-db60071b5091","name":"Pentane","category":"Elementary Flows/emission/air","flowType":"ELEMENTARY_FLOW","refUnit":"kg"}},"product":{"@type":"Flow","@id":"153cadce-ae16-3fa0-9741-0eb91f1c77eb","name":"Waste, industrial","category":"Technosphere Flows/56: Administrative and Support and Waste Management and Remediation Services/5622: Waste Treatment and Disposal","flowType":"WASTE_FLOW","location":"RNA","refUnit":"kg"},"value":0.0},{"allocationType":"CAUSAL_ALLOCATION","exchange":{"@type":"Exchange","internalId":23,"flow":{"@type":"Flow","@id":"4fd60c2c-8625-3b10-8618-e3eacc121bbb","name":"HFC-134a","category":"Elementary Flows/emission/air","flowType":"ELEMENTARY_FLOW","refUnit":"kg"}},"product":{"@type":"Flow","@id":"c721bcd6-869a-354c-876e-22879d5781de","name":"Metal panel, insulated, at plant","category":"Technosphere Flows/31-33: Manufacturing/3323: Architectural and Structural Metals Manufacturing","flowType":"PRODUCT_FLOW","location":"RNA","refUnit":"m2"},"value":1.0},{"allocationType":"ECONOMIC_ALLOCATION","product":{"@type":"Flow","@id":"c721bcd6-869a-354c-876e-22879d5781de","name":"Metal panel, insulated, at plant","category":"Technosphere Flows/31-33: Manufacturing/3323: Architectural and Structural Metals Manufacturing","flowType":"PRODUCT_FLOW","location":"RNA","refUnit":"m2"},"value":1.0},{"allocationType":"CAUSAL_ALLOCATION","exchange":{"@type":"Exchange","internalId":21,"flow":{"@type":"Flow","@id":"7b9895e6-0772-37fb-ba17-bd7a1093586d","name":"Diethylene glycol","category":"Elementary Flows/emission/air","flowType":"ELEMENTARY_FLOW","refUnit":"kg"}},"product":{"@type":"Flow","@id":"c721bcd6-869a-354c-876e-22879d5781de","name":"Metal panel, insulated, at plant","category":"Technosphere Flows/31-33: Manufacturing/3323: Architectural and Structural Metals Manufacturing","flowType":"PRODUCT_FLOW","location":"RNA","refUnit":"m2"},"value":1.0},{"allocationType":"CAUSAL_ALLOCATION","exchange":{"@type":"Exchange","internalId":32,"flow":{"@type":"Flow","@id":"562a4c30-29da-3584-9c76-cc11ff271681","name":"Glue-adhesive(30-50% terpene,30-50% polybutene,5-10% polyolefin), at plant","category":"Technosphere Flows/CUTOFF Flows","flowType":"PRODUCT_FLOW","refUnit":"kg"}},"product":{"@type":"Flow","@id":"c721bcd6-869a-354c-876e-22879d5781de","name":"Metal panel, insulated, at plant","category":"Technosphere Flows/31-33: Manufacturing/3323: Architectural and Structural Metals Manufacturing","flowType":"PRODUCT_FLOW","location":"RNA","refUnit":"m2"},"value":1.0},{"allocationType":"CAUSAL_ALLOCATION","exchange":{"@type":"Exchange","internalId":35,"flow":{"@type":"Flow","@id":"94fa398f-ca31-364a-92c5-a222a18b9e50","name":"Particulate matter, \u003e 10μm","category":"Elementary Flows/emission/air/troposphere/rural","flowType":"ELEMENTARY_FLOW","refUnit":"kg"}},"product":{"@type":"Flow","@id":"c721bcd6-869a-354c-876e-22879d5781de","name":"Metal panel, insulated, at plant","category":"Technosphere Flows/31-33: Manufacturing/3323: Architectural and Structural Metals Manufacturing","flowType":"PRODUCT_FLOW","location":"RNA","refUnit":"m2"},"value":1.0},{"allocationType":"CAUSAL_ALLOCATION","exchange":{"@type":"Exchange","internalId":43,"flow":{"@type":"Flow","@id":"ac9f972d-6835-35c6-bbc1-b5008f066e68","name":"Recycling, petroleum based wastes, unspecified","category":"Technosphere Flows/CUTOFF Flows","flowType":"PRODUCT_FLOW","refUnit":"kg"}},"product":{"@type":"Flow","@id":"153cadce-ae16-3fa0-9741-0eb91f1c77eb","name":"Waste, industrial","category":"Technosphere Flows/56: Administrative and Support and Waste Management and Remediation Services/5622: Waste Treatment and Disposal","flowType":"WASTE_FLOW","location":"RNA","refUnit":"kg"},"value":0.0},{"allocationType":"CAUSAL_ALLOCATION","exchange":{"@type":"Exchange","internalId":32,"flow":{"@type":"Flow","@id":"562a4c30-29da-3584-9c76-cc11ff271681","name":"Glue-adhesive(30-50% terpene,30-50% polybutene,5-10% polyolefin), at plant","category":"Technosphere Flows/CUTOFF Flows","flowType":"PRODUCT_FLOW","refUnit":"kg"}},"product":{"@type":"Flow","@id":"153cadce-ae16-3fa0-9741-0eb91f1c77eb","name":"Waste, industrial","category":"Technosphere Flows/56: Administrative and Support and Waste Management and Remediation Services/5622: Waste Treatment and Disposal","flowType":"WASTE_FLOW","location":"RNA","refUnit":"kg"},"value":0.0},{"allocationType":"CAUSAL_ALLOCATION","exchange":{"@type":"Exchange","internalId":37,"flow":{"@type":"Flow","@id":"448d12d1-5e33-3e04-9b02-93ff85042ed0","name":"Disposal, resins, unspecified, to sanitary landfill","category":"Technosphere Flows/CUTOFF Flows","flowType":"PRODUCT_FLOW","refUnit":"kg"}},"product":{"@type":"Flow","@id":"c721bcd6-869a-354c-876e-22879d5781de","name":"Metal panel, insulated, at plant","category":"Technosphere Flows/31-33: Manufacturing/3323: Architectural and Structural Metals Manufacturing","flowType":"PRODUCT_FLOW","location":"RNA","refUnit":"m2"},"value":1.0},{"allocationType":"CAUSAL_ALLOCATION","exchange":{"@type":"Exchange","internalId":40,"flow":{"@type":"Flow","@id":"2f9d79bf-e4c6-400a-a076-8c00f468fa3b","name":"Polyethylene, low-density, LDPE, virgin resin, at plant","category":"Technosphere Flows/31-33: Manufacturing/3252: Resin, Synthetic Rubber, and Artificial and Synthetic Fibers and Filaments Manufacturing","flowType":"PRODUCT_FLOW","refUnit":"kg"}},"product":{"@type":"Flow","@id":"c721bcd6-869a-354c-876e-22879d5781de","name":"Metal panel, insulated, at plant","category":"Technosphere Flows/31-33: Manufacturing/3323: Architectural and Structural Metals Manufacturing","flowType":"PRODUCT_FLOW","location":"RNA","refUnit":"m2"},"value":1.0},{"allocationType":"CAUSAL_ALLOCATION","exchange":{"@type":"Exchange","internalId":45,"flow":{"@type":"Flow","@id":"813325ee-9eb4-3825-9280-bee7b1a2e9a8","name":"Liquefied petroleum gas, at refinery","category":"Technosphere Flows/31-33: Manufacturing/3241: Petroleum and Coal Products Manufacturing","flowType":"PRODUCT_FLOW","location":"RNA","refUnit":"m3"}},"product":{"@type":"Flow","@id":"c721bcd6-869a-354c-876e-22879d5781de","name":"Metal panel, insulated, at plant","category":"Technosphere Flows/31-33: Manufacturing/3323: Architectural and Structural Metals Manufacturing","flowType":"PRODUCT_FLOW","location":"RNA","refUnit":"m2"},"value":0.0},{"allocationType":"CAUSAL_ALLOCATION","exchange":{"@type":"Exchange","internalId":8,"flow":{"@type":"Flow","@id":"031590c9-2a66-3ecc-8f20-613e5fe40c1a","name":"Acetone","category":"Elementary Flows/emission/water","flowType":"ELEMENTARY_FLOW","refUnit":"kg"}},"product":{"@type":"Flow","@id":"c721bcd6-869a-354c-876e-22879d5781de","name":"Metal panel, insulated, at plant","category":"Technosphere Flows/31-33: Manufacturing/3323: Architectural and Structural Metals Manufacturing","flowType":"PRODUCT_FLOW","location":"RNA","refUnit":"m2"},"value":1.0},{"allocationType":"CAUSAL_ALLOCATION","exchange":{"@type":"Exchange","internalId":11,"flow":{"@type":"Flow","@id":"06581fb2-1de0-3e78-8298-f37605dea142","name":"Electricity, at grid","category":"Technosphere Flows/22: Utilities/2211: Electric Power Generation, Transmission and Distribution","flowType":"PRODUCT_FLOW","location":"RNA","refUnit":"MJ"}},"product":{"@type":"Flow","@id":"c721bcd6-869a-354c-876e-22879d5781de","name":"Metal panel, insulated, at plant","category":"Technosphere Flows/31-33: Manufacturing/3323: Architectural and Structural Metals Manufacturing","flowType":"PRODUCT_FLOW","location":"RNA","refUnit":"m2"},"value":1.0},{"allocationType":"CAUSAL_ALLOCATION","exchange":{"@type":"Exchange","internalId":29,"flow":{"@type":"Flow","@id":"7b2a26ef-86ec-39e1-82e6-016b31800e2b","name":"Ethylbenzene","category":"Elementary Flows/emission/air","flowType":"ELEMENTARY_FLOW","refUnit":"kg"}},"product":{"@type":"Flow","@id":"c721bcd6-869a-354c-876e-22879d5781de","name":"Metal panel, insulated, at plant","category":"Technosphere Flows/31-33: Manufacturing/3323: Architectural and Structural Metals Manufacturing","flowType":"PRODUCT_FLOW","location":"RNA","refUnit":"m2"},"value":1.0},{"allocationType":"CAUSAL_ALLOCATION","exchange":{"@type":"Exchange","internalId":44,"flow":{"@type":"Flow","@id":"ea72f92a-274c-380d-834a-01752bd795e7","name":"Plywood; at plywood plant","category":"Technosphere Flows/31-33: Manufacturing/3212: Veneer, Plywood, and Engineered Wood Product Manufacturing","flowType":"PRODUCT_FLOW","location":"US","refUnit":"kg"}},"product":{"@type":"Flow","@id":"c721bcd6-869a-354c-876e-22879d5781de","name":"Metal panel, insulated, at plant","category":"Technosphere Flows/31-33: Manufacturing/3323: Architectural and Structural Metals Manufacturing","flowType":"PRODUCT_FLOW","location":"RNA","refUnit":"m2"},"value":0.0},{"allocationType":"CAUSAL_ALLOCATION","exchange":{"@type":"Exchange","internalId":44,"flow":{"@type":"Flow","@id":"ea72f92a-274c-380d-834a-01752bd795e7","name":"Plywood; at plywood plant","category":"Technosphere Flows/31-33: Manufacturing/3212: Veneer, Plywood, and Engineered Wood Product Manufacturing","flowType":"PRODUCT_FLOW","location":"US","refUnit":"kg"}},"product":{"@type":"Flow","@id":"153cadce-ae16-3fa0-9741-0eb91f1c77eb","name":"Waste, industrial","category":"Technosphere Flows/56: Administrative and Support and Waste Management and Remediation Services/5622: Waste Treatment and Disposal","flowType":"WASTE_FLOW","location":"RNA","refUnit":"kg"},"value":0.0},{"allocationType":"CAUSAL_ALLOCATION","exchange":{"@type":"Exchange","internalId":18,"flow":{"@type":"Flow","@id":"b9805c17-55a5-3f41-ae31-a866a39232fc","name":"Recycling, Steel scrap","category":"Technosphere Flows/CUTOFF Flows","flowType":"PRODUCT_FLOW","refUnit":"kg"}},"product":{"@type":"Flow","@id":"c721bcd6-869a-354c-876e-22879d5781de","name":"Metal panel, insulated, at plant","category":"Technosphere Flows/31-33: Manufacturing/3323: Architectural and Structural Metals Manufacturing","flowType":"PRODUCT_FLOW","location":"RNA","refUnit":"m2"},"value":1.0},{"allocationType":"CAUSAL_ALLOCATION","exchange":{"@type":"Exchange","internalId":19,"flow":{"@type":"Flow","@id":"b28b7758-b0fb-3319-a3c8-9e21ac804f7b","name":"4,4\u0027-Methylenedi(phenyl isocyanate)","category":"Elementary Flows/emission/air","flowType":"ELEMENTARY_FLOW","refUnit":"kg"}},"product":{"@type":"Flow","@id":"c721bcd6-869a-354c-876e-22879d5781de","name":"Metal panel, insulated, at plant","category":"Technosphere Flows/31-33: Manufacturing/3323: Architectural and Structural Metals Manufacturing","flowType":"PRODUCT_FLOW","location":"RNA","refUnit":"m2"},"value":1.0}]}