{"@type":"Process","@id":"f61ecd3b-fdba-3739-8051-1d4bb0c2d98e","name":"Precision sand casting, aluminum","description":"No co-product allocation for scrap materials that are recycled or reused; all environmental flows for scrap are included in the environmental flows for the product. A percent difference is calculated in cases when 2 plants reported the same data point; the percent difference is calculated by dividing the difference between the 2 plants by the average of the 2 plants. \nImportant note: although most of the data in the US LCI database has \nundergone some sort of review, the database as a whole has not yet \nundergone a formal validation process.\nPlease email comments to lci@nrel.gov.","category":"31-33: Manufacturing/3315: Foundries","version":"00.00.005","lastChange":"2023-03-31T19:04:06.038Z","processType":"UNIT_PROCESS","defaultAllocationMethod":"NO_ALLOCATION","isInfrastructureProcess":false,"location":{"@type":"Location","@id":"b320e7db-c758-3ba6-8839-81eb83c9d7d7","name":"Northern America"},"processDocumentation":{"technologyDescription":"representative of current precision sand aluminum casting technologies","restrictionsDescription":"All information can be accessed by everybody.","isCopyrightProtected":false,"geographyDescription":"United States","creationDate":"2015-09-22T12:21:10.962","validFrom":"1995-12-31","validUntil":"2000-12-31","dataDocumentor":{"@type":"Actor","@id":"38e67478-a915-43d9-ad67-e25db79a4acc","name":"Franklin Associates, A Division of ERG"},"dataGenerator":{"@type":"Actor","@id":"38e67478-a915-43d9-ad67-e25db79a4acc","name":"Franklin Associates, A Division of ERG"},"publication":{"@type":"Source","@id":"a9ac1863-2bdd-3fe4-88dd-b795c8c3daba","name":"VRP (Vehicle Recycling Partnership) "},"sources":[{"@type":"Source","@id":"a9ac1863-2bdd-3fe4-88dd-b795c8c3daba","name":"VRP (Vehicle Recycling Partnership) "}]},"lastInternalId":35,"parameters":[],"exchanges":[{"@type":"Exchange","isAvoidedProduct":false,"isInput":false,"amount":1.0,"description":"Average of 2 plants","internalId":1,"flow":{"@type":"Flow","@id":"fc1ee789-e922-3e7c-bbab-7a8ba489aea7","name":"Aluminum, cast, precision sand casting","category":"Technosphere Flows/31-33: Manufacturing/3315: Foundries","flowType":"PRODUCT_FLOW","location":"RNA","refUnit":"kg"},"unit":{"@type":"Unit","@id":"20aadc24-a391-41cf-b340-3e4529f44bde","name":"kg"},"flowProperty":{"@type":"FlowProperty","@id":"93a60a56-a3c8-11da-a746-0800200b9a66","name":"Mass","category":"Technical flow properties","refUnit":"kg"},"isQuantitativeReference":true},{"@type":"Exchange","isAvoidedProduct":false,"isInput":false,"amount":3.2E-6,"description":"Represents 1 plant. Emissions are based on published factors for process emissions.","internalId":11,"flow":{"@type":"Flow","@id":"314e4cef-5385-3262-bdb6-a756c7817579","name":"Aluminum","category":"Elementary Flows/emission/air","flowType":"ELEMENTARY_FLOW","refUnit":"kg"},"unit":{"@type":"Unit","@id":"20aadc24-a391-41cf-b340-3e4529f44bde","name":"kg"},"flowProperty":{"@type":"FlowProperty","@id":"93a60a56-a3c8-11da-a746-0800200b9a66","name":"Mass","category":"Technical flow properties","refUnit":"kg"}},{"@type":"Exchange","isAvoidedProduct":false,"isInput":true,"amount":0.0464,"description":"Average of 2 plants. There is a 38% difference between the 2 plants.","internalId":22,"flow":{"@type":"Flow","@id":"dedb7007-3a85-3f32-a800-9b274c3fad99","name":"Nitrogen, at plant","category":"Technosphere Flows/CUTOFF Flows","flowType":"PRODUCT_FLOW","refUnit":"kg"},"unit":{"@type":"Unit","@id":"20aadc24-a391-41cf-b340-3e4529f44bde","name":"kg"},"flowProperty":{"@type":"FlowProperty","@id":"93a60a56-a3c8-11da-a746-0800200b9a66","name":"Mass","category":"Technical flow properties","refUnit":"kg"}},{"@type":"Exchange","isAvoidedProduct":false,"isInput":false,"amount":0.00246,"description":"Represents 1 plant. Measured values after abatement which includes both process and on-site fuel emissions.","internalId":34,"flow":{"@type":"Flow","@id":"0418b561-ecf8-33c8-9c81-225789f15bd3","name":"Particulate matter","category":"Elementary Flows/emission/air","flowType":"ELEMENTARY_FLOW","refUnit":"kg"},"unit":{"@type":"Unit","@id":"20aadc24-a391-41cf-b340-3e4529f44bde","name":"kg"},"flowProperty":{"@type":"FlowProperty","@id":"93a60a56-a3c8-11da-a746-0800200b9a66","name":"Mass","category":"Technical flow properties","refUnit":"kg"}},{"@type":"Exchange","isAvoidedProduct":false,"isInput":true,"amount":0.0775,"description":"Average of 2 plants. There is a 66% difference between the 2 plants. Resin system is A and B stage: isocyanate and phenolic.","internalId":30,"flow":{"@type":"Flow","@id":"b53bd8bb-b9b1-3c7d-812b-97adb96f8ba6","name":"Phenol formaldehyde, at plant","category":"Technosphere Flows/31-33: Manufacturing/3252: Resin, Synthetic Rubber, and Artificial and Synthetic Fibers and Filaments Manufacturing","flowType":"PRODUCT_FLOW","location":"RNA","refUnit":"kg"},"unit":{"@type":"Unit","@id":"20aadc24-a391-41cf-b340-3e4529f44bde","name":"kg"},"flowProperty":{"@type":"FlowProperty","@id":"93a60a56-a3c8-11da-a746-0800200b9a66","name":"Mass","category":"Technical flow properties","refUnit":"kg"},"defaultProvider":{"@type":"Process","@id":"0bb53c29-31b1-3e8c-87ac-a2ef6793f8f2","name":"Phenol formaldehyde, at plant","category":"31-33: Manufacturing/3252: Resin, Synthetic Rubber, and Artificial and Synthetic Fibers and Filaments Manufacturing","processType":"UNIT_PROCESS","flowType":"PRODUCT_FLOW","location":"RNA"}},{"@type":"Exchange","isAvoidedProduct":false,"isInput":true,"amount":0.0121,"description":"Represents 1 plant. Carbon dioxide is used to clean molds.","internalId":10,"flow":{"@type":"Flow","@id":"af1cb8e1-9ab5-302e-a5ec-ee74e4bfa796","name":"Carbon dioxide, liquid, at plant","category":"Technosphere Flows/CUTOFF Flows","flowType":"PRODUCT_FLOW","refUnit":"kg"},"unit":{"@type":"Unit","@id":"20aadc24-a391-41cf-b340-3e4529f44bde","name":"kg"},"flowProperty":{"@type":"FlowProperty","@id":"93a60a56-a3c8-11da-a746-0800200b9a66","name":"Mass","category":"Technical flow properties","refUnit":"kg"}},{"@type":"Exchange","isAvoidedProduct":false,"isInput":true,"amount":0.0132,"description":"Consists of 26% oils/grease/petroleum distillates and 64% cleaner/waste paint.","internalId":23,"flow":{"@type":"Flow","@id":"f8265997-08f9-31de-a970-3120e0d705d3","name":"Disposal, liquid wastes, unspecified, to sanitary landfill","category":"Technosphere Flows/CUTOFF Flows","flowType":"PRODUCT_FLOW","refUnit":"kg"},"unit":{"@type":"Unit","@id":"20aadc24-a391-41cf-b340-3e4529f44bde","name":"kg"},"flowProperty":{"@type":"FlowProperty","@id":"93a60a56-a3c8-11da-a746-0800200b9a66","name":"Mass","category":"Technical flow properties","refUnit":"kg"}},{"@type":"Exchange","isAvoidedProduct":false,"isInput":true,"amount":0.0279,"description":"Consists of 16% sand, 11% refractory, 41% oily solids, and 29% boron nitride.","internalId":15,"flow":{"@type":"Flow","@id":"838cef47-a3a6-3dce-bcb2-560991c5e95c","name":"Disposal, solid waste, unspecified, to sanitary landfill","category":"Technosphere Flows/CUTOFF Flows","flowType":"PRODUCT_FLOW","refUnit":"kg"},"unit":{"@type":"Unit","@id":"20aadc24-a391-41cf-b340-3e4529f44bde","name":"kg"},"flowProperty":{"@type":"FlowProperty","@id":"93a60a56-a3c8-11da-a746-0800200b9a66","name":"Mass","category":"Technical flow properties","refUnit":"kg"}},{"@type":"Exchange","isAvoidedProduct":false,"isInput":false,"amount":8.9E-6,"description":"Represents 1 plant. Emissions are based on published factors for process emissions.","internalId":19,"flow":{"@type":"Flow","@id":"233fa408-5db8-3c9a-aa2f-60dcb6d587e6","name":"Copper compounds","category":"Elementary Flows/emission/air","flowType":"ELEMENTARY_FLOW","refUnit":"kg"},"unit":{"@type":"Unit","@id":"20aadc24-a391-41cf-b340-3e4529f44bde","name":"kg"},"flowProperty":{"@type":"FlowProperty","@id":"93a60a56-a3c8-11da-a746-0800200b9a66","name":"Mass","category":"Technical flow properties","refUnit":"kg"}},{"@type":"Exchange","isAvoidedProduct":false,"isInput":true,"amount":6.09,"description":"Average of 2 plants. There is a 53% difference between the 2 plants.","internalId":31,"flow":{"@type":"Flow","@id":"e2eb491c-78ff-3123-9e42-494c7d199b44","name":"Water","category":"Elementary Flows/resource/water","flowType":"ELEMENTARY_FLOW","refUnit":"kg"},"unit":{"@type":"Unit","@id":"20aadc24-a391-41cf-b340-3e4529f44bde","name":"kg"},"flowProperty":{"@type":"FlowProperty","@id":"93a60a56-a3c8-11da-a746-0800200b9a66","name":"Mass","category":"Technical flow properties","refUnit":"kg"}},{"@type":"Exchange","isAvoidedProduct":false,"isInput":false,"amount":1.22,"description":"Represents 1 plant. Measured values after abatement which includes both process and on-site fuel emissions.","internalId":25,"flow":{"@type":"Flow","@id":"b6f010fb-a764-3063-af2d-bcb8309a97b7","name":"Carbon dioxide","category":"Elementary Flows/emission/air","flowType":"ELEMENTARY_FLOW","refUnit":"kg"},"unit":{"@type":"Unit","@id":"20aadc24-a391-41cf-b340-3e4529f44bde","name":"kg"},"flowProperty":{"@type":"FlowProperty","@id":"93a60a56-a3c8-11da-a746-0800200b9a66","name":"Mass","category":"Technical flow properties","refUnit":"kg"}},{"@type":"Exchange","isAvoidedProduct":false,"isInput":true,"amount":0.931,"description":"Average of 2 plants. There is a 28% difference between the 2 plants. In this case, one plant is higher for both natural gas and electricity consumption.","internalId":14,"flow":{"@type":"Flow","@id":"bb1dc159-fe13-3f8e-8197-361e8c770ba3","name":"Natural gas, combusted in industrial boiler","category":"Technosphere Flows/22: Utilities/2213: Water, Sewage and Other Systems","flowType":"PRODUCT_FLOW","location":"RNA","refUnit":"m3"},"unit":{"@type":"Unit","@id":"1c3a9695-398d-4b1f-b07e-a8715b610f70","name":"m3"},"flowProperty":{"@type":"FlowProperty","@id":"93a60a56-a3c8-22da-a746-0800200c9a66","name":"Volume","category":"Technical flow properties","refUnit":"m3"},"defaultProvider":{"@type":"Process","@id":"5b81b61c-4d10-3bed-9926-8a5f868f5174","name":"Natural gas, combusted in industrial boiler","category":"22: Utilities/2213: Water, Sewage and Other Systems","processType":"UNIT_PROCESS","flowType":"PRODUCT_FLOW","location":"RNA"}},{"@type":"Exchange","isAvoidedProduct":false,"isInput":false,"amount":6.0E-6,"description":"Represents 1 plant. Measured values after abatement which includes both process and on-site fuel emissions.","internalId":33,"flow":{"@type":"Flow","@id":"42e4c3cb-8468-3004-bd4b-19e6cbb81687","name":"Sulfur oxides","category":"Elementary Flows/emission/air","flowType":"ELEMENTARY_FLOW","refUnit":"kg"},"unit":{"@type":"Unit","@id":"20aadc24-a391-41cf-b340-3e4529f44bde","name":"kg"},"flowProperty":{"@type":"FlowProperty","@id":"93a60a56-a3c8-11da-a746-0800200b9a66","name":"Mass","category":"Technical flow properties","refUnit":"kg"}},{"@type":"Exchange","isAvoidedProduct":false,"isInput":true,"amount":1.5E-4,"description":"Average of 2 plants. There is a 93% difference between the 2 plants.","internalId":28,"flow":{"@type":"Flow","@id":"562a4c30-29da-3584-9c76-cc11ff271681","name":"Glue-adhesive(30-50% terpene,30-50% polybutene,5-10% polyolefin), at plant","category":"Technosphere Flows/CUTOFF Flows","flowType":"PRODUCT_FLOW","refUnit":"kg"},"unit":{"@type":"Unit","@id":"20aadc24-a391-41cf-b340-3e4529f44bde","name":"kg"},"flowProperty":{"@type":"FlowProperty","@id":"93a60a56-a3c8-11da-a746-0800200b9a66","name":"Mass","category":"Technical flow properties","refUnit":"kg"}},{"@type":"Exchange","isAvoidedProduct":false,"isInput":true,"amount":0.00825,"description":"Average of 2 plants. There is a 45% difference between the 2 plants.","internalId":32,"flow":{"@type":"Flow","@id":"04865abd-efea-34fd-98a8-a26458f2da46","name":"TEA-DMEA (trimethyl amine, dimethylamine), at plant","category":"Technosphere Flows/CUTOFF Flows","flowType":"PRODUCT_FLOW","refUnit":"kg"},"unit":{"@type":"Unit","@id":"20aadc24-a391-41cf-b340-3e4529f44bde","name":"kg"},"flowProperty":{"@type":"FlowProperty","@id":"93a60a56-a3c8-11da-a746-0800200b9a66","name":"Mass","category":"Technical flow properties","refUnit":"kg"}},{"@type":"Exchange","isAvoidedProduct":false,"isInput":true,"amount":5.0E-5,"description":"Represents 1 plant.","internalId":6,"flow":{"@type":"Flow","@id":"e47a831a-40a8-381a-bc31-368f4f6e2d70","name":"Release agent, unspecified, at plant","category":"Technosphere Flows/CUTOFF Flows","flowType":"PRODUCT_FLOW","refUnit":"kg"},"unit":{"@type":"Unit","@id":"20aadc24-a391-41cf-b340-3e4529f44bde","name":"kg"},"flowProperty":{"@type":"FlowProperty","@id":"93a60a56-a3c8-11da-a746-0800200b9a66","name":"Mass","category":"Technical flow properties","refUnit":"kg"}},{"@type":"Exchange","isAvoidedProduct":false,"isInput":true,"amount":0.0137,"description":"Average of 2 plants. There is a 169% difference between the 2 plants.","internalId":5,"flow":{"@type":"Flow","@id":"f867896e-830f-31f9-975d-465b212262ef","name":"Sulfuric acid, at plant","category":"Technosphere Flows/31-33: Manufacturing/3251: Basic Chemical Manufacturing","flowType":"PRODUCT_FLOW","location":"RNA","refUnit":"kg"},"unit":{"@type":"Unit","@id":"20aadc24-a391-41cf-b340-3e4529f44bde","name":"kg"},"flowProperty":{"@type":"FlowProperty","@id":"93a60a56-a3c8-11da-a746-0800200b9a66","name":"Mass","category":"Technical flow properties","refUnit":"kg"},"defaultProvider":{"@type":"Process","@id":"1b6afe73-a064-33a3-87b0-265ae10851e9","name":"Sulfuric acid, at plant","category":"31-33: Manufacturing/3251: Basic Chemical Manufacturing","processType":"UNIT_PROCESS","flowType":"PRODUCT_FLOW","location":"RNA"}},{"@type":"Exchange","isAvoidedProduct":false,"isInput":true,"amount":5.0E-6,"description":"Represents 1 plant.","internalId":26,"flow":{"@type":"Flow","@id":"99479e91-ab64-3c73-86cb-d96373f37939","name":"Lubricant feedstock, at refinery","category":"Technosphere Flows/31-33: Manufacturing/3241: Petroleum and Coal Products Manufacturing","flowType":"PRODUCT_FLOW","refUnit":"kg"},"unit":{"@type":"Unit","@id":"20aadc24-a391-41cf-b340-3e4529f44bde","name":"kg"},"flowProperty":{"@type":"FlowProperty","@id":"93a60a56-a3c8-11da-a746-0800200b9a66","name":"Mass","category":"Technical flow properties","refUnit":"kg"},"defaultProvider":{"@type":"Process","@id":"98d423fc-789a-42d0-b961-18a96bc6491c","name":"Lubricant feedstock, at refinery","category":"31-33: Manufacturing/3241: Petroleum and Coal Products Manufacturing","processType":"UNIT_PROCESS","flowType":"PRODUCT_FLOW"}},{"@type":"Exchange","isAvoidedProduct":false,"isInput":true,"amount":4.29,"description":"Average of 2 plants. There is a 39% difference between the 2 plants. In this case, one plant is higher for both natural gas and electricity consumption.","internalId":9,"flow":{"@type":"Flow","@id":"06581fb2-1de0-3e78-8298-f37605dea142","name":"Electricity, at grid","category":"Technosphere Flows/22: Utilities/2211: Electric Power Generation, Transmission and Distribution","flowType":"PRODUCT_FLOW","location":"RNA","refUnit":"MJ"},"unit":{"@type":"Unit","@id":"86ad2244-1f0e-4912-af53-7865283103e4","name":"kWh"},"flowProperty":{"@type":"FlowProperty","@id":"f6811440-ee37-11de-8a39-0800200c9a66","name":"Energy","category":"Technical flow properties","refUnit":"MJ"},"defaultProvider":{"@type":"Process","@id":"89389d98-1ba6-30c5-9c33-92443694936b","name":"Electricity, at Grid, US, 2010","category":"22: Utilities/2211: Electric Power Generation, Transmission and Distribution","processType":"UNIT_PROCESS","flowType":"PRODUCT_FLOW","location":"RNA"}},{"@type":"Exchange","isAvoidedProduct":false,"isInput":false,"amount":0.0156,"description":"Represents 1 plant. Measured values after abatement which includes both process and on-site fuel emissions.","internalId":13,"flow":{"@type":"Flow","@id":"4382ba18-dd21-3837-80b2-94283ef5490e","name":"Nitrogen oxides","category":"Elementary Flows/emission/air","flowType":"ELEMENTARY_FLOW","refUnit":"kg"},"unit":{"@type":"Unit","@id":"20aadc24-a391-41cf-b340-3e4529f44bde","name":"kg"},"flowProperty":{"@type":"FlowProperty","@id":"93a60a56-a3c8-11da-a746-0800200b9a66","name":"Mass","category":"Technical flow properties","refUnit":"kg"}},{"@type":"Exchange","isAvoidedProduct":false,"isInput":false,"amount":6.0E-7,"description":"Represents 1 plant. Emissions are based on published factors for process emissions.","internalId":16,"flow":{"@type":"Flow","@id":"ebf3aeb4-7a46-3029-a8f8-83d68f4d4ce5","name":"Naphthalene","category":"Elementary Flows/emission/air","flowType":"ELEMENTARY_FLOW","refUnit":"kg"},"unit":{"@type":"Unit","@id":"20aadc24-a391-41cf-b340-3e4529f44bde","name":"kg"},"flowProperty":{"@type":"FlowProperty","@id":"93a60a56-a3c8-11da-a746-0800200b9a66","name":"Mass","category":"Technical flow properties","refUnit":"kg"}},{"@type":"Exchange","isAvoidedProduct":false,"isInput":false,"amount":0.0156,"description":"Represents 1 plant. Measured values after abatement which includes both process and on-site fuel emissions.","internalId":27,"flow":{"@type":"Flow","@id":"187c525c-3715-388c-b303-a0671524a615","name":"Carbon monoxide","category":"Elementary Flows/emission/air","flowType":"ELEMENTARY_FLOW","refUnit":"kg"},"unit":{"@type":"Unit","@id":"20aadc24-a391-41cf-b340-3e4529f44bde","name":"kg"},"flowProperty":{"@type":"FlowProperty","@id":"93a60a56-a3c8-11da-a746-0800200b9a66","name":"Mass","category":"Technical flow properties","refUnit":"kg"}},{"@type":"Exchange","isAvoidedProduct":false,"isInput":true,"amount":0.57,"description":"Average of 2 plants. There is a 143% difference between the 2 plants. Due to different types and grades of sand, costs and physical properties of sand differ from plant to plant.","internalId":35,"flow":{"@type":"Flow","@id":"96ad9cfe-d563-33ca-8dbc-efe34aaaca0a","name":"Sand","category":"Elementary Flows/resource/ground","flowType":"ELEMENTARY_FLOW","refUnit":"kg"},"unit":{"@type":"Unit","@id":"20aadc24-a391-41cf-b340-3e4529f44bde","name":"kg"},"flowProperty":{"@type":"FlowProperty","@id":"93a60a56-a3c8-11da-a746-0800200b9a66","name":"Mass","category":"Technical flow properties","refUnit":"kg"}},{"@type":"Exchange","isAvoidedProduct":false,"isInput":false,"amount":6.0E-7,"description":"Represents 1 plant. Emissions are based on published factors for process emissions.","internalId":24,"flow":{"@type":"Flow","@id":"f654e940-5737-3bc7-9492-f163c47bfbd5","name":"Zinc compounds","category":"Elementary Flows/emission/air","flowType":"ELEMENTARY_FLOW","refUnit":"kg"},"unit":{"@type":"Unit","@id":"20aadc24-a391-41cf-b340-3e4529f44bde","name":"kg"},"flowProperty":{"@type":"FlowProperty","@id":"93a60a56-a3c8-11da-a746-0800200b9a66","name":"Mass","category":"Technical flow properties","refUnit":"kg"}},{"@type":"Exchange","isAvoidedProduct":false,"isInput":false,"amount":5.39E-5,"description":"Represents 1 plant. Emissions are based on published factors for process emissions.","internalId":2,"flow":{"@type":"Flow","@id":"a288d284-901c-36e8-83a8-b4a7f64bfdbb","name":"Triethylamine","category":"Elementary Flows/emission/air","flowType":"ELEMENTARY_FLOW","refUnit":"kg"},"unit":{"@type":"Unit","@id":"20aadc24-a391-41cf-b340-3e4529f44bde","name":"kg"},"flowProperty":{"@type":"FlowProperty","@id":"93a60a56-a3c8-11da-a746-0800200b9a66","name":"Mass","category":"Technical flow properties","refUnit":"kg"}},{"@type":"Exchange","isAvoidedProduct":false,"isInput":true,"amount":0.00329,"description":"Average of 2 plants. There is a 56% difference between the 2 plants.","internalId":7,"flow":{"@type":"Flow","@id":"d9ad8e68-2219-3b76-a15c-917a26d62659","name":"Argon, liquid, at plant","category":"Technosphere Flows/CUTOFF Flows","flowType":"PRODUCT_FLOW","refUnit":"kg"},"unit":{"@type":"Unit","@id":"20aadc24-a391-41cf-b340-3e4529f44bde","name":"kg"},"flowProperty":{"@type":"FlowProperty","@id":"93a60a56-a3c8-11da-a746-0800200b9a66","name":"Mass","category":"Technical flow properties","refUnit":"kg"}},{"@type":"Exchange","isAvoidedProduct":false,"isInput":true,"amount":0.0149,"description":"Average of 2 plants. There is a 88% difference between the 2 plants.","internalId":8,"flow":{"@type":"Flow","@id":"b62daf19-4352-394e-a1e2-28d3227b021c","name":"Shot blast, unspecified","category":"Technosphere Flows/CUTOFF Flows","flowType":"PRODUCT_FLOW","refUnit":"kg"},"unit":{"@type":"Unit","@id":"20aadc24-a391-41cf-b340-3e4529f44bde","name":"kg"},"flowProperty":{"@type":"FlowProperty","@id":"93a60a56-a3c8-11da-a746-0800200b9a66","name":"Mass","category":"Technical flow properties","refUnit":"kg"}},{"@type":"Exchange","isAvoidedProduct":false,"isInput":true,"amount":8.1E-4,"description":"Represents 1 plant.","internalId":4,"flow":{"@type":"Flow","@id":"bf2b1e5a-4c92-3974-a2fd-a68898833086","name":"Sodium hydroxide, production mix, at plant","category":"Technosphere Flows/31-33: Manufacturing/3251: Basic Chemical Manufacturing","flowType":"PRODUCT_FLOW","location":"US","refUnit":"kg"},"unit":{"@type":"Unit","@id":"20aadc24-a391-41cf-b340-3e4529f44bde","name":"kg"},"flowProperty":{"@type":"FlowProperty","@id":"93a60a56-a3c8-11da-a746-0800200b9a66","name":"Mass","category":"Technical flow properties","refUnit":"kg"},"defaultProvider":{"@type":"Process","@id":"faa85914-ec68-377e-aee5-0e0af4e27fc8","name":"Chlorine, production mix, at plant","category":"31-33: Manufacturing/3251: Basic Chemical Manufacturing","processType":"UNIT_PROCESS","flowType":"PRODUCT_FLOW","location":"US"}},{"@type":"Exchange","isAvoidedProduct":false,"isInput":false,"amount":6.51E-5,"description":"Represents 1 plant. Emissions are based on published factors for process emissions.","internalId":12,"flow":{"@type":"Flow","@id":"37ea99ef-1be1-38e3-b5f4-8bbe233b6843","name":"1,2,4-Trimethylbenzene","category":"Elementary Flows/emission/air","flowType":"ELEMENTARY_FLOW","refUnit":"kg"},"unit":{"@type":"Unit","@id":"20aadc24-a391-41cf-b340-3e4529f44bde","name":"kg"},"flowProperty":{"@type":"FlowProperty","@id":"93a60a56-a3c8-11da-a746-0800200b9a66","name":"Mass","category":"Technical flow properties","refUnit":"kg"}},{"@type":"Exchange","isAvoidedProduct":false,"isInput":false,"amount":0.648,"description":"Average of 2 plants. Composition by weight: 73% sand, 15% aluminum scrap/dross/chips/flash, 9% wood/paper/cardboard, and 3% steel/batteries/etc.","internalId":20,"flow":{"@type":"Flow","@id":"5b669606-74bf-3601-be6b-248cb1160ac9","name":"Aluminum scrap, at precision sand casting","category":"Technosphere Flows/31-33: Manufacturing/3315: Foundries","flowType":"PRODUCT_FLOW","location":"RNA","refUnit":"kg"},"unit":{"@type":"Unit","@id":"20aadc24-a391-41cf-b340-3e4529f44bde","name":"kg"},"flowProperty":{"@type":"FlowProperty","@id":"93a60a56-a3c8-11da-a746-0800200b9a66","name":"Mass","category":"Technical flow properties","refUnit":"kg"}},{"@type":"Exchange","isAvoidedProduct":false,"isInput":true,"amount":0.0062,"description":"Represents 1 plant.","internalId":18,"flow":{"@type":"Flow","@id":"afa880a0-c577-3a98-a745-0073b51f5969","name":"Refractory material, unspecified, at plant","category":"Technosphere Flows/CUTOFF Flows","flowType":"PRODUCT_FLOW","refUnit":"kg"},"unit":{"@type":"Unit","@id":"20aadc24-a391-41cf-b340-3e4529f44bde","name":"kg"},"flowProperty":{"@type":"FlowProperty","@id":"93a60a56-a3c8-11da-a746-0800200b9a66","name":"Mass","category":"Technical flow properties","refUnit":"kg"}},{"@type":"Exchange","isAvoidedProduct":false,"isInput":false,"amount":3.7E-6,"description":"Represents 1 plant. Emissions are based on published factors for process emissions.","internalId":29,"flow":{"@type":"Flow","@id":"ceb19cad-78ed-3635-902c-d7ac03e5b830","name":"2,3,7,8-Tetrachlorodibenzo-p-dioxin","category":"Elementary Flows/emission/air","flowType":"ELEMENTARY_FLOW","refUnit":"kg"},"unit":{"@type":"Unit","@id":"20aadc24-a391-41cf-b340-3e4529f44bde","name":"kg"},"flowProperty":{"@type":"FlowProperty","@id":"93a60a56-a3c8-11da-a746-0800200b9a66","name":"Mass","category":"Technical flow properties","refUnit":"kg"}},{"@type":"Exchange","isAvoidedProduct":false,"isInput":false,"amount":0.0289,"description":"Average of 2 plants. Composition by weight: 81% sodium hydroxide and 18% sulfuric acid and spent TEA.","internalId":17,"flow":{"@type":"Flow","@id":"25f336c6-26fd-3635-978d-ae53e771c989","name":"Byproduct of aluminum casting, precision sand, liquid residuals","category":"Technosphere Flows/31-33: Manufacturing/3315: Foundries","flowType":"PRODUCT_FLOW","location":"RNA","refUnit":"kg"},"unit":{"@type":"Unit","@id":"20aadc24-a391-41cf-b340-3e4529f44bde","name":"kg"},"flowProperty":{"@type":"FlowProperty","@id":"93a60a56-a3c8-11da-a746-0800200b9a66","name":"Mass","category":"Technical flow properties","refUnit":"kg"}},{"@type":"Exchange","isAvoidedProduct":false,"isInput":false,"amount":0.0318,"description":"Represents 1 plant. Measured values after abatement which includes both process and on-site fuel emissions. Hydrocarbons include non-methane hydrocarbons as well as an unknown amount of methane.","internalId":21,"flow":{"@type":"Flow","@id":"6a8ca31c-ede5-38b1-8c30-2d50fb499a55","name":"Hydrocarbons","category":"Elementary Flows/emission/air","flowType":"ELEMENTARY_FLOW","refUnit":"kg"},"unit":{"@type":"Unit","@id":"20aadc24-a391-41cf-b340-3e4529f44bde","name":"kg"},"flowProperty":{"@type":"FlowProperty","@id":"93a60a56-a3c8-11da-a746-0800200b9a66","name":"Mass","category":"Technical flow properties","refUnit":"kg"}},{"@type":"Exchange","isAvoidedProduct":false,"isInput":true,"amount":1.15,"description":"Average of 2 plants.","internalId":3,"flow":{"@type":"Flow","@id":"aec9945f-f19c-3834-8e26-5f4f92cfcb2b","name":"Aluminum ingot, production mix, at plant","category":"Technosphere Flows/31-33: Manufacturing/3313: Alumina and Aluminum Production and Processing","flowType":"PRODUCT_FLOW","location":"US","refUnit":"kg"},"unit":{"@type":"Unit","@id":"20aadc24-a391-41cf-b340-3e4529f44bde","name":"kg"},"flowProperty":{"@type":"FlowProperty","@id":"93a60a56-a3c8-11da-a746-0800200b9a66","name":"Mass","category":"Technical flow properties","refUnit":"kg"},"defaultProvider":{"@type":"Process","@id":"a8eb9a6a-e8e6-3da6-a3ab-20dcf68e883a","name":"Aluminum ingot, production mix, at plant","category":"31-33: Manufacturing/3313: Alumina and Aluminum Production and Processing","processType":"UNIT_PROCESS","flowType":"PRODUCT_FLOW","location":"US"}}],"socialAspects":[],"allocationFactors":[{"allocationType":"CAUSAL_ALLOCATION","exchange":{"@type":"Exchange","internalId":10,"flow":{"@type":"Flow","@id":"af1cb8e1-9ab5-302e-a5ec-ee74e4bfa796","name":"Carbon dioxide, liquid, at plant","category":"Technosphere Flows/CUTOFF Flows","flowType":"PRODUCT_FLOW","refUnit":"kg"}},"product":{"@type":"Flow","@id":"fc1ee789-e922-3e7c-bbab-7a8ba489aea7","name":"Aluminum, cast, precision sand casting","category":"Technosphere Flows/31-33: Manufacturing/3315: Foundries","flowType":"PRODUCT_FLOW","location":"RNA","refUnit":"kg"},"value":1.0},{"allocationType":"CAUSAL_ALLOCATION","exchange":{"@type":"Exchange","internalId":27,"flow":{"@type":"Flow","@id":"187c525c-3715-388c-b303-a0671524a615","name":"Carbon monoxide","category":"Elementary Flows/emission/air","flowType":"ELEMENTARY_FLOW","refUnit":"kg"}},"product":{"@type":"Flow","@id":"fc1ee789-e922-3e7c-bbab-7a8ba489aea7","name":"Aluminum, cast, precision sand casting","category":"Technosphere Flows/31-33: Manufacturing/3315: Foundries","flowType":"PRODUCT_FLOW","location":"RNA","refUnit":"kg"},"value":1.0},{"allocationType":"CAUSAL_ALLOCATION","exchange":{"@type":"Exchange","internalId":6,"flow":{"@type":"Flow","@id":"e47a831a-40a8-381a-bc31-368f4f6e2d70","name":"Release agent, unspecified, at plant","category":"Technosphere Flows/CUTOFF Flows","flowType":"PRODUCT_FLOW","refUnit":"kg"}},"product":{"@type":"Flow","@id":"5b669606-74bf-3601-be6b-248cb1160ac9","name":"Aluminum scrap, at precision sand casting","category":"Technosphere Flows/31-33: Manufacturing/3315: Foundries","flowType":"PRODUCT_FLOW","location":"RNA","refUnit":"kg"},"value":0.0},{"allocationType":"CAUSAL_ALLOCATION","exchange":{"@type":"Exchange","internalId":6,"flow":{"@type":"Flow","@id":"e47a831a-40a8-381a-bc31-368f4f6e2d70","name":"Release agent, unspecified, at plant","category":"Technosphere Flows/CUTOFF Flows","flowType":"PRODUCT_FLOW","refUnit":"kg"}},"product":{"@type":"Flow","@id":"25f336c6-26fd-3635-978d-ae53e771c989","name":"Byproduct of aluminum casting, precision sand, liquid residuals","category":"Technosphere Flows/31-33: Manufacturing/3315: Foundries","flowType":"PRODUCT_FLOW","location":"RNA","refUnit":"kg"},"value":0.0},{"allocationType":"CAUSAL_ALLOCATION","exchange":{"@type":"Exchange","internalId":16,"flow":{"@type":"Flow","@id":"ebf3aeb4-7a46-3029-a8f8-83d68f4d4ce5","name":"Naphthalene","category":"Elementary Flows/emission/air","flowType":"ELEMENTARY_FLOW","refUnit":"kg"}},"product":{"@type":"Flow","@id":"fc1ee789-e922-3e7c-bbab-7a8ba489aea7","name":"Aluminum, cast, precision sand casting","category":"Technosphere Flows/31-33: Manufacturing/3315: Foundries","flowType":"PRODUCT_FLOW","location":"RNA","refUnit":"kg"},"value":1.0},{"allocationType":"CAUSAL_ALLOCATION","exchange":{"@type":"Exchange","internalId":18,"flow":{"@type":"Flow","@id":"afa880a0-c577-3a98-a745-0073b51f5969","name":"Refractory material, unspecified, at plant","category":"Technosphere Flows/CUTOFF Flows","flowType":"PRODUCT_FLOW","refUnit":"kg"}},"product":{"@type":"Flow","@id":"25f336c6-26fd-3635-978d-ae53e771c989","name":"Byproduct of aluminum casting, precision sand, liquid residuals","category":"Technosphere Flows/31-33: Manufacturing/3315: Foundries","flowType":"PRODUCT_FLOW","location":"RNA","refUnit":"kg"},"value":0.0},{"allocationType":"CAUSAL_ALLOCATION","exchange":{"@type":"Exchange","internalId":9,"flow":{"@type":"Flow","@id":"06581fb2-1de0-3e78-8298-f37605dea142","name":"Electricity, at grid","category":"Technosphere Flows/22: Utilities/2211: Electric Power Generation, Transmission and Distribution","flowType":"PRODUCT_FLOW","location":"RNA","refUnit":"MJ"}},"product":{"@type":"Flow","@id":"25f336c6-26fd-3635-978d-ae53e771c989","name":"Byproduct of aluminum casting, precision sand, liquid residuals","category":"Technosphere Flows/31-33: Manufacturing/3315: Foundries","flowType":"PRODUCT_FLOW","location":"RNA","refUnit":"kg"},"value":0.0},{"allocationType":"CAUSAL_ALLOCATION","exchange":{"@type":"Exchange","internalId":5,"flow":{"@type":"Flow","@id":"f867896e-830f-31f9-975d-465b212262ef","name":"Sulfuric acid, at plant","category":"Technosphere Flows/31-33: Manufacturing/3251: Basic Chemical Manufacturing","flowType":"PRODUCT_FLOW","location":"RNA","refUnit":"kg"}},"product":{"@type":"Flow","@id":"fc1ee789-e922-3e7c-bbab-7a8ba489aea7","name":"Aluminum, cast, precision sand casting","category":"Technosphere Flows/31-33: Manufacturing/3315: Foundries","flowType":"PRODUCT_FLOW","location":"RNA","refUnit":"kg"},"value":1.0},{"allocationType":"CAUSAL_ALLOCATION","exchange":{"@type":"Exchange","internalId":19,"flow":{"@type":"Flow","@id":"233fa408-5db8-3c9a-aa2f-60dcb6d587e6","name":"Copper compounds","category":"Elementary Flows/emission/air","flowType":"ELEMENTARY_FLOW","refUnit":"kg"}},"product":{"@type":"Flow","@id":"5b669606-74bf-3601-be6b-248cb1160ac9","name":"Aluminum scrap, at precision sand casting","category":"Technosphere Flows/31-33: Manufacturing/3315: Foundries","flowType":"PRODUCT_FLOW","location":"RNA","refUnit":"kg"},"value":0.0},{"allocationType":"CAUSAL_ALLOCATION","exchange":{"@type":"Exchange","internalId":23,"flow":{"@type":"Flow","@id":"f8265997-08f9-31de-a970-3120e0d705d3","name":"Disposal, liquid wastes, unspecified, to sanitary landfill","category":"Technosphere Flows/CUTOFF Flows","flowType":"PRODUCT_FLOW","refUnit":"kg"}},"product":{"@type":"Flow","@id":"25f336c6-26fd-3635-978d-ae53e771c989","name":"Byproduct of aluminum casting, precision sand, liquid residuals","category":"Technosphere Flows/31-33: Manufacturing/3315: Foundries","flowType":"PRODUCT_FLOW","location":"RNA","refUnit":"kg"},"value":0.0},{"allocationType":"CAUSAL_ALLOCATION","exchange":{"@type":"Exchange","internalId":30,"flow":{"@type":"Flow","@id":"b53bd8bb-b9b1-3c7d-812b-97adb96f8ba6","name":"Phenol formaldehyde, at plant","category":"Technosphere Flows/31-33: Manufacturing/3252: Resin, Synthetic Rubber, and Artificial and Synthetic Fibers and Filaments Manufacturing","flowType":"PRODUCT_FLOW","location":"RNA","refUnit":"kg"}},"product":{"@type":"Flow","@id":"5b669606-74bf-3601-be6b-248cb1160ac9","name":"Aluminum scrap, at precision sand casting","category":"Technosphere Flows/31-33: Manufacturing/3315: Foundries","flowType":"PRODUCT_FLOW","location":"RNA","refUnit":"kg"},"value":0.0},{"allocationType":"CAUSAL_ALLOCATION","exchange":{"@type":"Exchange","internalId":2,"flow":{"@type":"Flow","@id":"a288d284-901c-36e8-83a8-b4a7f64bfdbb","name":"Triethylamine","category":"Elementary Flows/emission/air","flowType":"ELEMENTARY_FLOW","refUnit":"kg"}},"product":{"@type":"Flow","@id":"25f336c6-26fd-3635-978d-ae53e771c989","name":"Byproduct of aluminum casting, precision sand, liquid residuals","category":"Technosphere Flows/31-33: Manufacturing/3315: Foundries","flowType":"PRODUCT_FLOW","location":"RNA","refUnit":"kg"},"value":0.0},{"allocationType":"ECONOMIC_ALLOCATION","product":{"@type":"Flow","@id":"5b669606-74bf-3601-be6b-248cb1160ac9","name":"Aluminum scrap, at precision sand casting","category":"Technosphere Flows/31-33: Manufacturing/3315: Foundries","flowType":"PRODUCT_FLOW","location":"RNA","refUnit":"kg"},"value":0.0},{"allocationType":"CAUSAL_ALLOCATION","exchange":{"@type":"Exchange","internalId":11,"flow":{"@type":"Flow","@id":"314e4cef-5385-3262-bdb6-a756c7817579","name":"Aluminum","category":"Elementary Flows/emission/air","flowType":"ELEMENTARY_FLOW","refUnit":"kg"}},"product":{"@type":"Flow","@id":"5b669606-74bf-3601-be6b-248cb1160ac9","name":"Aluminum scrap, at precision sand casting","category":"Technosphere Flows/31-33: Manufacturing/3315: Foundries","flowType":"PRODUCT_FLOW","location":"RNA","refUnit":"kg"},"value":0.0},{"allocationType":"CAUSAL_ALLOCATION","exchange":{"@type":"Exchange","internalId":21,"flow":{"@type":"Flow","@id":"6a8ca31c-ede5-38b1-8c30-2d50fb499a55","name":"Hydrocarbons","category":"Elementary Flows/emission/air","flowType":"ELEMENTARY_FLOW","refUnit":"kg"}},"product":{"@type":"Flow","@id":"25f336c6-26fd-3635-978d-ae53e771c989","name":"Byproduct of aluminum casting, precision sand, liquid residuals","category":"Technosphere Flows/31-33: Manufacturing/3315: Foundries","flowType":"PRODUCT_FLOW","location":"RNA","refUnit":"kg"},"value":0.0},{"allocationType":"CAUSAL_ALLOCATION","exchange":{"@type":"Exchange","internalId":6,"flow":{"@type":"Flow","@id":"e47a831a-40a8-381a-bc31-368f4f6e2d70","name":"Release agent, unspecified, at plant","category":"Technosphere Flows/CUTOFF Flows","flowType":"PRODUCT_FLOW","refUnit":"kg"}},"product":{"@type":"Flow","@id":"fc1ee789-e922-3e7c-bbab-7a8ba489aea7","name":"Aluminum, cast, precision sand casting","category":"Technosphere Flows/31-33: Manufacturing/3315: Foundries","flowType":"PRODUCT_FLOW","location":"RNA","refUnit":"kg"},"value":1.0},{"allocationType":"CAUSAL_ALLOCATION","exchange":{"@type":"Exchange","internalId":25,"flow":{"@type":"Flow","@id":"b6f010fb-a764-3063-af2d-bcb8309a97b7","name":"Carbon dioxide","category":"Elementary Flows/emission/air","flowType":"ELEMENTARY_FLOW","refUnit":"kg"}},"product":{"@type":"Flow","@id":"fc1ee789-e922-3e7c-bbab-7a8ba489aea7","name":"Aluminum, cast, precision sand casting","category":"Technosphere Flows/31-33: Manufacturing/3315: Foundries","flowType":"PRODUCT_FLOW","location":"RNA","refUnit":"kg"},"value":1.0},{"allocationType":"CAUSAL_ALLOCATION","exchange":{"@type":"Exchange","internalId":13,"flow":{"@type":"Flow","@id":"4382ba18-dd21-3837-80b2-94283ef5490e","name":"Nitrogen oxides","category":"Elementary Flows/emission/air","flowType":"ELEMENTARY_FLOW","refUnit":"kg"}},"product":{"@type":"Flow","@id":"5b669606-74bf-3601-be6b-248cb1160ac9","name":"Aluminum scrap, at precision sand casting","category":"Technosphere Flows/31-33: Manufacturing/3315: Foundries","flowType":"PRODUCT_FLOW","location":"RNA","refUnit":"kg"},"value":0.0},{"allocationType":"CAUSAL_ALLOCATION","exchange":{"@type":"Exchange","internalId":29,"flow":{"@type":"Flow","@id":"ceb19cad-78ed-3635-902c-d7ac03e5b830","name":"2,3,7,8-Tetrachlorodibenzo-p-dioxin","category":"Elementary Flows/emission/air","flowType":"ELEMENTARY_FLOW","refUnit":"kg"}},"product":{"@type":"Flow","@id":"25f336c6-26fd-3635-978d-ae53e771c989","name":"Byproduct of aluminum casting, precision sand, liquid residuals","category":"Technosphere Flows/31-33: Manufacturing/3315: Foundries","flowType":"PRODUCT_FLOW","location":"RNA","refUnit":"kg"},"value":0.0},{"allocationType":"CAUSAL_ALLOCATION","exchange":{"@type":"Exchange","internalId":31,"flow":{"@type":"Flow","@id":"e2eb491c-78ff-3123-9e42-494c7d199b44","name":"Water","category":"Elementary Flows/resource/water","flowType":"ELEMENTARY_FLOW","refUnit":"kg"}},"product":{"@type":"Flow","@id":"5b669606-74bf-3601-be6b-248cb1160ac9","name":"Aluminum scrap, at precision sand casting","category":"Technosphere Flows/31-33: Manufacturing/3315: Foundries","flowType":"PRODUCT_FLOW","location":"RNA","refUnit":"kg"},"value":0.0},{"allocationType":"CAUSAL_ALLOCATION","exchange":{"@type":"Exchange","internalId":21,"flow":{"@type":"Flow","@id":"6a8ca31c-ede5-38b1-8c30-2d50fb499a55","name":"Hydrocarbons","category":"Elementary Flows/emission/air","flowType":"ELEMENTARY_FLOW","refUnit":"kg"}},"product":{"@type":"Flow","@id":"fc1ee789-e922-3e7c-bbab-7a8ba489aea7","name":"Aluminum, cast, precision sand casting","category":"Technosphere Flows/31-33: Manufacturing/3315: Foundries","flowType":"PRODUCT_FLOW","location":"RNA","refUnit":"kg"},"value":1.0},{"allocationType":"CAUSAL_ALLOCATION","exchange":{"@type":"Exchange","internalId":29,"flow":{"@type":"Flow","@id":"ceb19cad-78ed-3635-902c-d7ac03e5b830","name":"2,3,7,8-Tetrachlorodibenzo-p-dioxin","category":"Elementary Flows/emission/air","flowType":"ELEMENTARY_FLOW","refUnit":"kg"}},"product":{"@type":"Flow","@id":"fc1ee789-e922-3e7c-bbab-7a8ba489aea7","name":"Aluminum, cast, precision sand casting","category":"Technosphere Flows/31-33: Manufacturing/3315: Foundries","flowType":"PRODUCT_FLOW","location":"RNA","refUnit":"kg"},"value":1.0},{"allocationType":"CAUSAL_ALLOCATION","exchange":{"@type":"Exchange","internalId":7,"flow":{"@type":"Flow","@id":"d9ad8e68-2219-3b76-a15c-917a26d62659","name":"Argon, liquid, at plant","category":"Technosphere Flows/CUTOFF Flows","flowType":"PRODUCT_FLOW","refUnit":"kg"}},"product":{"@type":"Flow","@id":"25f336c6-26fd-3635-978d-ae53e771c989","name":"Byproduct of aluminum casting, precision sand, liquid residuals","category":"Technosphere Flows/31-33: Manufacturing/3315: Foundries","flowType":"PRODUCT_FLOW","location":"RNA","refUnit":"kg"},"value":0.0},{"allocationType":"CAUSAL_ALLOCATION","exchange":{"@type":"Exchange","internalId":16,"flow":{"@type":"Flow","@id":"ebf3aeb4-7a46-3029-a8f8-83d68f4d4ce5","name":"Naphthalene","category":"Elementary Flows/emission/air","flowType":"ELEMENTARY_FLOW","refUnit":"kg"}},"product":{"@type":"Flow","@id":"5b669606-74bf-3601-be6b-248cb1160ac9","name":"Aluminum scrap, at precision sand casting","category":"Technosphere Flows/31-33: Manufacturing/3315: Foundries","flowType":"PRODUCT_FLOW","location":"RNA","refUnit":"kg"},"value":0.0},{"allocationType":"CAUSAL_ALLOCATION","exchange":{"@type":"Exchange","internalId":34,"flow":{"@type":"Flow","@id":"0418b561-ecf8-33c8-9c81-225789f15bd3","name":"Particulate matter","category":"Elementary Flows/emission/air","flowType":"ELEMENTARY_FLOW","refUnit":"kg"}},"product":{"@type":"Flow","@id":"25f336c6-26fd-3635-978d-ae53e771c989","name":"Byproduct of aluminum casting, precision sand, liquid residuals","category":"Technosphere Flows/31-33: Manufacturing/3315: Foundries","flowType":"PRODUCT_FLOW","location":"RNA","refUnit":"kg"},"value":0.0},{"allocationType":"CAUSAL_ALLOCATION","exchange":{"@type":"Exchange","internalId":3,"flow":{"@type":"Flow","@id":"aec9945f-f19c-3834-8e26-5f4f92cfcb2b","name":"Aluminum ingot, production mix, at plant","category":"Technosphere Flows/31-33: Manufacturing/3313: Alumina and Aluminum Production and Processing","flowType":"PRODUCT_FLOW","location":"US","refUnit":"kg"}},"product":{"@type":"Flow","@id":"5b669606-74bf-3601-be6b-248cb1160ac9","name":"Aluminum scrap, at precision sand casting","category":"Technosphere Flows/31-33: Manufacturing/3315: Foundries","flowType":"PRODUCT_FLOW","location":"RNA","refUnit":"kg"},"value":0.0},{"allocationType":"CAUSAL_ALLOCATION","exchange":{"@type":"Exchange","internalId":34,"flow":{"@type":"Flow","@id":"0418b561-ecf8-33c8-9c81-225789f15bd3","name":"Particulate matter","category":"Elementary Flows/emission/air","flowType":"ELEMENTARY_FLOW","refUnit":"kg"}},"product":{"@type":"Flow","@id":"fc1ee789-e922-3e7c-bbab-7a8ba489aea7","name":"Aluminum, cast, precision sand casting","category":"Technosphere Flows/31-33: Manufacturing/3315: Foundries","flowType":"PRODUCT_FLOW","location":"RNA","refUnit":"kg"},"value":1.0},{"allocationType":"CAUSAL_ALLOCATION","exchange":{"@type":"Exchange","internalId":11,"flow":{"@type":"Flow","@id":"314e4cef-5385-3262-bdb6-a756c7817579","name":"Aluminum","category":"Elementary Flows/emission/air","flowType":"ELEMENTARY_FLOW","refUnit":"kg"}},"product":{"@type":"Flow","@id":"fc1ee789-e922-3e7c-bbab-7a8ba489aea7","name":"Aluminum, cast, precision sand casting","category":"Technosphere Flows/31-33: Manufacturing/3315: Foundries","flowType":"PRODUCT_FLOW","location":"RNA","refUnit":"kg"},"value":1.0},{"allocationType":"CAUSAL_ALLOCATION","exchange":{"@type":"Exchange","internalId":35,"flow":{"@type":"Flow","@id":"96ad9cfe-d563-33ca-8dbc-efe34aaaca0a","name":"Sand","category":"Elementary Flows/resource/ground","flowType":"ELEMENTARY_FLOW","refUnit":"kg"}},"product":{"@type":"Flow","@id":"5b669606-74bf-3601-be6b-248cb1160ac9","name":"Aluminum scrap, at precision sand casting","category":"Technosphere Flows/31-33: Manufacturing/3315: Foundries","flowType":"PRODUCT_FLOW","location":"RNA","refUnit":"kg"},"value":0.0},{"allocationType":"CAUSAL_ALLOCATION","exchange":{"@type":"Exchange","internalId":31,"flow":{"@type":"Flow","@id":"e2eb491c-78ff-3123-9e42-494c7d199b44","name":"Water","category":"Elementary Flows/resource/water","flowType":"ELEMENTARY_FLOW","refUnit":"kg"}},"product":{"@type":"Flow","@id":"fc1ee789-e922-3e7c-bbab-7a8ba489aea7","name":"Aluminum, cast, precision sand casting","category":"Technosphere Flows/31-33: Manufacturing/3315: Foundries","flowType":"PRODUCT_FLOW","location":"RNA","refUnit":"kg"},"value":1.0},{"allocationType":"CAUSAL_ALLOCATION","exchange":{"@type":"Exchange","internalId":11,"flow":{"@type":"Flow","@id":"314e4cef-5385-3262-bdb6-a756c7817579","name":"Aluminum","category":"Elementary Flows/emission/air","flowType":"ELEMENTARY_FLOW","refUnit":"kg"}},"product":{"@type":"Flow","@id":"25f336c6-26fd-3635-978d-ae53e771c989","name":"Byproduct of aluminum casting, precision sand, liquid residuals","category":"Technosphere Flows/31-33: Manufacturing/3315: Foundries","flowType":"PRODUCT_FLOW","location":"RNA","refUnit":"kg"},"value":0.0},{"allocationType":"CAUSAL_ALLOCATION","exchange":{"@type":"Exchange","internalId":8,"flow":{"@type":"Flow","@id":"b62daf19-4352-394e-a1e2-28d3227b021c","name":"Shot blast, unspecified","category":"Technosphere Flows/CUTOFF Flows","flowType":"PRODUCT_FLOW","refUnit":"kg"}},"product":{"@type":"Flow","@id":"25f336c6-26fd-3635-978d-ae53e771c989","name":"Byproduct of aluminum casting, precision sand, liquid residuals","category":"Technosphere Flows/31-33: Manufacturing/3315: Foundries","flowType":"PRODUCT_FLOW","location":"RNA","refUnit":"kg"},"value":0.0},{"allocationType":"CAUSAL_ALLOCATION","exchange":{"@type":"Exchange","internalId":33,"flow":{"@type":"Flow","@id":"42e4c3cb-8468-3004-bd4b-19e6cbb81687","name":"Sulfur oxides","category":"Elementary Flows/emission/air","flowType":"ELEMENTARY_FLOW","refUnit":"kg"}},"product":{"@type":"Flow","@id":"5b669606-74bf-3601-be6b-248cb1160ac9","name":"Aluminum scrap, at precision sand casting","category":"Technosphere Flows/31-33: Manufacturing/3315: Foundries","flowType":"PRODUCT_FLOW","location":"RNA","refUnit":"kg"},"value":0.0},{"allocationType":"CAUSAL_ALLOCATION","exchange":{"@type":"Exchange","internalId":22,"flow":{"@type":"Flow","@id":"dedb7007-3a85-3f32-a800-9b274c3fad99","name":"Nitrogen, at plant","category":"Technosphere Flows/CUTOFF Flows","flowType":"PRODUCT_FLOW","refUnit":"kg"}},"product":{"@type":"Flow","@id":"5b669606-74bf-3601-be6b-248cb1160ac9","name":"Aluminum scrap, at precision sand casting","category":"Technosphere Flows/31-33: Manufacturing/3315: Foundries","flowType":"PRODUCT_FLOW","location":"RNA","refUnit":"kg"},"value":0.0},{"allocationType":"CAUSAL_ALLOCATION","exchange":{"@type":"Exchange","internalId":4,"flow":{"@type":"Flow","@id":"bf2b1e5a-4c92-3974-a2fd-a68898833086","name":"Sodium hydroxide, production mix, at plant","category":"Technosphere Flows/31-33: Manufacturing/3251: Basic Chemical Manufacturing","flowType":"PRODUCT_FLOW","location":"US","refUnit":"kg"}},"product":{"@type":"Flow","@id":"5b669606-74bf-3601-be6b-248cb1160ac9","name":"Aluminum scrap, at precision sand casting","category":"Technosphere Flows/31-33: Manufacturing/3315: Foundries","flowType":"PRODUCT_FLOW","location":"RNA","refUnit":"kg"},"value":0.0},{"allocationType":"CAUSAL_ALLOCATION","exchange":{"@type":"Exchange","internalId":35,"flow":{"@type":"Flow","@id":"96ad9cfe-d563-33ca-8dbc-efe34aaaca0a","name":"Sand","category":"Elementary Flows/resource/ground","flowType":"ELEMENTARY_FLOW","refUnit":"kg"}},"product":{"@type":"Flow","@id":"25f336c6-26fd-3635-978d-ae53e771c989","name":"Byproduct of aluminum casting, precision sand, liquid residuals","category":"Technosphere Flows/31-33: Manufacturing/3315: Foundries","flowType":"PRODUCT_FLOW","location":"RNA","refUnit":"kg"},"value":0.0},{"allocationType":"CAUSAL_ALLOCATION","exchange":{"@type":"Exchange","internalId":29,"flow":{"@type":"Flow","@id":"ceb19cad-78ed-3635-902c-d7ac03e5b830","name":"2,3,7,8-Tetrachlorodibenzo-p-dioxin","category":"Elementary Flows/emission/air","flowType":"ELEMENTARY_FLOW","refUnit":"kg"}},"product":{"@type":"Flow","@id":"5b669606-74bf-3601-be6b-248cb1160ac9","name":"Aluminum scrap, at precision sand casting","category":"Technosphere Flows/31-33: Manufacturing/3315: Foundries","flowType":"PRODUCT_FLOW","location":"RNA","refUnit":"kg"},"value":0.0},{"allocationType":"CAUSAL_ALLOCATION","exchange":{"@type":"Exchange","internalId":5,"flow":{"@type":"Flow","@id":"f867896e-830f-31f9-975d-465b212262ef","name":"Sulfuric acid, at plant","category":"Technosphere Flows/31-33: Manufacturing/3251: Basic Chemical Manufacturing","flowType":"PRODUCT_FLOW","location":"RNA","refUnit":"kg"}},"product":{"@type":"Flow","@id":"25f336c6-26fd-3635-978d-ae53e771c989","name":"Byproduct of aluminum casting, precision sand, liquid residuals","category":"Technosphere Flows/31-33: Manufacturing/3315: Foundries","flowType":"PRODUCT_FLOW","location":"RNA","refUnit":"kg"},"value":0.0},{"allocationType":"CAUSAL_ALLOCATION","exchange":{"@type":"Exchange","internalId":19,"flow":{"@type":"Flow","@id":"233fa408-5db8-3c9a-aa2f-60dcb6d587e6","name":"Copper compounds","category":"Elementary Flows/emission/air","flowType":"ELEMENTARY_FLOW","refUnit":"kg"}},"product":{"@type":"Flow","@id":"fc1ee789-e922-3e7c-bbab-7a8ba489aea7","name":"Aluminum, cast, precision sand casting","category":"Technosphere Flows/31-33: Manufacturing/3315: Foundries","flowType":"PRODUCT_FLOW","location":"RNA","refUnit":"kg"},"value":1.0},{"allocationType":"CAUSAL_ALLOCATION","exchange":{"@type":"Exchange","internalId":30,"flow":{"@type":"Flow","@id":"b53bd8bb-b9b1-3c7d-812b-97adb96f8ba6","name":"Phenol formaldehyde, at plant","category":"Technosphere Flows/31-33: Manufacturing/3252: Resin, Synthetic Rubber, and Artificial and Synthetic Fibers and Filaments Manufacturing","flowType":"PRODUCT_FLOW","location":"RNA","refUnit":"kg"}},"product":{"@type":"Flow","@id":"25f336c6-26fd-3635-978d-ae53e771c989","name":"Byproduct of aluminum casting, precision sand, liquid residuals","category":"Technosphere Flows/31-33: Manufacturing/3315: Foundries","flowType":"PRODUCT_FLOW","location":"RNA","refUnit":"kg"},"value":0.0},{"allocationType":"CAUSAL_ALLOCATION","exchange":{"@type":"Exchange","internalId":25,"flow":{"@type":"Flow","@id":"b6f010fb-a764-3063-af2d-bcb8309a97b7","name":"Carbon dioxide","category":"Elementary Flows/emission/air","flowType":"ELEMENTARY_FLOW","refUnit":"kg"}},"product":{"@type":"Flow","@id":"25f336c6-26fd-3635-978d-ae53e771c989","name":"Byproduct of aluminum casting, precision sand, liquid residuals","category":"Technosphere Flows/31-33: Manufacturing/3315: Foundries","flowType":"PRODUCT_FLOW","location":"RNA","refUnit":"kg"},"value":0.0},{"allocationType":"CAUSAL_ALLOCATION","exchange":{"@type":"Exchange","internalId":33,"flow":{"@type":"Flow","@id":"42e4c3cb-8468-3004-bd4b-19e6cbb81687","name":"Sulfur oxides","category":"Elementary Flows/emission/air","flowType":"ELEMENTARY_FLOW","refUnit":"kg"}},"product":{"@type":"Flow","@id":"25f336c6-26fd-3635-978d-ae53e771c989","name":"Byproduct of aluminum casting, precision sand, liquid residuals","category":"Technosphere Flows/31-33: Manufacturing/3315: Foundries","flowType":"PRODUCT_FLOW","location":"RNA","refUnit":"kg"},"value":0.0},{"allocationType":"CAUSAL_ALLOCATION","exchange":{"@type":"Exchange","internalId":25,"flow":{"@type":"Flow","@id":"b6f010fb-a764-3063-af2d-bcb8309a97b7","name":"Carbon dioxide","category":"Elementary Flows/emission/air","flowType":"ELEMENTARY_FLOW","refUnit":"kg"}},"product":{"@type":"Flow","@id":"5b669606-74bf-3601-be6b-248cb1160ac9","name":"Aluminum scrap, at precision sand casting","category":"Technosphere Flows/31-33: Manufacturing/3315: Foundries","flowType":"PRODUCT_FLOW","location":"RNA","refUnit":"kg"},"value":0.0},{"allocationType":"CAUSAL_ALLOCATION","exchange":{"@type":"Exchange","internalId":24,"flow":{"@type":"Flow","@id":"f654e940-5737-3bc7-9492-f163c47bfbd5","name":"Zinc compounds","category":"Elementary Flows/emission/air","flowType":"ELEMENTARY_FLOW","refUnit":"kg"}},"product":{"@type":"Flow","@id":"25f336c6-26fd-3635-978d-ae53e771c989","name":"Byproduct of aluminum casting, precision sand, liquid residuals","category":"Technosphere Flows/31-33: Manufacturing/3315: Foundries","flowType":"PRODUCT_FLOW","location":"RNA","refUnit":"kg"},"value":0.0},{"allocationType":"ECONOMIC_ALLOCATION","product":{"@type":"Flow","@id":"fc1ee789-e922-3e7c-bbab-7a8ba489aea7","name":"Aluminum, cast, precision sand casting","category":"Technosphere Flows/31-33: Manufacturing/3315: Foundries","flowType":"PRODUCT_FLOW","location":"RNA","refUnit":"kg"},"value":1.0},{"allocationType":"CAUSAL_ALLOCATION","exchange":{"@type":"Exchange","internalId":15,"flow":{"@type":"Flow","@id":"838cef47-a3a6-3dce-bcb2-560991c5e95c","name":"Disposal, solid waste, unspecified, to sanitary landfill","category":"Technosphere Flows/CUTOFF Flows","flowType":"PRODUCT_FLOW","refUnit":"kg"}},"product":{"@type":"Flow","@id":"25f336c6-26fd-3635-978d-ae53e771c989","name":"Byproduct of aluminum casting, precision sand, liquid residuals","category":"Technosphere Flows/31-33: Manufacturing/3315: Foundries","flowType":"PRODUCT_FLOW","location":"RNA","refUnit":"kg"},"value":0.0},{"allocationType":"CAUSAL_ALLOCATION","exchange":{"@type":"Exchange","internalId":4,"flow":{"@type":"Flow","@id":"bf2b1e5a-4c92-3974-a2fd-a68898833086","name":"Sodium hydroxide, production mix, at plant","category":"Technosphere Flows/31-33: Manufacturing/3251: Basic Chemical Manufacturing","flowType":"PRODUCT_FLOW","location":"US","refUnit":"kg"}},"product":{"@type":"Flow","@id":"25f336c6-26fd-3635-978d-ae53e771c989","name":"Byproduct of aluminum casting, precision sand, liquid residuals","category":"Technosphere Flows/31-33: Manufacturing/3315: Foundries","flowType":"PRODUCT_FLOW","location":"RNA","refUnit":"kg"},"value":0.0},{"allocationType":"CAUSAL_ALLOCATION","exchange":{"@type":"Exchange","internalId":14,"flow":{"@type":"Flow","@id":"bb1dc159-fe13-3f8e-8197-361e8c770ba3","name":"Natural gas, combusted in industrial boiler","category":"Technosphere Flows/22: Utilities/2213: Water, Sewage and Other Systems","flowType":"PRODUCT_FLOW","location":"RNA","refUnit":"m3"}},"product":{"@type":"Flow","@id":"25f336c6-26fd-3635-978d-ae53e771c989","name":"Byproduct of aluminum casting, precision sand, liquid residuals","category":"Technosphere Flows/31-33: Manufacturing/3315: Foundries","flowType":"PRODUCT_FLOW","location":"RNA","refUnit":"kg"},"value":0.0},{"allocationType":"CAUSAL_ALLOCATION","exchange":{"@type":"Exchange","internalId":26,"flow":{"@type":"Flow","@id":"99479e91-ab64-3c73-86cb-d96373f37939","name":"Lubricant feedstock, at refinery","category":"Technosphere Flows/31-33: Manufacturing/3241: Petroleum and Coal Products Manufacturing","flowType":"PRODUCT_FLOW","refUnit":"kg"}},"product":{"@type":"Flow","@id":"fc1ee789-e922-3e7c-bbab-7a8ba489aea7","name":"Aluminum, cast, precision sand casting","category":"Technosphere Flows/31-33: Manufacturing/3315: Foundries","flowType":"PRODUCT_FLOW","location":"RNA","refUnit":"kg"},"value":1.0},{"allocationType":"CAUSAL_ALLOCATION","exchange":{"@type":"Exchange","internalId":15,"flow":{"@type":"Flow","@id":"838cef47-a3a6-3dce-bcb2-560991c5e95c","name":"Disposal, solid waste, unspecified, to sanitary landfill","category":"Technosphere Flows/CUTOFF Flows","flowType":"PRODUCT_FLOW","refUnit":"kg"}},"product":{"@type":"Flow","@id":"5b669606-74bf-3601-be6b-248cb1160ac9","name":"Aluminum scrap, at precision sand casting","category":"Technosphere Flows/31-33: Manufacturing/3315: Foundries","flowType":"PRODUCT_FLOW","location":"RNA","refUnit":"kg"},"value":0.0},{"allocationType":"CAUSAL_ALLOCATION","exchange":{"@type":"Exchange","internalId":16,"flow":{"@type":"Flow","@id":"ebf3aeb4-7a46-3029-a8f8-83d68f4d4ce5","name":"Naphthalene","category":"Elementary Flows/emission/air","flowType":"ELEMENTARY_FLOW","refUnit":"kg"}},"product":{"@type":"Flow","@id":"25f336c6-26fd-3635-978d-ae53e771c989","name":"Byproduct of aluminum casting, precision sand, liquid residuals","category":"Technosphere Flows/31-33: Manufacturing/3315: Foundries","flowType":"PRODUCT_FLOW","location":"RNA","refUnit":"kg"},"value":0.0},{"allocationType":"CAUSAL_ALLOCATION","exchange":{"@type":"Exchange","internalId":32,"flow":{"@type":"Flow","@id":"04865abd-efea-34fd-98a8-a26458f2da46","name":"TEA-DMEA (trimethyl amine, dimethylamine), at plant","category":"Technosphere Flows/CUTOFF Flows","flowType":"PRODUCT_FLOW","refUnit":"kg"}},"product":{"@type":"Flow","@id":"5b669606-74bf-3601-be6b-248cb1160ac9","name":"Aluminum scrap, at precision sand casting","category":"Technosphere Flows/31-33: Manufacturing/3315: Foundries","flowType":"PRODUCT_FLOW","location":"RNA","refUnit":"kg"},"value":0.0},{"allocationType":"CAUSAL_ALLOCATION","exchange":{"@type":"Exchange","internalId":12,"flow":{"@type":"Flow","@id":"37ea99ef-1be1-38e3-b5f4-8bbe233b6843","name":"1,2,4-Trimethylbenzene","category":"Elementary Flows/emission/air","flowType":"ELEMENTARY_FLOW","refUnit":"kg"}},"product":{"@type":"Flow","@id":"25f336c6-26fd-3635-978d-ae53e771c989","name":"Byproduct of aluminum casting, precision sand, liquid residuals","category":"Technosphere Flows/31-33: Manufacturing/3315: Foundries","flowType":"PRODUCT_FLOW","location":"RNA","refUnit":"kg"},"value":0.0},{"allocationType":"CAUSAL_ALLOCATION","exchange":{"@type":"Exchange","internalId":12,"flow":{"@type":"Flow","@id":"37ea99ef-1be1-38e3-b5f4-8bbe233b6843","name":"1,2,4-Trimethylbenzene","category":"Elementary Flows/emission/air","flowType":"ELEMENTARY_FLOW","refUnit":"kg"}},"product":{"@type":"Flow","@id":"5b669606-74bf-3601-be6b-248cb1160ac9","name":"Aluminum scrap, at precision sand casting","category":"Technosphere Flows/31-33: Manufacturing/3315: Foundries","flowType":"PRODUCT_FLOW","location":"RNA","refUnit":"kg"},"value":0.0},{"allocationType":"CAUSAL_ALLOCATION","exchange":{"@type":"Exchange","internalId":24,"flow":{"@type":"Flow","@id":"f654e940-5737-3bc7-9492-f163c47bfbd5","name":"Zinc compounds","category":"Elementary Flows/emission/air","flowType":"ELEMENTARY_FLOW","refUnit":"kg"}},"product":{"@type":"Flow","@id":"fc1ee789-e922-3e7c-bbab-7a8ba489aea7","name":"Aluminum, cast, precision sand casting","category":"Technosphere Flows/31-33: Manufacturing/3315: Foundries","flowType":"PRODUCT_FLOW","location":"RNA","refUnit":"kg"},"value":1.0},{"allocationType":"CAUSAL_ALLOCATION","exchange":{"@type":"Exchange","internalId":2,"flow":{"@type":"Flow","@id":"a288d284-901c-36e8-83a8-b4a7f64bfdbb","name":"Triethylamine","category":"Elementary Flows/emission/air","flowType":"ELEMENTARY_FLOW","refUnit":"kg"}},"product":{"@type":"Flow","@id":"fc1ee789-e922-3e7c-bbab-7a8ba489aea7","name":"Aluminum, cast, precision sand casting","category":"Technosphere Flows/31-33: Manufacturing/3315: Foundries","flowType":"PRODUCT_FLOW","location":"RNA","refUnit":"kg"},"value":1.0},{"allocationType":"CAUSAL_ALLOCATION","exchange":{"@type":"Exchange","internalId":2,"flow":{"@type":"Flow","@id":"a288d284-901c-36e8-83a8-b4a7f64bfdbb","name":"Triethylamine","category":"Elementary Flows/emission/air","flowType":"ELEMENTARY_FLOW","refUnit":"kg"}},"product":{"@type":"Flow","@id":"5b669606-74bf-3601-be6b-248cb1160ac9","name":"Aluminum scrap, at precision sand casting","category":"Technosphere Flows/31-33: Manufacturing/3315: Foundries","flowType":"PRODUCT_FLOW","location":"RNA","refUnit":"kg"},"value":0.0},{"allocationType":"PHYSICAL_ALLOCATION","product":{"@type":"Flow","@id":"fc1ee789-e922-3e7c-bbab-7a8ba489aea7","name":"Aluminum, cast, precision sand casting","category":"Technosphere Flows/31-33: Manufacturing/3315: Foundries","flowType":"PRODUCT_FLOW","location":"RNA","refUnit":"kg"},"value":1.0},{"allocationType":"PHYSICAL_ALLOCATION","product":{"@type":"Flow","@id":"25f336c6-26fd-3635-978d-ae53e771c989","name":"Byproduct of aluminum casting, precision sand, liquid residuals","category":"Technosphere Flows/31-33: Manufacturing/3315: Foundries","flowType":"PRODUCT_FLOW","location":"RNA","refUnit":"kg"},"value":0.0},{"allocationType":"CAUSAL_ALLOCATION","exchange":{"@type":"Exchange","internalId":27,"flow":{"@type":"Flow","@id":"187c525c-3715-388c-b303-a0671524a615","name":"Carbon monoxide","category":"Elementary Flows/emission/air","flowType":"ELEMENTARY_FLOW","refUnit":"kg"}},"product":{"@type":"Flow","@id":"5b669606-74bf-3601-be6b-248cb1160ac9","name":"Aluminum scrap, at precision sand casting","category":"Technosphere Flows/31-33: Manufacturing/3315: Foundries","flowType":"PRODUCT_FLOW","location":"RNA","refUnit":"kg"},"value":0.0},{"allocationType":"CAUSAL_ALLOCATION","exchange":{"@type":"Exchange","internalId":23,"flow":{"@type":"Flow","@id":"f8265997-08f9-31de-a970-3120e0d705d3","name":"Disposal, liquid wastes, unspecified, to sanitary landfill","category":"Technosphere Flows/CUTOFF Flows","flowType":"PRODUCT_FLOW","refUnit":"kg"}},"product":{"@type":"Flow","@id":"5b669606-74bf-3601-be6b-248cb1160ac9","name":"Aluminum scrap, at precision sand casting","category":"Technosphere Flows/31-33: Manufacturing/3315: Foundries","flowType":"PRODUCT_FLOW","location":"RNA","refUnit":"kg"},"value":0.0},{"allocationType":"CAUSAL_ALLOCATION","exchange":{"@type":"Exchange","internalId":26,"flow":{"@type":"Flow","@id":"99479e91-ab64-3c73-86cb-d96373f37939","name":"Lubricant feedstock, at refinery","category":"Technosphere Flows/31-33: Manufacturing/3241: Petroleum and Coal Products Manufacturing","flowType":"PRODUCT_FLOW","refUnit":"kg"}},"product":{"@type":"Flow","@id":"5b669606-74bf-3601-be6b-248cb1160ac9","name":"Aluminum scrap, at precision sand casting","category":"Technosphere Flows/31-33: Manufacturing/3315: Foundries","flowType":"PRODUCT_FLOW","location":"RNA","refUnit":"kg"},"value":0.0},{"allocationType":"CAUSAL_ALLOCATION","exchange":{"@type":"Exchange","internalId":35,"flow":{"@type":"Flow","@id":"96ad9cfe-d563-33ca-8dbc-efe34aaaca0a","name":"Sand","category":"Elementary Flows/resource/ground","flowType":"ELEMENTARY_FLOW","refUnit":"kg"}},"product":{"@type":"Flow","@id":"fc1ee789-e922-3e7c-bbab-7a8ba489aea7","name":"Aluminum, cast, precision sand casting","category":"Technosphere Flows/31-33: Manufacturing/3315: Foundries","flowType":"PRODUCT_FLOW","location":"RNA","refUnit":"kg"},"value":1.0},{"allocationType":"CAUSAL_ALLOCATION","exchange":{"@type":"Exchange","internalId":10,"flow":{"@type":"Flow","@id":"af1cb8e1-9ab5-302e-a5ec-ee74e4bfa796","name":"Carbon dioxide, liquid, at plant","category":"Technosphere Flows/CUTOFF Flows","flowType":"PRODUCT_FLOW","refUnit":"kg"}},"product":{"@type":"Flow","@id":"5b669606-74bf-3601-be6b-248cb1160ac9","name":"Aluminum scrap, at precision sand casting","category":"Technosphere Flows/31-33: Manufacturing/3315: Foundries","flowType":"PRODUCT_FLOW","location":"RNA","refUnit":"kg"},"value":0.0},{"allocationType":"CAUSAL_ALLOCATION","exchange":{"@type":"Exchange","internalId":21,"flow":{"@type":"Flow","@id":"6a8ca31c-ede5-38b1-8c30-2d50fb499a55","name":"Hydrocarbons","category":"Elementary Flows/emission/air","flowType":"ELEMENTARY_FLOW","refUnit":"kg"}},"product":{"@type":"Flow","@id":"5b669606-74bf-3601-be6b-248cb1160ac9","name":"Aluminum scrap, at precision sand casting","category":"Technosphere Flows/31-33: Manufacturing/3315: Foundries","flowType":"PRODUCT_FLOW","location":"RNA","refUnit":"kg"},"value":0.0},{"allocationType":"CAUSAL_ALLOCATION","exchange":{"@type":"Exchange","internalId":15,"flow":{"@type":"Flow","@id":"838cef47-a3a6-3dce-bcb2-560991c5e95c","name":"Disposal, solid waste, unspecified, to sanitary landfill","category":"Technosphere Flows/CUTOFF Flows","flowType":"PRODUCT_FLOW","refUnit":"kg"}},"product":{"@type":"Flow","@id":"fc1ee789-e922-3e7c-bbab-7a8ba489aea7","name":"Aluminum, cast, precision sand casting","category":"Technosphere Flows/31-33: Manufacturing/3315: Foundries","flowType":"PRODUCT_FLOW","location":"RNA","refUnit":"kg"},"value":1.0},{"allocationType":"CAUSAL_ALLOCATION","exchange":{"@type":"Exchange","internalId":27,"flow":{"@type":"Flow","@id":"187c525c-3715-388c-b303-a0671524a615","name":"Carbon monoxide","category":"Elementary Flows/emission/air","flowType":"ELEMENTARY_FLOW","refUnit":"kg"}},"product":{"@type":"Flow","@id":"25f336c6-26fd-3635-978d-ae53e771c989","name":"Byproduct of aluminum casting, precision sand, liquid residuals","category":"Technosphere Flows/31-33: Manufacturing/3315: Foundries","flowType":"PRODUCT_FLOW","location":"RNA","refUnit":"kg"},"value":0.0},{"allocationType":"CAUSAL_ALLOCATION","exchange":{"@type":"Exchange","internalId":7,"flow":{"@type":"Flow","@id":"d9ad8e68-2219-3b76-a15c-917a26d62659","name":"Argon, liquid, at plant","category":"Technosphere Flows/CUTOFF Flows","flowType":"PRODUCT_FLOW","refUnit":"kg"}},"product":{"@type":"Flow","@id":"fc1ee789-e922-3e7c-bbab-7a8ba489aea7","name":"Aluminum, cast, precision sand casting","category":"Technosphere Flows/31-33: Manufacturing/3315: Foundries","flowType":"PRODUCT_FLOW","location":"RNA","refUnit":"kg"},"value":1.0},{"allocationType":"CAUSAL_ALLOCATION","exchange":{"@type":"Exchange","internalId":22,"flow":{"@type":"Flow","@id":"dedb7007-3a85-3f32-a800-9b274c3fad99","name":"Nitrogen, at plant","category":"Technosphere Flows/CUTOFF Flows","flowType":"PRODUCT_FLOW","refUnit":"kg"}},"product":{"@type":"Flow","@id":"fc1ee789-e922-3e7c-bbab-7a8ba489aea7","name":"Aluminum, cast, precision sand casting","category":"Technosphere Flows/31-33: Manufacturing/3315: Foundries","flowType":"PRODUCT_FLOW","location":"RNA","refUnit":"kg"},"value":1.0},{"allocationType":"CAUSAL_ALLOCATION","exchange":{"@type":"Exchange","internalId":5,"flow":{"@type":"Flow","@id":"f867896e-830f-31f9-975d-465b212262ef","name":"Sulfuric acid, at plant","category":"Technosphere Flows/31-33: Manufacturing/3251: Basic Chemical Manufacturing","flowType":"PRODUCT_FLOW","location":"RNA","refUnit":"kg"}},"product":{"@type":"Flow","@id":"5b669606-74bf-3601-be6b-248cb1160ac9","name":"Aluminum scrap, at precision sand casting","category":"Technosphere Flows/31-33: Manufacturing/3315: Foundries","flowType":"PRODUCT_FLOW","location":"RNA","refUnit":"kg"},"value":0.0},{"allocationType":"ECONOMIC_ALLOCATION","product":{"@type":"Flow","@id":"25f336c6-26fd-3635-978d-ae53e771c989","name":"Byproduct of aluminum casting, precision sand, liquid residuals","category":"Technosphere Flows/31-33: Manufacturing/3315: Foundries","flowType":"PRODUCT_FLOW","location":"RNA","refUnit":"kg"},"value":0.0},{"allocationType":"CAUSAL_ALLOCATION","exchange":{"@type":"Exchange","internalId":9,"flow":{"@type":"Flow","@id":"06581fb2-1de0-3e78-8298-f37605dea142","name":"Electricity, at grid","category":"Technosphere Flows/22: Utilities/2211: Electric Power Generation, Transmission and Distribution","flowType":"PRODUCT_FLOW","location":"RNA","refUnit":"MJ"}},"product":{"@type":"Flow","@id":"5b669606-74bf-3601-be6b-248cb1160ac9","name":"Aluminum scrap, at precision sand casting","category":"Technosphere Flows/31-33: Manufacturing/3315: Foundries","flowType":"PRODUCT_FLOW","location":"RNA","refUnit":"kg"},"value":0.0},{"allocationType":"CAUSAL_ALLOCATION","exchange":{"@type":"Exchange","internalId":13,"flow":{"@type":"Flow","@id":"4382ba18-dd21-3837-80b2-94283ef5490e","name":"Nitrogen oxides","category":"Elementary Flows/emission/air","flowType":"ELEMENTARY_FLOW","refUnit":"kg"}},"product":{"@type":"Flow","@id":"fc1ee789-e922-3e7c-bbab-7a8ba489aea7","name":"Aluminum, cast, precision sand casting","category":"Technosphere Flows/31-33: Manufacturing/3315: Foundries","flowType":"PRODUCT_FLOW","location":"RNA","refUnit":"kg"},"value":1.0},{"allocationType":"CAUSAL_ALLOCATION","exchange":{"@type":"Exchange","internalId":24,"flow":{"@type":"Flow","@id":"f654e940-5737-3bc7-9492-f163c47bfbd5","name":"Zinc compounds","category":"Elementary Flows/emission/air","flowType":"ELEMENTARY_FLOW","refUnit":"kg"}},"product":{"@type":"Flow","@id":"5b669606-74bf-3601-be6b-248cb1160ac9","name":"Aluminum scrap, at precision sand casting","category":"Technosphere Flows/31-33: Manufacturing/3315: Foundries","flowType":"PRODUCT_FLOW","location":"RNA","refUnit":"kg"},"value":0.0},{"allocationType":"CAUSAL_ALLOCATION","exchange":{"@type":"Exchange","internalId":26,"flow":{"@type":"Flow","@id":"99479e91-ab64-3c73-86cb-d96373f37939","name":"Lubricant feedstock, at refinery","category":"Technosphere Flows/31-33: Manufacturing/3241: Petroleum and Coal Products Manufacturing","flowType":"PRODUCT_FLOW","refUnit":"kg"}},"product":{"@type":"Flow","@id":"25f336c6-26fd-3635-978d-ae53e771c989","name":"Byproduct of aluminum casting, precision sand, liquid residuals","category":"Technosphere Flows/31-33: Manufacturing/3315: Foundries","flowType":"PRODUCT_FLOW","location":"RNA","refUnit":"kg"},"value":0.0},{"allocationType":"CAUSAL_ALLOCATION","exchange":{"@type":"Exchange","internalId":4,"flow":{"@type":"Flow","@id":"bf2b1e5a-4c92-3974-a2fd-a68898833086","name":"Sodium hydroxide, production mix, at plant","category":"Technosphere Flows/31-33: Manufacturing/3251: Basic Chemical Manufacturing","flowType":"PRODUCT_FLOW","location":"US","refUnit":"kg"}},"product":{"@type":"Flow","@id":"fc1ee789-e922-3e7c-bbab-7a8ba489aea7","name":"Aluminum, cast, precision sand casting","category":"Technosphere Flows/31-33: Manufacturing/3315: Foundries","flowType":"PRODUCT_FLOW","location":"RNA","refUnit":"kg"},"value":1.0},{"allocationType":"CAUSAL_ALLOCATION","exchange":{"@type":"Exchange","internalId":9,"flow":{"@type":"Flow","@id":"06581fb2-1de0-3e78-8298-f37605dea142","name":"Electricity, at grid","category":"Technosphere Flows/22: Utilities/2211: Electric Power Generation, Transmission and Distribution","flowType":"PRODUCT_FLOW","location":"RNA","refUnit":"MJ"}},"product":{"@type":"Flow","@id":"fc1ee789-e922-3e7c-bbab-7a8ba489aea7","name":"Aluminum, cast, precision sand casting","category":"Technosphere Flows/31-33: Manufacturing/3315: Foundries","flowType":"PRODUCT_FLOW","location":"RNA","refUnit":"kg"},"value":1.0},{"allocationType":"CAUSAL_ALLOCATION","exchange":{"@type":"Exchange","internalId":8,"flow":{"@type":"Flow","@id":"b62daf19-4352-394e-a1e2-28d3227b021c","name":"Shot blast, unspecified","category":"Technosphere Flows/CUTOFF Flows","flowType":"PRODUCT_FLOW","refUnit":"kg"}},"product":{"@type":"Flow","@id":"fc1ee789-e922-3e7c-bbab-7a8ba489aea7","name":"Aluminum, cast, precision sand casting","category":"Technosphere Flows/31-33: Manufacturing/3315: Foundries","flowType":"PRODUCT_FLOW","location":"RNA","refUnit":"kg"},"value":1.0},{"allocationType":"CAUSAL_ALLOCATION","exchange":{"@type":"Exchange","internalId":19,"flow":{"@type":"Flow","@id":"233fa408-5db8-3c9a-aa2f-60dcb6d587e6","name":"Copper compounds","category":"Elementary Flows/emission/air","flowType":"ELEMENTARY_FLOW","refUnit":"kg"}},"product":{"@type":"Flow","@id":"25f336c6-26fd-3635-978d-ae53e771c989","name":"Byproduct of aluminum casting, precision sand, liquid residuals","category":"Technosphere Flows/31-33: Manufacturing/3315: Foundries","flowType":"PRODUCT_FLOW","location":"RNA","refUnit":"kg"},"value":0.0},{"allocationType":"CAUSAL_ALLOCATION","exchange":{"@type":"Exchange","internalId":14,"flow":{"@type":"Flow","@id":"bb1dc159-fe13-3f8e-8197-361e8c770ba3","name":"Natural gas, combusted in industrial boiler","category":"Technosphere Flows/22: Utilities/2213: Water, Sewage and Other Systems","flowType":"PRODUCT_FLOW","location":"RNA","refUnit":"m3"}},"product":{"@type":"Flow","@id":"fc1ee789-e922-3e7c-bbab-7a8ba489aea7","name":"Aluminum, cast, precision sand casting","category":"Technosphere Flows/31-33: Manufacturing/3315: Foundries","flowType":"PRODUCT_FLOW","location":"RNA","refUnit":"kg"},"value":1.0},{"allocationType":"CAUSAL_ALLOCATION","exchange":{"@type":"Exchange","internalId":30,"flow":{"@type":"Flow","@id":"b53bd8bb-b9b1-3c7d-812b-97adb96f8ba6","name":"Phenol formaldehyde, at plant","category":"Technosphere Flows/31-33: Manufacturing/3252: Resin, Synthetic Rubber, and Artificial and Synthetic Fibers and Filaments Manufacturing","flowType":"PRODUCT_FLOW","location":"RNA","refUnit":"kg"}},"product":{"@type":"Flow","@id":"fc1ee789-e922-3e7c-bbab-7a8ba489aea7","name":"Aluminum, cast, precision sand casting","category":"Technosphere Flows/31-33: Manufacturing/3315: Foundries","flowType":"PRODUCT_FLOW","location":"RNA","refUnit":"kg"},"value":1.0},{"allocationType":"CAUSAL_ALLOCATION","exchange":{"@type":"Exchange","internalId":23,"flow":{"@type":"Flow","@id":"f8265997-08f9-31de-a970-3120e0d705d3","name":"Disposal, liquid wastes, unspecified, to sanitary landfill","category":"Technosphere Flows/CUTOFF Flows","flowType":"PRODUCT_FLOW","refUnit":"kg"}},"product":{"@type":"Flow","@id":"fc1ee789-e922-3e7c-bbab-7a8ba489aea7","name":"Aluminum, cast, precision sand casting","category":"Technosphere Flows/31-33: Manufacturing/3315: Foundries","flowType":"PRODUCT_FLOW","location":"RNA","refUnit":"kg"},"value":1.0},{"allocationType":"CAUSAL_ALLOCATION","exchange":{"@type":"Exchange","internalId":32,"flow":{"@type":"Flow","@id":"04865abd-efea-34fd-98a8-a26458f2da46","name":"TEA-DMEA (trimethyl amine, dimethylamine), at plant","category":"Technosphere Flows/CUTOFF Flows","flowType":"PRODUCT_FLOW","refUnit":"kg"}},"product":{"@type":"Flow","@id":"25f336c6-26fd-3635-978d-ae53e771c989","name":"Byproduct of aluminum casting, precision sand, liquid residuals","category":"Technosphere Flows/31-33: Manufacturing/3315: Foundries","flowType":"PRODUCT_FLOW","location":"RNA","refUnit":"kg"},"value":0.0},{"allocationType":"CAUSAL_ALLOCATION","exchange":{"@type":"Exchange","internalId":18,"flow":{"@type":"Flow","@id":"afa880a0-c577-3a98-a745-0073b51f5969","name":"Refractory material, unspecified, at plant","category":"Technosphere Flows/CUTOFF Flows","flowType":"PRODUCT_FLOW","refUnit":"kg"}},"product":{"@type":"Flow","@id":"fc1ee789-e922-3e7c-bbab-7a8ba489aea7","name":"Aluminum, cast, precision sand casting","category":"Technosphere Flows/31-33: Manufacturing/3315: Foundries","flowType":"PRODUCT_FLOW","location":"RNA","refUnit":"kg"},"value":1.0},{"allocationType":"CAUSAL_ALLOCATION","exchange":{"@type":"Exchange","internalId":28,"flow":{"@type":"Flow","@id":"562a4c30-29da-3584-9c76-cc11ff271681","name":"Glue-adhesive(30-50% terpene,30-50% polybutene,5-10% polyolefin), at plant","category":"Technosphere Flows/CUTOFF Flows","flowType":"PRODUCT_FLOW","refUnit":"kg"}},"product":{"@type":"Flow","@id":"25f336c6-26fd-3635-978d-ae53e771c989","name":"Byproduct of aluminum casting, precision sand, liquid residuals","category":"Technosphere Flows/31-33: Manufacturing/3315: Foundries","flowType":"PRODUCT_FLOW","location":"RNA","refUnit":"kg"},"value":0.0},{"allocationType":"CAUSAL_ALLOCATION","exchange":{"@type":"Exchange","internalId":22,"flow":{"@type":"Flow","@id":"dedb7007-3a85-3f32-a800-9b274c3fad99","name":"Nitrogen, at plant","category":"Technosphere Flows/CUTOFF Flows","flowType":"PRODUCT_FLOW","refUnit":"kg"}},"product":{"@type":"Flow","@id":"25f336c6-26fd-3635-978d-ae53e771c989","name":"Byproduct of aluminum casting, precision sand, liquid residuals","category":"Technosphere Flows/31-33: Manufacturing/3315: Foundries","flowType":"PRODUCT_FLOW","location":"RNA","refUnit":"kg"},"value":0.0},{"allocationType":"CAUSAL_ALLOCATION","exchange":{"@type":"Exchange","internalId":34,"flow":{"@type":"Flow","@id":"0418b561-ecf8-33c8-9c81-225789f15bd3","name":"Particulate matter","category":"Elementary Flows/emission/air","flowType":"ELEMENTARY_FLOW","refUnit":"kg"}},"product":{"@type":"Flow","@id":"5b669606-74bf-3601-be6b-248cb1160ac9","name":"Aluminum scrap, at precision sand casting","category":"Technosphere Flows/31-33: Manufacturing/3315: Foundries","flowType":"PRODUCT_FLOW","location":"RNA","refUnit":"kg"},"value":0.0},{"allocationType":"CAUSAL_ALLOCATION","exchange":{"@type":"Exchange","internalId":8,"flow":{"@type":"Flow","@id":"b62daf19-4352-394e-a1e2-28d3227b021c","name":"Shot blast, unspecified","category":"Technosphere Flows/CUTOFF Flows","flowType":"PRODUCT_FLOW","refUnit":"kg"}},"product":{"@type":"Flow","@id":"5b669606-74bf-3601-be6b-248cb1160ac9","name":"Aluminum scrap, at precision sand casting","category":"Technosphere Flows/31-33: Manufacturing/3315: Foundries","flowType":"PRODUCT_FLOW","location":"RNA","refUnit":"kg"},"value":0.0},{"allocationType":"PHYSICAL_ALLOCATION","product":{"@type":"Flow","@id":"5b669606-74bf-3601-be6b-248cb1160ac9","name":"Aluminum scrap, at precision sand casting","category":"Technosphere Flows/31-33: Manufacturing/3315: Foundries","flowType":"PRODUCT_FLOW","location":"RNA","refUnit":"kg"},"value":0.0},{"allocationType":"CAUSAL_ALLOCATION","exchange":{"@type":"Exchange","internalId":28,"flow":{"@type":"Flow","@id":"562a4c30-29da-3584-9c76-cc11ff271681","name":"Glue-adhesive(30-50% terpene,30-50% polybutene,5-10% polyolefin), at plant","category":"Technosphere Flows/CUTOFF Flows","flowType":"PRODUCT_FLOW","refUnit":"kg"}},"product":{"@type":"Flow","@id":"5b669606-74bf-3601-be6b-248cb1160ac9","name":"Aluminum scrap, at precision sand casting","category":"Technosphere Flows/31-33: Manufacturing/3315: Foundries","flowType":"PRODUCT_FLOW","location":"RNA","refUnit":"kg"},"value":0.0},{"allocationType":"CAUSAL_ALLOCATION","exchange":{"@type":"Exchange","internalId":12,"flow":{"@type":"Flow","@id":"37ea99ef-1be1-38e3-b5f4-8bbe233b6843","name":"1,2,4-Trimethylbenzene","category":"Elementary Flows/emission/air","flowType":"ELEMENTARY_FLOW","refUnit":"kg"}},"product":{"@type":"Flow","@id":"fc1ee789-e922-3e7c-bbab-7a8ba489aea7","name":"Aluminum, cast, precision sand casting","category":"Technosphere Flows/31-33: Manufacturing/3315: Foundries","flowType":"PRODUCT_FLOW","location":"RNA","refUnit":"kg"},"value":1.0},{"allocationType":"CAUSAL_ALLOCATION","exchange":{"@type":"Exchange","internalId":13,"flow":{"@type":"Flow","@id":"4382ba18-dd21-3837-80b2-94283ef5490e","name":"Nitrogen oxides","category":"Elementary Flows/emission/air","flowType":"ELEMENTARY_FLOW","refUnit":"kg"}},"product":{"@type":"Flow","@id":"25f336c6-26fd-3635-978d-ae53e771c989","name":"Byproduct of aluminum casting, precision sand, liquid residuals","category":"Technosphere Flows/31-33: Manufacturing/3315: Foundries","flowType":"PRODUCT_FLOW","location":"RNA","refUnit":"kg"},"value":0.0},{"allocationType":"CAUSAL_ALLOCATION","exchange":{"@type":"Exchange","internalId":14,"flow":{"@type":"Flow","@id":"bb1dc159-fe13-3f8e-8197-361e8c770ba3","name":"Natural gas, combusted in industrial boiler","category":"Technosphere Flows/22: Utilities/2213: Water, Sewage and Other Systems","flowType":"PRODUCT_FLOW","location":"RNA","refUnit":"m3"}},"product":{"@type":"Flow","@id":"5b669606-74bf-3601-be6b-248cb1160ac9","name":"Aluminum scrap, at precision sand casting","category":"Technosphere Flows/31-33: Manufacturing/3315: Foundries","flowType":"PRODUCT_FLOW","location":"RNA","refUnit":"kg"},"value":0.0},{"allocationType":"CAUSAL_ALLOCATION","exchange":{"@type":"Exchange","internalId":18,"flow":{"@type":"Flow","@id":"afa880a0-c577-3a98-a745-0073b51f5969","name":"Refractory material, unspecified, at plant","category":"Technosphere Flows/CUTOFF Flows","flowType":"PRODUCT_FLOW","refUnit":"kg"}},"product":{"@type":"Flow","@id":"5b669606-74bf-3601-be6b-248cb1160ac9","name":"Aluminum scrap, at precision sand casting","category":"Technosphere Flows/31-33: Manufacturing/3315: Foundries","flowType":"PRODUCT_FLOW","location":"RNA","refUnit":"kg"},"value":0.0},{"allocationType":"CAUSAL_ALLOCATION","exchange":{"@type":"Exchange","internalId":28,"flow":{"@type":"Flow","@id":"562a4c30-29da-3584-9c76-cc11ff271681","name":"Glue-adhesive(30-50% terpene,30-50% polybutene,5-10% polyolefin), at plant","category":"Technosphere Flows/CUTOFF Flows","flowType":"PRODUCT_FLOW","refUnit":"kg"}},"product":{"@type":"Flow","@id":"fc1ee789-e922-3e7c-bbab-7a8ba489aea7","name":"Aluminum, cast, precision sand casting","category":"Technosphere Flows/31-33: Manufacturing/3315: Foundries","flowType":"PRODUCT_FLOW","location":"RNA","refUnit":"kg"},"value":1.0},{"allocationType":"CAUSAL_ALLOCATION","exchange":{"@type":"Exchange","internalId":31,"flow":{"@type":"Flow","@id":"e2eb491c-78ff-3123-9e42-494c7d199b44","name":"Water","category":"Elementary Flows/resource/water","flowType":"ELEMENTARY_FLOW","refUnit":"kg"}},"product":{"@type":"Flow","@id":"25f336c6-26fd-3635-978d-ae53e771c989","name":"Byproduct of aluminum casting, precision sand, liquid residuals","category":"Technosphere Flows/31-33: Manufacturing/3315: Foundries","flowType":"PRODUCT_FLOW","location":"RNA","refUnit":"kg"},"value":0.0},{"allocationType":"CAUSAL_ALLOCATION","exchange":{"@type":"Exchange","internalId":7,"flow":{"@type":"Flow","@id":"d9ad8e68-2219-3b76-a15c-917a26d62659","name":"Argon, liquid, at plant","category":"Technosphere Flows/CUTOFF Flows","flowType":"PRODUCT_FLOW","refUnit":"kg"}},"product":{"@type":"Flow","@id":"5b669606-74bf-3601-be6b-248cb1160ac9","name":"Aluminum scrap, at precision sand casting","category":"Technosphere Flows/31-33: Manufacturing/3315: Foundries","flowType":"PRODUCT_FLOW","location":"RNA","refUnit":"kg"},"value":0.0},{"allocationType":"CAUSAL_ALLOCATION","exchange":{"@type":"Exchange","internalId":33,"flow":{"@type":"Flow","@id":"42e4c3cb-8468-3004-bd4b-19e6cbb81687","name":"Sulfur oxides","category":"Elementary Flows/emission/air","flowType":"ELEMENTARY_FLOW","refUnit":"kg"}},"product":{"@type":"Flow","@id":"fc1ee789-e922-3e7c-bbab-7a8ba489aea7","name":"Aluminum, cast, precision sand casting","category":"Technosphere Flows/31-33: Manufacturing/3315: Foundries","flowType":"PRODUCT_FLOW","location":"RNA","refUnit":"kg"},"value":1.0},{"allocationType":"CAUSAL_ALLOCATION","exchange":{"@type":"Exchange","internalId":3,"flow":{"@type":"Flow","@id":"aec9945f-f19c-3834-8e26-5f4f92cfcb2b","name":"Aluminum ingot, production mix, at plant","category":"Technosphere Flows/31-33: Manufacturing/3313: Alumina and Aluminum Production and Processing","flowType":"PRODUCT_FLOW","location":"US","refUnit":"kg"}},"product":{"@type":"Flow","@id":"fc1ee789-e922-3e7c-bbab-7a8ba489aea7","name":"Aluminum, cast, precision sand casting","category":"Technosphere Flows/31-33: Manufacturing/3315: Foundries","flowType":"PRODUCT_FLOW","location":"RNA","refUnit":"kg"},"value":1.0},{"allocationType":"CAUSAL_ALLOCATION","exchange":{"@type":"Exchange","internalId":32,"flow":{"@type":"Flow","@id":"04865abd-efea-34fd-98a8-a26458f2da46","name":"TEA-DMEA (trimethyl amine, dimethylamine), at plant","category":"Technosphere Flows/CUTOFF Flows","flowType":"PRODUCT_FLOW","refUnit":"kg"}},"product":{"@type":"Flow","@id":"fc1ee789-e922-3e7c-bbab-7a8ba489aea7","name":"Aluminum, cast, precision sand casting","category":"Technosphere Flows/31-33: Manufacturing/3315: Foundries","flowType":"PRODUCT_FLOW","location":"RNA","refUnit":"kg"},"value":1.0},{"allocationType":"CAUSAL_ALLOCATION","exchange":{"@type":"Exchange","internalId":3,"flow":{"@type":"Flow","@id":"aec9945f-f19c-3834-8e26-5f4f92cfcb2b","name":"Aluminum ingot, production mix, at plant","category":"Technosphere Flows/31-33: Manufacturing/3313: Alumina and Aluminum Production and Processing","flowType":"PRODUCT_FLOW","location":"US","refUnit":"kg"}},"product":{"@type":"Flow","@id":"25f336c6-26fd-3635-978d-ae53e771c989","name":"Byproduct of aluminum casting, precision sand, liquid residuals","category":"Technosphere Flows/31-33: Manufacturing/3315: Foundries","flowType":"PRODUCT_FLOW","location":"RNA","refUnit":"kg"},"value":0.0},{"allocationType":"CAUSAL_ALLOCATION","exchange":{"@type":"Exchange","internalId":10,"flow":{"@type":"Flow","@id":"af1cb8e1-9ab5-302e-a5ec-ee74e4bfa796","name":"Carbon dioxide, liquid, at plant","category":"Technosphere Flows/CUTOFF Flows","flowType":"PRODUCT_FLOW","refUnit":"kg"}},"product":{"@type":"Flow","@id":"25f336c6-26fd-3635-978d-ae53e771c989","name":"Byproduct of aluminum casting, precision sand, liquid residuals","category":"Technosphere Flows/31-33: Manufacturing/3315: Foundries","flowType":"PRODUCT_FLOW","location":"RNA","refUnit":"kg"},"value":0.0}]}