{"@type":"Process","@id":"21aeedbf-933a-3570-8b9e-a44dc6fa6637","name":"Aluminum, primary, ingot, at plant, 1998","description":"Molten aluminum is discharged from a smelter into the holding and ingot casting facility. In this step, molten metal is typically combined with high quality, in-house scrap and then cast into aluminum ingots (References 6 and 7).  A melt loss occurs when dross is skimmed off the molten aluminum. Electricity for ingot casting is assumed to be produced by the same fuel mix used for aluminum smelting because smelting and ingot casting usually occur in the same facility.\nImportant note: although most of the data in the US LCI database has \nundergone some sort of review, the database as a whole has not yet \nundergone a formal validation process.\nPlease email comments to lci@nrel.gov.","category":"31-33: Manufacturing/3313: Alumina and Aluminum Production and Processing","version":"00.01.007","lastChange":"2023-12-22T04:11:55.640Z","processType":"UNIT_PROCESS","defaultAllocationMethod":"NO_ALLOCATION","isInfrastructureProcess":false,"location":{"@type":"Location","@id":"b320e7db-c758-3ba6-8839-81eb83c9d7d7","name":"Northern America"},"processDocumentation":{"technologyDescription":"Casting of molten metal discharged from smelter.","restrictionsDescription":"All information can be accessed by everybody.","isCopyrightProtected":false,"geographyDescription":"North America","creationDate":"2014-07-28T14:42:20","validFrom":"1997-12-31","validUntil":"1997-12-31","dataDocumentor":{"@type":"Actor","@id":"38e67478-a915-43d9-ad67-e25db79a4acc","name":"Franklin Associates, A Division of ERG","category":"Organisations"},"dataGenerator":{"@type":"Actor","@id":"38e67478-a915-43d9-ad67-e25db79a4acc","name":"Franklin Associates, A Division of ERG","category":"Organisations"},"publication":{"@type":"Source","@id":"8ffe6372-efdf-3790-be24-d0d7aa01414e","name":"Franklin Associates, A Division of ERG (2007) LCI Primary Aluminum"},"sources":[{"@type":"Source","@id":"78e447c5-8ba0-3be1-80d7-c04bd816a33a","name":"The Aluminum Association "},{"@type":"Source","@id":"c96c522d-1e9e-37fb-9a3c-0044c72934e3","name":"Energy Information Administration (EIA) "},{"@type":"Source","@id":"9cbc979d-9f69-34a1-9e4a-d553ce7792e5","name":"IAI Statistical Report: Electrical Power "},{"@type":"Source","@id":"8ffe6372-efdf-3790-be24-d0d7aa01414e","name":"Franklin Associates, A Division of ERG (2007) LCI Primary Aluminum"},{"@type":"Source","@id":"bcba9db5-9a6e-3f09-b855-dcf922b3400f","name":"US Geological Survey "},{"@type":"Source","@id":"4e6743c5-f585-3b51-92a2-0714f8e71a69","name":"US EPA "}]},"lastInternalId":40,"parameters":[],"exchanges":[{"@type":"Exchange","isAvoidedProduct":false,"isInput":false,"amount":1.0,"internalId":1,"flow":{"@type":"Flow","@id":"a0fb699f-0085-3ad2-99bf-e4ea891e61ba","name":"Aluminum, primary, ingot, at plant","category":"Technosphere Flows/31-33: Manufacturing/3313: Alumina and Aluminum Production and Processing","flowType":"PRODUCT_FLOW","location":"RNA","refUnit":"kg"},"unit":{"@type":"Unit","@id":"20aadc24-a391-41cf-b340-3e4529f44bde","name":"kg"},"flowProperty":{"@type":"FlowProperty","@id":"93a60a56-a3c8-11da-a746-0800200b9a66","name":"Mass","category":"Technical flow properties","refUnit":"kg"},"isQuantitativeReference":true},{"@type":"Exchange","isAvoidedProduct":false,"isInput":false,"amount":6.7E-5,"internalId":14,"flow":{"@type":"Flow","@id":"f0c2682e-2a68-33f1-80bb-005ee7844eb0","name":"Suspended solids, inorganic","category":"Elementary Flows/emission/water","flowType":"ELEMENTARY_FLOW","refUnit":"kg"},"unit":{"@type":"Unit","@id":"20aadc24-a391-41cf-b340-3e4529f44bde","name":"kg"},"flowProperty":{"@type":"FlowProperty","@id":"93a60a56-a3c8-11da-a746-0800200b9a66","name":"Mass","category":"Technical flow properties","refUnit":"kg"}},{"@type":"Exchange","isAvoidedProduct":false,"isInput":false,"amount":2.3E-6,"internalId":27,"flow":{"@type":"Flow","@id":"1c288388-0f32-30f1-8267-19b8d72c80df","name":"Hydrofluoric acid","category":"Elementary Flows/emission/air","flowType":"ELEMENTARY_FLOW","refUnit":"kg"},"unit":{"@type":"Unit","@id":"20aadc24-a391-41cf-b340-3e4529f44bde","name":"kg"},"flowProperty":{"@type":"FlowProperty","@id":"93a60a56-a3c8-11da-a746-0800200b9a66","name":"Mass","category":"Technical flow properties","refUnit":"kg"}},{"@type":"Exchange","isAvoidedProduct":false,"isInput":false,"amount":1.6E-6,"internalId":11,"flow":{"@type":"Flow","@id":"4f816627-5cda-37b6-bc78-a6ee1ae4b089","name":"Metals","category":"Elementary Flows/emission/air","flowType":"ELEMENTARY_FLOW","refUnit":"kg"},"unit":{"@type":"Unit","@id":"20aadc24-a391-41cf-b340-3e4529f44bde","name":"kg"},"flowProperty":{"@type":"FlowProperty","@id":"93a60a56-a3c8-11da-a746-0800200b9a66","name":"Mass","category":"Technical flow properties","refUnit":"kg"}},{"@type":"Exchange","isAvoidedProduct":false,"isInput":false,"amount":7.888E-6,"internalId":36,"flow":{"@type":"Flow","@id":"b415204e-1506-3fc6-8e4b-97f8e64403b8","name":"Chloride","category":"Elementary Flows/emission/water","flowType":"ELEMENTARY_FLOW","refUnit":"kg"},"unit":{"@type":"Unit","@id":"20aadc24-a391-41cf-b340-3e4529f44bde","name":"kg"},"flowProperty":{"@type":"FlowProperty","@id":"93a60a56-a3c8-11da-a746-0800200b9a66","name":"Mass","category":"Technical flow properties","refUnit":"kg"}},{"@type":"Exchange","isAvoidedProduct":false,"isInput":false,"amount":1.1E-5,"internalId":12,"flow":{"@type":"Flow","@id":"1767d662-f96c-38d8-98e4-cc840d9aafd3","name":"Organic compounds","category":"Elementary Flows/emission/air","flowType":"ELEMENTARY_FLOW","refUnit":"kg"},"unit":{"@type":"Unit","@id":"20aadc24-a391-41cf-b340-3e4529f44bde","name":"kg"},"flowProperty":{"@type":"FlowProperty","@id":"93a60a56-a3c8-11da-a746-0800200b9a66","name":"Mass","category":"Technical flow properties","refUnit":"kg"}},{"@type":"Exchange","isAvoidedProduct":false,"isInput":false,"amount":5.7E-7,"internalId":22,"flow":{"@type":"Flow","@id":"40909f94-a484-353e-9a4b-4ec6a1fb966f","name":"Sulfur","category":"Elementary Flows/emission/water","flowType":"ELEMENTARY_FLOW","refUnit":"kg"},"unit":{"@type":"Unit","@id":"20aadc24-a391-41cf-b340-3e4529f44bde","name":"kg"},"flowProperty":{"@type":"FlowProperty","@id":"93a60a56-a3c8-11da-a746-0800200b9a66","name":"Mass","category":"Technical flow properties","refUnit":"kg"}},{"@type":"Exchange","isAvoidedProduct":false,"isInput":false,"amount":5.3E-5,"internalId":35,"flow":{"@type":"Flow","@id":"e2230ed6-8d5e-3315-8bc9-ce337d1283ce","name":"Hydrochloric acid","category":"Elementary Flows/emission/air","flowType":"ELEMENTARY_FLOW","refUnit":"kg"},"unit":{"@type":"Unit","@id":"20aadc24-a391-41cf-b340-3e4529f44bde","name":"kg"},"flowProperty":{"@type":"FlowProperty","@id":"93a60a56-a3c8-11da-a746-0800200b9a66","name":"Mass","category":"Technical flow properties","refUnit":"kg"}},{"@type":"Exchange","isAvoidedProduct":false,"isInput":true,"amount":1.0,"internalId":28,"flow":{"@type":"Flow","@id":"5fabff2e-1d64-35e7-9528-7ff23586c5e9","name":"Aluminum, primary, smelt, at plant","category":"Technosphere Flows/31-33: Manufacturing/3313: Alumina and Aluminum Production and Processing","flowType":"PRODUCT_FLOW","location":"RNA","refUnit":"kg"},"unit":{"@type":"Unit","@id":"20aadc24-a391-41cf-b340-3e4529f44bde","name":"kg"},"flowProperty":{"@type":"FlowProperty","@id":"93a60a56-a3c8-11da-a746-0800200b9a66","name":"Mass","category":"Technical flow properties","refUnit":"kg"},"defaultProvider":{"@type":"Process","@id":"4b0fe164-84c7-31e2-a3fc-ff570cd264e1","name":"Aluminum, primary, smelt, at plant","category":"31-33: Manufacturing/3313: Alumina and Aluminum Production and Processing","processType":"UNIT_PROCESS","flowType":"PRODUCT_FLOW","location":"RNA"}},{"@type":"Exchange","isAvoidedProduct":false,"isInput":true,"amount":0.02123,"internalId":13,"flow":{"@type":"Flow","@id":"c3c58b7e-6561-36c7-a537-b10b1f2a5e39","name":"Disposal, solid waste, unspecified, to unspecified treatment","category":"Technosphere Flows/CUTOFF Flows","flowType":"PRODUCT_FLOW","refUnit":"kg"},"unit":{"@type":"Unit","@id":"20aadc24-a391-41cf-b340-3e4529f44bde","name":"kg"},"flowProperty":{"@type":"FlowProperty","@id":"93a60a56-a3c8-11da-a746-0800200b9a66","name":"Mass","category":"Technical flow properties","refUnit":"kg"}},{"@type":"Exchange","isAvoidedProduct":false,"isInput":false,"amount":1.7E-9,"internalId":33,"flow":{"@type":"Flow","@id":"3b66fd84-6bf2-3a57-bd4c-f779d71fee69","name":"Cyanide","category":"Elementary Flows/emission/water","flowType":"ELEMENTARY_FLOW","refUnit":"kg"},"unit":{"@type":"Unit","@id":"20aadc24-a391-41cf-b340-3e4529f44bde","name":"kg"},"flowProperty":{"@type":"FlowProperty","@id":"93a60a56-a3c8-11da-a746-0800200b9a66","name":"Mass","category":"Technical flow properties","refUnit":"kg"}},{"@type":"Exchange","isAvoidedProduct":false,"isInput":false,"amount":9.4E-9,"internalId":19,"flow":{"@type":"Flow","@id":"fe829136-3042-36e6-b4cb-7ff591e8db98","name":"Lead","category":"Elementary Flows/emission/air","flowType":"ELEMENTARY_FLOW","refUnit":"kg"},"unit":{"@type":"Unit","@id":"20aadc24-a391-41cf-b340-3e4529f44bde","name":"kg"},"flowProperty":{"@type":"FlowProperty","@id":"93a60a56-a3c8-11da-a746-0800200b9a66","name":"Mass","category":"Technical flow properties","refUnit":"kg"}},{"@type":"Exchange","isAvoidedProduct":false,"isInput":false,"amount":9.3E-4,"internalId":20,"flow":{"@type":"Flow","@id":"b6f010fb-a764-3063-af2d-bcb8309a97b7","name":"Carbon dioxide","category":"Elementary Flows/emission/air","flowType":"ELEMENTARY_FLOW","refUnit":"kg"},"unit":{"@type":"Unit","@id":"20aadc24-a391-41cf-b340-3e4529f44bde","name":"kg"},"flowProperty":{"@type":"FlowProperty","@id":"93a60a56-a3c8-11da-a746-0800200b9a66","name":"Mass","category":"Technical flow properties","refUnit":"kg"}},{"@type":"Exchange","isAvoidedProduct":false,"isInput":false,"amount":5.8E-5,"internalId":7,"flow":{"@type":"Flow","@id":"0418b561-ecf8-33c8-9c81-225789f15bd3","name":"Particulate matter","category":"Elementary Flows/emission/air","flowType":"ELEMENTARY_FLOW","refUnit":"kg"},"unit":{"@type":"Unit","@id":"20aadc24-a391-41cf-b340-3e4529f44bde","name":"kg"},"flowProperty":{"@type":"FlowProperty","@id":"93a60a56-a3c8-11da-a746-0800200b9a66","name":"Mass","category":"Technical flow properties","refUnit":"kg"}},{"@type":"Exchange","isAvoidedProduct":false,"isInput":false,"amount":2.7E-6,"internalId":8,"flow":{"@type":"Flow","@id":"e8a4d121-c284-3073-ba8f-37f9253ff20a","name":"Fluoride","category":"Elementary Flows/emission/water","flowType":"ELEMENTARY_FLOW","refUnit":"kg"},"unit":{"@type":"Unit","@id":"20aadc24-a391-41cf-b340-3e4529f44bde","name":"kg"},"flowProperty":{"@type":"FlowProperty","@id":"93a60a56-a3c8-11da-a746-0800200b9a66","name":"Mass","category":"Technical flow properties","refUnit":"kg"}},{"@type":"Exchange","isAvoidedProduct":false,"isInput":false,"amount":2.3E-5,"internalId":9,"flow":{"@type":"Flow","@id":"39587969-515b-3599-a403-78c461a936eb","name":"Oils, unspecified","category":"Elementary Flows/emission/water","flowType":"ELEMENTARY_FLOW","refUnit":"kg"},"unit":{"@type":"Unit","@id":"20aadc24-a391-41cf-b340-3e4529f44bde","name":"kg"},"flowProperty":{"@type":"FlowProperty","@id":"93a60a56-a3c8-11da-a746-0800200b9a66","name":"Mass","category":"Technical flow properties","refUnit":"kg"}},{"@type":"Exchange","isAvoidedProduct":false,"isInput":false,"amount":3.8E-6,"internalId":29,"flow":{"@type":"Flow","@id":"6f861846-1c4c-3fc9-a198-56b2d9abd83b","name":"Volatile organic compounds","category":"Elementary Flows/emission/air","flowType":"ELEMENTARY_FLOW","refUnit":"kg"},"unit":{"@type":"Unit","@id":"20aadc24-a391-41cf-b340-3e4529f44bde","name":"kg"},"flowProperty":{"@type":"FlowProperty","@id":"93a60a56-a3c8-11da-a746-0800200b9a66","name":"Mass","category":"Technical flow properties","refUnit":"kg"}},{"@type":"Exchange","isAvoidedProduct":false,"isInput":false,"amount":3.2E-9,"internalId":17,"flow":{"@type":"Flow","@id":"f8204689-71e9-3275-85f4-66c4112e5511","name":"Lead","category":"Elementary Flows/emission/water","flowType":"ELEMENTARY_FLOW","refUnit":"kg"},"unit":{"@type":"Unit","@id":"20aadc24-a391-41cf-b340-3e4529f44bde","name":"kg"},"flowProperty":{"@type":"FlowProperty","@id":"93a60a56-a3c8-11da-a746-0800200b9a66","name":"Mass","category":"Technical flow properties","refUnit":"kg"}},{"@type":"Exchange","isAvoidedProduct":false,"isInput":false,"amount":2.6E-5,"internalId":21,"flow":{"@type":"Flow","@id":"4382ba18-dd21-3837-80b2-94283ef5490e","name":"Nitrogen oxides","category":"Elementary Flows/emission/air","flowType":"ELEMENTARY_FLOW","refUnit":"kg"},"unit":{"@type":"Unit","@id":"20aadc24-a391-41cf-b340-3e4529f44bde","name":"kg"},"flowProperty":{"@type":"FlowProperty","@id":"93a60a56-a3c8-11da-a746-0800200b9a66","name":"Mass","category":"Technical flow properties","refUnit":"kg"}},{"@type":"Exchange","isAvoidedProduct":false,"isInput":true,"amount":0.0015022,"internalId":25,"flow":{"@type":"Flow","@id":"f77da622-e84d-3639-8917-fcf792aaee13","name":"Liquefied petroleum gas, combusted in industrial boiler","category":"Technosphere Flows/22: Utilities/2213: Water, Sewage and Other Systems","flowType":"PRODUCT_FLOW","location":"RNA","refUnit":"m3"},"unit":{"@type":"Unit","@id":"b80a512e-e402-4363-8ad0-7d02dcf4a459","name":"l"},"flowProperty":{"@type":"FlowProperty","@id":"93a60a56-a3c8-22da-a746-0800200c9a66","name":"Volume","category":"Technical flow properties","refUnit":"m3"},"defaultProvider":{"@type":"Process","@id":"4eec7a31-b920-3f91-b7c3-924f2aa92ecc","name":"Liquefied petroleum gas, combusted in industrial boiler","category":"22: Utilities/2213: Water, Sewage and Other Systems","processType":"UNIT_PROCESS","flowType":"PRODUCT_FLOW","location":"RNA"}},{"@type":"Exchange","isAvoidedProduct":false,"isInput":true,"amount":0.01861,"internalId":2,"flow":{"@type":"Flow","@id":"654a5cf6-185f-3d91-89ef-42442d1825e8","name":"Residual fuel oil, combusted in industrial boiler","category":"Technosphere Flows/22: Utilities/2213: Water, Sewage and Other Systems","flowType":"PRODUCT_FLOW","location":"RNA","refUnit":"m3"},"unit":{"@type":"Unit","@id":"b80a512e-e402-4363-8ad0-7d02dcf4a459","name":"l"},"flowProperty":{"@type":"FlowProperty","@id":"93a60a56-a3c8-22da-a746-0800200c9a66","name":"Volume","category":"Technical flow properties","refUnit":"m3"},"defaultProvider":{"@type":"Process","@id":"9d9b6815-9349-30af-869b-57362428c42e","name":"Residual fuel oil, combusted in industrial boiler","category":"22: Utilities/2213: Water, Sewage and Other Systems","processType":"UNIT_PROCESS","flowType":"PRODUCT_FLOW","location":"RNA"}},{"@type":"Exchange","isAvoidedProduct":false,"isInput":false,"amount":4.1E-5,"internalId":15,"flow":{"@type":"Flow","@id":"27b840cc-1f41-3943-8ea8-6d68b44b7f81","name":"Biological Oxygen Demand","category":"Elementary Flows/emission/water","flowType":"ELEMENTARY_FLOW","refUnit":"kg"},"unit":{"@type":"Unit","@id":"20aadc24-a391-41cf-b340-3e4529f44bde","name":"kg"},"flowProperty":{"@type":"FlowProperty","@id":"93a60a56-a3c8-11da-a746-0800200b9a66","name":"Mass","category":"Technical flow properties","refUnit":"kg"}},{"@type":"Exchange","isAvoidedProduct":false,"isInput":false,"amount":1.9E-5,"internalId":23,"flow":{"@type":"Flow","@id":"2e40d2b0-30ad-3c0c-ba94-5172209277b9","name":"Fluorine","category":"Elementary Flows/emission/air","flowType":"ELEMENTARY_FLOW","refUnit":"kg"},"unit":{"@type":"Unit","@id":"20aadc24-a391-41cf-b340-3e4529f44bde","name":"kg"},"flowProperty":{"@type":"FlowProperty","@id":"93a60a56-a3c8-11da-a746-0800200b9a66","name":"Mass","category":"Technical flow properties","refUnit":"kg"}},{"@type":"Exchange","isAvoidedProduct":false,"isInput":false,"amount":1.3E-5,"internalId":3,"flow":{"@type":"Flow","@id":"b500ed1b-1495-3d9d-b3b5-c09ca46f9d4c","name":"Dissolved Organic Matter","category":"Elementary Flows/emission/water","flowType":"ELEMENTARY_FLOW","refUnit":"kg"},"unit":{"@type":"Unit","@id":"20aadc24-a391-41cf-b340-3e4529f44bde","name":"kg"},"flowProperty":{"@type":"FlowProperty","@id":"93a60a56-a3c8-11da-a746-0800200b9a66","name":"Mass","category":"Technical flow properties","refUnit":"kg"}},{"@type":"Exchange","isAvoidedProduct":false,"isInput":false,"amount":8.6E-7,"internalId":4,"flow":{"@type":"Flow","@id":"2b61d376-c8c2-31ae-9c19-9b8b958c74dd","name":"Iron","category":"Elementary Flows/emission/water","flowType":"ELEMENTARY_FLOW","refUnit":"kg"},"unit":{"@type":"Unit","@id":"20aadc24-a391-41cf-b340-3e4529f44bde","name":"kg"},"flowProperty":{"@type":"FlowProperty","@id":"93a60a56-a3c8-11da-a746-0800200b9a66","name":"Mass","category":"Technical flow properties","refUnit":"kg"}},{"@type":"Exchange","isAvoidedProduct":false,"isInput":true,"amount":1.836E-4,"internalId":18,"flow":{"@type":"Flow","@id":"e04995fa-935b-316c-b112-5b436c8ea3d6","name":"Diesel, combusted in industrial boiler","category":"Technosphere Flows/22: Utilities/2213: Water, Sewage and Other Systems","flowType":"PRODUCT_FLOW","location":"RNA","refUnit":"m3"},"unit":{"@type":"Unit","@id":"b80a512e-e402-4363-8ad0-7d02dcf4a459","name":"l"},"flowProperty":{"@type":"FlowProperty","@id":"93a60a56-a3c8-22da-a746-0800200c9a66","name":"Volume","category":"Technical flow properties","refUnit":"m3"},"defaultProvider":{"@type":"Process","@id":"53804132-4bd6-3b18-bfbd-14ac762431ef","name":"Diesel, combusted in industrial boiler","category":"22: Utilities/2213: Water, Sewage and Other Systems","processType":"UNIT_PROCESS","flowType":"PRODUCT_FLOW","location":"RNA"}},{"@type":"Exchange","isAvoidedProduct":false,"isInput":false,"amount":3.6E-7,"internalId":37,"flow":{"@type":"Flow","@id":"d9134087-d959-37a7-b2b0-6c8a620f4c4d","name":"Ammonium","category":"Elementary Flows/emission/water","flowType":"ELEMENTARY_FLOW","refUnit":"kg"},"unit":{"@type":"Unit","@id":"20aadc24-a391-41cf-b340-3e4529f44bde","name":"kg"},"flowProperty":{"@type":"FlowProperty","@id":"93a60a56-a3c8-11da-a746-0800200b9a66","name":"Mass","category":"Technical flow properties","refUnit":"kg"}},{"@type":"Exchange","isAvoidedProduct":false,"isInput":false,"amount":1.1E-5,"internalId":24,"flow":{"@type":"Flow","@id":"42e4c3cb-8468-3004-bd4b-19e6cbb81687","name":"Sulfur oxides","category":"Elementary Flows/emission/air","flowType":"ELEMENTARY_FLOW","refUnit":"kg"},"unit":{"@type":"Unit","@id":"20aadc24-a391-41cf-b340-3e4529f44bde","name":"kg"},"flowProperty":{"@type":"FlowProperty","@id":"93a60a56-a3c8-11da-a746-0800200b9a66","name":"Mass","category":"Technical flow properties","refUnit":"kg"}},{"@type":"Exchange","isAvoidedProduct":false,"isInput":false,"amount":2.1E-4,"internalId":5,"flow":{"@type":"Flow","@id":"924cc8cf-ddf6-3b1a-9fbe-489c095c1f01","name":"Chemical Oxygen Demand","category":"Elementary Flows/emission/water","flowType":"ELEMENTARY_FLOW","refUnit":"kg"},"unit":{"@type":"Unit","@id":"20aadc24-a391-41cf-b340-3e4529f44bde","name":"kg"},"flowProperty":{"@type":"FlowProperty","@id":"93a60a56-a3c8-11da-a746-0800200b9a66","name":"Mass","category":"Technical flow properties","refUnit":"kg"}},{"@type":"Exchange","isAvoidedProduct":false,"isInput":true,"amount":0.2112,"internalId":31,"flow":{"@type":"Flow","@id":"0ac2e099-0ddb-3a50-a06a-f4d9adbad07e","name":"Electricity, aluminum smelting and ingot casting regions","category":"Technosphere Flows/22: Utilities/2211: Electric Power Generation, Transmission and Distribution","flowType":"PRODUCT_FLOW","location":"RNA","refUnit":"MJ"},"unit":{"@type":"Unit","@id":"86ad2244-1f0e-4912-af53-7865283103e4","name":"kWh"},"flowProperty":{"@type":"FlowProperty","@id":"f6811440-ee37-11de-8a39-0800200c9a66","name":"Energy","category":"Technical flow properties","refUnit":"MJ"},"defaultProvider":{"@type":"Process","@id":"4d21df14-9a73-31ce-9a5f-dee0cd2a2aed","name":"Electricity, aluminum smelting and ingot casting regions","category":"22: Utilities/2211: Electric Power Generation, Transmission and Distribution","processType":"UNIT_PROCESS","flowType":"PRODUCT_FLOW","location":"RNA"}},{"@type":"Exchange","isAvoidedProduct":false,"isInput":false,"amount":1.2E-9,"internalId":39,"flow":{"@type":"Flow","@id":"82fcc18d-8502-385b-8749-17b8f19fd177","name":"Phenol","category":"Elementary Flows/emission/water","flowType":"ELEMENTARY_FLOW","refUnit":"kg"},"unit":{"@type":"Unit","@id":"20aadc24-a391-41cf-b340-3e4529f44bde","name":"kg"},"flowProperty":{"@type":"FlowProperty","@id":"93a60a56-a3c8-11da-a746-0800200b9a66","name":"Mass","category":"Technical flow properties","refUnit":"kg"}},{"@type":"Exchange","isAvoidedProduct":false,"isInput":false,"amount":2.6E-6,"internalId":16,"flow":{"@type":"Flow","@id":"744039f7-9641-399c-9f9e-e4a78eab355b","name":"Metals","category":"Elementary Flows/emission/water","flowType":"ELEMENTARY_FLOW","refUnit":"kg"},"unit":{"@type":"Unit","@id":"20aadc24-a391-41cf-b340-3e4529f44bde","name":"kg"},"flowProperty":{"@type":"FlowProperty","@id":"93a60a56-a3c8-11da-a746-0800200b9a66","name":"Mass","category":"Technical flow properties","refUnit":"kg"}},{"@type":"Exchange","isAvoidedProduct":false,"isInput":true,"amount":7.344E-5,"internalId":6,"flow":{"@type":"Flow","@id":"bc38e349-1ccf-3855-a615-a4f581ab875b","name":"Gasoline, combusted in equipment","category":"Technosphere Flows/22: Utilities/2213: Water, Sewage and Other Systems","flowType":"PRODUCT_FLOW","location":"RNA","refUnit":"m3"},"unit":{"@type":"Unit","@id":"b80a512e-e402-4363-8ad0-7d02dcf4a459","name":"l"},"flowProperty":{"@type":"FlowProperty","@id":"93a60a56-a3c8-22da-a746-0800200c9a66","name":"Volume","category":"Technical flow properties","refUnit":"m3"},"defaultProvider":{"@type":"Process","@id":"d3e13675-1455-375f-a557-bb8234de75ff","name":"Gasoline, combusted in equipment","category":"22: Utilities/2213: Water, Sewage and Other Systems","processType":"UNIT_PROCESS","flowType":"PRODUCT_FLOW","location":"RNA"}},{"@type":"Exchange","isAvoidedProduct":false,"isInput":false,"amount":1.5E-8,"internalId":10,"flow":{"@type":"Flow","@id":"e96b74a6-c348-3018-a317-49ed2710cf10","name":"Detergents, unspecified","category":"Elementary Flows/emission/water","flowType":"ELEMENTARY_FLOW","refUnit":"kg"},"unit":{"@type":"Unit","@id":"20aadc24-a391-41cf-b340-3e4529f44bde","name":"kg"},"flowProperty":{"@type":"FlowProperty","@id":"93a60a56-a3c8-11da-a746-0800200b9a66","name":"Mass","category":"Technical flow properties","refUnit":"kg"}},{"@type":"Exchange","isAvoidedProduct":false,"isInput":false,"amount":1.8E-4,"internalId":32,"flow":{"@type":"Flow","@id":"61a45604-2ff4-384b-8d90-bae7206c2540","name":"Total dissolved solids","category":"Elementary Flows/emission/water","flowType":"ELEMENTARY_FLOW","refUnit":"kg"},"unit":{"@type":"Unit","@id":"20aadc24-a391-41cf-b340-3e4529f44bde","name":"kg"},"flowProperty":{"@type":"FlowProperty","@id":"93a60a56-a3c8-11da-a746-0800200b9a66","name":"Mass","category":"Technical flow properties","refUnit":"kg"}},{"@type":"Exchange","isAvoidedProduct":false,"isInput":false,"amount":1.4E-11,"internalId":30,"flow":{"@type":"Flow","@id":"687b7004-d26d-3dfc-b8f2-81e092bc4bca","name":"Mercury","category":"Elementary Flows/emission/water","flowType":"ELEMENTARY_FLOW","refUnit":"kg"},"unit":{"@type":"Unit","@id":"20aadc24-a391-41cf-b340-3e4529f44bde","name":"kg"},"flowProperty":{"@type":"FlowProperty","@id":"93a60a56-a3c8-11da-a746-0800200b9a66","name":"Mass","category":"Technical flow properties","refUnit":"kg"}},{"@type":"Exchange","isAvoidedProduct":false,"isInput":false,"amount":1.8E-5,"internalId":38,"flow":{"@type":"Flow","@id":"c4da1480-4f19-3d01-8f04-8432c38991b1","name":"Chlorine","category":"Elementary Flows/emission/air","flowType":"ELEMENTARY_FLOW","refUnit":"kg"},"unit":{"@type":"Unit","@id":"20aadc24-a391-41cf-b340-3e4529f44bde","name":"kg"},"flowProperty":{"@type":"FlowProperty","@id":"93a60a56-a3c8-11da-a746-0800200b9a66","name":"Mass","category":"Technical flow properties","refUnit":"kg"}},{"@type":"Exchange","isAvoidedProduct":false,"isInput":false,"amount":6.0E-6,"internalId":34,"flow":{"@type":"Flow","@id":"187c525c-3715-388c-b303-a0671524a615","name":"Carbon monoxide","category":"Elementary Flows/emission/air","flowType":"ELEMENTARY_FLOW","refUnit":"kg"},"unit":{"@type":"Unit","@id":"20aadc24-a391-41cf-b340-3e4529f44bde","name":"kg"},"flowProperty":{"@type":"FlowProperty","@id":"93a60a56-a3c8-11da-a746-0800200b9a66","name":"Mass","category":"Technical flow properties","refUnit":"kg"}},{"@type":"Exchange","isAvoidedProduct":false,"isInput":true,"amount":0.051815,"internalId":40,"flow":{"@type":"Flow","@id":"ea8515c5-e3d4-4f42-a856-67a9b85b30a0","name":"Natural gas, combusted in industrial boiler","category":"Technosphere Flows/22: Utilities/2213: Water, Sewage and Other Systems","flowType":"PRODUCT_FLOW","location":"RNA","refUnit":"m3"},"unit":{"@type":"Unit","@id":"1c3a9695-398d-4b1f-b07e-a8715b610f70","name":"m3"},"flowProperty":{"@type":"FlowProperty","@id":"93a60a56-a3c8-22da-a746-0800200c9a66","name":"Volume","category":"Technical flow properties","refUnit":"m3"},"defaultProvider":{"@type":"Process","@id":"759a9b22-1de5-49fe-ac1d-0c287b2ef93e","name":"Natural gas, combusted in industrial boiler","category":"22: Utilities/2213: Water, Sewage and Other Systems","processType":"UNIT_PROCESS","flowType":"PRODUCT_FLOW","location":"RNA"}}],"socialAspects":[],"allocationFactors":[]}