{"@type":"Process","@id":"2e8facf6-46aa-4ddb-95de-a4e2a00eb2bb","name":"Polypropylene, PP, virgin resin, at plant","description":"Includes material and energy requirements and environmental emissions for one kilogram of Polypropylene (PP) virgin resin production at the plant only (gate to gate). Polypropylene is manufactured by the polymerization of propylene using Ziegler-Natta catalysts. Commercial processes generally use titanium trichloride in combination with aluminum diethylmonochloride. Production processes vary and include slurry, gas-phase, and solution monomer polymerization. The latter two processes employ the use of improved high-yield catalysts. The five polypropylene datasets represent the gas-phase and solution monomer polymerization processes.","category":"31-33: Manufacturing/3252: Resin, Synthetic Rubber, and Artificial and Synthetic Fibers and Filaments Manufacturing","version":"00.00.153","lastChange":"2023-12-22T17:35:15.945Z","processType":"UNIT_PROCESS","defaultAllocationMethod":"NO_ALLOCATION","isInfrastructureProcess":false,"location":{"@type":"Location","@id":"b320e7db-c758-3ba6-8839-81eb83c9d7d7","name":"Northern America"},"processDocumentation":{"timeDescription":"For the PP resin primary data, companies were requested to provide data for the year 2015, the most recent full year of PP resin production prior to the project initiation date. Companies providing data were given the option to collect data from the year preceding or following 2015 if either year would reflect more typical production conditions. Two companies provided data for the year 2015, and one company provided data for the year 2016. After reviewing individual company data in comparison to the average, each manufacturer verified data from 2015-2016 was representative of an average year for PP resin production at their company.  \r\n\r\n","technologyDescription":"All data providers used the low pressure technology and either the gas-phase or slurry loop reactors with either a Phillips or a Ziegler catalyst. ","dataCollectionDescription":"All primary data were collected from 2015-2016","completenessDescription":"Data evaluation procedures and criteria were applied consistently to all primary data provided by the participating producers for all data collected. All primary data obtained specifically for this study were considered the most representative available for the systems studied. Data sets were reviewed for completeness and material balances, and follow-up was conducted as needed to resolve any questions about the input and output flows, process technology, etc. The aggregated averaged datasets were also reviewed by the providing companies as compared to the provided dataset. Companies were requested to review whether their data were complete and to comment about their or the average dataset. ","dataSelectionDescription":"All PP production data was sourced from primary producers.","reviewDetails":"Some ACC members reviewed the data and associated report. Internal review of data entry proofreading, mass balance verification and data documentation was also carried out.","dataTreatmentDescription":"A weighted average was calculated from the data collected and used to develop the LCA model. Small amounts (less than 1 percent of total output) of off-spec/scrap resin and isomers are produced as coproducts during this process and sold. A mass basis was used to allocate out the credit for the coproduct off-spec/scrap resin; thus, this inventory represents only the primary (i.e., virgin resin) produced. The average PP datasets were reviewed and accepted respectively by each PP data provider.","inventoryMethodDescription":"Attributional; Compatible with TRACI","modelingConstantsDescription":"LCI data for the production of PP resin were collected from three producers in North America – all in the United States. Two companies provided data for the year 2015, and one company provided data for the year 2016. After reviewing individual company data in comparison to the average, each manufacturer verified data from 2015-2016 was representative of an average year for PP resin production at their company. Mass allocation was used to allocate all inputs and outputs to each product and co-products. ","samplingDescription":"BOUNDARY CONDITIONS: The system boundary includes manufacturing of PP resin at the plant, including incoming transportation for each material.\r\nDATA COLLECTION: The primary data for the life cycle inventory of the production of PP, were collected from three producers located in the United States in 2015-2016. A weighted average was calculated from the data collected and used to develop the LCA model. For this process the data sets are based on actual plant data reported by plant personnel. Supporting background data were drawn from credible, widely used databases including the US LCI database, GREET, and Ecoinvent.\r\nUNCERTAINTY ESTIMATION: Primary data collected from actual facilities are considered the best available data for representing industry operations. In this study, primary data were used to model the PP production. All data received were carefully evaluated before compiling the production-weighted average data sets used to generate results. No uncertainty analysis was carried out due to the lack of uncertainty data or probability distributions for key parameters, which are often only available as single point estimates from the producers.\r\n\r\n","restrictionsDescription":"These U.S. LCI Database Project data (\"Data\") are provided by the National Renewable Energy Laboratory (\"NREL\"), operated by the Alliance for Sustainable Energy, LLC (\"Alliance\") for the US Department of Energy (\"DOE\") under Contract No. DE-AC36-08GO28308. The United States Government (the \"Government\") retains and the user acknowledges that the Government retains a non-exclusive, paid-up, irrevocable, worldwide license to publish or reproduce the published form of these data, or allow others to do so, for Government purposes.\r\n\r\nAccess to and use of these Data shall impose the following obligations on the user, as set forth in this Agreement. The user is granted the right, without any fee or cost, to use, copy, modify, alter, enhance and distribute these Data for any purpose whatsoever, provided that this entire notice appears in all copies of the Data. Any modification, alteration or enhancement of these data shall be identified and documented by the user. Further, the user agrees to credit the DOE/NREL/Alliance in any publication that results from the use of these Data. The names DOE/NREL/Alliance, however, may not be used in any advertising or publicity to endorse or promote any products or commercial entities unless specific written permission is obtained from DOE/NREL/Alliance. The user also understands that DOE/NREL/Alliance is not obligated to provide the user with any support, consulting, training or assistance of any kind with regard to the use of these Data or to provide the user with any updates, revisions or new versions of these Data.\r\n\r\nYOU AGREE TO INDEMNIFY THE GOVERNMENT AND DOE/NREL/ALLIANCE, AND ITS SUBSIDIARIES, AFFILIATES, OFFICERS, AGENTS, AND EMPLOYEES AGAINST ANY CLAIM OR DEMAND, INCLUDING REASONABLE ATTORNEYS\u0027 FEES, RELATED TO YOUR USE OF THESE DATA. THESE DATA ARE PROVIDED BY DOE/NREL/ALLIANCE \"AS IS\" AND ANY EXPRESS OR IMPLIED WARRANTIES, INCLUDING BUT NOT LIMITED TO, THE IMPLIED WARRANTIES OF MERCHANTABILITY AND FITNESS FOR A PARTICULAR PURPOSE ARE DISCLAIMED. IN NO EVENT SHALL THE GOVERNMENT OR DOE/NREL/ALLIANCE BE LIABLE FOR ANY SPECIAL, INDIRECT OR CONSEQUENTIAL DAMAGES OR ANY DAMAGES WHATSOEVER, INCLUDING BUT NOT LIMITED TO CLAIMS ASSOCIATED WITH THE LOSS OF DATA OR PROFITS, WHICH MAY RESULT FROM AN ACTION IN CONTRACT, NEGLIGENCE OR OTHER TORTIOUS CLAIM THAT ARISES OUT OF OR IN CONNECTION WITH THE ACCESS, USE OR PERFORMANCE OF THESE DATA.","isCopyrightProtected":false,"intendedApplication":"\"Accounting, with system-external interactions\" - The intended application is a purely descriptive accounting / documentation of the analysed system including existing interactions with other systems in the LCI model. These data are an update to a previously published dataset which is a generic unit process data.","projectDescription":"These data are an update to a previously published dataset which is a generic unit process data.; Cradle-to-Resin Life Cycle Analysis of Polypropylene Resin. Submitted to the American Chemistry Council (ACC). 2020 (currently draft form)","geographyDescription":"The geographic scope of the analysis is the manufacture of PP resin in North America.  All PP resin data collected were from plants in the United States and Canada and incoming materials were modeled using North American databases such as the U.S. LCI database, ecoinvent (adapted to US conditions), and Franklin Associates’ private database. ","creationDate":"2019-02-19T14:19:58.709","validFrom":"2014-12-31","validUntil":"2016-12-30","reviewer":{"@type":"Actor","@id":"38e67478-a915-43d9-ad67-e25db79a4acc","name":"Franklin Associates, A Division of ERG","category":"Organisations"},"dataDocumentor":{"@type":"Actor","@id":"38e67478-a915-43d9-ad67-e25db79a4acc","name":"Franklin Associates, A Division of ERG","category":"Organisations"},"dataGenerator":{"@type":"Actor","@id":"38e67478-a915-43d9-ad67-e25db79a4acc","name":"Franklin Associates, A Division of ERG","category":"Organisations"},"dataSetOwner":{"@type":"Actor","@id":"0f4ac171-7e61-4c89-b075-1561c3bb621d","name":"American Chemistry Council","category":"Organisations"},"publication":{"@type":"Source","@id":"8c908f61-4d5f-4fcc-a286-876c48255686","name":"American Chemistry Council, 2021, Polypropylene"},"sources":[{"@type":"Source","@id":"8c908f61-4d5f-4fcc-a286-876c48255686","name":"American Chemistry Council, 2021, Polypropylene"}]},"lastInternalId":187,"dqSystem":{"@type":"DQSystem","@id":"70bf370f-9912-4ec1-baa3-fbd4eaf85a10","name":"US EPA - Process Pedigree Matrix"},"dqEntry":"(4;1)","parameters":[],"exchanges":[{"@type":"Exchange","isAvoidedProduct":false,"isInput":false,"amount":1.0,"internalId":175,"flow":{"@type":"Flow","@id":"d0477b6a-115f-350d-bbb4-7f62243e3476","name":"Polypropylene, PP, virgin resin, at plant","category":"Technosphere Flows/31-33: Manufacturing/3252: Resin, Synthetic Rubber, and Artificial and Synthetic Fibers and Filaments Manufacturing","flowType":"PRODUCT_FLOW","location":"RNA","refUnit":"kg"},"unit":{"@type":"Unit","@id":"20aadc24-a391-41cf-b340-3e4529f44bde","name":"kg"},"flowProperty":{"@type":"FlowProperty","@id":"93a60a56-a3c8-11da-a746-0800200b9a66","name":"Mass","category":"Technical flow properties","refUnit":"kg"},"isQuantitativeReference":true},{"@type":"Exchange","isAvoidedProduct":false,"isInput":false,"amount":1.0E-5,"description":"This data was reported by fewer than three companies.  To indicate known emissions while protecting the confidentiality of individual company responses, the emission is reported only by order of magnitude.","internalId":5,"flow":{"@type":"Flow","@id":"0418b561-ecf8-33c8-9c81-225789f15bd3","name":"Particulate matter","category":"Elementary Flows/emission/air","flowType":"ELEMENTARY_FLOW","refUnit":"kg"},"unit":{"@type":"Unit","@id":"20aadc24-a391-41cf-b340-3e4529f44bde","name":"kg"},"flowProperty":{"@type":"FlowProperty","@id":"93a60a56-a3c8-11da-a746-0800200b9a66","name":"Mass","category":"Technical flow properties","refUnit":"kg"}},{"@type":"Exchange","isAvoidedProduct":false,"isInput":false,"amount":1.0E-9,"description":"This data was reported by fewer than three companies.  To indicate known emissions while protecting the confidentiality of individual company responses, the emission is reported only by order of magnitude.","internalId":29,"flow":{"@type":"Flow","@id":"41f104ab-8f49-3924-9b57-98ed81cd54a0","name":"Zinc","category":"Elementary Flows/emission/water","flowType":"ELEMENTARY_FLOW","refUnit":"kg"},"unit":{"@type":"Unit","@id":"20aadc24-a391-41cf-b340-3e4529f44bde","name":"kg"},"flowProperty":{"@type":"FlowProperty","@id":"93a60a56-a3c8-11da-a746-0800200b9a66","name":"Mass","category":"Technical flow properties","refUnit":"kg"}},{"@type":"Exchange","isAvoidedProduct":false,"isInput":true,"amount":1.014,"internalId":177,"flow":{"@type":"Flow","@id":"e86e8b04-8e64-3a17-95c3-04c07229f0ac","name":"Propylene, at plant","category":"Technosphere Flows/31-33: Manufacturing/3241: Petroleum and Coal Products Manufacturing","flowType":"PRODUCT_FLOW","location":"RNA","refUnit":"kg"},"unit":{"@type":"Unit","@id":"20aadc24-a391-41cf-b340-3e4529f44bde","name":"kg"},"flowProperty":{"@type":"FlowProperty","@id":"93a60a56-a3c8-11da-a746-0800200b9a66","name":"Mass","category":"Technical flow properties","refUnit":"kg"},"defaultProvider":{"@type":"Process","@id":"49d309a8-0c93-4eeb-a342-2fe2254a0bec","name":"Propylene, materials production, organic compound, at plant, kg","category":"31-33: Manufacturing/3251: Basic Chemical Manufacturing","processType":"UNIT_PROCESS","flowType":"PRODUCT_FLOW","location":"RNA"}},{"@type":"Exchange","isAvoidedProduct":false,"isInput":false,"amount":1.0E-5,"description":"This data was reported by fewer than three companies.  To indicate known emissions while protecting the confidentiality of individual company responses, the emission is reported only by order of magnitude.","internalId":179,"flow":{"@type":"Flow","@id":"9a36d2c5-a47d-3020-9dd2-00b6713b2e0c","name":"Aldehydes, unspecified","category":"Elementary Flows/emission/air","flowType":"ELEMENTARY_FLOW","refUnit":"kg"},"unit":{"@type":"Unit","@id":"20aadc24-a391-41cf-b340-3e4529f44bde","name":"kg"},"flowProperty":{"@type":"FlowProperty","@id":"93a60a56-a3c8-11da-a746-0800200b9a66","name":"Mass","category":"Technical flow properties","refUnit":"kg"}},{"@type":"Exchange","isAvoidedProduct":false,"isInput":false,"amount":1.0E-7,"description":"This data was reported by fewer than three companies.  To indicate known emissions while protecting the confidentiality of individual company responses, the emission is reported only by order of magnitude.","internalId":77,"flow":{"@type":"Flow","@id":"cfee0524-7ad6-300b-b050-6249135a2492","name":"Nitrous oxide","category":"Elementary Flows/emission/air","flowType":"ELEMENTARY_FLOW","refUnit":"kg"},"unit":{"@type":"Unit","@id":"20aadc24-a391-41cf-b340-3e4529f44bde","name":"kg"},"flowProperty":{"@type":"FlowProperty","@id":"93a60a56-a3c8-11da-a746-0800200b9a66","name":"Mass","category":"Technical flow properties","refUnit":"kg"}},{"@type":"Exchange","isAvoidedProduct":true,"isInput":true,"amount":0.0027,"description":"avoided product for vent gas sent off or sold outside the process","internalId":176,"flow":{"@type":"Flow","@id":"1a30ee75-215c-47ab-8927-8d15cdf63407","name":"Natural gas, at processing, composite, kg","category":"Technosphere Flows/21: Mining, Quarrying, and Oil and Gas Extraction/2111: Oil and Gas Extraction","flowType":"PRODUCT_FLOW","refUnit":"kg"},"unit":{"@type":"Unit","@id":"20aadc24-a391-41cf-b340-3e4529f44bde","name":"kg"},"flowProperty":{"@type":"FlowProperty","@id":"93a60a56-a3c8-11da-a746-0800200b9a66","name":"Mass","category":"Technical flow properties","refUnit":"kg"}},{"@type":"Exchange","isAvoidedProduct":false,"isInput":false,"amount":1.1E-4,"internalId":186,"flow":{"@type":"Flow","@id":"6f861846-1c4c-3fc9-a198-56b2d9abd83b","name":"Volatile organic compounds","category":"Elementary Flows/emission/air","flowType":"ELEMENTARY_FLOW","refUnit":"kg"},"unit":{"@type":"Unit","@id":"20aadc24-a391-41cf-b340-3e4529f44bde","name":"kg"},"flowProperty":{"@type":"FlowProperty","@id":"93a60a56-a3c8-11da-a746-0800200b9a66","name":"Mass","category":"Technical flow properties","refUnit":"kg"}},{"@type":"Exchange","isAvoidedProduct":false,"isInput":false,"amount":4.2E-4,"description":"Non hazardouse waste","internalId":59,"flow":{"@type":"Flow","@id":"df2b3c59-4923-41b4-ac38-967884123025","name":"Disposal, solid waste, process, to sanitary landfill","category":"Technosphere Flows/CUTOFF Flows","flowType":"WASTE_FLOW","refUnit":"kg"},"unit":{"@type":"Unit","@id":"20aadc24-a391-41cf-b340-3e4529f44bde","name":"kg"},"flowProperty":{"@type":"FlowProperty","@id":"93a60a56-a3c8-11da-a746-0800200b9a66","name":"Mass","category":"Technical flow properties","refUnit":"kg"}},{"@type":"Exchange","isAvoidedProduct":false,"isInput":false,"amount":1.0E-9,"description":"This data was reported by fewer than three companies.  To indicate known emissions while protecting the confidentiality of individual company responses, the emission is reported only by order of magnitude.","internalId":144,"flow":{"@type":"Flow","@id":"3b66fd84-6bf2-3a57-bd4c-f779d71fee69","name":"Cyanide","category":"Elementary Flows/emission/water","flowType":"ELEMENTARY_FLOW","refUnit":"kg"},"unit":{"@type":"Unit","@id":"20aadc24-a391-41cf-b340-3e4529f44bde","name":"kg"},"flowProperty":{"@type":"FlowProperty","@id":"93a60a56-a3c8-11da-a746-0800200b9a66","name":"Mass","category":"Technical flow properties","refUnit":"kg"}},{"@type":"Exchange","isAvoidedProduct":false,"isInput":false,"amount":5.1E-6,"internalId":102,"flow":{"@type":"Flow","@id":"ac003090-67b7-4364-b690-807d12019627","name":"Disposal, hazardous waste, to incineration without energy recovery","category":"Technosphere Flows/CUTOFF Flows","flowType":"WASTE_FLOW","refUnit":"kg"},"unit":{"@type":"Unit","@id":"20aadc24-a391-41cf-b340-3e4529f44bde","name":"kg"},"flowProperty":{"@type":"FlowProperty","@id":"93a60a56-a3c8-11da-a746-0800200b9a66","name":"Mass","category":"Technical flow properties","refUnit":"kg"}},{"@type":"Exchange","isAvoidedProduct":false,"isInput":true,"amount":0.5040000000000001,"internalId":73,"flow":{"@type":"Flow","@id":"ed1981de-52d1-366c-b629-4abfe56fffd3","name":"Electricity, at cogen, for natural gas turbine","category":"Technosphere Flows/22: Utilities/2211: Electric Power Generation, Transmission and Distribution","flowType":"PRODUCT_FLOW","location":"US","refUnit":"MJ"},"unit":{"@type":"Unit","@id":"52765a6c-3896-43c2-b2f4-c679acf13efe","name":"MJ"},"flowProperty":{"@type":"FlowProperty","@id":"f6811440-ee37-11de-8a39-0800200c9a66","name":"Energy","category":"Technical flow properties","refUnit":"MJ"},"defaultProvider":{"@type":"Process","@id":"e6586e69-95a4-3396-a934-f379fbdd28f4","name":"Electricity, at cogen, for natural gas turbine","category":"22: Utilities/2211: Electric Power Generation, Transmission and Distribution","processType":"UNIT_PROCESS","flowType":"PRODUCT_FLOW","location":"PY"}},{"@type":"Exchange","isAvoidedProduct":false,"isInput":false,"amount":1.0E-9,"description":"This data was reported by fewer than three companies.  To indicate known emissions while protecting the confidentiality of individual company responses, the emission is reported only by order of magnitude.","internalId":142,"flow":{"@type":"Flow","@id":"e8a4d121-c284-3073-ba8f-37f9253ff20a","name":"Fluoride","category":"Elementary Flows/emission/water","flowType":"ELEMENTARY_FLOW","refUnit":"kg"},"unit":{"@type":"Unit","@id":"20aadc24-a391-41cf-b340-3e4529f44bde","name":"kg"},"flowProperty":{"@type":"FlowProperty","@id":"93a60a56-a3c8-11da-a746-0800200b9a66","name":"Mass","category":"Technical flow properties","refUnit":"kg"}},{"@type":"Exchange","isAvoidedProduct":false,"isInput":false,"amount":7.0E-4,"internalId":182,"flow":{"@type":"Flow","@id":"8191e38b-421f-4348-a2e0-29303147f2d1","name":"Recycling, solid waste, to recycling or reuse","category":"Technosphere Flows/CUTOFF Flows","flowType":"WASTE_FLOW","refUnit":"kg"},"unit":{"@type":"Unit","@id":"20aadc24-a391-41cf-b340-3e4529f44bde","name":"kg"},"flowProperty":{"@type":"FlowProperty","@id":"93a60a56-a3c8-11da-a746-0800200b9a66","name":"Mass","category":"Technical flow properties","refUnit":"kg"}},{"@type":"Exchange","isAvoidedProduct":false,"isInput":false,"amount":1.3E-5,"description":"","internalId":22,"flow":{"@type":"Flow","@id":"f0c2682e-2a68-33f1-80bb-005ee7844eb0","name":"Suspended solids, inorganic","category":"Elementary Flows/emission/water","flowType":"ELEMENTARY_FLOW","refUnit":"kg"},"unit":{"@type":"Unit","@id":"20aadc24-a391-41cf-b340-3e4529f44bde","name":"kg"},"flowProperty":{"@type":"FlowProperty","@id":"93a60a56-a3c8-11da-a746-0800200b9a66","name":"Mass","category":"Technical flow properties","refUnit":"kg"}},{"@type":"Exchange","isAvoidedProduct":false,"isInput":false,"amount":9.8E-7,"internalId":101,"flow":{"@type":"Flow","@id":"42929598-5cd9-4fac-a79d-fd0ab85a4176","name":"Disposal, hazardous waste, to unspecified hazardous waste landfill","category":"Technosphere Flows/CUTOFF Flows","flowType":"WASTE_FLOW","refUnit":"kg"},"unit":{"@type":"Unit","@id":"20aadc24-a391-41cf-b340-3e4529f44bde","name":"kg"},"flowProperty":{"@type":"FlowProperty","@id":"93a60a56-a3c8-11da-a746-0800200b9a66","name":"Mass","category":"Technical flow properties","refUnit":"kg"}},{"@type":"Exchange","isAvoidedProduct":false,"isInput":true,"amount":3.0,"internalId":58,"flow":{"@type":"Flow","@id":"e2eb491c-78ff-3123-9e42-494c7d199b44","name":"Water","category":"Elementary Flows/resource/water","flowType":"ELEMENTARY_FLOW","refUnit":"kg"},"unit":{"@type":"Unit","@id":"20aadc24-a391-41cf-b340-3e4529f44bde","name":"kg"},"flowProperty":{"@type":"FlowProperty","@id":"93a60a56-a3c8-11da-a746-0800200b9a66","name":"Mass","category":"Technical flow properties","refUnit":"kg"}},{"@type":"Exchange","isAvoidedProduct":false,"isInput":true,"amount":0.038,"description":"transport of incoming propylene and nitrogen","internalId":50,"flow":{"@type":"Flow","@id":"057a281a-908b-3adf-8f51-ed79fe5c5a9b","name":"Transport, pipeline, natural gas","category":"Technosphere Flows/48-49: Transportation and Warehousing/4862: Pipeline Transportation of Natural Gas","flowType":"PRODUCT_FLOW","location":"RNA","refUnit":"t*km"},"unit":{"@type":"Unit","@id":"0dea4ed8-bb6b-4049-b2b4-b2c413ef2180","name":"t*km"},"flowProperty":{"@type":"FlowProperty","@id":"838aaa20-0117-11db-92e3-0800200c9a66","name":"Goods transport (mass*distance)","category":"Technical flow properties","refUnit":"t*km"},"defaultProvider":{"@type":"Process","@id":"57cdac3b-a289-330e-8e55-6b7e2c6885fb","name":"Transport, pipeline, natural gas","category":"48-49: Transportation and Warehousing/4862: Pipeline Transportation of Natural Gas","processType":"UNIT_PROCESS","flowType":"PRODUCT_FLOW","location":"RNA"}},{"@type":"Exchange","isAvoidedProduct":false,"isInput":true,"amount":0.5760000000000001,"internalId":43,"flow":{"@type":"Flow","@id":"06581fb2-1de0-3e78-8298-f37605dea142","name":"Electricity, at grid","category":"Technosphere Flows/22: Utilities/2211: Electric Power Generation, Transmission and Distribution","flowType":"PRODUCT_FLOW","location":"RNA","refUnit":"MJ"},"unit":{"@type":"Unit","@id":"52765a6c-3896-43c2-b2f4-c679acf13efe","name":"MJ"},"flowProperty":{"@type":"FlowProperty","@id":"f6811440-ee37-11de-8a39-0800200c9a66","name":"Energy","category":"Technical flow properties","refUnit":"MJ"},"defaultProvider":{"@type":"Process","@id":"89389d98-1ba6-30c5-9c33-92443694936b","name":"Electricity, at Grid, US, 2010","category":"22: Utilities/2211: Electric Power Generation, Transmission and Distribution","processType":"UNIT_PROCESS","flowType":"PRODUCT_FLOW","location":"RNA"}},{"@type":"Exchange","isAvoidedProduct":false,"isInput":false,"amount":1.0E-6,"description":"This data was reported by fewer than three companies.  To indicate known emissions while protecting the confidentiality of individual company responses, the emission is reported only by order of magnitude.","internalId":79,"flow":{"@type":"Flow","@id":"42e4c3cb-8468-3004-bd4b-19e6cbb81687","name":"Sulfur oxides","category":"Elementary Flows/emission/air","flowType":"ELEMENTARY_FLOW","refUnit":"kg"},"unit":{"@type":"Unit","@id":"20aadc24-a391-41cf-b340-3e4529f44bde","name":"kg"},"flowProperty":{"@type":"FlowProperty","@id":"93a60a56-a3c8-11da-a746-0800200b9a66","name":"Mass","category":"Technical flow properties","refUnit":"kg"}},{"@type":"Exchange","isAvoidedProduct":false,"isInput":false,"amount":1.2E-4,"internalId":100,"flow":{"@type":"Flow","@id":"a98db096-441e-4783-900f-b6693ecde0c9","name":"Disposal, hazardous waste, to incineration with energy recovery","category":"Technosphere Flows/CUTOFF Flows","flowType":"WASTE_FLOW","refUnit":"kg"},"unit":{"@type":"Unit","@id":"20aadc24-a391-41cf-b340-3e4529f44bde","name":"kg"},"flowProperty":{"@type":"FlowProperty","@id":"93a60a56-a3c8-11da-a746-0800200b9a66","name":"Mass","category":"Technical flow properties","refUnit":"kg"}},{"@type":"Exchange","isAvoidedProduct":false,"isInput":false,"amount":1.6E-5,"description":"","internalId":103,"flow":{"@type":"Flow","@id":"a320e284-d276-3167-89b3-19d790081c08","name":"Particulate matter, \u003e 2.5μm and ≤ 10μm","category":"Elementary Flows/emission/air","flowType":"ELEMENTARY_FLOW","refUnit":"kg"},"unit":{"@type":"Unit","@id":"20aadc24-a391-41cf-b340-3e4529f44bde","name":"kg"},"flowProperty":{"@type":"FlowProperty","@id":"93a60a56-a3c8-11da-a746-0800200b9a66","name":"Mass","category":"Technical flow properties","refUnit":"kg"}},{"@type":"Exchange","isAvoidedProduct":false,"isInput":false,"amount":1.0E-5,"description":"This data was reported by fewer than three companies.  To indicate known emissions while protecting the confidentiality of individual company responses, the emission is reported only by order of magnitude.","internalId":83,"flow":{"@type":"Flow","@id":"187c525c-3715-388c-b303-a0671524a615","name":"Carbon monoxide","category":"Elementary Flows/emission/air","flowType":"ELEMENTARY_FLOW","refUnit":"kg"},"unit":{"@type":"Unit","@id":"20aadc24-a391-41cf-b340-3e4529f44bde","name":"kg"},"flowProperty":{"@type":"FlowProperty","@id":"93a60a56-a3c8-11da-a746-0800200b9a66","name":"Mass","category":"Technical flow properties","refUnit":"kg"}},{"@type":"Exchange","isAvoidedProduct":false,"isInput":false,"amount":1.0E-7,"description":"This data was reported by fewer than three companies.  To indicate known emissions while protecting the confidentiality of individual company responses, the emission is reported only by order of magnitude.","internalId":181,"flow":{"@type":"Flow","@id":"61a45604-2ff4-384b-8d90-bae7206c2540","name":"Total dissolved solids","category":"Elementary Flows/emission/water","flowType":"ELEMENTARY_FLOW","refUnit":"kg"},"unit":{"@type":"Unit","@id":"20aadc24-a391-41cf-b340-3e4529f44bde","name":"kg"},"flowProperty":{"@type":"FlowProperty","@id":"93a60a56-a3c8-11da-a746-0800200b9a66","name":"Mass","category":"Technical flow properties","refUnit":"kg"}},{"@type":"Exchange","isAvoidedProduct":false,"isInput":false,"amount":9.0E-6,"internalId":7,"flow":{"@type":"Flow","@id":"49a9c581-7c83-36b0-b1bd-455ea4c665a6","name":"Particulate matter, ≤ 2.5μm","category":"Elementary Flows/emission/air","flowType":"ELEMENTARY_FLOW","refUnit":"kg"},"unit":{"@type":"Unit","@id":"20aadc24-a391-41cf-b340-3e4529f44bde","name":"kg"},"flowProperty":{"@type":"FlowProperty","@id":"93a60a56-a3c8-11da-a746-0800200b9a66","name":"Mass","category":"Technical flow properties","refUnit":"kg"}},{"@type":"Exchange","isAvoidedProduct":false,"isInput":false,"amount":4.4E-5,"description":"","internalId":78,"flow":{"@type":"Flow","@id":"4382ba18-dd21-3837-80b2-94283ef5490e","name":"Nitrogen oxides","category":"Elementary Flows/emission/air","flowType":"ELEMENTARY_FLOW","refUnit":"kg"},"unit":{"@type":"Unit","@id":"20aadc24-a391-41cf-b340-3e4529f44bde","name":"kg"},"flowProperty":{"@type":"FlowProperty","@id":"93a60a56-a3c8-11da-a746-0800200b9a66","name":"Mass","category":"Technical flow properties","refUnit":"kg"}},{"@type":"Exchange","isAvoidedProduct":false,"isInput":false,"amount":1.0E-5,"description":"This data was reported by fewer than three companies.  To indicate known emissions while protecting the confidentiality of individual company responses, the emission is reported only by order of magnitude.","internalId":18,"flow":{"@type":"Flow","@id":"27b840cc-1f41-3943-8ea8-6d68b44b7f81","name":"Biological Oxygen Demand","category":"Elementary Flows/emission/water","flowType":"ELEMENTARY_FLOW","refUnit":"kg"},"unit":{"@type":"Unit","@id":"20aadc24-a391-41cf-b340-3e4529f44bde","name":"kg"},"flowProperty":{"@type":"FlowProperty","@id":"93a60a56-a3c8-11da-a746-0800200b9a66","name":"Mass","category":"Technical flow properties","refUnit":"kg"}},{"@type":"Exchange","isAvoidedProduct":false,"isInput":false,"amount":1.0E-6,"description":"This data was reported by fewer than three companies.  To indicate known emissions while protecting the confidentiality of individual company responses, the emission is reported only by order of magnitude.","internalId":81,"flow":{"@type":"Flow","@id":"aab83476-ec6c-3742-af85-15d320b7ce80","name":"Methane","category":"Elementary Flows/emission/air","flowType":"ELEMENTARY_FLOW","refUnit":"kg"},"unit":{"@type":"Unit","@id":"20aadc24-a391-41cf-b340-3e4529f44bde","name":"kg"},"flowProperty":{"@type":"FlowProperty","@id":"93a60a56-a3c8-11da-a746-0800200b9a66","name":"Mass","category":"Technical flow properties","refUnit":"kg"}},{"@type":"Exchange","isAvoidedProduct":false,"isInput":false,"amount":1.0E-6,"description":"This data was reported by fewer than three companies.  To indicate known emissions while protecting the confidentiality of individual company responses, the emission is reported only by order of magnitude.","internalId":180,"flow":{"@type":"Flow","@id":"65b5d5dd-95b5-36b2-8cb0-7c5501ff1e32","name":"Ammonia","category":"Elementary Flows/emission/air","flowType":"ELEMENTARY_FLOW","refUnit":"kg"},"unit":{"@type":"Unit","@id":"20aadc24-a391-41cf-b340-3e4529f44bde","name":"kg"},"flowProperty":{"@type":"FlowProperty","@id":"93a60a56-a3c8-11da-a746-0800200b9a66","name":"Mass","category":"Technical flow properties","refUnit":"kg"}},{"@type":"Exchange","isAvoidedProduct":false,"isInput":false,"amount":1.0E-5,"description":"This data was reported by fewer than three companies.  To indicate known emissions while protecting the confidentiality of individual company responses, the emission is reported only by order of magnitude.","internalId":19,"flow":{"@type":"Flow","@id":"924cc8cf-ddf6-3b1a-9fbe-489c095c1f01","name":"Chemical Oxygen Demand","category":"Elementary Flows/emission/water","flowType":"ELEMENTARY_FLOW","refUnit":"kg"},"unit":{"@type":"Unit","@id":"20aadc24-a391-41cf-b340-3e4529f44bde","name":"kg"},"flowProperty":{"@type":"FlowProperty","@id":"93a60a56-a3c8-11da-a746-0800200b9a66","name":"Mass","category":"Technical flow properties","refUnit":"kg"}},{"@type":"Exchange","isAvoidedProduct":false,"isInput":true,"amount":0.064,"internalId":185,"flow":{"@type":"Flow","@id":"bc8e6793-7071-3c12-bac4-bb5adcb44f79","name":"Nitrogen, liquid, at plant","category":"Technosphere Flows/CUTOFF Flows","flowType":"PRODUCT_FLOW","refUnit":"kg"},"unit":{"@type":"Unit","@id":"20aadc24-a391-41cf-b340-3e4529f44bde","name":"kg"},"flowProperty":{"@type":"FlowProperty","@id":"93a60a56-a3c8-11da-a746-0800200b9a66","name":"Mass","category":"Technical flow properties","refUnit":"kg"}},{"@type":"Exchange","isAvoidedProduct":false,"isInput":false,"amount":0.01,"description":"This data was reported by fewer than three companies.  To indicate known emissions while protecting the confidentiality of individual company responses, the emission is reported only by order of magnitude.","internalId":80,"flow":{"@type":"Flow","@id":"b6f010fb-a764-3063-af2d-bcb8309a97b7","name":"Carbon dioxide","category":"Elementary Flows/emission/air","flowType":"ELEMENTARY_FLOW","refUnit":"kg"},"unit":{"@type":"Unit","@id":"20aadc24-a391-41cf-b340-3e4529f44bde","name":"kg"},"flowProperty":{"@type":"FlowProperty","@id":"93a60a56-a3c8-11da-a746-0800200b9a66","name":"Mass","category":"Technical flow properties","refUnit":"kg"}},{"@type":"Exchange","isAvoidedProduct":false,"isInput":true,"amount":0.034,"internalId":187,"flow":{"@type":"Flow","@id":"ea8515c5-e3d4-4f42-a856-67a9b85b30a0","name":"Natural gas, combusted in industrial boiler","category":"Technosphere Flows/22: Utilities/2213: Water, Sewage and Other Systems","flowType":"PRODUCT_FLOW","location":"RNA","refUnit":"m3"},"unit":{"@type":"Unit","@id":"1c3a9695-398d-4b1f-b07e-a8715b610f70","name":"m3"},"flowProperty":{"@type":"FlowProperty","@id":"93a60a56-a3c8-22da-a746-0800200c9a66","name":"Volume","category":"Technical flow properties","refUnit":"m3"},"defaultProvider":{"@type":"Process","@id":"759a9b22-1de5-49fe-ac1d-0c287b2ef93e","name":"Natural gas, combusted in industrial boiler","category":"22: Utilities/2213: Water, Sewage and Other Systems","processType":"UNIT_PROCESS","flowType":"PRODUCT_FLOW","location":"RNA"}}],"socialAspects":[],"allocationFactors":[]}