{"@type":"Process","@id":"3ca7a144-e2f3-4963-8c63-768cf0853cee","name":"Petroleum refined, for energy use, at plant","description":"Bridge process created to allow for petroleum supply chain updates and to separately track energy of material use (EMR) vs. energy use in consuming supply chains; created by USLCI Data Curator 2020_Q4\r\n","category":"31-33: Manufacturing/3241: Petroleum and Coal Products Manufacturing","version":"00.00.009","lastChange":"2021-04-08T01:32:34.422Z","processType":"UNIT_PROCESS","defaultAllocationMethod":"NO_ALLOCATION","isInfrastructureProcess":false,"processDocumentation":{"isCopyrightProtected":false,"creationDate":"2021-01-07T14:02:01.553"},"lastInternalId":5,"parameters":[],"exchanges":[{"@type":"Exchange","isAvoidedProduct":false,"isInput":false,"amount":1.0,"internalId":5,"flow":{"@type":"Flow","@id":"b022d34e-2838-4494-8a84-9b6aa57e575a","name":"Petroleum refined, to energy use, at refinery","category":"Technosphere Flows/31-33: Manufacturing/3241: Petroleum and Coal Products Manufacturing","flowType":"PRODUCT_FLOW","refUnit":"kg"},"unit":{"@type":"Unit","@id":"20aadc24-a391-41cf-b340-3e4529f44bde","name":"kg"},"flowProperty":{"@type":"FlowProperty","@id":"93a60a56-a3c8-11da-a746-0800200b9a66","name":"Mass","category":"Technical flow properties","refUnit":"kg"},"isQuantitativeReference":true},{"@type":"Exchange","isAvoidedProduct":false,"isInput":true,"amount":1.0,"internalId":4,"flow":{"@type":"Flow","@id":"5f96ad43-abab-3b62-bcf8-c71f9d6c7881","name":"Petroleum refining coproduct, at refinery","category":"Technosphere Flows/31-33: Manufacturing/3241: Petroleum and Coal Products Manufacturing","flowType":"PRODUCT_FLOW","location":"RNA","refUnit":"kg"},"unit":{"@type":"Unit","@id":"20aadc24-a391-41cf-b340-3e4529f44bde","name":"kg"},"flowProperty":{"@type":"FlowProperty","@id":"93a60a56-a3c8-11da-a746-0800200b9a66","name":"Mass","category":"Technical flow properties","refUnit":"kg"},"defaultProvider":{"@type":"Process","@id":"0aaf1e13-5d80-37f9-b7bb-81a6b8965c71","name":"Petroleum refining, at refinery","category":"31-33: Manufacturing/3241: Petroleum and Coal Products Manufacturing","processType":"UNIT_PROCESS","flowType":"PRODUCT_FLOW","location":"RNA"}}],"socialAspects":[],"allocationFactors":[]}