{"@type":"Process","@id":"91571e55-4206-342f-a01b-bd143cbdfe4e","name":"Electricity, at Grid, SERC, 2010","description":"The methodology used to put together the grid information is outlined in reference 1.  ","category":"22: Utilities/2211: Electric Power Generation, Transmission and Distribution","version":"00.00.004","lastChange":"2023-12-22T15:29:10.821Z","processType":"UNIT_PROCESS","defaultAllocationMethod":"NO_ALLOCATION","isInfrastructureProcess":false,"location":{"@type":"Location","@id":"b320e7db-c758-3ba6-8839-81eb83c9d7d7","name":"Northern America"},"processDocumentation":{"technologyDescription":"Typical","samplingDescription":"based on EIA electricity reports for all power plants in the US.","restrictionsDescription":"All information can be accessed by everybody.","isCopyrightProtected":false,"geographyDescription":"Alabama, Georgia, Mississippi, North Carolina, South Carolina and parts of Arkansas, Florida, Illinois, Iowa, Kentucky, Louisiana, Missouri, Tennessee, Texas and Virginia.","creationDate":"2012-07-13T02:40:19","validFrom":"2009-12-31","validUntil":"2009-12-31","dataDocumentor":{"@type":"Actor","@id":"7eec42b2-044c-32d5-ba52-37dc620a8e8c","name":"Samantha Wascavage","category":"Persons"},"dataGenerator":{"@type":"Actor","@id":"7eec42b2-044c-32d5-ba52-37dc620a8e8c","name":"Samantha Wascavage","category":"Persons"},"publication":{"@type":"Source","@id":"ad88e2f4-7a4b-3023-b6c0-98455da045a4","name":"Chris Goemans, Athena Institute "},"sources":[{"@type":"Source","@id":"34e1a333-fe0a-3ae0-ad0c-57ae1ae71f51","name":"Statistics Canada "},{"@type":"Source","@id":"5d226c19-069b-36ae-80e9-58e9d777db9b","name":"EIA "},{"@type":"Source","@id":"642c8c9e-f878-354b-9c20-cfddabfb4069","name":"EIA "},{"@type":"Source","@id":"ad88e2f4-7a4b-3023-b6c0-98455da045a4","name":"Chris Goemans, Athena Institute "},{"@type":"Source","@id":"64919081-611f-3efd-b96d-02a1229ca21b","name":"EIA "},{"@type":"Source","@id":"ecacd91d-bda8-3721-bf6d-003fbf436115","name":"USEPA "},{"@type":"Source","@id":"c188ae7d-35b7-3d80-afc2-cbd39b62fe35","name":"EIA "},{"@type":"Source","@id":"6b76fbfd-4d65-3fd4-8072-19feca1e995a","name":"USEPA "},{"@type":"Source","@id":"4786f249-8ac4-38ec-9009-92a22bc249e6","name":"US DOE "},{"@type":"Source","@id":"18c53a57-b7d5-329b-bb2c-d3483a8e3dc3","name":"Statistics Canada "},{"@type":"Source","@id":"d20644b1-412d-3a89-8a74-255e6ed99bc2","name":"EIA "},{"@type":"Source","@id":"1f26e97b-5b51-3012-b434-0214ce0bed3a","name":"EIA "},{"@type":"Source","@id":"c8d6aba6-60cb-34db-860a-39f4310e2ce5","name":"EIA "},{"@type":"Source","@id":"9fe6d8ce-076b-3a8e-9942-444131d2601e","name":"EIA "},{"@type":"Source","@id":"8e6f7063-8b89-3158-8d89-cfb2b2e39fa3","name":"International Energy Agency "},{"@type":"Source","@id":"a70f484f-d045-3886-8828-ce8693f81749","name":"EIA "},{"@type":"Source","@id":"a0ab057c-20a4-3758-9a6c-f0f6d5880d8f","name":"Statistics Canada "},{"@type":"Source","@id":"f3f065d7-7f0e-3bde-81c6-3e1a68e125bf","name":"EIA "},{"@type":"Source","@id":"13e031d0-2a4a-3a09-b8ea-64db09e387f6","name":"unspecified "},{"@type":"Source","@id":"a01ef3a3-98d4-37fd-95c2-c02b165f7c8a","name":"Statistics Canada "},{"@type":"Source","@id":"ea82a117-1886-3951-82b5-2e61f3d033a7","name":"Statistics Canada "}]},"lastInternalId":17,"parameters":[],"exchanges":[{"@type":"Exchange","isAvoidedProduct":false,"isInput":false,"amount":1.0,"internalId":1,"flow":{"@type":"Flow","@id":"06581fb2-1de0-3e78-8298-f37605dea142","name":"Electricity, at grid","category":"Technosphere Flows/22: Utilities/2211: Electric Power Generation, Transmission and Distribution","flowType":"PRODUCT_FLOW","location":"RNA","refUnit":"MJ"},"unit":{"@type":"Unit","@id":"86ad2244-1f0e-4912-af53-7865283103e4","name":"kWh"},"flowProperty":{"@type":"FlowProperty","@id":"f6811440-ee37-11de-8a39-0800200c9a66","name":"Energy","category":"Technical flow properties","refUnit":"MJ"},"isQuantitativeReference":true},{"@type":"Exchange","isAvoidedProduct":false,"isInput":true,"amount":0.003897,"description":"PC, SG, WO  – Petroleum Coke","internalId":2,"flow":{"@type":"Flow","@id":"b31ba1d1-fb4b-3b9e-96c2-1e042fec4e84","name":"Electricity, petroleum coke, at power plant","category":"Technosphere Flows/CUTOFF Flows","flowType":"PRODUCT_FLOW","refUnit":"MJ"},"unit":{"@type":"Unit","@id":"86ad2244-1f0e-4912-af53-7865283103e4","name":"kWh"},"flowProperty":{"@type":"FlowProperty","@id":"f6811440-ee37-11de-8a39-0800200c9a66","name":"Energy","category":"Technical flow properties","refUnit":"MJ"}},{"@type":"Exchange","isAvoidedProduct":false,"isInput":true,"amount":0.002148,"description":"OG, BFG, PG – Other Gas (Butane, Coal Processes, Coke-Oven, Refinery, and other processes)","internalId":14,"flow":{"@type":"Flow","@id":"7b8d7c56-1021-37b6-be2c-3c92d8b9f026","name":"Electricity, other gases, unspecified,  at power plant","category":"Technosphere Flows/CUTOFF Flows","flowType":"PRODUCT_FLOW","refUnit":"MJ"},"unit":{"@type":"Unit","@id":"86ad2244-1f0e-4912-af53-7865283103e4","name":"kWh"},"flowProperty":{"@type":"FlowProperty","@id":"f6811440-ee37-11de-8a39-0800200c9a66","name":"Energy","category":"Technical flow properties","refUnit":"MJ"}},{"@type":"Exchange","isAvoidedProduct":false,"isInput":true,"amount":9.51E-4,"description":"RFO  – Residual Fuel Oil (includes No. 5 and No. 6 Fuel Oils and Bunker C Fuel Oil)","internalId":8,"flow":{"@type":"Flow","@id":"f7d232cc-70aa-3669-a4e4-d1083d248e69","name":"Electricity, residual fuel oil, at power plant","category":"Technosphere Flows/22: Utilities/2211: Electric Power Generation, Transmission and Distribution","flowType":"PRODUCT_FLOW","location":"RNA","refUnit":"MJ"},"unit":{"@type":"Unit","@id":"86ad2244-1f0e-4912-af53-7865283103e4","name":"kWh"},"flowProperty":{"@type":"FlowProperty","@id":"f6811440-ee37-11de-8a39-0800200c9a66","name":"Energy","category":"Technical flow properties","refUnit":"MJ"},"defaultProvider":{"@type":"Process","@id":"e391a117-69ae-3550-987a-8f28a1444eb9","name":"Electricity, residual fuel oil, at power plant","category":"22: Utilities/2211: Electric Power Generation, Transmission and Distribution","processType":"UNIT_PROCESS","flowType":"PRODUCT_FLOW","location":"RNA"}},{"@type":"Exchange","isAvoidedProduct":false,"isInput":true,"amount":0.00564,"description":"AB, MSB, MSW, OBS, TDF, WDS – Agriculture Crop By-products / Straw / Energy Crops","internalId":12,"flow":{"@type":"Flow","@id":"50a39fc4-b698-37e8-b8f9-0142a6ef76ce","name":"Electricity, biomass, solid, agriculture by-products, at power plant","category":"Technosphere Flows/CUTOFF Flows","flowType":"PRODUCT_FLOW","refUnit":"MJ"},"unit":{"@type":"Unit","@id":"86ad2244-1f0e-4912-af53-7865283103e4","name":"kWh"},"flowProperty":{"@type":"FlowProperty","@id":"f6811440-ee37-11de-8a39-0800200c9a66","name":"Energy","category":"Technical flow properties","refUnit":"MJ"}},{"@type":"Exchange","isAvoidedProduct":false,"isInput":true,"amount":0.332508,"description":"BIT, SC, SGC, WC - Anthracite Coal, and Bituminous Coal.  ","internalId":10,"flow":{"@type":"Flow","@id":"737e3efb-29d4-3b9d-8d78-6269508c1f59","name":"Electricity, bituminous coal, at power plant","category":"Technosphere Flows/22: Utilities/2211: Electric Power Generation, Transmission and Distribution","flowType":"PRODUCT_FLOW","location":"RNA","refUnit":"MJ"},"unit":{"@type":"Unit","@id":"86ad2244-1f0e-4912-af53-7865283103e4","name":"kWh"},"flowProperty":{"@type":"FlowProperty","@id":"f6811440-ee37-11de-8a39-0800200c9a66","name":"Energy","category":"Technical flow properties","refUnit":"MJ"},"defaultProvider":{"@type":"Process","@id":"66280f03-b26f-35c4-bda2-3d4a8652943a","name":"Electricity, bituminous coal, at power plant","category":"22: Utilities/2211: Electric Power Generation, Transmission and Distribution","processType":"UNIT_PROCESS","flowType":"PRODUCT_FLOW","location":"RNA"}},{"@type":"Exchange","isAvoidedProduct":false,"isInput":true,"amount":6.36E-4,"description":"LFG, OBG  – Landfill Gas","internalId":6,"flow":{"@type":"Flow","@id":"7f11b3fc-4396-3cb0-b1c6-4016a7c31533","name":"Electricity, biomass, gas, landfill, at power plant","category":"Technosphere Flows/CUTOFF Flows","flowType":"PRODUCT_FLOW","refUnit":"MJ"},"unit":{"@type":"Unit","@id":"86ad2244-1f0e-4912-af53-7865283103e4","name":"kWh"},"flowProperty":{"@type":"FlowProperty","@id":"f6811440-ee37-11de-8a39-0800200c9a66","name":"Energy","category":"Technical flow properties","refUnit":"MJ"}},{"@type":"Exchange","isAvoidedProduct":false,"isInput":true,"amount":0.2484595,"description":"NUC – Nuclear (Uranium, Plutonium, Thorium)","internalId":15,"flow":{"@type":"Flow","@id":"9e321869-bd1f-3c93-8528-8f198de2fa2b","name":"Electricity, nuclear, at power plant","category":"Technosphere Flows/22: Utilities/2211: Electric Power Generation, Transmission and Distribution","flowType":"PRODUCT_FLOW","location":"RNA","refUnit":"MJ"},"unit":{"@type":"Unit","@id":"86ad2244-1f0e-4912-af53-7865283103e4","name":"kWh"},"flowProperty":{"@type":"FlowProperty","@id":"f6811440-ee37-11de-8a39-0800200c9a66","name":"Energy","category":"Technical flow properties","refUnit":"MJ"},"defaultProvider":{"@type":"Process","@id":"2b091e0d-d0de-31a1-89db-3f51a9c5cf12","name":"Electricity, nuclear, at power plant","category":"22: Utilities/2211: Electric Power Generation, Transmission and Distribution","processType":"UNIT_PROCESS","flowType":"PRODUCT_FLOW","location":"RNA"}},{"@type":"Exchange","isAvoidedProduct":false,"isInput":true,"amount":6.61E-4,"description":"WND  – Wind","internalId":16,"flow":{"@type":"Flow","@id":"8ca9c802-e837-30d6-a921-3bc7ea7d8448","name":"Electricity, at wind power plant, unspecified","category":"Technosphere Flows/CUTOFF Flows","flowType":"PRODUCT_FLOW","refUnit":"MJ"},"unit":{"@type":"Unit","@id":"86ad2244-1f0e-4912-af53-7865283103e4","name":"kWh"},"flowProperty":{"@type":"FlowProperty","@id":"f6811440-ee37-11de-8a39-0800200c9a66","name":"Energy","category":"Technical flow properties","refUnit":"MJ"}},{"@type":"Exchange","isAvoidedProduct":false,"isInput":true,"amount":0.003065,"description":"LIG – Lignite Coal","internalId":4,"flow":{"@type":"Flow","@id":"a9f6971f-58a0-30b0-af5c-a36d11fe487f","name":"Electricity, lignite coal, at power plant","category":"Technosphere Flows/22: Utilities/2211: Electric Power Generation, Transmission and Distribution","flowType":"PRODUCT_FLOW","location":"RNA","refUnit":"MJ"},"unit":{"@type":"Unit","@id":"86ad2244-1f0e-4912-af53-7865283103e4","name":"kWh"},"flowProperty":{"@type":"FlowProperty","@id":"f6811440-ee37-11de-8a39-0800200c9a66","name":"Energy","category":"Technical flow properties","refUnit":"MJ"},"defaultProvider":{"@type":"Process","@id":"5b26dd62-5ab0-3822-b39c-6aa187efc9e5","name":"Electricity, lignite coal, at power plant","category":"22: Utilities/2211: Electric Power Generation, Transmission and Distribution","processType":"UNIT_PROCESS","flowType":"PRODUCT_FLOW","location":"RNA"}},{"@type":"Exchange","isAvoidedProduct":false,"isInput":true,"amount":0.009346,"description":"BLQ, OBL, SLW, WDL  – Black Liquor","internalId":5,"flow":{"@type":"Flow","@id":"29ae9fce-0435-3a0a-bedc-1ee78b6b4b3e","name":"Electricity, biomass,liquid, unspecified, at power plant","category":"Technosphere Flows/CUTOFF Flows","flowType":"PRODUCT_FLOW","refUnit":"MJ"},"unit":{"@type":"Unit","@id":"86ad2244-1f0e-4912-af53-7865283103e4","name":"kWh"},"flowProperty":{"@type":"FlowProperty","@id":"f6811440-ee37-11de-8a39-0800200c9a66","name":"Energy","category":"Technical flow properties","refUnit":"MJ"}},{"@type":"Exchange","isAvoidedProduct":false,"isInput":true,"amount":0.029761,"description":"WAT  – Water (Conventional, Pumped Storage)","internalId":11,"flow":{"@type":"Flow","@id":"4b4d38d5-b196-3075-8f90-27fa7e45d92b","name":"Electricity, hydropower, at power plant, unspecified","category":"Technosphere Flows/CUTOFF Flows","flowType":"PRODUCT_FLOW","refUnit":"MJ"},"unit":{"@type":"Unit","@id":"86ad2244-1f0e-4912-af53-7865283103e4","name":"kWh"},"flowProperty":{"@type":"FlowProperty","@id":"f6811440-ee37-11de-8a39-0800200c9a66","name":"Energy","category":"Technical flow properties","refUnit":"MJ"}},{"@type":"Exchange","isAvoidedProduct":false,"isInput":true,"amount":0.004524,"description":"DFO, JF, KER  – Distillate Fuel Oil (includes all Diesel and No. 1, No. 2, and No. 4 Fuel Oils) ","internalId":9,"flow":{"@type":"Flow","@id":"1e68baef-0ed7-37bb-9919-61963f9fbd08","name":"Electricity, diesel, at power plant","category":"Technosphere Flows/22: Utilities/2211: Electric Power Generation, Transmission and Distribution","flowType":"PRODUCT_FLOW","location":"RNA","refUnit":"MJ"},"unit":{"@type":"Unit","@id":"86ad2244-1f0e-4912-af53-7865283103e4","name":"kWh"},"flowProperty":{"@type":"FlowProperty","@id":"f6811440-ee37-11de-8a39-0800200c9a66","name":"Energy","category":"Technical flow properties","refUnit":"MJ"},"defaultProvider":{"@type":"Process","@id":"4b3de918-4d30-3184-bdaa-60d8575c5af4","name":"Electricity, diesel, at power plant","category":"22: Utilities/2211: Electric Power Generation, Transmission and Distribution","processType":"UNIT_PROCESS","flowType":"PRODUCT_FLOW","location":"RNA"}},{"@type":"Exchange","isAvoidedProduct":false,"isInput":true,"amount":0.001542,"description":"OTH, MSN, PUR, WH  – Other (Batteries, Chemicals, Coke Breeze, Hydrogen, Pitch, Sulfur, Tar Coal, and miscellaneous technologies)","internalId":13,"flow":{"@type":"Flow","@id":"6e9f8d2d-5ce1-3e64-8130-5ec0b62ca7d1","name":"Electricity, other fuels, unspecified, at power plant","category":"Technosphere Flows/CUTOFF Flows","flowType":"PRODUCT_FLOW","refUnit":"MJ"},"unit":{"@type":"Unit","@id":"86ad2244-1f0e-4912-af53-7865283103e4","name":"kWh"},"flowProperty":{"@type":"FlowProperty","@id":"f6811440-ee37-11de-8a39-0800200c9a66","name":"Energy","category":"Technical flow properties","refUnit":"MJ"}},{"@type":"Exchange","isAvoidedProduct":false,"isInput":true,"amount":0.1480245,"description":"SUB – Subbituminous Coal ","internalId":7,"flow":{"@type":"Flow","@id":"737e3efb-29d4-3b9d-8d78-6269508c1f59","name":"Electricity, bituminous coal, at power plant","category":"Technosphere Flows/22: Utilities/2211: Electric Power Generation, Transmission and Distribution","flowType":"PRODUCT_FLOW","location":"RNA","refUnit":"MJ"},"unit":{"@type":"Unit","@id":"86ad2244-1f0e-4912-af53-7865283103e4","name":"kWh"},"flowProperty":{"@type":"FlowProperty","@id":"f6811440-ee37-11de-8a39-0800200c9a66","name":"Energy","category":"Technical flow properties","refUnit":"MJ"},"defaultProvider":{"@type":"Process","@id":"66280f03-b26f-35c4-bda2-3d4a8652943a","name":"Electricity, bituminous coal, at power plant","category":"22: Utilities/2211: Electric Power Generation, Transmission and Distribution","processType":"UNIT_PROCESS","flowType":"PRODUCT_FLOW","location":"RNA"}},{"@type":"Exchange","isAvoidedProduct":false,"isInput":true,"amount":0.189805,"description":"NG  – Natural Gas","internalId":17,"flow":{"@type":"Flow","@id":"b987f4a8-2cb3-4cdf-9036-9494a09855e2","name":"Electricity, natural gas, at power plant","category":"Technosphere Flows/22: Utilities/2211: Electric Power Generation, Transmission and Distribution","flowType":"PRODUCT_FLOW","location":"RNA","refUnit":"MJ"},"unit":{"@type":"Unit","@id":"52765a6c-3896-43c2-b2f4-c679acf13efe","name":"MJ"},"flowProperty":{"@type":"FlowProperty","@id":"f6811440-ee37-11de-8a39-0800200c9a66","name":"Energy","category":"Technical flow properties","refUnit":"MJ"},"defaultProvider":{"@type":"Process","@id":"fa379f16-c09a-4e70-8595-45c69162215c","name":"Electricity, natural gas, at power plant","category":"22: Utilities/2211: Electric Power Generation, Transmission and Distribution","processType":"UNIT_PROCESS","flowType":"PRODUCT_FLOW","location":"RNA"}}],"socialAspects":[],"allocationFactors":[]}