{"@context":"http://greendelta.github.io/olca-schema/context.jsonld","@type":"Process","@id":"cdc143eb-fff8-3618-85cd-bce83d96390f","name":"Veneer, hardwood, green, at veneer mill, E","description":"All weights given on an ovendry basis. All moisture contents are on an ovendry basis.  MC% \u003d(weight of water in wood / weight of oven dry wood) *100. Reference to specific gravities use oven dry mass and volumes at specified moisture contents.  Reference to densities use mass and volume at specified moistrue contents.\n\nImportant note: although most of the data in the US LCI database has \nundergone some sort of review, the database as a whole has not yet \nundergone a formal validation process.\nPlease email comments to lci@nrel.gov.","version":"00.00.008","lastChange":"2021-09-30T22:57:53.961-04:00","category":{"@type":"Category","@id":"da6eb560-3684-3583-88f4-c1864b109350","name":"3212: Veneer, Plywood, and Engineered Wood Product Manufacturing","categoryPath":["31-33: Manufacturing"],"categoryType":"Process"},"processType":"UNIT_PROCESS","defaultAllocationMethod":"PHYSICAL_ALLOCATION","infrastructureProcess":false,"location":{"@type":"Location","@id":"0b3b97fa-6688-3c56-88ee-4ae80ec0c3c2","name":"United States"},"processDocumentation":{"@type":"ProcessDocumentation","technologyDescription":"Typical","samplingDescription":"Questionnaires from  4 veneer mills and 5 flooring plants in the E. United States representing 32 states.","restrictionsDescription":"All information can be accessed by everybody.","copyright":false,"validFrom":"2006-12-31-05:00","validUntil":"2006-12-31-05:00","creationDate":"2013-04-09T09:00:06-04:00","intendedApplication":"Only mass allocation factors are available for the multi-functional processes (disregard economic allocation factor values-they are mass allocation factors).","geographyDescription":"E\u003d Eastern US United States. The states included MN, IA, MO, WI, IL, NJ, OH, IN, MI, WV, PA, MD, DW, NJ, NY, ME, VT, NH, RI, MA, CT, VA, KY, AR, LA, MS, AL, FL,GA, NC, SC, and TN","dataDocumentor":{"@type":"Actor","@id":"ae081e38-d629-3c22-86de-dbc3bb038016","name":"Maureen Puetmann"},"dataGenerator":{"@type":"Actor","@id":"ae081e38-d629-3c22-86de-dbc3bb038016","name":"Maureen Puetmann"},"publication":{"@type":"Source","@id":"90575c97-9cbe-3bfb-979d-e6986f221aaf","name":"Richard D. Bergman "},"sources":[{"@type":"Source","@id":"90575c97-9cbe-3bfb-979d-e6986f221aaf","name":"Richard D. Bergman "}]},"lastInternalId":0,"exchanges":[{"@type":"Exchange","avoidedProduct":false,"input":false,"amount":1.0,"description":"Weight reported on an ovendry basis.  Moisture content (ovendry basis) \u003d 85%","internalId":1,"flow":{"@type":"Flow","@id":"a339abd8-8eaf-3163-862c-85d7eeba2868","name":"Veneer; hardwood; green; at veneer mill","categoryPath":["Technosphere Flows","31-33: Manufacturing","3212: Veneer, Plywood, and Engineered Wood Product Manufacturing"],"flowType":"PRODUCT_FLOW","location":"US","refUnit":"kg"},"unit":{"@type":"Unit","@id":"20aadc24-a391-41cf-b340-3e4529f44bde","name":"kg"},"flowProperty":{"@type":"FlowProperty","@id":"93a60a56-a3c8-11da-a746-0800200b9a66","name":"Mass","categoryPath":["Technical flow properties"]},"quantitativeReference":true},{"@type":"Exchange","avoidedProduct":false,"input":false,"amount":0.32965,"description":"Weight reported on an ovendry basis.  Moisture content (ovendry basis) \u003d 85%","internalId":3,"flow":{"@type":"Flow","@id":"086e1013-f898-357f-b6af-da332554166e","name":"Wood fuel; hardwood; green; at veneer mill","categoryPath":["Technosphere Flows","31-33: Manufacturing","3212: Veneer, Plywood, and Engineered Wood Product Manufacturing"],"flowType":"PRODUCT_FLOW","location":"US","refUnit":"kg"},"unit":{"@type":"Unit","@id":"20aadc24-a391-41cf-b340-3e4529f44bde","name":"kg"},"flowProperty":{"@type":"FlowProperty","@id":"93a60a56-a3c8-11da-a746-0800200b9a66","name":"Mass","categoryPath":["Technical flow properties"]}},{"@type":"Exchange","avoidedProduct":false,"input":true,"amount":8.1584E-7,"description":"Amount of natural gas consumed during conditioning.  Represents 14.3% of mill use of natural gas; proxy for propane","internalId":4,"defaultProvider":{"@type":"Process","@id":"7b7babef-a97a-3510-88f2-ee70aa1fa03b","name":"Natural gas, combusted in industrial equipment","categoryPath":["22: Utilities","2213: Water, Sewage and Other Systems"],"processType":"UNIT_PROCESS","location":"RNA"},"flow":{"@type":"Flow","@id":"9dfc02c2-db7e-3c19-b120-165cab1a22c5","name":"Natural gas, combusted in industrial equipment, 1.357 m3/kg, 52.13 MJ/kg","categoryPath":["Technosphere Flows","22: Utilities","2213: Water, Sewage and Other Systems"],"flowType":"PRODUCT_FLOW","location":"RNA","refUnit":"m3"},"unit":{"@type":"Unit","@id":"1c3a9695-398d-4b1f-b07e-a8715b610f70","name":"m3"},"flowProperty":{"@type":"FlowProperty","@id":"93a60a56-a3c8-22da-a746-0800200c9a66","name":"Volume","categoryPath":["Technical flow properties"]}},{"@type":"Exchange","avoidedProduct":false,"input":false,"amount":0.98158,"description":"Weight reported on an ovendry basis.  Moisture content (ovendry basis) \u003d 85%","internalId":7,"flow":{"@type":"Flow","@id":"32fd72b1-79cd-3dd0-818e-5f46a8b74c57","name":"Wood chips; hardwood; green; at veneer mill","categoryPath":["Technosphere Flows","31-33: Manufacturing","3212: Veneer, Plywood, and Engineered Wood Product Manufacturing"],"flowType":"PRODUCT_FLOW","location":"US","refUnit":"kg"},"unit":{"@type":"Unit","@id":"20aadc24-a391-41cf-b340-3e4529f44bde","name":"kg"},"flowProperty":{"@type":"FlowProperty","@id":"93a60a56-a3c8-11da-a746-0800200b9a66","name":"Mass","categoryPath":["Technical flow properties"]}},{"@type":"Exchange","avoidedProduct":false,"input":true,"amount":0.24504,"description":"Amount of electricity consumed during conditions.  Represents 60% of mill use of electricity. ","internalId":8,"defaultProvider":{"@type":"Process","@id":"e5856077-a966-4692-9d10-e747237d4fa6","name":"Electricity, Eastern US, 2014","categoryPath":["22: Utilities","2211: Electric Power Generation, Transmission and Distribution"],"processType":"UNIT_PROCESS","location":"US"},"flow":{"@type":"Flow","@id":"06581fb2-1de0-3e78-8298-f37605dea142","name":"Electricity, at grid","categoryPath":["Technosphere Flows","22: Utilities","2211: Electric Power Generation, Transmission and Distribution"],"flowType":"PRODUCT_FLOW","location":"RNA","refUnit":"MJ"},"unit":{"@type":"Unit","@id":"86ad2244-1f0e-4912-af53-7865283103e4","name":"kWh"},"flowProperty":{"@type":"FlowProperty","@id":"f6811440-ee37-11de-8a39-0800200c9a66","name":"Energy","categoryPath":["Technical flow properties"]}},{"@type":"Exchange","avoidedProduct":false,"input":true,"amount":6.5377E-4,"description":"Amount of diesel consumed during conditioning.  Represents 5% of mill use of diesel","internalId":2,"defaultProvider":{"@type":"Process","@id":"d6ad7035-5498-3237-8abd-50e93b1eef89","name":"Diesel, combusted in industrial equipment","categoryPath":["22: Utilities","2213: Water, Sewage and Other Systems"],"processType":"UNIT_PROCESS","location":"RNA"},"flow":{"@type":"Flow","@id":"d815ff18-015c-3afb-be18-be03bdf325da","name":"Diesel, combusted in industrial equipment","categoryPath":["Technosphere Flows","22: Utilities","2213: Water, Sewage and Other Systems"],"flowType":"PRODUCT_FLOW","location":"RNA","refUnit":"m3"},"unit":{"@type":"Unit","@id":"b80a512e-e402-4363-8ad0-7d02dcf4a459","name":"l"},"flowProperty":{"@type":"FlowProperty","@id":"93a60a56-a3c8-22da-a746-0800200c9a66","name":"Volume","categoryPath":["Technical flow properties"]}},{"@type":"Exchange","avoidedProduct":false,"input":true,"amount":1.5783E-4,"description":"Amount of gasoline consumed during conditioning.  Represents 14.3% of mill use of gasoline.","internalId":6,"defaultProvider":{"@type":"Process","@id":"d3e13675-1455-375f-a557-bb8234de75ff","name":"Gasoline, combusted in equipment","categoryPath":["22: Utilities","2213: Water, Sewage and Other Systems"],"processType":"UNIT_PROCESS","location":"RNA"},"flow":{"@type":"Flow","@id":"bc38e349-1ccf-3855-a615-a4f581ab875b","name":"Gasoline, combusted in equipment","categoryPath":["Technosphere Flows","22: Utilities","2213: Water, Sewage and Other Systems"],"flowType":"PRODUCT_FLOW","location":"RNA","refUnit":"m3"},"unit":{"@type":"Unit","@id":"b80a512e-e402-4363-8ad0-7d02dcf4a459","name":"l"},"flowProperty":{"@type":"FlowProperty","@id":"93a60a56-a3c8-22da-a746-0800200c9a66","name":"Volume","categoryPath":["Technical flow properties"]}},{"@type":"Exchange","avoidedProduct":false,"input":true,"amount":0.0045318,"description":"Based on a weighted average  specific gravity 0.510. 2.46 M3 \u003d 1255 KG  Moisture content (ovendry basis) \u003d 85%.    ","internalId":5,"defaultProvider":{"@type":"Process","@id":"eef00fd7-dbc0-3f3e-b012-56731b6b2e91","name":"Conditioned log, hardwood, green, at veneer mill, E","categoryPath":["31-33: Manufacturing","3212: Veneer, Plywood, and Engineered Wood Product Manufacturing"],"processType":"UNIT_PROCESS","location":"US"},"flow":{"@type":"Flow","@id":"0776e600-7518-3fc8-bd33-1581b895bbfb","name":"Conditioned log; hardwood; green; at veneer mill","categoryPath":["Technosphere Flows","31-33: Manufacturing","3212: Veneer, Plywood, and Engineered Wood Product Manufacturing"],"flowType":"PRODUCT_FLOW","location":"US","refUnit":"m3"},"unit":{"@type":"Unit","@id":"1c3a9695-398d-4b1f-b07e-a8715b610f70","name":"m3"},"flowProperty":{"@type":"FlowProperty","@id":"93a60a56-a3c8-22da-a746-0800200c9a66","name":"Volume","categoryPath":["Technical flow properties"]}}],"allocationFactors":[{"@type":"AllocationFactor","allocationType":"ECONOMIC_ALLOCATION","product":{"@type":"Flow","@id":"086e1013-f898-357f-b6af-da332554166e","name":"Wood fuel; hardwood; green; at veneer mill","categoryPath":["Technosphere Flows","31-33: Manufacturing","3212: Veneer, Plywood, and Engineered Wood Product Manufacturing"],"flowType":"PRODUCT_FLOW","location":"US","refUnit":"kg"},"value":0.14262968203078014},{"@type":"AllocationFactor","allocationType":"CAUSAL_ALLOCATION","exchange":{"@type":"Exchange","internalId":5,"flow":{"@type":"Flow","@id":"0776e600-7518-3fc8-bd33-1581b895bbfb","name":"Conditioned log; hardwood; green; at veneer mill","categoryPath":["Technosphere Flows","31-33: Manufacturing","3212: Veneer, Plywood, and Engineered Wood Product Manufacturing"],"flowType":"PRODUCT_FLOW","location":"US","refUnit":"m3"}},"product":{"@type":"Flow","@id":"32fd72b1-79cd-3dd0-818e-5f46a8b74c57","name":"Wood chips; hardwood; green; at veneer mill","categoryPath":["Technosphere Flows","31-33: Manufacturing","3212: Veneer, Plywood, and Engineered Wood Product Manufacturing"],"flowType":"PRODUCT_FLOW","location":"US","refUnit":"kg"},"value":0.42470026782276105},{"@type":"AllocationFactor","allocationType":"CAUSAL_ALLOCATION","exchange":{"@type":"Exchange","internalId":4,"flow":{"@type":"Flow","@id":"9dfc02c2-db7e-3c19-b120-165cab1a22c5","name":"Natural gas, combusted in industrial equipment, 1.357 m3/kg, 52.13 MJ/kg","categoryPath":["Technosphere Flows","22: Utilities","2213: Water, Sewage and Other Systems"],"flowType":"PRODUCT_FLOW","location":"RNA","refUnit":"m3"}},"product":{"@type":"Flow","@id":"a339abd8-8eaf-3163-862c-85d7eeba2868","name":"Veneer; hardwood; green; at veneer mill","categoryPath":["Technosphere Flows","31-33: Manufacturing","3212: Veneer, Plywood, and Engineered Wood Product Manufacturing"],"flowType":"PRODUCT_FLOW","location":"US","refUnit":"kg"},"value":0.43267005014645876},{"@type":"AllocationFactor","allocationType":"CAUSAL_ALLOCATION","exchange":{"@type":"Exchange","internalId":6,"flow":{"@type":"Flow","@id":"bc38e349-1ccf-3855-a615-a4f581ab875b","name":"Gasoline, combusted in equipment","categoryPath":["Technosphere Flows","22: Utilities","2213: Water, Sewage and Other Systems"],"flowType":"PRODUCT_FLOW","location":"RNA","refUnit":"m3"}},"product":{"@type":"Flow","@id":"a339abd8-8eaf-3163-862c-85d7eeba2868","name":"Veneer; hardwood; green; at veneer mill","categoryPath":["Technosphere Flows","31-33: Manufacturing","3212: Veneer, Plywood, and Engineered Wood Product Manufacturing"],"flowType":"PRODUCT_FLOW","location":"US","refUnit":"kg"},"value":0.43267005014645876},{"@type":"AllocationFactor","allocationType":"PHYSICAL_ALLOCATION","product":{"@type":"Flow","@id":"32fd72b1-79cd-3dd0-818e-5f46a8b74c57","name":"Wood chips; hardwood; green; at veneer mill","categoryPath":["Technosphere Flows","31-33: Manufacturing","3212: Veneer, Plywood, and Engineered Wood Product Manufacturing"],"flowType":"PRODUCT_FLOW","location":"US","refUnit":"kg"},"value":0.42470026782276105},{"@type":"AllocationFactor","allocationType":"ECONOMIC_ALLOCATION","product":{"@type":"Flow","@id":"a339abd8-8eaf-3163-862c-85d7eeba2868","name":"Veneer; hardwood; green; at veneer mill","categoryPath":["Technosphere Flows","31-33: Manufacturing","3212: Veneer, Plywood, and Engineered Wood Product Manufacturing"],"flowType":"PRODUCT_FLOW","location":"US","refUnit":"kg"},"value":0.43267005014645876},{"@type":"AllocationFactor","allocationType":"ECONOMIC_ALLOCATION","product":{"@type":"Flow","@id":"32fd72b1-79cd-3dd0-818e-5f46a8b74c57","name":"Wood chips; hardwood; green; at veneer mill","categoryPath":["Technosphere Flows","31-33: Manufacturing","3212: Veneer, Plywood, and Engineered Wood Product Manufacturing"],"flowType":"PRODUCT_FLOW","location":"US","refUnit":"kg"},"value":0.42470026782276105},{"@type":"AllocationFactor","allocationType":"CAUSAL_ALLOCATION","exchange":{"@type":"Exchange","internalId":8,"flow":{"@type":"Flow","@id":"06581fb2-1de0-3e78-8298-f37605dea142","name":"Electricity, at grid","categoryPath":["Technosphere Flows","22: Utilities","2211: Electric Power Generation, Transmission and Distribution"],"flowType":"PRODUCT_FLOW","location":"RNA","refUnit":"MJ"}},"product":{"@type":"Flow","@id":"086e1013-f898-357f-b6af-da332554166e","name":"Wood fuel; hardwood; green; at veneer mill","categoryPath":["Technosphere Flows","31-33: Manufacturing","3212: Veneer, Plywood, and Engineered Wood Product Manufacturing"],"flowType":"PRODUCT_FLOW","location":"US","refUnit":"kg"},"value":0.14262968203078014},{"@type":"AllocationFactor","allocationType":"CAUSAL_ALLOCATION","exchange":{"@type":"Exchange","internalId":2,"flow":{"@type":"Flow","@id":"d815ff18-015c-3afb-be18-be03bdf325da","name":"Diesel, combusted in industrial equipment","categoryPath":["Technosphere Flows","22: Utilities","2213: Water, Sewage and Other Systems"],"flowType":"PRODUCT_FLOW","location":"RNA","refUnit":"m3"}},"product":{"@type":"Flow","@id":"086e1013-f898-357f-b6af-da332554166e","name":"Wood fuel; hardwood; green; at veneer mill","categoryPath":["Technosphere Flows","31-33: Manufacturing","3212: Veneer, Plywood, and Engineered Wood Product Manufacturing"],"flowType":"PRODUCT_FLOW","location":"US","refUnit":"kg"},"value":0.14262968203078014},{"@type":"AllocationFactor","allocationType":"CAUSAL_ALLOCATION","exchange":{"@type":"Exchange","internalId":2,"flow":{"@type":"Flow","@id":"d815ff18-015c-3afb-be18-be03bdf325da","name":"Diesel, combusted in industrial equipment","categoryPath":["Technosphere Flows","22: Utilities","2213: Water, Sewage and Other Systems"],"flowType":"PRODUCT_FLOW","location":"RNA","refUnit":"m3"}},"product":{"@type":"Flow","@id":"32fd72b1-79cd-3dd0-818e-5f46a8b74c57","name":"Wood chips; hardwood; green; at veneer mill","categoryPath":["Technosphere Flows","31-33: Manufacturing","3212: Veneer, Plywood, and Engineered Wood Product Manufacturing"],"flowType":"PRODUCT_FLOW","location":"US","refUnit":"kg"},"value":0.42470026782276105},{"@type":"AllocationFactor","allocationType":"CAUSAL_ALLOCATION","exchange":{"@type":"Exchange","internalId":2,"flow":{"@type":"Flow","@id":"d815ff18-015c-3afb-be18-be03bdf325da","name":"Diesel, combusted in industrial equipment","categoryPath":["Technosphere Flows","22: Utilities","2213: Water, Sewage and Other Systems"],"flowType":"PRODUCT_FLOW","location":"RNA","refUnit":"m3"}},"product":{"@type":"Flow","@id":"a339abd8-8eaf-3163-862c-85d7eeba2868","name":"Veneer; hardwood; green; at veneer mill","categoryPath":["Technosphere Flows","31-33: Manufacturing","3212: Veneer, Plywood, and Engineered Wood Product Manufacturing"],"flowType":"PRODUCT_FLOW","location":"US","refUnit":"kg"},"value":0.43267005014645876},{"@type":"AllocationFactor","allocationType":"CAUSAL_ALLOCATION","exchange":{"@type":"Exchange","internalId":5,"flow":{"@type":"Flow","@id":"0776e600-7518-3fc8-bd33-1581b895bbfb","name":"Conditioned log; hardwood; green; at veneer mill","categoryPath":["Technosphere Flows","31-33: Manufacturing","3212: Veneer, Plywood, and Engineered Wood Product Manufacturing"],"flowType":"PRODUCT_FLOW","location":"US","refUnit":"m3"}},"product":{"@type":"Flow","@id":"086e1013-f898-357f-b6af-da332554166e","name":"Wood fuel; hardwood; green; at veneer mill","categoryPath":["Technosphere Flows","31-33: Manufacturing","3212: Veneer, Plywood, and Engineered Wood Product Manufacturing"],"flowType":"PRODUCT_FLOW","location":"US","refUnit":"kg"},"value":0.14262968203078014},{"@type":"AllocationFactor","allocationType":"CAUSAL_ALLOCATION","exchange":{"@type":"Exchange","internalId":6,"flow":{"@type":"Flow","@id":"bc38e349-1ccf-3855-a615-a4f581ab875b","name":"Gasoline, combusted in equipment","categoryPath":["Technosphere Flows","22: Utilities","2213: Water, Sewage and Other Systems"],"flowType":"PRODUCT_FLOW","location":"RNA","refUnit":"m3"}},"product":{"@type":"Flow","@id":"086e1013-f898-357f-b6af-da332554166e","name":"Wood fuel; hardwood; green; at veneer mill","categoryPath":["Technosphere Flows","31-33: Manufacturing","3212: Veneer, Plywood, and Engineered Wood Product Manufacturing"],"flowType":"PRODUCT_FLOW","location":"US","refUnit":"kg"},"value":0.14262968203078014},{"@type":"AllocationFactor","allocationType":"CAUSAL_ALLOCATION","exchange":{"@type":"Exchange","internalId":4,"flow":{"@type":"Flow","@id":"9dfc02c2-db7e-3c19-b120-165cab1a22c5","name":"Natural gas, combusted in industrial equipment, 1.357 m3/kg, 52.13 MJ/kg","categoryPath":["Technosphere Flows","22: Utilities","2213: Water, Sewage and Other Systems"],"flowType":"PRODUCT_FLOW","location":"RNA","refUnit":"m3"}},"product":{"@type":"Flow","@id":"32fd72b1-79cd-3dd0-818e-5f46a8b74c57","name":"Wood chips; hardwood; green; at veneer mill","categoryPath":["Technosphere Flows","31-33: Manufacturing","3212: Veneer, Plywood, and Engineered Wood Product Manufacturing"],"flowType":"PRODUCT_FLOW","location":"US","refUnit":"kg"},"value":0.42470026782276105},{"@type":"AllocationFactor","allocationType":"CAUSAL_ALLOCATION","exchange":{"@type":"Exchange","internalId":5,"flow":{"@type":"Flow","@id":"0776e600-7518-3fc8-bd33-1581b895bbfb","name":"Conditioned log; hardwood; green; at veneer mill","categoryPath":["Technosphere Flows","31-33: Manufacturing","3212: Veneer, Plywood, and Engineered Wood Product Manufacturing"],"flowType":"PRODUCT_FLOW","location":"US","refUnit":"m3"}},"product":{"@type":"Flow","@id":"a339abd8-8eaf-3163-862c-85d7eeba2868","name":"Veneer; hardwood; green; at veneer mill","categoryPath":["Technosphere Flows","31-33: Manufacturing","3212: Veneer, Plywood, and Engineered Wood Product Manufacturing"],"flowType":"PRODUCT_FLOW","location":"US","refUnit":"kg"},"value":0.43267005014645876},{"@type":"AllocationFactor","allocationType":"CAUSAL_ALLOCATION","exchange":{"@type":"Exchange","internalId":6,"flow":{"@type":"Flow","@id":"bc38e349-1ccf-3855-a615-a4f581ab875b","name":"Gasoline, combusted in equipment","categoryPath":["Technosphere Flows","22: Utilities","2213: Water, Sewage and Other Systems"],"flowType":"PRODUCT_FLOW","location":"RNA","refUnit":"m3"}},"product":{"@type":"Flow","@id":"32fd72b1-79cd-3dd0-818e-5f46a8b74c57","name":"Wood chips; hardwood; green; at veneer mill","categoryPath":["Technosphere Flows","31-33: Manufacturing","3212: Veneer, Plywood, and Engineered Wood Product Manufacturing"],"flowType":"PRODUCT_FLOW","location":"US","refUnit":"kg"},"value":0.42470026782276105},{"@type":"AllocationFactor","allocationType":"CAUSAL_ALLOCATION","exchange":{"@type":"Exchange","internalId":4,"flow":{"@type":"Flow","@id":"9dfc02c2-db7e-3c19-b120-165cab1a22c5","name":"Natural gas, combusted in industrial equipment, 1.357 m3/kg, 52.13 MJ/kg","categoryPath":["Technosphere Flows","22: Utilities","2213: Water, Sewage and Other Systems"],"flowType":"PRODUCT_FLOW","location":"RNA","refUnit":"m3"}},"product":{"@type":"Flow","@id":"086e1013-f898-357f-b6af-da332554166e","name":"Wood fuel; hardwood; green; at veneer mill","categoryPath":["Technosphere Flows","31-33: Manufacturing","3212: Veneer, Plywood, and Engineered Wood Product Manufacturing"],"flowType":"PRODUCT_FLOW","location":"US","refUnit":"kg"},"value":0.14262968203078014},{"@type":"AllocationFactor","allocationType":"CAUSAL_ALLOCATION","exchange":{"@type":"Exchange","internalId":8,"flow":{"@type":"Flow","@id":"06581fb2-1de0-3e78-8298-f37605dea142","name":"Electricity, at grid","categoryPath":["Technosphere Flows","22: Utilities","2211: Electric Power Generation, Transmission and Distribution"],"flowType":"PRODUCT_FLOW","location":"RNA","refUnit":"MJ"}},"product":{"@type":"Flow","@id":"32fd72b1-79cd-3dd0-818e-5f46a8b74c57","name":"Wood chips; hardwood; green; at veneer mill","categoryPath":["Technosphere Flows","31-33: Manufacturing","3212: Veneer, Plywood, and Engineered Wood Product Manufacturing"],"flowType":"PRODUCT_FLOW","location":"US","refUnit":"kg"},"value":0.42470026782276105},{"@type":"AllocationFactor","allocationType":"PHYSICAL_ALLOCATION","product":{"@type":"Flow","@id":"a339abd8-8eaf-3163-862c-85d7eeba2868","name":"Veneer; hardwood; green; at veneer mill","categoryPath":["Technosphere Flows","31-33: Manufacturing","3212: Veneer, Plywood, and Engineered Wood Product Manufacturing"],"flowType":"PRODUCT_FLOW","location":"US","refUnit":"kg"},"value":0.43267005014645876},{"@type":"AllocationFactor","allocationType":"CAUSAL_ALLOCATION","exchange":{"@type":"Exchange","internalId":8,"flow":{"@type":"Flow","@id":"06581fb2-1de0-3e78-8298-f37605dea142","name":"Electricity, at grid","categoryPath":["Technosphere Flows","22: Utilities","2211: Electric Power Generation, Transmission and Distribution"],"flowType":"PRODUCT_FLOW","location":"RNA","refUnit":"MJ"}},"product":{"@type":"Flow","@id":"a339abd8-8eaf-3163-862c-85d7eeba2868","name":"Veneer; hardwood; green; at veneer mill","categoryPath":["Technosphere Flows","31-33: Manufacturing","3212: Veneer, Plywood, and Engineered Wood Product Manufacturing"],"flowType":"PRODUCT_FLOW","location":"US","refUnit":"kg"},"value":0.43267005014645876},{"@type":"AllocationFactor","allocationType":"PHYSICAL_ALLOCATION","product":{"@type":"Flow","@id":"086e1013-f898-357f-b6af-da332554166e","name":"Wood fuel; hardwood; green; at veneer mill","categoryPath":["Technosphere Flows","31-33: Manufacturing","3212: Veneer, Plywood, and Engineered Wood Product Manufacturing"],"flowType":"PRODUCT_FLOW","location":"US","refUnit":"kg"},"value":0.14262968203078014}]}