{"@context":"http://greendelta.github.io/olca-schema/context.jsonld","@type":"Flow","@id":"072a4586-44d6-3428-a15c-8e1e8a0031cc","name":"Ammonia, steam reforming, liquid, at plant","version":"00.00.000","category":{"@type":"Category","@id":"ef69db7c-a705-3080-afe6-b07fc47bc91a","name":"All Other Basic Inorganic Chemical Manufacturing"},"flowType":"PRODUCT_FLOW","infrastructureFlow":false,"location":{"@type":"Location","@id":"b320e7db-c758-3ba6-8839-81eb83c9d7d7","name":"Northern America"},"flowProperties":[{"@type":"FlowPropertyFactor","referenceFlowProperty":true,"flowProperty":{"@type":"FlowProperty","@id":"93a60a56-a3c8-11da-a746-0800200b9a66","name":"Mass"},"conversionFactor":1.0}]}