{"@context":"http://greendelta.github.io/olca-schema/context.jsonld","@type":"Flow","@id":"11f48c74-8e87-3dfa-ad91-74dc4ef12fa9","name":"Water","version":"00.00.000","category":{"@type":"Category","@id":"ac595524-e87e-3593-9cf6-91607296e169","name":"unspecified"},"flowType":"ELEMENTARY_FLOW","infrastructureFlow":false,"flowProperties":[{"@type":"FlowPropertyFactor","referenceFlowProperty":true,"flowProperty":{"@type":"FlowProperty","@id":"93a60a56-a3c8-22da-a746-0800200c9a66","name":"Volume"},"conversionFactor":1.0}]}