{"@context":"http://greendelta.github.io/olca-schema/context.jsonld","@type":"Flow","@id":"2afb4e2f-b224-3900-956f-03e3f27b276b","name":"Transport, combination truck, average fuel mix","version":"01.00.001","lastChange":"2017-03-21T19:27:06.730-06:00","category":{"@type":"Category","@id":"b449ea6d-94c3-3c5a-9f69-fe9c2b66e0a9","name":"General Freight Trucking"},"flowType":"PRODUCT_FLOW","infrastructureFlow":false,"location":{"@type":"Location","@id":"b320e7db-c758-3ba6-8839-81eb83c9d7d7","name":"Northern America"},"flowProperties":[{"@type":"FlowPropertyFactor","referenceFlowProperty":true,"flowProperty":{"@type":"FlowProperty","@id":"838aaa20-0117-11db-92e3-0800200c9a66","name":"Goods transport (mass*distance)"},"conversionFactor":1.0}]}