{"@context":"http://greendelta.github.io/olca-schema/context.jsonld","@type":"Flow","@id":"2c696e73-bd01-3f7b-a6c5-a56dee44d66e","name":"Acetic acid, at plant","version":"00.00.000","category":{"@type":"Category","@id":"c14236d8-0010-374f-abe9-fb5abb59adb7","name":"All Other Basic Organic Chemical Manufacturing"},"flowType":"PRODUCT_FLOW","infrastructureFlow":false,"location":{"@type":"Location","@id":"b320e7db-c758-3ba6-8839-81eb83c9d7d7","name":"Northern America"},"flowProperties":[{"@type":"FlowPropertyFactor","referenceFlowProperty":true,"flowProperty":{"@type":"FlowProperty","@id":"93a60a56-a3c8-11da-a746-0800200b9a66","name":"Mass"},"conversionFactor":1.0}]}