{"@context":"http://greendelta.github.io/olca-schema/context.jsonld","@type":"Flow","@id":"455470fa-1a78-344b-ae09-ffa4e22c1f8b","name":"Transport, ocean freighter, residual fuel oil powered","version":"00.00.000","category":{"@type":"Category","@id":"902431b0-1f4f-34f9-b455-39e63dac5221","name":"Deep Sea Freight Transportation"},"flowType":"PRODUCT_FLOW","infrastructureFlow":false,"location":{"@type":"Location","@id":"b320e7db-c758-3ba6-8839-81eb83c9d7d7","name":"Northern America"},"flowProperties":[{"@type":"FlowPropertyFactor","referenceFlowProperty":true,"flowProperty":{"@type":"FlowProperty","@id":"838aaa20-0117-11db-92e3-0800200c9a66","name":"Goods transport (mass*distance)"},"conversionFactor":1.0}]}