{"@context":"http://greendelta.github.io/olca-schema/context.jsonld","@type":"Flow","@id":"562c7271-4b04-3929-aa0c-5c7cd03bdfa2","name":"Dinitrogen monoxide","version":"00.00.000","category":{"@type":"Category","@id":"75533569-1ee3-3410-9f72-cdce18bb55be","name":"unspecified"},"flowType":"ELEMENTARY_FLOW","infrastructureFlow":false,"flowProperties":[{"@type":"FlowPropertyFactor","referenceFlowProperty":true,"flowProperty":{"@type":"FlowProperty","@id":"93a60a56-a3c8-11da-a746-0800200b9a66","name":"Mass"},"conversionFactor":1.0}]}