{"@context":"http://greendelta.github.io/olca-schema/context.jsonld","@type":"Flow","@id":"6d7370f7-fb61-3b21-a1c8-f4b03a482455","name":"CUTOFF Disposal, chemical waste, unspecified, to residual material landfill","version":"00.00.000","category":{"@type":"Category","@id":"cd373184-7704-30cf-8fff-c8458124f291","name":"CUTOFF Flows"},"flowType":"PRODUCT_FLOW","infrastructureFlow":false,"location":{"@type":"Location","@id":"56bca136-90bb-3a77-9abb-7ce558af711e","name":"Global"},"flowProperties":[{"@type":"FlowPropertyFactor","referenceFlowProperty":true,"flowProperty":{"@type":"FlowProperty","@id":"93a60a56-a3c8-11da-a746-0800200b9a66","name":"Mass"},"conversionFactor":1.0}]}