{"@context":"http://greendelta.github.io/olca-schema/context.jsonld","@type":"Flow","@id":"73397897-35ba-3539-b474-d4a12f1628d0","name":"Butadiene, at plant","version":"00.00.000","category":{"@type":"Category","@id":"2d844973-ab7f-39e0-a411-92afa612ae3a","name":"Petrochemical Manufacturing"},"flowType":"PRODUCT_FLOW","infrastructureFlow":false,"location":{"@type":"Location","@id":"b320e7db-c758-3ba6-8839-81eb83c9d7d7","name":"Northern America"},"flowProperties":[{"@type":"FlowPropertyFactor","referenceFlowProperty":true,"flowProperty":{"@type":"FlowProperty","@id":"93a60a56-a3c8-11da-a746-0800200b9a66","name":"Mass"},"conversionFactor":1.0}]}