{"@context":"http://greendelta.github.io/olca-schema/context.jsonld","@type":"Flow","@id":"798d6174-a580-3568-a02b-ca90f0428386","name":"Acrylonitrile-butadiene-styrene copolymer, resin, at plant","version":"01.00.001","lastChange":"2017-03-21T19:27:16.626-06:00","category":{"@type":"Category","@id":"2d844973-ab7f-39e0-a411-92afa612ae3a","name":"Petrochemical Manufacturing"},"flowType":"PRODUCT_FLOW","infrastructureFlow":false,"location":{"@type":"Location","@id":"b320e7db-c758-3ba6-8839-81eb83c9d7d7","name":"Northern America"},"flowProperties":[{"@type":"FlowPropertyFactor","referenceFlowProperty":true,"flowProperty":{"@type":"FlowProperty","@id":"93a60a56-a3c8-11da-a746-0800200b9a66","name":"Mass"},"conversionFactor":1.0}]}