{"@context":"http://greendelta.github.io/olca-schema/context.jsonld","@type":"Flow","@id":"8b77048b-fa94-3818-8a72-4a34aaa697be","name":"Butene","version":"00.00.000","category":{"@type":"Category","@id":"ac595524-e87e-3593-9cf6-91607296e169","name":"unspecified"},"flowType":"ELEMENTARY_FLOW","infrastructureFlow":false,"flowProperties":[{"@type":"FlowPropertyFactor","referenceFlowProperty":true,"flowProperty":{"@type":"FlowProperty","@id":"93a60a56-a3c8-11da-a746-0800200b9a66","name":"Mass"},"conversionFactor":1.0}]}