{"@context":"http://greendelta.github.io/olca-schema/context.jsonld","@type":"Flow","@id":"8edf326a-2e6d-3491-adef-f99e27e35043","name":"Methane, difluromonochloro-, HCFC-22","version":"00.00.000","category":{"@type":"Category","@id":"75533569-1ee3-3410-9f72-cdce18bb55be","name":"unspecified"},"flowType":"ELEMENTARY_FLOW","infrastructureFlow":false,"flowProperties":[{"@type":"FlowPropertyFactor","referenceFlowProperty":true,"flowProperty":{"@type":"FlowProperty","@id":"93a60a56-a3c8-11da-a746-0800200b9a66","name":"Mass"},"conversionFactor":1.0}]}