{"@context":"http://greendelta.github.io/olca-schema/context.jsonld","@type":"Flow","@id":"c0e21190-462d-3466-b90f-a32b241a70f4","name":"Recycled postconsumer HDPE pellet","version":"00.00.000","category":{"@type":"Category","@id":"e08c2b7a-0a6b-3be5-b3f1-ec68e10356b2","name":"Processing postconsumer HDPE to pellet"},"flowType":"PRODUCT_FLOW","infrastructureFlow":false,"location":{"@type":"Location","@id":"b320e7db-c758-3ba6-8839-81eb83c9d7d7","name":"Northern America"},"flowProperties":[{"@type":"FlowPropertyFactor","referenceFlowProperty":true,"flowProperty":{"@type":"FlowProperty","@id":"93a60a56-a3c8-11da-a746-0800200b9a66","name":"Mass"},"conversionFactor":1.0}]}