{"@context":"http://greendelta.github.io/olca-schema/context.jsonld","@type":"Flow","@id":"c25df7dd-fbae-3d03-acab-f6545b0787ac","name":"CUTOFF Ethylene glycol, at plant","version":"00.00.000","category":{"@type":"Category","@id":"cd373184-7704-30cf-8fff-c8458124f291","name":"CUTOFF Flows"},"flowType":"PRODUCT_FLOW","infrastructureFlow":false,"location":{"@type":"Location","@id":"b320e7db-c758-3ba6-8839-81eb83c9d7d7","name":"Northern America"},"flowProperties":[{"@type":"FlowPropertyFactor","referenceFlowProperty":true,"flowProperty":{"@type":"FlowProperty","@id":"93a60a56-a3c8-11da-a746-0800200b9a66","name":"Mass"},"conversionFactor":1.0}]}