{"@context":"http://greendelta.github.io/olca-schema/context.jsonld","@type":"Flow","@id":"c747a0a0-bd5d-3a78-af02-58a5027d6cf5","name":"CUTOFF Disposal, solid waste to incineration with energy recovery","version":"00.00.000","category":{"@type":"Category","@id":"cd373184-7704-30cf-8fff-c8458124f291","name":"CUTOFF Flows"},"flowType":"PRODUCT_FLOW","infrastructureFlow":false,"location":{"@type":"Location","@id":"b320e7db-c758-3ba6-8839-81eb83c9d7d7","name":"Northern America"},"flowProperties":[{"@type":"FlowPropertyFactor","referenceFlowProperty":true,"flowProperty":{"@type":"FlowProperty","@id":"93a60a56-a3c8-11da-a746-0800200b9a66","name":"Mass"},"conversionFactor":1.0}]}