<?xml version="1.0" encoding="UTF-8" standalone="yes"?>
<ns2:flowPropertyDataSet xmlns="http://lca.jrc.it/ILCD/Common" xmlns:ns2="http://lca.jrc.it/ILCD/FlowProperty" xmlns:ns3="http://lca.jrc.it/ILCD/Flow" xmlns:ns4="http://lca.jrc.it/ILCD/Contact" xmlns:ns5="http://lca.jrc.it/ILCD/Process" xmlns:ns6="http://lca.jrc.it/ILCD/Source" xmlns:ns7="http://lca.jrc.it/ILCD/UnitGroup" xmlns:ns8="http://lca.jrc.it/ILCD/Wrapper" version="1.1">
    <ns2:flowPropertiesInformation>
        <ns2:dataSetInformation>
            <UUID>c0447923-0e60-4b3c-97c2-a86dddd9eea5</UUID>
            <name xml:lang="en">Duration</name>
            <ns2:classificationInformation>
                <classification>
                    <class level="0" classId="86863950-d175-4400-8cc2-c40511322f94">Technical flow properties</class>
                </classification>
            </ns2:classificationInformation>
        </ns2:dataSetInformation>
        <ns2:quantitativeReference>
            <ns2:referenceToReferenceUnitGroup type="unit group data set" refObjectId="af638906-3ec7-4314-8de7-f76039f2dd01" version="01.00.000" uri="../unitgroups/af638906-3ec7-4314-8de7-f76039f2dd01">
                <shortDescription xml:lang="en">Units of time</shortDescription>
            </ns2:referenceToReferenceUnitGroup>
        </ns2:quantitativeReference>
    </ns2:flowPropertiesInformation>
    <ns2:administrativeInformation>
        <ns2:dataEntryBy>
            <referenceToDataSetFormat type="source data set" refObjectId="a97a0155-0234-4b87-b4ce-a45da52f2a40" version="01.01.000" uri="../sources/a97a0155-0234-4b87-b4ce-a45da52f2a40_01.01.000.xml">
                <shortDescription xml:lang="en">ILCD format</shortDescription>
            </referenceToDataSetFormat>
        </ns2:dataEntryBy>
        <ns2:publicationAndOwnership>
            <dataSetVersion>00.00.000</dataSetVersion>
            <permanentDataSetURI>http://openlca.org/ilcd/resource/flowproperties/c0447923-0e60-4b3c-97c2-a86dddd9eea5</permanentDataSetURI>
        </ns2:publicationAndOwnership>
    </ns2:administrativeInformation>
</ns2:flowPropertyDataSet>
