<?xml version="1.0" encoding="UTF-8" standalone="yes"?>
<ns2:flowPropertyDataSet xmlns="http://lca.jrc.it/ILCD/Common" xmlns:ns2="http://lca.jrc.it/ILCD/FlowProperty" xmlns:ns3="http://lca.jrc.it/ILCD/Flow" xmlns:ns4="http://lca.jrc.it/ILCD/Contact" xmlns:ns5="http://lca.jrc.it/ILCD/Process" xmlns:ns6="http://lca.jrc.it/ILCD/Source" xmlns:ns7="http://lca.jrc.it/ILCD/UnitGroup" xmlns:ns8="http://lca.jrc.it/ILCD/Wrapper" version="1.1">
    <ns2:flowPropertiesInformation>
        <ns2:dataSetInformation>
            <UUID>ecbe0a5d-f397-4b74-993d-32d231e4bcf9</UUID>
            <name xml:lang="en">Vehicle transport</name>
            <ns2:classificationInformation>
                <classification>
                    <class level="0" classId="86863950-d175-4400-8cc2-c40511322f94">Technical flow properties</class>
                </classification>
            </ns2:classificationInformation>
        </ns2:dataSetInformation>
        <ns2:quantitativeReference>
            <ns2:referenceToReferenceUnitGroup type="unit group data set" refObjectId="af16ae7e-3e04-408a-b8ae-5b3666dbe7f9" version="01.00.000" uri="../unitgroups/af16ae7e-3e04-408a-b8ae-5b3666dbe7f9">
                <shortDescription xml:lang="en">Units of vehicle transport</shortDescription>
            </ns2:referenceToReferenceUnitGroup>
        </ns2:quantitativeReference>
    </ns2:flowPropertiesInformation>
    <ns2:administrativeInformation>
        <ns2:dataEntryBy>
            <referenceToDataSetFormat type="source data set" refObjectId="a97a0155-0234-4b87-b4ce-a45da52f2a40" version="01.01.000" uri="../sources/a97a0155-0234-4b87-b4ce-a45da52f2a40_01.01.000.xml">
                <shortDescription xml:lang="en">ILCD format</shortDescription>
            </referenceToDataSetFormat>
        </ns2:dataEntryBy>
        <ns2:publicationAndOwnership>
            <dataSetVersion>00.00.000</dataSetVersion>
            <permanentDataSetURI>http://openlca.org/ilcd/resource/flowproperties/ecbe0a5d-f397-4b74-993d-32d231e4bcf9</permanentDataSetURI>
        </ns2:publicationAndOwnership>
    </ns2:administrativeInformation>
</ns2:flowPropertyDataSet>
