{"@context":"http://greendelta.github.io/olca-schema/context.jsonld","@type":"Process","@id":"0853441e-0b11-30f6-87c5-00ca7df78e21","name":"Heat, indirect, heated zones, softwood, plywood veneer drying, AP-42","description":"","version":"00.00.002","lastChange":"2019-07-23T01:38:42.841-04:00","category":{"@type":"Category","@id":"da6eb560-3684-3583-88f4-c1864b109350","name":"3212: Veneer, Plywood, and Engineered Wood Product Manufacturing","categoryPath":["31-33: Manufacturing"],"categoryType":"Process"},"processType":"UNIT_PROCESS","defaultAllocationMethod":"NO_ALLOCATION","infrastructureProcess":false,"location":{"@type":"Location","@id":"b320e7db-c758-3ba6-8839-81eb83c9d7d7","name":"Northern America"},"processDocumentation":{"@type":"ProcessDocumentation","timeDescription":"1995","technologyDescription":"current","restrictionsDescription":"All information can be accessed by everybody.","copyright":false,"validFrom":"1994-12-31-05:00","validUntil":"1994-12-31-05:00","creationDate":"2011-02-16T07:37:02-05:00","geographyDescription":"North America","dataDocumentor":{"@type":"Actor","@id":"dd4e5378-7978-3203-bfdf-acc867500cb3","name":"Daniel Inman"},"dataGenerator":{"@type":"Actor","@id":"dd4e5378-7978-3203-bfdf-acc867500cb3","name":"Daniel Inman"},"publication":{"@type":"Source","@id":"a1d1d73e-7d93-3a6b-a3bc-3b2f4f025b86","name":"Hsu, D. "},"sources":[{"@type":"Source","@id":"a1d1d73e-7d93-3a6b-a3bc-3b2f4f025b86","name":"Hsu, D. "},{"@type":"Source","@id":"9470d035-8909-308b-8647-9abc24c9bd24","name":"Unknown "}]},"lastInternalId":0,"exchanges":[{"@type":"Exchange","avoidedProduct":false,"input":false,"amount":1993.2,"description":"emissions factors are for 1000 ft^2 of 3/8 inch thick veneer. Use yellow poplar density of 29 lb/ft^3 (http://www.ca.uky.edu/agc/pubs/for/for2/for2.htm)","internalId":1,"flow":{"@type":"Flow","@id":"4b5cad63-18f1-30c7-ae7c-79f60094c8f0","name":"Heat, indirect, heated zones, softwood, plywood veneer drying, AP-42","categoryPath":["Technosphere Flows","31-33: Manufacturing","3212: Veneer, Plywood, and Engineered Wood Product Manufacturing"],"flowType":"PRODUCT_FLOW","location":"RNA","refUnit":"kg"},"unit":{"@type":"Unit","@id":"20aadc24-a391-41cf-b340-3e4529f44bde","name":"kg"},"flowProperty":{"@type":"FlowProperty","@id":"93a60a56-a3c8-11da-a746-0800200b9a66","name":"Mass","categoryPath":["Technical flow properties"]},"quantitativeReference":true},{"@type":"Exchange","avoidedProduct":false,"input":false,"amount":0.012700587,"internalId":3,"flow":{"@type":"Flow","@id":"187c525c-3715-388c-b303-a0671524a615","name":"Carbon monoxide","categoryPath":["Elementary Flows","emission","air"],"flowType":"ELEMENTARY_FLOW","refUnit":"kg"},"unit":{"@type":"Unit","@id":"20aadc24-a391-41cf-b340-3e4529f44bde","name":"kg"},"flowProperty":{"@type":"FlowProperty","@id":"93a60a56-a3c8-11da-a746-0800200b9a66","name":"Mass","categoryPath":["Technical flow properties"]}},{"@type":"Exchange","avoidedProduct":false,"input":false,"amount":0.15875734,"description":"Direct natural gas has lowest emissions at 0.079. Indirect heated has 0.35, direct wood-fired has 0.24.","internalId":2,"flow":{"@type":"Flow","@id":"0418b561-ecf8-33c8-9c81-225789f15bd3","name":"Particulate matter","categoryPath":["Elementary Flows","emission","air"],"flowType":"ELEMENTARY_FLOW","refUnit":"kg"},"unit":{"@type":"Unit","@id":"20aadc24-a391-41cf-b340-3e4529f44bde","name":"kg"},"flowProperty":{"@type":"FlowProperty","@id":"93a60a56-a3c8-11da-a746-0800200b9a66","name":"Mass","categoryPath":["Technical flow properties"]},"uncertainty":{"@type":"Uncertainty","distributionType":"UNIFORM_DISTRIBUTION","minimum":0.0358338,"maximum":0.15875734}}]}