{"@context":"http://greendelta.github.io/olca-schema/context.jsonld","@type":"Process","@id":"bf3d3ce7-aac2-3a3c-b3e8-5c0a29bfb678","name":"Bucked and debarked log, hardwood, green, at veneer mill, E","description":"All weights given on an ovendry basis. All moisture contents are on an ovendry basis.  MC% \u003d(weight of water in wood / weight of oven dry wood) *100. Reference to specific gravities use oven dry mass and volumes at specified moisture contents.  Reference to densities use mass and volume at specified moistrue contents.  Important note: although most of the data in the US LCI database has  undergone some sort of review, the database as a whole has not yet  undergone a formal validation process. Please email comments to lci@nrel.gov.","version":"00.00.016","lastChange":"2021-09-30T22:44:11.182-04:00","category":{"@type":"Category","@id":"da6eb560-3684-3583-88f4-c1864b109350","name":"3212: Veneer, Plywood, and Engineered Wood Product Manufacturing","categoryPath":["31-33: Manufacturing"],"categoryType":"Process"},"processType":"UNIT_PROCESS","defaultAllocationMethod":"PHYSICAL_ALLOCATION","infrastructureProcess":false,"location":{"@type":"Location","@id":"0b3b97fa-6688-3c56-88ee-4ae80ec0c3c2","name":"United States"},"processDocumentation":{"@type":"ProcessDocumentation","technologyDescription":"Typical","samplingDescription":"Questionnaires from  4 veneer mills and 5 flooring plants in the E. United States representing 32 states.","restrictionsDescription":"All information can be accessed by everybody.","copyright":false,"validFrom":"2006-12-31-05:00","validUntil":"2006-12-31-05:00","creationDate":"2011-10-26T00:00:00-04:00","intendedApplication":"Only mass allocation factors are available for the multi-functional processes (disregard economic allocation factor values-they are mass allocation factors).","geographyDescription":"E\u003d Eastern US United States. The states included MN, IA, MO, WI, IL, NJ, OH, IN, MI, WV, PA, MD, DW, NJ, NY, ME, VT, NH, RI, MA, CT, VA, KY, AR, LA, MS, AL, FL,GA, NC, SC, and TN","dataDocumentor":{"@type":"Actor","@id":"ae081e38-d629-3c22-86de-dbc3bb038016","name":"Maureen Puetmann"},"dataGenerator":{"@type":"Actor","@id":"ae081e38-d629-3c22-86de-dbc3bb038016","name":"Maureen Puetmann"},"publication":{"@type":"Source","@id":"90575c97-9cbe-3bfb-979d-e6986f221aaf","name":"Richard D. Bergman "},"sources":[{"@type":"Source","@id":"90575c97-9cbe-3bfb-979d-e6986f221aaf","name":"Richard D. Bergman "},{"@type":"Source","@id":"d6a8566d-d2eb-317c-a4fc-b6fd621a6e3c","name":"Maureen Puettmann "}]},"lastInternalId":0,"exchanges":[{"@type":"Exchange","avoidedProduct":false,"input":false,"amount":1.0,"internalId":4,"flow":{"@type":"Flow","@id":"52e7f1f1-455f-3c6c-a777-57cc89098528","name":"Bucked and debarked log; hardwood; green; at veneer mill","categoryPath":["Technosphere Flows","31-33: Manufacturing","3212: Veneer, Plywood, and Engineered Wood Product Manufacturing"],"flowType":"PRODUCT_FLOW","location":"US","refUnit":"m3"},"unit":{"@type":"Unit","@id":"1c3a9695-398d-4b1f-b07e-a8715b610f70","name":"m3"},"flowProperty":{"@type":"FlowProperty","@id":"93a60a56-a3c8-22da-a746-0800200c9a66","name":"Volume","categoryPath":["Technical flow properties"]},"quantitativeReference":true},{"@type":"Exchange","avoidedProduct":false,"input":true,"amount":1.0,"internalId":5,"defaultProvider":{"@type":"Process","@id":"640186a9-d4e0-39cd-9c23-95c215738edd","name":"Roundwood, hardwood, green, at mill, E","categoryPath":["11: Agriculture, Forestry, Fishing and Hunting","1133: Logging"],"processType":"UNIT_PROCESS","location":"US"},"flow":{"@type":"Flow","@id":"6ce8c09f-8a15-3d59-a868-8093b62c4ff4","name":"Roundwood; hardwood; green; at mill","categoryPath":["Technosphere Flows","11: Agriculture, Forestry, Fishing and Hunting","1133: Logging"],"flowType":"PRODUCT_FLOW","location":"US","refUnit":"m3"},"unit":{"@type":"Unit","@id":"1c3a9695-398d-4b1f-b07e-a8715b610f70","name":"m3"},"flowProperty":{"@type":"FlowProperty","@id":"93a60a56-a3c8-22da-a746-0800200c9a66","name":"Volume","categoryPath":["Technical flow properties"]}},{"@type":"Exchange","avoidedProduct":false,"input":true,"amount":36.12217795,"internalId":9,"defaultProvider":{"@type":"Process","@id":"e5856077-a966-4692-9d10-e747237d4fa6","name":"Electricity, Eastern US, 2014","categoryPath":["22: Utilities","2211: Electric Power Generation, Transmission and Distribution"],"processType":"UNIT_PROCESS","location":"US"},"flow":{"@type":"Flow","@id":"06581fb2-1de0-3e78-8298-f37605dea142","name":"Electricity, at grid","categoryPath":["Technosphere Flows","22: Utilities","2211: Electric Power Generation, Transmission and Distribution"],"flowType":"PRODUCT_FLOW","location":"RNA","refUnit":"MJ"},"unit":{"@type":"Unit","@id":"86ad2244-1f0e-4912-af53-7865283103e4","name":"kWh"},"flowProperty":{"@type":"FlowProperty","@id":"f6811440-ee37-11de-8a39-0800200c9a66","name":"Energy","categoryPath":["Technical flow properties"]}},{"@type":"Exchange","avoidedProduct":false,"input":false,"amount":24.74820717,"internalId":1,"flow":{"@type":"Flow","@id":"7beb2597-d87c-32ba-83c4-336f5dc23a19","name":"Bark; hardwood; green; at veneer mill","categoryPath":["Technosphere Flows","31-33: Manufacturing","3212: Veneer, Plywood, and Engineered Wood Product Manufacturing"],"flowType":"PRODUCT_FLOW","location":"US","refUnit":"kg"},"unit":{"@type":"Unit","@id":"20aadc24-a391-41cf-b340-3e4529f44bde","name":"kg"},"flowProperty":{"@type":"FlowProperty","@id":"93a60a56-a3c8-11da-a746-0800200b9a66","name":"Mass","categoryPath":["Technical flow properties"]}},{"@type":"Exchange","avoidedProduct":false,"input":false,"amount":2.438247012,"internalId":8,"flow":{"@type":"Flow","@id":"086e1013-f898-357f-b6af-da332554166e","name":"Wood fuel; hardwood; green; at veneer mill","categoryPath":["Technosphere Flows","31-33: Manufacturing","3212: Veneer, Plywood, and Engineered Wood Product Manufacturing"],"flowType":"PRODUCT_FLOW","location":"US","refUnit":"kg"},"unit":{"@type":"Unit","@id":"20aadc24-a391-41cf-b340-3e4529f44bde","name":"kg"},"flowProperty":{"@type":"FlowProperty","@id":"93a60a56-a3c8-11da-a746-0800200b9a66","name":"Mass","categoryPath":["Technical flow properties"]}},{"@type":"Exchange","avoidedProduct":false,"input":true,"amount":0.034826295,"internalId":3,"defaultProvider":{"@type":"Process","@id":"d3e13675-1455-375f-a557-bb8234de75ff","name":"Gasoline, combusted in equipment","categoryPath":["22: Utilities","2213: Water, Sewage and Other Systems"],"processType":"UNIT_PROCESS","location":"RNA"},"flow":{"@type":"Flow","@id":"bc38e349-1ccf-3855-a615-a4f581ab875b","name":"Gasoline, combusted in equipment","categoryPath":["Technosphere Flows","22: Utilities","2213: Water, Sewage and Other Systems"],"flowType":"PRODUCT_FLOW","location":"RNA","refUnit":"m3"},"unit":{"@type":"Unit","@id":"b80a512e-e402-4363-8ad0-7d02dcf4a459","name":"l"},"flowProperty":{"@type":"FlowProperty","@id":"93a60a56-a3c8-22da-a746-0800200c9a66","name":"Volume","categoryPath":["Technical flow properties"]}},{"@type":"Exchange","avoidedProduct":false,"input":true,"amount":27.18645418,"internalId":2,"defaultProvider":{"@type":"Process","@id":"640186a9-d4e0-39cd-9c23-95c215738edd","name":"Roundwood, hardwood, green, at mill, E","categoryPath":["11: Agriculture, Forestry, Fishing and Hunting","1133: Logging"],"processType":"UNIT_PROCESS","location":"US"},"flow":{"@type":"Flow","@id":"cbb91e4a-0a0f-3b79-9f6f-d54d716e05ea","name":"Bark; hardwood; green; at mill","categoryPath":["Technosphere Flows","11: Agriculture, Forestry, Fishing and Hunting","1133: Logging"],"flowType":"PRODUCT_FLOW","location":"US","refUnit":"kg"},"unit":{"@type":"Unit","@id":"20aadc24-a391-41cf-b340-3e4529f44bde","name":"kg"},"flowProperty":{"@type":"FlowProperty","@id":"93a60a56-a3c8-11da-a746-0800200b9a66","name":"Mass","categoryPath":["Technical flow properties"]}},{"@type":"Exchange","avoidedProduct":false,"input":true,"amount":1.80023904E-4,"internalId":6,"defaultProvider":{"@type":"Process","@id":"7b7babef-a97a-3510-88f2-ee70aa1fa03b","name":"Natural gas, combusted in industrial equipment","categoryPath":["22: Utilities","2213: Water, Sewage and Other Systems"],"processType":"UNIT_PROCESS","location":"RNA"},"flow":{"@type":"Flow","@id":"9dfc02c2-db7e-3c19-b120-165cab1a22c5","name":"Natural gas, combusted in industrial equipment, 1.357 m3/kg, 52.13 MJ/kg","categoryPath":["Technosphere Flows","22: Utilities","2213: Water, Sewage and Other Systems"],"flowType":"PRODUCT_FLOW","location":"RNA","refUnit":"m3"},"unit":{"@type":"Unit","@id":"1c3a9695-398d-4b1f-b07e-a8715b610f70","name":"m3"},"flowProperty":{"@type":"FlowProperty","@id":"93a60a56-a3c8-22da-a746-0800200c9a66","name":"Volume","categoryPath":["Technical flow properties"]}},{"@type":"Exchange","avoidedProduct":false,"input":true,"amount":0.873705179,"internalId":11,"flow":{"@type":"Flow","@id":"ad6dbe21-c035-33ff-a3dc-cdd717e987eb","name":"Recycling, waste, unspecified","categoryPath":["Technosphere Flows","CUTOFF Flows"],"flowType":"PRODUCT_FLOW","refUnit":"kg"},"unit":{"@type":"Unit","@id":"20aadc24-a391-41cf-b340-3e4529f44bde","name":"kg"},"flowProperty":{"@type":"FlowProperty","@id":"93a60a56-a3c8-11da-a746-0800200b9a66","name":"Mass","categoryPath":["Technical flow properties"]}},{"@type":"Exchange","avoidedProduct":false,"input":true,"amount":0.284462151,"internalId":7,"defaultProvider":{"@type":"Process","@id":"d6ad7035-5498-3237-8abd-50e93b1eef89","name":"Diesel, combusted in industrial equipment","categoryPath":["22: Utilities","2213: Water, Sewage and Other Systems"],"processType":"UNIT_PROCESS","location":"RNA"},"flow":{"@type":"Flow","@id":"d815ff18-015c-3afb-be18-be03bdf325da","name":"Diesel, combusted in industrial equipment","categoryPath":["Technosphere Flows","22: Utilities","2213: Water, Sewage and Other Systems"],"flowType":"PRODUCT_FLOW","location":"RNA","refUnit":"m3"},"unit":{"@type":"Unit","@id":"b80a512e-e402-4363-8ad0-7d02dcf4a459","name":"l"},"flowProperty":{"@type":"FlowProperty","@id":"93a60a56-a3c8-22da-a746-0800200c9a66","name":"Volume","categoryPath":["Technical flow properties"]}},{"@type":"Exchange","avoidedProduct":false,"input":true,"amount":0.340135458,"internalId":10,"flow":{"@type":"Flow","@id":"60c44220-4e65-3d83-8769-6534f8a4c284","name":"Disposal, solid waste, unspecified, to inert material landfill","categoryPath":["Technosphere Flows","CUTOFF Flows"],"flowType":"PRODUCT_FLOW","refUnit":"kg"},"unit":{"@type":"Unit","@id":"20aadc24-a391-41cf-b340-3e4529f44bde","name":"kg"},"flowProperty":{"@type":"FlowProperty","@id":"93a60a56-a3c8-11da-a746-0800200b9a66","name":"Mass","categoryPath":["Technical flow properties"]}}],"allocationFactors":[{"@type":"AllocationFactor","allocationType":"CAUSAL_ALLOCATION","exchange":{"@type":"Exchange","internalId":9,"flow":{"@type":"Flow","@id":"06581fb2-1de0-3e78-8298-f37605dea142","name":"Electricity, at grid","categoryPath":["Technosphere Flows","22: Utilities","2211: Electric Power Generation, Transmission and Distribution"],"flowType":"PRODUCT_FLOW","location":"RNA","refUnit":"MJ"}},"product":{"@type":"Flow","@id":"52e7f1f1-455f-3c6c-a777-57cc89098528","name":"Bucked and debarked log; hardwood; green; at veneer mill","categoryPath":["Technosphere Flows","31-33: Manufacturing","3212: Veneer, Plywood, and Engineered Wood Product Manufacturing"],"flowType":"PRODUCT_FLOW","location":"US","refUnit":"m3"},"value":0.949406332},{"@type":"AllocationFactor","allocationType":"CAUSAL_ALLOCATION","exchange":{"@type":"Exchange","internalId":5,"flow":{"@type":"Flow","@id":"6ce8c09f-8a15-3d59-a868-8093b62c4ff4","name":"Roundwood; hardwood; green; at mill","categoryPath":["Technosphere Flows","11: Agriculture, Forestry, Fishing and Hunting","1133: Logging"],"flowType":"PRODUCT_FLOW","location":"US","refUnit":"m3"}},"product":{"@type":"Flow","@id":"7beb2597-d87c-32ba-83c4-336f5dc23a19","name":"Bark; hardwood; green; at veneer mill","categoryPath":["Technosphere Flows","31-33: Manufacturing","3212: Veneer, Plywood, and Engineered Wood Product Manufacturing"],"flowType":"PRODUCT_FLOW","location":"US","refUnit":"kg"},"value":0.046056115},{"@type":"AllocationFactor","allocationType":"CAUSAL_ALLOCATION","exchange":{"@type":"Exchange","internalId":2,"flow":{"@type":"Flow","@id":"cbb91e4a-0a0f-3b79-9f6f-d54d716e05ea","name":"Bark; hardwood; green; at mill","categoryPath":["Technosphere Flows","11: Agriculture, Forestry, Fishing and Hunting","1133: Logging"],"flowType":"PRODUCT_FLOW","location":"US","refUnit":"kg"}},"product":{"@type":"Flow","@id":"086e1013-f898-357f-b6af-da332554166e","name":"Wood fuel; hardwood; green; at veneer mill","categoryPath":["Technosphere Flows","31-33: Manufacturing","3212: Veneer, Plywood, and Engineered Wood Product Manufacturing"],"flowType":"PRODUCT_FLOW","location":"US","refUnit":"kg"},"value":0.004537553},{"@type":"AllocationFactor","allocationType":"PHYSICAL_ALLOCATION","product":{"@type":"Flow","@id":"7beb2597-d87c-32ba-83c4-336f5dc23a19","name":"Bark; hardwood; green; at veneer mill","categoryPath":["Technosphere Flows","31-33: Manufacturing","3212: Veneer, Plywood, and Engineered Wood Product Manufacturing"],"flowType":"PRODUCT_FLOW","location":"US","refUnit":"kg"},"value":0.046056115},{"@type":"AllocationFactor","allocationType":"ECONOMIC_ALLOCATION","product":{"@type":"Flow","@id":"52e7f1f1-455f-3c6c-a777-57cc89098528","name":"Bucked and debarked log; hardwood; green; at veneer mill","categoryPath":["Technosphere Flows","31-33: Manufacturing","3212: Veneer, Plywood, and Engineered Wood Product Manufacturing"],"flowType":"PRODUCT_FLOW","location":"US","refUnit":"m3"},"value":0.949406332},{"@type":"AllocationFactor","allocationType":"CAUSAL_ALLOCATION","exchange":{"@type":"Exchange","internalId":10,"flow":{"@type":"Flow","@id":"60c44220-4e65-3d83-8769-6534f8a4c284","name":"Disposal, solid waste, unspecified, to inert material landfill","categoryPath":["Technosphere Flows","CUTOFF Flows"],"flowType":"PRODUCT_FLOW","refUnit":"kg"}},"product":{"@type":"Flow","@id":"086e1013-f898-357f-b6af-da332554166e","name":"Wood fuel; hardwood; green; at veneer mill","categoryPath":["Technosphere Flows","31-33: Manufacturing","3212: Veneer, Plywood, and Engineered Wood Product Manufacturing"],"flowType":"PRODUCT_FLOW","location":"US","refUnit":"kg"},"value":0.004537553},{"@type":"AllocationFactor","allocationType":"CAUSAL_ALLOCATION","exchange":{"@type":"Exchange","internalId":9,"flow":{"@type":"Flow","@id":"06581fb2-1de0-3e78-8298-f37605dea142","name":"Electricity, at grid","categoryPath":["Technosphere Flows","22: Utilities","2211: Electric Power Generation, Transmission and Distribution"],"flowType":"PRODUCT_FLOW","location":"RNA","refUnit":"MJ"}},"product":{"@type":"Flow","@id":"7beb2597-d87c-32ba-83c4-336f5dc23a19","name":"Bark; hardwood; green; at veneer mill","categoryPath":["Technosphere Flows","31-33: Manufacturing","3212: Veneer, Plywood, and Engineered Wood Product Manufacturing"],"flowType":"PRODUCT_FLOW","location":"US","refUnit":"kg"},"value":0.046056115},{"@type":"AllocationFactor","allocationType":"CAUSAL_ALLOCATION","exchange":{"@type":"Exchange","internalId":11,"flow":{"@type":"Flow","@id":"ad6dbe21-c035-33ff-a3dc-cdd717e987eb","name":"Recycling, waste, unspecified","categoryPath":["Technosphere Flows","CUTOFF Flows"],"flowType":"PRODUCT_FLOW","refUnit":"kg"}},"product":{"@type":"Flow","@id":"086e1013-f898-357f-b6af-da332554166e","name":"Wood fuel; hardwood; green; at veneer mill","categoryPath":["Technosphere Flows","31-33: Manufacturing","3212: Veneer, Plywood, and Engineered Wood Product Manufacturing"],"flowType":"PRODUCT_FLOW","location":"US","refUnit":"kg"},"value":0.004537553},{"@type":"AllocationFactor","allocationType":"CAUSAL_ALLOCATION","exchange":{"@type":"Exchange","internalId":11,"flow":{"@type":"Flow","@id":"ad6dbe21-c035-33ff-a3dc-cdd717e987eb","name":"Recycling, waste, unspecified","categoryPath":["Technosphere Flows","CUTOFF Flows"],"flowType":"PRODUCT_FLOW","refUnit":"kg"}},"product":{"@type":"Flow","@id":"7beb2597-d87c-32ba-83c4-336f5dc23a19","name":"Bark; hardwood; green; at veneer mill","categoryPath":["Technosphere Flows","31-33: Manufacturing","3212: Veneer, Plywood, and Engineered Wood Product Manufacturing"],"flowType":"PRODUCT_FLOW","location":"US","refUnit":"kg"},"value":0.046056115},{"@type":"AllocationFactor","allocationType":"CAUSAL_ALLOCATION","exchange":{"@type":"Exchange","internalId":7,"flow":{"@type":"Flow","@id":"d815ff18-015c-3afb-be18-be03bdf325da","name":"Diesel, combusted in industrial equipment","categoryPath":["Technosphere Flows","22: Utilities","2213: Water, Sewage and Other Systems"],"flowType":"PRODUCT_FLOW","location":"RNA","refUnit":"m3"}},"product":{"@type":"Flow","@id":"7beb2597-d87c-32ba-83c4-336f5dc23a19","name":"Bark; hardwood; green; at veneer mill","categoryPath":["Technosphere Flows","31-33: Manufacturing","3212: Veneer, Plywood, and Engineered Wood Product Manufacturing"],"flowType":"PRODUCT_FLOW","location":"US","refUnit":"kg"},"value":0.046056115},{"@type":"AllocationFactor","allocationType":"CAUSAL_ALLOCATION","exchange":{"@type":"Exchange","internalId":6,"flow":{"@type":"Flow","@id":"9dfc02c2-db7e-3c19-b120-165cab1a22c5","name":"Natural gas, combusted in industrial equipment, 1.357 m3/kg, 52.13 MJ/kg","categoryPath":["Technosphere Flows","22: Utilities","2213: Water, Sewage and Other Systems"],"flowType":"PRODUCT_FLOW","location":"RNA","refUnit":"m3"}},"product":{"@type":"Flow","@id":"52e7f1f1-455f-3c6c-a777-57cc89098528","name":"Bucked and debarked log; hardwood; green; at veneer mill","categoryPath":["Technosphere Flows","31-33: Manufacturing","3212: Veneer, Plywood, and Engineered Wood Product Manufacturing"],"flowType":"PRODUCT_FLOW","location":"US","refUnit":"m3"},"value":0.949406332},{"@type":"AllocationFactor","allocationType":"CAUSAL_ALLOCATION","exchange":{"@type":"Exchange","internalId":3,"flow":{"@type":"Flow","@id":"bc38e349-1ccf-3855-a615-a4f581ab875b","name":"Gasoline, combusted in equipment","categoryPath":["Technosphere Flows","22: Utilities","2213: Water, Sewage and Other Systems"],"flowType":"PRODUCT_FLOW","location":"RNA","refUnit":"m3"}},"product":{"@type":"Flow","@id":"086e1013-f898-357f-b6af-da332554166e","name":"Wood fuel; hardwood; green; at veneer mill","categoryPath":["Technosphere Flows","31-33: Manufacturing","3212: Veneer, Plywood, and Engineered Wood Product Manufacturing"],"flowType":"PRODUCT_FLOW","location":"US","refUnit":"kg"},"value":0.004537553},{"@type":"AllocationFactor","allocationType":"CAUSAL_ALLOCATION","exchange":{"@type":"Exchange","internalId":5,"flow":{"@type":"Flow","@id":"6ce8c09f-8a15-3d59-a868-8093b62c4ff4","name":"Roundwood; hardwood; green; at mill","categoryPath":["Technosphere Flows","11: Agriculture, Forestry, Fishing and Hunting","1133: Logging"],"flowType":"PRODUCT_FLOW","location":"US","refUnit":"m3"}},"product":{"@type":"Flow","@id":"52e7f1f1-455f-3c6c-a777-57cc89098528","name":"Bucked and debarked log; hardwood; green; at veneer mill","categoryPath":["Technosphere Flows","31-33: Manufacturing","3212: Veneer, Plywood, and Engineered Wood Product Manufacturing"],"flowType":"PRODUCT_FLOW","location":"US","refUnit":"m3"},"value":0.949406332},{"@type":"AllocationFactor","allocationType":"ECONOMIC_ALLOCATION","product":{"@type":"Flow","@id":"7beb2597-d87c-32ba-83c4-336f5dc23a19","name":"Bark; hardwood; green; at veneer mill","categoryPath":["Technosphere Flows","31-33: Manufacturing","3212: Veneer, Plywood, and Engineered Wood Product Manufacturing"],"flowType":"PRODUCT_FLOW","location":"US","refUnit":"kg"},"value":0.046056115},{"@type":"AllocationFactor","allocationType":"CAUSAL_ALLOCATION","exchange":{"@type":"Exchange","internalId":5,"flow":{"@type":"Flow","@id":"6ce8c09f-8a15-3d59-a868-8093b62c4ff4","name":"Roundwood; hardwood; green; at mill","categoryPath":["Technosphere Flows","11: Agriculture, Forestry, Fishing and Hunting","1133: Logging"],"flowType":"PRODUCT_FLOW","location":"US","refUnit":"m3"}},"product":{"@type":"Flow","@id":"086e1013-f898-357f-b6af-da332554166e","name":"Wood fuel; hardwood; green; at veneer mill","categoryPath":["Technosphere Flows","31-33: Manufacturing","3212: Veneer, Plywood, and Engineered Wood Product Manufacturing"],"flowType":"PRODUCT_FLOW","location":"US","refUnit":"kg"},"value":0.004537553},{"@type":"AllocationFactor","allocationType":"CAUSAL_ALLOCATION","exchange":{"@type":"Exchange","internalId":11,"flow":{"@type":"Flow","@id":"ad6dbe21-c035-33ff-a3dc-cdd717e987eb","name":"Recycling, waste, unspecified","categoryPath":["Technosphere Flows","CUTOFF Flows"],"flowType":"PRODUCT_FLOW","refUnit":"kg"}},"product":{"@type":"Flow","@id":"52e7f1f1-455f-3c6c-a777-57cc89098528","name":"Bucked and debarked log; hardwood; green; at veneer mill","categoryPath":["Technosphere Flows","31-33: Manufacturing","3212: Veneer, Plywood, and Engineered Wood Product Manufacturing"],"flowType":"PRODUCT_FLOW","location":"US","refUnit":"m3"},"value":0.949406332},{"@type":"AllocationFactor","allocationType":"CAUSAL_ALLOCATION","exchange":{"@type":"Exchange","internalId":3,"flow":{"@type":"Flow","@id":"bc38e349-1ccf-3855-a615-a4f581ab875b","name":"Gasoline, combusted in equipment","categoryPath":["Technosphere Flows","22: Utilities","2213: Water, Sewage and Other Systems"],"flowType":"PRODUCT_FLOW","location":"RNA","refUnit":"m3"}},"product":{"@type":"Flow","@id":"7beb2597-d87c-32ba-83c4-336f5dc23a19","name":"Bark; hardwood; green; at veneer mill","categoryPath":["Technosphere Flows","31-33: Manufacturing","3212: Veneer, Plywood, and Engineered Wood Product Manufacturing"],"flowType":"PRODUCT_FLOW","location":"US","refUnit":"kg"},"value":0.046056115},{"@type":"AllocationFactor","allocationType":"CAUSAL_ALLOCATION","exchange":{"@type":"Exchange","internalId":6,"flow":{"@type":"Flow","@id":"9dfc02c2-db7e-3c19-b120-165cab1a22c5","name":"Natural gas, combusted in industrial equipment, 1.357 m3/kg, 52.13 MJ/kg","categoryPath":["Technosphere Flows","22: Utilities","2213: Water, Sewage and Other Systems"],"flowType":"PRODUCT_FLOW","location":"RNA","refUnit":"m3"}},"product":{"@type":"Flow","@id":"086e1013-f898-357f-b6af-da332554166e","name":"Wood fuel; hardwood; green; at veneer mill","categoryPath":["Technosphere Flows","31-33: Manufacturing","3212: Veneer, Plywood, and Engineered Wood Product Manufacturing"],"flowType":"PRODUCT_FLOW","location":"US","refUnit":"kg"},"value":0.004537553},{"@type":"AllocationFactor","allocationType":"CAUSAL_ALLOCATION","exchange":{"@type":"Exchange","internalId":2,"flow":{"@type":"Flow","@id":"cbb91e4a-0a0f-3b79-9f6f-d54d716e05ea","name":"Bark; hardwood; green; at mill","categoryPath":["Technosphere Flows","11: Agriculture, Forestry, Fishing and Hunting","1133: Logging"],"flowType":"PRODUCT_FLOW","location":"US","refUnit":"kg"}},"product":{"@type":"Flow","@id":"7beb2597-d87c-32ba-83c4-336f5dc23a19","name":"Bark; hardwood; green; at veneer mill","categoryPath":["Technosphere Flows","31-33: Manufacturing","3212: Veneer, Plywood, and Engineered Wood Product Manufacturing"],"flowType":"PRODUCT_FLOW","location":"US","refUnit":"kg"},"value":0.046056115},{"@type":"AllocationFactor","allocationType":"CAUSAL_ALLOCATION","exchange":{"@type":"Exchange","internalId":7,"flow":{"@type":"Flow","@id":"d815ff18-015c-3afb-be18-be03bdf325da","name":"Diesel, combusted in industrial equipment","categoryPath":["Technosphere Flows","22: Utilities","2213: Water, Sewage and Other Systems"],"flowType":"PRODUCT_FLOW","location":"RNA","refUnit":"m3"}},"product":{"@type":"Flow","@id":"52e7f1f1-455f-3c6c-a777-57cc89098528","name":"Bucked and debarked log; hardwood; green; at veneer mill","categoryPath":["Technosphere Flows","31-33: Manufacturing","3212: Veneer, Plywood, and Engineered Wood Product Manufacturing"],"flowType":"PRODUCT_FLOW","location":"US","refUnit":"m3"},"value":0.949406332},{"@type":"AllocationFactor","allocationType":"CAUSAL_ALLOCATION","exchange":{"@type":"Exchange","internalId":6,"flow":{"@type":"Flow","@id":"9dfc02c2-db7e-3c19-b120-165cab1a22c5","name":"Natural gas, combusted in industrial equipment, 1.357 m3/kg, 52.13 MJ/kg","categoryPath":["Technosphere Flows","22: Utilities","2213: Water, Sewage and Other Systems"],"flowType":"PRODUCT_FLOW","location":"RNA","refUnit":"m3"}},"product":{"@type":"Flow","@id":"7beb2597-d87c-32ba-83c4-336f5dc23a19","name":"Bark; hardwood; green; at veneer mill","categoryPath":["Technosphere Flows","31-33: Manufacturing","3212: Veneer, Plywood, and Engineered Wood Product Manufacturing"],"flowType":"PRODUCT_FLOW","location":"US","refUnit":"kg"},"value":0.046056115},{"@type":"AllocationFactor","allocationType":"PHYSICAL_ALLOCATION","product":{"@type":"Flow","@id":"52e7f1f1-455f-3c6c-a777-57cc89098528","name":"Bucked and debarked log; hardwood; green; at veneer mill","categoryPath":["Technosphere Flows","31-33: Manufacturing","3212: Veneer, Plywood, and Engineered Wood Product Manufacturing"],"flowType":"PRODUCT_FLOW","location":"US","refUnit":"m3"},"value":0.949406332},{"@type":"AllocationFactor","allocationType":"ECONOMIC_ALLOCATION","product":{"@type":"Flow","@id":"086e1013-f898-357f-b6af-da332554166e","name":"Wood fuel; hardwood; green; at veneer mill","categoryPath":["Technosphere Flows","31-33: Manufacturing","3212: Veneer, Plywood, and Engineered Wood Product Manufacturing"],"flowType":"PRODUCT_FLOW","location":"US","refUnit":"kg"},"value":0.004537553},{"@type":"AllocationFactor","allocationType":"CAUSAL_ALLOCATION","exchange":{"@type":"Exchange","internalId":10,"flow":{"@type":"Flow","@id":"60c44220-4e65-3d83-8769-6534f8a4c284","name":"Disposal, solid waste, unspecified, to inert material landfill","categoryPath":["Technosphere Flows","CUTOFF Flows"],"flowType":"PRODUCT_FLOW","refUnit":"kg"}},"product":{"@type":"Flow","@id":"52e7f1f1-455f-3c6c-a777-57cc89098528","name":"Bucked and debarked log; hardwood; green; at veneer mill","categoryPath":["Technosphere Flows","31-33: Manufacturing","3212: Veneer, Plywood, and Engineered Wood Product Manufacturing"],"flowType":"PRODUCT_FLOW","location":"US","refUnit":"m3"},"value":0.949406332},{"@type":"AllocationFactor","allocationType":"CAUSAL_ALLOCATION","exchange":{"@type":"Exchange","internalId":7,"flow":{"@type":"Flow","@id":"d815ff18-015c-3afb-be18-be03bdf325da","name":"Diesel, combusted in industrial equipment","categoryPath":["Technosphere Flows","22: Utilities","2213: Water, Sewage and Other Systems"],"flowType":"PRODUCT_FLOW","location":"RNA","refUnit":"m3"}},"product":{"@type":"Flow","@id":"086e1013-f898-357f-b6af-da332554166e","name":"Wood fuel; hardwood; green; at veneer mill","categoryPath":["Technosphere Flows","31-33: Manufacturing","3212: Veneer, Plywood, and Engineered Wood Product Manufacturing"],"flowType":"PRODUCT_FLOW","location":"US","refUnit":"kg"},"value":0.004537553},{"@type":"AllocationFactor","allocationType":"CAUSAL_ALLOCATION","exchange":{"@type":"Exchange","internalId":3,"flow":{"@type":"Flow","@id":"bc38e349-1ccf-3855-a615-a4f581ab875b","name":"Gasoline, combusted in equipment","categoryPath":["Technosphere Flows","22: Utilities","2213: Water, Sewage and Other Systems"],"flowType":"PRODUCT_FLOW","location":"RNA","refUnit":"m3"}},"product":{"@type":"Flow","@id":"52e7f1f1-455f-3c6c-a777-57cc89098528","name":"Bucked and debarked log; hardwood; green; at veneer mill","categoryPath":["Technosphere Flows","31-33: Manufacturing","3212: Veneer, Plywood, and Engineered Wood Product Manufacturing"],"flowType":"PRODUCT_FLOW","location":"US","refUnit":"m3"},"value":0.949406332},{"@type":"AllocationFactor","allocationType":"CAUSAL_ALLOCATION","exchange":{"@type":"Exchange","internalId":2,"flow":{"@type":"Flow","@id":"cbb91e4a-0a0f-3b79-9f6f-d54d716e05ea","name":"Bark; hardwood; green; at mill","categoryPath":["Technosphere Flows","11: Agriculture, Forestry, Fishing and Hunting","1133: Logging"],"flowType":"PRODUCT_FLOW","location":"US","refUnit":"kg"}},"product":{"@type":"Flow","@id":"52e7f1f1-455f-3c6c-a777-57cc89098528","name":"Bucked and debarked log; hardwood; green; at veneer mill","categoryPath":["Technosphere Flows","31-33: Manufacturing","3212: Veneer, Plywood, and Engineered Wood Product Manufacturing"],"flowType":"PRODUCT_FLOW","location":"US","refUnit":"m3"},"value":0.949406332},{"@type":"AllocationFactor","allocationType":"PHYSICAL_ALLOCATION","product":{"@type":"Flow","@id":"086e1013-f898-357f-b6af-da332554166e","name":"Wood fuel; hardwood; green; at veneer mill","categoryPath":["Technosphere Flows","31-33: Manufacturing","3212: Veneer, Plywood, and Engineered Wood Product Manufacturing"],"flowType":"PRODUCT_FLOW","location":"US","refUnit":"kg"},"value":0.004537553},{"@type":"AllocationFactor","allocationType":"CAUSAL_ALLOCATION","exchange":{"@type":"Exchange","internalId":10,"flow":{"@type":"Flow","@id":"60c44220-4e65-3d83-8769-6534f8a4c284","name":"Disposal, solid waste, unspecified, to inert material landfill","categoryPath":["Technosphere Flows","CUTOFF Flows"],"flowType":"PRODUCT_FLOW","refUnit":"kg"}},"product":{"@type":"Flow","@id":"7beb2597-d87c-32ba-83c4-336f5dc23a19","name":"Bark; hardwood; green; at veneer mill","categoryPath":["Technosphere Flows","31-33: Manufacturing","3212: Veneer, Plywood, and Engineered Wood Product Manufacturing"],"flowType":"PRODUCT_FLOW","location":"US","refUnit":"kg"},"value":0.046056115},{"@type":"AllocationFactor","allocationType":"CAUSAL_ALLOCATION","exchange":{"@type":"Exchange","internalId":9,"flow":{"@type":"Flow","@id":"06581fb2-1de0-3e78-8298-f37605dea142","name":"Electricity, at grid","categoryPath":["Technosphere Flows","22: Utilities","2211: Electric Power Generation, Transmission and Distribution"],"flowType":"PRODUCT_FLOW","location":"RNA","refUnit":"MJ"}},"product":{"@type":"Flow","@id":"086e1013-f898-357f-b6af-da332554166e","name":"Wood fuel; hardwood; green; at veneer mill","categoryPath":["Technosphere Flows","31-33: Manufacturing","3212: Veneer, Plywood, and Engineered Wood Product Manufacturing"],"flowType":"PRODUCT_FLOW","location":"US","refUnit":"kg"},"value":0.004537553}]}