{"@context":"http://greendelta.github.io/olca-schema/context.jsonld","@type":"Process","@id":"d3db6ab2-33de-453b-ac74-0567ba7fa95b","name":"Natural gas, processed, for energy use, at plant","description":"Bridge process created to allow for natural gas supply chain updates and to track energy of material use (EMR) vs. energy use in consuming supply chains; created by USLCI Data Curator 2020_Q4\r\n","version":"00.00.006","lastChange":"2021-01-24T03:31:03.739-05:00","category":{"@type":"Category","@id":"b22278b5-8607-3d1e-8456-ef3fd9a84857","name":"2111: Oil and Gas Extraction","categoryPath":["21: Mining, Quarrying, and Oil and Gas Extraction"],"categoryType":"Process"},"processType":"UNIT_PROCESS","defaultAllocationMethod":"NO_ALLOCATION","infrastructureProcess":false,"processDocumentation":{"@type":"ProcessDocumentation","copyright":false,"creationDate":"2021-01-07T14:02:01.553-05:00"},"lastInternalId":3,"exchanges":[{"@type":"Exchange","avoidedProduct":false,"input":false,"amount":1.0,"internalId":3,"flow":{"@type":"Flow","@id":"1a34bf95-f897-4af9-b70c-368fce9e41d6","name":"Natural gas, production mixture, to energy use","categoryPath":["Technosphere Flows","21: Mining, Quarrying, and Oil and Gas Extraction","2111: Oil and Gas Extraction"],"flowType":"PRODUCT_FLOW","refUnit":"kg"},"unit":{"@type":"Unit","@id":"20aadc24-a391-41cf-b340-3e4529f44bde","name":"kg"},"flowProperty":{"@type":"FlowProperty","@id":"93a60a56-a3c8-11da-a746-0800200b9a66","name":"Mass","categoryPath":["Technical flow properties"]},"quantitativeReference":true},{"@type":"Exchange","avoidedProduct":false,"input":true,"amount":1.0,"internalId":2,"defaultProvider":{"@type":"Process","@id":"ee8077d4-d28c-46c4-9f15-5b22bce6063d","name":"Natural gas, at processing, production mixture, to consumer, kg","categoryPath":["21: Mining, Quarrying, and Oil and Gas Extraction","2111: Oil and Gas Extraction"],"processType":"UNIT_PROCESS","location":"US"},"flow":{"@type":"Flow","@id":"1a30ee75-215c-47ab-8927-8d15cdf63407","name":"Natural gas, at processing, composite, kg","categoryPath":["Technosphere Flows","21: Mining, Quarrying, and Oil and Gas Extraction","2111: Oil and Gas Extraction"],"flowType":"PRODUCT_FLOW","refUnit":"kg"},"unit":{"@type":"Unit","@id":"20aadc24-a391-41cf-b340-3e4529f44bde","name":"kg"},"flowProperty":{"@type":"FlowProperty","@id":"93a60a56-a3c8-11da-a746-0800200b9a66","name":"Mass","categoryPath":["Technical flow properties"]}}]}