{"@context":"http://greendelta.github.io/olca-schema/context.jsonld","@type":"Process","@id":"de182d9f-35b5-333a-8012-445b93549447","name":"Anthracite coal, at mine","description":"\nImportant note: although most of the data in the US LCI database has \nundergone some sort of review, the database as a whole has not yet \nundergone a formal validation process.\nPlease email comments to lci@nrel.gov.","version":"00.01.008","lastChange":"2021-04-06T11:44:31.420-04:00","category":{"@type":"Category","@id":"8375ea8d-e1ac-35d9-8d8f-632a9ab8884b","name":"2121: Coal Mining","categoryPath":["21: Mining, Quarrying, and Oil and Gas Extraction"],"categoryType":"Process"},"processType":"UNIT_PROCESS","defaultAllocationMethod":"NO_ALLOCATION","infrastructureProcess":false,"location":{"@type":"Location","@id":"b320e7db-c758-3ba6-8839-81eb83c9d7d7","name":"Northern America"},"processDocumentation":{"@type":"ProcessDocumentation","technologyDescription":"Data for anthracite coal mining by conventional mining methods (underground and surface).","restrictionsDescription":"All information can be accessed by everybody.","copyright":false,"validFrom":"9998-12-31-05:00","validUntil":"9998-12-31-05:00","creationDate":"2015-09-17T15:12:16.007-04:00","geographyDescription":"North America","dataDocumentor":{"@type":"Actor","@id":"3c3cdb41-4128-3abd-8791-50eccc5b0228","name":"Jeff Hernbloom"},"dataGenerator":{"@type":"Actor","@id":"3c3cdb41-4128-3abd-8791-50eccc5b0228","name":"Jeff Hernbloom"},"publication":{"@type":"Source","@id":"8a25a9eb-0930-3ff4-9d69-206157b5c453","name":"Franklin Associates (2003) Anthracite Production"},"sources":[{"@type":"Source","@id":"8a25a9eb-0930-3ff4-9d69-206157b5c453","name":"Franklin Associates (2003) Anthracite Production"},{"@type":"Source","@id":"efe8b206-d7cc-3bd4-af63-b85659ffd048","name":"unspecified "},{"@type":"Source","@id":"b3b7aea4-6884-394c-be45-fb0cddcb5536","name":"USDA/ERS "},{"@type":"Source","@id":"c407d425-4ac8-343a-92b0-9238a3fd59a9","name":"U.S. Census Bureau "},{"@type":"Source","@id":"994c1708-5efa-3e95-925e-203715f87ffe","name":"U.S. Department of Energy "},{"@type":"Source","@id":"f94e15ae-7c7e-3a00-97d5-78982882eb74","name":"unspecified "},{"@type":"Source","@id":"ee70af1f-0215-3cbc-ac20-8f6d80df9f46","name":"U.S. EPA "},{"@type":"Source","@id":"4df1005d-e454-300a-8d58-b8bd5dfb47b6","name":"USDA/NCRS "},{"@type":"Source","@id":"08b85575-2245-3969-b5ea-df43e67404d6","name":"U.S. EPA "},{"@type":"Source","@id":"6ad7569e-c7c1-33e8-bc14-22fd00c0ae22","name":"unspecified "}]},"lastInternalId":0,"exchanges":[{"@type":"Exchange","avoidedProduct":false,"input":false,"amount":1.0,"description":"Processed coal for use in utilities, home heating, steel production (EAF), light industry (e.g., aluminum, charcoal)","internalId":1,"flow":{"@type":"Flow","@id":"81b85c3d-aeef-3a29-81d1-b39e1de928a8","name":"Anthracite coal, at mine","categoryPath":["Technosphere Flows","21: Mining, Quarrying, and Oil and Gas Extraction","2121: Coal Mining"],"flowType":"PRODUCT_FLOW","location":"RNA","refUnit":"kg"},"unit":{"@type":"Unit","@id":"20aadc24-a391-41cf-b340-3e4529f44bde","name":"kg"},"flowProperty":{"@type":"FlowProperty","@id":"93a60a56-a3c8-11da-a746-0800200b9a66","name":"Mass","categoryPath":["Technical flow properties"]},"quantitativeReference":true},{"@type":"Exchange","avoidedProduct":false,"input":true,"amount":0.271,"description":"Produced from froth floatation, primary cleaning, sinking mine shaft, treating runoff","internalId":6,"flow":{"@type":"Flow","@id":"c3c58b7e-6561-36c7-a537-b10b1f2a5e39","name":"Disposal, solid waste, unspecified, to unspecified treatment","categoryPath":["Technosphere Flows","CUTOFF Flows"],"flowType":"PRODUCT_FLOW","refUnit":"kg"},"unit":{"@type":"Unit","@id":"20aadc24-a391-41cf-b340-3e4529f44bde","name":"kg"},"flowProperty":{"@type":"FlowProperty","@id":"93a60a56-a3c8-11da-a746-0800200b9a66","name":"Mass","categoryPath":["Technical flow properties"]}},{"@type":"Exchange","avoidedProduct":false,"input":true,"amount":0.17,"internalId":11,"defaultProvider":{"@type":"Process","@id":"27e8fce4-a5c1-37af-84b9-763582a5ca3e","name":"Anthracite coal, combusted in industrial boiler","categoryPath":["22: Utilities","2213: Water, Sewage and Other Systems"],"processType":"UNIT_PROCESS","location":"RNA"},"flow":{"@type":"Flow","@id":"46495019-6f20-3587-8624-0399a6c016c9","name":"Anthracite coal, combusted in industrial boiler","categoryPath":["Technosphere Flows","22: Utilities","2213: Water, Sewage and Other Systems"],"flowType":"PRODUCT_FLOW","location":"RNA","refUnit":"kg"},"unit":{"@type":"Unit","@id":"20aadc24-a391-41cf-b340-3e4529f44bde","name":"kg"},"flowProperty":{"@type":"FlowProperty","@id":"93a60a56-a3c8-11da-a746-0800200b9a66","name":"Mass","categoryPath":["Technical flow properties"]}},{"@type":"Exchange","avoidedProduct":false,"input":false,"amount":2.59E-4,"description":"Acid mine drainage","internalId":7,"flow":{"@type":"Flow","@id":"f0c2682e-2a68-33f1-80bb-005ee7844eb0","name":"Suspended solids, inorganic","categoryPath":["Elementary Flows","emission","water"],"flowType":"ELEMENTARY_FLOW","refUnit":"kg"},"unit":{"@type":"Unit","@id":"20aadc24-a391-41cf-b340-3e4529f44bde","name":"kg"},"flowProperty":{"@type":"FlowProperty","@id":"93a60a56-a3c8-11da-a746-0800200b9a66","name":"Mass","categoryPath":["Technical flow properties"]}},{"@type":"Exchange","avoidedProduct":false,"input":false,"amount":0.00159,"description":"A portion from mining and processing; some released prior to combustion (funciton of mining technology underground vs. surface)","internalId":8,"flow":{"@type":"Flow","@id":"aab83476-ec6c-3742-af85-15d320b7ce80","name":"Methane","categoryPath":["Elementary Flows","emission","air"],"flowType":"ELEMENTARY_FLOW","refUnit":"kg"},"unit":{"@type":"Unit","@id":"20aadc24-a391-41cf-b340-3e4529f44bde","name":"kg"},"flowProperty":{"@type":"FlowProperty","@id":"93a60a56-a3c8-11da-a746-0800200b9a66","name":"Mass","categoryPath":["Technical flow properties"]}},{"@type":"Exchange","avoidedProduct":false,"input":true,"amount":32.5733,"description":"This input of coal from nature in MJ represents the higher heating value (HHV) of 1 kg of output coal.","internalId":14,"flow":{"@type":"Flow","@id":"ab4d79b6-f2ad-3757-beae-17cba8a53f5a","name":"Coal, anthracite","categoryPath":["Elementary Flows","resource","ground"],"flowType":"ELEMENTARY_FLOW","refUnit":"MJ"},"unit":{"@type":"Unit","@id":"52765a6c-3896-43c2-b2f4-c679acf13efe","name":"MJ"},"flowProperty":{"@type":"FlowProperty","@id":"f6811440-ee37-11de-8a39-0800200c9a66","name":"Energy","categoryPath":["Technical flow properties"]}},{"@type":"Exchange","avoidedProduct":false,"input":false,"amount":0.0021,"description":"A portion from mining and processing; some from cleaning","internalId":15,"flow":{"@type":"Flow","@id":"0418b561-ecf8-33c8-9c81-225789f15bd3","name":"Particulate matter","categoryPath":["Elementary Flows","emission","air"],"flowType":"ELEMENTARY_FLOW","refUnit":"kg"},"unit":{"@type":"Unit","@id":"20aadc24-a391-41cf-b340-3e4529f44bde","name":"kg"},"flowProperty":{"@type":"FlowProperty","@id":"93a60a56-a3c8-11da-a746-0800200b9a66","name":"Mass","categoryPath":["Technical flow properties"]}},{"@type":"Exchange","avoidedProduct":false,"input":true,"amount":2.32E-4,"internalId":3,"defaultProvider":{"@type":"Process","@id":"5b81b61c-4d10-3bed-9926-8a5f868f5174","name":"Natural gas, combusted in industrial boiler","categoryPath":["22: Utilities","2213: Water, Sewage and Other Systems"],"processType":"UNIT_PROCESS","location":"RNA"},"flow":{"@type":"Flow","@id":"bb1dc159-fe13-3f8e-8197-361e8c770ba3","name":"Natural gas, combusted in industrial boiler","categoryPath":["Technosphere Flows","22: Utilities","2213: Water, Sewage and Other Systems"],"flowType":"PRODUCT_FLOW","location":"RNA","refUnit":"m3"},"unit":{"@type":"Unit","@id":"1c3a9695-398d-4b1f-b07e-a8715b610f70","name":"m3"},"flowProperty":{"@type":"FlowProperty","@id":"93a60a56-a3c8-22da-a746-0800200c9a66","name":"Volume","categoryPath":["Technical flow properties"]}},{"@type":"Exchange","avoidedProduct":false,"input":false,"amount":3.18E-5,"description":"From cleaning","internalId":10,"flow":{"@type":"Flow","@id":"6f861846-1c4c-3fc9-a198-56b2d9abd83b","name":"Volatile organic compounds","categoryPath":["Elementary Flows","emission","air"],"flowType":"ELEMENTARY_FLOW","refUnit":"kg"},"unit":{"@type":"Unit","@id":"20aadc24-a391-41cf-b340-3e4529f44bde","name":"kg"},"flowProperty":{"@type":"FlowProperty","@id":"93a60a56-a3c8-11da-a746-0800200b9a66","name":"Mass","categoryPath":["Technical flow properties"]}},{"@type":"Exchange","avoidedProduct":false,"input":true,"amount":2.68E-4,"internalId":12,"defaultProvider":{"@type":"Process","@id":"d3e13675-1455-375f-a557-bb8234de75ff","name":"Gasoline, combusted in equipment","categoryPath":["22: Utilities","2213: Water, Sewage and Other Systems"],"processType":"UNIT_PROCESS","location":"RNA"},"flow":{"@type":"Flow","@id":"bc38e349-1ccf-3855-a615-a4f581ab875b","name":"Gasoline, combusted in equipment","categoryPath":["Technosphere Flows","22: Utilities","2213: Water, Sewage and Other Systems"],"flowType":"PRODUCT_FLOW","location":"RNA","refUnit":"m3"},"unit":{"@type":"Unit","@id":"b80a512e-e402-4363-8ad0-7d02dcf4a459","name":"l"},"flowProperty":{"@type":"FlowProperty","@id":"93a60a56-a3c8-22da-a746-0800200c9a66","name":"Volume","categoryPath":["Technical flow properties"]}},{"@type":"Exchange","avoidedProduct":false,"input":false,"amount":2.22E-5,"description":"Acid mine drainage\r\n","internalId":2,"flow":{"@type":"Flow","@id":"2b61d376-c8c2-31ae-9c19-9b8b958c74dd","name":"Iron","categoryPath":["Elementary Flows","emission","water"],"flowType":"ELEMENTARY_FLOW","refUnit":"kg"},"unit":{"@type":"Unit","@id":"20aadc24-a391-41cf-b340-3e4529f44bde","name":"kg"},"flowProperty":{"@type":"FlowProperty","@id":"93a60a56-a3c8-11da-a746-0800200b9a66","name":"Mass","categoryPath":["Technical flow properties"]}},{"@type":"Exchange","avoidedProduct":false,"input":true,"amount":0.0212,"internalId":5,"defaultProvider":{"@type":"Process","@id":"89389d98-1ba6-30c5-9c33-92443694936b","name":"Electricity, at Grid, US, 2010","categoryPath":["22: Utilities","2211: Electric Power Generation, Transmission and Distribution"],"processType":"UNIT_PROCESS","location":"RNA"},"flow":{"@type":"Flow","@id":"06581fb2-1de0-3e78-8298-f37605dea142","name":"Electricity, at grid","categoryPath":["Technosphere Flows","22: Utilities","2211: Electric Power Generation, Transmission and Distribution"],"flowType":"PRODUCT_FLOW","location":"RNA","refUnit":"MJ"},"unit":{"@type":"Unit","@id":"86ad2244-1f0e-4912-af53-7865283103e4","name":"kWh"},"flowProperty":{"@type":"FlowProperty","@id":"f6811440-ee37-11de-8a39-0800200c9a66","name":"Energy","categoryPath":["Technical flow properties"]}},{"@type":"Exchange","avoidedProduct":false,"input":true,"amount":0.00134,"internalId":9,"defaultProvider":{"@type":"Process","@id":"9d9b6815-9349-30af-869b-57362428c42e","name":"Residual fuel oil, combusted in industrial boiler","categoryPath":["22: Utilities","2213: Water, Sewage and Other Systems"],"processType":"UNIT_PROCESS","location":"RNA"},"flow":{"@type":"Flow","@id":"654a5cf6-185f-3d91-89ef-42442d1825e8","name":"Residual fuel oil, combusted in industrial boiler","categoryPath":["Technosphere Flows","22: Utilities","2213: Water, Sewage and Other Systems"],"flowType":"PRODUCT_FLOW","location":"RNA","refUnit":"m3"},"unit":{"@type":"Unit","@id":"b80a512e-e402-4363-8ad0-7d02dcf4a459","name":"l"},"flowProperty":{"@type":"FlowProperty","@id":"93a60a56-a3c8-22da-a746-0800200c9a66","name":"Volume","categoryPath":["Technical flow properties"]}},{"@type":"Exchange","avoidedProduct":false,"input":false,"amount":1.48E-5,"description":"Acid mine drainage","internalId":4,"flow":{"@type":"Flow","@id":"8f023abc-b8fc-3ef7-9571-f4cf6c2b6820","name":"Manganese","categoryPath":["Elementary Flows","emission","water"],"flowType":"ELEMENTARY_FLOW","refUnit":"kg"},"unit":{"@type":"Unit","@id":"20aadc24-a391-41cf-b340-3e4529f44bde","name":"kg"},"flowProperty":{"@type":"FlowProperty","@id":"93a60a56-a3c8-11da-a746-0800200b9a66","name":"Mass","categoryPath":["Technical flow properties"]}},{"@type":"Exchange","avoidedProduct":false,"input":true,"amount":0.00364,"internalId":13,"defaultProvider":{"@type":"Process","@id":"53804132-4bd6-3b18-bfbd-14ac762431ef","name":"Diesel, combusted in industrial boiler","categoryPath":["22: Utilities","2213: Water, Sewage and Other Systems"],"processType":"UNIT_PROCESS","location":"RNA"},"flow":{"@type":"Flow","@id":"e04995fa-935b-316c-b112-5b436c8ea3d6","name":"Diesel, combusted in industrial boiler","categoryPath":["Technosphere Flows","22: Utilities","2213: Water, Sewage and Other Systems"],"flowType":"PRODUCT_FLOW","location":"RNA","refUnit":"m3"},"unit":{"@type":"Unit","@id":"b80a512e-e402-4363-8ad0-7d02dcf4a459","name":"l"},"flowProperty":{"@type":"FlowProperty","@id":"93a60a56-a3c8-22da-a746-0800200c9a66","name":"Volume","categoryPath":["Technical flow properties"]}}]}