{"@context":"http://greendelta.github.io/olca-schema/context.jsonld","@type":"Process","@id":"eef00fd7-dbc0-3f3e-b012-56731b6b2e91","name":"Conditioned log, hardwood, green, at veneer mill, E","description":"All weights given on an ovendry basis. All moisture contents are on an ovendry basis.  MC% \u003d(weight of water in wood / weight of oven dry wood) *100. Reference to specific gravities use oven dry mass and volumes at specified moisture contents.  Reference to densities use mass and volume at specified moistrue contents.\n\nImportant note: although most of the data in the US LCI database has \nundergone some sort of review, the database as a whole has not yet \nundergone a formal validation process.\nPlease email comments to lci@nrel.gov.","version":"00.00.007","lastChange":"2021-09-30T22:56:31.094-04:00","category":{"@type":"Category","@id":"da6eb560-3684-3583-88f4-c1864b109350","name":"3212: Veneer, Plywood, and Engineered Wood Product Manufacturing","categoryPath":["31-33: Manufacturing"],"categoryType":"Process"},"processType":"UNIT_PROCESS","defaultAllocationMethod":"NO_ALLOCATION","infrastructureProcess":false,"location":{"@type":"Location","@id":"0b3b97fa-6688-3c56-88ee-4ae80ec0c3c2","name":"United States"},"processDocumentation":{"@type":"ProcessDocumentation","technologyDescription":"Typical","samplingDescription":"Questionnaires from  4 veneer and 5 flooring mills in the E. United States representing 32 states.","restrictionsDescription":"All information can be accessed by everybody.","copyright":false,"validFrom":"2006-12-31-05:00","validUntil":"2006-12-31-05:00","creationDate":"2015-08-04T14:46:05.362-04:00","geographyDescription":"E\u003d Eastern US United States. The states included MN, IA, MO, WI, IL, NJ, OH, IN, MI, WV, PA, MD, DW, NJ, NY, ME, VT, NH, RI, MA, CT, VA, KY, AR, LA, MS, AL, FL,GA, NC, SC, and TN","dataDocumentor":{"@type":"Actor","@id":"ae081e38-d629-3c22-86de-dbc3bb038016","name":"Maureen Puetmann"},"dataGenerator":{"@type":"Actor","@id":"ae081e38-d629-3c22-86de-dbc3bb038016","name":"Maureen Puetmann"},"publication":{"@type":"Source","@id":"90575c97-9cbe-3bfb-979d-e6986f221aaf","name":"Richard D. Bergman "},"sources":[{"@type":"Source","@id":"90575c97-9cbe-3bfb-979d-e6986f221aaf","name":"Richard D. Bergman "}]},"lastInternalId":0,"exchanges":[{"@type":"Exchange","avoidedProduct":false,"input":false,"amount":1.0,"description":"Based on a weighted average green density and specific gravity of 944 kg/m3 and 0.510. 2.46 M3 \u003d 1255 KG  Moisture content (ovendry basis) \u003d 85%.    ","internalId":1,"flow":{"@type":"Flow","@id":"0776e600-7518-3fc8-bd33-1581b895bbfb","name":"Conditioned log; hardwood; green; at veneer mill","categoryPath":["Technosphere Flows","31-33: Manufacturing","3212: Veneer, Plywood, and Engineered Wood Product Manufacturing"],"flowType":"PRODUCT_FLOW","location":"US","refUnit":"m3"},"unit":{"@type":"Unit","@id":"1c3a9695-398d-4b1f-b07e-a8715b610f70","name":"m3"},"flowProperty":{"@type":"FlowProperty","@id":"93a60a56-a3c8-22da-a746-0800200c9a66","name":"Volume","categoryPath":["Technical flow properties"]},"quantitativeReference":true},{"@type":"Exchange","avoidedProduct":false,"input":true,"amount":0.034826295,"description":"Amount of gasoline consumed during conditioning.  Represents 14.3% of mill use of gasoline.","internalId":6,"defaultProvider":{"@type":"Process","@id":"d3e13675-1455-375f-a557-bb8234de75ff","name":"Gasoline, combusted in equipment","categoryPath":["22: Utilities","2213: Water, Sewage and Other Systems"],"processType":"UNIT_PROCESS","location":"RNA"},"flow":{"@type":"Flow","@id":"bc38e349-1ccf-3855-a615-a4f581ab875b","name":"Gasoline, combusted in equipment","categoryPath":["Technosphere Flows","22: Utilities","2213: Water, Sewage and Other Systems"],"flowType":"PRODUCT_FLOW","location":"RNA","refUnit":"m3"},"unit":{"@type":"Unit","@id":"b80a512e-e402-4363-8ad0-7d02dcf4a459","name":"l"},"flowProperty":{"@type":"FlowProperty","@id":"93a60a56-a3c8-22da-a746-0800200c9a66","name":"Volume","categoryPath":["Technical flow properties"]}},{"@type":"Exchange","avoidedProduct":false,"input":true,"amount":0.144262948,"description":"Amount of diesel consumed during conditioning.  Represents 5% of mill use of diesel","internalId":3,"defaultProvider":{"@type":"Process","@id":"d6ad7035-5498-3237-8abd-50e93b1eef89","name":"Diesel, combusted in industrial equipment","categoryPath":["22: Utilities","2213: Water, Sewage and Other Systems"],"processType":"UNIT_PROCESS","location":"RNA"},"flow":{"@type":"Flow","@id":"d815ff18-015c-3afb-be18-be03bdf325da","name":"Diesel, combusted in industrial equipment","categoryPath":["Technosphere Flows","22: Utilities","2213: Water, Sewage and Other Systems"],"flowType":"PRODUCT_FLOW","location":"RNA","refUnit":"m3"},"unit":{"@type":"Unit","@id":"b80a512e-e402-4363-8ad0-7d02dcf4a459","name":"l"},"flowProperty":{"@type":"FlowProperty","@id":"93a60a56-a3c8-22da-a746-0800200c9a66","name":"Volume","categoryPath":["Technical flow properties"]}},{"@type":"Exchange","avoidedProduct":false,"input":true,"amount":197498.008,"description":"Live steam used to heat vats for conditioning logs; Represents 50% of mill use of surface water.","internalId":7,"flow":{"@type":"Flow","@id":"e2eb491c-78ff-3123-9e42-494c7d199b44","name":"Water","categoryPath":["Elementary Flows","resource","water"],"flowType":"ELEMENTARY_FLOW","refUnit":"kg"},"unit":{"@type":"Unit","@id":"20aadc24-a391-41cf-b340-3e4529f44bde","name":"kg"},"flowProperty":{"@type":"FlowProperty","@id":"93a60a56-a3c8-11da-a746-0800200b9a66","name":"Mass","categoryPath":["Technical flow properties"]}},{"@type":"Exchange","avoidedProduct":false,"input":true,"amount":617.8924303,"description":"Amount of heat consumed on-site from burning wood and fossil fuels  during block conditioning. Represents 28.7% mill use of heat","internalId":2,"defaultProvider":{"@type":"Process","@id":"396f5200-0194-30c3-8b5f-96a33bde9c6c","name":"Heat, drying veneer, hardwood, at veneer mill, E","categoryPath":["31-33: Manufacturing","3212: Veneer, Plywood, and Engineered Wood Product Manufacturing"],"processType":"UNIT_PROCESS","location":"US"},"flow":{"@type":"Flow","@id":"9ebe90f5-2dc4-3bf3-87da-85c47b29a7f8","name":"Heat; block conditioning; at veneer mill","categoryPath":["Technosphere Flows","31-33: Manufacturing","3212: Veneer, Plywood, and Engineered Wood Product Manufacturing"],"flowType":"PRODUCT_FLOW","location":"US","refUnit":"MJ"},"unit":{"@type":"Unit","@id":"52765a6c-3896-43c2-b2f4-c679acf13efe","name":"MJ"},"flowProperty":{"@type":"FlowProperty","@id":"f6811440-ee37-11de-8a39-0800200c9a66","name":"Energy","categoryPath":["Technical flow properties"]}},{"@type":"Exchange","avoidedProduct":false,"input":true,"amount":577051.7928,"description":"Live steam used to heat vats for conditioning logs; Represents 50% of mill use of well water.","internalId":8,"flow":{"@type":"Flow","@id":"01ec7937-eea7-3830-aaf6-3be74f4d952b","name":"Water","categoryPath":["Elementary Flows","resource","water","subterranean"],"flowType":"ELEMENTARY_FLOW","refUnit":"kg"},"unit":{"@type":"Unit","@id":"20aadc24-a391-41cf-b340-3e4529f44bde","name":"kg"},"flowProperty":{"@type":"FlowProperty","@id":"93a60a56-a3c8-11da-a746-0800200b9a66","name":"Mass","categoryPath":["Technical flow properties"]}},{"@type":"Exchange","avoidedProduct":false,"input":true,"amount":1.80023904E-4,"description":"Amount of natural gas consumed during conditioning.  Represents 14.3% of mill use of natural gas; proxy for propane","internalId":5,"defaultProvider":{"@type":"Process","@id":"7b7babef-a97a-3510-88f2-ee70aa1fa03b","name":"Natural gas, combusted in industrial equipment","categoryPath":["22: Utilities","2213: Water, Sewage and Other Systems"],"processType":"UNIT_PROCESS","location":"RNA"},"flow":{"@type":"Flow","@id":"9dfc02c2-db7e-3c19-b120-165cab1a22c5","name":"Natural gas, combusted in industrial equipment, 1.357 m3/kg, 52.13 MJ/kg","categoryPath":["Technosphere Flows","22: Utilities","2213: Water, Sewage and Other Systems"],"flowType":"PRODUCT_FLOW","location":"RNA","refUnit":"m3"},"unit":{"@type":"Unit","@id":"1c3a9695-398d-4b1f-b07e-a8715b610f70","name":"m3"},"flowProperty":{"@type":"FlowProperty","@id":"93a60a56-a3c8-22da-a746-0800200c9a66","name":"Volume","categoryPath":["Technical flow properties"]}},{"@type":"Exchange","avoidedProduct":false,"input":true,"amount":10.84794157,"description":"Amount of electricity consumed during conditions.  Represents 2.4% of mill use of electricity. ","internalId":4,"defaultProvider":{"@type":"Process","@id":"e5856077-a966-4692-9d10-e747237d4fa6","name":"Electricity, Eastern US, 2014","categoryPath":["22: Utilities","2211: Electric Power Generation, Transmission and Distribution"],"processType":"UNIT_PROCESS","location":"US"},"flow":{"@type":"Flow","@id":"06581fb2-1de0-3e78-8298-f37605dea142","name":"Electricity, at grid","categoryPath":["Technosphere Flows","22: Utilities","2211: Electric Power Generation, Transmission and Distribution"],"flowType":"PRODUCT_FLOW","location":"RNA","refUnit":"MJ"},"unit":{"@type":"Unit","@id":"86ad2244-1f0e-4912-af53-7865283103e4","name":"kWh"},"flowProperty":{"@type":"FlowProperty","@id":"f6811440-ee37-11de-8a39-0800200c9a66","name":"Energy","categoryPath":["Technical flow properties"]}},{"@type":"Exchange","avoidedProduct":false,"input":true,"amount":1.0,"description":"Based on a weighted average green density and specific gravity of 944 kg/m3 and 0.510. 2.46 M3 \u003d 1255 KG  Moisture content (ovendry basis) \u003d 85%.    ","internalId":9,"defaultProvider":{"@type":"Process","@id":"bf3d3ce7-aac2-3a3c-b3e8-5c0a29bfb678","name":"Bucked and debarked log, hardwood, green, at veneer mill, E","categoryPath":["31-33: Manufacturing","3212: Veneer, Plywood, and Engineered Wood Product Manufacturing"],"processType":"UNIT_PROCESS","location":"US"},"flow":{"@type":"Flow","@id":"52e7f1f1-455f-3c6c-a777-57cc89098528","name":"Bucked and debarked log; hardwood; green; at veneer mill","categoryPath":["Technosphere Flows","31-33: Manufacturing","3212: Veneer, Plywood, and Engineered Wood Product Manufacturing"],"flowType":"PRODUCT_FLOW","location":"US","refUnit":"m3"},"unit":{"@type":"Unit","@id":"1c3a9695-398d-4b1f-b07e-a8715b610f70","name":"m3"},"flowProperty":{"@type":"FlowProperty","@id":"93a60a56-a3c8-22da-a746-0800200c9a66","name":"Volume","categoryPath":["Technical flow properties"]}}]}