{"@type":"Flow","@id":"00638997-8af1-3010-b9b5-5be61948358a","name":"Thorium-232","description":"From FedElemFlowList_1.0.1.1. Flow Class: Chemicals. Not a preferred flow.","category":"Elementary Flows/emission/water/fresh water body","version":"01.00.001","lastChange":"2020-02-21T14:11:44.127Z","flowType":"ELEMENTARY_FLOW","cas":"7440-29-1","formula":"Th","isInfrastructureFlow":false,"flowProperties":[{"@type":"FlowPropertyFactor","flowProperty":{"@type":"FlowProperty","@id":"93a60a56-a3c8-11da-a746-0800200b9a66","name":"Mass","category":"Technical flow properties","refUnit":"kg"},"conversionFactor":2.5E-4},{"@type":"FlowPropertyFactor","isRefFlowProperty":true,"flowProperty":{"@type":"FlowProperty","@id":"93a60a56-a3c8-17da-a746-0800200c9a66","name":"Radioactivity","category":"Technical flow properties","refUnit":"kBq"},"conversionFactor":1.0}]}