{"@type":"Flow","@id":"09744a4a-5791-3218-afef-bc6ad0253d67","name":"Aluminum, secondary, rolled","category":"Technosphere Flows/31-33: Manufacturing/3313: Alumina and Aluminum Production and Processing","version":"00.00.003","lastChange":"2019-09-19T17:59:05.993Z","flowType":"PRODUCT_FLOW","isInfrastructureFlow":false,"location":{"@type":"Location","@id":"b320e7db-c758-3ba6-8839-81eb83c9d7d7","name":"Northern America"},"flowProperties":[{"@type":"FlowPropertyFactor","isRefFlowProperty":true,"flowProperty":{"@type":"FlowProperty","@id":"93a60a56-a3c8-11da-a746-0800200b9a66","name":"Mass","category":"Technical flow properties","refUnit":"kg"},"conversionFactor":1.0}]}