{"@type":"Flow","@id":"09a5936c-efb6-31e7-9666-488daf680f52","name":"1,3-Butadiene","description":"From FedElemFlowList_1.0.1. Flow Class: Chemicals. Not a preferred flow.","category":"Elementary Flows/emission/air/stratosphere","version":"01.00.001","lastChange":"2020-01-13T21:09:45.230Z","flowType":"ELEMENTARY_FLOW","cas":"106-99-0","formula":"C4H6","isInfrastructureFlow":false,"flowProperties":[{"@type":"FlowPropertyFactor","isRefFlowProperty":true,"flowProperty":{"@type":"FlowProperty","@id":"93a60a56-a3c8-11da-a746-0800200b9a66","name":"Mass","category":"Technical flow properties","refUnit":"kg"},"conversionFactor":1.0}]}