{"@type":"Flow","@id":"0abf9db7-b5a2-4c18-8ec6-aca3a7fb5579","name":"Transformation, to traffic area, rail network","category":"Ecosystem Services","version":"00.00.001","flowType":"PRODUCT_FLOW","formula":"CORINE 122c","isInfrastructureFlow":false,"flowProperties":[{"@type":"FlowPropertyFactor","isRefFlowProperty":true,"flowProperty":{"@type":"FlowProperty","@id":"93a60a56-a3c8-19da-a746-0800200c9a66","name":"Area","category":"Technical flow properties","refUnit":"m2"},"conversionFactor":1.0}]}