{"@type":"Flow","@id":"0ad02910-742a-31a0-a960-415b61e5fe71","name":"Metallurgical coke, at plant","category":"Technosphere Flows/31-33: Manufacturing/3311: Iron and Steel Mills and Ferroalloy Manufacturing","version":"00.00.003","lastChange":"2019-09-19T17:57:31.666Z","flowType":"PRODUCT_FLOW","isInfrastructureFlow":false,"location":{"@type":"Location","@id":"b320e7db-c758-3ba6-8839-81eb83c9d7d7","name":"Northern America"},"flowProperties":[{"@type":"FlowPropertyFactor","isRefFlowProperty":true,"flowProperty":{"@type":"FlowProperty","@id":"93a60a56-a3c8-11da-a746-0800200b9a66","name":"Mass","category":"Technical flow properties","refUnit":"kg"},"conversionFactor":1.0}]}