{"@type":"Flow","@id":"0fcafbf0-b43e-35ff-b6ec-f9672025bdb8","name":"4-Chlorophenoxyacetic acid","description":"From FedElemFlowList_1.0. Flow Class: Chemicals. Not a preferred flow.","category":"Elementary Flows/emission/air","version":"01.00.000","lastChange":"2019-09-11T14:10:54.932Z","flowType":"ELEMENTARY_FLOW","cas":"122-88-3","formula":"C8H7ClO3","isInfrastructureFlow":false,"flowProperties":[{"@type":"FlowPropertyFactor","isRefFlowProperty":true,"flowProperty":{"@type":"FlowProperty","@id":"93a60a56-a3c8-11da-a746-0800200b9a66","name":"Mass","category":"Technical flow properties","refUnit":"kg"},"conversionFactor":1.0}]}