{"@type":"Flow","@id":"11b6f8e6-4c6c-395a-a27a-2609c58d32a0","name":"RFO, combusted in industrial boiler, at pulp and paper mill (EXCL.)","category":"Technosphere Flows/31-33: Manufacturing/3221: Pulp, Paper, and Paperboard Mills","version":"00.00.003","lastChange":"2019-09-19T17:40:34.152Z","flowType":"PRODUCT_FLOW","isInfrastructureFlow":false,"location":{"@type":"Location","@id":"b320e7db-c758-3ba6-8839-81eb83c9d7d7","name":"Northern America"},"flowProperties":[{"@type":"FlowPropertyFactor","isRefFlowProperty":true,"flowProperty":{"@type":"FlowProperty","@id":"93a60a56-a3c8-22da-a746-0800200c9a66","name":"Volume","category":"Technical flow properties","refUnit":"m3"},"conversionFactor":1.0}]}