{"@type":"Flow","@id":"13487592-caa0-3671-8c68-476f07428d79","name":"Electricity, from renewable source, unspecified","description":"CUTOFF flow","category":"Technosphere Flows/CUTOFF Flows","version":"00.00.004","flowType":"PRODUCT_FLOW","cas":"NaN","formula":"NaN","isInfrastructureFlow":false,"flowProperties":[{"@type":"FlowPropertyFactor","isRefFlowProperty":true,"flowProperty":{"@type":"FlowProperty","@id":"f6811440-ee37-11de-8a39-0800200c9a66","name":"Energy","category":"Technical flow properties","refUnit":"MJ"},"conversionFactor":1.0}]}