{"@type":"Flow","@id":"13ed0c67-549c-3a01-afee-7083b12dd949","name":"Transport, combination truck, long-haul, diesel powered","category":"Technosphere Flows/48-49: Transportation and Warehousing/4841: General Freight Trucking","version":"00.00.003","lastChange":"2019-09-19T18:25:05.465Z","flowType":"PRODUCT_FLOW","isInfrastructureFlow":false,"location":{"@type":"Location","@id":"b320e7db-c758-3ba6-8839-81eb83c9d7d7","name":"Northern America"},"flowProperties":[{"@type":"FlowPropertyFactor","isRefFlowProperty":true,"flowProperty":{"@type":"FlowProperty","@id":"838aaa20-0117-11db-92e3-0800200c9a66","name":"Goods transport (mass*distance)","category":"Technical flow properties","refUnit":"t*km"},"conversionFactor":1.0}]}