{"@type":"Flow","@id":"153cadce-ae16-3fa0-9741-0eb91f1c77eb","name":"Waste, industrial","category":"Technosphere Flows/56: Administrative and Support and Waste Management and Remediation Services/5622: Waste Treatment and Disposal","version":"00.00.003","lastChange":"2020-04-22T20:34:04.712Z","flowType":"WASTE_FLOW","isInfrastructureFlow":false,"location":{"@type":"Location","@id":"b320e7db-c758-3ba6-8839-81eb83c9d7d7","name":"Northern America"},"flowProperties":[{"@type":"FlowPropertyFactor","isRefFlowProperty":true,"flowProperty":{"@type":"FlowProperty","@id":"93a60a56-a3c8-11da-a746-0800200b9a66","name":"Mass","category":"Technical flow properties","refUnit":"kg"},"conversionFactor":1.0}]}