{"@type":"Flow","@id":"16e9aaa4-b307-3860-a1af-e82f5a1dbd64","name":"Methyl isobutyl ketone","description":"From FedElemFlowList_1.0.1. Flow Class: Chemicals. Not a preferred flow.","category":"Elementary Flows/emission/air","version":"01.00.002","lastChange":"2020-09-10T23:56:30.697Z","flowType":"ELEMENTARY_FLOW","cas":"108-10-1","formula":"C6H12O","synonyms":"4-methylpentan-2-one, Isopropylacetone, MIBK","isInfrastructureFlow":false,"flowProperties":[{"@type":"FlowPropertyFactor","isRefFlowProperty":true,"flowProperty":{"@type":"FlowProperty","@id":"93a60a56-a3c8-11da-a746-0800200b9a66","name":"Mass","category":"Technical flow properties","refUnit":"kg"},"conversionFactor":1.0}]}