{"@type":"Flow","@id":"1964972d-5629-31de-9989-bf30f453253d","name":"Polycyclic aromatic hydrocarbons","description":"From FedElemFlowList_1.0.2. Flow Class: Groups. Not a preferred flow.","category":"Elementary Flows/emission/water/fresh water body","version":"01.00.002","lastChange":"2020-04-22T05:12:10.594Z","flowType":"ELEMENTARY_FLOW","cas":"130498-29-2","formula":"-","isInfrastructureFlow":false,"flowProperties":[{"@type":"FlowPropertyFactor","isRefFlowProperty":true,"flowProperty":{"@type":"FlowProperty","@id":"93a60a56-a3c8-11da-a746-0800200b9a66","name":"Mass","category":"Technical flow properties","refUnit":"kg"},"conversionFactor":1.0}]}