{"@type":"Flow","@id":"1a1ceea6-4230-360b-bc1c-8bc183e088d6","name":"Land use","description":"From FedElemFlowList_1.0.1. Flow Class: Land. Not a preferred flow.","category":"Elementary Flows/resource/ground/human-dominated","version":"01.00.001","lastChange":"2020-01-13T21:09:46.070Z","flowType":"ELEMENTARY_FLOW","isInfrastructureFlow":false,"flowProperties":[{"@type":"FlowPropertyFactor","isRefFlowProperty":true,"flowProperty":{"@type":"FlowProperty","@id":"93a60a56-a3c8-21da-a746-0800200c9a66","name":"Area*time","category":"Technical flow properties","refUnit":"m2*a"},"conversionFactor":1.0}]}