{"@type":"Flow","@id":"1c84835d-be72-40b8-bdd9-c50cc5f7ee87","name":"Non-hazardous waste, to incineration","description":"","category":"Technosphere Flows/56: Administrative and Support and Waste Management and Remediation Services/5622: Waste Treatment and Disposal","version":"00.00.000","lastChange":"2021-08-10T18:47:53.727Z","flowType":"WASTE_FLOW","isInfrastructureFlow":false,"flowProperties":[{"@type":"FlowPropertyFactor","isRefFlowProperty":true,"flowProperty":{"@type":"FlowProperty","@id":"93a60a56-a3c8-11da-a746-0800200b9a66","name":"Mass","category":"Technical flow properties","refUnit":"kg"},"conversionFactor":1.0}]}