{"@type":"Flow","@id":"1ca3b8d5-a002-41c1-bdce-8db63ea6291e","name":"Polyethylene, linear low-density, LLDPE, virgin resin, at plant","description":"","category":"Technosphere Flows/31-33: Manufacturing/3252: Resin, Synthetic Rubber, and Artificial and Synthetic Fibers and Filaments Manufacturing","version":"00.00.010","lastChange":"2020-12-29T18:22:13.656Z","flowType":"PRODUCT_FLOW","isInfrastructureFlow":false,"flowProperties":[{"@type":"FlowPropertyFactor","isRefFlowProperty":true,"flowProperty":{"@type":"FlowProperty","@id":"93a60a56-a3c8-11da-a746-0800200b9a66","name":"Mass","category":"Technical flow properties","refUnit":"kg"},"conversionFactor":1.0}]}