{"@type":"Flow","@id":"1f0bd7aa-6cb7-3b9d-86a5-ef1b7668e8aa","name":"Mixed recyclables, for material recycling facility (MRF)","category":"Technosphere Flows/56: Administrative and Support and Waste Management and Remediation Services/5629: Remediation and Other Waste Management Services","version":"00.00.006","lastChange":"2021-02-24T21:43:30.395Z","flowType":"PRODUCT_FLOW","isInfrastructureFlow":false,"location":{"@type":"Location","@id":"0b3b97fa-6688-3c56-88ee-4ae80ec0c3c2","name":"United States"},"flowProperties":[{"@type":"FlowPropertyFactor","isRefFlowProperty":true,"flowProperty":{"@type":"FlowProperty","@id":"93a60a56-a3c8-11da-a746-0800200b9a66","name":"Mass","category":"Technical flow properties","refUnit":"kg"},"conversionFactor":1.0}]}