{"@type":"Flow","@id":"2a3a08d3-e0b8-3cc3-a907-815524f2b7ba","name":"Cyclohexane","description":"From FedElemFlowList_1.0. Flow Class: Chemicals. Not a preferred flow.","category":"Elementary Flows/emission/ground","version":"01.00.000","lastChange":"2019-09-11T14:11:52.626Z","flowType":"ELEMENTARY_FLOW","cas":"110-82-7","formula":"C6H12","isInfrastructureFlow":false,"flowProperties":[{"@type":"FlowPropertyFactor","isRefFlowProperty":true,"flowProperty":{"@type":"FlowProperty","@id":"93a60a56-a3c8-11da-a746-0800200b9a66","name":"Mass","category":"Technical flow properties","refUnit":"kg"},"conversionFactor":1.0}]}