{"@type":"Flow","@id":"2fb367b7-fba1-4360-817a-b7619a67c466","name":"Transformation, to forest, secondary (non-use)","description":"Reference elementary flow of the International Reference Life Cycle Data System (ILCD).","category":"Ecosystem Services","version":"03.00.006","lastChange":"2021-07-26T21:48:29.159Z","flowType":"PRODUCT_FLOW","isInfrastructureFlow":false,"flowProperties":[{"@type":"FlowPropertyFactor","isRefFlowProperty":true,"flowProperty":{"@type":"FlowProperty","@id":"93a60a56-a3c8-19da-a746-0800200c9a66","name":"Area","category":"Technical flow properties","refUnit":"m2"},"conversionFactor":1.0}]}