{"@type":"Flow","@id":"30c2fe51-642a-4596-b3b4-0a2eadb8dfad","name":"Chromium, at regional storage","description":"","category":"Technosphere Flows/CUTOFF Flows","version":"00.00.001","lastChange":"2020-09-15T19:31:17.387Z","flowType":"PRODUCT_FLOW","cas":"7440-47-3","isInfrastructureFlow":false,"flowProperties":[{"@type":"FlowPropertyFactor","isRefFlowProperty":true,"flowProperty":{"@type":"FlowProperty","@id":"93a60a56-a3c8-11da-a746-0800200b9a66","name":"Mass","category":"Technical flow properties","refUnit":"kg"},"conversionFactor":1.0}]}