{"@type":"Flow","@id":"3730601c-596e-3586-bd83-d6ff4402cf57","name":"Carbon","description":"From FedElemFlowList_1.0.1. Flow Class: Chemicals. Not a preferred flow.","category":"Elementary Flows/emission/ground","version":"01.00.001","lastChange":"2020-01-13T21:09:45.636Z","flowType":"ELEMENTARY_FLOW","cas":"7440-44-0","formula":"C","isInfrastructureFlow":false,"flowProperties":[{"@type":"FlowPropertyFactor","isRefFlowProperty":true,"flowProperty":{"@type":"FlowProperty","@id":"93a60a56-a3c8-11da-a746-0800200b9a66","name":"Mass","category":"Technical flow properties","refUnit":"kg"},"conversionFactor":1.0}]}