{"@type":"Flow","@id":"3ef558de-6c03-3666-bfde-630bad957940","name":"Decane","description":"From FedElemFlowList_1.0. Flow Class: Chemicals. Not a preferred flow.","category":"Elementary Flows/emission/ground/human-dominated/industrial","version":"01.00.000","lastChange":"2019-09-11T14:11:57.310Z","flowType":"ELEMENTARY_FLOW","cas":"124-18-5","formula":"C10H22","isInfrastructureFlow":false,"flowProperties":[{"@type":"FlowPropertyFactor","isRefFlowProperty":true,"flowProperty":{"@type":"FlowProperty","@id":"93a60a56-a3c8-11da-a746-0800200b9a66","name":"Mass","category":"Technical flow properties","refUnit":"kg"},"conversionFactor":1.0}]}