{"@type":"Flow","@id":"3f72fe9c-b003-38ee-b8d2-13a84f60506c","name":"Toluene","description":"From FedElemFlowList_1.0.1. Flow Class: Chemicals. Not a preferred flow.","category":"Elementary Flows/emission/air","version":"01.00.001","lastChange":"2020-01-13T21:09:45.245Z","flowType":"ELEMENTARY_FLOW","cas":"108-88-3","formula":"C7H8","isInfrastructureFlow":false,"flowProperties":[{"@type":"FlowPropertyFactor","isRefFlowProperty":true,"flowProperty":{"@type":"FlowProperty","@id":"93a60a56-a3c8-11da-a746-0800200b9a66","name":"Mass","category":"Technical flow properties","refUnit":"kg"},"conversionFactor":1.0}]}