{"@type":"Flow","@id":"400d5dc2-d792-397b-836d-e9f00557fccd","name":"Sulfite","description":"From FedElemFlowList_1.0. Flow Class: Chemicals. Not a preferred flow.","category":"Elementary Flows/emission/water/subterranean/fresh water body","version":"01.00.000","lastChange":"2019-09-11T14:21:49.716Z","flowType":"ELEMENTARY_FLOW","cas":"14265-45-3","formula":"O3S","isInfrastructureFlow":false,"flowProperties":[{"@type":"FlowPropertyFactor","isRefFlowProperty":true,"flowProperty":{"@type":"FlowProperty","@id":"93a60a56-a3c8-11da-a746-0800200b9a66","name":"Mass","category":"Technical flow properties","refUnit":"kg"},"conversionFactor":1.0}]}