{"@type":"Flow","@id":"42f408e1-26cd-3ed2-9bdb-d406ec7b968d","name":"Surfaced dried lumber; at planer mill","category":"Technosphere Flows/31-33: Manufacturing/3219: Other Wood Product Manufacturing","version":"00.00.005","lastChange":"2019-10-02T06:09:46.243Z","flowType":"PRODUCT_FLOW","isInfrastructureFlow":false,"location":{"@type":"Location","@id":"0b3b97fa-6688-3c56-88ee-4ae80ec0c3c2","name":"United States"},"flowProperties":[{"@type":"FlowPropertyFactor","isRefFlowProperty":true,"flowProperty":{"@type":"FlowProperty","@id":"93a60a56-a3c8-11da-a746-0800200b9a66","name":"Mass","category":"Technical flow properties","refUnit":"kg"},"conversionFactor":1.0}]}