{"@type":"Flow","@id":"444f7585-f828-423d-8e36-5614650b7556","name":"Disposal, industrial solid waste","description":"CUTOFF flow","category":"Technosphere Flows/CUTOFF Flows","version":"00.00.000","lastChange":"2023-02-22T21:35:37.992Z","flowType":"WASTE_FLOW","isInfrastructureFlow":false,"flowProperties":[{"@type":"FlowPropertyFactor","isRefFlowProperty":true,"flowProperty":{"@type":"FlowProperty","@id":"93a60a56-a3c8-11da-a746-0800200b9a66","name":"Mass","category":"Technical flow properties","refUnit":"kg"},"conversionFactor":1.0}]}