{"@type":"Flow","@id":"46b4563c-a86b-391a-9529-597ddfc479da","name":"Transport, passenger truck, gasoline powered","category":"Technosphere Flows/48-49: Transportation and Warehousing/4859: Other Transit and Ground Passenger Transportation","version":"00.00.003","lastChange":"2019-09-19T18:32:25.352Z","flowType":"PRODUCT_FLOW","isInfrastructureFlow":false,"location":{"@type":"Location","@id":"b320e7db-c758-3ba6-8839-81eb83c9d7d7","name":"Northern America"},"flowProperties":[{"@type":"FlowPropertyFactor","isRefFlowProperty":true,"flowProperty":{"@type":"FlowProperty","@id":"8766e10f-9f41-4db0-8173-ad0d002a5b98","name":"Person transport","category":"Technical flow properties","refUnit":"p*km"},"conversionFactor":1.0}]}