{"@type":"Flow","@id":"482696e6-6353-3e8c-a314-456bd128b77e","name":"Benzo(b)fluoranthene","description":"From FedElemFlowList_1.0. Flow Class: Chemicals. Not a preferred flow.","category":"Elementary Flows/emission/water/subterranean/fresh water body","version":"01.00.000","lastChange":"2019-09-11T14:21:48.488Z","flowType":"ELEMENTARY_FLOW","cas":"205-99-2","formula":"C20H12","isInfrastructureFlow":false,"flowProperties":[{"@type":"FlowPropertyFactor","isRefFlowProperty":true,"flowProperty":{"@type":"FlowProperty","@id":"93a60a56-a3c8-11da-a746-0800200b9a66","name":"Mass","category":"Technical flow properties","refUnit":"kg"},"conversionFactor":1.0}]}