{"@type":"Flow","@id":"498f15f2-62c0-32b5-9d00-5b4b19faee14","name":"Dissolved Organic Carbon","description":"From FedElemFlowList_1.0.1. Flow Class: Other. Not a preferred flow.","category":"Elementary Flows/emission/water/subterranean","version":"01.00.001","lastChange":"2020-01-13T21:09:46.076Z","flowType":"ELEMENTARY_FLOW","isInfrastructureFlow":false,"flowProperties":[{"@type":"FlowPropertyFactor","isRefFlowProperty":true,"flowProperty":{"@type":"FlowProperty","@id":"93a60a56-a3c8-11da-a746-0800200b9a66","name":"Mass","category":"Technical flow properties","refUnit":"kg"},"conversionFactor":1.0}]}