{"@type":"Flow","@id":"4c1828a4-14fa-34d6-aa01-81f86d817599","name":"Sawdust; softwood; kiln dried; at planer","category":"Technosphere Flows/31-33: Manufacturing/3211: Sawmills and Wood Preservation","version":"00.00.004","lastChange":"2019-12-20T21:47:01.672Z","flowType":"PRODUCT_FLOW","isInfrastructureFlow":false,"location":{"@type":"Location","@id":"0b3b97fa-6688-3c56-88ee-4ae80ec0c3c2","name":"United States"},"flowProperties":[{"@type":"FlowPropertyFactor","isRefFlowProperty":true,"flowProperty":{"@type":"FlowProperty","@id":"93a60a56-a3c8-11da-a746-0800200b9a66","name":"Mass","category":"Technical flow properties","refUnit":"kg"},"conversionFactor":1.0}]}