{"@type":"Flow","@id":"5131a370-a6cf-3a72-8756-6aa30666e3f7","name":"2-Methylpentane","description":"From FedElemFlowList_1.0.2. Flow Class: Chemicals. Not a preferred flow.","category":"Elementary Flows/emission/air","version":"01.00.002","lastChange":"2020-04-22T05:12:10.245Z","flowType":"ELEMENTARY_FLOW","cas":"107-83-5","formula":"C6H14","isInfrastructureFlow":false,"flowProperties":[{"@type":"FlowPropertyFactor","isRefFlowProperty":true,"flowProperty":{"@type":"FlowProperty","@id":"93a60a56-a3c8-11da-a746-0800200b9a66","name":"Mass","category":"Technical flow properties","refUnit":"kg"},"conversionFactor":1.0}]}