{"@type":"Flow","@id":"51ebde71-b96d-32e0-a8e3-d57f5e7f97fb","name":"Phenyl ether","description":"From FedElemFlowList_1.0.1.1. Flow Class: Chemicals. Preferred flow.","category":"Elementary Flows/emission/air/troposphere/urban/ground-level","version":"01.00.001","lastChange":"2020-01-29T14:12:31.482Z","flowType":"ELEMENTARY_FLOW","cas":"101-84-8","formula":"C12H10O","isInfrastructureFlow":false,"flowProperties":[{"@type":"FlowPropertyFactor","isRefFlowProperty":true,"flowProperty":{"@type":"FlowProperty","@id":"93a60a56-a3c8-11da-a746-0800200b9a66","name":"Mass","category":"Technical flow properties","refUnit":"kg"},"conversionFactor":1.0}]}