{"@type":"Flow","@id":"54cd924c-48cb-347e-a2d1-dbbf32c93d36","name":"Potato, at field","category":"Technosphere Flows/11: Agriculture, Forestry, Fishing and Hunting/1111: Oilseed and Grain Farming","version":"00.00.003","lastChange":"2019-09-18T22:55:28.458Z","flowType":"PRODUCT_FLOW","isInfrastructureFlow":false,"location":{"@type":"Location","@id":"0b3b97fa-6688-3c56-88ee-4ae80ec0c3c2","name":"United States"},"flowProperties":[{"@type":"FlowPropertyFactor","isRefFlowProperty":true,"flowProperty":{"@type":"FlowProperty","@id":"93a60a56-a3c8-11da-a746-0800200b9a66","name":"Mass","category":"Technical flow properties","refUnit":"kg"},"conversionFactor":1.0}]}