{"@type":"Flow","@id":"5c53bd47-adc8-39cf-92df-da14ffb84e4b","name":"Propargite","description":"From FedElemFlowList_1.0. Flow Class: Chemicals. Not a preferred flow.","category":"Elementary Flows/emission/ground","version":"01.00.000","lastChange":"2019-09-11T14:12:06.424Z","flowType":"ELEMENTARY_FLOW","cas":"2312-35-8","formula":"C19H26O4S","isInfrastructureFlow":false,"flowProperties":[{"@type":"FlowPropertyFactor","isRefFlowProperty":true,"flowProperty":{"@type":"FlowProperty","@id":"93a60a56-a3c8-11da-a746-0800200b9a66","name":"Mass","category":"Technical flow properties","refUnit":"kg"},"conversionFactor":1.0}]}