{"@type":"Flow","@id":"5d7efa7f-2edf-3a26-8589-67ddbd4a04a2","name":"Rock","description":"From FedElemFlowList_1.0. Flow Class: Geological. Not a preferred flow.","category":"Elementary Flows/resource/ground","version":"01.00.000","lastChange":"2019-09-11T14:21:52.626Z","flowType":"ELEMENTARY_FLOW","cas":"","formula":"","isInfrastructureFlow":false,"flowProperties":[{"@type":"FlowPropertyFactor","isRefFlowProperty":true,"flowProperty":{"@type":"FlowProperty","@id":"93a60a56-a3c8-11da-a746-0800200b9a66","name":"Mass","category":"Technical flow properties","refUnit":"kg"},"conversionFactor":1.0}]}