{"@type":"Flow","@id":"5d993d4e-b67d-30f3-af1b-1c8817fe7570","name":"Metamitron","description":"From FedElemFlowList_1.0. Flow Class: Chemicals. Not a preferred flow.","category":"Elementary Flows/emission/water","version":"01.00.000","lastChange":"2019-09-11T14:21:37.477Z","flowType":"ELEMENTARY_FLOW","cas":"41394-05-2","formula":"C10H10N4O","isInfrastructureFlow":false,"flowProperties":[{"@type":"FlowPropertyFactor","isRefFlowProperty":true,"flowProperty":{"@type":"FlowProperty","@id":"93a60a56-a3c8-11da-a746-0800200b9a66","name":"Mass","category":"Technical flow properties","refUnit":"kg"},"conversionFactor":1.0}]}