{"@type":"Flow","@id":"610fc622-b241-30d7-9f45-0ffbebd5b7fe","name":"Glufosinate","description":"From FedElemFlowList_1.0.1. Flow Class: Chemicals. Not a preferred flow.","category":"Elementary Flows/emission/ground","version":"01.00.001","lastChange":"2020-01-13T21:09:45.667Z","flowType":"ELEMENTARY_FLOW","cas":"51276-47-2","formula":"C5H12NO4P","isInfrastructureFlow":false,"flowProperties":[{"@type":"FlowPropertyFactor","isRefFlowProperty":true,"flowProperty":{"@type":"FlowProperty","@id":"93a60a56-a3c8-11da-a746-0800200b9a66","name":"Mass","category":"Technical flow properties","refUnit":"kg"},"conversionFactor":1.0}]}