{"@type":"Flow","@id":"619107fa-6006-324e-b2b0-43fb6bca0210","name":"Aldehydes, C5","description":"From FedElemFlowList_1.0. Flow Class: Groups. Not a preferred flow.","category":"Elementary Flows/emission/air/troposphere/high","version":"01.00.000","lastChange":"2019-09-11T14:21:54.211Z","flowType":"ELEMENTARY_FLOW","cas":"n.a.","formula":"","isInfrastructureFlow":false,"flowProperties":[{"@type":"FlowPropertyFactor","isRefFlowProperty":true,"flowProperty":{"@type":"FlowProperty","@id":"93a60a56-a3c8-11da-a746-0800200b9a66","name":"Mass","category":"Technical flow properties","refUnit":"kg"},"conversionFactor":1.0}]}