{"@type":"Flow","@id":"61a45604-2ff4-384b-8d90-bae7206c2540","name":"Total dissolved solids","description":"From FedElemFlowList_1.0.1. Flow Class: Other. Preferred flow.","category":"Elementary Flows/emission/water","version":"01.00.001","lastChange":"2020-01-13T21:09:46.079Z","flowType":"ELEMENTARY_FLOW","isInfrastructureFlow":false,"flowProperties":[{"@type":"FlowPropertyFactor","isRefFlowProperty":true,"flowProperty":{"@type":"FlowProperty","@id":"93a60a56-a3c8-11da-a746-0800200b9a66","name":"Mass","category":"Technical flow properties","refUnit":"kg"},"conversionFactor":1.0}]}