{"@type":"Flow","@id":"6e043429-d778-3205-b63b-363d66f11ee8","name":"2,4-DB","description":"From FedElemFlowList_1.0. Flow Class: Chemicals. Not a preferred flow.","category":"Elementary Flows/emission/water/fresh water body/river","version":"01.00.000","lastChange":"2019-09-11T14:21:47Z","flowType":"ELEMENTARY_FLOW","cas":"94-82-6","formula":"C10H10Cl2O3","isInfrastructureFlow":false,"flowProperties":[{"@type":"FlowPropertyFactor","isRefFlowProperty":true,"flowProperty":{"@type":"FlowProperty","@id":"93a60a56-a3c8-11da-a746-0800200b9a66","name":"Mass","category":"Technical flow properties","refUnit":"kg"},"conversionFactor":1.0}]}