{"@type":"Flow","@id":"6e9b296b-fb7d-3c7f-a8c4-9c248a0e8eb0","name":"1,2,3,7,8-Pentachlorodibenzofuran","description":"From FedElemFlowList_1.0. Flow Class: Chemicals. Not a preferred flow.","category":"Elementary Flows/emission/water","version":"01.00.000","lastChange":"2019-09-11T14:21:48.716Z","flowType":"ELEMENTARY_FLOW","cas":"57117-41-6","formula":"C12H3Cl5O","isInfrastructureFlow":false,"flowProperties":[{"@type":"FlowPropertyFactor","isRefFlowProperty":true,"flowProperty":{"@type":"FlowProperty","@id":"93a60a56-a3c8-11da-a746-0800200b9a66","name":"Mass","category":"Technical flow properties","refUnit":"kg"},"conversionFactor":1.0}]}