{"@type":"Flow","@id":"6f1b0896-f4b4-3017-b5f2-a0b9cd83a02a","name":"Metolachlor","description":"From FedElemFlowList_1.0.1. Flow Class: Chemicals. Not a preferred flow.","category":"Elementary Flows/emission/ground/human-dominated/agricultural","version":"01.00.001","lastChange":"2020-01-13T21:09:45.573Z","flowType":"ELEMENTARY_FLOW","cas":"51218-45-2","formula":"C15H22ClNO2","isInfrastructureFlow":false,"flowProperties":[{"@type":"FlowPropertyFactor","isRefFlowProperty":true,"flowProperty":{"@type":"FlowProperty","@id":"93a60a56-a3c8-11da-a746-0800200b9a66","name":"Mass","category":"Technical flow properties","refUnit":"kg"},"conversionFactor":1.0}]}