{"@type":"Flow","@id":"72c1472d-3910-4e85-8438-64af9aa2623f","name":"Titanium","description":"","category":"Technosphere Flows/CUTOFF Flows","version":"00.00.003","lastChange":"2021-01-24T07:17:56.098Z","flowType":"PRODUCT_FLOW","isInfrastructureFlow":false,"flowProperties":[{"@type":"FlowPropertyFactor","isRefFlowProperty":true,"flowProperty":{"@type":"FlowProperty","@id":"93a60a56-a3c8-11da-a746-0800200b9a66","name":"Mass","category":"Technical flow properties","refUnit":"kg"},"conversionFactor":1.0}]}