{"@type":"Flow","@id":"74548bac-cf2d-4026-bcca-3edc4dec62f0","name":"Steam methane reforming plant; construction","description":"","category":"Technosphere Flows/23: Construction/2362: Nonresidential Building Construction","version":"00.00.001","lastChange":"2023-02-22T21:27:04.887Z","flowType":"PRODUCT_FLOW","isInfrastructureFlow":false,"flowProperties":[{"@type":"FlowPropertyFactor","isRefFlowProperty":true,"flowProperty":{"@type":"FlowProperty","@id":"01846770-4cfe-4a25-8ad9-919d8d378345","name":"Number of items","category":"Technical flow properties","refUnit":"Item(s)"},"conversionFactor":1.0}]}