{"@type":"Flow","@id":"7660d0bd-676b-33fb-8328-63ddfb04852a","name":"Skidding; aerial cable yarder; medium","category":"Technosphere Flows/11: Agriculture, Forestry, Fishing and Hunting/1133: Logging","version":"00.00.004","lastChange":"2019-10-01T21:59:04.513Z","flowType":"PRODUCT_FLOW","isInfrastructureFlow":false,"location":{"@type":"Location","@id":"0b3b97fa-6688-3c56-88ee-4ae80ec0c3c2","name":"United States"},"flowProperties":[{"@type":"FlowPropertyFactor","isRefFlowProperty":true,"flowProperty":{"@type":"FlowProperty","@id":"c0447923-0e60-4b3c-97c2-a86dddd9eea5","name":"Duration","category":"Technical flow properties","refUnit":"d"},"conversionFactor":1.0}]}