{"@type":"Flow","@id":"7a157e7c-91ca-3d1e-b13c-df3bca99bd51","name":"Softwood logs with bark; harvested at average intensity site; at mill","category":"Technosphere Flows/11: Agriculture, Forestry, Fishing and Hunting/1133: Logging","version":"00.00.006","lastChange":"2019-12-20T20:34:04.576Z","flowType":"PRODUCT_FLOW","isInfrastructureFlow":false,"location":{"@type":"Location","@id":"0b3b97fa-6688-3c56-88ee-4ae80ec0c3c2","name":"United States"},"flowProperties":[{"@type":"FlowPropertyFactor","isRefFlowProperty":true,"flowProperty":{"@type":"FlowProperty","@id":"93a60a56-a3c8-22da-a746-0800200c9a66","name":"Volume","category":"Technical flow properties","refUnit":"m3"},"conversionFactor":1.0}]}