{"@type":"Flow","@id":"7cb4409e-f1ae-373b-b951-8b2aa71ac2db","name":"Indoxacarb","description":"From FedElemFlowList_1.0. Flow Class: Chemicals. Not a preferred flow.","category":"Elementary Flows/emission/ground","version":"01.00.000","lastChange":"2019-09-11T14:12:03.529Z","flowType":"ELEMENTARY_FLOW","cas":"173584-44-6","formula":"C22H17ClF3N3O7","isInfrastructureFlow":false,"flowProperties":[{"@type":"FlowPropertyFactor","isRefFlowProperty":true,"flowProperty":{"@type":"FlowProperty","@id":"93a60a56-a3c8-11da-a746-0800200b9a66","name":"Mass","category":"Technical flow properties","refUnit":"kg"},"conversionFactor":1.0}]}