{"@type":"Flow","@id":"7d9ed48b-6627-3b70-a84b-b16dbf9fbf4f","name":"Transport, refuse truck, gasoline powered","category":"Technosphere Flows/56: Administrative and Support and Waste Management and Remediation Services/5621: Waste Collection","version":"00.00.003","lastChange":"2019-09-19T18:51:12.973Z","flowType":"PRODUCT_FLOW","isInfrastructureFlow":false,"location":{"@type":"Location","@id":"b320e7db-c758-3ba6-8839-81eb83c9d7d7","name":"Northern America"},"flowProperties":[{"@type":"FlowPropertyFactor","isRefFlowProperty":true,"flowProperty":{"@type":"FlowProperty","@id":"838aaa20-0117-11db-92e3-0800200c9a66","name":"Goods transport (mass*distance)","category":"Technical flow properties","refUnit":"t*km"},"conversionFactor":1.0}]}