{"@type":"Flow","@id":"7dbe300b-d061-3e5e-a9f0-1813e89d415c","name":"Zinc","description":"From FedElemFlowList_1.0.1.1. Flow Class: Chemicals. Not a preferred flow.","category":"Elementary Flows/resource/ground","version":"01.00.001","lastChange":"2020-02-21T14:11:46.746Z","flowType":"ELEMENTARY_FLOW","cas":"7440-66-6","formula":"Zn","isInfrastructureFlow":false,"flowProperties":[{"@type":"FlowPropertyFactor","isRefFlowProperty":true,"flowProperty":{"@type":"FlowProperty","@id":"93a60a56-a3c8-11da-a746-0800200b9a66","name":"Mass","category":"Technical flow properties","refUnit":"kg"},"conversionFactor":1.0}]}