{"@type":"Flow","@id":"7e3db5cf-0da1-37e2-bf24-a0022fb2e80c","name":"Methomyl","description":"From FedElemFlowList_1.0. Flow Class: Chemicals. Not a preferred flow.","category":"Elementary Flows/emission/air/troposphere/rural","version":"01.00.000","lastChange":"2019-09-11T14:11:00.707Z","flowType":"ELEMENTARY_FLOW","cas":"16752-77-5","formula":"C5H10N2O2S","isInfrastructureFlow":false,"flowProperties":[{"@type":"FlowPropertyFactor","isRefFlowProperty":true,"flowProperty":{"@type":"FlowProperty","@id":"93a60a56-a3c8-11da-a746-0800200b9a66","name":"Mass","category":"Technical flow properties","refUnit":"kg"},"conversionFactor":1.0}]}