{"@type":"Flow","@id":"82c27b2a-69a8-4b1e-ad4e-4de9475630c6","name":"Oils, unspecified","description":"Non-FEDEFL Unmappable flow","category":"Elementary Flows/emission/water/fresh water body","version":"00.00.002","lastChange":"2021-08-10T18:16:58.374Z","flowType":"ELEMENTARY_FLOW","isInfrastructureFlow":false,"flowProperties":[{"@type":"FlowPropertyFactor","isRefFlowProperty":true,"flowProperty":{"@type":"FlowProperty","@id":"93a60a56-a3c8-11da-a746-0800200b9a66","name":"Mass","category":"Technical flow properties","refUnit":"kg"},"conversionFactor":1.0}]}