{"@type":"Flow","@id":"83f59491-2195-3f40-a111-15459445aa9c","name":"Recycled postconsumer polyethylene teraphthalate, PET, flake","category":"Technosphere Flows/31-33: Manufacturing/3259: Other Chemical Product and Preparation Manufacturing","version":"00.00.005","lastChange":"2021-03-01T15:40:16.502Z","flowType":"PRODUCT_FLOW","isInfrastructureFlow":false,"location":{"@type":"Location","@id":"0b3b97fa-6688-3c56-88ee-4ae80ec0c3c2","name":"United States"},"flowProperties":[{"@type":"FlowPropertyFactor","isRefFlowProperty":true,"flowProperty":{"@type":"FlowProperty","@id":"93a60a56-a3c8-11da-a746-0800200b9a66","name":"Mass","category":"Technical flow properties","refUnit":"kg"},"conversionFactor":1.0}]}