{"@type":"Flow","@id":"87cac410-bc04-3db7-9c32-715f295fc4d9","name":"Switch, toggle type","description":"CUTOFF flow\r\nfrom ecoinvent 3.2 ","category":"Technosphere Flows/CUTOFF Flows","version":"00.00.007","lastChange":"2023-01-23T18:56:16.216Z","flowType":"PRODUCT_FLOW","cas":"NaN","formula":"NaN","isInfrastructureFlow":false,"flowProperties":[{"@type":"FlowPropertyFactor","isRefFlowProperty":true,"flowProperty":{"@type":"FlowProperty","@id":"93a60a56-a3c8-11da-a746-0800200b9a66","name":"Mass","category":"Technical flow properties","refUnit":"kg"},"conversionFactor":1.0}]}