{"@type":"Flow","@id":"8850417f-b844-34b8-8f39-b373e9783d52","name":"Methylene diphenyl diisocyanate, MDI, resin, at plant","category":"Technosphere Flows/31-33: Manufacturing/3252: Resin, Synthetic Rubber, and Artificial and Synthetic Fibers and Filaments Manufacturing","version":"00.00.005","lastChange":"2020-10-29T17:20:38.040Z","flowType":"PRODUCT_FLOW","isInfrastructureFlow":false,"location":{"@type":"Location","@id":"b320e7db-c758-3ba6-8839-81eb83c9d7d7","name":"Northern America"},"flowProperties":[{"@type":"FlowPropertyFactor","isRefFlowProperty":true,"flowProperty":{"@type":"FlowProperty","@id":"93a60a56-a3c8-11da-a746-0800200b9a66","name":"Mass","category":"Technical flow properties","refUnit":"kg"},"conversionFactor":1.0}]}