{"@type":"Flow","@id":"8e4dac34-5700-3385-90ae-ebc71adf6ef1","name":"Electricity, at uncoated freesheet mill","category":"Technosphere Flows/31-33: Manufacturing/3221: Pulp, Paper, and Paperboard Mills","version":"00.00.003","lastChange":"2019-09-19T17:40:34.016Z","flowType":"PRODUCT_FLOW","isInfrastructureFlow":false,"location":{"@type":"Location","@id":"b320e7db-c758-3ba6-8839-81eb83c9d7d7","name":"Northern America"},"flowProperties":[{"@type":"FlowPropertyFactor","isRefFlowProperty":true,"flowProperty":{"@type":"FlowProperty","@id":"f6811440-ee37-11de-8a39-0800200c9a66","name":"Energy","category":"Technical flow properties","refUnit":"MJ"},"conversionFactor":1.0}]}