{"@type":"Flow","@id":"9b81b4ea-5a4c-312f-aded-326ecacd0bfd","name":"Esfenvalerate","description":"From FedElemFlowList_1.0.1. Flow Class: Chemicals. Not a preferred flow.","category":"Elementary Flows/emission/air/troposphere/rural","version":"01.00.001","lastChange":"2020-01-13T21:09:45.308Z","flowType":"ELEMENTARY_FLOW","cas":"66230-04-4","formula":"C25H22ClNO3","isInfrastructureFlow":false,"flowProperties":[{"@type":"FlowPropertyFactor","isRefFlowProperty":true,"flowProperty":{"@type":"FlowProperty","@id":"93a60a56-a3c8-11da-a746-0800200b9a66","name":"Mass","category":"Technical flow properties","refUnit":"kg"},"conversionFactor":1.0}]}