{"@type":"Flow","@id":"9ce15abd-3f41-311d-a046-544d6e96dc02","name":"Propiconazole","description":"From FedElemFlowList_1.0. Flow Class: Chemicals. Not a preferred flow.","category":"Elementary Flows/emission/ground","version":"01.00.000","lastChange":"2019-09-11T14:12:18.792Z","flowType":"ELEMENTARY_FLOW","cas":"60207-90-1","formula":"C15H17Cl2N3O2","isInfrastructureFlow":false,"flowProperties":[{"@type":"FlowPropertyFactor","isRefFlowProperty":true,"flowProperty":{"@type":"FlowProperty","@id":"93a60a56-a3c8-11da-a746-0800200b9a66","name":"Mass","category":"Technical flow properties","refUnit":"kg"},"conversionFactor":1.0}]}