{"@type":"Flow","@id":"9dbe8081-f6b5-32be-855b-0a5b8a608605","name":"Flumiclorac-pentyl","description":"From FedElemFlowList_1.0.1. Flow Class: Chemicals. Not a preferred flow.","category":"Elementary Flows/emission/air/troposphere/rural","version":"01.00.001","lastChange":"2020-01-13T21:09:45.386Z","flowType":"ELEMENTARY_FLOW","cas":"87546-18-7","formula":"C21H23ClFNO5","isInfrastructureFlow":false,"flowProperties":[{"@type":"FlowPropertyFactor","isRefFlowProperty":true,"flowProperty":{"@type":"FlowProperty","@id":"93a60a56-a3c8-11da-a746-0800200b9a66","name":"Mass","category":"Technical flow properties","refUnit":"kg"},"conversionFactor":1.0}]}