{"@type":"Flow","@id":"a0e31df0-6827-3e23-aee4-87cd6ffe3ade","name":"Oxydemeton-methyl","description":"From FedElemFlowList_1.0.1. Flow Class: Chemicals. Not a preferred flow.","category":"Elementary Flows/emission/ground/human-dominated/agricultural","version":"01.00.001","lastChange":"2020-01-13T21:09:45.573Z","flowType":"ELEMENTARY_FLOW","cas":"301-12-2","formula":"C6H15O4PS2","isInfrastructureFlow":false,"flowProperties":[{"@type":"FlowPropertyFactor","isRefFlowProperty":true,"flowProperty":{"@type":"FlowProperty","@id":"93a60a56-a3c8-11da-a746-0800200b9a66","name":"Mass","category":"Technical flow properties","refUnit":"kg"},"conversionFactor":1.0}]}