{"@type":"Flow","@id":"a1786d5d-c7f9-3cb2-9879-cf0325b72658","name":"7,12-Dimethylbenz[a]anthracene","description":"From FedElemFlowList_1.0.1.1. Flow Class: Chemicals. Not a preferred flow.","category":"Elementary Flows/emission/water","version":"01.00.001","lastChange":"2020-01-29T14:14:24.982Z","flowType":"ELEMENTARY_FLOW","cas":"57-97-6","formula":"C20H16","isInfrastructureFlow":false,"flowProperties":[{"@type":"FlowPropertyFactor","isRefFlowProperty":true,"flowProperty":{"@type":"FlowProperty","@id":"93a60a56-a3c8-11da-a746-0800200b9a66","name":"Mass","category":"Technical flow properties","refUnit":"kg"},"conversionFactor":1.0}]}