{"@type":"Flow","@id":"a4dc2e9d-7951-3da0-a833-d11e205d0fa1","name":"Hydrogen cyanide","description":"From FedElemFlowList_1.0. Flow Class: Chemicals. Not a preferred flow.","category":"Elementary Flows/emission/water/subterranean/fresh water body","version":"01.00.000","lastChange":"2019-09-11T14:21:43.252Z","flowType":"ELEMENTARY_FLOW","cas":"74-90-8","formula":"CHN","isInfrastructureFlow":false,"flowProperties":[{"@type":"FlowPropertyFactor","isRefFlowProperty":true,"flowProperty":{"@type":"FlowProperty","@id":"93a60a56-a3c8-11da-a746-0800200b9a66","name":"Mass","category":"Technical flow properties","refUnit":"kg"},"conversionFactor":1.0}]}