{"@type":"Flow","@id":"aaa4fccf-c2e6-315e-b8d3-72e688185138","name":"Neutral salts","category":"Elementary Flows/emission/water","version":"00.00.002","lastChange":"2020-02-03T22:53:38.352Z","flowType":"ELEMENTARY_FLOW","isInfrastructureFlow":false,"flowProperties":[{"@type":"FlowPropertyFactor","isRefFlowProperty":true,"flowProperty":{"@type":"FlowProperty","@id":"93a60a56-a3c8-11da-a746-0800200b9a66","name":"Mass","category":"Technical flow properties","refUnit":"kg"},"conversionFactor":1.0}]}