{"@type":"Flow","@id":"abf2ce9c-d2bf-487c-9388-f45a6ea05ca2","name":"Hazardous waste, to incineration","description":"","category":"Technosphere Flows/56: Administrative and Support and Waste Management and Remediation Services/5622: Waste Treatment and Disposal","version":"00.00.000","lastChange":"2021-08-10T18:40:17.869Z","flowType":"WASTE_FLOW","isInfrastructureFlow":false,"flowProperties":[{"@type":"FlowPropertyFactor","isRefFlowProperty":true,"flowProperty":{"@type":"FlowProperty","@id":"93a60a56-a3c8-11da-a746-0800200b9a66","name":"Mass","category":"Technical flow properties","refUnit":"kg"},"conversionFactor":1.0}]}