{"@type":"Flow","@id":"ad141e8f-c6d9-4404-b276-6857aadcd79f","name":"Cyclohexane, production","description":"CUTOFF flow\r\nfrom ecoinvent 3.2","category":"Technosphere Flows/CUTOFF Flows","version":"00.00.003","lastChange":"2023-01-23T18:13:08.070Z","flowType":"PRODUCT_FLOW","cas":"110-82-7","isInfrastructureFlow":false,"flowProperties":[{"@type":"FlowPropertyFactor","isRefFlowProperty":true,"flowProperty":{"@type":"FlowProperty","@id":"93a60a56-a3c8-11da-a746-0800200b9a66","name":"Mass","category":"Technical flow properties","refUnit":"kg"},"conversionFactor":1.0}]}