{"@type":"Flow","@id":"ad2b40a6-86db-37c0-8e36-7c469f01e41b","name":"Noble gases, radioactive, unspecified","description":"From FedElemFlowList_1.0.3. Flow Class: Groups. Not a preferred flow.","category":"Elementary Flows/emission/air/troposphere/high","version":"01.00.003","lastChange":"2020-04-10T18:08:33.926Z","flowType":"ELEMENTARY_FLOW","cas":"n.a.","formula":"","isInfrastructureFlow":false,"flowProperties":[{"@type":"FlowPropertyFactor","isRefFlowProperty":true,"flowProperty":{"@type":"FlowProperty","@id":"93a60a56-a3c8-17da-a746-0800200c9a66","name":"Radioactivity","category":"Technical flow properties","refUnit":"kBq"},"conversionFactor":1.0}]}