{"@type":"Flow","@id":"aec9945f-f19c-3834-8e26-5f4f92cfcb2b","name":"Aluminum ingot, production mix, at plant","category":"Technosphere Flows/31-33: Manufacturing/3313: Alumina and Aluminum Production and Processing","version":"00.00.003","lastChange":"2019-09-19T17:59:05.927Z","flowType":"PRODUCT_FLOW","isInfrastructureFlow":false,"location":{"@type":"Location","@id":"0b3b97fa-6688-3c56-88ee-4ae80ec0c3c2","name":"United States"},"flowProperties":[{"@type":"FlowPropertyFactor","isRefFlowProperty":true,"flowProperty":{"@type":"FlowProperty","@id":"93a60a56-a3c8-11da-a746-0800200b9a66","name":"Mass","category":"Technical flow properties","refUnit":"kg"},"conversionFactor":1.0}]}