{"@type":"Flow","@id":"b28b7758-b0fb-3319-a3c8-9e21ac804f7b","name":"4,4\u0027-Methylenedi(phenyl isocyanate)","description":"From FedElemFlowList_1.0.1. Flow Class: Chemicals. Not a preferred flow.","category":"Elementary Flows/emission/air","version":"01.00.001","lastChange":"2020-01-13T21:09:45.433Z","flowType":"ELEMENTARY_FLOW","cas":"101-68-8","formula":"C15H10N2O2","isInfrastructureFlow":false,"flowProperties":[{"@type":"FlowPropertyFactor","isRefFlowProperty":true,"flowProperty":{"@type":"FlowProperty","@id":"93a60a56-a3c8-11da-a746-0800200b9a66","name":"Mass","category":"Technical flow properties","refUnit":"kg"},"conversionFactor":1.0}]}