{"@type":"Flow","@id":"b6604aac-5823-3882-be88-720da587ffb7","name":"Naphthalene","description":"From FedElemFlowList_1.0. Flow Class: Chemicals. Not a preferred flow.","category":"Elementary Flows/emission/ground","version":"01.00.000","lastChange":"2019-09-11T14:21:10.506Z","flowType":"ELEMENTARY_FLOW","cas":"91-20-3","formula":"C10H8","isInfrastructureFlow":false,"flowProperties":[{"@type":"FlowPropertyFactor","isRefFlowProperty":true,"flowProperty":{"@type":"FlowProperty","@id":"93a60a56-a3c8-11da-a746-0800200b9a66","name":"Mass","category":"Technical flow properties","refUnit":"kg"},"conversionFactor":1.0}]}