{"@type":"Flow","@id":"b749402e-e420-3c23-96eb-10e39d0569e3","name":"Wood Combusted, at boiler, at cellulosic fiberboard mill","category":"Technosphere Flows/31-33: Manufacturing/3212: Veneer, Plywood, and Engineered Wood Product Manufacturing","version":"00.00.003","lastChange":"2019-09-19T17:38:05.973Z","flowType":"PRODUCT_FLOW","isInfrastructureFlow":false,"location":{"@type":"Location","@id":"b320e7db-c758-3ba6-8839-81eb83c9d7d7","name":"Northern America"},"flowProperties":[{"@type":"FlowPropertyFactor","isRefFlowProperty":true,"flowProperty":{"@type":"FlowProperty","@id":"93a60a56-a3c8-11da-a746-0800200b9a66","name":"Mass","category":"Technical flow properties","refUnit":"kg"},"conversionFactor":1.0}]}