{"@type":"Flow","@id":"b7503034-5946-3ef9-8fa9-ec016ce41da9","name":"1,2-Dichloroethane","description":"From FedElemFlowList_1.0.1. Flow Class: Chemicals. Not a preferred flow.","category":"Elementary Flows/emission/water","version":"01.00.001","lastChange":"2020-01-13T21:09:45.683Z","flowType":"ELEMENTARY_FLOW","cas":"107-06-2","formula":"C2H4Cl2","isInfrastructureFlow":false,"flowProperties":[{"@type":"FlowPropertyFactor","isRefFlowProperty":true,"flowProperty":{"@type":"FlowProperty","@id":"93a60a56-a3c8-11da-a746-0800200b9a66","name":"Mass","category":"Technical flow properties","refUnit":"kg"},"conversionFactor":1.0}]}