{"@type":"Flow","@id":"b76a1d50-5ce5-36fb-a450-5a78a6719db0","name":"Benzene, 1-butyl-2-methyl-","description":"From FedElemFlowList_1.0. Flow Class: Chemicals. Not a preferred flow.","category":"Elementary Flows/emission/air/troposphere/high","version":"01.00.000","lastChange":"2019-09-11T14:11:27.080Z","flowType":"ELEMENTARY_FLOW","cas":"1595-11-5","formula":"C11H16","isInfrastructureFlow":false,"flowProperties":[{"@type":"FlowPropertyFactor","isRefFlowProperty":true,"flowProperty":{"@type":"FlowProperty","@id":"93a60a56-a3c8-11da-a746-0800200b9a66","name":"Mass","category":"Technical flow properties","refUnit":"kg"},"conversionFactor":1.0}]}