{"@type":"Flow","@id":"c22ee4fb-abad-34d1-8235-6f82fa8060df","name":"Azadirachtin A","description":"From FedElemFlowList_1.0. Flow Class: Chemicals. Not a preferred flow.","category":"Elementary Flows/emission/ground/human-dominated/agricultural","version":"01.00.000","lastChange":"2019-09-11T14:11:53.115Z","flowType":"ELEMENTARY_FLOW","cas":"11141-17-6","formula":"C35H44O16","isInfrastructureFlow":false,"flowProperties":[{"@type":"FlowPropertyFactor","isRefFlowProperty":true,"flowProperty":{"@type":"FlowProperty","@id":"93a60a56-a3c8-11da-a746-0800200b9a66","name":"Mass","category":"Technical flow properties","refUnit":"kg"},"conversionFactor":1.0}]}