{"@type":"Flow","@id":"c721bcd6-869a-354c-876e-22879d5781de","name":"Metal panel, insulated, at plant","category":"Technosphere Flows/31-33: Manufacturing/3323: Architectural and Structural Metals Manufacturing","version":"00.00.003","lastChange":"2019-09-19T18:02:57.402Z","flowType":"PRODUCT_FLOW","isInfrastructureFlow":false,"location":{"@type":"Location","@id":"b320e7db-c758-3ba6-8839-81eb83c9d7d7","name":"Northern America"},"flowProperties":[{"@type":"FlowPropertyFactor","isRefFlowProperty":true,"flowProperty":{"@type":"FlowProperty","@id":"93a60a56-a3c8-19da-a746-0800200c9a66","name":"Area","category":"Technical flow properties","refUnit":"m2"},"conversionFactor":1.0}]}