{"@type":"Flow","@id":"c76f8081-e32c-3a35-8ab9-478bfdd8e8a6","name":"Water","description":"From FedElemFlowList_1.0.1. Flow Class: Water. Not a preferred flow.","category":"Elementary Flows/resource/water/fresh water body/lake","version":"01.00.001","lastChange":"2020-01-13T21:09:46.081Z","flowType":"ELEMENTARY_FLOW","cas":"7732190","formula":"H2O","isInfrastructureFlow":false,"flowProperties":[{"@type":"FlowPropertyFactor","isRefFlowProperty":true,"flowProperty":{"@type":"FlowProperty","@id":"93a60a56-a3c8-11da-a746-0800200b9a66","name":"Mass","category":"Technical flow properties","refUnit":"kg"},"conversionFactor":1.0},{"@type":"FlowPropertyFactor","flowProperty":{"@type":"FlowProperty","@id":"93a60a56-a3c8-22da-a746-0800200c9a66","name":"Volume","category":"Technical flow properties","refUnit":"m3"},"conversionFactor":0.001}]}