{"@type":"Flow","@id":"ce29c37b-e901-3ca1-a8ef-5bdb4c937deb","name":"Tridecane","description":"From FedElemFlowList_1.0.2. Flow Class: Chemicals. Not a preferred flow.","category":"Elementary Flows/emission/air","version":"01.00.002","lastChange":"2020-04-22T05:12:10.280Z","flowType":"ELEMENTARY_FLOW","cas":"629-50-5","formula":"C13H28","isInfrastructureFlow":false,"flowProperties":[{"@type":"FlowPropertyFactor","isRefFlowProperty":true,"flowProperty":{"@type":"FlowProperty","@id":"93a60a56-a3c8-11da-a746-0800200b9a66","name":"Mass","category":"Technical flow properties","refUnit":"kg"},"conversionFactor":1.0}]}