{"@type":"Flow","@id":"d50dbc26-afe6-3bb5-b4c8-e39b1759318a","name":"Tellurium sulfide","description":"From FedElemFlowList_1.0.1. Flow Class: Geological. Not a preferred flow.","category":"Elementary Flows/resource/ground/subterranean","version":"01.00.001","lastChange":"2020-01-13T21:09:45.986Z","flowType":"ELEMENTARY_FLOW","cas":"16608-21-2","formula":"TeS","isInfrastructureFlow":false,"flowProperties":[{"@type":"FlowPropertyFactor","isRefFlowProperty":true,"flowProperty":{"@type":"FlowProperty","@id":"93a60a56-a3c8-11da-a746-0800200b9a66","name":"Mass","category":"Technical flow properties","refUnit":"kg"},"conversionFactor":1.0}]}