{"@type":"Flow","@id":"d56acd63-a8ae-3308-a626-fa858ee121dd","name":"Forest residue, dried, stored","category":"Technosphere Flows/11: Agriculture, Forestry, Fishing and Hunting/1132: Forest Nurseries and Gathering of Forest Products","version":"00.00.003","lastChange":"2019-09-18T22:58:55.124Z","flowType":"PRODUCT_FLOW","isInfrastructureFlow":false,"location":{"@type":"Location","@id":"b320e7db-c758-3ba6-8839-81eb83c9d7d7","name":"Northern America"},"flowProperties":[{"@type":"FlowPropertyFactor","isRefFlowProperty":true,"flowProperty":{"@type":"FlowProperty","@id":"93a60a56-a3c8-11da-a746-0800200b9a66","name":"Mass","category":"Technical flow properties","refUnit":"kg"},"conversionFactor":1.0}]}