{"@type":"Flow","@id":"de1939e8-b259-4d41-8d1c-588ebaa174b6","name":"Printer, AltaLink B8045/55 multi-functional device (MFD)","description":"Xerox printers are multifunctional devices (MFD) capable of black and white laser printing, copy, scan, and fax. ","category":"Technosphere Flows/31-33: Manufacturing/3341: Computer and Peripheral Equipment Manufacturing","version":"00.00.003","lastChange":"2019-09-19T18:07:39.470Z","flowType":"PRODUCT_FLOW","isInfrastructureFlow":false,"location":{"@type":"Location","@id":"0b3b97fa-6688-3c56-88ee-4ae80ec0c3c2","name":"United States"},"flowProperties":[{"@type":"FlowPropertyFactor","isRefFlowProperty":true,"flowProperty":{"@type":"FlowProperty","@id":"01846770-4cfe-4a25-8ad9-919d8d378345","name":"Number of items","category":"Technical flow properties","refUnit":"Item(s)"},"conversionFactor":1.0}]}