{"@type":"Flow","@id":"de3af1d1-ce3e-329c-9ca7-6323adb9f172","name":"Wood chips; hardwood; green; at sawmill","category":"Technosphere Flows/31-33: Manufacturing/3211: Sawmills and Wood Preservation","version":"00.00.004","lastChange":"2019-09-19T17:36:32.420Z","flowType":"PRODUCT_FLOW","isInfrastructureFlow":false,"location":{"@type":"Location","@id":"0b3b97fa-6688-3c56-88ee-4ae80ec0c3c2","name":"United States"},"flowProperties":[{"@type":"FlowPropertyFactor","isRefFlowProperty":true,"flowProperty":{"@type":"FlowProperty","@id":"93a60a56-a3c8-11da-a746-0800200b9a66","name":"Mass","category":"Technical flow properties","refUnit":"kg"},"conversionFactor":1.0}]}