{"@type":"Flow","@id":"e0b92d26-4203-3ae4-aa2d-db74fab4711b","name":"Nitrogen","description":"From FedElemFlowList_1.0.1. Flow Class: Chemicals. Not a preferred flow.","category":"Elementary Flows/resource/air","version":"01.00.001","lastChange":"2020-01-13T21:09:45.955Z","flowType":"ELEMENTARY_FLOW","cas":"7727-37-9","formula":"N2","isInfrastructureFlow":false,"flowProperties":[{"@type":"FlowPropertyFactor","isRefFlowProperty":true,"flowProperty":{"@type":"FlowProperty","@id":"93a60a56-a3c8-11da-a746-0800200b9a66","name":"Mass","category":"Technical flow properties","refUnit":"kg"},"conversionFactor":1.0}]}