{"@type":"Flow","@id":"e2c65e04-f613-33db-9a6e-4cb4577b0005","name":"Mercury","description":"From FedElemFlowList_1.0.1. Flow Class: Chemicals. Not a preferred flow.","category":"Elementary Flows/emission/air","version":"01.00.001","lastChange":"2020-01-13T21:09:45.323Z","flowType":"ELEMENTARY_FLOW","cas":"7439-97-6","formula":"Hg","isInfrastructureFlow":false,"flowProperties":[{"@type":"FlowPropertyFactor","isRefFlowProperty":true,"flowProperty":{"@type":"FlowProperty","@id":"93a60a56-a3c8-11da-a746-0800200b9a66","name":"Mass","category":"Technical flow properties","refUnit":"kg"},"conversionFactor":1.0}]}