{"@type":"Flow","@id":"e76b9e39-7437-3612-98bc-6940592ebf2a","name":"Combustion, wet wood residue, AP-42","category":"Technosphere Flows/22: Utilities/2213: Water, Sewage and Other Systems","version":"00.00.003","lastChange":"2019-09-19T17:18:37.143Z","flowType":"PRODUCT_FLOW","isInfrastructureFlow":false,"location":{"@type":"Location","@id":"b320e7db-c758-3ba6-8839-81eb83c9d7d7","name":"Northern America"},"flowProperties":[{"@type":"FlowPropertyFactor","isRefFlowProperty":true,"flowProperty":{"@type":"FlowProperty","@id":"f6811440-ee37-11de-8a39-0800200c9a66","name":"Energy","category":"Technical flow properties","refUnit":"MJ"},"conversionFactor":1.0}]}