{"@type":"Flow","@id":"e96b74a6-c348-3018-a317-49ed2710cf10","name":"Detergents, unspecified","category":"Elementary Flows/emission/water","version":"00.00.002","lastChange":"2020-02-01T22:19:20.652Z","flowType":"ELEMENTARY_FLOW","isInfrastructureFlow":false,"flowProperties":[{"@type":"FlowPropertyFactor","isRefFlowProperty":true,"flowProperty":{"@type":"FlowProperty","@id":"93a60a56-a3c8-11da-a746-0800200b9a66","name":"Mass","category":"Technical flow properties","refUnit":"kg"},"conversionFactor":1.0}]}