{"@type":"Flow","@id":"ea72f92a-274c-380d-834a-01752bd795e7","name":"Plywood; at plywood plant","category":"Technosphere Flows/31-33: Manufacturing/3212: Veneer, Plywood, and Engineered Wood Product Manufacturing","version":"00.00.005","lastChange":"2019-10-02T06:00:36.260Z","flowType":"PRODUCT_FLOW","isInfrastructureFlow":false,"location":{"@type":"Location","@id":"0b3b97fa-6688-3c56-88ee-4ae80ec0c3c2","name":"United States"},"flowProperties":[{"@type":"FlowPropertyFactor","isRefFlowProperty":true,"flowProperty":{"@type":"FlowProperty","@id":"93a60a56-a3c8-11da-a746-0800200b9a66","name":"Mass","category":"Technical flow properties","refUnit":"kg"},"conversionFactor":1.0}]}