{"@type":"Flow","@id":"eeba1d97-a491-3523-8241-64f7ff475382","name":".lambda.-Cyhalothrin","description":"From FedElemFlowList_1.0. Flow Class: Chemicals. Not a preferred flow.","category":"Elementary Flows/emission/water/fresh water body/river","version":"01.00.000","lastChange":"2019-09-11T14:21:46.399Z","flowType":"ELEMENTARY_FLOW","cas":"91465-08-6","formula":"C23H19ClF3NO3","isInfrastructureFlow":false,"flowProperties":[{"@type":"FlowPropertyFactor","isRefFlowProperty":true,"flowProperty":{"@type":"FlowProperty","@id":"93a60a56-a3c8-11da-a746-0800200b9a66","name":"Mass","category":"Technical flow properties","refUnit":"kg"},"conversionFactor":1.0}]}