{"@type":"Flow","@id":"f4650238-f108-3647-88f5-5b357ae771b2","name":"Hazardous Air Pollutants (HAPs)","description":"Non-FEDEFL Unmappable flow","category":"Elementary Flows/emission/air","version":"00.00.003","lastChange":"2021-08-10T18:31:00.284Z","flowType":"ELEMENTARY_FLOW","isInfrastructureFlow":false,"flowProperties":[{"@type":"FlowPropertyFactor","isRefFlowProperty":true,"flowProperty":{"@type":"FlowProperty","@id":"93a60a56-a3c8-11da-a746-0800200b9a66","name":"Mass","category":"Technical flow properties","refUnit":"kg"},"conversionFactor":1.0}]}