{"@type":"Flow","@id":"f4d80fe2-75ef-497c-b17c-a8a2222e66f8","name":"Transformation, to annual crop, non-irrigated","category":"Ecosystem Services","version":"00.00.003","lastChange":"2021-07-26T21:54:15.375Z","flowType":"PRODUCT_FLOW","isInfrastructureFlow":false,"flowProperties":[{"@type":"FlowPropertyFactor","isRefFlowProperty":true,"flowProperty":{"@type":"FlowProperty","@id":"93a60a56-a3c8-19da-a746-0800200c9a66","name":"Area","category":"Technical flow properties","refUnit":"m2"},"conversionFactor":1.0}]}