{"@type":"Flow","@id":"f9bfebc3-932f-3427-827a-a4972c05203c","name":"Roundwood, hardwood, average, at forest road","category":"Technosphere Flows/11: Agriculture, Forestry, Fishing and Hunting/1133: Logging","version":"00.00.004","lastChange":"2019-09-18T23:00:09.115Z","flowType":"PRODUCT_FLOW","isInfrastructureFlow":false,"location":{"@type":"Location","@id":"b320e7db-c758-3ba6-8839-81eb83c9d7d7","name":"Northern America"},"flowProperties":[{"@type":"FlowPropertyFactor","isRefFlowProperty":true,"flowProperty":{"@type":"FlowProperty","@id":"93a60a56-a3c8-22da-a746-0800200c9a66","name":"Volume","category":"Technical flow properties","refUnit":"m3"},"conversionFactor":1.0}]}