{"@type":"Flow","@id":"fc1ee789-e922-3e7c-bbab-7a8ba489aea7","name":"Aluminum, cast, precision sand casting","category":"Technosphere Flows/31-33: Manufacturing/3315: Foundries","version":"00.00.003","lastChange":"2019-09-19T18:01:04.396Z","flowType":"PRODUCT_FLOW","isInfrastructureFlow":false,"location":{"@type":"Location","@id":"b320e7db-c758-3ba6-8839-81eb83c9d7d7","name":"Northern America"},"flowProperties":[{"@type":"FlowPropertyFactor","isRefFlowProperty":true,"flowProperty":{"@type":"FlowProperty","@id":"93a60a56-a3c8-11da-a746-0800200b9a66","name":"Mass","category":"Technical flow properties","refUnit":"kg"},"conversionFactor":1.0}]}