{"@type":"Flow","@id":"fe598843-aa58-4c99-b4a4-d47d9c8adbe5","name":"Steel; hot-dip galvanised coil, at plant","description":"","category":"Technosphere Flows/31-33: Manufacturing/3311: Iron and Steel Mills and Ferroalloy Manufacturing","version":"00.00.002","lastChange":"2022-12-30T17:57:10.227Z","flowType":"PRODUCT_FLOW","isInfrastructureFlow":false,"flowProperties":[{"@type":"FlowPropertyFactor","isRefFlowProperty":true,"flowProperty":{"@type":"FlowProperty","@id":"93a60a56-a3c8-11da-a746-0800200b9a66","name":"Mass","category":"Technical flow properties","refUnit":"kg"},"conversionFactor":1.0}]}