{"@type":"Flow","@id":"feb8a91d-fa3f-3660-bfc2-75471003288d","name":"Isobutene","description":"From FedElemFlowList_1.0.1.1. Flow Class: Chemicals. Preferred flow.","category":"Elementary Flows/emission/air/troposphere/urban/low","version":"01.00.001","lastChange":"2020-01-29T14:12:34.979Z","flowType":"ELEMENTARY_FLOW","cas":"115-11-7","formula":"C4H8","isInfrastructureFlow":false,"flowProperties":[{"@type":"FlowPropertyFactor","isRefFlowProperty":true,"flowProperty":{"@type":"FlowProperty","@id":"93a60a56-a3c8-11da-a746-0800200b9a66","name":"Mass","category":"Technical flow properties","refUnit":"kg"},"conversionFactor":1.0}]}