{"@type":"Flow","@id":"ff97b31b-997e-33ff-a00f-34d73534a9af","name":"Disposal, light aromatic solvent naphtha, to sanitary landfill","description":"CUTOFF flow","category":"Technosphere Flows/CUTOFF Flows","version":"00.00.004","flowType":"PRODUCT_FLOW","cas":"NaN","formula":"NaN","isInfrastructureFlow":false,"flowProperties":[{"@type":"FlowPropertyFactor","isRefFlowProperty":true,"flowProperty":{"@type":"FlowProperty","@id":"93a60a56-a3c8-11da-a746-0800200b9a66","name":"Mass","category":"Technical flow properties","refUnit":"kg"},"conversionFactor":1.0}]}