{"@context":"http://greendelta.github.io/olca-schema/context.jsonld","@type":"UnitGroup","@id":"93a60a57-a3c8-16da-a746-0800200c9a66","name":"Units of radioactivity","version":"00.00.000","category":{"@type":"Category","@id":"00d44049-4768-313c-b2a5-c2d545f8e0ec","name":"Technical unit groups","categoryType":"UnitGroup"},"units":[{"@type":"Unit","@id":"ef6d9358-a156-4c73-b678-320ddee7d2eb","name":"Ci","description":"Curie","version":"00.00.000","conversionFactor":3.7E7},{"@type":"Unit","@id":"ac324d87-9961-463a-81a1-099bb0f7d89b","name":"Bq","description":"Bequerel, 1 event per second","version":"00.00.000","conversionFactor":0.001},{"@type":"Unit","@id":"a9736781-d59e-43dc-8584-147b50595c1c","name":"µBq","description":"microBequerel","version":"00.00.000","conversionFactor":1.0E-9},{"@type":"Unit","@id":"e2987dad-3b7e-451e-82df-fe91756e752a","name":"mBq","description":"miliBequerel","version":"00.00.000","conversionFactor":1.0E-6},{"@type":"Unit","@id":"a45722ee-fc30-4bb1-aa95-5c8fb56c6bfb","name":"Rutherford","description":"Rutherford","version":"00.00.000","conversionFactor":1000.0},{"@type":"Unit","@id":"df1ceca8-2d2a-46fa-91c1-24e5dd0f248f","name":"nBq","description":"nanoBequerel","version":"00.00.000","conversionFactor":1.0E-12},{"@type":"Unit","@id":"e9773595-284e-46dd-9671-5fc9ff406833","name":"kBq","description":"Kilo-Bequerel, 1000 events per second","version":"00.00.000","referenceUnit":true,"conversionFactor":1.0}],"defaultFlowProperty":{"@type":"FlowProperty","@id":"93a60a56-a3c8-17da-a746-0800200c9a66","name":"Radioactivity","categoryPath":["Technical flow properties"]}}