{"@context":"http://greendelta.github.io/olca-schema/context.jsonld","@type":"Source","@id":"02b04635-d6bd-3073-95b3-5d7ff80fbc82","name":"Gabor Doka. 2009. Life Cycle Inventory of the disposal of lignite spoil, coal spoil, and coal tailings.","description":"Life Cycle Inventory of the disposal of lignite spoil, coal spoil, and coal tailings","version":"00.00.000","category":{"@type":"Category","@id":"369f3ffb-73be-46f4-a218-698e93e1c3c1","name":"Other sources"},"textReference":"Doka G. (2009) Life Cycle Inventory of the disposal of lignite spoil, coal spoil and coal tailings. Doka Life Cycle Assessments, Zurich. Commissioned by the Swiss Centre for Life Cycle Inventories ecoinvent Centre. Retrieved April 28, 2014 from http://www.doka.ch/DokaCoalTailings.pdf 2009"}