{"@context":"http://greendelta.github.io/olca-schema/context.jsonld","@type":"Source","@id":"0ba2484d-702d-35a0-82e9-83f1901df8fa","name":"U.S. Geological Survey (USGS). 2009. Methods for Estimating Water Withdrawals for Mining in the United States, 2005","description":"Methods for Estimating Water Withdrawals for Mining in the United States, 2005","version":"00.00.000","category":{"@type":"Category","@id":"369f3ffb-73be-46f4-a218-698e93e1c3c1","name":"Other sources"},"textReference":"USGS 2009. Methods for Estimating Water Withdrawals for Mining in the United States, 2005. US Geological Survey: Reston, VA. http://pubs.usgs.gov/sir/2009/5053/pdf/sir2009-5053.pdf (accessed 4/3/2013) 2009"}