{"@context":"http://greendelta.github.io/olca-schema/context.jsonld","@type":"Source","@id":"0e44810b-14c9-43c3-a1a8-a870dc379a54","name":"Bay Area Rapid Transit. 2004. BART Facilities Standards","description":"DESCRIPTION\r\nNo description\r\n\r\nFULL CITATION\r\nBay Area Rapid Transit. 2004. BART Facilities Standards, Section 07 60 00 [cited November 10, 2008] Available from: http://www.bart.gov/docs/STD_SPEC/076000.pdf.","version":"00.00.000","category":{"@type":"Category","@id":"369f3ffb-73be-46f4-a218-698e93e1c3c1","name":"Other sources"},"textReference":"Bay Area Rapid Transit 2004"}