{"@context":"http://greendelta.github.io/olca-schema/context.jsonld","@type":"Source","@id":"12c19ab9-7ec7-41f1-a151-fac160197368","name":"Elgin National Industries. 2009. Thunder Basin","description":"DESCRIPTION\r\nData for the length and width of the conveyor belt as well as capacity and power.\r\n\r\nFULL CITATION\r\nElgin National Industries. 2009. Thunder Basin. Elgin National Industries, Inc. http://www.elginindustries.com/sitecore/content/Engineering%20and%20Construction/Roberts%20and%20Schaefer/Projects/Arch%20Coal%20-%20Black%20Thunder%20Mine.aspx?industry\u003d{070935F2-5A79-4993-B01F-1EA0E295F207} (Accessed December 18, 2009).","version":"00.00.000","category":{"@type":"Category","@id":"369f3ffb-73be-46f4-a218-698e93e1c3c1","name":"Other sources"},"textReference":"Elgin National Industries 2009"}