{"@context":"http://greendelta.github.io/olca-schema/context.jsonld","@type":"Source","@id":"144155fc-afab-3bb1-8e71-fe3ee72eed65","name":"U.S. Environmental Protection Agency (EPA). 2008. Direct Emissions from Stationary Combustion Sources","description":"Direct Emissions from Stationary Combustion Sources","version":"00.00.000","category":{"@type":"Category","@id":"369f3ffb-73be-46f4-a218-698e93e1c3c1","name":"Other sources"},"textReference":"U.S. Environmental Protection Agency Office of Atmospheric Programs, Climate Protection Partnerships Division (2008). Direct Emissions from Stationary Combustion Sources \u003chttp://www.epa.gov/climateleadership/documents/resources/stationarycombustionguidance.pdf\u003e 2008"}