{"@context":"http://greendelta.github.io/olca-schema/context.jsonld","@type":"Source","@id":"18673e95-b75e-417b-b8e8-f1f05456471b","name":"Buildings Direct. 2009. Paneling System","description":"DESCRIPTION\r\nNo description\r\n\r\nFULL CITATION\r\nBuildings Direct (2009). Paneling System. Buildingsdirect.net [cited February 17, 2009] Available from: http://buildingsdirect.net/building-products_paneling.html.","version":"00.00.000","category":{"@type":"Category","@id":"369f3ffb-73be-46f4-a218-698e93e1c3c1","name":"Other sources"},"textReference":"Buildings Direct 2009"}