{"@context":"http://greendelta.github.io/olca-schema/context.jsonld","@type":"Source","@id":"18b6850f-e54a-4490-a0d2-4c7322f37182","name":"Saginaw. 2009. Steel Reference Handbook","description":"DESCRIPTION\r\nNo description\r\n\r\nFULL CITATION\r\nSaginaw. 2009. Steel Reference Handbook. Saginawpipe.com [cited February 19, 2009] Available from: http://www.saginawpipe.com/Saginaw_Steel_Reference_Handbook.pdf.","version":"00.00.000","category":{"@type":"Category","@id":"369f3ffb-73be-46f4-a218-698e93e1c3c1","name":"Other sources"},"textReference":"Saginaw 2009"}