{"@context":"http://greendelta.github.io/olca-schema/context.jsonld","@type":"Source","@id":"1a93304e-5b75-4fab-839e-eb819025ab9d","name":"Power Prime Pumps. 2008b. Pump Details","description":"DESCRIPTION\r\nMaterials to manufacture various components of pumps used at wastewater treatment plant listed and shown in diagram.\r\n\r\nFULL CITATION\r\nPower Prime Pumps. 2008. Pump Details.  Power Prime Pumps. http://www.powerprime.com/docs/pumpdetail.pdf (Accessed December 14, 2009).","version":"00.00.000","category":{"@type":"Category","@id":"369f3ffb-73be-46f4-a218-698e93e1c3c1","name":"Other sources"},"textReference":"Power Prime Pumps 2008"}