{"@context":"http://greendelta.github.io/olca-schema/context.jsonld","@type":"Source","@id":"1cb851a3-425c-4075-bb6c-ef6c89f7e031","name":"Hillsboro Energy LLC. 2007.  Applications for Underground Mine Permits, #399","description":"DESCRIPTION\r\nAcreage Information: pg 175; Reclaimation Information: pg 388; Materials Information: pg 406 \r\n\r\nFULL CITATION\r\nHillsboro Energy LLC.  (2007).  Applications for Underground Mine Permits, #399. http://dnr.state.il.us/mines/lrd/applications.htm (accessed December 14, 2009).","version":"00.00.000","category":{"@type":"Category","@id":"369f3ffb-73be-46f4-a218-698e93e1c3c1","name":"Other sources"},"textReference":"Hillsboro Energy 2007"}