{"@context":"http://greendelta.github.io/olca-schema/context.jsonld","@type":"Source","@id":"1f0183ff-6458-411a-9a90-592bb8c6ae1d","name":"U.S. Energy Information Administration (EIA). 2007. Annual Coal Report","description":"DESCRIPTION\r\nNo description\r\n\r\nCITATION\r\nU.S. Energy Information Administration (EIA). 2007. Annual Coal Report. U.S. Department of Energy","version":"00.00.000","category":{"@type":"Category","@id":"369f3ffb-73be-46f4-a218-698e93e1c3c1","name":"Other sources"},"textReference":"EIA 2007"}