{"@context":"http://greendelta.github.io/olca-schema/context.jsonld","@type":"Source","@id":"219f0f87-6838-4204-9362-ff0478bd497d","name":"National Energy Technology Laboratory (NETL). 2010. Life Cycle Analysis: Supercritical Pulverized Coal (SCPC) Power Plant","description":"DESCRIPTION\r\nNo description\r\n\r\nFULL CITATION\r\nNETL. (2010). Life Cycle Analysis: Supercritical Pulverized Coal (SCPC) Power Plant. (DOE/NETL-403/110609). Pittsburgh, PA: National Energy Technology Laboratory,  Retrieved May 9, 2014, from http://www.netl.doe.gov/File%20Library/Research/Energy%20Analysis/Life%20Cycle%20Analysis/SCPC-LCA-Final-Report---Report---9-30-10---Final---Rev-1.pdf","version":"00.00.000","category":{"@type":"Category","@id":"c5d2934e-498e-4213-b7dd-99f839d41f1a","name":"NETL Sources"},"textReference":"NETL 2010"}