{"@context":"http://greendelta.github.io/olca-schema/context.jsonld","@type":"Source","@id":"237884a2-6461-45de-9daf-0f89ce7b318a","name":"U.S. Environmental Protection Agency (EPA). 1998. AP 42, Fifth Edition, Volume I, Chapter 11: Mineral Products Industry, Section 11.9: Western Surface Coal Mining","description":"DESCRIPTION\r\nUncontrolled particulate emissions factors, PDF page 10\r\n\r\nFULL CITATION\r\nU.S. Environmental Protection Agency (EPA). 1998. AP 42, Fifth Edition, Volume I, Chapter 11: Mineral Products Industry, Section 11.9: Western Surface Coal Mining. U.S. Environmental Protection Agency.  http://www.epa.gov/ttn/chief/ap42/ch11/final/c11s09.pdf (Accessed December 20, 2009).","version":"00.00.000","category":{"@type":"Category","@id":"369f3ffb-73be-46f4-a218-698e93e1c3c1","name":"Other sources"},"textReference":"EPA 1998"}