{"@context":"http://greendelta.github.io/olca-schema/context.jsonld","@type":"Source","@id":"25109fed-f3f0-427d-ad3e-1fa4f22ad05d","name":"Colstrip Energy Limited Partnership.  2008.  Administrative Amendment to Montana Air Quality Permit","description":"DESCRIPTION\r\nNo description\r\n\r\nFULL CITATION\r\nColstrip Energy Limited Partnership.  2008.  Administrative Amendment to Montana Air Quality Permit. Montana Department of Environment Quality.","version":"00.00.000","category":{"@type":"Category","@id":"369f3ffb-73be-46f4-a218-698e93e1c3c1","name":"Other sources"},"textReference":"Colstrip Energy Limited Partnership 2008"}