{"@context":"http://greendelta.github.io/olca-schema/context.jsonld","@type":"Source","@id":"272404e5-854d-455b-bb06-0b86de0c3fcc","name":"Davis, L. 2008. Reference \u0026 Information: AWG Cable Description","description":"DESCRIPTION\r\nWeight (in feet per pound) of American Wire Gauge 1 and 12 copper wire.\r\n\r\nFULL CITATION\r\nDavis, L. 2008. Reference \u0026 Information: AWG Cable Description.  Interfacebus. http://www.interfacebus.com/Copper_Wire_AWG_SIze.html (Accessed January 14, 2010).","version":"00.00.000","category":{"@type":"Category","@id":"369f3ffb-73be-46f4-a218-698e93e1c3c1","name":"Other sources"},"textReference":"Davis 2008"}