{"@context":"http://greendelta.github.io/olca-schema/context.jsonld","@type":"Source","@id":"2d219d83-b709-4153-b949-48b1560b5900","name":"Weather Bureau. 2008. Frostline Map ","description":"DESCRIPTION\r\nNo description\r\n\r\nFULL CITATION\r\nWeather Bureau. 2008. Frostline Map [cited November 10, 2008] Available from: http://www.nextlevelsolutionz.com/images/Frostline_Map.jpg","version":"00.00.000","category":{"@type":"Category","@id":"369f3ffb-73be-46f4-a218-698e93e1c3c1","name":"Other sources"},"textReference":"Weather Bureau 2008"}