{"@context":"http://greendelta.github.io/olca-schema/context.jsonld","@type":"Source","@id":"32861bc3-6ffe-3c50-a6b3-2259d3c042da","name":"U.S. Geological Survey (USGS). 2005. Estimated Use of Water in the United States: Wyoming County-Level Data for 2005","description":"DESCRIPTION\r\nEstimated Use of Water in the United States: Wyoming County-Level Data for 2005\r\n\r\nCITATION\r\nU.S. Geological Survey. 2000. Estimated Use of Water in the United States: County-Level Data for 2005. United States Geological Survey.  \r\nhttp://water.usgs.gov/watuse/data/2005/wyco2005.xls (accessed April 1, 2013).","version":"00.00.000","category":{"@type":"Category","@id":"369f3ffb-73be-46f4-a218-698e93e1c3c1","name":"Other sources"},"textReference":"USGS 2005"}