{"@context":"http://greendelta.github.io/olca-schema/context.jsonld","@type":"Source","@id":"36c44cca-885f-4a91-80b8-fe805dc9901f","name":"HKM Engineering Inc. 2002. Northeast Wyoming River Basins Water Plant Technical Memoranda, Appendix G, Industrial Water Use.","description":"DESCRIPTION\r\nNo description.\r\n\r\nFULL CITATION\r\nHKM Engineering Inc. 2002. Northeast Wyoming River Basins Water Plant Technical Memoranda, Appendix G, Industrial Water Use. Wyoming State Water Plan: Cheyenne, WY.http://waterplan.state.wy.us/plan/newy/techmemos/induse.html (Accessed 4/3/2013)","version":"00.00.000","category":{"@type":"Category","@id":"369f3ffb-73be-46f4-a218-698e93e1c3c1","name":"Other sources"},"textReference":"HKM Engineering Inc. 2002"}