{"@context":"http://greendelta.github.io/olca-schema/context.jsonld","@type":"Source","@id":"373be152-d73f-431a-a500-0a6b2501c0d0","name":"Gay Construction. 2006. Xstrata Rolleston Coal Stacker - Award Winning Design","description":"DESCRIPTION\r\nData for the weight of a coal stockpile stacker constructed by Gay Construction.  Weight of steel for construction taken from document.\r\n\r\nFULL CITATION\r\nGay Construction. 2006. Xstrata Rolleston Coal Stacker- Award Winning Design.  Gay Construction.  http://www.gayconstructions.com/projects/projects/infrastructure/gcproject.2006-07-19.3975948791 (Accessed December 14, 2009).","version":"00.00.000","category":{"@type":"Category","@id":"369f3ffb-73be-46f4-a218-698e93e1c3c1","name":"Other sources"},"textReference":"Gay 2006"}