{"@context":"http://greendelta.github.io/olca-schema/context.jsonld","@type":"Source","@id":"386922de-0949-4e86-a31a-23a076fba0e3","name":"Reade Advanced Materials. 2006. Weight Per Cubic Foot And Specific Gravity","description":"DESCRIPTION\r\nWeight per cubic foot obtained for Cement, Portland (94 lb/ft^3) from table \"Specific Gravity \u0026 Weight Per Cubic Foot\".\r\n\r\nFULL CITATION\r\nReade Advanced Materials. 2006. Weight Per Cubic Foot And Specific Gravity. Reade Advanced Materials. http://www.reade.com/Particle_Briefings/spec_gra2.html (Accessed December 14, 2009).","version":"00.00.000","category":{"@type":"Category","@id":"369f3ffb-73be-46f4-a218-698e93e1c3c1","name":"Other sources"},"textReference":"Reade Advanced Materials 2006"}