{"@context":"http://greendelta.github.io/olca-schema/context.jsonld","@type":"Source","@id":"3ab0b396-9c1b-4327-b4ec-b34a6d5499d5","name":"National Energy Technology Laboratory (NETL). 2013. Coal crusher facility; Construction; At underground mine","description":"DESCRIPTION\r\nThis unit process encompasses the total amount of materials used in the construction of a crushing facility and the coal crusher.\r\n\r\nCITATION AND ASSOCIATED DOCUMENTATION\r\nThis dataset should be cited as:\r\nNational Energy Technology Laboratory (NETL).2013. NETL Life Cycle Inventory Data – Source: Coal crusher facility; Construction; At underground mine. U.S. Department of Energy, National Energy Technology Laboratory. Last Updated: June 2008 (version 01). Retrieved on [DATE] from [URL for this dataset].\r\n\r\nThis dataset is part of the NETL Unit Process Library.  The Library offers additional information concerning this dataset in the form of a Detailed Spreadsheet  Documentation (DS) file and a Process Documentation File (DF).  The DS file  is an Excel file that contains all of the parameters, inputs, and outputs for a given system as well as background data, calculations and quality scores.  The DF file is a PDF document that contains major assumptions and data sources that are the basis for each unit process.  The NETL Unit Process Library is located on the NETL website (netl.doe.gov) under Research / Energy Analysis / Energy Trends and Issues / Life Cycle Analysis / Unit Process Library.\r\n\r\nFull citations for the DS and DF are given below.\r\n\r\nDS File\r\nNational Energy Technology Laboratory (NETL). 2013. NETL Life Cycle Inventory Data – Unit Process: Coal crusher facility; Construction; At underground mine. U.S. Department of Energy, National Energy Technology Laboratory. Last Updated: June 2008 (version 01). Retreived on 06/30/2014 through personal correspondence with NETL.\r\n\r\nDF File\r\nNational Energy Technology Laboratory (NETL).2013. NETL Life Cycle Inventory Data – Unit Process: Coal crusher facility; Construction; At underground mine. U.S. Department of Energy, National Energy Technology Laboratory. Last Updated: December 2008 (version 01). Retreived on 06/30/2014 through personal correspondence with NETL.","version":"00.00.000","category":{"@type":"Category","@id":"c5d2934e-498e-4213-b7dd-99f839d41f1a","name":"NETL Sources"},"textReference":"NETL 2013"}