{"@context":"http://greendelta.github.io/olca-schema/context.jsonld","@type":"Source","@id":"3e1e18bf-208f-4fbe-8b8a-798726d59ee8","name":"Steel Building. 2009. General Specification for Steel Buildings","description":"DESCRIPTION\r\nNo description\r\n\r\nFULL CITATION\r\nSteel Building (2009). General Specification for Steel Buildings. Steelbuilding.com [cited February 17, 2009] Available from: http://www.steelbuilding.com/buildings/panel_specifications.htm.","version":"00.00.000","category":{"@type":"Category","@id":"369f3ffb-73be-46f4-a218-698e93e1c3c1","name":"Other sources"},"textReference":"Steel Building 2009"}