{"@context":"http://greendelta.github.io/olca-schema/context.jsonld","@type":"Source","@id":"4110096b-0d85-496a-9e50-13a78ab20854","name":"U.S. Bureau of Land Management (BLM). 2009b. Red Cliff Mine Draft Environmental Impact Statement, Maps, Figure 1-2 - Coal Lease Area","description":"DESCRIPTION\r\nHaul road length.\r\n\r\nFULL CITATION\r\nBureau of Land Management. 2009. Red Cliff Mine Draft Environmental Impact Statement, Maps, Figure 1-2 - Coal Lease Area. U.S. Department of the Interior, Bureau of Land Management, Colorado State Office. http://www.blm.gov/pgdata/etc/medialib/blm/co/programs/land_use_planning/rmp/red_cliff_mine/documents/maps.Par.41010.File.dat/Fig_1-2_Coal_Lease_Area_hi-res_11x17.pdf (Accessed December 20, 2009).","version":"00.00.000","category":{"@type":"Category","@id":"369f3ffb-73be-46f4-a218-698e93e1c3c1","name":"Other sources"},"textReference":"BLM 2009"}