{"@context":"http://greendelta.github.io/olca-schema/context.jsonld","@type":"Source","@id":"4166c2c8-6e1c-3204-8bc2-2b2598600e8d","name":"U.S. Environmental Protection Agency (EPA). 1994. Development and Selection of Ammonia Emission Factors","description":"Development and Selection of Ammonia Emission Factors","version":"00.00.000","category":{"@type":"Category","@id":"369f3ffb-73be-46f4-a218-698e93e1c3c1","name":"Other sources"},"textReference":"U.S. Environmental Protection Agency (1994). Development and Selection of Ammonia Emission Factors \u003chttp://web.sraproject.org/wp-content/uploads/2007/12/developmentandselectionofammoniaemissionfactors.pdf\u003e 1994"}