{"@context":"http://greendelta.github.io/olca-schema/context.jsonld","@type":"Source","@id":"422ab315-702e-4b73-9375-bdfee8b6996f","name":"Maxam North America, Inc. 2010. Material Safety Data Sheet, ANFO","description":"DESCRIPTION\r\nFrom website choose \u0027United States\u0027 for country and \u0027Explosives\u0027 for select product offering, then choose RIOXAM\u0027s MSDS. Ammonium nitrate and fuel oil percentage\r\n\r\nFULL CITATION\r\nMaxam North America, Inc. 2010. Material Safety Data Sheet, ANFO.  Maxam North America, Inc.  http://www.maxam.net/buscador_ceprods_action/9887  (Accessed May 30, 2013).","version":"00.00.000","category":{"@type":"Category","@id":"369f3ffb-73be-46f4-a218-698e93e1c3c1","name":"Other sources"},"textReference":"Maxam North America 2010"}