{"@context":"http://greendelta.github.io/olca-schema/context.jsonld","@type":"Source","@id":"4244d683-7f3c-4577-9deb-9048adb2334e","name":"Google Earth. 2006. 43°33\u002730.49\" N, 105°16\u002756.98\" W","description":"DESCRIPTION\r\nSatelite photograph\r\n\r\nFULL CITATION\r\nGoogle. 2006. Google Earth: 43.33\u002730.49\" N, 105 16\u002756.98\" W. www.google.com. (Accessed on October 28, 2009)","version":"00.00.000","category":{"@type":"Category","@id":"369f3ffb-73be-46f4-a218-698e93e1c3c1","name":"Other sources"},"textReference":"Google Earth 2006"}