{"@context":"http://greendelta.github.io/olca-schema/context.jsonld","@type":"Source","@id":"4846570f-32d2-4e64-ad47-a91bdd32a65b","name":"Gundlach Equipment Corporation. 2009. Gundlach Breakers","description":"DESCRIPTION\r\nWeight and materials to construct a breaker for use at a coal mine site\r\n\r\nFULL CITATION\r\nGundlach Equipment Corporation.  (2009).  Gundlach Breakers.  Gundlach Equipment Corporation.  http://www.gundlachcrushers.com/PDF_download/BreakerBrochure.cfm (Accessed December 18, 2009).","version":"00.00.000","category":{"@type":"Category","@id":"369f3ffb-73be-46f4-a218-698e93e1c3c1","name":"Other sources"},"textReference":"Gundlach Equipment Corporation 2009"}