{"@context":"http://greendelta.github.io/olca-schema/context.jsonld","@type":"Source","@id":"4972ee20-c494-4200-9987-f04a35e35558","name":"Power Prime Pumps. 2005. Diesel Pump Specifications","description":"DESCRIPTION\r\nSpecifications for reference pump (DV-300).  Row \"Skid Weight of Assy.\" used as weight of pump to determine weight of component materials.\r\n\r\nFULL CITATION\r\nPower Prime Pumps. 2005. Diesel Pump Specifications. Power Prime Pumps. http://www.powerprime.com/docs/dieselpumpspecs.pdf (Accessed December 14, 2009).","version":"00.00.000","category":{"@type":"Category","@id":"369f3ffb-73be-46f4-a218-698e93e1c3c1","name":"Other sources"},"textReference":"Power Prime Pumps 2005"}