{"@context":"http://greendelta.github.io/olca-schema/context.jsonld","@type":"Source","@id":"4a3a412a-9a81-49ee-a089-0165f752aeb4","name":"Sandvik. 2004. Pulleys, Idlers and Materials Handling Systems: Catalogue Medium to Heavy Duty Idler","description":"DESCRIPTION\r\nManufacturer specifications for pulleys and idlers components for the conveyor system.\r\n\r\nFULL CITATION\r\nSandvik. 2004. Pulleys, Idlers and Materials Handling Systems: Catalogue Medium to Heavy Duty Idler. Sandvik Mining and Construction. http://www.miningandconstruction.sandvik.com/sandvik/0120/Internet/global/S003713.nsf/Alldocs/Products*5CConveyors*and*conveyor*components*5CIdlers*2AMedium*Duty*Idlers/$file/Idlers%20-%20Medium%20to%20Heavy%20Duty.pdf (Accessed January  15, 2010).","version":"00.00.000","category":{"@type":"Category","@id":"369f3ffb-73be-46f4-a218-698e93e1c3c1","name":"Other sources"},"textReference":"Sandvik 2004"}