{"@context":"http://greendelta.github.io/olca-schema/context.jsonld","@type":"Source","@id":"4e04c868-c397-41ec-90e0-6de101bbc798","name":"Concrete Reinforcing Steel Institute (CRSI). 2008. ASTM Standard Inch-Pound Reinforcing Bars","description":"DESCRIPTION\r\nNo description\r\n\r\nFULL CITATION\r\nConcrete Reinforcing Steel Institute (CRSI). 2008. ASTM Standard Inch-Pound Reinforcing Bars\". http://www.crsi.org/rebar/metric.html.","version":"00.00.000","category":{"@type":"Category","@id":"369f3ffb-73be-46f4-a218-698e93e1c3c1","name":"Other sources"},"textReference":"CRSI 2008"}