{"@context":"http://greendelta.github.io/olca-schema/context.jsonld","@type":"Source","@id":"55a202e6-1365-3aa7-83c1-e1cea4e10927","name":"National Energy Technology Laboratory (NETL). 2008. Development of baseline data and analysis of life cycle greenhouse gas emissions of petroleum-based fuels","description":"Development of baseline data and analysis of life cycle greenhouse gas emissions of petroleum-based fuels","version":"00.00.000","category":{"@type":"Category","@id":"369f3ffb-73be-46f4-a218-698e93e1c3c1","name":"Other sources"},"textReference":"National Energy Technology Laboratory (2008). Development of baseline data and analysis of life cycle greenhouse gas emissions of petroleum-based fuels. DOE. Pittsburgh, PA. http://www.netl.doe.gov/File%20Library/Research/Energy%20Analysis/Life%20Cycle%20Analysis/NETL-LCA-Petroleum-based-Fuels-Nov-2008.pdf. Last Accessed: March 24, 2014 2008"}