{"@context":"http://greendelta.github.io/olca-schema/context.jsonld","@type":"Source","@id":"56a90479-dc71-337d-8f61-0ca12bae15b0","name":"U.S. Environmental Protection Agency (EPA). 2011. Emission factors for greenhouse gas inventories.","description":"Emission factors for greenhouse gas inventories","version":"00.00.000","category":{"@type":"Category","@id":"369f3ffb-73be-46f4-a218-698e93e1c3c1","name":"Other sources"},"textReference":"U.S. Environmental Protection Agency (2011). Emission factors for greenhouse gas inventories. EPA. Washington, DC. http://www.epa.gov/climateleadership/inventory/ghg-emissions.html. Last Accessed: March 24, 2014 2011"}