{"@context":"http://greendelta.github.io/olca-schema/context.jsonld","@type":"Source","@id":"582cca73-dcdb-4b9b-b903-4597d61ea59a","name":"U.S. Energy Information Administration (EIA). 2013. Historical Detailed Coal Production Data (1983-2011)","description":"DESCRIPTION\r\n\r\nFULL CITATION\r\nU.S. Energy Information Administration (EIA). 2013. Historical Detailed Coal Production Data (1983-2011). US Energy Information Agency: Washington, DC.  (accessed 04/01/2013)\r\n","version":"00.00.000","category":{"@type":"Category","@id":"369f3ffb-73be-46f4-a218-698e93e1c3c1","name":"Other sources"},"textReference":"EIA 2013"}