{"@context":"http://greendelta.github.io/olca-schema/context.jsonld","@type":"Source","@id":"5879852f-02b1-4bc9-b428-4e820b107811","name":"Metal Suppliers Online. 2009. Carbon Steels Cold Rolled Steel","description":"DESCRIPTION\r\nNo description\r\n\r\nFULL CITATION\r\nMetal Suppliers Online. 2009. Carbon Steels Cold Rolled Steel. Suppliersonline.com [cited February 17, 2009] Available from: http://www.suppliersonline.com/Research/Property/result.asp?FamilyID\u003d4\u0026MetalID\u003d1075\u0026Chemical\u003d1\u0026Physical\u003d1\u0026Mechanical\u003d1.","version":"00.00.000","category":{"@type":"Category","@id":"369f3ffb-73be-46f4-a218-698e93e1c3c1","name":"Other sources"},"textReference":"Metal Suppliers Online 2009"}