{"@context":"http://greendelta.github.io/olca-schema/context.jsonld","@type":"Source","@id":"59cd2dcb-be9a-41e3-a667-ce04bfeb229c","name":"National Institute of Standards and Technology (NIST). 2009. Product List: Generic 100% Portland Cement","description":"DESCRIPTION\r\nDescription and life cycle inventory for the manufacture of concrete which uses 100% Portland Cement as the binder.\r\n\r\nFULL CITATION\r\nNational Institute of Standards and Technology. 2009. Product List: Generic 100% Portland Cement. http://ws680.nist.gov/bees/ProductListFiles/Generic%20Concrete%20Products%20with%20Portland%20Cement.pdf (AccessedNovember 05, 2015).","version":"00.00.000","category":{"@type":"Category","@id":"369f3ffb-73be-46f4-a218-698e93e1c3c1","name":"Other sources"},"textReference":"NIST 2009"}