{"@context":"http://greendelta.github.io/olca-schema/context.jsonld","@type":"Source","@id":"5ea9ee84-5180-3250-b97c-048398d60988","name":"U.S. Environmental Protection Agency (EPA). 1999. AP-42, Compilation of Air Pollutant Emission Factors, Version 5, Chapter 1 Section 3","description":"DESCRIPTION\r\nUnited States Environmental Protection Agency emission factors.\r\n\r\nFULL CITATION\r\nAP-42, Compilation of Air Pollutant Emission Factors, Version 5, Chapter 1 Section 3\r\nU.S. Environmental Protection Agency Office of Air Quality Planning and Standards, Office of Air and Radiation (1999). \r\nCompilation of Air Pollutant Emission Factors, Volume 1: Stationary Point and Area Sources, Chapter 1: External Combustion Source, Section 3: Fuel Oil Combustion \r\nhttp://www.epa.gov/pm/measures/pm_control_measures_tables_ver1.pdf\"\u003ehttp://www.epa.gov/pm/measures/pm_control_measures_tables_ver1.pdf\u003c/a\u003e 2007.","version":"00.00.000","category":{"@type":"Category","@id":"369f3ffb-73be-46f4-a218-698e93e1c3c1","name":"Other sources"},"textReference":"EPA 1999"}