{"@context":"http://greendelta.github.io/olca-schema/context.jsonld","@type":"Source","@id":"5eb71576-c30f-4f66-8545-dc00d185a859","name":"National Energy Technology Laboratory (NETL). 2013. Coal mine water use and quality; Underground mine","description":"BRIEF DESCRIPTION\r\nThis unit process considers water use and quality from underground mining of coal, based on data for Illinois No. 6 coal.  \r\nInputs and outputs are reported on the basis of 1 kg of coal.\r\n\t\t\t\r\nCITATION AND ASSOCIATED DOCUMENTATION\r\nThis document should be cited as: \r\nNational Energy Technology Laboratory (NETL). 2013. NETL Life Cycle Inventory Data –  Source: Coal mine water use and quality; Underground coal mine, Illinois No. 6 coal. U.S. Department of Energy, National Energy Technology Laboratory.  Last updated: 2013 (version 01). Retrieved on [DATE] from [URL for this dataset].\r\n\r\nThis dataset is part of the NETL Unit Process Library.  The Library offers additional information concerning this dataset in the form of a Detailed Spreadsheet  Documentation (DS) file and a Process Documentation File (DF).  The DS file  is an Excel file that contains all of the parameters, inputs, and outputs for a given system as well as background data, calculations and quality scores.  The DF file is a PDF document that contains major assumptions and data sources that are the basis for each unit process.  The NETL Unit Process Library is located on the NETL website (netl.doe.gov) under Research / Energy Analysis / Energy Trends and Issues / Life Cycle Analysis / Unit Process Library.\r\n\r\nFull citations for the DS and DF are given below:\r\n\r\nDS File\r\nNational Energy Technology Laboratory (NETL). 2013. NETL Life Cycle Inventory Data –  Unit Process: Coal mine water use and quality; Underground coal mine, Illinois No. 6 coal. U.S. Department of Energy, National Energy Technology Laboratory.  Last updated: 2013 (version 01). Retrieved on 6/30/2014 from: http://www.netl.doe.gov/File%20Library/Research/Energy%20Analysis/Life%20Cycle%20Analysis/UP_Library/DS_Stage1_O_Underground_Coal_Mine_Water_2013-01.xlsx\r\n\r\nDF File\r\nNational Energy Technology Laboratory (NETL). 2013. NETL Life Cycle Inventory Data –  Unit Process: Coal mine water use and quality; Underground coal mine, Illinois No. 6 coal. U.S. Department of Energy, National Energy Technology Laboratory.  Last updated: 2013 (version 01). Retrieved on 6/30/2014 from: http://www.netl.doe.gov/File%20Library/Research/Energy%20Analysis/Life%20Cycle%20Analysis/UP_Library/DF_Stage1_O_Underground_Coal_Mine_Water_2013-01.pdf","version":"00.00.000","category":{"@type":"Category","@id":"c5d2934e-498e-4213-b7dd-99f839d41f1a","name":"NETL Sources"},"textReference":"NETL 2013"}