{"@context":"http://greendelta.github.io/olca-schema/context.jsonld","@type":"Source","@id":"5eb8b538-5a5c-47f9-9bba-e020710e7f5c","name":"Conaway, et al. 2005. Estimate of mercury emission from gasoline and diesel consumption, San Francisco Bay area, California.","description":"DESCRIPTION\r\nData for mercury emissions\r\n\r\nFULL CITATION\r\nConaway, C., Mason, R., Steding, D., Flegal, A. 2005. \"Estimate of mercury emission from gasoline and diesel consumption, San Francisco Bay area, California.\" Atmospheric Environment 39:101-105.","version":"00.00.000","category":{"@type":"Category","@id":"369f3ffb-73be-46f4-a218-698e93e1c3c1","name":"Other sources"},"textReference":"Conaway et al. 2005"}