{"@context":"http://greendelta.github.io/olca-schema/context.jsonld","@type":"Source","@id":"6c1fcf90-04f3-4ea6-bf3b-a48030c3a8ff","name":"Illinois Department of Commerce and Economic Opportunity. 2008. The Illinois Coal Industry","description":"DESCRIPTION\r\nNo description\r\n\r\nFULL CITATION\r\nIllinois Department of Commerce and Economic Opportunity. 2008. The Illinois Coal Industry. Springfield, IL. June, 2008.","version":"00.00.000","category":{"@type":"Category","@id":"369f3ffb-73be-46f4-a218-698e93e1c3c1","name":"Other sources"},"textReference":"Illinois Department of Commerce and Economic Opportunity 2008"}