{"@context":"http://greendelta.github.io/olca-schema/context.jsonld","@type":"Source","@id":"6f87e714-7200-42b0-a664-f6da402c7b9b","name":"Phillips Machine Service. 2007d. The Freedom Car Family: FC25 Shuttle Coal Hauler","description":"DESCRIPTION\r\nData and specifications for FC25 shuttle car.  Used to determine average weight of single shuttle car.  Weight specifications highlighted.\r\n\r\nFULL CITATION\r\nPhillips Machine Service. 2007d. The Freedom Car Family: FC25 Shuttle Coal Hauler.  Phillips Machine Service.  http://www.phillipsmachine.com/pdf/FC25.PDF (accessed December 14, 2009).","version":"00.00.000","category":{"@type":"Category","@id":"369f3ffb-73be-46f4-a218-698e93e1c3c1","name":"Other sources"},"textReference":"Phillips Machine Service 2007"}