{"@context":"http://greendelta.github.io/olca-schema/context.jsonld","@type":"Source","@id":"72e2fd55-9bba-44d9-b62c-188166c8cab0","name":"U.S. Environmental Protection Agency (EPA). 2009b. National Pollutant Discharge Elimination System Permit, Water Quality Reporting Documentation","description":"DESCRIPTION\r\nNA\r\n\r\nFULL CITATION\r\nEPA. 2009. National Pollutant Discharge Elimination System Permit, Water Quality Reporting Documentation. U.S. Environmental Protection Agency. http://www.epa-echo.gov/echo/compliance_report_water.html (Accessed December 21, 2009).","version":"00.00.000","category":{"@type":"Category","@id":"369f3ffb-73be-46f4-a218-698e93e1c3c1","name":"Other sources"},"textReference":"EPA 2009"}