{"@context":"http://greendelta.github.io/olca-schema/context.jsonld","@type":"Source","@id":"738b0b50-77a0-41ee-8527-92f2fc359f07","name":"Caterpillar.  2003.  797B Mining Truck","description":"DESCRIPTION\r\nMaterial weight and capacity for a single Caterpillar mining truck for use at a large surface coal mine\r\n\r\nFULL CITATION\r\nCaterpillar.  2003.  797B Mining Truck.  Caterpillar.  http://www.cat.com/cmms/images/C198751.pdf (accessed December 18, 2009).","version":"00.00.000","category":{"@type":"Category","@id":"369f3ffb-73be-46f4-a218-698e93e1c3c1","name":"Other sources"},"textReference":"Caterpillar 2003"}