{"@context":"http://greendelta.github.io/olca-schema/context.jsonld","@type":"Source","@id":"7bd04137-5142-4310-aac4-067fa96fa85c","name":"National Energy Technology Laboratory (NETL). 2009. Affordable, Low-Cost Diesel Fuel from Domestic Coal and Biomass. DOE/NETL-2009/1349","description":"DESCRIPTION\r\nData for coal feedrates into power plant. Coal feedrates are adjustable.\r\n\r\nFULL CITATION\r\nNational Energy Technology Laboratory (NETL). 2009. Affordable, Low-Cost Diesel Fuel from Domestic Coal and Biomass. DOE/NETL-2009/1349. U.S. Department of Energy, National Energy Technology Laboratory. Pittsburgh, PA.","version":"00.00.000","category":{"@type":"Category","@id":"c5d2934e-498e-4213-b7dd-99f839d41f1a","name":"NETL Sources"},"textReference":"NETL 2009"}