{"@context":"http://greendelta.github.io/olca-schema/context.jsonld","@type":"Source","@id":"7fa90fcd-d619-4f08-a8f2-5cc027b93c0e","name":"U.S. Bureau of Land Management (BLM). 2009a. Red Cliff Mine Draft Environmental Impact Statement, Appendix H: Air Quality Analysis Modeling Report","description":"DESCRIPTION\r\nProduction rate and lifetime of mine on PDF page 8, highlighted text. Expected period of time for mine commissioning, PDF page 43. Fuel consumption and emissions data, PDF page 47.\r\n\r\nFULL CITATION\r\nU.S. Bureau of Land Management. 2009. Red Cliff Mine Draft Environmental Impact Statement, Appendix H: Air Quality Analysis Modeling Report. U.S. Department of the Interior. http://www.blm.gov/pgdata/etc/medialib/blm/co/programs/land_use_planning/rmp/red_cliff_mine/documents/draft_eis/volume_ii.Par.22224.File.dat/Appendix_H_Air_Quality_Analysis_Modeling_Report.pdf (Accessed December 11, 2009).","version":"00.00.000","category":{"@type":"Category","@id":"369f3ffb-73be-46f4-a218-698e93e1c3c1","name":"Other sources"},"textReference":"BLM 2009"}