{"@context":"http://greendelta.github.io/olca-schema/context.jsonld","@type":"Source","@id":"8449a241-5b5b-4a42-9a41-32dc881be291","name":"Tribal Energy and Environmental Information. 2010. Coal Mining: Decommissioning and Site Reclamation Impacts","description":"DESCRIPTION\r\nDefines the scope of coal mine decommissioning and site reclamation .\r\n\r\nFULL CITATION\r\nTribal Energy and Environmental Information. 2010. Coal Mining: Decommissioning and Site Reclamation Impacts. Tribal Energy and Environmental Information. http://teeic.anl.gov/er/coal/impact/decom/index.cfm (Accessed January 21, 2010)","version":"00.00.000","category":{"@type":"Category","@id":"369f3ffb-73be-46f4-a218-698e93e1c3c1","name":"Other sources"}}