{"@context":"http://greendelta.github.io/olca-schema/context.jsonld","@type":"Source","@id":"84c487e8-6e1c-4a33-ada3-561ef91c2cd2","name":"Mayer, Larry. 2009. Construction of mine facilities, rail line on schedule","description":"DESCRIPTION\r\nNo description\r\n\r\nFULL CITATION\r\nMayer, Larry. 2009. Construction of mine facilities, rail line on schedule. Billings Gazette. Posted January 24, 2009. http://www.billingsgazette.com/news/state-and-regional/montana/image_a5882fbd-7b3e-5ce4-a7a2-0b45fcfb30ee.html (Accessed February 11, 2010)","version":"00.00.000","category":{"@type":"Category","@id":"369f3ffb-73be-46f4-a218-698e93e1c3c1","name":"Other sources"},"textReference":"Mayer 2009"}