{"@context":"http://greendelta.github.io/olca-schema/context.jsonld","@type":"Source","@id":"8f12b23a-529c-41e0-8383-016c71dde7cd","name":"P\u0026H Mining Equipment. 2009. P\u0026H 250XP-DL Dragline Application Drill, Rotary Blasthole Drill: Operating Specifications.","description":"FULL CITATION\r\nP\u0026H Mining Equipment. 2009. P\u0026H 250XP-DL Dragline Application Drill, Rotary Blasthole Drill: Operating Specifications. P\u0026H Mining Equipment. http://www.phmining.com/MinePro/Literature/Spec/250XP-DL.pdf (Accessed December 18, 2009).\r\n\r\nDESCRIPTION\r\nSpecifications for weights and components of a rotary drill for blasthole drilling at a dragline application.","version":"00.00.000","category":{"@type":"Category","@id":"369f3ffb-73be-46f4-a218-698e93e1c3c1","name":"Other sources"},"textReference":"P\u0026H Mining Equipment 2009"}