{"@context":"http://greendelta.github.io/olca-schema/context.jsonld","@type":"Source","@id":"94d8b0ed-2278-4500-8409-d9e6bbc962e6","name":"U.S. Environmental Protection Agency (EPA). 2008a. Identifying Opportunities for Methane Recovery at U.S. Coal Mines: Profiles of Selected Gassy Underground Coal Mines 2002-2006","description":"DESCRIPTION\r\nNo description\r\n\r\nFULL CITATION\r\nU.S. Environmental Protection Agency (EPA). 2008a. Identifying Opportunities for Methane Recovery at U.S. Coal Mines: Profiles of Selected Gassy Underground Coal Mines 2002-2006. U.S. EPA Coalbed Methane Outreach Program.  Report Number: EPA 430-K-04-003","version":"00.00.000","category":{"@type":"Category","@id":"369f3ffb-73be-46f4-a218-698e93e1c3c1","name":"Other sources"},"textReference":"EPA 2008"}