{"@context":"http://greendelta.github.io/olca-schema/context.jsonld","@type":"Source","@id":"9a650f16-201e-4d90-9bed-040198dacf9a","name":"Caterpillar. 2008. 973C Track Loader","description":"DESCRIPTION\r\nSpecifications for the weight and capacity of a representative track loader for use at a large surface coal mine.\r\n\r\nFULL CITATION\r\nCaterpillar. 2008. 973C Track Loader. Caterpillar. http://www.cat.com/cmms/images/C453359.pdf (Accessed December 18, 2009).","version":"00.00.000","category":{"@type":"Category","@id":"369f3ffb-73be-46f4-a218-698e93e1c3c1","name":"Other sources"},"textReference":"Caterpillar 2008"}