{"@context":"http://greendelta.github.io/olca-schema/context.jsonld","@type":"Source","@id":"9f1ba9ea-8440-3173-96e0-3e1b3814317e","name":"U.S. Environmental Protection Agency (EPA). 2012. WebFIRE.","description":"WebFIRE","version":"00.00.000","category":{"@type":"Category","@id":"369f3ffb-73be-46f4-a218-698e93e1c3c1","name":"Other sources"},"textReference":"U.S. Environmental Protection Agency (2012). WebFIRE. EPA. Washington, DC. http://cfpub.epa.gov/webfire/ Last Accessed: March 23, 2014 2012"}