{"@context":"http://greendelta.github.io/olca-schema/context.jsonld","@type":"Source","@id":"a10a5a9c-d9e2-4908-9fbf-02bbaa5044d8","name":"U.S. Energy Information Administration (EIA) and U.S. Mine Safety and Health Administration. n.d. ","description":"DESCRIPTION\r\nData for coal mine production rates\r\n\r\nFULL CITATION\r\nU.S. Energy Information Administration and U.S. Mine Safety and Health Administration.  (n.d.).  Historic Coal Production Data:  2009.  U.S. Energy Information Administration.  Washington, D.C. http://www.eia.gov/coal/data.cfm#production  (Accessed July 16, 2013)","version":"00.00.000","category":{"@type":"Category","@id":"369f3ffb-73be-46f4-a218-698e93e1c3c1","name":"Other sources"},"textReference":"EIA 0"}