{"@context":"http://greendelta.github.io/olca-schema/context.jsonld","@type":"Source","@id":"a2f7fe93-e04d-4251-9142-a02778045357","name":"National Energy Technology Laboratory (NETL). 2013. Coal mine ventilation energy; Electric fan; Underground mine","description":"DESCRIPTION\r\nThis parameterized unit process  calculates the amount of electricity required to ventilate an underground coal mine. Inputs and outputs are reported on the basis of 1 kg of coal.\r\n\r\nCITATION AND ASSOCIATED DOCUMENTATION\r\nThis document should be cited as: \r\nNational Energy Technology Laboratory (NETL). 2013. NETL Life Cycle Inventory Data – Source: Coal mine ventilation energy; Electric fan; Underground coal mine. U.S. Department of Energy, National Energy Technology Laboratory. Last Updated: July 2013 (version 01). Retrieved on [DATE] from [URL for this dataset].\r\n\r\nThis dataset is part of the NETL Unit Process Library.  The Library offers additional information concerning this dataset in the form of a Detailed Spreadsheet  Documentation (DS) file and a Process Documentation File (DF).  The DS file  is an Excel file that contains all of the parameters, inputs, and outputs for a given system as well as background data, calculations and quality scores.  The DF file is a PDF document that contains major assumptions and data sources that are the basis for each unit process.  The NETL Unit Process Library is located on the NETL website (netl.doe.gov) under Research / Energy Analysis / Energy Trends and Issues / Life Cycle Analysis / Unit Process Library.\r\n\r\nFull citations for the DS and DF are given below:\r\n\r\nDS File\r\nNational Energy Technology Laboratory (NETL). 2013. NETL Life Cycle Inventory Data – Unit Process: Coal mine ventilation energy; Electric fan; Underground coal mine. U.S. Department of Energy, National Energy Technology Laboratory. Last Updated: July 2013 (version 01). Retrieved on 6/30/2014 from: http://www.netl.doe.gov/File%20Library/Research/Energy%20Analysis/Life%20Cycle%20Analysis/UP_Library/DS_Stage1_O_Ventilation_Underground_2013-01.xlsx\r\n\r\nDF File\r\nNational Energy Technology Laboratory (NETL). 2013. NETL Life Cycle Inventory Data – Unit Process: Coal mine ventilation energy; Electric fan; Underground coal mine. U.S. Department of Energy, National Energy Technology Laboratory. Last Updated: July 2013 (version 01). Retrieved on 6/30/2014 from: http://www.netl.doe.gov/File%20Library/Research/Energy%20Analysis/Life%20Cycle%20Analysis/UP_Library/DF_Stage1_O_Ventilation_Underground_2013-01.pdf","version":"00.00.000","category":{"@type":"Category","@id":"c5d2934e-498e-4213-b7dd-99f839d41f1a","name":"NETL Sources"},"textReference":"NETL 2013"}