{"@context":"http://greendelta.github.io/olca-schema/context.jsonld","@type":"Source","@id":"a6acc211-b0d3-4202-9381-55f528e0665b","name":"U.S. Environmental Protection Agency (EPA). 2010. Coal Mine Methane Recovery at Active U.S. Coal Mines: Current Projects and Potential Opportunities","description":"DESCRIPTION\r\n\r\nFULL CITATION\r\nU.S. Environmental Protection Agency.  2010.  Coal Mine Methane Recovery at Active U.S. Coal Mines:  Current Projects and Potential Opportunities.  U.S. Environmental Protection Agency.  Washington, D.C. http://www.epa.gov/cmop/resources/coal_mine_data_sheet.pdf‎  (Accessed July 16, 2013)","version":"00.00.000","category":{"@type":"Category","@id":"369f3ffb-73be-46f4-a218-698e93e1c3c1","name":"Other sources"},"textReference":"EPA 2010"}