{"@context":"http://greendelta.github.io/olca-schema/context.jsonld","@type":"Source","@id":"a79690d1-b7e4-451f-9f38-f0d8a4693118","name":"The Engineering Toolbox. 2005. PVC and CPVC Pipes - Schedule 40 \u0026 80","description":"DESCRIPTION\r\nWeight of 4- and 8-inch PVC pipe diameters (lb/100 ft) taken from table PVC and CPVC Pipes - Schedule 80.\r\n\r\nFULL CITATION\r\nThe Engineering Toolbox. 2005. PVC and CPVC Pipes - Schedule 40 \u0026 80. The Engineering Toolbox. http://www.engineeringtoolbox.com/pvc-cpvc-pipes-dimensions-d_795.html (Accessed December 14, 2009).","version":"00.00.000","category":{"@type":"Category","@id":"369f3ffb-73be-46f4-a218-698e93e1c3c1","name":"Other sources"},"textReference":"The Engineering Toolbox 2005"}