{"@context":"http://greendelta.github.io/olca-schema/context.jsonld","@type":"Source","@id":"abbc2a42-d9c7-4b95-a751-cc157da50a5e","name":"Loos \u0026 Co., Inc. 2009. Item # GC 18877, 7x7 Preformed Galvanized Aircraft Cable","description":"DESCRIPTION\r\nManufacturer specifications for galvanised aircraft cable component for the conveyor system.\r\n\r\nFULL CITATION\r\nLoos \u0026 Co., Inc. 2009. Item # GC 18877, 7x7 Preformed Galvanized Aircraft Cable. Loos \u0026 Co., Inc. http://loosco.thomasnet.com/item/wire-rope-galvanized/7x7-preformed-galvanized-aircraft-cable/gc-18877?\u0026seo\u003d110 (Accessed January  15, 2010).","version":"00.00.000","category":{"@type":"Category","@id":"369f3ffb-73be-46f4-a218-698e93e1c3c1","name":"Other sources"},"textReference":"Loos \u0026 Co 2009"}