{"@context":"http://greendelta.github.io/olca-schema/context.jsonld","@type":"Source","@id":"b208b9a3-2b88-4c88-a44b-b281a13612e6","name":"U.S. Environmental Protection Agency (EPA). 2009a. AP 42, Fifth Edition, Volume I, Chapter 11: Mineral Products Industry, 11.9 Western Surface Coal Mining","description":"DESCRIPTION\r\nEmission factor equations for open dust sources at surface mines and supporting data\r\n\r\nFULL CITATION\r\nU.S. Environmental Protection Agency (EPA). 2009. AP 42, Fifth Edition, Volume I, Chapter 11: Mineral Products Industry, 11.9 Western Surface Coal Mining. U.S.  Environmental Protectin Agency.  http://www.epa.gov/ttn/chief/ap42/ch11/index.html (May 30, 2013).","version":"00.00.000","category":{"@type":"Category","@id":"369f3ffb-73be-46f4-a218-698e93e1c3c1","name":"Other sources"},"textReference":"EPA 2009"}