{"@context":"http://greendelta.github.io/olca-schema/context.jsonld","@type":"Source","@id":"b5e1a775-203b-3df5-b249-a5c463922a35","name":"Argonne National Laboratory (2013). Life Cycle Analysis of Conventional and Alternative Marine Fuels in GREET.","description":"Life Cycle Analysis of Conventional and Alternative Marine Fuels in GREET™","version":"00.00.000","category":{"@type":"Category","@id":"369f3ffb-73be-46f4-a218-698e93e1c3c1","name":"Other sources"},"textReference":"Argonne National Laboratory (2013). Life Cycle Analysis of Conventional\nand Alternative Marine Fuels in GREET™ \u003chttps://greet.es.anl.gov/publication-marine-fuels-13\u003e 2013"}