{"@context":"http://greendelta.github.io/olca-schema/context.jsonld","@type":"Source","@id":"b76724e2-90fb-4bef-af6b-7a3e341c1afd","name":"WWC Engineering. 2003. FINAL: South Powder River Basin Coal, Environmental Impact Statement","description":"DESCRIPTION\r\nEnvironmental Impact Statement\r\n\r\nFULL CITATION\r\nWWC Engineering. 2003. FINAL: South Powder River Basin Coal, Environmental Impact Statement. U.S. Department of the Interior, Bureau of Land Management, Wyoming State Office. December, 2003. http://www.blm.gov/wy/st/en/info/NEPA/cfodocs/south_prb_coal.html. (Accessed December 20, 2009).","version":"00.00.000","category":{"@type":"Category","@id":"369f3ffb-73be-46f4-a218-698e93e1c3c1","name":"Other sources"},"textReference":"WWC Engineering 2009"}