{"@context":"http://greendelta.github.io/olca-schema/context.jsonld","@type":"Source","@id":"b80bca10-9794-4baf-9653-732ba0501e77","name":"Bruniany, C. 2008. E-mail Interview","description":"DESCRIPTION\r\nSpecifications for the weight and lifetime of longwall mining system components, taken from email response. \r\n\r\nFULL CITATION\r\nBruniany, C. 2008. E-mail Interview. August 18, 2008.","version":"00.00.000","category":{"@type":"Category","@id":"369f3ffb-73be-46f4-a218-698e93e1c3c1","name":"Other sources"},"textReference":"Bruniany 2008"}