{"@context":"http://greendelta.github.io/olca-schema/context.jsonld","@type":"Source","@id":"bb2c3485-c12c-3da8-8bbf-0fda9d40dd75","name":"U.S. Environmental Protection Agency (EPA). 2012. Report to Congress on Black Carbon","description":"Report to Congress on Black Carbon","version":"00.00.000","category":{"@type":"Category","@id":"369f3ffb-73be-46f4-a218-698e93e1c3c1","name":"Other sources"},"textReference":"U.S. Environmental Protection Agency (2012). Report to Congress on Black Carbon. EPA. Washington, DC. http://www.epa.gov/blackcarbon/2012report/Chapter4.pdf. Last Accessed: March 25, 2014 2012"}