{"@context":"http://greendelta.github.io/olca-schema/context.jsonld","@type":"Source","@id":"c11568f1-1256-4536-9b1f-7da8815bfbb5","name":"U.S. Geological Survey (USGS). 2009. Estimated Use of Water in the United States: Illinois County-Level Data for 2005","description":"DESCRIPTION\r\nEstimated Use of Water in the United States: Illinois County-Level Data for 2005\r\n\r\nFULL CITATION\r\nU.S. Geological Survey. 2005. Estimated Use of Water in the United States: County-Level Data for 2005. United States Geological Survey.  http://water.usgs.gov/watuse/data/2005/ilco2005.xls (accessed April 1, 2013).","version":"00.00.000","category":{"@type":"Category","@id":"369f3ffb-73be-46f4-a218-698e93e1c3c1","name":"Other sources"},"textReference":"USGS 2009"}