{"@context":"http://greendelta.github.io/olca-schema/context.jsonld","@type":"Source","@id":"c209e156-4547-4b86-9023-94e2893df82d","name":"Bhagwat, S.B. 2009. Estimation of coal-cleaning costs","description":"DESCRIPTION\r\nNo description\r\n\r\nFULL CITATION\r\nBhagwat, S.B., 2009, Estimation of coal-cleaning costs—A spreadsheet-based interactive software for use in the estimation of economically recoverable coal, in Pierce, B.S., and Dennen, K.O., eds., The National Coal Resource Assessment Overview: U.S. Geological Survey Professional Paper 1625–F, Chapter G, 9 p.","version":"00.00.000","category":{"@type":"Category","@id":"369f3ffb-73be-46f4-a218-698e93e1c3c1","name":"Other sources"},"textReference":"Bhagwat 2009 2009"}