{"@context":"http://greendelta.github.io/olca-schema/context.jsonld","@type":"Source","@id":"c2f67e06-0a66-463e-9a0f-e5bc4f30046d","name":"Goodyear Engineered Products. 2009a. Conveyor Belt - Heavyweight: Flexsteel Belt Construction","description":"DESCRIPTION\r\nMeasurements and specifications for internal components and dimensions of Goodyear Flexsteel conveyor belt used in calculation of rubber and steel cord materials.\r\n\r\nFULL CITATION\r\nGoodyear Engineered Products. 2009. Conveyor Belt - Heavyweight: Flexsteel Belt Construction. Veyance Technologies, Inc. http://www.goodyearep.com/ProductsDetail.aspx?id\u003d1596 (Accessed December 18, 2009).","version":"00.00.000","category":{"@type":"Category","@id":"369f3ffb-73be-46f4-a218-698e93e1c3c1","name":"Other sources"},"textReference":"Goodyear Engineered Products 2009"}