{"@context":"http://greendelta.github.io/olca-schema/context.jsonld","@type":"Source","@id":"c2f728d1-f2b1-4eeb-80bf-b4d520ef0218","name":"Powder River Coal Company. 2009. Powder River Coal Company, Gilette, Wyoming","description":"DESCRIPTION\r\nNo description\r\n\r\nFULL CITATION\r\nPowder River Coal Company. 2009.  Powder River Coal Company, Gillette, Wyoming. http://www.ccsd.k12.wy.us/mines/PR/Silos.html (Accessed December 18, 2009).","version":"00.00.000","category":{"@type":"Category","@id":"369f3ffb-73be-46f4-a218-698e93e1c3c1","name":"Other sources"},"textReference":"PRC 2009"}