{"@context":"http://greendelta.github.io/olca-schema/context.jsonld","@type":"Source","@id":"cd3e0aaa-8cc4-4ffd-a70c-11dc01e4dc1e","name":"URS Corporation. 2004. Compendium of Greenhouse Gas Emission Methodologies for the Oil and Gas Industry.","description":"DESCRIPTION\r\nTable 3-5, page 3-16 (PDF page 59)\r\n\r\nFULL CITATION\r\nURS Corporation. 2004. Compendium of Greenhouse Gas Emission Methodologies for the Oil and Gas Industry. Prepared for the American Petroleum Institute.  http://www.api.org/ehs/climate/new/upload/2004_COMPENDIUM.pdf (Accessed December 11, 2009).","version":"00.00.000","category":{"@type":"Category","@id":"369f3ffb-73be-46f4-a218-698e93e1c3c1","name":"Other sources"},"textReference":"URS Corporation 2004"}