{"@context":"http://greendelta.github.io/olca-schema/context.jsonld","@type":"Source","@id":"d5fd60d0-1978-43f4-93bf-8ac5aeb16e64","name":"Western Coal. 2010. Operations: Wolverine Group","description":"DESCRIPTION\r\nData for coal production of Wolverine mine operations in British Columbia, Canada.\r\n\r\nFULL CITATION\r\nWestern Coal. 2010. Operations: Wolverine Group. Western Coal Corp. http://www.westerncoal.com/properties/wolverine_group_perry_creek/ (Accessed February 3, 2010).\r\n","version":"00.00.000","category":{"@type":"Category","@id":"369f3ffb-73be-46f4-a218-698e93e1c3c1","name":"Other sources"},"textReference":"Western Coal 2010"}