{"@context":"http://greendelta.github.io/olca-schema/context.jsonld","@type":"Source","@id":"dca82c3c-d441-432d-a257-b052a96d1fa2","name":"Walker, Roger.  2007.  Density of Materials - Bulk Materials","description":"DESCRIPTION\r\nDensity for Portland cement.\r\n\r\nFULL CITATION\r\nWalker, Roger.  2007.  Density of Materials - Bulk Materials.  SI Metric.  http://www.simetric.co.uk/si_materials.htm (accessed February 25, 2009).","version":"00.00.000","category":{"@type":"Category","@id":"369f3ffb-73be-46f4-a218-698e93e1c3c1","name":"Other sources"},"textReference":"Roger 2007"}