{"@context":"http://greendelta.github.io/olca-schema/context.jsonld","@type":"Source","@id":"dd738f14-6087-4f2c-824c-61a2b32f1e0c","name":"National Mining Association (NMA). 2012. U.S. Coal Production and Number of Mines by State and Coal Type","description":"DESCRIPTION\r\nBituminous, subbituminous, and lignite coal productions\r\n\r\nFULL CITATION\r\nNational Mining Association.  U.S. Coal Production and Number of Mines by State and Coal Type.  National Mining Association.  http://www.nma.org/pdf/c_production_mines_state_type.pdf  (Accessed May 31, 2013)","version":"00.00.000","category":{"@type":"Category","@id":"369f3ffb-73be-46f4-a218-698e93e1c3c1","name":"Other sources"},"textReference":"NMA 2012"}