{"@context":"http://greendelta.github.io/olca-schema/context.jsonld","@type":"Source","@id":"ddc7bfe8-3ce2-4ef5-9b85-d8174a606c2a","name":"Stump, B. 1995. Practical Observations of US Mining Practices and Implications for CTBT Monitoring","description":"DESCRIPTION\r\nData for amount of explosives per year and coal produced per year in coal mine\r\n\r\nFULL CITATION\r\nStump, B. 1995. Practical Observations of US Mining Practices and Implications for CTBT Monitoring. U.S. Department of Energy, Los Alamos National Laboratory. LA-UR-95-2698. http://www.osti.gov/bridge/servlets/purl/106510-W32p64/webviewable/106510.pdf (Accessed May 30, 2013).","version":"00.00.000","category":{"@type":"Category","@id":"369f3ffb-73be-46f4-a218-698e93e1c3c1","name":"Other sources"},"textReference":"Stump 1995"}