{"@context":"http://greendelta.github.io/olca-schema/context.jsonld","@type":"Source","@id":"e12747d6-071a-42c1-bc57-4d1bb06ebaa3","name":"Lexco Cable. 2006. Custom Cable Assemblies: 7x7 GAC (Galvanized Aircraft Cable)","description":"DESCRIPTION\r\nManufacturer specifications for conveyor pulley component for the conveyor system.\r\n\r\nFULL CITATION\r\nLexco Cable. 2006. Custom Cable Assemblies: 7x7 GAC (Galvanized Aircraft Cable). Lexco Cable. http://www.lexcocable.com/7x7_aircraft_cable.html#gac (Accessed January  15, 2010).","version":"00.00.000","category":{"@type":"Category","@id":"369f3ffb-73be-46f4-a218-698e93e1c3c1","name":"Other sources"},"textReference":"Lexco Cable 2006"}