{"@context":"http://greendelta.github.io/olca-schema/context.jsonld","@type":"Source","@id":"e31e36fc-1617-421e-ae83-2371e22e2391","name":"Pennsylvania Crusher.  2004.  Bradford Breaker","description":"DESCRIPTION\r\nWeight for primary crusher from table on page 2, Size 14\u0027x28\".\r\n\r\nFULL CITATION\r\nPennsylvania Crusher.  2004.  Bradford Breaker.  Pennsylvania Crusher.","version":"00.00.000","category":{"@type":"Category","@id":"369f3ffb-73be-46f4-a218-698e93e1c3c1","name":"Other sources"},"textReference":"Pennsylvania Crusher 2004"}