{"@context":"http://greendelta.github.io/olca-schema/context.jsonld","@type":"Source","@id":"e3a31082-6e25-3abc-b4f9-083c883a3c65","name":"National Renewable Energy Laboratory (NREL). 2011. Transport, passenger car, diesel powered.","description":"Transport, passenger car, diesel powered\r\nhttps://www.lcacommons.gov/nrel/process/show/55541?qlookup\u003d\u0026max\u003d35\u0026hfacet\u003d%22Transit+and+Ground+Passenger+Trans.%2FOther+Transit+and+Ground+Passenger+Tran%22\u0026hfacetCat\u003d\u0026loc\u003d\u0026year\u003d\u0026dtype\u003d\u0026crop\u003d\u0026index\u003d4\u0026numfound\u003d7\u0026offset\u003d","version":"00.00.000","category":{"@type":"Category","@id":"369f3ffb-73be-46f4-a218-698e93e1c3c1","name":"Other sources"},"textReference":"National Renewable Energy Laboratory (NREL). 2011. Transport, passenger car, diesel powered. NREL. 2011"}