{"@context":"http://greendelta.github.io/olca-schema/context.jsonld","@type":"Source","@id":"e5737ee8-6729-47a7-a94c-97ecd99b7af1","name":"Goodyear Engineered Products. 2008b. Flexsteel Conveyor Belt","description":"DESCRIPTION\r\nManufacturer specifications for conveyor pulley component for the conveyor system.\r\n\r\nFULL CITATION\r\nGoodyear Engineered Products. 2008. Flexsteel Conveyor Belt. Veyance Technologies. http://www.goodyearep.com/uploadedFiles/Product_Categories/Conveyor_Belt_-_Heavyweight/Products/HW%20-%20Flexsteel®.pdf (Accessed January  15, 2010).","version":"00.00.000","category":{"@type":"Category","@id":"369f3ffb-73be-46f4-a218-698e93e1c3c1","name":"Other sources"},"textReference":"Goodyear Engineered Products 2008"}