{"@context":"http://greendelta.github.io/olca-schema/context.jsonld","@type":"Source","@id":"ed0bfc85-465a-4bf3-aac1-851d297b79e1","name":"Leed Engineering \u0026 Construction.  2006. Onesteel SMR Crushing Plant Upgrade Concrete Works and Reinforced Earth Wall Construction, Iron Duke, SA","description":"DESCRIPTION\r\nData for volume of concrete and weight of rebar used in construction of SMR Crushing Plant in Australia.  Relevant data in left sidebar highlighted.\r\n\r\nFULL CITATION\r\nLeed Engineering \u0026 Construction.  2006. Onesteel SMR Crushing Plant Upgrade Concrete Works and Reinforced Earth Wall Construction, Iron Duke, SA. Metplant Engineering Services Pty Ltd.","version":"00.00.000","category":{"@type":"Category","@id":"369f3ffb-73be-46f4-a218-698e93e1c3c1","name":"Other sources"},"textReference":"Leed Engineering \u0026 Construction 2006"}