{"@context":"http://greendelta.github.io/olca-schema/context.jsonld","@type":"Source","@id":"edccc1f5-0f6d-3a4a-8b81-3f4cb88a1367","name":"U.S. Environmental Protection Agency (EPA). 2003. Regulatory Announcement: Emission Standards Adopted for New Marine Diesel Engines.","description":"Regulatory Announcement: Emission Standards Adopted for New Marine Diesel Engines","version":"00.00.000","category":{"@type":"Category","@id":"369f3ffb-73be-46f4-a218-698e93e1c3c1","name":"Other sources"},"textReference":"U.S. Environmental Protection Agency  Office of Transportation and Air Quality\n(2003).Regulatory Announcement: Emission Standards Adopted for New Marine Diesel Engines \u003chttp://www.epa.gov/nonroad/marine/ci/f02004.pdf\u003e 2003"}