{"@context":"http://greendelta.github.io/olca-schema/context.jsonld","@type":"Source","@id":"f0cca8ec-beae-3f57-b265-4125064f370b","name":"U.S. Environmental Protection Agency (EPA). 2014. A-400 DRAFT Inventory of U.S. Greenhouse Gas Emissions and Sinks: 1990–2012","description":"A-400 DRAFT Inventory of U.S. Greenhouse Gas Emissions and Sinks: 1990–2012","version":"00.00.000","category":{"@type":"Category","@id":"369f3ffb-73be-46f4-a218-698e93e1c3c1","name":"Other sources"},"textReference":"U.S. Environmental Protection Agency (2014). A-400 DRAFT Inventory of U.S. Greenhouse Gas Emissions and Sinks: 1990-2012. EPA. Washington, DC. http://www.epa.gov/climatechange/Downloads/ghgemissions/US-GHG-Inventory-2014-Annex-6-Additional-Information.pdf. Last Accessed: March 25, 2014 2014"}