{"@context":"http://greendelta.github.io/olca-schema/context.jsonld","@type":"Source","@id":"f220f55e-b0cf-4f26-bf6d-ce41021db1d6","name":"Power Prime Pumps. 2008a. DV-300E","description":"DESCRIPTION\r\nMaterials used in construction of pumps at wastewater treatment plant.\r\n\r\nFULL CITATION\r\nPower Prime Pumps. 2008. DV-300E. Power Prime Pumps.","version":"00.00.000","category":{"@type":"Category","@id":"369f3ffb-73be-46f4-a218-698e93e1c3c1","name":"Other sources"},"textReference":"Power Prime Pumps 2008"}