{"@context":"http://greendelta.github.io/olca-schema/context.jsonld","@type":"Source","@id":"f6f99ca4-7f6c-4aaa-a663-aa23827ab392","name":"Illinois Department of Natural Resources. 2006. Annual Statistical Report, 2006","description":"DESCRIPTION\r\nManufacturer specifications for Continuous Miner\r\n\r\nFULL CITATION\r\nIllinois Department of Natural Resources. 2006. Annual Statistical Report, 2006. Illinois Department of Natural Resources. http://dnr.state.il.us/mines/public/asr2006.pdf (Accessed January 12, 2010).","version":"00.00.000","category":{"@type":"Category","@id":"369f3ffb-73be-46f4-a218-698e93e1c3c1","name":"Other sources"},"textReference":"Illinois Department of Natural Resources 2006"}