{"@context":"http://greendelta.github.io/olca-schema/context.jsonld","@type":"Source","@id":"f80d6f0f-90d3-3770-81e9-054423d80441","name":"U.S. Environmental Protection Agency (EPA). 2007. Diesel Generator Exhaust, Speciate 4.2","description":"DESCRIPTION\r\nDiesel Generator Exhaust, SPECIATE 4.2\r\n\r\nCITATION\r\nU.S. Environmental Protection Agency (2007). Diesel Generator Exhaust, SPECIATE 4.2. \r\nEPA. Washington, DC. \r\nhttp://cfpub.epa.gov/si/speciate/ehpa_speciate_search.cfm?txtKeywords\u003dgasoline+exhaust\u0026btnSearch\u003dSearch\u0026optProfileType\u003dO. Last Accessed: March 26, 2014.","version":"00.00.000","category":{"@type":"Category","@id":"369f3ffb-73be-46f4-a218-698e93e1c3c1","name":"Other sources"},"textReference":"EPA 2007"}