{"@context":"http://greendelta.github.io/olca-schema/context.jsonld","@type":"Source","@id":"fa295e87-abf5-3dfb-af3e-04d10356e8be","name":"State of New Jersey Department of Environmental Protection Division of Air Quality 2003","description":"State of the Art (SOTA) Manual for Reciprocating Internal Combustion Engines","version":"00.00.000","category":{"@type":"Category","@id":"369f3ffb-73be-46f4-a218-698e93e1c3c1","name":"Other sources"},"textReference":"State of New Jersey Department of Environmental Protection Division of Air Quality (2003). State of the Art (SOTA) Manual for Reciprocating Internal Combustion Engines. State of New Jersey. http://www.google.com/url?sa\u003dt\u0026rct\u003dj\u0026q\u003d\u0026esrc\u003ds\u0026source\u003dweb\u0026cd\u003d1\u0026ved\u003d0CB4QFjAA\u0026url\u003dhttp%3A%2F%2Fwww.nj.gov%2Fdep%2Faqpp%2Fdownloads%2Fsota%2Fsota13.doc\u0026ei\u003dc8eZVIu7CoP2yQTz94GgAw\u0026usg\u003dAFQjCNHyok7-VQjOmgWyrnzImuwin7JLMA\u0026bvm\u003dbv.82001339,d.aWw 2003"}