{"@context":"http://greendelta.github.io/olca-schema/context.jsonld","@type":"Source","@id":"fa3eefbf-6812-4b8d-aff2-2455e06f2bfe","name":"Lemmon et al. n.d. Thermophysical Properties of Fluid Systems","description":"DESCRIPTION\r\nDensity of methane at 60ºF and 1 atm\r\n\r\nFULL CITATION\r\n\"Lemmon, E. W., Linden, M. O., \u0026 Friend, D. G. (n. d.). Thermophysical Properties of Fluid Systems. National Institute of Standards and Technology.  http://webbook.nist.gov  (Accessed September 18, 2012)\n\"","version":"00.00.000","category":{"@type":"Category","@id":"369f3ffb-73be-46f4-a218-698e93e1c3c1","name":"Other sources"},"textReference":"Lemmon et al."}