{"@context":"http://greendelta.github.io/olca-schema/context.jsonld","@type":"Source","@id":"fb74bcbb-9170-488c-b13d-56fa8cccadb1","name":"Australian Tax Office. 2008. Taxation Ruling: TR 2008/4","description":"DESCRIPTION\r\nEstimate for life expectancy of shuttle cars under table \"Effective lives (Industry Categories)\", sub-table \"MINING (06000 to 10900)\" on pg 45 (pdf pg 46).\r\n\r\nFULL CITATION\r\nAustralian Tax Office. 2008. Taxation Ruling: TR 2008/4. Commonwealth of Australia. http://law.ato.gov.au/atolaw/view.htm?docid\u003dTXR/TR20084/NAT/ATO/00001\u0026PiT\u003d20080625000001#PB (Accessed December 14, 2009).","version":"00.00.000","category":{"@type":"Category","@id":"369f3ffb-73be-46f4-a218-698e93e1c3c1","name":"Other sources"},"textReference":"Australian Tax Office 2008"}