{"@context":"http://greendelta.github.io/olca-schema/context.jsonld","@type":"Source","@id":"fe3388e4-9929-47fc-a31a-cbcdb7f1b0ab","name":"U.S. Environmental Protection Agency (EPA). 2008b. Inventory of U.S. Greenhouse Gas Emissions and Sinks: 1990-2006","description":"DESCRIPTION\r\nNo description\r\n\r\nFULL CITATION\r\nU.S. Environmental Protection Agency (EPA). 2008b. Inventory of U.S. Greenhouse Gas Emissions and Sinks: 1990-2006. http://www.epa.gov/climatechange/emissions/usinventoryreport.html.  Report Number: US EPA 430-R-08-005.","version":"00.00.000","category":{"@type":"Category","@id":"369f3ffb-73be-46f4-a218-698e93e1c3c1","name":"Other sources"},"textReference":"EPA 2008"}