{"@type":"Flow","@id":"0120048c-fb5b-3085-91d1-309377c4f100","name":"tert-Butanol","description":"From FedElemFlowList_1.0. Flow Class: Chemicals. Not a preferred flow.","category":"Elementary Flows/emission/water","version":"01.00.000","lastChange":"2019-09-11T14:21:43.513Z","flowType":"ELEMENTARY_FLOW","cas":"75-65-0","formula":"C4H10O","isInfrastructureFlow":false,"flowProperties":[{"@type":"FlowPropertyFactor","isRefFlowProperty":true,"flowProperty":{"@type":"FlowProperty","@id":"93a60a56-a3c8-11da-a746-0800200b9a66","name":"Mass","category":"Technical flow properties","refUnit":"kg"},"conversionFactor":1.0}]}