{"@type":"Flow","@id":"0b5dde18-808d-3361-acb2-83be954c5562","name":"2-Ethoxyethanol","description":"From FedElemFlowList_1.0. Flow Class: Chemicals. Not a preferred flow.","category":"Elementary Flows/emission/air","version":"01.00.000","lastChange":"2019-09-11T14:10:50.787Z","flowType":"ELEMENTARY_FLOW","cas":"110-80-5","formula":"C4H10O2","isInfrastructureFlow":false,"flowProperties":[{"@type":"FlowPropertyFactor","isRefFlowProperty":true,"flowProperty":{"@type":"FlowProperty","@id":"93a60a56-a3c8-11da-a746-0800200b9a66","name":"Mass","category":"Technical flow properties","refUnit":"kg"},"conversionFactor":1.0}]}