{"@type":"Flow","@id":"0ea11747-756f-3c05-8b07-bebdd83a9b87","name":"Phenol, 2-methoxy-4-methyl-","description":"From FedElemFlowList_1.0. Flow Class: Chemicals. Not a preferred flow.","category":"Elementary Flows/emission/air","version":"01.00.000","lastChange":"2019-09-11T14:11:23.867Z","flowType":"ELEMENTARY_FLOW","cas":"93-51-6","formula":"C8H10O2","isInfrastructureFlow":false,"flowProperties":[{"@type":"FlowPropertyFactor","isRefFlowProperty":true,"flowProperty":{"@type":"FlowProperty","@id":"93a60a56-a3c8-11da-a746-0800200b9a66","name":"Mass","category":"Technical flow properties","refUnit":"kg"},"conversionFactor":1.0}]}