{"@type":"Flow","@id":"30be6ad3-0af0-32bd-a83d-b040d9790aa7","name":"Molybdenum trioxide","description":"From FedElemFlowList_1.0. Flow Class: Chemicals. Not a preferred flow.","category":"Elementary Flows/emission/air","version":"01.00.000","lastChange":"2019-09-11T14:10:56.566Z","flowType":"ELEMENTARY_FLOW","cas":"1313-27-5","formula":"MoO3","isInfrastructureFlow":false,"flowProperties":[{"@type":"FlowPropertyFactor","isRefFlowProperty":true,"flowProperty":{"@type":"FlowProperty","@id":"93a60a56-a3c8-11da-a746-0800200b9a66","name":"Mass","category":"Technical flow properties","refUnit":"kg"},"conversionFactor":1.0}]}