{"@type":"Flow","@id":"3318ffd7-0baf-3055-b4d5-3e395c51080c","name":"Benz[a]acridine","description":"From FedElemFlowList_1.0. Flow Class: Chemicals. Not a preferred flow.","category":"Elementary Flows/emission/air","version":"01.00.000","lastChange":"2019-09-11T14:11:03.313Z","flowType":"ELEMENTARY_FLOW","cas":"225-11-6","formula":"C17H11N","isInfrastructureFlow":false,"flowProperties":[{"@type":"FlowPropertyFactor","isRefFlowProperty":true,"flowProperty":{"@type":"FlowProperty","@id":"93a60a56-a3c8-11da-a746-0800200b9a66","name":"Mass","category":"Technical flow properties","refUnit":"kg"},"conversionFactor":1.0}]}