{"@type":"Flow","@id":"35b3842d-4a7b-305b-afe8-b908715b39d6","name":"Dibutyl phthalate","description":"From FedElemFlowList_1.0. Flow Class: Chemicals. Not a preferred flow.","category":"Elementary Flows/emission/air","version":"01.00.000","lastChange":"2019-09-11T14:11:22.287Z","flowType":"ELEMENTARY_FLOW","cas":"84-74-2","formula":"C16H22O4","isInfrastructureFlow":false,"flowProperties":[{"@type":"FlowPropertyFactor","isRefFlowProperty":true,"flowProperty":{"@type":"FlowProperty","@id":"93a60a56-a3c8-11da-a746-0800200b9a66","name":"Mass","category":"Technical flow properties","refUnit":"kg"},"conversionFactor":1.0}]}