{"@type":"Flow","@id":"37749376-d759-3afe-b5eb-ccc6b8ec1868","name":"Hexachlorocyclopentadiene","description":"From FedElemFlowList_1.0. Flow Class: Chemicals. Not a preferred flow.","category":"Elementary Flows/emission/air","version":"01.00.000","lastChange":"2019-09-11T14:11:20.174Z","flowType":"ELEMENTARY_FLOW","cas":"77-47-4","formula":"C5Cl6","isInfrastructureFlow":false,"flowProperties":[{"@type":"FlowPropertyFactor","isRefFlowProperty":true,"flowProperty":{"@type":"FlowProperty","@id":"93a60a56-a3c8-11da-a746-0800200b9a66","name":"Mass","category":"Technical flow properties","refUnit":"kg"},"conversionFactor":1.0}]}