{"@type":"Flow","@id":"37ea99ef-1be1-38e3-b5f4-8bbe233b6843","name":"1,2,4-Trimethylbenzene","description":"From FedElemFlowList_1.0.1. Flow Class: Chemicals. Not a preferred flow.","category":"Elementary Flows/emission/air","version":"01.00.001","lastChange":"2020-01-13T21:09:45.386Z","flowType":"ELEMENTARY_FLOW","cas":"95-63-6","formula":"C9H12","isInfrastructureFlow":false,"flowProperties":[{"@type":"FlowPropertyFactor","isRefFlowProperty":true,"flowProperty":{"@type":"FlowProperty","@id":"93a60a56-a3c8-11da-a746-0800200b9a66","name":"Mass","category":"Technical flow properties","refUnit":"kg"},"conversionFactor":1.0}]}