{"@type":"Flow","@id":"3b981d82-2f3d-3ac0-89b5-5e38b91ef0f3","name":"2,2,4-Trimethylpentane","description":"From FedElemFlowList_1.0.2. Flow Class: Chemicals. Not a preferred flow.","category":"Elementary Flows/emission/air","version":"01.00.002","lastChange":"2020-04-22T05:12:10.279Z","flowType":"ELEMENTARY_FLOW","cas":"540-84-1","formula":"C8H18","isInfrastructureFlow":false,"flowProperties":[{"@type":"FlowPropertyFactor","isRefFlowProperty":true,"flowProperty":{"@type":"FlowProperty","@id":"93a60a56-a3c8-11da-a746-0800200b9a66","name":"Mass","category":"Technical flow properties","refUnit":"kg"},"conversionFactor":1.0}]}