{"@type":"Flow","@id":"444176fb-329e-3745-91e5-e2aefd718b28","name":"Radionuclides (Including Radon)","category":"Elementary Flows/emission/air","version":"00.00.002","lastChange":"2020-01-31T00:00:00.199Z","flowType":"ELEMENTARY_FLOW","isInfrastructureFlow":false,"flowProperties":[{"@type":"FlowPropertyFactor","isRefFlowProperty":true,"flowProperty":{"@type":"FlowProperty","@id":"93a60a56-a3c8-11da-a746-0800200b9a66","name":"Mass","category":"Technical flow properties","refUnit":"kg"},"conversionFactor":1.0}]}