{"@type":"Flow","@id":"634065f2-d1d1-3ca6-86fd-bb6db71e128c","name":"Ethyl acetate","description":"From FedElemFlowList_1.0.1. Flow Class: Chemicals. Not a preferred flow.","category":"Elementary Flows/emission/water/fresh water body/river","version":"01.00.001","lastChange":"2020-01-13T21:09:45.698Z","flowType":"ELEMENTARY_FLOW","cas":"141-78-6","formula":"C4H8O2","isInfrastructureFlow":false,"flowProperties":[{"@type":"FlowPropertyFactor","isRefFlowProperty":true,"flowProperty":{"@type":"FlowProperty","@id":"93a60a56-a3c8-11da-a746-0800200b9a66","name":"Mass","category":"Technical flow properties","refUnit":"kg"},"conversionFactor":1.0}]}