{"@type":"Flow","@id":"675d27f1-91b6-3a26-b747-2d8f5fdfa02f","name":"7,12-Dimethylbenz[a]anthracene","description":"From FedElemFlowList_1.0. Flow Class: Chemicals. Not a preferred flow.","category":"Elementary Flows/emission/air","version":"01.00.000","lastChange":"2019-09-11T14:11:13.430Z","flowType":"ELEMENTARY_FLOW","cas":"57-97-6","formula":"C20H16","isInfrastructureFlow":false,"flowProperties":[{"@type":"FlowPropertyFactor","isRefFlowProperty":true,"flowProperty":{"@type":"FlowProperty","@id":"93a60a56-a3c8-11da-a746-0800200b9a66","name":"Mass","category":"Technical flow properties","refUnit":"kg"},"conversionFactor":1.0}]}