{"@type":"Flow","@id":"6772d383-3f01-3e22-a223-798840b95989","name":"Nicosulfuron","description":"From FedElemFlowList_1.0.1. Flow Class: Chemicals. Not a preferred flow.","category":"Elementary Flows/emission/ground","version":"01.00.001","lastChange":"2020-01-13T21:09:45.542Z","flowType":"ELEMENTARY_FLOW","cas":"111991-09-4","formula":"C15H18N6O6S","isInfrastructureFlow":false,"flowProperties":[{"@type":"FlowPropertyFactor","isRefFlowProperty":true,"flowProperty":{"@type":"FlowProperty","@id":"93a60a56-a3c8-11da-a746-0800200b9a66","name":"Mass","category":"Technical flow properties","refUnit":"kg"},"conversionFactor":1.0}]}