{"@type":"Flow","@id":"786e8081-5f2e-3bab-9585-d0dba98ec7c3","name":"Total suspended solids","description":"From FedElemFlowList_1.0.2. Flow Class: Groups. Not a preferred flow.","category":"Elementary Flows/emission/water","version":"01.00.002","lastChange":"2020-03-10T03:28:04.977Z","flowType":"ELEMENTARY_FLOW","isInfrastructureFlow":false,"flowProperties":[{"@type":"FlowPropertyFactor","isRefFlowProperty":true,"flowProperty":{"@type":"FlowProperty","@id":"93a60a56-a3c8-11da-a746-0800200b9a66","name":"Mass","category":"Technical flow properties","refUnit":"kg"},"conversionFactor":1.0}]}