{"@type":"Flow","@id":"8230a7b1-12c7-3481-8311-0f90a9f7674c","name":"1,2-Butadiene","description":"From FedElemFlowList_1.0. Flow Class: Chemicals. Not a preferred flow.","category":"Elementary Flows/emission/air","version":"01.00.002","lastChange":"2022-12-29T21:48:38.271Z","flowType":"ELEMENTARY_FLOW","cas":"590-19-2","formula":"C4H6","isInfrastructureFlow":false,"flowProperties":[{"@type":"FlowPropertyFactor","isRefFlowProperty":true,"flowProperty":{"@type":"FlowProperty","@id":"93a60a56-a3c8-11da-a746-0800200b9a66","name":"Mass","category":"Technical flow properties","refUnit":"kg"},"conversionFactor":1.0}]}