{"@type":"Flow","@id":"871dc48b-a85c-33ff-98e2-cce2dbd63753","name":"1,2,3,6,7,8-Hexachlorodibenzofuran","description":"From FedElemFlowList_1.0. Flow Class: Chemicals. Not a preferred flow.","category":"Elementary Flows/emission/air","version":"01.00.000","lastChange":"2019-09-11T14:11:26.324Z","flowType":"ELEMENTARY_FLOW","cas":"57117-44-9","formula":"C12H2Cl6O","isInfrastructureFlow":false,"flowProperties":[{"@type":"FlowPropertyFactor","isRefFlowProperty":true,"flowProperty":{"@type":"FlowProperty","@id":"93a60a56-a3c8-11da-a746-0800200b9a66","name":"Mass","category":"Technical flow properties","refUnit":"kg"},"conversionFactor":1.0}]}