{"@type":"Flow","@id":"93c46787-fe26-3ebd-84b1-25ae486ef58d","name":"1,1,2,2-Tetrachloroethane","description":"From FedElemFlowList_1.0. Flow Class: Chemicals. Not a preferred flow.","category":"Elementary Flows/emission/air","version":"01.00.000","lastChange":"2019-09-11T14:11:21.217Z","flowType":"ELEMENTARY_FLOW","cas":"79-34-5","formula":"C2H2Cl4","isInfrastructureFlow":false,"flowProperties":[{"@type":"FlowPropertyFactor","isRefFlowProperty":true,"flowProperty":{"@type":"FlowProperty","@id":"93a60a56-a3c8-11da-a746-0800200b9a66","name":"Mass","category":"Technical flow properties","refUnit":"kg"},"conversionFactor":1.0}]}