{"@type":"Flow","@id":"9a75a979-3c99-3b02-9944-baa838fe12ac","name":"3-Methylcholanthrene","description":"From FedElemFlowList_1.0. Flow Class: Chemicals. Not a preferred flow.","category":"Elementary Flows/emission/air","version":"01.00.000","lastChange":"2019-09-11T14:11:12.568Z","flowType":"ELEMENTARY_FLOW","cas":"56-49-5","formula":"C21H16","isInfrastructureFlow":false,"flowProperties":[{"@type":"FlowPropertyFactor","isRefFlowProperty":true,"flowProperty":{"@type":"FlowProperty","@id":"93a60a56-a3c8-11da-a746-0800200b9a66","name":"Mass","category":"Technical flow properties","refUnit":"kg"},"conversionFactor":1.0}]}