{"@type":"Flow","@id":"9c75fe3f-354c-33b4-b5d4-b88198daa2d1","name":"Epichlorohydrin","description":"From FedElemFlowList_1.0. Flow Class: Chemicals. Not a preferred flow.","category":"Elementary Flows/emission/air","version":"01.00.000","lastChange":"2019-09-11T14:10:49.143Z","flowType":"ELEMENTARY_FLOW","cas":"106-89-8","formula":"C3H5ClO","isInfrastructureFlow":false,"flowProperties":[{"@type":"FlowPropertyFactor","isRefFlowProperty":true,"flowProperty":{"@type":"FlowProperty","@id":"93a60a56-a3c8-11da-a746-0800200b9a66","name":"Mass","category":"Technical flow properties","refUnit":"kg"},"conversionFactor":1.0}]}