{"@type":"Flow","@id":"aa7539ee-9aeb-3cb5-9d64-2a0bd94ebb0f","name":"Hydrogen cyanide","description":"From FedElemFlowList_1.0.1. Flow Class: Chemicals. Not a preferred flow.","category":"Elementary Flows/emission/air","version":"01.00.001","lastChange":"2020-01-13T21:09:45.339Z","flowType":"ELEMENTARY_FLOW","cas":"74-90-8","formula":"CHN","isInfrastructureFlow":false,"flowProperties":[{"@type":"FlowPropertyFactor","isRefFlowProperty":true,"flowProperty":{"@type":"FlowProperty","@id":"93a60a56-a3c8-11da-a746-0800200b9a66","name":"Mass","category":"Technical flow properties","refUnit":"kg"},"conversionFactor":1.0}]}