{"@type":"Flow","@id":"b522edf7-4695-30ae-94b0-f517e93bd3d9","name":"Ethane, 1,2-dichloro-1-fluoro-","description":"From FedElemFlowList_1.0.3. Flow Class: Chemicals. Not a preferred flow.","category":"Elementary Flows/emission/air","version":"01.00.003","lastChange":"2020-04-10T18:08:30.079Z","flowType":"ELEMENTARY_FLOW","cas":"430-57-9","formula":"C2H3Cl2F","isInfrastructureFlow":false,"flowProperties":[{"@type":"FlowPropertyFactor","isRefFlowProperty":true,"flowProperty":{"@type":"FlowProperty","@id":"93a60a56-a3c8-11da-a746-0800200b9a66","name":"Mass","category":"Technical flow properties","refUnit":"kg"},"conversionFactor":1.0}]}