{"@type":"Flow","@id":"cf99fc3b-5c94-31ca-a16b-c6c1f48b5054","name":"Radionuclides","description":"From FedElemFlowList_1.0.1. Flow Class: Groups. Not a preferred flow.","category":"Elementary Flows/emission/water","version":"01.00.001","lastChange":"2020-01-13T21:09:46.063Z","flowType":"ELEMENTARY_FLOW","isInfrastructureFlow":false,"flowProperties":[{"@type":"FlowPropertyFactor","isRefFlowProperty":true,"flowProperty":{"@type":"FlowProperty","@id":"93a60a56-a3c8-17da-a746-0800200c9a66","name":"Radioactivity","category":"Technical flow properties","refUnit":"kBq"},"conversionFactor":1.0}]}