{"@type":"Flow","@id":"d9ed8839-5d20-3904-af9c-5807284712e0","name":"Chromium(III)","description":"From FedElemFlowList_1.0.1. Flow Class: Chemicals. Not a preferred flow.","category":"Elementary Flows/emission/air","version":"01.00.001","lastChange":"2020-01-13T21:09:45.277Z","flowType":"ELEMENTARY_FLOW","cas":"16065-83-1","formula":"[Cr+3]","isInfrastructureFlow":false,"flowProperties":[{"@type":"FlowPropertyFactor","isRefFlowProperty":true,"flowProperty":{"@type":"FlowProperty","@id":"93a60a56-a3c8-11da-a746-0800200b9a66","name":"Mass","category":"Technical flow properties","refUnit":"kg"},"conversionFactor":1.0}]}