{"@type":"Flow","@id":"e356153d-6a88-3b94-a89a-ca7b915a7915","name":"Diquat dibromide","description":"From FedElemFlowList_1.0. Flow Class: Chemicals. Not a preferred flow.","category":"Elementary Flows/emission/ground","version":"01.00.000","lastChange":"2019-09-11T14:12:27.760Z","flowType":"ELEMENTARY_FLOW","cas":"85-00-7","formula":"C12H12Br2N2","isInfrastructureFlow":false,"flowProperties":[{"@type":"FlowPropertyFactor","isRefFlowProperty":true,"flowProperty":{"@type":"FlowProperty","@id":"93a60a56-a3c8-11da-a746-0800200b9a66","name":"Mass","category":"Technical flow properties","refUnit":"kg"},"conversionFactor":1.0}]}