{"@type":"Flow","@id":"ecf36b02-8387-34d8-a419-b15f1c823d9f","name":"3,3\u0027-Dimethoxybenzidine","description":"From FedElemFlowList_1.0. Flow Class: Chemicals. Not a preferred flow.","category":"Elementary Flows/emission/air","version":"01.00.000","lastChange":"2019-09-11T14:11:29.598Z","flowType":"ELEMENTARY_FLOW","cas":"119-90-4","formula":"C14H16N2O2","isInfrastructureFlow":false,"flowProperties":[{"@type":"FlowPropertyFactor","isRefFlowProperty":true,"flowProperty":{"@type":"FlowProperty","@id":"93a60a56-a3c8-11da-a746-0800200b9a66","name":"Mass","category":"Technical flow properties","refUnit":"kg"},"conversionFactor":1.0}]}