{"@type":"Flow","@id":"fe829136-3042-36e6-b4cb-7ff591e8db98","name":"Lead","description":"From FedElemFlowList_1.0.1. Flow Class: Chemicals. Not a preferred flow.","category":"Elementary Flows/emission/air","version":"01.00.001","lastChange":"2020-01-13T21:09:45.323Z","flowType":"ELEMENTARY_FLOW","cas":"7439-92-1","formula":"Pb","isInfrastructureFlow":false,"flowProperties":[{"@type":"FlowPropertyFactor","isRefFlowProperty":true,"flowProperty":{"@type":"FlowProperty","@id":"93a60a56-a3c8-11da-a746-0800200b9a66","name":"Mass","category":"Technical flow properties","refUnit":"kg"},"conversionFactor":1.0}]}