{"@type":"DQSystem","@id":"70bf370f-9912-4ec1-baa3-fbd4eaf85a10","name":"US EPA - Process Pedigree Matrix","description":"","version":"00.00.002","lastChange":"2017-08-19T02:24:24.972Z","hasUncertainties":false,"source":{"@type":"Source","@id":"76f07a80-b627-4d3a-b270-9ff38b755c6a","name":"Edelen and Ingwersen 2017"},"indicators":[{"name":"Process Review","position":1,"scores":[{"position":4,"label":"4","description":"Documented review by an internal reviewer","uncertainty":0.0},{"position":2,"label":"2","description":"Documented reviews by a minimum of two types of reviewers, with one being a third party","uncertainty":0.0},{"position":5,"label":"5","description":"No documented review","uncertainty":0.0},{"position":3,"label":"3","description":"Documented review by a third party reviewer","uncertainty":0.0},{"position":1,"label":"1","description":"Documented reviews by a minimum of two types of third party reviewers","uncertainty":0.0}]},{"name":"Process Completeness","position":2,"scores":[{"position":1,"label":"1","description":"\u003e80% of determined flows have been evaluated and given a value","uncertainty":0.0},{"position":2,"label":"2","description":"60-79% of determined flows have been evaluated and given a value","uncertainty":0.0},{"position":4,"label":"4","description":"\u003c40% of determined flows have been given a value","uncertainty":0.0},{"position":5,"label":"5","description":"Process completeness not scored","uncertainty":0.0},{"position":3,"label":"3","description":"40-59% of determined flows have been given a value","uncertainty":0.0}]}]}