{"@context":"http://greendelta.github.io/olca-schema/context.jsonld","@type":"Source","@id":"3f572a02-a88d-4a6e-a6cf-e06f4bcbf8e3","name":"NCASI (2017) LCA Average Corrugated Product","description":"National Council for Air and Stream Improvement, Inc. (NCASI). 2017. 2014 Life Cycle Assessment of U.S. Average Corrugated Product – Final Report. Report prepared for the Corrugated Product Alliance (CPA). Cary, N.C.: National Council for Air and Stream Improvement., Inc.","version":"00.00.001","lastChange":"2020-07-02T03:47:59.471-04:00","url":"https://www.cccabox.org/wp-content/uploads/2017/10/NCASI2014ExecutiveSummary_LCA_Final.pdf","year":2017}