{"@context":"http://greendelta.github.io/olca-schema/context.jsonld","@type":"Source","@id":"44d202bf-2ea9-386f-bd0e-85db4616fb7a","name":"Wood R (2012) LC GHG Summary Report - Kodak i2900, i3400, i4200, i4600, i5200, i5200v, i5600, i5600v, and i5800 Scanners","description":"Kodak conducted an ISO 14044 Greenhouse Gas (GHG) assessment of five document scanner families – i2000 series, i2900, i3000 series, i4000 series, and i5000 series. The initial assessment was completed in June 2013 and included ten representative models from five product families. As subsequent product models have been added to the product families, the corresponding GHG results have been calculated and included in this summary. The GHG Assessment covers the full life cycle - raw materials, manufacturing, packaging, distribution, use, and end of life. The GHG assessment objectives were: \r\n1. Identify the key drivers of GHG emissions from these scanners to provide data that can be used to reduce the life cycle GHG emissions of future versions of these or other\r\nscanner models.\r\n2. Provide average scanner GHG emissions data for customers and formulas that will allow customers to customize results to their specific location and use scenario.\r\n3. Meet the optional IEEE 1680.2 Imaging equipment EPEAT greenhouse gas emissions calculation requirement in 4.5.2.1. ","version":"00.00.001","lastChange":"2020-07-02T03:55:01.144-04:00","url":"https://www.alarisworld.com/-/media/files/pi/pdfs/scannerisoghgsummary2015.pdf?la\u003den-au","textReference":"Life Cycle Greenhouse Gas Assessment Summary Report - Kodak i2900, i3400, i4200, i4600, i5200, i5200v, i5600, i5600v, and i5800 Scanners - ISO 14044 Protocol","year":2012}