{"@type":"Source","@id":"b92ded1b-1a0a-4f5d-9757-39e3f980a76b","name":"Tapajyoti et al. 2021","description":"Life cycle energy and greenhouse gas emissions implications of using carbon fiber reinforced polymers in automotive components: Front subframe case study\r\n\r\nby\r\nTapajyoti Ghosh, Hyung Chul Kim, Robert De Kleine, Timothy J. Wallington, Bhavik R. Bakshi","version":"00.00.001","lastChange":"2023-06-29T16:49:29.110Z","url":"https://www.sciencedirect.com/science/article/abs/pii/S221499372100018X","textReference":"Life cycle energy and greenhouse gas emissions implications of using carbon fiber reinforced polymers in automotive components: Front subframe case study","year":2021}