{"@context":"http://greendelta.github.io/olca-schema/context.jsonld","@type":"Source","@id":"6a1bdfd4-f69f-4aab-b9b2-38fc99b0c0a4","name":"US EIA (2014). Natural Gas Gross Withdrawls \u0026 Production","description":"US EIA (2014). U.S. EIA webpage. Natural Gas Gross Withdrawls and Production Table.  Retrieved from: https://www.eia.gov/dnav/ng/ng_prod_sum_a_EPG0_FGG_mmcf_a.htm.","version":"00.00.001","lastChange":"2020-07-02T04:16:13.422-04:00","url":"https://www.eia.gov/dnav/ng/ng_prod_sum_a_EPG0_FGG_mmcf_a.htm","year":2014}