{"@context":"http://greendelta.github.io/olca-schema/context.jsonld","@type":"Flow","@id":"05d561dd-1ab2-4b17-a929-d5a7890b3735","name":"Coal stockpile stacker;  Manufacture; At point-of-sale","description":"This dataset is part of the National Energy Technology Laboratory (NETL) Unit Process Library.  The NETL Unit Process Library is located on the NETL website (netl.doe.gov) under Research / Energy Analysis / Energy Trends and Issues / Life Cycle Analysis / Unit Process Library.  As of 6/30/2014, the URL for the NETL Unit Process Library is:  http://www.netl.doe.gov/research/energy-analysis/life-cycle-analysis/unit-process-library.","version":"00.00.000","category":{"@type":"Category","@id":"a5d55943-e992-4eba-992f-eafc7fdf0685","name":"Bit. Coal and Lignite Surface Mining"},"flowType":"PRODUCT_FLOW","infrastructureFlow":false,"location":{"@type":"Location","@id":"8bcc25c9-6aa5-371f-ba76-309077753e67","name":"AU"},"flowProperties":[{"@type":"FlowPropertyFactor","referenceFlowProperty":true,"flowProperty":{"@type":"FlowProperty","@id":"01846770-4cfe-4a25-8ad9-919d8d378345","name":"Number of items"},"conversionFactor":1.0}]}