{"@context":"http://greendelta.github.io/olca-schema/context.jsonld","@type":"Flow","@id":"0795345f-c7ae-410c-ad25-1845784c75f5","name":"Methane, fossil","version":"00.00.000","category":{"@type":"Category","@id":"50d52fd7-4411-4e8d-abae-6a28ef662d88","name":"unspecified"},"flowType":"ELEMENTARY_FLOW","cas":"000074-82-8","formula":"CH4","infrastructureFlow":false,"flowProperties":[{"@type":"FlowPropertyFactor","referenceFlowProperty":true,"flowProperty":{"@type":"FlowProperty","@id":"93a60a56-a3c8-11da-a746-0800200b9a66","name":"Mass"},"conversionFactor":1.0}]}