{"@context":"http://greendelta.github.io/olca-schema/context.jsonld","@type":"Flow","@id":"082903e4-45d8-4078-94cb-736b15279277","name":"Dioxins, measured as 2,3,7,8-tetrachlorodibenzo-p-dioxin","version":"00.00.000","category":{"@type":"Category","@id":"50d52fd7-4411-4e8d-abae-6a28ef662d88","name":"unspecified"},"flowType":"ELEMENTARY_FLOW","cas":"001746-01-6","infrastructureFlow":false,"flowProperties":[{"@type":"FlowPropertyFactor","referenceFlowProperty":true,"flowProperty":{"@type":"FlowProperty","@id":"93a60a56-a3c8-11da-a746-0800200b9a66","name":"Mass"},"conversionFactor":1.0}]}