{"@context":"http://greendelta.github.io/olca-schema/context.jsonld","@type":"Flow","@id":"08a91e70-3ddc-11dd-959a-0050c2490048","name":"Iron","version":"00.00.000","category":{"@type":"Category","@id":"4888a39f-f1af-459e-829a-5cd667aa3a72","name":"in ground"},"flowType":"ELEMENTARY_FLOW","cas":"007439-89-6","formula":"Fe","infrastructureFlow":false,"flowProperties":[{"@type":"FlowPropertyFactor","referenceFlowProperty":true,"flowProperty":{"@type":"FlowProperty","@id":"93a60a56-a3c8-11da-a746-0800200b9a66","name":"Mass"},"conversionFactor":1.0}]}