{"@context":"http://greendelta.github.io/olca-schema/context.jsonld","@type":"Flow","@id":"0e8f22da-4ca3-327d-9b86-c456069cb457","name":"Selenium [Heavy metals to fresh water]","version":"00.00.000","category":{"@type":"Category","@id":"dce6c124-fe09-4f37-a694-f1ac88e9ede1","name":"Emission output to freshwater"},"flowType":"ELEMENTARY_FLOW","infrastructureFlow":false,"flowProperties":[{"@type":"FlowPropertyFactor","referenceFlowProperty":true,"flowProperty":{"@type":"FlowProperty","@id":"93a60a56-a3c8-11da-a746-0800200b9a66","name":"Mass"},"conversionFactor":1.0}]}