{"@context":"http://greendelta.github.io/olca-schema/context.jsonld","@type":"Flow","@id":"13e26e55-33a7-3bcf-8ac5-c51607cff7a3","name":"Water (ground water, saline) [Water]","version":"00.00.000","category":{"@type":"Category","@id":"3981b70c-97be-4cb4-a90f-0f1768b18498","name":"[Resource] water needed during mine operations"},"flowType":"ELEMENTARY_FLOW","infrastructureFlow":false,"flowProperties":[{"@type":"FlowPropertyFactor","referenceFlowProperty":true,"flowProperty":{"@type":"FlowProperty","@id":"93a60a56-a3c8-11da-a746-0800200b9a66","name":"Mass"},"conversionFactor":1.0}]}