{"@context":"http://greendelta.github.io/olca-schema/context.jsonld","@type":"Flow","@id":"140197bd-923a-3eac-9c9a-e26101818df3","name":"Dust (PM2,5 - PM10) [Particles to air]","version":"00.00.000","category":{"@type":"Category","@id":"e7e94a5e-ef52-45f8-861d-38e21d28e744","name":"Emission to air"},"flowType":"ELEMENTARY_FLOW","infrastructureFlow":false,"flowProperties":[{"@type":"FlowPropertyFactor","referenceFlowProperty":true,"flowProperty":{"@type":"FlowProperty","@id":"93a60a56-a3c8-11da-a746-0800200b9a66","name":"Mass"},"conversionFactor":1.0}]}