{"@context":"http://greendelta.github.io/olca-schema/context.jsonld","@type":"Flow","@id":"180520a0-34e8-4058-bac9-27cbbb32c527","name":"Nitrate","version":"00.00.000","category":{"@type":"Category","@id":"71409c34-ef21-49e9-b307-cb30b02d7813","name":"fresh water"},"flowType":"ELEMENTARY_FLOW","cas":"014797-55-8","formula":"NO3 -","infrastructureFlow":false,"flowProperties":[{"@type":"FlowPropertyFactor","referenceFlowProperty":true,"flowProperty":{"@type":"FlowProperty","@id":"93a60a56-a3c8-11da-a746-0800200b9a66","name":"Mass"},"conversionFactor":1.0}]}