{"@context":"http://greendelta.github.io/olca-schema/context.jsonld","@type":"Flow","@id":"21e46cb8-6233-4c99-bac3-c41d2ab99498","name":"Particulates, \u003c 2.5 um","version":"00.00.000","category":{"@type":"Category","@id":"50d52fd7-4411-4e8d-abae-6a28ef662d88","name":"unspecified"},"flowType":"ELEMENTARY_FLOW","formula":"PM2.5","infrastructureFlow":false,"flowProperties":[{"@type":"FlowPropertyFactor","referenceFlowProperty":true,"flowProperty":{"@type":"FlowProperty","@id":"93a60a56-a3c8-11da-a746-0800200b9a66","name":"Mass"},"conversionFactor":1.0}]}