{"@context":"http://greendelta.github.io/olca-schema/context.jsonld","@type":"Flow","@id":"277959d5-1a12-33d4-9d7f-1604f2227c09","name":"Portland cement, at plant","version":"00.00.000","category":{"@type":"Category","@id":"aff807bb-6f7f-4687-b888-1ac14b25e865","name":"Cement Manufacturing"},"flowType":"PRODUCT_FLOW","infrastructureFlow":false,"flowProperties":[{"@type":"FlowPropertyFactor","referenceFlowProperty":true,"flowProperty":{"@type":"FlowProperty","@id":"93a60a56-a3c8-11da-a746-0800200b9a66","name":"Mass"},"conversionFactor":1.0}]}