{"@context":"http://greendelta.github.io/olca-schema/context.jsonld","@type":"Flow","@id":"36b4aa53-3005-3e3d-b6e3-3450d17d5f03","name":"Electricity, at Grid, US, 2010","version":"00.00.000","category":{"@type":"Category","@id":"dffbca5e-632d-4a97-bcc6-f8de915b8302","name":"Utilities"},"flowType":"PRODUCT_FLOW","infrastructureFlow":false,"flowProperties":[{"@type":"FlowPropertyFactor","referenceFlowProperty":true,"flowProperty":{"@type":"FlowProperty","@id":"f6811440-ee37-11de-8a39-0800200c9a66","name":"Energy"},"conversionFactor":1.0}]}