{"@context":"http://greendelta.github.io/olca-schema/context.jsonld","@type":"Flow","@id":"3e4d9e9e-6556-11dd-ad8b-0800200c9a66","name":"Water","version":"00.00.000","category":{"@type":"Category","@id":"f358f621-98dc-4203-b76f-b7539db11950","name":"in water"},"flowType":"ELEMENTARY_FLOW","cas":"007732-18-5","formula":"H2O","infrastructureFlow":false,"flowProperties":[{"@type":"FlowPropertyFactor","referenceFlowProperty":true,"flowProperty":{"@type":"FlowProperty","@id":"93a60a56-a3c8-11da-a746-0800200b9a66","name":"Mass"},"conversionFactor":1.0}]}