{"@context":"http://greendelta.github.io/olca-schema/context.jsonld","@type":"Flow","@id":"41fd16a2-8541-313f-b0be-2cf8481139fc","name":"Water (ground water, fresh) [Water]","version":"00.00.000","category":{"@type":"Category","@id":"3981b70c-97be-4cb4-a90f-0f1768b18498","name":"[Resource] water needed during mine operations"},"flowType":"ELEMENTARY_FLOW","infrastructureFlow":false,"flowProperties":[{"@type":"FlowPropertyFactor","referenceFlowProperty":true,"flowProperty":{"@type":"FlowProperty","@id":"93a60a56-a3c8-11da-a746-0800200b9a66","name":"Mass"},"conversionFactor":1.0}]}