{"@context":"http://greendelta.github.io/olca-schema/context.jsonld","@type":"Flow","@id":"445a3ac4-b86d-3e0c-8679-d9a38fc51142","name":"Scandium (water), water","version":"00.00.000","category":{"@type":"Category","@id":"23ae980e-a61e-43ec-bfa5-62f3695c1e90","name":"Emissions to water"},"flowType":"ELEMENTARY_FLOW","infrastructureFlow":false,"flowProperties":[{"@type":"FlowPropertyFactor","referenceFlowProperty":true,"flowProperty":{"@type":"FlowProperty","@id":"93a60a56-a3c8-11da-a746-0800200b9a66","name":"Mass"},"conversionFactor":1.0}]}