{"@context":"http://greendelta.github.io/olca-schema/context.jsonld","@type":"Flow","@id":"4b81a3e2-b3fc-4e2f-81aa-5a68d11084c8","name":"Ammonia","version":"00.00.000","category":{"@type":"Category","@id":"71409c34-ef21-49e9-b307-cb30b02d7813","name":"fresh water"},"flowType":"ELEMENTARY_FLOW","cas":"007664-41-7","formula":"NH3","infrastructureFlow":false,"flowProperties":[{"@type":"FlowPropertyFactor","referenceFlowProperty":true,"flowProperty":{"@type":"FlowProperty","@id":"93a60a56-a3c8-11da-a746-0800200b9a66","name":"Mass"},"conversionFactor":1.0}]}