{"@context":"http://greendelta.github.io/olca-schema/context.jsonld","@type":"Flow","@id":"5d5319f2-727c-343d-aaba-32517583a0a4","name":"Cold rolled sheet, steel, at plant","version":"00.00.000","category":{"@type":"Category","@id":"995bb684-d079-4c54-887e-0c9895f1ce50","name":"Rolling and Drawing of Purchased Steel"},"flowType":"PRODUCT_FLOW","infrastructureFlow":false,"flowProperties":[{"@type":"FlowPropertyFactor","referenceFlowProperty":true,"flowProperty":{"@type":"FlowProperty","@id":"93a60a56-a3c8-11da-a746-0800200b9a66","name":"Mass"},"conversionFactor":1.0}]}