{"@context":"http://greendelta.github.io/olca-schema/context.jsonld","@type":"Flow","@id":"6191e72b-9f8a-4c56-be72-6649199a988d","name":"Non-allocated byproducts; Production mix","description":"Unspecified secondary products with negligable value.  Used for mass balance.\r\n\r\nThis dataset is part of the National Energy Technology Laboratory (NETL) Unit Process Library.  The NETL Unit Process Library is located on the NETL website (netl.doe.gov) under Research / Energy Analysis / Energy Trends and Issues / Life Cycle Analysis / Unit Process Library.  As of 6/30/2014, the URL for the NETL Unit Process Library is:  http://www.netl.doe.gov/research/energy-analysis/life-cycle-analysis/unit-process-library.","version":"00.00.000","category":{"@type":"Category","@id":"8c1ff584-03f2-4d19-9cc6-ab9b67ad1f62","name":"Iron and Steel Mills"},"flowType":"PRODUCT_FLOW","infrastructureFlow":false,"location":{"@type":"Location","@id":"56bca136-90bb-3a77-9abb-7ce558af711e","name":"GLO"},"flowProperties":[{"@type":"FlowPropertyFactor","referenceFlowProperty":true,"flowProperty":{"@type":"FlowProperty","@id":"93a60a56-a3c8-11da-a746-0800200b9a66","name":"Mass"},"conversionFactor":1.0}]}