{"@context":"http://greendelta.github.io/olca-schema/context.jsonld","@type":"Flow","@id":"61d3d0f5-5f39-4ddd-a322-4047265482d1","name":"CUTOFF Copper sheet; Production mix","description":"This dataset is part of the National Energy Technology Laboratory (NETL) Unit Process Library.  The NETL Unit Process Library is located on the NETL website (netl.doe.gov) under Research / Energy Analysis / Energy Trends and Issues / Life Cycle Analysis / Unit Process Library.  As of 6/30/2014, the URL for the NETL Unit Process Library is:  http://www.netl.doe.gov/research/energy-analysis/life-cycle-analysis/unit-process-library.","version":"00.00.000","category":{"@type":"Category","@id":"ab17b811-361b-4af3-a9ef-f3ee1eb6be23","name":"CUTOFF Flows"},"flowType":"PRODUCT_FLOW","infrastructureFlow":false,"flowProperties":[{"@type":"FlowPropertyFactor","referenceFlowProperty":true,"flowProperty":{"@type":"FlowProperty","@id":"93a60a56-a3c8-11da-a746-0800200b9a66","name":"Mass"},"conversionFactor":1.0}]}