{"@context":"http://greendelta.github.io/olca-schema/context.jsonld","@type":"Flow","@id":"63e7b036-8549-11e0-9d78-0800200c9a66","name":"Chromium","version":"00.00.000","category":{"@type":"Category","@id":"9a3850b9-b376-495a-bca3-35e14037a110","name":"unspecified"},"flowType":"ELEMENTARY_FLOW","cas":"007440-47-3","formula":"Cr","infrastructureFlow":false,"flowProperties":[{"@type":"FlowPropertyFactor","referenceFlowProperty":true,"flowProperty":{"@type":"FlowProperty","@id":"93a60a56-a3c8-11da-a746-0800200b9a66","name":"Mass"},"conversionFactor":1.0}]}