{"@context":"http://greendelta.github.io/olca-schema/context.jsonld","@type":"Flow","@id":"640e30d2-3158-4a1a-82ef-fd0c72922c9a","name":"Molybdenum","version":"00.00.000","category":{"@type":"Category","@id":"50d52fd7-4411-4e8d-abae-6a28ef662d88","name":"unspecified"},"flowType":"ELEMENTARY_FLOW","cas":"007439-98-7","formula":"Mo","infrastructureFlow":false,"flowProperties":[{"@type":"FlowPropertyFactor","referenceFlowProperty":true,"flowProperty":{"@type":"FlowProperty","@id":"93a60a56-a3c8-11da-a746-0800200b9a66","name":"Mass"},"conversionFactor":1.0}]}