{"@context":"http://greendelta.github.io/olca-schema/context.jsonld","@type":"Flow","@id":"65ea5547-806a-4557-b1cd-d629d4f0aa66","name":"Coal; Production mix, from surface mine","description":"This dataset is part of the  National Energy Technology Laboratory (NETL) Unit Process Library.  The NETL Unit Process Library is located on the NETL website (netl.doe.gov) under Research / Energy Analysis / Energy Trends and Issues / Life Cycle Analysis / Unit Process Library.  As of 6/30/2014, the URL for the NETL Unit Process Library is:  http://www.netl.doe.gov/research/energy-analysis/life-cycle-analysis/unit-process-library.\r\n\r\n\r\n\r\nThis dataset is part of the NETL Unit Process Library.  The Library offers additional information concerning this dataset in the form of a Detailed Spreadsheet  Documentation (DS) file and a Process Documentation File (DF).  The DS file  is an Excel file that contains all of the parameters, inputs, and outputs for a given system as well as background data, calculations and quality scores.  The DF file is a PDF document that contains major assumptions and data sources that are the basis for each unit process.  The NETL Unit Process Library is located on the NETL website (netl.doe.gov) under Research / Energy Analysis / Energy Trends and Issues / Life Cycle Analysis / Unit Process Library.","version":"00.00.000","category":{"@type":"Category","@id":"a5d55943-e992-4eba-992f-eafc7fdf0685","name":"Bit. Coal and Lignite Surface Mining"},"flowType":"PRODUCT_FLOW","infrastructureFlow":false,"location":{"@type":"Location","@id":"0b3b97fa-6688-3c56-88ee-4ae80ec0c3c2","name":"US"},"flowProperties":[{"@type":"FlowPropertyFactor","referenceFlowProperty":true,"flowProperty":{"@type":"FlowProperty","@id":"93a60a56-a3c8-11da-a746-0800200b9a66","name":"Mass"},"conversionFactor":1.0}]}