{"@context":"http://greendelta.github.io/olca-schema/context.jsonld","@type":"Flow","@id":"6c445f1d-db0f-431c-a2f0-d25aa28bdfd1","name":"Iron","version":"00.00.000","category":{"@type":"Category","@id":"71409c34-ef21-49e9-b307-cb30b02d7813","name":"fresh water"},"flowType":"ELEMENTARY_FLOW","cas":"007439-89-6","formula":"Fe","infrastructureFlow":false,"flowProperties":[{"@type":"FlowPropertyFactor","referenceFlowProperty":true,"flowProperty":{"@type":"FlowProperty","@id":"93a60a56-a3c8-11da-a746-0800200b9a66","name":"Mass"},"conversionFactor":1.0}]}