{"@context":"http://greendelta.github.io/olca-schema/context.jsonld","@type":"Flow","@id":"77b23aa4-9f0a-4d3f-8857-29ee054cdae1","name":"Nickel","version":"00.00.000","category":{"@type":"Category","@id":"71409c34-ef21-49e9-b307-cb30b02d7813","name":"fresh water"},"flowType":"ELEMENTARY_FLOW","cas":"007440-02-0","formula":"Ni","infrastructureFlow":false,"flowProperties":[{"@type":"FlowPropertyFactor","referenceFlowProperty":true,"flowProperty":{"@type":"FlowProperty","@id":"93a60a56-a3c8-11da-a746-0800200b9a66","name":"Mass"},"conversionFactor":1.0}]}