{"@context":"http://greendelta.github.io/olca-schema/context.jsonld","@type":"Flow","@id":"796c56b3-a863-444c-8b75-1412832af498","name":"Sulfate","version":"00.00.000","category":{"@type":"Category","@id":"71409c34-ef21-49e9-b307-cb30b02d7813","name":"fresh water"},"flowType":"ELEMENTARY_FLOW","cas":"014808-79-8","formula":"SO4 --","infrastructureFlow":false,"flowProperties":[{"@type":"FlowPropertyFactor","referenceFlowProperty":true,"flowProperty":{"@type":"FlowProperty","@id":"93a60a56-a3c8-11da-a746-0800200b9a66","name":"Mass"},"conversionFactor":1.0}]}