{"@context":"http://greendelta.github.io/olca-schema/context.jsonld","@type":"Flow","@id":"7ae398bf-8532-11e0-9d78-0800200c9a66","name":"Oil, crude, 42 MJ per kg, in ground","version":"00.00.000","category":{"@type":"Category","@id":"4888a39f-f1af-459e-829a-5cd667aa3a72","name":"in ground"},"flowType":"ELEMENTARY_FLOW","infrastructureFlow":false,"flowProperties":[{"@type":"FlowPropertyFactor","referenceFlowProperty":true,"flowProperty":{"@type":"FlowProperty","@id":"93a60a56-a3c8-11da-a746-0800200b9a66","name":"Mass"},"conversionFactor":1.0}]}