{"@context":"http://greendelta.github.io/olca-schema/context.jsonld","@type":"Flow","@id":"7ae371aa-8532-11e0-9d78-0800200c9a66","name":"Carbon dioxide","version":"00.00.000","category":{"@type":"Category","@id":"50d52fd7-4411-4e8d-abae-6a28ef662d88","name":"unspecified"},"flowType":"ELEMENTARY_FLOW","cas":"000124-38-9","formula":"CO2","infrastructureFlow":false,"flowProperties":[{"@type":"FlowPropertyFactor","referenceFlowProperty":true,"flowProperty":{"@type":"FlowProperty","@id":"93a60a56-a3c8-11da-a746-0800200b9a66","name":"Mass"},"conversionFactor":1.0}]}