{"@context":"http://greendelta.github.io/olca-schema/context.jsonld","@type":"Flow","@id":"808f834e-a34b-37a0-952c-57d6d404de92","name":"Zinc, sheet","version":"00.00.000","category":{"@type":"Category","@id":"a87639f5-ecc0-47a8-9c64-18ca04b30d1d","name":"Primary Metal Manufacturing"},"flowType":"PRODUCT_FLOW","infrastructureFlow":false,"location":{"@type":"Location","@id":"56bca136-90bb-3a77-9abb-7ce558af711e","name":"GLO"},"flowProperties":[{"@type":"FlowPropertyFactor","referenceFlowProperty":true,"flowProperty":{"@type":"FlowProperty","@id":"93a60a56-a3c8-11da-a746-0800200b9a66","name":"Mass"},"conversionFactor":1.0}]}