{"@context":"http://greendelta.github.io/olca-schema/context.jsonld","@type":"Flow","@id":"8095b92c-72fd-39b5-8365-8653716b4a4a","name":"Selenium (water) [Deposited goods]","version":"00.00.000","category":{"@type":"Category","@id":"4eb0e0e4-9965-4335-b66f-b53bbfcef5ab","name":"Deposited or treated waste"},"flowType":"ELEMENTARY_FLOW","infrastructureFlow":false,"flowProperties":[{"@type":"FlowPropertyFactor","referenceFlowProperty":true,"flowProperty":{"@type":"FlowProperty","@id":"93a60a56-a3c8-11da-a746-0800200b9a66","name":"Mass"},"conversionFactor":1.0}]}