{"@context":"http://greendelta.github.io/olca-schema/context.jsonld","@type":"Flow","@id":"81e17d9a-3e0b-414e-9b2e-eca7e5b3bd4a","name":"Chromium VI","version":"00.00.000","category":{"@type":"Category","@id":"50d52fd7-4411-4e8d-abae-6a28ef662d88","name":"unspecified"},"flowType":"ELEMENTARY_FLOW","cas":"018540-29-9","formula":"Cr6+","infrastructureFlow":false,"flowProperties":[{"@type":"FlowPropertyFactor","referenceFlowProperty":true,"flowProperty":{"@type":"FlowProperty","@id":"93a60a56-a3c8-11da-a746-0800200b9a66","name":"Mass"},"conversionFactor":1.0}]}