{"@context":"http://greendelta.github.io/olca-schema/context.jsonld","@type":"Flow","@id":"8bf6708a-0a0f-41e4-9b1a-54a92b11dd21","name":"Coal; Handled; From underground mine","description":"","version":"00.00.000","category":{"@type":"Category","@id":"a5d55943-e992-4eba-992f-eafc7fdf0685","name":"Bit. Coal and Lignite Surface Mining"},"flowType":"PRODUCT_FLOW","infrastructureFlow":false,"flowProperties":[{"@type":"FlowPropertyFactor","referenceFlowProperty":true,"flowProperty":{"@type":"FlowProperty","@id":"93a60a56-a3c8-11da-a746-0800200b9a66","name":"Mass"},"conversionFactor":1.0}]}