{"@context":"http://greendelta.github.io/olca-schema/context.jsonld","@type":"Flow","@id":"9379792a-be43-4696-b84f-232a859f053c","name":"Land reclamation; Surface coal mine","description":"","version":"00.00.000","category":{"@type":"Category","@id":"a5d55943-e992-4eba-992f-eafc7fdf0685","name":"Bit. Coal and Lignite Surface Mining"},"flowType":"PRODUCT_FLOW","infrastructureFlow":false,"flowProperties":[{"@type":"FlowPropertyFactor","referenceFlowProperty":true,"flowProperty":{"@type":"FlowProperty","@id":"01846770-4cfe-4a25-8ad9-919d8d378345","name":"Number of items"},"conversionFactor":1.0}]}