{"@context":"http://greendelta.github.io/olca-schema/context.jsonld","@type":"Flow","@id":"961ccd56-2eee-4f57-bb18-fc4362b49000","name":"COD, Chemical Oxygen Demand","version":"00.00.000","category":{"@type":"Category","@id":"9a3850b9-b376-495a-bca3-35e14037a110","name":"unspecified"},"flowType":"ELEMENTARY_FLOW","infrastructureFlow":false,"flowProperties":[{"@type":"FlowPropertyFactor","referenceFlowProperty":true,"flowProperty":{"@type":"FlowProperty","@id":"93a60a56-a3c8-11da-a746-0800200b9a66","name":"Mass"},"conversionFactor":1.0}]}