{"@context":"http://greendelta.github.io/olca-schema/context.jsonld","@type":"Flow","@id":"96b0e9d0-5bfc-4113-ac30-c9b8a310b534","name":"Fluoride","version":"00.00.000","category":{"@type":"Category","@id":"9a3850b9-b376-495a-bca3-35e14037a110","name":"unspecified"},"flowType":"ELEMENTARY_FLOW","cas":"016984-48-8","formula":"F-","infrastructureFlow":false,"flowProperties":[{"@type":"FlowPropertyFactor","referenceFlowProperty":true,"flowProperty":{"@type":"FlowProperty","@id":"93a60a56-a3c8-11da-a746-0800200b9a66","name":"Mass"},"conversionFactor":1.0}]}