{"@context":"http://greendelta.github.io/olca-schema/context.jsonld","@type":"Flow","@id":"a117f4f3-8ff6-34a0-a284-b9dfa94b87d5","name":"Galvanized steel sheet, at plant","version":"00.00.000","category":{"@type":"Category","@id":"8c1ff584-03f2-4d19-9cc6-ab9b67ad1f62","name":"Iron and Steel Mills"},"flowType":"PRODUCT_FLOW","infrastructureFlow":false,"flowProperties":[{"@type":"FlowPropertyFactor","referenceFlowProperty":true,"flowProperty":{"@type":"FlowProperty","@id":"93a60a56-a3c8-11da-a746-0800200b9a66","name":"Mass"},"conversionFactor":1.0}]}