{"@context":"http://greendelta.github.io/olca-schema/context.jsonld","@type":"Flow","@id":"a9ec0c9b-982a-4329-99ae-dab1f9fb62d3","name":"Chromium VI","version":"00.00.000","category":{"@type":"Category","@id":"9a3850b9-b376-495a-bca3-35e14037a110","name":"unspecified"},"flowType":"ELEMENTARY_FLOW","cas":"018540-29-9","formula":"Cr6+","infrastructureFlow":false,"flowProperties":[{"@type":"FlowPropertyFactor","referenceFlowProperty":true,"flowProperty":{"@type":"FlowProperty","@id":"93a60a56-a3c8-11da-a746-0800200b9a66","name":"Mass"},"conversionFactor":1.0}]}