{"@context":"http://greendelta.github.io/olca-schema/context.jsonld","@type":"Flow","@id":"b554c82a-f1a7-48cc-9609-d042484cd274","name":"Coal; Raw, in ground; Surface mine; 19.9 MJ/kg","description":"This elementary flow refers to raw (uncleaned) coal from a surface mine.  The energy density is lower than most other coal flows because impurities (e.g. rocks, soil) have not been separated from the coal.","version":"00.00.000","category":{"@type":"Category","@id":"8aecdf0d-21d4-4646-a4fc-d2d939ad2ce6","name":"USLCI elementary flows"},"flowType":"ELEMENTARY_FLOW","infrastructureFlow":false,"flowProperties":[{"@type":"FlowPropertyFactor","referenceFlowProperty":true,"flowProperty":{"@type":"FlowProperty","@id":"93a60a56-a3c8-11da-a746-0800200b9a66","name":"Mass"},"conversionFactor":1.0}]}