{"@context":"http://greendelta.github.io/olca-schema/context.jsonld","@type":"Flow","@id":"bae33493-55d2-3b42-99f3-7f7af879ad0e","name":"Water (Unspecified) [Water]","version":"00.00.000","category":{"@type":"Category","@id":"6c577777-8037-43ac-a5ae-ab73c683d11b","name":" [Resource] "},"flowType":"ELEMENTARY_FLOW","infrastructureFlow":false,"flowProperties":[{"@type":"FlowPropertyFactor","referenceFlowProperty":true,"flowProperty":{"@type":"FlowProperty","@id":"93a60a56-a3c8-22da-a746-0800200c9a66","name":"Volume"},"conversionFactor":1.0}]}