{"@context":"http://greendelta.github.io/olca-schema/context.jsonld","@type":"Flow","@id":"c087ef23-4b5b-40f6-932a-7939b72386c4","name":"Cadmium","version":"00.00.000","category":{"@type":"Category","@id":"9a3850b9-b376-495a-bca3-35e14037a110","name":"unspecified"},"flowType":"ELEMENTARY_FLOW","cas":"007440-43-9","formula":"Cd","infrastructureFlow":false,"flowProperties":[{"@type":"FlowPropertyFactor","referenceFlowProperty":true,"flowProperty":{"@type":"FlowProperty","@id":"93a60a56-a3c8-11da-a746-0800200b9a66","name":"Mass"},"conversionFactor":1.0}]}