{"@context":"http://greendelta.github.io/olca-schema/context.jsonld","@type":"Flow","@id":"c8791f3c-3c4a-4278-91c0-483797d14da2","name":"Phosphate","version":"00.00.000","category":{"@type":"Category","@id":"9a3850b9-b376-495a-bca3-35e14037a110","name":"unspecified"},"flowType":"ELEMENTARY_FLOW","cas":"014265-44-2","formula":"PO4 3-","infrastructureFlow":false,"flowProperties":[{"@type":"FlowPropertyFactor","referenceFlowProperty":true,"flowProperty":{"@type":"FlowProperty","@id":"93a60a56-a3c8-11da-a746-0800200b9a66","name":"Mass"},"conversionFactor":1.0}]}