{"@context":"http://greendelta.github.io/olca-schema/context.jsonld","@type":"Flow","@id":"d939590b-a0d7-310c-8952-9921ed64a078","name":"Diesel, at refinery","version":"00.00.000","category":{"@type":"Category","@id":"326a5120-e6b0-48ba-a197-3cf7d6e4a55c","name":"Petroleum Refineries"},"flowType":"PRODUCT_FLOW","infrastructureFlow":false,"flowProperties":[{"@type":"FlowPropertyFactor","referenceFlowProperty":true,"flowProperty":{"@type":"FlowProperty","@id":"93a60a56-a3c8-22da-a746-0800200c9a66","name":"Volume"},"conversionFactor":1.0}]}