{"@context":"http://greendelta.github.io/olca-schema/context.jsonld","@type":"Flow","@id":"e3569b8d-34ca-4712-93b5-b0d81f955663","name":"Sulfur oxides","version":"00.00.000","category":{"@type":"Category","@id":"50d52fd7-4411-4e8d-abae-6a28ef662d88","name":"unspecified"},"flowType":"ELEMENTARY_FLOW","infrastructureFlow":false,"flowProperties":[{"@type":"FlowPropertyFactor","referenceFlowProperty":true,"flowProperty":{"@type":"FlowProperty","@id":"93a60a56-a3c8-11da-a746-0800200b9a66","name":"Mass"},"conversionFactor":1.0}]}