{"@context":"http://greendelta.github.io/olca-schema/context.jsonld","@type":"Flow","@id":"e8936a41-f810-3073-9af9-3de389a65be0","name":"Aluminium [Heavy metals to fresh water]","version":"00.00.000","category":{"@type":"Category","@id":"7ed94b04-3fe2-4ae7-8aa1-586434fca2d0","name":"Emission output to atmosphere"},"flowType":"ELEMENTARY_FLOW","infrastructureFlow":false,"flowProperties":[{"@type":"FlowPropertyFactor","referenceFlowProperty":true,"flowProperty":{"@type":"FlowProperty","@id":"93a60a56-a3c8-11da-a746-0800200b9a66","name":"Mass"},"conversionFactor":1.0}]}