{"@context":"http://greendelta.github.io/olca-schema/context.jsonld","@type":"Flow","@id":"ee49c996-8c8f-4d0c-b21f-67e58400cd5a","name":"Thermal energy; From diesel fired equipment; Production mix","description":"This dataset is part of the  National Energy Technology Laboratory (NETL) Unit Process Library.  The NETL Unit Process Library is located on the NETL website (netl.doe.gov) under Research / Energy Analysis / Energy Trends and Issues / Life Cycle Analysis / Unit Process Library.  As of 6/30/2014, the URL for the NETL Unit Process Library is:  http://www.netl.doe.gov/research/energy-analysis/life-cycle-analysis/unit-process-library.","version":"00.00.000","category":{"@type":"Category","@id":"326a5120-e6b0-48ba-a197-3cf7d6e4a55c","name":"Petroleum Refineries"},"flowType":"PRODUCT_FLOW","infrastructureFlow":false,"location":{"@type":"Location","@id":"0b3b97fa-6688-3c56-88ee-4ae80ec0c3c2","name":"US"},"flowProperties":[{"@type":"FlowPropertyFactor","referenceFlowProperty":true,"flowProperty":{"@type":"FlowProperty","@id":"f6811440-ee37-11de-8a39-0800200c9a66","name":"Energy"},"conversionFactor":1.0},{"@type":"FlowPropertyFactor","flowProperty":{"@type":"FlowProperty","@id":"f6811440-ee37-11de-8a39-0800200c9a66","name":"Energy"},"conversionFactor":1.0}]}