{"@context":"http://greendelta.github.io/olca-schema/context.jsonld","@type":"Flow","@id":"f5d9a8c8-53d8-37a2-8b48-49412b0b9fad","name":"Polyvinyl chloride, resin, at plant","version":"00.00.000","category":{"@type":"Category","@id":"b1fddb48-7084-4af6-bfd9-4cd88d0db50e","name":"Petrochemical Manufacturing"},"flowType":"PRODUCT_FLOW","infrastructureFlow":false,"flowProperties":[{"@type":"FlowPropertyFactor","referenceFlowProperty":true,"flowProperty":{"@type":"FlowProperty","@id":"93a60a56-a3c8-11da-a746-0800200b9a66","name":"Mass"},"conversionFactor":1.0}]}