{"@context":"http://greendelta.github.io/olca-schema/context.jsonld","@type":"Flow","@id":"f5fc0230-23b0-41e8-8583-266c8c92f2c6","name":"Steel plate; Blast furnace route; Production mix; 85% recovery rate","description":"This product flow represents IISI World Average for blast furnace plate.\r\n\r\nThis dataset is part of the  National Energy Technology Laboratory (NETL) Unit Process Library.  The NETL Unit Process Library is located on the NETL website (netl.doe.gov) under Research / Energy Analysis / Energy Trends and Issues / Life Cycle Analysis / Unit Process Library.  As of 6/30/2014, the URL for the NETL Unit Process Library is:  http://www.netl.doe.gov/research/energy-analysis/life-cycle-analysis/unit-process-library.","version":"00.00.000","category":{"@type":"Category","@id":"8c1ff584-03f2-4d19-9cc6-ab9b67ad1f62","name":"Iron and Steel Mills"},"flowType":"PRODUCT_FLOW","infrastructureFlow":false,"location":{"@type":"Location","@id":"56bca136-90bb-3a77-9abb-7ce558af711e","name":"GLO"},"flowProperties":[{"@type":"FlowPropertyFactor","referenceFlowProperty":true,"flowProperty":{"@type":"FlowProperty","@id":"93a60a56-a3c8-11da-a746-0800200b9a66","name":"Mass"},"conversionFactor":1.0}]}