{"@type":"UnitGroup","@id":"f2275057-f8be-4db9-bb78-5dfc276967a0","name":"Units of length*area/time","category":"Technical unit groups","version":"00.00.000","defaultFlowProperty":{"@type":"FlowProperty","@id":"05e42ba1-dbcd-4dc2-b735-a2f17dd211ae","name":"Mechanical Filtration (Transf.)","category":"Technical flow properties","refUnit":"cm*m2/d"},"units":[{"@type":"Unit","@id":"aa14a795-2239-496a-81b0-ad7cb8bbe0d2","name":"cm*m2/d","description":"Centimetre times square metre per day","conversionFactor":1.0,"isRefUnit":true}]}