{"@context":"http://greendelta.github.io/olca-schema/context.jsonld","@type":"Flow","@id":"005db14f-6fc8-32d3-95a6-c7b8b8d30fb1","name":"Ethanol, denatured, switchgrass, biochemical","version":"00.00.001","lastChange":"2018-06-27T10:38:41.869-06:00","category":{"@type":"Category","@id":"1fbc8f99-c7f6-3766-abeb-6fadefb8f6fd","name":"Ethyl alcohol manufacturing","categoryPath":["Chemical Manufacturing"],"categoryType":"Flow"},"flowType":"PRODUCT_FLOW","infrastructureFlow":false,"location":{"@type":"Location","@id":"b320e7db-c758-3ba6-8839-81eb83c9d7d7","name":"Northern America"},"flowProperties":[{"@type":"FlowPropertyFactor","referenceFlowProperty":true,"flowProperty":{"@type":"FlowProperty","@id":"93a60a56-a3c8-11da-a746-0800200b9a66","name":"Mass","categoryPath":["Technical flow properties"]},"conversionFactor":1.0}]}