{"@context":"http://greendelta.github.io/olca-schema/context.jsonld","@type":"Flow","@id":"041533cf-558b-3e44-a98c-76b1f67a5338","name":"Energy, from hydro power","version":"00.00.001","lastChange":"2018-06-27T10:38:48.999-06:00","category":{"@type":"Category","@id":"c3687832-0822-312f-bd40-b7f0d6ec582c","name":"unspecified","categoryPath":["resource"],"categoryType":"Flow"},"flowType":"ELEMENTARY_FLOW","infrastructureFlow":false,"flowProperties":[{"@type":"FlowPropertyFactor","referenceFlowProperty":true,"flowProperty":{"@type":"FlowProperty","@id":"f6811440-ee37-11de-8a39-0800200c9a66","name":"Energy","categoryPath":["Technical flow properties"]},"conversionFactor":1.0}]}