{"@context":"http://greendelta.github.io/olca-schema/context.jsonld","@type":"Flow","@id":"06581fb2-1de0-3e78-8298-f37605dea142","name":"Electricity, at grid, US, 2008","version":"00.00.001","lastChange":"2018-06-27T10:38:42.883-06:00","category":{"@type":"Category","@id":"25794097-71c4-3c2f-ac5e-c03ba93e4fbd","name":"Fossil Fuel Electric Power Generation","categoryPath":["Utilities"],"categoryType":"Flow"},"flowType":"PRODUCT_FLOW","infrastructureFlow":false,"location":{"@type":"Location","@id":"b320e7db-c758-3ba6-8839-81eb83c9d7d7","name":"Northern America"},"flowProperties":[{"@type":"FlowPropertyFactor","referenceFlowProperty":true,"flowProperty":{"@type":"FlowProperty","@id":"f6811440-ee37-11de-8a39-0800200c9a66","name":"Energy","categoryPath":["Technical flow properties"]},"conversionFactor":1.0}]}