{"@context":"http://greendelta.github.io/olca-schema/context.jsonld","@type":"Flow","@id":"0c044a43-62f0-3a5e-97c6-f6c667e94081","name":"Energy, geothermal","version":"00.00.001","lastChange":"2018-06-27T10:38:48.996-06:00","category":{"@type":"Category","@id":"c3687832-0822-312f-bd40-b7f0d6ec582c","name":"unspecified","categoryPath":["resource"],"categoryType":"Flow"},"flowType":"ELEMENTARY_FLOW","infrastructureFlow":false,"flowProperties":[{"@type":"FlowPropertyFactor","referenceFlowProperty":true,"flowProperty":{"@type":"FlowProperty","@id":"f6811440-ee37-11de-8a39-0800200c9a66","name":"Energy","categoryPath":["Technical flow properties"]},"conversionFactor":1.0}]}