{"@context":"http://greendelta.github.io/olca-schema/context.jsonld","@type":"Flow","@id":"1747ca61-f540-3e1e-80fd-451efec23a90","name":"Oxygen, in air","version":"00.00.001","lastChange":"2018-06-27T10:38:49.704-06:00","category":{"@type":"Category","@id":"35f3df55-bf1d-38f6-b543-d33a33a7ed7b","name":"in air","categoryPath":["resource"],"categoryType":"Flow"},"flowType":"ELEMENTARY_FLOW","infrastructureFlow":false,"flowProperties":[{"@type":"FlowPropertyFactor","referenceFlowProperty":true,"flowProperty":{"@type":"FlowProperty","@id":"93a60a56-a3c8-11da-a746-0800200b9a66","name":"Mass","categoryPath":["Technical flow properties"]},"conversionFactor":1.0}]}