{"@context":"http://greendelta.github.io/olca-schema/context.jsonld","@type":"Flow","@id":"26be1fa9-6bfb-3c17-b119-905dc481c3c8","name":"Energy, from biomass","version":"00.00.001","lastChange":"2018-06-27T10:38:48.980-06:00","category":{"@type":"Category","@id":"c3687832-0822-312f-bd40-b7f0d6ec582c","name":"unspecified","categoryPath":["resource"],"categoryType":"Flow"},"flowType":"ELEMENTARY_FLOW","infrastructureFlow":false,"flowProperties":[{"@type":"FlowPropertyFactor","referenceFlowProperty":true,"flowProperty":{"@type":"FlowProperty","@id":"f6811440-ee37-11de-8a39-0800200c9a66","name":"Energy","categoryPath":["Technical flow properties"]},"conversionFactor":1.0}]}