{"@context":"http://greendelta.github.io/olca-schema/context.jsonld","@type":"Flow","@id":"2766f5e7-9d42-36cb-8a03-11aa4f7ecd3a","name":"Corn grain, at conversion plant, 2022","version":"00.00.001","lastChange":"2018-06-27T10:38:52.322-06:00","category":{"@type":"Category","@id":"2398bdb3-4d68-3e52-afec-e6c464a9b7d8","name":"Biomass","categoryPath":["Crop Production"],"categoryType":"Flow"},"flowType":"PRODUCT_FLOW","infrastructureFlow":false,"location":{"@type":"Location","@id":"b320e7db-c758-3ba6-8839-81eb83c9d7d7","name":"Northern America"},"flowProperties":[{"@type":"FlowPropertyFactor","referenceFlowProperty":true,"flowProperty":{"@type":"FlowProperty","@id":"93a60a56-a3c8-11da-a746-0800200b9a66","name":"Mass","categoryPath":["Technical flow properties"]},"conversionFactor":1.0}]}