{"@context":"http://greendelta.github.io/olca-schema/context.jsonld","@type":"Flow","@id":"2d9fd0c0-407c-31f0-945c-fef19855270f","name":"Transformation, from pasture and meadow","version":"00.00.001","lastChange":"2018-06-27T10:38:49.799-06:00","category":{"@type":"Category","@id":"7d9e33f1-a2ca-39db-9f3f-bd817da11c4a","name":"land","categoryPath":["resource"],"categoryType":"Flow"},"flowType":"ELEMENTARY_FLOW","infrastructureFlow":false,"flowProperties":[{"@type":"FlowPropertyFactor","referenceFlowProperty":true,"flowProperty":{"@type":"FlowProperty","@id":"93a60a56-a3c8-19da-a746-0800200c9a66","name":"Area","categoryPath":["Technical flow properties"]},"conversionFactor":1.0}]}