{"@context":"http://greendelta.github.io/olca-schema/context.jsonld","@type":"Flow","@id":"34c5d9a7-8301-3088-9f4f-ee200cdccdf3","name":"EPS insulation board, at plant","version":"00.00.001","lastChange":"2018-06-27T10:38:41.840-06:00","category":{"@type":"Category","@id":"3c384108-6e5b-39df-a43a-fd976e5a34a5","name":"Unspecified","categoryPath":["Chemical Manufacturing"],"categoryType":"Flow"},"flowType":"PRODUCT_FLOW","infrastructureFlow":false,"location":{"@type":"Location","@id":"b320e7db-c758-3ba6-8839-81eb83c9d7d7","name":"Northern America"},"flowProperties":[{"@type":"FlowPropertyFactor","referenceFlowProperty":true,"flowProperty":{"@type":"FlowProperty","@id":"93a60a56-a3c8-11da-a746-0800200b9a66","name":"Mass","categoryPath":["Technical flow properties"]},"conversionFactor":1.0}]}