{"@context":"http://greendelta.github.io/olca-schema/context.jsonld","@type":"Flow","@id":"39fa5db7-4bae-36f9-ae67-e2ccd67c318a","name":"CUTOFF Heat, at cogen with ignition biogas engine, allocation exergy","version":"00.00.001","lastChange":"2018-06-27T10:38:43.932-06:00","category":{"@type":"Category","@id":"cd373184-7704-30cf-8fff-c8458124f291","name":"CUTOFF Flows","categoryType":"Flow"},"flowType":"PRODUCT_FLOW","infrastructureFlow":false,"location":{"@type":"Location","@id":"b320e7db-c758-3ba6-8839-81eb83c9d7d7","name":"Northern America"},"flowProperties":[{"@type":"FlowPropertyFactor","referenceFlowProperty":true,"flowProperty":{"@type":"FlowProperty","@id":"f6811440-ee37-11de-8a39-0800200c9a66","name":"Energy","categoryPath":["Technical flow properties"]},"conversionFactor":1.0}]}