{"@context":"http://greendelta.github.io/olca-schema/context.jsonld","@type":"Flow","@id":"3a8cda88-d05e-3a52-82ff-e7aa2caefd0d","name":"Hydrogen, liquid, synthesis gas, at plant","version":"00.00.001","lastChange":"2018-06-27T10:38:41.562-06:00","category":{"@type":"Category","@id":"ef69db7c-a705-3080-afe6-b07fc47bc91a","name":"All Other Basic Inorganic Chemical Manufacturing","categoryPath":["Chemical Manufacturing"],"categoryType":"Flow"},"flowType":"PRODUCT_FLOW","infrastructureFlow":false,"location":{"@type":"Location","@id":"b320e7db-c758-3ba6-8839-81eb83c9d7d7","name":"Northern America"},"flowProperties":[{"@type":"FlowPropertyFactor","referenceFlowProperty":true,"flowProperty":{"@type":"FlowProperty","@id":"93a60a56-a3c8-11da-a746-0800200b9a66","name":"Mass","categoryPath":["Technical flow properties"]},"conversionFactor":1.0}]}