{"@context":"http://greendelta.github.io/olca-schema/context.jsonld","@type":"Flow","@id":"3fd51bef-11d1-3d1e-9d4e-a87a90c84ad4","name":"Recovered energy, for Acrylonitrile-butadiene-styrene copolymer, CTR","version":"00.00.001","lastChange":"2018-06-27T10:38:41.607-06:00","category":{"@type":"Category","@id":"c14236d8-0010-374f-abe9-fb5abb59adb7","name":"All Other Basic Organic Chemical Manufacturing","categoryPath":["Chemical Manufacturing"],"categoryType":"Flow"},"flowType":"PRODUCT_FLOW","infrastructureFlow":false,"location":{"@type":"Location","@id":"b320e7db-c758-3ba6-8839-81eb83c9d7d7","name":"Northern America"},"flowProperties":[{"@type":"FlowPropertyFactor","referenceFlowProperty":true,"flowProperty":{"@type":"FlowProperty","@id":"f6811440-ee37-11de-8a39-0800200c9a66","name":"Energy","categoryPath":["Technical flow properties"]},"conversionFactor":1.0}]}