{"@context":"http://greendelta.github.io/olca-schema/context.jsonld","@type":"Flow","@id":"421046b3-9d5d-3bc3-8ade-fd2834168be2","name":"Water, unspecified natural origin/kg","version":"00.00.001","lastChange":"2018-06-27T10:38:49.223-06:00","category":{"@type":"Category","@id":"eb623206-79ad-3455-bf0e-489e58228a53","name":"in ground","categoryPath":["resource"],"categoryType":"Flow"},"flowType":"ELEMENTARY_FLOW","infrastructureFlow":false,"flowProperties":[{"@type":"FlowPropertyFactor","referenceFlowProperty":true,"flowProperty":{"@type":"FlowProperty","@id":"93a60a56-a3c8-11da-a746-0800200b9a66","name":"Mass","categoryPath":["Technical flow properties"]},"conversionFactor":1.0}]}