{"@context":"http://greendelta.github.io/olca-schema/context.jsonld","@type":"Flow","@id":"50c6806b-7c56-360d-9b67-8c78107c3c10","name":"Radioactive species, unspecified","version":"00.00.001","lastChange":"2018-06-27T10:38:45.126-06:00","category":{"@type":"Category","@id":"75533569-1ee3-3410-9f72-cdce18bb55be","name":"unspecified","categoryPath":["air"],"categoryType":"Flow"},"flowType":"ELEMENTARY_FLOW","infrastructureFlow":false,"flowProperties":[{"@type":"FlowPropertyFactor","referenceFlowProperty":true,"flowProperty":{"@type":"FlowProperty","@id":"93a60a56-a3c8-17da-a746-0800200c9a66","name":"Radioactivity","categoryPath":["Technical flow properties"]},"conversionFactor":1.0}]}