{"@context":"http://greendelta.github.io/olca-schema/context.jsonld","@type":"Flow","@id":"510d2c9a-5542-30fb-b8e6-2d9460fe055c","name":"Corn grain, harvested and stored","version":"00.00.001","lastChange":"2018-06-27T10:38:52.332-06:00","category":{"@type":"Category","@id":"96edcfa7-537f-384d-9516-118e760322fc","name":"Corn Farming","categoryPath":["Crop Production"],"categoryType":"Flow"},"flowType":"PRODUCT_FLOW","infrastructureFlow":false,"location":{"@type":"Location","@id":"b320e7db-c758-3ba6-8839-81eb83c9d7d7","name":"Northern America"},"flowProperties":[{"@type":"FlowPropertyFactor","referenceFlowProperty":true,"flowProperty":{"@type":"FlowProperty","@id":"93a60a56-a3c8-11da-a746-0800200b9a66","name":"Mass","categoryPath":["Technical flow properties"]},"conversionFactor":1.0}]}