{"@context":"http://greendelta.github.io/olca-schema/context.jsonld","@type":"Flow","@id":"5346e475-e7c4-38bf-b1b7-8c23549d2081","name":"Natural gas, processed, for olefins production, at plant","version":"00.00.001","lastChange":"2018-06-27T10:38:41.476-06:00","category":{"@type":"Category","@id":"2d844973-ab7f-39e0-a411-92afa612ae3a","name":"Petrochemical Manufacturing","categoryPath":["Chemical Manufacturing"],"categoryType":"Flow"},"flowType":"PRODUCT_FLOW","infrastructureFlow":false,"location":{"@type":"Location","@id":"b320e7db-c758-3ba6-8839-81eb83c9d7d7","name":"Northern America"},"flowProperties":[{"@type":"FlowPropertyFactor","referenceFlowProperty":true,"flowProperty":{"@type":"FlowProperty","@id":"93a60a56-a3c8-11da-a746-0800200b9a66","name":"Mass","categoryPath":["Technical flow properties"]},"conversionFactor":1.0}]}