{"@context":"http://greendelta.github.io/olca-schema/context.jsonld","@type":"Flow","@id":"5ac2254e-6b60-45f5-a700-6e0b93f411c8","name":"Sulfur","version":"00.00.002","lastChange":"2018-10-05T14:32:16.060-06:00","category":{"@type":"Category","@id":"fab13f44-02b6-39d4-b75b-1fef2146c199","name":"unspecified","categoryPath":["Elementary flows","Emission to water"],"categoryType":"Flow"},"flowType":"ELEMENTARY_FLOW","cas":"007704-34-9","formula":"S","infrastructureFlow":false,"flowProperties":[{"@type":"FlowPropertyFactor","referenceFlowProperty":true,"flowProperty":{"@type":"FlowProperty","@id":"93a60a56-a3c8-11da-a746-0800200b9a66","name":"Mass","categoryPath":["Technical flow properties"]},"conversionFactor":1.0}]}