{"@context":"http://greendelta.github.io/olca-schema/context.jsonld","@type":"Flow","@id":"5f96ad43-abab-3b62-bcf8-c71f9d6c7881","name":"Petroleum refining coproduct, at refinery","version":"00.00.001","lastChange":"2018-06-27T10:38:44.724-06:00","category":{"@type":"Category","@id":"5507ff0b-5d96-3961-8d23-3448848bc59c","name":"Petroleum Refineries","categoryPath":["Petroleum and Coal Products Manufacturing"],"categoryType":"Flow"},"flowType":"PRODUCT_FLOW","infrastructureFlow":false,"location":{"@type":"Location","@id":"b320e7db-c758-3ba6-8839-81eb83c9d7d7","name":"Northern America"},"flowProperties":[{"@type":"FlowPropertyFactor","referenceFlowProperty":true,"flowProperty":{"@type":"FlowProperty","@id":"93a60a56-a3c8-11da-a746-0800200b9a66","name":"Mass","categoryPath":["Technical flow properties"]},"conversionFactor":1.0}]}