{"@context":"http://greendelta.github.io/olca-schema/context.jsonld","@type":"Flow","@id":"628c07ec-0802-39c1-ab88-1c62848ef436","name":"Transport, combination truck, diesel powered","version":"00.00.001","lastChange":"2018-06-27T10:38:48.785-06:00","category":{"@type":"Category","@id":"b449ea6d-94c3-3c5a-9f69-fe9c2b66e0a9","name":"General Freight Trucking","categoryPath":["Truck Transportation"],"categoryType":"Flow"},"flowType":"PRODUCT_FLOW","infrastructureFlow":false,"location":{"@type":"Location","@id":"b320e7db-c758-3ba6-8839-81eb83c9d7d7","name":"Northern America"},"flowProperties":[{"@type":"FlowPropertyFactor","referenceFlowProperty":true,"flowProperty":{"@type":"FlowProperty","@id":"838aaa20-0117-11db-92e3-0800200c9a66","name":"Goods transport (mass*distance)","categoryPath":["Technical flow properties"]},"conversionFactor":1.0}]}