{"@context":"http://greendelta.github.io/olca-schema/context.jsonld","@type":"Flow","@id":"63e8256f-8549-11e0-9d78-0800200c9a66","name":"Zinc","version":"00.00.002","lastChange":"2018-10-05T14:32:30.727-06:00","category":{"@type":"Category","@id":"fab13f44-02b6-39d4-b75b-1fef2146c199","name":"unspecified","categoryPath":["Elementary flows","Emission to water"],"categoryType":"Flow"},"flowType":"ELEMENTARY_FLOW","cas":"007440-66-6","formula":"Zn","infrastructureFlow":false,"flowProperties":[{"@type":"FlowPropertyFactor","referenceFlowProperty":true,"flowProperty":{"@type":"FlowProperty","@id":"93a60a56-a3c8-11da-a746-0800200b9a66","name":"Mass","categoryPath":["Technical flow properties"]},"conversionFactor":1.0}]}