{"@context":"http://greendelta.github.io/olca-schema/context.jsonld","@type":"Flow","@id":"65ef6a0a-7341-313d-a025-52a8c6d7f24b","name":"Water, cooling, well, in ground","version":"00.00.001","lastChange":"2018-06-27T10:38:49.227-06:00","category":{"@type":"Category","@id":"eb623206-79ad-3455-bf0e-489e58228a53","name":"in ground","categoryPath":["resource"],"categoryType":"Flow"},"flowType":"ELEMENTARY_FLOW","infrastructureFlow":false,"flowProperties":[{"@type":"FlowPropertyFactor","referenceFlowProperty":true,"flowProperty":{"@type":"FlowProperty","@id":"93a60a56-a3c8-11da-a746-0800200b9a66","name":"Mass","categoryPath":["Technical flow properties"]},"conversionFactor":1.0}]}