{"@context":"http://greendelta.github.io/olca-schema/context.jsonld","@type":"Flow","@id":"68b515f9-f08a-35d6-bc21-60d9e3831d49","name":"Radioactive species, Nuclides, unspecified","version":"00.00.001","lastChange":"2018-06-27T10:38:47.225-06:00","category":{"@type":"Category","@id":"ebacb70b-4c61-3e12-87b3-fbf61dff3ded","name":"unspecified","categoryPath":["water"],"categoryType":"Flow"},"flowType":"ELEMENTARY_FLOW","infrastructureFlow":false,"flowProperties":[{"@type":"FlowPropertyFactor","referenceFlowProperty":true,"flowProperty":{"@type":"FlowProperty","@id":"93a60a56-a3c8-17da-a746-0800200c9a66","name":"Radioactivity","categoryPath":["Technical flow properties"]},"conversionFactor":1.0}]}