{"@context":"http://greendelta.github.io/olca-schema/context.jsonld","@type":"Flow","@id":"80e4ff02-d959-3ec5-a5df-3ed385d7df0c","name":"Sulfur, thermochemical process","version":"00.00.001","lastChange":"2018-06-27T10:38:41.860-06:00","category":{"@type":"Category","@id":"1fbc8f99-c7f6-3766-abeb-6fadefb8f6fd","name":"Ethyl alcohol manufacturing","categoryPath":["Chemical Manufacturing"],"categoryType":"Flow"},"flowType":"PRODUCT_FLOW","infrastructureFlow":false,"location":{"@type":"Location","@id":"b320e7db-c758-3ba6-8839-81eb83c9d7d7","name":"Northern America"},"flowProperties":[{"@type":"FlowPropertyFactor","referenceFlowProperty":true,"flowProperty":{"@type":"FlowProperty","@id":"93a60a56-a3c8-11da-a746-0800200b9a66","name":"Mass","categoryPath":["Technical flow properties"]},"conversionFactor":1.0}]}