{"@context":"http://greendelta.github.io/olca-schema/context.jsonld","@type":"Flow","@id":"87883a4e-1e3e-4c9d-90c0-f1bea36f8014","name":"Ammonia","version":"00.00.002","lastChange":"2018-10-05T14:18:56.234-06:00","category":{"@type":"Category","@id":"ab90f074-157a-3c1f-a86e-e45bce523707","name":"unspecified","categoryPath":["Elementary flows","NETL Coal Elementary Flows","air"],"categoryType":"Flow"},"flowType":"ELEMENTARY_FLOW","cas":"007664-41-7","formula":"NH3","infrastructureFlow":false,"flowProperties":[{"@type":"FlowPropertyFactor","referenceFlowProperty":true,"flowProperty":{"@type":"FlowProperty","@id":"93a60a56-a3c8-11da-a746-0800200b9a66","name":"Mass","categoryPath":["Technical flow properties"]},"conversionFactor":1.0}]}