{"@context":"http://greendelta.github.io/olca-schema/context.jsonld","@type":"Flow","@id":"8850417f-b844-34b8-8f39-b373e9783d52","name":"Methylene diphenyl diisocyanate resin, at plant, CTR","version":"00.00.001","lastChange":"2018-06-27T10:38:41.625-06:00","category":{"@type":"Category","@id":"c14236d8-0010-374f-abe9-fb5abb59adb7","name":"All Other Basic Organic Chemical Manufacturing","categoryPath":["Chemical Manufacturing"],"categoryType":"Flow"},"flowType":"PRODUCT_FLOW","infrastructureFlow":false,"location":{"@type":"Location","@id":"b320e7db-c758-3ba6-8839-81eb83c9d7d7","name":"Northern America"},"flowProperties":[{"@type":"FlowPropertyFactor","referenceFlowProperty":true,"flowProperty":{"@type":"FlowProperty","@id":"93a60a56-a3c8-11da-a746-0800200b9a66","name":"Mass","categoryPath":["Technical flow properties"]},"conversionFactor":1.0}]}