{"@context":"http://greendelta.github.io/olca-schema/context.jsonld","@type":"Flow","@id":"8b23842b-adfa-3fcd-ba6c-f3ebdadba5a2","name":"Water, consumptive use, unspecified origin/m3","version":"00.00.001","lastChange":"2018-06-27T10:38:49.033-06:00","category":{"@type":"Category","@id":"c3687832-0822-312f-bd40-b7f0d6ec582c","name":"unspecified","categoryPath":["resource"],"categoryType":"Flow"},"flowType":"ELEMENTARY_FLOW","infrastructureFlow":false,"flowProperties":[{"@type":"FlowPropertyFactor","referenceFlowProperty":true,"flowProperty":{"@type":"FlowProperty","@id":"93a60a56-a3c8-22da-a746-0800200c9a66","name":"Volume","categoryPath":["Technical flow properties"]},"conversionFactor":1.0}]}