{"@context":"http://greendelta.github.io/olca-schema/context.jsonld","@type":"Flow","@id":"91feb044-e771-35a3-a81f-ac076c5f9b83","name":"Phosphorous fertilizer, production mix, at plant","version":"00.00.001","lastChange":"2018-06-27T10:38:41.878-06:00","category":{"@type":"Category","@id":"fc8ccbdc-33cd-397c-8c81-2941f73ebce7","name":"Phosphatic Fertilizer Manufacturing","categoryPath":["Chemical Manufacturing"],"categoryType":"Flow"},"flowType":"PRODUCT_FLOW","infrastructureFlow":false,"location":{"@type":"Location","@id":"b320e7db-c758-3ba6-8839-81eb83c9d7d7","name":"Northern America"},"flowProperties":[{"@type":"FlowPropertyFactor","referenceFlowProperty":true,"flowProperty":{"@type":"FlowProperty","@id":"93a60a56-a3c8-11da-a746-0800200b9a66","name":"Mass","categoryPath":["Technical flow properties"]},"conversionFactor":1.0}]}