{"@context":"http://greendelta.github.io/olca-schema/context.jsonld","@type":"Flow","@id":"9240063c-463a-3e24-9d17-d6cdf4bcb8e8","name":"Coal, unprocessed bituminous, in ground","version":"00.00.001","lastChange":"2018-06-27T10:38:48.986-06:00","category":{"@type":"Category","@id":"c3687832-0822-312f-bd40-b7f0d6ec582c","name":"unspecified","categoryPath":["resource"],"categoryType":"Flow"},"flowType":"ELEMENTARY_FLOW","infrastructureFlow":false,"flowProperties":[{"@type":"FlowPropertyFactor","referenceFlowProperty":true,"flowProperty":{"@type":"FlowProperty","@id":"93a60a56-a3c8-11da-a746-0800200b9a66","name":"Mass","categoryPath":["Technical flow properties"]},"conversionFactor":1.0}]}