{"@context":"http://greendelta.github.io/olca-schema/context.jsonld","@type":"Flow","@id":"a0be6f53-3549-368c-9ae0-62795d922fa7","name":"Energy, from coal","version":"00.00.001","lastChange":"2018-06-27T10:38:49.221-06:00","category":{"@type":"Category","@id":"eb623206-79ad-3455-bf0e-489e58228a53","name":"in ground","categoryPath":["resource"],"categoryType":"Flow"},"flowType":"ELEMENTARY_FLOW","infrastructureFlow":false,"flowProperties":[{"@type":"FlowPropertyFactor","referenceFlowProperty":true,"flowProperty":{"@type":"FlowProperty","@id":"f6811440-ee37-11de-8a39-0800200c9a66","name":"Energy","categoryPath":["Technical flow properties"]},"conversionFactor":1.0}]}