{"@context":"http://greendelta.github.io/olca-schema/context.jsonld","@type":"Flow","@id":"a5bc9414-9680-3334-a74a-7e833f576ed9","name":"Wheat straw, at conversion plant, 2022","version":"00.00.001","lastChange":"2018-06-27T10:38:52.390-06:00","category":{"@type":"Category","@id":"4d453c59-4b34-3c87-b990-d2d5cdd96c88","name":"Wheat Farming","categoryPath":["Crop Production"],"categoryType":"Flow"},"flowType":"PRODUCT_FLOW","infrastructureFlow":false,"location":{"@type":"Location","@id":"b320e7db-c758-3ba6-8839-81eb83c9d7d7","name":"Northern America"},"flowProperties":[{"@type":"FlowPropertyFactor","referenceFlowProperty":true,"flowProperty":{"@type":"FlowProperty","@id":"93a60a56-a3c8-11da-a746-0800200b9a66","name":"Mass","categoryPath":["Technical flow properties"]},"conversionFactor":1.0}]}