{"@context":"http://greendelta.github.io/olca-schema/context.jsonld","@type":"Flow","@id":"b70528a4-85c8-3da6-9e86-d6399c94a9b8","name":"CUTOFF Treatment,maize starch production effluent,to wastewater treatment,class2","version":"00.00.001","lastChange":"2018-06-27T10:38:43.930-06:00","category":{"@type":"Category","@id":"cd373184-7704-30cf-8fff-c8458124f291","name":"CUTOFF Flows","categoryType":"Flow"},"flowType":"PRODUCT_FLOW","infrastructureFlow":false,"location":{"@type":"Location","@id":"b320e7db-c758-3ba6-8839-81eb83c9d7d7","name":"Northern America"},"flowProperties":[{"@type":"FlowPropertyFactor","referenceFlowProperty":true,"flowProperty":{"@type":"FlowProperty","@id":"93a60a56-a3c8-22da-a746-0800200c9a66","name":"Volume","categoryPath":["Technical flow properties"]},"conversionFactor":1.0}]}