{"@context":"http://greendelta.github.io/olca-schema/context.jsonld","@type":"Flow","@id":"c34b0387-3e0e-3443-aa95-da82f0bdca12","name":"Methane, biogenic","version":"00.00.001","lastChange":"2018-06-27T10:38:42.666-06:00","category":{"@type":"Category","@id":"f318fa60-bae9-361f-ad5a-5066a0e2a9d1","name":"Elementary flows","categoryType":"Flow"},"flowType":"ELEMENTARY_FLOW","infrastructureFlow":false,"flowProperties":[{"@type":"FlowPropertyFactor","referenceFlowProperty":true,"flowProperty":{"@type":"FlowProperty","@id":"93a60a56-a3c8-11da-a746-0800200b9a66","name":"Mass","categoryPath":["Technical flow properties"]},"conversionFactor":1.0}]}