{"@context":"http://greendelta.github.io/olca-schema/context.jsonld","@type":"Flow","@id":"d4967b55-4a7c-41a4-94dd-841a0870611c","name":"Dimethyl sulfate","version":"00.00.001","lastChange":"2018-08-06T17:20:53.183-06:00","category":{"@type":"Category","@id":"52d41f57-0e7d-35cf-b4ea-7c9d6c2f9c28","name":"low population density","categoryPath":["Elementary flows","Emission to air"],"categoryType":"Flow"},"flowType":"ELEMENTARY_FLOW","cas":"000077-78-1","formula":"C2H6O4S","synonyms":"Dimethyl sulphate; Sulfuric acid, dimethyl ester; Dimethyl monosulfate; Dimethylsulfate ","infrastructureFlow":false,"flowProperties":[{"@type":"FlowPropertyFactor","referenceFlowProperty":true,"flowProperty":{"@type":"FlowProperty","@id":"93a60a56-a3c8-11da-a746-0800200b9a66","name":"Mass","categoryPath":["Technical flow properties"]},"conversionFactor":1.0}]}