{"@context":"http://greendelta.github.io/olca-schema/context.jsonld","@type":"Flow","@id":"d818c190-7b73-33b1-b0d4-9f4339e3b117","name":"Enzyme, Glucoamylase, Novozyme Spirizyme","version":"00.00.001","lastChange":"2018-06-27T10:38:41.658-06:00","category":{"@type":"Category","@id":"c14236d8-0010-374f-abe9-fb5abb59adb7","name":"All Other Basic Organic Chemical Manufacturing","categoryPath":["Chemical Manufacturing"],"categoryType":"Flow"},"flowType":"PRODUCT_FLOW","infrastructureFlow":false,"location":{"@type":"Location","@id":"d66c264e-1dbd-33e6-911d-3ffc70908e8e","name":"Europe"},"flowProperties":[{"@type":"FlowPropertyFactor","referenceFlowProperty":true,"flowProperty":{"@type":"FlowProperty","@id":"93a60a56-a3c8-11da-a746-0800200b9a66","name":"Mass","categoryPath":["Technical flow properties"]},"conversionFactor":1.0}]}