{"@context":"http://greendelta.github.io/olca-schema/context.jsonld","@type":"Flow","@id":"db2c1447-2d40-3fa4-83b2-fe2753bbbf6a","name":"Switchgrass, ground and stored, 2022","version":"00.00.001","lastChange":"2018-06-27T10:38:52.416-06:00","category":{"@type":"Category","@id":"700b9b04-f8d7-32b1-bb7e-9a7a2ec4893b","name":"Unspecified","categoryPath":["Crop Production"],"categoryType":"Flow"},"flowType":"PRODUCT_FLOW","infrastructureFlow":false,"location":{"@type":"Location","@id":"b320e7db-c758-3ba6-8839-81eb83c9d7d7","name":"Northern America"},"flowProperties":[{"@type":"FlowPropertyFactor","referenceFlowProperty":true,"flowProperty":{"@type":"FlowProperty","@id":"93a60a56-a3c8-11da-a746-0800200b9a66","name":"Mass","categoryPath":["Technical flow properties"]},"conversionFactor":1.0}]}