{"@context":"http://greendelta.github.io/olca-schema/context.jsonld","@type":"Flow","@id":"e42f7027-df85-352b-9eac-ae48dbd7b141","name":"CUTOFF Thermochemical Conversion Plant","version":"00.00.001","lastChange":"2018-06-27T10:38:43.959-06:00","category":{"@type":"Category","@id":"cd373184-7704-30cf-8fff-c8458124f291","name":"CUTOFF Flows","categoryType":"Flow"},"flowType":"PRODUCT_FLOW","infrastructureFlow":true,"location":{"@type":"Location","@id":"b320e7db-c758-3ba6-8839-81eb83c9d7d7","name":"Northern America"},"flowProperties":[{"@type":"FlowPropertyFactor","referenceFlowProperty":true,"flowProperty":{"@type":"FlowProperty","@id":"01846770-4cfe-4a25-8ad9-919d8d378345","name":"Number of items","categoryPath":["Technical flow properties"]},"conversionFactor":1.0}]}