{"@context":"http://greendelta.github.io/olca-schema/context.jsonld","@type":"Flow","@id":"e7446857-a38a-3f26-a42b-0a8053a9a2ad","name":"Gas, natural, in ground ","version":"00.00.001","lastChange":"2018-06-27T10:38:49.006-06:00","category":{"@type":"Category","@id":"c3687832-0822-312f-bd40-b7f0d6ec582c","name":"unspecified","categoryPath":["resource"],"categoryType":"Flow"},"flowType":"ELEMENTARY_FLOW","infrastructureFlow":false,"flowProperties":[{"@type":"FlowPropertyFactor","referenceFlowProperty":true,"flowProperty":{"@type":"FlowProperty","@id":"93a60a56-a3c8-22da-a746-0800200c9a66","name":"Volume","categoryPath":["Technical flow properties"]},"conversionFactor":1.0}]}