{"@context":"http://greendelta.github.io/olca-schema/context.jsonld","@type":"Flow","@id":"e76b9e39-7437-3612-98bc-6940592ebf2a","name":"Combustion, wet wood residue, AP-42","version":"00.00.001","lastChange":"2018-06-27T10:38:43.050-06:00","category":{"@type":"Category","@id":"29759837-a2eb-38fe-a8c2-a02d65c26513","name":"Other Electric Power Generation","categoryPath":["Utilities"],"categoryType":"Flow"},"flowType":"PRODUCT_FLOW","infrastructureFlow":false,"location":{"@type":"Location","@id":"b320e7db-c758-3ba6-8839-81eb83c9d7d7","name":"Northern America"},"flowProperties":[{"@type":"FlowPropertyFactor","referenceFlowProperty":true,"flowProperty":{"@type":"FlowProperty","@id":"f6811440-ee37-11de-8a39-0800200c9a66","name":"Energy","categoryPath":["Technical flow properties"]},"conversionFactor":1.0}]}