{"@context":"http://greendelta.github.io/olca-schema/context.jsonld","@type":"Flow","@id":"e956d205-4219-3792-992c-2c71d793b1b1","name":"Water, cooling, unspecified natural origin/kg","version":"00.00.001","lastChange":"2018-06-27T10:38:49.011-06:00","category":{"@type":"Category","@id":"c3687832-0822-312f-bd40-b7f0d6ec582c","name":"unspecified","categoryPath":["resource"],"categoryType":"Flow"},"flowType":"ELEMENTARY_FLOW","infrastructureFlow":false,"flowProperties":[{"@type":"FlowPropertyFactor","referenceFlowProperty":true,"flowProperty":{"@type":"FlowProperty","@id":"93a60a56-a3c8-11da-a746-0800200b9a66","name":"Mass","categoryPath":["Technical flow properties"]},"conversionFactor":1.0}]}