{"@context":"http://greendelta.github.io/olca-schema/context.jsonld","@type":"Flow","@id":"eb6394c1-0d19-3be3-99ab-ec572dec9926","name":"Lignite coal, combusted in industrial boiler","version":"00.00.001","lastChange":"2018-06-27T10:38:42.931-06:00","category":{"@type":"Category","@id":"5d5f43e7-a2a2-3659-bd5c-860e02e96628","name":"Steam and Air-Conditioning Supply","categoryPath":["Utilities"],"categoryType":"Flow"},"flowType":"PRODUCT_FLOW","infrastructureFlow":false,"location":{"@type":"Location","@id":"b320e7db-c758-3ba6-8839-81eb83c9d7d7","name":"Northern America"},"flowProperties":[{"@type":"FlowPropertyFactor","referenceFlowProperty":true,"flowProperty":{"@type":"FlowProperty","@id":"93a60a56-a3c8-11da-a746-0800200b9a66","name":"Mass","categoryPath":["Technical flow properties"]},"conversionFactor":1.0}]}