{"@context":"http://greendelta.github.io/olca-schema/context.jsonld","@type":"Flow","@id":"f5a4155f-114c-3801-8d37-23c987ad4276","name":"Recovered energy, for Polyethylene, high density, resin, at plant, CTR","version":"00.00.001","lastChange":"2018-06-27T10:38:41.698-06:00","category":{"@type":"Category","@id":"c14236d8-0010-374f-abe9-fb5abb59adb7","name":"All Other Basic Organic Chemical Manufacturing","categoryPath":["Chemical Manufacturing"],"categoryType":"Flow"},"flowType":"PRODUCT_FLOW","infrastructureFlow":false,"location":{"@type":"Location","@id":"b320e7db-c758-3ba6-8839-81eb83c9d7d7","name":"Northern America"},"flowProperties":[{"@type":"FlowPropertyFactor","referenceFlowProperty":true,"flowProperty":{"@type":"FlowProperty","@id":"f6811440-ee37-11de-8a39-0800200c9a66","name":"Energy","categoryPath":["Technical flow properties"]},"conversionFactor":1.0}]}