{"@context":"http://greendelta.github.io/olca-schema/context.jsonld","@type":"Flow","@id":"f77da622-e84d-3639-8917-fcf792aaee13","name":"Liquefied petroleum gas, combusted in industrial boiler","version":"00.00.001","lastChange":"2018-06-27T10:38:42.920-06:00","category":{"@type":"Category","@id":"5d5f43e7-a2a2-3659-bd5c-860e02e96628","name":"Steam and Air-Conditioning Supply","categoryPath":["Utilities"],"categoryType":"Flow"},"flowType":"PRODUCT_FLOW","infrastructureFlow":false,"location":{"@type":"Location","@id":"b320e7db-c758-3ba6-8839-81eb83c9d7d7","name":"Northern America"},"flowProperties":[{"@type":"FlowPropertyFactor","referenceFlowProperty":true,"flowProperty":{"@type":"FlowProperty","@id":"93a60a56-a3c8-22da-a746-0800200c9a66","name":"Volume","categoryPath":["Technical flow properties"]},"conversionFactor":1.0}]}