<?xml version="1.0" encoding="UTF-8" standalone="yes"?>
<processDataSet xmlns:m="http://lca.jrc.it/ILCD/LCIAMethod" xmlns:common="http://lca.jrc.it/ILCD/Common" xmlns:s="http://lca.jrc.it/ILCD/Source" xmlns:c="http://lca.jrc.it/ILCD/Contact" xmlns:f="http://lca.jrc.it/ILCD/Flow" xmlns="http://lca.jrc.it/ILCD/Process" xmlns:fp="http://lca.jrc.it/ILCD/FlowProperty" xmlns:u="http://lca.jrc.it/ILCD/UnitGroup" version="1.1">
    <processInformation>
        <dataSetInformation>
            <common:UUID>0898854c-e38f-3d23-880f-f8da7d65ca0c</common:UUID>
            <name>
                <baseName xml:lang="en">Ethanol, denatured, switchgrass, biochemical</baseName>
            </name>
            <classificationInformation>
                <common:classification>
                    <common:class level="0" classId="aace7bf8-a0e3-3515-8b6c-2c4211ad420b">Chemical Manufacturing</common:class>
                    <common:class level="1" classId="eb295789-0d26-32c1-96f4-c7866c140019">Ethyl alcohol manufacturing</common:class>
                </common:classification>
            </classificationInformation>
        </dataSetInformation>
        <quantitativeReference type="Reference flow(s)">
            <referenceToReferenceFlow>1</referenceToReferenceFlow>
        </quantitativeReference>
        <time xmlns:olca="http://openlca.org/ilcd-extensions" olca:startDate="1230706800000" olca:endDate="1230706800000">
            <common:referenceYear>2008</common:referenceYear>
            <common:dataSetValidUntil>2008</common:dataSetValidUntil>
            <common:timeRepresentativenessDescription xml:lang="en">2009</common:timeRepresentativenessDescription>
        </time>
        <geography>
            <locationOfOperationSupplyOrProduction location="RNA" latitudeAndLongitude="58.71;-91.96">
                <descriptionOfRestrictions xml:lang="en">North America</descriptionOfRestrictions>
            </locationOfOperationSupplyOrProduction>
        </geography>
        <technology>
            <technologyDescriptionAndIncludedProcesses xml:lang="en">modern</technologyDescriptionAndIncludedProcesses>
        </technology>
    </processInformation>
    <modellingAndValidation>
        <LCIMethodAndAllocation>
            <typeOfDataSet>Unit process, black box</typeOfDataSet>
            <LCIMethodPrinciple>Other</LCIMethodPrinciple>
        </LCIMethodAndAllocation>
        <dataSourcesTreatmentAndRepresentativeness>
            <deviationsFromCutOffAndCompletenessPrinciples xml:lang="en">None.</deviationsFromCutOffAndCompletenessPrinciples>
            <deviationsFromSelectionAndCombinationPrinciples xml:lang="en">None.</deviationsFromSelectionAndCombinationPrinciples>
            <referenceToDataSource type="source data set" refObjectId="5e8e63da-4488-3b1d-98fb-446078a7cfac" version="01.00.000" uri="../sources/5e8e63da-4488-3b1d-98fb-446078a7cfac">
                <common:shortDescription xml:lang="en">Hess, J. </common:shortDescription>
            </referenceToDataSource>
            <referenceToDataSource type="source data set" refObjectId="a1d1d73e-7d93-3a6b-a3bc-3b2f4f025b86" version="01.00.000" uri="../sources/a1d1d73e-7d93-3a6b-a3bc-3b2f4f025b86">
                <common:shortDescription xml:lang="en">Hsu, D. </common:shortDescription>
            </referenceToDataSource>
        </dataSourcesTreatmentAndRepresentativeness>
    </modellingAndValidation>
    <administrativeInformation>
        <dataGenerator>
            <common:referenceToPersonOrEntityGeneratingTheDataSet type="contact data set" refObjectId="04ed125f-ffa7-33b1-af24-77f5bdb21a05" version="01.00.000" uri="../contacts/04ed125f-ffa7-33b1-af24-77f5bdb21a05">
                <common:shortDescription xml:lang="en">Daniel Inman</common:shortDescription>
            </common:referenceToPersonOrEntityGeneratingTheDataSet>
        </dataGenerator>
        <dataEntryBy>
            <common:timeStamp>2019-07-24T12:10:29.508-06:00</common:timeStamp>
            <common:referenceToDataSetFormat type="source data set" refObjectId="a97a0155-0234-4b87-b4ce-a45da52f2a40" version="01.01.000" uri="../sources/a97a0155-0234-4b87-b4ce-a45da52f2a40_01.01.000.xml">
                <common:shortDescription xml:lang="en">ILCD format</common:shortDescription>
            </common:referenceToDataSetFormat>
            <common:referenceToPersonOrEntityEnteringTheData type="contact data set" refObjectId="04ed125f-ffa7-33b1-af24-77f5bdb21a05" version="01.00.000" uri="../contacts/04ed125f-ffa7-33b1-af24-77f5bdb21a05">
                <common:shortDescription xml:lang="en">Daniel Inman</common:shortDescription>
            </common:referenceToPersonOrEntityEnteringTheData>
        </dataEntryBy>
        <publicationAndOwnership>
            <common:dateOfLastRevision>2018-06-27T10:38:44.924-06:00</common:dateOfLastRevision>
            <common:dataSetVersion>00.00.001</common:dataSetVersion>
            <common:referenceToUnchangedRepublication type="source data set" refObjectId="a1d1d73e-7d93-3a6b-a3bc-3b2f4f025b86" version="01.00.000" uri="../sources/a1d1d73e-7d93-3a6b-a3bc-3b2f4f025b86">
                <common:shortDescription xml:lang="en">Hsu, D. </common:shortDescription>
            </common:referenceToUnchangedRepublication>
            <common:copyright>false</common:copyright>
            <common:accessRestrictions xml:lang="en">All information can be accessed by everybody.</common:accessRestrictions>
        </publicationAndOwnership>
    </administrativeInformation>
    <exchanges>
        <exchange xmlns:olca="http://openlca.org/ilcd-extensions" dataSetInternalID="1" olca:unitId="20aadc24-a391-41cf-b340-3e4529f44bde" olca:propertyId="93a60a56-a3c8-11da-a746-0800200b9a66" olca:amount="26100.0">
            <referenceToFlowDataSet type="flow data set" refObjectId="005db14f-6fc8-32d3-95a6-c7b8b8d30fb1" version="01.00.000" uri="../flows/005db14f-6fc8-32d3-95a6-c7b8b8d30fb1">
                <common:shortDescription xml:lang="en">Ethanol, denatured, switchgrass, biochemical</common:shortDescription>
            </referenceToFlowDataSet>
            <exchangeDirection>Output</exchangeDirection>
            <meanAmount>26100.0</meanAmount>
            <resultingAmount>26100.0</resultingAmount>
        </exchange>
        <exchange xmlns:olca="http://openlca.org/ilcd-extensions" dataSetInternalID="23" olca:unitId="1c3a9695-398d-4b1f-b07e-a8715b610f70" olca:propertyId="93a60a56-a3c8-22da-a746-0800200c9a66" olca:amount="464.0">
            <referenceToFlowDataSet type="flow data set" refObjectId="0e44e579-abb0-3c77-af64-c774d65be529" version="01.00.000" uri="../flows/0e44e579-abb0-3c77-af64-c774d65be529">
                <common:shortDescription xml:lang="en">Gasoline, at refinery</common:shortDescription>
            </referenceToFlowDataSet>
            <exchangeDirection>Input</exchangeDirection>
            <meanAmount>464.0</meanAmount>
            <resultingAmount>464.0</resultingAmount>
            <generalComment xml:lang="en">About a 0.6% impurity content in product stream (water, CO2, alcohols)</generalComment>
        </exchange>
        <exchange xmlns:olca="http://openlca.org/ilcd-extensions" dataSetInternalID="28" olca:unitId="20aadc24-a391-41cf-b340-3e4529f44bde" olca:propertyId="93a60a56-a3c8-11da-a746-0800200b9a66" olca:amount="163.0">
            <referenceToFlowDataSet type="flow data set" refObjectId="91feb044-e771-35a3-a81f-ac076c5f9b83" version="01.00.000" uri="../flows/91feb044-e771-35a3-a81f-ac076c5f9b83">
                <common:shortDescription xml:lang="en">Phosphorous fertilizer, production mix, at plant</common:shortDescription>
            </referenceToFlowDataSet>
            <exchangeDirection>Input</exchangeDirection>
            <meanAmount>163.0</meanAmount>
            <resultingAmount>163.0</resultingAmount>
            <generalComment xml:lang="en">proxy:  Diammonium phosphate, as N, at regional storehouse/RER with US electricity U</generalComment>
        </exchange>
        <exchange xmlns:olca="http://openlca.org/ilcd-extensions" dataSetInternalID="22" olca:unitId="20aadc24-a391-41cf-b340-3e4529f44bde" olca:propertyId="93a60a56-a3c8-11da-a746-0800200b9a66" olca:amount="1.55">
            <referenceToFlowDataSet type="flow data set" refObjectId="2b9ae257-21ec-371b-b2d7-6a9924c84d15" version="01.00.000" uri="../flows/2b9ae257-21ec-371b-b2d7-6a9924c84d15">
                <common:shortDescription xml:lang="en">Sulfuric acid</common:shortDescription>
            </referenceToFlowDataSet>
            <exchangeDirection>Output</exchangeDirection>
            <meanAmount>1.55</meanAmount>
            <resultingAmount>1.55</resultingAmount>
        </exchange>
        <exchange xmlns:olca="http://openlca.org/ilcd-extensions" dataSetInternalID="13" olca:unitId="20aadc24-a391-41cf-b340-3e4529f44bde" olca:propertyId="93a60a56-a3c8-11da-a746-0800200b9a66" olca:amount="4.15">
            <referenceToFlowDataSet type="flow data set" refObjectId="c34b0387-3e0e-3443-aa95-da82f0bdca12" version="01.00.000" uri="../flows/c34b0387-3e0e-3443-aa95-da82f0bdca12">
                <common:shortDescription xml:lang="en">Methane, biogenic</common:shortDescription>
            </referenceToFlowDataSet>
            <exchangeDirection>Output</exchangeDirection>
            <meanAmount>4.15</meanAmount>
            <resultingAmount>4.15</resultingAmount>
            <generalComment xml:lang="en">calculated based on regression fit of several aspen sensitivity runs.</generalComment>
        </exchange>
        <exchange xmlns:olca="http://openlca.org/ilcd-extensions" dataSetInternalID="18" olca:unitId="20aadc24-a391-41cf-b340-3e4529f44bde" olca:propertyId="93a60a56-a3c8-11da-a746-0800200b9a66" olca:amount="100.0">
            <referenceToFlowDataSet type="flow data set" refObjectId="fd7aa71c-508c-480d-81a6-8052aad92646" version="01.00.000" uri="../flows/fd7aa71c-508c-480d-81a6-8052aad92646">
                <common:shortDescription xml:lang="en">Sulfur dioxide</common:shortDescription>
            </referenceToFlowDataSet>
            <exchangeDirection>Output</exchangeDirection>
            <meanAmount>100.0</meanAmount>
            <resultingAmount>100.0</resultingAmount>
        </exchange>
        <exchange xmlns:olca="http://openlca.org/ilcd-extensions" dataSetInternalID="17" olca:unitId="20aadc24-a391-41cf-b340-3e4529f44bde" olca:propertyId="93a60a56-a3c8-11da-a746-0800200b9a66" olca:amount="16.5">
            <referenceToFlowDataSet type="flow data set" refObjectId="59148850-0a4e-3cbc-8d76-ba1a74f0f0aa" version="01.00.000" uri="../flows/59148850-0a4e-3cbc-8d76-ba1a74f0f0aa">
                <common:shortDescription xml:lang="en">Lactic acid, methyl ester</common:shortDescription>
            </referenceToFlowDataSet>
            <exchangeDirection>Output</exchangeDirection>
            <meanAmount>16.5</meanAmount>
            <resultingAmount>16.5</resultingAmount>
            <generalComment xml:lang="en">lactic acid. calculated based on regression fit of several aspen sensitivity runs.</generalComment>
        </exchange>
        <exchange xmlns:olca="http://openlca.org/ilcd-extensions" dataSetInternalID="2" olca:unitId="20aadc24-a391-41cf-b340-3e4529f44bde" olca:propertyId="93a60a56-a3c8-11da-a746-0800200b9a66" olca:amount="0.333">
            <referenceToFlowDataSet type="flow data set" refObjectId="57ce615d-ee8c-3c8d-8693-356b330f8445" version="01.00.000" uri="../flows/57ce615d-ee8c-3c8d-8693-356b330f8445">
                <common:shortDescription xml:lang="en">CUTOFF Sulphite, at plant</common:shortDescription>
            </referenceToFlowDataSet>
            <exchangeDirection>Input</exchangeDirection>
            <meanAmount>0.333</meanAmount>
            <resultingAmount>0.333</resultingAmount>
            <generalComment xml:lang="en">boiler chemicals http://www.accepta.com/water_treatment_chemicals/boiler-water-treatment.asp</generalComment>
        </exchange>
        <exchange xmlns:olca="http://openlca.org/ilcd-extensions" dataSetInternalID="4" olca:unitId="20aadc24-a391-41cf-b340-3e4529f44bde" olca:propertyId="93a60a56-a3c8-11da-a746-0800200b9a66" olca:amount="93100.0">
            <referenceToFlowDataSet type="flow data set" refObjectId="71b0c9e8-35a3-37f1-b606-7539a9eaea99" version="01.00.000" uri="../flows/71b0c9e8-35a3-37f1-b606-7539a9eaea99">
                <common:shortDescription xml:lang="en">Carbon dioxide, biogenic</common:shortDescription>
            </referenceToFlowDataSet>
            <exchangeDirection>Output</exchangeDirection>
            <meanAmount>93100.0</meanAmount>
            <resultingAmount>93100.0</resultingAmount>
            <generalComment xml:lang="en">calculated based on regression fit of several aspen sensitivity runs.</generalComment>
        </exchange>
        <exchange xmlns:olca="http://openlca.org/ilcd-extensions" dataSetInternalID="12" olca:unitId="20aadc24-a391-41cf-b340-3e4529f44bde" olca:propertyId="93a60a56-a3c8-11da-a746-0800200b9a66" olca:amount="108.0">
            <referenceToFlowDataSet type="flow data set" refObjectId="b1f8e9bc-873c-39fe-8655-553d0e0146a6" version="01.00.000" uri="../flows/b1f8e9bc-873c-39fe-8655-553d0e0146a6">
                <common:shortDescription xml:lang="en">Acetic acid</common:shortDescription>
            </referenceToFlowDataSet>
            <exchangeDirection>Output</exchangeDirection>
            <meanAmount>108.0</meanAmount>
            <resultingAmount>108.0</resultingAmount>
            <generalComment xml:lang="en">calculated based on regression fit of several aspen sensitivity runs.</generalComment>
        </exchange>
        <exchange xmlns:olca="http://openlca.org/ilcd-extensions" dataSetInternalID="10" olca:unitId="20aadc24-a391-41cf-b340-3e4529f44bde" olca:propertyId="93a60a56-a3c8-11da-a746-0800200b9a66" olca:amount="239000.0">
            <referenceToFlowDataSet type="flow data set" refObjectId="ed544201-b6df-3d3e-babf-47f018ca2637" version="01.00.000" uri="../flows/ed544201-b6df-3d3e-babf-47f018ca2637">
                <common:shortDescription xml:lang="en">Water</common:shortDescription>
            </referenceToFlowDataSet>
            <exchangeDirection>Output</exchangeDirection>
            <meanAmount>239000.0</meanAmount>
            <resultingAmount>239000.0</resultingAmount>
            <generalComment xml:lang="en">calculated based on regression fit of several aspen sensitivity runs.</generalComment>
        </exchange>
        <exchange xmlns:olca="http://openlca.org/ilcd-extensions" dataSetInternalID="27" olca:unitId="20aadc24-a391-41cf-b340-3e4529f44bde" olca:propertyId="93a60a56-a3c8-11da-a746-0800200b9a66" olca:amount="64.6">
            <referenceToFlowDataSet type="flow data set" refObjectId="65c20b8e-6d3e-3c11-bbb1-824471e32211" version="01.00.000" uri="../flows/65c20b8e-6d3e-3c11-bbb1-824471e32211">
                <common:shortDescription xml:lang="en">Carbon monoxide, biogenic</common:shortDescription>
            </referenceToFlowDataSet>
            <exchangeDirection>Output</exchangeDirection>
            <meanAmount>64.6</meanAmount>
            <resultingAmount>64.6</resultingAmount>
            <generalComment xml:lang="en">calculated based on regression fit of several aspen sensitivity runs.</generalComment>
        </exchange>
        <exchange xmlns:olca="http://openlca.org/ilcd-extensions" dataSetInternalID="25" olca:unitId="20aadc24-a391-41cf-b340-3e4529f44bde" olca:propertyId="93a60a56-a3c8-11da-a746-0800200b9a66" olca:amount="0.333">
            <referenceToFlowDataSet type="flow data set" refObjectId="9b19c6cf-a967-3132-bfd5-45d394feb0f5" version="01.00.000" uri="../flows/9b19c6cf-a967-3132-bfd5-45d394feb0f5">
                <common:shortDescription xml:lang="en">CUTOFF Hydrochloric acid, 30% in H2O, at plant</common:shortDescription>
            </referenceToFlowDataSet>
            <exchangeDirection>Input</exchangeDirection>
            <meanAmount>0.333</meanAmount>
            <resultingAmount>0.333</resultingAmount>
            <generalComment xml:lang="en">boiler chemicals http://www.accepta.com/water_treatment_chemicals/boiler-water-treatment.asp</generalComment>
        </exchange>
        <exchange xmlns:olca="http://openlca.org/ilcd-extensions" dataSetInternalID="34" olca:unitId="20aadc24-a391-41cf-b340-3e4529f44bde" olca:propertyId="93a60a56-a3c8-11da-a746-0800200b9a66" olca:amount="6240.0">
            <referenceToFlowDataSet type="flow data set" refObjectId="b15b4f72-fc9c-3a44-8cf9-db4f3aed810b" version="01.00.000" uri="../flows/b15b4f72-fc9c-3a44-8cf9-db4f3aed810b">
                <common:shortDescription xml:lang="en">Water, process, unspecified natural origin/kg</common:shortDescription>
            </referenceToFlowDataSet>
            <exchangeDirection>Input</exchangeDirection>
            <meanAmount>6240.0</meanAmount>
            <resultingAmount>6240.0</resultingAmount>
            <generalComment xml:lang="en">Water brought in with enzyme stream. calculated based on regression fit of several aspen sensitivity runs.</generalComment>
        </exchange>
        <exchange xmlns:olca="http://openlca.org/ilcd-extensions" dataSetInternalID="29" olca:unitId="20aadc24-a391-41cf-b340-3e4529f44bde" olca:propertyId="93a60a56-a3c8-11da-a746-0800200b9a66" olca:amount="1420.0">
            <referenceToFlowDataSet type="flow data set" refObjectId="c746fcf6-c553-3f40-9445-6f0b14a727de" version="01.00.000" uri="../flows/c746fcf6-c553-3f40-9445-6f0b14a727de">
                <common:shortDescription xml:lang="en">Organic substances, unspecified</common:shortDescription>
            </referenceToFlowDataSet>
            <exchangeDirection>Output</exchangeDirection>
            <meanAmount>1420.0</meanAmount>
            <resultingAmount>1420.0</resultingAmount>
            <generalComment xml:lang="en">furfural, glyceral, sccacid, csl, xylose, solslds, lgnsol, HMF, arabanose, galactose, glucoolig, cellob, xylolig, extract, protein. calculated based on regression fit of several aspen sensitivity runs.</generalComment>
        </exchange>
        <exchange xmlns:olca="http://openlca.org/ilcd-extensions" dataSetInternalID="32" olca:unitId="20aadc24-a391-41cf-b340-3e4529f44bde" olca:propertyId="93a60a56-a3c8-11da-a746-0800200b9a66" olca:amount="1.9">
            <referenceToFlowDataSet type="flow data set" refObjectId="91f5f6a2-c435-36ba-9adf-64512fcff252" version="01.00.000" uri="../flows/91f5f6a2-c435-36ba-9adf-64512fcff252">
                <common:shortDescription xml:lang="en">CUTOFF Chemicals inorganic, at plant</common:shortDescription>
            </referenceToFlowDataSet>
            <exchangeDirection>Input</exchangeDirection>
            <meanAmount>1.9</meanAmount>
            <resultingAmount>1.9</resultingAmount>
            <generalComment xml:lang="en">cooling tower chemicals. assumed all were inorganic.</generalComment>
        </exchange>
        <exchange xmlns:olca="http://openlca.org/ilcd-extensions" dataSetInternalID="33" olca:unitId="20aadc24-a391-41cf-b340-3e4529f44bde" olca:propertyId="93a60a56-a3c8-11da-a746-0800200b9a66" olca:amount="567.0">
            <referenceToFlowDataSet type="flow data set" refObjectId="644ee222-fe19-3f61-a4ed-5258d34ff2eb" version="01.00.000" uri="../flows/644ee222-fe19-3f61-a4ed-5258d34ff2eb">
                <common:shortDescription xml:lang="en">Enzyme, Cellulase, Novozyme Celluclast</common:shortDescription>
            </referenceToFlowDataSet>
            <exchangeDirection>Input</exchangeDirection>
            <meanAmount>567.0</meanAmount>
            <resultingAmount>567.0</resultingAmount>
            <generalComment xml:lang="en">calculated based on regression fit of several aspen sensitivity runs.</generalComment>
        </exchange>
        <exchange xmlns:olca="http://openlca.org/ilcd-extensions" dataSetInternalID="19" olca:unitId="20aadc24-a391-41cf-b340-3e4529f44bde" olca:propertyId="93a60a56-a3c8-11da-a746-0800200b9a66" olca:amount="2440.0">
            <referenceToFlowDataSet type="flow data set" refObjectId="c34c4451-297f-3b5c-a15f-2c16cdb52ad9" version="01.00.000" uri="../flows/c34c4451-297f-3b5c-a15f-2c16cdb52ad9">
                <common:shortDescription xml:lang="en">Quicklime, at plant</common:shortDescription>
            </referenceToFlowDataSet>
            <exchangeDirection>Input</exchangeDirection>
            <meanAmount>2440.0</meanAmount>
            <resultingAmount>2440.0</resultingAmount>
            <generalComment xml:lang="en">proxy:  Lime, hydrated, packed, at plant/CH with US electricity U</generalComment>
        </exchange>
        <exchange xmlns:olca="http://openlca.org/ilcd-extensions" dataSetInternalID="3" olca:unitId="52765a6c-3896-43c2-b2f4-c679acf13efe" olca:propertyId="f6811440-ee37-11de-8a39-0800200c9a66" olca:amount="616000.0">
            <referenceToFlowDataSet type="flow data set" refObjectId="e76b9e39-7437-3612-98bc-6940592ebf2a" version="01.00.000" uri="../flows/e76b9e39-7437-3612-98bc-6940592ebf2a">
                <common:shortDescription xml:lang="en">Combustion, wet wood residue, AP-42</common:shortDescription>
            </referenceToFlowDataSet>
            <exchangeDirection>Input</exchangeDirection>
            <meanAmount>616000.0</meanAmount>
            <resultingAmount>616000.0</resultingAmount>
            <generalComment xml:lang="en">HHV is from GREET for corn stover. From http://www1.eere.energy.gov/biomass/docs/energy_analysis.ppt#346,8,Feedstock Potential, 37% of feed energy is in non-ethanol producing reactants.</generalComment>
        </exchange>
        <exchange xmlns:olca="http://openlca.org/ilcd-extensions" dataSetInternalID="11" olca:unitId="20aadc24-a391-41cf-b340-3e4529f44bde" olca:propertyId="93a60a56-a3c8-11da-a746-0800200b9a66" olca:amount="147.0">
            <referenceToFlowDataSet type="flow data set" refObjectId="63d6df3a-e217-3c11-b8b9-b7ed7cd184d0" version="01.00.000" uri="../flows/63d6df3a-e217-3c11-b8b9-b7ed7cd184d0">
                <common:shortDescription xml:lang="en">Phosphate</common:shortDescription>
            </referenceToFlowDataSet>
            <exchangeDirection>Output</exchangeDirection>
            <meanAmount>147.0</meanAmount>
            <resultingAmount>147.0</resultingAmount>
            <generalComment xml:lang="en">diammonium phosphate. calculated based on regression fit of several aspen sensitivity runs.</generalComment>
        </exchange>
        <exchange xmlns:olca="http://openlca.org/ilcd-extensions" dataSetInternalID="6" olca:unitId="6dabe201-aaac-4509-92f0-d00c26cb72ab" olca:propertyId="01846770-4cfe-4a25-8ad9-919d8d378345" olca:amount="2.97E-5">
            <referenceToFlowDataSet type="flow data set" refObjectId="ef92f640-ee9a-3199-8961-1decb41e875e" version="01.00.000" uri="../flows/ef92f640-ee9a-3199-8961-1decb41e875e">
                <common:shortDescription xml:lang="en">CUTOFF Ethanol fermentation plant</common:shortDescription>
            </referenceToFlowDataSet>
            <exchangeDirection>Input</exchangeDirection>
            <meanAmount>2.97E-5</meanAmount>
            <resultingAmount>2.97E-5</resultingAmount>
            <generalComment xml:lang="en">plant lifetime is 20 years. only need 1 hr. 90000 tons of ethanol is about 31 Mgal/yr in ecoinvent process.</generalComment>
        </exchange>
        <exchange xmlns:olca="http://openlca.org/ilcd-extensions" dataSetInternalID="26" olca:unitId="20aadc24-a391-41cf-b340-3e4529f44bde" olca:propertyId="93a60a56-a3c8-11da-a746-0800200b9a66" olca:amount="246000.0">
            <referenceToFlowDataSet type="flow data set" refObjectId="c91a1c33-a350-3a3d-8ba3-8a4a1e2faa06" version="01.00.000" uri="../flows/c91a1c33-a350-3a3d-8ba3-8a4a1e2faa06">
                <common:shortDescription xml:lang="en">Nitrogen</common:shortDescription>
            </referenceToFlowDataSet>
            <exchangeDirection>Output</exchangeDirection>
            <meanAmount>246000.0</meanAmount>
            <resultingAmount>246000.0</resultingAmount>
            <generalComment xml:lang="en">calculated based on regression fit of several aspen sensitivity runs.</generalComment>
        </exchange>
        <exchange xmlns:olca="http://openlca.org/ilcd-extensions" dataSetInternalID="35" olca:unitId="20aadc24-a391-41cf-b340-3e4529f44bde" olca:propertyId="93a60a56-a3c8-11da-a746-0800200b9a66" olca:amount="9610.0">
            <referenceToFlowDataSet type="flow data set" refObjectId="54fb7648-dbd1-316c-a959-2112b70e3f30" version="01.00.000" uri="../flows/54fb7648-dbd1-316c-a959-2112b70e3f30">
                <common:shortDescription xml:lang="en">CUTOFF Disposal, inert waste, 5% water, to inert material landfill</common:shortDescription>
            </referenceToFlowDataSet>
            <exchangeDirection>Input</exchangeDirection>
            <meanAmount>9610.0</meanAmount>
            <resultingAmount>9610.0</resultingAmount>
            <generalComment xml:lang="en">gypsum waste. calculated based on regression fit of several aspen sensitivity runs.</generalComment>
        </exchange>
        <exchange xmlns:olca="http://openlca.org/ilcd-extensions" dataSetInternalID="5" olca:unitId="20aadc24-a391-41cf-b340-3e4529f44bde" olca:propertyId="93a60a56-a3c8-11da-a746-0800200b9a66" olca:amount="98.0">
            <referenceToFlowDataSet type="flow data set" refObjectId="fcca6571-d78a-36ad-812a-9b55de1565d8" version="01.00.000" uri="../flows/fcca6571-d78a-36ad-812a-9b55de1565d8">
                <common:shortDescription xml:lang="en">Switchgrass, at conversion plant, 2022</common:shortDescription>
            </referenceToFlowDataSet>
            <exchangeDirection>Input</exchangeDirection>
            <meanAmount>98.0</meanAmount>
            <resultingAmount>98.0</resultingAmount>
        </exchange>
        <exchange xmlns:olca="http://openlca.org/ilcd-extensions" dataSetInternalID="21" olca:unitId="52765a6c-3896-43c2-b2f4-c679acf13efe" olca:propertyId="f6811440-ee37-11de-8a39-0800200c9a66" olca:amount="19600.0">
            <referenceToFlowDataSet type="flow data set" refObjectId="06581fb2-1de0-3e78-8298-f37605dea142" version="01.00.000" uri="../flows/06581fb2-1de0-3e78-8298-f37605dea142">
                <common:shortDescription xml:lang="en">Electricity, at grid, US, 2008</common:shortDescription>
            </referenceToFlowDataSet>
            <exchangeDirection>Input</exchangeDirection>
            <meanAmount>19600.0</meanAmount>
            <resultingAmount>19600.0</resultingAmount>
            <generalComment xml:lang="en">calculated based on regression fit of several aspen sensitivity runs. Proxy: Electricity, medium voltage, at grid/US with US electricity U</generalComment>
        </exchange>
        <exchange xmlns:olca="http://openlca.org/ilcd-extensions" dataSetInternalID="30" olca:unitId="20aadc24-a391-41cf-b340-3e4529f44bde" olca:propertyId="93a60a56-a3c8-11da-a746-0800200b9a66" olca:amount="246000.0">
            <referenceToFlowDataSet type="flow data set" refObjectId="778da7ab-847f-382f-aa49-0090d9aa2651" version="01.00.000" uri="../flows/778da7ab-847f-382f-aa49-0090d9aa2651">
                <common:shortDescription xml:lang="en">Nitrogen, in air</common:shortDescription>
            </referenceToFlowDataSet>
            <exchangeDirection>Input</exchangeDirection>
            <meanAmount>246000.0</meanAmount>
            <resultingAmount>246000.0</resultingAmount>
            <generalComment xml:lang="en">calculated based on regression fit of several aspen sensitivity runs.</generalComment>
        </exchange>
        <exchange xmlns:olca="http://openlca.org/ilcd-extensions" dataSetInternalID="9" olca:unitId="20aadc24-a391-41cf-b340-3e4529f44bde" olca:propertyId="93a60a56-a3c8-11da-a746-0800200b9a66" olca:amount="64.6">
            <referenceToFlowDataSet type="flow data set" refObjectId="0b7e10a8-6ca0-4a50-a39b-f2a019cb3610" version="01.00.000" uri="../flows/0b7e10a8-6ca0-4a50-a39b-f2a019cb3610">
                <common:shortDescription xml:lang="en">Nitrogen dioxide</common:shortDescription>
            </referenceToFlowDataSet>
            <exchangeDirection>Output</exchangeDirection>
            <meanAmount>64.6</meanAmount>
            <resultingAmount>64.6</resultingAmount>
            <generalComment xml:lang="en">calculated based on regression fit of several aspen sensitivity runs.</generalComment>
        </exchange>
        <exchange xmlns:olca="http://openlca.org/ilcd-extensions" dataSetInternalID="16" olca:unitId="20aadc24-a391-41cf-b340-3e4529f44bde" olca:propertyId="93a60a56-a3c8-11da-a746-0800200b9a66" olca:amount="1300.0">
            <referenceToFlowDataSet type="flow data set" refObjectId="96adbc9c-2708-34ab-86af-18ae6560f616" version="01.00.000" uri="../flows/96adbc9c-2708-34ab-86af-18ae6560f616">
                <common:shortDescription xml:lang="en">Corn steep liquor</common:shortDescription>
            </referenceToFlowDataSet>
            <exchangeDirection>Input</exchangeDirection>
            <meanAmount>1300.0</meanAmount>
            <resultingAmount>1300.0</resultingAmount>
        </exchange>
        <exchange xmlns:olca="http://openlca.org/ilcd-extensions" dataSetInternalID="15" olca:unitId="52765a6c-3896-43c2-b2f4-c679acf13efe" olca:propertyId="f6811440-ee37-11de-8a39-0800200c9a66" olca:amount="70560.0">
            <referenceToFlowDataSet type="flow data set" refObjectId="f670bb2d-c28a-3a08-9b9c-cc50bca5d126" version="01.00.000" uri="../flows/f670bb2d-c28a-3a08-9b9c-cc50bca5d126">
                <common:shortDescription xml:lang="en">CUTOFF Energy, output</common:shortDescription>
            </referenceToFlowDataSet>
            <exchangeDirection>Input</exchangeDirection>
            <meanAmount>70560.0</meanAmount>
            <resultingAmount>70560.0</resultingAmount>
            <generalComment xml:lang="en">from electricity</generalComment>
        </exchange>
        <exchange xmlns:olca="http://openlca.org/ilcd-extensions" dataSetInternalID="14" olca:unitId="20aadc24-a391-41cf-b340-3e4529f44bde" olca:propertyId="93a60a56-a3c8-11da-a746-0800200b9a66" olca:amount="24.9">
            <referenceToFlowDataSet type="flow data set" refObjectId="400b2d60-d2b9-3e36-a89f-53a7f1349f86" version="01.00.000" uri="../flows/400b2d60-d2b9-3e36-a89f-53a7f1349f86">
                <common:shortDescription xml:lang="en">CUTOFF Chemicals organic, at plant</common:shortDescription>
            </referenceToFlowDataSet>
            <exchangeDirection>Input</exchangeDirection>
            <meanAmount>24.9</meanAmount>
            <resultingAmount>24.9</resultingAmount>
            <generalComment xml:lang="en">waste water chemicals. assumed 50% organic.</generalComment>
        </exchange>
        <exchange xmlns:olca="http://openlca.org/ilcd-extensions" dataSetInternalID="20" olca:unitId="20aadc24-a391-41cf-b340-3e4529f44bde" olca:propertyId="93a60a56-a3c8-11da-a746-0800200b9a66" olca:amount="72600.0">
            <referenceToFlowDataSet type="flow data set" refObjectId="1747ca61-f540-3e1e-80fd-451efec23a90" version="01.00.000" uri="../flows/1747ca61-f540-3e1e-80fd-451efec23a90">
                <common:shortDescription xml:lang="en">Oxygen, in air</common:shortDescription>
            </referenceToFlowDataSet>
            <exchangeDirection>Input</exchangeDirection>
            <meanAmount>72600.0</meanAmount>
            <resultingAmount>72600.0</resultingAmount>
            <generalComment xml:lang="en">calculated based on regression fit of several aspen sensitivity runs.</generalComment>
        </exchange>
        <exchange xmlns:olca="http://openlca.org/ilcd-extensions" dataSetInternalID="7" olca:unitId="20aadc24-a391-41cf-b340-3e4529f44bde" olca:propertyId="93a60a56-a3c8-11da-a746-0800200b9a66" olca:amount="18500.0">
            <referenceToFlowDataSet type="flow data set" refObjectId="e82cbcb0-16ab-335b-a25d-5fda31593cae" version="01.00.000" uri="../flows/e82cbcb0-16ab-335b-a25d-5fda31593cae">
                <common:shortDescription xml:lang="en">Oxygen</common:shortDescription>
            </referenceToFlowDataSet>
            <exchangeDirection>Output</exchangeDirection>
            <meanAmount>18500.0</meanAmount>
            <resultingAmount>18500.0</resultingAmount>
            <generalComment xml:lang="en">calculated based on regression fit of several aspen sensitivity runs.</generalComment>
        </exchange>
        <exchange xmlns:olca="http://openlca.org/ilcd-extensions" dataSetInternalID="8" olca:unitId="20aadc24-a391-41cf-b340-3e4529f44bde" olca:propertyId="93a60a56-a3c8-11da-a746-0800200b9a66" olca:amount="0.333">
            <referenceToFlowDataSet type="flow data set" refObjectId="bf2b1e5a-4c92-3974-a2fd-a68898833086" version="01.00.000" uri="../flows/bf2b1e5a-4c92-3974-a2fd-a68898833086">
                <common:shortDescription xml:lang="en">Sodium hydroxide, production mix, at plant</common:shortDescription>
            </referenceToFlowDataSet>
            <exchangeDirection>Input</exchangeDirection>
            <meanAmount>0.333</meanAmount>
            <resultingAmount>0.333</resultingAmount>
            <generalComment xml:lang="en">boiler chemicals http://www.accepta.com/water_treatment_chemicals/boiler-water-treatment.asp.  proxy:  Sodium hydroxide, 50% in H2O, production mix, at plant/RER with US electricity U</generalComment>
        </exchange>
        <exchange xmlns:olca="http://openlca.org/ilcd-extensions" dataSetInternalID="24" olca:unitId="20aadc24-a391-41cf-b340-3e4529f44bde" olca:propertyId="93a60a56-a3c8-11da-a746-0800200b9a66" olca:amount="3340.0">
            <referenceToFlowDataSet type="flow data set" refObjectId="6bc5c787-fc86-34de-9b44-d9f693c21c0f" version="01.00.000" uri="../flows/6bc5c787-fc86-34de-9b44-d9f693c21c0f">
                <common:shortDescription xml:lang="en">CUTOFF Sulphuric acid, liquid, at plant</common:shortDescription>
            </referenceToFlowDataSet>
            <exchangeDirection>Input</exchangeDirection>
            <meanAmount>3340.0</meanAmount>
            <resultingAmount>3340.0</resultingAmount>
        </exchange>
        <exchange xmlns:olca="http://openlca.org/ilcd-extensions" dataSetInternalID="31" olca:unitId="20aadc24-a391-41cf-b340-3e4529f44bde" olca:propertyId="93a60a56-a3c8-11da-a746-0800200b9a66" olca:amount="200000.0">
            <referenceToFlowDataSet type="flow data set" refObjectId="65ef6a0a-7341-313d-a025-52a8c6d7f24b" version="01.00.000" uri="../flows/65ef6a0a-7341-313d-a025-52a8c6d7f24b">
                <common:shortDescription xml:lang="en">Water, cooling, well, in ground</common:shortDescription>
            </referenceToFlowDataSet>
            <exchangeDirection>Input</exchangeDirection>
            <meanAmount>200000.0</meanAmount>
            <resultingAmount>200000.0</resultingAmount>
            <generalComment xml:lang="en">calculated based on regression fit of several aspen sensitivity runs.</generalComment>
        </exchange>
    </exchanges>
</processDataSet>
