<?xml version="1.0" encoding="UTF-8" standalone="yes"?>
<processDataSet xmlns:m="http://lca.jrc.it/ILCD/LCIAMethod" xmlns:common="http://lca.jrc.it/ILCD/Common" xmlns:s="http://lca.jrc.it/ILCD/Source" xmlns:c="http://lca.jrc.it/ILCD/Contact" xmlns:f="http://lca.jrc.it/ILCD/Flow" xmlns="http://lca.jrc.it/ILCD/Process" xmlns:fp="http://lca.jrc.it/ILCD/FlowProperty" xmlns:u="http://lca.jrc.it/ILCD/UnitGroup" version="1.1">
    <processInformation>
        <dataSetInformation>
            <common:UUID>182abb98-80e5-3218-9474-ccacb504f7b4</common:UUID>
            <name>
                <baseName xml:lang="en">Xylenes, mixed, at plant</baseName>
            </name>
            <classificationInformation>
                <common:classification>
                    <common:class level="0" classId="aace7bf8-a0e3-3515-8b6c-2c4211ad420b">Chemical Manufacturing</common:class>
                    <common:class level="1" classId="14f874e9-6029-3dd1-be61-aa72e27b1d86">All Other Basic Organic Chemical Manufacturing</common:class>
                </common:classification>
            </classificationInformation>
            <common:generalComment xml:lang="en">Total energy data for mixed xylenes were provided for this analysis by a confidential source. The mix of fuels for the dataset was calculated using statistics from a U.S. Department of Energy report. No environmental emissions data were available.  Complete inventory data and metadata are available in full in the final report and appendices, Cradle-to-Gate Life Cycle Inventory of Nine Plastic Resins and Four Polyurethane Precursors. This report has been extensively reviewed within Franklin Associates and has undergone partial critical review by ACC Plastics Division members and is available at: www.americanchemistry.com. Quantities may vary slightly between the reference to main source and and this module due to rounding.  Important note: although most of the data in the US LCI database has undergone some sort of review, the database as a whole has not yet undergone a formal validation process.  Please email comments to lci@nrel.gov.</common:generalComment>
        </dataSetInformation>
        <quantitativeReference type="Reference flow(s)">
            <referenceToReferenceFlow>1</referenceToReferenceFlow>
        </quantitativeReference>
        <time xmlns:olca="http://openlca.org/ilcd-extensions" olca:startDate="946623600000" olca:endDate="1104476400000">
            <common:referenceYear>1999</common:referenceYear>
            <common:dataSetValidUntil>2004</common:dataSetValidUntil>
        </time>
        <geography>
            <locationOfOperationSupplyOrProduction location="RNA" latitudeAndLongitude="58.71;-91.96">
                <descriptionOfRestrictions xml:lang="en">US</descriptionOfRestrictions>
            </locationOfOperationSupplyOrProduction>
        </geography>
        <technology>
            <technologyDescriptionAndIncludedProcesses xml:lang="en">Catalytic reforming of paraffinic hydrocarbon streams</technologyDescriptionAndIncludedProcesses>
        </technology>
    </processInformation>
    <modellingAndValidation>
        <LCIMethodAndAllocation>
            <typeOfDataSet>Unit process, black box</typeOfDataSet>
            <LCIMethodPrinciple>Other</LCIMethodPrinciple>
        </LCIMethodAndAllocation>
        <dataSourcesTreatmentAndRepresentativeness>
            <deviationsFromCutOffAndCompletenessPrinciples xml:lang="en">None.</deviationsFromCutOffAndCompletenessPrinciples>
            <deviationsFromSelectionAndCombinationPrinciples xml:lang="en">None.</deviationsFromSelectionAndCombinationPrinciples>
            <referenceToDataSource type="source data set" refObjectId="bf627fcb-bea3-3085-87ee-2d24ac940458" version="01.00.000" uri="../sources/bf627fcb-bea3-3085-87ee-2d24ac940458">
                <common:shortDescription xml:lang="en">THE PLASTICS DIVISION OF 
THE AMERICAN C </common:shortDescription>
            </referenceToDataSource>
            <samplingProcedure xml:lang="en">Data are from primary sources</samplingProcedure>
        </dataSourcesTreatmentAndRepresentativeness>
    </modellingAndValidation>
    <administrativeInformation>
        <dataGenerator>
            <common:referenceToPersonOrEntityGeneratingTheDataSet type="contact data set" refObjectId="721bcfe4-ee92-33bc-a9bd-bbf5ba3cb52d" version="01.00.000" uri="../contacts/721bcfe4-ee92-33bc-a9bd-bbf5ba3cb52d">
                <common:shortDescription xml:lang="en">Franklin Associates</common:shortDescription>
            </common:referenceToPersonOrEntityGeneratingTheDataSet>
        </dataGenerator>
        <dataEntryBy>
            <common:timeStamp>2019-07-24T12:10:30.549-06:00</common:timeStamp>
            <common:referenceToDataSetFormat type="source data set" refObjectId="a97a0155-0234-4b87-b4ce-a45da52f2a40" version="01.01.000" uri="../sources/a97a0155-0234-4b87-b4ce-a45da52f2a40_01.01.000.xml">
                <common:shortDescription xml:lang="en">ILCD format</common:shortDescription>
            </common:referenceToDataSetFormat>
            <common:referenceToPersonOrEntityEnteringTheData type="contact data set" refObjectId="721bcfe4-ee92-33bc-a9bd-bbf5ba3cb52d" version="01.00.000" uri="../contacts/721bcfe4-ee92-33bc-a9bd-bbf5ba3cb52d">
                <common:shortDescription xml:lang="en">Franklin Associates</common:shortDescription>
            </common:referenceToPersonOrEntityEnteringTheData>
        </dataEntryBy>
        <publicationAndOwnership>
            <common:dateOfLastRevision>2018-06-27T10:38:44.816-06:00</common:dateOfLastRevision>
            <common:dataSetVersion>00.00.001</common:dataSetVersion>
            <common:referenceToUnchangedRepublication type="source data set" refObjectId="bf627fcb-bea3-3085-87ee-2d24ac940458" version="01.00.000" uri="../sources/bf627fcb-bea3-3085-87ee-2d24ac940458">
                <common:shortDescription xml:lang="en">THE PLASTICS DIVISION OF 
THE AMERICAN C </common:shortDescription>
            </common:referenceToUnchangedRepublication>
            <common:copyright>false</common:copyright>
            <common:accessRestrictions xml:lang="en">All information can be accessed by everybody.</common:accessRestrictions>
        </publicationAndOwnership>
    </administrativeInformation>
    <exchanges>
        <exchange xmlns:olca="http://openlca.org/ilcd-extensions" dataSetInternalID="1" olca:unitId="20aadc24-a391-41cf-b340-3e4529f44bde" olca:propertyId="93a60a56-a3c8-11da-a746-0800200b9a66" olca:amount="1.0">
            <referenceToFlowDataSet type="flow data set" refObjectId="ddf8108d-b0fd-3b97-b3dd-fab7d66e73fc" version="01.00.000" uri="../flows/ddf8108d-b0fd-3b97-b3dd-fab7d66e73fc">
                <common:shortDescription xml:lang="en">Xylenes, mixed, at plant</common:shortDescription>
            </referenceToFlowDataSet>
            <exchangeDirection>Output</exchangeDirection>
            <meanAmount>1.0</meanAmount>
            <resultingAmount>1.0</resultingAmount>
            <generalComment xml:lang="en">MATERIAL USE</generalComment>
        </exchange>
        <exchange xmlns:olca="http://openlca.org/ilcd-extensions" dataSetInternalID="7" olca:unitId="0dea4ed8-bb6b-4049-b2b4-b2c413ef2180" olca:propertyId="838aaa20-0117-11db-92e3-0800200c9a66" olca:amount="0.182">
            <referenceToFlowDataSet type="flow data set" refObjectId="c2cc68fe-1754-3468-a973-51c2f5c82fcd" version="01.00.000" uri="../flows/c2cc68fe-1754-3468-a973-51c2f5c82fcd">
                <common:shortDescription xml:lang="en">Transport, barge, residual fuel oil powered</common:shortDescription>
            </referenceToFlowDataSet>
            <exchangeDirection>Input</exchangeDirection>
            <meanAmount>0.182</meanAmount>
            <resultingAmount>0.182</resultingAmount>
        </exchange>
        <exchange xmlns:olca="http://openlca.org/ilcd-extensions" dataSetInternalID="11" olca:unitId="0dea4ed8-bb6b-4049-b2b4-b2c413ef2180" olca:propertyId="838aaa20-0117-11db-92e3-0800200c9a66" olca:amount="0.345">
            <referenceToFlowDataSet type="flow data set" refObjectId="acbe5bc4-6afd-31aa-bf3f-4a3fdc491945" version="01.00.000" uri="../flows/acbe5bc4-6afd-31aa-bf3f-4a3fdc491945">
                <common:shortDescription xml:lang="en">Transport, pipeline, unspecified petroleum products</common:shortDescription>
            </referenceToFlowDataSet>
            <exchangeDirection>Input</exchangeDirection>
            <meanAmount>0.345</meanAmount>
            <resultingAmount>0.345</resultingAmount>
        </exchange>
        <exchange xmlns:olca="http://openlca.org/ilcd-extensions" dataSetInternalID="8" olca:unitId="1c3a9695-398d-4b1f-b07e-a8715b610f70" olca:propertyId="93a60a56-a3c8-22da-a746-0800200c9a66" olca:amount="0.0416">
            <referenceToFlowDataSet type="flow data set" refObjectId="bb1dc159-fe13-3f8e-8197-361e8c770ba3" version="01.00.000" uri="../flows/bb1dc159-fe13-3f8e-8197-361e8c770ba3">
                <common:shortDescription xml:lang="en">Natural gas, combusted in industrial boiler</common:shortDescription>
            </referenceToFlowDataSet>
            <exchangeDirection>Input</exchangeDirection>
            <meanAmount>0.0416</meanAmount>
            <resultingAmount>0.0416</resultingAmount>
        </exchange>
        <exchange xmlns:olca="http://openlca.org/ilcd-extensions" dataSetInternalID="9" olca:unitId="52765a6c-3896-43c2-b2f4-c679acf13efe" olca:propertyId="f6811440-ee37-11de-8a39-0800200c9a66" olca:amount="0.0355">
            <referenceToFlowDataSet type="flow data set" refObjectId="06581fb2-1de0-3e78-8298-f37605dea142" version="01.00.000" uri="../flows/06581fb2-1de0-3e78-8298-f37605dea142">
                <common:shortDescription xml:lang="en">Electricity, at grid, US, 2008</common:shortDescription>
            </referenceToFlowDataSet>
            <exchangeDirection>Input</exchangeDirection>
            <meanAmount>0.0355</meanAmount>
            <resultingAmount>0.0355</resultingAmount>
        </exchange>
        <exchange xmlns:olca="http://openlca.org/ilcd-extensions" dataSetInternalID="10" olca:unitId="0dea4ed8-bb6b-4049-b2b4-b2c413ef2180" olca:propertyId="838aaa20-0117-11db-92e3-0800200c9a66" olca:amount="0.0548">
            <referenceToFlowDataSet type="flow data set" refObjectId="a1242640-8306-366c-9c55-6dfd23e77bd7" version="01.00.000" uri="../flows/a1242640-8306-366c-9c55-6dfd23e77bd7">
                <common:shortDescription xml:lang="en">Transport, barge, diesel powered</common:shortDescription>
            </referenceToFlowDataSet>
            <exchangeDirection>Input</exchangeDirection>
            <meanAmount>0.0548</meanAmount>
            <resultingAmount>0.0548</resultingAmount>
        </exchange>
        <exchange xmlns:olca="http://openlca.org/ilcd-extensions" dataSetInternalID="5" olca:unitId="0dea4ed8-bb6b-4049-b2b4-b2c413ef2180" olca:propertyId="838aaa20-0117-11db-92e3-0800200c9a66" olca:amount="0.028">
            <referenceToFlowDataSet type="flow data set" refObjectId="73c7494d-4e93-3769-896b-8bb82f0dfccc" version="01.00.000" uri="../flows/73c7494d-4e93-3769-896b-8bb82f0dfccc">
                <common:shortDescription xml:lang="en">Transport, train, diesel powered</common:shortDescription>
            </referenceToFlowDataSet>
            <exchangeDirection>Input</exchangeDirection>
            <meanAmount>0.028</meanAmount>
            <resultingAmount>0.028</resultingAmount>
        </exchange>
        <exchange xmlns:olca="http://openlca.org/ilcd-extensions" dataSetInternalID="4" olca:unitId="20aadc24-a391-41cf-b340-3e4529f44bde" olca:propertyId="93a60a56-a3c8-11da-a746-0800200b9a66" olca:amount="0.00702">
            <referenceToFlowDataSet type="flow data set" refObjectId="73cd1596-214d-3403-87f1-f69fc3818886" version="01.00.000" uri="../flows/73cd1596-214d-3403-87f1-f69fc3818886">
                <common:shortDescription xml:lang="en">Bituminous coal, combusted in industrial boiler</common:shortDescription>
            </referenceToFlowDataSet>
            <exchangeDirection>Input</exchangeDirection>
            <meanAmount>0.00702</meanAmount>
            <resultingAmount>0.00702</resultingAmount>
        </exchange>
        <exchange xmlns:olca="http://openlca.org/ilcd-extensions" dataSetInternalID="3" olca:unitId="0dea4ed8-bb6b-4049-b2b4-b2c413ef2180" olca:propertyId="838aaa20-0117-11db-92e3-0800200c9a66" olca:amount="0.0439">
            <referenceToFlowDataSet type="flow data set" refObjectId="628c07ec-0802-39c1-ab88-1c62848ef436" version="01.00.000" uri="../flows/628c07ec-0802-39c1-ab88-1c62848ef436">
                <common:shortDescription xml:lang="en">Transport, combination truck, diesel powered</common:shortDescription>
            </referenceToFlowDataSet>
            <exchangeDirection>Input</exchangeDirection>
            <meanAmount>0.0439</meanAmount>
            <resultingAmount>0.0439</resultingAmount>
        </exchange>
        <exchange xmlns:olca="http://openlca.org/ilcd-extensions" dataSetInternalID="2" olca:unitId="20aadc24-a391-41cf-b340-3e4529f44bde" olca:propertyId="93a60a56-a3c8-11da-a746-0800200b9a66" olca:amount="1.0">
            <referenceToFlowDataSet type="flow data set" refObjectId="3b7c9d95-04b9-3278-9a85-c153903d594c" version="01.00.000" uri="../flows/3b7c9d95-04b9-3278-9a85-c153903d594c">
                <common:shortDescription xml:lang="en">Petroleum refining, for olefins production, at plant</common:shortDescription>
            </referenceToFlowDataSet>
            <exchangeDirection>Input</exchangeDirection>
            <meanAmount>1.0</meanAmount>
            <resultingAmount>1.0</resultingAmount>
        </exchange>
        <exchange xmlns:olca="http://openlca.org/ilcd-extensions" dataSetInternalID="6" olca:unitId="1c3a9695-398d-4b1f-b07e-a8715b610f70" olca:propertyId="93a60a56-a3c8-22da-a746-0800200c9a66" olca:amount="0.00209">
            <referenceToFlowDataSet type="flow data set" refObjectId="f77da622-e84d-3639-8917-fcf792aaee13" version="01.00.000" uri="../flows/f77da622-e84d-3639-8917-fcf792aaee13">
                <common:shortDescription xml:lang="en">Liquefied petroleum gas, combusted in industrial boiler</common:shortDescription>
            </referenceToFlowDataSet>
            <exchangeDirection>Input</exchangeDirection>
            <meanAmount>0.00209</meanAmount>
            <resultingAmount>0.00209</resultingAmount>
        </exchange>
    </exchanges>
</processDataSet>
