<?xml version="1.0" encoding="UTF-8" standalone="yes"?>
<processDataSet xmlns:m="http://lca.jrc.it/ILCD/LCIAMethod" xmlns:common="http://lca.jrc.it/ILCD/Common" xmlns:s="http://lca.jrc.it/ILCD/Source" xmlns:c="http://lca.jrc.it/ILCD/Contact" xmlns:f="http://lca.jrc.it/ILCD/Flow" xmlns="http://lca.jrc.it/ILCD/Process" xmlns:fp="http://lca.jrc.it/ILCD/FlowProperty" xmlns:u="http://lca.jrc.it/ILCD/UnitGroup" version="1.1">
    <processInformation>
        <dataSetInformation>
            <common:UUID>363e9105-a6ea-356e-a537-06c9facf5b14</common:UUID>
            <name>
                <baseName xml:lang="en">Aniline, at plant</baseName>
            </name>
            <classificationInformation>
                <common:classification>
                    <common:class level="0" classId="aace7bf8-a0e3-3515-8b6c-2c4211ad420b">Chemical Manufacturing</common:class>
                    <common:class level="1" classId="14f874e9-6029-3dd1-be61-aa72e27b1d86">All Other Basic Organic Chemical Manufacturing</common:class>
                </common:classification>
            </classificationInformation>
            <common:generalComment xml:lang="en">The aniline dataset represented in this module includes data for nitric acid and nitrobenzene to conceal the confidential data of a provider company.  Steam/heat is produced as a coproduct during this process. The energy amount for this coproduct is reported separately as recovered energy. This process has net water outputs. The mass imbalance is due to unavailability of the weight of water inputs to production and outputs to nature. Quantities may vary slightly between the reference to main source and and this module due to rounding.  Important note: although most of the data in the US LCI database has undergone some sort of review, the database as a whole has not yet undergone a formal validation process.  Please email comments to lci@nrel.gov.</common:generalComment>
        </dataSetInformation>
        <quantitativeReference type="Reference flow(s)">
            <referenceToReferenceFlow>1</referenceToReferenceFlow>
        </quantitativeReference>
        <time xmlns:olca="http://openlca.org/ilcd-extensions" olca:startDate="1041318000000" olca:endDate="1072854000000">
            <common:referenceYear>2002</common:referenceYear>
            <common:dataSetValidUntil>2003</common:dataSetValidUntil>
        </time>
        <geography>
            <locationOfOperationSupplyOrProduction location="RNA" latitudeAndLongitude="58.71;-91.96">
                <descriptionOfRestrictions xml:lang="en">US</descriptionOfRestrictions>
            </locationOfOperationSupplyOrProduction>
        </geography>
        <technology>
            <technologyDescriptionAndIncludedProcesses xml:lang="en">Hydrogenation of nitrobenzene in the presence of a copper-chromium or copper-silica catalyst, or by vapor phase ammonolysis of phenol and ammonia</technologyDescriptionAndIncludedProcesses>
        </technology>
    </processInformation>
    <modellingAndValidation>
        <LCIMethodAndAllocation>
            <typeOfDataSet>Unit process, black box</typeOfDataSet>
            <LCIMethodPrinciple>Other</LCIMethodPrinciple>
        </LCIMethodAndAllocation>
        <dataSourcesTreatmentAndRepresentativeness>
            <deviationsFromCutOffAndCompletenessPrinciples xml:lang="en">None.</deviationsFromCutOffAndCompletenessPrinciples>
            <deviationsFromSelectionAndCombinationPrinciples xml:lang="en">None.</deviationsFromSelectionAndCombinationPrinciples>
            <referenceToDataSource type="source data set" refObjectId="bf627fcb-bea3-3085-87ee-2d24ac940458" version="01.00.000" uri="../sources/bf627fcb-bea3-3085-87ee-2d24ac940458">
                <common:shortDescription xml:lang="en">THE PLASTICS DIVISION OF 
THE AMERICAN C </common:shortDescription>
            </referenceToDataSource>
        </dataSourcesTreatmentAndRepresentativeness>
    </modellingAndValidation>
    <administrativeInformation>
        <dataGenerator>
            <common:referenceToPersonOrEntityGeneratingTheDataSet type="contact data set" refObjectId="721bcfe4-ee92-33bc-a9bd-bbf5ba3cb52d" version="01.00.000" uri="../contacts/721bcfe4-ee92-33bc-a9bd-bbf5ba3cb52d">
                <common:shortDescription xml:lang="en">Franklin Associates</common:shortDescription>
            </common:referenceToPersonOrEntityGeneratingTheDataSet>
        </dataGenerator>
        <dataEntryBy>
            <common:timeStamp>2019-07-24T12:10:30.311-06:00</common:timeStamp>
            <common:referenceToDataSetFormat type="source data set" refObjectId="a97a0155-0234-4b87-b4ce-a45da52f2a40" version="01.01.000" uri="../sources/a97a0155-0234-4b87-b4ce-a45da52f2a40_01.01.000.xml">
                <common:shortDescription xml:lang="en">ILCD format</common:shortDescription>
            </common:referenceToDataSetFormat>
            <common:referenceToPersonOrEntityEnteringTheData type="contact data set" refObjectId="721bcfe4-ee92-33bc-a9bd-bbf5ba3cb52d" version="01.00.000" uri="../contacts/721bcfe4-ee92-33bc-a9bd-bbf5ba3cb52d">
                <common:shortDescription xml:lang="en">Franklin Associates</common:shortDescription>
            </common:referenceToPersonOrEntityEnteringTheData>
        </dataEntryBy>
        <publicationAndOwnership>
            <common:dateOfLastRevision>2018-06-27T10:38:44.741-06:00</common:dateOfLastRevision>
            <common:dataSetVersion>00.00.001</common:dataSetVersion>
            <common:referenceToUnchangedRepublication type="source data set" refObjectId="bf627fcb-bea3-3085-87ee-2d24ac940458" version="01.00.000" uri="../sources/bf627fcb-bea3-3085-87ee-2d24ac940458">
                <common:shortDescription xml:lang="en">THE PLASTICS DIVISION OF 
THE AMERICAN C </common:shortDescription>
            </common:referenceToUnchangedRepublication>
            <common:copyright>false</common:copyright>
            <common:accessRestrictions xml:lang="en">All information can be accessed by everybody.</common:accessRestrictions>
        </publicationAndOwnership>
    </administrativeInformation>
    <exchanges>
        <exchange xmlns:olca="http://openlca.org/ilcd-extensions" dataSetInternalID="1" olca:unitId="20aadc24-a391-41cf-b340-3e4529f44bde" olca:propertyId="93a60a56-a3c8-11da-a746-0800200b9a66" olca:amount="1.0">
            <referenceToFlowDataSet type="flow data set" refObjectId="2293e639-39a3-3cbf-99cc-8cf01797aa99" version="01.00.000" uri="../flows/2293e639-39a3-3cbf-99cc-8cf01797aa99">
                <common:shortDescription xml:lang="en">Aniline, at plant</common:shortDescription>
            </referenceToFlowDataSet>
            <exchangeDirection>Output</exchangeDirection>
            <meanAmount>1.0</meanAmount>
            <resultingAmount>1.0</resultingAmount>
            <allocations>
                <allocation internalReferenceToCoProduct="1" allocatedFraction="100.0"/>
            </allocations>
        </exchange>
        <exchange xmlns:olca="http://openlca.org/ilcd-extensions" dataSetInternalID="27" olca:unitId="20aadc24-a391-41cf-b340-3e4529f44bde" olca:propertyId="93a60a56-a3c8-11da-a746-0800200b9a66" olca:amount="1.0E-5">
            <referenceToFlowDataSet type="flow data set" refObjectId="c746fcf6-c553-3f40-9445-6f0b14a727de" version="01.00.000" uri="../flows/c746fcf6-c553-3f40-9445-6f0b14a727de">
                <common:shortDescription xml:lang="en">Organic substances, unspecified</common:shortDescription>
            </referenceToFlowDataSet>
            <exchangeDirection>Output</exchangeDirection>
            <meanAmount>1.0E-5</meanAmount>
            <resultingAmount>1.0E-5</resultingAmount>
            <allocations>
                <allocation internalReferenceToCoProduct="22" allocatedFraction="0.0"/>
                <allocation internalReferenceToCoProduct="1" allocatedFraction="100.0"/>
            </allocations>
        </exchange>
        <exchange xmlns:olca="http://openlca.org/ilcd-extensions" dataSetInternalID="14" olca:unitId="20aadc24-a391-41cf-b340-3e4529f44bde" olca:propertyId="93a60a56-a3c8-11da-a746-0800200b9a66" olca:amount="5.0E-4">
            <referenceToFlowDataSet type="flow data set" refObjectId="ee9ac558-402f-3594-a3e3-0ee7dec4440d" version="01.00.000" uri="../flows/ee9ac558-402f-3594-a3e3-0ee7dec4440d">
                <common:shortDescription xml:lang="en">CUTOFF Disposal, solid waste, unspecified, to municipal incineration</common:shortDescription>
            </referenceToFlowDataSet>
            <exchangeDirection>Input</exchangeDirection>
            <meanAmount>5.0E-4</meanAmount>
            <resultingAmount>5.0E-4</resultingAmount>
            <allocations>
                <allocation internalReferenceToCoProduct="22" allocatedFraction="0.0"/>
                <allocation internalReferenceToCoProduct="1" allocatedFraction="100.0"/>
            </allocations>
        </exchange>
        <exchange xmlns:olca="http://openlca.org/ilcd-extensions" dataSetInternalID="17" olca:unitId="52765a6c-3896-43c2-b2f4-c679acf13efe" olca:propertyId="f6811440-ee37-11de-8a39-0800200c9a66" olca:amount="0.16623">
            <referenceToFlowDataSet type="flow data set" refObjectId="06581fb2-1de0-3e78-8298-f37605dea142" version="01.00.000" uri="../flows/06581fb2-1de0-3e78-8298-f37605dea142">
                <common:shortDescription xml:lang="en">Electricity, at grid, US, 2008</common:shortDescription>
            </referenceToFlowDataSet>
            <exchangeDirection>Input</exchangeDirection>
            <meanAmount>0.16623</meanAmount>
            <resultingAmount>0.16623</resultingAmount>
            <allocations>
                <allocation internalReferenceToCoProduct="1" allocatedFraction="100.0"/>
                <allocation internalReferenceToCoProduct="22" allocatedFraction="0.0"/>
            </allocations>
        </exchange>
        <exchange xmlns:olca="http://openlca.org/ilcd-extensions" dataSetInternalID="11" olca:unitId="20aadc24-a391-41cf-b340-3e4529f44bde" olca:propertyId="93a60a56-a3c8-11da-a746-0800200b9a66" olca:amount="4.5E-5">
            <referenceToFlowDataSet type="flow data set" refObjectId="b967e1bf-f09b-4c89-8740-ace21db47bba" version="01.00.000" uri="../flows/b967e1bf-f09b-4c89-8740-ace21db47bba">
                <common:shortDescription xml:lang="en">Particulates, &gt; 2.5 um, and &lt; 10um</common:shortDescription>
            </referenceToFlowDataSet>
            <exchangeDirection>Output</exchangeDirection>
            <meanAmount>4.5E-5</meanAmount>
            <resultingAmount>4.5E-5</resultingAmount>
            <allocations>
                <allocation internalReferenceToCoProduct="22" allocatedFraction="0.0"/>
                <allocation internalReferenceToCoProduct="1" allocatedFraction="100.0"/>
            </allocations>
        </exchange>
        <exchange xmlns:olca="http://openlca.org/ilcd-extensions" dataSetInternalID="34" olca:unitId="20aadc24-a391-41cf-b340-3e4529f44bde" olca:propertyId="93a60a56-a3c8-11da-a746-0800200b9a66" olca:amount="1.0E-5">
            <referenceToFlowDataSet type="flow data set" refObjectId="2061de48-36c9-36ac-b7d2-2a02af0fa6df" version="01.00.000" uri="../flows/2061de48-36c9-36ac-b7d2-2a02af0fa6df">
                <common:shortDescription xml:lang="en">TOC, Total Organic Carbon</common:shortDescription>
            </referenceToFlowDataSet>
            <exchangeDirection>Output</exchangeDirection>
            <meanAmount>1.0E-5</meanAmount>
            <resultingAmount>1.0E-5</resultingAmount>
            <allocations>
                <allocation internalReferenceToCoProduct="1" allocatedFraction="100.0"/>
                <allocation internalReferenceToCoProduct="22" allocatedFraction="0.0"/>
            </allocations>
            <generalComment xml:lang="en">Waterborne emissions collected for nitrobenzene and aniline included those sent to deepwell disposal. Emissions sent to deepwell disposal are not included in the table as they are not released to a water source. The following emissions were reported as being sent to deepwell disposal: toluene, phenol, 2-DNP, aniline, and nitrobenzene. This emission was reported by fewer than three companies. To indicate known emissions while protecting the confidentiality of individual company responses, the emission is reported only by order of magnitude. </generalComment>
        </exchange>
        <exchange xmlns:olca="http://openlca.org/ilcd-extensions" dataSetInternalID="6" olca:unitId="20aadc24-a391-41cf-b340-3e4529f44bde" olca:propertyId="93a60a56-a3c8-11da-a746-0800200b9a66" olca:amount="3.3E-6">
            <referenceToFlowDataSet type="flow data set" refObjectId="87883a4e-1e3e-4c9d-90c0-f1bea36f8014" version="01.00.000" uri="../flows/87883a4e-1e3e-4c9d-90c0-f1bea36f8014">
                <common:shortDescription xml:lang="en">Ammonia</common:shortDescription>
            </referenceToFlowDataSet>
            <exchangeDirection>Output</exchangeDirection>
            <meanAmount>3.3E-6</meanAmount>
            <resultingAmount>3.3E-6</resultingAmount>
            <allocations>
                <allocation internalReferenceToCoProduct="22" allocatedFraction="0.0"/>
                <allocation internalReferenceToCoProduct="1" allocatedFraction="100.0"/>
            </allocations>
        </exchange>
        <exchange xmlns:olca="http://openlca.org/ilcd-extensions" dataSetInternalID="3" olca:unitId="20aadc24-a391-41cf-b340-3e4529f44bde" olca:propertyId="93a60a56-a3c8-11da-a746-0800200b9a66" olca:amount="8.4E-4">
            <referenceToFlowDataSet type="flow data set" refObjectId="c1b91234-6f24-417b-8309-46111d09c457" version="01.00.000" uri="../flows/c1b91234-6f24-417b-8309-46111d09c457">
                <common:shortDescription xml:lang="en">Nitrogen oxides</common:shortDescription>
            </referenceToFlowDataSet>
            <exchangeDirection>Output</exchangeDirection>
            <meanAmount>8.4E-4</meanAmount>
            <resultingAmount>8.4E-4</resultingAmount>
            <allocations>
                <allocation internalReferenceToCoProduct="1" allocatedFraction="100.0"/>
                <allocation internalReferenceToCoProduct="22" allocatedFraction="0.0"/>
            </allocations>
        </exchange>
        <exchange xmlns:olca="http://openlca.org/ilcd-extensions" dataSetInternalID="12" olca:unitId="20aadc24-a391-41cf-b340-3e4529f44bde" olca:propertyId="93a60a56-a3c8-11da-a746-0800200b9a66" olca:amount="9.7E-8">
            <referenceToFlowDataSet type="flow data set" refObjectId="fce7dbb7-d08d-34ae-875c-1afb623e7213" version="01.00.000" uri="../flows/fce7dbb7-d08d-34ae-875c-1afb623e7213">
                <common:shortDescription xml:lang="en">Chlorine</common:shortDescription>
            </referenceToFlowDataSet>
            <exchangeDirection>Output</exchangeDirection>
            <meanAmount>9.7E-8</meanAmount>
            <resultingAmount>9.7E-8</resultingAmount>
            <allocations>
                <allocation internalReferenceToCoProduct="1" allocatedFraction="100.0"/>
                <allocation internalReferenceToCoProduct="22" allocatedFraction="0.0"/>
            </allocations>
        </exchange>
        <exchange xmlns:olca="http://openlca.org/ilcd-extensions" dataSetInternalID="26" olca:unitId="1c3a9695-398d-4b1f-b07e-a8715b610f70" olca:propertyId="93a60a56-a3c8-22da-a746-0800200c9a66" olca:amount="0.028155">
            <referenceToFlowDataSet type="flow data set" refObjectId="bb1dc159-fe13-3f8e-8197-361e8c770ba3" version="01.00.000" uri="../flows/bb1dc159-fe13-3f8e-8197-361e8c770ba3">
                <common:shortDescription xml:lang="en">Natural gas, combusted in industrial boiler</common:shortDescription>
            </referenceToFlowDataSet>
            <exchangeDirection>Input</exchangeDirection>
            <meanAmount>0.028155</meanAmount>
            <resultingAmount>0.028155</resultingAmount>
            <allocations>
                <allocation internalReferenceToCoProduct="1" allocatedFraction="100.0"/>
                <allocation internalReferenceToCoProduct="22" allocatedFraction="0.0"/>
            </allocations>
        </exchange>
        <exchange xmlns:olca="http://openlca.org/ilcd-extensions" dataSetInternalID="16" olca:unitId="20aadc24-a391-41cf-b340-3e4529f44bde" olca:propertyId="93a60a56-a3c8-11da-a746-0800200b9a66" olca:amount="1.0E-6">
            <referenceToFlowDataSet type="flow data set" refObjectId="8edf326a-2e6d-3491-adef-f99e27e35043" version="01.00.000" uri="../flows/8edf326a-2e6d-3491-adef-f99e27e35043">
                <common:shortDescription xml:lang="en">Methane, difluromonochloro-, HCFC-22</common:shortDescription>
            </referenceToFlowDataSet>
            <exchangeDirection>Output</exchangeDirection>
            <meanAmount>1.0E-6</meanAmount>
            <resultingAmount>1.0E-6</resultingAmount>
            <allocations>
                <allocation internalReferenceToCoProduct="1" allocatedFraction="100.0"/>
                <allocation internalReferenceToCoProduct="22" allocatedFraction="0.0"/>
            </allocations>
            <generalComment xml:lang="en">This emission was reported by fewer than three companies. To indicate known emissions while protecting the confidentiality of individual company responses, the emission is reported only by order of magnitude.</generalComment>
        </exchange>
        <exchange xmlns:olca="http://openlca.org/ilcd-extensions" dataSetInternalID="9" olca:unitId="20aadc24-a391-41cf-b340-3e4529f44bde" olca:propertyId="93a60a56-a3c8-11da-a746-0800200b9a66" olca:amount="1.0E-9">
            <referenceToFlowDataSet type="flow data set" refObjectId="71234253-b3a7-4dfe-b166-a484ad15bee7" version="01.00.000" uri="../flows/71234253-b3a7-4dfe-b166-a484ad15bee7">
                <common:shortDescription xml:lang="en">Mercury</common:shortDescription>
            </referenceToFlowDataSet>
            <exchangeDirection>Output</exchangeDirection>
            <meanAmount>1.0E-9</meanAmount>
            <resultingAmount>1.0E-9</resultingAmount>
            <allocations>
                <allocation internalReferenceToCoProduct="22" allocatedFraction="0.0"/>
                <allocation internalReferenceToCoProduct="1" allocatedFraction="100.0"/>
            </allocations>
            <generalComment xml:lang="en">This emission was reported by fewer than three companies. To indicate known emissions while protecting the confidentiality of individual company responses, the emission is reported only by order of magnitude.</generalComment>
        </exchange>
        <exchange xmlns:olca="http://openlca.org/ilcd-extensions" dataSetInternalID="20" olca:unitId="20aadc24-a391-41cf-b340-3e4529f44bde" olca:propertyId="93a60a56-a3c8-11da-a746-0800200b9a66" olca:amount="0.848">
            <referenceToFlowDataSet type="flow data set" refObjectId="db548272-c05b-39c4-926e-ba9e10a29195" version="01.00.000" uri="../flows/db548272-c05b-39c4-926e-ba9e10a29195">
                <common:shortDescription xml:lang="en">Benzene, at plant</common:shortDescription>
            </referenceToFlowDataSet>
            <exchangeDirection>Input</exchangeDirection>
            <meanAmount>0.848</meanAmount>
            <resultingAmount>0.848</resultingAmount>
            <allocations>
                <allocation internalReferenceToCoProduct="22" allocatedFraction="0.0"/>
                <allocation internalReferenceToCoProduct="1" allocatedFraction="100.0"/>
            </allocations>
        </exchange>
        <exchange xmlns:olca="http://openlca.org/ilcd-extensions" dataSetInternalID="13" olca:unitId="20aadc24-a391-41cf-b340-3e4529f44bde" olca:propertyId="93a60a56-a3c8-11da-a746-0800200b9a66" olca:amount="1.0E-8">
            <referenceToFlowDataSet type="flow data set" refObjectId="2b9ae257-21ec-371b-b2d7-6a9924c84d15" version="01.00.000" uri="../flows/2b9ae257-21ec-371b-b2d7-6a9924c84d15">
                <common:shortDescription xml:lang="en">Sulfuric acid</common:shortDescription>
            </referenceToFlowDataSet>
            <exchangeDirection>Output</exchangeDirection>
            <meanAmount>1.0E-8</meanAmount>
            <resultingAmount>1.0E-8</resultingAmount>
            <allocations>
                <allocation internalReferenceToCoProduct="1" allocatedFraction="100.0"/>
                <allocation internalReferenceToCoProduct="22" allocatedFraction="0.0"/>
            </allocations>
            <generalComment xml:lang="en">This emission was reported by fewer than three companies. To indicate known emissions while protecting the confidentiality of individual company responses, the emission is reported only by order of magnitude.</generalComment>
        </exchange>
        <exchange xmlns:olca="http://openlca.org/ilcd-extensions" dataSetInternalID="30" olca:unitId="20aadc24-a391-41cf-b340-3e4529f44bde" olca:propertyId="93a60a56-a3c8-11da-a746-0800200b9a66" olca:amount="0.559">
            <referenceToFlowDataSet type="flow data set" refObjectId="b8878faf-028f-344c-a89b-de77b46b8617" version="01.00.000" uri="../flows/b8878faf-028f-344c-a89b-de77b46b8617">
                <common:shortDescription xml:lang="en">Oxygen, in air</common:shortDescription>
            </referenceToFlowDataSet>
            <exchangeDirection>Input</exchangeDirection>
            <meanAmount>0.559</meanAmount>
            <resultingAmount>0.559</resultingAmount>
            <allocations>
                <allocation internalReferenceToCoProduct="1" allocatedFraction="100.0"/>
                <allocation internalReferenceToCoProduct="22" allocatedFraction="0.0"/>
            </allocations>
        </exchange>
        <exchange xmlns:olca="http://openlca.org/ilcd-extensions" dataSetInternalID="33" olca:unitId="20aadc24-a391-41cf-b340-3e4529f44bde" olca:propertyId="93a60a56-a3c8-11da-a746-0800200b9a66" olca:amount="1.0E-6">
            <referenceToFlowDataSet type="flow data set" refObjectId="95e04482-be56-351f-8bae-f56b7ddaf236" version="01.00.000" uri="../flows/95e04482-be56-351f-8bae-f56b7ddaf236">
                <common:shortDescription xml:lang="en">Nickel compounds, unspecified</common:shortDescription>
            </referenceToFlowDataSet>
            <exchangeDirection>Output</exchangeDirection>
            <meanAmount>1.0E-6</meanAmount>
            <resultingAmount>1.0E-6</resultingAmount>
            <allocations>
                <allocation internalReferenceToCoProduct="22" allocatedFraction="0.0"/>
                <allocation internalReferenceToCoProduct="1" allocatedFraction="100.0"/>
            </allocations>
            <generalComment xml:lang="en">This emission was reported by fewer than three companies. To indicate known emissions while protecting the confidentiality of individual company responses, the emission is reported only by order of magnitude.</generalComment>
        </exchange>
        <exchange xmlns:olca="http://openlca.org/ilcd-extensions" dataSetInternalID="21" olca:unitId="20aadc24-a391-41cf-b340-3e4529f44bde" olca:propertyId="93a60a56-a3c8-11da-a746-0800200b9a66" olca:amount="1.0E-8">
            <referenceToFlowDataSet type="flow data set" refObjectId="8e123669-94d3-41d8-9480-a79211fe7c43" version="01.00.000" uri="../flows/8e123669-94d3-41d8-9480-a79211fe7c43">
                <common:shortDescription xml:lang="en">Lead</common:shortDescription>
            </referenceToFlowDataSet>
            <exchangeDirection>Output</exchangeDirection>
            <meanAmount>1.0E-8</meanAmount>
            <resultingAmount>1.0E-8</resultingAmount>
            <allocations>
                <allocation internalReferenceToCoProduct="1" allocatedFraction="100.0"/>
                <allocation internalReferenceToCoProduct="22" allocatedFraction="0.0"/>
            </allocations>
            <generalComment xml:lang="en">This emission was reported by fewer than three companies. To indicate known emissions while protecting the confidentiality of individual company responses, the emission is reported only by order of magnitude.</generalComment>
        </exchange>
        <exchange xmlns:olca="http://openlca.org/ilcd-extensions" dataSetInternalID="5" olca:unitId="20aadc24-a391-41cf-b340-3e4529f44bde" olca:propertyId="93a60a56-a3c8-11da-a746-0800200b9a66" olca:amount="1.0E-5">
            <referenceToFlowDataSet type="flow data set" refObjectId="21e46cb8-6233-4c99-bac3-c41d2ab99498" version="01.00.000" uri="../flows/21e46cb8-6233-4c99-bac3-c41d2ab99498">
                <common:shortDescription xml:lang="en">Particulates, &lt; 2.5 um</common:shortDescription>
            </referenceToFlowDataSet>
            <exchangeDirection>Output</exchangeDirection>
            <meanAmount>1.0E-5</meanAmount>
            <resultingAmount>1.0E-5</resultingAmount>
            <allocations>
                <allocation internalReferenceToCoProduct="22" allocatedFraction="0.0"/>
                <allocation internalReferenceToCoProduct="1" allocatedFraction="100.0"/>
            </allocations>
            <generalComment xml:lang="en">This emission was reported by fewer than three companies. To indicate known emissions while protecting the confidentiality of individual company responses, the emission is reported only by order of magnitude.</generalComment>
        </exchange>
        <exchange xmlns:olca="http://openlca.org/ilcd-extensions" dataSetInternalID="15" olca:unitId="20aadc24-a391-41cf-b340-3e4529f44bde" olca:propertyId="93a60a56-a3c8-11da-a746-0800200b9a66" olca:amount="1.0E-7">
            <referenceToFlowDataSet type="flow data set" refObjectId="68645e0d-dc3f-3d22-b886-7eff1d63add4" version="01.00.000" uri="../flows/68645e0d-dc3f-3d22-b886-7eff1d63add4">
                <common:shortDescription xml:lang="en">Copper</common:shortDescription>
            </referenceToFlowDataSet>
            <exchangeDirection>Output</exchangeDirection>
            <meanAmount>1.0E-7</meanAmount>
            <resultingAmount>1.0E-7</resultingAmount>
            <allocations>
                <allocation internalReferenceToCoProduct="22" allocatedFraction="0.0"/>
                <allocation internalReferenceToCoProduct="1" allocatedFraction="100.0"/>
            </allocations>
            <generalComment xml:lang="en">This emission was reported by fewer than three companies. To indicate known emissions while protecting the confidentiality of individual company responses, the emission is reported only by order of magnitude.</generalComment>
        </exchange>
        <exchange xmlns:olca="http://openlca.org/ilcd-extensions" dataSetInternalID="22" olca:unitId="52765a6c-3896-43c2-b2f4-c679acf13efe" olca:propertyId="f6811440-ee37-11de-8a39-0800200c9a66" olca:amount="0.003045">
            <referenceToFlowDataSet type="flow data set" refObjectId="bdd323b8-1b5c-340d-9301-e2d28c075cca" version="01.00.000" uri="../flows/bdd323b8-1b5c-340d-9301-e2d28c075cca">
                <common:shortDescription xml:lang="en">Recovered energy</common:shortDescription>
            </referenceToFlowDataSet>
            <exchangeDirection>Output</exchangeDirection>
            <meanAmount>0.003045</meanAmount>
            <resultingAmount>0.003045</resultingAmount>
            <allocations>
                <allocation internalReferenceToCoProduct="22" allocatedFraction="0.0"/>
            </allocations>
            <generalComment xml:lang="en">Credit for steam or heat co-product sold externally.</generalComment>
        </exchange>
        <exchange xmlns:olca="http://openlca.org/ilcd-extensions" dataSetInternalID="4" olca:unitId="20aadc24-a391-41cf-b340-3e4529f44bde" olca:propertyId="93a60a56-a3c8-11da-a746-0800200b9a66" olca:amount="0.00156">
            <referenceToFlowDataSet type="flow data set" refObjectId="5d2b8abb-4d07-3515-b955-46a086e599f6" version="01.00.000" uri="../flows/5d2b8abb-4d07-3515-b955-46a086e599f6">
                <common:shortDescription xml:lang="en">CUTOFF Disposal, solid waste, unspecified, to waste-to-energy</common:shortDescription>
            </referenceToFlowDataSet>
            <exchangeDirection>Input</exchangeDirection>
            <meanAmount>0.00156</meanAmount>
            <resultingAmount>0.00156</resultingAmount>
            <allocations>
                <allocation internalReferenceToCoProduct="22" allocatedFraction="0.0"/>
                <allocation internalReferenceToCoProduct="1" allocatedFraction="100.0"/>
            </allocations>
        </exchange>
        <exchange xmlns:olca="http://openlca.org/ilcd-extensions" dataSetInternalID="29" olca:unitId="0dea4ed8-bb6b-4049-b2b4-b2c413ef2180" olca:propertyId="838aaa20-0117-11db-92e3-0800200c9a66" olca:amount="0.03628">
            <referenceToFlowDataSet type="flow data set" refObjectId="a1242640-8306-366c-9c55-6dfd23e77bd7" version="01.00.000" uri="../flows/a1242640-8306-366c-9c55-6dfd23e77bd7">
                <common:shortDescription xml:lang="en">Transport, barge, diesel powered</common:shortDescription>
            </referenceToFlowDataSet>
            <exchangeDirection>Input</exchangeDirection>
            <meanAmount>0.03628</meanAmount>
            <resultingAmount>0.03628</resultingAmount>
            <allocations>
                <allocation internalReferenceToCoProduct="1" allocatedFraction="100.0"/>
                <allocation internalReferenceToCoProduct="22" allocatedFraction="0.0"/>
            </allocations>
            <generalComment xml:lang="en">Values for barge transport are calculated based on average fuel consumption rates as reported in Transportation Energy Data Book: Edition 22 from Oak Ridge National Laboratory, September 2002: 22% of barges use diesel fuel in their engines, 78% use residual oil to generate steam for steam turbines, and a barge that consumes residual oil consumes 3.4 gallons per 1,000 ton-miles </generalComment>
        </exchange>
        <exchange xmlns:olca="http://openlca.org/ilcd-extensions" dataSetInternalID="23" olca:unitId="20aadc24-a391-41cf-b340-3e4529f44bde" olca:propertyId="93a60a56-a3c8-11da-a746-0800200b9a66" olca:amount="7.2E-6">
            <referenceToFlowDataSet type="flow data set" refObjectId="6b41ff0f-2c11-3d98-aee6-ca2f5d4c817c" version="01.00.000" uri="../flows/6b41ff0f-2c11-3d98-aee6-ca2f5d4c817c">
                <common:shortDescription xml:lang="en">NMVOC, non-methane volatile organic compounds, unspecified </common:shortDescription>
            </referenceToFlowDataSet>
            <exchangeDirection>Output</exchangeDirection>
            <meanAmount>7.2E-6</meanAmount>
            <resultingAmount>7.2E-6</resultingAmount>
            <allocations>
                <allocation internalReferenceToCoProduct="22" allocatedFraction="0.0"/>
                <allocation internalReferenceToCoProduct="1" allocatedFraction="100.0"/>
            </allocations>
        </exchange>
        <exchange xmlns:olca="http://openlca.org/ilcd-extensions" dataSetInternalID="32" olca:unitId="52765a6c-3896-43c2-b2f4-c679acf13efe" olca:propertyId="f6811440-ee37-11de-8a39-0800200c9a66" olca:amount="0.079586">
            <referenceToFlowDataSet type="flow data set" refObjectId="fc76d79e-b0fb-376f-807b-02fe2098aa88" version="01.00.000" uri="../flows/fc76d79e-b0fb-376f-807b-02fe2098aa88">
                <common:shortDescription xml:lang="en">Electricity, at cogen, for natural gas turbine</common:shortDescription>
            </referenceToFlowDataSet>
            <exchangeDirection>Input</exchangeDirection>
            <meanAmount>0.079586</meanAmount>
            <resultingAmount>0.079586</resultingAmount>
            <allocations>
                <allocation internalReferenceToCoProduct="1" allocatedFraction="100.0"/>
                <allocation internalReferenceToCoProduct="22" allocatedFraction="0.0"/>
            </allocations>
        </exchange>
        <exchange xmlns:olca="http://openlca.org/ilcd-extensions" dataSetInternalID="2" olca:unitId="0dea4ed8-bb6b-4049-b2b4-b2c413ef2180" olca:propertyId="838aaa20-0117-11db-92e3-0800200c9a66" olca:amount="0.002181">
            <referenceToFlowDataSet type="flow data set" refObjectId="acbe5bc4-6afd-31aa-bf3f-4a3fdc491945" version="01.00.000" uri="../flows/acbe5bc4-6afd-31aa-bf3f-4a3fdc491945">
                <common:shortDescription xml:lang="en">Transport, pipeline, unspecified petroleum products</common:shortDescription>
            </referenceToFlowDataSet>
            <exchangeDirection>Input</exchangeDirection>
            <meanAmount>0.002181</meanAmount>
            <resultingAmount>0.002181</resultingAmount>
            <allocations>
                <allocation internalReferenceToCoProduct="22" allocatedFraction="0.0"/>
                <allocation internalReferenceToCoProduct="1" allocatedFraction="100.0"/>
            </allocations>
        </exchange>
        <exchange xmlns:olca="http://openlca.org/ilcd-extensions" dataSetInternalID="28" olca:unitId="20aadc24-a391-41cf-b340-3e4529f44bde" olca:propertyId="93a60a56-a3c8-11da-a746-0800200b9a66" olca:amount="1.0E-5">
            <referenceToFlowDataSet type="flow data set" refObjectId="c3c40d19-d473-309b-921b-077cfe11fa0d" version="01.00.000" uri="../flows/c3c40d19-d473-309b-921b-077cfe11fa0d">
                <common:shortDescription xml:lang="en">Perfluorocarbons, unspecified</common:shortDescription>
            </referenceToFlowDataSet>
            <exchangeDirection>Output</exchangeDirection>
            <meanAmount>1.0E-5</meanAmount>
            <resultingAmount>1.0E-5</resultingAmount>
            <allocations>
                <allocation internalReferenceToCoProduct="1" allocatedFraction="100.0"/>
                <allocation internalReferenceToCoProduct="22" allocatedFraction="0.0"/>
            </allocations>
            <generalComment xml:lang="en">This emission was reported by fewer than three companies. To indicate known emissions while protecting the confidentiality of individual company responses, the emission is reported only by order of magnitude.</generalComment>
        </exchange>
        <exchange xmlns:olca="http://openlca.org/ilcd-extensions" dataSetInternalID="7" olca:unitId="20aadc24-a391-41cf-b340-3e4529f44bde" olca:propertyId="93a60a56-a3c8-11da-a746-0800200b9a66" olca:amount="1.0E-8">
            <referenceToFlowDataSet type="flow data set" refObjectId="e3569b8d-34ca-4712-93b5-b0d81f955663" version="01.00.000" uri="../flows/e3569b8d-34ca-4712-93b5-b0d81f955663">
                <common:shortDescription xml:lang="en">Sulfur oxides</common:shortDescription>
            </referenceToFlowDataSet>
            <exchangeDirection>Output</exchangeDirection>
            <meanAmount>1.0E-8</meanAmount>
            <resultingAmount>1.0E-8</resultingAmount>
            <allocations>
                <allocation internalReferenceToCoProduct="22" allocatedFraction="0.0"/>
                <allocation internalReferenceToCoProduct="1" allocatedFraction="100.0"/>
            </allocations>
            <generalComment xml:lang="en">This emission was reported by fewer than three companies. To indicate known emissions while protecting the confidentiality of individual company responses, the emission is reported only by order of magnitude.</generalComment>
        </exchange>
        <exchange xmlns:olca="http://openlca.org/ilcd-extensions" dataSetInternalID="10" olca:unitId="20aadc24-a391-41cf-b340-3e4529f44bde" olca:propertyId="93a60a56-a3c8-11da-a746-0800200b9a66" olca:amount="1.0E-7">
            <referenceToFlowDataSet type="flow data set" refObjectId="c941d6d0-a56c-4e6c-95de-ac685635218d" version="01.00.000" uri="../flows/c941d6d0-a56c-4e6c-95de-ac685635218d">
                <common:shortDescription xml:lang="en">Hydrogen chloride</common:shortDescription>
            </referenceToFlowDataSet>
            <exchangeDirection>Output</exchangeDirection>
            <meanAmount>1.0E-7</meanAmount>
            <resultingAmount>1.0E-7</resultingAmount>
            <allocations>
                <allocation internalReferenceToCoProduct="1" allocatedFraction="100.0"/>
                <allocation internalReferenceToCoProduct="22" allocatedFraction="0.0"/>
            </allocations>
            <generalComment xml:lang="en">This emission was reported by fewer than three companies. To indicate known emissions while protecting the confidentiality of individual company responses, the emission is reported only by order of magnitude.</generalComment>
        </exchange>
        <exchange xmlns:olca="http://openlca.org/ilcd-extensions" dataSetInternalID="24" olca:unitId="20aadc24-a391-41cf-b340-3e4529f44bde" olca:propertyId="93a60a56-a3c8-11da-a746-0800200b9a66" olca:amount="1.1E-5">
            <referenceToFlowDataSet type="flow data set" refObjectId="7ae371ac-8532-11e0-9d78-0800200c9a66" version="01.00.000" uri="../flows/7ae371ac-8532-11e0-9d78-0800200c9a66">
                <common:shortDescription xml:lang="en">Carbon monoxide</common:shortDescription>
            </referenceToFlowDataSet>
            <exchangeDirection>Output</exchangeDirection>
            <meanAmount>1.1E-5</meanAmount>
            <resultingAmount>1.1E-5</resultingAmount>
            <allocations>
                <allocation internalReferenceToCoProduct="22" allocatedFraction="0.0"/>
                <allocation internalReferenceToCoProduct="1" allocatedFraction="100.0"/>
            </allocations>
        </exchange>
        <exchange xmlns:olca="http://openlca.org/ilcd-extensions" dataSetInternalID="19" olca:unitId="0dea4ed8-bb6b-4049-b2b4-b2c413ef2180" olca:propertyId="838aaa20-0117-11db-92e3-0800200c9a66" olca:amount="0.12063">
            <referenceToFlowDataSet type="flow data set" refObjectId="c2cc68fe-1754-3468-a973-51c2f5c82fcd" version="01.00.000" uri="../flows/c2cc68fe-1754-3468-a973-51c2f5c82fcd">
                <common:shortDescription xml:lang="en">Transport, barge, residual fuel oil powered</common:shortDescription>
            </referenceToFlowDataSet>
            <exchangeDirection>Input</exchangeDirection>
            <meanAmount>0.12063</meanAmount>
            <resultingAmount>0.12063</resultingAmount>
            <allocations>
                <allocation internalReferenceToCoProduct="1" allocatedFraction="100.0"/>
                <allocation internalReferenceToCoProduct="22" allocatedFraction="0.0"/>
            </allocations>
            <generalComment xml:lang="en">Values for barge transport are calculated based on average fuel consumption rates as reported in Transportation Energy Data Book: Edition 22 from Oak Ridge National Laboratory, September 2002: 22% of barges use diesel fuel in their engines, 78% use residual oil to generate steam for steam turbines, and a barge that consumes residual oil consumes 3.4 gallons per 1,000 ton-miles </generalComment>
        </exchange>
        <exchange xmlns:olca="http://openlca.org/ilcd-extensions" dataSetInternalID="31" olca:unitId="0dea4ed8-bb6b-4049-b2b4-b2c413ef2180" olca:propertyId="838aaa20-0117-11db-92e3-0800200c9a66" olca:amount="0.081657">
            <referenceToFlowDataSet type="flow data set" refObjectId="73c7494d-4e93-3769-896b-8bb82f0dfccc" version="01.00.000" uri="../flows/73c7494d-4e93-3769-896b-8bb82f0dfccc">
                <common:shortDescription xml:lang="en">Transport, train, diesel powered</common:shortDescription>
            </referenceToFlowDataSet>
            <exchangeDirection>Input</exchangeDirection>
            <meanAmount>0.081657</meanAmount>
            <resultingAmount>0.081657</resultingAmount>
            <allocations>
                <allocation internalReferenceToCoProduct="22" allocatedFraction="0.0"/>
                <allocation internalReferenceToCoProduct="1" allocatedFraction="100.0"/>
            </allocations>
        </exchange>
        <exchange xmlns:olca="http://openlca.org/ilcd-extensions" dataSetInternalID="8" olca:unitId="20aadc24-a391-41cf-b340-3e4529f44bde" olca:propertyId="93a60a56-a3c8-11da-a746-0800200b9a66" olca:amount="0.063">
            <referenceToFlowDataSet type="flow data set" refObjectId="3a8cda88-d05e-3a52-82ff-e7aa2caefd0d" version="01.00.000" uri="../flows/3a8cda88-d05e-3a52-82ff-e7aa2caefd0d">
                <common:shortDescription xml:lang="en">Hydrogen, liquid, synthesis gas, at plant</common:shortDescription>
            </referenceToFlowDataSet>
            <exchangeDirection>Input</exchangeDirection>
            <meanAmount>0.063</meanAmount>
            <resultingAmount>0.063</resultingAmount>
            <allocations>
                <allocation internalReferenceToCoProduct="1" allocatedFraction="100.0"/>
                <allocation internalReferenceToCoProduct="22" allocatedFraction="0.0"/>
            </allocations>
        </exchange>
        <exchange xmlns:olca="http://openlca.org/ilcd-extensions" dataSetInternalID="18" olca:unitId="0dea4ed8-bb6b-4049-b2b4-b2c413ef2180" olca:propertyId="838aaa20-0117-11db-92e3-0800200c9a66" olca:amount="2.4328E-4">
            <referenceToFlowDataSet type="flow data set" refObjectId="057a281a-908b-3adf-8f51-ed79fe5c5a9b" version="01.00.000" uri="../flows/057a281a-908b-3adf-8f51-ed79fe5c5a9b">
                <common:shortDescription xml:lang="en">Transport, pipeline, natural gas</common:shortDescription>
            </referenceToFlowDataSet>
            <exchangeDirection>Input</exchangeDirection>
            <meanAmount>2.4328E-4</meanAmount>
            <resultingAmount>2.4328E-4</resultingAmount>
            <allocations>
                <allocation internalReferenceToCoProduct="1" allocatedFraction="100.0"/>
                <allocation internalReferenceToCoProduct="22" allocatedFraction="0.0"/>
            </allocations>
        </exchange>
        <exchange xmlns:olca="http://openlca.org/ilcd-extensions" dataSetInternalID="25" olca:unitId="20aadc24-a391-41cf-b340-3e4529f44bde" olca:propertyId="93a60a56-a3c8-11da-a746-0800200b9a66" olca:amount="0.149">
            <referenceToFlowDataSet type="flow data set" refObjectId="072a4586-44d6-3428-a15c-8e1e8a0031cc" version="01.00.000" uri="../flows/072a4586-44d6-3428-a15c-8e1e8a0031cc">
                <common:shortDescription xml:lang="en">Ammonia, steam reforming, liquid, at plant</common:shortDescription>
            </referenceToFlowDataSet>
            <exchangeDirection>Input</exchangeDirection>
            <meanAmount>0.149</meanAmount>
            <resultingAmount>0.149</resultingAmount>
            <allocations>
                <allocation internalReferenceToCoProduct="22" allocatedFraction="0.0"/>
                <allocation internalReferenceToCoProduct="1" allocatedFraction="100.0"/>
            </allocations>
        </exchange>
    </exchanges>
</processDataSet>
