<?xml version="1.0" encoding="UTF-8" standalone="yes"?>
<processDataSet xmlns:m="http://lca.jrc.it/ILCD/LCIAMethod" xmlns:common="http://lca.jrc.it/ILCD/Common" xmlns:s="http://lca.jrc.it/ILCD/Source" xmlns:c="http://lca.jrc.it/ILCD/Contact" xmlns:f="http://lca.jrc.it/ILCD/Flow" xmlns="http://lca.jrc.it/ILCD/Process" xmlns:fp="http://lca.jrc.it/ILCD/FlowProperty" xmlns:u="http://lca.jrc.it/ILCD/UnitGroup" version="1.1">
    <processInformation>
        <dataSetInformation>
            <common:UUID>391ccf45-4b61-37e9-a2f2-3e19afc0d4ef</common:UUID>
            <name>
                <baseName xml:lang="en">Enzyme, Alpha-amylase, Novozyme Liquozyme</baseName>
            </name>
            <classificationInformation>
                <common:classification>
                    <common:class level="0" classId="aace7bf8-a0e3-3515-8b6c-2c4211ad420b">Chemical Manufacturing</common:class>
                    <common:class level="1" classId="14f874e9-6029-3dd1-be61-aa72e27b1d86">All Other Basic Organic Chemical Manufacturing</common:class>
                </common:classification>
            </classificationInformation>
            <common:generalComment xml:lang="en">from Figure 3 - values recieved from Novozyme.</common:generalComment>
        </dataSetInformation>
        <quantitativeReference type="Reference flow(s)">
            <referenceToReferenceFlow>1</referenceToReferenceFlow>
        </quantitativeReference>
        <time xmlns:olca="http://openlca.org/ilcd-extensions" olca:startDate="1072854000000" olca:endDate="1072854000000">
            <common:referenceYear>2003</common:referenceYear>
            <common:dataSetValidUntil>2003</common:dataSetValidUntil>
            <common:timeRepresentativenessDescription xml:lang="en">2004</common:timeRepresentativenessDescription>
        </time>
        <geography>
            <locationOfOperationSupplyOrProduction location="RER" latitudeAndLongitude="54.75;15.24">
                <descriptionOfRestrictions xml:lang="en">Unspecified</descriptionOfRestrictions>
            </locationOfOperationSupplyOrProduction>
        </geography>
        <technology>
            <technologyDescriptionAndIncludedProcesses xml:lang="en">current</technologyDescriptionAndIncludedProcesses>
        </technology>
    </processInformation>
    <modellingAndValidation>
        <LCIMethodAndAllocation>
            <typeOfDataSet>Unit process, black box</typeOfDataSet>
            <LCIMethodPrinciple>Other</LCIMethodPrinciple>
        </LCIMethodAndAllocation>
        <dataSourcesTreatmentAndRepresentativeness>
            <deviationsFromCutOffAndCompletenessPrinciples xml:lang="en">None.</deviationsFromCutOffAndCompletenessPrinciples>
            <deviationsFromSelectionAndCombinationPrinciples xml:lang="en">None.</deviationsFromSelectionAndCombinationPrinciples>
            <referenceToDataSource type="source data set" refObjectId="3ba73183-b2f8-3559-93b7-2005d61fa04e" version="01.00.000" uri="../sources/3ba73183-b2f8-3559-93b7-2005d61fa04e">
                <common:shortDescription xml:lang="en">P.H. Nielsen </common:shortDescription>
            </referenceToDataSource>
            <referenceToDataSource type="source data set" refObjectId="a1d1d73e-7d93-3a6b-a3bc-3b2f4f025b86" version="01.00.000" uri="../sources/a1d1d73e-7d93-3a6b-a3bc-3b2f4f025b86">
                <common:shortDescription xml:lang="en">Hsu, D. </common:shortDescription>
            </referenceToDataSource>
        </dataSourcesTreatmentAndRepresentativeness>
    </modellingAndValidation>
    <administrativeInformation>
        <dataGenerator>
            <common:referenceToPersonOrEntityGeneratingTheDataSet type="contact data set" refObjectId="04ed125f-ffa7-33b1-af24-77f5bdb21a05" version="01.00.000" uri="../contacts/04ed125f-ffa7-33b1-af24-77f5bdb21a05">
                <common:shortDescription xml:lang="en">Daniel Inman</common:shortDescription>
            </common:referenceToPersonOrEntityGeneratingTheDataSet>
        </dataGenerator>
        <dataEntryBy>
            <common:timeStamp>2019-07-24T12:10:30.161-06:00</common:timeStamp>
            <common:referenceToDataSetFormat type="source data set" refObjectId="a97a0155-0234-4b87-b4ce-a45da52f2a40" version="01.01.000" uri="../sources/a97a0155-0234-4b87-b4ce-a45da52f2a40_01.01.000.xml">
                <common:shortDescription xml:lang="en">ILCD format</common:shortDescription>
            </common:referenceToDataSetFormat>
            <common:referenceToPersonOrEntityEnteringTheData type="contact data set" refObjectId="04ed125f-ffa7-33b1-af24-77f5bdb21a05" version="01.00.000" uri="../contacts/04ed125f-ffa7-33b1-af24-77f5bdb21a05">
                <common:shortDescription xml:lang="en">Daniel Inman</common:shortDescription>
            </common:referenceToPersonOrEntityEnteringTheData>
        </dataEntryBy>
        <publicationAndOwnership>
            <common:dateOfLastRevision>2018-06-27T10:38:44.754-06:00</common:dateOfLastRevision>
            <common:dataSetVersion>00.00.001</common:dataSetVersion>
            <common:referenceToUnchangedRepublication type="source data set" refObjectId="3ba73183-b2f8-3559-93b7-2005d61fa04e" version="01.00.000" uri="../sources/3ba73183-b2f8-3559-93b7-2005d61fa04e">
                <common:shortDescription xml:lang="en">P.H. Nielsen </common:shortDescription>
            </common:referenceToUnchangedRepublication>
            <common:copyright>false</common:copyright>
            <common:accessRestrictions xml:lang="en">All information can be accessed by everybody.</common:accessRestrictions>
        </publicationAndOwnership>
    </administrativeInformation>
    <exchanges>
        <exchange xmlns:olca="http://openlca.org/ilcd-extensions" dataSetInternalID="8" olca:unitId="3ce61faa-5716-41c1-aef6-b5920054acc9" olca:propertyId="93a60a56-a3c8-19da-a746-0800200c9a66" olca:amount="0.3">
            <referenceToFlowDataSet type="flow data set" refObjectId="0e6a0c9e-ced9-3e7e-8fbf-a8cf18791884" version="01.00.000" uri="../flows/0e6a0c9e-ced9-3e7e-8fbf-a8cf18791884">
                <common:shortDescription xml:lang="en">Transformation, to industrial area</common:shortDescription>
            </referenceToFlowDataSet>
            <exchangeDirection>Input</exchangeDirection>
            <meanAmount>0.3</meanAmount>
            <resultingAmount>0.3</resultingAmount>
        </exchange>
        <exchange xmlns:olca="http://openlca.org/ilcd-extensions" dataSetInternalID="9" olca:unitId="1c3a9695-398d-4b1f-b07e-a8715b610f70" olca:propertyId="93a60a56-a3c8-22da-a746-0800200c9a66" olca:amount="0.012">
            <referenceToFlowDataSet type="flow data set" refObjectId="e4287d9a-02b7-3fc5-a865-7f7e37ed3361" version="01.00.000" uri="../flows/e4287d9a-02b7-3fc5-a865-7f7e37ed3361">
                <common:shortDescription xml:lang="en">Water, unspecified natural origin/m3</common:shortDescription>
            </referenceToFlowDataSet>
            <exchangeDirection>Input</exchangeDirection>
            <meanAmount>0.012</meanAmount>
            <resultingAmount>0.012</resultingAmount>
        </exchange>
        <exchange xmlns:olca="http://openlca.org/ilcd-extensions" dataSetInternalID="1" olca:unitId="20aadc24-a391-41cf-b340-3e4529f44bde" olca:propertyId="93a60a56-a3c8-11da-a746-0800200b9a66" olca:amount="1.0">
            <referenceToFlowDataSet type="flow data set" refObjectId="00b5c8b4-682d-3000-a2df-246e333f6344" version="01.00.000" uri="../flows/00b5c8b4-682d-3000-a2df-246e333f6344">
                <common:shortDescription xml:lang="en">Enzyme, Alpha-amylase, Novozyme Liquozyme</common:shortDescription>
            </referenceToFlowDataSet>
            <exchangeDirection>Output</exchangeDirection>
            <meanAmount>1.0</meanAmount>
            <resultingAmount>1.0</resultingAmount>
        </exchange>
        <exchange xmlns:olca="http://openlca.org/ilcd-extensions" dataSetInternalID="4" olca:unitId="52765a6c-3896-43c2-b2f4-c679acf13efe" olca:propertyId="f6811440-ee37-11de-8a39-0800200c9a66" olca:amount="14.0">
            <referenceToFlowDataSet type="flow data set" refObjectId="a0be6f53-3549-368c-9ae0-62795d922fa7" version="01.00.000" uri="../flows/a0be6f53-3549-368c-9ae0-62795d922fa7">
                <common:shortDescription xml:lang="en">Energy, from coal</common:shortDescription>
            </referenceToFlowDataSet>
            <exchangeDirection>Input</exchangeDirection>
            <meanAmount>14.0</meanAmount>
            <resultingAmount>14.0</resultingAmount>
            <generalComment xml:lang="en">Data is fossil energy. Assumed it was all coal. This number does not affect the GHG emissions. This number is just for energy.</generalComment>
        </exchange>
        <exchange xmlns:olca="http://openlca.org/ilcd-extensions" dataSetInternalID="2" olca:unitId="20aadc24-a391-41cf-b340-3e4529f44bde" olca:propertyId="93a60a56-a3c8-11da-a746-0800200b9a66" olca:amount="1.2">
            <referenceToFlowDataSet type="flow data set" refObjectId="63af114b-afcb-3a82-801a-9c66208a673a" version="01.00.000" uri="../flows/63af114b-afcb-3a82-801a-9c66208a673a">
                <common:shortDescription xml:lang="en">Carbon dioxide, fossil </common:shortDescription>
            </referenceToFlowDataSet>
            <exchangeDirection>Output</exchangeDirection>
            <meanAmount>1.2</meanAmount>
            <resultingAmount>1.2</resultingAmount>
            <generalComment xml:lang="en">CO2 eq</generalComment>
        </exchange>
        <exchange xmlns:olca="http://openlca.org/ilcd-extensions" dataSetInternalID="6" olca:unitId="20aadc24-a391-41cf-b340-3e4529f44bde" olca:propertyId="93a60a56-a3c8-11da-a746-0800200b9a66" olca:amount="0.0066">
            <referenceToFlowDataSet type="flow data set" refObjectId="9f2f21b4-9805-3b84-9b99-086191e16de1" version="01.00.000" uri="../flows/9f2f21b4-9805-3b84-9b99-086191e16de1">
                <common:shortDescription xml:lang="en">Phosphate</common:shortDescription>
            </referenceToFlowDataSet>
            <exchangeDirection>Output</exchangeDirection>
            <meanAmount>0.0066</meanAmount>
            <resultingAmount>0.0066</resultingAmount>
            <generalComment xml:lang="en">phosphate equiv.</generalComment>
        </exchange>
        <exchange xmlns:olca="http://openlca.org/ilcd-extensions" dataSetInternalID="3" olca:unitId="3ce61faa-5716-41c1-aef6-b5920054acc9" olca:propertyId="93a60a56-a3c8-19da-a746-0800200c9a66" olca:amount="0.3">
            <referenceToFlowDataSet type="flow data set" refObjectId="2d9fd0c0-407c-31f0-945c-fef19855270f" version="01.00.000" uri="../flows/2d9fd0c0-407c-31f0-945c-fef19855270f">
                <common:shortDescription xml:lang="en">Transformation, from pasture and meadow</common:shortDescription>
            </referenceToFlowDataSet>
            <exchangeDirection>Input</exchangeDirection>
            <meanAmount>0.3</meanAmount>
            <resultingAmount>0.3</resultingAmount>
        </exchange>
        <exchange xmlns:olca="http://openlca.org/ilcd-extensions" dataSetInternalID="5" olca:unitId="20aadc24-a391-41cf-b340-3e4529f44bde" olca:propertyId="93a60a56-a3c8-11da-a746-0800200b9a66" olca:amount="0.0014">
            <referenceToFlowDataSet type="flow data set" refObjectId="fd7aa71c-508c-480d-81a6-8052aad92646" version="01.00.000" uri="../flows/fd7aa71c-508c-480d-81a6-8052aad92646">
                <common:shortDescription xml:lang="en">Sulfur dioxide</common:shortDescription>
            </referenceToFlowDataSet>
            <exchangeDirection>Output</exchangeDirection>
            <meanAmount>0.0014</meanAmount>
            <resultingAmount>0.0014</resultingAmount>
            <generalComment xml:lang="en">SO2 eq</generalComment>
        </exchange>
        <exchange xmlns:olca="http://openlca.org/ilcd-extensions" dataSetInternalID="7" olca:unitId="20aadc24-a391-41cf-b340-3e4529f44bde" olca:propertyId="93a60a56-a3c8-11da-a746-0800200b9a66" olca:amount="5.0E-4">
            <referenceToFlowDataSet type="flow data set" refObjectId="7b6a5a68-ed87-3687-8dcf-4150089eb829" version="01.00.000" uri="../flows/7b6a5a68-ed87-3687-8dcf-4150089eb829">
                <common:shortDescription xml:lang="en">Ethene</common:shortDescription>
            </referenceToFlowDataSet>
            <exchangeDirection>Output</exchangeDirection>
            <meanAmount>5.0E-4</meanAmount>
            <resultingAmount>5.0E-4</resultingAmount>
            <generalComment xml:lang="en">C2H4 eq</generalComment>
        </exchange>
    </exchanges>
</processDataSet>
