<?xml version="1.0" encoding="UTF-8" standalone="yes"?>
<processDataSet xmlns:m="http://lca.jrc.it/ILCD/LCIAMethod" xmlns:common="http://lca.jrc.it/ILCD/Common" xmlns:s="http://lca.jrc.it/ILCD/Source" xmlns:c="http://lca.jrc.it/ILCD/Contact" xmlns:f="http://lca.jrc.it/ILCD/Flow" xmlns="http://lca.jrc.it/ILCD/Process" xmlns:fp="http://lca.jrc.it/ILCD/FlowProperty" xmlns:u="http://lca.jrc.it/ILCD/UnitGroup" version="1.1">
    <processInformation>
        <dataSetInformation>
            <common:UUID>4c6f7612-c4b8-36d1-803a-8fb067b1b319</common:UUID>
            <name>
                <baseName xml:lang="en">Switchgrass, at conversion plant, 2022</baseName>
            </name>
            <classificationInformation>
                <common:classification>
                    <common:class level="0" classId="aace7bf8-a0e3-3515-8b6c-2c4211ad420b">Chemical Manufacturing</common:class>
                    <common:class level="1" classId="eb295789-0d26-32c1-96f4-c7866c140019">Ethyl alcohol manufacturing</common:class>
                </common:classification>
            </classificationInformation>
            <common:generalComment xml:lang="en">This process transports switchgrass to the conversion plant. It does so using transportation modal allocation from the USDA Ethanol Backgrounder (2007), assuming these current corn grain allocations are applicable to switchgrass and to year 2022. Distances for each mode are from a combination of references; still missing a good distance estimate for barge, but since the share of barge transportation is ~2%, the final result will not be sensititive to this parameter. Infrastructure impacts are included in this process by calling the Ecoinvent "transport" processes. ALSO NEED TO CREATE PARAMETERS SPECIFIC TO SWITCHGRASS INSTEAD OF USING STOVER ONES (where differences to stover can be documented).</common:generalComment>
        </dataSetInformation>
        <quantitativeReference type="Reference flow(s)">
            <referenceToReferenceFlow>1</referenceToReferenceFlow>
        </quantitativeReference>
        <time xmlns:olca="http://openlca.org/ilcd-extensions" olca:startDate="1199084400000" olca:endDate="4102383600000">
            <common:referenceYear>2007</common:referenceYear>
            <common:dataSetValidUntil>2099</common:dataSetValidUntil>
            <common:timeRepresentativenessDescription xml:lang="en">2008</common:timeRepresentativenessDescription>
        </time>
        <geography>
            <locationOfOperationSupplyOrProduction location="RNA" latitudeAndLongitude="58.71;-91.96">
                <descriptionOfRestrictions xml:lang="en">North America</descriptionOfRestrictions>
            </locationOfOperationSupplyOrProduction>
        </geography>
        <technology>
            <technologyDescriptionAndIncludedProcesses xml:lang="en">future</technologyDescriptionAndIncludedProcesses>
        </technology>
    </processInformation>
    <modellingAndValidation>
        <LCIMethodAndAllocation>
            <typeOfDataSet>Unit process, black box</typeOfDataSet>
            <LCIMethodPrinciple>Other</LCIMethodPrinciple>
        </LCIMethodAndAllocation>
        <dataSourcesTreatmentAndRepresentativeness>
            <deviationsFromCutOffAndCompletenessPrinciples xml:lang="en">None.</deviationsFromCutOffAndCompletenessPrinciples>
            <deviationsFromSelectionAndCombinationPrinciples xml:lang="en">None.</deviationsFromSelectionAndCombinationPrinciples>
            <referenceToDataSource type="source data set" refObjectId="8ead363a-c386-37d8-9518-079c77e4ec34" version="01.00.000" uri="../sources/8ead363a-c386-37d8-9518-079c77e4ec34">
                <common:shortDescription xml:lang="en">Denicoff, M.R. </common:shortDescription>
            </referenceToDataSource>
            <referenceToDataSource type="source data set" refObjectId="07cdc4aa-9ed3-3289-b843-4b8c34cae0d2" version="01.00.000" uri="../sources/07cdc4aa-9ed3-3289-b843-4b8c34cae0d2">
                <common:shortDescription xml:lang="en">Jacobson, J.J. </common:shortDescription>
            </referenceToDataSource>
            <referenceToDataSource type="source data set" refObjectId="c99e6834-c14a-3eb9-94a4-073ee0f58149" version="01.00.000" uri="../sources/c99e6834-c14a-3eb9-94a4-073ee0f58149">
                <common:shortDescription xml:lang="en">Shapouri, H. </common:shortDescription>
            </referenceToDataSource>
            <referenceToDataSource type="source data set" refObjectId="a1d1d73e-7d93-3a6b-a3bc-3b2f4f025b86" version="01.00.000" uri="../sources/a1d1d73e-7d93-3a6b-a3bc-3b2f4f025b86">
                <common:shortDescription xml:lang="en">Hsu, D. </common:shortDescription>
            </referenceToDataSource>
        </dataSourcesTreatmentAndRepresentativeness>
    </modellingAndValidation>
    <administrativeInformation>
        <dataGenerator>
            <common:referenceToPersonOrEntityGeneratingTheDataSet type="contact data set" refObjectId="4abc5016-b922-34c0-a2c1-136c5cfa7083" version="01.00.000" uri="../contacts/4abc5016-b922-34c0-a2c1-136c5cfa7083">
                <common:shortDescription xml:lang="en">Garvin Heath</common:shortDescription>
            </common:referenceToPersonOrEntityGeneratingTheDataSet>
        </dataGenerator>
        <dataEntryBy>
            <common:timeStamp>2019-07-24T12:10:29.628-06:00</common:timeStamp>
            <common:referenceToDataSetFormat type="source data set" refObjectId="a97a0155-0234-4b87-b4ce-a45da52f2a40" version="01.01.000" uri="../sources/a97a0155-0234-4b87-b4ce-a45da52f2a40_01.01.000.xml">
                <common:shortDescription xml:lang="en">ILCD format</common:shortDescription>
            </common:referenceToDataSetFormat>
            <common:referenceToPersonOrEntityEnteringTheData type="contact data set" refObjectId="4abc5016-b922-34c0-a2c1-136c5cfa7083" version="01.00.000" uri="../contacts/4abc5016-b922-34c0-a2c1-136c5cfa7083">
                <common:shortDescription xml:lang="en">Garvin Heath</common:shortDescription>
            </common:referenceToPersonOrEntityEnteringTheData>
        </dataEntryBy>
        <publicationAndOwnership>
            <common:dateOfLastRevision>2018-06-27T10:38:44.929-06:00</common:dateOfLastRevision>
            <common:dataSetVersion>00.00.001</common:dataSetVersion>
            <common:referenceToUnchangedRepublication type="source data set" refObjectId="a1d1d73e-7d93-3a6b-a3bc-3b2f4f025b86" version="01.00.000" uri="../sources/a1d1d73e-7d93-3a6b-a3bc-3b2f4f025b86">
                <common:shortDescription xml:lang="en">Hsu, D. </common:shortDescription>
            </common:referenceToUnchangedRepublication>
            <common:copyright>false</common:copyright>
            <common:accessRestrictions xml:lang="en">All information can be accessed by everybody.</common:accessRestrictions>
        </publicationAndOwnership>
    </administrativeInformation>
    <exchanges>
        <exchange xmlns:olca="http://openlca.org/ilcd-extensions" dataSetInternalID="2" olca:unitId="0dea4ed8-bb6b-4049-b2b4-b2c413ef2180" olca:propertyId="838aaa20-0117-11db-92e3-0800200c9a66" olca:amount="11.3">
            <referenceToFlowDataSet type="flow data set" refObjectId="a1242640-8306-366c-9c55-6dfd23e77bd7" version="01.00.000" uri="../flows/a1242640-8306-366c-9c55-6dfd23e77bd7">
                <common:shortDescription xml:lang="en">Transport, barge, diesel powered</common:shortDescription>
            </referenceToFlowDataSet>
            <exchangeDirection>Input</exchangeDirection>
            <meanAmount>11.3</meanAmount>
            <resultingAmount>11.3</resultingAmount>
            <generalComment xml:lang="en">assuming barge is for dry goods, barge tanker for liquid. This process relates to "average" (current) barges, even though emissions will presumably be considerably lower in 2022. Assumes backhauling of gasoline (i.e., no attributable empty return trip). Proxy: Transport, barge/RER with US electricity U.</generalComment>
        </exchange>
        <exchange xmlns:olca="http://openlca.org/ilcd-extensions" dataSetInternalID="5" olca:unitId="20aadc24-a391-41cf-b340-3e4529f44bde" olca:propertyId="93a60a56-a3c8-11da-a746-0800200b9a66" olca:amount="1.0">
            <referenceToFlowDataSet type="flow data set" refObjectId="db2c1447-2d40-3fa4-83b2-fe2753bbbf6a" version="01.00.000" uri="../flows/db2c1447-2d40-3fa4-83b2-fe2753bbbf6a">
                <common:shortDescription xml:lang="en">Switchgrass, ground and stored, 2022</common:shortDescription>
            </referenceToFlowDataSet>
            <exchangeDirection>Input</exchangeDirection>
            <meanAmount>1.0</meanAmount>
            <resultingAmount>1.0</resultingAmount>
        </exchange>
        <exchange xmlns:olca="http://openlca.org/ilcd-extensions" dataSetInternalID="3" olca:unitId="0dea4ed8-bb6b-4049-b2b4-b2c413ef2180" olca:propertyId="838aaa20-0117-11db-92e3-0800200c9a66" olca:amount="32.2">
            <referenceToFlowDataSet type="flow data set" refObjectId="628c07ec-0802-39c1-ab88-1c62848ef436" version="01.00.000" uri="../flows/628c07ec-0802-39c1-ab88-1c62848ef436">
                <common:shortDescription xml:lang="en">Transport, combination truck, diesel powered</common:shortDescription>
            </referenceToFlowDataSet>
            <exchangeDirection>Input</exchangeDirection>
            <meanAmount>32.2</meanAmount>
            <resultingAmount>32.2</resultingAmount>
            <generalComment xml:lang="en">This is the most stringest European emission standard for lorries, though presumably considerably higher than standards in place in 2022.  Assumes backhauling of gasoline (i.e., no attributable empty return trip). Proxy: Transport, lorry &gt;32t, EURO5/RER with US electricity U.</generalComment>
        </exchange>
        <exchange xmlns:olca="http://openlca.org/ilcd-extensions" dataSetInternalID="4" olca:unitId="0dea4ed8-bb6b-4049-b2b4-b2c413ef2180" olca:propertyId="838aaa20-0117-11db-92e3-0800200c9a66" olca:amount="200.0">
            <referenceToFlowDataSet type="flow data set" refObjectId="73c7494d-4e93-3769-896b-8bb82f0dfccc" version="01.00.000" uri="../flows/73c7494d-4e93-3769-896b-8bb82f0dfccc">
                <common:shortDescription xml:lang="en">Transport, train, diesel powered</common:shortDescription>
            </referenceToFlowDataSet>
            <exchangeDirection>Input</exchangeDirection>
            <meanAmount>200.0</meanAmount>
            <resultingAmount>200.0</resultingAmount>
            <generalComment xml:lang="en">This process uses European train data extrapolated to US by ecoinvent. This process relates to "average" (current) trains, even though emissions will presumably be considerably lower in 2022. Assumes backhauling of gasoline (i.e., no attributable empty return trip). Proxy: Transport, freight, rail, diesel/US with US electricity U.</generalComment>
        </exchange>
        <exchange xmlns:olca="http://openlca.org/ilcd-extensions" dataSetInternalID="1" olca:unitId="20aadc24-a391-41cf-b340-3e4529f44bde" olca:propertyId="93a60a56-a3c8-11da-a746-0800200b9a66" olca:amount="1.0">
            <referenceToFlowDataSet type="flow data set" refObjectId="fcca6571-d78a-36ad-812a-9b55de1565d8" version="01.00.000" uri="../flows/fcca6571-d78a-36ad-812a-9b55de1565d8">
                <common:shortDescription xml:lang="en">Switchgrass, at conversion plant, 2022</common:shortDescription>
            </referenceToFlowDataSet>
            <exchangeDirection>Output</exchangeDirection>
            <meanAmount>1.0</meanAmount>
            <resultingAmount>1.0</resultingAmount>
        </exchange>
    </exchanges>
</processDataSet>
