<?xml version="1.0" encoding="UTF-8" standalone="yes"?>
<processDataSet xmlns:m="http://lca.jrc.it/ILCD/LCIAMethod" xmlns:common="http://lca.jrc.it/ILCD/Common" xmlns:s="http://lca.jrc.it/ILCD/Source" xmlns:c="http://lca.jrc.it/ILCD/Contact" xmlns:f="http://lca.jrc.it/ILCD/Flow" xmlns="http://lca.jrc.it/ILCD/Process" xmlns:fp="http://lca.jrc.it/ILCD/FlowProperty" xmlns:u="http://lca.jrc.it/ILCD/UnitGroup" version="1.1">
    <processInformation>
        <dataSetInformation>
            <common:UUID>8e3e47ea-ed49-329e-8931-29115917bc81</common:UUID>
            <name>
                <baseName xml:lang="en">Ethanol, denatured, corn dry mill</baseName>
            </name>
            <classificationInformation>
                <common:classification>
                    <common:class level="0" classId="aace7bf8-a0e3-3515-8b6c-2c4211ad420b">Chemical Manufacturing</common:class>
                    <common:class level="1" classId="eb295789-0d26-32c1-96f4-c7866c140019">Ethyl alcohol manufacturing</common:class>
                </common:classification>
            </classificationInformation>
        </dataSetInformation>
        <quantitativeReference type="Reference flow(s)">
            <referenceToReferenceFlow>1</referenceToReferenceFlow>
        </quantitativeReference>
        <time xmlns:olca="http://openlca.org/ilcd-extensions" olca:startDate="1199084400000" olca:endDate="4102383600000">
            <common:referenceYear>2007</common:referenceYear>
            <common:dataSetValidUntil>2099</common:dataSetValidUntil>
            <common:timeRepresentativenessDescription xml:lang="en">2008</common:timeRepresentativenessDescription>
        </time>
        <geography>
            <locationOfOperationSupplyOrProduction location="RNA" latitudeAndLongitude="58.71;-91.96">
                <descriptionOfRestrictions xml:lang="en">North America</descriptionOfRestrictions>
            </locationOfOperationSupplyOrProduction>
        </geography>
        <technology>
            <technologyDescriptionAndIncludedProcesses xml:lang="en">modern</technologyDescriptionAndIncludedProcesses>
        </technology>
    </processInformation>
    <modellingAndValidation>
        <LCIMethodAndAllocation>
            <typeOfDataSet>Unit process, black box</typeOfDataSet>
            <LCIMethodPrinciple>Other</LCIMethodPrinciple>
        </LCIMethodAndAllocation>
        <dataSourcesTreatmentAndRepresentativeness>
            <deviationsFromCutOffAndCompletenessPrinciples xml:lang="en">None.</deviationsFromCutOffAndCompletenessPrinciples>
            <deviationsFromSelectionAndCombinationPrinciples xml:lang="en">None.</deviationsFromSelectionAndCombinationPrinciples>
            <referenceToDataSource type="source data set" refObjectId="a4f0cce1-37b8-3abc-800d-d494a2c33caa" version="01.00.000" uri="../sources/a4f0cce1-37b8-3abc-800d-d494a2c33caa">
                <common:shortDescription xml:lang="en">Andrew McAloon </common:shortDescription>
            </referenceToDataSource>
            <referenceToDataSource type="source data set" refObjectId="a1d1d73e-7d93-3a6b-a3bc-3b2f4f025b86" version="01.00.000" uri="../sources/a1d1d73e-7d93-3a6b-a3bc-3b2f4f025b86">
                <common:shortDescription xml:lang="en">Hsu, D. </common:shortDescription>
            </referenceToDataSource>
        </dataSourcesTreatmentAndRepresentativeness>
    </modellingAndValidation>
    <administrativeInformation>
        <dataGenerator>
            <common:referenceToPersonOrEntityGeneratingTheDataSet type="contact data set" refObjectId="04ed125f-ffa7-33b1-af24-77f5bdb21a05" version="01.00.000" uri="../contacts/04ed125f-ffa7-33b1-af24-77f5bdb21a05">
                <common:shortDescription xml:lang="en">Daniel Inman</common:shortDescription>
            </common:referenceToPersonOrEntityGeneratingTheDataSet>
        </dataGenerator>
        <dataEntryBy>
            <common:timeStamp>2019-07-24T12:10:28.908-06:00</common:timeStamp>
            <common:referenceToDataSetFormat type="source data set" refObjectId="a97a0155-0234-4b87-b4ce-a45da52f2a40" version="01.01.000" uri="../sources/a97a0155-0234-4b87-b4ce-a45da52f2a40_01.01.000.xml">
                <common:shortDescription xml:lang="en">ILCD format</common:shortDescription>
            </common:referenceToDataSetFormat>
            <common:referenceToPersonOrEntityEnteringTheData type="contact data set" refObjectId="04ed125f-ffa7-33b1-af24-77f5bdb21a05" version="01.00.000" uri="../contacts/04ed125f-ffa7-33b1-af24-77f5bdb21a05">
                <common:shortDescription xml:lang="en">Daniel Inman</common:shortDescription>
            </common:referenceToPersonOrEntityEnteringTheData>
        </dataEntryBy>
        <publicationAndOwnership>
            <common:dateOfLastRevision>2018-06-27T10:38:44.917-06:00</common:dateOfLastRevision>
            <common:dataSetVersion>00.00.001</common:dataSetVersion>
            <common:referenceToUnchangedRepublication type="source data set" refObjectId="a1d1d73e-7d93-3a6b-a3bc-3b2f4f025b86" version="01.00.000" uri="../sources/a1d1d73e-7d93-3a6b-a3bc-3b2f4f025b86">
                <common:shortDescription xml:lang="en">Hsu, D. </common:shortDescription>
            </common:referenceToUnchangedRepublication>
            <common:copyright>false</common:copyright>
            <common:accessRestrictions xml:lang="en">All information can be accessed by everybody.</common:accessRestrictions>
        </publicationAndOwnership>
    </administrativeInformation>
    <exchanges>
        <exchange xmlns:olca="http://openlca.org/ilcd-extensions" dataSetInternalID="28" olca:unitId="20aadc24-a391-41cf-b340-3e4529f44bde" olca:propertyId="93a60a56-a3c8-11da-a746-0800200b9a66" olca:amount="14.89">
            <referenceToFlowDataSet type="flow data set" refObjectId="d6bfc1d8-069b-3604-9685-9ed45c6dfce4" version="01.00.000" uri="../flows/d6bfc1d8-069b-3604-9685-9ed45c6dfce4">
                <common:shortDescription xml:lang="en">Corn wet milling, operations, AP-42</common:shortDescription>
            </referenceToFlowDataSet>
            <exchangeDirection>Input</exchangeDirection>
            <meanAmount>14.89</meanAmount>
            <resultingAmount>14.89</resultingAmount>
            <allocations>
                <allocation internalReferenceToCoProduct="6" allocatedFraction="0.0"/>
                <allocation internalReferenceToCoProduct="1" allocatedFraction="100.0"/>
            </allocations>
        </exchange>
        <exchange xmlns:olca="http://openlca.org/ilcd-extensions" dataSetInternalID="29" olca:unitId="20aadc24-a391-41cf-b340-3e4529f44bde" olca:propertyId="93a60a56-a3c8-11da-a746-0800200b9a66" olca:amount="416.0">
            <referenceToFlowDataSet type="flow data set" refObjectId="eb6394c1-0d19-3be3-99ab-ec572dec9926" version="01.00.000" uri="../flows/eb6394c1-0d19-3be3-99ab-ec572dec9926">
                <common:shortDescription xml:lang="en">Lignite coal, combusted in industrial boiler</common:shortDescription>
            </referenceToFlowDataSet>
            <exchangeDirection>Input</exchangeDirection>
            <meanAmount>416.0</meanAmount>
            <resultingAmount>416.0</resultingAmount>
            <allocations>
                <allocation internalReferenceToCoProduct="6" allocatedFraction="0.0"/>
                <allocation internalReferenceToCoProduct="1" allocatedFraction="100.0"/>
            </allocations>
            <generalComment xml:lang="en">Coal CHP. From Mueller (2007). Multiplied by efficiency of 0.8 used in Ecoinvent.</generalComment>
        </exchange>
        <exchange xmlns:olca="http://openlca.org/ilcd-extensions" dataSetInternalID="8" olca:unitId="20aadc24-a391-41cf-b340-3e4529f44bde" olca:propertyId="93a60a56-a3c8-11da-a746-0800200b9a66" olca:amount="46.4">
            <referenceToFlowDataSet type="flow data set" refObjectId="2766f5e7-9d42-36cb-8a03-11aa4f7ecd3a" version="01.00.000" uri="../flows/2766f5e7-9d42-36cb-8a03-11aa4f7ecd3a">
                <common:shortDescription xml:lang="en">Corn grain, at conversion plant, 2022</common:shortDescription>
            </referenceToFlowDataSet>
            <exchangeDirection>Input</exchangeDirection>
            <meanAmount>46.4</meanAmount>
            <resultingAmount>46.4</resultingAmount>
            <allocations>
                <allocation internalReferenceToCoProduct="1" allocatedFraction="100.0"/>
                <allocation internalReferenceToCoProduct="6" allocatedFraction="0.0"/>
            </allocations>
        </exchange>
        <exchange xmlns:olca="http://openlca.org/ilcd-extensions" dataSetInternalID="3" olca:unitId="20aadc24-a391-41cf-b340-3e4529f44bde" olca:propertyId="93a60a56-a3c8-11da-a746-0800200b9a66" olca:amount="62300.0">
            <referenceToFlowDataSet type="flow data set" refObjectId="ed544201-b6df-3d3e-babf-47f018ca2637" version="01.00.000" uri="../flows/ed544201-b6df-3d3e-babf-47f018ca2637">
                <common:shortDescription xml:lang="en">Water</common:shortDescription>
            </referenceToFlowDataSet>
            <exchangeDirection>Output</exchangeDirection>
            <meanAmount>62300.0</meanAmount>
            <resultingAmount>62300.0</resultingAmount>
            <allocations>
                <allocation internalReferenceToCoProduct="1" allocatedFraction="100.0"/>
                <allocation internalReferenceToCoProduct="6" allocatedFraction="0.0"/>
            </allocations>
            <generalComment xml:lang="en">cooling tower water lost to air. calculated based on regression fit from several Aspen runs.</generalComment>
        </exchange>
        <exchange xmlns:olca="http://openlca.org/ilcd-extensions" dataSetInternalID="19" olca:unitId="1c3a9695-398d-4b1f-b07e-a8715b610f70" olca:propertyId="93a60a56-a3c8-22da-a746-0800200c9a66" olca:amount="266.0">
            <referenceToFlowDataSet type="flow data set" refObjectId="0e44e579-abb0-3c77-af64-c774d65be529" version="01.00.000" uri="../flows/0e44e579-abb0-3c77-af64-c774d65be529">
                <common:shortDescription xml:lang="en">Gasoline, at refinery</common:shortDescription>
            </referenceToFlowDataSet>
            <exchangeDirection>Input</exchangeDirection>
            <meanAmount>266.0</meanAmount>
            <resultingAmount>266.0</resultingAmount>
            <allocations>
                <allocation internalReferenceToCoProduct="6" allocatedFraction="0.0"/>
                <allocation internalReferenceToCoProduct="1" allocatedFraction="100.0"/>
            </allocations>
            <generalComment xml:lang="en">About a 0.6% impurity content in product stream (water, CO2, alcohols)</generalComment>
        </exchange>
        <exchange xmlns:olca="http://openlca.org/ilcd-extensions" dataSetInternalID="23" olca:unitId="20aadc24-a391-41cf-b340-3e4529f44bde" olca:propertyId="93a60a56-a3c8-11da-a746-0800200b9a66" olca:amount="231.0">
            <referenceToFlowDataSet type="flow data set" refObjectId="bf2b1e5a-4c92-3974-a2fd-a68898833086" version="01.00.000" uri="../flows/bf2b1e5a-4c92-3974-a2fd-a68898833086">
                <common:shortDescription xml:lang="en">Sodium hydroxide, production mix, at plant</common:shortDescription>
            </referenceToFlowDataSet>
            <exchangeDirection>Input</exchangeDirection>
            <meanAmount>231.0</meanAmount>
            <resultingAmount>231.0</resultingAmount>
            <allocations>
                <allocation internalReferenceToCoProduct="1" allocatedFraction="100.0"/>
                <allocation internalReferenceToCoProduct="6" allocatedFraction="0.0"/>
            </allocations>
            <generalComment xml:lang="en">Assumed for used caustic from CIP. proxy:  sodium hydroxide, 50% in H2O, production mix, at plant</generalComment>
        </exchange>
        <exchange xmlns:olca="http://openlca.org/ilcd-extensions" dataSetInternalID="16" olca:unitId="52765a6c-3896-43c2-b2f4-c679acf13efe" olca:propertyId="f6811440-ee37-11de-8a39-0800200c9a66" olca:amount="39.7">
            <referenceToFlowDataSet type="flow data set" refObjectId="06581fb2-1de0-3e78-8298-f37605dea142" version="01.00.000" uri="../flows/06581fb2-1de0-3e78-8298-f37605dea142">
                <common:shortDescription xml:lang="en">Electricity, at grid, US, 2008</common:shortDescription>
            </referenceToFlowDataSet>
            <exchangeDirection>Input</exchangeDirection>
            <meanAmount>39.7</meanAmount>
            <resultingAmount>39.7</resultingAmount>
            <allocations>
                <allocation internalReferenceToCoProduct="1" allocatedFraction="100.0"/>
                <allocation internalReferenceToCoProduct="6" allocatedFraction="0.0"/>
            </allocations>
            <generalComment xml:lang="en">Integrated Biogas Energy System. From Mueller (2007).</generalComment>
        </exchange>
        <exchange xmlns:olca="http://openlca.org/ilcd-extensions" dataSetInternalID="24" olca:unitId="1c3a9695-398d-4b1f-b07e-a8715b610f70" olca:propertyId="93a60a56-a3c8-22da-a746-0800200c9a66" olca:amount="219.0">
            <referenceToFlowDataSet type="flow data set" refObjectId="bb1dc159-fe13-3f8e-8197-361e8c770ba3" version="01.00.000" uri="../flows/bb1dc159-fe13-3f8e-8197-361e8c770ba3">
                <common:shortDescription xml:lang="en">Natural gas, combusted in industrial boiler</common:shortDescription>
            </referenceToFlowDataSet>
            <exchangeDirection>Input</exchangeDirection>
            <meanAmount>219.0</meanAmount>
            <resultingAmount>219.0</resultingAmount>
            <allocations>
                <allocation internalReferenceToCoProduct="6" allocatedFraction="0.0"/>
                <allocation internalReferenceToCoProduct="1" allocatedFraction="100.0"/>
            </allocations>
            <generalComment xml:lang="en">Integrated Biogas Energy System. Natural gas makes up balance of energy. From Mueller (2007). Multiplied by efficiency of 0.9 used in Ecoinvent.</generalComment>
        </exchange>
        <exchange xmlns:olca="http://openlca.org/ilcd-extensions" dataSetInternalID="27" olca:unitId="20aadc24-a391-41cf-b340-3e4529f44bde" olca:propertyId="93a60a56-a3c8-11da-a746-0800200b9a66" olca:amount="62300.0">
            <referenceToFlowDataSet type="flow data set" refObjectId="7a56cc9f-09dd-36e5-b91b-ce7a88f3423d" version="01.00.000" uri="../flows/7a56cc9f-09dd-36e5-b91b-ce7a88f3423d">
                <common:shortDescription xml:lang="en">Water, cooling, unspecified natural origin/kg</common:shortDescription>
            </referenceToFlowDataSet>
            <exchangeDirection>Input</exchangeDirection>
            <meanAmount>62300.0</meanAmount>
            <resultingAmount>62300.0</resultingAmount>
            <allocations>
                <allocation internalReferenceToCoProduct="1" allocatedFraction="100.0"/>
                <allocation internalReferenceToCoProduct="6" allocatedFraction="0.0"/>
            </allocations>
            <generalComment xml:lang="en">cooling tower water losses. calculated based on regression fit from several Aspen runs.</generalComment>
        </exchange>
        <exchange xmlns:olca="http://openlca.org/ilcd-extensions" dataSetInternalID="22" olca:unitId="20aadc24-a391-41cf-b340-3e4529f44bde" olca:propertyId="93a60a56-a3c8-11da-a746-0800200b9a66" olca:amount="173.0">
            <referenceToFlowDataSet type="flow data set" refObjectId="45f1fd00-2093-3e05-9b41-e942b9e8cec9" version="01.00.000" uri="../flows/45f1fd00-2093-3e05-9b41-e942b9e8cec9">
                <common:shortDescription xml:lang="en">Nitrogen fertilizer, production mix, at plant</common:shortDescription>
            </referenceToFlowDataSet>
            <exchangeDirection>Input</exchangeDirection>
            <meanAmount>173.0</meanAmount>
            <resultingAmount>173.0</resultingAmount>
            <allocations>
                <allocation internalReferenceToCoProduct="1" allocatedFraction="100.0"/>
                <allocation internalReferenceToCoProduct="6" allocatedFraction="0.0"/>
            </allocations>
            <generalComment xml:lang="en">Proxy: Urea, as N, at regional storehouse/RER with US electricity U</generalComment>
        </exchange>
        <exchange xmlns:olca="http://openlca.org/ilcd-extensions" dataSetInternalID="25" olca:unitId="20aadc24-a391-41cf-b340-3e4529f44bde" olca:propertyId="93a60a56-a3c8-11da-a746-0800200b9a66" olca:amount="19600.0">
            <referenceToFlowDataSet type="flow data set" refObjectId="b15b4f72-fc9c-3a44-8cf9-db4f3aed810b" version="01.00.000" uri="../flows/b15b4f72-fc9c-3a44-8cf9-db4f3aed810b">
                <common:shortDescription xml:lang="en">Water, process, unspecified natural origin/kg</common:shortDescription>
            </referenceToFlowDataSet>
            <exchangeDirection>Input</exchangeDirection>
            <meanAmount>19600.0</meanAmount>
            <resultingAmount>19600.0</resultingAmount>
            <allocations>
                <allocation internalReferenceToCoProduct="1" allocatedFraction="100.0"/>
                <allocation internalReferenceToCoProduct="6" allocatedFraction="0.0"/>
            </allocations>
            <generalComment xml:lang="en">process/makeup water. calculated based on regression fit from several Aspen runs.</generalComment>
        </exchange>
        <exchange xmlns:olca="http://openlca.org/ilcd-extensions" dataSetInternalID="30" olca:unitId="20aadc24-a391-41cf-b340-3e4529f44bde" olca:propertyId="93a60a56-a3c8-11da-a746-0800200b9a66" olca:amount="14200.0">
            <referenceToFlowDataSet type="flow data set" refObjectId="510d2c9a-5542-30fb-b8e6-2d9460fe055c" version="01.00.000" uri="../flows/510d2c9a-5542-30fb-b8e6-2d9460fe055c">
                <common:shortDescription xml:lang="en">Corn grain, harvested and stored</common:shortDescription>
            </referenceToFlowDataSet>
            <exchangeDirection>Input</exchangeDirection>
            <meanAmount>14200.0</meanAmount>
            <resultingAmount>14200.0</resultingAmount>
            <allocations>
                <allocation internalReferenceToCoProduct="1" allocatedFraction="100.0"/>
                <allocation internalReferenceToCoProduct="6" allocatedFraction="0.0"/>
            </allocations>
            <generalComment xml:lang="en">no CO2 sequestration</generalComment>
        </exchange>
        <exchange xmlns:olca="http://openlca.org/ilcd-extensions" dataSetInternalID="13" olca:unitId="20aadc24-a391-41cf-b340-3e4529f44bde" olca:propertyId="93a60a56-a3c8-11da-a746-0800200b9a66" olca:amount="860.0">
            <referenceToFlowDataSet type="flow data set" refObjectId="1a76ed77-b97d-3070-85b7-b1f41906cece" version="01.00.000" uri="../flows/1a76ed77-b97d-3070-85b7-b1f41906cece">
                <common:shortDescription xml:lang="en">Wood waste, unspecified, combusted in industrial boiler</common:shortDescription>
            </referenceToFlowDataSet>
            <exchangeDirection>Input</exchangeDirection>
            <meanAmount>860.0</meanAmount>
            <resultingAmount>860.0</resultingAmount>
            <allocations>
                <allocation internalReferenceToCoProduct="6" allocatedFraction="0.0"/>
                <allocation internalReferenceToCoProduct="1" allocatedFraction="100.0"/>
            </allocations>
            <generalComment xml:lang="en">Biomass CHP. From Mueller (2007). Multiplied by efficiency of 0.85 used in Ecoinvent.</generalComment>
        </exchange>
        <exchange xmlns:olca="http://openlca.org/ilcd-extensions" dataSetInternalID="11" olca:unitId="20aadc24-a391-41cf-b340-3e4529f44bde" olca:propertyId="93a60a56-a3c8-11da-a746-0800200b9a66" olca:amount="47.0">
            <referenceToFlowDataSet type="flow data set" refObjectId="d818c190-7b73-33b1-b0d4-9f4339e3b117" version="01.00.000" uri="../flows/d818c190-7b73-33b1-b0d4-9f4339e3b117">
                <common:shortDescription xml:lang="en">Enzyme, Glucoamylase, Novozyme Spirizyme</common:shortDescription>
            </referenceToFlowDataSet>
            <exchangeDirection>Input</exchangeDirection>
            <meanAmount>47.0</meanAmount>
            <resultingAmount>47.0</resultingAmount>
            <allocations>
                <allocation internalReferenceToCoProduct="6" allocatedFraction="0.0"/>
                <allocation internalReferenceToCoProduct="1" allocatedFraction="100.0"/>
            </allocations>
        </exchange>
        <exchange xmlns:olca="http://openlca.org/ilcd-extensions" dataSetInternalID="12" olca:unitId="20aadc24-a391-41cf-b340-3e4529f44bde" olca:propertyId="93a60a56-a3c8-11da-a746-0800200b9a66" olca:amount="7.36">
            <referenceToFlowDataSet type="flow data set" refObjectId="28b025c1-5897-3e01-8aa2-166cd2c9f86d" version="01.00.000" uri="../flows/28b025c1-5897-3e01-8aa2-166cd2c9f86d">
                <common:shortDescription xml:lang="en">Corn wet mill, gluten drying, AP-42</common:shortDescription>
            </referenceToFlowDataSet>
            <exchangeDirection>Input</exchangeDirection>
            <meanAmount>7.36</meanAmount>
            <resultingAmount>7.36</resultingAmount>
            <allocations>
                <allocation internalReferenceToCoProduct="6" allocatedFraction="0.0"/>
                <allocation internalReferenceToCoProduct="1" allocatedFraction="100.0"/>
            </allocations>
            <generalComment xml:lang="en">Assumed emissions for DDGS dryer. calculated based on regression fit from several Aspen runs.</generalComment>
        </exchange>
        <exchange xmlns:olca="http://openlca.org/ilcd-extensions" dataSetInternalID="10" olca:unitId="20aadc24-a391-41cf-b340-3e4529f44bde" olca:propertyId="93a60a56-a3c8-11da-a746-0800200b9a66" olca:amount="138.0">
            <referenceToFlowDataSet type="flow data set" refObjectId="54fb7648-dbd1-316c-a959-2112b70e3f30" version="01.00.000" uri="../flows/54fb7648-dbd1-316c-a959-2112b70e3f30">
                <common:shortDescription xml:lang="en">CUTOFF Disposal, inert waste, 5% water, to inert material landfill</common:shortDescription>
            </referenceToFlowDataSet>
            <exchangeDirection>Input</exchangeDirection>
            <meanAmount>138.0</meanAmount>
            <resultingAmount>138.0</resultingAmount>
            <allocations>
                <allocation internalReferenceToCoProduct="6" allocatedFraction="0.0"/>
                <allocation internalReferenceToCoProduct="1" allocatedFraction="100.0"/>
            </allocations>
            <generalComment xml:lang="en">tramp metal and rocks</generalComment>
        </exchange>
        <exchange xmlns:olca="http://openlca.org/ilcd-extensions" dataSetInternalID="18" olca:unitId="20aadc24-a391-41cf-b340-3e4529f44bde" olca:propertyId="93a60a56-a3c8-11da-a746-0800200b9a66" olca:amount="1830.0">
            <referenceToFlowDataSet type="flow data set" refObjectId="421046b3-9d5d-3bc3-8ade-fd2834168be2" version="01.00.000" uri="../flows/421046b3-9d5d-3bc3-8ade-fd2834168be2">
                <common:shortDescription xml:lang="en">Water, unspecified natural origin/kg</common:shortDescription>
            </referenceToFlowDataSet>
            <exchangeDirection>Input</exchangeDirection>
            <meanAmount>1830.0</meanAmount>
            <resultingAmount>1830.0</resultingAmount>
            <allocations>
                <allocation internalReferenceToCoProduct="1" allocatedFraction="100.0"/>
                <allocation internalReferenceToCoProduct="6" allocatedFraction="0.0"/>
            </allocations>
            <generalComment xml:lang="en">steam losses. calculated based on regression fit from several Aspen runs.</generalComment>
        </exchange>
        <exchange xmlns:olca="http://openlca.org/ilcd-extensions" dataSetInternalID="14" olca:unitId="1c3a9695-398d-4b1f-b07e-a8715b610f70" olca:propertyId="93a60a56-a3c8-22da-a746-0800200c9a66" olca:amount="0.1">
            <referenceToFlowDataSet type="flow data set" refObjectId="b70528a4-85c8-3da6-9e86-d6399c94a9b8" version="01.00.000" uri="../flows/b70528a4-85c8-3da6-9e86-d6399c94a9b8">
                <common:shortDescription xml:lang="en">CUTOFF Treatment,maize starch production effluent,to wastewater treatment,class2</common:shortDescription>
            </referenceToFlowDataSet>
            <exchangeDirection>Input</exchangeDirection>
            <meanAmount>0.1</meanAmount>
            <resultingAmount>0.1</resultingAmount>
            <allocations>
                <allocation internalReferenceToCoProduct="1" allocatedFraction="100.0"/>
                <allocation internalReferenceToCoProduct="6" allocatedFraction="0.0"/>
            </allocations>
            <generalComment xml:lang="en">wastewater treatment</generalComment>
        </exchange>
        <exchange xmlns:olca="http://openlca.org/ilcd-extensions" dataSetInternalID="21" olca:unitId="20aadc24-a391-41cf-b340-3e4529f44bde" olca:propertyId="93a60a56-a3c8-11da-a746-0800200b9a66" olca:amount="32.0">
            <referenceToFlowDataSet type="flow data set" refObjectId="00b5c8b4-682d-3000-a2df-246e333f6344" version="01.00.000" uri="../flows/00b5c8b4-682d-3000-a2df-246e333f6344">
                <common:shortDescription xml:lang="en">Enzyme, Alpha-amylase, Novozyme Liquozyme</common:shortDescription>
            </referenceToFlowDataSet>
            <exchangeDirection>Input</exchangeDirection>
            <meanAmount>32.0</meanAmount>
            <resultingAmount>32.0</resultingAmount>
            <allocations>
                <allocation internalReferenceToCoProduct="6" allocatedFraction="0.0"/>
                <allocation internalReferenceToCoProduct="1" allocatedFraction="100.0"/>
            </allocations>
        </exchange>
        <exchange xmlns:olca="http://openlca.org/ilcd-extensions" dataSetInternalID="5" olca:unitId="20aadc24-a391-41cf-b340-3e4529f44bde" olca:propertyId="93a60a56-a3c8-11da-a746-0800200b9a66" olca:amount="-50.6">
            <referenceToFlowDataSet type="flow data set" refObjectId="c34b0387-3e0e-3443-aa95-da82f0bdca12" version="01.00.000" uri="../flows/c34b0387-3e0e-3443-aa95-da82f0bdca12">
                <common:shortDescription xml:lang="en">Methane, biogenic</common:shortDescription>
            </referenceToFlowDataSet>
            <exchangeDirection>Output</exchangeDirection>
            <meanAmount>-50.6</meanAmount>
            <resultingAmount>-50.6</resultingAmount>
            <allocations>
                <allocation internalReferenceToCoProduct="1" allocatedFraction="100.0"/>
                <allocation internalReferenceToCoProduct="6" allocatedFraction="0.0"/>
            </allocations>
            <generalComment xml:lang="en">Reduced CH4 emissions from animals because of use of DDGS feed</generalComment>
        </exchange>
        <exchange xmlns:olca="http://openlca.org/ilcd-extensions" dataSetInternalID="15" olca:unitId="20aadc24-a391-41cf-b340-3e4529f44bde" olca:propertyId="93a60a56-a3c8-11da-a746-0800200b9a66" olca:amount="60.0">
            <referenceToFlowDataSet type="flow data set" refObjectId="382e1e84-36d0-31b8-88b4-5ceaf7c46106" version="01.00.000" uri="../flows/382e1e84-36d0-31b8-88b4-5ceaf7c46106">
                <common:shortDescription xml:lang="en">CUTOFF Yeast paste, from whey, at fermentation</common:shortDescription>
            </referenceToFlowDataSet>
            <exchangeDirection>Input</exchangeDirection>
            <meanAmount>60.0</meanAmount>
            <resultingAmount>60.0</resultingAmount>
            <allocations>
                <allocation internalReferenceToCoProduct="1" allocatedFraction="100.0"/>
                <allocation internalReferenceToCoProduct="6" allocatedFraction="0.0"/>
            </allocations>
            <generalComment xml:lang="en">Assumed for yeast</generalComment>
        </exchange>
        <exchange xmlns:olca="http://openlca.org/ilcd-extensions" dataSetInternalID="4" olca:unitId="52765a6c-3896-43c2-b2f4-c679acf13efe" olca:propertyId="f6811440-ee37-11de-8a39-0800200c9a66" olca:amount="12457.0">
            <referenceToFlowDataSet type="flow data set" refObjectId="39fa5db7-4bae-36f9-ae67-e2ccd67c318a" version="01.00.000" uri="../flows/39fa5db7-4bae-36f9-ae67-e2ccd67c318a">
                <common:shortDescription xml:lang="en">CUTOFF Heat, at cogen with ignition biogas engine, allocation exergy</common:shortDescription>
            </referenceToFlowDataSet>
            <exchangeDirection>Input</exchangeDirection>
            <meanAmount>12457.0</meanAmount>
            <resultingAmount>12457.0</resultingAmount>
            <allocations>
                <allocation internalReferenceToCoProduct="6" allocatedFraction="0.0"/>
                <allocation internalReferenceToCoProduct="1" allocatedFraction="100.0"/>
            </allocations>
            <generalComment xml:lang="en">Integrated Biogas Energy System. From Mueller (2007).</generalComment>
        </exchange>
        <exchange xmlns:olca="http://openlca.org/ilcd-extensions" dataSetInternalID="9" olca:unitId="20aadc24-a391-41cf-b340-3e4529f44bde" olca:propertyId="93a60a56-a3c8-11da-a746-0800200b9a66" olca:amount="0.534">
            <referenceToFlowDataSet type="flow data set" refObjectId="da720825-692e-3807-b153-40271247a93f" version="01.00.000" uri="../flows/da720825-692e-3807-b153-40271247a93f">
                <common:shortDescription xml:lang="en">Ethanol</common:shortDescription>
            </referenceToFlowDataSet>
            <exchangeDirection>Output</exchangeDirection>
            <meanAmount>0.534</meanAmount>
            <resultingAmount>0.534</resultingAmount>
            <allocations>
                <allocation internalReferenceToCoProduct="1" allocatedFraction="100.0"/>
                <allocation internalReferenceToCoProduct="6" allocatedFraction="0.0"/>
            </allocations>
            <generalComment xml:lang="en">calculated based on regression fit from several Aspen runs.</generalComment>
        </exchange>
        <exchange xmlns:olca="http://openlca.org/ilcd-extensions" dataSetInternalID="20" olca:unitId="20aadc24-a391-41cf-b340-3e4529f44bde" olca:propertyId="93a60a56-a3c8-11da-a746-0800200b9a66" olca:amount="55.0">
            <referenceToFlowDataSet type="flow data set" refObjectId="c34c4451-297f-3b5c-a15f-2c16cdb52ad9" version="01.00.000" uri="../flows/c34c4451-297f-3b5c-a15f-2c16cdb52ad9">
                <common:shortDescription xml:lang="en">Quicklime, at plant</common:shortDescription>
            </referenceToFlowDataSet>
            <exchangeDirection>Input</exchangeDirection>
            <meanAmount>55.0</meanAmount>
            <resultingAmount>55.0</resultingAmount>
            <allocations>
                <allocation internalReferenceToCoProduct="6" allocatedFraction="0.0"/>
                <allocation internalReferenceToCoProduct="1" allocatedFraction="100.0"/>
            </allocations>
            <generalComment xml:lang="en">proxy: lime, hydrated, packed, at plant</generalComment>
        </exchange>
        <exchange xmlns:olca="http://openlca.org/ilcd-extensions" dataSetInternalID="17" olca:unitId="20aadc24-a391-41cf-b340-3e4529f44bde" olca:propertyId="93a60a56-a3c8-11da-a746-0800200b9a66" olca:amount="92.0">
            <referenceToFlowDataSet type="flow data set" refObjectId="6bc5c787-fc86-34de-9b44-d9f693c21c0f" version="01.00.000" uri="../flows/6bc5c787-fc86-34de-9b44-d9f693c21c0f">
                <common:shortDescription xml:lang="en">CUTOFF Sulphuric acid, liquid, at plant</common:shortDescription>
            </referenceToFlowDataSet>
            <exchangeDirection>Input</exchangeDirection>
            <meanAmount>92.0</meanAmount>
            <resultingAmount>92.0</resultingAmount>
            <allocations>
                <allocation internalReferenceToCoProduct="1" allocatedFraction="100.0"/>
                <allocation internalReferenceToCoProduct="6" allocatedFraction="0.0"/>
            </allocations>
        </exchange>
        <exchange xmlns:olca="http://openlca.org/ilcd-extensions" dataSetInternalID="1" olca:unitId="20aadc24-a391-41cf-b340-3e4529f44bde" olca:propertyId="93a60a56-a3c8-11da-a746-0800200b9a66" olca:amount="14900.0">
            <referenceToFlowDataSet type="flow data set" refObjectId="f4364ab6-cb8c-3b5c-a9d7-dfe57ac7bceb" version="01.00.000" uri="../flows/f4364ab6-cb8c-3b5c-a9d7-dfe57ac7bceb">
                <common:shortDescription xml:lang="en">Ethanol, denatured, corn dry mill</common:shortDescription>
            </referenceToFlowDataSet>
            <exchangeDirection>Output</exchangeDirection>
            <meanAmount>14900.0</meanAmount>
            <resultingAmount>14900.0</resultingAmount>
            <allocations>
                <allocation internalReferenceToCoProduct="1" allocatedFraction="100.0"/>
            </allocations>
        </exchange>
        <exchange xmlns:olca="http://openlca.org/ilcd-extensions" dataSetInternalID="2" olca:unitId="20aadc24-a391-41cf-b340-3e4529f44bde" olca:propertyId="93a60a56-a3c8-11da-a746-0800200b9a66" olca:amount="22000.0">
            <referenceToFlowDataSet type="flow data set" refObjectId="71b0c9e8-35a3-37f1-b606-7539a9eaea99" version="01.00.000" uri="../flows/71b0c9e8-35a3-37f1-b606-7539a9eaea99">
                <common:shortDescription xml:lang="en">Carbon dioxide, biogenic</common:shortDescription>
            </referenceToFlowDataSet>
            <exchangeDirection>Output</exchangeDirection>
            <meanAmount>22000.0</meanAmount>
            <resultingAmount>22000.0</resultingAmount>
            <allocations>
                <allocation internalReferenceToCoProduct="6" allocatedFraction="0.0"/>
                <allocation internalReferenceToCoProduct="1" allocatedFraction="100.0"/>
            </allocations>
            <generalComment xml:lang="en">calculated by difference for biogenic carbon. contribution from DDGS = CO2 in corn - CO2 out in conversion plan - CO2 in fuel</generalComment>
        </exchange>
        <exchange xmlns:olca="http://openlca.org/ilcd-extensions" dataSetInternalID="6" olca:unitId="20aadc24-a391-41cf-b340-3e4529f44bde" olca:propertyId="93a60a56-a3c8-11da-a746-0800200b9a66" olca:amount="15000.0">
            <referenceToFlowDataSet type="flow data set" refObjectId="0a61808a-df04-3ec0-8c2b-93d4f5cf9fbf" version="01.00.000" uri="../flows/0a61808a-df04-3ec0-8c2b-93d4f5cf9fbf">
                <common:shortDescription xml:lang="en">Distillers dried grains with solubles, 2022</common:shortDescription>
            </referenceToFlowDataSet>
            <exchangeDirection>Output</exchangeDirection>
            <meanAmount>15000.0</meanAmount>
            <resultingAmount>15000.0</resultingAmount>
            <allocations>
                <allocation internalReferenceToCoProduct="6" allocatedFraction="0.0"/>
            </allocations>
        </exchange>
        <exchange xmlns:olca="http://openlca.org/ilcd-extensions" dataSetInternalID="31" olca:unitId="6dabe201-aaac-4509-92f0-d00c26cb72ab" olca:propertyId="01846770-4cfe-4a25-8ad9-919d8d378345" olca:amount="7.19E-6">
            <referenceToFlowDataSet type="flow data set" refObjectId="ef92f640-ee9a-3199-8961-1decb41e875e" version="01.00.000" uri="../flows/ef92f640-ee9a-3199-8961-1decb41e875e">
                <common:shortDescription xml:lang="en">CUTOFF Ethanol fermentation plant</common:shortDescription>
            </referenceToFlowDataSet>
            <exchangeDirection>Input</exchangeDirection>
            <meanAmount>7.19E-6</meanAmount>
            <resultingAmount>7.19E-6</resultingAmount>
            <allocations>
                <allocation internalReferenceToCoProduct="6" allocatedFraction="0.0"/>
                <allocation internalReferenceToCoProduct="1" allocatedFraction="100.0"/>
            </allocations>
            <generalComment xml:lang="en">plant lifetime is 20 years. only need 1 hr. 90000 Mtons of ethanol is about 31 Mgal/yr in the econinvent process. Assume equipment scales by a power law.</generalComment>
        </exchange>
        <exchange xmlns:olca="http://openlca.org/ilcd-extensions" dataSetInternalID="26" olca:unitId="52765a6c-3896-43c2-b2f4-c679acf13efe" olca:propertyId="f6811440-ee37-11de-8a39-0800200c9a66" olca:amount="299000.0">
            <referenceToFlowDataSet type="flow data set" refObjectId="f670bb2d-c28a-3a08-9b9c-cc50bca5d126" version="01.00.000" uri="../flows/f670bb2d-c28a-3a08-9b9c-cc50bca5d126">
                <common:shortDescription xml:lang="en">CUTOFF Energy, output</common:shortDescription>
            </referenceToFlowDataSet>
            <exchangeDirection>Input</exchangeDirection>
            <meanAmount>299000.0</meanAmount>
            <resultingAmount>299000.0</resultingAmount>
            <allocations>
                <allocation internalReferenceToCoProduct="6" allocatedFraction="0.0"/>
                <allocation internalReferenceToCoProduct="1" allocatedFraction="100.0"/>
            </allocations>
            <generalComment xml:lang="en">from DDGS</generalComment>
        </exchange>
        <exchange xmlns:olca="http://openlca.org/ilcd-extensions" dataSetInternalID="7" olca:unitId="20aadc24-a391-41cf-b340-3e4529f44bde" olca:propertyId="93a60a56-a3c8-11da-a746-0800200b9a66" olca:amount="4550.0">
            <referenceToFlowDataSet type="flow data set" refObjectId="263fb8d0-8df5-3cee-834b-b7e2de1dac4a" version="01.00.000" uri="../flows/263fb8d0-8df5-3cee-834b-b7e2de1dac4a">
                <common:shortDescription xml:lang="en">Soy meal, at plant</common:shortDescription>
            </referenceToFlowDataSet>
            <exchangeDirection>Input</exchangeDirection>
            <meanAmount>4550.0</meanAmount>
            <resultingAmount>4550.0</resultingAmount>
            <allocations>
                <allocation internalReferenceToCoProduct="1" allocatedFraction="100.0"/>
                <allocation internalReferenceToCoProduct="6" allocatedFraction="0.0"/>
            </allocations>
            <generalComment xml:lang="en">no CO2 sequestration.  Proxy: Soybean meal, at oil mill/US U</generalComment>
        </exchange>
    </exchanges>
</processDataSet>
