<?xml version="1.0" encoding="UTF-8" standalone="yes"?>
<processDataSet xmlns:m="http://lca.jrc.it/ILCD/LCIAMethod" xmlns:common="http://lca.jrc.it/ILCD/Common" xmlns:s="http://lca.jrc.it/ILCD/Source" xmlns:c="http://lca.jrc.it/ILCD/Contact" xmlns:f="http://lca.jrc.it/ILCD/Flow" xmlns="http://lca.jrc.it/ILCD/Process" xmlns:fp="http://lca.jrc.it/ILCD/FlowProperty" xmlns:u="http://lca.jrc.it/ILCD/UnitGroup" version="1.1">
    <processInformation>
        <dataSetInformation>
            <common:UUID>c7fec37a-a023-3563-84d6-fa33a6b19f2f</common:UUID>
            <name>
                <baseName xml:lang="en">Corn wet milling, operations, AP-42</baseName>
            </name>
            <classificationInformation>
                <common:classification>
                    <common:class level="0" classId="aace7bf8-a0e3-3515-8b6c-2c4211ad420b">Chemical Manufacturing</common:class>
                    <common:class level="1" classId="14f874e9-6029-3dd1-be61-aa72e27b1d86">All Other Basic Organic Chemical Manufacturing</common:class>
                </common:classification>
            </classificationInformation>
        </dataSetInformation>
        <quantitativeReference type="Reference flow(s)">
            <referenceToReferenceFlow>1</referenceToReferenceFlow>
        </quantitativeReference>
        <time xmlns:olca="http://openlca.org/ilcd-extensions" olca:startDate="757321200000" olca:endDate="757321200000">
            <common:referenceYear>1993</common:referenceYear>
            <common:dataSetValidUntil>1993</common:dataSetValidUntil>
            <common:timeRepresentativenessDescription xml:lang="en">1994</common:timeRepresentativenessDescription>
        </time>
        <geography>
            <locationOfOperationSupplyOrProduction location="RNA" latitudeAndLongitude="58.71;-91.96">
                <descriptionOfRestrictions xml:lang="en">North America</descriptionOfRestrictions>
            </locationOfOperationSupplyOrProduction>
        </geography>
        <technology>
            <technologyDescriptionAndIncludedProcesses xml:lang="en">current</technologyDescriptionAndIncludedProcesses>
        </technology>
    </processInformation>
    <modellingAndValidation>
        <LCIMethodAndAllocation>
            <typeOfDataSet>Unit process, black box</typeOfDataSet>
            <LCIMethodPrinciple>Other</LCIMethodPrinciple>
        </LCIMethodAndAllocation>
        <dataSourcesTreatmentAndRepresentativeness>
            <deviationsFromCutOffAndCompletenessPrinciples xml:lang="en">None.</deviationsFromCutOffAndCompletenessPrinciples>
            <deviationsFromSelectionAndCombinationPrinciples xml:lang="en">None.</deviationsFromSelectionAndCombinationPrinciples>
            <referenceToDataSource type="source data set" refObjectId="b4eef274-3324-3714-94dc-1f318b6f3263" version="01.00.000" uri="../sources/b4eef274-3324-3714-94dc-1f318b6f3263">
                <common:shortDescription xml:lang="en">USEPA </common:shortDescription>
            </referenceToDataSource>
            <referenceToDataSource type="source data set" refObjectId="a1d1d73e-7d93-3a6b-a3bc-3b2f4f025b86" version="01.00.000" uri="../sources/a1d1d73e-7d93-3a6b-a3bc-3b2f4f025b86">
                <common:shortDescription xml:lang="en">Hsu, D. </common:shortDescription>
            </referenceToDataSource>
        </dataSourcesTreatmentAndRepresentativeness>
    </modellingAndValidation>
    <administrativeInformation>
        <dataGenerator>
            <common:referenceToPersonOrEntityGeneratingTheDataSet type="contact data set" refObjectId="04ed125f-ffa7-33b1-af24-77f5bdb21a05" version="01.00.000" uri="../contacts/04ed125f-ffa7-33b1-af24-77f5bdb21a05">
                <common:shortDescription xml:lang="en">Daniel Inman</common:shortDescription>
            </common:referenceToPersonOrEntityGeneratingTheDataSet>
        </dataGenerator>
        <dataEntryBy>
            <common:timeStamp>2019-07-24T12:10:30.523-06:00</common:timeStamp>
            <common:referenceToDataSetFormat type="source data set" refObjectId="a97a0155-0234-4b87-b4ce-a45da52f2a40" version="01.01.000" uri="../sources/a97a0155-0234-4b87-b4ce-a45da52f2a40_01.01.000.xml">
                <common:shortDescription xml:lang="en">ILCD format</common:shortDescription>
            </common:referenceToDataSetFormat>
            <common:referenceToPersonOrEntityEnteringTheData type="contact data set" refObjectId="04ed125f-ffa7-33b1-af24-77f5bdb21a05" version="01.00.000" uri="../contacts/04ed125f-ffa7-33b1-af24-77f5bdb21a05">
                <common:shortDescription xml:lang="en">Daniel Inman</common:shortDescription>
            </common:referenceToPersonOrEntityEnteringTheData>
        </dataEntryBy>
        <publicationAndOwnership>
            <common:dateOfLastRevision>2018-06-27T10:38:44.752-06:00</common:dateOfLastRevision>
            <common:dataSetVersion>00.00.001</common:dataSetVersion>
            <common:referenceToUnchangedRepublication type="source data set" refObjectId="a1d1d73e-7d93-3a6b-a3bc-3b2f4f025b86" version="01.00.000" uri="../sources/a1d1d73e-7d93-3a6b-a3bc-3b2f4f025b86">
                <common:shortDescription xml:lang="en">Hsu, D. </common:shortDescription>
            </common:referenceToUnchangedRepublication>
            <common:copyright>false</common:copyright>
            <common:accessRestrictions xml:lang="en">All information can be accessed by everybody.</common:accessRestrictions>
        </publicationAndOwnership>
    </administrativeInformation>
    <exchanges>
        <exchange xmlns:olca="http://openlca.org/ilcd-extensions" dataSetInternalID="1" olca:unitId="20aadc24-a391-41cf-b340-3e4529f44bde" olca:propertyId="93a60a56-a3c8-11da-a746-0800200b9a66" olca:amount="2000.0">
            <referenceToFlowDataSet type="flow data set" refObjectId="d6bfc1d8-069b-3604-9685-9ed45c6dfce4" version="01.00.000" uri="../flows/d6bfc1d8-069b-3604-9685-9ed45c6dfce4">
                <common:shortDescription xml:lang="en">Corn wet milling, operations, AP-42</common:shortDescription>
            </referenceToFlowDataSet>
            <exchangeDirection>Output</exchangeDirection>
            <meanAmount>2000.0</meanAmount>
            <resultingAmount>2000.0</resultingAmount>
        </exchange>
        <exchange xmlns:olca="http://openlca.org/ilcd-extensions" dataSetInternalID="2" olca:unitId="20aadc24-a391-41cf-b340-3e4529f44bde" olca:propertyId="93a60a56-a3c8-11da-a746-0800200b9a66" olca:amount="0.26762">
            <referenceToFlowDataSet type="flow data set" refObjectId="7ae398c3-8532-11e0-9d78-0800200c9a66" version="01.00.000" uri="../flows/7ae398c3-8532-11e0-9d78-0800200c9a66">
                <common:shortDescription xml:lang="en">Particulates, unspecified</common:shortDescription>
            </referenceToFlowDataSet>
            <exchangeDirection>Output</exchangeDirection>
            <meanAmount>0.26762</meanAmount>
            <resultingAmount>0.26762</resultingAmount>
            <minimumAmount>0.072575</minimumAmount>
            <maximumAmount>0.26762</maximumAmount>
            <uncertaintyDistributionType>uniform</uncertaintyDistributionType>
            <generalComment xml:lang="en">Starch drying by flash dryer with wet scrubber. Emissions factor is 0.16 if by spray dryer.</generalComment>
        </exchange>
    </exchanges>
</processDataSet>
