<?xml version="1.0" encoding="UTF-8" standalone="yes"?>
<processDataSet xmlns:m="http://lca.jrc.it/ILCD/LCIAMethod" xmlns:common="http://lca.jrc.it/ILCD/Common" xmlns:s="http://lca.jrc.it/ILCD/Source" xmlns:c="http://lca.jrc.it/ILCD/Contact" xmlns:f="http://lca.jrc.it/ILCD/Flow" xmlns="http://lca.jrc.it/ILCD/Process" xmlns:fp="http://lca.jrc.it/ILCD/FlowProperty" xmlns:u="http://lca.jrc.it/ILCD/UnitGroup" version="1.1">
    <processInformation>
        <dataSetInformation>
            <common:UUID>d65a4cea-4732-3b43-b305-a876438bfe51</common:UUID>
            <name>
                <baseName xml:lang="en">Soy-based resin, at plant</baseName>
            </name>
            <classificationInformation>
                <common:classification>
                    <common:class level="0" classId="aace7bf8-a0e3-3515-8b6c-2c4211ad420b">Chemical Manufacturing</common:class>
                    <common:class level="1" classId="14f874e9-6029-3dd1-be61-aa72e27b1d86">All Other Basic Organic Chemical Manufacturing</common:class>
                </common:classification>
            </classificationInformation>
            <common:generalComment xml:lang="en">1. CARBON SEQUESTRATION should be accounted for after the product is built in its LCA model, and should be included depending on the use of end of life fate of that product.  
REFINED SOY OIL: 80.6% C --&gt; 2.955 kg CO2/kg refined soy oil
2. This system is part cradle-to-gate, part unit process.                                                3. The study (Main Data Source) underwent external peer review prior to this submission to the US LCI database. </common:generalComment>
        </dataSetInformation>
        <quantitativeReference type="Reference flow(s)">
            <referenceToReferenceFlow>1</referenceToReferenceFlow>
        </quantitativeReference>
        <time xmlns:olca="http://openlca.org/ilcd-extensions" olca:startDate="1199084400000" olca:endDate="1199084400000">
            <common:referenceYear>2007</common:referenceYear>
            <common:dataSetValidUntil>2007</common:dataSetValidUntil>
        </time>
        <geography>
            <locationOfOperationSupplyOrProduction location="RNA" latitudeAndLongitude="58.71;-91.96">
                <descriptionOfRestrictions xml:lang="en">US</descriptionOfRestrictions>
            </locationOfOperationSupplyOrProduction>
        </geography>
        <technology>
            <technologyDescriptionAndIncludedProcesses xml:lang="en">Data from 1 company but represents current technology</technologyDescriptionAndIncludedProcesses>
        </technology>
    </processInformation>
    <modellingAndValidation>
        <LCIMethodAndAllocation>
            <typeOfDataSet>Unit process, black box</typeOfDataSet>
            <LCIMethodPrinciple>Other</LCIMethodPrinciple>
        </LCIMethodAndAllocation>
        <dataSourcesTreatmentAndRepresentativeness>
            <deviationsFromCutOffAndCompletenessPrinciples xml:lang="en">None.</deviationsFromCutOffAndCompletenessPrinciples>
            <deviationsFromSelectionAndCombinationPrinciples xml:lang="en">None.</deviationsFromSelectionAndCombinationPrinciples>
            <referenceToDataSource type="source data set" refObjectId="e1dc3d33-05ae-3b65-b3f6-f61cd155da8b" version="01.00.000" uri="../sources/e1dc3d33-05ae-3b65-b3f6-f61cd155da8b">
                <common:shortDescription xml:lang="en">Ashland Composite Polymers </common:shortDescription>
            </referenceToDataSource>
            <referenceToDataSource type="source data set" refObjectId="ede21ecd-8d04-37cd-92b3-7aba71406b07" version="01.00.000" uri="../sources/ede21ecd-8d04-37cd-92b3-7aba71406b07">
                <common:shortDescription xml:lang="en">Omni Tech International </common:shortDescription>
            </referenceToDataSource>
        </dataSourcesTreatmentAndRepresentativeness>
    </modellingAndValidation>
    <administrativeInformation>
        <dataGenerator>
            <common:referenceToPersonOrEntityGeneratingTheDataSet type="contact data set" refObjectId="0c9c9891-9430-32c0-8fc2-362205e2f73d" version="01.00.000" uri="../contacts/0c9c9891-9430-32c0-8fc2-362205e2f73d">
                <common:shortDescription xml:lang="en">Anne Landfield Greig</common:shortDescription>
            </common:referenceToPersonOrEntityGeneratingTheDataSet>
        </dataGenerator>
        <dataEntryBy>
            <common:timeStamp>2019-07-24T12:10:30.828-06:00</common:timeStamp>
            <common:referenceToDataSetFormat type="source data set" refObjectId="a97a0155-0234-4b87-b4ce-a45da52f2a40" version="01.01.000" uri="../sources/a97a0155-0234-4b87-b4ce-a45da52f2a40_01.01.000.xml">
                <common:shortDescription xml:lang="en">ILCD format</common:shortDescription>
            </common:referenceToDataSetFormat>
            <common:referenceToPersonOrEntityEnteringTheData type="contact data set" refObjectId="0c9c9891-9430-32c0-8fc2-362205e2f73d" version="01.00.000" uri="../contacts/0c9c9891-9430-32c0-8fc2-362205e2f73d">
                <common:shortDescription xml:lang="en">Anne Landfield Greig</common:shortDescription>
            </common:referenceToPersonOrEntityEnteringTheData>
        </dataEntryBy>
        <publicationAndOwnership>
            <common:dateOfLastRevision>2018-06-27T10:38:44.809-06:00</common:dateOfLastRevision>
            <common:dataSetVersion>00.00.001</common:dataSetVersion>
            <common:referenceToUnchangedRepublication type="source data set" refObjectId="ede21ecd-8d04-37cd-92b3-7aba71406b07" version="01.00.000" uri="../sources/ede21ecd-8d04-37cd-92b3-7aba71406b07">
                <common:shortDescription xml:lang="en">Omni Tech International </common:shortDescription>
            </common:referenceToUnchangedRepublication>
            <common:copyright>false</common:copyright>
            <common:accessRestrictions xml:lang="en">All information can be accessed by everybody.</common:accessRestrictions>
        </publicationAndOwnership>
    </administrativeInformation>
    <exchanges>
        <exchange xmlns:olca="http://openlca.org/ilcd-extensions" dataSetInternalID="1" olca:unitId="20aadc24-a391-41cf-b340-3e4529f44bde" olca:propertyId="93a60a56-a3c8-11da-a746-0800200b9a66" olca:amount="1.0">
            <referenceToFlowDataSet type="flow data set" refObjectId="50823733-e9a7-3485-9248-d44dfc5dcd96" version="01.00.000" uri="../flows/50823733-e9a7-3485-9248-d44dfc5dcd96">
                <common:shortDescription xml:lang="en">Soy-based resin, at plant</common:shortDescription>
            </referenceToFlowDataSet>
            <exchangeDirection>Output</exchangeDirection>
            <meanAmount>1.0</meanAmount>
            <resultingAmount>1.0</resultingAmount>
        </exchange>
        <exchange xmlns:olca="http://openlca.org/ilcd-extensions" dataSetInternalID="11" olca:unitId="20aadc24-a391-41cf-b340-3e4529f44bde" olca:propertyId="93a60a56-a3c8-11da-a746-0800200b9a66" olca:amount="414.0">
            <referenceToFlowDataSet type="flow data set" refObjectId="2b12e42f-cfca-3dc8-97cf-abe04f8dc67b" version="01.00.000" uri="../flows/2b12e42f-cfca-3dc8-97cf-abe04f8dc67b">
                <common:shortDescription xml:lang="en">Chloride</common:shortDescription>
            </referenceToFlowDataSet>
            <exchangeDirection>Output</exchangeDirection>
            <meanAmount>414.0</meanAmount>
            <resultingAmount>414.0</resultingAmount>
        </exchange>
        <exchange xmlns:olca="http://openlca.org/ilcd-extensions" dataSetInternalID="38" olca:unitId="20aadc24-a391-41cf-b340-3e4529f44bde" olca:propertyId="93a60a56-a3c8-11da-a746-0800200b9a66" olca:amount="0.211">
            <referenceToFlowDataSet type="flow data set" refObjectId="3f1a6be6-0400-3638-ab4a-ffe9fa11d1ab" version="01.00.000" uri="../flows/3f1a6be6-0400-3638-ab4a-ffe9fa11d1ab">
                <common:shortDescription xml:lang="en">Strontium</common:shortDescription>
            </referenceToFlowDataSet>
            <exchangeDirection>Output</exchangeDirection>
            <meanAmount>0.211</meanAmount>
            <resultingAmount>0.211</resultingAmount>
        </exchange>
        <exchange xmlns:olca="http://openlca.org/ilcd-extensions" dataSetInternalID="13" olca:unitId="20aadc24-a391-41cf-b340-3e4529f44bde" olca:propertyId="93a60a56-a3c8-11da-a746-0800200b9a66" olca:amount="0.978">
            <referenceToFlowDataSet type="flow data set" refObjectId="7ae398c3-8532-11e0-9d78-0800200c9a66" version="01.00.000" uri="../flows/7ae398c3-8532-11e0-9d78-0800200c9a66">
                <common:shortDescription xml:lang="en">Particulates, unspecified</common:shortDescription>
            </referenceToFlowDataSet>
            <exchangeDirection>Output</exchangeDirection>
            <meanAmount>0.978</meanAmount>
            <resultingAmount>0.978</resultingAmount>
        </exchange>
        <exchange xmlns:olca="http://openlca.org/ilcd-extensions" dataSetInternalID="28" olca:unitId="20aadc24-a391-41cf-b340-3e4529f44bde" olca:propertyId="93a60a56-a3c8-11da-a746-0800200b9a66" olca:amount="0.00648">
            <referenceToFlowDataSet type="flow data set" refObjectId="62d93580-597b-306f-b17b-15c7bfb5747a" version="01.00.000" uri="../flows/62d93580-597b-306f-b17b-15c7bfb5747a">
                <common:shortDescription xml:lang="en">Benzene</common:shortDescription>
            </referenceToFlowDataSet>
            <exchangeDirection>Output</exchangeDirection>
            <meanAmount>0.00648</meanAmount>
            <resultingAmount>0.00648</resultingAmount>
            <generalComment xml:lang="en">C6H6</generalComment>
        </exchange>
        <exchange xmlns:olca="http://openlca.org/ilcd-extensions" dataSetInternalID="39" olca:unitId="20aadc24-a391-41cf-b340-3e4529f44bde" olca:propertyId="93a60a56-a3c8-11da-a746-0800200b9a66" olca:amount="19.3">
            <referenceToFlowDataSet type="flow data set" refObjectId="fd7aa71c-508c-480d-81a6-8052aad92646" version="01.00.000" uri="../flows/fd7aa71c-508c-480d-81a6-8052aad92646">
                <common:shortDescription xml:lang="en">Sulfur dioxide</common:shortDescription>
            </referenceToFlowDataSet>
            <exchangeDirection>Output</exchangeDirection>
            <meanAmount>19.3</meanAmount>
            <resultingAmount>19.3</resultingAmount>
        </exchange>
        <exchange xmlns:olca="http://openlca.org/ilcd-extensions" dataSetInternalID="55" olca:unitId="20aadc24-a391-41cf-b340-3e4529f44bde" olca:propertyId="93a60a56-a3c8-11da-a746-0800200b9a66" olca:amount="0.00232">
            <referenceToFlowDataSet type="flow data set" refObjectId="c99b594a-70e7-3b22-9fcb-bcfdefa2411c" version="01.00.000" uri="../flows/c99b594a-70e7-3b22-9fcb-bcfdefa2411c">
                <common:shortDescription xml:lang="en">Phenol</common:shortDescription>
            </referenceToFlowDataSet>
            <exchangeDirection>Output</exchangeDirection>
            <meanAmount>0.00232</meanAmount>
            <resultingAmount>0.00232</resultingAmount>
            <generalComment xml:lang="en">C6H5OH</generalComment>
        </exchange>
        <exchange xmlns:olca="http://openlca.org/ilcd-extensions" dataSetInternalID="65" olca:unitId="20aadc24-a391-41cf-b340-3e4529f44bde" olca:propertyId="93a60a56-a3c8-11da-a746-0800200b9a66" olca:amount="172.0">
            <referenceToFlowDataSet type="flow data set" refObjectId="419f15c6-3dc3-3df7-b462-2908a7dc639e" version="01.00.000" uri="../flows/419f15c6-3dc3-3df7-b462-2908a7dc639e">
                <common:shortDescription xml:lang="en">Dissolved substances, unspecified</common:shortDescription>
            </referenceToFlowDataSet>
            <exchangeDirection>Output</exchangeDirection>
            <meanAmount>172.0</meanAmount>
            <resultingAmount>172.0</resultingAmount>
        </exchange>
        <exchange xmlns:olca="http://openlca.org/ilcd-extensions" dataSetInternalID="52" olca:unitId="20aadc24-a391-41cf-b340-3e4529f44bde" olca:propertyId="93a60a56-a3c8-11da-a746-0800200b9a66" olca:amount="62.3">
            <referenceToFlowDataSet type="flow data set" refObjectId="961ccd56-2eee-4f57-bb18-fc4362b49000" version="01.00.000" uri="../flows/961ccd56-2eee-4f57-bb18-fc4362b49000">
                <common:shortDescription xml:lang="en">COD, Chemical Oxygen Demand</common:shortDescription>
            </referenceToFlowDataSet>
            <exchangeDirection>Output</exchangeDirection>
            <meanAmount>62.3</meanAmount>
            <resultingAmount>62.3</resultingAmount>
        </exchange>
        <exchange xmlns:olca="http://openlca.org/ilcd-extensions" dataSetInternalID="12" olca:unitId="20aadc24-a391-41cf-b340-3e4529f44bde" olca:propertyId="93a60a56-a3c8-11da-a746-0800200b9a66" olca:amount="0.00639">
            <referenceToFlowDataSet type="flow data set" refObjectId="a1901307-75ac-3691-987d-7e2e9ff4ede8" version="01.00.000" uri="../flows/a1901307-75ac-3691-987d-7e2e9ff4ede8">
                <common:shortDescription xml:lang="en">Toluene</common:shortDescription>
            </referenceToFlowDataSet>
            <exchangeDirection>Output</exchangeDirection>
            <meanAmount>0.00639</meanAmount>
            <resultingAmount>0.00639</resultingAmount>
            <generalComment xml:lang="en">C6H5CH3</generalComment>
        </exchange>
        <exchange xmlns:olca="http://openlca.org/ilcd-extensions" dataSetInternalID="51" olca:unitId="20aadc24-a391-41cf-b340-3e4529f44bde" olca:propertyId="93a60a56-a3c8-11da-a746-0800200b9a66" olca:amount="0.0221">
            <referenceToFlowDataSet type="flow data set" refObjectId="7c0cbb0c-dd10-3585-9841-b594aedc3903" version="01.00.000" uri="../flows/7c0cbb0c-dd10-3585-9841-b594aedc3903">
                <common:shortDescription xml:lang="en">Butane</common:shortDescription>
            </referenceToFlowDataSet>
            <exchangeDirection>Output</exchangeDirection>
            <meanAmount>0.0221</meanAmount>
            <resultingAmount>0.0221</resultingAmount>
            <generalComment xml:lang="en">C4H10</generalComment>
        </exchange>
        <exchange xmlns:olca="http://openlca.org/ilcd-extensions" dataSetInternalID="32" olca:unitId="20aadc24-a391-41cf-b340-3e4529f44bde" olca:propertyId="93a60a56-a3c8-11da-a746-0800200b9a66" olca:amount="0.0145">
            <referenceToFlowDataSet type="flow data set" refObjectId="33f467e3-5052-35d7-88eb-9900dde19f04" version="01.00.000" uri="../flows/33f467e3-5052-35d7-88eb-9900dde19f04">
                <common:shortDescription xml:lang="en">Aromatics, unspecified</common:shortDescription>
            </referenceToFlowDataSet>
            <exchangeDirection>Output</exchangeDirection>
            <meanAmount>0.0145</meanAmount>
            <resultingAmount>0.0145</resultingAmount>
        </exchange>
        <exchange xmlns:olca="http://openlca.org/ilcd-extensions" dataSetInternalID="76" olca:unitId="20aadc24-a391-41cf-b340-3e4529f44bde" olca:propertyId="93a60a56-a3c8-11da-a746-0800200b9a66" olca:amount="0.0104">
            <referenceToFlowDataSet type="flow data set" refObjectId="5ac2254e-6b60-45f5-a700-6e0b93f411c8" version="01.00.000" uri="../flows/5ac2254e-6b60-45f5-a700-6e0b93f411c8">
                <common:shortDescription xml:lang="en">Sulfur</common:shortDescription>
            </referenceToFlowDataSet>
            <exchangeDirection>Output</exchangeDirection>
            <meanAmount>0.0104</meanAmount>
            <resultingAmount>0.0104</resultingAmount>
        </exchange>
        <exchange xmlns:olca="http://openlca.org/ilcd-extensions" dataSetInternalID="54" olca:unitId="20aadc24-a391-41cf-b340-3e4529f44bde" olca:propertyId="93a60a56-a3c8-11da-a746-0800200b9a66" olca:amount="0.465">
            <referenceToFlowDataSet type="flow data set" refObjectId="53b5ce8f-c792-3f05-a4b1-3e8f2cc3aad1" version="01.00.000" uri="../flows/53b5ce8f-c792-3f05-a4b1-3e8f2cc3aad1">
                <common:shortDescription xml:lang="en">Nitrogen</common:shortDescription>
            </referenceToFlowDataSet>
            <exchangeDirection>Output</exchangeDirection>
            <meanAmount>0.465</meanAmount>
            <resultingAmount>0.465</resultingAmount>
        </exchange>
        <exchange xmlns:olca="http://openlca.org/ilcd-extensions" dataSetInternalID="22" olca:unitId="20aadc24-a391-41cf-b340-3e4529f44bde" olca:propertyId="93a60a56-a3c8-11da-a746-0800200b9a66" olca:amount="0.043">
            <referenceToFlowDataSet type="flow data set" refObjectId="c0a630b7-3f4e-3eaf-b8f1-32b27231e2e5" version="01.00.000" uri="../flows/c0a630b7-3f4e-3eaf-b8f1-32b27231e2e5">
                <common:shortDescription xml:lang="en">Ethyl benzene</common:shortDescription>
            </referenceToFlowDataSet>
            <exchangeDirection>Output</exchangeDirection>
            <meanAmount>0.043</meanAmount>
            <resultingAmount>0.043</resultingAmount>
            <generalComment xml:lang="en">C6H5C2H5</generalComment>
        </exchange>
        <exchange xmlns:olca="http://openlca.org/ilcd-extensions" dataSetInternalID="84" olca:unitId="20aadc24-a391-41cf-b340-3e4529f44bde" olca:propertyId="93a60a56-a3c8-11da-a746-0800200b9a66" olca:amount="0.161">
            <referenceToFlowDataSet type="flow data set" refObjectId="aeb4a7b2-464f-379a-9dc5-cd0e646d85b1" version="01.00.000" uri="../flows/aeb4a7b2-464f-379a-9dc5-cd0e646d85b1">
                <common:shortDescription xml:lang="en">Calcium carbonate</common:shortDescription>
            </referenceToFlowDataSet>
            <exchangeDirection>Input</exchangeDirection>
            <meanAmount>0.161</meanAmount>
            <resultingAmount>0.161</resultingAmount>
        </exchange>
        <exchange xmlns:olca="http://openlca.org/ilcd-extensions" dataSetInternalID="31" olca:unitId="20aadc24-a391-41cf-b340-3e4529f44bde" olca:propertyId="93a60a56-a3c8-11da-a746-0800200b9a66" olca:amount="0.0249">
            <referenceToFlowDataSet type="flow data set" refObjectId="c746fcf6-c553-3f40-9445-6f0b14a727de" version="01.00.000" uri="../flows/c746fcf6-c553-3f40-9445-6f0b14a727de">
                <common:shortDescription xml:lang="en">Organic substances, unspecified</common:shortDescription>
            </referenceToFlowDataSet>
            <exchangeDirection>Output</exchangeDirection>
            <meanAmount>0.0249</meanAmount>
            <resultingAmount>0.0249</resultingAmount>
        </exchange>
        <exchange xmlns:olca="http://openlca.org/ilcd-extensions" dataSetInternalID="44" olca:unitId="20aadc24-a391-41cf-b340-3e4529f44bde" olca:propertyId="93a60a56-a3c8-11da-a746-0800200b9a66" olca:amount="0.00168">
            <referenceToFlowDataSet type="flow data set" refObjectId="6925e665-a1a2-31f2-a3d4-7890d87c9495" version="01.00.000" uri="../flows/6925e665-a1a2-31f2-a3d4-7890d87c9495">
                <common:shortDescription xml:lang="en">Potassium</common:shortDescription>
            </referenceToFlowDataSet>
            <exchangeDirection>Output</exchangeDirection>
            <meanAmount>0.00168</meanAmount>
            <resultingAmount>0.00168</resultingAmount>
        </exchange>
        <exchange xmlns:olca="http://openlca.org/ilcd-extensions" dataSetInternalID="24" olca:unitId="20aadc24-a391-41cf-b340-3e4529f44bde" olca:propertyId="93a60a56-a3c8-11da-a746-0800200b9a66" olca:amount="777.0">
            <referenceToFlowDataSet type="flow data set" refObjectId="f78eea4d-1e3c-390a-8ecb-deae12873e84" version="01.00.000" uri="../flows/f78eea4d-1e3c-390a-8ecb-deae12873e84">
                <common:shortDescription xml:lang="en">Oil, crude</common:shortDescription>
            </referenceToFlowDataSet>
            <exchangeDirection>Input</exchangeDirection>
            <meanAmount>777.0</meanAmount>
            <resultingAmount>777.0</resultingAmount>
        </exchange>
        <exchange xmlns:olca="http://openlca.org/ilcd-extensions" dataSetInternalID="53" olca:unitId="20aadc24-a391-41cf-b340-3e4529f44bde" olca:propertyId="93a60a56-a3c8-11da-a746-0800200b9a66" olca:amount="0.00346">
            <referenceToFlowDataSet type="flow data set" refObjectId="5189de76-6bbb-44ba-8c42-5714f1b4371f" version="01.00.000" uri="../flows/5189de76-6bbb-44ba-8c42-5714f1b4371f">
                <common:shortDescription xml:lang="en">Nitrate</common:shortDescription>
            </referenceToFlowDataSet>
            <exchangeDirection>Output</exchangeDirection>
            <meanAmount>0.00346</meanAmount>
            <resultingAmount>0.00346</resultingAmount>
            <generalComment xml:lang="en">NO3-</generalComment>
        </exchange>
        <exchange xmlns:olca="http://openlca.org/ilcd-extensions" dataSetInternalID="61" olca:unitId="20aadc24-a391-41cf-b340-3e4529f44bde" olca:propertyId="93a60a56-a3c8-11da-a746-0800200b9a66" olca:amount="0.991">
            <referenceToFlowDataSet type="flow data set" refObjectId="0f395196-63f5-376b-8dc4-284a7050623f" version="01.00.000" uri="../flows/0f395196-63f5-376b-8dc4-284a7050623f">
                <common:shortDescription xml:lang="en">Uranium ore</common:shortDescription>
            </referenceToFlowDataSet>
            <exchangeDirection>Input</exchangeDirection>
            <meanAmount>0.991</meanAmount>
            <resultingAmount>0.991</resultingAmount>
        </exchange>
        <exchange xmlns:olca="http://openlca.org/ilcd-extensions" dataSetInternalID="45" olca:unitId="20aadc24-a391-41cf-b340-3e4529f44bde" olca:propertyId="93a60a56-a3c8-11da-a746-0800200b9a66" olca:amount="120.0">
            <referenceToFlowDataSet type="flow data set" refObjectId="f126c700-2f3b-3477-9e1d-e73f5741a8b7" version="01.00.000" uri="../flows/f126c700-2f3b-3477-9e1d-e73f5741a8b7">
                <common:shortDescription xml:lang="en">Soy oil, refined, at plant</common:shortDescription>
            </referenceToFlowDataSet>
            <exchangeDirection>Input</exchangeDirection>
            <meanAmount>120.0</meanAmount>
            <resultingAmount>120.0</resultingAmount>
        </exchange>
        <exchange xmlns:olca="http://openlca.org/ilcd-extensions" dataSetInternalID="50" olca:unitId="20aadc24-a391-41cf-b340-3e4529f44bde" olca:propertyId="93a60a56-a3c8-11da-a746-0800200b9a66" olca:amount="4.33">
            <referenceToFlowDataSet type="flow data set" refObjectId="82fad29c-841d-3081-a092-25a3417f7651" version="01.00.000" uri="../flows/82fad29c-841d-3081-a092-25a3417f7651">
                <common:shortDescription xml:lang="en">Hydrocarbons, unspecified</common:shortDescription>
            </referenceToFlowDataSet>
            <exchangeDirection>Output</exchangeDirection>
            <meanAmount>4.33</meanAmount>
            <resultingAmount>4.33</resultingAmount>
            <generalComment xml:lang="en">26% excludes methane</generalComment>
        </exchange>
        <exchange xmlns:olca="http://openlca.org/ilcd-extensions" dataSetInternalID="86" olca:unitId="20aadc24-a391-41cf-b340-3e4529f44bde" olca:propertyId="93a60a56-a3c8-11da-a746-0800200b9a66" olca:amount="188.0">
            <referenceToFlowDataSet type="flow data set" refObjectId="693921ef-e02d-4072-add0-55aa4631b213" version="01.00.000" uri="../flows/693921ef-e02d-4072-add0-55aa4631b213">
                <common:shortDescription xml:lang="en">Suspended solids, unspecified</common:shortDescription>
            </referenceToFlowDataSet>
            <exchangeDirection>Output</exchangeDirection>
            <meanAmount>188.0</meanAmount>
            <resultingAmount>188.0</resultingAmount>
            <generalComment xml:lang="en">SS from soybean crushing is sent to a WWTP; SS from agriculture is discharged to surface water.</generalComment>
        </exchange>
        <exchange xmlns:olca="http://openlca.org/ilcd-extensions" dataSetInternalID="21" olca:unitId="20aadc24-a391-41cf-b340-3e4529f44bde" olca:propertyId="93a60a56-a3c8-11da-a746-0800200b9a66" olca:amount="12.7">
            <referenceToFlowDataSet type="flow data set" refObjectId="20408dd1-8534-11e0-9d78-0800200c9a66" version="01.00.000" uri="../flows/20408dd1-8534-11e0-9d78-0800200c9a66">
                <common:shortDescription xml:lang="en">Methane</common:shortDescription>
            </referenceToFlowDataSet>
            <exchangeDirection>Output</exchangeDirection>
            <meanAmount>12.7</meanAmount>
            <resultingAmount>12.7</resultingAmount>
            <generalComment xml:lang="en">CH4</generalComment>
        </exchange>
        <exchange xmlns:olca="http://openlca.org/ilcd-extensions" dataSetInternalID="83" olca:unitId="20aadc24-a391-41cf-b340-3e4529f44bde" olca:propertyId="93a60a56-a3c8-11da-a746-0800200b9a66" olca:amount="1.69">
            <referenceToFlowDataSet type="flow data set" refObjectId="812a9a9b-8fb1-35c6-9e91-9d0ccb24f8ce" version="01.00.000" uri="../flows/812a9a9b-8fb1-35c6-9e91-9d0ccb24f8ce">
                <common:shortDescription xml:lang="en">Sodium Chloride</common:shortDescription>
            </referenceToFlowDataSet>
            <exchangeDirection>Input</exchangeDirection>
            <meanAmount>1.69</meanAmount>
            <resultingAmount>1.69</resultingAmount>
        </exchange>
        <exchange xmlns:olca="http://openlca.org/ilcd-extensions" dataSetInternalID="59" olca:unitId="20aadc24-a391-41cf-b340-3e4529f44bde" olca:propertyId="93a60a56-a3c8-11da-a746-0800200b9a66" olca:amount="0.06">
            <referenceToFlowDataSet type="flow data set" refObjectId="c5ff9afc-4c08-40cb-9150-c2465be5cd3c" version="01.00.000" uri="../flows/c5ff9afc-4c08-40cb-9150-c2465be5cd3c">
                <common:shortDescription xml:lang="en">Ammonia, as N</common:shortDescription>
            </referenceToFlowDataSet>
            <exchangeDirection>Output</exchangeDirection>
            <meanAmount>0.06</meanAmount>
            <resultingAmount>0.06</resultingAmount>
        </exchange>
        <exchange xmlns:olca="http://openlca.org/ilcd-extensions" dataSetInternalID="18" olca:unitId="20aadc24-a391-41cf-b340-3e4529f44bde" olca:propertyId="93a60a56-a3c8-11da-a746-0800200b9a66" olca:amount="5.89">
            <referenceToFlowDataSet type="flow data set" refObjectId="2061de48-36c9-36ac-b7d2-2a02af0fa6df" version="01.00.000" uri="../flows/2061de48-36c9-36ac-b7d2-2a02af0fa6df">
                <common:shortDescription xml:lang="en">TOC, Total Organic Carbon</common:shortDescription>
            </referenceToFlowDataSet>
            <exchangeDirection>Output</exchangeDirection>
            <meanAmount>5.89</meanAmount>
            <resultingAmount>5.89</resultingAmount>
        </exchange>
        <exchange xmlns:olca="http://openlca.org/ilcd-extensions" dataSetInternalID="75" olca:unitId="20aadc24-a391-41cf-b340-3e4529f44bde" olca:propertyId="93a60a56-a3c8-11da-a746-0800200b9a66" olca:amount="0.11">
            <referenceToFlowDataSet type="flow data set" refObjectId="32de8f69-43e9-3a2c-a1aa-e8bca7ead3f6" version="01.00.000" uri="../flows/32de8f69-43e9-3a2c-a1aa-e8bca7ead3f6">
                <common:shortDescription xml:lang="en">Lignite coal, at surface mine</common:shortDescription>
            </referenceToFlowDataSet>
            <exchangeDirection>Input</exchangeDirection>
            <meanAmount>0.11</meanAmount>
            <resultingAmount>0.11</resultingAmount>
        </exchange>
        <exchange xmlns:olca="http://openlca.org/ilcd-extensions" dataSetInternalID="7" olca:unitId="20aadc24-a391-41cf-b340-3e4529f44bde" olca:propertyId="93a60a56-a3c8-11da-a746-0800200b9a66" olca:amount="275.0">
            <referenceToFlowDataSet type="flow data set" refObjectId="eaaa17d0-52c2-36ed-a39b-406e7bb80359" version="01.00.000" uri="../flows/eaaa17d0-52c2-36ed-a39b-406e7bb80359">
                <common:shortDescription xml:lang="en">Coal, bituminous, 24.8 MJ per kg</common:shortDescription>
            </referenceToFlowDataSet>
            <exchangeDirection>Input</exchangeDirection>
            <meanAmount>275.0</meanAmount>
            <resultingAmount>275.0</resultingAmount>
        </exchange>
        <exchange xmlns:olca="http://openlca.org/ilcd-extensions" dataSetInternalID="49" olca:unitId="20aadc24-a391-41cf-b340-3e4529f44bde" olca:propertyId="93a60a56-a3c8-11da-a746-0800200b9a66" olca:amount="0.00497">
            <referenceToFlowDataSet type="flow data set" refObjectId="97639605-8d88-3450-ae7d-fcd67c52622d" version="01.00.000" uri="../flows/97639605-8d88-3450-ae7d-fcd67c52622d">
                <common:shortDescription xml:lang="en">Hydrogen</common:shortDescription>
            </referenceToFlowDataSet>
            <exchangeDirection>Output</exchangeDirection>
            <meanAmount>0.00497</meanAmount>
            <resultingAmount>0.00497</resultingAmount>
        </exchange>
        <exchange xmlns:olca="http://openlca.org/ilcd-extensions" dataSetInternalID="17" olca:unitId="20aadc24-a391-41cf-b340-3e4529f44bde" olca:propertyId="93a60a56-a3c8-11da-a746-0800200b9a66" olca:amount="0.00206">
            <referenceToFlowDataSet type="flow data set" refObjectId="a5506f4b-113f-4713-95c3-c819dde6e48b" version="01.00.000" uri="../flows/a5506f4b-113f-4713-95c3-c819dde6e48b">
                <common:shortDescription xml:lang="en">Nickel</common:shortDescription>
            </referenceToFlowDataSet>
            <exchangeDirection>Output</exchangeDirection>
            <meanAmount>0.00206</meanAmount>
            <resultingAmount>0.00206</resultingAmount>
        </exchange>
        <exchange xmlns:olca="http://openlca.org/ilcd-extensions" dataSetInternalID="81" olca:unitId="20aadc24-a391-41cf-b340-3e4529f44bde" olca:propertyId="93a60a56-a3c8-11da-a746-0800200b9a66" olca:amount="0.176">
            <referenceToFlowDataSet type="flow data set" refObjectId="c941d6d0-a56c-4e6c-95de-ac685635218d" version="01.00.000" uri="../flows/c941d6d0-a56c-4e6c-95de-ac685635218d">
                <common:shortDescription xml:lang="en">Hydrogen chloride</common:shortDescription>
            </referenceToFlowDataSet>
            <exchangeDirection>Output</exchangeDirection>
            <meanAmount>0.176</meanAmount>
            <resultingAmount>0.176</resultingAmount>
            <generalComment xml:lang="en">HCl</generalComment>
        </exchange>
        <exchange xmlns:olca="http://openlca.org/ilcd-extensions" dataSetInternalID="66" olca:unitId="20aadc24-a391-41cf-b340-3e4529f44bde" olca:propertyId="93a60a56-a3c8-11da-a746-0800200b9a66" olca:amount="0.00307">
            <referenceToFlowDataSet type="flow data set" refObjectId="1fc7cc6f-2aa9-3e77-b20a-592e14f148c2" version="01.00.000" uri="../flows/1fc7cc6f-2aa9-3e77-b20a-592e14f148c2">
                <common:shortDescription xml:lang="en">Mercaptans, unspecified</common:shortDescription>
            </referenceToFlowDataSet>
            <exchangeDirection>Output</exchangeDirection>
            <meanAmount>0.00307</meanAmount>
            <resultingAmount>0.00307</resultingAmount>
        </exchange>
        <exchange xmlns:olca="http://openlca.org/ilcd-extensions" dataSetInternalID="63" olca:unitId="20aadc24-a391-41cf-b340-3e4529f44bde" olca:propertyId="93a60a56-a3c8-11da-a746-0800200b9a66" olca:amount="0.00547">
            <referenceToFlowDataSet type="flow data set" refObjectId="cb9fee56-08f8-3af8-a46a-207a1a723357" version="01.00.000" uri="../flows/cb9fee56-08f8-3af8-a46a-207a1a723357">
                <common:shortDescription xml:lang="en">Chromium compounds</common:shortDescription>
            </referenceToFlowDataSet>
            <exchangeDirection>Output</exchangeDirection>
            <meanAmount>0.00547</meanAmount>
            <resultingAmount>0.00547</resultingAmount>
        </exchange>
        <exchange xmlns:olca="http://openlca.org/ilcd-extensions" dataSetInternalID="8" olca:unitId="20aadc24-a391-41cf-b340-3e4529f44bde" olca:propertyId="93a60a56-a3c8-11da-a746-0800200b9a66" olca:amount="0.115">
            <referenceToFlowDataSet type="flow data set" refObjectId="39587969-515b-3599-a403-78c461a936eb" version="01.00.000" uri="../flows/39587969-515b-3599-a403-78c461a936eb">
                <common:shortDescription xml:lang="en">Oils, unspecified</common:shortDescription>
            </referenceToFlowDataSet>
            <exchangeDirection>Output</exchangeDirection>
            <meanAmount>0.115</meanAmount>
            <resultingAmount>0.115</resultingAmount>
        </exchange>
        <exchange xmlns:olca="http://openlca.org/ilcd-extensions" dataSetInternalID="36" olca:unitId="20aadc24-a391-41cf-b340-3e4529f44bde" olca:propertyId="93a60a56-a3c8-11da-a746-0800200b9a66" olca:amount="0.0447">
            <referenceToFlowDataSet type="flow data set" refObjectId="73d49c21-3419-3a99-98de-75152649f291" version="01.00.000" uri="../flows/73d49c21-3419-3a99-98de-75152649f291">
                <common:shortDescription xml:lang="en">Toluene</common:shortDescription>
            </referenceToFlowDataSet>
            <exchangeDirection>Output</exchangeDirection>
            <meanAmount>0.0447</meanAmount>
            <resultingAmount>0.0447</resultingAmount>
            <generalComment xml:lang="en">C6H5CH3</generalComment>
        </exchange>
        <exchange xmlns:olca="http://openlca.org/ilcd-extensions" dataSetInternalID="6" olca:unitId="1c3a9695-398d-4b1f-b07e-a8715b610f70" olca:propertyId="93a60a56-a3c8-22da-a746-0800200c9a66" olca:amount="91.0">
            <referenceToFlowDataSet type="flow data set" refObjectId="bb1dc159-fe13-3f8e-8197-361e8c770ba3" version="01.00.000" uri="../flows/bb1dc159-fe13-3f8e-8197-361e8c770ba3">
                <common:shortDescription xml:lang="en">Natural gas, combusted in industrial boiler</common:shortDescription>
            </referenceToFlowDataSet>
            <exchangeDirection>Input</exchangeDirection>
            <meanAmount>91.0</meanAmount>
            <resultingAmount>91.0</resultingAmount>
        </exchange>
        <exchange xmlns:olca="http://openlca.org/ilcd-extensions" dataSetInternalID="88" olca:unitId="20aadc24-a391-41cf-b340-3e4529f44bde" olca:propertyId="93a60a56-a3c8-11da-a746-0800200b9a66" olca:amount="0.0275">
            <referenceToFlowDataSet type="flow data set" refObjectId="1d5aab56-3a26-35d3-9838-9b13dd16f2a5" version="01.00.000" uri="../flows/1d5aab56-3a26-35d3-9838-9b13dd16f2a5">
                <common:shortDescription xml:lang="en">Carbonate</common:shortDescription>
            </referenceToFlowDataSet>
            <exchangeDirection>Output</exchangeDirection>
            <meanAmount>0.0275</meanAmount>
            <resultingAmount>0.0275</resultingAmount>
        </exchange>
        <exchange xmlns:olca="http://openlca.org/ilcd-extensions" dataSetInternalID="79" olca:unitId="20aadc24-a391-41cf-b340-3e4529f44bde" olca:propertyId="93a60a56-a3c8-11da-a746-0800200b9a66" olca:amount="0.141">
            <referenceToFlowDataSet type="flow data set" refObjectId="20185046-64bb-4c09-a8e7-e8a9e144ca98" version="01.00.000" uri="../flows/20185046-64bb-4c09-a8e7-e8a9e144ca98">
                <common:shortDescription xml:lang="en">Dinitrogen monoxide</common:shortDescription>
            </referenceToFlowDataSet>
            <exchangeDirection>Output</exchangeDirection>
            <meanAmount>0.141</meanAmount>
            <resultingAmount>0.141</resultingAmount>
        </exchange>
        <exchange xmlns:olca="http://openlca.org/ilcd-extensions" dataSetInternalID="71" olca:unitId="20aadc24-a391-41cf-b340-3e4529f44bde" olca:propertyId="93a60a56-a3c8-11da-a746-0800200b9a66" olca:amount="0.0132">
            <referenceToFlowDataSet type="flow data set" refObjectId="442eafa0-6c75-3094-a775-a7111ce24591" version="01.00.000" uri="../flows/442eafa0-6c75-3094-a775-a7111ce24591">
                <common:shortDescription xml:lang="en">Acids, unspecified</common:shortDescription>
            </referenceToFlowDataSet>
            <exchangeDirection>Output</exchangeDirection>
            <meanAmount>0.0132</meanAmount>
            <resultingAmount>0.0132</resultingAmount>
        </exchange>
        <exchange xmlns:olca="http://openlca.org/ilcd-extensions" dataSetInternalID="87" olca:unitId="20aadc24-a391-41cf-b340-3e4529f44bde" olca:propertyId="93a60a56-a3c8-11da-a746-0800200b9a66" olca:amount="0.00324">
            <referenceToFlowDataSet type="flow data set" refObjectId="5ef585be-3c45-3eda-88de-39d204364158" version="01.00.000" uri="../flows/5ef585be-3c45-3eda-88de-39d204364158">
                <common:shortDescription xml:lang="en">Ethane</common:shortDescription>
            </referenceToFlowDataSet>
            <exchangeDirection>Output</exchangeDirection>
            <meanAmount>0.00324</meanAmount>
            <resultingAmount>0.00324</resultingAmount>
            <generalComment xml:lang="en">C2H6</generalComment>
        </exchange>
        <exchange xmlns:olca="http://openlca.org/ilcd-extensions" dataSetInternalID="37" olca:unitId="20aadc24-a391-41cf-b340-3e4529f44bde" olca:propertyId="93a60a56-a3c8-11da-a746-0800200b9a66" olca:amount="10.8">
            <referenceToFlowDataSet type="flow data set" refObjectId="0b7e10a8-6ca0-4a50-a39b-f2a019cb3610" version="01.00.000" uri="../flows/0b7e10a8-6ca0-4a50-a39b-f2a019cb3610">
                <common:shortDescription xml:lang="en">Nitrogen dioxide</common:shortDescription>
            </referenceToFlowDataSet>
            <exchangeDirection>Output</exchangeDirection>
            <meanAmount>10.8</meanAmount>
            <resultingAmount>10.8</resultingAmount>
        </exchange>
        <exchange xmlns:olca="http://openlca.org/ilcd-extensions" dataSetInternalID="80" olca:unitId="20aadc24-a391-41cf-b340-3e4529f44bde" olca:propertyId="93a60a56-a3c8-11da-a746-0800200b9a66" olca:amount="0.00647">
            <referenceToFlowDataSet type="flow data set" refObjectId="ab9316f9-3389-362b-af1e-4c703da5b12e" version="01.00.000" uri="../flows/ab9316f9-3389-362b-af1e-4c703da5b12e">
                <common:shortDescription xml:lang="en">Hexane</common:shortDescription>
            </referenceToFlowDataSet>
            <exchangeDirection>Output</exchangeDirection>
            <meanAmount>0.00647</meanAmount>
            <resultingAmount>0.00647</resultingAmount>
            <generalComment xml:lang="en">C6H14</generalComment>
        </exchange>
        <exchange xmlns:olca="http://openlca.org/ilcd-extensions" dataSetInternalID="48" olca:unitId="20aadc24-a391-41cf-b340-3e4529f44bde" olca:propertyId="93a60a56-a3c8-11da-a746-0800200b9a66" olca:amount="0.0141">
            <referenceToFlowDataSet type="flow data set" refObjectId="5a82a7ea-c4b3-321b-9872-eaddcd2acaf2" version="01.00.000" uri="../flows/5a82a7ea-c4b3-321b-9872-eaddcd2acaf2">
                <common:shortDescription xml:lang="en">Particulates, &lt;10 um</common:shortDescription>
            </referenceToFlowDataSet>
            <exchangeDirection>Output</exchangeDirection>
            <meanAmount>0.0141</meanAmount>
            <resultingAmount>0.0141</resultingAmount>
        </exchange>
        <exchange xmlns:olca="http://openlca.org/ilcd-extensions" dataSetInternalID="10" olca:unitId="20aadc24-a391-41cf-b340-3e4529f44bde" olca:propertyId="93a60a56-a3c8-11da-a746-0800200b9a66" olca:amount="666.0">
            <referenceToFlowDataSet type="flow data set" refObjectId="ad43e6b7-c3c2-3cd3-8391-bca65befbc11" version="01.00.000" uri="../flows/ad43e6b7-c3c2-3cd3-8391-bca65befbc11">
                <common:shortDescription xml:lang="en">Natural gas, at extraction site</common:shortDescription>
            </referenceToFlowDataSet>
            <exchangeDirection>Input</exchangeDirection>
            <meanAmount>666.0</meanAmount>
            <resultingAmount>666.0</resultingAmount>
        </exchange>
        <exchange xmlns:olca="http://openlca.org/ilcd-extensions" dataSetInternalID="3" olca:unitId="20aadc24-a391-41cf-b340-3e4529f44bde" olca:propertyId="93a60a56-a3c8-11da-a746-0800200b9a66" olca:amount="331.0">
            <referenceToFlowDataSet type="flow data set" refObjectId="315c0693-98f1-3bb5-af41-49813737f85a" version="01.00.000" uri="../flows/315c0693-98f1-3bb5-af41-49813737f85a">
                <common:shortDescription xml:lang="en">Carbon dioxide</common:shortDescription>
            </referenceToFlowDataSet>
            <exchangeDirection>Input</exchangeDirection>
            <meanAmount>331.0</meanAmount>
            <resultingAmount>331.0</resultingAmount>
            <generalComment xml:lang="en">This biomass carbon comes from a biobased ingredient other than (in addition to) the soy oil</generalComment>
        </exchange>
        <exchange xmlns:olca="http://openlca.org/ilcd-extensions" dataSetInternalID="4" olca:unitId="20aadc24-a391-41cf-b340-3e4529f44bde" olca:propertyId="93a60a56-a3c8-11da-a746-0800200b9a66" olca:amount="77.3">
            <referenceToFlowDataSet type="flow data set" refObjectId="da720825-692e-3807-b153-40271247a93f" version="01.00.000" uri="../flows/da720825-692e-3807-b153-40271247a93f">
                <common:shortDescription xml:lang="en">Ethanol</common:shortDescription>
            </referenceToFlowDataSet>
            <exchangeDirection>Output</exchangeDirection>
            <meanAmount>77.3</meanAmount>
            <resultingAmount>77.3</resultingAmount>
            <generalComment xml:lang="en">C2H5OH</generalComment>
        </exchange>
        <exchange xmlns:olca="http://openlca.org/ilcd-extensions" dataSetInternalID="9" olca:unitId="20aadc24-a391-41cf-b340-3e4529f44bde" olca:propertyId="93a60a56-a3c8-11da-a746-0800200b9a66" olca:amount="0.0192">
            <referenceToFlowDataSet type="flow data set" refObjectId="355d165a-8be8-3b91-be79-89f5aaa52408" version="01.00.000" uri="../flows/355d165a-8be8-3b91-be79-89f5aaa52408">
                <common:shortDescription xml:lang="en">Hydrogen fluoride</common:shortDescription>
            </referenceToFlowDataSet>
            <exchangeDirection>Output</exchangeDirection>
            <meanAmount>0.0192</meanAmount>
            <resultingAmount>0.0192</resultingAmount>
            <generalComment xml:lang="en">HF</generalComment>
        </exchange>
        <exchange xmlns:olca="http://openlca.org/ilcd-extensions" dataSetInternalID="68" olca:unitId="20aadc24-a391-41cf-b340-3e4529f44bde" olca:propertyId="93a60a56-a3c8-11da-a746-0800200b9a66" olca:amount="0.00145">
            <referenceToFlowDataSet type="flow data set" refObjectId="789b2d1d-ed5f-383e-a86f-114b88cc06be" version="01.00.000" uri="../flows/789b2d1d-ed5f-383e-a86f-114b88cc06be">
                <common:shortDescription xml:lang="en">Magnesium</common:shortDescription>
            </referenceToFlowDataSet>
            <exchangeDirection>Output</exchangeDirection>
            <meanAmount>0.00145</meanAmount>
            <resultingAmount>0.00145</resultingAmount>
        </exchange>
        <exchange xmlns:olca="http://openlca.org/ilcd-extensions" dataSetInternalID="62" olca:unitId="20aadc24-a391-41cf-b340-3e4529f44bde" olca:propertyId="93a60a56-a3c8-11da-a746-0800200b9a66" olca:amount="0.0194">
            <referenceToFlowDataSet type="flow data set" refObjectId="3673ffe5-a5f0-375d-a113-5d977ba1e57a" version="01.00.000" uri="../flows/3673ffe5-a5f0-375d-a113-5d977ba1e57a">
                <common:shortDescription xml:lang="en">Ethylene </common:shortDescription>
            </referenceToFlowDataSet>
            <exchangeDirection>Output</exchangeDirection>
            <meanAmount>0.0194</meanAmount>
            <resultingAmount>0.0194</resultingAmount>
            <generalComment xml:lang="en">C2H4</generalComment>
        </exchange>
        <exchange xmlns:olca="http://openlca.org/ilcd-extensions" dataSetInternalID="73" olca:unitId="20aadc24-a391-41cf-b340-3e4529f44bde" olca:propertyId="93a60a56-a3c8-11da-a746-0800200b9a66" olca:amount="0.00275">
            <referenceToFlowDataSet type="flow data set" refObjectId="c10030fc-9101-3977-a8d3-ebd6afe4050a" version="01.00.000" uri="../flows/c10030fc-9101-3977-a8d3-ebd6afe4050a">
                <common:shortDescription xml:lang="en">Dissolved substances, organic</common:shortDescription>
            </referenceToFlowDataSet>
            <exchangeDirection>Output</exchangeDirection>
            <meanAmount>0.00275</meanAmount>
            <resultingAmount>0.00275</resultingAmount>
        </exchange>
        <exchange xmlns:olca="http://openlca.org/ilcd-extensions" dataSetInternalID="23" olca:unitId="52765a6c-3896-43c2-b2f4-c679acf13efe" olca:propertyId="f6811440-ee37-11de-8a39-0800200c9a66" olca:amount="258.0">
            <referenceToFlowDataSet type="flow data set" refObjectId="73e33e2a-67d5-31e2-8449-b6f2d7b46bb2" version="01.00.000" uri="../flows/73e33e2a-67d5-31e2-8449-b6f2d7b46bb2">
                <common:shortDescription xml:lang="en">Electricity, at grid, US, 2000</common:shortDescription>
            </referenceToFlowDataSet>
            <exchangeDirection>Input</exchangeDirection>
            <meanAmount>258.0</meanAmount>
            <resultingAmount>258.0</resultingAmount>
        </exchange>
        <exchange xmlns:olca="http://openlca.org/ilcd-extensions" dataSetInternalID="41" olca:unitId="20aadc24-a391-41cf-b340-3e4529f44bde" olca:propertyId="93a60a56-a3c8-11da-a746-0800200b9a66" olca:amount="30.0">
            <referenceToFlowDataSet type="flow data set" refObjectId="16a0fc94-eaec-315c-9f2f-328d8833dcad" version="01.00.000" uri="../flows/16a0fc94-eaec-315c-9f2f-328d8833dcad">
                <common:shortDescription xml:lang="en">BOD5, Biological Oxygen Demand</common:shortDescription>
            </referenceToFlowDataSet>
            <exchangeDirection>Output</exchangeDirection>
            <meanAmount>30.0</meanAmount>
            <resultingAmount>30.0</resultingAmount>
        </exchange>
        <exchange xmlns:olca="http://openlca.org/ilcd-extensions" dataSetInternalID="42" olca:unitId="20aadc24-a391-41cf-b340-3e4529f44bde" olca:propertyId="93a60a56-a3c8-11da-a746-0800200b9a66" olca:amount="0.00849">
            <referenceToFlowDataSet type="flow data set" refObjectId="1d91ba69-9367-32d9-9acc-b6884944eda8" version="01.00.000" uri="../flows/1d91ba69-9367-32d9-9acc-b6884944eda8">
                <common:shortDescription xml:lang="en">Phosphorus</common:shortDescription>
            </referenceToFlowDataSet>
            <exchangeDirection>Output</exchangeDirection>
            <meanAmount>0.00849</meanAmount>
            <resultingAmount>0.00849</resultingAmount>
        </exchange>
        <exchange xmlns:olca="http://openlca.org/ilcd-extensions" dataSetInternalID="26" olca:unitId="20aadc24-a391-41cf-b340-3e4529f44bde" olca:propertyId="93a60a56-a3c8-11da-a746-0800200b9a66" olca:amount="0.0486">
            <referenceToFlowDataSet type="flow data set" refObjectId="0ba9c977-5398-3e0f-b3c9-d922e39d7894" version="01.00.000" uri="../flows/0ba9c977-5398-3e0f-b3c9-d922e39d7894">
                <common:shortDescription xml:lang="en">Benzene</common:shortDescription>
            </referenceToFlowDataSet>
            <exchangeDirection>Output</exchangeDirection>
            <meanAmount>0.0486</meanAmount>
            <resultingAmount>0.0486</resultingAmount>
            <generalComment xml:lang="en">C6H6</generalComment>
        </exchange>
        <exchange xmlns:olca="http://openlca.org/ilcd-extensions" dataSetInternalID="30" olca:unitId="20aadc24-a391-41cf-b340-3e4529f44bde" olca:propertyId="93a60a56-a3c8-11da-a746-0800200b9a66" olca:amount="0.0162">
            <referenceToFlowDataSet type="flow data set" refObjectId="4d920467-c292-361c-8640-9ab6b0acaa52" version="01.00.000" uri="../flows/4d920467-c292-361c-8640-9ab6b0acaa52">
                <common:shortDescription xml:lang="en">Pentane</common:shortDescription>
            </referenceToFlowDataSet>
            <exchangeDirection>Output</exchangeDirection>
            <meanAmount>0.0162</meanAmount>
            <resultingAmount>0.0162</resultingAmount>
            <generalComment xml:lang="en">C5H12</generalComment>
        </exchange>
        <exchange xmlns:olca="http://openlca.org/ilcd-extensions" dataSetInternalID="5" olca:unitId="20aadc24-a391-41cf-b340-3e4529f44bde" olca:propertyId="93a60a56-a3c8-11da-a746-0800200b9a66" olca:amount="12.4">
            <referenceToFlowDataSet type="flow data set" refObjectId="cafbf2c7-ed0f-3ace-966e-046f811a3119" version="01.00.000" uri="../flows/cafbf2c7-ed0f-3ace-966e-046f811a3119">
                <common:shortDescription xml:lang="en">Calcium </common:shortDescription>
            </referenceToFlowDataSet>
            <exchangeDirection>Output</exchangeDirection>
            <meanAmount>12.4</meanAmount>
            <resultingAmount>12.4</resultingAmount>
        </exchange>
        <exchange xmlns:olca="http://openlca.org/ilcd-extensions" dataSetInternalID="34" olca:unitId="1c3a9695-398d-4b1f-b07e-a8715b610f70" olca:propertyId="93a60a56-a3c8-22da-a746-0800200c9a66" olca:amount="37700.0">
            <referenceToFlowDataSet type="flow data set" refObjectId="68a9a98a-f2eb-36b2-bfaa-897da6ac6b36" version="01.00.000" uri="../flows/68a9a98a-f2eb-36b2-bfaa-897da6ac6b36">
                <common:shortDescription xml:lang="en">Water</common:shortDescription>
            </referenceToFlowDataSet>
            <exchangeDirection>Input</exchangeDirection>
            <meanAmount>37700.0</meanAmount>
            <resultingAmount>37700.0</resultingAmount>
        </exchange>
        <exchange xmlns:olca="http://openlca.org/ilcd-extensions" dataSetInternalID="82" olca:unitId="20aadc24-a391-41cf-b340-3e4529f44bde" olca:propertyId="93a60a56-a3c8-11da-a746-0800200b9a66" olca:amount="0.00155">
            <referenceToFlowDataSet type="flow data set" refObjectId="2d11663d-f7f6-361a-9f0b-d39bc9e39f98" version="01.00.000" uri="../flows/2d11663d-f7f6-361a-9f0b-d39bc9e39f98">
                <common:shortDescription xml:lang="en">Ethylene oxide</common:shortDescription>
            </referenceToFlowDataSet>
            <exchangeDirection>Output</exchangeDirection>
            <meanAmount>0.00155</meanAmount>
            <resultingAmount>0.00155</resultingAmount>
            <generalComment xml:lang="en">C2H4O</generalComment>
        </exchange>
        <exchange xmlns:olca="http://openlca.org/ilcd-extensions" dataSetInternalID="15" olca:unitId="20aadc24-a391-41cf-b340-3e4529f44bde" olca:propertyId="93a60a56-a3c8-11da-a746-0800200b9a66" olca:amount="1.62">
            <referenceToFlowDataSet type="flow data set" refObjectId="e9b40ea1-437e-3704-bf39-2894deb0461e" version="01.00.000" uri="../flows/e9b40ea1-437e-3704-bf39-2894deb0461e">
                <common:shortDescription xml:lang="en">Potassium Chloride</common:shortDescription>
            </referenceToFlowDataSet>
            <exchangeDirection>Input</exchangeDirection>
            <meanAmount>1.62</meanAmount>
            <resultingAmount>1.62</resultingAmount>
        </exchange>
        <exchange xmlns:olca="http://openlca.org/ilcd-extensions" dataSetInternalID="14" olca:unitId="20aadc24-a391-41cf-b340-3e4529f44bde" olca:propertyId="93a60a56-a3c8-11da-a746-0800200b9a66" olca:amount="0.396">
            <referenceToFlowDataSet type="flow data set" refObjectId="bb036622-88ea-373e-b231-a23247639c59" version="01.00.000" uri="../flows/bb036622-88ea-373e-b231-a23247639c59">
                <common:shortDescription xml:lang="en">Propylene </common:shortDescription>
            </referenceToFlowDataSet>
            <exchangeDirection>Output</exchangeDirection>
            <meanAmount>0.396</meanAmount>
            <resultingAmount>0.396</resultingAmount>
            <generalComment xml:lang="en">CH2CHCH3</generalComment>
        </exchange>
        <exchange xmlns:olca="http://openlca.org/ilcd-extensions" dataSetInternalID="46" olca:unitId="20aadc24-a391-41cf-b340-3e4529f44bde" olca:propertyId="93a60a56-a3c8-11da-a746-0800200b9a66" olca:amount="124.0">
            <referenceToFlowDataSet type="flow data set" refObjectId="93ebc557-2901-3beb-9d3a-e57f66ec252b" version="01.00.000" uri="../flows/93ebc557-2901-3beb-9d3a-e57f66ec252b">
                <common:shortDescription xml:lang="en">Sodium, ion</common:shortDescription>
            </referenceToFlowDataSet>
            <exchangeDirection>Output</exchangeDirection>
            <meanAmount>124.0</meanAmount>
            <resultingAmount>124.0</resultingAmount>
        </exchange>
        <exchange xmlns:olca="http://openlca.org/ilcd-extensions" dataSetInternalID="29" olca:unitId="20aadc24-a391-41cf-b340-3e4529f44bde" olca:propertyId="93a60a56-a3c8-11da-a746-0800200b9a66" olca:amount="0.116">
            <referenceToFlowDataSet type="flow data set" refObjectId="96b0e9d0-5bfc-4113-ac30-c9b8a310b534" version="01.00.000" uri="../flows/96b0e9d0-5bfc-4113-ac30-c9b8a310b534">
                <common:shortDescription xml:lang="en">Fluoride</common:shortDescription>
            </referenceToFlowDataSet>
            <exchangeDirection>Output</exchangeDirection>
            <meanAmount>0.116</meanAmount>
            <resultingAmount>0.116</resultingAmount>
        </exchange>
        <exchange xmlns:olca="http://openlca.org/ilcd-extensions" dataSetInternalID="16" olca:unitId="20aadc24-a391-41cf-b340-3e4529f44bde" olca:propertyId="93a60a56-a3c8-11da-a746-0800200b9a66" olca:amount="0.0132">
            <referenceToFlowDataSet type="flow data set" refObjectId="c91fdae8-6764-319c-a05c-34f5ef1f2c89" version="01.00.000" uri="../flows/c91fdae8-6764-319c-a05c-34f5ef1f2c89">
                <common:shortDescription xml:lang="en">Aldehydes (unspecified)</common:shortDescription>
            </referenceToFlowDataSet>
            <exchangeDirection>Output</exchangeDirection>
            <meanAmount>0.0132</meanAmount>
            <resultingAmount>0.0132</resultingAmount>
        </exchange>
        <exchange xmlns:olca="http://openlca.org/ilcd-extensions" dataSetInternalID="40" olca:unitId="20aadc24-a391-41cf-b340-3e4529f44bde" olca:propertyId="93a60a56-a3c8-11da-a746-0800200b9a66" olca:amount="0.0867">
            <referenceToFlowDataSet type="flow data set" refObjectId="c8791f3c-3c4a-4278-91c0-483797d14da2" version="01.00.000" uri="../flows/c8791f3c-3c4a-4278-91c0-483797d14da2">
                <common:shortDescription xml:lang="en">Phosphate</common:shortDescription>
            </referenceToFlowDataSet>
            <exchangeDirection>Output</exchangeDirection>
            <meanAmount>0.0867</meanAmount>
            <resultingAmount>0.0867</resultingAmount>
        </exchange>
        <exchange xmlns:olca="http://openlca.org/ilcd-extensions" dataSetInternalID="85" olca:unitId="20aadc24-a391-41cf-b340-3e4529f44bde" olca:propertyId="93a60a56-a3c8-11da-a746-0800200b9a66" olca:amount="3940.0">
            <referenceToFlowDataSet type="flow data set" refObjectId="63af114b-afcb-3a82-801a-9c66208a673a" version="01.00.000" uri="../flows/63af114b-afcb-3a82-801a-9c66208a673a">
                <common:shortDescription xml:lang="en">Carbon dioxide, fossil </common:shortDescription>
            </referenceToFlowDataSet>
            <exchangeDirection>Output</exchangeDirection>
            <meanAmount>3940.0</meanAmount>
            <resultingAmount>3940.0</resultingAmount>
        </exchange>
        <exchange xmlns:olca="http://openlca.org/ilcd-extensions" dataSetInternalID="69" olca:unitId="20aadc24-a391-41cf-b340-3e4529f44bde" olca:propertyId="93a60a56-a3c8-11da-a746-0800200b9a66" olca:amount="0.0276">
            <referenceToFlowDataSet type="flow data set" refObjectId="e620a933-c348-4e7e-8893-ab0a0f681c7e" version="01.00.000" uri="../flows/e620a933-c348-4e7e-8893-ab0a0f681c7e">
                <common:shortDescription xml:lang="en">Hydrocarbons, unspecified</common:shortDescription>
            </referenceToFlowDataSet>
            <exchangeDirection>Output</exchangeDirection>
            <meanAmount>0.0276</meanAmount>
            <resultingAmount>0.0276</resultingAmount>
        </exchange>
        <exchange xmlns:olca="http://openlca.org/ilcd-extensions" dataSetInternalID="72" olca:unitId="20aadc24-a391-41cf-b340-3e4529f44bde" olca:propertyId="93a60a56-a3c8-11da-a746-0800200b9a66" olca:amount="0.0013">
            <referenceToFlowDataSet type="flow data set" refObjectId="20d4d821-f4f7-4017-8810-f822fcdf619e" version="01.00.000" uri="../flows/20d4d821-f4f7-4017-8810-f822fcdf619e">
                <common:shortDescription xml:lang="en">Hydrogen sulfide</common:shortDescription>
            </referenceToFlowDataSet>
            <exchangeDirection>Output</exchangeDirection>
            <meanAmount>0.0013</meanAmount>
            <resultingAmount>0.0013</resultingAmount>
            <generalComment xml:lang="en">H2S</generalComment>
        </exchange>
        <exchange xmlns:olca="http://openlca.org/ilcd-extensions" dataSetInternalID="57" olca:unitId="20aadc24-a391-41cf-b340-3e4529f44bde" olca:propertyId="93a60a56-a3c8-11da-a746-0800200b9a66" olca:amount="0.249">
            <referenceToFlowDataSet type="flow data set" refObjectId="87883a4e-1e3e-4c9d-90c0-f1bea36f8014" version="01.00.000" uri="../flows/87883a4e-1e3e-4c9d-90c0-f1bea36f8014">
                <common:shortDescription xml:lang="en">Ammonia</common:shortDescription>
            </referenceToFlowDataSet>
            <exchangeDirection>Output</exchangeDirection>
            <meanAmount>0.249</meanAmount>
            <resultingAmount>0.249</resultingAmount>
            <generalComment xml:lang="en">NH3</generalComment>
        </exchange>
        <exchange xmlns:olca="http://openlca.org/ilcd-extensions" dataSetInternalID="64" olca:unitId="20aadc24-a391-41cf-b340-3e4529f44bde" olca:propertyId="93a60a56-a3c8-11da-a746-0800200b9a66" olca:amount="171.0">
            <referenceToFlowDataSet type="flow data set" refObjectId="f8973d41-1ca2-3034-94da-5bfa0f7a0202" version="01.00.000" uri="../flows/f8973d41-1ca2-3034-94da-5bfa0f7a0202">
                <common:shortDescription xml:lang="en">CUTOFF Disposal, solid waste, unspecified, to unspecified landfill</common:shortDescription>
            </referenceToFlowDataSet>
            <exchangeDirection>Input</exchangeDirection>
            <meanAmount>171.0</meanAmount>
            <resultingAmount>171.0</resultingAmount>
        </exchange>
        <exchange xmlns:olca="http://openlca.org/ilcd-extensions" dataSetInternalID="58" olca:unitId="20aadc24-a391-41cf-b340-3e4529f44bde" olca:propertyId="93a60a56-a3c8-11da-a746-0800200b9a66" olca:amount="0.576">
            <referenceToFlowDataSet type="flow data set" refObjectId="8f540c79-5d4c-3d31-82fd-42347bef721a" version="01.00.000" uri="../flows/8f540c79-5d4c-3d31-82fd-42347bef721a">
                <common:shortDescription xml:lang="en">Sulfate</common:shortDescription>
            </referenceToFlowDataSet>
            <exchangeDirection>Output</exchangeDirection>
            <meanAmount>0.576</meanAmount>
            <resultingAmount>0.576</resultingAmount>
        </exchange>
        <exchange xmlns:olca="http://openlca.org/ilcd-extensions" dataSetInternalID="35" olca:unitId="20aadc24-a391-41cf-b340-3e4529f44bde" olca:propertyId="93a60a56-a3c8-11da-a746-0800200b9a66" olca:amount="0.00179">
            <referenceToFlowDataSet type="flow data set" refObjectId="31c4d160-b21e-41b3-b9c1-3d7a72377653" version="01.00.000" uri="../flows/31c4d160-b21e-41b3-b9c1-3d7a72377653">
                <common:shortDescription xml:lang="en">Lead</common:shortDescription>
            </referenceToFlowDataSet>
            <exchangeDirection>Output</exchangeDirection>
            <meanAmount>0.00179</meanAmount>
            <resultingAmount>0.00179</resultingAmount>
        </exchange>
        <exchange xmlns:olca="http://openlca.org/ilcd-extensions" dataSetInternalID="27" olca:unitId="20aadc24-a391-41cf-b340-3e4529f44bde" olca:propertyId="93a60a56-a3c8-11da-a746-0800200b9a66" olca:amount="0.35">
            <referenceToFlowDataSet type="flow data set" refObjectId="487a8b9f-2a73-31d6-bd32-5d6fec0219f8" version="01.00.000" uri="../flows/487a8b9f-2a73-31d6-bd32-5d6fec0219f8">
                <common:shortDescription xml:lang="en">Particulates, &gt; 10 um</common:shortDescription>
            </referenceToFlowDataSet>
            <exchangeDirection>Output</exchangeDirection>
            <meanAmount>0.35</meanAmount>
            <resultingAmount>0.35</resultingAmount>
        </exchange>
        <exchange xmlns:olca="http://openlca.org/ilcd-extensions" dataSetInternalID="20" olca:unitId="20aadc24-a391-41cf-b340-3e4529f44bde" olca:propertyId="93a60a56-a3c8-11da-a746-0800200b9a66" olca:amount="0.0122">
            <referenceToFlowDataSet type="flow data set" refObjectId="b13651eb-5a15-3f08-b4ca-fba03bd3569b" version="01.00.000" uri="../flows/b13651eb-5a15-3f08-b4ca-fba03bd3569b">
                <common:shortDescription xml:lang="en">Boron</common:shortDescription>
            </referenceToFlowDataSet>
            <exchangeDirection>Output</exchangeDirection>
            <meanAmount>0.0122</meanAmount>
            <resultingAmount>0.0122</resultingAmount>
            <generalComment xml:lang="en">B III</generalComment>
        </exchange>
        <exchange xmlns:olca="http://openlca.org/ilcd-extensions" dataSetInternalID="47" olca:unitId="20aadc24-a391-41cf-b340-3e4529f44bde" olca:propertyId="93a60a56-a3c8-11da-a746-0800200b9a66" olca:amount="0.165">
            <referenceToFlowDataSet type="flow data set" refObjectId="3ded5471-6994-36d5-a236-1d8e39502a98" version="01.00.000" uri="../flows/3ded5471-6994-36d5-a236-1d8e39502a98">
                <common:shortDescription xml:lang="en">Propylene </common:shortDescription>
            </referenceToFlowDataSet>
            <exchangeDirection>Output</exchangeDirection>
            <meanAmount>0.165</meanAmount>
            <resultingAmount>0.165</resultingAmount>
            <generalComment xml:lang="en">CH2CHCH3</generalComment>
        </exchange>
        <exchange xmlns:olca="http://openlca.org/ilcd-extensions" dataSetInternalID="56" olca:unitId="20aadc24-a391-41cf-b340-3e4529f44bde" olca:propertyId="93a60a56-a3c8-11da-a746-0800200b9a66" olca:amount="0.438">
            <referenceToFlowDataSet type="flow data set" refObjectId="63e7d74e-8549-11e0-9d78-0800200c9a66" version="01.00.000" uri="../flows/63e7d74e-8549-11e0-9d78-0800200c9a66">
                <common:shortDescription xml:lang="en">Iron</common:shortDescription>
            </referenceToFlowDataSet>
            <exchangeDirection>Output</exchangeDirection>
            <meanAmount>0.438</meanAmount>
            <resultingAmount>0.438</resultingAmount>
        </exchange>
        <exchange xmlns:olca="http://openlca.org/ilcd-extensions" dataSetInternalID="67" olca:unitId="20aadc24-a391-41cf-b340-3e4529f44bde" olca:propertyId="93a60a56-a3c8-11da-a746-0800200b9a66" olca:amount="0.00315">
            <referenceToFlowDataSet type="flow data set" refObjectId="77fcca9a-7ac9-3513-8bd9-9e849e08bb6f" version="01.00.000" uri="../flows/77fcca9a-7ac9-3513-8bd9-9e849e08bb6f">
                <common:shortDescription xml:lang="en">Xylene</common:shortDescription>
            </referenceToFlowDataSet>
            <exchangeDirection>Output</exchangeDirection>
            <meanAmount>0.00315</meanAmount>
            <resultingAmount>0.00315</resultingAmount>
            <generalComment xml:lang="en">C6H4(CH3)2</generalComment>
        </exchange>
        <exchange xmlns:olca="http://openlca.org/ilcd-extensions" dataSetInternalID="78" olca:unitId="20aadc24-a391-41cf-b340-3e4529f44bde" olca:propertyId="93a60a56-a3c8-11da-a746-0800200b9a66" olca:amount="0.0129">
            <referenceToFlowDataSet type="flow data set" refObjectId="a834e907-83eb-3e8c-89ae-6429d8adad10" version="01.00.000" uri="../flows/a834e907-83eb-3e8c-89ae-6429d8adad10">
                <common:shortDescription xml:lang="en">Propane</common:shortDescription>
            </referenceToFlowDataSet>
            <exchangeDirection>Output</exchangeDirection>
            <meanAmount>0.0129</meanAmount>
            <resultingAmount>0.0129</resultingAmount>
            <generalComment xml:lang="en">C3H8</generalComment>
        </exchange>
        <exchange xmlns:olca="http://openlca.org/ilcd-extensions" dataSetInternalID="74" olca:unitId="20aadc24-a391-41cf-b340-3e4529f44bde" olca:propertyId="93a60a56-a3c8-11da-a746-0800200b9a66" olca:amount="5.46">
            <referenceToFlowDataSet type="flow data set" refObjectId="7ae371ac-8532-11e0-9d78-0800200c9a66" version="01.00.000" uri="../flows/7ae371ac-8532-11e0-9d78-0800200c9a66">
                <common:shortDescription xml:lang="en">Carbon monoxide</common:shortDescription>
            </referenceToFlowDataSet>
            <exchangeDirection>Output</exchangeDirection>
            <meanAmount>5.46</meanAmount>
            <resultingAmount>5.46</resultingAmount>
            <generalComment xml:lang="en">CO</generalComment>
        </exchange>
        <exchange xmlns:olca="http://openlca.org/ilcd-extensions" dataSetInternalID="43" olca:unitId="20aadc24-a391-41cf-b340-3e4529f44bde" olca:propertyId="93a60a56-a3c8-11da-a746-0800200b9a66" olca:amount="0.198">
            <referenceToFlowDataSet type="flow data set" refObjectId="dc52a4db-da65-3119-8e62-70228d090990" version="01.00.000" uri="../flows/dc52a4db-da65-3119-8e62-70228d090990">
                <common:shortDescription xml:lang="en">Aluminum</common:shortDescription>
            </referenceToFlowDataSet>
            <exchangeDirection>Output</exchangeDirection>
            <meanAmount>0.198</meanAmount>
            <resultingAmount>0.198</resultingAmount>
        </exchange>
        <exchange xmlns:olca="http://openlca.org/ilcd-extensions" dataSetInternalID="70" olca:unitId="20aadc24-a391-41cf-b340-3e4529f44bde" olca:propertyId="93a60a56-a3c8-11da-a746-0800200b9a66" olca:amount="2.75">
            <referenceToFlowDataSet type="flow data set" refObjectId="df1d0d1c-64b4-3ca7-9edb-970676393c7f" version="01.00.000" uri="../flows/df1d0d1c-64b4-3ca7-9edb-970676393c7f">
                <common:shortDescription xml:lang="en">Barium</common:shortDescription>
            </referenceToFlowDataSet>
            <exchangeDirection>Output</exchangeDirection>
            <meanAmount>2.75</meanAmount>
            <resultingAmount>2.75</resultingAmount>
        </exchange>
        <exchange xmlns:olca="http://openlca.org/ilcd-extensions" dataSetInternalID="60" olca:unitId="20aadc24-a391-41cf-b340-3e4529f44bde" olca:propertyId="93a60a56-a3c8-11da-a746-0800200b9a66" olca:amount="0.275">
            <referenceToFlowDataSet type="flow data set" refObjectId="fce7dbb7-d08d-34ae-875c-1afb623e7213" version="01.00.000" uri="../flows/fce7dbb7-d08d-34ae-875c-1afb623e7213">
                <common:shortDescription xml:lang="en">Chlorine</common:shortDescription>
            </referenceToFlowDataSet>
            <exchangeDirection>Output</exchangeDirection>
            <meanAmount>0.275</meanAmount>
            <resultingAmount>0.275</resultingAmount>
        </exchange>
        <exchange xmlns:olca="http://openlca.org/ilcd-extensions" dataSetInternalID="77" olca:unitId="20aadc24-a391-41cf-b340-3e4529f44bde" olca:propertyId="93a60a56-a3c8-11da-a746-0800200b9a66" olca:amount="0.00142">
            <referenceToFlowDataSet type="flow data set" refObjectId="428037ab-78b5-389e-acb6-fb8b0c1c2bc8" version="01.00.000" uri="../flows/428037ab-78b5-389e-acb6-fb8b0c1c2bc8">
                <common:shortDescription xml:lang="en">Formaldehyde</common:shortDescription>
            </referenceToFlowDataSet>
            <exchangeDirection>Output</exchangeDirection>
            <meanAmount>0.00142</meanAmount>
            <resultingAmount>0.00142</resultingAmount>
            <generalComment xml:lang="en">CH2O</generalComment>
        </exchange>
        <exchange xmlns:olca="http://openlca.org/ilcd-extensions" dataSetInternalID="19" olca:unitId="20aadc24-a391-41cf-b340-3e4529f44bde" olca:propertyId="93a60a56-a3c8-11da-a746-0800200b9a66" olca:amount="0.044">
            <referenceToFlowDataSet type="flow data set" refObjectId="ba21b581-543c-38df-b9b5-3f94fa5053e4" version="01.00.000" uri="../flows/ba21b581-543c-38df-b9b5-3f94fa5053e4">
                <common:shortDescription xml:lang="en">Xylene</common:shortDescription>
            </referenceToFlowDataSet>
            <exchangeDirection>Output</exchangeDirection>
            <meanAmount>0.044</meanAmount>
            <resultingAmount>0.044</resultingAmount>
            <generalComment xml:lang="en">C6H4(CH3)2</generalComment>
        </exchange>
        <exchange xmlns:olca="http://openlca.org/ilcd-extensions" dataSetInternalID="2" olca:unitId="20aadc24-a391-41cf-b340-3e4529f44bde" olca:propertyId="93a60a56-a3c8-11da-a746-0800200b9a66" olca:amount="0.00906">
            <referenceToFlowDataSet type="flow data set" refObjectId="b2c1b4fe-5466-3adc-b97b-4b23d7a984cf" version="01.00.000" uri="../flows/b2c1b4fe-5466-3adc-b97b-4b23d7a984cf">
                <common:shortDescription xml:lang="en">Atrazine</common:shortDescription>
            </referenceToFlowDataSet>
            <exchangeDirection>Output</exchangeDirection>
            <meanAmount>0.00906</meanAmount>
            <resultingAmount>0.00906</resultingAmount>
            <generalComment xml:lang="en">C8H14ClN5</generalComment>
        </exchange>
        <exchange xmlns:olca="http://openlca.org/ilcd-extensions" dataSetInternalID="33" olca:unitId="20aadc24-a391-41cf-b340-3e4529f44bde" olca:propertyId="93a60a56-a3c8-11da-a746-0800200b9a66" olca:amount="2.43">
            <referenceToFlowDataSet type="flow data set" refObjectId="c0f23ce6-a65a-3146-9a84-719a4662ef2d" version="01.00.000" uri="../flows/c0f23ce6-a65a-3146-9a84-719a4662ef2d">
                <common:shortDescription xml:lang="en">Magnesium</common:shortDescription>
            </referenceToFlowDataSet>
            <exchangeDirection>Output</exchangeDirection>
            <meanAmount>2.43</meanAmount>
            <resultingAmount>2.43</resultingAmount>
        </exchange>
        <exchange xmlns:olca="http://openlca.org/ilcd-extensions" dataSetInternalID="89" olca:unitId="20aadc24-a391-41cf-b340-3e4529f44bde" olca:propertyId="93a60a56-a3c8-11da-a746-0800200b9a66" olca:amount="0.0943">
            <referenceToFlowDataSet type="flow data set" refObjectId="f9638fe0-5152-3752-8148-53e92b64d2e3" version="01.00.000" uri="../flows/f9638fe0-5152-3752-8148-53e92b64d2e3">
                <common:shortDescription xml:lang="en">Metals, unspecified</common:shortDescription>
            </referenceToFlowDataSet>
            <exchangeDirection>Output</exchangeDirection>
            <meanAmount>0.0943</meanAmount>
            <resultingAmount>0.0943</resultingAmount>
        </exchange>
        <exchange xmlns:olca="http://openlca.org/ilcd-extensions" dataSetInternalID="25" olca:unitId="20aadc24-a391-41cf-b340-3e4529f44bde" olca:propertyId="93a60a56-a3c8-11da-a746-0800200b9a66" olca:amount="0.00323">
            <referenceToFlowDataSet type="flow data set" refObjectId="75be56c8-8031-35b8-acf2-f3189f66b7b9" version="01.00.000" uri="../flows/75be56c8-8031-35b8-acf2-f3189f66b7b9">
                <common:shortDescription xml:lang="en">Heptane</common:shortDescription>
            </referenceToFlowDataSet>
            <exchangeDirection>Output</exchangeDirection>
            <meanAmount>0.00323</meanAmount>
            <resultingAmount>0.00323</resultingAmount>
            <generalComment xml:lang="en">C7H16</generalComment>
        </exchange>
    </exchanges>
</processDataSet>
