<?xml version="1.0" encoding="UTF-8" standalone="yes"?>
<processDataSet xmlns:m="http://lca.jrc.it/ILCD/LCIAMethod" xmlns:common="http://lca.jrc.it/ILCD/Common" xmlns:s="http://lca.jrc.it/ILCD/Source" xmlns:c="http://lca.jrc.it/ILCD/Contact" xmlns:f="http://lca.jrc.it/ILCD/Flow" xmlns="http://lca.jrc.it/ILCD/Process" xmlns:fp="http://lca.jrc.it/ILCD/FlowProperty" xmlns:u="http://lca.jrc.it/ILCD/UnitGroup" version="1.1">
    <processInformation>
        <dataSetInformation>
            <common:UUID>d9cadd89-4203-375a-903a-63197cd29c6a</common:UUID>
            <name>
                <baseName xml:lang="en">Ethanol, denatured, forest residues, thermochem</baseName>
            </name>
            <classificationInformation>
                <common:classification>
                    <common:class level="0" classId="aace7bf8-a0e3-3515-8b6c-2c4211ad420b">Chemical Manufacturing</common:class>
                    <common:class level="1" classId="eb295789-0d26-32c1-96f4-c7866c140019">Ethyl alcohol manufacturing</common:class>
                </common:classification>
            </classificationInformation>
        </dataSetInformation>
        <quantitativeReference type="Reference flow(s)">
            <referenceToReferenceFlow>1</referenceToReferenceFlow>
        </quantitativeReference>
        <time xmlns:olca="http://openlca.org/ilcd-extensions" olca:startDate="1104476400000" olca:endDate="1262156400000">
            <common:referenceYear>2004</common:referenceYear>
            <common:dataSetValidUntil>2009</common:dataSetValidUntil>
            <common:timeRepresentativenessDescription xml:lang="en">2005-2009</common:timeRepresentativenessDescription>
        </time>
        <geography>
            <locationOfOperationSupplyOrProduction location="RNA" latitudeAndLongitude="58.71;-91.96">
                <descriptionOfRestrictions xml:lang="en">North America</descriptionOfRestrictions>
            </locationOfOperationSupplyOrProduction>
        </geography>
        <technology>
            <technologyDescriptionAndIncludedProcesses xml:lang="en">modern</technologyDescriptionAndIncludedProcesses>
        </technology>
    </processInformation>
    <modellingAndValidation>
        <LCIMethodAndAllocation>
            <typeOfDataSet>Unit process, black box</typeOfDataSet>
            <LCIMethodPrinciple>Other</LCIMethodPrinciple>
        </LCIMethodAndAllocation>
        <dataSourcesTreatmentAndRepresentativeness>
            <deviationsFromCutOffAndCompletenessPrinciples xml:lang="en">None.</deviationsFromCutOffAndCompletenessPrinciples>
            <deviationsFromSelectionAndCombinationPrinciples xml:lang="en">None.</deviationsFromSelectionAndCombinationPrinciples>
            <referenceToDataSource type="source data set" refObjectId="24067796-8453-37e3-a4e1-a833b728bee7" version="01.00.000" uri="../sources/24067796-8453-37e3-a4e1-a833b728bee7">
                <common:shortDescription xml:lang="en">Phillips, S. </common:shortDescription>
            </referenceToDataSource>
            <referenceToDataSource type="source data set" refObjectId="5e8e63da-4488-3b1d-98fb-446078a7cfac" version="01.00.000" uri="../sources/5e8e63da-4488-3b1d-98fb-446078a7cfac">
                <common:shortDescription xml:lang="en">Hess, J. </common:shortDescription>
            </referenceToDataSource>
            <referenceToDataSource type="source data set" refObjectId="a1d1d73e-7d93-3a6b-a3bc-3b2f4f025b86" version="01.00.000" uri="../sources/a1d1d73e-7d93-3a6b-a3bc-3b2f4f025b86">
                <common:shortDescription xml:lang="en">Hsu, D. </common:shortDescription>
            </referenceToDataSource>
        </dataSourcesTreatmentAndRepresentativeness>
    </modellingAndValidation>
    <administrativeInformation>
        <dataGenerator>
            <common:referenceToPersonOrEntityGeneratingTheDataSet type="contact data set" refObjectId="04ed125f-ffa7-33b1-af24-77f5bdb21a05" version="01.00.000" uri="../contacts/04ed125f-ffa7-33b1-af24-77f5bdb21a05">
                <common:shortDescription xml:lang="en">Daniel Inman</common:shortDescription>
            </common:referenceToPersonOrEntityGeneratingTheDataSet>
        </dataGenerator>
        <dataEntryBy>
            <common:timeStamp>2019-07-24T12:10:29.658-06:00</common:timeStamp>
            <common:referenceToDataSetFormat type="source data set" refObjectId="a97a0155-0234-4b87-b4ce-a45da52f2a40" version="01.01.000" uri="../sources/a97a0155-0234-4b87-b4ce-a45da52f2a40_01.01.000.xml">
                <common:shortDescription xml:lang="en">ILCD format</common:shortDescription>
            </common:referenceToDataSetFormat>
            <common:referenceToPersonOrEntityEnteringTheData type="contact data set" refObjectId="04ed125f-ffa7-33b1-af24-77f5bdb21a05" version="01.00.000" uri="../contacts/04ed125f-ffa7-33b1-af24-77f5bdb21a05">
                <common:shortDescription xml:lang="en">Daniel Inman</common:shortDescription>
            </common:referenceToPersonOrEntityEnteringTheData>
        </dataEntryBy>
        <publicationAndOwnership>
            <common:dateOfLastRevision>2018-06-27T10:38:44.922-06:00</common:dateOfLastRevision>
            <common:dataSetVersion>00.00.001</common:dataSetVersion>
            <common:referenceToUnchangedRepublication type="source data set" refObjectId="a1d1d73e-7d93-3a6b-a3bc-3b2f4f025b86" version="01.00.000" uri="../sources/a1d1d73e-7d93-3a6b-a3bc-3b2f4f025b86">
                <common:shortDescription xml:lang="en">Hsu, D. </common:shortDescription>
            </common:referenceToUnchangedRepublication>
            <common:copyright>false</common:copyright>
            <common:accessRestrictions xml:lang="en">All information can be accessed by everybody.</common:accessRestrictions>
        </publicationAndOwnership>
    </administrativeInformation>
    <exchanges>
        <exchange xmlns:olca="http://openlca.org/ilcd-extensions" dataSetInternalID="20" olca:unitId="52765a6c-3896-43c2-b2f4-c679acf13efe" olca:propertyId="f6811440-ee37-11de-8a39-0800200c9a66" olca:amount="11968.0">
            <referenceToFlowDataSet type="flow data set" refObjectId="f670bb2d-c28a-3a08-9b9c-cc50bca5d126" version="01.00.000" uri="../flows/f670bb2d-c28a-3a08-9b9c-cc50bca5d126">
                <common:shortDescription xml:lang="en">CUTOFF Energy, output</common:shortDescription>
            </referenceToFlowDataSet>
            <exchangeDirection>Input</exchangeDirection>
            <meanAmount>11968.0</meanAmount>
            <resultingAmount>11968.0</resultingAmount>
            <allocations>
                <allocation internalReferenceToCoProduct="6" allocatedFraction="0.0"/>
                <allocation internalReferenceToCoProduct="1" allocatedFraction="100.0"/>
                <allocation internalReferenceToCoProduct="18" allocatedFraction="0.0"/>
            </allocations>
            <generalComment xml:lang="en">From gasoline</generalComment>
        </exchange>
        <exchange xmlns:olca="http://openlca.org/ilcd-extensions" dataSetInternalID="19" olca:unitId="20aadc24-a391-41cf-b340-3e4529f44bde" olca:propertyId="93a60a56-a3c8-11da-a746-0800200b9a66" olca:amount="13336.0">
            <referenceToFlowDataSet type="flow data set" refObjectId="b15b4f72-fc9c-3a44-8cf9-db4f3aed810b" version="01.00.000" uri="../flows/b15b4f72-fc9c-3a44-8cf9-db4f3aed810b">
                <common:shortDescription xml:lang="en">Water, process, unspecified natural origin/kg</common:shortDescription>
            </referenceToFlowDataSet>
            <exchangeDirection>Input</exchangeDirection>
            <meanAmount>13336.0</meanAmount>
            <resultingAmount>13336.0</resultingAmount>
            <allocations>
                <allocation internalReferenceToCoProduct="18" allocatedFraction="0.0"/>
                <allocation internalReferenceToCoProduct="1" allocatedFraction="100.0"/>
                <allocation internalReferenceToCoProduct="6" allocatedFraction="0.0"/>
            </allocations>
            <generalComment xml:lang="en">boiler feed water makeup. calculated based on regression fit of several aspen sensitivity runs.</generalComment>
        </exchange>
        <exchange xmlns:olca="http://openlca.org/ilcd-extensions" dataSetInternalID="23" olca:unitId="20aadc24-a391-41cf-b340-3e4529f44bde" olca:propertyId="93a60a56-a3c8-11da-a746-0800200b9a66" olca:amount="39.054">
            <referenceToFlowDataSet type="flow data set" refObjectId="fd7aa71c-508c-480d-81a6-8052aad92646" version="01.00.000" uri="../flows/fd7aa71c-508c-480d-81a6-8052aad92646">
                <common:shortDescription xml:lang="en">Sulfur dioxide</common:shortDescription>
            </referenceToFlowDataSet>
            <exchangeDirection>Output</exchangeDirection>
            <meanAmount>39.054</meanAmount>
            <resultingAmount>39.054</resultingAmount>
            <allocations>
                <allocation internalReferenceToCoProduct="18" allocatedFraction="0.0"/>
                <allocation internalReferenceToCoProduct="6" allocatedFraction="0.0"/>
                <allocation internalReferenceToCoProduct="1" allocatedFraction="100.0"/>
            </allocations>
            <generalComment xml:lang="en">calculated based on regression fit of several aspen sensitivity runs.</generalComment>
        </exchange>
        <exchange xmlns:olca="http://openlca.org/ilcd-extensions" dataSetInternalID="26" olca:unitId="20aadc24-a391-41cf-b340-3e4529f44bde" olca:propertyId="93a60a56-a3c8-11da-a746-0800200b9a66" olca:amount="73936.0">
            <referenceToFlowDataSet type="flow data set" refObjectId="e956d205-4219-3792-992c-2c71d793b1b1" version="01.00.000" uri="../flows/e956d205-4219-3792-992c-2c71d793b1b1">
                <common:shortDescription xml:lang="en">Water, cooling, unspecified natural origin/kg</common:shortDescription>
            </referenceToFlowDataSet>
            <exchangeDirection>Input</exchangeDirection>
            <meanAmount>73936.0</meanAmount>
            <resultingAmount>73936.0</resultingAmount>
            <allocations>
                <allocation internalReferenceToCoProduct="18" allocatedFraction="0.0"/>
                <allocation internalReferenceToCoProduct="6" allocatedFraction="0.0"/>
                <allocation internalReferenceToCoProduct="1" allocatedFraction="100.0"/>
            </allocations>
            <generalComment xml:lang="en">cooling tower makeup. includes only streams 618,635,710,711. calculated based on regression fit of several aspen sensitivity runs.</generalComment>
        </exchange>
        <exchange xmlns:olca="http://openlca.org/ilcd-extensions" dataSetInternalID="14" olca:unitId="1c3a9695-398d-4b1f-b07e-a8715b610f70" olca:propertyId="93a60a56-a3c8-22da-a746-0800200c9a66" olca:amount="82.9">
            <referenceToFlowDataSet type="flow data set" refObjectId="d939590b-a0d7-310c-8952-9921ed64a078" version="01.00.000" uri="../flows/d939590b-a0d7-310c-8952-9921ed64a078">
                <common:shortDescription xml:lang="en">Diesel, at refinery</common:shortDescription>
            </referenceToFlowDataSet>
            <exchangeDirection>Input</exchangeDirection>
            <meanAmount>82.9</meanAmount>
            <resultingAmount>82.9</resultingAmount>
            <allocations>
                <allocation internalReferenceToCoProduct="1" allocatedFraction="100.0"/>
                <allocation internalReferenceToCoProduct="18" allocatedFraction="0.0"/>
                <allocation internalReferenceToCoProduct="6" allocatedFraction="0.0"/>
            </allocations>
            <generalComment xml:lang="en">No. 2 Diesel fuel, for operating equipment.</generalComment>
        </exchange>
        <exchange xmlns:olca="http://openlca.org/ilcd-extensions" dataSetInternalID="10" olca:unitId="20aadc24-a391-41cf-b340-3e4529f44bde" olca:propertyId="93a60a56-a3c8-11da-a746-0800200b9a66" olca:amount="0.45359">
            <referenceToFlowDataSet type="flow data set" refObjectId="91f5f6a2-c435-36ba-9adf-64512fcff252" version="01.00.000" uri="../flows/91f5f6a2-c435-36ba-9adf-64512fcff252">
                <common:shortDescription xml:lang="en">CUTOFF Chemicals inorganic, at plant</common:shortDescription>
            </referenceToFlowDataSet>
            <exchangeDirection>Input</exchangeDirection>
            <meanAmount>0.45359</meanAmount>
            <resultingAmount>0.45359</resultingAmount>
            <allocations>
                <allocation internalReferenceToCoProduct="18" allocatedFraction="0.0"/>
                <allocation internalReferenceToCoProduct="1" allocatedFraction="100.0"/>
                <allocation internalReferenceToCoProduct="6" allocatedFraction="0.0"/>
            </allocations>
        </exchange>
        <exchange xmlns:olca="http://openlca.org/ilcd-extensions" dataSetInternalID="24" olca:unitId="20aadc24-a391-41cf-b340-3e4529f44bde" olca:propertyId="93a60a56-a3c8-11da-a746-0800200b9a66" olca:amount="45.359">
            <referenceToFlowDataSet type="flow data set" refObjectId="8f395d18-ce0c-39a8-b548-b184a6b9ee68" version="01.00.000" uri="../flows/8f395d18-ce0c-39a8-b548-b184a6b9ee68">
                <common:shortDescription xml:lang="en">CUTOFF Zeolite, powder, at plant</common:shortDescription>
            </referenceToFlowDataSet>
            <exchangeDirection>Input</exchangeDirection>
            <meanAmount>45.359</meanAmount>
            <resultingAmount>45.359</resultingAmount>
            <allocations>
                <allocation internalReferenceToCoProduct="18" allocatedFraction="0.0"/>
                <allocation internalReferenceToCoProduct="6" allocatedFraction="0.0"/>
                <allocation internalReferenceToCoProduct="1" allocatedFraction="100.0"/>
            </allocations>
            <generalComment xml:lang="en">tar reformer catalyst</generalComment>
        </exchange>
        <exchange xmlns:olca="http://openlca.org/ilcd-extensions" dataSetInternalID="29" olca:unitId="1c3a9695-398d-4b1f-b07e-a8715b610f70" olca:propertyId="93a60a56-a3c8-22da-a746-0800200c9a66" olca:amount="0.797">
            <referenceToFlowDataSet type="flow data set" refObjectId="26b65812-d78d-391e-b9cc-0b1152c31bce" version="01.00.000" uri="../flows/26b65812-d78d-391e-b9cc-0b1152c31bce">
                <common:shortDescription xml:lang="en">CUTOFF Treatment, sewage, unpolluted, to wastewater treatment, class 3</common:shortDescription>
            </referenceToFlowDataSet>
            <exchangeDirection>Input</exchangeDirection>
            <meanAmount>0.797</meanAmount>
            <resultingAmount>0.797</resultingAmount>
            <allocations>
                <allocation internalReferenceToCoProduct="18" allocatedFraction="0.0"/>
                <allocation internalReferenceToCoProduct="6" allocatedFraction="0.0"/>
                <allocation internalReferenceToCoProduct="1" allocatedFraction="100.0"/>
            </allocations>
            <generalComment xml:lang="en">streams 305. calculated based on regression fit of several aspen sensitivity runs.</generalComment>
        </exchange>
        <exchange xmlns:olca="http://openlca.org/ilcd-extensions" dataSetInternalID="8" olca:unitId="20aadc24-a391-41cf-b340-3e4529f44bde" olca:propertyId="93a60a56-a3c8-11da-a746-0800200b9a66" olca:amount="1102.2">
            <referenceToFlowDataSet type="flow data set" refObjectId="afd4c345-5431-305a-b95b-6c33e7843c11" version="01.00.000" uri="../flows/afd4c345-5431-305a-b95b-6c33e7843c11">
                <common:shortDescription xml:lang="en">CUTOFF Disposal, wood ash mixture, pure, 0% water, to sanitary landfill</common:shortDescription>
            </referenceToFlowDataSet>
            <exchangeDirection>Input</exchangeDirection>
            <meanAmount>1102.2</meanAmount>
            <resultingAmount>1102.2</resultingAmount>
            <allocations>
                <allocation internalReferenceToCoProduct="1" allocatedFraction="100.0"/>
                <allocation internalReferenceToCoProduct="18" allocatedFraction="0.0"/>
                <allocation internalReferenceToCoProduct="6" allocatedFraction="0.0"/>
            </allocations>
            <generalComment xml:lang="en">add wood, ash, and char together and olivine. calculated based on regression fit of several aspen sensitivity runs.</generalComment>
        </exchange>
        <exchange xmlns:olca="http://openlca.org/ilcd-extensions" dataSetInternalID="31" olca:unitId="20aadc24-a391-41cf-b340-3e4529f44bde" olca:propertyId="93a60a56-a3c8-11da-a746-0800200b9a66" olca:amount="63049.0">
            <referenceToFlowDataSet type="flow data set" refObjectId="ed544201-b6df-3d3e-babf-47f018ca2637" version="01.00.000" uri="../flows/ed544201-b6df-3d3e-babf-47f018ca2637">
                <common:shortDescription xml:lang="en">Water</common:shortDescription>
            </referenceToFlowDataSet>
            <exchangeDirection>Output</exchangeDirection>
            <meanAmount>63049.0</meanAmount>
            <resultingAmount>63049.0</resultingAmount>
            <allocations>
                <allocation internalReferenceToCoProduct="6" allocatedFraction="0.0"/>
                <allocation internalReferenceToCoProduct="1" allocatedFraction="100.0"/>
                <allocation internalReferenceToCoProduct="18" allocatedFraction="0.0"/>
            </allocations>
            <generalComment xml:lang="en">calculated based on regression fit of several aspen sensitivity runs.</generalComment>
        </exchange>
        <exchange xmlns:olca="http://openlca.org/ilcd-extensions" dataSetInternalID="32" olca:unitId="20aadc24-a391-41cf-b340-3e4529f44bde" olca:propertyId="93a60a56-a3c8-11da-a746-0800200b9a66" olca:amount="0.39916">
            <referenceToFlowDataSet type="flow data set" refObjectId="9b19c6cf-a967-3132-bfd5-45d394feb0f5" version="01.00.000" uri="../flows/9b19c6cf-a967-3132-bfd5-45d394feb0f5">
                <common:shortDescription xml:lang="en">CUTOFF Hydrochloric acid, 30% in H2O, at plant</common:shortDescription>
            </referenceToFlowDataSet>
            <exchangeDirection>Input</exchangeDirection>
            <meanAmount>0.39916</meanAmount>
            <resultingAmount>0.39916</resultingAmount>
            <allocations>
                <allocation internalReferenceToCoProduct="6" allocatedFraction="0.0"/>
                <allocation internalReferenceToCoProduct="1" allocatedFraction="100.0"/>
                <allocation internalReferenceToCoProduct="18" allocatedFraction="0.0"/>
            </allocations>
            <generalComment xml:lang="en">boiler chemicals http://www.accepta.com/water_treatment_chemicals/boiler-water-treatment.asp</generalComment>
        </exchange>
        <exchange xmlns:olca="http://openlca.org/ilcd-extensions" dataSetInternalID="7" olca:unitId="20aadc24-a391-41cf-b340-3e4529f44bde" olca:propertyId="93a60a56-a3c8-11da-a746-0800200b9a66" olca:amount="119290.0">
            <referenceToFlowDataSet type="flow data set" refObjectId="658f8e12-f566-3e01-930c-e95cf9fa2c2b" version="01.00.000" uri="../flows/658f8e12-f566-3e01-930c-e95cf9fa2c2b">
                <common:shortDescription xml:lang="en">Forest residue, preprocessed, at conversion facility</common:shortDescription>
            </referenceToFlowDataSet>
            <exchangeDirection>Input</exchangeDirection>
            <meanAmount>119290.0</meanAmount>
            <resultingAmount>119290.0</resultingAmount>
            <allocations>
                <allocation internalReferenceToCoProduct="6" allocatedFraction="0.0"/>
                <allocation internalReferenceToCoProduct="18" allocatedFraction="0.0"/>
                <allocation internalReferenceToCoProduct="1" allocatedFraction="100.0"/>
            </allocations>
        </exchange>
        <exchange xmlns:olca="http://openlca.org/ilcd-extensions" dataSetInternalID="12" olca:unitId="1c3a9695-398d-4b1f-b07e-a8715b610f70" olca:propertyId="93a60a56-a3c8-22da-a746-0800200c9a66" olca:amount="832.0">
            <referenceToFlowDataSet type="flow data set" refObjectId="0e44e579-abb0-3c77-af64-c774d65be529" version="01.00.000" uri="../flows/0e44e579-abb0-3c77-af64-c774d65be529">
                <common:shortDescription xml:lang="en">Gasoline, at refinery</common:shortDescription>
            </referenceToFlowDataSet>
            <exchangeDirection>Input</exchangeDirection>
            <meanAmount>832.0</meanAmount>
            <resultingAmount>832.0</resultingAmount>
            <allocations>
                <allocation internalReferenceToCoProduct="1" allocatedFraction="100.0"/>
                <allocation internalReferenceToCoProduct="6" allocatedFraction="0.0"/>
                <allocation internalReferenceToCoProduct="18" allocatedFraction="0.0"/>
            </allocations>
            <generalComment xml:lang="en">About a 0.6% impurity content in product stream (water, CO2, alcohols)</generalComment>
        </exchange>
        <exchange xmlns:olca="http://openlca.org/ilcd-extensions" dataSetInternalID="4" olca:unitId="6dabe201-aaac-4509-92f0-d00c26cb72ab" olca:propertyId="01846770-4cfe-4a25-8ad9-919d8d378345" olca:amount="5.95E-6">
            <referenceToFlowDataSet type="flow data set" refObjectId="e42f7027-df85-352b-9eac-ae48dbd7b141" version="01.00.000" uri="../flows/e42f7027-df85-352b-9eac-ae48dbd7b141">
                <common:shortDescription xml:lang="en">CUTOFF Thermochemical Conversion Plant</common:shortDescription>
            </referenceToFlowDataSet>
            <exchangeDirection>Input</exchangeDirection>
            <meanAmount>5.95E-6</meanAmount>
            <resultingAmount>5.95E-6</resultingAmount>
            <allocations>
                <allocation internalReferenceToCoProduct="6" allocatedFraction="0.0"/>
                <allocation internalReferenceToCoProduct="18" allocatedFraction="0.0"/>
                <allocation internalReferenceToCoProduct="1" allocatedFraction="100.0"/>
            </allocations>
        </exchange>
        <exchange xmlns:olca="http://openlca.org/ilcd-extensions" dataSetInternalID="2" olca:unitId="20aadc24-a391-41cf-b340-3e4529f44bde" olca:propertyId="93a60a56-a3c8-11da-a746-0800200b9a66" olca:amount="0.45359">
            <referenceToFlowDataSet type="flow data set" refObjectId="87883a4e-1e3e-4c9d-90c0-f1bea36f8014" version="01.00.000" uri="../flows/87883a4e-1e3e-4c9d-90c0-f1bea36f8014">
                <common:shortDescription xml:lang="en">Ammonia</common:shortDescription>
            </referenceToFlowDataSet>
            <exchangeDirection>Output</exchangeDirection>
            <meanAmount>0.45359</meanAmount>
            <resultingAmount>0.45359</resultingAmount>
            <allocations>
                <allocation internalReferenceToCoProduct="6" allocatedFraction="0.0"/>
                <allocation internalReferenceToCoProduct="1" allocatedFraction="100.0"/>
                <allocation internalReferenceToCoProduct="18" allocatedFraction="0.0"/>
            </allocations>
            <generalComment xml:lang="en">Cooling tower chemicals. Assumed all were inorganic.</generalComment>
        </exchange>
        <exchange xmlns:olca="http://openlca.org/ilcd-extensions" dataSetInternalID="25" olca:unitId="20aadc24-a391-41cf-b340-3e4529f44bde" olca:propertyId="93a60a56-a3c8-11da-a746-0800200b9a66" olca:amount="3.1615">
            <referenceToFlowDataSet type="flow data set" refObjectId="0f2bfe0f-76ff-36cb-bc35-abca9c747602" version="01.00.000" uri="../flows/0f2bfe0f-76ff-36cb-bc35-abca9c747602">
                <common:shortDescription xml:lang="en">CUTOFF Magnesium oxide, at plant</common:shortDescription>
            </referenceToFlowDataSet>
            <exchangeDirection>Input</exchangeDirection>
            <meanAmount>3.1615</meanAmount>
            <resultingAmount>3.1615</resultingAmount>
            <allocations>
                <allocation internalReferenceToCoProduct="18" allocatedFraction="0.0"/>
                <allocation internalReferenceToCoProduct="6" allocatedFraction="0.0"/>
                <allocation internalReferenceToCoProduct="1" allocatedFraction="100.0"/>
            </allocations>
            <generalComment xml:lang="en">calculated based on regression fit of several aspen sensitivity runs.</generalComment>
        </exchange>
        <exchange xmlns:olca="http://openlca.org/ilcd-extensions" dataSetInternalID="6" olca:unitId="20aadc24-a391-41cf-b340-3e4529f44bde" olca:propertyId="93a60a56-a3c8-11da-a746-0800200b9a66" olca:amount="21183.0">
            <referenceToFlowDataSet type="flow data set" refObjectId="2656bfd3-ed3c-3fb8-ab93-6597836a463b" version="01.00.000" uri="../flows/2656bfd3-ed3c-3fb8-ab93-6597836a463b">
                <common:shortDescription xml:lang="en">Ethanol, denatured, forest residues, thermochem</common:shortDescription>
            </referenceToFlowDataSet>
            <exchangeDirection>Output</exchangeDirection>
            <meanAmount>21183.0</meanAmount>
            <resultingAmount>21183.0</resultingAmount>
            <allocations>
                <allocation internalReferenceToCoProduct="6" allocatedFraction="0.0"/>
            </allocations>
        </exchange>
        <exchange xmlns:olca="http://openlca.org/ilcd-extensions" dataSetInternalID="9" olca:unitId="20aadc24-a391-41cf-b340-3e4529f44bde" olca:propertyId="93a60a56-a3c8-11da-a746-0800200b9a66" olca:amount="45.359">
            <referenceToFlowDataSet type="flow data set" refObjectId="b0516b6d-bb24-3546-8549-b2c035c68461" version="01.00.000" uri="../flows/b0516b6d-bb24-3546-8549-b2c035c68461">
                <common:shortDescription xml:lang="en">CUTOFF Disposal, inert material, 0% water, to sanitary landfill</common:shortDescription>
            </referenceToFlowDataSet>
            <exchangeDirection>Input</exchangeDirection>
            <meanAmount>45.359</meanAmount>
            <resultingAmount>45.359</resultingAmount>
            <allocations>
                <allocation internalReferenceToCoProduct="1" allocatedFraction="100.0"/>
                <allocation internalReferenceToCoProduct="6" allocatedFraction="0.0"/>
                <allocation internalReferenceToCoProduct="18" allocatedFraction="0.0"/>
            </allocations>
            <generalComment xml:lang="en">tar reformer catalyst. assumed all goes into landfill, even though some nickel is recovered from catalyst manufacturer.</generalComment>
        </exchange>
        <exchange xmlns:olca="http://openlca.org/ilcd-extensions" dataSetInternalID="5" olca:unitId="20aadc24-a391-41cf-b340-3e4529f44bde" olca:propertyId="93a60a56-a3c8-11da-a746-0800200b9a66" olca:amount="77564.0">
            <referenceToFlowDataSet type="flow data set" refObjectId="b8878faf-028f-344c-a89b-de77b46b8617" version="01.00.000" uri="../flows/b8878faf-028f-344c-a89b-de77b46b8617">
                <common:shortDescription xml:lang="en">Oxygen, in air</common:shortDescription>
            </referenceToFlowDataSet>
            <exchangeDirection>Input</exchangeDirection>
            <meanAmount>77564.0</meanAmount>
            <resultingAmount>77564.0</resultingAmount>
            <allocations>
                <allocation internalReferenceToCoProduct="18" allocatedFraction="0.0"/>
                <allocation internalReferenceToCoProduct="6" allocatedFraction="0.0"/>
                <allocation internalReferenceToCoProduct="1" allocatedFraction="100.0"/>
            </allocations>
            <generalComment xml:lang="en">calculated based on regression fit of several aspen sensitivity runs.</generalComment>
        </exchange>
        <exchange xmlns:olca="http://openlca.org/ilcd-extensions" dataSetInternalID="11" olca:unitId="20aadc24-a391-41cf-b340-3e4529f44bde" olca:propertyId="93a60a56-a3c8-11da-a746-0800200b9a66" olca:amount="253560.0">
            <referenceToFlowDataSet type="flow data set" refObjectId="c91a1c33-a350-3a3d-8ba3-8a4a1e2faa06" version="01.00.000" uri="../flows/c91a1c33-a350-3a3d-8ba3-8a4a1e2faa06">
                <common:shortDescription xml:lang="en">Nitrogen</common:shortDescription>
            </referenceToFlowDataSet>
            <exchangeDirection>Output</exchangeDirection>
            <meanAmount>253560.0</meanAmount>
            <resultingAmount>253560.0</resultingAmount>
            <allocations>
                <allocation internalReferenceToCoProduct="1" allocatedFraction="100.0"/>
                <allocation internalReferenceToCoProduct="6" allocatedFraction="0.0"/>
                <allocation internalReferenceToCoProduct="18" allocatedFraction="0.0"/>
            </allocations>
            <generalComment xml:lang="en">calculated based on regression fit of several aspen sensitivity runs.</generalComment>
        </exchange>
        <exchange xmlns:olca="http://openlca.org/ilcd-extensions" dataSetInternalID="3" olca:unitId="20aadc24-a391-41cf-b340-3e4529f44bde" olca:propertyId="93a60a56-a3c8-11da-a746-0800200b9a66" olca:amount="0.39916">
            <referenceToFlowDataSet type="flow data set" refObjectId="57ce615d-ee8c-3c8d-8693-356b330f8445" version="01.00.000" uri="../flows/57ce615d-ee8c-3c8d-8693-356b330f8445">
                <common:shortDescription xml:lang="en">CUTOFF Sulphite, at plant</common:shortDescription>
            </referenceToFlowDataSet>
            <exchangeDirection>Input</exchangeDirection>
            <meanAmount>0.39916</meanAmount>
            <resultingAmount>0.39916</resultingAmount>
            <allocations>
                <allocation internalReferenceToCoProduct="18" allocatedFraction="0.0"/>
                <allocation internalReferenceToCoProduct="6" allocatedFraction="0.0"/>
                <allocation internalReferenceToCoProduct="1" allocatedFraction="100.0"/>
            </allocations>
            <generalComment xml:lang="en">boiler chemicals http://www.accepta.com/water_treatment_chemicals/boiler-water-treatment.asp</generalComment>
        </exchange>
        <exchange xmlns:olca="http://openlca.org/ilcd-extensions" dataSetInternalID="27" olca:unitId="20aadc24-a391-41cf-b340-3e4529f44bde" olca:propertyId="93a60a56-a3c8-11da-a746-0800200b9a66" olca:amount="27.216">
            <referenceToFlowDataSet type="flow data set" refObjectId="d4870483-9b62-3edf-9421-9d8ea0bea36b" version="01.00.000" uri="../flows/d4870483-9b62-3edf-9421-9d8ea0bea36b">
                <common:shortDescription xml:lang="en">CUTOFF Monoethanolamine, at plant</common:shortDescription>
            </referenceToFlowDataSet>
            <exchangeDirection>Input</exchangeDirection>
            <meanAmount>27.216</meanAmount>
            <resultingAmount>27.216</resultingAmount>
            <allocations>
                <allocation internalReferenceToCoProduct="18" allocatedFraction="0.0"/>
                <allocation internalReferenceToCoProduct="1" allocatedFraction="100.0"/>
                <allocation internalReferenceToCoProduct="6" allocatedFraction="0.0"/>
            </allocations>
            <generalComment xml:lang="en">Amine in Aspen model</generalComment>
        </exchange>
        <exchange xmlns:olca="http://openlca.org/ilcd-extensions" dataSetInternalID="28" olca:unitId="52765a6c-3896-43c2-b2f4-c679acf13efe" olca:propertyId="f6811440-ee37-11de-8a39-0800200c9a66" olca:amount="390670.0">
            <referenceToFlowDataSet type="flow data set" refObjectId="405b0729-a9a8-308e-8f24-c6610f59b351" version="01.00.000" uri="../flows/405b0729-a9a8-308e-8f24-c6610f59b351">
                <common:shortDescription xml:lang="en">Combustion, dry wood residue, AP-42</common:shortDescription>
            </referenceToFlowDataSet>
            <exchangeDirection>Input</exchangeDirection>
            <meanAmount>390670.0</meanAmount>
            <resultingAmount>390670.0</resultingAmount>
            <allocations>
                <allocation internalReferenceToCoProduct="6" allocatedFraction="0.0"/>
                <allocation internalReferenceToCoProduct="1" allocatedFraction="100.0"/>
                <allocation internalReferenceToCoProduct="18" allocatedFraction="0.0"/>
            </allocations>
            <generalComment xml:lang="en">char combustor emissions. use heating value for graphite. calculated based on regression fit of several aspen sensitivity runs.</generalComment>
        </exchange>
        <exchange xmlns:olca="http://openlca.org/ilcd-extensions" dataSetInternalID="22" olca:unitId="20aadc24-a391-41cf-b340-3e4529f44bde" olca:propertyId="93a60a56-a3c8-11da-a746-0800200b9a66" olca:amount="253560.0">
            <referenceToFlowDataSet type="flow data set" refObjectId="c87baf7e-fe42-356d-90f9-830210a4ba14" version="01.00.000" uri="../flows/c87baf7e-fe42-356d-90f9-830210a4ba14">
                <common:shortDescription xml:lang="en">Nitrogen, in air</common:shortDescription>
            </referenceToFlowDataSet>
            <exchangeDirection>Input</exchangeDirection>
            <meanAmount>253560.0</meanAmount>
            <resultingAmount>253560.0</resultingAmount>
            <allocations>
                <allocation internalReferenceToCoProduct="1" allocatedFraction="100.0"/>
                <allocation internalReferenceToCoProduct="18" allocatedFraction="0.0"/>
                <allocation internalReferenceToCoProduct="6" allocatedFraction="0.0"/>
            </allocations>
            <generalComment xml:lang="en">calculated based on regression fit of several aspen sensitivity runs.</generalComment>
        </exchange>
        <exchange xmlns:olca="http://openlca.org/ilcd-extensions" dataSetInternalID="17" olca:unitId="20aadc24-a391-41cf-b340-3e4529f44bde" olca:propertyId="93a60a56-a3c8-11da-a746-0800200b9a66" olca:amount="41730.0">
            <referenceToFlowDataSet type="flow data set" refObjectId="4b5cad63-18f1-30c7-ae7c-79f60094c8f0" version="01.00.000" uri="../flows/4b5cad63-18f1-30c7-ae7c-79f60094c8f0">
                <common:shortDescription xml:lang="en">Heat, indirect, heated zones, softwood, plywood veneer drying, AP-42</common:shortDescription>
            </referenceToFlowDataSet>
            <exchangeDirection>Input</exchangeDirection>
            <meanAmount>41730.0</meanAmount>
            <resultingAmount>41730.0</resultingAmount>
            <allocations>
                <allocation internalReferenceToCoProduct="6" allocatedFraction="0.0"/>
                <allocation internalReferenceToCoProduct="1" allocatedFraction="100.0"/>
                <allocation internalReferenceToCoProduct="18" allocatedFraction="0.0"/>
            </allocations>
            <generalComment xml:lang="en">Use plywood drying as approximationg. area100 drying. mass is oven-dried wood mass. calculated based on regression fit of several aspen sensitivity runs.</generalComment>
        </exchange>
        <exchange xmlns:olca="http://openlca.org/ilcd-extensions" dataSetInternalID="21" olca:unitId="20aadc24-a391-41cf-b340-3e4529f44bde" olca:propertyId="93a60a56-a3c8-11da-a746-0800200b9a66" olca:amount="107500.0">
            <referenceToFlowDataSet type="flow data set" refObjectId="71b0c9e8-35a3-37f1-b606-7539a9eaea99" version="01.00.000" uri="../flows/71b0c9e8-35a3-37f1-b606-7539a9eaea99">
                <common:shortDescription xml:lang="en">Carbon dioxide, biogenic</common:shortDescription>
            </referenceToFlowDataSet>
            <exchangeDirection>Output</exchangeDirection>
            <meanAmount>107500.0</meanAmount>
            <resultingAmount>107500.0</resultingAmount>
            <allocations>
                <allocation internalReferenceToCoProduct="18" allocatedFraction="0.0"/>
                <allocation internalReferenceToCoProduct="6" allocatedFraction="0.0"/>
                <allocation internalReferenceToCoProduct="1" allocatedFraction="100.0"/>
            </allocations>
            <generalComment xml:lang="en">calculated based on regression fit of several aspen sensitivity runs.</generalComment>
        </exchange>
        <exchange xmlns:olca="http://openlca.org/ilcd-extensions" dataSetInternalID="16" olca:unitId="20aadc24-a391-41cf-b340-3e4529f44bde" olca:propertyId="93a60a56-a3c8-11da-a746-0800200b9a66" olca:amount="0.39916">
            <referenceToFlowDataSet type="flow data set" refObjectId="bf2b1e5a-4c92-3974-a2fd-a68898833086" version="01.00.000" uri="../flows/bf2b1e5a-4c92-3974-a2fd-a68898833086">
                <common:shortDescription xml:lang="en">Sodium hydroxide, production mix, at plant</common:shortDescription>
            </referenceToFlowDataSet>
            <exchangeDirection>Input</exchangeDirection>
            <meanAmount>0.39916</meanAmount>
            <resultingAmount>0.39916</resultingAmount>
            <allocations>
                <allocation internalReferenceToCoProduct="1" allocatedFraction="100.0"/>
                <allocation internalReferenceToCoProduct="18" allocatedFraction="0.0"/>
                <allocation internalReferenceToCoProduct="6" allocatedFraction="0.0"/>
            </allocations>
            <generalComment xml:lang="en">boiler chemicals http://www.accepta.com/water_treatment_chemicals/boiler-water-treatment.asp.  Proxy:  Sodium hydroxide, 50% in H2O, production mix, at plant/RER with US electricity U</generalComment>
        </exchange>
        <exchange xmlns:olca="http://openlca.org/ilcd-extensions" dataSetInternalID="30" olca:unitId="20aadc24-a391-41cf-b340-3e4529f44bde" olca:propertyId="93a60a56-a3c8-11da-a746-0800200b9a66" olca:amount="83.915">
            <referenceToFlowDataSet type="flow data set" refObjectId="0b7e10a8-6ca0-4a50-a39b-f2a019cb3610" version="01.00.000" uri="../flows/0b7e10a8-6ca0-4a50-a39b-f2a019cb3610">
                <common:shortDescription xml:lang="en">Nitrogen dioxide</common:shortDescription>
            </referenceToFlowDataSet>
            <exchangeDirection>Output</exchangeDirection>
            <meanAmount>83.915</meanAmount>
            <resultingAmount>83.915</resultingAmount>
            <allocations>
                <allocation internalReferenceToCoProduct="1" allocatedFraction="100.0"/>
                <allocation internalReferenceToCoProduct="18" allocatedFraction="0.0"/>
                <allocation internalReferenceToCoProduct="6" allocatedFraction="0.0"/>
            </allocations>
            <generalComment xml:lang="en">calculated based on regression fit of several aspen sensitivity runs.</generalComment>
        </exchange>
        <exchange xmlns:olca="http://openlca.org/ilcd-extensions" dataSetInternalID="18" olca:unitId="20aadc24-a391-41cf-b340-3e4529f44bde" olca:propertyId="93a60a56-a3c8-11da-a746-0800200b9a66" olca:amount="53.52">
            <referenceToFlowDataSet type="flow data set" refObjectId="80e4ff02-d959-3ec5-a5df-3ed385d7df0c" version="01.00.000" uri="../flows/80e4ff02-d959-3ec5-a5df-3ed385d7df0c">
                <common:shortDescription xml:lang="en">Sulfur, thermochemical process</common:shortDescription>
            </referenceToFlowDataSet>
            <exchangeDirection>Output</exchangeDirection>
            <meanAmount>53.52</meanAmount>
            <resultingAmount>53.52</resultingAmount>
            <allocations>
                <allocation internalReferenceToCoProduct="18" allocatedFraction="0.0"/>
            </allocations>
        </exchange>
        <exchange xmlns:olca="http://openlca.org/ilcd-extensions" dataSetInternalID="15" olca:unitId="20aadc24-a391-41cf-b340-3e4529f44bde" olca:propertyId="93a60a56-a3c8-11da-a746-0800200b9a66" olca:amount="244.03">
            <referenceToFlowDataSet type="flow data set" refObjectId="0cc6f1f6-5ff4-36c7-ba84-472348971d75" version="01.00.000" uri="../flows/0cc6f1f6-5ff4-36c7-ba84-472348971d75">
                <common:shortDescription xml:lang="en">CUTOFF Silica sand, at plant</common:shortDescription>
            </referenceToFlowDataSet>
            <exchangeDirection>Input</exchangeDirection>
            <meanAmount>244.03</meanAmount>
            <resultingAmount>244.03</resultingAmount>
            <allocations>
                <allocation internalReferenceToCoProduct="18" allocatedFraction="0.0"/>
                <allocation internalReferenceToCoProduct="1" allocatedFraction="100.0"/>
                <allocation internalReferenceToCoProduct="6" allocatedFraction="0.0"/>
            </allocations>
            <generalComment xml:lang="en">olivine added to make up for loss in recycle. calculated based on regression fit of several aspen sensitivity runs.</generalComment>
        </exchange>
        <exchange xmlns:olca="http://openlca.org/ilcd-extensions" dataSetInternalID="13" olca:unitId="20aadc24-a391-41cf-b340-3e4529f44bde" olca:propertyId="93a60a56-a3c8-11da-a746-0800200b9a66" olca:amount="12020.0">
            <referenceToFlowDataSet type="flow data set" refObjectId="e82cbcb0-16ab-335b-a25d-5fda31593cae" version="01.00.000" uri="../flows/e82cbcb0-16ab-335b-a25d-5fda31593cae">
                <common:shortDescription xml:lang="en">Oxygen</common:shortDescription>
            </referenceToFlowDataSet>
            <exchangeDirection>Output</exchangeDirection>
            <meanAmount>12020.0</meanAmount>
            <resultingAmount>12020.0</resultingAmount>
            <allocations>
                <allocation internalReferenceToCoProduct="18" allocatedFraction="0.0"/>
                <allocation internalReferenceToCoProduct="1" allocatedFraction="100.0"/>
                <allocation internalReferenceToCoProduct="6" allocatedFraction="0.0"/>
            </allocations>
            <generalComment xml:lang="en">calculated based on regression fit of several aspen sensitivity runs.</generalComment>
        </exchange>
        <exchange xmlns:olca="http://openlca.org/ilcd-extensions" dataSetInternalID="1" olca:unitId="20aadc24-a391-41cf-b340-3e4529f44bde" olca:propertyId="93a60a56-a3c8-11da-a746-0800200b9a66" olca:amount="3787.5">
            <referenceToFlowDataSet type="flow data set" refObjectId="0cdd9079-9cf3-33c9-ab62-9d734c03f7df" version="01.00.000" uri="../flows/0cdd9079-9cf3-33c9-ab62-9d734c03f7df">
                <common:shortDescription xml:lang="en">Mixed Alcohols, thermochemical process</common:shortDescription>
            </referenceToFlowDataSet>
            <exchangeDirection>Output</exchangeDirection>
            <meanAmount>3787.5</meanAmount>
            <resultingAmount>3787.5</resultingAmount>
            <allocations>
                <allocation internalReferenceToCoProduct="1" allocatedFraction="100.0"/>
            </allocations>
        </exchange>
    </exchanges>
</processDataSet>
