<?xml version="1.0" encoding="UTF-8" standalone="yes"?>
<processDataSet xmlns:m="http://lca.jrc.it/ILCD/LCIAMethod" xmlns:common="http://lca.jrc.it/ILCD/Common" xmlns:s="http://lca.jrc.it/ILCD/Source" xmlns:c="http://lca.jrc.it/ILCD/Contact" xmlns:f="http://lca.jrc.it/ILCD/Flow" xmlns="http://lca.jrc.it/ILCD/Process" xmlns:fp="http://lca.jrc.it/ILCD/FlowProperty" xmlns:u="http://lca.jrc.it/ILCD/UnitGroup" version="1.1">
    <processInformation>
        <dataSetInformation>
            <common:UUID>e07beee7-4b4c-350a-bcaf-ec71882bbb69</common:UUID>
            <name>
                <baseName xml:lang="en">Benzene, at plant</baseName>
            </name>
            <classificationInformation>
                <common:classification>
                    <common:class level="0" classId="aace7bf8-a0e3-3515-8b6c-2c4211ad420b">Chemical Manufacturing</common:class>
                    <common:class level="1" classId="14f874e9-6029-3dd1-be61-aa72e27b1d86">All Other Basic Organic Chemical Manufacturing</common:class>
                </common:classification>
            </classificationInformation>
            <common:generalComment xml:lang="en">Numerous aromatic coproduct streams are produced during this process. Fuel gas and off-gas were two of the coproducts produced that were exported to another process for fuel use.  Pyrolysis gas and catalytic reformate account for 70 percent of the world production of benzene. It is estimated that one-third of benzene production is from pyrolysis gasoline and two-thirds are produced from catalytic reforming. The collected datasets for benzene production were weighted using these fractions.  Numerous aromatic coproduct streams are produced during this process. Fuel gas and off-gas were two of the coproducts produced that were exported to another process for fuel use. When these fuel coproducts are exported from the aromatics separation process, they carry with them the allocated share of the inputs and outputs for their production. The ratio of the mass of the exported fuel over the total mass output was removed from the total inputs and outputs, and the remaining inputs and outputs are allocated over the material aromatics products.   No energy credit is applied for the exported fuels, since both the inputs and outputs for the exported fuels have been removed from the data set.  Complete inventory data and metadata are available in full in the final report and appendices, Cradle-to-Gate Life Cycle Inventory of Nine Plastic Resins and Four Polyurethane Precursors. This report has been extensively reviewed within Franklin Associates and has undergone partial critical review by ACC Plastics Division members and is available at: www.americanchemistry.com. Quantities may vary slightly between the reference to main source and and this module due to rounding.  Important note: although most of the data in the US LCI database has undergone some sort of review, the database as a whole has not yet undergone a formal validation process.  Please email comments to lci@nrel.gov.</common:generalComment>
        </dataSetInformation>
        <quantitativeReference type="Reference flow(s)">
            <referenceToReferenceFlow>1</referenceToReferenceFlow>
        </quantitativeReference>
        <time xmlns:olca="http://openlca.org/ilcd-extensions" olca:startDate="694162800000" olca:endDate="1041318000000">
            <common:referenceYear>1991</common:referenceYear>
            <common:dataSetValidUntil>2002</common:dataSetValidUntil>
        </time>
        <geography>
            <locationOfOperationSupplyOrProduction location="RNA" latitudeAndLongitude="58.71;-91.96">
                <descriptionOfRestrictions xml:lang="en">US</descriptionOfRestrictions>
            </locationOfOperationSupplyOrProduction>
        </geography>
        <technology>
            <technologyDescriptionAndIncludedProcesses xml:lang="en">Separation from pyrolysis gas using fractional distillation of the pyrolysis gas dissolved in a polar solvent and solvent extraction followed by fractional distillation of catalytic reformate</technologyDescriptionAndIncludedProcesses>
        </technology>
    </processInformation>
    <modellingAndValidation>
        <LCIMethodAndAllocation>
            <typeOfDataSet>Unit process, black box</typeOfDataSet>
            <LCIMethodPrinciple>Other</LCIMethodPrinciple>
        </LCIMethodAndAllocation>
        <dataSourcesTreatmentAndRepresentativeness>
            <deviationsFromCutOffAndCompletenessPrinciples xml:lang="en">None.</deviationsFromCutOffAndCompletenessPrinciples>
            <deviationsFromSelectionAndCombinationPrinciples xml:lang="en">None.</deviationsFromSelectionAndCombinationPrinciples>
            <referenceToDataSource type="source data set" refObjectId="bf627fcb-bea3-3085-87ee-2d24ac940458" version="01.00.000" uri="../sources/bf627fcb-bea3-3085-87ee-2d24ac940458">
                <common:shortDescription xml:lang="en">THE PLASTICS DIVISION OF 
THE AMERICAN C </common:shortDescription>
            </referenceToDataSource>
            <samplingProcedure xml:lang="en">Data are from primary sources.</samplingProcedure>
        </dataSourcesTreatmentAndRepresentativeness>
    </modellingAndValidation>
    <administrativeInformation>
        <dataGenerator>
            <common:referenceToPersonOrEntityGeneratingTheDataSet type="contact data set" refObjectId="721bcfe4-ee92-33bc-a9bd-bbf5ba3cb52d" version="01.00.000" uri="../contacts/721bcfe4-ee92-33bc-a9bd-bbf5ba3cb52d">
                <common:shortDescription xml:lang="en">Franklin Associates</common:shortDescription>
            </common:referenceToPersonOrEntityGeneratingTheDataSet>
        </dataGenerator>
        <dataEntryBy>
            <common:timeStamp>2019-07-24T12:10:30.596-06:00</common:timeStamp>
            <common:referenceToDataSetFormat type="source data set" refObjectId="a97a0155-0234-4b87-b4ce-a45da52f2a40" version="01.01.000" uri="../sources/a97a0155-0234-4b87-b4ce-a45da52f2a40_01.01.000.xml">
                <common:shortDescription xml:lang="en">ILCD format</common:shortDescription>
            </common:referenceToDataSetFormat>
            <common:referenceToPersonOrEntityEnteringTheData type="contact data set" refObjectId="721bcfe4-ee92-33bc-a9bd-bbf5ba3cb52d" version="01.00.000" uri="../contacts/721bcfe4-ee92-33bc-a9bd-bbf5ba3cb52d">
                <common:shortDescription xml:lang="en">Franklin Associates</common:shortDescription>
            </common:referenceToPersonOrEntityEnteringTheData>
        </dataEntryBy>
        <publicationAndOwnership>
            <common:dateOfLastRevision>2018-06-27T10:38:44.743-06:00</common:dateOfLastRevision>
            <common:dataSetVersion>00.00.001</common:dataSetVersion>
            <common:referenceToUnchangedRepublication type="source data set" refObjectId="bf627fcb-bea3-3085-87ee-2d24ac940458" version="01.00.000" uri="../sources/bf627fcb-bea3-3085-87ee-2d24ac940458">
                <common:shortDescription xml:lang="en">THE PLASTICS DIVISION OF 
THE AMERICAN C </common:shortDescription>
            </common:referenceToUnchangedRepublication>
            <common:copyright>false</common:copyright>
            <common:accessRestrictions xml:lang="en">All information can be accessed by everybody.</common:accessRestrictions>
        </publicationAndOwnership>
    </administrativeInformation>
    <exchanges>
        <exchange xmlns:olca="http://openlca.org/ilcd-extensions" dataSetInternalID="1" olca:unitId="20aadc24-a391-41cf-b340-3e4529f44bde" olca:propertyId="93a60a56-a3c8-11da-a746-0800200b9a66" olca:amount="1.0">
            <referenceToFlowDataSet type="flow data set" refObjectId="db548272-c05b-39c4-926e-ba9e10a29195" version="01.00.000" uri="../flows/db548272-c05b-39c4-926e-ba9e10a29195">
                <common:shortDescription xml:lang="en">Benzene, at plant</common:shortDescription>
            </referenceToFlowDataSet>
            <exchangeDirection>Output</exchangeDirection>
            <meanAmount>1.0</meanAmount>
            <resultingAmount>1.0</resultingAmount>
        </exchange>
        <exchange xmlns:olca="http://openlca.org/ilcd-extensions" dataSetInternalID="26" olca:unitId="20aadc24-a391-41cf-b340-3e4529f44bde" olca:propertyId="93a60a56-a3c8-11da-a746-0800200b9a66" olca:amount="1.0E-5">
            <referenceToFlowDataSet type="flow data set" refObjectId="21e46cb8-6233-4c99-bac3-c41d2ab99498" version="01.00.000" uri="../flows/21e46cb8-6233-4c99-bac3-c41d2ab99498">
                <common:shortDescription xml:lang="en">Particulates, &lt; 2.5 um</common:shortDescription>
            </referenceToFlowDataSet>
            <exchangeDirection>Output</exchangeDirection>
            <meanAmount>1.0E-5</meanAmount>
            <resultingAmount>1.0E-5</resultingAmount>
            <generalComment xml:lang="en">This emission was reported by fewer than three companies. To indicate known emissions while protecting the confidentiality of individual company responses, the emission is reported only by order of magnitude.</generalComment>
        </exchange>
        <exchange xmlns:olca="http://openlca.org/ilcd-extensions" dataSetInternalID="24" olca:unitId="0dea4ed8-bb6b-4049-b2b4-b2c413ef2180" olca:propertyId="838aaa20-0117-11db-92e3-0800200c9a66" olca:amount="0.237245342340909">
            <referenceToFlowDataSet type="flow data set" refObjectId="acbe5bc4-6afd-31aa-bf3f-4a3fdc491945" version="01.00.000" uri="../flows/acbe5bc4-6afd-31aa-bf3f-4a3fdc491945">
                <common:shortDescription xml:lang="en">Transport, pipeline, unspecified petroleum products</common:shortDescription>
            </referenceToFlowDataSet>
            <exchangeDirection>Input</exchangeDirection>
            <meanAmount>0.237245342340909</meanAmount>
            <resultingAmount>0.237245342340909</resultingAmount>
        </exchange>
        <exchange xmlns:olca="http://openlca.org/ilcd-extensions" dataSetInternalID="15" olca:unitId="20aadc24-a391-41cf-b340-3e4529f44bde" olca:propertyId="93a60a56-a3c8-11da-a746-0800200b9a66" olca:amount="1.05404E-4">
            <referenceToFlowDataSet type="flow data set" refObjectId="a3ed03de-f771-3946-94f3-a02a10d4ca74" version="01.00.000" uri="../flows/a3ed03de-f771-3946-94f3-a02a10d4ca74">
                <common:shortDescription xml:lang="en">Dissolved solids</common:shortDescription>
            </referenceToFlowDataSet>
            <exchangeDirection>Output</exchangeDirection>
            <meanAmount>1.05404E-4</meanAmount>
            <resultingAmount>1.05404E-4</resultingAmount>
        </exchange>
        <exchange xmlns:olca="http://openlca.org/ilcd-extensions" dataSetInternalID="10" olca:unitId="20aadc24-a391-41cf-b340-3e4529f44bde" olca:propertyId="93a60a56-a3c8-11da-a746-0800200b9a66" olca:amount="0.335">
            <referenceToFlowDataSet type="flow data set" refObjectId="f3d6e4c6-0323-3d9f-a843-b741d2a9b982" version="01.00.000" uri="../flows/f3d6e4c6-0323-3d9f-a843-b741d2a9b982">
                <common:shortDescription xml:lang="en">Pyrolysis gasoline, at plant</common:shortDescription>
            </referenceToFlowDataSet>
            <exchangeDirection>Input</exchangeDirection>
            <meanAmount>0.335</meanAmount>
            <resultingAmount>0.335</resultingAmount>
        </exchange>
        <exchange xmlns:olca="http://openlca.org/ilcd-extensions" dataSetInternalID="33" olca:unitId="20aadc24-a391-41cf-b340-3e4529f44bde" olca:propertyId="93a60a56-a3c8-11da-a746-0800200b9a66" olca:amount="4.4295E-4">
            <referenceToFlowDataSet type="flow data set" refObjectId="e3569b8d-34ca-4712-93b5-b0d81f955663" version="01.00.000" uri="../flows/e3569b8d-34ca-4712-93b5-b0d81f955663">
                <common:shortDescription xml:lang="en">Sulfur oxides</common:shortDescription>
            </referenceToFlowDataSet>
            <exchangeDirection>Output</exchangeDirection>
            <meanAmount>4.4295E-4</meanAmount>
            <resultingAmount>4.4295E-4</resultingAmount>
        </exchange>
        <exchange xmlns:olca="http://openlca.org/ilcd-extensions" dataSetInternalID="4" olca:unitId="20aadc24-a391-41cf-b340-3e4529f44bde" olca:propertyId="93a60a56-a3c8-11da-a746-0800200b9a66" olca:amount="1.0E-7">
            <referenceToFlowDataSet type="flow data set" refObjectId="fce7dbb7-d08d-34ae-875c-1afb623e7213" version="01.00.000" uri="../flows/fce7dbb7-d08d-34ae-875c-1afb623e7213">
                <common:shortDescription xml:lang="en">Chlorine</common:shortDescription>
            </referenceToFlowDataSet>
            <exchangeDirection>Output</exchangeDirection>
            <meanAmount>1.0E-7</meanAmount>
            <resultingAmount>1.0E-7</resultingAmount>
            <generalComment xml:lang="en">This emission was reported by fewer than three companies. To indicate known emissions while protecting the confidentiality of individual company responses, the emission is reported only by order of magnitude.</generalComment>
        </exchange>
        <exchange xmlns:olca="http://openlca.org/ilcd-extensions" dataSetInternalID="21" olca:unitId="1c3a9695-398d-4b1f-b07e-a8715b610f70" olca:propertyId="93a60a56-a3c8-22da-a746-0800200c9a66" olca:amount="0.0033376">
            <referenceToFlowDataSet type="flow data set" refObjectId="d815ff18-015c-3afb-be18-be03bdf325da" version="01.00.000" uri="../flows/d815ff18-015c-3afb-be18-be03bdf325da">
                <common:shortDescription xml:lang="en">Diesel, combusted in industrial equipment</common:shortDescription>
            </referenceToFlowDataSet>
            <exchangeDirection>Input</exchangeDirection>
            <meanAmount>0.0033376</meanAmount>
            <resultingAmount>0.0033376</resultingAmount>
            <generalComment xml:lang="en">Includes diesel fuel and distillate oil amounts.</generalComment>
        </exchange>
        <exchange xmlns:olca="http://openlca.org/ilcd-extensions" dataSetInternalID="13" olca:unitId="0dea4ed8-bb6b-4049-b2b4-b2c413ef2180" olca:propertyId="838aaa20-0117-11db-92e3-0800200c9a66" olca:amount="0.151283163038102">
            <referenceToFlowDataSet type="flow data set" refObjectId="73c7494d-4e93-3769-896b-8bb82f0dfccc" version="01.00.000" uri="../flows/73c7494d-4e93-3769-896b-8bb82f0dfccc">
                <common:shortDescription xml:lang="en">Transport, train, diesel powered</common:shortDescription>
            </referenceToFlowDataSet>
            <exchangeDirection>Input</exchangeDirection>
            <meanAmount>0.151283163038102</meanAmount>
            <resultingAmount>0.151283163038102</resultingAmount>
        </exchange>
        <exchange xmlns:olca="http://openlca.org/ilcd-extensions" dataSetInternalID="19" olca:unitId="20aadc24-a391-41cf-b340-3e4529f44bde" olca:propertyId="93a60a56-a3c8-11da-a746-0800200b9a66" olca:amount="0.016">
            <referenceToFlowDataSet type="flow data set" refObjectId="679afbd4-5c5c-345b-9bd4-55f4ed17a959" version="01.00.000" uri="../flows/679afbd4-5c5c-345b-9bd4-55f4ed17a959">
                <common:shortDescription xml:lang="en">CUTOFF Petroleum refining, for olefins production, at plant, internal offgas use</common:shortDescription>
            </referenceToFlowDataSet>
            <exchangeDirection>Input</exchangeDirection>
            <meanAmount>0.016</meanAmount>
            <resultingAmount>0.016</resultingAmount>
            <generalComment xml:lang="en">A portion of the material feed combusts within the hydrocracker and produces an offgas, which provides an internal energy source.</generalComment>
        </exchange>
        <exchange xmlns:olca="http://openlca.org/ilcd-extensions" dataSetInternalID="28" olca:unitId="20aadc24-a391-41cf-b340-3e4529f44bde" olca:propertyId="93a60a56-a3c8-11da-a746-0800200b9a66" olca:amount="1.0E-6">
            <referenceToFlowDataSet type="flow data set" refObjectId="94b59522-e080-3971-a363-f5a5d4b271df" version="01.00.000" uri="../flows/94b59522-e080-3971-a363-f5a5d4b271df">
                <common:shortDescription xml:lang="en">Sulfide</common:shortDescription>
            </referenceToFlowDataSet>
            <exchangeDirection>Output</exchangeDirection>
            <meanAmount>1.0E-6</meanAmount>
            <resultingAmount>1.0E-6</resultingAmount>
            <generalComment xml:lang="en">This emission was reported by fewer than three companies. To indicate known emissions while protecting the confidentiality of individual company responses, the emission is reported only by order of magnitude.</generalComment>
        </exchange>
        <exchange xmlns:olca="http://openlca.org/ilcd-extensions" dataSetInternalID="29" olca:unitId="0dea4ed8-bb6b-4049-b2b4-b2c413ef2180" olca:propertyId="838aaa20-0117-11db-92e3-0800200c9a66" olca:amount="0.124531657672832">
            <referenceToFlowDataSet type="flow data set" refObjectId="c2cc68fe-1754-3468-a973-51c2f5c82fcd" version="01.00.000" uri="../flows/c2cc68fe-1754-3468-a973-51c2f5c82fcd">
                <common:shortDescription xml:lang="en">Transport, barge, residual fuel oil powered</common:shortDescription>
            </referenceToFlowDataSet>
            <exchangeDirection>Input</exchangeDirection>
            <meanAmount>0.124531657672832</meanAmount>
            <resultingAmount>0.124531657672832</resultingAmount>
        </exchange>
        <exchange xmlns:olca="http://openlca.org/ilcd-extensions" dataSetInternalID="18" olca:unitId="0dea4ed8-bb6b-4049-b2b4-b2c413ef2180" olca:propertyId="838aaa20-0117-11db-92e3-0800200c9a66" olca:amount="0.0300011467415683">
            <referenceToFlowDataSet type="flow data set" refObjectId="628c07ec-0802-39c1-ab88-1c62848ef436" version="01.00.000" uri="../flows/628c07ec-0802-39c1-ab88-1c62848ef436">
                <common:shortDescription xml:lang="en">Transport, combination truck, diesel powered</common:shortDescription>
            </referenceToFlowDataSet>
            <exchangeDirection>Input</exchangeDirection>
            <meanAmount>0.0300011467415683</meanAmount>
            <resultingAmount>0.0300011467415683</resultingAmount>
        </exchange>
        <exchange xmlns:olca="http://openlca.org/ilcd-extensions" dataSetInternalID="32" olca:unitId="20aadc24-a391-41cf-b340-3e4529f44bde" olca:propertyId="93a60a56-a3c8-11da-a746-0800200b9a66" olca:amount="5.0949E-5">
            <referenceToFlowDataSet type="flow data set" refObjectId="ee9ac558-402f-3594-a3e3-0ee7dec4440d" version="01.00.000" uri="../flows/ee9ac558-402f-3594-a3e3-0ee7dec4440d">
                <common:shortDescription xml:lang="en">CUTOFF Disposal, solid waste, unspecified, to municipal incineration</common:shortDescription>
            </referenceToFlowDataSet>
            <exchangeDirection>Input</exchangeDirection>
            <meanAmount>5.0949E-5</meanAmount>
            <resultingAmount>5.0949E-5</resultingAmount>
        </exchange>
        <exchange xmlns:olca="http://openlca.org/ilcd-extensions" dataSetInternalID="14" olca:unitId="20aadc24-a391-41cf-b340-3e4529f44bde" olca:propertyId="93a60a56-a3c8-11da-a746-0800200b9a66" olca:amount="4.67252819E-4">
            <referenceToFlowDataSet type="flow data set" refObjectId="16a0fc94-eaec-315c-9f2f-328d8833dcad" version="01.00.000" uri="../flows/16a0fc94-eaec-315c-9f2f-328d8833dcad">
                <common:shortDescription xml:lang="en">BOD5, Biological Oxygen Demand</common:shortDescription>
            </referenceToFlowDataSet>
            <exchangeDirection>Output</exchangeDirection>
            <meanAmount>4.67252819E-4</meanAmount>
            <resultingAmount>4.67252819E-4</resultingAmount>
        </exchange>
        <exchange xmlns:olca="http://openlca.org/ilcd-extensions" dataSetInternalID="12" olca:unitId="20aadc24-a391-41cf-b340-3e4529f44bde" olca:propertyId="93a60a56-a3c8-11da-a746-0800200b9a66" olca:amount="1.0E-9">
            <referenceToFlowDataSet type="flow data set" refObjectId="97639605-8d88-3450-ae7d-fcd67c52622d" version="01.00.000" uri="../flows/97639605-8d88-3450-ae7d-fcd67c52622d">
                <common:shortDescription xml:lang="en">Hydrogen</common:shortDescription>
            </referenceToFlowDataSet>
            <exchangeDirection>Output</exchangeDirection>
            <meanAmount>1.0E-9</meanAmount>
            <resultingAmount>1.0E-9</resultingAmount>
            <generalComment xml:lang="en">This emission was reported by fewer than three companies. To indicate known emissions while protecting the confidentiality of individual company responses, the emission is reported only by order of magnitude.</generalComment>
        </exchange>
        <exchange xmlns:olca="http://openlca.org/ilcd-extensions" dataSetInternalID="35" olca:unitId="20aadc24-a391-41cf-b340-3e4529f44bde" olca:propertyId="93a60a56-a3c8-11da-a746-0800200b9a66" olca:amount="1.8851592E-5">
            <referenceToFlowDataSet type="flow data set" refObjectId="7ae398c3-8532-11e0-9d78-0800200c9a66" version="01.00.000" uri="../flows/7ae398c3-8532-11e0-9d78-0800200c9a66">
                <common:shortDescription xml:lang="en">Particulates, unspecified</common:shortDescription>
            </referenceToFlowDataSet>
            <exchangeDirection>Output</exchangeDirection>
            <meanAmount>1.8851592E-5</meanAmount>
            <resultingAmount>1.8851592E-5</resultingAmount>
        </exchange>
        <exchange xmlns:olca="http://openlca.org/ilcd-extensions" dataSetInternalID="6" olca:unitId="20aadc24-a391-41cf-b340-3e4529f44bde" olca:propertyId="93a60a56-a3c8-11da-a746-0800200b9a66" olca:amount="1.7805E-5">
            <referenceToFlowDataSet type="flow data set" refObjectId="86957ef8-d6c4-3521-a7ef-db7121f6d813" version="01.00.000" uri="../flows/86957ef8-d6c4-3521-a7ef-db7121f6d813">
                <common:shortDescription xml:lang="en">Oil and grease, unspecified</common:shortDescription>
            </referenceToFlowDataSet>
            <exchangeDirection>Output</exchangeDirection>
            <meanAmount>1.7805E-5</meanAmount>
            <resultingAmount>1.7805E-5</resultingAmount>
        </exchange>
        <exchange xmlns:olca="http://openlca.org/ilcd-extensions" dataSetInternalID="8" olca:unitId="52765a6c-3896-43c2-b2f4-c679acf13efe" olca:propertyId="f6811440-ee37-11de-8a39-0800200c9a66" olca:amount="0.0159171075837743">
            <referenceToFlowDataSet type="flow data set" refObjectId="06581fb2-1de0-3e78-8298-f37605dea142" version="01.00.000" uri="../flows/06581fb2-1de0-3e78-8298-f37605dea142">
                <common:shortDescription xml:lang="en">Electricity, at grid, US, 2008</common:shortDescription>
            </referenceToFlowDataSet>
            <exchangeDirection>Input</exchangeDirection>
            <meanAmount>0.0159171075837743</meanAmount>
            <resultingAmount>0.0159171075837743</resultingAmount>
        </exchange>
        <exchange xmlns:olca="http://openlca.org/ilcd-extensions" dataSetInternalID="22" olca:unitId="1c3a9695-398d-4b1f-b07e-a8715b610f70" olca:propertyId="93a60a56-a3c8-22da-a746-0800200c9a66" olca:amount="0.03229128">
            <referenceToFlowDataSet type="flow data set" refObjectId="654a5cf6-185f-3d91-89ef-42442d1825e8" version="01.00.000" uri="../flows/654a5cf6-185f-3d91-89ef-42442d1825e8">
                <common:shortDescription xml:lang="en">Residual fuel oil, combusted in industrial boiler</common:shortDescription>
            </referenceToFlowDataSet>
            <exchangeDirection>Input</exchangeDirection>
            <meanAmount>0.03229128</meanAmount>
            <resultingAmount>0.03229128</resultingAmount>
        </exchange>
        <exchange xmlns:olca="http://openlca.org/ilcd-extensions" dataSetInternalID="25" olca:unitId="20aadc24-a391-41cf-b340-3e4529f44bde" olca:propertyId="93a60a56-a3c8-11da-a746-0800200b9a66" olca:amount="1.0E-6">
            <referenceToFlowDataSet type="flow data set" refObjectId="b967e1bf-f09b-4c89-8740-ace21db47bba" version="01.00.000" uri="../flows/b967e1bf-f09b-4c89-8740-ace21db47bba">
                <common:shortDescription xml:lang="en">Particulates, &gt; 2.5 um, and &lt; 10um</common:shortDescription>
            </referenceToFlowDataSet>
            <exchangeDirection>Output</exchangeDirection>
            <meanAmount>1.0E-6</meanAmount>
            <resultingAmount>1.0E-6</resultingAmount>
            <generalComment xml:lang="en">This emission was reported by fewer than three companies. To indicate known emissions while protecting the confidentiality of individual company responses, the emission is reported only by order of magnitude.</generalComment>
        </exchange>
        <exchange xmlns:olca="http://openlca.org/ilcd-extensions" dataSetInternalID="23" olca:unitId="20aadc24-a391-41cf-b340-3e4529f44bde" olca:propertyId="93a60a56-a3c8-11da-a746-0800200b9a66" olca:amount="4.252625E-4">
            <referenceToFlowDataSet type="flow data set" refObjectId="838cef47-a3a6-3dce-bcb2-560991c5e95c" version="01.00.000" uri="../flows/838cef47-a3a6-3dce-bcb2-560991c5e95c">
                <common:shortDescription xml:lang="en">CUTOFF Disposal, solid waste, unspecified, to sanitary landfill</common:shortDescription>
            </referenceToFlowDataSet>
            <exchangeDirection>Input</exchangeDirection>
            <meanAmount>4.252625E-4</meanAmount>
            <resultingAmount>4.252625E-4</resultingAmount>
        </exchange>
        <exchange xmlns:olca="http://openlca.org/ilcd-extensions" dataSetInternalID="27" olca:unitId="20aadc24-a391-41cf-b340-3e4529f44bde" olca:propertyId="93a60a56-a3c8-11da-a746-0800200b9a66" olca:amount="1.0E-6">
            <referenceToFlowDataSet type="flow data set" refObjectId="693921ef-e02d-4072-add0-55aa4631b213" version="01.00.000" uri="../flows/693921ef-e02d-4072-add0-55aa4631b213">
                <common:shortDescription xml:lang="en">Suspended solids, unspecified</common:shortDescription>
            </referenceToFlowDataSet>
            <exchangeDirection>Output</exchangeDirection>
            <meanAmount>1.0E-6</meanAmount>
            <resultingAmount>1.0E-6</resultingAmount>
            <generalComment xml:lang="en">This emission was reported by fewer than three companies. To indicate known emissions while protecting the confidentiality of individual company responses, the emission is reported only by order of magnitude.</generalComment>
        </exchange>
        <exchange xmlns:olca="http://openlca.org/ilcd-extensions" dataSetInternalID="2" olca:unitId="20aadc24-a391-41cf-b340-3e4529f44bde" olca:propertyId="93a60a56-a3c8-11da-a746-0800200b9a66" olca:amount="0.0221">
            <referenceToFlowDataSet type="flow data set" refObjectId="0913aaf1-3851-3874-bcfa-988d0957cad5" version="01.00.000" uri="../flows/0913aaf1-3851-3874-bcfa-988d0957cad5">
                <common:shortDescription xml:lang="en">CUTOFF Natural gas, processed, for olefins production, at plant, internal offgas use</common:shortDescription>
            </referenceToFlowDataSet>
            <exchangeDirection>Input</exchangeDirection>
            <meanAmount>0.0221</meanAmount>
            <resultingAmount>0.0221</resultingAmount>
            <generalComment xml:lang="en">A portion of the material feed combusts within the hydrocracker and produces an offgas, which provides an internal energy source.</generalComment>
        </exchange>
        <exchange xmlns:olca="http://openlca.org/ilcd-extensions" dataSetInternalID="20" olca:unitId="20aadc24-a391-41cf-b340-3e4529f44bde" olca:propertyId="93a60a56-a3c8-11da-a746-0800200b9a66" olca:amount="0.667">
            <referenceToFlowDataSet type="flow data set" refObjectId="f8656999-0cf0-32a0-b6ea-1ff24298ed60" version="01.00.000" uri="../flows/f8656999-0cf0-32a0-b6ea-1ff24298ed60">
                <common:shortDescription xml:lang="en">CUTOFF Petroleum refining, for olefins production, at plant, material use</common:shortDescription>
            </referenceToFlowDataSet>
            <exchangeDirection>Input</exchangeDirection>
            <meanAmount>0.667</meanAmount>
            <resultingAmount>0.667</resultingAmount>
        </exchange>
        <exchange xmlns:olca="http://openlca.org/ilcd-extensions" dataSetInternalID="5" olca:unitId="1c3a9695-398d-4b1f-b07e-a8715b610f70" olca:propertyId="93a60a56-a3c8-22da-a746-0800200c9a66" olca:amount="0.0393976797">
            <referenceToFlowDataSet type="flow data set" refObjectId="bb1dc159-fe13-3f8e-8197-361e8c770ba3" version="01.00.000" uri="../flows/bb1dc159-fe13-3f8e-8197-361e8c770ba3">
                <common:shortDescription xml:lang="en">Natural gas, combusted in industrial boiler</common:shortDescription>
            </referenceToFlowDataSet>
            <exchangeDirection>Input</exchangeDirection>
            <meanAmount>0.0393976797</meanAmount>
            <resultingAmount>0.0393976797</resultingAmount>
        </exchange>
        <exchange xmlns:olca="http://openlca.org/ilcd-extensions" dataSetInternalID="17" olca:unitId="20aadc24-a391-41cf-b340-3e4529f44bde" olca:propertyId="93a60a56-a3c8-11da-a746-0800200b9a66" olca:amount="1.0E-9">
            <referenceToFlowDataSet type="flow data set" refObjectId="62d93580-597b-306f-b17b-15c7bfb5747a" version="01.00.000" uri="../flows/62d93580-597b-306f-b17b-15c7bfb5747a">
                <common:shortDescription xml:lang="en">Benzene</common:shortDescription>
            </referenceToFlowDataSet>
            <exchangeDirection>Output</exchangeDirection>
            <meanAmount>1.0E-9</meanAmount>
            <resultingAmount>1.0E-9</resultingAmount>
            <generalComment xml:lang="en">This emission was reported by fewer than three companies. To indicate known emissions while protecting the confidentiality of individual company responses, the emission is reported only by order of magnitude.</generalComment>
        </exchange>
        <exchange xmlns:olca="http://openlca.org/ilcd-extensions" dataSetInternalID="34" olca:unitId="20aadc24-a391-41cf-b340-3e4529f44bde" olca:propertyId="93a60a56-a3c8-11da-a746-0800200b9a66" olca:amount="0.04521">
            <referenceToFlowDataSet type="flow data set" refObjectId="63af114b-afcb-3a82-801a-9c66208a673a" version="01.00.000" uri="../flows/63af114b-afcb-3a82-801a-9c66208a673a">
                <common:shortDescription xml:lang="en">Carbon dioxide, fossil </common:shortDescription>
            </referenceToFlowDataSet>
            <exchangeDirection>Output</exchangeDirection>
            <meanAmount>0.04521</meanAmount>
            <resultingAmount>0.04521</resultingAmount>
        </exchange>
        <exchange xmlns:olca="http://openlca.org/ilcd-extensions" dataSetInternalID="30" olca:unitId="20aadc24-a391-41cf-b340-3e4529f44bde" olca:propertyId="93a60a56-a3c8-11da-a746-0800200b9a66" olca:amount="6.233E-5">
            <referenceToFlowDataSet type="flow data set" refObjectId="c1b91234-6f24-417b-8309-46111d09c457" version="01.00.000" uri="../flows/c1b91234-6f24-417b-8309-46111d09c457">
                <common:shortDescription xml:lang="en">Nitrogen oxides</common:shortDescription>
            </referenceToFlowDataSet>
            <exchangeDirection>Output</exchangeDirection>
            <meanAmount>6.233E-5</meanAmount>
            <resultingAmount>6.233E-5</resultingAmount>
        </exchange>
        <exchange xmlns:olca="http://openlca.org/ilcd-extensions" dataSetInternalID="11" olca:unitId="20aadc24-a391-41cf-b340-3e4529f44bde" olca:propertyId="93a60a56-a3c8-11da-a746-0800200b9a66" olca:amount="1.0E-5">
            <referenceToFlowDataSet type="flow data set" refObjectId="7ae371ac-8532-11e0-9d78-0800200c9a66" version="01.00.000" uri="../flows/7ae371ac-8532-11e0-9d78-0800200c9a66">
                <common:shortDescription xml:lang="en">Carbon monoxide</common:shortDescription>
            </referenceToFlowDataSet>
            <exchangeDirection>Output</exchangeDirection>
            <meanAmount>1.0E-5</meanAmount>
            <resultingAmount>1.0E-5</resultingAmount>
            <generalComment xml:lang="en">This emission was reported by fewer than three companies. To indicate known emissions while protecting the confidentiality of individual company responses, the emission is reported only by order of magnitude.</generalComment>
        </exchange>
        <exchange xmlns:olca="http://openlca.org/ilcd-extensions" dataSetInternalID="3" olca:unitId="52765a6c-3896-43c2-b2f4-c679acf13efe" olca:propertyId="f6811440-ee37-11de-8a39-0800200c9a66" olca:amount="0.00958994708994709">
            <referenceToFlowDataSet type="flow data set" refObjectId="fc76d79e-b0fb-376f-807b-02fe2098aa88" version="01.00.000" uri="../flows/fc76d79e-b0fb-376f-807b-02fe2098aa88">
                <common:shortDescription xml:lang="en">Electricity, at cogen, for natural gas turbine</common:shortDescription>
            </referenceToFlowDataSet>
            <exchangeDirection>Input</exchangeDirection>
            <meanAmount>0.00958994708994709</meanAmount>
            <resultingAmount>0.00958994708994709</resultingAmount>
        </exchange>
        <exchange xmlns:olca="http://openlca.org/ilcd-extensions" dataSetInternalID="16" olca:unitId="20aadc24-a391-41cf-b340-3e4529f44bde" olca:propertyId="93a60a56-a3c8-11da-a746-0800200b9a66" olca:amount="1.0E-8">
            <referenceToFlowDataSet type="flow data set" refObjectId="2061de48-36c9-36ac-b7d2-2a02af0fa6df" version="01.00.000" uri="../flows/2061de48-36c9-36ac-b7d2-2a02af0fa6df">
                <common:shortDescription xml:lang="en">TOC, Total Organic Carbon</common:shortDescription>
            </referenceToFlowDataSet>
            <exchangeDirection>Output</exchangeDirection>
            <meanAmount>1.0E-8</meanAmount>
            <resultingAmount>1.0E-8</resultingAmount>
            <generalComment xml:lang="en">This emission was reported by fewer than three companies. To indicate known emissions while protecting the confidentiality of individual company responses, the emission is reported only by order of magnitude.</generalComment>
        </exchange>
        <exchange xmlns:olca="http://openlca.org/ilcd-extensions" dataSetInternalID="9" olca:unitId="20aadc24-a391-41cf-b340-3e4529f44bde" olca:propertyId="93a60a56-a3c8-11da-a746-0800200b9a66" olca:amount="1.0E-5">
            <referenceToFlowDataSet type="flow data set" refObjectId="6b41ff0f-2c11-3d98-aee6-ca2f5d4c817c" version="01.00.000" uri="../flows/6b41ff0f-2c11-3d98-aee6-ca2f5d4c817c">
                <common:shortDescription xml:lang="en">NMVOC, non-methane volatile organic compounds, unspecified </common:shortDescription>
            </referenceToFlowDataSet>
            <exchangeDirection>Output</exchangeDirection>
            <meanAmount>1.0E-5</meanAmount>
            <resultingAmount>1.0E-5</resultingAmount>
            <generalComment xml:lang="en">This emission was reported by fewer than three companies. To indicate known emissions while protecting the confidentiality of individual company responses, the emission is reported only by order of magnitude.</generalComment>
        </exchange>
        <exchange xmlns:olca="http://openlca.org/ilcd-extensions" dataSetInternalID="7" olca:unitId="20aadc24-a391-41cf-b340-3e4529f44bde" olca:propertyId="93a60a56-a3c8-11da-a746-0800200b9a66" olca:amount="0.00108124">
            <referenceToFlowDataSet type="flow data set" refObjectId="961ccd56-2eee-4f57-bb18-fc4362b49000" version="01.00.000" uri="../flows/961ccd56-2eee-4f57-bb18-fc4362b49000">
                <common:shortDescription xml:lang="en">COD, Chemical Oxygen Demand</common:shortDescription>
            </referenceToFlowDataSet>
            <exchangeDirection>Output</exchangeDirection>
            <meanAmount>0.00108124</meanAmount>
            <resultingAmount>0.00108124</resultingAmount>
        </exchange>
        <exchange xmlns:olca="http://openlca.org/ilcd-extensions" dataSetInternalID="31" olca:unitId="0dea4ed8-bb6b-4049-b2b4-b2c413ef2180" olca:propertyId="838aaa20-0117-11db-92e3-0800200c9a66" olca:amount="0.0374531301271676">
            <referenceToFlowDataSet type="flow data set" refObjectId="a1242640-8306-366c-9c55-6dfd23e77bd7" version="01.00.000" uri="../flows/a1242640-8306-366c-9c55-6dfd23e77bd7">
                <common:shortDescription xml:lang="en">Transport, barge, diesel powered</common:shortDescription>
            </referenceToFlowDataSet>
            <exchangeDirection>Input</exchangeDirection>
            <meanAmount>0.0374531301271676</meanAmount>
            <resultingAmount>0.0374531301271676</resultingAmount>
        </exchange>
    </exchanges>
</processDataSet>
