<?xml version="1.0" encoding="UTF-8" standalone="yes"?>
<processDataSet xmlns:m="http://lca.jrc.it/ILCD/LCIAMethod" xmlns:common="http://lca.jrc.it/ILCD/Common" xmlns:s="http://lca.jrc.it/ILCD/Source" xmlns:c="http://lca.jrc.it/ILCD/Contact" xmlns:f="http://lca.jrc.it/ILCD/Flow" xmlns="http://lca.jrc.it/ILCD/Process" xmlns:fp="http://lca.jrc.it/ILCD/FlowProperty" xmlns:u="http://lca.jrc.it/ILCD/UnitGroup" version="1.1">
    <processInformation>
        <dataSetInformation>
            <common:UUID>e4a61018-9f98-3049-95c1-33b1acaa904e</common:UUID>
            <name>
                <baseName xml:lang="en">Acetic acid, at plant</baseName>
            </name>
            <classificationInformation>
                <common:classification>
                    <common:class level="0" classId="aace7bf8-a0e3-3515-8b6c-2c4211ad420b">Chemical Manufacturing</common:class>
                    <common:class level="1" classId="14f874e9-6029-3dd1-be61-aa72e27b1d86">All Other Basic Organic Chemical Manufacturing</common:class>
                </common:classification>
            </classificationInformation>
            <common:generalComment xml:lang="en">100% of elementary flows and inputs from the technosphere were allocated to acetic acid, and 0% to recovered heat
Important note: although most of the data in the US LCI database has 
undergone some sort of review, the database as a whole has not yet 
undergone a formal validation process.
Please email comments to lci@nrel.gov.</common:generalComment>
        </dataSetInformation>
        <quantitativeReference type="Reference flow(s)">
            <referenceToReferenceFlow>1</referenceToReferenceFlow>
        </quantitativeReference>
        <time xmlns:olca="http://openlca.org/ilcd-extensions" olca:startDate="1041318000000" olca:endDate="1041318000000">
            <common:referenceYear>2002</common:referenceYear>
            <common:dataSetValidUntil>2002</common:dataSetValidUntil>
        </time>
        <geography>
            <locationOfOperationSupplyOrProduction location="RNA" latitudeAndLongitude="58.71;-91.96">
                <descriptionOfRestrictions xml:lang="en">North America (US and Canada)</descriptionOfRestrictions>
            </locationOfOperationSupplyOrProduction>
        </geography>
        <technology>
            <technologyDescriptionAndIncludedProcesses xml:lang="en">Carbonylation of methanol</technologyDescriptionAndIncludedProcesses>
        </technology>
    </processInformation>
    <modellingAndValidation>
        <LCIMethodAndAllocation>
            <typeOfDataSet>Unit process, black box</typeOfDataSet>
            <LCIMethodPrinciple>Other</LCIMethodPrinciple>
        </LCIMethodAndAllocation>
        <dataSourcesTreatmentAndRepresentativeness>
            <deviationsFromCutOffAndCompletenessPrinciples xml:lang="en">None.</deviationsFromCutOffAndCompletenessPrinciples>
            <deviationsFromSelectionAndCombinationPrinciples xml:lang="en">None.</deviationsFromSelectionAndCombinationPrinciples>
            <referenceToDataSource type="source data set" refObjectId="cea14473-782c-3e10-a7a8-f12bfecdb219" version="01.00.000" uri="../sources/cea14473-782c-3e10-a7a8-f12bfecdb219">
                <common:shortDescription xml:lang="en">THE PLASTICS DIVISION OF THE AMERICAN CH </common:shortDescription>
            </referenceToDataSource>
        </dataSourcesTreatmentAndRepresentativeness>
    </modellingAndValidation>
    <administrativeInformation>
        <dataGenerator>
            <common:referenceToPersonOrEntityGeneratingTheDataSet type="contact data set" refObjectId="f238e394-b16d-3194-9c3d-cfd600a1cc95" version="01.00.000" uri="../contacts/f238e394-b16d-3194-9c3d-cfd600a1cc95">
                <common:shortDescription xml:lang="en">Franklin Associates</common:shortDescription>
            </common:referenceToPersonOrEntityGeneratingTheDataSet>
        </dataGenerator>
        <dataEntryBy>
            <common:timeStamp>2019-07-24T12:10:30.532-06:00</common:timeStamp>
            <common:referenceToDataSetFormat type="source data set" refObjectId="a97a0155-0234-4b87-b4ce-a45da52f2a40" version="01.01.000" uri="../sources/a97a0155-0234-4b87-b4ce-a45da52f2a40_01.01.000.xml">
                <common:shortDescription xml:lang="en">ILCD format</common:shortDescription>
            </common:referenceToDataSetFormat>
            <common:referenceToPersonOrEntityEnteringTheData type="contact data set" refObjectId="f238e394-b16d-3194-9c3d-cfd600a1cc95" version="01.00.000" uri="../contacts/f238e394-b16d-3194-9c3d-cfd600a1cc95">
                <common:shortDescription xml:lang="en">Franklin Associates</common:shortDescription>
            </common:referenceToPersonOrEntityEnteringTheData>
        </dataEntryBy>
        <publicationAndOwnership>
            <common:dateOfLastRevision>2018-06-27T10:38:44.736-06:00</common:dateOfLastRevision>
            <common:dataSetVersion>00.00.001</common:dataSetVersion>
            <common:referenceToUnchangedRepublication type="source data set" refObjectId="cea14473-782c-3e10-a7a8-f12bfecdb219" version="01.00.000" uri="../sources/cea14473-782c-3e10-a7a8-f12bfecdb219">
                <common:shortDescription xml:lang="en">THE PLASTICS DIVISION OF THE AMERICAN CH </common:shortDescription>
            </common:referenceToUnchangedRepublication>
            <common:copyright>false</common:copyright>
            <common:accessRestrictions xml:lang="en">All information can be accessed by everybody.</common:accessRestrictions>
        </publicationAndOwnership>
    </administrativeInformation>
    <exchanges>
        <exchange xmlns:olca="http://openlca.org/ilcd-extensions" dataSetInternalID="7" olca:unitId="20aadc24-a391-41cf-b340-3e4529f44bde" olca:propertyId="93a60a56-a3c8-11da-a746-0800200b9a66" olca:amount="0.00397">
            <referenceToFlowDataSet type="flow data set" refObjectId="7ae371ac-8532-11e0-9d78-0800200c9a66" version="01.00.000" uri="../flows/7ae371ac-8532-11e0-9d78-0800200c9a66">
                <common:shortDescription xml:lang="en">Carbon monoxide</common:shortDescription>
            </referenceToFlowDataSet>
            <exchangeDirection>Output</exchangeDirection>
            <meanAmount>0.00397</meanAmount>
            <resultingAmount>0.00397</resultingAmount>
            <allocations>
                <allocation internalReferenceToCoProduct="15" allocatedFraction="0.0"/>
                <allocation internalReferenceToCoProduct="1" allocatedFraction="100.0"/>
            </allocations>
        </exchange>
        <exchange xmlns:olca="http://openlca.org/ilcd-extensions" dataSetInternalID="1" olca:unitId="20aadc24-a391-41cf-b340-3e4529f44bde" olca:propertyId="93a60a56-a3c8-11da-a746-0800200b9a66" olca:amount="1.0">
            <referenceToFlowDataSet type="flow data set" refObjectId="2c696e73-bd01-3f7b-a6c5-a56dee44d66e" version="01.00.000" uri="../flows/2c696e73-bd01-3f7b-a6c5-a56dee44d66e">
                <common:shortDescription xml:lang="en">Acetic acid, at plant</common:shortDescription>
            </referenceToFlowDataSet>
            <exchangeDirection>Output</exchangeDirection>
            <meanAmount>1.0</meanAmount>
            <resultingAmount>1.0</resultingAmount>
            <allocations>
                <allocation internalReferenceToCoProduct="1" allocatedFraction="100.0"/>
            </allocations>
        </exchange>
        <exchange xmlns:olca="http://openlca.org/ilcd-extensions" dataSetInternalID="4" olca:unitId="20aadc24-a391-41cf-b340-3e4529f44bde" olca:propertyId="93a60a56-a3c8-11da-a746-0800200b9a66" olca:amount="0.539">
            <referenceToFlowDataSet type="flow data set" refObjectId="0a086de3-ddb0-3c48-b5db-2f36f5322de4" version="01.00.000" uri="../flows/0a086de3-ddb0-3c48-b5db-2f36f5322de4">
                <common:shortDescription xml:lang="en">Methanol, at plant</common:shortDescription>
            </referenceToFlowDataSet>
            <exchangeDirection>Input</exchangeDirection>
            <meanAmount>0.539</meanAmount>
            <resultingAmount>0.539</resultingAmount>
            <allocations>
                <allocation internalReferenceToCoProduct="1" allocatedFraction="100.0"/>
                <allocation internalReferenceToCoProduct="15" allocatedFraction="0.0"/>
            </allocations>
        </exchange>
        <exchange xmlns:olca="http://openlca.org/ilcd-extensions" dataSetInternalID="19" olca:unitId="20aadc24-a391-41cf-b340-3e4529f44bde" olca:propertyId="93a60a56-a3c8-11da-a746-0800200b9a66" olca:amount="5.6E-4">
            <referenceToFlowDataSet type="flow data set" refObjectId="838cef47-a3a6-3dce-bcb2-560991c5e95c" version="01.00.000" uri="../flows/838cef47-a3a6-3dce-bcb2-560991c5e95c">
                <common:shortDescription xml:lang="en">CUTOFF Disposal, solid waste, unspecified, to sanitary landfill</common:shortDescription>
            </referenceToFlowDataSet>
            <exchangeDirection>Input</exchangeDirection>
            <meanAmount>5.6E-4</meanAmount>
            <resultingAmount>5.6E-4</resultingAmount>
            <allocations>
                <allocation internalReferenceToCoProduct="15" allocatedFraction="0.0"/>
                <allocation internalReferenceToCoProduct="1" allocatedFraction="100.0"/>
            </allocations>
        </exchange>
        <exchange xmlns:olca="http://openlca.org/ilcd-extensions" dataSetInternalID="9" olca:unitId="0dea4ed8-bb6b-4049-b2b4-b2c413ef2180" olca:propertyId="838aaa20-0117-11db-92e3-0800200c9a66" olca:amount="0.0095418">
            <referenceToFlowDataSet type="flow data set" refObjectId="a1242640-8306-366c-9c55-6dfd23e77bd7" version="01.00.000" uri="../flows/a1242640-8306-366c-9c55-6dfd23e77bd7">
                <common:shortDescription xml:lang="en">Transport, barge, diesel powered</common:shortDescription>
            </referenceToFlowDataSet>
            <exchangeDirection>Input</exchangeDirection>
            <meanAmount>0.0095418</meanAmount>
            <resultingAmount>0.0095418</resultingAmount>
            <allocations>
                <allocation internalReferenceToCoProduct="1" allocatedFraction="100.0"/>
                <allocation internalReferenceToCoProduct="15" allocatedFraction="0.0"/>
            </allocations>
            <generalComment xml:lang="en">Represents inbound transport of methanol</generalComment>
        </exchange>
        <exchange xmlns:olca="http://openlca.org/ilcd-extensions" dataSetInternalID="11" olca:unitId="0dea4ed8-bb6b-4049-b2b4-b2c413ef2180" olca:propertyId="838aaa20-0117-11db-92e3-0800200c9a66" olca:amount="0.0049246">
            <referenceToFlowDataSet type="flow data set" refObjectId="628c07ec-0802-39c1-ab88-1c62848ef436" version="01.00.000" uri="../flows/628c07ec-0802-39c1-ab88-1c62848ef436">
                <common:shortDescription xml:lang="en">Transport, combination truck, diesel powered</common:shortDescription>
            </referenceToFlowDataSet>
            <exchangeDirection>Input</exchangeDirection>
            <meanAmount>0.0049246</meanAmount>
            <resultingAmount>0.0049246</resultingAmount>
            <allocations>
                <allocation internalReferenceToCoProduct="15" allocatedFraction="0.0"/>
                <allocation internalReferenceToCoProduct="1" allocatedFraction="100.0"/>
            </allocations>
            <generalComment xml:lang="en">Represents inbound transport of processed natural gas. Original data expressed thus: 5 tonmiles/1000lb natural gas</generalComment>
        </exchange>
        <exchange xmlns:olca="http://openlca.org/ilcd-extensions" dataSetInternalID="15" olca:unitId="52765a6c-3896-43c2-b2f4-c679acf13efe" olca:propertyId="f6811440-ee37-11de-8a39-0800200c9a66" olca:amount="0.18841">
            <referenceToFlowDataSet type="flow data set" refObjectId="cefdef56-be29-337e-b009-aa49a771a16e" version="01.00.000" uri="../flows/cefdef56-be29-337e-b009-aa49a771a16e">
                <common:shortDescription xml:lang="en">Recovered energy, at acetic acid production</common:shortDescription>
            </referenceToFlowDataSet>
            <exchangeDirection>Output</exchangeDirection>
            <meanAmount>0.18841</meanAmount>
            <resultingAmount>0.18841</resultingAmount>
            <allocations>
                <allocation internalReferenceToCoProduct="15" allocatedFraction="0.0"/>
            </allocations>
        </exchange>
        <exchange xmlns:olca="http://openlca.org/ilcd-extensions" dataSetInternalID="12" olca:unitId="1c3a9695-398d-4b1f-b07e-a8715b610f70" olca:propertyId="93a60a56-a3c8-22da-a746-0800200c9a66" olca:amount="0.4411">
            <referenceToFlowDataSet type="flow data set" refObjectId="bd83ce23-816f-3589-b25f-dfca03b42932" version="01.00.000" uri="../flows/bd83ce23-816f-3589-b25f-dfca03b42932">
                <common:shortDescription xml:lang="en">Natural gas, processed, at plant</common:shortDescription>
            </referenceToFlowDataSet>
            <exchangeDirection>Input</exchangeDirection>
            <meanAmount>0.4411</meanAmount>
            <resultingAmount>0.4411</resultingAmount>
            <allocations>
                <allocation internalReferenceToCoProduct="1" allocatedFraction="100.0"/>
                <allocation internalReferenceToCoProduct="15" allocatedFraction="0.0"/>
            </allocations>
        </exchange>
        <exchange xmlns:olca="http://openlca.org/ilcd-extensions" dataSetInternalID="5" olca:unitId="20aadc24-a391-41cf-b340-3e4529f44bde" olca:propertyId="93a60a56-a3c8-11da-a746-0800200b9a66" olca:amount="0.00217">
            <referenceToFlowDataSet type="flow data set" refObjectId="8c943a85-1d5c-3a38-83d1-7b0b74999ff1" version="01.00.000" uri="../flows/8c943a85-1d5c-3a38-83d1-7b0b74999ff1">
                <common:shortDescription xml:lang="en">TOC, Total Organic Carbon</common:shortDescription>
            </referenceToFlowDataSet>
            <exchangeDirection>Output</exchangeDirection>
            <meanAmount>0.00217</meanAmount>
            <resultingAmount>0.00217</resultingAmount>
            <allocations>
                <allocation internalReferenceToCoProduct="1" allocatedFraction="100.0"/>
                <allocation internalReferenceToCoProduct="15" allocatedFraction="0.0"/>
            </allocations>
        </exchange>
        <exchange xmlns:olca="http://openlca.org/ilcd-extensions" dataSetInternalID="13" olca:unitId="0dea4ed8-bb6b-4049-b2b4-b2c413ef2180" olca:propertyId="838aaa20-0117-11db-92e3-0800200c9a66" olca:amount="0.03383">
            <referenceToFlowDataSet type="flow data set" refObjectId="c2cc68fe-1754-3468-a973-51c2f5c82fcd" version="01.00.000" uri="../flows/c2cc68fe-1754-3468-a973-51c2f5c82fcd">
                <common:shortDescription xml:lang="en">Transport, barge, residual fuel oil powered</common:shortDescription>
            </referenceToFlowDataSet>
            <exchangeDirection>Input</exchangeDirection>
            <meanAmount>0.03383</meanAmount>
            <resultingAmount>0.03383</resultingAmount>
            <allocations>
                <allocation internalReferenceToCoProduct="1" allocatedFraction="100.0"/>
                <allocation internalReferenceToCoProduct="15" allocatedFraction="0.0"/>
            </allocations>
            <generalComment xml:lang="en">Represents inbound transport of methanol</generalComment>
        </exchange>
        <exchange xmlns:olca="http://openlca.org/ilcd-extensions" dataSetInternalID="20" olca:unitId="52765a6c-3896-43c2-b2f4-c679acf13efe" olca:propertyId="f6811440-ee37-11de-8a39-0800200c9a66" olca:amount="0.0020503">
            <referenceToFlowDataSet type="flow data set" refObjectId="ed1981de-52d1-366c-b629-4abfe56fffd3" version="01.00.000" uri="../flows/ed1981de-52d1-366c-b629-4abfe56fffd3">
                <common:shortDescription xml:lang="en">Electricity, at cogen, for natural gas turbine</common:shortDescription>
            </referenceToFlowDataSet>
            <exchangeDirection>Input</exchangeDirection>
            <meanAmount>0.0020503</meanAmount>
            <resultingAmount>0.0020503</resultingAmount>
            <allocations>
                <allocation internalReferenceToCoProduct="1" allocatedFraction="100.0"/>
                <allocation internalReferenceToCoProduct="15" allocatedFraction="0.0"/>
            </allocations>
        </exchange>
        <exchange xmlns:olca="http://openlca.org/ilcd-extensions" dataSetInternalID="8" olca:unitId="0dea4ed8-bb6b-4049-b2b4-b2c413ef2180" olca:propertyId="838aaa20-0117-11db-92e3-0800200c9a66" olca:amount="8.6744E-4">
            <referenceToFlowDataSet type="flow data set" refObjectId="acbe5bc4-6afd-31aa-bf3f-4a3fdc491945" version="01.00.000" uri="../flows/acbe5bc4-6afd-31aa-bf3f-4a3fdc491945">
                <common:shortDescription xml:lang="en">Transport, pipeline, unspecified petroleum products</common:shortDescription>
            </referenceToFlowDataSet>
            <exchangeDirection>Input</exchangeDirection>
            <meanAmount>8.6744E-4</meanAmount>
            <resultingAmount>8.6744E-4</resultingAmount>
            <allocations>
                <allocation internalReferenceToCoProduct="1" allocatedFraction="100.0"/>
                <allocation internalReferenceToCoProduct="15" allocatedFraction="0.0"/>
            </allocations>
            <generalComment xml:lang="en">Represents inbound transport of methanol</generalComment>
        </exchange>
        <exchange xmlns:olca="http://openlca.org/ilcd-extensions" dataSetInternalID="14" olca:unitId="20aadc24-a391-41cf-b340-3e4529f44bde" olca:propertyId="93a60a56-a3c8-11da-a746-0800200b9a66" olca:amount="0.00176">
            <referenceToFlowDataSet type="flow data set" refObjectId="7ae371aa-8532-11e0-9d78-0800200c9a66" version="01.00.000" uri="../flows/7ae371aa-8532-11e0-9d78-0800200c9a66">
                <common:shortDescription xml:lang="en">Carbon dioxide</common:shortDescription>
            </referenceToFlowDataSet>
            <exchangeDirection>Output</exchangeDirection>
            <meanAmount>0.00176</meanAmount>
            <resultingAmount>0.00176</resultingAmount>
            <allocations>
                <allocation internalReferenceToCoProduct="15" allocatedFraction="0.0"/>
                <allocation internalReferenceToCoProduct="1" allocatedFraction="100.0"/>
            </allocations>
        </exchange>
        <exchange xmlns:olca="http://openlca.org/ilcd-extensions" dataSetInternalID="3" olca:unitId="20aadc24-a391-41cf-b340-3e4529f44bde" olca:propertyId="93a60a56-a3c8-11da-a746-0800200b9a66" olca:amount="5.2E-5">
            <referenceToFlowDataSet type="flow data set" refObjectId="63e78926-8549-11e0-9d78-0800200c9a66" version="01.00.000" uri="../flows/63e78926-8549-11e0-9d78-0800200c9a66">
                <common:shortDescription xml:lang="en">Ammonia</common:shortDescription>
            </referenceToFlowDataSet>
            <exchangeDirection>Output</exchangeDirection>
            <meanAmount>5.2E-5</meanAmount>
            <resultingAmount>5.2E-5</resultingAmount>
            <allocations>
                <allocation internalReferenceToCoProduct="15" allocatedFraction="0.0"/>
                <allocation internalReferenceToCoProduct="1" allocatedFraction="100.0"/>
            </allocations>
        </exchange>
        <exchange xmlns:olca="http://openlca.org/ilcd-extensions" dataSetInternalID="17" olca:unitId="52765a6c-3896-43c2-b2f4-c679acf13efe" olca:propertyId="f6811440-ee37-11de-8a39-0800200c9a66" olca:amount="0.021826">
            <referenceToFlowDataSet type="flow data set" refObjectId="73e33e2a-67d5-31e2-8449-b6f2d7b46bb2" version="01.00.000" uri="../flows/73e33e2a-67d5-31e2-8449-b6f2d7b46bb2">
                <common:shortDescription xml:lang="en">Electricity, at grid, US, 2000</common:shortDescription>
            </referenceToFlowDataSet>
            <exchangeDirection>Input</exchangeDirection>
            <meanAmount>0.021826</meanAmount>
            <resultingAmount>0.021826</resultingAmount>
            <allocations>
                <allocation internalReferenceToCoProduct="15" allocatedFraction="0.0"/>
                <allocation internalReferenceToCoProduct="1" allocatedFraction="100.0"/>
            </allocations>
        </exchange>
        <exchange xmlns:olca="http://openlca.org/ilcd-extensions" dataSetInternalID="10" olca:unitId="20aadc24-a391-41cf-b340-3e4529f44bde" olca:propertyId="93a60a56-a3c8-11da-a746-0800200b9a66" olca:amount="4.0E-5">
            <referenceToFlowDataSet type="flow data set" refObjectId="8ea4c7d5-472d-3f8e-b3a3-c65e9aa08ac0" version="01.00.000" uri="../flows/8ea4c7d5-472d-3f8e-b3a3-c65e9aa08ac0">
                <common:shortDescription xml:lang="en">Methanol</common:shortDescription>
            </referenceToFlowDataSet>
            <exchangeDirection>Output</exchangeDirection>
            <meanAmount>4.0E-5</meanAmount>
            <resultingAmount>4.0E-5</resultingAmount>
            <allocations>
                <allocation internalReferenceToCoProduct="1" allocatedFraction="100.0"/>
                <allocation internalReferenceToCoProduct="15" allocatedFraction="0.0"/>
            </allocations>
        </exchange>
        <exchange xmlns:olca="http://openlca.org/ilcd-extensions" dataSetInternalID="16" olca:unitId="20aadc24-a391-41cf-b340-3e4529f44bde" olca:propertyId="93a60a56-a3c8-11da-a746-0800200b9a66" olca:amount="5.7E-4">
            <referenceToFlowDataSet type="flow data set" refObjectId="87883a4e-1e3e-4c9d-90c0-f1bea36f8014" version="01.00.000" uri="../flows/87883a4e-1e3e-4c9d-90c0-f1bea36f8014">
                <common:shortDescription xml:lang="en">Ammonia</common:shortDescription>
            </referenceToFlowDataSet>
            <exchangeDirection>Output</exchangeDirection>
            <meanAmount>5.7E-4</meanAmount>
            <resultingAmount>5.7E-4</resultingAmount>
            <allocations>
                <allocation internalReferenceToCoProduct="15" allocatedFraction="0.0"/>
                <allocation internalReferenceToCoProduct="1" allocatedFraction="100.0"/>
            </allocations>
        </exchange>
        <exchange xmlns:olca="http://openlca.org/ilcd-extensions" dataSetInternalID="2" olca:unitId="0dea4ed8-bb6b-4049-b2b4-b2c413ef2180" olca:propertyId="838aaa20-0117-11db-92e3-0800200c9a66" olca:amount="0.49246">
            <referenceToFlowDataSet type="flow data set" refObjectId="057a281a-908b-3adf-8f51-ed79fe5c5a9b" version="01.00.000" uri="../flows/057a281a-908b-3adf-8f51-ed79fe5c5a9b">
                <common:shortDescription xml:lang="en">Transport, pipeline, natural gas</common:shortDescription>
            </referenceToFlowDataSet>
            <exchangeDirection>Input</exchangeDirection>
            <meanAmount>0.49246</meanAmount>
            <resultingAmount>0.49246</resultingAmount>
            <allocations>
                <allocation internalReferenceToCoProduct="1" allocatedFraction="100.0"/>
                <allocation internalReferenceToCoProduct="15" allocatedFraction="0.0"/>
            </allocations>
            <generalComment xml:lang="en">Represents inbound transport of processed natural gas. Original data expressed thus: 500 tonmiles/1000lb natural gas</generalComment>
        </exchange>
        <exchange xmlns:olca="http://openlca.org/ilcd-extensions" dataSetInternalID="21" olca:unitId="1c3a9695-398d-4b1f-b07e-a8715b610f70" olca:propertyId="93a60a56-a3c8-22da-a746-0800200c9a66" olca:amount="0.22355">
            <referenceToFlowDataSet type="flow data set" refObjectId="bb1dc159-fe13-3f8e-8197-361e8c770ba3" version="01.00.000" uri="../flows/bb1dc159-fe13-3f8e-8197-361e8c770ba3">
                <common:shortDescription xml:lang="en">Natural gas, combusted in industrial boiler</common:shortDescription>
            </referenceToFlowDataSet>
            <exchangeDirection>Input</exchangeDirection>
            <meanAmount>0.22355</meanAmount>
            <resultingAmount>0.22355</resultingAmount>
            <allocations>
                <allocation internalReferenceToCoProduct="1" allocatedFraction="100.0"/>
                <allocation internalReferenceToCoProduct="15" allocatedFraction="0.0"/>
            </allocations>
        </exchange>
        <exchange xmlns:olca="http://openlca.org/ilcd-extensions" dataSetInternalID="18" olca:unitId="0dea4ed8-bb6b-4049-b2b4-b2c413ef2180" olca:propertyId="838aaa20-0117-11db-92e3-0800200c9a66" olca:amount="0.0049246">
            <referenceToFlowDataSet type="flow data set" refObjectId="73c7494d-4e93-3769-896b-8bb82f0dfccc" version="01.00.000" uri="../flows/73c7494d-4e93-3769-896b-8bb82f0dfccc">
                <common:shortDescription xml:lang="en">Transport, train, diesel powered</common:shortDescription>
            </referenceToFlowDataSet>
            <exchangeDirection>Input</exchangeDirection>
            <meanAmount>0.0049246</meanAmount>
            <resultingAmount>0.0049246</resultingAmount>
            <allocations>
                <allocation internalReferenceToCoProduct="1" allocatedFraction="100.0"/>
                <allocation internalReferenceToCoProduct="15" allocatedFraction="0.0"/>
            </allocations>
            <generalComment xml:lang="en">Represents inbound transport of processed natural gas. Original data expressed thus: 5 tonmiles/1000lb natural gas</generalComment>
        </exchange>
        <exchange xmlns:olca="http://openlca.org/ilcd-extensions" dataSetInternalID="6" olca:unitId="20aadc24-a391-41cf-b340-3e4529f44bde" olca:propertyId="93a60a56-a3c8-11da-a746-0800200b9a66" olca:amount="9.6E-4">
            <referenceToFlowDataSet type="flow data set" refObjectId="442eafa0-6c75-3094-a775-a7111ce24591" version="01.00.000" uri="../flows/442eafa0-6c75-3094-a775-a7111ce24591">
                <common:shortDescription xml:lang="en">Acids, unspecified</common:shortDescription>
            </referenceToFlowDataSet>
            <exchangeDirection>Output</exchangeDirection>
            <meanAmount>9.6E-4</meanAmount>
            <resultingAmount>9.6E-4</resultingAmount>
            <allocations>
                <allocation internalReferenceToCoProduct="1" allocatedFraction="100.0"/>
                <allocation internalReferenceToCoProduct="15" allocatedFraction="0.0"/>
            </allocations>
        </exchange>
    </exchanges>
</processDataSet>
