<?xml version="1.0" encoding="UTF-8" standalone="yes"?>
<processDataSet xmlns:m="http://lca.jrc.it/ILCD/LCIAMethod" xmlns:common="http://lca.jrc.it/ILCD/Common" xmlns:s="http://lca.jrc.it/ILCD/Source" xmlns:c="http://lca.jrc.it/ILCD/Contact" xmlns:f="http://lca.jrc.it/ILCD/Flow" xmlns="http://lca.jrc.it/ILCD/Process" xmlns:fp="http://lca.jrc.it/ILCD/FlowProperty" xmlns:u="http://lca.jrc.it/ILCD/UnitGroup" version="1.1">
    <processInformation>
        <dataSetInformation>
            <common:UUID>fa3871c0-d563-3300-9ec7-f26aafdabfa5</common:UUID>
            <name>
                <baseName xml:lang="en">Propylene oxide, at plant</baseName>
            </name>
            <classificationInformation>
                <common:classification>
                    <common:class level="0" classId="aace7bf8-a0e3-3515-8b6c-2c4211ad420b">Chemical Manufacturing</common:class>
                    <common:class level="1" classId="14f874e9-6029-3dd1-be61-aa72e27b1d86">All Other Basic Organic Chemical Manufacturing</common:class>
                </common:classification>
            </classificationInformation>
            <common:generalComment xml:lang="en">The environmental emissions and raw materials for this module are a weighted average of the three technologies.  The chlorohydrin process generates 42.1 percent of the propylene oxide, the isobutene hydroperoxidation (including MTBE hydroperoxidation) 34.6 percent, and the ethylbenzene hydroperoxidation 23.3 percent.  In the two hydroperoxidation datasets, coproduct credit was given on a mass basis.  This data module is a weighted average of the inventory for several technologies. An excess amount of brine water is produced during one of the technologies but is not presented as an output to nature; these output amounts would likely explain the upset in the mass balance shown for this hybrid inventory.  Complete inventory data and metadata are available in full in the final report and appendices, Cradle-to-Gate Life Cycle Inventory of Nine Plastic Resins and Four Polyurethane Precursors. This report has been extensively reviewed within Franklin Associates and has undergone partial critical review by ACC Plastics Division members and is available at: www.americanchemistry.com. Quantities may vary slightly between the reference to main source and and this module due to rounding.  Important note: although most of the data in the US LCI database has undergone some sort of review, the database as a whole has not yet undergone a formal validation process.  Please email comments to lci@nrel.gov.</common:generalComment>
        </dataSetInformation>
        <quantitativeReference type="Reference flow(s)">
            <referenceToReferenceFlow>1</referenceToReferenceFlow>
        </quantitativeReference>
        <time xmlns:olca="http://openlca.org/ilcd-extensions" olca:startDate="725785200000" olca:endDate="946623600000">
            <common:referenceYear>1992</common:referenceYear>
            <common:dataSetValidUntil>1999</common:dataSetValidUntil>
        </time>
        <geography>
            <locationOfOperationSupplyOrProduction location="RNA" latitudeAndLongitude="58.71;-91.96">
                <descriptionOfRestrictions xml:lang="en">North America (US and Canada)</descriptionOfRestrictions>
            </locationOfOperationSupplyOrProduction>
        </geography>
        <technology>
            <technologyDescriptionAndIncludedProcesses xml:lang="en">Chlorohydrin process, isobutene hydroperoxidation (including MTBE hydroperoxidation) process, and ethylbenzene process hydroperoxidation</technologyDescriptionAndIncludedProcesses>
        </technology>
    </processInformation>
    <modellingAndValidation>
        <LCIMethodAndAllocation>
            <typeOfDataSet>Unit process, black box</typeOfDataSet>
            <LCIMethodPrinciple>Other</LCIMethodPrinciple>
        </LCIMethodAndAllocation>
        <dataSourcesTreatmentAndRepresentativeness>
            <deviationsFromCutOffAndCompletenessPrinciples xml:lang="en">None.</deviationsFromCutOffAndCompletenessPrinciples>
            <deviationsFromSelectionAndCombinationPrinciples xml:lang="en">None.</deviationsFromSelectionAndCombinationPrinciples>
            <referenceToDataSource type="source data set" refObjectId="bf627fcb-bea3-3085-87ee-2d24ac940458" version="01.00.000" uri="../sources/bf627fcb-bea3-3085-87ee-2d24ac940458">
                <common:shortDescription xml:lang="en">THE PLASTICS DIVISION OF 
THE AMERICAN C </common:shortDescription>
            </referenceToDataSource>
            <samplingProcedure xml:lang="en">Data are from primary sources.</samplingProcedure>
        </dataSourcesTreatmentAndRepresentativeness>
    </modellingAndValidation>
    <administrativeInformation>
        <dataGenerator>
            <common:referenceToPersonOrEntityGeneratingTheDataSet type="contact data set" refObjectId="721bcfe4-ee92-33bc-a9bd-bbf5ba3cb52d" version="01.00.000" uri="../contacts/721bcfe4-ee92-33bc-a9bd-bbf5ba3cb52d">
                <common:shortDescription xml:lang="en">Franklin Associates</common:shortDescription>
            </common:referenceToPersonOrEntityGeneratingTheDataSet>
        </dataGenerator>
        <dataEntryBy>
            <common:timeStamp>2019-07-24T12:10:30.504-06:00</common:timeStamp>
            <common:referenceToDataSetFormat type="source data set" refObjectId="a97a0155-0234-4b87-b4ce-a45da52f2a40" version="01.01.000" uri="../sources/a97a0155-0234-4b87-b4ce-a45da52f2a40_01.01.000.xml">
                <common:shortDescription xml:lang="en">ILCD format</common:shortDescription>
            </common:referenceToDataSetFormat>
            <common:referenceToPersonOrEntityEnteringTheData type="contact data set" refObjectId="721bcfe4-ee92-33bc-a9bd-bbf5ba3cb52d" version="01.00.000" uri="../contacts/721bcfe4-ee92-33bc-a9bd-bbf5ba3cb52d">
                <common:shortDescription xml:lang="en">Franklin Associates</common:shortDescription>
            </common:referenceToPersonOrEntityEnteringTheData>
        </dataEntryBy>
        <publicationAndOwnership>
            <common:dateOfLastRevision>2018-06-27T10:38:44.799-06:00</common:dateOfLastRevision>
            <common:dataSetVersion>00.00.001</common:dataSetVersion>
            <common:referenceToUnchangedRepublication type="source data set" refObjectId="bf627fcb-bea3-3085-87ee-2d24ac940458" version="01.00.000" uri="../sources/bf627fcb-bea3-3085-87ee-2d24ac940458">
                <common:shortDescription xml:lang="en">THE PLASTICS DIVISION OF 
THE AMERICAN C </common:shortDescription>
            </common:referenceToUnchangedRepublication>
            <common:copyright>false</common:copyright>
            <common:accessRestrictions xml:lang="en">All information can be accessed by everybody.</common:accessRestrictions>
        </publicationAndOwnership>
    </administrativeInformation>
    <exchanges>
        <exchange xmlns:olca="http://openlca.org/ilcd-extensions" dataSetInternalID="1" olca:unitId="20aadc24-a391-41cf-b340-3e4529f44bde" olca:propertyId="93a60a56-a3c8-11da-a746-0800200b9a66" olca:amount="1.0">
            <referenceToFlowDataSet type="flow data set" refObjectId="e3e36b0b-cd9f-3394-924d-2e565e97d38d" version="01.00.000" uri="../flows/e3e36b0b-cd9f-3394-924d-2e565e97d38d">
                <common:shortDescription xml:lang="en">Propylene oxide, at plant</common:shortDescription>
            </referenceToFlowDataSet>
            <exchangeDirection>Output</exchangeDirection>
            <meanAmount>1.0</meanAmount>
            <resultingAmount>1.0</resultingAmount>
            <generalComment xml:lang="en">This data module is a weighted average of the inventory for several technologies. An excess amount of brine water is produced during one of the technologies but is not presented as an output to nature; these output amounts would likely explain the upset in the mass balance shown for this hybrid inventory.</generalComment>
        </exchange>
        <exchange xmlns:olca="http://openlca.org/ilcd-extensions" dataSetInternalID="9" olca:unitId="20aadc24-a391-41cf-b340-3e4529f44bde" olca:propertyId="93a60a56-a3c8-11da-a746-0800200b9a66" olca:amount="4.427E-5">
            <referenceToFlowDataSet type="flow data set" refObjectId="db2ec074-8c29-343a-bf04-00af6b343551" version="01.00.000" uri="../flows/db2ec074-8c29-343a-bf04-00af6b343551">
                <common:shortDescription xml:lang="en">Acid gases, unspecified</common:shortDescription>
            </referenceToFlowDataSet>
            <exchangeDirection>Output</exchangeDirection>
            <meanAmount>4.427E-5</meanAmount>
            <resultingAmount>4.427E-5</resultingAmount>
        </exchange>
        <exchange xmlns:olca="http://openlca.org/ilcd-extensions" dataSetInternalID="3" olca:unitId="20aadc24-a391-41cf-b340-3e4529f44bde" olca:propertyId="93a60a56-a3c8-11da-a746-0800200b9a66" olca:amount="9.553E-4">
            <referenceToFlowDataSet type="flow data set" refObjectId="0a7c4d6c-8916-38c0-91af-8c41addd2588" version="01.00.000" uri="../flows/0a7c4d6c-8916-38c0-91af-8c41addd2588">
                <common:shortDescription xml:lang="en">Benzene, ethyl-</common:shortDescription>
            </referenceToFlowDataSet>
            <exchangeDirection>Output</exchangeDirection>
            <meanAmount>9.553E-4</meanAmount>
            <resultingAmount>9.553E-4</resultingAmount>
        </exchange>
        <exchange xmlns:olca="http://openlca.org/ilcd-extensions" dataSetInternalID="5" olca:unitId="52765a6c-3896-43c2-b2f4-c679acf13efe" olca:propertyId="f6811440-ee37-11de-8a39-0800200c9a66" olca:amount="0.283134920634921">
            <referenceToFlowDataSet type="flow data set" refObjectId="06581fb2-1de0-3e78-8298-f37605dea142" version="01.00.000" uri="../flows/06581fb2-1de0-3e78-8298-f37605dea142">
                <common:shortDescription xml:lang="en">Electricity, at grid, US, 2008</common:shortDescription>
            </referenceToFlowDataSet>
            <exchangeDirection>Input</exchangeDirection>
            <meanAmount>0.283134920634921</meanAmount>
            <resultingAmount>0.283134920634921</resultingAmount>
        </exchange>
        <exchange xmlns:olca="http://openlca.org/ilcd-extensions" dataSetInternalID="24" olca:unitId="20aadc24-a391-41cf-b340-3e4529f44bde" olca:propertyId="93a60a56-a3c8-11da-a746-0800200b9a66" olca:amount="0.00142363">
            <referenceToFlowDataSet type="flow data set" refObjectId="d806e960-d946-3a21-9528-90cddd1aa51b" version="01.00.000" uri="../flows/d806e960-d946-3a21-9528-90cddd1aa51b">
                <common:shortDescription xml:lang="en">Sodium hydroxide</common:shortDescription>
            </referenceToFlowDataSet>
            <exchangeDirection>Output</exchangeDirection>
            <meanAmount>0.00142363</meanAmount>
            <resultingAmount>0.00142363</resultingAmount>
        </exchange>
        <exchange xmlns:olca="http://openlca.org/ilcd-extensions" dataSetInternalID="7" olca:unitId="20aadc24-a391-41cf-b340-3e4529f44bde" olca:propertyId="93a60a56-a3c8-11da-a746-0800200b9a66" olca:amount="0.572981">
            <referenceToFlowDataSet type="flow data set" refObjectId="a1167c39-1c98-360a-b834-c22a9726c001" version="01.00.000" uri="../flows/a1167c39-1c98-360a-b834-c22a9726c001">
                <common:shortDescription xml:lang="en">Chlorine, production mix, at plant</common:shortDescription>
            </referenceToFlowDataSet>
            <exchangeDirection>Input</exchangeDirection>
            <meanAmount>0.572981</meanAmount>
            <resultingAmount>0.572981</resultingAmount>
        </exchange>
        <exchange xmlns:olca="http://openlca.org/ilcd-extensions" dataSetInternalID="11" olca:unitId="0dea4ed8-bb6b-4049-b2b4-b2c413ef2180" olca:propertyId="838aaa20-0117-11db-92e3-0800200c9a66" olca:amount="0.2737764782048">
            <referenceToFlowDataSet type="flow data set" refObjectId="628c07ec-0802-39c1-ab88-1c62848ef436" version="01.00.000" uri="../flows/628c07ec-0802-39c1-ab88-1c62848ef436">
                <common:shortDescription xml:lang="en">Transport, combination truck, diesel powered</common:shortDescription>
            </referenceToFlowDataSet>
            <exchangeDirection>Input</exchangeDirection>
            <meanAmount>0.2737764782048</meanAmount>
            <resultingAmount>0.2737764782048</resultingAmount>
        </exchange>
        <exchange xmlns:olca="http://openlca.org/ilcd-extensions" dataSetInternalID="27" olca:unitId="1c3a9695-398d-4b1f-b07e-a8715b610f70" olca:propertyId="93a60a56-a3c8-22da-a746-0800200c9a66" olca:amount="0.1453050852">
            <referenceToFlowDataSet type="flow data set" refObjectId="bb1dc159-fe13-3f8e-8197-361e8c770ba3" version="01.00.000" uri="../flows/bb1dc159-fe13-3f8e-8197-361e8c770ba3">
                <common:shortDescription xml:lang="en">Natural gas, combusted in industrial boiler</common:shortDescription>
            </referenceToFlowDataSet>
            <exchangeDirection>Input</exchangeDirection>
            <meanAmount>0.1453050852</meanAmount>
            <resultingAmount>0.1453050852</resultingAmount>
        </exchange>
        <exchange xmlns:olca="http://openlca.org/ilcd-extensions" dataSetInternalID="16" olca:unitId="0dea4ed8-bb6b-4049-b2b4-b2c413ef2180" olca:propertyId="838aaa20-0117-11db-92e3-0800200c9a66" olca:amount="0.389030901693">
            <referenceToFlowDataSet type="flow data set" refObjectId="acbe5bc4-6afd-31aa-bf3f-4a3fdc491945" version="01.00.000" uri="../flows/acbe5bc4-6afd-31aa-bf3f-4a3fdc491945">
                <common:shortDescription xml:lang="en">Transport, pipeline, unspecified petroleum products</common:shortDescription>
            </referenceToFlowDataSet>
            <exchangeDirection>Input</exchangeDirection>
            <meanAmount>0.389030901693</meanAmount>
            <resultingAmount>0.389030901693</resultingAmount>
        </exchange>
        <exchange xmlns:olca="http://openlca.org/ilcd-extensions" dataSetInternalID="20" olca:unitId="20aadc24-a391-41cf-b340-3e4529f44bde" olca:propertyId="93a60a56-a3c8-11da-a746-0800200b9a66" olca:amount="1.263E-6">
            <referenceToFlowDataSet type="flow data set" refObjectId="fce7dbb7-d08d-34ae-875c-1afb623e7213" version="01.00.000" uri="../flows/fce7dbb7-d08d-34ae-875c-1afb623e7213">
                <common:shortDescription xml:lang="en">Chlorine</common:shortDescription>
            </referenceToFlowDataSet>
            <exchangeDirection>Output</exchangeDirection>
            <meanAmount>1.263E-6</meanAmount>
            <resultingAmount>1.263E-6</resultingAmount>
        </exchange>
        <exchange xmlns:olca="http://openlca.org/ilcd-extensions" dataSetInternalID="17" olca:unitId="20aadc24-a391-41cf-b340-3e4529f44bde" olca:propertyId="93a60a56-a3c8-11da-a746-0800200b9a66" olca:amount="0.00133276">
            <referenceToFlowDataSet type="flow data set" refObjectId="d53034f6-f44f-3ece-b946-c5e885833fab" version="01.00.000" uri="../flows/d53034f6-f44f-3ece-b946-c5e885833fab">
                <common:shortDescription xml:lang="en">Phenol compounds, unspecified</common:shortDescription>
            </referenceToFlowDataSet>
            <exchangeDirection>Output</exchangeDirection>
            <meanAmount>0.00133276</meanAmount>
            <resultingAmount>0.00133276</resultingAmount>
        </exchange>
        <exchange xmlns:olca="http://openlca.org/ilcd-extensions" dataSetInternalID="26" olca:unitId="20aadc24-a391-41cf-b340-3e4529f44bde" olca:propertyId="93a60a56-a3c8-11da-a746-0800200b9a66" olca:amount="0.928305">
            <referenceToFlowDataSet type="flow data set" refObjectId="c28f9211-98eb-3509-95cc-771d8fefae51" version="01.00.000" uri="../flows/c28f9211-98eb-3509-95cc-771d8fefae51">
                <common:shortDescription xml:lang="en">Sodium chloride, at plant</common:shortDescription>
            </referenceToFlowDataSet>
            <exchangeDirection>Input</exchangeDirection>
            <meanAmount>0.928305</meanAmount>
            <resultingAmount>0.928305</resultingAmount>
        </exchange>
        <exchange xmlns:olca="http://openlca.org/ilcd-extensions" dataSetInternalID="14" olca:unitId="20aadc24-a391-41cf-b340-3e4529f44bde" olca:propertyId="93a60a56-a3c8-11da-a746-0800200b9a66" olca:amount="0.01275095">
            <referenceToFlowDataSet type="flow data set" refObjectId="63af114b-afcb-3a82-801a-9c66208a673a" version="01.00.000" uri="../flows/63af114b-afcb-3a82-801a-9c66208a673a">
                <common:shortDescription xml:lang="en">Carbon dioxide, fossil </common:shortDescription>
            </referenceToFlowDataSet>
            <exchangeDirection>Output</exchangeDirection>
            <meanAmount>0.01275095</meanAmount>
            <resultingAmount>0.01275095</resultingAmount>
        </exchange>
        <exchange xmlns:olca="http://openlca.org/ilcd-extensions" dataSetInternalID="6" olca:unitId="20aadc24-a391-41cf-b340-3e4529f44bde" olca:propertyId="93a60a56-a3c8-11da-a746-0800200b9a66" olca:amount="9.2268E-4">
            <referenceToFlowDataSet type="flow data set" refObjectId="e620a933-c348-4e7e-8893-ab0a0f681c7e" version="01.00.000" uri="../flows/e620a933-c348-4e7e-8893-ab0a0f681c7e">
                <common:shortDescription xml:lang="en">Hydrocarbons, unspecified</common:shortDescription>
            </referenceToFlowDataSet>
            <exchangeDirection>Output</exchangeDirection>
            <meanAmount>9.2268E-4</meanAmount>
            <resultingAmount>9.2268E-4</resultingAmount>
        </exchange>
        <exchange xmlns:olca="http://openlca.org/ilcd-extensions" dataSetInternalID="18" olca:unitId="0dea4ed8-bb6b-4049-b2b4-b2c413ef2180" olca:propertyId="838aaa20-0117-11db-92e3-0800200c9a66" olca:amount="1.5866349E-4">
            <referenceToFlowDataSet type="flow data set" refObjectId="057a281a-908b-3adf-8f51-ed79fe5c5a9b" version="01.00.000" uri="../flows/057a281a-908b-3adf-8f51-ed79fe5c5a9b">
                <common:shortDescription xml:lang="en">Transport, pipeline, natural gas</common:shortDescription>
            </referenceToFlowDataSet>
            <exchangeDirection>Input</exchangeDirection>
            <meanAmount>1.5866349E-4</meanAmount>
            <resultingAmount>1.5866349E-4</resultingAmount>
        </exchange>
        <exchange xmlns:olca="http://openlca.org/ilcd-extensions" dataSetInternalID="23" olca:unitId="20aadc24-a391-41cf-b340-3e4529f44bde" olca:propertyId="93a60a56-a3c8-11da-a746-0800200b9a66" olca:amount="4.7209E-4">
            <referenceToFlowDataSet type="flow data set" refObjectId="36c7d929-1de0-301c-8abc-115ad9395669" version="01.00.000" uri="../flows/36c7d929-1de0-301c-8abc-115ad9395669">
                <common:shortDescription xml:lang="en">Propylene oxide</common:shortDescription>
            </referenceToFlowDataSet>
            <exchangeDirection>Output</exchangeDirection>
            <meanAmount>4.7209E-4</meanAmount>
            <resultingAmount>4.7209E-4</resultingAmount>
        </exchange>
        <exchange xmlns:olca="http://openlca.org/ilcd-extensions" dataSetInternalID="13" olca:unitId="20aadc24-a391-41cf-b340-3e4529f44bde" olca:propertyId="93a60a56-a3c8-11da-a746-0800200b9a66" olca:amount="0.689283">
            <referenceToFlowDataSet type="flow data set" refObjectId="bf2b1e5a-4c92-3974-a2fd-a68898833086" version="01.00.000" uri="../flows/bf2b1e5a-4c92-3974-a2fd-a68898833086">
                <common:shortDescription xml:lang="en">Sodium hydroxide, production mix, at plant</common:shortDescription>
            </referenceToFlowDataSet>
            <exchangeDirection>Input</exchangeDirection>
            <meanAmount>0.689283</meanAmount>
            <resultingAmount>0.689283</resultingAmount>
        </exchange>
        <exchange xmlns:olca="http://openlca.org/ilcd-extensions" dataSetInternalID="15" olca:unitId="0dea4ed8-bb6b-4049-b2b4-b2c413ef2180" olca:propertyId="838aaa20-0117-11db-92e3-0800200c9a66" olca:amount="0.00287072955325144">
            <referenceToFlowDataSet type="flow data set" refObjectId="c2cc68fe-1754-3468-a973-51c2f5c82fcd" version="01.00.000" uri="../flows/c2cc68fe-1754-3468-a973-51c2f5c82fcd">
                <common:shortDescription xml:lang="en">Transport, barge, residual fuel oil powered</common:shortDescription>
            </referenceToFlowDataSet>
            <exchangeDirection>Input</exchangeDirection>
            <meanAmount>0.00287072955325144</meanAmount>
            <resultingAmount>0.00287072955325144</resultingAmount>
        </exchange>
        <exchange xmlns:olca="http://openlca.org/ilcd-extensions" dataSetInternalID="21" olca:unitId="20aadc24-a391-41cf-b340-3e4529f44bde" olca:propertyId="93a60a56-a3c8-11da-a746-0800200b9a66" olca:amount="4.893E-5">
            <referenceToFlowDataSet type="flow data set" refObjectId="87883a4e-1e3e-4c9d-90c0-f1bea36f8014" version="01.00.000" uri="../flows/87883a4e-1e3e-4c9d-90c0-f1bea36f8014">
                <common:shortDescription xml:lang="en">Ammonia</common:shortDescription>
            </referenceToFlowDataSet>
            <exchangeDirection>Output</exchangeDirection>
            <meanAmount>4.893E-5</meanAmount>
            <resultingAmount>4.893E-5</resultingAmount>
        </exchange>
        <exchange xmlns:olca="http://openlca.org/ilcd-extensions" dataSetInternalID="25" olca:unitId="20aadc24-a391-41cf-b340-3e4529f44bde" olca:propertyId="93a60a56-a3c8-11da-a746-0800200b9a66" olca:amount="1.9968E-4">
            <referenceToFlowDataSet type="flow data set" refObjectId="838cef47-a3a6-3dce-bcb2-560991c5e95c" version="01.00.000" uri="../flows/838cef47-a3a6-3dce-bcb2-560991c5e95c">
                <common:shortDescription xml:lang="en">CUTOFF Disposal, solid waste, unspecified, to sanitary landfill</common:shortDescription>
            </referenceToFlowDataSet>
            <exchangeDirection>Input</exchangeDirection>
            <meanAmount>1.9968E-4</meanAmount>
            <resultingAmount>1.9968E-4</resultingAmount>
        </exchange>
        <exchange xmlns:olca="http://openlca.org/ilcd-extensions" dataSetInternalID="4" olca:unitId="20aadc24-a391-41cf-b340-3e4529f44bde" olca:propertyId="93a60a56-a3c8-11da-a746-0800200b9a66" olca:amount="0.00582945">
            <referenceToFlowDataSet type="flow data set" refObjectId="6b41ff0f-2c11-3d98-aee6-ca2f5d4c817c" version="01.00.000" uri="../flows/6b41ff0f-2c11-3d98-aee6-ca2f5d4c817c">
                <common:shortDescription xml:lang="en">NMVOC, non-methane volatile organic compounds, unspecified </common:shortDescription>
            </referenceToFlowDataSet>
            <exchangeDirection>Output</exchangeDirection>
            <meanAmount>0.00582945</meanAmount>
            <resultingAmount>0.00582945</resultingAmount>
        </exchange>
        <exchange xmlns:olca="http://openlca.org/ilcd-extensions" dataSetInternalID="19" olca:unitId="20aadc24-a391-41cf-b340-3e4529f44bde" olca:propertyId="93a60a56-a3c8-11da-a746-0800200b9a66" olca:amount="0.772583">
            <referenceToFlowDataSet type="flow data set" refObjectId="e86e8b04-8e64-3a17-95c3-04c07229f0ac" version="01.00.000" uri="../flows/e86e8b04-8e64-3a17-95c3-04c07229f0ac">
                <common:shortDescription xml:lang="en">Propylene, at plant</common:shortDescription>
            </referenceToFlowDataSet>
            <exchangeDirection>Input</exchangeDirection>
            <meanAmount>0.772583</meanAmount>
            <resultingAmount>0.772583</resultingAmount>
        </exchange>
        <exchange xmlns:olca="http://openlca.org/ilcd-extensions" dataSetInternalID="10" olca:unitId="0dea4ed8-bb6b-4049-b2b4-b2c413ef2180" olca:propertyId="838aaa20-0117-11db-92e3-0800200c9a66" olca:amount="8.63377309248555E-4">
            <referenceToFlowDataSet type="flow data set" refObjectId="a1242640-8306-366c-9c55-6dfd23e77bd7" version="01.00.000" uri="../flows/a1242640-8306-366c-9c55-6dfd23e77bd7">
                <common:shortDescription xml:lang="en">Transport, barge, diesel powered</common:shortDescription>
            </referenceToFlowDataSet>
            <exchangeDirection>Input</exchangeDirection>
            <meanAmount>8.63377309248555E-4</meanAmount>
            <resultingAmount>8.63377309248555E-4</resultingAmount>
        </exchange>
        <exchange xmlns:olca="http://openlca.org/ilcd-extensions" dataSetInternalID="2" olca:unitId="0dea4ed8-bb6b-4049-b2b4-b2c413ef2180" olca:propertyId="838aaa20-0117-11db-92e3-0800200c9a66" olca:amount="0.0874105972337">
            <referenceToFlowDataSet type="flow data set" refObjectId="73c7494d-4e93-3769-896b-8bb82f0dfccc" version="01.00.000" uri="../flows/73c7494d-4e93-3769-896b-8bb82f0dfccc">
                <common:shortDescription xml:lang="en">Transport, train, diesel powered</common:shortDescription>
            </referenceToFlowDataSet>
            <exchangeDirection>Input</exchangeDirection>
            <meanAmount>0.0874105972337</meanAmount>
            <resultingAmount>0.0874105972337</resultingAmount>
        </exchange>
        <exchange xmlns:olca="http://openlca.org/ilcd-extensions" dataSetInternalID="22" olca:unitId="20aadc24-a391-41cf-b340-3e4529f44bde" olca:propertyId="93a60a56-a3c8-11da-a746-0800200b9a66" olca:amount="0.00994677">
            <referenceToFlowDataSet type="flow data set" refObjectId="501b4ad5-84bd-3eea-9f98-febbd037f3e5" version="01.00.000" uri="../flows/501b4ad5-84bd-3eea-9f98-febbd037f3e5">
                <common:shortDescription xml:lang="en">Acidity, unspecified</common:shortDescription>
            </referenceToFlowDataSet>
            <exchangeDirection>Output</exchangeDirection>
            <meanAmount>0.00994677</meanAmount>
            <resultingAmount>0.00994677</resultingAmount>
        </exchange>
        <exchange xmlns:olca="http://openlca.org/ilcd-extensions" dataSetInternalID="8" olca:unitId="20aadc24-a391-41cf-b340-3e4529f44bde" olca:propertyId="93a60a56-a3c8-11da-a746-0800200b9a66" olca:amount="0.09861">
            <referenceToFlowDataSet type="flow data set" refObjectId="055e3f80-da33-3f27-be5f-8d0c59872b9a" version="01.00.000" uri="../flows/055e3f80-da33-3f27-be5f-8d0c59872b9a">
                <common:shortDescription xml:lang="en">Oxygen, liquid, at plant</common:shortDescription>
            </referenceToFlowDataSet>
            <exchangeDirection>Input</exchangeDirection>
            <meanAmount>0.09861</meanAmount>
            <resultingAmount>0.09861</resultingAmount>
        </exchange>
        <exchange xmlns:olca="http://openlca.org/ilcd-extensions" dataSetInternalID="12" olca:unitId="1c3a9695-398d-4b1f-b07e-a8715b610f70" olca:propertyId="93a60a56-a3c8-22da-a746-0800200c9a66" olca:amount="0.13091736">
            <referenceToFlowDataSet type="flow data set" refObjectId="654a5cf6-185f-3d91-89ef-42442d1825e8" version="01.00.000" uri="../flows/654a5cf6-185f-3d91-89ef-42442d1825e8">
                <common:shortDescription xml:lang="en">Residual fuel oil, combusted in industrial boiler</common:shortDescription>
            </referenceToFlowDataSet>
            <exchangeDirection>Input</exchangeDirection>
            <meanAmount>0.13091736</meanAmount>
            <resultingAmount>0.13091736</resultingAmount>
        </exchange>
    </exchanges>
</processDataSet>
