{"@context":"http://greendelta.github.io/olca-schema/context.jsonld","@type":"Flow","@id":"19dea542-0e84-38b3-b59e-914a72a39a87","name":"Heavy alkylate naphtha (petroleum)","description":"From FedElemFlowList_1.0.3. Flow Class: Chemicals. Not a preferred flow.","version":"01.00.003","lastChange":"2020-04-10T14:08:30.180-04:00","category":{"@type":"Category","@id":"377c08bc-8c6e-3536-89ab-ae479326c8d4","name":"air","categoryPath":["Elementary Flows","emission"],"categoryType":"Flow"},"flowType":"ELEMENTARY_FLOW","cas":"64741-65-7","formula":"-","infrastructureFlow":false,"flowProperties":[{"@type":"FlowPropertyFactor","referenceFlowProperty":true,"flowProperty":{"@type":"FlowProperty","@id":"93a60a56-a3c8-11da-a746-0800200b9a66","name":"Mass","categoryPath":["Technical flow properties"]},"conversionFactor":1.0}]}