{"@context":"http://greendelta.github.io/olca-schema/context.jsonld","@type":"Flow","@id":"3039078d-dda5-3b34-9031-d3c491421611","name":"Tin","description":"From FedElemFlowList_1.0.1. Flow Class: Chemicals. Preferred flow.","version":"01.00.001","lastChange":"2020-01-13T16:09:45.955-05:00","category":{"@type":"Category","@id":"25162403-5267-35ee-9c88-a5fd3036162a","name":"subterranean","categoryPath":["Elementary Flows","resource","ground"],"categoryType":"Flow"},"flowType":"ELEMENTARY_FLOW","cas":"7440-31-5","formula":"Sn","infrastructureFlow":false,"flowProperties":[{"@type":"FlowPropertyFactor","referenceFlowProperty":true,"flowProperty":{"@type":"FlowProperty","@id":"93a60a56-a3c8-11da-a746-0800200b9a66","name":"Mass","categoryPath":["Technical flow properties"]},"conversionFactor":1.0}]}