{"@context":"http://greendelta.github.io/olca-schema/context.jsonld","@type":"Flow","@id":"314e4cef-5385-3262-bdb6-a756c7817579","name":"Aluminum","description":"From FedElemFlowList_1.0.1. Flow Class: Chemicals. Not a preferred flow.","version":"01.00.001","lastChange":"2020-01-13T16:09:45.323-05:00","category":{"@type":"Category","@id":"377c08bc-8c6e-3536-89ab-ae479326c8d4","name":"air","categoryPath":["Elementary Flows","emission"],"categoryType":"Flow"},"flowType":"ELEMENTARY_FLOW","cas":"7429-90-5","formula":"Al","infrastructureFlow":false,"flowProperties":[{"@type":"FlowPropertyFactor","referenceFlowProperty":true,"flowProperty":{"@type":"FlowProperty","@id":"93a60a56-a3c8-11da-a746-0800200b9a66","name":"Mass","categoryPath":["Technical flow properties"]},"conversionFactor":1.0}]}