{"@context":"http://greendelta.github.io/olca-schema/context.jsonld","@type":"Flow","@id":"349f80aa-ecfc-39ac-b674-a1721178e49b","name":"Automotive painting, top coat, per vehicle","version":"00.00.003","lastChange":"2019-09-19T14:10:12.889-04:00","category":{"@type":"Category","@id":"23bd678e-a6dc-3bdb-b8d0-af39515a3bbd","name":"3363: Motor Vehicle Parts Manufacturing","categoryPath":["Technosphere Flows","31-33: Manufacturing"],"categoryType":"Flow"},"flowType":"PRODUCT_FLOW","infrastructureFlow":false,"location":{"@type":"Location","@id":"b320e7db-c758-3ba6-8839-81eb83c9d7d7","name":"Northern America"},"flowProperties":[{"@type":"FlowPropertyFactor","referenceFlowProperty":true,"flowProperty":{"@type":"FlowProperty","@id":"01846770-4cfe-4a25-8ad9-919d8d378345","name":"Number of items","categoryPath":["Technical flow properties"]},"conversionFactor":1.0}]}