{"@context":"http://greendelta.github.io/olca-schema/context.jsonld","@type":"Flow","@id":"4177b053-26a1-36e1-baa8-43af1249eb56","name":"Copper compounds","description":"From FedElemFlowList_1.0.1. Flow Class: Groups. Not a preferred flow.","version":"01.00.001","lastChange":"2020-01-13T16:09:46.049-05:00","category":{"@type":"Category","@id":"4d599e48-40f7-33ea-8c13-b39bc7fc2fd6","name":"water","categoryPath":["Elementary Flows","emission"],"categoryType":"Flow"},"flowType":"ELEMENTARY_FLOW","cas":"n.a.","formula":"-","infrastructureFlow":false,"flowProperties":[{"@type":"FlowPropertyFactor","referenceFlowProperty":true,"flowProperty":{"@type":"FlowProperty","@id":"93a60a56-a3c8-11da-a746-0800200b9a66","name":"Mass","categoryPath":["Technical flow properties"]},"conversionFactor":1.0}]}