{"@context":"http://greendelta.github.io/olca-schema/context.jsonld","@type":"Flow","@id":"42c34755-7837-304a-a463-81f4ea4d0d94","name":"Nitrogen","description":"From FedElemFlowList_1.0.1. Flow Class: Chemicals. Not a preferred flow.","version":"01.00.001","lastChange":"2020-01-13T16:09:45.636-05:00","category":{"@type":"Category","@id":"db229444-8686-37b4-8d53-73ec59298614","name":"industrial","categoryPath":["Elementary Flows","emission","ground","human-dominated"],"categoryType":"Flow"},"flowType":"ELEMENTARY_FLOW","cas":"7727-37-9","formula":"N2","infrastructureFlow":false,"flowProperties":[{"@type":"FlowPropertyFactor","referenceFlowProperty":true,"flowProperty":{"@type":"FlowProperty","@id":"93a60a56-a3c8-11da-a746-0800200b9a66","name":"Mass","categoryPath":["Technical flow properties"]},"conversionFactor":1.0}]}