{"@context":"http://greendelta.github.io/olca-schema/context.jsonld","@type":"Flow","@id":"58b5cd90-8ba4-32ea-b4aa-3a3438ba8419","name":"Carbon dioxide","description":"From FedElemFlowList_1.0.1. Flow Class: Chemicals. Not a preferred flow.","version":"01.00.001","lastChange":"2020-01-13T16:09:45.955-05:00","category":{"@type":"Category","@id":"21745189-21da-3e27-ab8b-6f4e86721649","name":"air","categoryPath":["Elementary Flows","resource"],"categoryType":"Flow"},"flowType":"ELEMENTARY_FLOW","cas":"124-38-9","formula":"CO2","infrastructureFlow":false,"flowProperties":[{"@type":"FlowPropertyFactor","referenceFlowProperty":true,"flowProperty":{"@type":"FlowProperty","@id":"93a60a56-a3c8-11da-a746-0800200b9a66","name":"Mass","categoryPath":["Technical flow properties"]},"conversionFactor":1.0}]}