{"@context":"http://greendelta.github.io/olca-schema/context.jsonld","@type":"Flow","@id":"58e5ce68-b4e4-30ec-aad4-cef520d7f737","name":"Hydrocarbons","description":"From FedElemFlowList_1.0.1. Flow Class: Groups. Not a preferred flow.","version":"01.00.001","lastChange":"2020-01-13T16:09:46.033-05:00","category":{"@type":"Category","@id":"7bec6d23-eb05-38d1-9710-c751fcedf07c","name":"ocean","categoryPath":["Elementary Flows","emission","water","saline water body"],"categoryType":"Flow"},"flowType":"ELEMENTARY_FLOW","cas":"308067-53-0","formula":"-","infrastructureFlow":false,"flowProperties":[{"@type":"FlowPropertyFactor","referenceFlowProperty":true,"flowProperty":{"@type":"FlowProperty","@id":"93a60a56-a3c8-11da-a746-0800200b9a66","name":"Mass","categoryPath":["Technical flow properties"]},"conversionFactor":1.0}]}