{"@context":"http://greendelta.github.io/olca-schema/context.jsonld","@type":"Flow","@id":"5f2083b3-5187-36d8-a843-0db11cc377be","name":"Light aromatic solvent naphtha (petroleum)","description":"From FedElemFlowList_1.0.1.1. Flow Class: Chemicals. Not a preferred flow.","version":"01.00.001","lastChange":"2020-02-21T09:11:42.587-05:00","category":{"@type":"Category","@id":"377c08bc-8c6e-3536-89ab-ae479326c8d4","name":"air","categoryPath":["Elementary Flows","emission"],"categoryType":"Flow"},"flowType":"ELEMENTARY_FLOW","cas":"64742-95-6","infrastructureFlow":false,"flowProperties":[{"@type":"FlowPropertyFactor","referenceFlowProperty":true,"flowProperty":{"@type":"FlowProperty","@id":"93a60a56-a3c8-11da-a746-0800200b9a66","name":"Mass","categoryPath":["Technical flow properties"]},"conversionFactor":1.0}]}