{"@context":"http://greendelta.github.io/olca-schema/context.jsonld","@type":"Flow","@id":"658f8e12-f566-3e01-930c-e95cf9fa2c2b","name":"Forest residue, preprocessed, at conversion facility","version":"00.00.003","lastChange":"2019-09-19T14:25:57.301-04:00","category":{"@type":"Category","@id":"4dbb2557-2abc-3afb-b50c-e88311611465","name":"4842: Specialized Freight Trucking","categoryPath":["Technosphere Flows","48-49: Transportation and Warehousing"],"categoryType":"Flow"},"flowType":"PRODUCT_FLOW","infrastructureFlow":false,"location":{"@type":"Location","@id":"b320e7db-c758-3ba6-8839-81eb83c9d7d7","name":"Northern America"},"flowProperties":[{"@type":"FlowPropertyFactor","referenceFlowProperty":true,"flowProperty":{"@type":"FlowProperty","@id":"93a60a56-a3c8-11da-a746-0800200b9a66","name":"Mass","categoryPath":["Technical flow properties"]},"conversionFactor":1.0}]}