{"@context":"http://greendelta.github.io/olca-schema/context.jsonld","@type":"Flow","@id":"6a71f6df-1df1-32f0-b926-6e9b932a7fe9","name":"Transport, aircraft, freight","version":"00.00.005","lastChange":"2019-09-19T14:20:43.846-04:00","category":{"@type":"Category","@id":"82ac3efb-5f3b-31b9-b5a0-817d501b6281","name":"4811: Scheduled Air Transportation","categoryPath":["Technosphere Flows","48-49: Transportation and Warehousing"],"categoryType":"Flow"},"flowType":"PRODUCT_FLOW","infrastructureFlow":false,"location":{"@type":"Location","@id":"b320e7db-c758-3ba6-8839-81eb83c9d7d7","name":"Northern America"},"flowProperties":[{"@type":"FlowPropertyFactor","referenceFlowProperty":true,"flowProperty":{"@type":"FlowProperty","@id":"838aaa20-0117-11db-92e3-0800200c9a66","name":"Goods transport (mass*distance)","categoryPath":["Technical flow properties"]},"conversionFactor":1.0}]}