{"@context":"http://greendelta.github.io/olca-schema/context.jsonld","@type":"Flow","@id":"96bb139f-09ed-30d0-9c02-5c86716d783d","name":"Total dissolved solids","description":"From FedElemFlowList_1.0.2. Flow Class: Other. Not a preferred flow.","version":"01.00.002","lastChange":"2020-04-22T01:12:10.602-04:00","category":{"@type":"Category","@id":"c0c95593-8304-3564-bf2d-c89ea5a29917","name":"fresh water body","categoryPath":["Elementary Flows","emission","water"],"categoryType":"Flow"},"flowType":"ELEMENTARY_FLOW","infrastructureFlow":false,"flowProperties":[{"@type":"FlowPropertyFactor","referenceFlowProperty":true,"flowProperty":{"@type":"FlowProperty","@id":"93a60a56-a3c8-11da-a746-0800200b9a66","name":"Mass","categoryPath":["Technical flow properties"]},"conversionFactor":1.0}]}