{"@context":"http://greendelta.github.io/olca-schema/context.jsonld","@type":"Flow","@id":"a09f4a1f-6def-3b88-bc34-fa5de97014e5","name":"Ammonium","description":"From FedElemFlowList_1.0.1. Flow Class: Chemicals. Not a preferred flow.","version":"01.00.001","lastChange":"2020-01-13T16:09:45.830-05:00","category":{"@type":"Category","@id":"4a20a81d-a9b7-3bb4-a194-b235dff58aa4","name":"river","categoryPath":["Elementary Flows","emission","water","fresh water body"],"categoryType":"Flow"},"flowType":"ELEMENTARY_FLOW","cas":"14798-03-9","formula":"H4N","infrastructureFlow":false,"flowProperties":[{"@type":"FlowPropertyFactor","referenceFlowProperty":true,"flowProperty":{"@type":"FlowProperty","@id":"93a60a56-a3c8-11da-a746-0800200b9a66","name":"Mass","categoryPath":["Technical flow properties"]},"conversionFactor":1.0}]}