{"@context":"http://greendelta.github.io/olca-schema/context.jsonld","@type":"Flow","@id":"ab10ce80-b5a6-39c7-b09f-a8891da7f908","name":"Transport, school bus, gasoline powered","version":"00.00.003","lastChange":"2019-09-19T14:31:11.335-04:00","category":{"@type":"Category","@id":"d2462932-7a4b-314f-b965-50e9004ba553","name":"4854: School and Employee Bus Transportation","categoryPath":["Technosphere Flows","48-49: Transportation and Warehousing"],"categoryType":"Flow"},"flowType":"PRODUCT_FLOW","infrastructureFlow":false,"location":{"@type":"Location","@id":"b320e7db-c758-3ba6-8839-81eb83c9d7d7","name":"Northern America"},"flowProperties":[{"@type":"FlowPropertyFactor","referenceFlowProperty":true,"flowProperty":{"@type":"FlowProperty","@id":"8766e10f-9f41-4db0-8173-ad0d002a5b98","name":"Person transport","categoryPath":["Technical flow properties"]},"conversionFactor":1.0}]}