{"@context":"http://greendelta.github.io/olca-schema/context.jsonld","@type":"Flow","@id":"b8cbdc2b-b86f-3f80-b7ba-f126b5f29152","name":"Barite","description":"From FedElemFlowList_1.0.1. Flow Class: Geological. Not a preferred flow.","version":"01.00.001","lastChange":"2020-01-13T16:09:46.002-05:00","category":{"@type":"Category","@id":"7bec6d23-eb05-38d1-9710-c751fcedf07c","name":"ocean","categoryPath":["Elementary Flows","emission","water","saline water body"],"categoryType":"Flow"},"flowType":"ELEMENTARY_FLOW","cas":"7727-43-7","formula":"BaSO4","infrastructureFlow":false,"flowProperties":[{"@type":"FlowPropertyFactor","referenceFlowProperty":true,"flowProperty":{"@type":"FlowProperty","@id":"93a60a56-a3c8-11da-a746-0800200b9a66","name":"Mass","categoryPath":["Technical flow properties"]},"conversionFactor":1.0}]}