{"@context":"http://greendelta.github.io/olca-schema/context.jsonld","@type":"Flow","@id":"bf5adc3d-6ae1-3512-95f9-37473f0c033a","name":"Aluminum","description":"From FedElemFlowList_1.0.1. Flow Class: Chemicals. Not a preferred flow.","version":"01.00.001","lastChange":"2020-01-13T16:09:45.589-05:00","category":{"@type":"Category","@id":"db229444-8686-37b4-8d53-73ec59298614","name":"industrial","categoryPath":["Elementary Flows","emission","ground","human-dominated"],"categoryType":"Flow"},"flowType":"ELEMENTARY_FLOW","cas":"7429-90-5","formula":"Al","infrastructureFlow":false,"flowProperties":[{"@type":"FlowPropertyFactor","referenceFlowProperty":true,"flowProperty":{"@type":"FlowProperty","@id":"93a60a56-a3c8-11da-a746-0800200b9a66","name":"Mass","categoryPath":["Technical flow properties"]},"conversionFactor":1.0}]}