{"@context":"http://greendelta.github.io/olca-schema/context.jsonld","@type":"Flow","@id":"c2974ad6-41e4-3222-990a-2fe51d5ba682","name":"Spring wheat straw, ground and stored","version":"00.00.004","lastChange":"2019-09-18T19:00:46.012-04:00","category":{"@type":"Category","@id":"2e89b03a-ddaa-384b-b895-7cb9d5c17f89","name":"1151: Support Activities for Crop Production","categoryPath":["Technosphere Flows","11: Agriculture, Forestry, Fishing and Hunting"],"categoryType":"Flow"},"flowType":"PRODUCT_FLOW","infrastructureFlow":false,"location":{"@type":"Location","@id":"b320e7db-c758-3ba6-8839-81eb83c9d7d7","name":"Northern America"},"flowProperties":[{"@type":"FlowPropertyFactor","referenceFlowProperty":true,"flowProperty":{"@type":"FlowProperty","@id":"93a60a56-a3c8-11da-a746-0800200b9a66","name":"Mass","categoryPath":["Technical flow properties"]},"conversionFactor":1.0}]}