{"@context":"http://greendelta.github.io/olca-schema/context.jsonld","@type":"Flow","@id":"c8b4edca-9b7b-3006-b1cc-7a370c958544","name":"Transport, transit bus, CNG powered","version":"00.00.003","lastChange":"2019-09-19T14:28:45.875-04:00","category":{"@type":"Category","@id":"1c1d1a83-4c16-3ff8-8694-a1ba23eec9a1","name":"4851: Urban Transit Systems","categoryPath":["Technosphere Flows","48-49: Transportation and Warehousing"],"categoryType":"Flow"},"flowType":"PRODUCT_FLOW","infrastructureFlow":false,"location":{"@type":"Location","@id":"b320e7db-c758-3ba6-8839-81eb83c9d7d7","name":"Northern America"},"flowProperties":[{"@type":"FlowPropertyFactor","referenceFlowProperty":true,"flowProperty":{"@type":"FlowProperty","@id":"8766e10f-9f41-4db0-8173-ad0d002a5b98","name":"Person transport","categoryPath":["Technical flow properties"]},"conversionFactor":1.0}]}