{"@context":"http://greendelta.github.io/olca-schema/context.jsonld","@type":"Flow","@id":"d53a4cf5-d6ae-3f33-b897-975d6ba2eb11","name":"Automotive painting, electrocoating, per m2","version":"00.00.003","lastChange":"2019-09-19T14:10:12.855-04:00","category":{"@type":"Category","@id":"23bd678e-a6dc-3bdb-b8d0-af39515a3bbd","name":"3363: Motor Vehicle Parts Manufacturing","categoryPath":["Technosphere Flows","31-33: Manufacturing"],"categoryType":"Flow"},"flowType":"PRODUCT_FLOW","infrastructureFlow":false,"location":{"@type":"Location","@id":"b320e7db-c758-3ba6-8839-81eb83c9d7d7","name":"Northern America"},"flowProperties":[{"@type":"FlowPropertyFactor","referenceFlowProperty":true,"flowProperty":{"@type":"FlowProperty","@id":"93a60a56-a3c8-19da-a746-0800200c9a66","name":"Area","categoryPath":["Technical flow properties"]},"conversionFactor":1.0}]}