{"@context":"http://greendelta.github.io/olca-schema/context.jsonld","@type":"Flow","@id":"d60d22ff-4ffb-30e8-95d9-a9cc62a94569","name":"Strontium-90","description":"From FedElemFlowList_1.0.1. Flow Class: Chemicals. Not a preferred flow.","version":"01.00.001","lastChange":"2020-01-13T16:09:45.861-05:00","category":{"@type":"Category","@id":"7bec6d23-eb05-38d1-9710-c751fcedf07c","name":"ocean","categoryPath":["Elementary Flows","emission","water","saline water body"],"categoryType":"Flow"},"flowType":"ELEMENTARY_FLOW","cas":"10098-97-2","formula":"[90Sr]","infrastructureFlow":false,"flowProperties":[{"@type":"FlowPropertyFactor","referenceFlowProperty":true,"flowProperty":{"@type":"FlowProperty","@id":"93a60a56-a3c8-17da-a746-0800200c9a66","name":"Radioactivity","categoryPath":["Technical flow properties"]},"conversionFactor":1.0},{"@type":"FlowPropertyFactor","flowProperty":{"@type":"FlowProperty","@id":"93a60a56-a3c8-11da-a746-0800200b9a66","name":"Mass","categoryPath":["Technical flow properties"]},"conversionFactor":1.9600000000000002E-13}]}