{"@context":"http://greendelta.github.io/olca-schema/context.jsonld","@type":"Flow","@id":"d61a1aad-c126-3065-a1fe-4bcd13af12fe","name":"Chromium(III)","description":"From FedElemFlowList_1.0.1. Flow Class: Chemicals. Not a preferred flow.","version":"01.00.001","lastChange":"2020-01-13T16:09:45.558-05:00","category":{"@type":"Category","@id":"db229444-8686-37b4-8d53-73ec59298614","name":"industrial","categoryPath":["Elementary Flows","emission","ground","human-dominated"],"categoryType":"Flow"},"flowType":"ELEMENTARY_FLOW","cas":"16065-83-1","formula":"[Cr+3]","infrastructureFlow":false,"flowProperties":[{"@type":"FlowPropertyFactor","referenceFlowProperty":true,"flowProperty":{"@type":"FlowProperty","@id":"93a60a56-a3c8-11da-a746-0800200b9a66","name":"Mass","categoryPath":["Technical flow properties"]},"conversionFactor":1.0}]}