{"@context":"http://greendelta.github.io/olca-schema/context.jsonld","@type":"Flow","@id":"dc4d39f5-33ce-3633-8b50-0ebd40aa06cf","name":"Aluminum, hot rolling, at plant","version":"00.00.003","lastChange":"2019-09-19T13:59:05.938-04:00","category":{"@type":"Category","@id":"cd166a10-fe99-390c-b362-93097b419c70","name":"3313: Alumina and Aluminum Production and Processing","categoryPath":["Technosphere Flows","31-33: Manufacturing"],"categoryType":"Flow"},"flowType":"PRODUCT_FLOW","infrastructureFlow":false,"location":{"@type":"Location","@id":"b320e7db-c758-3ba6-8839-81eb83c9d7d7","name":"Northern America"},"flowProperties":[{"@type":"FlowPropertyFactor","referenceFlowProperty":true,"flowProperty":{"@type":"FlowProperty","@id":"93a60a56-a3c8-11da-a746-0800200b9a66","name":"Mass","categoryPath":["Technical flow properties"]},"conversionFactor":1.0}]}