{"@context":"http://greendelta.github.io/olca-schema/context.jsonld","@type":"Flow","@id":"ec1ff388-9bbb-367f-828c-f7b4f7ceaa47","name":"Copper","description":"From FedElemFlowList_1.0.1. Flow Class: Chemicals. Not a preferred flow.","version":"01.00.001","lastChange":"2020-01-13T16:09:45.605-05:00","category":{"@type":"Category","@id":"d9b6d2ca-9f04-3660-9f79-2665d8e683fe","name":"ground","categoryPath":["Elementary Flows","emission"],"categoryType":"Flow"},"flowType":"ELEMENTARY_FLOW","cas":"7440-50-8","formula":"Cu","infrastructureFlow":false,"flowProperties":[{"@type":"FlowPropertyFactor","referenceFlowProperty":true,"flowProperty":{"@type":"FlowProperty","@id":"93a60a56-a3c8-11da-a746-0800200b9a66","name":"Mass","categoryPath":["Technical flow properties"]},"conversionFactor":1.0}]}