{"@context":"http://greendelta.github.io/olca-schema/context.jsonld","@type":"Flow","@id":"f59819de-9e26-37bb-95b2-3d6eab81316c","name":"Radionuclides","description":"From FedElemFlowList_1.0.1. Flow Class: Groups. Not a preferred flow.","version":"01.00.001","lastChange":"2020-01-13T16:09:46.033-05:00","category":{"@type":"Category","@id":"fdb15b0c-5b3a-33c9-aa2d-5ee8b3e65456","name":"rural","categoryPath":["Elementary Flows","emission","air","troposphere"],"categoryType":"Flow"},"flowType":"ELEMENTARY_FLOW","infrastructureFlow":false,"flowProperties":[{"@type":"FlowPropertyFactor","referenceFlowProperty":true,"flowProperty":{"@type":"FlowProperty","@id":"93a60a56-a3c8-17da-a746-0800200c9a66","name":"Radioactivity","categoryPath":["Technical flow properties"]},"conversionFactor":1.0}]}