{"@type":"Flow","@id":"091629a8-56bd-3020-aac9-0b1228b6bb78","name":"Flubendiamide","description":"From FedElemFlowList_1.0.2. Flow Class: Chemicals. Not a preferred flow.","category":"Elementary flows/emission/water","version":"01.00.002","lastChange":"2020-07-01T17:51:03.819Z","flowType":"ELEMENTARY_FLOW","cas":"272451-65-7","formula":"C23H22F7IN2O4S","isInfrastructureFlow":false,"flowProperties":[{"@type":"FlowPropertyFactor","isRefFlowProperty":true,"flowProperty":{"@type":"FlowProperty","@id":"93a60a56-a3c8-11da-a746-0800200b9a66","name":"Mass","category":"Technical flow properties","refUnit":"kg"},"conversionFactor":1.0}]}