{"@type":"Flow","@id":"0dd142ee-7e06-370a-8dc4-67c923f0b947","name":"Pyroxsulam","description":"From FedElemFlowList_1.0.2. Flow Class: Chemicals. Not a preferred flow.","category":"Elementary flows/emission/water","version":"01.00.002","lastChange":"2020-07-01T17:51:04.361Z","flowType":"ELEMENTARY_FLOW","cas":"422556-08-9","formula":"C14H13F3N6O5S","isInfrastructureFlow":false,"flowProperties":[{"@type":"FlowPropertyFactor","isRefFlowProperty":true,"flowProperty":{"@type":"FlowProperty","@id":"93a60a56-a3c8-11da-a746-0800200b9a66","name":"Mass","category":"Technical flow properties","refUnit":"kg"},"conversionFactor":1.0}]}