{"@type":"Flow","@id":"0df50c9e-16ca-34b3-802b-ffc969edb8a6","name":"Tebuconazole","description":"From FedElemFlowList_1.0.2. Flow Class: Chemicals. Not a preferred flow.","category":"Elementary flows/emission/air","version":"01.00.002","lastChange":"2020-07-01T17:49:59.724Z","flowType":"ELEMENTARY_FLOW","cas":"107534-96-3","formula":"C16H22ClN3O","isInfrastructureFlow":false,"flowProperties":[{"@type":"FlowPropertyFactor","isRefFlowProperty":true,"flowProperty":{"@type":"FlowProperty","@id":"93a60a56-a3c8-11da-a746-0800200b9a66","name":"Mass","category":"Technical flow properties","refUnit":"kg"},"conversionFactor":1.0}]}