{"@type":"Flow","@id":"0ee54d5e-dd92-3af5-a1a2-6146cc58489e","name":"Gibberellic acid","description":"From FedElemFlowList_1.0.2. Flow Class: Chemicals. Not a preferred flow.","category":"Elementary flows/emission/water","version":"01.00.002","lastChange":"2020-07-01T17:51:25.898Z","flowType":"ELEMENTARY_FLOW","cas":"77-06-5","formula":"C19H22O6","isInfrastructureFlow":false,"flowProperties":[{"@type":"FlowPropertyFactor","isRefFlowProperty":true,"flowProperty":{"@type":"FlowProperty","@id":"93a60a56-a3c8-11da-a746-0800200b9a66","name":"Mass","category":"Technical flow properties","refUnit":"kg"},"conversionFactor":1.0}]}