{"@type":"Flow","@id":"12af48d0-8b55-32c0-8cf0-4e68307493c7","name":"Acetone cyanohydrin","description":"From FedElemFlowList_1.0.2. Flow Class: Chemicals. Not a preferred flow.","category":"Elementary flows/emission/air","version":"01.00.002","lastChange":"2020-07-01T17:50:13.468Z","flowType":"ELEMENTARY_FLOW","cas":"75-86-5","formula":"C4H7NO","isInfrastructureFlow":false,"flowProperties":[{"@type":"FlowPropertyFactor","isRefFlowProperty":true,"flowProperty":{"@type":"FlowProperty","@id":"93a60a56-a3c8-11da-a746-0800200b9a66","name":"Mass","category":"Technical flow properties","refUnit":"kg"},"conversionFactor":1.0}]}