{"@type":"Flow","@id":"14e278a9-d8b7-3ee6-b505-3abab7dc7dcb","name":"Sodium dimethyldithiocarbamate","description":"From FedElemFlowList_1.0.2. Flow Class: Chemicals. Not a preferred flow.","category":"Elementary flows/emission/air","version":"01.00.002","lastChange":"2020-07-01T17:50:02.766Z","flowType":"ELEMENTARY_FLOW","cas":"128-04-1","formula":"C3H6NNaS2","isInfrastructureFlow":false,"flowProperties":[{"@type":"FlowPropertyFactor","isRefFlowProperty":true,"flowProperty":{"@type":"FlowProperty","@id":"93a60a56-a3c8-11da-a746-0800200b9a66","name":"Mass","category":"Technical flow properties","refUnit":"kg"},"conversionFactor":1.0}]}