{"@type":"Flow","@id":"154fe244-1d60-3246-bb7b-015b670d9f6e","name":"Imazaquin, monoammonium salt","description":"From FedElemFlowList_1.0.2. Flow Class: Chemicals. Not a preferred flow.","category":"Elementary flows/emission/water","version":"01.00.002","lastChange":"2020-07-01T17:51:26.971Z","flowType":"ELEMENTARY_FLOW","cas":"81335-47-9","formula":"C17H20N4O3","isInfrastructureFlow":false,"flowProperties":[{"@type":"FlowPropertyFactor","isRefFlowProperty":true,"flowProperty":{"@type":"FlowProperty","@id":"93a60a56-a3c8-11da-a746-0800200b9a66","name":"Mass","category":"Technical flow properties","refUnit":"kg"},"conversionFactor":1.0}]}