{"@type":"Flow","@id":"1ab24e9c-18f9-3aeb-a968-d1c6f25a1ef4","name":"Phosphate ore","description":"From FedElemFlowList_1.0.2. Flow Class: Geological. Not a preferred flow.","category":"Elementary flows/resource/ground","version":"01.00.002","lastChange":"2020-07-01T17:51:40.841Z","flowType":"ELEMENTARY_FLOW","formula":"PO43-","isInfrastructureFlow":false,"flowProperties":[{"@type":"FlowPropertyFactor","isRefFlowProperty":true,"flowProperty":{"@type":"FlowProperty","@id":"93a60a56-a3c8-11da-a746-0800200b9a66","name":"Mass","category":"Technical flow properties","refUnit":"kg"},"conversionFactor":1.0}]}