{"@type":"Flow","@id":"222a86c7-0134-3761-8eeb-a5c8a2947ca6","name":"Isopropanol","description":"From FedElemFlowList_1.0.2. Flow Class: Chemicals. Not a preferred flow.","category":"Elementary flows/emission/air","version":"01.00.002","lastChange":"2020-07-01T17:50:12.359Z","flowType":"ELEMENTARY_FLOW","cas":"67-63-0","formula":"C3H8O","isInfrastructureFlow":false,"flowProperties":[{"@type":"FlowPropertyFactor","isRefFlowProperty":true,"flowProperty":{"@type":"FlowProperty","@id":"93a60a56-a3c8-11da-a746-0800200b9a66","name":"Mass","category":"Technical flow properties","refUnit":"kg"},"conversionFactor":1.0}]}