{"@type":"Flow","@id":"2390ac23-510e-3b0a-9db8-15feca1662a6","name":"Ammonium 1-naphthaleneacetate","description":"From FedElemFlowList_1.0.2. Flow Class: Chemicals. Not a preferred flow.","category":"Elementary flows/emission/water","version":"01.00.002","lastChange":"2020-07-01T17:51:16.640Z","flowType":"ELEMENTARY_FLOW","cas":"25545-89-5","formula":"C12H13NO2","isInfrastructureFlow":false,"flowProperties":[{"@type":"FlowPropertyFactor","isRefFlowProperty":true,"flowProperty":{"@type":"FlowProperty","@id":"93a60a56-a3c8-11da-a746-0800200b9a66","name":"Mass","category":"Technical flow properties","refUnit":"kg"},"conversionFactor":1.0}]}