{"@type":"Flow","@id":"23cf0f1a-fe2f-38b4-9d2e-c7b14bb74223","name":"Flumiclorac-pentyl","description":"From FedElemFlowList_1.0.2. Flow Class: Chemicals. Not a preferred flow.","category":"Elementary flows/emission/water","version":"01.00.002","lastChange":"2020-07-01T17:51:27.832Z","flowType":"ELEMENTARY_FLOW","cas":"87546-18-7","formula":"C21H23ClFNO5","isInfrastructureFlow":false,"flowProperties":[{"@type":"FlowPropertyFactor","isRefFlowProperty":true,"flowProperty":{"@type":"FlowProperty","@id":"93a60a56-a3c8-11da-a746-0800200b9a66","name":"Mass","category":"Technical flow properties","refUnit":"kg"},"conversionFactor":1.0}]}