{"@type":"Flow","@id":"25045a33-212b-3680-877b-add3bee5fd74","name":"3,3\u0027-Dimethylbenzidine","description":"From FedElemFlowList_1.0.2. Flow Class: Chemicals. Not a preferred flow.","category":"Elementary flows/emission/air","version":"01.00.002","lastChange":"2020-07-01T17:50:01.674Z","flowType":"ELEMENTARY_FLOW","cas":"119-93-7","formula":"C14H16N2","isInfrastructureFlow":false,"flowProperties":[{"@type":"FlowPropertyFactor","isRefFlowProperty":true,"flowProperty":{"@type":"FlowProperty","@id":"93a60a56-a3c8-11da-a746-0800200b9a66","name":"Mass","category":"Technical flow properties","refUnit":"kg"},"conversionFactor":1.0}]}