{"@type":"Flow","@id":"255db6ce-5f1f-3b99-80ee-7757785a010c","name":"Tetraconazole","description":"From FedElemFlowList_1.0.2. Flow Class: Chemicals. Not a preferred flow.","category":"Elementary flows/emission/water","version":"01.00.002","lastChange":"2020-07-01T17:51:09.808Z","flowType":"ELEMENTARY_FLOW","cas":"112281-77-3","formula":"C13H11Cl2F4N3O","isInfrastructureFlow":false,"flowProperties":[{"@type":"FlowPropertyFactor","isRefFlowProperty":true,"flowProperty":{"@type":"FlowProperty","@id":"93a60a56-a3c8-11da-a746-0800200b9a66","name":"Mass","category":"Technical flow properties","refUnit":"kg"},"conversionFactor":1.0}]}