{"@type":"Flow","@id":"27280e4a-ec1a-339d-990e-bb5a8a225663","name":"1,2,3-Trichloropropane","description":"From FedElemFlowList_1.0.2. Flow Class: Chemicals. Not a preferred flow.","category":"Elementary flows/emission/air","version":"01.00.002","lastChange":"2020-07-01T17:50:17.088Z","flowType":"ELEMENTARY_FLOW","cas":"96-18-4","formula":"C3H5Cl3","isInfrastructureFlow":false,"flowProperties":[{"@type":"FlowPropertyFactor","isRefFlowProperty":true,"flowProperty":{"@type":"FlowProperty","@id":"93a60a56-a3c8-11da-a746-0800200b9a66","name":"Mass","category":"Technical flow properties","refUnit":"kg"},"conversionFactor":1.0}]}