{"@type":"Flow","@id":"2ad5e061-880c-3788-9f00-7f24b7d6d440","name":"Chloroacetonitrile","description":"From FedElemFlowList_1.0.2. Flow Class: Chemicals. Not a preferred flow.","category":"Elementary flows/emission/air","version":"01.00.002","lastChange":"2020-07-01T17:49:59.627Z","flowType":"ELEMENTARY_FLOW","cas":"107-14-2","formula":"C2H2ClN","isInfrastructureFlow":false,"flowProperties":[{"@type":"FlowPropertyFactor","isRefFlowProperty":true,"flowProperty":{"@type":"FlowProperty","@id":"93a60a56-a3c8-11da-a746-0800200b9a66","name":"Mass","category":"Technical flow properties","refUnit":"kg"},"conversionFactor":1.0}]}