{"@type":"Flow","@id":"2b82af7f-36e3-396a-a10b-b0dbefa673e0","name":"Cyazofamid","description":"From FedElemFlowList_1.0.2. Flow Class: Chemicals. Not a preferred flow.","category":"Elementary flows/emission/water","version":"01.00.002","lastChange":"2020-07-01T17:51:10.657Z","flowType":"ELEMENTARY_FLOW","cas":"120116-88-3","formula":"C13H13ClN4O2S","isInfrastructureFlow":false,"flowProperties":[{"@type":"FlowPropertyFactor","isRefFlowProperty":true,"flowProperty":{"@type":"FlowProperty","@id":"93a60a56-a3c8-11da-a746-0800200b9a66","name":"Mass","category":"Technical flow properties","refUnit":"kg"},"conversionFactor":1.0}]}