{"@type":"Flow","@id":"2be3e5dd-74cd-3a35-a27a-105c02e54c25","name":"3-Chloro-2-methyl-1-propene","description":"From FedElemFlowList_1.0.2. Flow Class: Chemicals. Not a preferred flow.","category":"Elementary flows/emission/air","version":"01.00.002","lastChange":"2020-07-01T17:50:09.981Z","flowType":"ELEMENTARY_FLOW","cas":"563-47-3","formula":"C4H7Cl","isInfrastructureFlow":false,"flowProperties":[{"@type":"FlowPropertyFactor","isRefFlowProperty":true,"flowProperty":{"@type":"FlowProperty","@id":"93a60a56-a3c8-11da-a746-0800200b9a66","name":"Mass","category":"Technical flow properties","refUnit":"kg"},"conversionFactor":1.0}]}