{"@type":"Flow","@id":"2fda9070-a8d8-3316-993e-42179ddaf687","name":"2,4-D isopropyl ester","description":"From FedElemFlowList_1.0.2. Flow Class: Chemicals. Not a preferred flow.","category":"Elementary flows/emission/water","version":"01.00.002","lastChange":"2020-07-01T17:51:29.068Z","flowType":"ELEMENTARY_FLOW","cas":"94-11-1","formula":"C11H12Cl2O3","isInfrastructureFlow":false,"flowProperties":[{"@type":"FlowPropertyFactor","isRefFlowProperty":true,"flowProperty":{"@type":"FlowProperty","@id":"93a60a56-a3c8-11da-a746-0800200b9a66","name":"Mass","category":"Technical flow properties","refUnit":"kg"},"conversionFactor":1.0}]}