{"@type":"Flow","@id":"33e76b18-4f77-3222-b816-4b1f6796aa06","name":"Sulfosulfuron","description":"From FedElemFlowList_1.0.2. Flow Class: Chemicals. Not a preferred flow.","category":"Elementary flows/emission/water","version":"01.00.002","lastChange":"2020-07-01T17:51:13.048Z","flowType":"ELEMENTARY_FLOW","cas":"141776-32-1","formula":"C16H18N6O7S2","isInfrastructureFlow":false,"flowProperties":[{"@type":"FlowPropertyFactor","isRefFlowProperty":true,"flowProperty":{"@type":"FlowProperty","@id":"93a60a56-a3c8-11da-a746-0800200b9a66","name":"Mass","category":"Technical flow properties","refUnit":"kg"},"conversionFactor":1.0}]}