{"@type":"Flow","@id":"3679242a-b290-3afc-ad82-598864779ca1","name":"Dimethylcarbamoyl chloride","description":"From FedElemFlowList_1.0.2. Flow Class: Chemicals. Not a preferred flow.","category":"Elementary flows/emission/air","version":"01.00.002","lastChange":"2020-07-01T17:50:14.310Z","flowType":"ELEMENTARY_FLOW","cas":"79-44-7","formula":"C3H6ClNO","isInfrastructureFlow":false,"flowProperties":[{"@type":"FlowPropertyFactor","isRefFlowProperty":true,"flowProperty":{"@type":"FlowProperty","@id":"93a60a56-a3c8-11da-a746-0800200b9a66","name":"Mass","category":"Technical flow properties","refUnit":"kg"},"conversionFactor":1.0}]}