{"@type":"Flow","@id":"44bcd5c8-e1f5-36a6-9b09-92df6b29c8c4","name":"Fludioxonil","description":"From FedElemFlowList_1.0.2. Flow Class: Chemicals. Not a preferred flow.","category":"Elementary flows/emission/water","version":"01.00.002","lastChange":"2020-07-01T17:51:12.057Z","flowType":"ELEMENTARY_FLOW","cas":"131341-86-1","formula":"C12H6F2N2O2","isInfrastructureFlow":false,"flowProperties":[{"@type":"FlowPropertyFactor","isRefFlowProperty":true,"flowProperty":{"@type":"FlowProperty","@id":"93a60a56-a3c8-11da-a746-0800200b9a66","name":"Mass","category":"Technical flow properties","refUnit":"kg"},"conversionFactor":1.0}]}