{"@type":"Flow","@id":"47947db3-5145-38c4-b808-f4dca1fe6768","name":"Tefluthrin","description":"From FedElemFlowList_1.0.2. Flow Class: Chemicals. Not a preferred flow.","category":"Elementary flows/emission/air","version":"01.00.002","lastChange":"2020-07-01T17:50:14.324Z","flowType":"ELEMENTARY_FLOW","cas":"79538-32-2","formula":"C17H14ClF7O2","isInfrastructureFlow":false,"flowProperties":[{"@type":"FlowPropertyFactor","isRefFlowProperty":true,"flowProperty":{"@type":"FlowProperty","@id":"93a60a56-a3c8-11da-a746-0800200b9a66","name":"Mass","category":"Technical flow properties","refUnit":"kg"},"conversionFactor":1.0}]}