{"@type":"Flow","@id":"4a90ef9a-bcb0-3e9d-80da-1a48dfd8ae6f","name":"Hexachlorobutadiene","description":"From FedElemFlowList_1.0.2. Flow Class: Chemicals. Not a preferred flow.","category":"Elementary flows/emission/air","version":"01.00.002","lastChange":"2020-07-01T17:50:15.297Z","flowType":"ELEMENTARY_FLOW","cas":"87-68-3","formula":"C4Cl6","isInfrastructureFlow":false,"flowProperties":[{"@type":"FlowPropertyFactor","isRefFlowProperty":true,"flowProperty":{"@type":"FlowProperty","@id":"93a60a56-a3c8-11da-a746-0800200b9a66","name":"Mass","category":"Technical flow properties","refUnit":"kg"},"conversionFactor":1.0}]}