{"@type":"Flow","@id":"4bbbe12d-e170-31dc-b321-7abca90e41f1","name":"Methamidophos","description":"From FedElemFlowList_1.0.2. Flow Class: Chemicals. Not a preferred flow.","category":"Elementary flows/emission/water","version":"01.00.002","lastChange":"2020-07-01T17:51:07.087Z","flowType":"ELEMENTARY_FLOW","cas":"10265-92-6","formula":"C2H8NO2PS","isInfrastructureFlow":false,"flowProperties":[{"@type":"FlowPropertyFactor","isRefFlowProperty":true,"flowProperty":{"@type":"FlowProperty","@id":"93a60a56-a3c8-11da-a746-0800200b9a66","name":"Mass","category":"Technical flow properties","refUnit":"kg"},"conversionFactor":1.0}]}