{"@type":"Flow","@id":"4e6eb42f-d04e-3e26-b651-e86a17605220","name":"Polychlorinated biphenyls","description":"From FedElemFlowList_1.0.2. Flow Class: Groups. Not a preferred flow.","category":"Elementary flows/emission/water","version":"01.00.002","lastChange":"2020-07-01T17:51:43.646Z","flowType":"ELEMENTARY_FLOW","cas":"1336-36-3","formula":"C12","isInfrastructureFlow":false,"flowProperties":[{"@type":"FlowPropertyFactor","isRefFlowProperty":true,"flowProperty":{"@type":"FlowProperty","@id":"93a60a56-a3c8-11da-a746-0800200b9a66","name":"Mass","category":"Technical flow properties","refUnit":"kg"},"conversionFactor":1.0}]}