{"@type":"Flow","@id":"4ed91035-fffd-367e-a252-f470f825ac7b","name":"Isoxaflutole","description":"From FedElemFlowList_1.0.2. Flow Class: Chemicals. Not a preferred flow.","category":"Elementary flows/emission/water","version":"01.00.002","lastChange":"2020-07-01T17:51:12.984Z","flowType":"ELEMENTARY_FLOW","cas":"141112-29-0","formula":"C15H12F3NO4S","isInfrastructureFlow":false,"flowProperties":[{"@type":"FlowPropertyFactor","isRefFlowProperty":true,"flowProperty":{"@type":"FlowProperty","@id":"93a60a56-a3c8-11da-a746-0800200b9a66","name":"Mass","category":"Technical flow properties","refUnit":"kg"},"conversionFactor":1.0}]}