{"@type":"Flow","@id":"4fa7fcea-3f09-3bf8-8f83-e20fca01e30d","name":"Methyl bromide","description":"From FedElemFlowList_1.0.2. Flow Class: Chemicals. Not a preferred flow.","category":"Elementary flows/emission/water","version":"01.00.002","lastChange":"2020-07-01T17:51:25.116Z","flowType":"ELEMENTARY_FLOW","cas":"74-83-9","formula":"CH3Br","isInfrastructureFlow":false,"flowProperties":[{"@type":"FlowPropertyFactor","isRefFlowProperty":true,"flowProperty":{"@type":"FlowProperty","@id":"93a60a56-a3c8-11da-a746-0800200b9a66","name":"Mass","category":"Technical flow properties","refUnit":"kg"},"conversionFactor":1.0}]}