{"@type":"Flow","@id":"585714c6-eade-3590-b5d9-98565ffdb1ec","name":"Maleic anhydride","description":"From FedElemFlowList_1.0.2. Flow Class: Chemicals. Not a preferred flow.","category":"Elementary flows/emission/air","version":"01.00.002","lastChange":"2020-07-01T17:49:59.862Z","flowType":"ELEMENTARY_FLOW","cas":"108-31-6","formula":"C4H2O3","isInfrastructureFlow":false,"flowProperties":[{"@type":"FlowPropertyFactor","isRefFlowProperty":true,"flowProperty":{"@type":"FlowProperty","@id":"93a60a56-a3c8-11da-a746-0800200b9a66","name":"Mass","category":"Technical flow properties","refUnit":"kg"},"conversionFactor":1.0}]}