{"@type":"Flow","@id":"5d594d04-f8f1-3bed-bb90-d4ea8ea64555","name":"N,N-Dimethylpiperidinium pentaborate","description":"From FedElemFlowList_1.0.2. Flow Class: Chemicals. Not a preferred flow.","category":"Elementary flows/emission/water","version":"01.00.002","lastChange":"2020-07-01T17:51:03.637Z","flowType":"ELEMENTARY_FLOW","cas":"245735-90-4","formula":"C7H20B5NO10","isInfrastructureFlow":false,"flowProperties":[{"@type":"FlowPropertyFactor","isRefFlowProperty":true,"flowProperty":{"@type":"FlowProperty","@id":"93a60a56-a3c8-11da-a746-0800200b9a66","name":"Mass","category":"Technical flow properties","refUnit":"kg"},"conversionFactor":1.0}]}