{"@type":"Flow","@id":"5d68875b-8bc5-392a-bd70-1c161e484c23","name":"Maneb","description":"From FedElemFlowList_1.0.2. Flow Class: Chemicals. Not a preferred flow.","category":"Elementary flows/emission/air","version":"01.00.002","lastChange":"2020-07-01T17:50:02.388Z","flowType":"ELEMENTARY_FLOW","cas":"12427-38-2","formula":"C4H6MnN2S4","isInfrastructureFlow":false,"flowProperties":[{"@type":"FlowPropertyFactor","isRefFlowProperty":true,"flowProperty":{"@type":"FlowProperty","@id":"93a60a56-a3c8-11da-a746-0800200b9a66","name":"Mass","category":"Technical flow properties","refUnit":"kg"},"conversionFactor":1.0}]}