{"@type":"Flow","@id":"63cd74cb-b8e4-35c4-8767-678933bf906f","name":"Sodium dicamba","description":"From FedElemFlowList_1.0.2. Flow Class: Chemicals. Not a preferred flow.","category":"Elementary flows/emission/air","version":"01.00.002","lastChange":"2020-07-01T17:50:05.248Z","flowType":"ELEMENTARY_FLOW","cas":"1982-69-0","formula":"C8H5Cl2NaO3","isInfrastructureFlow":false,"flowProperties":[{"@type":"FlowPropertyFactor","isRefFlowProperty":true,"flowProperty":{"@type":"FlowProperty","@id":"93a60a56-a3c8-11da-a746-0800200b9a66","name":"Mass","category":"Technical flow properties","refUnit":"kg"},"conversionFactor":1.0}]}