{"@type":"Flow","@id":"669f7d0b-2af8-37b4-91d2-c4d7eb822b24","name":"Molybdenum(VI)","description":"From FedElemFlowList_1.0.2. Flow Class: Chemicals. Not a preferred flow.","category":"Elementary flows/emission/air","version":"01.00.002","lastChange":"2020-07-01T17:49:55.739Z","flowType":"ELEMENTARY_FLOW","cas":"16065-87-5","formula":"Mo","isInfrastructureFlow":false,"flowProperties":[{"@type":"FlowPropertyFactor","isRefFlowProperty":true,"flowProperty":{"@type":"FlowProperty","@id":"93a60a56-a3c8-11da-a746-0800200b9a66","name":"Mass","category":"Technical flow properties","refUnit":"kg"},"conversionFactor":1.0}]}