{"@type":"Flow","@id":"6c089b79-3073-3471-b405-b1ae46486ff2","name":"Thiophanate-methyl","description":"From FedElemFlowList_1.0.2. Flow Class: Chemicals. Not a preferred flow.","category":"Elementary flows/emission/water","version":"01.00.002","lastChange":"2020-07-01T17:51:15.930Z","flowType":"ELEMENTARY_FLOW","cas":"23564-05-8","formula":"C12H14N4O4S2","isInfrastructureFlow":false,"flowProperties":[{"@type":"FlowPropertyFactor","isRefFlowProperty":true,"flowProperty":{"@type":"FlowProperty","@id":"93a60a56-a3c8-11da-a746-0800200b9a66","name":"Mass","category":"Technical flow properties","refUnit":"kg"},"conversionFactor":1.0}]}