{"@type":"Flow","@id":"6c430c9a-3d33-3c4b-a0c1-755ffe50e95f","name":"Diglycidyl resorcinol ether","description":"From FedElemFlowList_1.0.2. Flow Class: Chemicals. Not a preferred flow.","category":"Elementary flows/emission/air","version":"01.00.002","lastChange":"2020-07-01T17:49:58.827Z","flowType":"ELEMENTARY_FLOW","cas":"101-90-6","formula":"C12H14O4","isInfrastructureFlow":false,"flowProperties":[{"@type":"FlowPropertyFactor","isRefFlowProperty":true,"flowProperty":{"@type":"FlowProperty","@id":"93a60a56-a3c8-11da-a746-0800200b9a66","name":"Mass","category":"Technical flow properties","refUnit":"kg"},"conversionFactor":1.0}]}