{"@type":"Flow","@id":"71e5ba1a-bebe-3c1b-97cf-e03c55a172c9","name":"Flufenacet","description":"From FedElemFlowList_1.0.2. Flow Class: Chemicals. Not a preferred flow.","category":"Elementary flows/emission/air","version":"01.00.002","lastChange":"2020-07-01T17:50:03.823Z","flowType":"ELEMENTARY_FLOW","cas":"142459-58-3","formula":"C14H13F4N3O2S","isInfrastructureFlow":false,"flowProperties":[{"@type":"FlowPropertyFactor","isRefFlowProperty":true,"flowProperty":{"@type":"FlowProperty","@id":"93a60a56-a3c8-11da-a746-0800200b9a66","name":"Mass","category":"Technical flow properties","refUnit":"kg"},"conversionFactor":1.0}]}