{"@type":"Flow","@id":"720aca67-3c22-3c05-8370-328f2e6a0a40","name":"2,4-Dichlorophenol","description":"From FedElemFlowList_1.0.2. Flow Class: Chemicals. Not a preferred flow.","category":"Elementary flows/emission/ground","version":"01.00.002","lastChange":"2020-07-01T17:50:38.180Z","flowType":"ELEMENTARY_FLOW","cas":"120-83-2","formula":"C6H4Cl2O","isInfrastructureFlow":false,"flowProperties":[{"@type":"FlowPropertyFactor","isRefFlowProperty":true,"flowProperty":{"@type":"FlowProperty","@id":"93a60a56-a3c8-11da-a746-0800200b9a66","name":"Mass","category":"Technical flow properties","refUnit":"kg"},"conversionFactor":1.0}]}