{"@type":"Flow","@id":"7ea7cf84-83b4-3242-9f08-0bbaf6d16436","name":"Di-n-octyl phthalate","description":"From FedElemFlowList_1.0.2. Flow Class: Chemicals. Not a preferred flow.","category":"Elementary flows/emission/air","version":"01.00.002","lastChange":"2020-07-01T17:50:01.494Z","flowType":"ELEMENTARY_FLOW","cas":"117-84-0","formula":"C24H38O4","isInfrastructureFlow":false,"flowProperties":[{"@type":"FlowPropertyFactor","isRefFlowProperty":true,"flowProperty":{"@type":"FlowProperty","@id":"93a60a56-a3c8-11da-a746-0800200b9a66","name":"Mass","category":"Technical flow properties","refUnit":"kg"},"conversionFactor":1.0}]}