{"@type":"Flow","@id":"7ecc7d81-b7eb-3f49-93ea-415f96eb08cb","name":"Dinoseb","description":"From FedElemFlowList_1.0.2. Flow Class: Chemicals. Not a preferred flow.","category":"Elementary flows/emission/water","version":"01.00.002","lastChange":"2020-07-01T17:51:28.144Z","flowType":"ELEMENTARY_FLOW","cas":"88-85-7","formula":"C10H12N2O5","isInfrastructureFlow":false,"flowProperties":[{"@type":"FlowPropertyFactor","isRefFlowProperty":true,"flowProperty":{"@type":"FlowProperty","@id":"93a60a56-a3c8-11da-a746-0800200b9a66","name":"Mass","category":"Technical flow properties","refUnit":"kg"},"conversionFactor":1.0}]}