{"@type":"Flow","@id":"862cb093-c10a-3535-8ecd-06d26f013bb6","name":"2,4-D isopropylamine salt","description":"From FedElemFlowList_1.0.2. Flow Class: Chemicals. Not a preferred flow.","category":"Elementary flows/emission/water","version":"01.00.002","lastChange":"2020-07-01T17:51:21.556Z","flowType":"ELEMENTARY_FLOW","cas":"5742-17-6","formula":"C11H15Cl2NO3","isInfrastructureFlow":false,"flowProperties":[{"@type":"FlowPropertyFactor","isRefFlowProperty":true,"flowProperty":{"@type":"FlowProperty","@id":"93a60a56-a3c8-11da-a746-0800200b9a66","name":"Mass","category":"Technical flow properties","refUnit":"kg"},"conversionFactor":1.0}]}