{"@type":"Flow","@id":"8a347c87-b60d-31f5-a542-7e778a8d93f2","name":"Fluroxypyr-meptyl","description":"From FedElemFlowList_1.0.2. Flow Class: Chemicals. Not a preferred flow.","category":"Elementary flows/emission/water","version":"01.00.002","lastChange":"2020-07-01T17:51:27.009Z","flowType":"ELEMENTARY_FLOW","cas":"81406-37-3","formula":"C15H21Cl2FN2O3","isInfrastructureFlow":false,"flowProperties":[{"@type":"FlowPropertyFactor","isRefFlowProperty":true,"flowProperty":{"@type":"FlowProperty","@id":"93a60a56-a3c8-11da-a746-0800200b9a66","name":"Mass","category":"Technical flow properties","refUnit":"kg"},"conversionFactor":1.0}]}