{"@type":"Flow","@id":"8c5dbae3-e1b3-3c73-a84b-ca846f3bee35","name":"Clodinafop-propargyl","description":"From FedElemFlowList_1.0.2. Flow Class: Chemicals. Not a preferred flow.","category":"Elementary flows/emission/water","version":"01.00.002","lastChange":"2020-07-01T17:51:02.697Z","flowType":"ELEMENTARY_FLOW","cas":"105512-06-9","formula":"C17H13ClFNO4","isInfrastructureFlow":false,"flowProperties":[{"@type":"FlowPropertyFactor","isRefFlowProperty":true,"flowProperty":{"@type":"FlowProperty","@id":"93a60a56-a3c8-11da-a746-0800200b9a66","name":"Mass","category":"Technical flow properties","refUnit":"kg"},"conversionFactor":1.0}]}