{"@type":"Flow","@id":"8debec21-66b0-34f3-ab5d-c794a85f33ef","name":"3-Iodo-2-propynyl butylcarbamate","description":"From FedElemFlowList_1.0.2. Flow Class: Chemicals. Not a preferred flow.","category":"Elementary flows/emission/ground","version":"01.00.002","lastChange":"2020-07-01T17:50:46.946Z","flowType":"ELEMENTARY_FLOW","cas":"55406-53-6","formula":"C8H12INO2","isInfrastructureFlow":false,"flowProperties":[{"@type":"FlowPropertyFactor","isRefFlowProperty":true,"flowProperty":{"@type":"FlowProperty","@id":"93a60a56-a3c8-11da-a746-0800200b9a66","name":"Mass","category":"Technical flow properties","refUnit":"kg"},"conversionFactor":1.0}]}