{"@type":"Flow","@id":"8ec9ce88-ab78-3156-9676-0f1bd8d0441b","name":"Indoxacarb","description":"From FedElemFlowList_1.0.2. Flow Class: Chemicals. Not a preferred flow.","category":"Elementary flows/emission/air","version":"01.00.002","lastChange":"2020-07-01T17:50:04.764Z","flowType":"ELEMENTARY_FLOW","cas":"173584-44-6","formula":"C22H17ClF3N3O7","isInfrastructureFlow":false,"flowProperties":[{"@type":"FlowPropertyFactor","isRefFlowProperty":true,"flowProperty":{"@type":"FlowProperty","@id":"93a60a56-a3c8-11da-a746-0800200b9a66","name":"Mass","category":"Technical flow properties","refUnit":"kg"},"conversionFactor":1.0}]}