{"@type":"Flow","@id":"8ed90feb-2908-3a4e-bd4a-2fd3ca04580e","name":"Triclopyr-triethylammonium","description":"From FedElemFlowList_1.0.2. Flow Class: Chemicals. Not a preferred flow.","category":"Elementary flows/emission/water","version":"01.00.002","lastChange":"2020-07-01T17:51:21.485Z","flowType":"ELEMENTARY_FLOW","cas":"57213-69-1","formula":"C13H19Cl3N2O3","isInfrastructureFlow":false,"flowProperties":[{"@type":"FlowPropertyFactor","isRefFlowProperty":true,"flowProperty":{"@type":"FlowProperty","@id":"93a60a56-a3c8-11da-a746-0800200b9a66","name":"Mass","category":"Technical flow properties","refUnit":"kg"},"conversionFactor":1.0}]}