{"@type":"Flow","@id":"925015fa-0a4c-3ff3-a38d-fcb78cd10294","name":"2-Mercaptobenzothiazole","description":"From FedElemFlowList_1.0.2. Flow Class: Chemicals. Not a preferred flow.","category":"Elementary flows/emission/water","version":"01.00.002","lastChange":"2020-07-01T17:51:13.608Z","flowType":"ELEMENTARY_FLOW","cas":"149-30-4","formula":"C7H5NS2","isInfrastructureFlow":false,"flowProperties":[{"@type":"FlowPropertyFactor","isRefFlowProperty":true,"flowProperty":{"@type":"FlowProperty","@id":"93a60a56-a3c8-11da-a746-0800200b9a66","name":"Mass","category":"Technical flow properties","refUnit":"kg"},"conversionFactor":1.0}]}