{"@type":"Flow","@id":"993a81d2-10c6-390b-b2bd-899c5fed247f","name":"Pseudomonas fluorescens","description":"From FedElemFlowList_1.0.2. Flow Class: Biological. Not a preferred flow.","category":"Elementary flows/emission/water","version":"01.00.002","lastChange":"2020-07-01T17:49:55.307Z","flowType":"ELEMENTARY_FLOW","cas":"68332-93-4","isInfrastructureFlow":false,"flowProperties":[{"@type":"FlowPropertyFactor","isRefFlowProperty":true,"flowProperty":{"@type":"FlowProperty","@id":"93a60a56-a3c8-11da-a746-0800200b9a66","name":"Mass","category":"Technical flow properties","refUnit":"kg"},"conversionFactor":1.0}]}