{"@type":"Flow","@id":"99ae18c9-882c-32cf-a6a7-e5f563cb9e0c","name":"Potassium dimethyldithiocarbamate","description":"From FedElemFlowList_1.0.2. Flow Class: Chemicals. Not a preferred flow.","category":"Elementary flows/emission/air","version":"01.00.002","lastChange":"2020-07-01T17:50:02.758Z","flowType":"ELEMENTARY_FLOW","cas":"128-03-0","formula":"C3H6KNS2","isInfrastructureFlow":false,"flowProperties":[{"@type":"FlowPropertyFactor","isRefFlowProperty":true,"flowProperty":{"@type":"FlowProperty","@id":"93a60a56-a3c8-11da-a746-0800200b9a66","name":"Mass","category":"Technical flow properties","refUnit":"kg"},"conversionFactor":1.0}]}