{"@type":"Flow","@id":"a11778f7-5d7c-3de1-9b26-4555a0985ef1","name":"N-Nitrosodi-n-propylamine","description":"From FedElemFlowList_1.0.2. Flow Class: Chemicals. Not a preferred flow.","category":"Elementary flows/emission/air","version":"01.00.002","lastChange":"2020-07-01T17:50:11.577Z","flowType":"ELEMENTARY_FLOW","cas":"621-64-7","formula":"C6H14N2O","isInfrastructureFlow":false,"flowProperties":[{"@type":"FlowPropertyFactor","isRefFlowProperty":true,"flowProperty":{"@type":"FlowProperty","@id":"93a60a56-a3c8-11da-a746-0800200b9a66","name":"Mass","category":"Technical flow properties","refUnit":"kg"},"conversionFactor":1.0}]}