{"@type":"Flow","@id":"a182c6e7-b29f-3464-97a5-6551c6e57b61","name":"Fenpyroximate","description":"From FedElemFlowList_1.0.2. Flow Class: Chemicals. Not a preferred flow.","category":"Elementary flows/emission/water","version":"01.00.002","lastChange":"2020-07-01T17:51:12.365Z","flowType":"ELEMENTARY_FLOW","cas":"134098-61-6","formula":"C24H27N3O4","isInfrastructureFlow":false,"flowProperties":[{"@type":"FlowPropertyFactor","isRefFlowProperty":true,"flowProperty":{"@type":"FlowProperty","@id":"93a60a56-a3c8-11da-a746-0800200b9a66","name":"Mass","category":"Technical flow properties","refUnit":"kg"},"conversionFactor":1.0}]}