{"@type":"Flow","@id":"a1c419d5-9ecc-3c3a-b5f2-372350255e98","name":"Mandipropamid","description":"From FedElemFlowList_1.0.2. Flow Class: Chemicals. Not a preferred flow.","category":"Elementary flows/emission/water","version":"01.00.002","lastChange":"2020-07-01T17:51:04.203Z","flowType":"ELEMENTARY_FLOW","cas":"374726-62-2","formula":"C23H22ClNO4","isInfrastructureFlow":false,"flowProperties":[{"@type":"FlowPropertyFactor","isRefFlowProperty":true,"flowProperty":{"@type":"FlowProperty","@id":"93a60a56-a3c8-11da-a746-0800200b9a66","name":"Mass","category":"Technical flow properties","refUnit":"kg"},"conversionFactor":1.0}]}