{"@type":"Flow","@id":"a26a0c61-89f0-3417-889d-f0ad3349d8c1","name":"Bromoxynil heptanoate","description":"From FedElemFlowList_1.0.2. Flow Class: Chemicals. Not a preferred flow.","category":"Elementary flows/emission/air","version":"01.00.002","lastChange":"2020-07-01T17:50:10.058Z","flowType":"ELEMENTARY_FLOW","cas":"56634-95-8","formula":"C14H15Br2NO2","isInfrastructureFlow":false,"flowProperties":[{"@type":"FlowPropertyFactor","isRefFlowProperty":true,"flowProperty":{"@type":"FlowProperty","@id":"93a60a56-a3c8-11da-a746-0800200b9a66","name":"Mass","category":"Technical flow properties","refUnit":"kg"},"conversionFactor":1.0}]}