{"@type":"Flow","@id":"a3b3eac2-0e7f-3fc0-9c48-7062691067c6","name":"Forchlorfenuron","description":"From FedElemFlowList_1.0.2. Flow Class: Chemicals. Not a preferred flow.","category":"Elementary flows/emission/air","version":"01.00.002","lastChange":"2020-07-01T17:50:12.456Z","flowType":"ELEMENTARY_FLOW","cas":"68157-60-8","formula":"C12H10ClN3O","isInfrastructureFlow":false,"flowProperties":[{"@type":"FlowPropertyFactor","isRefFlowProperty":true,"flowProperty":{"@type":"FlowProperty","@id":"93a60a56-a3c8-11da-a746-0800200b9a66","name":"Mass","category":"Technical flow properties","refUnit":"kg"},"conversionFactor":1.0}]}