{"@type":"Flow","@id":"a4e92cab-7a2e-38ea-9f91-1ab868d4ea30","name":"Naled","description":"From FedElemFlowList_1.0.2. Flow Class: Chemicals. Not a preferred flow.","category":"Elementary flows/emission/water","version":"01.00.002","lastChange":"2020-07-01T17:51:17.712Z","flowType":"ELEMENTARY_FLOW","cas":"300-76-5","formula":"C4H7Br2Cl2O4P","isInfrastructureFlow":false,"flowProperties":[{"@type":"FlowPropertyFactor","isRefFlowProperty":true,"flowProperty":{"@type":"FlowProperty","@id":"93a60a56-a3c8-11da-a746-0800200b9a66","name":"Mass","category":"Technical flow properties","refUnit":"kg"},"conversionFactor":1.0}]}