{"@type":"Flow","@id":"a6425a6c-8b40-3c24-ba85-6f644be1c2c1","name":"Thifensulfuron","description":"From FedElemFlowList_1.0.2. Flow Class: Chemicals. Not a preferred flow.","category":"Elementary flows/emission/air","version":"01.00.002","lastChange":"2020-07-01T17:49:57.817Z","flowType":"ELEMENTARY_FLOW","cas":"79277-67-1","formula":"C11H11N5O6S2","isInfrastructureFlow":false,"flowProperties":[{"@type":"FlowPropertyFactor","isRefFlowProperty":true,"flowProperty":{"@type":"FlowProperty","@id":"93a60a56-a3c8-11da-a746-0800200b9a66","name":"Mass","category":"Technical flow properties","refUnit":"kg"},"conversionFactor":1.0}]}