{"@type":"Flow","@id":"a67fa540-b7e2-3416-b8ff-ba472210178f","name":"Fluopicolide","description":"From FedElemFlowList_1.0.2. Flow Class: Chemicals. Not a preferred flow.","category":"Elementary flows/emission/water","version":"01.00.002","lastChange":"2020-07-01T17:51:03.591Z","flowType":"ELEMENTARY_FLOW","cas":"239110-15-7","formula":"C14H8Cl3F3N2O","isInfrastructureFlow":false,"flowProperties":[{"@type":"FlowPropertyFactor","isRefFlowProperty":true,"flowProperty":{"@type":"FlowProperty","@id":"93a60a56-a3c8-11da-a746-0800200b9a66","name":"Mass","category":"Technical flow properties","refUnit":"kg"},"conversionFactor":1.0}]}