{"@type":"Flow","@id":"adb187fe-d527-3d13-92f3-9284118ac89f","name":"Oxyfluorfen","description":"From FedElemFlowList_1.0.2. Flow Class: Chemicals. Not a preferred flow.","category":"Elementary flows/emission/air","version":"01.00.002","lastChange":"2020-07-01T17:50:08.266Z","flowType":"ELEMENTARY_FLOW","cas":"42874-03-3","formula":"C15H11ClF3NO4","isInfrastructureFlow":false,"flowProperties":[{"@type":"FlowPropertyFactor","isRefFlowProperty":true,"flowProperty":{"@type":"FlowProperty","@id":"93a60a56-a3c8-11da-a746-0800200b9a66","name":"Mass","category":"Technical flow properties","refUnit":"kg"},"conversionFactor":1.0}]}