{"@type":"Flow","@id":"ae604834-c49a-3ebb-b15b-06e6e89e427e","name":"Natural gas","description":"From FedElemFlowList_1.0.2. Flow Class: Geological. Not a preferred flow.","category":"Elementary flows/resource/air","version":"01.00.002","lastChange":"2020-07-01T17:51:41.020Z","flowType":"ELEMENTARY_FLOW","cas":"8006-61-9","isInfrastructureFlow":false,"flowProperties":[{"@type":"FlowPropertyFactor","isRefFlowProperty":true,"flowProperty":{"@type":"FlowProperty","@id":"f6811440-ee37-11de-8a39-0800200c9a66","name":"Energy","category":"Technical flow properties","refUnit":"MJ"},"conversionFactor":1.0},{"@type":"FlowPropertyFactor","flowProperty":{"@type":"FlowProperty","@id":"93a60a56-a3c8-22da-a746-0800200c9a66","name":"Volume","category":"Technical flow properties","refUnit":"m3"},"conversionFactor":0.026000000000000002},{"@type":"FlowPropertyFactor","flowProperty":{"@type":"FlowProperty","@id":"93a60a56-a3c8-11da-a746-0800200b9a66","name":"Mass","category":"Technical flow properties","refUnit":"kg"},"conversionFactor":0.0191}]}