{"@type":"Flow","@id":"aed98149-6500-3a5a-87bc-55e3b151ef7d","name":"Chlorthal-dimethyl","description":"From FedElemFlowList_1.0.2. Flow Class: Chemicals. Not a preferred flow.","category":"Elementary flows/emission/air","version":"01.00.002","lastChange":"2020-07-01T17:50:04.995Z","flowType":"ELEMENTARY_FLOW","cas":"1861-32-1","formula":"C10H6Cl4O4","isInfrastructureFlow":false,"flowProperties":[{"@type":"FlowPropertyFactor","isRefFlowProperty":true,"flowProperty":{"@type":"FlowProperty","@id":"93a60a56-a3c8-11da-a746-0800200b9a66","name":"Mass","category":"Technical flow properties","refUnit":"kg"},"conversionFactor":1.0}]}