{"@type":"Flow","@id":"b12fd77c-f1eb-3a0f-b77e-7c67c3e15cdd","name":"Toluene-2,6-diisocyanate","description":"From FedElemFlowList_1.0.2. Flow Class: Chemicals. Not a preferred flow.","category":"Elementary flows/emission/ground","version":"01.00.002","lastChange":"2020-07-01T17:50:56.225Z","flowType":"ELEMENTARY_FLOW","cas":"91-08-7","formula":"C9H6N2O2","isInfrastructureFlow":false,"flowProperties":[{"@type":"FlowPropertyFactor","isRefFlowProperty":true,"flowProperty":{"@type":"FlowProperty","@id":"93a60a56-a3c8-11da-a746-0800200b9a66","name":"Mass","category":"Technical flow properties","refUnit":"kg"},"conversionFactor":1.0}]}