{"@type":"Flow","@id":"b1e2765b-cddb-3f36-8863-01955d7216db","name":"1-Naphthaleneacetamide","description":"From FedElemFlowList_1.0.2. Flow Class: Chemicals. Not a preferred flow.","category":"Elementary flows/emission/water","version":"01.00.002","lastChange":"2020-07-01T17:51:27.717Z","flowType":"ELEMENTARY_FLOW","cas":"86-86-2","formula":"C12H11NO","isInfrastructureFlow":false,"flowProperties":[{"@type":"FlowPropertyFactor","isRefFlowProperty":true,"flowProperty":{"@type":"FlowProperty","@id":"93a60a56-a3c8-11da-a746-0800200b9a66","name":"Mass","category":"Technical flow properties","refUnit":"kg"},"conversionFactor":1.0}]}