{"@type":"Flow","@id":"b265308f-4873-39a8-8566-1c70206ce817","name":"Toluenediamine","description":"From FedElemFlowList_1.0.2. Flow Class: Groups. Not a preferred flow.","category":"Elementary flows/emission/air","version":"01.00.002","lastChange":"2020-07-01T17:51:42.210Z","flowType":"ELEMENTARY_FLOW","cas":"25376-45-8","isInfrastructureFlow":false,"flowProperties":[{"@type":"FlowPropertyFactor","isRefFlowProperty":true,"flowProperty":{"@type":"FlowProperty","@id":"93a60a56-a3c8-11da-a746-0800200b9a66","name":"Mass","category":"Technical flow properties","refUnit":"kg"},"conversionFactor":1.0}]}