{"@type":"Flow","@id":"b3da2f91-8ad7-3ce4-a35f-2363dce86d25","name":"Pinoxaden","description":"From FedElemFlowList_1.0.2. Flow Class: Chemicals. Not a preferred flow.","category":"Elementary flows/emission/air","version":"01.00.002","lastChange":"2020-07-01T17:49:56.110Z","flowType":"ELEMENTARY_FLOW","cas":"243973-20-8","formula":"C23H32N2O4","isInfrastructureFlow":false,"flowProperties":[{"@type":"FlowPropertyFactor","isRefFlowProperty":true,"flowProperty":{"@type":"FlowProperty","@id":"93a60a56-a3c8-11da-a746-0800200b9a66","name":"Mass","category":"Technical flow properties","refUnit":"kg"},"conversionFactor":1.0}]}