{"@type":"Flow","@id":"b5ebd9cd-e40e-3843-babe-dfca9eec2b8b","name":"Cyhalofop-butyl","description":"From FedElemFlowList_1.0.2. Flow Class: Chemicals. Not a preferred flow.","category":"Elementary flows/emission/water","version":"01.00.002","lastChange":"2020-07-01T17:51:11.042Z","flowType":"ELEMENTARY_FLOW","cas":"122008-85-9","formula":"C20H20FNO4","isInfrastructureFlow":false,"flowProperties":[{"@type":"FlowPropertyFactor","isRefFlowProperty":true,"flowProperty":{"@type":"FlowProperty","@id":"93a60a56-a3c8-11da-a746-0800200b9a66","name":"Mass","category":"Technical flow properties","refUnit":"kg"},"conversionFactor":1.0}]}