{"@type":"Flow","@id":"b6d9bcfb-e1f1-3a0f-911c-e3f864a791f4","name":"Bentazon","description":"From FedElemFlowList_1.0.2. Flow Class: Chemicals. Not a preferred flow.","category":"Elementary flows/emission/water","version":"01.00.002","lastChange":"2020-07-01T17:51:16.397Z","flowType":"ELEMENTARY_FLOW","cas":"25057-89-0","formula":"C10H12N2O3S","isInfrastructureFlow":false,"flowProperties":[{"@type":"FlowPropertyFactor","isRefFlowProperty":true,"flowProperty":{"@type":"FlowProperty","@id":"93a60a56-a3c8-11da-a746-0800200b9a66","name":"Mass","category":"Technical flow properties","refUnit":"kg"},"conversionFactor":1.0}]}