{"@type":"Flow","@id":"b7e3bbe6-99aa-32fc-b0a4-7d38e754b55d","name":"Azoxystrobin","description":"From FedElemFlowList_1.0.2. Flow Class: Chemicals. Not a preferred flow.","category":"Elementary flows/emission/air","version":"01.00.002","lastChange":"2020-07-01T17:50:02.984Z","flowType":"ELEMENTARY_FLOW","cas":"131860-33-8","formula":"C22H17N3O5","isInfrastructureFlow":false,"flowProperties":[{"@type":"FlowPropertyFactor","isRefFlowProperty":true,"flowProperty":{"@type":"FlowProperty","@id":"93a60a56-a3c8-11da-a746-0800200b9a66","name":"Mass","category":"Technical flow properties","refUnit":"kg"},"conversionFactor":1.0}]}