{"@type":"Flow","@id":"b7e51d91-0ae6-3d62-9369-39e65d8a516c","name":"5-Fluorouracil","description":"From FedElemFlowList_1.0.2. Flow Class: Chemicals. Not a preferred flow.","category":"Elementary flows/emission/ground","version":"01.00.002","lastChange":"2020-07-01T17:50:46.046Z","flowType":"ELEMENTARY_FLOW","cas":"51-21-8","formula":"C4H3FN2O2","isInfrastructureFlow":false,"flowProperties":[{"@type":"FlowPropertyFactor","isRefFlowProperty":true,"flowProperty":{"@type":"FlowProperty","@id":"93a60a56-a3c8-11da-a746-0800200b9a66","name":"Mass","category":"Technical flow properties","refUnit":"kg"},"conversionFactor":1.0}]}