{"@type":"Flow","@id":"b9577179-102c-3a4e-9804-33890a2e104e","name":"Propylene oxide","description":"From FedElemFlowList_1.0.2. Flow Class: Chemicals. Not a preferred flow.","category":"Elementary flows/emission/ground","version":"01.00.002","lastChange":"2020-07-01T17:50:50.852Z","flowType":"ELEMENTARY_FLOW","cas":"75-56-9","formula":"C3H6O","isInfrastructureFlow":false,"flowProperties":[{"@type":"FlowPropertyFactor","isRefFlowProperty":true,"flowProperty":{"@type":"FlowProperty","@id":"93a60a56-a3c8-11da-a746-0800200b9a66","name":"Mass","category":"Technical flow properties","refUnit":"kg"},"conversionFactor":1.0}]}