{"@type":"Flow","@id":"bb693d36-226b-38f9-b409-a1cba9a33d5b","name":"3-Iodo-2-propynyl butylcarbamate","description":"From FedElemFlowList_1.0.2. Flow Class: Chemicals. Not a preferred flow.","category":"Elementary flows/emission/air","version":"01.00.002","lastChange":"2020-07-01T17:50:09.756Z","flowType":"ELEMENTARY_FLOW","cas":"55406-53-6","formula":"C8H12INO2","isInfrastructureFlow":false,"flowProperties":[{"@type":"FlowPropertyFactor","isRefFlowProperty":true,"flowProperty":{"@type":"FlowProperty","@id":"93a60a56-a3c8-11da-a746-0800200b9a66","name":"Mass","category":"Technical flow properties","refUnit":"kg"},"conversionFactor":1.0}]}