{"@type":"Flow","@id":"bc172fc7-2f1c-34f1-b9ba-fd0d2ff8632d","name":"Nicotine","description":"From FedElemFlowList_1.0.2. Flow Class: Chemicals. Not a preferred flow.","category":"Elementary flows/emission/air","version":"01.00.002","lastChange":"2020-07-01T17:50:09.509Z","flowType":"ELEMENTARY_FLOW","cas":"54-11-5","formula":"C10H14N2","isInfrastructureFlow":false,"flowProperties":[{"@type":"FlowPropertyFactor","isRefFlowProperty":true,"flowProperty":{"@type":"FlowProperty","@id":"93a60a56-a3c8-11da-a746-0800200b9a66","name":"Mass","category":"Technical flow properties","refUnit":"kg"},"conversionFactor":1.0}]}