{"@type":"Flow","@id":"bc5fb7f9-280e-3888-9d3c-2cc000809dce","name":"Hydrofluoric acid","description":"From FedElemFlowList_1.0.2. Flow Class: Chemicals. Not a preferred flow.","category":"Elementary flows/emission/ground","version":"01.00.002","lastChange":"2020-07-01T17:50:51.169Z","flowType":"ELEMENTARY_FLOW","cas":"7664-39-3","formula":"FH","isInfrastructureFlow":false,"flowProperties":[{"@type":"FlowPropertyFactor","isRefFlowProperty":true,"flowProperty":{"@type":"FlowProperty","@id":"93a60a56-a3c8-11da-a746-0800200b9a66","name":"Mass","category":"Technical flow properties","refUnit":"kg"},"conversionFactor":1.0}]}