{"@type":"Flow","@id":"bd859fae-46e2-35d9-978e-16c57a3e5b28","name":"(Z)-8-Dodecen-1-ol acetate","description":"From FedElemFlowList_1.0.2. Flow Class: Chemicals. Not a preferred flow.","category":"Elementary flows/emission/air","version":"01.00.002","lastChange":"2020-07-01T17:50:27.551Z","flowType":"ELEMENTARY_FLOW","cas":"28079-04-1","formula":"C14H26O2","isInfrastructureFlow":false,"flowProperties":[{"@type":"FlowPropertyFactor","isRefFlowProperty":true,"flowProperty":{"@type":"FlowProperty","@id":"93a60a56-a3c8-11da-a746-0800200b9a66","name":"Mass","category":"Technical flow properties","refUnit":"kg"},"conversionFactor":1.0}]}