{"@type":"Flow","@id":"c0f64332-ef0e-377c-9685-23ea4c9d9511","name":"Iprodione","description":"From FedElemFlowList_1.0.2. Flow Class: Chemicals. Not a preferred flow.","category":"Elementary flows/emission/air","version":"01.00.002","lastChange":"2020-07-01T17:50:07.809Z","flowType":"ELEMENTARY_FLOW","cas":"36734-19-7","formula":"C13H13Cl2N3O3","isInfrastructureFlow":false,"flowProperties":[{"@type":"FlowPropertyFactor","isRefFlowProperty":true,"flowProperty":{"@type":"FlowProperty","@id":"93a60a56-a3c8-11da-a746-0800200b9a66","name":"Mass","category":"Technical flow properties","refUnit":"kg"},"conversionFactor":1.0}]}