{"@type":"Flow","@id":"ca2a48c6-8162-379c-bbd2-b64ec50c4ed9","name":"Glufosinate-ammonium","description":"From FedElemFlowList_1.0.2. Flow Class: Chemicals. Not a preferred flow.","category":"Elementary flows/emission/air","version":"01.00.002","lastChange":"2020-07-01T17:50:13.782Z","flowType":"ELEMENTARY_FLOW","cas":"77182-82-2","formula":"C5H15N2O4P","isInfrastructureFlow":false,"flowProperties":[{"@type":"FlowPropertyFactor","isRefFlowProperty":true,"flowProperty":{"@type":"FlowProperty","@id":"93a60a56-a3c8-11da-a746-0800200b9a66","name":"Mass","category":"Technical flow properties","refUnit":"kg"},"conversionFactor":1.0}]}