{"@type":"Flow","@id":"cdb0c02f-79dd-37a3-a4d9-1c5a724b918c","name":"Phenothrin","description":"From FedElemFlowList_1.0.2. Flow Class: Chemicals. Not a preferred flow.","category":"Elementary flows/emission/air","version":"01.00.002","lastChange":"2020-07-01T17:50:06.490Z","flowType":"ELEMENTARY_FLOW","cas":"26002-80-2","formula":"C23H26O3","isInfrastructureFlow":false,"flowProperties":[{"@type":"FlowPropertyFactor","isRefFlowProperty":true,"flowProperty":{"@type":"FlowProperty","@id":"93a60a56-a3c8-11da-a746-0800200b9a66","name":"Mass","category":"Technical flow properties","refUnit":"kg"},"conversionFactor":1.0}]}