{"@type":"Flow","@id":"d12fbeb9-f28b-3d38-ba3f-bc52f461220c","name":"Quizalofop-P-ethyl","description":"From FedElemFlowList_1.0.2. Flow Class: Chemicals. Not a preferred flow.","category":"Elementary flows/emission/air","version":"01.00.002","lastChange":"2020-07-01T17:49:58.605Z","flowType":"ELEMENTARY_FLOW","cas":"100646-51-3","formula":"C19H17ClN2O4","isInfrastructureFlow":false,"flowProperties":[{"@type":"FlowPropertyFactor","isRefFlowProperty":true,"flowProperty":{"@type":"FlowProperty","@id":"93a60a56-a3c8-11da-a746-0800200b9a66","name":"Mass","category":"Technical flow properties","refUnit":"kg"},"conversionFactor":1.0}]}