{"@type":"Flow","@id":"d1bf18ca-6a7e-3aac-9441-fe68feef1f0c","name":"Quinclorac","description":"From FedElemFlowList_1.0.2. Flow Class: Chemicals. Not a preferred flow.","category":"Elementary flows/emission/air","version":"01.00.002","lastChange":"2020-07-01T17:50:14.923Z","flowType":"ELEMENTARY_FLOW","cas":"84087-01-4","formula":"C10H5Cl2NO2","isInfrastructureFlow":false,"flowProperties":[{"@type":"FlowPropertyFactor","isRefFlowProperty":true,"flowProperty":{"@type":"FlowProperty","@id":"93a60a56-a3c8-11da-a746-0800200b9a66","name":"Mass","category":"Technical flow properties","refUnit":"kg"},"conversionFactor":1.0}]}