{"@type":"Flow","@id":"d1fbd92e-7558-345c-a1d0-1f417667a579","name":"power plant construction","category":"Technosphere Flows/23: Construction/2371: Utility System Construction","version":"00.00.000","flowType":"PRODUCT_FLOW","isInfrastructureFlow":false,"flowProperties":[{"@type":"FlowPropertyFactor","isRefFlowProperty":true,"flowProperty":{"@type":"FlowProperty","@id":"01846770-4cfe-4a25-8ad9-919d8d378345","name":"Number of items","category":"Technical flow properties","refUnit":"Item(s)"},"conversionFactor":1.0}]}