{"@type":"Flow","@id":"d3d2c8af-a18d-3305-935a-979a4eb07e58","name":"N-Nitrosodiphenylamine","description":"From FedElemFlowList_1.0.2. Flow Class: Chemicals. Not a preferred flow.","category":"Elementary flows/emission/air","version":"01.00.002","lastChange":"2020-07-01T17:50:15.101Z","flowType":"ELEMENTARY_FLOW","cas":"86-30-6","formula":"C12H10N2O","isInfrastructureFlow":false,"flowProperties":[{"@type":"FlowPropertyFactor","isRefFlowProperty":true,"flowProperty":{"@type":"FlowProperty","@id":"93a60a56-a3c8-11da-a746-0800200b9a66","name":"Mass","category":"Technical flow properties","refUnit":"kg"},"conversionFactor":1.0}]}