{"@type":"Flow","@id":"d5124a15-fd4d-3dfa-a02c-a9a32d8c336c","name":"1,1-Dimethylhydrazine","description":"From FedElemFlowList_1.0.2. Flow Class: Chemicals. Not a preferred flow.","category":"Elementary flows/emission/air","version":"01.00.002","lastChange":"2020-07-01T17:50:10.164Z","flowType":"ELEMENTARY_FLOW","cas":"57-14-7","formula":"C2H8N2","isInfrastructureFlow":false,"flowProperties":[{"@type":"FlowPropertyFactor","isRefFlowProperty":true,"flowProperty":{"@type":"FlowProperty","@id":"93a60a56-a3c8-11da-a746-0800200b9a66","name":"Mass","category":"Technical flow properties","refUnit":"kg"},"conversionFactor":1.0}]}