{"@type":"Flow","@id":"daadc496-8fb7-3bbe-b66a-abd556cd935c","name":"Tris(2,3-dibromopropyl) phosphate","description":"From FedElemFlowList_1.0.2. Flow Class: Chemicals. Not a preferred flow.","category":"Elementary flows/emission/air","version":"01.00.002","lastChange":"2020-07-01T17:50:02.519Z","flowType":"ELEMENTARY_FLOW","cas":"126-72-7","formula":"C9H15Br6O4P","isInfrastructureFlow":false,"flowProperties":[{"@type":"FlowPropertyFactor","isRefFlowProperty":true,"flowProperty":{"@type":"FlowProperty","@id":"93a60a56-a3c8-11da-a746-0800200b9a66","name":"Mass","category":"Technical flow properties","refUnit":"kg"},"conversionFactor":1.0}]}