{"@type":"Flow","@id":"dc663807-8d59-38c4-b58a-3d67ac01a0ea","name":"Oxytetracycline hydrochloride","description":"From FedElemFlowList_1.0.2. Flow Class: Chemicals. Not a preferred flow.","category":"Elementary flows/emission/water","version":"01.00.002","lastChange":"2020-07-01T17:51:15.298Z","flowType":"ELEMENTARY_FLOW","cas":"2058-46-0","formula":"C22H25ClN2O9","isInfrastructureFlow":false,"flowProperties":[{"@type":"FlowPropertyFactor","isRefFlowProperty":true,"flowProperty":{"@type":"FlowProperty","@id":"93a60a56-a3c8-11da-a746-0800200b9a66","name":"Mass","category":"Technical flow properties","refUnit":"kg"},"conversionFactor":1.0}]}