{"@type":"Flow","@id":"dfbc0db4-1a5c-308a-88fa-bd7633eaca20","name":"Spinetoram L","description":"From FedElemFlowList_1.0.2. Flow Class: Chemicals. Not a preferred flow.","category":"Elementary flows/emission/water","version":"01.00.002","lastChange":"2020-07-01T17:51:03.300Z","flowType":"ELEMENTARY_FLOW","cas":"187166-15-0","formula":"C43H69NO10","isInfrastructureFlow":false,"flowProperties":[{"@type":"FlowPropertyFactor","isRefFlowProperty":true,"flowProperty":{"@type":"FlowProperty","@id":"93a60a56-a3c8-11da-a746-0800200b9a66","name":"Mass","category":"Technical flow properties","refUnit":"kg"},"conversionFactor":1.0}]}