{"@type":"Flow","@id":"e1ed2ffa-3b8e-3976-bfc1-702da9858f48","name":"2,4-Dinitrophenol","description":"From FedElemFlowList_1.0.2. Flow Class: Chemicals. Not a preferred flow.","category":"Elementary flows/emission/water","version":"01.00.002","lastChange":"2020-07-01T17:51:19.973Z","flowType":"ELEMENTARY_FLOW","cas":"51-28-5","formula":"C6H4N2O5","isInfrastructureFlow":false,"flowProperties":[{"@type":"FlowPropertyFactor","isRefFlowProperty":true,"flowProperty":{"@type":"FlowProperty","@id":"93a60a56-a3c8-11da-a746-0800200b9a66","name":"Mass","category":"Technical flow properties","refUnit":"kg"},"conversionFactor":1.0}]}