{"@type":"Flow","@id":"e894059b-e0ac-30a5-af86-2ac9b250089e","name":"Glyphosate-trimesium","description":"From FedElemFlowList_1.0.2. Flow Class: Chemicals. Not a preferred flow.","category":"Elementary flows/emission/air","version":"01.00.002","lastChange":"2020-07-01T17:50:14.644Z","flowType":"ELEMENTARY_FLOW","cas":"81591-81-3","formula":"C6H16NO5PS","isInfrastructureFlow":false,"flowProperties":[{"@type":"FlowPropertyFactor","isRefFlowProperty":true,"flowProperty":{"@type":"FlowProperty","@id":"93a60a56-a3c8-11da-a746-0800200b9a66","name":"Mass","category":"Technical flow properties","refUnit":"kg"},"conversionFactor":1.0}]}