{"@type":"Flow","@id":"e8faa900-21bb-3f05-921a-75d854c9ac52","name":"Methomyl","description":"From FedElemFlowList_1.0.2. Flow Class: Chemicals. Not a preferred flow.","category":"Elementary flows/emission/air","version":"01.00.002","lastChange":"2020-07-01T17:50:04.648Z","flowType":"ELEMENTARY_FLOW","cas":"16752-77-5","formula":"C5H10N2O2S","isInfrastructureFlow":false,"flowProperties":[{"@type":"FlowPropertyFactor","isRefFlowProperty":true,"flowProperty":{"@type":"FlowProperty","@id":"93a60a56-a3c8-11da-a746-0800200b9a66","name":"Mass","category":"Technical flow properties","refUnit":"kg"},"conversionFactor":1.0}]}