{"@type":"Flow","@id":"eb5de0d6-2918-3121-8f27-2915ca889244","name":"Propiconazole","description":"From FedElemFlowList_1.0.2. Flow Class: Chemicals. Not a preferred flow.","category":"Elementary flows/emission/air","version":"01.00.002","lastChange":"2020-07-01T17:50:10.949Z","flowType":"ELEMENTARY_FLOW","cas":"60207-90-1","formula":"C15H17Cl2N3O2","isInfrastructureFlow":false,"flowProperties":[{"@type":"FlowPropertyFactor","isRefFlowProperty":true,"flowProperty":{"@type":"FlowProperty","@id":"93a60a56-a3c8-11da-a746-0800200b9a66","name":"Mass","category":"Technical flow properties","refUnit":"kg"},"conversionFactor":1.0}]}