{"@type":"Flow","@id":"ebc24f2b-e653-3fc7-be59-82175940b17b","name":"Cumene","description":"From FedElemFlowList_1.0.2. Flow Class: Chemicals. Not a preferred flow.","category":"Elementary flows/emission/water","version":"01.00.002","lastChange":"2020-07-01T17:51:30.233Z","flowType":"ELEMENTARY_FLOW","cas":"98-82-8","formula":"C9H12","isInfrastructureFlow":false,"flowProperties":[{"@type":"FlowPropertyFactor","isRefFlowProperty":true,"flowProperty":{"@type":"FlowProperty","@id":"93a60a56-a3c8-11da-a746-0800200b9a66","name":"Mass","category":"Technical flow properties","refUnit":"kg"},"conversionFactor":1.0}]}