{"@type":"Flow","@id":"ebda67ae-5107-3797-9d89-b612795b325c","name":"Carfentrazone-ethyl","description":"From FedElemFlowList_1.0.2. Flow Class: Chemicals. Not a preferred flow.","category":"Elementary flows/emission/water","version":"01.00.002","lastChange":"2020-07-01T17:51:11.880Z","flowType":"ELEMENTARY_FLOW","cas":"128639-02-1","formula":"C15H14Cl2F3N3O3","isInfrastructureFlow":false,"flowProperties":[{"@type":"FlowPropertyFactor","isRefFlowProperty":true,"flowProperty":{"@type":"FlowProperty","@id":"93a60a56-a3c8-11da-a746-0800200b9a66","name":"Mass","category":"Technical flow properties","refUnit":"kg"},"conversionFactor":1.0}]}