{"@type":"Flow","@id":"f29b923f-6df9-39d0-a4eb-63528906783a","name":"Tetrachlorvinphos","description":"From FedElemFlowList_1.0.2. Flow Class: Groups. Not a preferred flow.","category":"Elementary flows/emission/air","version":"01.00.002","lastChange":"2020-07-01T17:51:42.218Z","flowType":"ELEMENTARY_FLOW","cas":"961-11-5","formula":"C10H9Cl4O4P","isInfrastructureFlow":false,"flowProperties":[{"@type":"FlowPropertyFactor","isRefFlowProperty":true,"flowProperty":{"@type":"FlowProperty","@id":"93a60a56-a3c8-11da-a746-0800200b9a66","name":"Mass","category":"Technical flow properties","refUnit":"kg"},"conversionFactor":1.0}]}