{"@type":"Flow","@id":"f3fdfd7d-f732-35a8-bf16-c26022fcd8b1","name":"Triphenyltin hydroxide","description":"From FedElemFlowList_1.0.2. Flow Class: Chemicals. Not a preferred flow.","category":"Elementary flows/emission/air","version":"01.00.002","lastChange":"2020-07-01T17:50:13.714Z","flowType":"ELEMENTARY_FLOW","cas":"76-87-9","formula":"C18H16OSn","isInfrastructureFlow":false,"flowProperties":[{"@type":"FlowPropertyFactor","isRefFlowProperty":true,"flowProperty":{"@type":"FlowProperty","@id":"93a60a56-a3c8-11da-a746-0800200b9a66","name":"Mass","category":"Technical flow properties","refUnit":"kg"},"conversionFactor":1.0}]}