{"@type":"Flow","@id":"f4c42a64-03c6-3930-9f72-b207150689ca","name":"Triasulfuron","description":"From FedElemFlowList_1.0.2. Flow Class: Chemicals. Not a preferred flow.","category":"Elementary flows/emission/water","version":"01.00.002","lastChange":"2020-07-01T17:51:27.127Z","flowType":"ELEMENTARY_FLOW","cas":"82097-50-5","formula":"C14H16ClN5O5S","isInfrastructureFlow":false,"flowProperties":[{"@type":"FlowPropertyFactor","isRefFlowProperty":true,"flowProperty":{"@type":"FlowProperty","@id":"93a60a56-a3c8-11da-a746-0800200b9a66","name":"Mass","category":"Technical flow properties","refUnit":"kg"},"conversionFactor":1.0}]}