{"@type":"Flow","@id":"f525066c-3d7e-4621-8d6d-58fb1519734a","name":"methane, captured","category":"Technosphere Flows/21: Mining, Quarrying, and Oil and Gas Extraction/2131: Support Activities for Mining","version":"00.00.000","flowType":"PRODUCT_FLOW","isInfrastructureFlow":false,"flowProperties":[{"@type":"FlowPropertyFactor","isRefFlowProperty":true,"flowProperty":{"@type":"FlowProperty","@id":"93a60a56-a3c8-11da-a746-0800200b9a66","name":"Mass","category":"Technical flow properties","refUnit":"kg"},"conversionFactor":1.0}]}