{"@type":"Flow","@id":"f6e0f9bb-cbe2-3ad6-bf86-297b30d87d18","name":"Fenbuconazole","description":"From FedElemFlowList_1.0.2. Flow Class: Chemicals. Not a preferred flow.","category":"Elementary flows/emission/water","version":"01.00.002","lastChange":"2020-07-01T17:51:10.074Z","flowType":"ELEMENTARY_FLOW","cas":"114369-43-6","formula":"C19H17ClN4","isInfrastructureFlow":false,"flowProperties":[{"@type":"FlowPropertyFactor","isRefFlowProperty":true,"flowProperty":{"@type":"FlowProperty","@id":"93a60a56-a3c8-11da-a746-0800200b9a66","name":"Mass","category":"Technical flow properties","refUnit":"kg"},"conversionFactor":1.0}]}