{"@type":"Flow","@id":"f949e6ab-91af-390e-b57e-160fb5dd276a","name":"Flonicamid","description":"From FedElemFlowList_1.0.2. Flow Class: Chemicals. Not a preferred flow.","category":"Elementary flows/emission/air","version":"01.00.002","lastChange":"2020-07-01T17:50:04.412Z","flowType":"ELEMENTARY_FLOW","cas":"158062-67-0","formula":"C9H6F3N3O","isInfrastructureFlow":false,"flowProperties":[{"@type":"FlowPropertyFactor","isRefFlowProperty":true,"flowProperty":{"@type":"FlowProperty","@id":"93a60a56-a3c8-11da-a746-0800200b9a66","name":"Mass","category":"Technical flow properties","refUnit":"kg"},"conversionFactor":1.0}]}