{"@type":"Flow","@id":"fddff054-6788-3446-ae4b-543618b8b1ee","name":"Trifloxysulfuron-sodium","description":"From FedElemFlowList_1.0.2. Flow Class: Chemicals. Not a preferred flow.","category":"Elementary flows/emission/air","version":"01.00.002","lastChange":"2020-07-01T17:50:07.035Z","flowType":"ELEMENTARY_FLOW","cas":"290332-10-4","formula":"C14H15F3N5NaO7S","isInfrastructureFlow":false,"flowProperties":[{"@type":"FlowPropertyFactor","isRefFlowProperty":true,"flowProperty":{"@type":"FlowProperty","@id":"93a60a56-a3c8-11da-a746-0800200b9a66","name":"Mass","category":"Technical flow properties","refUnit":"kg"},"conversionFactor":1.0}]}