{"@type":"Flow","@id":"fe02f4f5-4622-3a6b-beff-deb065c70a90","name":"Bromoxynil octanoate","description":"From FedElemFlowList_1.0.2. Flow Class: Chemicals. Not a preferred flow.","category":"Elementary flows/emission/water","version":"01.00.002","lastChange":"2020-07-01T17:51:14.347Z","flowType":"ELEMENTARY_FLOW","cas":"1689-99-2","formula":"C15H17Br2NO2","isInfrastructureFlow":false,"flowProperties":[{"@type":"FlowPropertyFactor","isRefFlowProperty":true,"flowProperty":{"@type":"FlowProperty","@id":"93a60a56-a3c8-11da-a746-0800200b9a66","name":"Mass","category":"Technical flow properties","refUnit":"kg"},"conversionFactor":1.0}]}