{"@type":"Flow","@id":"ff83fe3a-6357-3c9e-b66b-9ac7ef8a75e3","name":"Paraquat","description":"From FedElemFlowList_1.0.2. Flow Class: Chemicals. Not a preferred flow.","category":"Elementary flows/emission/water","version":"01.00.002","lastChange":"2020-07-01T17:51:19.293Z","flowType":"ELEMENTARY_FLOW","cas":"4685-14-7","formula":"C12H14N2","isInfrastructureFlow":false,"flowProperties":[{"@type":"FlowPropertyFactor","isRefFlowProperty":true,"flowProperty":{"@type":"FlowProperty","@id":"93a60a56-a3c8-11da-a746-0800200b9a66","name":"Mass","category":"Technical flow properties","refUnit":"kg"},"conversionFactor":1.0}]}