{"@type":"Flow","@id":"ff8cceab-03b7-3c78-b496-1419be5f4d56","name":"trans-1,3-Dichloropropene","description":"From FedElemFlowList_1.0.2. Flow Class: Chemicals. Not a preferred flow.","category":"Elementary flows/emission/air","version":"01.00.002","lastChange":"2020-07-01T17:50:18.052Z","flowType":"ELEMENTARY_FLOW","cas":"10061-02-6","formula":"C3H4Cl2","isInfrastructureFlow":false,"flowProperties":[{"@type":"FlowPropertyFactor","isRefFlowProperty":true,"flowProperty":{"@type":"FlowProperty","@id":"93a60a56-a3c8-11da-a746-0800200b9a66","name":"Mass","category":"Technical flow properties","refUnit":"kg"},"conversionFactor":1.0}]}