{"@context":"http://greendelta.github.io/olca-schema/context.jsonld","@type":"Source","@id":"3f572a02-a88d-4a6e-a6cf-e06f4bcbf8e3","name":"NCASI (2017)","description":"National Council for Air and Stream Improvement, Inc. (NCASI). 2017. 2014 Life Cycle Assessment of U.S. Average Corrugated Product – Final Report. Report prepared for the Corrugated Product Alliance (CPA). Cary, N.C.: National Council for Air and Stream Improvement., Inc.","version":"00.00.000","lastChange":"2018-07-26T14:32:11.728-06:00"}