{"@type":"Flow","@id":"0838fbf7-0add-3353-ba9a-b187edeb85d6","name":"Sulfuric acid","description":"From FedElemFlowList_1.0.2. Flow Class: Chemicals. Not a preferred flow.","category":"Elementary flows/emission/air","version":"01.00.002","lastChange":"2020-07-01T17:50:13.673Z","flowType":"ELEMENTARY_FLOW","cas":"7664-93-9","formula":"H2O4S","isInfrastructureFlow":false,"flowProperties":[{"@type":"FlowPropertyFactor","isRefFlowProperty":true,"flowProperty":{"@type":"FlowProperty","@id":"93a60a56-a3c8-11da-a746-0800200b9a66","name":"Mass","category":"Technical flow properties","refUnit":"kg"},"conversionFactor":1.0}]}