{"@type":"Flow","@id":"09b78757-c595-360a-b817-4b7abf799cb2","name":"Basalt","description":"From FedElemFlowList_1.0.2. Flow Class: Geological. Preferred flow.","category":"Elementary flows/resource/ground","version":"01.00.002","lastChange":"2020-07-01T17:51:40.549Z","flowType":"ELEMENTARY_FLOW","cas":"1314-56-3","isInfrastructureFlow":false,"flowProperties":[{"@type":"FlowPropertyFactor","isRefFlowProperty":true,"flowProperty":{"@type":"FlowProperty","@id":"93a60a56-a3c8-11da-a746-0800200b9a66","name":"Mass","category":"Technical flow properties","refUnit":"kg"},"conversionFactor":1.0}]}