{"@type":"Flow","@id":"0a4b7ff7-c3d9-37c0-8f0d-4459730d70ae","name":"Phthalic anhydride","description":"From FedElemFlowList_1.0.2. Flow Class: Chemicals. Not a preferred flow.","category":"Elementary flows/emission/air","version":"01.00.002","lastChange":"2020-07-01T17:50:15.059Z","flowType":"ELEMENTARY_FLOW","cas":"85-44-9","formula":"C8H4O3","isInfrastructureFlow":false,"flowProperties":[{"@type":"FlowPropertyFactor","isRefFlowProperty":true,"flowProperty":{"@type":"FlowProperty","@id":"93a60a56-a3c8-11da-a746-0800200b9a66","name":"Mass","category":"Technical flow properties","refUnit":"kg"},"conversionFactor":1.0}]}