{"@type":"Flow","@id":"0bf913b1-486a-3ce1-991b-d1e8687b67e0","name":"2-Chloroacetophenone","description":"From FedElemFlowList_1.0.2. Flow Class: Chemicals. Not a preferred flow.","category":"Elementary flows/emission/air","version":"01.00.002","lastChange":"2020-07-01T17:50:09.261Z","flowType":"ELEMENTARY_FLOW","cas":"532-27-4","formula":"C8H7ClO","isInfrastructureFlow":false,"flowProperties":[{"@type":"FlowPropertyFactor","isRefFlowProperty":true,"flowProperty":{"@type":"FlowProperty","@id":"93a60a56-a3c8-11da-a746-0800200b9a66","name":"Mass","category":"Technical flow properties","refUnit":"kg"},"conversionFactor":1.0}]}