{"@type":"Flow","@id":"0d2d79b5-3248-391a-a754-86182de8c172","name":"4,4\u0027-Methylenebis(2-chloroaniline)","description":"From FedElemFlowList_1.0.2. Flow Class: Chemicals. Not a preferred flow.","category":"Elementary flows/emission/air","version":"01.00.002","lastChange":"2020-07-01T17:49:58.682Z","flowType":"ELEMENTARY_FLOW","cas":"101-14-4","formula":"C13H12Cl2N2","isInfrastructureFlow":false,"flowProperties":[{"@type":"FlowPropertyFactor","isRefFlowProperty":true,"flowProperty":{"@type":"FlowProperty","@id":"93a60a56-a3c8-11da-a746-0800200b9a66","name":"Mass","category":"Technical flow properties","refUnit":"kg"},"conversionFactor":1.0}]}