{"@type":"Flow","@id":"0efdeaa0-9e41-33eb-8e58-a06418344693","name":"N-Methyl-2-pyrrolidone","description":"From FedElemFlowList_1.0.2. Flow Class: Chemicals. Not a preferred flow.","category":"Elementary flows/emission/water","version":"01.00.002","lastChange":"2020-07-01T17:51:27.773Z","flowType":"ELEMENTARY_FLOW","cas":"872-50-4","formula":"C5H9NO","isInfrastructureFlow":false,"flowProperties":[{"@type":"FlowPropertyFactor","isRefFlowProperty":true,"flowProperty":{"@type":"FlowProperty","@id":"93a60a56-a3c8-11da-a746-0800200b9a66","name":"Mass","category":"Technical flow properties","refUnit":"kg"},"conversionFactor":1.0}]}