{"@type":"Flow","@id":"133ab24d-ec96-3e00-b1d0-64d6a2c075ed","name":"4,4\u0027-Isopropylidenediphenol","description":"From FedElemFlowList_1.0.2. Flow Class: Chemicals. Not a preferred flow.","category":"Elementary flows/emission/air","version":"01.00.002","lastChange":"2020-07-01T17:50:14.433Z","flowType":"ELEMENTARY_FLOW","cas":"80-05-7","formula":"C15H16O2","isInfrastructureFlow":false,"flowProperties":[{"@type":"FlowPropertyFactor","isRefFlowProperty":true,"flowProperty":{"@type":"FlowProperty","@id":"93a60a56-a3c8-11da-a746-0800200b9a66","name":"Mass","category":"Technical flow properties","refUnit":"kg"},"conversionFactor":1.0}]}