{"@type":"Flow","@id":"182b44a1-6470-3848-a6c3-a68810b726d6","name":"Hydrocarbons","description":"From FedElemFlowList_1.0.2. Flow Class: Groups. Not a preferred flow.","category":"Elementary flows/emission/ground","version":"01.00.002","lastChange":"2020-07-01T17:51:42.437Z","flowType":"ELEMENTARY_FLOW","cas":"308067-53-0","formula":"-","isInfrastructureFlow":false,"flowProperties":[{"@type":"FlowPropertyFactor","isRefFlowProperty":true,"flowProperty":{"@type":"FlowProperty","@id":"93a60a56-a3c8-11da-a746-0800200b9a66","name":"Mass","category":"Technical flow properties","refUnit":"kg"},"conversionFactor":1.0}]}