{"@type":"Flow","@id":"25d6a001-078d-3f10-8905-d280b3f0a9f8","name":"ACIDIC AQUEOUS WST","category":"Technosphere Flows/CUTOFF Flows/CUTOFF Waste Flows","version":"00.00.001","lastChange":"2024-06-26T16:57:18.958Z","flowType":"WASTE_FLOW","isInfrastructureFlow":false,"flowProperties":[{"@type":"FlowPropertyFactor","isRefFlowProperty":true,"flowProperty":{"@type":"FlowProperty","@id":"93a60a56-a3c8-11da-a746-0800200b9a66","name":"Mass","category":"Technical flow properties","refUnit":"kg"},"conversionFactor":1.0}]}