{"@type":"Flow","@id":"290d9a3e-ae36-3c36-b755-8bbf90c17054","name":"Iron","description":"From FedElemFlowList_1.0.2. Flow Class: Chemicals. Not a preferred flow.","category":"Elementary flows/resource/ground","version":"01.00.002","lastChange":"2020-07-01T17:51:40.314Z","flowType":"ELEMENTARY_FLOW","cas":"7439-89-6","formula":"Fe","isInfrastructureFlow":false,"flowProperties":[{"@type":"FlowPropertyFactor","isRefFlowProperty":true,"flowProperty":{"@type":"FlowProperty","@id":"93a60a56-a3c8-11da-a746-0800200b9a66","name":"Mass","category":"Technical flow properties","refUnit":"kg"},"conversionFactor":1.0}]}