{"@type":"Flow","@id":"2c06d858-76e8-3a2d-8153-090f7b92280b","name":"Mecoprop","description":"From FedElemFlowList_1.0.2. Flow Class: Chemicals. Not a preferred flow.","category":"Elementary flows/emission/air","version":"01.00.002","lastChange":"2020-07-01T17:50:16.232Z","flowType":"ELEMENTARY_FLOW","cas":"93-65-2","formula":"C10H11ClO3","isInfrastructureFlow":false,"flowProperties":[{"@type":"FlowPropertyFactor","isRefFlowProperty":true,"flowProperty":{"@type":"FlowProperty","@id":"93a60a56-a3c8-11da-a746-0800200b9a66","name":"Mass","category":"Technical flow properties","refUnit":"kg"},"conversionFactor":1.0}]}