{"@type":"Flow","@id":"3d8fb54d-4855-3d85-92f9-ef808f71cb97","name":"Osmium","description":"From FedElemFlowList_1.0.2. Flow Class: Chemicals. Not a preferred flow.","category":"Elementary flows/resource/ground","version":"01.00.002","lastChange":"2020-07-01T17:51:40.443Z","flowType":"ELEMENTARY_FLOW","cas":"7440-04-2","formula":"Os","isInfrastructureFlow":false,"flowProperties":[{"@type":"FlowPropertyFactor","isRefFlowProperty":true,"flowProperty":{"@type":"FlowProperty","@id":"93a60a56-a3c8-11da-a746-0800200b9a66","name":"Mass","category":"Technical flow properties","refUnit":"kg"},"conversionFactor":1.0}]}