{"@type":"Flow","@id":"4c625fbb-1370-3c34-80c2-2f5dd298c40b","name":"Ioxynil","description":"From FedElemFlowList_1.0.2. Flow Class: Chemicals. Not a preferred flow.","category":"Elementary flows/emission/air","version":"01.00.002","lastChange":"2020-07-01T17:50:04.683Z","flowType":"ELEMENTARY_FLOW","cas":"1689-83-4","formula":"C7H3I2NO","isInfrastructureFlow":false,"flowProperties":[{"@type":"FlowPropertyFactor","isRefFlowProperty":true,"flowProperty":{"@type":"FlowProperty","@id":"93a60a56-a3c8-11da-a746-0800200b9a66","name":"Mass","category":"Technical flow properties","refUnit":"kg"},"conversionFactor":1.0}]}