{"@type":"Flow","@id":"4f445b09-5180-3090-af10-684e598e4c36","name":"2,3,4\u0027-Trichlorobiphenyl","description":"From FedElemFlowList_1.0.2. Flow Class: Chemicals. Not a preferred flow.","category":"Elementary flows/emission/air","version":"01.00.002","lastChange":"2020-07-01T17:50:07.980Z","flowType":"ELEMENTARY_FLOW","cas":"38444-85-8","formula":"C12H7Cl3","isInfrastructureFlow":false,"flowProperties":[{"@type":"FlowPropertyFactor","isRefFlowProperty":true,"flowProperty":{"@type":"FlowProperty","@id":"93a60a56-a3c8-11da-a746-0800200b9a66","name":"Mass","category":"Technical flow properties","refUnit":"kg"},"conversionFactor":1.0}]}