{"@type":"Flow","@id":"552c70c8-60d7-334d-97a0-c6f6eefd03a4","name":"Methoxone sodium salt","description":"From FedElemFlowList_1.0.2. Flow Class: Chemicals. Not a preferred flow.","category":"Elementary flows/emission/air","version":"01.00.002","lastChange":"2020-07-01T17:50:07.802Z","flowType":"ELEMENTARY_FLOW","cas":"3653-48-3","formula":"C9H8ClNaO3","isInfrastructureFlow":false,"flowProperties":[{"@type":"FlowPropertyFactor","isRefFlowProperty":true,"flowProperty":{"@type":"FlowProperty","@id":"93a60a56-a3c8-11da-a746-0800200b9a66","name":"Mass","category":"Technical flow properties","refUnit":"kg"},"conversionFactor":1.0}]}