{"@type":"Flow","@id":"5f3bb2ec-d153-3cb5-9bc1-3eef8f44bf67","name":"2-Methylnaphthalene","description":"From FedElemFlowList_1.0.2. Flow Class: Chemicals. Not a preferred flow.","category":"Elementary flows/emission/air","version":"01.00.002","lastChange":"2020-07-01T17:50:15.889Z","flowType":"ELEMENTARY_FLOW","cas":"91-57-6","formula":"C11H10","isInfrastructureFlow":false,"flowProperties":[{"@type":"FlowPropertyFactor","isRefFlowProperty":true,"flowProperty":{"@type":"FlowProperty","@id":"93a60a56-a3c8-11da-a746-0800200b9a66","name":"Mass","category":"Technical flow properties","refUnit":"kg"},"conversionFactor":1.0}]}