{"@type":"Flow","@id":"663b55b1-648c-348f-a79d-9d44bcdaeb64","name":"1,1,1,2-Tetrachloroethane","description":"From FedElemFlowList_1.0.2. Flow Class: Chemicals. Not a preferred flow.","category":"Elementary flows/emission/air","version":"01.00.002","lastChange":"2020-07-01T17:50:11.842Z","flowType":"ELEMENTARY_FLOW","cas":"630-20-6","formula":"C2H2Cl4","isInfrastructureFlow":false,"flowProperties":[{"@type":"FlowPropertyFactor","isRefFlowProperty":true,"flowProperty":{"@type":"FlowProperty","@id":"93a60a56-a3c8-11da-a746-0800200b9a66","name":"Mass","category":"Technical flow properties","refUnit":"kg"},"conversionFactor":1.0}]}