{"@type":"Flow","@id":"689bb4bc-1069-3de7-94fd-c256d74764dc","name":"3-Pyridinecarboxamide, N-(2,4-difluorophenyl)-2-[3-(trifluoromethyl)phenoxy]-","description":"From FedElemFlowList_1.0.2. Flow Class: Chemicals. Not a preferred flow.","category":"Elementary flows/emission/air","version":"01.00.002","lastChange":"2020-07-01T17:50:14.825Z","flowType":"ELEMENTARY_FLOW","cas":"83164-33-4","formula":"C19H11F5N2O2","isInfrastructureFlow":false,"flowProperties":[{"@type":"FlowPropertyFactor","isRefFlowProperty":true,"flowProperty":{"@type":"FlowProperty","@id":"93a60a56-a3c8-11da-a746-0800200b9a66","name":"Mass","category":"Technical flow properties","refUnit":"kg"},"conversionFactor":1.0}]}