{"@type":"Flow","@id":"6d5be8a8-7a15-36b8-b411-39d54f0ea8ca","name":"Lactofen","description":"From FedElemFlowList_1.0.2. Flow Class: Chemicals. Not a preferred flow.","category":"Elementary flows/emission/air","version":"01.00.002","lastChange":"2020-07-01T17:50:13.841Z","flowType":"ELEMENTARY_FLOW","cas":"77501-63-4","formula":"C19H15ClF3NO7","isInfrastructureFlow":false,"flowProperties":[{"@type":"FlowPropertyFactor","isRefFlowProperty":true,"flowProperty":{"@type":"FlowProperty","@id":"93a60a56-a3c8-11da-a746-0800200b9a66","name":"Mass","category":"Technical flow properties","refUnit":"kg"},"conversionFactor":1.0}]}