{"@type":"Flow","@id":"6e414092-5f92-3cd9-afaa-94ddeacb895b","name":"Peat","description":"From FedElemFlowList_1.0.2. Flow Class: Geological. Preferred flow.","category":"Elementary flows/resource/ground","version":"01.00.002","lastChange":"2020-07-01T17:51:40.858Z","flowType":"ELEMENTARY_FLOW","isInfrastructureFlow":false,"flowProperties":[{"@type":"FlowPropertyFactor","isRefFlowProperty":true,"flowProperty":{"@type":"FlowProperty","@id":"f6811440-ee37-11de-8a39-0800200c9a66","name":"Energy","category":"Technical flow properties","refUnit":"MJ"},"conversionFactor":1.0},{"@type":"FlowPropertyFactor","flowProperty":{"@type":"FlowProperty","@id":"93a60a56-a3c8-11da-a746-0800200b9a66","name":"Mass","category":"Technical flow properties","refUnit":"kg"},"conversionFactor":0.0577}]}