{"@type":"Flow","@id":"7062bd6b-3051-3f34-b8f2-3b4713df09db","name":"Bis(2-chloroethyl) ether","description":"From FedElemFlowList_1.0.2. Flow Class: Chemicals. Not a preferred flow.","category":"Elementary flows/emission/water","version":"01.00.002","lastChange":"2020-07-01T17:51:09.422Z","flowType":"ELEMENTARY_FLOW","cas":"111-44-4","formula":"C4H8Cl2O","isInfrastructureFlow":false,"flowProperties":[{"@type":"FlowPropertyFactor","isRefFlowProperty":true,"flowProperty":{"@type":"FlowProperty","@id":"93a60a56-a3c8-11da-a746-0800200b9a66","name":"Mass","category":"Technical flow properties","refUnit":"kg"},"conversionFactor":1.0}]}