{"@type":"Flow","@id":"708036e7-b08e-3511-8eab-fc8d0a27b2dc","name":"1,4-Butanediol","description":"From FedElemFlowList_1.0.2. Flow Class: Chemicals. Not a preferred flow.","category":"Elementary flows/emission/water","version":"01.00.002","lastChange":"2020-07-01T17:51:09.075Z","flowType":"ELEMENTARY_FLOW","cas":"110-63-4","formula":"C4H10O2","isInfrastructureFlow":false,"flowProperties":[{"@type":"FlowPropertyFactor","isRefFlowProperty":true,"flowProperty":{"@type":"FlowProperty","@id":"93a60a56-a3c8-11da-a746-0800200b9a66","name":"Mass","category":"Technical flow properties","refUnit":"kg"},"conversionFactor":1.0}]}