{"@type":"Flow","@id":"7fdbc046-29ad-3377-a9c1-a45031e0cd53","name":"2,4-Dinitrotoluene","description":"From FedElemFlowList_1.0.2. Flow Class: Chemicals. Not a preferred flow.","category":"Elementary flows/emission/air","version":"01.00.002","lastChange":"2020-07-01T17:50:01.884Z","flowType":"ELEMENTARY_FLOW","cas":"121-14-2","formula":"C7H6N2O4","isInfrastructureFlow":false,"flowProperties":[{"@type":"FlowPropertyFactor","isRefFlowProperty":true,"flowProperty":{"@type":"FlowProperty","@id":"93a60a56-a3c8-11da-a746-0800200b9a66","name":"Mass","category":"Technical flow properties","refUnit":"kg"},"conversionFactor":1.0}]}