{"@type":"Flow","@id":"83f8b02b-1fc2-3a8c-a0b0-b12ec687e1fa","name":"Aromatic hydrocarbons","description":"From FedElemFlowList_1.0.2. Flow Class: Groups. Not a preferred flow.","category":"Elementary flows/emission/water","version":"01.00.002","lastChange":"2020-07-01T17:51:45.059Z","flowType":"ELEMENTARY_FLOW","cas":"63231-51-6","isInfrastructureFlow":false,"flowProperties":[{"@type":"FlowPropertyFactor","isRefFlowProperty":true,"flowProperty":{"@type":"FlowProperty","@id":"93a60a56-a3c8-11da-a746-0800200b9a66","name":"Mass","category":"Technical flow properties","refUnit":"kg"},"conversionFactor":1.0}]}