{"@type":"Flow","@id":"8599e263-6ba7-371f-9781-940f34ccf742","name":"Alachlor","description":"From FedElemFlowList_1.0.2. Flow Class: Chemicals. Not a preferred flow.","category":"Elementary flows/emission/water","version":"01.00.002","lastChange":"2020-07-01T17:51:14.047Z","flowType":"ELEMENTARY_FLOW","cas":"15972-60-8","formula":"C14H20ClNO2","isInfrastructureFlow":false,"flowProperties":[{"@type":"FlowPropertyFactor","isRefFlowProperty":true,"flowProperty":{"@type":"FlowProperty","@id":"93a60a56-a3c8-11da-a746-0800200b9a66","name":"Mass","category":"Technical flow properties","refUnit":"kg"},"conversionFactor":1.0}]}