{"@type":"Flow","@id":"8bfbde02-15a7-3ce0-8077-439631f2b2d3","name":"Sodium chloride","description":"From FedElemFlowList_1.0.2. Flow Class: Chemicals. Not a preferred flow.","category":"Elementary flows/emission/water","version":"01.00.002","lastChange":"2020-07-01T17:51:35.137Z","flowType":"ELEMENTARY_FLOW","cas":"7647-14-5","formula":"ClNa","isInfrastructureFlow":false,"flowProperties":[{"@type":"FlowPropertyFactor","isRefFlowProperty":true,"flowProperty":{"@type":"FlowProperty","@id":"93a60a56-a3c8-11da-a746-0800200b9a66","name":"Mass","category":"Technical flow properties","refUnit":"kg"},"conversionFactor":1.0}]}