{"@type":"Flow","@id":"8dbc9ab8-994d-3120-a843-bdbd98c41047","name":"Perfluorocyclobutane","description":"From FedElemFlowList_1.0.2. Flow Class: Chemicals. Not a preferred flow.","category":"Elementary flows/emission/air","version":"01.00.002","lastChange":"2020-07-01T17:50:21.755Z","flowType":"ELEMENTARY_FLOW","cas":"115-25-3","formula":"C4F8","isInfrastructureFlow":false,"flowProperties":[{"@type":"FlowPropertyFactor","isRefFlowProperty":true,"flowProperty":{"@type":"FlowProperty","@id":"93a60a56-a3c8-11da-a746-0800200b9a66","name":"Mass","category":"Technical flow properties","refUnit":"kg"},"conversionFactor":1.0}]}