{"@type":"Flow","@id":"8e9a6869-ba95-3f8a-97ee-ed990a485ad1","name":"Ethephon","description":"From FedElemFlowList_1.0.2. Flow Class: Chemicals. Not a preferred flow.","category":"Elementary flows/emission/air","version":"01.00.002","lastChange":"2020-07-01T17:50:04.641Z","flowType":"ELEMENTARY_FLOW","cas":"16672-87-0","formula":"C2H6ClO3P","isInfrastructureFlow":false,"flowProperties":[{"@type":"FlowPropertyFactor","isRefFlowProperty":true,"flowProperty":{"@type":"FlowProperty","@id":"93a60a56-a3c8-11da-a746-0800200b9a66","name":"Mass","category":"Technical flow properties","refUnit":"kg"},"conversionFactor":1.0}]}