{"@type":"Flow","@id":"94d7e0ed-c5c2-36ef-bf30-b393b143a0f1","name":"Ilmenite","description":"From FedElemFlowList_1.0.2. Flow Class: Geological. Preferred flow.","category":"Elementary flows/resource/ground","version":"01.00.002","lastChange":"2020-07-01T17:51:40.655Z","flowType":"ELEMENTARY_FLOW","cas":"12168-52-4","formula":"Fe2+TiO3","isInfrastructureFlow":false,"flowProperties":[{"@type":"FlowPropertyFactor","isRefFlowProperty":true,"flowProperty":{"@type":"FlowProperty","@id":"93a60a56-a3c8-11da-a746-0800200b9a66","name":"Mass","category":"Technical flow properties","refUnit":"kg"},"conversionFactor":1.0}]}