{"@type":"Flow","@id":"9d1be6fc-6398-35e9-8179-20182c429610","name":"Silica","description":"From FedElemFlowList_1.0.2. Flow Class: Chemicals. Not a preferred flow.","category":"Elementary flows/emission/water","version":"01.00.002","lastChange":"2020-07-01T17:51:35.107Z","flowType":"ELEMENTARY_FLOW","cas":"7631-86-9","formula":"O2Si","isInfrastructureFlow":false,"flowProperties":[{"@type":"FlowPropertyFactor","isRefFlowProperty":true,"flowProperty":{"@type":"FlowProperty","@id":"93a60a56-a3c8-11da-a746-0800200b9a66","name":"Mass","category":"Technical flow properties","refUnit":"kg"},"conversionFactor":1.0}]}