{"@type":"Flow","@id":"a32fdfa3-2c98-3b88-8fa4-d6ac0f859277","name":"Methomyl","description":"From FedElemFlowList_1.0.2. Flow Class: Chemicals. Not a preferred flow.","category":"Elementary flows/emission/water","version":"01.00.002","lastChange":"2020-07-01T17:51:14.283Z","flowType":"ELEMENTARY_FLOW","cas":"16752-77-5","formula":"C5H10N2O2S","isInfrastructureFlow":false,"flowProperties":[{"@type":"FlowPropertyFactor","isRefFlowProperty":true,"flowProperty":{"@type":"FlowProperty","@id":"93a60a56-a3c8-11da-a746-0800200b9a66","name":"Mass","category":"Technical flow properties","refUnit":"kg"},"conversionFactor":1.0}]}