{"@type":"Flow","@id":"a451a5f6-30e6-37d5-ac4b-ab75b81e79e3","name":"1,2,4-Trimethylbenzene","description":"From FedElemFlowList_1.0.2. Flow Class: Chemicals. Not a preferred flow.","category":"Elementary flows/emission/water","version":"01.00.002","lastChange":"2020-07-01T17:51:29.433Z","flowType":"ELEMENTARY_FLOW","cas":"95-63-6","formula":"C9H12","isInfrastructureFlow":false,"flowProperties":[{"@type":"FlowPropertyFactor","isRefFlowProperty":true,"flowProperty":{"@type":"FlowProperty","@id":"93a60a56-a3c8-11da-a746-0800200b9a66","name":"Mass","category":"Technical flow properties","refUnit":"kg"},"conversionFactor":1.0}]}