{"@type":"Flow","@id":"a78a16a0-a209-3258-8b1e-851b85786b78","name":"Phosphorus","description":"From FedElemFlowList_1.0.2. Flow Class: Chemicals. Not a preferred flow.","category":"Elementary flows/emission/ground","version":"01.00.002","lastChange":"2020-07-01T17:50:51.350Z","flowType":"ELEMENTARY_FLOW","cas":"7723-14-0","formula":"P","isInfrastructureFlow":false,"flowProperties":[{"@type":"FlowPropertyFactor","isRefFlowProperty":true,"flowProperty":{"@type":"FlowProperty","@id":"93a60a56-a3c8-11da-a746-0800200b9a66","name":"Mass","category":"Technical flow properties","refUnit":"kg"},"conversionFactor":1.0}]}