{"@type":"Flow","@id":"a7eb485a-5288-3bb8-aad2-ce1992ec92b8","name":"Particulate matter, \u003e 10μm","description":"From FedElemFlowList_1.0.2. Flow Class: Groups. Not a preferred flow.","category":"Elementary flows/emission/air","version":"01.00.002","lastChange":"2020-07-01T17:51:42.059Z","flowType":"ELEMENTARY_FLOW","cas":"n.a.","isInfrastructureFlow":false,"flowProperties":[{"@type":"FlowPropertyFactor","isRefFlowProperty":true,"flowProperty":{"@type":"FlowProperty","@id":"93a60a56-a3c8-11da-a746-0800200b9a66","name":"Mass","category":"Technical flow properties","refUnit":"kg"},"conversionFactor":1.0}]}