{"@type":"Flow","@id":"a95bae36-325b-3da7-8a47-00ba98b61cfe","name":"Water, brackish","description":"From FedElemFlowList_1.0.2. Flow Class: Water. Not a preferred flow.","category":"Elementary flows/resource/water","version":"01.00.002","lastChange":"2020-07-01T17:51:45.236Z","flowType":"ELEMENTARY_FLOW","cas":"7732204","formula":"H2O","isInfrastructureFlow":false,"flowProperties":[{"@type":"FlowPropertyFactor","isRefFlowProperty":true,"flowProperty":{"@type":"FlowProperty","@id":"93a60a56-a3c8-11da-a746-0800200b9a66","name":"Mass","category":"Technical flow properties","refUnit":"kg"},"conversionFactor":1.0},{"@type":"FlowPropertyFactor","flowProperty":{"@type":"FlowProperty","@id":"93a60a56-a3c8-22da-a746-0800200c9a66","name":"Volume","category":"Technical flow properties","refUnit":"m3"},"conversionFactor":9.901E-4}]}