{"@type":"Flow","@id":"aa7539ee-9aeb-3cb5-9d64-2a0bd94ebb0f","name":"Hydrogen cyanide","description":"From FedElemFlowList_1.0.2. Flow Class: Chemicals. Not a preferred flow.","category":"Elementary flows/emission/air","version":"01.00.002","lastChange":"2020-07-01T17:50:13.201Z","flowType":"ELEMENTARY_FLOW","cas":"74-90-8","formula":"CHN","isInfrastructureFlow":false,"flowProperties":[{"@type":"FlowPropertyFactor","isRefFlowProperty":true,"flowProperty":{"@type":"FlowProperty","@id":"93a60a56-a3c8-11da-a746-0800200b9a66","name":"Mass","category":"Technical flow properties","refUnit":"kg"},"conversionFactor":1.0}]}