{"@type":"Flow","@id":"acb2bb27-c4d9-3a7d-989c-9b907a0c49a3","name":"Hexachlorocyclopentadiene","description":"From FedElemFlowList_1.0.2. Flow Class: Chemicals. Not a preferred flow.","category":"Elementary flows/emission/water","version":"01.00.002","lastChange":"2020-07-01T17:51:25.998Z","flowType":"ELEMENTARY_FLOW","cas":"77-47-4","formula":"C5Cl6","isInfrastructureFlow":false,"flowProperties":[{"@type":"FlowPropertyFactor","isRefFlowProperty":true,"flowProperty":{"@type":"FlowProperty","@id":"93a60a56-a3c8-11da-a746-0800200b9a66","name":"Mass","category":"Technical flow properties","refUnit":"kg"},"conversionFactor":1.0}]}