{"@type":"Flow","@id":"acd4abb1-54fc-3c02-ab6e-36d8822062ae","name":"Talc","description":"From FedElemFlowList_1.0.2. Flow Class: Geological. Preferred flow.","category":"Elementary flows/resource/ground","version":"01.00.002","lastChange":"2020-07-01T17:51:40.790Z","flowType":"ELEMENTARY_FLOW","cas":"14807-96-6","formula":"Mg3Si4O10(OH)2","isInfrastructureFlow":false,"flowProperties":[{"@type":"FlowPropertyFactor","isRefFlowProperty":true,"flowProperty":{"@type":"FlowProperty","@id":"93a60a56-a3c8-11da-a746-0800200b9a66","name":"Mass","category":"Technical flow properties","refUnit":"kg"},"conversionFactor":1.0}]}