{"@type":"Flow","@id":"af1f4d83-5b7d-3b3f-b9a9-a95e80daf466","name":"1,1-Dichloroethylene","description":"From FedElemFlowList_1.0.2. Flow Class: Chemicals. Not a preferred flow.","category":"Elementary flows/emission/air","version":"01.00.002","lastChange":"2020-07-01T17:50:13.335Z","flowType":"ELEMENTARY_FLOW","cas":"75-35-4","formula":"C2H2Cl2","isInfrastructureFlow":false,"flowProperties":[{"@type":"FlowPropertyFactor","isRefFlowProperty":true,"flowProperty":{"@type":"FlowProperty","@id":"93a60a56-a3c8-11da-a746-0800200b9a66","name":"Mass","category":"Technical flow properties","refUnit":"kg"},"conversionFactor":1.0}]}