{"@type":"Flow","@id":"baa8a7f5-a708-359a-9af3-4f1279daaaf5","name":"1,3,5-Trimethylbenzene","description":"From FedElemFlowList_1.0.2. Flow Class: Chemicals. Not a preferred flow.","category":"Elementary flows/emission/air","version":"01.00.002","lastChange":"2020-07-01T17:49:59.965Z","flowType":"ELEMENTARY_FLOW","cas":"108-67-8","formula":"C9H12","isInfrastructureFlow":false,"flowProperties":[{"@type":"FlowPropertyFactor","isRefFlowProperty":true,"flowProperty":{"@type":"FlowProperty","@id":"93a60a56-a3c8-11da-a746-0800200b9a66","name":"Mass","category":"Technical flow properties","refUnit":"kg"},"conversionFactor":1.0}]}