{"@type":"Flow","@id":"c04f6e46-72c5-38c3-bafb-f1b69c1bf2e3","name":"Tetrafluoroethene","description":"From FedElemFlowList_1.0.2. Flow Class: Chemicals. Not a preferred flow.","category":"Elementary flows/emission/air","version":"01.00.002","lastChange":"2020-07-01T17:50:01.387Z","flowType":"ELEMENTARY_FLOW","cas":"116-14-3","formula":"C2F4","isInfrastructureFlow":false,"flowProperties":[{"@type":"FlowPropertyFactor","isRefFlowProperty":true,"flowProperty":{"@type":"FlowProperty","@id":"93a60a56-a3c8-11da-a746-0800200b9a66","name":"Mass","category":"Technical flow properties","refUnit":"kg"},"conversionFactor":1.0}]}