{"@type":"Flow","@id":"c7e05642-0ebb-3835-8654-21192725df17","name":"2,3,7,8-Tetrachlorodibenzo-p-dioxin","description":"From FedElemFlowList_1.0.2. Flow Class: Chemicals. Not a preferred flow.","category":"Elementary flows/emission/water","version":"01.00.002","lastChange":"2020-07-01T17:51:14.485Z","flowType":"ELEMENTARY_FLOW","cas":"1746-01-6","formula":"C12H4Cl4O2","isInfrastructureFlow":false,"flowProperties":[{"@type":"FlowPropertyFactor","isRefFlowProperty":true,"flowProperty":{"@type":"FlowProperty","@id":"93a60a56-a3c8-11da-a746-0800200b9a66","name":"Mass","category":"Technical flow properties","refUnit":"kg"},"conversionFactor":1.0}]}