{"@type":"Flow","@id":"c979ddf8-5576-36eb-bc76-040e01f99cc6","name":"2,4-Dimethylphenol","description":"From FedElemFlowList_1.0.2. Flow Class: Chemicals. Not a preferred flow.","category":"Elementary flows/emission/water","version":"01.00.002","lastChange":"2020-07-01T17:51:07.600Z","flowType":"ELEMENTARY_FLOW","cas":"105-67-9","formula":"C8H10O","isInfrastructureFlow":false,"flowProperties":[{"@type":"FlowPropertyFactor","isRefFlowProperty":true,"flowProperty":{"@type":"FlowProperty","@id":"93a60a56-a3c8-11da-a746-0800200b9a66","name":"Mass","category":"Technical flow properties","refUnit":"kg"},"conversionFactor":1.0}]}