{"@type":"Flow","@id":"ca3d1eb2-0df4-3d39-b2d7-647e19ebd9c7","name":"2,4-D isooctyl ester","description":"From FedElemFlowList_1.0.2. Flow Class: Chemicals. Not a preferred flow.","category":"Elementary flows/emission/air","version":"01.00.002","lastChange":"2020-07-01T17:50:06.251Z","flowType":"ELEMENTARY_FLOW","cas":"25168-26-7","formula":"C16H22Cl2O3","isInfrastructureFlow":false,"flowProperties":[{"@type":"FlowPropertyFactor","isRefFlowProperty":true,"flowProperty":{"@type":"FlowProperty","@id":"93a60a56-a3c8-11da-a746-0800200b9a66","name":"Mass","category":"Technical flow properties","refUnit":"kg"},"conversionFactor":1.0}]}