{"@type":"Flow","@id":"d12dc9c7-2100-3a64-a398-1b050f8d2a34","name":"Toluene-2,4-diisocyanate","description":"From FedElemFlowList_1.0.2. Flow Class: Chemicals. Not a preferred flow.","category":"Elementary flows/emission/air","version":"01.00.002","lastChange":"2020-07-01T17:50:10.513Z","flowType":"ELEMENTARY_FLOW","cas":"584-84-9","formula":"C9H6N2O2","isInfrastructureFlow":false,"flowProperties":[{"@type":"FlowPropertyFactor","isRefFlowProperty":true,"flowProperty":{"@type":"FlowProperty","@id":"93a60a56-a3c8-11da-a746-0800200b9a66","name":"Mass","category":"Technical flow properties","refUnit":"kg"},"conversionFactor":1.0}]}