{"@type":"Flow","@id":"e617f02e-82a3-3305-a723-02afcb30a42f","name":"Dicamba","description":"From FedElemFlowList_1.0.2. Flow Class: Chemicals. Not a preferred flow.","category":"Elementary flows/emission/air","version":"01.00.002","lastChange":"2020-07-01T17:50:05.076Z","flowType":"ELEMENTARY_FLOW","cas":"1918-00-9","formula":"C8H6Cl2O3","isInfrastructureFlow":false,"flowProperties":[{"@type":"FlowPropertyFactor","isRefFlowProperty":true,"flowProperty":{"@type":"FlowProperty","@id":"93a60a56-a3c8-11da-a746-0800200b9a66","name":"Mass","category":"Technical flow properties","refUnit":"kg"},"conversionFactor":1.0}]}