{"@type":"Flow","@id":"efa2c8be-25c3-3b76-b6f3-eb81d658d7ee","name":"HCFC-225ca","description":"From FedElemFlowList_1.0.2. Flow Class: Chemicals. Not a preferred flow.","category":"Elementary flows/emission/air","version":"01.00.002","lastChange":"2020-07-01T17:50:23.725Z","flowType":"ELEMENTARY_FLOW","cas":"422-56-0","formula":"C3HCl2F5","isInfrastructureFlow":false,"flowProperties":[{"@type":"FlowPropertyFactor","isRefFlowProperty":true,"flowProperty":{"@type":"FlowProperty","@id":"93a60a56-a3c8-11da-a746-0800200b9a66","name":"Mass","category":"Technical flow properties","refUnit":"kg"},"conversionFactor":1.0}]}