{"@type":"Flow","@id":"f0616d3c-8ad2-364a-aaae-42f0651f32e8","name":"Benzyl chloride","description":"From FedElemFlowList_1.0.2. Flow Class: Chemicals. Not a preferred flow.","category":"Elementary flows/emission/air","version":"01.00.002","lastChange":"2020-07-01T17:49:58.484Z","flowType":"ELEMENTARY_FLOW","cas":"100-44-7","formula":"C7H7Cl","isInfrastructureFlow":false,"flowProperties":[{"@type":"FlowPropertyFactor","isRefFlowProperty":true,"flowProperty":{"@type":"FlowProperty","@id":"93a60a56-a3c8-11da-a746-0800200b9a66","name":"Mass","category":"Technical flow properties","refUnit":"kg"},"conversionFactor":1.0}]}