{"@type":"Flow","@id":"f860537f-7ad4-307d-9eaa-7c52fbbf71f9","name":"Helium","description":"From FedElemFlowList_1.0.2. Flow Class: Geological. Not a preferred flow.","category":"Elementary flows/emission/air","version":"01.00.002","lastChange":"2020-07-01T17:51:40.993Z","flowType":"ELEMENTARY_FLOW","cas":"7440-59-7","formula":"He","isInfrastructureFlow":false,"flowProperties":[{"@type":"FlowPropertyFactor","isRefFlowProperty":true,"flowProperty":{"@type":"FlowProperty","@id":"93a60a56-a3c8-11da-a746-0800200b9a66","name":"Mass","category":"Technical flow properties","refUnit":"kg"},"conversionFactor":1.0}]}