{"@type":"Flow","@id":"fb659804-d679-30dc-903a-0116520a0955","name":"Rutile","description":"From FedElemFlowList_1.0.2. Flow Class: Geological. Preferred flow.","category":"Elementary flows/resource/ground","version":"01.00.002","lastChange":"2020-07-01T17:51:40.756Z","flowType":"ELEMENTARY_FLOW","cas":"13463-67-7","formula":"TiO2","isInfrastructureFlow":false,"flowProperties":[{"@type":"FlowPropertyFactor","isRefFlowProperty":true,"flowProperty":{"@type":"FlowProperty","@id":"93a60a56-a3c8-11da-a746-0800200b9a66","name":"Mass","category":"Technical flow properties","refUnit":"kg"},"conversionFactor":1.0}]}