{"@type":"Flow","@id":"fba79fb6-bc9c-39ae-9fdb-28a71ee2389d","name":"Vanadium ore","description":"From FedElemFlowList_1.0.2. Flow Class: Geological. Not a preferred flow.","category":"Elementary flows/resource/ground","version":"01.00.002","lastChange":"2020-07-01T17:51:40.823Z","flowType":"ELEMENTARY_FLOW","formula":"VX","isInfrastructureFlow":false,"flowProperties":[{"@type":"FlowPropertyFactor","isRefFlowProperty":true,"flowProperty":{"@type":"FlowProperty","@id":"93a60a56-a3c8-11da-a746-0800200b9a66","name":"Mass","category":"Technical flow properties","refUnit":"kg"},"conversionFactor":1.0}]}