{"@type":"Flow","@id":"fe676e41-1df5-3f0f-9006-ca7e0ab442db","name":"Air","description":"From FedElemFlowList_1.0.2. Flow Class: Chemicals. Not a preferred flow.","category":"Elementary flows/resource/air","version":"01.00.002","lastChange":"2020-07-01T17:51:40.505Z","flowType":"ELEMENTARY_FLOW","cas":"132259-10-0","formula":"-","isInfrastructureFlow":false,"flowProperties":[{"@type":"FlowPropertyFactor","isRefFlowProperty":true,"flowProperty":{"@type":"FlowProperty","@id":"93a60a56-a3c8-11da-a746-0800200b9a66","name":"Mass","category":"Technical flow properties","refUnit":"kg"},"conversionFactor":1.0}]}