{"@context":"http://greendelta.github.io/olca-schema/context.jsonld","@type":"Flow","@id":"0c708119-2e2d-3534-ad8a-fcecb013efbe","name":"Acenaphthylene","description":"From FedElemFlowList_1.0.1. Flow Class: Chemicals. Not a preferred flow.","version":"01.00.001","lastChange":"2020-01-13T16:09:45.830-05:00","category":{"@type":"Category","@id":"7bec6d23-eb05-38d1-9710-c751fcedf07c","name":"ocean","categoryPath":["Elementary Flows","emission","water","saline water body"],"categoryType":"Flow"},"flowType":"ELEMENTARY_FLOW","cas":"208-96-8","formula":"C12H8","infrastructureFlow":false,"flowProperties":[{"@type":"FlowPropertyFactor","referenceFlowProperty":true,"flowProperty":{"@type":"FlowProperty","@id":"93a60a56-a3c8-11da-a746-0800200b9a66","name":"Mass","categoryPath":["Technical flow properties"]},"conversionFactor":1.0}]}