{"@context":"http://greendelta.github.io/olca-schema/context.jsonld","@type":"Flow","@id":"0e63d1db-e383-3c9a-b02a-b5eebafe87d1","name":"Transport, ocean freighter, average fuel mix","version":"00.00.003","lastChange":"2019-09-19T14:23:24.101-04:00","category":{"@type":"Category","@id":"85eec124-8c41-32f8-b7d6-9d109ac2d4af","name":"4831: Deep Sea, Coastal, and Great Lakes Water Transportation","categoryPath":["Technosphere Flows","48-49: Transportation and Warehousing"],"categoryType":"Flow"},"flowType":"PRODUCT_FLOW","infrastructureFlow":false,"location":{"@type":"Location","@id":"b320e7db-c758-3ba6-8839-81eb83c9d7d7","name":"Northern America"},"flowProperties":[{"@type":"FlowPropertyFactor","referenceFlowProperty":true,"flowProperty":{"@type":"FlowProperty","@id":"838aaa20-0117-11db-92e3-0800200c9a66","name":"Goods transport (mass*distance)","categoryPath":["Technical flow properties"]},"conversionFactor":1.0}]}