{"@context":"http://greendelta.github.io/olca-schema/context.jsonld","@type":"Flow","@id":"182b44a1-6470-3848-a6c3-a68810b726d6","name":"Hydrocarbons","description":"From FedElemFlowList_1.0.1. Flow Class: Groups. Not a preferred flow.","version":"01.00.001","lastChange":"2020-01-13T16:09:46.033-05:00","category":{"@type":"Category","@id":"d9b6d2ca-9f04-3660-9f79-2665d8e683fe","name":"ground","categoryPath":["Elementary Flows","emission"],"categoryType":"Flow"},"flowType":"ELEMENTARY_FLOW","cas":"308067-53-0","formula":"-","infrastructureFlow":false,"flowProperties":[{"@type":"FlowPropertyFactor","referenceFlowProperty":true,"flowProperty":{"@type":"FlowProperty","@id":"93a60a56-a3c8-11da-a746-0800200b9a66","name":"Mass","categoryPath":["Technical flow properties"]},"conversionFactor":1.0}]}