{"@context":"http://greendelta.github.io/olca-schema/context.jsonld","@type":"Flow","@id":"20567d69-c8ee-325c-a98c-43c35b8eb9f4","name":"Transport, single unit truck, short-haul, diesel powered","version":"00.00.003","lastChange":"2019-09-19T14:25:05.505-04:00","category":{"@type":"Category","@id":"a70b7c32-0d98-30dc-b5d1-d539555d0fe6","name":"4841: General Freight Trucking","categoryPath":["Technosphere Flows","48-49: Transportation and Warehousing"],"categoryType":"Flow"},"flowType":"PRODUCT_FLOW","infrastructureFlow":false,"location":{"@type":"Location","@id":"b320e7db-c758-3ba6-8839-81eb83c9d7d7","name":"Northern America"},"flowProperties":[{"@type":"FlowPropertyFactor","referenceFlowProperty":true,"flowProperty":{"@type":"FlowProperty","@id":"838aaa20-0117-11db-92e3-0800200c9a66","name":"Goods transport (mass*distance)","categoryPath":["Technical flow properties"]},"conversionFactor":1.0}]}