{"@context":"http://greendelta.github.io/olca-schema/context.jsonld","@type":"Flow","@id":"2ceaf954-3f37-390d-a1df-b705f837158f","name":"Organic acids","version":"00.00.002","lastChange":"2020-01-30T18:25:10.837-05:00","category":{"@type":"Category","@id":"377c08bc-8c6e-3536-89ab-ae479326c8d4","name":"air","categoryPath":["Elementary Flows","emission"],"categoryType":"Flow"},"flowType":"ELEMENTARY_FLOW","infrastructureFlow":false,"flowProperties":[{"@type":"FlowPropertyFactor","referenceFlowProperty":true,"flowProperty":{"@type":"FlowProperty","@id":"93a60a56-a3c8-11da-a746-0800200b9a66","name":"Mass","categoryPath":["Technical flow properties"]},"conversionFactor":1.0}]}