{"@context":"http://greendelta.github.io/olca-schema/context.jsonld","@type":"Flow","@id":"38d31926-8577-36d0-8c3b-d152010c9af8","name":"Scanner, packaging and information sheets","version":"00.00.003","lastChange":"2019-09-19T13:41:27.584-04:00","category":{"@type":"Category","@id":"3ffa77ca-9635-3dd5-85ba-d887dae1ed3c","name":"3222: Converted Paper Product Manufacturing","categoryPath":["Technosphere Flows","31-33: Manufacturing"],"categoryType":"Flow"},"flowType":"PRODUCT_FLOW","infrastructureFlow":false,"location":{"@type":"Location","@id":"56bca136-90bb-3a77-9abb-7ce558af711e","name":"Global"},"flowProperties":[{"@type":"FlowPropertyFactor","referenceFlowProperty":true,"flowProperty":{"@type":"FlowProperty","@id":"93a60a56-a3c8-11da-a746-0800200b9a66","name":"Mass","categoryPath":["Technical flow properties"]},"conversionFactor":1.0}]}