{"@context":"http://greendelta.github.io/olca-schema/context.jsonld","@type":"Flow","@id":"42385daf-e0a4-35de-9a68-931400275c60","name":"Containerboard, average production, at mill","version":"00.00.003","lastChange":"2019-09-19T13:40:33.974-04:00","category":{"@type":"Category","@id":"a595427b-def0-3ee9-8608-81e6d36e1152","name":"3221: Pulp, Paper, and Paperboard Mills","categoryPath":["Technosphere Flows","31-33: Manufacturing"],"categoryType":"Flow"},"flowType":"PRODUCT_FLOW","infrastructureFlow":false,"location":{"@type":"Location","@id":"0b3b97fa-6688-3c56-88ee-4ae80ec0c3c2","name":"United States"},"flowProperties":[{"@type":"FlowPropertyFactor","referenceFlowProperty":true,"flowProperty":{"@type":"FlowProperty","@id":"93a60a56-a3c8-11da-a746-0800200b9a66","name":"Mass","categoryPath":["Technical flow properties"]},"conversionFactor":1.0}]}