{"@context":"http://greendelta.github.io/olca-schema/context.jsonld","@type":"Flow","@id":"4b92c75e-e528-3f23-bc67-e92977682eb4","name":"Land use","description":"From FedElemFlowList_1.0.1. Flow Class: Land. Not a preferred flow.","version":"01.00.001","lastChange":"2020-01-13T16:09:46.070-05:00","category":{"@type":"Category","@id":"95392cd3-5696-3bf7-8343-7483e3ed13f9","name":"industrial","categoryPath":["Elementary Flows","resource","ground","human-dominated"],"categoryType":"Flow"},"flowType":"ELEMENTARY_FLOW","infrastructureFlow":false,"flowProperties":[{"@type":"FlowPropertyFactor","referenceFlowProperty":true,"flowProperty":{"@type":"FlowProperty","@id":"93a60a56-a3c8-21da-a746-0800200c9a66","name":"Area*time","categoryPath":["Technical flow properties"]},"conversionFactor":1.0}]}