{"@context":"http://greendelta.github.io/olca-schema/context.jsonld","@type":"Flow","@id":"5aa1bf0b-15ea-3eda-98e4-5cd2bbe5a0f8","name":"Softwood","description":"From FedElemFlowList_1.0.1. Flow Class: Biological. Preferred flow.","version":"01.00.001","lastChange":"2020-01-13T16:09:45.214-05:00","category":{"@type":"Category","@id":"65ded412-23ae-3564-8b52-c2b8dd30d813","name":"biotic","categoryPath":["Elementary Flows","resource"],"categoryType":"Flow"},"flowType":"ELEMENTARY_FLOW","infrastructureFlow":false,"flowProperties":[{"@type":"FlowPropertyFactor","flowProperty":{"@type":"FlowProperty","@id":"f6811440-ee37-11de-8a39-0800200c9a66","name":"Energy","categoryPath":["Technical flow properties"]},"conversionFactor":19.8},{"@type":"FlowPropertyFactor","referenceFlowProperty":true,"flowProperty":{"@type":"FlowProperty","@id":"93a60a56-a3c8-11da-a746-0800200b9a66","name":"Mass","categoryPath":["Technical flow properties"]},"conversionFactor":1.0}]}