{"@context":"http://greendelta.github.io/olca-schema/context.jsonld","@type":"Flow","@id":"5c914896-e701-45d2-9b30-e9fc9b1114f5","name":"Transformation, to pasture, man made, intensive","version":"00.00.003","lastChange":"2021-07-26T17:47:46.809-04:00","category":{"@type":"Category","@id":"b3589aa8-5716-39c7-b3f2-5eeb6517b48b","name":"Ecosystem Services","categoryType":"Flow"},"flowType":"PRODUCT_FLOW","infrastructureFlow":false,"flowProperties":[{"@type":"FlowPropertyFactor","referenceFlowProperty":true,"flowProperty":{"@type":"FlowProperty","@id":"93a60a56-a3c8-19da-a746-0800200c9a66","name":"Area","categoryPath":["Technical flow properties"]},"conversionFactor":1.0}]}