{"@context":"http://greendelta.github.io/olca-schema/context.jsonld","@type":"Flow","@id":"687b43c9-a0d1-3e65-bd7e-2b3d7a8708cc","name":"Formaldehyde","description":"From FedElemFlowList_1.0. Flow Class: Chemicals. Not a preferred flow.","version":"01.00.000","lastChange":"2019-09-11T10:11:09.529-04:00","category":{"@type":"Category","@id":"70b638ae-f25e-3e47-bf65-963ff4d6cd60","name":"very high","categoryPath":["Elementary Flows","emission","air","troposphere"],"categoryType":"Flow"},"flowType":"ELEMENTARY_FLOW","cas":"50-00-0","formula":"CH2O","infrastructureFlow":false,"flowProperties":[{"@type":"FlowPropertyFactor","referenceFlowProperty":true,"flowProperty":{"@type":"FlowProperty","@id":"93a60a56-a3c8-11da-a746-0800200b9a66","name":"Mass","categoryPath":["Technical flow properties"]},"conversionFactor":1.0}]}