{"@context":"http://greendelta.github.io/olca-schema/context.jsonld","@type":"Flow","@id":"6e02ccfc-9eb5-4a51-be9a-870c1087c833","name":"Transformation, to permanent crop","version":"00.00.001","category":{"@type":"Category","@id":"b3589aa8-5716-39c7-b3f2-5eeb6517b48b","name":"Ecosystem Services","categoryType":"Flow"},"flowType":"PRODUCT_FLOW","formula":"CORINE 22","infrastructureFlow":false,"flowProperties":[{"@type":"FlowPropertyFactor","referenceFlowProperty":true,"flowProperty":{"@type":"FlowProperty","@id":"93a60a56-a3c8-19da-a746-0800200c9a66","name":"Area","categoryPath":["Technical flow properties"]},"conversionFactor":1.0}]}