{"@context":"http://greendelta.github.io/olca-schema/context.jsonld","@type":"Flow","@id":"7f780ae0-df04-38f7-9589-a578bbe7043b","name":"Hydrogen peroxide","description":"From FedElemFlowList_1.0.1. Flow Class: Chemicals. Not a preferred flow.","version":"01.00.001","lastChange":"2020-01-13T16:09:45.355-05:00","category":{"@type":"Category","@id":"99f21676-a52f-345f-a1c1-35f96c1ea845","name":"urban","categoryPath":["Elementary Flows","emission","air","troposphere"],"categoryType":"Flow"},"flowType":"ELEMENTARY_FLOW","cas":"7722-84-1","formula":"H2O2","infrastructureFlow":false,"flowProperties":[{"@type":"FlowPropertyFactor","referenceFlowProperty":true,"flowProperty":{"@type":"FlowProperty","@id":"93a60a56-a3c8-11da-a746-0800200b9a66","name":"Mass","categoryPath":["Technical flow properties"]},"conversionFactor":1.0}]}