{"@context":"http://greendelta.github.io/olca-schema/context.jsonld","@type":"Flow","@id":"96054103-8509-3049-a638-c4d13cc707cc","name":"Water","description":"From FedElemFlowList_1.0.1. Flow Class: Water. Not a preferred flow.","version":"01.00.001","lastChange":"2020-01-13T16:09:46.084-05:00","category":{"@type":"Category","@id":"4d599e48-40f7-33ea-8c13-b39bc7fc2fd6","name":"water","categoryPath":["Elementary Flows","emission"],"categoryType":"Flow"},"flowType":"ELEMENTARY_FLOW","cas":"7732190","formula":"H2O","infrastructureFlow":false,"flowProperties":[{"@type":"FlowPropertyFactor","referenceFlowProperty":true,"flowProperty":{"@type":"FlowProperty","@id":"93a60a56-a3c8-11da-a746-0800200b9a66","name":"Mass","categoryPath":["Technical flow properties"]},"conversionFactor":1.0},{"@type":"FlowPropertyFactor","flowProperty":{"@type":"FlowProperty","@id":"93a60a56-a3c8-22da-a746-0800200c9a66","name":"Volume","categoryPath":["Technical flow properties"]},"conversionFactor":0.001}]}