{"@context":"http://greendelta.github.io/olca-schema/context.jsonld","@type":"Flow","@id":"a7ae6413-6ad4-3024-acdd-b2975738bd4d","name":"Transformation, to dump site, slag compartment","version":"00.00.002","lastChange":"2018-06-27T12:38:49.818-04:00","category":{"@type":"Category","@id":"b3589aa8-5716-39c7-b3f2-5eeb6517b48b","name":"Ecosystem Services","categoryType":"Flow"},"flowType":"PRODUCT_FLOW","infrastructureFlow":false,"flowProperties":[{"@type":"FlowPropertyFactor","referenceFlowProperty":true,"flowProperty":{"@type":"FlowProperty","@id":"93a60a56-a3c8-19da-a746-0800200c9a66","name":"Area","categoryPath":["Technical flow properties"]},"conversionFactor":1.0}]}