{"@context":"http://greendelta.github.io/olca-schema/context.jsonld","@type":"Flow","@id":"aa0db38e-5e6f-3022-97f5-c42d16536203","name":"Bromine","description":"From FedElemFlowList_1.0.1. Flow Class: Chemicals. Not a preferred flow.","version":"01.00.001","lastChange":"2020-01-13T16:09:45.370-05:00","category":{"@type":"Category","@id":"99f21676-a52f-345f-a1c1-35f96c1ea845","name":"urban","categoryPath":["Elementary Flows","emission","air","troposphere"],"categoryType":"Flow"},"flowType":"ELEMENTARY_FLOW","cas":"7726-95-6","formula":"Br2","infrastructureFlow":false,"flowProperties":[{"@type":"FlowPropertyFactor","referenceFlowProperty":true,"flowProperty":{"@type":"FlowProperty","@id":"93a60a56-a3c8-11da-a746-0800200b9a66","name":"Mass","categoryPath":["Technical flow properties"]},"conversionFactor":1.0}]}