{"@context":"http://greendelta.github.io/olca-schema/context.jsonld","@type":"Flow","@id":"aee47a59-0158-3539-aa77-9c6b7fcd8838","name":"Polychlorinated biphenyls","description":"From FedElemFlowList_1.0.1. Flow Class: Groups. Not a preferred flow.","version":"01.00.001","lastChange":"2020-01-13T16:09:46.002-05:00","category":{"@type":"Category","@id":"99f21676-a52f-345f-a1c1-35f96c1ea845","name":"urban","categoryPath":["Elementary Flows","emission","air","troposphere"],"categoryType":"Flow"},"flowType":"ELEMENTARY_FLOW","cas":"1336-36-3","formula":"C12","infrastructureFlow":false,"flowProperties":[{"@type":"FlowPropertyFactor","referenceFlowProperty":true,"flowProperty":{"@type":"FlowProperty","@id":"93a60a56-a3c8-11da-a746-0800200b9a66","name":"Mass","categoryPath":["Technical flow properties"]},"conversionFactor":1.0}]}