{"@context":"http://greendelta.github.io/olca-schema/context.jsonld","@type":"Flow","@id":"b235b36a-7ade-3301-acd9-e9a91a8138e8","name":"Transport, intercity bus, diesel powered","version":"00.00.003","lastChange":"2019-09-19T14:29:50.121-04:00","category":{"@type":"Category","@id":"dc45ea44-7436-36a3-83fc-ef4b35356c72","name":"4852: Interurban and Rural Bus Transportation","categoryPath":["Technosphere Flows","48-49: Transportation and Warehousing"],"categoryType":"Flow"},"flowType":"PRODUCT_FLOW","infrastructureFlow":false,"location":{"@type":"Location","@id":"b320e7db-c758-3ba6-8839-81eb83c9d7d7","name":"Northern America"},"flowProperties":[{"@type":"FlowPropertyFactor","referenceFlowProperty":true,"flowProperty":{"@type":"FlowProperty","@id":"8766e10f-9f41-4db0-8173-ad0d002a5b98","name":"Person transport","categoryPath":["Technical flow properties"]},"conversionFactor":1.0}]}