{"@context":"http://greendelta.github.io/olca-schema/context.jsonld","@type":"Flow","@id":"b9bf1348-35c3-3395-8b97-22df2eebd656","name":"Mercury","description":"From FedElemFlowList_1.0. Flow Class: Chemicals. Not a preferred flow.","version":"01.00.000","lastChange":"2019-09-11T10:11:18.320-04:00","category":{"@type":"Category","@id":"70b638ae-f25e-3e47-bf65-963ff4d6cd60","name":"very high","categoryPath":["Elementary Flows","emission","air","troposphere"],"categoryType":"Flow"},"flowType":"ELEMENTARY_FLOW","cas":"7439-97-6","formula":"Hg","infrastructureFlow":false,"flowProperties":[{"@type":"FlowPropertyFactor","referenceFlowProperty":true,"flowProperty":{"@type":"FlowProperty","@id":"93a60a56-a3c8-11da-a746-0800200b9a66","name":"Mass","categoryPath":["Technical flow properties"]},"conversionFactor":1.0}]}