{"@context":"http://greendelta.github.io/olca-schema/context.jsonld","@type":"Flow","@id":"be74a03d-4243-3926-abc7-a1f03a076f66","name":"Single-ply, white, polyester reinforced PVC roofing membrane, 80 mils - 2.032 mm","description":"Per NSF PCR, single ply roofing membranes are defined as thermoplastic or thermoset membranes of compounded synthetic materials manufactured in a factory for use in roofing. A white, SPPR PVC roofing membrane consists of two plies or layers of PVC material with a polyester reinforcement scrim between the layers (Figure 1). The top ply has special additives to make the membrane UV stable, plasticizers to make it flexible, and pigments for color. The bottom ply is typically darker in color containing fewer pigments by weight, but otherwise contains a similar mix of plasticizers, stabilizers, fillers and fire-retardant additives.","version":"00.00.006","lastChange":"2021-08-10T07:40:42.058-04:00","category":{"@type":"Category","@id":"03efefc8-0003-38d9-8535-d6cb213b0ae7","name":"3261: Plastics Product Manufacturing","categoryPath":["Technosphere Flows","31-33: Manufacturing"],"categoryType":"Flow"},"flowType":"PRODUCT_FLOW","infrastructureFlow":false,"flowProperties":[{"@type":"FlowPropertyFactor","referenceFlowProperty":true,"flowProperty":{"@type":"FlowProperty","@id":"93a60a56-a3c8-19da-a746-0800200c9a66","name":"Area","categoryPath":["Technical flow properties"]},"conversionFactor":1.0},{"@type":"FlowPropertyFactor","flowProperty":{"@type":"FlowProperty","@id":"93a60a56-a3c8-11da-a746-0800200b9a66","name":"Mass","categoryPath":["Technical flow properties"]},"conversionFactor":2.46}]}