{"@context":"http://greendelta.github.io/olca-schema/context.jsonld","@type":"Flow","@id":"c754a986-828e-3b25-94aa-b15793d8151d","name":"Argon","description":"From FedElemFlowList_1.0.1. Flow Class: Chemicals. Not a preferred flow.","version":"01.00.001","lastChange":"2020-01-13T16:09:45.955-05:00","category":{"@type":"Category","@id":"21745189-21da-3e27-ab8b-6f4e86721649","name":"air","categoryPath":["Elementary Flows","resource"],"categoryType":"Flow"},"flowType":"ELEMENTARY_FLOW","cas":"7440-37-1","formula":"Ar","infrastructureFlow":false,"flowProperties":[{"@type":"FlowPropertyFactor","referenceFlowProperty":true,"flowProperty":{"@type":"FlowProperty","@id":"93a60a56-a3c8-11da-a746-0800200b9a66","name":"Mass","categoryPath":["Technical flow properties"]},"conversionFactor":1.0}]}