{"@context":"http://greendelta.github.io/olca-schema/context.jsonld","@type":"Flow","@id":"caca451d-e5df-4bf4-91f8-2c4be75af6dc","name":"Steam, purchased by containerboard mills","description":"","version":"00.00.002","lastChange":"2019-09-19T13:18:37.234-04:00","category":{"@type":"Category","@id":"b754929a-d887-3a15-9d11-69cdccc77689","name":"2213: Water, Sewage and Other Systems","categoryPath":["Technosphere Flows","22: Utilities"],"categoryType":"Flow"},"flowType":"PRODUCT_FLOW","infrastructureFlow":false,"flowProperties":[{"@type":"FlowPropertyFactor","referenceFlowProperty":true,"flowProperty":{"@type":"FlowProperty","@id":"f6811440-ee37-11de-8a39-0800200c9a66","name":"Energy","categoryPath":["Technical flow properties"]},"conversionFactor":1.0}]}