{"@context":"http://greendelta.github.io/olca-schema/context.jsonld","@type":"Flow","@id":"cf8a98c5-aa26-3276-9e95-09baf279e190","name":"Transport, passenger car, gasoline powered","version":"00.00.003","lastChange":"2019-09-19T14:32:25.343-04:00","category":{"@type":"Category","@id":"eae7f76c-970c-3cb3-a107-981d76baa656","name":"4859: Other Transit and Ground Passenger Transportation","categoryPath":["Technosphere Flows","48-49: Transportation and Warehousing"],"categoryType":"Flow"},"flowType":"PRODUCT_FLOW","infrastructureFlow":false,"location":{"@type":"Location","@id":"b320e7db-c758-3ba6-8839-81eb83c9d7d7","name":"Northern America"},"flowProperties":[{"@type":"FlowPropertyFactor","referenceFlowProperty":true,"flowProperty":{"@type":"FlowProperty","@id":"8766e10f-9f41-4db0-8173-ad0d002a5b98","name":"Person transport","categoryPath":["Technical flow properties"]},"conversionFactor":1.0}]}