{"@context":"http://greendelta.github.io/olca-schema/context.jsonld","@type":"Flow","@id":"d56acd63-a8ae-3308-a626-fa858ee121dd","name":"Forest residue, dried, stored","version":"00.00.003","lastChange":"2019-09-18T18:58:55.124-04:00","category":{"@type":"Category","@id":"1b260f2d-51cc-3f6f-8385-b8dbcab85ee3","name":"1132: Forest Nurseries and Gathering of Forest Products","categoryPath":["Technosphere Flows","11: Agriculture, Forestry, Fishing and Hunting"],"categoryType":"Flow"},"flowType":"PRODUCT_FLOW","infrastructureFlow":false,"location":{"@type":"Location","@id":"b320e7db-c758-3ba6-8839-81eb83c9d7d7","name":"Northern America"},"flowProperties":[{"@type":"FlowPropertyFactor","referenceFlowProperty":true,"flowProperty":{"@type":"FlowProperty","@id":"93a60a56-a3c8-11da-a746-0800200b9a66","name":"Mass","categoryPath":["Technical flow properties"]},"conversionFactor":1.0}]}