{"@context":"http://greendelta.github.io/olca-schema/context.jsonld","@type":"Flow","@id":"da0f6c12-b6ba-366a-8d62-4e373f300ffa","name":"Beryllium","description":"From FedElemFlowList_1.0.2. Flow Class: Chemicals. Not a preferred flow.","version":"01.00.002","lastChange":"2020-04-22T01:12:10.351-04:00","category":{"@type":"Category","@id":"d9b6d2ca-9f04-3660-9f79-2665d8e683fe","name":"ground","categoryPath":["Elementary Flows","emission"],"categoryType":"Flow"},"flowType":"ELEMENTARY_FLOW","cas":"7440-41-7","formula":"Be","infrastructureFlow":false,"flowProperties":[{"@type":"FlowPropertyFactor","referenceFlowProperty":true,"flowProperty":{"@type":"FlowProperty","@id":"93a60a56-a3c8-11da-a746-0800200b9a66","name":"Mass","categoryPath":["Technical flow properties"]},"conversionFactor":1.0}]}