{"@context":"http://greendelta.github.io/olca-schema/context.jsonld","@type":"Flow","@id":"dc379886-e517-32b0-b7de-57095375ea73","name":"Silver (I) sulfide","description":"From FedElemFlowList_1.0. Flow Class: Geological. Not a preferred flow.","version":"01.00.000","lastChange":"2019-09-11T10:21:52.649-04:00","category":{"@type":"Category","@id":"25162403-5267-35ee-9c88-a5fd3036162a","name":"subterranean","categoryPath":["Elementary Flows","resource","ground"],"categoryType":"Flow"},"flowType":"ELEMENTARY_FLOW","formula":"Ag2S","infrastructureFlow":false,"flowProperties":[{"@type":"FlowPropertyFactor","referenceFlowProperty":true,"flowProperty":{"@type":"FlowProperty","@id":"93a60a56-a3c8-11da-a746-0800200b9a66","name":"Mass","categoryPath":["Technical flow properties"]},"conversionFactor":1.0}]}