{"@context":"http://greendelta.github.io/olca-schema/context.jsonld","@type":"Flow","@id":"efaa5e7d-6efa-398d-95b4-7d24be488715","name":"Gravel","description":"From FedElemFlowList_1.0.1. Flow Class: Geological. Not a preferred flow.","version":"01.00.001","lastChange":"2020-01-13T16:09:45.971-05:00","category":{"@type":"Category","@id":"25162403-5267-35ee-9c88-a5fd3036162a","name":"subterranean","categoryPath":["Elementary Flows","resource","ground"],"categoryType":"Flow"},"flowType":"ELEMENTARY_FLOW","infrastructureFlow":false,"flowProperties":[{"@type":"FlowPropertyFactor","referenceFlowProperty":true,"flowProperty":{"@type":"FlowProperty","@id":"93a60a56-a3c8-11da-a746-0800200b9a66","name":"Mass","categoryPath":["Technical flow properties"]},"conversionFactor":1.0}]}