{"@context":"http://greendelta.github.io/olca-schema/context.jsonld","@type":"Flow","@id":"efaf3116-957a-3145-9b89-9147ffb3c8b1","name":"Water","description":"From FedElemFlowList_1.0.1. Flow Class: Water. Not a preferred flow.","version":"01.00.001","lastChange":"2020-01-13T16:09:46.084-05:00","category":{"@type":"Category","@id":"c345d357-dcee-37b0-aa31-04e9708b010b","name":"subterranean","categoryPath":["Elementary Flows","emission","water"],"categoryType":"Flow"},"flowType":"ELEMENTARY_FLOW","cas":"7732190","formula":"H2O","infrastructureFlow":false,"flowProperties":[{"@type":"FlowPropertyFactor","flowProperty":{"@type":"FlowProperty","@id":"93a60a56-a3c8-22da-a746-0800200c9a66","name":"Volume","categoryPath":["Technical flow properties"]},"conversionFactor":0.001},{"@type":"FlowPropertyFactor","referenceFlowProperty":true,"flowProperty":{"@type":"FlowProperty","@id":"93a60a56-a3c8-11da-a746-0800200b9a66","name":"Mass","categoryPath":["Technical flow properties"]},"conversionFactor":1.0}]}