{"@context":"http://greendelta.github.io/olca-schema/context.jsonld","@type":"Flow","@id":"f806b9df-b77c-3369-a00f-feda82b0778c","name":"Corrugated product, average production, at mill","version":"00.00.004","lastChange":"2019-09-19T13:41:27.571-04:00","category":{"@type":"Category","@id":"3ffa77ca-9635-3dd5-85ba-d887dae1ed3c","name":"3222: Converted Paper Product Manufacturing","categoryPath":["Technosphere Flows","31-33: Manufacturing"],"categoryType":"Flow"},"flowType":"PRODUCT_FLOW","infrastructureFlow":false,"location":{"@type":"Location","@id":"0b3b97fa-6688-3c56-88ee-4ae80ec0c3c2","name":"United States"},"flowProperties":[{"@type":"FlowPropertyFactor","referenceFlowProperty":true,"flowProperty":{"@type":"FlowProperty","@id":"93a60a56-a3c8-11da-a746-0800200b9a66","name":"Mass","categoryPath":["Technical flow properties"]},"conversionFactor":1.0}]}