<?xml version="1.0" encoding="UTF-8" standalone="yes"?>
<processDataSet xmlns:m="http://lca.jrc.it/ILCD/LCIAMethod" xmlns:common="http://lca.jrc.it/ILCD/Common" xmlns:s="http://lca.jrc.it/ILCD/Source" xmlns:c="http://lca.jrc.it/ILCD/Contact" xmlns:f="http://lca.jrc.it/ILCD/Flow" xmlns="http://lca.jrc.it/ILCD/Process" xmlns:fp="http://lca.jrc.it/ILCD/FlowProperty" xmlns:u="http://lca.jrc.it/ILCD/UnitGroup" version="1.1">
    <processInformation>
        <dataSetInformation>
            <common:UUID>0924e625-e201-374c-8628-0c44df929cdd</common:UUID>
            <name>
                <baseName xml:lang="en">Diesel, combusted in industrial boiler, at pulp and paper mill (EXCL.)</baseName>
            </name>
            <classificationInformation>
                <common:classification>
                    <common:class level="0" classId="dd160b3d-0fc0-3555-8da1-23e152be40d8">Paper Manufacturing</common:class>
                    <common:class level="1" classId="cc05d3a5-657a-32dd-ace5-480164b8cacb">Pulp, Paper, and Paperboard Mills</common:class>
                </common:classification>
            </classificationInformation>
            <common:generalComment xml:lang="en">This process was built to be used within the processes named "Fuels burned at bleached kraft market pulp mill", "Fuels burned at uncoated freesheet paper mill", "Fuels burned at coated freesheet paper mill", "Fuels burned at uncoated mechanical paper mill", "Fuels burned at coated mechanical paper mill" and "Fuels burned at bag and sack paper mill". It was built from the process named "Diesel, combusted in industrial boiler" v1.6 available in the US LCI database. Transport and waste processes were removed. The following emissions to air were excluded (excl.): Sulfur oxidesand Nitrogen oxides. These processes and emissions are reported in pulp and paper mill process chain in which this process is integrated.
Important note: although most of the data in the US LCI database has 
undergone some sort of review, the database as a whole has not yet 
undergone a formal validation process.
Please email comments to lci@nrel.gov.</common:generalComment>
        </dataSetInformation>
        <quantitativeReference type="Reference flow(s)">
            <referenceToReferenceFlow>0</referenceToReferenceFlow>
        </quantitativeReference>
        <time xmlns:olca="http://openlca.org/ilcd-extensions" olca:startDate="883551600000" olca:endDate="978246000000">
            <common:referenceYear>1997</common:referenceYear>
            <common:dataSetValidUntil>2000</common:dataSetValidUntil>
        </time>
        <geography>
            <locationOfOperationSupplyOrProduction location="RNA" latitudeAndLongitude="58.71,-91.96">
                <descriptionOfRestrictions xml:lang="en">United States</descriptionOfRestrictions>
            </locationOfOperationSupplyOrProduction>
        </geography>
        <technology>
            <technologyDescriptionAndIncludedProcesses xml:lang="en">Diesel combustion in average industrial boiler.</technologyDescriptionAndIncludedProcesses>
        </technology>
    </processInformation>
    <modellingAndValidation>
        <LCIMethodAndAllocation>
            <typeOfDataSet>Unit process, black box</typeOfDataSet>
            <LCIMethodPrinciple>Other</LCIMethodPrinciple>
        </LCIMethodAndAllocation>
        <dataSourcesTreatmentAndRepresentativeness>
            <deviationsFromCutOffAndCompletenessPrinciples xml:lang="en">None.</deviationsFromCutOffAndCompletenessPrinciples>
            <deviationsFromSelectionAndCombinationPrinciples xml:lang="en">None.</deviationsFromSelectionAndCombinationPrinciples>
            <referenceToDataSource type="source data set" refObjectId="05b16464-6e15-3cf1-9b7b-d6fa9e664bfc" version="01.00.000" uri="../sources/05b16464-6e15-3cf1-9b7b-d6fa9e664bfc">
                <common:shortDescription xml:lang="en">U.S. EPA Office of Solid Waste </common:shortDescription>
            </referenceToDataSource>
            <referenceToDataSource type="source data set" refObjectId="b2f268b3-b3e1-320c-afe5-3170fcda4043" version="01.00.000" uri="../sources/b2f268b3-b3e1-320c-afe5-3170fcda4043">
                <common:shortDescription xml:lang="en">U.S. EPA </common:shortDescription>
            </referenceToDataSource>
            <referenceToDataSource type="source data set" refObjectId="53cf3dbb-e1a3-39fe-9948-651ab4f530fe" version="01.00.000" uri="../sources/53cf3dbb-e1a3-39fe-9948-651ab4f530fe">
                <common:shortDescription xml:lang="en">U.S. EPA </common:shortDescription>
            </referenceToDataSource>
            <referenceToDataSource type="source data set" refObjectId="0af1aedb-495b-3797-bdfd-fd121e26a8b0" version="01.00.000" uri="../sources/0af1aedb-495b-3797-bdfd-fd121e26a8b0">
                <common:shortDescription xml:lang="en">Franklin Associates </common:shortDescription>
            </referenceToDataSource>
            <referenceToDataSource type="source data set" refObjectId="dc4bef28-f31e-3c79-8d20-c2587c42a331" version="01.00.000" uri="../sources/dc4bef28-f31e-3c79-8d20-c2587c42a331">
                <common:shortDescription xml:lang="en">EIA </common:shortDescription>
            </referenceToDataSource>
            <referenceToDataSource type="source data set" refObjectId="f6a80651-3037-3077-82fc-799e12406c54" version="01.00.000" uri="../sources/f6a80651-3037-3077-82fc-799e12406c54">
                <common:shortDescription xml:lang="en">U.S. EPA </common:shortDescription>
            </referenceToDataSource>
            <referenceToDataSource type="source data set" refObjectId="e6f7d676-1804-3acf-b7e8-82cf84db3281" version="01.00.000" uri="../sources/e6f7d676-1804-3acf-b7e8-82cf84db3281">
                <common:shortDescription xml:lang="en">AF&amp;PA </common:shortDescription>
            </referenceToDataSource>
            <referenceToDataSource type="source data set" refObjectId="f259fd64-0a3f-378e-a5fe-62986163c8dd" version="01.00.000" uri="../sources/f259fd64-0a3f-378e-a5fe-62986163c8dd">
                <common:shortDescription xml:lang="en">Center for Transportation Research, Argo </common:shortDescription>
            </referenceToDataSource>
            <referenceToDataSource type="source data set" refObjectId="22c51732-c60f-3d8e-9573-d350b2ac165c" version="01.00.000" uri="../sources/22c51732-c60f-3d8e-9573-d350b2ac165c">
                <common:shortDescription xml:lang="en">U.S. EPA </common:shortDescription>
            </referenceToDataSource>
        </dataSourcesTreatmentAndRepresentativeness>
        <validation>
            <review type="Not reviewed">
                <common:reviewDetails xml:lang="en">unknown</common:reviewDetails>
                <common:referenceToNameOfReviewerAndInstitution type="contact data set" refObjectId="c71c2be4-29ec-3a4c-80a6-77242fa644f1" version="01.00.000" uri="../contacts/c71c2be4-29ec-3a4c-80a6-77242fa644f1">
                    <common:shortDescription xml:lang="en">Martha Stevenson</common:shortDescription>
                </common:referenceToNameOfReviewerAndInstitution>
            </review>
        </validation>
    </modellingAndValidation>
    <administrativeInformation>
        <dataGenerator>
            <common:referenceToPersonOrEntityGeneratingTheDataSet type="contact data set" refObjectId="0d6cba77-2eff-3519-92d7-8a87dab88049" version="01.00.000" uri="../contacts/0d6cba77-2eff-3519-92d7-8a87dab88049">
                <common:shortDescription xml:lang="en">Caroline Gaudreault</common:shortDescription>
            </common:referenceToPersonOrEntityGeneratingTheDataSet>
        </dataGenerator>
        <dataEntryBy>
            <common:timeStamp>2018-10-08T12:54:47.412-06:00</common:timeStamp>
            <common:referenceToDataSetFormat type="source data set" refObjectId="a97a0155-0234-4b87-b4ce-a45da52f2a40" version="01.01.000" uri="../sources/a97a0155-0234-4b87-b4ce-a45da52f2a40_01.01.000.xml">
                <common:shortDescription xml:lang="en">ILCD format</common:shortDescription>
            </common:referenceToDataSetFormat>
            <common:referenceToPersonOrEntityEnteringTheData type="contact data set" refObjectId="bf3f36bd-8fbb-33a7-8317-3a366007dd91" version="01.00.000" uri="../contacts/bf3f36bd-8fbb-33a7-8317-3a366007dd91">
                <common:shortDescription xml:lang="en">Chantal Lavigne</common:shortDescription>
            </common:referenceToPersonOrEntityEnteringTheData>
        </dataEntryBy>
        <publicationAndOwnership>
            <common:dateOfLastRevision>2018-06-27T10:38:51.539-06:00</common:dateOfLastRevision>
            <common:dataSetVersion>00.00.001</common:dataSetVersion>
            <common:referenceToUnchangedRepublication type="source data set" refObjectId="0af1aedb-495b-3797-bdfd-fd121e26a8b0" version="01.00.000" uri="../sources/0af1aedb-495b-3797-bdfd-fd121e26a8b0">
                <common:shortDescription xml:lang="en">Franklin Associates </common:shortDescription>
            </common:referenceToUnchangedRepublication>
            <common:copyright>false</common:copyright>
            <common:accessRestrictions xml:lang="en">All information can be accessed by everybody.</common:accessRestrictions>
        </publicationAndOwnership>
    </administrativeInformation>
    <exchanges>
        <exchange xmlns:olca="http://openlca.org/ilcd-extensions" dataSetInternalID="0" olca:propertyId="93a60a56-a3c8-22da-a746-0800200c9a66" olca:amount="1.0">
            <referenceToFlowDataSet type="flow data set" refObjectId="e184833d-06cf-3cac-9fd8-df1dc06bb137" version="01.00.000" uri="../flows/e184833d-06cf-3cac-9fd8-df1dc06bb137">
                <common:shortDescription xml:lang="en">Diesel, combusted in industrial boiler, at pulp and paper mill (EXCL.)</common:shortDescription>
            </referenceToFlowDataSet>
            <exchangeDirection>Output</exchangeDirection>
            <meanAmount>1.0</meanAmount>
            <resultingAmount>1.0</resultingAmount>
        </exchange>
        <exchange xmlns:olca="http://openlca.org/ilcd-extensions" dataSetInternalID="28" olca:propertyId="93a60a56-a3c8-11da-a746-0800200b9a66" olca:amount="6.0031E-4">
            <referenceToFlowDataSet type="flow data set" refObjectId="8f6e6949-f569-3d05-abe1-de3608895d47" version="01.00.000" uri="../flows/8f6e6949-f569-3d05-abe1-de3608895d47">
                <common:shortDescription xml:lang="en">Carbon monoxide, fossil </common:shortDescription>
            </referenceToFlowDataSet>
            <exchangeDirection>Output</exchangeDirection>
            <meanAmount>6.0031E-4</meanAmount>
            <resultingAmount>6.0031E-4</resultingAmount>
        </exchange>
        <exchange xmlns:olca="http://openlca.org/ilcd-extensions" dataSetInternalID="12" olca:propertyId="93a60a56-a3c8-11da-a746-0800200b9a66" olca:amount="6.648E-8">
            <referenceToFlowDataSet type="flow data set" refObjectId="6505c252-8e98-3e73-8e2b-e49deaf2598b" version="01.00.000" uri="../flows/6505c252-8e98-3e73-8e2b-e49deaf2598b">
                <common:shortDescription xml:lang="en">Arsenic</common:shortDescription>
            </referenceToFlowDataSet>
            <exchangeDirection>Output</exchangeDirection>
            <meanAmount>6.648E-8</meanAmount>
            <resultingAmount>6.648E-8</resultingAmount>
        </exchange>
        <exchange xmlns:olca="http://openlca.org/ilcd-extensions" dataSetInternalID="18" olca:propertyId="93a60a56-a3c8-11da-a746-0800200b9a66" olca:amount="9.141E-9">
            <referenceToFlowDataSet type="flow data set" refObjectId="a86e5507-1798-3356-9a6a-c087d0977654" version="01.00.000" uri="../flows/a86e5507-1798-3356-9a6a-c087d0977654">
                <common:shortDescription xml:lang="en">Ethene, tetrachloro-</common:shortDescription>
            </referenceToFlowDataSet>
            <exchangeDirection>Output</exchangeDirection>
            <meanAmount>9.141E-9</meanAmount>
            <resultingAmount>9.141E-9</resultingAmount>
        </exchange>
        <exchange xmlns:olca="http://openlca.org/ilcd-extensions" dataSetInternalID="17" olca:amount="1.662E-12">
            <referenceToFlowDataSet type="flow data set" refObjectId="082903e4-45d8-4078-94cb-736b15279277" version="01.00.000" uri="../flows/082903e4-45d8-4078-94cb-736b15279277">
                <common:shortDescription xml:lang="en">Dioxins, measured as 2,3,7,8-tetrachlorodibenzo-p-dioxin</common:shortDescription>
            </referenceToFlowDataSet>
            <exchangeDirection>Output</exchangeDirection>
            <meanAmount>1.662E-12</meanAmount>
            <resultingAmount>1.662E-12</resultingAmount>
        </exchange>
        <exchange xmlns:olca="http://openlca.org/ilcd-extensions" dataSetInternalID="9" olca:propertyId="93a60a56-a3c8-11da-a746-0800200b9a66" olca:amount="2.727">
            <referenceToFlowDataSet type="flow data set" refObjectId="63af114b-afcb-3a82-801a-9c66208a673a" version="01.00.000" uri="../flows/63af114b-afcb-3a82-801a-9c66208a673a">
                <common:shortDescription xml:lang="en">Carbon dioxide, fossil </common:shortDescription>
            </referenceToFlowDataSet>
            <exchangeDirection>Output</exchangeDirection>
            <meanAmount>2.727</meanAmount>
            <resultingAmount>2.727</resultingAmount>
        </exchange>
        <exchange xmlns:olca="http://openlca.org/ilcd-extensions" dataSetInternalID="10" olca:amount="8.3807E-5">
            <referenceToFlowDataSet type="flow data set" refObjectId="c941d6d0-a56c-4e6c-95de-ac685635218d" version="01.00.000" uri="../flows/c941d6d0-a56c-4e6c-95de-ac685635218d">
                <common:shortDescription xml:lang="en">Hydrogen chloride</common:shortDescription>
            </referenceToFlowDataSet>
            <exchangeDirection>Output</exchangeDirection>
            <meanAmount>8.3807E-5</meanAmount>
            <resultingAmount>8.3807E-5</resultingAmount>
        </exchange>
        <exchange xmlns:olca="http://openlca.org/ilcd-extensions" dataSetInternalID="24" olca:propertyId="93a60a56-a3c8-11da-a746-0800200b9a66" olca:amount="5.3343E-7">
            <referenceToFlowDataSet type="flow data set" refObjectId="39587969-515b-3599-a403-78c461a936eb" version="01.00.000" uri="../flows/39587969-515b-3599-a403-78c461a936eb">
                <common:shortDescription xml:lang="en">Oils, unspecified</common:shortDescription>
            </referenceToFlowDataSet>
            <exchangeDirection>Output</exchangeDirection>
            <meanAmount>5.3343E-7</meanAmount>
            <resultingAmount>5.3343E-7</resultingAmount>
        </exchange>
        <exchange xmlns:olca="http://openlca.org/ilcd-extensions" dataSetInternalID="14" olca:amount="4.986E-8">
            <referenceToFlowDataSet type="flow data set" refObjectId="e142b577-e934-4085-9a07-3983d4d92afb" version="01.00.000" uri="../flows/e142b577-e934-4085-9a07-3983d4d92afb">
                <common:shortDescription xml:lang="en">Chromium</common:shortDescription>
            </referenceToFlowDataSet>
            <exchangeDirection>Output</exchangeDirection>
            <meanAmount>4.986E-8</meanAmount>
            <resultingAmount>4.986E-8</resultingAmount>
        </exchange>
        <exchange xmlns:olca="http://openlca.org/ilcd-extensions" dataSetInternalID="6" olca:amount="1.0669E-6">
            <referenceToFlowDataSet type="flow data set" refObjectId="693921ef-e02d-4072-add0-55aa4631b213" version="01.00.000" uri="../flows/693921ef-e02d-4072-add0-55aa4631b213">
                <common:shortDescription xml:lang="en">Suspended solids, unspecified</common:shortDescription>
            </referenceToFlowDataSet>
            <exchangeDirection>Output</exchangeDirection>
            <meanAmount>1.0669E-6</meanAmount>
            <resultingAmount>1.0669E-6</resultingAmount>
        </exchange>
        <exchange xmlns:olca="http://openlca.org/ilcd-extensions" dataSetInternalID="5" olca:propertyId="93a60a56-a3c8-11da-a746-0800200b9a66" olca:amount="4.986E-8">
            <referenceToFlowDataSet type="flow data set" refObjectId="ed6487a9-6261-36ce-88f3-f4216e8428a1" version="01.00.000" uri="../flows/ed6487a9-6261-36ce-88f3-f4216e8428a1">
                <common:shortDescription xml:lang="en">Beryllium</common:shortDescription>
            </referenceToFlowDataSet>
            <exchangeDirection>Output</exchangeDirection>
            <meanAmount>4.986E-8</meanAmount>
            <resultingAmount>4.986E-8</resultingAmount>
        </exchange>
        <exchange xmlns:olca="http://openlca.org/ilcd-extensions" dataSetInternalID="26" olca:amount="1.1972E-4">
            <referenceToFlowDataSet type="flow data set" refObjectId="b967e1bf-f09b-4c89-8740-ace21db47bba" version="01.00.000" uri="../flows/b967e1bf-f09b-4c89-8740-ace21db47bba">
                <common:shortDescription xml:lang="en">Particulates, &gt; 2.5 um, and &lt; 10um</common:shortDescription>
            </referenceToFlowDataSet>
            <exchangeDirection>Output</exchangeDirection>
            <meanAmount>1.1972E-4</meanAmount>
            <resultingAmount>1.1972E-4</resultingAmount>
        </exchange>
        <exchange xmlns:olca="http://openlca.org/ilcd-extensions" dataSetInternalID="1" olca:amount="2.408E-5">
            <referenceToFlowDataSet type="flow data set" refObjectId="7ae3bfc4-8532-11e0-9d78-0800200c9a66" version="01.00.000" uri="../flows/7ae3bfc4-8532-11e0-9d78-0800200c9a66">
                <common:shortDescription xml:lang="en">VOC, volatile organic compounds</common:shortDescription>
            </referenceToFlowDataSet>
            <exchangeDirection>Output</exchangeDirection>
            <meanAmount>2.408E-5</meanAmount>
            <resultingAmount>2.408E-5</resultingAmount>
        </exchange>
        <exchange xmlns:olca="http://openlca.org/ilcd-extensions" dataSetInternalID="25" olca:propertyId="93a60a56-a3c8-11da-a746-0800200b9a66" olca:amount="2.493E-7">
            <referenceToFlowDataSet type="flow data set" refObjectId="c1683bc0-0bb2-3012-b0d4-628ca7b440d7" version="01.00.000" uri="../flows/c1683bc0-0bb2-3012-b0d4-628ca7b440d7">
                <common:shortDescription xml:lang="en">Selenium</common:shortDescription>
            </referenceToFlowDataSet>
            <exchangeDirection>Output</exchangeDirection>
            <meanAmount>2.493E-7</meanAmount>
            <resultingAmount>2.493E-7</resultingAmount>
        </exchange>
        <exchange xmlns:olca="http://openlca.org/ilcd-extensions" dataSetInternalID="7" olca:propertyId="93a60a56-a3c8-11da-a746-0800200b9a66" olca:amount="5.3599E-7">
            <referenceToFlowDataSet type="flow data set" refObjectId="5fd898af-49e1-3250-9045-61ee32ba4f1c" version="01.00.000" uri="../flows/5fd898af-49e1-3250-9045-61ee32ba4f1c">
                <common:shortDescription xml:lang="en">Methane, dichloro-, HCC-30</common:shortDescription>
            </referenceToFlowDataSet>
            <exchangeDirection>Output</exchangeDirection>
            <meanAmount>5.3599E-7</meanAmount>
            <resultingAmount>5.3599E-7</resultingAmount>
        </exchange>
        <exchange xmlns:olca="http://openlca.org/ilcd-extensions" dataSetInternalID="20" olca:propertyId="93a60a56-a3c8-11da-a746-0800200b9a66" olca:amount="7.1124E-9">
            <referenceToFlowDataSet type="flow data set" refObjectId="2b12e42f-cfca-3dc8-97cf-abe04f8dc67b" version="01.00.000" uri="../flows/2b12e42f-cfca-3dc8-97cf-abe04f8dc67b">
                <common:shortDescription xml:lang="en">Chloride</common:shortDescription>
            </referenceToFlowDataSet>
            <exchangeDirection>Output</exchangeDirection>
            <meanAmount>7.1124E-9</meanAmount>
            <resultingAmount>7.1124E-9</resultingAmount>
        </exchange>
        <exchange xmlns:olca="http://openlca.org/ilcd-extensions" dataSetInternalID="27" olca:propertyId="93a60a56-a3c8-11da-a746-0800200b9a66" olca:amount="9.972E-8">
            <referenceToFlowDataSet type="flow data set" refObjectId="68645e0d-dc3f-3d22-b886-7eff1d63add4" version="01.00.000" uri="../flows/68645e0d-dc3f-3d22-b886-7eff1d63add4">
                <common:shortDescription xml:lang="en">Copper</common:shortDescription>
            </referenceToFlowDataSet>
            <exchangeDirection>Output</exchangeDirection>
            <meanAmount>9.972E-8</meanAmount>
            <resultingAmount>9.972E-8</resultingAmount>
        </exchange>
        <exchange xmlns:olca="http://openlca.org/ilcd-extensions" dataSetInternalID="23" olca:amount="6.1048E-6">
            <referenceToFlowDataSet type="flow data set" refObjectId="0795345f-c7ae-410c-ad25-1845784c75f5" version="01.00.000" uri="../flows/0795345f-c7ae-410c-ad25-1845784c75f5">
                <common:shortDescription xml:lang="en">Methane, fossil</common:shortDescription>
            </referenceToFlowDataSet>
            <exchangeDirection>Output</exchangeDirection>
            <meanAmount>6.1048E-6</meanAmount>
            <resultingAmount>6.1048E-6</resultingAmount>
        </exchange>
        <exchange xmlns:olca="http://openlca.org/ilcd-extensions" dataSetInternalID="21" olca:amount="1.4958E-7">
            <referenceToFlowDataSet type="flow data set" refObjectId="8e123669-94d3-41d8-9480-a79211fe7c43" version="01.00.000" uri="../flows/8e123669-94d3-41d8-9480-a79211fe7c43">
                <common:shortDescription xml:lang="en">Lead</common:shortDescription>
            </referenceToFlowDataSet>
            <exchangeDirection>Output</exchangeDirection>
            <meanAmount>1.4958E-7</meanAmount>
            <resultingAmount>1.4958E-7</resultingAmount>
        </exchange>
        <exchange xmlns:olca="http://openlca.org/ilcd-extensions" dataSetInternalID="16" olca:propertyId="93a60a56-a3c8-17da-a746-0800200c9a66" olca:amount="0.10827">
            <referenceToFlowDataSet type="flow data set" refObjectId="50c6806b-7c56-360d-9b67-8c78107c3c10" version="01.00.000" uri="../flows/50c6806b-7c56-360d-9b67-8c78107c3c10">
                <common:shortDescription xml:lang="en">Radioactive species, unspecified</common:shortDescription>
            </referenceToFlowDataSet>
            <exchangeDirection>Output</exchangeDirection>
            <meanAmount>0.10827</meanAmount>
            <resultingAmount>0.10827</resultingAmount>
        </exchange>
        <exchange xmlns:olca="http://openlca.org/ilcd-extensions" dataSetInternalID="19" olca:propertyId="93a60a56-a3c8-11da-a746-0800200b9a66" olca:amount="4.0386E-7">
            <referenceToFlowDataSet type="flow data set" refObjectId="af618eb6-3088-3ff2-94a5-8b84985438b8" version="01.00.000" uri="../flows/af618eb6-3088-3ff2-94a5-8b84985438b8">
                <common:shortDescription xml:lang="en">Phenols, unspecified</common:shortDescription>
            </referenceToFlowDataSet>
            <exchangeDirection>Output</exchangeDirection>
            <meanAmount>4.0386E-7</meanAmount>
            <resultingAmount>4.0386E-7</resultingAmount>
        </exchange>
        <exchange xmlns:olca="http://openlca.org/ilcd-extensions" dataSetInternalID="8" olca:propertyId="93a60a56-a3c8-11da-a746-0800200b9a66" olca:amount="3.5562E-8">
            <referenceToFlowDataSet type="flow data set" refObjectId="ab16a3a2-869f-36ed-9233-5302d79cf1f9" version="01.00.000" uri="../flows/ab16a3a2-869f-36ed-9233-5302d79cf1f9">
                <common:shortDescription xml:lang="en">Copper, ion</common:shortDescription>
            </referenceToFlowDataSet>
            <exchangeDirection>Output</exchangeDirection>
            <meanAmount>3.5562E-8</meanAmount>
            <resultingAmount>3.5562E-8</resultingAmount>
        </exchange>
        <exchange xmlns:olca="http://openlca.org/ilcd-extensions" dataSetInternalID="2" olca:amount="4.986E-8">
            <referenceToFlowDataSet type="flow data set" refObjectId="1c5a7322-9261-4d59-a692-adde6c12de92" version="01.00.000" uri="../flows/1c5a7322-9261-4d59-a692-adde6c12de92">
                <common:shortDescription xml:lang="en">Cadmium</common:shortDescription>
            </referenceToFlowDataSet>
            <exchangeDirection>Output</exchangeDirection>
            <meanAmount>4.986E-8</meanAmount>
            <resultingAmount>4.986E-8</resultingAmount>
        </exchange>
        <exchange xmlns:olca="http://openlca.org/ilcd-extensions" dataSetInternalID="11" olca:amount="1.3227E-5">
            <referenceToFlowDataSet type="flow data set" refObjectId="20185046-64bb-4c09-a8e7-e8a9e144ca98" version="01.00.000" uri="../flows/20185046-64bb-4c09-a8e7-e8a9e144ca98">
                <common:shortDescription xml:lang="en">Dinitrogen monoxide</common:shortDescription>
            </referenceToFlowDataSet>
            <exchangeDirection>Output</exchangeDirection>
            <meanAmount>1.3227E-5</meanAmount>
            <resultingAmount>1.3227E-5</resultingAmount>
        </exchange>
        <exchange xmlns:olca="http://openlca.org/ilcd-extensions" dataSetInternalID="29" olca:propertyId="93a60a56-a3c8-22da-a746-0800200c9a66" olca:amount="1.0">
            <referenceToFlowDataSet type="flow data set" refObjectId="d939590b-a0d7-310c-8952-9921ed64a078" version="01.00.000" uri="../flows/d939590b-a0d7-310c-8952-9921ed64a078">
                <common:shortDescription xml:lang="en">Diesel, at refinery</common:shortDescription>
            </referenceToFlowDataSet>
            <exchangeDirection>Input</exchangeDirection>
            <meanAmount>1.0</meanAmount>
            <resultingAmount>1.0</resultingAmount>
        </exchange>
        <exchange xmlns:olca="http://openlca.org/ilcd-extensions" dataSetInternalID="13" olca:amount="3.5562E-8">
            <referenceToFlowDataSet type="flow data set" refObjectId="63e7d74e-8549-11e0-9d78-0800200c9a66" version="01.00.000" uri="../flows/63e7d74e-8549-11e0-9d78-0800200c9a66">
                <common:shortDescription xml:lang="en">Iron</common:shortDescription>
            </referenceToFlowDataSet>
            <exchangeDirection>Output</exchangeDirection>
            <meanAmount>3.5562E-8</meanAmount>
            <resultingAmount>3.5562E-8</resultingAmount>
        </exchange>
        <exchange xmlns:olca="http://openlca.org/ilcd-extensions" dataSetInternalID="4" olca:amount="4.986E-8">
            <referenceToFlowDataSet type="flow data set" refObjectId="a5506f4b-113f-4713-95c3-c819dde6e48b" version="01.00.000" uri="../flows/a5506f4b-113f-4713-95c3-c819dde6e48b">
                <common:shortDescription xml:lang="en">Nickel</common:shortDescription>
            </referenceToFlowDataSet>
            <exchangeDirection>Output</exchangeDirection>
            <meanAmount>4.986E-8</meanAmount>
            <resultingAmount>4.986E-8</resultingAmount>
        </exchange>
        <exchange xmlns:olca="http://openlca.org/ilcd-extensions" dataSetInternalID="3" olca:amount="4.986E-8">
            <referenceToFlowDataSet type="flow data set" refObjectId="71234253-b3a7-4dfe-b166-a484ad15bee7" version="01.00.000" uri="../flows/71234253-b3a7-4dfe-b166-a484ad15bee7">
                <common:shortDescription xml:lang="en">Mercury</common:shortDescription>
            </referenceToFlowDataSet>
            <exchangeDirection>Output</exchangeDirection>
            <meanAmount>4.986E-8</meanAmount>
            <resultingAmount>4.986E-8</resultingAmount>
        </exchange>
        <exchange xmlns:olca="http://openlca.org/ilcd-extensions" dataSetInternalID="22" olca:amount="6.648E-8">
            <referenceToFlowDataSet type="flow data set" refObjectId="5ce378a0-b48d-471c-977d-79681521efde" version="01.00.000" uri="../flows/5ce378a0-b48d-471c-977d-79681521efde">
                <common:shortDescription xml:lang="en">Zinc</common:shortDescription>
            </referenceToFlowDataSet>
            <exchangeDirection>Output</exchangeDirection>
            <meanAmount>6.648E-8</meanAmount>
            <resultingAmount>6.648E-8</resultingAmount>
        </exchange>
        <exchange xmlns:olca="http://openlca.org/ilcd-extensions" dataSetInternalID="15" olca:propertyId="93a60a56-a3c8-11da-a746-0800200b9a66" olca:amount="9.972E-8">
            <referenceToFlowDataSet type="flow data set" refObjectId="cf073fce-ea44-3b44-a451-0ac2894f0bbf" version="01.00.000" uri="../flows/cf073fce-ea44-3b44-a451-0ac2894f0bbf">
                <common:shortDescription xml:lang="en">Manganese</common:shortDescription>
            </referenceToFlowDataSet>
            <exchangeDirection>Output</exchangeDirection>
            <meanAmount>9.972E-8</meanAmount>
            <resultingAmount>9.972E-8</resultingAmount>
        </exchange>
    </exchanges>
</processDataSet>
