<?xml version="1.0" encoding="UTF-8" standalone="yes"?>
<processDataSet xmlns:m="http://lca.jrc.it/ILCD/LCIAMethod" xmlns:common="http://lca.jrc.it/ILCD/Common" xmlns:s="http://lca.jrc.it/ILCD/Source" xmlns:c="http://lca.jrc.it/ILCD/Contact" xmlns:f="http://lca.jrc.it/ILCD/Flow" xmlns="http://lca.jrc.it/ILCD/Process" xmlns:fp="http://lca.jrc.it/ILCD/FlowProperty" xmlns:u="http://lca.jrc.it/ILCD/UnitGroup" version="1.1">
    <processInformation>
        <dataSetInformation>
            <common:UUID>32a3732b-30c8-3605-8306-ca12599f8e91</common:UUID>
            <name>
                <baseName xml:lang="en">Gasoline, combusted in equipment, at pulp and paper mill (EXCL.)</baseName>
            </name>
            <classificationInformation>
                <common:classification>
                    <common:class level="0" classId="dd160b3d-0fc0-3555-8da1-23e152be40d8">Paper Manufacturing</common:class>
                    <common:class level="1" classId="cc05d3a5-657a-32dd-ace5-480164b8cacb">Pulp, Paper, and Paperboard Mills</common:class>
                </common:classification>
            </classificationInformation>
            <common:generalComment xml:lang="en">This process was built to be used within the processes named "Fuels burned at bleached kraft market pulp mill", "Fuels burned at uncoated freesheet paper mill", "Fuels burned at coated freesheet paper mill", "Fuels burned at uncoated mechanical paper mill", "Fuels burned at coated mechanical paper mill" and "Fuels burned at bag and sack paper mill". It was built from the process named "Gasoline, combusted in equipment" v.1.6 available in the US LCI database. Transport and waste processes were removed. The following emissions to air were excluded (excl.): Sulfur oxidesand Nitrogen oxides. </common:generalComment>
        </dataSetInformation>
        <quantitativeReference type="Reference flow(s)">
            <referenceToReferenceFlow>0</referenceToReferenceFlow>
        </quantitativeReference>
        <time xmlns:olca="http://openlca.org/ilcd-extensions" olca:startDate="820393200000" olca:endDate="1041318000000">
            <common:referenceYear>1995</common:referenceYear>
            <common:dataSetValidUntil>2002</common:dataSetValidUntil>
        </time>
        <geography>
            <locationOfOperationSupplyOrProduction location="RNA" latitudeAndLongitude="58.71,-91.96">
                <descriptionOfRestrictions xml:lang="en">United States</descriptionOfRestrictions>
            </locationOfOperationSupplyOrProduction>
        </geography>
        <technology>
            <technologyDescriptionAndIncludedProcesses xml:lang="en">Gasoline combustion in equipment such as mobile refrigeration units, generators, pumps, and portable well-drilling equipment.</technologyDescriptionAndIncludedProcesses>
        </technology>
    </processInformation>
    <modellingAndValidation>
        <LCIMethodAndAllocation>
            <typeOfDataSet>Unit process, black box</typeOfDataSet>
            <LCIMethodPrinciple>Other</LCIMethodPrinciple>
        </LCIMethodAndAllocation>
        <dataSourcesTreatmentAndRepresentativeness>
            <deviationsFromCutOffAndCompletenessPrinciples xml:lang="en">None.</deviationsFromCutOffAndCompletenessPrinciples>
            <deviationsFromSelectionAndCombinationPrinciples xml:lang="en">None.</deviationsFromSelectionAndCombinationPrinciples>
            <referenceToDataSource type="source data set" refObjectId="5e3e2764-4c8c-3c76-a336-50f266cb4ff0" version="01.00.000" uri="../sources/5e3e2764-4c8c-3c76-a336-50f266cb4ff0">
                <common:shortDescription xml:lang="en">EPA </common:shortDescription>
            </referenceToDataSource>
            <referenceToDataSource type="source data set" refObjectId="467bbad1-c18f-3bac-8f74-b95ef887c99c" version="01.00.000" uri="../sources/467bbad1-c18f-3bac-8f74-b95ef887c99c">
                <common:shortDescription xml:lang="en">Franklin Associates </common:shortDescription>
            </referenceToDataSource>
            <referenceToDataSource type="source data set" refObjectId="e6f7d676-1804-3acf-b7e8-82cf84db3281" version="01.00.000" uri="../sources/e6f7d676-1804-3acf-b7e8-82cf84db3281">
                <common:shortDescription xml:lang="en">AF&amp;PA </common:shortDescription>
            </referenceToDataSource>
            <referenceToDataSource type="source data set" refObjectId="f259fd64-0a3f-378e-a5fe-62986163c8dd" version="01.00.000" uri="../sources/f259fd64-0a3f-378e-a5fe-62986163c8dd">
                <common:shortDescription xml:lang="en">Center for Transportation Research, Argo </common:shortDescription>
            </referenceToDataSource>
        </dataSourcesTreatmentAndRepresentativeness>
        <validation>
            <review type="Not reviewed">
                <common:reviewDetails xml:lang="en">unknown</common:reviewDetails>
                <common:referenceToNameOfReviewerAndInstitution type="contact data set" refObjectId="c71c2be4-29ec-3a4c-80a6-77242fa644f1" version="01.00.000" uri="../contacts/c71c2be4-29ec-3a4c-80a6-77242fa644f1">
                    <common:shortDescription xml:lang="en">Martha Stevenson</common:shortDescription>
                </common:referenceToNameOfReviewerAndInstitution>
            </review>
        </validation>
    </modellingAndValidation>
    <administrativeInformation>
        <dataGenerator>
            <common:referenceToPersonOrEntityGeneratingTheDataSet type="contact data set" refObjectId="0d6cba77-2eff-3519-92d7-8a87dab88049" version="01.00.000" uri="../contacts/0d6cba77-2eff-3519-92d7-8a87dab88049">
                <common:shortDescription xml:lang="en">Caroline Gaudreault</common:shortDescription>
            </common:referenceToPersonOrEntityGeneratingTheDataSet>
        </dataGenerator>
        <dataEntryBy>
            <common:timeStamp>2018-10-08T12:54:37.847-06:00</common:timeStamp>
            <common:referenceToDataSetFormat type="source data set" refObjectId="a97a0155-0234-4b87-b4ce-a45da52f2a40" version="01.01.000" uri="../sources/a97a0155-0234-4b87-b4ce-a45da52f2a40_01.01.000.xml">
                <common:shortDescription xml:lang="en">ILCD format</common:shortDescription>
            </common:referenceToDataSetFormat>
            <common:referenceToPersonOrEntityEnteringTheData type="contact data set" refObjectId="bf3f36bd-8fbb-33a7-8317-3a366007dd91" version="01.00.000" uri="../contacts/bf3f36bd-8fbb-33a7-8317-3a366007dd91">
                <common:shortDescription xml:lang="en">Chantal Lavigne</common:shortDescription>
            </common:referenceToPersonOrEntityEnteringTheData>
        </dataEntryBy>
        <publicationAndOwnership>
            <common:dateOfLastRevision>2018-06-27T10:38:51.553-06:00</common:dateOfLastRevision>
            <common:dataSetVersion>00.00.001</common:dataSetVersion>
            <common:referenceToUnchangedRepublication type="source data set" refObjectId="467bbad1-c18f-3bac-8f74-b95ef887c99c" version="01.00.000" uri="../sources/467bbad1-c18f-3bac-8f74-b95ef887c99c">
                <common:shortDescription xml:lang="en">Franklin Associates </common:shortDescription>
            </common:referenceToUnchangedRepublication>
            <common:copyright>false</common:copyright>
            <common:accessRestrictions xml:lang="en">All information can be accessed by everybody.</common:accessRestrictions>
        </publicationAndOwnership>
    </administrativeInformation>
    <exchanges>
        <exchange xmlns:olca="http://openlca.org/ilcd-extensions" dataSetInternalID="0" olca:propertyId="93a60a56-a3c8-22da-a746-0800200c9a66" olca:amount="1.0">
            <referenceToFlowDataSet type="flow data set" refObjectId="a9f20cd5-506f-3e75-b62e-c39872598439" version="01.00.000" uri="../flows/a9f20cd5-506f-3e75-b62e-c39872598439">
                <common:shortDescription xml:lang="en">Gasoline, combusted in equipment, at pulp and paper mill (EXCL.)</common:shortDescription>
            </referenceToFlowDataSet>
            <exchangeDirection>Output</exchangeDirection>
            <meanAmount>1.0</meanAmount>
            <resultingAmount>1.0</resultingAmount>
        </exchange>
        <exchange xmlns:olca="http://openlca.org/ilcd-extensions" dataSetInternalID="4" olca:propertyId="93a60a56-a3c8-11da-a746-0800200b9a66" olca:amount="5.8565E-7">
            <referenceToFlowDataSet type="flow data set" refObjectId="18ee0424-b390-3af5-acf5-4e434e29cd88" version="01.00.000" uri="../flows/18ee0424-b390-3af5-acf5-4e434e29cd88">
                <common:shortDescription xml:lang="en">Butadiene</common:shortDescription>
            </referenceToFlowDataSet>
            <exchangeDirection>Output</exchangeDirection>
            <meanAmount>5.8565E-7</meanAmount>
            <resultingAmount>5.8565E-7</resultingAmount>
        </exchange>
        <exchange xmlns:olca="http://openlca.org/ilcd-extensions" dataSetInternalID="1" olca:propertyId="93a60a56-a3c8-11da-a746-0800200b9a66" olca:amount="6.1261E-6">
            <referenceToFlowDataSet type="flow data set" refObjectId="73d49c21-3419-3a99-98de-75152649f291" version="01.00.000" uri="../flows/73d49c21-3419-3a99-98de-75152649f291">
                <common:shortDescription xml:lang="en">Toluene</common:shortDescription>
            </referenceToFlowDataSet>
            <exchangeDirection>Output</exchangeDirection>
            <meanAmount>6.1261E-6</meanAmount>
            <resultingAmount>6.1261E-6</resultingAmount>
        </exchange>
        <exchange xmlns:olca="http://openlca.org/ilcd-extensions" dataSetInternalID="9" olca:propertyId="93a60a56-a3c8-22da-a746-0800200c9a66" olca:amount="1.0">
            <referenceToFlowDataSet type="flow data set" refObjectId="0e44e579-abb0-3c77-af64-c774d65be529" version="01.00.000" uri="../flows/0e44e579-abb0-3c77-af64-c774d65be529">
                <common:shortDescription xml:lang="en">Gasoline, at refinery</common:shortDescription>
            </referenceToFlowDataSet>
            <exchangeDirection>Input</exchangeDirection>
            <meanAmount>1.0</meanAmount>
            <resultingAmount>1.0</resultingAmount>
        </exchange>
        <exchange xmlns:olca="http://openlca.org/ilcd-extensions" dataSetInternalID="15" olca:propertyId="93a60a56-a3c8-11da-a746-0800200b9a66" olca:amount="1.1488E-5">
            <referenceToFlowDataSet type="flow data set" refObjectId="3c5d727a-673d-334c-9018-3aa68edad2f5" version="01.00.000" uri="../flows/3c5d727a-673d-334c-9018-3aa68edad2f5">
                <common:shortDescription xml:lang="en">Acetaldehyde</common:shortDescription>
            </referenceToFlowDataSet>
            <exchangeDirection>Output</exchangeDirection>
            <meanAmount>1.1488E-5</meanAmount>
            <resultingAmount>1.1488E-5</resultingAmount>
        </exchange>
        <exchange xmlns:olca="http://openlca.org/ilcd-extensions" dataSetInternalID="10" olca:amount="0.0028351">
            <referenceToFlowDataSet type="flow data set" refObjectId="7ae3bfc4-8532-11e0-9d78-0800200c9a66" version="01.00.000" uri="../flows/7ae3bfc4-8532-11e0-9d78-0800200c9a66">
                <common:shortDescription xml:lang="en">VOC, volatile organic compounds</common:shortDescription>
            </referenceToFlowDataSet>
            <exchangeDirection>Output</exchangeDirection>
            <meanAmount>0.0028351</meanAmount>
            <resultingAmount>0.0028351</resultingAmount>
        </exchange>
        <exchange xmlns:olca="http://openlca.org/ilcd-extensions" dataSetInternalID="11" olca:amount="2.6521E-4">
            <referenceToFlowDataSet type="flow data set" refObjectId="b967e1bf-f09b-4c89-8740-ace21db47bba" version="01.00.000" uri="../flows/b967e1bf-f09b-4c89-8740-ace21db47bba">
                <common:shortDescription xml:lang="en">Particulates, &gt; 2.5 um, and &lt; 10um</common:shortDescription>
            </referenceToFlowDataSet>
            <exchangeDirection>Output</exchangeDirection>
            <meanAmount>2.6521E-4</meanAmount>
            <resultingAmount>2.6521E-4</resultingAmount>
        </exchange>
        <exchange xmlns:olca="http://openlca.org/ilcd-extensions" dataSetInternalID="14" olca:amount="9.2063E-4">
            <referenceToFlowDataSet type="flow data set" refObjectId="0795345f-c7ae-410c-ad25-1845784c75f5" version="01.00.000" uri="../flows/0795345f-c7ae-410c-ad25-1845784c75f5">
                <common:shortDescription xml:lang="en">Methane, fossil</common:shortDescription>
            </referenceToFlowDataSet>
            <exchangeDirection>Output</exchangeDirection>
            <meanAmount>9.2063E-4</meanAmount>
            <resultingAmount>9.2063E-4</resultingAmount>
        </exchange>
        <exchange xmlns:olca="http://openlca.org/ilcd-extensions" dataSetInternalID="5" olca:propertyId="93a60a56-a3c8-11da-a746-0800200b9a66" olca:amount="1.3975E-5">
            <referenceToFlowDataSet type="flow data set" refObjectId="0ba9c977-5398-3e0f-b3c9-d922e39d7894" version="01.00.000" uri="../flows/0ba9c977-5398-3e0f-b3c9-d922e39d7894">
                <common:shortDescription xml:lang="en">Benzene</common:shortDescription>
            </referenceToFlowDataSet>
            <exchangeDirection>Output</exchangeDirection>
            <meanAmount>1.3975E-5</meanAmount>
            <resultingAmount>1.3975E-5</resultingAmount>
        </exchange>
        <exchange xmlns:olca="http://openlca.org/ilcd-extensions" dataSetInternalID="16" olca:propertyId="93a60a56-a3c8-11da-a746-0800200b9a66" olca:amount="2.085">
            <referenceToFlowDataSet type="flow data set" refObjectId="63af114b-afcb-3a82-801a-9c66208a673a" version="01.00.000" uri="../flows/63af114b-afcb-3a82-801a-9c66208a673a">
                <common:shortDescription xml:lang="en">Carbon dioxide, fossil </common:shortDescription>
            </referenceToFlowDataSet>
            <exchangeDirection>Output</exchangeDirection>
            <meanAmount>2.085</meanAmount>
            <resultingAmount>2.085</resultingAmount>
        </exchange>
        <exchange xmlns:olca="http://openlca.org/ilcd-extensions" dataSetInternalID="6" olca:propertyId="93a60a56-a3c8-11da-a746-0800200b9a66" olca:amount="4.2688E-6">
            <referenceToFlowDataSet type="flow data set" refObjectId="ba21b581-543c-38df-b9b5-3f94fa5053e4" version="01.00.000" uri="../flows/ba21b581-543c-38df-b9b5-3f94fa5053e4">
                <common:shortDescription xml:lang="en">Xylene</common:shortDescription>
            </referenceToFlowDataSet>
            <exchangeDirection>Output</exchangeDirection>
            <meanAmount>4.2688E-6</meanAmount>
            <resultingAmount>4.2688E-6</resultingAmount>
        </exchange>
        <exchange xmlns:olca="http://openlca.org/ilcd-extensions" dataSetInternalID="2" olca:propertyId="93a60a56-a3c8-11da-a746-0800200b9a66" olca:amount="2.5164E-6">
            <referenceToFlowDataSet type="flow data set" refObjectId="bd1b1118-6b87-3c2c-9bca-15efa8068aa3" version="01.00.000" uri="../flows/bd1b1118-6b87-3c2c-9bca-15efa8068aa3">
                <common:shortDescription xml:lang="en">PAH, polycyclic aromatic hydrocarbons</common:shortDescription>
            </referenceToFlowDataSet>
            <exchangeDirection>Output</exchangeDirection>
            <meanAmount>2.5164E-6</meanAmount>
            <resultingAmount>2.5164E-6</resultingAmount>
        </exchange>
        <exchange xmlns:olca="http://openlca.org/ilcd-extensions" dataSetInternalID="8" olca:propertyId="93a60a56-a3c8-11da-a746-0800200b9a66" olca:amount="3.8644E-5">
            <referenceToFlowDataSet type="flow data set" refObjectId="52acd8aa-5e54-39d0-93de-56586dc830f2" version="01.00.000" uri="../flows/52acd8aa-5e54-39d0-93de-56586dc830f2">
                <common:shortDescription xml:lang="en">Propene</common:shortDescription>
            </referenceToFlowDataSet>
            <exchangeDirection>Output</exchangeDirection>
            <meanAmount>3.8644E-5</meanAmount>
            <resultingAmount>3.8644E-5</resultingAmount>
        </exchange>
        <exchange xmlns:olca="http://openlca.org/ilcd-extensions" dataSetInternalID="3" olca:propertyId="93a60a56-a3c8-11da-a746-0800200b9a66" olca:amount="0.13535">
            <referenceToFlowDataSet type="flow data set" refObjectId="8f6e6949-f569-3d05-abe1-de3608895d47" version="01.00.000" uri="../flows/8f6e6949-f569-3d05-abe1-de3608895d47">
                <common:shortDescription xml:lang="en">Carbon monoxide, fossil </common:shortDescription>
            </referenceToFlowDataSet>
            <exchangeDirection>Output</exchangeDirection>
            <meanAmount>0.13535</meanAmount>
            <resultingAmount>0.13535</resultingAmount>
        </exchange>
        <exchange xmlns:olca="http://openlca.org/ilcd-extensions" dataSetInternalID="13" olca:amount="6.0969E-5">
            <referenceToFlowDataSet type="flow data set" refObjectId="20185046-64bb-4c09-a8e7-e8a9e144ca98" version="01.00.000" uri="../flows/20185046-64bb-4c09-a8e7-e8a9e144ca98">
                <common:shortDescription xml:lang="en">Dinitrogen monoxide</common:shortDescription>
            </referenceToFlowDataSet>
            <exchangeDirection>Output</exchangeDirection>
            <meanAmount>6.0969E-5</meanAmount>
            <resultingAmount>6.0969E-5</resultingAmount>
        </exchange>
        <exchange xmlns:olca="http://openlca.org/ilcd-extensions" dataSetInternalID="12" olca:propertyId="93a60a56-a3c8-11da-a746-0800200b9a66" olca:amount="1.3855E-6">
            <referenceToFlowDataSet type="flow data set" refObjectId="27f50545-345c-3fb5-a853-9c2ff309ed28" version="01.00.000" uri="../flows/27f50545-345c-3fb5-a853-9c2ff309ed28">
                <common:shortDescription xml:lang="en">Acrolein</common:shortDescription>
            </referenceToFlowDataSet>
            <exchangeDirection>Output</exchangeDirection>
            <meanAmount>1.3855E-6</meanAmount>
            <resultingAmount>1.3855E-6</resultingAmount>
        </exchange>
        <exchange xmlns:olca="http://openlca.org/ilcd-extensions" dataSetInternalID="7" olca:propertyId="93a60a56-a3c8-11da-a746-0800200b9a66" olca:amount="1.7674E-5">
            <referenceToFlowDataSet type="flow data set" refObjectId="428037ab-78b5-389e-acb6-fb8b0c1c2bc8" version="01.00.000" uri="../flows/428037ab-78b5-389e-acb6-fb8b0c1c2bc8">
                <common:shortDescription xml:lang="en">Formaldehyde</common:shortDescription>
            </referenceToFlowDataSet>
            <exchangeDirection>Output</exchangeDirection>
            <meanAmount>1.7674E-5</meanAmount>
            <resultingAmount>1.7674E-5</resultingAmount>
        </exchange>
    </exchanges>
</processDataSet>
