<?xml version="1.0" encoding="UTF-8" standalone="yes"?>
<processDataSet xmlns:m="http://lca.jrc.it/ILCD/LCIAMethod" xmlns:common="http://lca.jrc.it/ILCD/Common" xmlns:s="http://lca.jrc.it/ILCD/Source" xmlns:c="http://lca.jrc.it/ILCD/Contact" xmlns:f="http://lca.jrc.it/ILCD/Flow" xmlns="http://lca.jrc.it/ILCD/Process" xmlns:fp="http://lca.jrc.it/ILCD/FlowProperty" xmlns:u="http://lca.jrc.it/ILCD/UnitGroup" version="1.1">
    <processInformation>
        <dataSetInformation>
            <common:UUID>3ca2d4df-c3d1-320a-a25d-5498ae069a6c</common:UUID>
            <name>
                <baseName xml:lang="en">Fuels, burned at coated mechanical paper, average production, at mill</baseName>
            </name>
            <classificationInformation>
                <common:classification>
                    <common:class level="0" classId="dd160b3d-0fc0-3555-8da1-23e152be40d8">Paper Manufacturing</common:class>
                    <common:class level="1" classId="cc05d3a5-657a-32dd-ace5-480164b8cacb">Pulp, Paper, and Paperboard Mills</common:class>
                </common:classification>
            </classificationInformation>
            <common:generalComment xml:lang="en">Coated mechanical paper, average North American production, at mill.  All flows are production-weighted means. Data were developed for a full LCA that was critically reviewed.  Reviewers were: • Martha Stevenson, Chairperson – Private Consultant to the public interest with ten years of experience in sustainability, environmental management, packaging and materials recovery; led the development of the Design Guidelines for Sustainable Packaging and the COMPASS software used to compare the environmental impacts of package designs; • Pascal Lesage – Life cycle assessment consultant, Researcher at École Polytechnique de Montréal [at the Inter-University Research Centre for the Life Cycle of Products, Processes and Services (CIRAIG) in Montreal]; and • Dale Phenicie, Environmental Affairs Consulting – Consultant with 35 years of experience in environmental protection and process consulting for the forest products industry. Has served on several U.S. EPA Task Forces dealing with water quality issues and authored several AF&amp;PA Environmental, Health and Safety/Sustainability reports.</common:generalComment>
        </dataSetInformation>
        <quantitativeReference type="Reference flow(s)">
            <referenceToReferenceFlow>0</referenceToReferenceFlow>
        </quantitativeReference>
        <time xmlns:olca="http://openlca.org/ilcd-extensions" olca:startDate="1136012400000" olca:endDate="1136012400000">
            <common:referenceYear>2005</common:referenceYear>
            <common:dataSetValidUntil>2005</common:dataSetValidUntil>
            <common:timeRepresentativenessDescription xml:lang="en">Primary data collected from participating companies and associations for their operational activities are representative for 2006 and 2007. </common:timeRepresentativenessDescription>
        </time>
        <geography>
            <locationOfOperationSupplyOrProduction location="RNA" latitudeAndLongitude="58.71,-91.96"/>
        </geography>
        <technology>
            <technologyDescriptionAndIncludedProcesses xml:lang="en">current technology mix for coated mechanical</technologyDescriptionAndIncludedProcesses>
        </technology>
    </processInformation>
    <modellingAndValidation>
        <LCIMethodAndAllocation>
            <typeOfDataSet>Unit process, black box</typeOfDataSet>
            <LCIMethodPrinciple>Other</LCIMethodPrinciple>
        </LCIMethodAndAllocation>
        <dataSourcesTreatmentAndRepresentativeness>
            <deviationsFromCutOffAndCompletenessPrinciples xml:lang="en">None.</deviationsFromCutOffAndCompletenessPrinciples>
            <deviationsFromSelectionAndCombinationPrinciples xml:lang="en">None.</deviationsFromSelectionAndCombinationPrinciples>
            <referenceToDataSource type="source data set" refObjectId="e6f7d676-1804-3acf-b7e8-82cf84db3281" version="01.00.000" uri="../sources/e6f7d676-1804-3acf-b7e8-82cf84db3281">
                <common:shortDescription xml:lang="en">AF&amp;PA </common:shortDescription>
            </referenceToDataSource>
            <samplingProcedure xml:lang="en">The survey included results from 18 mills representing 5 million short tons per year (TPY), nearly 95% of 2006/2007 North American production volume. </samplingProcedure>
        </dataSourcesTreatmentAndRepresentativeness>
        <validation>
            <review type="Not reviewed">
                <common:reviewDetails xml:lang="en">unknown</common:reviewDetails>
                <common:referenceToNameOfReviewerAndInstitution type="contact data set" refObjectId="c71c2be4-29ec-3a4c-80a6-77242fa644f1" version="01.00.000" uri="../contacts/c71c2be4-29ec-3a4c-80a6-77242fa644f1">
                    <common:shortDescription xml:lang="en">Martha Stevenson</common:shortDescription>
                </common:referenceToNameOfReviewerAndInstitution>
            </review>
        </validation>
    </modellingAndValidation>
    <administrativeInformation>
        <dataGenerator>
            <common:referenceToPersonOrEntityGeneratingTheDataSet type="contact data set" refObjectId="0d6cba77-2eff-3519-92d7-8a87dab88049" version="01.00.000" uri="../contacts/0d6cba77-2eff-3519-92d7-8a87dab88049">
                <common:shortDescription xml:lang="en">Caroline Gaudreault</common:shortDescription>
            </common:referenceToPersonOrEntityGeneratingTheDataSet>
        </dataGenerator>
        <dataEntryBy>
            <common:timeStamp>2018-10-08T12:54:44.453-06:00</common:timeStamp>
            <common:referenceToDataSetFormat type="source data set" refObjectId="a97a0155-0234-4b87-b4ce-a45da52f2a40" version="01.01.000" uri="../sources/a97a0155-0234-4b87-b4ce-a45da52f2a40_01.01.000.xml">
                <common:shortDescription xml:lang="en">ILCD format</common:shortDescription>
            </common:referenceToDataSetFormat>
            <common:referenceToPersonOrEntityEnteringTheData type="contact data set" refObjectId="bf3f36bd-8fbb-33a7-8317-3a366007dd91" version="01.00.000" uri="../contacts/bf3f36bd-8fbb-33a7-8317-3a366007dd91">
                <common:shortDescription xml:lang="en">Chantal Lavigne</common:shortDescription>
            </common:referenceToPersonOrEntityEnteringTheData>
        </dataEntryBy>
        <publicationAndOwnership>
            <common:dateOfLastRevision>2018-06-27T10:38:51.545-06:00</common:dateOfLastRevision>
            <common:dataSetVersion>00.00.001</common:dataSetVersion>
            <common:referenceToUnchangedRepublication type="source data set" refObjectId="e6f7d676-1804-3acf-b7e8-82cf84db3281" version="01.00.000" uri="../sources/e6f7d676-1804-3acf-b7e8-82cf84db3281">
                <common:shortDescription xml:lang="en">AF&amp;PA </common:shortDescription>
            </common:referenceToUnchangedRepublication>
            <common:copyright>false</common:copyright>
            <common:accessRestrictions xml:lang="en">All information can be accessed by everybody.</common:accessRestrictions>
        </publicationAndOwnership>
    </administrativeInformation>
    <exchanges>
        <exchange xmlns:olca="http://openlca.org/ilcd-extensions" dataSetInternalID="63" olca:propertyId="93a60a56-a3c8-11da-a746-0800200b9a66" olca:amount="1.264E-5">
            <referenceToFlowDataSet type="flow data set" refObjectId="c4a5c5a9-81c3-3d8f-a63e-69bfbe857e66" version="01.00.000" uri="../flows/c4a5c5a9-81c3-3d8f-a63e-69bfbe857e66">
                <common:shortDescription xml:lang="en">Ethane, 1,1,1-trichloro-, HCFC-140</common:shortDescription>
            </referenceToFlowDataSet>
            <exchangeDirection>Output</exchangeDirection>
            <meanAmount>1.264E-5</meanAmount>
            <resultingAmount>1.264E-5</resultingAmount>
            <generalComment xml:lang="en">From spent liquor recovery, non-recyclable paper combustion and wastewater residuals combustion</generalComment>
        </exchange>
        <exchange xmlns:olca="http://openlca.org/ilcd-extensions" dataSetInternalID="35" olca:propertyId="93a60a56-a3c8-11da-a746-0800200b9a66" olca:amount="7.5976E-5">
            <referenceToFlowDataSet type="flow data set" refObjectId="27f50545-345c-3fb5-a853-9c2ff309ed28" version="01.00.000" uri="../flows/27f50545-345c-3fb5-a853-9c2ff309ed28">
                <common:shortDescription xml:lang="en">Acrolein</common:shortDescription>
            </referenceToFlowDataSet>
            <exchangeDirection>Output</exchangeDirection>
            <meanAmount>7.5976E-5</meanAmount>
            <resultingAmount>7.5976E-5</resultingAmount>
            <generalComment xml:lang="en">From spent liquor recovery, non-recyclable paper combustion and wastewater residuals combustion</generalComment>
        </exchange>
        <exchange xmlns:olca="http://openlca.org/ilcd-extensions" dataSetInternalID="62" olca:propertyId="93a60a56-a3c8-11da-a746-0800200b9a66" olca:amount="0.00341">
            <referenceToFlowDataSet type="flow data set" refObjectId="3c5d727a-673d-334c-9018-3aa68edad2f5" version="01.00.000" uri="../flows/3c5d727a-673d-334c-9018-3aa68edad2f5">
                <common:shortDescription xml:lang="en">Acetaldehyde</common:shortDescription>
            </referenceToFlowDataSet>
            <exchangeDirection>Output</exchangeDirection>
            <meanAmount>0.00341</meanAmount>
            <resultingAmount>0.00341</resultingAmount>
            <generalComment xml:lang="en">From spent liquor recovery, non-recyclable paper combustion and wastewater residuals combustion</generalComment>
        </exchange>
        <exchange xmlns:olca="http://openlca.org/ilcd-extensions" dataSetInternalID="4" olca:propertyId="93a60a56-a3c8-11da-a746-0800200b9a66" olca:amount="0.0059072">
            <referenceToFlowDataSet type="flow data set" refObjectId="2b9ae257-21ec-371b-b2d7-6a9924c84d15" version="01.00.000" uri="../flows/2b9ae257-21ec-371b-b2d7-6a9924c84d15">
                <common:shortDescription xml:lang="en">Sulfuric acid</common:shortDescription>
            </referenceToFlowDataSet>
            <exchangeDirection>Output</exchangeDirection>
            <meanAmount>0.0059072</meanAmount>
            <resultingAmount>0.0059072</resultingAmount>
            <generalComment xml:lang="en">From spent liquor recovery, non-recyclable paper combustion and wastewater residuals combustion</generalComment>
        </exchange>
        <exchange xmlns:olca="http://openlca.org/ilcd-extensions" dataSetInternalID="31" olca:propertyId="93a60a56-a3c8-11da-a746-0800200b9a66" olca:amount="1.596E-5">
            <referenceToFlowDataSet type="flow data set" refObjectId="61550c0f-dccd-3f55-9003-db2a1ad637a4" version="01.00.000" uri="../flows/61550c0f-dccd-3f55-9003-db2a1ad637a4">
                <common:shortDescription xml:lang="en">Ethane, 1,1,2-trichloro-</common:shortDescription>
            </referenceToFlowDataSet>
            <exchangeDirection>Output</exchangeDirection>
            <meanAmount>1.596E-5</meanAmount>
            <resultingAmount>1.596E-5</resultingAmount>
            <generalComment xml:lang="en">From spent liquor recovery, non-recyclable paper combustion and wastewater residuals combustion</generalComment>
        </exchange>
        <exchange xmlns:olca="http://openlca.org/ilcd-extensions" dataSetInternalID="45" olca:propertyId="93a60a56-a3c8-11da-a746-0800200b9a66" olca:amount="1.9051E-4">
            <referenceToFlowDataSet type="flow data set" refObjectId="4b2e8924-9870-3bed-9f05-3a3b9b6a324d" version="01.00.000" uri="../flows/4b2e8924-9870-3bed-9f05-3a3b9b6a324d">
                <common:shortDescription xml:lang="en">Cumene</common:shortDescription>
            </referenceToFlowDataSet>
            <exchangeDirection>Output</exchangeDirection>
            <meanAmount>1.9051E-4</meanAmount>
            <resultingAmount>1.9051E-4</resultingAmount>
            <generalComment xml:lang="en">From spent liquor recovery, non-recyclable paper combustion and wastewater residuals combustion</generalComment>
        </exchange>
        <exchange xmlns:olca="http://openlca.org/ilcd-extensions" dataSetInternalID="50" olca:propertyId="93a60a56-a3c8-11da-a746-0800200b9a66" olca:amount="0.0029043">
            <referenceToFlowDataSet type="flow data set" refObjectId="927f6049-c89d-3bcb-a356-3451af4c668e" version="01.00.000" uri="../flows/927f6049-c89d-3bcb-a356-3451af4c668e">
                <common:shortDescription xml:lang="en">Phenol</common:shortDescription>
            </referenceToFlowDataSet>
            <exchangeDirection>Output</exchangeDirection>
            <meanAmount>0.0029043</meanAmount>
            <resultingAmount>0.0029043</resultingAmount>
            <generalComment xml:lang="en">From spent liquor recovery, non-recyclable paper combustion and wastewater residuals combustion</generalComment>
        </exchange>
        <exchange xmlns:olca="http://openlca.org/ilcd-extensions" dataSetInternalID="58" olca:propertyId="93a60a56-a3c8-11da-a746-0800200b9a66" olca:amount="10.209">
            <referenceToFlowDataSet type="flow data set" refObjectId="73f6d99c-51b9-3e90-b358-b7caa6cbfe21" version="01.00.000" uri="../flows/73f6d99c-51b9-3e90-b358-b7caa6cbfe21">
                <common:shortDescription xml:lang="en">TDF, combusted in industrial boiler, at pulp and paper mill (EXCL.)</common:shortDescription>
            </referenceToFlowDataSet>
            <exchangeDirection>Input</exchangeDirection>
            <meanAmount>10.209</meanAmount>
            <resultingAmount>10.209</resultingAmount>
            <generalComment xml:lang="en">All combusted. Not present in any database.</generalComment>
        </exchange>
        <exchange xmlns:olca="http://openlca.org/ilcd-extensions" dataSetInternalID="39" olca:propertyId="93a60a56-a3c8-11da-a746-0800200b9a66" olca:amount="1.2008E-4">
            <referenceToFlowDataSet type="flow data set" refObjectId="ab9316f9-3389-362b-af1e-4c703da5b12e" version="01.00.000" uri="../flows/ab9316f9-3389-362b-af1e-4c703da5b12e">
                <common:shortDescription xml:lang="en">Hexane</common:shortDescription>
            </referenceToFlowDataSet>
            <exchangeDirection>Output</exchangeDirection>
            <meanAmount>1.2008E-4</meanAmount>
            <resultingAmount>1.2008E-4</resultingAmount>
            <generalComment xml:lang="en">From spent liquor recovery, non-recyclable paper combustion and wastewater residuals combustion</generalComment>
        </exchange>
        <exchange xmlns:olca="http://openlca.org/ilcd-extensions" dataSetInternalID="3" olca:propertyId="93a60a56-a3c8-11da-a746-0800200b9a66" olca:amount="3.9923E-4">
            <referenceToFlowDataSet type="flow data set" refObjectId="c1683bc0-0bb2-3012-b0d4-628ca7b440d7" version="01.00.000" uri="../flows/c1683bc0-0bb2-3012-b0d4-628ca7b440d7">
                <common:shortDescription xml:lang="en">Selenium</common:shortDescription>
            </referenceToFlowDataSet>
            <exchangeDirection>Output</exchangeDirection>
            <meanAmount>3.9923E-4</meanAmount>
            <resultingAmount>3.9923E-4</resultingAmount>
            <generalComment xml:lang="en">From spent liquor recovery, non-recyclable paper combustion and wastewater residuals combustion</generalComment>
        </exchange>
        <exchange xmlns:olca="http://openlca.org/ilcd-extensions" dataSetInternalID="7" olca:propertyId="93a60a56-a3c8-11da-a746-0800200b9a66" olca:amount="4.2596E-10">
            <referenceToFlowDataSet type="flow data set" refObjectId="34b53655-28b6-3a55-b114-d19eb59b0fb9" version="01.00.000" uri="../flows/34b53655-28b6-3a55-b114-d19eb59b0fb9">
                <common:shortDescription xml:lang="en">Benzene, hexachloro-</common:shortDescription>
            </referenceToFlowDataSet>
            <exchangeDirection>Output</exchangeDirection>
            <meanAmount>4.2596E-10</meanAmount>
            <resultingAmount>4.2596E-10</resultingAmount>
            <generalComment xml:lang="en">From spent liquor recovery, non-recyclable paper combustion and wastewater residuals combustion</generalComment>
        </exchange>
        <exchange xmlns:olca="http://openlca.org/ilcd-extensions" dataSetInternalID="42" olca:propertyId="93a60a56-a3c8-11da-a746-0800200b9a66" olca:amount="2.6209E-4">
            <referenceToFlowDataSet type="flow data set" refObjectId="355d165a-8be8-3b91-be79-89f5aaa52408" version="01.00.000" uri="../flows/355d165a-8be8-3b91-be79-89f5aaa52408">
                <common:shortDescription xml:lang="en">Hydrogen fluoride</common:shortDescription>
            </referenceToFlowDataSet>
            <exchangeDirection>Output</exchangeDirection>
            <meanAmount>2.6209E-4</meanAmount>
            <resultingAmount>2.6209E-4</resultingAmount>
            <generalComment xml:lang="en">From spent liquor recovery, non-recyclable paper combustion and wastewater residuals combustion</generalComment>
        </exchange>
        <exchange xmlns:olca="http://openlca.org/ilcd-extensions" dataSetInternalID="44" olca:propertyId="93a60a56-a3c8-11da-a746-0800200b9a66" olca:amount="1.49E-4">
            <referenceToFlowDataSet type="flow data set" refObjectId="73d49c21-3419-3a99-98de-75152649f291" version="01.00.000" uri="../flows/73d49c21-3419-3a99-98de-75152649f291">
                <common:shortDescription xml:lang="en">Toluene</common:shortDescription>
            </referenceToFlowDataSet>
            <exchangeDirection>Output</exchangeDirection>
            <meanAmount>1.49E-4</meanAmount>
            <resultingAmount>1.49E-4</resultingAmount>
            <generalComment xml:lang="en">From spent liquor recovery, non-recyclable paper combustion and wastewater residuals combustion</generalComment>
        </exchange>
        <exchange xmlns:olca="http://openlca.org/ilcd-extensions" dataSetInternalID="28" olca:propertyId="93a60a56-a3c8-11da-a746-0800200b9a66" olca:amount="2.0229E-13">
            <referenceToFlowDataSet type="flow data set" refObjectId="5bbe9024-8f6b-3a96-a4e5-f3f508db3e0b" version="01.00.000" uri="../flows/5bbe9024-8f6b-3a96-a4e5-f3f508db3e0b">
                <common:shortDescription xml:lang="en">Dioxin, 2,3,7,8 Tetrachlorodibenzo-p-</common:shortDescription>
            </referenceToFlowDataSet>
            <exchangeDirection>Output</exchangeDirection>
            <meanAmount>2.0229E-13</meanAmount>
            <resultingAmount>2.0229E-13</resultingAmount>
            <generalComment xml:lang="en">From spent liquor recovery, non-recyclable paper combustion and wastewater residuals combustion</generalComment>
        </exchange>
        <exchange xmlns:olca="http://openlca.org/ilcd-extensions" dataSetInternalID="18" olca:propertyId="93a60a56-a3c8-11da-a746-0800200b9a66" olca:amount="2.2761E-6">
            <referenceToFlowDataSet type="flow data set" refObjectId="a86e5507-1798-3356-9a6a-c087d0977654" version="01.00.000" uri="../flows/a86e5507-1798-3356-9a6a-c087d0977654">
                <common:shortDescription xml:lang="en">Ethene, tetrachloro-</common:shortDescription>
            </referenceToFlowDataSet>
            <exchangeDirection>Output</exchangeDirection>
            <meanAmount>2.2761E-6</meanAmount>
            <resultingAmount>2.2761E-6</resultingAmount>
            <generalComment xml:lang="en">From spent liquor recovery, non-recyclable paper combustion and wastewater residuals combustion</generalComment>
        </exchange>
        <exchange xmlns:olca="http://openlca.org/ilcd-extensions" dataSetInternalID="33" olca:propertyId="93a60a56-a3c8-11da-a746-0800200b9a66" olca:amount="2.0337E-5">
            <referenceToFlowDataSet type="flow data set" refObjectId="c699151a-d569-3534-8ac8-36d6c0615820" version="01.00.000" uri="../flows/c699151a-d569-3534-8ac8-36d6c0615820">
                <common:shortDescription xml:lang="en">Antimony</common:shortDescription>
            </referenceToFlowDataSet>
            <exchangeDirection>Output</exchangeDirection>
            <meanAmount>2.0337E-5</meanAmount>
            <resultingAmount>2.0337E-5</resultingAmount>
            <generalComment xml:lang="en">From spent liquor recovery, non-recyclable paper combustion and wastewater residuals combustion</generalComment>
        </exchange>
        <exchange xmlns:olca="http://openlca.org/ilcd-extensions" dataSetInternalID="51" olca:propertyId="93a60a56-a3c8-11da-a746-0800200b9a66" olca:amount="0.0016146">
            <referenceToFlowDataSet type="flow data set" refObjectId="428037ab-78b5-389e-acb6-fb8b0c1c2bc8" version="01.00.000" uri="../flows/428037ab-78b5-389e-acb6-fb8b0c1c2bc8">
                <common:shortDescription xml:lang="en">Formaldehyde</common:shortDescription>
            </referenceToFlowDataSet>
            <exchangeDirection>Output</exchangeDirection>
            <meanAmount>0.0016146</meanAmount>
            <resultingAmount>0.0016146</resultingAmount>
            <generalComment xml:lang="en">From spent liquor recovery, non-recyclable paper combustion and wastewater residuals combustion</generalComment>
        </exchange>
        <exchange xmlns:olca="http://openlca.org/ilcd-extensions" dataSetInternalID="34" olca:propertyId="93a60a56-a3c8-11da-a746-0800200b9a66" olca:amount="8.0034E-7">
            <referenceToFlowDataSet type="flow data set" refObjectId="6505c252-8e98-3e73-8e2b-e49deaf2598b" version="01.00.000" uri="../flows/6505c252-8e98-3e73-8e2b-e49deaf2598b">
                <common:shortDescription xml:lang="en">Arsenic</common:shortDescription>
            </referenceToFlowDataSet>
            <exchangeDirection>Output</exchangeDirection>
            <meanAmount>8.0034E-7</meanAmount>
            <resultingAmount>8.0034E-7</resultingAmount>
            <generalComment xml:lang="en">From spent liquor recovery, non-recyclable paper combustion and wastewater residuals combustion</generalComment>
        </exchange>
        <exchange xmlns:olca="http://openlca.org/ilcd-extensions" dataSetInternalID="52" olca:propertyId="93a60a56-a3c8-11da-a746-0800200b9a66" olca:amount="469.01">
            <referenceToFlowDataSet type="flow data set" refObjectId="71b0c9e8-35a3-37f1-b606-7539a9eaea99" version="01.00.000" uri="../flows/71b0c9e8-35a3-37f1-b606-7539a9eaea99">
                <common:shortDescription xml:lang="en">Carbon dioxide, biogenic</common:shortDescription>
            </referenceToFlowDataSet>
            <exchangeDirection>Output</exchangeDirection>
            <meanAmount>469.01</meanAmount>
            <resultingAmount>469.01</resultingAmount>
            <generalComment xml:lang="en">From spent liquor recovery, non-recyclable paper combustion and wastewater residuals combustion</generalComment>
        </exchange>
        <exchange xmlns:olca="http://openlca.org/ilcd-extensions" dataSetInternalID="21" olca:propertyId="93a60a56-a3c8-11da-a746-0800200b9a66" olca:amount="1.2176E-4">
            <referenceToFlowDataSet type="flow data set" refObjectId="cf073fce-ea44-3b44-a451-0ac2894f0bbf" version="01.00.000" uri="../flows/cf073fce-ea44-3b44-a451-0ac2894f0bbf">
                <common:shortDescription xml:lang="en">Manganese</common:shortDescription>
            </referenceToFlowDataSet>
            <exchangeDirection>Output</exchangeDirection>
            <meanAmount>1.2176E-4</meanAmount>
            <resultingAmount>1.2176E-4</resultingAmount>
            <generalComment xml:lang="en">From spent liquor recovery, non-recyclable paper combustion and wastewater residuals combustion</generalComment>
        </exchange>
        <exchange xmlns:olca="http://openlca.org/ilcd-extensions" dataSetInternalID="48" olca:propertyId="93a60a56-a3c8-11da-a746-0800200b9a66" olca:amount="1.0832E-5">
            <referenceToFlowDataSet type="flow data set" refObjectId="6996fb26-c610-3dbe-8739-20b8a01d77b3" version="01.00.000" uri="../flows/6996fb26-c610-3dbe-8739-20b8a01d77b3">
                <common:shortDescription xml:lang="en">Methane, tetrachloro-, CFC-10</common:shortDescription>
            </referenceToFlowDataSet>
            <exchangeDirection>Output</exchangeDirection>
            <meanAmount>1.0832E-5</meanAmount>
            <resultingAmount>1.0832E-5</resultingAmount>
            <generalComment xml:lang="en">From spent liquor recovery, non-recyclable paper combustion and wastewater residuals combustion</generalComment>
        </exchange>
        <exchange xmlns:olca="http://openlca.org/ilcd-extensions" dataSetInternalID="27" olca:propertyId="93a60a56-a3c8-22da-a746-0800200c9a66" olca:amount="58.529">
            <referenceToFlowDataSet type="flow data set" refObjectId="88cece78-622d-322a-9bae-dab8e4183545" version="01.00.000" uri="../flows/88cece78-622d-322a-9bae-dab8e4183545">
                <common:shortDescription xml:lang="en">Natural gas, combusted in industrial boiler, at pulp and paper mill (EXCL.)</common:shortDescription>
            </referenceToFlowDataSet>
            <exchangeDirection>Input</exchangeDirection>
            <meanAmount>58.529</meanAmount>
            <resultingAmount>58.529</resultingAmount>
        </exchange>
        <exchange xmlns:olca="http://openlca.org/ilcd-extensions" dataSetInternalID="61" olca:propertyId="93a60a56-a3c8-11da-a746-0800200b9a66" olca:amount="54.337">
            <referenceToFlowDataSet type="flow data set" refObjectId="cd2343aa-210e-3d54-87df-c939bc9296b5" version="01.00.000" uri="../flows/cd2343aa-210e-3d54-87df-c939bc9296b5">
                <common:shortDescription xml:lang="en">Hog fuel, pur., combusted in industrial boiler, at pulp and paper mill (EXCL.)</common:shortDescription>
            </referenceToFlowDataSet>
            <exchangeDirection>Input</exchangeDirection>
            <meanAmount>54.337</meanAmount>
            <resultingAmount>54.337</resultingAmount>
            <generalComment xml:lang="en">Purchased hogged fuel.  Typically from wood products manufacturing.  </generalComment>
        </exchange>
        <exchange xmlns:olca="http://openlca.org/ilcd-extensions" dataSetInternalID="16" olca:propertyId="93a60a56-a3c8-11da-a746-0800200b9a66" olca:amount="6.5194E-5">
            <referenceToFlowDataSet type="flow data set" refObjectId="581e3536-c3b3-3ef9-881b-3004509ec4b5" version="01.00.000" uri="../flows/581e3536-c3b3-3ef9-881b-3004509ec4b5">
                <common:shortDescription xml:lang="en">Polycyclic organic matter, unspecified</common:shortDescription>
            </referenceToFlowDataSet>
            <exchangeDirection>Output</exchangeDirection>
            <meanAmount>6.5194E-5</meanAmount>
            <resultingAmount>6.5194E-5</resultingAmount>
            <generalComment xml:lang="en">From spent liquor recovery, non-recyclable paper combustion and wastewater residuals combustion</generalComment>
        </exchange>
        <exchange xmlns:olca="http://openlca.org/ilcd-extensions" dataSetInternalID="6" olca:propertyId="93a60a56-a3c8-11da-a746-0800200b9a66" olca:amount="0.036131">
            <referenceToFlowDataSet type="flow data set" refObjectId="64910b99-0c9e-37aa-8ed2-1664707ea296" version="01.00.000" uri="../flows/64910b99-0c9e-37aa-8ed2-1664707ea296">
                <common:shortDescription xml:lang="en">TSP</common:shortDescription>
            </referenceToFlowDataSet>
            <exchangeDirection>Output</exchangeDirection>
            <meanAmount>0.036131</meanAmount>
            <resultingAmount>0.036131</resultingAmount>
            <generalComment xml:lang="en">From spent liquor recovery, non-recyclable paper combustion and wastewater residuals combustion</generalComment>
        </exchange>
        <exchange xmlns:olca="http://openlca.org/ilcd-extensions" dataSetInternalID="29" olca:propertyId="93a60a56-a3c8-11da-a746-0800200b9a66" olca:amount="8.6088E-4">
            <referenceToFlowDataSet type="flow data set" refObjectId="74a45bbe-083b-38cf-98a4-aa5402fbc5e2" version="01.00.000" uri="../flows/74a45bbe-083b-38cf-98a4-aa5402fbc5e2">
                <common:shortDescription xml:lang="en">Cresol</common:shortDescription>
            </referenceToFlowDataSet>
            <exchangeDirection>Output</exchangeDirection>
            <meanAmount>8.6088E-4</meanAmount>
            <resultingAmount>8.6088E-4</resultingAmount>
            <generalComment xml:lang="en">From spent liquor recovery, non-recyclable paper combustion and wastewater residuals combustion</generalComment>
        </exchange>
        <exchange xmlns:olca="http://openlca.org/ilcd-extensions" dataSetInternalID="64" olca:amount="3.0664">
            <referenceToFlowDataSet type="flow data set" refObjectId="fd7aa71c-508c-480d-81a6-8052aad92646" version="01.00.000" uri="../flows/fd7aa71c-508c-480d-81a6-8052aad92646">
                <common:shortDescription xml:lang="en">Sulfur dioxide</common:shortDescription>
            </referenceToFlowDataSet>
            <exchangeDirection>Output</exchangeDirection>
            <meanAmount>3.0664</meanAmount>
            <resultingAmount>3.0664</resultingAmount>
            <generalComment xml:lang="en">From all combustion processes at pulp and paper mill.</generalComment>
        </exchange>
        <exchange xmlns:olca="http://openlca.org/ilcd-extensions" dataSetInternalID="15" olca:propertyId="93a60a56-a3c8-11da-a746-0800200b9a66" olca:amount="134.19">
            <referenceToFlowDataSet type="flow data set" refObjectId="64aec2f1-a029-3332-8f3b-8e8e2a865f61" version="01.00.000" uri="../flows/64aec2f1-a029-3332-8f3b-8e8e2a865f61">
                <common:shortDescription xml:lang="en">Hog fuel, self-gen., combusted in ind. boiler, at pulp and paper mill (EXCL.)</common:shortDescription>
            </referenceToFlowDataSet>
            <exchangeDirection>Input</exchangeDirection>
            <meanAmount>134.19</meanAmount>
            <resultingAmount>134.19</resultingAmount>
            <generalComment xml:lang="en">Combustion of self-generated hogged fuel from pulpwood. Wood inputs are accounted for in the process named Coated mechanical paper, average production, at mill</generalComment>
        </exchange>
        <exchange xmlns:olca="http://openlca.org/ilcd-extensions" dataSetInternalID="13" olca:propertyId="93a60a56-a3c8-11da-a746-0800200b9a66" olca:amount="0.031076">
            <referenceToFlowDataSet type="flow data set" refObjectId="8ea4c7d5-472d-3f8e-b3a3-c65e9aa08ac0" version="01.00.000" uri="../flows/8ea4c7d5-472d-3f8e-b3a3-c65e9aa08ac0">
                <common:shortDescription xml:lang="en">Methanol</common:shortDescription>
            </referenceToFlowDataSet>
            <exchangeDirection>Output</exchangeDirection>
            <meanAmount>0.031076</meanAmount>
            <resultingAmount>0.031076</resultingAmount>
            <generalComment xml:lang="en">From spent liquor recovery, non-recyclable paper combustion and wastewater residuals combustion</generalComment>
        </exchange>
        <exchange xmlns:olca="http://openlca.org/ilcd-extensions" dataSetInternalID="30" olca:propertyId="93a60a56-a3c8-22da-a746-0800200c9a66" olca:amount="0.48484">
            <referenceToFlowDataSet type="flow data set" refObjectId="e184833d-06cf-3cac-9fd8-df1dc06bb137" version="01.00.000" uri="../flows/e184833d-06cf-3cac-9fd8-df1dc06bb137">
                <common:shortDescription xml:lang="en">Diesel, combusted in industrial boiler, at pulp and paper mill (EXCL.)</common:shortDescription>
            </referenceToFlowDataSet>
            <exchangeDirection>Input</exchangeDirection>
            <meanAmount>0.48484</meanAmount>
            <resultingAmount>0.48484</resultingAmount>
            <generalComment xml:lang="en">Proxy for light fuel oil. </generalComment>
        </exchange>
        <exchange xmlns:olca="http://openlca.org/ilcd-extensions" dataSetInternalID="11" olca:propertyId="93a60a56-a3c8-11da-a746-0800200b9a66" olca:amount="3.5369E-4">
            <referenceToFlowDataSet type="flow data set" refObjectId="ed6487a9-6261-36ce-88f3-f4216e8428a1" version="01.00.000" uri="../flows/ed6487a9-6261-36ce-88f3-f4216e8428a1">
                <common:shortDescription xml:lang="en">Beryllium</common:shortDescription>
            </referenceToFlowDataSet>
            <exchangeDirection>Output</exchangeDirection>
            <meanAmount>3.5369E-4</meanAmount>
            <resultingAmount>3.5369E-4</resultingAmount>
            <generalComment xml:lang="en">From spent liquor recovery, non-recyclable paper combustion and wastewater residuals combustion</generalComment>
        </exchange>
        <exchange xmlns:olca="http://openlca.org/ilcd-extensions" dataSetInternalID="59" olca:propertyId="93a60a56-a3c8-11da-a746-0800200b9a66" olca:amount="7.8951E-7">
            <referenceToFlowDataSet type="flow data set" refObjectId="2b16f422-4f39-321d-baa5-505a17a328c9" version="01.00.000" uri="../flows/2b16f422-4f39-321d-baa5-505a17a328c9">
                <common:shortDescription xml:lang="en">Benzo(ghi)perylene</common:shortDescription>
            </referenceToFlowDataSet>
            <exchangeDirection>Output</exchangeDirection>
            <meanAmount>7.8951E-7</meanAmount>
            <resultingAmount>7.8951E-7</resultingAmount>
            <generalComment xml:lang="en">From spent liquor recovery, non-recyclable paper combustion and wastewater residuals combustion</generalComment>
        </exchange>
        <exchange xmlns:olca="http://openlca.org/ilcd-extensions" dataSetInternalID="32" olca:propertyId="93a60a56-a3c8-11da-a746-0800200b9a66" olca:amount="99.057">
            <referenceToFlowDataSet type="flow data set" refObjectId="f1e8d961-1c36-3b57-a3fa-73b1be2bc1c5" version="01.00.000" uri="../flows/f1e8d961-1c36-3b57-a3fa-73b1be2bc1c5">
                <common:shortDescription xml:lang="en">Bituminous coal, combusted in industrial boiler, at pulp and paper mill (EXCL.)</common:shortDescription>
            </referenceToFlowDataSet>
            <exchangeDirection>Input</exchangeDirection>
            <meanAmount>99.057</meanAmount>
            <resultingAmount>99.057</resultingAmount>
        </exchange>
        <exchange xmlns:olca="http://openlca.org/ilcd-extensions" dataSetInternalID="9" olca:amount="7.203E-7">
            <referenceToFlowDataSet type="flow data set" refObjectId="71234253-b3a7-4dfe-b166-a484ad15bee7" version="01.00.000" uri="../flows/71234253-b3a7-4dfe-b166-a484ad15bee7">
                <common:shortDescription xml:lang="en">Mercury</common:shortDescription>
            </referenceToFlowDataSet>
            <exchangeDirection>Output</exchangeDirection>
            <meanAmount>7.203E-7</meanAmount>
            <resultingAmount>7.203E-7</resultingAmount>
            <generalComment xml:lang="en">From spent liquor recovery, non-recyclable paper combustion and wastewater residuals combustion</generalComment>
        </exchange>
        <exchange xmlns:olca="http://openlca.org/ilcd-extensions" dataSetInternalID="12" olca:propertyId="93a60a56-a3c8-11da-a746-0800200b9a66" olca:amount="2.5242E-5">
            <referenceToFlowDataSet type="flow data set" refObjectId="203442b3-37e6-355d-abbb-8c6b934597ca" version="01.00.000" uri="../flows/203442b3-37e6-355d-abbb-8c6b934597ca">
                <common:shortDescription xml:lang="en">Silver</common:shortDescription>
            </referenceToFlowDataSet>
            <exchangeDirection>Output</exchangeDirection>
            <meanAmount>2.5242E-5</meanAmount>
            <resultingAmount>2.5242E-5</resultingAmount>
            <generalComment xml:lang="en">From spent liquor recovery, non-recyclable paper combustion and wastewater residuals combustion</generalComment>
        </exchange>
        <exchange xmlns:olca="http://openlca.org/ilcd-extensions" dataSetInternalID="53" olca:propertyId="93a60a56-a3c8-11da-a746-0800200b9a66" olca:amount="3.7603E-7">
            <referenceToFlowDataSet type="flow data set" refObjectId="31d4c6b7-d309-3381-8692-b1df5c12466e" version="01.00.000" uri="../flows/31d4c6b7-d309-3381-8692-b1df5c12466e">
                <common:shortDescription xml:lang="en">Vanadium</common:shortDescription>
            </referenceToFlowDataSet>
            <exchangeDirection>Output</exchangeDirection>
            <meanAmount>3.7603E-7</meanAmount>
            <resultingAmount>3.7603E-7</resultingAmount>
            <generalComment xml:lang="en">From spent liquor recovery, non-recyclable paper combustion and wastewater residuals combustion</generalComment>
        </exchange>
        <exchange xmlns:olca="http://openlca.org/ilcd-extensions" dataSetInternalID="10" olca:amount="0.01552">
            <referenceToFlowDataSet type="flow data set" refObjectId="20408dd1-8534-11e0-9d78-0800200c9a66" version="01.00.000" uri="../flows/20408dd1-8534-11e0-9d78-0800200c9a66">
                <common:shortDescription xml:lang="en">Methane</common:shortDescription>
            </referenceToFlowDataSet>
            <exchangeDirection>Output</exchangeDirection>
            <meanAmount>0.01552</meanAmount>
            <resultingAmount>0.01552</resultingAmount>
            <generalComment xml:lang="en">From spent liquor recovery, non-recyclable paper combustion and wastewater residuals combustion</generalComment>
        </exchange>
        <exchange xmlns:olca="http://openlca.org/ilcd-extensions" dataSetInternalID="0" olca:propertyId="f6811440-ee37-11de-8a39-0800200c9a66" olca:amount="10691.0">
            <referenceToFlowDataSet type="flow data set" refObjectId="632b1fc8-e674-3717-8407-9088e8857281" version="01.00.000" uri="../flows/632b1fc8-e674-3717-8407-9088e8857281">
                <common:shortDescription xml:lang="en">Fuels, burned at coated mechanical paper, average production, at mill</common:shortDescription>
            </referenceToFlowDataSet>
            <exchangeDirection>Output</exchangeDirection>
            <meanAmount>10691.0</meanAmount>
            <resultingAmount>10691.0</resultingAmount>
        </exchange>
        <exchange xmlns:olca="http://openlca.org/ilcd-extensions" dataSetInternalID="22" olca:amount="1.9357E-5">
            <referenceToFlowDataSet type="flow data set" refObjectId="1c5a7322-9261-4d59-a692-adde6c12de92" version="01.00.000" uri="../flows/1c5a7322-9261-4d59-a692-adde6c12de92">
                <common:shortDescription xml:lang="en">Cadmium</common:shortDescription>
            </referenceToFlowDataSet>
            <exchangeDirection>Output</exchangeDirection>
            <meanAmount>1.9357E-5</meanAmount>
            <resultingAmount>1.9357E-5</resultingAmount>
            <generalComment xml:lang="en">From spent liquor recovery, non-recyclable paper combustion and wastewater residuals combustion</generalComment>
        </exchange>
        <exchange xmlns:olca="http://openlca.org/ilcd-extensions" dataSetInternalID="55" olca:amount="5.4854E-5">
            <referenceToFlowDataSet type="flow data set" refObjectId="5ce378a0-b48d-471c-977d-79681521efde" version="01.00.000" uri="../flows/5ce378a0-b48d-471c-977d-79681521efde">
                <common:shortDescription xml:lang="en">Zinc</common:shortDescription>
            </referenceToFlowDataSet>
            <exchangeDirection>Output</exchangeDirection>
            <meanAmount>5.4854E-5</meanAmount>
            <resultingAmount>5.4854E-5</resultingAmount>
            <generalComment xml:lang="en">From spent liquor recovery, non-recyclable paper combustion and wastewater residuals combustion</generalComment>
        </exchange>
        <exchange xmlns:olca="http://openlca.org/ilcd-extensions" dataSetInternalID="24" olca:propertyId="93a60a56-a3c8-11da-a746-0800200b9a66" olca:amount="6.4101E-5">
            <referenceToFlowDataSet type="flow data set" refObjectId="5fd898af-49e1-3250-9045-61ee32ba4f1c" version="01.00.000" uri="../flows/5fd898af-49e1-3250-9045-61ee32ba4f1c">
                <common:shortDescription xml:lang="en">Methane, dichloro-, HCC-30</common:shortDescription>
            </referenceToFlowDataSet>
            <exchangeDirection>Output</exchangeDirection>
            <meanAmount>6.4101E-5</meanAmount>
            <resultingAmount>6.4101E-5</resultingAmount>
            <generalComment xml:lang="en">From spent liquor recovery, non-recyclable paper combustion and wastewater residuals combustion</generalComment>
        </exchange>
        <exchange xmlns:olca="http://openlca.org/ilcd-extensions" dataSetInternalID="2" olca:propertyId="93a60a56-a3c8-22da-a746-0800200c9a66" olca:amount="0.19681">
            <referenceToFlowDataSet type="flow data set" refObjectId="a9f20cd5-506f-3e75-b62e-c39872598439" version="01.00.000" uri="../flows/a9f20cd5-506f-3e75-b62e-c39872598439">
                <common:shortDescription xml:lang="en">Gasoline, combusted in equipment, at pulp and paper mill (EXCL.)</common:shortDescription>
            </referenceToFlowDataSet>
            <exchangeDirection>Input</exchangeDirection>
            <meanAmount>0.19681</meanAmount>
            <resultingAmount>0.19681</resultingAmount>
            <generalComment xml:lang="en">Gasoline and kerosene, assumed to be gasoline.</generalComment>
        </exchange>
        <exchange xmlns:olca="http://openlca.org/ilcd-extensions" dataSetInternalID="49" olca:propertyId="93a60a56-a3c8-22da-a746-0800200c9a66" olca:amount="0.37175">
            <referenceToFlowDataSet type="flow data set" refObjectId="4c536a81-63c3-3f13-9e03-4dae3da1a6df" version="01.00.000" uri="../flows/4c536a81-63c3-3f13-9e03-4dae3da1a6df">
                <common:shortDescription xml:lang="en">LPG, combusted in industrial boiler, at pulp and paper mill (EXCL.)</common:shortDescription>
            </referenceToFlowDataSet>
            <exchangeDirection>Input</exchangeDirection>
            <meanAmount>0.37175</meanAmount>
            <resultingAmount>0.37175</resultingAmount>
        </exchange>
        <exchange xmlns:olca="http://openlca.org/ilcd-extensions" dataSetInternalID="19" olca:propertyId="93a60a56-a3c8-11da-a746-0800200b9a66" olca:amount="5.5973E-5">
            <referenceToFlowDataSet type="flow data set" refObjectId="e821f94c-6c24-34df-a7a1-979e2bfb6520" version="01.00.000" uri="../flows/e821f94c-6c24-34df-a7a1-979e2bfb6520">
                <common:shortDescription xml:lang="en">Styrene</common:shortDescription>
            </referenceToFlowDataSet>
            <exchangeDirection>Output</exchangeDirection>
            <meanAmount>5.5973E-5</meanAmount>
            <resultingAmount>5.5973E-5</resultingAmount>
            <generalComment xml:lang="en">From spent liquor recovery, non-recyclable paper combustion and wastewater residuals combustion</generalComment>
        </exchange>
        <exchange xmlns:olca="http://openlca.org/ilcd-extensions" dataSetInternalID="17" olca:amount="1.8063E-5">
            <referenceToFlowDataSet type="flow data set" refObjectId="e142b577-e934-4085-9a07-3983d4d92afb" version="01.00.000" uri="../flows/e142b577-e934-4085-9a07-3983d4d92afb">
                <common:shortDescription xml:lang="en">Chromium</common:shortDescription>
            </referenceToFlowDataSet>
            <exchangeDirection>Output</exchangeDirection>
            <meanAmount>1.8063E-5</meanAmount>
            <resultingAmount>1.8063E-5</resultingAmount>
            <generalComment xml:lang="en">From spent liquor recovery, non-recyclable paper combustion and wastewater residuals combustion</generalComment>
        </exchange>
        <exchange xmlns:olca="http://openlca.org/ilcd-extensions" dataSetInternalID="60" olca:amount="4.1462E-6">
            <referenceToFlowDataSet type="flow data set" refObjectId="8e123669-94d3-41d8-9480-a79211fe7c43" version="01.00.000" uri="../flows/8e123669-94d3-41d8-9480-a79211fe7c43">
                <common:shortDescription xml:lang="en">Lead</common:shortDescription>
            </referenceToFlowDataSet>
            <exchangeDirection>Output</exchangeDirection>
            <meanAmount>4.1462E-6</meanAmount>
            <resultingAmount>4.1462E-6</resultingAmount>
            <generalComment xml:lang="en">From spent liquor recovery, non-recyclable paper combustion and wastewater residuals combustion</generalComment>
        </exchange>
        <exchange xmlns:olca="http://openlca.org/ilcd-extensions" dataSetInternalID="25" olca:propertyId="93a60a56-a3c8-11da-a746-0800200b9a66" olca:amount="1.9068E-4">
            <referenceToFlowDataSet type="flow data set" refObjectId="0ba9c977-5398-3e0f-b3c9-d922e39d7894" version="01.00.000" uri="../flows/0ba9c977-5398-3e0f-b3c9-d922e39d7894">
                <common:shortDescription xml:lang="en">Benzene</common:shortDescription>
            </referenceToFlowDataSet>
            <exchangeDirection>Output</exchangeDirection>
            <meanAmount>1.9068E-4</meanAmount>
            <resultingAmount>1.9068E-4</resultingAmount>
            <generalComment xml:lang="en">From spent liquor recovery, non-recyclable paper combustion and wastewater residuals combustion</generalComment>
        </exchange>
        <exchange xmlns:olca="http://openlca.org/ilcd-extensions" dataSetInternalID="38" olca:propertyId="93a60a56-a3c8-11da-a746-0800200b9a66" olca:amount="0.0013163">
            <referenceToFlowDataSet type="flow data set" refObjectId="92991493-2713-38b5-93ec-4b1027471271" version="01.00.000" uri="../flows/92991493-2713-38b5-93ec-4b1027471271">
                <common:shortDescription xml:lang="en">Aldehydes, C3</common:shortDescription>
            </referenceToFlowDataSet>
            <exchangeDirection>Output</exchangeDirection>
            <meanAmount>0.0013163</meanAmount>
            <resultingAmount>0.0013163</resultingAmount>
            <generalComment xml:lang="en">From spent liquor recovery, non-recyclable paper combustion and wastewater residuals combustion</generalComment>
        </exchange>
        <exchange xmlns:olca="http://openlca.org/ilcd-extensions" dataSetInternalID="23" olca:propertyId="93a60a56-a3c8-11da-a746-0800200b9a66" olca:amount="1.8083E-5">
            <referenceToFlowDataSet type="flow data set" refObjectId="68645e0d-dc3f-3d22-b886-7eff1d63add4" version="01.00.000" uri="../flows/68645e0d-dc3f-3d22-b886-7eff1d63add4">
                <common:shortDescription xml:lang="en">Copper</common:shortDescription>
            </referenceToFlowDataSet>
            <exchangeDirection>Output</exchangeDirection>
            <meanAmount>1.8083E-5</meanAmount>
            <resultingAmount>1.8083E-5</resultingAmount>
            <generalComment xml:lang="en">From spent liquor recovery, non-recyclable paper combustion and wastewater residuals combustion</generalComment>
        </exchange>
        <exchange xmlns:olca="http://openlca.org/ilcd-extensions" dataSetInternalID="37" olca:amount="0.071995">
            <referenceToFlowDataSet type="flow data set" refObjectId="7ae371ac-8532-11e0-9d78-0800200c9a66" version="01.00.000" uri="../flows/7ae371ac-8532-11e0-9d78-0800200c9a66">
                <common:shortDescription xml:lang="en">Carbon monoxide</common:shortDescription>
            </referenceToFlowDataSet>
            <exchangeDirection>Output</exchangeDirection>
            <meanAmount>0.071995</meanAmount>
            <resultingAmount>0.071995</resultingAmount>
            <generalComment xml:lang="en">From spent liquor recovery, non-recyclable paper combustion and wastewater residuals combustion</generalComment>
        </exchange>
        <exchange xmlns:olca="http://openlca.org/ilcd-extensions" dataSetInternalID="41" olca:propertyId="93a60a56-a3c8-11da-a746-0800200b9a66" olca:amount="7.873E-6">
            <referenceToFlowDataSet type="flow data set" refObjectId="25493146-8ce5-3efd-874b-a0e339330b2a" version="01.00.000" uri="../flows/25493146-8ce5-3efd-874b-a0e339330b2a">
                <common:shortDescription xml:lang="en">Chloroform</common:shortDescription>
            </referenceToFlowDataSet>
            <exchangeDirection>Output</exchangeDirection>
            <meanAmount>7.873E-6</meanAmount>
            <resultingAmount>7.873E-6</resultingAmount>
            <generalComment xml:lang="en">From spent liquor recovery, non-recyclable paper combustion and wastewater residuals combustion</generalComment>
        </exchange>
        <exchange xmlns:olca="http://openlca.org/ilcd-extensions" dataSetInternalID="56" olca:amount="0.011709">
            <referenceToFlowDataSet type="flow data set" refObjectId="20185046-64bb-4c09-a8e7-e8a9e144ca98" version="01.00.000" uri="../flows/20185046-64bb-4c09-a8e7-e8a9e144ca98">
                <common:shortDescription xml:lang="en">Dinitrogen monoxide</common:shortDescription>
            </referenceToFlowDataSet>
            <exchangeDirection>Output</exchangeDirection>
            <meanAmount>0.011709</meanAmount>
            <resultingAmount>0.011709</resultingAmount>
            <generalComment xml:lang="en">From spent liquor recovery, non-recyclable paper combustion and wastewater residuals combustion</generalComment>
        </exchange>
        <exchange xmlns:olca="http://openlca.org/ilcd-extensions" dataSetInternalID="26" olca:amount="0.01075">
            <referenceToFlowDataSet type="flow data set" refObjectId="20d4d821-f4f7-4017-8810-f822fcdf619e" version="01.00.000" uri="../flows/20d4d821-f4f7-4017-8810-f822fcdf619e">
                <common:shortDescription xml:lang="en">Hydrogen sulfide</common:shortDescription>
            </referenceToFlowDataSet>
            <exchangeDirection>Output</exchangeDirection>
            <meanAmount>0.01075</meanAmount>
            <resultingAmount>0.01075</resultingAmount>
            <generalComment xml:lang="en">Total reduced sulfur assumed to be hydrogen sulfide. From all combustion processes at pulp and paper mill.</generalComment>
        </exchange>
        <exchange xmlns:olca="http://openlca.org/ilcd-extensions" dataSetInternalID="54" olca:propertyId="93a60a56-a3c8-11da-a746-0800200b9a66" olca:amount="3.7262E-5">
            <referenceToFlowDataSet type="flow data set" refObjectId="3249ff13-4bf2-3f84-857d-67cd0cc92bc2" version="01.00.000" uri="../flows/3249ff13-4bf2-3f84-857d-67cd0cc92bc2">
                <common:shortDescription xml:lang="en">Naphthalene</common:shortDescription>
            </referenceToFlowDataSet>
            <exchangeDirection>Output</exchangeDirection>
            <meanAmount>3.7262E-5</meanAmount>
            <resultingAmount>3.7262E-5</resultingAmount>
            <generalComment xml:lang="en">From spent liquor recovery, non-recyclable paper combustion and wastewater residuals combustion</generalComment>
        </exchange>
        <exchange xmlns:olca="http://openlca.org/ilcd-extensions" dataSetInternalID="57" olca:amount="0.017386">
            <referenceToFlowDataSet type="flow data set" refObjectId="c941d6d0-a56c-4e6c-95de-ac685635218d" version="01.00.000" uri="../flows/c941d6d0-a56c-4e6c-95de-ac685635218d">
                <common:shortDescription xml:lang="en">Hydrogen chloride</common:shortDescription>
            </referenceToFlowDataSet>
            <exchangeDirection>Output</exchangeDirection>
            <meanAmount>0.017386</meanAmount>
            <resultingAmount>0.017386</resultingAmount>
            <generalComment xml:lang="en">From spent liquor recovery, non-recyclable paper combustion and wastewater residuals combustion</generalComment>
        </exchange>
        <exchange xmlns:olca="http://openlca.org/ilcd-extensions" dataSetInternalID="43" olca:propertyId="93a60a56-a3c8-11da-a746-0800200b9a66" olca:amount="0.0051827">
            <referenceToFlowDataSet type="flow data set" refObjectId="7300c2bc-0200-3a7a-9aea-3371fd29fdf6" version="01.00.000" uri="../flows/7300c2bc-0200-3a7a-9aea-3371fd29fdf6">
                <common:shortDescription xml:lang="en">Methane, monochloro-, R-40</common:shortDescription>
            </referenceToFlowDataSet>
            <exchangeDirection>Output</exchangeDirection>
            <meanAmount>0.0051827</meanAmount>
            <resultingAmount>0.0051827</resultingAmount>
            <generalComment xml:lang="en">From spent liquor recovery, non-recyclable paper combustion and wastewater residuals combustion</generalComment>
        </exchange>
        <exchange xmlns:olca="http://openlca.org/ilcd-extensions" dataSetInternalID="36" olca:propertyId="93a60a56-a3c8-11da-a746-0800200b9a66" olca:amount="2.1957E-4">
            <referenceToFlowDataSet type="flow data set" refObjectId="ba21b581-543c-38df-b9b5-3f94fa5053e4" version="01.00.000" uri="../flows/ba21b581-543c-38df-b9b5-3f94fa5053e4">
                <common:shortDescription xml:lang="en">Xylene</common:shortDescription>
            </referenceToFlowDataSet>
            <exchangeDirection>Output</exchangeDirection>
            <meanAmount>2.1957E-4</meanAmount>
            <resultingAmount>2.1957E-4</resultingAmount>
            <generalComment xml:lang="en">From spent liquor recovery, non-recyclable paper combustion and wastewater residuals combustion</generalComment>
        </exchange>
        <exchange xmlns:olca="http://openlca.org/ilcd-extensions" dataSetInternalID="65" olca:propertyId="93a60a56-a3c8-11da-a746-0800200b9a66" olca:amount="1.1986E-4">
            <referenceToFlowDataSet type="flow data set" refObjectId="84971d72-67be-3de6-a236-d8fe52881252" version="01.00.000" uri="../flows/84971d72-67be-3de6-a236-d8fe52881252">
                <common:shortDescription xml:lang="en">4-Methyl-2-pentanone</common:shortDescription>
            </referenceToFlowDataSet>
            <exchangeDirection>Output</exchangeDirection>
            <meanAmount>1.1986E-4</meanAmount>
            <resultingAmount>1.1986E-4</resultingAmount>
            <generalComment xml:lang="en">From spent liquor recovery, non-recyclable paper combustion and wastewater residuals combustion</generalComment>
        </exchange>
        <exchange xmlns:olca="http://openlca.org/ilcd-extensions" dataSetInternalID="46" olca:propertyId="93a60a56-a3c8-22da-a746-0800200c9a66" olca:amount="28.99">
            <referenceToFlowDataSet type="flow data set" refObjectId="11b6f8e6-4c6c-395a-a27a-2609c58d32a0" version="01.00.000" uri="../flows/11b6f8e6-4c6c-395a-a27a-2609c58d32a0">
                <common:shortDescription xml:lang="en">RFO, combusted in industrial boiler, at pulp and paper mill (EXCL.)</common:shortDescription>
            </referenceToFlowDataSet>
            <exchangeDirection>Input</exchangeDirection>
            <meanAmount>28.99</meanAmount>
            <resultingAmount>28.99</resultingAmount>
            <generalComment xml:lang="en">All combusted on site.  Actually received at supplier, not refinery.</generalComment>
        </exchange>
        <exchange xmlns:olca="http://openlca.org/ilcd-extensions" dataSetInternalID="1" olca:propertyId="93a60a56-a3c8-11da-a746-0800200b9a66" olca:amount="3.6448E-5">
            <referenceToFlowDataSet type="flow data set" refObjectId="0771aaa5-a95a-347b-9cba-aab7f59b63c8" version="01.00.000" uri="../flows/0771aaa5-a95a-347b-9cba-aab7f59b63c8">
                <common:shortDescription xml:lang="en">Benzene, 1,2,4-trichloro-</common:shortDescription>
            </referenceToFlowDataSet>
            <exchangeDirection>Output</exchangeDirection>
            <meanAmount>3.6448E-5</meanAmount>
            <resultingAmount>3.6448E-5</resultingAmount>
            <generalComment xml:lang="en">From spent liquor recovery, non-recyclable paper combustion and wastewater residuals combustion</generalComment>
        </exchange>
        <exchange xmlns:olca="http://openlca.org/ilcd-extensions" dataSetInternalID="14" olca:propertyId="93a60a56-a3c8-11da-a746-0800200b9a66" olca:amount="3.6491E-5">
            <referenceToFlowDataSet type="flow data set" refObjectId="8f9e856a-1968-3399-bbe6-935da3e1cb64" version="01.00.000" uri="../flows/8f9e856a-1968-3399-bbe6-935da3e1cb64">
                <common:shortDescription xml:lang="en">Biphenyl</common:shortDescription>
            </referenceToFlowDataSet>
            <exchangeDirection>Output</exchangeDirection>
            <meanAmount>3.6491E-5</meanAmount>
            <resultingAmount>3.6491E-5</resultingAmount>
            <generalComment xml:lang="en">From spent liquor recovery, non-recyclable paper combustion and wastewater residuals combustion</generalComment>
        </exchange>
        <exchange xmlns:olca="http://openlca.org/ilcd-extensions" dataSetInternalID="47" olca:propertyId="93a60a56-a3c8-11da-a746-0800200b9a66" olca:amount="2.7845E-4">
            <referenceToFlowDataSet type="flow data set" refObjectId="34bd8b57-ed93-30d3-94eb-eb0abceebbe8" version="01.00.000" uri="../flows/34bd8b57-ed93-30d3-94eb-eb0abceebbe8">
                <common:shortDescription xml:lang="en">Barium</common:shortDescription>
            </referenceToFlowDataSet>
            <exchangeDirection>Output</exchangeDirection>
            <meanAmount>2.7845E-4</meanAmount>
            <resultingAmount>2.7845E-4</resultingAmount>
            <generalComment xml:lang="en">From spent liquor recovery, non-recyclable paper combustion and wastewater residuals combustion</generalComment>
        </exchange>
        <exchange xmlns:olca="http://openlca.org/ilcd-extensions" dataSetInternalID="5" olca:propertyId="93a60a56-a3c8-11da-a746-0800200b9a66" olca:amount="6.6791E-6">
            <referenceToFlowDataSet type="flow data set" refObjectId="05198cc8-d407-3e8c-a9cf-674cb7f6c734" version="01.00.000" uri="../flows/05198cc8-d407-3e8c-a9cf-674cb7f6c734">
                <common:shortDescription xml:lang="en">Ethene, trichloro-</common:shortDescription>
            </referenceToFlowDataSet>
            <exchangeDirection>Output</exchangeDirection>
            <meanAmount>6.6791E-6</meanAmount>
            <resultingAmount>6.6791E-6</resultingAmount>
            <generalComment xml:lang="en">From spent liquor recovery, non-recyclable paper combustion and wastewater residuals combustion</generalComment>
        </exchange>
        <exchange xmlns:olca="http://openlca.org/ilcd-extensions" dataSetInternalID="20" olca:amount="6.5045E-6">
            <referenceToFlowDataSet type="flow data set" refObjectId="a5506f4b-113f-4713-95c3-c819dde6e48b" version="01.00.000" uri="../flows/a5506f4b-113f-4713-95c3-c819dde6e48b">
                <common:shortDescription xml:lang="en">Nickel</common:shortDescription>
            </referenceToFlowDataSet>
            <exchangeDirection>Output</exchangeDirection>
            <meanAmount>6.5045E-6</meanAmount>
            <resultingAmount>6.5045E-6</resultingAmount>
            <generalComment xml:lang="en">From spent liquor recovery, non-recyclable paper combustion and wastewater residuals combustion</generalComment>
        </exchange>
        <exchange xmlns:olca="http://openlca.org/ilcd-extensions" dataSetInternalID="40" olca:amount="1.8762">
            <referenceToFlowDataSet type="flow data set" refObjectId="0b7e10a8-6ca0-4a50-a39b-f2a019cb3610" version="01.00.000" uri="../flows/0b7e10a8-6ca0-4a50-a39b-f2a019cb3610">
                <common:shortDescription xml:lang="en">Nitrogen dioxide</common:shortDescription>
            </referenceToFlowDataSet>
            <exchangeDirection>Output</exchangeDirection>
            <meanAmount>1.8762</meanAmount>
            <resultingAmount>1.8762</resultingAmount>
            <generalComment xml:lang="en">From all combustion processes at pulp and paper mill.</generalComment>
        </exchange>
        <exchange xmlns:olca="http://openlca.org/ilcd-extensions" dataSetInternalID="8" olca:propertyId="93a60a56-a3c8-11da-a746-0800200b9a66" olca:amount="1.3313E-4">
            <referenceToFlowDataSet type="flow data set" refObjectId="3dbacede-9927-3669-95bb-ae13fdc565a5" version="01.00.000" uri="../flows/3dbacede-9927-3669-95bb-ae13fdc565a5">
                <common:shortDescription xml:lang="en">Carbon disulfide</common:shortDescription>
            </referenceToFlowDataSet>
            <exchangeDirection>Output</exchangeDirection>
            <meanAmount>1.3313E-4</meanAmount>
            <resultingAmount>1.3313E-4</resultingAmount>
            <generalComment xml:lang="en">From spent liquor recovery, non-recyclable paper combustion and wastewater residuals combustion</generalComment>
        </exchange>
    </exchanges>
</processDataSet>
