<?xml version="1.0" encoding="UTF-8" standalone="yes"?>
<processDataSet xmlns:m="http://lca.jrc.it/ILCD/LCIAMethod" xmlns:common="http://lca.jrc.it/ILCD/Common" xmlns:s="http://lca.jrc.it/ILCD/Source" xmlns:c="http://lca.jrc.it/ILCD/Contact" xmlns:f="http://lca.jrc.it/ILCD/Flow" xmlns="http://lca.jrc.it/ILCD/Process" xmlns:fp="http://lca.jrc.it/ILCD/FlowProperty" xmlns:u="http://lca.jrc.it/ILCD/UnitGroup" version="1.1">
    <processInformation>
        <dataSetInformation>
            <common:UUID>a515132e-c816-34ea-9773-d56c11dc1cb0</common:UUID>
            <name>
                <baseName xml:lang="en">TDF, combusted in industrial boiler, at pulp and paper mill (EXCL.)</baseName>
            </name>
            <classificationInformation>
                <common:classification>
                    <common:class level="0" classId="dd160b3d-0fc0-3555-8da1-23e152be40d8">Paper Manufacturing</common:class>
                    <common:class level="1" classId="cc05d3a5-657a-32dd-ace5-480164b8cacb">Pulp, Paper, and Paperboard Mills</common:class>
                </common:classification>
            </classificationInformation>
            <common:generalComment xml:lang="en">This process was built to be used within the processes named "Fuels burned at bleached kraft market pulp mill", "Fuels burned at uncoated freesheet paper mill", "Fuels burned at coated freesheet paper mill", "Fuels burned at uncoated mechanical paper mill", "Fuels burned at coated mechanical paper mill" and "Fuels burned at bag and sack paper mill". Transport and waste processes were removed. The following emissions to air were excluded (excl.): Sulfur oxidesand Nitrogen oxides and Total reduced sulfur (TRS). These processes and emissions are reported in pulp and paper mill process chain in which this process is integrated.
Important note: although most of the data in the US LCI database has 
undergone some sort of review, the database as a whole has not yet 
undergone a formal validation process.
Please email comments to lci@nrel.gov.</common:generalComment>
        </dataSetInformation>
        <quantitativeReference type="Reference flow(s)">
            <referenceToReferenceFlow>0</referenceToReferenceFlow>
        </quantitativeReference>
        <time xmlns:olca="http://openlca.org/ilcd-extensions" olca:startDate="852015600000" olca:endDate="852015600000">
            <common:referenceYear>1996</common:referenceYear>
            <common:dataSetValidUntil>1996</common:dataSetValidUntil>
        </time>
        <geography>
            <locationOfOperationSupplyOrProduction location="RNA" latitudeAndLongitude="58.71,-91.96">
                <descriptionOfRestrictions xml:lang="en">US</descriptionOfRestrictions>
            </locationOfOperationSupplyOrProduction>
        </geography>
    </processInformation>
    <modellingAndValidation>
        <LCIMethodAndAllocation>
            <typeOfDataSet>Unit process, black box</typeOfDataSet>
            <LCIMethodPrinciple>Other</LCIMethodPrinciple>
        </LCIMethodAndAllocation>
        <dataSourcesTreatmentAndRepresentativeness>
            <deviationsFromCutOffAndCompletenessPrinciples xml:lang="en">None.</deviationsFromCutOffAndCompletenessPrinciples>
            <deviationsFromSelectionAndCombinationPrinciples xml:lang="en">None.</deviationsFromSelectionAndCombinationPrinciples>
            <referenceToDataSource type="source data set" refObjectId="e6f7d676-1804-3acf-b7e8-82cf84db3281" version="01.00.000" uri="../sources/e6f7d676-1804-3acf-b7e8-82cf84db3281">
                <common:shortDescription xml:lang="en">AF&amp;PA </common:shortDescription>
            </referenceToDataSource>
            <referenceToDataSource type="source data set" refObjectId="5ad484a6-5a08-34df-9bed-021b3058dcab" version="01.00.000" uri="../sources/5ad484a6-5a08-34df-9bed-021b3058dcab">
                <common:shortDescription xml:lang="en">Joel I. Reisman  </common:shortDescription>
            </referenceToDataSource>
        </dataSourcesTreatmentAndRepresentativeness>
        <validation>
            <review type="Not reviewed">
                <common:reviewDetails xml:lang="en">unknown</common:reviewDetails>
                <common:referenceToNameOfReviewerAndInstitution type="contact data set" refObjectId="c71c2be4-29ec-3a4c-80a6-77242fa644f1" version="01.00.000" uri="../contacts/c71c2be4-29ec-3a4c-80a6-77242fa644f1">
                    <common:shortDescription xml:lang="en">Martha Stevenson</common:shortDescription>
                </common:referenceToNameOfReviewerAndInstitution>
            </review>
        </validation>
    </modellingAndValidation>
    <administrativeInformation>
        <dataGenerator>
            <common:referenceToPersonOrEntityGeneratingTheDataSet type="contact data set" refObjectId="0d6cba77-2eff-3519-92d7-8a87dab88049" version="01.00.000" uri="../contacts/0d6cba77-2eff-3519-92d7-8a87dab88049">
                <common:shortDescription xml:lang="en">Caroline Gaudreault</common:shortDescription>
            </common:referenceToPersonOrEntityGeneratingTheDataSet>
        </dataGenerator>
        <dataEntryBy>
            <common:timeStamp>2018-10-08T12:54:45.441-06:00</common:timeStamp>
            <common:referenceToDataSetFormat type="source data set" refObjectId="a97a0155-0234-4b87-b4ce-a45da52f2a40" version="01.01.000" uri="../sources/a97a0155-0234-4b87-b4ce-a45da52f2a40_01.01.000.xml">
                <common:shortDescription xml:lang="en">ILCD format</common:shortDescription>
            </common:referenceToDataSetFormat>
            <common:referenceToPersonOrEntityEnteringTheData type="contact data set" refObjectId="bf3f36bd-8fbb-33a7-8317-3a366007dd91" version="01.00.000" uri="../contacts/bf3f36bd-8fbb-33a7-8317-3a366007dd91">
                <common:shortDescription xml:lang="en">Chantal Lavigne</common:shortDescription>
            </common:referenceToPersonOrEntityEnteringTheData>
        </dataEntryBy>
        <publicationAndOwnership>
            <common:dateOfLastRevision>2018-06-27T10:38:51.575-06:00</common:dateOfLastRevision>
            <common:dataSetVersion>00.00.001</common:dataSetVersion>
            <common:referenceToUnchangedRepublication type="source data set" refObjectId="5ad484a6-5a08-34df-9bed-021b3058dcab" version="01.00.000" uri="../sources/5ad484a6-5a08-34df-9bed-021b3058dcab">
                <common:shortDescription xml:lang="en">Joel I. Reisman  </common:shortDescription>
            </common:referenceToUnchangedRepublication>
            <common:copyright>false</common:copyright>
            <common:accessRestrictions xml:lang="en">All information can be accessed by everybody.</common:accessRestrictions>
        </publicationAndOwnership>
    </administrativeInformation>
    <exchanges>
        <exchange xmlns:olca="http://openlca.org/ilcd-extensions" dataSetInternalID="9" olca:amount="3.62E-5">
            <referenceToFlowDataSet type="flow data set" refObjectId="8e123669-94d3-41d8-9480-a79211fe7c43" version="01.00.000" uri="../flows/8e123669-94d3-41d8-9480-a79211fe7c43">
                <common:shortDescription xml:lang="en">Lead</common:shortDescription>
            </referenceToFlowDataSet>
            <exchangeDirection>Output</exchangeDirection>
            <meanAmount>3.62E-5</meanAmount>
            <resultingAmount>3.62E-5</resultingAmount>
        </exchange>
        <exchange xmlns:olca="http://openlca.org/ilcd-extensions" dataSetInternalID="0" olca:propertyId="93a60a56-a3c8-11da-a746-0800200b9a66" olca:amount="1.0">
            <referenceToFlowDataSet type="flow data set" refObjectId="73f6d99c-51b9-3e90-b358-b7caa6cbfe21" version="01.00.000" uri="../flows/73f6d99c-51b9-3e90-b358-b7caa6cbfe21">
                <common:shortDescription xml:lang="en">TDF, combusted in industrial boiler, at pulp and paper mill (EXCL.)</common:shortDescription>
            </referenceToFlowDataSet>
            <exchangeDirection>Output</exchangeDirection>
            <meanAmount>1.0</meanAmount>
            <resultingAmount>1.0</resultingAmount>
            <generalComment xml:lang="en">34.3 GJ HHV/st: Energy content in used shredded tires( U.S. EPA 1997)</generalComment>
        </exchange>
        <exchange xmlns:olca="http://openlca.org/ilcd-extensions" dataSetInternalID="13" olca:amount="1.0">
            <referenceToFlowDataSet type="flow data set" refObjectId="0f6dc25b-59c1-4d59-8ec5-1369da95b51d" version="01.00.000" uri="../flows/0f6dc25b-59c1-4d59-8ec5-1369da95b51d">
                <common:shortDescription xml:lang="en">CUTOFF Tire derived fuel</common:shortDescription>
            </referenceToFlowDataSet>
            <exchangeDirection>Input</exchangeDirection>
            <meanAmount>1.0</meanAmount>
            <resultingAmount>1.0</resultingAmount>
        </exchange>
        <exchange xmlns:olca="http://openlca.org/ilcd-extensions" dataSetInternalID="2" olca:propertyId="93a60a56-a3c8-11da-a746-0800200b9a66" olca:amount="3.075">
            <referenceToFlowDataSet type="flow data set" refObjectId="63af114b-afcb-3a82-801a-9c66208a673a" version="01.00.000" uri="../flows/63af114b-afcb-3a82-801a-9c66208a673a">
                <common:shortDescription xml:lang="en">Carbon dioxide, fossil </common:shortDescription>
            </referenceToFlowDataSet>
            <exchangeDirection>Output</exchangeDirection>
            <meanAmount>3.075</meanAmount>
            <resultingAmount>3.075</resultingAmount>
            <generalComment xml:lang="en">179.3 lb/GJ HHV: IPCC 2006</generalComment>
        </exchange>
        <exchange xmlns:olca="http://openlca.org/ilcd-extensions" dataSetInternalID="7" olca:amount="6.7E-7">
            <referenceToFlowDataSet type="flow data set" refObjectId="1c5a7322-9261-4d59-a692-adde6c12de92" version="01.00.000" uri="../flows/1c5a7322-9261-4d59-a692-adde6c12de92">
                <common:shortDescription xml:lang="en">Cadmium</common:shortDescription>
            </referenceToFlowDataSet>
            <exchangeDirection>Output</exchangeDirection>
            <meanAmount>6.7E-7</meanAmount>
            <resultingAmount>6.7E-7</resultingAmount>
        </exchange>
        <exchange xmlns:olca="http://openlca.org/ilcd-extensions" dataSetInternalID="19" olca:propertyId="93a60a56-a3c8-11da-a746-0800200b9a66" olca:amount="1.2E-8">
            <referenceToFlowDataSet type="flow data set" refObjectId="c699151a-d569-3534-8ac8-36d6c0615820" version="01.00.000" uri="../flows/c699151a-d569-3534-8ac8-36d6c0615820">
                <common:shortDescription xml:lang="en">Antimony</common:shortDescription>
            </referenceToFlowDataSet>
            <exchangeDirection>Output</exchangeDirection>
            <meanAmount>1.2E-8</meanAmount>
            <resultingAmount>1.2E-8</resultingAmount>
        </exchange>
        <exchange xmlns:olca="http://openlca.org/ilcd-extensions" dataSetInternalID="6" olca:propertyId="93a60a56-a3c8-11da-a746-0800200b9a66" olca:amount="2.53E-4">
            <referenceToFlowDataSet type="flow data set" refObjectId="726d9288-bc45-3496-a824-86a4b3874fae" version="01.00.000" uri="../flows/726d9288-bc45-3496-a824-86a4b3874fae">
                <common:shortDescription xml:lang="en">Cobalt</common:shortDescription>
            </referenceToFlowDataSet>
            <exchangeDirection>Output</exchangeDirection>
            <meanAmount>2.53E-4</meanAmount>
            <resultingAmount>2.53E-4</resultingAmount>
        </exchange>
        <exchange xmlns:olca="http://openlca.org/ilcd-extensions" dataSetInternalID="8" olca:propertyId="93a60a56-a3c8-11da-a746-0800200b9a66" olca:amount="3.575E-8">
            <referenceToFlowDataSet type="flow data set" refObjectId="c1683bc0-0bb2-3012-b0d4-628ca7b440d7" version="01.00.000" uri="../flows/c1683bc0-0bb2-3012-b0d4-628ca7b440d7">
                <common:shortDescription xml:lang="en">Selenium</common:shortDescription>
            </referenceToFlowDataSet>
            <exchangeDirection>Output</exchangeDirection>
            <meanAmount>3.575E-8</meanAmount>
            <resultingAmount>3.575E-8</resultingAmount>
        </exchange>
        <exchange xmlns:olca="http://openlca.org/ilcd-extensions" dataSetInternalID="10" olca:propertyId="93a60a56-a3c8-11da-a746-0800200b9a66" olca:amount="2.0E-5">
            <referenceToFlowDataSet type="flow data set" refObjectId="34bd8b57-ed93-30d3-94eb-eb0abceebbe8" version="01.00.000" uri="../flows/34bd8b57-ed93-30d3-94eb-eb0abceebbe8">
                <common:shortDescription xml:lang="en">Barium</common:shortDescription>
            </referenceToFlowDataSet>
            <exchangeDirection>Output</exchangeDirection>
            <meanAmount>2.0E-5</meanAmount>
            <resultingAmount>2.0E-5</resultingAmount>
        </exchange>
        <exchange xmlns:olca="http://openlca.org/ilcd-extensions" dataSetInternalID="5" olca:propertyId="93a60a56-a3c8-11da-a746-0800200b9a66" olca:amount="7.3E-7">
            <referenceToFlowDataSet type="flow data set" refObjectId="6505c252-8e98-3e73-8e2b-e49deaf2598b" version="01.00.000" uri="../flows/6505c252-8e98-3e73-8e2b-e49deaf2598b">
                <common:shortDescription xml:lang="en">Arsenic</common:shortDescription>
            </referenceToFlowDataSet>
            <exchangeDirection>Output</exchangeDirection>
            <meanAmount>7.3E-7</meanAmount>
            <resultingAmount>7.3E-7</resultingAmount>
        </exchange>
        <exchange xmlns:olca="http://openlca.org/ilcd-extensions" dataSetInternalID="18" olca:propertyId="93a60a56-a3c8-11da-a746-0800200b9a66" olca:amount="2.1E-8">
            <referenceToFlowDataSet type="flow data set" refObjectId="ed6487a9-6261-36ce-88f3-f4216e8428a1" version="01.00.000" uri="../flows/ed6487a9-6261-36ce-88f3-f4216e8428a1">
                <common:shortDescription xml:lang="en">Beryllium</common:shortDescription>
            </referenceToFlowDataSet>
            <exchangeDirection>Output</exchangeDirection>
            <meanAmount>2.1E-8</meanAmount>
            <resultingAmount>2.1E-8</resultingAmount>
        </exchange>
        <exchange xmlns:olca="http://openlca.org/ilcd-extensions" dataSetInternalID="4" olca:amount="3.42E-6">
            <referenceToFlowDataSet type="flow data set" refObjectId="a5506f4b-113f-4713-95c3-c819dde6e48b" version="01.00.000" uri="../flows/a5506f4b-113f-4713-95c3-c819dde6e48b">
                <common:shortDescription xml:lang="en">Nickel</common:shortDescription>
            </referenceToFlowDataSet>
            <exchangeDirection>Output</exchangeDirection>
            <meanAmount>3.42E-6</meanAmount>
            <resultingAmount>3.42E-6</resultingAmount>
        </exchange>
        <exchange xmlns:olca="http://openlca.org/ilcd-extensions" dataSetInternalID="3" olca:amount="1.23E-8">
            <referenceToFlowDataSet type="flow data set" refObjectId="71234253-b3a7-4dfe-b166-a484ad15bee7" version="01.00.000" uri="../flows/71234253-b3a7-4dfe-b166-a484ad15bee7">
                <common:shortDescription xml:lang="en">Mercury</common:shortDescription>
            </referenceToFlowDataSet>
            <exchangeDirection>Output</exchangeDirection>
            <meanAmount>1.23E-8</meanAmount>
            <resultingAmount>1.23E-8</resultingAmount>
        </exchange>
        <exchange xmlns:olca="http://openlca.org/ilcd-extensions" dataSetInternalID="17" olca:propertyId="93a60a56-a3c8-11da-a746-0800200b9a66" olca:amount="5.4E-7">
            <referenceToFlowDataSet type="flow data set" refObjectId="bf42d200-52c8-3d08-8110-3e9243f2d4f4" version="01.00.000" uri="../flows/bf42d200-52c8-3d08-8110-3e9243f2d4f4">
                <common:shortDescription xml:lang="en">Particulates</common:shortDescription>
            </referenceToFlowDataSet>
            <exchangeDirection>Output</exchangeDirection>
            <meanAmount>5.4E-7</meanAmount>
            <resultingAmount>5.4E-7</resultingAmount>
            <generalComment xml:lang="en">0.00007 lb/st: U.S. EPA 1997, 1995</generalComment>
        </exchange>
        <exchange xmlns:olca="http://openlca.org/ilcd-extensions" dataSetInternalID="15" olca:propertyId="93a60a56-a3c8-11da-a746-0800200b9a66" olca:amount="2.82E-4">
            <referenceToFlowDataSet type="flow data set" refObjectId="68645e0d-dc3f-3d22-b886-7eff1d63add4" version="01.00.000" uri="../flows/68645e0d-dc3f-3d22-b886-7eff1d63add4">
                <common:shortDescription xml:lang="en">Copper</common:shortDescription>
            </referenceToFlowDataSet>
            <exchangeDirection>Output</exchangeDirection>
            <meanAmount>2.82E-4</meanAmount>
            <resultingAmount>2.82E-4</resultingAmount>
        </exchange>
        <exchange xmlns:olca="http://openlca.org/ilcd-extensions" dataSetInternalID="16" olca:amount="1.17E-6">
            <referenceToFlowDataSet type="flow data set" refObjectId="7ae371ac-8532-11e0-9d78-0800200c9a66" version="01.00.000" uri="../flows/7ae371ac-8532-11e0-9d78-0800200c9a66">
                <common:shortDescription xml:lang="en">Carbon monoxide</common:shortDescription>
            </referenceToFlowDataSet>
            <exchangeDirection>Output</exchangeDirection>
            <meanAmount>1.17E-6</meanAmount>
            <resultingAmount>1.17E-6</resultingAmount>
            <generalComment xml:lang="en">0.00234 lb/st: U.S. EPA 1997, 1995</generalComment>
        </exchange>
        <exchange xmlns:olca="http://openlca.org/ilcd-extensions" dataSetInternalID="1" olca:amount="4.63E-6">
            <referenceToFlowDataSet type="flow data set" refObjectId="e142b577-e934-4085-9a07-3983d4d92afb" version="01.00.000" uri="../flows/e142b577-e934-4085-9a07-3983d4d92afb">
                <common:shortDescription xml:lang="en">Chromium</common:shortDescription>
            </referenceToFlowDataSet>
            <exchangeDirection>Output</exchangeDirection>
            <meanAmount>4.63E-6</meanAmount>
            <resultingAmount>4.63E-6</resultingAmount>
        </exchange>
        <exchange xmlns:olca="http://openlca.org/ilcd-extensions" dataSetInternalID="11" olca:amount="3.7E-4">
            <referenceToFlowDataSet type="flow data set" refObjectId="c941d6d0-a56c-4e6c-95de-ac685635218d" version="01.00.000" uri="../flows/c941d6d0-a56c-4e6c-95de-ac685635218d">
                <common:shortDescription xml:lang="en">Hydrogen chloride</common:shortDescription>
            </referenceToFlowDataSet>
            <exchangeDirection>Output</exchangeDirection>
            <meanAmount>3.7E-4</meanAmount>
            <resultingAmount>3.7E-4</resultingAmount>
        </exchange>
        <exchange xmlns:olca="http://openlca.org/ilcd-extensions" dataSetInternalID="12" olca:amount="7.45E-8">
            <referenceToFlowDataSet type="flow data set" refObjectId="5ce378a0-b48d-471c-977d-79681521efde" version="01.00.000" uri="../flows/5ce378a0-b48d-471c-977d-79681521efde">
                <common:shortDescription xml:lang="en">Zinc</common:shortDescription>
            </referenceToFlowDataSet>
            <exchangeDirection>Output</exchangeDirection>
            <meanAmount>7.45E-8</meanAmount>
            <resultingAmount>7.45E-8</resultingAmount>
        </exchange>
        <exchange xmlns:olca="http://openlca.org/ilcd-extensions" dataSetInternalID="14" olca:propertyId="93a60a56-a3c8-11da-a746-0800200b9a66" olca:amount="4.03E-5">
            <referenceToFlowDataSet type="flow data set" refObjectId="cf073fce-ea44-3b44-a451-0ac2894f0bbf" version="01.00.000" uri="../flows/cf073fce-ea44-3b44-a451-0ac2894f0bbf">
                <common:shortDescription xml:lang="en">Manganese</common:shortDescription>
            </referenceToFlowDataSet>
            <exchangeDirection>Output</exchangeDirection>
            <meanAmount>4.03E-5</meanAmount>
            <resultingAmount>4.03E-5</resultingAmount>
        </exchange>
    </exchanges>
</processDataSet>
