<?xml version="1.0" encoding="UTF-8" standalone="yes"?>
<processDataSet xmlns:m="http://lca.jrc.it/ILCD/LCIAMethod" xmlns:common="http://lca.jrc.it/ILCD/Common" xmlns:s="http://lca.jrc.it/ILCD/Source" xmlns:c="http://lca.jrc.it/ILCD/Contact" xmlns:f="http://lca.jrc.it/ILCD/Flow" xmlns="http://lca.jrc.it/ILCD/Process" xmlns:fp="http://lca.jrc.it/ILCD/FlowProperty" xmlns:u="http://lca.jrc.it/ILCD/UnitGroup" version="1.1">
    <processInformation>
        <dataSetInformation>
            <common:UUID>b6884185-30b8-391a-9dff-dbded4429a66</common:UUID>
            <name>
                <baseName xml:lang="en">Hog fuel, pur., combusted in industrial boiler, at pulp and paper mill (EXCL.)</baseName>
            </name>
            <classificationInformation>
                <common:classification>
                    <common:class level="0" classId="dd160b3d-0fc0-3555-8da1-23e152be40d8">Paper Manufacturing</common:class>
                    <common:class level="1" classId="cc05d3a5-657a-32dd-ace5-480164b8cacb">Pulp, Paper, and Paperboard Mills</common:class>
                </common:classification>
            </classificationInformation>
            <common:generalComment xml:lang="en">This process, "Hog fuel, purchased (pur.), combusted in industrial boiler, at pulp and paper mill (EXCL.), was built to be used within the processes named "Fuels burned at bleached kraft market pulp mill", "Fuels burned at uncoated freesheet paper mill", "Fuels burned at coated freesheet paper mill", "Fuels burned at uncoated mechanical paper mill", "Fuels burned at coated mechanical paper mill" and "Fuels burned at bag and sack paper mill". It was built from the process named "Wood fuel, SE hardwood, purchased, combusted in industrial boiler" v.1.0 available in the US LCI database. Transport and waste processes were removed. The following emissions to air were excluded (excl.): Sulfur oxidesand Nitrogen oxides. These processes and emissions are reported in pulp and paper mill process chain in which this process is integrated.
Important note: although most of the data in the US LCI database has 
undergone some sort of review, the database as a whole has not yet 
undergone a formal validation process.
Please email comments to lci@nrel.gov.</common:generalComment>
        </dataSetInformation>
        <quantitativeReference type="Reference flow(s)">
            <referenceToReferenceFlow>0</referenceToReferenceFlow>
        </quantitativeReference>
        <time xmlns:olca="http://openlca.org/ilcd-extensions" olca:startDate="1072854000000" olca:endDate="1072854000000">
            <common:referenceYear>2003</common:referenceYear>
            <common:dataSetValidUntil>2003</common:dataSetValidUntil>
        </time>
        <geography>
            <locationOfOperationSupplyOrProduction location="RNA" latitudeAndLongitude="58.71,-91.96">
                <descriptionOfRestrictions xml:lang="en">US</descriptionOfRestrictions>
            </locationOfOperationSupplyOrProduction>
        </geography>
        <technology>
            <technologyDescriptionAndIncludedProcesses xml:lang="en">This process is a copy of the FAL "Wood waste, unspecified, combusted into industrial boilers" for which (1) the wood input was changed to an adapted version of the Franklin fuel wood dataset; (2) wood weight is expressed on oven dry basis; (3) outputs to nature have been scaled to reflect 1 kg of oven dry wood input and (4) waste flow is changed to waste treatment input.</technologyDescriptionAndIncludedProcesses>
        </technology>
    </processInformation>
    <modellingAndValidation>
        <LCIMethodAndAllocation>
            <typeOfDataSet>Unit process, black box</typeOfDataSet>
            <LCIMethodPrinciple>Other</LCIMethodPrinciple>
        </LCIMethodAndAllocation>
        <dataSourcesTreatmentAndRepresentativeness>
            <deviationsFromCutOffAndCompletenessPrinciples xml:lang="en">None.</deviationsFromCutOffAndCompletenessPrinciples>
            <deviationsFromSelectionAndCombinationPrinciples xml:lang="en">None.</deviationsFromSelectionAndCombinationPrinciples>
            <referenceToDataSource type="source data set" refObjectId="e6f7d676-1804-3acf-b7e8-82cf84db3281" version="01.00.000" uri="../sources/e6f7d676-1804-3acf-b7e8-82cf84db3281">
                <common:shortDescription xml:lang="en">AF&amp;PA </common:shortDescription>
            </referenceToDataSource>
            <referenceToDataSource type="source data set" refObjectId="fa3861a0-7c98-3bde-b610-815efeabb78a" version="01.00.000" uri="../sources/fa3861a0-7c98-3bde-b610-815efeabb78a">
                <common:shortDescription xml:lang="en">U.S. DoE </common:shortDescription>
            </referenceToDataSource>
            <referenceToDataSource type="source data set" refObjectId="a48ecfbd-d8fa-3582-b7e4-9cb314ede4aa" version="01.00.000" uri="../sources/a48ecfbd-d8fa-3582-b7e4-9cb314ede4aa">
                <common:shortDescription xml:lang="en">Sassenrath, Charles P </common:shortDescription>
            </referenceToDataSource>
            <referenceToDataSource type="source data set" refObjectId="a7386e44-8401-3454-a27f-010170b21151" version="01.00.000" uri="../sources/a7386e44-8401-3454-a27f-010170b21151">
                <common:shortDescription xml:lang="en">Argonne National Laboratory  </common:shortDescription>
            </referenceToDataSource>
            <referenceToDataSource type="source data set" refObjectId="d35533b9-1e24-3cf8-980e-d25be60c88ae" version="01.00.000" uri="../sources/d35533b9-1e24-3cf8-980e-d25be60c88ae">
                <common:shortDescription xml:lang="en">Kaminski, Paul </common:shortDescription>
            </referenceToDataSource>
            <referenceToDataSource type="source data set" refObjectId="2a3e056f-1438-3277-a00c-9b412f077c68" version="01.00.000" uri="../sources/2a3e056f-1438-3277-a00c-9b412f077c68">
                <common:shortDescription xml:lang="en">Combustion Engineering Inc. </common:shortDescription>
            </referenceToDataSource>
            <referenceToDataSource type="source data set" refObjectId="cede9e8b-5942-3be1-8340-5b04d59106bb" version="01.00.000" uri="../sources/cede9e8b-5942-3be1-8340-5b04d59106bb">
                <common:shortDescription xml:lang="en">U.S. EPA </common:shortDescription>
            </referenceToDataSource>
            <referenceToDataSource type="source data set" refObjectId="c3cb7bf4-8551-35a4-9493-fe0a49a1f622" version="01.00.000" uri="../sources/c3cb7bf4-8551-35a4-9493-fe0a49a1f622">
                <common:shortDescription xml:lang="en">Franklin Associates </common:shortDescription>
            </referenceToDataSource>
            <referenceToDataSource type="source data set" refObjectId="bc230add-ed20-38a9-ba57-f2b58c312b4e" version="01.00.000" uri="../sources/bc230add-ed20-38a9-ba57-f2b58c312b4e">
                <common:shortDescription xml:lang="en">Maureen Puettmann </common:shortDescription>
            </referenceToDataSource>
        </dataSourcesTreatmentAndRepresentativeness>
        <validation>
            <review type="Not reviewed">
                <common:reviewDetails xml:lang="en">unknown</common:reviewDetails>
                <common:referenceToNameOfReviewerAndInstitution type="contact data set" refObjectId="c71c2be4-29ec-3a4c-80a6-77242fa644f1" version="01.00.000" uri="../contacts/c71c2be4-29ec-3a4c-80a6-77242fa644f1">
                    <common:shortDescription xml:lang="en">Martha Stevenson</common:shortDescription>
                </common:referenceToNameOfReviewerAndInstitution>
            </review>
        </validation>
    </modellingAndValidation>
    <administrativeInformation>
        <dataGenerator>
            <common:referenceToPersonOrEntityGeneratingTheDataSet type="contact data set" refObjectId="0d6cba77-2eff-3519-92d7-8a87dab88049" version="01.00.000" uri="../contacts/0d6cba77-2eff-3519-92d7-8a87dab88049">
                <common:shortDescription xml:lang="en">Caroline Gaudreault</common:shortDescription>
            </common:referenceToPersonOrEntityGeneratingTheDataSet>
        </dataGenerator>
        <dataEntryBy>
            <common:timeStamp>2018-10-08T12:54:46.163-06:00</common:timeStamp>
            <common:referenceToDataSetFormat type="source data set" refObjectId="a97a0155-0234-4b87-b4ce-a45da52f2a40" version="01.01.000" uri="../sources/a97a0155-0234-4b87-b4ce-a45da52f2a40_01.01.000.xml">
                <common:shortDescription xml:lang="en">ILCD format</common:shortDescription>
            </common:referenceToDataSetFormat>
            <common:referenceToPersonOrEntityEnteringTheData type="contact data set" refObjectId="bf3f36bd-8fbb-33a7-8317-3a366007dd91" version="01.00.000" uri="../contacts/bf3f36bd-8fbb-33a7-8317-3a366007dd91">
                <common:shortDescription xml:lang="en">Chantal Lavigne</common:shortDescription>
            </common:referenceToPersonOrEntityEnteringTheData>
        </dataEntryBy>
        <publicationAndOwnership>
            <common:dateOfLastRevision>2018-06-27T10:38:51.555-06:00</common:dateOfLastRevision>
            <common:dataSetVersion>00.00.001</common:dataSetVersion>
            <common:referenceToUnchangedRepublication type="source data set" refObjectId="c3cb7bf4-8551-35a4-9493-fe0a49a1f622" version="01.00.000" uri="../sources/c3cb7bf4-8551-35a4-9493-fe0a49a1f622">
                <common:shortDescription xml:lang="en">Franklin Associates </common:shortDescription>
            </common:referenceToUnchangedRepublication>
            <common:copyright>false</common:copyright>
            <common:accessRestrictions xml:lang="en">All information can be accessed by everybody.</common:accessRestrictions>
        </publicationAndOwnership>
    </administrativeInformation>
    <exchanges>
        <exchange xmlns:olca="http://openlca.org/ilcd-extensions" dataSetInternalID="0" olca:propertyId="93a60a56-a3c8-11da-a746-0800200b9a66" olca:amount="1.0">
            <referenceToFlowDataSet type="flow data set" refObjectId="cd2343aa-210e-3d54-87df-c939bc9296b5" version="01.00.000" uri="../flows/cd2343aa-210e-3d54-87df-c939bc9296b5">
                <common:shortDescription xml:lang="en">Hog fuel, pur., combusted in industrial boiler, at pulp and paper mill (EXCL.)</common:shortDescription>
            </referenceToFlowDataSet>
            <exchangeDirection>Output</exchangeDirection>
            <meanAmount>1.0</meanAmount>
            <resultingAmount>1.0</resultingAmount>
            <generalComment xml:lang="en">Weight reported on an ovendry basis. </generalComment>
        </exchange>
        <exchange xmlns:olca="http://openlca.org/ilcd-extensions" dataSetInternalID="25" olca:propertyId="93a60a56-a3c8-11da-a746-0800200b9a66" olca:amount="4.05E-7">
            <referenceToFlowDataSet type="flow data set" refObjectId="6996fb26-c610-3dbe-8739-20b8a01d77b3" version="01.00.000" uri="../flows/6996fb26-c610-3dbe-8739-20b8a01d77b3">
                <common:shortDescription xml:lang="en">Methane, tetrachloro-, CFC-10</common:shortDescription>
            </referenceToFlowDataSet>
            <exchangeDirection>Output</exchangeDirection>
            <meanAmount>4.05E-7</meanAmount>
            <resultingAmount>4.05E-7</resultingAmount>
        </exchange>
        <exchange xmlns:olca="http://openlca.org/ilcd-extensions" dataSetInternalID="19" olca:propertyId="93a60a56-a3c8-11da-a746-0800200b9a66" olca:amount="1.44E-5">
            <referenceToFlowDataSet type="flow data set" refObjectId="cf073fce-ea44-3b44-a451-0ac2894f0bbf" version="01.00.000" uri="../flows/cf073fce-ea44-3b44-a451-0ac2894f0bbf">
                <common:shortDescription xml:lang="en">Manganese</common:shortDescription>
            </referenceToFlowDataSet>
            <exchangeDirection>Output</exchangeDirection>
            <meanAmount>1.44E-5</meanAmount>
            <resultingAmount>1.44E-5</resultingAmount>
        </exchange>
        <exchange xmlns:olca="http://openlca.org/ilcd-extensions" dataSetInternalID="27" olca:propertyId="93a60a56-a3c8-11da-a746-0800200b9a66" olca:amount="3.78E-5">
            <referenceToFlowDataSet type="flow data set" refObjectId="0ba9c977-5398-3e0f-b3c9-d922e39d7894" version="01.00.000" uri="../flows/0ba9c977-5398-3e0f-b3c9-d922e39d7894">
                <common:shortDescription xml:lang="en">Benzene</common:shortDescription>
            </referenceToFlowDataSet>
            <exchangeDirection>Output</exchangeDirection>
            <meanAmount>3.78E-5</meanAmount>
            <resultingAmount>3.78E-5</resultingAmount>
        </exchange>
        <exchange xmlns:olca="http://openlca.org/ilcd-extensions" dataSetInternalID="20" olca:propertyId="93a60a56-a3c8-11da-a746-0800200b9a66" olca:amount="1.0">
            <referenceToFlowDataSet type="flow data set" refObjectId="ba4fbc4f-a9ab-387c-8bdd-9308dc19f404" version="01.00.000" uri="../flows/ba4fbc4f-a9ab-387c-8bdd-9308dc19f404">
                <common:shortDescription xml:lang="en">Wood fuel, unspecified</common:shortDescription>
            </referenceToFlowDataSet>
            <exchangeDirection>Input</exchangeDirection>
            <meanAmount>1.0</meanAmount>
            <resultingAmount>1.0</resultingAmount>
            <generalComment xml:lang="en">Weight reported on an ovendry basis.</generalComment>
        </exchange>
        <exchange xmlns:olca="http://openlca.org/ilcd-extensions" dataSetInternalID="10" olca:amount="3.69E-8">
            <referenceToFlowDataSet type="flow data set" refObjectId="1c5a7322-9261-4d59-a692-adde6c12de92" version="01.00.000" uri="../flows/1c5a7322-9261-4d59-a692-adde6c12de92">
                <common:shortDescription xml:lang="en">Cadmium</common:shortDescription>
            </referenceToFlowDataSet>
            <exchangeDirection>Output</exchangeDirection>
            <meanAmount>3.69E-8</meanAmount>
            <resultingAmount>3.69E-8</resultingAmount>
        </exchange>
        <exchange xmlns:olca="http://openlca.org/ilcd-extensions" dataSetInternalID="14" olca:propertyId="93a60a56-a3c8-11da-a746-0800200b9a66" olca:amount="3.681E-5">
            <referenceToFlowDataSet type="flow data set" refObjectId="8c943a85-1d5c-3a38-83d1-7b0b74999ff1" version="01.00.000" uri="../flows/8c943a85-1d5c-3a38-83d1-7b0b74999ff1">
                <common:shortDescription xml:lang="en">TOC, Total Organic Carbon</common:shortDescription>
            </referenceToFlowDataSet>
            <exchangeDirection>Output</exchangeDirection>
            <meanAmount>3.681E-5</meanAmount>
            <resultingAmount>3.681E-5</resultingAmount>
        </exchange>
        <exchange xmlns:olca="http://openlca.org/ilcd-extensions" dataSetInternalID="12" olca:amount="1.89E-4">
            <referenceToFlowDataSet type="flow data set" refObjectId="20408dd1-8534-11e0-9d78-0800200c9a66" version="01.00.000" uri="../flows/20408dd1-8534-11e0-9d78-0800200c9a66">
                <common:shortDescription xml:lang="en">Methane</common:shortDescription>
            </referenceToFlowDataSet>
            <exchangeDirection>Output</exchangeDirection>
            <meanAmount>1.89E-4</meanAmount>
            <resultingAmount>1.89E-4</resultingAmount>
        </exchange>
        <exchange xmlns:olca="http://openlca.org/ilcd-extensions" dataSetInternalID="30" olca:propertyId="93a60a56-a3c8-11da-a746-0800200b9a66" olca:amount="1.98E-7">
            <referenceToFlowDataSet type="flow data set" refObjectId="6505c252-8e98-3e73-8e2b-e49deaf2598b" version="01.00.000" uri="../flows/6505c252-8e98-3e73-8e2b-e49deaf2598b">
                <common:shortDescription xml:lang="en">Arsenic</common:shortDescription>
            </referenceToFlowDataSet>
            <exchangeDirection>Output</exchangeDirection>
            <meanAmount>1.98E-7</meanAmount>
            <resultingAmount>1.98E-7</resultingAmount>
        </exchange>
        <exchange xmlns:olca="http://openlca.org/ilcd-extensions" dataSetInternalID="9" olca:propertyId="93a60a56-a3c8-11da-a746-0800200b9a66" olca:amount="1.83">
            <referenceToFlowDataSet type="flow data set" refObjectId="71b0c9e8-35a3-37f1-b606-7539a9eaea99" version="01.00.000" uri="../flows/71b0c9e8-35a3-37f1-b606-7539a9eaea99">
                <common:shortDescription xml:lang="en">Carbon dioxide, biogenic</common:shortDescription>
            </referenceToFlowDataSet>
            <exchangeDirection>Output</exchangeDirection>
            <meanAmount>1.83</meanAmount>
            <resultingAmount>1.83</resultingAmount>
            <generalComment xml:lang="en">1.83 kg CO2/kg of wood to preserve mass balance (Printing &amp; Writing Papers Life-Cycle Assessment Summary Report)</generalComment>
        </exchange>
        <exchange xmlns:olca="http://openlca.org/ilcd-extensions" dataSetInternalID="26" olca:amount="1.89E-7">
            <referenceToFlowDataSet type="flow data set" refObjectId="e142b577-e934-4085-9a07-3983d4d92afb" version="01.00.000" uri="../flows/e142b577-e934-4085-9a07-3983d4d92afb">
                <common:shortDescription xml:lang="en">Chromium</common:shortDescription>
            </referenceToFlowDataSet>
            <exchangeDirection>Output</exchangeDirection>
            <meanAmount>1.89E-7</meanAmount>
            <resultingAmount>1.89E-7</resultingAmount>
        </exchange>
        <exchange xmlns:olca="http://openlca.org/ilcd-extensions" dataSetInternalID="7" olca:amount="0.0045">
            <referenceToFlowDataSet type="flow data set" refObjectId="b967e1bf-f09b-4c89-8740-ace21db47bba" version="01.00.000" uri="../flows/b967e1bf-f09b-4c89-8740-ace21db47bba">
                <common:shortDescription xml:lang="en">Particulates, &gt; 2.5 um, and &lt; 10um</common:shortDescription>
            </referenceToFlowDataSet>
            <exchangeDirection>Output</exchangeDirection>
            <meanAmount>0.0045</meanAmount>
            <resultingAmount>0.0045</resultingAmount>
        </exchange>
        <exchange xmlns:olca="http://openlca.org/ilcd-extensions" dataSetInternalID="22" olca:propertyId="93a60a56-a3c8-11da-a746-0800200b9a66" olca:amount="7.11E-8">
            <referenceToFlowDataSet type="flow data set" refObjectId="c699151a-d569-3534-8ac8-36d6c0615820" version="01.00.000" uri="../flows/c699151a-d569-3534-8ac8-36d6c0615820">
                <common:shortDescription xml:lang="en">Antimony</common:shortDescription>
            </referenceToFlowDataSet>
            <exchangeDirection>Output</exchangeDirection>
            <meanAmount>7.11E-8</meanAmount>
            <resultingAmount>7.11E-8</resultingAmount>
        </exchange>
        <exchange xmlns:olca="http://openlca.org/ilcd-extensions" dataSetInternalID="28" olca:propertyId="93a60a56-a3c8-11da-a746-0800200b9a66" olca:amount="8.73E-7">
            <referenceToFlowDataSet type="flow data set" refObjectId="3249ff13-4bf2-3f84-857d-67cd0cc92bc2" version="01.00.000" uri="../flows/3249ff13-4bf2-3f84-857d-67cd0cc92bc2">
                <common:shortDescription xml:lang="en">Naphthalene</common:shortDescription>
            </referenceToFlowDataSet>
            <exchangeDirection>Output</exchangeDirection>
            <meanAmount>8.73E-7</meanAmount>
            <resultingAmount>8.73E-7</resultingAmount>
        </exchange>
        <exchange xmlns:olca="http://openlca.org/ilcd-extensions" dataSetInternalID="16" olca:propertyId="93a60a56-a3c8-11da-a746-0800200b9a66" olca:amount="0.0175">
            <referenceToFlowDataSet type="flow data set" refObjectId="7f684f3f-54eb-3173-b08f-3bee7d9d4faf" version="01.00.000" uri="../flows/7f684f3f-54eb-3173-b08f-3bee7d9d4faf">
                <common:shortDescription xml:lang="en">BOD5, Biological Oxygen Demand</common:shortDescription>
            </referenceToFlowDataSet>
            <exchangeDirection>Output</exchangeDirection>
            <meanAmount>0.0175</meanAmount>
            <resultingAmount>0.0175</resultingAmount>
        </exchange>
        <exchange xmlns:olca="http://openlca.org/ilcd-extensions" dataSetInternalID="6" olca:amount="1.71E-4">
            <referenceToFlowDataSet type="flow data set" refObjectId="c941d6d0-a56c-4e6c-95de-ac685635218d" version="01.00.000" uri="../flows/c941d6d0-a56c-4e6c-95de-ac685635218d">
                <common:shortDescription xml:lang="en">Hydrogen chloride</common:shortDescription>
            </referenceToFlowDataSet>
            <exchangeDirection>Output</exchangeDirection>
            <meanAmount>1.71E-4</meanAmount>
            <resultingAmount>1.71E-4</resultingAmount>
        </exchange>
        <exchange xmlns:olca="http://openlca.org/ilcd-extensions" dataSetInternalID="15" olca:amount="1.503E-8">
            <referenceToFlowDataSet type="flow data set" refObjectId="082903e4-45d8-4078-94cb-736b15279277" version="01.00.000" uri="../flows/082903e4-45d8-4078-94cb-736b15279277">
                <common:shortDescription xml:lang="en">Dioxins, measured as 2,3,7,8-tetrachlorodibenzo-p-dioxin</common:shortDescription>
            </referenceToFlowDataSet>
            <exchangeDirection>Output</exchangeDirection>
            <meanAmount>1.503E-8</meanAmount>
            <resultingAmount>1.503E-8</resultingAmount>
        </exchange>
        <exchange xmlns:olca="http://openlca.org/ilcd-extensions" dataSetInternalID="21" olca:propertyId="93a60a56-a3c8-11da-a746-0800200b9a66" olca:amount="4.59E-7">
            <referenceToFlowDataSet type="flow data set" refObjectId="af618eb6-3088-3ff2-94a5-8b84985438b8" version="01.00.000" uri="../flows/af618eb6-3088-3ff2-94a5-8b84985438b8">
                <common:shortDescription xml:lang="en">Phenols, unspecified</common:shortDescription>
            </referenceToFlowDataSet>
            <exchangeDirection>Output</exchangeDirection>
            <meanAmount>4.59E-7</meanAmount>
            <resultingAmount>4.59E-7</resultingAmount>
        </exchange>
        <exchange xmlns:olca="http://openlca.org/ilcd-extensions" dataSetInternalID="29" olca:propertyId="93a60a56-a3c8-11da-a746-0800200b9a66" olca:amount="9.9E-9">
            <referenceToFlowDataSet type="flow data set" refObjectId="ed6487a9-6261-36ce-88f3-f4216e8428a1" version="01.00.000" uri="../flows/ed6487a9-6261-36ce-88f3-f4216e8428a1">
                <common:shortDescription xml:lang="en">Beryllium</common:shortDescription>
            </referenceToFlowDataSet>
            <exchangeDirection>Output</exchangeDirection>
            <meanAmount>9.9E-9</meanAmount>
            <resultingAmount>9.9E-9</resultingAmount>
        </exchange>
        <exchange xmlns:olca="http://openlca.org/ilcd-extensions" dataSetInternalID="3" olca:propertyId="93a60a56-a3c8-11da-a746-0800200b9a66" olca:amount="7.47E-6">
            <referenceToFlowDataSet type="flow data set" refObjectId="3c5d727a-673d-334c-9018-3aa68edad2f5" version="01.00.000" uri="../flows/3c5d727a-673d-334c-9018-3aa68edad2f5">
                <common:shortDescription xml:lang="en">Acetaldehyde</common:shortDescription>
            </referenceToFlowDataSet>
            <exchangeDirection>Output</exchangeDirection>
            <meanAmount>7.47E-6</meanAmount>
            <resultingAmount>7.47E-6</resultingAmount>
        </exchange>
        <exchange xmlns:olca="http://openlca.org/ilcd-extensions" dataSetInternalID="2" olca:propertyId="93a60a56-a3c8-11da-a746-0800200b9a66" olca:amount="2.61E-6">
            <referenceToFlowDataSet type="flow data set" refObjectId="5fd898af-49e1-3250-9045-61ee32ba4f1c" version="01.00.000" uri="../flows/5fd898af-49e1-3250-9045-61ee32ba4f1c">
                <common:shortDescription xml:lang="en">Methane, dichloro-, HCC-30</common:shortDescription>
            </referenceToFlowDataSet>
            <exchangeDirection>Output</exchangeDirection>
            <meanAmount>2.61E-6</meanAmount>
            <resultingAmount>2.61E-6</resultingAmount>
        </exchange>
        <exchange xmlns:olca="http://openlca.org/ilcd-extensions" dataSetInternalID="23" olca:amount="2.97E-7">
            <referenceToFlowDataSet type="flow data set" refObjectId="a5506f4b-113f-4713-95c3-c819dde6e48b" version="01.00.000" uri="../flows/a5506f4b-113f-4713-95c3-c819dde6e48b">
                <common:shortDescription xml:lang="en">Nickel</common:shortDescription>
            </referenceToFlowDataSet>
            <exchangeDirection>Output</exchangeDirection>
            <meanAmount>2.97E-7</meanAmount>
            <resultingAmount>2.97E-7</resultingAmount>
        </exchange>
        <exchange xmlns:olca="http://openlca.org/ilcd-extensions" dataSetInternalID="13" olca:propertyId="93a60a56-a3c8-11da-a746-0800200b9a66" olca:amount="3.6E-5">
            <referenceToFlowDataSet type="flow data set" refObjectId="27f50545-345c-3fb5-a853-9c2ff309ed28" version="01.00.000" uri="../flows/27f50545-345c-3fb5-a853-9c2ff309ed28">
                <common:shortDescription xml:lang="en">Acrolein</common:shortDescription>
            </referenceToFlowDataSet>
            <exchangeDirection>Output</exchangeDirection>
            <meanAmount>3.6E-5</meanAmount>
            <resultingAmount>3.6E-5</resultingAmount>
        </exchange>
        <exchange xmlns:olca="http://openlca.org/ilcd-extensions" dataSetInternalID="18" olca:propertyId="93a60a56-a3c8-11da-a746-0800200b9a66" olca:amount="3.96E-5">
            <referenceToFlowDataSet type="flow data set" refObjectId="428037ab-78b5-389e-acb6-fb8b0c1c2bc8" version="01.00.000" uri="../flows/428037ab-78b5-389e-acb6-fb8b0c1c2bc8">
                <common:shortDescription xml:lang="en">Formaldehyde</common:shortDescription>
            </referenceToFlowDataSet>
            <exchangeDirection>Output</exchangeDirection>
            <meanAmount>3.96E-5</meanAmount>
            <resultingAmount>3.96E-5</resultingAmount>
        </exchange>
        <exchange xmlns:olca="http://openlca.org/ilcd-extensions" dataSetInternalID="1" olca:propertyId="93a60a56-a3c8-11da-a746-0800200b9a66" olca:amount="3.8494E-4">
            <referenceToFlowDataSet type="flow data set" refObjectId="ca89db9b-eae1-3e60-ad1e-b8bd2543680d" version="01.00.000" uri="../flows/ca89db9b-eae1-3e60-ad1e-b8bd2543680d">
                <common:shortDescription xml:lang="en">Metals, unspecified</common:shortDescription>
            </referenceToFlowDataSet>
            <exchangeDirection>Output</exchangeDirection>
            <meanAmount>3.8494E-4</meanAmount>
            <resultingAmount>3.8494E-4</resultingAmount>
        </exchange>
        <exchange xmlns:olca="http://openlca.org/ilcd-extensions" dataSetInternalID="4" olca:propertyId="93a60a56-a3c8-11da-a746-0800200b9a66" olca:amount="7.11E-6">
            <referenceToFlowDataSet type="flow data set" refObjectId="fce7dbb7-d08d-34ae-875c-1afb623e7213" version="01.00.000" uri="../flows/fce7dbb7-d08d-34ae-875c-1afb623e7213">
                <common:shortDescription xml:lang="en">Chlorine</common:shortDescription>
            </referenceToFlowDataSet>
            <exchangeDirection>Output</exchangeDirection>
            <meanAmount>7.11E-6</meanAmount>
            <resultingAmount>7.11E-6</resultingAmount>
        </exchange>
        <exchange xmlns:olca="http://openlca.org/ilcd-extensions" dataSetInternalID="8" olca:propertyId="93a60a56-a3c8-11da-a746-0800200b9a66" olca:amount="5.85E-8">
            <referenceToFlowDataSet type="flow data set" refObjectId="726d9288-bc45-3496-a824-86a4b3874fae" version="01.00.000" uri="../flows/726d9288-bc45-3496-a824-86a4b3874fae">
                <common:shortDescription xml:lang="en">Cobalt</common:shortDescription>
            </referenceToFlowDataSet>
            <exchangeDirection>Output</exchangeDirection>
            <meanAmount>5.85E-8</meanAmount>
            <resultingAmount>5.85E-8</resultingAmount>
        </exchange>
        <exchange xmlns:olca="http://openlca.org/ilcd-extensions" dataSetInternalID="5" olca:amount="4.32E-7">
            <referenceToFlowDataSet type="flow data set" refObjectId="8e123669-94d3-41d8-9480-a79211fe7c43" version="01.00.000" uri="../flows/8e123669-94d3-41d8-9480-a79211fe7c43">
                <common:shortDescription xml:lang="en">Lead</common:shortDescription>
            </referenceToFlowDataSet>
            <exchangeDirection>Output</exchangeDirection>
            <meanAmount>4.32E-7</meanAmount>
            <resultingAmount>4.32E-7</resultingAmount>
        </exchange>
        <exchange xmlns:olca="http://openlca.org/ilcd-extensions" dataSetInternalID="11" olca:amount="0.0054">
            <referenceToFlowDataSet type="flow data set" refObjectId="7ae371ac-8532-11e0-9d78-0800200c9a66" version="01.00.000" uri="../flows/7ae371ac-8532-11e0-9d78-0800200c9a66">
                <common:shortDescription xml:lang="en">Carbon monoxide</common:shortDescription>
            </referenceToFlowDataSet>
            <exchangeDirection>Output</exchangeDirection>
            <meanAmount>0.0054</meanAmount>
            <resultingAmount>0.0054</resultingAmount>
        </exchange>
        <exchange xmlns:olca="http://openlca.org/ilcd-extensions" dataSetInternalID="17" olca:propertyId="93a60a56-a3c8-11da-a746-0800200b9a66" olca:amount="2.52E-8">
            <referenceToFlowDataSet type="flow data set" refObjectId="c1683bc0-0bb2-3012-b0d4-628ca7b440d7" version="01.00.000" uri="../flows/c1683bc0-0bb2-3012-b0d4-628ca7b440d7">
                <common:shortDescription xml:lang="en">Selenium</common:shortDescription>
            </referenceToFlowDataSet>
            <exchangeDirection>Output</exchangeDirection>
            <meanAmount>2.52E-8</meanAmount>
            <resultingAmount>2.52E-8</resultingAmount>
        </exchange>
        <exchange xmlns:olca="http://openlca.org/ilcd-extensions" dataSetInternalID="24" olca:amount="3.15E-8">
            <referenceToFlowDataSet type="flow data set" refObjectId="71234253-b3a7-4dfe-b166-a484ad15bee7" version="01.00.000" uri="../flows/71234253-b3a7-4dfe-b166-a484ad15bee7">
                <common:shortDescription xml:lang="en">Mercury</common:shortDescription>
            </referenceToFlowDataSet>
            <exchangeDirection>Output</exchangeDirection>
            <meanAmount>3.15E-8</meanAmount>
            <resultingAmount>3.15E-8</resultingAmount>
        </exchange>
    </exchanges>
</processDataSet>
