{"@type":"UnitGroup","@id":"258d6abd-14f2-4484-956c-c88e8f6fd8ed","name":"Units of energy/mass*time","category":"Technical unit groups","version":"00.00.000","defaultFlowProperty":{"@type":"FlowProperty","@id":"c6984745-192d-416f-9728-d6169ba6267f","name":"Energy/mass*time","category":"Technical flow properties","refUnit":"MJ/kg*d"},"units":[{"@type":"Unit","@id":"94dcd768-ea3e-47da-ba1b-11fea4b5f4cc","name":"MJ/kg*d","description":"Megajoule per kilogram times day","conversionFactor":1.0,"isRefUnit":true}]}