{"@type":"UnitGroup","@id":"a6941776-ee4b-40fe-9a05-e19faac45240","name":"Units of mole*area*time/mass","category":"Technical unit groups","version":"00.00.000","defaultFlowProperty":{"@type":"FlowProperty","@id":"8a9107c2-62a2-4997-95b0-6944c80b774e","name":"Physicochemical Filtration (Occ.)","category":"Technical flow properties","refUnit":"(cmol*m2*a)/kg"},"units":[{"@type":"Unit","@id":"2e16ca4a-9f65-472f-b4cb-274050aaf328","name":"(cmol*m2*a)/kg","description":"Centimole times square metre times year per kilogram","conversionFactor":1.0,"isRefUnit":true}]}