{"@type":"UnitGroup","@id":"af638906-3ec7-4314-8de7-f76039f2dd01","name":"Units of time","category":"Technical unit groups","version":"00.00.000","defaultFlowProperty":{"@type":"FlowProperty","@id":"c0447923-0e60-4b3c-97c2-a86dddd9eea5","name":"Duration","category":"Technical flow properties","refUnit":"d"},"units":[{"@type":"Unit","@id":"9fa94e47-03bd-4ad1-8726-e10cfb6dbb7a","name":"min","description":"Minute","conversionFactor":6.94E-4},{"@type":"Unit","@id":"227a54d9-44e7-468c-b8bb-f2dd1ae68c7a","name":"h","description":"Hour","conversionFactor":0.041666666666666664,"synonyms":["hr"]},{"@type":"Unit","@id":"9a87f840-752d-4863-b911-533f92ee5073","name":"a","description":"Year (rounded)","conversionFactor":365.0,"synonyms":["year","yr"]},{"@type":"Unit","@id":"11074cfd-08a4-449b-adad-18ce24a1b275","name":"d","description":"Day","conversionFactor":1.0,"synonyms":["day"],"isRefUnit":true},{"@type":"Unit","@id":"845178d8-3f2c-497f-9ca6-3c5657c2823c","name":"s","description":"Second","conversionFactor":1.16E-5}]}