<?xml version="1.0" encoding="UTF-8" standalone="yes"?>
<c:contactDataSet xmlns:m="http://lca.jrc.it/ILCD/LCIAMethod" xmlns:common="http://lca.jrc.it/ILCD/Common" xmlns:s="http://lca.jrc.it/ILCD/Source" xmlns:c="http://lca.jrc.it/ILCD/Contact" xmlns:f="http://lca.jrc.it/ILCD/Flow" xmlns="http://lca.jrc.it/ILCD/Process" xmlns:fp="http://lca.jrc.it/ILCD/FlowProperty" xmlns:u="http://lca.jrc.it/ILCD/UnitGroup" version="1.1">
    <c:contactInformation>
        <c:dataSetInformation>
            <common:UUID>e597518e-863b-326e-bf32-69a1a37635cc</common:UUID>
            <common:name xml:lang="en">Dr. Lindita Bushi </common:name>
            <c:classificationInformation/>
            <c:contactAddress xml:lang="en">119 Ross Avenue, Suite 100
Ottawa, Ontario, Canada, K1Y 0N6</c:contactAddress>
            <c:telephone>Tel: 613.729.9996</c:telephone>
            <c:email>lindita.bushi@athenasmi.org</c:email>
        </c:dataSetInformation>
    </c:contactInformation>
    <c:administrativeInformation>
        <c:dataEntryBy>
            <common:referenceToDataSetFormat type="source data set" refObjectId="a97a0155-0234-4b87-b4ce-a45da52f2a40" version="01.01.000" uri="../sources/a97a0155-0234-4b87-b4ce-a45da52f2a40_01.01.000.xml">
                <common:shortDescription xml:lang="en">ILCD format</common:shortDescription>
            </common:referenceToDataSetFormat>
        </c:dataEntryBy>
        <c:publicationAndOwnership>
            <common:dataSetVersion>00.00.000</common:dataSetVersion>
            <common:permanentDataSetURI>http://openlca.org/ilcd/resource/contacts/e597518e-863b-326e-bf32-69a1a37635cc</common:permanentDataSetURI>
        </c:publicationAndOwnership>
    </c:administrativeInformation>
</c:contactDataSet>
