{"@context":"http://greendelta.github.io/olca-schema/context.jsonld","@type":"Flow","@id":"00a66ee1-c6b8-378f-88b9-93725e9c47d8","name":"Furans, unspecified","version":"00.00.000","category":{"@type":"Category","@id":"ac595524-e87e-3593-9cf6-91607296e169","name":"unspecified"},"flowType":"ELEMENTARY_FLOW","infrastructureFlow":false,"flowProperties":[{"@type":"FlowPropertyFactor","referenceFlowProperty":true,"flowProperty":{"@type":"FlowProperty","@id":"93a60a56-a3c8-11da-a746-0800200b9a66","name":"Mass"},"conversionFactor":1.0}]}