{"@context":"http://greendelta.github.io/olca-schema/context.jsonld","@type":"Flow","@id":"0fe54247-1f28-3597-bd5e-98431dc2f685","name":"Deposit containers, at collection","version":"00.00.000","category":{"@type":"Category","@id":"fd73960e-476f-3daa-9ff4-5e8658bb3b73","name":"Collection of postconsumer containers"},"flowType":"PRODUCT_FLOW","infrastructureFlow":false,"location":{"@type":"Location","@id":"b320e7db-c758-3ba6-8839-81eb83c9d7d7","name":"Northern America"},"flowProperties":[{"@type":"FlowPropertyFactor","referenceFlowProperty":true,"flowProperty":{"@type":"FlowProperty","@id":"93a60a56-a3c8-11da-a746-0800200b9a66","name":"Mass"},"conversionFactor":1.0}]}