{"@context":"http://greendelta.github.io/olca-schema/context.jsonld","@type":"Flow","@id":"1d7a5d94-22c4-37ac-8551-2dc47b9a5d27","name":"Phenol, 2,4-dimethyl-","version":"00.00.000","category":{"@type":"Category","@id":"ebacb70b-4c61-3e12-87b3-fbf61dff3ded","name":"unspecified"},"flowType":"ELEMENTARY_FLOW","infrastructureFlow":false,"flowProperties":[{"@type":"FlowPropertyFactor","referenceFlowProperty":true,"flowProperty":{"@type":"FlowProperty","@id":"93a60a56-a3c8-11da-a746-0800200b9a66","name":"Mass"},"conversionFactor":1.0}]}