{"@context":"http://greendelta.github.io/olca-schema/context.jsonld","@type":"Flow","@id":"21ad2d9f-a0ad-3b07-82bb-b0209211729c","name":"Methacrylic acid, methyl ester","version":"00.00.000","category":{"@type":"Category","@id":"75533569-1ee3-3410-9f72-cdce18bb55be","name":"unspecified"},"flowType":"ELEMENTARY_FLOW","infrastructureFlow":false,"flowProperties":[{"@type":"FlowPropertyFactor","referenceFlowProperty":true,"flowProperty":{"@type":"FlowProperty","@id":"93a60a56-a3c8-11da-a746-0800200b9a66","name":"Mass"},"conversionFactor":1.0}]}