{"@context":"http://greendelta.github.io/olca-schema/context.jsonld","@type":"Flow","@id":"2be6ce29-93cb-3106-8a99-4b9cf7dd27ef","name":"Mixed recyclables, sorted at MRF","version":"00.00.000","category":{"@type":"Category","@id":"f6cd773c-f7bc-3f09-b020-e2d5f8744d50","name":"Sorting, separating mixed recyclables"},"flowType":"PRODUCT_FLOW","infrastructureFlow":false,"location":{"@type":"Location","@id":"b320e7db-c758-3ba6-8839-81eb83c9d7d7","name":"Northern America"},"flowProperties":[{"@type":"FlowPropertyFactor","referenceFlowProperty":true,"flowProperty":{"@type":"FlowProperty","@id":"93a60a56-a3c8-11da-a746-0800200b9a66","name":"Mass"},"conversionFactor":1.0}]}