{"@context":"http://greendelta.github.io/olca-schema/context.jsonld","@type":"Flow","@id":"38251de7-0fc0-3341-9e4b-2ff0a6a19836","name":"Chloroform","version":"00.00.000","category":{"@type":"Category","@id":"ebacb70b-4c61-3e12-87b3-fbf61dff3ded","name":"unspecified"},"flowType":"ELEMENTARY_FLOW","infrastructureFlow":false,"flowProperties":[{"@type":"FlowPropertyFactor","referenceFlowProperty":true,"flowProperty":{"@type":"FlowProperty","@id":"93a60a56-a3c8-11da-a746-0800200b9a66","name":"Mass"},"conversionFactor":1.0}]}