{"@context":"http://greendelta.github.io/olca-schema/context.jsonld","@type":"Flow","@id":"46dc4693-2f24-39d2-b69f-dd059737fd5e","name":"Energy, unspecified","version":"00.00.000","category":{"@type":"Category","@id":"c3687832-0822-312f-bd40-b7f0d6ec582c","name":"unspecified"},"flowType":"ELEMENTARY_FLOW","infrastructureFlow":false,"flowProperties":[{"@type":"FlowPropertyFactor","referenceFlowProperty":true,"flowProperty":{"@type":"FlowProperty","@id":"f6811440-ee37-11de-8a39-0800200c9a66","name":"Energy"},"conversionFactor":1.0}]}