{"@context":"http://greendelta.github.io/olca-schema/context.jsonld","@type":"Flow","@id":"61eecbb0-064b-314d-ac7a-2a2d374ccf25","name":"Natural gas, combusted in industrial boiler, at hydrocracker, for butadiene","version":"00.00.000","category":{"@type":"Category","@id":"25794097-71c4-3c2f-ac5e-c03ba93e4fbd","name":"Fossil Fuel Electric Power Generation"},"flowType":"PRODUCT_FLOW","infrastructureFlow":false,"location":{"@type":"Location","@id":"b320e7db-c758-3ba6-8839-81eb83c9d7d7","name":"Northern America"},"flowProperties":[{"@type":"FlowPropertyFactor","referenceFlowProperty":true,"flowProperty":{"@type":"FlowProperty","@id":"93a60a56-a3c8-22da-a746-0800200c9a66","name":"Volume"},"conversionFactor":1.0}]}