{"@context":"http://greendelta.github.io/olca-schema/context.jsonld","@type":"Flow","@id":"6b41ff0f-2c11-3d98-aee6-ca2f5d4c817c","name":"NMVOC, non-methane volatile organic compounds, unspecified ","version":"00.00.000","category":{"@type":"Category","@id":"f318fa60-bae9-361f-ad5a-5066a0e2a9d1","name":"Elementary flows"},"flowType":"ELEMENTARY_FLOW","infrastructureFlow":false,"flowProperties":[{"@type":"FlowPropertyFactor","referenceFlowProperty":true,"flowProperty":{"@type":"FlowProperty","@id":"93a60a56-a3c8-11da-a746-0800200b9a66","name":"Mass"},"conversionFactor":1.0}]}