{"@context":"http://greendelta.github.io/olca-schema/context.jsonld","@type":"Flow","@id":"766b3f0d-60bc-3240-8d0f-73d22ef2a42a","name":"Electricity, at grid, Eastern US, 2000","version":"00.00.000","category":{"@type":"Category","@id":"c29da016-417a-3a88-ad01-78914cd88816","name":"Electric Power Distribution"},"flowType":"PRODUCT_FLOW","infrastructureFlow":false,"location":{"@type":"Location","@id":"b320e7db-c758-3ba6-8839-81eb83c9d7d7","name":"Northern America"},"flowProperties":[{"@type":"FlowPropertyFactor","referenceFlowProperty":true,"flowProperty":{"@type":"FlowProperty","@id":"f6811440-ee37-11de-8a39-0800200c9a66","name":"Energy"},"conversionFactor":1.0}]}