{"@context":"http://greendelta.github.io/olca-schema/context.jsonld","@type":"Flow","@id":"7bc52241-a3b4-319f-aac4-ab8b3182a44f","name":"Benzene, 1-methyl-4-(1-methylethyl)-","version":"00.00.000","category":{"@type":"Category","@id":"ebacb70b-4c61-3e12-87b3-fbf61dff3ded","name":"unspecified"},"flowType":"ELEMENTARY_FLOW","infrastructureFlow":false,"flowProperties":[{"@type":"FlowPropertyFactor","referenceFlowProperty":true,"flowProperty":{"@type":"FlowProperty","@id":"93a60a56-a3c8-11da-a746-0800200b9a66","name":"Mass"},"conversionFactor":1.0}]}