{"@context":"http://greendelta.github.io/olca-schema/context.jsonld","@type":"Flow","@id":"83f59491-2195-3f40-a111-15459445aa9c","name":"Recycled postconsumer PET flake","version":"00.00.000","category":{"@type":"Category","@id":"814d4c61-383c-3daf-8c54-a18aac0d316a","name":"Processing postconsumer PET to flake"},"flowType":"PRODUCT_FLOW","infrastructureFlow":false,"location":{"@type":"Location","@id":"b320e7db-c758-3ba6-8839-81eb83c9d7d7","name":"Northern America"},"flowProperties":[{"@type":"FlowPropertyFactor","referenceFlowProperty":true,"flowProperty":{"@type":"FlowProperty","@id":"93a60a56-a3c8-11da-a746-0800200b9a66","name":"Mass"},"conversionFactor":1.0}]}