{"@context":"http://greendelta.github.io/olca-schema/context.jsonld","@type":"Flow","@id":"8fe57bef-7504-3270-8dbd-13c0df6ddaac","name":"Limestone, at mine","version":"00.00.000","category":{"@type":"Category","@id":"3031cddc-2815-33d4-b585-93e20796abe6","name":"Limestone Mining and Quarrying"},"flowType":"PRODUCT_FLOW","infrastructureFlow":false,"location":{"@type":"Location","@id":"b320e7db-c758-3ba6-8839-81eb83c9d7d7","name":"Northern America"},"flowProperties":[{"@type":"FlowPropertyFactor","referenceFlowProperty":true,"flowProperty":{"@type":"FlowProperty","@id":"93a60a56-a3c8-11da-a746-0800200b9a66","name":"Mass"},"conversionFactor":1.0}]}