{"@context":"http://greendelta.github.io/olca-schema/context.jsonld","@type":"Flow","@id":"a7f3d4af-2e52-3a91-8748-f36fb76c0992","name":"Oil, crude, 43.7 MJ per kg, in ground","version":"00.00.000","category":{"@type":"Category","@id":"239d7631-e95e-33e7-bec0-159b334f6ac6","name":"fossil-"},"flowType":"ELEMENTARY_FLOW","infrastructureFlow":false,"flowProperties":[{"@type":"FlowPropertyFactor","referenceFlowProperty":true,"flowProperty":{"@type":"FlowProperty","@id":"93a60a56-a3c8-11da-a746-0800200b9a66","name":"Mass"},"conversionFactor":1.0}]}