{"@context":"http://greendelta.github.io/olca-schema/context.jsonld","@type":"Flow","@id":"bf2b1e5a-4c92-3974-a2fd-a68898833086","name":"Sodium hydroxide, production mix, at plant","version":"00.00.000","category":{"@type":"Category","@id":"ef69db7c-a705-3080-afe6-b07fc47bc91a","name":"All Other Basic Inorganic Chemical Manufacturing"},"flowType":"PRODUCT_FLOW","infrastructureFlow":false,"location":{"@type":"Location","@id":"0b3b97fa-6688-3c56-88ee-4ae80ec0c3c2","name":"United States"},"flowProperties":[{"@type":"FlowPropertyFactor","referenceFlowProperty":true,"flowProperty":{"@type":"FlowProperty","@id":"93a60a56-a3c8-11da-a746-0800200b9a66","name":"Mass"},"conversionFactor":1.0}]}