{"@context":"http://greendelta.github.io/olca-schema/context.jsonld","@type":"Flow","@id":"eb8fa4b7-47d8-3603-acda-f41a4ec76770","name":"Antimony","version":"00.00.000","category":{"@type":"Category","@id":"ebacb70b-4c61-3e12-87b3-fbf61dff3ded","name":"unspecified"},"flowType":"ELEMENTARY_FLOW","infrastructureFlow":false,"flowProperties":[{"@type":"FlowPropertyFactor","referenceFlowProperty":true,"flowProperty":{"@type":"FlowProperty","@id":"93a60a56-a3c8-11da-a746-0800200b9a66","name":"Mass"},"conversionFactor":1.0}]}