{"@context":"http://greendelta.github.io/olca-schema/context.jsonld","@type":"Flow","@id":"efeff2cc-8166-3237-b6a5-5fbf2cb1ffe1","name":"Crude oil, at production","version":"00.00.000","category":{"@type":"Category","@id":"0f46f81c-99f9-3db5-8caa-cf9d92634129","name":"Crude Petroleum and Natural Gas Extraction"},"flowType":"PRODUCT_FLOW","infrastructureFlow":false,"location":{"@type":"Location","@id":"b320e7db-c758-3ba6-8839-81eb83c9d7d7","name":"Northern America"},"flowProperties":[{"@type":"FlowPropertyFactor","referenceFlowProperty":true,"flowProperty":{"@type":"FlowProperty","@id":"93a60a56-a3c8-11da-a746-0800200b9a66","name":"Mass"},"conversionFactor":1.0}]}