{"@type": "ImpactCategory", "@id": "18d8ef2b-7e9d-3cd2-bffd-f3aecc3cfd63", "name": "Fossil resource scarcity", "referenceUnitName": "kg oil-eq", "impactFactors": [{"@type": "ImpactFactor", "flow": {"@type": "Flow", "@id": "4aca0c2c-6e1a-3d90-956c-7141ca8932ce"}, "flowProperty": {"@type": "FlowProperty", "@id": "f6811440-ee37-11de-8a39-0800200c9a66", "name": "Energy"}, "unit": {"@type": "Unit", "@id": "52765a6c-3896-43c2-b2f4-c679acf13efe", "name": "MJ"}, "value": 0.02209999989171}, {"@type": "ImpactFactor", "flow": {"@type": "Flow", "@id": "0ed0590b-2e71-385e-86bb-3d2ea0505734"}, "flowProperty": {"@type": "FlowProperty", "@id": "f6811440-ee37-11de-8a39-0800200c9a66", "name": "Energy"}, "unit": {"@type": "Unit", "@id": "52765a6c-3896-43c2-b2f4-c679acf13efe", "name": "MJ"}, "value": 0.02209999989171}, {"@type": "ImpactFactor", "flow": {"@type": "Flow", "@id": "ae604834-c49a-3ebb-b15b-06e6e89e427e"}, "flowProperty": {"@type": "FlowProperty", "@id": "f6811440-ee37-11de-8a39-0800200c9a66", "name": "Energy"}, "unit": {"@type": "Unit", "@id": "52765a6c-3896-43c2-b2f4-c679acf13efe", "name": "MJ"}, "value": 0.021840000262080005}, {"@type": "ImpactFactor", "flow": {"@type": "Flow", "@id": "ad1bd08b-d640-3605-803e-988d109197e0"}, "flowProperty": {"@type": "FlowProperty", "@id": "f6811440-ee37-11de-8a39-0800200c9a66", "name": "Energy"}, "unit": {"@type": "Unit", "@id": "52765a6c-3896-43c2-b2f4-c679acf13efe", "name": "MJ"}, "value": 0.021840000262080005}, {"@type": "ImpactFactor", "flow": {"@type": "Flow", "@id": "ab4d79b6-f2ad-3757-beae-17cba8a53f5a"}, "flowProperty": {"@type": "FlowProperty", "@id": "f6811440-ee37-11de-8a39-0800200c9a66", "name": "Energy"}, "unit": {"@type": "Unit", "@id": "52765a6c-3896-43c2-b2f4-c679acf13efe", "name": "MJ"}, "value": 0.012893999961317999}, {"@type": "ImpactFactor", "flow": {"@type": "Flow", "@id": "fa58b05c-b8af-3b4c-9ac2-973af3fe28c2"}, "flowProperty": {"@type": "FlowProperty", "@id": "f6811440-ee37-11de-8a39-0800200c9a66", "name": "Energy"}, "unit": {"@type": "Unit", "@id": "52765a6c-3896-43c2-b2f4-c679acf13efe", "name": "MJ"}, "value": 0.012893999961317999}, {"@type": "ImpactFactor", "flow": {"@type": "Flow", "@id": "de2f54e4-dbbe-3850-a341-c6d921dbfdec"}, "flowProperty": {"@type": "FlowProperty", "@id": "f6811440-ee37-11de-8a39-0800200c9a66", "name": "Energy"}, "unit": {"@type": "Unit", "@id": "52765a6c-3896-43c2-b2f4-c679acf13efe", "name": "MJ"}, "value": 0.015708000270177606}, {"@type": "ImpactFactor", "flow": {"@type": "Flow", "@id": "c5dd29bb-9757-3e45-bb62-bf40f723d196"}, "flowProperty": {"@type": "FlowProperty", "@id": "f6811440-ee37-11de-8a39-0800200c9a66", "name": "Energy"}, "unit": {"@type": "Unit", "@id": "52765a6c-3896-43c2-b2f4-c679acf13efe", "name": "MJ"}, "value": 0.015708000270177606}, {"@type": "ImpactFactor", "flow": {"@type": "Flow", "@id": "6e414092-5f92-3cd9-afaa-94ddeacb895b"}, "flowProperty": {"@type": "FlowProperty", "@id": "f6811440-ee37-11de-8a39-0800200c9a66", "name": "Energy"}, "unit": {"@type": "Unit", "@id": "52765a6c-3896-43c2-b2f4-c679acf13efe", "name": "MJ"}, "value": 0.012693999655992608}, {"@type": "ImpactFactor", "flow": {"@type": "Flow", "@id": "073be456-9caf-3831-acdf-4ad7d566855b"}, "flowProperty": {"@type": "FlowProperty", "@id": "f6811440-ee37-11de-8a39-0800200c9a66", "name": "Energy"}, "unit": {"@type": "Unit", "@id": "52765a6c-3896-43c2-b2f4-c679acf13efe", "name": "MJ"}, "value": 0.012693999655992608}]}