{"@type": "ImpactCategory", "@id": "315c214e-cf2a-318b-94e0-f62b526044ae", "name": "Marine eutrophication", "referenceUnitName": "kg N-eq to marine water", "impactFactors": [{"@type": "ImpactFactor", "flow": {"@type": "Flow", "@id": "8525d639-0e0b-30b7-a079-6f84791f0751"}, "flowProperty": {"@type": "FlowProperty", "@id": "93a60a56-a3c8-11da-a746-0800200b9a66", "name": "Mass"}, "unit": {"@type": "Unit", "@id": "20aadc24-a391-41cf-b340-3e4529f44bde", "name": "kg"}, "value": 0.29684210526315785}, {"@type": "ImpactFactor", "flow": {"@type": "Flow", "@id": "d4625608-6ef8-3ce6-bfa4-0f96f3535e23"}, "flowProperty": {"@type": "FlowProperty", "@id": "93a60a56-a3c8-11da-a746-0800200b9a66", "name": "Mass"}, "unit": {"@type": "Unit", "@id": "20aadc24-a391-41cf-b340-3e4529f44bde", "name": "kg"}, "value": 0.29684210526315785}, {"@type": "ImpactFactor", "flow": {"@type": "Flow", "@id": "92431490-97cf-346f-b5be-181cb951155b"}, "flowProperty": {"@type": "FlowProperty", "@id": "93a60a56-a3c8-11da-a746-0800200b9a66", "name": "Mass"}, "unit": {"@type": "Unit", "@id": "20aadc24-a391-41cf-b340-3e4529f44bde", "name": "kg"}, "value": 0.29684210526315785}, {"@type": "ImpactFactor", "flow": {"@type": "Flow", "@id": "d7b8d2b4-271d-33e5-a353-35e3e760da8a"}, "flowProperty": {"@type": "FlowProperty", "@id": "93a60a56-a3c8-11da-a746-0800200b9a66", "name": "Mass"}, "unit": {"@type": "Unit", "@id": "20aadc24-a391-41cf-b340-3e4529f44bde", "name": "kg"}, "value": 0.29684210526315785}, {"@type": "ImpactFactor", "flow": {"@type": "Flow", "@id": "a8568283-64ed-380b-994f-35362982ddaf"}, "flowProperty": {"@type": "FlowProperty", "@id": "93a60a56-a3c8-11da-a746-0800200b9a66", "name": "Mass"}, "unit": {"@type": "Unit", "@id": "20aadc24-a391-41cf-b340-3e4529f44bde", "name": "kg"}, "value": 0.29684210526315785}, {"@type": "ImpactFactor", "flow": {"@type": "Flow", "@id": "d66982e2-ca16-3973-a3fc-f248127c617c"}, "flowProperty": {"@type": "FlowProperty", "@id": "93a60a56-a3c8-11da-a746-0800200b9a66", "name": "Mass"}, "unit": {"@type": "Unit", "@id": "20aadc24-a391-41cf-b340-3e4529f44bde", "name": "kg"}, "value": 0.29684210526315785}, {"@type": "ImpactFactor", "flow": {"@type": "Flow", "@id": "f74ef9a9-b178-3515-923e-ba89baaca2b5"}, "flowProperty": {"@type": "FlowProperty", "@id": "93a60a56-a3c8-11da-a746-0800200b9a66", "name": "Mass"}, "unit": {"@type": "Unit", "@id": "20aadc24-a391-41cf-b340-3e4529f44bde", "name": "kg"}, "value": 0.29684210526315785}, {"@type": "ImpactFactor", "flow": {"@type": "Flow", "@id": "d07ac812-ba11-3e47-b805-107103675155"}, "flowProperty": {"@type": "FlowProperty", "@id": "93a60a56-a3c8-11da-a746-0800200b9a66", "name": "Mass"}, "unit": {"@type": "Unit", "@id": "20aadc24-a391-41cf-b340-3e4529f44bde", "name": "kg"}, "value": 0.29684210526315785}, {"@type": "ImpactFactor", "flow": {"@type": "Flow", "@id": "1501faf0-47ca-39ad-81b7-72470e6ea56a"}, "flowProperty": {"@type": "FlowProperty", "@id": "93a60a56-a3c8-11da-a746-0800200b9a66", "name": "Mass"}, "unit": {"@type": "Unit", "@id": "20aadc24-a391-41cf-b340-3e4529f44bde", "name": "kg"}, "value": 0.29684210526315785}, {"@type": "ImpactFactor", "flow": {"@type": "Flow", "@id": "f1003c50-d51b-31b0-a197-600e73e23523"}, "flowProperty": {"@type": "FlowProperty", "@id": "93a60a56-a3c8-11da-a746-0800200b9a66", "name": "Mass"}, "unit": {"@type": "Unit", "@id": "20aadc24-a391-41cf-b340-3e4529f44bde", "name": "kg"}, "value": 0.29684210526315785}, {"@type": "ImpactFactor", "flow": {"@type": "Flow", "@id": "dee16736-1921-3deb-8873-0c7c02f07ddc"}, "flowProperty": {"@type": "FlowProperty", "@id": "93a60a56-a3c8-11da-a746-0800200b9a66", "name": "Mass"}, "unit": {"@type": "Unit", "@id": "20aadc24-a391-41cf-b340-3e4529f44bde", "name": "kg"}, "value": 0.29684210526315785}, {"@type": "ImpactFactor", "flow": {"@type": "Flow", "@id": "c466dd03-56b6-3a7d-a1ed-c7295a296db6"}, "flowProperty": {"@type": "FlowProperty", "@id": "93a60a56-a3c8-11da-a746-0800200b9a66", "name": "Mass"}, "unit": {"@type": "Unit", "@id": "20aadc24-a391-41cf-b340-3e4529f44bde", "name": "kg"}, "value": 0.29684210526315785}, {"@type": "ImpactFactor", "flow": {"@type": "Flow", "@id": "1b77af6c-63a9-3aa3-90e6-a0784756df75"}, "flowProperty": {"@type": "FlowProperty", "@id": "93a60a56-a3c8-11da-a746-0800200b9a66", "name": "Mass"}, "unit": {"@type": "Unit", "@id": "20aadc24-a391-41cf-b340-3e4529f44bde", "name": "kg"}, "value": 0.2303494736842105}, {"@type": "ImpactFactor", "flow": {"@type": "Flow", "@id": "d9134087-d959-37a7-b2b0-6c8a620f4c4d"}, "flowProperty": {"@type": "FlowProperty", "@id": "93a60a56-a3c8-11da-a746-0800200b9a66", "name": "Mass"}, "unit": {"@type": "Unit", "@id": "20aadc24-a391-41cf-b340-3e4529f44bde", "name": "kg"}, "value": 0.2303494736842105}, {"@type": "ImpactFactor", "flow": {"@type": "Flow", "@id": "b7b42736-c404-35fe-9061-ea32a06e86bb"}, "flowProperty": {"@type": "FlowProperty", "@id": "93a60a56-a3c8-11da-a746-0800200b9a66", "name": "Mass"}, "unit": {"@type": "Unit", "@id": "20aadc24-a391-41cf-b340-3e4529f44bde", "name": "kg"}, "value": 0.2303494736842105}, {"@type": "ImpactFactor", "flow": {"@type": "Flow", "@id": "a09f4a1f-6def-3b88-bc34-fa5de97014e5"}, "flowProperty": {"@type": "FlowProperty", "@id": "93a60a56-a3c8-11da-a746-0800200b9a66", "name": "Mass"}, "unit": {"@type": "Unit", "@id": "20aadc24-a391-41cf-b340-3e4529f44bde", "name": "kg"}, "value": 0.2303494736842105}, {"@type": "ImpactFactor", "flow": {"@type": "Flow", "@id": "2cee42d1-1ceb-3a43-998e-0784f5064f31"}, "flowProperty": {"@type": "FlowProperty", "@id": "93a60a56-a3c8-11da-a746-0800200b9a66", "name": "Mass"}, "unit": {"@type": "Unit", "@id": "20aadc24-a391-41cf-b340-3e4529f44bde", "name": "kg"}, "value": 0.2303494736842105}, {"@type": "ImpactFactor", "flow": {"@type": "Flow", "@id": "5dc67c27-77fe-313e-839d-5fd4dcc4a6b9"}, "flowProperty": {"@type": "FlowProperty", "@id": "93a60a56-a3c8-11da-a746-0800200b9a66", "name": "Mass"}, "unit": {"@type": "Unit", "@id": "20aadc24-a391-41cf-b340-3e4529f44bde", "name": "kg"}, "value": 0.2303494736842105}, {"@type": "ImpactFactor", "flow": {"@type": "Flow", "@id": "995662a7-99d1-3c83-9ca0-9a43c7c9b1f1"}, "flowProperty": {"@type": "FlowProperty", "@id": "93a60a56-a3c8-11da-a746-0800200b9a66", "name": "Mass"}, "unit": {"@type": "Unit", "@id": "20aadc24-a391-41cf-b340-3e4529f44bde", "name": "kg"}, "value": 0.2303494736842105}, {"@type": "ImpactFactor", "flow": {"@type": "Flow", "@id": "d8187800-fb9f-390d-8982-9919e7bf0372"}, "flowProperty": {"@type": "FlowProperty", "@id": "93a60a56-a3c8-11da-a746-0800200b9a66", "name": "Mass"}, "unit": {"@type": "Unit", "@id": "20aadc24-a391-41cf-b340-3e4529f44bde", "name": "kg"}, "value": 0.2303494736842105}, {"@type": "ImpactFactor", "flow": {"@type": "Flow", "@id": "7defcc4b-a2bf-3f58-9d22-44af257d871c"}, "flowProperty": {"@type": "FlowProperty", "@id": "93a60a56-a3c8-11da-a746-0800200b9a66", "name": "Mass"}, "unit": {"@type": "Unit", "@id": "20aadc24-a391-41cf-b340-3e4529f44bde", "name": "kg"}, "value": 0.2303494736842105}, {"@type": "ImpactFactor", "flow": {"@type": "Flow", "@id": "b495241c-cf47-38d5-9a2f-e93e43ace70f"}, "flowProperty": {"@type": "FlowProperty", "@id": "93a60a56-a3c8-11da-a746-0800200b9a66", "name": "Mass"}, "unit": {"@type": "Unit", "@id": "20aadc24-a391-41cf-b340-3e4529f44bde", "name": "kg"}, "value": 0.2303494736842105}, {"@type": "ImpactFactor", "flow": {"@type": "Flow", "@id": "f4474704-cb17-3690-8e84-dab0f4f2d7c8"}, "flowProperty": {"@type": "FlowProperty", "@id": "93a60a56-a3c8-11da-a746-0800200b9a66", "name": "Mass"}, "unit": {"@type": "Unit", "@id": "20aadc24-a391-41cf-b340-3e4529f44bde", "name": "kg"}, "value": 0.2303494736842105}, {"@type": "ImpactFactor", "flow": {"@type": "Flow", "@id": "7c4a4608-3d5d-34c4-9a05-0070cca1827f"}, "flowProperty": {"@type": "FlowProperty", "@id": "93a60a56-a3c8-11da-a746-0800200b9a66", "name": "Mass"}, "unit": {"@type": "Unit", "@id": "20aadc24-a391-41cf-b340-3e4529f44bde", "name": "kg"}, "value": 0.2303494736842105}, {"@type": "ImpactFactor", "flow": {"@type": "Flow", "@id": "f90c330f-5759-3886-8fc5-c2b6c46d216e"}, "flowProperty": {"@type": "FlowProperty", "@id": "93a60a56-a3c8-11da-a746-0800200b9a66", "name": "Mass"}, "unit": {"@type": "Unit", "@id": "20aadc24-a391-41cf-b340-3e4529f44bde", "name": "kg"}, "value": 0.2444582043343653}, {"@type": "ImpactFactor", "flow": {"@type": "Flow", "@id": "2d117fdd-370d-331c-b07c-b0172c4a10ef"}, "flowProperty": {"@type": "FlowProperty", "@id": "93a60a56-a3c8-11da-a746-0800200b9a66", "name": "Mass"}, "unit": {"@type": "Unit", "@id": "20aadc24-a391-41cf-b340-3e4529f44bde", "name": "kg"}, "value": 0.2444582043343653}, {"@type": "ImpactFactor", "flow": {"@type": "Flow", "@id": "aaacfcc8-17b0-3727-94ca-b91a1c2b5fc0"}, "flowProperty": {"@type": "FlowProperty", "@id": "93a60a56-a3c8-11da-a746-0800200b9a66", "name": "Mass"}, "unit": {"@type": "Unit", "@id": "20aadc24-a391-41cf-b340-3e4529f44bde", "name": "kg"}, "value": 0.2444582043343653}, {"@type": "ImpactFactor", "flow": {"@type": "Flow", "@id": "c2ce2331-50a3-3d1b-a952-691ab651d2ef"}, "flowProperty": {"@type": "FlowProperty", "@id": "93a60a56-a3c8-11da-a746-0800200b9a66", "name": "Mass"}, "unit": {"@type": "Unit", "@id": "20aadc24-a391-41cf-b340-3e4529f44bde", "name": "kg"}, "value": 0.2444582043343653}, {"@type": "ImpactFactor", "flow": {"@type": "Flow", "@id": "79d44bd9-fbed-3219-a66b-2ac0a3ae5e76"}, "flowProperty": {"@type": "FlowProperty", "@id": "93a60a56-a3c8-11da-a746-0800200b9a66", "name": "Mass"}, "unit": {"@type": "Unit", "@id": "20aadc24-a391-41cf-b340-3e4529f44bde", "name": "kg"}, "value": 0.2444582043343653}, {"@type": "ImpactFactor", "flow": {"@type": "Flow", "@id": "49d2b51f-1b6f-3016-842b-95019b629379"}, "flowProperty": {"@type": "FlowProperty", "@id": "93a60a56-a3c8-11da-a746-0800200b9a66", "name": "Mass"}, "unit": {"@type": "Unit", "@id": "20aadc24-a391-41cf-b340-3e4529f44bde", "name": "kg"}, "value": 0.2444582043343653}, {"@type": "ImpactFactor", "flow": {"@type": "Flow", "@id": "4b60cef0-d7d7-3a2c-a251-6c60cb5a331d"}, "flowProperty": {"@type": "FlowProperty", "@id": "93a60a56-a3c8-11da-a746-0800200b9a66", "name": "Mass"}, "unit": {"@type": "Unit", "@id": "20aadc24-a391-41cf-b340-3e4529f44bde", "name": "kg"}, "value": 0.2444582043343653}, {"@type": "ImpactFactor", "flow": {"@type": "Flow", "@id": "ccf220ac-9bf0-34e8-9de2-bf273c7b5bc3"}, "flowProperty": {"@type": "FlowProperty", "@id": "93a60a56-a3c8-11da-a746-0800200b9a66", "name": "Mass"}, "unit": {"@type": "Unit", "@id": "20aadc24-a391-41cf-b340-3e4529f44bde", "name": "kg"}, "value": 0.2444582043343653}, {"@type": "ImpactFactor", "flow": {"@type": "Flow", "@id": "ebbe431d-1686-39ea-a1fe-9feb18ea12ee"}, "flowProperty": {"@type": "FlowProperty", "@id": "93a60a56-a3c8-11da-a746-0800200b9a66", "name": "Mass"}, "unit": {"@type": "Unit", "@id": "20aadc24-a391-41cf-b340-3e4529f44bde", "name": "kg"}, "value": 0.2444582043343653}, {"@type": "ImpactFactor", "flow": {"@type": "Flow", "@id": "376fe37a-f48d-35a1-9524-e439610cb6fb"}, "flowProperty": {"@type": "FlowProperty", "@id": "93a60a56-a3c8-11da-a746-0800200b9a66", "name": "Mass"}, "unit": {"@type": "Unit", "@id": "20aadc24-a391-41cf-b340-3e4529f44bde", "name": "kg"}, "value": 0.2444582043343653}, {"@type": "ImpactFactor", "flow": {"@type": "Flow", "@id": "1e209cf1-9495-34ad-ae30-4bf7a94010f5"}, "flowProperty": {"@type": "FlowProperty", "@id": "93a60a56-a3c8-11da-a746-0800200b9a66", "name": "Mass"}, "unit": {"@type": "Unit", "@id": "20aadc24-a391-41cf-b340-3e4529f44bde", "name": "kg"}, "value": 0.2444582043343653}, {"@type": "ImpactFactor", "flow": {"@type": "Flow", "@id": "a5343192-f518-349f-87d8-eb30ca85f662"}, "flowProperty": {"@type": "FlowProperty", "@id": "93a60a56-a3c8-11da-a746-0800200b9a66", "name": "Mass"}, "unit": {"@type": "Unit", "@id": "20aadc24-a391-41cf-b340-3e4529f44bde", "name": "kg"}, "value": 0.2444582043343653}, {"@type": "ImpactFactor", "flow": {"@type": "Flow", "@id": "b6c6b250-3a1a-34f1-910d-17636e445c64"}, "flowProperty": {"@type": "FlowProperty", "@id": "93a60a56-a3c8-11da-a746-0800200b9a66", "name": "Mass"}, "unit": {"@type": "Unit", "@id": "20aadc24-a391-41cf-b340-3e4529f44bde", "name": "kg"}, "value": 0.13852631578947378}, {"@type": "ImpactFactor", "flow": {"@type": "Flow", "@id": "9fc0430b-13cd-3ab3-b6f9-40e85ec92a9a"}, "flowProperty": {"@type": "FlowProperty", "@id": "93a60a56-a3c8-11da-a746-0800200b9a66", "name": "Mass"}, "unit": {"@type": "Unit", "@id": "20aadc24-a391-41cf-b340-3e4529f44bde", "name": "kg"}, "value": 0.13852631578947378}, {"@type": "ImpactFactor", "flow": {"@type": "Flow", "@id": "162d9d69-e68f-36e5-83a0-9496ab74fb8d"}, "flowProperty": {"@type": "FlowProperty", "@id": "93a60a56-a3c8-11da-a746-0800200b9a66", "name": "Mass"}, "unit": {"@type": "Unit", "@id": "20aadc24-a391-41cf-b340-3e4529f44bde", "name": "kg"}, "value": 0.13852631578947378}, {"@type": "ImpactFactor", "flow": {"@type": "Flow", "@id": "673d92d0-4934-3bd5-b080-41bc8ca27957"}, "flowProperty": {"@type": "FlowProperty", "@id": "93a60a56-a3c8-11da-a746-0800200b9a66", "name": "Mass"}, "unit": {"@type": "Unit", "@id": "20aadc24-a391-41cf-b340-3e4529f44bde", "name": "kg"}, "value": 0.13852631578947378}, {"@type": "ImpactFactor", "flow": {"@type": "Flow", "@id": "9c5bc270-9971-3a05-94b2-c4b7085e5d21"}, "flowProperty": {"@type": "FlowProperty", "@id": "93a60a56-a3c8-11da-a746-0800200b9a66", "name": "Mass"}, "unit": {"@type": "Unit", "@id": "20aadc24-a391-41cf-b340-3e4529f44bde", "name": "kg"}, "value": 0.13852631578947378}, {"@type": "ImpactFactor", "flow": {"@type": "Flow", "@id": "21f1975f-c0c0-302c-ab2b-64e4f4f30b03"}, "flowProperty": {"@type": "FlowProperty", "@id": "93a60a56-a3c8-11da-a746-0800200b9a66", "name": "Mass"}, "unit": {"@type": "Unit", "@id": "20aadc24-a391-41cf-b340-3e4529f44bde", "name": "kg"}, "value": 0.13852631578947378}, {"@type": "ImpactFactor", "flow": {"@type": "Flow", "@id": "039f4fbc-8e27-3590-8dd0-f70299b73a3b"}, "flowProperty": {"@type": "FlowProperty", "@id": "93a60a56-a3c8-11da-a746-0800200b9a66", "name": "Mass"}, "unit": {"@type": "Unit", "@id": "20aadc24-a391-41cf-b340-3e4529f44bde", "name": "kg"}, "value": 0.13852631578947378}, {"@type": "ImpactFactor", "flow": {"@type": "Flow", "@id": "7466fef0-4e45-3f76-930b-1dd1f7f7592e"}, "flowProperty": {"@type": "FlowProperty", "@id": "93a60a56-a3c8-11da-a746-0800200b9a66", "name": "Mass"}, "unit": {"@type": "Unit", "@id": "20aadc24-a391-41cf-b340-3e4529f44bde", "name": "kg"}, "value": 0.13852631578947378}, {"@type": "ImpactFactor", "flow": {"@type": "Flow", "@id": "7d0b6dc2-81ac-37d0-8fa9-07f09b788ad8"}, "flowProperty": {"@type": "FlowProperty", "@id": "93a60a56-a3c8-11da-a746-0800200b9a66", "name": "Mass"}, "unit": {"@type": "Unit", "@id": "20aadc24-a391-41cf-b340-3e4529f44bde", "name": "kg"}, "value": 0.13852631578947378}, {"@type": "ImpactFactor", "flow": {"@type": "Flow", "@id": "c1008475-6c87-3013-bf9e-3d12a25bcde0"}, "flowProperty": {"@type": "FlowProperty", "@id": "93a60a56-a3c8-11da-a746-0800200b9a66", "name": "Mass"}, "unit": {"@type": "Unit", "@id": "20aadc24-a391-41cf-b340-3e4529f44bde", "name": "kg"}, "value": 0.13852631578947378}, {"@type": "ImpactFactor", "flow": {"@type": "Flow", "@id": "c6a5393a-2926-3e9c-8725-3b71791d1dec"}, "flowProperty": {"@type": "FlowProperty", "@id": "93a60a56-a3c8-11da-a746-0800200b9a66", "name": "Mass"}, "unit": {"@type": "Unit", "@id": "20aadc24-a391-41cf-b340-3e4529f44bde", "name": "kg"}, "value": 0.13852631578947378}, {"@type": "ImpactFactor", "flow": {"@type": "Flow", "@id": "1bffa689-03bb-31c6-8773-d3bac17c6556"}, "flowProperty": {"@type": "FlowProperty", "@id": "93a60a56-a3c8-11da-a746-0800200b9a66", "name": "Mass"}, "unit": {"@type": "Unit", "@id": "20aadc24-a391-41cf-b340-3e4529f44bde", "name": "kg"}, "value": 0.13852631578947378}, {"@type": "ImpactFactor", "flow": {"@type": "Flow", "@id": "8d13ea5c-5e46-3829-8f0c-591bb287b6c0"}, "flowProperty": {"@type": "FlowProperty", "@id": "93a60a56-a3c8-11da-a746-0800200b9a66", "name": "Mass"}, "unit": {"@type": "Unit", "@id": "20aadc24-a391-41cf-b340-3e4529f44bde", "name": "kg"}, "value": 0.09023999999999999}, {"@type": "ImpactFactor", "flow": {"@type": "Flow", "@id": "57c5f97f-cea5-32ac-b432-feae084b8118"}, "flowProperty": {"@type": "FlowProperty", "@id": "93a60a56-a3c8-11da-a746-0800200b9a66", "name": "Mass"}, "unit": {"@type": "Unit", "@id": "20aadc24-a391-41cf-b340-3e4529f44bde", "name": "kg"}, "value": 0.09023999999999999}, {"@type": "ImpactFactor", "flow": {"@type": "Flow", "@id": "d1cf9db8-5ed2-33d0-ba0e-57795f5bfb9f"}, "flowProperty": {"@type": "FlowProperty", "@id": "93a60a56-a3c8-11da-a746-0800200b9a66", "name": "Mass"}, "unit": {"@type": "Unit", "@id": "20aadc24-a391-41cf-b340-3e4529f44bde", "name": "kg"}, "value": 0.09023999999999999}, {"@type": "ImpactFactor", "flow": {"@type": "Flow", "@id": "ef743435-a1c8-31b4-9aeb-c063d8c139bb"}, "flowProperty": {"@type": "FlowProperty", "@id": "93a60a56-a3c8-11da-a746-0800200b9a66", "name": "Mass"}, "unit": {"@type": "Unit", "@id": "20aadc24-a391-41cf-b340-3e4529f44bde", "name": "kg"}, "value": 0.09023999999999999}, {"@type": "ImpactFactor", "flow": {"@type": "Flow", "@id": "e588a6a1-35f6-3972-a00a-8ed82116ee54"}, "flowProperty": {"@type": "FlowProperty", "@id": "93a60a56-a3c8-11da-a746-0800200b9a66", "name": "Mass"}, "unit": {"@type": "Unit", "@id": "20aadc24-a391-41cf-b340-3e4529f44bde", "name": "kg"}, "value": 0.09023999999999999}, {"@type": "ImpactFactor", "flow": {"@type": "Flow", "@id": "7822bfbc-d1e7-33d6-93ca-f89d9e4dfc42"}, "flowProperty": {"@type": "FlowProperty", "@id": "93a60a56-a3c8-11da-a746-0800200b9a66", "name": "Mass"}, "unit": {"@type": "Unit", "@id": "20aadc24-a391-41cf-b340-3e4529f44bde", "name": "kg"}, "value": 0.09023999999999999}, {"@type": "ImpactFactor", "flow": {"@type": "Flow", "@id": "0c35475f-e3d6-3329-84bd-4555d74f7914"}, "flowProperty": {"@type": "FlowProperty", "@id": "93a60a56-a3c8-11da-a746-0800200b9a66", "name": "Mass"}, "unit": {"@type": "Unit", "@id": "20aadc24-a391-41cf-b340-3e4529f44bde", "name": "kg"}, "value": 0.09023999999999999}, {"@type": "ImpactFactor", "flow": {"@type": "Flow", "@id": "b31a227b-e9d4-3791-bd95-825c96327a78"}, "flowProperty": {"@type": "FlowProperty", "@id": "93a60a56-a3c8-11da-a746-0800200b9a66", "name": "Mass"}, "unit": {"@type": "Unit", "@id": "20aadc24-a391-41cf-b340-3e4529f44bde", "name": "kg"}, "value": 0.09023999999999999}, {"@type": "ImpactFactor", "flow": {"@type": "Flow", "@id": "e1cb8499-866f-3b74-b428-b1056b736a3c"}, "flowProperty": {"@type": "FlowProperty", "@id": "93a60a56-a3c8-11da-a746-0800200b9a66", "name": "Mass"}, "unit": {"@type": "Unit", "@id": "20aadc24-a391-41cf-b340-3e4529f44bde", "name": "kg"}, "value": 0.09023999999999999}, {"@type": "ImpactFactor", "flow": {"@type": "Flow", "@id": "7169740f-952b-3864-af69-483bcb660d07"}, "flowProperty": {"@type": "FlowProperty", "@id": "93a60a56-a3c8-11da-a746-0800200b9a66", "name": "Mass"}, "unit": {"@type": "Unit", "@id": "20aadc24-a391-41cf-b340-3e4529f44bde", "name": "kg"}, "value": 0.09023999999999999}, {"@type": "ImpactFactor", "flow": {"@type": "Flow", "@id": "e23c00aa-35a7-3f55-9f11-d5c223d09c42"}, "flowProperty": {"@type": "FlowProperty", "@id": "93a60a56-a3c8-11da-a746-0800200b9a66", "name": "Mass"}, "unit": {"@type": "Unit", "@id": "20aadc24-a391-41cf-b340-3e4529f44bde", "name": "kg"}, "value": 0.09023999999999999}, {"@type": "ImpactFactor", "flow": {"@type": "Flow", "@id": "442dd33f-4623-33fb-b44a-e0817c3519bd"}, "flowProperty": {"@type": "FlowProperty", "@id": "93a60a56-a3c8-11da-a746-0800200b9a66", "name": "Mass"}, "unit": {"@type": "Unit", "@id": "20aadc24-a391-41cf-b340-3e4529f44bde", "name": "kg"}, "value": 0.09023999999999999}, {"@type": "ImpactFactor", "flow": {"@type": "Flow", "@id": "676f217e-6637-306c-8cb8-e5a77dd32d4f"}, "flowProperty": {"@type": "FlowProperty", "@id": "93a60a56-a3c8-11da-a746-0800200b9a66", "name": "Mass"}, "unit": {"@type": "Unit", "@id": "20aadc24-a391-41cf-b340-3e4529f44bde", "name": "kg"}, "value": 0.06708631578947367}, {"@type": "ImpactFactor", "flow": {"@type": "Flow", "@id": "3b5d9ccd-0ce5-37ca-8865-c0e1863b405d"}, "flowProperty": {"@type": "FlowProperty", "@id": "93a60a56-a3c8-11da-a746-0800200b9a66", "name": "Mass"}, "unit": {"@type": "Unit", "@id": "20aadc24-a391-41cf-b340-3e4529f44bde", "name": "kg"}, "value": 0.06708631578947367}, {"@type": "ImpactFactor", "flow": {"@type": "Flow", "@id": "12c78e32-2ee2-3dbb-80e9-fe4432f6b995"}, "flowProperty": {"@type": "FlowProperty", "@id": "93a60a56-a3c8-11da-a746-0800200b9a66", "name": "Mass"}, "unit": {"@type": "Unit", "@id": "20aadc24-a391-41cf-b340-3e4529f44bde", "name": "kg"}, "value": 0.06708631578947367}, {"@type": "ImpactFactor", "flow": {"@type": "Flow", "@id": "d1422905-7159-3c5e-8e19-d64e3d6a30af"}, "flowProperty": {"@type": "FlowProperty", "@id": "93a60a56-a3c8-11da-a746-0800200b9a66", "name": "Mass"}, "unit": {"@type": "Unit", "@id": "20aadc24-a391-41cf-b340-3e4529f44bde", "name": "kg"}, "value": 0.06708631578947367}, {"@type": "ImpactFactor", "flow": {"@type": "Flow", "@id": "143f057b-2d60-31d3-8a6b-7611b0be9cde"}, "flowProperty": {"@type": "FlowProperty", "@id": "93a60a56-a3c8-11da-a746-0800200b9a66", "name": "Mass"}, "unit": {"@type": "Unit", "@id": "20aadc24-a391-41cf-b340-3e4529f44bde", "name": "kg"}, "value": 0.06708631578947367}, {"@type": "ImpactFactor", "flow": {"@type": "Flow", "@id": "2cd7fc30-2bb9-3763-99ae-dcc662e373ff"}, "flowProperty": {"@type": "FlowProperty", "@id": "93a60a56-a3c8-11da-a746-0800200b9a66", "name": "Mass"}, "unit": {"@type": "Unit", "@id": "20aadc24-a391-41cf-b340-3e4529f44bde", "name": "kg"}, "value": 0.06708631578947367}, {"@type": "ImpactFactor", "flow": {"@type": "Flow", "@id": "4d5377a1-7221-3b57-87a6-c4a9a4d0b7c8"}, "flowProperty": {"@type": "FlowProperty", "@id": "93a60a56-a3c8-11da-a746-0800200b9a66", "name": "Mass"}, "unit": {"@type": "Unit", "@id": "20aadc24-a391-41cf-b340-3e4529f44bde", "name": "kg"}, "value": 0.06708631578947367}, {"@type": "ImpactFactor", "flow": {"@type": "Flow", "@id": "e1711f64-34ec-3f89-8ebb-ae93f62dc1eb"}, "flowProperty": {"@type": "FlowProperty", "@id": "93a60a56-a3c8-11da-a746-0800200b9a66", "name": "Mass"}, "unit": {"@type": "Unit", "@id": "20aadc24-a391-41cf-b340-3e4529f44bde", "name": "kg"}, "value": 0.06708631578947367}, {"@type": "ImpactFactor", "flow": {"@type": "Flow", "@id": "3a1aa0d4-0faf-318d-8e92-0b0817460c94"}, "flowProperty": {"@type": "FlowProperty", "@id": "93a60a56-a3c8-11da-a746-0800200b9a66", "name": "Mass"}, "unit": {"@type": "Unit", "@id": "20aadc24-a391-41cf-b340-3e4529f44bde", "name": "kg"}, "value": 0.06708631578947367}, {"@type": "ImpactFactor", "flow": {"@type": "Flow", "@id": "21194121-abc8-37e2-8054-ff2210ec2614"}, "flowProperty": {"@type": "FlowProperty", "@id": "93a60a56-a3c8-11da-a746-0800200b9a66", "name": "Mass"}, "unit": {"@type": "Unit", "@id": "20aadc24-a391-41cf-b340-3e4529f44bde", "name": "kg"}, "value": 0.06708631578947367}, {"@type": "ImpactFactor", "flow": {"@type": "Flow", "@id": "3d678e79-afcf-30a0-ad4f-442e4294eb27"}, "flowProperty": {"@type": "FlowProperty", "@id": "93a60a56-a3c8-11da-a746-0800200b9a66", "name": "Mass"}, "unit": {"@type": "Unit", "@id": "20aadc24-a391-41cf-b340-3e4529f44bde", "name": "kg"}, "value": 0.06708631578947367}, {"@type": "ImpactFactor", "flow": {"@type": "Flow", "@id": "0785742b-8ce2-35c7-b368-631defdb2355"}, "flowProperty": {"@type": "FlowProperty", "@id": "93a60a56-a3c8-11da-a746-0800200b9a66", "name": "Mass"}, "unit": {"@type": "Unit", "@id": "20aadc24-a391-41cf-b340-3e4529f44bde", "name": "kg"}, "value": 0.06708631578947367}, {"@type": "ImpactFactor", "flow": {"@type": "Flow", "@id": "f8233416-c720-3c03-b412-eaef1cf79be0"}, "flowProperty": {"@type": "FlowProperty", "@id": "93a60a56-a3c8-11da-a746-0800200b9a66", "name": "Mass"}, "unit": {"@type": "Unit", "@id": "20aadc24-a391-41cf-b340-3e4529f44bde", "name": "kg"}, "value": 0.09023999999999999}, {"@type": "ImpactFactor", "flow": {"@type": "Flow", "@id": "50bd74d8-c752-3820-a84a-a8c01a5ce1d2"}, "flowProperty": {"@type": "FlowProperty", "@id": "93a60a56-a3c8-11da-a746-0800200b9a66", "name": "Mass"}, "unit": {"@type": "Unit", "@id": "20aadc24-a391-41cf-b340-3e4529f44bde", "name": "kg"}, "value": 0.09023999999999999}, {"@type": "ImpactFactor", "flow": {"@type": "Flow", "@id": "cc665dde-5b41-3860-a6a4-9e567c92fb39"}, "flowProperty": {"@type": "FlowProperty", "@id": "93a60a56-a3c8-11da-a746-0800200b9a66", "name": "Mass"}, "unit": {"@type": "Unit", "@id": "20aadc24-a391-41cf-b340-3e4529f44bde", "name": "kg"}, "value": 0.09023999999999999}, {"@type": "ImpactFactor", "flow": {"@type": "Flow", "@id": "57eb90c4-c7bc-3ee7-9201-c34d52ccb8df"}, "flowProperty": {"@type": "FlowProperty", "@id": "93a60a56-a3c8-11da-a746-0800200b9a66", "name": "Mass"}, "unit": {"@type": "Unit", "@id": "20aadc24-a391-41cf-b340-3e4529f44bde", "name": "kg"}, "value": 0.09023999999999999}, {"@type": "ImpactFactor", "flow": {"@type": "Flow", "@id": "f78d4ff4-944e-3b0c-be19-872857446ad2"}, "flowProperty": {"@type": "FlowProperty", "@id": "93a60a56-a3c8-11da-a746-0800200b9a66", "name": "Mass"}, "unit": {"@type": "Unit", "@id": "20aadc24-a391-41cf-b340-3e4529f44bde", "name": "kg"}, "value": 0.09023999999999999}, {"@type": "ImpactFactor", "flow": {"@type": "Flow", "@id": "1d5b1004-0eed-30dc-b0d0-8b4bca4de796"}, "flowProperty": {"@type": "FlowProperty", "@id": "93a60a56-a3c8-11da-a746-0800200b9a66", "name": "Mass"}, "unit": {"@type": "Unit", "@id": "20aadc24-a391-41cf-b340-3e4529f44bde", "name": "kg"}, "value": 0.09023999999999999}, {"@type": "ImpactFactor", "flow": {"@type": "Flow", "@id": "437511d7-1ebc-350f-897b-f9840d93367b"}, "flowProperty": {"@type": "FlowProperty", "@id": "93a60a56-a3c8-11da-a746-0800200b9a66", "name": "Mass"}, "unit": {"@type": "Unit", "@id": "20aadc24-a391-41cf-b340-3e4529f44bde", "name": "kg"}, "value": 0.09023999999999999}, {"@type": "ImpactFactor", "flow": {"@type": "Flow", "@id": "9f3c91b1-4ad6-33e3-8368-02936863e959"}, "flowProperty": {"@type": "FlowProperty", "@id": "93a60a56-a3c8-11da-a746-0800200b9a66", "name": "Mass"}, "unit": {"@type": "Unit", "@id": "20aadc24-a391-41cf-b340-3e4529f44bde", "name": "kg"}, "value": 0.09023999999999999}, {"@type": "ImpactFactor", "flow": {"@type": "Flow", "@id": "f023872d-0fa1-3705-9221-ed71beec3cb2"}, "flowProperty": {"@type": "FlowProperty", "@id": "93a60a56-a3c8-11da-a746-0800200b9a66", "name": "Mass"}, "unit": {"@type": "Unit", "@id": "20aadc24-a391-41cf-b340-3e4529f44bde", "name": "kg"}, "value": 0.09023999999999999}, {"@type": "ImpactFactor", "flow": {"@type": "Flow", "@id": "0ebb728d-ab2d-3415-9acc-fba9a5f75026"}, "flowProperty": {"@type": "FlowProperty", "@id": "93a60a56-a3c8-11da-a746-0800200b9a66", "name": "Mass"}, "unit": {"@type": "Unit", "@id": "20aadc24-a391-41cf-b340-3e4529f44bde", "name": "kg"}, "value": 0.09023999999999999}, {"@type": "ImpactFactor", "flow": {"@type": "Flow", "@id": "52354077-dec8-337f-a54e-70246319488e"}, "flowProperty": {"@type": "FlowProperty", "@id": "93a60a56-a3c8-11da-a746-0800200b9a66", "name": "Mass"}, "unit": {"@type": "Unit", "@id": "20aadc24-a391-41cf-b340-3e4529f44bde", "name": "kg"}, "value": 0.09023999999999999}, {"@type": "ImpactFactor", "flow": {"@type": "Flow", "@id": "996504c4-8ffb-3df8-b356-ea33722efc2f"}, "flowProperty": {"@type": "FlowProperty", "@id": "93a60a56-a3c8-11da-a746-0800200b9a66", "name": "Mass"}, "unit": {"@type": "Unit", "@id": "20aadc24-a391-41cf-b340-3e4529f44bde", "name": "kg"}, "value": 0.09023999999999999}, {"@type": "ImpactFactor", "flow": {"@type": "Flow", "@id": "aa4e908f-7554-32bd-91b9-82ed83462355"}, "flowProperty": {"@type": "FlowProperty", "@id": "93a60a56-a3c8-11da-a746-0800200b9a66", "name": "Mass"}, "unit": {"@type": "Unit", "@id": "20aadc24-a391-41cf-b340-3e4529f44bde", "name": "kg"}, "value": 0.12631578947368421}, {"@type": "ImpactFactor", "flow": {"@type": "Flow", "@id": "8c127cf8-b397-3884-af4a-11f7aa10380f"}, "flowProperty": {"@type": "FlowProperty", "@id": "93a60a56-a3c8-11da-a746-0800200b9a66", "name": "Mass"}, "unit": {"@type": "Unit", "@id": "20aadc24-a391-41cf-b340-3e4529f44bde", "name": "kg"}, "value": 0.12631578947368421}, {"@type": "ImpactFactor", "flow": {"@type": "Flow", "@id": "32b933d6-00a2-310e-9884-49cbd0b61a0c"}, "flowProperty": {"@type": "FlowProperty", "@id": "93a60a56-a3c8-11da-a746-0800200b9a66", "name": "Mass"}, "unit": {"@type": "Unit", "@id": "20aadc24-a391-41cf-b340-3e4529f44bde", "name": "kg"}, "value": 0.12631578947368421}, {"@type": "ImpactFactor", "flow": {"@type": "Flow", "@id": "78953250-c68c-3884-82fd-6332c9084463"}, "flowProperty": {"@type": "FlowProperty", "@id": "93a60a56-a3c8-11da-a746-0800200b9a66", "name": "Mass"}, "unit": {"@type": "Unit", "@id": "20aadc24-a391-41cf-b340-3e4529f44bde", "name": "kg"}, "value": 0.09802105263157895}, {"@type": "ImpactFactor", "flow": {"@type": "Flow", "@id": "61a6d96e-5f49-38c5-82c5-489805b350dc"}, "flowProperty": {"@type": "FlowProperty", "@id": "93a60a56-a3c8-11da-a746-0800200b9a66", "name": "Mass"}, "unit": {"@type": "Unit", "@id": "20aadc24-a391-41cf-b340-3e4529f44bde", "name": "kg"}, "value": 0.09802105263157895}, {"@type": "ImpactFactor", "flow": {"@type": "Flow", "@id": "61f7eec2-9c04-37a8-bc36-8d5ea1aadb0a"}, "flowProperty": {"@type": "FlowProperty", "@id": "93a60a56-a3c8-11da-a746-0800200b9a66", "name": "Mass"}, "unit": {"@type": "Unit", "@id": "20aadc24-a391-41cf-b340-3e4529f44bde", "name": "kg"}, "value": 0.09802105263157895}, {"@type": "ImpactFactor", "flow": {"@type": "Flow", "@id": "86adfc75-8310-366b-b12c-d8406961c1fe"}, "flowProperty": {"@type": "FlowProperty", "@id": "93a60a56-a3c8-11da-a746-0800200b9a66", "name": "Mass"}, "unit": {"@type": "Unit", "@id": "20aadc24-a391-41cf-b340-3e4529f44bde", "name": "kg"}, "value": 0.1040247678018576}, {"@type": "ImpactFactor", "flow": {"@type": "Flow", "@id": "810560ea-b8d5-3ff3-9138-028b8864d068"}, "flowProperty": {"@type": "FlowProperty", "@id": "93a60a56-a3c8-11da-a746-0800200b9a66", "name": "Mass"}, "unit": {"@type": "Unit", "@id": "20aadc24-a391-41cf-b340-3e4529f44bde", "name": "kg"}, "value": 0.1040247678018576}, {"@type": "ImpactFactor", "flow": {"@type": "Flow", "@id": "71febff9-d658-342a-a0b0-14c9422584d5"}, "flowProperty": {"@type": "FlowProperty", "@id": "93a60a56-a3c8-11da-a746-0800200b9a66", "name": "Mass"}, "unit": {"@type": "Unit", "@id": "20aadc24-a391-41cf-b340-3e4529f44bde", "name": "kg"}, "value": 0.1040247678018576}, {"@type": "ImpactFactor", "flow": {"@type": "Flow", "@id": "da9de275-8209-3bc4-89bd-88b103f9f400"}, "flowProperty": {"@type": "FlowProperty", "@id": "93a60a56-a3c8-11da-a746-0800200b9a66", "name": "Mass"}, "unit": {"@type": "Unit", "@id": "20aadc24-a391-41cf-b340-3e4529f44bde", "name": "kg"}, "value": 0.05894736842105268}, {"@type": "ImpactFactor", "flow": {"@type": "Flow", "@id": "f63369b5-0313-37a3-a3e2-a83d454ef455"}, "flowProperty": {"@type": "FlowProperty", "@id": "93a60a56-a3c8-11da-a746-0800200b9a66", "name": "Mass"}, "unit": {"@type": "Unit", "@id": "20aadc24-a391-41cf-b340-3e4529f44bde", "name": "kg"}, "value": 0.05894736842105268}, {"@type": "ImpactFactor", "flow": {"@type": "Flow", "@id": "0c1438a8-cee1-3d05-a7b6-8970551cb3b1"}, "flowProperty": {"@type": "FlowProperty", "@id": "93a60a56-a3c8-11da-a746-0800200b9a66", "name": "Mass"}, "unit": {"@type": "Unit", "@id": "20aadc24-a391-41cf-b340-3e4529f44bde", "name": "kg"}, "value": 0.05894736842105268}, {"@type": "ImpactFactor", "flow": {"@type": "Flow", "@id": "f7e56416-55d9-3cdf-bc45-0ef8e96fcb75"}, "flowProperty": {"@type": "FlowProperty", "@id": "93a60a56-a3c8-11da-a746-0800200b9a66", "name": "Mass"}, "unit": {"@type": "Unit", "@id": "20aadc24-a391-41cf-b340-3e4529f44bde", "name": "kg"}, "value": 0.038400000000000004}, {"@type": "ImpactFactor", "flow": {"@type": "Flow", "@id": "00418073-6eb7-33ae-a8de-25486cc64909"}, "flowProperty": {"@type": "FlowProperty", "@id": "93a60a56-a3c8-11da-a746-0800200b9a66", "name": "Mass"}, "unit": {"@type": "Unit", "@id": "20aadc24-a391-41cf-b340-3e4529f44bde", "name": "kg"}, "value": 0.038400000000000004}, {"@type": "ImpactFactor", "flow": {"@type": "Flow", "@id": "6e7fe7d7-8ccf-3528-8d7b-0ba2d0472281"}, "flowProperty": {"@type": "FlowProperty", "@id": "93a60a56-a3c8-11da-a746-0800200b9a66", "name": "Mass"}, "unit": {"@type": "Unit", "@id": "20aadc24-a391-41cf-b340-3e4529f44bde", "name": "kg"}, "value": 0.038400000000000004}, {"@type": "ImpactFactor", "flow": {"@type": "Flow", "@id": "a715c1d2-d470-3f45-9d8c-0685888b5969"}, "flowProperty": {"@type": "FlowProperty", "@id": "93a60a56-a3c8-11da-a746-0800200b9a66", "name": "Mass"}, "unit": {"@type": "Unit", "@id": "20aadc24-a391-41cf-b340-3e4529f44bde", "name": "kg"}, "value": 0.028547368421052634}, {"@type": "ImpactFactor", "flow": {"@type": "Flow", "@id": "fd9cbb67-8a36-3ef0-83ec-f5061967e7d9"}, "flowProperty": {"@type": "FlowProperty", "@id": "93a60a56-a3c8-11da-a746-0800200b9a66", "name": "Mass"}, "unit": {"@type": "Unit", "@id": "20aadc24-a391-41cf-b340-3e4529f44bde", "name": "kg"}, "value": 0.028547368421052634}, {"@type": "ImpactFactor", "flow": {"@type": "Flow", "@id": "60882b62-f697-3bf7-b3f5-e7507c123fd4"}, "flowProperty": {"@type": "FlowProperty", "@id": "93a60a56-a3c8-11da-a746-0800200b9a66", "name": "Mass"}, "unit": {"@type": "Unit", "@id": "20aadc24-a391-41cf-b340-3e4529f44bde", "name": "kg"}, "value": 0.028547368421052634}, {"@type": "ImpactFactor", "flow": {"@type": "Flow", "@id": "475f3fae-f550-3e7c-8fa4-ad3bf30b5dd6"}, "flowProperty": {"@type": "FlowProperty", "@id": "93a60a56-a3c8-11da-a746-0800200b9a66", "name": "Mass"}, "unit": {"@type": "Unit", "@id": "20aadc24-a391-41cf-b340-3e4529f44bde", "name": "kg"}, "value": 0.038400000000000004}, {"@type": "ImpactFactor", "flow": {"@type": "Flow", "@id": "39cfe620-71df-3b39-ae40-5efbb42b4883"}, "flowProperty": {"@type": "FlowProperty", "@id": "93a60a56-a3c8-11da-a746-0800200b9a66", "name": "Mass"}, "unit": {"@type": "Unit", "@id": "20aadc24-a391-41cf-b340-3e4529f44bde", "name": "kg"}, "value": 0.038400000000000004}, {"@type": "ImpactFactor", "flow": {"@type": "Flow", "@id": "d9cb6b77-1003-3fe5-bb61-d455a145652b"}, "flowProperty": {"@type": "FlowProperty", "@id": "93a60a56-a3c8-11da-a746-0800200b9a66", "name": "Mass"}, "unit": {"@type": "Unit", "@id": "20aadc24-a391-41cf-b340-3e4529f44bde", "name": "kg"}, "value": 0.038400000000000004}, {"@type": "ImpactFactor", "flow": {"@type": "Flow", "@id": "8929a2da-d0d4-3d43-a55a-af101126dcbf"}, "flowProperty": {"@type": "FlowProperty", "@id": "93a60a56-a3c8-11da-a746-0800200b9a66", "name": "Mass"}, "unit": {"@type": "Unit", "@id": "20aadc24-a391-41cf-b340-3e4529f44bde", "name": "kg"}, "value": 1.0}, {"@type": "ImpactFactor", "flow": {"@type": "Flow", "@id": "6acddb9a-db2e-35e7-a5ca-e8f0b3901a2d"}, "flowProperty": {"@type": "FlowProperty", "@id": "93a60a56-a3c8-11da-a746-0800200b9a66", "name": "Mass"}, "unit": {"@type": "Unit", "@id": "20aadc24-a391-41cf-b340-3e4529f44bde", "name": "kg"}, "value": 1.0}, {"@type": "ImpactFactor", "flow": {"@type": "Flow", "@id": "0afdcfc1-b35a-3c08-aa58-ec5dab3b4afe"}, "flowProperty": {"@type": "FlowProperty", "@id": "93a60a56-a3c8-11da-a746-0800200b9a66", "name": "Mass"}, "unit": {"@type": "Unit", "@id": "20aadc24-a391-41cf-b340-3e4529f44bde", "name": "kg"}, "value": 1.0}, {"@type": "ImpactFactor", "flow": {"@type": "Flow", "@id": "bb3c945d-eade-3265-b844-292fd9a953d9"}, "flowProperty": {"@type": "FlowProperty", "@id": "93a60a56-a3c8-11da-a746-0800200b9a66", "name": "Mass"}, "unit": {"@type": "Unit", "@id": "20aadc24-a391-41cf-b340-3e4529f44bde", "name": "kg"}, "value": 1.0}, {"@type": "ImpactFactor", "flow": {"@type": "Flow", "@id": "cb57907d-6df5-3fbe-ad39-979b683d2bca"}, "flowProperty": {"@type": "FlowProperty", "@id": "93a60a56-a3c8-11da-a746-0800200b9a66", "name": "Mass"}, "unit": {"@type": "Unit", "@id": "20aadc24-a391-41cf-b340-3e4529f44bde", "name": "kg"}, "value": 1.0}, {"@type": "ImpactFactor", "flow": {"@type": "Flow", "@id": "048c7312-0e5b-3645-8047-eb4413d2a2d6"}, "flowProperty": {"@type": "FlowProperty", "@id": "93a60a56-a3c8-11da-a746-0800200b9a66", "name": "Mass"}, "unit": {"@type": "Unit", "@id": "20aadc24-a391-41cf-b340-3e4529f44bde", "name": "kg"}, "value": 0.776}, {"@type": "ImpactFactor", "flow": {"@type": "Flow", "@id": "3b0a2cfb-0f83-306c-8493-8e69fdb5ac9c"}, "flowProperty": {"@type": "FlowProperty", "@id": "93a60a56-a3c8-11da-a746-0800200b9a66", "name": "Mass"}, "unit": {"@type": "Unit", "@id": "20aadc24-a391-41cf-b340-3e4529f44bde", "name": "kg"}, "value": 0.776}, {"@type": "ImpactFactor", "flow": {"@type": "Flow", "@id": "cfde3b60-4cf4-3ad3-98c6-d6661cc4f8d1"}, "flowProperty": {"@type": "FlowProperty", "@id": "93a60a56-a3c8-11da-a746-0800200b9a66", "name": "Mass"}, "unit": {"@type": "Unit", "@id": "20aadc24-a391-41cf-b340-3e4529f44bde", "name": "kg"}, "value": 0.776}, {"@type": "ImpactFactor", "flow": {"@type": "Flow", "@id": "55491cf1-bbbb-321e-85e2-c9336531fecf"}, "flowProperty": {"@type": "FlowProperty", "@id": "93a60a56-a3c8-11da-a746-0800200b9a66", "name": "Mass"}, "unit": {"@type": "Unit", "@id": "20aadc24-a391-41cf-b340-3e4529f44bde", "name": "kg"}, "value": 0.776}, {"@type": "ImpactFactor", "flow": {"@type": "Flow", "@id": "b2735894-57fa-36d4-baa9-e5574dccee64"}, "flowProperty": {"@type": "FlowProperty", "@id": "93a60a56-a3c8-11da-a746-0800200b9a66", "name": "Mass"}, "unit": {"@type": "Unit", "@id": "20aadc24-a391-41cf-b340-3e4529f44bde", "name": "kg"}, "value": 0.776}, {"@type": "ImpactFactor", "flow": {"@type": "Flow", "@id": "12077bdf-11eb-3d63-bc89-7102b9692519"}, "flowProperty": {"@type": "FlowProperty", "@id": "93a60a56-a3c8-11da-a746-0800200b9a66", "name": "Mass"}, "unit": {"@type": "Unit", "@id": "20aadc24-a391-41cf-b340-3e4529f44bde", "name": "kg"}, "value": 0.823529411764706}, {"@type": "ImpactFactor", "flow": {"@type": "Flow", "@id": "793372f4-f765-3475-8244-f2a19e24648d"}, "flowProperty": {"@type": "FlowProperty", "@id": "93a60a56-a3c8-11da-a746-0800200b9a66", "name": "Mass"}, "unit": {"@type": "Unit", "@id": "20aadc24-a391-41cf-b340-3e4529f44bde", "name": "kg"}, "value": 0.823529411764706}, {"@type": "ImpactFactor", "flow": {"@type": "Flow", "@id": "87300c5b-ba5f-3b86-b681-4e962585e9cb"}, "flowProperty": {"@type": "FlowProperty", "@id": "93a60a56-a3c8-11da-a746-0800200b9a66", "name": "Mass"}, "unit": {"@type": "Unit", "@id": "20aadc24-a391-41cf-b340-3e4529f44bde", "name": "kg"}, "value": 0.823529411764706}, {"@type": "ImpactFactor", "flow": {"@type": "Flow", "@id": "71cb3f9a-7f0a-342c-b474-3c0b9d9d6039"}, "flowProperty": {"@type": "FlowProperty", "@id": "93a60a56-a3c8-11da-a746-0800200b9a66", "name": "Mass"}, "unit": {"@type": "Unit", "@id": "20aadc24-a391-41cf-b340-3e4529f44bde", "name": "kg"}, "value": 0.823529411764706}, {"@type": "ImpactFactor", "flow": {"@type": "Flow", "@id": "19b816c5-ae7c-30eb-9d9f-45e78d69ec25"}, "flowProperty": {"@type": "FlowProperty", "@id": "93a60a56-a3c8-11da-a746-0800200b9a66", "name": "Mass"}, "unit": {"@type": "Unit", "@id": "20aadc24-a391-41cf-b340-3e4529f44bde", "name": "kg"}, "value": 0.823529411764706}, {"@type": "ImpactFactor", "flow": {"@type": "Flow", "@id": "4abdacd6-2971-39ef-bd5f-60e8afd38728"}, "flowProperty": {"@type": "FlowProperty", "@id": "93a60a56-a3c8-11da-a746-0800200b9a66", "name": "Mass"}, "unit": {"@type": "Unit", "@id": "20aadc24-a391-41cf-b340-3e4529f44bde", "name": "kg"}, "value": 0.466666666666667}, {"@type": "ImpactFactor", "flow": {"@type": "Flow", "@id": "07e4940e-90d5-3990-9715-6d6e5a861791"}, "flowProperty": {"@type": "FlowProperty", "@id": "93a60a56-a3c8-11da-a746-0800200b9a66", "name": "Mass"}, "unit": {"@type": "Unit", "@id": "20aadc24-a391-41cf-b340-3e4529f44bde", "name": "kg"}, "value": 0.466666666666667}, {"@type": "ImpactFactor", "flow": {"@type": "Flow", "@id": "6db8c16e-1821-3e64-b215-a6a3d082486a"}, "flowProperty": {"@type": "FlowProperty", "@id": "93a60a56-a3c8-11da-a746-0800200b9a66", "name": "Mass"}, "unit": {"@type": "Unit", "@id": "20aadc24-a391-41cf-b340-3e4529f44bde", "name": "kg"}, "value": 0.466666666666667}, {"@type": "ImpactFactor", "flow": {"@type": "Flow", "@id": "68c3e368-a880-316a-aaba-3fed7f2aa697"}, "flowProperty": {"@type": "FlowProperty", "@id": "93a60a56-a3c8-11da-a746-0800200b9a66", "name": "Mass"}, "unit": {"@type": "Unit", "@id": "20aadc24-a391-41cf-b340-3e4529f44bde", "name": "kg"}, "value": 0.466666666666667}, {"@type": "ImpactFactor", "flow": {"@type": "Flow", "@id": "eb3c6eb9-6f31-3d75-94ba-4e675b11c1bc"}, "flowProperty": {"@type": "FlowProperty", "@id": "93a60a56-a3c8-11da-a746-0800200b9a66", "name": "Mass"}, "unit": {"@type": "Unit", "@id": "20aadc24-a391-41cf-b340-3e4529f44bde", "name": "kg"}, "value": 0.466666666666667}, {"@type": "ImpactFactor", "flow": {"@type": "Flow", "@id": "7a244d3c-8a00-3383-aa94-673e5f8f41b9"}, "flowProperty": {"@type": "FlowProperty", "@id": "93a60a56-a3c8-11da-a746-0800200b9a66", "name": "Mass"}, "unit": {"@type": "Unit", "@id": "20aadc24-a391-41cf-b340-3e4529f44bde", "name": "kg"}, "value": 0.304}, {"@type": "ImpactFactor", "flow": {"@type": "Flow", "@id": "b167fa89-8349-35f4-9eea-f6191b639ec7"}, "flowProperty": {"@type": "FlowProperty", "@id": "93a60a56-a3c8-11da-a746-0800200b9a66", "name": "Mass"}, "unit": {"@type": "Unit", "@id": "20aadc24-a391-41cf-b340-3e4529f44bde", "name": "kg"}, "value": 0.304}, {"@type": "ImpactFactor", "flow": {"@type": "Flow", "@id": "259438b1-15e7-3744-8f75-7381d6cafd63"}, "flowProperty": {"@type": "FlowProperty", "@id": "93a60a56-a3c8-11da-a746-0800200b9a66", "name": "Mass"}, "unit": {"@type": "Unit", "@id": "20aadc24-a391-41cf-b340-3e4529f44bde", "name": "kg"}, "value": 0.304}, {"@type": "ImpactFactor", "flow": {"@type": "Flow", "@id": "8691e22c-5c3c-3e3d-9ff2-8f762a2f6dc6"}, "flowProperty": {"@type": "FlowProperty", "@id": "93a60a56-a3c8-11da-a746-0800200b9a66", "name": "Mass"}, "unit": {"@type": "Unit", "@id": "20aadc24-a391-41cf-b340-3e4529f44bde", "name": "kg"}, "value": 0.304}, {"@type": "ImpactFactor", "flow": {"@type": "Flow", "@id": "b0babe6f-7eb1-3c2a-91d9-261351f4f1e1"}, "flowProperty": {"@type": "FlowProperty", "@id": "93a60a56-a3c8-11da-a746-0800200b9a66", "name": "Mass"}, "unit": {"@type": "Unit", "@id": "20aadc24-a391-41cf-b340-3e4529f44bde", "name": "kg"}, "value": 0.304}, {"@type": "ImpactFactor", "flow": {"@type": "Flow", "@id": "552a99b1-9464-3588-b08d-9076437cc242"}, "flowProperty": {"@type": "FlowProperty", "@id": "93a60a56-a3c8-11da-a746-0800200b9a66", "name": "Mass"}, "unit": {"@type": "Unit", "@id": "20aadc24-a391-41cf-b340-3e4529f44bde", "name": "kg"}, "value": 0.226}, {"@type": "ImpactFactor", "flow": {"@type": "Flow", "@id": "720e2c96-9397-3c08-8f1b-7e5eea569eb0"}, "flowProperty": {"@type": "FlowProperty", "@id": "93a60a56-a3c8-11da-a746-0800200b9a66", "name": "Mass"}, "unit": {"@type": "Unit", "@id": "20aadc24-a391-41cf-b340-3e4529f44bde", "name": "kg"}, "value": 0.226}, {"@type": "ImpactFactor", "flow": {"@type": "Flow", "@id": "bdeb22a8-2ed5-3651-9432-10127420fa8c"}, "flowProperty": {"@type": "FlowProperty", "@id": "93a60a56-a3c8-11da-a746-0800200b9a66", "name": "Mass"}, "unit": {"@type": "Unit", "@id": "20aadc24-a391-41cf-b340-3e4529f44bde", "name": "kg"}, "value": 0.226}, {"@type": "ImpactFactor", "flow": {"@type": "Flow", "@id": "301601df-6e44-3342-a049-07d97cca9985"}, "flowProperty": {"@type": "FlowProperty", "@id": "93a60a56-a3c8-11da-a746-0800200b9a66", "name": "Mass"}, "unit": {"@type": "Unit", "@id": "20aadc24-a391-41cf-b340-3e4529f44bde", "name": "kg"}, "value": 0.226}, {"@type": "ImpactFactor", "flow": {"@type": "Flow", "@id": "71efcf8a-ea18-3076-bc20-13ca25f3c60f"}, "flowProperty": {"@type": "FlowProperty", "@id": "93a60a56-a3c8-11da-a746-0800200b9a66", "name": "Mass"}, "unit": {"@type": "Unit", "@id": "20aadc24-a391-41cf-b340-3e4529f44bde", "name": "kg"}, "value": 0.226}, {"@type": "ImpactFactor", "flow": {"@type": "Flow", "@id": "70e0765a-2bcb-344d-8139-b5eaea4a52d6"}, "flowProperty": {"@type": "FlowProperty", "@id": "93a60a56-a3c8-11da-a746-0800200b9a66", "name": "Mass"}, "unit": {"@type": "Unit", "@id": "20aadc24-a391-41cf-b340-3e4529f44bde", "name": "kg"}, "value": 0.304}, {"@type": "ImpactFactor", "flow": {"@type": "Flow", "@id": "e9b737f0-b16d-3a07-8d5f-c3998dcf69c6"}, "flowProperty": {"@type": "FlowProperty", "@id": "93a60a56-a3c8-11da-a746-0800200b9a66", "name": "Mass"}, "unit": {"@type": "Unit", "@id": "20aadc24-a391-41cf-b340-3e4529f44bde", "name": "kg"}, "value": 0.304}, {"@type": "ImpactFactor", "flow": {"@type": "Flow", "@id": "161f66d8-deec-312e-b90a-994f41ad175b"}, "flowProperty": {"@type": "FlowProperty", "@id": "93a60a56-a3c8-11da-a746-0800200b9a66", "name": "Mass"}, "unit": {"@type": "Unit", "@id": "20aadc24-a391-41cf-b340-3e4529f44bde", "name": "kg"}, "value": 0.304}, {"@type": "ImpactFactor", "flow": {"@type": "Flow", "@id": "6070c0c4-d338-3154-b2eb-d7a487323b71"}, "flowProperty": {"@type": "FlowProperty", "@id": "93a60a56-a3c8-11da-a746-0800200b9a66", "name": "Mass"}, "unit": {"@type": "Unit", "@id": "20aadc24-a391-41cf-b340-3e4529f44bde", "name": "kg"}, "value": 0.304}, {"@type": "ImpactFactor", "flow": {"@type": "Flow", "@id": "aeed3b70-f3a7-3c14-b79c-b71bb48f602b"}, "flowProperty": {"@type": "FlowProperty", "@id": "93a60a56-a3c8-11da-a746-0800200b9a66", "name": "Mass"}, "unit": {"@type": "Unit", "@id": "20aadc24-a391-41cf-b340-3e4529f44bde", "name": "kg"}, "value": 0.304}, {"@type": "ImpactFactor", "flow": {"@type": "Flow", "@id": "11a87634-d3a9-31a9-bd33-8d60b9f0f4d4"}, "flowProperty": {"@type": "FlowProperty", "@id": "93a60a56-a3c8-11da-a746-0800200b9a66", "name": "Mass"}, "unit": {"@type": "Unit", "@id": "20aadc24-a391-41cf-b340-3e4529f44bde", "name": "kg"}, "value": 0.12631578947368421}, {"@type": "ImpactFactor", "flow": {"@type": "Flow", "@id": "43a400eb-063b-3f0e-860b-e878abcf2a15"}, "flowProperty": {"@type": "FlowProperty", "@id": "93a60a56-a3c8-11da-a746-0800200b9a66", "name": "Mass"}, "unit": {"@type": "Unit", "@id": "20aadc24-a391-41cf-b340-3e4529f44bde", "name": "kg"}, "value": 0.12631578947368421}, {"@type": "ImpactFactor", "flow": {"@type": "Flow", "@id": "20a4fa98-72c4-32ed-91e8-a0c1a0db358e"}, "flowProperty": {"@type": "FlowProperty", "@id": "93a60a56-a3c8-11da-a746-0800200b9a66", "name": "Mass"}, "unit": {"@type": "Unit", "@id": "20aadc24-a391-41cf-b340-3e4529f44bde", "name": "kg"}, "value": 0.12631578947368421}, {"@type": "ImpactFactor", "flow": {"@type": "Flow", "@id": "b543b089-d6b9-303f-8abd-5c02d41dbe4c"}, "flowProperty": {"@type": "FlowProperty", "@id": "93a60a56-a3c8-11da-a746-0800200b9a66", "name": "Mass"}, "unit": {"@type": "Unit", "@id": "20aadc24-a391-41cf-b340-3e4529f44bde", "name": "kg"}, "value": 0.12631578947368421}, {"@type": "ImpactFactor", "flow": {"@type": "Flow", "@id": "cf4c3dfb-6382-3123-ba30-f9003d7d425d"}, "flowProperty": {"@type": "FlowProperty", "@id": "93a60a56-a3c8-11da-a746-0800200b9a66", "name": "Mass"}, "unit": {"@type": "Unit", "@id": "20aadc24-a391-41cf-b340-3e4529f44bde", "name": "kg"}, "value": 0.12631578947368421}, {"@type": "ImpactFactor", "flow": {"@type": "Flow", "@id": "303669e3-aae7-33e8-9638-ab18b9d90c43"}, "flowProperty": {"@type": "FlowProperty", "@id": "93a60a56-a3c8-11da-a746-0800200b9a66", "name": "Mass"}, "unit": {"@type": "Unit", "@id": "20aadc24-a391-41cf-b340-3e4529f44bde", "name": "kg"}, "value": 0.12631578947368421}, {"@type": "ImpactFactor", "flow": {"@type": "Flow", "@id": "d5b9ee08-bd04-363b-8696-3a6ebe3d295d"}, "flowProperty": {"@type": "FlowProperty", "@id": "93a60a56-a3c8-11da-a746-0800200b9a66", "name": "Mass"}, "unit": {"@type": "Unit", "@id": "20aadc24-a391-41cf-b340-3e4529f44bde", "name": "kg"}, "value": 0.12631578947368421}, {"@type": "ImpactFactor", "flow": {"@type": "Flow", "@id": "db7754b7-006a-33d3-ba62-2d5f2a1d3de4"}, "flowProperty": {"@type": "FlowProperty", "@id": "93a60a56-a3c8-11da-a746-0800200b9a66", "name": "Mass"}, "unit": {"@type": "Unit", "@id": "20aadc24-a391-41cf-b340-3e4529f44bde", "name": "kg"}, "value": 0.12631578947368421}, {"@type": "ImpactFactor", "flow": {"@type": "Flow", "@id": "16a7845e-4e45-307f-a714-2739bca9c122"}, "flowProperty": {"@type": "FlowProperty", "@id": "93a60a56-a3c8-11da-a746-0800200b9a66", "name": "Mass"}, "unit": {"@type": "Unit", "@id": "20aadc24-a391-41cf-b340-3e4529f44bde", "name": "kg"}, "value": 0.12631578947368421}, {"@type": "ImpactFactor", "flow": {"@type": "Flow", "@id": "335f417c-2a96-3bc6-a7b7-23eee2dc2d0f"}, "flowProperty": {"@type": "FlowProperty", "@id": "93a60a56-a3c8-11da-a746-0800200b9a66", "name": "Mass"}, "unit": {"@type": "Unit", "@id": "20aadc24-a391-41cf-b340-3e4529f44bde", "name": "kg"}, "value": 0.12631578947368421}, {"@type": "ImpactFactor", "flow": {"@type": "Flow", "@id": "1caac9a1-dada-3726-bb26-267ea938edd8"}, "flowProperty": {"@type": "FlowProperty", "@id": "93a60a56-a3c8-11da-a746-0800200b9a66", "name": "Mass"}, "unit": {"@type": "Unit", "@id": "20aadc24-a391-41cf-b340-3e4529f44bde", "name": "kg"}, "value": 0.12631578947368421}, {"@type": "ImpactFactor", "flow": {"@type": "Flow", "@id": "e4bf6b14-22f4-3b21-8642-284685df8bfc"}, "flowProperty": {"@type": "FlowProperty", "@id": "93a60a56-a3c8-11da-a746-0800200b9a66", "name": "Mass"}, "unit": {"@type": "Unit", "@id": "20aadc24-a391-41cf-b340-3e4529f44bde", "name": "kg"}, "value": 0.12631578947368421}, {"@type": "ImpactFactor", "flow": {"@type": "Flow", "@id": "ce410dfd-7eaf-36cd-90c6-015896e03fd4"}, "flowProperty": {"@type": "FlowProperty", "@id": "93a60a56-a3c8-11da-a746-0800200b9a66", "name": "Mass"}, "unit": {"@type": "Unit", "@id": "20aadc24-a391-41cf-b340-3e4529f44bde", "name": "kg"}, "value": 0.12631578947368421}, {"@type": "ImpactFactor", "flow": {"@type": "Flow", "@id": "2ad29036-3a9d-3fc2-875c-9cfd10a506ec"}, "flowProperty": {"@type": "FlowProperty", "@id": "93a60a56-a3c8-11da-a746-0800200b9a66", "name": "Mass"}, "unit": {"@type": "Unit", "@id": "20aadc24-a391-41cf-b340-3e4529f44bde", "name": "kg"}, "value": 0.12631578947368421}, {"@type": "ImpactFactor", "flow": {"@type": "Flow", "@id": "13edb02c-7f88-3ee0-a44c-1e7c03fa10fe"}, "flowProperty": {"@type": "FlowProperty", "@id": "93a60a56-a3c8-11da-a746-0800200b9a66", "name": "Mass"}, "unit": {"@type": "Unit", "@id": "20aadc24-a391-41cf-b340-3e4529f44bde", "name": "kg"}, "value": 0.12631578947368421}, {"@type": "ImpactFactor", "flow": {"@type": "Flow", "@id": "e3066e6b-deac-369b-adca-d65e1f0e7150"}, "flowProperty": {"@type": "FlowProperty", "@id": "93a60a56-a3c8-11da-a746-0800200b9a66", "name": "Mass"}, "unit": {"@type": "Unit", "@id": "20aadc24-a391-41cf-b340-3e4529f44bde", "name": "kg"}, "value": 0.6484210526315789}, {"@type": "ImpactFactor", "flow": {"@type": "Flow", "@id": "8db6176f-1e8a-3d53-b164-bc7fc33c037b"}, "flowProperty": {"@type": "FlowProperty", "@id": "93a60a56-a3c8-11da-a746-0800200b9a66", "name": "Mass"}, "unit": {"@type": "Unit", "@id": "20aadc24-a391-41cf-b340-3e4529f44bde", "name": "kg"}, "value": 0.6484210526315789}, {"@type": "ImpactFactor", "flow": {"@type": "Flow", "@id": "26e9f0bd-dc59-3272-b55c-e022dc45ca99"}, "flowProperty": {"@type": "FlowProperty", "@id": "93a60a56-a3c8-11da-a746-0800200b9a66", "name": "Mass"}, "unit": {"@type": "Unit", "@id": "20aadc24-a391-41cf-b340-3e4529f44bde", "name": "kg"}, "value": 0.6484210526315789}, {"@type": "ImpactFactor", "flow": {"@type": "Flow", "@id": "0940f95d-3158-3804-8136-16ed409a8f04"}, "flowProperty": {"@type": "FlowProperty", "@id": "93a60a56-a3c8-11da-a746-0800200b9a66", "name": "Mass"}, "unit": {"@type": "Unit", "@id": "20aadc24-a391-41cf-b340-3e4529f44bde", "name": "kg"}, "value": 0.6484210526315789}, {"@type": "ImpactFactor", "flow": {"@type": "Flow", "@id": "94852a6b-aa80-3b84-ab54-c3bc2612f922"}, "flowProperty": {"@type": "FlowProperty", "@id": "93a60a56-a3c8-11da-a746-0800200b9a66", "name": "Mass"}, "unit": {"@type": "Unit", "@id": "20aadc24-a391-41cf-b340-3e4529f44bde", "name": "kg"}, "value": 0.6484210526315789}, {"@type": "ImpactFactor", "flow": {"@type": "Flow", "@id": "d5e56e03-3a57-3568-a61e-a414dbd162ca"}, "flowProperty": {"@type": "FlowProperty", "@id": "93a60a56-a3c8-11da-a746-0800200b9a66", "name": "Mass"}, "unit": {"@type": "Unit", "@id": "20aadc24-a391-41cf-b340-3e4529f44bde", "name": "kg"}, "value": 0.6484210526315789}, {"@type": "ImpactFactor", "flow": {"@type": "Flow", "@id": "d64551ca-4d6e-3717-a260-e869383fbff3"}, "flowProperty": {"@type": "FlowProperty", "@id": "93a60a56-a3c8-11da-a746-0800200b9a66", "name": "Mass"}, "unit": {"@type": "Unit", "@id": "20aadc24-a391-41cf-b340-3e4529f44bde", "name": "kg"}, "value": 0.6484210526315789}, {"@type": "ImpactFactor", "flow": {"@type": "Flow", "@id": "1633cea3-311a-3667-a428-419522a8065d"}, "flowProperty": {"@type": "FlowProperty", "@id": "93a60a56-a3c8-11da-a746-0800200b9a66", "name": "Mass"}, "unit": {"@type": "Unit", "@id": "20aadc24-a391-41cf-b340-3e4529f44bde", "name": "kg"}, "value": 0.1040247678018576}, {"@type": "ImpactFactor", "flow": {"@type": "Flow", "@id": "0359db84-bb67-309b-bb66-e0a7c43b2c3b"}, "flowProperty": {"@type": "FlowProperty", "@id": "93a60a56-a3c8-11da-a746-0800200b9a66", "name": "Mass"}, "unit": {"@type": "Unit", "@id": "20aadc24-a391-41cf-b340-3e4529f44bde", "name": "kg"}, "value": 0.1040247678018576}, {"@type": "ImpactFactor", "flow": {"@type": "Flow", "@id": "7e943261-779c-32c1-926f-aefe10561544"}, "flowProperty": {"@type": "FlowProperty", "@id": "93a60a56-a3c8-11da-a746-0800200b9a66", "name": "Mass"}, "unit": {"@type": "Unit", "@id": "20aadc24-a391-41cf-b340-3e4529f44bde", "name": "kg"}, "value": 0.1040247678018576}, {"@type": "ImpactFactor", "flow": {"@type": "Flow", "@id": "cbef7530-4016-397b-b6a7-cc79d44de516"}, "flowProperty": {"@type": "FlowProperty", "@id": "93a60a56-a3c8-11da-a746-0800200b9a66", "name": "Mass"}, "unit": {"@type": "Unit", "@id": "20aadc24-a391-41cf-b340-3e4529f44bde", "name": "kg"}, "value": 0.1040247678018576}, {"@type": "ImpactFactor", "flow": {"@type": "Flow", "@id": "447e2a2b-e2a8-3e6d-bfab-4c1d8ae62feb"}, "flowProperty": {"@type": "FlowProperty", "@id": "93a60a56-a3c8-11da-a746-0800200b9a66", "name": "Mass"}, "unit": {"@type": "Unit", "@id": "20aadc24-a391-41cf-b340-3e4529f44bde", "name": "kg"}, "value": 0.1040247678018576}, {"@type": "ImpactFactor", "flow": {"@type": "Flow", "@id": "e9d767db-e211-33be-845e-f48204d321d0"}, "flowProperty": {"@type": "FlowProperty", "@id": "93a60a56-a3c8-11da-a746-0800200b9a66", "name": "Mass"}, "unit": {"@type": "Unit", "@id": "20aadc24-a391-41cf-b340-3e4529f44bde", "name": "kg"}, "value": 0.1040247678018576}, {"@type": "ImpactFactor", "flow": {"@type": "Flow", "@id": "e4a0e4f2-7d01-332e-b3ff-7fda86d105fd"}, "flowProperty": {"@type": "FlowProperty", "@id": "93a60a56-a3c8-11da-a746-0800200b9a66", "name": "Mass"}, "unit": {"@type": "Unit", "@id": "20aadc24-a391-41cf-b340-3e4529f44bde", "name": "kg"}, "value": 0.1040247678018576}, {"@type": "ImpactFactor", "flow": {"@type": "Flow", "@id": "1f40e9cb-5685-3fbc-b308-43cb4dba62fc"}, "flowProperty": {"@type": "FlowProperty", "@id": "93a60a56-a3c8-11da-a746-0800200b9a66", "name": "Mass"}, "unit": {"@type": "Unit", "@id": "20aadc24-a391-41cf-b340-3e4529f44bde", "name": "kg"}, "value": 0.1040247678018576}, {"@type": "ImpactFactor", "flow": {"@type": "Flow", "@id": "0ff9b831-be80-39bb-a82a-74cdedf515bc"}, "flowProperty": {"@type": "FlowProperty", "@id": "93a60a56-a3c8-11da-a746-0800200b9a66", "name": "Mass"}, "unit": {"@type": "Unit", "@id": "20aadc24-a391-41cf-b340-3e4529f44bde", "name": "kg"}, "value": 0.1040247678018576}, {"@type": "ImpactFactor", "flow": {"@type": "Flow", "@id": "8d435be9-3eb3-37e0-945f-80cfd4a5fa33"}, "flowProperty": {"@type": "FlowProperty", "@id": "93a60a56-a3c8-11da-a746-0800200b9a66", "name": "Mass"}, "unit": {"@type": "Unit", "@id": "20aadc24-a391-41cf-b340-3e4529f44bde", "name": "kg"}, "value": 0.1040247678018576}, {"@type": "ImpactFactor", "flow": {"@type": "Flow", "@id": "6ade6a49-12db-3456-be32-fb5bec091456"}, "flowProperty": {"@type": "FlowProperty", "@id": "93a60a56-a3c8-11da-a746-0800200b9a66", "name": "Mass"}, "unit": {"@type": "Unit", "@id": "20aadc24-a391-41cf-b340-3e4529f44bde", "name": "kg"}, "value": 0.1040247678018576}, {"@type": "ImpactFactor", "flow": {"@type": "Flow", "@id": "10a8f5cd-e7f6-3d72-8ae7-006321f6b085"}, "flowProperty": {"@type": "FlowProperty", "@id": "93a60a56-a3c8-11da-a746-0800200b9a66", "name": "Mass"}, "unit": {"@type": "Unit", "@id": "20aadc24-a391-41cf-b340-3e4529f44bde", "name": "kg"}, "value": 0.1040247678018576}, {"@type": "ImpactFactor", "flow": {"@type": "Flow", "@id": "b55a5d20-0d2e-32f1-a826-97b549535765"}, "flowProperty": {"@type": "FlowProperty", "@id": "93a60a56-a3c8-11da-a746-0800200b9a66", "name": "Mass"}, "unit": {"@type": "Unit", "@id": "20aadc24-a391-41cf-b340-3e4529f44bde", "name": "kg"}, "value": 0.1040247678018576}, {"@type": "ImpactFactor", "flow": {"@type": "Flow", "@id": "4ec6933f-b262-3729-807f-9e4fb5d6a1a5"}, "flowProperty": {"@type": "FlowProperty", "@id": "93a60a56-a3c8-11da-a746-0800200b9a66", "name": "Mass"}, "unit": {"@type": "Unit", "@id": "20aadc24-a391-41cf-b340-3e4529f44bde", "name": "kg"}, "value": 0.1040247678018576}, {"@type": "ImpactFactor", "flow": {"@type": "Flow", "@id": "04993771-f4de-38bb-90c8-b74c7e53f719"}, "flowProperty": {"@type": "FlowProperty", "@id": "93a60a56-a3c8-11da-a746-0800200b9a66", "name": "Mass"}, "unit": {"@type": "Unit", "@id": "20aadc24-a391-41cf-b340-3e4529f44bde", "name": "kg"}, "value": 0.1040247678018576}, {"@type": "ImpactFactor", "flow": {"@type": "Flow", "@id": "6dfd9f33-bf40-3835-8c8d-cfa9e7fa5029"}, "flowProperty": {"@type": "FlowProperty", "@id": "93a60a56-a3c8-11da-a746-0800200b9a66", "name": "Mass"}, "unit": {"@type": "Unit", "@id": "20aadc24-a391-41cf-b340-3e4529f44bde", "name": "kg"}, "value": 0.5339938080495357}, {"@type": "ImpactFactor", "flow": {"@type": "Flow", "@id": "0f80394f-274c-3fce-92f2-135fd47cbec2"}, "flowProperty": {"@type": "FlowProperty", "@id": "93a60a56-a3c8-11da-a746-0800200b9a66", "name": "Mass"}, "unit": {"@type": "Unit", "@id": "20aadc24-a391-41cf-b340-3e4529f44bde", "name": "kg"}, "value": 0.5339938080495357}, {"@type": "ImpactFactor", "flow": {"@type": "Flow", "@id": "aec2d006-ffdc-3136-bb69-b9dc7f499759"}, "flowProperty": {"@type": "FlowProperty", "@id": "93a60a56-a3c8-11da-a746-0800200b9a66", "name": "Mass"}, "unit": {"@type": "Unit", "@id": "20aadc24-a391-41cf-b340-3e4529f44bde", "name": "kg"}, "value": 0.5339938080495357}, {"@type": "ImpactFactor", "flow": {"@type": "Flow", "@id": "117f16d0-8777-3538-9f87-e60a140308c2"}, "flowProperty": {"@type": "FlowProperty", "@id": "93a60a56-a3c8-11da-a746-0800200b9a66", "name": "Mass"}, "unit": {"@type": "Unit", "@id": "20aadc24-a391-41cf-b340-3e4529f44bde", "name": "kg"}, "value": 0.5339938080495357}, {"@type": "ImpactFactor", "flow": {"@type": "Flow", "@id": "275e1d3f-bdcb-3da9-b89c-6e1f4decd92a"}, "flowProperty": {"@type": "FlowProperty", "@id": "93a60a56-a3c8-11da-a746-0800200b9a66", "name": "Mass"}, "unit": {"@type": "Unit", "@id": "20aadc24-a391-41cf-b340-3e4529f44bde", "name": "kg"}, "value": 0.5339938080495357}, {"@type": "ImpactFactor", "flow": {"@type": "Flow", "@id": "6c62e4c5-cdc4-3ef7-b08a-0ab03aabfc3d"}, "flowProperty": {"@type": "FlowProperty", "@id": "93a60a56-a3c8-11da-a746-0800200b9a66", "name": "Mass"}, "unit": {"@type": "Unit", "@id": "20aadc24-a391-41cf-b340-3e4529f44bde", "name": "kg"}, "value": 0.5339938080495357}, {"@type": "ImpactFactor", "flow": {"@type": "Flow", "@id": "430da072-5b9e-3f73-ac1e-a66b2777106f"}, "flowProperty": {"@type": "FlowProperty", "@id": "93a60a56-a3c8-11da-a746-0800200b9a66", "name": "Mass"}, "unit": {"@type": "Unit", "@id": "20aadc24-a391-41cf-b340-3e4529f44bde", "name": "kg"}, "value": 0.5339938080495357}, {"@type": "ImpactFactor", "flow": {"@type": "Flow", "@id": "c912dddb-589b-335b-bb1c-16c36b0d3e21"}, "flowProperty": {"@type": "FlowProperty", "@id": "93a60a56-a3c8-11da-a746-0800200b9a66", "name": "Mass"}, "unit": {"@type": "Unit", "@id": "20aadc24-a391-41cf-b340-3e4529f44bde", "name": "kg"}, "value": 0.09802105263157895}, {"@type": "ImpactFactor", "flow": {"@type": "Flow", "@id": "7019908a-503e-3b56-8e4b-d5f985bfaf7f"}, "flowProperty": {"@type": "FlowProperty", "@id": "93a60a56-a3c8-11da-a746-0800200b9a66", "name": "Mass"}, "unit": {"@type": "Unit", "@id": "20aadc24-a391-41cf-b340-3e4529f44bde", "name": "kg"}, "value": 0.09802105263157895}, {"@type": "ImpactFactor", "flow": {"@type": "Flow", "@id": "d2a0db0d-c78a-3476-b39e-7d6d63e2c640"}, "flowProperty": {"@type": "FlowProperty", "@id": "93a60a56-a3c8-11da-a746-0800200b9a66", "name": "Mass"}, "unit": {"@type": "Unit", "@id": "20aadc24-a391-41cf-b340-3e4529f44bde", "name": "kg"}, "value": 0.09802105263157895}, {"@type": "ImpactFactor", "flow": {"@type": "Flow", "@id": "e0f100fd-8ece-3d86-8014-8d5f9990872b"}, "flowProperty": {"@type": "FlowProperty", "@id": "93a60a56-a3c8-11da-a746-0800200b9a66", "name": "Mass"}, "unit": {"@type": "Unit", "@id": "20aadc24-a391-41cf-b340-3e4529f44bde", "name": "kg"}, "value": 0.09802105263157895}, {"@type": "ImpactFactor", "flow": {"@type": "Flow", "@id": "7831e594-928c-3fbb-a985-9a43e9d8f7a8"}, "flowProperty": {"@type": "FlowProperty", "@id": "93a60a56-a3c8-11da-a746-0800200b9a66", "name": "Mass"}, "unit": {"@type": "Unit", "@id": "20aadc24-a391-41cf-b340-3e4529f44bde", "name": "kg"}, "value": 0.09802105263157895}, {"@type": "ImpactFactor", "flow": {"@type": "Flow", "@id": "d118f98a-5d9b-3f9d-96bb-afa2161fb841"}, "flowProperty": {"@type": "FlowProperty", "@id": "93a60a56-a3c8-11da-a746-0800200b9a66", "name": "Mass"}, "unit": {"@type": "Unit", "@id": "20aadc24-a391-41cf-b340-3e4529f44bde", "name": "kg"}, "value": 0.09802105263157895}, {"@type": "ImpactFactor", "flow": {"@type": "Flow", "@id": "49e20957-5cd2-323f-a990-6a983825d8f5"}, "flowProperty": {"@type": "FlowProperty", "@id": "93a60a56-a3c8-11da-a746-0800200b9a66", "name": "Mass"}, "unit": {"@type": "Unit", "@id": "20aadc24-a391-41cf-b340-3e4529f44bde", "name": "kg"}, "value": 0.09802105263157895}, {"@type": "ImpactFactor", "flow": {"@type": "Flow", "@id": "cecd17e5-aec7-3d67-b8d2-315c85236a0f"}, "flowProperty": {"@type": "FlowProperty", "@id": "93a60a56-a3c8-11da-a746-0800200b9a66", "name": "Mass"}, "unit": {"@type": "Unit", "@id": "20aadc24-a391-41cf-b340-3e4529f44bde", "name": "kg"}, "value": 0.09802105263157895}, {"@type": "ImpactFactor", "flow": {"@type": "Flow", "@id": "ccd17cad-79ec-3245-96d4-2e999ea1673a"}, "flowProperty": {"@type": "FlowProperty", "@id": "93a60a56-a3c8-11da-a746-0800200b9a66", "name": "Mass"}, "unit": {"@type": "Unit", "@id": "20aadc24-a391-41cf-b340-3e4529f44bde", "name": "kg"}, "value": 0.09802105263157895}, {"@type": "ImpactFactor", "flow": {"@type": "Flow", "@id": "ac000bb1-cb2d-3bf8-8989-352c3645019f"}, "flowProperty": {"@type": "FlowProperty", "@id": "93a60a56-a3c8-11da-a746-0800200b9a66", "name": "Mass"}, "unit": {"@type": "Unit", "@id": "20aadc24-a391-41cf-b340-3e4529f44bde", "name": "kg"}, "value": 0.09802105263157895}, {"@type": "ImpactFactor", "flow": {"@type": "Flow", "@id": "039f7696-b2e7-3941-a684-5d929a3b44db"}, "flowProperty": {"@type": "FlowProperty", "@id": "93a60a56-a3c8-11da-a746-0800200b9a66", "name": "Mass"}, "unit": {"@type": "Unit", "@id": "20aadc24-a391-41cf-b340-3e4529f44bde", "name": "kg"}, "value": 0.09802105263157895}, {"@type": "ImpactFactor", "flow": {"@type": "Flow", "@id": "861ba4b2-b85c-3017-8471-f91448d5e361"}, "flowProperty": {"@type": "FlowProperty", "@id": "93a60a56-a3c8-11da-a746-0800200b9a66", "name": "Mass"}, "unit": {"@type": "Unit", "@id": "20aadc24-a391-41cf-b340-3e4529f44bde", "name": "kg"}, "value": 0.09802105263157895}, {"@type": "ImpactFactor", "flow": {"@type": "Flow", "@id": "5dc17ff9-da6c-3b44-a955-2762b2743a44"}, "flowProperty": {"@type": "FlowProperty", "@id": "93a60a56-a3c8-11da-a746-0800200b9a66", "name": "Mass"}, "unit": {"@type": "Unit", "@id": "20aadc24-a391-41cf-b340-3e4529f44bde", "name": "kg"}, "value": 0.09802105263157895}, {"@type": "ImpactFactor", "flow": {"@type": "Flow", "@id": "c4503337-e771-37ba-a69a-6c98f4ccc123"}, "flowProperty": {"@type": "FlowProperty", "@id": "93a60a56-a3c8-11da-a746-0800200b9a66", "name": "Mass"}, "unit": {"@type": "Unit", "@id": "20aadc24-a391-41cf-b340-3e4529f44bde", "name": "kg"}, "value": 0.09802105263157895}, {"@type": "ImpactFactor", "flow": {"@type": "Flow", "@id": "446ec185-c87a-3dd8-a429-5c24ed505657"}, "flowProperty": {"@type": "FlowProperty", "@id": "93a60a56-a3c8-11da-a746-0800200b9a66", "name": "Mass"}, "unit": {"@type": "Unit", "@id": "20aadc24-a391-41cf-b340-3e4529f44bde", "name": "kg"}, "value": 0.09802105263157895}, {"@type": "ImpactFactor", "flow": {"@type": "Flow", "@id": "10267dca-c756-3d08-8848-4b848fd83461"}, "flowProperty": {"@type": "FlowProperty", "@id": "93a60a56-a3c8-11da-a746-0800200b9a66", "name": "Mass"}, "unit": {"@type": "Unit", "@id": "20aadc24-a391-41cf-b340-3e4529f44bde", "name": "kg"}, "value": 0.5031747368421052}, {"@type": "ImpactFactor", "flow": {"@type": "Flow", "@id": "3c312e5c-4834-35b9-b029-45e39cfe28da"}, "flowProperty": {"@type": "FlowProperty", "@id": "93a60a56-a3c8-11da-a746-0800200b9a66", "name": "Mass"}, "unit": {"@type": "Unit", "@id": "20aadc24-a391-41cf-b340-3e4529f44bde", "name": "kg"}, "value": 0.5031747368421052}, {"@type": "ImpactFactor", "flow": {"@type": "Flow", "@id": "5001388c-5769-32bd-8ab3-87a191a7068e"}, "flowProperty": {"@type": "FlowProperty", "@id": "93a60a56-a3c8-11da-a746-0800200b9a66", "name": "Mass"}, "unit": {"@type": "Unit", "@id": "20aadc24-a391-41cf-b340-3e4529f44bde", "name": "kg"}, "value": 0.5031747368421052}, {"@type": "ImpactFactor", "flow": {"@type": "Flow", "@id": "06c19d3b-9ee3-3a35-b670-8e77c1795b10"}, "flowProperty": {"@type": "FlowProperty", "@id": "93a60a56-a3c8-11da-a746-0800200b9a66", "name": "Mass"}, "unit": {"@type": "Unit", "@id": "20aadc24-a391-41cf-b340-3e4529f44bde", "name": "kg"}, "value": 0.5031747368421052}, {"@type": "ImpactFactor", "flow": {"@type": "Flow", "@id": "484ed6f3-2f95-31af-a985-e8cfb613e19c"}, "flowProperty": {"@type": "FlowProperty", "@id": "93a60a56-a3c8-11da-a746-0800200b9a66", "name": "Mass"}, "unit": {"@type": "Unit", "@id": "20aadc24-a391-41cf-b340-3e4529f44bde", "name": "kg"}, "value": 0.5031747368421052}, {"@type": "ImpactFactor", "flow": {"@type": "Flow", "@id": "c2c9c2f4-408e-3fea-9e16-5c972e3995d3"}, "flowProperty": {"@type": "FlowProperty", "@id": "93a60a56-a3c8-11da-a746-0800200b9a66", "name": "Mass"}, "unit": {"@type": "Unit", "@id": "20aadc24-a391-41cf-b340-3e4529f44bde", "name": "kg"}, "value": 0.5031747368421052}, {"@type": "ImpactFactor", "flow": {"@type": "Flow", "@id": "2afb42c4-21ef-3786-a170-6880d570db4d"}, "flowProperty": {"@type": "FlowProperty", "@id": "93a60a56-a3c8-11da-a746-0800200b9a66", "name": "Mass"}, "unit": {"@type": "Unit", "@id": "20aadc24-a391-41cf-b340-3e4529f44bde", "name": "kg"}, "value": 0.5031747368421052}, {"@type": "ImpactFactor", "flow": {"@type": "Flow", "@id": "7f2f7f4a-f77f-37f6-9dee-57a66a3aa7f1"}, "flowProperty": {"@type": "FlowProperty", "@id": "93a60a56-a3c8-11da-a746-0800200b9a66", "name": "Mass"}, "unit": {"@type": "Unit", "@id": "20aadc24-a391-41cf-b340-3e4529f44bde", "name": "kg"}, "value": 0.05894736842105268}, {"@type": "ImpactFactor", "flow": {"@type": "Flow", "@id": "309446d7-5385-3da7-92d0-da896937dca2"}, "flowProperty": {"@type": "FlowProperty", "@id": "93a60a56-a3c8-11da-a746-0800200b9a66", "name": "Mass"}, "unit": {"@type": "Unit", "@id": "20aadc24-a391-41cf-b340-3e4529f44bde", "name": "kg"}, "value": 0.05894736842105268}, {"@type": "ImpactFactor", "flow": {"@type": "Flow", "@id": "ccf8d928-9fb9-3d45-ab40-45d4a19fbafc"}, "flowProperty": {"@type": "FlowProperty", "@id": "93a60a56-a3c8-11da-a746-0800200b9a66", "name": "Mass"}, "unit": {"@type": "Unit", "@id": "20aadc24-a391-41cf-b340-3e4529f44bde", "name": "kg"}, "value": 0.05894736842105268}, {"@type": "ImpactFactor", "flow": {"@type": "Flow", "@id": "323bc936-a459-34f9-b551-894301f9fcf8"}, "flowProperty": {"@type": "FlowProperty", "@id": "93a60a56-a3c8-11da-a746-0800200b9a66", "name": "Mass"}, "unit": {"@type": "Unit", "@id": "20aadc24-a391-41cf-b340-3e4529f44bde", "name": "kg"}, "value": 0.05894736842105268}, {"@type": "ImpactFactor", "flow": {"@type": "Flow", "@id": "4d09718a-1e7e-3745-82f7-1f8c93d18cf4"}, "flowProperty": {"@type": "FlowProperty", "@id": "93a60a56-a3c8-11da-a746-0800200b9a66", "name": "Mass"}, "unit": {"@type": "Unit", "@id": "20aadc24-a391-41cf-b340-3e4529f44bde", "name": "kg"}, "value": 0.05894736842105268}, {"@type": "ImpactFactor", "flow": {"@type": "Flow", "@id": "4459c0ae-476c-3dad-a755-fa7ec8ad10c0"}, "flowProperty": {"@type": "FlowProperty", "@id": "93a60a56-a3c8-11da-a746-0800200b9a66", "name": "Mass"}, "unit": {"@type": "Unit", "@id": "20aadc24-a391-41cf-b340-3e4529f44bde", "name": "kg"}, "value": 0.05894736842105268}, {"@type": "ImpactFactor", "flow": {"@type": "Flow", "@id": "6d7d2165-39d3-3cef-bb37-bf1edcabaa50"}, "flowProperty": {"@type": "FlowProperty", "@id": "93a60a56-a3c8-11da-a746-0800200b9a66", "name": "Mass"}, "unit": {"@type": "Unit", "@id": "20aadc24-a391-41cf-b340-3e4529f44bde", "name": "kg"}, "value": 0.05894736842105268}, {"@type": "ImpactFactor", "flow": {"@type": "Flow", "@id": "6ba3519e-7554-3cf0-b2c2-b78d5cee825c"}, "flowProperty": {"@type": "FlowProperty", "@id": "93a60a56-a3c8-11da-a746-0800200b9a66", "name": "Mass"}, "unit": {"@type": "Unit", "@id": "20aadc24-a391-41cf-b340-3e4529f44bde", "name": "kg"}, "value": 0.05894736842105268}, {"@type": "ImpactFactor", "flow": {"@type": "Flow", "@id": "5eb34391-60d9-3c8e-ae2f-a2fe29933b26"}, "flowProperty": {"@type": "FlowProperty", "@id": "93a60a56-a3c8-11da-a746-0800200b9a66", "name": "Mass"}, "unit": {"@type": "Unit", "@id": "20aadc24-a391-41cf-b340-3e4529f44bde", "name": "kg"}, "value": 0.05894736842105268}, {"@type": "ImpactFactor", "flow": {"@type": "Flow", "@id": "89625e73-f950-312e-a729-a61af5200302"}, "flowProperty": {"@type": "FlowProperty", "@id": "93a60a56-a3c8-11da-a746-0800200b9a66", "name": "Mass"}, "unit": {"@type": "Unit", "@id": "20aadc24-a391-41cf-b340-3e4529f44bde", "name": "kg"}, "value": 0.05894736842105268}, {"@type": "ImpactFactor", "flow": {"@type": "Flow", "@id": "597bcc1a-18a0-3aa8-8efa-83767f3aa501"}, "flowProperty": {"@type": "FlowProperty", "@id": "93a60a56-a3c8-11da-a746-0800200b9a66", "name": "Mass"}, "unit": {"@type": "Unit", "@id": "20aadc24-a391-41cf-b340-3e4529f44bde", "name": "kg"}, "value": 0.05894736842105268}, {"@type": "ImpactFactor", "flow": {"@type": "Flow", "@id": "905b9ea4-4153-30cd-ae7f-731aa09888b5"}, "flowProperty": {"@type": "FlowProperty", "@id": "93a60a56-a3c8-11da-a746-0800200b9a66", "name": "Mass"}, "unit": {"@type": "Unit", "@id": "20aadc24-a391-41cf-b340-3e4529f44bde", "name": "kg"}, "value": 0.05894736842105268}, {"@type": "ImpactFactor", "flow": {"@type": "Flow", "@id": "446f5a78-b382-32ad-ab88-5b35bb95cd2f"}, "flowProperty": {"@type": "FlowProperty", "@id": "93a60a56-a3c8-11da-a746-0800200b9a66", "name": "Mass"}, "unit": {"@type": "Unit", "@id": "20aadc24-a391-41cf-b340-3e4529f44bde", "name": "kg"}, "value": 0.05894736842105268}, {"@type": "ImpactFactor", "flow": {"@type": "Flow", "@id": "e516ff4c-3bea-3b7a-8a36-03f1cea42c1c"}, "flowProperty": {"@type": "FlowProperty", "@id": "93a60a56-a3c8-11da-a746-0800200b9a66", "name": "Mass"}, "unit": {"@type": "Unit", "@id": "20aadc24-a391-41cf-b340-3e4529f44bde", "name": "kg"}, "value": 0.05894736842105268}, {"@type": "ImpactFactor", "flow": {"@type": "Flow", "@id": "5a0e9df8-ca35-3f49-a02d-70b8ca9aa861"}, "flowProperty": {"@type": "FlowProperty", "@id": "93a60a56-a3c8-11da-a746-0800200b9a66", "name": "Mass"}, "unit": {"@type": "Unit", "@id": "20aadc24-a391-41cf-b340-3e4529f44bde", "name": "kg"}, "value": 0.05894736842105268}, {"@type": "ImpactFactor", "flow": {"@type": "Flow", "@id": "a5c6ed68-6dba-3f3f-9883-3ceb4460c1b6"}, "flowProperty": {"@type": "FlowProperty", "@id": "93a60a56-a3c8-11da-a746-0800200b9a66", "name": "Mass"}, "unit": {"@type": "Unit", "@id": "20aadc24-a391-41cf-b340-3e4529f44bde", "name": "kg"}, "value": 0.3025964912280704}, {"@type": "ImpactFactor", "flow": {"@type": "Flow", "@id": "543468ac-ef4d-3479-bfa1-62ee84ef3f89"}, "flowProperty": {"@type": "FlowProperty", "@id": "93a60a56-a3c8-11da-a746-0800200b9a66", "name": "Mass"}, "unit": {"@type": "Unit", "@id": "20aadc24-a391-41cf-b340-3e4529f44bde", "name": "kg"}, "value": 0.3025964912280704}, {"@type": "ImpactFactor", "flow": {"@type": "Flow", "@id": "069cf480-0ddd-324c-8026-5787301176c3"}, "flowProperty": {"@type": "FlowProperty", "@id": "93a60a56-a3c8-11da-a746-0800200b9a66", "name": "Mass"}, "unit": {"@type": "Unit", "@id": "20aadc24-a391-41cf-b340-3e4529f44bde", "name": "kg"}, "value": 0.3025964912280704}, {"@type": "ImpactFactor", "flow": {"@type": "Flow", "@id": "7c684892-121f-3265-857a-51e8c9cdb901"}, "flowProperty": {"@type": "FlowProperty", "@id": "93a60a56-a3c8-11da-a746-0800200b9a66", "name": "Mass"}, "unit": {"@type": "Unit", "@id": "20aadc24-a391-41cf-b340-3e4529f44bde", "name": "kg"}, "value": 0.3025964912280704}, {"@type": "ImpactFactor", "flow": {"@type": "Flow", "@id": "9ea2dabe-b439-3fcc-a0ce-facc3c70c5f4"}, "flowProperty": {"@type": "FlowProperty", "@id": "93a60a56-a3c8-11da-a746-0800200b9a66", "name": "Mass"}, "unit": {"@type": "Unit", "@id": "20aadc24-a391-41cf-b340-3e4529f44bde", "name": "kg"}, "value": 0.3025964912280704}, {"@type": "ImpactFactor", "flow": {"@type": "Flow", "@id": "b0988a5f-36b1-3d19-9145-e0f511bcb30c"}, "flowProperty": {"@type": "FlowProperty", "@id": "93a60a56-a3c8-11da-a746-0800200b9a66", "name": "Mass"}, "unit": {"@type": "Unit", "@id": "20aadc24-a391-41cf-b340-3e4529f44bde", "name": "kg"}, "value": 0.3025964912280704}, {"@type": "ImpactFactor", "flow": {"@type": "Flow", "@id": "6b1a903f-0640-3555-877e-63081d9f60cc"}, "flowProperty": {"@type": "FlowProperty", "@id": "93a60a56-a3c8-11da-a746-0800200b9a66", "name": "Mass"}, "unit": {"@type": "Unit", "@id": "20aadc24-a391-41cf-b340-3e4529f44bde", "name": "kg"}, "value": 0.3025964912280704}, {"@type": "ImpactFactor", "flow": {"@type": "Flow", "@id": "81a88b9a-4d19-36d2-8ffe-f9cb1be42403"}, "flowProperty": {"@type": "FlowProperty", "@id": "93a60a56-a3c8-11da-a746-0800200b9a66", "name": "Mass"}, "unit": {"@type": "Unit", "@id": "20aadc24-a391-41cf-b340-3e4529f44bde", "name": "kg"}, "value": 0.038400000000000004}, {"@type": "ImpactFactor", "flow": {"@type": "Flow", "@id": "ed8b335f-cf8b-3e50-97d5-3294b0138ea9"}, "flowProperty": {"@type": "FlowProperty", "@id": "93a60a56-a3c8-11da-a746-0800200b9a66", "name": "Mass"}, "unit": {"@type": "Unit", "@id": "20aadc24-a391-41cf-b340-3e4529f44bde", "name": "kg"}, "value": 0.038400000000000004}, {"@type": "ImpactFactor", "flow": {"@type": "Flow", "@id": "29b194c8-c966-3883-a5ea-2a7f4e036baa"}, "flowProperty": {"@type": "FlowProperty", "@id": "93a60a56-a3c8-11da-a746-0800200b9a66", "name": "Mass"}, "unit": {"@type": "Unit", "@id": "20aadc24-a391-41cf-b340-3e4529f44bde", "name": "kg"}, "value": 0.038400000000000004}, {"@type": "ImpactFactor", "flow": {"@type": "Flow", "@id": "513b630c-7d2e-306d-a4ec-411907b02e5a"}, "flowProperty": {"@type": "FlowProperty", "@id": "93a60a56-a3c8-11da-a746-0800200b9a66", "name": "Mass"}, "unit": {"@type": "Unit", "@id": "20aadc24-a391-41cf-b340-3e4529f44bde", "name": "kg"}, "value": 0.038400000000000004}, {"@type": "ImpactFactor", "flow": {"@type": "Flow", "@id": "dabde7cb-a403-3e69-837f-1498091550b9"}, "flowProperty": {"@type": "FlowProperty", "@id": "93a60a56-a3c8-11da-a746-0800200b9a66", "name": "Mass"}, "unit": {"@type": "Unit", "@id": "20aadc24-a391-41cf-b340-3e4529f44bde", "name": "kg"}, "value": 0.038400000000000004}, {"@type": "ImpactFactor", "flow": {"@type": "Flow", "@id": "b96baa53-5176-3ac8-8c18-e46ac4457328"}, "flowProperty": {"@type": "FlowProperty", "@id": "93a60a56-a3c8-11da-a746-0800200b9a66", "name": "Mass"}, "unit": {"@type": "Unit", "@id": "20aadc24-a391-41cf-b340-3e4529f44bde", "name": "kg"}, "value": 0.038400000000000004}, {"@type": "ImpactFactor", "flow": {"@type": "Flow", "@id": "0e69c553-38dc-3f97-901d-338331798080"}, "flowProperty": {"@type": "FlowProperty", "@id": "93a60a56-a3c8-11da-a746-0800200b9a66", "name": "Mass"}, "unit": {"@type": "Unit", "@id": "20aadc24-a391-41cf-b340-3e4529f44bde", "name": "kg"}, "value": 0.038400000000000004}, {"@type": "ImpactFactor", "flow": {"@type": "Flow", "@id": "5f034343-149e-33fc-ae65-3505cdebd601"}, "flowProperty": {"@type": "FlowProperty", "@id": "93a60a56-a3c8-11da-a746-0800200b9a66", "name": "Mass"}, "unit": {"@type": "Unit", "@id": "20aadc24-a391-41cf-b340-3e4529f44bde", "name": "kg"}, "value": 0.038400000000000004}, {"@type": "ImpactFactor", "flow": {"@type": "Flow", "@id": "832c48be-8f66-3e12-976c-08936483608d"}, "flowProperty": {"@type": "FlowProperty", "@id": "93a60a56-a3c8-11da-a746-0800200b9a66", "name": "Mass"}, "unit": {"@type": "Unit", "@id": "20aadc24-a391-41cf-b340-3e4529f44bde", "name": "kg"}, "value": 0.038400000000000004}, {"@type": "ImpactFactor", "flow": {"@type": "Flow", "@id": "46c5fe0c-69da-34cf-ae9b-d23bc92d152f"}, "flowProperty": {"@type": "FlowProperty", "@id": "93a60a56-a3c8-11da-a746-0800200b9a66", "name": "Mass"}, "unit": {"@type": "Unit", "@id": "20aadc24-a391-41cf-b340-3e4529f44bde", "name": "kg"}, "value": 0.038400000000000004}, {"@type": "ImpactFactor", "flow": {"@type": "Flow", "@id": "8d046f5d-fb85-39b8-8a5b-6e113edd2214"}, "flowProperty": {"@type": "FlowProperty", "@id": "93a60a56-a3c8-11da-a746-0800200b9a66", "name": "Mass"}, "unit": {"@type": "Unit", "@id": "20aadc24-a391-41cf-b340-3e4529f44bde", "name": "kg"}, "value": 0.038400000000000004}, {"@type": "ImpactFactor", "flow": {"@type": "Flow", "@id": "74a75cdc-c5f9-30af-8472-7ff05fe74778"}, "flowProperty": {"@type": "FlowProperty", "@id": "93a60a56-a3c8-11da-a746-0800200b9a66", "name": "Mass"}, "unit": {"@type": "Unit", "@id": "20aadc24-a391-41cf-b340-3e4529f44bde", "name": "kg"}, "value": 0.038400000000000004}, {"@type": "ImpactFactor", "flow": {"@type": "Flow", "@id": "ab5d0d24-9503-3423-b44d-a13ca54df746"}, "flowProperty": {"@type": "FlowProperty", "@id": "93a60a56-a3c8-11da-a746-0800200b9a66", "name": "Mass"}, "unit": {"@type": "Unit", "@id": "20aadc24-a391-41cf-b340-3e4529f44bde", "name": "kg"}, "value": 0.038400000000000004}, {"@type": "ImpactFactor", "flow": {"@type": "Flow", "@id": "902a02c9-487a-3cd4-9e21-e67b310ec00d"}, "flowProperty": {"@type": "FlowProperty", "@id": "93a60a56-a3c8-11da-a746-0800200b9a66", "name": "Mass"}, "unit": {"@type": "Unit", "@id": "20aadc24-a391-41cf-b340-3e4529f44bde", "name": "kg"}, "value": 0.038400000000000004}, {"@type": "ImpactFactor", "flow": {"@type": "Flow", "@id": "70debb10-2bea-3f5a-80ab-23651e3e6744"}, "flowProperty": {"@type": "FlowProperty", "@id": "93a60a56-a3c8-11da-a746-0800200b9a66", "name": "Mass"}, "unit": {"@type": "Unit", "@id": "20aadc24-a391-41cf-b340-3e4529f44bde", "name": "kg"}, "value": 0.038400000000000004}, {"@type": "ImpactFactor", "flow": {"@type": "Flow", "@id": "8f625af9-5708-3afc-8a7d-25d0a62b33dd"}, "flowProperty": {"@type": "FlowProperty", "@id": "93a60a56-a3c8-11da-a746-0800200b9a66", "name": "Mass"}, "unit": {"@type": "Unit", "@id": "20aadc24-a391-41cf-b340-3e4529f44bde", "name": "kg"}, "value": 0.19712}, {"@type": "ImpactFactor", "flow": {"@type": "Flow", "@id": "457a28ab-4444-3573-b694-19e7cfb58ddc"}, "flowProperty": {"@type": "FlowProperty", "@id": "93a60a56-a3c8-11da-a746-0800200b9a66", "name": "Mass"}, "unit": {"@type": "Unit", "@id": "20aadc24-a391-41cf-b340-3e4529f44bde", "name": "kg"}, "value": 0.19712}, {"@type": "ImpactFactor", "flow": {"@type": "Flow", "@id": "f97dab3a-48d6-3437-9d19-b76c5926f767"}, "flowProperty": {"@type": "FlowProperty", "@id": "93a60a56-a3c8-11da-a746-0800200b9a66", "name": "Mass"}, "unit": {"@type": "Unit", "@id": "20aadc24-a391-41cf-b340-3e4529f44bde", "name": "kg"}, "value": 0.19712}, {"@type": "ImpactFactor", "flow": {"@type": "Flow", "@id": "9530e2e0-0c8a-3e2f-b070-de1875a2647f"}, "flowProperty": {"@type": "FlowProperty", "@id": "93a60a56-a3c8-11da-a746-0800200b9a66", "name": "Mass"}, "unit": {"@type": "Unit", "@id": "20aadc24-a391-41cf-b340-3e4529f44bde", "name": "kg"}, "value": 0.19712}, {"@type": "ImpactFactor", "flow": {"@type": "Flow", "@id": "60505053-0b59-37eb-9067-32f40e20a722"}, "flowProperty": {"@type": "FlowProperty", "@id": "93a60a56-a3c8-11da-a746-0800200b9a66", "name": "Mass"}, "unit": {"@type": "Unit", "@id": "20aadc24-a391-41cf-b340-3e4529f44bde", "name": "kg"}, "value": 0.19712}, {"@type": "ImpactFactor", "flow": {"@type": "Flow", "@id": "fcefc66c-e469-3c2e-ad84-4a207ba84cd0"}, "flowProperty": {"@type": "FlowProperty", "@id": "93a60a56-a3c8-11da-a746-0800200b9a66", "name": "Mass"}, "unit": {"@type": "Unit", "@id": "20aadc24-a391-41cf-b340-3e4529f44bde", "name": "kg"}, "value": 0.19712}, {"@type": "ImpactFactor", "flow": {"@type": "Flow", "@id": "0581ecf8-9010-35af-abf0-f737721eedd5"}, "flowProperty": {"@type": "FlowProperty", "@id": "93a60a56-a3c8-11da-a746-0800200b9a66", "name": "Mass"}, "unit": {"@type": "Unit", "@id": "20aadc24-a391-41cf-b340-3e4529f44bde", "name": "kg"}, "value": 0.19712}, {"@type": "ImpactFactor", "flow": {"@type": "Flow", "@id": "d6d40356-2c5c-3ae0-89a9-fec2a41f07b2"}, "flowProperty": {"@type": "FlowProperty", "@id": "93a60a56-a3c8-11da-a746-0800200b9a66", "name": "Mass"}, "unit": {"@type": "Unit", "@id": "20aadc24-a391-41cf-b340-3e4529f44bde", "name": "kg"}, "value": 0.028547368421052634}, {"@type": "ImpactFactor", "flow": {"@type": "Flow", "@id": "1ec209ef-0fc3-3037-9680-37eb6559d95e"}, "flowProperty": {"@type": "FlowProperty", "@id": "93a60a56-a3c8-11da-a746-0800200b9a66", "name": "Mass"}, "unit": {"@type": "Unit", "@id": "20aadc24-a391-41cf-b340-3e4529f44bde", "name": "kg"}, "value": 0.028547368421052634}, {"@type": "ImpactFactor", "flow": {"@type": "Flow", "@id": "a51ca738-8b24-376d-b3c3-90131ae60e66"}, "flowProperty": {"@type": "FlowProperty", "@id": "93a60a56-a3c8-11da-a746-0800200b9a66", "name": "Mass"}, "unit": {"@type": "Unit", "@id": "20aadc24-a391-41cf-b340-3e4529f44bde", "name": "kg"}, "value": 0.028547368421052634}, {"@type": "ImpactFactor", "flow": {"@type": "Flow", "@id": "5dd4c15e-311b-32cf-97df-f5065f89194f"}, "flowProperty": {"@type": "FlowProperty", "@id": "93a60a56-a3c8-11da-a746-0800200b9a66", "name": "Mass"}, "unit": {"@type": "Unit", "@id": "20aadc24-a391-41cf-b340-3e4529f44bde", "name": "kg"}, "value": 0.028547368421052634}, {"@type": "ImpactFactor", "flow": {"@type": "Flow", "@id": "58a1bd85-c482-3221-b7f8-0f83adcb78b8"}, "flowProperty": {"@type": "FlowProperty", "@id": "93a60a56-a3c8-11da-a746-0800200b9a66", "name": "Mass"}, "unit": {"@type": "Unit", "@id": "20aadc24-a391-41cf-b340-3e4529f44bde", "name": "kg"}, "value": 0.028547368421052634}, {"@type": "ImpactFactor", "flow": {"@type": "Flow", "@id": "25487709-0f87-3125-93da-0bd8099666a5"}, "flowProperty": {"@type": "FlowProperty", "@id": "93a60a56-a3c8-11da-a746-0800200b9a66", "name": "Mass"}, "unit": {"@type": "Unit", "@id": "20aadc24-a391-41cf-b340-3e4529f44bde", "name": "kg"}, "value": 0.028547368421052634}, {"@type": "ImpactFactor", "flow": {"@type": "Flow", "@id": "f7d883b4-6e8b-3344-986b-3cb9ba49e999"}, "flowProperty": {"@type": "FlowProperty", "@id": "93a60a56-a3c8-11da-a746-0800200b9a66", "name": "Mass"}, "unit": {"@type": "Unit", "@id": "20aadc24-a391-41cf-b340-3e4529f44bde", "name": "kg"}, "value": 0.028547368421052634}, {"@type": "ImpactFactor", "flow": {"@type": "Flow", "@id": "d474e99a-03e0-3dd8-9299-2b0d6bceeee9"}, "flowProperty": {"@type": "FlowProperty", "@id": "93a60a56-a3c8-11da-a746-0800200b9a66", "name": "Mass"}, "unit": {"@type": "Unit", "@id": "20aadc24-a391-41cf-b340-3e4529f44bde", "name": "kg"}, "value": 0.028547368421052634}, {"@type": "ImpactFactor", "flow": {"@type": "Flow", "@id": "66a1023f-6286-338d-b9d7-f46cb3fb5bac"}, "flowProperty": {"@type": "FlowProperty", "@id": "93a60a56-a3c8-11da-a746-0800200b9a66", "name": "Mass"}, "unit": {"@type": "Unit", "@id": "20aadc24-a391-41cf-b340-3e4529f44bde", "name": "kg"}, "value": 0.028547368421052634}, {"@type": "ImpactFactor", "flow": {"@type": "Flow", "@id": "fee1d714-9637-3a6a-92cd-16325e55f6c6"}, "flowProperty": {"@type": "FlowProperty", "@id": "93a60a56-a3c8-11da-a746-0800200b9a66", "name": "Mass"}, "unit": {"@type": "Unit", "@id": "20aadc24-a391-41cf-b340-3e4529f44bde", "name": "kg"}, "value": 0.028547368421052634}, {"@type": "ImpactFactor", "flow": {"@type": "Flow", "@id": "44a4db55-523a-3b53-b5b8-4c89202c88aa"}, "flowProperty": {"@type": "FlowProperty", "@id": "93a60a56-a3c8-11da-a746-0800200b9a66", "name": "Mass"}, "unit": {"@type": "Unit", "@id": "20aadc24-a391-41cf-b340-3e4529f44bde", "name": "kg"}, "value": 0.028547368421052634}, {"@type": "ImpactFactor", "flow": {"@type": "Flow", "@id": "caaa7ff4-24d9-3996-85f6-0f2f32dd3426"}, "flowProperty": {"@type": "FlowProperty", "@id": "93a60a56-a3c8-11da-a746-0800200b9a66", "name": "Mass"}, "unit": {"@type": "Unit", "@id": "20aadc24-a391-41cf-b340-3e4529f44bde", "name": "kg"}, "value": 0.028547368421052634}, {"@type": "ImpactFactor", "flow": {"@type": "Flow", "@id": "925d6f23-3b28-3fc1-80d5-1b24a9d12f58"}, "flowProperty": {"@type": "FlowProperty", "@id": "93a60a56-a3c8-11da-a746-0800200b9a66", "name": "Mass"}, "unit": {"@type": "Unit", "@id": "20aadc24-a391-41cf-b340-3e4529f44bde", "name": "kg"}, "value": 0.028547368421052634}, {"@type": "ImpactFactor", "flow": {"@type": "Flow", "@id": "075ba172-a9da-39fd-8498-a094da173e74"}, "flowProperty": {"@type": "FlowProperty", "@id": "93a60a56-a3c8-11da-a746-0800200b9a66", "name": "Mass"}, "unit": {"@type": "Unit", "@id": "20aadc24-a391-41cf-b340-3e4529f44bde", "name": "kg"}, "value": 0.028547368421052634}, {"@type": "ImpactFactor", "flow": {"@type": "Flow", "@id": "f51920e7-3b68-37fa-8761-3ceb282cf374"}, "flowProperty": {"@type": "FlowProperty", "@id": "93a60a56-a3c8-11da-a746-0800200b9a66", "name": "Mass"}, "unit": {"@type": "Unit", "@id": "20aadc24-a391-41cf-b340-3e4529f44bde", "name": "kg"}, "value": 0.028547368421052634}, {"@type": "ImpactFactor", "flow": {"@type": "Flow", "@id": "3230c80d-60de-3e6c-9fe9-b4b3b99555c6"}, "flowProperty": {"@type": "FlowProperty", "@id": "93a60a56-a3c8-11da-a746-0800200b9a66", "name": "Mass"}, "unit": {"@type": "Unit", "@id": "20aadc24-a391-41cf-b340-3e4529f44bde", "name": "kg"}, "value": 0.14654315789473685}, {"@type": "ImpactFactor", "flow": {"@type": "Flow", "@id": "46efa2b7-ba8a-31ec-93c0-e35c7b59b6b8"}, "flowProperty": {"@type": "FlowProperty", "@id": "93a60a56-a3c8-11da-a746-0800200b9a66", "name": "Mass"}, "unit": {"@type": "Unit", "@id": "20aadc24-a391-41cf-b340-3e4529f44bde", "name": "kg"}, "value": 0.14654315789473685}, {"@type": "ImpactFactor", "flow": {"@type": "Flow", "@id": "9ec8d030-8d0a-306a-b87b-0dc909c0f290"}, "flowProperty": {"@type": "FlowProperty", "@id": "93a60a56-a3c8-11da-a746-0800200b9a66", "name": "Mass"}, "unit": {"@type": "Unit", "@id": "20aadc24-a391-41cf-b340-3e4529f44bde", "name": "kg"}, "value": 0.14654315789473685}, {"@type": "ImpactFactor", "flow": {"@type": "Flow", "@id": "e04a88a1-7fa2-3576-abfe-4c8a52602438"}, "flowProperty": {"@type": "FlowProperty", "@id": "93a60a56-a3c8-11da-a746-0800200b9a66", "name": "Mass"}, "unit": {"@type": "Unit", "@id": "20aadc24-a391-41cf-b340-3e4529f44bde", "name": "kg"}, "value": 0.14654315789473685}, {"@type": "ImpactFactor", "flow": {"@type": "Flow", "@id": "12d7763c-e512-3222-b3cd-c9971e1d00e5"}, "flowProperty": {"@type": "FlowProperty", "@id": "93a60a56-a3c8-11da-a746-0800200b9a66", "name": "Mass"}, "unit": {"@type": "Unit", "@id": "20aadc24-a391-41cf-b340-3e4529f44bde", "name": "kg"}, "value": 0.14654315789473685}, {"@type": "ImpactFactor", "flow": {"@type": "Flow", "@id": "56b1cb58-93a1-3467-bd2b-7c36e46936dc"}, "flowProperty": {"@type": "FlowProperty", "@id": "93a60a56-a3c8-11da-a746-0800200b9a66", "name": "Mass"}, "unit": {"@type": "Unit", "@id": "20aadc24-a391-41cf-b340-3e4529f44bde", "name": "kg"}, "value": 0.14654315789473685}, {"@type": "ImpactFactor", "flow": {"@type": "Flow", "@id": "8f0be7b1-b751-3965-ada2-580dfdf1c21a"}, "flowProperty": {"@type": "FlowProperty", "@id": "93a60a56-a3c8-11da-a746-0800200b9a66", "name": "Mass"}, "unit": {"@type": "Unit", "@id": "20aadc24-a391-41cf-b340-3e4529f44bde", "name": "kg"}, "value": 0.14654315789473685}, {"@type": "ImpactFactor", "flow": {"@type": "Flow", "@id": "7c156723-a2f6-37dd-b91e-2935790c8880"}, "flowProperty": {"@type": "FlowProperty", "@id": "93a60a56-a3c8-11da-a746-0800200b9a66", "name": "Mass"}, "unit": {"@type": "Unit", "@id": "20aadc24-a391-41cf-b340-3e4529f44bde", "name": "kg"}, "value": 0.038400000000000004}, {"@type": "ImpactFactor", "flow": {"@type": "Flow", "@id": "38254e79-a93b-3a36-ac7d-b78f565e65e7"}, "flowProperty": {"@type": "FlowProperty", "@id": "93a60a56-a3c8-11da-a746-0800200b9a66", "name": "Mass"}, "unit": {"@type": "Unit", "@id": "20aadc24-a391-41cf-b340-3e4529f44bde", "name": "kg"}, "value": 0.038400000000000004}, {"@type": "ImpactFactor", "flow": {"@type": "Flow", "@id": "05a6f3df-1928-3103-bcac-9034bd38bc2d"}, "flowProperty": {"@type": "FlowProperty", "@id": "93a60a56-a3c8-11da-a746-0800200b9a66", "name": "Mass"}, "unit": {"@type": "Unit", "@id": "20aadc24-a391-41cf-b340-3e4529f44bde", "name": "kg"}, "value": 0.038400000000000004}, {"@type": "ImpactFactor", "flow": {"@type": "Flow", "@id": "42603569-8637-324e-9823-071fd0ea3de6"}, "flowProperty": {"@type": "FlowProperty", "@id": "93a60a56-a3c8-11da-a746-0800200b9a66", "name": "Mass"}, "unit": {"@type": "Unit", "@id": "20aadc24-a391-41cf-b340-3e4529f44bde", "name": "kg"}, "value": 0.038400000000000004}, {"@type": "ImpactFactor", "flow": {"@type": "Flow", "@id": "960b76db-f277-390c-a8e1-3fd1d5babb42"}, "flowProperty": {"@type": "FlowProperty", "@id": "93a60a56-a3c8-11da-a746-0800200b9a66", "name": "Mass"}, "unit": {"@type": "Unit", "@id": "20aadc24-a391-41cf-b340-3e4529f44bde", "name": "kg"}, "value": 0.038400000000000004}, {"@type": "ImpactFactor", "flow": {"@type": "Flow", "@id": "b532aa6d-3b61-31ec-b932-3c95bd278a3a"}, "flowProperty": {"@type": "FlowProperty", "@id": "93a60a56-a3c8-11da-a746-0800200b9a66", "name": "Mass"}, "unit": {"@type": "Unit", "@id": "20aadc24-a391-41cf-b340-3e4529f44bde", "name": "kg"}, "value": 0.038400000000000004}, {"@type": "ImpactFactor", "flow": {"@type": "Flow", "@id": "de8d71cf-4094-3d5a-a1ef-2c53883c4fbd"}, "flowProperty": {"@type": "FlowProperty", "@id": "93a60a56-a3c8-11da-a746-0800200b9a66", "name": "Mass"}, "unit": {"@type": "Unit", "@id": "20aadc24-a391-41cf-b340-3e4529f44bde", "name": "kg"}, "value": 0.038400000000000004}, {"@type": "ImpactFactor", "flow": {"@type": "Flow", "@id": "dd9de34f-5d22-31f6-b58f-561df72a042b"}, "flowProperty": {"@type": "FlowProperty", "@id": "93a60a56-a3c8-11da-a746-0800200b9a66", "name": "Mass"}, "unit": {"@type": "Unit", "@id": "20aadc24-a391-41cf-b340-3e4529f44bde", "name": "kg"}, "value": 0.038400000000000004}, {"@type": "ImpactFactor", "flow": {"@type": "Flow", "@id": "f5a1c14e-9638-3756-8894-2730c9d43d35"}, "flowProperty": {"@type": "FlowProperty", "@id": "93a60a56-a3c8-11da-a746-0800200b9a66", "name": "Mass"}, "unit": {"@type": "Unit", "@id": "20aadc24-a391-41cf-b340-3e4529f44bde", "name": "kg"}, "value": 0.038400000000000004}, {"@type": "ImpactFactor", "flow": {"@type": "Flow", "@id": "8915c150-72a5-32fa-b382-39478a77a537"}, "flowProperty": {"@type": "FlowProperty", "@id": "93a60a56-a3c8-11da-a746-0800200b9a66", "name": "Mass"}, "unit": {"@type": "Unit", "@id": "20aadc24-a391-41cf-b340-3e4529f44bde", "name": "kg"}, "value": 0.038400000000000004}, {"@type": "ImpactFactor", "flow": {"@type": "Flow", "@id": "2f281f0d-b66b-38b8-bd57-2c52311837f1"}, "flowProperty": {"@type": "FlowProperty", "@id": "93a60a56-a3c8-11da-a746-0800200b9a66", "name": "Mass"}, "unit": {"@type": "Unit", "@id": "20aadc24-a391-41cf-b340-3e4529f44bde", "name": "kg"}, "value": 0.038400000000000004}, {"@type": "ImpactFactor", "flow": {"@type": "Flow", "@id": "a0962ecd-2225-3e56-b287-526c7bb08399"}, "flowProperty": {"@type": "FlowProperty", "@id": "93a60a56-a3c8-11da-a746-0800200b9a66", "name": "Mass"}, "unit": {"@type": "Unit", "@id": "20aadc24-a391-41cf-b340-3e4529f44bde", "name": "kg"}, "value": 0.038400000000000004}, {"@type": "ImpactFactor", "flow": {"@type": "Flow", "@id": "bb4a505f-1b1a-3493-b342-14239724ae34"}, "flowProperty": {"@type": "FlowProperty", "@id": "93a60a56-a3c8-11da-a746-0800200b9a66", "name": "Mass"}, "unit": {"@type": "Unit", "@id": "20aadc24-a391-41cf-b340-3e4529f44bde", "name": "kg"}, "value": 0.038400000000000004}, {"@type": "ImpactFactor", "flow": {"@type": "Flow", "@id": "1549bfb2-89b9-329d-8b52-4ade7c97f91c"}, "flowProperty": {"@type": "FlowProperty", "@id": "93a60a56-a3c8-11da-a746-0800200b9a66", "name": "Mass"}, "unit": {"@type": "Unit", "@id": "20aadc24-a391-41cf-b340-3e4529f44bde", "name": "kg"}, "value": 0.038400000000000004}, {"@type": "ImpactFactor", "flow": {"@type": "Flow", "@id": "c6ff7917-83a9-34ac-b58d-7005109a4a63"}, "flowProperty": {"@type": "FlowProperty", "@id": "93a60a56-a3c8-11da-a746-0800200b9a66", "name": "Mass"}, "unit": {"@type": "Unit", "@id": "20aadc24-a391-41cf-b340-3e4529f44bde", "name": "kg"}, "value": 0.038400000000000004}, {"@type": "ImpactFactor", "flow": {"@type": "Flow", "@id": "1bf8b723-0b50-3c04-af29-93e07f618d16"}, "flowProperty": {"@type": "FlowProperty", "@id": "93a60a56-a3c8-11da-a746-0800200b9a66", "name": "Mass"}, "unit": {"@type": "Unit", "@id": "20aadc24-a391-41cf-b340-3e4529f44bde", "name": "kg"}, "value": 0.19712}, {"@type": "ImpactFactor", "flow": {"@type": "Flow", "@id": "6368cc99-7cfb-3c32-8c1f-e8d2235682a7"}, "flowProperty": {"@type": "FlowProperty", "@id": "93a60a56-a3c8-11da-a746-0800200b9a66", "name": "Mass"}, "unit": {"@type": "Unit", "@id": "20aadc24-a391-41cf-b340-3e4529f44bde", "name": "kg"}, "value": 0.19712}, {"@type": "ImpactFactor", "flow": {"@type": "Flow", "@id": "0b2916c4-7634-388c-a9f0-aaa1157cdacf"}, "flowProperty": {"@type": "FlowProperty", "@id": "93a60a56-a3c8-11da-a746-0800200b9a66", "name": "Mass"}, "unit": {"@type": "Unit", "@id": "20aadc24-a391-41cf-b340-3e4529f44bde", "name": "kg"}, "value": 0.19712}, {"@type": "ImpactFactor", "flow": {"@type": "Flow", "@id": "46915a6a-4134-3be8-a8cd-7c9bde9ed90c"}, "flowProperty": {"@type": "FlowProperty", "@id": "93a60a56-a3c8-11da-a746-0800200b9a66", "name": "Mass"}, "unit": {"@type": "Unit", "@id": "20aadc24-a391-41cf-b340-3e4529f44bde", "name": "kg"}, "value": 0.19712}, {"@type": "ImpactFactor", "flow": {"@type": "Flow", "@id": "7348bffb-7191-393b-94e4-4833d695706b"}, "flowProperty": {"@type": "FlowProperty", "@id": "93a60a56-a3c8-11da-a746-0800200b9a66", "name": "Mass"}, "unit": {"@type": "Unit", "@id": "20aadc24-a391-41cf-b340-3e4529f44bde", "name": "kg"}, "value": 0.19712}, {"@type": "ImpactFactor", "flow": {"@type": "Flow", "@id": "358d16bd-82c9-3541-bc2a-25f0998a0611"}, "flowProperty": {"@type": "FlowProperty", "@id": "93a60a56-a3c8-11da-a746-0800200b9a66", "name": "Mass"}, "unit": {"@type": "Unit", "@id": "20aadc24-a391-41cf-b340-3e4529f44bde", "name": "kg"}, "value": 0.19712}, {"@type": "ImpactFactor", "flow": {"@type": "Flow", "@id": "8d122482-1936-32d5-8815-6d1d898ab71e"}, "flowProperty": {"@type": "FlowProperty", "@id": "93a60a56-a3c8-11da-a746-0800200b9a66", "name": "Mass"}, "unit": {"@type": "Unit", "@id": "20aadc24-a391-41cf-b340-3e4529f44bde", "name": "kg"}, "value": 0.19712}]}