{"@type": "ImpactCategory", "@id": "6e176c4f-4474-3a8b-9223-dc4fdbd972be", "name": "Freshwater eutrophication", "referenceUnitName": "kg P-eq. to freshwater", "impactFactors": [{"@type": "ImpactFactor", "flow": {"@type": "Flow", "@id": "40fc9a0c-f101-3840-96b5-8919b3dc2e79"}, "flowProperty": {"@type": "FlowProperty", "@id": "93a60a56-a3c8-11da-a746-0800200b9a66", "name": "Mass"}, "unit": {"@type": "Unit", "@id": "20aadc24-a391-41cf-b340-3e4529f44bde", "name": "kg"}, "value": 1.0}, {"@type": "ImpactFactor", "flow": {"@type": "Flow", "@id": "1733622b-b54a-3202-8e58-4670a96ef6b3"}, "flowProperty": {"@type": "FlowProperty", "@id": "93a60a56-a3c8-11da-a746-0800200b9a66", "name": "Mass"}, "unit": {"@type": "Unit", "@id": "20aadc24-a391-41cf-b340-3e4529f44bde", "name": "kg"}, "value": 1.0}, {"@type": "ImpactFactor", "flow": {"@type": "Flow", "@id": "28c9eb7b-4066-3566-b12e-28adf6250bfa"}, "flowProperty": {"@type": "FlowProperty", "@id": "93a60a56-a3c8-11da-a746-0800200b9a66", "name": "Mass"}, "unit": {"@type": "Unit", "@id": "20aadc24-a391-41cf-b340-3e4529f44bde", "name": "kg"}, "value": 1.0}, {"@type": "ImpactFactor", "flow": {"@type": "Flow", "@id": "058598d6-0397-3ca8-9eab-1241142e3087"}, "flowProperty": {"@type": "FlowProperty", "@id": "93a60a56-a3c8-11da-a746-0800200b9a66", "name": "Mass"}, "unit": {"@type": "Unit", "@id": "20aadc24-a391-41cf-b340-3e4529f44bde", "name": "kg"}, "value": 1.0}, {"@type": "ImpactFactor", "flow": {"@type": "Flow", "@id": "90dd4e01-8111-3836-bad3-4b34cd1c2f1c"}, "flowProperty": {"@type": "FlowProperty", "@id": "93a60a56-a3c8-11da-a746-0800200b9a66", "name": "Mass"}, "unit": {"@type": "Unit", "@id": "20aadc24-a391-41cf-b340-3e4529f44bde", "name": "kg"}, "value": 1.0}, {"@type": "ImpactFactor", "flow": {"@type": "Flow", "@id": "9a7c4b7f-f99c-3712-88ad-1df70dbc2ac9"}, "flowProperty": {"@type": "FlowProperty", "@id": "93a60a56-a3c8-11da-a746-0800200b9a66", "name": "Mass"}, "unit": {"@type": "Unit", "@id": "20aadc24-a391-41cf-b340-3e4529f44bde", "name": "kg"}, "value": 1.0}, {"@type": "ImpactFactor", "flow": {"@type": "Flow", "@id": "49989506-7b30-3206-9dda-dc677cbed5a0"}, "flowProperty": {"@type": "FlowProperty", "@id": "93a60a56-a3c8-11da-a746-0800200b9a66", "name": "Mass"}, "unit": {"@type": "Unit", "@id": "20aadc24-a391-41cf-b340-3e4529f44bde", "name": "kg"}, "value": 1.0}, {"@type": "ImpactFactor", "flow": {"@type": "Flow", "@id": "aa9a1fa1-fd21-332d-a528-df9cf7428367"}, "flowProperty": {"@type": "FlowProperty", "@id": "93a60a56-a3c8-11da-a746-0800200b9a66", "name": "Mass"}, "unit": {"@type": "Unit", "@id": "20aadc24-a391-41cf-b340-3e4529f44bde", "name": "kg"}, "value": 1.0}, {"@type": "ImpactFactor", "flow": {"@type": "Flow", "@id": "b59e2b5b-59bf-3d68-93fd-804078b5302e"}, "flowProperty": {"@type": "FlowProperty", "@id": "93a60a56-a3c8-11da-a746-0800200b9a66", "name": "Mass"}, "unit": {"@type": "Unit", "@id": "20aadc24-a391-41cf-b340-3e4529f44bde", "name": "kg"}, "value": 1.0}, {"@type": "ImpactFactor", "flow": {"@type": "Flow", "@id": "225827c0-8817-3f99-8a61-a8ce986cc118"}, "flowProperty": {"@type": "FlowProperty", "@id": "93a60a56-a3c8-11da-a746-0800200b9a66", "name": "Mass"}, "unit": {"@type": "Unit", "@id": "20aadc24-a391-41cf-b340-3e4529f44bde", "name": "kg"}, "value": 1.0}, {"@type": "ImpactFactor", "flow": {"@type": "Flow", "@id": "46b5a8cb-1db6-3ce2-b3ba-ec8177dd7080"}, "flowProperty": {"@type": "FlowProperty", "@id": "93a60a56-a3c8-11da-a746-0800200b9a66", "name": "Mass"}, "unit": {"@type": "Unit", "@id": "20aadc24-a391-41cf-b340-3e4529f44bde", "name": "kg"}, "value": 1.0}, {"@type": "ImpactFactor", "flow": {"@type": "Flow", "@id": "1bc880fe-f190-3270-95e4-0d68c5203909"}, "flowProperty": {"@type": "FlowProperty", "@id": "93a60a56-a3c8-11da-a746-0800200b9a66", "name": "Mass"}, "unit": {"@type": "Unit", "@id": "20aadc24-a391-41cf-b340-3e4529f44bde", "name": "kg"}, "value": 1.0}, {"@type": "ImpactFactor", "flow": {"@type": "Flow", "@id": "fa18658d-694c-3a76-aa45-4245a9848ae0"}, "flowProperty": {"@type": "FlowProperty", "@id": "93a60a56-a3c8-11da-a746-0800200b9a66", "name": "Mass"}, "unit": {"@type": "Unit", "@id": "20aadc24-a391-41cf-b340-3e4529f44bde", "name": "kg"}, "value": 0.33}, {"@type": "ImpactFactor", "flow": {"@type": "Flow", "@id": "97a0c2f4-6a88-3db0-bd03-777cdd5eb249"}, "flowProperty": {"@type": "FlowProperty", "@id": "93a60a56-a3c8-11da-a746-0800200b9a66", "name": "Mass"}, "unit": {"@type": "Unit", "@id": "20aadc24-a391-41cf-b340-3e4529f44bde", "name": "kg"}, "value": 0.33}, {"@type": "ImpactFactor", "flow": {"@type": "Flow", "@id": "fca120fd-08eb-3893-86f5-ee70db8fca24"}, "flowProperty": {"@type": "FlowProperty", "@id": "93a60a56-a3c8-11da-a746-0800200b9a66", "name": "Mass"}, "unit": {"@type": "Unit", "@id": "20aadc24-a391-41cf-b340-3e4529f44bde", "name": "kg"}, "value": 0.33}, {"@type": "ImpactFactor", "flow": {"@type": "Flow", "@id": "0a728e21-df70-313e-a51e-4d38b332c081"}, "flowProperty": {"@type": "FlowProperty", "@id": "93a60a56-a3c8-11da-a746-0800200b9a66", "name": "Mass"}, "unit": {"@type": "Unit", "@id": "20aadc24-a391-41cf-b340-3e4529f44bde", "name": "kg"}, "value": 0.33}, {"@type": "ImpactFactor", "flow": {"@type": "Flow", "@id": "359cb5b9-3a90-36d9-8e18-83123dde2be9"}, "flowProperty": {"@type": "FlowProperty", "@id": "93a60a56-a3c8-11da-a746-0800200b9a66", "name": "Mass"}, "unit": {"@type": "Unit", "@id": "20aadc24-a391-41cf-b340-3e4529f44bde", "name": "kg"}, "value": 0.33}, {"@type": "ImpactFactor", "flow": {"@type": "Flow", "@id": "26c50fa9-8ec5-399c-a800-6d3b315a079c"}, "flowProperty": {"@type": "FlowProperty", "@id": "93a60a56-a3c8-11da-a746-0800200b9a66", "name": "Mass"}, "unit": {"@type": "Unit", "@id": "20aadc24-a391-41cf-b340-3e4529f44bde", "name": "kg"}, "value": 0.33}, {"@type": "ImpactFactor", "flow": {"@type": "Flow", "@id": "74878bd4-a04d-3da5-b6a7-efb91a3c5830"}, "flowProperty": {"@type": "FlowProperty", "@id": "93a60a56-a3c8-11da-a746-0800200b9a66", "name": "Mass"}, "unit": {"@type": "Unit", "@id": "20aadc24-a391-41cf-b340-3e4529f44bde", "name": "kg"}, "value": 0.33}, {"@type": "ImpactFactor", "flow": {"@type": "Flow", "@id": "6a718558-b9e0-3399-81ee-2a69f1d3b2e2"}, "flowProperty": {"@type": "FlowProperty", "@id": "93a60a56-a3c8-11da-a746-0800200b9a66", "name": "Mass"}, "unit": {"@type": "Unit", "@id": "20aadc24-a391-41cf-b340-3e4529f44bde", "name": "kg"}, "value": 0.33}, {"@type": "ImpactFactor", "flow": {"@type": "Flow", "@id": "80e6ef5e-0473-343e-867b-0eeb5cc63a02"}, "flowProperty": {"@type": "FlowProperty", "@id": "93a60a56-a3c8-11da-a746-0800200b9a66", "name": "Mass"}, "unit": {"@type": "Unit", "@id": "20aadc24-a391-41cf-b340-3e4529f44bde", "name": "kg"}, "value": 0.33}, {"@type": "ImpactFactor", "flow": {"@type": "Flow", "@id": "fc96f55d-400d-3559-8aaf-af0ae0d1e2f9"}, "flowProperty": {"@type": "FlowProperty", "@id": "93a60a56-a3c8-11da-a746-0800200b9a66", "name": "Mass"}, "unit": {"@type": "Unit", "@id": "20aadc24-a391-41cf-b340-3e4529f44bde", "name": "kg"}, "value": 0.33}, {"@type": "ImpactFactor", "flow": {"@type": "Flow", "@id": "6efbd213-950b-37f8-9ab8-7cdc1b88a13c"}, "flowProperty": {"@type": "FlowProperty", "@id": "93a60a56-a3c8-11da-a746-0800200b9a66", "name": "Mass"}, "unit": {"@type": "Unit", "@id": "20aadc24-a391-41cf-b340-3e4529f44bde", "name": "kg"}, "value": 0.33}, {"@type": "ImpactFactor", "flow": {"@type": "Flow", "@id": "5225a3d1-25a2-3826-b91c-3a980e399b7a"}, "flowProperty": {"@type": "FlowProperty", "@id": "93a60a56-a3c8-11da-a746-0800200b9a66", "name": "Mass"}, "unit": {"@type": "Unit", "@id": "20aadc24-a391-41cf-b340-3e4529f44bde", "name": "kg"}, "value": 0.33}, {"@type": "ImpactFactor", "flow": {"@type": "Flow", "@id": "5276d7d1-8c58-3406-9698-a5d084ac55df"}, "flowProperty": {"@type": "FlowProperty", "@id": "93a60a56-a3c8-11da-a746-0800200b9a66", "name": "Mass"}, "unit": {"@type": "Unit", "@id": "20aadc24-a391-41cf-b340-3e4529f44bde", "name": "kg"}, "value": 0.32}, {"@type": "ImpactFactor", "flow": {"@type": "Flow", "@id": "63e8b1ae-f784-3f6c-83b1-c5fb9a054aa8"}, "flowProperty": {"@type": "FlowProperty", "@id": "93a60a56-a3c8-11da-a746-0800200b9a66", "name": "Mass"}, "unit": {"@type": "Unit", "@id": "20aadc24-a391-41cf-b340-3e4529f44bde", "name": "kg"}, "value": 0.32}, {"@type": "ImpactFactor", "flow": {"@type": "Flow", "@id": "90397e47-f07f-3753-9140-6a1962a4157b"}, "flowProperty": {"@type": "FlowProperty", "@id": "93a60a56-a3c8-11da-a746-0800200b9a66", "name": "Mass"}, "unit": {"@type": "Unit", "@id": "20aadc24-a391-41cf-b340-3e4529f44bde", "name": "kg"}, "value": 0.32}, {"@type": "ImpactFactor", "flow": {"@type": "Flow", "@id": "2ce641a4-a84d-335d-baf5-fadfb2879a0d"}, "flowProperty": {"@type": "FlowProperty", "@id": "93a60a56-a3c8-11da-a746-0800200b9a66", "name": "Mass"}, "unit": {"@type": "Unit", "@id": "20aadc24-a391-41cf-b340-3e4529f44bde", "name": "kg"}, "value": 0.32}, {"@type": "ImpactFactor", "flow": {"@type": "Flow", "@id": "0a86dc3f-8f5e-35d6-9e50-71abed1ee585"}, "flowProperty": {"@type": "FlowProperty", "@id": "93a60a56-a3c8-11da-a746-0800200b9a66", "name": "Mass"}, "unit": {"@type": "Unit", "@id": "20aadc24-a391-41cf-b340-3e4529f44bde", "name": "kg"}, "value": 0.32}, {"@type": "ImpactFactor", "flow": {"@type": "Flow", "@id": "e6b42e10-d2b1-3517-82e4-e3ba422eeafb"}, "flowProperty": {"@type": "FlowProperty", "@id": "93a60a56-a3c8-11da-a746-0800200b9a66", "name": "Mass"}, "unit": {"@type": "Unit", "@id": "20aadc24-a391-41cf-b340-3e4529f44bde", "name": "kg"}, "value": 0.32}, {"@type": "ImpactFactor", "flow": {"@type": "Flow", "@id": "fda083ef-5e97-34b7-961e-58d520b25af8"}, "flowProperty": {"@type": "FlowProperty", "@id": "93a60a56-a3c8-11da-a746-0800200b9a66", "name": "Mass"}, "unit": {"@type": "Unit", "@id": "20aadc24-a391-41cf-b340-3e4529f44bde", "name": "kg"}, "value": 0.32}, {"@type": "ImpactFactor", "flow": {"@type": "Flow", "@id": "61e0db16-0928-3394-93e6-9eadf4edadf8"}, "flowProperty": {"@type": "FlowProperty", "@id": "93a60a56-a3c8-11da-a746-0800200b9a66", "name": "Mass"}, "unit": {"@type": "Unit", "@id": "20aadc24-a391-41cf-b340-3e4529f44bde", "name": "kg"}, "value": 0.32}, {"@type": "ImpactFactor", "flow": {"@type": "Flow", "@id": "d4f88e2c-5953-31a7-b6d1-6771e92c509c"}, "flowProperty": {"@type": "FlowProperty", "@id": "93a60a56-a3c8-11da-a746-0800200b9a66", "name": "Mass"}, "unit": {"@type": "Unit", "@id": "20aadc24-a391-41cf-b340-3e4529f44bde", "name": "kg"}, "value": 0.32}, {"@type": "ImpactFactor", "flow": {"@type": "Flow", "@id": "5b1827c3-02c6-30a9-ad39-4d166ac3d623"}, "flowProperty": {"@type": "FlowProperty", "@id": "93a60a56-a3c8-11da-a746-0800200b9a66", "name": "Mass"}, "unit": {"@type": "Unit", "@id": "20aadc24-a391-41cf-b340-3e4529f44bde", "name": "kg"}, "value": 0.32}, {"@type": "ImpactFactor", "flow": {"@type": "Flow", "@id": "997028f7-7ab9-3115-9ab0-e2d8d12c1743"}, "flowProperty": {"@type": "FlowProperty", "@id": "93a60a56-a3c8-11da-a746-0800200b9a66", "name": "Mass"}, "unit": {"@type": "Unit", "@id": "20aadc24-a391-41cf-b340-3e4529f44bde", "name": "kg"}, "value": 0.32}, {"@type": "ImpactFactor", "flow": {"@type": "Flow", "@id": "72810dbc-d9c9-347e-83a8-98fe93078e8d"}, "flowProperty": {"@type": "FlowProperty", "@id": "93a60a56-a3c8-11da-a746-0800200b9a66", "name": "Mass"}, "unit": {"@type": "Unit", "@id": "20aadc24-a391-41cf-b340-3e4529f44bde", "name": "kg"}, "value": 0.32}, {"@type": "ImpactFactor", "flow": {"@type": "Flow", "@id": "f6d8ead0-3afa-344d-8b84-88c077b88835"}, "flowProperty": {"@type": "FlowProperty", "@id": "93a60a56-a3c8-11da-a746-0800200b9a66", "name": "Mass"}, "unit": {"@type": "Unit", "@id": "20aadc24-a391-41cf-b340-3e4529f44bde", "name": "kg"}, "value": 0.22}, {"@type": "ImpactFactor", "flow": {"@type": "Flow", "@id": "2d9e33c6-c46b-3a9e-a869-ae787ff2dc85"}, "flowProperty": {"@type": "FlowProperty", "@id": "93a60a56-a3c8-11da-a746-0800200b9a66", "name": "Mass"}, "unit": {"@type": "Unit", "@id": "20aadc24-a391-41cf-b340-3e4529f44bde", "name": "kg"}, "value": 0.22}, {"@type": "ImpactFactor", "flow": {"@type": "Flow", "@id": "653564d4-c07d-32cd-ae7a-420f12ccc719"}, "flowProperty": {"@type": "FlowProperty", "@id": "93a60a56-a3c8-11da-a746-0800200b9a66", "name": "Mass"}, "unit": {"@type": "Unit", "@id": "20aadc24-a391-41cf-b340-3e4529f44bde", "name": "kg"}, "value": 0.22}, {"@type": "ImpactFactor", "flow": {"@type": "Flow", "@id": "962116a2-8095-37ee-850c-9afa9d59dcf1"}, "flowProperty": {"@type": "FlowProperty", "@id": "93a60a56-a3c8-11da-a746-0800200b9a66", "name": "Mass"}, "unit": {"@type": "Unit", "@id": "20aadc24-a391-41cf-b340-3e4529f44bde", "name": "kg"}, "value": 0.22}, {"@type": "ImpactFactor", "flow": {"@type": "Flow", "@id": "8ddae190-2b4e-3eec-a125-98642ff3f0a0"}, "flowProperty": {"@type": "FlowProperty", "@id": "93a60a56-a3c8-11da-a746-0800200b9a66", "name": "Mass"}, "unit": {"@type": "Unit", "@id": "20aadc24-a391-41cf-b340-3e4529f44bde", "name": "kg"}, "value": 0.22}, {"@type": "ImpactFactor", "flow": {"@type": "Flow", "@id": "060d3616-2dc4-32ab-a555-98149c23a080"}, "flowProperty": {"@type": "FlowProperty", "@id": "93a60a56-a3c8-11da-a746-0800200b9a66", "name": "Mass"}, "unit": {"@type": "Unit", "@id": "20aadc24-a391-41cf-b340-3e4529f44bde", "name": "kg"}, "value": 0.22}, {"@type": "ImpactFactor", "flow": {"@type": "Flow", "@id": "a16c4247-c697-3df8-bcc8-2cec51a34751"}, "flowProperty": {"@type": "FlowProperty", "@id": "93a60a56-a3c8-11da-a746-0800200b9a66", "name": "Mass"}, "unit": {"@type": "Unit", "@id": "20aadc24-a391-41cf-b340-3e4529f44bde", "name": "kg"}, "value": 0.22}, {"@type": "ImpactFactor", "flow": {"@type": "Flow", "@id": "8d227d41-2687-303f-ba6f-cf240744d429"}, "flowProperty": {"@type": "FlowProperty", "@id": "93a60a56-a3c8-11da-a746-0800200b9a66", "name": "Mass"}, "unit": {"@type": "Unit", "@id": "20aadc24-a391-41cf-b340-3e4529f44bde", "name": "kg"}, "value": 0.22}, {"@type": "ImpactFactor", "flow": {"@type": "Flow", "@id": "f929b7f3-5e58-3c17-b22f-bac19093deef"}, "flowProperty": {"@type": "FlowProperty", "@id": "93a60a56-a3c8-11da-a746-0800200b9a66", "name": "Mass"}, "unit": {"@type": "Unit", "@id": "20aadc24-a391-41cf-b340-3e4529f44bde", "name": "kg"}, "value": 0.22}, {"@type": "ImpactFactor", "flow": {"@type": "Flow", "@id": "4be6b195-3031-3ddc-844b-45080f3a1fb8"}, "flowProperty": {"@type": "FlowProperty", "@id": "93a60a56-a3c8-11da-a746-0800200b9a66", "name": "Mass"}, "unit": {"@type": "Unit", "@id": "20aadc24-a391-41cf-b340-3e4529f44bde", "name": "kg"}, "value": 0.22}, {"@type": "ImpactFactor", "flow": {"@type": "Flow", "@id": "1852eb21-9f1c-35a8-b936-cfce843fa31c"}, "flowProperty": {"@type": "FlowProperty", "@id": "93a60a56-a3c8-11da-a746-0800200b9a66", "name": "Mass"}, "unit": {"@type": "Unit", "@id": "20aadc24-a391-41cf-b340-3e4529f44bde", "name": "kg"}, "value": 0.22}, {"@type": "ImpactFactor", "flow": {"@type": "Flow", "@id": "58ab08f9-c19c-3177-97f6-6639dbedc2df"}, "flowProperty": {"@type": "FlowProperty", "@id": "93a60a56-a3c8-11da-a746-0800200b9a66", "name": "Mass"}, "unit": {"@type": "Unit", "@id": "20aadc24-a391-41cf-b340-3e4529f44bde", "name": "kg"}, "value": 0.22}, {"@type": "ImpactFactor", "flow": {"@type": "Flow", "@id": "9f2b8e30-145b-30c5-a476-dcda99b6376e"}, "flowProperty": {"@type": "FlowProperty", "@id": "93a60a56-a3c8-11da-a746-0800200b9a66", "name": "Mass"}, "unit": {"@type": "Unit", "@id": "20aadc24-a391-41cf-b340-3e4529f44bde", "name": "kg"}, "value": 0.1}, {"@type": "ImpactFactor", "flow": {"@type": "Flow", "@id": "4b046318-8122-3db8-a0d7-ada144b9c5a6"}, "flowProperty": {"@type": "FlowProperty", "@id": "93a60a56-a3c8-11da-a746-0800200b9a66", "name": "Mass"}, "unit": {"@type": "Unit", "@id": "20aadc24-a391-41cf-b340-3e4529f44bde", "name": "kg"}, "value": 0.1}, {"@type": "ImpactFactor", "flow": {"@type": "Flow", "@id": "790ef79f-fdcd-35e3-8164-db611f3b99fd"}, "flowProperty": {"@type": "FlowProperty", "@id": "93a60a56-a3c8-11da-a746-0800200b9a66", "name": "Mass"}, "unit": {"@type": "Unit", "@id": "20aadc24-a391-41cf-b340-3e4529f44bde", "name": "kg"}, "value": 0.1}, {"@type": "ImpactFactor", "flow": {"@type": "Flow", "@id": "74e1e888-2134-345f-b209-ba9abd211b52"}, "flowProperty": {"@type": "FlowProperty", "@id": "93a60a56-a3c8-11da-a746-0800200b9a66", "name": "Mass"}, "unit": {"@type": "Unit", "@id": "20aadc24-a391-41cf-b340-3e4529f44bde", "name": "kg"}, "value": 0.033}, {"@type": "ImpactFactor", "flow": {"@type": "Flow", "@id": "194aa0a0-e1dd-3b4d-a20c-4de1f9a60b77"}, "flowProperty": {"@type": "FlowProperty", "@id": "93a60a56-a3c8-11da-a746-0800200b9a66", "name": "Mass"}, "unit": {"@type": "Unit", "@id": "20aadc24-a391-41cf-b340-3e4529f44bde", "name": "kg"}, "value": 0.033}, {"@type": "ImpactFactor", "flow": {"@type": "Flow", "@id": "73f68726-e128-31af-a58b-b903111c4e36"}, "flowProperty": {"@type": "FlowProperty", "@id": "93a60a56-a3c8-11da-a746-0800200b9a66", "name": "Mass"}, "unit": {"@type": "Unit", "@id": "20aadc24-a391-41cf-b340-3e4529f44bde", "name": "kg"}, "value": 0.033}, {"@type": "ImpactFactor", "flow": {"@type": "Flow", "@id": "fa2af7e4-7590-38f9-a698-5cdd7ebb597d"}, "flowProperty": {"@type": "FlowProperty", "@id": "93a60a56-a3c8-11da-a746-0800200b9a66", "name": "Mass"}, "unit": {"@type": "Unit", "@id": "20aadc24-a391-41cf-b340-3e4529f44bde", "name": "kg"}, "value": 0.032}, {"@type": "ImpactFactor", "flow": {"@type": "Flow", "@id": "2a5b1e11-9a8e-3545-beef-5a2ffe45af7a"}, "flowProperty": {"@type": "FlowProperty", "@id": "93a60a56-a3c8-11da-a746-0800200b9a66", "name": "Mass"}, "unit": {"@type": "Unit", "@id": "20aadc24-a391-41cf-b340-3e4529f44bde", "name": "kg"}, "value": 0.032}, {"@type": "ImpactFactor", "flow": {"@type": "Flow", "@id": "2e9d86c0-fb6c-3939-a462-c7e394ba484d"}, "flowProperty": {"@type": "FlowProperty", "@id": "93a60a56-a3c8-11da-a746-0800200b9a66", "name": "Mass"}, "unit": {"@type": "Unit", "@id": "20aadc24-a391-41cf-b340-3e4529f44bde", "name": "kg"}, "value": 0.032}, {"@type": "ImpactFactor", "flow": {"@type": "Flow", "@id": "992a3980-6ee0-3abf-ba85-b180e8bf8063"}, "flowProperty": {"@type": "FlowProperty", "@id": "93a60a56-a3c8-11da-a746-0800200b9a66", "name": "Mass"}, "unit": {"@type": "Unit", "@id": "20aadc24-a391-41cf-b340-3e4529f44bde", "name": "kg"}, "value": 0.022}, {"@type": "ImpactFactor", "flow": {"@type": "Flow", "@id": "3d7f4999-0459-392c-a510-503f2e1498a0"}, "flowProperty": {"@type": "FlowProperty", "@id": "93a60a56-a3c8-11da-a746-0800200b9a66", "name": "Mass"}, "unit": {"@type": "Unit", "@id": "20aadc24-a391-41cf-b340-3e4529f44bde", "name": "kg"}, "value": 0.022}, {"@type": "ImpactFactor", "flow": {"@type": "Flow", "@id": "fa2ba37e-07ef-39e9-abed-c501d69e8a35"}, "flowProperty": {"@type": "FlowProperty", "@id": "93a60a56-a3c8-11da-a746-0800200b9a66", "name": "Mass"}, "unit": {"@type": "Unit", "@id": "20aadc24-a391-41cf-b340-3e4529f44bde", "name": "kg"}, "value": 0.022}, {"@type": "ImpactFactor", "flow": {"@type": "Flow", "@id": "a068de64-a23b-3f9b-859b-f0e31614fe56"}, "flowProperty": {"@type": "FlowProperty", "@id": "93a60a56-a3c8-11da-a746-0800200b9a66", "name": "Mass"}, "unit": {"@type": "Unit", "@id": "20aadc24-a391-41cf-b340-3e4529f44bde", "name": "kg"}, "value": 0.033}, {"@type": "ImpactFactor", "flow": {"@type": "Flow", "@id": "f7726875-e979-314a-8ce6-cb64950aae67"}, "flowProperty": {"@type": "FlowProperty", "@id": "93a60a56-a3c8-11da-a746-0800200b9a66", "name": "Mass"}, "unit": {"@type": "Unit", "@id": "20aadc24-a391-41cf-b340-3e4529f44bde", "name": "kg"}, "value": 0.033}, {"@type": "ImpactFactor", "flow": {"@type": "Flow", "@id": "417db54e-593f-3090-a57c-a06f01f374a9"}, "flowProperty": {"@type": "FlowProperty", "@id": "93a60a56-a3c8-11da-a746-0800200b9a66", "name": "Mass"}, "unit": {"@type": "Unit", "@id": "20aadc24-a391-41cf-b340-3e4529f44bde", "name": "kg"}, "value": 0.033}, {"@type": "ImpactFactor", "flow": {"@type": "Flow", "@id": "3fff6149-9dbd-30f9-9369-06c4b9995c7a"}, "flowProperty": {"@type": "FlowProperty", "@id": "93a60a56-a3c8-11da-a746-0800200b9a66", "name": "Mass"}, "unit": {"@type": "Unit", "@id": "20aadc24-a391-41cf-b340-3e4529f44bde", "name": "kg"}, "value": 0.033}, {"@type": "ImpactFactor", "flow": {"@type": "Flow", "@id": "3b70ddd0-0eda-33bc-a5bb-3831c9e6694b"}, "flowProperty": {"@type": "FlowProperty", "@id": "93a60a56-a3c8-11da-a746-0800200b9a66", "name": "Mass"}, "unit": {"@type": "Unit", "@id": "20aadc24-a391-41cf-b340-3e4529f44bde", "name": "kg"}, "value": 0.033}, {"@type": "ImpactFactor", "flow": {"@type": "Flow", "@id": "15cbdda2-17f5-3875-a8b4-12a97b637458"}, "flowProperty": {"@type": "FlowProperty", "@id": "93a60a56-a3c8-11da-a746-0800200b9a66", "name": "Mass"}, "unit": {"@type": "Unit", "@id": "20aadc24-a391-41cf-b340-3e4529f44bde", "name": "kg"}, "value": 0.033}, {"@type": "ImpactFactor", "flow": {"@type": "Flow", "@id": "c6785533-c653-3d11-b77f-d04c17982f72"}, "flowProperty": {"@type": "FlowProperty", "@id": "93a60a56-a3c8-11da-a746-0800200b9a66", "name": "Mass"}, "unit": {"@type": "Unit", "@id": "20aadc24-a391-41cf-b340-3e4529f44bde", "name": "kg"}, "value": 0.033}, {"@type": "ImpactFactor", "flow": {"@type": "Flow", "@id": "996ca5b5-c378-3f8e-a2f2-436eeca711f0"}, "flowProperty": {"@type": "FlowProperty", "@id": "93a60a56-a3c8-11da-a746-0800200b9a66", "name": "Mass"}, "unit": {"@type": "Unit", "@id": "20aadc24-a391-41cf-b340-3e4529f44bde", "name": "kg"}, "value": 0.033}, {"@type": "ImpactFactor", "flow": {"@type": "Flow", "@id": "c28c837e-d438-31d9-8c86-633c0455d1e5"}, "flowProperty": {"@type": "FlowProperty", "@id": "93a60a56-a3c8-11da-a746-0800200b9a66", "name": "Mass"}, "unit": {"@type": "Unit", "@id": "20aadc24-a391-41cf-b340-3e4529f44bde", "name": "kg"}, "value": 0.033}, {"@type": "ImpactFactor", "flow": {"@type": "Flow", "@id": "02e63293-ca17-33ba-8134-68b1ca8e3e4c"}, "flowProperty": {"@type": "FlowProperty", "@id": "93a60a56-a3c8-11da-a746-0800200b9a66", "name": "Mass"}, "unit": {"@type": "Unit", "@id": "20aadc24-a391-41cf-b340-3e4529f44bde", "name": "kg"}, "value": 0.033}, {"@type": "ImpactFactor", "flow": {"@type": "Flow", "@id": "baa2eb0e-1e9a-3dbf-9f87-b08af49bc02a"}, "flowProperty": {"@type": "FlowProperty", "@id": "93a60a56-a3c8-11da-a746-0800200b9a66", "name": "Mass"}, "unit": {"@type": "Unit", "@id": "20aadc24-a391-41cf-b340-3e4529f44bde", "name": "kg"}, "value": 0.033}, {"@type": "ImpactFactor", "flow": {"@type": "Flow", "@id": "5acb8de7-a397-3317-8169-c44732281b04"}, "flowProperty": {"@type": "FlowProperty", "@id": "93a60a56-a3c8-11da-a746-0800200b9a66", "name": "Mass"}, "unit": {"@type": "Unit", "@id": "20aadc24-a391-41cf-b340-3e4529f44bde", "name": "kg"}, "value": 0.033}, {"@type": "ImpactFactor", "flow": {"@type": "Flow", "@id": "9b12d6b3-ddb2-3e87-a90c-bfe441b0caaf"}, "flowProperty": {"@type": "FlowProperty", "@id": "93a60a56-a3c8-11da-a746-0800200b9a66", "name": "Mass"}, "unit": {"@type": "Unit", "@id": "20aadc24-a391-41cf-b340-3e4529f44bde", "name": "kg"}, "value": 0.033}, {"@type": "ImpactFactor", "flow": {"@type": "Flow", "@id": "06236960-8606-3a39-a6c7-0a7c2b0854c2"}, "flowProperty": {"@type": "FlowProperty", "@id": "93a60a56-a3c8-11da-a746-0800200b9a66", "name": "Mass"}, "unit": {"@type": "Unit", "@id": "20aadc24-a391-41cf-b340-3e4529f44bde", "name": "kg"}, "value": 0.033}, {"@type": "ImpactFactor", "flow": {"@type": "Flow", "@id": "cc04a380-a56b-397f-a7fb-e1a18271fe25"}, "flowProperty": {"@type": "FlowProperty", "@id": "93a60a56-a3c8-11da-a746-0800200b9a66", "name": "Mass"}, "unit": {"@type": "Unit", "@id": "20aadc24-a391-41cf-b340-3e4529f44bde", "name": "kg"}, "value": 0.033}, {"@type": "ImpactFactor", "flow": {"@type": "Flow", "@id": "882b2995-fdf6-30f5-9d49-c843c434c48a"}, "flowProperty": {"@type": "FlowProperty", "@id": "93a60a56-a3c8-11da-a746-0800200b9a66", "name": "Mass"}, "unit": {"@type": "Unit", "@id": "20aadc24-a391-41cf-b340-3e4529f44bde", "name": "kg"}, "value": 0.33}, {"@type": "ImpactFactor", "flow": {"@type": "Flow", "@id": "5ee5136b-d7d1-3848-9868-5353ce1b1460"}, "flowProperty": {"@type": "FlowProperty", "@id": "93a60a56-a3c8-11da-a746-0800200b9a66", "name": "Mass"}, "unit": {"@type": "Unit", "@id": "20aadc24-a391-41cf-b340-3e4529f44bde", "name": "kg"}, "value": 0.33}, {"@type": "ImpactFactor", "flow": {"@type": "Flow", "@id": "e34324e6-75c6-3b7a-97f4-6b10dcb447f0"}, "flowProperty": {"@type": "FlowProperty", "@id": "93a60a56-a3c8-11da-a746-0800200b9a66", "name": "Mass"}, "unit": {"@type": "Unit", "@id": "20aadc24-a391-41cf-b340-3e4529f44bde", "name": "kg"}, "value": 0.33}, {"@type": "ImpactFactor", "flow": {"@type": "Flow", "@id": "71536b56-1db3-3eba-acf1-3d3b9a0b6623"}, "flowProperty": {"@type": "FlowProperty", "@id": "93a60a56-a3c8-11da-a746-0800200b9a66", "name": "Mass"}, "unit": {"@type": "Unit", "@id": "20aadc24-a391-41cf-b340-3e4529f44bde", "name": "kg"}, "value": 0.33}, {"@type": "ImpactFactor", "flow": {"@type": "Flow", "@id": "75c34233-287f-3cf4-ae27-ebd872ee7c5d"}, "flowProperty": {"@type": "FlowProperty", "@id": "93a60a56-a3c8-11da-a746-0800200b9a66", "name": "Mass"}, "unit": {"@type": "Unit", "@id": "20aadc24-a391-41cf-b340-3e4529f44bde", "name": "kg"}, "value": 0.33}, {"@type": "ImpactFactor", "flow": {"@type": "Flow", "@id": "dfe928fe-3d40-386a-b950-9cbb5c845175"}, "flowProperty": {"@type": "FlowProperty", "@id": "93a60a56-a3c8-11da-a746-0800200b9a66", "name": "Mass"}, "unit": {"@type": "Unit", "@id": "20aadc24-a391-41cf-b340-3e4529f44bde", "name": "kg"}, "value": 0.33}, {"@type": "ImpactFactor", "flow": {"@type": "Flow", "@id": "d3935773-4701-3047-915e-cc54c417e5ff"}, "flowProperty": {"@type": "FlowProperty", "@id": "93a60a56-a3c8-11da-a746-0800200b9a66", "name": "Mass"}, "unit": {"@type": "Unit", "@id": "20aadc24-a391-41cf-b340-3e4529f44bde", "name": "kg"}, "value": 0.33}, {"@type": "ImpactFactor", "flow": {"@type": "Flow", "@id": "d63ef2c6-5ee6-3232-a600-bd46dd218164"}, "flowProperty": {"@type": "FlowProperty", "@id": "93a60a56-a3c8-11da-a746-0800200b9a66", "name": "Mass"}, "unit": {"@type": "Unit", "@id": "20aadc24-a391-41cf-b340-3e4529f44bde", "name": "kg"}, "value": 0.032}, {"@type": "ImpactFactor", "flow": {"@type": "Flow", "@id": "461a4efc-18f1-3d18-9859-c882a46e8e54"}, "flowProperty": {"@type": "FlowProperty", "@id": "93a60a56-a3c8-11da-a746-0800200b9a66", "name": "Mass"}, "unit": {"@type": "Unit", "@id": "20aadc24-a391-41cf-b340-3e4529f44bde", "name": "kg"}, "value": 0.032}, {"@type": "ImpactFactor", "flow": {"@type": "Flow", "@id": "2f702b37-f912-3bd8-96a4-c44109a14139"}, "flowProperty": {"@type": "FlowProperty", "@id": "93a60a56-a3c8-11da-a746-0800200b9a66", "name": "Mass"}, "unit": {"@type": "Unit", "@id": "20aadc24-a391-41cf-b340-3e4529f44bde", "name": "kg"}, "value": 0.032}, {"@type": "ImpactFactor", "flow": {"@type": "Flow", "@id": "ae403753-c688-34ca-9ff2-d3686014070e"}, "flowProperty": {"@type": "FlowProperty", "@id": "93a60a56-a3c8-11da-a746-0800200b9a66", "name": "Mass"}, "unit": {"@type": "Unit", "@id": "20aadc24-a391-41cf-b340-3e4529f44bde", "name": "kg"}, "value": 0.032}, {"@type": "ImpactFactor", "flow": {"@type": "Flow", "@id": "2392c0fa-5668-3ffc-b623-01c621141b5d"}, "flowProperty": {"@type": "FlowProperty", "@id": "93a60a56-a3c8-11da-a746-0800200b9a66", "name": "Mass"}, "unit": {"@type": "Unit", "@id": "20aadc24-a391-41cf-b340-3e4529f44bde", "name": "kg"}, "value": 0.032}, {"@type": "ImpactFactor", "flow": {"@type": "Flow", "@id": "a960694e-380d-364e-bf57-c7545687a791"}, "flowProperty": {"@type": "FlowProperty", "@id": "93a60a56-a3c8-11da-a746-0800200b9a66", "name": "Mass"}, "unit": {"@type": "Unit", "@id": "20aadc24-a391-41cf-b340-3e4529f44bde", "name": "kg"}, "value": 0.032}, {"@type": "ImpactFactor", "flow": {"@type": "Flow", "@id": "aef5e937-a075-3063-9993-47e24b387c03"}, "flowProperty": {"@type": "FlowProperty", "@id": "93a60a56-a3c8-11da-a746-0800200b9a66", "name": "Mass"}, "unit": {"@type": "Unit", "@id": "20aadc24-a391-41cf-b340-3e4529f44bde", "name": "kg"}, "value": 0.032}, {"@type": "ImpactFactor", "flow": {"@type": "Flow", "@id": "a27f9e26-f131-3c61-bef5-5d7adf430d86"}, "flowProperty": {"@type": "FlowProperty", "@id": "93a60a56-a3c8-11da-a746-0800200b9a66", "name": "Mass"}, "unit": {"@type": "Unit", "@id": "20aadc24-a391-41cf-b340-3e4529f44bde", "name": "kg"}, "value": 0.032}, {"@type": "ImpactFactor", "flow": {"@type": "Flow", "@id": "d6d2ee88-21a5-34d0-b75a-84e609a7d25b"}, "flowProperty": {"@type": "FlowProperty", "@id": "93a60a56-a3c8-11da-a746-0800200b9a66", "name": "Mass"}, "unit": {"@type": "Unit", "@id": "20aadc24-a391-41cf-b340-3e4529f44bde", "name": "kg"}, "value": 0.032}, {"@type": "ImpactFactor", "flow": {"@type": "Flow", "@id": "ed74dfd8-20fc-34cf-b98a-7a5ccef6588e"}, "flowProperty": {"@type": "FlowProperty", "@id": "93a60a56-a3c8-11da-a746-0800200b9a66", "name": "Mass"}, "unit": {"@type": "Unit", "@id": "20aadc24-a391-41cf-b340-3e4529f44bde", "name": "kg"}, "value": 0.032}, {"@type": "ImpactFactor", "flow": {"@type": "Flow", "@id": "3a9b9ced-2444-3d28-88a8-97da24691cf6"}, "flowProperty": {"@type": "FlowProperty", "@id": "93a60a56-a3c8-11da-a746-0800200b9a66", "name": "Mass"}, "unit": {"@type": "Unit", "@id": "20aadc24-a391-41cf-b340-3e4529f44bde", "name": "kg"}, "value": 0.032}, {"@type": "ImpactFactor", "flow": {"@type": "Flow", "@id": "0b485f29-f979-3835-8ea0-32b52d51d728"}, "flowProperty": {"@type": "FlowProperty", "@id": "93a60a56-a3c8-11da-a746-0800200b9a66", "name": "Mass"}, "unit": {"@type": "Unit", "@id": "20aadc24-a391-41cf-b340-3e4529f44bde", "name": "kg"}, "value": 0.032}, {"@type": "ImpactFactor", "flow": {"@type": "Flow", "@id": "cde3ea74-2e76-35eb-85a2-06269ee90bb5"}, "flowProperty": {"@type": "FlowProperty", "@id": "93a60a56-a3c8-11da-a746-0800200b9a66", "name": "Mass"}, "unit": {"@type": "Unit", "@id": "20aadc24-a391-41cf-b340-3e4529f44bde", "name": "kg"}, "value": 0.032}, {"@type": "ImpactFactor", "flow": {"@type": "Flow", "@id": "ee8a5f0e-9cf7-3d7e-9c86-0c4b5a936f79"}, "flowProperty": {"@type": "FlowProperty", "@id": "93a60a56-a3c8-11da-a746-0800200b9a66", "name": "Mass"}, "unit": {"@type": "Unit", "@id": "20aadc24-a391-41cf-b340-3e4529f44bde", "name": "kg"}, "value": 0.032}, {"@type": "ImpactFactor", "flow": {"@type": "Flow", "@id": "2fee4397-44ad-3b6a-9e32-656a126dac7d"}, "flowProperty": {"@type": "FlowProperty", "@id": "93a60a56-a3c8-11da-a746-0800200b9a66", "name": "Mass"}, "unit": {"@type": "Unit", "@id": "20aadc24-a391-41cf-b340-3e4529f44bde", "name": "kg"}, "value": 0.032}, {"@type": "ImpactFactor", "flow": {"@type": "Flow", "@id": "14691fd6-7f56-30b2-9113-eb71d8d5bbc7"}, "flowProperty": {"@type": "FlowProperty", "@id": "93a60a56-a3c8-11da-a746-0800200b9a66", "name": "Mass"}, "unit": {"@type": "Unit", "@id": "20aadc24-a391-41cf-b340-3e4529f44bde", "name": "kg"}, "value": 0.32}, {"@type": "ImpactFactor", "flow": {"@type": "Flow", "@id": "aa2309ea-cead-3b73-9474-cd346b1414f6"}, "flowProperty": {"@type": "FlowProperty", "@id": "93a60a56-a3c8-11da-a746-0800200b9a66", "name": "Mass"}, "unit": {"@type": "Unit", "@id": "20aadc24-a391-41cf-b340-3e4529f44bde", "name": "kg"}, "value": 0.32}, {"@type": "ImpactFactor", "flow": {"@type": "Flow", "@id": "4c6c3968-b33c-30f1-aae4-db90b2b1e47a"}, "flowProperty": {"@type": "FlowProperty", "@id": "93a60a56-a3c8-11da-a746-0800200b9a66", "name": "Mass"}, "unit": {"@type": "Unit", "@id": "20aadc24-a391-41cf-b340-3e4529f44bde", "name": "kg"}, "value": 0.32}, {"@type": "ImpactFactor", "flow": {"@type": "Flow", "@id": "5803426e-8975-36ec-a125-d8fe88baaa11"}, "flowProperty": {"@type": "FlowProperty", "@id": "93a60a56-a3c8-11da-a746-0800200b9a66", "name": "Mass"}, "unit": {"@type": "Unit", "@id": "20aadc24-a391-41cf-b340-3e4529f44bde", "name": "kg"}, "value": 0.32}, {"@type": "ImpactFactor", "flow": {"@type": "Flow", "@id": "184b1c10-cbd1-3352-9141-f9874d44bbc3"}, "flowProperty": {"@type": "FlowProperty", "@id": "93a60a56-a3c8-11da-a746-0800200b9a66", "name": "Mass"}, "unit": {"@type": "Unit", "@id": "20aadc24-a391-41cf-b340-3e4529f44bde", "name": "kg"}, "value": 0.32}, {"@type": "ImpactFactor", "flow": {"@type": "Flow", "@id": "f23367b0-b9f2-3bf4-8af0-2642778a7873"}, "flowProperty": {"@type": "FlowProperty", "@id": "93a60a56-a3c8-11da-a746-0800200b9a66", "name": "Mass"}, "unit": {"@type": "Unit", "@id": "20aadc24-a391-41cf-b340-3e4529f44bde", "name": "kg"}, "value": 0.32}, {"@type": "ImpactFactor", "flow": {"@type": "Flow", "@id": "a37f4b3d-b9f9-3049-9b33-dd8ae672734f"}, "flowProperty": {"@type": "FlowProperty", "@id": "93a60a56-a3c8-11da-a746-0800200b9a66", "name": "Mass"}, "unit": {"@type": "Unit", "@id": "20aadc24-a391-41cf-b340-3e4529f44bde", "name": "kg"}, "value": 0.32}, {"@type": "ImpactFactor", "flow": {"@type": "Flow", "@id": "a78a16a0-a209-3258-8b1e-851b85786b78"}, "flowProperty": {"@type": "FlowProperty", "@id": "93a60a56-a3c8-11da-a746-0800200b9a66", "name": "Mass"}, "unit": {"@type": "Unit", "@id": "20aadc24-a391-41cf-b340-3e4529f44bde", "name": "kg"}, "value": 0.1}, {"@type": "ImpactFactor", "flow": {"@type": "Flow", "@id": "045ff012-246a-3855-bf87-568599b06b9b"}, "flowProperty": {"@type": "FlowProperty", "@id": "93a60a56-a3c8-11da-a746-0800200b9a66", "name": "Mass"}, "unit": {"@type": "Unit", "@id": "20aadc24-a391-41cf-b340-3e4529f44bde", "name": "kg"}, "value": 0.1}, {"@type": "ImpactFactor", "flow": {"@type": "Flow", "@id": "8c400110-2696-3ee4-84fe-f9f0c5810087"}, "flowProperty": {"@type": "FlowProperty", "@id": "93a60a56-a3c8-11da-a746-0800200b9a66", "name": "Mass"}, "unit": {"@type": "Unit", "@id": "20aadc24-a391-41cf-b340-3e4529f44bde", "name": "kg"}, "value": 0.1}, {"@type": "ImpactFactor", "flow": {"@type": "Flow", "@id": "c2b9b5ca-b42f-3b6c-b57c-4a893e08dabb"}, "flowProperty": {"@type": "FlowProperty", "@id": "93a60a56-a3c8-11da-a746-0800200b9a66", "name": "Mass"}, "unit": {"@type": "Unit", "@id": "20aadc24-a391-41cf-b340-3e4529f44bde", "name": "kg"}, "value": 0.1}, {"@type": "ImpactFactor", "flow": {"@type": "Flow", "@id": "bda1be33-0ac3-31a3-bbb9-29088139e83a"}, "flowProperty": {"@type": "FlowProperty", "@id": "93a60a56-a3c8-11da-a746-0800200b9a66", "name": "Mass"}, "unit": {"@type": "Unit", "@id": "20aadc24-a391-41cf-b340-3e4529f44bde", "name": "kg"}, "value": 0.1}, {"@type": "ImpactFactor", "flow": {"@type": "Flow", "@id": "306bcecc-2cd6-35c6-a152-67c84a68b51b"}, "flowProperty": {"@type": "FlowProperty", "@id": "93a60a56-a3c8-11da-a746-0800200b9a66", "name": "Mass"}, "unit": {"@type": "Unit", "@id": "20aadc24-a391-41cf-b340-3e4529f44bde", "name": "kg"}, "value": 0.1}, {"@type": "ImpactFactor", "flow": {"@type": "Flow", "@id": "dab0a739-4cfc-3888-9a36-e66467592e34"}, "flowProperty": {"@type": "FlowProperty", "@id": "93a60a56-a3c8-11da-a746-0800200b9a66", "name": "Mass"}, "unit": {"@type": "Unit", "@id": "20aadc24-a391-41cf-b340-3e4529f44bde", "name": "kg"}, "value": 0.1}, {"@type": "ImpactFactor", "flow": {"@type": "Flow", "@id": "164c1bc1-8126-3f09-8338-257d255a738f"}, "flowProperty": {"@type": "FlowProperty", "@id": "93a60a56-a3c8-11da-a746-0800200b9a66", "name": "Mass"}, "unit": {"@type": "Unit", "@id": "20aadc24-a391-41cf-b340-3e4529f44bde", "name": "kg"}, "value": 0.1}, {"@type": "ImpactFactor", "flow": {"@type": "Flow", "@id": "bfd4d0a8-2c91-353f-beec-2abc309c93b3"}, "flowProperty": {"@type": "FlowProperty", "@id": "93a60a56-a3c8-11da-a746-0800200b9a66", "name": "Mass"}, "unit": {"@type": "Unit", "@id": "20aadc24-a391-41cf-b340-3e4529f44bde", "name": "kg"}, "value": 0.1}, {"@type": "ImpactFactor", "flow": {"@type": "Flow", "@id": "dbb73ba8-979c-31ef-a517-fb3b2d3b0762"}, "flowProperty": {"@type": "FlowProperty", "@id": "93a60a56-a3c8-11da-a746-0800200b9a66", "name": "Mass"}, "unit": {"@type": "Unit", "@id": "20aadc24-a391-41cf-b340-3e4529f44bde", "name": "kg"}, "value": 0.1}, {"@type": "ImpactFactor", "flow": {"@type": "Flow", "@id": "648c893a-e2a0-3167-be0a-912991d34799"}, "flowProperty": {"@type": "FlowProperty", "@id": "93a60a56-a3c8-11da-a746-0800200b9a66", "name": "Mass"}, "unit": {"@type": "Unit", "@id": "20aadc24-a391-41cf-b340-3e4529f44bde", "name": "kg"}, "value": 0.1}, {"@type": "ImpactFactor", "flow": {"@type": "Flow", "@id": "0fb43026-3aac-3e6f-b0e6-460d59d5fee8"}, "flowProperty": {"@type": "FlowProperty", "@id": "93a60a56-a3c8-11da-a746-0800200b9a66", "name": "Mass"}, "unit": {"@type": "Unit", "@id": "20aadc24-a391-41cf-b340-3e4529f44bde", "name": "kg"}, "value": 0.1}, {"@type": "ImpactFactor", "flow": {"@type": "Flow", "@id": "c186b311-7883-351a-9204-6b5c5aea09b9"}, "flowProperty": {"@type": "FlowProperty", "@id": "93a60a56-a3c8-11da-a746-0800200b9a66", "name": "Mass"}, "unit": {"@type": "Unit", "@id": "20aadc24-a391-41cf-b340-3e4529f44bde", "name": "kg"}, "value": 0.1}, {"@type": "ImpactFactor", "flow": {"@type": "Flow", "@id": "fcb10c30-2216-35e3-abb1-453a07dc8cfb"}, "flowProperty": {"@type": "FlowProperty", "@id": "93a60a56-a3c8-11da-a746-0800200b9a66", "name": "Mass"}, "unit": {"@type": "Unit", "@id": "20aadc24-a391-41cf-b340-3e4529f44bde", "name": "kg"}, "value": 0.1}, {"@type": "ImpactFactor", "flow": {"@type": "Flow", "@id": "a568629c-4a3a-3e26-b293-8f836412abb8"}, "flowProperty": {"@type": "FlowProperty", "@id": "93a60a56-a3c8-11da-a746-0800200b9a66", "name": "Mass"}, "unit": {"@type": "Unit", "@id": "20aadc24-a391-41cf-b340-3e4529f44bde", "name": "kg"}, "value": 0.1}, {"@type": "ImpactFactor", "flow": {"@type": "Flow", "@id": "153ac77a-2385-3695-ab88-445316d4102c"}, "flowProperty": {"@type": "FlowProperty", "@id": "93a60a56-a3c8-11da-a746-0800200b9a66", "name": "Mass"}, "unit": {"@type": "Unit", "@id": "20aadc24-a391-41cf-b340-3e4529f44bde", "name": "kg"}, "value": 1.0}, {"@type": "ImpactFactor", "flow": {"@type": "Flow", "@id": "a75dce8c-8fa7-31a6-894f-3f1215290b39"}, "flowProperty": {"@type": "FlowProperty", "@id": "93a60a56-a3c8-11da-a746-0800200b9a66", "name": "Mass"}, "unit": {"@type": "Unit", "@id": "20aadc24-a391-41cf-b340-3e4529f44bde", "name": "kg"}, "value": 1.0}, {"@type": "ImpactFactor", "flow": {"@type": "Flow", "@id": "8652f997-aec6-3462-b2cf-e96ff3cfcd44"}, "flowProperty": {"@type": "FlowProperty", "@id": "93a60a56-a3c8-11da-a746-0800200b9a66", "name": "Mass"}, "unit": {"@type": "Unit", "@id": "20aadc24-a391-41cf-b340-3e4529f44bde", "name": "kg"}, "value": 1.0}, {"@type": "ImpactFactor", "flow": {"@type": "Flow", "@id": "923a31a1-3ebe-3897-8a16-c58aea734bb8"}, "flowProperty": {"@type": "FlowProperty", "@id": "93a60a56-a3c8-11da-a746-0800200b9a66", "name": "Mass"}, "unit": {"@type": "Unit", "@id": "20aadc24-a391-41cf-b340-3e4529f44bde", "name": "kg"}, "value": 1.0}, {"@type": "ImpactFactor", "flow": {"@type": "Flow", "@id": "c8f97087-ca56-362b-9481-b2813c766555"}, "flowProperty": {"@type": "FlowProperty", "@id": "93a60a56-a3c8-11da-a746-0800200b9a66", "name": "Mass"}, "unit": {"@type": "Unit", "@id": "20aadc24-a391-41cf-b340-3e4529f44bde", "name": "kg"}, "value": 1.0}, {"@type": "ImpactFactor", "flow": {"@type": "Flow", "@id": "5a725851-99ed-3e12-b7b6-206388220b62"}, "flowProperty": {"@type": "FlowProperty", "@id": "93a60a56-a3c8-11da-a746-0800200b9a66", "name": "Mass"}, "unit": {"@type": "Unit", "@id": "20aadc24-a391-41cf-b340-3e4529f44bde", "name": "kg"}, "value": 1.0}, {"@type": "ImpactFactor", "flow": {"@type": "Flow", "@id": "27f0a341-0fac-354f-aa36-de94da88bbea"}, "flowProperty": {"@type": "FlowProperty", "@id": "93a60a56-a3c8-11da-a746-0800200b9a66", "name": "Mass"}, "unit": {"@type": "Unit", "@id": "20aadc24-a391-41cf-b340-3e4529f44bde", "name": "kg"}, "value": 1.0}, {"@type": "ImpactFactor", "flow": {"@type": "Flow", "@id": "71319db7-0236-36ee-8dc1-f61736c4c2d6"}, "flowProperty": {"@type": "FlowProperty", "@id": "93a60a56-a3c8-11da-a746-0800200b9a66", "name": "Mass"}, "unit": {"@type": "Unit", "@id": "20aadc24-a391-41cf-b340-3e4529f44bde", "name": "kg"}, "value": 0.022}, {"@type": "ImpactFactor", "flow": {"@type": "Flow", "@id": "9b44f268-2066-3290-bc7c-30ae9676b70a"}, "flowProperty": {"@type": "FlowProperty", "@id": "93a60a56-a3c8-11da-a746-0800200b9a66", "name": "Mass"}, "unit": {"@type": "Unit", "@id": "20aadc24-a391-41cf-b340-3e4529f44bde", "name": "kg"}, "value": 0.022}, {"@type": "ImpactFactor", "flow": {"@type": "Flow", "@id": "dbafed5d-0c73-3a9f-b447-795ad4f12548"}, "flowProperty": {"@type": "FlowProperty", "@id": "93a60a56-a3c8-11da-a746-0800200b9a66", "name": "Mass"}, "unit": {"@type": "Unit", "@id": "20aadc24-a391-41cf-b340-3e4529f44bde", "name": "kg"}, "value": 0.022}, {"@type": "ImpactFactor", "flow": {"@type": "Flow", "@id": "ab37f2f7-ddac-33e0-8470-ca2ec6bd3145"}, "flowProperty": {"@type": "FlowProperty", "@id": "93a60a56-a3c8-11da-a746-0800200b9a66", "name": "Mass"}, "unit": {"@type": "Unit", "@id": "20aadc24-a391-41cf-b340-3e4529f44bde", "name": "kg"}, "value": 0.022}, {"@type": "ImpactFactor", "flow": {"@type": "Flow", "@id": "3bcdcb9d-3301-377f-936e-bc9c0c590b99"}, "flowProperty": {"@type": "FlowProperty", "@id": "93a60a56-a3c8-11da-a746-0800200b9a66", "name": "Mass"}, "unit": {"@type": "Unit", "@id": "20aadc24-a391-41cf-b340-3e4529f44bde", "name": "kg"}, "value": 0.022}, {"@type": "ImpactFactor", "flow": {"@type": "Flow", "@id": "986dd21d-6bee-3dd5-ac08-360f1f13f135"}, "flowProperty": {"@type": "FlowProperty", "@id": "93a60a56-a3c8-11da-a746-0800200b9a66", "name": "Mass"}, "unit": {"@type": "Unit", "@id": "20aadc24-a391-41cf-b340-3e4529f44bde", "name": "kg"}, "value": 0.022}, {"@type": "ImpactFactor", "flow": {"@type": "Flow", "@id": "78bdc0b8-a93f-3291-8028-1e6a5eaaa635"}, "flowProperty": {"@type": "FlowProperty", "@id": "93a60a56-a3c8-11da-a746-0800200b9a66", "name": "Mass"}, "unit": {"@type": "Unit", "@id": "20aadc24-a391-41cf-b340-3e4529f44bde", "name": "kg"}, "value": 0.022}, {"@type": "ImpactFactor", "flow": {"@type": "Flow", "@id": "98a41d4f-0ded-3bf4-88ff-f21ec0705db0"}, "flowProperty": {"@type": "FlowProperty", "@id": "93a60a56-a3c8-11da-a746-0800200b9a66", "name": "Mass"}, "unit": {"@type": "Unit", "@id": "20aadc24-a391-41cf-b340-3e4529f44bde", "name": "kg"}, "value": 0.022}, {"@type": "ImpactFactor", "flow": {"@type": "Flow", "@id": "a479105f-2089-363a-b931-fe1f0ef63b98"}, "flowProperty": {"@type": "FlowProperty", "@id": "93a60a56-a3c8-11da-a746-0800200b9a66", "name": "Mass"}, "unit": {"@type": "Unit", "@id": "20aadc24-a391-41cf-b340-3e4529f44bde", "name": "kg"}, "value": 0.022}, {"@type": "ImpactFactor", "flow": {"@type": "Flow", "@id": "f641e7d4-84f9-3a88-b033-fcbb81651bf0"}, "flowProperty": {"@type": "FlowProperty", "@id": "93a60a56-a3c8-11da-a746-0800200b9a66", "name": "Mass"}, "unit": {"@type": "Unit", "@id": "20aadc24-a391-41cf-b340-3e4529f44bde", "name": "kg"}, "value": 0.022}, {"@type": "ImpactFactor", "flow": {"@type": "Flow", "@id": "fa1d1e12-93bc-39f5-997b-75128ed05653"}, "flowProperty": {"@type": "FlowProperty", "@id": "93a60a56-a3c8-11da-a746-0800200b9a66", "name": "Mass"}, "unit": {"@type": "Unit", "@id": "20aadc24-a391-41cf-b340-3e4529f44bde", "name": "kg"}, "value": 0.022}, {"@type": "ImpactFactor", "flow": {"@type": "Flow", "@id": "5a91a30e-d4ac-3b70-8298-8a44b4f1e3b0"}, "flowProperty": {"@type": "FlowProperty", "@id": "93a60a56-a3c8-11da-a746-0800200b9a66", "name": "Mass"}, "unit": {"@type": "Unit", "@id": "20aadc24-a391-41cf-b340-3e4529f44bde", "name": "kg"}, "value": 0.022}, {"@type": "ImpactFactor", "flow": {"@type": "Flow", "@id": "ef637096-1d2b-3299-a3a3-f045881f5f58"}, "flowProperty": {"@type": "FlowProperty", "@id": "93a60a56-a3c8-11da-a746-0800200b9a66", "name": "Mass"}, "unit": {"@type": "Unit", "@id": "20aadc24-a391-41cf-b340-3e4529f44bde", "name": "kg"}, "value": 0.022}, {"@type": "ImpactFactor", "flow": {"@type": "Flow", "@id": "14c8250c-f168-3759-86ae-900174c27394"}, "flowProperty": {"@type": "FlowProperty", "@id": "93a60a56-a3c8-11da-a746-0800200b9a66", "name": "Mass"}, "unit": {"@type": "Unit", "@id": "20aadc24-a391-41cf-b340-3e4529f44bde", "name": "kg"}, "value": 0.022}, {"@type": "ImpactFactor", "flow": {"@type": "Flow", "@id": "1bdf1439-04da-36ea-8b7c-fd4b83096f62"}, "flowProperty": {"@type": "FlowProperty", "@id": "93a60a56-a3c8-11da-a746-0800200b9a66", "name": "Mass"}, "unit": {"@type": "Unit", "@id": "20aadc24-a391-41cf-b340-3e4529f44bde", "name": "kg"}, "value": 0.022}, {"@type": "ImpactFactor", "flow": {"@type": "Flow", "@id": "13db4a4d-7e0d-3dd2-a515-9b53833d6ec7"}, "flowProperty": {"@type": "FlowProperty", "@id": "93a60a56-a3c8-11da-a746-0800200b9a66", "name": "Mass"}, "unit": {"@type": "Unit", "@id": "20aadc24-a391-41cf-b340-3e4529f44bde", "name": "kg"}, "value": 0.22}, {"@type": "ImpactFactor", "flow": {"@type": "Flow", "@id": "149d04c7-07b1-3c74-98cb-3f2f6810995f"}, "flowProperty": {"@type": "FlowProperty", "@id": "93a60a56-a3c8-11da-a746-0800200b9a66", "name": "Mass"}, "unit": {"@type": "Unit", "@id": "20aadc24-a391-41cf-b340-3e4529f44bde", "name": "kg"}, "value": 0.22}, {"@type": "ImpactFactor", "flow": {"@type": "Flow", "@id": "2754b1c1-e7c7-39a1-b5b7-32ff1fa21cec"}, "flowProperty": {"@type": "FlowProperty", "@id": "93a60a56-a3c8-11da-a746-0800200b9a66", "name": "Mass"}, "unit": {"@type": "Unit", "@id": "20aadc24-a391-41cf-b340-3e4529f44bde", "name": "kg"}, "value": 0.22}, {"@type": "ImpactFactor", "flow": {"@type": "Flow", "@id": "92b3ca4b-68b3-3ecd-afdf-f12079df1b2d"}, "flowProperty": {"@type": "FlowProperty", "@id": "93a60a56-a3c8-11da-a746-0800200b9a66", "name": "Mass"}, "unit": {"@type": "Unit", "@id": "20aadc24-a391-41cf-b340-3e4529f44bde", "name": "kg"}, "value": 0.22}, {"@type": "ImpactFactor", "flow": {"@type": "Flow", "@id": "e0ce3403-00c2-363c-bab6-b5d19a0c8178"}, "flowProperty": {"@type": "FlowProperty", "@id": "93a60a56-a3c8-11da-a746-0800200b9a66", "name": "Mass"}, "unit": {"@type": "Unit", "@id": "20aadc24-a391-41cf-b340-3e4529f44bde", "name": "kg"}, "value": 0.22}, {"@type": "ImpactFactor", "flow": {"@type": "Flow", "@id": "a760fdae-5302-3f7a-aecb-5c31c58798f9"}, "flowProperty": {"@type": "FlowProperty", "@id": "93a60a56-a3c8-11da-a746-0800200b9a66", "name": "Mass"}, "unit": {"@type": "Unit", "@id": "20aadc24-a391-41cf-b340-3e4529f44bde", "name": "kg"}, "value": 0.22}, {"@type": "ImpactFactor", "flow": {"@type": "Flow", "@id": "da88ac82-fc68-3f53-99de-b18bf5c5369b"}, "flowProperty": {"@type": "FlowProperty", "@id": "93a60a56-a3c8-11da-a746-0800200b9a66", "name": "Mass"}, "unit": {"@type": "Unit", "@id": "20aadc24-a391-41cf-b340-3e4529f44bde", "name": "kg"}, "value": 0.22}]}