{"@type": "ImpactCategory", "@id": "7de564ba-1fbf-3629-9700-6906489d6340", "name": "Water consumption", "referenceUnitName": "m3", "impactFactors": [{"@type": "ImpactFactor", "flow": {"@type": "Flow", "@id": "e2eb491c-78ff-3123-9e42-494c7d199b44"}, "flowProperty": {"@type": "FlowProperty", "@id": "93a60a56-a3c8-11da-a746-0800200b9a66", "name": "Mass"}, "unit": {"@type": "Unit", "@id": "20aadc24-a391-41cf-b340-3e4529f44bde", "name": "kg"}, "value": 0.001}, {"@type": "ImpactFactor", "flow": {"@type": "Flow", "@id": "01ec7937-eea7-3830-aaf6-3be74f4d952b"}, "flowProperty": {"@type": "FlowProperty", "@id": "93a60a56-a3c8-11da-a746-0800200b9a66", "name": "Mass"}, "unit": {"@type": "Unit", "@id": "20aadc24-a391-41cf-b340-3e4529f44bde", "name": "kg"}, "value": 0.001}, {"@type": "ImpactFactor", "flow": {"@type": "Flow", "@id": "5d34c905-e392-39a0-a9a6-ec4fe6c12a77"}, "flowProperty": {"@type": "FlowProperty", "@id": "93a60a56-a3c8-11da-a746-0800200b9a66", "name": "Mass"}, "unit": {"@type": "Unit", "@id": "20aadc24-a391-41cf-b340-3e4529f44bde", "name": "kg"}, "value": 0.001}, {"@type": "ImpactFactor", "flow": {"@type": "Flow", "@id": "c76f8081-e32c-3a35-8ab9-478bfdd8e8a6"}, "flowProperty": {"@type": "FlowProperty", "@id": "93a60a56-a3c8-11da-a746-0800200b9a66", "name": "Mass"}, "unit": {"@type": "Unit", "@id": "20aadc24-a391-41cf-b340-3e4529f44bde", "name": "kg"}, "value": 0.001}, {"@type": "ImpactFactor", "flow": {"@type": "Flow", "@id": "9f9ec4e9-fd80-319a-bc10-d38773af3c43"}, "flowProperty": {"@type": "FlowProperty", "@id": "93a60a56-a3c8-11da-a746-0800200b9a66", "name": "Mass"}, "unit": {"@type": "Unit", "@id": "20aadc24-a391-41cf-b340-3e4529f44bde", "name": "kg"}, "value": 0.001}, {"@type": "ImpactFactor", "flow": {"@type": "Flow", "@id": "9b3a254e-97a3-3770-9df2-416a1f720a98"}, "flowProperty": {"@type": "FlowProperty", "@id": "93a60a56-a3c8-11da-a746-0800200b9a66", "name": "Mass"}, "unit": {"@type": "Unit", "@id": "20aadc24-a391-41cf-b340-3e4529f44bde", "name": "kg"}, "value": 0.001}, {"@type": "ImpactFactor", "flow": {"@type": "Flow", "@id": "1d9f9eed-c79a-3ab5-b760-fc0a276be7bf"}, "flowProperty": {"@type": "FlowProperty", "@id": "93a60a56-a3c8-11da-a746-0800200b9a66", "name": "Mass"}, "unit": {"@type": "Unit", "@id": "20aadc24-a391-41cf-b340-3e4529f44bde", "name": "kg"}, "value": 0.001}, {"@type": "ImpactFactor", "flow": {"@type": "Flow", "@id": "2e7d66e0-db2b-3a74-bbc1-024f7587e847"}, "flowProperty": {"@type": "FlowProperty", "@id": "93a60a56-a3c8-11da-a746-0800200b9a66", "name": "Mass"}, "unit": {"@type": "Unit", "@id": "20aadc24-a391-41cf-b340-3e4529f44bde", "name": "kg"}, "value": 0.001}, {"@type": "ImpactFactor", "flow": {"@type": "Flow", "@id": "3d9cc2c3-131e-3df9-9ef7-5070599bbbfb"}, "flowProperty": {"@type": "FlowProperty", "@id": "93a60a56-a3c8-11da-a746-0800200b9a66", "name": "Mass"}, "unit": {"@type": "Unit", "@id": "20aadc24-a391-41cf-b340-3e4529f44bde", "name": "kg"}, "value": 0.001}, {"@type": "ImpactFactor", "flow": {"@type": "Flow", "@id": "fbe04445-d3bb-3147-9575-77337d33cc78"}, "flowProperty": {"@type": "FlowProperty", "@id": "93a60a56-a3c8-11da-a746-0800200b9a66", "name": "Mass"}, "unit": {"@type": "Unit", "@id": "20aadc24-a391-41cf-b340-3e4529f44bde", "name": "kg"}, "value": 0.001}, {"@type": "ImpactFactor", "flow": {"@type": "Flow", "@id": "66a93c58-b94d-346e-993a-e0349c795433"}, "flowProperty": {"@type": "FlowProperty", "@id": "93a60a56-a3c8-11da-a746-0800200b9a66", "name": "Mass"}, "unit": {"@type": "Unit", "@id": "20aadc24-a391-41cf-b340-3e4529f44bde", "name": "kg"}, "value": 0.001}, {"@type": "ImpactFactor", "flow": {"@type": "Flow", "@id": "12d14fbe-79ca-35f5-be5f-7f2fb2e2796c"}, "flowProperty": {"@type": "FlowProperty", "@id": "93a60a56-a3c8-11da-a746-0800200b9a66", "name": "Mass"}, "unit": {"@type": "Unit", "@id": "20aadc24-a391-41cf-b340-3e4529f44bde", "name": "kg"}, "value": 0.001}]}