{"@type": "ImpactCategory", "@id": "ef8c26b5-cc0f-3de6-b54b-ae639c6c21fb", "name": "Land occupation", "referenceUnitName": "m2*a", "impactFactors": [{"@type": "ImpactFactor", "flow": {"@type": "Flow", "@id": "1a1ceea6-4230-360b-bc1c-8bc183e088d6"}, "flowProperty": {"@type": "FlowProperty", "@id": "93a60a56-a3c8-21da-a746-0800200c9a66", "name": "Area*time"}, "unit": {"@type": "Unit", "@id": "c7266b67-4ea2-457f-b391-9b94e26e195a", "name": "m2*a"}, "value": 0.73}, {"@type": "ImpactFactor", "flow": {"@type": "Flow", "@id": "4b92c75e-e528-3f23-bc67-e92977682eb4"}, "flowProperty": {"@type": "FlowProperty", "@id": "93a60a56-a3c8-21da-a746-0800200c9a66", "name": "Area*time"}, "unit": {"@type": "Unit", "@id": "c7266b67-4ea2-457f-b391-9b94e26e195a", "name": "m2*a"}, "value": 0.73}, {"@type": "ImpactFactor", "flow": {"@type": "Flow", "@id": "cc39b220-d9ed-30a0-a6b8-90fd40b502e7"}, "flowProperty": {"@type": "FlowProperty", "@id": "93a60a56-a3c8-21da-a746-0800200c9a66", "name": "Area*time"}, "unit": {"@type": "Unit", "@id": "c7266b67-4ea2-457f-b391-9b94e26e195a", "name": "m2*a"}, "value": 0.73}, {"@type": "ImpactFactor", "flow": {"@type": "Flow", "@id": "e9c5e08b-950b-3a89-b232-95b5f7e293b8"}, "flowProperty": {"@type": "FlowProperty", "@id": "93a60a56-a3c8-21da-a746-0800200c9a66", "name": "Area*time"}, "unit": {"@type": "Unit", "@id": "c7266b67-4ea2-457f-b391-9b94e26e195a", "name": "m2*a"}, "value": 0.73}, {"@type": "ImpactFactor", "flow": {"@type": "Flow", "@id": "f4acc1d3-7983-39c9-825f-53c965585dde"}, "flowProperty": {"@type": "FlowProperty", "@id": "93a60a56-a3c8-21da-a746-0800200c9a66", "name": "Area*time"}, "unit": {"@type": "Unit", "@id": "c7266b67-4ea2-457f-b391-9b94e26e195a", "name": "m2*a"}, "value": 0.73}, {"@type": "ImpactFactor", "flow": {"@type": "Flow", "@id": "4b286b72-43b8-30c4-8b46-fa100dadd3b2"}, "flowProperty": {"@type": "FlowProperty", "@id": "93a60a56-a3c8-21da-a746-0800200c9a66", "name": "Area*time"}, "unit": {"@type": "Unit", "@id": "c7266b67-4ea2-457f-b391-9b94e26e195a", "name": "m2*a"}, "value": 0.73}, {"@type": "ImpactFactor", "flow": {"@type": "Flow", "@id": "1cd6a5cc-88d5-3cce-9480-7ac138f31ac1"}, "flowProperty": {"@type": "FlowProperty", "@id": "93a60a56-a3c8-21da-a746-0800200c9a66", "name": "Area*time"}, "unit": {"@type": "Unit", "@id": "c7266b67-4ea2-457f-b391-9b94e26e195a", "name": "m2*a"}, "value": 0.73}, {"@type": "ImpactFactor", "flow": {"@type": "Flow", "@id": "d24dc652-f12f-394a-bac8-53cdc280443e"}, "flowProperty": {"@type": "FlowProperty", "@id": "93a60a56-a3c8-21da-a746-0800200c9a66", "name": "Area*time"}, "unit": {"@type": "Unit", "@id": "c7266b67-4ea2-457f-b391-9b94e26e195a", "name": "m2*a"}, "value": 0.73}, {"@type": "ImpactFactor", "flow": {"@type": "Flow", "@id": "8aa0bd99-9f2c-3d37-9aa1-bd904b8c1535"}, "flowProperty": {"@type": "FlowProperty", "@id": "93a60a56-a3c8-21da-a746-0800200c9a66", "name": "Area*time"}, "unit": {"@type": "Unit", "@id": "c7266b67-4ea2-457f-b391-9b94e26e195a", "name": "m2*a"}, "value": 0.73}, {"@type": "ImpactFactor", "flow": {"@type": "Flow", "@id": "11a47fe3-b34b-3c3c-a621-92651c169d0b"}, "flowProperty": {"@type": "FlowProperty", "@id": "93a60a56-a3c8-21da-a746-0800200c9a66", "name": "Area*time"}, "unit": {"@type": "Unit", "@id": "c7266b67-4ea2-457f-b391-9b94e26e195a", "name": "m2*a"}, "value": 0.73}, {"@type": "ImpactFactor", "flow": {"@type": "Flow", "@id": "cc984ae5-a72d-3f34-b21e-4149c88ae712"}, "flowProperty": {"@type": "FlowProperty", "@id": "93a60a56-a3c8-21da-a746-0800200c9a66", "name": "Area*time"}, "unit": {"@type": "Unit", "@id": "c7266b67-4ea2-457f-b391-9b94e26e195a", "name": "m2*a"}, "value": 0.73}, {"@type": "ImpactFactor", "flow": {"@type": "Flow", "@id": "84df94fc-b1e0-3797-a326-d728eb210da2"}, "flowProperty": {"@type": "FlowProperty", "@id": "93a60a56-a3c8-21da-a746-0800200c9a66", "name": "Area*time"}, "unit": {"@type": "Unit", "@id": "c7266b67-4ea2-457f-b391-9b94e26e195a", "name": "m2*a"}, "value": 0.73}, {"@type": "ImpactFactor", "flow": {"@type": "Flow", "@id": "6438548e-77ef-35c2-97d9-8471835bcd8f"}, "flowProperty": {"@type": "FlowProperty", "@id": "93a60a56-a3c8-21da-a746-0800200c9a66", "name": "Area*time"}, "unit": {"@type": "Unit", "@id": "c7266b67-4ea2-457f-b391-9b94e26e195a", "name": "m2*a"}, "value": 0.73}, {"@type": "ImpactFactor", "flow": {"@type": "Flow", "@id": "46b31bbe-1c77-3a50-a31d-5378c1e47dd6"}, "flowProperty": {"@type": "FlowProperty", "@id": "93a60a56-a3c8-21da-a746-0800200c9a66", "name": "Area*time"}, "unit": {"@type": "Unit", "@id": "c7266b67-4ea2-457f-b391-9b94e26e195a", "name": "m2*a"}, "value": 1.0}, {"@type": "ImpactFactor", "flow": {"@type": "Flow", "@id": "acd3550f-bfed-3a75-88d5-eb1817cc9f75"}, "flowProperty": {"@type": "FlowProperty", "@id": "93a60a56-a3c8-21da-a746-0800200c9a66", "name": "Area*time"}, "unit": {"@type": "Unit", "@id": "c7266b67-4ea2-457f-b391-9b94e26e195a", "name": "m2*a"}, "value": 1.0}, {"@type": "ImpactFactor", "flow": {"@type": "Flow", "@id": "2ab5e22d-38c0-31ff-9843-87323cc6e89e"}, "flowProperty": {"@type": "FlowProperty", "@id": "93a60a56-a3c8-21da-a746-0800200c9a66", "name": "Area*time"}, "unit": {"@type": "Unit", "@id": "c7266b67-4ea2-457f-b391-9b94e26e195a", "name": "m2*a"}, "value": 1.0}, {"@type": "ImpactFactor", "flow": {"@type": "Flow", "@id": "1147e66c-db3e-303c-b7c7-89b006d98881"}, "flowProperty": {"@type": "FlowProperty", "@id": "93a60a56-a3c8-21da-a746-0800200c9a66", "name": "Area*time"}, "unit": {"@type": "Unit", "@id": "c7266b67-4ea2-457f-b391-9b94e26e195a", "name": "m2*a"}, "value": 0.3}]}