{"@type":"Process","@id":"058ef703-9452-44a8-84e6-d14551e61713","name":"Natural gas, production mixture, at extraction","description":"This unit process combines the U.S. natural gas production sources based on their percentage share in the U.S. natural gas mix. The mix is made up of onshore conventional, offshore conventional, associated natural gas, Barnett Shale, Marcellus Shale, and coalbed methane natural gas. The process is for 1kg of natural gas to consumer. The natural gas mix is based on 2014 data from US Energy Information Administration (EIA).","category":"21: Mining, Quarrying, and Oil and Gas Extraction/2111: Oil and Gas Extraction","version":"00.01.000","lastChange":"2024-06-27T18:04:33.117Z","processType":"UNIT_PROCESS","defaultAllocationMethod":"NO_ALLOCATION","isInfrastructureProcess":false,"location":{"@type":"Location","@id":"0b3b97fa-6688-3c56-88ee-4ae80ec0c3c2","name":"United States"},"processDocumentation":{"validFrom":"2014-01-01","validUntil":"2014-12-31","timeDescription":"This process is representative of the 2014 aggregate natural gas production mix based on percentages from EIA, 2017.","geographyDescription":"This process is representative of the U.S. natural gas production mix.","technologyDescription":"Natural gas extraction by percentage source including conventional extraction and unconventional extraction methods. Conventional natural gas is extracted using vertical well bores and using minimal stimulation. Unconventional natural gas extraction is used where permeability and porosity are so low that extraction requires a horizontal well bore followed by multistage hydraulic fracturing. Natural gas extraction is characterized by six types of extraction, namely onshore conventional, offshore conventional, associated natural gas, Barnett Shale, Marcellus Shale, and coalbed methane natural gas.","inventoryMethodDescription":"Attributional; Data sets for the six natural gas extraction sources were linked to represent the U.S. natural gas mix. Compatible with TRACI.","modelingConstantsDescription":"Secondary data were used to determine the U.S. mix of natural gas.","completenessDescription":"TREATMENT OF MISSING ENVIRONMENTAL DATA: Elementary flows are cut-off at less than 1% based on environmental relevance.\r\nTREATMENT OF MISSING TECHNOSPHERE DATA: Miscellaneous materials and additives, capital equipment, facilities and infrastructure, space conditioning, and support personnel requirements are not included in this system process. No gaps have been identified in this dataset.\r\nMASS BALANCE: The mass balance was calculated by a straight comparison of inputs and outputs","dataSelectionDescription":"The natural gas mix is based on 2014 data from US Energy Information Administration (EIA).","dataTreatmentDescription":"This dataset was used to model the aggregate natural gas extraction production mix process based on percentages from EIA, 2017.","samplingDescription":"BOUNDARY CONDITIONS\r\nThe system boundary includes upstream burdens from incoming natural gas extraction sources and represents a consolidation of six extraction sources into one production mix. The following are excluded from the unit process boundary: miscellaneous materials and additives, capital equipment, facilities and infrastructure, space conditioning, and support personnel requirements.\r\n\r\nDATA COLLECTION\r\nSecondary data were collected from EIA, 2023.\r\n\r\nUNCERTAINTY ESTIMATION\r\nNo uncertainty analysis was carried out due to the lack of uncertainty data or probability distributions for key parameters, which are often only available as single point estimates from NETL.","dataCollectionDescription":"Data collected from EIA 2017.","sources":[{"@type":"Source","@id":"3c296931-245c-4a9e-ad1f-d76e1062dac2","name":"NAPCOR, 2024, Polyethylene Terephthalate"}],"reviews":[{"reviewType":"","scopes":[],"details":"Internal review of data entry proofreading, mass balance verification and data documentation.","assessment":[],"reviewers":[{"@type":"Actor","@id":"38e67478-a915-43d9-ad67-e25db79a4acc","name":"Franklin Associates, A Division of ERG","category":"Organisations"}]}],"intendedApplication":"Situation C1 - Accounting, with system-external interactions - The intended application is a purely descriptive accounting / documentation of the analysed system including existing interactions with other systems in the LCI model. These data are an update to a previously published dataset which is a generic unit process model. A full inventory of environmental flows are included; thus this unit process can be used for a full range of LCIA impact categories. The target audience of this model includes LCA practitioners, industry, and the general public. For use as an average dataset accepted by the North American plastics/chemical industry. An inventory of environmental emission flows are included to the extent that the producers provided; thus this unit process can be used for a full range of LCIA impact categories. The original study results were analyzed using the TRACI LCIA factors. ","projectDescription":"This project was funded by NAPCOR and is currently in progress. These data are an update to a previously published dataset which is a generic unit process data.","dataGenerator":{"@type":"Actor","@id":"38e67478-a915-43d9-ad67-e25db79a4acc","name":"Franklin Associates, A Division of ERG","category":"Organisations"},"dataDocumentor":{"@type":"Actor","@id":"38e67478-a915-43d9-ad67-e25db79a4acc","name":"Franklin Associates, A Division of ERG","category":"Organisations"},"creationDate":"2019-02-27T22:16:32.218Z","publication":{"@type":"Source","@id":"3c296931-245c-4a9e-ad1f-d76e1062dac2","name":"NAPCOR, 2024, Polyethylene Terephthalate"},"dataSetOwner":{"@type":"Actor","@id":"8ff67795-a0bf-49cd-9143-caac14f79dce","name":"NAPCOR","category":"Organisations"},"isCopyrightProtected":false,"restrictionsDescription":"These U.S. LCI Database Project data (\"Data\") are provided by the National Renewable Energy Laboratory (\"NREL\"), operated by the Alliance for Sustainable Energy, LLC (\"Alliance\") for the US Department of Energy (\"DOE\") under Contract No. DE-AC36-08GO28308. The United States Government (the \"Government\") retains and the user acknowledges that the Government retains a non-exclusive, paid-up, irrevocable, worldwide license to publish or reproduce the published form of these data, or allow others to do so, for Government purposes.\r\n\r\nAccess to and use of these Data shall impose the following obligations on the user, as set forth in this Agreement. The user is granted the right, without any fee or cost, to use, copy, modify, alter, enhance and distribute these Data for any purpose whatsoever, provided that this entire notice appears in all copies of the Data. Any modification, alteration or enhancement of these data shall be identified and documented by the user. Further, the user agrees to credit the DOE/NREL/Alliance in any publication that results from the use of these Data. The names DOE/NREL/Alliance, however, may not be used in any advertising or publicity to endorse or promote any products or commercial entities unless specific written permission is obtained from DOE/NREL/Alliance. The user also understands that DOE/NREL/Alliance is not obligated to provide the user with any support, consulting, training or assistance of any kind with regard to the use of these Data or to provide the user with any updates, revisions or new versions of these Data.\r\n\r\nYOU AGREE TO INDEMNIFY THE GOVERNMENT AND DOE/NREL/ALLIANCE, AND ITS SUBSIDIARIES, AFFILIATES, OFFICERS, AGENTS, AND EMPLOYEES AGAINST ANY CLAIM OR DEMAND, INCLUDING REASONABLE ATTORNEYS\u0027 FEES, RELATED TO YOUR USE OF THESE DATA. THESE DATA ARE PROVIDED BY DOE/NREL/ALLIANCE \"AS IS\" AND ANY EXPRESS OR IMPLIED WARRANTIES, INCLUDING BUT NOT LIMITED TO, THE IMPLIED WARRANTIES OF MERCHANTABILITY AND FITNESS FOR A PARTICULAR PURPOSE ARE DISCLAIMED. IN NO EVENT SHALL THE GOVERNMENT OR DOE/NREL/ALLIANCE BE LIABLE FOR ANY SPECIAL, INDIRECT OR CONSEQUENTIAL DAMAGES OR ANY DAMAGES WHATSOEVER, INCLUDING BUT NOT LIMITED TO CLAIMS ASSOCIATED WITH THE LOSS OF DATA OR PROFITS, WHICH MAY RESULT FROM AN ACTION IN CONTRACT, NEGLIGENCE OR OTHER TORTIOUS CLAIM THAT ARISES OUT OF OR IN CONNECTION WITH THE ACCESS, USE OR PERFORMANCE OF THESE DATA."},"lastInternalId":7,"dqSystem":{"@type":"DQSystem","@id":"70bf370f-9912-4ec1-baa3-fbd4eaf85a10","name":"US EPA - Process Pedigree Matrix"},"dqEntry":"(4;1)","parameters":[],"exchanges":[{"@type":"Exchange","isAvoidedProduct":false,"isInput":false,"amount":1.0,"internalId":1,"flow":{"@type":"Flow","@id":"c1618370-1fc6-45fc-a2cc-2458bc9ddf6a","name":"Natural gas, production mixture, at extraction","category":"Technosphere Flows/21: Mining, Quarrying, and Oil and Gas Extraction/2111: Oil and Gas Extraction","flowType":"PRODUCT_FLOW","refUnit":"kg"},"unit":{"@type":"Unit","@id":"20aadc24-a391-41cf-b340-3e4529f44bde","name":"kg"},"flowProperty":{"@type":"FlowProperty","@id":"93a60a56-a3c8-11da-a746-0800200b9a66","name":"Mass","category":"Technical flow properties","refUnit":"kg"},"isQuantitativeReference":true},{"@type":"Exchange","isAvoidedProduct":false,"isInput":true,"amount":0.042,"internalId":7,"flow":{"@type":"Flow","@id":"f979ad58-ceed-4fbd-9aaf-5e60b454026d","name":"Natural gas, at extraction","category":"Technosphere Flows/21: Mining, Quarrying, and Oil and Gas Extraction/2111: Oil and Gas Extraction","flowType":"PRODUCT_FLOW","refUnit":"kg"},"unit":{"@type":"Unit","@id":"20aadc24-a391-41cf-b340-3e4529f44bde","name":"kg"},"flowProperty":{"@type":"FlowProperty","@id":"93a60a56-a3c8-11da-a746-0800200b9a66","name":"Mass","category":"Technical flow properties","refUnit":"kg"},"defaultProvider":{"@type":"Process","@id":"0945cc82-1126-45c3-b525-6d4fc913aa09","name":"Natural gas, coal bed methane, at extraction","category":"21: Mining, Quarrying, and Oil and Gas Extraction/2111: Oil and Gas Extraction","processType":"UNIT_PROCESS","flowType":"PRODUCT_FLOW","location":"US"}},{"@type":"Exchange","isAvoidedProduct":false,"isInput":true,"amount":0.132,"internalId":4,"flow":{"@type":"Flow","@id":"f979ad58-ceed-4fbd-9aaf-5e60b454026d","name":"Natural gas, at extraction","category":"Technosphere Flows/21: Mining, Quarrying, and Oil and Gas Extraction/2111: Oil and Gas Extraction","flowType":"PRODUCT_FLOW","refUnit":"kg"},"unit":{"@type":"Unit","@id":"20aadc24-a391-41cf-b340-3e4529f44bde","name":"kg"},"flowProperty":{"@type":"FlowProperty","@id":"93a60a56-a3c8-11da-a746-0800200b9a66","name":"Mass","category":"Technical flow properties","refUnit":"kg"},"defaultProvider":{"@type":"Process","@id":"7ae49a74-3d24-4b32-ae19-ddbf6e0ae94a","name":"Natural gas, conventional onshore associated, at extraction","category":"21: Mining, Quarrying, and Oil and Gas Extraction/2111: Oil and Gas Extraction","processType":"UNIT_PROCESS","flowType":"PRODUCT_FLOW","location":"US"}},{"@type":"Exchange","isAvoidedProduct":false,"isInput":true,"amount":0.171,"internalId":6,"flow":{"@type":"Flow","@id":"f979ad58-ceed-4fbd-9aaf-5e60b454026d","name":"Natural gas, at extraction","category":"Technosphere Flows/21: Mining, Quarrying, and Oil and Gas Extraction/2111: Oil and Gas Extraction","flowType":"PRODUCT_FLOW","refUnit":"kg"},"unit":{"@type":"Unit","@id":"20aadc24-a391-41cf-b340-3e4529f44bde","name":"kg"},"flowProperty":{"@type":"FlowProperty","@id":"93a60a56-a3c8-11da-a746-0800200b9a66","name":"Mass","category":"Technical flow properties","refUnit":"kg"},"defaultProvider":{"@type":"Process","@id":"5b7c9f9b-8460-4afd-a560-b441f0fcf408","name":"Natural gas, Marcellus Shale, at extraction","category":"21: Mining, Quarrying, and Oil and Gas Extraction/2111: Oil and Gas Extraction","processType":"UNIT_PROCESS","flowType":"PRODUCT_FLOW","location":"US"}},{"@type":"Exchange","isAvoidedProduct":false,"isInput":true,"amount":0.274,"internalId":5,"flow":{"@type":"Flow","@id":"f979ad58-ceed-4fbd-9aaf-5e60b454026d","name":"Natural gas, at extraction","category":"Technosphere Flows/21: Mining, Quarrying, and Oil and Gas Extraction/2111: Oil and Gas Extraction","flowType":"PRODUCT_FLOW","refUnit":"kg"},"unit":{"@type":"Unit","@id":"20aadc24-a391-41cf-b340-3e4529f44bde","name":"kg"},"flowProperty":{"@type":"FlowProperty","@id":"93a60a56-a3c8-11da-a746-0800200b9a66","name":"Mass","category":"Technical flow properties","refUnit":"kg"},"defaultProvider":{"@type":"Process","@id":"e7425edd-537c-497f-aa4b-7a8a79b1ab4a","name":"Natural gas, Barnett Shale, at extraction","category":"21: Mining, Quarrying, and Oil and Gas Extraction/2111: Oil and Gas Extraction","processType":"UNIT_PROCESS","flowType":"PRODUCT_FLOW","location":"US"}},{"@type":"Exchange","isAvoidedProduct":false,"isInput":true,"amount":0.269,"internalId":2,"flow":{"@type":"Flow","@id":"f979ad58-ceed-4fbd-9aaf-5e60b454026d","name":"Natural gas, at extraction","category":"Technosphere Flows/21: Mining, Quarrying, and Oil and Gas Extraction/2111: Oil and Gas Extraction","flowType":"PRODUCT_FLOW","refUnit":"kg"},"unit":{"@type":"Unit","@id":"20aadc24-a391-41cf-b340-3e4529f44bde","name":"kg"},"flowProperty":{"@type":"FlowProperty","@id":"93a60a56-a3c8-11da-a746-0800200b9a66","name":"Mass","category":"Technical flow properties","refUnit":"kg"},"defaultProvider":{"@type":"Process","@id":"f2996639-3901-4d02-8046-4e647947b7cb","name":"Natural gas, conventional onshore, at extraction","category":"21: Mining, Quarrying, and Oil and Gas Extraction/2111: Oil and Gas Extraction","processType":"UNIT_PROCESS","flowType":"PRODUCT_FLOW","location":"US"}},{"@type":"Exchange","isAvoidedProduct":false,"isInput":true,"amount":0.113,"internalId":3,"flow":{"@type":"Flow","@id":"f979ad58-ceed-4fbd-9aaf-5e60b454026d","name":"Natural gas, at extraction","category":"Technosphere Flows/21: Mining, Quarrying, and Oil and Gas Extraction/2111: Oil and Gas Extraction","flowType":"PRODUCT_FLOW","refUnit":"kg"},"unit":{"@type":"Unit","@id":"20aadc24-a391-41cf-b340-3e4529f44bde","name":"kg"},"flowProperty":{"@type":"FlowProperty","@id":"93a60a56-a3c8-11da-a746-0800200b9a66","name":"Mass","category":"Technical flow properties","refUnit":"kg"},"defaultProvider":{"@type":"Process","@id":"bc4c2bad-4bdb-4402-8aed-74efc5781057","name":"Natural gas, conventional offshore, at extraction","category":"21: Mining, Quarrying, and Oil and Gas Extraction/2111: Oil and Gas Extraction","processType":"UNIT_PROCESS","flowType":"PRODUCT_FLOW","location":"US"}}],"socialAspects":[],"allocationFactors":[]}