{"@type":"Process","@id":"26465530-69ff-3c68-834f-c67ccb6ee1b2","name":"Bituminous coal, combusted in industrial boiler","description":"In cases where industrial boiler data were not available, utility boiler data were adjusted accordingly., 100% inputs from technosphere and elementary flows allocated to the combustion of coal, and 0% to the production of ash and flue gas desulfurization sludge\nImportant note: although most of the data in the US LCI database has \nundergone some sort of review, the database as a whole has not yet \nundergone a formal validation process.\nPlease email comments to lci@nrel.gov.","category":"22: Utilities/2213: Water, Sewage and Other Systems","version":"00.01.003","lastChange":"2024-06-24T17:38:52.625Z","processType":"UNIT_PROCESS","defaultAllocationMethod":"NO_ALLOCATION","isInfrastructureProcess":false,"location":{"@type":"Location","@id":"b320e7db-c758-3ba6-8839-81eb83c9d7d7","name":"Northern America"},"processDocumentation":{"validFrom":"1996-12-31","validUntil":"2002-12-31","geographyDescription":"United States","technologyDescription":"Surface mining is used to extract 58 percent of the U.S. supply of coal, while underground mining extracts 42 percent","sources":[{"@type":"Source","@id":"a15c668d-1ca6-3382-a6ea-dba728647ff4","name":"EIA "},{"@type":"Source","@id":"8dbbc175-aa57-3f34-840b-ac7c0b36fb59","name":"DOE "},{"@type":"Source","@id":"8a8e6436-61d2-3d41-bf8c-e00c7dbf2895","name":"EPA "},{"@type":"Source","@id":"86358224-24b5-3644-8b83-2b7d081bac07","name":"Speight "},{"@type":"Source","@id":"4e9fd5bb-3255-3b60-a01a-732fe6db4a43","name":"unspecified "},{"@type":"Source","@id":"d356398c-5f24-3878-819c-c86ad7bb2e58","name":"Minerals Yearbook "},{"@type":"Source","@id":"08485c0e-7e37-3211-95bc-78ccb2f74c1c","name":"unspecified "},{"@type":"Source","@id":"f8628a03-cf60-3572-88d9-c6e835d6314b","name":"EPA "},{"@type":"Source","@id":"9316a67e-fabb-3a1e-bbb6-521943d7da4a","name":"EPA "},{"@type":"Source","@id":"dd96d452-b34f-3575-9c31-17d2149b5af8","name":"unspecified "},{"@type":"Source","@id":"330eac55-eb5b-3b63-9eec-5580c48471f0","name":"unspecified "},{"@type":"Source","@id":"ee2228a4-0d3c-39ea-9d40-33ce42732708","name":"Franklin Associates (2003) Estimate"},{"@type":"Source","@id":"b87ffaa1-b7e6-3ac0-87fd-22a23da27115","name":"EPA "},{"@type":"Source","@id":"fdfeae98-16b4-332c-a2bf-ea49dcdf2a6e","name":"Franklin Associates (2003) Bituminous Combustion Industrial Boiler"}],"dataGenerator":{"@type":"Actor","@id":"38e67478-a915-43d9-ad67-e25db79a4acc","name":"Franklin Associates, A Division of ERG","category":"Organisations"},"dataDocumentor":{"@type":"Actor","@id":"38e67478-a915-43d9-ad67-e25db79a4acc","name":"Franklin Associates, A Division of ERG","category":"Organisations"},"creationDate":"2013-10-22T15:00:11Z","publication":{"@type":"Source","@id":"fdfeae98-16b4-332c-a2bf-ea49dcdf2a6e","name":"Franklin Associates (2003) Bituminous Combustion Industrial Boiler"},"isCopyrightProtected":false,"restrictionsDescription":"All information can be accessed by everybody."},"lastInternalId":92,"parameters":[],"exchanges":[{"@type":"Exchange","isAvoidedProduct":false,"isInput":false,"amount":1.0,"internalId":1,"flow":{"@type":"Flow","@id":"73cd1596-214d-3403-87f1-f69fc3818886","name":"Bituminous coal, combusted in industrial boiler","category":"Technosphere Flows/22: Utilities/2213: Water, Sewage and Other Systems","flowType":"PRODUCT_FLOW","location":"RNA","refUnit":"kg"},"unit":{"@type":"Unit","@id":"20aadc24-a391-41cf-b340-3e4529f44bde","name":"kg"},"flowProperty":{"@type":"FlowProperty","@id":"93a60a56-a3c8-11da-a746-0800200b9a66","name":"Mass","category":"Technical flow properties","refUnit":"kg"},"isQuantitativeReference":true},{"@type":"Exchange","isAvoidedProduct":false,"isInput":false,"amount":1.741E-7,"internalId":83,"flow":{"@type":"Flow","@id":"50f56ea3-e292-3c09-89d2-74466af5f11e","name":"Nickel","category":"Elementary Flows/emission/air","flowType":"ELEMENTARY_FLOW","refUnit":"kg"},"unit":{"@type":"Unit","@id":"20aadc24-a391-41cf-b340-3e4529f44bde","name":"kg"},"flowProperty":{"@type":"FlowProperty","@id":"93a60a56-a3c8-11da-a746-0800200b9a66","name":"Mass","category":"Technical flow properties","refUnit":"kg"}},{"@type":"Exchange","isAvoidedProduct":false,"isInput":false,"amount":1.9E-11,"description":"Sources for PAH data are old or unverifiable. Use this PAH data with caution.","internalId":38,"flow":{"@type":"Flow","@id":"76bd7eb9-a592-319f-9234-9a469de5bd59","name":"Benzo[a]pyrene","category":"Elementary Flows/emission/air","flowType":"ELEMENTARY_FLOW","refUnit":"kg"},"unit":{"@type":"Unit","@id":"20aadc24-a391-41cf-b340-3e4529f44bde","name":"kg"},"flowProperty":{"@type":"FlowProperty","@id":"93a60a56-a3c8-11da-a746-0800200b9a66","name":"Mass","category":"Technical flow properties","refUnit":"kg"}},{"@type":"Exchange","isAvoidedProduct":false,"isInput":false,"amount":8.0E-8,"internalId":15,"flow":{"@type":"Flow","@id":"18281313-4dde-31e9-a1ac-c210254d7130","name":"Methyl bromide","category":"Elementary Flows/emission/air","flowType":"ELEMENTARY_FLOW","refUnit":"kg"},"unit":{"@type":"Unit","@id":"20aadc24-a391-41cf-b340-3e4529f44bde","name":"kg"},"flowProperty":{"@type":"FlowProperty","@id":"93a60a56-a3c8-11da-a746-0800200b9a66","name":"Mass","category":"Technical flow properties","refUnit":"kg"}},{"@type":"Exchange","isAvoidedProduct":false,"isInput":false,"amount":1.35E-11,"description":"Sources for PAH data are old or unverifiable. Use this PAH data with caution.","internalId":70,"flow":{"@type":"Flow","@id":"c19f72d2-41a0-3218-ba4f-61fa392accd6","name":"Benzo[ghi]perylene","category":"Elementary Flows/emission/air","flowType":"ELEMENTARY_FLOW","refUnit":"kg"},"unit":{"@type":"Unit","@id":"20aadc24-a391-41cf-b340-3e4529f44bde","name":"kg"},"flowProperty":{"@type":"FlowProperty","@id":"93a60a56-a3c8-11da-a746-0800200b9a66","name":"Mass","category":"Technical flow properties","refUnit":"kg"}},{"@type":"Exchange","isAvoidedProduct":false,"isInput":false,"amount":1.25E-10,"description":"Sources for PAH data are old or unverifiable. Use this PAH data with caution.","internalId":69,"flow":{"@type":"Flow","@id":"34b07e52-3833-3665-aeec-01aed3f78362","name":"Acenaphthylene","category":"Elementary Flows/emission/air","flowType":"ELEMENTARY_FLOW","refUnit":"kg"},"unit":{"@type":"Unit","@id":"20aadc24-a391-41cf-b340-3e4529f44bde","name":"kg"},"flowProperty":{"@type":"FlowProperty","@id":"93a60a56-a3c8-11da-a746-0800200b9a66","name":"Mass","category":"Technical flow properties","refUnit":"kg"}},{"@type":"Exchange","isAvoidedProduct":false,"isInput":false,"amount":3.65E-8,"internalId":90,"flow":{"@type":"Flow","@id":"3600a034-449c-3066-9960-6a13903c310d","name":"Di(2-ethylhexyl) phthalate","category":"Elementary Flows/emission/air","flowType":"ELEMENTARY_FLOW","refUnit":"kg"},"unit":{"@type":"Unit","@id":"20aadc24-a391-41cf-b340-3e4529f44bde","name":"kg"},"flowProperty":{"@type":"FlowProperty","@id":"93a60a56-a3c8-11da-a746-0800200b9a66","name":"Mass","category":"Technical flow properties","refUnit":"kg"}},{"@type":"Exchange","isAvoidedProduct":false,"isInput":true,"amount":1.043,"description":"Represents transportation from bituminous production/processing to industrial boiler.","internalId":85,"flow":{"@type":"Flow","@id":"73c7494d-4e93-3769-896b-8bb82f0dfccc","name":"Transport, train, diesel powered","category":"Technosphere Flows/48-49: Transportation and Warehousing/4821: Rail Transportation","flowType":"PRODUCT_FLOW","location":"RNA","refUnit":"t*km"},"unit":{"@type":"Unit","@id":"0dea4ed8-bb6b-4049-b2b4-b2c413ef2180","name":"t*km"},"flowProperty":{"@type":"FlowProperty","@id":"838aaa20-0117-11db-92e3-0800200c9a66","name":"Goods transport (mass*distance)","category":"Technical flow properties","refUnit":"t*km"},"defaultProvider":{"@type":"Process","@id":"7de9c230-fd0f-3478-be87-f80181132faa","name":"Transport, train, diesel powered","category":"48-49: Transportation and Warehousing/4821: Rail Transportation","processType":"UNIT_PROCESS","flowType":"PRODUCT_FLOW","location":"US"}},{"@type":"Exchange","isAvoidedProduct":false,"isInput":true,"amount":0.0067592,"description":"Represents transportation from bituminous production/processing to industrial boiler.","internalId":75,"flow":{"@type":"Flow","@id":"628c07ec-0802-39c1-ab88-1c62848ef436","name":"Transport, combination truck, diesel powered","category":"Technosphere Flows/48-49: Transportation and Warehousing/4841: General Freight Trucking","flowType":"PRODUCT_FLOW","location":"RNA","refUnit":"t*km"},"unit":{"@type":"Unit","@id":"0dea4ed8-bb6b-4049-b2b4-b2c413ef2180","name":"t*km"},"flowProperty":{"@type":"FlowProperty","@id":"838aaa20-0117-11db-92e3-0800200c9a66","name":"Goods transport (mass*distance)","category":"Technical flow properties","refUnit":"t*km"},"defaultProvider":{"@type":"Process","@id":"34156f3c-28ef-33db-9ad0-6293a2aa0d52","name":"Transport, combination truck, diesel powered","category":"48-49: Transportation and Warehousing/4841: General Freight Trucking","processType":"UNIT_PROCESS","flowType":"PRODUCT_FLOW","location":"RNA"}},{"@type":"Exchange","isAvoidedProduct":false,"isInput":false,"amount":2.2297E-5,"internalId":27,"flow":{"@type":"Flow","@id":"40ba4085-36b8-3564-8552-5d3bd6186f93","name":"Fluoride","category":"Elementary Flows/emission/air","flowType":"ELEMENTARY_FLOW","refUnit":"kg"},"unit":{"@type":"Unit","@id":"20aadc24-a391-41cf-b340-3e4529f44bde","name":"kg"},"flowProperty":{"@type":"FlowProperty","@id":"93a60a56-a3c8-11da-a746-0800200b9a66","name":"Mass","category":"Technical flow properties","refUnit":"kg"}},{"@type":"Exchange","isAvoidedProduct":false,"isInput":false,"amount":2.634,"internalId":28,"flow":{"@type":"Flow","@id":"b6f010fb-a764-3063-af2d-bcb8309a97b7","name":"Carbon dioxide","category":"Elementary Flows/emission/air","flowType":"ELEMENTARY_FLOW","refUnit":"kg"},"unit":{"@type":"Unit","@id":"20aadc24-a391-41cf-b340-3e4529f44bde","name":"kg"},"flowProperty":{"@type":"FlowProperty","@id":"93a60a56-a3c8-11da-a746-0800200b9a66","name":"Mass","category":"Technical flow properties","refUnit":"kg"}},{"@type":"Exchange","isAvoidedProduct":false,"isInput":false,"amount":9.0E-9,"internalId":46,"flow":{"@type":"Flow","@id":"9de688f4-2302-3557-b50c-0f1d304977f4","name":"Antimony","category":"Elementary Flows/emission/air","flowType":"ELEMENTARY_FLOW","refUnit":"kg"},"unit":{"@type":"Unit","@id":"20aadc24-a391-41cf-b340-3e4529f44bde","name":"kg"},"flowProperty":{"@type":"FlowProperty","@id":"93a60a56-a3c8-11da-a746-0800200b9a66","name":"Mass","category":"Technical flow properties","refUnit":"kg"}},{"@type":"Exchange","isAvoidedProduct":false,"isInput":false,"amount":1.7862E-6,"internalId":72,"flow":{"@type":"Flow","@id":"fe829136-3042-36e6-b4cb-7ff591e8db98","name":"Lead","category":"Elementary Flows/emission/air","flowType":"ELEMENTARY_FLOW","refUnit":"kg"},"unit":{"@type":"Unit","@id":"20aadc24-a391-41cf-b340-3e4529f44bde","name":"kg"},"flowProperty":{"@type":"FlowProperty","@id":"93a60a56-a3c8-11da-a746-0800200b9a66","name":"Mass","category":"Technical flow properties","refUnit":"kg"}},{"@type":"Exchange","isAvoidedProduct":false,"isInput":false,"amount":2.55E-10,"description":"Sources for PAH data are old or unverifiable. Use this PAH data with caution.","internalId":86,"flow":{"@type":"Flow","@id":"43aed9d7-5a9b-3f3e-8d51-cc8bebd9a9a1","name":"Acenaphthene","category":"Elementary Flows/emission/air","flowType":"ELEMENTARY_FLOW","refUnit":"kg"},"unit":{"@type":"Unit","@id":"20aadc24-a391-41cf-b340-3e4529f44bde","name":"kg"},"flowProperty":{"@type":"FlowProperty","@id":"93a60a56-a3c8-11da-a746-0800200b9a66","name":"Mass","category":"Technical flow properties","refUnit":"kg"}},{"@type":"Exchange","isAvoidedProduct":false,"isInput":false,"amount":5.2357E-5,"internalId":47,"flow":{"@type":"Flow","@id":"1c288388-0f32-30f1-8267-19b8d72c80df","name":"Hydrofluoric acid","category":"Elementary Flows/emission/air","flowType":"ELEMENTARY_FLOW","refUnit":"kg"},"unit":{"@type":"Unit","@id":"20aadc24-a391-41cf-b340-3e4529f44bde","name":"kg"},"flowProperty":{"@type":"FlowProperty","@id":"93a60a56-a3c8-11da-a746-0800200b9a66","name":"Mass","category":"Technical flow properties","refUnit":"kg"}},{"@type":"Exchange","isAvoidedProduct":false,"isInput":false,"amount":3.35E-8,"internalId":43,"flow":{"@type":"Flow","@id":"7955b6e2-3ae6-315c-94f1-028d7faada34","name":"Hexane","category":"Elementary Flows/emission/air","flowType":"ELEMENTARY_FLOW","refUnit":"kg"},"unit":{"@type":"Unit","@id":"20aadc24-a391-41cf-b340-3e4529f44bde","name":"kg"},"flowProperty":{"@type":"FlowProperty","@id":"93a60a56-a3c8-11da-a746-0800200b9a66","name":"Mass","category":"Technical flow properties","refUnit":"kg"}},{"@type":"Exchange","isAvoidedProduct":false,"isInput":false,"amount":0.016585,"internalId":65,"flow":{"@type":"Flow","@id":"f4973035-59f5-3bdc-b257-b274dcc04e0f","name":"Sulfur dioxide","category":"Elementary Flows/emission/air","flowType":"ELEMENTARY_FLOW","refUnit":"kg"},"unit":{"@type":"Unit","@id":"20aadc24-a391-41cf-b340-3e4529f44bde","name":"kg"},"flowProperty":{"@type":"FlowProperty","@id":"93a60a56-a3c8-11da-a746-0800200b9a66","name":"Mass","category":"Technical flow properties","refUnit":"kg"}},{"@type":"Exchange","isAvoidedProduct":false,"isInput":false,"amount":1.1E-8,"internalId":34,"flow":{"@type":"Flow","@id":"0fe64d97-61d5-3366-9778-8c39d00edd73","name":"Chlorobenzene","category":"Elementary Flows/emission/air","flowType":"ELEMENTARY_FLOW","refUnit":"kg"},"unit":{"@type":"Unit","@id":"20aadc24-a391-41cf-b340-3e4529f44bde","name":"kg"},"flowProperty":{"@type":"FlowProperty","@id":"93a60a56-a3c8-11da-a746-0800200b9a66","name":"Mass","category":"Technical flow properties","refUnit":"kg"}},{"@type":"Exchange","isAvoidedProduct":false,"isInput":true,"amount":0.12662,"description":"Represents transportation from bituminous production/processing to industrial boiler.","internalId":81,"flow":{"@type":"Flow","@id":"4069483a-8d94-3b6b-81be-5f0a249b74f4","name":"Transport, barge, average fuel mix","category":"Technosphere Flows/48-49: Transportation and Warehousing/4832: Inland Water Transportation","flowType":"PRODUCT_FLOW","location":"RNA","refUnit":"t*km"},"unit":{"@type":"Unit","@id":"0dea4ed8-bb6b-4049-b2b4-b2c413ef2180","name":"t*km"},"flowProperty":{"@type":"FlowProperty","@id":"838aaa20-0117-11db-92e3-0800200c9a66","name":"Goods transport (mass*distance)","category":"Technical flow properties","refUnit":"t*km"},"defaultProvider":{"@type":"Process","@id":"099c3d09-08a3-3cac-9ffd-0558c12033b9","name":"Transport, barge, average fuel mix","category":"48-49: Transportation and Warehousing/4832: Inland Water Transportation","processType":"UNIT_PROCESS","flowType":"PRODUCT_FLOW","location":"US"}},{"@type":"Exchange","isAvoidedProduct":false,"isInput":false,"amount":2.0108E-6,"internalId":48,"flow":{"@type":"Flow","@id":"f0c2682e-2a68-33f1-80bb-005ee7844eb0","name":"Suspended solids, inorganic","category":"Elementary Flows/emission/water","flowType":"ELEMENTARY_FLOW","refUnit":"kg"},"unit":{"@type":"Unit","@id":"20aadc24-a391-41cf-b340-3e4529f44bde","name":"kg"},"flowProperty":{"@type":"FlowProperty","@id":"93a60a56-a3c8-11da-a746-0800200b9a66","name":"Mass","category":"Technical flow properties","refUnit":"kg"}},{"@type":"Exchange","isAvoidedProduct":false,"isInput":false,"amount":1.85E-8,"internalId":21,"flow":{"@type":"Flow","@id":"aef9d0ff-6482-3b1d-a53e-4d738bdcd9b1","name":"Xylene","category":"Elementary Flows/emission/air","flowType":"ELEMENTARY_FLOW","refUnit":"kg"},"unit":{"@type":"Unit","@id":"20aadc24-a391-41cf-b340-3e4529f44bde","name":"kg"},"flowProperty":{"@type":"FlowProperty","@id":"93a60a56-a3c8-11da-a746-0800200b9a66","name":"Mass","category":"Technical flow properties","refUnit":"kg"}},{"@type":"Exchange","isAvoidedProduct":false,"isInput":false,"amount":7.7597E-9,"internalId":2,"flow":{"@type":"Flow","@id":"0346d063-4db1-3f52-a695-892c4c98d443","name":"Beryllium","category":"Elementary Flows/emission/air","flowType":"ELEMENTARY_FLOW","refUnit":"kg"},"unit":{"@type":"Unit","@id":"20aadc24-a391-41cf-b340-3e4529f44bde","name":"kg"},"flowProperty":{"@type":"FlowProperty","@id":"93a60a56-a3c8-11da-a746-0800200b9a66","name":"Mass","category":"Technical flow properties","refUnit":"kg"}},{"@type":"Exchange","isAvoidedProduct":false,"isInput":false,"amount":2.95E-8,"internalId":56,"flow":{"@type":"Flow","@id":"9fc17701-9417-3281-b9a3-d7ab3ecc1c57","name":"Chloroform","category":"Elementary Flows/emission/air","flowType":"ELEMENTARY_FLOW","refUnit":"kg"},"unit":{"@type":"Unit","@id":"20aadc24-a391-41cf-b340-3e4529f44bde","name":"kg"},"flowProperty":{"@type":"FlowProperty","@id":"93a60a56-a3c8-11da-a746-0800200b9a66","name":"Mass","category":"Technical flow properties","refUnit":"kg"}},{"@type":"Exchange","isAvoidedProduct":false,"isInput":false,"amount":1.0E-8,"internalId":60,"flow":{"@type":"Flow","@id":"02f393d6-bc1c-370e-9144-a022ddca1d0a","name":"Methyl methacrylate","category":"Elementary Flows/emission/air","flowType":"ELEMENTARY_FLOW","refUnit":"kg"},"unit":{"@type":"Unit","@id":"20aadc24-a391-41cf-b340-3e4529f44bde","name":"kg"},"flowProperty":{"@type":"FlowProperty","@id":"93a60a56-a3c8-11da-a746-0800200b9a66","name":"Mass","category":"Technical flow properties","refUnit":"kg"}},{"@type":"Exchange","isAvoidedProduct":false,"isInput":false,"amount":5.0E-11,"description":"Sources for PAH data are old or unverifiable. Use this PAH data with caution.","internalId":84,"flow":{"@type":"Flow","@id":"993fb955-f686-37f7-96e1-22b8c2a35ced","name":"Chrysene","category":"Elementary Flows/emission/air","flowType":"ELEMENTARY_FLOW","refUnit":"kg"},"unit":{"@type":"Unit","@id":"20aadc24-a391-41cf-b340-3e4529f44bde","name":"kg"},"flowProperty":{"@type":"FlowProperty","@id":"93a60a56-a3c8-11da-a746-0800200b9a66","name":"Mass","category":"Technical flow properties","refUnit":"kg"}},{"@type":"Exchange","isAvoidedProduct":false,"isInput":false,"amount":1.35E-9,"description":"Sources for PAH data are old or unverifiable. Use this PAH data with caution.","internalId":82,"flow":{"@type":"Flow","@id":"12ae4a71-1402-36e9-ada8-fe6cb98c56ee","name":"Phenanthrene","category":"Elementary Flows/emission/air","flowType":"ELEMENTARY_FLOW","refUnit":"kg"},"unit":{"@type":"Unit","@id":"20aadc24-a391-41cf-b340-3e4529f44bde","name":"kg"},"flowProperty":{"@type":"FlowProperty","@id":"93a60a56-a3c8-11da-a746-0800200b9a66","name":"Mass","category":"Technical flow properties","refUnit":"kg"}},{"@type":"Exchange","isAvoidedProduct":false,"isInput":false,"amount":4.0E-11,"description":"Sources for PAH data are old or unverifiable. Use this PAH data with caution.","internalId":7,"flow":{"@type":"Flow","@id":"248c35a7-7964-3f7b-aff8-9f29e983835e","name":"Benz[a]anthracene","category":"Elementary Flows/emission/air","flowType":"ELEMENTARY_FLOW","refUnit":"kg"},"unit":{"@type":"Unit","@id":"20aadc24-a391-41cf-b340-3e4529f44bde","name":"kg"},"flowProperty":{"@type":"FlowProperty","@id":"93a60a56-a3c8-11da-a746-0800200b9a66","name":"Mass","category":"Technical flow properties","refUnit":"kg"}},{"@type":"Exchange","isAvoidedProduct":false,"isInput":false,"amount":2.85E-7,"internalId":63,"flow":{"@type":"Flow","@id":"09dc3fe9-7e57-321f-9e04-34375bf2a0b7","name":"Acetaldehyde","category":"Elementary Flows/emission/air","flowType":"ELEMENTARY_FLOW","refUnit":"kg"},"unit":{"@type":"Unit","@id":"20aadc24-a391-41cf-b340-3e4529f44bde","name":"kg"},"flowProperty":{"@type":"FlowProperty","@id":"93a60a56-a3c8-11da-a746-0800200b9a66","name":"Mass","category":"Technical flow properties","refUnit":"kg"}},{"@type":"Exchange","isAvoidedProduct":false,"isInput":true,"amount":1.0,"internalId":36,"flow":{"@type":"Flow","@id":"55b4aeab-0576-3a9b-b476-b561197ec3f2","name":"Bituminous coal, at mine","category":"Technosphere Flows/21: Mining, Quarrying, and Oil and Gas Extraction/2121: Coal Mining","flowType":"PRODUCT_FLOW","location":"RNA","refUnit":"kg"},"unit":{"@type":"Unit","@id":"20aadc24-a391-41cf-b340-3e4529f44bde","name":"kg"},"flowProperty":{"@type":"FlowProperty","@id":"93a60a56-a3c8-11da-a746-0800200b9a66","name":"Mass","category":"Technical flow properties","refUnit":"kg"},"defaultProvider":{"@type":"Process","@id":"317adcbc-b3e3-3ec3-80c3-82b18d0f3207","name":"Bituminous coal, at mine","category":"21: Mining, Quarrying, and Oil and Gas Extraction/2121: Coal Mining","processType":"UNIT_PROCESS","flowType":"PRODUCT_FLOW","location":"RNA"}},{"@type":"Exchange","isAvoidedProduct":false,"isInput":false,"amount":2.65E-7,"internalId":25,"flow":{"@type":"Flow","@id":"3e771661-38c3-332b-b4cb-8e2421b045ce","name":"Chloromethane","category":"Elementary Flows/emission/air","flowType":"ELEMENTARY_FLOW","refUnit":"kg"},"unit":{"@type":"Unit","@id":"20aadc24-a391-41cf-b340-3e4529f44bde","name":"kg"},"flowProperty":{"@type":"FlowProperty","@id":"93a60a56-a3c8-11da-a746-0800200b9a66","name":"Mass","category":"Technical flow properties","refUnit":"kg"}},{"@type":"Exchange","isAvoidedProduct":false,"isInput":false,"amount":1.1E-11,"description":"Sources for PAH data are old or unverifiable. Use this PAH data with caution.","internalId":3,"flow":{"@type":"Flow","@id":"647cac25-44c0-35e5-88c8-8935f2660071","name":"5-Methylchrysene","category":"Elementary Flows/emission/air","flowType":"ELEMENTARY_FLOW","refUnit":"kg"},"unit":{"@type":"Unit","@id":"20aadc24-a391-41cf-b340-3e4529f44bde","name":"kg"},"flowProperty":{"@type":"FlowProperty","@id":"93a60a56-a3c8-11da-a746-0800200b9a66","name":"Mass","category":"Technical flow properties","refUnit":"kg"}},{"@type":"Exchange","isAvoidedProduct":false,"isInput":false,"amount":3.05E-11,"description":"Sources for PAH data are old or unverifiable. Use this PAH data with caution.","internalId":45,"flow":{"@type":"Flow","@id":"e962ef47-cedd-36b6-b962-abacbab62a02","name":"Indeno[1,2,3-cd]pyrene","category":"Elementary Flows/emission/air","flowType":"ELEMENTARY_FLOW","refUnit":"kg"},"unit":{"@type":"Unit","@id":"20aadc24-a391-41cf-b340-3e4529f44bde","name":"kg"},"flowProperty":{"@type":"FlowProperty","@id":"93a60a56-a3c8-11da-a746-0800200b9a66","name":"Mass","category":"Technical flow properties","refUnit":"kg"}},{"@type":"Exchange","isAvoidedProduct":false,"isInput":false,"amount":1.95E-8,"internalId":53,"flow":{"@type":"Flow","@id":"53effec4-058b-3ab7-b7d5-005d39dd0eb9","name":"Tribromomethane","category":"Elementary Flows/emission/air","flowType":"ELEMENTARY_FLOW","refUnit":"kg"},"unit":{"@type":"Unit","@id":"20aadc24-a391-41cf-b340-3e4529f44bde","name":"kg"},"flowProperty":{"@type":"FlowProperty","@id":"93a60a56-a3c8-11da-a746-0800200b9a66","name":"Mass","category":"Technical flow properties","refUnit":"kg"}},{"@type":"Exchange","isAvoidedProduct":false,"isInput":false,"amount":1.2E-7,"internalId":51,"flow":{"@type":"Flow","@id":"3f72fe9c-b003-38ee-b8d2-13a84f60506c","name":"Toluene","category":"Elementary Flows/emission/air","flowType":"ELEMENTARY_FLOW","refUnit":"kg"},"unit":{"@type":"Unit","@id":"20aadc24-a391-41cf-b340-3e4529f44bde","name":"kg"},"flowProperty":{"@type":"FlowProperty","@id":"93a60a56-a3c8-11da-a746-0800200b9a66","name":"Mass","category":"Technical flow properties","refUnit":"kg"}},{"@type":"Exchange","isAvoidedProduct":false,"isInput":false,"amount":4.7668E-5,"internalId":42,"flow":{"@type":"Flow","@id":"565c5d1a-1e0e-35f3-82a0-4845c43d3dcf","name":"Benzene","category":"Elementary Flows/emission/air","flowType":"ELEMENTARY_FLOW","refUnit":"kg"},"unit":{"@type":"Unit","@id":"20aadc24-a391-41cf-b340-3e4529f44bde","name":"kg"},"flowProperty":{"@type":"FlowProperty","@id":"93a60a56-a3c8-11da-a746-0800200b9a66","name":"Mass","category":"Technical flow properties","refUnit":"kg"}},{"@type":"Exchange","isAvoidedProduct":false,"isInput":false,"amount":6.5409E-7,"internalId":89,"flow":{"@type":"Flow","@id":"e2c65e04-f613-33db-9a6e-4cb4577b0005","name":"Mercury","category":"Elementary Flows/emission/air","flowType":"ELEMENTARY_FLOW","refUnit":"kg"},"unit":{"@type":"Unit","@id":"20aadc24-a391-41cf-b340-3e4529f44bde","name":"kg"},"flowProperty":{"@type":"FlowProperty","@id":"93a60a56-a3c8-11da-a746-0800200b9a66","name":"Mass","category":"Technical flow properties","refUnit":"kg"}},{"@type":"Exchange","isAvoidedProduct":false,"isInput":false,"amount":8.0E-9,"internalId":23,"flow":{"@type":"Flow","@id":"48b51613-f8fc-326e-8cae-bc6394e237c8","name":"Phenols","category":"Elementary Flows/emission/air","flowType":"ELEMENTARY_FLOW","refUnit":"kg"},"unit":{"@type":"Unit","@id":"20aadc24-a391-41cf-b340-3e4529f44bde","name":"kg"},"flowProperty":{"@type":"FlowProperty","@id":"93a60a56-a3c8-11da-a746-0800200b9a66","name":"Mass","category":"Technical flow properties","refUnit":"kg"}},{"@type":"Exchange","isAvoidedProduct":false,"isInput":false,"amount":3.5E-9,"internalId":17,"flow":{"@type":"Flow","@id":"bc661fdc-7c3a-3ce3-81dd-7c3ac1f859a8","name":"2-Chloroacetophenone","category":"Elementary Flows/emission/air/stratosphere","flowType":"ELEMENTARY_FLOW","refUnit":"kg"},"unit":{"@type":"Unit","@id":"20aadc24-a391-41cf-b340-3e4529f44bde","name":"kg"},"flowProperty":{"@type":"FlowProperty","@id":"93a60a56-a3c8-11da-a746-0800200b9a66","name":"Mass","category":"Technical flow properties","refUnit":"kg"}},{"@type":"Exchange","isAvoidedProduct":false,"isInput":false,"amount":1.7876E-7,"internalId":26,"flow":{"@type":"Flow","@id":"9a474c27-63f9-3d0d-a74c-465fd97400e7","name":"Manganese","category":"Elementary Flows/emission/air","flowType":"ELEMENTARY_FLOW","refUnit":"kg"},"unit":{"@type":"Unit","@id":"20aadc24-a391-41cf-b340-3e4529f44bde","name":"kg"},"flowProperty":{"@type":"FlowProperty","@id":"93a60a56-a3c8-11da-a746-0800200b9a66","name":"Mass","category":"Technical flow properties","refUnit":"kg"}},{"@type":"Exchange","isAvoidedProduct":false,"isInput":false,"amount":2.15E-8,"internalId":59,"flow":{"@type":"Flow","@id":"984f3962-1a35-3813-bbf1-e3887be06b6f","name":"Tetrachloroethylene","category":"Elementary Flows/emission/air","flowType":"ELEMENTARY_FLOW","refUnit":"kg"},"unit":{"@type":"Unit","@id":"20aadc24-a391-41cf-b340-3e4529f44bde","name":"kg"},"flowProperty":{"@type":"FlowProperty","@id":"93a60a56-a3c8-11da-a746-0800200b9a66","name":"Mass","category":"Technical flow properties","refUnit":"kg"}},{"@type":"Exchange","isAvoidedProduct":false,"isInput":false,"amount":5.5E-6,"internalId":20,"flow":{"@type":"Flow","@id":"38b7760e-42fa-3d33-b91c-67d348d99097","name":"Magnesium","category":"Elementary Flows/emission/air","flowType":"ELEMENTARY_FLOW","refUnit":"kg"},"unit":{"@type":"Unit","@id":"20aadc24-a391-41cf-b340-3e4529f44bde","name":"kg"},"flowProperty":{"@type":"FlowProperty","@id":"93a60a56-a3c8-11da-a746-0800200b9a66","name":"Mass","category":"Technical flow properties","refUnit":"kg"}},{"@type":"Exchange","isAvoidedProduct":false,"isInput":false,"amount":1.4E-10,"internalId":76,"flow":{"@type":"Flow","@id":"7fdbc046-29ad-3377-a9c1-a45031e0cd53","name":"2,4-Dinitrotoluene","category":"Elementary Flows/emission/air","flowType":"ELEMENTARY_FLOW","refUnit":"kg"},"unit":{"@type":"Unit","@id":"20aadc24-a391-41cf-b340-3e4529f44bde","name":"kg"},"flowProperty":{"@type":"FlowProperty","@id":"93a60a56-a3c8-11da-a746-0800200b9a66","name":"Mass","category":"Technical flow properties","refUnit":"kg"}},{"@type":"Exchange","isAvoidedProduct":false,"isInput":false,"amount":1.085E-4,"internalId":19,"flow":{"@type":"Flow","@id":"8122f9fb-a740-3bb7-bb66-f3f64059629d","name":"Mercaptans","category":"Elementary Flows/emission/air","flowType":"ELEMENTARY_FLOW","refUnit":"kg"},"unit":{"@type":"Unit","@id":"20aadc24-a391-41cf-b340-3e4529f44bde","name":"kg"},"flowProperty":{"@type":"FlowProperty","@id":"93a60a56-a3c8-11da-a746-0800200b9a66","name":"Mass","category":"Technical flow properties","refUnit":"kg"}},{"@type":"Exchange","isAvoidedProduct":false,"isInput":false,"amount":8.5E-10,"description":"Sources for PAH data are old or unverifiable. Use this PAH data with caution.","internalId":50,"flow":{"@type":"Flow","@id":"52e6476c-bc9d-3aa2-bfb8-6597393b87d1","name":"Biphenyl","category":"Elementary Flows/emission/air","flowType":"ELEMENTARY_FLOW","refUnit":"kg"},"unit":{"@type":"Unit","@id":"20aadc24-a391-41cf-b340-3e4529f44bde","name":"kg"},"flowProperty":{"@type":"FlowProperty","@id":"93a60a56-a3c8-11da-a746-0800200b9a66","name":"Mass","category":"Technical flow properties","refUnit":"kg"}},{"@type":"Exchange","isAvoidedProduct":false,"isInput":false,"amount":1.25E-6,"internalId":58,"flow":{"@type":"Flow","@id":"37037bee-9867-3769-999c-c4d891b9975b","name":"Cyanide","category":"Elementary Flows/emission/air","flowType":"ELEMENTARY_FLOW","refUnit":"kg"},"unit":{"@type":"Unit","@id":"20aadc24-a391-41cf-b340-3e4529f44bde","name":"kg"},"flowProperty":{"@type":"FlowProperty","@id":"93a60a56-a3c8-11da-a746-0800200b9a66","name":"Mass","category":"Technical flow properties","refUnit":"kg"}},{"@type":"Exchange","isAvoidedProduct":false,"isInput":false,"amount":1.95E-7,"internalId":11,"flow":{"@type":"Flow","@id":"086497a9-ac6e-3e3f-9b16-d980cc0bb381","name":"Methyl ethyl ketone","category":"Elementary Flows/emission/air","flowType":"ELEMENTARY_FLOW","refUnit":"kg"},"unit":{"@type":"Unit","@id":"20aadc24-a391-41cf-b340-3e4529f44bde","name":"kg"},"flowProperty":{"@type":"FlowProperty","@id":"93a60a56-a3c8-11da-a746-0800200b9a66","name":"Mass","category":"Technical flow properties","refUnit":"kg"}},{"@type":"Exchange","isAvoidedProduct":false,"isInput":false,"amount":6.5E-7,"internalId":29,"flow":{"@type":"Flow","@id":"b6db14bd-73e9-3f02-852a-e8b5e60bbc61","name":"Selenium","category":"Elementary Flows/emission/air","flowType":"ELEMENTARY_FLOW","refUnit":"kg"},"unit":{"@type":"Unit","@id":"20aadc24-a391-41cf-b340-3e4529f44bde","name":"kg"},"flowProperty":{"@type":"FlowProperty","@id":"93a60a56-a3c8-11da-a746-0800200b9a66","name":"Mass","category":"Technical flow properties","refUnit":"kg"}},{"@type":"Exchange","isAvoidedProduct":false,"isInput":false,"amount":1.05E-10,"description":"Sources for PAH data are old or unverifiable. Use this PAH data with caution.","internalId":61,"flow":{"@type":"Flow","@id":"5aaca76f-ed8b-3dc6-9cb3-597421c567ac","name":"Anthracene","category":"Elementary Flows/emission/air","flowType":"ELEMENTARY_FLOW","refUnit":"kg"},"unit":{"@type":"Unit","@id":"20aadc24-a391-41cf-b340-3e4529f44bde","name":"kg"},"flowProperty":{"@type":"FlowProperty","@id":"93a60a56-a3c8-11da-a746-0800200b9a66","name":"Mass","category":"Technical flow properties","refUnit":"kg"}},{"@type":"Exchange","isAvoidedProduct":false,"isInput":false,"amount":3.55E-10,"description":"Sources for PAH data are old or unverifiable. Use this PAH data with caution.","internalId":54,"flow":{"@type":"Flow","@id":"c89c263a-b0b7-34c9-a27c-d9ebf851c3cc","name":"Fluoranthene","category":"Elementary Flows/emission/air","flowType":"ELEMENTARY_FLOW","refUnit":"kg"},"unit":{"@type":"Unit","@id":"20aadc24-a391-41cf-b340-3e4529f44bde","name":"kg"},"flowProperty":{"@type":"FlowProperty","@id":"93a60a56-a3c8-11da-a746-0800200b9a66","name":"Mass","category":"Technical flow properties","refUnit":"kg"}},{"@type":"Exchange","isAvoidedProduct":false,"isInput":false,"amount":2.1E-8,"internalId":22,"flow":{"@type":"Flow","@id":"a48770cd-a7a2-3e86-9e1b-083d68ba4351","name":"Chloroethane","category":"Elementary Flows/emission/air","flowType":"ELEMENTARY_FLOW","refUnit":"kg"},"unit":{"@type":"Unit","@id":"20aadc24-a391-41cf-b340-3e4529f44bde","name":"kg"},"flowProperty":{"@type":"FlowProperty","@id":"93a60a56-a3c8-11da-a746-0800200b9a66","name":"Mass","category":"Technical flow properties","refUnit":"kg"}},{"@type":"Exchange","isAvoidedProduct":false,"isInput":false,"amount":3.0654E-4,"internalId":55,"flow":{"@type":"Flow","@id":"e2230ed6-8d5e-3315-8bc9-ce337d1283ce","name":"Hydrochloric acid","category":"Elementary Flows/emission/air","flowType":"ELEMENTARY_FLOW","refUnit":"kg"},"unit":{"@type":"Unit","@id":"20aadc24-a391-41cf-b340-3e4529f44bde","name":"kg"},"flowProperty":{"@type":"FlowProperty","@id":"93a60a56-a3c8-11da-a746-0800200b9a66","name":"Mass","category":"Technical flow properties","refUnit":"kg"}},{"@type":"Exchange","isAvoidedProduct":false,"isInput":false,"amount":6.0E-10,"internalId":16,"flow":{"@type":"Flow","@id":"a8ead97e-1f5f-3c0c-aa72-c7b25050864e","name":"Ethylene dibromide","category":"Elementary Flows/emission/air","flowType":"ELEMENTARY_FLOW","refUnit":"kg"},"unit":{"@type":"Unit","@id":"20aadc24-a391-41cf-b340-3e4529f44bde","name":"kg"},"flowProperty":{"@type":"FlowProperty","@id":"93a60a56-a3c8-11da-a746-0800200b9a66","name":"Mass","category":"Technical flow properties","refUnit":"kg"}},{"@type":"Exchange","isAvoidedProduct":false,"isInput":false,"amount":1.9E-7,"internalId":78,"flow":{"@type":"Flow","@id":"592fa548-20aa-36e9-b703-68be0ff6f30a","name":"Propionaldehyde","category":"Elementary Flows/emission/air","flowType":"ELEMENTARY_FLOW","refUnit":"kg"},"unit":{"@type":"Unit","@id":"20aadc24-a391-41cf-b340-3e4529f44bde","name":"kg"},"flowProperty":{"@type":"FlowProperty","@id":"93a60a56-a3c8-11da-a746-0800200b9a66","name":"Mass","category":"Technical flow properties","refUnit":"kg"}},{"@type":"Exchange","isAvoidedProduct":false,"isInput":true,"amount":0.0050212,"description":"Represents transportation from bituminous production/processing to industrial boiler.","internalId":57,"flow":{"@type":"Flow","@id":"5ad60ebf-0454-3157-ba57-5e989b8bbbfe","name":"Transport, pipeline, coal slurry","category":"Technosphere Flows/CUTOFF Flows","flowType":"PRODUCT_FLOW","refUnit":"t*km"},"unit":{"@type":"Unit","@id":"0dea4ed8-bb6b-4049-b2b4-b2c413ef2180","name":"t*km"},"flowProperty":{"@type":"FlowProperty","@id":"838aaa20-0117-11db-92e3-0800200c9a66","name":"Goods transport (mass*distance)","category":"Technical flow properties","refUnit":"t*km"}},{"@type":"Exchange","isAvoidedProduct":false,"isInput":false,"amount":5.0E-8,"internalId":52,"flow":{"@type":"Flow","@id":"e0d81f05-0407-3fc9-9f11-e2d22a6edebd","name":"Cobalt","category":"Elementary Flows/emission/air","flowType":"ELEMENTARY_FLOW","refUnit":"kg"},"unit":{"@type":"Unit","@id":"20aadc24-a391-41cf-b340-3e4529f44bde","name":"kg"},"flowProperty":{"@type":"FlowProperty","@id":"93a60a56-a3c8-11da-a746-0800200b9a66","name":"Mass","category":"Technical flow properties","refUnit":"kg"}},{"@type":"Exchange","isAvoidedProduct":false,"isInput":false,"amount":4.7E-8,"internalId":6,"flow":{"@type":"Flow","@id":"7b2a26ef-86ec-39e1-82e6-016b31800e2b","name":"Ethylbenzene","category":"Elementary Flows/emission/air","flowType":"ELEMENTARY_FLOW","refUnit":"kg"},"unit":{"@type":"Unit","@id":"20aadc24-a391-41cf-b340-3e4529f44bde","name":"kg"},"flowProperty":{"@type":"FlowProperty","@id":"93a60a56-a3c8-11da-a746-0800200b9a66","name":"Mass","category":"Technical flow properties","refUnit":"kg"}},{"@type":"Exchange","isAvoidedProduct":false,"isInput":false,"amount":2.65E-9,"internalId":77,"flow":{"@type":"Flow","@id":"8f6e0975-9a80-3709-8ee7-1e4c0a9c9e1c","name":"Cumene","category":"Elementary Flows/emission/air","flowType":"ELEMENTARY_FLOW","refUnit":"kg"},"unit":{"@type":"Unit","@id":"20aadc24-a391-41cf-b340-3e4529f44bde","name":"kg"},"flowProperty":{"@type":"FlowProperty","@id":"93a60a56-a3c8-11da-a746-0800200b9a66","name":"Mass","category":"Technical flow properties","refUnit":"kg"}},{"@type":"Exchange","isAvoidedProduct":false,"isInput":false,"amount":1.0E-8,"internalId":68,"flow":{"@type":"Flow","@id":"0c56aee4-7e22-3e85-8e83-34829f3e8304","name":"1,1,1-Trichloroethane","category":"Elementary Flows/emission/air","flowType":"ELEMENTARY_FLOW","refUnit":"kg"},"unit":{"@type":"Unit","@id":"20aadc24-a391-41cf-b340-3e4529f44bde","name":"kg"},"flowProperty":{"@type":"FlowProperty","@id":"93a60a56-a3c8-11da-a746-0800200b9a66","name":"Mass","category":"Technical flow properties","refUnit":"kg"}},{"@type":"Exchange","isAvoidedProduct":false,"isInput":false,"amount":4.4278E-8,"internalId":5,"flow":{"@type":"Flow","@id":"d5a296be-7219-3921-a430-cff172ac7911","name":"Cadmium","category":"Elementary Flows/emission/air","flowType":"ELEMENTARY_FLOW","refUnit":"kg"},"unit":{"@type":"Unit","@id":"20aadc24-a391-41cf-b340-3e4529f44bde","name":"kg"},"flowProperty":{"@type":"FlowProperty","@id":"93a60a56-a3c8-11da-a746-0800200b9a66","name":"Mass","category":"Technical flow properties","refUnit":"kg"}},{"@type":"Exchange","isAvoidedProduct":false,"isInput":false,"amount":6.5E-9,"description":"Sources for PAH data are old or unverifiable. Use this PAH data with caution.","internalId":39,"flow":{"@type":"Flow","@id":"ebf3aeb4-7a46-3029-a8f8-83d68f4d4ce5","name":"Naphthalene","category":"Elementary Flows/emission/air","flowType":"ELEMENTARY_FLOW","refUnit":"kg"},"unit":{"@type":"Unit","@id":"20aadc24-a391-41cf-b340-3e4529f44bde","name":"kg"},"flowProperty":{"@type":"FlowProperty","@id":"93a60a56-a3c8-11da-a746-0800200b9a66","name":"Mass","category":"Technical flow properties","refUnit":"kg"}},{"@type":"Exchange","isAvoidedProduct":false,"isInput":false,"amount":7.5E-9,"internalId":8,"flow":{"@type":"Flow","@id":"8384736f-93e4-3edc-af93-47bdc7ef9fc7","name":"Acetophenone","category":"Elementary Flows/emission/air","flowType":"ELEMENTARY_FLOW","refUnit":"kg"},"unit":{"@type":"Unit","@id":"20aadc24-a391-41cf-b340-3e4529f44bde","name":"kg"},"flowProperty":{"@type":"FlowProperty","@id":"93a60a56-a3c8-11da-a746-0800200b9a66","name":"Mass","category":"Technical flow properties","refUnit":"kg"}},{"@type":"Exchange","isAvoidedProduct":false,"isInput":false,"amount":2.4E-8,"internalId":67,"flow":{"@type":"Flow","@id":"5bbebaed-96df-3384-8338-4316f2d429a1","name":"Dimethyl sulfate","category":"Elementary Flows/emission/air/troposphere/rural","flowType":"ELEMENTARY_FLOW","refUnit":"kg"},"unit":{"@type":"Unit","@id":"20aadc24-a391-41cf-b340-3e4529f44bde","name":"kg"},"flowProperty":{"@type":"FlowProperty","@id":"93a60a56-a3c8-11da-a746-0800200b9a66","name":"Mass","category":"Technical flow properties","refUnit":"kg"}},{"@type":"Exchange","isAvoidedProduct":false,"isInput":false,"amount":0.0057524,"internalId":79,"flow":{"@type":"Flow","@id":"4382ba18-dd21-3837-80b2-94283ef5490e","name":"Nitrogen oxides","category":"Elementary Flows/emission/air","flowType":"ELEMENTARY_FLOW","refUnit":"kg"},"unit":{"@type":"Unit","@id":"20aadc24-a391-41cf-b340-3e4529f44bde","name":"kg"},"flowProperty":{"@type":"FlowProperty","@id":"93a60a56-a3c8-11da-a746-0800200b9a66","name":"Mass","category":"Technical flow properties","refUnit":"kg"}},{"@type":"Exchange","isAvoidedProduct":false,"isInput":false,"amount":8.5E-8,"internalId":64,"flow":{"@type":"Flow","@id":"f0267c81-ff66-36f6-ba35-11b522316310","name":"Methyl hydrazine","category":"Elementary Flows/emission/air","flowType":"ELEMENTARY_FLOW","refUnit":"kg"},"unit":{"@type":"Unit","@id":"20aadc24-a391-41cf-b340-3e4529f44bde","name":"kg"},"flowProperty":{"@type":"FlowProperty","@id":"93a60a56-a3c8-11da-a746-0800200b9a66","name":"Mass","category":"Technical flow properties","refUnit":"kg"}},{"@type":"Exchange","isAvoidedProduct":false,"isInput":false,"amount":7.4696E-8,"internalId":9,"flow":{"@type":"Flow","@id":"ba9cee15-a144-3c38-9a3b-36931d4e64e9","name":"Acrolein","category":"Elementary Flows/emission/air","flowType":"ELEMENTARY_FLOW","refUnit":"kg"},"unit":{"@type":"Unit","@id":"20aadc24-a391-41cf-b340-3e4529f44bde","name":"kg"},"flowProperty":{"@type":"FlowProperty","@id":"93a60a56-a3c8-11da-a746-0800200b9a66","name":"Mass","category":"Technical flow properties","refUnit":"kg"}},{"@type":"Exchange","isAvoidedProduct":false,"isInput":false,"amount":1.5756E-7,"internalId":18,"flow":{"@type":"Flow","@id":"2b16d0b5-4713-3bb8-be5b-905382f0e8a8","name":"Arsenic","category":"Elementary Flows/emission/air","flowType":"ELEMENTARY_FLOW","refUnit":"kg"},"unit":{"@type":"Unit","@id":"20aadc24-a391-41cf-b340-3e4529f44bde","name":"kg"},"flowProperty":{"@type":"FlowProperty","@id":"93a60a56-a3c8-11da-a746-0800200b9a66","name":"Mass","category":"Technical flow properties","refUnit":"kg"}},{"@type":"Exchange","isAvoidedProduct":false,"isInput":false,"amount":5.5E-11,"description":"Sources for PAH data are old or unverifiable. Use this PAH data with caution.","internalId":44,"flow":{"@type":"Flow","@id":"24cfa2d1-ba72-371f-9d3f-cc121bc063f1","name":"Benzofluoranthene","category":"Elementary Flows/emission/air","flowType":"ELEMENTARY_FLOW","refUnit":"kg"},"unit":{"@type":"Unit","@id":"20aadc24-a391-41cf-b340-3e4529f44bde","name":"kg"},"flowProperty":{"@type":"FlowProperty","@id":"93a60a56-a3c8-11da-a746-0800200b9a66","name":"Mass","category":"Technical flow properties","refUnit":"kg"}},{"@type":"Exchange","isAvoidedProduct":false,"isInput":false,"amount":1.4006E-4,"internalId":31,"flow":{"@type":"Flow","@id":"6f861846-1c4c-3fc9-a198-56b2d9abd83b","name":"Volatile organic compounds","category":"Elementary Flows/emission/air","flowType":"ELEMENTARY_FLOW","refUnit":"kg"},"unit":{"@type":"Unit","@id":"20aadc24-a391-41cf-b340-3e4529f44bde","name":"kg"},"flowProperty":{"@type":"FlowProperty","@id":"93a60a56-a3c8-11da-a746-0800200b9a66","name":"Mass","category":"Technical flow properties","refUnit":"kg"}},{"@type":"Exchange","isAvoidedProduct":false,"isInput":false,"amount":1.45E-7,"internalId":88,"flow":{"@type":"Flow","@id":"f9fd0074-f765-3f38-a150-2ca0a82c37be","name":"Methylene chloride","category":"Elementary Flows/emission/air","flowType":"ELEMENTARY_FLOW","refUnit":"kg"},"unit":{"@type":"Unit","@id":"20aadc24-a391-41cf-b340-3e4529f44bde","name":"kg"},"flowProperty":{"@type":"FlowProperty","@id":"93a60a56-a3c8-11da-a746-0800200b9a66","name":"Mass","category":"Technical flow properties","refUnit":"kg"}},{"@type":"Exchange","isAvoidedProduct":false,"isInput":false,"amount":6.5E-8,"internalId":62,"flow":{"@type":"Flow","@id":"5fe16b97-3332-38eb-8030-b62db19473eb","name":"Carbon disulfide","category":"Elementary Flows/emission/air","flowType":"ELEMENTARY_FLOW","refUnit":"kg"},"unit":{"@type":"Unit","@id":"20aadc24-a391-41cf-b340-3e4529f44bde","name":"kg"},"flowProperty":{"@type":"FlowProperty","@id":"93a60a56-a3c8-11da-a746-0800200b9a66","name":"Mass","category":"Technical flow properties","refUnit":"kg"}},{"@type":"Exchange","isAvoidedProduct":false,"isInput":false,"amount":1.1543E-4,"internalId":37,"flow":{"@type":"Flow","@id":"aab83476-ec6c-3742-af85-15d320b7ce80","name":"Methane","category":"Elementary Flows/emission/air","flowType":"ELEMENTARY_FLOW","refUnit":"kg"},"unit":{"@type":"Unit","@id":"20aadc24-a391-41cf-b340-3e4529f44bde","name":"kg"},"flowProperty":{"@type":"FlowProperty","@id":"93a60a56-a3c8-11da-a746-0800200b9a66","name":"Mass","category":"Technical flow properties","refUnit":"kg"}},{"@type":"Exchange","isAvoidedProduct":false,"isInput":false,"amount":9.9038E-8,"internalId":40,"flow":{"@type":"Flow","@id":"98bd36e1-fbe4-32ee-ba78-3b6726917c9b","name":"Chromium","category":"Elementary Flows/emission/air","flowType":"ELEMENTARY_FLOW","refUnit":"kg"},"unit":{"@type":"Unit","@id":"20aadc24-a391-41cf-b340-3e4529f44bde","name":"kg"},"flowProperty":{"@type":"FlowProperty","@id":"93a60a56-a3c8-11da-a746-0800200b9a66","name":"Mass","category":"Technical flow properties","refUnit":"kg"}},{"@type":"Exchange","isAvoidedProduct":false,"isInput":false,"amount":3.8E-9,"internalId":32,"flow":{"@type":"Flow","@id":"ca50de59-971c-3414-8f6b-3a1b0062aba8","name":"Vinyl acetate","category":"Elementary Flows/emission/air","flowType":"ELEMENTARY_FLOW","refUnit":"kg"},"unit":{"@type":"Unit","@id":"20aadc24-a391-41cf-b340-3e4529f44bde","name":"kg"},"flowProperty":{"@type":"FlowProperty","@id":"93a60a56-a3c8-11da-a746-0800200b9a66","name":"Mass","category":"Technical flow properties","refUnit":"kg"}},{"@type":"Exchange","isAvoidedProduct":false,"isInput":false,"amount":2.9E-7,"internalId":13,"flow":{"@type":"Flow","@id":"9aa7fac7-87ac-35ac-9cfb-639180846bee","name":"Isophorone","category":"Elementary Flows/emission/air","flowType":"ELEMENTARY_FLOW","refUnit":"kg"},"unit":{"@type":"Unit","@id":"20aadc24-a391-41cf-b340-3e4529f44bde","name":"kg"},"flowProperty":{"@type":"FlowProperty","@id":"93a60a56-a3c8-11da-a746-0800200b9a66","name":"Mass","category":"Technical flow properties","refUnit":"kg"}},{"@type":"Exchange","isAvoidedProduct":false,"isInput":false,"amount":0.0028911,"internalId":30,"flow":{"@type":"Flow","@id":"187c525c-3715-388c-b303-a0671524a615","name":"Carbon monoxide","category":"Elementary Flows/emission/air","flowType":"ELEMENTARY_FLOW","refUnit":"kg"},"unit":{"@type":"Unit","@id":"20aadc24-a391-41cf-b340-3e4529f44bde","name":"kg"},"flowProperty":{"@type":"FlowProperty","@id":"93a60a56-a3c8-11da-a746-0800200b9a66","name":"Mass","category":"Technical flow properties","refUnit":"kg"}},{"@type":"Exchange","isAvoidedProduct":false,"isInput":false,"amount":1.25E-8,"internalId":14,"flow":{"@type":"Flow","@id":"69bc8b47-09b5-3a09-b7f4-3e4d2925ce5a","name":"Styrene","category":"Elementary Flows/emission/air","flowType":"ELEMENTARY_FLOW","refUnit":"kg"},"unit":{"@type":"Unit","@id":"20aadc24-a391-41cf-b340-3e4529f44bde","name":"kg"},"flowProperty":{"@type":"FlowProperty","@id":"93a60a56-a3c8-11da-a746-0800200b9a66","name":"Mass","category":"Technical flow properties","refUnit":"kg"}},{"@type":"Exchange","isAvoidedProduct":false,"isInput":false,"amount":0.002003,"internalId":10,"flow":{"@type":"Flow","@id":"5a939c2b-cebf-3060-8862-4a8650caf6dd","name":"Particulate matter, ≤ 10μm","category":"Elementary Flows/emission/air","flowType":"ELEMENTARY_FLOW","refUnit":"kg"},"unit":{"@type":"Unit","@id":"20aadc24-a391-41cf-b340-3e4529f44bde","name":"kg"},"flowProperty":{"@type":"FlowProperty","@id":"93a60a56-a3c8-11da-a746-0800200b9a66","name":"Mass","category":"Technical flow properties","refUnit":"kg"}},{"@type":"Exchange","isAvoidedProduct":false,"isInput":false,"amount":3.5E-7,"internalId":73,"flow":{"@type":"Flow","@id":"f0616d3c-8ad2-364a-aaae-42f0651f32e8","name":"Benzyl chloride","category":"Elementary Flows/emission/air","flowType":"ELEMENTARY_FLOW","refUnit":"kg"},"unit":{"@type":"Unit","@id":"20aadc24-a391-41cf-b340-3e4529f44bde","name":"kg"},"flowProperty":{"@type":"FlowProperty","@id":"93a60a56-a3c8-11da-a746-0800200b9a66","name":"Mass","category":"Technical flow properties","refUnit":"kg"}},{"@type":"Exchange","isAvoidedProduct":false,"isInput":false,"amount":1.65E-10,"description":"Sources for PAH data are old or unverifiable. Use this PAH data with caution.","internalId":4,"flow":{"@type":"Flow","@id":"b51b5cbd-b0cb-3104-b03b-4fbc12829a9e","name":"Pyrene","category":"Elementary Flows/emission/air","flowType":"ELEMENTARY_FLOW","refUnit":"kg"},"unit":{"@type":"Unit","@id":"20aadc24-a391-41cf-b340-3e4529f44bde","name":"kg"},"flowProperty":{"@type":"FlowProperty","@id":"93a60a56-a3c8-11da-a746-0800200b9a66","name":"Mass","category":"Technical flow properties","refUnit":"kg"}},{"@type":"Exchange","isAvoidedProduct":false,"isInput":false,"amount":4.55E-10,"description":"Sources for PAH data are old or unverifiable. Use this PAH data with caution.","internalId":71,"flow":{"@type":"Flow","@id":"c5697dcb-8fd3-3046-b499-f34e33495b61","name":"Fluorene","category":"Elementary Flows/emission/air","flowType":"ELEMENTARY_FLOW","refUnit":"kg"},"unit":{"@type":"Unit","@id":"20aadc24-a391-41cf-b340-3e4529f44bde","name":"kg"},"flowProperty":{"@type":"FlowProperty","@id":"93a60a56-a3c8-11da-a746-0800200b9a66","name":"Mass","category":"Technical flow properties","refUnit":"kg"}},{"@type":"Exchange","isAvoidedProduct":false,"isInput":false,"amount":1.75E-8,"internalId":24,"flow":{"@type":"Flow","@id":"806ce2b4-1a8c-3844-8372-dd0fa3797c21","name":"Methyl tert-butyl ether","category":"Elementary Flows/emission/air","flowType":"ELEMENTARY_FLOW","refUnit":"kg"},"unit":{"@type":"Unit","@id":"20aadc24-a391-41cf-b340-3e4529f44bde","name":"kg"},"flowProperty":{"@type":"FlowProperty","@id":"93a60a56-a3c8-11da-a746-0800200b9a66","name":"Mass","category":"Technical flow properties","refUnit":"kg"}},{"@type":"Exchange","isAvoidedProduct":false,"isInput":false,"amount":3.383E-6,"internalId":80,"flow":{"@type":"Flow","@id":"a257b8d3-62dd-37ad-b429-73d96c97165c","name":"Formaldehyde","category":"Elementary Flows/emission/air","flowType":"ELEMENTARY_FLOW","refUnit":"kg"},"unit":{"@type":"Unit","@id":"20aadc24-a391-41cf-b340-3e4529f44bde","name":"kg"},"flowProperty":{"@type":"FlowProperty","@id":"93a60a56-a3c8-11da-a746-0800200b9a66","name":"Mass","category":"Technical flow properties","refUnit":"kg"}},{"@type":"Exchange","isAvoidedProduct":false,"isInput":false,"amount":2.0E-8,"internalId":74,"flow":{"@type":"Flow","@id":"c2d517e6-4c5d-3002-8a0d-54434c5a3bae","name":"1,2-Dichloroethane","category":"Elementary Flows/emission/air","flowType":"ELEMENTARY_FLOW","refUnit":"kg"},"unit":{"@type":"Unit","@id":"20aadc24-a391-41cf-b340-3e4529f44bde","name":"kg"},"flowProperty":{"@type":"FlowProperty","@id":"93a60a56-a3c8-11da-a746-0800200b9a66","name":"Mass","category":"Technical flow properties","refUnit":"kg"}},{"@type":"Exchange","isAvoidedProduct":false,"isInput":false,"amount":3.0287E-6,"internalId":35,"flow":{"@type":"Flow","@id":"1767d662-f96c-38d8-98e4-cc840d9aafd3","name":"Organic compounds","category":"Elementary Flows/emission/air","flowType":"ELEMENTARY_FLOW","refUnit":"kg"},"unit":{"@type":"Unit","@id":"20aadc24-a391-41cf-b340-3e4529f44bde","name":"kg"},"flowProperty":{"@type":"FlowProperty","@id":"93a60a56-a3c8-11da-a746-0800200b9a66","name":"Mass","category":"Technical flow properties","refUnit":"kg"}},{"@type":"Exchange","isAvoidedProduct":false,"isInput":false,"amount":1.0054E-6,"internalId":87,"flow":{"@type":"Flow","@id":"39587969-515b-3599-a403-78c461a936eb","name":"Oils, unspecified","category":"Elementary Flows/emission/water","flowType":"ELEMENTARY_FLOW","refUnit":"kg"},"unit":{"@type":"Unit","@id":"20aadc24-a391-41cf-b340-3e4529f44bde","name":"kg"},"flowProperty":{"@type":"FlowProperty","@id":"93a60a56-a3c8-11da-a746-0800200b9a66","name":"Mass","category":"Technical flow properties","refUnit":"kg"}},{"@type":"Exchange","isAvoidedProduct":false,"isInput":false,"amount":8.0E-9,"internalId":12,"flow":{"@type":"Flow","@id":"45880be9-788f-387b-8b1b-c38615cc48e2","name":"Phenol","category":"Elementary Flows/emission/air","flowType":"ELEMENTARY_FLOW","refUnit":"kg"},"unit":{"@type":"Unit","@id":"20aadc24-a391-41cf-b340-3e4529f44bde","name":"kg"},"flowProperty":{"@type":"FlowProperty","@id":"93a60a56-a3c8-11da-a746-0800200b9a66","name":"Mass","category":"Technical flow properties","refUnit":"kg"}},{"@type":"Exchange","isAvoidedProduct":false,"isInput":false,"amount":3.68E-4,"internalId":33,"flow":{"@type":"Flow","@id":"cfee0524-7ad6-300b-b050-6249135a2492","name":"Nitrous oxide","category":"Elementary Flows/emission/air","flowType":"ELEMENTARY_FLOW","refUnit":"kg"},"unit":{"@type":"Unit","@id":"20aadc24-a391-41cf-b340-3e4529f44bde","name":"kg"},"flowProperty":{"@type":"FlowProperty","@id":"93a60a56-a3c8-11da-a746-0800200b9a66","name":"Mass","category":"Technical flow properties","refUnit":"kg"}},{"@type":"Exchange","isAvoidedProduct":false,"isInput":false,"amount":3.95E-8,"internalId":49,"flow":{"@type":"Flow","@id":"ac249128-5489-3eb8-bfb8-61c0b93d2e07","name":"Chromium(VI)","category":"Elementary Flows/emission/air","flowType":"ELEMENTARY_FLOW","refUnit":"kg"},"unit":{"@type":"Unit","@id":"20aadc24-a391-41cf-b340-3e4529f44bde","name":"kg"},"flowProperty":{"@type":"FlowProperty","@id":"93a60a56-a3c8-11da-a746-0800200b9a66","name":"Mass","category":"Technical flow properties","refUnit":"kg"}},{"@type":"Exchange","isAvoidedProduct":false,"isInput":false,"amount":0.06208,"internalId":92,"flow":{"@type":"Flow","@id":"25d73e00-0b36-4a76-b168-087f1ab49c03","name":"Disposal, solid waste, unspecified, to unspecified treatment","category":"Technosphere Flows/CUTOFF Flows/CUTOFF Waste Flows","flowType":"WASTE_FLOW","refUnit":"kg"},"unit":{"@type":"Unit","@id":"20aadc24-a391-41cf-b340-3e4529f44bde","name":"kg"},"flowProperty":{"@type":"FlowProperty","@id":"93a60a56-a3c8-11da-a746-0800200b9a66","name":"Mass","category":"Technical flow properties","refUnit":"kg"}},{"@type":"Exchange","isAvoidedProduct":false,"isInput":false,"amount":0.079,"internalId":91,"flow":{"@type":"Flow","@id":"60bfc41c-afc9-447a-b033-d93907c29249","name":"Disposal, ash and flue gas desulfurization sludge, to unspecified reuse","category":"Technosphere Flows/CUTOFF Flows/CUTOFF Waste Flows","flowType":"WASTE_FLOW","refUnit":"kg"},"unit":{"@type":"Unit","@id":"20aadc24-a391-41cf-b340-3e4529f44bde","name":"kg"},"flowProperty":{"@type":"FlowProperty","@id":"93a60a56-a3c8-11da-a746-0800200b9a66","name":"Mass","category":"Technical flow properties","refUnit":"kg"}}],"socialAspects":[],"allocationFactors":[]}