{"@type":"Process","@id":"57cdac3b-a289-330e-8e55-6b7e2c6885fb","name":"Transport, pipeline, natural gas","description":"Fugitive and non-combustion greenhouse gas emissions from natural gas pipeline intra- and inter-state transmission and distribution are updated values representative of the average for the U.S. in 2009. The data and metadata for energy consumption during transport of natural gas are available in full in the final report and appendices, Cradle-to-Gate Life Cycle Inventory of Nine Plastic Resins and Four Polyurethane Precursors. This report has been extensively reviewed within Franklin Associates and has undergone partial critical review by ACC Plastics Division members and is available at: www.americanchemistry.com.  Quantities may vary slightly between the reference to main source and and this module due to rounding. Important note: although most of the data in the US LCI database has undergone some sort of review, the database as a whole has not yet undergone a formal validation process.  Please email comments to lci@nrel.gov.","category":"48-49: Transportation and Warehousing/4862: Pipeline Transportation of Natural Gas","version":"00.00.005","lastChange":"2023-12-22T14:41:09.019Z","processType":"UNIT_PROCESS","defaultAllocationMethod":"NO_ALLOCATION","isInfrastructureProcess":false,"location":{"@type":"Location","@id":"b320e7db-c758-3ba6-8839-81eb83c9d7d7","name":"Northern America"},"processDocumentation":{"validFrom":"2002-12-31","validUntil":"2008-12-31","geographyDescription":"North America (US and Canada)","technologyDescription":"Representative of energy consumption of natural gas pipelines used by North American industry. Process emissions reflect fugitive and non-combustion methane and carbon dioxide emissions from natural gas pipeline storage and transport.","samplingDescription":"Data are from secondary sources.","sources":[{"@type":"Source","@id":"bf627fcb-bea3-3085-87ee-2d24ac940458","name":"THE PLASTICS DIVISION OF \nTHE AMERICAN C "}],"dataGenerator":{"@type":"Actor","@id":"38e67478-a915-43d9-ad67-e25db79a4acc","name":"Franklin Associates, A Division of ERG","category":"Organisations"},"dataDocumentor":{"@type":"Actor","@id":"38e67478-a915-43d9-ad67-e25db79a4acc","name":"Franklin Associates, A Division of ERG","category":"Organisations"},"creationDate":"2011-10-26T07:48:35Z","isCopyrightProtected":false,"restrictionsDescription":"All information can be accessed by everybody."},"lastInternalId":5,"parameters":[],"exchanges":[{"@type":"Exchange","isAvoidedProduct":false,"isInput":false,"amount":1.0,"internalId":1,"flow":{"@type":"Flow","@id":"057a281a-908b-3adf-8f51-ed79fe5c5a9b","name":"Transport, pipeline, natural gas","category":"Technosphere Flows/48-49: Transportation and Warehousing/4862: Pipeline Transportation of Natural Gas","flowType":"PRODUCT_FLOW","location":"RNA","refUnit":"t*km"},"unit":{"@type":"Unit","@id":"0dea4ed8-bb6b-4049-b2b4-b2c413ef2180","name":"t*km"},"flowProperty":{"@type":"FlowProperty","@id":"838aaa20-0117-11db-92e3-0800200c9a66","name":"Goods transport (mass*distance)","category":"Technical flow properties","refUnit":"t*km"},"isQuantitativeReference":true},{"@type":"Exchange","isAvoidedProduct":false,"isInput":true,"amount":0.0121378329004437,"description":"The data for this process are based on publicly available sources (including the GREET transportation model) and represent transportation technologies used in the United States.  ","internalId":5,"flow":{"@type":"Flow","@id":"d0da796c-bf22-435f-a8f4-f980bebc28ff","name":"Natural gas, combusted in industrial equipment, 1.357 m3/kg, 52.13 MJ/kg","category":"Technosphere Flows/22: Utilities/2213: Water, Sewage and Other Systems","flowType":"PRODUCT_FLOW","location":"RNA","refUnit":"m3"},"unit":{"@type":"Unit","@id":"1c3a9695-398d-4b1f-b07e-a8715b610f70","name":"m3"},"flowProperty":{"@type":"FlowProperty","@id":"93a60a56-a3c8-22da-a746-0800200c9a66","name":"Volume","category":"Technical flow properties","refUnit":"m3"},"defaultProvider":{"@type":"Process","@id":"b355f122-dc4e-4224-aafa-d43c3b57db7b","name":"Natural gas, combusted in industrial equipment","category":"22: Utilities/2213: Water, Sewage and Other Systems","processType":"UNIT_PROCESS","flowType":"PRODUCT_FLOW","location":"RNA"}},{"@type":"Exchange","isAvoidedProduct":false,"isInput":false,"amount":0.00456686387489079,"description":"Fugitive and non-combustion methane and carbon dioxide emission values are updated values representative of inter- and intra-state natural gas transmission and distribution calculated from the EPA Inventory of U.S. Greenhouse Gas Emissions and Sinks: 1990-2009 (Table 3-37 and 3-39) and from the EIA Natural Gas Annual 2009 (Tables 3 and 12).","internalId":3,"flow":{"@type":"Flow","@id":"aab83476-ec6c-3742-af85-15d320b7ce80","name":"Methane","category":"Elementary Flows/emission/air","flowType":"ELEMENTARY_FLOW","refUnit":"kg"},"unit":{"@type":"Unit","@id":"20aadc24-a391-41cf-b340-3e4529f44bde","name":"kg"},"flowProperty":{"@type":"FlowProperty","@id":"93a60a56-a3c8-11da-a746-0800200b9a66","name":"Mass","category":"Technical flow properties","refUnit":"kg"}},{"@type":"Exchange","isAvoidedProduct":false,"isInput":false,"amount":1.38468984764995E-4,"description":"Fugitive and non-combustion methane and carbon dioxide emission values are updated values representative of inter- and intra-state natural gas transmission and distribution calculated from the EPA Inventory of U.S. Greenhouse Gas Emissions and Sinks: 1990-2009 (Table 3-37 and 3-39) and from the EIA Natural Gas Annual 2009 (Tables 3 and 12).","internalId":4,"flow":{"@type":"Flow","@id":"b6f010fb-a764-3063-af2d-bcb8309a97b7","name":"Carbon dioxide","category":"Elementary Flows/emission/air","flowType":"ELEMENTARY_FLOW","refUnit":"kg"},"unit":{"@type":"Unit","@id":"20aadc24-a391-41cf-b340-3e4529f44bde","name":"kg"},"flowProperty":{"@type":"FlowProperty","@id":"93a60a56-a3c8-11da-a746-0800200b9a66","name":"Mass","category":"Technical flow properties","refUnit":"kg"}}],"socialAspects":[],"allocationFactors":[]}