{"@type":"Process","@id":"e6586e69-95a4-3396-a934-f379fbdd28f4","name":"Electricity, at cogen, for natural gas turbine","description":"This unit process shows the amount of natural gas required to generate 1 kWh of electricity from the natural gas-fired cogeneration of electricity and steam. The input energy requirements for cogenerated electricity are estimated to be 6,826 Btu/kWh, which is based a thermal to electrical conversion efficiency of 50 percent. This unit process does not include the fuel requirements for the coproduced steam because the steam produced from cogeneration is exported outside system boundaries; if any coproduct steam from cogeneration is used within system boundaries (i.e., coproduct steam is used for the same process as the coproduct electricity) a more complicated allocation method is necessary in which the fraction of steam used within system boundaries must be known. Complete inventory data and metadata are available in full in the final report and appendices (A-34), Cradle-to-Gate Life Cycle Inventory of Nine Plastic Resins and Four Polyurethane Precursors. This report has been extensively reviewed within Franklin Associates and has undergone partial critical review by ACC Plastics Division members and is available at: www.americanchemistry.com. Quantities may vary slightly between the reference to main source and and this module due to rounding. Important note: although most of the data in the US LCI database has undergone some sort of review, the database as a whole has not yet undergone a formal validation process.  Please email comments to lci@nrel.gov.","category":"22: Utilities/2211: Electric Power Generation, Transmission and Distribution","version":"00.00.006","lastChange":"2023-12-22T15:01:59.289Z","processType":"UNIT_PROCESS","defaultAllocationMethod":"NO_ALLOCATION","isInfrastructureProcess":false,"location":{"@type":"Location","@id":"dfed5bc1-77b8-3ab3-97c5-84e06566adc6","name":"Paraguay"},"processDocumentation":{"validFrom":"2002-12-31","validUntil":"2002-12-31","geographyDescription":"North America (US and Canada)","technologyDescription":"The majority of data providers for petrochemical production report natural gas as the fuel used for cogeneration and, according to 2003 industry statistics, natural gas accounted for 59 percent of industrial cogeneration, while coal and waste gases accounted for 28 percent and 13 percent, respectively. This unit process provides data for production of 1 kWh of cogenerated electricity by combustion of natural gas in industrial boiler at 6826 Btu of natural gas per kWh of cogenerated electricity.","samplingDescription":"Data are from primary sources","sources":[{"@type":"Source","@id":"bf627fcb-bea3-3085-87ee-2d24ac940458","name":"THE PLASTICS DIVISION OF \nTHE AMERICAN C "}],"dataGenerator":{"@type":"Actor","@id":"38e67478-a915-43d9-ad67-e25db79a4acc","name":"Franklin Associates, A Division of ERG","category":"Organisations"},"dataDocumentor":{"@type":"Actor","@id":"38e67478-a915-43d9-ad67-e25db79a4acc","name":"Franklin Associates, A Division of ERG","category":"Organisations"},"creationDate":"2011-08-21T08:55:07Z","publication":{"@type":"Source","@id":"bf627fcb-bea3-3085-87ee-2d24ac940458","name":"THE PLASTICS DIVISION OF \nTHE AMERICAN C "},"isCopyrightProtected":false,"restrictionsDescription":"All information can be accessed by everybody."},"lastInternalId":3,"parameters":[],"exchanges":[{"@type":"Exchange","isAvoidedProduct":false,"isInput":false,"amount":1.0,"internalId":1,"flow":{"@type":"Flow","@id":"ed1981de-52d1-366c-b629-4abfe56fffd3","name":"Electricity, at cogen, for natural gas turbine","category":"Technosphere Flows/22: Utilities/2211: Electric Power Generation, Transmission and Distribution","flowType":"PRODUCT_FLOW","location":"US","refUnit":"MJ"},"unit":{"@type":"Unit","@id":"86ad2244-1f0e-4912-af53-7865283103e4","name":"kWh"},"flowProperty":{"@type":"FlowProperty","@id":"f6811440-ee37-11de-8a39-0800200c9a66","name":"Energy","category":"Technical flow properties","refUnit":"MJ"},"isQuantitativeReference":true},{"@type":"Exchange","isAvoidedProduct":false,"isInput":true,"amount":0.1875,"description":"6826 Btu/kWh cogenerated electricity \u003d 7.20 MJ natural gas/kWh cogenerated electricity; 1031 Btu/scf natural gas \u003d 38.4 MJ/m3; 7.20 MJ natural gas * (1 m3/38.4 MJ) * 1 kWh \u003d 0.1875 m3/1 kWh","internalId":3,"flow":{"@type":"Flow","@id":"755886b4-39b7-4033-a6d2-28472c688c6a","name":"Electricity, natural gas, at power plant","category":"Technosphere Flows/22: Utilities/2211: Electric Power Generation, Transmission and Distribution","flowType":"PRODUCT_FLOW","location":"RNA","refUnit":"MJ"},"unit":{"@type":"Unit","@id":"52765a6c-3896-43c2-b2f4-c679acf13efe","name":"MJ"},"flowProperty":{"@type":"FlowProperty","@id":"f6811440-ee37-11de-8a39-0800200c9a66","name":"Energy","category":"Technical flow properties","refUnit":"MJ"},"defaultProvider":{"@type":"Process","@id":"fa379f16-c09a-4e70-8595-45c69162215c","name":"Electricity, natural gas, at power plant","category":"22: Utilities/2211: Electric Power Generation, Transmission and Distribution","processType":"UNIT_PROCESS","flowType":"PRODUCT_FLOW","location":"RNA"}}],"socialAspects":[],"allocationFactors":[]}