{"@context":"http://greendelta.github.io/olca-schema/context.jsonld","@type":"Flow","@id":"063de97f-fed9-351d-88bc-62062e4672fd","name":"Electricity, at grid, Western US, 2000","version":"00.00.001","lastChange":"2018-06-27T10:38:43.039-06:00","category":{"@type":"Category","@id":"c29da016-417a-3a88-ad01-78914cd88816","name":"Electric Power Distribution","categoryPath":["Utilities"],"categoryType":"Flow"},"flowType":"PRODUCT_FLOW","infrastructureFlow":false,"location":{"@type":"Location","@id":"b320e7db-c758-3ba6-8839-81eb83c9d7d7","name":"Northern America"},"flowProperties":[{"@type":"FlowPropertyFactor","referenceFlowProperty":true,"flowProperty":{"@type":"FlowProperty","@id":"f6811440-ee37-11de-8a39-0800200c9a66","name":"Energy","categoryPath":["Technical flow properties"]},"conversionFactor":1.0}]}