{"@context":"http://greendelta.github.io/olca-schema/context.jsonld","@type":"Flow","@id":"0b87cf9f-01a6-4bfb-a264-94a4d02aab8e","name":"Electricity, Eastern US","description":"","version":"00.00.002","lastChange":"2018-08-18T17:27:30.400-06:00","category":{"@type":"Category","@id":"093dc078-76f6-355c-a555-83f01ec14a9a","name":"Utilities","categoryPath":["Utilities"],"categoryType":"Flow"},"flowType":"PRODUCT_FLOW","infrastructureFlow":false,"flowProperties":[{"@type":"FlowPropertyFactor","referenceFlowProperty":true,"flowProperty":{"@type":"FlowProperty","@id":"f6811440-ee37-11de-8a39-0800200c9a66","name":"Energy","categoryPath":["Technical flow properties"]},"conversionFactor":1.0}]}