{"@context":"http://greendelta.github.io/olca-schema/context.jsonld","@type":"Flow","@id":"0ccdf094-223b-3f4b-bea4-d19e47f48ada","name":"Water, process, unspecified natural origin","version":"00.00.001","lastChange":"2018-06-27T10:38:49.626-06:00","category":{"@type":"Category","@id":"e9c595dd-8020-30b1-8047-6a26ee54fc3d","name":"in water","categoryPath":["resource"],"categoryType":"Flow"},"flowType":"ELEMENTARY_FLOW","infrastructureFlow":false,"flowProperties":[{"@type":"FlowPropertyFactor","referenceFlowProperty":true,"flowProperty":{"@type":"FlowProperty","@id":"93a60a56-a3c8-22da-a746-0800200c9a66","name":"Volume","categoryPath":["Technical flow properties"]},"conversionFactor":1.0}]}