{"@context":"http://greendelta.github.io/olca-schema/context.jsonld","@type":"Flow","@id":"0e44e579-abb0-3c77-af64-c774d65be529","name":"Gasoline, at refinery","version":"00.00.001","lastChange":"2018-06-27T10:38:44.701-06:00","category":{"@type":"Category","@id":"5507ff0b-5d96-3961-8d23-3448848bc59c","name":"Petroleum Refineries","categoryPath":["Petroleum and Coal Products Manufacturing"],"categoryType":"Flow"},"flowType":"PRODUCT_FLOW","infrastructureFlow":false,"flowProperties":[{"@type":"FlowPropertyFactor","referenceFlowProperty":true,"flowProperty":{"@type":"FlowProperty","@id":"93a60a56-a3c8-22da-a746-0800200c9a66","name":"Volume","categoryPath":["Technical flow properties"]},"conversionFactor":1.0}]}