{"@context":"http://greendelta.github.io/olca-schema/context.jsonld","@type":"Flow","@id":"1eab7c9f-21d4-3325-a089-794b38ae551d","name":"Chromium","version":"00.00.001","lastChange":"2018-06-27T10:38:50.160-06:00","category":{"@type":"Category","@id":"f4e5cf55-48f7-3c90-a274-b72dd05d39d6","name":"unspecified","categoryPath":["soil"],"categoryType":"Flow"},"flowType":"ELEMENTARY_FLOW","infrastructureFlow":false,"flowProperties":[{"@type":"FlowPropertyFactor","referenceFlowProperty":true,"flowProperty":{"@type":"FlowProperty","@id":"93a60a56-a3c8-11da-a746-0800200b9a66","name":"Mass","categoryPath":["Technical flow properties"]},"conversionFactor":1.0}]}