{"@context":"http://greendelta.github.io/olca-schema/context.jsonld","@type":"Flow","@id":"20408dd1-8534-11e0-9d78-0800200c9a66","name":"Methane","version":"00.00.002","lastChange":"2018-10-05T14:19:55.479-06:00","category":{"@type":"Category","@id":"5ee13ccb-a299-3d36-8d7e-be8281e8891a","name":"unspecified","categoryPath":["Elementary flows","Emission to air"],"categoryType":"Flow"},"flowType":"ELEMENTARY_FLOW","cas":"000074-82-8","formula":"CH4","infrastructureFlow":false,"flowProperties":[{"@type":"FlowPropertyFactor","referenceFlowProperty":true,"flowProperty":{"@type":"FlowProperty","@id":"93a60a56-a3c8-11da-a746-0800200b9a66","name":"Mass","categoryPath":["Technical flow properties"]},"conversionFactor":1.0}]}