{"@context":"http://greendelta.github.io/olca-schema/context.jsonld","@type":"Flow","@id":"24b0bf55-7d49-3922-ab42-6d3fd734067f","name":"Pulpwood, softwood, average, at forest road, NE-NC","version":"00.00.001","lastChange":"2018-06-27T10:38:51.361-06:00","category":{"@type":"Category","@id":"7e48db2d-2790-34d3-8a47-b10850c0cba1","name":"Logging","categoryPath":["Forestry and Logging"],"categoryType":"Flow"},"flowType":"PRODUCT_FLOW","infrastructureFlow":false,"location":{"@type":"Location","@id":"b320e7db-c758-3ba6-8839-81eb83c9d7d7","name":"Northern America"},"flowProperties":[{"@type":"FlowPropertyFactor","referenceFlowProperty":true,"flowProperty":{"@type":"FlowProperty","@id":"93a60a56-a3c8-22da-a746-0800200c9a66","name":"Volume","categoryPath":["Technical flow properties"]},"conversionFactor":1.0}]}