{"@context":"http://greendelta.github.io/olca-schema/context.jsonld","@type":"Flow","@id":"34bd8b57-ed93-30d3-94eb-eb0abceebbe8","name":"Barium","version":"00.00.001","lastChange":"2018-06-27T10:38:45.432-06:00","category":{"@type":"Category","@id":"75533569-1ee3-3410-9f72-cdce18bb55be","name":"unspecified","categoryPath":["air"],"categoryType":"Flow"},"flowType":"ELEMENTARY_FLOW","infrastructureFlow":false,"flowProperties":[{"@type":"FlowPropertyFactor","referenceFlowProperty":true,"flowProperty":{"@type":"FlowProperty","@id":"93a60a56-a3c8-11da-a746-0800200b9a66","name":"Mass","categoryPath":["Technical flow properties"]},"conversionFactor":1.0}]}