{"@context":"http://greendelta.github.io/olca-schema/context.jsonld","@type":"Flow","@id":"554796a9-3e88-49d7-bd12-023b8ee3f723","name":"Chloromethylbenzene","description":"mix of o-, m-, and p- isomers; isubstituted benzene ring with one chlorine atom and one methyl group","version":"00.00.001","lastChange":"2018-10-05T18:11:17.079-06:00","category":{"@type":"Category","@id":"5ee13ccb-a299-3d36-8d7e-be8281e8891a","name":"unspecified","categoryPath":["Elementary flows","Emission to air"],"categoryType":"Flow"},"flowType":"ELEMENTARY_FLOW","cas":"","synonyms":"Chlorotoluene, o-chlorotoluene, m-chlorotoluene, p-chlorotoluene","infrastructureFlow":false,"flowProperties":[{"@type":"FlowPropertyFactor","referenceFlowProperty":true,"flowProperty":{"@type":"FlowProperty","@id":"93a60a56-a3c8-11da-a746-0800200b9a66","name":"Mass","categoryPath":["Technical flow properties"]},"conversionFactor":1.0}]}