{"@context":"http://greendelta.github.io/olca-schema/context.jsonld","@type":"Flow","@id":"55b4aeab-0576-3a9b-b476-b561197ec3f2","name":"Bituminous coal, at mine","version":"00.00.001","lastChange":"2018-06-27T10:38:41.179-06:00","category":{"@type":"Category","@id":"ba84cbfb-cdad-325f-9d02-d5bc10e3e887","name":"Coal Mining","categoryPath":["Mining (except Oil and Gas)"],"categoryType":"Flow"},"flowType":"PRODUCT_FLOW","infrastructureFlow":false,"location":{"@type":"Location","@id":"b320e7db-c758-3ba6-8839-81eb83c9d7d7","name":"Northern America"},"flowProperties":[{"@type":"FlowPropertyFactor","referenceFlowProperty":true,"flowProperty":{"@type":"FlowProperty","@id":"93a60a56-a3c8-11da-a746-0800200b9a66","name":"Mass","categoryPath":["Technical flow properties"]},"conversionFactor":1.0}]}