{"@context":"http://greendelta.github.io/olca-schema/context.jsonld","@type":"Flow","@id":"61615967-3277-36c4-804a-010b5711b401","name":"Tall oil, from industry-average containerboard","version":"00.00.002","lastChange":"2018-10-05T17:58:50.223-06:00","category":{"@type":"Category","@id":"d26eb2a9-b1ca-3989-bff5-e636f214ce0b","name":"Pulp, Paper, and Paperboard Mills","categoryPath":["Paper Manufacturing"],"categoryType":"Flow"},"flowType":"PRODUCT_FLOW","infrastructureFlow":false,"location":{"@type":"Location","@id":"0b3b97fa-6688-3c56-88ee-4ae80ec0c3c2","name":"United States"},"flowProperties":[{"@type":"FlowPropertyFactor","referenceFlowProperty":true,"flowProperty":{"@type":"FlowProperty","@id":"93a60a56-a3c8-11da-a746-0800200b9a66","name":"Mass","categoryPath":["Technical flow properties"]},"conversionFactor":1.0}]}