{"@context":"http://greendelta.github.io/olca-schema/context.jsonld","@type":"Flow","@id":"67287f1b-8afa-38c9-aaaf-f8a10326603f","name":"CUTOFF Electricity, at grid, BC","version":"00.00.001","lastChange":"2018-06-27T10:38:44.280-06:00","category":{"@type":"Category","@id":"cd373184-7704-30cf-8fff-c8458124f291","name":"CUTOFF Flows","categoryType":"Flow"},"flowType":"PRODUCT_FLOW","infrastructureFlow":false,"location":{"@type":"Location","@id":"5435c69e-d3bc-35b2-a4d5-80e393e373d3","name":"Canada"},"flowProperties":[{"@type":"FlowPropertyFactor","referenceFlowProperty":true,"flowProperty":{"@type":"FlowProperty","@id":"f6811440-ee37-11de-8a39-0800200c9a66","name":"Energy","categoryPath":["Technical flow properties"]},"conversionFactor":1.0}]}