{"@context":"http://greendelta.github.io/olca-schema/context.jsonld","@type":"Flow","@id":"6a71f6df-1df1-32f0-b926-6e9b932a7fe9","name":"Transport, aircraft, freight","version":"00.00.001","lastChange":"2018-06-27T10:38:52.846-06:00","category":{"@type":"Category","@id":"ce34b302-b625-39c6-b32c-80188c507d1a","name":"Scheduled Freight Air Transportation","categoryPath":["Air Transportation"],"categoryType":"Flow"},"flowType":"PRODUCT_FLOW","infrastructureFlow":false,"location":{"@type":"Location","@id":"b320e7db-c758-3ba6-8839-81eb83c9d7d7","name":"Northern America"},"flowProperties":[{"@type":"FlowPropertyFactor","referenceFlowProperty":true,"flowProperty":{"@type":"FlowProperty","@id":"838aaa20-0117-11db-92e3-0800200c9a66","name":"Goods transport (mass*distance)","categoryPath":["Technical flow properties"]},"conversionFactor":1.0}]}