{"@context":"http://greendelta.github.io/olca-schema/context.jsonld","@type":"Flow","@id":"6c1f6dbb-e676-3886-8330-85026845ce82","name":"Sold electricity, from industry-average containerboard","version":"00.00.002","lastChange":"2018-10-05T14:37:25.427-06:00","category":{"@type":"Category","@id":"d26eb2a9-b1ca-3989-bff5-e636f214ce0b","name":"Pulp, Paper, and Paperboard Mills","categoryPath":["Paper Manufacturing"],"categoryType":"Flow"},"flowType":"PRODUCT_FLOW","infrastructureFlow":false,"location":{"@type":"Location","@id":"0b3b97fa-6688-3c56-88ee-4ae80ec0c3c2","name":"United States"},"flowProperties":[{"@type":"FlowPropertyFactor","referenceFlowProperty":true,"flowProperty":{"@type":"FlowProperty","@id":"f6811440-ee37-11de-8a39-0800200c9a66","name":"Energy","categoryPath":["Technical flow properties"]},"conversionFactor":1.0}]}