{"@context":"http://greendelta.github.io/olca-schema/context.jsonld","@type":"Flow","@id":"70dd6c43-1a71-30a4-b1ea-c4d913744faf","name":"CUTOFF Disposal, solid waste, unspecified, to unspecified land application","version":"00.00.001","lastChange":"2018-06-27T10:38:43.740-06:00","category":{"@type":"Category","@id":"cd373184-7704-30cf-8fff-c8458124f291","name":"CUTOFF Flows","categoryType":"Flow"},"flowType":"PRODUCT_FLOW","infrastructureFlow":false,"location":{"@type":"Location","@id":"b320e7db-c758-3ba6-8839-81eb83c9d7d7","name":"Northern America"},"flowProperties":[{"@type":"FlowPropertyFactor","referenceFlowProperty":true,"flowProperty":{"@type":"FlowProperty","@id":"93a60a56-a3c8-11da-a746-0800200b9a66","name":"Mass","categoryPath":["Technical flow properties"]},"conversionFactor":1.0}]}