{"@context":"http://greendelta.github.io/olca-schema/context.jsonld","@type":"Flow","@id":"73c7494d-4e93-3769-896b-8bb82f0dfccc","name":"Transport, train, diesel powered","version":"00.00.001","lastChange":"2018-06-27T10:38:48.972-06:00","category":{"@type":"Category","@id":"aa8d1ab6-a83e-35d4-94f0-9435396b5b00","name":"Rail Transportation","categoryPath":["Rail Transportation"],"categoryType":"Flow"},"flowType":"PRODUCT_FLOW","infrastructureFlow":false,"location":{"@type":"Location","@id":"b320e7db-c758-3ba6-8839-81eb83c9d7d7","name":"Northern America"},"flowProperties":[{"@type":"FlowPropertyFactor","referenceFlowProperty":true,"flowProperty":{"@type":"FlowProperty","@id":"838aaa20-0117-11db-92e3-0800200c9a66","name":"Goods transport (mass*distance)","categoryPath":["Technical flow properties"]},"conversionFactor":1.0}]}