{"@context":"http://greendelta.github.io/olca-schema/context.jsonld","@type":"Flow","@id":"7ae3bfc1-8532-11e0-9d78-0800200c9a66","name":"Dimethyl sulfate","version":"00.00.001","lastChange":"2018-08-06T17:20:58.653-06:00","category":{"@type":"Category","@id":"5ee13ccb-a299-3d36-8d7e-be8281e8891a","name":"unspecified","categoryPath":["Elementary flows","Emission to air"],"categoryType":"Flow"},"flowType":"ELEMENTARY_FLOW","cas":"000077-78-1","formula":"C2H6O4S","synonyms":"Dimethyl sulphate; Sulfuric acid, dimethyl ester; Dimethyl monosulfate; Dimethylsulfate ","infrastructureFlow":false,"flowProperties":[{"@type":"FlowPropertyFactor","referenceFlowProperty":true,"flowProperty":{"@type":"FlowProperty","@id":"93a60a56-a3c8-11da-a746-0800200b9a66","name":"Mass","categoryPath":["Technical flow properties"]},"conversionFactor":1.0}]}