{"@context":"http://greendelta.github.io/olca-schema/context.jsonld","@type":"Flow","@id":"86b3dfe0-cad5-46c9-971f-630d2e0b45bd","name":"CUTOFF Pitch despergents, in paper production","description":"","version":"00.00.001","lastChange":"2018-04-05T12:31:25.668-06:00","category":{"@type":"Category","@id":"cd373184-7704-30cf-8fff-c8458124f291","name":"CUTOFF Flows","categoryType":"Flow"},"flowType":"PRODUCT_FLOW","infrastructureFlow":false,"flowProperties":[{"@type":"FlowPropertyFactor","referenceFlowProperty":true,"flowProperty":{"@type":"FlowProperty","@id":"93a60a56-a3c8-11da-a746-0800200b9a66","name":"Mass","categoryPath":["Technical flow properties"]},"conversionFactor":1.0}]}