{"@context":"http://greendelta.github.io/olca-schema/context.jsonld","@type":"Flow","@id":"88357e8d-f022-3551-bdb6-6755889e68a7","name":"Wood chips, softwood, green, at sawmill, NE-NC","version":"00.00.001","lastChange":"2018-06-27T10:38:52.062-06:00","category":{"@type":"Category","@id":"93ef0fb4-e1a6-3649-b5a9-a045972c3bb6","name":"Sawmills","categoryPath":["Wood Product Manufacturing"],"categoryType":"Flow"},"flowType":"PRODUCT_FLOW","infrastructureFlow":false,"location":{"@type":"Location","@id":"b320e7db-c758-3ba6-8839-81eb83c9d7d7","name":"Northern America"},"flowProperties":[{"@type":"FlowPropertyFactor","referenceFlowProperty":true,"flowProperty":{"@type":"FlowProperty","@id":"93a60a56-a3c8-11da-a746-0800200b9a66","name":"Mass","categoryPath":["Technical flow properties"]},"conversionFactor":1.0}]}