{"@context":"http://greendelta.github.io/olca-schema/context.jsonld","@type":"Flow","@id":"8e123669-94d3-41d8-9480-a79211fe7c43","name":"Lead","version":"00.00.002","lastChange":"2018-10-05T14:19:45.702-06:00","category":{"@type":"Category","@id":"5ee13ccb-a299-3d36-8d7e-be8281e8891a","name":"unspecified","categoryPath":["Elementary flows","Emission to air"],"categoryType":"Flow"},"flowType":"ELEMENTARY_FLOW","cas":"007439-92-1","formula":"Pb","infrastructureFlow":false,"flowProperties":[{"@type":"FlowPropertyFactor","referenceFlowProperty":true,"flowProperty":{"@type":"FlowProperty","@id":"93a60a56-a3c8-11da-a746-0800200b9a66","name":"Mass","categoryPath":["Technical flow properties"]},"conversionFactor":1.0}]}