{"@context":"http://greendelta.github.io/olca-schema/context.jsonld","@type":"Flow","@id":"9475d62c-11e0-351b-aa9e-7fb9e035b96b","name":"Fuels, burned at unbleached kraft bag sack paper, average production, at mill","version":"00.00.001","lastChange":"2018-06-27T10:38:51.632-06:00","category":{"@type":"Category","@id":"d26eb2a9-b1ca-3989-bff5-e636f214ce0b","name":"Pulp, Paper, and Paperboard Mills","categoryPath":["Paper Manufacturing"],"categoryType":"Flow"},"flowType":"PRODUCT_FLOW","infrastructureFlow":false,"location":{"@type":"Location","@id":"b320e7db-c758-3ba6-8839-81eb83c9d7d7","name":"Northern America"},"flowProperties":[{"@type":"FlowPropertyFactor","referenceFlowProperty":true,"flowProperty":{"@type":"FlowProperty","@id":"f6811440-ee37-11de-8a39-0800200c9a66","name":"Energy","categoryPath":["Technical flow properties"]},"conversionFactor":1.0}]}