{"@context":"http://greendelta.github.io/olca-schema/context.jsonld","@type":"Flow","@id":"c0e3d540-a27d-3cf0-a53b-9b2273ab99b1","name":"Softwood logs with bark, harvested at average intensity site, at mill, US SE","version":"00.00.001","lastChange":"2018-06-27T10:38:51.320-06:00","category":{"@type":"Category","@id":"7e48db2d-2790-34d3-8a47-b10850c0cba1","name":"Logging","categoryPath":["Forestry and Logging"],"categoryType":"Flow"},"flowType":"PRODUCT_FLOW","infrastructureFlow":false,"location":{"@type":"Location","@id":"b320e7db-c758-3ba6-8839-81eb83c9d7d7","name":"Northern America"},"flowProperties":[{"@type":"FlowPropertyFactor","referenceFlowProperty":true,"flowProperty":{"@type":"FlowProperty","@id":"93a60a56-a3c8-22da-a746-0800200c9a66","name":"Volume","categoryPath":["Technical flow properties"]},"conversionFactor":1.0}]}