{"@context":"http://greendelta.github.io/olca-schema/context.jsonld","@type":"Flow","@id":"c2d8e7d5-ec0f-3ff2-af10-9aa1d8ca7a8e","name":"Water, cooling, unspecified natural origin","version":"00.00.001","lastChange":"2018-06-27T10:38:49.630-06:00","category":{"@type":"Category","@id":"e9c595dd-8020-30b1-8047-6a26ee54fc3d","name":"in water","categoryPath":["resource"],"categoryType":"Flow"},"flowType":"ELEMENTARY_FLOW","infrastructureFlow":false,"flowProperties":[{"@type":"FlowPropertyFactor","referenceFlowProperty":true,"flowProperty":{"@type":"FlowProperty","@id":"93a60a56-a3c8-22da-a746-0800200c9a66","name":"Volume","categoryPath":["Technical flow properties"]},"conversionFactor":1.0}]}