{"@context":"http://greendelta.github.io/olca-schema/context.jsonld","@type":"Flow","@id":"c34c4451-297f-3b5c-a15f-2c16cdb52ad9","name":"Quicklime, at plant","version":"00.00.001","lastChange":"2018-06-27T10:38:44.665-06:00","category":{"@type":"Category","@id":"222e025b-081b-39d2-801a-c4e4151f5b4b","name":"Lime Manufacturing","categoryPath":["Nonmetallic Mineral Product Manufacturing"],"categoryType":"Flow"},"flowType":"PRODUCT_FLOW","infrastructureFlow":false,"location":{"@type":"Location","@id":"b320e7db-c758-3ba6-8839-81eb83c9d7d7","name":"Northern America"},"flowProperties":[{"@type":"FlowPropertyFactor","referenceFlowProperty":true,"flowProperty":{"@type":"FlowProperty","@id":"93a60a56-a3c8-11da-a746-0800200b9a66","name":"Mass","categoryPath":["Technical flow properties"]},"conversionFactor":1.0}]}