{"@context":"http://greendelta.github.io/olca-schema/context.jsonld","@type":"Flow","@id":"caca451d-e5df-4bf4-91f8-2c4be75af6dc","name":"Steam, purchased by containerboard mills","description":"","version":"00.00.000","lastChange":"2018-07-26T13:38:47.747-06:00","category":{"@type":"Category","@id":"5d5f43e7-a2a2-3659-bd5c-860e02e96628","name":"Steam and Air-Conditioning Supply","categoryPath":["Utilities"],"categoryType":"Flow"},"flowType":"PRODUCT_FLOW","infrastructureFlow":false,"flowProperties":[{"@type":"FlowPropertyFactor","referenceFlowProperty":true,"flowProperty":{"@type":"FlowProperty","@id":"f6811440-ee37-11de-8a39-0800200c9a66","name":"Energy","categoryPath":["Technical flow properties"]},"conversionFactor":1.0}]}