{"@context":"http://greendelta.github.io/olca-schema/context.jsonld","@type":"Flow","@id":"cd2343aa-210e-3d54-87df-c939bc9296b5","name":"Hog fuel, pur., combusted in industrial boiler, at pulp and paper mill (EXCL.)","version":"00.00.001","lastChange":"2018-06-27T10:38:51.624-06:00","category":{"@type":"Category","@id":"d26eb2a9-b1ca-3989-bff5-e636f214ce0b","name":"Pulp, Paper, and Paperboard Mills","categoryPath":["Paper Manufacturing"],"categoryType":"Flow"},"flowType":"PRODUCT_FLOW","infrastructureFlow":false,"location":{"@type":"Location","@id":"b320e7db-c758-3ba6-8839-81eb83c9d7d7","name":"Northern America"},"flowProperties":[{"@type":"FlowPropertyFactor","referenceFlowProperty":true,"flowProperty":{"@type":"FlowProperty","@id":"93a60a56-a3c8-11da-a746-0800200b9a66","name":"Mass","categoryPath":["Technical flow properties"]},"conversionFactor":1.0}]}