{"@context":"http://greendelta.github.io/olca-schema/context.jsonld","@type":"Flow","@id":"cfbc5b82-c59c-330b-a12a-134699842889","name":"Melamine urea formaldehyde resin, neat, 60% solids","version":"00.00.001","lastChange":"2018-06-27T10:38:52.274-06:00","category":{"@type":"Category","@id":"e0c2f5df-acdd-36c9-99d9-a5f651eba78f","name":"Chemical Manufacturing","categoryPath":["Wood Product Manufacturing"],"categoryType":"Flow"},"flowType":"PRODUCT_FLOW","infrastructureFlow":false,"location":{"@type":"Location","@id":"b320e7db-c758-3ba6-8839-81eb83c9d7d7","name":"Northern America"},"flowProperties":[{"@type":"FlowPropertyFactor","referenceFlowProperty":true,"flowProperty":{"@type":"FlowProperty","@id":"93a60a56-a3c8-11da-a746-0800200b9a66","name":"Mass","categoryPath":["Technical flow properties"]},"conversionFactor":1.0}]}