{"@context":"http://greendelta.github.io/olca-schema/context.jsonld","@type":"Flow","@id":"d5241b60-0466-35be-9d7d-9305a2f00479","name":"CUTOFF Electricity, hydropower, at run-of-river power plant","version":"00.00.001","lastChange":"2018-06-27T10:38:43.673-06:00","category":{"@type":"Category","@id":"cd373184-7704-30cf-8fff-c8458124f291","name":"CUTOFF Flows","categoryType":"Flow"},"flowType":"PRODUCT_FLOW","infrastructureFlow":false,"location":{"@type":"Location","@id":"b320e7db-c758-3ba6-8839-81eb83c9d7d7","name":"Northern America"},"flowProperties":[{"@type":"FlowPropertyFactor","referenceFlowProperty":true,"flowProperty":{"@type":"FlowProperty","@id":"f6811440-ee37-11de-8a39-0800200c9a66","name":"Energy","categoryPath":["Technical flow properties"]},"conversionFactor":1.0}]}