{"@context":"http://greendelta.github.io/olca-schema/context.jsonld","@type":"Flow","@id":"dcb0c2f2-926d-3eb5-81d8-0e0d32ba8159","name":"CUTOFF Electricity from hydro","version":"00.00.001","lastChange":"2018-06-27T10:38:43.746-06:00","category":{"@type":"Category","@id":"cd373184-7704-30cf-8fff-c8458124f291","name":"CUTOFF Flows","categoryType":"Flow"},"flowType":"PRODUCT_FLOW","infrastructureFlow":false,"location":{"@type":"Location","@id":"b320e7db-c758-3ba6-8839-81eb83c9d7d7","name":"Northern America"},"flowProperties":[{"@type":"FlowPropertyFactor","referenceFlowProperty":true,"flowProperty":{"@type":"FlowProperty","@id":"f6811440-ee37-11de-8a39-0800200c9a66","name":"Energy","categoryPath":["Technical flow properties"]},"conversionFactor":1.0}]}