{"@context":"http://greendelta.github.io/olca-schema/context.jsonld","@type":"Flow","@id":"f56b1f6e-17a0-32b7-95dd-5e7980ebb9b6","name":"Mercury","version":"00.00.001","lastChange":"2018-06-27T10:38:50.229-06:00","category":{"@type":"Category","@id":"f4e5cf55-48f7-3c90-a274-b72dd05d39d6","name":"unspecified","categoryPath":["soil"],"categoryType":"Flow"},"flowType":"ELEMENTARY_FLOW","infrastructureFlow":false,"flowProperties":[{"@type":"FlowPropertyFactor","referenceFlowProperty":true,"flowProperty":{"@type":"FlowProperty","@id":"93a60a56-a3c8-11da-a746-0800200b9a66","name":"Mass","categoryPath":["Technical flow properties"]},"conversionFactor":1.0}]}