{"@context":"http://greendelta.github.io/olca-schema/context.jsonld","@type":"UnitGroup","@id":"838aaa21-0117-11db-92e3-0800200c9a66","name":"Units of mass*length","version":"00.00.000","category":{"@type":"Category","@id":"00d44049-4768-313c-b2a5-c2d545f8e0ec","name":"Technical unit groups","categoryType":"UnitGroup"},"units":[{"@type":"Unit","@id":"7dd57df4-c092-41aa-966e-c93a27797ea1","name":"t*nmi","description":"Metric tonne times nautical mile","version":"00.00.000","conversionFactor":1.85},{"@type":"Unit","@id":"3cc51ae9-b993-4a3d-964e-0aed8d7f3966","name":"t*mi","description":"Metric tonne times international mile","version":"00.00.000","conversionFactor":1.609344},{"@type":"Unit","@id":"0dea4ed8-bb6b-4049-b2b4-b2c413ef2180","name":"t*km","description":"Metric tonne-kilometre","version":"00.00.000","referenceUnit":true,"conversionFactor":1.0,"synonyms":["tkm"]},{"@type":"Unit","@id":"d24270f0-c1f2-49ec-a6bf-e86a74177070","name":"lb*nmi","description":"British pound (avoirdupois) times nautical mile","version":"00.00.000","conversionFactor":8.4E-4},{"@type":"Unit","@id":"097768e6-0763-4126-a253-e323cafdf77e","name":"kt*km","description":"Kilotonne * kilometre","version":"00.00.000","conversionFactor":1000.0,"synonyms":["ktkm"]},{"@type":"Unit","@id":"5458351a-f6f7-4e0b-a449-823c9b6374db","name":"lb*mi","description":"British pound (avoirdupois) times international mile","version":"00.00.000","conversionFactor":7.3E-4},{"@type":"Unit","@id":"a40229e6-7275-42e3-a304-23d590044770","name":"kg*km","description":"Kilogram-kilometre","version":"00.00.000","conversionFactor":0.001,"synonyms":["kgkm","kgkm"]}],"defaultFlowProperty":{"@type":"FlowProperty","@id":"838aaa20-0117-11db-92e3-0800200c9a66","name":"Goods transport (mass*distance)","categoryPath":["Technical flow properties"]}}