{"@context":"http://greendelta.github.io/olca-schema/context.jsonld","@type":"UnitGroup","@id":"93a60a57-a4c8-11da-a746-0800200c9a66","name":"Units of mass","version":"00.00.000","category":{"@type":"Category","@id":"00d44049-4768-313c-b2a5-c2d545f8e0ec","name":"Technical unit groups","categoryType":"UnitGroup"},"units":[{"@type":"Unit","@id":"ae5cced9-f9f1-4719-bd37-837b36013d96","name":"ct","description":"Carat (metric)","version":"00.00.000","conversionFactor":2.0E-4,"synonyms":["carat"]},{"@type":"Unit","@id":"20aadc24-a391-41cf-b340-3e4529f44bde","name":"kg","description":"Kilogram","version":"00.00.000","referenceUnit":true,"conversionFactor":1.0},{"@type":"Unit","@id":"d01259b2-24c2-46af-a7fe-36dd025ead15","name":"ug","description":"Microgram","version":"00.00.000","conversionFactor":1.0E-9,"synonyms":["µg"]},{"@type":"Unit","@id":"d4922696-9c95-4b5d-a876-425e98276978","name":"sh tn","description":"Short ton","version":"00.00.000","conversionFactor":907.18,"synonyms":["tn.sh"]},{"@type":"Unit","@id":"fa44e424-f37b-419d-8475-723429d63c08","name":"oz av","description":"Ounce (avoirdupois); commonly used, but NOT for gold, platinum etc. (see Ounce (troy))","version":"00.00.000","conversionFactor":0.02,"synonyms":["oz"]},{"@type":"Unit","@id":"e5ccc940-eb40-41f9-847e-5ee691ba8c2f","name":"long tn","description":"Long ton","version":"00.00.000","conversionFactor":1016.04,"synonyms":["tn.lg"]},{"@type":"Unit","@id":"95dd50e9-c184-4412-9afc-9764b1ffcf8f","name":"kg SWU","description":"Kilogram SWU","version":"00.00.000","conversionFactor":1.0},{"@type":"Unit","@id":"2ac22d0d-9e02-4459-9402-923490e4e1b4","name":"dg","description":"Decigram","version":"00.00.000","conversionFactor":1.0E-4},{"@type":"Unit","@id":"9dd23b40-4394-4f9a-9572-5f2ee9643864","name":"Mt","description":"Megatonne","version":"00.00.000","conversionFactor":1.0E9,"synonyms":["Mtn"]},{"@type":"Unit","@id":"83192ffa-5990-490b-a23a-b45ca072db6f","name":"t","description":"Tonne","version":"00.00.000","conversionFactor":1000.0,"synonyms":["Mg","ton"]},{"@type":"Unit","@id":"e1317ffc-7f83-4a85-bc65-4fb229a25cf8","name":"g","description":"Gram","version":"00.00.000","conversionFactor":0.001},{"@type":"Unit","@id":"68c83ad3-bc5b-414a-81f7-5b47af2c8a23","name":"pg","description":"Picogram; 10^-12 g","version":"00.00.000","conversionFactor":1.0E-15},{"@type":"Unit","@id":"0300ec69-ce1a-45f0-bcf0-7b33845dc53e","name":"lb av","description":"British pound (avoirdupois)","version":"00.00.000","conversionFactor":0.45,"synonyms":["lb"]},{"@type":"Unit","@id":"2457aee5-c7ee-4416-a65a-5be4ff2b2976","name":"oz t","description":"Ounce (troy)","version":"00.00.000","conversionFactor":0.03},{"@type":"Unit","@id":"a3350a8a-5cb0-440d-9752-8afe8c08c455","name":"dwt","description":"Pennyweight","version":"00.00.000","conversionFactor":0.001555174},{"@type":"Unit","@id":"86dfd16d-d1d8-4b71-88af-0e1126425c77","name":"hg","description":"Hectogram","version":"00.00.000","conversionFactor":0.1},{"@type":"Unit","@id":"56f42b51-bb05-4dcd-a069-0693f167304c","name":"dr (Av)","description":"Dram (Avoirdupois)","version":"00.00.000","conversionFactor":0.001771845},{"@type":"Unit","@id":"2a0b9356-a2dd-444f-991e-ce66cd174c9e","name":"cwt","description":"Short hundredweight","version":"00.00.000","conversionFactor":45.359237},{"@type":"Unit","@id":"63214902-17d4-41a0-be10-d1cad375c32e","name":"ng","description":"Nanogram","version":"00.00.000","conversionFactor":1.0E-12},{"@type":"Unit","@id":"e720c842-19f5-4a38-8573-78dd13719f5b","name":"kt","description":"Kilotonne","version":"00.00.000","conversionFactor":1000000.0},{"@type":"Unit","@id":"218bf752-ec01-43a9-b87c-0e733374fffd","name":"cg","description":"Centigram","version":"00.00.000","conversionFactor":1.0E-5},{"@type":"Unit","@id":"d022bf34-1162-4579-90ab-dcca9620ce54","name":"Mg","description":"Megagram \u003d 1 metric tonne","version":"00.00.000","conversionFactor":1000.0},{"@type":"Unit","@id":"b872a063-0500-42b7-9e5d-441642d84417","name":"mg","description":"Milligram","version":"00.00.000","conversionFactor":1.0E-6},{"@type":"Unit","@id":"78af80e7-ede4-4a65-b04d-97d9ce4f39d3","name":"gr","description":"Grain","version":"00.00.000","conversionFactor":6.48E-5},{"@type":"Unit","@id":"90d59045-3565-4c5a-bb27-ebc365aacbd0","name":"dag","description":"Decagram","version":"00.00.000","conversionFactor":0.01}],"defaultFlowProperty":{"@type":"FlowProperty","@id":"93a60a56-a3c8-11da-a746-0800200b9a66","name":"Mass","categoryPath":["Technical flow properties"]}}