{"@context":"http://greendelta.github.io/olca-schema/context.jsonld","@type":"Flow","@id":"044f449c-d96f-367a-af7b-edb40a7e0ed9","name":"Copper","description":"From FedElemFlowList_1.0.2. Flow Class: Chemicals. Not a preferred flow.","version":"01.00.002","lastChange":"2020-04-21T23:12:10.424-06:00","category":{"@type":"Category","@id":"7bec6d23-eb05-38d1-9710-c751fcedf07c","name":"ocean","categoryPath":["Elementary Flows","emission","water","saline water body"],"categoryType":"Flow"},"flowType":"ELEMENTARY_FLOW","cas":"7440-50-8","formula":"Cu","infrastructureFlow":false,"flowProperties":[{"@type":"FlowPropertyFactor","referenceFlowProperty":true,"flowProperty":{"@type":"FlowProperty","@id":"93a60a56-a3c8-11da-a746-0800200b9a66","name":"Mass","categoryPath":["Technical flow properties"]},"conversionFactor":1.0}]}