{"@context":"http://greendelta.github.io/olca-schema/context.jsonld","@type":"Flow","@id":"13f50f4e-6aee-34f6-b3af-20503373f75d","name":"Limestone","description":"From FedElemFlowList_1.0.1. Flow Class: Geological. Preferred flow.","version":"01.00.001","lastChange":"2020-01-13T14:09:45.986-07:00","category":{"@type":"Category","@id":"bd53d429-278a-3bc7-aa05-bd6de6aaa76a","name":"ground","categoryPath":["Elementary Flows","resource"],"categoryType":"Flow"},"flowType":"ELEMENTARY_FLOW","cas":"471-34-1","formula":"CaCO3","infrastructureFlow":false,"flowProperties":[{"@type":"FlowPropertyFactor","referenceFlowProperty":true,"flowProperty":{"@type":"FlowProperty","@id":"93a60a56-a3c8-11da-a746-0800200b9a66","name":"Mass","categoryPath":["Technical flow properties"]},"conversionFactor":1.0}]}