{"@context":"http://greendelta.github.io/olca-schema/context.jsonld","@type":"Flow","@id":"1687d444-eea3-3c59-a2f7-9cf73a962e66","name":"Chromium","description":"From FedElemFlowList_1.0. Flow Class: Chemicals. Not a preferred flow.","version":"01.00.000","lastChange":"2019-09-11T08:21:43.177-06:00","category":{"@type":"Category","@id":"c345d357-dcee-37b0-aa31-04e9708b010b","name":"subterranean","categoryPath":["Elementary Flows","emission","water"],"categoryType":"Flow"},"flowType":"ELEMENTARY_FLOW","cas":"7440-47-3","formula":"Cr","infrastructureFlow":false,"flowProperties":[{"@type":"FlowPropertyFactor","referenceFlowProperty":true,"flowProperty":{"@type":"FlowProperty","@id":"93a60a56-a3c8-11da-a746-0800200b9a66","name":"Mass","categoryPath":["Technical flow properties"]},"conversionFactor":1.0}]}