{"@context":"http://greendelta.github.io/olca-schema/context.jsonld","@type":"Flow","@id":"1f881108-8172-3637-b082-88dd3f25a93e","name":"Metamitron","description":"From FedElemFlowList_1.0.1. Flow Class: Chemicals. Not a preferred flow.","version":"01.00.001","lastChange":"2020-01-13T14:09:45.573-07:00","category":{"@type":"Category","@id":"385296a0-3b3b-3ed0-acf6-8425b3358c86","name":"agricultural","categoryPath":["Elementary Flows","emission","ground","human-dominated"],"categoryType":"Flow"},"flowType":"ELEMENTARY_FLOW","cas":"41394-05-2","formula":"C10H10N4O","infrastructureFlow":false,"flowProperties":[{"@type":"FlowPropertyFactor","referenceFlowProperty":true,"flowProperty":{"@type":"FlowProperty","@id":"93a60a56-a3c8-11da-a746-0800200b9a66","name":"Mass","categoryPath":["Technical flow properties"]},"conversionFactor":1.0}]}