{"@context":"http://greendelta.github.io/olca-schema/context.jsonld","@type":"Flow","@id":"3582e5c7-7c0d-31ef-8729-ef811b927323","name":"Prothioconazole","description":"From FedElemFlowList_1.0. Flow Class: Chemicals. Not a preferred flow.","version":"01.00.000","lastChange":"2019-09-11T08:10:44.073-06:00","category":{"@type":"Category","@id":"fdb15b0c-5b3a-33c9-aa2d-5ee8b3e65456","name":"rural","categoryPath":["Elementary Flows","emission","air","troposphere"],"categoryType":"Flow"},"flowType":"ELEMENTARY_FLOW","cas":"178928-70-6","formula":"C14H15Cl2N3OS","infrastructureFlow":false,"flowProperties":[{"@type":"FlowPropertyFactor","referenceFlowProperty":true,"flowProperty":{"@type":"FlowProperty","@id":"93a60a56-a3c8-11da-a746-0800200b9a66","name":"Mass","categoryPath":["Technical flow properties"]},"conversionFactor":1.0}]}