{"@context":"http://greendelta.github.io/olca-schema/context.jsonld","@type":"Flow","@id":"4216c293-256c-370b-b2fd-a4224eccc03d","name":"Volatile organic compounds","description":"From FedElemFlowList_1.0.1. Flow Class: Groups. Not a preferred flow.","version":"01.00.001","lastChange":"2020-01-13T14:09:46.033-07:00","category":{"@type":"Category","@id":"e415bd6a-96e2-3c0b-beaf-91b244f94b30","name":"stratosphere","categoryPath":["Elementary Flows","emission","air"],"categoryType":"Flow"},"flowType":"ELEMENTARY_FLOW","cas":"n.a.","infrastructureFlow":false,"flowProperties":[{"@type":"FlowPropertyFactor","referenceFlowProperty":true,"flowProperty":{"@type":"FlowProperty","@id":"93a60a56-a3c8-11da-a746-0800200b9a66","name":"Mass","categoryPath":["Technical flow properties"]},"conversionFactor":1.0}]}