{"@context":"http://greendelta.github.io/olca-schema/context.jsonld","@type":"Flow","@id":"44e56fb0-729f-3dc5-bfef-0396c1662ba0","name":"Chainsawing; hand felling and delimbing","version":"00.00.005","lastChange":"2019-10-01T16:00:34.079-06:00","category":{"@type":"Category","@id":"8c41e757-67be-3757-bee1-7b148a603806","name":"1133: Logging","categoryPath":["Technosphere Flows","11: Agriculture, Forestry, Fishing and Hunting"],"categoryType":"Flow"},"flowType":"PRODUCT_FLOW","infrastructureFlow":false,"location":{"@type":"Location","@id":"0b3b97fa-6688-3c56-88ee-4ae80ec0c3c2","name":"United States"},"flowProperties":[{"@type":"FlowPropertyFactor","referenceFlowProperty":true,"flowProperty":{"@type":"FlowProperty","@id":"c0447923-0e60-4b3c-97c2-a86dddd9eea5","name":"Duration","categoryPath":["Technical flow properties"]},"conversionFactor":1.0}]}