{"@context":"http://greendelta.github.io/olca-schema/context.jsonld","@type":"Flow","@id":"48a27d76-099e-3f02-8806-2d25732c15bc","name":"Energy, hydro","description":"From FedElemFlowList_1.0.1. Flow Class: Energy. Not a preferred flow.","version":"01.00.001","lastChange":"2020-01-13T14:09:45.971-07:00","category":{"@type":"Category","@id":"90c5f71b-f9ec-3493-a4ce-56e1600f49e3","name":"ocean","categoryPath":["Elementary Flows","resource","water","saline water body"],"categoryType":"Flow"},"flowType":"ELEMENTARY_FLOW","infrastructureFlow":false,"flowProperties":[{"@type":"FlowPropertyFactor","referenceFlowProperty":true,"flowProperty":{"@type":"FlowProperty","@id":"f6811440-ee37-11de-8a39-0800200c9a66","name":"Energy","categoryPath":["Technical flow properties"]},"conversionFactor":1.0}]}