{"@context":"http://greendelta.github.io/olca-schema/context.jsonld","@type":"Flow","@id":"56924917-137b-39c2-964f-9b1b78c62b86","name":"Prothioconazole","description":"From FedElemFlowList_1.0. Flow Class: Chemicals. Not a preferred flow.","version":"01.00.000","lastChange":"2019-09-11T08:21:20.580-06:00","category":{"@type":"Category","@id":"4a20a81d-a9b7-3bb4-a194-b235dff58aa4","name":"river","categoryPath":["Elementary Flows","emission","water","fresh water body"],"categoryType":"Flow"},"flowType":"ELEMENTARY_FLOW","cas":"178928-70-6","formula":"C14H15Cl2N3OS","infrastructureFlow":false,"flowProperties":[{"@type":"FlowPropertyFactor","referenceFlowProperty":true,"flowProperty":{"@type":"FlowProperty","@id":"93a60a56-a3c8-11da-a746-0800200b9a66","name":"Mass","categoryPath":["Technical flow properties"]},"conversionFactor":1.0}]}