{"@context":"http://greendelta.github.io/olca-schema/context.jsonld","@type":"Flow","@id":"57d917f3-6a50-3762-a6ee-6b0c580cc9f5","name":"Silicon","description":"From FedElemFlowList_1.0.1. Flow Class: Chemicals. Not a preferred flow.","version":"01.00.001","lastChange":"2020-01-13T14:09:45.651-07:00","category":{"@type":"Category","@id":"db229444-8686-37b4-8d53-73ec59298614","name":"industrial","categoryPath":["Elementary Flows","emission","ground","human-dominated"],"categoryType":"Flow"},"flowType":"ELEMENTARY_FLOW","cas":"7440-21-3","formula":"Si","infrastructureFlow":false,"flowProperties":[{"@type":"FlowPropertyFactor","referenceFlowProperty":true,"flowProperty":{"@type":"FlowProperty","@id":"93a60a56-a3c8-11da-a746-0800200b9a66","name":"Mass","categoryPath":["Technical flow properties"]},"conversionFactor":1.0}]}