{"@context":"http://greendelta.github.io/olca-schema/context.jsonld","@type":"Flow","@id":"606f9bb2-11c4-310f-85bb-e7806368efd4","name":"Gallium","description":"From FedElemFlowList_1.0.1. Flow Class: Chemicals. Preferred flow.","version":"01.00.001","lastChange":"2020-01-13T14:09:45.955-07:00","category":{"@type":"Category","@id":"25162403-5267-35ee-9c88-a5fd3036162a","name":"subterranean","categoryPath":["Elementary Flows","resource","ground"],"categoryType":"Flow"},"flowType":"ELEMENTARY_FLOW","cas":"7440-55-3","formula":"Ga","infrastructureFlow":false,"flowProperties":[{"@type":"FlowPropertyFactor","referenceFlowProperty":true,"flowProperty":{"@type":"FlowProperty","@id":"93a60a56-a3c8-11da-a746-0800200b9a66","name":"Mass","categoryPath":["Technical flow properties"]},"conversionFactor":1.0}]}