{"@context":"http://greendelta.github.io/olca-schema/context.jsonld","@type":"Flow","@id":"632b1fc8-e674-3717-8407-9088e8857281","name":"Fuels, burned at coated mechanical paper, average production, at mill","version":"00.00.003","lastChange":"2019-09-19T11:40:34.044-06:00","category":{"@type":"Category","@id":"a595427b-def0-3ee9-8608-81e6d36e1152","name":"3221: Pulp, Paper, and Paperboard Mills","categoryPath":["Technosphere Flows","31-33: Manufacturing"],"categoryType":"Flow"},"flowType":"PRODUCT_FLOW","infrastructureFlow":false,"location":{"@type":"Location","@id":"b320e7db-c758-3ba6-8839-81eb83c9d7d7","name":"Northern America"},"flowProperties":[{"@type":"FlowPropertyFactor","referenceFlowProperty":true,"flowProperty":{"@type":"FlowProperty","@id":"f6811440-ee37-11de-8a39-0800200c9a66","name":"Energy","categoryPath":["Technical flow properties"]},"conversionFactor":1.0}]}