{"@context":"http://greendelta.github.io/olca-schema/context.jsonld","@type":"Flow","@id":"6498bfea-666b-487d-ab15-acece7ce151a","name":"Asphalt binder, no additives","version":"00.00.002","lastChange":"2020-04-22T14:43:21.096-06:00","category":{"@type":"Category","@id":"f7a292c9-fac6-3967-918b-cc6d3d76e07a","name":"4247: Petroleum and Petroleum Products Merchant Wholesalers","categoryPath":["Technosphere Flows","42: Wholesale Trade"],"categoryType":"Flow"},"flowType":"PRODUCT_FLOW","infrastructureFlow":false,"location":{"@type":"Location","@id":"56bca136-90bb-3a77-9abb-7ce558af711e","name":"Global"},"flowProperties":[{"@type":"FlowPropertyFactor","referenceFlowProperty":true,"flowProperty":{"@type":"FlowProperty","@id":"93a60a56-a3c8-11da-a746-0800200b9a66","name":"Mass","categoryPath":["Technical flow properties"]},"conversionFactor":1.0},{"@type":"FlowPropertyFactor","flowProperty":{"@type":"FlowProperty","@id":"93a60a56-a3c8-11da-a746-0800200c9a66","name":"Net calorific value","categoryPath":["Technical flow properties"]},"conversionFactor":38.692058982},{"@type":"FlowPropertyFactor","flowProperty":{"@type":"FlowProperty","@id":"93a60a56-a3c8-22da-a746-0800200c9a66","name":"Volume","categoryPath":["Technical flow properties"]},"conversionFactor":9.65709E-4}]}