{"@context":"http://greendelta.github.io/olca-schema/context.jsonld","@type":"Flow","@id":"64d7e0d8-62dd-3d63-895e-84f94aedbcd3","name":"Carbonate","description":"From FedElemFlowList_1.0.1. Flow Class: Chemicals. Not a preferred flow.","version":"01.00.001","lastChange":"2020-01-13T14:09:45.877-07:00","category":{"@type":"Category","@id":"7bec6d23-eb05-38d1-9710-c751fcedf07c","name":"ocean","categoryPath":["Elementary Flows","emission","water","saline water body"],"categoryType":"Flow"},"flowType":"ELEMENTARY_FLOW","cas":"3812-32-6","formula":"CO3","infrastructureFlow":false,"flowProperties":[{"@type":"FlowPropertyFactor","referenceFlowProperty":true,"flowProperty":{"@type":"FlowProperty","@id":"93a60a56-a3c8-11da-a746-0800200b9a66","name":"Mass","categoryPath":["Technical flow properties"]},"conversionFactor":1.0}]}