{"@context":"http://greendelta.github.io/olca-schema/context.jsonld","@type":"Flow","@id":"6885e4ca-1f20-3457-bcd8-b409c641c69d","name":"Sulfur trioxide","description":"From FedElemFlowList_1.0.2. Flow Class: Chemicals. Not a preferred flow.","version":"01.00.002","lastChange":"2020-04-21T23:12:10.474-06:00","category":{"@type":"Category","@id":"c0c95593-8304-3564-bf2d-c89ea5a29917","name":"fresh water body","categoryPath":["Elementary Flows","emission","water"],"categoryType":"Flow"},"flowType":"ELEMENTARY_FLOW","cas":"7446-11-9","formula":"O3S","infrastructureFlow":false,"flowProperties":[{"@type":"FlowPropertyFactor","referenceFlowProperty":true,"flowProperty":{"@type":"FlowProperty","@id":"93a60a56-a3c8-11da-a746-0800200b9a66","name":"Mass","categoryPath":["Technical flow properties"]},"conversionFactor":1.0}]}