{"@context":"http://greendelta.github.io/olca-schema/context.jsonld","@type":"Flow","@id":"688af4a2-9de5-38a8-87bd-08ac66b23b0e","name":"Hydrogen sulfide","description":"From FedElemFlowList_1.0.1. Flow Class: Chemicals. Not a preferred flow.","version":"01.00.001","lastChange":"2020-01-13T14:09:45.667-07:00","category":{"@type":"Category","@id":"c345d357-dcee-37b0-aa31-04e9708b010b","name":"subterranean","categoryPath":["Elementary Flows","emission","water"],"categoryType":"Flow"},"flowType":"ELEMENTARY_FLOW","cas":"7783-06-4","formula":"H2S","infrastructureFlow":false,"flowProperties":[{"@type":"FlowPropertyFactor","referenceFlowProperty":true,"flowProperty":{"@type":"FlowProperty","@id":"93a60a56-a3c8-11da-a746-0800200b9a66","name":"Mass","categoryPath":["Technical flow properties"]},"conversionFactor":1.0}]}