{"@context":"http://greendelta.github.io/olca-schema/context.jsonld","@type":"Flow","@id":"68c4b3e8-492b-3327-b39f-53005c9f235a","name":"Energy, output, from gasoline","version":"00.00.004","lastChange":"2019-09-19T11:46:11.050-06:00","category":{"@type":"Category","@id":"2665bab2-c905-3680-8ad7-16954f1ea251","name":"3251: Basic Chemical Manufacturing","categoryPath":["Technosphere Flows","31-33: Manufacturing"],"categoryType":"Flow"},"flowType":"PRODUCT_FLOW","infrastructureFlow":false,"flowProperties":[{"@type":"FlowPropertyFactor","referenceFlowProperty":true,"flowProperty":{"@type":"FlowProperty","@id":"f6811440-ee37-11de-8a39-0800200c9a66","name":"Energy","categoryPath":["Technical flow properties"]},"conversionFactor":1.0}]}