{"@context":"http://greendelta.github.io/olca-schema/context.jsonld","@type":"Flow","@id":"719419fc-f778-38d9-aeb5-24cdbc51d715","name":"Benomyl","description":"From FedElemFlowList_1.0.1. Flow Class: Chemicals. Not a preferred flow.","version":"01.00.001","lastChange":"2020-01-13T14:09:45.558-07:00","category":{"@type":"Category","@id":"d9b6d2ca-9f04-3660-9f79-2665d8e683fe","name":"ground","categoryPath":["Elementary Flows","emission"],"categoryType":"Flow"},"flowType":"ELEMENTARY_FLOW","cas":"17804-35-2","formula":"C14H18N4O3","infrastructureFlow":false,"flowProperties":[{"@type":"FlowPropertyFactor","referenceFlowProperty":true,"flowProperty":{"@type":"FlowProperty","@id":"93a60a56-a3c8-11da-a746-0800200b9a66","name":"Mass","categoryPath":["Technical flow properties"]},"conversionFactor":1.0}]}