{"@context":"http://greendelta.github.io/olca-schema/context.jsonld","@type":"Flow","@id":"81b85c3d-aeef-3a29-81d1-b39e1de928a8","name":"Anthracite coal, at mine","version":"00.00.003","lastChange":"2019-09-19T11:19:36.971-06:00","category":{"@type":"Category","@id":"99fc289a-584f-33da-9c1a-055fb5765b88","name":"2121: Coal Mining","categoryPath":["Technosphere Flows","21: Mining, Quarrying, and Oil and Gas Extraction"],"categoryType":"Flow"},"flowType":"PRODUCT_FLOW","infrastructureFlow":false,"location":{"@type":"Location","@id":"b320e7db-c758-3ba6-8839-81eb83c9d7d7","name":"Northern America"},"flowProperties":[{"@type":"FlowPropertyFactor","referenceFlowProperty":true,"flowProperty":{"@type":"FlowProperty","@id":"93a60a56-a3c8-11da-a746-0800200b9a66","name":"Mass","categoryPath":["Technical flow properties"]},"conversionFactor":1.0}]}