{"@context":"http://greendelta.github.io/olca-schema/context.jsonld","@type":"Flow","@id":"8854495b-8878-345b-a602-361ab39d2b0d","name":"Anhydrite","description":"From FedElemFlowList_1.0.1. Flow Class: Geological. Preferred flow.","version":"01.00.001","lastChange":"2020-01-13T14:09:45.971-07:00","category":{"@type":"Category","@id":"25162403-5267-35ee-9c88-a5fd3036162a","name":"subterranean","categoryPath":["Elementary Flows","resource","ground"],"categoryType":"Flow"},"flowType":"ELEMENTARY_FLOW","formula":"CaSO4","infrastructureFlow":false,"flowProperties":[{"@type":"FlowPropertyFactor","referenceFlowProperty":true,"flowProperty":{"@type":"FlowProperty","@id":"93a60a56-a3c8-11da-a746-0800200b9a66","name":"Mass","categoryPath":["Technical flow properties"]},"conversionFactor":1.0}]}