{"@context":"http://greendelta.github.io/olca-schema/context.jsonld","@type":"Flow","@id":"96adbc9c-2708-34ab-86af-18ae6560f616","name":"Corn steep liquor","version":"00.00.003","lastChange":"2019-09-19T11:28:34.372-06:00","category":{"@type":"Category","@id":"39446515-71f5-3df5-94b0-5a7e4386f2d1","name":"3112: Grain and Oilseed Milling","categoryPath":["Technosphere Flows","31-33: Manufacturing"],"categoryType":"Flow"},"flowType":"PRODUCT_FLOW","infrastructureFlow":false,"location":{"@type":"Location","@id":"b320e7db-c758-3ba6-8839-81eb83c9d7d7","name":"Northern America"},"flowProperties":[{"@type":"FlowPropertyFactor","referenceFlowProperty":true,"flowProperty":{"@type":"FlowProperty","@id":"93a60a56-a3c8-11da-a746-0800200b9a66","name":"Mass","categoryPath":["Technical flow properties"]},"conversionFactor":1.0}]}