{"@context":"http://greendelta.github.io/olca-schema/context.jsonld","@type":"Flow","@id":"97624ce0-6d6a-3376-bfa7-c663b3c7e48d","name":"Electricity; onsite boiler; hardwood mill; average","version":"00.00.005","lastChange":"2019-10-01T23:13:07.956-06:00","category":{"@type":"Category","@id":"b754929a-d887-3a15-9d11-69cdccc77689","name":"2213: Water, Sewage and Other Systems","categoryPath":["Technosphere Flows","22: Utilities"],"categoryType":"Flow"},"flowType":"PRODUCT_FLOW","infrastructureFlow":false,"location":{"@type":"Location","@id":"0b3b97fa-6688-3c56-88ee-4ae80ec0c3c2","name":"United States"},"flowProperties":[{"@type":"FlowPropertyFactor","referenceFlowProperty":true,"flowProperty":{"@type":"FlowProperty","@id":"f6811440-ee37-11de-8a39-0800200c9a66","name":"Energy","categoryPath":["Technical flow properties"]},"conversionFactor":1.0}]}