{"@context":"http://greendelta.github.io/olca-schema/context.jsonld","@type":"Flow","@id":"bcaedba9-d7b3-37db-8356-dcb747a1dc14","name":"Carbon-14","description":"From FedElemFlowList_1.0.2. Flow Class: Chemicals. Not a preferred flow.","version":"01.00.002","lastChange":"2020-04-21T23:12:10.524-06:00","category":{"@type":"Category","@id":"7bec6d23-eb05-38d1-9710-c751fcedf07c","name":"ocean","categoryPath":["Elementary Flows","emission","water","saline water body"],"categoryType":"Flow"},"flowType":"ELEMENTARY_FLOW","cas":"14762-75-5","formula":"[14C]","infrastructureFlow":false,"flowProperties":[{"@type":"FlowPropertyFactor","flowProperty":{"@type":"FlowProperty","@id":"93a60a56-a3c8-11da-a746-0800200b9a66","name":"Mass","categoryPath":["Technical flow properties"]},"conversionFactor":6.25E-12},{"@type":"FlowPropertyFactor","referenceFlowProperty":true,"flowProperty":{"@type":"FlowProperty","@id":"93a60a56-a3c8-17da-a746-0800200c9a66","name":"Radioactivity","categoryPath":["Technical flow properties"]},"conversionFactor":1.0}]}