{"@context":"http://greendelta.github.io/olca-schema/context.jsonld","@type":"Flow","@id":"ca68f730-e81a-4044-805f-9347c5c2530d","name":"Scanner, department, S3120 Max, S3140 Max","description":"Gate to Gate S3120 Max, S3140 Max Kodak Alaris department scanners including the power supply and cables.  These scanners have a mass of 17.5 kg.","version":"00.00.008","lastChange":"2022-05-23T21:53:24.319-06:00","category":{"@type":"Category","@id":"73e7f256-9d26-36d6-b4af-be06ef868007","name":"3341: Computer and Peripheral Equipment Manufacturing","categoryPath":["Technosphere Flows","31-33: Manufacturing"],"categoryType":"Flow"},"flowType":"PRODUCT_FLOW","infrastructureFlow":false,"location":{"@type":"Location","@id":"7efdfc94-655a-35dc-aa3e-c85e9bb703fa","name":"China"},"flowProperties":[{"@type":"FlowPropertyFactor","referenceFlowProperty":true,"flowProperty":{"@type":"FlowProperty","@id":"01846770-4cfe-4a25-8ad9-919d8d378345","name":"Number of items","categoryPath":["Technical flow properties"]},"conversionFactor":1.0}]}