{"@context":"http://greendelta.github.io/olca-schema/context.jsonld","@type":"Flow","@id":"d3ba6907-97fc-3d55-b105-b48eabccf508","name":"Radioactive tailings","version":"00.00.004","lastChange":"2019-09-19T11:59:06.047-06:00","category":{"@type":"Category","@id":"a9e7424f-8571-3a86-b6da-ecbbfe10e397","name":"5622: Waste Treatment and Disposal","categoryPath":["Technosphere Flows","56: Administrative and Support and Waste Management and Remediation Services"],"categoryType":"Flow"},"flowType":"WASTE_FLOW","infrastructureFlow":false,"location":{"@type":"Location","@id":"b320e7db-c758-3ba6-8839-81eb83c9d7d7","name":"Northern America"},"flowProperties":[{"@type":"FlowPropertyFactor","referenceFlowProperty":true,"flowProperty":{"@type":"FlowProperty","@id":"93a60a56-a3c8-11da-a746-0800200b9a66","name":"Mass","categoryPath":["Technical flow properties"]},"conversionFactor":1.0}]}