{"@context":"http://greendelta.github.io/olca-schema/context.jsonld","@type":"Flow","@id":"d8cc74fd-dec4-3720-95d3-086d9616a67b","name":"Adsorbable organic halides","description":"From FedElemFlowList_1.0.1. Flow Class: Groups. Not a preferred flow.","version":"01.00.001","lastChange":"2020-01-13T14:09:46.049-07:00","category":{"@type":"Category","@id":"4a20a81d-a9b7-3bb4-a194-b235dff58aa4","name":"river","categoryPath":["Elementary Flows","emission","water","fresh water body"],"categoryType":"Flow"},"flowType":"ELEMENTARY_FLOW","cas":"n.a.","formula":"-","infrastructureFlow":false,"flowProperties":[{"@type":"FlowPropertyFactor","referenceFlowProperty":true,"flowProperty":{"@type":"FlowProperty","@id":"93a60a56-a3c8-11da-a746-0800200b9a66","name":"Mass","categoryPath":["Technical flow properties"]},"conversionFactor":1.0}]}