{"@context":"http://greendelta.github.io/olca-schema/context.jsonld","@type":"Flow","@id":"dbfe33c6-621c-3122-80db-f1c2b387969b","name":"Acenaphthylene","description":"From FedElemFlowList_1.0.2. Flow Class: Chemicals. Not a preferred flow.","version":"01.00.002","lastChange":"2020-04-21T23:12:10.464-06:00","category":{"@type":"Category","@id":"c0c95593-8304-3564-bf2d-c89ea5a29917","name":"fresh water body","categoryPath":["Elementary Flows","emission","water"],"categoryType":"Flow"},"flowType":"ELEMENTARY_FLOW","cas":"208-96-8","formula":"C12H8","infrastructureFlow":false,"flowProperties":[{"@type":"FlowPropertyFactor","referenceFlowProperty":true,"flowProperty":{"@type":"FlowProperty","@id":"93a60a56-a3c8-11da-a746-0800200b9a66","name":"Mass","categoryPath":["Technical flow properties"]},"conversionFactor":1.0}]}