{"@context":"http://greendelta.github.io/olca-schema/context.jsonld","@type":"Flow","@id":"dcad5689-3de6-3d80-bc24-c3ce47352482","name":"Zinc","description":"From FedElemFlowList_1.0.1. Flow Class: Chemicals. Not a preferred flow.","version":"01.00.001","lastChange":"2020-01-13T14:09:45.651-07:00","category":{"@type":"Category","@id":"385296a0-3b3b-3ed0-acf6-8425b3358c86","name":"agricultural","categoryPath":["Elementary Flows","emission","ground","human-dominated"],"categoryType":"Flow"},"flowType":"ELEMENTARY_FLOW","cas":"7440-66-6","formula":"Zn","infrastructureFlow":false,"flowProperties":[{"@type":"FlowPropertyFactor","referenceFlowProperty":true,"flowProperty":{"@type":"FlowProperty","@id":"93a60a56-a3c8-11da-a746-0800200b9a66","name":"Mass","categoryPath":["Technical flow properties"]},"conversionFactor":1.0}]}