{"@context":"http://greendelta.github.io/olca-schema/context.jsonld","@type":"Flow","@id":"f30f7c5b-ef89-36e0-9a91-01a90badadf2","name":"Strontium","description":"From FedElemFlowList_1.0.1. Flow Class: Chemicals. Not a preferred flow.","version":"01.00.001","lastChange":"2020-01-13T14:09:45.892-07:00","category":{"@type":"Category","@id":"c345d357-dcee-37b0-aa31-04e9708b010b","name":"subterranean","categoryPath":["Elementary Flows","emission","water"],"categoryType":"Flow"},"flowType":"ELEMENTARY_FLOW","cas":"7440-24-6","formula":"Sr","infrastructureFlow":false,"flowProperties":[{"@type":"FlowPropertyFactor","referenceFlowProperty":true,"flowProperty":{"@type":"FlowProperty","@id":"93a60a56-a3c8-11da-a746-0800200b9a66","name":"Mass","categoryPath":["Technical flow properties"]},"conversionFactor":1.0}]}