{"@context":"http://greendelta.github.io/olca-schema/context.jsonld","@type":"Source","@id":"0b1d2811-486b-36ba-8dab-a7b8ba07dfd0","name":"Eastern Research Group, Inc.  2001. Uncontrolled Emission Factor Listing for Criteria Air Pollutants.","version":"00.00.000","category":{"@type":"Category","@id":"ded2fabf-8889-398b-abfe-bd58d93307a8","name":"Other sources"},"textReference":"U.S. Environmental Protection Agency  (2001). Uncontrolled Emission Factor Listing for Criteria Air Pollutants \u003chttp://www.epa.gov/ttnchie1/eiip/techreport/volume02/ii14_july2001.pdf\u003e 2001"}