{"@context":"http://greendelta.github.io/olca-schema/context.jsonld","@type":"Source","@id":"4166c2c8-6e1c-3204-8bc2-2b2598600e8d","name":"U.S. Environmental Protection Agency (EPA). 1994. Development and Selection of Ammonia Emission Factors","version":"00.00.000","category":{"@type":"Category","@id":"ded2fabf-8889-398b-abfe-bd58d93307a8","name":"Other sources"},"textReference":"U.S. Environmental Protection Agency (1994). Development and Selection of Ammonia Emission Factors \u003chttp://web.sraproject.org/wp-content/uploads/2007/12/developmentandselectionofammoniaemissionfactors.pdf\u003e 1994"}