{"@context":"http://greendelta.github.io/olca-schema/context.jsonld","@type":"Source","@id":"461e7d9f-93d0-3b50-ac64-987cc78f6a4c","name":"U.S. Environmental Protection Agency (EPA). 1999. Nitrogen Oxides (NOx), Why and How They Are Controlled","version":"00.00.000","category":{"@type":"Category","@id":"ded2fabf-8889-398b-abfe-bd58d93307a8","name":"Other sources"},"textReference":"U.S. Environmental Protection Agency Clean Air Technology Center (1999). Nitrogen Oxides (NOx), Why and How They Are Controlled. EPA. http://www.google.com/url?sa\u003dt\u0026rct\u003dj\u0026q\u003d\u0026esrc\u003ds\u0026source\u003dweb\u0026cd\u003d1\u0026ved\u003d0CB4QFjAA\u0026url\u003dhttp%3A%2F%2Fwww.epa.gov%2Fttncatc1%2Fdir1%2Ffnoxdoc.pdf\u0026ei\u003dPsiZVPiUB4mVyQSOyYCgAw\u0026usg\u003dAFQjCNGu6k86L7ZWQLyNOjAkEdt__uHFqg\u0026bvm\u003dbv.82001339,d.aWw 1999"}