{"@context":"http://greendelta.github.io/olca-schema/context.jsonld","@type":"Source","@id":"550089af-db82-3811-93fa-60c1e5ed590d","name":"U.S. Environmental Protection Agency (EPA). 2007. Lists of Potential Control Measures for PM 2.5 and Precursors ","version":"00.00.000","category":{"@type":"Category","@id":"ded2fabf-8889-398b-abfe-bd58d93307a8","name":"Other sources"},"textReference":"U.S. Environmental Protection Agency Division of Air Quality (2007). Lists of potential control measures for PM2.5 and precursors, Draft Version 1.0 \u003ca href\u003d\"http://www.epa.gov/pm/measures/pm_control_measures_tables_ver1.pdf\"\u003ehttp://www.epa.gov/pm/measures/pm_control_measures_tables_ver1.pdf\u003c/a\u003e 2007. 2007"}