{"@context":"http://greendelta.github.io/olca-schema/context.jsonld","@type":"Source","@id":"55a202e6-1365-3aa7-83c1-e1cea4e10927","name":"National Energy Technology Laboratory (NETL). 2008. Development of baseline data and analysis of life cycle greenhouse gas emissions of petroleum-based fuels","version":"00.00.000","category":{"@type":"Category","@id":"ded2fabf-8889-398b-abfe-bd58d93307a8","name":"Other sources"},"textReference":"National Energy Technology Laboratory (2008). Development of baseline data and analysis of life cycle greenhouse gas emissions of petroleum-based fuels. DOE. Pittsburgh, PA. http://www.netl.doe.gov/File%20Library/Research/Energy%20Analysis/Life%20Cycle%20Analysis/NETL-LCA-Petroleum-based-Fuels-Nov-2008.pdf. Last Accessed: March 24, 2014 2008"}