{"@context":"http://greendelta.github.io/olca-schema/context.jsonld","@type":"Source","@id":"56a90479-dc71-337d-8f61-0ca12bae15b0","name":"U.S. Environmental Protection Agency (EPA). 2011. Emission factors for greenhouse gas inventories.","version":"00.00.000","category":{"@type":"Category","@id":"ded2fabf-8889-398b-abfe-bd58d93307a8","name":"Other sources"},"textReference":"U.S. Environmental Protection Agency (2011). Emission factors for greenhouse gas inventories. EPA. Washington, DC. http://www.epa.gov/climateleadership/inventory/ghg-emissions.html. Last Accessed: March 24, 2014 2011"}