{"@context":"http://greendelta.github.io/olca-schema/context.jsonld","@type":"Source","@id":"57296599-697c-3eeb-8c38-38e150db8624","name":"U.S. Environmental Protection Agency (EPA). 2000. Analysis of Commercial Marine Vessels Emissions and Fuel Consumption Data","version":"00.00.000","category":{"@type":"Category","@id":"ded2fabf-8889-398b-abfe-bd58d93307a8","name":"Other sources"},"textReference":"U.S. Environmental Protection Agency  Analysis of Commercial Marine Vessels Emissions and Fuel Consumption Data (2000). Analysis of Commercial Marine Vessels Emissions and Fuel Consumption Data \u003chttp://www.epa.gov/otaq/models/nonrdmdl/c-marine/r00002.pdf\u003e 2000"}