{"@context":"http://greendelta.github.io/olca-schema/context.jsonld","@type":"Source","@id":"6c12f58d-0bb6-3304-88b3-be151844c78a","name":"U.S. Environmental Protection Agency (EPA). 2009. Regulatory Impact Analysis: Control of Emissions of Air Pollution from Category 3 Marine Diesel Engines","version":"00.00.000","category":{"@type":"Category","@id":"ded2fabf-8889-398b-abfe-bd58d93307a8","name":"Other sources"},"textReference":"U.S. Environmental Protection Agency  Assessment and Standards Division\r\nOffice of Transportation and Air Quality \r\n(2009). Regulatory Impact Analysis:\r\nControl of Emissions of Air Pollution from Category 3 Marine Diesel Engines \u003chttp://www.google.com/url?sa\u003dt\u0026rct\u003dj\u0026q\u003d\u0026esrc\u003ds\u0026source\u003dweb\u0026cd\u003d1\u0026ved\u003d0CCAQFjAA\u0026url\u003dhttp%3A%2F%2Fwww.epa.gov%2Fnonroad%2Fmarine%2Fci%2F420r09019.pdf\u0026ei\u003dWiS0VMC8KMvroASP74HADQ\u0026usg\u003dAFQjCNEDmeAkLWsrnegZD0ZHxlD98IIc_g\u0026sig2\u003dTovxSmuOaMT2fJkwPTS-sA\u0026bvm\u003dbv.83339334,d.cGU\u003e 2009"}