{"@context":"http://greendelta.github.io/olca-schema/context.jsonld","@type":"Source","@id":"8b0243e5-cb0c-364d-a206-2eddbf00b1cd","name":"West Virginia Department of Environmental Protection. 2009. An Evaluation of the Underground Injection of Coal Slurry in West Virginia -Phase I: Environmental Investigation.","version":"00.00.000","category":{"@type":"Category","@id":"ded2fabf-8889-398b-abfe-bd58d93307a8","name":"Other sources"},"textReference":"West Virginia Department of Environmental Protection (WVDEP) (2009).  An Evaluation of the Underground Injection of Coal Slurry in West Virginia -Phase I: Environmental Investigation. Senate Concurrent Resolution-15. Accessed May 15 from https://www.wvdhhr.org/oehs/documents/DEP.Coal.Slurry.Report.pdf 2009"}