{"@context":"http://greendelta.github.io/olca-schema/context.jsonld","@type":"Source","@id":"b5e1a775-203b-3df5-b249-a5c463922a35","name":"Argonne National Laboratory (2013). Life Cycle Analysis of Conventional and Alternative Marine Fuels in GREET.","version":"00.00.000","category":{"@type":"Category","@id":"ded2fabf-8889-398b-abfe-bd58d93307a8","name":"Other sources"},"textReference":"Argonne National Laboratory (2013). Life Cycle Analysis of Conventional\nand Alternative Marine Fuels in GREET™ \u003chttps://greet.es.anl.gov/publication-marine-fuels-13\u003e 2013"}