{"@context":"http://greendelta.github.io/olca-schema/context.jsonld","@type":"Source","@id":"e32dc89f-09f0-3fb5-adb8-b206916db21a","name":"U.S. Energy Information Administration (EIA). 2014. Definitions of EIA Distillate Categories and Fuels Contained in the Distillate Grouping","version":"00.00.000","category":{"@type":"Category","@id":"ded2fabf-8889-398b-abfe-bd58d93307a8","name":"Other sources"},"textReference":"U.S. Energy Information Administration (2014). Definitions of EIA Distillate Categories and Fuels Contained in the Distillate Grouping. EIA. Washington, DC. http://www.eia.gov/dnav/pet/tbldefs/pet_cons_821dsta_tbldef2.asp. Last Accessed: March 25, 2014 2014"}