{"@type":"Flow","@id":"01586de5-ceba-4693-b024-765a51d43884","name":"Glass fiber, reinforced polymer, ground","description":"","category":"Technosphere Flows/56: Administrative and Support and Waste Management and Remediation Services/5621: Waste Collection","version":"00.00.000","lastChange":"2023-06-27T18:50:58.191Z","flowType":"PRODUCT_FLOW","isInfrastructureFlow":false,"flowProperties":[{"@type":"FlowPropertyFactor","isRefFlowProperty":true,"flowProperty":{"@type":"FlowProperty","@id":"93a60a56-a3c8-11da-a746-0800200b9a66","name":"Mass","category":"Technical flow properties","refUnit":"kg"},"conversionFactor":1.0}]}