{"@type":"Flow","@id":"07ba9a74-dccc-3f2b-8217-c7439eb41088","name":"1,2,3,4,6,7,8,9-Octachlorodibenzo-p-dioxin","description":"From FedElemFlowList_1.0. Flow Class: Chemicals. Not a preferred flow.","category":"Elementary Flows/emission/air","version":"01.00.000","lastChange":"2019-09-11T14:11:26.105Z","flowType":"ELEMENTARY_FLOW","cas":"3268-87-9","formula":"C12Cl8O2","isInfrastructureFlow":false,"flowProperties":[{"@type":"FlowPropertyFactor","isRefFlowProperty":true,"flowProperty":{"@type":"FlowProperty","@id":"93a60a56-a3c8-11da-a746-0800200b9a66","name":"Mass","category":"Technical flow properties","refUnit":"kg"},"conversionFactor":1.0}]}