{"@type":"Flow","@id":"09b78757-c595-360a-b817-4b7abf799cb2","name":"Basalt","description":"From FedElemFlowList_1.0. Flow Class: Geological. Not a preferred flow.","category":"Elementary Flows/resource/ground","version":"01.00.000","lastChange":"2019-09-11T14:21:52.398Z","flowType":"ELEMENTARY_FLOW","cas":"1314-56-3","formula":"","isInfrastructureFlow":false,"flowProperties":[{"@type":"FlowPropertyFactor","isRefFlowProperty":true,"flowProperty":{"@type":"FlowProperty","@id":"93a60a56-a3c8-11da-a746-0800200b9a66","name":"Mass","category":"Technical flow properties","refUnit":"kg"},"conversionFactor":1.0}]}