{"@type":"Flow","@id":"0ac2e099-0ddb-3a50-a06a-f4d9adbad07e","name":"Electricity, aluminum smelting and ingot casting regions","category":"Technosphere Flows/22: Utilities/2211: Electric Power Generation, Transmission and Distribution","version":"00.00.003","lastChange":"2019-09-19T17:17:38.452Z","flowType":"PRODUCT_FLOW","isInfrastructureFlow":false,"location":{"@type":"Location","@id":"b320e7db-c758-3ba6-8839-81eb83c9d7d7","name":"Northern America"},"flowProperties":[{"@type":"FlowPropertyFactor","isRefFlowProperty":true,"flowProperty":{"@type":"FlowProperty","@id":"f6811440-ee37-11de-8a39-0800200c9a66","name":"Energy","category":"Technical flow properties","refUnit":"MJ"},"conversionFactor":1.0}]}