{"@type":"Flow","@id":"173251c5-4594-3532-bd67-3c3dae66617a","name":"Thiamethoxam","description":"From FedElemFlowList_1.0.1. Flow Class: Chemicals. Not a preferred flow.","category":"Elementary Flows/emission/ground/human-dominated/agricultural","version":"01.00.001","lastChange":"2020-01-13T21:09:45.558Z","flowType":"ELEMENTARY_FLOW","cas":"153719-23-4","formula":"C8H10ClN5O3S","isInfrastructureFlow":false,"flowProperties":[{"@type":"FlowPropertyFactor","isRefFlowProperty":true,"flowProperty":{"@type":"FlowProperty","@id":"93a60a56-a3c8-11da-a746-0800200b9a66","name":"Mass","category":"Technical flow properties","refUnit":"kg"},"conversionFactor":1.0}]}