{"@type":"Flow","@id":"1e0a9f92-c0f8-3bf4-82b8-c9b9f8467754","name":"Methyl parathion","description":"From FedElemFlowList_1.0.1. Flow Class: Chemicals. Not a preferred flow.","category":"Elementary Flows/emission/air/troposphere/rural","version":"01.00.001","lastChange":"2020-01-13T21:09:45.292Z","flowType":"ELEMENTARY_FLOW","cas":"298-00-0","formula":"C8H10NO5PS","isInfrastructureFlow":false,"flowProperties":[{"@type":"FlowPropertyFactor","isRefFlowProperty":true,"flowProperty":{"@type":"FlowProperty","@id":"93a60a56-a3c8-11da-a746-0800200b9a66","name":"Mass","category":"Technical flow properties","refUnit":"kg"},"conversionFactor":1.0}]}