{"@type":"Flow","@id":"2570f24f-2d5c-3282-80a4-cff9015de794","name":"Oils, unspecified","description":"Non-FEDEFL Unmappable flow","category":"Elementary Flows/emission/water/fresh water body/river","version":"00.00.003","lastChange":"2021-08-10T18:16:51.838Z","flowType":"ELEMENTARY_FLOW","isInfrastructureFlow":false,"flowProperties":[{"@type":"FlowPropertyFactor","isRefFlowProperty":true,"flowProperty":{"@type":"FlowProperty","@id":"93a60a56-a3c8-11da-a746-0800200b9a66","name":"Mass","category":"Technical flow properties","refUnit":"kg"},"conversionFactor":1.0}]}