{"@type":"Flow","@id":"28579c88-adc1-468a-aa24-b333dccb85c1","name":"Hydrogen combustion, energy","description":"","category":"Technosphere Flows/CUTOFF Flows","version":"00.00.000","lastChange":"2021-06-21T14:24:08.930Z","flowType":"PRODUCT_FLOW","cas":"","formula":"","isInfrastructureFlow":false,"flowProperties":[{"@type":"FlowPropertyFactor","isRefFlowProperty":true,"flowProperty":{"@type":"FlowProperty","@id":"f6811440-ee37-11de-8a39-0800200c9a66","name":"Energy","category":"Technical flow properties","refUnit":"MJ"},"conversionFactor":1.0}]}