{"@type":"Flow","@id":"2e1942d3-71b0-3930-9c18-dfe2425b043e","name":"Clomazone","description":"From FedElemFlowList_1.0.1. Flow Class: Chemicals. Not a preferred flow.","category":"Elementary Flows/emission/ground/human-dominated/agricultural","version":"01.00.001","lastChange":"2020-01-13T21:09:45.620Z","flowType":"ELEMENTARY_FLOW","cas":"81777-89-1","formula":"C12H14ClNO2","isInfrastructureFlow":false,"flowProperties":[{"@type":"FlowPropertyFactor","isRefFlowProperty":true,"flowProperty":{"@type":"FlowProperty","@id":"93a60a56-a3c8-11da-a746-0800200b9a66","name":"Mass","category":"Technical flow properties","refUnit":"kg"},"conversionFactor":1.0}]}