{"@type":"Flow","@id":"2ff86a3f-6fb4-3437-939c-3c42d6d037d6","name":"Sawdust; hardwood; dry; at engineered wood flooring plant","category":"Technosphere Flows/31-33: Manufacturing/3219: Other Wood Product Manufacturing","version":"00.00.005","lastChange":"2019-10-02T06:08:37.425Z","flowType":"PRODUCT_FLOW","isInfrastructureFlow":false,"location":{"@type":"Location","@id":"0b3b97fa-6688-3c56-88ee-4ae80ec0c3c2","name":"United States"},"flowProperties":[{"@type":"FlowPropertyFactor","isRefFlowProperty":true,"flowProperty":{"@type":"FlowProperty","@id":"93a60a56-a3c8-11da-a746-0800200b9a66","name":"Mass","category":"Technical flow properties","refUnit":"kg"},"conversionFactor":1.0}]}