{"@type":"Flow","@id":"3a17ea66-85b2-3d3b-a1fb-5d58f274890c","name":"N-Nitrosodimethylamine","description":"From FedElemFlowList_1.0. Flow Class: Chemicals. Not a preferred flow.","category":"Elementary Flows/emission/air","version":"01.00.000","lastChange":"2019-09-11T14:11:15.776Z","flowType":"ELEMENTARY_FLOW","cas":"62-75-9","formula":"C2H6N2O","isInfrastructureFlow":false,"flowProperties":[{"@type":"FlowPropertyFactor","isRefFlowProperty":true,"flowProperty":{"@type":"FlowProperty","@id":"93a60a56-a3c8-11da-a746-0800200b9a66","name":"Mass","category":"Technical flow properties","refUnit":"kg"},"conversionFactor":1.0}]}