{"@type":"Flow","@id":"3c927373-dc8b-342c-be7c-286cbeb2002d","name":"Silver","description":"From FedElemFlowList_1.0. Flow Class: Chemicals. Not a preferred flow.","category":"Elementary Flows/emission/water/subterranean","version":"01.00.000","lastChange":"2019-09-11T14:21:43.135Z","flowType":"ELEMENTARY_FLOW","cas":"7440-22-4","formula":"Ag","isInfrastructureFlow":false,"flowProperties":[{"@type":"FlowPropertyFactor","isRefFlowProperty":true,"flowProperty":{"@type":"FlowProperty","@id":"93a60a56-a3c8-11da-a746-0800200b9a66","name":"Mass","category":"Technical flow properties","refUnit":"kg"},"conversionFactor":1.0}]}