{"@type":"Flow","@id":"3ce18d41-fdeb-348b-8459-b5335c9f0976","name":"Flucarbazon-sodium","description":"From FedElemFlowList_1.0.1. Flow Class: Chemicals. Not a preferred flow.","category":"Elementary Flows/emission/ground/human-dominated/agricultural","version":"01.00.001","lastChange":"2020-01-13T21:09:45.558Z","flowType":"ELEMENTARY_FLOW","cas":"181274-17-9","formula":"C12H10F3N4NaO6S","isInfrastructureFlow":false,"flowProperties":[{"@type":"FlowPropertyFactor","isRefFlowProperty":true,"flowProperty":{"@type":"FlowProperty","@id":"93a60a56-a3c8-11da-a746-0800200b9a66","name":"Mass","category":"Technical flow properties","refUnit":"kg"},"conversionFactor":1.0}]}