{"@type":"Flow","@id":"40ab6eb9-c714-36c8-a5f3-051a57b80456","name":"Waste (deposited)","category":"Technosphere Flows/56: Administrative and Support and Waste Management and Remediation Services/5622: Waste Treatment and Disposal","version":"00.00.002","lastChange":"2018-06-27T16:38:50.646Z","flowType":"WASTE_FLOW","isInfrastructureFlow":false,"location":{"@type":"Location","@id":"56bca136-90bb-3a77-9abb-7ce558af711e","name":"Global"},"flowProperties":[{"@type":"FlowPropertyFactor","isRefFlowProperty":true,"flowProperty":{"@type":"FlowProperty","@id":"93a60a56-a3c8-11da-a746-0800200b9a66","name":"Mass","category":"Technical flow properties","refUnit":"kg"},"conversionFactor":1.0}]}