{"@type":"Flow","@id":"4146ed20-c94c-32ef-bfe6-0d12db7d61f7","name":"Folpet","description":"From FedElemFlowList_1.0. Flow Class: Chemicals. Not a preferred flow.","category":"Elementary Flows/emission/water","version":"01.00.000","lastChange":"2019-09-11T14:21:30.359Z","flowType":"ELEMENTARY_FLOW","cas":"133-07-3","formula":"C9H4Cl3NO2S","isInfrastructureFlow":false,"flowProperties":[{"@type":"FlowPropertyFactor","isRefFlowProperty":true,"flowProperty":{"@type":"FlowProperty","@id":"93a60a56-a3c8-11da-a746-0800200b9a66","name":"Mass","category":"Technical flow properties","refUnit":"kg"},"conversionFactor":1.0}]}