{"@type":"Flow","@id":"4364f943-4d17-3264-9d54-ac2ddd36a24b","name":"Arsenic(V)","description":"From FedElemFlowList_1.0. Flow Class: Chemicals. Not a preferred flow.","category":"Elementary Flows/emission/ground/human-dominated/industrial","version":"01.00.000","lastChange":"2019-09-11T14:12:03.575Z","flowType":"ELEMENTARY_FLOW","cas":"17428-41-0","formula":"As","isInfrastructureFlow":false,"flowProperties":[{"@type":"FlowPropertyFactor","isRefFlowProperty":true,"flowProperty":{"@type":"FlowProperty","@id":"93a60a56-a3c8-11da-a746-0800200b9a66","name":"Mass","category":"Technical flow properties","refUnit":"kg"},"conversionFactor":1.0}]}