{"@type":"Flow","@id":"43b9b0c8-a972-4069-83b8-d0b2e8e6f6df","name":"Construction work, heat and power co-generation, 160kW electrical","description":"CUTOFF flow","category":"Technosphere Flows/CUTOFF Flows","version":"00.00.001","lastChange":"2023-02-23T18:12:38.425Z","flowType":"PRODUCT_FLOW","isInfrastructureFlow":false,"flowProperties":[{"@type":"FlowPropertyFactor","isRefFlowProperty":true,"flowProperty":{"@type":"FlowProperty","@id":"01846770-4cfe-4a25-8ad9-919d8d378345","name":"Number of items","category":"Technical flow properties","refUnit":"Item(s)"},"conversionFactor":1.0}]}