{"@type":"Flow","@id":"4826bcb5-1a85-3335-95a8-444086be07b4","name":"Ethoprop","description":"From FedElemFlowList_1.0. Flow Class: Chemicals. Not a preferred flow.","category":"Elementary Flows/emission/air","version":"01.00.000","lastChange":"2019-09-11T14:10:56.834Z","flowType":"ELEMENTARY_FLOW","cas":"13194-48-4","formula":"C8H19O2PS2","isInfrastructureFlow":false,"flowProperties":[{"@type":"FlowPropertyFactor","isRefFlowProperty":true,"flowProperty":{"@type":"FlowProperty","@id":"93a60a56-a3c8-11da-a746-0800200b9a66","name":"Mass","category":"Technical flow properties","refUnit":"kg"},"conversionFactor":1.0}]}