{"@type":"Flow","@id":"4b86eef1-97c6-3589-a521-e76d84b2f2e2","name":"Benzo[k]fluoranthene","description":"From FedElemFlowList_1.0.2. Flow Class: Chemicals. Not a preferred flow.","category":"Elementary Flows/emission/water/fresh water body","version":"01.00.002","lastChange":"2020-04-22T05:12:10.463Z","flowType":"ELEMENTARY_FLOW","cas":"207-08-9","formula":"C20H12","isInfrastructureFlow":false,"flowProperties":[{"@type":"FlowPropertyFactor","isRefFlowProperty":true,"flowProperty":{"@type":"FlowProperty","@id":"93a60a56-a3c8-11da-a746-0800200b9a66","name":"Mass","category":"Technical flow properties","refUnit":"kg"},"conversionFactor":1.0}]}