{"@type":"Flow","@id":"4b92c75e-e528-3f23-bc67-e92977682eb4","name":"Land use","description":"From FedElemFlowList_1.0.1. Flow Class: Land. Not a preferred flow.","category":"Elementary Flows/resource/ground/human-dominated/industrial","version":"01.00.001","lastChange":"2020-01-13T21:09:46.070Z","flowType":"ELEMENTARY_FLOW","isInfrastructureFlow":false,"flowProperties":[{"@type":"FlowPropertyFactor","isRefFlowProperty":true,"flowProperty":{"@type":"FlowProperty","@id":"93a60a56-a3c8-21da-a746-0800200c9a66","name":"Area*time","category":"Technical flow properties","refUnit":"m2*a"},"conversionFactor":1.0}]}