{"@type":"Flow","@id":"515e9797-af84-335a-a30f-a48f9a9e2ed7","name":"Isobutane","description":"From FedElemFlowList_1.0.2. Flow Class: Chemicals. Not a preferred flow.","category":"Elementary Flows/emission/air","version":"01.00.002","lastChange":"2020-04-22T05:12:10.285Z","flowType":"ELEMENTARY_FLOW","cas":"75-28-5","formula":"C4H10","isInfrastructureFlow":false,"flowProperties":[{"@type":"FlowPropertyFactor","isRefFlowProperty":true,"flowProperty":{"@type":"FlowProperty","@id":"93a60a56-a3c8-11da-a746-0800200b9a66","name":"Mass","category":"Technical flow properties","refUnit":"kg"},"conversionFactor":1.0}]}