{"@type":"Flow","@id":"55725953-49d5-3d31-97ab-40077034f62d","name":"Galvanized steel coil, coated, at plant","category":"Technosphere Flows/31-33: Manufacturing/3328: Coating, Engraving, Heat Treating, and Allied Activities","version":"00.00.003","lastChange":"2019-09-19T18:04:34.107Z","flowType":"PRODUCT_FLOW","isInfrastructureFlow":false,"location":{"@type":"Location","@id":"b320e7db-c758-3ba6-8839-81eb83c9d7d7","name":"Northern America"},"flowProperties":[{"@type":"FlowPropertyFactor","isRefFlowProperty":true,"flowProperty":{"@type":"FlowProperty","@id":"93a60a56-a3c8-11da-a746-0800200b9a66","name":"Mass","category":"Technical flow properties","refUnit":"kg"},"conversionFactor":1.0}]}