{"@type":"Flow","@id":"567b812b-5e2f-4feb-85a0-81c7d3e78985","name":"Packaging waste, paper and board","description":"","category":"Technosphere Flows/56: Administrative and Support and Waste Management and Remediation Services/5622: Waste Treatment and Disposal","version":"00.00.000","lastChange":"2021-08-10T19:12:07.227Z","flowType":"WASTE_FLOW","isInfrastructureFlow":false,"flowProperties":[{"@type":"FlowPropertyFactor","isRefFlowProperty":true,"flowProperty":{"@type":"FlowProperty","@id":"93a60a56-a3c8-11da-a746-0800200b9a66","name":"Mass","category":"Technical flow properties","refUnit":"kg"},"conversionFactor":1.0}]}