{"@type":"Flow","@id":"58b5cd90-8ba4-32ea-b4aa-3a3438ba8419","name":"Carbon dioxide","description":"From FedElemFlowList_1.0.1. Flow Class: Chemicals. Not a preferred flow.","category":"Elementary Flows/resource/air","version":"01.00.001","lastChange":"2020-01-13T21:09:45.955Z","flowType":"ELEMENTARY_FLOW","cas":"124-38-9","formula":"CO2","isInfrastructureFlow":false,"flowProperties":[{"@type":"FlowPropertyFactor","isRefFlowProperty":true,"flowProperty":{"@type":"FlowProperty","@id":"93a60a56-a3c8-11da-a746-0800200b9a66","name":"Mass","category":"Technical flow properties","refUnit":"kg"},"conversionFactor":1.0}]}