{"@type":"Flow","@id":"645b107e-dca0-40f0-93c5-b411a41866c4","name":"Glass fiber, reinforced polymer","description":"","category":"Technosphere Flows/31-33: Manufacturing/3272: Glass and Glass Product Manufacturing","version":"00.00.001","lastChange":"2023-06-22T17:27:06.855Z","flowType":"PRODUCT_FLOW","isInfrastructureFlow":false,"flowProperties":[{"@type":"FlowPropertyFactor","isRefFlowProperty":true,"flowProperty":{"@type":"FlowProperty","@id":"93a60a56-a3c8-11da-a746-0800200b9a66","name":"Mass","category":"Technical flow properties","refUnit":"kg"},"conversionFactor":1.0}]}