{"@type":"Flow","@id":"6acddb9a-db2e-35e7-a5ca-e8f0b3901a2d","name":"Nitrogen","description":"From FedElemFlowList_1.0. Flow Class: Chemicals. Not a preferred flow.","category":"Elementary Flows/emission/water/saline water body","version":"01.00.000","lastChange":"2019-09-11T14:21:48.988Z","flowType":"ELEMENTARY_FLOW","cas":"7727-37-9","formula":"N2","isInfrastructureFlow":false,"flowProperties":[{"@type":"FlowPropertyFactor","isRefFlowProperty":true,"flowProperty":{"@type":"FlowProperty","@id":"93a60a56-a3c8-11da-a746-0800200b9a66","name":"Mass","category":"Technical flow properties","refUnit":"kg"},"conversionFactor":1.0}]}