{"@type":"Flow","@id":"7006c273-b24d-366b-b70d-ee1405a810cc","name":"Cyprodinil","description":"From FedElemFlowList_1.0.2. Flow Class: Chemicals. Not a preferred flow.","category":"Elementary Flows/emission/air","version":"01.00.002","lastChange":"2020-04-22T05:12:10.189Z","flowType":"ELEMENTARY_FLOW","cas":"121552-61-2","formula":"C14H15N3","isInfrastructureFlow":false,"flowProperties":[{"@type":"FlowPropertyFactor","isRefFlowProperty":true,"flowProperty":{"@type":"FlowProperty","@id":"93a60a56-a3c8-11da-a746-0800200b9a66","name":"Mass","category":"Technical flow properties","refUnit":"kg"},"conversionFactor":1.0}]}