{"@type":"Flow","@id":"765ec5e3-20b0-3d0d-8d3f-75f42b37efc6","name":"Engineered flooring; hardwood; unfinished","category":"Technosphere Flows/31-33: Manufacturing/3219: Other Wood Product Manufacturing","version":"00.00.005","lastChange":"2019-10-02T06:06:10.050Z","flowType":"PRODUCT_FLOW","isInfrastructureFlow":false,"location":{"@type":"Location","@id":"0b3b97fa-6688-3c56-88ee-4ae80ec0c3c2","name":"United States"},"flowProperties":[{"@type":"FlowPropertyFactor","isRefFlowProperty":true,"flowProperty":{"@type":"FlowProperty","@id":"93a60a56-a3c8-22da-a746-0800200c9a66","name":"Volume","category":"Technical flow properties","refUnit":"m3"},"conversionFactor":1.0}]}