{"@type":"Flow","@id":"80a0d183-7b74-4497-95f5-8bf25681c32e","name":"Transformation, from grassland","description":"Reference elementary flow of the International Reference Life Cycle Data System (ILCD).","category":"Ecosystem Services","version":"03.00.005","lastChange":"2020-04-22T20:23:04.710Z","flowType":"PRODUCT_FLOW","isInfrastructureFlow":false,"flowProperties":[{"@type":"FlowPropertyFactor","isRefFlowProperty":true,"flowProperty":{"@type":"FlowProperty","@id":"93a60a56-a3c8-19da-a746-0800200c9a66","name":"Area","category":"Technical flow properties","refUnit":"m2"},"conversionFactor":1.0}]}