{"@type":"Flow","@id":"82193092-f8d6-3a8e-9741-e835dc4dcdbc","name":"Tebuconazole","description":"From FedElemFlowList_1.0. Flow Class: Chemicals. Not a preferred flow.","category":"Elementary Flows/emission/air/troposphere/rural","version":"01.00.000","lastChange":"2019-09-11T14:10:49.420Z","flowType":"ELEMENTARY_FLOW","cas":"107534-96-3","formula":"C16H22ClN3O","isInfrastructureFlow":false,"flowProperties":[{"@type":"FlowPropertyFactor","isRefFlowProperty":true,"flowProperty":{"@type":"FlowProperty","@id":"93a60a56-a3c8-11da-a746-0800200b9a66","name":"Mass","category":"Technical flow properties","refUnit":"kg"},"conversionFactor":1.0}]}