{"@type":"Flow","@id":"86330173-3836-3299-b413-83d829fb604b","name":"Aluminum scrap, at semi-permanent mold casting","category":"Technosphere Flows/31-33: Manufacturing/3315: Foundries","version":"00.00.003","lastChange":"2019-09-19T18:01:04.385Z","flowType":"PRODUCT_FLOW","isInfrastructureFlow":false,"location":{"@type":"Location","@id":"b320e7db-c758-3ba6-8839-81eb83c9d7d7","name":"Northern America"},"flowProperties":[{"@type":"FlowPropertyFactor","isRefFlowProperty":true,"flowProperty":{"@type":"FlowProperty","@id":"93a60a56-a3c8-11da-a746-0800200b9a66","name":"Mass","category":"Technical flow properties","refUnit":"kg"},"conversionFactor":1.0}]}