{"@type":"Flow","@id":"8bd9eac4-8316-3f8e-a72d-90197e54204a","name":"Transformation, to arable, non-irrigated","category":"Ecosystem Services","version":"00.00.002","lastChange":"2018-06-27T16:38:49.907Z","flowType":"PRODUCT_FLOW","isInfrastructureFlow":false,"flowProperties":[{"@type":"FlowPropertyFactor","isRefFlowProperty":true,"flowProperty":{"@type":"FlowProperty","@id":"93a60a56-a3c8-19da-a746-0800200c9a66","name":"Area","category":"Technical flow properties","refUnit":"m2"},"conversionFactor":1.0}]}