{"@type":"Flow","@id":"8c24c11a-be36-3121-94c1-36ab7b919d1a","name":"Turpentine, at bleached kraft market pulp mill","category":"Technosphere Flows/31-33: Manufacturing/3221: Pulp, Paper, and Paperboard Mills","version":"00.00.003","lastChange":"2019-09-19T17:40:34.254Z","flowType":"PRODUCT_FLOW","isInfrastructureFlow":false,"location":{"@type":"Location","@id":"b320e7db-c758-3ba6-8839-81eb83c9d7d7","name":"Northern America"},"flowProperties":[{"@type":"FlowPropertyFactor","isRefFlowProperty":true,"flowProperty":{"@type":"FlowProperty","@id":"93a60a56-a3c8-11da-a746-0800200b9a66","name":"Mass","category":"Technical flow properties","refUnit":"kg"},"conversionFactor":1.0}]}