{"@type":"Flow","@id":"8db1425d-16fb-4003-98f5-1d12d5995feb","name":"Chlorine; chlor-alkali average, membrane cell; at plant","description":"","category":"Technosphere Flows/31-33: Manufacturing/3251: Basic Chemical Manufacturing","version":"00.00.001","lastChange":"2021-04-07T22:58:49.988Z","flowType":"PRODUCT_FLOW","isInfrastructureFlow":false,"flowProperties":[{"@type":"FlowPropertyFactor","isRefFlowProperty":true,"flowProperty":{"@type":"FlowProperty","@id":"93a60a56-a3c8-11da-a746-0800200b9a66","name":"Mass","category":"Technical flow properties","refUnit":"kg"},"conversionFactor":1.0}]}