{"@type":"Flow","@id":"93b7a331-1544-4d46-96f5-19dfcf4173db","name":"Inverter, 500kW, at plant","description":"CUTOFF flow","category":"Technosphere Flows/CUTOFF Flows","version":"00.00.000","lastChange":"2023-02-23T17:53:49.921Z","flowType":"PRODUCT_FLOW","isInfrastructureFlow":false,"flowProperties":[{"@type":"FlowPropertyFactor","isRefFlowProperty":true,"flowProperty":{"@type":"FlowProperty","@id":"01846770-4cfe-4a25-8ad9-919d8d378345","name":"Number of items","category":"Technical flow properties","refUnit":"Item(s)"},"conversionFactor":1.0}]}