{"@type":"Flow","@id":"9d7eb8b7-84ff-3a86-832e-a7ba8e158a32","name":"Saponifiable oils and fats","category":"Elementary Flows/emission/water","version":"00.00.002","lastChange":"2020-02-04T04:04:02.187Z","flowType":"ELEMENTARY_FLOW","isInfrastructureFlow":false,"flowProperties":[{"@type":"FlowPropertyFactor","isRefFlowProperty":true,"flowProperty":{"@type":"FlowProperty","@id":"93a60a56-a3c8-11da-a746-0800200b9a66","name":"Mass","category":"Technical flow properties","refUnit":"kg"},"conversionFactor":1.0}]}