{"@type":"Flow","@id":"9e408e4c-a57d-46e5-89f1-e56888a20f24","name":"Building construction, multi-storey","description":"CUTOFF flow","category":"Technosphere Flows/CUTOFF Flows","version":"00.00.000","lastChange":"2023-02-23T16:11:35.133Z","flowType":"PRODUCT_FLOW","isInfrastructureFlow":false,"flowProperties":[{"@type":"FlowPropertyFactor","isRefFlowProperty":true,"flowProperty":{"@type":"FlowProperty","@id":"93a60a56-a3c8-22da-a746-0800200c9a66","name":"Volume","category":"Technical flow properties","refUnit":"m3"},"conversionFactor":1.0}]}