{"@type":"Flow","@id":"a1c12aba-9009-3cc4-90a0-6dd555e434dd","name":"Railroad tie; hardwood; rough; green; at sawmill","category":"Technosphere Flows/31-33: Manufacturing/3211: Sawmills and Wood Preservation","version":"00.00.005","lastChange":"2019-10-02T05:27:35.904Z","flowType":"PRODUCT_FLOW","isInfrastructureFlow":false,"location":{"@type":"Location","@id":"0b3b97fa-6688-3c56-88ee-4ae80ec0c3c2","name":"United States"},"flowProperties":[{"@type":"FlowPropertyFactor","isRefFlowProperty":true,"flowProperty":{"@type":"FlowProperty","@id":"93a60a56-a3c8-11da-a746-0800200b9a66","name":"Mass","category":"Technical flow properties","refUnit":"kg"},"conversionFactor":1.0}]}