{"@type":"Flow","@id":"aa784c1b-0d0b-4c69-b631-b045d6ee61af","name":"Transformation, to permanent crop, vine, intensive","category":"Ecosystem Services","version":"00.00.001","flowType":"PRODUCT_FLOW","formula":"CORINE 221a","isInfrastructureFlow":false,"flowProperties":[{"@type":"FlowPropertyFactor","isRefFlowProperty":true,"flowProperty":{"@type":"FlowProperty","@id":"93a60a56-a3c8-19da-a746-0800200c9a66","name":"Area","category":"Technical flow properties","refUnit":"m2"},"conversionFactor":1.0}]}