{"@type":"Flow","@id":"b44949f1-e544-3746-bbfa-a851685793b7","name":"Diuron","description":"From FedElemFlowList_1.0.1. Flow Class: Chemicals. Not a preferred flow.","category":"Elementary Flows/emission/air/troposphere/rural","version":"01.00.001","lastChange":"2020-01-13T21:09:45.292Z","flowType":"ELEMENTARY_FLOW","cas":"330-54-1","formula":"C9H10Cl2N2O","isInfrastructureFlow":false,"flowProperties":[{"@type":"FlowPropertyFactor","isRefFlowProperty":true,"flowProperty":{"@type":"FlowProperty","@id":"93a60a56-a3c8-11da-a746-0800200b9a66","name":"Mass","category":"Technical flow properties","refUnit":"kg"},"conversionFactor":1.0}]}