{"@type":"Flow","@id":"b837ab35-f978-332e-ac42-94839ff1c619","name":"Hydrocarbons, chlorinated","description":"From FedElemFlowList_1.0. Flow Class: Groups. Not a preferred flow.","category":"Elementary Flows/emission/water/fresh water body/river","version":"01.00.000","lastChange":"2019-09-11T14:21:59.142Z","flowType":"ELEMENTARY_FLOW","cas":"n.a.","formula":"-","isInfrastructureFlow":false,"flowProperties":[{"@type":"FlowPropertyFactor","isRefFlowProperty":true,"flowProperty":{"@type":"FlowProperty","@id":"93a60a56-a3c8-11da-a746-0800200b9a66","name":"Mass","category":"Technical flow properties","refUnit":"kg"},"conversionFactor":1.0}]}