{"@type":"Flow","@id":"c32b394d-ee04-332c-a310-7b3f17bbb95d","name":"Wood fuel, hardwood,gen at flooring prod plant, combusted in industrial boiler, E","category":"Technosphere Flows/22: Utilities/2213: Water, Sewage and Other Systems","version":"00.00.005","lastChange":"2019-10-02T05:09:30.754Z","flowType":"PRODUCT_FLOW","isInfrastructureFlow":false,"location":{"@type":"Location","@id":"b320e7db-c758-3ba6-8839-81eb83c9d7d7","name":"Northern America"},"flowProperties":[{"@type":"FlowPropertyFactor","isRefFlowProperty":true,"flowProperty":{"@type":"FlowProperty","@id":"93a60a56-a3c8-11da-a746-0800200b9a66","name":"Mass","category":"Technical flow properties","refUnit":"kg"},"conversionFactor":1.0}]}