{"@type":"Flow","@id":"c5936363-a460-3704-91dc-86fad47fc2bd","name":"Arsenic","description":"From FedElemFlowList_1.0. Flow Class: Chemicals. Not a preferred flow.","category":"Elementary Flows/emission/water/fresh water body/river","version":"01.00.000","lastChange":"2019-09-11T14:21:43.150Z","flowType":"ELEMENTARY_FLOW","cas":"7440-38-2","formula":"As","isInfrastructureFlow":false,"flowProperties":[{"@type":"FlowPropertyFactor","isRefFlowProperty":true,"flowProperty":{"@type":"FlowProperty","@id":"93a60a56-a3c8-11da-a746-0800200b9a66","name":"Mass","category":"Technical flow properties","refUnit":"kg"},"conversionFactor":1.0}]}