{"@type":"Flow","@id":"c87f2d03-e6fb-43ed-9347-766eb2147782","name":"Coil, coating, m2, at plant","description":"","category":"Technosphere Flows/31-33: Manufacturing/3328: Coating, Engraving, Heat Treating, and Allied Activities","version":"00.00.002","lastChange":"2022-12-30T19:04:56.684Z","flowType":"PRODUCT_FLOW","isInfrastructureFlow":false,"location":{"@type":"Location","@id":"b320e7db-c758-3ba6-8839-81eb83c9d7d7","name":"Northern America"},"flowProperties":[{"@type":"FlowPropertyFactor","isRefFlowProperty":true,"flowProperty":{"@type":"FlowProperty","@id":"93a60a56-a3c8-19da-a746-0800200c9a66","name":"Area","category":"Technical flow properties","refUnit":"m2"},"conversionFactor":1.0}]}