{"@type":"Flow","@id":"caca451d-e5df-4bf4-91f8-2c4be75af6dc","name":"Steam, purchased by containerboard mills","description":"","category":"Technosphere Flows/22: Utilities/2213: Water, Sewage and Other Systems","version":"00.00.002","lastChange":"2019-09-19T17:18:37.234Z","flowType":"PRODUCT_FLOW","isInfrastructureFlow":false,"flowProperties":[{"@type":"FlowPropertyFactor","isRefFlowProperty":true,"flowProperty":{"@type":"FlowProperty","@id":"f6811440-ee37-11de-8a39-0800200c9a66","name":"Energy","category":"Technical flow properties","refUnit":"MJ"},"conversionFactor":1.0}]}