{"@type":"Flow","@id":"d12c4a32-12a8-4673-9b14-5d227d2a128e","name":"Sodium hydroxide; chlor-alkali average, membrane cell; at plant; 50% solution state","description":"","category":"Technosphere Flows/31-33: Manufacturing/3251: Basic Chemical Manufacturing","version":"00.00.001","lastChange":"2021-04-07T23:02:03.389Z","flowType":"PRODUCT_FLOW","isInfrastructureFlow":false,"flowProperties":[{"@type":"FlowPropertyFactor","isRefFlowProperty":true,"flowProperty":{"@type":"FlowProperty","@id":"93a60a56-a3c8-11da-a746-0800200b9a66","name":"Mass","category":"Technical flow properties","refUnit":"kg"},"conversionFactor":1.0}]}