{"@type":"Flow","@id":"d4fba571-71dc-37fd-b3d4-52d5aeb30074","name":"1,2-Dichloropropane","description":"From FedElemFlowList_1.0. Flow Class: Chemicals. Not a preferred flow.","category":"Elementary Flows/emission/water/fresh water body/river","version":"01.00.000","lastChange":"2019-09-11T14:21:44.352Z","flowType":"ELEMENTARY_FLOW","cas":"78-87-5","formula":"C3H6Cl2","isInfrastructureFlow":false,"flowProperties":[{"@type":"FlowPropertyFactor","isRefFlowProperty":true,"flowProperty":{"@type":"FlowProperty","@id":"93a60a56-a3c8-11da-a746-0800200b9a66","name":"Mass","category":"Technical flow properties","refUnit":"kg"},"conversionFactor":1.0}]}