{"@type":"Flow","@id":"d7c7c0d9-91e9-335a-a362-3d3196e9a5b1","name":"Chloride","description":"From FedElemFlowList_1.0.2. Flow Class: Chemicals. Not a preferred flow.","category":"Elementary Flows/emission/water/fresh water body","version":"01.00.002","lastChange":"2020-04-22T05:12:10.507Z","flowType":"ELEMENTARY_FLOW","cas":"16887-00-6","formula":"Cl","isInfrastructureFlow":false,"flowProperties":[{"@type":"FlowPropertyFactor","isRefFlowProperty":true,"flowProperty":{"@type":"FlowProperty","@id":"93a60a56-a3c8-11da-a746-0800200b9a66","name":"Mass","category":"Technical flow properties","refUnit":"kg"},"conversionFactor":1.0}]}