{"@type":"Flow","@id":"d9760153-094b-3863-bf0b-aa3e2177e92b","name":"Chromium(III)","description":"From FedElemFlowList_1.0. Flow Class: Chemicals. Not a preferred flow.","category":"Elementary Flows/emission/water/subterranean/fresh water body","version":"01.00.000","lastChange":"2019-09-11T14:21:32.787Z","flowType":"ELEMENTARY_FLOW","cas":"16065-83-1","formula":"Cr","isInfrastructureFlow":false,"flowProperties":[{"@type":"FlowPropertyFactor","isRefFlowProperty":true,"flowProperty":{"@type":"FlowProperty","@id":"93a60a56-a3c8-11da-a746-0800200b9a66","name":"Mass","category":"Technical flow properties","refUnit":"kg"},"conversionFactor":1.0}]}