{"@type":"Flow","@id":"de8f43dc-235b-327d-a574-499977ac5bc2","name":"Pulpwood; softwood, average; high intensity management","category":"Technosphere Flows/11: Agriculture, Forestry, Fishing and Hunting/1133: Logging","version":"00.00.004","lastChange":"2019-12-20T20:07:31.072Z","flowType":"PRODUCT_FLOW","isInfrastructureFlow":false,"location":{"@type":"Location","@id":"0b3b97fa-6688-3c56-88ee-4ae80ec0c3c2","name":"United States"},"flowProperties":[{"@type":"FlowPropertyFactor","isRefFlowProperty":true,"flowProperty":{"@type":"FlowProperty","@id":"93a60a56-a3c8-22da-a746-0800200c9a66","name":"Volume","category":"Technical flow properties","refUnit":"m3"},"conversionFactor":1.0}]}