{"@type":"Flow","@id":"e0bed36b-a4f7-3b86-b8fb-a44499ea8aac","name":"1-Propanol","description":"From FedElemFlowList_1.0. Flow Class: Chemicals. Not a preferred flow.","category":"Elementary Flows/emission/water/fresh water body/river","version":"01.00.000","lastChange":"2019-09-11T14:21:42.705Z","flowType":"ELEMENTARY_FLOW","cas":"71-23-8","formula":"C3H8O","isInfrastructureFlow":false,"flowProperties":[{"@type":"FlowPropertyFactor","isRefFlowProperty":true,"flowProperty":{"@type":"FlowProperty","@id":"93a60a56-a3c8-11da-a746-0800200b9a66","name":"Mass","category":"Technical flow properties","refUnit":"kg"},"conversionFactor":1.0}]}