{"@type":"Flow","@id":"e3d0333e-e1eb-3be5-a8ac-ccc7f3c96b67","name":"Bifenthrin","description":"From FedElemFlowList_1.0.1. Flow Class: Chemicals. Not a preferred flow.","category":"Elementary Flows/emission/ground","version":"01.00.001","lastChange":"2020-01-13T21:09:45.620Z","flowType":"ELEMENTARY_FLOW","cas":"82657-04-3","formula":"C23H22ClF3O2","isInfrastructureFlow":false,"flowProperties":[{"@type":"FlowPropertyFactor","isRefFlowProperty":true,"flowProperty":{"@type":"FlowProperty","@id":"93a60a56-a3c8-11da-a746-0800200b9a66","name":"Mass","category":"Technical flow properties","refUnit":"kg"},"conversionFactor":1.0}]}