{"@type":"Flow","@id":"ea677467-e6eb-3369-b47d-b09edad21f04","name":"Particleboard, average, softwood, particleboard mill","category":"Technosphere Flows/31-33: Manufacturing/3212: Veneer, Plywood, and Engineered Wood Product Manufacturing","version":"00.00.003","lastChange":"2019-09-19T17:38:05.859Z","flowType":"PRODUCT_FLOW","isInfrastructureFlow":false,"location":{"@type":"Location","@id":"b320e7db-c758-3ba6-8839-81eb83c9d7d7","name":"Northern America"},"flowProperties":[{"@type":"FlowPropertyFactor","isRefFlowProperty":true,"flowProperty":{"@type":"FlowProperty","@id":"93a60a56-a3c8-22da-a746-0800200c9a66","name":"Volume","category":"Technical flow properties","refUnit":"m3"},"conversionFactor":1.0}]}