{"@type":"Flow","@id":"eb35a3fc-2c19-32e2-8789-3c69e2071855","name":"Switchgrass, production","category":"Technosphere Flows/11: Agriculture, Forestry, Fishing and Hunting/1119: Other Crop Farming","version":"00.00.004","lastChange":"2019-09-18T22:58:26.882Z","flowType":"PRODUCT_FLOW","isInfrastructureFlow":false,"location":{"@type":"Location","@id":"b320e7db-c758-3ba6-8839-81eb83c9d7d7","name":"Northern America"},"flowProperties":[{"@type":"FlowPropertyFactor","isRefFlowProperty":true,"flowProperty":{"@type":"FlowProperty","@id":"93a60a56-a3c8-11da-a746-0800200b9a66","name":"Mass","category":"Technical flow properties","refUnit":"kg"},"conversionFactor":1.0}]}