{"@type":"Flow","@id":"eb6394c1-0d19-3be3-99ab-ec572dec9926","name":"Lignite coal, combusted in industrial boiler","category":"Technosphere Flows/22: Utilities/2213: Water, Sewage and Other Systems","version":"00.00.003","lastChange":"2019-09-19T17:18:37.190Z","flowType":"PRODUCT_FLOW","isInfrastructureFlow":false,"location":{"@type":"Location","@id":"b320e7db-c758-3ba6-8839-81eb83c9d7d7","name":"Northern America"},"flowProperties":[{"@type":"FlowPropertyFactor","isRefFlowProperty":true,"flowProperty":{"@type":"FlowProperty","@id":"93a60a56-a3c8-11da-a746-0800200b9a66","name":"Mass","category":"Technical flow properties","refUnit":"kg"},"conversionFactor":1.0}]}