{"@type":"Flow","@id":"efaa5e7d-6efa-398d-95b4-7d24be488715","name":"Gravel","description":"From FedElemFlowList_1.0.1. Flow Class: Geological. Not a preferred flow.","category":"Elementary Flows/resource/ground/subterranean","version":"01.00.001","lastChange":"2020-01-13T21:09:45.971Z","flowType":"ELEMENTARY_FLOW","isInfrastructureFlow":false,"flowProperties":[{"@type":"FlowPropertyFactor","isRefFlowProperty":true,"flowProperty":{"@type":"FlowProperty","@id":"93a60a56-a3c8-11da-a746-0800200b9a66","name":"Mass","category":"Technical flow properties","refUnit":"kg"},"conversionFactor":1.0}]}