{"@type":"Flow","@id":"f04f8dd1-7fd7-32a2-a266-e3d548061e9f","name":"Arsenic(V)","description":"From FedElemFlowList_1.0.2. Flow Class: Chemicals. Not a preferred flow.","category":"Elementary Flows/emission/ground/human-dominated/agricultural","version":"01.00.002","lastChange":"2020-04-22T05:12:10.327Z","flowType":"ELEMENTARY_FLOW","cas":"17428-41-0","formula":"As","isInfrastructureFlow":false,"flowProperties":[{"@type":"FlowPropertyFactor","isRefFlowProperty":true,"flowProperty":{"@type":"FlowProperty","@id":"93a60a56-a3c8-11da-a746-0800200b9a66","name":"Mass","category":"Technical flow properties","refUnit":"kg"},"conversionFactor":1.0}]}