{"@type":"Flow","@id":"f6111517-5c12-3d97-a335-5774e650b65d","name":"Nickel silicates","description":"From FedElemFlowList_1.0. Flow Class: Geological. Not a preferred flow.","category":"Elementary Flows/resource/ground/subterranean","version":"01.00.000","lastChange":"2019-09-11T14:21:52.587Z","flowType":"ELEMENTARY_FLOW","formula":"NiSiX","isInfrastructureFlow":false,"flowProperties":[{"@type":"FlowPropertyFactor","isRefFlowProperty":true,"flowProperty":{"@type":"FlowProperty","@id":"93a60a56-a3c8-11da-a746-0800200b9a66","name":"Mass","category":"Technical flow properties","refUnit":"kg"},"conversionFactor":1.0}]}