{"@type":"Flow","@id":"f6b57578-340d-3e52-b6af-3c663b091fff","name":"Phenol, 2-methoxy-4-methyl-","description":"From FedElemFlowList_1.0.1. Flow Class: Chemicals. Not a preferred flow.","category":"Elementary Flows/emission/water","version":"01.00.001","lastChange":"2020-01-13T21:09:45.817Z","flowType":"ELEMENTARY_FLOW","cas":"93-51-6","formula":"C8H10O2","isInfrastructureFlow":false,"flowProperties":[{"@type":"FlowPropertyFactor","isRefFlowProperty":true,"flowProperty":{"@type":"FlowProperty","@id":"93a60a56-a3c8-11da-a746-0800200b9a66","name":"Mass","category":"Technical flow properties","refUnit":"kg"},"conversionFactor":1.0}]}