{"@type":"Flow","@id":"f908fa3d-2938-3da4-9734-d772c7654121","name":"Warfarin","description":"From FedElemFlowList_1.0. Flow Class: Chemicals. Not a preferred flow.","category":"Elementary Flows/emission/ground/human-dominated/agricultural","version":"01.00.000","lastChange":"2019-09-11T14:12:26.888Z","flowType":"ELEMENTARY_FLOW","cas":"81-81-2","formula":"C19H16O4","isInfrastructureFlow":false,"flowProperties":[{"@type":"FlowPropertyFactor","isRefFlowProperty":true,"flowProperty":{"@type":"FlowProperty","@id":"93a60a56-a3c8-11da-a746-0800200b9a66","name":"Mass","category":"Technical flow properties","refUnit":"kg"},"conversionFactor":1.0}]}