{"@type":"Source","@id":"0bbf8d96-af0b-3ecb-9a84-d4a67f6b2888","name":"Sustainable Solutions Corporation. (2016). IMA-NA Calcium Carbonate Life Cycle Assessment","description":"FULL CITATION\r\nSustainable Solutions Corporation. (2016). IMA-NA Calcium Carbonate Life Cycle Assessment. Royersford, PA: Sustainable Solutions Corporation.\n","version":"00.00.002","lastChange":"2021-01-17T00:22:32.933Z","url":"https://cdn.ymaws.com/www.ima-na.org/resource/dynamic/blogs/20171019_170108_21129.pdf","textReference":"Sustainable Solutions Corporation 2016","year":2016}