{"@type":"Source","@id":"1ce54996-84e7-41ee-a9bd-974905236376","name":"PAS 2050 (2011). Specification for the assessment of the life cycle greenhouse gas emissions of goods and services","description":"This Publicly Available Specification (PAS) has been prepared by BSI to specify requirements for assessing the life cycle greenhouse gas emissions (GHG) of goods and services. The development of this PAS was co-sponsored by the Carbon Trust and the Department for Environment, Food and Rural Affairs (Defra). PAS 2050 builds on existing life cycle assessment methods established through BS EN ISO 14040 and BS EN ISO 14044 by specifying requirements for the assessment of the life cycle GHG emissions of goods and services.","version":"00.00.002","lastChange":"2018-10-02T02:58:20.105Z","url":"https://shop.bsigroup.com/forms/PASs/PAS-2050/","year":2011}