{"@type":"Source","@id":"6b074160-6ad2-49bf-ad7c-d69b45ef2dba","name":"Franklin Associates (2020) Cradle-to-Gate LCA of HDPE","description":"Franklin Associates, a Division of ERG. Cradle-to-Gate LCA of High-Density Polyethylene (HDPE) Resin. Prepared for American Chemistry Council (ACC), Plastics Division. 2020 https://plastics.americanchemistry.com/ACC-LCA-Report_HDPE-Resin.pdf","version":"00.00.002","lastChange":"2021-01-08T00:00:50.182Z","url":"https://plastics.americanchemistry.com/ACC-LCA-Report_HDPE-Resin.pdf","textReference":"Franklin Associates, a Division of ERG. Cradle-to-Gate LCA of High-Density Polyethylene (HDPE) Resin. Prepared for American Chemistry Council (ACC), Plastics Division. 2020 ","year":2020}