{"@type":"Source","@id":"6c7b1634-b62b-443a-a91b-2427b1673ce3","name":"IEEE (2012). 1680.2-2012 - IEEE Standard for Environmental Assessment of Imaging Equipment, 19 Oct. 2012.","description":"IEEE (2012). 1680.2-2012 - IEEE Standard for Environmental Assessment of Imaging Equipment, 19 Oct. 2012. \r\nINSPEC Accession Number: 13146606\r\nDOI: 10.1109/IEEESTD.2012.6330972\r\nICS Code: 13.020.30 35.160 - Environmental impact assessment Microprocessor systems","version":"00.00.001","lastChange":"2018-10-01T20:42:57.270Z","url":"https://ieeexplore.ieee.org/document/6330972","year":2012}