{"@type":"Source","@id":"74d99e60-9152-461e-b4d3-dbe545494071","name":"ISO (2013). ISO 14065:2013: Greenhouse gases -- Requirements for greenhouse gas validation and verification bodies for use in accreditation or other forms of recognition","description":"ISO 14065:2013 specifies principles and requirements for bodies that undertake validation or verification of greenhouse gas (GHG) assertions.","version":"00.00.001","lastChange":"2018-10-01T20:55:35.112Z","url":"https://www.iso.org/standard/60168.html","year":2013}