{"@type":"Source","@id":"9938d15b-4cae-488f-abd7-f18714bff9b5","name":"ISO (2006). ISO 14025:2006: Environmental labels and declarations -- Type III environmental declarations -- Principles and procedures","description":"ISO 14025:2006 establishes the principles and specifies the procedures for developing Type III environmental declaration programmes and Type III environmental declarations. It specifically establishes the use of the ISO 14040 series of standards in the development of Type III environmental declaration programmes and Type III environmental declarations.\r\n\r\nISO 14025:2006 establishes principles for the use of environmental information, in addition to those given in ISO 14020:2000\r\n\r\nType III environmental declarations as described in ISO 14025:2006 are primarily intended for use in business-to-business communication, but their use in business-to-consumer communication under certain conditions is not precluded.","version":"00.00.001","lastChange":"2018-10-01T20:49:41.861Z","url":"https://www.iso.org/standard/38131.html","year":2006}