{"@type":"Source","@id":"a4767121-d652-4e1d-8f80-29be8ffaf183","name":"ISO (2006). ISO 14044:2006: Environmental management -- Life cycle assessment -- Requirements and guidelines","description":"ISO 14044:2006 specifies requirements and provides guidelines for life cycle assessment (LCA) including: definition of the goal and scope of the LCA, the life cycle inventory analysis (LCI) phase, the life cycle impact assessment (LCIA) phase, the life cycle interpretation phase, reporting and critical review of the LCA, limitations of the LCA, relationship between the LCA phases, and conditions for use of value choices and optional elements.\r\n\r\nISO 14044:2006 covers life cycle assessment (LCA) studies and life cycle inventory (LCI) studies.","version":"00.00.001","lastChange":"2018-10-02T02:34:10.406Z","url":"https://www.iso.org/standard/38498.html","year":2006}