{"@type":"Source","@id":"b3a52411-8336-4e0f-8e04-320677e7ae13","name":"ISO (2006). ISO 14064-3:2006: Greenhouse gases -- Part 3: Specification with guidance for the validation and verification of greenhouse gas assertions","description":"ISO 14064-3:2006 specifies principles and requirements and provides guidance for those conducting or managing the validation and/or verification of greenhouse gas (GHG) assertions. It can be applied to organizational or GHG project quantification, including GHG quantification, monitoring and reporting carried out in accordance with ISO 14064-1 or ISO 14064-2.\r\n\r\nISO 14064-3:2006 specifies requirements for selecting GHG validators/verifiers, establishing the level of assurance, objectives, criteria and scope, determining the validation/verification approach, assessing GHG data, information, information systems and controls, evaluating GHG assertions and preparing validation/verification statements.","version":"00.00.001","lastChange":"2018-10-01T20:53:33.264Z","url":"https://www.iso.org/standard/38700.html","year":2006}