{"@type":"Source","@id":"cead1df6-2723-4d41-a8c2-c0f3680c1da5","name":"ISO (2018). ISO/TS 14067:2018: Greenhouse gases -- Carbon footprint of products -- Requirements and guidelines for quantification and communication","description":"This document specifies principles, requirements and guidelines for the quantification and reporting of the carbon footprint of a product (CFP), in a manner consistent with International Standards on life cycle assessment (LCA) (ISO 14040 and ISO 14044).\r\n\r\nRequirements and guidelines for the quantification of a partial CFP are also specified.\r\n\r\nThis document is applicable to CFP studies, the results of which provide the basis for different applications (see Clause 4).\r\n\r\nThis document addresses only a single impact category: climate change. Carbon offsetting and communication of CFP or partial CFP information are outside the scope of this document.\r\n\r\nThis document does not assess any social or economic aspects or impacts, or any other environmental aspects and related impacts potentially arising from the life cycle of a product.","version":"00.00.001","lastChange":"2018-10-01T20:57:12.474Z","url":"https://www.iso.org/standard/71206.html","year":2018}