{"@type":"Source","@id":"e6f7d676-1804-3acf-b7e8-82cf84db3281","name":"AF\u0026PA (2010). Printing \u0026 Writing Papers LCA","description":"http://www.afandpa.org/docs/default-source/default-document-library/printing-and-writing-lca-report.pdf?sfvrsn\u003d0","version":"00.00.002","lastChange":"2021-01-19T22:34:56.428Z","url":"https://www.afandpa.org/docs/default-source/default-document-library/life-cycle-assessment-(lca)-final-report.pdf","textReference":"Printing \u0026 Writing Papers Life-Cycle Assessment Summary Report","year":2010}