{"@context":"http://greendelta.github.io/olca-schema/context.jsonld","@type":"Process","@id":"4c6f7612-c4b8-36d1-803a-8fb067b1b319","name":"Switchgrass, at conversion plant, 2022","description":"This process transports switchgrass to the conversion plant. It does so using transportation modal allocation from the USDA Ethanol Backgrounder (2007), assuming these current corn grain allocations are applicable to switchgrass and to year 2022. Distances for each mode are from a combination of references; still missing a good distance estimate for barge, but since the share of barge transportation is ~2%, the final result will not be sensititive to this parameter. Infrastructure impacts are included in this process by calling the Ecoinvent \"transport\" processes. ALSO NEED TO CREATE PARAMETERS SPECIFIC TO SWITCHGRASS INSTEAD OF USING STOVER ONES (where differences to stover can be documented).","version":"00.00.001","lastChange":"2018-06-27T10:38:44.929-06:00","category":{"@type":"Category","@id":"eb295789-0d26-32c1-96f4-c7866c140019","name":"Ethyl alcohol manufacturing","categoryPath":["Chemical Manufacturing"],"categoryType":"Process"},"processType":"UNIT_PROCESS","infrastructureProcess":false,"location":{"@type":"Location","@id":"b320e7db-c758-3ba6-8839-81eb83c9d7d7","name":"Northern America"},"processDocumentation":{"@type":"ProcessDocumentation","timeDescription":"2008","technologyDescription":"future","restrictionsDescription":"All information can be accessed by everybody.","copyright":false,"validFrom":"2007-12-31-07:00","validUntil":"2099-12-31-07:00","creationDate":"2013-10-22T12:12:33-06:00","geographyDescription":"North America","dataDocumentor":{"@type":"Actor","@id":"4abc5016-b922-34c0-a2c1-136c5cfa7083","name":"Garvin Heath"},"dataGenerator":{"@type":"Actor","@id":"4abc5016-b922-34c0-a2c1-136c5cfa7083","name":"Garvin Heath"},"publication":{"@type":"Source","@id":"a1d1d73e-7d93-3a6b-a3bc-3b2f4f025b86","name":"Hsu, D. "},"sources":[{"@type":"Source","@id":"8ead363a-c386-37d8-9518-079c77e4ec34","name":"Denicoff, M.R. "},{"@type":"Source","@id":"07cdc4aa-9ed3-3289-b843-4b8c34cae0d2","name":"Jacobson, J.J. "},{"@type":"Source","@id":"c99e6834-c14a-3eb9-94a4-073ee0f58149","name":"Shapouri, H. "},{"@type":"Source","@id":"a1d1d73e-7d93-3a6b-a3bc-3b2f4f025b86","name":"Hsu, D. "}]},"lastInternalId":0,"exchanges":[{"@type":"Exchange","avoidedProduct":false,"input":false,"amount":1.0,"internalId":1,"flow":{"@type":"Flow","@id":"fcca6571-d78a-36ad-812a-9b55de1565d8","name":"Switchgrass, at conversion plant, 2022","categoryPath":["Chemical Manufacturing","Ethyl alcohol manufacturing"],"flowType":"PRODUCT_FLOW","location":"RNA","refUnit":"kg"},"unit":{"@type":"Unit","@id":"20aadc24-a391-41cf-b340-3e4529f44bde","name":"kg"},"flowProperty":{"@type":"FlowProperty","@id":"93a60a56-a3c8-11da-a746-0800200b9a66","name":"Mass","categoryPath":["Technical flow properties"]},"quantitativeReference":true},{"@type":"Exchange","avoidedProduct":false,"input":true,"amount":32.2,"description":"This is the most stringest European emission standard for lorries, though presumably considerably higher than standards in place in 2022.  Assumes backhauling of gasoline (i.e., no attributable empty return trip). Proxy: Transport, lorry \u003e32t, EURO5/RER with US electricity U.","internalId":3,"flow":{"@type":"Flow","@id":"628c07ec-0802-39c1-ab88-1c62848ef436","name":"Transport, combination truck, diesel powered","categoryPath":["Truck Transportation","General Freight Trucking"],"flowType":"PRODUCT_FLOW","location":"RNA","refUnit":"t*km"},"unit":{"@type":"Unit","@id":"0dea4ed8-bb6b-4049-b2b4-b2c413ef2180","name":"t*km"},"flowProperty":{"@type":"FlowProperty","@id":"838aaa20-0117-11db-92e3-0800200c9a66","name":"Goods transport (mass*distance)","categoryPath":["Technical flow properties"]}},{"@type":"Exchange","avoidedProduct":false,"input":true,"amount":200.0,"description":"This process uses European train data extrapolated to US by ecoinvent. This process relates to \"average\" (current) trains, even though emissions will presumably be considerably lower in 2022. Assumes backhauling of gasoline (i.e., no attributable empty return trip). Proxy: Transport, freight, rail, diesel/US with US electricity U.","internalId":4,"flow":{"@type":"Flow","@id":"73c7494d-4e93-3769-896b-8bb82f0dfccc","name":"Transport, train, diesel powered","categoryPath":["Rail Transportation","Rail Transportation"],"flowType":"PRODUCT_FLOW","location":"RNA","refUnit":"t*km"},"unit":{"@type":"Unit","@id":"0dea4ed8-bb6b-4049-b2b4-b2c413ef2180","name":"t*km"},"flowProperty":{"@type":"FlowProperty","@id":"838aaa20-0117-11db-92e3-0800200c9a66","name":"Goods transport (mass*distance)","categoryPath":["Technical flow properties"]}},{"@type":"Exchange","avoidedProduct":false,"input":true,"amount":1.0,"internalId":5,"flow":{"@type":"Flow","@id":"db2c1447-2d40-3fa4-83b2-fe2753bbbf6a","name":"Switchgrass, ground and stored, 2022","categoryPath":["Crop Production","Unspecified"],"flowType":"PRODUCT_FLOW","location":"RNA","refUnit":"kg"},"unit":{"@type":"Unit","@id":"20aadc24-a391-41cf-b340-3e4529f44bde","name":"kg"},"flowProperty":{"@type":"FlowProperty","@id":"93a60a56-a3c8-11da-a746-0800200b9a66","name":"Mass","categoryPath":["Technical flow properties"]}},{"@type":"Exchange","avoidedProduct":false,"input":true,"amount":11.3,"description":"assuming barge is for dry goods, barge tanker for liquid. This process relates to \"average\" (current) barges, even though emissions will presumably be considerably lower in 2022. Assumes backhauling of gasoline (i.e., no attributable empty return trip). Proxy: Transport, barge/RER with US electricity U.","internalId":2,"flow":{"@type":"Flow","@id":"a1242640-8306-366c-9c55-6dfd23e77bd7","name":"Transport, barge, diesel powered","categoryPath":["Water Transportation","Inland Water Freight Transportation"],"flowType":"PRODUCT_FLOW","location":"RNA","refUnit":"t*km"},"unit":{"@type":"Unit","@id":"0dea4ed8-bb6b-4049-b2b4-b2c413ef2180","name":"t*km"},"flowProperty":{"@type":"FlowProperty","@id":"838aaa20-0117-11db-92e3-0800200c9a66","name":"Goods transport (mass*distance)","categoryPath":["Technical flow properties"]}}]}