{"@context":"http://greendelta.github.io/olca-schema/context.jsonld","@type":"Process","@id":"66691548-5be9-3c87-bf87-2f38136bc7bf","name":"EPS insulation board, at plant","description":"EPS board manufacturing data from 2008, EPS resin production data from 2005","version":"00.00.001","lastChange":"2018-06-27T10:38:44.911-06:00","category":{"@type":"Category","@id":"82f64466-cde8-3159-9f81-e4cd47b619ac","name":"Unspecified","categoryPath":["Chemical Manufacturing"],"categoryType":"Process"},"processType":"UNIT_PROCESS","infrastructureProcess":false,"location":{"@type":"Location","@id":"b320e7db-c758-3ba6-8839-81eb83c9d7d7","name":"Northern America"},"processDocumentation":{"@type":"ProcessDocumentation","technologyDescription":"EPS block molding","samplingDescription":"questionaires to ……","restrictionsDescription":"All information can be accessed by everybody.","copyright":false,"validFrom":"2004-12-31-07:00","validUntil":"2007-12-31-07:00","creationDate":"2015-11-24T08:03:13.935-07:00","geographyDescription":"10 EPS insulation board manufacturers in the US and Canada; 2 US EPS resin producers","dataDocumentor":{"@type":"Actor","@id":"f238e394-b16d-3194-9c3d-cfd600a1cc95","name":"Franklin Associates"},"dataGenerator":{"@type":"Actor","@id":"f238e394-b16d-3194-9c3d-cfd600a1cc95","name":"Franklin Associates"},"publication":{"@type":"Source","@id":"5c66894d-673c-38d4-8df6-caedfd67e28d","name":"Franklin Associates "},"sources":[{"@type":"Source","@id":"430fbde3-cbf0-3de7-8e56-33bc2240729b","name":"Franklin Associates "},{"@type":"Source","@id":"5c66894d-673c-38d4-8df6-caedfd67e28d","name":"Franklin Associates "}]},"lastInternalId":0,"exchanges":[{"@type":"Exchange","avoidedProduct":false,"input":false,"amount":1.0,"internalId":1,"flow":{"@type":"Flow","@id":"34c5d9a7-8301-3088-9f4f-ee200cdccdf3","name":"EPS insulation board, at plant","categoryPath":["Chemical Manufacturing","Unspecified"],"flowType":"PRODUCT_FLOW","location":"RNA","refUnit":"kg"},"unit":{"@type":"Unit","@id":"20aadc24-a391-41cf-b340-3e4529f44bde","name":"kg"},"flowProperty":{"@type":"FlowProperty","@id":"93a60a56-a3c8-11da-a746-0800200b9a66","name":"Mass","categoryPath":["Technical flow properties"]},"quantitativeReference":true},{"@type":"Exchange","avoidedProduct":false,"input":true,"amount":1.81,"internalId":18,"flow":{"@type":"Flow","@id":"73c7494d-4e93-3769-896b-8bb82f0dfccc","name":"Transport, train, diesel powered","categoryPath":["Rail Transportation","Rail Transportation"],"flowType":"PRODUCT_FLOW","location":"RNA","refUnit":"t*km"},"unit":{"@type":"Unit","@id":"0dea4ed8-bb6b-4049-b2b4-b2c413ef2180","name":"t*km"},"flowProperty":{"@type":"FlowProperty","@id":"838aaa20-0117-11db-92e3-0800200c9a66","name":"Goods transport (mass*distance)","categoryPath":["Technical flow properties"]}},{"@type":"Exchange","avoidedProduct":false,"input":true,"amount":1.06,"internalId":23,"flow":{"@type":"Flow","@id":"0e63d1db-e383-3c9a-b02a-b5eebafe87d1","name":"Transport, ocean freighter, average fuel mix","categoryPath":["Water Transportation","Deep Sea Freight Transportation"],"flowType":"PRODUCT_FLOW","location":"RNA","refUnit":"t*km"},"unit":{"@type":"Unit","@id":"0dea4ed8-bb6b-4049-b2b4-b2c413ef2180","name":"t*km"},"flowProperty":{"@type":"FlowProperty","@id":"838aaa20-0117-11db-92e3-0800200c9a66","name":"Goods transport (mass*distance)","categoryPath":["Technical flow properties"]}},{"@type":"Exchange","avoidedProduct":false,"input":true,"amount":1.8E-5,"internalId":6,"flow":{"@type":"Flow","@id":"e3ec7d45-2c51-31b9-a927-ed2474635e32","name":"CUTOFF Disposal, solid waste to incineration without energy recovery","categoryPath":["CUTOFF Flows"],"flowType":"PRODUCT_FLOW","location":"RNA","refUnit":"kg"},"unit":{"@type":"Unit","@id":"20aadc24-a391-41cf-b340-3e4529f44bde","name":"kg"},"flowProperty":{"@type":"FlowProperty","@id":"93a60a56-a3c8-11da-a746-0800200b9a66","name":"Mass","categoryPath":["Technical flow properties"]}},{"@type":"Exchange","avoidedProduct":false,"input":false,"amount":1.3E-4,"internalId":21,"flow":{"@type":"Flow","@id":"c6da16cc-6303-3e51-8e8b-fd1d1cd0f0f1","name":"NMVOC, non-methane volatile organic compounds","categoryPath":["air","unspecified"],"flowType":"ELEMENTARY_FLOW","refUnit":"kg"},"unit":{"@type":"Unit","@id":"20aadc24-a391-41cf-b340-3e4529f44bde","name":"kg"},"flowProperty":{"@type":"FlowProperty","@id":"93a60a56-a3c8-11da-a746-0800200b9a66","name":"Mass","categoryPath":["Technical flow properties"]}},{"@type":"Exchange","avoidedProduct":false,"input":false,"amount":1.1E-6,"internalId":2,"flow":{"@type":"Flow","@id":"1f9d6dc2-805b-397c-a3fe-19e77edfe3e8","name":"HFCs and HCFCs, unspecified","categoryPath":["air","unspecified"],"flowType":"ELEMENTARY_FLOW","refUnit":"kg"},"unit":{"@type":"Unit","@id":"20aadc24-a391-41cf-b340-3e4529f44bde","name":"kg"},"flowProperty":{"@type":"FlowProperty","@id":"93a60a56-a3c8-11da-a746-0800200b9a66","name":"Mass","categoryPath":["Technical flow properties"]}},{"@type":"Exchange","avoidedProduct":false,"input":true,"amount":0.28,"internalId":10,"flow":{"@type":"Flow","@id":"bb1dc159-fe13-3f8e-8197-361e8c770ba3","name":"Natural gas, combusted in industrial boiler","categoryPath":["Utilities","Steam and Air-Conditioning Supply"],"flowType":"PRODUCT_FLOW","location":"RNA","refUnit":"m3"},"unit":{"@type":"Unit","@id":"1c3a9695-398d-4b1f-b07e-a8715b610f70","name":"m3"},"flowProperty":{"@type":"FlowProperty","@id":"93a60a56-a3c8-22da-a746-0800200c9a66","name":"Volume","categoryPath":["Technical flow properties"]}},{"@type":"Exchange","avoidedProduct":false,"input":false,"amount":4.6E-5,"internalId":20,"flow":{"@type":"Flow","@id":"c1b91234-6f24-417b-8309-46111d09c457","name":"Nitrogen oxides","categoryPath":["Elementary flows","Emission to air","unspecified"],"flowType":"ELEMENTARY_FLOW","refUnit":"kg"},"unit":{"@type":"Unit","@id":"20aadc24-a391-41cf-b340-3e4529f44bde","name":"kg"},"flowProperty":{"@type":"FlowProperty","@id":"93a60a56-a3c8-11da-a746-0800200b9a66","name":"Mass","categoryPath":["Technical flow properties"]}},{"@type":"Exchange","avoidedProduct":false,"input":true,"amount":0.002,"internalId":7,"flow":{"@type":"Flow","@id":"f77da622-e84d-3639-8917-fcf792aaee13","name":"Liquefied petroleum gas, combusted in industrial boiler","categoryPath":["Utilities","Steam and Air-Conditioning Supply"],"flowType":"PRODUCT_FLOW","location":"RNA","refUnit":"m3"},"unit":{"@type":"Unit","@id":"1c3a9695-398d-4b1f-b07e-a8715b610f70","name":"m3"},"flowProperty":{"@type":"FlowProperty","@id":"93a60a56-a3c8-22da-a746-0800200c9a66","name":"Volume","categoryPath":["Technical flow properties"]}},{"@type":"Exchange","avoidedProduct":false,"input":false,"amount":0.041,"internalId":3,"flow":{"@type":"Flow","@id":"4d920467-c292-361c-8640-9ab6b0acaa52","name":"Pentane","categoryPath":["air","unspecified"],"flowType":"ELEMENTARY_FLOW","refUnit":"kg"},"unit":{"@type":"Unit","@id":"20aadc24-a391-41cf-b340-3e4529f44bde","name":"kg"},"flowProperty":{"@type":"FlowProperty","@id":"93a60a56-a3c8-11da-a746-0800200b9a66","name":"Mass","categoryPath":["Technical flow properties"]}},{"@type":"Exchange","avoidedProduct":false,"input":true,"amount":0.0017,"internalId":4,"flow":{"@type":"Flow","@id":"c747a0a0-bd5d-3a78-af02-58a5027d6cf5","name":"CUTOFF Disposal, solid waste to incineration with energy recovery","categoryPath":["CUTOFF Flows"],"flowType":"PRODUCT_FLOW","location":"RNA","refUnit":"kg"},"unit":{"@type":"Unit","@id":"20aadc24-a391-41cf-b340-3e4529f44bde","name":"kg"},"flowProperty":{"@type":"FlowProperty","@id":"93a60a56-a3c8-11da-a746-0800200b9a66","name":"Mass","categoryPath":["Technical flow properties"]}},{"@type":"Exchange","avoidedProduct":false,"input":false,"amount":2.2E-4,"internalId":17,"flow":{"@type":"Flow","@id":"e821f94c-6c24-34df-a7a1-979e2bfb6520","name":"Styrene","categoryPath":["air","unspecified"],"flowType":"ELEMENTARY_FLOW","refUnit":"kg"},"unit":{"@type":"Unit","@id":"20aadc24-a391-41cf-b340-3e4529f44bde","name":"kg"},"flowProperty":{"@type":"FlowProperty","@id":"93a60a56-a3c8-11da-a746-0800200b9a66","name":"Mass","categoryPath":["Technical flow properties"]}},{"@type":"Exchange","avoidedProduct":false,"input":false,"amount":1.1E-5,"internalId":12,"flow":{"@type":"Flow","@id":"c746fcf6-c553-3f40-9445-6f0b14a727de","name":"Organic substances, unspecified","categoryPath":["air","unspecified"],"flowType":"ELEMENTARY_FLOW","refUnit":"kg"},"unit":{"@type":"Unit","@id":"20aadc24-a391-41cf-b340-3e4529f44bde","name":"kg"},"flowProperty":{"@type":"FlowProperty","@id":"93a60a56-a3c8-11da-a746-0800200b9a66","name":"Mass","categoryPath":["Technical flow properties"]}},{"@type":"Exchange","avoidedProduct":false,"input":true,"amount":0.043,"internalId":15,"flow":{"@type":"Flow","@id":"5346e475-e7c4-38bf-b1b7-8c23549d2081","name":"Natural gas, processed, for olefins production, at plant","categoryPath":["Chemical Manufacturing","Petrochemical Manufacturing"],"flowType":"PRODUCT_FLOW","location":"RNA","refUnit":"kg"},"unit":{"@type":"Unit","@id":"20aadc24-a391-41cf-b340-3e4529f44bde","name":"kg"},"flowProperty":{"@type":"FlowProperty","@id":"93a60a56-a3c8-11da-a746-0800200b9a66","name":"Mass","categoryPath":["Technical flow properties"]}},{"@type":"Exchange","avoidedProduct":false,"input":false,"amount":2.1E-5,"internalId":14,"flow":{"@type":"Flow","@id":"8f6e6949-f569-3d05-abe1-de3608895d47","name":"Carbon monoxide, fossil ","categoryPath":["air","unspecified"],"flowType":"ELEMENTARY_FLOW","refUnit":"kg"},"unit":{"@type":"Unit","@id":"20aadc24-a391-41cf-b340-3e4529f44bde","name":"kg"},"flowProperty":{"@type":"FlowProperty","@id":"93a60a56-a3c8-11da-a746-0800200b9a66","name":"Mass","categoryPath":["Technical flow properties"]}},{"@type":"Exchange","avoidedProduct":false,"input":true,"amount":0.79,"internalId":9,"flow":{"@type":"Flow","@id":"73e33e2a-67d5-31e2-8449-b6f2d7b46bb2","name":"Electricity, at grid, US, 2000","categoryPath":["Utilities","Electric Power Distribution"],"flowType":"PRODUCT_FLOW","location":"RNA","refUnit":"MJ"},"unit":{"@type":"Unit","@id":"52765a6c-3896-43c2-b2f4-c679acf13efe","name":"MJ"},"flowProperty":{"@type":"FlowProperty","@id":"f6811440-ee37-11de-8a39-0800200c9a66","name":"Energy","categoryPath":["Technical flow properties"]}},{"@type":"Exchange","avoidedProduct":false,"input":true,"amount":0.55,"internalId":22,"flow":{"@type":"Flow","@id":"628c07ec-0802-39c1-ab88-1c62848ef436","name":"Transport, combination truck, diesel powered","categoryPath":["Truck Transportation","General Freight Trucking"],"flowType":"PRODUCT_FLOW","location":"RNA","refUnit":"t*km"},"unit":{"@type":"Unit","@id":"0dea4ed8-bb6b-4049-b2b4-b2c413ef2180","name":"t*km"},"flowProperty":{"@type":"FlowProperty","@id":"838aaa20-0117-11db-92e3-0800200c9a66","name":"Goods transport (mass*distance)","categoryPath":["Technical flow properties"]}},{"@type":"Exchange","avoidedProduct":false,"input":false,"amount":3.6E-7,"internalId":8,"flow":{"@type":"Flow","@id":"e3569b8d-34ca-4712-93b5-b0d81f955663","name":"Sulfur oxides","categoryPath":["Elementary flows","Emission to air","unspecified"],"flowType":"ELEMENTARY_FLOW","refUnit":"kg"},"unit":{"@type":"Unit","@id":"20aadc24-a391-41cf-b340-3e4529f44bde","name":"kg"},"flowProperty":{"@type":"FlowProperty","@id":"93a60a56-a3c8-11da-a746-0800200b9a66","name":"Mass","categoryPath":["Technical flow properties"]}},{"@type":"Exchange","avoidedProduct":false,"input":true,"amount":1.01,"internalId":5,"flow":{"@type":"Flow","@id":"4a72778b-37b3-3c70-bcdc-b47701e7fe74","name":"Ethylbenzene styrene, at plant","categoryPath":["Chemical Manufacturing","All Other Basic Organic Chemical Manufacturing"],"flowType":"PRODUCT_FLOW","location":"RNA","refUnit":"kg"},"unit":{"@type":"Unit","@id":"20aadc24-a391-41cf-b340-3e4529f44bde","name":"kg"},"flowProperty":{"@type":"FlowProperty","@id":"93a60a56-a3c8-11da-a746-0800200b9a66","name":"Mass","categoryPath":["Technical flow properties"]}},{"@type":"Exchange","avoidedProduct":false,"input":false,"amount":3.2E-5,"internalId":13,"flow":{"@type":"Flow","@id":"7ae398c3-8532-11e0-9d78-0800200c9a66","name":"Particulates, unspecified","categoryPath":["Elementary flows","Emission to air","unspecified"],"flowType":"ELEMENTARY_FLOW","refUnit":"kg"},"unit":{"@type":"Unit","@id":"20aadc24-a391-41cf-b340-3e4529f44bde","name":"kg"},"flowProperty":{"@type":"FlowProperty","@id":"93a60a56-a3c8-11da-a746-0800200b9a66","name":"Mass","categoryPath":["Technical flow properties"]}},{"@type":"Exchange","avoidedProduct":false,"input":false,"amount":0.0039,"internalId":16,"flow":{"@type":"Flow","@id":"63af114b-afcb-3a82-801a-9c66208a673a","name":"Carbon dioxide, fossil ","categoryPath":["air","unspecified"],"flowType":"ELEMENTARY_FLOW","refUnit":"kg"},"unit":{"@type":"Unit","@id":"20aadc24-a391-41cf-b340-3e4529f44bde","name":"kg"},"flowProperty":{"@type":"FlowProperty","@id":"93a60a56-a3c8-11da-a746-0800200b9a66","name":"Mass","categoryPath":["Technical flow properties"]}},{"@type":"Exchange","avoidedProduct":false,"input":true,"amount":0.029,"internalId":19,"flow":{"@type":"Flow","@id":"5f96ad43-abab-3b62-bcf8-c71f9d6c7881","name":"Petroleum refining coproduct, at refinery","categoryPath":["Petroleum and Coal Products Manufacturing","Petroleum Refineries"],"flowType":"PRODUCT_FLOW","location":"RNA","refUnit":"kg"},"unit":{"@type":"Unit","@id":"20aadc24-a391-41cf-b340-3e4529f44bde","name":"kg"},"flowProperty":{"@type":"FlowProperty","@id":"93a60a56-a3c8-11da-a746-0800200b9a66","name":"Mass","categoryPath":["Technical flow properties"]}},{"@type":"Exchange","avoidedProduct":false,"input":true,"amount":2.38,"internalId":11,"flow":{"@type":"Flow","@id":"4069483a-8d94-3b6b-81be-5f0a249b74f4","name":"Transport, barge, average fuel mix","categoryPath":["Water Transportation","Inland Water Freight Transportation"],"flowType":"PRODUCT_FLOW","location":"RNA","refUnit":"t*km"},"unit":{"@type":"Unit","@id":"0dea4ed8-bb6b-4049-b2b4-b2c413ef2180","name":"t*km"},"flowProperty":{"@type":"FlowProperty","@id":"838aaa20-0117-11db-92e3-0800200c9a66","name":"Goods transport (mass*distance)","categoryPath":["Technical flow properties"]}},{"@type":"Exchange","avoidedProduct":false,"input":true,"amount":0.021,"internalId":24,"flow":{"@type":"Flow","@id":"ca34628a-0960-3652-88a1-54c45af40c65","name":"CUTOFF Disposal, solid waste to sanitary landfill","categoryPath":["CUTOFF Flows"],"flowType":"PRODUCT_FLOW","location":"RNA","refUnit":"kg"},"unit":{"@type":"Unit","@id":"20aadc24-a391-41cf-b340-3e4529f44bde","name":"kg"},"flowProperty":{"@type":"FlowProperty","@id":"93a60a56-a3c8-11da-a746-0800200b9a66","name":"Mass","categoryPath":["Technical flow properties"]}}]}