{"@context":"http://greendelta.github.io/olca-schema/context.jsonld","@type":"Process","@id":"8e3e47ea-ed49-329e-8931-29115917bc81","name":"Ethanol, denatured, corn dry mill","version":"00.00.001","lastChange":"2018-06-27T10:38:44.917-06:00","category":{"@type":"Category","@id":"eb295789-0d26-32c1-96f4-c7866c140019","name":"Ethyl alcohol manufacturing","categoryPath":["Chemical Manufacturing"],"categoryType":"Process"},"processType":"UNIT_PROCESS","infrastructureProcess":false,"location":{"@type":"Location","@id":"b320e7db-c758-3ba6-8839-81eb83c9d7d7","name":"Northern America"},"processDocumentation":{"@type":"ProcessDocumentation","timeDescription":"2008","technologyDescription":"modern","restrictionsDescription":"All information can be accessed by everybody.","copyright":false,"validFrom":"2007-12-31-07:00","validUntil":"2099-12-31-07:00","creationDate":"2015-08-20T13:31:23.335-06:00","geographyDescription":"North America","dataDocumentor":{"@type":"Actor","@id":"04ed125f-ffa7-33b1-af24-77f5bdb21a05","name":"Daniel Inman"},"dataGenerator":{"@type":"Actor","@id":"04ed125f-ffa7-33b1-af24-77f5bdb21a05","name":"Daniel Inman"},"publication":{"@type":"Source","@id":"a1d1d73e-7d93-3a6b-a3bc-3b2f4f025b86","name":"Hsu, D. "},"sources":[{"@type":"Source","@id":"a4f0cce1-37b8-3abc-800d-d494a2c33caa","name":"Andrew McAloon "},{"@type":"Source","@id":"a1d1d73e-7d93-3a6b-a3bc-3b2f4f025b86","name":"Hsu, D. "}]},"lastInternalId":0,"exchanges":[{"@type":"Exchange","avoidedProduct":false,"input":false,"amount":14900.0,"internalId":1,"flow":{"@type":"Flow","@id":"f4364ab6-cb8c-3b5c-a9d7-dfe57ac7bceb","name":"Ethanol, denatured, corn dry mill","categoryPath":["Chemical Manufacturing","Ethyl alcohol manufacturing"],"flowType":"PRODUCT_FLOW","location":"RNA","refUnit":"kg"},"unit":{"@type":"Unit","@id":"20aadc24-a391-41cf-b340-3e4529f44bde","name":"kg"},"flowProperty":{"@type":"FlowProperty","@id":"93a60a56-a3c8-11da-a746-0800200b9a66","name":"Mass","categoryPath":["Technical flow properties"]},"quantitativeReference":true},{"@type":"Exchange","avoidedProduct":false,"input":true,"amount":138.0,"description":"tramp metal and rocks","internalId":10,"flow":{"@type":"Flow","@id":"54fb7648-dbd1-316c-a959-2112b70e3f30","name":"CUTOFF Disposal, inert waste, 5% water, to inert material landfill","categoryPath":["CUTOFF Flows"],"flowType":"PRODUCT_FLOW","location":"RNA","refUnit":"kg"},"unit":{"@type":"Unit","@id":"20aadc24-a391-41cf-b340-3e4529f44bde","name":"kg"},"flowProperty":{"@type":"FlowProperty","@id":"93a60a56-a3c8-11da-a746-0800200b9a66","name":"Mass","categoryPath":["Technical flow properties"]}},{"@type":"Exchange","avoidedProduct":false,"input":true,"amount":0.1,"description":"wastewater treatment","internalId":14,"flow":{"@type":"Flow","@id":"b70528a4-85c8-3da6-9e86-d6399c94a9b8","name":"CUTOFF Treatment,maize starch production effluent,to wastewater treatment,class2","categoryPath":["CUTOFF Flows"],"flowType":"PRODUCT_FLOW","location":"RNA","refUnit":"m3"},"unit":{"@type":"Unit","@id":"1c3a9695-398d-4b1f-b07e-a8715b610f70","name":"m3"},"flowProperty":{"@type":"FlowProperty","@id":"93a60a56-a3c8-22da-a746-0800200c9a66","name":"Volume","categoryPath":["Technical flow properties"]}},{"@type":"Exchange","avoidedProduct":false,"input":true,"amount":173.0,"description":"Proxy: Urea, as N, at regional storehouse/RER with US electricity U","internalId":22,"flow":{"@type":"Flow","@id":"45f1fd00-2093-3e05-9b41-e942b9e8cec9","name":"Nitrogen fertilizer, production mix, at plant","categoryPath":["Chemical Manufacturing","Nitrogenous Fertilizer Manufacturing"],"flowType":"PRODUCT_FLOW","location":"RNA","refUnit":"kg"},"unit":{"@type":"Unit","@id":"20aadc24-a391-41cf-b340-3e4529f44bde","name":"kg"},"flowProperty":{"@type":"FlowProperty","@id":"93a60a56-a3c8-11da-a746-0800200b9a66","name":"Mass","categoryPath":["Technical flow properties"]}},{"@type":"Exchange","avoidedProduct":false,"input":true,"amount":19600.0,"description":"process/makeup water. calculated based on regression fit from several Aspen runs.","internalId":25,"flow":{"@type":"Flow","@id":"b15b4f72-fc9c-3a44-8cf9-db4f3aed810b","name":"Water, process, unspecified natural origin/kg","categoryPath":["resource","in ground"],"flowType":"ELEMENTARY_FLOW","refUnit":"kg"},"unit":{"@type":"Unit","@id":"20aadc24-a391-41cf-b340-3e4529f44bde","name":"kg"},"flowProperty":{"@type":"FlowProperty","@id":"93a60a56-a3c8-11da-a746-0800200b9a66","name":"Mass","categoryPath":["Technical flow properties"]}},{"@type":"Exchange","avoidedProduct":false,"input":true,"amount":4550.0,"description":"no CO2 sequestration.  Proxy: Soybean meal, at oil mill/US U","internalId":7,"flow":{"@type":"Flow","@id":"263fb8d0-8df5-3cee-834b-b7e2de1dac4a","name":"Soy meal, at plant","categoryPath":["Chemical Manufacturing","All Other Basic Organic Chemical Manufacturing"],"flowType":"PRODUCT_FLOW","location":"RNA","refUnit":"kg"},"unit":{"@type":"Unit","@id":"20aadc24-a391-41cf-b340-3e4529f44bde","name":"kg"},"flowProperty":{"@type":"FlowProperty","@id":"93a60a56-a3c8-11da-a746-0800200b9a66","name":"Mass","categoryPath":["Technical flow properties"]}},{"@type":"Exchange","avoidedProduct":false,"input":true,"amount":7.19E-6,"description":"plant lifetime is 20 years. only need 1 hr. 90000 Mtons of ethanol is about 31 Mgal/yr in the econinvent process. Assume equipment scales by a power law.","internalId":31,"flow":{"@type":"Flow","@id":"ef92f640-ee9a-3199-8961-1decb41e875e","name":"CUTOFF Ethanol fermentation plant","categoryPath":["CUTOFF Flows"],"flowType":"PRODUCT_FLOW","location":"RNA","refUnit":"Item(s)"},"unit":{"@type":"Unit","@id":"6dabe201-aaac-4509-92f0-d00c26cb72ab","name":"Item(s)"},"flowProperty":{"@type":"FlowProperty","@id":"01846770-4cfe-4a25-8ad9-919d8d378345","name":"Number of items","categoryPath":["Technical flow properties"]}},{"@type":"Exchange","avoidedProduct":false,"input":false,"amount":62300.0,"description":"cooling tower water lost to air. calculated based on regression fit from several Aspen runs.","internalId":3,"flow":{"@type":"Flow","@id":"ed544201-b6df-3d3e-babf-47f018ca2637","name":"Water","categoryPath":["Elementary flows"],"flowType":"ELEMENTARY_FLOW","refUnit":"kg"},"unit":{"@type":"Unit","@id":"20aadc24-a391-41cf-b340-3e4529f44bde","name":"kg"},"flowProperty":{"@type":"FlowProperty","@id":"93a60a56-a3c8-11da-a746-0800200b9a66","name":"Mass","categoryPath":["Technical flow properties"]}},{"@type":"Exchange","avoidedProduct":false,"input":true,"amount":46.4,"internalId":8,"flow":{"@type":"Flow","@id":"2766f5e7-9d42-36cb-8a03-11aa4f7ecd3a","name":"Corn grain, at conversion plant, 2022","categoryPath":["Crop Production","Biomass"],"flowType":"PRODUCT_FLOW","location":"RNA","refUnit":"kg"},"unit":{"@type":"Unit","@id":"20aadc24-a391-41cf-b340-3e4529f44bde","name":"kg"},"flowProperty":{"@type":"FlowProperty","@id":"93a60a56-a3c8-11da-a746-0800200b9a66","name":"Mass","categoryPath":["Technical flow properties"]}},{"@type":"Exchange","avoidedProduct":false,"input":true,"amount":14.89,"internalId":28,"flow":{"@type":"Flow","@id":"d6bfc1d8-069b-3604-9685-9ed45c6dfce4","name":"Corn wet milling, operations, AP-42","categoryPath":["Chemical Manufacturing","All Other Basic Organic Chemical Manufacturing"],"flowType":"PRODUCT_FLOW","location":"RNA","refUnit":"kg"},"unit":{"@type":"Unit","@id":"20aadc24-a391-41cf-b340-3e4529f44bde","name":"kg"},"flowProperty":{"@type":"FlowProperty","@id":"93a60a56-a3c8-11da-a746-0800200b9a66","name":"Mass","categoryPath":["Technical flow properties"]}},{"@type":"Exchange","avoidedProduct":false,"input":true,"amount":55.0,"description":"proxy: lime, hydrated, packed, at plant","internalId":20,"flow":{"@type":"Flow","@id":"c34c4451-297f-3b5c-a15f-2c16cdb52ad9","name":"Quicklime, at plant","categoryPath":["Nonmetallic Mineral Product Manufacturing","Lime Manufacturing"],"flowType":"PRODUCT_FLOW","location":"RNA","refUnit":"kg"},"unit":{"@type":"Unit","@id":"20aadc24-a391-41cf-b340-3e4529f44bde","name":"kg"},"flowProperty":{"@type":"FlowProperty","@id":"93a60a56-a3c8-11da-a746-0800200b9a66","name":"Mass","categoryPath":["Technical flow properties"]}},{"@type":"Exchange","avoidedProduct":false,"input":true,"amount":7.36,"description":"Assumed emissions for DDGS dryer. calculated based on regression fit from several Aspen runs.","internalId":12,"flow":{"@type":"Flow","@id":"28b025c1-5897-3e01-8aa2-166cd2c9f86d","name":"Corn wet mill, gluten drying, AP-42","categoryPath":["Chemical Manufacturing","All Other Basic Organic Chemical Manufacturing"],"flowType":"PRODUCT_FLOW","location":"RNA","refUnit":"kg"},"unit":{"@type":"Unit","@id":"20aadc24-a391-41cf-b340-3e4529f44bde","name":"kg"},"flowProperty":{"@type":"FlowProperty","@id":"93a60a56-a3c8-11da-a746-0800200b9a66","name":"Mass","categoryPath":["Technical flow properties"]}},{"@type":"Exchange","avoidedProduct":false,"input":true,"amount":12457.0,"description":"Integrated Biogas Energy System. From Mueller (2007).","internalId":4,"flow":{"@type":"Flow","@id":"39fa5db7-4bae-36f9-ae67-e2ccd67c318a","name":"CUTOFF Heat, at cogen with ignition biogas engine, allocation exergy","categoryPath":["CUTOFF Flows"],"flowType":"PRODUCT_FLOW","location":"RNA","refUnit":"MJ"},"unit":{"@type":"Unit","@id":"52765a6c-3896-43c2-b2f4-c679acf13efe","name":"MJ"},"flowProperty":{"@type":"FlowProperty","@id":"f6811440-ee37-11de-8a39-0800200c9a66","name":"Energy","categoryPath":["Technical flow properties"]}},{"@type":"Exchange","avoidedProduct":false,"input":true,"amount":266.0,"description":"About a 0.6% impurity content in product stream (water, CO2, alcohols)","internalId":19,"flow":{"@type":"Flow","@id":"0e44e579-abb0-3c77-af64-c774d65be529","name":"Gasoline, at refinery","categoryPath":["Petroleum and Coal Products Manufacturing","Petroleum Refineries"],"flowType":"PRODUCT_FLOW","refUnit":"m3"},"unit":{"@type":"Unit","@id":"1c3a9695-398d-4b1f-b07e-a8715b610f70","name":"m3"},"flowProperty":{"@type":"FlowProperty","@id":"93a60a56-a3c8-22da-a746-0800200c9a66","name":"Volume","categoryPath":["Technical flow properties"]}},{"@type":"Exchange","avoidedProduct":false,"input":true,"amount":62300.0,"description":"cooling tower water losses. calculated based on regression fit from several Aspen runs.","internalId":27,"flow":{"@type":"Flow","@id":"7a56cc9f-09dd-36e5-b91b-ce7a88f3423d","name":"Water, cooling, unspecified natural origin/kg","categoryPath":["resource","in ground"],"flowType":"ELEMENTARY_FLOW","refUnit":"kg"},"unit":{"@type":"Unit","@id":"20aadc24-a391-41cf-b340-3e4529f44bde","name":"kg"},"flowProperty":{"@type":"FlowProperty","@id":"93a60a56-a3c8-11da-a746-0800200b9a66","name":"Mass","categoryPath":["Technical flow properties"]}},{"@type":"Exchange","avoidedProduct":false,"input":true,"amount":60.0,"description":"Assumed for yeast","internalId":15,"flow":{"@type":"Flow","@id":"382e1e84-36d0-31b8-88b4-5ceaf7c46106","name":"CUTOFF Yeast paste, from whey, at fermentation","categoryPath":["CUTOFF Flows"],"flowType":"PRODUCT_FLOW","location":"RNA","refUnit":"kg"},"unit":{"@type":"Unit","@id":"20aadc24-a391-41cf-b340-3e4529f44bde","name":"kg"},"flowProperty":{"@type":"FlowProperty","@id":"93a60a56-a3c8-11da-a746-0800200b9a66","name":"Mass","categoryPath":["Technical flow properties"]}},{"@type":"Exchange","avoidedProduct":false,"input":false,"amount":0.534,"description":"calculated based on regression fit from several Aspen runs.","internalId":9,"flow":{"@type":"Flow","@id":"da720825-692e-3807-b153-40271247a93f","name":"Ethanol","categoryPath":["air","unspecified"],"flowType":"ELEMENTARY_FLOW","refUnit":"kg"},"unit":{"@type":"Unit","@id":"20aadc24-a391-41cf-b340-3e4529f44bde","name":"kg"},"flowProperty":{"@type":"FlowProperty","@id":"93a60a56-a3c8-11da-a746-0800200b9a66","name":"Mass","categoryPath":["Technical flow properties"]}},{"@type":"Exchange","avoidedProduct":false,"input":true,"amount":416.0,"description":"Coal CHP. From Mueller (2007). Multiplied by efficiency of 0.8 used in Ecoinvent.","internalId":29,"flow":{"@type":"Flow","@id":"eb6394c1-0d19-3be3-99ab-ec572dec9926","name":"Lignite coal, combusted in industrial boiler","categoryPath":["Utilities","Steam and Air-Conditioning Supply"],"flowType":"PRODUCT_FLOW","location":"RNA","refUnit":"kg"},"unit":{"@type":"Unit","@id":"20aadc24-a391-41cf-b340-3e4529f44bde","name":"kg"},"flowProperty":{"@type":"FlowProperty","@id":"93a60a56-a3c8-11da-a746-0800200b9a66","name":"Mass","categoryPath":["Technical flow properties"]}},{"@type":"Exchange","avoidedProduct":false,"input":true,"amount":1830.0,"description":"steam losses. calculated based on regression fit from several Aspen runs.","internalId":18,"flow":{"@type":"Flow","@id":"421046b3-9d5d-3bc3-8ade-fd2834168be2","name":"Water, unspecified natural origin/kg","categoryPath":["resource","in ground"],"flowType":"ELEMENTARY_FLOW","refUnit":"kg"},"unit":{"@type":"Unit","@id":"20aadc24-a391-41cf-b340-3e4529f44bde","name":"kg"},"flowProperty":{"@type":"FlowProperty","@id":"93a60a56-a3c8-11da-a746-0800200b9a66","name":"Mass","categoryPath":["Technical flow properties"]}},{"@type":"Exchange","avoidedProduct":false,"input":true,"amount":14200.0,"description":"no CO2 sequestration","internalId":30,"flow":{"@type":"Flow","@id":"510d2c9a-5542-30fb-b8e6-2d9460fe055c","name":"Corn grain, harvested and stored","categoryPath":["Crop Production","Corn Farming"],"flowType":"PRODUCT_FLOW","location":"RNA","refUnit":"kg"},"unit":{"@type":"Unit","@id":"20aadc24-a391-41cf-b340-3e4529f44bde","name":"kg"},"flowProperty":{"@type":"FlowProperty","@id":"93a60a56-a3c8-11da-a746-0800200b9a66","name":"Mass","categoryPath":["Technical flow properties"]}},{"@type":"Exchange","avoidedProduct":false,"input":true,"amount":860.0,"description":"Biomass CHP. From Mueller (2007). Multiplied by efficiency of 0.85 used in Ecoinvent.","internalId":13,"flow":{"@type":"Flow","@id":"1a76ed77-b97d-3070-85b7-b1f41906cece","name":"Wood waste, unspecified, combusted in industrial boiler","categoryPath":["Utilities","Steam and Air-Conditioning Supply"],"flowType":"PRODUCT_FLOW","location":"RNA","refUnit":"kg"},"unit":{"@type":"Unit","@id":"20aadc24-a391-41cf-b340-3e4529f44bde","name":"kg"},"flowProperty":{"@type":"FlowProperty","@id":"93a60a56-a3c8-11da-a746-0800200b9a66","name":"Mass","categoryPath":["Technical flow properties"]}},{"@type":"Exchange","avoidedProduct":false,"input":true,"amount":231.0,"description":"Assumed for used caustic from CIP. proxy:  sodium hydroxide, 50% in H2O, production mix, at plant","internalId":23,"flow":{"@type":"Flow","@id":"bf2b1e5a-4c92-3974-a2fd-a68898833086","name":"Sodium hydroxide, production mix, at plant","categoryPath":["Chemical Manufacturing","All Other Basic Inorganic Chemical Manufacturing"],"flowType":"PRODUCT_FLOW","location":"US","refUnit":"kg"},"unit":{"@type":"Unit","@id":"20aadc24-a391-41cf-b340-3e4529f44bde","name":"kg"},"flowProperty":{"@type":"FlowProperty","@id":"93a60a56-a3c8-11da-a746-0800200b9a66","name":"Mass","categoryPath":["Technical flow properties"]}},{"@type":"Exchange","avoidedProduct":false,"input":true,"amount":92.0,"internalId":17,"flow":{"@type":"Flow","@id":"6bc5c787-fc86-34de-9b44-d9f693c21c0f","name":"CUTOFF Sulphuric acid, liquid, at plant","categoryPath":["CUTOFF Flows"],"flowType":"PRODUCT_FLOW","location":"RNA","refUnit":"kg"},"unit":{"@type":"Unit","@id":"20aadc24-a391-41cf-b340-3e4529f44bde","name":"kg"},"flowProperty":{"@type":"FlowProperty","@id":"93a60a56-a3c8-11da-a746-0800200b9a66","name":"Mass","categoryPath":["Technical flow properties"]}},{"@type":"Exchange","avoidedProduct":false,"input":true,"amount":47.0,"internalId":11,"flow":{"@type":"Flow","@id":"d818c190-7b73-33b1-b0d4-9f4339e3b117","name":"Enzyme, Glucoamylase, Novozyme Spirizyme","categoryPath":["Chemical Manufacturing","All Other Basic Organic Chemical Manufacturing"],"flowType":"PRODUCT_FLOW","location":"RER","refUnit":"kg"},"unit":{"@type":"Unit","@id":"20aadc24-a391-41cf-b340-3e4529f44bde","name":"kg"},"flowProperty":{"@type":"FlowProperty","@id":"93a60a56-a3c8-11da-a746-0800200b9a66","name":"Mass","categoryPath":["Technical flow properties"]}},{"@type":"Exchange","avoidedProduct":false,"input":true,"amount":299000.0,"description":"from DDGS","internalId":26,"flow":{"@type":"Flow","@id":"f670bb2d-c28a-3a08-9b9c-cc50bca5d126","name":"CUTOFF Energy, output","categoryPath":["CUTOFF Flows"],"flowType":"PRODUCT_FLOW","location":"RNA","refUnit":"MJ"},"unit":{"@type":"Unit","@id":"52765a6c-3896-43c2-b2f4-c679acf13efe","name":"MJ"},"flowProperty":{"@type":"FlowProperty","@id":"f6811440-ee37-11de-8a39-0800200c9a66","name":"Energy","categoryPath":["Technical flow properties"]}},{"@type":"Exchange","avoidedProduct":false,"input":false,"amount":15000.0,"internalId":6,"flow":{"@type":"Flow","@id":"0a61808a-df04-3ec0-8c2b-93d4f5cf9fbf","name":"Distillers dried grains with solubles, 2022","categoryPath":["Chemical Manufacturing","Ethyl alcohol manufacturing"],"flowType":"PRODUCT_FLOW","location":"RNA","refUnit":"kg"},"unit":{"@type":"Unit","@id":"20aadc24-a391-41cf-b340-3e4529f44bde","name":"kg"},"flowProperty":{"@type":"FlowProperty","@id":"93a60a56-a3c8-11da-a746-0800200b9a66","name":"Mass","categoryPath":["Technical flow properties"]}},{"@type":"Exchange","avoidedProduct":false,"input":true,"amount":219.0,"description":"Integrated Biogas Energy System. Natural gas makes up balance of energy. From Mueller (2007). Multiplied by efficiency of 0.9 used in Ecoinvent.","internalId":24,"flow":{"@type":"Flow","@id":"bb1dc159-fe13-3f8e-8197-361e8c770ba3","name":"Natural gas, combusted in industrial boiler","categoryPath":["Utilities","Steam and Air-Conditioning Supply"],"flowType":"PRODUCT_FLOW","location":"RNA","refUnit":"m3"},"unit":{"@type":"Unit","@id":"1c3a9695-398d-4b1f-b07e-a8715b610f70","name":"m3"},"flowProperty":{"@type":"FlowProperty","@id":"93a60a56-a3c8-22da-a746-0800200c9a66","name":"Volume","categoryPath":["Technical flow properties"]}},{"@type":"Exchange","avoidedProduct":false,"input":true,"amount":39.7,"description":"Integrated Biogas Energy System. From Mueller (2007).","internalId":16,"flow":{"@type":"Flow","@id":"06581fb2-1de0-3e78-8298-f37605dea142","name":"Electricity, at grid, US, 2008","categoryPath":["Utilities","Fossil Fuel Electric Power Generation"],"flowType":"PRODUCT_FLOW","location":"RNA","refUnit":"MJ"},"unit":{"@type":"Unit","@id":"52765a6c-3896-43c2-b2f4-c679acf13efe","name":"MJ"},"flowProperty":{"@type":"FlowProperty","@id":"f6811440-ee37-11de-8a39-0800200c9a66","name":"Energy","categoryPath":["Technical flow properties"]}},{"@type":"Exchange","avoidedProduct":false,"input":false,"amount":-50.6,"description":"Reduced CH4 emissions from animals because of use of DDGS feed","internalId":5,"flow":{"@type":"Flow","@id":"c34b0387-3e0e-3443-aa95-da82f0bdca12","name":"Methane, biogenic","categoryPath":["Elementary flows"],"flowType":"ELEMENTARY_FLOW","refUnit":"kg"},"unit":{"@type":"Unit","@id":"20aadc24-a391-41cf-b340-3e4529f44bde","name":"kg"},"flowProperty":{"@type":"FlowProperty","@id":"93a60a56-a3c8-11da-a746-0800200b9a66","name":"Mass","categoryPath":["Technical flow properties"]}},{"@type":"Exchange","avoidedProduct":false,"input":true,"amount":32.0,"internalId":21,"flow":{"@type":"Flow","@id":"00b5c8b4-682d-3000-a2df-246e333f6344","name":"Enzyme, Alpha-amylase, Novozyme Liquozyme","categoryPath":["Chemical Manufacturing","All Other Basic Organic Chemical Manufacturing"],"flowType":"PRODUCT_FLOW","location":"RER","refUnit":"kg"},"unit":{"@type":"Unit","@id":"20aadc24-a391-41cf-b340-3e4529f44bde","name":"kg"},"flowProperty":{"@type":"FlowProperty","@id":"93a60a56-a3c8-11da-a746-0800200b9a66","name":"Mass","categoryPath":["Technical flow properties"]}},{"@type":"Exchange","avoidedProduct":false,"input":false,"amount":22000.0,"description":"calculated by difference for biogenic carbon. contribution from DDGS \u003d CO2 in corn - CO2 out in conversion plan - CO2 in fuel","internalId":2,"flow":{"@type":"Flow","@id":"71b0c9e8-35a3-37f1-b606-7539a9eaea99","name":"Carbon dioxide, biogenic","categoryPath":["air","unspecified"],"flowType":"ELEMENTARY_FLOW","refUnit":"kg"},"unit":{"@type":"Unit","@id":"20aadc24-a391-41cf-b340-3e4529f44bde","name":"kg"},"flowProperty":{"@type":"FlowProperty","@id":"93a60a56-a3c8-11da-a746-0800200b9a66","name":"Mass","categoryPath":["Technical flow properties"]}}],"allocationFactors":[{"@type":"AllocationFactor","allocationType":"CAUSAL_ALLOCATION","exchange":{"@type":"Exchange","internalId":24,"flow":{"@type":"Flow","@id":"bb1dc159-fe13-3f8e-8197-361e8c770ba3","name":"Natural gas, combusted in industrial boiler","categoryPath":["Utilities","Steam and Air-Conditioning Supply"],"flowType":"PRODUCT_FLOW","location":"RNA","refUnit":"m3"}},"product":{"@type":"Flow","@id":"0a61808a-df04-3ec0-8c2b-93d4f5cf9fbf","name":"Distillers dried grains with solubles, 2022","categoryPath":["Chemical Manufacturing","Ethyl alcohol manufacturing"],"flowType":"PRODUCT_FLOW","location":"RNA","refUnit":"kg"},"value":0.0},{"@type":"AllocationFactor","allocationType":"CAUSAL_ALLOCATION","exchange":{"@type":"Exchange","internalId":5,"flow":{"@type":"Flow","@id":"c34b0387-3e0e-3443-aa95-da82f0bdca12","name":"Methane, biogenic","categoryPath":["Elementary flows"],"flowType":"ELEMENTARY_FLOW","refUnit":"kg"}},"product":{"@type":"Flow","@id":"f4364ab6-cb8c-3b5c-a9d7-dfe57ac7bceb","name":"Ethanol, denatured, corn dry mill","categoryPath":["Chemical Manufacturing","Ethyl alcohol manufacturing"],"flowType":"PRODUCT_FLOW","location":"RNA","refUnit":"kg"},"value":1.0},{"@type":"AllocationFactor","allocationType":"CAUSAL_ALLOCATION","exchange":{"@type":"Exchange","internalId":9,"flow":{"@type":"Flow","@id":"da720825-692e-3807-b153-40271247a93f","name":"Ethanol","categoryPath":["air","unspecified"],"flowType":"ELEMENTARY_FLOW","refUnit":"kg"}},"product":{"@type":"Flow","@id":"f4364ab6-cb8c-3b5c-a9d7-dfe57ac7bceb","name":"Ethanol, denatured, corn dry mill","categoryPath":["Chemical Manufacturing","Ethyl alcohol manufacturing"],"flowType":"PRODUCT_FLOW","location":"RNA","refUnit":"kg"},"value":1.0},{"@type":"AllocationFactor","allocationType":"CAUSAL_ALLOCATION","exchange":{"@type":"Exchange","internalId":31,"flow":{"@type":"Flow","@id":"ef92f640-ee9a-3199-8961-1decb41e875e","name":"CUTOFF Ethanol fermentation plant","categoryPath":["CUTOFF Flows"],"flowType":"PRODUCT_FLOW","location":"RNA","refUnit":"Item(s)"}},"product":{"@type":"Flow","@id":"0a61808a-df04-3ec0-8c2b-93d4f5cf9fbf","name":"Distillers dried grains with solubles, 2022","categoryPath":["Chemical Manufacturing","Ethyl alcohol manufacturing"],"flowType":"PRODUCT_FLOW","location":"RNA","refUnit":"kg"},"value":0.0},{"@type":"AllocationFactor","allocationType":"PHYSICAL_ALLOCATION","product":{"@type":"Flow","@id":"f4364ab6-cb8c-3b5c-a9d7-dfe57ac7bceb","name":"Ethanol, denatured, corn dry mill","categoryPath":["Chemical Manufacturing","Ethyl alcohol manufacturing"],"flowType":"PRODUCT_FLOW","location":"RNA","refUnit":"kg"},"value":1.0},{"@type":"AllocationFactor","allocationType":"CAUSAL_ALLOCATION","exchange":{"@type":"Exchange","internalId":3,"flow":{"@type":"Flow","@id":"ed544201-b6df-3d3e-babf-47f018ca2637","name":"Water","categoryPath":["Elementary flows"],"flowType":"ELEMENTARY_FLOW","refUnit":"kg"}},"product":{"@type":"Flow","@id":"f4364ab6-cb8c-3b5c-a9d7-dfe57ac7bceb","name":"Ethanol, denatured, corn dry mill","categoryPath":["Chemical Manufacturing","Ethyl alcohol manufacturing"],"flowType":"PRODUCT_FLOW","location":"RNA","refUnit":"kg"},"value":1.0},{"@type":"AllocationFactor","allocationType":"CAUSAL_ALLOCATION","exchange":{"@type":"Exchange","internalId":26,"flow":{"@type":"Flow","@id":"f670bb2d-c28a-3a08-9b9c-cc50bca5d126","name":"CUTOFF Energy, output","categoryPath":["CUTOFF Flows"],"flowType":"PRODUCT_FLOW","location":"RNA","refUnit":"MJ"}},"product":{"@type":"Flow","@id":"0a61808a-df04-3ec0-8c2b-93d4f5cf9fbf","name":"Distillers dried grains with solubles, 2022","categoryPath":["Chemical Manufacturing","Ethyl alcohol manufacturing"],"flowType":"PRODUCT_FLOW","location":"RNA","refUnit":"kg"},"value":0.0},{"@type":"AllocationFactor","allocationType":"CAUSAL_ALLOCATION","exchange":{"@type":"Exchange","internalId":27,"flow":{"@type":"Flow","@id":"7a56cc9f-09dd-36e5-b91b-ce7a88f3423d","name":"Water, cooling, unspecified natural origin/kg","categoryPath":["resource","in ground"],"flowType":"ELEMENTARY_FLOW","refUnit":"kg"}},"product":{"@type":"Flow","@id":"f4364ab6-cb8c-3b5c-a9d7-dfe57ac7bceb","name":"Ethanol, denatured, corn dry mill","categoryPath":["Chemical Manufacturing","Ethyl alcohol manufacturing"],"flowType":"PRODUCT_FLOW","location":"RNA","refUnit":"kg"},"value":1.0},{"@type":"AllocationFactor","allocationType":"CAUSAL_ALLOCATION","exchange":{"@type":"Exchange","internalId":31,"flow":{"@type":"Flow","@id":"ef92f640-ee9a-3199-8961-1decb41e875e","name":"CUTOFF Ethanol fermentation plant","categoryPath":["CUTOFF Flows"],"flowType":"PRODUCT_FLOW","location":"RNA","refUnit":"Item(s)"}},"product":{"@type":"Flow","@id":"f4364ab6-cb8c-3b5c-a9d7-dfe57ac7bceb","name":"Ethanol, denatured, corn dry mill","categoryPath":["Chemical Manufacturing","Ethyl alcohol manufacturing"],"flowType":"PRODUCT_FLOW","location":"RNA","refUnit":"kg"},"value":1.0},{"@type":"AllocationFactor","allocationType":"CAUSAL_ALLOCATION","exchange":{"@type":"Exchange","internalId":23,"flow":{"@type":"Flow","@id":"bf2b1e5a-4c92-3974-a2fd-a68898833086","name":"Sodium hydroxide, production mix, at plant","categoryPath":["Chemical Manufacturing","All Other Basic Inorganic Chemical Manufacturing"],"flowType":"PRODUCT_FLOW","location":"US","refUnit":"kg"}},"product":{"@type":"Flow","@id":"f4364ab6-cb8c-3b5c-a9d7-dfe57ac7bceb","name":"Ethanol, denatured, corn dry mill","categoryPath":["Chemical Manufacturing","Ethyl alcohol manufacturing"],"flowType":"PRODUCT_FLOW","location":"RNA","refUnit":"kg"},"value":1.0},{"@type":"AllocationFactor","allocationType":"CAUSAL_ALLOCATION","exchange":{"@type":"Exchange","internalId":11,"flow":{"@type":"Flow","@id":"d818c190-7b73-33b1-b0d4-9f4339e3b117","name":"Enzyme, Glucoamylase, Novozyme Spirizyme","categoryPath":["Chemical Manufacturing","All Other Basic Organic Chemical Manufacturing"],"flowType":"PRODUCT_FLOW","location":"RER","refUnit":"kg"}},"product":{"@type":"Flow","@id":"0a61808a-df04-3ec0-8c2b-93d4f5cf9fbf","name":"Distillers dried grains with solubles, 2022","categoryPath":["Chemical Manufacturing","Ethyl alcohol manufacturing"],"flowType":"PRODUCT_FLOW","location":"RNA","refUnit":"kg"},"value":0.0},{"@type":"AllocationFactor","allocationType":"CAUSAL_ALLOCATION","exchange":{"@type":"Exchange","internalId":2,"flow":{"@type":"Flow","@id":"71b0c9e8-35a3-37f1-b606-7539a9eaea99","name":"Carbon dioxide, biogenic","categoryPath":["air","unspecified"],"flowType":"ELEMENTARY_FLOW","refUnit":"kg"}},"product":{"@type":"Flow","@id":"0a61808a-df04-3ec0-8c2b-93d4f5cf9fbf","name":"Distillers dried grains with solubles, 2022","categoryPath":["Chemical Manufacturing","Ethyl alcohol manufacturing"],"flowType":"PRODUCT_FLOW","location":"RNA","refUnit":"kg"},"value":0.0},{"@type":"AllocationFactor","allocationType":"CAUSAL_ALLOCATION","exchange":{"@type":"Exchange","internalId":25,"flow":{"@type":"Flow","@id":"b15b4f72-fc9c-3a44-8cf9-db4f3aed810b","name":"Water, process, unspecified natural origin/kg","categoryPath":["resource","in ground"],"flowType":"ELEMENTARY_FLOW","refUnit":"kg"}},"product":{"@type":"Flow","@id":"f4364ab6-cb8c-3b5c-a9d7-dfe57ac7bceb","name":"Ethanol, denatured, corn dry mill","categoryPath":["Chemical Manufacturing","Ethyl alcohol manufacturing"],"flowType":"PRODUCT_FLOW","location":"RNA","refUnit":"kg"},"value":1.0},{"@type":"AllocationFactor","allocationType":"CAUSAL_ALLOCATION","exchange":{"@type":"Exchange","internalId":15,"flow":{"@type":"Flow","@id":"382e1e84-36d0-31b8-88b4-5ceaf7c46106","name":"CUTOFF Yeast paste, from whey, at fermentation","categoryPath":["CUTOFF Flows"],"flowType":"PRODUCT_FLOW","location":"RNA","refUnit":"kg"}},"product":{"@type":"Flow","@id":"f4364ab6-cb8c-3b5c-a9d7-dfe57ac7bceb","name":"Ethanol, denatured, corn dry mill","categoryPath":["Chemical Manufacturing","Ethyl alcohol manufacturing"],"flowType":"PRODUCT_FLOW","location":"RNA","refUnit":"kg"},"value":1.0},{"@type":"AllocationFactor","allocationType":"CAUSAL_ALLOCATION","exchange":{"@type":"Exchange","internalId":17,"flow":{"@type":"Flow","@id":"6bc5c787-fc86-34de-9b44-d9f693c21c0f","name":"CUTOFF Sulphuric acid, liquid, at plant","categoryPath":["CUTOFF Flows"],"flowType":"PRODUCT_FLOW","location":"RNA","refUnit":"kg"}},"product":{"@type":"Flow","@id":"f4364ab6-cb8c-3b5c-a9d7-dfe57ac7bceb","name":"Ethanol, denatured, corn dry mill","categoryPath":["Chemical Manufacturing","Ethyl alcohol manufacturing"],"flowType":"PRODUCT_FLOW","location":"RNA","refUnit":"kg"},"value":1.0},{"@type":"AllocationFactor","allocationType":"CAUSAL_ALLOCATION","exchange":{"@type":"Exchange","internalId":22,"flow":{"@type":"Flow","@id":"45f1fd00-2093-3e05-9b41-e942b9e8cec9","name":"Nitrogen fertilizer, production mix, at plant","categoryPath":["Chemical Manufacturing","Nitrogenous Fertilizer Manufacturing"],"flowType":"PRODUCT_FLOW","location":"RNA","refUnit":"kg"}},"product":{"@type":"Flow","@id":"f4364ab6-cb8c-3b5c-a9d7-dfe57ac7bceb","name":"Ethanol, denatured, corn dry mill","categoryPath":["Chemical Manufacturing","Ethyl alcohol manufacturing"],"flowType":"PRODUCT_FLOW","location":"RNA","refUnit":"kg"},"value":1.0},{"@type":"AllocationFactor","allocationType":"CAUSAL_ALLOCATION","exchange":{"@type":"Exchange","internalId":30,"flow":{"@type":"Flow","@id":"510d2c9a-5542-30fb-b8e6-2d9460fe055c","name":"Corn grain, harvested and stored","categoryPath":["Crop Production","Corn Farming"],"flowType":"PRODUCT_FLOW","location":"RNA","refUnit":"kg"}},"product":{"@type":"Flow","@id":"f4364ab6-cb8c-3b5c-a9d7-dfe57ac7bceb","name":"Ethanol, denatured, corn dry mill","categoryPath":["Chemical Manufacturing","Ethyl alcohol manufacturing"],"flowType":"PRODUCT_FLOW","location":"RNA","refUnit":"kg"},"value":1.0},{"@type":"AllocationFactor","allocationType":"CAUSAL_ALLOCATION","exchange":{"@type":"Exchange","internalId":2,"flow":{"@type":"Flow","@id":"71b0c9e8-35a3-37f1-b606-7539a9eaea99","name":"Carbon dioxide, biogenic","categoryPath":["air","unspecified"],"flowType":"ELEMENTARY_FLOW","refUnit":"kg"}},"product":{"@type":"Flow","@id":"f4364ab6-cb8c-3b5c-a9d7-dfe57ac7bceb","name":"Ethanol, denatured, corn dry mill","categoryPath":["Chemical Manufacturing","Ethyl alcohol manufacturing"],"flowType":"PRODUCT_FLOW","location":"RNA","refUnit":"kg"},"value":1.0},{"@type":"AllocationFactor","allocationType":"CAUSAL_ALLOCATION","exchange":{"@type":"Exchange","internalId":8,"flow":{"@type":"Flow","@id":"2766f5e7-9d42-36cb-8a03-11aa4f7ecd3a","name":"Corn grain, at conversion plant, 2022","categoryPath":["Crop Production","Biomass"],"flowType":"PRODUCT_FLOW","location":"RNA","refUnit":"kg"}},"product":{"@type":"Flow","@id":"f4364ab6-cb8c-3b5c-a9d7-dfe57ac7bceb","name":"Ethanol, denatured, corn dry mill","categoryPath":["Chemical Manufacturing","Ethyl alcohol manufacturing"],"flowType":"PRODUCT_FLOW","location":"RNA","refUnit":"kg"},"value":1.0},{"@type":"AllocationFactor","allocationType":"CAUSAL_ALLOCATION","exchange":{"@type":"Exchange","internalId":24,"flow":{"@type":"Flow","@id":"bb1dc159-fe13-3f8e-8197-361e8c770ba3","name":"Natural gas, combusted in industrial boiler","categoryPath":["Utilities","Steam and Air-Conditioning Supply"],"flowType":"PRODUCT_FLOW","location":"RNA","refUnit":"m3"}},"product":{"@type":"Flow","@id":"f4364ab6-cb8c-3b5c-a9d7-dfe57ac7bceb","name":"Ethanol, denatured, corn dry mill","categoryPath":["Chemical Manufacturing","Ethyl alcohol manufacturing"],"flowType":"PRODUCT_FLOW","location":"RNA","refUnit":"kg"},"value":1.0},{"@type":"AllocationFactor","allocationType":"CAUSAL_ALLOCATION","exchange":{"@type":"Exchange","internalId":28,"flow":{"@type":"Flow","@id":"d6bfc1d8-069b-3604-9685-9ed45c6dfce4","name":"Corn wet milling, operations, AP-42","categoryPath":["Chemical Manufacturing","All Other Basic Organic Chemical Manufacturing"],"flowType":"PRODUCT_FLOW","location":"RNA","refUnit":"kg"}},"product":{"@type":"Flow","@id":"0a61808a-df04-3ec0-8c2b-93d4f5cf9fbf","name":"Distillers dried grains with solubles, 2022","categoryPath":["Chemical Manufacturing","Ethyl alcohol manufacturing"],"flowType":"PRODUCT_FLOW","location":"RNA","refUnit":"kg"},"value":0.0},{"@type":"AllocationFactor","allocationType":"CAUSAL_ALLOCATION","exchange":{"@type":"Exchange","internalId":23,"flow":{"@type":"Flow","@id":"bf2b1e5a-4c92-3974-a2fd-a68898833086","name":"Sodium hydroxide, production mix, at plant","categoryPath":["Chemical Manufacturing","All Other Basic Inorganic Chemical Manufacturing"],"flowType":"PRODUCT_FLOW","location":"US","refUnit":"kg"}},"product":{"@type":"Flow","@id":"0a61808a-df04-3ec0-8c2b-93d4f5cf9fbf","name":"Distillers dried grains with solubles, 2022","categoryPath":["Chemical Manufacturing","Ethyl alcohol manufacturing"],"flowType":"PRODUCT_FLOW","location":"RNA","refUnit":"kg"},"value":0.0},{"@type":"AllocationFactor","allocationType":"CAUSAL_ALLOCATION","exchange":{"@type":"Exchange","internalId":3,"flow":{"@type":"Flow","@id":"ed544201-b6df-3d3e-babf-47f018ca2637","name":"Water","categoryPath":["Elementary flows"],"flowType":"ELEMENTARY_FLOW","refUnit":"kg"}},"product":{"@type":"Flow","@id":"0a61808a-df04-3ec0-8c2b-93d4f5cf9fbf","name":"Distillers dried grains with solubles, 2022","categoryPath":["Chemical Manufacturing","Ethyl alcohol manufacturing"],"flowType":"PRODUCT_FLOW","location":"RNA","refUnit":"kg"},"value":0.0},{"@type":"AllocationFactor","allocationType":"PHYSICAL_ALLOCATION","product":{"@type":"Flow","@id":"0a61808a-df04-3ec0-8c2b-93d4f5cf9fbf","name":"Distillers dried grains with solubles, 2022","categoryPath":["Chemical Manufacturing","Ethyl alcohol manufacturing"],"flowType":"PRODUCT_FLOW","location":"RNA","refUnit":"kg"},"value":0.0},{"@type":"AllocationFactor","allocationType":"CAUSAL_ALLOCATION","exchange":{"@type":"Exchange","internalId":5,"flow":{"@type":"Flow","@id":"c34b0387-3e0e-3443-aa95-da82f0bdca12","name":"Methane, biogenic","categoryPath":["Elementary flows"],"flowType":"ELEMENTARY_FLOW","refUnit":"kg"}},"product":{"@type":"Flow","@id":"0a61808a-df04-3ec0-8c2b-93d4f5cf9fbf","name":"Distillers dried grains with solubles, 2022","categoryPath":["Chemical Manufacturing","Ethyl alcohol manufacturing"],"flowType":"PRODUCT_FLOW","location":"RNA","refUnit":"kg"},"value":0.0},{"@type":"AllocationFactor","allocationType":"CAUSAL_ALLOCATION","exchange":{"@type":"Exchange","internalId":18,"flow":{"@type":"Flow","@id":"421046b3-9d5d-3bc3-8ade-fd2834168be2","name":"Water, unspecified natural origin/kg","categoryPath":["resource","in ground"],"flowType":"ELEMENTARY_FLOW","refUnit":"kg"}},"product":{"@type":"Flow","@id":"f4364ab6-cb8c-3b5c-a9d7-dfe57ac7bceb","name":"Ethanol, denatured, corn dry mill","categoryPath":["Chemical Manufacturing","Ethyl alcohol manufacturing"],"flowType":"PRODUCT_FLOW","location":"RNA","refUnit":"kg"},"value":1.0},{"@type":"AllocationFactor","allocationType":"CAUSAL_ALLOCATION","exchange":{"@type":"Exchange","internalId":4,"flow":{"@type":"Flow","@id":"39fa5db7-4bae-36f9-ae67-e2ccd67c318a","name":"CUTOFF Heat, at cogen with ignition biogas engine, allocation exergy","categoryPath":["CUTOFF Flows"],"flowType":"PRODUCT_FLOW","location":"RNA","refUnit":"MJ"}},"product":{"@type":"Flow","@id":"0a61808a-df04-3ec0-8c2b-93d4f5cf9fbf","name":"Distillers dried grains with solubles, 2022","categoryPath":["Chemical Manufacturing","Ethyl alcohol manufacturing"],"flowType":"PRODUCT_FLOW","location":"RNA","refUnit":"kg"},"value":0.0},{"@type":"AllocationFactor","allocationType":"CAUSAL_ALLOCATION","exchange":{"@type":"Exchange","internalId":26,"flow":{"@type":"Flow","@id":"f670bb2d-c28a-3a08-9b9c-cc50bca5d126","name":"CUTOFF Energy, output","categoryPath":["CUTOFF Flows"],"flowType":"PRODUCT_FLOW","location":"RNA","refUnit":"MJ"}},"product":{"@type":"Flow","@id":"f4364ab6-cb8c-3b5c-a9d7-dfe57ac7bceb","name":"Ethanol, denatured, corn dry mill","categoryPath":["Chemical Manufacturing","Ethyl alcohol manufacturing"],"flowType":"PRODUCT_FLOW","location":"RNA","refUnit":"kg"},"value":1.0},{"@type":"AllocationFactor","allocationType":"ECONOMIC_ALLOCATION","product":{"@type":"Flow","@id":"0a61808a-df04-3ec0-8c2b-93d4f5cf9fbf","name":"Distillers dried grains with solubles, 2022","categoryPath":["Chemical Manufacturing","Ethyl alcohol manufacturing"],"flowType":"PRODUCT_FLOW","location":"RNA","refUnit":"kg"},"value":0.0},{"@type":"AllocationFactor","allocationType":"CAUSAL_ALLOCATION","exchange":{"@type":"Exchange","internalId":29,"flow":{"@type":"Flow","@id":"eb6394c1-0d19-3be3-99ab-ec572dec9926","name":"Lignite coal, combusted in industrial boiler","categoryPath":["Utilities","Steam and Air-Conditioning Supply"],"flowType":"PRODUCT_FLOW","location":"RNA","refUnit":"kg"}},"product":{"@type":"Flow","@id":"0a61808a-df04-3ec0-8c2b-93d4f5cf9fbf","name":"Distillers dried grains with solubles, 2022","categoryPath":["Chemical Manufacturing","Ethyl alcohol manufacturing"],"flowType":"PRODUCT_FLOW","location":"RNA","refUnit":"kg"},"value":0.0},{"@type":"AllocationFactor","allocationType":"CAUSAL_ALLOCATION","exchange":{"@type":"Exchange","internalId":14,"flow":{"@type":"Flow","@id":"b70528a4-85c8-3da6-9e86-d6399c94a9b8","name":"CUTOFF Treatment,maize starch production effluent,to wastewater treatment,class2","categoryPath":["CUTOFF Flows"],"flowType":"PRODUCT_FLOW","location":"RNA","refUnit":"m3"}},"product":{"@type":"Flow","@id":"f4364ab6-cb8c-3b5c-a9d7-dfe57ac7bceb","name":"Ethanol, denatured, corn dry mill","categoryPath":["Chemical Manufacturing","Ethyl alcohol manufacturing"],"flowType":"PRODUCT_FLOW","location":"RNA","refUnit":"kg"},"value":1.0},{"@type":"AllocationFactor","allocationType":"CAUSAL_ALLOCATION","exchange":{"@type":"Exchange","internalId":12,"flow":{"@type":"Flow","@id":"28b025c1-5897-3e01-8aa2-166cd2c9f86d","name":"Corn wet mill, gluten drying, AP-42","categoryPath":["Chemical Manufacturing","All Other Basic Organic Chemical Manufacturing"],"flowType":"PRODUCT_FLOW","location":"RNA","refUnit":"kg"}},"product":{"@type":"Flow","@id":"0a61808a-df04-3ec0-8c2b-93d4f5cf9fbf","name":"Distillers dried grains with solubles, 2022","categoryPath":["Chemical Manufacturing","Ethyl alcohol manufacturing"],"flowType":"PRODUCT_FLOW","location":"RNA","refUnit":"kg"},"value":0.0},{"@type":"AllocationFactor","allocationType":"CAUSAL_ALLOCATION","exchange":{"@type":"Exchange","internalId":10,"flow":{"@type":"Flow","@id":"54fb7648-dbd1-316c-a959-2112b70e3f30","name":"CUTOFF Disposal, inert waste, 5% water, to inert material landfill","categoryPath":["CUTOFF Flows"],"flowType":"PRODUCT_FLOW","location":"RNA","refUnit":"kg"}},"product":{"@type":"Flow","@id":"0a61808a-df04-3ec0-8c2b-93d4f5cf9fbf","name":"Distillers dried grains with solubles, 2022","categoryPath":["Chemical Manufacturing","Ethyl alcohol manufacturing"],"flowType":"PRODUCT_FLOW","location":"RNA","refUnit":"kg"},"value":0.0},{"@type":"AllocationFactor","allocationType":"CAUSAL_ALLOCATION","exchange":{"@type":"Exchange","internalId":30,"flow":{"@type":"Flow","@id":"510d2c9a-5542-30fb-b8e6-2d9460fe055c","name":"Corn grain, harvested and stored","categoryPath":["Crop Production","Corn Farming"],"flowType":"PRODUCT_FLOW","location":"RNA","refUnit":"kg"}},"product":{"@type":"Flow","@id":"0a61808a-df04-3ec0-8c2b-93d4f5cf9fbf","name":"Distillers dried grains with solubles, 2022","categoryPath":["Chemical Manufacturing","Ethyl alcohol manufacturing"],"flowType":"PRODUCT_FLOW","location":"RNA","refUnit":"kg"},"value":0.0},{"@type":"AllocationFactor","allocationType":"CAUSAL_ALLOCATION","exchange":{"@type":"Exchange","internalId":27,"flow":{"@type":"Flow","@id":"7a56cc9f-09dd-36e5-b91b-ce7a88f3423d","name":"Water, cooling, unspecified natural origin/kg","categoryPath":["resource","in ground"],"flowType":"ELEMENTARY_FLOW","refUnit":"kg"}},"product":{"@type":"Flow","@id":"0a61808a-df04-3ec0-8c2b-93d4f5cf9fbf","name":"Distillers dried grains with solubles, 2022","categoryPath":["Chemical Manufacturing","Ethyl alcohol manufacturing"],"flowType":"PRODUCT_FLOW","location":"RNA","refUnit":"kg"},"value":0.0},{"@type":"AllocationFactor","allocationType":"CAUSAL_ALLOCATION","exchange":{"@type":"Exchange","internalId":18,"flow":{"@type":"Flow","@id":"421046b3-9d5d-3bc3-8ade-fd2834168be2","name":"Water, unspecified natural origin/kg","categoryPath":["resource","in ground"],"flowType":"ELEMENTARY_FLOW","refUnit":"kg"}},"product":{"@type":"Flow","@id":"0a61808a-df04-3ec0-8c2b-93d4f5cf9fbf","name":"Distillers dried grains with solubles, 2022","categoryPath":["Chemical Manufacturing","Ethyl alcohol manufacturing"],"flowType":"PRODUCT_FLOW","location":"RNA","refUnit":"kg"},"value":0.0},{"@type":"AllocationFactor","allocationType":"CAUSAL_ALLOCATION","exchange":{"@type":"Exchange","internalId":21,"flow":{"@type":"Flow","@id":"00b5c8b4-682d-3000-a2df-246e333f6344","name":"Enzyme, Alpha-amylase, Novozyme Liquozyme","categoryPath":["Chemical Manufacturing","All Other Basic Organic Chemical Manufacturing"],"flowType":"PRODUCT_FLOW","location":"RER","refUnit":"kg"}},"product":{"@type":"Flow","@id":"0a61808a-df04-3ec0-8c2b-93d4f5cf9fbf","name":"Distillers dried grains with solubles, 2022","categoryPath":["Chemical Manufacturing","Ethyl alcohol manufacturing"],"flowType":"PRODUCT_FLOW","location":"RNA","refUnit":"kg"},"value":0.0},{"@type":"AllocationFactor","allocationType":"CAUSAL_ALLOCATION","exchange":{"@type":"Exchange","internalId":19,"flow":{"@type":"Flow","@id":"0e44e579-abb0-3c77-af64-c774d65be529","name":"Gasoline, at refinery","categoryPath":["Petroleum and Coal Products Manufacturing","Petroleum Refineries"],"flowType":"PRODUCT_FLOW","refUnit":"m3"}},"product":{"@type":"Flow","@id":"0a61808a-df04-3ec0-8c2b-93d4f5cf9fbf","name":"Distillers dried grains with solubles, 2022","categoryPath":["Chemical Manufacturing","Ethyl alcohol manufacturing"],"flowType":"PRODUCT_FLOW","location":"RNA","refUnit":"kg"},"value":0.0},{"@type":"AllocationFactor","allocationType":"CAUSAL_ALLOCATION","exchange":{"@type":"Exchange","internalId":28,"flow":{"@type":"Flow","@id":"d6bfc1d8-069b-3604-9685-9ed45c6dfce4","name":"Corn wet milling, operations, AP-42","categoryPath":["Chemical Manufacturing","All Other Basic Organic Chemical Manufacturing"],"flowType":"PRODUCT_FLOW","location":"RNA","refUnit":"kg"}},"product":{"@type":"Flow","@id":"f4364ab6-cb8c-3b5c-a9d7-dfe57ac7bceb","name":"Ethanol, denatured, corn dry mill","categoryPath":["Chemical Manufacturing","Ethyl alcohol manufacturing"],"flowType":"PRODUCT_FLOW","location":"RNA","refUnit":"kg"},"value":1.0},{"@type":"AllocationFactor","allocationType":"CAUSAL_ALLOCATION","exchange":{"@type":"Exchange","internalId":11,"flow":{"@type":"Flow","@id":"d818c190-7b73-33b1-b0d4-9f4339e3b117","name":"Enzyme, Glucoamylase, Novozyme Spirizyme","categoryPath":["Chemical Manufacturing","All Other Basic Organic Chemical Manufacturing"],"flowType":"PRODUCT_FLOW","location":"RER","refUnit":"kg"}},"product":{"@type":"Flow","@id":"f4364ab6-cb8c-3b5c-a9d7-dfe57ac7bceb","name":"Ethanol, denatured, corn dry mill","categoryPath":["Chemical Manufacturing","Ethyl alcohol manufacturing"],"flowType":"PRODUCT_FLOW","location":"RNA","refUnit":"kg"},"value":1.0},{"@type":"AllocationFactor","allocationType":"CAUSAL_ALLOCATION","exchange":{"@type":"Exchange","internalId":16,"flow":{"@type":"Flow","@id":"06581fb2-1de0-3e78-8298-f37605dea142","name":"Electricity, at grid, US, 2008","categoryPath":["Utilities","Fossil Fuel Electric Power Generation"],"flowType":"PRODUCT_FLOW","location":"RNA","refUnit":"MJ"}},"product":{"@type":"Flow","@id":"f4364ab6-cb8c-3b5c-a9d7-dfe57ac7bceb","name":"Ethanol, denatured, corn dry mill","categoryPath":["Chemical Manufacturing","Ethyl alcohol manufacturing"],"flowType":"PRODUCT_FLOW","location":"RNA","refUnit":"kg"},"value":1.0},{"@type":"AllocationFactor","allocationType":"CAUSAL_ALLOCATION","exchange":{"@type":"Exchange","internalId":9,"flow":{"@type":"Flow","@id":"da720825-692e-3807-b153-40271247a93f","name":"Ethanol","categoryPath":["air","unspecified"],"flowType":"ELEMENTARY_FLOW","refUnit":"kg"}},"product":{"@type":"Flow","@id":"0a61808a-df04-3ec0-8c2b-93d4f5cf9fbf","name":"Distillers dried grains with solubles, 2022","categoryPath":["Chemical Manufacturing","Ethyl alcohol manufacturing"],"flowType":"PRODUCT_FLOW","location":"RNA","refUnit":"kg"},"value":0.0},{"@type":"AllocationFactor","allocationType":"CAUSAL_ALLOCATION","exchange":{"@type":"Exchange","internalId":20,"flow":{"@type":"Flow","@id":"c34c4451-297f-3b5c-a15f-2c16cdb52ad9","name":"Quicklime, at plant","categoryPath":["Nonmetallic Mineral Product Manufacturing","Lime Manufacturing"],"flowType":"PRODUCT_FLOW","location":"RNA","refUnit":"kg"}},"product":{"@type":"Flow","@id":"0a61808a-df04-3ec0-8c2b-93d4f5cf9fbf","name":"Distillers dried grains with solubles, 2022","categoryPath":["Chemical Manufacturing","Ethyl alcohol manufacturing"],"flowType":"PRODUCT_FLOW","location":"RNA","refUnit":"kg"},"value":0.0},{"@type":"AllocationFactor","allocationType":"CAUSAL_ALLOCATION","exchange":{"@type":"Exchange","internalId":22,"flow":{"@type":"Flow","@id":"45f1fd00-2093-3e05-9b41-e942b9e8cec9","name":"Nitrogen fertilizer, production mix, at plant","categoryPath":["Chemical Manufacturing","Nitrogenous Fertilizer Manufacturing"],"flowType":"PRODUCT_FLOW","location":"RNA","refUnit":"kg"}},"product":{"@type":"Flow","@id":"0a61808a-df04-3ec0-8c2b-93d4f5cf9fbf","name":"Distillers dried grains with solubles, 2022","categoryPath":["Chemical Manufacturing","Ethyl alcohol manufacturing"],"flowType":"PRODUCT_FLOW","location":"RNA","refUnit":"kg"},"value":0.0},{"@type":"AllocationFactor","allocationType":"CAUSAL_ALLOCATION","exchange":{"@type":"Exchange","internalId":7,"flow":{"@type":"Flow","@id":"263fb8d0-8df5-3cee-834b-b7e2de1dac4a","name":"Soy meal, at plant","categoryPath":["Chemical Manufacturing","All Other Basic Organic Chemical Manufacturing"],"flowType":"PRODUCT_FLOW","location":"RNA","refUnit":"kg"}},"product":{"@type":"Flow","@id":"f4364ab6-cb8c-3b5c-a9d7-dfe57ac7bceb","name":"Ethanol, denatured, corn dry mill","categoryPath":["Chemical Manufacturing","Ethyl alcohol manufacturing"],"flowType":"PRODUCT_FLOW","location":"RNA","refUnit":"kg"},"value":1.0},{"@type":"AllocationFactor","allocationType":"CAUSAL_ALLOCATION","exchange":{"@type":"Exchange","internalId":7,"flow":{"@type":"Flow","@id":"263fb8d0-8df5-3cee-834b-b7e2de1dac4a","name":"Soy meal, at plant","categoryPath":["Chemical Manufacturing","All Other Basic Organic Chemical Manufacturing"],"flowType":"PRODUCT_FLOW","location":"RNA","refUnit":"kg"}},"product":{"@type":"Flow","@id":"0a61808a-df04-3ec0-8c2b-93d4f5cf9fbf","name":"Distillers dried grains with solubles, 2022","categoryPath":["Chemical Manufacturing","Ethyl alcohol manufacturing"],"flowType":"PRODUCT_FLOW","location":"RNA","refUnit":"kg"},"value":0.0},{"@type":"AllocationFactor","allocationType":"CAUSAL_ALLOCATION","exchange":{"@type":"Exchange","internalId":16,"flow":{"@type":"Flow","@id":"06581fb2-1de0-3e78-8298-f37605dea142","name":"Electricity, at grid, US, 2008","categoryPath":["Utilities","Fossil Fuel Electric Power Generation"],"flowType":"PRODUCT_FLOW","location":"RNA","refUnit":"MJ"}},"product":{"@type":"Flow","@id":"0a61808a-df04-3ec0-8c2b-93d4f5cf9fbf","name":"Distillers dried grains with solubles, 2022","categoryPath":["Chemical Manufacturing","Ethyl alcohol manufacturing"],"flowType":"PRODUCT_FLOW","location":"RNA","refUnit":"kg"},"value":0.0},{"@type":"AllocationFactor","allocationType":"CAUSAL_ALLOCATION","exchange":{"@type":"Exchange","internalId":13,"flow":{"@type":"Flow","@id":"1a76ed77-b97d-3070-85b7-b1f41906cece","name":"Wood waste, unspecified, combusted in industrial boiler","categoryPath":["Utilities","Steam and Air-Conditioning Supply"],"flowType":"PRODUCT_FLOW","location":"RNA","refUnit":"kg"}},"product":{"@type":"Flow","@id":"0a61808a-df04-3ec0-8c2b-93d4f5cf9fbf","name":"Distillers dried grains with solubles, 2022","categoryPath":["Chemical Manufacturing","Ethyl alcohol manufacturing"],"flowType":"PRODUCT_FLOW","location":"RNA","refUnit":"kg"},"value":0.0},{"@type":"AllocationFactor","allocationType":"CAUSAL_ALLOCATION","exchange":{"@type":"Exchange","internalId":13,"flow":{"@type":"Flow","@id":"1a76ed77-b97d-3070-85b7-b1f41906cece","name":"Wood waste, unspecified, combusted in industrial boiler","categoryPath":["Utilities","Steam and Air-Conditioning Supply"],"flowType":"PRODUCT_FLOW","location":"RNA","refUnit":"kg"}},"product":{"@type":"Flow","@id":"f4364ab6-cb8c-3b5c-a9d7-dfe57ac7bceb","name":"Ethanol, denatured, corn dry mill","categoryPath":["Chemical Manufacturing","Ethyl alcohol manufacturing"],"flowType":"PRODUCT_FLOW","location":"RNA","refUnit":"kg"},"value":1.0},{"@type":"AllocationFactor","allocationType":"CAUSAL_ALLOCATION","exchange":{"@type":"Exchange","internalId":20,"flow":{"@type":"Flow","@id":"c34c4451-297f-3b5c-a15f-2c16cdb52ad9","name":"Quicklime, at plant","categoryPath":["Nonmetallic Mineral Product Manufacturing","Lime Manufacturing"],"flowType":"PRODUCT_FLOW","location":"RNA","refUnit":"kg"}},"product":{"@type":"Flow","@id":"f4364ab6-cb8c-3b5c-a9d7-dfe57ac7bceb","name":"Ethanol, denatured, corn dry mill","categoryPath":["Chemical Manufacturing","Ethyl alcohol manufacturing"],"flowType":"PRODUCT_FLOW","location":"RNA","refUnit":"kg"},"value":1.0},{"@type":"AllocationFactor","allocationType":"CAUSAL_ALLOCATION","exchange":{"@type":"Exchange","internalId":29,"flow":{"@type":"Flow","@id":"eb6394c1-0d19-3be3-99ab-ec572dec9926","name":"Lignite coal, combusted in industrial boiler","categoryPath":["Utilities","Steam and Air-Conditioning Supply"],"flowType":"PRODUCT_FLOW","location":"RNA","refUnit":"kg"}},"product":{"@type":"Flow","@id":"f4364ab6-cb8c-3b5c-a9d7-dfe57ac7bceb","name":"Ethanol, denatured, corn dry mill","categoryPath":["Chemical Manufacturing","Ethyl alcohol manufacturing"],"flowType":"PRODUCT_FLOW","location":"RNA","refUnit":"kg"},"value":1.0},{"@type":"AllocationFactor","allocationType":"CAUSAL_ALLOCATION","exchange":{"@type":"Exchange","internalId":12,"flow":{"@type":"Flow","@id":"28b025c1-5897-3e01-8aa2-166cd2c9f86d","name":"Corn wet mill, gluten drying, AP-42","categoryPath":["Chemical Manufacturing","All Other Basic Organic Chemical Manufacturing"],"flowType":"PRODUCT_FLOW","location":"RNA","refUnit":"kg"}},"product":{"@type":"Flow","@id":"f4364ab6-cb8c-3b5c-a9d7-dfe57ac7bceb","name":"Ethanol, denatured, corn dry mill","categoryPath":["Chemical Manufacturing","Ethyl alcohol manufacturing"],"flowType":"PRODUCT_FLOW","location":"RNA","refUnit":"kg"},"value":1.0},{"@type":"AllocationFactor","allocationType":"CAUSAL_ALLOCATION","exchange":{"@type":"Exchange","internalId":4,"flow":{"@type":"Flow","@id":"39fa5db7-4bae-36f9-ae67-e2ccd67c318a","name":"CUTOFF Heat, at cogen with ignition biogas engine, allocation exergy","categoryPath":["CUTOFF Flows"],"flowType":"PRODUCT_FLOW","location":"RNA","refUnit":"MJ"}},"product":{"@type":"Flow","@id":"f4364ab6-cb8c-3b5c-a9d7-dfe57ac7bceb","name":"Ethanol, denatured, corn dry mill","categoryPath":["Chemical Manufacturing","Ethyl alcohol manufacturing"],"flowType":"PRODUCT_FLOW","location":"RNA","refUnit":"kg"},"value":1.0},{"@type":"AllocationFactor","allocationType":"CAUSAL_ALLOCATION","exchange":{"@type":"Exchange","internalId":25,"flow":{"@type":"Flow","@id":"b15b4f72-fc9c-3a44-8cf9-db4f3aed810b","name":"Water, process, unspecified natural origin/kg","categoryPath":["resource","in ground"],"flowType":"ELEMENTARY_FLOW","refUnit":"kg"}},"product":{"@type":"Flow","@id":"0a61808a-df04-3ec0-8c2b-93d4f5cf9fbf","name":"Distillers dried grains with solubles, 2022","categoryPath":["Chemical Manufacturing","Ethyl alcohol manufacturing"],"flowType":"PRODUCT_FLOW","location":"RNA","refUnit":"kg"},"value":0.0},{"@type":"AllocationFactor","allocationType":"CAUSAL_ALLOCATION","exchange":{"@type":"Exchange","internalId":17,"flow":{"@type":"Flow","@id":"6bc5c787-fc86-34de-9b44-d9f693c21c0f","name":"CUTOFF Sulphuric acid, liquid, at plant","categoryPath":["CUTOFF Flows"],"flowType":"PRODUCT_FLOW","location":"RNA","refUnit":"kg"}},"product":{"@type":"Flow","@id":"0a61808a-df04-3ec0-8c2b-93d4f5cf9fbf","name":"Distillers dried grains with solubles, 2022","categoryPath":["Chemical Manufacturing","Ethyl alcohol manufacturing"],"flowType":"PRODUCT_FLOW","location":"RNA","refUnit":"kg"},"value":0.0},{"@type":"AllocationFactor","allocationType":"ECONOMIC_ALLOCATION","product":{"@type":"Flow","@id":"f4364ab6-cb8c-3b5c-a9d7-dfe57ac7bceb","name":"Ethanol, denatured, corn dry mill","categoryPath":["Chemical Manufacturing","Ethyl alcohol manufacturing"],"flowType":"PRODUCT_FLOW","location":"RNA","refUnit":"kg"},"value":1.0},{"@type":"AllocationFactor","allocationType":"CAUSAL_ALLOCATION","exchange":{"@type":"Exchange","internalId":19,"flow":{"@type":"Flow","@id":"0e44e579-abb0-3c77-af64-c774d65be529","name":"Gasoline, at refinery","categoryPath":["Petroleum and Coal Products Manufacturing","Petroleum Refineries"],"flowType":"PRODUCT_FLOW","refUnit":"m3"}},"product":{"@type":"Flow","@id":"f4364ab6-cb8c-3b5c-a9d7-dfe57ac7bceb","name":"Ethanol, denatured, corn dry mill","categoryPath":["Chemical Manufacturing","Ethyl alcohol manufacturing"],"flowType":"PRODUCT_FLOW","location":"RNA","refUnit":"kg"},"value":1.0},{"@type":"AllocationFactor","allocationType":"CAUSAL_ALLOCATION","exchange":{"@type":"Exchange","internalId":8,"flow":{"@type":"Flow","@id":"2766f5e7-9d42-36cb-8a03-11aa4f7ecd3a","name":"Corn grain, at conversion plant, 2022","categoryPath":["Crop Production","Biomass"],"flowType":"PRODUCT_FLOW","location":"RNA","refUnit":"kg"}},"product":{"@type":"Flow","@id":"0a61808a-df04-3ec0-8c2b-93d4f5cf9fbf","name":"Distillers dried grains with solubles, 2022","categoryPath":["Chemical Manufacturing","Ethyl alcohol manufacturing"],"flowType":"PRODUCT_FLOW","location":"RNA","refUnit":"kg"},"value":0.0},{"@type":"AllocationFactor","allocationType":"CAUSAL_ALLOCATION","exchange":{"@type":"Exchange","internalId":14,"flow":{"@type":"Flow","@id":"b70528a4-85c8-3da6-9e86-d6399c94a9b8","name":"CUTOFF Treatment,maize starch production effluent,to wastewater treatment,class2","categoryPath":["CUTOFF Flows"],"flowType":"PRODUCT_FLOW","location":"RNA","refUnit":"m3"}},"product":{"@type":"Flow","@id":"0a61808a-df04-3ec0-8c2b-93d4f5cf9fbf","name":"Distillers dried grains with solubles, 2022","categoryPath":["Chemical Manufacturing","Ethyl alcohol manufacturing"],"flowType":"PRODUCT_FLOW","location":"RNA","refUnit":"kg"},"value":0.0},{"@type":"AllocationFactor","allocationType":"CAUSAL_ALLOCATION","exchange":{"@type":"Exchange","internalId":15,"flow":{"@type":"Flow","@id":"382e1e84-36d0-31b8-88b4-5ceaf7c46106","name":"CUTOFF Yeast paste, from whey, at fermentation","categoryPath":["CUTOFF Flows"],"flowType":"PRODUCT_FLOW","location":"RNA","refUnit":"kg"}},"product":{"@type":"Flow","@id":"0a61808a-df04-3ec0-8c2b-93d4f5cf9fbf","name":"Distillers dried grains with solubles, 2022","categoryPath":["Chemical Manufacturing","Ethyl alcohol manufacturing"],"flowType":"PRODUCT_FLOW","location":"RNA","refUnit":"kg"},"value":0.0},{"@type":"AllocationFactor","allocationType":"CAUSAL_ALLOCATION","exchange":{"@type":"Exchange","internalId":10,"flow":{"@type":"Flow","@id":"54fb7648-dbd1-316c-a959-2112b70e3f30","name":"CUTOFF Disposal, inert waste, 5% water, to inert material landfill","categoryPath":["CUTOFF Flows"],"flowType":"PRODUCT_FLOW","location":"RNA","refUnit":"kg"}},"product":{"@type":"Flow","@id":"f4364ab6-cb8c-3b5c-a9d7-dfe57ac7bceb","name":"Ethanol, denatured, corn dry mill","categoryPath":["Chemical Manufacturing","Ethyl alcohol manufacturing"],"flowType":"PRODUCT_FLOW","location":"RNA","refUnit":"kg"},"value":1.0},{"@type":"AllocationFactor","allocationType":"CAUSAL_ALLOCATION","exchange":{"@type":"Exchange","internalId":21,"flow":{"@type":"Flow","@id":"00b5c8b4-682d-3000-a2df-246e333f6344","name":"Enzyme, Alpha-amylase, Novozyme Liquozyme","categoryPath":["Chemical Manufacturing","All Other Basic Organic Chemical Manufacturing"],"flowType":"PRODUCT_FLOW","location":"RER","refUnit":"kg"}},"product":{"@type":"Flow","@id":"f4364ab6-cb8c-3b5c-a9d7-dfe57ac7bceb","name":"Ethanol, denatured, corn dry mill","categoryPath":["Chemical Manufacturing","Ethyl alcohol manufacturing"],"flowType":"PRODUCT_FLOW","location":"RNA","refUnit":"kg"},"value":1.0}]}