{"@context":"http://greendelta.github.io/olca-schema/context.jsonld","@type":"Process","@id":"d9cadd89-4203-375a-903a-63197cd29c6a","name":"Ethanol, denatured, forest residues, thermochem","version":"00.00.001","lastChange":"2018-06-27T10:38:44.922-06:00","category":{"@type":"Category","@id":"eb295789-0d26-32c1-96f4-c7866c140019","name":"Ethyl alcohol manufacturing","categoryPath":["Chemical Manufacturing"],"categoryType":"Process"},"processType":"UNIT_PROCESS","infrastructureProcess":false,"location":{"@type":"Location","@id":"b320e7db-c758-3ba6-8839-81eb83c9d7d7","name":"Northern America"},"processDocumentation":{"@type":"ProcessDocumentation","timeDescription":"2005-2009","technologyDescription":"modern","restrictionsDescription":"All information can be accessed by everybody.","copyright":false,"validFrom":"2004-12-31-07:00","validUntil":"2009-12-30-07:00","creationDate":"2015-08-20T13:31:43.030-06:00","geographyDescription":"North America","dataDocumentor":{"@type":"Actor","@id":"04ed125f-ffa7-33b1-af24-77f5bdb21a05","name":"Daniel Inman"},"dataGenerator":{"@type":"Actor","@id":"04ed125f-ffa7-33b1-af24-77f5bdb21a05","name":"Daniel Inman"},"publication":{"@type":"Source","@id":"a1d1d73e-7d93-3a6b-a3bc-3b2f4f025b86","name":"Hsu, D. "},"sources":[{"@type":"Source","@id":"24067796-8453-37e3-a4e1-a833b728bee7","name":"Phillips, S. "},{"@type":"Source","@id":"5e8e63da-4488-3b1d-98fb-446078a7cfac","name":"Hess, J. "},{"@type":"Source","@id":"a1d1d73e-7d93-3a6b-a3bc-3b2f4f025b86","name":"Hsu, D. "}]},"lastInternalId":0,"exchanges":[{"@type":"Exchange","avoidedProduct":false,"input":false,"amount":3787.5,"internalId":1,"flow":{"@type":"Flow","@id":"0cdd9079-9cf3-33c9-ab62-9d734c03f7df","name":"Mixed Alcohols, thermochemical process","categoryPath":["Chemical Manufacturing","Ethyl alcohol manufacturing"],"flowType":"PRODUCT_FLOW","location":"RNA","refUnit":"kg"},"unit":{"@type":"Unit","@id":"20aadc24-a391-41cf-b340-3e4529f44bde","name":"kg"},"flowProperty":{"@type":"FlowProperty","@id":"93a60a56-a3c8-11da-a746-0800200b9a66","name":"Mass","categoryPath":["Technical flow properties"]},"quantitativeReference":true},{"@type":"Exchange","avoidedProduct":false,"input":true,"amount":45.359,"description":"tar reformer catalyst. assumed all goes into landfill, even though some nickel is recovered from catalyst manufacturer.","internalId":9,"flow":{"@type":"Flow","@id":"b0516b6d-bb24-3546-8549-b2c035c68461","name":"CUTOFF Disposal, inert material, 0% water, to sanitary landfill","categoryPath":["CUTOFF Flows"],"flowType":"PRODUCT_FLOW","location":"RNA","refUnit":"kg"},"unit":{"@type":"Unit","@id":"20aadc24-a391-41cf-b340-3e4529f44bde","name":"kg"},"flowProperty":{"@type":"FlowProperty","@id":"93a60a56-a3c8-11da-a746-0800200b9a66","name":"Mass","categoryPath":["Technical flow properties"]}},{"@type":"Exchange","avoidedProduct":false,"input":true,"amount":13336.0,"description":"boiler feed water makeup. calculated based on regression fit of several aspen sensitivity runs.","internalId":19,"flow":{"@type":"Flow","@id":"b15b4f72-fc9c-3a44-8cf9-db4f3aed810b","name":"Water, process, unspecified natural origin/kg","categoryPath":["resource","in ground"],"flowType":"ELEMENTARY_FLOW","refUnit":"kg"},"unit":{"@type":"Unit","@id":"20aadc24-a391-41cf-b340-3e4529f44bde","name":"kg"},"flowProperty":{"@type":"FlowProperty","@id":"93a60a56-a3c8-11da-a746-0800200b9a66","name":"Mass","categoryPath":["Technical flow properties"]}},{"@type":"Exchange","avoidedProduct":false,"input":true,"amount":5.95E-6,"internalId":4,"flow":{"@type":"Flow","@id":"e42f7027-df85-352b-9eac-ae48dbd7b141","name":"CUTOFF Thermochemical Conversion Plant","categoryPath":["CUTOFF Flows"],"flowType":"PRODUCT_FLOW","location":"RNA","refUnit":"Item(s)"},"unit":{"@type":"Unit","@id":"6dabe201-aaac-4509-92f0-d00c26cb72ab","name":"Item(s)"},"flowProperty":{"@type":"FlowProperty","@id":"01846770-4cfe-4a25-8ad9-919d8d378345","name":"Number of items","categoryPath":["Technical flow properties"]}},{"@type":"Exchange","avoidedProduct":false,"input":true,"amount":0.39916,"description":"boiler chemicals http://www.accepta.com/water_treatment_chemicals/boiler-water-treatment.asp.  Proxy:  Sodium hydroxide, 50% in H2O, production mix, at plant/RER with US electricity U","internalId":16,"flow":{"@type":"Flow","@id":"bf2b1e5a-4c92-3974-a2fd-a68898833086","name":"Sodium hydroxide, production mix, at plant","categoryPath":["Chemical Manufacturing","All Other Basic Inorganic Chemical Manufacturing"],"flowType":"PRODUCT_FLOW","location":"US","refUnit":"kg"},"unit":{"@type":"Unit","@id":"20aadc24-a391-41cf-b340-3e4529f44bde","name":"kg"},"flowProperty":{"@type":"FlowProperty","@id":"93a60a56-a3c8-11da-a746-0800200b9a66","name":"Mass","categoryPath":["Technical flow properties"]}},{"@type":"Exchange","avoidedProduct":false,"input":true,"amount":0.45359,"internalId":10,"flow":{"@type":"Flow","@id":"91f5f6a2-c435-36ba-9adf-64512fcff252","name":"CUTOFF Chemicals inorganic, at plant","categoryPath":["CUTOFF Flows"],"flowType":"PRODUCT_FLOW","location":"RNA","refUnit":"kg"},"unit":{"@type":"Unit","@id":"20aadc24-a391-41cf-b340-3e4529f44bde","name":"kg"},"flowProperty":{"@type":"FlowProperty","@id":"93a60a56-a3c8-11da-a746-0800200b9a66","name":"Mass","categoryPath":["Technical flow properties"]}},{"@type":"Exchange","avoidedProduct":false,"input":true,"amount":41730.0,"description":"Use plywood drying as approximationg. area100 drying. mass is oven-dried wood mass. calculated based on regression fit of several aspen sensitivity runs.","internalId":17,"flow":{"@type":"Flow","@id":"4b5cad63-18f1-30c7-ae7c-79f60094c8f0","name":"Heat, indirect, heated zones, softwood, plywood veneer drying, AP-42","categoryPath":["Wood Product Manufacturing","Softwood Veneer and Plywood Manufacturing"],"flowType":"PRODUCT_FLOW","location":"RNA","refUnit":"kg"},"unit":{"@type":"Unit","@id":"20aadc24-a391-41cf-b340-3e4529f44bde","name":"kg"},"flowProperty":{"@type":"FlowProperty","@id":"93a60a56-a3c8-11da-a746-0800200b9a66","name":"Mass","categoryPath":["Technical flow properties"]}},{"@type":"Exchange","avoidedProduct":false,"input":true,"amount":11968.0,"description":"From gasoline","internalId":20,"flow":{"@type":"Flow","@id":"f670bb2d-c28a-3a08-9b9c-cc50bca5d126","name":"CUTOFF Energy, output","categoryPath":["CUTOFF Flows"],"flowType":"PRODUCT_FLOW","location":"RNA","refUnit":"MJ"},"unit":{"@type":"Unit","@id":"52765a6c-3896-43c2-b2f4-c679acf13efe","name":"MJ"},"flowProperty":{"@type":"FlowProperty","@id":"f6811440-ee37-11de-8a39-0800200c9a66","name":"Energy","categoryPath":["Technical flow properties"]}},{"@type":"Exchange","avoidedProduct":false,"input":true,"amount":832.0,"description":"About a 0.6% impurity content in product stream (water, CO2, alcohols)","internalId":12,"flow":{"@type":"Flow","@id":"0e44e579-abb0-3c77-af64-c774d65be529","name":"Gasoline, at refinery","categoryPath":["Petroleum and Coal Products Manufacturing","Petroleum Refineries"],"flowType":"PRODUCT_FLOW","refUnit":"m3"},"unit":{"@type":"Unit","@id":"1c3a9695-398d-4b1f-b07e-a8715b610f70","name":"m3"},"flowProperty":{"@type":"FlowProperty","@id":"93a60a56-a3c8-22da-a746-0800200c9a66","name":"Volume","categoryPath":["Technical flow properties"]}},{"@type":"Exchange","avoidedProduct":false,"input":false,"amount":39.054,"description":"calculated based on regression fit of several aspen sensitivity runs.","internalId":23,"flow":{"@type":"Flow","@id":"fd7aa71c-508c-480d-81a6-8052aad92646","name":"Sulfur dioxide","categoryPath":["Elementary flows","Emission to air","unspecified"],"flowType":"ELEMENTARY_FLOW","refUnit":"kg"},"unit":{"@type":"Unit","@id":"20aadc24-a391-41cf-b340-3e4529f44bde","name":"kg"},"flowProperty":{"@type":"FlowProperty","@id":"93a60a56-a3c8-11da-a746-0800200b9a66","name":"Mass","categoryPath":["Technical flow properties"]}},{"@type":"Exchange","avoidedProduct":false,"input":false,"amount":53.52,"internalId":18,"flow":{"@type":"Flow","@id":"80e4ff02-d959-3ec5-a5df-3ed385d7df0c","name":"Sulfur, thermochemical process","categoryPath":["Chemical Manufacturing","Ethyl alcohol manufacturing"],"flowType":"PRODUCT_FLOW","location":"RNA","refUnit":"kg"},"unit":{"@type":"Unit","@id":"20aadc24-a391-41cf-b340-3e4529f44bde","name":"kg"},"flowProperty":{"@type":"FlowProperty","@id":"93a60a56-a3c8-11da-a746-0800200b9a66","name":"Mass","categoryPath":["Technical flow properties"]}},{"@type":"Exchange","avoidedProduct":false,"input":false,"amount":12020.0,"description":"calculated based on regression fit of several aspen sensitivity runs.","internalId":13,"flow":{"@type":"Flow","@id":"e82cbcb0-16ab-335b-a25d-5fda31593cae","name":"Oxygen","categoryPath":["air","unspecified"],"flowType":"ELEMENTARY_FLOW","refUnit":"kg"},"unit":{"@type":"Unit","@id":"20aadc24-a391-41cf-b340-3e4529f44bde","name":"kg"},"flowProperty":{"@type":"FlowProperty","@id":"93a60a56-a3c8-11da-a746-0800200b9a66","name":"Mass","categoryPath":["Technical flow properties"]}},{"@type":"Exchange","avoidedProduct":false,"input":true,"amount":45.359,"description":"tar reformer catalyst","internalId":24,"flow":{"@type":"Flow","@id":"8f395d18-ce0c-39a8-b548-b184a6b9ee68","name":"CUTOFF Zeolite, powder, at plant","categoryPath":["CUTOFF Flows"],"flowType":"PRODUCT_FLOW","location":"RNA","refUnit":"kg"},"unit":{"@type":"Unit","@id":"20aadc24-a391-41cf-b340-3e4529f44bde","name":"kg"},"flowProperty":{"@type":"FlowProperty","@id":"93a60a56-a3c8-11da-a746-0800200b9a66","name":"Mass","categoryPath":["Technical flow properties"]}},{"@type":"Exchange","avoidedProduct":false,"input":true,"amount":27.216,"description":"Amine in Aspen model","internalId":27,"flow":{"@type":"Flow","@id":"d4870483-9b62-3edf-9421-9d8ea0bea36b","name":"CUTOFF Monoethanolamine, at plant","categoryPath":["CUTOFF Flows"],"flowType":"PRODUCT_FLOW","location":"RNA","refUnit":"kg"},"unit":{"@type":"Unit","@id":"20aadc24-a391-41cf-b340-3e4529f44bde","name":"kg"},"flowProperty":{"@type":"FlowProperty","@id":"93a60a56-a3c8-11da-a746-0800200b9a66","name":"Mass","categoryPath":["Technical flow properties"]}},{"@type":"Exchange","avoidedProduct":false,"input":true,"amount":0.39916,"description":"boiler chemicals http://www.accepta.com/water_treatment_chemicals/boiler-water-treatment.asp","internalId":32,"flow":{"@type":"Flow","@id":"9b19c6cf-a967-3132-bfd5-45d394feb0f5","name":"CUTOFF Hydrochloric acid, 30% in H2O, at plant","categoryPath":["CUTOFF Flows"],"flowType":"PRODUCT_FLOW","location":"RNA","refUnit":"kg"},"unit":{"@type":"Unit","@id":"20aadc24-a391-41cf-b340-3e4529f44bde","name":"kg"},"flowProperty":{"@type":"FlowProperty","@id":"93a60a56-a3c8-11da-a746-0800200b9a66","name":"Mass","categoryPath":["Technical flow properties"]}},{"@type":"Exchange","avoidedProduct":false,"input":true,"amount":73936.0,"description":"cooling tower makeup. includes only streams 618,635,710,711. calculated based on regression fit of several aspen sensitivity runs.","internalId":26,"flow":{"@type":"Flow","@id":"e956d205-4219-3792-992c-2c71d793b1b1","name":"Water, cooling, unspecified natural origin/kg","categoryPath":["resource","unspecified"],"flowType":"ELEMENTARY_FLOW","refUnit":"kg"},"unit":{"@type":"Unit","@id":"20aadc24-a391-41cf-b340-3e4529f44bde","name":"kg"},"flowProperty":{"@type":"FlowProperty","@id":"93a60a56-a3c8-11da-a746-0800200b9a66","name":"Mass","categoryPath":["Technical flow properties"]}},{"@type":"Exchange","avoidedProduct":false,"input":true,"amount":244.03,"description":"olivine added to make up for loss in recycle. calculated based on regression fit of several aspen sensitivity runs.","internalId":15,"flow":{"@type":"Flow","@id":"0cc6f1f6-5ff4-36c7-ba84-472348971d75","name":"CUTOFF Silica sand, at plant","categoryPath":["CUTOFF Flows"],"flowType":"PRODUCT_FLOW","location":"RNA","refUnit":"kg"},"unit":{"@type":"Unit","@id":"20aadc24-a391-41cf-b340-3e4529f44bde","name":"kg"},"flowProperty":{"@type":"FlowProperty","@id":"93a60a56-a3c8-11da-a746-0800200b9a66","name":"Mass","categoryPath":["Technical flow properties"]}},{"@type":"Exchange","avoidedProduct":false,"input":false,"amount":253560.0,"description":"calculated based on regression fit of several aspen sensitivity runs.","internalId":11,"flow":{"@type":"Flow","@id":"c91a1c33-a350-3a3d-8ba3-8a4a1e2faa06","name":"Nitrogen","categoryPath":["air","unspecified"],"flowType":"ELEMENTARY_FLOW","refUnit":"kg"},"unit":{"@type":"Unit","@id":"20aadc24-a391-41cf-b340-3e4529f44bde","name":"kg"},"flowProperty":{"@type":"FlowProperty","@id":"93a60a56-a3c8-11da-a746-0800200b9a66","name":"Mass","categoryPath":["Technical flow properties"]}},{"@type":"Exchange","avoidedProduct":false,"input":false,"amount":21183.0,"internalId":6,"flow":{"@type":"Flow","@id":"2656bfd3-ed3c-3fb8-ab93-6597836a463b","name":"Ethanol, denatured, forest residues, thermochem","categoryPath":["Chemical Manufacturing","Ethyl alcohol manufacturing"],"flowType":"PRODUCT_FLOW","location":"RNA","refUnit":"kg"},"unit":{"@type":"Unit","@id":"20aadc24-a391-41cf-b340-3e4529f44bde","name":"kg"},"flowProperty":{"@type":"FlowProperty","@id":"93a60a56-a3c8-11da-a746-0800200b9a66","name":"Mass","categoryPath":["Technical flow properties"]}},{"@type":"Exchange","avoidedProduct":false,"input":true,"amount":3.1615,"description":"calculated based on regression fit of several aspen sensitivity runs.","internalId":25,"flow":{"@type":"Flow","@id":"0f2bfe0f-76ff-36cb-bc35-abca9c747602","name":"CUTOFF Magnesium oxide, at plant","categoryPath":["CUTOFF Flows"],"flowType":"PRODUCT_FLOW","location":"RNA","refUnit":"kg"},"unit":{"@type":"Unit","@id":"20aadc24-a391-41cf-b340-3e4529f44bde","name":"kg"},"flowProperty":{"@type":"FlowProperty","@id":"93a60a56-a3c8-11da-a746-0800200b9a66","name":"Mass","categoryPath":["Technical flow properties"]}},{"@type":"Exchange","avoidedProduct":false,"input":false,"amount":0.45359,"description":"Cooling tower chemicals. Assumed all were inorganic.","internalId":2,"flow":{"@type":"Flow","@id":"87883a4e-1e3e-4c9d-90c0-f1bea36f8014","name":"Ammonia","categoryPath":["Elementary flows","NETL Coal Elementary Flows","air","unspecified"],"flowType":"ELEMENTARY_FLOW","refUnit":"kg"},"unit":{"@type":"Unit","@id":"20aadc24-a391-41cf-b340-3e4529f44bde","name":"kg"},"flowProperty":{"@type":"FlowProperty","@id":"93a60a56-a3c8-11da-a746-0800200b9a66","name":"Mass","categoryPath":["Technical flow properties"]}},{"@type":"Exchange","avoidedProduct":false,"input":true,"amount":77564.0,"description":"calculated based on regression fit of several aspen sensitivity runs.","internalId":5,"flow":{"@type":"Flow","@id":"b8878faf-028f-344c-a89b-de77b46b8617","name":"Oxygen, in air","categoryPath":["resource","unspecified"],"flowType":"ELEMENTARY_FLOW","refUnit":"kg"},"unit":{"@type":"Unit","@id":"20aadc24-a391-41cf-b340-3e4529f44bde","name":"kg"},"flowProperty":{"@type":"FlowProperty","@id":"93a60a56-a3c8-11da-a746-0800200b9a66","name":"Mass","categoryPath":["Technical flow properties"]}},{"@type":"Exchange","avoidedProduct":false,"input":true,"amount":390670.0,"description":"char combustor emissions. use heating value for graphite. calculated based on regression fit of several aspen sensitivity runs.","internalId":28,"flow":{"@type":"Flow","@id":"405b0729-a9a8-308e-8f24-c6610f59b351","name":"Combustion, dry wood residue, AP-42","categoryPath":["Utilities","Other Electric Power Generation"],"flowType":"PRODUCT_FLOW","location":"RNA","refUnit":"MJ"},"unit":{"@type":"Unit","@id":"52765a6c-3896-43c2-b2f4-c679acf13efe","name":"MJ"},"flowProperty":{"@type":"FlowProperty","@id":"f6811440-ee37-11de-8a39-0800200c9a66","name":"Energy","categoryPath":["Technical flow properties"]}},{"@type":"Exchange","avoidedProduct":false,"input":true,"amount":82.9,"description":"No. 2 Diesel fuel, for operating equipment.","internalId":14,"flow":{"@type":"Flow","@id":"d939590b-a0d7-310c-8952-9921ed64a078","name":"Diesel, at refinery","categoryPath":["Petroleum and Coal Products Manufacturing","Petroleum Refineries"],"flowType":"PRODUCT_FLOW","refUnit":"m3"},"unit":{"@type":"Unit","@id":"1c3a9695-398d-4b1f-b07e-a8715b610f70","name":"m3"},"flowProperty":{"@type":"FlowProperty","@id":"93a60a56-a3c8-22da-a746-0800200c9a66","name":"Volume","categoryPath":["Technical flow properties"]}},{"@type":"Exchange","avoidedProduct":false,"input":false,"amount":63049.0,"description":"calculated based on regression fit of several aspen sensitivity runs.","internalId":31,"flow":{"@type":"Flow","@id":"ed544201-b6df-3d3e-babf-47f018ca2637","name":"Water","categoryPath":["Elementary flows"],"flowType":"ELEMENTARY_FLOW","refUnit":"kg"},"unit":{"@type":"Unit","@id":"20aadc24-a391-41cf-b340-3e4529f44bde","name":"kg"},"flowProperty":{"@type":"FlowProperty","@id":"93a60a56-a3c8-11da-a746-0800200b9a66","name":"Mass","categoryPath":["Technical flow properties"]}},{"@type":"Exchange","avoidedProduct":false,"input":false,"amount":107500.0,"description":"calculated based on regression fit of several aspen sensitivity runs.","internalId":21,"flow":{"@type":"Flow","@id":"71b0c9e8-35a3-37f1-b606-7539a9eaea99","name":"Carbon dioxide, biogenic","categoryPath":["air","unspecified"],"flowType":"ELEMENTARY_FLOW","refUnit":"kg"},"unit":{"@type":"Unit","@id":"20aadc24-a391-41cf-b340-3e4529f44bde","name":"kg"},"flowProperty":{"@type":"FlowProperty","@id":"93a60a56-a3c8-11da-a746-0800200b9a66","name":"Mass","categoryPath":["Technical flow properties"]}},{"@type":"Exchange","avoidedProduct":false,"input":true,"amount":0.797,"description":"streams 305. calculated based on regression fit of several aspen sensitivity runs.","internalId":29,"flow":{"@type":"Flow","@id":"26b65812-d78d-391e-b9cc-0b1152c31bce","name":"CUTOFF Treatment, sewage, unpolluted, to wastewater treatment, class 3","categoryPath":["CUTOFF Flows"],"flowType":"PRODUCT_FLOW","location":"RNA","refUnit":"m3"},"unit":{"@type":"Unit","@id":"1c3a9695-398d-4b1f-b07e-a8715b610f70","name":"m3"},"flowProperty":{"@type":"FlowProperty","@id":"93a60a56-a3c8-22da-a746-0800200c9a66","name":"Volume","categoryPath":["Technical flow properties"]}},{"@type":"Exchange","avoidedProduct":false,"input":true,"amount":119290.0,"internalId":7,"flow":{"@type":"Flow","@id":"658f8e12-f566-3e01-930c-e95cf9fa2c2b","name":"Forest residue, preprocessed, at conversion facility","categoryPath":["Forestry and Logging","Unspecified"],"flowType":"PRODUCT_FLOW","location":"RNA","refUnit":"kg"},"unit":{"@type":"Unit","@id":"20aadc24-a391-41cf-b340-3e4529f44bde","name":"kg"},"flowProperty":{"@type":"FlowProperty","@id":"93a60a56-a3c8-11da-a746-0800200b9a66","name":"Mass","categoryPath":["Technical flow properties"]}},{"@type":"Exchange","avoidedProduct":false,"input":true,"amount":0.39916,"description":"boiler chemicals http://www.accepta.com/water_treatment_chemicals/boiler-water-treatment.asp","internalId":3,"flow":{"@type":"Flow","@id":"57ce615d-ee8c-3c8d-8693-356b330f8445","name":"CUTOFF Sulphite, at plant","categoryPath":["CUTOFF Flows"],"flowType":"PRODUCT_FLOW","location":"RNA","refUnit":"kg"},"unit":{"@type":"Unit","@id":"20aadc24-a391-41cf-b340-3e4529f44bde","name":"kg"},"flowProperty":{"@type":"FlowProperty","@id":"93a60a56-a3c8-11da-a746-0800200b9a66","name":"Mass","categoryPath":["Technical flow properties"]}},{"@type":"Exchange","avoidedProduct":false,"input":true,"amount":253560.0,"description":"calculated based on regression fit of several aspen sensitivity runs.","internalId":22,"flow":{"@type":"Flow","@id":"c87baf7e-fe42-356d-90f9-830210a4ba14","name":"Nitrogen, in air","categoryPath":["resource","unspecified"],"flowType":"ELEMENTARY_FLOW","refUnit":"kg"},"unit":{"@type":"Unit","@id":"20aadc24-a391-41cf-b340-3e4529f44bde","name":"kg"},"flowProperty":{"@type":"FlowProperty","@id":"93a60a56-a3c8-11da-a746-0800200b9a66","name":"Mass","categoryPath":["Technical flow properties"]}},{"@type":"Exchange","avoidedProduct":false,"input":false,"amount":83.915,"description":"calculated based on regression fit of several aspen sensitivity runs.","internalId":30,"flow":{"@type":"Flow","@id":"0b7e10a8-6ca0-4a50-a39b-f2a019cb3610","name":"Nitrogen dioxide","categoryPath":["Elementary flows","Emission to air","unspecified"],"flowType":"ELEMENTARY_FLOW","refUnit":"kg"},"unit":{"@type":"Unit","@id":"20aadc24-a391-41cf-b340-3e4529f44bde","name":"kg"},"flowProperty":{"@type":"FlowProperty","@id":"93a60a56-a3c8-11da-a746-0800200b9a66","name":"Mass","categoryPath":["Technical flow properties"]}},{"@type":"Exchange","avoidedProduct":false,"input":true,"amount":1102.2,"description":"add wood, ash, and char together and olivine. calculated based on regression fit of several aspen sensitivity runs.","internalId":8,"flow":{"@type":"Flow","@id":"afd4c345-5431-305a-b95b-6c33e7843c11","name":"CUTOFF Disposal, wood ash mixture, pure, 0% water, to sanitary landfill","categoryPath":["CUTOFF Flows"],"flowType":"PRODUCT_FLOW","location":"RNA","refUnit":"kg"},"unit":{"@type":"Unit","@id":"20aadc24-a391-41cf-b340-3e4529f44bde","name":"kg"},"flowProperty":{"@type":"FlowProperty","@id":"93a60a56-a3c8-11da-a746-0800200b9a66","name":"Mass","categoryPath":["Technical flow properties"]}}],"allocationFactors":[{"@type":"AllocationFactor","allocationType":"CAUSAL_ALLOCATION","exchange":{"@type":"Exchange","internalId":8,"flow":{"@type":"Flow","@id":"afd4c345-5431-305a-b95b-6c33e7843c11","name":"CUTOFF Disposal, wood ash mixture, pure, 0% water, to sanitary landfill","categoryPath":["CUTOFF Flows"],"flowType":"PRODUCT_FLOW","location":"RNA","refUnit":"kg"}},"product":{"@type":"Flow","@id":"0cdd9079-9cf3-33c9-ab62-9d734c03f7df","name":"Mixed Alcohols, thermochemical process","categoryPath":["Chemical Manufacturing","Ethyl alcohol manufacturing"],"flowType":"PRODUCT_FLOW","location":"RNA","refUnit":"kg"},"value":1.0},{"@type":"AllocationFactor","allocationType":"PHYSICAL_ALLOCATION","product":{"@type":"Flow","@id":"80e4ff02-d959-3ec5-a5df-3ed385d7df0c","name":"Sulfur, thermochemical process","categoryPath":["Chemical Manufacturing","Ethyl alcohol manufacturing"],"flowType":"PRODUCT_FLOW","location":"RNA","refUnit":"kg"},"value":0.0},{"@type":"AllocationFactor","allocationType":"CAUSAL_ALLOCATION","exchange":{"@type":"Exchange","internalId":7,"flow":{"@type":"Flow","@id":"658f8e12-f566-3e01-930c-e95cf9fa2c2b","name":"Forest residue, preprocessed, at conversion facility","categoryPath":["Forestry and Logging","Unspecified"],"flowType":"PRODUCT_FLOW","location":"RNA","refUnit":"kg"}},"product":{"@type":"Flow","@id":"2656bfd3-ed3c-3fb8-ab93-6597836a463b","name":"Ethanol, denatured, forest residues, thermochem","categoryPath":["Chemical Manufacturing","Ethyl alcohol manufacturing"],"flowType":"PRODUCT_FLOW","location":"RNA","refUnit":"kg"},"value":0.0},{"@type":"AllocationFactor","allocationType":"CAUSAL_ALLOCATION","exchange":{"@type":"Exchange","internalId":26,"flow":{"@type":"Flow","@id":"e956d205-4219-3792-992c-2c71d793b1b1","name":"Water, cooling, unspecified natural origin/kg","categoryPath":["resource","unspecified"],"flowType":"ELEMENTARY_FLOW","refUnit":"kg"}},"product":{"@type":"Flow","@id":"80e4ff02-d959-3ec5-a5df-3ed385d7df0c","name":"Sulfur, thermochemical process","categoryPath":["Chemical Manufacturing","Ethyl alcohol manufacturing"],"flowType":"PRODUCT_FLOW","location":"RNA","refUnit":"kg"},"value":0.0},{"@type":"AllocationFactor","allocationType":"CAUSAL_ALLOCATION","exchange":{"@type":"Exchange","internalId":26,"flow":{"@type":"Flow","@id":"e956d205-4219-3792-992c-2c71d793b1b1","name":"Water, cooling, unspecified natural origin/kg","categoryPath":["resource","unspecified"],"flowType":"ELEMENTARY_FLOW","refUnit":"kg"}},"product":{"@type":"Flow","@id":"2656bfd3-ed3c-3fb8-ab93-6597836a463b","name":"Ethanol, denatured, forest residues, thermochem","categoryPath":["Chemical Manufacturing","Ethyl alcohol manufacturing"],"flowType":"PRODUCT_FLOW","location":"RNA","refUnit":"kg"},"value":0.0},{"@type":"AllocationFactor","allocationType":"CAUSAL_ALLOCATION","exchange":{"@type":"Exchange","internalId":17,"flow":{"@type":"Flow","@id":"4b5cad63-18f1-30c7-ae7c-79f60094c8f0","name":"Heat, indirect, heated zones, softwood, plywood veneer drying, AP-42","categoryPath":["Wood Product Manufacturing","Softwood Veneer and Plywood Manufacturing"],"flowType":"PRODUCT_FLOW","location":"RNA","refUnit":"kg"}},"product":{"@type":"Flow","@id":"2656bfd3-ed3c-3fb8-ab93-6597836a463b","name":"Ethanol, denatured, forest residues, thermochem","categoryPath":["Chemical Manufacturing","Ethyl alcohol manufacturing"],"flowType":"PRODUCT_FLOW","location":"RNA","refUnit":"kg"},"value":0.0},{"@type":"AllocationFactor","allocationType":"CAUSAL_ALLOCATION","exchange":{"@type":"Exchange","internalId":5,"flow":{"@type":"Flow","@id":"b8878faf-028f-344c-a89b-de77b46b8617","name":"Oxygen, in air","categoryPath":["resource","unspecified"],"flowType":"ELEMENTARY_FLOW","refUnit":"kg"}},"product":{"@type":"Flow","@id":"80e4ff02-d959-3ec5-a5df-3ed385d7df0c","name":"Sulfur, thermochemical process","categoryPath":["Chemical Manufacturing","Ethyl alcohol manufacturing"],"flowType":"PRODUCT_FLOW","location":"RNA","refUnit":"kg"},"value":0.0},{"@type":"AllocationFactor","allocationType":"CAUSAL_ALLOCATION","exchange":{"@type":"Exchange","internalId":11,"flow":{"@type":"Flow","@id":"c91a1c33-a350-3a3d-8ba3-8a4a1e2faa06","name":"Nitrogen","categoryPath":["air","unspecified"],"flowType":"ELEMENTARY_FLOW","refUnit":"kg"}},"product":{"@type":"Flow","@id":"0cdd9079-9cf3-33c9-ab62-9d734c03f7df","name":"Mixed Alcohols, thermochemical process","categoryPath":["Chemical Manufacturing","Ethyl alcohol manufacturing"],"flowType":"PRODUCT_FLOW","location":"RNA","refUnit":"kg"},"value":1.0},{"@type":"AllocationFactor","allocationType":"CAUSAL_ALLOCATION","exchange":{"@type":"Exchange","internalId":25,"flow":{"@type":"Flow","@id":"0f2bfe0f-76ff-36cb-bc35-abca9c747602","name":"CUTOFF Magnesium oxide, at plant","categoryPath":["CUTOFF Flows"],"flowType":"PRODUCT_FLOW","location":"RNA","refUnit":"kg"}},"product":{"@type":"Flow","@id":"80e4ff02-d959-3ec5-a5df-3ed385d7df0c","name":"Sulfur, thermochemical process","categoryPath":["Chemical Manufacturing","Ethyl alcohol manufacturing"],"flowType":"PRODUCT_FLOW","location":"RNA","refUnit":"kg"},"value":0.0},{"@type":"AllocationFactor","allocationType":"CAUSAL_ALLOCATION","exchange":{"@type":"Exchange","internalId":19,"flow":{"@type":"Flow","@id":"b15b4f72-fc9c-3a44-8cf9-db4f3aed810b","name":"Water, process, unspecified natural origin/kg","categoryPath":["resource","in ground"],"flowType":"ELEMENTARY_FLOW","refUnit":"kg"}},"product":{"@type":"Flow","@id":"80e4ff02-d959-3ec5-a5df-3ed385d7df0c","name":"Sulfur, thermochemical process","categoryPath":["Chemical Manufacturing","Ethyl alcohol manufacturing"],"flowType":"PRODUCT_FLOW","location":"RNA","refUnit":"kg"},"value":0.0},{"@type":"AllocationFactor","allocationType":"CAUSAL_ALLOCATION","exchange":{"@type":"Exchange","internalId":31,"flow":{"@type":"Flow","@id":"ed544201-b6df-3d3e-babf-47f018ca2637","name":"Water","categoryPath":["Elementary flows"],"flowType":"ELEMENTARY_FLOW","refUnit":"kg"}},"product":{"@type":"Flow","@id":"2656bfd3-ed3c-3fb8-ab93-6597836a463b","name":"Ethanol, denatured, forest residues, thermochem","categoryPath":["Chemical Manufacturing","Ethyl alcohol manufacturing"],"flowType":"PRODUCT_FLOW","location":"RNA","refUnit":"kg"},"value":0.0},{"@type":"AllocationFactor","allocationType":"CAUSAL_ALLOCATION","exchange":{"@type":"Exchange","internalId":28,"flow":{"@type":"Flow","@id":"405b0729-a9a8-308e-8f24-c6610f59b351","name":"Combustion, dry wood residue, AP-42","categoryPath":["Utilities","Other Electric Power Generation"],"flowType":"PRODUCT_FLOW","location":"RNA","refUnit":"MJ"}},"product":{"@type":"Flow","@id":"2656bfd3-ed3c-3fb8-ab93-6597836a463b","name":"Ethanol, denatured, forest residues, thermochem","categoryPath":["Chemical Manufacturing","Ethyl alcohol manufacturing"],"flowType":"PRODUCT_FLOW","location":"RNA","refUnit":"kg"},"value":0.0},{"@type":"AllocationFactor","allocationType":"CAUSAL_ALLOCATION","exchange":{"@type":"Exchange","internalId":7,"flow":{"@type":"Flow","@id":"658f8e12-f566-3e01-930c-e95cf9fa2c2b","name":"Forest residue, preprocessed, at conversion facility","categoryPath":["Forestry and Logging","Unspecified"],"flowType":"PRODUCT_FLOW","location":"RNA","refUnit":"kg"}},"product":{"@type":"Flow","@id":"80e4ff02-d959-3ec5-a5df-3ed385d7df0c","name":"Sulfur, thermochemical process","categoryPath":["Chemical Manufacturing","Ethyl alcohol manufacturing"],"flowType":"PRODUCT_FLOW","location":"RNA","refUnit":"kg"},"value":0.0},{"@type":"AllocationFactor","allocationType":"CAUSAL_ALLOCATION","exchange":{"@type":"Exchange","internalId":24,"flow":{"@type":"Flow","@id":"8f395d18-ce0c-39a8-b548-b184a6b9ee68","name":"CUTOFF Zeolite, powder, at plant","categoryPath":["CUTOFF Flows"],"flowType":"PRODUCT_FLOW","location":"RNA","refUnit":"kg"}},"product":{"@type":"Flow","@id":"80e4ff02-d959-3ec5-a5df-3ed385d7df0c","name":"Sulfur, thermochemical process","categoryPath":["Chemical Manufacturing","Ethyl alcohol manufacturing"],"flowType":"PRODUCT_FLOW","location":"RNA","refUnit":"kg"},"value":0.0},{"@type":"AllocationFactor","allocationType":"CAUSAL_ALLOCATION","exchange":{"@type":"Exchange","internalId":3,"flow":{"@type":"Flow","@id":"57ce615d-ee8c-3c8d-8693-356b330f8445","name":"CUTOFF Sulphite, at plant","categoryPath":["CUTOFF Flows"],"flowType":"PRODUCT_FLOW","location":"RNA","refUnit":"kg"}},"product":{"@type":"Flow","@id":"80e4ff02-d959-3ec5-a5df-3ed385d7df0c","name":"Sulfur, thermochemical process","categoryPath":["Chemical Manufacturing","Ethyl alcohol manufacturing"],"flowType":"PRODUCT_FLOW","location":"RNA","refUnit":"kg"},"value":0.0},{"@type":"AllocationFactor","allocationType":"CAUSAL_ALLOCATION","exchange":{"@type":"Exchange","internalId":17,"flow":{"@type":"Flow","@id":"4b5cad63-18f1-30c7-ae7c-79f60094c8f0","name":"Heat, indirect, heated zones, softwood, plywood veneer drying, AP-42","categoryPath":["Wood Product Manufacturing","Softwood Veneer and Plywood Manufacturing"],"flowType":"PRODUCT_FLOW","location":"RNA","refUnit":"kg"}},"product":{"@type":"Flow","@id":"0cdd9079-9cf3-33c9-ab62-9d734c03f7df","name":"Mixed Alcohols, thermochemical process","categoryPath":["Chemical Manufacturing","Ethyl alcohol manufacturing"],"flowType":"PRODUCT_FLOW","location":"RNA","refUnit":"kg"},"value":1.0},{"@type":"AllocationFactor","allocationType":"PHYSICAL_ALLOCATION","product":{"@type":"Flow","@id":"2656bfd3-ed3c-3fb8-ab93-6597836a463b","name":"Ethanol, denatured, forest residues, thermochem","categoryPath":["Chemical Manufacturing","Ethyl alcohol manufacturing"],"flowType":"PRODUCT_FLOW","location":"RNA","refUnit":"kg"},"value":0.0},{"@type":"AllocationFactor","allocationType":"CAUSAL_ALLOCATION","exchange":{"@type":"Exchange","internalId":9,"flow":{"@type":"Flow","@id":"b0516b6d-bb24-3546-8549-b2c035c68461","name":"CUTOFF Disposal, inert material, 0% water, to sanitary landfill","categoryPath":["CUTOFF Flows"],"flowType":"PRODUCT_FLOW","location":"RNA","refUnit":"kg"}},"product":{"@type":"Flow","@id":"0cdd9079-9cf3-33c9-ab62-9d734c03f7df","name":"Mixed Alcohols, thermochemical process","categoryPath":["Chemical Manufacturing","Ethyl alcohol manufacturing"],"flowType":"PRODUCT_FLOW","location":"RNA","refUnit":"kg"},"value":1.0},{"@type":"AllocationFactor","allocationType":"PHYSICAL_ALLOCATION","product":{"@type":"Flow","@id":"0cdd9079-9cf3-33c9-ab62-9d734c03f7df","name":"Mixed Alcohols, thermochemical process","categoryPath":["Chemical Manufacturing","Ethyl alcohol manufacturing"],"flowType":"PRODUCT_FLOW","location":"RNA","refUnit":"kg"},"value":1.0},{"@type":"AllocationFactor","allocationType":"CAUSAL_ALLOCATION","exchange":{"@type":"Exchange","internalId":21,"flow":{"@type":"Flow","@id":"71b0c9e8-35a3-37f1-b606-7539a9eaea99","name":"Carbon dioxide, biogenic","categoryPath":["air","unspecified"],"flowType":"ELEMENTARY_FLOW","refUnit":"kg"}},"product":{"@type":"Flow","@id":"80e4ff02-d959-3ec5-a5df-3ed385d7df0c","name":"Sulfur, thermochemical process","categoryPath":["Chemical Manufacturing","Ethyl alcohol manufacturing"],"flowType":"PRODUCT_FLOW","location":"RNA","refUnit":"kg"},"value":0.0},{"@type":"AllocationFactor","allocationType":"CAUSAL_ALLOCATION","exchange":{"@type":"Exchange","internalId":32,"flow":{"@type":"Flow","@id":"9b19c6cf-a967-3132-bfd5-45d394feb0f5","name":"CUTOFF Hydrochloric acid, 30% in H2O, at plant","categoryPath":["CUTOFF Flows"],"flowType":"PRODUCT_FLOW","location":"RNA","refUnit":"kg"}},"product":{"@type":"Flow","@id":"2656bfd3-ed3c-3fb8-ab93-6597836a463b","name":"Ethanol, denatured, forest residues, thermochem","categoryPath":["Chemical Manufacturing","Ethyl alcohol manufacturing"],"flowType":"PRODUCT_FLOW","location":"RNA","refUnit":"kg"},"value":0.0},{"@type":"AllocationFactor","allocationType":"CAUSAL_ALLOCATION","exchange":{"@type":"Exchange","internalId":23,"flow":{"@type":"Flow","@id":"fd7aa71c-508c-480d-81a6-8052aad92646","name":"Sulfur dioxide","categoryPath":["Elementary flows","Emission to air","unspecified"],"flowType":"ELEMENTARY_FLOW","refUnit":"kg"}},"product":{"@type":"Flow","@id":"80e4ff02-d959-3ec5-a5df-3ed385d7df0c","name":"Sulfur, thermochemical process","categoryPath":["Chemical Manufacturing","Ethyl alcohol manufacturing"],"flowType":"PRODUCT_FLOW","location":"RNA","refUnit":"kg"},"value":0.0},{"@type":"AllocationFactor","allocationType":"CAUSAL_ALLOCATION","exchange":{"@type":"Exchange","internalId":13,"flow":{"@type":"Flow","@id":"e82cbcb0-16ab-335b-a25d-5fda31593cae","name":"Oxygen","categoryPath":["air","unspecified"],"flowType":"ELEMENTARY_FLOW","refUnit":"kg"}},"product":{"@type":"Flow","@id":"80e4ff02-d959-3ec5-a5df-3ed385d7df0c","name":"Sulfur, thermochemical process","categoryPath":["Chemical Manufacturing","Ethyl alcohol manufacturing"],"flowType":"PRODUCT_FLOW","location":"RNA","refUnit":"kg"},"value":0.0},{"@type":"AllocationFactor","allocationType":"CAUSAL_ALLOCATION","exchange":{"@type":"Exchange","internalId":23,"flow":{"@type":"Flow","@id":"fd7aa71c-508c-480d-81a6-8052aad92646","name":"Sulfur dioxide","categoryPath":["Elementary flows","Emission to air","unspecified"],"flowType":"ELEMENTARY_FLOW","refUnit":"kg"}},"product":{"@type":"Flow","@id":"2656bfd3-ed3c-3fb8-ab93-6597836a463b","name":"Ethanol, denatured, forest residues, thermochem","categoryPath":["Chemical Manufacturing","Ethyl alcohol manufacturing"],"flowType":"PRODUCT_FLOW","location":"RNA","refUnit":"kg"},"value":0.0},{"@type":"AllocationFactor","allocationType":"CAUSAL_ALLOCATION","exchange":{"@type":"Exchange","internalId":28,"flow":{"@type":"Flow","@id":"405b0729-a9a8-308e-8f24-c6610f59b351","name":"Combustion, dry wood residue, AP-42","categoryPath":["Utilities","Other Electric Power Generation"],"flowType":"PRODUCT_FLOW","location":"RNA","refUnit":"MJ"}},"product":{"@type":"Flow","@id":"0cdd9079-9cf3-33c9-ab62-9d734c03f7df","name":"Mixed Alcohols, thermochemical process","categoryPath":["Chemical Manufacturing","Ethyl alcohol manufacturing"],"flowType":"PRODUCT_FLOW","location":"RNA","refUnit":"kg"},"value":1.0},{"@type":"AllocationFactor","allocationType":"CAUSAL_ALLOCATION","exchange":{"@type":"Exchange","internalId":3,"flow":{"@type":"Flow","@id":"57ce615d-ee8c-3c8d-8693-356b330f8445","name":"CUTOFF Sulphite, at plant","categoryPath":["CUTOFF Flows"],"flowType":"PRODUCT_FLOW","location":"RNA","refUnit":"kg"}},"product":{"@type":"Flow","@id":"2656bfd3-ed3c-3fb8-ab93-6597836a463b","name":"Ethanol, denatured, forest residues, thermochem","categoryPath":["Chemical Manufacturing","Ethyl alcohol manufacturing"],"flowType":"PRODUCT_FLOW","location":"RNA","refUnit":"kg"},"value":0.0},{"@type":"AllocationFactor","allocationType":"CAUSAL_ALLOCATION","exchange":{"@type":"Exchange","internalId":20,"flow":{"@type":"Flow","@id":"f670bb2d-c28a-3a08-9b9c-cc50bca5d126","name":"CUTOFF Energy, output","categoryPath":["CUTOFF Flows"],"flowType":"PRODUCT_FLOW","location":"RNA","refUnit":"MJ"}},"product":{"@type":"Flow","@id":"2656bfd3-ed3c-3fb8-ab93-6597836a463b","name":"Ethanol, denatured, forest residues, thermochem","categoryPath":["Chemical Manufacturing","Ethyl alcohol manufacturing"],"flowType":"PRODUCT_FLOW","location":"RNA","refUnit":"kg"},"value":0.0},{"@type":"AllocationFactor","allocationType":"CAUSAL_ALLOCATION","exchange":{"@type":"Exchange","internalId":16,"flow":{"@type":"Flow","@id":"bf2b1e5a-4c92-3974-a2fd-a68898833086","name":"Sodium hydroxide, production mix, at plant","categoryPath":["Chemical Manufacturing","All Other Basic Inorganic Chemical Manufacturing"],"flowType":"PRODUCT_FLOW","location":"US","refUnit":"kg"}},"product":{"@type":"Flow","@id":"0cdd9079-9cf3-33c9-ab62-9d734c03f7df","name":"Mixed Alcohols, thermochemical process","categoryPath":["Chemical Manufacturing","Ethyl alcohol manufacturing"],"flowType":"PRODUCT_FLOW","location":"RNA","refUnit":"kg"},"value":1.0},{"@type":"AllocationFactor","allocationType":"CAUSAL_ALLOCATION","exchange":{"@type":"Exchange","internalId":11,"flow":{"@type":"Flow","@id":"c91a1c33-a350-3a3d-8ba3-8a4a1e2faa06","name":"Nitrogen","categoryPath":["air","unspecified"],"flowType":"ELEMENTARY_FLOW","refUnit":"kg"}},"product":{"@type":"Flow","@id":"2656bfd3-ed3c-3fb8-ab93-6597836a463b","name":"Ethanol, denatured, forest residues, thermochem","categoryPath":["Chemical Manufacturing","Ethyl alcohol manufacturing"],"flowType":"PRODUCT_FLOW","location":"RNA","refUnit":"kg"},"value":0.0},{"@type":"AllocationFactor","allocationType":"CAUSAL_ALLOCATION","exchange":{"@type":"Exchange","internalId":27,"flow":{"@type":"Flow","@id":"d4870483-9b62-3edf-9421-9d8ea0bea36b","name":"CUTOFF Monoethanolamine, at plant","categoryPath":["CUTOFF Flows"],"flowType":"PRODUCT_FLOW","location":"RNA","refUnit":"kg"}},"product":{"@type":"Flow","@id":"80e4ff02-d959-3ec5-a5df-3ed385d7df0c","name":"Sulfur, thermochemical process","categoryPath":["Chemical Manufacturing","Ethyl alcohol manufacturing"],"flowType":"PRODUCT_FLOW","location":"RNA","refUnit":"kg"},"value":0.0},{"@type":"AllocationFactor","allocationType":"CAUSAL_ALLOCATION","exchange":{"@type":"Exchange","internalId":21,"flow":{"@type":"Flow","@id":"71b0c9e8-35a3-37f1-b606-7539a9eaea99","name":"Carbon dioxide, biogenic","categoryPath":["air","unspecified"],"flowType":"ELEMENTARY_FLOW","refUnit":"kg"}},"product":{"@type":"Flow","@id":"2656bfd3-ed3c-3fb8-ab93-6597836a463b","name":"Ethanol, denatured, forest residues, thermochem","categoryPath":["Chemical Manufacturing","Ethyl alcohol manufacturing"],"flowType":"PRODUCT_FLOW","location":"RNA","refUnit":"kg"},"value":0.0},{"@type":"AllocationFactor","allocationType":"CAUSAL_ALLOCATION","exchange":{"@type":"Exchange","internalId":3,"flow":{"@type":"Flow","@id":"57ce615d-ee8c-3c8d-8693-356b330f8445","name":"CUTOFF Sulphite, at plant","categoryPath":["CUTOFF Flows"],"flowType":"PRODUCT_FLOW","location":"RNA","refUnit":"kg"}},"product":{"@type":"Flow","@id":"0cdd9079-9cf3-33c9-ab62-9d734c03f7df","name":"Mixed Alcohols, thermochemical process","categoryPath":["Chemical Manufacturing","Ethyl alcohol manufacturing"],"flowType":"PRODUCT_FLOW","location":"RNA","refUnit":"kg"},"value":1.0},{"@type":"AllocationFactor","allocationType":"CAUSAL_ALLOCATION","exchange":{"@type":"Exchange","internalId":10,"flow":{"@type":"Flow","@id":"91f5f6a2-c435-36ba-9adf-64512fcff252","name":"CUTOFF Chemicals inorganic, at plant","categoryPath":["CUTOFF Flows"],"flowType":"PRODUCT_FLOW","location":"RNA","refUnit":"kg"}},"product":{"@type":"Flow","@id":"80e4ff02-d959-3ec5-a5df-3ed385d7df0c","name":"Sulfur, thermochemical process","categoryPath":["Chemical Manufacturing","Ethyl alcohol manufacturing"],"flowType":"PRODUCT_FLOW","location":"RNA","refUnit":"kg"},"value":0.0},{"@type":"AllocationFactor","allocationType":"CAUSAL_ALLOCATION","exchange":{"@type":"Exchange","internalId":12,"flow":{"@type":"Flow","@id":"0e44e579-abb0-3c77-af64-c774d65be529","name":"Gasoline, at refinery","categoryPath":["Petroleum and Coal Products Manufacturing","Petroleum Refineries"],"flowType":"PRODUCT_FLOW","refUnit":"m3"}},"product":{"@type":"Flow","@id":"0cdd9079-9cf3-33c9-ab62-9d734c03f7df","name":"Mixed Alcohols, thermochemical process","categoryPath":["Chemical Manufacturing","Ethyl alcohol manufacturing"],"flowType":"PRODUCT_FLOW","location":"RNA","refUnit":"kg"},"value":1.0},{"@type":"AllocationFactor","allocationType":"CAUSAL_ALLOCATION","exchange":{"@type":"Exchange","internalId":24,"flow":{"@type":"Flow","@id":"8f395d18-ce0c-39a8-b548-b184a6b9ee68","name":"CUTOFF Zeolite, powder, at plant","categoryPath":["CUTOFF Flows"],"flowType":"PRODUCT_FLOW","location":"RNA","refUnit":"kg"}},"product":{"@type":"Flow","@id":"2656bfd3-ed3c-3fb8-ab93-6597836a463b","name":"Ethanol, denatured, forest residues, thermochem","categoryPath":["Chemical Manufacturing","Ethyl alcohol manufacturing"],"flowType":"PRODUCT_FLOW","location":"RNA","refUnit":"kg"},"value":0.0},{"@type":"AllocationFactor","allocationType":"CAUSAL_ALLOCATION","exchange":{"@type":"Exchange","internalId":27,"flow":{"@type":"Flow","@id":"d4870483-9b62-3edf-9421-9d8ea0bea36b","name":"CUTOFF Monoethanolamine, at plant","categoryPath":["CUTOFF Flows"],"flowType":"PRODUCT_FLOW","location":"RNA","refUnit":"kg"}},"product":{"@type":"Flow","@id":"0cdd9079-9cf3-33c9-ab62-9d734c03f7df","name":"Mixed Alcohols, thermochemical process","categoryPath":["Chemical Manufacturing","Ethyl alcohol manufacturing"],"flowType":"PRODUCT_FLOW","location":"RNA","refUnit":"kg"},"value":1.0},{"@type":"AllocationFactor","allocationType":"CAUSAL_ALLOCATION","exchange":{"@type":"Exchange","internalId":9,"flow":{"@type":"Flow","@id":"b0516b6d-bb24-3546-8549-b2c035c68461","name":"CUTOFF Disposal, inert material, 0% water, to sanitary landfill","categoryPath":["CUTOFF Flows"],"flowType":"PRODUCT_FLOW","location":"RNA","refUnit":"kg"}},"product":{"@type":"Flow","@id":"2656bfd3-ed3c-3fb8-ab93-6597836a463b","name":"Ethanol, denatured, forest residues, thermochem","categoryPath":["Chemical Manufacturing","Ethyl alcohol manufacturing"],"flowType":"PRODUCT_FLOW","location":"RNA","refUnit":"kg"},"value":0.0},{"@type":"AllocationFactor","allocationType":"CAUSAL_ALLOCATION","exchange":{"@type":"Exchange","internalId":7,"flow":{"@type":"Flow","@id":"658f8e12-f566-3e01-930c-e95cf9fa2c2b","name":"Forest residue, preprocessed, at conversion facility","categoryPath":["Forestry and Logging","Unspecified"],"flowType":"PRODUCT_FLOW","location":"RNA","refUnit":"kg"}},"product":{"@type":"Flow","@id":"0cdd9079-9cf3-33c9-ab62-9d734c03f7df","name":"Mixed Alcohols, thermochemical process","categoryPath":["Chemical Manufacturing","Ethyl alcohol manufacturing"],"flowType":"PRODUCT_FLOW","location":"RNA","refUnit":"kg"},"value":1.0},{"@type":"AllocationFactor","allocationType":"CAUSAL_ALLOCATION","exchange":{"@type":"Exchange","internalId":27,"flow":{"@type":"Flow","@id":"d4870483-9b62-3edf-9421-9d8ea0bea36b","name":"CUTOFF Monoethanolamine, at plant","categoryPath":["CUTOFF Flows"],"flowType":"PRODUCT_FLOW","location":"RNA","refUnit":"kg"}},"product":{"@type":"Flow","@id":"2656bfd3-ed3c-3fb8-ab93-6597836a463b","name":"Ethanol, denatured, forest residues, thermochem","categoryPath":["Chemical Manufacturing","Ethyl alcohol manufacturing"],"flowType":"PRODUCT_FLOW","location":"RNA","refUnit":"kg"},"value":0.0},{"@type":"AllocationFactor","allocationType":"CAUSAL_ALLOCATION","exchange":{"@type":"Exchange","internalId":20,"flow":{"@type":"Flow","@id":"f670bb2d-c28a-3a08-9b9c-cc50bca5d126","name":"CUTOFF Energy, output","categoryPath":["CUTOFF Flows"],"flowType":"PRODUCT_FLOW","location":"RNA","refUnit":"MJ"}},"product":{"@type":"Flow","@id":"0cdd9079-9cf3-33c9-ab62-9d734c03f7df","name":"Mixed Alcohols, thermochemical process","categoryPath":["Chemical Manufacturing","Ethyl alcohol manufacturing"],"flowType":"PRODUCT_FLOW","location":"RNA","refUnit":"kg"},"value":1.0},{"@type":"AllocationFactor","allocationType":"CAUSAL_ALLOCATION","exchange":{"@type":"Exchange","internalId":17,"flow":{"@type":"Flow","@id":"4b5cad63-18f1-30c7-ae7c-79f60094c8f0","name":"Heat, indirect, heated zones, softwood, plywood veneer drying, AP-42","categoryPath":["Wood Product Manufacturing","Softwood Veneer and Plywood Manufacturing"],"flowType":"PRODUCT_FLOW","location":"RNA","refUnit":"kg"}},"product":{"@type":"Flow","@id":"80e4ff02-d959-3ec5-a5df-3ed385d7df0c","name":"Sulfur, thermochemical process","categoryPath":["Chemical Manufacturing","Ethyl alcohol manufacturing"],"flowType":"PRODUCT_FLOW","location":"RNA","refUnit":"kg"},"value":0.0},{"@type":"AllocationFactor","allocationType":"CAUSAL_ALLOCATION","exchange":{"@type":"Exchange","internalId":13,"flow":{"@type":"Flow","@id":"e82cbcb0-16ab-335b-a25d-5fda31593cae","name":"Oxygen","categoryPath":["air","unspecified"],"flowType":"ELEMENTARY_FLOW","refUnit":"kg"}},"product":{"@type":"Flow","@id":"0cdd9079-9cf3-33c9-ab62-9d734c03f7df","name":"Mixed Alcohols, thermochemical process","categoryPath":["Chemical Manufacturing","Ethyl alcohol manufacturing"],"flowType":"PRODUCT_FLOW","location":"RNA","refUnit":"kg"},"value":1.0},{"@type":"AllocationFactor","allocationType":"CAUSAL_ALLOCATION","exchange":{"@type":"Exchange","internalId":30,"flow":{"@type":"Flow","@id":"0b7e10a8-6ca0-4a50-a39b-f2a019cb3610","name":"Nitrogen dioxide","categoryPath":["Elementary flows","Emission to air","unspecified"],"flowType":"ELEMENTARY_FLOW","refUnit":"kg"}},"product":{"@type":"Flow","@id":"0cdd9079-9cf3-33c9-ab62-9d734c03f7df","name":"Mixed Alcohols, thermochemical process","categoryPath":["Chemical Manufacturing","Ethyl alcohol manufacturing"],"flowType":"PRODUCT_FLOW","location":"RNA","refUnit":"kg"},"value":1.0},{"@type":"AllocationFactor","allocationType":"CAUSAL_ALLOCATION","exchange":{"@type":"Exchange","internalId":10,"flow":{"@type":"Flow","@id":"91f5f6a2-c435-36ba-9adf-64512fcff252","name":"CUTOFF Chemicals inorganic, at plant","categoryPath":["CUTOFF Flows"],"flowType":"PRODUCT_FLOW","location":"RNA","refUnit":"kg"}},"product":{"@type":"Flow","@id":"0cdd9079-9cf3-33c9-ab62-9d734c03f7df","name":"Mixed Alcohols, thermochemical process","categoryPath":["Chemical Manufacturing","Ethyl alcohol manufacturing"],"flowType":"PRODUCT_FLOW","location":"RNA","refUnit":"kg"},"value":1.0},{"@type":"AllocationFactor","allocationType":"CAUSAL_ALLOCATION","exchange":{"@type":"Exchange","internalId":5,"flow":{"@type":"Flow","@id":"b8878faf-028f-344c-a89b-de77b46b8617","name":"Oxygen, in air","categoryPath":["resource","unspecified"],"flowType":"ELEMENTARY_FLOW","refUnit":"kg"}},"product":{"@type":"Flow","@id":"2656bfd3-ed3c-3fb8-ab93-6597836a463b","name":"Ethanol, denatured, forest residues, thermochem","categoryPath":["Chemical Manufacturing","Ethyl alcohol manufacturing"],"flowType":"PRODUCT_FLOW","location":"RNA","refUnit":"kg"},"value":0.0},{"@type":"AllocationFactor","allocationType":"CAUSAL_ALLOCATION","exchange":{"@type":"Exchange","internalId":15,"flow":{"@type":"Flow","@id":"0cc6f1f6-5ff4-36c7-ba84-472348971d75","name":"CUTOFF Silica sand, at plant","categoryPath":["CUTOFF Flows"],"flowType":"PRODUCT_FLOW","location":"RNA","refUnit":"kg"}},"product":{"@type":"Flow","@id":"80e4ff02-d959-3ec5-a5df-3ed385d7df0c","name":"Sulfur, thermochemical process","categoryPath":["Chemical Manufacturing","Ethyl alcohol manufacturing"],"flowType":"PRODUCT_FLOW","location":"RNA","refUnit":"kg"},"value":0.0},{"@type":"AllocationFactor","allocationType":"CAUSAL_ALLOCATION","exchange":{"@type":"Exchange","internalId":14,"flow":{"@type":"Flow","@id":"d939590b-a0d7-310c-8952-9921ed64a078","name":"Diesel, at refinery","categoryPath":["Petroleum and Coal Products Manufacturing","Petroleum Refineries"],"flowType":"PRODUCT_FLOW","refUnit":"m3"}},"product":{"@type":"Flow","@id":"0cdd9079-9cf3-33c9-ab62-9d734c03f7df","name":"Mixed Alcohols, thermochemical process","categoryPath":["Chemical Manufacturing","Ethyl alcohol manufacturing"],"flowType":"PRODUCT_FLOW","location":"RNA","refUnit":"kg"},"value":1.0},{"@type":"AllocationFactor","allocationType":"CAUSAL_ALLOCATION","exchange":{"@type":"Exchange","internalId":4,"flow":{"@type":"Flow","@id":"e42f7027-df85-352b-9eac-ae48dbd7b141","name":"CUTOFF Thermochemical Conversion Plant","categoryPath":["CUTOFF Flows"],"flowType":"PRODUCT_FLOW","location":"RNA","refUnit":"Item(s)"}},"product":{"@type":"Flow","@id":"2656bfd3-ed3c-3fb8-ab93-6597836a463b","name":"Ethanol, denatured, forest residues, thermochem","categoryPath":["Chemical Manufacturing","Ethyl alcohol manufacturing"],"flowType":"PRODUCT_FLOW","location":"RNA","refUnit":"kg"},"value":0.0},{"@type":"AllocationFactor","allocationType":"ECONOMIC_ALLOCATION","product":{"@type":"Flow","@id":"2656bfd3-ed3c-3fb8-ab93-6597836a463b","name":"Ethanol, denatured, forest residues, thermochem","categoryPath":["Chemical Manufacturing","Ethyl alcohol manufacturing"],"flowType":"PRODUCT_FLOW","location":"RNA","refUnit":"kg"},"value":0.0},{"@type":"AllocationFactor","allocationType":"CAUSAL_ALLOCATION","exchange":{"@type":"Exchange","internalId":5,"flow":{"@type":"Flow","@id":"b8878faf-028f-344c-a89b-de77b46b8617","name":"Oxygen, in air","categoryPath":["resource","unspecified"],"flowType":"ELEMENTARY_FLOW","refUnit":"kg"}},"product":{"@type":"Flow","@id":"0cdd9079-9cf3-33c9-ab62-9d734c03f7df","name":"Mixed Alcohols, thermochemical process","categoryPath":["Chemical Manufacturing","Ethyl alcohol manufacturing"],"flowType":"PRODUCT_FLOW","location":"RNA","refUnit":"kg"},"value":1.0},{"@type":"AllocationFactor","allocationType":"CAUSAL_ALLOCATION","exchange":{"@type":"Exchange","internalId":11,"flow":{"@type":"Flow","@id":"c91a1c33-a350-3a3d-8ba3-8a4a1e2faa06","name":"Nitrogen","categoryPath":["air","unspecified"],"flowType":"ELEMENTARY_FLOW","refUnit":"kg"}},"product":{"@type":"Flow","@id":"80e4ff02-d959-3ec5-a5df-3ed385d7df0c","name":"Sulfur, thermochemical process","categoryPath":["Chemical Manufacturing","Ethyl alcohol manufacturing"],"flowType":"PRODUCT_FLOW","location":"RNA","refUnit":"kg"},"value":0.0},{"@type":"AllocationFactor","allocationType":"CAUSAL_ALLOCATION","exchange":{"@type":"Exchange","internalId":28,"flow":{"@type":"Flow","@id":"405b0729-a9a8-308e-8f24-c6610f59b351","name":"Combustion, dry wood residue, AP-42","categoryPath":["Utilities","Other Electric Power Generation"],"flowType":"PRODUCT_FLOW","location":"RNA","refUnit":"MJ"}},"product":{"@type":"Flow","@id":"80e4ff02-d959-3ec5-a5df-3ed385d7df0c","name":"Sulfur, thermochemical process","categoryPath":["Chemical Manufacturing","Ethyl alcohol manufacturing"],"flowType":"PRODUCT_FLOW","location":"RNA","refUnit":"kg"},"value":0.0},{"@type":"AllocationFactor","allocationType":"CAUSAL_ALLOCATION","exchange":{"@type":"Exchange","internalId":31,"flow":{"@type":"Flow","@id":"ed544201-b6df-3d3e-babf-47f018ca2637","name":"Water","categoryPath":["Elementary flows"],"flowType":"ELEMENTARY_FLOW","refUnit":"kg"}},"product":{"@type":"Flow","@id":"0cdd9079-9cf3-33c9-ab62-9d734c03f7df","name":"Mixed Alcohols, thermochemical process","categoryPath":["Chemical Manufacturing","Ethyl alcohol manufacturing"],"flowType":"PRODUCT_FLOW","location":"RNA","refUnit":"kg"},"value":1.0},{"@type":"AllocationFactor","allocationType":"CAUSAL_ALLOCATION","exchange":{"@type":"Exchange","internalId":21,"flow":{"@type":"Flow","@id":"71b0c9e8-35a3-37f1-b606-7539a9eaea99","name":"Carbon dioxide, biogenic","categoryPath":["air","unspecified"],"flowType":"ELEMENTARY_FLOW","refUnit":"kg"}},"product":{"@type":"Flow","@id":"0cdd9079-9cf3-33c9-ab62-9d734c03f7df","name":"Mixed Alcohols, thermochemical process","categoryPath":["Chemical Manufacturing","Ethyl alcohol manufacturing"],"flowType":"PRODUCT_FLOW","location":"RNA","refUnit":"kg"},"value":1.0},{"@type":"AllocationFactor","allocationType":"CAUSAL_ALLOCATION","exchange":{"@type":"Exchange","internalId":4,"flow":{"@type":"Flow","@id":"e42f7027-df85-352b-9eac-ae48dbd7b141","name":"CUTOFF Thermochemical Conversion Plant","categoryPath":["CUTOFF Flows"],"flowType":"PRODUCT_FLOW","location":"RNA","refUnit":"Item(s)"}},"product":{"@type":"Flow","@id":"80e4ff02-d959-3ec5-a5df-3ed385d7df0c","name":"Sulfur, thermochemical process","categoryPath":["Chemical Manufacturing","Ethyl alcohol manufacturing"],"flowType":"PRODUCT_FLOW","location":"RNA","refUnit":"kg"},"value":0.0},{"@type":"AllocationFactor","allocationType":"CAUSAL_ALLOCATION","exchange":{"@type":"Exchange","internalId":2,"flow":{"@type":"Flow","@id":"87883a4e-1e3e-4c9d-90c0-f1bea36f8014","name":"Ammonia","categoryPath":["Elementary flows","NETL Coal Elementary Flows","air","unspecified"],"flowType":"ELEMENTARY_FLOW","refUnit":"kg"}},"product":{"@type":"Flow","@id":"2656bfd3-ed3c-3fb8-ab93-6597836a463b","name":"Ethanol, denatured, forest residues, thermochem","categoryPath":["Chemical Manufacturing","Ethyl alcohol manufacturing"],"flowType":"PRODUCT_FLOW","location":"RNA","refUnit":"kg"},"value":0.0},{"@type":"AllocationFactor","allocationType":"CAUSAL_ALLOCATION","exchange":{"@type":"Exchange","internalId":30,"flow":{"@type":"Flow","@id":"0b7e10a8-6ca0-4a50-a39b-f2a019cb3610","name":"Nitrogen dioxide","categoryPath":["Elementary flows","Emission to air","unspecified"],"flowType":"ELEMENTARY_FLOW","refUnit":"kg"}},"product":{"@type":"Flow","@id":"80e4ff02-d959-3ec5-a5df-3ed385d7df0c","name":"Sulfur, thermochemical process","categoryPath":["Chemical Manufacturing","Ethyl alcohol manufacturing"],"flowType":"PRODUCT_FLOW","location":"RNA","refUnit":"kg"},"value":0.0},{"@type":"AllocationFactor","allocationType":"CAUSAL_ALLOCATION","exchange":{"@type":"Exchange","internalId":25,"flow":{"@type":"Flow","@id":"0f2bfe0f-76ff-36cb-bc35-abca9c747602","name":"CUTOFF Magnesium oxide, at plant","categoryPath":["CUTOFF Flows"],"flowType":"PRODUCT_FLOW","location":"RNA","refUnit":"kg"}},"product":{"@type":"Flow","@id":"2656bfd3-ed3c-3fb8-ab93-6597836a463b","name":"Ethanol, denatured, forest residues, thermochem","categoryPath":["Chemical Manufacturing","Ethyl alcohol manufacturing"],"flowType":"PRODUCT_FLOW","location":"RNA","refUnit":"kg"},"value":0.0},{"@type":"AllocationFactor","allocationType":"CAUSAL_ALLOCATION","exchange":{"@type":"Exchange","internalId":10,"flow":{"@type":"Flow","@id":"91f5f6a2-c435-36ba-9adf-64512fcff252","name":"CUTOFF Chemicals inorganic, at plant","categoryPath":["CUTOFF Flows"],"flowType":"PRODUCT_FLOW","location":"RNA","refUnit":"kg"}},"product":{"@type":"Flow","@id":"2656bfd3-ed3c-3fb8-ab93-6597836a463b","name":"Ethanol, denatured, forest residues, thermochem","categoryPath":["Chemical Manufacturing","Ethyl alcohol manufacturing"],"flowType":"PRODUCT_FLOW","location":"RNA","refUnit":"kg"},"value":0.0},{"@type":"AllocationFactor","allocationType":"CAUSAL_ALLOCATION","exchange":{"@type":"Exchange","internalId":13,"flow":{"@type":"Flow","@id":"e82cbcb0-16ab-335b-a25d-5fda31593cae","name":"Oxygen","categoryPath":["air","unspecified"],"flowType":"ELEMENTARY_FLOW","refUnit":"kg"}},"product":{"@type":"Flow","@id":"2656bfd3-ed3c-3fb8-ab93-6597836a463b","name":"Ethanol, denatured, forest residues, thermochem","categoryPath":["Chemical Manufacturing","Ethyl alcohol manufacturing"],"flowType":"PRODUCT_FLOW","location":"RNA","refUnit":"kg"},"value":0.0},{"@type":"AllocationFactor","allocationType":"CAUSAL_ALLOCATION","exchange":{"@type":"Exchange","internalId":14,"flow":{"@type":"Flow","@id":"d939590b-a0d7-310c-8952-9921ed64a078","name":"Diesel, at refinery","categoryPath":["Petroleum and Coal Products Manufacturing","Petroleum Refineries"],"flowType":"PRODUCT_FLOW","refUnit":"m3"}},"product":{"@type":"Flow","@id":"80e4ff02-d959-3ec5-a5df-3ed385d7df0c","name":"Sulfur, thermochemical process","categoryPath":["Chemical Manufacturing","Ethyl alcohol manufacturing"],"flowType":"PRODUCT_FLOW","location":"RNA","refUnit":"kg"},"value":0.0},{"@type":"AllocationFactor","allocationType":"CAUSAL_ALLOCATION","exchange":{"@type":"Exchange","internalId":22,"flow":{"@type":"Flow","@id":"c87baf7e-fe42-356d-90f9-830210a4ba14","name":"Nitrogen, in air","categoryPath":["resource","unspecified"],"flowType":"ELEMENTARY_FLOW","refUnit":"kg"}},"product":{"@type":"Flow","@id":"0cdd9079-9cf3-33c9-ab62-9d734c03f7df","name":"Mixed Alcohols, thermochemical process","categoryPath":["Chemical Manufacturing","Ethyl alcohol manufacturing"],"flowType":"PRODUCT_FLOW","location":"RNA","refUnit":"kg"},"value":1.0},{"@type":"AllocationFactor","allocationType":"ECONOMIC_ALLOCATION","product":{"@type":"Flow","@id":"0cdd9079-9cf3-33c9-ab62-9d734c03f7df","name":"Mixed Alcohols, thermochemical process","categoryPath":["Chemical Manufacturing","Ethyl alcohol manufacturing"],"flowType":"PRODUCT_FLOW","location":"RNA","refUnit":"kg"},"value":1.0},{"@type":"AllocationFactor","allocationType":"CAUSAL_ALLOCATION","exchange":{"@type":"Exchange","internalId":30,"flow":{"@type":"Flow","@id":"0b7e10a8-6ca0-4a50-a39b-f2a019cb3610","name":"Nitrogen dioxide","categoryPath":["Elementary flows","Emission to air","unspecified"],"flowType":"ELEMENTARY_FLOW","refUnit":"kg"}},"product":{"@type":"Flow","@id":"2656bfd3-ed3c-3fb8-ab93-6597836a463b","name":"Ethanol, denatured, forest residues, thermochem","categoryPath":["Chemical Manufacturing","Ethyl alcohol manufacturing"],"flowType":"PRODUCT_FLOW","location":"RNA","refUnit":"kg"},"value":0.0},{"@type":"AllocationFactor","allocationType":"CAUSAL_ALLOCATION","exchange":{"@type":"Exchange","internalId":15,"flow":{"@type":"Flow","@id":"0cc6f1f6-5ff4-36c7-ba84-472348971d75","name":"CUTOFF Silica sand, at plant","categoryPath":["CUTOFF Flows"],"flowType":"PRODUCT_FLOW","location":"RNA","refUnit":"kg"}},"product":{"@type":"Flow","@id":"0cdd9079-9cf3-33c9-ab62-9d734c03f7df","name":"Mixed Alcohols, thermochemical process","categoryPath":["Chemical Manufacturing","Ethyl alcohol manufacturing"],"flowType":"PRODUCT_FLOW","location":"RNA","refUnit":"kg"},"value":1.0},{"@type":"AllocationFactor","allocationType":"CAUSAL_ALLOCATION","exchange":{"@type":"Exchange","internalId":19,"flow":{"@type":"Flow","@id":"b15b4f72-fc9c-3a44-8cf9-db4f3aed810b","name":"Water, process, unspecified natural origin/kg","categoryPath":["resource","in ground"],"flowType":"ELEMENTARY_FLOW","refUnit":"kg"}},"product":{"@type":"Flow","@id":"0cdd9079-9cf3-33c9-ab62-9d734c03f7df","name":"Mixed Alcohols, thermochemical process","categoryPath":["Chemical Manufacturing","Ethyl alcohol manufacturing"],"flowType":"PRODUCT_FLOW","location":"RNA","refUnit":"kg"},"value":1.0},{"@type":"AllocationFactor","allocationType":"CAUSAL_ALLOCATION","exchange":{"@type":"Exchange","internalId":16,"flow":{"@type":"Flow","@id":"bf2b1e5a-4c92-3974-a2fd-a68898833086","name":"Sodium hydroxide, production mix, at plant","categoryPath":["Chemical Manufacturing","All Other Basic Inorganic Chemical Manufacturing"],"flowType":"PRODUCT_FLOW","location":"US","refUnit":"kg"}},"product":{"@type":"Flow","@id":"80e4ff02-d959-3ec5-a5df-3ed385d7df0c","name":"Sulfur, thermochemical process","categoryPath":["Chemical Manufacturing","Ethyl alcohol manufacturing"],"flowType":"PRODUCT_FLOW","location":"RNA","refUnit":"kg"},"value":0.0},{"@type":"AllocationFactor","allocationType":"CAUSAL_ALLOCATION","exchange":{"@type":"Exchange","internalId":2,"flow":{"@type":"Flow","@id":"87883a4e-1e3e-4c9d-90c0-f1bea36f8014","name":"Ammonia","categoryPath":["Elementary flows","NETL Coal Elementary Flows","air","unspecified"],"flowType":"ELEMENTARY_FLOW","refUnit":"kg"}},"product":{"@type":"Flow","@id":"0cdd9079-9cf3-33c9-ab62-9d734c03f7df","name":"Mixed Alcohols, thermochemical process","categoryPath":["Chemical Manufacturing","Ethyl alcohol manufacturing"],"flowType":"PRODUCT_FLOW","location":"RNA","refUnit":"kg"},"value":1.0},{"@type":"AllocationFactor","allocationType":"CAUSAL_ALLOCATION","exchange":{"@type":"Exchange","internalId":14,"flow":{"@type":"Flow","@id":"d939590b-a0d7-310c-8952-9921ed64a078","name":"Diesel, at refinery","categoryPath":["Petroleum and Coal Products Manufacturing","Petroleum Refineries"],"flowType":"PRODUCT_FLOW","refUnit":"m3"}},"product":{"@type":"Flow","@id":"2656bfd3-ed3c-3fb8-ab93-6597836a463b","name":"Ethanol, denatured, forest residues, thermochem","categoryPath":["Chemical Manufacturing","Ethyl alcohol manufacturing"],"flowType":"PRODUCT_FLOW","location":"RNA","refUnit":"kg"},"value":0.0},{"@type":"AllocationFactor","allocationType":"CAUSAL_ALLOCATION","exchange":{"@type":"Exchange","internalId":22,"flow":{"@type":"Flow","@id":"c87baf7e-fe42-356d-90f9-830210a4ba14","name":"Nitrogen, in air","categoryPath":["resource","unspecified"],"flowType":"ELEMENTARY_FLOW","refUnit":"kg"}},"product":{"@type":"Flow","@id":"80e4ff02-d959-3ec5-a5df-3ed385d7df0c","name":"Sulfur, thermochemical process","categoryPath":["Chemical Manufacturing","Ethyl alcohol manufacturing"],"flowType":"PRODUCT_FLOW","location":"RNA","refUnit":"kg"},"value":0.0},{"@type":"AllocationFactor","allocationType":"CAUSAL_ALLOCATION","exchange":{"@type":"Exchange","internalId":22,"flow":{"@type":"Flow","@id":"c87baf7e-fe42-356d-90f9-830210a4ba14","name":"Nitrogen, in air","categoryPath":["resource","unspecified"],"flowType":"ELEMENTARY_FLOW","refUnit":"kg"}},"product":{"@type":"Flow","@id":"2656bfd3-ed3c-3fb8-ab93-6597836a463b","name":"Ethanol, denatured, forest residues, thermochem","categoryPath":["Chemical Manufacturing","Ethyl alcohol manufacturing"],"flowType":"PRODUCT_FLOW","location":"RNA","refUnit":"kg"},"value":0.0},{"@type":"AllocationFactor","allocationType":"CAUSAL_ALLOCATION","exchange":{"@type":"Exchange","internalId":32,"flow":{"@type":"Flow","@id":"9b19c6cf-a967-3132-bfd5-45d394feb0f5","name":"CUTOFF Hydrochloric acid, 30% in H2O, at plant","categoryPath":["CUTOFF Flows"],"flowType":"PRODUCT_FLOW","location":"RNA","refUnit":"kg"}},"product":{"@type":"Flow","@id":"0cdd9079-9cf3-33c9-ab62-9d734c03f7df","name":"Mixed Alcohols, thermochemical process","categoryPath":["Chemical Manufacturing","Ethyl alcohol manufacturing"],"flowType":"PRODUCT_FLOW","location":"RNA","refUnit":"kg"},"value":1.0},{"@type":"AllocationFactor","allocationType":"CAUSAL_ALLOCATION","exchange":{"@type":"Exchange","internalId":15,"flow":{"@type":"Flow","@id":"0cc6f1f6-5ff4-36c7-ba84-472348971d75","name":"CUTOFF Silica sand, at plant","categoryPath":["CUTOFF Flows"],"flowType":"PRODUCT_FLOW","location":"RNA","refUnit":"kg"}},"product":{"@type":"Flow","@id":"2656bfd3-ed3c-3fb8-ab93-6597836a463b","name":"Ethanol, denatured, forest residues, thermochem","categoryPath":["Chemical Manufacturing","Ethyl alcohol manufacturing"],"flowType":"PRODUCT_FLOW","location":"RNA","refUnit":"kg"},"value":0.0},{"@type":"AllocationFactor","allocationType":"CAUSAL_ALLOCATION","exchange":{"@type":"Exchange","internalId":20,"flow":{"@type":"Flow","@id":"f670bb2d-c28a-3a08-9b9c-cc50bca5d126","name":"CUTOFF Energy, output","categoryPath":["CUTOFF Flows"],"flowType":"PRODUCT_FLOW","location":"RNA","refUnit":"MJ"}},"product":{"@type":"Flow","@id":"80e4ff02-d959-3ec5-a5df-3ed385d7df0c","name":"Sulfur, thermochemical process","categoryPath":["Chemical Manufacturing","Ethyl alcohol manufacturing"],"flowType":"PRODUCT_FLOW","location":"RNA","refUnit":"kg"},"value":0.0},{"@type":"AllocationFactor","allocationType":"CAUSAL_ALLOCATION","exchange":{"@type":"Exchange","internalId":8,"flow":{"@type":"Flow","@id":"afd4c345-5431-305a-b95b-6c33e7843c11","name":"CUTOFF Disposal, wood ash mixture, pure, 0% water, to sanitary landfill","categoryPath":["CUTOFF Flows"],"flowType":"PRODUCT_FLOW","location":"RNA","refUnit":"kg"}},"product":{"@type":"Flow","@id":"80e4ff02-d959-3ec5-a5df-3ed385d7df0c","name":"Sulfur, thermochemical process","categoryPath":["Chemical Manufacturing","Ethyl alcohol manufacturing"],"flowType":"PRODUCT_FLOW","location":"RNA","refUnit":"kg"},"value":0.0},{"@type":"AllocationFactor","allocationType":"CAUSAL_ALLOCATION","exchange":{"@type":"Exchange","internalId":19,"flow":{"@type":"Flow","@id":"b15b4f72-fc9c-3a44-8cf9-db4f3aed810b","name":"Water, process, unspecified natural origin/kg","categoryPath":["resource","in ground"],"flowType":"ELEMENTARY_FLOW","refUnit":"kg"}},"product":{"@type":"Flow","@id":"2656bfd3-ed3c-3fb8-ab93-6597836a463b","name":"Ethanol, denatured, forest residues, thermochem","categoryPath":["Chemical Manufacturing","Ethyl alcohol manufacturing"],"flowType":"PRODUCT_FLOW","location":"RNA","refUnit":"kg"},"value":0.0},{"@type":"AllocationFactor","allocationType":"CAUSAL_ALLOCATION","exchange":{"@type":"Exchange","internalId":32,"flow":{"@type":"Flow","@id":"9b19c6cf-a967-3132-bfd5-45d394feb0f5","name":"CUTOFF Hydrochloric acid, 30% in H2O, at plant","categoryPath":["CUTOFF Flows"],"flowType":"PRODUCT_FLOW","location":"RNA","refUnit":"kg"}},"product":{"@type":"Flow","@id":"80e4ff02-d959-3ec5-a5df-3ed385d7df0c","name":"Sulfur, thermochemical process","categoryPath":["Chemical Manufacturing","Ethyl alcohol manufacturing"],"flowType":"PRODUCT_FLOW","location":"RNA","refUnit":"kg"},"value":0.0},{"@type":"AllocationFactor","allocationType":"ECONOMIC_ALLOCATION","product":{"@type":"Flow","@id":"80e4ff02-d959-3ec5-a5df-3ed385d7df0c","name":"Sulfur, thermochemical process","categoryPath":["Chemical Manufacturing","Ethyl alcohol manufacturing"],"flowType":"PRODUCT_FLOW","location":"RNA","refUnit":"kg"},"value":0.0},{"@type":"AllocationFactor","allocationType":"CAUSAL_ALLOCATION","exchange":{"@type":"Exchange","internalId":4,"flow":{"@type":"Flow","@id":"e42f7027-df85-352b-9eac-ae48dbd7b141","name":"CUTOFF Thermochemical Conversion Plant","categoryPath":["CUTOFF Flows"],"flowType":"PRODUCT_FLOW","location":"RNA","refUnit":"Item(s)"}},"product":{"@type":"Flow","@id":"0cdd9079-9cf3-33c9-ab62-9d734c03f7df","name":"Mixed Alcohols, thermochemical process","categoryPath":["Chemical Manufacturing","Ethyl alcohol manufacturing"],"flowType":"PRODUCT_FLOW","location":"RNA","refUnit":"kg"},"value":1.0},{"@type":"AllocationFactor","allocationType":"CAUSAL_ALLOCATION","exchange":{"@type":"Exchange","internalId":26,"flow":{"@type":"Flow","@id":"e956d205-4219-3792-992c-2c71d793b1b1","name":"Water, cooling, unspecified natural origin/kg","categoryPath":["resource","unspecified"],"flowType":"ELEMENTARY_FLOW","refUnit":"kg"}},"product":{"@type":"Flow","@id":"0cdd9079-9cf3-33c9-ab62-9d734c03f7df","name":"Mixed Alcohols, thermochemical process","categoryPath":["Chemical Manufacturing","Ethyl alcohol manufacturing"],"flowType":"PRODUCT_FLOW","location":"RNA","refUnit":"kg"},"value":1.0},{"@type":"AllocationFactor","allocationType":"CAUSAL_ALLOCATION","exchange":{"@type":"Exchange","internalId":8,"flow":{"@type":"Flow","@id":"afd4c345-5431-305a-b95b-6c33e7843c11","name":"CUTOFF Disposal, wood ash mixture, pure, 0% water, to sanitary landfill","categoryPath":["CUTOFF Flows"],"flowType":"PRODUCT_FLOW","location":"RNA","refUnit":"kg"}},"product":{"@type":"Flow","@id":"2656bfd3-ed3c-3fb8-ab93-6597836a463b","name":"Ethanol, denatured, forest residues, thermochem","categoryPath":["Chemical Manufacturing","Ethyl alcohol manufacturing"],"flowType":"PRODUCT_FLOW","location":"RNA","refUnit":"kg"},"value":0.0},{"@type":"AllocationFactor","allocationType":"CAUSAL_ALLOCATION","exchange":{"@type":"Exchange","internalId":23,"flow":{"@type":"Flow","@id":"fd7aa71c-508c-480d-81a6-8052aad92646","name":"Sulfur dioxide","categoryPath":["Elementary flows","Emission to air","unspecified"],"flowType":"ELEMENTARY_FLOW","refUnit":"kg"}},"product":{"@type":"Flow","@id":"0cdd9079-9cf3-33c9-ab62-9d734c03f7df","name":"Mixed Alcohols, thermochemical process","categoryPath":["Chemical Manufacturing","Ethyl alcohol manufacturing"],"flowType":"PRODUCT_FLOW","location":"RNA","refUnit":"kg"},"value":1.0},{"@type":"AllocationFactor","allocationType":"CAUSAL_ALLOCATION","exchange":{"@type":"Exchange","internalId":12,"flow":{"@type":"Flow","@id":"0e44e579-abb0-3c77-af64-c774d65be529","name":"Gasoline, at refinery","categoryPath":["Petroleum and Coal Products Manufacturing","Petroleum Refineries"],"flowType":"PRODUCT_FLOW","refUnit":"m3"}},"product":{"@type":"Flow","@id":"2656bfd3-ed3c-3fb8-ab93-6597836a463b","name":"Ethanol, denatured, forest residues, thermochem","categoryPath":["Chemical Manufacturing","Ethyl alcohol manufacturing"],"flowType":"PRODUCT_FLOW","location":"RNA","refUnit":"kg"},"value":0.0},{"@type":"AllocationFactor","allocationType":"CAUSAL_ALLOCATION","exchange":{"@type":"Exchange","internalId":29,"flow":{"@type":"Flow","@id":"26b65812-d78d-391e-b9cc-0b1152c31bce","name":"CUTOFF Treatment, sewage, unpolluted, to wastewater treatment, class 3","categoryPath":["CUTOFF Flows"],"flowType":"PRODUCT_FLOW","location":"RNA","refUnit":"m3"}},"product":{"@type":"Flow","@id":"80e4ff02-d959-3ec5-a5df-3ed385d7df0c","name":"Sulfur, thermochemical process","categoryPath":["Chemical Manufacturing","Ethyl alcohol manufacturing"],"flowType":"PRODUCT_FLOW","location":"RNA","refUnit":"kg"},"value":0.0},{"@type":"AllocationFactor","allocationType":"CAUSAL_ALLOCATION","exchange":{"@type":"Exchange","internalId":16,"flow":{"@type":"Flow","@id":"bf2b1e5a-4c92-3974-a2fd-a68898833086","name":"Sodium hydroxide, production mix, at plant","categoryPath":["Chemical Manufacturing","All Other Basic Inorganic Chemical Manufacturing"],"flowType":"PRODUCT_FLOW","location":"US","refUnit":"kg"}},"product":{"@type":"Flow","@id":"2656bfd3-ed3c-3fb8-ab93-6597836a463b","name":"Ethanol, denatured, forest residues, thermochem","categoryPath":["Chemical Manufacturing","Ethyl alcohol manufacturing"],"flowType":"PRODUCT_FLOW","location":"RNA","refUnit":"kg"},"value":0.0},{"@type":"AllocationFactor","allocationType":"CAUSAL_ALLOCATION","exchange":{"@type":"Exchange","internalId":25,"flow":{"@type":"Flow","@id":"0f2bfe0f-76ff-36cb-bc35-abca9c747602","name":"CUTOFF Magnesium oxide, at plant","categoryPath":["CUTOFF Flows"],"flowType":"PRODUCT_FLOW","location":"RNA","refUnit":"kg"}},"product":{"@type":"Flow","@id":"0cdd9079-9cf3-33c9-ab62-9d734c03f7df","name":"Mixed Alcohols, thermochemical process","categoryPath":["Chemical Manufacturing","Ethyl alcohol manufacturing"],"flowType":"PRODUCT_FLOW","location":"RNA","refUnit":"kg"},"value":1.0},{"@type":"AllocationFactor","allocationType":"CAUSAL_ALLOCATION","exchange":{"@type":"Exchange","internalId":29,"flow":{"@type":"Flow","@id":"26b65812-d78d-391e-b9cc-0b1152c31bce","name":"CUTOFF Treatment, sewage, unpolluted, to wastewater treatment, class 3","categoryPath":["CUTOFF Flows"],"flowType":"PRODUCT_FLOW","location":"RNA","refUnit":"m3"}},"product":{"@type":"Flow","@id":"2656bfd3-ed3c-3fb8-ab93-6597836a463b","name":"Ethanol, denatured, forest residues, thermochem","categoryPath":["Chemical Manufacturing","Ethyl alcohol manufacturing"],"flowType":"PRODUCT_FLOW","location":"RNA","refUnit":"kg"},"value":0.0},{"@type":"AllocationFactor","allocationType":"CAUSAL_ALLOCATION","exchange":{"@type":"Exchange","internalId":9,"flow":{"@type":"Flow","@id":"b0516b6d-bb24-3546-8549-b2c035c68461","name":"CUTOFF Disposal, inert material, 0% water, to sanitary landfill","categoryPath":["CUTOFF Flows"],"flowType":"PRODUCT_FLOW","location":"RNA","refUnit":"kg"}},"product":{"@type":"Flow","@id":"80e4ff02-d959-3ec5-a5df-3ed385d7df0c","name":"Sulfur, thermochemical process","categoryPath":["Chemical Manufacturing","Ethyl alcohol manufacturing"],"flowType":"PRODUCT_FLOW","location":"RNA","refUnit":"kg"},"value":0.0},{"@type":"AllocationFactor","allocationType":"CAUSAL_ALLOCATION","exchange":{"@type":"Exchange","internalId":12,"flow":{"@type":"Flow","@id":"0e44e579-abb0-3c77-af64-c774d65be529","name":"Gasoline, at refinery","categoryPath":["Petroleum and Coal Products Manufacturing","Petroleum Refineries"],"flowType":"PRODUCT_FLOW","refUnit":"m3"}},"product":{"@type":"Flow","@id":"80e4ff02-d959-3ec5-a5df-3ed385d7df0c","name":"Sulfur, thermochemical process","categoryPath":["Chemical Manufacturing","Ethyl alcohol manufacturing"],"flowType":"PRODUCT_FLOW","location":"RNA","refUnit":"kg"},"value":0.0},{"@type":"AllocationFactor","allocationType":"CAUSAL_ALLOCATION","exchange":{"@type":"Exchange","internalId":29,"flow":{"@type":"Flow","@id":"26b65812-d78d-391e-b9cc-0b1152c31bce","name":"CUTOFF Treatment, sewage, unpolluted, to wastewater treatment, class 3","categoryPath":["CUTOFF Flows"],"flowType":"PRODUCT_FLOW","location":"RNA","refUnit":"m3"}},"product":{"@type":"Flow","@id":"0cdd9079-9cf3-33c9-ab62-9d734c03f7df","name":"Mixed Alcohols, thermochemical process","categoryPath":["Chemical Manufacturing","Ethyl alcohol manufacturing"],"flowType":"PRODUCT_FLOW","location":"RNA","refUnit":"kg"},"value":1.0},{"@type":"AllocationFactor","allocationType":"CAUSAL_ALLOCATION","exchange":{"@type":"Exchange","internalId":31,"flow":{"@type":"Flow","@id":"ed544201-b6df-3d3e-babf-47f018ca2637","name":"Water","categoryPath":["Elementary flows"],"flowType":"ELEMENTARY_FLOW","refUnit":"kg"}},"product":{"@type":"Flow","@id":"80e4ff02-d959-3ec5-a5df-3ed385d7df0c","name":"Sulfur, thermochemical process","categoryPath":["Chemical Manufacturing","Ethyl alcohol manufacturing"],"flowType":"PRODUCT_FLOW","location":"RNA","refUnit":"kg"},"value":0.0},{"@type":"AllocationFactor","allocationType":"CAUSAL_ALLOCATION","exchange":{"@type":"Exchange","internalId":24,"flow":{"@type":"Flow","@id":"8f395d18-ce0c-39a8-b548-b184a6b9ee68","name":"CUTOFF Zeolite, powder, at plant","categoryPath":["CUTOFF Flows"],"flowType":"PRODUCT_FLOW","location":"RNA","refUnit":"kg"}},"product":{"@type":"Flow","@id":"0cdd9079-9cf3-33c9-ab62-9d734c03f7df","name":"Mixed Alcohols, thermochemical process","categoryPath":["Chemical Manufacturing","Ethyl alcohol manufacturing"],"flowType":"PRODUCT_FLOW","location":"RNA","refUnit":"kg"},"value":1.0},{"@type":"AllocationFactor","allocationType":"CAUSAL_ALLOCATION","exchange":{"@type":"Exchange","internalId":2,"flow":{"@type":"Flow","@id":"87883a4e-1e3e-4c9d-90c0-f1bea36f8014","name":"Ammonia","categoryPath":["Elementary flows","NETL Coal Elementary Flows","air","unspecified"],"flowType":"ELEMENTARY_FLOW","refUnit":"kg"}},"product":{"@type":"Flow","@id":"80e4ff02-d959-3ec5-a5df-3ed385d7df0c","name":"Sulfur, thermochemical process","categoryPath":["Chemical Manufacturing","Ethyl alcohol manufacturing"],"flowType":"PRODUCT_FLOW","location":"RNA","refUnit":"kg"},"value":0.0}]}