{"@context":"http://greendelta.github.io/olca-schema/context.jsonld","@type":"Process","@id":"e4a61018-9f98-3049-95c1-33b1acaa904e","name":"Acetic acid, at plant","description":"100% of elementary flows and inputs from the technosphere were allocated to acetic acid, and 0% to recovered heat\nImportant note: although most of the data in the US LCI database has \nundergone some sort of review, the database as a whole has not yet \nundergone a formal validation process.\nPlease email comments to lci@nrel.gov.","version":"00.00.001","lastChange":"2018-06-27T10:38:44.736-06:00","category":{"@type":"Category","@id":"14f874e9-6029-3dd1-be61-aa72e27b1d86","name":"All Other Basic Organic Chemical Manufacturing","categoryPath":["Chemical Manufacturing"],"categoryType":"Process"},"processType":"UNIT_PROCESS","infrastructureProcess":false,"location":{"@type":"Location","@id":"b320e7db-c758-3ba6-8839-81eb83c9d7d7","name":"Northern America"},"processDocumentation":{"@type":"ProcessDocumentation","technologyDescription":"Carbonylation of methanol","restrictionsDescription":"All information can be accessed by everybody.","copyright":false,"validFrom":"2002-12-31-07:00","validUntil":"2002-12-31-07:00","creationDate":"2015-11-24T07:48:41.799-07:00","geographyDescription":"North America (US and Canada)","dataDocumentor":{"@type":"Actor","@id":"f238e394-b16d-3194-9c3d-cfd600a1cc95","name":"Franklin Associates"},"dataGenerator":{"@type":"Actor","@id":"f238e394-b16d-3194-9c3d-cfd600a1cc95","name":"Franklin Associates"},"publication":{"@type":"Source","@id":"cea14473-782c-3e10-a7a8-f12bfecdb219","name":"THE PLASTICS DIVISION OF THE AMERICAN CH "},"sources":[{"@type":"Source","@id":"cea14473-782c-3e10-a7a8-f12bfecdb219","name":"THE PLASTICS DIVISION OF THE AMERICAN CH "}]},"lastInternalId":0,"exchanges":[{"@type":"Exchange","avoidedProduct":false,"input":false,"amount":1.0,"internalId":1,"flow":{"@type":"Flow","@id":"2c696e73-bd01-3f7b-a6c5-a56dee44d66e","name":"Acetic acid, at plant","categoryPath":["Chemical Manufacturing","All Other Basic Organic Chemical Manufacturing"],"flowType":"PRODUCT_FLOW","location":"RNA","refUnit":"kg"},"unit":{"@type":"Unit","@id":"20aadc24-a391-41cf-b340-3e4529f44bde","name":"kg"},"flowProperty":{"@type":"FlowProperty","@id":"93a60a56-a3c8-11da-a746-0800200b9a66","name":"Mass","categoryPath":["Technical flow properties"]},"quantitativeReference":true},{"@type":"Exchange","avoidedProduct":false,"input":true,"amount":0.49246,"description":"Represents inbound transport of processed natural gas. Original data expressed thus: 500 tonmiles/1000lb natural gas","internalId":2,"flow":{"@type":"Flow","@id":"057a281a-908b-3adf-8f51-ed79fe5c5a9b","name":"Transport, pipeline, natural gas","categoryPath":["Utilities","Fossil Fuel Electric Power Generation"],"flowType":"PRODUCT_FLOW","location":"RNA","refUnit":"t*km"},"unit":{"@type":"Unit","@id":"0dea4ed8-bb6b-4049-b2b4-b2c413ef2180","name":"t*km"},"flowProperty":{"@type":"FlowProperty","@id":"838aaa20-0117-11db-92e3-0800200c9a66","name":"Goods transport (mass*distance)","categoryPath":["Technical flow properties"]}},{"@type":"Exchange","avoidedProduct":false,"input":true,"amount":5.6E-4,"internalId":19,"flow":{"@type":"Flow","@id":"838cef47-a3a6-3dce-bcb2-560991c5e95c","name":"CUTOFF Disposal, solid waste, unspecified, to sanitary landfill","categoryPath":["CUTOFF Flows"],"flowType":"PRODUCT_FLOW","location":"RNA","refUnit":"kg"},"unit":{"@type":"Unit","@id":"20aadc24-a391-41cf-b340-3e4529f44bde","name":"kg"},"flowProperty":{"@type":"FlowProperty","@id":"93a60a56-a3c8-11da-a746-0800200b9a66","name":"Mass","categoryPath":["Technical flow properties"]}},{"@type":"Exchange","avoidedProduct":false,"input":true,"amount":0.0049246,"description":"Represents inbound transport of processed natural gas. Original data expressed thus: 5 tonmiles/1000lb natural gas","internalId":18,"flow":{"@type":"Flow","@id":"73c7494d-4e93-3769-896b-8bb82f0dfccc","name":"Transport, train, diesel powered","categoryPath":["Rail Transportation","Rail Transportation"],"flowType":"PRODUCT_FLOW","location":"RNA","refUnit":"t*km"},"unit":{"@type":"Unit","@id":"0dea4ed8-bb6b-4049-b2b4-b2c413ef2180","name":"t*km"},"flowProperty":{"@type":"FlowProperty","@id":"838aaa20-0117-11db-92e3-0800200c9a66","name":"Goods transport (mass*distance)","categoryPath":["Technical flow properties"]}},{"@type":"Exchange","avoidedProduct":false,"input":false,"amount":0.00217,"internalId":5,"flow":{"@type":"Flow","@id":"8c943a85-1d5c-3a38-83d1-7b0b74999ff1","name":"TOC, Total Organic Carbon","categoryPath":["air","unspecified"],"flowType":"ELEMENTARY_FLOW","refUnit":"kg"},"unit":{"@type":"Unit","@id":"20aadc24-a391-41cf-b340-3e4529f44bde","name":"kg"},"flowProperty":{"@type":"FlowProperty","@id":"93a60a56-a3c8-11da-a746-0800200b9a66","name":"Mass","categoryPath":["Technical flow properties"]}},{"@type":"Exchange","avoidedProduct":false,"input":false,"amount":5.7E-4,"internalId":16,"flow":{"@type":"Flow","@id":"87883a4e-1e3e-4c9d-90c0-f1bea36f8014","name":"Ammonia","categoryPath":["Elementary flows","NETL Coal Elementary Flows","air","unspecified"],"flowType":"ELEMENTARY_FLOW","refUnit":"kg"},"unit":{"@type":"Unit","@id":"20aadc24-a391-41cf-b340-3e4529f44bde","name":"kg"},"flowProperty":{"@type":"FlowProperty","@id":"93a60a56-a3c8-11da-a746-0800200b9a66","name":"Mass","categoryPath":["Technical flow properties"]}},{"@type":"Exchange","avoidedProduct":false,"input":false,"amount":4.0E-5,"internalId":10,"flow":{"@type":"Flow","@id":"8ea4c7d5-472d-3f8e-b3a3-c65e9aa08ac0","name":"Methanol","categoryPath":["air","unspecified"],"flowType":"ELEMENTARY_FLOW","refUnit":"kg"},"unit":{"@type":"Unit","@id":"20aadc24-a391-41cf-b340-3e4529f44bde","name":"kg"},"flowProperty":{"@type":"FlowProperty","@id":"93a60a56-a3c8-11da-a746-0800200b9a66","name":"Mass","categoryPath":["Technical flow properties"]}},{"@type":"Exchange","avoidedProduct":false,"input":true,"amount":0.021826,"internalId":17,"flow":{"@type":"Flow","@id":"73e33e2a-67d5-31e2-8449-b6f2d7b46bb2","name":"Electricity, at grid, US, 2000","categoryPath":["Utilities","Electric Power Distribution"],"flowType":"PRODUCT_FLOW","location":"RNA","refUnit":"MJ"},"unit":{"@type":"Unit","@id":"52765a6c-3896-43c2-b2f4-c679acf13efe","name":"MJ"},"flowProperty":{"@type":"FlowProperty","@id":"f6811440-ee37-11de-8a39-0800200c9a66","name":"Energy","categoryPath":["Technical flow properties"]}},{"@type":"Exchange","avoidedProduct":false,"input":false,"amount":9.6E-4,"internalId":6,"flow":{"@type":"Flow","@id":"442eafa0-6c75-3094-a775-a7111ce24591","name":"Acids, unspecified","categoryPath":["water","unspecified"],"flowType":"ELEMENTARY_FLOW","refUnit":"kg"},"unit":{"@type":"Unit","@id":"20aadc24-a391-41cf-b340-3e4529f44bde","name":"kg"},"flowProperty":{"@type":"FlowProperty","@id":"93a60a56-a3c8-11da-a746-0800200b9a66","name":"Mass","categoryPath":["Technical flow properties"]}},{"@type":"Exchange","avoidedProduct":false,"input":false,"amount":0.18841,"internalId":15,"flow":{"@type":"Flow","@id":"cefdef56-be29-337e-b009-aa49a771a16e","name":"Recovered energy, at acetic acid production","categoryPath":["Chemical Manufacturing","All Other Basic Organic Chemical Manufacturing"],"flowType":"PRODUCT_FLOW","location":"RNA","refUnit":"MJ"},"unit":{"@type":"Unit","@id":"52765a6c-3896-43c2-b2f4-c679acf13efe","name":"MJ"},"flowProperty":{"@type":"FlowProperty","@id":"f6811440-ee37-11de-8a39-0800200c9a66","name":"Energy","categoryPath":["Technical flow properties"]}},{"@type":"Exchange","avoidedProduct":false,"input":true,"amount":0.03383,"description":"Represents inbound transport of methanol","internalId":13,"flow":{"@type":"Flow","@id":"c2cc68fe-1754-3468-a973-51c2f5c82fcd","name":"Transport, barge, residual fuel oil powered","categoryPath":["Water Transportation","Inland Water Freight Transportation"],"flowType":"PRODUCT_FLOW","location":"RNA","refUnit":"t*km"},"unit":{"@type":"Unit","@id":"0dea4ed8-bb6b-4049-b2b4-b2c413ef2180","name":"t*km"},"flowProperty":{"@type":"FlowProperty","@id":"838aaa20-0117-11db-92e3-0800200c9a66","name":"Goods transport (mass*distance)","categoryPath":["Technical flow properties"]}},{"@type":"Exchange","avoidedProduct":false,"input":true,"amount":0.539,"internalId":4,"flow":{"@type":"Flow","@id":"0a086de3-ddb0-3c48-b5db-2f36f5322de4","name":"Methanol, at plant","categoryPath":["Chemical Manufacturing","All Other Basic Organic Chemical Manufacturing"],"flowType":"PRODUCT_FLOW","location":"RNA","refUnit":"kg"},"unit":{"@type":"Unit","@id":"20aadc24-a391-41cf-b340-3e4529f44bde","name":"kg"},"flowProperty":{"@type":"FlowProperty","@id":"93a60a56-a3c8-11da-a746-0800200b9a66","name":"Mass","categoryPath":["Technical flow properties"]}},{"@type":"Exchange","avoidedProduct":false,"input":true,"amount":0.22355,"internalId":21,"flow":{"@type":"Flow","@id":"bb1dc159-fe13-3f8e-8197-361e8c770ba3","name":"Natural gas, combusted in industrial boiler","categoryPath":["Utilities","Steam and Air-Conditioning Supply"],"flowType":"PRODUCT_FLOW","location":"RNA","refUnit":"m3"},"unit":{"@type":"Unit","@id":"1c3a9695-398d-4b1f-b07e-a8715b610f70","name":"m3"},"flowProperty":{"@type":"FlowProperty","@id":"93a60a56-a3c8-22da-a746-0800200c9a66","name":"Volume","categoryPath":["Technical flow properties"]}},{"@type":"Exchange","avoidedProduct":false,"input":true,"amount":0.0020503,"internalId":20,"flow":{"@type":"Flow","@id":"ed1981de-52d1-366c-b629-4abfe56fffd3","name":"Electricity, at cogen, for natural gas turbine","categoryPath":["Utilities","Fossil Fuel Electric Power Generation"],"flowType":"PRODUCT_FLOW","location":"US","refUnit":"MJ"},"unit":{"@type":"Unit","@id":"52765a6c-3896-43c2-b2f4-c679acf13efe","name":"MJ"},"flowProperty":{"@type":"FlowProperty","@id":"f6811440-ee37-11de-8a39-0800200c9a66","name":"Energy","categoryPath":["Technical flow properties"]}},{"@type":"Exchange","avoidedProduct":false,"input":false,"amount":5.2E-5,"internalId":3,"flow":{"@type":"Flow","@id":"63e78926-8549-11e0-9d78-0800200c9a66","name":"Ammonia","categoryPath":["Elementary flows","Emission to water","unspecified"],"flowType":"ELEMENTARY_FLOW","refUnit":"kg"},"unit":{"@type":"Unit","@id":"20aadc24-a391-41cf-b340-3e4529f44bde","name":"kg"},"flowProperty":{"@type":"FlowProperty","@id":"93a60a56-a3c8-11da-a746-0800200b9a66","name":"Mass","categoryPath":["Technical flow properties"]}},{"@type":"Exchange","avoidedProduct":false,"input":false,"amount":0.00176,"internalId":14,"flow":{"@type":"Flow","@id":"7ae371aa-8532-11e0-9d78-0800200c9a66","name":"Carbon dioxide","categoryPath":["Elementary flows","Emission to air","unspecified"],"flowType":"ELEMENTARY_FLOW","refUnit":"kg"},"unit":{"@type":"Unit","@id":"20aadc24-a391-41cf-b340-3e4529f44bde","name":"kg"},"flowProperty":{"@type":"FlowProperty","@id":"93a60a56-a3c8-11da-a746-0800200b9a66","name":"Mass","categoryPath":["Technical flow properties"]}},{"@type":"Exchange","avoidedProduct":false,"input":true,"amount":8.6744E-4,"description":"Represents inbound transport of methanol","internalId":8,"flow":{"@type":"Flow","@id":"acbe5bc4-6afd-31aa-bf3f-4a3fdc491945","name":"Transport, pipeline, unspecified petroleum products","categoryPath":["Utilities","Fossil Fuel Electric Power Generation"],"flowType":"PRODUCT_FLOW","location":"RNA","refUnit":"t*km"},"unit":{"@type":"Unit","@id":"0dea4ed8-bb6b-4049-b2b4-b2c413ef2180","name":"t*km"},"flowProperty":{"@type":"FlowProperty","@id":"838aaa20-0117-11db-92e3-0800200c9a66","name":"Goods transport (mass*distance)","categoryPath":["Technical flow properties"]}},{"@type":"Exchange","avoidedProduct":false,"input":true,"amount":0.4411,"internalId":12,"flow":{"@type":"Flow","@id":"bd83ce23-816f-3589-b25f-dfca03b42932","name":"Natural gas, processed, at plant","categoryPath":["Chemical Manufacturing","Petrochemical Manufacturing"],"flowType":"PRODUCT_FLOW","location":"RNA","refUnit":"m3"},"unit":{"@type":"Unit","@id":"1c3a9695-398d-4b1f-b07e-a8715b610f70","name":"m3"},"flowProperty":{"@type":"FlowProperty","@id":"93a60a56-a3c8-22da-a746-0800200c9a66","name":"Volume","categoryPath":["Technical flow properties"]}},{"@type":"Exchange","avoidedProduct":false,"input":true,"amount":0.0049246,"description":"Represents inbound transport of processed natural gas. Original data expressed thus: 5 tonmiles/1000lb natural gas","internalId":11,"flow":{"@type":"Flow","@id":"628c07ec-0802-39c1-ab88-1c62848ef436","name":"Transport, combination truck, diesel powered","categoryPath":["Truck Transportation","General Freight Trucking"],"flowType":"PRODUCT_FLOW","location":"RNA","refUnit":"t*km"},"unit":{"@type":"Unit","@id":"0dea4ed8-bb6b-4049-b2b4-b2c413ef2180","name":"t*km"},"flowProperty":{"@type":"FlowProperty","@id":"838aaa20-0117-11db-92e3-0800200c9a66","name":"Goods transport (mass*distance)","categoryPath":["Technical flow properties"]}},{"@type":"Exchange","avoidedProduct":false,"input":false,"amount":0.00397,"internalId":7,"flow":{"@type":"Flow","@id":"7ae371ac-8532-11e0-9d78-0800200c9a66","name":"Carbon monoxide","categoryPath":["Elementary flows","Emission to air","unspecified"],"flowType":"ELEMENTARY_FLOW","refUnit":"kg"},"unit":{"@type":"Unit","@id":"20aadc24-a391-41cf-b340-3e4529f44bde","name":"kg"},"flowProperty":{"@type":"FlowProperty","@id":"93a60a56-a3c8-11da-a746-0800200b9a66","name":"Mass","categoryPath":["Technical flow properties"]}},{"@type":"Exchange","avoidedProduct":false,"input":true,"amount":0.0095418,"description":"Represents inbound transport of methanol","internalId":9,"flow":{"@type":"Flow","@id":"a1242640-8306-366c-9c55-6dfd23e77bd7","name":"Transport, barge, diesel powered","categoryPath":["Water Transportation","Inland Water Freight Transportation"],"flowType":"PRODUCT_FLOW","location":"RNA","refUnit":"t*km"},"unit":{"@type":"Unit","@id":"0dea4ed8-bb6b-4049-b2b4-b2c413ef2180","name":"t*km"},"flowProperty":{"@type":"FlowProperty","@id":"838aaa20-0117-11db-92e3-0800200c9a66","name":"Goods transport (mass*distance)","categoryPath":["Technical flow properties"]}}],"allocationFactors":[{"@type":"AllocationFactor","allocationType":"ECONOMIC_ALLOCATION","product":{"@type":"Flow","@id":"cefdef56-be29-337e-b009-aa49a771a16e","name":"Recovered energy, at acetic acid production","categoryPath":["Chemical Manufacturing","All Other Basic Organic Chemical Manufacturing"],"flowType":"PRODUCT_FLOW","location":"RNA","refUnit":"MJ"},"value":0.0},{"@type":"AllocationFactor","allocationType":"CAUSAL_ALLOCATION","exchange":{"@type":"Exchange","internalId":18,"flow":{"@type":"Flow","@id":"73c7494d-4e93-3769-896b-8bb82f0dfccc","name":"Transport, train, diesel powered","categoryPath":["Rail Transportation","Rail Transportation"],"flowType":"PRODUCT_FLOW","location":"RNA","refUnit":"t*km"}},"product":{"@type":"Flow","@id":"2c696e73-bd01-3f7b-a6c5-a56dee44d66e","name":"Acetic acid, at plant","categoryPath":["Chemical Manufacturing","All Other Basic Organic Chemical Manufacturing"],"flowType":"PRODUCT_FLOW","location":"RNA","refUnit":"kg"},"value":1.0},{"@type":"AllocationFactor","allocationType":"CAUSAL_ALLOCATION","exchange":{"@type":"Exchange","internalId":10,"flow":{"@type":"Flow","@id":"8ea4c7d5-472d-3f8e-b3a3-c65e9aa08ac0","name":"Methanol","categoryPath":["air","unspecified"],"flowType":"ELEMENTARY_FLOW","refUnit":"kg"}},"product":{"@type":"Flow","@id":"2c696e73-bd01-3f7b-a6c5-a56dee44d66e","name":"Acetic acid, at plant","categoryPath":["Chemical Manufacturing","All Other Basic Organic Chemical Manufacturing"],"flowType":"PRODUCT_FLOW","location":"RNA","refUnit":"kg"},"value":1.0},{"@type":"AllocationFactor","allocationType":"CAUSAL_ALLOCATION","exchange":{"@type":"Exchange","internalId":20,"flow":{"@type":"Flow","@id":"ed1981de-52d1-366c-b629-4abfe56fffd3","name":"Electricity, at cogen, for natural gas turbine","categoryPath":["Utilities","Fossil Fuel Electric Power Generation"],"flowType":"PRODUCT_FLOW","location":"US","refUnit":"MJ"}},"product":{"@type":"Flow","@id":"2c696e73-bd01-3f7b-a6c5-a56dee44d66e","name":"Acetic acid, at plant","categoryPath":["Chemical Manufacturing","All Other Basic Organic Chemical Manufacturing"],"flowType":"PRODUCT_FLOW","location":"RNA","refUnit":"kg"},"value":1.0},{"@type":"AllocationFactor","allocationType":"CAUSAL_ALLOCATION","exchange":{"@type":"Exchange","internalId":9,"flow":{"@type":"Flow","@id":"a1242640-8306-366c-9c55-6dfd23e77bd7","name":"Transport, barge, diesel powered","categoryPath":["Water Transportation","Inland Water Freight Transportation"],"flowType":"PRODUCT_FLOW","location":"RNA","refUnit":"t*km"}},"product":{"@type":"Flow","@id":"2c696e73-bd01-3f7b-a6c5-a56dee44d66e","name":"Acetic acid, at plant","categoryPath":["Chemical Manufacturing","All Other Basic Organic Chemical Manufacturing"],"flowType":"PRODUCT_FLOW","location":"RNA","refUnit":"kg"},"value":1.0},{"@type":"AllocationFactor","allocationType":"PHYSICAL_ALLOCATION","product":{"@type":"Flow","@id":"cefdef56-be29-337e-b009-aa49a771a16e","name":"Recovered energy, at acetic acid production","categoryPath":["Chemical Manufacturing","All Other Basic Organic Chemical Manufacturing"],"flowType":"PRODUCT_FLOW","location":"RNA","refUnit":"MJ"},"value":0.0},{"@type":"AllocationFactor","allocationType":"CAUSAL_ALLOCATION","exchange":{"@type":"Exchange","internalId":10,"flow":{"@type":"Flow","@id":"8ea4c7d5-472d-3f8e-b3a3-c65e9aa08ac0","name":"Methanol","categoryPath":["air","unspecified"],"flowType":"ELEMENTARY_FLOW","refUnit":"kg"}},"product":{"@type":"Flow","@id":"cefdef56-be29-337e-b009-aa49a771a16e","name":"Recovered energy, at acetic acid production","categoryPath":["Chemical Manufacturing","All Other Basic Organic Chemical Manufacturing"],"flowType":"PRODUCT_FLOW","location":"RNA","refUnit":"MJ"},"value":0.0},{"@type":"AllocationFactor","allocationType":"CAUSAL_ALLOCATION","exchange":{"@type":"Exchange","internalId":7,"flow":{"@type":"Flow","@id":"7ae371ac-8532-11e0-9d78-0800200c9a66","name":"Carbon monoxide","categoryPath":["Elementary flows","Emission to air","unspecified"],"flowType":"ELEMENTARY_FLOW","refUnit":"kg"}},"product":{"@type":"Flow","@id":"cefdef56-be29-337e-b009-aa49a771a16e","name":"Recovered energy, at acetic acid production","categoryPath":["Chemical Manufacturing","All Other Basic Organic Chemical Manufacturing"],"flowType":"PRODUCT_FLOW","location":"RNA","refUnit":"MJ"},"value":0.0},{"@type":"AllocationFactor","allocationType":"CAUSAL_ALLOCATION","exchange":{"@type":"Exchange","internalId":14,"flow":{"@type":"Flow","@id":"7ae371aa-8532-11e0-9d78-0800200c9a66","name":"Carbon dioxide","categoryPath":["Elementary flows","Emission to air","unspecified"],"flowType":"ELEMENTARY_FLOW","refUnit":"kg"}},"product":{"@type":"Flow","@id":"cefdef56-be29-337e-b009-aa49a771a16e","name":"Recovered energy, at acetic acid production","categoryPath":["Chemical Manufacturing","All Other Basic Organic Chemical Manufacturing"],"flowType":"PRODUCT_FLOW","location":"RNA","refUnit":"MJ"},"value":0.0},{"@type":"AllocationFactor","allocationType":"CAUSAL_ALLOCATION","exchange":{"@type":"Exchange","internalId":2,"flow":{"@type":"Flow","@id":"057a281a-908b-3adf-8f51-ed79fe5c5a9b","name":"Transport, pipeline, natural gas","categoryPath":["Utilities","Fossil Fuel Electric Power Generation"],"flowType":"PRODUCT_FLOW","location":"RNA","refUnit":"t*km"}},"product":{"@type":"Flow","@id":"2c696e73-bd01-3f7b-a6c5-a56dee44d66e","name":"Acetic acid, at plant","categoryPath":["Chemical Manufacturing","All Other Basic Organic Chemical Manufacturing"],"flowType":"PRODUCT_FLOW","location":"RNA","refUnit":"kg"},"value":1.0},{"@type":"AllocationFactor","allocationType":"CAUSAL_ALLOCATION","exchange":{"@type":"Exchange","internalId":12,"flow":{"@type":"Flow","@id":"bd83ce23-816f-3589-b25f-dfca03b42932","name":"Natural gas, processed, at plant","categoryPath":["Chemical Manufacturing","Petrochemical Manufacturing"],"flowType":"PRODUCT_FLOW","location":"RNA","refUnit":"m3"}},"product":{"@type":"Flow","@id":"2c696e73-bd01-3f7b-a6c5-a56dee44d66e","name":"Acetic acid, at plant","categoryPath":["Chemical Manufacturing","All Other Basic Organic Chemical Manufacturing"],"flowType":"PRODUCT_FLOW","location":"RNA","refUnit":"kg"},"value":1.0},{"@type":"AllocationFactor","allocationType":"CAUSAL_ALLOCATION","exchange":{"@type":"Exchange","internalId":14,"flow":{"@type":"Flow","@id":"7ae371aa-8532-11e0-9d78-0800200c9a66","name":"Carbon dioxide","categoryPath":["Elementary flows","Emission to air","unspecified"],"flowType":"ELEMENTARY_FLOW","refUnit":"kg"}},"product":{"@type":"Flow","@id":"2c696e73-bd01-3f7b-a6c5-a56dee44d66e","name":"Acetic acid, at plant","categoryPath":["Chemical Manufacturing","All Other Basic Organic Chemical Manufacturing"],"flowType":"PRODUCT_FLOW","location":"RNA","refUnit":"kg"},"value":1.0},{"@type":"AllocationFactor","allocationType":"CAUSAL_ALLOCATION","exchange":{"@type":"Exchange","internalId":5,"flow":{"@type":"Flow","@id":"8c943a85-1d5c-3a38-83d1-7b0b74999ff1","name":"TOC, Total Organic Carbon","categoryPath":["air","unspecified"],"flowType":"ELEMENTARY_FLOW","refUnit":"kg"}},"product":{"@type":"Flow","@id":"2c696e73-bd01-3f7b-a6c5-a56dee44d66e","name":"Acetic acid, at plant","categoryPath":["Chemical Manufacturing","All Other Basic Organic Chemical Manufacturing"],"flowType":"PRODUCT_FLOW","location":"RNA","refUnit":"kg"},"value":1.0},{"@type":"AllocationFactor","allocationType":"CAUSAL_ALLOCATION","exchange":{"@type":"Exchange","internalId":3,"flow":{"@type":"Flow","@id":"63e78926-8549-11e0-9d78-0800200c9a66","name":"Ammonia","categoryPath":["Elementary flows","Emission to water","unspecified"],"flowType":"ELEMENTARY_FLOW","refUnit":"kg"}},"product":{"@type":"Flow","@id":"cefdef56-be29-337e-b009-aa49a771a16e","name":"Recovered energy, at acetic acid production","categoryPath":["Chemical Manufacturing","All Other Basic Organic Chemical Manufacturing"],"flowType":"PRODUCT_FLOW","location":"RNA","refUnit":"MJ"},"value":0.0},{"@type":"AllocationFactor","allocationType":"CAUSAL_ALLOCATION","exchange":{"@type":"Exchange","internalId":9,"flow":{"@type":"Flow","@id":"a1242640-8306-366c-9c55-6dfd23e77bd7","name":"Transport, barge, diesel powered","categoryPath":["Water Transportation","Inland Water Freight Transportation"],"flowType":"PRODUCT_FLOW","location":"RNA","refUnit":"t*km"}},"product":{"@type":"Flow","@id":"cefdef56-be29-337e-b009-aa49a771a16e","name":"Recovered energy, at acetic acid production","categoryPath":["Chemical Manufacturing","All Other Basic Organic Chemical Manufacturing"],"flowType":"PRODUCT_FLOW","location":"RNA","refUnit":"MJ"},"value":0.0},{"@type":"AllocationFactor","allocationType":"CAUSAL_ALLOCATION","exchange":{"@type":"Exchange","internalId":19,"flow":{"@type":"Flow","@id":"838cef47-a3a6-3dce-bcb2-560991c5e95c","name":"CUTOFF Disposal, solid waste, unspecified, to sanitary landfill","categoryPath":["CUTOFF Flows"],"flowType":"PRODUCT_FLOW","location":"RNA","refUnit":"kg"}},"product":{"@type":"Flow","@id":"cefdef56-be29-337e-b009-aa49a771a16e","name":"Recovered energy, at acetic acid production","categoryPath":["Chemical Manufacturing","All Other Basic Organic Chemical Manufacturing"],"flowType":"PRODUCT_FLOW","location":"RNA","refUnit":"MJ"},"value":0.0},{"@type":"AllocationFactor","allocationType":"CAUSAL_ALLOCATION","exchange":{"@type":"Exchange","internalId":17,"flow":{"@type":"Flow","@id":"73e33e2a-67d5-31e2-8449-b6f2d7b46bb2","name":"Electricity, at grid, US, 2000","categoryPath":["Utilities","Electric Power Distribution"],"flowType":"PRODUCT_FLOW","location":"RNA","refUnit":"MJ"}},"product":{"@type":"Flow","@id":"cefdef56-be29-337e-b009-aa49a771a16e","name":"Recovered energy, at acetic acid production","categoryPath":["Chemical Manufacturing","All Other Basic Organic Chemical Manufacturing"],"flowType":"PRODUCT_FLOW","location":"RNA","refUnit":"MJ"},"value":0.0},{"@type":"AllocationFactor","allocationType":"CAUSAL_ALLOCATION","exchange":{"@type":"Exchange","internalId":13,"flow":{"@type":"Flow","@id":"c2cc68fe-1754-3468-a973-51c2f5c82fcd","name":"Transport, barge, residual fuel oil powered","categoryPath":["Water Transportation","Inland Water Freight Transportation"],"flowType":"PRODUCT_FLOW","location":"RNA","refUnit":"t*km"}},"product":{"@type":"Flow","@id":"2c696e73-bd01-3f7b-a6c5-a56dee44d66e","name":"Acetic acid, at plant","categoryPath":["Chemical Manufacturing","All Other Basic Organic Chemical Manufacturing"],"flowType":"PRODUCT_FLOW","location":"RNA","refUnit":"kg"},"value":1.0},{"@type":"AllocationFactor","allocationType":"CAUSAL_ALLOCATION","exchange":{"@type":"Exchange","internalId":13,"flow":{"@type":"Flow","@id":"c2cc68fe-1754-3468-a973-51c2f5c82fcd","name":"Transport, barge, residual fuel oil powered","categoryPath":["Water Transportation","Inland Water Freight Transportation"],"flowType":"PRODUCT_FLOW","location":"RNA","refUnit":"t*km"}},"product":{"@type":"Flow","@id":"cefdef56-be29-337e-b009-aa49a771a16e","name":"Recovered energy, at acetic acid production","categoryPath":["Chemical Manufacturing","All Other Basic Organic Chemical Manufacturing"],"flowType":"PRODUCT_FLOW","location":"RNA","refUnit":"MJ"},"value":0.0},{"@type":"AllocationFactor","allocationType":"CAUSAL_ALLOCATION","exchange":{"@type":"Exchange","internalId":5,"flow":{"@type":"Flow","@id":"8c943a85-1d5c-3a38-83d1-7b0b74999ff1","name":"TOC, Total Organic Carbon","categoryPath":["air","unspecified"],"flowType":"ELEMENTARY_FLOW","refUnit":"kg"}},"product":{"@type":"Flow","@id":"cefdef56-be29-337e-b009-aa49a771a16e","name":"Recovered energy, at acetic acid production","categoryPath":["Chemical Manufacturing","All Other Basic Organic Chemical Manufacturing"],"flowType":"PRODUCT_FLOW","location":"RNA","refUnit":"MJ"},"value":0.0},{"@type":"AllocationFactor","allocationType":"CAUSAL_ALLOCATION","exchange":{"@type":"Exchange","internalId":8,"flow":{"@type":"Flow","@id":"acbe5bc4-6afd-31aa-bf3f-4a3fdc491945","name":"Transport, pipeline, unspecified petroleum products","categoryPath":["Utilities","Fossil Fuel Electric Power Generation"],"flowType":"PRODUCT_FLOW","location":"RNA","refUnit":"t*km"}},"product":{"@type":"Flow","@id":"2c696e73-bd01-3f7b-a6c5-a56dee44d66e","name":"Acetic acid, at plant","categoryPath":["Chemical Manufacturing","All Other Basic Organic Chemical Manufacturing"],"flowType":"PRODUCT_FLOW","location":"RNA","refUnit":"kg"},"value":1.0},{"@type":"AllocationFactor","allocationType":"CAUSAL_ALLOCATION","exchange":{"@type":"Exchange","internalId":20,"flow":{"@type":"Flow","@id":"ed1981de-52d1-366c-b629-4abfe56fffd3","name":"Electricity, at cogen, for natural gas turbine","categoryPath":["Utilities","Fossil Fuel Electric Power Generation"],"flowType":"PRODUCT_FLOW","location":"US","refUnit":"MJ"}},"product":{"@type":"Flow","@id":"cefdef56-be29-337e-b009-aa49a771a16e","name":"Recovered energy, at acetic acid production","categoryPath":["Chemical Manufacturing","All Other Basic Organic Chemical Manufacturing"],"flowType":"PRODUCT_FLOW","location":"RNA","refUnit":"MJ"},"value":0.0},{"@type":"AllocationFactor","allocationType":"CAUSAL_ALLOCATION","exchange":{"@type":"Exchange","internalId":17,"flow":{"@type":"Flow","@id":"73e33e2a-67d5-31e2-8449-b6f2d7b46bb2","name":"Electricity, at grid, US, 2000","categoryPath":["Utilities","Electric Power Distribution"],"flowType":"PRODUCT_FLOW","location":"RNA","refUnit":"MJ"}},"product":{"@type":"Flow","@id":"2c696e73-bd01-3f7b-a6c5-a56dee44d66e","name":"Acetic acid, at plant","categoryPath":["Chemical Manufacturing","All Other Basic Organic Chemical Manufacturing"],"flowType":"PRODUCT_FLOW","location":"RNA","refUnit":"kg"},"value":1.0},{"@type":"AllocationFactor","allocationType":"PHYSICAL_ALLOCATION","product":{"@type":"Flow","@id":"2c696e73-bd01-3f7b-a6c5-a56dee44d66e","name":"Acetic acid, at plant","categoryPath":["Chemical Manufacturing","All Other Basic Organic Chemical Manufacturing"],"flowType":"PRODUCT_FLOW","location":"RNA","refUnit":"kg"},"value":1.0},{"@type":"AllocationFactor","allocationType":"CAUSAL_ALLOCATION","exchange":{"@type":"Exchange","internalId":16,"flow":{"@type":"Flow","@id":"87883a4e-1e3e-4c9d-90c0-f1bea36f8014","name":"Ammonia","categoryPath":["Elementary flows","NETL Coal Elementary Flows","air","unspecified"],"flowType":"ELEMENTARY_FLOW","refUnit":"kg"}},"product":{"@type":"Flow","@id":"cefdef56-be29-337e-b009-aa49a771a16e","name":"Recovered energy, at acetic acid production","categoryPath":["Chemical Manufacturing","All Other Basic Organic Chemical Manufacturing"],"flowType":"PRODUCT_FLOW","location":"RNA","refUnit":"MJ"},"value":0.0},{"@type":"AllocationFactor","allocationType":"CAUSAL_ALLOCATION","exchange":{"@type":"Exchange","internalId":8,"flow":{"@type":"Flow","@id":"acbe5bc4-6afd-31aa-bf3f-4a3fdc491945","name":"Transport, pipeline, unspecified petroleum products","categoryPath":["Utilities","Fossil Fuel Electric Power Generation"],"flowType":"PRODUCT_FLOW","location":"RNA","refUnit":"t*km"}},"product":{"@type":"Flow","@id":"cefdef56-be29-337e-b009-aa49a771a16e","name":"Recovered energy, at acetic acid production","categoryPath":["Chemical Manufacturing","All Other Basic Organic Chemical Manufacturing"],"flowType":"PRODUCT_FLOW","location":"RNA","refUnit":"MJ"},"value":0.0},{"@type":"AllocationFactor","allocationType":"CAUSAL_ALLOCATION","exchange":{"@type":"Exchange","internalId":11,"flow":{"@type":"Flow","@id":"628c07ec-0802-39c1-ab88-1c62848ef436","name":"Transport, combination truck, diesel powered","categoryPath":["Truck Transportation","General Freight Trucking"],"flowType":"PRODUCT_FLOW","location":"RNA","refUnit":"t*km"}},"product":{"@type":"Flow","@id":"cefdef56-be29-337e-b009-aa49a771a16e","name":"Recovered energy, at acetic acid production","categoryPath":["Chemical Manufacturing","All Other Basic Organic Chemical Manufacturing"],"flowType":"PRODUCT_FLOW","location":"RNA","refUnit":"MJ"},"value":0.0},{"@type":"AllocationFactor","allocationType":"CAUSAL_ALLOCATION","exchange":{"@type":"Exchange","internalId":4,"flow":{"@type":"Flow","@id":"0a086de3-ddb0-3c48-b5db-2f36f5322de4","name":"Methanol, at plant","categoryPath":["Chemical Manufacturing","All Other Basic Organic Chemical Manufacturing"],"flowType":"PRODUCT_FLOW","location":"RNA","refUnit":"kg"}},"product":{"@type":"Flow","@id":"2c696e73-bd01-3f7b-a6c5-a56dee44d66e","name":"Acetic acid, at plant","categoryPath":["Chemical Manufacturing","All Other Basic Organic Chemical Manufacturing"],"flowType":"PRODUCT_FLOW","location":"RNA","refUnit":"kg"},"value":1.0},{"@type":"AllocationFactor","allocationType":"CAUSAL_ALLOCATION","exchange":{"@type":"Exchange","internalId":19,"flow":{"@type":"Flow","@id":"838cef47-a3a6-3dce-bcb2-560991c5e95c","name":"CUTOFF Disposal, solid waste, unspecified, to sanitary landfill","categoryPath":["CUTOFF Flows"],"flowType":"PRODUCT_FLOW","location":"RNA","refUnit":"kg"}},"product":{"@type":"Flow","@id":"2c696e73-bd01-3f7b-a6c5-a56dee44d66e","name":"Acetic acid, at plant","categoryPath":["Chemical Manufacturing","All Other Basic Organic Chemical Manufacturing"],"flowType":"PRODUCT_FLOW","location":"RNA","refUnit":"kg"},"value":1.0},{"@type":"AllocationFactor","allocationType":"CAUSAL_ALLOCATION","exchange":{"@type":"Exchange","internalId":4,"flow":{"@type":"Flow","@id":"0a086de3-ddb0-3c48-b5db-2f36f5322de4","name":"Methanol, at plant","categoryPath":["Chemical Manufacturing","All Other Basic Organic Chemical Manufacturing"],"flowType":"PRODUCT_FLOW","location":"RNA","refUnit":"kg"}},"product":{"@type":"Flow","@id":"cefdef56-be29-337e-b009-aa49a771a16e","name":"Recovered energy, at acetic acid production","categoryPath":["Chemical Manufacturing","All Other Basic Organic Chemical Manufacturing"],"flowType":"PRODUCT_FLOW","location":"RNA","refUnit":"MJ"},"value":0.0},{"@type":"AllocationFactor","allocationType":"CAUSAL_ALLOCATION","exchange":{"@type":"Exchange","internalId":11,"flow":{"@type":"Flow","@id":"628c07ec-0802-39c1-ab88-1c62848ef436","name":"Transport, combination truck, diesel powered","categoryPath":["Truck Transportation","General Freight Trucking"],"flowType":"PRODUCT_FLOW","location":"RNA","refUnit":"t*km"}},"product":{"@type":"Flow","@id":"2c696e73-bd01-3f7b-a6c5-a56dee44d66e","name":"Acetic acid, at plant","categoryPath":["Chemical Manufacturing","All Other Basic Organic Chemical Manufacturing"],"flowType":"PRODUCT_FLOW","location":"RNA","refUnit":"kg"},"value":1.0},{"@type":"AllocationFactor","allocationType":"CAUSAL_ALLOCATION","exchange":{"@type":"Exchange","internalId":18,"flow":{"@type":"Flow","@id":"73c7494d-4e93-3769-896b-8bb82f0dfccc","name":"Transport, train, diesel powered","categoryPath":["Rail Transportation","Rail Transportation"],"flowType":"PRODUCT_FLOW","location":"RNA","refUnit":"t*km"}},"product":{"@type":"Flow","@id":"cefdef56-be29-337e-b009-aa49a771a16e","name":"Recovered energy, at acetic acid production","categoryPath":["Chemical Manufacturing","All Other Basic Organic Chemical Manufacturing"],"flowType":"PRODUCT_FLOW","location":"RNA","refUnit":"MJ"},"value":0.0},{"@type":"AllocationFactor","allocationType":"CAUSAL_ALLOCATION","exchange":{"@type":"Exchange","internalId":3,"flow":{"@type":"Flow","@id":"63e78926-8549-11e0-9d78-0800200c9a66","name":"Ammonia","categoryPath":["Elementary flows","Emission to water","unspecified"],"flowType":"ELEMENTARY_FLOW","refUnit":"kg"}},"product":{"@type":"Flow","@id":"2c696e73-bd01-3f7b-a6c5-a56dee44d66e","name":"Acetic acid, at plant","categoryPath":["Chemical Manufacturing","All Other Basic Organic Chemical Manufacturing"],"flowType":"PRODUCT_FLOW","location":"RNA","refUnit":"kg"},"value":1.0},{"@type":"AllocationFactor","allocationType":"CAUSAL_ALLOCATION","exchange":{"@type":"Exchange","internalId":6,"flow":{"@type":"Flow","@id":"442eafa0-6c75-3094-a775-a7111ce24591","name":"Acids, unspecified","categoryPath":["water","unspecified"],"flowType":"ELEMENTARY_FLOW","refUnit":"kg"}},"product":{"@type":"Flow","@id":"2c696e73-bd01-3f7b-a6c5-a56dee44d66e","name":"Acetic acid, at plant","categoryPath":["Chemical Manufacturing","All Other Basic Organic Chemical Manufacturing"],"flowType":"PRODUCT_FLOW","location":"RNA","refUnit":"kg"},"value":1.0},{"@type":"AllocationFactor","allocationType":"CAUSAL_ALLOCATION","exchange":{"@type":"Exchange","internalId":12,"flow":{"@type":"Flow","@id":"bd83ce23-816f-3589-b25f-dfca03b42932","name":"Natural gas, processed, at plant","categoryPath":["Chemical Manufacturing","Petrochemical Manufacturing"],"flowType":"PRODUCT_FLOW","location":"RNA","refUnit":"m3"}},"product":{"@type":"Flow","@id":"cefdef56-be29-337e-b009-aa49a771a16e","name":"Recovered energy, at acetic acid production","categoryPath":["Chemical Manufacturing","All Other Basic Organic Chemical Manufacturing"],"flowType":"PRODUCT_FLOW","location":"RNA","refUnit":"MJ"},"value":0.0},{"@type":"AllocationFactor","allocationType":"CAUSAL_ALLOCATION","exchange":{"@type":"Exchange","internalId":16,"flow":{"@type":"Flow","@id":"87883a4e-1e3e-4c9d-90c0-f1bea36f8014","name":"Ammonia","categoryPath":["Elementary flows","NETL Coal Elementary Flows","air","unspecified"],"flowType":"ELEMENTARY_FLOW","refUnit":"kg"}},"product":{"@type":"Flow","@id":"2c696e73-bd01-3f7b-a6c5-a56dee44d66e","name":"Acetic acid, at plant","categoryPath":["Chemical Manufacturing","All Other Basic Organic Chemical Manufacturing"],"flowType":"PRODUCT_FLOW","location":"RNA","refUnit":"kg"},"value":1.0},{"@type":"AllocationFactor","allocationType":"ECONOMIC_ALLOCATION","product":{"@type":"Flow","@id":"2c696e73-bd01-3f7b-a6c5-a56dee44d66e","name":"Acetic acid, at plant","categoryPath":["Chemical Manufacturing","All Other Basic Organic Chemical Manufacturing"],"flowType":"PRODUCT_FLOW","location":"RNA","refUnit":"kg"},"value":1.0},{"@type":"AllocationFactor","allocationType":"CAUSAL_ALLOCATION","exchange":{"@type":"Exchange","internalId":21,"flow":{"@type":"Flow","@id":"bb1dc159-fe13-3f8e-8197-361e8c770ba3","name":"Natural gas, combusted in industrial boiler","categoryPath":["Utilities","Steam and Air-Conditioning Supply"],"flowType":"PRODUCT_FLOW","location":"RNA","refUnit":"m3"}},"product":{"@type":"Flow","@id":"2c696e73-bd01-3f7b-a6c5-a56dee44d66e","name":"Acetic acid, at plant","categoryPath":["Chemical Manufacturing","All Other Basic Organic Chemical Manufacturing"],"flowType":"PRODUCT_FLOW","location":"RNA","refUnit":"kg"},"value":1.0},{"@type":"AllocationFactor","allocationType":"CAUSAL_ALLOCATION","exchange":{"@type":"Exchange","internalId":21,"flow":{"@type":"Flow","@id":"bb1dc159-fe13-3f8e-8197-361e8c770ba3","name":"Natural gas, combusted in industrial boiler","categoryPath":["Utilities","Steam and Air-Conditioning Supply"],"flowType":"PRODUCT_FLOW","location":"RNA","refUnit":"m3"}},"product":{"@type":"Flow","@id":"cefdef56-be29-337e-b009-aa49a771a16e","name":"Recovered energy, at acetic acid production","categoryPath":["Chemical Manufacturing","All Other Basic Organic Chemical Manufacturing"],"flowType":"PRODUCT_FLOW","location":"RNA","refUnit":"MJ"},"value":0.0},{"@type":"AllocationFactor","allocationType":"CAUSAL_ALLOCATION","exchange":{"@type":"Exchange","internalId":6,"flow":{"@type":"Flow","@id":"442eafa0-6c75-3094-a775-a7111ce24591","name":"Acids, unspecified","categoryPath":["water","unspecified"],"flowType":"ELEMENTARY_FLOW","refUnit":"kg"}},"product":{"@type":"Flow","@id":"cefdef56-be29-337e-b009-aa49a771a16e","name":"Recovered energy, at acetic acid production","categoryPath":["Chemical Manufacturing","All Other Basic Organic Chemical Manufacturing"],"flowType":"PRODUCT_FLOW","location":"RNA","refUnit":"MJ"},"value":0.0},{"@type":"AllocationFactor","allocationType":"CAUSAL_ALLOCATION","exchange":{"@type":"Exchange","internalId":7,"flow":{"@type":"Flow","@id":"7ae371ac-8532-11e0-9d78-0800200c9a66","name":"Carbon monoxide","categoryPath":["Elementary flows","Emission to air","unspecified"],"flowType":"ELEMENTARY_FLOW","refUnit":"kg"}},"product":{"@type":"Flow","@id":"2c696e73-bd01-3f7b-a6c5-a56dee44d66e","name":"Acetic acid, at plant","categoryPath":["Chemical Manufacturing","All Other Basic Organic Chemical Manufacturing"],"flowType":"PRODUCT_FLOW","location":"RNA","refUnit":"kg"},"value":1.0},{"@type":"AllocationFactor","allocationType":"CAUSAL_ALLOCATION","exchange":{"@type":"Exchange","internalId":2,"flow":{"@type":"Flow","@id":"057a281a-908b-3adf-8f51-ed79fe5c5a9b","name":"Transport, pipeline, natural gas","categoryPath":["Utilities","Fossil Fuel Electric Power Generation"],"flowType":"PRODUCT_FLOW","location":"RNA","refUnit":"t*km"}},"product":{"@type":"Flow","@id":"cefdef56-be29-337e-b009-aa49a771a16e","name":"Recovered energy, at acetic acid production","categoryPath":["Chemical Manufacturing","All Other Basic Organic Chemical Manufacturing"],"flowType":"PRODUCT_FLOW","location":"RNA","refUnit":"MJ"},"value":0.0}]}