{"@context":"http://greendelta.github.io/olca-schema/context.jsonld","@type":"Flow","@id":"0776e600-7518-3fc8-bd33-1581b895bbfb","name":"Conditioned log; hardwood; green; at veneer mill","version":"00.00.005","lastChange":"2019-10-02T01:49:44.340-04:00","category":{"@type":"Category","@id":"913b2035-23b5-3922-b2b9-f7e4f9e36074","name":"3212: Veneer, Plywood, and Engineered Wood Product Manufacturing","categoryPath":["Technosphere Flows","31-33: Manufacturing"],"categoryType":"Flow"},"flowType":"PRODUCT_FLOW","infrastructureFlow":false,"location":{"@type":"Location","@id":"0b3b97fa-6688-3c56-88ee-4ae80ec0c3c2","name":"United States"},"flowProperties":[{"@type":"FlowPropertyFactor","referenceFlowProperty":true,"flowProperty":{"@type":"FlowProperty","@id":"93a60a56-a3c8-22da-a746-0800200c9a66","name":"Volume","categoryPath":["Technical flow properties"]},"conversionFactor":1.0}]}