{"@context":"http://greendelta.github.io/olca-schema/context.jsonld","@type":"Flow","@id":"0def374e-dc34-4f2a-81d6-1a8f4eb7faa6","name":"Polyethylene, high density, HDPE, virgin resin, at plant","description":"","version":"00.00.009","lastChange":"2020-10-29T13:18:46.799-04:00","category":{"@type":"Category","@id":"fedad44c-774e-361d-a007-8ad332a7e93a","name":"3252: Resin, Synthetic Rubber, and Artificial and Synthetic Fibers and Filaments Manufacturing","categoryPath":["Technosphere Flows","31-33: Manufacturing"],"categoryType":"Flow"},"flowType":"PRODUCT_FLOW","infrastructureFlow":false,"flowProperties":[{"@type":"FlowPropertyFactor","referenceFlowProperty":true,"flowProperty":{"@type":"FlowProperty","@id":"93a60a56-a3c8-11da-a746-0800200b9a66","name":"Mass","categoryPath":["Technical flow properties"]},"conversionFactor":1.0}]}