{"@context":"http://greendelta.github.io/olca-schema/context.jsonld","@type":"Flow","@id":"34477c97-cd27-366c-a5e7-17ebd2127b9f","name":"Electricity, at bauxite mining regions","version":"00.00.004","lastChange":"2019-09-19T13:17:38.463-04:00","category":{"@type":"Category","@id":"5112b1c6-9166-3f13-b704-9ecf268d0f9f","name":"2211: Electric Power Generation, Transmission and Distribution","categoryPath":["Technosphere Flows","22: Utilities"],"categoryType":"Flow"},"flowType":"PRODUCT_FLOW","infrastructureFlow":false,"location":{"@type":"Location","@id":"56bca136-90bb-3a77-9abb-7ce558af711e","name":"Global"},"flowProperties":[{"@type":"FlowPropertyFactor","referenceFlowProperty":true,"flowProperty":{"@type":"FlowProperty","@id":"f6811440-ee37-11de-8a39-0800200c9a66","name":"Energy","categoryPath":["Technical flow properties"]},"conversionFactor":1.0}]}