{"@context":"http://greendelta.github.io/olca-schema/context.jsonld","@type":"Flow","@id":"34e362f6-cb00-3540-87b1-45c8d3cf9e63","name":"Water, at user","description":"CUTOFF flow","version":"00.00.004","category":{"@type":"Category","@id":"1a656790-0bd7-3fbc-b193-50dfbba1e8a0","name":"CUTOFF Flows","categoryPath":["Technosphere Flows"],"categoryType":"Flow"},"flowType":"PRODUCT_FLOW","cas":"NaN","formula":"NaN","infrastructureFlow":false,"flowProperties":[{"@type":"FlowPropertyFactor","referenceFlowProperty":true,"flowProperty":{"@type":"FlowProperty","@id":"93a60a56-a3c8-11da-a746-0800200b9a66","name":"Mass","categoryPath":["Technical flow properties"]},"conversionFactor":1.0}]}