{"@context":"http://greendelta.github.io/olca-schema/context.jsonld","@type":"Flow","@id":"3fb21335-87be-3726-b31a-8fc9e98ad9cc","name":"Carbon monoxide","description":"From FedElemFlowList_1.0.1. Flow Class: Chemicals. Not a preferred flow.","version":"01.00.001","lastChange":"2020-01-13T16:09:45.448-05:00","category":{"@type":"Category","@id":"fdb15b0c-5b3a-33c9-aa2d-5ee8b3e65456","name":"rural","categoryPath":["Elementary Flows","emission","air","troposphere"],"categoryType":"Flow"},"flowType":"ELEMENTARY_FLOW","cas":"630-08-0","formula":"CO","infrastructureFlow":false,"flowProperties":[{"@type":"FlowPropertyFactor","referenceFlowProperty":true,"flowProperty":{"@type":"FlowProperty","@id":"93a60a56-a3c8-11da-a746-0800200b9a66","name":"Mass","categoryPath":["Technical flow properties"]},"conversionFactor":1.0}]}