{"@context":"http://greendelta.github.io/olca-schema/context.jsonld","@type":"Flow","@id":"54cd924c-48cb-347e-a2d1-dbbf32c93d36","name":"Potato, at field","version":"00.00.003","lastChange":"2019-09-18T18:55:28.458-04:00","category":{"@type":"Category","@id":"6668f830-b038-3e56-a977-2b23e430c1b8","name":"1111: Oilseed and Grain Farming","categoryPath":["Technosphere Flows","11: Agriculture, Forestry, Fishing and Hunting"],"categoryType":"Flow"},"flowType":"PRODUCT_FLOW","infrastructureFlow":false,"location":{"@type":"Location","@id":"0b3b97fa-6688-3c56-88ee-4ae80ec0c3c2","name":"United States"},"flowProperties":[{"@type":"FlowPropertyFactor","referenceFlowProperty":true,"flowProperty":{"@type":"FlowProperty","@id":"93a60a56-a3c8-11da-a746-0800200b9a66","name":"Mass","categoryPath":["Technical flow properties"]},"conversionFactor":1.0}]}