{"@context":"http://greendelta.github.io/olca-schema/context.jsonld","@type":"Flow","@id":"6051a1f6-90e3-3231-b4e6-fdd69c961129","name":"Thallium","description":"From FedElemFlowList_1.0.1. Flow Class: Chemicals. Not a preferred flow.","version":"01.00.001","lastChange":"2020-01-13T16:09:45.846-05:00","category":{"@type":"Category","@id":"4d599e48-40f7-33ea-8c13-b39bc7fc2fd6","name":"water","categoryPath":["Elementary Flows","emission"],"categoryType":"Flow"},"flowType":"ELEMENTARY_FLOW","cas":"7440-28-0","formula":"Tl","infrastructureFlow":false,"flowProperties":[{"@type":"FlowPropertyFactor","referenceFlowProperty":true,"flowProperty":{"@type":"FlowProperty","@id":"93a60a56-a3c8-11da-a746-0800200b9a66","name":"Mass","categoryPath":["Technical flow properties"]},"conversionFactor":1.0}]}