{"@context":"http://greendelta.github.io/olca-schema/context.jsonld","@type":"Flow","@id":"6ce8c09f-8a15-3d59-a868-8093b62c4ff4","name":"Roundwood; hardwood; green; at mill","version":"00.00.005","lastChange":"2019-10-01T17:53:54.182-04:00","category":{"@type":"Category","@id":"8c41e757-67be-3757-bee1-7b148a603806","name":"1133: Logging","categoryPath":["Technosphere Flows","11: Agriculture, Forestry, Fishing and Hunting"],"categoryType":"Flow"},"flowType":"PRODUCT_FLOW","infrastructureFlow":false,"location":{"@type":"Location","@id":"0b3b97fa-6688-3c56-88ee-4ae80ec0c3c2","name":"United States"},"flowProperties":[{"@type":"FlowPropertyFactor","referenceFlowProperty":true,"flowProperty":{"@type":"FlowProperty","@id":"93a60a56-a3c8-22da-a746-0800200c9a66","name":"Volume","categoryPath":["Technical flow properties"]},"conversionFactor":1.0}]}