{"@context":"http://greendelta.github.io/olca-schema/context.jsonld","@type":"Flow","@id":"8260ccad-b692-3ae8-babd-fcd7f626ca49","name":"Detergents, oil","version":"00.00.002","lastChange":"2020-02-01T17:32:59.505-05:00","category":{"@type":"Category","@id":"4d599e48-40f7-33ea-8c13-b39bc7fc2fd6","name":"water","categoryPath":["Elementary Flows","emission"],"categoryType":"Flow"},"flowType":"ELEMENTARY_FLOW","infrastructureFlow":false,"flowProperties":[{"@type":"FlowPropertyFactor","referenceFlowProperty":true,"flowProperty":{"@type":"FlowProperty","@id":"93a60a56-a3c8-11da-a746-0800200b9a66","name":"Mass","categoryPath":["Technical flow properties"]},"conversionFactor":1.0}]}