{"@context":"http://greendelta.github.io/olca-schema/context.jsonld","@type":"Flow","@id":"83f59491-2195-3f40-a111-15459445aa9c","name":"Recycled postconsumer polyethylene teraphthalate, PET, flake","version":"00.00.005","lastChange":"2021-03-01T10:40:16.502-05:00","category":{"@type":"Category","@id":"0705f8dc-93c5-3db4-a668-bd97b6f3a00c","name":"3259: Other Chemical Product and Preparation Manufacturing","categoryPath":["Technosphere Flows","31-33: Manufacturing"],"categoryType":"Flow"},"flowType":"PRODUCT_FLOW","infrastructureFlow":false,"location":{"@type":"Location","@id":"0b3b97fa-6688-3c56-88ee-4ae80ec0c3c2","name":"United States"},"flowProperties":[{"@type":"FlowPropertyFactor","referenceFlowProperty":true,"flowProperty":{"@type":"FlowProperty","@id":"93a60a56-a3c8-11da-a746-0800200b9a66","name":"Mass","categoryPath":["Technical flow properties"]},"conversionFactor":1.0}]}