{"@context":"http://greendelta.github.io/olca-schema/context.jsonld","@type":"Flow","@id":"8da5dfbc-e842-3f6b-98d1-6018a69e3911","name":"Carbon","description":"From FedElemFlowList_1.0.1. Flow Class: Chemicals. Not a preferred flow.","version":"01.00.001","lastChange":"2020-01-13T16:09:45.939-05:00","category":{"@type":"Category","@id":"bd53d429-278a-3bc7-aa05-bd6de6aaa76a","name":"ground","categoryPath":["Elementary Flows","resource"],"categoryType":"Flow"},"flowType":"ELEMENTARY_FLOW","cas":"7440-44-0","formula":"C","infrastructureFlow":false,"flowProperties":[{"@type":"FlowPropertyFactor","referenceFlowProperty":true,"flowProperty":{"@type":"FlowProperty","@id":"93a60a56-a3c8-11da-a746-0800200b9a66","name":"Mass","categoryPath":["Technical flow properties"]},"conversionFactor":1.0}]}