{"@context":"http://greendelta.github.io/olca-schema/context.jsonld","@type":"Flow","@id":"ab4d79b6-f2ad-3757-beae-17cba8a53f5a","name":"Coal, anthracite","description":"From FedElemFlowList_1.0.1. Flow Class: Geological. Preferred flow.","version":"01.00.001","lastChange":"2020-01-13T16:09:45.986-05:00","category":{"@type":"Category","@id":"bd53d429-278a-3bc7-aa05-bd6de6aaa76a","name":"ground","categoryPath":["Elementary Flows","resource"],"categoryType":"Flow"},"flowType":"ELEMENTARY_FLOW","infrastructureFlow":false,"flowProperties":[{"@type":"FlowPropertyFactor","referenceFlowProperty":true,"flowProperty":{"@type":"FlowProperty","@id":"f6811440-ee37-11de-8a39-0800200c9a66","name":"Energy","categoryPath":["Technical flow properties"]},"conversionFactor":1.0},{"@type":"FlowPropertyFactor","flowProperty":{"@type":"FlowProperty","@id":"93a60a56-a3c8-11da-a746-0800200b9a66","name":"Mass","categoryPath":["Technical flow properties"]},"conversionFactor":0.0307}]}