{"@context":"http://greendelta.github.io/olca-schema/context.jsonld","@type":"Flow","@id":"c28f9211-98eb-3509-95cc-771d8fefae51","name":"Sodium chloride, at plant","version":"00.00.003","lastChange":"2019-09-19T13:20:08.203-04:00","category":{"@type":"Category","@id":"ee3b866f-bc8a-31a4-8762-830d2f043ac9","name":"2123: Nonmetallic Mineral Mining and Quarrying","categoryPath":["Technosphere Flows","21: Mining, Quarrying, and Oil and Gas Extraction"],"categoryType":"Flow"},"flowType":"PRODUCT_FLOW","infrastructureFlow":false,"location":{"@type":"Location","@id":"b320e7db-c758-3ba6-8839-81eb83c9d7d7","name":"Northern America"},"flowProperties":[{"@type":"FlowPropertyFactor","referenceFlowProperty":true,"flowProperty":{"@type":"FlowProperty","@id":"93a60a56-a3c8-11da-a746-0800200b9a66","name":"Mass","categoryPath":["Technical flow properties"]},"conversionFactor":1.0}]}