{"@context":"http://greendelta.github.io/olca-schema/context.jsonld","@type":"Flow","@id":"e20ae2e6-868f-3926-93c5-37cbdf6ba0ee","name":"Hazardous waste, DK","version":"00.00.002","lastChange":"2018-06-27T12:38:50.624-04:00","category":{"@type":"Category","@id":"a9e7424f-8571-3a86-b6da-ecbbfe10e397","name":"5622: Waste Treatment and Disposal","categoryPath":["Technosphere Flows","56: Administrative and Support and Waste Management and Remediation Services"],"categoryType":"Flow"},"flowType":"WASTE_FLOW","infrastructureFlow":false,"flowProperties":[{"@type":"FlowPropertyFactor","referenceFlowProperty":true,"flowProperty":{"@type":"FlowProperty","@id":"93a60a56-a3c8-11da-a746-0800200b9a66","name":"Mass","categoryPath":["Technical flow properties"]},"conversionFactor":1.0}]}