{"@context":"http://greendelta.github.io/olca-schema/context.jsonld","@type":"Flow","@id":"e3d97362-bb7a-3a33-acbf-c2d69c622ed0","name":"Iron and steel, production mix","version":"00.00.003","lastChange":"2019-09-19T13:57:31.662-04:00","category":{"@type":"Category","@id":"ad10c587-9f0d-3636-85a3-cf3ab128e673","name":"3311: Iron and Steel Mills and Ferroalloy Manufacturing","categoryPath":["Technosphere Flows","31-33: Manufacturing"],"categoryType":"Flow"},"flowType":"PRODUCT_FLOW","infrastructureFlow":false,"location":{"@type":"Location","@id":"b320e7db-c758-3ba6-8839-81eb83c9d7d7","name":"Northern America"},"flowProperties":[{"@type":"FlowPropertyFactor","referenceFlowProperty":true,"flowProperty":{"@type":"FlowProperty","@id":"93a60a56-a3c8-11da-a746-0800200b9a66","name":"Mass","categoryPath":["Technical flow properties"]},"conversionFactor":1.0}]}