{"@context":"http://greendelta.github.io/olca-schema/context.jsonld","@type":"Flow","@id":"e47e7aa2-c798-3c84-bcd3-ce683f06dabe","name":"Mixed recyclables, at collection, commercial","version":"00.00.004","lastChange":"2021-03-01T10:57:42.265-05:00","category":{"@type":"Category","@id":"753cf38d-81c3-3ca7-ae4e-45b8d6b5b963","name":"5621: Waste Collection","categoryPath":["Technosphere Flows","56: Administrative and Support and Waste Management and Remediation Services"],"categoryType":"Flow"},"flowType":"PRODUCT_FLOW","infrastructureFlow":false,"location":{"@type":"Location","@id":"0b3b97fa-6688-3c56-88ee-4ae80ec0c3c2","name":"United States"},"flowProperties":[{"@type":"FlowPropertyFactor","referenceFlowProperty":true,"flowProperty":{"@type":"FlowProperty","@id":"93a60a56-a3c8-11da-a746-0800200b9a66","name":"Mass","categoryPath":["Technical flow properties"]},"conversionFactor":1.0}]}