{"@context":"http://greendelta.github.io/olca-schema/context.jsonld","@type":"Flow","@id":"e8fbfbfb-24e9-49a6-a047-41f1646bf7f7","name":"Steel; hot rolled coil, at plant","description":"","version":"00.00.002","lastChange":"2022-12-30T12:57:10.373-05:00","category":{"@type":"Category","@id":"ad10c587-9f0d-3636-85a3-cf3ab128e673","name":"3311: Iron and Steel Mills and Ferroalloy Manufacturing","categoryPath":["Technosphere Flows","31-33: Manufacturing"],"categoryType":"Flow"},"flowType":"PRODUCT_FLOW","infrastructureFlow":false,"flowProperties":[{"@type":"FlowPropertyFactor","referenceFlowProperty":true,"flowProperty":{"@type":"FlowProperty","@id":"93a60a56-a3c8-11da-a746-0800200b9a66","name":"Mass","categoryPath":["Technical flow properties"]},"conversionFactor":1.0}]}