{"@context":"http://greendelta.github.io/olca-schema/context.jsonld","@type":"Flow","@id":"ef914209-31e3-36f8-8120-9183de84b69a","name":"Carbon","description":"From FedElemFlowList_1.0.1. Flow Class: Chemicals. Not a preferred flow.","version":"01.00.001","lastChange":"2020-01-13T16:09:45.955-05:00","category":{"@type":"Category","@id":"65ded412-23ae-3564-8b52-c2b8dd30d813","name":"biotic","categoryPath":["Elementary Flows","resource"],"categoryType":"Flow"},"flowType":"ELEMENTARY_FLOW","cas":"7440-44-0","formula":"C","infrastructureFlow":false,"flowProperties":[{"@type":"FlowPropertyFactor","referenceFlowProperty":true,"flowProperty":{"@type":"FlowProperty","@id":"93a60a56-a3c8-11da-a746-0800200b9a66","name":"Mass","categoryPath":["Technical flow properties"]},"conversionFactor":1.0}]}