{"@context":"http://greendelta.github.io/olca-schema/context.jsonld","@type":"Flow","@id":"f4d494d1-6e82-3f63-a2d5-610f40dc08b4","name":"Phenanthrene","description":"From FedElemFlowList_1.0.1. Flow Class: Chemicals. Not a preferred flow.","version":"01.00.001","lastChange":"2020-01-13T16:09:45.813-05:00","category":{"@type":"Category","@id":"4d599e48-40f7-33ea-8c13-b39bc7fc2fd6","name":"water","categoryPath":["Elementary Flows","emission"],"categoryType":"Flow"},"flowType":"ELEMENTARY_FLOW","cas":"85-01-8","formula":"C14H10","infrastructureFlow":false,"flowProperties":[{"@type":"FlowPropertyFactor","referenceFlowProperty":true,"flowProperty":{"@type":"FlowProperty","@id":"93a60a56-a3c8-11da-a746-0800200b9a66","name":"Mass","categoryPath":["Technical flow properties"]},"conversionFactor":1.0}]}