<?xml version="1.0" encoding="UTF-8" standalone="yes"?>
<ns2:unitGroupDataSet xmlns="http://lca.jrc.it/ILCD/Common" xmlns:ns2="http://lca.jrc.it/ILCD/UnitGroup" xmlns:ns3="http://lca.jrc.it/ILCD/Flow" xmlns:ns4="http://lca.jrc.it/ILCD/Contact" xmlns:ns5="http://lca.jrc.it/ILCD/FlowProperty" xmlns:ns6="http://lca.jrc.it/ILCD/Process" xmlns:ns7="http://lca.jrc.it/ILCD/Source" xmlns:ns8="http://lca.jrc.it/ILCD/Wrapper" version="1.1">
    <ns2:unitGroupInformation>
        <ns2:dataSetInformation>
            <UUID>326eb58b-e5b3-4cea-b45a-2398c25109f8</UUID>
            <name xml:lang="en">Units of length*time</name>
            <ns2:classificationInformation>
                <classification>
                    <class level="0" classId="e38f841d-bc83-49a3-ab86-2783de8cebfb">Technical unit groups</class>
                </classification>
            </ns2:classificationInformation>
        </ns2:dataSetInformation>
        <ns2:quantitativeReference>
            <ns2:referenceToReferenceUnit>0</ns2:referenceToReferenceUnit>
        </ns2:quantitativeReference>
    </ns2:unitGroupInformation>
    <ns2:administrativeInformation>
        <ns2:dataEntryBy>
            <referenceToDataSetFormat type="source data set" refObjectId="a97a0155-0234-4b87-b4ce-a45da52f2a40" version="01.01.000" uri="../sources/a97a0155-0234-4b87-b4ce-a45da52f2a40_01.01.000.xml">
                <shortDescription xml:lang="en">ILCD format</shortDescription>
            </referenceToDataSetFormat>
        </ns2:dataEntryBy>
        <ns2:publicationAndOwnership>
            <dataSetVersion>00.00.000</dataSetVersion>
            <permanentDataSetURI>http://openlca.org/ilcd/resource/unitgroups/326eb58b-e5b3-4cea-b45a-2398c25109f8</permanentDataSetURI>
        </ns2:publicationAndOwnership>
    </ns2:administrativeInformation>
    <ns2:units>
        <ns2:unit xmlns:olca="http://openlca.org/ilcd-extensions" dataSetInternalID="1" olca:unitId="7d082bce-60f5-4588-86bb-56e0dff1c8a8">
            <ns2:name>mi*a</ns2:name>
            <ns2:meanValue>1609.35</ns2:meanValue>
            <ns2:generalComment xml:lang="en">Miles * year</ns2:generalComment>
        </ns2:unit>
        <ns2:unit xmlns:olca="http://openlca.org/ilcd-extensions" dataSetInternalID="2" olca:unitId="8cbb4edb-d76c-41f7-8b30-cc789217c954">
            <ns2:name>km*a</ns2:name>
            <ns2:meanValue>1000.0</ns2:meanValue>
            <ns2:generalComment xml:lang="en">Kilometres * year</ns2:generalComment>
        </ns2:unit>
        <ns2:unit xmlns:olca="http://openlca.org/ilcd-extensions" dataSetInternalID="0" olca:unitId="f7fe0af2-e764-4984-bb9f-2cbff6cd2f18">
            <ns2:name>m*a</ns2:name>
            <ns2:meanValue>1.0</ns2:meanValue>
            <ns2:generalComment xml:lang="en">Metre times year</ns2:generalComment>
        </ns2:unit>
    </ns2:units>
</ns2:unitGroupDataSet>
