<?xml version="1.0" encoding="UTF-8" standalone="yes"?>
<ns2:unitGroupDataSet xmlns="http://lca.jrc.it/ILCD/Common" xmlns:ns2="http://lca.jrc.it/ILCD/UnitGroup" xmlns:ns3="http://lca.jrc.it/ILCD/Flow" xmlns:ns4="http://lca.jrc.it/ILCD/Contact" xmlns:ns5="http://lca.jrc.it/ILCD/FlowProperty" xmlns:ns6="http://lca.jrc.it/ILCD/Process" xmlns:ns7="http://lca.jrc.it/ILCD/Source" xmlns:ns8="http://lca.jrc.it/ILCD/Wrapper" version="1.1">
    <ns2:unitGroupInformation>
        <ns2:dataSetInformation>
            <UUID>5beb6eed-33a9-47b8-9ede-1dfe8f679159</UUID>
            <name xml:lang="en">Units of items</name>
            <ns2:classificationInformation>
                <classification>
                    <class level="0" classId="e38f841d-bc83-49a3-ab86-2783de8cebfb">Technical unit groups</class>
                </classification>
            </ns2:classificationInformation>
        </ns2:dataSetInformation>
        <ns2:quantitativeReference>
            <ns2:referenceToReferenceUnit>0</ns2:referenceToReferenceUnit>
        </ns2:quantitativeReference>
    </ns2:unitGroupInformation>
    <ns2:administrativeInformation>
        <ns2:dataEntryBy>
            <referenceToDataSetFormat type="source data set" refObjectId="a97a0155-0234-4b87-b4ce-a45da52f2a40" version="01.01.000" uri="../sources/a97a0155-0234-4b87-b4ce-a45da52f2a40_01.01.000.xml">
                <shortDescription xml:lang="en">ILCD format</shortDescription>
            </referenceToDataSetFormat>
        </ns2:dataEntryBy>
        <ns2:publicationAndOwnership>
            <dataSetVersion>00.00.000</dataSetVersion>
            <permanentDataSetURI>http://openlca.org/ilcd/resource/unitgroups/5beb6eed-33a9-47b8-9ede-1dfe8f679159</permanentDataSetURI>
        </ns2:publicationAndOwnership>
    </ns2:administrativeInformation>
    <ns2:units>
        <ns2:unit xmlns:olca="http://openlca.org/ilcd-extensions" dataSetInternalID="1" olca:unitId="3bd6c6c3-bb61-46f3-b19a-c87ac5502bb7">
            <ns2:name>Dozen(s)</ns2:name>
            <ns2:meanValue>12.0</ns2:meanValue>
            <ns2:generalComment xml:lang="en">Dozen(s) of items</ns2:generalComment>
        </ns2:unit>
        <ns2:unit xmlns:olca="http://openlca.org/ilcd-extensions" dataSetInternalID="0" olca:unitId="6dabe201-aaac-4509-92f0-d00c26cb72ab">
            <ns2:name>Item(s)</ns2:name>
            <ns2:meanValue>1.0</ns2:meanValue>
            <ns2:generalComment xml:lang="en">Number of items</ns2:generalComment>
        </ns2:unit>
    </ns2:units>
</ns2:unitGroupDataSet>
