<?xml version="1.0" encoding="UTF-8" standalone="yes"?>
<ns2:unitGroupDataSet xmlns="http://lca.jrc.it/ILCD/Common" xmlns:ns2="http://lca.jrc.it/ILCD/UnitGroup" xmlns:ns3="http://lca.jrc.it/ILCD/Flow" xmlns:ns4="http://lca.jrc.it/ILCD/Contact" xmlns:ns5="http://lca.jrc.it/ILCD/FlowProperty" xmlns:ns6="http://lca.jrc.it/ILCD/Process" xmlns:ns7="http://lca.jrc.it/ILCD/Source" xmlns:ns8="http://lca.jrc.it/ILCD/Wrapper" version="1.1">
    <ns2:unitGroupInformation>
        <ns2:dataSetInformation>
            <UUID>838aaa21-0117-11db-92e3-0800200c9a66</UUID>
            <name xml:lang="en">Units of mass*length</name>
            <ns2:classificationInformation>
                <classification>
                    <class level="0" classId="e38f841d-bc83-49a3-ab86-2783de8cebfb">Technical unit groups</class>
                </classification>
            </ns2:classificationInformation>
        </ns2:dataSetInformation>
        <ns2:quantitativeReference>
            <ns2:referenceToReferenceUnit>0</ns2:referenceToReferenceUnit>
        </ns2:quantitativeReference>
    </ns2:unitGroupInformation>
    <ns2:administrativeInformation>
        <ns2:dataEntryBy>
            <referenceToDataSetFormat type="source data set" refObjectId="a97a0155-0234-4b87-b4ce-a45da52f2a40" version="01.01.000" uri="../sources/a97a0155-0234-4b87-b4ce-a45da52f2a40_01.01.000.xml">
                <shortDescription xml:lang="en">ILCD format</shortDescription>
            </referenceToDataSetFormat>
        </ns2:dataEntryBy>
        <ns2:publicationAndOwnership>
            <dataSetVersion>00.00.000</dataSetVersion>
            <permanentDataSetURI>http://openlca.org/ilcd/resource/unitgroups/838aaa21-0117-11db-92e3-0800200c9a66</permanentDataSetURI>
        </ns2:publicationAndOwnership>
    </ns2:administrativeInformation>
    <ns2:units>
        <ns2:unit xmlns:olca="http://openlca.org/ilcd-extensions" dataSetInternalID="1" olca:unitId="097768e6-0763-4126-a253-e323cafdf77e">
            <ns2:name>kt*km</ns2:name>
            <ns2:meanValue>1000.0</ns2:meanValue>
            <ns2:generalComment xml:lang="en">Kilotonne * kilometre</ns2:generalComment>
        </ns2:unit>
        <ns2:unit xmlns:olca="http://openlca.org/ilcd-extensions" dataSetInternalID="0" olca:unitId="0dea4ed8-bb6b-4049-b2b4-b2c413ef2180">
            <ns2:name>t*km</ns2:name>
            <ns2:meanValue>1.0</ns2:meanValue>
            <ns2:generalComment xml:lang="en">Metric tonne-kilometre</ns2:generalComment>
        </ns2:unit>
        <ns2:unit xmlns:olca="http://openlca.org/ilcd-extensions" dataSetInternalID="2" olca:unitId="3cc51ae9-b993-4a3d-964e-0aed8d7f3966">
            <ns2:name>t*mi</ns2:name>
            <ns2:meanValue>1.6</ns2:meanValue>
            <ns2:generalComment xml:lang="en">Metric tonne times international mile</ns2:generalComment>
        </ns2:unit>
        <ns2:unit xmlns:olca="http://openlca.org/ilcd-extensions" dataSetInternalID="3" olca:unitId="5458351a-f6f7-4e0b-a449-823c9b6374db">
            <ns2:name>lb*mi</ns2:name>
            <ns2:meanValue>7.3E-4</ns2:meanValue>
            <ns2:generalComment xml:lang="en">British pound (avoirdupois) times international mile</ns2:generalComment>
        </ns2:unit>
        <ns2:unit xmlns:olca="http://openlca.org/ilcd-extensions" dataSetInternalID="4" olca:unitId="7dd57df4-c092-41aa-966e-c93a27797ea1">
            <ns2:name>t*nmi</ns2:name>
            <ns2:meanValue>1.85</ns2:meanValue>
            <ns2:generalComment xml:lang="en">Metric tonne times nautical mile</ns2:generalComment>
        </ns2:unit>
        <ns2:unit xmlns:olca="http://openlca.org/ilcd-extensions" dataSetInternalID="5" olca:unitId="a1a47f82-68da-442b-9d9f-f8b1717dbe32">
            <ns2:name>t*mi</ns2:name>
            <ns2:meanValue>1.45</ns2:meanValue>
            <ns2:generalComment xml:lang="en">Tonnes * mile</ns2:generalComment>
        </ns2:unit>
        <ns2:unit xmlns:olca="http://openlca.org/ilcd-extensions" dataSetInternalID="6" olca:unitId="a40229e6-7275-42e3-a304-23d590044770">
            <ns2:name>kg*km</ns2:name>
            <ns2:meanValue>0.001</ns2:meanValue>
            <ns2:generalComment xml:lang="en">Kilogram-kilometre</ns2:generalComment>
        </ns2:unit>
        <ns2:unit xmlns:olca="http://openlca.org/ilcd-extensions" dataSetInternalID="7" olca:unitId="d24270f0-c1f2-49ec-a6bf-e86a74177070">
            <ns2:name>lb*nmi</ns2:name>
            <ns2:meanValue>8.4E-4</ns2:meanValue>
            <ns2:generalComment xml:lang="en">British pound (avoirdupois) times nautical mile</ns2:generalComment>
        </ns2:unit>
    </ns2:units>
</ns2:unitGroupDataSet>
