<?xml version="1.0" encoding="UTF-8" standalone="yes"?>
<ns2:unitGroupDataSet xmlns="http://lca.jrc.it/ILCD/Common" xmlns:ns2="http://lca.jrc.it/ILCD/UnitGroup" xmlns:ns3="http://lca.jrc.it/ILCD/Flow" xmlns:ns4="http://lca.jrc.it/ILCD/Contact" xmlns:ns5="http://lca.jrc.it/ILCD/FlowProperty" xmlns:ns6="http://lca.jrc.it/ILCD/Process" xmlns:ns7="http://lca.jrc.it/ILCD/Source" xmlns:ns8="http://lca.jrc.it/ILCD/Wrapper" version="1.1">
    <ns2:unitGroupInformation>
        <ns2:dataSetInformation>
            <UUID>838aaa22-0117-11db-92e3-0800200c9a66</UUID>
            <name xml:lang="en">Units of length</name>
            <ns2:classificationInformation>
                <classification>
                    <class level="0" classId="e38f841d-bc83-49a3-ab86-2783de8cebfb">Technical unit groups</class>
                </classification>
            </ns2:classificationInformation>
        </ns2:dataSetInformation>
        <ns2:quantitativeReference>
            <ns2:referenceToReferenceUnit>0</ns2:referenceToReferenceUnit>
        </ns2:quantitativeReference>
    </ns2:unitGroupInformation>
    <ns2:administrativeInformation>
        <ns2:dataEntryBy>
            <referenceToDataSetFormat type="source data set" refObjectId="a97a0155-0234-4b87-b4ce-a45da52f2a40" version="01.01.000" uri="../sources/a97a0155-0234-4b87-b4ce-a45da52f2a40_01.01.000.xml">
                <shortDescription xml:lang="en">ILCD format</shortDescription>
            </referenceToDataSetFormat>
        </ns2:dataEntryBy>
        <ns2:publicationAndOwnership>
            <dataSetVersion>00.00.000</dataSetVersion>
            <permanentDataSetURI>http://openlca.org/ilcd/resource/unitgroups/838aaa22-0117-11db-92e3-0800200c9a66</permanentDataSetURI>
        </ns2:publicationAndOwnership>
    </ns2:administrativeInformation>
    <ns2:units>
        <ns2:unit xmlns:olca="http://openlca.org/ilcd-extensions" dataSetInternalID="1" olca:unitId="030e99e1-2237-483c-8447-8b3a256d8b0d">
            <ns2:name>in</ns2:name>
            <ns2:meanValue>0.02</ns2:meanValue>
            <ns2:generalComment xml:lang="en">Inch</ns2:generalComment>
        </ns2:unit>
        <ns2:unit xmlns:olca="http://openlca.org/ilcd-extensions" dataSetInternalID="2" olca:unitId="0a025f54-0114-4548-a564-d91aa8eb8174">
            <ns2:name>hm</ns2:name>
            <ns2:meanValue>100.0</ns2:meanValue>
            <ns2:generalComment xml:lang="en">Hectometre</ns2:generalComment>
        </ns2:unit>
        <ns2:unit xmlns:olca="http://openlca.org/ilcd-extensions" dataSetInternalID="3" olca:unitId="1135c9c8-05e9-4831-9eb2-e1c4759f218d">
            <ns2:name>fur</ns2:name>
            <ns2:meanValue>201.168</ns2:meanValue>
            <ns2:generalComment xml:lang="en">Furlong</ns2:generalComment>
        </ns2:unit>
        <ns2:unit xmlns:olca="http://openlca.org/ilcd-extensions" dataSetInternalID="4" olca:unitId="127eddde-af81-4d0d-88f3-123c0b65d971">
            <ns2:name>ch</ns2:name>
            <ns2:meanValue>20.1168</ns2:meanValue>
            <ns2:generalComment xml:lang="en">Chain</ns2:generalComment>
        </ns2:unit>
        <ns2:unit xmlns:olca="http://openlca.org/ilcd-extensions" dataSetInternalID="5" olca:unitId="1f112940-6c27-4c75-828a-46d548d71cff">
            <ns2:name>nmi</ns2:name>
            <ns2:meanValue>1852.0</ns2:meanValue>
            <ns2:generalComment xml:lang="en">Nautical mile</ns2:generalComment>
        </ns2:unit>
        <ns2:unit xmlns:olca="http://openlca.org/ilcd-extensions" dataSetInternalID="6" olca:unitId="2a39ac84-f3f0-4296-8907-ffc2f41aebfc">
            <ns2:name>h</ns2:name>
            <ns2:meanValue>0.1016</ns2:meanValue>
            <ns2:generalComment xml:lang="en">Hand</ns2:generalComment>
        </ns2:unit>
        <ns2:unit xmlns:olca="http://openlca.org/ilcd-extensions" dataSetInternalID="7" olca:unitId="31ace5ab-d905-46ef-b958-caa2e65d6424">
            <ns2:name>ftm</ns2:name>
            <ns2:meanValue>1.8288</ns2:meanValue>
            <ns2:generalComment xml:lang="en">Fathom</ns2:generalComment>
        </ns2:unit>
        <ns2:unit xmlns:olca="http://openlca.org/ilcd-extensions" dataSetInternalID="8" olca:unitId="35b9b720-0518-4476-941e-282d9654161a">
            <ns2:name>dm</ns2:name>
            <ns2:meanValue>0.1</ns2:meanValue>
            <ns2:generalComment xml:lang="en">Decimetre</ns2:generalComment>
        </ns2:unit>
        <ns2:unit xmlns:olca="http://openlca.org/ilcd-extensions" dataSetInternalID="0" olca:unitId="3d314eab-ef11-4ff3-a35e-9bc5cd858694">
            <ns2:name>m</ns2:name>
            <ns2:meanValue>1.0</ns2:meanValue>
            <ns2:generalComment xml:lang="en">Metre</ns2:generalComment>
        </ns2:unit>
        <ns2:unit xmlns:olca="http://openlca.org/ilcd-extensions" dataSetInternalID="9" olca:unitId="4a51d52b-f94f-4168-a38c-c612f14b8a2d">
            <ns2:name>mi</ns2:name>
            <ns2:meanValue>1609.34</ns2:meanValue>
            <ns2:generalComment xml:lang="en">International mile</ns2:generalComment>
        </ns2:unit>
        <ns2:unit xmlns:olca="http://openlca.org/ilcd-extensions" dataSetInternalID="10" olca:unitId="715ca68e-0ac5-4c4b-b557-fdc36623be88">
            <ns2:name>km</ns2:name>
            <ns2:meanValue>1000.0</ns2:meanValue>
            <ns2:generalComment xml:lang="en">Kilometre</ns2:generalComment>
        </ns2:unit>
        <ns2:unit xmlns:olca="http://openlca.org/ilcd-extensions" dataSetInternalID="11" olca:unitId="9003179a-bf17-4e89-8fd7-a0c1c91ac189">
            <ns2:name>u</ns2:name>
            <ns2:meanValue>1.0E-6</ns2:meanValue>
            <ns2:generalComment xml:lang="en">Micron</ns2:generalComment>
        </ns2:unit>
        <ns2:unit xmlns:olca="http://openlca.org/ilcd-extensions" dataSetInternalID="12" olca:unitId="9428cdb2-e08e-46f9-a9aa-85cc11416b5f">
            <ns2:name>dam</ns2:name>
            <ns2:meanValue>10.0</ns2:meanValue>
            <ns2:generalComment xml:lang="en">Decametre</ns2:generalComment>
        </ns2:unit>
        <ns2:unit xmlns:olca="http://openlca.org/ilcd-extensions" dataSetInternalID="13" olca:unitId="a16960ba-31e2-4fe9-82fe-219013f4708f">
            <ns2:name>yd</ns2:name>
            <ns2:meanValue>0.91</ns2:meanValue>
            <ns2:generalComment xml:lang="en">Yard (international)</ns2:generalComment>
        </ns2:unit>
        <ns2:unit xmlns:olca="http://openlca.org/ilcd-extensions" dataSetInternalID="14" olca:unitId="cc44768b-c0ce-4bc9-804a-c59b67d22e39">
            <ns2:name>mm</ns2:name>
            <ns2:meanValue>0.001</ns2:meanValue>
            <ns2:generalComment xml:lang="en">Millimetre</ns2:generalComment>
        </ns2:unit>
        <ns2:unit xmlns:olca="http://openlca.org/ilcd-extensions" dataSetInternalID="15" olca:unitId="d018183e-ea8c-4a41-a303-627c9b9b173d">
            <ns2:name>cm</ns2:name>
            <ns2:meanValue>0.01</ns2:meanValue>
            <ns2:generalComment xml:lang="en">Centimetre</ns2:generalComment>
        </ns2:unit>
        <ns2:unit xmlns:olca="http://openlca.org/ilcd-extensions" dataSetInternalID="16" olca:unitId="f7905d3f-904d-4fdb-829e-54a72fb4c98e">
            <ns2:name>ft</ns2:name>
            <ns2:meanValue>0.3</ns2:meanValue>
            <ns2:generalComment xml:lang="en">Foot (international)</ns2:generalComment>
        </ns2:unit>
    </ns2:units>
</ns2:unitGroupDataSet>
