<?xml version="1.0" encoding="UTF-8" standalone="yes"?>
<ns2:unitGroupDataSet xmlns="http://lca.jrc.it/ILCD/Common" xmlns:ns2="http://lca.jrc.it/ILCD/UnitGroup" xmlns:ns3="http://lca.jrc.it/ILCD/Flow" xmlns:ns4="http://lca.jrc.it/ILCD/Contact" xmlns:ns5="http://lca.jrc.it/ILCD/FlowProperty" xmlns:ns6="http://lca.jrc.it/ILCD/Process" xmlns:ns7="http://lca.jrc.it/ILCD/Source" xmlns:ns8="http://lca.jrc.it/ILCD/Wrapper" version="1.1">
    <ns2:unitGroupInformation>
        <ns2:dataSetInformation>
            <UUID>93a60a57-a3c8-20da-a746-0800200c9a66</UUID>
            <name xml:lang="en">Units of area*time</name>
            <ns2:classificationInformation>
                <classification>
                    <class level="0" classId="e38f841d-bc83-49a3-ab86-2783de8cebfb">Technical unit groups</class>
                </classification>
            </ns2:classificationInformation>
        </ns2:dataSetInformation>
        <ns2:quantitativeReference>
            <ns2:referenceToReferenceUnit>0</ns2:referenceToReferenceUnit>
        </ns2:quantitativeReference>
    </ns2:unitGroupInformation>
    <ns2:administrativeInformation>
        <ns2:dataEntryBy>
            <referenceToDataSetFormat type="source data set" refObjectId="a97a0155-0234-4b87-b4ce-a45da52f2a40" version="01.01.000" uri="../sources/a97a0155-0234-4b87-b4ce-a45da52f2a40_01.01.000.xml">
                <shortDescription xml:lang="en">ILCD format</shortDescription>
            </referenceToDataSetFormat>
        </ns2:dataEntryBy>
        <ns2:publicationAndOwnership>
            <dataSetVersion>00.00.000</dataSetVersion>
            <permanentDataSetURI>http://openlca.org/ilcd/resource/unitgroups/93a60a57-a3c8-20da-a746-0800200c9a66</permanentDataSetURI>
        </ns2:publicationAndOwnership>
    </ns2:administrativeInformation>
    <ns2:units>
        <ns2:unit xmlns:olca="http://openlca.org/ilcd-extensions" dataSetInternalID="1" olca:unitId="00d8370e-2bf1-4f3b-81bb-f8f147e84819">
            <ns2:name>m2*d</ns2:name>
            <ns2:meanValue>0.00274</ns2:meanValue>
            <ns2:generalComment xml:lang="en">Square metre times day</ns2:generalComment>
        </ns2:unit>
        <ns2:unit xmlns:olca="http://openlca.org/ilcd-extensions" dataSetInternalID="2" olca:unitId="0d255e00-8aa1-434e-b6cd-43991a87d3fa">
            <ns2:name>cm2a</ns2:name>
            <ns2:meanValue>1.0E-4</ns2:meanValue>
            <ns2:generalComment xml:lang="en">Square centimetres * year</ns2:generalComment>
        </ns2:unit>
        <ns2:unit xmlns:olca="http://openlca.org/ilcd-extensions" dataSetInternalID="3" olca:unitId="1c43f336-c84b-4f42-bbf7-b1b6f89e121a">
            <ns2:name>mi2*a</ns2:name>
            <ns2:meanValue>2589988.1</ns2:meanValue>
            <ns2:generalComment xml:lang="en">British square mile times year</ns2:generalComment>
        </ns2:unit>
        <ns2:unit xmlns:olca="http://openlca.org/ilcd-extensions" dataSetInternalID="4" olca:unitId="4866ec7b-6218-4783-87b4-cbd107280a85">
            <ns2:name>ha*a</ns2:name>
            <ns2:meanValue>10000.0</ns2:meanValue>
            <ns2:generalComment xml:lang="en">Hectare times year</ns2:generalComment>
        </ns2:unit>
        <ns2:unit xmlns:olca="http://openlca.org/ilcd-extensions" dataSetInternalID="5" olca:unitId="b396b97c-29ab-409a-b6fa-2285589041bd">
            <ns2:name>mm2a</ns2:name>
            <ns2:meanValue>1.0E-6</ns2:meanValue>
            <ns2:generalComment xml:lang="en">Square millimetres * year</ns2:generalComment>
        </ns2:unit>
        <ns2:unit xmlns:olca="http://openlca.org/ilcd-extensions" dataSetInternalID="0" olca:unitId="c7266b67-4ea2-457f-b391-9b94e26e195a">
            <ns2:name>m2*a</ns2:name>
            <ns2:meanValue>1.0</ns2:meanValue>
            <ns2:generalComment xml:lang="en">Square metrr times year</ns2:generalComment>
        </ns2:unit>
        <ns2:unit xmlns:olca="http://openlca.org/ilcd-extensions" dataSetInternalID="6" olca:unitId="c8166ae2-b592-4eb9-b365-e384c8b79f3c">
            <ns2:name>km2*a</ns2:name>
            <ns2:meanValue>1000000.0</ns2:meanValue>
            <ns2:generalComment xml:lang="en">Square kilometre times year</ns2:generalComment>
        </ns2:unit>
        <ns2:unit xmlns:olca="http://openlca.org/ilcd-extensions" dataSetInternalID="7" olca:unitId="efbbab8b-eb92-4e39-bd5f-99951ffda6c3">
            <ns2:name>ft2*a</ns2:name>
            <ns2:meanValue>0.09</ns2:meanValue>
            <ns2:generalComment xml:lang="en">British square feet times year</ns2:generalComment>
        </ns2:unit>
    </ns2:units>
</ns2:unitGroupDataSet>
