<?xml version="1.0" encoding="UTF-8" standalone="yes"?>
<ns2:unitGroupDataSet xmlns="http://lca.jrc.it/ILCD/Common" xmlns:ns2="http://lca.jrc.it/ILCD/UnitGroup" xmlns:ns3="http://lca.jrc.it/ILCD/Flow" xmlns:ns4="http://lca.jrc.it/ILCD/Contact" xmlns:ns5="http://lca.jrc.it/ILCD/FlowProperty" xmlns:ns6="http://lca.jrc.it/ILCD/Process" xmlns:ns7="http://lca.jrc.it/ILCD/Source" xmlns:ns8="http://lca.jrc.it/ILCD/Wrapper" version="1.1">
    <ns2:unitGroupInformation>
        <ns2:dataSetInformation>
            <UUID>93a60a57-a3c8-18da-a746-0800200c9a66</UUID>
            <name xml:lang="en">Units of area</name>
            <ns2:classificationInformation>
                <classification>
                    <class level="0" classId="e38f841d-bc83-49a3-ab86-2783de8cebfb">Technical unit groups</class>
                </classification>
            </ns2:classificationInformation>
        </ns2:dataSetInformation>
        <ns2:quantitativeReference>
            <ns2:referenceToReferenceUnit>0</ns2:referenceToReferenceUnit>
        </ns2:quantitativeReference>
    </ns2:unitGroupInformation>
    <ns2:administrativeInformation>
        <ns2:dataEntryBy>
            <referenceToDataSetFormat type="source data set" refObjectId="a97a0155-0234-4b87-b4ce-a45da52f2a40" version="01.01.000" uri="../sources/a97a0155-0234-4b87-b4ce-a45da52f2a40_01.01.000.xml">
                <shortDescription xml:lang="en">ILCD format</shortDescription>
            </referenceToDataSetFormat>
        </ns2:dataEntryBy>
        <ns2:publicationAndOwnership>
            <dataSetVersion>00.00.000</dataSetVersion>
            <permanentDataSetURI>http://openlca.org/ilcd/resource/unitgroups/93a60a57-a3c8-18da-a746-0800200c9a66</permanentDataSetURI>
        </ns2:publicationAndOwnership>
    </ns2:administrativeInformation>
    <ns2:units>
        <ns2:unit xmlns:olca="http://openlca.org/ilcd-extensions" dataSetInternalID="1" olca:unitId="0992b8e3-489a-46ea-8d71-1bf951ece5d0">
            <ns2:name>mm2</ns2:name>
            <ns2:meanValue>1.0E-6</ns2:meanValue>
            <ns2:generalComment xml:lang="en">Square millimetres</ns2:generalComment>
        </ns2:unit>
        <ns2:unit xmlns:olca="http://openlca.org/ilcd-extensions" dataSetInternalID="2" olca:unitId="20ce5f57-69b1-438b-a8e8-23089854d058">
            <ns2:name>mi2</ns2:name>
            <ns2:meanValue>2589988.11</ns2:meanValue>
            <ns2:generalComment xml:lang="en">British square mile</ns2:generalComment>
        </ns2:unit>
        <ns2:unit xmlns:olca="http://openlca.org/ilcd-extensions" dataSetInternalID="0" olca:unitId="3ce61faa-5716-41c1-aef6-b5920054acc9">
            <ns2:name>m2</ns2:name>
            <ns2:meanValue>1.0</ns2:meanValue>
            <ns2:generalComment xml:lang="en">Square metre</ns2:generalComment>
        </ns2:unit>
        <ns2:unit xmlns:olca="http://openlca.org/ilcd-extensions" dataSetInternalID="3" olca:unitId="4689d28c-29f6-4f0a-ad03-0276f7070edd">
            <ns2:name>nmi2</ns2:name>
            <ns2:meanValue>3429904.0</ns2:meanValue>
            <ns2:generalComment xml:lang="en">Square nautical mile</ns2:generalComment>
        </ns2:unit>
        <ns2:unit xmlns:olca="http://openlca.org/ilcd-extensions" dataSetInternalID="4" olca:unitId="588613d5-6c8c-4ab6-8c69-ec5e20ef7881">
            <ns2:name>cm2</ns2:name>
            <ns2:meanValue>1.0E-4</ns2:meanValue>
            <ns2:generalComment xml:lang="en">Square centimetre</ns2:generalComment>
        </ns2:unit>
        <ns2:unit xmlns:olca="http://openlca.org/ilcd-extensions" dataSetInternalID="5" olca:unitId="6c4b1e4a-bf45-4385-a60c-12cc48ecbab5">
            <ns2:name>yd2</ns2:name>
            <ns2:meanValue>0.83</ns2:meanValue>
            <ns2:generalComment xml:lang="en">Square yard (imperial/US)</ns2:generalComment>
        </ns2:unit>
        <ns2:unit xmlns:olca="http://openlca.org/ilcd-extensions" dataSetInternalID="6" olca:unitId="8ee3bcbf-9e65-4f59-9b0b-40b504cbe345">
            <ns2:name>ac</ns2:name>
            <ns2:meanValue>4046.85</ns2:meanValue>
            <ns2:generalComment xml:lang="en">Acre (US survey)</ns2:generalComment>
        </ns2:unit>
        <ns2:unit xmlns:olca="http://openlca.org/ilcd-extensions" dataSetInternalID="7" olca:unitId="b9a011a0-c9bf-459b-b105-2623d1b61ddf">
            <ns2:name>km2</ns2:name>
            <ns2:meanValue>1000000.0</ns2:meanValue>
            <ns2:generalComment xml:lang="en">Square kilometre</ns2:generalComment>
        </ns2:unit>
        <ns2:unit xmlns:olca="http://openlca.org/ilcd-extensions" dataSetInternalID="8" olca:unitId="c66d26f1-7946-4027-85f0-ac79222a59f1">
            <ns2:name>ft2</ns2:name>
            <ns2:meanValue>0.09</ns2:meanValue>
            <ns2:generalComment xml:lang="en">British square feet</ns2:generalComment>
        </ns2:unit>
        <ns2:unit xmlns:olca="http://openlca.org/ilcd-extensions" dataSetInternalID="9" olca:unitId="cd277914-c68c-4be4-b7cf-cdf17a6e7f48">
            <ns2:name>in2</ns2:name>
            <ns2:meanValue>6.45E-4</ns2:meanValue>
            <ns2:generalComment xml:lang="en">Square inches</ns2:generalComment>
        </ns2:unit>
        <ns2:unit xmlns:olca="http://openlca.org/ilcd-extensions" dataSetInternalID="10" olca:unitId="dc4bb818-ab06-4f65-ade9-a69a3ca116fd">
            <ns2:name>dm2</ns2:name>
            <ns2:meanValue>0.01</ns2:meanValue>
            <ns2:generalComment xml:lang="en">Square decimetres</ns2:generalComment>
        </ns2:unit>
        <ns2:unit xmlns:olca="http://openlca.org/ilcd-extensions" dataSetInternalID="11" olca:unitId="debee4d9-bc47-4e35-8624-4957ecb75386">
            <ns2:name>ha</ns2:name>
            <ns2:meanValue>10000.0</ns2:meanValue>
            <ns2:generalComment xml:lang="en">Hectare</ns2:generalComment>
        </ns2:unit>
        <ns2:unit xmlns:olca="http://openlca.org/ilcd-extensions" dataSetInternalID="12" olca:unitId="e114cd83-3e7f-4466-8028-761c0469f7c7">
            <ns2:name>a</ns2:name>
            <ns2:meanValue>100.0</ns2:meanValue>
            <ns2:generalComment xml:lang="en">Are</ns2:generalComment>
        </ns2:unit>
    </ns2:units>
</ns2:unitGroupDataSet>
