<?xml version="1.0" encoding="UTF-8" standalone="yes"?>
<ns2:unitGroupDataSet xmlns="http://lca.jrc.it/ILCD/Common" xmlns:ns2="http://lca.jrc.it/ILCD/UnitGroup" xmlns:ns3="http://lca.jrc.it/ILCD/Flow" xmlns:ns4="http://lca.jrc.it/ILCD/Contact" xmlns:ns5="http://lca.jrc.it/ILCD/FlowProperty" xmlns:ns6="http://lca.jrc.it/ILCD/Process" xmlns:ns7="http://lca.jrc.it/ILCD/Source" xmlns:ns8="http://lca.jrc.it/ILCD/Wrapper" version="1.1">
    <ns2:unitGroupInformation>
        <ns2:dataSetInformation>
            <UUID>93a60a57-a3c8-11da-a746-0800200c9a66</UUID>
            <name xml:lang="en">Units of energy</name>
            <ns2:classificationInformation>
                <classification>
                    <class level="0" classId="e38f841d-bc83-49a3-ab86-2783de8cebfb">Technical unit groups</class>
                </classification>
            </ns2:classificationInformation>
        </ns2:dataSetInformation>
        <ns2:quantitativeReference>
            <ns2:referenceToReferenceUnit>0</ns2:referenceToReferenceUnit>
        </ns2:quantitativeReference>
    </ns2:unitGroupInformation>
    <ns2:administrativeInformation>
        <ns2:dataEntryBy>
            <referenceToDataSetFormat type="source data set" refObjectId="a97a0155-0234-4b87-b4ce-a45da52f2a40" version="01.01.000" uri="../sources/a97a0155-0234-4b87-b4ce-a45da52f2a40_01.01.000.xml">
                <shortDescription xml:lang="en">ILCD format</shortDescription>
            </referenceToDataSetFormat>
        </ns2:dataEntryBy>
        <ns2:publicationAndOwnership>
            <dataSetVersion>00.00.000</dataSetVersion>
            <permanentDataSetURI>http://openlca.org/ilcd/resource/unitgroups/93a60a57-a3c8-11da-a746-0800200c9a66</permanentDataSetURI>
        </ns2:publicationAndOwnership>
    </ns2:administrativeInformation>
    <ns2:units>
        <ns2:unit xmlns:olca="http://openlca.org/ilcd-extensions" dataSetInternalID="1" olca:unitId="010f811e-3cc2-4b14-a901-337da9b3e49c">
            <ns2:name>kcal</ns2:name>
            <ns2:meanValue>0.00419</ns2:meanValue>
            <ns2:generalComment xml:lang="en">Kilocalorie (International table)</ns2:generalComment>
        </ns2:unit>
        <ns2:unit xmlns:olca="http://openlca.org/ilcd-extensions" dataSetInternalID="2" olca:unitId="01e58eb9-0aba-4c76-ba0c-03f6f3be1353">
            <ns2:name>GJ</ns2:name>
            <ns2:meanValue>1000.0</ns2:meanValue>
            <ns2:generalComment xml:lang="en">Gigajoule</ns2:generalComment>
        </ns2:unit>
        <ns2:unit xmlns:olca="http://openlca.org/ilcd-extensions" dataSetInternalID="3" olca:unitId="425aff51-b7e5-4561-aa5a-562ec103a79e">
            <ns2:name>TOE</ns2:name>
            <ns2:meanValue>41868.0</ns2:meanValue>
            <ns2:generalComment xml:lang="en">Tonne oil equivalent</ns2:generalComment>
        </ns2:unit>
        <ns2:unit xmlns:olca="http://openlca.org/ilcd-extensions" dataSetInternalID="4" olca:unitId="469d61f1-3bc4-4841-8adf-873825c1bc11">
            <ns2:name>J</ns2:name>
            <ns2:meanValue>1.0E-6</ns2:meanValue>
            <ns2:generalComment xml:lang="en">Joule</ns2:generalComment>
        </ns2:unit>
        <ns2:unit xmlns:olca="http://openlca.org/ilcd-extensions" dataSetInternalID="0" olca:unitId="52765a6c-3896-43c2-b2f4-c679acf13efe">
            <ns2:name>MJ</ns2:name>
            <ns2:meanValue>1.0</ns2:meanValue>
            <ns2:generalComment xml:lang="en">Megajoule</ns2:generalComment>
        </ns2:unit>
        <ns2:unit xmlns:olca="http://openlca.org/ilcd-extensions" dataSetInternalID="5" olca:unitId="55244053-94ba-404e-9172-cb279d905e00">
            <ns2:name>btu</ns2:name>
            <ns2:meanValue>0.00106</ns2:meanValue>
            <ns2:generalComment xml:lang="en">British thermal unit (International table)</ns2:generalComment>
        </ns2:unit>
        <ns2:unit xmlns:olca="http://openlca.org/ilcd-extensions" dataSetInternalID="6" olca:unitId="57c492e7-d94b-4fcc-98df-cdc4163b754c">
            <ns2:name>TJ</ns2:name>
            <ns2:meanValue>1000000.0</ns2:meanValue>
            <ns2:generalComment xml:lang="en">Terajoule</ns2:generalComment>
        </ns2:unit>
        <ns2:unit xmlns:olca="http://openlca.org/ilcd-extensions" dataSetInternalID="7" olca:unitId="787f2ac9-7bcd-4a91-9fab-55bfe414138f">
            <ns2:name>TCE</ns2:name>
            <ns2:meanValue>29307.6</ns2:meanValue>
            <ns2:generalComment xml:lang="en">Tonne coal equivalent</ns2:generalComment>
        </ns2:unit>
        <ns2:unit xmlns:olca="http://openlca.org/ilcd-extensions" dataSetInternalID="8" olca:unitId="86ad2244-1f0e-4912-af53-7865283103e4">
            <ns2:name>kWh</ns2:name>
            <ns2:meanValue>3.6</ns2:meanValue>
            <ns2:generalComment xml:lang="en">Kilowatt times hour</ns2:generalComment>
        </ns2:unit>
        <ns2:unit xmlns:olca="http://openlca.org/ilcd-extensions" dataSetInternalID="9" olca:unitId="92e3bd49-8ed5-4885-9db6-fc88c7afcfcb">
            <ns2:name>MWh</ns2:name>
            <ns2:meanValue>3600.0</ns2:meanValue>
            <ns2:generalComment xml:lang="en">Megawatt times hour</ns2:generalComment>
        </ns2:unit>
        <ns2:unit xmlns:olca="http://openlca.org/ilcd-extensions" dataSetInternalID="10" olca:unitId="f4119718-2d50-47fe-9154-cab6fd2d30eb">
            <ns2:name>kJ</ns2:name>
            <ns2:meanValue>0.001</ns2:meanValue>
            <ns2:generalComment xml:lang="en">Kilojoule</ns2:generalComment>
        </ns2:unit>
        <ns2:unit xmlns:olca="http://openlca.org/ilcd-extensions" dataSetInternalID="11" olca:unitId="fc3604f7-aa93-4aa3-8ae9-8f822874da5f">
            <ns2:name>Wh</ns2:name>
            <ns2:meanValue>0.0036</ns2:meanValue>
            <ns2:generalComment xml:lang="en">Watt times hour</ns2:generalComment>
        </ns2:unit>
        <ns2:unit xmlns:olca="http://openlca.org/ilcd-extensions" dataSetInternalID="12" olca:unitId="ff1a332f-967c-4084-8b01-8d3ca81b3121">
            <ns2:name>PJ</ns2:name>
            <ns2:meanValue>1.0E9</ns2:meanValue>
            <ns2:generalComment xml:lang="en">PetaJoules</ns2:generalComment>
        </ns2:unit>
    </ns2:units>
</ns2:unitGroupDataSet>
