<?xml version="1.0" encoding="UTF-8" standalone="yes"?>
<ns2:unitGroupDataSet xmlns="http://lca.jrc.it/ILCD/Common" xmlns:ns2="http://lca.jrc.it/ILCD/UnitGroup" xmlns:ns3="http://lca.jrc.it/ILCD/Flow" xmlns:ns4="http://lca.jrc.it/ILCD/Contact" xmlns:ns5="http://lca.jrc.it/ILCD/FlowProperty" xmlns:ns6="http://lca.jrc.it/ILCD/Process" xmlns:ns7="http://lca.jrc.it/ILCD/Source" xmlns:ns8="http://lca.jrc.it/ILCD/Wrapper" version="1.1">
    <ns2:unitGroupInformation>
        <ns2:dataSetInformation>
            <UUID>da299c4d-1741-4da8-9fbd-5ccfb5e1d688</UUID>
            <name xml:lang="en">Units of currency</name>
            <ns2:classificationInformation>
                <classification>
                    <class level="0" classId="3beedca8-84be-4deb-97b4-d578f75ddee1">Economic unit groups</class>
                </classification>
            </ns2:classificationInformation>
        </ns2:dataSetInformation>
        <ns2:quantitativeReference>
            <ns2:referenceToReferenceUnit>0</ns2:referenceToReferenceUnit>
        </ns2:quantitativeReference>
    </ns2:unitGroupInformation>
    <ns2:administrativeInformation>
        <ns2:dataEntryBy>
            <referenceToDataSetFormat type="source data set" refObjectId="a97a0155-0234-4b87-b4ce-a45da52f2a40" version="01.01.000" uri="../sources/a97a0155-0234-4b87-b4ce-a45da52f2a40_01.01.000.xml">
                <shortDescription xml:lang="en">ILCD format</shortDescription>
            </referenceToDataSetFormat>
        </ns2:dataEntryBy>
        <ns2:publicationAndOwnership>
            <dataSetVersion>00.00.000</dataSetVersion>
            <permanentDataSetURI>http://openlca.org/ilcd/resource/unitgroups/da299c4d-1741-4da8-9fbd-5ccfb5e1d688</permanentDataSetURI>
        </ns2:publicationAndOwnership>
    </ns2:administrativeInformation>
    <ns2:units>
        <ns2:unit xmlns:olca="http://openlca.org/ilcd-extensions" dataSetInternalID="1" olca:unitId="007f0ce1-4a0b-4bb2-8f7c-1b2a0e6ef6b2">
            <ns2:name>LVL 2000</ns2:name>
            <ns2:meanValue>1.78</ns2:meanValue>
            <ns2:generalComment xml:lang="en">Latvian lats</ns2:generalComment>
        </ns2:unit>
        <ns2:unit xmlns:olca="http://openlca.org/ilcd-extensions" dataSetInternalID="2" olca:unitId="0866bd06-77b3-41a2-8157-6d96ffb5666b">
            <ns2:name>EEK 2000</ns2:name>
            <ns2:meanValue>0.06</ns2:meanValue>
            <ns2:generalComment xml:lang="en">Estonian kroon</ns2:generalComment>
        </ns2:unit>
        <ns2:unit xmlns:olca="http://openlca.org/ilcd-extensions" dataSetInternalID="3" olca:unitId="14ed0060-9198-48c1-b458-7fa4075c9811">
            <ns2:name>AUD 2000</ns2:name>
            <ns2:meanValue>0.63</ns2:meanValue>
            <ns2:generalComment xml:lang="en">Australian dollar</ns2:generalComment>
        </ns2:unit>
        <ns2:unit xmlns:olca="http://openlca.org/ilcd-extensions" dataSetInternalID="4" olca:unitId="18b04307-98b7-4d9e-82ee-f11d1b9f0d28">
            <ns2:name>CAD 2000</ns2:name>
            <ns2:meanValue>0.73</ns2:meanValue>
            <ns2:generalComment xml:lang="en">Canadian dollar</ns2:generalComment>
        </ns2:unit>
        <ns2:unit xmlns:olca="http://openlca.org/ilcd-extensions" dataSetInternalID="5" olca:unitId="28bb8ff6-79d1-4f97-b7c4-7fa3dd05bec8">
            <ns2:name>ISK 2000</ns2:name>
            <ns2:meanValue>0.01</ns2:meanValue>
            <ns2:generalComment xml:lang="en">Iceland krona</ns2:generalComment>
        </ns2:unit>
        <ns2:unit xmlns:olca="http://openlca.org/ilcd-extensions" dataSetInternalID="6" olca:unitId="2f3cc326-da25-4086-b06d-3a7ef914aef6">
            <ns2:name>DKK 2000</ns2:name>
            <ns2:meanValue>0.13</ns2:meanValue>
            <ns2:generalComment xml:lang="en">Danish krone</ns2:generalComment>
        </ns2:unit>
        <ns2:unit xmlns:olca="http://openlca.org/ilcd-extensions" dataSetInternalID="7" olca:unitId="3f838c0d-bf6c-49f1-a465-d256ab0d13eb">
            <ns2:name>USD 2000</ns2:name>
            <ns2:meanValue>1.1</ns2:meanValue>
            <ns2:generalComment xml:lang="en">US dollar</ns2:generalComment>
        </ns2:unit>
        <ns2:unit xmlns:olca="http://openlca.org/ilcd-extensions" dataSetInternalID="8" olca:unitId="594fb96f-0d06-4053-9263-826fcd4d0046">
            <ns2:name>SEK 2000</ns2:name>
            <ns2:meanValue>0.12</ns2:meanValue>
            <ns2:generalComment xml:lang="en">Swedish krona</ns2:generalComment>
        </ns2:unit>
        <ns2:unit xmlns:olca="http://openlca.org/ilcd-extensions" dataSetInternalID="9" olca:unitId="6c277db7-2784-4296-83bf-15c04a9d59b2">
            <ns2:name>JPY 2000</ns2:name>
            <ns2:meanValue>0.01</ns2:meanValue>
            <ns2:generalComment xml:lang="en">Japanese yen</ns2:generalComment>
        </ns2:unit>
        <ns2:unit xmlns:olca="http://openlca.org/ilcd-extensions" dataSetInternalID="10" olca:unitId="71326000-165d-41fb-aea9-1bfbd9d7fc6c">
            <ns2:name>ZAR 2000</ns2:name>
            <ns2:meanValue>0.15</ns2:meanValue>
            <ns2:generalComment xml:lang="en">South African rand</ns2:generalComment>
        </ns2:unit>
        <ns2:unit xmlns:olca="http://openlca.org/ilcd-extensions" dataSetInternalID="11" olca:unitId="8632c804-eed7-4a57-91e6-1798289c49e3">
            <ns2:name>CHF 2000</ns2:name>
            <ns2:meanValue>0.64</ns2:meanValue>
            <ns2:generalComment xml:lang="en">Swiss franc</ns2:generalComment>
        </ns2:unit>
        <ns2:unit xmlns:olca="http://openlca.org/ilcd-extensions" dataSetInternalID="12" olca:unitId="930e411f-542b-4f66-8e83-b04c303a9780">
            <ns2:name>USD 2002</ns2:name>
            <ns2:meanValue>1.29</ns2:meanValue>
            <ns2:generalComment xml:lang="en">US dollar 2002</ns2:generalComment>
        </ns2:unit>
        <ns2:unit xmlns:olca="http://openlca.org/ilcd-extensions" dataSetInternalID="13" olca:unitId="97ee3997-137d-4d96-80bf-c4f106c743c4">
            <ns2:name>NOK 2000</ns2:name>
            <ns2:meanValue>0.12</ns2:meanValue>
            <ns2:generalComment xml:lang="en">Norwegian krone</ns2:generalComment>
        </ns2:unit>
        <ns2:unit xmlns:olca="http://openlca.org/ilcd-extensions" dataSetInternalID="0" olca:unitId="a55b7fe7-fa09-47ef-be62-e07b8e6f4351">
            <ns2:name>EUR 2000</ns2:name>
            <ns2:meanValue>1.0</ns2:meanValue>
            <ns2:generalComment xml:lang="en">Euro</ns2:generalComment>
        </ns2:unit>
        <ns2:unit xmlns:olca="http://openlca.org/ilcd-extensions" dataSetInternalID="14" olca:unitId="ae63f1fd-3679-443a-ad06-8d03e867351e">
            <ns2:name>GBP 2000</ns2:name>
            <ns2:meanValue>1.65</ns2:meanValue>
            <ns2:generalComment xml:lang="en">Pound sterling</ns2:generalComment>
        </ns2:unit>
        <ns2:unit xmlns:olca="http://openlca.org/ilcd-extensions" dataSetInternalID="15" olca:unitId="b9948675-d7f6-4f0b-afa0-aa320718bb98">
            <ns2:name>M$ 2000</ns2:name>
            <ns2:meanValue>1100000.0</ns2:meanValue>
            <ns2:generalComment xml:lang="en">Mega US dollar 2000</ns2:generalComment>
        </ns2:unit>
        <ns2:unit xmlns:olca="http://openlca.org/ilcd-extensions" dataSetInternalID="16" olca:unitId="d0c791b3-d989-4d90-906c-d01006e45ce0">
            <ns2:name>CHF 2005</ns2:name>
            <ns2:meanValue>1.12</ns2:meanValue>
            <ns2:generalComment xml:lang="en">Swiss franc</ns2:generalComment>
        </ns2:unit>
        <ns2:unit xmlns:olca="http://openlca.org/ilcd-extensions" dataSetInternalID="17" olca:unitId="d246fd48-c363-4f0e-ab01-641325dd89eb">
            <ns2:name>KRW 2000</ns2:name>
            <ns2:meanValue>9.5E-4</ns2:meanValue>
            <ns2:generalComment xml:lang="en">South Korean won</ns2:generalComment>
        </ns2:unit>
        <ns2:unit xmlns:olca="http://openlca.org/ilcd-extensions" dataSetInternalID="18" olca:unitId="dce13106-087c-4fea-bfaa-def214e3cecb">
            <ns2:name>LTL 2000</ns2:name>
            <ns2:meanValue>0.27</ns2:meanValue>
            <ns2:generalComment xml:lang="en">Lithuanian litas</ns2:generalComment>
        </ns2:unit>
        <ns2:unit xmlns:olca="http://openlca.org/ilcd-extensions" dataSetInternalID="19" olca:unitId="e0c570ff-d195-4646-b15d-b8de687d10a8">
            <ns2:name>EUR 2003</ns2:name>
            <ns2:meanValue>1.25</ns2:meanValue>
            <ns2:generalComment xml:lang="en">Euro 2003</ns2:generalComment>
        </ns2:unit>
        <ns2:unit xmlns:olca="http://openlca.org/ilcd-extensions" dataSetInternalID="20" olca:unitId="fb4258af-95b2-4359-af03-9687178df527">
            <ns2:name>HUF 2000</ns2:name>
            <ns2:meanValue>0.0038</ns2:meanValue>
            <ns2:generalComment xml:lang="en">Hungarian forint</ns2:generalComment>
        </ns2:unit>
        <ns2:unit xmlns:olca="http://openlca.org/ilcd-extensions" dataSetInternalID="21" olca:unitId="fd100082-4cdf-4932-9282-6bb7d7091bd4">
            <ns2:name>CZK 2000</ns2:name>
            <ns2:meanValue>0.02</ns2:meanValue>
            <ns2:generalComment xml:lang="en">Czech koruna</ns2:generalComment>
        </ns2:unit>
        <ns2:unit xmlns:olca="http://openlca.org/ilcd-extensions" dataSetInternalID="22" olca:unitId="df263bbe-36fe-473a-9b14-dedebe0dacbb">
            <ns2:name>USD</ns2:name>
            <ns2:meanValue>1.0</ns2:meanValue>
        </ns2:unit>
    </ns2:units>
</ns2:unitGroupDataSet>
