<?xml version="1.0" encoding="UTF-8" standalone="yes"?>
<ns2:unitGroupDataSet xmlns="http://lca.jrc.it/ILCD/Common" xmlns:ns2="http://lca.jrc.it/ILCD/UnitGroup" xmlns:ns3="http://lca.jrc.it/ILCD/Flow" xmlns:ns4="http://lca.jrc.it/ILCD/Contact" xmlns:ns5="http://lca.jrc.it/ILCD/FlowProperty" xmlns:ns6="http://lca.jrc.it/ILCD/Process" xmlns:ns7="http://lca.jrc.it/ILCD/Source" xmlns:ns8="http://lca.jrc.it/ILCD/Wrapper" version="1.1">
    <ns2:unitGroupInformation>
        <ns2:dataSetInformation>
            <UUID>ff8ed45d-bbfb-4531-8c7b-9b95e52bd41d</UUID>
            <name xml:lang="en">Units of volume*length</name>
            <ns2:classificationInformation>
                <classification>
                    <class level="0" classId="e38f841d-bc83-49a3-ab86-2783de8cebfb">Technical unit groups</class>
                </classification>
            </ns2:classificationInformation>
        </ns2:dataSetInformation>
        <ns2:quantitativeReference>
            <ns2:referenceToReferenceUnit>0</ns2:referenceToReferenceUnit>
        </ns2:quantitativeReference>
    </ns2:unitGroupInformation>
    <ns2:administrativeInformation>
        <ns2:dataEntryBy>
            <referenceToDataSetFormat type="source data set" refObjectId="a97a0155-0234-4b87-b4ce-a45da52f2a40" version="01.01.000" uri="../sources/a97a0155-0234-4b87-b4ce-a45da52f2a40_01.01.000.xml">
                <shortDescription xml:lang="en">ILCD format</shortDescription>
            </referenceToDataSetFormat>
        </ns2:dataEntryBy>
        <ns2:publicationAndOwnership>
            <dataSetVersion>00.00.000</dataSetVersion>
            <permanentDataSetURI>http://openlca.org/ilcd/resource/unitgroups/ff8ed45d-bbfb-4531-8c7b-9b95e52bd41d</permanentDataSetURI>
        </ns2:publicationAndOwnership>
    </ns2:administrativeInformation>
    <ns2:units>
        <ns2:unit xmlns:olca="http://openlca.org/ilcd-extensions" dataSetInternalID="1" olca:unitId="0c62f887-da22-4b0a-999b-145c4b2ffe1e">
            <ns2:name>l*nmi</ns2:name>
            <ns2:meanValue>0.00185</ns2:meanValue>
            <ns2:generalComment xml:lang="en">Litre times nautical mile</ns2:generalComment>
        </ns2:unit>
        <ns2:unit xmlns:olca="http://openlca.org/ilcd-extensions" dataSetInternalID="2" olca:unitId="112e9d4a-262d-4dcb-8003-c19204faedfb">
            <ns2:name>l*mi</ns2:name>
            <ns2:meanValue>0.00161</ns2:meanValue>
            <ns2:generalComment xml:lang="en">Litre times international mile</ns2:generalComment>
        </ns2:unit>
        <ns2:unit xmlns:olca="http://openlca.org/ilcd-extensions" dataSetInternalID="0" olca:unitId="5042a5e9-b8fd-40ca-b13e-cb9f1ce0357a">
            <ns2:name>m3*km</ns2:name>
            <ns2:meanValue>1.0</ns2:meanValue>
            <ns2:generalComment xml:lang="en">Cubic metre times kilometre</ns2:generalComment>
        </ns2:unit>
        <ns2:unit xmlns:olca="http://openlca.org/ilcd-extensions" dataSetInternalID="3" olca:unitId="a0805221-ed1e-4177-9e2a-4b72ce2beb06">
            <ns2:name>l*km</ns2:name>
            <ns2:meanValue>0.001</ns2:meanValue>
            <ns2:generalComment xml:lang="en">Litre times kilometre</ns2:generalComment>
        </ns2:unit>
        <ns2:unit xmlns:olca="http://openlca.org/ilcd-extensions" dataSetInternalID="4" olca:unitId="de900fea-2536-4fe5-a92d-00ac9a28654b">
            <ns2:name>m3*mi</ns2:name>
            <ns2:meanValue>1.6</ns2:meanValue>
            <ns2:generalComment xml:lang="en">Cubic metre times international mile</ns2:generalComment>
        </ns2:unit>
        <ns2:unit xmlns:olca="http://openlca.org/ilcd-extensions" dataSetInternalID="5" olca:unitId="fad23f5c-f841-4369-ba17-2dd297b5fadf">
            <ns2:name>m3*nmi</ns2:name>
            <ns2:meanValue>1.85</ns2:meanValue>
            <ns2:generalComment xml:lang="en">Cubic metre times nautical mile</ns2:generalComment>
        </ns2:unit>
    </ns2:units>
</ns2:unitGroupDataSet>
