{"@type":"Flow","@id":"08e63ddf-e187-31d8-8acd-47ba881b2812","name":"Phenanthrenes, alkylated, unspecified","description":"Non-FEDEFL Unmappable flow","category":"Elementary Flows/emission/water","version":"00.00.003","lastChange":"2021-08-10T18:33:04.998Z","flowType":"ELEMENTARY_FLOW","isInfrastructureFlow":false,"flowProperties":[{"@type":"FlowPropertyFactor","isRefFlowProperty":true,"flowProperty":{"@type":"FlowProperty","@id":"93a60a56-a3c8-11da-a746-0800200b9a66","name":"Mass","category":"Technical flow properties","refUnit":"kg"},"conversionFactor":1.0}]}