{"@type":"Flow","@id":"28a1f858-bf65-35b1-ae67-2acb9d16698d","name":"Forest residue, processed and loaded, at landing system","category":"Technosphere Flows/11: Agriculture, Forestry, Fishing and Hunting/1133: Logging","version":"00.00.003","lastChange":"2019-09-18T23:00:09.032Z","flowType":"PRODUCT_FLOW","isInfrastructureFlow":false,"location":{"@type":"Location","@id":"b320e7db-c758-3ba6-8839-81eb83c9d7d7","name":"Northern America"},"flowProperties":[{"@type":"FlowPropertyFactor","isRefFlowProperty":true,"flowProperty":{"@type":"FlowProperty","@id":"93a60a56-a3c8-11da-a746-0800200b9a66","name":"Mass","category":"Technical flow properties","refUnit":"kg"},"conversionFactor":1.0}]}