{"@type":"Flow","@id":"2e84eb20-ab0d-341a-be01-f815da246810","name":"Hydrochloric acid","description":"From FedElemFlowList_1.0.1. Flow Class: Chemicals. Not a preferred flow.","category":"Elementary Flows/emission/air/troposphere/rural","version":"01.00.001","lastChange":"2020-01-13T21:09:45.355Z","flowType":"ELEMENTARY_FLOW","cas":"7647-01-0","formula":"ClH","isInfrastructureFlow":false,"flowProperties":[{"@type":"FlowPropertyFactor","isRefFlowProperty":true,"flowProperty":{"@type":"FlowProperty","@id":"93a60a56-a3c8-11da-a746-0800200b9a66","name":"Mass","category":"Technical flow properties","refUnit":"kg"},"conversionFactor":1.0}]}