{"@type":"Flow","@id":"34373106-840d-3e3b-8fa4-9d51348e8b7b","name":"Transformation, from dump site, residual material landfill","category":"Ecosystem Services","version":"00.00.002","lastChange":"2018-06-27T16:38:49.824Z","flowType":"PRODUCT_FLOW","isInfrastructureFlow":false,"flowProperties":[{"@type":"FlowPropertyFactor","isRefFlowProperty":true,"flowProperty":{"@type":"FlowProperty","@id":"93a60a56-a3c8-19da-a746-0800200c9a66","name":"Area","category":"Technical flow properties","refUnit":"m2"},"conversionFactor":1.0}]}