{"@type":"Flow","@id":"3e031fbc-e13a-3bbc-b5f7-1e31a9159bd0","name":"Titanium","description":"From FedElemFlowList_1.0.1. Flow Class: Chemicals. Not a preferred flow.","category":"Elementary Flows/emission/air/troposphere/urban","version":"01.00.001","lastChange":"2020-01-13T21:09:45.417Z","flowType":"ELEMENTARY_FLOW","cas":"7440-32-6","formula":"Ti","isInfrastructureFlow":false,"flowProperties":[{"@type":"FlowPropertyFactor","isRefFlowProperty":true,"flowProperty":{"@type":"FlowProperty","@id":"93a60a56-a3c8-11da-a746-0800200b9a66","name":"Mass","category":"Technical flow properties","refUnit":"kg"},"conversionFactor":1.0}]}