{"@type":"Flow","@id":"467d2730-733d-3602-a33f-f05d0eaf749d","name":"Titanium dioxide","description":"From FedElemFlowList_1.0.1. Flow Class: Geological. Preferred flow.","category":"Elementary Flows/resource/ground/subterranean","version":"01.00.001","lastChange":"2020-01-13T21:09:46.002Z","flowType":"ELEMENTARY_FLOW","cas":"13463-67-7","formula":"O2Ti","isInfrastructureFlow":false,"flowProperties":[{"@type":"FlowPropertyFactor","isRefFlowProperty":true,"flowProperty":{"@type":"FlowProperty","@id":"93a60a56-a3c8-11da-a746-0800200b9a66","name":"Mass","category":"Technical flow properties","refUnit":"kg"},"conversionFactor":1.0}]}