{"@type":"Flow","@id":"563b0918-359e-3468-aeaa-971f0cafedc9","name":"Harvest, switchgrass","category":"Technosphere Flows/11: Agriculture, Forestry, Fishing and Hunting/1151: Support Activities for Crop Production","version":"00.00.003","lastChange":"2019-09-18T23:00:45.981Z","flowType":"PRODUCT_FLOW","isInfrastructureFlow":false,"location":{"@type":"Location","@id":"b320e7db-c758-3ba6-8839-81eb83c9d7d7","name":"Northern America"},"flowProperties":[{"@type":"FlowPropertyFactor","isRefFlowProperty":true,"flowProperty":{"@type":"FlowProperty","@id":"93a60a56-a3c8-19da-a746-0800200c9a66","name":"Area","category":"Technical flow properties","refUnit":"m2"},"conversionFactor":1.0}]}