{"@type":"Flow","@id":"6260e838-3087-4675-b372-419390c8890f","name":"Disposal, solid waste, unspecified, to underground deposit","description":"CUTOFF flow","category":"Technosphere Flows/CUTOFF Flows/CUTOFF Waste Flows","version":"00.00.000","lastChange":"2024-06-20T14:40:12.154Z","flowType":"WASTE_FLOW","isInfrastructureFlow":false,"flowProperties":[{"@type":"FlowPropertyFactor","isRefFlowProperty":true,"flowProperty":{"@type":"FlowProperty","@id":"93a60a56-a3c8-11da-a746-0800200b9a66","name":"Mass","category":"Technical flow properties","refUnit":"kg"},"conversionFactor":1.0}]}