{"@type":"Flow","@id":"6a14d14a-c3dd-3605-95b1-bc2abb3f6b51","name":"Ethanol, denatured, at refueling station","category":"Technosphere Flows/31-33: Manufacturing/3251: Basic Chemical Manufacturing","version":"00.00.004","lastChange":"2019-09-19T17:46:11.080Z","flowType":"PRODUCT_FLOW","isInfrastructureFlow":false,"location":{"@type":"Location","@id":"b320e7db-c758-3ba6-8839-81eb83c9d7d7","name":"Northern America"},"flowProperties":[{"@type":"FlowPropertyFactor","isRefFlowProperty":true,"flowProperty":{"@type":"FlowProperty","@id":"93a60a56-a3c8-11da-a746-0800200b9a66","name":"Mass","category":"Technical flow properties","refUnit":"kg"},"conversionFactor":1.0}]}