{"@type":"Flow","@id":"6fe5f244-7cd0-3cf7-80c0-e1b258a886fc","name":"Ethanol, 2-(2-propoxyethoxy)-","description":"From FedElemFlowList_1.0. Flow Class: Chemicals. Not a preferred flow.","category":"Elementary Flows/emission/air","version":"01.00.000","lastChange":"2019-09-11T14:11:34.312Z","flowType":"ELEMENTARY_FLOW","cas":"6881-94-3","formula":"C7H16O3","isInfrastructureFlow":false,"flowProperties":[{"@type":"FlowPropertyFactor","isRefFlowProperty":true,"flowProperty":{"@type":"FlowProperty","@id":"93a60a56-a3c8-11da-a746-0800200b9a66","name":"Mass","category":"Technical flow properties","refUnit":"kg"},"conversionFactor":1.0}]}