{"@type":"Flow","@id":"73a317cc-eb23-35dc-aa06-4607d8a27792","name":"Pentachlorobenzene","description":"From FedElemFlowList_1.0.1. Flow Class: Chemicals. Not a preferred flow.","category":"Elementary Flows/emission/air/troposphere/urban","version":"01.00.001","lastChange":"2020-01-13T21:09:45.308Z","flowType":"ELEMENTARY_FLOW","cas":"608-93-5","formula":"C6HCl5","isInfrastructureFlow":false,"flowProperties":[{"@type":"FlowPropertyFactor","isRefFlowProperty":true,"flowProperty":{"@type":"FlowProperty","@id":"93a60a56-a3c8-11da-a746-0800200b9a66","name":"Mass","category":"Technical flow properties","refUnit":"kg"},"conversionFactor":1.0}]}