{"@type":"Flow","@id":"7dbb6483-0a2b-33f3-a42e-1c9035dc6a2c","name":"Transformation, from industrial area, built up","category":"Ecosystem Services","version":"00.00.002","lastChange":"2018-06-27T16:38:49.831Z","flowType":"PRODUCT_FLOW","isInfrastructureFlow":false,"flowProperties":[{"@type":"FlowPropertyFactor","isRefFlowProperty":true,"flowProperty":{"@type":"FlowProperty","@id":"93a60a56-a3c8-19da-a746-0800200c9a66","name":"Area","category":"Technical flow properties","refUnit":"m2"},"conversionFactor":1.0}]}