{"@type":"Flow","@id":"809fc19c-c152-3e3f-afd7-3c2da6c23d07","name":"1,2,3,4,7,8-Hexachlorodibenzofuran","description":"From FedElemFlowList_1.0. Flow Class: Chemicals. Not a preferred flow.","category":"Elementary Flows/emission/water","version":"01.00.000","lastChange":"2019-09-11T14:21:48.809Z","flowType":"ELEMENTARY_FLOW","cas":"70648-26-9","formula":"C12H2Cl6O","isInfrastructureFlow":false,"flowProperties":[{"@type":"FlowPropertyFactor","isRefFlowProperty":true,"flowProperty":{"@type":"FlowProperty","@id":"93a60a56-a3c8-11da-a746-0800200b9a66","name":"Mass","category":"Technical flow properties","refUnit":"kg"},"conversionFactor":1.0}]}