{"@type":"Flow","@id":"921108da-9a53-35de-a199-ba88837f7cb8","name":"Borax","description":"From FedElemFlowList_1.0.1. Flow Class: Geological. Preferred flow.","category":"Elementary Flows/resource/ground/subterranean","version":"01.00.001","lastChange":"2020-01-13T21:09:45.971Z","flowType":"ELEMENTARY_FLOW","cas":"1303-96-4","formula":"Na2(B4O5)(OH)4•8H2O","isInfrastructureFlow":false,"flowProperties":[{"@type":"FlowPropertyFactor","isRefFlowProperty":true,"flowProperty":{"@type":"FlowProperty","@id":"93a60a56-a3c8-11da-a746-0800200b9a66","name":"Mass","category":"Technical flow properties","refUnit":"kg"},"conversionFactor":1.0}]}