{"@type":"Flow","@id":"936cc363-3891-3b53-a847-0c17dfb90a60","name":"Chlorine","description":"From FedElemFlowList_1.0.1. Flow Class: Chemicals. Not a preferred flow.","category":"Elementary Flows/emission/air/troposphere/urban","version":"01.00.001","lastChange":"2020-01-13T21:09:45.370Z","flowType":"ELEMENTARY_FLOW","cas":"7782-50-5","formula":"Cl2","isInfrastructureFlow":false,"flowProperties":[{"@type":"FlowPropertyFactor","isRefFlowProperty":true,"flowProperty":{"@type":"FlowProperty","@id":"93a60a56-a3c8-11da-a746-0800200b9a66","name":"Mass","category":"Technical flow properties","refUnit":"kg"},"conversionFactor":1.0}]}