{"@type":"Flow","@id":"9a83243b-f03b-3af8-85ef-8c2491a40ed2","name":"1,2,3,4,6,7,8-Heptachlorodibenzofuran","description":"From FedElemFlowList_1.0. Flow Class: Chemicals. Not a preferred flow.","category":"Elementary Flows/emission/water","version":"01.00.000","lastChange":"2019-09-11T14:21:48.801Z","flowType":"ELEMENTARY_FLOW","cas":"67562-39-4","formula":"C12HCl7O","isInfrastructureFlow":false,"flowProperties":[{"@type":"FlowPropertyFactor","isRefFlowProperty":true,"flowProperty":{"@type":"FlowProperty","@id":"93a60a56-a3c8-11da-a746-0800200b9a66","name":"Mass","category":"Technical flow properties","refUnit":"kg"},"conversionFactor":1.0}]}