{"@type":"Flow","@id":"9ac081ca-5449-3ffa-9bc8-2af8b115f263","name":"Nitrous oxide","description":"From FedElemFlowList_1.0.1. Flow Class: Chemicals. Not a preferred flow.","category":"Elementary Flows/emission/air/stratosphere","version":"01.00.001","lastChange":"2020-01-13T21:09:45.433Z","flowType":"ELEMENTARY_FLOW","cas":"10024-97-2","formula":"N2O","isInfrastructureFlow":false,"flowProperties":[{"@type":"FlowPropertyFactor","isRefFlowProperty":true,"flowProperty":{"@type":"FlowProperty","@id":"93a60a56-a3c8-11da-a746-0800200b9a66","name":"Mass","category":"Technical flow properties","refUnit":"kg"},"conversionFactor":1.0}]}