{"@type":"Flow","@id":"ab672c54-c7bf-48e1-bfa8-abbbc506b188","name":"Disposal, rubber, to sanitary landfill","description":"CUTOFF flow","category":"Technosphere Flows/CUTOFF Flows/CUTOFF Waste Flows","version":"00.00.000","lastChange":"2024-06-20T13:39:20.469Z","flowType":"WASTE_FLOW","isInfrastructureFlow":false,"flowProperties":[{"@type":"FlowPropertyFactor","isRefFlowProperty":true,"flowProperty":{"@type":"FlowProperty","@id":"93a60a56-a3c8-11da-a746-0800200b9a66","name":"Mass","category":"Technical flow properties","refUnit":"kg"},"conversionFactor":1.0}]}