{"@type":"Flow","@id":"b0c2e64b-22b6-32bb-ac26-3a96ff69caa4","name":"Oils, biogenic","description":"Non-FEDEFL Unmappable flow","category":"Elementary Flows/emission/ground","version":"00.00.003","lastChange":"2021-08-10T18:19:16.678Z","flowType":"ELEMENTARY_FLOW","isInfrastructureFlow":false,"flowProperties":[{"@type":"FlowPropertyFactor","isRefFlowProperty":true,"flowProperty":{"@type":"FlowProperty","@id":"93a60a56-a3c8-11da-a746-0800200b9a66","name":"Mass","category":"Technical flow properties","refUnit":"kg"},"conversionFactor":1.0}]}