{"@type":"Flow","@id":"bb507e83-fc92-36b4-998b-617306b45b33","name":"Paraffin, C7","description":"From FedElemFlowList_1.0. Flow Class: Groups. Not a preferred flow.","category":"Elementary Flows/emission/air/troposphere/urban/low","version":"01.00.000","lastChange":"2019-09-11T14:21:54.023Z","flowType":"ELEMENTARY_FLOW","cas":"n.a.","formula":"-","isInfrastructureFlow":false,"flowProperties":[{"@type":"FlowPropertyFactor","isRefFlowProperty":true,"flowProperty":{"@type":"FlowProperty","@id":"93a60a56-a3c8-11da-a746-0800200b9a66","name":"Mass","category":"Technical flow properties","refUnit":"kg"},"conversionFactor":1.0}]}