{"@type":"Flow","@id":"beef909d-127b-36b7-bcac-ce1f40fe6fc3","name":"Ethane, 1,2-dibromo-1,1,2-trifluoro-","description":"From FedElemFlowList_1.0. Flow Class: Chemicals. Not a preferred flow.","category":"Elementary Flows/emission/air","version":"01.00.000","lastChange":"2019-09-11T14:11:31.515Z","flowType":"ELEMENTARY_FLOW","cas":"354-04-1","formula":"C2HBr2F3","isInfrastructureFlow":false,"flowProperties":[{"@type":"FlowPropertyFactor","isRefFlowProperty":true,"flowProperty":{"@type":"FlowProperty","@id":"93a60a56-a3c8-11da-a746-0800200b9a66","name":"Mass","category":"Technical flow properties","refUnit":"kg"},"conversionFactor":1.0}]}