{"@type":"Flow","@id":"cb9dfa69-96e9-362a-84c9-04f17a50a80f","name":"Transformation, to traffic area, rail embankment","category":"Ecosystem Services","version":"00.00.002","lastChange":"2018-06-27T16:38:49.840Z","flowType":"PRODUCT_FLOW","isInfrastructureFlow":false,"flowProperties":[{"@type":"FlowPropertyFactor","isRefFlowProperty":true,"flowProperty":{"@type":"FlowProperty","@id":"93a60a56-a3c8-19da-a746-0800200c9a66","name":"Area","category":"Technical flow properties","refUnit":"m2"},"conversionFactor":1.0}]}