{"@type":"Flow","@id":"dd3a1d86-a06c-3a57-8920-3a8b69fc5bbe","name":"Actinides, unspecified","description":"From FedElemFlowList_1.0.3. Flow Class: Groups. Not a preferred flow.","category":"Elementary Flows/emission/water/saline water body/ocean","version":"01.00.003","lastChange":"2020-04-10T18:08:34.096Z","flowType":"ELEMENTARY_FLOW","cas":"n.a.","isInfrastructureFlow":false,"flowProperties":[{"@type":"FlowPropertyFactor","isRefFlowProperty":true,"flowProperty":{"@type":"FlowProperty","@id":"93a60a56-a3c8-17da-a746-0800200c9a66","name":"Radioactivity","category":"Technical flow properties","refUnit":"kBq"},"conversionFactor":1.0}]}