{"@type":"Flow","@id":"e07ab66b-36e9-351c-a10f-f04e849814fc","name":"Arsenic(V)","description":"From FedElemFlowList_1.0.1. Flow Class: Chemicals. Not a preferred flow.","category":"Elementary Flows/emission/water/fresh water body/lake","version":"01.00.001","lastChange":"2020-01-13T21:09:45.714Z","flowType":"ELEMENTARY_FLOW","cas":"17428-41-0","formula":"As","isInfrastructureFlow":false,"flowProperties":[{"@type":"FlowPropertyFactor","isRefFlowProperty":true,"flowProperty":{"@type":"FlowProperty","@id":"93a60a56-a3c8-11da-a746-0800200b9a66","name":"Mass","category":"Technical flow properties","refUnit":"kg"},"conversionFactor":1.0}]}