{"@type":"Flow","@id":"eb3d0d34-4acb-314c-9ef0-aa220f81bfed","name":"Sulfate","description":"From FedElemFlowList_1.0.1. Flow Class: Chemicals. Not a preferred flow.","category":"Elementary Flows/emission/water/fresh water body/river","version":"01.00.001","lastChange":"2020-01-13T21:09:45.861Z","flowType":"ELEMENTARY_FLOW","cas":"14808-79-8","formula":"O4S","isInfrastructureFlow":false,"flowProperties":[{"@type":"FlowPropertyFactor","isRefFlowProperty":true,"flowProperty":{"@type":"FlowProperty","@id":"93a60a56-a3c8-11da-a746-0800200b9a66","name":"Mass","category":"Technical flow properties","refUnit":"kg"},"conversionFactor":1.0}]}