{"@type":"Flow","@id":"f5a30284-67a4-3a99-83ee-b7a486a2d196","name":"1-Hexene","description":"From FedElemFlowList_1.0.2. Flow Class: Chemicals. Not a preferred flow.","category":"Elementary Flows/emission/air","version":"01.00.002","lastChange":"2020-03-10T03:30:12.484Z","flowType":"ELEMENTARY_FLOW","cas":"592-41-6","formula":"C6H12","isInfrastructureFlow":false,"flowProperties":[{"@type":"FlowPropertyFactor","isRefFlowProperty":true,"flowProperty":{"@type":"FlowProperty","@id":"93a60a56-a3c8-11da-a746-0800200b9a66","name":"Mass","category":"Technical flow properties","refUnit":"kg"},"conversionFactor":1.0}]}