{"@type":"Flow","@id":"f9d42a26-a217-309b-86ac-6df0169b4f35","name":"Nickel","description":"From FedElemFlowList_1.0.1. Flow Class: Chemicals. Not a preferred flow.","category":"Elementary Flows/emission/air/stratosphere","version":"01.00.001","lastChange":"2020-01-13T21:09:45.323Z","flowType":"ELEMENTARY_FLOW","cas":"7440-02-0","formula":"Ni","isInfrastructureFlow":false,"flowProperties":[{"@type":"FlowPropertyFactor","isRefFlowProperty":true,"flowProperty":{"@type":"FlowProperty","@id":"93a60a56-a3c8-11da-a746-0800200b9a66","name":"Mass","category":"Technical flow properties","refUnit":"kg"},"conversionFactor":1.0}]}