{"@type":"Flow","@id":"fb96ea76-8266-3fab-bacd-904c834d4635","name":"Rhodium","description":"From FedElemFlowList_1.0.1. Flow Class: Chemicals. Preferred flow.","category":"Elementary Flows/resource/ground/subterranean","version":"01.00.001","lastChange":"2020-01-13T21:09:45.955Z","flowType":"ELEMENTARY_FLOW","cas":"7440-16-6","formula":"Rh","isInfrastructureFlow":false,"flowProperties":[{"@type":"FlowPropertyFactor","isRefFlowProperty":true,"flowProperty":{"@type":"FlowProperty","@id":"93a60a56-a3c8-11da-a746-0800200b9a66","name":"Mass","category":"Technical flow properties","refUnit":"kg"},"conversionFactor":1.0}]}