{"@type":"Flow","@id":"fc6c8652-a1b7-3480-b100-da3949d9faf0","name":"Transformation, from industrial area","category":"Ecosystem Services","version":"00.00.002","lastChange":"2018-06-27T16:38:49.864Z","flowType":"PRODUCT_FLOW","isInfrastructureFlow":false,"flowProperties":[{"@type":"FlowPropertyFactor","isRefFlowProperty":true,"flowProperty":{"@type":"FlowProperty","@id":"93a60a56-a3c8-19da-a746-0800200c9a66","name":"Area","category":"Technical flow properties","refUnit":"m2"},"conversionFactor":1.0}]}