{"@context":"http://greendelta.github.io/olca-schema/context.jsonld","@type":"Process","@id":"058ef703-9452-44a8-84e6-d14551e61713","name":"Natural gas, at extraction, production mixture, to consumer, kg","description":"This process combines the sources of natural gas extraction based on their percentage share in the US natural gas production mix. The percentages are based on US EIA 2017 data. The data module also apportions environmental emissions according to the percent share of conventional and shale processing.","version":"00.00.023","lastChange":"2019-10-02T11:13:46.160-06:00","category":{"@type":"Category","@id":"b22278b5-8607-3d1e-8456-ef3fd9a84857","name":"2111: Oil and Gas Extraction","categoryPath":["21: Mining, Quarrying, and Oil and Gas Extraction"],"categoryType":"Process"},"processType":"UNIT_PROCESS","infrastructureProcess":false,"location":{"@type":"Location","@id":"0b3b97fa-6688-3c56-88ee-4ae80ec0c3c2","name":"United States"},"processDocumentation":{"@type":"ProcessDocumentation","technologyDescription":"Natural gas extraction by percentage source","dataCollectionDescription":"","completenessDescription":"The composite process used data from NETL 2010 and percentage in production mix from EIA 2017","dataSelectionDescription":"TREATMENT OF MISSING ENVIRONMENTAL DATA: Elementary flows are cut-off at less than 1% based on environmental relevance.\r\nTREATMENT OF MISSING TECHNOSPHERE DATA: Intermediate flows are cut-off is at 1%  based on environmental relevance.\r\nMASS BALANCE: The mass balance was calculated by a straight comparison of inputs and outputs","reviewDetails":"Internal review of data entry proofreading, mass balance verification and data documentation.","dataTreatmentDescription":"An estimated 40 percent of natural gas was sources from conventional onshore and offshore sources including associated onshore natural gas production and an estimated 60 percent of natural gas was sourced from unconventional natural gas resources including shale well and CBM extraction. This dataset was used to model the aggregate natural gas extraction production mix process based on percentages from EIA, 2017.","inventoryMethodDescription":"Compatible with TRACI","modelingConstantsDescription":"Attributional. Compatible with TRACI","samplingDescription":"BOUNDARY CONDITIONS: The scope of this unit process encompasses the energy inputs and material outputs for the extraction of natural gas. The inputs to this unit process are natural gas, ground water, and surface water. These three inputs are natural resources and thus enter the boundary of this unit process with no upstream environmental burdens. The output of this unit process is dehydrated natural gas that is suitable for pipeline transport and subsequent processing steps. In addition to resource inputs and outputs that are used by downstream unit processes, this unit process also accounts for environmental emissions to air and water but does not track wastewater. \r\nDATA COLLECTION: NETL LCA Unit Process Library, Natural gas extraction processes 2010.\r\nUNCERTAINTY ESTIMATION: No uncertainty analysis was carried out due to the lack of uncertainty data or probability distributions for key parameters, which are often only available as single point estimates from NETL.","copyright":false,"validFrom":"2013-12-31-07:00","validUntil":"2014-11-30-07:00","creationDate":"2019-02-27T15:16:32.218-07:00","intendedApplication":"\"Accounting, with system-external interactions\" - The intended application is a purely descriptive accounting / documentation of the analysed system including existing interactions with other systems in the LCI model. These data are an update to a previously published dataset which is a generic unit process data.","reviewer":{"@type":"Actor","@id":"38e67478-a915-43d9-ad67-e25db79a4acc","name":"Franklin Associates, A Division of ERG"},"dataDocumentor":{"@type":"Actor","@id":"38e67478-a915-43d9-ad67-e25db79a4acc","name":"Franklin Associates, A Division of ERG"},"dataGenerator":{"@type":"Actor","@id":"38e67478-a915-43d9-ad67-e25db79a4acc","name":"Franklin Associates, A Division of ERG"},"sources":[{"@type":"Source","@id":"6a1bdfd4-f69f-4aab-b9b2-38fc99b0c0a4","name":"US EIA, 2014"}]},"lastInternalId":7,"exchanges":[{"@type":"Exchange","avoidedProduct":false,"input":false,"amount":1.0,"internalId":1,"flow":{"@type":"Flow","@id":"c1618370-1fc6-45fc-a2cc-2458bc9ddf6a","name":"Natural gas, at extraction, composite, kg","categoryPath":["Technosphere Flows","21: Mining, Quarrying, and Oil and Gas Extraction","2111: Oil and Gas Extraction"],"flowType":"PRODUCT_FLOW","refUnit":"kg"},"unit":{"@type":"Unit","@id":"20aadc24-a391-41cf-b340-3e4529f44bde","name":"kg"},"flowProperty":{"@type":"FlowProperty","@id":"93a60a56-a3c8-11da-a746-0800200b9a66","name":"Mass","categoryPath":["Technical flow properties"]},"quantitativeReference":true},{"@type":"Exchange","avoidedProduct":false,"input":true,"amount":0.269,"internalId":2,"defaultProvider":{"@type":"Process","@id":"f2996639-3901-4d02-8046-4e647947b7cb","name":"Natural gas, at extraction, conventional onshore, kg","categoryPath":["21: Mining, Quarrying, and Oil and Gas Extraction","2111: Oil and Gas Extraction"],"processType":"UNIT_PROCESS","location":"US"},"flow":{"@type":"Flow","@id":"f1deade7-12b4-45c8-a00f-946a33de6d2c","name":"Natural gas, at extraction, conventional onshore, kg","categoryPath":["Technosphere Flows","21: Mining, Quarrying, and Oil and Gas Extraction","2111: Oil and Gas Extraction"],"flowType":"PRODUCT_FLOW","refUnit":"kg"},"unit":{"@type":"Unit","@id":"20aadc24-a391-41cf-b340-3e4529f44bde","name":"kg"},"flowProperty":{"@type":"FlowProperty","@id":"93a60a56-a3c8-11da-a746-0800200b9a66","name":"Mass","categoryPath":["Technical flow properties"]}},{"@type":"Exchange","avoidedProduct":false,"input":true,"amount":0.113,"internalId":3,"defaultProvider":{"@type":"Process","@id":"bc4c2bad-4bdb-4402-8aed-74efc5781057","name":"Natural gas, at extraction, conventional offshore, kg","categoryPath":["21: Mining, Quarrying, and Oil and Gas Extraction","2111: Oil and Gas Extraction"],"processType":"UNIT_PROCESS","location":"US"},"flow":{"@type":"Flow","@id":"fdfa1dbf-3593-45ff-b0dc-6b3f9d8fa4bd","name":"Natural gas, at extraction, conventional offshore, kg","categoryPath":["Technosphere Flows","21: Mining, Quarrying, and Oil and Gas Extraction","2111: Oil and Gas Extraction"],"flowType":"PRODUCT_FLOW","refUnit":"kg"},"unit":{"@type":"Unit","@id":"20aadc24-a391-41cf-b340-3e4529f44bde","name":"kg"},"flowProperty":{"@type":"FlowProperty","@id":"93a60a56-a3c8-11da-a746-0800200b9a66","name":"Mass","categoryPath":["Technical flow properties"]}},{"@type":"Exchange","avoidedProduct":false,"input":true,"amount":0.171,"internalId":6,"defaultProvider":{"@type":"Process","@id":"5b7c9f9b-8460-4afd-a560-b441f0fcf408","name":"Natural gas, at extraction, Marcellus Shale, kg","categoryPath":["21: Mining, Quarrying, and Oil and Gas Extraction","2111: Oil and Gas Extraction"],"processType":"UNIT_PROCESS","location":"US"},"flow":{"@type":"Flow","@id":"c3550488-240f-4674-883a-ccf7dbf0ecf3","name":"Natural gas, at extraction, Marcellus Shale, kg","categoryPath":["Technosphere Flows","21: Mining, Quarrying, and Oil and Gas Extraction","2111: Oil and Gas Extraction"],"flowType":"PRODUCT_FLOW","refUnit":"kg"},"unit":{"@type":"Unit","@id":"20aadc24-a391-41cf-b340-3e4529f44bde","name":"kg"},"flowProperty":{"@type":"FlowProperty","@id":"93a60a56-a3c8-11da-a746-0800200b9a66","name":"Mass","categoryPath":["Technical flow properties"]}},{"@type":"Exchange","avoidedProduct":false,"input":true,"amount":0.132,"internalId":4,"defaultProvider":{"@type":"Process","@id":"7ae49a74-3d24-4b32-ae19-ddbf6e0ae94a","name":"Natural gas, at extraction, conventional onshore associated, kg","categoryPath":["21: Mining, Quarrying, and Oil and Gas Extraction","2111: Oil and Gas Extraction"],"processType":"UNIT_PROCESS","location":"US"},"flow":{"@type":"Flow","@id":"4398eda3-a9ac-444b-bc90-0e042335fa2f","name":"Natural gas, at extraction, conventional onshore associated, kg","categoryPath":["Technosphere Flows","21: Mining, Quarrying, and Oil and Gas Extraction","2111: Oil and Gas Extraction"],"flowType":"PRODUCT_FLOW","refUnit":"kg"},"unit":{"@type":"Unit","@id":"20aadc24-a391-41cf-b340-3e4529f44bde","name":"kg"},"flowProperty":{"@type":"FlowProperty","@id":"93a60a56-a3c8-11da-a746-0800200b9a66","name":"Mass","categoryPath":["Technical flow properties"]}},{"@type":"Exchange","avoidedProduct":false,"input":true,"amount":0.274,"internalId":5,"defaultProvider":{"@type":"Process","@id":"e7425edd-537c-497f-aa4b-7a8a79b1ab4a","name":"Natural gas, at extraction, Barnett Shale, kg","categoryPath":["21: Mining, Quarrying, and Oil and Gas Extraction","2111: Oil and Gas Extraction"],"processType":"UNIT_PROCESS","location":"US"},"flow":{"@type":"Flow","@id":"43ab3de2-e1a2-4e1a-9613-68e9cbd7aab5","name":"Natural gas, at extraction, Barnett Shale, kg","categoryPath":["Technosphere Flows","21: Mining, Quarrying, and Oil and Gas Extraction","2111: Oil and Gas Extraction"],"flowType":"PRODUCT_FLOW","refUnit":"kg"},"unit":{"@type":"Unit","@id":"20aadc24-a391-41cf-b340-3e4529f44bde","name":"kg"},"flowProperty":{"@type":"FlowProperty","@id":"93a60a56-a3c8-11da-a746-0800200b9a66","name":"Mass","categoryPath":["Technical flow properties"]}},{"@type":"Exchange","avoidedProduct":false,"input":true,"amount":0.042,"internalId":7,"defaultProvider":{"@type":"Process","@id":"0945cc82-1126-45c3-b525-6d4fc913aa09","name":"Natural gas, at extraction, coal bed methane, kg","categoryPath":["21: Mining, Quarrying, and Oil and Gas Extraction","2111: Oil and Gas Extraction"],"processType":"UNIT_PROCESS","location":"US"},"flow":{"@type":"Flow","@id":"1d674722-7562-4360-8677-93bf36a9a57a","name":"Natural gas, at extraction, coal bed methane, kg","categoryPath":["Technosphere Flows","21: Mining, Quarrying, and Oil and Gas Extraction","2111: Oil and Gas Extraction"],"flowType":"PRODUCT_FLOW","refUnit":"kg"},"unit":{"@type":"Unit","@id":"20aadc24-a391-41cf-b340-3e4529f44bde","name":"kg"},"flowProperty":{"@type":"FlowProperty","@id":"93a60a56-a3c8-11da-a746-0800200b9a66","name":"Mass","categoryPath":["Technical flow properties"]}}]}