{"@context":"http://greendelta.github.io/olca-schema/context.jsonld","@type":"Process","@id":"317adcbc-b3e3-3ec3-80c3-82b18d0f3207","name":"Bituminous coal, at mine","description":"\nImportant note: although most of the data in the US LCI database has \nundergone some sort of review, the database as a whole has not yet \nundergone a formal validation process.\nPlease email comments to lci@nrel.gov.","version":"00.00.002","lastChange":"2019-07-21T10:38:27.563-06:00","category":{"@type":"Category","@id":"8375ea8d-e1ac-35d9-8d8f-632a9ab8884b","name":"2121: Coal Mining","categoryPath":["21: Mining, Quarrying, and Oil and Gas Extraction"],"categoryType":"Process"},"processType":"UNIT_PROCESS","infrastructureProcess":false,"location":{"@type":"Location","@id":"b320e7db-c758-3ba6-8839-81eb83c9d7d7","name":"Northern America"},"processDocumentation":{"@type":"ProcessDocumentation","technologyDescription":"Represents surface and underground mining. Coal cleaning is done by mechanical, not chemical, methods.","restrictionsDescription":"All information can be accessed by everybody.","copyright":false,"validFrom":"1993-12-31-07:00","validUntil":"2001-12-31-07:00","creationDate":"2011-07-09T22:24:50-06:00","geographyDescription":"United States","dataDocumentor":{"@type":"Actor","@id":"c4c3ffcf-9ee5-3bc4-994f-87ae13f997a7","name":"Franklin Associates"},"dataGenerator":{"@type":"Actor","@id":"c4c3ffcf-9ee5-3bc4-994f-87ae13f997a7","name":"Franklin Associates"},"publication":{"@type":"Source","@id":"cdd2e6b3-ce71-3785-8c1c-1cdfb8a03daa","name":"Franklin Associates "},"sources":[{"@type":"Source","@id":"8e430cc7-7892-3631-842d-4a13eb3f600d","name":"Energy Information Administration "},{"@type":"Source","@id":"184f5694-1059-3d11-bf3b-cabb043d3ad3","name":"U.S. Census bureau "},{"@type":"Source","@id":"cdd2e6b3-ce71-3785-8c1c-1cdfb8a03daa","name":"Franklin Associates "},{"@type":"Source","@id":"b958bba2-126d-371a-a492-188fda0c8316","name":"unspecified "},{"@type":"Source","@id":"72399fd9-6c6a-3b5b-9be5-ad5086ad0bf6","name":"J.G. Speight "},{"@type":"Source","@id":"e6a55661-8d1a-3a5f-a408-52c6f9be1d33","name":"D.A. Kirchgessner "},{"@type":"Source","@id":"cab575ed-c97b-32bd-b5ac-80503154ebed","name":"U.S. Census bureau "},{"@type":"Source","@id":"ea6266b7-5ee0-3855-acf5-532dfd8b1a62","name":"Energy Information Administration "},{"@type":"Source","@id":"88ca590b-ba12-3cc7-a603-1b5cbff81af9","name":"Energy Information Administration "},{"@type":"Source","@id":"4c640d55-6a29-3566-8cc5-93e8d3fd146b","name":"Energy Information Administration "},{"@type":"Source","@id":"efe8b206-d7cc-3bd4-af63-b85659ffd048","name":"unspecified "},{"@type":"Source","@id":"47dddf2e-e123-39e9-a812-3af9081792cc","name":"Hong, B.D "},{"@type":"Source","@id":"885a528c-8db1-3ae4-9b29-066418f6a742","name":"U.S. Department of Energy "},{"@type":"Source","@id":"15db056e-ad13-30ab-99a5-0bd33e5452a9","name":"unspecified "},{"@type":"Source","@id":"ee70af1f-0215-3cbc-ac20-8f6d80df9f46","name":"U.S. EPA "},{"@type":"Source","@id":"9e29e241-8083-3ab9-99da-e7347a8232c8","name":"unspecified "},{"@type":"Source","@id":"d6c7115e-752c-3d99-a4ce-1ddce8e4573a","name":"unspecified "},{"@type":"Source","@id":"1ec2081b-1f35-3144-b824-0dd8270b9679","name":"U.S. EPA "}]},"lastInternalId":0,"exchanges":[{"@type":"Exchange","avoidedProduct":false,"input":false,"amount":1.0,"internalId":1,"flow":{"@type":"Flow","@id":"55b4aeab-0576-3a9b-b476-b561197ec3f2","name":"Bituminous coal, at mine","categoryPath":["Technosphere Flows","21: Mining, Quarrying, and Oil and Gas Extraction","2121: Coal Mining"],"flowType":"PRODUCT_FLOW","location":"RNA","refUnit":"kg"},"unit":{"@type":"Unit","@id":"20aadc24-a391-41cf-b340-3e4529f44bde","name":"kg"},"flowProperty":{"@type":"FlowProperty","@id":"93a60a56-a3c8-11da-a746-0800200b9a66","name":"Mass","categoryPath":["Technical flow properties"]},"quantitativeReference":true},{"@type":"Exchange","avoidedProduct":false,"input":false,"amount":8.64E-6,"internalId":14,"flow":{"@type":"Flow","@id":"63e7d74e-8549-11e0-9d78-0800200c9a66","name":"Iron","categoryPath":["Elementary Flows","Emission to water","unspecified"],"flowType":"ELEMENTARY_FLOW","refUnit":"kg"},"unit":{"@type":"Unit","@id":"20aadc24-a391-41cf-b340-3e4529f44bde","name":"kg"},"flowProperty":{"@type":"FlowProperty","@id":"93a60a56-a3c8-11da-a746-0800200b9a66","name":"Mass","categoryPath":["Technical flow properties"]}},{"@type":"Exchange","avoidedProduct":false,"input":true,"amount":0.0387,"internalId":5,"flow":{"@type":"Flow","@id":"06581fb2-1de0-3e78-8298-f37605dea142","name":"Electricity, at grid","categoryPath":["Technosphere Flows","22: Utilities","2211: Electric Power Generation, Transmission and Distribution"],"flowType":"PRODUCT_FLOW","location":"RNA","refUnit":"MJ"},"unit":{"@type":"Unit","@id":"52765a6c-3896-43c2-b2f4-c679acf13efe","name":"MJ"},"flowProperty":{"@type":"FlowProperty","@id":"f6811440-ee37-11de-8a39-0800200c9a66","name":"Energy","categoryPath":["Technical flow properties"]}},{"@type":"Exchange","avoidedProduct":false,"input":true,"amount":0.0088,"internalId":11,"flow":{"@type":"Flow","@id":"e04995fa-935b-316c-b112-5b436c8ea3d6","name":"Diesel, combusted in industrial boiler","categoryPath":["Technosphere Flows","22: Utilities","2213: Water, Sewage and Other Systems"],"flowType":"PRODUCT_FLOW","location":"RNA","refUnit":"m3"},"unit":{"@type":"Unit","@id":"1c3a9695-398d-4b1f-b07e-a8715b610f70","name":"m3"},"flowProperty":{"@type":"FlowProperty","@id":"93a60a56-a3c8-22da-a746-0800200c9a66","name":"Volume","categoryPath":["Technical flow properties"]}},{"@type":"Exchange","avoidedProduct":false,"input":true,"amount":8.7E-4,"internalId":2,"flow":{"@type":"Flow","@id":"654a5cf6-185f-3d91-89ef-42442d1825e8","name":"Residual fuel oil, combusted in industrial boiler","categoryPath":["Technosphere Flows","22: Utilities","2213: Water, Sewage and Other Systems"],"flowType":"PRODUCT_FLOW","location":"RNA","refUnit":"m3"},"unit":{"@type":"Unit","@id":"1c3a9695-398d-4b1f-b07e-a8715b610f70","name":"m3"},"flowProperty":{"@type":"FlowProperty","@id":"93a60a56-a3c8-22da-a746-0800200c9a66","name":"Volume","categoryPath":["Technical flow properties"]}},{"@type":"Exchange","avoidedProduct":false,"input":true,"amount":4.31E-4,"internalId":12,"flow":{"@type":"Flow","@id":"73cd1596-214d-3403-87f1-f69fc3818886","name":"Bituminous coal, combusted in industrial boiler","categoryPath":["Technosphere Flows","22: Utilities","2213: Water, Sewage and Other Systems"],"flowType":"PRODUCT_FLOW","location":"RNA","refUnit":"kg"},"unit":{"@type":"Unit","@id":"20aadc24-a391-41cf-b340-3e4529f44bde","name":"kg"},"flowProperty":{"@type":"FlowProperty","@id":"93a60a56-a3c8-11da-a746-0800200b9a66","name":"Mass","categoryPath":["Technical flow properties"]}},{"@type":"Exchange","avoidedProduct":false,"input":true,"amount":8.36E-4,"internalId":4,"flow":{"@type":"Flow","@id":"bc38e349-1ccf-3855-a615-a4f581ab875b","name":"Gasoline, combusted in equipment","categoryPath":["Technosphere Flows","22: Utilities","2213: Water, Sewage and Other Systems"],"flowType":"PRODUCT_FLOW","location":"RNA","refUnit":"m3"},"unit":{"@type":"Unit","@id":"1c3a9695-398d-4b1f-b07e-a8715b610f70","name":"m3"},"flowProperty":{"@type":"FlowProperty","@id":"93a60a56-a3c8-22da-a746-0800200c9a66","name":"Volume","categoryPath":["Technical flow properties"]}},{"@type":"Exchange","avoidedProduct":false,"input":false,"amount":0.00399,"internalId":7,"flow":{"@type":"Flow","@id":"20408dd1-8534-11e0-9d78-0800200c9a66","name":"Methane","categoryPath":["Elementary Flows","Emission to air","unspecified"],"flowType":"ELEMENTARY_FLOW","refUnit":"kg"},"unit":{"@type":"Unit","@id":"20aadc24-a391-41cf-b340-3e4529f44bde","name":"kg"},"flowProperty":{"@type":"FlowProperty","@id":"93a60a56-a3c8-11da-a746-0800200b9a66","name":"Mass","categoryPath":["Technical flow properties"]}},{"@type":"Exchange","avoidedProduct":false,"input":false,"amount":2.57E-5,"internalId":3,"flow":{"@type":"Flow","@id":"7ae3bfc4-8532-11e0-9d78-0800200c9a66","name":"VOC, volatile organic compounds","categoryPath":["Elementary Flows","Emission to air","unspecified"],"flowType":"ELEMENTARY_FLOW","refUnit":"kg"},"unit":{"@type":"Unit","@id":"20aadc24-a391-41cf-b340-3e4529f44bde","name":"kg"},"flowProperty":{"@type":"FlowProperty","@id":"93a60a56-a3c8-11da-a746-0800200b9a66","name":"Mass","categoryPath":["Technical flow properties"]}},{"@type":"Exchange","avoidedProduct":false,"input":true,"amount":0.235,"internalId":8,"flow":{"@type":"Flow","@id":"627f237d-8d6e-3257-b539-0637dacdf768","name":"CUTOFF Disposal, solid waste, unspecified, to underground deposit","categoryPath":["Technosphere Flows","CUTOFF Flows"],"flowType":"PRODUCT_FLOW","location":"RNA","refUnit":"kg"},"unit":{"@type":"Unit","@id":"20aadc24-a391-41cf-b340-3e4529f44bde","name":"kg"},"flowProperty":{"@type":"FlowProperty","@id":"93a60a56-a3c8-11da-a746-0800200b9a66","name":"Mass","categoryPath":["Technical flow properties"]}},{"@type":"Exchange","avoidedProduct":false,"input":false,"amount":1.0E-4,"internalId":9,"flow":{"@type":"Flow","@id":"693921ef-e02d-4072-add0-55aa4631b213","name":"Suspended solids, unspecified","categoryPath":["Elementary Flows","Emission to water","unspecified"],"flowType":"ELEMENTARY_FLOW","refUnit":"kg"},"unit":{"@type":"Unit","@id":"20aadc24-a391-41cf-b340-3e4529f44bde","name":"kg"},"flowProperty":{"@type":"FlowProperty","@id":"93a60a56-a3c8-11da-a746-0800200b9a66","name":"Mass","categoryPath":["Technical flow properties"]}},{"@type":"Exchange","avoidedProduct":false,"input":false,"amount":5.76E-6,"internalId":10,"flow":{"@type":"Flow","@id":"10cbd2f7-c41b-4bb4-b636-d8fc15cf0282","name":"Manganese","categoryPath":["Elementary Flows","Emission to water","unspecified"],"flowType":"ELEMENTARY_FLOW","refUnit":"kg"},"unit":{"@type":"Unit","@id":"20aadc24-a391-41cf-b340-3e4529f44bde","name":"kg"},"flowProperty":{"@type":"FlowProperty","@id":"93a60a56-a3c8-11da-a746-0800200b9a66","name":"Mass","categoryPath":["Technical flow properties"]}},{"@type":"Exchange","avoidedProduct":false,"input":true,"amount":1.24,"internalId":6,"flow":{"@type":"Flow","@id":"eaaa17d0-52c2-36ed-a39b-406e7bb80359","name":"Coal, bituminous, 24.8 MJ per kg","categoryPath":["resource","ground-"],"flowType":"ELEMENTARY_FLOW","refUnit":"kg"},"unit":{"@type":"Unit","@id":"20aadc24-a391-41cf-b340-3e4529f44bde","name":"kg"},"flowProperty":{"@type":"FlowProperty","@id":"93a60a56-a3c8-11da-a746-0800200b9a66","name":"Mass","categoryPath":["Technical flow properties"]}},{"@type":"Exchange","avoidedProduct":false,"input":false,"amount":0.00163,"internalId":15,"flow":{"@type":"Flow","@id":"7ae398c3-8532-11e0-9d78-0800200c9a66","name":"Particulates, unspecified","categoryPath":["Elementary Flows","Emission to air","unspecified"],"flowType":"ELEMENTARY_FLOW","refUnit":"kg"},"unit":{"@type":"Unit","@id":"20aadc24-a391-41cf-b340-3e4529f44bde","name":"kg"},"flowProperty":{"@type":"FlowProperty","@id":"93a60a56-a3c8-11da-a746-0800200b9a66","name":"Mass","categoryPath":["Technical flow properties"]}},{"@type":"Exchange","avoidedProduct":false,"input":true,"amount":1.62E-4,"internalId":13,"flow":{"@type":"Flow","@id":"bb1dc159-fe13-3f8e-8197-361e8c770ba3","name":"Natural gas, combusted in industrial boiler","categoryPath":["Technosphere Flows","22: Utilities","2213: Water, Sewage and Other Systems"],"flowType":"PRODUCT_FLOW","location":"RNA","refUnit":"m3"},"unit":{"@type":"Unit","@id":"1c3a9695-398d-4b1f-b07e-a8715b610f70","name":"m3"},"flowProperty":{"@type":"FlowProperty","@id":"93a60a56-a3c8-22da-a746-0800200c9a66","name":"Volume","categoryPath":["Technical flow properties"]}}]}