{"@context":"http://greendelta.github.io/olca-schema/context.jsonld","@type":"Process","@id":"7ae49a74-3d24-4b32-ae19-ddbf6e0ae94a","name":"Natural gas, at extraction, conventional onshore associated, kg","description":"NETL LCA Unit Process Library, Natural gas extraction processes 2010. Associated natural gas is co-extracted with crude oil. The extraction of onshore associated gas is similar to the extraction methods for conventional onshore gas. The use of oil/gas separators is necessary to recover natural gas from the mixed product stream. The majority of these wells are assumed to be in Texas and Louisiana (US EIA, 2009a). The production rates of onshore associated gas wells are highly variable, but an average associated gas well in the U.S. produces 59 barrels of oil and 61 thousand cubic feet of natural gas per day (US EIA, 2009b). ","version":"00.00.016","lastChange":"2019-10-02T11:13:46.156-06:00","category":{"@type":"Category","@id":"b22278b5-8607-3d1e-8456-ef3fd9a84857","name":"2111: Oil and Gas Extraction","categoryPath":["21: Mining, Quarrying, and Oil and Gas Extraction"],"categoryType":"Process"},"processType":"UNIT_PROCESS","defaultAllocationMethod":"NO_ALLOCATION","infrastructureProcess":false,"location":{"@type":"Location","@id":"0b3b97fa-6688-3c56-88ee-4ae80ec0c3c2","name":"United States"},"processDocumentation":{"@type":"ProcessDocumentation","timeDescription":"","technologyDescription":"Conventional natural gas extraction","dataCollectionDescription":"NETL LCA Unit Process Library, Natural gas extraction processes 2010.","completenessDescription":"TREATMENT OF MISSING ENVIRONMENTAL DATA: Elementary flows are cut-off at less than 1% based on environmental relevance.\r\nTREATMENT OF MISSING TECHNOSPHERE DATA: Intermediate flows are cut-off is at 1%  based on environmental relevance.\r\nMASS BALANCE: The mass balance was calculated by a straight comparison of inputs and outputs","dataSelectionDescription":"This dataset was used in the aggregate natural gas extraction production mix process.","reviewDetails":"Internal review of data entry proofreading, mass balance verification and data documentation.","dataTreatmentDescription":"An estimated 40 percent of natural gas was sourced from conventional onshore and offshore sources including associated onshore natural gas production. This dataset was used to model the aggregate natural gas extraction production mix process based on percentages from EIA, 2017.","inventoryMethodDescription":"Attributional. Compatible with TRACI","modelingConstantsDescription":"The input and output data for each of the subprocesses is taken from NETL unit process library and the most recent data is from 2010. The inputs to this unit process are natural gas, ground water, and surface water. These three inputs are natural resources and thus enter the boundary of this unit process with no upstream environmental burdens. If the natural gas extraction site is near a source of electricity, it is financially preferable to use electrically-powered equipment instead of gas-powered equipment. The output of this unit process is dehydrated natural gas that is suitable for pipeline transport and subsequent processing steps such as sweetening or, in the case of imported natural gas, liquefaction. This unit process also accounts for environmental emissions to air and water but does not track wastewater. ","samplingDescription":"BOUNDARY CONDITIONS: The system boundary includes (1) natural gas extraction (2) energy inputs for the process, and (3) water inputs for the process.\r\nDATA COLLECTION: A weighted average was calculated from the data collected for 6 extraction methods and used to develop the composite natural gas extraction process. \r\nUNCERTAINTY ESTIMATION: All data were carefully evaluated before compiling the production-weighted average data sets used to generate results. No uncertainty analysis was carried out due to the lack of uncertainty data or probability distributions for key parameters, which are often only available as single point estimates from the producers.\r\n","restrictionsDescription":"","copyright":false,"validFrom":"2013-12-31-07:00","validUntil":"2014-11-30-07:00","creationDate":"2019-02-14T13:23:57.639-07:00","intendedApplication":"\"Accounting, with system-external interactions\" - The intended application is a purely descriptive accounting / documentation of the analysed system including existing interactions with other systems in the LCI model. These data are an update to a previously published dataset which is a generic unit process data.","projectDescription":"https://www.netl.doe.gov/projects/files/DF_Stage1_O_Conventional_Onshore_Associated_NG_Extraction.pdf","geographyDescription":"","reviewer":{"@type":"Actor","@id":"38e67478-a915-43d9-ad67-e25db79a4acc","name":"Franklin Associates, A Division of ERG"},"dataDocumentor":{"@type":"Actor","@id":"38e67478-a915-43d9-ad67-e25db79a4acc","name":"Franklin Associates, A Division of ERG"},"dataGenerator":{"@type":"Actor","@id":"38e67478-a915-43d9-ad67-e25db79a4acc","name":"Franklin Associates, A Division of ERG"},"dataSetOwner":{"@type":"Actor","@id":"510d0a32-f727-4faa-9ac9-09bdf47beffe","name":"National Energy Technology Laboratory "},"sources":[{"@type":"Source","@id":"06e46b4e-264b-42df-912e-09a0b24e1420","name":"US EIA, 2009b"},{"@type":"Source","@id":"f34c916a-6a17-47d6-9a08-9bdb1aaef0ab","name":"US EIA, 2017a"},{"@type":"Source","@id":"7de5c120-e8f5-41e2-9601-90032d9ee3ae","name":"US EIA, 2009a"}]},"lastInternalId":20,"exchanges":[{"@type":"Exchange","avoidedProduct":false,"input":false,"amount":1.0,"description":"Data from NETL 2014","internalId":11,"flow":{"@type":"Flow","@id":"4398eda3-a9ac-444b-bc90-0e042335fa2f","name":"Natural gas, at extraction, conventional onshore associated, kg","categoryPath":["Technosphere Flows","21: Mining, Quarrying, and Oil and Gas Extraction","2111: Oil and Gas Extraction"],"flowType":"PRODUCT_FLOW","refUnit":"kg"},"unit":{"@type":"Unit","@id":"20aadc24-a391-41cf-b340-3e4529f44bde","name":"kg"},"flowProperty":{"@type":"FlowProperty","@id":"93a60a56-a3c8-11da-a746-0800200b9a66","name":"Mass","categoryPath":["Technical flow properties"]},"quantitativeReference":true},{"@type":"Exchange","avoidedProduct":false,"input":true,"amount":0.319,"description":"Data from NETL 2014","internalId":20,"flow":{"@type":"Flow","@id":"75b5c052-b7fa-48f6-8ce8-cfefed1f6fd2","name":"Water, Surface water consumption","flowType":"ELEMENTARY_FLOW","refUnit":"kg"},"unit":{"@type":"Unit","@id":"20aadc24-a391-41cf-b340-3e4529f44bde","name":"kg"},"flowProperty":{"@type":"FlowProperty","@id":"93a60a56-a3c8-11da-a746-0800200b9a66","name":"Mass","categoryPath":["Technical flow properties"]}},{"@type":"Exchange","avoidedProduct":false,"input":false,"amount":0.0247,"description":"Solid waste to landfill. Data from NETL 2014","internalId":6,"flow":{"@type":"Flow","@id":"f2960e88-4ca9-4f6c-9813-71e66edc37b7","name":"CUTOFF Disposal, solid waste, unspecified","categoryPath":["Technosphere Flows","CUTOFF Flows"],"flowType":"WASTE_FLOW","refUnit":"kg"},"unit":{"@type":"Unit","@id":"20aadc24-a391-41cf-b340-3e4529f44bde","name":"kg"},"flowProperty":{"@type":"FlowProperty","@id":"93a60a56-a3c8-11da-a746-0800200b9a66","name":"Mass","categoryPath":["Technical flow properties"]}},{"@type":"Exchange","avoidedProduct":false,"input":false,"amount":5.21E-7,"description":"Data from NETL 2014","internalId":16,"flow":{"@type":"Flow","@id":"fd7aa71c-508c-480d-81a6-8052aad92646","name":"Sulfur dioxide","categoryPath":["Elementary Flows","Emission to air","unspecified"],"flowType":"ELEMENTARY_FLOW","refUnit":"kg"},"unit":{"@type":"Unit","@id":"20aadc24-a391-41cf-b340-3e4529f44bde","name":"kg"},"flowProperty":{"@type":"FlowProperty","@id":"93a60a56-a3c8-11da-a746-0800200b9a66","name":"Mass","categoryPath":["Technical flow properties"]}},{"@type":"Exchange","avoidedProduct":false,"input":false,"amount":0.00253,"description":"Data from NETL 2014","internalId":10,"flow":{"@type":"Flow","@id":"20408dd1-8534-11e0-9d78-0800200c9a66","name":"Methane","categoryPath":["Elementary Flows","Emission to air","unspecified"],"flowType":"ELEMENTARY_FLOW","refUnit":"kg"},"unit":{"@type":"Unit","@id":"20aadc24-a391-41cf-b340-3e4529f44bde","name":"kg"},"flowProperty":{"@type":"FlowProperty","@id":"93a60a56-a3c8-11da-a746-0800200b9a66","name":"Mass","categoryPath":["Technical flow properties"]}},{"@type":"Exchange","avoidedProduct":false,"input":false,"amount":3.75E-4,"description":"Data from NETL 2014","internalId":5,"flow":{"@type":"Flow","@id":"6d25e386-4ef9-4d40-85c6-e694f523a4da","name":"Chloride","categoryPath":["Elementary Flows","Emission to water","unspecified"],"flowType":"ELEMENTARY_FLOW","refUnit":"kg"},"unit":{"@type":"Unit","@id":"20aadc24-a391-41cf-b340-3e4529f44bde","name":"kg"},"flowProperty":{"@type":"FlowProperty","@id":"93a60a56-a3c8-11da-a746-0800200b9a66","name":"Mass","categoryPath":["Technical flow properties"]}},{"@type":"Exchange","avoidedProduct":false,"input":true,"amount":0.319,"description":"Data from NETL 2014","internalId":19,"flow":{"@type":"Flow","@id":"f835e4b9-3073-4547-ab20-ba20886fd6a3","name":"Water, groundwater consumption","flowType":"ELEMENTARY_FLOW","refUnit":"kg"},"unit":{"@type":"Unit","@id":"20aadc24-a391-41cf-b340-3e4529f44bde","name":"kg"},"flowProperty":{"@type":"FlowProperty","@id":"93a60a56-a3c8-11da-a746-0800200b9a66","name":"Mass","categoryPath":["Technical flow properties"]}},{"@type":"Exchange","avoidedProduct":false,"input":false,"amount":0.00362,"description":"Data from NETL 2014","internalId":12,"flow":{"@type":"Flow","@id":"c1b91234-6f24-417b-8309-46111d09c457","name":"Nitrogen oxides","categoryPath":["Elementary Flows","Emission to air","unspecified"],"flowType":"ELEMENTARY_FLOW","refUnit":"kg"},"unit":{"@type":"Unit","@id":"20aadc24-a391-41cf-b340-3e4529f44bde","name":"kg"},"flowProperty":{"@type":"FlowProperty","@id":"93a60a56-a3c8-11da-a746-0800200b9a66","name":"Mass","categoryPath":["Technical flow properties"]}},{"@type":"Exchange","avoidedProduct":false,"input":false,"amount":1.9E-6,"description":"Data from NETL 2014","internalId":2,"flow":{"@type":"Flow","@id":"4a15cd40-96e6-4912-8298-c0fa8f9e2aee","name":"Boron","categoryPath":["Elementary Flows","Emission to water","unspecified"],"flowType":"ELEMENTARY_FLOW","refUnit":"kg"},"unit":{"@type":"Unit","@id":"20aadc24-a391-41cf-b340-3e4529f44bde","name":"kg"},"flowProperty":{"@type":"FlowProperty","@id":"93a60a56-a3c8-11da-a746-0800200b9a66","name":"Mass","categoryPath":["Technical flow properties"]}},{"@type":"Exchange","avoidedProduct":false,"input":false,"amount":2.81E-4,"description":"Data from NETL 2014","internalId":4,"flow":{"@type":"Flow","@id":"7ae371ac-8532-11e0-9d78-0800200c9a66","name":"Carbon monoxide","categoryPath":["Elementary Flows","Emission to air","unspecified"],"flowType":"ELEMENTARY_FLOW","refUnit":"kg"},"unit":{"@type":"Unit","@id":"20aadc24-a391-41cf-b340-3e4529f44bde","name":"kg"},"flowProperty":{"@type":"FlowProperty","@id":"93a60a56-a3c8-11da-a746-0800200b9a66","name":"Mass","categoryPath":["Technical flow properties"]}},{"@type":"Exchange","avoidedProduct":false,"input":false,"amount":1.66E-7,"description":"Data from NETL 2014","internalId":7,"flow":{"@type":"Flow","@id":"20185046-64bb-4c09-a8e7-e8a9e144ca98","name":"Dinitrogen monoxide","categoryPath":["Elementary Flows","Emission to air","unspecified"],"flowType":"ELEMENTARY_FLOW","refUnit":"kg"},"unit":{"@type":"Unit","@id":"20aadc24-a391-41cf-b340-3e4529f44bde","name":"kg"},"flowProperty":{"@type":"FlowProperty","@id":"93a60a56-a3c8-11da-a746-0800200b9a66","name":"Mass","categoryPath":["Technical flow properties"]}},{"@type":"Exchange","avoidedProduct":false,"input":false,"amount":8.86E-6,"description":"Data from NETL 2014. Represents PM \u003e 2.5 and \u003c10.","internalId":14,"flow":{"@type":"Flow","@id":"08a91e70-3ddc-11dd-91be-0050c2490048","name":"Particulates, \u003c 10 um","categoryPath":["Elementary Flows","Emission to air","unspecified"],"flowType":"ELEMENTARY_FLOW","refUnit":"kg"},"unit":{"@type":"Unit","@id":"20aadc24-a391-41cf-b340-3e4529f44bde","name":"kg"},"flowProperty":{"@type":"FlowProperty","@id":"93a60a56-a3c8-11da-a746-0800200b9a66","name":"Mass","categoryPath":["Technical flow properties"]}},{"@type":"Exchange","avoidedProduct":false,"input":true,"amount":0.057004,"description":"Data from NETL 2014","internalId":1,"flow":{"@type":"Flow","@id":"bb1dc159-fe13-3f8e-8197-361e8c770ba3","name":"Natural gas, combusted in industrial boiler","categoryPath":["Technosphere Flows","22: Utilities","2213: Water, Sewage and Other Systems"],"flowType":"PRODUCT_FLOW","location":"RNA","refUnit":"m3"},"unit":{"@type":"Unit","@id":"1c3a9695-398d-4b1f-b07e-a8715b610f70","name":"m3"},"flowProperty":{"@type":"FlowProperty","@id":"93a60a56-a3c8-22da-a746-0800200c9a66","name":"Volume","categoryPath":["Technical flow properties"]}},{"@type":"Exchange","avoidedProduct":false,"input":false,"amount":0.00151,"description":"Data from NETL 2014","internalId":15,"flow":{"@type":"Flow","@id":"28bca51a-6cc7-46af-961a-fd2b675a1376","name":"Sulfate","categoryPath":["Elementary Flows","Emission to water","unspecified"],"flowType":"ELEMENTARY_FLOW","refUnit":"kg"},"unit":{"@type":"Unit","@id":"20aadc24-a391-41cf-b340-3e4529f44bde","name":"kg"},"flowProperty":{"@type":"FlowProperty","@id":"93a60a56-a3c8-11da-a746-0800200b9a66","name":"Mass","categoryPath":["Technical flow properties"]}},{"@type":"Exchange","avoidedProduct":false,"input":false,"amount":0.112,"description":"Data from NETL 2014","internalId":3,"flow":{"@type":"Flow","@id":"7ae371aa-8532-11e0-9d78-0800200c9a66","name":"Carbon dioxide","categoryPath":["Elementary Flows","Emission to air","unspecified"],"flowType":"ELEMENTARY_FLOW","refUnit":"kg"},"unit":{"@type":"Unit","@id":"20aadc24-a391-41cf-b340-3e4529f44bde","name":"kg"},"flowProperty":{"@type":"FlowProperty","@id":"93a60a56-a3c8-11da-a746-0800200b9a66","name":"Mass","categoryPath":["Technical flow properties"]}},{"@type":"Exchange","avoidedProduct":false,"input":false,"amount":0.00391,"description":"Data from NETL 2014","internalId":8,"flow":{"@type":"Flow","@id":"5ce634de-b810-4533-9efb-719c38fe7c09","name":"Dissolved solids","categoryPath":["Elementary Flows","Emission to water","unspecified"],"flowType":"ELEMENTARY_FLOW","refUnit":"kg"},"unit":{"@type":"Unit","@id":"20aadc24-a391-41cf-b340-3e4529f44bde","name":"kg"},"flowProperty":{"@type":"FlowProperty","@id":"93a60a56-a3c8-11da-a746-0800200b9a66","name":"Mass","categoryPath":["Technical flow properties"]}},{"@type":"Exchange","avoidedProduct":false,"input":false,"amount":2.67E-5,"description":"Data from NETL 2014","internalId":9,"flow":{"@type":"Flow","@id":"e620a933-c348-4e7e-8893-ab0a0f681c7e","name":"Hydrocarbons, unspecified","categoryPath":["Elementary Flows","Emission to water","unspecified"],"flowType":"ELEMENTARY_FLOW","refUnit":"kg"},"unit":{"@type":"Unit","@id":"20aadc24-a391-41cf-b340-3e4529f44bde","name":"kg"},"flowProperty":{"@type":"FlowProperty","@id":"93a60a56-a3c8-11da-a746-0800200b9a66","name":"Mass","categoryPath":["Technical flow properties"]}},{"@type":"Exchange","avoidedProduct":false,"input":false,"amount":2.05E-4,"description":"Data from NETL 2014","internalId":13,"flow":{"@type":"Flow","@id":"d3260d0e-8203-4cbb-a45a-6a13131a5108","name":"NMVOC, non-methane volatile organic compounds, unspecified origin","categoryPath":["Elementary Flows","Emission to air","unspecified"],"flowType":"ELEMENTARY_FLOW","refUnit":"kg"},"unit":{"@type":"Unit","@id":"20aadc24-a391-41cf-b340-3e4529f44bde","name":"kg"},"flowProperty":{"@type":"FlowProperty","@id":"93a60a56-a3c8-11da-a746-0800200b9a66","name":"Mass","categoryPath":["Technical flow properties"]}}]}