<?xml version="1.0" encoding="UTF-8" standalone="yes"?>
<f:flowDataSet xmlns:m="http://lca.jrc.it/ILCD/LCIAMethod" xmlns:common="http://lca.jrc.it/ILCD/Common" xmlns:s="http://lca.jrc.it/ILCD/Source" xmlns:c="http://lca.jrc.it/ILCD/Contact" xmlns:f="http://lca.jrc.it/ILCD/Flow" xmlns="http://lca.jrc.it/ILCD/Process" xmlns:fp="http://lca.jrc.it/ILCD/FlowProperty" xmlns:u="http://lca.jrc.it/ILCD/UnitGroup" version="1.1">
    <f:flowInformation>
        <f:dataSetInformation>
            <common:UUID>263fb8d0-8df5-3cee-834b-b7e2de1dac4a</common:UUID>
            <f:name>
                <f:baseName xml:lang="en">Soy meal, at plant</f:baseName>
            </f:name>
            <f:classificationInformation>
                <common:classification>
                    <common:class level="0" classId="bdc4b06f-ae23-3cd2-8ade-ee228882147d">Chemical Manufacturing</common:class>
                    <common:class level="1" classId="c14236d8-0010-374f-abe9-fb5abb59adb7">All Other Basic Organic Chemical Manufacturing</common:class>
                </common:classification>
            </f:classificationInformation>
        </f:dataSetInformation>
        <f:quantitativeReference>
            <f:referenceToReferenceFlowProperty>0</f:referenceToReferenceFlowProperty>
        </f:quantitativeReference>
        <f:geography>
            <f:locationOfSupply xml:lang="en">RNA</f:locationOfSupply>
        </f:geography>
    </f:flowInformation>
    <f:modellingAndValidation>
        <f:LCIMethod>
            <f:typeOfDataSet>Product flow</f:typeOfDataSet>
        </f:LCIMethod>
    </f:modellingAndValidation>
    <f:administrativeInformation>
        <f:dataEntryBy>
            <common:timeStamp>2018-06-27T10:38:41.662-06:00</common:timeStamp>
            <common:referenceToDataSetFormat type="source data set" refObjectId="a97a0155-0234-4b87-b4ce-a45da52f2a40" version="01.01.000" uri="../sources/a97a0155-0234-4b87-b4ce-a45da52f2a40_01.01.000.xml">
                <common:shortDescription xml:lang="en">ILCD format</common:shortDescription>
            </common:referenceToDataSetFormat>
        </f:dataEntryBy>
        <f:publicationAndOwnership>
            <common:dataSetVersion>00.00.001</common:dataSetVersion>
            <common:permanentDataSetURI>http://openlca.org/ilcd/resource/flows/263fb8d0-8df5-3cee-834b-b7e2de1dac4a</common:permanentDataSetURI>
        </f:publicationAndOwnership>
    </f:administrativeInformation>
    <f:flowProperties>
        <f:flowProperty dataSetInternalID="0">
            <f:referenceToFlowPropertyDataSet type="flow property data set" refObjectId="93a60a56-a3c8-11da-a746-0800200b9a66" version="01.00.000" uri="../flowproperties/93a60a56-a3c8-11da-a746-0800200b9a66">
                <common:shortDescription xml:lang="en">Mass</common:shortDescription>
            </f:referenceToFlowPropertyDataSet>
            <f:meanValue>1.0</f:meanValue>
        </f:flowProperty>
    </f:flowProperties>
</f:flowDataSet>
