<?xml version="1.0" encoding="UTF-8" standalone="yes"?>
<f:flowDataSet xmlns:m="http://lca.jrc.it/ILCD/LCIAMethod" xmlns:common="http://lca.jrc.it/ILCD/Common" xmlns:s="http://lca.jrc.it/ILCD/Source" xmlns:c="http://lca.jrc.it/ILCD/Contact" xmlns:f="http://lca.jrc.it/ILCD/Flow" xmlns="http://lca.jrc.it/ILCD/Process" xmlns:fp="http://lca.jrc.it/ILCD/FlowProperty" xmlns:u="http://lca.jrc.it/ILCD/UnitGroup" version="1.1">
    <f:flowInformation>
        <f:dataSetInformation>
            <common:UUID>ed985804-e100-3e5a-9e97-8ce924124936</common:UUID>
            <f:name>
                <f:baseName xml:lang="en">Hexanoic acid</f:baseName>
            </f:name>
            <f:classificationInformation>
                <common:elementaryFlowCategorization>
                    <common:category level="0" catId="c7aed48c-577e-3bec-9a9d-b6c96805c547">water</common:category>
                    <common:category level="1" catId="ebacb70b-4c61-3e12-87b3-fbf61dff3ded">unspecified</common:category>
                </common:elementaryFlowCategorization>
            </f:classificationInformation>
        </f:dataSetInformation>
        <f:quantitativeReference>
            <f:referenceToReferenceFlowProperty>0</f:referenceToReferenceFlowProperty>
        </f:quantitativeReference>
    </f:flowInformation>
    <f:modellingAndValidation>
        <f:LCIMethod>
            <f:typeOfDataSet>Elementary flow</f:typeOfDataSet>
        </f:LCIMethod>
    </f:modellingAndValidation>
    <f:administrativeInformation>
        <f:dataEntryBy>
            <common:timeStamp>2018-06-27T10:38:47.211-06:00</common:timeStamp>
            <common:referenceToDataSetFormat type="source data set" refObjectId="a97a0155-0234-4b87-b4ce-a45da52f2a40" version="01.01.000" uri="../sources/a97a0155-0234-4b87-b4ce-a45da52f2a40_01.01.000.xml">
                <common:shortDescription xml:lang="en">ILCD format</common:shortDescription>
            </common:referenceToDataSetFormat>
        </f:dataEntryBy>
        <f:publicationAndOwnership>
            <common:dataSetVersion>00.00.001</common:dataSetVersion>
            <common:permanentDataSetURI>http://openlca.org/ilcd/resource/flows/ed985804-e100-3e5a-9e97-8ce924124936</common:permanentDataSetURI>
        </f:publicationAndOwnership>
    </f:administrativeInformation>
    <f:flowProperties>
        <f:flowProperty dataSetInternalID="0">
            <f:referenceToFlowPropertyDataSet type="flow property data set" refObjectId="93a60a56-a3c8-11da-a746-0800200b9a66" version="01.00.000" uri="../flowproperties/93a60a56-a3c8-11da-a746-0800200b9a66">
                <common:shortDescription xml:lang="en">Mass</common:shortDescription>
            </f:referenceToFlowPropertyDataSet>
            <f:meanValue>1.0</f:meanValue>
        </f:flowProperty>
    </f:flowProperties>
</f:flowDataSet>
