<?xml version="1.0" encoding="UTF-8" standalone="yes"?>
<u:unitGroupDataSet xmlns:m="http://lca.jrc.it/ILCD/LCIAMethod" xmlns:common="http://lca.jrc.it/ILCD/Common" xmlns:s="http://lca.jrc.it/ILCD/Source" xmlns:c="http://lca.jrc.it/ILCD/Contact" xmlns:f="http://lca.jrc.it/ILCD/Flow" xmlns="http://lca.jrc.it/ILCD/Process" xmlns:fp="http://lca.jrc.it/ILCD/FlowProperty" xmlns:u="http://lca.jrc.it/ILCD/UnitGroup" version="1.1">
    <u:unitGroupInformation>
        <u:dataSetInformation>
            <common:UUID>93a60a57-a4c8-11da-a746-0800200c9a66</common:UUID>
            <common:name xml:lang="en">Units of mass</common:name>
            <u:classificationInformation>
                <common:classification>
                    <common:class level="0" classId="00d44049-4768-313c-b2a5-c2d545f8e0ec">Technical unit groups</common:class>
                </common:classification>
            </u:classificationInformation>
        </u:dataSetInformation>
        <u:quantitativeReference>
            <u:referenceToReferenceUnit>0</u:referenceToReferenceUnit>
        </u:quantitativeReference>
    </u:unitGroupInformation>
    <u:administrativeInformation>
        <u:dataEntryBy>
            <common:referenceToDataSetFormat type="source data set" refObjectId="a97a0155-0234-4b87-b4ce-a45da52f2a40" version="01.01.000" uri="../sources/a97a0155-0234-4b87-b4ce-a45da52f2a40_01.01.000.xml">
                <common:shortDescription xml:lang="en">ILCD format</common:shortDescription>
            </common:referenceToDataSetFormat>
        </u:dataEntryBy>
        <u:publicationAndOwnership>
            <common:dataSetVersion>00.00.000</common:dataSetVersion>
            <common:permanentDataSetURI>http://openlca.org/ilcd/resource/unitgroups/93a60a57-a4c8-11da-a746-0800200c9a66</common:permanentDataSetURI>
        </u:publicationAndOwnership>
    </u:administrativeInformation>
    <u:units>
        <u:unit xmlns:olca="http://openlca.org/ilcd-extensions" dataSetInternalID="1" olca:unitId="0300ec69-ce1a-45f0-bcf0-7b33845dc53e">
            <u:name>lb av</u:name>
            <u:meanValue>0.45</u:meanValue>
            <u:generalComment xml:lang="en">British pound (avoirdupois)</u:generalComment>
        </u:unit>
        <u:unit xmlns:olca="http://openlca.org/ilcd-extensions" dataSetInternalID="2" olca:unitId="fa44e424-f37b-419d-8475-723429d63c08">
            <u:name>oz av</u:name>
            <u:meanValue>0.02</u:meanValue>
            <u:generalComment xml:lang="en">Ounce (avoirdupois); commonly used, but NOT for gold, platinum etc. (see Ounce (troy))</u:generalComment>
        </u:unit>
        <u:unit xmlns:olca="http://openlca.org/ilcd-extensions" dataSetInternalID="3" olca:unitId="218bf752-ec01-43a9-b87c-0e733374fffd">
            <u:name>cg</u:name>
            <u:meanValue>1.0E-5</u:meanValue>
            <u:generalComment xml:lang="en">Centigram</u:generalComment>
        </u:unit>
        <u:unit xmlns:olca="http://openlca.org/ilcd-extensions" dataSetInternalID="4" olca:unitId="ae5cced9-f9f1-4719-bd37-837b36013d96">
            <u:name>ct</u:name>
            <u:meanValue>2.0E-4</u:meanValue>
            <u:generalComment xml:lang="en">Carat (metric)</u:generalComment>
        </u:unit>
        <u:unit xmlns:olca="http://openlca.org/ilcd-extensions" dataSetInternalID="5" olca:unitId="2a0b9356-a2dd-444f-991e-ce66cd174c9e">
            <u:name>cwt</u:name>
            <u:meanValue>45.359237</u:meanValue>
            <u:generalComment xml:lang="en">Short hundredweight</u:generalComment>
        </u:unit>
        <u:unit xmlns:olca="http://openlca.org/ilcd-extensions" dataSetInternalID="6" olca:unitId="e5ccc940-eb40-41f9-847e-5ee691ba8c2f">
            <u:name>long tn</u:name>
            <u:meanValue>1016.04</u:meanValue>
            <u:generalComment xml:lang="en">Long ton</u:generalComment>
        </u:unit>
        <u:unit xmlns:olca="http://openlca.org/ilcd-extensions" dataSetInternalID="7" olca:unitId="56f42b51-bb05-4dcd-a069-0693f167304c">
            <u:name>dr (Av)</u:name>
            <u:meanValue>0.001771845</u:meanValue>
            <u:generalComment xml:lang="en">Dram (Avoirdupois)</u:generalComment>
        </u:unit>
        <u:unit xmlns:olca="http://openlca.org/ilcd-extensions" dataSetInternalID="8" olca:unitId="68c83ad3-bc5b-414a-81f7-5b47af2c8a23">
            <u:name>pg</u:name>
            <u:meanValue>1.0E-15</u:meanValue>
            <u:generalComment xml:lang="en">Picogram; 10^-12 g</u:generalComment>
        </u:unit>
        <u:unit xmlns:olca="http://openlca.org/ilcd-extensions" dataSetInternalID="9" olca:unitId="d01259b2-24c2-46af-a7fe-36dd025ead15">
            <u:name>ug</u:name>
            <u:meanValue>1.0E-9</u:meanValue>
            <u:generalComment xml:lang="en">Microgram</u:generalComment>
        </u:unit>
        <u:unit xmlns:olca="http://openlca.org/ilcd-extensions" dataSetInternalID="10" olca:unitId="2ac22d0d-9e02-4459-9402-923490e4e1b4">
            <u:name>dg</u:name>
            <u:meanValue>1.0E-4</u:meanValue>
            <u:generalComment xml:lang="en">Decigram</u:generalComment>
        </u:unit>
        <u:unit xmlns:olca="http://openlca.org/ilcd-extensions" dataSetInternalID="11" olca:unitId="63214902-17d4-41a0-be10-d1cad375c32e">
            <u:name>ng</u:name>
            <u:meanValue>1.0E-12</u:meanValue>
            <u:generalComment xml:lang="en">Nanogram</u:generalComment>
        </u:unit>
        <u:unit xmlns:olca="http://openlca.org/ilcd-extensions" dataSetInternalID="12" olca:unitId="78af80e7-ede4-4a65-b04d-97d9ce4f39d3">
            <u:name>gr</u:name>
            <u:meanValue>6.48E-5</u:meanValue>
            <u:generalComment xml:lang="en">Grain</u:generalComment>
        </u:unit>
        <u:unit xmlns:olca="http://openlca.org/ilcd-extensions" dataSetInternalID="13" olca:unitId="83192ffa-5990-490b-a23a-b45ca072db6f">
            <u:name>t</u:name>
            <u:meanValue>1000.0</u:meanValue>
            <u:generalComment xml:lang="en">Tonne</u:generalComment>
        </u:unit>
        <u:unit xmlns:olca="http://openlca.org/ilcd-extensions" dataSetInternalID="14" olca:unitId="86dfd16d-d1d8-4b71-88af-0e1126425c77">
            <u:name>hg</u:name>
            <u:meanValue>0.1</u:meanValue>
            <u:generalComment xml:lang="en">Hectogram</u:generalComment>
        </u:unit>
        <u:unit xmlns:olca="http://openlca.org/ilcd-extensions" dataSetInternalID="15" olca:unitId="e1317ffc-7f83-4a85-bc65-4fb229a25cf8">
            <u:name>g</u:name>
            <u:meanValue>0.001</u:meanValue>
            <u:generalComment xml:lang="en">Gram</u:generalComment>
        </u:unit>
        <u:unit xmlns:olca="http://openlca.org/ilcd-extensions" dataSetInternalID="16" olca:unitId="90d59045-3565-4c5a-bb27-ebc365aacbd0">
            <u:name>dag</u:name>
            <u:meanValue>0.01</u:meanValue>
            <u:generalComment xml:lang="en">Decagram</u:generalComment>
        </u:unit>
        <u:unit xmlns:olca="http://openlca.org/ilcd-extensions" dataSetInternalID="17" olca:unitId="b872a063-0500-42b7-9e5d-441642d84417">
            <u:name>mg</u:name>
            <u:meanValue>1.0E-6</u:meanValue>
            <u:generalComment xml:lang="en">Milligram</u:generalComment>
        </u:unit>
        <u:unit xmlns:olca="http://openlca.org/ilcd-extensions" dataSetInternalID="18" olca:unitId="9dd23b40-4394-4f9a-9572-5f2ee9643864">
            <u:name>Mt</u:name>
            <u:meanValue>1.0E9</u:meanValue>
            <u:generalComment xml:lang="en">Megatonne</u:generalComment>
        </u:unit>
        <u:unit xmlns:olca="http://openlca.org/ilcd-extensions" dataSetInternalID="19" olca:unitId="d4922696-9c95-4b5d-a876-425e98276978">
            <u:name>sh tn</u:name>
            <u:meanValue>907.18</u:meanValue>
            <u:generalComment xml:lang="en">Short ton</u:generalComment>
        </u:unit>
        <u:unit xmlns:olca="http://openlca.org/ilcd-extensions" dataSetInternalID="20" olca:unitId="e720c842-19f5-4a38-8573-78dd13719f5b">
            <u:name>kt</u:name>
            <u:meanValue>1000000.0</u:meanValue>
            <u:generalComment xml:lang="en">Kilotonne</u:generalComment>
        </u:unit>
        <u:unit xmlns:olca="http://openlca.org/ilcd-extensions" dataSetInternalID="21" olca:unitId="95dd50e9-c184-4412-9afc-9764b1ffcf8f">
            <u:name>kg SWU</u:name>
            <u:meanValue>1.0</u:meanValue>
            <u:generalComment xml:lang="en">Kilogram SWU</u:generalComment>
        </u:unit>
        <u:unit xmlns:olca="http://openlca.org/ilcd-extensions" dataSetInternalID="0" olca:unitId="20aadc24-a391-41cf-b340-3e4529f44bde">
            <u:name>kg</u:name>
            <u:meanValue>1.0</u:meanValue>
            <u:generalComment xml:lang="en">Kilogram</u:generalComment>
        </u:unit>
        <u:unit xmlns:olca="http://openlca.org/ilcd-extensions" dataSetInternalID="22" olca:unitId="a3350a8a-5cb0-440d-9752-8afe8c08c455">
            <u:name>dwt</u:name>
            <u:meanValue>0.001555174</u:meanValue>
            <u:generalComment xml:lang="en">Pennyweight</u:generalComment>
        </u:unit>
        <u:unit xmlns:olca="http://openlca.org/ilcd-extensions" dataSetInternalID="23" olca:unitId="d022bf34-1162-4579-90ab-dcca9620ce54">
            <u:name>Mg</u:name>
            <u:meanValue>1000.0</u:meanValue>
            <u:generalComment xml:lang="en">Megagram = 1 metric tonne</u:generalComment>
        </u:unit>
        <u:unit xmlns:olca="http://openlca.org/ilcd-extensions" dataSetInternalID="24" olca:unitId="2457aee5-c7ee-4416-a65a-5be4ff2b2976">
            <u:name>oz t</u:name>
            <u:meanValue>0.03</u:meanValue>
            <u:generalComment xml:lang="en">Ounce (troy)</u:generalComment>
        </u:unit>
    </u:units>
</u:unitGroupDataSet>
