{"@context":"http://greendelta.github.io/olca-schema/context.jsonld","@type":"Actor","@id":"639d0c69-dddc-4092-a120-6b8dd5369391","name":"National Energy Technology Laboratory","description":"The National Energy Technology Laboratory (NETL), part of the U.S. Department of Energy (DOE) national laboratory system, is owned and operated by the DOE. NETL supports the DOE mission to advance the energy security of the United States.\r\n\r\nNETL implements a broad spectrum of energy and environmental research and development (R\u0026D) programs that will return benefits for generations to come. These include:\r\n1) Enabling domestic coal, natural gas, and oil to economically power our Nation’s homes, industries, businesses, and transportation.\r\n2) Protecting our environment and enhancing our energy independence.\r\n\r\nNETL has expertise in coal, natural gas, and oil technologies; contract and project management; analysis of energy systems; and international energy issues.\r\n\r\nIn addition to research conducted onsite, NETL’s project portfolio includes R\u0026D conducted through partnerships, cooperative research and development agreements, financial assistance, and contractual arrangements with universities and the private sector. Together, these efforts focus a wealth of scientific and engineering talent on creating commercially viable solutions to national energy and environmental problems.","version":"00.00.000","category":{"@type":"Category","@id":"aff385fb-d760-4c5e-b0b2-8f293af071a7","name":"NETL Coal Actors"},"address":"626 Cochrans Mill Road | PO Box 10940, 15236-0940 Pittsburgh, PA","telefax":"412-386-4604","telephone":"412-386-4984"}