{"@context":"http://greendelta.github.io/olca-schema/context.jsonld","@type":"Actor","@id":"66c3f44f-4975-4ac5-bb22-ef8cce6992e6","name":"Robert James","description":"Office of Strategic Energy Analysis and Planning\r\nNational Energy Technology Laboratory","version":"00.00.000","category":{"@type":"Category","@id":"aff385fb-d760-4c5e-b0b2-8f293af071a7","name":"NETL Coal Actors"},"address":"3610 Collins Ferry Rd., 26507 Morgantown, WV","email":"Robert.James@netl.doe.gov","telefax":"(304) 285-1301","telephone":"(304) 285-4309"}