{"@type":"Source","@id":"174f29cb-5bab-3ed8-9b90-ba0d70766c65","name":"NETL. (2015). Cost and Performance Baseline for Fossil Energy Plants Volume 1a: Bituminous Coal (PC) and Natural Gas to Electricity Revision 3.","category":"NETL","version":"01.00.001","textReference":"NETL. (2015). Cost and Performance Baseline for Fossil Energy Plants Volume 1a: Bituminous Coal (PC) and Natural Gas to Electricity Revision 3. Document Number: National Energy Technology Laboratory, from netl.doe.gov/energy-analysis/details?id\u003d729 Pittsburgh, PA.","year":2015}