{"@type":"Source","@id":"c53d5781-9b8b-3f14-b11c-075647ab36ae","name":"Yang et al. (2017) USEEIO: A new and transparent United States environmentally-extended input-output model","version":"01.00.001","textReference":"Yang, Y., Ingwersen, W. W., Hawkins, T. R., Srocka, M., \u0026 Meyer, D. E. (2017). USEEIO: A new and transparent United States environmentally-extended input-output model. Journal of Cleaner Production, 158, 308-318. doi: https://doi.org/10.1016/j.jclepro.2017.04.150","year":2017}