<?xml version="1.0" encoding="UTF-8" standalone="yes"?>
<u:unitGroupDataSet xmlns:m="http://lca.jrc.it/ILCD/LCIAMethod" xmlns:common="http://lca.jrc.it/ILCD/Common" xmlns:s="http://lca.jrc.it/ILCD/Source" xmlns:c="http://lca.jrc.it/ILCD/Contact" xmlns:f="http://lca.jrc.it/ILCD/Flow" xmlns="http://lca.jrc.it/ILCD/Process" xmlns:fp="http://lca.jrc.it/ILCD/FlowProperty" xmlns:u="http://lca.jrc.it/ILCD/UnitGroup" version="1.1">
    <u:unitGroupInformation>
        <u:dataSetInformation>
            <common:UUID>93a60a57-a3c8-16da-a746-0800200c9a66</common:UUID>
            <common:name xml:lang="en">Units of radioactivity</common:name>
            <u:classificationInformation>
                <common:classification>
                    <common:class level="0" classId="00d44049-4768-313c-b2a5-c2d545f8e0ec">Technical unit groups</common:class>
                </common:classification>
            </u:classificationInformation>
        </u:dataSetInformation>
        <u:quantitativeReference>
            <u:referenceToReferenceUnit>0</u:referenceToReferenceUnit>
        </u:quantitativeReference>
    </u:unitGroupInformation>
    <u:administrativeInformation>
        <u:dataEntryBy>
            <common:timeStamp>2018-10-05T17:20:32.308-06:00</common:timeStamp>
            <common:referenceToDataSetFormat type="source data set" refObjectId="a97a0155-0234-4b87-b4ce-a45da52f2a40" version="01.01.000" uri="../sources/a97a0155-0234-4b87-b4ce-a45da52f2a40_01.01.000.xml">
                <common:shortDescription xml:lang="en">ILCD format</common:shortDescription>
            </common:referenceToDataSetFormat>
        </u:dataEntryBy>
        <u:publicationAndOwnership>
            <common:dataSetVersion>00.00.002</common:dataSetVersion>
            <common:permanentDataSetURI>http://openlca.org/ilcd/resource/unitgroups/93a60a57-a3c8-16da-a746-0800200c9a66</common:permanentDataSetURI>
        </u:publicationAndOwnership>
    </u:administrativeInformation>
    <u:units>
        <u:unit xmlns:olca="http://openlca.org/ilcd-extensions" dataSetInternalID="0" olca:unitId="e9773595-284e-46dd-9671-5fc9ff406833">
            <u:name>kBq</u:name>
            <u:meanValue>1.0</u:meanValue>
            <u:generalComment xml:lang="en">Kilo-Bequerel, 1000 events per second</u:generalComment>
        </u:unit>
        <u:unit xmlns:olca="http://openlca.org/ilcd-extensions" dataSetInternalID="1" olca:unitId="ac324d87-9961-463a-81a1-099bb0f7d89b">
            <u:name>Bq</u:name>
            <u:meanValue>0.001</u:meanValue>
            <u:generalComment xml:lang="en">Bequerel, 1 event per second</u:generalComment>
        </u:unit>
        <u:unit xmlns:olca="http://openlca.org/ilcd-extensions" dataSetInternalID="2" olca:unitId="a45722ee-fc30-4bb1-aa95-5c8fb56c6bfb">
            <u:name>Rutherford</u:name>
            <u:meanValue>1000.0</u:meanValue>
            <u:generalComment xml:lang="en">Rutherford</u:generalComment>
        </u:unit>
        <u:unit xmlns:olca="http://openlca.org/ilcd-extensions" dataSetInternalID="3" olca:unitId="a9736781-d59e-43dc-8584-147b50595c1c">
            <u:name>µBq</u:name>
            <u:meanValue>1.0E-9</u:meanValue>
            <u:generalComment xml:lang="en">microBequerel</u:generalComment>
        </u:unit>
        <u:unit xmlns:olca="http://openlca.org/ilcd-extensions" dataSetInternalID="4" olca:unitId="df1ceca8-2d2a-46fa-91c1-24e5dd0f248f">
            <u:name>nBq</u:name>
            <u:meanValue>1.0E-12</u:meanValue>
            <u:generalComment xml:lang="en">nanoBequerel</u:generalComment>
        </u:unit>
        <u:unit xmlns:olca="http://openlca.org/ilcd-extensions" dataSetInternalID="5" olca:unitId="e2987dad-3b7e-451e-82df-fe91756e752a">
            <u:name>mBq</u:name>
            <u:meanValue>1.0E-6</u:meanValue>
            <u:generalComment xml:lang="en">miliBequerel</u:generalComment>
        </u:unit>
        <u:unit xmlns:olca="http://openlca.org/ilcd-extensions" dataSetInternalID="6" olca:unitId="ef6d9358-a156-4c73-b678-320ddee7d2eb">
            <u:name>Ci</u:name>
            <u:meanValue>3.7E7</u:meanValue>
            <u:generalComment xml:lang="en">Curie</u:generalComment>
        </u:unit>
    </u:units>
</u:unitGroupDataSet>
