<?xml version="1.0" encoding="UTF-8" standalone="yes"?>
<u:unitGroupDataSet xmlns:m="http://lca.jrc.it/ILCD/LCIAMethod" xmlns:common="http://lca.jrc.it/ILCD/Common" xmlns:s="http://lca.jrc.it/ILCD/Source" xmlns:c="http://lca.jrc.it/ILCD/Contact" xmlns:f="http://lca.jrc.it/ILCD/Flow" xmlns="http://lca.jrc.it/ILCD/Process" xmlns:fp="http://lca.jrc.it/ILCD/FlowProperty" xmlns:u="http://lca.jrc.it/ILCD/UnitGroup" version="1.1">
    <u:unitGroupInformation>
        <u:dataSetInformation>
            <common:UUID>93a60a57-a3c8-12da-a746-0800200c9a66</common:UUID>
            <common:name xml:lang="en">Units of volume</common:name>
            <u:classificationInformation>
                <common:classification>
                    <common:class level="0" classId="00d44049-4768-313c-b2a5-c2d545f8e0ec">Technical unit groups</common:class>
                </common:classification>
            </u:classificationInformation>
        </u:dataSetInformation>
        <u:quantitativeReference>
            <u:referenceToReferenceUnit>0</u:referenceToReferenceUnit>
        </u:quantitativeReference>
    </u:unitGroupInformation>
    <u:administrativeInformation>
        <u:dataEntryBy>
            <common:timeStamp>2018-10-05T17:20:46.271-06:00</common:timeStamp>
            <common:referenceToDataSetFormat type="source data set" refObjectId="a97a0155-0234-4b87-b4ce-a45da52f2a40" version="01.01.000" uri="../sources/a97a0155-0234-4b87-b4ce-a45da52f2a40_01.01.000.xml">
                <common:shortDescription xml:lang="en">ILCD format</common:shortDescription>
            </common:referenceToDataSetFormat>
        </u:dataEntryBy>
        <u:publicationAndOwnership>
            <common:dataSetVersion>00.00.003</common:dataSetVersion>
            <common:permanentDataSetURI>http://openlca.org/ilcd/resource/unitgroups/93a60a57-a3c8-12da-a746-0800200c9a66</common:permanentDataSetURI>
        </u:publicationAndOwnership>
    </u:administrativeInformation>
    <u:units>
        <u:unit xmlns:olca="http://openlca.org/ilcd-extensions" dataSetInternalID="1" olca:unitId="6a7531d3-3b83-4dda-8b18-4e3528491f9e">
            <u:name>in3</u:name>
            <u:meanValue>1.64E-5</u:meanValue>
            <u:generalComment xml:lang="en">Cubic inches</u:generalComment>
        </u:unit>
        <u:unit xmlns:olca="http://openlca.org/ilcd-extensions" dataSetInternalID="2" olca:unitId="806c64aa-8609-4ff6-a033-6714a3348f24">
            <u:name>fl oz (Imp)</u:name>
            <u:meanValue>2.84E-5</u:meanValue>
            <u:generalComment xml:lang="en">Fluid ounce (Imperial)</u:generalComment>
        </u:unit>
        <u:unit xmlns:olca="http://openlca.org/ilcd-extensions" dataSetInternalID="3" olca:unitId="626c92d5-dcc2-40d4-b28b-4a4f82123740">
            <u:name>dl</u:name>
            <u:meanValue>1.0E-4</u:meanValue>
            <u:generalComment xml:lang="en">Decilitre</u:generalComment>
        </u:unit>
        <u:unit xmlns:olca="http://openlca.org/ilcd-extensions" dataSetInternalID="4" olca:unitId="df6987d7-afcc-4c92-ae2c-3ce3bc6f5578">
            <u:name>ul</u:name>
            <u:meanValue>1.0E-9</u:meanValue>
            <u:generalComment xml:lang="en">Microlitre</u:generalComment>
        </u:unit>
        <u:unit xmlns:olca="http://openlca.org/ilcd-extensions" dataSetInternalID="5" olca:unitId="505845e0-3f71-46d4-acfa-8c4ed8d3c305">
            <u:name>mm3</u:name>
            <u:meanValue>1.0E-9</u:meanValue>
            <u:generalComment xml:lang="en">Cubic millimetres</u:generalComment>
        </u:unit>
        <u:unit xmlns:olca="http://openlca.org/ilcd-extensions" dataSetInternalID="6" olca:unitId="1c4169d1-4fee-40e3-9868-953ee15e26ae">
            <u:name>bl (US dry)</u:name>
            <u:meanValue>0.11</u:meanValue>
            <u:generalComment xml:lang="en">Barrel (US dry)</u:generalComment>
        </u:unit>
        <u:unit xmlns:olca="http://openlca.org/ilcd-extensions" dataSetInternalID="0" olca:unitId="1c3a9695-398d-4b1f-b07e-a8715b610f70">
            <u:name>m3</u:name>
            <u:meanValue>1.0</u:meanValue>
            <u:generalComment xml:lang="en">Cubic metre</u:generalComment>
        </u:unit>
        <u:unit xmlns:olca="http://openlca.org/ilcd-extensions" dataSetInternalID="7" olca:unitId="4669b8ce-894d-405a-95d1-3211accaa739">
            <u:name>Nm3</u:name>
            <u:meanValue>1.0</u:meanValue>
            <u:generalComment xml:lang="en">Normal cubic metres</u:generalComment>
        </u:unit>
        <u:unit xmlns:olca="http://openlca.org/ilcd-extensions" dataSetInternalID="8" olca:unitId="ac4057f9-ec4a-4b31-9d3b-ff96969e50ff">
            <u:name>cl</u:name>
            <u:meanValue>1.0E-5</u:meanValue>
            <u:generalComment xml:lang="en">Centilitre</u:generalComment>
        </u:unit>
        <u:unit xmlns:olca="http://openlca.org/ilcd-extensions" dataSetInternalID="9" olca:unitId="c026770b-5b4f-467d-8fdb-15dfb8e52913">
            <u:name>pt (Imp)</u:name>
            <u:meanValue>5.68E-4</u:meanValue>
            <u:generalComment xml:lang="en">Pint (Imperial)</u:generalComment>
        </u:unit>
        <u:unit xmlns:olca="http://openlca.org/ilcd-extensions" dataSetInternalID="10" olca:unitId="2df86f1f-293e-4e07-9cde-34eebc6d2c5f">
            <u:name>pt (US fl)</u:name>
            <u:meanValue>4.73E-4</u:meanValue>
            <u:generalComment xml:lang="en">Pint (US fluid)</u:generalComment>
        </u:unit>
        <u:unit xmlns:olca="http://openlca.org/ilcd-extensions" dataSetInternalID="11" olca:unitId="b80a512e-e402-4363-8ad0-7d02dcf4a459">
            <u:name>l</u:name>
            <u:meanValue>0.001</u:meanValue>
            <u:generalComment xml:lang="en">Litre</u:generalComment>
        </u:unit>
        <u:unit xmlns:olca="http://openlca.org/ilcd-extensions" dataSetInternalID="12" olca:unitId="a681e9e5-6304-45f0-a5f4-df413eee0724">
            <u:name>bl (US beer)</u:name>
            <u:meanValue>0.11</u:meanValue>
            <u:generalComment xml:lang="en">Barrel (US beer)</u:generalComment>
        </u:unit>
        <u:unit xmlns:olca="http://openlca.org/ilcd-extensions" dataSetInternalID="13" olca:unitId="c8c72661-a592-43ee-917b-1626c84d60f6">
            <u:name>gal</u:name>
            <u:meanValue>0.00379</u:meanValue>
        </u:unit>
        <u:unit xmlns:olca="http://openlca.org/ilcd-extensions" dataSetInternalID="14" olca:unitId="e24e5e7b-6c5c-4847-969d-7772ed5df017">
            <u:name>hl</u:name>
            <u:meanValue>0.1</u:meanValue>
            <u:generalComment xml:lang="en">Hectolitre</u:generalComment>
        </u:unit>
        <u:unit xmlns:olca="http://openlca.org/ilcd-extensions" dataSetInternalID="15" olca:unitId="fea33583-ae83-4398-b7fb-7f90fd097269">
            <u:name>qt (US liq)</u:name>
            <u:meanValue>9.46353E-4</u:meanValue>
            <u:generalComment xml:lang="en">Quart (US liquid)</u:generalComment>
        </u:unit>
        <u:unit xmlns:olca="http://openlca.org/ilcd-extensions" dataSetInternalID="16" olca:unitId="72ef94e2-bf0c-4e85-a74c-f3b5ed1bd73e">
            <u:name>dr (Fl)</u:name>
            <u:meanValue>3.7E-6</u:meanValue>
            <u:generalComment xml:lang="en">Dram (Fluid)</u:generalComment>
        </u:unit>
        <u:unit xmlns:olca="http://openlca.org/ilcd-extensions" dataSetInternalID="17" olca:unitId="2d895297-8e96-45f1-b256-a6d4ccd4bbc4">
            <u:name>dal</u:name>
            <u:meanValue>0.01</u:meanValue>
            <u:generalComment xml:lang="en">Decalitre</u:generalComment>
        </u:unit>
        <u:unit xmlns:olca="http://openlca.org/ilcd-extensions" dataSetInternalID="18" olca:unitId="8aa31dda-e324-469c-a29d-56476584f5ca">
            <u:name>gal (Imp)</u:name>
            <u:meanValue>0.00455</u:meanValue>
            <u:generalComment xml:lang="en">Gallon (Imperial); used in UK, United Arab Emirates for fuels</u:generalComment>
        </u:unit>
        <u:unit xmlns:olca="http://openlca.org/ilcd-extensions" dataSetInternalID="19" olca:unitId="431df202-da83-4baa-b576-5d17f59f0c8a">
            <u:name>gal (US fl)</u:name>
            <u:meanValue>0.00379</u:meanValue>
            <u:generalComment xml:lang="en">Gallon (US fluid); used in US e.g. for fuel</u:generalComment>
        </u:unit>
        <u:unit xmlns:olca="http://openlca.org/ilcd-extensions" dataSetInternalID="20" olca:unitId="cff8f1bf-bda0-4fc1-b14c-537d8861dcce">
            <u:name>min</u:name>
            <u:meanValue>6.16E-8</u:meanValue>
            <u:generalComment xml:lang="en">Minim</u:generalComment>
        </u:unit>
        <u:unit xmlns:olca="http://openlca.org/ilcd-extensions" dataSetInternalID="21" olca:unitId="62eb6f51-0574-4489-ae1a-1bd806f6c2ac">
            <u:name>gal (US liq)</u:name>
            <u:meanValue>0.00379</u:meanValue>
            <u:generalComment xml:lang="en">Gallon (US liquid)</u:generalComment>
        </u:unit>
        <u:unit xmlns:olca="http://openlca.org/ilcd-extensions" dataSetInternalID="22" olca:unitId="7a1fa6a8-8aa9-458f-9a95-d752461bf38e">
            <u:name>gal</u:name>
            <u:meanValue>0.00378541</u:meanValue>
        </u:unit>
        <u:unit xmlns:olca="http://openlca.org/ilcd-extensions" dataSetInternalID="23" olca:unitId="7642bdc2-cdfa-4cc5-9e12-2255f561842a">
            <u:name>pk</u:name>
            <u:meanValue>0.008809768</u:meanValue>
            <u:generalComment xml:lang="en">Peck</u:generalComment>
        </u:unit>
        <u:unit xmlns:olca="http://openlca.org/ilcd-extensions" dataSetInternalID="24" olca:unitId="078c7a18-a743-491d-87c2-530454661ef1">
            <u:name>gill</u:name>
            <u:meanValue>1.18294E-4</u:meanValue>
            <u:generalComment xml:lang="en">Gill</u:generalComment>
        </u:unit>
        <u:unit xmlns:olca="http://openlca.org/ilcd-extensions" dataSetInternalID="25" olca:unitId="81696a66-6919-4bbb-a3ab-c79b2900de7d">
            <u:name>ml</u:name>
            <u:meanValue>1.0E-6</u:meanValue>
            <u:generalComment xml:lang="en">Millilitre</u:generalComment>
        </u:unit>
        <u:unit xmlns:olca="http://openlca.org/ilcd-extensions" dataSetInternalID="26" olca:unitId="2ea37335-f10b-4fcc-b4a9-0a742d651fa2">
            <u:name>dm3</u:name>
            <u:meanValue>0.001</u:meanValue>
            <u:generalComment xml:lang="en">Cubic decimeter</u:generalComment>
        </u:unit>
        <u:unit xmlns:olca="http://openlca.org/ilcd-extensions" dataSetInternalID="27" olca:unitId="c530708d-be50-4207-b536-23d0857210bf">
            <u:name>gal (US dry)</u:name>
            <u:meanValue>0.0044</u:meanValue>
            <u:generalComment xml:lang="en">Gallon (US dry)</u:generalComment>
        </u:unit>
        <u:unit xmlns:olca="http://openlca.org/ilcd-extensions" dataSetInternalID="28" olca:unitId="46930fb7-8660-42a4-983e-19cf53da740b">
            <u:name>cm3</u:name>
            <u:meanValue>1.0E-6</u:meanValue>
            <u:generalComment xml:lang="en">Cubic centimetres</u:generalComment>
        </u:unit>
        <u:unit xmlns:olca="http://openlca.org/ilcd-extensions" dataSetInternalID="29" olca:unitId="9bc2cfb2-fb43-42e6-9783-6c7479c78cce">
            <u:name>bl (Imp)</u:name>
            <u:meanValue>0.16</u:meanValue>
            <u:generalComment xml:lang="en">Barrel (Imperial)</u:generalComment>
        </u:unit>
        <u:unit xmlns:olca="http://openlca.org/ilcd-extensions" dataSetInternalID="30" olca:unitId="91995a9e-3cb4-4fc9-a93b-8c618ff9b948">
            <u:name>bbl</u:name>
            <u:meanValue>0.15</u:meanValue>
            <u:generalComment xml:lang="en">Barrel (petroleum)</u:generalComment>
        </u:unit>
        <u:unit xmlns:olca="http://openlca.org/ilcd-extensions" dataSetInternalID="31" olca:unitId="a19bcd84-e836-4764-8367-419dac3d2434">
            <u:name>pt (US dry)</u:name>
            <u:meanValue>5.51E-4</u:meanValue>
            <u:generalComment xml:lang="en">Pint (US dry)</u:generalComment>
        </u:unit>
        <u:unit xmlns:olca="http://openlca.org/ilcd-extensions" dataSetInternalID="32" olca:unitId="2d64c7e0-1167-42ec-9988-c441c261a35c">
            <u:name>US fl oz</u:name>
            <u:meanValue>2.96E-5</u:meanValue>
            <u:generalComment xml:lang="en">US customary fluid ounce</u:generalComment>
        </u:unit>
        <u:unit xmlns:olca="http://openlca.org/ilcd-extensions" dataSetInternalID="33" olca:unitId="07973a41-56b3-4e1b-a208-fd75a09fbd4b">
            <u:name>cu ft</u:name>
            <u:meanValue>0.02</u:meanValue>
            <u:generalComment xml:lang="en">Cubic feet</u:generalComment>
        </u:unit>
        <u:unit xmlns:olca="http://openlca.org/ilcd-extensions" dataSetInternalID="34" olca:unitId="08d8bee4-32ca-4cc3-ad33-838377e6517a">
            <u:name>qt (US dry)</u:name>
            <u:meanValue>0.001101221</u:meanValue>
            <u:generalComment xml:lang="en">Quart (US dry)</u:generalComment>
        </u:unit>
        <u:unit xmlns:olca="http://openlca.org/ilcd-extensions" dataSetInternalID="35" olca:unitId="5ec65531-6bb4-4990-a687-44e9ab8f3529">
            <u:name>bsh (US)</u:name>
            <u:meanValue>0.03</u:meanValue>
            <u:generalComment xml:lang="en">US bushel</u:generalComment>
        </u:unit>
        <u:unit xmlns:olca="http://openlca.org/ilcd-extensions" dataSetInternalID="36" olca:unitId="9cd2a2c5-77a2-4b58-b893-b039dfe635ed">
            <u:name>yd3</u:name>
            <u:meanValue>0.76</u:meanValue>
            <u:generalComment xml:lang="en">Cubic yards</u:generalComment>
        </u:unit>
        <u:unit xmlns:olca="http://openlca.org/ilcd-extensions" dataSetInternalID="37" olca:unitId="90888d8d-3d57-497f-a3fa-12aefd2bc774">
            <u:name>bsh (Imp)</u:name>
            <u:meanValue>0.03</u:meanValue>
            <u:generalComment xml:lang="en">Imperial bushel</u:generalComment>
        </u:unit>
        <u:unit xmlns:olca="http://openlca.org/ilcd-extensions" dataSetInternalID="38" olca:unitId="89121cea-0d98-4466-9b0f-e33e448db7ec">
            <u:name>bl (US fl)</u:name>
            <u:meanValue>0.11</u:meanValue>
            <u:generalComment xml:lang="en">Barrel (US non-beer fluid)</u:generalComment>
        </u:unit>
    </u:units>
</u:unitGroupDataSet>
