<?xml version="1.0" encoding="UTF-8" standalone="yes"?>
<ns2:flowDataSet xmlns="http://lca.jrc.it/ILCD/Common" xmlns:ns2="http://lca.jrc.it/ILCD/Flow" xmlns:ns3="http://lca.jrc.it/ILCD/Contact" xmlns:ns4="http://lca.jrc.it/ILCD/FlowProperty" xmlns:ns5="http://lca.jrc.it/ILCD/Process" xmlns:ns6="http://lca.jrc.it/ILCD/Source" xmlns:ns7="http://lca.jrc.it/ILCD/UnitGroup" xmlns:ns8="http://lca.jrc.it/ILCD/Wrapper" version="1.1">
    <ns2:flowInformation>
        <ns2:dataSetInformation>
            <UUID>b8878faf-028f-344c-a89b-de77b46b8617</UUID>
            <ns2:name>
                <ns2:baseName xml:lang="en">Oxygen, in air</ns2:baseName>
            </ns2:name>
            <ns2:classificationInformation>
                <elementaryFlowCategorization>
                    <category level="0" catId="2f314a91-1d04-3440-aec9-0902df494d5d">resource</category>
                    <category level="1" catId="c3687832-0822-312f-bd40-b7f0d6ec582c">unspecified</category>
                </elementaryFlowCategorization>
            </ns2:classificationInformation>
        </ns2:dataSetInformation>
        <ns2:quantitativeReference>
            <ns2:referenceToReferenceFlowProperty>0</ns2:referenceToReferenceFlowProperty>
        </ns2:quantitativeReference>
    </ns2:flowInformation>
    <ns2:modellingAndValidation>
        <ns2:LCIMethod>
            <ns2:typeOfDataSet>Elementary flow</ns2:typeOfDataSet>
        </ns2:LCIMethod>
    </ns2:modellingAndValidation>
    <ns2:administrativeInformation>
        <ns2:dataEntryBy>
            <referenceToDataSetFormat type="source data set" refObjectId="a97a0155-0234-4b87-b4ce-a45da52f2a40" version="01.01.000" uri="../sources/a97a0155-0234-4b87-b4ce-a45da52f2a40_01.01.000.xml">
                <shortDescription xml:lang="en">ILCD format</shortDescription>
            </referenceToDataSetFormat>
        </ns2:dataEntryBy>
        <ns2:publicationAndOwnership>
            <dataSetVersion>00.00.000</dataSetVersion>
            <permanentDataSetURI>http://openlca.org/ilcd/resource/flows/b8878faf-028f-344c-a89b-de77b46b8617</permanentDataSetURI>
        </ns2:publicationAndOwnership>
    </ns2:administrativeInformation>
    <ns2:flowProperties>
        <ns2:flowProperty dataSetInternalID="0">
            <ns2:referenceToFlowPropertyDataSet type="flow property data set" refObjectId="93a60a56-a3c8-11da-a746-0800200b9a66" version="01.00.000" uri="../flowproperties/93a60a56-a3c8-11da-a746-0800200b9a66">
                <shortDescription xml:lang="en">Mass</shortDescription>
            </ns2:referenceToFlowPropertyDataSet>
            <ns2:meanValue>1.0</ns2:meanValue>
        </ns2:flowProperty>
    </ns2:flowProperties>
</ns2:flowDataSet>
