<?xml version="1.0" encoding="UTF-8" standalone="yes"?>
<ns2:flowDataSet xmlns="http://lca.jrc.it/ILCD/Common" xmlns:ns2="http://lca.jrc.it/ILCD/Flow" xmlns:ns3="http://lca.jrc.it/ILCD/Contact" xmlns:ns4="http://lca.jrc.it/ILCD/FlowProperty" xmlns:ns5="http://lca.jrc.it/ILCD/Process" xmlns:ns6="http://lca.jrc.it/ILCD/Source" xmlns:ns7="http://lca.jrc.it/ILCD/UnitGroup" xmlns:ns8="http://lca.jrc.it/ILCD/Wrapper" version="1.1">
    <ns2:flowInformation>
        <ns2:dataSetInformation>
            <UUID>c2cc68fe-1754-3468-a973-51c2f5c82fcd</UUID>
            <ns2:name>
                <ns2:baseName xml:lang="en">Transport, barge, residual fuel oil powered</ns2:baseName>
            </ns2:name>
            <ns2:classificationInformation>
                <classification>
                    <class level="0" classId="3323c80d-6377-3c4a-bdc7-902273572231">Water Transportation</class>
                    <class level="1" classId="dc8c7562-097c-34e8-953c-00ee723d5181">Inland Water Freight Transportation</class>
                </classification>
            </ns2:classificationInformation>
        </ns2:dataSetInformation>
        <ns2:quantitativeReference>
            <ns2:referenceToReferenceFlowProperty>0</ns2:referenceToReferenceFlowProperty>
        </ns2:quantitativeReference>
        <ns2:geography>
            <ns2:locationOfSupply xml:lang="en">RNA</ns2:locationOfSupply>
        </ns2:geography>
    </ns2:flowInformation>
    <ns2:modellingAndValidation>
        <ns2:LCIMethod>
            <ns2:typeOfDataSet>Product flow</ns2:typeOfDataSet>
        </ns2:LCIMethod>
    </ns2:modellingAndValidation>
    <ns2:administrativeInformation>
        <ns2:dataEntryBy>
            <referenceToDataSetFormat type="source data set" refObjectId="a97a0155-0234-4b87-b4ce-a45da52f2a40" version="01.01.000" uri="../sources/a97a0155-0234-4b87-b4ce-a45da52f2a40_01.01.000.xml">
                <shortDescription xml:lang="en">ILCD format</shortDescription>
            </referenceToDataSetFormat>
        </ns2:dataEntryBy>
        <ns2:publicationAndOwnership>
            <dataSetVersion>00.00.000</dataSetVersion>
            <permanentDataSetURI>http://openlca.org/ilcd/resource/flows/c2cc68fe-1754-3468-a973-51c2f5c82fcd</permanentDataSetURI>
        </ns2:publicationAndOwnership>
    </ns2:administrativeInformation>
    <ns2:flowProperties>
        <ns2:flowProperty dataSetInternalID="0">
            <ns2:referenceToFlowPropertyDataSet type="flow property data set" refObjectId="838aaa20-0117-11db-92e3-0800200c9a66" version="01.00.000" uri="../flowproperties/838aaa20-0117-11db-92e3-0800200c9a66">
                <shortDescription xml:lang="en">Goods transport (mass*distance)</shortDescription>
            </ns2:referenceToFlowPropertyDataSet>
            <ns2:meanValue>1.0</ns2:meanValue>
        </ns2:flowProperty>
    </ns2:flowProperties>
</ns2:flowDataSet>
