<?xml version="1.0" encoding="UTF-8" standalone="yes"?>
<ns2:flowDataSet xmlns="http://lca.jrc.it/ILCD/Common" xmlns:ns2="http://lca.jrc.it/ILCD/Flow" xmlns:ns3="http://lca.jrc.it/ILCD/Contact" xmlns:ns4="http://lca.jrc.it/ILCD/FlowProperty" xmlns:ns5="http://lca.jrc.it/ILCD/Process" xmlns:ns6="http://lca.jrc.it/ILCD/Source" xmlns:ns7="http://lca.jrc.it/ILCD/UnitGroup" xmlns:ns8="http://lca.jrc.it/ILCD/Wrapper" version="1.1">
    <ns2:flowInformation>
        <ns2:dataSetInformation>
            <UUID>f77da622-e84d-3639-8917-fcf792aaee13</UUID>
            <ns2:name>
                <ns2:baseName xml:lang="en">Liquefied petroleum gas, combusted in industrial boiler</ns2:baseName>
            </ns2:name>
            <ns2:classificationInformation>
                <classification>
                    <class level="0" classId="db3fc5c3-9bb5-3a60-8396-2a0af3564472">Utilities</class>
                    <class level="1" classId="5d5f43e7-a2a2-3659-bd5c-860e02e96628">Steam and Air-Conditioning Supply</class>
                </classification>
            </ns2:classificationInformation>
        </ns2:dataSetInformation>
        <ns2:quantitativeReference>
            <ns2:referenceToReferenceFlowProperty>0</ns2:referenceToReferenceFlowProperty>
        </ns2:quantitativeReference>
        <ns2:geography>
            <ns2:locationOfSupply xml:lang="en">RNA</ns2:locationOfSupply>
        </ns2:geography>
    </ns2:flowInformation>
    <ns2:modellingAndValidation>
        <ns2:LCIMethod>
            <ns2:typeOfDataSet>Product flow</ns2:typeOfDataSet>
        </ns2:LCIMethod>
    </ns2:modellingAndValidation>
    <ns2:administrativeInformation>
        <ns2:dataEntryBy>
            <referenceToDataSetFormat type="source data set" refObjectId="a97a0155-0234-4b87-b4ce-a45da52f2a40" version="01.01.000" uri="../sources/a97a0155-0234-4b87-b4ce-a45da52f2a40_01.01.000.xml">
                <shortDescription xml:lang="en">ILCD format</shortDescription>
            </referenceToDataSetFormat>
        </ns2:dataEntryBy>
        <ns2:publicationAndOwnership>
            <dataSetVersion>00.00.000</dataSetVersion>
            <permanentDataSetURI>http://openlca.org/ilcd/resource/flows/f77da622-e84d-3639-8917-fcf792aaee13</permanentDataSetURI>
        </ns2:publicationAndOwnership>
    </ns2:administrativeInformation>
    <ns2:flowProperties>
        <ns2:flowProperty dataSetInternalID="0">
            <ns2:referenceToFlowPropertyDataSet type="flow property data set" refObjectId="93a60a56-a3c8-22da-a746-0800200c9a66" version="01.00.000" uri="../flowproperties/93a60a56-a3c8-22da-a746-0800200c9a66">
                <shortDescription xml:lang="en">Volume</shortDescription>
            </ns2:referenceToFlowPropertyDataSet>
            <ns2:meanValue>1.0</ns2:meanValue>
        </ns2:flowProperty>
    </ns2:flowProperties>
</ns2:flowDataSet>
