{"@type":"Flow","@id":"0f797f27-2207-3571-84cc-0835a943be09","name":"Soda powder, at plant","category":"Technosphere Flows/21: Mining, Quarrying, and Oil and Gas Extraction/2123: Nonmetallic Mineral Mining and Quarrying","version":"00.00.003","lastChange":"2019-09-19T17:20:08.198Z","flowType":"PRODUCT_FLOW","isInfrastructureFlow":false,"location":{"@type":"Location","@id":"b320e7db-c758-3ba6-8839-81eb83c9d7d7","name":"Northern America"},"flowProperties":[{"@type":"FlowPropertyFactor","isRefFlowProperty":true,"flowProperty":{"@type":"FlowProperty","@id":"93a60a56-a3c8-11da-a746-0800200b9a66","name":"Mass","category":"Technical flow properties","refUnit":"kg"},"conversionFactor":1.0}]}