{"@type":"Flow","@id":"2271867b-01fd-3ecb-999a-92b4449b6567","name":"Xenon","description":"From FedElemFlowList_1.0.1. Flow Class: Geological. Not a preferred flow.","category":"Elementary Flows/resource/air","version":"01.00.001","lastChange":"2020-01-13T21:09:46.002Z","flowType":"ELEMENTARY_FLOW","cas":"7440-63-3","formula":"XeX","isInfrastructureFlow":false,"flowProperties":[{"@type":"FlowPropertyFactor","isRefFlowProperty":true,"flowProperty":{"@type":"FlowProperty","@id":"93a60a56-a3c8-11da-a746-0800200b9a66","name":"Mass","category":"Technical flow properties","refUnit":"kg"},"conversionFactor":1.0}]}