{"@type":"Flow","@id":"35962866-662b-3817-a2a7-39375c7e6a3c","name":"Energy, wind","description":"From FedElemFlowList_1.0.1. Flow Class: Energy. Preferred flow.","category":"Elementary Flows/resource/air","version":"01.00.001","lastChange":"2020-01-13T21:09:45.971Z","flowType":"ELEMENTARY_FLOW","isInfrastructureFlow":false,"flowProperties":[{"@type":"FlowPropertyFactor","isRefFlowProperty":true,"flowProperty":{"@type":"FlowProperty","@id":"f6811440-ee37-11de-8a39-0800200c9a66","name":"Energy","category":"Technical flow properties","refUnit":"MJ"},"conversionFactor":1.0}]}