{"@type":"Flow","@id":"360d59b6-0f7a-3b5d-8d61-b6f9e73a4b0a","name":"Wood fuel, sanderdust, at MDF mill","category":"Technosphere Flows/31-33: Manufacturing/3212: Veneer, Plywood, and Engineered Wood Product Manufacturing","version":"00.00.003","lastChange":"2019-09-19T17:38:06.026Z","flowType":"PRODUCT_FLOW","isInfrastructureFlow":false,"location":{"@type":"Location","@id":"b320e7db-c758-3ba6-8839-81eb83c9d7d7","name":"Northern America"},"flowProperties":[{"@type":"FlowPropertyFactor","isRefFlowProperty":true,"flowProperty":{"@type":"FlowProperty","@id":"93a60a56-a3c8-11da-a746-0800200b9a66","name":"Mass","category":"Technical flow properties","refUnit":"kg"},"conversionFactor":1.0}]}