{"@type":"Flow","@id":"36aeec0e-41fd-3e8d-93ed-fa962d7765db","name":"Stannane, trichlorophenyl-","description":"From FedElemFlowList_1.0. Flow Class: Chemicals. Not a preferred flow.","category":"Elementary Flows/emission/water/saline water body/ocean","version":"01.00.000","lastChange":"2019-09-11T14:21:19.523Z","flowType":"ELEMENTARY_FLOW","cas":"1124-19-2","formula":"C6H5Cl3Sn","isInfrastructureFlow":false,"flowProperties":[{"@type":"FlowPropertyFactor","isRefFlowProperty":true,"flowProperty":{"@type":"FlowProperty","@id":"93a60a56-a3c8-11da-a746-0800200b9a66","name":"Mass","category":"Technical flow properties","refUnit":"kg"},"conversionFactor":1.0}]}