{"@type":"Flow","@id":"40909f94-a484-353e-9a4b-4ec6a1fb966f","name":"Sulfur","description":"From FedElemFlowList_1.0.1. Flow Class: Chemicals. Not a preferred flow.","category":"Elementary Flows/emission/water","version":"01.00.001","lastChange":"2020-01-13T21:09:45.797Z","flowType":"ELEMENTARY_FLOW","cas":"7704-34-9","formula":"S","isInfrastructureFlow":false,"flowProperties":[{"@type":"FlowPropertyFactor","isRefFlowProperty":true,"flowProperty":{"@type":"FlowProperty","@id":"93a60a56-a3c8-11da-a746-0800200b9a66","name":"Mass","category":"Technical flow properties","refUnit":"kg"},"conversionFactor":1.0}]}