{"@type":"Flow","@id":"42929598-5cd9-4fac-a79d-fd0ab85a4176","name":"Disposal, hazardous waste, to unspecified hazardous waste landfill","description":"CUTOFF flow","category":"Technosphere Flows/CUTOFF Flows","version":"01.01.005","flowType":"WASTE_FLOW","cas":"NaN","formula":"NaN","isInfrastructureFlow":false,"flowProperties":[{"@type":"FlowPropertyFactor","isRefFlowProperty":true,"flowProperty":{"@type":"FlowProperty","@id":"93a60a56-a3c8-11da-a746-0800200b9a66","name":"Mass","category":"Technical flow properties","refUnit":"kg"},"conversionFactor":1.0}]}