{"@type":"Flow","@id":"46dc4693-2f24-39d2-b69f-dd059737fd5e","name":"Energy, fossil, unspecified","description":"USLCI Curation Update (2020): Flow type changed from elementary to technosphere during FEDEFL mapping; flow name changed from \"Energy, unspecified\" per comment in all consuming processes: \"Energy unspecified reflects \"other fossil\" fuels\"","category":"Technosphere Flows/22: Utilities/2213: Water, Sewage and Other Systems","version":"00.00.008","lastChange":"2020-02-17T21:48:16.451Z","flowType":"PRODUCT_FLOW","isInfrastructureFlow":false,"flowProperties":[{"@type":"FlowPropertyFactor","isRefFlowProperty":true,"flowProperty":{"@type":"FlowProperty","@id":"f6811440-ee37-11de-8a39-0800200c9a66","name":"Energy","category":"Technical flow properties","refUnit":"MJ"},"conversionFactor":1.0}]}