{"@type":"Flow","@id":"4f816627-5cda-37b6-bc78-a6ee1ae4b089","name":"Metals","description":"From FedElemFlowList_1.0.1. Flow Class: Groups. Not a preferred flow.","category":"Elementary Flows/emission/air","version":"01.00.001","lastChange":"2020-01-13T21:09:46.017Z","flowType":"ELEMENTARY_FLOW","cas":"n.a.","formula":"-","isInfrastructureFlow":false,"flowProperties":[{"@type":"FlowPropertyFactor","isRefFlowProperty":true,"flowProperty":{"@type":"FlowProperty","@id":"93a60a56-a3c8-11da-a746-0800200b9a66","name":"Mass","category":"Technical flow properties","refUnit":"kg"},"conversionFactor":1.0}]}