{"@type":"Flow","@id":"4fbbb19a-bc25-3265-b196-04feec6ace45","name":"Cotton, at field","category":"Technosphere Flows/11: Agriculture, Forestry, Fishing and Hunting/1119: Other Crop Farming","version":"00.00.003","lastChange":"2019-09-18T22:58:26.878Z","flowType":"PRODUCT_FLOW","isInfrastructureFlow":false,"location":{"@type":"Location","@id":"b320e7db-c758-3ba6-8839-81eb83c9d7d7","name":"Northern America"},"flowProperties":[{"@type":"FlowPropertyFactor","isRefFlowProperty":true,"flowProperty":{"@type":"FlowProperty","@id":"93a60a56-a3c8-11da-a746-0800200b9a66","name":"Mass","category":"Technical flow properties","refUnit":"kg"},"conversionFactor":1.0}]}