{"@type":"Flow","@id":"73e43f0e-840c-3457-8332-9b3f6134b5ab","name":"Manganese","description":"From FedElemFlowList_1.0.2. Flow Class: Chemicals. Not a preferred flow.","category":"Elementary Flows/emission/water/fresh water body","version":"01.00.002","lastChange":"2020-04-22T05:12:10.410Z","flowType":"ELEMENTARY_FLOW","cas":"7439-96-5","formula":"Mn","isInfrastructureFlow":false,"flowProperties":[{"@type":"FlowPropertyFactor","isRefFlowProperty":true,"flowProperty":{"@type":"FlowProperty","@id":"93a60a56-a3c8-11da-a746-0800200b9a66","name":"Mass","category":"Technical flow properties","refUnit":"kg"},"conversionFactor":1.0}]}