{"@type":"Flow","@id":"8191e38b-421f-4348-a2e0-29303147f2d1","name":"Recycling, solid waste, to recycling or reuse","description":"CUTOFF flow","category":"Technosphere Flows/CUTOFF Flows","version":"01.01.005","flowType":"WASTE_FLOW","cas":"NaN","formula":"NaN","isInfrastructureFlow":false,"flowProperties":[{"@type":"FlowPropertyFactor","isRefFlowProperty":true,"flowProperty":{"@type":"FlowProperty","@id":"93a60a56-a3c8-11da-a746-0800200b9a66","name":"Mass","category":"Technical flow properties","refUnit":"kg"},"conversionFactor":1.0}]}