{"@type":"Flow","@id":"837fe205-9c25-3550-84bc-3f5285f9a25d","name":"1-Octene","description":"From FedElemFlowList_1.0.1.1. Flow Class: Chemicals. Not a preferred flow.","category":"Elementary Flows/emission/air","version":"01.00.001","lastChange":"2020-01-29T14:13:01.688Z","flowType":"ELEMENTARY_FLOW","cas":"111-66-0","formula":"C8H16","isInfrastructureFlow":false,"flowProperties":[{"@type":"FlowPropertyFactor","isRefFlowProperty":true,"flowProperty":{"@type":"FlowProperty","@id":"93a60a56-a3c8-11da-a746-0800200b9a66","name":"Mass","category":"Technical flow properties","refUnit":"kg"},"conversionFactor":1.0}]}