{"@type":"Flow","@id":"8965e130-f065-37a0-9639-e82bf2796b07","name":"Sulfur monoxide","description":"From FedElemFlowList_1.0.1.1. Flow Class: Chemicals. Not a preferred flow.","category":"Elementary Flows/emission/air","version":"01.00.001","lastChange":"2020-02-21T14:11:41.778Z","flowType":"ELEMENTARY_FLOW","cas":"13827-32-2","formula":"OS","isInfrastructureFlow":false,"flowProperties":[{"@type":"FlowPropertyFactor","isRefFlowProperty":true,"flowProperty":{"@type":"FlowProperty","@id":"93a60a56-a3c8-11da-a746-0800200b9a66","name":"Mass","category":"Technical flow properties","refUnit":"kg"},"conversionFactor":1.0}]}