{"@type":"Flow","@id":"8ba7dd57-b502-397b-944a-f63c6615f754","name":"Water, fresh","description":"From FedElemFlowList_1.0. Flow Class: Water. Not a preferred flow.","category":"Elementary Flows/resource/water","version":"01.00.000","lastChange":"2019-09-11T14:22:01.478Z","flowType":"ELEMENTARY_FLOW","cas":"7732203","formula":"H2O","isInfrastructureFlow":false,"flowProperties":[{"@type":"FlowPropertyFactor","isRefFlowProperty":true,"flowProperty":{"@type":"FlowProperty","@id":"93a60a56-a3c8-11da-a746-0800200b9a66","name":"Mass","category":"Technical flow properties","refUnit":"kg"},"conversionFactor":1.0},{"@type":"FlowPropertyFactor","flowProperty":{"@type":"FlowProperty","@id":"93a60a56-a3c8-22da-a746-0800200c9a66","name":"Volume","category":"Technical flow properties","refUnit":"m3"},"conversionFactor":0.001}]}