{"@type":"Flow","@id":"8de77e4c-debd-3e54-ac02-5315c4ca1464","name":"Water","description":"From FedElemFlowList_1.0. Flow Class: Water. Not a preferred flow.","category":"Elementary Flows/emission/air/troposphere/very high","version":"01.00.000","lastChange":"2019-09-11T14:22:01.535Z","flowType":"ELEMENTARY_FLOW","cas":"7732190","formula":"H2O","isInfrastructureFlow":false,"flowProperties":[{"@type":"FlowPropertyFactor","flowProperty":{"@type":"FlowProperty","@id":"93a60a56-a3c8-22da-a746-0800200c9a66","name":"Volume","category":"Technical flow properties","refUnit":"m3"},"conversionFactor":0.001},{"@type":"FlowPropertyFactor","isRefFlowProperty":true,"flowProperty":{"@type":"FlowProperty","@id":"93a60a56-a3c8-11da-a746-0800200b9a66","name":"Mass","category":"Technical flow properties","refUnit":"kg"},"conversionFactor":1.0}]}