{"@type":"Flow","@id":"951c1363-df44-4193-b009-4ccf6aead11b","name":"Disposal, nuclear waste, high active","description":"CUTOFF flow","category":"Technosphere Flows/CUTOFF Flows","version":"00.00.000","lastChange":"2023-03-27T13:32:49.962Z","flowType":"WASTE_FLOW","cas":"","formula":"","isInfrastructureFlow":false,"flowProperties":[{"@type":"FlowPropertyFactor","isRefFlowProperty":true,"flowProperty":{"@type":"FlowProperty","@id":"93a60a56-a3c8-11da-a746-0800200b9a66","name":"Mass","category":"Technical flow properties","refUnit":"kg"},"conversionFactor":1.0}]}