{"@type":"Flow","@id":"9a41d70d-651c-37e2-81b9-d0286f0f6811","name":"Heat; pressing panels; hardwood; at engineered wood flooring plant","category":"Technosphere Flows/31-33: Manufacturing/3212: Veneer, Plywood, and Engineered Wood Product Manufacturing","version":"00.00.005","lastChange":"2019-10-02T05:57:01.410Z","flowType":"PRODUCT_FLOW","isInfrastructureFlow":false,"location":{"@type":"Location","@id":"0b3b97fa-6688-3c56-88ee-4ae80ec0c3c2","name":"United States"},"flowProperties":[{"@type":"FlowPropertyFactor","isRefFlowProperty":true,"flowProperty":{"@type":"FlowProperty","@id":"f6811440-ee37-11de-8a39-0800200c9a66","name":"Energy","category":"Technical flow properties","refUnit":"MJ"},"conversionFactor":1.0}]}