{"@type":"Flow","@id":"9bd92b37-e4d6-30b5-8ba3-203438722e7e","name":"Propanil","description":"From FedElemFlowList_1.0. Flow Class: Chemicals. Not a preferred flow.","category":"Elementary Flows/emission/ground/human-dominated/agricultural","version":"01.00.000","lastChange":"2019-09-11T14:12:22.537Z","flowType":"ELEMENTARY_FLOW","cas":"709-98-8","formula":"C9H9Cl2NO","isInfrastructureFlow":false,"flowProperties":[{"@type":"FlowPropertyFactor","isRefFlowProperty":true,"flowProperty":{"@type":"FlowProperty","@id":"93a60a56-a3c8-11da-a746-0800200b9a66","name":"Mass","category":"Technical flow properties","refUnit":"kg"},"conversionFactor":1.0}]}