{"@type":"Flow","@id":"9d8c4200-5dc8-3515-9c23-31c577722fce","name":"Hogged fuel; hardwood; green; at sawmill","category":"Technosphere Flows/31-33: Manufacturing/3211: Sawmills and Wood Preservation","version":"00.00.005","lastChange":"2019-10-02T05:25:14.971Z","flowType":"PRODUCT_FLOW","isInfrastructureFlow":false,"location":{"@type":"Location","@id":"0b3b97fa-6688-3c56-88ee-4ae80ec0c3c2","name":"United States"},"flowProperties":[{"@type":"FlowPropertyFactor","isRefFlowProperty":true,"flowProperty":{"@type":"FlowProperty","@id":"93a60a56-a3c8-11da-a746-0800200b9a66","name":"Mass","category":"Technical flow properties","refUnit":"kg"},"conversionFactor":1.0}]}