{"@type":"Flow","@id":"ab3e851e-21c9-47cf-8e7d-5f96dfae3ba5","name":"Transformation, from arable, non-irrigated, monotone-intensive","category":"Ecosystem Services","version":"00.00.001","flowType":"PRODUCT_FLOW","formula":"CORINE 211a","isInfrastructureFlow":false,"flowProperties":[{"@type":"FlowPropertyFactor","isRefFlowProperty":true,"flowProperty":{"@type":"FlowProperty","@id":"93a60a56-a3c8-19da-a746-0800200c9a66","name":"Area","category":"Technical flow properties","refUnit":"m2"},"conversionFactor":1.0}]}