{"@type":"Flow","@id":"b415204e-1506-3fc6-8e4b-97f8e64403b8","name":"Chloride","description":"From FedElemFlowList_1.0.1. Flow Class: Chemicals. Not a preferred flow.","category":"Elementary Flows/emission/water","version":"01.00.001","lastChange":"2020-01-13T21:09:45.877Z","flowType":"ELEMENTARY_FLOW","cas":"16887-00-6","formula":"Cl","isInfrastructureFlow":false,"flowProperties":[{"@type":"FlowPropertyFactor","isRefFlowProperty":true,"flowProperty":{"@type":"FlowProperty","@id":"93a60a56-a3c8-11da-a746-0800200b9a66","name":"Mass","category":"Technical flow properties","refUnit":"kg"},"conversionFactor":1.0}]}