{"@type":"Flow","@id":"c26623e6-e085-3189-b848-c5356e220902","name":"Wood fuel; softwood; green","category":"Technosphere Flows/22: Utilities/2213: Water, Sewage and Other Systems","version":"00.00.004","lastChange":"2019-12-20T21:09:27.456Z","flowType":"PRODUCT_FLOW","isInfrastructureFlow":false,"location":{"@type":"Location","@id":"0b3b97fa-6688-3c56-88ee-4ae80ec0c3c2","name":"United States"},"flowProperties":[{"@type":"FlowPropertyFactor","isRefFlowProperty":true,"flowProperty":{"@type":"FlowProperty","@id":"93a60a56-a3c8-11da-a746-0800200b9a66","name":"Mass","category":"Technical flow properties","refUnit":"kg"},"conversionFactor":1.0}]}