{"@type":"Flow","@id":"c2b6a560-8c1d-3aa4-a6a1-06725f9c43a3","name":"Holmium","description":"From FedElemFlowList_1.0.2. Flow Class: Chemicals. Preferred flow.","category":"Elementary Flows/resource/ground/subterranean","version":"01.00.002","lastChange":"2020-04-22T05:12:10.563Z","flowType":"ELEMENTARY_FLOW","cas":"7440-60-0","formula":"Ho","isInfrastructureFlow":false,"flowProperties":[{"@type":"FlowPropertyFactor","isRefFlowProperty":true,"flowProperty":{"@type":"FlowProperty","@id":"93a60a56-a3c8-11da-a746-0800200b9a66","name":"Mass","category":"Technical flow properties","refUnit":"kg"},"conversionFactor":1.0}]}