{"@type":"Flow","@id":"cd2343aa-210e-3d54-87df-c939bc9296b5","name":"Hog fuel, pur., combusted in industrial boiler, at pulp and paper mill (EXCL.)","category":"Technosphere Flows/31-33: Manufacturing/3221: Pulp, Paper, and Paperboard Mills","version":"00.00.003","lastChange":"2019-09-19T17:40:34.081Z","flowType":"PRODUCT_FLOW","isInfrastructureFlow":false,"location":{"@type":"Location","@id":"b320e7db-c758-3ba6-8839-81eb83c9d7d7","name":"Northern America"},"flowProperties":[{"@type":"FlowPropertyFactor","isRefFlowProperty":true,"flowProperty":{"@type":"FlowProperty","@id":"93a60a56-a3c8-11da-a746-0800200b9a66","name":"Mass","category":"Technical flow properties","refUnit":"kg"},"conversionFactor":1.0}]}