{"@type":"Flow","@id":"d20b3f6a-a795-349c-b987-1dfc003f7903","name":"Acenaphthene","description":"From FedElemFlowList_1.0.2. Flow Class: Chemicals. Not a preferred flow.","category":"Elementary Flows/emission/water/fresh water body","version":"01.00.002","lastChange":"2020-04-22T05:12:10.444Z","flowType":"ELEMENTARY_FLOW","cas":"83-32-9","formula":"C12H10","isInfrastructureFlow":false,"flowProperties":[{"@type":"FlowPropertyFactor","isRefFlowProperty":true,"flowProperty":{"@type":"FlowProperty","@id":"93a60a56-a3c8-11da-a746-0800200b9a66","name":"Mass","category":"Technical flow properties","refUnit":"kg"},"conversionFactor":1.0}]}