{"@type":"Flow","@id":"d2792697-9e22-3380-974f-54b92a3549a9","name":"Energy, geothermal","description":"From FedElemFlowList_1.0.1. Flow Class: Energy. Preferred flow.","category":"Elementary Flows/resource/ground","version":"01.00.001","lastChange":"2020-01-13T21:09:45.971Z","flowType":"ELEMENTARY_FLOW","isInfrastructureFlow":false,"flowProperties":[{"@type":"FlowPropertyFactor","isRefFlowProperty":true,"flowProperty":{"@type":"FlowProperty","@id":"f6811440-ee37-11de-8a39-0800200c9a66","name":"Energy","category":"Technical flow properties","refUnit":"MJ"},"conversionFactor":1.0}]}