{"@type":"Flow","@id":"f247b1f6-cf08-33dd-a00f-ffa5da949710","name":"2-[4,6-Bis(difluoromethoxy)pyrimidin-2-ylcarbamoylsulfamoyl]benzoic acid","description":"From FedElemFlowList_1.0.1. Flow Class: Chemicals. Not a preferred flow.","category":"Elementary Flows/emission/ground","version":"01.00.001","lastChange":"2020-01-13T21:09:45.667Z","flowType":"ELEMENTARY_FLOW","cas":"113036-87-6","formula":"C14H10F4N4O7S","isInfrastructureFlow":false,"flowProperties":[{"@type":"FlowPropertyFactor","isRefFlowProperty":true,"flowProperty":{"@type":"FlowProperty","@id":"93a60a56-a3c8-11da-a746-0800200b9a66","name":"Mass","category":"Technical flow properties","refUnit":"kg"},"conversionFactor":1.0}]}