{"@type":"Flow","@id":"f4d494d1-6e82-3f63-a2d5-610f40dc08b4","name":"Phenanthrene","description":"From FedElemFlowList_1.0.1. Flow Class: Chemicals. Not a preferred flow.","category":"Elementary Flows/emission/water","version":"01.00.001","lastChange":"2020-01-13T21:09:45.813Z","flowType":"ELEMENTARY_FLOW","cas":"85-01-8","formula":"C14H10","isInfrastructureFlow":false,"flowProperties":[{"@type":"FlowPropertyFactor","isRefFlowProperty":true,"flowProperty":{"@type":"FlowProperty","@id":"93a60a56-a3c8-11da-a746-0800200b9a66","name":"Mass","category":"Technical flow properties","refUnit":"kg"},"conversionFactor":1.0}]}