{"@type":"Flow","@id":"fd836bd3-8c40-327a-b78b-d0de9fe750e6","name":"Bentazon","description":"From FedElemFlowList_1.0.1. Flow Class: Chemicals. Not a preferred flow.","category":"Elementary Flows/emission/ground","version":"01.00.001","lastChange":"2020-01-13T21:09:45.573Z","flowType":"ELEMENTARY_FLOW","cas":"25057-89-0","formula":"C10H12N2O3S","isInfrastructureFlow":false,"flowProperties":[{"@type":"FlowPropertyFactor","isRefFlowProperty":true,"flowProperty":{"@type":"FlowProperty","@id":"93a60a56-a3c8-11da-a746-0800200b9a66","name":"Mass","category":"Technical flow properties","refUnit":"kg"},"conversionFactor":1.0}]}